Time, sec;Throttle, %;Current, A;Voltage, V;Consumption, Ah;Temperature, C;Power, %;Phase current, A;BEC, V;RPM;Errors
356,8;45,0;2,0;30,1;0,109;28;45,0;0,0;6,0;30845;--
357,0;45,0;2,0;30,1;0,110;28;45,0;0,0;6,0;30680;--
357,3;44,5;2,0;30,1;0,110;28;44,5;0,0;6,0;30600;--
357,5;44,5;2,0;30,1;0,110;28;44,5;0,0;6,0;30640;--
357,7;44,5;1,9;30,1;0,110;28;44,5;0,0;6,0;30630;--
357,9;45,0;2,0;30,1;0,110;28;45,0;0,0;6,0;30665;--
358,1;45,0;1,9;30,1;0,110;28;45,0;0,0;6,0;30625;--
358,3;45,0;1,9;30,1;0,110;28;45,0;0,0;6,0;30660;--
358,6;45,0;1,9;30,1;0,111;28;45,0;0,0;6,0;30845;--
358,8;48,5;2,1;30,1;0,111;28;48,5;0,2;6,0;32835;--
359,0;48,5;2,1;30,1;0,111;28;48,5;0,2;6,0;32910;--
359,2;48,5;2,1;30,1;0,111;28;48,5;0,2;6,0;32890;--
359,4;48,0;2,1;30,1;0,111;28;48,0;0,2;6,0;32835;--
359,7;48,5;2,1;30,1;0,111;28;48,5;0,2;6,0;32850;--
359,9;48,0;2,1;30,1;0,111;28;48,5;0,2;6,0;32860;--
360,1;48,5;2,0;30,1;0,112;28;48,5;0,0;6,0;32880;--
360,3;48,5;2,0;30,1;0,112;28;48,5;0,0;6,0;32850;--
360,5;48,5;2,0;30,1;0,112;28;48,5;0,0;6,0;32850;--
360,7;48,5;2,0;30,1;0,112;28;48,5;0,0;6,0;32920;--
361,0;48,5;2,0;30,1;0,112;28;48,5;0,0;6,0;33045;--
361,2;50,0;2,1;30,1;0,112;28;49,5;0,2;6,0;33825;--
361,4;52,5;2,2;30,1;0,112;28;52,5;0,4;6,0;35575;--
361,6;53,0;2,2;30,1;0,112;28;53,0;0,4;6,0;36070;--
361,8;53,0;2,2;30,1;0,112;28;53,0;0,4;6,0;36125;--
362,1;53,0;2,1;30,1;0,112;28;53,0;0,2;6,0;36150;--
362,3;53,0;2,1;30,1;0,113;28;53,0;0,2;6,0;36110;--
362,5;53,0;2,1;30,1;0,113;28;53,0;0,2;6,0;36110;--
362,7;53,0;2,1;30,1;0,113;28;53,0;0,2;6,0;36090;--
362,9;48,0;1,8;30,1;0,113;28;48,5;0,0;6,0;33190;--
363,2;48,0;1,8;30,1;0,113;28;48,0;0,0;6,0;32625;--
363,4;48,0;2,0;30,1;0,113;28;48,0;0,0;6,0;32610;--
363,6;48,0;2,0;30,1;0,113;28;48,0;0,0;6,0;32580;--
363,8;18,0;0,5;30,3;0,114;28;18,5;0,0;6,0;17380;--
364,0;3,0;0,4;30,3;0,114;28;3,0;0,0;6,0;5585;--
364,2;0,0;0,5;30,3;0,114;28;0,0;0,0;6,0;2375;--
365,4;0,0;0,9;30,3;0,114;28;0,0;0,0;6,0;0;--
367,3;0,0;0,9;30,3;0,115;28;0,0;0,0;6,0;0;--
369,0;0,0;0,8;30,3;0,115;28;0,0;0,0;6,0;0;--
371,2;0,0;0,9;30,3;0,116;28;0,0;0,0;6,0;0;--
372,4;0,0;0,9;30,3;0,116;28;0,0;0,0;6,0;0;--
374,3;0,0;0,8;30,3;0,117;28;0,0;0,0;6,0;0;--
375,4;0,0;0,9;30,3;0,117;28;0,0;0,0;6,0;0;--
376,7;4,5;0,9;30,3;0,117;28;4,5;0,0;6,0;650;--
376,9;15,0;0,6;30,3;0,117;28;12,5;0,0;6,0;7855;--
377,1;15,5;1,1;30,3;0,117;28;15,5;0,0;6,0;11205;--
377,4;0,0;0,9;30,3;0,117;28;0,0;0,0;6,0;4025;--
377,6;0,0;0,9;30,3;0,117;28;0,0;0,0;6,0;2090;--
377,9;3,5;0,8;30,3;0,118;28;3,5;0,0;6,0;1600;--
378,1;12,0;1,0;30,3;0,118;28;11,0;0,0;6,0;4435;--
378,3;14,0;1,2;30,3;0,118;28;14,0;0,0;6,0;10055;--
378,6;19,5;1,4;30,2;0,118;28;19,5;0,0;6,0;13195;--
378,8;20,0;1,5;30,2;0,118;28;20,0;0,0;6,0;14225;--
379,0;20,0;1,4;30,2;0,118;28;20,0;0,0;6,0;14330;--
379,2;20,0;1,3;30,2;0,118;28;20,0;0,0;6,0;14280;--
379,4;20,0;1,4;30,2;0,118;28;20,0;0,0;6,0;14305;--
379,6;20,0;1,4;30,2;0,118;28;20,0;0,0;6,0;14315;--
379,9;20,0;1,4;30,2;0,118;28;20,0;0,0;6,0;14275;--
380,1;20,0;1,4;30,2;0,118;28;20,0;0,0;6,0;14245;--
380,3;20,0;1,4;30,2;0,118;28;20,0;0,0;6,0;14330;--
380,5;20,0;1,3;30,2;0,119;28;20,0;0,0;6,0;14325;--
380,7;20,0;1,4;30,2;0,119;28;20,0;0,0;6,0;14265;--
381,0;20,0;1,4;30,2;0,119;28;20,0;0,0;6,0;14280;--
381,2;20,0;1,4;30,2;0,119;28;20,0;0,0;6,0;14265;--
381,4;20,0;1,5;30,2;0,119;28;20,0;0,0;6,0;14335;--
381,6;20,0;1,5;30,2;0,119;28;20,0;0,0;6,0;14325;--
381,8;20,0;1,4;30,2;0,119;28;20,0;0,0;6,0;14240;--
382,1;20,0;1,3;30,2;0,119;28;20,0;0,0;6,0;14300;--
382,3;20,0;1,3;30,2;0,119;28;20,0;0,0;6,0;14335;--
382,5;20,0;1,3;30,2;0,119;28;20,0;0,0;6,0;14335;--
382,7;20,0;1,3;30,2;0,119;28;20,0;0,0;6,0;14300;--
382,9;20,0;1,4;30,2;0,119;28;20,0;0,0;6,0;14225;--
383,1;20,0;1,4;30,2;0,120;28;20,0;0,0;6,0;14250;--
383,4;20,0;1,4;30,2;0,120;28;20,0;0,0;6,0;14260;--
383,6;20,0;1,4;30,2;0,120;28;20,0;0,0;6,0;14300;--
383,8;20,0;1,3;30,2;0,120;28;20,0;0,0;6,0;14285;--
384,0;20,0;1,3;30,2;0,120;28;20,0;0,0;6,0;14325;--
384,2;20,0;1,3;30,2;0,120;28;20,0;0,0;6,0;14330;--
384,5;20,0;1,4;30,2;0,120;28;20,0;0,0;6,0;14315;--
384,7;20,0;1,4;30,2;0,120;28;20,0;0,0;6,0;14265;--
384,9;20,0;1,4;30,2;0,120;28;20,0;0,0;6,0;14265;--
385,1;20,0;1,4;30,2;0,121;28;20,0;0,0;6,0;14265;--
385,3;20,0;1,3;30,2;0,121;28;20,0;0,0;6,0;14270;--
385,5;20,0;1,2;30,2;0,121;28;20,0;0,0;6,0;14285;--
385,8;20,0;1,3;30,2;0,121;28;20,0;0,0;6,0;14295;--
386,0;20,0;1,3;30,2;0,121;28;20,0;0,0;6,0;14245;--
386,2;20,0;1,4;30,2;0,121;28;20,0;0,0;6,0;14295;--
386,4;20,0;1,3;30,2;0,121;28;20,0;0,0;6,0;14325;--
386,7;20,0;1,4;30,2;0,121;28;20,0;0,0;6,0;14315;--
387,0;20,0;1,4;30,2;0,121;28;20,0;0,0;6,0;14335;--
387,2;20,0;1,3;30,2;0,121;28;20,0;0,0;6,0;14330;--
387,4;20,0;1,2;30,2;0,121;28;20,0;0,0;6,0;14290;--
387,6;20,0;1,3;30,2;0,122;28;20,0;0,0;6,0;14235;--
387,8;20,0;1,3;30,2;0,122;28;20,0;0,0;6,0;14320;--
388,0;20,0;1,3;30,2;0,122;28;20,0;0,0;6,0;14305;--
388,3;20,0;1,2;30,2;0,122;28;20,0;0,0;6,0;14310;--
388,5;20,0;1,3;30,2;0,122;28;20,0;0,0;6,0;14335;--
388,7;20,0;1,4;30,2;0,122;28;20,0;0,0;6,0;14285;--
388,9;20,0;1,3;30,2;0,122;28;20,0;0,0;6,0;14315;--
389,1;20,0;1,3;30,2;0,122;28;20,0;0,0;6,0;14305;--
389,4;20,0;1,3;30,2;0,122;28;20,0;0,0;6,0;14305;--
389,6;20,0;1,2;30,2;0,122;28;20,0;0,0;6,0;14250;--
389,8;20,0;1,3;30,2;0,122;28;20,0;0,0;6,0;14290;--
390,0;20,0;1,4;30,2;0,122;28;20,0;0,0;6,0;14265;--
390,2;20,0;1,2;30,2;0,123;28;20,0;0,0;6,0;14275;--
390,4;20,0;1,2;30,2;0,123;28;20,0;0,0;6,0;14335;--
390,7;20,0;1,2;30,2;0,123;28;20,0;0,0;6,0;14295;--
390,9;20,0;1,3;30,2;0,123;28;20,0;0,0;6,0;14290;--
391,1;20,0;1,3;30,2;0,123;28;20,0;0,0;6,0;14330;--
391,3;20,0;1,2;30,2;0,123;28;20,0;0,0;6,0;14270;--
391,5;20,0;1,2;30,2;0,123;28;20,0;0,0;6,0;14315;--
391,8;20,0;1,2;30,2;0,123;28;20,0;0,0;6,0;14275;--
392,0;20,0;1,2;30,2;0,123;28;20,0;0,0;6,0;14320;--
392,2;20,0;1,3;30,2;0,123;28;20,0;0,0;6,0;14310;--
392,4;20,0;1,2;30,2;0,123;28;20,0;0,0;6,0;14320;--
392,6;20,0;1,2;30,2;0,123;28;20,0;0,0;6,0;14305;--
392,8;20,0;1,3;30,2;0,124;28;20,0;0,0;6,0;14335;--
393,1;20,0;1,2;30,2;0,124;28;20,0;0,0;6,0;14320;--
393,3;20,0;1,2;30,2;0,124;28;20,0;0,0;6,0;14280;--
393,5;20,0;1,3;30,2;0,124;28;20,0;0,0;6,0;14240;--
393,7;20,0;1,3;30,2;0,124;28;20,0;0,0;6,0;14225;--
393,9;20,0;1,2;30,2;0,124;28;20,0;0,0;6,0;14295;--
394,2;20,0;1,3;30,2;0,124;28;20,0;0,0;6,0;14300;--
394,4;20,0;1,3;30,2;0,124;28;20,0;0,0;6,0;14335;--
394,6;20,0;1,3;30,2;0,124;28;20,0;0,0;6,0;14320;--
394,8;20,0;1,3;30,2;0,124;28;20,0;0,0;6,0;14320;--
395,0;20,0;1,3;30,2;0,124;28;20,0;0,0;6,0;14275;--
395,2;20,0;1,3;30,2;0,124;28;20,0;0,0;6,0;14275;--
395,5;20,0;1,3;30,2;0,125;28;20,0;0,0;6,0;14310;--
395,7;20,0;1,3;30,2;0,125;28;20,0;0,0;6,0;14310;--
395,9;20,0;1,5;30,2;0,125;28;20,0;0,0;6,0;14325;--
396,1;20,0;1,4;30,2;0,125;28;20,0;0,0;6,0;14290;--
396,3;20,0;1,4;30,2;0,125;28;20,0;0,0;6,0;14235;--
396,6;20,0;1,4;30,2;0,125;28;20,0;0,0;6,0;14280;--
396,8;20,0;1,4;30,2;0,125;28;20,0;0,0;6,0;14230;--
397,0;20,0;1,4;30,2;0,125;28;20,0;0,0;6,0;14275;--
397,2;20,0;1,3;30,2;0,125;28;20,0;0,0;6,0;14330;--
397,4;20,0;1,3;30,2;0,125;28;20,0;0,0;6,0;14240;--
397,6;20,0;1,4;30,2;0,125;28;20,0;0,0;6,0;14330;--
397,9;20,0;1,3;30,2;0,126;28;20,0;0,0;6,0;14250;--
398,1;20,0;1,3;30,2;0,126;28;20,0;0,0;6,0;14275;--
398,3;20,0;1,3;30,2;0,126;28;20,0;0,0;6,0;14290;--
398,5;20,0;1,3;30,2;0,126;28;20,0;0,0;6,0;14230;--
398,7;20,0;1,3;30,2;0,126;28;20,0;0,0;6,0;14260;--
399,0;20,0;1,4;30,2;0,126;28;20,0;0,0;6,0;14305;--
399,2;20,0;1,3;30,2;0,126;28;20,0;0,0;6,0;14285;--
399,4;20,0;1,3;30,2;0,126;28;20,0;0,0;6,0;14330;--
399,6;20,0;1,3;30,2;0,126;28;20,0;0,0;6,0;14290;--
399,8;0,0;0,9;30,2;0,126;28;0,0;0,0;6,0;6675;--
400,0;0,0;0,6;30,3;0,126;28;0,0;0,0;5,9;4495;--
400,3;0,0;0,5;30,3;0,126;28;0,0;0,0;5,9;2650;--
400,5;0,0;1,0;30,3;0,126;28;0,0;0,0;6,0;0;--
401,6;0,0;0,9;30,3;0,127;28;0,0;0,0;6,0;0;--
402,7;0,0;0,9;30,3;0,127;28;0,0;0,0;6,0;0;--
403,8;0,0;0,8;30,3;0,127;28;0,0;0,0;6,0;0;--
405,0;0,0;0,9;30,3;0,128;28;0,0;0,0;6,0;0;--
406,1;0,0;0,9;30,3;0,128;28;0,0;0,0;6,0;0;--
407,2;0,0;0,8;30,3;0,128;28;0,0;0,0;6,0;0;--
408,3;0,0;0,8;30,3;0,129;28;0,0;0,0;6,0;0;--
409,4;0,0;0,9;30,3;0,129;28;0,0;0,0;6,0;0;--
410,6;0,0;0,9;30,3;0,129;28;0,0;0,0;6,0;0;--
411,7;0,0;0,9;30,3;0,130;28;0,0;0,0;6,0;0;--
412,8;0,0;0,8;30,3;0,130;28;0,0;0,0;6,0;0;--
413,9;0,0;0,9;30,3;0,130;28;0,0;0,0;6,0;0;--
415,0;0,0;0,8;30,3;0,131;28;0,0;0,0;6,0;0;--
416,1;0,0;0,9;30,3;0,131;28;0,0;0,0;6,0;0;--
417,4;0,0;0,8;30,3;0,131;28;0,0;0,0;6,0;0;--
418,5;0,0;0,9;30,3;0,131;28;0,0;0,0;6,0;0;--
419,6;0,0;0,8;30,3;0,132;28;0,0;0,0;6,0;0;--
420,7;0,0;0,9;30,3;0,132;28;0,0;0,0;6,0;0;--
421,8;0,0;0,9;30,3;0,132;28;0,0;0,0;6,0;0;--
423,0;0,0;0,9;30,3;0,133;28;0,0;0,0;6,0;0;--
424,1;0,0;0,9;30,3;0,133;28;0,0;0,0;6,0;0;--
425,0;3,5;0,6;30,3;0,133;28;3,5;0,0;6,0;1130;--
425,2;3,5;0,5;30,3;0,133;28;3,5;0,0;6,0;3260;--
425,4;3,5;0,7;30,3;0,133;28;3,5;0,0;6,0;3300;--
425,6;3,5;0,8;30,3;0,133;28;3,5;0,0;6,0;3310;--
425,9;3,5;0,9;30,3;0,133;28;3,5;0,0;6,0;3290;--
426,1;4,0;0,9;30,3;0,133;28;3,5;0,0;6,0;3270;--
426,5;25,5;1,7;30,2;0,134;28;25,5;0,0;6,0;16940;--
426,7;27,5;1,7;30,2;0,134;28;27,5;0,0;6,0;19125;--
427,0;29,0;1,6;30,2;0,134;28;28,5;0,0;6,0;19330;--
427,2;37,5;2,0;30,2;0,134;28;37,5;0,0;6,0;25620;--
427,4;38,0;1,9;30,2;0,134;28;38,0;0,0;6,0;26065;--
427,6;38,0;1,9;30,2;0,134;28;38,0;0,0;6,0;26070;--
427,8;42,5;2,0;30,1;0,134;28;42,0;0,0;6,0;28560;--
428,0;43,0;1,9;30,1;0,134;28;43,0;0,0;6,0;29550;--
428,3;44,0;1,9;30,1;0,135;28;44,0;0,0;6,0;29990;--
428,5;44,0;1,9;30,2;0,135;28;44,0;0,0;6,0;29990;--
428,7;44,0;2,0;30,2;0,135;28;44,0;0,0;6,0;30075;--
428,9;44,0;1,9;30,2;0,135;28;44,0;0,0;6,0;29995;--
429,1;44,0;1,8;30,2;0,135;28;44,0;0,0;6,0;30000;--
429,4;44,0;1,9;30,1;0,135;28;44,0;0,0;6,0;30000;--
429,6;44,0;1,9;30,1;0,135;28;44,0;0,0;6,0;30010;--
429,8;44,0;2,0;30,1;0,136;28;44,0;0,0;6,0;30010;--
430,0;44,0;1,9;30,1;0,136;28;44,0;0,0;6,0;29990;--
430,2;44,0;1,9;30,1;0,136;28;44,0;0,0;6,0;30000;--
430,4;44,0;1,9;30,1;0,136;28;44,0;0,0;6,0;30020;--
430,7;44,0;1,9;30,1;0,136;28;44,0;0,0;6,0;30015;--
430,9;44,0;1,8;30,1;0,136;28;44,0;0,0;6,0;30005;--
431,1;43,5;1,8;30,1;0,136;28;43,5;0,0;6,0;30015;--
431,3;43,5;1,8;30,1;0,136;28;43,5;0,0;6,0;29865;--
431,5;43,5;1,8;30,1;0,136;28;43,5;0,0;6,0;29705;--
431,8;42,0;1,8;30,1;0,136;28;42,0;0,0;6,0;28975;--
432,0;42,0;1,8;30,1;0,137;28;42,0;0,0;6,0;28775;--
432,2;42,0;1,8;30,1;0,137;28;42,0;0,0;6,0;28740;--
432,4;42,0;1,8;30,1;0,137;28;42,0;0,0;6,0;28755;--
432,6;42,0;1,8;30,1;0,137;28;42,0;0,0;6,0;28765;--
432,8;42,0;1,7;30,1;0,137;28;42,0;0,0;6,0;28750;--
433,1;38,0;1,6;30,2;0,137;28;38,0;0,0;6,0;26310;--
433,3;35,5;1,6;30,2;0,137;28;35,5;0,0;6,0;24910;--
433,5;26,5;1,2;30,2;0,138;28;26,5;0,0;6,0;18840;--
433,7;7,5;0,8;30,2;0,138;28;8,5;0,0;6,0;10125;--
433,9;0,0;0,5;30,2;0,138;28;0,0;0,0;5,9;3480;--
434,2;0,0;0,7;30,3;0,138;28;0,0;0,0;6,0;2100;--
435,3;0,0;0,9;30,3;0,138;28;0,0;0,0;6,0;0;--
436,4;0,0;0,8;30,3;0,138;28;0,0;0,0;6,0;0;--
437,5;0,0;0,9;30,3;0,139;28;0,0;0,0;6,0;0;--
438,6;0,0;0,9;30,3;0,139;28;0,0;0,0;6,0;0;--
439,8;0,0;0,9;30,3;0,139;28;0,0;0,0;6,0;0;--
440,9;0,0;0,8;30,3;0,139;28;0,0;0,0;6,0;0;--
442,0;0,0;0,8;30,3;0,140;28;0,0;0,0;6,0;0;--
443,3;0,0;0,9;30,3;0,140;28;0,0;0,0;6,0;0;--
444,4;0,0;0,8;30,3;0,140;28;0,0;0,0;6,0;0;--
445,5;0,0;0,8;30,3;0,141;28;0,0;0,0;6,0;0;--
446,7;0,0;0,9;30,3;0,141;28;0,0;0,0;6,0;0;--
448,5;0,0;0,9;30,3;0,142;28;0,0;0,0;6,0;0;--
449,6;0,0;0,9;30,3;0,142;28;0,0;0,0;6,0;0;--
450,7;0,0;0,9;30,3;0,142;28;0,0;0,0;6,0;0;--
451,8;0,0;0,9;30,3;0,142;28;0,0;0,0;6,0;0;--
453,0;0,0;0,9;30,3;0,143;28;0,0;0,0;6,0;0;--
455,5;0,0;0,9;30,3;0,144;28;0,0;0,0;6,0;0;--
457,3;0,0;0,8;30,3;0,144;28;0,0;0,0;6,0;0;--
458,4;0,0;0,9;30,3;0,144;28;0,0;0,0;6,0;0;--
459,5;0,0;0,9;30,3;0,145;28;0,0;0,0;6,0;0;--
460,6;0,0;0,9;30,3;0,145;28;0,0;0,0;6,0;0;--
461,8;0,0;0,9;30,3;0,145;28;0,0;0,0;6,0;0;--
463,1;0,0;0,9;30,3;0,146;28;0,0;0,0;6,0;0;--
464,2;0,0;0,9;30,3;0,146;28;0,0;0,0;6,0;0;--
465,3;0,0;0,9;30,3;0,146;28;0,0;0,0;6,0;0;--
466,5;0,0;0,9;30,3;0,147;28;0,0;0,0;6,0;0;--
470,2;0,0;0,9;30,3;0,148;28;0,0;0,0;6,0;0;--
471,3;0,0;0,9;30,3;0,148;28;0,0;0,0;6,0;0;--
472,4;0,0;0,9;30,3;0,148;28;0,0;0,0;6,0;0;--
473,5;0,0;0,9;30,3;0,148;28;0,0;0,0;6,0;0;--
474,6;0,0;0,9;30,3;0,149;28;0,0;0,0;6,0;0;--
477,1;0,0;0,9;30,3;0,150;28;0,0;0,0;6,0;0;--
479,2;0,0;0,8;30,3;0,150;28;0,0;0,0;6,0;0;--
480,3;0,0;0,8;30,3;0,150;28;0,0;0,0;6,0;0;--
481,4;0,0;0,9;30,3;0,151;28;0,0;0,0;6,0;0;--
484,2;0,0;0,9;30,3;0,152;28;0,0;0,0;6,0;0;--
485,3;0,0;0,9;30,3;0,152;28;0,0;0,0;6,0;0;--
486,5;0,0;0,9;30,3;0,152;28;0,0;0,0;6,0;0;--
487,7;0,0;0,9;30,3;0,153;28;0,0;0,0;6,0;0;--
488,8;0,0;0,9;30,3;0,153;28;0,0;0,0;6,0;0;--
489,9;0,0;0,8;30,3;0,153;28;0,0;0,0;6,0;0;--
491,0;0,0;0,9;30,3;0,153;28;0,0;0,0;6,0;0;--
492,1;0,0;0,9;30,3;0,154;28;0,0;0,0;6,0;0;--
493,3;0,0;0,8;30,3;0,154;28;0,0;0,0;6,0;0;--
494,4;0,0;0,8;30,3;0,154;28;0,0;0,0;6,0;0;--
495,5;0,0;0,8;30,3;0,155;28;0,0;0,0;6,0;0;--
496,6;0,0;0,9;30,3;0,155;28;0,0;0,0;6,0;0;--
497,7;0,0;0,8;30,3;0,155;28;0,0;0,0;6,0;0;--
499,3;0,0;0,8;30,3;0,156;28;0,0;0,0;6,0;0;--
500,4;0,0;0,9;30,3;0,156;28;0,0;0,0;6,0;0;--
501,5;0,0;0,9;30,3;0,156;28;0,0;0,0;6,0;0;--
502,6;0,0;0,8;30,3;0,156;28;0,0;0,0;6,0;0;--
503,7;0,0;0,8;30,3;0,157;28;0,0;0,0;6,0;0;--
504,8;0,0;0,9;30,3;0,157;29;0,0;0,0;6,0;0;--
506,0;0,0;0,8;30,3;0,157;29;0,0;0,0;6,0;0;--
507,1;0,0;0,8;30,3;0,158;29;0,0;0,0;6,0;0;--
508,2;0,0;0,8;30,3;0,158;29;0,0;0,0;6,0;0;--
509,3;0,0;0,8;30,3;0,158;29;0,0;0,0;6,0;0;--
510,4;0,0;0,8;30,3;0,159;29;0,0;0,0;6,0;0;--
511,6;0,0;0,8;30,3;0,159;29;0,0;0,0;6,0;0;--
513,9;0,0;0,8;30,3;0,160;29;0,0;0,0;6,0;0;--
515,0;0,0;0,8;30,3;0,160;29;0,0;0,0;6,0;0;--
516,1;0,0;0,8;30,3;0,160;29;0,0;0,0;6,0;0;--
517,9;0,0;0,8;30,3;0,161;29;0,0;0,0;6,0;0;--
521,9;0,0;0,8;30,3;0,162;29;0,0;0,0;6,0;0;--
523,5;0,0;0,9;30,3;0,162;29;0,0;0,0;6,0;0;--
524,6;0,0;0,9;30,3;0,162;29;0,0;0,0;6,0;0;--
525,7;0,0;0,9;30,3;0,162;29;0,0;0,0;6,0;0;--
526,8;0,0;0,8;30,3;0,163;29;0,0;0,0;6,0;0;--
529,2;0,0;0,9;30,3;0,163;29;0,0;0,0;6,0;0;--
530,4;0,0;0,8;30,3;0,164;29;0,0;0,0;6,0;0;--
531,5;0,0;0,8;30,3;0,164;29;0,0;0,0;6,0;0;--
532,6;0,0;0,9;30,3;0,164;29;0,0;0,0;6,0;0;--
533,7;0,0;0,8;30,3;0,165;29;0,0;0,0;6,0;0;--
534,8;0,0;0,9;30,3;0,165;29;0,0;0,0;6,0;0;--
535,9;0,0;0,8;30,3;0,165;29;0,0;0,0;6,0;0;--
537,1;0,0;0,8;30,3;0,166;29;0,0;0,0;6,0;0;--
538,5;0,0;0,9;30,3;0,166;29;0,0;0,0;6,0;0;--
539,6;0,0;0,8;30,3;0,166;29;0,0;0,0;6,0;0;--
540,7;0,0;0,9;30,3;0,166;29;0,0;0,0;6,0;0;--
541,8;0,0;0,9;30,3;0,167;29;0,0;0,0;6,0;0;--
543,0;0,0;0,9;30,3;0,167;29;0,0;0,0;6,0;0;--
544,1;0,0;0,8;30,3;0,167;29;0,0;0,0;6,0;0;--
545,2;0,0;0,8;30,3;0,168;29;0,0;0,0;6,0;0;--
546,3;0,0;0,8;30,3;0,168;29;0,0;0,0;6,0;0;--
547,4;0,0;0,9;30,3;0,168;29;0,0;0,0;6,0;0;--
548,5;0,0;0,8;30,3;0,168;29;0,0;0,0;6,0;0;--
549,7;0,0;0,8;30,3;0,169;29;0,0;0,0;6,0;0;--
552,6;0,0;0,8;30,3;0,170;29;0,0;0,0;6,0;0;--
553,7;0,0;0,8;30,3;0,170;29;0,0;0,0;6,0;0;--
555,7;0,0;0,7;30,3;0,170;29;0,0;0,0;6,0;0;--
556,8;0,0;0,8;30,3;0,171;29;0,0;0,0;6,0;0;--
557,9;0,0;0,8;30,3;0,171;29;0,0;0,0;6,0;0;--
559,2;0,0;0,7;30,3;0,171;29;0,0;0,0;6,0;0;--
560,3;0,0;0,8;30,3;0,171;29;0,0;0,0;6,0;0;--
561,4;0,0;0,8;30,3;0,172;29;0,0;0,0;6,0;0;--
562,8;0,0;0,7;30,3;0,172;29;0,0;0,0;6,0;0;--
563,9;0,0;0,8;30,3;0,172;29;0,0;0,0;6,0;0;--
565,1;0,0;0,8;30,3;0,173;29;0,0;0,0;6,0;0;--
567,5;0,0;0,8;28,6;0,173;29;0,0;0,0;6,0;0;--
RESET;--;SN;160009B5;BL;25;FW;72;RST CODE;OK;--
RESET;--;SN;160009B5;BL;25;FW;72;RST CODE;OK;--
571,5;0,0;0,0;30,2;0,000;28;0,0;0,0;6,0;0; THRTL
572,6;0,0;0,0;30,2;0,000;28;0,0;0,0;6,0;0; THRTL
573,7;0,0;0,0;30,2;0,000;28;0,0;0,0;6,0;0;--
574,8;0,0;0,8;30,3;0,000;28;0,0;0,0;6,0;0;--
575,9;0,0;0,9;30,3;0,000;28;0,0;0,0;6,0;0;--
577,1;0,0;0,8;30,3;0,000;28;0,0;0,0;6,0;0;--
578,2;3,0;0,9;30,3;0,001;28;3,0;0,0;6,0;625;--
578,4;3,0;0,5;30,3;0,001;28;3,0;0,0;6,0;2705;--
578,6;3,0;0,5;30,3;0,001;28;3,0;0,0;6,0;2945;--
578,8;3,0;0,4;30,3;0,001;28;3,0;0,0;6,0;2905;--
579,0;3,0;0,4;30,2;0,001;28;3,0;0,0;6,0;2825;--
579,3;3,0;0,4;30,3;0,001;28;3,0;0,0;6,0;2775;--
579,5;3,0;0,5;30,3;0,001;28;3,0;0,0;6,0;2790;--
579,7;3,0;0,7;30,2;0,001;28;3,0;0,0;6,0;2790;--
579,9;3,5;0,9;30,2;0,001;28;3,5;0,0;6,0;2940;--
580,1;4,0;0,8;30,2;0,001;28;4,0;0,0;6,0;3200;--
580,4;5,5;0,8;30,2;0,001;28;5,5;0,0;6,0;3725;--
580,6;7,5;0,9;30,2;0,001;28;7,5;0,0;6,0;5510;--
580,8;7,5;0,8;30,2;0,001;28;7,5;0,0;6,0;5980;--
581,0;7,5;0,8;30,2;0,001;28;7,5;0,0;6,0;5995;--
581,2;7,5;0,9;30,2;0,001;28;7,5;0,0;6,0;5995;--
581,4;7,5;0,8;30,2;0,001;28;7,5;0,0;6,0;5990;--
581,7;8,0;1,0;30,2;0,001;28;8,0;0,0;6,0;6130;--
581,9;8,0;0,9;30,2;0,001;28;8,0;0,0;6,0;6160;--
582,1;8,5;1,1;30,2;0,001;28;8,5;0,0;6,0;6375;--
582,3;9,0;1,0;30,2;0,002;28;9,0;0,0;6,0;6865;--
582,5;9,0;1,1;30,2;0,002;28;9,0;0,0;6,0;6930;--
582,8;9,0;1,1;30,2;0,002;28;9,0;0,0;6,0;6925;--
583,0;9,0;1,1;30,2;0,002;28;9,0;0,0;6,0;6770;--
583,2;9,0;1,1;30,2;0,002;28;9,0;0,0;6,0;6865;--
583,4;9,0;1,1;30,2;0,002;28;9,0;0,0;6,0;6765;--
583,6;9,0;1,1;30,2;0,002;28;9,0;0,0;6,0;6815;--
583,8;9,0;1,2;30,2;0,002;28;9,0;0,0;6,0;6780;--
584,1;8,5;1,2;30,2;0,002;28;8,5;0,0;6,0;6655;--
584,3;8,5;1,0;30,2;0,002;28;8,5;0,0;6,0;6695;--
584,5;8,5;1,1;30,2;0,002;28;8,5;0,0;6,0;6675;--
584,7;8,5;1,1;30,2;0,002;28;8,5;0,0;6,0;6685;--
584,9;8,5;1,1;30,2;0,003;28;8,5;0,0;6,0;6680;--
585,2;8,5;1,2;30,2;0,003;28;8,5;0,0;6,0;6695;--
585,4;9,0;1,2;30,2;0,003;28;8,5;0,0;6,0;6720;--
585,6;8,5;1,2;30,2;0,003;28;8,5;0,0;6,0;6680;--
585,8;9,0;1,1;30,2;0,003;28;8,5;0,0;6,0;6690;--
586,0;8,5;1,1;30,2;0,003;28;8,5;0,0;6,0;6715;--
586,2;8,5;1,1;30,2;0,003;28;8,5;0,0;6,0;6690;--
586,5;8,5;1,1;30,2;0,003;28;8,5;0,0;6,0;6685;--
586,7;8,5;1,2;30,2;0,003;28;8,5;0,0;6,0;6685;--
586,9;8,5;0,9;30,2;0,003;28;8,5;0,0;6,0;6710;--
587,1;9,0;0,8;30,2;0,003;28;8,5;0,0;6,0;6670;--
587,3;8,5;0,7;30,2;0,003;28;8,5;0,0;6,0;6685;--
587,6;8,5;0,8;30,2;0,003;28;8,5;0,0;6,0;6695;--
587,8;8,5;1,0;30,2;0,003;28;8,5;0,0;6,0;6705;--
588,0;8,5;1,2;30,2;0,004;28;8,5;0,0;6,0;6680;--
588,2;8,5;1,2;30,2;0,004;28;8,5;0,0;6,0;6690;--
588,4;8,5;1,1;30,2;0,004;28;8,5;0,0;6,0;6680;--
588,6;8,5;1,2;30,2;0,004;28;8,5;0,0;6,0;6685;--
588,9;8,5;1,3;30,2;0,004;28;8,5;0,0;6,0;6665;--
589,1;8,5;1,1;30,1;0,004;28;8,5;0,0;6,0;6705;--
589,3;9,0;1,2;30,1;0,004;28;8,5;0,0;6,0;6680;--
589,5;8,5;1,1;30,2;0,004;28;8,5;0,0;6,0;6680;--
589,7;8,5;1,1;30,2;0,004;28;9,0;0,0;6,0;6710;--
590,0;8,5;1,1;30,2;0,004;28;8,5;0,0;6,0;6680;--
590,2;8,5;1,2;30,2;0,004;28;8,5;0,0;6,0;6710;--
590,4;8,5;1,3;30,2;0,004;28;9,0;0,0;6,0;6710;--
590,6;8,5;1,2;30,2;0,004;28;8,5;0,0;6,0;6675;--
590,8;8,5;1,3;30,2;0,004;28;8,5;0,0;6,0;6685;--
591,1;8,5;0,8;30,2;0,004;28;8,5;0,0;6,0;6705;--
591,3;8,5;1,1;30,2;0,005;28;8,5;0,0;6,0;6700;--
591,5;8,5;1,1;30,2;0,005;28;8,5;0,0;6,0;6705;--
591,7;8,5;1,2;30,2;0,005;28;8,5;0,0;6,0;6685;--
591,9;8,5;1,2;30,2;0,005;28;8,5;0,0;6,0;6705;--
592,1;8,5;1,1;30,2;0,005;28;8,5;0,0;6,0;6700;--
592,4;9,0;1,1;30,2;0,005;28;9,0;0,0;6,0;6730;--
592,6;9,5;1,2;30,2;0,005;28;9,5;0,0;6,0;6805;--
592,8;16,5;1,4;30,1;0,005;28;16,5;0,0;6,0;11675;--
593,0;16,5;1,3;30,1;0,005;28;16,5;0,0;6,0;11910;--
593,2;16,5;1,3;30,1;0,005;28;16,5;0,0;6,0;11940;--
593,5;16,5;1,3;30,1;0,005;28;16,5;0,0;6,0;11895;--
593,7;16,5;1,3;30,1;0,006;28;16,5;0,0;6,0;11920;--
593,9;19,5;1,4;30,1;0,006;28;19,5;0,0;6,0;13355;--
594,1;21,0;1,5;30,0;0,006;28;21,0;0,0;6,0;14930;--
594,3;21,5;1,4;30,1;0,006;28;21,5;0,0;6,0;15070;--
594,5;21,5;1,5;30,1;0,006;28;21,5;0,0;6,0;15085;--
594,8;21,5;1,4;30,1;0,006;28;21,5;0,0;6,0;14995;--
595,0;22,0;1,4;30,0;0,006;28;22,0;0,0;6,0;15245;--
595,2;26,5;1,6;30,0;0,006;28;26,5;0,0;6,0;18255;--
595,4;27,0;1,6;30,0;0,006;28;27,0;0,0;6,0;18605;--
595,6;27,0;1,6;30,0;0,006;28;27,0;0,0;6,0;18570;--
595,9;27,0;1,7;30,0;0,006;28;27,0;0,0;6,0;18630;--
596,1;27,0;1,6;30,0;0,006;28;27,0;0,0;6,0;18720;--
596,3;27,5;1,6;30,0;0,007;28;27,5;0,0;6,0;18895;--
596,5;32,0;1,7;29,9;0,007;28;32,0;0,0;6,0;21835;--
596,7;32,0;1,8;29,9;0,007;28;32,0;0,0;6,0;22055;--
596,9;32,0;1,7;29,9;0,007;28;32,0;0,0;6,0;22015;--
597,2;32,0;1,7;29,9;0,007;28;32,0;0,0;6,0;22050;--
597,4;32,0;1,6;29,9;0,007;28;32,0;0,0;6,0;21950;--
597,6;32,0;1,7;29,9;0,007;28;32,0;0,0;6,0;21945;--
597,8;32,0;1,7;29,9;0,008;28;32,0;0,0;6,0;21960;--
598,0;32,0;1,6;29,9;0,008;28;32,0;0,0;6,0;21945;--
598,3;32,0;1,6;29,9;0,008;28;32,0;0,0;6,0;21905;--
598,5;32,0;1,6;29,9;0,008;28;32,0;0,0;6,0;21885;--
598,7;31,5;1,6;29,9;0,008;28;31,5;0,0;6,0;21815;--
598,9;32,0;1,7;29,9;0,008;28;32,0;0,0;6,0;21815;--
599,1;31,5;1,7;29,9;0,008;28;31,5;0,0;6,0;21815;--
599,3;31,5;1,7;29,9;0,008;28;31,5;0,0;6,0;21815;--
599,6;30,0;1,6;30,0;0,008;28;30,0;0,0;6,0;20835;--
599,8;26,5;1,5;30,0;0,009;28;26,5;0,0;6,0;18520;--
600,0;27,0;1,6;30,0;0,009;28;27,0;0,0;6,0;18640;--
600,2;27,0;1,6;30,0;0,009;28;27,0;0,0;6,0;18765;--
600,4;31,0;1,7;29,9;0,009;28;31,0;0,0;6,0;21160;--
600,7;31,0;1,7;29,9;0,009;28;31,0;0,0;6,0;21420;--
600,9;31,0;1,7;29,9;0,009;28;31,5;0,0;6,0;21490;--
601,1;31,5;1,6;29,9;0,009;28;31,5;0,0;6,0;21590;--
601,3;32,0;1,6;29,9;0,009;28;32,0;0,0;6,0;21955;--
601,5;32,5;1,7;29,9;0,009;28;32,5;0,0;6,0;22200;--
601,7;32,5;1,7;29,9;0,009;28;32,5;0,0;6,0;22200;--
602,0;32,5;1,7;29,9;0,010;28;32,5;0,0;6,0;22135;--
602,2;32,5;1,7;29,9;0,010;28;32,5;0,0;6,0;22255;--
602,4;32,5;1,7;29,9;0,010;28;32,5;0,0;6,0;22285;--
602,6;32,5;1,6;29,9;0,010;28;32,5;0,0;6,0;22310;--
602,8;32,5;1,6;29,9;0,010;29;32,5;0,0;6,0;22365;--
603,1;33,0;1,6;29,9;0,010;29;33,0;0,0;6,0;22500;--
603,3;35,5;1,7;29,9;0,010;29;35,0;0,0;6,0;23555;--
603,5;36,5;1,8;29,8;0,010;29;36,5;0,0;6,0;24970;--
603,7;36,5;1,8;29,9;0,010;29;36,5;0,0;6,0;25030;--
603,9;36,5;1,8;29,9;0,011;29;36,5;0,0;6,0;25050;--
604,1;37,0;1,8;29,9;0,011;29;37,0;0,0;6,0;25210;--
604,4;37,0;1,7;29,9;0,011;29;37,0;0,0;6,0;25260;--
604,6;37,5;1,7;29,9;0,011;29;37,5;0,0;6,0;25525;--
604,8;39,5;1,8;29,8;0,011;29;39,5;0,0;6,0;26650;--
605,0;44,5;2,1;29,7;0,011;29;44,5;0,2;6,0;30010;--
605,2;45,0;2,0;29,8;0,011;29;45,0;0,0;6,0;30480;--
605,5;45,0;2,0;29,8;0,011;29;45,0;0,0;6,0;30480;--
605,7;44,5;1,9;29,8;0,011;29;44,5;0,0;6,0;30055;--
605,9;44,0;1,9;29,8;0,012;29;44,0;0,0;6,0;29785;--
606,1;44,0;1,9;29,8;0,012;29;44,0;0,0;6,0;29695;--
606,3;44,0;1,9;29,8;0,012;29;44,0;0,0;6,0;29725;--
606,6;44,0;2,0;29,8;0,012;29;44,0;0,0;6,0;29730;--
606,8;44,0;1,9;29,8;0,012;29;44,0;0,0;6,0;29820;--
607,2;45,0;2,0;29,8;0,012;29;45,0;0,0;6,0;30360;--
607,4;46,5;2,1;29,8;0,012;29;46,5;0,2;6,0;31320;--
607,6;47,5;2,1;29,7;0,013;29;47,5;0,2;6,0;31760;--
607,9;48,0;2,2;29,7;0,013;29;48,0;0,4;6,0;32025;--
608,1;48,0;2,1;29,7;0,013;29;48,0;0,2;6,0;32410;--
608,3;48,0;2,0;29,7;0,013;29;48,0;0,0;6,0;32450;--
608,5;49,5;2,1;29,7;0,013;29;49,5;0,2;6,0;33010;--
608,7;50,0;2,1;29,7;0,013;29;49,5;0,2;6,0;33365;--
609,0;51,0;2,1;29,7;0,013;29;50,5;0,2;6,0;33925;--
609,2;53,0;2,3;29,7;0,014;29;53,0;0,6;6,0;35315;--
609,4;54,0;2,3;29,7;0,014;29;54,0;0,6;6,0;36195;--
609,6;54,5;2,2;29,7;0,014;29;54,5;0,4;6,0;36460;--
609,8;55,5;2,3;29,7;0,014;29;55,5;0,5;6,0;36955;--
610,0;56,0;2,2;29,7;0,014;29;56,0;0,4;6,0;37275;--
610,3;56,0;2,3;29,7;0,014;29;56,0;0,5;6,0;37550;--
610,5;57,0;2,2;29,7;0,014;29;57,0;0,4;6,0;37900;--
610,7;58,5;2,3;29,6;0,015;29;58,5;0,5;6,0;38610;--
610,9;61,0;2,5;29,6;0,015;29;61,0;0,8;6,0;40245;--
611,1;61,5;2,4;29,6;0,015;29;61,5;0,7;6,0;40920;--
611,4;62,5;2,4;29,6;0,015;29;62,5;0,6;6,0;41535;--
611,6;62,5;2,4;29,6;0,015;29;62,5;0,6;6,0;41670;--
611,8;62,5;2,4;29,6;0,015;29;62,5;0,6;6,0;41670;--
612,0;64,5;2,5;29,6;0,015;29;64,5;0,8;6,0;42570;--
612,2;66,5;2,7;29,5;0,016;29;66,5;1,1;6,0;44145;--
612,4;67,0;2,6;29,6;0,016;29;67,0;0,9;6,0;44455;--
612,7;67,0;2,5;29,6;0,016;29;67,0;0,7;6,0;44570;--
612,9;67,5;2,5;29,6;0,016;29;67,5;0,7;6,0;44595;--
613,1;68,5;2,7;29,6;0,016;29;68,5;1,0;6,0;45175;--
613,3;70,0;2,8;29,5;0,017;29;70,0;1,1;6,0;46270;--
613,5;71,0;2,7;29,5;0,017;29;71,0;1,0;6,0;46860;--
613,8;71,5;2,7;29,5;0,017;29;71,5;1,0;6,0;47280;--
614,0;72,0;2,7;29,5;0,017;29;72,0;1,0;6,0;47640;--
614,2;73,5;2,7;29,5;0,017;29;73,5;1,0;6,0;48455;--
614,4;74,0;2,7;29,5;0,017;29;74,0;0,9;6,0;48755;--
614,6;74,5;2,6;29,5;0,017;29;74,5;0,8;6,0;49050;--
614,8;75,0;2,7;29,5;0,018;29;75,0;0,9;6,0;49385;--
615,1;76,0;2,7;29,5;0,018;29;76,0;0,9;6,0;49945;--
615,3;77,0;2,9;29,5;0,018;29;77,0;1,2;6,0;50715;--
615,5;78,5;2,9;29,4;0,018;29;78,5;1,1;6,0;51570;--
615,7;79,5;2,9;29,4;0,019;29;79,5;1,1;6,0;52050;--
615,9;83,5;3,2;29,3;0,019;29;83,5;1,4;6,0;54180;--
616,2;85,0;3,3;29,3;0,019;29;85,0;1,5;6,0;55715;--
616,4;85,5;3,1;29,4;0,019;29;85,5;1,3;6,0;55980;--
616,6;90,0;3,5;29,3;0,019;29;89,5;1,7;6,0;57805;--
616,8;91,0;3,4;29,3;0,020;29;91,0;1,5;6,0;59230;--
617,0;91,0;3,2;29,3;0,020;29;91,0;1,3;6,0;59495;--
617,2;91,5;3,2;29,3;0,020;29;91,5;1,3;6,0;59795;--
617,5;91,5;3,1;29,3;0,020;29;91,5;1,2;6,0;59870;--
617,7;91,5;3,2;29,4;0,020;29;91,5;1,3;6,0;59845;--
617,9;93,5;3,1;29,3;0,021;29;93,0;1,2;6,0;60145;--
618,1;95,0;3,3;29,3;0,021;29;95,0;1,4;6,0;61325;--
618,3;95,5;3,0;29,3;0,021;29;95,5;1,0;6,0;61930;--
618,6;99,5;3,2;29,2;0,021;29;99,5;1,2;6,0;63450;--
618,8;99,5;3,1;29,2;0,022;29;99,5;1,1;6,0;64890;--
619,0;99,5;2,9;29,2;0,022;29;99,5;0,9;6,0;64975;--
619,2;99,5;2,8;29,3;0,022;29;99,5;0,8;6,0;64965;--
619,4;99,5;2,7;29,3;0,022;29;99,5;0,7;6,0;64960;--
619,6;99,5;2,8;29,3;0,022;29;99,5;0,8;6,0;64975;--
619,9;99,5;2,9;29,3;0,023;29;99,5;0,9;6,0;64965;--
620,1;99,5;2,8;29,3;0,023;29;99,5;0,8;6,0;64955;--
620,3;99,5;2,8;29,3;0,023;29;99,5;0,8;6,0;64960;--
620,5;99,5;2,8;29,3;0,023;29;99,5;0,8;6,0;64990;--
620,7;99,5;2,9;29,3;0,023;29;99,5;0,9;6,0;64975;--
621,0;99,5;3,0;29,3;0,023;29;99,5;1,0;6,0;64960;--
621,2;99,5;2,9;29,3;0,023;29;99,5;0,9;6,0;64975;--
621,4;99,5;3,0;29,3;0,024;29;99,5;1,0;6,0;64980;--
621,6;99,5;2,8;29,3;0,024;29;99,5;0,8;6,0;64980;--
621,8;99,5;2,8;29,3;0,024;29;99,5;0,8;6,0;64965;--
622,0;99,5;2,7;29,3;0,024;29;99,5;0,7;6,0;64980;--
622,3;99,5;3,0;29,3;0,024;29;99,5;1,0;6,0;64990;--
622,5;99,5;2,8;29,3;0,025;29;99,5;0,8;6,0;64965;--
622,7;89,0;2,4;29,5;0,025;29;90,0;0,4;6,0;61845;--
622,9;88,0;2,0;29,6;0,025;29;88,0;0,0;6,0;57800;--
623,1;83,5;2,2;29,6;0,025;29;83,5;0,2;6,0;54935;--
623,4;83,0;2,6;29,5;0,025;29;83,0;0,7;6,0;54540;--
623,6;83,0;2,9;29,4;0,025;29;83,0;1,1;6,0;54585;--
623,8;94,0;3,5;29,2;0,025;29;92,5;1,6;6,0;57285;--
624,0;100,0;4,2;28,8;0,026;29;99,5;2,2;6,0;64480;--
624,2;100,0;3,3;29,1;0,026;29;99,5;1,3;6,0;64925;--
624,5;100,0;2,9;29,2;0,026;29;99,5;0,9;6,0;64940;--
624,7;100,0;2,8;29,2;0,026;29;99,5;0,8;6,0;64920;--
624,9;100,0;2,8;29,2;0,026;29;99,5;0,8;6,0;64895;--
625,1;100,0;2,9;29,2;0,027;29;99,5;0,9;6,0;64860;--
625,3;100,0;2,9;29,2;0,027;29;99,5;0,9;6,0;64870;--
625,5;100,0;3,0;29,2;0,027;29;99,5;1,0;6,0;64855;--
625,8;100,0;2,9;29,2;0,027;29;99,5;0,9;6,0;64860;--
626,0;100,0;3,2;29,2;0,027;29;99,5;1,2;6,0;64855;--
626,2;100,0;3,0;29,2;0,028;29;99,5;1,0;6,0;64845;--
626,4;100,0;2,9;29,2;0,028;29;99,5;0,9;6,0;64855;--
626,6;100,0;3,1;29,2;0,028;29;99,5;1,1;6,0;64860;--
626,9;100,0;2,9;29,2;0,028;29;99,5;0,9;6,0;64855;--
627,1;100,0;2,9;29,2;0,029;29;99,5;0,9;6,0;64875;--
627,3;100,0;2,8;29,2;0,029;29;99,5;0,8;6,0;64845;--
627,5;100,0;2,8;29,2;0,029;29;99,5;0,8;6,0;64860;--
627,7;100,0;2,9;29,2;0,029;29;99,5;0,9;6,0;64875;--
627,9;100,0;2,8;29,2;0,029;29;99,5;0,8;6,0;64925;--
628,2;100,0;2,8;29,2;0,030;29;99,5;0,8;6,0;64925;--
628,4;100,0;2,8;29,3;0,030;29;99,5;0,8;6,0;64930;--
628,6;100,0;2,8;29,3;0,030;29;99,5;0,8;6,0;64945;--
628,8;100,0;2,8;29,3;0,030;29;99,5;0,8;6,0;64920;--
629,0;100,0;2,7;29,3;0,030;29;99,5;0,7;6,0;64920;--
629,3;94,0;2,7;29,3;0,030;29;97,0;0,7;6,0;64665;--
629,5;83,5;1,5;29,8;0,030;29;83,5;0,0;6,0;56020;--
629,7;75,5;1,6;29,8;0,031;29;76,5;0,0;6,0;51285;--
629,9;66,5;1,5;29,9;0,031;29;67,0;0,0;6,0;45275;--
630,1;59,5;1,5;29,9;0,031;29;60,0;0,0;6,0;39930;--
630,3;59,5;2,0;29,7;0,031;29;59,5;0,0;6,0;39605;--
630,6;53,5;1,8;29,8;0,031;29;53,5;0,0;6,0;36235;--
630,8;48,0;1,7;29,8;0,031;29;48,0;0,0;6,0;32525;--
631,0;44,5;1,7;29,8;0,031;29;44,5;0,0;6,0;30785;--
631,2;34,0;1,3;30,0;0,031;29;34,5;0,0;6,0;24195;--
631,4;26,0;1,2;30,0;0,031;29;26,5;0,0;6,0;19090;--
631,7;13,5;0,9;30,1;0,031;29;14,0;0,0;6,0;10820;--
631,9;4,0;0,9;30,1;0,032;29;5,5;0,0;6,0;7890;--
632,1;0,0;0,7;30,2;0,032;29;0,0;0,0;6,0;2805;--
632,3;0,0;1,0;30,2;0,032;29;0,0;0,0;6,0;0;--
633,4;0,0;0,9;30,2;0,032;29;0,0;0,0;6,0;0;--
RESET;--;SN;160009B5;BL;25;FW;72;RST CODE;OK;--
636,4;0,0;0,7;30,3;0,000;28;0,0;0,0;5,9;0; BEC THRTL
637,6;0,0;0,0;30,2;0,000;28;0,0;0,0;6,0;0; THRTL
639,8;0,0;0,0;30,2;0,000;28;0,0;0,0;6,0;0;--
640,9;0,0;0,9;30,2;0,000;28;0,0;0,0;6,0;0;--
642,0;0,0;0,9;30,2;0,000;28;0,0;0,0;6,0;0;--
643,1;0,0;0,9;30,2;0,000;28;0,0;0,0;6,0;0;--
644,2;0,0;0,9;30,2;0,001;28;0,0;0,0;6,0;0;--
645,4;0,0;0,9;30,3;0,001;28;0,0;0,0;6,0;0;--
646,5;0,0;0,9;30,2;0,001;28;0,0;0,0;6,0;0;--
647,6;0,0;1,0;30,3;0,002;28;0,0;0,0;6,0;0;--
648,7;0,0;0,9;30,3;0,002;28;0,0;0,0;6,0;0;--
649,8;0,0;1,0;30,3;0,002;28;0,0;0,0;6,0;0;--
651,0;0,0;0,9;30,3;0,003;28;0,0;0,0;6,0;0;--
652,1;0,0;1,0;30,2;0,003;28;0,0;0,0;6,0;0;--
653,2;0,0;1,0;30,2;0,003;28;0,0;0,0;6,0;0;--
654,3;0,0;1,0;30,2;0,004;28;0,0;0,0;6,0;0;--
655,9;0,0;0,9;30,2;0,004;28;0,0;0,0;6,0;0;--
657,0;0,0;1,0;30,2;0,005;28;0,0;0,0;6,0;0;--
658,2;0,0;1,0;30,2;0,005;28;0,0;0,0;6,0;0;--
659,3;0,0;1,0;30,2;0,005;28;0,0;0,0;6,0;0;--
661,5;0,0;1,0;30,2;0,006;28;0,0;0,0;6,0;0;--
662,6;0,0;1,0;30,2;0,006;28;0,0;0,0;6,0;0;--
663,8;0,0;1,0;30,2;0,007;28;0,0;0,0;6,0;0;--
665,0;0,0;0,9;30,2;0,007;28;0,0;0,0;6,0;0;--
666,1;0,0;1,0;30,2;0,007;28;0,0;0,0;6,0;0;--
RESET;--;SN;160009B5;BL;25;FW;72;RST CODE;OK;--
RESET;--;SN;160009B5;BL;25;FW;72;RST CODE;OK;--
669,2;0,0;0,8;30,3;0,000;28;0,0;0,0;5,9;0; BEC THRTL
670,3;0,0;0,0;30,3;0,000;28;0,0;0,0;6,0;0; THRTL
672,5;0,0;0,0;30,3;0,000;28;0,0;0,0;6,0;0;--
673,6;0,0;0,8;30,3;0,000;28;0,0;0,0;6,0;0;--
674,3;3,5;0,7;30,3;0,000;28;3,5;0,0;6,0;890;--
674,6;4,0;0,5;30,3;0,000;28;4,0;0,0;6,0;3390;--
674,8;4,0;0,7;30,3;0,000;28;4,0;0,0;6,0;3470;--
675,0;4,0;0,9;30,3;0,000;28;4,0;0,0;6,0;3555;--
675,2;4,0;0,9;30,3;0,000;28;4,0;0,0;6,0;3550;--
675,4;4,5;0,9;30,3;0,000;28;4,5;0,0;6,0;3745;--
675,6;4,5;0,9;30,3;0,000;28;4,5;0,0;6,0;3790;--
675,9;4,5;1,0;30,3;0,000;28;4,5;0,0;6,0;3800;--
676,1;6,5;1,0;30,3;0,000;28;6,0;0,0;6,0;3850;--
676,3;8,0;1,0;30,3;0,000;28;8,0;0,0;6,0;6085;--
676,5;8,0;1,1;30,3;0,000;28;8,0;0,0;6,0;6230;--
676,7;8,0;1,0;30,3;0,001;28;8,0;0,0;6,0;6245;--
677,0;8,0;1,0;30,3;0,001;28;8,0;0,0;6,0;6245;--
677,2;8,0;1,0;30,3;0,001;28;8,0;0,0;6,0;6245;--
677,4;8,0;0,8;30,2;0,001;28;8,0;0,0;6,0;6240;--
677,6;8,0;0,9;30,2;0,001;28;8,0;0,0;6,0;6245;--
677,8;8,0;0,8;30,2;0,001;28;8,0;0,0;6,0;6220;--
678,0;8,0;0,9;30,2;0,001;28;8,0;0,0;6,0;6220;--
678,3;8,0;0,9;30,2;0,001;28;8,0;0,0;6,0;6240;--
678,5;8,0;0,9;30,2;0,001;28;8,0;0,0;6,0;6245;--
678,7;8,0;0,9;30,2;0,001;28;8,0;0,0;6,0;6240;--
678,9;8,0;0,8;30,2;0,001;28;8,0;0,0;6,0;6185;--
679,1;8,0;0,8;30,2;0,001;28;8,0;0,0;6,0;6175;--
679,4;8,0;0,9;30,2;0,001;28;8,0;0,0;6,0;6160;--
679,6;8,0;0,9;30,2;0,001;28;8,0;0,0;6,0;6175;--
679,8;8,0;0,9;30,2;0,001;28;8,0;0,0;6,0;6195;--
680,0;8,0;0,9;30,2;0,001;28;8,0;0,0;6,0;6185;--
680,2;8,0;0,9;30,2;0,002;28;8,0;0,0;6,0;6185;--
680,4;8,0;1,0;30,2;0,002;28;8,0;0,0;6,0;6195;--
680,7;8,0;1,0;30,2;0,002;28;8,0;0,0;6,0;6205;--
680,9;8,0;0,9;30,2;0,002;28;8,0;0,0;6,0;6200;--
681,1;8,0;0,9;30,2;0,002;28;8,0;0,0;6,0;6185;--
681,3;8,0;0,9;30,2;0,002;28;8,0;0,0;6,0;6175;--
681,5;8,0;0,9;30,2;0,002;28;8,0;0,0;6,0;6165;--
681,8;8,0;0,9;30,2;0,002;28;8,0;0,0;6,0;6165;--
682,0;8,0;0,9;30,2;0,002;28;8,0;0,0;6,0;6210;--
682,2;8,0;0,9;30,2;0,002;28;8,0;0,0;6,0;6175;--
682,4;8,0;0,9;30,2;0,002;28;8,0;0,0;6,0;6160;--
682,6;8,0;0,9;30,2;0,002;28;8,0;0,0;6,0;6165;--
682,8;8,0;1,0;30,2;0,002;28;8,0;0,0;6,0;6160;--
683,1;8,0;0,9;30,2;0,002;28;8,0;0,0;6,0;6165;--
683,3;8,0;0,8;30,2;0,002;28;8,0;0,0;6,0;6160;--
683,5;8,0;0,8;30,2;0,002;28;8,0;0,0;6,0;6165;--
683,7;8,0;0,8;30,2;0,002;28;8,0;0,0;6,0;6160;--
683,9;8,0;0,8;30,2;0,003;28;8,0;0,0;6,0;6170;--
684,2;8,0;0,8;30,2;0,003;28;8,0;0,0;6,0;6165;--
684,4;8,0;0,9;30,2;0,003;28;8,0;0,0;6,0;6170;--
684,6;8,0;0,8;30,2;0,003;28;8,0;0,0;6,0;6170;--
684,8;8,0;0,9;30,2;0,003;28;8,0;0,0;6,0;6170;--
685,0;8,0;1,0;30,2;0,003;28;8,0;0,0;6,0;6170;--
685,3;8,0;1,0;30,2;0,003;28;8,0;0,0;6,0;6165;--
685,5;8,0;1,0;30,2;0,003;28;8,0;0,0;6,0;6165;--
685,7;8,0;0,9;30,2;0,003;28;8,0;0,0;6,0;6190;--
685,9;8,0;0,9;30,2;0,003;28;8,0;0,0;6,0;6185;--
686,1;8,0;0,9;30,2;0,003;28;8,0;0,0;6,0;6165;--
686,3;8,0;0,9;30,2;0,003;28;8,0;0,0;6,0;6170;--
686,6;8,0;0,9;30,2;0,003;28;8,0;0,0;6,0;6160;--
686,8;8,0;0,9;30,2;0,003;28;8,0;0,0;6,0;6165;--
687,0;8,0;0,9;30,2;0,003;28;8,0;0,0;6,0;6170;--
687,2;8,0;0,9;30,2;0,003;28;8,0;0,0;6,0;6170;--
687,4;8,0;0,9;30,2;0,004;28;8,0;0,0;6,0;6165;--
687,7;8,0;0,9;30,2;0,004;28;8,0;0,0;6,0;6170;--
687,9;8,0;0,9;30,2;0,004;28;8,0;0,0;6,0;6165;--
688,1;8,0;0,9;30,2;0,004;28;8,0;0,0;6,0;6160;--
688,3;0,0;0,9;30,2;0,004;28;0,0;0,0;6,0;5620;--
688,5;0,0;0,5;30,2;0,004;28;0,0;0,0;5,9;3465;--
688,7;0,0;0,8;30,3;0,004;28;0,0;0,0;6,0;2010;--
689,9;0,0;0,9;30,3;0,004;28;0,0;0,0;6,0;0;--
691,0;0,0;0,8;30,3;0,005;28;0,0;0,0;6,0;0;--
692,1;0,0;0,9;30,3;0,005;28;0,0;0,0;6,0;0;--
693,4;0,0;1,0;30,3;0,005;28;0,0;0,0;6,0;0;--
694,5;0,0;0,9;30,3;0,006;28;0,0;0,0;6,0;0;--
695,7;0,0;1,0;30,3;0,006;28;0,0;0,0;6,0;0;--
696,8;0,0;0,8;30,3;0,006;28;0,0;0,0;6,0;0;--
697,9;0,0;0,9;30,3;0,006;28;0,0;0,0;6,0;0;--
699,0;0,0;0,9;30,3;0,007;28;0,0;0,0;6,0;0;--
700,1;0,0;0,9;30,3;0,007;28;0,0;0,0;6,0;0;--
701,3;0,0;0,9;30,3;0,007;28;0,0;0,0;6,0;0;--
702,4;0,0;0,9;30,3;0,008;28;0,0;0,0;6,0;0;--
703,5;0,0;0,9;30,3;0,008;28;0,0;0,0;6,0;0;--
704,6;0,0;0,9;30,3;0,008;28;0,0;0,0;6,0;0;--
705,7;0,0;0,8;30,3;0,009;28;0,0;0,0;6,0;0;--
706,8;0,0;0,9;30,3;0,009;28;0,0;0,0;6,0;0;--
708,6;0,0;0,9;30,3;0,010;28;0,0;0,0;6,0;0;--
709,7;0,0;0,9;30,3;0,010;28;0,0;0,0;6,0;0;--
710,8;0,0;0,9;30,3;0,010;28;0,0;0,0;6,0;0;--
711,9;0,0;0,9;30,3;0,010;28;0,0;0,0;6,0;0;--
713,0;0,0;0,9;30,3;0,011;28;0,0;0,0;6,0;0;--
714,1;0,0;0,9;30,3;0,011;28;0,0;0,0;6,0;0;--
715,3;0,0;0,8;30,3;0,011;28;0,0;0,0;6,0;0;--
716,4;0,0;0,9;30,3;0,012;28;0,0;0,0;6,0;0;--
717,5;0,0;1,0;30,3;0,012;28;0,0;0,0;6,0;0;--
718,6;0,0;0,9;30,3;0,012;28;0,0;0,0;6,0;0;--
718,8;20,0;1,1;30,2;0,012;28;22,5;0,0;6,0;9365;--
719,1;0,0;0,7;30,3;0,012;28;0,0;0,0;6,0;8495;--
719,3;0,0;0,8;30,3;0,013;28;0,0;0,0;6,0;5850;--
719,5;0,0;0,4;30,3;0,013;28;0,0;0,0;5,9;3665;--
719,7;0,0;0,7;30,3;0,013;28;0,0;0,0;6,0;2190;--
720,8;0,0;0,9;30,3;0,013;28;0,0;0,0;6,0;0;--
722,1;0,0;0,8;30,3;0,013;28;0,0;0,0;6,0;0;--
723,2;0,0;0,9;30,3;0,014;28;0,0;0,0;6,0;0;--
723,6;3,5;0,4;30,3;0,014;28;3,5;0,0;6,0;1960;--
723,8;3,5;0,6;30,3;0,014;28;3,5;0,0;6,0;3185;--
724,0;3,5;0,8;30,3;0,014;28;3,5;0,0;6,0;3020;--
724,2;8,5;1,0;30,2;0,014;28;8,5;0,0;6,0;6280;--
724,5;24,0;1,3;30,2;0,014;28;22,0;0,0;6,0;12205;--
724,7;29,0;1,6;30,2;0,014;28;28,5;0,0;6,0;20000;--
724,9;29,5;1,6;30,2;0,014;28;29,0;0,0;6,0;20020;--
725,1;39,5;2,0;30,1;0,014;28;39,5;0,0;6,0;26660;--
725,3;39,5;1,9;30,1;0,014;28;39,5;0,0;6,0;27070;--
725,6;39,5;1,9;30,1;0,014;28;39,5;0,0;6,0;27070;--
725,8;39,5;1,8;30,1;0,015;28;39,5;0,0;6,0;27040;--
726,0;39,5;1,8;30,1;0,015;28;39,5;0,0;6,0;27055;--
726,2;39,5;1,8;30,1;0,015;28;39,5;0,0;6,0;27130;--
726,4;41,5;1,8;30,1;0,015;28;41,0;0,0;6,0;27650;--
726,6;44,5;2,1;30,1;0,015;28;44,5;0,2;6,0;30420;--
726,9;44,5;2,0;30,1;0,015;28;44,5;0,0;6,0;30550;--
727,1;44,5;1,9;30,1;0,015;28;44,5;0,0;6,0;30455;--
727,3;43,0;1,9;30,1;0,016;28;43,5;0,0;6,0;30080;--
727,5;35,5;1,4;30,2;0,016;28;36,0;0,0;6,0;24970;--
727,7;27,0;1,2;30,2;0,016;28;27,0;0,0;6,0;18915;--
728,0;21,5;1,2;30,2;0,016;28;21,5;0,0;6,0;16965;--
728,2;19,5;1,1;30,2;0,016;28;20,0;0,0;6,0;14165;--
728,4;15,0;1,1;30,2;0,016;28;15,0;0,0;6,0;10985;--
728,6;15,0;1,3;30,2;0,016;28;15,0;0,0;6,0;10920;--
728,8;15,0;1,3;30,2;0,016;28;15,0;0,0;6,0;10915;--
729,0;9,0;1,0;30,2;0,016;28;9,0;0,0;6,0;9680;--
729,3;0,0;0,7;30,2;0,016;29;0,0;0,0;6,0;3680;--
729,5;0,0;0,7;30,2;0,016;29;0,0;0,0;6,0;2195;--
731,7;0,0;0,9;30,3;0,017;28;0,0;0,0;6,0;0;--
732,8;0,0;0,8;30,3;0,017;28;0,0;0,0;6,0;0;--
734,0;0,0;0,9;30,3;0,018;28;0,0;0,0;6,0;0;--
736,0;0,0;0,8;30,3;0,018;28;0,0;0,0;6,0;0;--
737,1;0,0;0,9;30,3;0,018;28;0,0;0,0;6,0;0;--
738,2;0,0;0,8;30,3;0,019;28;0,0;0,0;6,0;0;--
739,3;0,0;0,9;30,3;0,019;28;0,0;0,0;6,0;0;--
740,5;0,0;0,8;30,3;0,019;28;0,0;0,0;6,0;0;--
741,6;0,0;0,9;30,3;0,020;28;0,0;0,0;6,0;0;--
742,7;0,0;0,9;30,3;0,020;28;0,0;0,0;6,0;0;--
744,5;0,0;0,8;30,3;0,020;28;0,0;0,0;6,0;0;--
745,6;0,0;0,9;30,3;0,021;28;0,0;0,0;6,0;0;--
747,1;0,0;0,8;30,3;0,021;28;0,0;0,0;6,0;0;--
748,3;0,0;0,9;30,3;0,021;28;0,0;0,0;6,0;0;--
749,4;0,0;0,9;30,3;0,022;28;0,0;0,0;6,0;0;--
750,7;0,0;1,0;30,3;0,022;28;0,0;0,0;6,0;0;--
751,8;0,0;0,9;30,3;0,022;28;0,0;0,0;6,0;0;--
752,9;0,0;0,9;30,3;0,023;28;0,0;0,0;6,0;0;--
754,1;0,0;0,9;30,3;0,023;28;0,0;0,0;6,0;0;--
755,6;0,0;0,9;30,3;0,024;28;0,0;0,0;6,0;0;--
756,7;0,0;0,9;30,3;0,024;28;0,0;0,0;6,0;0;--
757,8;0,0;0,8;30,3;0,024;28;0,0;0,0;6,0;0;--
758,9;0,0;0,9;30,3;0,024;28;0,0;0,0;6,0;0;--
760,0;0,0;0,9;30,3;0,025;28;0,0;0,0;6,0;0;--
761,2;0,0;1,0;30,3;0,025;28;0,0;0,0;6,0;0;--
762,3;0,0;0,9;30,3;0,025;28;0,0;0,0;6,0;0;--
763,4;0,0;0,9;30,3;0,026;28;0,0;0,0;6,0;0;--
764,7;0,0;0,8;30,3;0,026;28;0,0;0,0;6,0;0;--
765,8;0,0;0,9;30,3;0,026;28;0,0;0,0;6,0;0;--
767,0;0,0;0,9;30,3;0,027;28;0,0;0,0;6,0;0;--
769,5;0,0;0,9;30,3;0,027;29;0,0;0,0;6,0;0;--
770,6;0,0;0,9;30,3;0,028;29;0,0;0,0;6,0;0;--
771,7;0,0;0,9;30,3;0,028;29;0,0;0,0;6,0;0;--
773,1;0,0;0,9;30,3;0,029;29;0,0;0,0;6,0;0;--
774,2;0,0;0,9;30,3;0,029;29;0,0;0,0;6,0;0;--
775,4;0,0;0,9;30,3;0,029;29;0,0;0,0;6,0;0;--
776,7;0,0;0,9;30,3;0,030;29;0,0;0,0;6,0;0;--
780,2;0,0;0,9;30,3;0,031;29;0,0;0,0;6,0;0;--
782,0;0,0;1,0;30,3;0,031;29;0,0;0,0;6,0;0;--
783,1;0,0;0,9;30,3;0,031;29;0,0;0,0;6,0;0;--
784,3;0,0;0,9;30,3;0,032;29;0,0;0,0;6,0;0;--
785,5;0,0;0,8;30,3;0,032;29;0,0;0,0;6,0;0;--
786,6;0,0;0,9;30,3;0,032;29;0,0;0,0;6,0;0;--
787,7;0,0;0,9;30,3;0,033;29;0,0;0,0;6,0;0;--
788,9;0,0;0,8;30,3;0,033;29;0,0;0,0;6,0;0;--
790,0;0,0;0,8;30,3;0,033;29;0,0;0,0;6,0;0;--
791,1;8,0;0,4;30,3;0,033;29;8,0;0,0;6,0;5055;--
791,3;0,0;0,4;30,2;0,034;29;0,0;0,0;6,0;2790;--
791,5;0,0;1,0;30,3;0,034;29;0,0;0,0;6,0;0;--
792,6;0,0;0,9;30,3;0,034;29;0,0;0,0;6,0;0;--
793,7;0,0;1,0;30,3;0,034;29;0,0;0,0;6,0;0;--
794,9;0,0;0,9;30,3;0,035;29;0,0;0,0;6,0;0;--
796,0;0,0;0,9;30,3;0,035;29;0,0;0,0;6,0;0;--
797,1;0,0;0,9;30,3;0,035;29;0,0;0,0;6,0;0;--
798,3;0,0;0,9;30,3;0,036;29;0,0;0,0;6,0;0;--
799,4;0,0;0,8;30,3;0,036;29;0,0;0,0;6,0;0;--
800,6;0,0;0,9;30,3;0,036;29;0,0;0,0;6,0;0;--
801,0;3,5;0,5;30,3;0,036;29;3,5;0,0;6,0;950;--
801,2;3,5;0,5;30,3;0,036;29;3,5;0,0;6,0;3095;--
801,4;3,5;0,6;30,2;0,036;29;3,5;0,0;6,0;3135;--
801,6;3,5;0,8;30,2;0,036;29;3,5;0,0;6,0;3140;--
801,8;3,5;0,8;30,2;0,036;29;3,5;0,0;6,0;3130;--
802,1;3,5;0,8;30,2;0,036;29;3,5;0,0;6,0;3120;--
802,3;3,5;0,8;30,2;0,036;29;3,5;0,0;6,0;3050;--
802,5;3,5;0,8;30,2;0,037;29;3,5;0,0;6,0;3030;--
802,7;3,5;0,8;30,2;0,037;29;3,5;0,0;6,0;3030;--
802,9;3,5;0,8;30,2;0,037;29;3,5;0,0;6,0;3030;--
803,2;3,5;0,9;30,2;0,037;29;3,5;0,0;6,0;2995;--
803,4;3,5;0,8;30,2;0,037;29;3,5;0,0;6,0;3000;--
803,6;3,5;0,7;30,2;0,037;29;3,5;0,0;6,0;3020;--
803,8;3,5;0,6;30,2;0,037;29;3,5;0,0;6,0;3035;--
804,0;3,5;0,7;30,2;0,037;29;3,5;0,0;6,0;3020;--
804,2;3,5;0,8;30,2;0,037;29;3,5;0,0;6,0;3000;--
804,5;3,0;0,7;30,2;0,037;29;3,5;0,0;6,0;3005;--
804,7;3,0;0,8;30,2;0,037;29;3,0;0,0;6,0;2960;--
804,9;3,0;0,7;30,2;0,037;29;3,0;0,0;6,0;2955;--
805,1;3,5;0,7;30,2;0,037;29;3,0;0,0;6,0;2955;--
805,3;3,5;0,8;30,2;0,037;29;3,0;0,0;6,0;2955;--
805,6;3,0;0,6;30,2;0,037;29;3,0;0,0;6,0;2955;--
805,8;3,0;0,6;30,2;0,037;29;3,0;0,0;6,0;2960;--
806,0;3,0;0,6;30,2;0,037;29;3,0;0,0;6,0;2955;--
806,2;3,0;0,7;30,2;0,037;29;3,0;0,0;6,0;2955;--
806,4;3,5;0,7;30,2;0,037;29;3,5;0,0;6,0;2955;--
806,6;3,0;0,7;30,2;0,038;29;3,0;0,0;6,0;2960;--
806,9;3,0;0,7;30,2;0,038;29;3,0;0,0;6,0;2955;--
807,1;3,0;0,7;30,2;0,038;29;3,0;0,0;6,0;2935;--
807,3;3,0;0,8;30,2;0,038;29;3,0;0,0;6,0;2875;--
807,5;3,0;0,8;30,2;0,038;29;3,0;0,0;6,0;2950;--
807,7;3,0;0,7;30,2;0,038;29;3,0;0,0;6,0;2935;--
808,0;3,5;0,7;30,2;0,038;29;3,0;0,0;6,0;2935;--
808,2;3,0;0,7;30,2;0,038;29;3,0;0,0;6,0;2945;--
808,4;3,0;0,8;30,2;0,038;29;3,0;0,0;6,0;2940;--
808,6;3,0;0,7;30,2;0,038;29;3,0;0,0;6,0;2950;--
808,8;3,0;0,7;30,2;0,038;29;3,0;0,0;6,0;2935;--
809,0;3,5;0,7;30,2;0,038;29;3,5;0,0;6,0;2950;--
809,3;3,0;0,7;30,2;0,038;29;3,0;0,0;6,0;2950;--
809,5;3,0;0,7;30,2;0,038;29;3,0;0,0;6,0;2945;--
809,7;3,0;0,8;30,2;0,038;29;3,0;0,0;6,0;2950;--
809,9;3,0;0,9;30,2;0,038;29;3,0;0,0;6,0;2955;--
810,1;3,0;0,9;30,2;0,038;29;3,0;0,0;6,0;2945;--
810,4;3,5;0,8;30,2;0,038;29;3,0;0,0;6,0;2945;--
810,6;3,5;0,8;30,2;0,038;29;3,0;0,0;6,0;2945;--
810,8;3,0;0,8;30,2;0,038;29;3,0;0,0;6,0;2935;--
811,0;3,0;0,7;30,2;0,038;29;3,0;0,0;6,0;2950;--
811,2;3,0;0,8;30,2;0,039;29;3,0;0,0;6,0;2955;--
811,5;3,5;0,8;30,2;0,039;29;3,5;0,0;6,0;2960;--
811,7;3,5;0,8;30,2;0,039;29;3,5;0,0;6,0;2950;--
811,9;3,0;0,8;30,2;0,039;29;3,0;0,0;6,0;2960;--
812,1;3,0;0,8;30,2;0,039;29;3,0;0,0;6,0;2955;--
812,5;3,5;0,9;30,2;0,039;29;3,5;0,0;6,0;2950;--
812,7;3,0;0,8;30,2;0,039;29;3,0;0,0;6,0;2960;--
813,0;3,0;0,8;30,2;0,039;29;3,0;0,0;6,0;2950;--
813,2;3,0;0,7;30,2;0,039;29;3,0;0,0;6,0;2955;--
813,4;3,0;0,7;30,2;0,039;29;3,0;0,0;6,0;2955;--
813,6;3,0;0,7;30,2;0,039;29;3,0;0,0;6,0;2960;--
813,8;3,5;0,7;30,2;0,039;29;3,0;0,0;6,0;2955;--
814,1;3,0;0,7;30,2;0,039;29;3,0;0,0;6,0;2960;--
814,3;3,0;0,7;30,2;0,039;29;3,0;0,0;6,0;2950;--
814,5;3,0;0,7;30,2;0,039;29;3,0;0,0;6,0;2955;--
814,7;3,0;0,7;30,2;0,039;29;3,0;0,0;6,0;2950;--
814,9;3,0;0,9;30,2;0,039;29;3,0;0,0;6,0;2785;--
815,1;3,0;0,8;30,2;0,039;29;3,0;0,0;6,0;2765;--
815,4;0,0;0,7;30,2;0,040;29;0,0;0,0;6,0;2390;--
816,1;4,0;0,4;30,3;0,040;29;4,0;0,0;6,0;2205;--
816,3;3,5;0,7;30,2;0,040;29;3,5;0,0;6,0;3365;--
816,5;3,5;0,7;30,2;0,040;29;3,5;0,0;6,0;3305;--
816,7;3,5;0,7;30,2;0,040;29;3,5;0,0;6,0;3300;--
817,0;3,5;0,9;30,2;0,040;29;3,5;0,0;6,0;3310;--
817,2;3,5;0,9;30,2;0,040;29;3,5;0,0;6,0;3310;--
817,4;3,5;0,9;30,2;0,040;29;3,5;0,0;6,0;3305;--
817,6;3,5;0,9;30,2;0,040;29;3,5;0,0;6,0;3210;--
817,8;3,5;0,8;30,2;0,040;29;3,5;0,0;6,0;3210;--
818,0;3,5;0,8;30,2;0,040;29;3,5;0,0;6,0;3205;--
818,3;3,5;0,8;30,2;0,040;29;3,5;0,0;6,0;3220;--
818,5;3,5;0,8;30,2;0,040;29;3,5;0,0;6,0;3215;--
818,7;3,5;0,7;30,2;0,040;29;3,5;0,0;6,0;3205;--
819,1;3,5;0,7;30,2;0,040;29;3,5;0,0;6,0;3225;--
819,4;3,5;0,7;30,2;0,040;29;3,5;0,0;6,0;3210;--
819,6;3,5;0,6;30,2;0,041;29;3,5;0,0;6,0;3205;--
819,8;3,5;0,7;30,2;0,041;29;3,5;0,0;6,0;3220;--
820,2;3,5;0,7;30,2;0,041;29;3,5;0,0;5,9;3210;--
820,4;3,5;0,6;30,2;0,041;29;3,5;0,0;6,0;3210;--
820,6;3,5;0,7;30,2;0,041;29;3,5;0,0;6,0;3205;--
820,9;3,5;0,7;30,2;0,041;29;3,5;0,0;6,0;3200;--
821,1;3,5;0,7;30,2;0,041;29;3,5;0,0;6,0;3170;--
821,3;3,5;0,7;30,2;0,041;29;3,5;0,0;6,0;3190;--
821,5;3,5;0,7;30,2;0,041;29;3,5;0,0;6,0;3210;--
821,7;3,5;0,7;30,2;0,041;29;3,5;0,0;6,0;3225;--
822,0;3,5;0,6;30,2;0,041;29;3,5;0,0;6,0;3215;--
822,2;3,5;0,7;30,2;0,041;29;3,5;0,0;6,0;3200;--
822,4;3,5;0,7;30,2;0,041;29;3,5;0,0;6,0;3210;--
822,6;3,5;0,7;30,2;0,041;29;3,5;0,0;6,0;3195;--
822,8;3,5;0,7;30,2;0,041;29;3,5;0,0;6,0;3205;--
823,0;3,5;0,7;30,2;0,041;29;3,5;0,0;6,0;3220;--
823,3;3,5;0,6;30,2;0,041;29;3,5;0,0;6,0;3215;--
823,5;3,5;0,6;30,2;0,041;29;3,5;0,0;6,0;3220;--
823,7;3,5;0,6;30,2;0,041;29;3,5;0,0;6,0;3210;--
823,9;3,5;0,7;30,2;0,041;29;3,5;0,0;6,0;3220;--
824,1;3,5;0,8;30,2;0,042;29;3,5;0,0;6,0;3210;--
824,4;3,5;0,8;30,2;0,042;29;3,5;0,0;6,0;3220;--
824,6;3,5;0,7;30,2;0,042;29;3,5;0,0;6,0;3220;--
824,8;3,5;0,8;30,2;0,042;29;3,5;0,0;6,0;3215;--
825,0;3,5;0,7;30,2;0,042;29;3,5;0,0;6,0;3210;--
825,2;3,5;0,8;30,2;0,042;29;3,5;0,0;6,0;3205;--
825,5;3,5;0,7;30,2;0,042;29;3,5;0,0;6,0;3195;--
825,7;3,5;0,8;30,2;0,042;29;3,5;0,0;6,0;3185;--
825,9;3,5;0,8;30,2;0,042;29;3,5;0,0;6,0;3200;--
826,1;3,5;0,8;30,2;0,042;29;3,5;0,0;6,0;3175;--
826,3;3,5;0,8;30,2;0,042;29;3,5;0,0;6,0;3135;--
826,5;3,5;0,8;30,2;0,042;29;3,5;0,0;6,0;3125;--
826,8;3,5;0,8;30,2;0,042;29;3,5;0,0;6,0;3130;--
827,0;3,5;0,8;30,2;0,042;29;3,5;0,0;6,0;3130;--
827,4;3,5;0,8;30,2;0,042;29;3,5;0,0;6,0;3100;--
827,6;3,0;0,7;30,2;0,042;29;3,0;0,0;6,0;3020;--
827,8;3,0;0,7;30,2;0,042;29;3,0;0,0;6,0;2960;--
828,1;3,5;0,7;30,2;0,042;29;3,5;0,0;6,0;2980;--
828,3;3,5;0,7;30,2;0,043;29;3,5;0,0;6,0;2985;--
828,5;3,5;0,7;30,2;0,043;29;3,5;0,0;6,0;3075;--
828,7;8,5;0,7;30,2;0,043;29;8,5;0,0;6,0;3395;--
828,9;9,0;0,8;30,2;0,043;29;9,0;0,0;6,0;6770;--
829,1;14,5;1,0;30,2;0,043;29;14,5;0,0;6,0;9585;--
829,4;15,0;1,0;30,2;0,043;29;15,0;0,0;6,0;11090;--
829,6;8,5;1,0;30,2;0,043;29;10,5;0,0;6,0;10670;--
829,8;4,5;0,6;30,2;0,043;29;0,5;0,0;6,0;5635;--
830,0;17,5;1,0;30,2;0,043;29;17,5;0,0;6,0;12545;--
830,2;26,5;1,5;30,2;0,043;29;26,5;0,0;6,0;18480;--
830,5;27,0;1,5;30,2;0,043;29;27,0;0,0;6,0;18730;--
830,7;27,0;1,5;30,2;0,043;29;27,0;0,0;6,0;18775;--
830,9;27,0;1,4;30,2;0,043;29;27,0;0,0;6,0;18780;--
831,1;27,0;1,4;30,2;0,043;29;27,0;0,0;6,0;18810;--
831,3;37,0;1,9;30,1;0,043;29;37,0;0,0;6,0;24780;--
831,5;36,5;1,7;30,1;0,044;29;36,5;0,0;6,0;25260;--
831,8;3,5;0,5;30,2;0,044;29;3,5;0,0;6,0;6315;--
832,0;0,0;0,4;30,2;0,044;29;0,0;0,0;6,0;2445;--
833,1;0,0;0,9;30,3;0,044;29;0,0;0,0;6,0;0;--
834,2;0,0;0,8;30,3;0,044;29;0,0;0,0;6,0;0;--
835,3;0,0;0,8;30,3;0,045;29;0,0;0,0;6,0;0;--
836,5;0,0;0,9;30,3;0,045;29;0,0;0,0;6,0;0;--
837,6;0,0;0,8;30,3;0,045;29;0,0;0,0;6,0;0;--
838,9;0,0;0,8;30,3;0,046;29;0,0;0,0;6,0;0;--
840,0;0,0;0,8;30,3;0,046;29;0,0;0,0;6,0;0;--
841,1;0,0;0,9;30,3;0,046;29;0,0;0,0;6,0;0;--
842,3;0,0;0,8;30,3;0,046;29;0,0;0,0;6,0;0;--
843,4;0,0;0,8;30,3;0,047;29;0,0;0,0;6,0;0;--
844,5;0,0;0,7;30,3;0,047;29;0,0;0,0;6,0;0;--
845,6;0,0;0,8;30,3;0,047;29;0,0;0,0;6,0;0;--
846,7;0,0;0,7;30,3;0,048;29;0,0;0,0;6,0;0;--
847,8;0,0;0,8;30,3;0,048;29;0,0;0,0;6,0;0;--
849,9;0,0;0,9;30,3;0,048;29;0,0;0,0;6,0;0;--
851,0;0,0;0,7;30,3;0,049;29;0,0;0,0;6,0;0;--
852,1;0,0;0,8;30,3;0,049;29;0,0;0,0;6,0;0;--
853,2;0,0;0,8;30,3;0,049;29;0,0;0,0;6,0;0;--
854,3;0,0;0,8;30,3;0,049;29;0,0;0,0;6,0;0;--
855,5;0,0;0,9;30,3;0,050;29;0,0;0,0;6,0;0;--
856,6;0,0;0,8;30,3;0,050;29;0,0;0,0;6,0;0;--
857,7;0,0;0,9;30,3;0,050;29;0,0;0,0;6,0;0;--
858,8;0,0;0,9;30,3;0,051;29;0,0;0,0;6,0;0;--
859,9;0,0;0,8;30,3;0,051;29;0,0;0,0;6,0;0;--
RESET;--;SN;160009B5;BL;25;FW;72;RST CODE;OK;--
RESET;--;SN;160009B5;BL;25;FW;72;RST CODE;OK;--
RESET;--;SN;160009B5;BL;25;FW;72;RST CODE;OK;--
RESET;--;SN;160009B5;BL;25;FW;72;RST CODE;OK;--
RESET;--;SN;160009B5;BL;25;FW;72;RST CODE;OK;--
RESET;--;SN;160009B5;BL;25;FW;72;RST CODE;OK;--
RESET;--;SN;160009B5;BL;25;FW;72;RST CODE;OK;--
862,8;0,0;0,4;30,2;0,000;24;0,0;0,0;5,9;0; BEC THRTL
864,0;0,0;0,0;30,2;0,000;24;0,0;0,0;6,0;0; THRTL
866,9;0,0;0,2;30,2;0,000;24;0,0;0,0;6,0;0; THRTL
868,0;0,0;0,4;30,2;0,000;24;0,0;0,0;6,0;0; THRTL
869,1;0,0;0,0;30,2;0,000;24;0,0;0,0;6,0;0; THRTL
870,2;0,0;0,8;30,2;0,000;24;0,0;0,0;6,0;0; THRTL
871,4;0,0;0,0;30,2;0,000;24;0,0;0,0;6,0;0; THRTL
872,5;0,0;0,3;30,2;0,000;24;0,0;0,0;6,0;0; THRTL
873,6;0,0;0,0;30,2;0,000;24;0,0;0,0;6,0;0; THRTL
874,7;0,0;0,8;30,2;0,000;24;0,0;0,0;6,0;0; THRTL
875,8;0,0;0,8;30,2;0,000;24;0,0;0,0;6,0;0; THRTL
876,9;0,0;0,8;30,2;0,000;24;0,0;0,0;6,0;0; THRTL
878,1;0,0;0,7;30,2;0,000;24;0,0;0,0;6,0;0; THRTL
879,2;0,0;0,9;30,2;0,000;24;0,0;0,0;6,0;0; THRTL
880,3;0,0;0,4;30,2;0,001;24;0,0;0,0;6,0;0; THRTL
881,4;0,0;0,7;30,2;0,000;24;0,0;0,0;6,0;0; THRTL
882,5;0,0;0,5;30,2;0,001;24;0,0;0,0;6,0;0; THRTL
883,7;0,0;0,3;30,0;0,000;24;0,0;0,0;6,0;0; THRTL
RESET;--;SN;160009B5;BL;25;FW;72;RST CODE;OK;--
RESET;--;SN;160009B5;BL;25;FW;72;RST CODE;OK;--
RESET;--;SN;160009B5;BL;25;FW;72;RST CODE;OK;--
RESET;--;SN;160009B5;BL;25;FW;72;RST CODE;OK;--
886,7;0,0;0,6;30,2;0,000;24;0,0;0,0;5,9;0; BEC THRTL
887,8;0,0;0,0;30,2;0,000;24;0,0;0,0;6,0;0; THRTL
RESET;--;SN;160009B5;BL;25;FW;72;RST CODE;OK;--
890,8;0,0;0,8;29,7;0,000;24;0,0;0,0;6,0;0; THRTL
RESET;--;SN;160009B5;BL;25;FW;72;RST CODE;OK;--
RESET;--;SN;160009B5;BL;25;FW;72;RST CODE;OK;--
RESET;--;SN;160009B5;BL;25;FW;72;RST CODE;OK;--
RESET;--;SN;160009B5;BL;25;FW;72;RST CODE;OK;--
891,9;0,0;0,0;30,2;0,000;24;0,0;0,0;6,0;0; THRTL
894,3;0,0;0,0;30,1;0,000;24;0,0;0,0;6,0;0; THRTL
895,4;0,0;0,6;30,2;0,000;24;0,0;0,0;6,0;0; THRTL
896,5;0,0;0,7;30,2;0,000;24;0,0;0,0;6,0;0; THRTL
897,7;0,0;0,6;30,2;0,000;24;0,0;0,0;6,0;0; THRTL
898,8;0,0;0,6;30,2;0,000;24;0,0;0,0;6,0;0; THRTL
899,9;0,0;0,9;30,2;0,000;24;0,0;0,0;6,0;0; THRTL
901,0;0,0;0,7;30,2;0,000;24;0,0;0,0;6,0;0; THRTL
902,1;0,0;0,7;30,2;0,000;24;0,0;0,0;6,0;0; THRTL
903,3;0,0;0,4;30,2;0,000;24;0,0;0,0;6,0;0; THRTL
RESET;--;SN;160009B5;BL;25;FW;72;RST CODE;OK;--
RESET;--;SN;160009B5;BL;25;FW;72;RST CODE;OK;--
RESET;--;SN;160009B5;BL;25;FW;72;RST CODE;OK;--
RESET;--;SN;160009B5;BL;25;FW;72;RST CODE;OK;--
RESET;--;SN;160009B5;BL;25;FW;72;RST CODE;OK;--
906,3;0,0;0,8;30,2;0,000;24;0,0;0,0;6,0;0; BEC THRTL
907,4;0,0;0,0;30,2;0,000;24;0,0;0,0;6,0;0; THRTL
908,6;0,0;0,0;30,1;0,000;24;0,0;0,0;6,0;0; THRTL
910,9;0,0;0,9;30,2;0,000;24;0,0;0,0;6,0;0; THRTL
912,0;0,0;0,9;30,2;0,000;24;0,0;0,0;6,0;0; THRTL
913,1;0,0;0,8;30,2;0,000;24;0,0;0,0;6,0;0; THRTL
914,2;0,0;0,7;30,2;0,000;24;0,0;0,0;6,0;0; THRTL
915,3;0,0;0,7;30,2;0,000;24;0,0;0,0;6,0;0; THRTL
RESET;--;SN;160009B5;BL;25;FW;72;RST CODE;OK;--
RESET;--;SN;160009B5;BL;25;FW;72;RST CODE;OK;--
RESET;--;SN;160009B5;BL;25;FW;72;RST CODE;OK;--
RESET;--;SN;160009B5;BL;25;FW;72;RST CODE;OK;--
918,3;9,0;0,5;30,2;0,000;25;0,0;0,0;5,9;0; BEC THRTL
919,4;9,0;0,0;30,2;0,000;25;0,0;0,0;6,0;0; THRTL
920,6;8,0;0,0;30,2;0,000;25;0,0;0,0;6,0;0; THRTL
921,7;0,0;0,0;30,2;0,000;25;0,0;0,0;6,0;0;--
922,9;0,0;1,0;30,2;0,000;25;0,0;0,0;6,0;0;--
924,0;0,0;0,8;30,2;0,000;25;0,0;0,0;6,0;0;--
924,5;9,0;0,9;29,7;0,000;25;6,0;0,0;6,0;745;--
924,7;0,0;0,8;29,5;0,000;25;0,0;0,0;6,0;6260;--
924,9;0,0;0,4;29,9;0,000;25;0,0;0,0;6,0;4360;--
925,2;0,0;0,6;30,1;0,000;25;0,0;0,0;6,0;2555;--
925,4;0,0;0,8;30,1;0,000;25;0,0;0,0;6,0;0;--
926,5;0,0;1,0;30,2;0,001;25;0,0;0,0;6,0;0;--
926,9;3,0;0,8;30,2;0,001;25;3,0;0,0;6,0;715;--
927,1;0,0;0,6;30,2;0,001;25;0,0;0,0;6,0;2435;--
927,3;3,0;0,6;30,2;0,001;25;3,0;0,0;6,0;1785;--
927,6;3,0;0,6;30,2;0,001;25;3,0;0,0;6,0;2905;--
927,8;3,0;0,6;30,2;0,001;25;3,0;0,0;6,0;2850;--
928,0;3,0;0,6;30,2;0,001;25;3,0;0,0;6,0;2930;--
928,2;3,0;0,6;30,2;0,001;25;3,0;0,0;6,0;2940;--
928,4;3,0;0,6;30,2;0,001;25;3,0;0,0;6,0;2930;--
928,7;3,0;0,7;30,2;0,001;25;3,0;0,0;6,0;2930;--
928,9;3,0;0,7;30,2;0,001;25;3,0;0,0;6,0;2945;--
929,1;3,0;0,7;30,2;0,001;25;3,0;0,0;6,0;2935;--
929,3;3,0;0,7;30,2;0,001;25;3,0;0,0;6,0;2935;--
929,5;3,0;0,6;30,2;0,001;25;3,0;0,0;6,0;2930;--
929,7;3,0;0,7;30,2;0,001;25;3,0;0,0;6,0;2935;--
930,0;3,0;0,7;30,2;0,002;25;3,0;0,0;6,0;2940;--
930,2;3,0;0,7;30,2;0,002;25;3,0;0,0;6,0;2945;--
930,4;3,0;0,7;30,2;0,002;25;3,0;0,0;6,0;2940;--
930,6;3,0;0,7;30,2;0,002;25;3,0;0,0;6,0;2935;--
930,8;3,0;0,7;30,2;0,002;25;3,0;0,0;6,0;2930;--
931,1;3,0;0,7;30,2;0,002;25;3,0;0,0;6,0;2935;--
931,3;3,0;0,7;30,2;0,002;25;3,0;0,0;6,0;2930;--
931,5;3,0;0,6;30,2;0,002;25;3,0;0,0;6,0;2930;--
931,7;3,0;0,6;30,2;0,002;25;3,0;0,0;6,0;2930;--
931,9;3,0;0,7;30,2;0,002;25;3,0;0,0;6,0;2925;--
932,1;3,0;0,6;30,2;0,002;25;3,0;0,0;6,0;2930;--
932,4;3,0;0,6;30,2;0,002;25;3,0;0,0;6,0;2930;--
932,6;3,0;0,7;30,2;0,002;25;3,0;0,0;6,0;2935;--
932,8;3,0;0,7;30,2;0,002;25;3,0;0,0;6,0;2930;--
933,0;3,0;0,7;30,2;0,002;25;3,0;0,0;6,0;2930;--
933,2;3,0;0,8;30,2;0,002;25;3,0;0,0;6,0;2930;--
933,5;3,0;0,8;30,2;0,002;25;3,0;0,0;6,0;2935;--
933,7;3,0;0,7;30,2;0,002;25;3,0;0,0;6,0;2930;--
933,9;3,0;0,6;30,1;0,002;25;3,0;0,0;6,0;2935;--
934,1;3,0;0,6;30,1;0,002;25;3,0;0,0;6,0;2930;--
934,3;3,5;0,6;30,2;0,002;25;3,5;0,0;6,0;2945;--
934,6;3,0;0,6;30,1;0,003;25;3,0;0,0;6,0;2940;--
934,8;3,0;0,6;30,2;0,003;25;3,0;0,0;6,0;2935;--
935,0;3,0;0,7;30,2;0,003;25;3,0;0,0;6,0;2930;--
935,2;3,0;0,6;30,1;0,003;25;3,0;0,0;6,0;2940;--
935,4;3,0;0,6;30,2;0,003;25;3,0;0,0;6,0;2940;--
935,6;3,0;0,7;30,1;0,003;25;3,0;0,0;6,0;2935;--
935,9;3,5;0,7;30,2;0,003;25;3,5;0,0;6,0;2930;--
936,1;3,0;0,6;30,2;0,003;25;3,0;0,0;6,0;2945;--
936,3;3,0;0,6;30,2;0,003;25;3,0;0,0;6,0;2935;--
936,5;3,5;0,7;30,1;0,003;25;3,5;0,0;6,0;2925;--
936,7;3,0;0,7;30,2;0,003;25;3,0;0,0;6,0;2940;--
937,0;3,0;0,7;30,2;0,003;25;3,0;0,0;6,0;2930;--
937,2;3,5;0,7;30,1;0,003;25;3,5;0,0;6,0;2935;--
937,4;3,0;0,6;30,2;0,003;25;3,0;0,0;6,0;2930;--
937,6;3,0;0,6;30,1;0,003;25;3,0;0,0;6,0;2930;--
937,8;3,0;0,5;30,1;0,003;25;3,0;0,0;6,0;2940;--
938,0;3,0;0,5;30,1;0,003;25;3,0;0,0;6,0;2930;--
938,3;3,0;0,6;30,1;0,003;25;3,0;0,0;6,0;2935;--
938,5;3,0;0,6;30,1;0,003;25;3,0;0,0;6,0;2935;--
938,7;3,0;0,7;30,1;0,003;25;3,0;0,0;6,0;2935;--
938,9;3,0;0,6;30,2;0,003;25;3,0;0,0;6,0;2925;--
939,1;3,0;0,6;30,2;0,003;25;3,0;0,0;6,0;2935;--
939,4;3,0;0,7;30,1;0,003;25;3,0;0,0;6,0;2920;--
939,6;3,5;0,6;30,1;0,003;25;3,5;0,0;6,0;2935;--
939,8;3,0;0,6;30,1;0,004;25;3,0;0,0;6,0;2930;--
940,0;3,0;0,6;30,1;0,004;25;3,0;0,0;6,0;2940;--
940,2;3,0;0,6;30,1;0,004;25;3,0;0,0;6,0;2930;--
940,4;3,0;0,6;30,1;0,004;25;3,0;0,0;6,0;2935;--
940,7;3,0;0,6;30,1;0,004;25;3,5;0,0;6,0;2935;--
940,9;3,0;0,6;30,1;0,004;25;3,0;0,0;6,0;2935;--
941,3;3,0;0,5;30,2;0,004;25;3,0;0,0;6,0;2930;--
941,5;3,0;0,5;30,2;0,004;25;3,0;0,0;6,0;2935;--
941,7;3,5;0,6;30,1;0,004;25;3,5;0,0;6,0;2935;--
942,0;3,0;0,6;30,1;0,004;25;3,0;0,0;6,0;2930;--
942,2;3,0;0,7;30,2;0,004;25;3,0;0,0;6,0;2935;--
942,4;3,0;0,6;30,1;0,004;25;3,0;0,0;6,0;2935;--
942,6;3,5;0,5;30,1;0,004;25;3,5;0,0;6,0;2935;--
942,8;3,0;0,6;30,1;0,004;25;3,0;0,0;6,0;2930;--
943,0;3,0;0,6;30,1;0,004;25;3,0;0,0;6,0;2935;--
943,3;3,0;0,6;30,1;0,004;25;3,0;0,0;6,0;2935;--
943,5;3,0;0,6;30,1;0,004;25;3,0;0,0;6,0;2940;--
943,7;3,0;0,7;30,1;0,004;25;3,0;0,0;6,0;2930;--
943,9;3,5;0,7;30,1;0,004;25;3,5;0,0;6,0;2930;--
944,1;3,0;0,6;30,1;0,004;25;3,0;0,0;6,0;2935;--
944,4;3,0;0,7;30,1;0,004;25;3,0;0,0;6,0;2935;--
944,6;3,0;0,7;30,1;0,004;25;3,0;0,0;6,0;2935;--
944,8;3,0;0,7;30,2;0,004;25;3,0;0,0;6,0;2940;--
945,0;3,0;0,7;30,2;0,005;25;3,0;0,0;6,0;2935;--
945,2;3,0;0,5;30,1;0,005;25;3,0;0,0;6,0;2935;--
945,5;3,0;0,6;30,1;0,005;25;3,0;0,0;6,0;2935;--
945,7;3,0;0,5;30,1;0,005;25;3,0;0,0;6,0;2930;--
945,9;3,0;0,5;30,1;0,005;25;3,0;0,0;6,0;2940;--
946,1;3,0;0,6;30,1;0,005;25;3,0;0,0;6,0;2925;--
946,3;3,0;0,5;30,1;0,005;25;3,0;0,0;6,0;2930;--
946,5;3,0;0,6;29,5;0,005;25;3,0;0,0;6,0;2920;--
946,8;3,0;0,5;27,7;0,005;25;3,0;0,0;6,0;2465;--
947,0;3,0;0,6;29,3;0,005;25;3,0;0,0;6,0;2940;--
947,2;3,0;0,7;29,8;0,005;25;3,0;0,0;6,0;2935;--
947,4;3,0;0,7;30,0;0,005;25;3,0;0,0;6,0;2935;--
947,6;3,0;0,6;30,1;0,005;25;3,0;0,0;6,0;2935;--
947,9;3,0;0,6;30,1;0,005;25;3,0;0,0;6,0;2935;--
948,1;3,0;0,6;30,1;0,005;25;3,0;0,0;6,0;2930;--
948,3;3,0;0,6;30,1;0,005;25;3,0;0,0;6,0;2940;--
948,5;3,0;0,6;30,1;0,005;25;3,0;0,0;6,0;2930;--
948,7;3,0;0,6;30,1;0,005;25;3,0;0,0;6,0;2925;--
948,9;3,0;0,6;30,1;0,005;25;3,5;0,0;6,0;2935;--
949,2;3,0;0,6;30,1;0,005;25;3,0;0,0;6,0;2930;--
949,4;3,0;0,6;30,1;0,005;25;3,0;0,0;6,0;2935;--
949,6;3,0;0,6;30,1;0,005;25;3,0;0,0;6,0;2930;--
949,8;3,0;0,6;30,1;0,005;25;3,0;0,0;6,0;2935;--
950,0;3,0;0,6;30,1;0,006;25;3,0;0,0;6,0;2935;--
950,4;3,5;0,6;30,1;0,006;25;3,5;0,0;6,0;2930;--
950,6;0,0;0,4;30,1;0,006;25;0,0;0,0;6,0;2655;--
950,8;0,0;0,6;30,2;0,006;25;0,0;0,0;6,0;0;--
951,9;0,0;1,0;30,2;0,006;25;0,0;0,0;6,0;0;--
RESET;--;SN;160009B5;BL;25;FW;72;RST CODE;OK;--
RESET;--;SN;160009B5;BL;25;FW;72;RST CODE;OK;--
RESET;--;SN;160009B5;BL;25;FW;72;RST CODE;OK;--
RESET;--;SN;160009B5;BL;25;FW;72;RST CODE;OK;--
RESET;--;SN;160009B5;BL;25;FW;72;RST CODE;OK;--
RESET;--;SN;160009B5;BL;25;FW;72;RST CODE;OK;--
955,0;0,0;0,5;0,0;0,000;27;0,0;0,0;0,0;0; THRTL
956,9;0,0;0,6;0,0;0,000;27;0,0;0,0;0,0;0; THRTL
958,0;0,0;0,6;0,0;0,000;27;0,0;0,0;0,0;0; THRTL
959,1;0,0;0,5;0,0;0,000;27;0,0;0,0;0,0;0; THRTL
960,3;0,0;0,6;0,0;0,000;27;0,0;0,0;0,0;0; THRTL
961,4;0,0;0,7;0,0;0,001;27;0,0;0,0;0,0;0; THRTL
962,5;0,0;0,7;0,0;0,001;27;0,0;0,0;0,0;0; THRTL
963,6;0,0;0,7;0,0;0,001;27;0,0;0,0;0,0;0; THRTL
964,7;0,0;0,7;0,0;0,001;27;0,0;0,0;0,0;0; THRTL
965,9;0,0;0,6;0,0;0,002;27;0,0;0,0;0,0;0; THRTL
967,0;0,0;0,6;0,0;0,002;27;0,0;0,0;0,0;0; THRTL
968,1;0,0;0,7;0,0;0,002;27;0,0;0,0;0,0;0; THRTL
969,2;0,0;0,7;0,0;0,002;27;0,0;0,0;0,0;0; THRTL
970,3;0,0;0,7;0,0;0,003;27;0,0;0,0;0,0;0; THRTL
971,4;0,0;0,6;0,0;0,003;27;0,0;0,0;0,0;0; THRTL
972,6;0,0;0,6;0,0;0,003;27;0,0;0,0;0,0;0; THRTL
973,7;0,0;0,6;0,0;0,003;27;0,0;0,0;0,0;0; THRTL
974,8;0,0;0,6;0,0;0,004;27;0,0;0,0;0,0;0; THRTL
975,9;0,0;0,7;0,0;0,004;27;0,0;0,0;0,0;0; THRTL
977,0;0,0;0,6;0,0;0,004;27;0,0;0,0;0,0;0; THRTL
978,2;0,0;0,7;0,0;0,004;27;0,0;0,0;0,0;0; THRTL
979,3;0,0;0,7;0,0;0,004;27;0,0;0,0;0,0;0; THRTL
980,4;0,0;0,7;0,0;0,005;27;0,0;0,0;0,0;0; THRTL
981,5;0,0;0,6;0,0;0,005;27;0,0;0,0;0,0;0; THRTL
984,6;0,0;0,7;0,0;0,006;27;0,0;0,0;0,0;0; THRTL
985,7;0,0;0,7;0,0;0,006;27;0,0;0,0;0,0;0; THRTL
986,9;0,0;0,6;0,0;0,006;27;0,0;0,0;0,0;0; THRTL
988,5;0,0;0,5;0,0;0,006;27;0,0;0,0;0,0;0; THRTL
989,6;0,0;0,6;0,0;0,007;27;0,0;0,0;0,0;0; THRTL
992,7;0,0;0,5;0,0;0,007;27;0,0;0,0;0,0;0; THRTL
993,8;0,0;0,6;0,0;0,007;27;0,0;0,0;0,0;0; THRTL
995,0;0,0;0,6;0,0;0,008;27;0,0;0,0;0,0;0; THRTL
996,5;0,0;0,5;0,0;0,008;27;0,0;0,0;0,0;0; THRTL
997,6;0,0;0,5;0,0;0,008;27;0,0;0,0;0,0;0; THRTL
998,7;0,0;0,6;0,0;0,008;27;0,0;0,0;0,0;0; THRTL
999,8;0,0;0,6;0,0;0,009;27;0,0;0,0;0,0;0; THRTL
1000,9;0,0;0,6;0,0;0,009;27;0,0;0,0;0,0;0; THRTL
1002,1;0,0;0,6;0,0;0,009;27;0,0;0,0;0,0;0; THRTL
1003,2;0,0;0,5;0,0;0,009;27;0,0;0,0;0,0;0; THRTL
1004,3;0,0;0,6;0,0;0,009;27;0,0;0,0;0,0;0; THRTL
1005,4;0,0;0,6;0,0;0,010;27;0,0;0,0;0,0;0; THRTL
1006,5;0,0;0,6;0,0;0,010;27;0,0;0,0;0,0;0; THRTL
1008,9;0,0;0,7;0,0;0,010;27;0,0;0,0;0,0;0; THRTL
1010,0;0,0;0,6;0,0;0,010;27;0,0;0,0;0,0;0; THRTL
1011,1;0,0;0,6;0,0;0,011;27;0,0;0,0;0,0;0; THRTL
1012,4;0,0;0,5;0,0;0,011;27;0,0;0,0;0,0;0; THRTL
1013,5;0,0;0,6;0,0;0,011;27;0,0;0,0;0,0;0; THRTL
1014,7;0,0;0,6;0,0;0,011;27;0,0;0,0;0,0;0; THRTL
1015,8;0,0;0,5;0,0;0,011;27;0,0;0,0;0,0;0; THRTL
1016,9;0,0;0,6;0,0;0,012;27;0,0;0,0;0,0;0; THRTL
1018,0;0,0;0,5;0,0;0,012;27;0,0;0,0;0,0;0; THRTL
1019,1;0,0;0,6;0,0;0,012;27;0,0;0,0;0,0;0; THRTL
1021,0;0,0;0,5;0,0;0,012;27;0,0;0,0;0,0;0; THRTL
1022,2;0,0;0,6;0,0;0,013;27;0,0;0,0;0,0;0; THRTL
1023,3;0,0;0,6;0,0;0,013;27;0,0;0,0;0,0;0; THRTL
1024,4;0,0;0,6;0,0;0,013;27;0,0;0,0;0,0;0; THRTL
1025,5;0,0;0,6;0,0;0,013;27;0,0;0,0;0,0;0; THRTL
1026,6;0,0;0,6;0,0;0,014;27;0,0;0,0;0,0;0; THRTL
1027,8;0,0;0,5;0,0;0,014;27;0,0;0,0;0,0;0; THRTL
1028,9;0,0;0,6;0,0;0,014;27;0,0;0,0;0,0;0; THRTL
1030,0;0,0;0,6;0,0;0,014;27;0,0;0,0;0,0;0; THRTL
1031,1;0,0;0,6;0,0;0,014;27;0,0;0,0;0,0;0; THRTL
1032,2;0,0;0,5;0,0;0,015;27;0,0;0,0;0,0;0; THRTL
1033,3;0,0;0,5;0,0;0,015;27;0,0;0,0;0,0;0; THRTL
1034,5;0,0;0,6;0,0;0,015;27;0,0;0,0;0,0;0; THRTL
1035,6;0,0;0,5;0,0;0,015;27;0,0;0,0;0,0;0; THRTL
1036,7;0,0;0,5;0,0;0,015;27;0,0;0,0;0,0;0; THRTL
1037,8;0,0;0,4;0,0;0,016;27;0,0;0,0;0,0;0; THRTL
1038,9;0,0;0,5;0,0;0,016;27;0,0;0,0;0,0;0; THRTL
1040,1;0,0;0,5;0,0;0,016;27;0,0;0,0;0,0;0; THRTL
1041,2;0,0;0,6;0,0;0,016;27;0,0;0,0;0,0;0; THRTL
1042,3;0,0;0,6;0,0;0,016;27;0,0;0,0;0,0;0; THRTL
1043,4;0,0;0,5;0,0;0,017;27;0,0;0,0;0,0;0; THRTL
1044,5;0,0;0,6;0,0;0,017;27;0,0;0,0;0,0;0; THRTL
1045,6;0,0;0,6;0,0;0,017;27;0,0;0,0;0,0;0; THRTL
1047,1;0,0;0,5;0,0;0,017;27;0,0;0,0;0,0;0; THRTL
1048,2;0,0;0,5;0,0;0,017;27;0,0;0,0;0,0;0; THRTL
1049,3;0,0;0,5;0,0;0,018;27;0,0;0,0;0,0;0; THRTL
1050,4;0,0;0,5;0,0;0,018;27;0,0;0,0;0,0;0; THRTL
1051,5;0,0;0,6;0,0;0,018;27;0,0;0,0;0,0;0; THRTL
1052,7;0,0;0,5;0,0;0,018;27;0,0;0,0;0,0;0; THRTL
1053,8;0,0;0,6;0,0;0,018;27;0,0;0,0;0,0;0; THRTL
1054,9;0,0;0,6;0,0;0,019;27;0,0;0,0;0,0;0; THRTL
1056,0;0,0;0,5;0,0;0,019;27;0,0;0,0;0,0;0; THRTL
1058,3;0,0;0,6;0,0;0,019;27;0,0;0,0;0,0;0; THRTL
1059,4;0,0;0,6;0,0;0,019;27;0,0;0,0;0,0;0; THRTL
1060,6;0,0;0,5;0,0;0,020;27;0,0;0,0;0,0;0; THRTL
1062,3;0,0;0,6;0,0;0,020;27;0,0;0,0;0,0;0; THRTL
1064,2;0,0;0,7;0,0;0,020;27;0,0;0,0;0,0;0; THRTL
1065,3;0,0;0,6;0,0;0,021;27;0,0;0,0;0,0;0; THRTL
1066,4;0,0;0,6;0,0;0,021;27;0,0;0,0;0,0;0; THRTL
1067,6;0,0;0,6;0,0;0,021;27;0,0;0,0;0,0;0; THRTL
1070,3;0,0;0,5;0,0;0,022;27;0,0;0,0;0,0;0; THRTL
1071,4;0,0;0,5;0,0;0,022;27;0,0;0,0;0,0;0; THRTL
1072,5;0,0;0,6;0,0;0,022;27;0,0;0,0;0,0;0; THRTL
1074,5;0,0;0,5;0,0;0,022;27;0,0;0,0;0,0;0; THRTL
1075,8;0,0;0,5;0,0;0,023;27;0,0;0,0;0,0;0; THRTL
1077,0;0,0;0,5;0,0;0,023;27;0,0;0,0;0,0;0; THRTL
1078,1;0,0;0,6;0,0;0,023;27;0,0;0,0;0,0;0; THRTL
1079,2;0,0;0,7;0,0;0,023;27;0,0;0,0;0,0;0; THRTL
1080,3;0,0;0,6;0,0;0,023;27;0,0;0,0;0,0;0; THRTL
1081,4;0,0;0,6;0,0;0,024;27;0,0;0,0;0,0;0; THRTL
1082,6;0,0;0,6;0,0;0,024;26;0,0;0,0;0,0;0; THRTL
1084,1;0,0;0,5;0,0;0,024;26;0,0;0,0;0,0;0; THRTL
1085,2;0,0;0,5;0,0;0,024;26;0,0;0,0;0,0;0; THRTL
1086,3;0,0;0,5;0,0;0,024;26;0,0;0,0;0,0;0; THRTL
1087,4;0,0;0,6;0,0;0,025;26;0,0;0,0;0,0;0; THRTL
1090,5;0,0;0,7;0,0;0,025;26;0,0;0,0;0,0;0; THRTL
1091,7;0,0;0,6;0,0;0,026;26;0,0;0,0;0,0;0; THRTL
1092,8;0,0;0,6;0,0;0,026;26;0,0;0,0;0,0;0; THRTL
1096,4;0,0;0,5;0,0;0,026;26;0,0;0,0;0,0;0; THRTL
1097,5;0,0;0,6;0,0;0,027;26;0,0;0,0;0,0;0; THRTL
1098,6;0,0;0,6;0,0;0,027;26;0,0;0,0;0,0;0; THRTL
1102,1;0,0;0,6;0,0;0,028;26;0,0;0,0;0,0;0; THRTL
1104,4;0,0;0,5;0,0;0,028;26;0,0;0,0;0,0;0; THRTL
1105,5;0,0;0,5;0,0;0,028;26;0,0;0,0;0,0;0; THRTL
1106,6;0,0;0,6;0,0;0,028;26;0,0;0,0;0,0;0; THRTL
1107,7;0,0;0,6;0,0;0,029;26;0,0;0,0;0,0;0; THRTL
1108,8;0,0;0,6;0,0;0,029;26;0,0;0,0;0,0;0; THRTL
1110,0;0,0;0,6;0,0;0,029;26;0,0;0,0;0,0;0; THRTL
1111,7;0,0;0,5;0,0;0,029;26;0,0;0,0;0,0;0; THRTL
1112,8;0,0;0,5;0,0;0,030;26;0,0;0,0;0,0;0; THRTL
1113,9;0,0;0,6;0,0;0,030;26;0,0;0,0;0,0;0; THRTL
1115,0;0,0;0,6;0,0;0,030;26;0,0;0,0;0,0;0; THRTL
1116,5;0,0;0,5;0,0;0,030;26;0,0;0,0;0,0;0; THRTL
1117,6;0,0;0,6;0,0;0,030;26;0,0;0,0;0,0;0; THRTL
1118,7;0,0;0,6;0,0;0,031;26;0,0;0,0;0,0;0; THRTL
1119,8;0,0;0,5;0,0;0,031;26;0,0;0,0;0,0;0; THRTL
1120,9;0,0;0,6;0,0;0,031;26;0,0;0,0;0,0;0; THRTL
1123,3;0,0;0,6;0,0;0,032;26;0,0;0,0;0,0;0; THRTL
1126,1;0,0;0,7;0,0;0,032;26;0,0;0,0;0,0;0; THRTL
1127,2;0,0;0,6;0,0;0,032;26;0,0;0,0;0,0;0; THRTL
1128,3;0,0;0,6;0,0;0,033;26;0,0;0,0;0,0;0; THRTL
1129,4;0,0;0,6;0,0;0,033;26;0,0;0,0;0,0;0; THRTL
1130,5;0,0;0,6;0,0;0,033;26;0,0;0,0;0,0;0; THRTL
1131,7;0,0;0,7;0,0;0,033;26;0,0;0,0;0,0;0; THRTL
1132,8;0,0;0,6;0,0;0,033;26;0,0;0,0;0,0;0; THRTL
1133,9;0,0;0,6;0,0;0,034;26;0,0;0,0;0,0;0; THRTL
1136,7;0,0;0,7;0,0;0,034;26;0,0;0,0;0,0;0; THRTL
1139,0;0,0;0,6;0,0;0,035;26;0,0;0,0;0,0;0; THRTL
1140,3;0,0;0,7;0,0;0,035;26;0,0;0,0;0,0;0; THRTL
1141,4;0,0;0,6;0,0;0,035;26;0,0;0,0;0,0;0; THRTL
1142,5;0,0;0,5;0,0;0,035;26;0,0;0,0;0,0;0; THRTL
1143,6;0,0;0,7;0,0;0,036;26;0,0;0,0;0,0;0; THRTL
RESET;--;SN;160009B5;BL;25;FW;72;RST CODE;OK;--
1146,8;0,0;0,6;0,0;0,000;26;0,0;0,0;0,0;0; THRTL
1147,9;0,0;0,7;0,0;0,000;26;0,0;0,0;0,0;0; THRTL
1149,2;0,0;0,6;0,0;0,000;26;0,0;0,0;0,0;0; THRTL
1150,4;0,0;0,7;0,0;0,000;26;0,0;0,0;0,0;0; THRTL
1151,5;0,0;0,7;0,0;0,001;26;0,0;0,0;0,0;0; THRTL
1152,6;0,0;0,7;0,0;0,001;26;0,0;0,0;0,0;0; THRTL
1154,5;0,0;0,6;0,0;0,001;26;0,0;0,0;0,0;0; THRTL
1155,6;0,0;0,6;0,0;0,001;26;0,0;0,0;0,0;0; THRTL
1156,7;0,0;0,6;0,0;0,002;26;0,0;0,0;0,0;0; THRTL
1157,9;0,0;0,6;0,0;0,002;26;0,0;0,0;0,0;0; THRTL
RESET;--;SN;160009B5;BL;25;FW;72;RST CODE;OK;--
1161,1;0,0;0,7;0,0;0,000;26;0,0;0,0;0,0;0; THRTL
1162,2;0,0;0,6;0,0;0,000;26;0,0;0,0;0,0;0; THRTL
1165,4;0,0;0,6;0,0;0,001;26;0,0;0,0;0,0;0; THRTL
1168,1;0,0;0,7;0,0;0,001;26;0,0;0,0;0,0;0; THRTL
1169,2;0,0;0,6;0,0;0,001;26;0,0;0,0;0,0;0; THRTL
RESET;--;SN;160009B5;BL;25;FW;72;RST CODE;OK;--
1172,4;0,0;0,5;0,0;0,000;26;0,0;0,0;0,0;0; THRTL
1173,5;0,0;0,6;0,0;0,000;26;0,0;0,0;0,0;0; THRTL
1174,7;0,0;0,6;0,0;0,000;26;0,0;0,0;0,0;0; THRTL
1175,8;0,0;0,7;0,0;0,000;26;0,0;0,0;0,0;0; THRTL
1176,9;0,0;0,7;0,0;0,001;26;0,0;0,0;0,0;0; THRTL
1178,0;0,0;0,6;0,0;0,001;26;0,0;0,0;0,0;0; THRTL
1179,1;0,0;0,6;0,0;0,001;26;0,0;0,0;0,0;0; THRTL
1180,2;0,0;0,7;0,0;0,001;26;0,0;0,0;0,0;0; THRTL
1181,4;0,0;0,7;0,0;0,002;26;0,0;0,0;0,0;0; THRTL
1182,5;0,0;0,7;0,0;0,002;26;0,0;0,0;0,0;0; THRTL
1184,5;0,0;0,6;0,0;0,002;26;0,0;0,0;0,0;0; THRTL
1185,6;0,0;0,7;0,0;0,002;26;0,0;0,0;0,0;0; THRTL
1186,7;0,0;0,7;0,0;0,003;26;0,0;0,0;0,0;0; THRTL
RESET;--;SN;160009B5;BL;25;FW;72;RST CODE;OK;--
1189,5;0,0;0,6;30,3;0,000;25;0,0;0,0;5,6;0; THRTL
1190,7;0,0;0,0;30,3;0,000;25;0,0;0,0;3,9;0; THRTL
1191,8;0,0;0,0;30,3;0,000;25;0,0;0,0;2,8;0; THRTL
1192,9;0,0;0,0;30,2;0,000;25;0,0;0,0;2,1;0;--
1194,0;0,0;0,7;30,3;0,000;25;0,0;0,0;1,6;0;--
1195,1;0,0;0,3;30,3;0,000;25;0,0;0,0;1,2;0;--
1196,2;0,0;0,3;30,3;0,000;25;0,0;0,0;1,0;0;--
1197,4;0,0;0,3;30,3;0,000;25;0,0;0,0;0,9;0;--
1198,5;13,0;0,5;30,3;0,000;25;0,0;0,0;0,9;0;--
1198,7;23,0;0,5;30,3;0,000;25;0,0;0,0;0,9;0;--
1199,8;0,0;0,4;30,3;0,001;25;0,0;0,0;0,9;0;--
1200,9;0,0;0,5;30,3;0,001;25;0,0;0,0;0,9;0;--
1202,1;0,0;0,3;30,3;0,001;25;0,0;0,0;0,9;0;--
1203,2;0,0;0,4;30,3;0,001;25;0,0;0,0;0,9;0;--
1204,3;0,0;0,6;30,3;0,001;25;0,0;0,0;0,9;0;--
1205,4;0,0;0,5;30,3;0,001;25;0,0;0,0;0,9;0;--
1206,5;0,0;0,7;30,3;0,002;25;0,0;0,0;0,9;0;--
1207,6;0,0;0,7;30,3;0,002;25;0,0;0,0;0,9;0;--
1208,8;0,0;0,5;30,3;0,002;25;0,0;0,0;0,9;0;--
1209,4;11,5;0,4;30,3;0,002;25;0,0;0,0;0,9;0;--
1210,0;41,5;0,7;30,3;0,002;25;0,5;0,0;0,9;670;--
1210,2;7,0;0,5;30,2;0,002;25;0,0;0,0;0,8;0;--
1210,7;11,0;1,0;30,3;0,003;25;0,0;0,0;0,9;0;--
1211,0;22,5;1,0;30,3;0,003;25;0,0;0,0;0,9;0;--
1211,4;34,5;0,7;30,3;0,003;25;0,5;0,0;0,9;645;--
1211,6;34,5;0,8;30,3;0,003;25;0,5;0,0;0,9;685;--
1211,8;36,0;0,8;30,3;0,003;25;0,5;0,0;0,9;775;--
1212,0;40,5;0,8;30,3;0,003;25;0,5;0,0;0,9;845;--
1212,2;45,5;0,7;30,3;0,003;25;0,5;0,0;0,9;880;--
1212,5;53,5;0,8;30,3;0,003;25;0,5;0,0;0,9;895;--
1212,7;63,5;0,9;30,3;0,003;25;0,5;0,0;0,9;895;--
1212,9;72,0;0,8;30,3;0,003;25;1,0;0,0;0,9;905;--
1213,1;77,5;0,8;30,3;0,003;25;1,0;0,0;0,9;955;--
1213,3;80,5;0,8;30,3;0,003;25;1,0;0,0;0,9;1070;--
1213,6;80,5;0,8;30,3;0,003;25;1,5;0,0;0,9;1245;--
1213,8;58,0;0,8;30,3;0,003;25;2,0;0,0;0,9;1475;--
1214,0;28,5;0,8;30,3;0,003;25;2,0;0,0;0,9;1740;--
1214,2;10,5;0,8;30,3;0,003;25;2,5;0,0;0,9;1975;--
1214,4;0,0;0,7;30,3;0,003;25;0,0;0,0;0,9;0;--
1215,6;0,0;0,6;30,3;0,004;25;0,0;0,0;0,9;0;--
1216,7;0,0;0,3;30,3;0,004;25;0,0;0,0;0,9;0;--
1217,8;0,0;0,6;30,3;0,004;25;0,0;0,0;0,9;0;--
1218,9;0,0;0,4;30,3;0,004;25;0,0;0,0;0,9;0;--
1219,3;25,0;0,3;30,3;0,004;25;0,0;0,0;0,9;0;--
1219,5;43,5;0,7;30,3;0,004;25;0,5;0,0;0,9;675;--
1219,8;44,5;0,8;30,3;0,004;25;0,5;0,0;0,9;685;--
1220,0;44,5;0,8;30,3;0,004;25;0,5;0,0;0,9;780;--
1220,2;44,5;0,9;30,3;0,005;25;0,5;0,0;0,9;840;--
1220,4;44,5;0,9;30,3;0,005;25;0,5;0,0;0,9;880;--
1220,6;44,5;0,9;30,3;0,005;25;0,5;0,0;0,9;895;--
1220,9;44,5;0,9;30,3;0,005;25;0,5;0,0;0,9;900;--
1221,1;44,5;0,8;30,3;0,005;25;1,0;0,0;0,9;905;--
1221,3;44,5;0,8;30,3;0,005;25;1,0;0,0;0,9;945;--
1221,5;44,5;0,8;30,3;0,005;25;1,0;0,0;0,9;1055;--
1221,7;45,0;0,8;30,3;0,005;25;1,5;0,0;0,9;1215;--
1221,9;47,0;0,8;30,3;0,005;25;1,5;0,0;0,9;1435;--
1222,2;49,0;0,9;30,3;0,005;25;2,0;0,0;0,9;1700;--
1222,4;50,0;0,9;30,3;0,005;25;2,5;0,0;0,9;1945;--
1222,6;56,0;0,9;30,3;0,005;25;2,5;0,0;0,9;2175;--
1222,8;64,5;0,9;30,3;0,005;25;3,0;0,0;0,9;2415;--
1223,0;75,0;0,8;30,2;0,005;25;3,5;0,0;0,9;2680;--
1223,3;84,5;0,8;30,2;0,005;25;4,0;0,0;0,9;2940;--
1223,5;89,0;0,7;30,2;0,005;25;4,0;0,0;0,8;3200;--
1223,7;90,0;0,7;30,2;0,005;25;4,5;0,0;0,8;3480;--
1223,9;90,0;0,7;30,2;0,005;25;5,0;0,0;0,8;3785;--
1224,1;90,0;0,7;30,2;0,005;25;5,5;0,0;0,8;4110;--
1224,4;90,0;0,7;30,2;0,006;25;6,0;0,0;0,8;4440;--
1224,6;90,0;0,7;30,2;0,006;25;6,5;0,0;0,8;4780;--
1224,8;90,0;0,8;30,2;0,006;25;7,0;0,0;0,8;5150;--
1225,0;90,0;0,9;30,2;0,006;25;7,5;0,0;0,8;5575;--
1225,2;90,0;0,8;30,2;0,006;25;8,5;0,0;0,8;5980;--
1225,4;90,0;0,8;30,2;0,006;25;9,0;0,0;0,8;6410;--
1225,7;90,0;0,8;30,2;0,006;25;9,5;0,0;0,8;6905;--
1225,9;90,0;0,8;30,2;0,006;25;10,5;0,0;0,8;7405;--
1226,1;90,0;0,8;30,2;0,006;25;11,5;0,0;0,8;7945;--
1226,3;95,5;0,8;30,2;0,006;25;12,0;0,0;0,8;8550;--
1226,5;96,5;0,9;30,2;0,006;25;13,0;0,0;0,8;9165;--
1226,8;96,5;0,9;30,2;0,006;25;14,0;0,0;0,8;9800;--
1227,0;96,5;1,0;30,2;0,006;25;15,0;0,0;0,8;10440;--
1227,2;96,5;1,0;30,2;0,006;25;16,0;0,0;0,8;11120;--
1227,4;96,5;1,1;30,2;0,006;25;17,0;0,0;0,8;11915;--
1227,6;96,5;1,0;30,2;0,006;25;18,0;0,0;0,8;12535;--
1227,8;96,5;1,0;30,2;0,006;25;19,5;0,0;0,8;13345;--
1228,1;96,5;1,1;30,2;0,007;25;20,5;0,0;0,8;14130;--
1228,3;84,5;1,2;30,2;0,007;25;21,5;0,0;0,8;15050;--
1228,5;22,5;1,3;30,2;0,007;25;23,5;0,0;0,8;15940;--
1229,6;27,5;0,3;30,2;0,007;26;0,0;0,0;0,8;0;--
1229,8;75,5;0,7;30,2;0,007;26;0,5;0,0;0,8;660;--
1230,1;96,0;0,9;30,2;0,007;26;0,5;0,0;0,9;745;--
1230,3;96,5;0,9;30,2;0,007;26;0,5;0,0;0,9;810;--
1230,5;96,5;1,0;30,2;0,007;26;0,5;0,0;0,9;860;--
1230,7;96,5;1,0;30,2;0,007;26;0,5;0,0;0,9;890;--
1230,9;96,5;0,9;30,2;0,007;26;0,5;0,0;0,9;895;--
1231,1;96,5;1,0;30,2;0,007;26;0,5;0,0;0,9;905;--
1231,4;96,5;1,0;30,2;0,007;26;1,0;0,0;0,9;905;--
1231,6;96,5;0,9;30,2;0,008;26;1,0;0,0;0,9;965;--
1231,8;96,5;0,9;30,2;0,008;26;1,0;0,0;0,9;1075;--
1232,0;96,5;0,9;30,2;0,008;25;1,5;0,0;0,9;1245;--
1232,2;96,5;0,9;30,2;0,008;25;2,0;0,0;0,9;1485;--
1232,5;96,5;0,9;30,2;0,008;25;2,0;0,0;0,9;1745;--
1232,7;96,5;0,9;30,2;0,008;26;2,5;0,0;0,9;1980;--
1232,9;96,5;0,8;30,2;0,008;26;2,5;0,0;0,9;2210;--
1233,1;96,5;0,8;30,2;0,008;26;3,0;0,0;0,9;2465;--
1233,5;96,5;0,8;30,2;0,008;25;4,0;0,0;0,8;2990;--
1233,8;96,5;0,7;30,2;0,008;26;4,5;0,0;0,8;3250;--
1234,0;96,5;0,7;30,2;0,008;26;4,5;0,0;0,8;3540;--
1234,2;96,5;0,7;30,2;0,008;26;5,0;0,0;0,8;3850;--
1234,4;96,5;0,7;30,2;0,008;26;5,5;0,0;0,8;4165;--
1234,6;96,5;0,7;30,2;0,008;26;6,0;0,0;0,8;4505;--
1234,9;96,5;0,8;30,2;0,008;25;6,5;0,0;0,8;4845;--
1235,1;96,5;0,8;30,2;0,008;25;7,0;0,0;0,8;5225;--
1235,3;96,5;0,8;30,2;0,008;25;8,0;0,0;0,8;5675;--
1235,5;96,5;0,8;30,2;0,008;25;8,5;0,0;0,8;6060;--
1235,7;96,5;0,8;30,2;0,009;26;9,0;0,0;0,8;6515;--
1235,9;96,5;0,8;30,2;0,009;26;10,0;0,0;0,8;7055;--
1236,2;96,5;0,8;30,2;0,009;26;10,5;0,0;0,8;7520;--
1236,4;93,5;0,8;30,2;0,009;26;11,5;0,0;0,8;8110;--
1236,6;53,0;0,9;30,2;0,009;26;12,5;0,0;0,8;8690;--
1236,8;6,0;0,9;30,2;0,009;26;0,0;0,0;0,8;0;--
1237,9;0,0;1,0;30,3;0,009;26;0,0;0,0;0,9;0;--
1239,1;0,0;0,7;30,3;0,009;25;0,0;0,0;0,9;0;--
1240,2;0,0;0,3;30,3;0,010;25;0,0;0,0;0,9;0;--
1241,3;0,0;0,5;30,3;0,010;25;0,0;0,0;0,9;0;--
1242,4;0,0;0,6;30,3;0,010;25;0,0;0,0;0,9;0;--
1243,5;0,0;0,6;30,3;0,010;25;0,0;0,0;0,9;0;--
1244,7;0,0;0,4;30,3;0,010;25;0,0;0,0;0,9;0;--
1245,8;0,0;0,5;30,3;0,011;25;0,0;0,0;0,9;0;--
1246,9;15,0;0,6;30,3;0,011;25;0,0;0,0;0,9;0;--
1247,1;6,0;0,5;30,3;0,011;25;0,0;0,0;0,9;0;--
1248,2;0,0;1,0;30,3;0,011;25;0,0;0,0;0,9;0;--
1249,4;0,0;0,4;30,3;0,011;25;0,0;0,0;0,9;0;--
1250,5;0,0;0,6;30,3;0,011;25;0,0;0,0;0,9;0;--
1251,6;0,0;0,7;30,3;0,012;25;0,0;0,0;0,9;0;--
1252,7;0,0;0,5;30,3;0,012;25;0,0;0,0;0,9;0;--
1253,8;0,0;0,4;30,3;0,012;25;0,0;0,0;0,9;0;--
1254,9;8,5;0,5;30,3;0,012;25;0,0;0,0;0,9;0;--
1256,1;3,0;0,3;30,3;0,013;25;0,0;0,0;0,9;0;--
1256,7;35,0;0,4;30,3;0,013;26;1,5;0,0;0,9;1790;--
1256,9;48,5;0,7;30,3;0,013;26;0,5;0,0;0,9;660;--
1257,1;7,5;0,5;30,2;0,013;26;0,0;0,0;0,9;0;--
1257,7;62,5;0,9;30,3;0,013;26;1,0;0,0;0,9;880;--
1258,0;78,0;0,8;30,2;0,013;26;0,5;0,0;0,9;675;--
1258,2;89,0;0,8;30,2;0,013;26;0,5;0,0;0,9;765;--
1258,4;89,5;0,9;30,3;0,013;26;0,5;0,0;0,9;835;--
1258,6;89,5;0,8;30,2;0,013;26;0,5;0,0;0,9;870;--
1258,8;89,5;0,8;30,2;0,013;26;0,5;0,0;0,9;895;--
1259,0;89,5;0,9;30,2;0,013;26;0,5;0,0;0,9;900;--
1259,3;91,0;0,9;30,3;0,013;26;0,5;0,0;0,9;905;--
1259,5;93,5;0,9;30,2;0,013;26;1,0;0,0;0,9;925;--
1259,7;94,5;0,9;30,3;0,013;26;1,0;0,0;0,9;1015;--
1259,9;94,5;0,9;30,3;0,013;26;1,5;0,0;0,9;1155;--
1260,1;94,5;1,0;30,3;0,014;26;1,5;0,0;0,9;1355;--
1260,4;94,5;1,0;30,3;0,014;26;2,0;0,0;0,9;1615;--
1260,6;94,5;0,9;30,2;0,014;26;2,5;0,0;0,9;1870;--
1260,8;94,5;0,9;30,2;0,014;26;2,5;0,0;0,9;2095;--
1261,0;94,5;0,9;30,2;0,014;26;3,0;0,0;0,9;2335;--
1261,2;94,5;0,8;30,2;0,014;26;3,5;0,0;0,9;2595;--
1261,4;94,5;0,8;30,2;0,014;26;3,5;0,0;0,9;2875;--
1261,7;94,5;0,8;30,2;0,014;26;4,0;0,0;0,9;3120;--
1261,9;94,5;0,8;30,2;0,014;26;4,5;0,0;0,9;3400;--
1262,1;95,5;0,7;30,2;0,014;26;5,0;0,0;0,8;3695;--
1262,3;96,0;0,8;30,2;0,014;26;5,5;0,0;0,8;4015;--
1262,5;96,5;0,8;30,2;0,014;26;6,0;0,0;0,8;4335;--
1262,8;96,5;0,8;30,2;0,014;26;6,5;0,0;0,8;4675;--
1263,0;96,5;0,7;30,2;0,014;26;7,0;0,0;0,8;5055;--
1263,2;96,5;0,7;30,2;0,014;26;7,5;0,0;0,8;5450;--
1263,4;96,5;0,7;30,2;0,014;26;8,0;0,0;0,8;5880;--
1263,6;96,5;0,7;30,2;0,014;26;9,0;0,0;0,8;6310;--
1263,8;96,5;0,7;30,2;0,014;26;9,5;0,0;0,8;6790;--
1264,1;96,5;0,7;30,2;0,014;26;10,5;0,0;0,8;7290;--
1264,3;96,5;0,8;30,2;0,015;26;11,0;0,0;0,8;7845;--
1264,5;96,5;0,8;30,2;0,015;26;12,0;0,0;0,8;8415;--
1264,7;96,5;0,7;30,2;0,015;26;13,0;0,0;0,8;9015;--
1264,9;96,5;0,8;30,2;0,015;26;14,0;0,0;0,8;9600;--
1265,2;96,5;0,8;30,2;0,015;26;15,0;0,0;0,8;10310;--
1265,4;96,5;0,7;30,2;0,015;26;15,5;0,0;0,8;10970;--
1265,6;96,5;0,9;30,2;0,015;26;17,0;0,0;0,8;11725;--
1265,8;96,5;0,9;30,2;0,015;26;17,5;0,0;0,8;12515;--
1266,0;96,5;0,9;30,2;0,015;26;19,0;0,0;0,8;13225;--
1266,2;96,5;1,1;30,2;0,015;26;20,5;0,0;0,8;13960;--
1266,5;96,5;1,1;30,2;0,015;26;21,5;0,0;0,8;14805;--
1266,7;94,5;1,2;30,2;0,015;26;23,0;0,0;0,8;15775;--
1266,9;94,5;1,2;30,2;0,015;26;24,5;0,0;0,8;16620;--
1267,1;89,5;1,3;30,2;0,015;26;25,5;0,0;0,8;17570;--
1267,3;81,5;1,3;30,2;0,015;26;27,5;0,0;0,8;18605;--
1267,6;28,5;1,4;30,2;0,015;26;28,5;0,0;0,8;19525;--
1267,8;0,0;1,0;30,2;0,016;26;0,0;0,0;0,8;0;--
1268,9;0,0;0,3;30,2;0,016;26;0,0;0,0;0,8;0;--
1270,0;0,0;0,9;30,2;0,016;26;0,0;0,0;0,9;0;--
1271,1;0,0;0,7;30,3;0,016;26;0,0;0,0;0,9;0;--
1272,3;0,0;0,5;30,3;0,017;26;0,0;0,0;0,9;0;--
1273,4;0,0;0,6;30,3;0,017;26;0,0;0,0;0,9;0;--
1274,5;0,0;0,9;30,3;0,017;26;0,0;0,0;0,9;0;--
1275,6;0,0;0,8;30,3;0,017;26;0,0;0,0;0,9;0;--
1276,7;0,0;0,7;30,3;0,018;26;0,0;0,0;0,9;0;--
1277,8;0,0;0,7;30,3;0,018;26;0,0;0,0;0,9;0;--
1279,0;0,0;0,7;30,3;0,018;26;0,0;0,0;0,9;0;--
1280,1;0,0;0,8;30,3;0,018;26;0,0;0,0;0,9;0;--
1281,2;0,0;0,6;30,3;0,019;26;0,0;0,0;0,9;0;--
1282,3;0,0;0,7;30,3;0,019;26;0,0;0,0;0,9;0;--
1283,4;0,0;0,5;30,3;0,019;26;0,0;0,0;0,9;0;--
1284,6;0,0;0,6;30,3;0,019;26;0,0;0,0;0,9;0;--
1285,7;0,0;0,6;30,3;0,020;26;0,0;0,0;0,9;0;--
1286,8;0,0;0,5;30,3;0,020;26;0,0;0,0;0,9;0;--
1287,9;0,0;0,6;30,3;0,020;26;0,0;0,0;0,9;0;--
1289,0;0,0;0,9;30,3;0,020;26;0,0;0,0;0,9;0;--
1290,1;0,0;0,7;30,3;0,021;26;0,0;0,0;0,9;0;--
1291,3;0,0;0,9;30,3;0,021;26;0,0;0,0;0,9;0;--
1292,4;0,0;0,9;30,3;0,021;26;0,0;0,0;0,9;0;--
1293,5;0,0;0,8;30,3;0,021;26;0,0;0,0;0,9;0;--
1294,6;0,0;0,4;30,3;0,022;26;0,0;0,0;0,9;0;--
1295,7;0,0;0,4;30,3;0,022;26;0,0;0,0;0,9;0;--
1296,9;0,0;0,8;30,3;0,022;26;0,0;0,0;0,9;0;--
1298,0;0,0;0,6;30,3;0,022;26;0,0;0,0;0,9;0;--
1299,1;0,0;0,5;30,3;0,022;26;0,0;0,0;0,9;0;--
1300,2;0,0;0,6;30,3;0,023;26;0,0;0,0;0,9;0;--
1301,3;0,0;0,5;30,3;0,023;26;0,0;0,0;0,9;0;--
1302,4;0,0;0,6;30,3;0,023;26;0,0;0,0;0,9;0;--
1303,6;0,0;0,8;30,3;0,023;26;0,0;0,0;0,9;0;--
1304,7;0,0;0,6;30,3;0,024;26;0,0;0,0;0,9;0;--
1305,8;0,0;0,7;30,3;0,024;26;0,0;0,0;0,9;0;--
1306,9;0,0;0,9;30,3;0,024;26;0,0;0,0;0,9;0;--
1308,0;0,0;0,8;30,3;0,024;26;0,0;0,0;0,9;0;--
1309,2;0,0;0,7;30,3;0,025;26;0,0;0,0;0,9;0;--
1310,3;0,0;0,7;30,3;0,025;26;0,0;0,0;0,9;0;--
1311,4;0,0;0,6;30,3;0,025;26;0,0;0,0;0,9;0;--
1312,5;0,0;0,8;30,3;0,025;26;0,0;0,0;0,9;0;--
1313,6;0,0;0,6;30,3;0,026;26;0,0;0,0;0,9;0;--
1314,7;0,0;0,7;30,3;0,026;26;0,0;0,0;0,9;0;--
1315,9;0,0;0,8;30,3;0,026;26;0,0;0,0;0,9;0;--
1317,0;0,0;1,0;30,3;0,026;26;0,0;0,0;0,9;0;--
1318,1;0,0;0,9;30,3;0,027;26;0,0;0,0;0,9;0;--
1319,2;0,0;0,8;30,3;0,027;26;0,0;0,0;0,9;0;--
1320,3;0,0;0,9;30,3;0,027;26;0,0;0,0;0,9;0;--
1321,4;0,0;1,0;30,3;0,028;26;0,0;0,0;0,9;0;--
1322,6;0,0;0,9;30,3;0,028;26;0,0;0,0;0,9;0;--
1323,7;0,0;0,7;30,3;0,028;26;0,0;0,0;0,9;0;--
1324,8;0,0;0,9;30,3;0,029;26;0,0;0,0;0,9;0;--
1325,9;0,0;0,9;30,3;0,029;26;0,0;0,0;0,9;0;--
1327,0;0,0;0,9;30,3;0,029;26;0,0;0,0;0,9;0;--
1328,2;0,0;0,9;30,3;0,030;26;0,0;0,0;0,9;0;--
1330,4;0,0;0,7;30,3;0,030;26;0,0;0,0;0,9;0;--
1331,5;0,0;0,6;30,3;0,030;26;0,0;0,0;0,9;0;--
1332,6;0,0;0,8;30,3;0,031;26;0,0;0,0;0,9;0;--
1333,7;0,0;0,5;30,3;0,031;26;0,0;0,0;0,9;0;--
1334,9;0,0;0,6;30,3;0,031;26;0,0;0,0;0,9;0;--
1336,0;0,0;0,6;30,3;0,031;26;0,0;0,0;0,9;0;--
1337,1;0,0;0,8;30,3;0,032;26;0,0;0,0;0,9;0;--
1338,2;0,0;0,5;30,3;0,032;26;0,0;0,0;0,9;0;--
1339,3;0,0;0,5;30,3;0,032;26;0,0;0,0;0,9;0;--
1340,5;0,0;0,8;30,3;0,032;26;0,0;0,0;0,9;0;--
1341,6;0,0;0,7;30,3;0,032;26;0,0;0,0;0,9;0;--
1342,7;0,0;0,5;30,3;0,033;26;0,0;0,0;0,9;0;--
1343,8;0,0;0,9;30,3;0,033;26;0,0;0,0;0,9;0;--
1344,9;0,0;0,4;30,3;0,033;26;0,0;0,0;0,9;0;--
1346,0;0,0;0,7;30,3;0,033;26;0,0;0,0;0,9;0;--
1347,2;0,0;0,5;30,3;0,034;26;0,0;0,0;0,9;0;--
1348,3;0,0;0,9;30,3;0,034;26;0,0;0,0;0,9;0;--
1349,4;0,0;0,8;30,3;0,034;26;0,0;0,0;0,9;0;--
1350,5;0,0;0,6;30,3;0,034;26;0,0;0,0;0,9;0;--
1351,6;0,0;0,5;30,3;0,034;26;0,0;0,0;0,9;0;--
1352,8;0,0;0,8;30,3;0,035;26;0,0;0,0;0,9;0;--
1353,9;0,0;0,6;30,3;0,035;26;0,0;0,0;0,9;0;--
1355,0;0,0;0,6;30,3;0,035;26;0,0;0,0;0,9;0;--
1356,1;9,5;0,8;30,3;0,035;26;0,0;0,0;0,9;0;--
1356,9;32,0;0,7;30,2;0,036;26;0,5;0,0;0,9;670;--
1357,1;32,0;0,6;30,2;0,036;26;0,5;0,0;0,9;730;--
1357,4;32,0;0,5;30,2;0,036;26;0,5;0,0;0,9;800;--
1357,6;32,0;0,6;30,2;0,036;26;0,5;0,0;0,9;850;--
1357,8;32,5;0,5;30,2;0,036;26;0,5;0,0;0,9;885;--
1358,0;36,0;0,5;30,2;0,036;26;0,5;0,0;0,9;905;--
1358,2;39,5;0,5;30,2;0,036;26;0,5;0,0;0,9;910;--
1358,5;48,0;0,5;30,2;0,036;26;1,0;0,0;0,9;910;--
1358,7;54,5;0,4;30,2;0,036;26;1,0;0,0;0,8;960;--
1358,9;61,0;0,5;30,2;0,036;26;1,0;0,0;0,8;1065;--
1359,1;62,0;0,5;30,2;0,036;26;1,5;0,0;0,9;1230;--
1359,3;62,5;0,5;30,2;0,036;26;1,5;0,0;0,9;1455;--
1359,5;62,5;0,4;30,2;0,036;26;2,0;0,0;0,8;1715;--
1359,8;70,5;0,5;30,2;0,036;26;2,5;0,0;0,8;1955;--
1360,0;76,0;0,5;30,2;0,036;26;2,5;0,0;0,9;2190;--
1360,2;77,0;0,4;30,2;0,036;26;3,0;0,0;0,8;2435;--
1360,4;77,0;0,4;30,2;0,036;26;3,5;0,0;0,9;2710;--
1360,6;77,0;0,4;30,2;0,036;26;4,0;0,0;0,9;2965;--
1360,9;77,0;0,4;30,2;0,036;26;4,0;0,0;0,8;3230;--
1361,1;77,0;0,5;30,2;0,036;26;4,5;0,0;0,8;3510;--
1361,3;77,0;0,5;30,2;0,036;26;5,0;0,0;0,8;3830;--
1361,5;77,0;0,5;30,2;0,036;26;5,5;0,0;0,8;4150;--
1361,7;77,5;0,4;30,2;0,036;26;6,0;0,0;0,8;4485;--
1361,9;80,5;0,4;30,2;0,036;26;6,5;0,0;0,8;4820;--
1362,2;84,5;0,6;30,2;0,036;26;7,0;0,0;0,8;5220;--
1362,4;92,5;0,6;30,2;0,036;26;8,0;0,0;0,8;5645;--
1362,6;93,5;0,6;30,2;0,037;26;8,5;0,0;0,8;6075;--
1362,8;93,5;0,5;30,2;0,037;26;9,0;0,0;0,8;6525;--
1363,0;93,5;0,5;30,2;0,037;26;10,0;0,0;0,8;7010;--
1363,3;93,5;0,5;30,2;0,037;26;10,5;0,0;0,8;7525;--
1363,5;93,5;0,6;30,2;0,037;26;11,5;0,0;0,8;8075;--
1363,7;93,5;0,7;30,2;0,037;26;12,5;0,0;0,8;8625;--
1363,9;93,5;0,7;30,2;0,037;26;13,0;0,0;0,8;9245;--
1364,1;93,5;0,7;30,2;0,037;26;14,0;0,0;0,8;9925;--
1364,4;93,5;0,8;30,2;0,037;26;15,0;0,0;0,8;10525;--
1364,6;93,5;1,1;30,2;0,037;26;16,5;0,0;0,8;11260;--
1364,8;93,5;1,2;30,2;0,037;26;17,0;0,0;0,8;11975;--
1365,0;93,5;1,2;30,2;0,037;26;18,0;0,0;0,8;12675;--
1365,2;93,5;1,0;30,2;0,037;26;19,5;0,0;0,8;13515;--
1365,4;93,5;1,1;30,2;0,037;26;21,0;0,0;0,8;14260;--
1365,7;93,5;1,2;30,2;0,037;26;22,0;0,0;0,8;15015;--
1365,9;93,5;1,1;30,2;0,037;26;23,5;0,0;0,8;16010;--
1366,1;93,5;1,1;30,2;0,038;26;24,5;0,0;0,8;16915;--
1366,3;93,5;1,4;30,2;0,038;26;26,0;0,0;0,8;17800;--
1366,5;93,0;1,4;30,2;0,038;26;27,5;0,0;0,8;18860;--
1366,8;93,0;1,3;30,2;0,038;26;29,0;0,0;0,8;20015;--
1367,0;93,0;1,4;30,2;0,038;26;30,0;0,0;0,8;20140;--
1367,2;93,0;1,8;30,2;0,038;26;29,5;0,0;0,8;20180;--
1367,4;93,0;1,9;30,2;0,038;26;29,5;0,0;0,8;20365;--
1367,6;93,0;2,1;30,2;0,038;26;32,5;0,3;0,8;21925;--
1367,8;89,5;2,0;30,1;0,038;26;35,5;0,0;0,8;23810;--
1368,1;90,0;2,2;30,1;0,038;26;38,0;0,5;0,8;25765;--
1368,3;94,0;2,4;30,1;0,039;26;41,5;1,0;0,8;27285;--
1368,5;89,5;2,4;30,1;0,039;26;44,0;0,9;0,8;29430;--
1368,7;89,0;2,2;30,1;0,039;26;46,5;0,4;0,8;31315;--
1368,9;83,0;2,3;30,1;0,039;26;49,5;0,6;0,8;33125;--
1369,2;59,0;2,2;30,1;0,039;26;52,0;0,4;0,8;35130;--
1369,4;3,5;1,9;30,1;0,039;26;0,0;0,0;0,8;0;--
1370,5;0,0;0,5;30,2;0,040;26;0,0;0,0;0,9;0;--
1371,6;0,0;0,9;30,2;0,040;26;0,0;0,0;0,9;0;--
1372,7;0,0;0,5;30,2;0,040;26;0,0;0,0;0,9;0;--
1373,9;0,0;0,5;30,2;0,040;26;0,0;0,0;0,9;0;--
1375,0;0,0;0,7;30,2;0,040;26;0,0;0,0;0,9;0;--
1376,1;0,0;0,5;30,2;0,041;26;0,0;0,0;0,9;0;--
1377,2;0,0;0,8;30,2;0,041;26;0,0;0,0;0,9;0;--
1378,3;0,0;0,6;30,2;0,041;26;0,0;0,0;0,9;0;--
1379,4;0,0;0,7;30,2;0,041;26;0,0;0,0;0,9;0;--
1380,6;0,0;0,4;30,2;0,041;26;0,0;0,0;0,9;0;--
1381,7;0,0;0,5;30,2;0,042;26;0,0;0,0;0,9;0;--
1382,8;0,0;0,5;30,3;0,042;26;0,0;0,0;0,9;0;--
1383,9;0,0;0,6;30,2;0,042;26;0,0;0,0;0,9;0;--
1385,0;0,0;0,4;30,3;0,042;26;0,0;0,0;0,9;0;--
1386,2;0,0;0,6;30,3;0,042;26;0,0;0,0;0,9;0;--
1387,3;0,0;0,6;30,3;0,043;26;0,0;0,0;0,9;0;--
1388,4;0,0;0,5;30,3;0,043;26;0,0;0,0;0,9;0;--
1389,5;0,0;0,4;30,3;0,043;26;0,0;0,0;0,9;0;--
1390,6;0,0;0,5;30,3;0,043;26;0,0;0,0;0,9;0;--
1391,7;0,0;0,5;30,3;0,043;26;0,0;0,0;0,9;0;--
1392,9;0,0;0,5;30,3;0,044;26;0,0;0,0;0,9;0;--
1394,0;0,0;0,6;30,3;0,044;26;0,0;0,0;0,9;0;--
1395,1;0,0;0,6;30,3;0,044;26;0,0;0,0;0,9;0;--
1396,2;0,0;0,5;30,3;0,044;26;0,0;0,0;0,9;0;--
1397,3;0,0;0,7;30,3;0,045;26;0,0;0,0;0,9;0;--
1398,5;0,0;0,5;30,3;0,045;26;0,0;0,0;0,9;0;--
1399,6;0,0;0,7;30,3;0,045;26;0,0;0,0;0,9;0;--
1400,7;0,0;0,6;30,3;0,045;26;0,0;0,0;0,9;0;--
1401,8;0,0;0,7;30,3;0,045;26;0,0;0,0;0,9;0;--
1402,9;0,0;0,6;30,3;0,046;26;0,0;0,0;0,9;0;--
1404,0;0,0;0,7;30,3;0,046;26;0,0;0,0;0,9;0;--
1405,2;0,0;0,5;30,3;0,046;26;0,0;0,0;0,9;0;--
1406,3;0,0;0,6;30,3;0,046;26;0,0;0,0;0,9;0;--
1407,4;0,0;0,4;30,3;0,046;26;0,0;0,0;0,9;0;--
1408,5;0,0;0,5;30,3;0,047;26;0,0;0,0;0,9;0;--
1409,6;0,0;0,8;30,3;0,047;26;0,0;0,0;0,9;0;--
1410,8;0,0;0,4;30,3;0,047;26;0,0;0,0;0,9;0;--
1411,9;0,0;0,4;30,3;0,047;26;0,0;0,0;0,9;0;--
1413,0;0,0;0,7;30,3;0,047;26;0,0;0,0;0,9;0;--
1414,1;0,0;0,6;30,3;0,048;26;0,0;0,0;0,9;0;--
1415,2;0,0;0,5;30,3;0,048;26;0,0;0,0;0,9;0;--
1416,3;0,0;0,5;30,3;0,048;26;0,0;0,0;0,9;0;--
1417,5;0,0;0,6;30,3;0,048;26;0,0;0,0;0,9;0;--
1418,6;0,0;0,6;30,3;0,048;26;0,0;0,0;0,9;0;--
1419,7;0,0;0,6;30,3;0,049;26;0,0;0,0;0,9;0;--
1420,8;0,0;0,8;30,3;0,049;26;0,0;0,0;0,9;0;--
1421,9;0,0;0,9;30,3;0,049;26;0,0;0,0;0,9;0;--
1423,0;0,0;0,8;30,3;0,050;26;0,0;0,0;0,9;0;--
1424,2;0,0;0,7;30,3;0,050;26;0,0;0,0;0,9;0;--
1425,3;0,0;0,9;30,3;0,050;26;0,0;0,0;0,9;0;--
1426,4;0,0;0,9;30,2;0,050;26;0,0;0,0;0,9;0;--
1427,5;0,0;1,0;30,3;0,051;26;0,0;0,0;0,9;0;--
1428,6;0,0;0,7;30,3;0,051;26;0,0;0,0;0,9;0;--
1429,8;0,0;0,6;30,3;0,051;26;0,0;0,0;0,9;0;--
1430,9;0,0;0,8;30,3;0,052;26;0,0;0,0;0,9;0;--
1432,0;0,0;0,7;30,3;0,052;26;0,0;0,0;0,9;0;--
1433,1;0,0;0,8;30,3;0,052;26;0,0;0,0;0,9;0;--
1434,2;0,0;0,9;30,3;0,052;26;0,0;0,0;0,9;0;--
1436,5;0,0;0,7;30,3;0,053;26;0,0;0,0;0,9;0;--
1437,6;0,0;0,7;30,3;0,053;26;0,0;0,0;0,9;0;--
1438,7;0,0;1,0;30,3;0,053;26;0,0;0,0;0,9;0;--
1439,8;0,0;1,0;30,3;0,054;26;0,0;0,0;0,9;0;--
1440,9;0,0;0,6;30,3;0,054;26;0,0;0,0;0,9;0;--
1442,1;0,0;0,9;30,3;0,054;26;0,0;0,0;0,9;0;--
1443,2;0,0;0,6;30,3;0,055;26;0,0;0,0;0,9;0;--
1444,3;0,0;0,7;30,3;0,055;26;0,0;0,0;0,9;0;--
1445,4;0,0;0,8;30,3;0,055;26;0,0;0,0;0,9;0;--
1446,5;0,0;0,9;30,3;0,056;26;0,0;0,0;0,9;0;--
1447,6;0,0;0,7;30,3;0,056;26;0,0;0,0;0,9;0;--
1448,8;0,0;0,9;30,3;0,056;26;0,0;0,0;0,9;0;--
1449,9;0,0;1,0;30,3;0,056;26;0,0;0,0;0,9;0;--
1451,0;0,0;0,9;30,3;0,057;26;0,0;0,0;0,9;0;--
1452,1;0,0;0,9;30,3;0,057;26;0,0;0,0;0,9;0;--
1453,2;0,0;0,5;30,3;0,057;26;0,0;0,0;0,9;0;--
1454,4;0,0;0,9;30,3;0,057;26;0,0;0,0;0,9;0;--
1455,5;0,0;0,8;30,3;0,058;26;0,0;0,0;0,9;0;--
1456,6;0,0;0,7;30,3;0,058;26;0,0;0,0;0,9;0;--
1457,7;0,0;1,0;30,3;0,058;26;0,0;0,0;0,9;0;--
1458,8;0,0;0,6;30,3;0,059;26;0,0;0,0;0,9;0;--
1459,9;0,0;0,9;30,3;0,059;26;0,0;0,0;0,9;0;--
1461,1;0,0;0,9;30,3;0,059;26;0,0;0,0;0,9;0;--
1462,2;0,0;0,7;30,3;0,059;26;0,0;0,0;0,9;0;--
1463,3;0,0;0,8;30,3;0,060;26;0,0;0,0;0,9;0;--
1464,4;0,0;0,8;30,3;0,060;26;0,0;0,0;0,9;0;--
1465,5;0,0;1,0;30,3;0,060;26;0,0;0,0;0,9;0;--
1466,7;0,0;0,9;30,3;0,061;26;0,0;0,0;0,9;0;--
1467,8;0,0;1,0;30,3;0,061;26;0,0;0,0;0,9;0;--
1468,9;0,0;0,8;30,3;0,061;26;0,0;0,0;0,9;0;--
1470,0;0,0;0,9;30,3;0,061;26;0,0;0,0;0,9;0;--
1471,1;0,0;1,0;30,2;0,062;26;0,0;0,0;0,9;0;--
1472,2;0,0;0,7;30,2;0,062;26;0,0;0,0;0,9;0;--
1473,4;0,0;0,9;30,3;0,063;26;0,0;0,0;0,9;0;--
1474,5;0,0;0,9;30,3;0,063;26;0,0;0,0;0,9;0;--
1475,6;0,0;0,7;30,3;0,063;26;0,0;0,0;0,9;0;--
1476,7;0,0;0,9;30,3;0,063;26;0,0;0,0;0,9;0;--
1477,8;0,0;1,0;30,3;0,064;26;0,0;0,0;0,9;0;--
1479,0;0,0;0,9;30,3;0,064;26;0,0;0,0;0,9;0;--
1480,1;0,0;0,9;30,3;0,064;26;0,0;0,0;0,9;0;--
1481,2;0,0;0,7;30,3;0,065;26;0,0;0,0;0,9;0;--
1482,3;0,0;0,9;30,3;0,065;26;0,0;0,0;0,9;0;--
1483,4;0,0;0,9;30,2;0,065;26;0,0;0,0;0,9;0;--
1484,5;0,0;0,9;30,2;0,066;26;0,0;0,0;0,9;0;--
1485,7;0,0;0,9;30,3;0,066;26;0,0;0,0;0,9;0;--
1486,8;0,0;1,0;30,2;0,066;26;0,0;0,0;0,9;0;--
1487,9;0,0;0,9;30,2;0,067;26;0,0;0,0;0,9;0;--
1489,0;0,0;0,9;30,2;0,067;26;0,0;0,0;0,9;0;--
1490,1;0,0;0,9;30,3;0,067;26;0,0;0,0;0,9;0;--
1491,3;0,0;0,9;30,2;0,068;26;0,0;0,0;0,9;0;--
1492,4;0,0;0,9;30,3;0,068;26;0,0;0,0;0,9;0;--
1493,5;0,0;0,9;30,3;0,068;26;0,0;0,0;0,9;0;--
1494,6;0,0;1,0;30,3;0,069;26;0,0;0,0;0,9;0;--
1495,7;0,0;0,8;30,2;0,068;26;0,0;0,0;0,9;0; THRTL
1496,8;0,0;0,9;30,3;0,069;26;0,0;0,0;0,9;0; THRTL
1498,0;0,0;0,7;30,2;0,069;26;0,0;0,0;0,9;0; THRTL
1499,1;0,0;1,0;30,2;0,069;26;0,0;0,0;0,9;0; THRTL
1500,2;0,0;0,2;30,2;0,069;26;0,0;0,0;0,9;0; THRTL
1501,3;0,0;0,9;30,2;0,069;26;0,0;0,0;0,9;0; THRTL
1502,4;0,0;0,0;30,2;0,069;26;0,0;0,0;0,9;0; THRTL
1503,6;0,0;0,9;30,3;0,069;26;0,0;0,0;0,9;0; THRTL
1504,7;0,0;0,0;30,2;0,070;26;0,0;0,0;0,9;0; THRTL
1505,8;0,0;1,0;30,2;0,069;26;0,0;0,0;0,9;0; THRTL
1506,9;0,0;0,0;30,2;0,070;26;0,0;0,0;0,9;0; THRTL
1508,0;0,0;0,9;30,2;0,070;26;0,0;0,0;0,9;0; THRTL
1509,1;0,0;0,8;30,2;0,070;26;0,0;0,0;0,9;0; THRTL
1510,3;0,0;0,9;30,2;0,070;26;0,0;0,0;0,9;0; THRTL
1511,4;0,0;0,9;30,2;0,070;26;0,0;0,0;0,9;0; THRTL
1512,5;0,0;0,8;30,2;0,070;26;0,0;0,0;0,9;0; THRTL
1513,6;0,0;0,9;30,2;0,070;26;0,0;0,0;0,9;0; THRTL
1514,7;0,0;0,6;30,2;0,070;26;0,0;0,0;0,9;0; THRTL
1515,9;0,0;1,0;30,2;0,070;26;0,0;0,0;0,9;0; THRTL
1517,0;0,0;0,1;30,2;0,070;26;0,0;0,0;0,9;0; THRTL
1518,1;0,0;1,0;30,2;0,071;26;0,0;0,0;0,9;0; THRTL
1519,2;0,0;0,0;30,2;0,071;26;0,0;0,0;0,9;0; THRTL
1520,3;0,0;0,9;30,2;0,071;26;0,0;0,0;0,9;0; THRTL
1521,4;0,0;0,0;30,2;0,071;26;0,0;0,0;0,9;0; THRTL
1522,6;0,0;0,9;30,2;0,071;26;0,0;0,0;0,9;0; THRTL
1523,7;0,0;0,0;30,2;0,071;26;0,0;0,0;0,9;0; THRTL
1524,8;0,0;0,9;30,2;0,071;26;0,0;0,0;0,9;0; THRTL
1525,9;0,0;0,9;30,2;0,072;26;0,0;0,0;0,9;0; THRTL
1527,0;0,0;0,9;30,2;0,072;26;0,0;0,0;0,9;0; THRTL
1528,1;0,0;0,9;30,2;0,072;26;0,0;0,0;0,9;0; THRTL
1529,3;0,0;0,7;30,2;0,072;26;0,0;0,0;0,9;0; THRTL
1530,4;0,0;0,9;30,2;0,072;26;0,0;0,0;0,9;0; THRTL
1531,5;0,0;0,4;30,2;0,072;26;0,0;0,0;0,9;0; THRTL
1532,6;0,0;1,0;30,2;0,072;26;0,0;0,0;0,9;0; THRTL
1533,7;0,0;0,0;30,2;0,072;26;0,0;0,0;0,9;0; THRTL
1534,9;0,0;1,0;30,2;0,072;26;0,0;0,0;0,9;0; THRTL
1536,0;0,0;0,0;30,2;0,073;26;0,0;0,0;0,9;0; THRTL
1537,1;0,0;0,9;30,2;0,073;26;0,0;0,0;0,9;0; THRTL
1538,2;0,0;0,0;30,2;0,073;26;0,0;0,0;0,9;0; THRTL
1539,3;0,0;0,9;30,2;0,073;26;0,0;0,0;0,9;0; THRTL
1540,4;0,0;0,9;30,2;0,073;26;0,0;0,0;0,9;0;--
1541,6;0,0;0,9;30,2;0,073;26;0,0;0,0;0,9;0;--
1542,7;0,0;0,9;30,2;0,074;26;0,0;0,0;0,9;0;--
1543,8;0,0;0,9;30,2;0,074;26;0,0;0,0;0,9;0;--
1544,9;0,0;0,9;30,2;0,074;26;0,0;0,0;0,9;0;--
1546,0;0,0;0,6;30,3;0,074;26;0,0;0,0;0,9;0;--
1547,2;0,0;0,8;30,2;0,075;26;0,0;0,0;0,9;0;--
1548,3;0,0;0,7;30,2;0,075;26;0,0;0,0;0,9;0;--
1549,4;0,0;1,0;30,2;0,075;26;0,0;0,0;0,9;0;--
1550,5;0,0;0,7;30,2;0,076;26;0,0;0,0;0,9;0;--
1551,6;0,0;0,9;30,2;0,076;26;0,0;0,0;0,9;0;--
1552,8;0,0;0,8;30,2;0,076;26;0,0;0,0;0,9;0;--
1554,0;0,0;0,9;30,2;0,076;26;0,0;0,0;0,9;0;--
1555,1;0,0;0,8;30,2;0,077;26;0,0;0,0;0,9;0;--
1556,2;0,0;0,9;30,2;0,077;26;0,0;0,0;0,9;0;--
1557,3;0,0;0,8;30,2;0,077;26;0,0;0,0;0,9;0;--
1558,4;0,0;0,9;30,3;0,078;26;0,0;0,0;0,9;0;--
1559,6;0,0;0,9;30,2;0,078;26;0,0;0,0;0,9;0;--
1560,7;0,0;0,8;30,2;0,078;26;0,0;0,0;0,9;0;--
1561,8;0,0;0,7;30,3;0,079;26;0,0;0,0;0,9;0;--
1562,9;0,0;0,8;30,2;0,079;26;0,0;0,0;0,9;0;--
1564,0;0,0;0,9;30,2;0,079;26;0,0;0,0;0,9;0;--
1565,1;0,0;0,7;30,3;0,080;26;0,0;0,0;0,9;0;--
1566,3;0,0;0,9;30,3;0,080;26;0,0;0,0;0,9;0;--
1567,4;0,0;0,9;30,3;0,080;26;0,0;0,0;0,9;0;--
1568,5;0,0;1,0;30,3;0,080;26;0,0;0,0;0,9;0;--
1569,6;0,0;0,9;30,2;0,081;26;0,0;0,0;0,9;0;--
1571,0;0,0;0,8;30,2;0,081;26;0,0;0,0;0,9;0;--
1572,2;0,0;0,9;30,2;0,081;26;0,0;0,0;0,9;0;--
1573,3;0,0;1,0;30,3;0,082;26;0,0;0,0;0,9;0;--
1574,4;0,0;0,9;30,2;0,082;26;0,0;0,0;0,9;0;--
1575,5;0,0;1,0;30,3;0,082;26;0,0;0,0;0,9;0;--
1576,6;0,0;0,9;30,2;0,083;26;0,0;0,0;0,9;0;--
1578,5;0,0;0,9;30,3;0,083;26;0,0;0,0;0,9;0;--
1579,7;0,0;0,9;30,2;0,083;26;0,0;0,0;0,9;0;--
1580,8;0,0;0,9;30,2;0,084;26;0,0;0,0;0,9;0;--
1582,8;0,0;0,9;30,2;0,085;26;0,0;0,0;0,9;0;--
1584,5;0,0;1,0;30,2;0,085;26;0,0;0,0;0,9;0;--
1585,6;0,0;0,6;30,2;0,085;26;0,0;0,0;0,9;0;--
1586,8;0,0;0,9;30,2;0,086;26;0,0;0,0;0,9;0;--
1587,9;0,0;0,9;30,2;0,086;26;0,0;0,0;0,9;0;--
1589,0;0,0;0,9;30,2;0,086;26;0,0;0,0;0,9;0;--
1590,1;0,0;1,0;30,2;0,086;26;0,0;0,0;0,9;0;--
1591,2;0,0;1,0;30,3;0,087;26;0,0;0,0;0,9;0;--
1592,3;0,0;0,7;30,2;0,087;26;0,0;0,0;0,9;0;--
1594,6;0,0;0,9;30,2;0,088;26;0,0;0,0;0,9;0;--
1595,7;0,0;0,8;30,2;0,088;26;0,0;0,0;0,9;0;--
1596,8;0,0;0,9;30,2;0,088;26;0,0;0,0;0,9;0;--
1597,9;0,0;0,9;30,2;0,089;26;0,0;0,0;0,9;0;--
1599,4;0,0;1,0;30,2;0,089;26;0,0;0,0;0,9;0;--
1600,5;0,0;1,0;30,2;0,089;26;0,0;0,0;0,9;0;--
1601,6;0,0;0,9;30,2;0,090;26;0,0;0,0;0,9;0;--
1602,8;0,0;0,8;30,2;0,090;26;0,0;0,0;0,9;0;--
1603,9;0,0;0,9;30,2;0,090;26;0,0;0,0;0,9;0;--
1605,0;0,0;0,9;30,2;0,091;26;0,0;0,0;0,9;0;--
1606,2;0,0;0,9;30,2;0,091;26;0,0;0,0;0,9;0;--
1607,9;0,0;0,9;30,2;0,092;26;0,0;0,0;0,9;0;--
1609,2;0,0;0,8;30,2;0,092;26;0,0;0,0;0,9;0;--
1610,3;0,0;0,9;30,2;0,092;26;0,0;0,0;0,9;0;--
1611,4;0,0;0,9;30,2;0,093;26;0,0;0,0;0,9;0;--
1612,6;0,0;0,9;30,2;0,093;26;0,0;0,0;0,9;0;--
1613,7;0,0;0,9;30,2;0,093;26;0,0;0,0;0,9;0;--
1614,8;0,0;0,9;30,2;0,093;26;0,0;0,0;0,9;0;--
1615,9;0,0;1,0;30,2;0,094;26;0,0;0,0;0,9;0;--
1617,0;0,0;0,8;30,2;0,094;26;0,0;0,0;0,9;0;--
1618,1;0,0;0,9;30,2;0,094;26;0,0;0,0;0,9;0;--
1619,3;0,0;0,9;30,2;0,095;26;0,0;0,0;0,9;0;--
1620,4;0,0;0,9;30,2;0,095;26;0,0;0,0;0,9;0;--
1621,5;0,0;0,9;30,2;0,095;26;0,0;0,0;0,9;0;--
1622,6;0,0;0,9;30,2;0,096;26;0,0;0,0;0,9;0;--
1624,1;0,0;1,0;30,2;0,096;26;0,0;0,0;0,9;0;--
1625,3;0,0;0,9;30,2;0,096;26;0,0;0,0;0,9;0;--
1626,4;0,0;0,9;30,2;0,097;26;0,0;0,0;0,9;0;--
1629,0;0,0;0,9;30,2;0,098;26;0,0;0,0;0,9;0;--
1630,1;0,0;0,8;30,2;0,098;26;0,0;0,0;0,9;0;--
1631,2;0,0;0,9;30,2;0,098;26;0,0;0,0;0,9;0;--
1632,3;0,0;0,9;30,2;0,098;26;0,0;0,0;0,9;0;--
1633,5;0,0;0,9;30,2;0,099;26;0,0;0,0;0,9;0;--
1634,6;0,0;0,8;30,2;0,099;26;0,0;0,0;0,9;0;--
1635,7;0,0;0,7;30,2;0,099;26;0,0;0,0;0,9;0;--
1636,8;0,0;0,7;30,3;0,100;26;0,0;0,0;0,9;0;--
1637,9;0,0;0,9;30,2;0,100;26;0,0;0,0;0,9;0;--
1639,1;0,0;0,8;30,2;0,100;26;0,0;0,0;0,9;0;--
1640,2;0,0;0,8;30,2;0,101;26;0,0;0,0;0,9;0;--
1641,3;0,0;0,6;30,3;0,101;26;0,0;0,0;0,9;0;--
1642,4;0,0;0,7;30,2;0,101;26;0,0;0,0;0,9;0;--
1643,5;0,0;0,8;30,2;0,101;26;0,0;0,0;0,9;0;--
1644,6;0,0;0,9;30,2;0,102;26;0,0;0,0;0,9;0;--
1645,8;0,0;0,9;30,2;0,102;26;0,0;0,0;0,9;0;--
1646,9;0,0;0,9;30,2;0,102;26;0,0;0,0;0,9;0;--
1648,0;0,0;0,9;30,2;0,102;26;0,0;0,0;0,9;0;--
1649,1;0,0;0,8;30,2;0,103;26;0,0;0,0;0,9;0;--
1650,2;0,0;0,9;30,2;0,103;26;0,0;0,0;0,9;0;--
1651,4;0,0;1,0;30,3;0,103;26;0,0;0,0;0,9;0;--
1652,6;0,0;0,8;30,2;0,104;26;0,0;0,0;0,9;0;--
1653,1;24,5;0,9;30,2;0,104;26;0,0;0,0;0,9;0;--
1653,3;32,5;0,6;30,2;0,104;26;0,5;0,0;0,9;810;--
1653,5;32,0;0,4;30,2;0,104;26;0,5;0,0;0,9;670;--
1653,7;31,5;0,4;30,2;0,104;26;0,5;0,0;0,9;765;--
1654,0;31,5;0,5;30,2;0,104;26;0,5;0,0;0,9;840;--
1654,2;31,5;0,4;30,2;0,104;26;0,5;0,0;0,9;880;--
1654,4;32,5;0,5;30,2;0,104;26;0,5;0,0;0,9;905;--
1654,6;37,5;0,5;30,2;0,104;26;0,5;0,0;0,9;910;--
1654,8;44,5;0,5;30,2;0,104;26;1,0;0,0;0,9;910;--
1655,0;52,5;0,4;30,2;0,104;26;1,0;0,0;0,9;945;--
1655,3;61,0;0,5;30,2;0,104;26;1,0;0,0;0,9;1040;--
1655,5;65,0;0,5;30,2;0,104;26;1,5;0,0;0,9;1195;--
1655,7;67,5;0,4;30,2;0,104;26;1,5;0,0;0,9;1405;--
1655,9;73,0;0,5;30,2;0,104;26;2,0;0,0;0,9;1660;--
1656,1;74,5;0,3;30,2;0,104;26;2,5;0,0;0,8;1910;--
1656,4;76,5;0,3;30,2;0,104;26;2,5;0,0;0,8;2140;--
1656,6;77,0;0,4;30,2;0,104;26;3,0;0,0;0,9;2385;--
1656,8;77,0;0,4;30,2;0,104;26;3,5;0,0;0,9;2650;--
1657,0;77,0;0,5;30,2;0,104;26;3,5;0,0;0,9;2915;--
1657,2;77,0;0,4;30,2;0,105;26;4,0;0,0;0,9;3165;--
1657,5;77,0;0,4;30,2;0,105;26;4,5;0,0;0,9;3460;--
1657,7;77,0;0,5;30,2;0,105;26;5,0;0,0;0,9;3760;--
1657,9;77,0;0,3;30,2;0,105;26;5,5;0,0;0,9;4085;--
1658,1;77,0;0,6;30,2;0,105;26;6,0;0,0;0,9;4405;--
1658,3;77,0;0,8;30,2;0,105;26;6,5;0,0;0,8;4740;--
1658,5;77,0;0,6;30,2;0,105;26;7,0;0,0;0,8;5125;--
1658,8;77,0;0,6;30,2;0,105;26;7,5;0,0;0,8;5540;--
1659,0;77,0;0,8;30,2;0,105;26;8,5;0,0;0,8;5945;--
1659,2;77,0;0,8;30,2;0,105;26;9,0;0,0;0,8;6395;--
1659,4;77,0;1,0;30,2;0,105;26;9,5;0,0;0,8;6895;--
1659,6;77,0;1,1;30,2;0,105;26;10,5;0,0;0,8;7410;--
1659,9;77,0;1,1;30,2;0,105;26;11,0;0,0;0,8;7940;--
1660,1;77,0;1,2;30,2;0,105;26;12,0;0,0;0,8;8530;--
1660,3;77,0;1,2;30,2;0,105;26;13,0;0,0;0,8;9100;--
1660,5;77,0;1,2;30,2;0,105;26;14,0;0,0;0,8;9695;--
1660,7;77,0;1,3;30,2;0,105;26;15,0;0,0;0,8;10385;--
1660,9;77,0;1,4;30,2;0,106;26;16,0;0,0;0,8;11085;--
1661,2;77,0;1,4;30,2;0,106;26;17,0;0,0;0,8;11810;--
1661,4;77,0;1,1;30,2;0,106;26;18,0;0,0;0,8;12510;--
1661,6;77,0;1,1;30,2;0,106;26;19,5;0,0;0,9;13335;--
1661,8;77,0;1,2;30,2;0,106;26;20,5;0,0;0,8;14105;--
1662,0;77,0;1,0;30,2;0,106;26;22,0;0,0;0,8;15065;--
1662,3;77,0;1,2;30,2;0,106;26;23,0;0,0;0,8;15805;--
1662,5;77,0;1,7;30,2;0,106;27;24,5;0,0;0,8;16735;--
1662,7;77,0;1,8;30,2;0,106;27;26,0;0,0;0,8;17610;--
1662,9;77,0;1,8;30,2;0,106;27;27,0;0,0;0,8;18475;--
1663,1;77,0;1,8;30,2;0,106;27;29,0;0,0;0,8;19570;--
1663,3;77,0;1,6;30,1;0,106;27;31,5;0,0;0,8;21215;--
1663,6;77,0;1,8;30,1;0,107;27;34,5;0,0;0,8;23065;--
1663,8;77,0;2,0;30,1;0,107;27;37,0;0,0;0,8;25010;--
1664,0;76,5;2,2;30,1;0,107;27;40,0;0,5;0,8;26850;--
1664,2;76,5;2,2;30,1;0,107;27;43,0;0,5;0,8;28755;--
1664,4;76,5;2,4;30,1;0,107;27;45,5;0,9;0,8;30620;--
1664,7;66,5;2,6;30,1;0,107;27;48,5;1,2;0,8;32480;--
1664,9;65,0;2,4;30,1;0,107;27;51,5;0,8;0,9;34335;--
1665,1;48,5;2,6;30,1;0,108;27;52,5;1,1;0,8;35415;--
1665,3;36,0;2,4;30,1;0,108;27;49,5;0,8;0,8;33490;--
1665,5;30,5;2,3;30,1;0,108;27;47,0;0,6;0,8;31705;--
1665,7;30,0;2,2;30,1;0,108;27;44,0;0,5;0,8;29805;--
1666,0;25,5;2,1;30,1;0,108;27;41,0;0,2;0,8;27985;--
1666,2;25,5;2,0;30,1;0,108;27;38,5;0,0;0,8;26105;--
1666,4;25,5;2,0;30,1;0,108;27;35,5;0,0;0,8;24275;--
1666,6;30,0;1,7;30,1;0,109;27;32,5;0,0;0,8;22400;--
1666,8;31,0;1,7;30,1;0,109;27;31,0;0,0;0,8;21030;--
1667,1;31,0;1,9;30,1;0,109;27;31,5;0,0;0,8;21225;--
1667,3;31,0;1,6;30,1;0,109;27;31,5;0,0;0,8;21300;--
1667,5;31,0;1,8;30,1;0,109;27;31,0;0,0;0,8;21110;--
1667,7;31,0;1,9;30,1;0,109;27;31,0;0,0;0,8;21135;--
1667,9;24,5;1,7;30,1;0,109;27;30,0;0,0;0,8;20680;--
1668,2;14,0;1,3;30,1;0,110;27;0,0;0,0;0,9;19190;--
1669,3;14,5;0,3;30,2;0,110;27;0,0;0,0;0,8;0;--
1670,3;14,5;0,9;30,2;0,110;27;0,0;0,0;0,9;0;--
1671,4;14,5;0,7;30,2;0,110;27;0,0;0,0;0,9;0;--
1672,5;15,0;0,9;30,2;0,110;27;0,0;0,0;0,9;0;--
1672,7;15,0;0,9;30,2;0,111;27;0,0;0,0;0,9;0;--
1673,9;17,5;0,8;30,2;0,111;27;0,0;0,0;0,9;0;--
1674,9;23,5;0,9;30,2;0,111;27;0,0;0,0;0,9;0;--
1676,0;27,0;0,9;30,2;0,111;27;0,0;0,0;0,9;0;--
1677,0;29,5;0,9;30,2;0,112;27;0,0;0,0;0,9;0;--
1677,3;30,5;0,4;30,2;0,112;27;0,5;0,0;0,9;745;--
1677,5;31,5;0,4;30,2;0,112;27;0,5;0,0;0,9;690;--
1677,7;32,5;0,4;30,2;0,112;27;0,5;0,0;0,9;775;--
1677,9;28,0;0,5;30,2;0,112;27;0,5;0,0;0,9;840;--
1679,0;0,0;0,9;30,2;0,112;27;0,0;0,0;0,9;0;--
1680,1;25,5;0,9;30,2;0,112;27;0,0;0,0;0,9;0;--
1681,3;25,5;0,7;30,2;0,113;27;0,0;0,0;0,9;0;--
1682,4;26,5;0,7;30,2;0,113;27;0,0;0,0;0,9;0;--
1682,6;27,0;0,9;30,2;0,113;27;0,0;0,0;0,9;0;--
1683,7;31,5;0,7;30,2;0,113;27;0,5;0,0;0,9;690;--
1684,0;32,0;0,6;30,2;0,113;27;0,5;0,0;0,9;785;--
1684,2;32,0;0,4;30,2;0,113;27;0,5;0,0;0,9;840;--
1684,4;0,0;0,5;30,2;0,113;27;0,0;0,0;0,9;0;--
1685,5;32,0;0,8;30,2;0,114;27;1,0;0,0;0,9;1530;--
1685,7;39,0;0,5;30,2;0,114;27;0,5;0,0;0,9;645;--
1685,9;39,0;0,4;30,2;0,114;27;0,5;0,0;0,9;745;--
1686,2;39,0;0,5;30,2;0,114;27;0,5;0,0;0,9;830;--
1686,4;39,0;0,5;30,2;0,114;27;0,5;0,0;0,9;875;--
1686,6;39,0;0,6;30,2;0,114;27;0,5;0,0;0,9;895;--
1686,8;43,0;0,6;30,2;0,114;27;0,5;0,0;0,9;905;--
1687,0;50,0;0,5;30,2;0,114;27;0,5;0,0;0,9;910;--
1687,3;57,0;0,4;30,2;0,114;27;1,0;0,0;0,9;925;--
1687,5;62,0;0,4;30,2;0,114;27;1,0;0,0;0,9;1000;--
1687,7;67,5;0,4;30,2;0,114;27;1,5;0,0;0,9;1140;--
1687,9;70,0;0,5;30,2;0,114;27;1,5;0,0;0,9;1325;--
1688,1;70,0;0,5;30,2;0,114;27;2,0;0,0;0,9;1570;--
1688,4;70,5;0,4;30,2;0,114;27;2,0;0,0;0,9;1835;--
1688,6;70,5;0,4;30,2;0,114;27;2,5;0,0;0,9;2070;--
1688,8;70,5;0,3;30,2;0,114;27;3,0;0,0;0,9;2310;--
1689,0;73,0;0,4;30,2;0,114;27;3,5;0,0;0,9;2565;--
1689,2;77,5;0,3;30,2;0,114;27;3,5;0,0;0,9;2835;--
1689,4;85,5;0,7;30,2;0,114;27;4,0;0,0;0,9;3090;--
1689,7;100,0;0,5;30,2;0,114;27;4,5;0,0;0,9;3360;--
1689,9;100,0;0,4;30,2;0,114;27;5,0;0,0;0,9;3660;--
1690,1;100,0;0,6;30,2;0,114;27;5,5;0,0;0,9;3980;--
1690,3;100,0;0,8;30,2;0,115;27;6,0;0,0;0,9;4315;--
1690,5;100,0;0,6;30,2;0,115;27;6,5;0,0;0,9;4645;--
1690,8;100,0;0,7;30,2;0,115;27;7,0;0,0;0,8;5010;--
1691,0;100,0;1,0;30,2;0,115;27;7,5;0,0;0,8;5430;--
1691,2;100,0;1,0;30,2;0,115;27;8,0;0,0;0,8;5860;--
1691,4;100,0;1,0;30,2;0,115;27;8,5;0,0;0,8;6265;--
1691,6;100,0;1,0;30,2;0,115;27;9,5;0,0;0,8;6725;--
1691,8;100,0;1,0;30,2;0,115;27;10,0;0,0;0,8;7245;--
1692,1;100,0;1,1;30,2;0,115;27;11,0;0,0;0,8;7780;--
1692,3;100,0;1,2;30,2;0,115;27;12,0;0,0;0,8;8330;--
1692,5;100,0;1,2;30,2;0,115;27;13,0;0,0;0,8;8960;--
1692,7;100,0;1,3;30,2;0,115;27;13,5;0,0;0,8;9530;--
1692,9;100,0;1,3;30,2;0,115;27;14,5;0,0;0,8;10210;--
1693,2;100,0;1,3;30,2;0,115;27;15,5;0,0;0,8;10845;--
1693,4;100,0;1,4;30,2;0,116;27;16,5;0,0;0,8;11580;--
1693,6;100,0;1,4;30,2;0,116;27;18,0;0,0;0,8;12310;--
1693,8;99,5;1,5;30,2;0,116;27;19,0;0,0;0,8;13100;--
1694,0;84,0;1,5;30,2;0,116;27;20,0;0,0;0,8;13895;--
1694,2;67,0;1,6;30,2;0,116;27;21,0;0,0;0,8;14675;--
1694,5;66,5;1,6;30,2;0,116;27;23,0;0,0;0,8;15580;--
1694,7;66,5;1,7;30,2;0,116;27;24,0;0,0;0,8;16425;--
1694,9;66,5;1,6;30,2;0,116;27;25,5;0,0;0,8;17370;--
1695,1;66,5;1,7;30,2;0,116;27;27,0;0,0;0,8;18250;--
1695,3;66,5;1,7;30,1;0,117;27;28,5;0,0;0,8;19290;--
1695,6;66,5;1,9;30,1;0,117;27;31,0;0,0;0,8;20745;--
1695,8;69,5;1,9;30,1;0,117;27;33,5;0,0;0,8;22675;--
1696,0;73,5;2,1;30,1;0,117;27;36,5;0,3;0,8;24585;--
1696,2;72,5;2,2;30,1;0,117;27;39,5;0,5;0,8;26405;--
1696,4;66,0;2,3;30,1;0,117;27;42,0;0,7;0,8;28365;--
1696,6;60,0;2,4;30,1;0,117;27;45,0;0,9;0,8;30120;--
1696,9;50,5;2,4;30,1;0,118;27;48,0;0,8;0,8;31990;--
1697,1;43,5;2,5;30,1;0,118;27;49,5;1,0;0,8;33350;--
1697,3;38,5;2,3;30,1;0,118;27;46,5;0,6;0,8;31460;--
1697,5;39,0;2,1;30,1;0,118;27;44,0;0,2;0,8;29575;--
1697,7;39,0;2,1;30,1;0,118;27;41,0;0,2;0,8;27745;--
1698,0;39,0;2,0;30,1;0,118;27;39,0;0,0;0,8;26670;--
1698,2;44,5;2,1;30,1;0,118;27;42,0;0,2;0,8;28000;--
1698,4;46,5;2,4;30,1;0,118;27;44,5;0,9;0,8;30005;--
1698,6;46,5;2,5;30,1;0,119;27;47,0;1,1;0,8;31670;--
1698,8;46,5;2,4;30,1;0,119;27;47,0;0,9;0,8;31660;--
1699,1;46,5;2,3;30,1;0,119;27;47,0;0,6;0,8;31655;--
1699,3;46,5;2,4;30,1;0,119;27;47,0;0,9;0,8;31655;--
1699,5;56,0;2,4;30,1;0,119;27;48,5;0,8;0,8;32640;--
1699,7;74,0;2,6;30,1;0,119;27;51,5;1,2;0,8;34400;--
1699,9;53,0;2,7;30,1;0,119;27;54,5;1,3;0,8;36360;--
1700,1;48,5;2,4;30,1;0,120;27;51,5;0,8;0,8;34655;--
1700,4;48,5;2,4;30,1;0,120;27;49,5;0,8;0,8;33155;--
1700,6;83,0;2,6;30,1;0,120;27;52,0;1,2;0,8;34895;--
1700,8;96,5;2,7;30,1;0,120;27;55,0;1,3;0,8;36735;--
1701,0;93,5;2,7;30,1;0,121;27;58,0;1,2;0,8;38535;--
1701,2;85,5;2,8;30,1;0,121;27;61,0;1,3;0,8;40025;--
1701,5;64,5;2,9;30,1;0,121;27;63,5;1,4;0,8;42320;--
1701,7;17,5;2,6;30,1;0,121;27;61,0;1,0;0,8;41010;--
1702,8;0,0;0,5;30,2;0,121;27;0,0;0,0;0,9;0;--
1703,9;0,0;0,6;30,2;0,121;27;0,0;0,0;0,8;0;--
1705,0;0,0;0,9;30,2;0,122;27;0,0;0,0;0,9;0;--
1706,2;0,0;0,9;30,2;0,122;27;0,0;0,0;0,9;0;--
1707,3;0,0;0,8;30,2;0,122;27;0,0;0,0;0,9;0;--
1708,4;0,0;0,9;30,2;0,123;27;0,0;0,0;0,9;0;--
1711,6;0,0;0,9;30,2;0,124;27;0,0;0,0;0,9;0;--
1712,7;0,0;0,8;30,2;0,124;27;0,0;0,0;0,9;0;--
1713,8;0,0;0,9;30,2;0,124;27;0,0;0,0;0,9;0;--
1715,0;0,0;0,9;30,2;0,124;27;0,0;0,0;0,9;0;--
1716,1;0,0;0,9;30,2;0,125;27;0,0;0,0;0,9;0;--
1717,5;0,0;0,8;30,2;0,125;27;0,0;0,0;0,9;0;--
1718,6;0,0;0,9;30,2;0,126;27;0,0;0,0;0,9;0;--
1720,7;0,0;0,8;30,2;0,126;27;0,0;0,0;0,9;0;--
1721,9;0,0;0,9;30,2;0,126;27;0,0;0,0;0,9;0;--
1723,0;0,0;0,9;30,2;0,127;27;0,0;0,0;0,9;0;--
1725,7;0,0;1,0;30,2;0,128;27;0,0;0,0;0,9;0;--
1726,8;0,0;0,1;30,2;0,127;27;0,0;0,0;0,9;0; THRTL
1727,9;0,0;1,0;30,2;0,128;27;0,0;0,0;0,9;0; THRTL
1729,0;0,0;0,0;30,2;0,128;27;0,0;0,0;0,9;0; THRTL
1730,2;0,0;0,9;30,2;0,128;27;0,0;0,0;0,9;0; THRTL
1731,3;0,0;0,0;30,2;0,128;27;0,0;0,0;0,9;0; THRTL
1732,4;0,0;0,9;30,2;0,128;27;0,0;0,0;0,9;0; THRTL
1733,5;0,0;0,0;30,2;0,128;27;0,0;0,0;0,9;0; THRTL
1734,6;0,0;0,9;30,2;0,128;27;0,0;0,0;0,9;0; THRTL
1735,8;0,0;0,8;30,2;0,129;27;0,0;0,0;0,9;0; THRTL
1736,9;0,0;0,8;30,2;0,128;27;0,0;0,0;0,9;0; THRTL
1738,0;0,0;0,9;30,2;0,129;27;0,0;0,0;0,9;0; THRTL
1739,1;0,0;0,7;30,2;0,128;27;0,0;0,0;0,9;0; THRTL
1740,2;0,0;0,9;30,2;0,129;27;0,0;0,0;0,9;0; THRTL
1741,3;0,0;0,5;30,2;0,129;27;0,0;0,0;0,9;0; THRTL
1742,5;0,0;0,9;30,2;0,129;27;0,0;0,0;0,9;0; THRTL
1743,6;0,0;0,0;30,2;0,129;27;0,0;0,0;0,9;0; THRTL
1744,7;0,0;0,9;30,2;0,129;27;0,0;0,0;0,9;0; THRTL
1745,8;0,0;0,0;30,2;0,129;27;0,0;0,0;0,9;0; THRTL
1746,9;0,0;0,8;30,2;0,129;27;0,0;0,0;0,9;0; THRTL
1748,0;0,0;0,0;30,2;0,130;27;0,0;0,0;0,9;0; THRTL
1749,2;0,0;0,9;30,2;0,129;27;0,0;0,0;0,9;0; THRTL
1750,3;0,0;0,0;30,2;0,130;27;0,0;0,0;0,9;0; THRTL
1751,4;0,0;0,8;30,2;0,130;27;0,0;0,0;0,9;0; THRTL
1752,5;0,0;0,8;30,2;0,130;27;0,0;0,0;0,9;0; THRTL
1753,6;0,0;0,8;30,2;0,130;27;0,0;0,0;0,9;0; THRTL
1754,8;0,0;0,9;30,2;0,130;27;0,0;0,0;0,9;0; THRTL
1755,9;0,0;0,7;30,2;0,130;27;0,0;0,0;0,9;0; THRTL
1757,0;0,0;1,0;30,2;0,130;27;0,0;0,0;0,9;0; THRTL
1758,1;0,0;0,4;30,2;0,130;27;0,0;0,0;0,9;0; THRTL
1759,2;0,0;0,9;30,2;0,130;27;0,0;0,0;0,9;0; THRTL
1760,3;0,0;0,0;30,2;0,131;27;0,0;0,0;0,9;0; THRTL
1761,5;0,0;0,9;30,2;0,131;27;0,0;0,0;0,9;0; THRTL
1762,6;0,0;0,0;30,2;0,131;27;0,0;0,0;0,9;0; THRTL
1763,7;0,0;0,9;30,2;0,131;27;0,0;0,0;0,9;0; THRTL
1764,8;0,0;0,0;30,2;0,131;27;0,0;0,0;0,9;0; THRTL
1765,9;0,0;0,9;30,2;0,131;27;0,0;0,0;0,9;0; THRTL
1767,1;0,0;0,0;30,2;0,131;27;0,0;0,0;0,9;0; THRTL
1768,2;0,0;0,9;30,2;0,131;27;0,0;0,0;0,9;0; THRTL
1769,3;0,0;0,9;30,2;0,132;27;0,0;0,0;0,9;0; THRTL
1770,4;0,0;0,8;30,2;0,131;27;0,0;0,0;0,9;0; THRTL
1771,5;0,0;0,9;30,2;0,132;27;0,0;0,0;0,9;0; THRTL
1772,6;0,0;0,6;30,2;0,132;27;0,0;0,0;0,9;0; THRTL
1773,8;0,0;0,9;30,2;0,132;27;0,0;0,0;0,9;0; THRTL
1774,9;0,0;0,4;30,2;0,132;27;0,0;0,0;0,9;0; THRTL
1777,1;0,0;0,0;30,2;0,132;27;0,0;0,0;0,9;0; THRTL
1778,2;0,0;0,9;30,2;0,132;27;0,0;0,0;0,9;0; THRTL
1779,4;0,0;0,0;30,2;0,132;27;0,0;0,0;0,9;0; THRTL
1780,5;0,0;0,9;30,2;0,132;27;0,0;0,0;0,9;0; THRTL
1781,6;0,0;0,0;30,2;0,133;27;0,0;0,0;0,9;0; THRTL
1782,7;0,0;0,9;30,2;0,133;27;0,0;0,0;0,9;0; THRTL
1783,8;0,0;0,4;30,2;0,133;27;0,0;0,0;0,9;0; THRTL
1784,9;0,0;0,8;30,2;0,133;27;0,0;0,0;0,9;0; THRTL
1786,1;0,0;0,8;30,2;0,133;27;0,0;0,0;0,9;0; THRTL
1787,2;0,0;0,7;30,2;0,133;27;0,0;0,0;0,9;0; THRTL
1788,3;0,0;0,8;30,2;0,133;27;0,0;0,0;0,9;0; THRTL
1789,4;0,0;0,6;30,2;0,133;27;0,0;0,0;0,9;0; THRTL
1790,5;0,0;0,8;30,2;0,133;27;0,0;0,0;0,9;0; THRTL
1791,7;0,0;0,8;30,2;0,134;27;0,0;0,0;0,9;0;--
1792,8;0,0;0,9;30,2;0,134;27;0,0;0,0;0,9;0;--
1794,9;0,0;0,8;30,2;0,134;27;0,0;0,0;0,9;0;--
1796,0;0,0;0,8;30,2;0,135;27;0,0;0,0;0,9;0;--
1797,1;0,0;0,8;30,2;0,135;27;0,0;0,0;0,9;0;--
1798,2;0,0;0,8;30,2;0,135;27;0,0;0,0;0,9;0;--
1799,4;0,0;0,9;30,2;0,136;27;0,0;0,0;0,9;0;--
1800,5;0,0;0,9;30,2;0,136;27;0,0;0,0;0,9;0;--
1801,6;0,0;0,8;30,2;0,136;27;0,0;0,0;0,9;0;--
1802,7;0,0;0,8;30,2;0,137;27;0,0;0,0;0,9;0;--
1803,8;0,0;0,9;30,2;0,137;27;0,0;0,0;0,9;0;--
1805,0;0,0;0,9;30,2;0,137;27;0,0;0,0;0,9;0;--
1806,1;0,0;0,8;30,2;0,137;27;0,0;0,0;0,9;0;--
1807,2;0,0;0,9;30,2;0,138;27;0,0;0,0;0,9;0;--
1809,2;0,0;0,8;30,2;0,138;27;0,0;0,0;0,9;0;--
1810,3;0,0;0,9;30,2;0,139;27;0,0;0,0;0,9;0;--
1811,4;0,0;0,9;30,2;0,139;27;0,0;0,0;0,9;0;--
1812,6;0,0;0,8;30,2;0,139;27;0,0;0,0;0,9;0;--
1813,7;0,0;0,8;30,2;0,140;27;0,0;0,0;0,9;0;--
1814,8;0,0;0,8;30,2;0,140;27;0,0;0,0;0,9;0;--
1815,9;0,0;0,9;30,2;0,140;27;0,0;0,0;0,9;0;--
1817,2;0,0;0,9;30,2;0,141;27;0,0;0,0;0,9;0;--
1819,1;0,0;0,8;30,2;0,141;27;0,0;0,0;0,9;0;--
1820,2;0,0;0,9;30,2;0,141;27;0,0;0,0;0,9;0;--
1821,3;0,0;0,9;30,2;0,142;27;0,0;0,0;0,9;0;--
1822,4;0,0;0,9;30,2;0,142;27;0,0;0,0;0,9;0;--
1824,7;0,0;0,9;30,2;0,143;27;0,0;0,0;0,9;0;--
1828,2;0,0;0,9;30,2;0,144;27;0,0;0,0;0,9;0;--
1829,4;0,0;0,9;30,2;0,144;27;0,0;0,0;0,9;0;--
1830,5;0,0;0,9;30,2;0,144;27;0,0;0,0;0,9;0;--
1831,6;0,0;0,9;30,2;0,144;27;0,0;0,0;0,9;0;--
1832,7;0,0;0,8;30,2;0,145;27;0,0;0,0;0,9;0;--
1833,8;0,0;0,8;30,2;0,145;27;0,0;0,0;0,9;0;--
1835,0;0,0;0,8;30,2;0,145;27;0,0;0,0;0,9;0;--
1836,1;0,0;0,9;30,2;0,146;27;0,0;0,0;0,9;0;--
1837,2;0,0;0,8;30,2;0,146;27;0,0;0,0;0,9;0;--
1838,3;0,0;0,9;30,2;0,146;27;0,0;0,0;0,9;0;--
1839,4;0,0;0,9;30,2;0,147;27;0,0;0,0;0,9;0;--
1841,7;0,0;0,8;30,2;0,147;27;0,0;0,0;0,9;0;--
1842,9;0,0;0,9;30,2;0,148;27;0,0;0,0;0,9;0;--
1844,0;0,0;0,9;30,2;0,148;27;0,0;0,0;0,9;0;--
1845,1;0,0;0,8;30,2;0,148;27;0,0;0,0;0,9;0;--
1846,3;0,0;0,8;30,2;0,149;27;0,0;0,0;0,9;0;--
1847,4;0,0;0,8;30,2;0,149;27;0,0;0,0;0,9;0;--
1848,6;0,0;0,8;30,2;0,149;27;0,0;0,0;0,9;0;--
1849,7;0,0;0,9;30,2;0,149;27;0,0;0,0;0,9;0;--
1850,8;0,0;0,9;30,2;0,150;27;0,0;0,0;0,9;0;--
1853,6;0,0;0,8;30,2;0,150;27;0,0;0,0;0,9;0;--
1854,7;0,0;0,8;30,2;0,151;27;0,0;0,0;0,9;0;--
1855,8;0,0;0,9;30,2;0,151;27;0,0;0,0;0,9;0;--
1857,0;0,0;0,8;30,2;0,151;27;0,0;0,0;0,9;0;--
1858,1;0,0;0,9;30,2;0,152;27;0,0;0,0;0,9;0;--
1859,2;0,0;0,9;30,2;0,152;27;0,0;0,0;0,9;0;--
1860,3;0,0;0,8;30,2;0,152;27;0,0;0,0;0,9;0;--
1861,4;0,0;0,8;30,2;0,153;27;0,0;0,0;0,9;0;--
1863,0;0,0;0,9;30,2;0,153;27;0,0;0,0;0,9;0;--
1864,1;0,0;0,9;30,2;0,153;27;0,0;0,0;0,9;0;--
1865,2;0,0;0,8;30,2;0,154;27;0,0;0,0;0,9;0;--
1866,3;0,0;0,9;30,2;0,154;27;0,0;0,0;0,9;0;--
1868,2;0,0;0,8;30,2;0,154;27;0,0;0,0;0,9;0;--
1869,3;0,0;0,8;30,2;0,155;27;0,0;0,0;0,9;0;--
1870,5;0,0;0,8;30,2;0,155;27;0,0;0,0;0,9;0;--
1871,6;0,0;0,8;30,2;0,155;27;0,0;0,0;0,9;0;--
1872,7;0,0;0,9;30,2;0,156;27;0,0;0,0;0,9;0;--
1873,8;0,0;0,9;30,2;0,156;27;0,0;0,0;0,9;0;--
1876,0;0,0;0,9;30,2;0,157;27;0,0;0,0;0,9;0;--
1878,7;0,0;0,8;30,2;0,157;27;0,0;0,0;0,9;0;--
1879,8;0,0;0,9;30,2;0,158;27;0,0;0,0;0,9;0;--
1880,9;0,0;0,6;30,2;0,158;27;0,0;0,0;0,9;0;--
1882,0;0,0;0,7;30,2;0,158;27;0,0;0,0;0,9;0;--
1883,1;0,0;0,7;30,2;0,158;27;0,0;0,0;0,9;0;--
1884,2;0,0;0,9;30,2;0,159;27;0,0;0,0;0,9;0;--
1885,4;0,0;0,8;30,2;0,159;27;0,0;0,0;0,9;0;--
1886,5;0,0;0,9;30,2;0,159;27;0,0;0,0;0,9;0;--
1887,6;0,0;0,9;30,2;0,160;27;0,0;0,0;0,9;0;--
1888,7;0,0;0,9;30,2;0,160;27;0,0;0,0;0,9;0;--
1889,8;0,0;0,9;30,2;0,160;27;0,0;0,0;0,9;0;--
1890,9;0,0;0,8;30,2;0,160;27;0,0;0,0;0,9;0;--
1892,1;0,0;0,8;30,2;0,161;27;0,0;0,0;0,9;0;--
1893,7;0,0;0,9;30,2;0,161;27;0,0;0,0;0,9;0;--
1894,8;0,0;0,9;30,2;0,162;27;0,0;0,0;0,9;0;--
1896,5;0,0;0,8;30,2;0,162;27;0,0;0,0;0,9;0;--
1897,6;0,0;0,8;30,2;0,162;27;0,0;0,0;0,9;0;--
1898,8;0,0;0,8;30,2;0,163;27;0,0;0,0;0,9;0;--
1899,9;0,0;0,9;30,2;0,163;27;0,0;0,0;0,9;0;--
1902,1;0,0;0,9;30,2;0,164;27;0,0;0,0;0,9;0;--
1903,2;0,0;0,9;30,2;0,164;27;0,0;0,0;0,9;0;--
1904,3;0,0;0,8;30,2;0,164;27;0,0;0,0;0,9;0;--
1905,4;0,0;0,9;30,2;0,164;27;0,0;0,0;0,9;0;--
1906,6;0,0;0,9;30,2;0,165;27;0,0;0,0;0,9;0;--
1908,2;0,0;1,0;30,2;0,165;27;0,0;0,0;0,9;0;--
1909,3;0,0;0,9;30,2;0,166;27;0,0;0,0;0,9;0;--
1910,4;0,0;1,0;30,2;0,166;27;0,0;0,0;0,9;0;--
1911,5;0,0;0,9;30,2;0,166;27;0,0;0,0;0,9;0;--
1912,7;0,0;0,9;30,2;0,167;27;0,0;0,0;0,9;0;--
1913,8;0,0;0,8;30,2;0,167;27;0,0;0,0;0,9;0;--
1914,9;0,0;0,9;30,2;0,167;27;0,0;0,0;0,9;0;--
1916,2;0,0;0,9;30,2;0,168;27;0,0;0,0;0,9;0;--
1917,3;0,0;0,9;30,2;0,168;27;0,0;0,0;0,9;0;--
1918,4;0,0;0,8;30,2;0,168;27;0,0;0,0;0,9;0;--
1919,6;0,0;0,9;30,2;0,168;27;0,0;0,0;0,9;0;--
1920,7;0,0;0,9;30,2;0,169;27;0,0;0,0;0,9;0;--
1921,8;0,0;0,8;30,2;0,169;27;0,0;0,0;0,9;0;--
1923,7;0,0;0,8;30,2;0,170;27;0,0;0,0;0,9;0;--
1924,8;0,0;0,8;30,2;0,170;27;0,0;0,0;0,9;0;--
1926,0;0,0;0,9;30,2;0,170;27;0,0;0,0;0,9;0;--
1927,1;0,0;0,8;30,2;0,170;27;0,0;0,0;0,9;0;--
1928,2;0,0;0,9;30,2;0,171;27;0,0;0,0;0,9;0;--
1929,3;0,0;0,8;30,2;0,171;27;0,0;0,0;0,9;0;--
1930,4;0,0;0,8;30,2;0,171;27;0,0;0,0;0,9;0;--
1931,5;0,0;0,8;30,2;0,172;27;0,0;0,0;0,9;0;--
1932,7;0,0;0,9;30,2;0,172;27;0,0;0,0;0,9;0;--
1933,8;0,0;0,8;30,2;0,172;27;0,0;0,0;0,9;0;--
1934,9;0,0;0,9;30,2;0,173;27;0,0;0,0;0,9;0;--
1936,0;0,0;0,6;30,2;0,172;27;0,0;0,0;0,9;0; THRTL
1937,1;0,0;0,9;30,2;0,173;27;0,0;0,0;0,9;0; THRTL
1938,3;0,0;0,4;30,2;0,173;27;0,0;0,0;0,9;0; THRTL
1939,4;0,0;0,9;30,2;0,173;27;0,0;0,0;0,9;0; THRTL
1940,5;0,0;0,0;30,2;0,173;27;0,0;0,0;0,9;0; THRTL
1941,6;0,0;0,9;30,2;0,173;27;0,0;0,0;0,9;0; THRTL
1942,7;0,0;0,0;30,2;0,173;27;0,0;0,0;0,9;0; THRTL
1945,0;0,0;0,0;30,2;0,173;27;0,0;0,0;0,9;0; THRTL
1946,1;0,0;0,9;30,2;0,173;27;0,0;0,0;0,9;0; THRTL
1947,2;0,0;0,0;30,2;0,174;27;0,0;0,0;0,9;0; THRTL
1948,3;0,0;0,9;30,2;0,174;27;0,0;0,0;0,9;0; THRTL
1949,4;0,0;0,8;30,2;0,174;27;0,0;0,0;0,9;0; THRTL
1950,6;0,0;0,8;30,2;0,174;27;0,0;0,0;0,9;0; THRTL
1951,7;0,0;0,9;30,2;0,174;27;0,0;0,0;0,9;0; THRTL
1952,8;0,0;0,7;30,2;0,174;27;0,0;0,0;0,9;0; THRTL
1953,9;0,0;0,8;30,2;0,174;27;0,0;0,0;0,9;0; THRTL
1955,0;0,0;0,4;30,2;0,174;27;0,0;0,0;0,9;0; THRTL
1956,1;0,0;0,9;30,2;0,174;27;0,0;0,0;0,9;0; THRTL
1957,3;0,0;0,0;30,2;0,174;27;0,0;0,0;0,9;0; THRTL
1958,4;0,0;0,9;30,2;0,174;27;0,0;0,0;0,9;0; THRTL
1959,5;0,0;0,0;30,2;0,174;27;0,0;0,0;0,9;0; THRTL
1960,6;0,0;0,9;30,2;0,175;27;0,0;0,0;0,9;0; THRTL
1961,7;0,0;0,0;30,2;0,175;27;0,0;0,0;0,9;0; THRTL
1962,9;0,0;0,9;30,2;0,175;27;0,0;0,0;0,9;0; THRTL
1964,0;0,0;0,0;30,2;0,175;27;0,0;0,0;0,9;0; THRTL
1965,1;0,0;0,9;30,2;0,175;27;0,0;0,0;0,9;0; THRTL
1966,2;0,0;0,8;30,2;0,175;27;0,0;0,0;0,9;0; THRTL
1967,3;0,0;0,8;30,2;0,175;27;0,0;0,0;0,9;0; THRTL
1968,4;0,0;0,9;30,2;0,175;27;0,0;0,0;0,9;0; THRTL
1969,6;0,0;0,6;30,2;0,175;27;0,0;0,0;0,9;0; THRTL
1970,7;0,0;0,9;30,1;0,176;27;0,0;0,0;0,9;0; THRTL
1971,8;0,0;0,3;23,3;0,175;27;0,0;0,0;0,9;0; THRTL
RESET;--;SN;160009B5;BL;25;FW;72;RST CODE;OK;--
RESET;--;SN;160009B5;BL;25;FW;72;RST CODE;OK;--
RESET;--;SN;160009B5;BL;25;FW;72;RST CODE;OK;--
RESET;--;SN;160009B5;BL;25;FW;72;RST CODE;OK;--
RESET;--;SN;160009B5;BL;25;FW;72;RST CODE;OK;--
1975,0;0,0;0,9;33,2;0,000;26;0,0;0,0;0,9;0; THRTL
1976,1;47,5;0,0;33,1;0,000;26;0,0;0,0;0,8;0; THRTL
1977,2;0,0;0,0;33,1;0,000;26;0,0;0,0;0,8;0; THRTL
1978,3;0,0;0,0;33,1;0,000;26;0,0;0,0;0,8;0; THRTL
1979,5;0,0;0,9;33,1;0,000;26;0,0;0,0;0,9;0;--
1980,6;0,0;0,7;33,1;0,000;26;0,0;0,0;0,9;0;--
1981,7;0,0;0,8;33,1;0,000;26;0,0;0,0;0,9;0;--
1982,8;0,0;0,8;33,1;0,000;26;0,0;0,0;0,9;0;--
1983,9;0,0;0,6;33,1;0,001;26;0,0;0,0;0,9;0;--
1985,1;0,0;0,8;33,1;0,001;26;0,0;0,0;0,9;0;--
1986,2;16,5;0,7;33,1;0,001;26;0,0;0,0;0,9;0;--
1986,6;37,5;0,6;33,1;0,001;26;0,5;0,0;0,9;660;--
1986,8;42,0;0,6;33,1;0,001;26;0,5;0,0;0,8;795;--
1987,0;47,0;0,6;33,1;0,001;26;0,5;0,0;0,8;890;--
1987,2;52,5;0,6;33,1;0,001;26;0,5;0,0;0,8;940;--
1987,5;53,5;0,6;33,1;0,002;26;0,5;0,0;0,8;965;--
1987,7;59,0;0,6;33,1;0,002;26;0,5;0,0;0,8;980;--
1987,9;70,5;0,6;33,1;0,002;26;1,0;0,0;0,8;985;--
1988,1;85,5;0,6;33,1;0,002;26;1,0;0,0;0,8;1025;--
1988,3;95,0;0,6;33,1;0,002;26;1,0;0,0;0,8;1140;--
1988,6;99,5;0,6;33,1;0,002;26;1,5;0,0;0,8;1320;--
1988,8;99,5;0,6;33,1;0,002;26;1,5;0,0;0,8;1570;--
1989,0;99,5;0,6;33,1;0,002;26;2,0;0,0;0,8;1830;--
1989,2;99,5;0,6;33,1;0,002;26;2,0;0,0;0,8;2060;--
1989,4;99,5;0,5;33,1;0,002;26;2,5;0,0;0,8;2290;--
1989,6;91,5;0,6;33,1;0,002;26;3,0;0,0;0,8;2540;--
1989,9;19,5;0,6;33,1;0,002;26;3,0;0,0;0,8;2815;--
1991,0;0,0;1,0;33,1;0,002;26;0,0;0,0;0,9;0;--
1992,1;0,0;0,7;33,1;0,003;26;0,0;0,0;0,9;0;--
1993,2;0,0;1,0;33,1;0,003;26;0,0;0,0;0,9;0;--
1994,3;0,0;1,0;33,1;0,003;26;0,0;0,0;0,9;0;--
1995,5;0,0;0,5;33,1;0,003;26;0,0;0,0;0,9;0;--
1996,6;0,0;0,8;33,1;0,004;26;0,0;0,0;0,9;0;--
1997,7;0,0;0,5;33,1;0,004;26;0,0;0,0;0,9;0;--
1998,8;0,0;0,6;33,1;0,004;26;0,0;0,0;0,9;0;--
1999,9;0,0;0,7;33,1;0,004;26;0,0;0,0;0,9;0;--
2001,0;0,0;0,7;33,1;0,005;26;0,0;0,0;0,9;0;--
2002,2;0,0;0,9;33,1;0,005;26;0,0;0,0;0,9;0;--
2003,3;0,0;0,9;33,1;0,005;26;0,0;0,0;0,9;0;--
2004,4;13,0;0,7;33,1;0,006;26;0,0;0,0;0,9;0;--
2005,5;29,5;0,8;33,1;0,006;26;0,0;0,0;0,9;0;--
2005,7;34,5;0,7;33,1;0,006;26;0,5;0,0;0,9;670;--
2006,0;35,0;0,5;33,1;0,006;26;0,5;0,0;0,8;750;--
2006,2;34,5;0,5;33,1;0,006;26;0,5;0,0;0,8;830;--
2006,4;34,5;0,5;33,1;0,006;26;0,5;0,0;0,8;875;--
2006,6;35,0;0,5;33,1;0,006;26;0,5;0,0;0,8;875;--
2006,8;22,5;0,6;33,1;0,006;26;0,5;0,0;0,8;875;--
2007,0;9,0;0,4;33,1;0,006;26;0,0;0,0;0,8;0; SYNC
2008,2;0,0;0,9;33,1;0,006;26;0,0;0,0;0,9;0;--
2009,3;0,0;0,9;33,1;0,007;26;0,0;0,0;0,9;0;--
RESET;--;SN;160009B5;BL;25;FW;72;RST CODE;OK;--
2012,1;0,0;0,7;33,1;0,000;26;0,0;0,0;0,9;0; THRTL
2013,3;0,0;0,0;33,1;0,000;26;0,0;0,0;0,9;0; THRTL
2014,4;0,0;0,0;33,1;0,000;26;0,0;0,0;0,9;0; THRTL
2015,5;0,0;0,0;33,1;0,000;26;0,0;0,0;0,9;0; THRTL
2016,6;6,0;0,3;33,1;0,000;26;0,0;0,0;0,9;0;--
2016,9;47,0;0,5;33,1;0,000;26;0,5;0,0;0,9;665;--
2017,1;56,0;0,6;33,1;0,000;26;0,5;0,0;0,9;775;--
2017,4;63,0;0,6;33,1;0,000;26;0,5;0,0;0,9;885;--
2017,6;65,0;0,6;33,1;0,000;26;0,5;0,0;0,8;940;--
2017,8;65,0;0,7;33,1;0,000;26;0,5;0,0;0,8;965;--
2018,0;65,5;0,6;33,1;0,000;26;0,5;0,0;0,8;980;--
2018,2;76,0;0,6;33,1;0,000;26;1,0;0,0;0,8;980;--
2018,5;86,5;0,6;33,1;0,000;26;1,0;0,0;0,8;1005;--
2018,7;87,0;0,6;33,1;0,000;26;1,0;0,0;0,8;1115;--
2018,9;87,0;0,6;33,1;0,000;26;1,5;0,0;0,8;1280;--
2019,1;87,0;0,6;33,1;0,000;26;1,5;0,0;0,8;1520;--
2019,3;87,0;0,6;33,1;0,000;26;2,0;0,0;0,8;1785;--
2019,5;87,0;0,6;33,1;0,000;26;2,0;0,0;0,8;2020;--
2019,8;87,0;0,6;33,1;0,000;26;2,5;0,0;0,8;2245;--
2020,0;87,0;0,6;33,1;0,000;26;3,0;0,0;0,8;2490;--
2020,2;72,0;0,6;33,1;0,000;26;3,0;0,0;0,8;2755;--
2020,4;64,0;0,6;33,1;0,000;26;3,5;0,0;0,8;3040;--
2020,6;64,0;0,5;33,1;0,000;26;4,0;0,0;0,8;3305;--
2020,9;56,5;0,6;33,1;0,000;26;4,0;0,0;0,8;3580;--
2021,1;48,5;0,6;33,1;0,000;26;4,5;0,0;0,8;3895;--
2021,3;46,5;0,6;33,1;0,000;26;5,0;0,0;0,8;4230;--
2021,5;46,0;0,6;33,1;0,000;26;5,5;0,0;0,8;4595;--
2021,7;41,0;0,6;33,1;0,001;26;6,0;0,0;0,8;4925;--
2021,9;41,0;0,7;33,1;0,001;26;6,5;0,0;0,8;5295;--
2022,2;41,0;0,7;33,1;0,001;26;7,0;0,0;0,8;5745;--
2022,4;41,0;0,7;33,1;0,001;26;8,0;0,0;0,8;6165;--
2022,6;41,0;0,7;33,1;0,001;26;8,5;0,0;0,8;6605;--
2022,8;41,0;0,8;33,1;0,001;26;9,0;0,0;0,8;7115;--
2023,0;41,0;0,7;33,1;0,001;26;10,0;0,0;0,8;7680;--
2023,3;41,0;0,7;33,1;0,001;26;10,5;0,0;0,8;8210;--
2023,5;40,0;0,8;33,1;0,001;26;11,5;0,0;0,8;8795;--
2023,7;40,0;0,9;33,1;0,001;26;12,0;0,0;0,8;9455;--
2023,9;40,0;0,9;33,1;0,001;26;13,0;0,0;0,8;10045;--
2024,1;40,0;1,0;33,1;0,001;26;14,0;0,0;0,8;10755;--
2024,3;37,0;1,0;33,1;0,001;26;15,0;0,0;0,8;11435;--
2024,6;36,0;1,0;33,1;0,001;26;16,0;0,0;0,8;12160;--
2024,8;36,0;1,0;33,1;0,001;26;17,0;0,0;0,8;13015;--
2025,0;30,0;1,2;33,1;0,001;26;18,5;0,0;0,8;13720;--
2025,2;17,5;1,1;33,1;0,001;26;0,0;0,0;0,8;0;--
2025,4;0,0;0,7;33,1;0,001;26;0,0;0,0;0,8;0;--
2026,6;0,0;0,8;33,1;0,002;26;0,0;0,0;0,9;0;--
2027,7;0,0;0,6;33,1;0,002;26;0,0;0,0;0,9;0;--
2028,8;0,0;0,7;33,1;0,002;26;0,0;0,0;0,9;0;--
2029,9;0,0;0,8;33,1;0,002;26;0,0;0,0;0,9;0;--
2031,0;0,0;0,5;33,1;0,003;26;0,0;0,0;0,9;0;--
2032,2;0,0;0,7;33,1;0,003;26;0,0;0,0;0,9;0;--
2033,3;0,0;0,4;33,1;0,003;26;0,0;0,0;0,9;0;--
2034,4;0,0;0,4;33,1;0,003;26;0,0;0,0;0,9;0;--
2035,5;0,0;0,5;33,1;0,003;26;0,0;0,0;0,9;0;--
2036,6;0,0;0,8;33,1;0,004;26;0,0;0,0;0,9;0;--
2037,7;0,0;0,5;33,1;0,004;26;0,0;0,0;0,9;0;--
2038,9;0,0;0,8;33,1;0,004;26;0,0;0,0;0,9;0;--
2040,0;0,0;0,8;33,1;0,004;26;0,0;0,0;0,9;0;--
2041,1;0,0;0,6;33,1;0,005;26;0,0;0,0;0,9;0;--
2043,3;0,0;0,4;33,1;0,005;26;0,0;0,0;0,9;0;--
2044,5;0,0;0,5;33,1;0,005;26;0,0;0,0;0,9;0;--
2045,6;0,0;0,5;33,1;0,005;26;0,0;0,0;0,9;0;--
2046,7;0,0;0,4;33,1;0,006;26;0,0;0,0;0,9;0;--
2047,8;0,0;0,7;33,1;0,006;26;0,0;0,0;0,9;0;--
2048,9;0,0;0,9;33,1;0,006;26;0,0;0,0;0,9;0;--
2050,0;0,0;0,8;33,1;0,006;26;0,0;0,0;0,9;0;--
2051,2;0,0;0,9;33,1;0,007;26;0,0;0,0;0,9;0;--
2052,3;0,0;0,7;33,1;0,007;26;0,0;0,0;0,9;0;--
2053,4;0,0;0,4;33,1;0,007;26;0,0;0,0;0,9;0;--
2054,5;0,0;0,6;33,1;0,007;26;0,0;0,0;0,9;0;--
2055,6;0,0;0,6;33,1;0,008;26;0,0;0,0;0,9;0;--
2056,8;0,0;0,8;33,1;0,008;26;0,0;0,0;0,9;0;--
2057,9;0,0;0,9;33,1;0,008;26;0,0;0,0;0,9;0;--
2059,0;0,0;0,9;33,1;0,009;26;0,0;0,0;0,9;0;--
2060,1;0,0;0,9;33,1;0,009;26;0,0;0,0;0,9;0;--
2061,2;0,0;0,7;33,1;0,009;26;0,0;0,0;0,9;0;--
2062,3;0,0;0,5;33,1;0,009;26;0,0;0,0;0,9;0;--
2063,5;0,0;0,7;33,1;0,010;26;0,0;0,0;0,9;0;--
2064,6;0,0;0,7;33,1;0,010;26;0,0;0,0;0,9;0;--
2065,7;0,0;0,5;33,1;0,010;26;0,0;0,0;0,9;0;--
2066,8;0,0;0,6;33,1;0,010;26;0,0;0,0;0,9;0;--
2067,9;0,0;0,6;33,1;0,010;26;0,0;0,0;0,9;0;--
2069,1;0,0;0,5;33,1;0,011;26;0,0;0,0;0,9;0;--
2070,2;0,0;0,4;33,1;0,011;26;0,0;0,0;0,9;0;--
2071,3;0,0;0,4;33,1;0,011;26;0,0;0,0;0,9;0;--
2072,4;0,0;0,6;33,1;0,011;26;0,0;0,0;0,9;0;--
2073,5;0,0;0,6;33,1;0,011;26;0,0;0,0;0,9;0;--
2074,6;0,0;0,7;33,1;0,012;26;0,0;0,0;0,9;0;--
2075,8;0,0;0,5;33,1;0,012;26;0,0;0,0;0,9;0;--
2076,9;0,0;0,8;33,1;0,012;26;0,0;0,0;0,9;0;--
2078,0;0,0;0,6;33,1;0,012;26;0,0;0,0;0,9;0;--
2079,1;0,0;0,8;33,1;0,013;26;0,0;0,0;0,9;0;--
2080,2;0,0;0,7;33,1;0,013;26;0,0;0,0;0,9;0;--
2081,3;0,0;0,4;33,1;0,013;26;0,0;0,0;0,9;0;--
2082,5;0,0;0,8;33,1;0,013;26;0,0;0,0;0,9;0;--
2083,6;0,0;0,5;33,1;0,013;26;0,0;0,0;0,9;0;--
2084,7;0,0;0,4;33,1;0,014;26;0,0;0,0;0,9;0;--
2085,8;0,0;0,5;33,1;0,014;26;0,0;0,0;0,9;0;--
2086,9;0,0;0,4;33,1;0,014;26;0,0;0,0;0,9;0;--
2088,1;0,0;0,5;33,1;0,014;26;0,0;0,0;0,9;0;--
2089,2;0,0;0,5;33,1;0,014;26;0,0;0,0;0,9;0;--
2090,3;0,0;0,5;33,1;0,015;26;0,0;0,0;0,9;0;--
2091,4;0,0;0,4;33,1;0,015;26;0,0;0,0;0,9;0;--
2092,5;0,0;0,6;33,1;0,015;26;0,0;0,0;0,9;0;--
2093,6;0,0;0,6;33,1;0,015;26;0,0;0,0;0,9;0;--
2094,8;0,0;0,8;33,1;0,015;26;0,0;0,0;0,9;0;--
2095,9;0,0;0,7;33,1;0,016;26;0,0;0,0;0,9;0;--
2097,0;0,0;0,6;33,1;0,016;26;0,0;0,0;0,9;0;--
2098,1;0,0;0,9;33,1;0,016;26;0,0;0,0;0,9;0;--
2099,2;0,0;0,5;33,1;0,017;26;0,0;0,0;0,9;0;--
2100,4;0,0;0,4;33,1;0,017;26;0,0;0,0;0,9;0;--
2101,5;12,0;0,4;33,1;0,017;26;0,0;0,0;0,9;0;--
2101,7;12,0;0,3;33,1;0,017;26;0,0;0,0;0,9;0;--
2102,8;24,0;0,7;33,1;0,017;26;0,0;0,0;0,9;0;--
2103,8;30,0;0,6;33,1;0,017;26;0,5;0,0;0,9;3195;--
2104,1;30,5;0,6;33,1;0,017;26;0,5;0,0;0,9;640;--
2104,3;30,0;0,7;33,1;0,017;26;0,5;0,0;0,9;795;--
2104,5;30,0;0,7;33,1;0,017;26;0,5;0,0;0,9;930;--
2104,7;30,0;0,7;33,1;0,017;26;0,5;0,0;0,9;955;--
2104,9;30,0;0,7;33,1;0,017;26;0,5;0,0;0,9;960;--
2105,1;30,0;0,7;33,1;0,017;26;0,5;0,0;0,9;970;--
2105,4;33,5;0,7;33,1;0,018;26;1,0;0,0;0,9;975;--
2105,6;35,5;0,7;33,1;0,018;26;1,0;0,0;0,9;1000;--
2105,8;36,0;0,7;33,1;0,018;26;1,0;0,0;0,9;1100;--
2106,0;36,0;0,6;33,1;0,018;26;1,5;0,0;0,9;1250;--
2106,2;36,0;0,6;33,1;0,018;26;2,0;0,0;0,9;1465;--
2106,5;36,0;0,6;33,1;0,018;26;2,0;0,0;0,9;1745;--
2106,7;36,0;0,6;33,1;0,018;26;2,5;0,0;0,9;2045;--
2106,9;36,0;0,6;33,1;0,018;26;2,5;0,0;0,9;2305;--
2107,1;36,0;0,6;33,1;0,018;26;3,0;0,0;0,9;2565;--
2107,3;36,0;0,6;33,1;0,018;26;3,5;0,0;0,9;2845;--
2107,5;36,0;0,6;33,1;0,018;26;3,5;0,0;0,9;3120;--
2107,8;36,0;0,6;33,1;0,018;26;4,0;0,0;0,9;3380;--
2108,0;36,0;0,6;33,1;0,018;26;4,5;0,0;0,9;3670;--
2108,2;36,0;0,7;33,1;0,018;26;5,0;0,0;0,9;4000;--
2108,4;36,0;0,7;33,1;0,018;26;5,5;0,0;0,9;4320;--
2108,6;36,0;0,7;33,1;0,018;26;6,0;0,0;0,8;4660;--
2108,9;36,0;0,8;33,1;0,018;26;6,5;0,0;0,9;5015;--
2109,1;36,0;0,8;33,1;0,018;26;7,0;0,0;0,9;5420;--
2109,3;36,0;0,9;33,1;0,018;26;7,5;0,0;0,8;5835;--
2109,5;36,0;0,9;33,1;0,018;26;8,0;0,0;0,9;6290;--
2109,7;36,0;1,0;33,1;0,018;26;9,0;0,0;0,9;6745;--
2109,9;36,0;1,1;33,1;0,019;26;9,5;0,0;0,9;7255;--
2110,2;36,0;1,2;33,1;0,019;26;10,5;0,0;0,9;7795;--
2110,4;36,0;1,3;33,1;0,019;26;11,0;0,0;0,9;8335;--
2110,6;36,0;1,4;33,1;0,019;26;12,0;0,0;0,9;8925;--
2110,8;30,5;1,4;33,1;0,019;26;13,0;0,0;0,9;9510;--
2111,0;29,5;1,6;33,1;0,019;26;13,5;0,0;0,9;10050;--
2111,3;29,5;1,9;33,1;0,019;26;14,5;0,0;0,9;10770;--
2111,5;27,5;2,0;33,1;0,019;26;16,0;0,0;0,9;11450;--
2111,7;23,5;2,2;33,0;0,019;26;17,0;1,2;0,9;12270;--
2111,9;23,0;2,4;33,0;0,019;26;18,0;2,2;0,9;12975;--
2112,1;18,5;2,0;33,0;0,020;26;0,0;0,0;0,9;0;--
2112,4;18,5;1,0;33,1;0,020;26;0,0;0,0;0,9;0;--
2112,9;35,0;0,3;33,1;0,020;26;0,5;0,0;0,9;1200;--
2113,1;40,5;0,5;33,1;0,020;26;0,5;0,0;0,9;1555;--
2113,3;42,0;0,5;33,1;0,020;26;0,5;0,0;0,9;1230;--
2113,5;48,0;0,5;33,1;0,020;26;0,5;0,0;0,9;1055;--
2113,7;53,0;0,6;33,1;0,020;26;0,5;0,0;0,9;990;--
2114,0;54,0;0,6;33,1;0,020;26;0,5;0,0;0,9;970;--
2114,2;55,5;0,6;33,1;0,020;26;0,5;0,0;0,9;970;--
2114,4;56,5;0,6;33,1;0,020;26;1,0;0,0;0,9;975;--
2114,6;58,5;0,6;33,1;0,020;26;1,0;0,0;0,9;1030;--
2114,8;59,5;0,6;33,1;0,020;26;1,5;0,0;0,9;1150;--
2115,1;61,5;0,5;33,1;0,020;26;1,5;0,0;0,9;1325;--
2115,3;62,0;0,6;33,1;0,020;26;2,0;0,0;0,9;1570;--
2115,5;62,5;0,6;33,1;0,020;26;2,0;0,0;0,9;1865;--
2115,7;62,5;0,6;33,1;0,020;26;2,5;0,0;0,9;2150;--
2115,9;62,5;0,6;33,1;0,020;26;3,0;0,0;0,9;2415;--
2116,1;62,5;0,6;33,1;0,020;26;3,0;0,0;0,9;2675;--
2116,4;62,5;0,6;33,1;0,020;26;3,5;0,0;0,9;2950;--
2116,6;62,0;0,6;33,1;0,020;26;4,0;0,0;0,9;3220;--
2116,8;62,0;0,7;33,1;0,021;26;4,5;0,0;0,9;3495;--
2117,0;62,5;0,7;33,1;0,021;26;4,5;0,0;0,9;3795;--
2117,2;62,5;0,7;33,1;0,021;26;5,0;0,0;0,9;4125;--
2117,5;62,0;0,7;33,1;0,021;26;5,5;0,0;0,9;4465;--
2117,7;62,0;0,7;33,1;0,021;26;6,0;0,0;0,9;4790;--
2117,9;59,5;0,7;33,1;0,021;26;6,5;0,0;0,9;5150;--
2118,1;58,5;0,7;33,1;0,021;26;7,0;0,0;0,9;5585;--
2118,3;58,0;0,8;33,1;0,021;26;8,0;0,0;0,9;6015;--
2118,5;57,5;0,9;33,1;0,021;26;8,5;0,0;0,9;6430;--
2118,8;57,5;1,0;33,1;0,021;26;9,0;0,0;0,9;6935;--
2119,0;57,5;1,1;33,1;0,021;26;10,0;0,0;0,9;7465;--
2119,2;57,5;1,2;33,1;0,021;26;10,5;0,0;0,9;7980;--
2119,4;57,5;1,2;33,1;0,021;26;11,5;0,0;0,9;8565;--
2119,6;57,5;1,3;33,1;0,021;26;12,5;0,0;0,9;9140;--
2119,9;53,5;1,5;33,1;0,021;26;13,5;0,0;0,9;9765;--
2120,1;53,0;1,7;33,1;0,021;26;14,0;0,0;0,9;10395;--
2120,3;53,0;1,8;33,0;0,022;26;15,0;0,0;0,9;11085;--
2120,5;41,0;2,0;33,0;0,022;26;16,0;0,0;0,9;11785;--
2120,7;5,0;2,1;33,0;0,022;26;0,0;5,0;0,9;0;--
2121,8;0,0;0,7;33,1;0,022;26;0,0;0,0;0,9;0;--
2123,0;0,0;0,7;33,1;0,022;26;0,0;0,0;0,8;0;--
2124,1;0,0;0,6;33,1;0,023;26;0,0;0,0;0,9;0;--
2125,2;0,0;1,0;33,1;0,023;26;0,0;0,0;0,9;0;--
2126,3;0,0;0,5;33,1;0,023;26;0,0;0,0;0,9;0;--
2127,4;0,0;0,5;33,1;0,023;26;0,0;0,0;0,9;0;--
2129,7;0,0;0,8;33,1;0,024;26;0,0;0,0;0,9;0;--
2130,8;0,0;0,4;33,1;0,024;26;0,0;0,0;0,9;0;--
2131,9;0,0;0,4;33,1;0,024;26;0,0;0,0;0,9;0;--
2133,0;0,0;0,5;33,1;0,024;26;0,0;0,0;0,9;0;--
2134,2;0,0;0,5;33,1;0,024;26;0,0;0,0;0,9;0;--
2135,3;0,0;0,6;33,1;0,025;26;0,0;0,0;0,9;0;--
2136,4;0,0;0,6;33,1;0,025;26;0,0;0,0;0,9;0;--
2137,5;0,0;0,6;33,1;0,025;26;0,0;0,0;0,9;0;--
2138,6;0,0;0,3;33,1;0,025;26;0,0;0,0;0,9;0;--
2139,7;0,0;0,4;33,1;0,025;26;0,0;0,0;0,9;0;--
2140,9;0,0;0,5;33,1;0,026;26;0,0;0,0;0,9;0;--
2142,0;0,0;0,5;33,1;0,026;26;0,0;0,0;0,9;0;--
2143,1;0,0;0,4;33,1;0,026;26;0,0;0,0;0,9;0;--
2144,2;0,0;0,3;33,1;0,026;26;0,0;0,0;0,9;0;--
2145,3;0,0;0,5;33,1;0,026;26;0,0;0,0;0,9;0;--
2146,5;0,0;0,6;33,1;0,026;26;0,0;0,0;0,9;0;--
2147,6;0,0;0,9;33,1;0,027;26;0,0;0,0;0,9;0;--
2148,7;0,0;0,7;33,1;0,027;26;0,0;0,0;0,9;0;--
2149,8;0,0;0,7;33,1;0,027;26;0,0;0,0;0,9;0;--
2150,9;0,0;0,7;33,1;0,027;26;0,0;0,0;0,9;0;--
2152,0;0,0;0,8;33,1;0,028;26;0,0;0,0;0,9;0;--
2153,2;0,0;0,9;33,1;0,028;26;0,0;0,0;0,9;0;--
2154,3;0,0;0,9;33,1;0,028;26;0,0;0,0;0,9;0;--
2155,4;0,0;0,5;33,1;0,029;26;0,0;0,0;0,9;0;--
2156,5;0,0;0,5;33,1;0,029;26;0,0;0,0;0,9;0;--
2157,6;0,0;0,4;33,1;0,029;26;0,0;0,0;0,9;0;--
2158,8;0,0;0,5;33,1;0,029;26;0,0;0,0;0,9;0;--
2159,9;0,0;0,4;33,1;0,029;26;0,0;0,0;0,9;0;--
2161,0;0,0;0,6;33,1;0,029;26;0,0;0,0;0,9;0;--
2162,1;0,0;0,7;33,1;0,030;26;0,0;0,0;0,9;0;--
2163,2;0,0;0,5;33,1;0,030;26;0,0;0,0;0,9;0;--
2164,3;0,0;0,6;33,1;0,030;26;0,0;0,0;0,9;0;--
2165,5;0,0;0,8;33,1;0,030;26;0,0;0,0;0,9;0;--
2166,6;0,0;0,4;33,1;0,031;26;0,0;0,0;0,9;0;--
2167,7;0,0;0,6;33,1;0,031;26;0,0;0,0;0,9;0;--
2168,8;0,0;0,6;33,1;0,031;26;0,0;0,0;0,9;0;--
2169,9;0,0;0,7;33,1;0,031;26;0,0;0,0;0,9;0;--
2171,0;0,0;0,7;33,1;0,032;26;0,0;0,0;0,9;0;--
2172,2;0,0;0,5;33,1;0,032;26;0,0;0,0;0,9;0;--
2173,3;0,0;0,6;33,1;0,032;26;0,0;0,0;0,9;0;--
2174,4;0,0;0,6;33,1;0,032;26;0,0;0,0;0,9;0;--
2175,5;0,0;0,3;33,1;0,032;26;0,0;0,0;0,9;0;--
2176,6;0,0;0,8;33,1;0,033;26;0,0;0,0;0,9;0;--
2177,8;0,0;0,7;33,1;0,033;26;0,0;0,0;0,9;0;--
2178,9;0,0;0,7;33,1;0,033;26;0,0;0,0;0,9;0;--
2180,0;0,0;0,8;33,1;0,033;26;0,0;0,0;0,9;0;--
2181,1;0,0;0,7;33,1;0,034;26;0,0;0,0;0,9;0;--
2182,2;0,0;0,9;33,1;0,034;26;0,0;0,0;0,9;0;--
2183,3;0,0;0,6;33,1;0,034;26;0,0;0,0;0,9;0;--
2184,5;0,0;0,8;33,1;0,034;26;0,0;0,0;0,9;0;--
2185,6;0,0;0,7;33,1;0,035;26;0,0;0,0;0,9;0;--
2186,7;0,0;0,7;33,1;0,035;26;0,0;0,0;0,9;0;--
2187,8;0,0;0,7;33,1;0,035;26;0,0;0,0;0,9;0;--
2188,9;0,0;0,7;33,1;0,035;26;0,0;0,0;0,9;0;--
2190,1;0,0;0,6;33,1;0,035;26;0,0;0,0;0,9;0;--
2191,2;0,0;0,5;33,1;0,036;26;0,0;0,0;0,9;0;--
2192,3;0,0;0,8;33,1;0,036;26;0,0;0,0;0,9;0;--
2193,4;0,0;0,9;33,1;0,036;26;0,0;0,0;0,9;0;--
2194,5;0,0;0,7;33,1;0,036;26;0,0;0,0;0,9;0;--
2195,6;0,0;0,7;33,1;0,037;26;0,0;0,0;0,9;0;--
2196,8;0,0;0,4;33,1;0,037;26;0,0;0,0;0,9;0;--
2197,9;0,0;0,7;33,1;0,037;26;0,0;0,0;0,9;0;--
2199,0;0,0;0,7;33,1;0,037;26;0,0;0,0;0,9;0;--
2200,1;0,0;0,6;33,1;0,038;26;0,0;0,0;0,9;0;--
2201,2;0,0;0,4;33,1;0,038;26;0,0;0,0;0,9;0;--
2202,4;0,0;0,6;33,1;0,038;26;0,0;0,0;0,9;0;--
2203,5;0,0;0,7;33,1;0,038;26;0,0;0,0;0,9;0;--
2204,6;0,0;0,5;33,1;0,038;26;0,0;0,0;0,9;0;--
2205,7;0,0;0,5;33,1;0,039;26;0,0;0,0;0,9;0;--
2206,8;0,0;0,7;33,1;0,039;26;0,0;0,0;0,9;0;--
2207,9;0,0;0,3;33,1;0,039;26;0,0;0,0;0,9;0;--
2209,1;0,0;0,4;33,1;0,039;26;0,0;0,0;0,9;0;--
2210,2;0,0;0,5;33,1;0,039;26;0,0;0,0;0,9;0;--
2211,3;0,0;0,6;33,1;0,040;26;0,0;0,0;0,9;0;--
2212,4;0,0;0,6;33,1;0,040;26;0,0;0,0;0,9;0;--
2213,5;0,0;0,7;33,1;0,040;26;0,0;0,0;0,9;0;--
2214,7;0,0;0,5;33,1;0,040;26;0,0;0,0;0,9;0;--
2215,8;0,0;0,4;33,1;0,040;26;0,0;0,0;0,9;0;--
2216,9;0,0;0,4;33,1;0,041;26;0,0;0,0;0,9;0;--
2218,0;0,0;0,5;33,1;0,041;26;0,0;0,0;0,9;0;--
2219,1;0,0;0,7;33,1;0,041;26;0,0;0,0;0,9;0;--
2220,2;0,0;0,6;33,1;0,041;26;0,0;0,0;0,9;0;--
2221,4;0,0;0,9;33,1;0,041;26;0,0;0,0;0,9;0;--
2222,5;0,0;0,5;33,1;0,042;26;0,0;0,0;0,9;0;--
2223,6;0,0;0,5;33,1;0,042;26;0,0;0,0;0,9;0;--
2224,7;0,0;0,5;33,1;0,042;26;0,0;0,0;0,9;0;--
2225,8;0,0;0,3;33,1;0,042;26;0,0;0,0;0,9;0;--
2227,0;0,0;0,5;33,1;0,042;26;0,0;0,0;0,9;0;--
2228,1;0,0;0,6;33,1;0,042;26;0,0;0,0;0,9;0;--
2229,2;0,0;0,6;33,1;0,043;26;0,0;0,0;0,9;0;--
2230,3;0,0;0,4;33,1;0,043;26;0,0;0,0;0,9;0;--
2231,4;0,0;0,6;33,1;0,043;26;0,0;0,0;0,9;0;--
2232,5;0,0;0,8;33,1;0,043;26;0,0;0,0;0,9;0;--
2233,7;0,0;0,7;33,1;0,044;26;0,0;0,0;0,9;0;--
2234,8;0,0;0,7;33,1;0,044;26;0,0;0,0;0,9;0;--
2235,9;0,0;0,7;33,1;0,044;26;0,0;0,0;0,9;0;--
2237,0;0,0;0,7;33,1;0,044;26;0,0;0,0;0,9;0;--
2238,1;0,0;0,8;33,1;0,045;26;0,0;0,0;0,9;0;--
2239,3;0,0;0,6;33,1;0,045;26;0,0;0,0;0,9;0;--
2240,4;0,0;0,8;33,1;0,045;26;0,0;0,0;0,9;0;--
2241,5;0,0;0,9;33,1;0,045;26;0,0;0,0;0,9;0;--
2242,6;0,0;0,6;33,1;0,046;26;0,0;0,0;0,9;0;--
2243,7;0,0;0,5;33,1;0,046;26;0,0;0,0;0,9;0;--
2244,8;6,0;0,7;33,1;0,046;26;0,0;0,0;0,9;0;--
2245,1;6,5;0,6;33,1;0,046;26;0,0;0,0;0,9;0;--
2246,2;24,0;0,9;33,1;0,047;26;0,0;0,0;0,9;0;--
2247,2;34,5;0,8;33,1;0,047;26;0,5;0,0;0,9;635;--
2247,4;34,5;0,6;33,1;0,047;26;0,5;0,0;0,9;775;--
2247,6;34,5;0,6;33,1;0,047;26;0,5;0,0;0,9;905;--
2247,9;44,0;0,6;33,1;0,047;26;0,5;0,0;0,9;950;--
2248,1;50,0;0,7;33,1;0,047;26;0,5;0,0;0,9;960;--
2248,3;51,0;0,6;33,1;0,047;26;0,5;0,0;0,9;970;--
2248,5;51,0;0,6;33,1;0,047;26;1,0;0,0;0,9;975;--
2248,7;51,0;0,6;33,1;0,047;26;1,0;0,0;0,9;995;--
2248,9;50,5;0,6;33,1;0,047;26;1,0;0,0;0,9;1080;--
2249,2;51,0;0,6;33,1;0,047;26;1,5;0,0;0,9;1225;--
2249,4;51,0;0,6;33,1;0,047;26;2,0;0,0;0,9;1430;--
2249,6;50,5;0,5;33,1;0,047;26;2,0;0,0;0,9;1705;--
2249,8;50,5;0,5;33,1;0,047;26;2,5;0,0;0,9;2005;--
2250,0;50,5;0,5;33,1;0,047;26;2,5;0,0;0,9;2270;--
2250,3;50,5;0,6;33,1;0,047;26;3,0;0,0;0,9;2525;--
2250,5;50,5;0,6;33,1;0,047;26;3,5;0,0;0,9;2790;--
2250,7;50,5;0,6;33,1;0,047;26;3,5;0,0;0,9;3065;--
2250,9;50,5;0,6;33,1;0,047;26;4,0;0,0;0,9;3335;--
2251,1;50,5;0,7;33,1;0,048;26;4,5;0,0;0,9;3615;--
2251,3;51,0;0,7;33,1;0,048;26;5,0;0,0;0,9;3935;--
2251,6;50,5;0,7;33,1;0,048;26;5,5;0,0;0,9;4265;--
2251,8;50,5;0,8;33,1;0,048;26;6,0;0,0;0,9;4605;--
2252,0;50,5;0,8;33,1;0,048;26;6,0;0,0;0,9;4950;--
2252,2;50,5;0,8;33,1;0,048;26;7,0;0,0;0,9;5340;--
2252,4;52,0;0,8;33,1;0,048;26;7,5;0,0;0,9;5775;--
2252,7;57,5;0,9;33,1;0,048;26;8,0;0,0;0,9;6185;--
2252,9;61,5;1,0;33,1;0,048;26;8,5;0,0;0,9;6630;--
2253,1;62,0;1,1;33,1;0,048;26;9,5;0,0;0,9;7155;--
2253,3;62,0;1,2;33,1;0,048;26;10,0;0,0;0,9;7720;--
2253,5;62,0;1,2;33,1;0,048;26;11,0;0,0;0,9;8215;--
2253,7;62,0;1,3;33,1;0,048;26;12,0;0,0;0,9;8840;--
2254,0;62,0;1,5;33,1;0,048;26;12,5;0,0;0,9;9425;--
2254,2;60,0;1,6;33,1;0,048;26;13,5;0,0;0,9;10030;--
2254,4;59,5;1,8;33,0;0,049;26;14,5;0,0;0,9;10730;--
2254,6;59,5;1,9;33,0;0,049;26;15,5;0,0;0,9;11300;--
2254,8;59,5;2,1;33,0;0,049;27;17,0;0,6;0,9;12120;--
2255,3;59,0;2,6;33,0;0,049;27;19,0;3,2;0,9;13555;--
2255,5;59,5;2,9;33,0;0,049;27;20,0;4,5;0,9;14475;--
2255,7;59,0;3,2;33,0;0,049;27;21,5;5,6;0,9;15280;--
2255,9;59,5;3,4;33,0;0,050;27;23,0;6,1;0,9;16045;--
2256,1;59,5;3,8;32,9;0,050;27;24,5;7,3;0,9;16960;--
2256,4;59,5;4,2;32,9;0,050;27;25,5;8,6;0,9;17700;--
2256,6;59,5;4,6;32,9;0,050;27;27,0;9,6;0,9;18540;--
2256,8;60,0;5,3;32,9;0,051;27;28,0;11,8;0,9;19425;--
2257,0;65,0;5,8;32,9;0,051;27;29,5;12,9;0,9;20305;--
2257,2;70,0;6,0;32,8;0,051;27;29,5;13,6;0,9;20665;--
2257,5;74,0;6,1;32,8;0,052;27;30,0;13,7;0,9;20850;--
2257,7;78,0;7,3;32,8;0,052;27;34,0;15,6;0,9;22310;--
2257,9;81,5;9,4;32,7;0,053;27;37,5;19,7;0,9;24245;--
2258,1;83,0;11,4;32,6;0,053;27;41,0;22,9;0,9;26160;--
2258,3;84,0;13,6;32,5;0,053;27;44,5;26,1;0,8;27960;--
2258,6;84,0;16,0;32,4;0,055;27;48,0;29,2;0,8;29985;--
2258,8;84,0;18,9;32,3;0,055;27;51,5;32,8;0,8;31865;--
2259,0;78,5;22,4;32,1;0,058;27;55,5;36,8;0,8;33805;--
2259,2;74,0;25,9;31,9;0,058;27;59,5;40,2;0,8;35655;--
2259,4;68,5;30,5;31,7;0,062;27;63,5;44,9;0,8;37550;--
2259,6;65,0;35,3;31,5;0,062;27;67,5;49,3;0,8;39435;--
2259,9;60,5;41,0;31,2;0,062;27;71,5;54,5;0,8;41400;--
2260,1;52,5;42,4;31,1;0,069;27;69,0;58,6;0,8;41005;--
2260,3;50,5;39,1;31,2;0,069;27;65,5;56,6;0,8;39315;--
2260,5;50,0;34,6;31,4;0,074;27;61,5;53,0;0,8;37500;--
2260,7;50,0;29,9;31,5;0,074;27;58,0;48,1;0,8;35635;--
2261,0;50,0;27,8;31,6;0,079;27;58,0;44,5;0,8;35255;--
2261,2;61,5;29,6;31,5;0,079;27;62,0;44,5;0,8;36620;--
2261,4;76,0;33,9;31,3;0,079;27;66,0;48,3;0,8;38405;--
2261,6;87,5;38,6;31,1;0,084;28;70,0;52,3;0,8;40245;--
2261,8;88,0;44,2;30,8;0,084;28;73,5;57,4;0,8;42135;--
2262,0;88,0;49,0;30,6;0,091;28;77,5;60,6;0,8;43400;--
2262,3;88,0;55,5;30,3;0,091;28;81,5;65,6;0,7;45100;--
2262,5;85,5;63,1;30,0;0,091;28;86,0;71,0;0,8;46810;--
2262,7;70,5;72,1;29,7;0,100;28;90,0;77,9;0,8;48530;--
2262,9;63,5;70,2;29,7;0,100;28;85,5;79,8;0,8;47365;--
2263,1;63,5;64,5;29,8;0,111;28;81,5;76,7;0,7;45665;--
2263,4;63,5;58,1;30,0;0,111;28;78,5;71,5;0,7;44055;--
2263,6;68,5;56,7;30,0;0,119;28;80,5;68,0;0,7;44250;--
2263,8;93,5;61,5;29,8;0,119;29;84,5;70,4;0,7;45865;--
2264,0;99,5;68,9;29,5;0,119;29;89,0;75,2;0,8;47580;--
2264,2;99,5;78,5;29,3;0,129;29;93,5;81,8;0,8;49280;--
2264,4;99,0;87,6;28,9;0,129;29;98,5;86,9;0,9;50955;--
2264,7;99,5;94,9;28,7;0,143;29;100,0;92,9;0,9;51845;--
2264,9;99,5;97,0;28,5;0,143;29;100,0;95,0;0,9;51745;--
2265,1;99,5;97,2;28,4;0,158;29;100,0;95,2;0,9;51650;--
2265,3;52,5;96,8;28,4;0,158;29;100,0;94,8;0,9;51545;--
2265,5;24,5;96,6;28,3;0,158;30;100,0;94,6;0,9;51470;--
2265,8;8,0;60,6;29,5;0,172;30;0,0;2930,0;0,9;0;--
2266,8;36,5;0,5;31,7;0,174;31;0,5;0,0;0,9;2440;--
2267,0;29,5;0,6;31,8;0,174;31;0,5;0,0;0,9;1530;--
2267,2;22,5;0,7;31,9;0,174;31;0,5;0,0;0,9;1175;--
2267,4;22,5;0,7;31,9;0,174;31;0,5;0,0;0,9;1065;--
2267,7;26,0;0,6;31,9;0,174;31;0,5;0,0;0,9;1045;--
2267,9;36,0;0,6;32,0;0,174;31;0,5;0,0;0,9;1045;--
2268,1;51,5;0,7;32,0;0,174;31;0,5;0,0;0,9;1040;--
2268,3;62,5;0,7;32,1;0,174;31;1,0;0,0;0,9;1035;--
2268,5;79,0;0,7;32,1;0,174;30;1,0;0,0;0,9;1055;--
2268,7;91,0;0,6;32,1;0,174;30;1,0;0,0;0,9;1150;--
2269,0;99,5;0,6;32,1;0,174;30;1,5;0,0;0,9;1295;--
2269,2;99,5;0,6;32,2;0,174;30;2,0;0,0;0,9;1510;--
2269,4;99,5;0,7;32,2;0,174;30;2,0;0,0;0,9;1790;--
2269,6;99,5;0,6;32,2;0,174;30;2,5;0,0;0,9;2065;--
2269,8;99,5;0,6;32,2;0,175;30;3,0;0,0;0,9;2330;--
2270,1;99,5;0,6;32,2;0,175;30;3,0;0,0;0,9;2600;--
2270,3;99,5;0,6;32,3;0,175;30;3,5;0,0;0,9;2885;--
2270,5;99,5;0,6;32,3;0,175;30;4,0;0,0;0,9;3155;--
2270,7;99,5;0,6;32,3;0,175;30;4,5;0,0;0,9;3435;--
2270,9;99,5;0,7;32,3;0,175;30;4,5;0,0;0,9;3735;--
2271,1;99,5;0,7;32,3;0,175;30;5,0;0,0;0,9;4060;--
2271,4;99,5;0,7;32,3;0,175;30;5,5;0,0;0,9;4390;--
2271,6;99,5;0,7;32,3;0,175;30;6,0;0,0;0,9;4735;--
2271,8;99,5;0,7;32,4;0,175;30;6,5;0,0;0,9;5085;--
2272,0;99,5;0,8;32,4;0,175;30;7,5;0,0;0,9;5525;--
2272,2;99,5;0,8;32,4;0,175;30;8,0;0,0;0,9;5965;--
2272,5;99,5;0,9;32,4;0,175;30;8,5;0,0;0,9;6420;--
2272,7;99,5;1,0;32,4;0,175;30;9,5;0,0;0,9;6900;--
2272,9;99,5;1,0;32,4;0,175;30;10,0;0,0;0,9;7470;--
2273,1;99,5;1,1;32,4;0,175;30;11,0;0,0;0,9;7990;--
2273,3;99,5;1,2;32,4;0,175;30;11,5;0,0;0,9;8550;--
2273,5;99,5;1,3;32,4;0,175;30;12,5;0,0;0,9;9140;--
2273,8;99,5;1,4;32,4;0,175;30;13,5;0,0;0,9;9770;--
2274,0;99,5;1,6;32,4;0,176;29;14,5;0,0;0,9;10425;--
2274,2;99,5;1,7;32,4;0,176;29;15,5;0,0;0,9;11100;--
2274,4;99,5;1,9;32,4;0,176;29;16,5;0,0;0,9;11855;--
2274,6;99,5;2,1;32,4;0,176;29;17,5;0,6;0,9;12520;--
2274,9;99,5;2,4;32,4;0,176;29;19,0;2,1;0,9;13305;--
2275,1;99,5;2,6;32,4;0,176;29;20,0;3,0;0,9;14125;--
2275,3;99,5;2,9;32,4;0,176;29;21,5;4,2;0,9;14970;--
2275,5;99,5;3,3;32,4;0,177;29;22,5;5,8;0,9;15705;--
2275,7;99,5;3,6;32,4;0,177;29;24,0;6,7;0,9;16575;--
2275,9;99,5;3,9;32,4;0,177;29;25,0;7,6;0,9;17230;--
2276,2;99,5;4,4;32,4;0,177;29;27,0;8,9;0,9;18180;--
2276,4;99,5;4,9;32,4;0,177;29;28,5;10,2;0,9;19010;--
2276,6;99,5;6,2;32,3;0,178;29;30,5;13,8;0,9;20095;--
2276,8;99,5;7,9;32,3;0,178;29;34,0;17,4;0,9;22040;--
2277,0;99,5;9,6;32,2;0,180;29;37,5;20,3;0,9;24055;--
2277,3;99,5;11,5;32,1;0,180;29;41,0;23,2;0,9;25975;--
2277,5;99,5;13,6;32,1;0,180;29;44,5;26,1;0,8;27900;--
2277,7;99,5;16,1;32,0;0,182;29;48,5;29,1;0,8;29830;--
2277,9;99,5;19,2;31,8;0,182;29;52,0;33,1;0,8;31735;--
2278,1;99,5;22,4;31,7;0,185;29;56,0;36,4;0,8;33665;--
2278,3;99,5;26,5;31,6;0,185;29;60,0;40,8;0,8;35525;--
2278,6;99,5;31,1;31,4;0,185;29;64,0;45,5;0,8;37425;--
2278,8;99,5;35,9;31,2;0,189;29;68,0;49,9;0,8;39320;--
2279,0;99,5;41,4;30,9;0,189;29;72,5;54,3;0,8;41195;--
2279,2;99,5;48,0;30,7;0,196;29;77,0;59,7;0,8;43125;--
2279,4;99,5;55,2;30,4;0,196;29;81,5;65,3;0,8;45020;--
2279,7;99,5;63,8;30,1;0,204;30;86,5;71,4;0,8;46920;--
2279,9;99,5;73,5;29,8;0,204;30;91,5;78,1;0,8;48805;--
2280,1;99,5;83,9;29,4;0,204;30;96,5;84,9;0,9;50660;--
2280,3;99,5;94,1;29,0;0,217;30;100,0;92,1;0,9;52240;--
2280,5;99,5;97,3;28,8;0,217;30;100,0;95,3;0,9;52165;--
2280,8;99,5;98,1;28,7;0,232;30;100,0;96,1;0,9;52045;--
2281,0;99,5;98,1;28,6;0,232;30;100,0;96,1;0,9;51940;--
2281,2;99,5;97,6;28,6;0,247;30;100,0;95,6;0,9;51835;--
2281,4;99,5;97,4;28,5;0,247;31;100,0;95,4;0,9;51745;--
2281,6;99,5;97,0;28,4;0,247;31;100,0;95,0;0,9;51670;--
2281,8;99,5;96,9;28,4;0,261;31;100,0;94,9;0,9;51620;--
2282,1;99,5;96,6;28,3;0,261;31;100,0;94,6;0,9;51550;--
2282,3;99,5;96,3;28,3;0,276;31;100,0;94,3;0,9;51440;--
2282,5;99,5;96,2;28,3;0,276;32;100,0;94,2;0,9;51385;--
2282,7;99,5;96,1;28,2;0,290;32;100,0;94,1;0,9;51340;--
2282,9;99,5;96,1;28,2;0,290;32;100,0;94,1;0,9;51255;--
2283,2;99,5;96,1;28,2;0,290;32;100,0;94,1;0,9;51210;--
2283,4;99,5;95,9;28,1;0,305;32;100,0;93,9;0,9;51185;--
2283,6;99,5;95,6;28,1;0,305;33;100,0;93,6;0,9;51120;--
2283,8;99,5;95,5;28,1;0,319;33;100,0;93,5;0,9;51140;--
2284,0;99,5;94,7;28,0;0,319;33;100,0;92,7;0,9;51095;--
2284,2;99,5;94,8;28,0;0,319;33;100,0;92,8;0,9;51060;--
2284,5;99,5;94,6;28,0;0,333;33;100,0;92,6;0,9;51015;--
2284,7;99,5;94,7;28,0;0,333;33;100,0;92,7;0,9;51000;--
2284,9;99,5;94,1;28,0;0,348;34;100,0;92,1;0,9;50965;--
2285,1;99,5;94,2;27,9;0,348;34;100,0;92,2;0,9;50950;--
2285,3;99,5;93,9;27,9;0,362;34;100,0;91,9;0,9;50970;--
2285,6;99,5;93,6;27,9;0,362;34;100,0;91,6;0,9;50980;--
2285,8;99,5;93,2;27,9;0,362;34;100,0;91,2;0,9;50950;--
2286,0;99,5;92,8;27,9;0,376;35;100,0;90,8;0,9;50875;--
2286,4;99,5;93,4;27,9;0,390;35;100,0;91,4;0,8;50770;--
2286,7;99,5;93,7;27,8;0,390;35;100,0;91,7;0,9;50705;--
2286,9;99,5;93,6;27,8;0,390;35;100,0;91,6;0,9;50680;--
2287,1;99,5;93,6;27,8;0,404;35;100,0;91,6;0,9;50695;--
2287,3;99,5;93,3;27,8;0,404;35;100,0;91,3;0,9;50705;--
2287,5;99,5;93,0;27,8;0,418;36;100,0;91,0;0,9;50690;--
2287,7;99,5;93,1;27,8;0,418;36;100,0;91,1;0,9;50675;--
2288,0;99,5;92,8;27,8;0,432;36;100,0;90,8;0,9;50645;--
2288,2;99,5;92,5;27,8;0,432;36;100,0;90,5;0,9;50605;--
2288,4;58,0;92,9;27,8;0,432;36;100,0;90,9;0,9;50575;--
2288,6;5,0;71,5;28,4;0,446;36;0,0;3475,0;0,9;0;--
2289,7;0,0;0,7;30,7;0,449;37;0,0;0,0;0,9;0;--
2290,9;0,0;0,4;31,1;0,449;36;0,0;0,0;0,9;0;--
2292,0;0,0;0,6;31,3;0,449;36;0,0;0,0;0,8;0;--
2293,1;0,0;0,7;31,4;0,450;35;0,0;0,0;0,9;0;--
2294,2;0,0;0,9;31,6;0,450;35;0,0;0,0;0,9;0;--
2295,3;0,0;0,9;31,7;0,450;35;0,0;0,0;0,9;0;--
2296,4;0,0;1,0;31,8;0,451;34;0,0;0,0;0,9;0;--
2297,6;0,0;1,0;31,8;0,451;34;0,0;0,0;0,9;0;--
2298,7;0,0;1,0;31,9;0,451;34;0,0;0,0;0,9;0;--
2299,8;0,0;1,0;31,9;0,452;33;0,0;0,0;0,9;0;--
2300,9;0,0;0,9;32,0;0,452;33;0,0;0,0;0,9;0;--
2302,0;0,0;0,9;32,0;0,452;33;0,0;0,0;0,9;0;--
2303,2;0,0;0,9;32,0;0,453;33;0,0;0,0;0,9;0;--
2304,3;0,0;0,9;32,0;0,453;33;0,0;0,0;0,9;0;--
2305,4;0,0;0,9;32,1;0,453;33;0,0;0,0;0,9;0;--
2306,5;0,0;1,0;32,1;0,454;33;0,0;0,0;0,9;0;--
2307,6;0,0;0,8;32,1;0,454;32;0,0;0,0;0,9;0;--
2308,7;0,0;0,9;32,1;0,454;32;0,0;0,0;0,9;0;--
2309,9;0,0;0,9;32,1;0,455;32;0,0;0,0;0,9;0;--
2311,2;0,0;1,0;32,1;0,455;32;0,0;0,0;0,9;0;--
2312,3;0,0;0,9;32,1;0,455;32;0,0;0,0;0,9;0;--
2313,4;0,0;0,9;32,1;0,456;32;0,0;0,0;0,9;0;--
2314,5;0,0;0,9;32,1;0,456;32;0,0;0,0;0,9;0;--
2315,7;0,0;0,9;32,1;0,456;32;0,0;0,0;0,9;0;--
2316,8;0,0;0,9;32,1;0,457;32;0,0;0,0;0,9;0;--
2318,1;0,0;0,9;32,2;0,457;32;0,0;0,0;0,9;0;--
2319,7;0,0;0,9;32,2;0,458;32;0,0;0,0;0,9;0;--
2320,8;0,0;0,9;32,2;0,458;32;0,0;0,0;0,9;0;--
2321,9;0,0;1,0;32,2;0,458;32;0,0;0,0;0,9;0;--
2323,1;0,0;0,8;32,2;0,458;32;0,0;0,0;0,9;0;--
2324,2;0,0;0,9;32,2;0,459;32;0,0;0,0;0,9;0;--
2325,3;0,0;0,9;32,2;0,459;32;0,0;0,0;0,9;0;--
2326,4;0,0;0,9;32,2;0,459;32;0,0;0,0;0,9;0;--
2327,5;0,0;0,9;32,2;0,460;32;0,0;0,0;0,9;0;--
2328,9;0,0;1,0;32,2;0,460;32;0,0;0,0;0,9;0;--
2330,0;0,0;0,9;32,2;0,460;32;0,0;0,0;0,9;0;--
2331,1;0,0;0,9;32,2;0,461;32;0,0;0,0;0,9;0;--
2332,2;0,0;0,8;32,2;0,461;32;0,0;0,0;0,9;0;--
2333,3;20,0;0,9;32,2;0,461;32;0,0;0,0;0,9;0;--
2333,6;36,0;1,0;32,2;0,461;32;1,0;0,0;0,9;825;--
2333,9;36,0;0,7;32,2;0,462;32;0,5;0,0;0,9;640;--
2334,1;36,0;0,5;32,2;0,462;32;0,5;0,0;0,9;845;--
2334,3;36,0;0,5;32,2;0,462;32;0,5;0,0;0,9;955;--
2334,5;36,0;0,5;32,2;0,462;32;0,5;0,0;0,9;990;--
2334,7;36,0;0,5;32,2;0,462;32;0,5;0,0;0,9;1010;--
2335,0;46,0;0,5;32,2;0,462;32;0,5;0,0;0,9;1010;--
2335,2;52,5;0,5;32,2;0,462;32;1,0;0,0;0,9;1015;--
2335,4;57,5;0,6;32,2;0,462;32;1,0;0,0;0,9;1035;--
2335,6;65,0;0,5;32,2;0,462;32;1,0;0,0;0,9;1125;--
2335,8;70,5;0,5;32,2;0,462;32;1,5;0,0;0,9;1270;--
2336,0;78,0;0,5;32,2;0,462;32;2,0;0,0;0,9;1485;--
2336,3;86,0;0,5;32,2;0,462;32;2,0;0,0;0,9;1755;--
2336,5;86,5;0,5;32,2;0,462;32;2,5;0,0;0,9;2040;--
2336,7;86,5;0,6;32,2;0,462;32;3,0;0,0;0,9;2295;--
2336,9;86,5;0,5;32,2;0,462;32;3,0;0,0;0,9;2550;--
2337,1;89,0;0,5;32,2;0,462;32;3,5;0,0;0,9;2835;--
2337,4;92,5;0,5;32,2;0,462;32;4,0;0,0;0,9;3110;--
2337,6;93,5;0,5;32,2;0,462;32;4,0;0,0;0,9;3380;--
2337,8;96,0;0,6;32,2;0,462;32;4,5;0,0;0,9;3665;--
2338,0;99,5;0,6;32,2;0,462;32;5,0;0,0;0,9;4005;--
2338,2;99,5;0,6;32,2;0,462;32;5,5;0,0;0,9;4330;--
2338,4;99,5;0,7;32,2;0,462;32;6,0;0,0;0,9;4680;--
2338,7;99,5;0,7;32,2;0,462;32;6,5;0,0;0,9;5025;--
2338,9;99,5;0,7;32,2;0,462;32;7,5;0,0;0,9;5450;--
2339,1;99,5;0,7;32,2;0,463;32;8,0;0,0;0,9;5885;--
2339,3;99,5;0,8;32,2;0,463;32;8,5;0,0;0,9;6325;--
2339,5;99,5;0,8;32,2;0,463;32;9,0;0,0;0,9;6800;--
2339,8;99,5;0,9;32,2;0,463;31;10,0;0,0;0,9;7340;--
2340,0;99,5;1,0;32,2;0,463;31;11,0;0,0;0,9;7875;--
2340,2;99,5;1,1;32,2;0,463;31;11,5;0,0;0,9;8420;--
2340,4;99,5;1,3;32,2;0,463;31;12,5;0,0;0,9;9020;--
2340,6;99,5;1,3;32,2;0,463;31;13,5;0,0;0,9;9625;--
2340,9;99,5;1,6;32,1;0,463;31;14,5;0,0;0,9;10290;--
2341,1;99,5;1,7;32,1;0,463;31;15,5;0,0;0,9;10945;--
2341,3;99,5;1,8;32,1;0,463;31;16,5;0,0;0,9;11615;--
2341,5;99,5;2,0;32,1;0,464;31;17,5;0,0;0,9;12375;--
2341,7;99,5;2,2;32,1;0,464;31;19,0;1,1;0,9;13115;--
2341,9;99,5;2,4;32,1;0,464;31;20,0;2,0;0,9;13865;--
2342,2;99,5;2,8;32,1;0,464;31;21,5;3,7;0,9;14680;--
2342,4;99,5;3,1;32,1;0,464;31;22,5;4,9;0,9;15515;--
2342,6;99,5;3,5;32,1;0,464;32;24,0;6,3;0,9;16450;--
2342,8;99,5;3,8;32,1;0,464;32;25,5;7,1;0,9;17120;--
2343,0;99,5;4,6;32,1;0,464;32;27,0;9,6;0,9;17920;--
2343,3;99,5;5,4;32,0;0,465;32;28,5;11,9;0,9;18835;--
2343,5;99,5;6,1;32,0;0,465;32;30,0;13,7;0,9;19795;--
2343,7;99,5;7,7;32,0;0,466;32;34,0;16,8;0,9;21740;--
2343,9;99,5;9,2;31,9;0,466;32;37,5;19,2;0,9;23700;--
2344,1;99,5;11,1;31,9;0,468;32;41,0;22,2;0,9;25665;--
2344,3;99,5;13,2;31,8;0,468;32;44,5;25,2;0,9;27575;--
2344,6;99,5;15,7;31,7;0,468;32;48,0;28,5;0,8;29525;--
2344,8;99,5;18,6;31,6;0,470;32;52,0;31,9;0,8;31435;--
2345,0;99,5;21,8;31,5;0,470;32;55,5;35,7;0,8;33385;--
2345,2;99,5;25,7;31,4;0,473;32;59,5;39,8;0,8;35265;--
2345,4;99,5;29,9;31,2;0,473;32;63,5;43,9;0,8;37155;--
2345,7;99,5;35,0;31,1;0,478;32;67,5;48,9;0,8;39045;--
2345,9;99,5;40,4;30,8;0,478;32;72,0;53,3;0,8;40935;--
2346,1;99,5;46,9;30,6;0,478;32;76,5;58,7;0,8;42855;--
2346,3;99,5;53,9;30,4;0,485;32;81,0;64,1;0,8;44775;--
2346,5;99,5;62,4;30,2;0,485;32;85,5;70,6;0,8;46680;--
2346,7;99,5;71,9;29,9;0,495;32;90,0;77,7;0,8;48575;--
2347,0;99,5;81,8;29,6;0,495;32;95,0;84,0;0,8;50470;--
2347,2;99,5;92,8;29,3;0,509;32;100,0;90,8;0,9;52350;--
2347,4;99,5;97,9;29,1;0,509;32;100,0;95,9;0,9;52580;--
2347,6;99,5;98,9;29,0;0,509;32;100,0;96,9;0,9;52425;--
2347,8;99,5;99,2;28,9;0,524;33;100,0;97,2;0,9;52310;--
2348,1;99,5;99,0;28,8;0,524;33;100,0;97,0;0,9;52220;--
2348,3;99,5;98,7;28,8;0,539;33;100,0;96,7;0,9;52145;--
2348,5;99,5;98,5;28,7;0,539;33;100,0;96,5;0,9;52060;--
2348,7;99,5;98,2;28,7;0,539;33;100,0;96,2;0,9;51970;--
2348,9;99,5;98,1;28,6;0,554;34;100,0;96,1;0,9;51895;--
2349,1;99,5;97,7;28,6;0,554;34;100,0;95,7;0,9;51830;--
2349,4;99,5;97,5;28,5;0,568;34;100,0;95,5;0,9;51740;--
2349,6;99,5;97,6;28,5;0,568;34;100,0;95,6;0,9;51665;--
2349,8;99,5;97,1;28,4;0,583;35;100,0;95,1;0,9;51625;--
2350,0;99,5;96,7;28,4;0,583;35;100,0;94,7;0,9;51585;--
2350,2;99,5;96,1;28,4;0,583;35;100,0;94,1;0,9;51535;--
2350,5;99,5;96,2;28,3;0,598;35;100,0;94,2;0,9;51470;--
2350,7;99,5;96,1;28,3;0,598;35;100,0;94,1;0,9;51395;--
2350,9;99,5;95,7;28,3;0,612;36;100,0;93,7;0,9;51355;--
2351,1;99,5;95,6;28,2;0,612;36;100,0;93,6;0,9;51320;--
2351,3;99,5;95,6;28,2;0,612;36;100,0;93,6;0,9;51250;--
2351,6;99,5;95,3;28,2;0,627;36;100,0;93,3;0,9;51215;--
2351,8;99,5;94,8;28,1;0,627;36;100,0;92,8;0,9;51175;--
2352,0;99,5;94,5;28,1;0,641;37;100,0;92,5;0,9;51115;--
2352,2;99,5;95,0;28,1;0,641;37;100,0;93,0;0,9;51095;--
2352,4;99,5;94,6;28,1;0,655;37;100,0;92,6;0,9;51045;--
2352,6;99,5;94,2;28,0;0,655;37;100,0;92,2;0,9;51045;--
2352,9;99,5;94,5;28,0;0,655;37;100,0;92,5;0,9;50965;--
2353,1;99,5;94,1;28,0;0,669;37;100,0;92,1;0,9;50935;--
2353,3;99,5;94,1;28,0;0,669;38;100,0;92,1;0,9;50910;--
2353,5;99,5;93,8;28,0;0,683;38;100,0;91,8;0,9;50900;--
2354,0;82,0;93,8;27,9;0,698;38;100,0;91,8;0,9;50810;--
2354,2;81,0;93,8;27,9;0,698;38;100,0;91,8;0,9;50790;--
2354,4;76,0;93,7;27,9;0,698;38;100,0;91,7;0,9;50750;--
2354,6;59,0;93,7;27,9;0,712;38;100,0;91,7;0,9;50750;--
2354,8;51,5;93,3;27,9;0,712;39;100,0;91,3;0,9;50770;--
2355,0;47,0;92,8;27,9;0,726;39;100,0;90,8;0,9;50780;--
2355,3;46,0;92,7;27,8;0,726;39;100,0;90,7;0,9;50760;--
2355,5;46,0;92,4;27,8;0,726;39;100,0;90,4;0,9;50760;--
2355,7;46,0;91,9;27,8;0,740;39;99,0;90,8;0,9;50730;--
2355,9;46,0;86,0;28,0;0,740;39;95,0;88,4;0,9;49260;--
2356,1;46,0;76,9;28,1;0,752;39;90,5;82,8;0,8;47585;--
2356,4;46,0;68,4;28,3;0,752;40;86,5;76,8;0,8;45845;--
2356,6;46,0;60,8;28,5;0,762;40;82,0;71,7;0,7;44100;--
2356,8;46,0;53,9;28,7;0,762;40;77,5;67,0;0,8;42325;--
2357,0;46,0;46,9;28,9;0,762;40;73,0;61,5;0,8;40475;--
2357,2;46,0;40,8;29,1;0,769;40;69,0;56,2;0,8;38730;--
2357,5;46,0;35,1;29,3;0,769;40;64,5;51,3;0,8;36905;--
2357,7;46,0;29,9;29,5;0,774;40;60,5;46,1;0,8;35085;--
2357,9;46,0;25,3;29,6;0,774;40;56,5;41,2;0,8;33230;--
2358,1;46,0;22,0;29,7;0,774;40;55,0;36,4;0,8;32125;--
2358,3;46,0;21,2;29,8;0,777;40;55,0;34,9;0,8;32070;--
2358,5;46,0;21,0;29,8;0,777;40;55,0;34,5;0,8;32085;--
2358,8;46,0;20,9;29,9;0,780;40;55,0;34,4;0,8;32015;--
2359,0;46,0;20,7;29,9;0,780;40;55,0;34,0;0,8;32005;--
2359,2;46,0;20,6;29,9;0,783;40;55,0;33,8;0,8;31985;--
2359,4;46,0;20,5;30,0;0,783;40;54,5;33,9;0,8;32005;--
2359,6;46,0;20,4;30,0;0,783;40;54,5;33,8;0,8;32010;--
2359,9;46,0;20,3;30,0;0,787;39;54,5;33,6;0,8;32010;--
2360,1;46,0;20,2;30,0;0,787;39;54,5;33,4;0,8;32010;--
2360,3;46,0;20,3;30,0;0,790;39;54,5;33,6;0,8;32010;--
2360,5;46,0;20,3;30,0;0,790;39;54,5;33,6;0,8;32000;--
2360,7;46,0;20,4;30,1;0,793;39;54,5;33,8;0,8;32000;--
2360,9;46,0;20,4;30,1;0,793;39;54,5;33,8;0,8;32005;--
2361,2;46,0;20,5;30,1;0,793;39;54,5;33,9;0,8;32015;--
2361,4;46,0;20,5;30,1;0,796;39;54,5;33,9;0,8;32015;--
2361,6;46,0;20,5;30,1;0,796;39;54,5;33,9;0,8;32010;--
2361,8;46,0;20,6;30,1;0,799;39;54,5;34,1;0,8;32005;--
2362,0;46,0;20,6;30,1;0,799;39;54,5;34,1;0,8;31995;--
2362,3;46,0;20,7;30,1;0,799;39;54,5;34,3;0,8;32000;--
2362,5;46,0;20,8;30,1;0,802;39;54,5;34,5;0,8;32010;--
2362,7;46,0;20,8;30,2;0,802;39;54,5;34,5;0,8;32025;--
2362,9;46,0;20,9;30,2;0,805;39;54,5;34,7;0,8;32015;--
2363,1;46,0;20,8;30,2;0,805;39;54,5;34,5;0,8;32015;--
2363,3;46,0;20,8;30,2;0,808;38;54,0;34,8;0,8;32005;--
2363,6;46,0;20,8;30,2;0,808;38;54,0;34,8;0,8;32005;--
2363,8;46,0;20,9;30,2;0,808;38;54,0;35,0;0,8;32010;--
2364,0;46,0;20,8;30,2;0,811;38;54,0;34,8;0,8;32005;--
2364,2;46,0;20,5;30,2;0,811;38;54,0;34,3;0,8;32015;--
2364,4;46,0;20,6;30,2;0,815;38;54,0;34,4;0,8;32020;--
2364,7;46,0;20,8;30,2;0,815;38;54,0;34,8;0,8;32015;--
2364,9;46,0;20,7;30,2;0,818;38;54,0;34,6;0,8;32020;--
2365,1;46,0;20,8;30,3;0,818;38;54,0;34,8;0,8;32010;--
2365,3;46,0;20,9;30,3;0,818;38;54,0;35,0;0,8;31930;--
2365,5;46,0;21,0;30,2;0,821;38;54,0;35,2;0,8;31940;--
2365,7;46,0;21,0;30,3;0,821;38;54,0;35,2;0,8;31950;--
2366,0;46,0;21,1;30,3;0,824;38;54,0;35,4;0,8;32000;--
2366,2;42,0;20,2;30,3;0,824;38;52,0;35,0;0,8;31405;--
2366,4;40,5;17,6;30,4;0,824;38;48,0;32,5;0,8;29660;--
2366,6;40,5;15,8;30,4;0,827;38;46,5;29,7;0,9;28385;--
2366,8;40,5;15,2;30,4;0,827;38;46,5;28,4;0,9;28330;--
2367,1;40,5;15,2;30,5;0,829;38;46,5;28,4;0,9;28325;--
2367,3;40,5;14,8;30,5;0,829;38;46,5;27,5;0,9;28305;--
2367,5;40,5;14,6;30,5;0,831;38;46,5;27,1;0,9;28305;--
2367,7;40,5;14,5;30,5;0,831;38;46,5;26,9;0,9;28275;--
2367,9;40,5;14,5;30,5;0,831;38;46,5;26,9;0,9;28245;--
2368,2;40,5;14,5;30,5;0,834;37;46,5;26,9;0,9;28310;--
2368,4;40,5;14,7;30,5;0,834;37;46,5;27,3;0,9;28280;--
2368,6;40,5;14,6;30,5;0,836;37;46,5;27,1;0,9;28265;--
2368,8;40,5;14,5;30,5;0,836;37;46,5;26,9;0,9;28290;--
2369,0;40,5;14,4;30,5;0,836;37;46,5;26,7;0,9;28280;--
2369,2;40,5;14,3;30,5;0,838;37;46,5;26,5;0,9;28275;--
2369,5;40,5;14,4;30,5;0,838;37;46,5;26,7;0,9;28275;--
2369,7;40,5;14,6;30,6;0,840;37;46,5;27,1;0,9;28250;--
2369,9;40,5;14,7;30,5;0,840;37;46,5;27,3;0,9;28275;--
2370,1;40,5;14,7;30,5;0,842;37;46,5;27,3;0,9;28260;--
2370,3;40,5;14,6;30,6;0,842;37;46,5;27,1;0,9;28255;--
2370,6;40,5;14,3;30,6;0,842;37;46,5;26,5;0,9;28235;--
2370,8;40,5;14,3;30,6;0,845;37;46,5;26,5;0,9;28240;--
2371,0;40,5;14,5;30,6;0,845;37;46,5;26,9;0,9;28295;--
2371,2;40,5;14,6;30,6;0,847;37;46,5;27,1;0,9;28295;--
2371,4;40,5;14,6;30,6;0,847;37;46,5;27,1;0,9;28305;--
2371,6;44,5;16,3;30,5;0,847;37;50,0;28,6;0,8;29560;--
2371,9;46,5;18,9;30,5;0,849;37;53,5;31,6;0,8;31355;--
2372,1;46,5;20,6;30,4;0,849;37;54,5;34,1;0,8;32180;--
2372,3;46,5;20,8;30,4;0,852;37;54,5;34,5;0,8;32255;--
2372,5;46,5;20,9;30,4;0,852;37;54,5;34,7;0,8;32290;--
2372,7;46,5;20,8;30,4;0,855;37;54,5;34,5;0,8;32315;--
2373,0;46,5;20,9;30,4;0,855;37;54,5;34,7;0,8;32320;--
2373,2;46,5;20,9;30,4;0,855;37;54,5;34,7;0,8;32290;--
2373,4;46,5;20,9;30,4;0,859;37;54,5;34,7;0,8;32310;--
2373,6;41,0;20,6;30,4;0,859;37;53,0;35,1;0,8;32090;--
2373,8;29,0;18,1;30,5;0,862;37;49,5;32,5;0,8;30375;--
2374,0;19,5;15,5;30,5;0,862;37;45,5;29,7;0,9;28565;--
2374,3;19,0;6,8;30,7;0,863;37;0,0;240,0;0,9;21195;--
2374,5;19,0;3,1;30,8;0,863;37;0,0;55,0;0,9;16325;--
2374,7;12,0;1,6;30,9;0,863;37;0,0;0,0;0,9;13165;--
2374,9;0,0;0,9;30,9;0,863;36;0,0;0,0;0,9;0;--
2376,0;0,0;0,4;31,0;0,863;36;0,0;0,0;0,9;0;--
2377,2;0,0;0,4;31,0;0,864;36;0,0;0,0;0,9;0;--
2378,3;0,0;0,9;31,1;0,864;36;0,0;0,0;0,9;0;--
2379,4;0,0;0,9;31,1;0,864;36;0,0;0,0;0,9;0;--
2380,5;0,0;0,9;31,1;0,864;35;0,0;0,0;0,9;0;--
2381,6;0,0;0,8;31,2;0,865;35;0,0;0,0;0,9;0;--
2382,8;0,0;0,9;31,2;0,865;35;0,0;0,0;0,9;0;--
2383,9;0,0;0,9;31,2;0,865;35;0,0;0,0;0,9;0;--
2385,0;0,0;0,8;31,2;0,866;35;0,0;0,0;0,9;0;--
2386,1;0,0;0,8;31,2;0,866;35;0,0;0,0;0,9;0;--
2387,2;0,0;0,9;31,2;0,866;35;0,0;0,0;0,9;0;--
2388,3;0,0;0,8;31,2;0,867;34;0,0;0,0;0,9;0;--
RESET;--;SN;160009B5;BL;25;FW;72;RST CODE;OK;--
2391,3;0,0;0,5;0,0;0,000;23;0,0;0,0;0,0;0; THRTL
2392,4;0,0;0,6;0,0;0,000;23;0,0;0,0;0,0;0; THRTL
2395,4;0,0;0,7;0,0;0,000;23;0,0;0,0;0,0;0; THRTL
2396,6;0,0;0,7;0,0;0,001;23;0,0;0,0;0,0;0; THRTL
2397,7;0,0;0,6;0,0;0,001;23;0,0;0,0;0,0;0; THRTL
2398,8;0,0;0,7;0,0;0,001;23;0,0;0,0;0,0;0; THRTL
2399,9;0,0;0,6;0,0;0,001;23;0,0;0,0;0,0;0; THRTL
2401,0;0,0;0,7;0,0;0,002;23;0,0;0,0;0,0;0; THRTL
2402,2;0,0;0,6;0,0;0,002;23;0,0;0,0;0,0;0; THRTL
2403,3;0,0;0,7;0,0;0,002;23;0,0;0,0;0,0;0; THRTL
2405,3;0,0;0,7;0,0;0,003;23;0,0;0,0;0,0;0; THRTL
2406,4;0,0;0,7;0,0;0,003;23;0,0;0,0;0,0;0; THRTL
2407,5;0,0;0,6;0,0;0,003;23;0,0;0,0;0,0;0; THRTL
2408,6;0,0;0,7;0,0;0,003;23;0,0;0,0;0,0;0; THRTL
2409,8;0,0;0,6;0,0;0,003;23;0,0;0,0;0,0;0; THRTL
2410,9;0,0;0,6;0,0;0,004;23;0,0;0,0;0,0;0; THRTL
2412,0;0,0;0,7;0,0;0,004;23;0,0;0,0;0,0;0; THRTL
2413,1;0,0;0,6;0,0;0,004;23;0,0;0,0;0,0;0; THRTL
2414,2;0,0;0,6;0,0;0,004;23;0,0;0,0;0,0;0; THRTL
2415,4;0,0;0,7;0,0;0,005;23;0,0;0,0;0,0;0; THRTL
2416,5;0,0;0,6;0,0;0,005;23;0,0;0,0;0,0;0; THRTL
2417,6;0,0;0,7;0,0;0,005;23;0,0;0,0;0,0;0; THRTL
2418,7;0,0;0,7;0,0;0,005;23;0,0;0,0;0,0;0; THRTL
2419,8;0,0;0,6;0,0;0,005;23;0,0;0,0;0,0;0; THRTL
2420,9;0,0;0,7;0,0;0,006;23;0,0;0,0;0,0;0; THRTL
2422,1;0,0;0,6;0,0;0,006;23;0,0;0,0;0,0;0; THRTL
2423,2;0,0;0,7;0,0;0,006;23;0,0;0,0;0,0;0; THRTL
2424,3;0,0;0,7;0,0;0,006;23;0,0;0,0;0,0;0; THRTL
2425,4;0,0;0,7;0,0;0,007;23;0,0;0,0;0,0;0; THRTL
2426,5;0,0;0,7;0,0;0,007;23;0,0;0,0;0,0;0; THRTL
2427,9;0,0;0,6;0,0;0,007;23;0,0;0,0;0,0;0; THRTL
2429,0;0,0;0,7;0,0;0,008;23;0,0;0,0;0,0;0; THRTL
2430,3;0,0;0,6;0,0;0,008;23;0,0;0,0;0,0;0; THRTL
2431,4;0,0;0,7;0,0;0,008;23;0,0;0,0;0,0;0; THRTL
2432,5;0,0;0,7;0,0;0,008;23;0,0;0,0;0,0;0; THRTL
2433,6;0,0;0,7;0,0;0,009;23;0,0;0,0;0,0;0; THRTL
2434,8;0,0;0,7;0,0;0,009;23;0,0;0,0;0,0;0; THRTL
2436,0;0,0;0,6;0,0;0,009;23;0,0;0,0;0,0;0; THRTL
2437,1;0,0;0,6;0,0;0,009;23;0,0;0,0;0,0;0; THRTL
2438,2;0,0;0,7;0,0;0,010;23;0,0;0,0;0,0;0; THRTL
2439,3;0,0;0,7;0,0;0,010;23;0,0;0,0;0,0;0; THRTL
2440,5;0,0;0,6;0,0;0,010;23;0,0;0,0;0,0;0; THRTL
2441,6;0,0;0,7;0,0;0,010;23;0,0;0,0;0,0;0; THRTL
2442,7;0,0;0,6;0,0;0,011;23;0,0;0,0;0,0;0; THRTL
2443,8;0,0;0,6;0,0;0,011;23;0,0;0,0;0,0;0; THRTL
2444,9;0,0;0,6;0,0;0,011;23;0,0;0,0;0,0;0; THRTL
2446,0;0,0;0,6;0,0;0,011;23;0,0;0,0;0,0;0; THRTL
2447,2;0,0;0,7;0,0;0,011;23;0,0;0,0;0,0;0; THRTL
2448,3;0,0;0,6;0,0;0,012;23;0,0;0,0;0,0;0; THRTL
2449,4;0,0;0,6;0,0;0,012;23;0,0;0,0;0,0;0; THRTL
2450,5;0,0;0,7;0,0;0,012;23;0,0;0,0;0,0;0; THRTL
2451,6;0,0;0,6;0,0;0,012;23;0,0;0,0;0,0;0; THRTL
2453,9;0,0;0,6;0,0;0,013;23;0,0;0,0;0,0;0; THRTL
2455,0;0,0;0,7;0,0;0,013;23;0,0;0,0;0,0;0; THRTL
2456,4;0,0;0,6;0,0;0,013;23;0,0;0,0;0,0;0; THRTL
2457,5;0,0;0,7;0,0;0,014;23;0,0;0,0;0,0;0; THRTL
2458,6;0,0;0,6;0,0;0,014;23;0,0;0,0;0,0;0; THRTL
2459,8;0,0;0,6;0,0;0,014;23;0,0;0,0;0,0;0; THRTL
2460,9;0,0;0,7;0,0;0,014;23;0,0;0,0;0,0;0; THRTL
2462,0;0,0;0,7;0,0;0,015;23;0,0;0,0;0,0;0; THRTL
2463,1;0,0;0,7;0,0;0,015;23;0,0;0,0;0,0;0; THRTL
2464,2;0,0;0,6;0,0;0,015;23;0,0;0,0;0,0;0; THRTL
2465,4;0,0;0,7;0,0;0,015;23;0,0;0,0;0,0;0; THRTL
2466,5;0,0;0,6;0,0;0,015;23;0,0;0,0;0,0;0; THRTL
2467,6;0,0;0,6;0,0;0,016;23;0,0;0,0;0,0;0; THRTL
2468,7;0,0;0,6;0,0;0,016;23;0,0;0,0;0,0;0; THRTL
2469,8;0,0;0,7;0,0;0,016;23;0,0;0,0;0,0;0; THRTL
2470,9;0,0;0,7;0,0;0,016;23;0,0;0,0;0,0;0; THRTL
2472,1;0,0;0,7;0,0;0,017;23;0,0;0,0;0,0;0; THRTL
2473,2;0,0;0,7;0,0;0,017;23;0,0;0,0;0,0;0; THRTL
2474,3;0,0;0,6;0,0;0,017;23;0,0;0,0;0,0;0; THRTL
2475,4;0,0;0,6;0,0;0,017;23;0,0;0,0;0,0;0; THRTL
2476,5;0,0;0,6;0,0;0,018;23;0,0;0,0;0,0;0; THRTL
2477,7;0,0;0,7;0,0;0,018;23;0,0;0,0;0,0;0; THRTL
2478,8;0,0;0,6;0,0;0,018;23;0,0;0,0;0,0;0; THRTL
2479,9;0,0;0,7;0,0;0,018;23;0,0;0,0;0,0;0; THRTL
2481,0;0,0;0,7;0,0;0,019;23;0,0;0,0;0,0;0; THRTL
2482,9;0,0;0,6;0,0;0,019;23;0,0;0,0;0,0;0; THRTL
2484,0;0,0;0,7;0,0;0,019;23;0,0;0,0;0,0;0; THRTL
2485,2;0,0;0,7;0,0;0,019;23;0,0;0,0;0,0;0; THRTL
2486,3;0,0;0,7;0,0;0,020;23;0,0;0,0;0,0;0; THRTL
2487,4;0,0;0,7;0,0;0,020;23;0,0;0,0;0,0;0; THRTL
2488,5;0,0;0,6;0,0;0,020;23;0,0;0,0;0,0;0; THRTL
2489,6;0,0;0,7;0,0;0,020;23;0,0;0,0;0,0;0; THRTL
2490,8;0,0;0,7;0,0;0,021;23;0,0;0,0;0,0;0; THRTL
2492,7;0,0;0,8;0,0;0,021;23;0,0;0,0;0,0;0; THRTL
2493,8;0,0;0,7;0,0;0,021;23;0,0;0,0;0,0;0; THRTL
2495,0;0,0;0,7;0,0;0,022;23;0,0;0,0;0,0;0; THRTL
2496,5;0,0;0,8;0,0;0,022;23;0,0;0,0;0,0;0; THRTL
2497,6;0,0;0,7;0,0;0,022;23;0,0;0,0;0,0;0; THRTL
2498,8;0,0;0,7;0,0;0,022;23;0,0;0,0;0,0;0; THRTL
2499,9;0,0;0,6;0,0;0,023;23;0,0;0,0;0,0;0; THRTL
2501,0;0,0;0,7;0,0;0,023;23;0,0;0,0;0,0;0; THRTL
2502,1;0,0;0,6;0,0;0,023;23;0,0;0,0;0,0;0; THRTL
2503,2;0,0;0,7;0,0;0,023;23;0,0;0,0;0,0;0; THRTL
2504,4;0,0;0,7;0,0;0,024;23;0,0;0,0;0,0;0; THRTL
2505,5;0,0;0,7;0,0;0,024;23;0,0;0,0;0,0;0; THRTL
2507,8;0,0;0,6;0,0;0,024;23;0,0;0,0;0,0;0; THRTL
2508,9;0,0;0,6;0,0;0,025;23;0,0;0,0;0,0;0; THRTL
2510,0;0,0;0,7;0,0;0,025;23;0,0;0,0;0,0;0; THRTL
2511,2;0,0;0,7;0,0;0,025;23;0,0;0,0;0,0;0; THRTL
2512,3;0,0;0,7;0,0;0,025;23;0,0;0,0;0,0;0; THRTL
2513,4;0,0;0,6;0,0;0,025;23;0,0;0,0;0,0;0; THRTL
2514,5;0,0;0,6;0,0;0,026;23;0,0;0,0;0,0;0; THRTL
2516,2;0,0;0,7;0,0;0,026;23;0,0;0,0;0,0;0; THRTL
2517,4;0,0;0,6;0,0;0,026;23;0,0;0,0;0,0;0; THRTL
2518,6;0,0;0,7;0,0;0,026;23;0,0;0,0;0,0;0; THRTL
2519,7;0,0;0,7;0,0;0,027;23;0,0;0,0;0,0;0; THRTL
2520,8;0,0;0,7;0,0;0,027;23;0,0;0,0;0,0;0; THRTL
2521,9;0,0;0,6;0,0;0,027;23;0,0;0,0;0,0;0; THRTL
2523,0;0,0;0,7;0,0;0,027;23;0,0;0,0;0,0;0; THRTL
2524,2;0,0;0,7;0,0;0,028;23;0,0;0,0;0,0;0; THRTL
2525,3;0,0;0,7;0,0;0,028;23;0,0;0,0;0,0;0; THRTL
2526,4;0,0;0,6;0,0;0,028;23;0,0;0,0;0,0;0; THRTL
2527,5;0,0;0,7;0,0;0,028;23;0,0;0,0;0,0;0; THRTL
2528,6;0,0;0,7;0,0;0,029;23;0,0;0,0;0,0;0; THRTL
2529,7;0,0;0,7;0,0;0,029;23;0,0;0,0;0,0;0; THRTL
2530,9;0,0;0,8;0,0;0,029;23;0,0;0,0;0,0;0; THRTL
2532,0;0,0;0,7;0,0;0,029;23;0,0;0,0;0,0;0; THRTL
2533,1;0,0;0,7;0,0;0,030;23;0,0;0,0;0,0;0; THRTL
2534,2;0,0;0,7;0,0;0,030;23;0,0;0,0;0,0;0; THRTL
2535,5;0,0;0,8;0,0;0,030;23;0,0;0,0;0,0;0; THRTL
2536,7;0,0;0,6;0,0;0,030;23;0,0;0,0;0,0;0; THRTL
2537,8;0,0;0,6;0,0;0,031;23;0,0;0,0;0,0;0; THRTL
2540,0;0,0;0,7;0,0;0,031;23;0,0;0,0;0,0;0; THRTL
2541,1;0,0;0,7;0,0;0,031;23;0,0;0,0;0,0;0; THRTL
2542,2;0,0;0,6;0,0;0,032;23;0,0;0,0;0,0;0; THRTL
RESET;--;SN;160009B5;BL;25;FW;72;RST CODE;OK;--
2545,3;0,0;0,7;0,0;0,000;23;0,0;0,0;0,0;0; THRTL
2546,4;0,0;0,7;0,0;0,000;23;0,0;0,0;0,0;0; THRTL
2547,7;0,0;0,8;0,0;0,000;23;0,0;0,0;0,0;0; THRTL
2548,9;0,0;0,7;0,0;0,001;23;0,0;0,0;0,0;0; THRTL
2551,8;0,0;0,6;0,0;0,001;23;0,0;0,0;0,0;0; THRTL
2552,9;0,0;0,7;0,0;0,001;23;0,0;0,0;0,0;0; THRTL
2554,0;0,0;0,7;0,0;0,002;23;0,0;0,0;0,0;0; THRTL
2555,1;0,0;0,8;0,0;0,002;23;0,0;0,0;0,0;0; THRTL
2556,3;0,0;0,7;0,0;0,002;23;0,0;0,0;0,0;0; THRTL
2557,8;0,0;0,7;0,0;0,003;23;0,0;0,0;0,0;0; THRTL
2558,9;0,0;0,8;0,0;0,003;23;0,0;0,0;0,0;0; THRTL
2560,0;0,0;0,7;0,0;0,003;23;0,0;0,0;0,0;0; THRTL
2561,1;0,0;0,7;0,0;0,003;23;0,0;0,0;0,0;0; THRTL
2562,2;0,0;0,8;0,0;0,003;23;0,0;0,0;0,0;0; THRTL
2563,4;0,0;0,7;0,0;0,004;23;0,0;0,0;0,0;0; THRTL
2564,8;0,0;0,6;0,0;0,004;23;0,0;0,0;0,0;0; THRTL
RESET;--;SN;160009B5;BL;25;FW;72;RST CODE;OK;--
2567,9;0,0;0,6;0,0;0,000;23;0,0;0,0;0,0;0; THRTL
2569,0;0,0;0,7;0,0;0,000;23;0,0;0,0;0,0;0; THRTL
2570,2;0,0;0,7;0,0;0,000;23;0,0;0,0;0,0;0; THRTL
2571,8;0,0;0,7;0,0;0,001;23;0,0;0,0;0,0;0; THRTL
2572,9;0,0;0,6;0,0;0,001;23;0,0;0,0;0,0;0; THRTL
2574,0;0,0;0,6;0,0;0,001;23;0,0;0,0;0,0;0; THRTL
2575,2;0,0;0,7;0,0;0,001;23;0,0;0,0;0,0;0; THRTL
2576,3;0,0;0,7;0,0;0,001;23;0,0;0,0;0,0;0; THRTL
2577,5;0,0;0,7;0,0;0,002;23;0,0;0,0;0,0;0; THRTL
2578,6;0,0;0,6;0,0;0,002;23;0,0;0,0;0,0;0; THRTL
2579,7;0,0;0,7;0,0;0,002;23;0,0;0,0;0,0;0; THRTL
2580,8;0,0;0,7;0,0;0,002;23;0,0;0,0;0,0;0; THRTL
2581,9;0,0;0,7;0,0;0,003;23;0,0;0,0;0,0;0; THRTL
2585,0;0,0;0,8;0,0;0,003;23;0,0;0,0;0,0;0; THRTL
2586,1;0,0;0,7;0,0;0,004;23;0,0;0,0;0,0;0; THRTL
2590,5;0,0;0,7;0,0;0,005;23;0,0;0,0;0,0;0; THRTL
2591,6;0,0;0,7;0,0;0,005;23;0,0;0,0;0,0;0; THRTL
2593,0;0,0;0,6;0,0;0,005;23;0,0;0,0;0,0;0; THRTL
2594,1;0,0;0,7;0,0;0,005;23;0,0;0,0;0,0;0; THRTL
2595,3;0,0;0,7;0,0;0,006;23;0,0;0,0;0,0;0; THRTL
2598,2;0,0;0,8;0,0;0,006;23;0,0;0,0;0,0;0; THRTL
2599,3;0,0;0,7;0,0;0,006;23;0,0;0,0;0,0;0; THRTL
2600,4;0,0;0,7;0,0;0,007;23;0,0;0,0;0,0;0; THRTL
2601,5;0,0;0,7;0,0;0,007;23;0,0;0,0;0,0;0; THRTL
2603,6;0,0;0,7;0,0;0,008;23;0,0;0,0;0,0;0; THRTL
2604,7;0,0;0,7;0,0;0,008;23;0,0;0,0;0,0;0; THRTL
2607,3;0,0;0,6;0,0;0,008;23;0,0;0,0;0,0;0; THRTL
2608,4;0,0;0,7;0,0;0,009;23;0,0;0,0;0,0;0; THRTL
2610,2;0,0;0,6;0,0;0,009;23;0,0;0,0;0,0;0; THRTL
2611,4;0,0;0,7;0,0;0,009;23;0,0;0,0;0,0;0; THRTL
2612,6;0,0;0,8;0,0;0,009;23;0,0;0,0;0,0;0; THRTL
2613,7;0,0;0,7;0,0;0,010;23;0,0;0,0;0,0;0; THRTL
2614,8;0,0;0,7;0,0;0,010;24;0,0;0,0;0,0;0; THRTL
2615,9;0,0;0,8;0,0;0,010;24;0,0;0,0;0,0;0; THRTL
2617,0;0,0;0,8;0,0;0,010;24;0,0;0,0;0,0;0; THRTL
2618,2;0,0;0,8;0,0;0,011;24;0,0;0,0;0,0;0; THRTL
2619,3;0,0;0,7;0,0;0,011;24;0,0;0,0;0,0;0; THRTL
2621,2;0,0;0,7;0,0;0,012;24;0,0;0,0;0,0;0; THRTL
2622,6;0,0;0,8;0,0;0,012;24;0,0;0,0;0,0;0; THRTL
2623,7;0,0;0,7;0,0;0,012;24;0,0;0,0;0,0;0; THRTL
2625,8;0,0;0,7;0,0;0,013;24;0,0;0,0;0,0;0; THRTL
2626,9;0,0;0,7;0,0;0,013;24;0,0;0,0;0,0;0; THRTL
2629,0;0,0;0,8;0,0;0,013;24;0,0;0,0;0,0;0; THRTL
2630,1;0,0;0,7;0,0;0,014;24;0,0;0,0;0,0;0; THRTL
2631,8;0,0;0,8;0,0;0,014;24;0,0;0,0;0,0;0; THRTL
2634,1;0,0;0,7;0,0;0,014;24;0,0;0,0;0,0;0; THRTL
2635,2;0,0;0,8;0,0;0,015;24;0,0;0,0;0,0;0; THRTL
2636,3;0,0;0,7;0,0;0,015;24;0,0;0,0;0,0;0; THRTL
2638,5;0,0;0,8;0,0;0,015;24;0,0;0,0;0,0;0; THRTL
2639,6;0,0;0,7;0,0;0,016;24;0,0;0,0;0,0;0; THRTL
2641,3;0,0;0,8;0,0;0,016;24;0,0;0,0;0,0;0; THRTL
2642,4;0,0;0,7;0,0;0,016;24;0,0;0,0;0,0;0; THRTL
2643,5;0,0;0,7;0,0;0,017;24;0,0;0,0;0,0;0; THRTL
2645,1;0,0;0,8;0,0;0,017;24;0,0;0,0;0,0;0; THRTL
2646,2;0,0;0,7;0,0;0,017;24;0,0;0,0;0,0;0; THRTL
2647,4;0,0;0,7;0,0;0,018;24;0,0;0,0;0,0;0; THRTL
2648,6;0,0;0,7;0,0;0,018;24;0,0;0,0;0,0;0; THRTL
2649,7;0,0;0,6;0,0;0,018;24;0,0;0,0;0,0;0; THRTL
2650,8;0,0;0,7;0,0;0,018;24;0,0;0,0;0,0;0; THRTL
2651,9;0,0;0,7;0,0;0,018;24;0,0;0,0;0,0;0; THRTL
2653,0;0,0;0,7;0,0;0,019;24;0,0;0,0;0,0;0; THRTL
2654,2;0,0;0,7;0,0;0,019;24;0,0;0,0;0,0;0; THRTL
2655,3;0,0;0,7;0,0;0,019;24;0,0;0,0;0,0;0; THRTL
2656,4;0,0;0,7;0,0;0,020;24;0,0;0,0;0,0;0; THRTL
2658,3;0,0;0,8;0,0;0,020;24;0,0;0,0;0,0;0; THRTL
2659,4;0,0;0,7;0,0;0,020;24;0,0;0,0;0,0;0; THRTL
2660,5;0,0;0,7;0,0;0,021;24;0,0;0,0;0,0;0; THRTL
2662,3;0,0;0,8;0,0;0,021;24;0,0;0,0;0,0;0; THRTL
2663,4;0,0;0,7;0,0;0,021;24;0,0;0,0;0,0;0; THRTL
2664,6;0,0;0,6;0,0;0,021;24;0,0;0,0;0,0;0; THRTL
2665,7;0,0;0,6;0,0;0,022;24;0,0;0,0;0,0;0; THRTL
2666,8;0,0;0,7;0,0;0,022;24;0,0;0,0;0,0;0; THRTL
2668,0;0,0;0,7;0,0;0,022;24;0,0;0,0;0,0;0; THRTL
2669,6;0,0;0,7;0,0;0,023;24;0,0;0,0;0,0;0; THRTL
2670,7;0,0;0,7;0,0;0,023;24;0,0;0,0;0,0;0; THRTL
2674,1;0,0;0,7;0,0;0,024;24;0,0;0,0;0,0;0; THRTL
2675,2;0,0;0,7;0,0;0,024;24;0,0;0,0;0,0;0; THRTL
2676,3;0,0;0,7;0,0;0,024;24;0,0;0,0;0,0;0; THRTL
2678,7;0,0;0,7;0,0;0,025;24;0,0;0,0;0,0;0; THRTL
2680,4;0,0;0,8;0,0;0,025;24;0,0;0,0;0,0;0; THRTL
2681,5;0,0;0,7;0,0;0,025;24;0,0;0,0;0,0;0; THRTL
2682,7;0,0;0,7;0,0;0,026;24;0,0;0,0;0,0;0; THRTL
2683,8;0,0;0,7;0,0;0,026;24;0,0;0,0;0,0;0; THRTL
2685,0;0,0;0,8;0,0;0,026;24;0,0;0,0;0,0;0; THRTL
2686,1;0,0;0,7;0,0;0,026;24;0,0;0,0;0,0;0; THRTL
RESET;--;SN;160009B5;BL;25;FW;72;RST CODE;OK;--
RESET;--;SN;160009B5;BL;25;FW;72;RST CODE;OK;--
2689,3;0,0;0,8;33,3;0,000;24;0,0;0,0;0,9;0; THRTL
2690,4;0,0;0,0;33,3;0,000;24;0,0;0,0;0,8;0; THRTL
2691,5;0,0;0,0;33,3;0,000;24;0,0;0,0;0,8;0; THRTL
2692,6;0,0;0,0;33,2;0,000;24;0,0;0,0;0,8;0; THRTL
2693,8;0,0;0,3;33,3;0,000;24;0,0;0,0;0,9;0; THRTL
2694,9;0,0;0,5;33,3;0,000;24;0,0;0,0;0,9;0; THRTL
2696,0;0,0;0,0;33,3;0,000;24;0,0;0,0;0,8;0; THRTL
2697,1;0,0;0,8;33,3;0,000;24;0,0;0,0;0,9;0; THRTL
2698,2;0,0;0,0;33,3;0,000;24;0,0;0,0;0,8;0; THRTL
2699,3;0,0;0,8;33,3;0,000;24;0,0;0,0;0,9;0; THRTL
2700,5;0,0;0,0;33,3;0,000;24;0,0;0,0;0,8;0; THRTL
2701,6;0,0;0,6;33,3;0,000;24;0,0;0,0;0,9;0; THRTL
2702,7;0,0;0,0;33,3;0,000;24;0,0;0,0;0,9;0; THRTL
2703,8;0,0;0,9;33,3;0,000;24;0,0;0,0;0,9;0; THRTL
2704,9;0,0;0,6;33,3;0,000;24;0,0;0,0;0,9;0; THRTL
2706,1;0,0;0,9;33,3;0,000;24;0,0;0,0;0,9;0; THRTL
2707,2;0,0;0,8;33,3;0,001;24;0,0;0,0;0,9;0; THRTL
2708,3;0,0;0,9;33,3;0,001;24;0,0;0,0;0,9;0;--
2709,4;0,0;0,4;33,3;0,001;24;0,0;0,0;0,9;0;--
2710,5;0,0;0,7;33,3;0,001;24;0,0;0,0;0,9;0;--
2711,6;0,0;0,9;33,3;0,001;24;0,0;0,0;0,9;0;--
2712,3;10,0;1,0;33,2;0,002;24;10,0;0,0;0,9;7630;--
2712,5;0,0;0,7;33,2;0,002;24;0,0;0,0;0,8;5190;--
2712,7;6,5;0,6;33,2;0,002;24;6,0;0,0;0,8;4225;--
2712,9;7,0;0,6;33,2;0,002;24;7,0;0,0;0,8;6135;--
2713,1;7,0;0,7;33,2;0,002;24;7,0;0,0;0,8;6245;--
2713,4;7,0;0,6;33,2;0,002;24;7,0;0,0;0,8;6260;--
2713,6;7,0;0,6;33,2;0,002;24;7,0;0,0;0,8;6080;--
2713,8;7,0;0,6;33,2;0,002;24;7,0;0,0;0,8;6075;--
2714,0;10,5;0,6;33,2;0,002;24;10,5;0,0;0,8;7260;--
2714,2;12,5;0,8;33,2;0,002;24;12,5;0,0;0,8;10205;--
2714,5;12,5;0,8;33,2;0,002;24;12,5;0,0;0,8;10250;--
2714,7;18,5;0,9;33,2;0,002;24;18,5;0,0;0,8;14410;--
2714,9;19,0;0,9;33,2;0,002;24;19,0;0,0;0,8;14855;--
2715,1;29,0;1,4;33,2;0,002;24;28,5;0,0;0,8;21080;--
2715,3;36,0;1,7;33,2;0,003;24;35,5;0,0;0,8;26860;--
2715,5;36,0;1,6;33,2;0,003;24;36,0;0,0;0,8;27180;--
2715,8;47,0;2,1;33,2;0,003;24;46,5;0,2;0,8;34000;--
2716,0;53,0;2,2;33,2;0,003;24;52,0;0,4;0,8;37520;--
2716,2;60,0;2,7;33,1;0,003;24;59,0;1,2;0,8;43925;--
2716,4;71,5;3,4;33,1;0,003;24;71,5;2,0;0,8;52510;--
2716,6;73,0;2,7;33,1;0,003;24;73,0;1,0;0,8;53370;--
2716,9;83,0;3,3;33,1;0,003;24;82,0;1,6;0,8;58560;--
2717,1;90,5;4,1;33,1;0,004;24;90,5;2,3;0,8;66110;--
2717,3;99,5;4,5;33,1;0,004;24;99,5;2,5;0,8;71990;--
2717,5;99,5;3,9;33,1;0,005;24;99,5;1,9;0,8;73435;--
2717,7;8,5;0,0;33,3;0,005;24;9,0;0,0;0,8;11490;--
2717,9;0,0;0,0;33,3;0,004;24;0,0;0,0;0,8;5770;--
2718,2;0,0;0,0;33,2;0,004;24;0,0;0,0;0,8;3560;--
2718,4;0,0;0,6;33,2;0,004;24;0,0;0,0;0,8;2135;--
2719,5;0,0;0,9;33,2;0,005;24;0,0;0,0;0,9;0;--
2720,6;0,0;0,8;33,2;0,005;24;0,0;0,0;0,9;0;--
2721,7;0,0;0,9;33,2;0,005;24;0,0;0,0;0,9;0;--
2722,9;0,0;0,8;33,2;0,005;24;0,0;0,0;0,9;0;--
2724,0;0,0;0,8;33,2;0,006;24;0,0;0,0;0,9;0;--
2725,1;0,0;0,6;33,2;0,006;24;0,0;0,0;0,9;0;--
2726,2;0,0;0,7;33,3;0,006;24;0,0;0,0;0,9;0;--
2727,3;0,0;0,7;33,3;0,006;24;0,0;0,0;0,9;0;--
2728,5;0,0;0,7;33,3;0,007;24;0,0;0,0;0,9;0;--
2729,6;0,0;0,9;33,3;0,007;24;0,0;0,0;0,9;0;--
2730,7;0,0;0,8;33,3;0,007;24;0,0;0,0;0,9;0;--
2731,8;0,0;0,7;33,3;0,007;24;0,0;0,0;0,9;0;--
2732,9;0,0;0,8;33,3;0,008;24;0,0;0,0;0,9;0;--
RESET;--;SN;160009B5;BL;25;FW;72;RST CODE;OK;--
RESET;--;SN;160009B5;BL;25;FW;72;RST CODE;OK;--
2735,7;0,0;0,6;33,3;0,000;24;0,0;0,0;0,9;0; THRTL
2736,9;0,0;0,0;33,3;0,000;24;0,0;0,0;0,8;0; THRTL
2738,0;0,0;0,0;33,2;0,000;24;0,0;0,0;0,8;0; THRTL
2740,0;0,0;0,0;33,3;0,000;24;0,0;0,0;0,8;0; THRTL
2741,1;0,0;0,6;33,3;0,000;24;0,0;0,0;0,9;0; THRTL
2742,2;0,0;0,0;33,2;0,000;24;0,0;0,0;0,8;0; THRTL
2743,4;0,0;0,8;33,3;0,000;24;0,0;0,0;0,9;0; THRTL
2744,5;0,0;0,0;33,2;0,000;24;0,0;0,0;0,8;0; THRTL
2745,6;0,0;0,9;33,3;0,000;24;0,0;0,0;0,9;0; THRTL
2746,7;0,0;0,7;33,3;0,000;24;0,0;0,0;0,8;0; THRTL
2747,8;0,0;0,9;33,3;0,000;24;0,0;0,0;0,9;0; THRTL
2748,9;0,0;0,7;33,3;0,000;24;0,0;0,0;0,9;0; THRTL
RESET;--;SN;160009B5;BL;25;FW;72;RST CODE;OK;--
2751,7;0,0;0,7;33,3;0,000;24;0,0;0,0;0,9;0; THRTL
2752,9;0,0;0,0;33,2;0,000;24;0,0;0,0;0,8;0; THRTL
2756,1;0,0;0,0;33,2;0,000;24;0,0;0,0;0,9;0; THRTL
2757,2;0,0;0,7;33,2;0,000;24;0,0;0,0;0,9;0; THRTL
2758,3;0,0;0,0;33,2;0,000;24;0,0;0,0;0,8;0; THRTL
2759,4;0,0;0,8;33,2;0,000;24;0,0;0,0;0,9;0; THRTL
2760,6;0,0;0,0;33,2;0,000;24;0,0;0,0;0,8;0; THRTL
2761,7;0,0;1,0;33,2;0,000;24;0,0;0,0;0,9;0; THRTL
2762,8;0,0;0,0;33,2;0,000;24;0,0;0,0;0,8;0; THRTL
2763,9;0,0;0,7;33,2;0,000;24;0,0;0,0;0,9;0; THRTL
2765,0;0,0;0,5;33,2;0,000;24;0,0;0,0;0,9;0;--
2766,2;0,0;0,3;33,2;0,000;24;0,0;0,0;0,9;0;--
2767,3;0,0;0,7;33,2;0,001;24;0,0;0,0;0,9;0;--
2768,4;0,0;0,8;33,2;0,001;24;0,0;0,0;0,9;0;--
2769,5;0,0;1,0;33,2;0,001;24;0,0;0,0;0,9;0;--
2770,6;0,0;0,9;33,2;0,001;24;0,0;0,0;0,9;0;--
2772,9;0,0;0,5;33,2;0,002;24;0,0;0,0;0,9;0;--
2774,0;0,0;0,8;33,2;0,002;24;0,0;0,0;0,9;0;--
2775,1;0,0;0,4;33,3;0,002;24;0,0;0,0;0,9;0;--
2776,2;0,0;0,4;33,2;0,003;24;0,0;0,0;0,9;0;--
2777,3;0,0;0,9;33,2;0,003;24;0,0;0,0;0,9;0;--
2778,5;0,0;0,7;33,2;0,003;24;0,0;0,0;0,9;0;--
2779,6;0,0;0,5;33,2;0,003;24;0,0;0,0;0,9;0;--
2780,7;0,0;0,8;33,2;0,003;24;0,0;0,0;0,9;0;--
2781,8;0,0;0,8;33,2;0,004;24;0,0;0,0;0,9;0;--
2782,9;0,0;0,9;33,2;0,004;24;0,0;0,0;0,9;0;--
2784,0;0,0;0,4;33,2;0,004;24;0,0;0,0;0,9;0;--
2785,2;0,0;0,7;33,2;0,005;24;0,0;0,0;0,9;0;--
2786,3;0,0;0,7;33,2;0,005;24;0,0;0,0;0,9;0;--
2787,4;0,0;0,8;33,2;0,005;24;0,0;0,0;0,9;0;--
2788,5;0,0;0,5;33,2;0,005;24;0,0;0,0;0,9;0;--
2789,6;0,0;0,7;33,2;0,006;24;0,0;0,0;0,9;0;--
2790,8;0,0;0,7;33,2;0,006;24;0,0;0,0;0,9;0;--
2791,9;0,0;0,8;33,2;0,006;24;0,0;0,0;0,9;0;--
2793,0;0,0;0,9;33,2;0,006;24;0,0;0,0;0,9;0;--
2794,1;0,0;1,0;33,2;0,007;24;0,0;0,0;0,9;0;--
2795,2;0,0;0,4;33,2;0,007;24;0,0;0,0;0,9;0;--
2796,3;0,0;0,7;33,2;0,007;24;0,0;0,0;0,9;0;--
2797,5;0,0;0,8;33,2;0,008;24;0,0;0,0;0,9;0;--
2798,6;0,0;0,5;33,2;0,008;24;0,0;0,0;0,9;0;--
2799,7;0,0;0,7;33,2;0,008;24;0,0;0,0;0,9;0;--
2800,8;0,0;0,6;33,2;0,008;24;0,0;0,0;0,9;0;--
2801,9;0,0;0,8;33,2;0,009;24;0,0;0,0;0,9;0;--
2803,1;0,0;0,7;33,2;0,009;24;0,0;0,0;0,9;0;--
2804,2;0,0;0,7;33,2;0,009;24;0,0;0,0;0,9;0;--
2805,3;0,0;0,7;33,2;0,009;24;0,0;0,0;0,9;0;--
2806,4;0,0;0,4;33,2;0,009;24;0,0;0,0;0,9;0;--
2807,5;0,0;0,8;33,2;0,010;24;0,0;0,0;0,9;0;--
2808,6;0,0;0,8;33,2;0,010;24;0,0;0,0;0,9;0;--
2809,8;0,0;0,6;33,2;0,010;24;0,0;0,0;0,9;0;--
2810,9;0,0;0,6;33,2;0,010;24;0,0;0,0;0,9;0;--
2812,0;0,0;0,7;33,2;0,011;24;0,0;0,0;0,9;0;--
2813,1;0,0;0,7;33,2;0,011;24;0,0;0,0;0,9;0;--
2814,2;0,0;0,5;33,2;0,011;24;0,0;0,0;0,9;0;--
2815,4;0,0;0,4;33,2;0,011;24;0,0;0,0;0,9;0;--
2816,5;0,0;0,7;33,2;0,011;24;0,0;0,0;0,9;0;--
2817,6;0,0;0,6;33,2;0,012;24;0,0;0,0;0,9;0;--
2818,7;0,0;0,7;33,2;0,012;24;0,0;0,0;0,9;0;--
2819,8;0,0;0,6;33,2;0,012;24;0,0;0,0;0,9;0;--
2820,9;0,0;0,7;33,2;0,012;24;0,0;0,0;0,9;0;--
2822,1;0,0;0,6;33,2;0,013;24;0,0;0,0;0,9;0;--
2823,2;0,0;0,6;33,2;0,013;24;0,0;0,0;0,9;0;--
2824,3;0,0;0,4;33,2;0,013;24;0,0;0,0;0,9;0;--
2825,4;0,0;0,5;33,2;0,013;24;0,0;0,0;0,9;0;--
2826,5;0,0;0,7;33,2;0,014;24;0,0;0,0;0,9;0;--
2827,7;0,0;0,4;33,2;0,014;24;0,0;0,0;0,9;0;--
2828,8;0,0;0,6;33,2;0,014;24;0,0;0,0;0,9;0;--
2829,9;0,0;0,5;33,2;0,014;24;0,0;0,0;0,9;0;--
2831,0;0,0;0,7;33,2;0,014;24;0,0;0,0;0,9;0;--
2832,1;0,0;0,7;33,2;0,015;24;0,0;0,0;0,9;0;--
2833,2;0,0;0,6;33,2;0,015;24;0,0;0,0;0,9;0;--
2834,4;0,0;0,6;33,2;0,015;24;0,0;0,0;0,9;0;--
2835,5;0,0;0,3;33,2;0,015;24;0,0;0,0;0,9;0;--
2836,6;0,0;0,5;33,2;0,015;24;0,0;0,0;0,9;0;--
2837,7;0,0;0,8;33,2;0,016;24;0,0;0,0;0,9;0;--
2838,8;0,0;0,5;33,2;0,016;24;0,0;0,0;0,9;0;--
2839,9;0,0;0,7;33,2;0,016;24;0,0;0,0;0,9;0;--
2841,1;0,0;0,5;33,2;0,016;24;0,0;0,0;0,9;0;--
2842,2;0,0;0,5;33,2;0,017;24;0,0;0,0;0,9;0;--
2843,3;0,0;0,6;33,2;0,017;24;0,0;0,0;0,9;0;--
2844,4;0,0;0,6;33,2;0,017;24;0,0;0,0;0,9;0;--
2845,5;0,0;0,5;33,2;0,017;24;0,0;0,0;0,9;0;--
2846,7;0,0;0,5;33,2;0,017;24;0,0;0,0;0,9;0;--
2847,8;0,0;0,4;33,2;0,018;24;0,0;0,0;0,9;0;--
2848,9;0,0;0,6;33,2;0,018;24;0,0;0,0;0,9;0;--
2850,0;0,0;0,8;33,2;0,018;24;0,0;0,0;0,9;0;--
2851,1;0,0;0,8;33,2;0,018;24;0,0;0,0;0,9;0;--
2852,2;0,0;0,6;33,2;0,018;24;0,0;0,0;0,9;0;--
2853,4;0,0;0,9;33,2;0,019;24;0,0;0,0;0,9;0;--
2854,5;0,0;0,6;33,2;0,019;24;0,0;0,0;0,9;0;--
2855,6;0,0;1,0;33,2;0,019;24;0,0;0,0;0,9;0;--
2856,7;0,0;0,5;33,2;0,019;24;0,0;0,0;0,9;0;--
2857,8;0,0;0,9;33,2;0,020;24;0,0;0,0;0,9;0;--
2859,0;0,0;0,8;33,2;0,020;24;0,0;0,0;0,9;0;--
2860,1;0,0;0,9;33,2;0,020;24;0,0;0,0;0,9;0;--
2861,2;0,0;0,9;33,2;0,020;24;0,0;0,0;0,9;0;--
2862,3;0,0;1,0;33,2;0,021;24;0,0;0,0;0,9;0;--
2863,4;0,0;1,0;33,2;0,021;24;0,0;0,0;0,9;0;--
2864,5;0,0;0,9;33,2;0,022;24;0,0;0,0;0,9;0;--
2865,7;0,0;0,9;33,2;0,022;24;0,0;0,0;0,9;0;--
2866,8;0,0;0,9;33,2;0,022;24;0,0;0,0;0,9;0;--
2867,9;0,0;0,8;33,2;0,023;25;0,0;0,0;0,9;0;--
2869,0;0,0;0,8;33,2;0,023;25;0,0;0,0;0,9;0;--
2870,1;0,0;0,9;33,2;0,023;25;0,0;0,0;0,9;0;--
2871,3;0,0;0,9;33,2;0,023;25;0,0;0,0;0,9;0;--
2872,4;0,0;0,6;33,2;0,024;25;0,0;0,0;0,9;0;--
2873,5;0,0;0,8;33,2;0,024;25;0,0;0,0;0,9;0;--
2874,6;0,0;1,0;33,2;0,024;25;0,0;0,0;0,9;0;--
2875,7;0,0;0,8;33,2;0,024;25;0,0;0,0;0,9;0;--
2876,8;0,0;0,9;33,2;0,025;25;0,0;0,0;0,9;0;--
2878,2;0,0;1,0;33,2;0,025;25;0,0;0,0;0,9;0;--
2879,3;0,0;0,7;33,2;0,025;25;0,0;0,0;0,9;0;--
2880,4;0,0;0,8;33,2;0,026;25;0,0;0,0;0,9;0;--
2881,5;0,0;0,9;33,2;0,026;25;0,0;0,0;0,9;0;--
2882,6;0,0;0,8;33,2;0,026;25;0,0;0,0;0,9;0;--
2883,8;0,0;0,6;33,2;0,027;25;0,0;0,0;0,9;0;--
2884,9;0,0;0,9;33,2;0,027;25;0,0;0,0;0,9;0;--
2886,0;0,0;0,8;33,2;0,027;25;0,0;0,0;0,9;0;--
2887,1;0,0;0,8;33,2;0,027;25;0,0;0,0;0,9;0;--
2888,2;0,0;0,7;33,2;0,028;25;0,0;0,0;0,9;0;--
2889,3;0,0;0,6;33,2;0,028;25;0,0;0,0;0,9;0;--
2890,5;0,0;0,8;33,2;0,028;25;0,0;0,0;0,9;0;--
2891,6;0,0;0,8;33,2;0,028;25;0,0;0,0;0,9;0;--
2892,7;0,0;0,4;33,2;0,028;25;0,0;0,0;0,9;0;--
2893,8;0,0;0,8;33,2;0,029;25;0,0;0,0;0,9;0;--
2894,9;0,0;0,5;33,2;0,029;25;0,0;0,0;0,9;0;--
2896,1;0,0;0,3;33,2;0,029;25;0,0;0,0;0,9;0;--
2897,2;0,0;0,6;33,2;0,029;25;0,0;0,0;0,9;0;--
2898,3;0,0;0,9;33,2;0,029;25;0,0;0,0;0,9;0;--
2899,4;0,0;0,5;33,2;0,030;25;0,0;0,0;0,9;0;--
2900,5;0,0;0,6;33,2;0,030;25;0,0;0,0;0,9;0;--
2901,6;0,0;0,6;33,2;0,030;25;0,0;0,0;0,9;0;--
2902,8;0,0;0,6;33,2;0,030;25;0,0;0,0;0,9;0;--
2903,9;0,0;0,4;33,2;0,030;25;0,0;0,0;0,9;0;--
2905,0;0,0;0,6;33,2;0,031;25;0,0;0,0;0,9;0;--
2906,1;0,0;0,5;33,2;0,031;25;0,0;0,0;0,9;0;--
2907,2;0,0;0,4;33,2;0,031;25;0,0;0,0;0,9;0;--
2908,4;0,0;0,7;33,2;0,031;25;0,0;0,0;0,9;0;--
2909,5;0,0;0,6;33,2;0,032;25;0,0;0,0;0,9;0;--
2910,6;0,0;0,7;33,2;0,032;25;0,0;0,0;0,9;0;--
2911,7;0,0;0,6;33,2;0,032;25;0,0;0,0;0,9;0;--
2912,8;0,0;0,7;33,2;0,032;25;0,0;0,0;0,9;0;--
2913,9;0,0;0,4;33,2;0,032;25;0,0;0,0;0,9;0;--
2915,1;0,0;0,9;33,2;0,033;25;0,0;0,0;0,9;0;--
2916,2;0,0;0,7;33,2;0,033;25;0,0;0,0;0,9;0;--
2917,3;0,0;0,8;33,2;0,033;25;0,0;0,0;0,9;0;--
2918,4;0,0;0,5;33,2;0,034;25;0,0;0,0;0,9;0;--
2919,5;0,0;0,8;33,2;0,034;25;0,0;0,0;0,9;0;--
2920,7;0,0;0,5;33,2;0,034;25;0,0;0,0;0,9;0;--
2921,8;0,0;0,7;33,2;0,034;25;0,0;0,0;0,9;0;--
2922,9;0,0;0,5;33,2;0,034;25;0,0;0,0;0,9;0;--
2924,0;0,0;0,9;33,2;0,035;25;0,0;0,0;0,9;0;--
2925,1;0,0;0,7;33,2;0,035;25;0,0;0,0;0,9;0;--
2926,2;0,0;0,7;33,2;0,035;25;0,0;0,0;0,9;0;--
2928,5;0,0;0,7;33,2;0,036;25;0,0;0,0;0,9;0;--
2929,6;0,0;0,6;33,2;0,036;25;0,0;0,0;0,9;0;--
2930,7;0,0;0,7;33,2;0,036;25;0,0;0,0;0,9;0;--
2931,8;0,0;0,6;33,2;0,036;25;0,0;0,0;0,9;0;--
2933,0;0,0;0,8;33,2;0,037;25;0,0;0,0;0,9;0;--
2934,1;0,0;0,7;33,2;0,037;25;0,0;0,0;0,9;0;--
2935,2;0,0;0,8;33,2;0,037;25;0,0;0,0;0,9;0;--
2936,3;0,0;0,4;33,2;0,037;25;0,0;0,0;0,9;0;--
2937,4;0,0;0,7;33,2;0,037;25;0,0;0,0;0,9;0;--
2938,5;0,0;0,5;33,2;0,038;25;0,0;0,0;0,9;0;--
2939,7;0,0;0,5;33,2;0,038;25;0,0;0,0;0,9;0;--
2940,8;0,0;0,7;33,2;0,038;25;0,0;0,0;0,9;0;--
2941,9;0,0;0,8;33,2;0,038;25;0,0;0,0;0,9;0;--
2943,0;0,0;0,7;33,2;0,039;25;0,0;0,0;0,9;0;--
2944,1;0,0;0,8;33,2;0,039;25;0,0;0,0;0,9;0;--
2945,3;0,0;0,6;33,2;0,039;25;0,0;0,0;0,9;0;--
2946,4;0,0;0,6;33,2;0,039;25;0,0;0,0;0,9;0;--
2947,5;0,0;0,6;33,2;0,040;25;0,0;0,0;0,9;0;--
2948,6;0,0;0,5;33,2;0,040;25;0,0;0,0;0,9;0;--
2949,7;0,0;0,5;33,2;0,040;25;0,0;0,0;0,9;0;--
2950,8;0,0;0,8;33,2;0,040;25;0,0;0,0;0,9;0;--
2952,0;0,0;0,5;33,2;0,041;25;0,0;0,0;0,9;0;--
2953,1;0,0;0,5;33,2;0,041;25;0,0;0,0;0,9;0;--
2954,2;0,0;0,4;33,2;0,041;25;0,0;0,0;0,9;0;--
2955,3;0,0;0,4;33,2;0,041;25;0,0;0,0;0,9;0;--
2956,4;0,0;0,5;33,2;0,041;25;0,0;0,0;0,9;0;--
2957,6;0,0;0,6;33,2;0,041;25;0,0;0,0;0,9;0;--
2958,7;0,0;0,8;33,2;0,042;25;0,0;0,0;0,9;0;--
2959,8;0,0;0,6;33,2;0,042;25;0,0;0,0;0,9;0;--
2960,9;0,0;0,6;33,2;0,042;25;0,0;0,0;0,9;0;--
2962,0;0,0;0,8;33,2;0,042;25;0,0;0,0;0,9;0;--
2963,1;0,0;0,7;33,2;0,043;25;0,0;0,0;0,9;0;--
2964,3;0,0;0,7;33,2;0,043;25;0,0;0,0;0,9;0;--
2965,4;0,0;0,5;33,2;0,043;25;0,0;0,0;0,9;0;--
2966,5;0,0;0,6;33,2;0,043;25;0,0;0,0;0,9;0;--
2967,6;0,0;0,5;33,2;0,043;25;0,0;0,0;0,9;0;--
2968,7;0,0;0,7;33,2;0,044;25;0,0;0,0;0,9;0;--
2969,9;0,0;0,8;33,2;0,044;25;0,0;0,0;0,9;0;--
2971,0;0,0;0,8;33,2;0,044;25;0,0;0,0;0,9;0;--
2972,1;0,0;0,9;33,2;0,044;25;0,0;0,0;0,9;0;--
2973,2;0,0;0,7;33,2;0,045;25;0,0;0,0;0,9;0;--
2974,3;0,0;1,0;33,2;0,045;25;0,0;0,0;0,9;0;--
2975,4;0,0;0,9;33,2;0,045;25;0,0;0,0;0,9;0;--
2976,6;0,0;1,0;33,2;0,046;25;0,0;0,0;0,9;0;--
2977,7;0,0;0,9;33,2;0,046;25;0,0;0,0;0,9;0;--
2978,8;0,0;0,9;33,2;0,046;25;0,0;0,0;0,9;0;--
2979,9;0,0;0,9;33,2;0,047;25;0,0;0,0;0,9;0;--
2981,0;0,0;0,9;33,2;0,047;25;0,0;0,0;0,9;0;--
2982,2;0,0;1,0;33,2;0,047;25;0,0;0,0;0,9;0;--
2983,3;0,0;0,8;33,2;0,048;25;0,0;0,0;0,9;0;--
2984,4;0,0;0,7;33,2;0,048;25;0,0;0,0;0,9;0;--
2985,5;0,0;0,9;33,2;0,048;25;0,0;0,0;0,9;0;--
2986,6;0,0;1,0;33,2;0,048;25;0,0;0,0;0,9;0;--
2987,7;0,0;0,7;33,2;0,049;25;0,0;0,0;0,9;0;--
2988,9;0,0;0,6;33,2;0,049;25;0,0;0,0;0,9;0;--
2990,0;0,0;0,9;33,2;0,049;25;0,0;0,0;0,9;0;--
2991,1;0,0;0,7;33,2;0,050;25;0,0;0,0;0,9;0;--
2992,2;0,0;0,9;33,2;0,050;25;0,0;0,0;0,9;0;--
2993,3;0,0;0,8;33,2;0,050;25;0,0;0,0;0,9;0;--
2994,5;0,0;0,9;33,2;0,051;25;0,0;0,0;0,9;0;--
2997,1;0,0;1,0;33,2;0,051;25;0,0;0,0;0,9;0;--
2998,2;0,0;0,9;33,2;0,052;25;0,0;0,0;0,9;0;--
2999,9;0,0;1,0;33,2;0,052;25;0,0;0,0;0,9;0;--
3001,0;0,0;0,9;33,2;0,053;25;0,0;0,0;0,9;0;--
3002,1;0,0;0,8;33,2;0,053;25;0,0;0,0;0,9;0;--
3003,3;0,0;0,9;33,2;0,053;25;0,0;0,0;0,9;0;--
3004,4;0,0;0,8;33,2;0,054;25;0,0;0,0;0,9;0;--
3005,5;0,0;0,5;33,2;0,054;25;0,0;0,0;0,9;0;--
3006,6;0,0;0,9;33,2;0,054;25;0,0;0,0;0,9;0;--
3007,7;0,0;0,8;33,2;0,054;25;0,0;0,0;0,9;0;--
3008,8;0,0;0,6;33,2;0,055;25;0,0;0,0;0,9;0;--
3010,0;0,0;0,5;33,2;0,055;25;0,0;0,0;0,9;0;--
3011,1;0,0;0,9;33,2;0,055;25;0,0;0,0;0,9;0;--
3012,2;0,0;0,8;33,2;0,055;25;0,0;0,0;0,9;0;--
3013,3;0,0;0,6;33,2;0,055;25;0,0;0,0;0,9;0;--
3014,4;0,0;0,6;33,2;0,056;25;0,0;0,0;0,9;0;--
3015,6;0,0;0,6;33,2;0,056;25;0,0;0,0;0,9;0;--
3016,7;0,0;0,6;33,2;0,056;25;0,0;0,0;0,9;0;--
3017,8;0,0;0,5;33,2;0,056;25;0,0;0,0;0,9;0;--
3018,9;0,0;0,6;33,2;0,057;25;0,0;0,0;0,9;0;--
3020,0;0,0;0,6;33,2;0,057;25;0,0;0,0;0,9;0;--
3021,1;0,0;0,7;33,2;0,057;25;0,0;0,0;0,9;0;--
3022,3;0,0;0,6;33,2;0,057;25;0,0;0,0;0,9;0;--
3023,4;0,0;0,6;33,2;0,058;25;0,0;0,0;0,9;0;--
3024,5;0,0;0,7;33,2;0,058;25;0,0;0,0;0,9;0;--
3025,6;0,0;0,7;33,2;0,058;25;0,0;0,0;0,9;0;--
3026,7;0,0;0,9;33,2;0,058;25;0,0;0,0;0,9;0;--
3027,9;0,0;0,5;33,2;0,058;25;0,0;0,0;0,9;0;--
3029,0;0,0;0,6;33,2;0,059;25;0,0;0,0;0,9;0;--
3030,1;0,0;0,7;33,2;0,059;25;0,0;0,0;0,9;0;--
3031,2;0,0;0,5;33,2;0,059;25;0,0;0,0;0,9;0;--
3032,3;0,0;0,6;33,2;0,059;25;0,0;0,0;0,9;0;--
3033,4;0,0;0,9;33,2;0,060;25;0,0;0,0;0,9;0;--
3034,6;0,0;0,9;33,2;0,060;25;0,0;0,0;0,9;0;--
3035,7;0,0;0,9;33,2;0,060;25;0,0;0,0;0,9;0;--
3036,8;0,0;0,9;33,2;0,061;25;0,0;0,0;0,9;0;--
3037,9;0,0;0,7;33,2;0,061;25;0,0;0,0;0,9;0;--
3039,0;0,0;0,9;33,2;0,061;25;0,0;0,0;0,9;0;--
3040,2;0,0;0,8;33,2;0,062;25;0,0;0,0;0,9;0;--
3041,3;0,0;1,0;33,2;0,062;25;0,0;0,0;0,9;0;--
3042,4;0,0;0,8;33,2;0,062;25;0,0;0,0;0,9;0;--
3043,5;0,0;0,8;33,2;0,062;25;0,0;0,0;0,9;0;--
3044,6;0,0;0,9;33,2;0,063;25;0,0;0,0;0,9;0;--
3045,7;0,0;0,5;33,2;0,063;25;0,0;0,0;0,9;0;--
3046,9;0,0;0,7;33,2;0,063;25;0,0;0,0;0,9;0;--
3048,0;0,0;0,6;33,2;0,063;25;0,0;0,0;0,9;0;--
3049,1;0,0;0,6;33,2;0,063;25;0,0;0,0;0,9;0;--
3050,2;0,0;0,6;33,2;0,064;25;0,0;0,0;0,9;0;--
3051,3;0,0;0,7;33,2;0,064;25;0,0;0,0;0,9;0;--
3052,5;0,0;0,7;33,2;0,064;25;0,0;0,0;0,9;0;--
3053,6;0,0;0,8;33,2;0,064;25;0,0;0,0;0,9;0;--
3054,7;0,0;0,7;33,2;0,065;25;0,0;0,0;0,9;0;--
3055,8;0,0;0,8;33,2;0,065;25;0,0;0,0;0,9;0;--
3056,9;0,0;0,8;33,2;0,065;25;0,0;0,0;0,9;0;--
3058,0;0,0;0,7;33,2;0,065;25;0,0;0,0;0,9;0;--
3059,2;0,0;0,8;33,2;0,066;25;0,0;0,0;0,9;0;--
3060,3;0,0;0,6;33,2;0,066;25;0,0;0,0;0,9;0;--
3061,4;0,0;0,6;33,2;0,066;25;0,0;0,0;0,9;0;--
3062,5;0,0;0,7;33,2;0,066;25;0,0;0,0;0,9;0;--
3063,6;0,0;0,5;33,2;0,067;25;0,0;0,0;0,9;0;--
3064,8;0,0;0,4;33,2;0,067;25;0,0;0,0;0,9;0;--
3065,9;0,0;0,6;33,2;0,067;25;0,0;0,0;0,9;0;--
3067,0;0,0;0,8;33,2;0,067;25;0,0;0,0;0,9;0;--
3068,1;0,0;0,8;33,2;0,068;25;0,0;0,0;0,9;0;--
3069,2;0,0;0,9;33,2;0,068;25;0,0;0,0;0,9;0;--
3070,3;0,0;0,5;33,2;0,068;25;0,0;0,0;0,9;0;--
3071,5;0,0;0,6;33,2;0,068;25;0,0;0,0;0,9;0;--
3072,6;0,0;0,9;33,2;0,069;25;0,0;0,0;0,9;0;--
3073,7;0,0;0,5;33,2;0,069;25;0,0;0,0;0,9;0;--
3074,8;0,0;0,5;33,2;0,069;25;0,0;0,0;0,9;0;--
3075,9;0,0;0,5;33,2;0,069;25;0,0;0,0;0,9;0;--
3077,1;0,0;0,8;33,2;0,070;25;0,0;0,0;0,9;0;--
3078,2;0,0;0,7;33,2;0,070;25;0,0;0,0;0,9;0;--
3079,3;0,0;0,7;33,2;0,070;25;0,0;0,0;0,9;0;--
3080,4;0,0;0,4;33,2;0,070;25;0,0;0,0;0,9;0;--
3081,5;0,0;0,8;33,2;0,071;25;0,0;0,0;0,9;0;--
3082,6;0,0;0,4;33,2;0,071;25;0,0;0,0;0,9;0;--
3083,8;0,0;0,4;33,2;0,071;25;0,0;0,0;0,9;0;--
3084,9;0,0;0,6;33,2;0,071;25;0,0;0,0;0,9;0;--
3086,0;0,0;0,5;33,2;0,071;25;0,0;0,0;0,9;0;--
3087,1;0,0;0,7;33,2;0,072;25;0,0;0,0;0,9;0;--
3088,2;0,0;0,4;33,2;0,072;25;0,0;0,0;0,9;0;--
3089,4;0,0;0,6;33,2;0,072;25;0,0;0,0;0,9;0;--
3090,5;0,0;0,7;33,2;0,072;25;0,0;0,0;0,9;0;--
3091,6;0,0;0,6;33,2;0,072;25;0,0;0,0;0,9;0;--
3092,7;0,0;0,9;33,2;0,073;26;0,0;0,0;0,9;0;--
3093,8;0,0;0,7;33,2;0,073;26;0,0;0,0;0,9;0;--
3094,9;0,0;0,5;33,2;0,073;26;0,0;0,0;0,9;0;--
3096,1;0,0;0,6;33,2;0,073;26;0,0;0,0;0,9;0;--
3097,2;0,0;0,8;33,2;0,074;26;0,0;0,0;0,9;0;--
3098,3;0,0;0,6;33,2;0,074;26;0,0;0,0;0,9;0;--
3099,4;0,0;0,6;33,2;0,074;26;0,0;0,0;0,9;0;--
3100,5;0,0;0,6;33,2;0,074;26;0,0;0,0;0,9;0;--
3101,7;0,0;0,4;33,2;0,075;26;0,0;0,0;0,9;0;--
3102,8;0,0;0,5;33,2;0,075;26;0,0;0,0;0,9;0;--
3103,9;0,0;0,6;33,2;0,075;26;0,0;0,0;0,9;0;--
3105,0;0,0;0,9;33,2;0,075;26;0,0;0,0;0,9;0;--
3106,1;0,0;0,8;33,2;0,075;26;0,0;0,0;0,9;0;--
3107,2;0,0;0,9;33,2;0,076;26;0,0;0,0;0,9;0;--
3108,4;0,0;0,9;33,2;0,076;26;0,0;0,0;0,9;0;--
3109,5;0,0;0,7;33,2;0,076;26;0,0;0,0;0,9;0;--
3110,6;0,0;1,0;33,2;0,077;26;0,0;0,0;0,9;0;--
3111,7;0,0;0,9;33,2;0,077;26;0,0;0,0;0,9;0;--
3112,8;0,0;0,7;33,2;0,077;26;0,0;0,0;0,9;0;--
3114,0;0,0;0,6;33,2;0,078;26;0,0;0,0;0,9;0;--
3115,1;0,0;0,9;33,2;0,078;26;0,0;0,0;0,9;0;--
3117,6;0,0;0,9;33,2;0,079;26;0,0;0,0;0,9;0;--
3118,7;0,0;0,7;33,2;0,079;26;0,0;0,0;0,9;0;--
3119,8;0,0;0,9;33,2;0,079;26;0,0;0,0;0,9;0;--
3121,0;0,0;1,0;33,2;0,079;26;0,0;0,0;0,9;0;--
3122,1;0,0;0,9;33,2;0,080;26;0,0;0,0;0,9;0;--
3123,2;0,0;0,8;33,2;0,080;26;0,0;0,0;0,9;0;--
3124,3;0,0;0,9;33,2;0,080;26;0,0;0,0;0,9;0;--
3125,4;0,0;0,7;33,2;0,081;26;0,0;0,0;0,9;0;--
3126,6;0,0;0,6;33,2;0,081;26;0,0;0,0;0,9;0;--
3127,7;0,0;0,7;33,2;0,081;26;0,0;0,0;0,9;0;--
3128,8;0,0;0,9;33,2;0,082;26;0,0;0,0;0,9;0;--
3130,1;0,0;1,0;33,2;0,082;26;0,0;0,0;0,9;0;--
3131,2;0,0;0,6;33,2;0,082;26;0,0;0,0;0,9;0;--
3132,3;0,0;0,7;33,2;0,082;26;0,0;0,0;0,9;0;--
3133,5;0,0;0,9;33,2;0,083;26;0,0;0,0;0,9;0;--
3134,6;0,0;0,7;33,2;0,083;26;0,0;0,0;0,9;0;--
3135,7;0,0;0,9;33,2;0,083;26;0,0;0,0;0,9;0;--
3136,8;0,0;0,9;33,2;0,084;26;0,0;0,0;0,9;0;--
3139,3;0,0;1,0;33,2;0,084;26;0,0;0,0;0,9;0;--
3140,5;0,0;0,9;33,2;0,085;26;0,0;0,0;0,9;0;--
3141,9;0,0;0,8;33,2;0,085;26;0,0;0,0;0,9;0;--
3143,0;0,0;0,9;33,2;0,085;26;0,0;0,0;0,9;0;--
3144,1;0,0;0,9;33,2;0,086;26;0,0;0,0;0,9;0;--
3145,2;0,0;0,9;33,2;0,086;26;0,0;0,0;0,9;0;--
3146,3;0,0;0,9;33,2;0,086;26;0,0;0,0;0,9;0;--
3147,5;0,0;1,0;33,2;0,087;26;0,0;0,0;0,9;0;--
3148,6;0,0;0,9;33,2;0,087;26;0,0;0,0;0,9;0;--
3149,7;0,0;0,9;33,2;0,087;26;0,0;0,0;0,9;0;--
3150,8;0,0;0,9;33,2;0,088;26;0,0;0,0;0,9;0;--
3152,2;0,0;1,0;33,2;0,088;26;0,0;0,0;0,9;0;--
3153,4;0,0;0,8;33,2;0,088;26;0,0;0,0;0,9;0;--
3154,5;0,0;0,9;33,2;0,089;26;0,0;0,0;0,9;0;--
3156,8;0,0;1,0;33,2;0,089;26;0,0;0,0;0,9;0;--
3157,9;0,0;0,6;33,2;0,090;26;0,0;0,0;0,9;0;--
3159,0;0,0;0,9;33,2;0,090;26;0,0;0,0;0,9;0;--
3160,1;0,0;0,8;33,2;0,090;26;0,0;0,0;0,9;0;--
3161,3;0,0;0,9;33,2;0,091;26;0,0;0,0;0,9;0;--
3162,6;0,0;0,8;33,2;0,091;26;0,0;0,0;0,9;0;--
3163,7;0,0;0,9;33,2;0,091;26;0,0;0,0;0,9;0;--
3164,8;0,0;0,9;33,2;0,092;26;0,0;0,0;0,9;0;--
3165,9;0,0;0,6;33,2;0,092;26;0,0;0,0;0,9;0;--
3167,1;0,0;0,8;33,2;0,092;26;0,0;0,0;0,9;0;--
3168,2;0,0;0,9;33,2;0,092;26;0,0;0,0;0,9;0;--
3168,4;6,5;1,3;33,2;0,092;26;6,5;0,0;0,9;1900;--
3168,6;0,0;0,8;33,2;0,093;26;0,0;0,0;0,9;5045;--
3168,8;0,0;0,4;33,2;0,093;26;0,0;0,0;0,8;4605;--
3169,0;0,0;0,3;33,2;0,093;26;0,0;0,0;0,8;4210;--
3169,3;0,0;0,2;33,2;0,093;26;0,0;0,0;0,8;3895;--
3169,5;0,0;0,2;33,2;0,093;26;0,0;0,0;0,8;3625;--
3169,7;0,0;0,2;33,2;0,093;26;0,0;0,0;0,8;3355;--
3169,9;0,0;0,2;33,2;0,093;26;0,0;0,0;0,8;3105;--
3170,1;0,0;0,3;33,2;0,093;26;0,0;0,0;0,8;2855;--
3170,4;0,0;0,4;33,2;0,093;26;0,0;0,0;0,8;2625;--
3170,6;0,0;0,5;33,2;0,093;26;0,0;0,0;0,8;2410;--
3170,8;0,0;0,5;33,2;0,093;26;0,0;0,0;0,8;2195;--
3171,0;0,0;0,6;33,2;0,093;26;0,0;0,0;0,8;1990;--
3171,2;0,0;0,6;33,2;0,093;26;0,0;0,0;0,8;1790;--
3171,4;0,0;0,7;33,2;0,093;26;0,0;0,0;0,8;1590;--
3171,7;0,0;0,9;33,2;0,093;26;0,0;0,0;0,9;1405;--
3171,9;0,0;0,6;33,2;0,093;26;0,0;0,0;0,9;1225;--
3172,1;0,0;0,6;33,2;0,093;26;0,0;0,0;0,9;1040;--
3172,3;0,0;0,6;33,2;0,093;26;0,0;0,0;0,9;0;--
3173,4;0,0;0,9;33,2;0,093;26;0,0;0,0;0,9;0;--
3174,6;0,0;0,9;33,2;0,094;26;0,0;0,0;0,9;0;--
3175,7;0,0;0,9;33,2;0,094;26;0,0;0,0;0,9;0;--
3177,1;0,0;1,0;33,2;0,095;26;0,0;0,0;0,9;0;--
3178,2;0,0;0,9;33,2;0,095;26;0,0;0,0;0,9;0;--
3179,3;0,0;0,9;33,2;0,095;26;0,0;0,0;0,9;0;--
3180,7;0,0;0,9;33,2;0,096;26;0,0;0,0;0,9;0;--
3181,8;0,0;1,0;33,2;0,096;26;0,0;0,0;0,9;0;--
3182,9;0,0;0,9;33,2;0,096;26;0,0;0,0;0,9;0;--
3184,0;0,0;0,9;33,2;0,096;26;0,0;0,0;0,9;0;--
3185,1;0,0;0,9;33,2;0,097;26;0,0;0,0;0,9;0;--
3186,2;0,0;0,8;33,2;0,097;26;0,0;0,0;0,9;0;--
3187,4;0,0;0,7;33,2;0,097;26;0,0;0,0;0,9;0;--
3188,5;0,0;0,9;33,2;0,098;26;0,0;0,0;0,9;0;--
3189,6;0,0;0,6;33,2;0,098;26;0,0;0,0;0,9;0;--
3190,7;0,0;0,9;33,2;0,098;26;0,0;0,0;0,9;0;--
3191,8;0,0;1,0;33,2;0,099;26;0,0;0,0;0,9;0;--
3192,9;0,0;0,9;33,2;0,099;26;0,0;0,0;0,9;0;--
3195,0;0,0;1,0;33,2;0,099;26;0,0;0,0;0,9;0;--
3196,1;0,0;0,9;33,2;0,100;26;0,0;0,0;0,9;0;--
3197,4;0,0;0,8;33,2;0,100;26;0,0;0,0;0,9;0;--
3198,5;0,0;0,9;33,2;0,100;26;0,0;0,0;0,9;0;--
3199,6;0,0;0,9;33,2;0,101;26;0,0;0,0;0,9;0;--
3200,8;0,0;0,9;33,2;0,101;26;0,0;0,0;0,9;0;--
3201,9;0,0;0,9;33,2;0,102;26;0,0;0,0;0,9;0;--
3203,0;0,0;0,9;33,2;0,102;26;0,0;0,0;0,9;0;--
3204,1;0,0;0,7;33,2;0,102;26;0,0;0,0;0,9;0;--
3205,2;0,0;0,5;33,2;0,102;26;0,0;0,0;0,9;0;--
3206,3;0,0;0,6;33,2;0,103;26;0,0;0,0;0,9;0;--
3207,5;0,0;0,8;33,2;0,103;26;0,0;0,0;0,9;0;--
3208,6;0,0;0,9;33,2;0,103;26;0,0;0,0;0,9;0;--
3209,7;0,0;0,9;33,2;0,103;26;0,0;0,0;0,9;0;--
3210,2;8,0;1,5;33,2;0,104;26;8,0;0,0;0,9;1005;--
3210,4;3,0;1,1;33,2;0,104;26;3,0;0,0;0,9;6590;--
3210,7;0,0;0,4;33,2;0,104;26;0,0;0,0;0,8;3870;--
3210,9;0,0;0,4;33,2;0,104;26;0,0;0,0;0,8;3575;--
3211,1;0,0;0,3;33,2;0,104;26;0,0;0,0;0,8;3320;--
3211,3;0,0;0,4;33,2;0,104;26;0,0;0,0;0,8;3080;--
3211,5;0,0;0,4;33,2;0,104;26;0,0;0,0;0,8;2855;--
3211,7;0,0;0,5;33,2;0,104;26;0,0;0,0;0,8;2650;--
3212,0;0,0;0,5;33,2;0,104;26;0,0;0,0;0,8;2445;--
3212,2;0,0;0,6;33,2;0,104;26;0,0;0,0;0,8;2245;--
3212,4;0,0;0,6;33,2;0,104;26;0,0;0,0;0,8;2045;--
3212,6;0,0;0,6;33,2;0,104;26;0,0;0,0;0,8;1855;--
3212,8;0,0;0,8;33,2;0,104;26;0,0;0,0;0,8;1660;--
3213,1;0,0;0,8;33,2;0,104;26;0,0;0,0;0,8;1475;--
3213,3;0,0;0,7;33,2;0,104;26;0,0;0,0;0,9;1310;--
3213,5;0,0;0,5;33,2;0,104;26;0,0;0,0;0,9;1155;--
3213,7;0,0;0,6;33,2;0,104;26;0,0;0,0;0,9;1000;--
3213,9;0,0;0,7;33,2;0,104;26;0,0;0,0;0,9;0;--
3215,1;0,0;0,9;33,2;0,105;26;0,0;0,0;0,9;0;--
3216,2;0,0;0,9;33,2;0,105;26;0,0;0,0;0,9;0;--
3216,8;17,5;1,9;33,2;0,105;26;15,0;0,0;0,9;1435;--
3217,0;20,0;3,8;33,1;0,106;26;20,0;9,0;0,9;14005;--
3217,2;20,0;3,0;33,1;0,106;26;20,0;5,0;0,9;14195;--
3217,4;26,5;4,7;33,0;0,106;26;26,5;10,2;0,9;17395;--
3217,7;31,5;6,6;33,0;0,106;26;31,5;14,6;0,9;20690;--
3217,9;37,0;9,6;32,9;0,106;26;37,0;20,5;0,9;24235;--
3218,1;38,0;9,9;32,8;0,107;26;37,5;21,1;0,9;24570;--
3218,3;46,0;13,2;32,7;0,107;26;45,0;24,9;0,8;27700;--
3218,5;50,0;17,9;32,5;0,110;26;49,5;32,1;0,8;30905;--
3218,8;56,5;22,6;32,2;0,110;26;56,0;36,8;0,8;33780;--
3219,0;59,0;26,9;32,0;0,113;26;59,0;42,2;0,8;35710;--
3219,2;63,0;30,5;31,8;0,113;26;62,5;45,6;0,8;37230;--
3219,4;66,0;34,6;31,7;0,113;26;65,5;49,8;0,8;38640;--
3219,6;67,5;37,3;31,5;0,119;26;67,5;52,3;0,8;39560;--
3219,8;68,5;39,4;31,4;0,119;27;68,5;54,6;0,8;40155;--
3220,1;71,0;42,6;31,2;0,125;27;71,0;57,2;0,8;41130;--
3220,3;71,5;43,5;31,1;0,125;27;71,5;58,0;0,8;41365;--
3220,5;72,0;44,3;31,0;0,131;27;72,0;58,8;0,8;41695;--
3220,7;72,5;45,0;30,9;0,131;27;72,5;59,3;0,8;41935;--
3220,9;73,5;45,6;30,9;0,131;27;73,5;59,3;0,8;42295;--
3221,2;76,5;48,3;30,7;0,138;27;76,5;60,5;0,8;43440;--
3221,4;77,5;50,3;30,6;0,138;27;77,5;62,3;0,8;44060;--
3221,6;77,5;50,4;30,5;0,146;27;77,5;62,5;0,8;44385;--
3221,8;76,5;49,0;30,6;0,146;27;76,5;61,4;0,8;44390;--
3222,0;76,0;47,4;30,6;0,146;28;76,0;59,7;0,8;44145;--
3222,3;76,0;46,6;30,6;0,153;28;76,0;58,7;0,8;44035;--
3222,7;76,0;46,1;30,5;0,160;28;76,0;58,0;0,8;44285;--
3222,9;76,5;45,4;30,5;0,160;28;76,5;56,7;0,8;44235;--
3223,1;76,5;45,5;30,5;0,167;28;76,5;56,9;0,8;44135;--
3223,3;76,5;45,4;30,5;0,167;28;76,5;56,7;0,8;44220;--
3223,6;76,5;44,8;30,5;0,167;28;76,5;55,9;0,8;44415;--
3223,8;76,5;44,3;30,5;0,174;28;76,5;55,3;0,8;44455;--
3224,0;76,5;43,7;30,5;0,174;28;76,5;54,5;0,8;44545;--
3224,2;76,5;43,7;30,5;0,180;28;76,5;54,5;0,8;44575;--
3224,4;76,5;43,4;30,5;0,180;29;76,5;54,1;0,8;44430;--
3224,7;76,5;43,6;30,4;0,187;29;76,5;54,4;0,8;44470;--
3224,9;76,5;43,6;30,4;0,187;29;76,5;54,4;0,8;44475;--
3225,1;76,5;43,4;30,4;0,187;29;76,5;54,1;0,8;44505;--
3225,3;76,5;43,3;30,4;0,194;29;76,5;54,0;0,8;44440;--
3225,5;76,5;43,4;30,4;0,194;29;76,5;54,1;0,8;44350;--
3225,7;76,5;43,4;30,4;0,200;29;76,5;54,1;0,8;44285;--
3226,0;76,5;43,4;30,4;0,200;29;76,5;54,1;0,8;44410;--
3226,2;76,5;43,0;30,4;0,207;29;76,5;53,6;0,8;44380;--
3226,4;76,5;42,6;30,4;0,207;29;76,5;53,1;0,8;44445;--
3226,6;76,5;42,6;30,4;0,207;29;76,5;53,1;0,8;44325;--
3226,8;76,5;42,9;30,3;0,213;29;76,5;53,5;0,8;44320;--
3227,1;76,5;42,7;30,3;0,213;29;76,5;53,2;0,8;44410;--
3227,3;76,5;42,7;30,3;0,220;29;76,5;53,2;0,8;44335;--
3227,5;76,5;42,9;30,3;0,220;30;76,5;53,5;0,8;44155;--
3227,7;76,5;43,0;30,3;0,226;30;76,5;53,6;0,8;44305;--
3227,9;76,5;42,5;30,3;0,226;30;76,5;52,9;0,8;44390;--
3228,1;76,5;42,6;30,3;0,226;30;76,5;53,1;0,8;44325;--
3228,4;76,5;42,6;30,3;0,232;30;76,5;53,1;0,8;44180;--
3228,6;76,5;43,1;30,2;0,232;30;76,5;53,7;0,8;44145;--
3228,8;76,5;43,4;30,2;0,239;30;76,5;54,1;0,8;44060;--
3229,0;76,5;43,4;30,2;0,239;30;76,5;54,1;0,8;44110;--
3229,2;76,5;42,6;30,2;0,245;30;76,5;53,1;0,8;44385;--
3229,5;76,5;42,1;30,3;0,245;30;76,5;52,4;0,8;44445;--
3229,7;76,5;41,9;30,2;0,245;30;76,5;52,2;0,8;44430;--
3229,9;76,5;41,4;30,3;0,252;30;76,5;51,5;0,8;44570;--
3230,1;76,5;41,6;30,2;0,252;30;76,5;51,8;0,8;44255;--
3230,3;76,5;42,8;30,2;0,258;30;76,5;53,3;0,8;43910;--
3230,5;76,5;43,6;30,2;0,258;30;76,5;54,4;0,8;43795;--
3230,8;76,5;44,1;30,1;0,258;30;76,5;55,0;0,8;43740;--
3231,0;76,5;44,9;30,1;0,265;30;76,5;56,1;0,8;43650;--
3231,2;76,5;45,2;30,1;0,265;30;76,5;56,5;0,8;43565;--
3231,4;76,5;45,9;30,0;0,272;31;76,5;57,4;0,8;43340;--
3231,6;76,5;46,5;30,0;0,272;31;76,5;58,2;0,8;43385;--
3231,9;76,5;46,3;30,0;0,279;31;76,5;57,9;0,8;43535;--
3232,1;76,5;44,6;30,0;0,279;31;76,5;55,7;0,8;44025;--
3232,3;76,5;43,2;30,1;0,279;31;76,5;53,9;0,8;44105;--
3232,5;76,5;42,8;30,1;0,285;31;76,5;53,3;0,8;44090;--
3232,7;76,5;42,6;30,1;0,285;31;76,5;53,1;0,8;44125;--
3232,9;76,5;41,7;30,1;0,291;31;76,5;51,9;0,8;44350;--
3233,2;76,5;41,8;30,1;0,291;31;76,5;52,0;0,8;44125;--
3233,4;76,5;41,8;30,1;0,298;31;76,5;52,0;0,8;44215;--
3233,6;72,0;41,7;30,1;0,298;31;73,5;54,0;0,8;44090;--
3233,8;64,5;30,5;30,5;0,298;31;64,5;44,2;0,8;39640;--
3234,0;60,0;23,8;30,8;0,303;31;60,0;36,3;0,8;37405;--
3234,3;60,0;21,7;30,9;0,303;31;60,0;32,8;0,8;36885;--
3234,5;60,0;21,4;30,9;0,306;31;60,0;32,3;0,8;36785;--
3234,7;60,0;21,6;30,9;0,306;31;60,0;32,7;0,8;36745;--
3234,9;60,0;21,7;31,0;0,309;31;60,0;32,8;0,8;36695;--
3235,1;60,0;22,0;31,0;0,309;31;60,0;33,3;0,8;36705;--
3235,3;60,0;22,1;31,0;0,309;31;60,0;33,5;0,8;36740;--
3235,6;60,0;22,3;31,0;0,313;31;60,0;33,8;0,8;36575;--
3235,8;60,0;22,6;31,0;0,313;31;60,0;34,3;0,8;36570;--
3236,0;60,0;22,5;31,0;0,316;31;60,0;34,2;0,8;36640;--
3236,2;60,0;22,5;31,0;0,316;31;60,0;34,2;0,8;36750;--
3236,4;60,0;22,3;31,0;0,319;31;60,0;33,8;0,8;36845;--
3236,7;60,0;22,0;31,0;0,319;31;60,0;33,3;0,8;36965;--
3236,9;60,0;21,3;31,1;0,319;31;60,0;32,2;0,8;37100;--
3237,1;60,0;21,2;31,1;0,323;31;60,0;32,0;0,8;37105;--
3237,3;60,0;21,0;31,1;0,323;31;60,0;31,7;0,8;37105;--
3237,5;60,0;21,2;31,1;0,326;31;60,0;32,0;0,8;37070;--
3237,7;60,0;21,2;31,1;0,326;31;60,0;32,0;0,8;37130;--
3238,0;63,5;22,3;31,1;0,329;31;63,5;32,0;0,8;37900;--
3238,2;64,5;25,1;31,0;0,329;31;64,5;35,8;0,8;39260;--
3238,4;64,5;25,5;31,0;0,329;31;64,5;36,4;0,8;39230;--
3238,6;64,5;25,9;30,9;0,333;31;64,5;37,1;0,8;39260;--
3238,8;64,5;25,9;30,9;0,333;31;64,5;37,1;0,8;39220;--
3239,1;64,5;26,0;30,9;0,337;31;64,5;37,2;0,8;39210;--
3239,3;64,5;26,3;30,9;0,337;31;64,5;37,7;0,8;39135;--
3239,5;64,5;26,4;30,9;0,337;31;64,5;37,8;0,8;39210;--
3239,7;64,5;26,7;30,9;0,341;31;64,5;38,3;0,8;39160;--
3239,9;64,5;26,8;30,9;0,341;31;64,5;38,4;0,8;39065;--
3240,2;64,5;27,0;30,9;0,345;31;64,5;38,8;0,8;39130;--
3240,4;64,5;27,0;30,9;0,345;31;64,5;38,8;0,8;39100;--
3240,6;64,5;27,0;30,9;0,349;31;64,5;38,8;0,8;39140;--
3240,8;64,5;27,1;30,9;0,349;31;64,5;38,9;0,8;39095;--
3241,0;64,5;27,0;30,9;0,349;31;64,5;38,8;0,8;39045;--
3241,2;64,5;27,3;30,9;0,353;31;64,5;39,2;0,8;38960;--
3241,5;64,5;27,7;30,8;0,353;31;64,5;39,8;0,8;38835;--
3241,7;64,5;28,1;30,8;0,357;31;64,5;40,5;0,8;38790;--
3241,9;64,5;28,0;30,8;0,357;31;64,5;40,3;0,8;38885;--
3242,1;64,5;27,8;30,8;0,362;31;64,5;40,0;0,8;38955;--
3242,3;64,5;27,7;30,8;0,362;31;64,5;39,8;0,8;38900;--
3242,6;64,5;27,9;30,8;0,362;31;64,5;40,2;0,8;38880;--
3242,8;64,5;27,8;30,8;0,366;31;64,5;40,0;0,8;38830;--
3243,0;64,5;27,8;30,8;0,366;31;64,5;40,0;0,8;38855;--
3243,2;64,5;28,0;30,8;0,370;31;64,5;40,3;0,8;38875;--
3243,4;64,5;28,1;30,8;0,370;32;64,5;40,5;0,8;38720;--
3243,6;64,5;28,3;30,8;0,370;32;64,5;40,8;0,8;38730;--
3243,9;64,5;28,3;30,8;0,374;32;64,5;40,8;0,8;38750;--
3244,1;64,5;27,9;30,8;0,374;32;64,5;40,2;0,8;38790;--
3244,3;64,5;28,0;30,8;0,379;32;64,5;40,3;0,8;38735;--
3244,5;64,5;28,2;30,8;0,379;32;64,5;40,6;0,8;38730;--
3244,7;60,0;27,0;30,8;0,383;32;60,5;41,3;0,8;37765;--
3245,0;48,0;18,7;31,1;0,383;32;49,5;33,7;0,9;33185;--
3245,2;47,0;12,6;31,3;0,383;32;47,0;22,6;0,9;30340;--
3245,4;47,0;11,6;31,4;0,385;32;47,0;20,4;0,9;30335;--
3245,6;47,0;11,3;31,4;0,385;32;47,0;19,8;0,9;30370;--
3245,8;47,0;11,1;31,4;0,387;32;47,0;19,4;0,9;30415;--
3246,0;47,0;11,0;31,5;0,387;32;47,0;19,1;0,8;30420;--
3246,3;47,0;11,0;31,5;0,388;32;47,0;19,1;0,9;30445;--
3246,5;47,0;11,0;31,5;0,388;32;47,0;19,1;0,9;30465;--
3246,7;47,0;11,0;31,5;0,388;32;47,0;19,1;0,9;30530;--
3246,9;47,0;10,8;31,5;0,390;32;47,0;18,7;0,9;30550;--
3247,1;47,0;10,6;31,5;0,390;32;47,0;18,3;0,9;30640;--
3247,4;47,0;10,5;31,6;0,391;32;47,0;18,1;0,9;30725;--
3247,6;47,0;10,3;31,6;0,391;32;47,0;17,7;0,8;30715;--
3247,8;47,0;10,3;31,6;0,393;32;47,0;17,7;0,8;30695;--
3248,0;47,0;10,2;31,6;0,393;32;47,0;17,4;0,8;30790;--
3248,2;47,0;10,0;31,6;0,393;32;47,0;17,0;0,8;30915;--
3248,4;47,0;9,8;31,6;0,395;32;47,0;16,6;0,9;30950;--
3248,7;47,0;9,6;31,7;0,395;32;47,0;16,2;0,8;31095;--
3248,9;47,0;9,5;31,7;0,396;31;47,0;16,0;0,9;31105;--
3249,1;47,0;9,5;31,7;0,396;31;47,0;16,0;0,8;31080;--
3249,3;47,0;9,5;31,7;0,396;31;47,0;16,0;0,8;31140;--
3249,5;47,0;9,4;31,7;0,397;31;47,0;15,7;0,8;31160;--
3249,8;47,0;9,4;31,7;0,397;31;47,0;15,7;0,8;31110;--
3250,0;47,0;9,5;31,7;0,399;31;47,0;16,0;0,8;31080;--
3250,2;47,0;9,6;31,7;0,399;31;47,0;16,2;0,8;31040;--
3250,4;47,0;9,6;31,7;0,400;31;47,0;16,2;0,9;30995;--
3250,6;47,0;9,8;31,7;0,400;31;47,0;16,6;0,9;31015;--
3250,8;47,0;9,8;31,7;0,400;31;47,0;16,6;0,9;31040;--
3251,1;47,0;9,7;31,7;0,402;31;47,0;16,4;0,9;31105;--
3251,3;47,0;9,6;31,7;0,402;31;47,0;16,2;0,9;31140;--
3251,5;47,0;9,7;31,8;0,403;31;47,0;16,4;0,9;31140;--
3251,7;47,0;9,6;31,8;0,403;31;47,0;16,2;0,9;31060;--
3251,9;47,0;9,7;31,8;0,405;31;47,0;16,4;0,9;31055;--
3252,2;47,0;9,8;31,8;0,405;31;47,0;16,6;0,9;31085;--
3252,6;47,0;9,6;31,8;0,406;31;47,0;16,2;0,9;31110;--
3252,8;47,0;9,7;31,8;0,406;31;47,0;16,4;0,9;31100;--
3253,0;47,0;9,6;31,8;0,408;31;47,0;16,2;0,9;31155;--
3253,2;47,0;9,5;31,8;0,408;31;47,0;16,0;0,9;31200;--
3253,5;47,0;9,6;31,8;0,409;31;47,0;16,2;0,9;31135;--
3253,7;47,0;9,7;31,8;0,409;31;47,0;16,4;0,9;30965;--
3253,9;47,0;10,2;31,8;0,409;31;47,0;17,4;0,9;30825;--
3254,1;47,0;10,3;31,8;0,411;31;47,0;17,7;0,9;30940;--
3254,3;47,0;10,3;31,8;0,411;31;47,0;17,7;0,9;30955;--
3254,6;47,0;10,2;31,8;0,412;31;47,0;17,4;0,9;30980;--
3254,8;47,0;10,4;31,8;0,412;31;47,0;17,9;0,9;30785;--
3255,0;47,0;10,6;31,8;0,412;31;47,0;18,3;0,9;30900;--
3255,2;47,0;10,3;31,8;0,414;31;47,0;17,7;0,9;30940;--
3255,4;47,0;10,6;31,8;0,414;31;47,0;18,3;0,9;30720;--
3255,6;47,0;10,9;31,8;0,415;31;47,0;18,9;0,9;30740;--
3255,9;47,0;11,1;31,8;0,415;31;47,0;19,4;0,9;30645;--
3256,1;47,0;11,3;31,7;0,417;31;47,0;19,8;0,9;30605;--
3256,3;47,0;11,5;31,7;0,417;31;47,0;20,2;0,9;30520;--
3256,5;47,0;11,3;31,7;0,417;31;47,0;19,8;0,9;30735;--
3256,7;47,0;11,1;31,7;0,419;31;47,0;19,4;0,9;30665;--
3257,0;47,0;11,0;31,8;0,419;31;47,0;19,1;0,9;30715;--
3257,2;47,0;11,0;31,8;0,420;31;47,0;19,1;0,9;30715;--
3257,4;47,0;11,1;31,7;0,420;31;47,0;19,4;0,9;30680;--
3257,6;47,0;11,1;31,7;0,422;31;47,0;19,4;0,9;30740;--
3257,8;47,0;11,1;31,8;0,422;31;47,0;19,4;0,9;30550;--
3258,1;47,0;11,6;31,7;0,422;31;47,0;20,4;0,9;30365;--
3258,3;47,0;12,1;31,7;0,424;31;47,0;21,5;0,9;30385;--
3258,5;47,0;11,9;31,7;0,424;31;47,0;21,1;0,9;30515;--
3258,7;47,0;11,7;31,7;0,426;31;47,0;20,6;0,9;30480;--
3258,9;50,5;13,1;31,7;0,426;31;50,5;22,0;0,8;31680;--
3259,1;54,5;16,7;31,6;0,426;31;54,5;27,0;0,8;33855;--
3259,4;54,5;18,0;31,5;0,428;31;54,5;29,4;0,8;34175;--
3259,6;54,5;18,1;31,5;0,428;31;54,5;29,5;0,8;34000;--
3259,8;54,5;18,6;31,5;0,431;31;54,5;30,5;0,8;34010;--
3260,0;54,5;18,6;31,5;0,431;31;54,5;30,5;0,8;34060;--
3260,2;54,5;17,6;31,5;0,434;31;54,5;28,6;0,9;34375;--
3260,5;54,5;16,9;31,5;0,434;31;54,5;27,3;0,9;34475;--
3260,7;54,5;16,3;31,5;0,434;31;54,5;26,2;0,9;34565;--
3260,9;54,5;16,2;31,5;0,436;31;54,5;26,1;0,9;34485;--
3261,1;54,5;16,3;31,5;0,436;31;54,5;26,2;0,9;34455;--
3261,3;54,5;16,4;31,5;0,438;31;54,5;26,4;0,9;34450;--
3261,5;54,5;16,4;31,5;0,438;31;54,5;26,4;0,9;34380;--
3261,8;54,5;16,5;31,5;0,441;31;54,5;26,6;0,9;34375;--
3262,0;54,5;16,4;31,5;0,441;31;54,5;26,4;0,9;34370;--
3262,2;54,5;16,5;31,4;0,441;31;54,5;26,6;0,9;34270;--
3262,4;54,5;17,0;31,4;0,443;31;54,5;27,5;0,9;34290;--
3262,6;54,5;17,3;31,4;0,443;31;54,5;28,1;0,9;34280;--
3262,9;54,5;17,4;31,4;0,446;31;54,5;28,3;0,9;34130;--
3263,1;54,5;17,2;31,4;0,446;31;54,5;27,9;0,9;34210;--
3263,3;54,5;17,1;31,4;0,449;31;54,5;27,7;0,9;34220;--
3263,5;54,5;17,2;31,4;0,449;32;54,5;27,9;0,9;34145;--
3263,7;54,5;17,3;31,4;0,449;32;54,5;28,1;0,9;34160;--
3263,9;54,5;17,4;31,4;0,451;32;54,5;28,3;0,9;34130;--
3264,2;55,0;17,7;31,4;0,451;32;55,0;28,5;0,8;34360;--
3264,4;56,0;18,3;31,3;0,454;32;56,0;29,1;0,8;34700;--
3264,6;56,0;18,9;31,3;0,454;32;56,0;30,2;0,8;34760;--
3264,8;56,0;19,6;31,3;0,457;32;56,0;31,4;0,8;34665;--
3265,0;56,0;20,1;31,3;0,457;32;56,0;32,3;0,8;34550;--
3265,3;56,0;20,4;31,3;0,457;32;56,0;32,9;0,8;34575;--
3265,5;61,0;22,6;31,2;0,460;32;60,0;34,3;0,8;36060;--
3265,7;64,5;27,9;31,0;0,460;32;64,5;40,2;0,8;38345;--
3265,9;65,0;29,8;30,9;0,464;32;65,0;42,8;0,8;38625;--
3266,1;65,0;30,1;30,9;0,464;32;65,0;43,2;0,8;38655;--
3266,3;65,0;30,2;30,9;0,464;32;65,0;43,4;0,8;38625;--
3266,6;66,5;31,3;30,8;0,469;32;66,5;44,1;0,8;39145;--
3266,8;66,5;32,3;30,8;0,469;32;66,5;45,6;0,8;39350;--
3267,0;66,0;32,2;30,8;0,474;32;66,5;45,4;0,8;39455;--
3267,2;66,5;31,4;30,8;0,474;32;66,5;44,2;0,8;39450;--
3267,4;66,5;31,2;30,7;0,478;32;66,5;43,9;0,8;39495;--
3267,7;66,5;31,0;30,7;0,478;32;66,5;43,6;0,8;39535;--
3267,9;67,0;31,0;30,7;0,478;32;67,0;43,3;0,8;39605;--
3268,1;69,0;32,7;30,6;0,483;32;68,5;44,8;0,8;40015;--
3268,3;70,0;35,1;30,6;0,483;32;70,0;47,3;0,8;40905;--
3268,5;70,0;35,5;30,5;0,488;32;70,0;47,9;0,8;41055;--
3268,7;70,0;35,2;30,5;0,488;32;70,0;47,4;0,8;41100;--
3269,0;69,5;34,8;30,5;0,494;32;69,5;47,2;0,8;41105;--
3269,2;66,0;31,3;30,6;0,494;32;66,0;44,4;0,8;39665;--
3269,4;66,0;29,5;30,7;0,494;32;66,0;41,7;0,8;39590;--
3269,6;65,5;28,6;30,7;0,498;32;65,5;40,6;0,8;39320;--
3269,8;65,5;28,2;30,7;0,498;32;65,5;40,0;0,8;39350;--
3270,1;65,5;28,1;30,7;0,502;32;65,5;39,8;0,8;39385;--
3270,3;64,0;27,5;30,7;0,502;33;64,5;39,5;0,8;39235;--
3270,5;61,0;23,6;30,9;0,506;33;61,0;35,4;0,8;37490;--
3270,7;60,5;22,4;30,9;0,506;33;60,5;33,7;0,8;37340;--
3270,9;60,5;21,8;30,9;0,506;33;60,5;32,7;0,8;37300;--
3271,1;60,5;21,7;30,9;0,509;33;60,5;32,6;0,8;37265;--
3271,4;60,5;21,8;30,9;0,509;33;60,5;32,7;0,8;37320;--
3271,6;60,5;21,5;31,0;0,513;33;60,5;32,2;0,8;37415;--
3271,8;60,5;21,4;31,0;0,513;33;60,5;32,1;0,8;37390;--
3272,0;60,5;21,5;31,0;0,513;33;60,5;32,2;0,8;37330;--
3272,2;60,5;21,5;31,0;0,516;33;60,5;32,2;0,8;37270;--
3272,5;60,5;21,5;31,0;0,516;33;60,5;32,2;0,8;37425;--
3272,7;60,0;21,4;31,0;0,519;33;60,5;32,1;0,9;37350;--
3272,9;59,5;20,7;31,0;0,519;33;60,0;31,2;0,9;37090;--
3273,1;59,5;20,5;31,0;0,522;33;59,5;31,1;0,9;37005;--
3273,3;59,5;20,3;31,0;0,522;33;59,5;30,8;0,9;37090;--
3273,5;59,0;19,8;31,0;0,522;33;59,0;30,2;0,8;36870;--
3273,8;55,5;17,8;31,1;0,525;33;56,0;28,2;0,9;35920;--
3274,0;55,0;15,2;31,2;0,525;33;55,0;24,0;0,9;35260;--
3274,2;55,0;13,8;31,2;0,528;33;55,0;21,5;0,9;35535;--
3274,4;55,0;13,2;31,2;0,528;33;55,0;20,4;0,9;35430;--
3274,6;55,0;13,0;31,3;0,530;33;55,0;20,0;0,9;35625;--
3274,9;55,0;12,6;31,3;0,530;33;55,0;19,3;0,9;35565;--
3275,1;55,0;12,6;31,3;0,530;33;55,0;19,3;0,9;35615;--
3275,3;55,0;12,7;31,3;0,531;33;55,0;19,5;0,9;35545;--
3275,5;55,0;13,0;31,3;0,531;33;55,0;20,0;0,9;35455;--
3275,7;55,0;13,0;31,3;0,533;33;55,0;20,0;0,9;35420;--
3276,0;55,0;13,1;31,3;0,533;33;55,0;20,2;0,9;35495;--
3276,2;55,0;13,1;31,3;0,535;33;55,0;20,2;0,9;35615;--
3276,4;55,0;12,9;31,3;0,535;33;55,0;19,8;0,9;35490;--
3276,6;55,0;12,9;31,3;0,535;33;55,0;19,8;0,9;35530;--
3276,8;55,0;12,9;31,3;0,537;33;55,0;19,8;0,9;35555;--
3277,0;55,0;12,9;31,3;0,537;33;55,0;19,8;0,9;35520;--
3277,3;55,0;13,2;31,3;0,539;33;55,0;20,4;0,9;35390;--
3277,5;55,0;13,6;31,3;0,539;33;55,0;21,1;0,9;35305;--
3277,7;55,0;14,0;31,3;0,541;33;55,0;21,8;0,9;35055;--
3277,9;55,0;14,6;31,3;0,541;33;55,0;22,9;0,9;35030;--
3278,1;55,0;14,3;31,3;0,541;33;55,0;22,4;0,9;35255;--
3278,4;55,0;14,3;31,3;0,544;33;55,0;22,4;0,9;35175;--
3278,6;55,0;14,3;31,3;0,544;33;55,0;22,4;0,9;35145;--
3278,8;55,0;14,4;31,3;0,546;33;55,0;22,5;0,9;35105;--
3279,0;55,0;14,4;31,3;0,546;33;55,0;22,5;0,9;35160;--
3279,2;55,0;14,3;31,3;0,548;33;55,0;22,4;0,9;35150;--
3279,4;55,0;14,5;31,3;0,548;33;55,0;22,7;0,9;35015;--
3279,7;55,0;14,8;31,3;0,548;33;55,0;23,3;0,9;35010;--
3279,9;55,0;14,9;31,3;0,550;33;55,0;23,5;0,9;35010;--
3280,1;58,5;16,7;31,2;0,550;33;58,5;25,1;0,9;35875;--
3280,3;63,5;20,6;31,1;0,553;33;63,0;29,5;0,8;37895;--
3280,5;65,0;24,6;31,0;0,553;33;65,0;34,8;0,8;39490;--
3280,8;65,0;26,3;30,9;0,553;33;65,0;37,4;0,8;39515;--
3281,0;65,0;26,8;30,9;0,557;33;65,0;38,2;0,8;39475;--
3281,2;65,0;26,8;30,9;0,557;33;65,0;38,2;0,8;39480;--
3281,4;65,0;27,0;30,8;0,561;33;65,0;38,5;0,8;39385;--
3281,6;65,0;26,9;30,8;0,561;33;65,0;38,3;0,8;39410;--
3281,8;65,0;26,8;30,8;0,565;33;65,0;38,2;0,8;39425;--
3282,1;64,5;26,6;30,8;0,565;33;65,0;37,8;0,8;39330;--
3282,3;64,5;26,3;30,8;0,565;33;64,5;37,7;0,8;39110;--
3282,5;64,0;26,0;30,8;0,569;33;64,0;37,5;0,8;38985;--
3282,9;60,5;22,1;30,9;0,573;33;60,5;33,2;0,8;37435;--
3283,2;60,5;21,4;30,9;0,573;33;60,5;32,1;0,8;37155;--
3283,4;60,5;21,5;30,9;0,576;33;60,5;32,2;0,8;37265;--
3283,6;60,5;20,8;31,0;0,576;33;60,5;31,1;0,8;37455;--
3283,8;60,5;20,4;31,0;0,576;33;60,5;30,4;0,9;37515;--
3284,0;60,5;20,3;31,0;0,579;33;60,5;30,2;0,9;37415;--
3284,2;60,5;20,4;31,0;0,579;33;60,5;30,4;0,9;37475;--
3284,5;60,5;20,3;31,0;0,582;33;60,5;30,2;0,9;37485;--
3284,7;60,5;20,4;31,0;0,582;33;60,5;30,4;0,9;37445;--
3284,9;60,5;20,2;31,0;0,585;33;60,5;30,1;0,9;37485;--
3285,1;60,5;19,7;31,0;0,585;33;60,5;29,3;0,9;37700;--
3285,3;60,5;19,9;31,0;0,585;33;60,5;29,6;0,9;37310;--
3285,6;60,5;20,5;31,0;0,588;33;60,5;30,6;0,9;37405;--
3285,8;60,5;20,5;31,0;0,588;33;60,5;30,6;0,9;37545;--
3286,0;60,5;20,5;31,0;0,591;33;60,5;30,6;0,9;37425;--
3286,2;61,0;20,9;31,0;0,591;33;61,0;31,0;0,9;37570;--
3286,4;61,0;21,2;30,9;0,594;33;61,0;31,5;0,9;37575;--
3286,6;60,5;21,2;30,9;0,594;33;60,5;31,7;0,9;37480;--
3286,9;60,5;21,1;30,9;0,594;33;60,5;31,6;0,9;37495;--
3287,1;60,5;20,9;30,9;0,597;33;60,5;31,2;0,9;37415;--
3287,3;60,5;21,3;30,9;0,597;33;60,5;31,9;0,9;37310;--
3287,5;60,5;21,6;30,9;0,601;33;60,5;32,4;0,8;37330;--
3287,7;60,5;21,6;30,9;0,601;33;60,5;32,4;0,9;37265;--
3288,0;60,5;21,6;30,9;0,601;33;60,5;32,4;0,8;37245;--
3288,2;60,5;21,6;30,9;0,604;33;60,5;32,4;0,8;37225;--
3288,4;60,5;21,7;30,9;0,604;33;60,5;32,6;0,9;37200;--
3288,6;60,5;22,0;30,9;0,607;33;60,5;33,1;0,8;37240;--
3288,8;63,0;22,3;30,9;0,607;33;62,5;32,5;0,8;37470;--
3289,0;64,5;25,3;30,8;0,611;33;64,5;36,1;0,8;38750;--
3289,3;65,0;26,6;30,7;0,611;33;65,0;37,8;0,8;38985;--
3289,5;64,5;27,0;30,7;0,611;33;65,0;38,5;0,8;38940;--
3289,7;65,0;27,4;30,7;0,615;33;65,0;39,1;0,8;38900;--
3289,9;65,0;27,6;30,7;0,615;33;65,0;39,4;0,8;38910;--
3290,1;64,5;27,5;30,7;0,619;33;64,5;39,5;0,8;38880;--
3290,4;60,0;25,4;30,7;0,619;33;60,5;38,7;0,8;37640;--
3290,6;59,5;22,2;30,8;0,623;33;59,5;33,9;0,9;36455;--
3290,8;59,5;21,8;30,8;0,623;33;59,5;33,3;0,8;36295;--
3291,0;59,5;21,7;30,8;0,623;33;59,5;33,1;0,8;36245;--
3291,2;59,5;21,7;30,8;0,626;33;59,5;33,1;0,8;36265;--
3291,4;59,5;21,7;30,8;0,626;33;59,5;33,1;0,8;36280;--
3291,7;59,5;21,7;30,8;0,629;34;59,5;33,1;0,8;36330;--
3291,9;59,5;21,6;30,8;0,629;34;59,5;32,9;0,8;36285;--
3292,1;59,5;21,6;30,8;0,633;34;59,5;32,9;0,8;36335;--
3292,3;59,5;21,4;30,8;0,633;34;59,5;32,6;0,9;36360;--
3292,5;59,5;21,3;30,8;0,633;34;59,5;32,4;0,9;36400;--
3292,8;59,5;21,3;30,8;0,636;34;59,5;32,4;0,9;36445;--
3293,0;59,5;21,1;30,8;0,636;34;59,5;32,1;0,8;36375;--
3293,2;59,5;21,2;30,8;0,639;34;59,5;32,3;0,8;36400;--
3293,4;59,5;21,3;30,8;0,639;34;59,5;32,4;0,9;36305;--
3293,6;59,5;21,6;30,8;0,642;34;59,5;32,9;0,8;36115;--
3293,8;59,5;22,0;30,8;0,642;34;59,5;33,6;0,9;35990;--
3294,1;59,5;22,3;30,8;0,642;34;59,5;34,1;0,8;35895;--
3294,3;59,5;22,5;30,8;0,646;34;59,5;34,5;0,8;35870;--
3294,5;59,5;22,7;30,8;0,646;34;59,5;34,8;0,8;35845;--
3294,7;59,5;22,8;30,7;0,649;34;59,5;35,0;0,8;35850;--
3294,9;59,5;22,9;30,7;0,649;34;59,5;35,1;0,8;35840;--
3295,2;59,0;22,7;30,7;0,649;34;59,0;35,1;0,8;35795;--
3295,4;59,0;22,7;30,7;0,652;34;59,0;35,1;0,8;35745;--
3295,6;56,0;22,1;30,8;0,652;34;56,5;35,6;0,8;35235;--
3295,8;54,5;19,3;30,9;0,656;34;54,5;31,7;0,9;33685;--
3296,0;54,5;18,6;30,9;0,656;34;54,5;30,5;0,9;33640;--
3296,3;54,5;18,3;30,9;0,658;34;54,5;29,9;0,9;33675;--
3296,5;54,5;18,0;30,9;0,658;34;54,5;29,4;0,9;33700;--
3296,7;54,5;17,9;30,9;0,658;34;54,5;29,2;0,9;33715;--
3296,9;54,5;17,8;30,9;0,661;34;54,5;29,0;0,9;33755;--
3297,1;54,5;17,6;30,9;0,661;34;54,5;28,6;0,9;33830;--
3297,3;54,5;17,1;30,9;0,664;34;54,5;27,7;0,9;33935;--
3297,6;54,5;16,6;30,9;0,664;34;54,5;26,8;0,9;33945;--
3297,8;54,5;16,4;31,0;0,666;34;54,5;26,4;0,9;34035;--
3298,0;54,5;16,3;31,0;0,666;34;54,5;26,2;0,9;34045;--
3298,2;54,5;16,3;31,0;0,666;34;54,5;26,2;0,9;34020;--
3298,4;54,5;16,1;31,0;0,669;34;54,5;25,9;0,9;34080;--
3298,7;56,5;16,2;31,0;0,669;34;56,0;25,4;0,9;34175;--
3298,9;59,0;20,0;30,9;0,671;34;59,0;30,5;0,9;36150;--
3299,1;59,0;20,6;30,8;0,671;34;59,0;31,5;0,9;36385;--
3299,3;59,0;20,1;30,9;0,675;34;59,0;30,7;0,9;36645;--
3299,5;59,0;19,5;30,9;0,675;34;59,0;29,7;0,9;36755;--
3299,7;59,0;19,0;30,9;0,675;34;59,0;28,8;0,9;36840;--
3300,0;59,0;18,8;30,9;0,677;34;59,0;28,5;0,9;36820;--
3300,2;59,0;18,8;30,9;0,677;34;59,0;28,5;0,9;36715;--
3300,4;59,0;19,1;30,9;0,680;34;59,0;29,0;0,9;36590;--
3300,6;66,0;23,4;30,7;0,680;34;65,5;32,7;0,8;38890;--
3300,8;71,5;29,5;30,5;0,680;34;71,0;38,7;0,8;41250;--
3301,1;74,0;35,2;30,3;0,684;34;73,5;45,2;0,8;42760;--
3301,3;76,5;38,8;30,2;0,684;34;76,5;48,1;0,8;44015;--
3301,5;77,0;41,5;30,1;0,690;34;77,0;51,3;0,8;44490;--
3301,7;76,5;41,4;30,1;0,690;34;76,5;51,5;0,8;44370;--
3301,9;76,0;40,1;30,1;0,697;34;76,0;50,1;0,8;44380;--
3302,1;74,5;38,2;30,1;0,697;34;75,0;48,3;0,8;43835;--
3302,4;72,0;35,6;30,2;0,697;34;72,0;46,7;0,8;43045;--
3302,6;66,0;29,4;30,4;0,702;34;66,0;41,5;0,8;40500;--
3302,8;66,0;26,7;30,4;0,702;34;66,0;37,4;0,8;40020;--
3303,0;66,0;24,9;30,5;0,706;34;66,0;34,7;0,8;40165;--
3303,2;66,0;23,7;30,5;0,706;34;66,0;32,9;0,8;40430;--
3303,5;66,0;23,1;30,5;0,709;34;66,0;32,0;0,9;40325;--
3303,7;66,0;23,5;30,5;0,709;34;66,0;32,6;0,8;40235;--
3303,9;66,0;23,5;30,5;0,709;34;66,0;32,6;0,8;40190;--
3304,1;66,0;23,8;30,5;0,713;34;66,0;33,0;0,8;40170;--
3304,3;66,0;23,7;30,5;0,713;34;66,0;32,9;0,8;40315;--
3304,5;66,0;23,0;30,5;0,716;34;66,0;31,8;0,9;40555;--
3304,8;66,0;22,4;30,6;0,716;34;66,0;30,9;0,9;40580;--
3305,0;66,0;22,4;30,6;0,720;34;66,0;30,9;0,9;40530;--
3305,2;66,0;22,3;30,6;0,720;34;66,0;30,8;0,8;40415;--
3305,4;66,0;22,6;30,6;0,720;34;66,0;31,2;0,9;40415;--
3305,6;66,0;22,8;30,5;0,723;34;66,0;31,5;0,8;40395;--
3305,9;66,0;23,1;30,5;0,723;35;66,0;32,0;0,8;40150;--
3306,1;66,0;23,8;30,5;0,727;35;66,0;33,0;0,8;40110;--
3306,3;67,0;24,0;30,5;0,727;35;66,5;33,1;0,8;40100;--
3306,5;70,5;28,0;30,4;0,731;35;70,5;36,9;0,8;41780;--
3306,7;70,5;29,4;30,3;0,731;35;70,5;38,9;0,8;42130;--
3306,9;70,5;29,6;30,3;0,731;35;70,5;39,1;0,8;41880;--
3307,2;70,5;30,2;30,3;0,735;35;70,5;40,0;0,8;41885;--
3307,4;70,5;30,1;30,3;0,735;35;70,5;39,9;0,8;41965;--
3307,6;70,5;30,3;30,2;0,740;35;70,5;40,1;0,8;42005;--
3307,8;70,5;30,3;30,2;0,740;35;70,5;40,1;0,8;41875;--
3308,0;70,5;31,2;30,2;0,744;35;70,5;41,4;0,8;41645;--
3308,3;70,5;31,1;30,2;0,744;35;70,5;41,3;0,8;41910;--
3308,5;70,5;30,4;30,2;0,744;35;70,5;40,3;0,8;41980;--
3308,7;70,5;30,5;30,2;0,749;35;70,5;40,4;0,8;41815;--
3308,9;70,5;30,9;30,2;0,749;35;70,5;41,0;0,8;41715;--
3309,1;70,5;31,7;30,1;0,754;35;70,5;42,1;0,8;41565;--
3309,3;70,5;32,1;30,1;0,754;35;70,5;42,7;0,8;41700;--
3309,6;70,5;32,2;30,1;0,754;35;70,5;42,8;0,8;41625;--
3309,8;70,5;32,0;30,1;0,759;35;70,5;42,6;0,8;41750;--
3310,0;70,5;31,3;30,1;0,759;35;70,5;41,6;0,8;41865;--
3310,2;70,5;30,5;30,1;0,763;35;70,5;40,4;0,8;41850;--
3310,4;70,5;30,3;30,1;0,763;35;70,5;40,1;0,8;41770;--
3310,7;70,5;30,5;30,1;0,768;35;70,5;40,4;0,8;41700;--
3310,9;70,5;30,6;30,1;0,768;35;70,5;40,6;0,8;41780;--
3311,1;70,5;30,5;30,1;0,768;35;70,5;40,4;0,8;41710;--
3311,3;70,5;31,1;30,1;0,773;35;70,5;41,3;0,8;41585;--
3311,5;70,5;31,4;30,1;0,773;35;70,5;41,7;0,8;41550;--
3311,7;70,5;31,8;30,0;0,777;35;70,5;42,3;0,8;41505;--
3312,0;70,5;31,9;30,0;0,777;35;70,5;42,4;0,8;41450;--
3312,2;70,5;32,1;30,0;0,782;35;70,5;42,7;0,8;41485;--
3312,4;70,5;32,1;30,0;0,782;35;70,5;42,7;0,8;41475;--
3312,6;70,5;32,1;30,0;0,782;35;70,5;42,7;0,8;41455;--
3312,8;70,5;32,2;30,0;0,787;35;70,5;42,8;0,8;41425;--
3313,3;70,5;32,2;30,0;0,792;35;70,5;42,8;0,8;41360;--
3313,5;70,5;32,4;30,0;0,792;35;70,5;43,1;0,8;41370;--
3313,7;70,5;32,4;30,0;0,797;35;70,5;43,1;0,8;41320;--
3313,9;70,5;32,5;30,0;0,797;35;70,5;43,3;0,8;41300;--
3314,2;70,5;32,6;29,9;0,797;35;70,5;43,4;0,8;41235;--
3314,4;70,5;32,6;29,9;0,802;35;70,5;43,4;0,8;41230;--
3314,6;70,5;32,8;29,9;0,802;35;70,5;43,7;0,8;41145;--
3314,8;70,5;33,0;29,9;0,807;35;70,5;44,0;0,8;41130;--
3315,0;70,5;33,4;29,9;0,807;35;70,5;44,5;0,8;40990;--
3315,2;70,5;33,7;29,9;0,807;36;70,5;45,0;0,8;40950;--
3315,5;70,5;33,4;29,9;0,812;36;70,5;44,5;0,8;41150;--
3315,7;70,5;32,7;29,9;0,812;36;70,5;43,5;0,8;41255;--
3315,9;70,5;32,4;29,9;0,817;36;70,5;43,1;0,8;41270;--
3316,1;70,5;32,3;29,9;0,817;36;70,5;43,0;0,8;41285;--
3316,3;70,5;32,3;29,9;0,822;36;70,5;43,0;0,8;41275;--
3316,6;70,5;32,2;29,9;0,822;36;70,5;42,8;0,8;41270;--
3316,8;70,5;32,2;29,9;0,822;36;70,5;42,8;0,8;41165;--
3317,0;67,0;30,8;29,9;0,826;36;67,0;43,0;0,8;40350;--
3317,2;66,0;27,5;30,0;0,826;36;66,0;38,6;0,8;39185;--
3317,4;64,5;25,6;30,1;0,831;36;64,5;36,6;0,8;38375;--
3317,6;64,5;25,0;30,1;0,831;36;64,5;35,7;0,8;38425;--
3317,9;64,5;24,7;30,1;0,834;36;64,5;35,2;0,8;38480;--
3318,1;64,5;24,8;30,1;0,834;36;64,5;35,3;0,8;38320;--
3318,3;64,5;25,3;30,1;0,834;36;64,5;36,1;0,8;38270;--
3318,5;64,5;25,5;30,1;0,838;36;64,5;36,4;0,8;38175;--
3318,7;62,5;25,3;30,1;0,838;36;63,0;37,0;0,8;37985;--
3319,0;60,0;22,4;30,2;0,842;36;60,5;33,7;0,9;36395;--
3319,2;60,0;21,5;30,2;0,842;36;60,0;32,5;0,9;36045;--
3319,4;60,0;21,1;30,2;0,845;36;60,0;31,8;0,9;36035;--
3319,6;60,0;21,0;30,2;0,845;36;60,0;31,7;0,9;36030;--
3319,8;59,5;20,8;30,2;0,845;36;59,5;31,6;0,9;36125;--
3320,0;60,0;20,5;30,3;0,848;36;60,0;30,8;0,9;36150;--
3320,3;59,5;20,5;30,3;0,848;36;60,0;30,8;0,9;36205;--
3320,5;59,5;20,4;30,3;0,851;36;59,5;30,9;0,9;36185;--
3320,7;60,0;20,2;30,3;0,851;36;60,0;30,3;0,9;36305;--
3320,9;60,0;20,0;30,3;0,854;36;60,0;30,0;0,9;36345;--
3321,1;60,0;20,0;30,3;0,854;36;60,0;30,0;0,9;36335;--
3321,4;60,0;19,9;30,3;0,854;36;60,0;29,8;0,9;36455;--
3321,6;60,0;19,4;30,3;0,857;36;60,0;29,0;0,9;36515;--
3321,8;59,5;18,5;30,3;0,857;36;59,5;27,7;0,9;36640;--
3322,0;59,5;18,1;30,4;0,860;36;59,5;27,1;0,9;36685;--
3322,2;59,5;17,8;30,4;0,860;36;59,5;26,6;0,9;36690;--
3322,4;59,5;17,9;30,4;0,860;36;59,5;26,7;0,9;36655;--
3322,7;59,5;18,1;30,4;0,863;36;59,5;27,1;0,9;36750;--
3322,9;59,5;17,6;30,4;0,863;36;59,5;26,2;0,9;36820;--
3323,1;59,5;17,1;30,4;0,865;36;59,5;25,4;0,9;36940;--
3323,3;59,5;16,7;30,4;0,865;36;59,5;24,7;0,9;37040;--
3323,5;59,5;16,5;30,4;0,868;36;59,5;24,4;0,9;36965;--
3323,8;60,0;16,4;30,4;0,868;36;60,0;24,0;0,9;37120;--
3324,0;60,0;16,0;30,4;0,868;36;60,0;23,3;0,9;37245;--
3324,2;60,0;15,9;30,4;0,870;36;60,0;23,2;0,9;37120;--
3324,4;60,0;16,2;30,4;0,870;36;60,0;23,7;0,9;37110;--
3324,6;59,5;16,2;30,4;0,873;36;59,5;23,9;0,9;37095;--
3324,8;59,5;16,3;30,4;0,873;36;59,5;24,0;0,9;37010;--
3325,1;59,5;16,4;30,4;0,875;36;59,5;24,2;0,9;37085;--
3325,3;59,5;16,4;30,4;0,875;36;60,0;24,0;0,9;37175;--
3325,5;60,0;16,2;30,5;0,875;36;60,0;23,7;0,9;37250;--
3325,7;59,5;15,7;30,5;0,878;36;59,5;23,0;0,9;37290;--
3325,9;60,0;15,7;30,5;0,878;36;60,0;22,8;0,9;37280;--
3326,2;60,0;15,6;30,5;0,880;36;60,0;22,7;0,9;37310;--
3326,4;60,0;15,0;30,5;0,880;36;59,5;21,8;0,9;37710;--
3326,6;60,0;14,2;30,5;0,882;36;59,5;20,5;0,9;37800;--
3326,8;59,5;14,0;30,5;0,882;36;59,5;20,2;0,9;37730;--
3327,0;59,5;14,3;30,5;0,882;36;59,5;20,7;0,9;37675;--
3327,2;60,0;14,3;30,5;0,884;36;60,0;20,5;0,9;37745;--
3327,5;59,5;14,2;30,5;0,884;36;60,0;20,3;0,9;37765;--
3327,7;60,0;14,2;30,5;0,886;36;60,0;20,3;0,9;37660;--
3327,9;60,0;14,5;30,5;0,886;36;60,0;20,8;0,9;37590;--
3328,1;60,0;14,9;30,5;0,889;36;60,0;21,5;0,9;37460;--
3328,3;60,0;15,2;30,5;0,889;36;60,0;22,0;0,9;37410;--
3328,6;60,0;15,4;30,5;0,889;36;60,0;22,3;0,9;37365;--
3328,8;60,0;15,6;30,5;0,891;36;60,0;22,7;0,9;37325;--
3329,0;59,5;15,9;30,5;0,891;36;59,5;23,4;0,9;37200;--
3329,2;60,0;16,1;30,5;0,893;36;60,0;23,5;0,9;37130;--
3329,4;60,0;16,5;30,5;0,893;36;60,0;24,2;0,9;37085;--
3329,6;60,0;16,7;30,5;0,896;36;60,0;24,5;0,9;36985;--
3329,9;60,0;17,0;30,5;0,896;36;60,0;25,0;0,9;36925;--
3330,1;60,0;17,7;30,4;0,896;36;60,0;26,2;0,9;36920;--
3330,3;60,0;18,0;30,4;0,899;36;60,0;26,7;0,9;36850;--
3330,5;59,5;18,3;30,4;0,899;36;59,5;27,4;0,9;36745;--
3330,7;60,0;18,5;30,4;0,901;36;60,0;27,5;0,9;36710;--
3331,0;60,0;18,5;30,4;0,901;36;60,0;27,5;0,9;36770;--
3331,2;59,5;18,6;30,4;0,904;36;60,0;27,7;0,9;36660;--
3331,4;60,0;19,0;30,4;0,904;36;60,0;28,3;0,9;36665;--
3331,6;60,0;19,0;30,4;0,904;36;60,0;28,3;0,9;36670;--
3331,8;60,0;18,9;30,4;0,907;36;60,0;28,2;0,9;36655;--
3332,0;60,0;19,1;30,4;0,907;36;60,0;28,5;0,9;36595;--
3332,3;60,0;19,0;30,4;0,910;36;60,0;28,3;0,9;36640;--
3332,5;60,0;19,1;30,4;0,910;36;60,0;28,5;0,9;36620;--
3332,7;60,0;19,3;30,4;0,913;36;60,0;28,8;0,9;36430;--
3332,9;60,0;19,7;30,4;0,913;36;60,0;29,5;0,9;36360;--
3333,1;60,0;19,8;30,3;0,913;36;60,0;29,7;0,9;36420;--
3333,4;60,0;19,8;30,3;0,916;36;60,0;29,7;0,9;36380;--
3333,6;60,0;20,0;30,3;0,916;36;60,0;30,0;0,9;36360;--
3333,8;60,0;19,3;30,4;0,919;36;60,0;28,8;0,9;36770;--
3334,0;59,5;18,8;30,4;0,919;36;60,0;28,0;0,9;36685;--
3334,2;59,5;19,0;30,4;0,919;36;59,5;28,6;0,9;36495;--
3334,5;59,5;19,4;30,4;0,922;36;59,5;29,2;0,9;36325;--
3334,7;59,0;19,2;30,4;0,922;36;59,0;29,2;0,9;36180;--
3334,9;59,0;19,1;30,4;0,925;36;59,0;29,0;0,9;36090;--
3335,1;59,0;19,2;30,4;0,925;36;59,0;29,2;0,9;35970;--
3335,3;59,0;19,6;30,3;0,927;36;59,0;29,8;0,9;35930;--
3335,5;59,5;19,8;30,3;0,927;36;59,5;29,9;0,9;35945;--
3335,8;59,5;20,0;30,3;0,927;36;59,5;30,3;0,9;36020;--
3336,0;59,5;20,0;30,3;0,930;36;59,5;30,3;0,9;36040;--
3336,2;59,5;19,9;30,3;0,930;36;59,5;30,1;0,9;36090;--
3336,4;59,5;19,9;30,3;0,934;36;59,5;30,1;0,9;36065;--
3336,6;59,5;19,8;30,3;0,934;36;59,5;29,9;0,9;36110;--
3336,9;59,5;19,7;30,3;0,936;36;59,5;29,7;0,9;36115;--
3337,1;59,5;19,6;30,3;0,936;36;59,5;29,6;0,9;36135;--
3337,3;60,0;20,0;30,3;0,936;36;60,0;30,0;0,9;36365;--
3337,5;61,0;20,7;30,3;0,940;36;61,0;30,7;0,9;36635;--
3337,7;61,0;21,1;30,3;0,940;36;61,0;31,3;0,9;36750;--
3337,9;61,0;21,4;30,2;0,943;36;61,0;31,8;0,9;36625;--
3338,2;61,0;21,6;30,2;0,943;36;61,0;32,1;0,9;36585;--
3338,4;61,0;21,6;30,2;0,946;36;61,0;32,1;0,9;36495;--
3338,6;61,0;22,0;30,2;0,946;36;61,0;32,8;0,9;36435;--
3338,8;61,0;22,2;30,2;0,946;36;61,0;33,1;0,9;36430;--
3339,0;61,0;22,3;30,2;0,949;36;61,0;33,3;0,9;36450;--
3339,3;61,0;22,1;30,2;0,949;36;61,0;33,0;0,9;36530;--
3339,5;61,0;22,1;30,2;0,953;36;61,0;33,0;0,9;36485;--
3339,7;61,0;22,4;30,2;0,953;36;61,0;33,4;0,9;36480;--
3339,9;61,0;22,4;30,2;0,956;36;61,0;33,4;0,9;36500;--
3340,1;61,0;22,3;30,2;0,956;36;61,0;33,3;0,9;36380;--
3340,3;61,0;22,3;30,2;0,956;36;61,0;33,3;0,9;36350;--
3340,6;61,0;22,5;30,2;0,959;36;61,0;33,6;0,9;36315;--
3340,8;61,0;22,5;30,1;0,959;36;61,0;33,6;0,9;36310;--
3341,0;61,0;22,7;30,1;0,963;36;61,0;33,9;0,9;36270;--
3341,2;61,0;22,9;30,1;0,963;36;61,0;34,3;0,9;36180;--
3341,4;61,0;23,1;30,1;0,966;36;61,0;34,6;0,9;36150;--
3341,7;61,0;23,0;30,1;0,966;36;61,0;34,4;0,9;36220;--
3341,9;61,0;23,1;30,1;0,966;36;61,0;34,6;0,9;36160;--
3342,1;61,0;23,7;30,1;0,970;36;61,0;35,6;0,9;36155;--
3342,3;64,5;26,2;30,0;0,970;36;64,5;37,5;0,8;37240;--
3342,5;64,5;27,9;29,9;0,974;36;64,5;40,2;0,8;37485;--
3342,7;64,5;28,4;29,9;0,974;36;64,5;40,9;0,8;37440;--
3343,0;65,0;29,3;29,9;0,974;36;65,0;42,0;0,8;37355;--
3343,2;66,5;31,2;29,8;0,978;36;66,5;43,9;0,8;38150;--
3343,6;66,0;31,6;29,8;0,983;36;66,0;44,8;0,8;38045;--
3343,8;66,0;31,7;29,8;0,983;36;66,0;45,0;0,8;37910;--
3344,1;66,0;31,6;29,8;0,988;36;66,0;44,8;0,8;37945;--
3344,3;66,0;31,6;29,8;0,988;36;66,0;44,8;0,8;37895;--
3344,5;66,0;31,8;29,8;0,988;36;66,0;45,2;0,8;37805;--
3344,7;66,0;32,0;29,7;0,993;36;66,0;45,5;0,8;37935;--
3344,9;66,5;32,0;29,7;0,993;37;66,5;45,1;0,8;38115;--
3345,1;67,0;32,3;29,7;0,998;37;67,0;45,2;0,8;38575;--
3345,4;67,0;32,0;29,7;0,998;37;67,0;44,8;0,8;38670;--
3345,6;68,0;31,7;29,7;1,002;37;68,0;43,7;0,8;38885;--
3345,8;70,5;33,7;29,6;1,002;37;70,5;45,0;0,8;40240;--
3346,0;71,0;34,3;29,6;1,002;37;71,0;45,5;0,8;40580;--
3346,2;71,5;34,4;29,6;1,008;37;71,5;45,3;0,8;40900;--
3346,5;73,5;34,8;29,6;1,008;37;73,5;44,6;0,8;41785;--
3346,7;74,0;36,1;29,5;1,013;37;74,0;46,1;0,8;42415;--
3346,9;76,0;37,5;29,5;1,013;37;76,0;46,7;0,8;43160;--
3347,1;78,5;39,7;29,4;1,013;37;78,0;48,3;0,8;43940;--
3347,3;79,0;41,8;29,3;1,019;37;79,0;50,4;0,8;44585;--
3347,5;75,5;39,8;29,4;1,019;37;75,5;50,1;0,8;43720;--
3347,8;73,0;35,2;29,5;1,025;37;73,0;45,5;0,8;42520;--
3348,0;73,0;33,3;29,6;1,025;37;73,0;42,9;0,8;42400;--
3348,2;72,5;32,2;29,6;1,030;37;72,5;41,7;0,8;42245;--
3348,4;72,5;31,7;29,6;1,030;37;72,5;41,0;0,8;42105;--
3348,6;72,0;31,9;29,6;1,030;37;72,5;41,2;0,8;42050;--
3348,9;72,0;31,4;29,6;1,034;37;72,0;40,8;0,8;42055;--
3349,1;72,0;30,9;29,6;1,034;37;72,0;40,1;0,8;42110;--
3349,3;72,0;31,1;29,6;1,039;37;72,0;40,4;0,8;42140;--
3349,5;72,0;30,8;29,6;1,039;37;72,0;40,0;0,8;42100;--
3349,7;72,0;30,4;29,6;1,044;37;72,0;39,4;0,8;42085;--
3350,0;72,0;30,2;29,6;1,044;37;72,0;39,2;0,8;42025;--
3350,2;72,0;30,3;29,6;1,044;37;72,0;39,3;0,8;41885;--
3350,4;72,0;30,4;29,6;1,048;37;72,0;39,4;0,8;42080;--
3350,6;71,5;29,4;29,6;1,048;37;71,5;38,3;0,8;42235;--
3350,8;71,5;28,5;29,7;1,053;37;71,5;37,1;0,8;42085;--
3351,0;71,5;28,7;29,6;1,053;37;71,5;37,3;0,8;41810;--
3351,3;71,5;29,4;29,6;1,057;37;71,5;38,3;0,8;41715;--
3351,5;72,0;30,5;29,6;1,057;37;72,0;39,6;0,8;41685;--
3351,7;71,5;31,4;29,6;1,057;37;71,5;41,1;0,8;41395;--
3351,9;71,5;31,9;29,6;1,062;37;71,5;41,8;0,8;41410;--
3352,1;71,5;32,1;29,5;1,062;37;71,5;42,1;0,8;41360;--
3352,4;71,5;32,2;29,5;1,067;37;71,5;42,2;0,8;41235;--
3352,6;71,5;32,2;29,5;1,067;37;71,5;42,2;0,8;41135;--
3352,8;71,5;32,4;29,5;1,067;38;71,5;42,5;0,8;41065;--
3353,0;71,5;32,6;29,5;1,072;38;71,5;42,8;0,8;41030;--
3353,2;71,5;33,1;29,5;1,072;38;71,5;43,5;0,8;40940;--
3353,4;71,5;33,1;29,5;1,077;38;71,5;43,5;0,8;40915;--
3353,7;71,5;33,0;29,5;1,077;38;71,5;43,4;0,8;40900;--
3353,9;71,0;33,1;29,5;1,082;38;71,0;43,8;0,8;40805;--
3354,1;71,0;33,5;29,5;1,082;38;71,0;44,4;0,8;40710;--
3354,3;71,5;33,6;29,4;1,082;38;71,5;44,2;0,8;40680;--
3354,5;71,0;33,7;29,4;1,087;38;71,0;44,6;0,8;40700;--
3354,8;67,0;32,3;29,5;1,087;38;67,5;44,9;0,8;40000;--
3355,0;64,5;27,8;29,6;1,091;38;65,0;39,7;0,8;38275;--
3355,2;59,5;22,9;29,8;1,091;38;59,5;35,1;0,9;35910;--
3355,4;59,0;20,6;29,8;1,095;38;59,0;31,5;0,9;35355;--
3355,6;59,0;19,9;29,9;1,095;38;59,0;30,3;0,9;35395;--
3355,8;64,5;23,2;29,8;1,095;38;64,5;32,9;0,9;37140;--
3356,1;66,0;26,0;29,7;1,098;38;66,0;36,4;0,8;37920;--
3356,3;67,0;28,2;29,7;1,098;38;67,0;39,1;0,8;38565;--
3356,5;66,5;28,3;29,6;1,102;38;66,5;39,5;0,8;38460;--
3356,7;66,0;28,0;29,6;1,102;38;66,0;39,4;0,8;38415;--
3356,9;66,5;28,0;29,6;1,106;38;66,5;39,1;0,8;38450;--
3357,2;66,0;27,8;29,7;1,106;38;66,0;39,1;0,8;38380;--
3357,4;66,0;27,8;29,6;1,106;38;66,0;39,1;0,8;38330;--
3357,6;66,5;27,8;29,6;1,111;38;66,5;38,8;0,8;38460;--
3357,8;66,5;27,7;29,6;1,111;38;66,5;38,6;0,8;38515;--
3358,0;68,0;28,7;29,6;1,115;38;68,0;39,3;0,8;39110;--
3358,2;69,0;30,6;29,5;1,115;38;69,0;41,4;0,8;39625;--
3358,5;69,0;30,9;29,5;1,115;38;69,0;41,9;0,8;39710;--
3358,7;69,0;31,0;29,5;1,120;38;69,0;42,0;0,8;39780;--
3358,9;70,0;31,2;29,5;1,120;38;70,0;41,7;0,8;40115;--
3359,1;70,0;31,8;29,5;1,124;38;70,0;42,6;0,8;40335;--
3359,3;70,0;31,7;29,5;1,124;38;70,0;42,4;0,8;40445;--
3359,6;70,0;31,4;29,5;1,129;38;70,0;42,0;0,8;40550;--
3359,8;70,0;31,1;29,5;1,129;38;70,0;41,6;0,8;40540;--
3360,0;70,0;31,1;29,5;1,129;38;70,0;41,6;0,8;40615;--
3360,2;70,0;30,5;29,5;1,134;38;70,0;40,7;0,8;40730;--
3360,4;70,0;30,4;29,5;1,134;38;70,0;40,6;0,8;40645;--
3360,6;71,0;30,8;29,5;1,138;38;71,0;40,6;0,8;40765;--
3360,9;71,0;31,4;29,5;1,138;38;71,0;41,4;0,8;41045;--
3361,1;71,5;31,6;29,5;1,143;38;71,5;41,4;0,8;41080;--
3361,3;74,0;33,6;29,4;1,143;38;74,0;42,7;0,8;41955;--
3361,5;75,0;35,6;29,3;1,143;38;75,0;44,8;0,8;42520;--
3361,7;75,0;36,7;29,3;1,148;38;75,0;46,3;0,8;42695;--
3362,0;75,0;37,1;29,3;1,148;38;75,0;46,8;0,8;42685;--
3362,2;75,0;36,9;29,3;1,154;38;75,0;46,5;0,8;42795;--
3362,4;75,0;36,5;29,3;1,154;38;75,0;46,0;0,8;42850;--
3362,6;74,5;35,7;29,3;1,160;38;74,5;45,2;0,8;42535;--
3362,8;72,5;35,4;29,3;1,160;38;73,0;45,8;0,8;42070;--
3363,0;71,0;32,3;29,4;1,160;38;71,0;42,7;0,8;41240;--
3363,3;70,5;30,7;29,4;1,164;38;70,5;40,7;0,8;40920;--
3363,5;62,0;25,8;29,6;1,164;38;62,5;38,1;0,9;38480;--
3363,7;58,5;19,2;29,8;1,168;38;58,5;29,4;0,9;35780;--
3363,9;55,5;15,2;29,9;1,168;38;55,5;23,8;0,9;34385;--
3364,1;55,5;13,8;29,9;1,168;38;55,5;21,3;0,9;34030;--
3364,4;55,5;13,6;29,9;1,170;38;55,5;20,9;0,9;34155;--
3364,6;58,0;14,0;29,9;1,170;38;57,5;20,9;0,9;34490;--
3364,8;59,0;16,5;29,9;1,172;38;59,0;24,6;0,9;35580;--
3365,0;59,0;16,9;29,9;1,172;38;59,0;25,3;0,9;35685;--
3365,2;58,5;17,4;29,9;1,175;38;58,5;26,3;0,9;35550;--
3365,4;49,5;13,3;30,0;1,175;38;49,5;22,8;0,9;32665;--
3365,7;43,0;7,9;30,2;1,175;38;43,0;13,7;0,9;29355;--
3365,9;41,0;5,1;30,2;1,176;38;41,0;7,6;0,9;27480;--
3366,1;41,0;4,8;30,3;1,176;38;41,0;6,8;0,9;27165;--
3366,3;41,0;4,9;30,3;1,177;38;41,0;7,1;0,9;27110;--
3366,5;41,0;4,9;30,3;1,177;38;41,0;7,1;0,9;27065;--
3366,8;40,5;5,0;30,3;1,178;38;40,5;7,4;0,9;26935;--
3367,0;41,0;5,1;30,3;1,178;38;41,0;7,6;0,9;26965;--
3367,2;41,0;5,1;30,3;1,178;38;41,0;7,6;0,9;26935;--
3367,4;41,0;5,3;30,3;1,178;38;41,0;8,0;0,9;26950;--
3367,6;40,0;5,3;30,4;1,178;38;40,5;8,1;0,9;26925;--
3367,8;36,5;3,7;30,4;1,179;38;36,5;4,7;0,9;25465;--
3368,1;35,0;2,6;30,5;1,179;38;35,0;1,7;0,9;24375;--
3368,3;34,5;2,3;30,5;1,179;38;34,5;0,9;0,9;24040;--
3368,5;34,5;2,4;30,5;1,179;38;34,5;1,2;0,9;23920;--
3368,7;32,5;2,4;30,5;1,179;38;32,5;1,2;0,9;23620;--
3368,9;30,5;0,9;30,5;1,180;38;30,5;0,0;0,9;22140;--
3369,2;30,5;0,9;30,5;1,180;38;30,5;0,0;0,9;21800;--
3369,4;30,5;1,0;30,6;1,180;38;30,5;0,0;0,9;21790;--
3369,6;30,5;0,9;30,6;1,180;38;30,5;0,0;0,9;21960;--
3369,8;31,0;0,7;30,6;1,180;38;31,0;0,0;0,9;22125;--
3370,0;30,0;0,5;30,6;1,180;38;30,5;0,0;0,9;21945;--
3370,3;30,0;0,4;30,6;1,180;38;30,0;0,0;0,9;21600;--
3370,5;30,0;0,6;30,6;1,180;38;30,0;0,0;0,9;21765;--
3370,7;30,0;0,6;30,6;1,180;38;30,0;0,0;0,9;21775;--
3370,9;20,0;0,0;30,7;1,180;38;20,5;0,0;0,9;19180;--
3371,1;14,5;0,0;30,7;1,180;38;15,0;0,0;0,9;13800;--
3371,3;13,0;0,0;30,7;1,180;38;13,0;0,0;0,9;11060;--
3371,6;13,0;0,0;30,7;1,180;38;13,0;0,0;0,9;10420;--
3371,8;13,5;0,1;30,7;1,180;38;13,5;0,0;0,9;10420;--
3372,0;13,0;0,2;30,7;1,180;38;13,0;0,0;0,9;10500;--
3372,2;8,0;0,0;30,7;1,180;38;8,0;0,0;0,9;8420;--
3372,4;8,0;0,0;30,7;1,180;38;8,0;0,0;0,9;7380;--
3372,7;8,0;0,1;30,7;1,180;38;8,0;0,0;0,9;7210;--
3372,9;8,0;0,4;30,7;1,180;38;8,0;0,0;0,9;7100;--
3373,1;8,5;0,3;30,7;1,180;38;8,5;0,0;0,9;7115;--
3373,3;8,5;0,3;30,7;1,180;38;8,5;0,0;0,9;7170;--
3373,5;13,5;1,0;30,7;1,180;37;13,5;0,0;0,9;9575;--
3374,0;15,0;0,3;30,7;1,180;37;15,0;0,0;0,9;11660;--
3374,2;15,0;0,1;30,7;1,180;37;15,0;0,0;0,9;11770;--
3374,4;15,0;0,1;30,7;1,180;37;15,0;0,0;0,9;11725;--
3374,6;19,0;0,5;30,7;1,180;37;19,0;0,0;0,9;12380;--
3374,8;23,5;1,8;30,7;1,180;37;23,5;0,0;0,9;16065;--
3375,1;28,5;2,2;30,7;1,180;37;28,0;0,7;0,9;18555;--
3375,3;35,5;3,8;30,7;1,180;37;35,0;5,1;0,9;21875;--
3375,5;53,5;12,0;30,5;1,181;37;53,0;18,9;0,9;30300;--
3375,7;60,5;20,2;30,3;1,181;37;60,0;30,3;0,8;35610;--
3375,9;64,0;23,4;30,1;1,181;37;64,0;33,4;0,8;37010;--
3376,1;62,5;25,8;30,1;1,185;37;63,0;37,8;0,8;37790;--
3376,4;38,5;13,9;30,4;1,185;37;39,5;30,1;0,9;30550;--
3376,6;20,0;1,6;30,7;1,187;37;21,0;0,0;0,9;20785;--
3376,8;18,0;0,0;30,7;1,187;37;18,0;0,0;0,9;14875;--
3377,0;18,0;0,0;30,7;1,187;37;18,0;0,0;0,9;13785;--
3377,2;18,0;0,0;30,7;1,187;37;18,0;0,0;0,9;13595;--
3377,5;18,0;0,0;30,7;1,187;37;18,0;0,0;0,9;13530;--
3377,7;30,0;1,7;30,7;1,187;37;27,5;0,0;0,9;16290;--
3377,9;41,0;7,2;30,6;1,187;37;40,5;12,8;0,9;24810;--
3378,1;29,0;4,3;30,7;1,188;37;29,0;7,9;0,9;22720;--
3378,3;27,0;0,8;30,7;1,188;37;26,5;0,0;0,9;18540;--
3378,5;38,5;5,4;30,6;1,188;37;38,5;8,8;0,9;23545;--
3378,8;47,0;10,9;30,5;1,188;37;47,0;18,9;0,9;28625;--
3379,0;31,0;6,6;30,6;1,188;37;32,5;14,2;0,9;25000;--
3379,2;48,0;6,9;30,6;1,189;37;47,5;10,3;0,9;25865;--
3379,4;67,0;22,5;30,1;1,189;37;66,0;31,1;0,8;36400;--
3379,6;37,5;19,5;30,3;1,193;37;40,0;43,8;0,8;31595;--
3379,9;18,5;2,9;30,7;1,193;37;18,5;4,9;0,9;16850;--
3380,1;40,0;5,8;30,6;1,193;37;39,5;9,6;0,9;21890;--
3380,3;30,5;5,0;30,6;1,193;37;31,0;9,7;0,9;22640;--
3380,5;30,5;3,1;30,7;1,193;37;31,0;3,5;0,9;21470;--
3380,7;13,5;0,3;30,8;1,194;37;14,5;0,0;0,9;16945;--
3380,9;8,5;0,0;30,8;1,194;37;8,5;0,0;0,9;8090;--
3381,2;5,5;0,0;30,8;1,193;37;1,5;0,0;0,9;5655;--
3381,4;7,0;0,2;30,8;1,193;37;7,0;0,0;0,9;5640;--
3381,6;0,0;0,3;30,8;1,193;37;0,0;0,0;0,9;5945;--
3381,8;0,0;0,4;30,8;1,193;37;0,0;0,0;0,9;6260;--
3382,0;0,0;0,4;30,8;1,193;37;0,0;0,0;0,9;6535;--
3382,3;0,0;0,5;30,8;1,193;37;0,0;0,0;0,9;6750;--
3382,5;0,0;0,6;30,8;1,193;37;0,0;0,0;0,9;7020;--
3382,7;0,0;0,7;30,8;1,194;37;0,0;0,0;0,9;7165;--
3382,9;0,0;0,6;30,8;1,194;37;0,0;0,0;0,9;7325;--
3383,1;0,0;0,7;30,8;1,194;37;0,0;0,0;0,9;7540;--
3383,3;0,0;0,7;30,8;1,194;37;0,0;0,0;0,9;7610;--
3383,6;8,5;0,6;30,8;1,194;37;5,5;0,0;0,9;6240;--
3383,8;0,0;0,8;30,8;1,194;37;0,0;0,0;0,9;6345;--
3384,0;0,0;0,6;30,8;1,194;37;0,0;0,0;0,9;6450;--
3384,2;0,0;0,7;30,8;1,194;37;0,0;0,0;0,9;6455;--
3384,4;0,0;0,6;30,8;1,194;37;0,0;0,0;0,9;6595;--
3384,7;0,0;0,5;30,8;1,194;37;0,0;0,0;0,9;6505;--
3384,9;0,0;0,5;30,8;1,194;37;0,0;0,0;0,9;6325;--
3385,1;0,0;0,3;30,8;1,194;37;0,0;0,0;0,9;6090;--
3385,3;0,0;0,3;30,8;1,194;37;0,0;0,0;0,9;5680;--
3385,5;0,0;0,6;30,8;1,194;37;0,0;0,0;0,9;5315;--
3385,7;0,0;0,6;30,8;1,194;37;0,0;0,0;0,9;5010;--
3386,0;0,0;0,6;30,8;1,194;37;0,0;0,0;0,9;4665;--
3386,2;0,0;0,5;30,8;1,194;37;0,0;0,0;0,9;4365;--
3386,4;0,0;0,5;30,8;1,194;37;0,0;0,0;0,8;4065;--
3386,6;0,0;0,6;30,8;1,194;37;0,0;0,0;0,9;3815;--
3386,8;0,0;0,5;30,8;1,194;37;0,0;0,0;0,9;3580;--
3387,1;0,0;0,6;30,8;1,194;37;0,0;0,0;0,9;3355;--
3387,3;0,0;0,7;30,8;1,194;37;0,0;0,0;0,9;3145;--
3387,5;0,0;0,7;30,8;1,194;37;0,0;0,0;0,9;2935;--
3387,7;0,0;0,8;30,8;1,194;37;0,0;0,0;0,9;2725;--
3387,9;0,0;0,9;30,8;1,194;37;0,0;0,0;0,9;2510;--
3388,2;0,0;0,8;30,8;1,194;37;0,0;0,0;0,9;2305;--
3388,4;0,0;0,5;30,8;1,195;37;0,0;0,0;0,9;2100;--
3388,6;0,0;0,4;30,9;1,195;37;0,0;0,0;0,9;1905;--
3388,8;0,0;0,3;30,9;1,195;37;0,0;0,0;0,9;1715;--
3389,0;0,0;0,5;30,9;1,195;37;0,0;0,0;0,9;1540;--
3389,2;0,0;0,7;30,9;1,195;37;0,0;0,0;0,9;1360;--
3389,5;0,0;0,8;30,9;1,195;37;0,0;0,0;0,9;1190;--
3389,7;0,0;0,7;30,9;1,195;37;0,0;0,0;0,9;1030;--
3389,9;0,0;0,6;30,9;1,195;37;0,0;0,0;0,9;0;--
3391,0;0,0;0,7;30,9;1,195;37;0,0;0,0;0,9;0;--
3392,1;0,0;0,7;30,9;1,195;37;0,0;0,0;0,9;0;--
3393,3;0,0;0,7;30,9;1,196;37;0,0;0,0;0,9;0;--
3394,9;0,0;0,8;30,9;1,196;37;0,0;0,0;0,9;0;--
3396,0;0,0;0,7;30,9;1,196;37;0,0;0,0;0,9;0;--
3397,1;0,0;0,7;30,9;1,196;36;0,0;0,0;0,9;0;--
3398,2;0,0;0,8;30,9;1,197;36;0,0;0,0;0,9;0;--
3399,3;0,0;0,7;30,9;1,197;36;0,0;0,0;0,9;0;--
3400,5;0,0;0,8;31,0;1,197;36;0,0;0,0;0,9;0;--
3401,6;0,0;0,7;31,0;1,198;36;0,0;0,0;0,9;0;--
3402,7;0,0;0,8;31,0;1,198;36;0,0;0,0;0,9;0;--
3403,8;0,0;0,7;31,0;1,198;36;0,0;0,0;0,9;0;--
3404,9;0,0;0,7;31,0;1,198;36;0,0;0,0;0,9;0;--
3406,1;0,0;0,7;31,0;1,199;36;0,0;0,0;0,9;0;--
3407,6;0,0;0,8;31,0;1,199;36;0,0;0,0;0,9;0;--
3408,7;0,0;0,7;31,0;1,199;36;0,0;0,0;0,9;0;--
3409,8;0,0;0,7;31,0;1,199;36;0,0;0,0;0,9;0;--
3410,9;0,0;0,7;31,0;1,200;36;0,0;0,0;0,9;0;--
3412,6;0,0;0,6;31,0;1,200;36;0,0;0,0;0,9;0;--
3413,8;0,0;0,7;31,0;1,200;36;0,0;0,0;0,9;0;--
3414,9;0,0;0,7;31,0;1,201;36;0,0;0,0;0,9;0;--
3417,2;0,0;0,8;31,0;1,201;36;0,0;0,0;0,9;0;--
3418,3;0,0;0,7;31,0;1,201;36;0,0;0,0;0,9;0;--
3419,4;0,0;0,8;31,0;1,202;36;0,0;0,0;0,9;0;--
3420,6;0,0;0,7;31,0;1,202;36;0,0;0,0;0,9;0;--
3421,7;0,0;0,7;31,0;1,202;36;0,0;0,0;0,9;0;--
3422,8;0,0;0,7;31,0;1,202;36;0,0;0,0;0,9;0;--
3423,9;0,0;0,8;31,0;1,203;36;0,0;0,0;0,9;0;--
3425,0;0,0;0,7;31,0;1,203;36;0,0;0,0;0,9;0;--
3426,1;0,0;0,7;31,0;1,203;36;0,0;0,0;0,9;0;--
3427,3;0,0;0,8;31,0;1,203;36;0,0;0,0;0,9;0;--
3428,4;0,0;0,7;31,0;1,204;36;0,0;0,0;0,9;0;--
3429,5;0,0;0,7;31,0;1,204;36;0,0;0,0;0,9;0;--
3431,7;0,0;0,7;31,0;1,205;36;0,0;0,0;0,9;0;--
3432,8;0,0;0,7;31,0;1,205;36;0,0;0,0;0,9;0;--
3436,1;0,0;0,8;31,0;1,205;36;0,0;0,0;0,9;0;--
3437,2;0,0;0,7;31,0;1,206;36;0,0;0,0;0,9;0;--
3440,8;0,0;0,7;31,0;1,207;36;0,0;0,0;0,9;0;--
3441,9;0,0;0,7;31,0;1,207;36;0,0;0,0;0,9;0;--
3443,5;0,0;0,7;31,0;1,207;35;0,0;0,0;0,9;0;--
3444,7;0,0;0,7;31,0;1,208;35;0,0;0,0;0,9;0;--
3445,9;0,0;0,8;31,0;1,208;35;0,0;0,0;0,9;0;--
3447,0;0,0;0,7;31,0;1,208;35;0,0;0,0;0,9;0;--
3448,1;0,0;0,8;31,0;1,208;35;0,0;0,0;0,9;0;--
3449,2;0,0;0,8;31,0;1,208;35;0,0;0,0;0,9;0;--
3450,3;0,0;0,8;31,0;1,209;35;0,0;0,0;0,9;0;--
3451,5;0,0;0,7;31,0;1,209;35;0,0;0,0;0,9;0;--
3452,6;0,0;0,7;31,0;1,209;35;0,0;0,0;0,9;0;--
3453,7;0,0;0,7;31,0;1,210;35;0,0;0,0;0,9;0;--
3457,6;0,0;0,8;31,0;1,210;35;0,0;0,0;0,9;0;--
3458,7;0,0;0,7;31,0;1,211;35;0,0;0,0;0,9;0;--
3461,4;0,0;0,6;31,0;1,211;35;0,0;0,0;0,9;0;--
3462,6;0,0;0,6;31,0;1,212;35;0,0;0,0;0,9;0;--
3463,7;0,0;0,7;31,0;1,212;35;0,0;0,0;0,9;0;--
3464,8;0,0;0,7;31,0;1,212;35;0,0;0,0;0,9;0;--
3467,4;0,0;0,7;31,0;1,213;35;0,0;0,0;0,9;0;--
3468,5;0,0;0,7;31,0;1,213;35;0,0;0,0;0,9;0;--
3469,7;0,0;0,6;31,0;1,213;35;0,0;0,0;0,9;0;--
3470,8;0,0;0,6;31,0;1,213;35;0,0;0,0;0,9;0;--
3471,9;0,0;0,6;31,0;1,214;35;0,0;0,0;0,9;0;--
3473,0;0,0;0,7;31,0;1,214;35;0,0;0,0;0,9;0;--
3474,9;0,0;0,6;31,0;1,214;35;0,0;0,0;0,9;0;--
3476,0;0,0;0,7;31,0;1,214;35;0,0;0,0;0,9;0;--
3477,2;0,0;0,7;31,0;1,215;35;0,0;0,0;0,9;0;--
3479,5;0,0;0,8;31,0;1,215;35;0,0;0,0;0,9;0;--
3480,6;0,0;0,7;31,0;1,215;35;0,0;0,0;0,9;0;--
3481,7;0,0;0,7;31,0;1,216;35;0,0;0,0;0,9;0;--
3483,0;0,0;0,6;31,0;1,216;35;0,0;0,0;0,9;0;--
3484,2;0,0;0,7;31,0;1,216;35;0,0;0,0;0,9;0;--
3485,3;0,0;0,7;31,0;1,216;35;0,0;0,0;0,9;0;--
3486,4;0,0;0,6;31,0;1,217;35;0,0;0,0;0,9;0;--
3487,5;0,0;0,7;31,0;1,217;35;0,0;0,0;0,9;0;--
3488,6;0,0;0,7;31,0;1,217;35;0,0;0,0;0,9;0;--
3490,0;0,0;0,7;31,0;1,218;35;0,0;0,0;0,9;0;--
3492,1;0,0;0,6;31,0;1,218;35;0,0;0,0;0,9;0;--
3493,2;0,0;0,7;31,0;1,218;35;0,0;0,0;0,9;0;--
3494,6;0,0;0,7;31,0;1,219;35;0,0;0,0;0,9;0;--
3495,7;0,0;0,7;31,0;1,219;35;0,0;0,0;0,9;0;--
3496,8;0,0;0,6;31,0;1,219;35;0,0;0,0;0,9;0;--
3498,0;0,0;0,7;31,0;1,219;35;0,0;0,0;0,9;0;--
3499,1;0,0;0,6;31,0;1,219;35;0,0;0,0;0,9;0;--
3500,2;0,0;0,6;31,0;1,220;35;0,0;0,0;0,9;0;--
3501,3;0,0;0,7;31,0;1,220;35;0,0;0,0;0,9;0;--
3502,4;0,0;0,7;31,0;1,220;35;0,0;0,0;0,9;0;--
3503,5;0,0;0,6;31,0;1,220;35;0,0;0,0;0,9;0;--
3504,7;0,0;0,6;31,0;1,221;35;0,0;0,0;0,9;0;--
3505,8;0,0;0,6;31,0;1,221;35;0,0;0,0;0,9;0;--
3507,0;0,0;0,7;31,0;1,221;35;0,0;0,0;0,9;0;--
3508,1;0,0;0,7;31,0;1,221;35;0,0;0,0;0,9;0;--
3509,2;0,0;0,7;31,0;1,222;35;0,0;0,0;0,9;0;--
3510,4;0,0;0,6;31,0;1,222;35;0,0;0,0;0,9;0;--
3511,9;0,0;0,7;31,0;1,222;35;0,0;0,0;0,9;0;--
3513,0;0,0;0,6;31,0;1,222;35;0,0;0,0;0,9;0;--
3514,2;0,0;0,6;31,0;1,223;35;0,0;0,0;0,9;0;--
3515,3;0,0;0,6;31,0;1,223;35;0,0;0,0;0,9;0;--
3516,4;0,0;0,7;31,0;1,223;35;0,0;0,0;0,9;0;--
3518,0;0,0;0,6;31,0;1,223;35;0,0;0,0;0,9;0;--
3519,1;0,0;0,7;31,0;1,224;35;0,0;0,0;0,9;0;--
3520,2;0,0;0,7;31,0;1,224;35;0,0;0,0;0,9;0;--
3521,3;0,0;0,6;31,0;1,224;35;0,0;0,0;0,9;0;--
3522,4;0,0;0,7;31,0;1,224;35;0,0;0,0;0,9;0;--
3523,6;0,0;0,7;31,0;1,224;35;0,0;0,0;0,9;0;--
3524,7;0,0;0,7;31,0;1,225;35;0,0;0,0;0,9;0;--
3525,8;0,0;0,7;31,0;1,225;35;0,0;0,0;0,9;0;--
3527,1;0,0;0,6;31,0;1,225;35;0,0;0,0;0,9;0;--
3528,2;0,0;0,7;31,0;1,225;35;0,0;0,0;0,9;0;--
3529,3;0,0;0,7;31,0;1,226;35;0,0;0,0;0,9;0;--
3530,5;0,0;0,7;31,0;1,226;35;0,0;0,0;0,9;0;--
3532,4;0,0;0,6;31,0;1,226;35;0,0;0,0;0,9;0;--
3533,5;0,0;0,7;31,0;1,227;35;0,0;0,0;0,9;0;--
3537,4;0,0;0,7;31,0;1,228;35;0,0;0,0;0,9;0;--
3541,4;0,0;0,7;31,0;1,229;35;0,0;0,0;0,9;0;--
3542,6;0,0;0,7;31,0;1,229;35;0,0;0,0;0,9;0;--
3543,7;0,0;0,8;31,0;1,229;35;0,0;0,0;0,9;0;--
3544,8;0,0;0,7;31,0;1,229;35;0,0;0,0;0,9;0;--
3545,9;0,0;0,7;31,0;1,229;35;0,0;0,0;0,9;0;--
3547,0;0,0;0,7;31,0;1,230;35;0,0;0,0;0,9;0;--
3548,1;0,0;0,8;31,0;1,230;35;0,0;0,0;0,9;0;--
3549,3;0,0;0,7;31,0;1,230;35;0,0;0,0;0,9;0;--
3550,4;0,0;0,7;31,0;1,230;35;0,0;0,0;0,9;0;--
3551,5;0,0;0,8;31,0;1,231;35;0,0;0,0;0,9;0;--
3552,6;0,0;0,7;31,0;1,231;35;0,0;0,0;0,9;0;--
3554,5;0,0;0,7;31,0;1,232;35;0,0;0,0;0,9;0;--
3555,7;0,0;0,6;31,0;1,232;35;0,0;0,0;0,9;0;--
3556,8;0,0;0,7;31,0;1,232;35;0,0;0,0;0,9;0;--
3557,9;0,0;0,7;31,0;1,232;35;0,0;0,0;0,9;0;--
3559,0;0,0;0,7;31,0;1,232;35;0,0;0,0;0,9;0;--
3560,1;0,0;0,7;31,0;1,233;35;0,0;0,0;0,9;0;--
3561,2;0,0;0,7;31,0;1,233;35;0,0;0,0;0,9;0;--
3562,4;0,0;0,6;31,0;1,233;35;0,0;0,0;0,9;0;--
3563,5;0,0;0,7;31,0;1,233;35;0,0;0,0;0,9;0;--
3564,6;0,0;0,7;31,0;1,234;35;0,0;0,0;0,9;0;--
3567,8;0,0;0,6;31,0;1,234;35;0,0;0,0;0,9;0; THRTL
3568,9;0,0;0,6;31,0;1,234;35;0,0;0,0;0,9;0; THRTL
3570,1;0,0;0,7;31,0;1,234;35;0,0;0,0;0,9;0; THRTL
3571,2;0,0;0,5;31,0;1,234;35;0,0;0,0;0,9;0; THRTL
3572,3;0,0;0,7;31,0;1,235;35;0,0;0,0;0,9;0; THRTL
3573,4;0,0;0,4;31,0;1,234;35;0,0;0,0;0,9;0; THRTL
3574,5;0,0;0,7;31,0;1,235;35;0,0;0,0;0,9;0; THRTL
3575,6;0,0;0,0;31,0;1,235;35;0,0;0,0;0,9;0; THRTL
3576,8;0,0;0,7;31,0;1,235;35;0,0;0,0;0,9;0; THRTL
3577,9;0,0;0,0;31,0;1,235;35;0,0;0,0;0,9;0; THRTL
3579,0;0,0;0,6;31,0;1,235;35;0,0;0,0;0,9;0; THRTL
RESET;--;SN;160009B5;BL;25;FW;72;RST CODE;OK;--
RESET;--;SN;160009B5;BL;25;FW;72;RST CODE;OK;--
3582,1;0,0;0,4;33,2;0,000;26;0,0;0,0;0,9;0; THRTL
3583,2;0,0;0,0;33,2;0,000;26;0,0;0,0;0,8;0; THRTL
3586,4;0,0;0,0;33,2;0,000;26;0,0;0,0;0,9;0; THRTL
3587,5;0,0;0,6;33,2;0,000;26;0,0;0,0;0,9;0; THRTL
3588,6;0,0;0,0;33,2;0,000;26;0,0;0,0;0,8;0; THRTL
3589,7;0,0;0,8;33,2;0,000;26;0,0;0,0;0,9;0; THRTL
3590,8;0,0;0,0;33,2;0,000;26;0,0;0,0;0,8;0; THRTL
3593,1;0,0;0,0;33,2;0,000;26;0,0;0,0;0,9;0; THRTL
3594,2;0,0;0,8;33,2;0,000;26;0,0;0,0;0,9;0; THRTL
3595,3;0,0;0,8;33,2;0,000;26;0,0;0,0;0,9;0; THRTL
3596,4;0,0;0,8;33,2;0,000;26;0,0;0,0;0,9;0; THRTL
3597,5;0,0;0,9;33,2;0,001;26;0,0;0,0;0,9;0; THRTL
3598,7;0,0;0,7;33,2;0,000;26;0,0;0,0;0,9;0; THRTL
3599,8;0,0;0,9;33,2;0,001;26;0,0;0,0;0,9;0; THRTL
3600,9;0,0;0,4;33,2;0,000;26;0,0;0,0;0,9;0; THRTL
3602,0;0,0;0,7;33,2;0,001;26;0,0;0,0;0,9;0; THRTL
3603,1;0,0;0,0;33,2;0,001;26;0,0;0,0;0,9;0; THRTL
3604,3;0,0;1,0;33,2;0,001;26;0,0;0,0;0,9;0; THRTL
3605,4;0,0;0,0;33,2;0,001;26;0,0;0,0;0,9;0; THRTL
3606,5;0,0;0,9;33,2;0,001;26;0,0;0,0;0,9;0; THRTL
3607,6;0,0;0,0;33,2;0,001;26;0,0;0,0;0,9;0; THRTL
3608,7;0,0;0,9;33,2;0,001;26;0,0;0,0;0,9;0; THRTL
3609,8;0,0;0,0;33,2;0,001;26;0,0;0,0;0,9;0; THRTL
3611,0;0,0;0,9;33,2;0,001;26;0,0;0,0;0,9;0; THRTL
3612,1;0,0;0,8;33,2;0,002;26;0,0;0,0;0,9;0; THRTL
3613,2;0,0;0,8;33,2;0,002;26;0,0;0,0;0,9;0; THRTL
3614,3;0,0;1,0;33,2;0,002;26;0,0;0,0;0,9;0; THRTL
3615,4;0,0;0,7;33,2;0,002;26;0,0;0,0;0,9;0; THRTL
3616,6;0,0;0,8;33,2;0,002;26;0,0;0,0;0,9;0; THRTL
3617,7;0,0;0,3;33,2;0,002;26;0,0;0,0;0,9;0; THRTL
3618,8;0,0;0,6;33,2;0,002;26;0,0;0,0;0,9;0; THRTL
3619,9;0,0;0,0;33,2;0,002;26;0,0;0,0;0,9;0; THRTL
3621,0;0,0;1,0;33,2;0,002;26;0,0;0,0;0,9;0; THRTL
3622,1;0,0;0,0;33,2;0,003;26;0,0;0,0;0,9;0; THRTL
3623,3;0,0;0,8;33,2;0,002;26;0,0;0,0;0,9;0; THRTL
3624,4;0,0;0,0;33,2;0,003;26;0,0;0,0;0,9;0; THRTL
3625,5;0,0;0,9;33,2;0,003;26;0,0;0,0;0,9;0; THRTL
3626,6;0,0;0,6;33,2;0,003;26;0,0;0,0;0,9;0; THRTL
3627,7;0,0;0,9;33,2;0,003;26;0,0;0,0;0,9;0; THRTL
3628,9;0,0;0,9;33,2;0,003;26;0,0;0,0;0,9;0; THRTL
3630,0;0,0;0,9;33,2;0,003;26;0,0;0,0;0,9;0; THRTL
3631,1;0,0;0,9;33,2;0,003;26;0,0;0,0;0,9;0; THRTL
3632,2;0,0;0,7;33,2;0,003;26;0,0;0,0;0,9;0; THRTL
3633,3;0,0;0,9;33,2;0,003;26;0,0;0,0;0,9;0; THRTL
3634,4;0,0;0,3;33,2;0,003;26;0,0;0,0;0,9;0; THRTL
3635,6;0,0;0,8;33,2;0,004;26;0,0;0,0;0,9;0; THRTL
3636,7;0,0;0,0;33,2;0,004;26;0,0;0,0;0,9;0; THRTL
3637,8;0,0;0,9;33,2;0,004;26;0,0;0,0;0,9;0; THRTL
3638,9;0,0;0,0;33,2;0,004;26;0,0;0,0;0,9;0; THRTL
3640,0;0,0;0,9;33,2;0,004;26;0,0;0,0;0,9;0; THRTL
3641,2;0,0;0,0;33,2;0,004;26;0,0;0,0;0,9;0; THRTL
3642,3;0,0;0,9;33,2;0,004;26;0,0;0,0;0,9;0; THRTL
3643,4;0,0;0,8;33,2;0,004;26;0,0;0,0;0,9;0; THRTL
3644,5;0,0;0,8;33,2;0,004;26;0,0;0,0;0,9;0; THRTL
3645,6;0,0;1,0;33,2;0,004;26;0,0;0,0;0,9;0; THRTL
3646,7;0,0;0,8;33,2;0,004;26;0,0;0,0;0,9;0; THRTL
3647,9;0,0;0,9;33,2;0,005;26;0,0;0,0;0,9;0; THRTL
3649,0;0,0;0,4;33,2;0,005;26;0,0;0,0;0,9;0; THRTL
3650,1;0,0;1,0;33,2;0,005;26;0,0;0,0;0,9;0; THRTL
3651,2;0,0;0,1;33,2;0,005;26;0,0;0,0;0,9;0; THRTL
3652,3;0,0;1,0;33,2;0,005;26;0,0;0,0;0,9;0; THRTL
3653,4;0,0;0,0;33,2;0,005;26;0,0;0,0;0,9;0; THRTL
3654,6;0,0;0,9;33,2;0,005;26;0,0;0,0;0,9;0; THRTL
3655,7;0,0;0,9;33,2;0,005;26;0,0;0,0;0,9;0;--
3656,8;0,0;0,9;33,2;0,006;26;0,0;0,0;0,9;0;--
3658,1;0,0;0,8;33,2;0,006;26;0,0;0,0;0,9;0;--
3659,2;0,0;0,7;33,2;0,006;26;0,0;0,0;0,9;0;--
3660,4;0,0;0,9;33,2;0,007;26;0,0;0,0;0,9;0;--
3661,5;0,0;0,8;33,2;0,007;26;0,0;0,0;0,9;0;--
3662,6;0,0;0,9;33,2;0,007;26;0,0;0,0;0,9;0;--
3663,7;0,0;1,0;33,2;0,008;26;0,0;0,0;0,9;0;--
3664,8;0,0;0,9;33,2;0,008;26;0,0;0,0;0,9;0;--
3665,9;0,0;0,8;33,2;0,008;26;0,0;0,0;0,9;0;--
3667,1;0,0;0,6;33,2;0,009;26;0,0;0,0;0,9;0;--
3668,2;0,0;0,9;33,2;0,009;26;0,0;0,0;0,9;0;--
3669,3;0,0;0,7;33,2;0,009;26;0,0;0,0;0,9;0;--
3670,4;0,0;0,8;33,2;0,009;26;0,0;0,0;0,9;0;--
3671,5;0,0;0,8;33,2;0,010;26;0,0;0,0;0,9;0;--
3672,7;0,0;0,8;33,2;0,010;26;0,0;0,0;0,9;0;--
3673,8;0,0;0,7;33,2;0,010;27;0,0;0,0;0,9;0;--
3674,9;0,0;0,5;33,2;0,011;27;0,0;0,0;0,9;0;--
3676,0;0,0;0,9;33,2;0,011;27;0,0;0,0;0,9;0;--
3677,6;0,0;1,0;33,2;0,011;27;0,0;0,0;0,9;0;--
3678,7;0,0;0,9;33,2;0,012;27;0,0;0,0;0,9;0;--
3679,9;0,0;0,9;33,2;0,012;27;0,0;0,0;0,9;0;--
3681,4;0,0;1,0;33,2;0,012;27;0,0;0,0;0,9;0;--
3682,5;0,0;0,9;33,2;0,013;27;0,0;0,0;0,9;0;--
3683,6;0,0;0,9;33,2;0,013;27;0,0;0,0;0,9;0;--
3684,7;0,0;0,7;33,2;0,013;27;0,0;0,0;0,9;0;--
3685,9;0,0;0,8;33,2;0,014;27;0,0;0,0;0,9;0;--
3687,0;0,0;0,6;33,2;0,014;27;0,0;0,0;0,9;0;--
3688,1;0,0;0,7;33,2;0,014;27;0,0;0,0;0,9;0;--
3689,2;0,0;0,9;33,2;0,014;27;0,0;0,0;0,9;0;--
3690,3;0,0;0,7;33,2;0,014;27;0,0;0,0;0,9;0; THRTL
RESET;--;SN;160009B5;BL;25;FW;72;RST CODE;OK;--
3693,5;0,0;0,6;33,2;0,000;25;0,0;0,0;0,9;0; THRTL
3694,6;0,0;0,0;33,2;0,000;25;0,0;0,0;0,8;0; THRTL
3697,0;0,0;0,0;33,2;0,000;25;0,0;0,0;0,8;0;--
3698,2;0,0;0,9;33,2;0,000;25;0,0;0,0;0,9;0;--
3699,3;0,0;0,6;33,2;0,000;25;0,0;0,0;0,9;0;--
3700,4;0,0;0,8;33,2;0,000;25;0,0;0,0;0,9;0;--
3701,5;0,0;0,5;33,2;0,000;25;0,0;0,0;0,9;0;--
3702,6;0,0;0,5;33,2;0,000;25;0,0;0,0;0,9;0;--
3703,7;0,0;0,6;33,2;0,001;25;0,0;0,0;0,9;0;--
3704,9;0,0;0,8;33,2;0,001;25;0,0;0,0;0,9;0;--
3706,0;0,0;0,8;33,2;0,001;25;0,0;0,0;0,9;0;--
3707,1;0,0;0,8;33,2;0,001;25;0,0;0,0;0,9;0;--
3708,2;0,0;0,9;33,2;0,002;25;0,0;0,0;0,9;0;--
3709,4;0,0;0,8;33,2;0,002;25;0,0;0,0;0,9;0;--
3710,6;0,0;0,9;33,2;0,002;25;0,0;0,0;0,9;0;--
3711,7;0,0;0,9;33,2;0,003;25;0,0;0,0;0,9;0;--
3712,8;0,0;0,9;33,2;0,003;25;0,0;0,0;0,9;0;--
3713,9;0,0;0,8;33,2;0,003;25;0,0;0,0;0,9;0;--
3715,0;0,0;0,9;33,2;0,004;25;0,0;0,0;0,9;0;--
3716,1;0,0;0,8;33,2;0,004;25;0,0;0,0;0,9;0;--
3717,3;0,0;0,8;33,2;0,004;25;0,0;0,0;0,9;0;--
3718,4;0,0;0,8;33,2;0,004;25;0,0;0,0;0,9;0;--
3719,5;0,0;0,8;33,2;0,005;25;0,0;0,0;0,9;0;--
3720,6;0,0;0,9;33,2;0,005;25;0,0;0,0;0,9;0;--
3722,0;0,0;0,9;33,2;0,006;25;0,0;0,0;0,9;0;--
3723,4;0,0;1,0;33,2;0,006;25;0,0;0,0;0,9;0;--
3724,5;0,0;1,0;33,2;0,006;25;0,0;0,0;0,9;0;--
3725,6;0,0;0,9;33,2;0,007;25;0,0;0,0;0,9;0;--
3726,7;0,0;0,9;33,2;0,007;25;0,0;0,0;0,9;0;--
3727,8;0,0;0,9;33,2;0,007;25;0,0;0,0;0,9;0;--
3728,9;0,0;0,7;33,2;0,007;25;0,0;0,0;0,9;0;--
3730,1;0,0;0,9;33,2;0,008;25;0,0;0,0;0,9;0;--
3731,2;0,0;0,8;33,2;0,008;25;0,0;0,0;0,9;0;--
3732,3;0,0;0,8;33,2;0,008;25;0,0;0,0;0,9;0;--
3733,4;0,0;0,8;33,2;0,009;25;0,0;0,0;0,9;0;--
3734,5;0,0;0,9;33,2;0,009;25;0,0;0,0;0,9;0;--
3735,7;0,0;0,9;33,2;0,009;25;0,0;0,0;0,9;0;--
3736,8;0,0;0,9;33,2;0,010;25;0,0;0,0;0,9;0;--
3737,9;0,0;0,6;33,2;0,010;25;0,0;0,0;0,9;0;--
3739,0;0,0;0,9;33,2;0,010;25;0,0;0,0;0,9;0;--
3740,1;0,0;0,8;33,2;0,010;25;0,0;0,0;0,9;0;--
3741,2;0,0;0,9;33,2;0,011;25;0,0;0,0;0,9;0;--
3742,4;0,0;0,9;33,2;0,011;25;0,0;0,0;0,9;0;--
3743,5;0,0;0,9;33,2;0,011;25;0,0;0,0;0,9;0;--
3744,6;0,0;0,8;33,2;0,011;25;0,0;0,0;0,9;0;--
3745,7;0,0;0,7;33,2;0,012;25;0,0;0,0;0,9;0;--
3746,8;0,0;0,9;33,2;0,012;25;0,0;0,0;0,9;0;--
3748,0;0,0;0,8;33,2;0,012;25;0,0;0,0;0,9;0;--
3749,1;0,0;0,5;33,2;0,013;25;0,0;0,0;0,9;0;--
3750,2;0,0;0,7;33,2;0,013;25;0,0;0,0;0,9;0;--
3752,4;0,0;0,5;33,2;0,013;25;0,0;0,0;0,9;0;--
3753,5;0,0;0,7;33,2;0,014;25;0,0;0,0;0,9;0;--
3754,7;0,0;0,9;33,2;0,014;25;0,0;0,0;0,9;0;--
3755,8;0,0;0,7;33,2;0,014;25;0,0;0,0;0,9;0;--
3756,9;0,0;1,0;33,2;0,014;25;0,0;0,0;0,9;0;--
3758,0;0,0;0,9;33,2;0,015;25;0,0;0,0;0,9;0;--
3759,1;0,0;0,9;33,2;0,015;25;0,0;0,0;0,9;0;--
3760,3;0,0;0,9;33,2;0,015;25;0,0;0,0;0,9;0;--
3761,4;0,0;0,9;33,2;0,016;25;0,0;0,0;0,9;0;--
3762,5;0,0;0,9;33,2;0,016;25;0,0;0,0;0,9;0;--
3763,6;0,0;0,8;33,2;0,016;25;0,0;0,0;0,9;0;--
3764,7;0,0;0,9;33,2;0,017;25;0,0;0,0;0,9;0;--
3765,8;0,0;0,8;33,2;0,017;25;0,0;0,0;0,9;0;--
3767,0;0,0;0,8;33,2;0,017;25;0,0;0,0;0,9;0;--
3768,1;0,0;0,8;33,2;0,018;25;0,0;0,0;0,9;0;--
3769,2;0,0;0,7;33,2;0,018;25;0,0;0,0;0,9;0;--
3770,3;0,0;0,6;33,2;0,018;25;0,0;0,0;0,9;0;--
3771,4;0,0;0,7;33,2;0,018;25;0,0;0,0;0,9;0;--
3772,6;0,0;0,5;33,2;0,019;25;0,0;0,0;0,9;0;--
3773,7;0,0;0,9;33,2;0,019;25;0,0;0,0;0,9;0;--
3774,8;0,0;0,9;33,2;0,019;25;0,0;0,0;0,9;0;--
3775,9;0,0;0,9;33,2;0,020;25;0,0;0,0;0,9;0;--
3777,9;0,0;1,0;33,2;0,020;25;0,0;0,0;0,9;0;--
3779,0;0,0;1,0;33,2;0,020;25;0,0;0,0;0,9;0;--
3780,2;0,0;0,9;33,2;0,021;25;0,0;0,0;0,9;0;--
3781,3;0,0;0,9;33,2;0,021;25;0,0;0,0;0,9;0;--
3783,0;0,0;0,9;33,2;0,022;25;0,0;0,0;0,9;0;--
3784,1;0,0;0,9;33,2;0,022;25;0,0;0,0;0,9;0;--
3786,5;0,0;0,9;33,2;0,023;25;0,0;0,0;0,9;0;--
3787,7;0,0;0,9;33,2;0,023;25;0,0;0,0;0,9;0;--
3789,2;0,0;1,0;33,2;0,023;25;0,0;0,0;0,9;0;--
3790,3;0,0;1,0;33,2;0,024;25;0,0;0,0;0,9;0;--
3791,4;0,0;0,6;33,2;0,024;25;0,0;0,0;0,9;0;--
3792,5;0,0;0,7;33,2;0,024;25;0,0;0,0;0,9;0;--
3793,6;0,0;0,9;33,2;0,024;25;0,0;0,0;0,9;0;--
3794,8;0,0;0,9;33,2;0,025;25;0,0;0,0;0,9;0;--
3796,2;0,0;1,0;33,2;0,025;25;0,0;0,0;0,9;0;--
3797,3;0,0;0,7;33,2;0,025;25;0,0;0,0;0,9;0;--
3798,4;0,0;0,8;33,2;0,026;25;0,0;0,0;0,9;0;--
3799,5;0,0;0,9;33,2;0,026;25;0,0;0,0;0,9;0;--
3800,7;0,0;0,7;33,2;0,026;25;0,0;0,0;0,9;0;--
3801,8;0,0;0,9;33,2;0,027;25;0,0;0,0;0,9;0;--
3802,9;0,0;0,9;33,2;0,027;25;0,0;0,0;0,9;0;--
3804,0;0,0;0,9;33,2;0,027;25;0,0;0,0;0,9;0;--
3805,1;0,0;1,0;33,2;0,028;25;0,0;0,0;0,9;0;--
3806,2;0,0;0,8;33,2;0,028;25;0,0;0,0;0,9;0;--
3807,4;0,0;0,8;33,2;0,028;25;0,0;0,0;0,9;0;--
3808,5;0,0;0,9;33,2;0,028;25;0,0;0,0;0,9;0;--
3809,6;0,0;0,9;33,2;0,029;25;0,0;0,0;0,9;0;--
3811,5;0,0;0,8;33,2;0,029;25;0,0;0,0;0,9;0;--
3812,6;0,0;0,9;33,2;0,030;25;0,0;0,0;0,9;0;--
3813,8;0,0;0,8;33,2;0,030;25;0,0;0,0;0,9;0;--
3814,9;0,0;1,0;33,2;0,030;25;0,0;0,0;0,9;0;--
3816,0;0,0;0,9;33,2;0,031;25;0,0;0,0;0,9;0;--
3817,1;0,0;0,9;33,2;0,031;25;0,0;0,0;0,9;0;--
3819,4;0,0;1,0;33,2;0,031;25;0,0;0,0;0,9;0;--
3820,5;0,0;0,9;33,2;0,032;25;0,0;0,0;0,9;0;--
3821,7;0,0;0,9;33,2;0,032;25;0,0;0,0;0,9;0;--
3822,8;0,0;0,9;33,2;0,032;25;0,0;0,0;0,9;0;--
3823,9;0,0;0,7;33,2;0,033;25;0,0;0,0;0,9;0;--
3825,0;0,0;0,9;33,2;0,033;25;0,0;0,0;0,9;0;--
3826,1;0,0;0,9;33,2;0,033;25;0,0;0,0;0,9;0;--
3827,3;0,0;0,9;33,2;0,034;25;0,0;0,0;0,9;0;--
3828,4;0,0;1,0;33,2;0,034;25;0,0;0,0;0,9;0;--
3829,5;0,0;0,9;33,2;0,034;25;0,0;0,0;0,9;0;--
3830,6;0,0;0,9;33,2;0,035;25;0,0;0,0;0,9;0;--
3831,7;0,0;1,0;33,2;0,035;25;0,0;0,0;0,9;0;--
3832,8;0,0;0,9;33,2;0,035;25;0,0;0,0;0,9;0;--
3834,0;0,0;0,9;33,2;0,036;25;0,0;0,0;0,9;0;--
3835,1;0,0;0,6;33,2;0,036;25;0,0;0,0;0,9;0;--
3836,2;0,0;0,6;33,2;0,036;25;0,0;0,0;0,9;0;--
3837,3;0,0;0,7;33,2;0,036;25;0,0;0,0;0,9;0;--
3838,4;0,0;0,7;33,2;0,037;25;0,0;0,0;0,9;0;--
3839,6;0,0;0,8;33,2;0,037;25;0,0;0,0;0,9;0;--
3840,7;0,0;0,6;33,2;0,037;25;0,0;0,0;0,9;0;--
3841,8;0,0;0,6;33,2;0,037;25;0,0;0,0;0,9;0;--
3842,9;0,0;0,9;33,2;0,038;25;0,0;0,0;0,9;0;--
3844,0;0,0;0,9;33,2;0,038;25;0,0;0,0;0,9;0;--
3845,1;0,0;1,0;33,2;0,038;25;0,0;0,0;0,9;0;--
3846,3;0,0;1,0;33,2;0,039;25;0,0;0,0;0,9;0;--
3847,4;0,0;0,5;33,2;0,039;25;0,0;0,0;0,9;0;--
3848,5;0,0;0,5;33,2;0,039;25;0,0;0,0;0,9;0;--
3849,6;0,0;0,5;33,2;0,039;25;0,0;0,0;0,9;0;--
3850,7;0,0;0,4;33,2;0,039;25;0,0;0,0;0,9;0;--
3851,9;0,0;0,5;33,2;0,040;25;0,0;0,0;0,9;0;--
3853,0;0,0;0,5;33,2;0,040;25;0,0;0,0;0,9;0;--
3854,1;0,0;0,7;33,2;0,040;25;0,0;0,0;0,9;0;--
3855,2;4,0;0,9;33,2;0,040;25;3,5;0,0;0,9;2800;--
3855,4;7,5;1,3;33,2;0,040;25;7,5;0,0;0,9;4775;--
3855,6;0,0;0,8;33,2;0,041;25;0,0;0,0;0,9;5260;--
3855,9;0,0;0,5;33,2;0,041;25;0,0;0,0;0,8;4710;--
3856,1;0,0;0,6;33,2;0,041;25;0,0;0,0;0,8;4295;--
3856,3;0,0;0,4;33,2;0,041;25;0,0;0,0;0,8;3935;--
3856,5;0,0;0,3;33,1;0,041;25;0,0;0,0;0,8;3630;--
3856,7;0,0;0,2;33,1;0,041;25;0,0;0,0;0,8;3370;--
3857,0;0,0;0,4;33,2;0,041;25;0,0;0,0;0,8;3115;--
3857,2;0,0;0,4;33,2;0,041;25;0,0;0,0;0,8;2865;--
3857,4;0,0;0,4;33,2;0,041;25;0,0;0,0;0,8;2630;--
3857,6;0,0;0,6;33,2;0,041;25;0,0;0,0;0,8;2420;--
3857,8;0,0;0,6;33,2;0,041;25;0,0;0,0;0,8;2215;--
3858,0;0,0;0,7;33,2;0,041;25;0,0;0,0;0,8;2010;--
3858,3;0,0;0,7;33,2;0,041;25;0,0;0,0;0,8;1815;--
3858,5;0,0;0,8;33,2;0,041;25;0,0;0,0;0,8;1615;--
3858,7;0,0;0,8;33,2;0,041;25;0,0;0,0;0,8;1430;--
3858,9;0,0;0,6;33,2;0,041;25;0,0;0,0;0,8;1255;--
3859,1;0,0;0,5;33,2;0,041;25;0,0;0,0;0,9;1095;--
3859,4;0,0;0,7;33,2;0,041;25;0,0;0,0;0,9;950;--
3860,5;0,0;0,9;33,2;0,041;25;0,0;0,0;0,9;0;--
3861,6;0,0;1,0;33,2;0,042;25;0,0;0,0;0,9;0;--
3862,7;0,0;0,9;33,2;0,042;25;0,0;0,0;0,9;0;--
3863,8;0,0;0,6;33,2;0,042;25;0,0;0,0;0,9;0;--
3864,9;0,0;0,8;33,2;0,043;25;0,0;0,0;0,9;0;--
3866,1;0,0;0,6;33,2;0,043;25;0,0;0,0;0,9;0;--
3867,2;0,0;0,9;33,2;0,043;25;0,0;0,0;0,9;0;--
3868,3;0,0;0,6;33,2;0,043;25;0,0;0,0;0,9;0;--
3869,4;0,0;0,4;33,2;0,044;25;0,0;0,0;0,9;0;--
3870,5;0,0;0,5;33,2;0,044;25;0,0;0,0;0,9;0;--
3871,7;0,0;0,3;33,2;0,044;25;0,0;0,0;0,9;0;--
3872,8;0,0;0,7;33,2;0,044;25;0,0;0,0;0,9;0;--
3873,9;0,0;0,6;33,2;0,044;25;0,0;0,0;0,9;0;--
3875,0;0,0;0,8;33,2;0,045;25;0,0;0,0;0,9;0;--
3876,1;0,0;0,6;33,2;0,045;25;0,0;0,0;0,9;0;--
3877,2;0,0;0,6;33,2;0,045;25;0,0;0,0;0,9;0;--
3878,4;0,0;0,8;33,2;0,045;25;0,0;0,0;0,9;0;--
3879,5;0,0;0,5;33,2;0,046;25;0,0;0,0;0,9;0;--
3880,6;0,0;0,8;33,2;0,046;25;0,0;0,0;0,9;0;--
3881,7;0,0;0,9;33,2;0,046;25;0,0;0,0;0,9;0;--
3882,8;0,0;0,6;33,2;0,046;25;0,0;0,0;0,9;0;--
3884,0;0,0;0,9;33,2;0,047;25;0,0;0,0;0,9;0;--
3885,1;0,0;0,3;33,2;0,047;25;0,0;0,0;0,9;0;--
3886,2;0,0;0,9;33,2;0,047;25;0,0;0,0;0,9;0;--
3886,9;6,5;1,1;33,2;0,047;25;6,5;0,0;0,9;1100;--
3887,1;11,0;1,5;33,1;0,047;26;11,0;0,0;0,9;7820;--
3887,3;10,5;1,3;33,1;0,047;26;10,5;0,0;0,9;8270;--
3887,6;17,0;1,7;33,1;0,047;26;16,5;0,0;0,9;9200;--
3887,8;22,5;3,8;33,1;0,048;26;22,5;8,0;0,9;15145;--
3888,0;27,0;4,3;33,0;0,048;26;26,5;8,7;0,9;17095;--
3888,2;28,0;5,2;33,0;0,048;26;28,0;11,4;0,9;19065;--
3888,4;35,5;7,2;32,9;0,049;26;35,0;14,9;0,9;21955;--
3888,7;39,0;10,7;32,8;0,049;26;39,0;22,3;0,9;25415;--
3889,1;39,5;11,1;32,8;0,050;26;39,5;23,0;0,9;25855;--
3889,3;41,0;12,0;32,7;0,052;26;41,0;24,4;0,9;26580;--
3889,5;40,5;12,0;32,7;0,052;26;40,5;24,7;0,9;26530;--
3889,8;44,0;13,3;32,6;0,052;26;44,0;25,7;0,9;27750;--
3890,0;49,0;15,7;32,5;0,054;26;49,0;28,0;0,8;29690;--
3890,2;52,0;20,1;32,3;0,054;26;52,0;34,8;0,8;32360;--
3890,4;52,0;21,0;32,3;0,057;26;52,0;36,5;0,8;32565;--
3890,6;52,5;21,3;32,3;0,057;26;52,5;36,8;0,8;32575;--
3890,8;52,5;21,4;32,2;0,060;26;52,5;37,0;0,8;32565;--
3891,1;55,5;23,0;32,1;0,060;26;55,5;37,8;0,8;33785;--
3891,3;57,0;24,9;32,0;0,060;26;57,0;40,2;0,8;34785;--
3891,5;61,5;27,9;31,9;0,064;26;61,5;42,1;0,8;36360;--
3891,7;64,0;32,1;31,7;0,064;26;64,0;47,0;0,8;38035;--
3891,9;65,5;34,5;31,6;0,069;26;65,5;49,6;0,8;38720;--
3892,2;68,5;37,6;31,4;0,069;26;68,5;52,0;0,8;40020;--
3892,4;73,0;42,7;31,2;0,069;26;73,0;55,8;0,8;42050;--
3892,6;74,5;46,3;31,0;0,075;26;74,5;59,5;0,8;42940;--
3892,8;75,5;48,4;30,9;0,075;27;75,5;61,5;0,8;43420;--
3893,0;75,0;48,6;30,9;0,083;27;75,0;62,1;0,8;43350;--
3893,2;75,0;48,1;30,9;0,083;27;75,0;61,5;0,8;43295;--
3893,5;75,0;47,4;30,8;0,090;27;75,0;60,5;0,8;43420;--
3893,7;75,0;46,7;30,8;0,090;27;75,0;59,6;0,8;43640;--
3893,9;75,0;45,2;30,9;0,090;27;75,0;57,6;0,8;43825;--
3894,1;75,0;44,3;30,8;0,097;27;75,0;56,4;0,8;43885;--
3894,3;75,0;43,6;30,8;0,097;27;75,0;55,5;0,8;44275;--
3894,6;75,0;41,9;30,9;0,103;27;75,0;53,2;0,8;44575;--
3894,8;75,0;41,1;30,9;0,103;27;75,0;52,1;0,8;44625;--
3895,0;75,0;40,9;30,9;0,109;27;75,0;51,9;0,8;44555;--
3895,2;75,0;40,7;30,9;0,109;28;75,0;51,6;0,8;44615;--
3895,4;75,0;40,3;30,9;0,109;28;75,0;51,1;0,8;44750;--
3895,6;75,0;39,8;30,9;0,115;28;75,0;50,4;0,8;44735;--
3895,9;75,0;40,0;30,9;0,115;28;75,0;50,7;0,8;44545;--
3896,1;75,0;40,3;30,8;0,121;28;75,0;51,1;0,8;44475;--
3896,3;75,0;40,6;30,8;0,121;28;75,0;51,5;0,8;44380;--
3896,5;75,0;40,9;30,8;0,128;28;75,0;51,9;0,8;44235;--
3896,7;75,0;41,4;30,8;0,128;28;75,0;52,5;0,8;44165;--
3897,0;75,0;41,6;30,7;0,128;28;75,0;52,8;0,8;44045;--
3897,2;75,0;41,7;30,7;0,134;28;75,0;52,9;0,8;44065;--
3897,4;75,0;41,9;30,7;0,134;28;75,0;53,2;0,8;43970;--
3897,6;75,0;42,1;30,6;0,140;28;75,0;53,5;0,8;43925;--
3897,8;75,0;42,1;30,6;0,140;28;75,0;53,5;0,8;43890;--
3898,0;75,0;42,2;30,6;0,147;28;75,0;53,6;0,8;43865;--
3898,3;75,0;42,2;30,6;0,147;28;75,0;53,6;0,8;43775;--
3898,5;75,0;42,2;30,6;0,147;29;75,0;53,6;0,8;43820;--
3898,7;75,0;42,2;30,6;0,153;29;75,0;53,6;0,8;43865;--
3898,9;75,0;41,9;30,6;0,153;29;75,0;53,2;0,8;43945;--
3899,1;75,0;41,8;30,6;0,159;29;75,0;53,1;0,8;43895;--
3899,4;75,0;41,5;30,6;0,159;29;75,0;52,7;0,8;43960;--
3899,6;75,5;41,6;30,6;0,166;29;75,5;52,5;0,8;44005;--
3899,8;80,5;45,9;30,4;0,166;29;80,0;54,9;0,8;45740;--
3900,0;81,5;49,6;30,2;0,166;29;81,0;58,8;0,8;46380;--
3900,2;81,0;50,8;30,2;0,173;29;81,5;59,9;0,8;46445;--
3900,4;83,0;51,2;30,2;0,173;29;82,5;59,6;0,8;46670;--
3900,7;84,5;54,4;30,0;0,181;29;84,5;62,0;0,7;47590;--
3900,9;84,5;56,0;30,0;0,181;29;84,5;63,9;0,7;47705;--
3901,1;83,5;56,3;29,9;0,189;29;84,0;64,6;0,7;47595;--
3901,3;81,0;52,5;30,0;0,189;29;81,0;62,3;0,8;46395;--
3901,5;80,5;50,4;30,1;0,189;30;80,5;60,1;0,8;46050;--
3901,8;80,5;50,0;30,1;0,197;30;80,5;59,6;0,8;45945;--
3902,0;80,5;49,4;30,1;0,197;30;80,5;58,9;0,8;46000;--
3902,2;80,5;49,4;30,1;0,204;30;80,5;58,9;0,8;46005;--
3902,4;80,5;49,1;30,1;0,204;30;80,5;58,5;0,8;46005;--
3902,6;80,5;49,1;30,1;0,204;30;80,5;58,5;0,8;46010;--
3902,8;75,5;44,4;30,2;0,212;30;75,5;56,2;0,8;44310;--
3903,1;75,0;41,6;30,3;0,212;30;75,0;52,8;0,8;43890;--
3903,3;75,0;40,8;30,3;0,218;30;75,0;51,7;0,8;43670;--
3903,5;74,0;40,2;30,4;0,218;30;74,0;51,6;0,8;43310;--
3903,7;69,0;36,3;30,5;0,224;30;69,0;49,7;0,8;41455;--
3903,9;69,0;33,9;30,6;0,224;30;69,0;46,2;0,8;40860;--
3904,2;69,0;33,8;30,6;0,224;30;69,0;46,1;0,8;40905;--
3904,4;69,5;33,7;30,6;0,229;30;69,5;45,6;0,8;41105;--
3904,6;69,5;33,5;30,7;0,229;30;69,5;45,3;0,8;41145;--
3904,8;69,0;33,3;30,7;0,234;30;69,0;45,4;0,8;41075;--
3905,0;69,0;33,2;30,7;0,234;30;69,0;45,2;0,8;41110;--
3905,2;69,0;33,1;30,7;0,239;30;69,0;45,1;0,8;41120;--
3905,5;69,0;32,4;30,7;0,239;30;69,0;44,1;0,8;41400;--
3905,7;69,0;31,2;30,7;0,239;30;69,0;42,3;0,8;41490;--
3905,9;69,0;31,0;30,7;0,244;31;69,0;42,0;0,8;41485;--
3906,1;69,0;31,2;30,7;0,244;31;69,0;42,3;0,8;41355;--
3906,3;69,0;30,9;30,7;0,248;31;69,0;41,9;0,8;41575;--
3906,6;69,0;30,7;30,8;0,248;31;69,0;41,6;0,8;41555;--
3906,8;69,0;30,7;30,8;0,253;31;69,0;41,6;0,8;41510;--
3907,0;69,0;31,0;30,8;0,253;31;69,0;42,0;0,8;41420;--
3907,2;69,0;31,4;30,7;0,253;31;69,0;42,6;0,8;41305;--
3907,4;69,0;31,4;30,7;0,258;31;69,0;42,6;0,8;41550;--
3907,6;69,0;31,0;30,8;0,258;31;69,0;42,0;0,8;41510;--
3907,9;69,0;31,0;30,8;0,262;31;69,0;42,0;0,8;41495;--
3908,1;69,0;31,2;30,8;0,262;31;69,0;42,3;0,8;41475;--
3908,3;69,0;31,1;30,8;0,267;31;69,0;42,2;0,8;41515;--
3908,5;69,0;31,2;30,8;0,267;31;69,0;42,3;0,8;41440;--
3908,7;69,0;31,2;30,8;0,267;31;69,0;42,3;0,8;41575;--
3909,0;69,0;30,7;30,8;0,272;31;69,0;41,6;0,8;41560;--
3909,2;69,0;30,6;30,8;0,272;31;69,0;41,4;0,8;41570;--
3909,4;69,0;30,6;30,8;0,276;31;69,0;41,4;0,8;41695;--
3909,6;69,0;30,5;30,8;0,276;31;69,0;41,3;0,8;41630;--
3909,8;69,0;30,3;30,8;0,276;31;69,0;41,0;0,8;41690;--
3910,1;69,0;30,3;30,8;0,281;31;69,0;41,0;0,8;41655;--
3910,3;69,0;29,9;30,8;0,281;31;69,0;40,4;0,8;41795;--
3910,5;69,0;29,6;30,8;0,286;31;69,0;40,0;0,8;41865;--
3910,7;69,0;29,4;30,8;0,286;31;69,0;39,7;0,8;41885;--
3910,9;69,0;29,7;30,8;0,290;31;69,0;40,1;0,8;41730;--
3911,1;69,0;29,8;30,8;0,290;31;69,0;40,3;0,8;41760;--
3911,4;64,0;25,8;30,9;0,290;31;64,0;37,2;0,8;39865;--
3911,6;63,5;23,2;31,0;0,294;31;64,0;33,1;0,8;39685;--
3911,8;64,0;22,4;31,1;0,294;31;64,0;31,9;0,8;39695;--
3912,0;64,0;22,0;31,1;0,297;31;64,0;31,3;0,8;39660;--
3912,2;64,0;22,2;31,1;0,297;31;64,0;31,6;0,8;39580;--
3912,5;64,0;22,7;31,1;0,301;31;64,0;32,3;0,8;39420;--
3912,7;64,0;23,0;31,1;0,301;31;64,0;32,8;0,8;39415;--
3912,9;64,0;23,2;31,1;0,301;31;64,0;33,1;0,8;39430;--
3913,1;64,0;23,1;31,1;0,304;31;64,0;33,0;0,8;39500;--
3913,3;64,0;23,0;31,1;0,304;31;64,0;32,8;0,8;39445;--
3913,5;64,0;23,1;31,1;0,308;31;64,0;33,0;0,8;39435;--
3913,8;64,0;23,1;31,1;0,308;31;64,0;33,0;0,8;39540;--
3914,0;64,0;22,9;31,1;0,311;31;64,0;32,7;0,8;39510;--
3914,2;64,0;22,7;31,1;0,311;31;64,0;32,3;0,8;39580;--
3914,4;64,0;22,9;31,1;0,311;31;64,0;32,7;0,8;39600;--
3914,6;64,0;22,7;31,1;0,315;31;64,0;32,3;0,8;39650;--
3914,9;64,0;22,7;31,1;0,315;31;64,0;32,3;0,8;39525;--
3915,1;64,0;23,1;31,1;0,318;31;64,0;33,0;0,8;39535;--
3915,3;64,0;23,0;31,1;0,318;31;64,0;32,8;0,8;39515;--
3915,5;64,0;23,1;31,1;0,322;31;64,0;33,0;0,8;39370;--
3915,7;64,0;23,1;31,1;0,322;31;64,0;33,0;0,8;39510;--
3915,9;64,0;22,9;31,1;0,322;31;64,0;32,7;0,8;39560;--
3916,2;64,0;22,9;31,1;0,325;31;64,0;32,7;0,8;39380;--
3916,4;64,0;23,1;31,1;0,325;31;64,0;33,0;0,8;39625;--
3916,6;64,0;22,6;31,1;0,329;31;64,0;32,2;0,8;39755;--
3916,8;64,0;22,3;31,1;0,329;31;64,0;31,7;0,8;39815;--
3917,0;64,0;22,2;31,1;0,332;31;64,0;31,6;0,8;39715;--
3917,3;64,0;22,5;31,1;0,332;31;64,0;32,0;0,8;39605;--
3917,5;64,0;22,9;31,1;0,332;31;64,0;32,7;0,8;39510;--
3917,7;64,0;23,0;31,1;0,335;31;64,0;32,8;0,8;39460;--
3917,9;64,0;23,0;31,1;0,335;31;64,0;32,8;0,8;39405;--
3918,1;64,0;23,4;31,1;0,339;31;64,0;33,4;0,8;39335;--
3918,3;64,0;23,5;31,1;0,339;31;64,0;33,6;0,8;39320;--
3918,6;64,0;23,7;31,1;0,339;31;64,0;33,9;0,8;39260;--
3918,8;64,0;23,9;31,1;0,342;31;64,0;34,2;0,8;39310;--
3919,0;64,0;24,3;31,1;0,342;31;64,0;34,8;0,8;39090;--
3919,4;63,5;24,7;31,1;0,346;31;64,0;35,5;0,8;39105;--
3919,7;57,5;21,6;31,2;0,350;31;58,0;33,8;0,8;37055;--
3919,9;53,5;17,5;31,3;0,350;31;53,5;29,0;0,9;35175;--
3920,1;52,0;14,0;31,4;0,350;31;52,0;23,1;0,9;33465;--
3920,3;52,0;13,3;31,4;0,352;31;52,0;21,7;0,9;33295;--
3920,5;52,0;13,4;31,4;0,352;31;52,0;21,9;0,9;33240;--
3920,7;52,0;13,3;31,5;0,354;31;52,0;21,7;0,9;33370;--
3921,0;52,0;13,2;31,5;0,354;31;52,0;21,5;0,8;33330;--
3921,2;52,0;13,3;31,5;0,356;31;52,0;21,7;0,9;33300;--
3921,4;52,0;13,7;31,5;0,356;31;52,0;22,5;0,9;33090;--
3921,6;52,0;14,1;31,5;0,356;31;52,0;23,3;0,9;33075;--
3921,8;52,0;14,2;31,5;0,358;31;52,0;23,5;0,9;33005;--
3922,1;52,0;14,3;31,5;0,358;31;52,0;23,7;0,9;32945;--
3922,3;52,0;14,4;31,5;0,360;31;52,0;23,8;0,9;32955;--
3922,5;52,0;14,3;31,5;0,360;31;52,0;23,7;0,9;33180;--
3922,7;52,0;14,1;31,5;0,362;31;52,0;23,3;0,9;33040;--
3922,9;52,0;14,2;31,5;0,362;31;52,0;23,5;0,9;33065;--
3923,1;52,0;14,1;31,5;0,362;31;52,0;23,3;0,9;33200;--
3923,4;52,0;14,0;31,5;0,364;31;52,0;23,1;0,9;33195;--
3923,6;52,0;14,2;31,5;0,364;31;52,0;23,5;0,9;33045;--
3923,8;52,0;14,1;31,5;0,367;31;52,0;23,3;0,9;33215;--
3924,0;52,0;13,6;31,5;0,367;31;52,0;22,3;0,9;33450;--
3924,2;52,0;13,4;31,5;0,369;31;52,0;21,9;0,9;33500;--
3924,5;52,0;13,2;31,5;0,369;31;52,0;21,5;0,9;33425;--
3924,7;52,0;13,3;31,5;0,369;31;52,0;21,7;0,9;33310;--
3924,9;52,0;13,3;31,5;0,371;31;52,0;21,7;0,9;33520;--
3925,1;52,0;12,5;31,6;0,371;31;52,0;20,2;0,9;33685;--
3925,3;52,0;12,6;31,6;0,373;31;52,0;20,4;0,9;33695;--
3925,6;52,0;12,4;31,6;0,373;31;52,0;20,0;0,9;33815;--
3925,8;52,0;12,5;31,6;0,373;31;52,0;20,2;0,9;33665;--
3926,0;52,0;12,5;31,6;0,374;31;52,0;20,2;0,9;33665;--
3926,2;51,5;12,5;31,6;0,374;31;51,5;20,4;0,9;33645;--
3926,4;51,5;12,3;31,6;0,376;31;51,5;20,0;0,9;33750;--
3926,6;51,5;12,1;31,6;0,376;31;51,5;19,6;0,9;33655;--
3926,9;51,5;12,2;31,6;0,378;31;51,5;19,8;0,8;33655;--
3927,1;52,0;12,0;31,6;0,378;31;52,0;19,2;0,9;33805;--
3927,3;52,0;12,0;31,6;0,378;31;52,0;19,2;0,9;33985;--
3927,5;52,0;11,4;31,6;0,380;31;52,0;18,1;0,9;34045;--
3927,7;52,0;11,1;31,7;0,380;31;52,0;17,5;0,9;34210;--
3928,0;52,0;10,8;31,7;0,382;31;52,0;16,9;0,9;34190;--
3928,2;52,0;10,8;31,7;0,382;31;52,0;16,9;0,8;34185;--
3928,4;52,0;10,5;31,7;0,383;31;52,0;16,3;0,9;34260;--
3928,6;52,0;10,8;31,7;0,383;31;52,0;16,9;0,9;34035;--
3928,8;52,0;11,4;31,7;0,383;31;52,0;18,1;0,8;33930;--
3929,0;52,0;11,6;31,7;0,385;31;52,0;18,5;0,8;34045;--
3929,3;52,0;11,4;31,7;0,385;31;52,0;18,1;0,8;34040;--
3929,5;52,0;11,3;31,7;0,387;31;52,0;17,9;0,9;34140;--
3929,7;52,0;11,3;31,7;0,387;31;52,0;17,9;0,9;34000;--
3929,9;52,0;11,7;31,7;0,388;31;52,0;18,7;0,8;33880;--
3930,1;52,0;11,7;31,7;0,388;31;52,0;18,7;0,8;33930;--
3930,4;52,0;12,1;31,7;0,388;31;52,0;19,4;0,8;33695;--
3930,6;52,0;12,8;31,6;0,390;31;52,0;20,8;0,8;33410;--
3930,8;52,0;13,3;31,6;0,390;31;52,0;21,7;0,9;33445;--
3931,0;52,0;13,5;31,6;0,392;31;52,0;22,1;0,9;33465;--
3931,2;52,0;13,5;31,6;0,392;31;52,0;22,1;0,9;33380;--
3931,4;52,0;13,7;31,6;0,394;31;52,0;22,5;0,9;33365;--
3931,7;52,0;14,0;31,6;0,394;31;52,0;23,1;0,9;33265;--
3931,9;52,0;13,6;31,6;0,394;31;52,0;22,3;0,9;33480;--
3932,1;52,0;13,6;31,6;0,396;31;52,0;22,3;0,9;33385;--
3932,3;52,0;13,6;31,6;0,396;31;52,0;22,3;0,9;33390;--
3932,5;52,0;13,7;31,6;0,398;31;52,0;22,5;0,9;33425;--
3932,8;52,0;13,5;31,6;0,398;31;52,0;22,1;0,9;33585;--
3933,0;52,0;13,2;31,6;0,401;31;52,0;21,5;0,9;33570;--
3933,2;52,0;13,1;31,6;0,401;31;52,0;21,3;0,9;33610;--
3933,4;52,0;13,1;31,6;0,401;31;52,0;21,3;0,9;33520;--
3933,6;52,0;13,2;31,6;0,402;31;52,0;21,5;0,9;33565;--
3933,8;52,0;13,0;31,6;0,402;31;52,0;21,2;0,9;33595;--
3934,1;52,0;12,8;31,6;0,404;31;52,0;20,8;0,9;33700;--
3934,3;52,0;12,9;31,6;0,404;31;52,0;21,0;0,9;33585;--
3934,5;52,0;13,0;31,6;0,404;31;52,0;21,2;0,9;33675;--
3934,7;56,0;14,6;31,5;0,406;31;56,0;22,5;0,8;34555;--
3934,9;57,5;18,3;31,4;0,406;31;57,5;28,3;0,8;36275;--
3935,2;57,5;19,0;31,4;0,409;31;57,5;29,6;0,8;36315;--
3935,4;57,5;18,8;31,4;0,409;31;57,5;29,2;0,8;36350;--
3935,6;57,5;18,9;31,4;0,412;31;57,5;29,4;0,8;36305;--
3935,8;57,5;18,7;31,4;0,412;31;57,5;29,0;0,9;36390;--
3936,0;57,5;18,5;31,4;0,412;31;57,5;28,7;0,9;36440;--
3936,2;57,5;18,4;31,4;0,415;31;57,5;28,5;0,9;36350;--
3936,5;57,5;18,2;31,4;0,415;31;57,5;28,2;0,9;36440;--
3936,7;57,5;17,9;31,4;0,418;31;57,5;27,7;0,9;36335;--
3936,9;57,5;17,6;31,4;0,418;31;57,5;27,1;0,9;36525;--
3937,1;57,5;17,4;31,4;0,420;31;57,5;26,8;0,9;36475;--
3937,3;57,5;17,4;31,4;0,420;31;57,5;26,8;0,9;36470;--
3937,6;57,5;17,4;31,4;0,420;31;57,5;26,8;0,9;36480;--
3937,8;57,5;17,6;31,4;0,423;31;57,5;27,1;0,9;36265;--
3938,0;57,5;17,7;31,4;0,423;31;57,5;27,3;0,9;36490;--
3938,2;57,5;17,9;31,4;0,425;31;57,5;27,7;0,9;36250;--
3938,4;57,5;18,5;31,3;0,425;31;57,5;28,7;0,9;36105;--
3938,6;57,5;19,3;31,3;0,428;31;57,5;30,1;0,8;35910;--
3938,9;57,5;19,8;31,3;0,428;31;57,5;31,0;0,8;35890;--
3939,1;57,5;20,0;31,3;0,428;31;57,5;31,3;0,8;35910;--
3939,3;57,5;20,1;31,3;0,431;31;57,5;31,5;0,8;35800;--
3939,5;57,5;20,0;31,3;0,431;31;57,5;31,3;0,9;35945;--
3939,7;57,5;20,0;31,3;0,434;31;57,5;31,3;0,8;35820;--
3940,0;57,5;19,9;31,3;0,434;31;57,5;31,1;0,8;35905;--
3940,2;57,5;19,8;31,3;0,437;31;57,5;31,0;0,8;36025;--
3940,4;57,5;19,5;31,3;0,437;32;57,5;30,4;0,8;36065;--
3940,6;57,5;19,2;31,3;0,437;32;57,5;29,9;0,9;36145;--
3940,8;57,5;19,0;31,3;0,440;32;57,5;29,6;0,9;36005;--
3941,0;57,5;19,2;31,3;0,440;32;57,5;29,9;0,9;35965;--
3941,3;57,5;19,5;31,3;0,443;32;57,5;30,4;0,8;35930;--
3941,5;57,5;19,7;31,3;0,443;32;57,5;30,8;0,8;35935;--
3941,7;61,0;20,5;31,2;0,446;32;60,5;30,6;0,8;36195;--
3941,9;65,5;25,9;31,0;0,446;32;65,5;36,5;0,8;38710;--
3942,1;66,0;29,2;30,9;0,446;32;66,0;41,2;0,8;39320;--
3942,4;66,0;30,6;30,9;0,451;32;66,0;43,3;0,8;39255;--
3942,6;66,0;31,2;30,8;0,451;32;66,0;44,2;0,8;39240;--
3942,8;66,0;31,5;30,8;0,456;32;66,0;44,7;0,8;39210;--
3943,0;66,0;31,2;30,8;0,456;32;66,0;44,2;0,8;39205;--
3943,2;66,0;31,1;30,8;0,456;32;66,0;44,1;0,8;39210;--
3943,4;66,0;30,6;30,8;0,460;32;66,0;43,3;0,8;39555;--
3943,7;66,0;29,6;30,8;0,460;32;66,0;41,8;0,8;39790;--
3943,9;66,0;28,7;30,8;0,465;32;66,0;40,5;0,8;39990;--
3944,1;66,0;28,5;30,8;0,465;32;66,0;40,2;0,8;39855;--
3944,3;66,0;28,2;30,8;0,469;32;66,0;39,7;0,8;39825;--
3944,5;66,0;28,3;30,8;0,469;32;66,0;39,8;0,8;39860;--
3944,8;66,0;28,5;30,8;0,469;32;66,0;40,2;0,8;39690;--
3945,0;66,0;28,9;30,8;0,473;32;66,0;40,8;0,8;39660;--
3945,2;66,0;29,1;30,8;0,473;32;66,0;41,1;0,8;39545;--
3945,4;66,0;29,5;30,8;0,478;32;66,0;41,7;0,8;39440;--
3945,6;66,0;29,6;30,7;0,478;32;66,0;41,8;0,8;39525;--
3945,9;66,0;29,2;30,7;0,482;32;66,0;41,2;0,8;39705;--
3946,1;66,0;28,5;30,8;0,482;32;66,0;40,2;0,8;39885;--
3946,3;66,0;28,3;30,8;0,482;32;66,0;39,8;0,8;39830;--
3946,5;66,0;28,6;30,8;0,486;32;66,0;40,3;0,8;39640;--
3946,7;68,0;30,4;30,7;0,486;32;68,0;41,8;0,8;39900;--
3946,9;69,0;32,4;30,6;0,491;32;69,0;44,1;0,8;40565;--
3947,2;69,5;33,9;30,6;0,491;32;69,5;45,9;0,8;41055;--
3947,4;69,5;34,5;30,5;0,491;33;69,5;46,8;0,8;40975;--
3947,6;69,5;34,9;30,5;0,496;33;69,5;47,3;0,8;40900;--
3947,8;69,5;34,8;30,5;0,496;33;69,5;47,2;0,8;41185;--
3948,0;69,5;33,9;30,5;0,501;33;69,5;45,9;0,8;41340;--
3948,3;69,5;33,6;30,5;0,501;33;69,5;45,5;0,8;41255;--
3948,5;69,5;33,4;30,5;0,507;33;69,5;45,2;0,8;41360;--
3948,7;69,5;33,0;30,5;0,507;33;69,5;44,6;0,8;41365;--
3948,9;69,5;32,9;30,5;0,507;33;69,5;44,5;0,8;41220;--
3949,1;69,5;33,2;30,5;0,511;33;69,5;44,9;0,8;41265;--
3949,3;70,0;33,2;30,5;0,511;33;70,0;44,6;0,8;41300;--
3949,6;70,0;33,5;30,5;0,517;33;70,0;45,0;0,8;41200;--
3949,8;69,5;33,6;30,5;0,517;33;69,5;45,5;0,8;41190;--
3950,2;69,5;33,3;30,5;0,522;33;69,5;45,0;0,8;41100;--
3950,4;68,5;32,8;30,5;0,522;33;68,5;45,0;0,8;40720;--
3950,7;66,5;31,2;30,5;0,527;33;66,5;43,9;0,8;39875;--
3950,9;66,0;29,6;30,6;0,527;33;66,0;41,8;0,8;39385;--
3951,1;66,0;29,3;30,6;0,531;33;66,0;41,4;0,8;39460;--
3951,3;66,0;28,9;30,6;0,531;33;66,0;40,8;0,8;39530;--
3951,5;66,0;28,7;30,6;0,535;33;66,0;40,5;0,8;39490;--
3951,7;66,0;28,7;30,6;0,535;33;66,0;40,5;0,8;39505;--
3952,0;66,0;28,8;30,6;0,535;33;66,0;40,6;0,8;39430;--
3952,2;66,0;29,0;30,6;0,540;33;66,0;40,9;0,8;39365;--
3952,4;66,0;29,0;30,6;0,540;33;66,0;40,9;0,8;39435;--
3952,6;66,0;29,1;30,6;0,544;33;66,0;41,1;0,8;39365;--
3952,8;66,0;29,3;30,5;0,544;33;66,0;41,4;0,8;39335;--
3953,1;66,0;29,4;30,5;0,544;33;66,0;41,5;0,8;39260;--
3953,3;66,0;29,7;30,6;0,548;33;66,0;42,0;0,8;39300;--
3953,5;66,0;29,6;30,5;0,548;33;66,0;41,8;0,8;39280;--
3953,7;66,0;29,4;30,5;0,553;33;66,0;41,5;0,8;39410;--
3953,9;66,0;29,1;30,5;0,553;33;66,0;41,1;0,8;39445;--
3954,1;66,0;28,9;30,5;0,557;34;66,0;40,8;0,8;39320;--
3954,4;66,0;28,8;30,5;0,557;34;66,0;40,6;0,8;39515;--
3954,6;66,0;28,4;30,5;0,557;34;66,0;40,0;0,8;39525;--
3954,8;66,0;28,5;30,6;0,562;34;66,0;40,2;0,8;39550;--
3955,0;66,0;28,0;30,6;0,562;34;66,0;39,4;0,8;39880;--
3955,2;66,0;27,3;30,6;0,566;34;66,0;38,3;0,8;39945;--
3955,5;66,0;27,1;30,6;0,566;34;66,0;38,0;0,8;40020;--
3955,7;66,0;26,9;30,6;0,570;34;66,0;37,7;0,8;40040;--
3955,9;66,0;26,2;30,6;0,570;34;66,0;36,7;0,8;40115;--
3956,1;66,0;25,6;30,6;0,570;34;66,0;35,8;0,8;40245;--
3956,3;66,0;25,7;30,6;0,574;34;66,0;35,9;0,8;40025;--
3956,5;66,0;26,3;30,6;0,574;34;66,0;36,8;0,8;39945;--
3956,8;66,0;26,9;30,6;0,578;34;66,0;37,7;0,8;39825;--
3957,0;66,0;27,3;30,6;0,578;34;66,0;38,3;0,8;39810;--
3957,2;66,0;27,3;30,6;0,578;34;66,0;38,3;0,8;39810;--
3957,4;66,0;27,3;30,6;0,582;34;66,0;38,3;0,8;39805;--
3957,6;66,0;27,5;30,6;0,582;34;66,0;38,6;0,8;39725;--
3957,9;66,0;27,6;30,6;0,586;34;66,0;38,8;0,8;39710;--
3958,1;66,0;27,6;30,6;0,586;34;66,0;38,8;0,8;39690;--
3958,3;66,0;27,7;30,6;0,590;34;66,0;38,9;0,8;39605;--
3958,5;66,0;28,0;30,5;0,590;34;66,0;39,4;0,8;39540;--
3958,7;66,0;28,2;30,5;0,590;34;66,0;39,7;0,8;39555;--
3958,9;66,0;28,2;30,5;0,594;34;66,0;39,7;0,8;39470;--
3959,2;66,0;28,4;30,5;0,594;34;66,0;40,0;0,8;39455;--
3959,4;66,0;28,4;30,5;0,599;34;66,0;40,0;0,8;39490;--
3959,6;66,0;28,6;30,5;0,599;34;66,0;40,3;0,8;39355;--
3959,8;66,0;28,6;30,5;0,603;34;66,0;40,3;0,8;39375;--
3960,0;66,0;28,6;30,5;0,603;34;66,0;40,3;0,8;39265;--
3960,3;66,0;29,0;30,5;0,603;34;66,0;40,9;0,8;39315;--
3960,5;66,0;28,7;30,5;0,607;34;66,0;40,5;0,8;39390;--
3960,7;66,0;28,6;30,5;0,607;34;66,0;40,3;0,8;39445;--
3960,9;66,0;28,4;30,5;0,612;34;66,0;40,0;0,8;39535;--
3961,1;66,0;27,8;30,5;0,612;34;66,0;39,1;0,8;39655;--
3961,3;66,0;27,6;30,5;0,616;34;66,0;38,8;0,8;39640;--
3961,6;66,0;27,6;30,5;0,616;34;66,0;38,8;0,8;39610;--
3961,8;66,0;27,7;30,5;0,616;34;66,0;38,9;0,8;39545;--
3962,0;66,0;27,8;30,5;0,620;34;66,0;39,1;0,8;39620;--
3962,2;66,0;27,4;30,5;0,620;34;66,0;38,5;0,8;39745;--
3962,4;66,0;27,1;30,5;0,624;34;66,0;38,0;0,8;39685;--
3962,7;64,0;26,0;30,5;0,624;34;64,0;37,5;0,8;38915;--
3962,9;63,5;24,9;30,6;0,624;34;63,5;36,1;0,8;38525;--
3963,1;63,5;24,4;30,6;0,628;34;63,5;35,3;0,8;38425;--
3963,3;63,5;24,8;30,6;0,628;34;63,5;35,9;0,8;38350;--
3963,5;63,5;24,9;30,6;0,632;34;63,5;36,1;0,8;38400;--
3963,7;63,5;25,0;30,6;0,632;34;63,5;36,2;0,8;38475;--
3964,0;63,5;25,1;30,6;0,636;34;63,5;36,4;0,8;38470;--
3964,2;63,5;24,5;30,6;0,636;34;63,5;35,4;0,8;38510;--
3964,4;63,5;24,5;30,6;0,636;34;63,5;35,4;0,8;38425;--
3964,6;64,0;24,8;30,6;0,639;34;64,0;35,6;0,8;38415;--
3964,8;64,0;25,1;30,5;0,639;34;64,0;36,1;0,8;38380;--
3965,1;63,5;25,1;30,6;0,643;34;63,5;36,4;0,8;38395;--
3965,3;63,5;25,1;30,6;0,643;34;63,5;36,4;0,8;38385;--
3965,5;63,5;25,1;30,5;0,647;34;63,5;36,4;0,8;38320;--
3965,7;63,5;25,1;30,6;0,647;34;63,5;36,4;0,8;38465;--
3965,9;63,5;25,0;30,6;0,647;34;63,5;36,2;0,8;38405;--
3966,1;64,0;24,7;30,6;0,651;34;64,0;35,5;0,8;38425;--
3966,4;63,5;24,7;30,6;0,651;34;63,5;35,7;0,8;38550;--
3966,6;63,5;24,0;30,6;0,654;34;63,5;34,6;0,8;38700;--
3966,8;63,5;23,7;30,6;0,654;34;63,5;34,2;0,8;38600;--
3967,0;62,0;23,3;30,6;0,658;35;62,5;34,1;0,8;38245;--
3967,2;62,0;22,5;30,6;0,658;35;62,0;33,1;0,8;37730;--
3967,5;62,0;22,4;30,6;0,658;35;62,0;32,9;0,8;37820;--
3967,7;62,0;22,1;30,6;0,661;35;62,0;32,4;0,9;37810;--
3967,9;62,0;22,2;30,6;0,661;35;62,0;32,6;0,9;37760;--
3968,1;62,0;21,7;30,6;0,664;35;62,0;31,8;0,9;37980;--
3968,3;62,0;21,1;30,6;0,664;35;62,0;30,8;0,9;38205;--
3968,6;62,0;21,0;30,6;0,664;35;62,0;30,6;0,9;38015;--
3968,8;57,5;18,4;30,7;0,668;35;57,5;28,5;0,9;36725;--
3969,0;57,5;16,0;30,8;0,668;35;57,5;24,3;0,9;36160;--
3969,2;57,5;15,8;30,8;0,670;35;57,5;24,0;0,9;35980;--
3969,4;57,5;15,9;30,8;0,670;35;57,5;24,2;0,9;35895;--
3969,6;57,5;15,8;30,8;0,672;35;57,5;24,0;0,9;36100;--
3969,9;57,5;15,5;30,8;0,672;35;57,5;23,5;0,9;36100;--
3970,1;57,5;15,3;30,8;0,672;35;57,5;23,1;0,9;36215;--
3970,3;57,5;15,3;30,8;0,675;35;57,5;23,1;0,9;36130;--
3970,5;57,5;15,4;30,8;0,675;35;57,5;23,3;0,9;36030;--
3970,7;57,5;15,8;30,8;0,677;35;57,5;24,0;0,9;35965;--
3971,0;57,5;15,9;30,8;0,677;35;57,5;24,2;0,9;35985;--
3971,2;57,5;15,8;30,8;0,680;35;57,5;24,0;0,9;36045;--
3971,4;57,5;15,9;30,8;0,680;35;57,5;24,2;0,9;36045;--
3971,6;57,5;16,0;30,8;0,680;35;57,5;24,3;0,9;36015;--
3971,8;57,5;15,9;30,8;0,682;35;57,5;24,2;0,9;36040;--
3972,0;57,5;15,9;30,8;0,682;35;57,5;24,2;0,9;36085;--
3972,3;57,5;16,0;30,8;0,684;35;57,5;24,3;0,9;35945;--
3972,5;57,5;15,9;30,8;0,684;35;57,5;24,2;0,9;36080;--
3972,7;57,5;15,6;30,8;0,687;35;57,5;23,7;0,9;36265;--
3972,9;57,5;15,3;30,9;0,687;35;57,5;23,1;0,9;36245;--
3973,1;57,5;15,4;30,8;0,687;35;57,5;23,3;0,9;36060;--
3973,4;57,5;15,7;30,8;0,689;35;57,5;23,8;0,9;36115;--
3973,6;57,5;15,8;30,8;0,689;35;57,5;24,0;0,9;35990;--
3973,8;57,5;16,1;30,8;0,691;34;57,5;24,5;0,9;35895;--
3974,0;57,5;16,5;30,8;0,691;34;57,5;25,2;0,9;35750;--
3974,2;57,5;16,1;30,8;0,694;34;57,5;24,5;0,9;36325;--
3974,4;57,5;15,1;30,8;0,694;34;57,5;22,8;0,9;36365;--
3974,7;57,5;14,8;30,9;0,694;34;57,5;22,3;0,9;36310;--
3974,9;57,5;15,1;30,8;0,696;34;57,5;22,8;0,9;36205;--
3975,1;57,5;15,4;30,8;0,696;34;57,5;23,3;0,9;36145;--
3975,3;57,5;15,4;30,8;0,698;34;57,5;23,3;0,9;36155;--
3975,5;57,5;15,4;30,8;0,698;34;57,5;23,3;0,9;36165;--
3975,8;57,5;15,7;30,8;0,701;34;57,5;23,8;0,9;36085;--
3976,0;57,5;15,8;30,8;0,701;34;57,5;24,0;0,9;36115;--
3976,2;57,5;15,8;30,8;0,701;34;57,5;24,0;0,9;36005;--
3976,4;57,5;15,9;30,8;0,703;34;57,5;24,2;0,9;35940;--
3976,6;57,5;16,3;30,8;0,703;34;57,5;24,9;0,9;35870;--
3976,8;57,5;16,1;30,8;0,706;34;57,5;24,5;0,9;35950;--
3977,1;57,5;16,4;30,8;0,706;34;57,5;25,0;0,9;35825;--
3977,3;57,5;17,1;30,8;0,708;34;57,5;26,3;0,9;35715;--
3977,5;57,5;17,0;30,8;0,708;34;57,5;26,1;0,9;35830;--
3977,7;57,5;16,7;30,8;0,708;34;57,5;25,6;0,9;35875;--
3977,9;57,5;16,7;30,8;0,711;34;57,5;25,6;0,9;35900;--
3978,2;57,5;16,7;30,8;0,711;34;57,5;25,6;0,9;35805;--
3978,4;57,5;16,5;30,8;0,713;34;57,5;25,2;0,9;35860;--
3978,6;57,5;16,4;30,8;0,713;35;57,5;25,0;0,9;36110;--
3978,8;57,5;15,9;30,8;0,716;35;57,5;24,2;0,9;36110;--
3979,0;57,5;16,0;30,8;0,716;35;57,5;24,3;0,9;35850;--
3979,2;57,5;16,5;30,8;0,716;35;57,5;25,2;0,9;35795;--
3979,5;57,5;16,2;30,8;0,718;35;57,5;24,7;0,9;35880;--
3979,7;57,5;16,6;30,8;0,718;35;57,5;25,4;0,9;35815;--
3979,9;57,5;16,5;30,8;0,721;35;57,5;25,2;0,9;35770;--
3980,1;57,5;16,5;30,8;0,721;35;57,5;25,2;0,9;35785;--
3980,3;57,5;16,7;30,8;0,721;35;57,5;25,6;0,9;35745;--
3980,6;57,5;16,7;30,8;0,723;35;57,5;25,6;0,9;35785;--
3980,8;57,5;16,5;30,8;0,723;35;57,5;25,2;0,9;35745;--
3981,0;57,5;17,1;30,7;0,726;35;57,5;26,3;0,9;35660;--
3981,2;57,5;17,3;30,7;0,726;35;57,5;26,6;0,9;35540;--
3981,4;57,5;17,2;30,7;0,728;35;57,5;26,4;0,9;35550;--
3981,6;57,5;17,4;30,7;0,728;35;57,5;26,8;0,9;35505;--
3981,9;57,5;17,7;30,7;0,728;35;57,5;27,3;0,9;35480;--
3982,1;57,5;17,7;30,7;0,731;35;57,5;27,3;0,9;35630;--
3982,3;57,5;17,2;30,7;0,731;35;57,5;26,4;0,9;35670;--
3982,5;57,5;17,2;30,7;0,734;35;57,5;26,4;0,9;35595;--
3982,7;57,5;17,5;30,7;0,734;35;57,5;27,0;0,9;35495;--
3983,0;57,5;17,4;30,7;0,736;35;57,5;26,8;0,9;35670;--
3983,2;57,5;17,0;30,7;0,736;35;57,5;26,1;0,9;35610;--
3983,4;57,5;16,7;30,7;0,736;35;57,5;25,6;0,9;35840;--
3983,6;57,5;16,4;30,7;0,739;35;57,5;25,0;0,9;35785;--
3983,8;57,5;16,4;30,7;0,739;35;57,5;25,0;0,9;35820;--
3984,0;57,5;16,5;30,7;0,741;35;57,5;25,2;0,9;35815;--
3984,3;57,5;16,6;30,7;0,741;35;57,5;25,4;0,9;35760;--
3984,5;57,5;16,7;30,7;0,744;35;57,5;25,6;0,9;35590;--
3984,7;57,5;17,0;30,7;0,744;35;57,5;26,1;0,9;35645;--
3984,9;57,5;17,0;30,7;0,744;35;57,5;26,1;0,9;35510;--
3985,1;57,5;17,5;30,7;0,746;35;57,5;27,0;0,9;35440;--
3985,4;57,5;18,2;30,7;0,746;35;57,5;28,2;0,9;35255;--
3985,6;57,5;18,9;30,7;0,749;35;57,5;29,4;0,9;35160;--
3985,8;57,5;19,1;30,6;0,749;35;57,5;29,7;0,9;35305;--
3986,0;57,5;19,0;30,6;0,752;35;57,5;29,6;0,9;35280;--
3986,2;57,5;18,6;30,7;0,752;35;57,5;28,9;0,9;35450;--
3986,4;57,5;18,0;30,7;0,752;35;57,5;27,8;0,9;35500;--
3986,7;57,5;17,7;30,7;0,755;35;57,5;27,3;0,9;35550;--
3986,9;57,5;17,6;30,7;0,755;35;57,5;27,1;0,9;35465;--
3987,1;57,5;17,8;30,6;0,757;35;57,5;27,5;0,9;35445;--
3987,3;57,5;17,8;30,6;0,757;35;57,5;27,5;0,9;35390;--
3987,5;57,5;17,9;30,6;0,760;35;57,5;27,7;0,9;35480;--
3987,8;57,5;18,1;30,6;0,760;35;57,5;28,0;0,9;35365;--
3988,0;57,5;18,2;30,6;0,760;35;57,5;28,2;0,9;35350;--
3988,2;57,5;18,4;30,6;0,763;35;57,5;28,5;0,9;35390;--
3988,4;57,5;18,1;30,6;0,763;35;57,5;28,0;0,9;35345;--
3988,6;57,5;18,1;30,6;0,766;35;57,5;28,0;0,9;35370;--
3988,9;59,0;18,7;30,6;0,766;35;59,0;28,3;0,9;35505;--
3989,3;64,0;25,2;30,4;0,769;35;64,0;36,3;0,8;38070;--
3989,5;64,0;26,3;30,4;0,769;35;64,0;38,0;0,8;37900;--
3989,7;64,0;26,9;30,3;0,773;35;64,0;38,9;0,8;37910;--
3989,9;64,0;27,0;30,3;0,773;35;64,0;39,1;0,8;37815;--
3990,2;64,0;27,0;30,3;0,777;35;64,0;39,1;0,8;37790;--
3990,4;64,0;27,1;30,3;0,777;35;64,0;39,2;0,8;37700;--
3990,6;64,0;27,2;30,3;0,777;35;64,0;39,4;0,8;37630;--
3990,8;63,5;27,6;30,3;0,781;35;63,5;40,3;0,8;37505;--
3991,0;59,0;25,2;30,3;0,781;35;59,0;39,3;0,8;35985;--
3991,3;58,0;22,2;30,4;0,785;35;58,0;34,8;0,9;34895;--
3991,5;57,5;21,3;30,4;0,785;35;57,5;33,6;0,9;34695;--
3991,7;57,5;21,1;30,4;0,788;35;57,5;33,2;0,9;34715;--
3991,9;57,5;21,0;30,4;0,788;35;57,5;33,0;0,9;34745;--
3992,1;57,5;20,9;30,4;0,788;35;57,5;32,9;0,9;34745;--
3992,3;57,5;20,8;30,4;0,791;35;57,5;32,7;0,9;34745;--
3992,6;57,5;20,9;30,4;0,791;35;57,5;32,9;0,9;34675;--
3992,8;57,5;21,1;30,4;0,794;35;57,5;33,2;0,9;34615;--
3993,0;57,5;21,2;30,4;0,794;35;57,5;33,4;0,9;34585;--
3993,2;57,5;21,2;30,4;0,797;35;57,5;33,4;0,9;34580;--
3993,4;58,0;21,4;30,4;0,797;35;58,0;33,4;0,9;34535;--
3993,7;58,0;21,5;30,4;0,797;35;58,0;33,6;0,9;34870;--
3993,9;58,0;21,1;30,4;0,801;35;58,0;32,9;0,9;34815;--
3994,1;58,0;21,4;30,4;0,801;35;58,0;33,4;0,9;34685;--
3994,3;58,0;21,7;30,4;0,804;35;58,0;34,0;0,9;34740;--
3994,5;58,0;21,4;30,4;0,804;35;58,0;33,4;0,9;34905;--
3994,7;58,5;21,2;30,4;0,807;35;58,5;32,8;0,9;35095;--
3995,0;58,5;21,1;30,4;0,807;35;58,5;32,6;0,9;35200;--
3995,2;58,5;21,2;30,4;0,807;35;58,5;32,8;0,9;35135;--
3995,4;58,5;21,2;30,4;0,810;35;58,5;32,8;0,9;35175;--
3995,6;58,5;21,0;30,4;0,810;35;58,5;32,5;0,9;35310;--
3995,8;58,5;20,6;30,4;0,813;35;58,5;31,8;0,9;35440;--
3996,1;58,5;20,3;30,4;0,813;35;58,5;31,3;0,9;35445;--
3996,3;58,5;19,9;30,4;0,813;35;58,5;30,6;0,9;35605;--
3996,5;58,5;19,7;30,4;0,816;35;58,5;30,3;0,9;35630;--
3996,7;58,5;19,4;30,4;0,816;35;58,5;29,7;0,9;35835;--
3996,9;58,5;18,7;30,5;0,819;35;58,5;28,5;0,9;35995;--
3997,1;58,5;18,2;30,5;0,819;35;58,5;27,7;0,9;35945;--
3997,4;58,5;17,7;30,5;0,822;35;58,5;26,8;0,9;36020;--
3997,6;58,5;17,5;30,5;0,822;35;58,5;26,5;0,9;35890;--
3997,8;58,5;17,6;30,5;0,822;36;58,5;26,7;0,9;35825;--
3998,0;58,5;17,4;30,5;0,825;36;58,5;26,3;0,9;35940;--
3998,2;58,5;17,6;30,5;0,825;36;58,5;26,7;0,9;35885;--
3998,5;58,5;17,7;30,5;0,827;36;58,5;26,8;0,9;35860;--
3998,7;58,5;17,8;30,5;0,827;36;58,5;27,0;0,9;35810;--
3998,9;58,5;17,9;30,5;0,830;36;58,5;27,2;0,9;35860;--
3999,1;58,5;17,7;30,5;0,830;36;58,5;26,8;0,9;35855;--
3999,3;58,5;17,8;30,5;0,830;36;58,5;27,0;0,9;35800;--
3999,5;58,5;18,1;30,5;0,833;36;58,5;27,5;0,9;35780;--
3999,8;58,5;18,3;30,5;0,833;36;58,5;27,9;0,9;35750;--
4000,0;58,5;18,7;30,5;0,836;36;58,5;28,5;0,9;35700;--
4000,2;58,5;18,9;30,5;0,836;36;58,5;28,9;0,9;35710;--
4000,4;58,5;19,1;30,4;0,838;36;58,5;29,2;0,9;35580;--
4000,6;58,5;19,3;30,4;0,838;36;58,5;29,6;0,9;35635;--
4000,9;58,0;19,2;30,4;0,838;36;58,0;29,7;0,9;35525;--
4001,1;58,5;19,2;30,4;0,841;36;58,5;29,4;0,9;35555;--
4001,3;58,5;19,4;30,4;0,841;36;58,5;29,7;0,9;35555;--
4001,5;62,0;22,1;30,3;0,844;36;62,0;32,4;0,9;36885;--
4001,7;64,0;24,6;30,3;0,844;36;64,0;35,3;0,8;37610;--
4001,9;64,5;26,4;30,2;0,848;36;64,5;37,8;0,8;37925;--
4002,2;64,5;27,2;30,2;0,848;36;64,5;39,1;0,8;38025;--
4002,4;65,0;27,3;30,2;0,848;36;65,0;38,9;0,8;38205;--
4002,6;65,0;27,7;30,1;0,852;36;65,0;39,5;0,8;38205;--
4002,8;66,0;28,4;30,1;0,852;36;65,5;40,3;0,8;38280;--
4003,0;67,5;31,1;30,0;0,857;36;67,5;43,1;0,8;38985;--
4003,3;67,5;32,3;30,0;0,857;36;67,5;44,9;0,8;38985;--
4003,5;67,5;32,7;30,0;0,857;36;67,5;45,5;0,8;38950;--
4003,7;67,5;33,1;29,9;0,862;36;67,5;46,1;0,8;38870;--
4003,9;67,5;33,4;29,9;0,862;36;67,5;46,5;0,8;38755;--
4004,1;67,5;33,5;29,9;0,867;36;67,5;46,7;0,8;38750;--
4004,4;67,5;33,5;29,9;0,867;36;67,5;46,7;0,8;38775;--
4004,6;67,5;33,5;29,9;0,872;36;67,5;46,7;0,8;38720;--
4004,8;67,5;33,6;29,9;0,872;36;67,5;46,8;0,8;38730;--
4005,0;68,0;33,7;29,8;0,872;36;68,0;46,6;0,8;38805;--
4005,2;68,0;33,6;29,8;0,877;36;68,0;46,5;0,8;38935;--
4005,4;68,0;33,2;29,8;0,877;36;68,0;45,9;0,8;38975;--
4005,7;68,0;33,1;29,8;0,882;36;68,0;45,7;0,8;38965;--
4005,9;68,0;33,1;29,8;0,882;36;68,0;45,7;0,8;38900;--
4006,1;68,0;33,1;29,8;0,887;36;68,0;45,7;0,8;38865;--
4006,3;68,0;33,2;29,8;0,887;36;68,0;45,9;0,8;38920;--
4006,5;68,0;33,0;29,8;0,887;36;68,0;45,6;0,8;38930;--
4006,8;67,5;32,9;29,8;0,892;36;67,5;45,8;0,8;38950;--
4007,0;67,5;32,6;29,8;0,892;36;67,5;45,3;0,8;38910;--
4007,2;67,5;32,3;29,8;0,897;36;67,5;44,9;0,8;38930;--
4007,4;67,5;32,3;29,8;0,897;36;67,5;44,9;0,8;38975;--
4007,6;67,5;32,4;29,8;0,897;37;67,5;45,0;0,8;38995;--
4007,8;62,5;28,0;29,9;0,902;37;62,5;41,6;0,8;36995;--
4008,1;62,0;26,0;30,0;0,902;37;62,0;38,7;0,8;36730;--
4008,3;62,5;25,3;30,0;0,906;37;62,5;37,3;0,8;36660;--
4008,5;62,5;25,6;30,0;0,906;37;62,5;37,8;0,8;36530;--
4008,7;62,5;25,4;30,0;0,910;37;62,5;37,4;0,8;36715;--
4008,9;62,5;25,3;30,0;0,910;37;62,5;37,3;0,9;36710;--
4009,2;62,5;25,1;30,0;0,910;37;62,5;37,0;0,8;36950;--
4009,4;62,0;24,8;30,0;0,913;37;62,0;36,8;0,9;36905;--
4009,6;62,5;23,9;30,0;0,913;37;62,5;35,0;0,9;37090;--
4009,8;62,5;23,4;30,0;0,917;37;62,5;34,2;0,9;37000;--
4010,0;62,0;23,1;30,1;0,917;37;62,0;34,0;0,9;37015;--
4010,2;62,5;23,0;30,1;0,920;37;62,5;33,6;0,9;37120;--
4010,5;62,0;22,8;30,1;0,920;37;62,0;33,5;0,9;37060;--
4010,7;62,0;22,8;30,1;0,920;37;62,0;33,5;0,9;37075;--
4010,9;62,5;22,7;30,1;0,924;37;62,5;33,1;0,9;37180;--
4011,1;62,5;22,7;30,1;0,924;37;62,5;33,1;0,9;37150;--
4011,3;62,5;22,6;30,1;0,927;37;62,5;33,0;0,9;37240;--
4011,6;62,5;22,5;30,1;0,927;37;62,5;32,8;0,9;37325;--
4011,8;62,5;22,4;30,1;0,931;37;62,5;32,6;0,9;37215;--
4012,0;62,5;22,5;30,1;0,931;37;62,5;32,8;0,9;37105;--
4012,2;62,5;23,0;30,1;0,931;37;62,5;33,6;0,9;37030;--
4012,4;62,5;23,3;30,1;0,934;37;62,5;34,1;0,9;37035;--
4012,6;62,5;23,5;30,1;0,934;37;62,5;34,4;0,9;36940;--
4012,9;62,5;23,5;30,0;0,938;37;62,5;34,4;0,9;37020;--
4013,1;62,5;23,4;30,0;0,938;37;62,5;34,2;0,9;36995;--
4013,3;62,5;23,4;30,1;0,938;37;62,5;34,2;0,9;37115;--
4013,5;62,5;23,2;30,1;0,941;37;62,5;33,9;0,9;37030;--
4013,7;62,5;23,5;30,1;0,941;37;62,5;34,4;0,9;36945;--
4014,0;62,5;23,6;30,0;0,945;37;62,5;34,6;0,9;36940;--
4014,2;62,5;23,8;30,0;0,945;37;62,5;34,9;0,9;36925;--
4014,4;62,5;23,9;30,0;0,948;37;62,5;35,0;0,9;36900;--
4014,6;62,5;23,9;30,0;0,948;37;62,5;35,0;0,9;36910;--
4014,8;62,5;23,9;30,0;0,948;37;62,5;35,0;0,9;37015;--
4015,0;62,5;23,9;30,0;0,952;37;62,5;35,0;0,9;37005;--
4015,3;62,5;23,8;30,0;0,952;37;62,5;34,9;0,9;37030;--
4015,5;62,5;23,6;30,0;0,956;37;62,5;34,6;0,9;37045;--
4015,7;62,5;23,4;30,0;0,956;37;62,5;34,2;0,9;37170;--
4015,9;62,5;23,3;30,0;0,959;37;62,5;34,1;0,9;37125;--
4016,1;62,5;23,3;30,0;0,959;37;62,5;34,1;0,9;37155;--
4016,4;62,5;23,2;30,0;0,959;37;62,5;33,9;0,9;37120;--
4016,6;62,5;23,2;30,0;0,963;37;62,5;33,9;0,9;37120;--
4016,8;62,5;23,3;30,0;0,963;37;62,5;34,1;0,9;37145;--
4017,0;62,5;22,9;30,0;0,966;37;62,5;33,4;0,9;37240;--
4017,2;62,5;22,6;30,1;0,966;37;62,5;33,0;0,9;37290;--
4017,4;62,5;22,6;30,0;0,969;37;62,5;33,0;0,9;37300;--
4017,7;62,5;22,6;30,0;0,969;37;62,5;33,0;0,9;37285;--
4017,9;62,5;22,6;30,0;0,969;37;62,5;33,0;0,9;37320;--
4018,1;62,5;22,5;30,1;0,973;37;62,5;32,8;0,9;37290;--
4018,3;63,5;22,8;30,0;0,973;37;63,5;32,8;0,9;37270;--
4018,5;69,0;27,9;29,9;0,977;37;69,0;37,5;0,8;39660;--
4018,8;73,5;32,6;29,7;0,977;37;73,0;41,9;0,8;41260;--
4019,0;75,0;36,8;29,6;0,977;37;75,0;46,4;0,8;42450;--
4019,2;80,0;41,3;29,5;0,982;37;80,0;49,1;0,8;44155;--
4019,4;85,5;50,8;29,2;0,982;37;85,5;57,1;0,8;46745;--
4019,6;90,0;58,1;29,0;0,990;37;90,0;62,3;0,8;48290;--
4019,8;96,5;70,3;28,7;0,990;37;96,5;70,8;0,8;50760;--
4020,1;99,5;80,2;28,5;1,001;37;99,5;78,6;0,9;52205;--
4020,5;99,5;83,6;28,3;1,001;38;99,5;82,0;0,9;52910;--
4020,7;99,5;82,8;28,3;1,014;38;99,5;81,2;0,9;52855;--
4020,9;99,5;82,1;28,2;1,014;38;99,5;80,5;0,9;52730;--
4021,2;99,5;80,8;28,2;1,026;38;99,5;79,2;0,9;52455;--
4021,4;99,5;79,9;28,2;1,026;38;99,5;78,3;0,9;52285;--
4021,6;99,0;79,8;28,2;1,038;38;99,0;78,6;0,9;52050;--
4021,8;98,0;77,0;28,2;1,038;38;98,0;76,5;0,8;51645;--
4022,0;93,5;73,8;28,2;1,038;38;94,0;76,4;0,8;50940;--
4022,3;79,0;55,2;28,6;1,049;39;79,5;66,9;0,8;45610;--
4022,5;64,5;35,5;29,2;1,049;39;65,0;51,5;0,8;39885;--
4022,7;57,5;21,6;29,6;1,054;39;57,5;34,1;0,9;35690;--
4022,9;57,5;17,4;29,7;1,054;39;57,5;26,8;0,9;34820;--
4023,1;57,5;16,3;29,8;1,056;39;57,5;24,9;0,9;34705;--
4023,3;57,5;16,5;29,8;1,056;39;57,5;25,2;0,9;34605;--
4023,6;57,5;16,7;29,8;1,056;39;57,5;25,6;0,9;34505;--
4023,8;57,5;17,5;29,8;1,058;39;57,5;27,0;0,9;34465;--
4024,0;57,5;18,0;29,8;1,058;39;57,5;27,8;0,9;34440;--
4024,2;57,5;18,1;29,8;1,061;39;57,5;28,0;0,9;34370;--
4024,4;63,5;22,3;29,7;1,061;39;63,5;32,0;0,9;36450;--
4024,7;64,0;25,1;29,7;1,061;39;64,0;36,1;0,8;37210;--
4024,9;64,0;25,8;29,7;1,065;39;64,0;37,2;0,8;37365;--
4025,1;64,0;25,9;29,7;1,065;39;64,0;37,3;0,8;37240;--
4025,3;64,0;26,2;29,7;1,069;39;64,0;37,8;0,8;37240;--
4025,5;64,0;26,4;29,7;1,069;39;64,0;38,1;0,8;37230;--
4025,7;64,0;26,2;29,7;1,073;39;64,0;37,8;0,8;37295;--
4026,0;64,0;26,2;29,7;1,073;39;64,0;37,8;0,8;37280;--
4026,2;64,0;26,2;29,7;1,073;39;64,0;37,8;0,8;37235;--
4026,4;64,0;26,4;29,7;1,077;39;64,0;38,1;0,8;37255;--
4026,6;67,0;27,7;29,6;1,077;39;66,5;38,6;0,8;38070;--
4026,8;68,5;30,1;29,6;1,081;39;68,5;41,0;0,8;39095;--
4027,1;68,5;31,1;29,5;1,081;39;68,5;42,5;0,8;39245;--
4027,3;68,5;31,1;29,5;1,086;39;68,5;42,5;0,8;39465;--
4027,5;68,5;30,4;29,6;1,086;39;68,5;41,5;0,8;39715;--
4027,7;68,5;29,4;29,6;1,086;39;68,5;40,0;0,8;39730;--
4027,9;68,5;28,8;29,6;1,090;39;68,5;39,1;0,8;39855;--
4028,1;68,5;28,4;29,6;1,090;39;68,5;38,5;0,8;39845;--
4028,4;68,5;28,5;29,6;1,094;39;68,5;38,7;0,8;39810;--
4028,6;68,5;28,4;29,6;1,094;39;68,5;38,5;0,8;39765;--
4028,8;64,5;26,1;29,7;1,099;39;64,5;37,4;0,9;38310;--
4029,0;64,0;24,2;29,7;1,099;39;64,0;34,7;0,9;37885;--
4029,2;64,0;23,4;29,8;1,099;39;64,0;33,4;0,9;38030;--
4029,5;64,0;22,7;29,8;1,102;39;64,0;32,3;0,9;37990;--
4029,7;64,0;22,6;29,8;1,102;39;64,0;32,2;0,9;38085;--
4029,9;64,0;22,6;29,8;1,105;39;64,0;32,2;0,9;37945;--
4030,1;64,0;22,9;29,8;1,105;39;64,0;32,7;0,9;37840;--
4030,3;64,0;23,1;29,8;1,105;39;64,0;33,0;0,9;37820;--
4030,5;64,0;24,0;29,8;1,109;39;64,0;34,4;0,9;37670;--
4030,8;64,0;24,4;29,7;1,109;39;64,0;35,0;0,9;37600;--
4031,0;64,0;24,8;29,7;1,113;39;64,0;35,6;0,9;37565;--
4031,2;64,0;25,2;29,7;1,113;39;64,0;36,3;0,9;37450;--
4031,4;64,0;25,4;29,7;1,116;39;64,0;36,6;0,9;37510;--
4031,6;64,0;25,5;29,7;1,116;39;64,0;36,7;0,9;37495;--
4031,9;62,0;24,2;29,8;1,116;39;62,0;35,8;0,9;36750;--
4032,1;62,0;23,3;29,8;1,120;39;62,0;34,4;0,9;36500;--
4032,3;62,0;23,3;29,8;1,120;39;62,0;34,4;0,9;36435;--
4032,5;62,0;23,5;29,8;1,124;39;62,0;34,7;0,9;36440;--
4032,7;62,0;23,5;29,8;1,124;39;62,0;34,7;0,9;36420;--
4032,9;62,0;23,8;29,8;1,127;39;62,0;35,2;0,9;36405;--
4033,2;62,0;24,2;29,8;1,127;39;62,0;35,8;0,9;36370;--
4033,4;62,0;24,4;29,8;1,127;39;62,0;36,1;0,9;36300;--
4033,6;62,0;24,7;29,7;1,131;39;62,0;36,6;0,9;36255;--
4033,8;62,0;24,9;29,7;1,131;39;62,0;36,9;0,9;36180;--
4034,0;62,0;25,1;29,7;1,135;39;62,0;37,3;0,9;36215;--
4034,3;62,0;25,1;29,7;1,135;39;62,0;37,3;0,9;36180;--
4034,5;62,0;25,2;29,7;1,135;39;62,0;37,4;0,9;36170;--
4034,7;62,0;25,4;29,7;1,139;39;62,0;37,7;0,9;36120;--
4034,9;62,0;25,7;29,7;1,139;39;62,0;38,2;0,9;36055;--
4035,1;62,0;25,7;29,7;1,142;39;62,0;38,2;0,9;35995;--
4035,3;62,0;25,9;29,7;1,142;39;62,0;38,5;0,9;35990;--
4035,6;62,0;26,1;29,7;1,146;39;62,0;38,9;0,9;35920;--
4035,8;62,0;26,2;29,7;1,146;39;62,0;39,0;0,8;35930;--
4036,0;62,0;26,2;29,7;1,146;39;62,0;39,0;0,8;35915;--
4036,2;62,0;26,3;29,7;1,150;39;62,0;39,2;0,8;35895;--
4036,4;62,0;26,3;29,7;1,150;39;62,0;39,2;0,8;35820;--
4036,7;62,0;26,5;29,7;1,154;39;62,0;39,5;0,8;35760;--
4036,9;62,0;26,7;29,7;1,154;39;62,0;39,8;0,8;35785;--
4037,1;62,0;26,8;29,7;1,158;39;62,0;40,0;0,8;35790;--
4037,3;62,0;26,7;29,7;1,158;39;62,0;39,8;0,8;35760;--
4037,5;62,0;26,8;29,7;1,158;39;62,0;40,0;0,8;35800;--
4037,7;62,0;26,6;29,7;1,162;39;62,0;39,7;0,8;35785;--
4038,0;62,0;26,7;29,7;1,162;39;62,0;39,8;0,8;35785;--
4038,2;62,0;26,6;29,7;1,166;39;62,0;39,7;0,8;35800;--
4038,4;62,0;26,7;29,7;1,166;39;62,0;39,8;0,8;35790;--
4038,6;62,0;26,5;29,7;1,166;39;62,0;39,5;0,8;35800;--
4038,8;62,0;26,3;29,7;1,170;39;62,0;39,2;0,8;35955;--
4039,1;62,0;25,8;29,7;1,170;39;62,0;38,4;0,9;36145;--
4039,3;62,0;25,1;29,7;1,174;39;62,0;37,3;0,9;36210;--
4039,5;62,0;24,9;29,7;1,174;39;62,0;36,9;0,9;36215;--
4039,7;62,0;24,8;29,7;1,178;39;62,0;36,8;0,9;36190;--
4039,9;62,0;24,7;29,7;1,178;39;62,0;36,6;0,9;36310;--
4040,2;62,0;24,6;29,7;1,178;39;62,0;36,5;0,9;36295;--
4040,4;62,0;24,5;29,7;1,182;39;62,0;36,3;0,9;36250;--
4040,6;62,0;24,5;29,7;1,182;39;62,0;36,3;0,9;36400;--
4040,8;62,0;24,4;29,7;1,185;39;62,0;36,1;0,9;36440;--
4041,0;62,0;24,0;29,7;1,185;39;62,0;35,5;0,9;36495;--
4041,2;62,5;23,5;29,7;1,189;39;62,5;34,4;0,9;36630;--
4041,5;62,5;23,6;29,7;1,189;39;62,5;34,6;0,9;36755;--
4041,7;62,5;23,3;29,7;1,189;39;62,5;34,1;0,9;37085;--
4041,9;62,5;22,8;29,7;1,193;39;62,5;33,3;0,9;36995;--
4042,1;62,5;22,8;29,7;1,193;39;62,5;33,3;0,9;37025;--
4042,3;62,5;22,3;29,8;1,196;39;62,5;32,5;0,9;37200;--
4042,6;62,5;21,9;29,8;1,196;40;62,5;31,8;0,9;37335;--
4042,8;62,5;21,5;29,8;1,199;40;62,5;31,2;0,9;37345;--
4043,0;62,5;21,2;29,8;1,199;40;62,5;30,7;0,9;37415;--
4043,2;62,5;20,8;29,8;1,199;40;62,5;30,1;0,9;37420;--
4043,4;62,5;20,6;29,8;1,202;40;62,5;29,8;0,9;37615;--
4043,6;62,5;20,7;29,8;1,202;40;62,5;29,9;0,9;37445;--
4043,9;62,5;20,7;29,8;1,205;40;62,5;29,9;0,9;37445;--
4044,1;62,5;20,6;29,8;1,205;40;62,5;29,8;0,9;37515;--
4044,3;62,5;20,6;29,8;1,205;40;62,5;29,8;0,9;37445;--
4044,5;62,5;20,6;29,8;1,209;40;62,5;29,8;0,9;37550;--
4044,7;62,5;20,5;29,8;1,209;39;62,5;29,6;0,9;37450;--
4045,0;62,5;20,6;29,8;1,212;39;62,5;29,8;0,9;37575;--
4045,2;62,5;20,4;29,8;1,212;39;62,5;29,4;0,9;37605;--
4045,4;62,5;20,4;29,8;1,215;39;62,5;29,4;0,9;37575;--
4045,6;62,5;20,3;29,8;1,215;39;62,5;29,3;0,9;37735;--
4045,8;62,5;20,0;29,8;1,215;39;62,5;28,8;0,9;37600;--
4046,0;62,5;20,2;29,8;1,218;39;62,5;29,1;0,9;37605;--
4046,3;62,5;20,3;29,8;1,218;39;62,5;29,3;0,9;37620;--
4046,5;62,5;20,1;29,8;1,221;39;62,5;29,0;0,9;37570;--
4046,7;62,5;19,9;29,8;1,221;39;62,5;28,6;0,9;37865;--
4046,9;62,5;19,5;29,9;1,224;39;62,5;28,0;0,9;37870;--
4047,1;62,5;19,4;29,9;1,224;39;62,5;27,8;0,9;37925;--
4047,4;62,5;19,3;29,9;1,224;39;62,5;27,7;0,9;37775;--
4047,6;62,5;19,5;29,9;1,227;39;62,5;28,0;0,9;37660;--
4047,8;62,5;19,7;29,9;1,227;39;62,5;28,3;0,9;37665;--
4048,0;62,5;19,9;29,8;1,230;39;62,5;28,6;0,9;37650;--
4048,2;62,5;19,9;29,8;1,230;39;62,5;28,6;0,9;37655;--
4048,4;62,5;19,8;29,8;1,233;39;62,5;28,5;0,9;37720;--
4048,7;62,5;19,5;29,9;1,233;39;62,5;28,0;0,9;37805;--
4048,9;64,5;20,5;29,8;1,233;39;64,5;28,7;0,9;38140;--
4049,1;68,0;23,2;29,8;1,236;39;67,5;31,4;0,9;39085;--
4049,3;69,0;26,9;29,7;1,236;39;69,0;36,1;0,8;40155;--
4049,5;69,0;27,9;29,6;1,240;39;69,0;37,5;0,8;40255;--
4049,8;69,0;28,6;29,6;1,240;39;69,0;38,6;0,8;40145;--
4050,0;69,0;29,5;29,6;1,244;39;69,0;39,9;0,8;39965;--
4050,2;69,0;29,8;29,6;1,244;40;69,0;40,3;0,8;40015;--
4050,4;69,0;29,2;29,6;1,244;40;69,0;39,4;0,8;40005;--
4050,8;69,0;29,7;29,5;1,249;40;69,0;40,1;0,8;40005;--
4051,1;69,0;30,2;29,5;1,253;40;69,0;40,9;0,8;40020;--
4051,3;69,5;30,7;29,5;1,253;40;69,5;41,3;0,8;40020;--
4051,5;70,0;31,3;29,5;1,258;40;70,0;41,9;0,8;39915;--
4051,7;73,5;34,3;29,4;1,258;40;73,5;43,9;0,8;40970;--
4051,9;74,5;37,6;29,3;1,258;40;74,5;47,8;0,8;41745;--
4052,2;75,0;39,2;29,2;1,264;40;75,0;49,6;0,8;42000;--
4052,4;75,5;40,1;29,2;1,264;40;75,5;50,5;0,8;42145;--
4052,6;75,5;40,3;29,2;1,270;40;75,5;50,7;0,8;42115;--
4052,8;75,5;40,3;29,1;1,270;40;75,5;50,7;0,8;42100;--
4053,0;75,5;40,2;29,1;1,270;40;75,5;50,6;0,8;42110;--
4053,2;75,5;40,1;29,1;1,276;40;75,5;50,5;0,8;42135;--
4053,5;75,5;39,7;29,1;1,276;40;75,5;49,9;0,8;42210;--
4053,7;75,5;39,4;29,1;1,282;40;75,5;49,5;0,8;42215;--
4053,9;75,5;39,1;29,1;1,282;40;75,5;49,1;0,8;42210;--
4054,1;75,0;38,9;29,1;1,288;40;75,0;49,2;0,8;42185;--
4054,3;75,0;38,5;29,1;1,288;40;75,0;48,7;0,8;42270;--
4054,6;75,5;38,1;29,1;1,288;40;75,5;47,8;0,8;42370;--
4054,8;75,0;38,1;29,1;1,293;40;75,5;47,8;0,8;42400;--
4055,0;75,5;37,6;29,1;1,293;40;75,5;47,2;0,8;42555;--
4055,2;75,5;37,1;29,1;1,299;40;75,5;46,5;0,8;42780;--
4055,4;77,5;37,5;29,1;1,299;40;77,5;45,8;0,8;43405;--
4055,7;78,0;39,1;29,0;1,305;40;78,0;47,6;0,8;44110;--
4055,9;78,0;38,8;29,1;1,305;40;78,0;47,2;0,8;44160;--
4056,1;78,0;38,1;29,1;1,305;40;78,0;46,3;0,8;44220;--
4056,3;78,0;37,5;29,1;1,311;40;78,0;45,5;0,8;44290;--
4056,5;78,0;36,9;29,1;1,311;41;78,0;44,7;0,8;44440;--
4056,7;78,0;36,2;29,1;1,316;41;78,0;43,8;0,8;44655;--
4057,0;78,0;34,8;29,1;1,316;41;78,0;42,1;0,8;44990;--
4057,2;78,0;33,7;29,2;1,321;41;78,0;40,6;0,8;44965;--
4057,4;78,0;33,4;29,2;1,321;41;78,0;40,3;0,8;45045;--
4057,6;78,0;33,1;29,2;1,321;41;78,0;39,9;0,8;45295;--
4057,8;78,0;33,0;29,2;1,326;41;78,0;39,7;0,8;45240;--
4058,1;79,5;33,9;29,2;1,326;41;79,5;40,1;0,8;45550;--
4058,3;79,5;35,1;29,1;1,332;41;79,5;41,6;0,8;45925;--
4058,5;79,5;35,2;29,1;1,332;41;79,5;41,8;0,8;46020;--
4058,7;80,0;35,6;29,1;1,337;41;80,0;42,0;0,8;45890;--
4058,9;80,0;35,6;29,1;1,337;41;80,0;42,0;0,8;46100;--
4059,1;80,0;35,2;29,1;1,337;41;80,0;41,5;0,8;46210;--
4059,4;80,0;35,0;29,1;1,342;41;80,0;41,3;0,8;46235;--
4059,6;80,0;34,9;29,1;1,342;41;80,0;41,1;0,8;46110;--
4059,8;80,0;34,7;29,1;1,347;41;80,0;40,9;0,8;46230;--
4060,0;80,0;34,2;29,1;1,347;41;80,0;40,3;0,8;46305;--
4060,2;80,0;33,8;29,1;1,347;41;80,0;39,8;0,8;46235;--
4060,5;80,0;34,1;29,1;1,353;41;80,0;40,1;0,8;46180;--
4060,7;80,0;34,0;29,1;1,353;41;80,0;40,0;0,8;46275;--
4060,9;80,0;33,8;29,1;1,358;41;80,0;39,8;0,8;46220;--
4061,1;80,0;33,8;29,1;1,358;41;80,0;39,8;0,8;46240;--
4061,3;80,0;34,3;29,1;1,363;41;80,0;40,4;0,8;46110;--
4061,5;80,0;35,2;29,1;1,363;41;80,0;41,5;0,8;46055;--
4061,8;80,0;35,3;29,1;1,363;41;80,0;41,6;0,8;46030;--
4062,0;80,0;35,1;29,1;1,368;41;80,0;41,4;0,8;46210;--
4062,2;80,0;34,3;29,1;1,368;41;80,0;40,4;0,8;46445;--
4062,4;80,0;33,1;29,1;1,373;41;80,0;38,9;0,8;46645;--
4062,6;80,0;32,8;29,1;1,373;41;80,0;38,5;0,8;46480;--
4062,9;80,0;33,0;29,1;1,378;41;80,0;38,8;0,8;46360;--
4063,1;80,0;33,2;29,1;1,378;41;80,0;39,0;0,8;46290;--
4063,3;80,0;33,7;29,1;1,378;41;80,0;39,6;0,8;46195;--
4063,5;80,0;33,5;29,1;1,383;41;80,0;39,4;0,8;46335;--
4063,7;80,0;33,1;29,1;1,383;41;80,0;38,9;0,8;46480;--
4063,9;80,0;32,9;29,1;1,388;41;80,0;38,6;0,8;46495;--
4064,2;80,0;32,6;29,1;1,388;41;80,0;38,3;0,8;46675;--
4064,4;80,0;31,8;29,2;1,393;41;80,0;37,3;0,8;46745;--
4064,6;80,0;31,8;29,2;1,393;41;80,0;37,3;0,8;46705;--
4064,8;80,0;31,9;29,1;1,393;41;80,0;37,4;0,8;46510;--
4065,0;80,0;32,4;29,1;1,398;41;80,0;38,0;0,8;46475;--
4065,3;80,0;32,7;29,1;1,398;41;80,0;38,4;0,8;46400;--
4065,5;80,0;33,0;29,1;1,403;41;80,0;38,8;0,8;46315;--
4065,7;80,0;33,0;29,1;1,403;41;80,0;38,8;0,8;46385;--
4065,9;80,0;33,3;29,1;1,408;41;80,0;39,1;0,8;46200;--
4066,1;80,0;34,0;29,1;1,408;41;80,0;40,0;0,8;46145;--
4066,3;80,0;34,4;29,1;1,408;41;80,0;40,5;0,8;45985;--
4066,6;80,0;35,3;29,0;1,413;41;80,0;41,6;0,8;45930;--
4066,8;80,0;35,8;29,0;1,413;41;80,0;42,3;0,8;45755;--
4067,0;80,0;36,3;29,0;1,419;41;80,0;42,9;0,8;45680;--
4067,2;80,0;36,9;29,0;1,419;41;80,0;43,6;0,8;45550;--
4067,4;80,0;37,4;29,0;1,424;41;80,0;44,3;0,8;45520;--
4067,7;80,0;37,4;29,0;1,424;41;80,0;44,3;0,8;45550;--
4067,9;80,0;37,3;29,0;1,424;41;80,0;44,1;0,8;45530;--
4068,1;80,0;37,1;29,0;1,430;41;80,0;43,9;0,8;45575;--
4068,3;80,0;37,1;29,0;1,430;41;80,0;43,9;0,8;45505;--
4068,5;80,0;37,2;28,9;1,435;41;80,0;44,0;0,8;45350;--
4068,7;80,0;38,0;28,9;1,435;41;80,0;45,0;0,8;45315;--
4069,0;80,0;38,6;28,9;1,441;41;80,0;45,8;0,8;45040;--
4069,2;80,0;38,9;28,9;1,441;41;80,0;46,1;0,8;45175;--
4069,4;80,0;39,1;28,9;1,441;41;80,0;46,4;0,8;45080;--
4069,6;80,0;39,9;28,8;1,447;41;80,0;47,4;0,8;44815;--
4069,8;80,0;40,9;28,8;1,447;41;80,0;48,6;0,8;44625;--
4070,1;80,0;41,9;28,8;1,453;41;80,0;49,9;0,8;44535;--
4070,3;80,0;41,7;28,8;1,453;41;80,0;49,6;0,8;44765;--
4070,5;80,0;40,7;28,8;1,453;41;80,0;48,4;0,8;45130;--
4070,7;80,0;39,8;28,8;1,460;41;80,0;47,3;0,8;45105;--
4070,9;80,0;39,5;28,8;1,460;41;80,0;46,9;0,8;45050;--
4071,1;80,0;39,5;28,8;1,466;42;80,0;46,9;0,8;44955;--
4071,4;80,0;39,4;28,8;1,466;42;80,0;46,8;0,8;44975;--
4071,6;80,0;39,1;28,8;1,471;42;80,0;46,4;0,8;45060;--
4071,8;80,0;39,0;28,8;1,471;42;80,0;46,3;0,8;45105;--
4072,0;80,0;38,7;28,8;1,471;42;80,0;45,9;0,8;45070;--
4072,2;80,0;38,8;28,8;1,477;42;80,0;46,0;0,8;44970;--
4072,5;80,0;39,6;28,8;1,477;42;80,0;47,0;0,8;44865;--
4072,7;80,0;40,3;28,8;1,483;42;80,0;47,9;0,8;44775;--
4072,9;80,0;40,8;28,7;1,483;42;80,0;48,5;0,8;44605;--
4073,1;80,0;41,3;28,7;1,489;42;80,0;49,1;0,8;44565;--
4073,3;80,0;41,5;28,7;1,489;42;80,0;49,4;0,8;44505;--
4073,6;80,0;41,8;28,7;1,489;42;80,0;49,8;0,8;44410;--
4073,8;80,0;42,1;28,7;1,496;42;80,0;50,1;0,8;44340;--
4074,0;80,0;42,6;28,7;1,496;42;80,0;50,8;0,8;44190;--
4074,2;80,0;43,1;28,7;1,502;42;80,0;51,4;0,8;44080;--
4074,4;80,0;43,5;28,6;1,502;42;80,0;51,9;0,8;44030;--
4074,6;80,0;44,3;28,6;1,509;42;80,0;52,9;0,8;43900;--
4074,9;80,0;44,7;28,6;1,509;42;80,0;53,4;0,8;43845;--
4075,1;80,0;44,9;28,6;1,509;42;80,0;53,6;0,8;43890;--
4075,3;80,0;44,9;28,6;1,516;42;80,0;53,6;0,8;43795;--
4075,5;80,0;44,8;28,6;1,516;42;80,0;53,5;0,8;43825;--
4075,7;80,0;44,7;28,6;1,522;42;80,0;53,4;0,8;43915;--
4076,0;80,0;44,3;28,6;1,522;42;80,0;52,9;0,8;43975;--
4076,2;80,0;44,3;28,6;1,529;42;80,0;52,9;0,8;43910;--
4076,4;80,0;44,2;28,6;1,529;42;80,0;52,8;0,8;44105;--
4076,6;80,0;43,2;28,6;1,529;42;80,0;51,5;0,8;44265;--
4076,8;80,0;42,3;28,6;1,536;42;80,0;50,4;0,8;44425;--
4077,0;80,0;41,5;28,6;1,536;42;80,0;49,4;0,8;44645;--
4077,3;80,0;40,7;28,7;1,542;42;80,0;48,4;0,8;44640;--
4077,5;80,0;40,1;28,7;1,542;43;80,0;47,6;0,8;44865;--
4077,7;80,0;38,8;28,7;1,548;43;80,0;46,0;0,8;45100;--
4077,9;79,5;37,4;28,7;1,548;43;80,0;44,3;0,8;45185;--
4078,1;79,5;36,6;28,8;1,548;43;80,0;43,3;0,8;45265;--
4078,4;79,5;36,2;28,8;1,553;43;79,5;43,0;0,8;45260;--
4078,6;79,5;36,2;28,8;1,553;43;80,0;42,8;0,8;45285;--
4078,8;79,5;36,0;28,8;1,559;43;79,5;42,8;0,8;45320;--
4079,0;79,5;36,0;28,8;1,559;43;79,5;42,8;0,8;45325;--
4079,2;79,5;35,7;28,8;1,564;43;79,5;42,4;0,8;45395;--
4079,4;79,5;35,1;28,8;1,564;43;79,5;41,6;0,8;45560;--
4079,7;79,5;35,0;28,8;1,564;43;79,5;41,5;0,8;45460;--
4079,9;79,5;35,0;28,8;1,569;43;79,5;41,5;0,8;45520;--
4080,1;79,5;35,1;28,8;1,569;43;79,5;41,6;0,8;45435;--
4080,3;79,5;35,4;28,8;1,575;43;79,5;42,0;0,8;45435;--
4080,5;79,5;35,6;28,8;1,575;43;79,5;42,3;0,8;45335;--
4080,8;79,5;35,8;28,8;1,580;43;79,5;42,5;0,8;45315;--
4081,0;79,5;36,2;28,8;1,580;43;79,5;43,0;0,8;45240;--
4081,2;79,5;36,4;28,8;1,580;43;79,5;43,3;0,8;45140;--
4081,6;79,5;37,2;28,7;1,586;43;79,5;44,3;0,8;44970;--
4081,8;79,5;37,8;28,7;1,591;43;79,5;45,0;0,8;44770;--
4082,1;80,0;38,3;28,7;1,591;43;80,0;45,4;0,8;44620;--
4082,3;80,0;39,5;28,7;1,591;43;80,0;46,9;0,8;44445;--
4082,5;80,0;40,2;28,7;1,597;43;80,0;47,8;0,8;44340;--
4082,7;80,0;40,8;28,6;1,597;43;79,5;48,8;0,8;44375;--
4082,9;80,0;41,0;28,6;1,603;43;79,5;49,1;0,8;44315;--
4083,2;80,0;41,1;28,6;1,603;43;79,5;49,2;0,8;44285;--
4083,4;79,5;41,2;28,6;1,610;43;79,5;49,3;0,8;44230;--
4083,6;79,5;41,6;28,6;1,610;43;79,5;49,8;0,8;44115;--
4083,8;80,0;42,1;28,6;1,610;43;80,0;50,1;0,8;43990;--
4084,0;80,0;42,2;28,6;1,616;43;80,0;50,3;0,8;44040;--
4084,2;80,0;42,3;28,6;1,616;43;80,0;50,4;0,8;43990;--
4084,5;80,0;42,6;28,6;1,622;43;80,0;50,8;0,8;44065;--
4084,7;80,0;42,5;28,6;1,622;43;80,0;50,6;0,8;44135;--
4084,9;80,0;42,0;28,6;1,629;43;80,0;50,0;0,8;44215;--
4085,1;80,0;41,9;28,6;1,629;43;80,0;49,9;0,8;44200;--
4085,3;80,0;41,5;28,6;1,629;43;79,5;49,7;0,8;44220;--
4085,6;80,0;41,2;28,6;1,635;43;80,0;49,0;0,8;44295;--
4085,8;80,0;41,2;28,6;1,635;43;80,0;49,0;0,8;44380;--
4086,0;79,5;40,8;28,6;1,641;43;79,5;48,8;0,8;44375;--
4086,2;79,5;40,6;28,6;1,641;43;79,5;48,6;0,8;44305;--
4086,4;79,0;40,1;28,6;1,647;43;79,0;48,2;0,8;44210;--
4086,6;77,0;38,1;28,6;1,647;43;77,0;46,9;0,8;43660;--
4086,9;75,5;35,2;28,7;1,647;43;75,5;44,0;0,8;42865;--
4087,1;69,0;31,5;28,8;1,653;43;70,0;42,1;0,8;42100;--
4087,3;69,0;25,2;29,0;1,653;43;69,0;33,6;0,9;40290;--
4087,5;69,0;23,6;29,0;1,656;43;69,0;31,3;0,9;40445;--
4087,7;69,0;23,3;29,0;1,656;43;69,0;30,9;0,9;40175;--
4088,0;69,0;24,4;29,0;1,660;43;69,0;32,5;0,9;40060;--
4088,2;71,5;25,2;29,0;1,660;43;70,5;32,9;0,9;40255;--
4088,4;74,5;29,7;28,9;1,660;43;74,0;37,4;0,8;42020;--
4088,6;74,5;31,4;28,9;1,664;43;74,5;39,5;0,8;42195;--
4088,8;74,0;32,0;28,9;1,664;43;74,0;40,5;0,8;42035;--
4089,0;74,0;32,3;28,8;1,669;43;74,0;40,9;0,8;41930;--
4089,3;74,0;32,5;28,8;1,669;43;74,0;41,2;0,8;41860;--
4089,5;74,0;32,7;28,8;1,674;43;74,0;41,5;0,8;41790;--
4089,7;74,0;32,7;28,8;1,674;43;74,0;41,5;0,8;41840;--
4089,9;74,0;32,7;28,8;1,674;43;74,0;41,5;0,8;41745;--
4090,1;74,0;33,3;28,8;1,679;43;74,0;42,3;0,8;41630;--
4090,4;74,0;34,0;28,8;1,679;43;74,0;43,2;0,8;41600;--
4090,6;74,0;34,1;28,8;1,684;43;74,0;43,4;0,8;41600;--
4090,8;74,0;34,3;28,8;1,684;43;74,0;43,6;0,8;41535;--
4091,0;74,0;34,3;28,8;1,684;43;74,0;43,6;0,8;41550;--
4091,2;74,0;34,4;28,8;1,689;43;74,0;43,8;0,8;41565;--
4091,5;74,0;34,4;28,8;1,689;43;74,0;43,8;0,8;41580;--
4091,7;74,0;34,4;28,8;1,694;43;74,0;43,8;0,8;41635;--
4091,9;74,0;34,1;28,8;1,694;43;74,0;43,4;0,8;41665;--
4092,1;74,0;33,9;28,8;1,700;43;74,0;43,1;0,8;41725;--
4092,3;74,0;33,8;28,8;1,700;43;74,0;43,0;0,8;41765;--
4092,5;74,0;33,3;28,8;1,700;43;74,0;42,3;0,8;41770;--
4092,8;74,5;33,6;28,8;1,705;43;74,5;42,4;0,8;41930;--
4093,0;74,5;33,5;28,8;1,705;43;74,5;42,3;0,8;42105;--
4093,2;74,5;33,3;28,8;1,710;43;74,5;42,0;0,8;42160;--
4093,4;74,5;32,8;28,8;1,710;43;74,5;41,3;0,8;42165;--
4093,6;74,5;32,4;28,8;1,715;44;74,5;40,8;0,8;42120;--
4093,9;74,5;32,6;28,8;1,715;44;74,5;41,1;0,8;42215;--
4094,1;74,5;32,4;28,8;1,715;44;74,5;40,8;0,8;42305;--
4094,3;74,5;32,0;28,8;1,720;44;74,5;40,3;0,8;42200;--
4094,5;74,5;32,0;28,8;1,720;44;74,5;40,3;0,8;42190;--
4094,7;74,5;32,3;28,8;1,724;44;74,5;40,7;0,8;42115;--
4094,9;74,5;32,5;28,8;1,724;44;74,5;40,9;0,8;42120;--
4095,2;74,5;32,1;28,8;1,729;44;74,5;40,4;0,8;42245;--
4095,4;74,5;31,8;28,8;1,729;44;74,5;40,0;0,8;42225;--
4095,6;74,5;31,8;28,8;1,729;44;74,5;40,0;0,8;42175;--
4095,8;74,0;31,9;28,8;1,734;44;74,0;40,4;0,8;42055;--
4096,0;74,5;32,2;28,8;1,734;44;74,5;40,5;0,8;42175;--
4096,3;74,5;32,2;28,8;1,739;44;74,5;40,5;0,8;42165;--
4096,5;74,5;32,7;28,8;1,739;44;74,5;41,2;0,8;42000;--
4096,7;74,5;33,6;28,8;1,739;44;74,5;42,4;0,8;41935;--
4096,9;74,5;33,9;28,8;1,744;44;74,5;42,8;0,8;41900;--
4097,1;74,5;34,2;28,8;1,744;44;74,5;43,2;0,8;41785;--
4097,3;74,5;34,3;28,8;1,749;44;74,5;43,4;0,8;41760;--
4097,6;74,5;34,3;28,8;1,749;44;74,5;43,4;0,8;41740;--
4097,8;74,5;34,4;28,8;1,754;44;74,5;43,5;0,8;41685;--
4098,0;74,5;34,7;28,7;1,754;44;74,5;43,9;0,8;41600;--
4098,2;74,0;35,1;28,7;1,754;44;74,0;44,7;0,8;41555;--
4098,4;74,0;35,0;28,7;1,760;44;74,0;44,6;0,8;41500;--
4098,7;74,0;35,1;28,7;1,760;44;74,0;44,7;0,8;41465;--
4098,9;74,5;35,3;28,7;1,765;44;74,5;44,7;0,8;41465;--
4099,1;74,0;35,3;28,7;1,765;44;74,0;45,0;0,8;41500;--
4099,3;74,0;35,0;28,7;1,770;44;74,0;44,6;0,8;41555;--
4099,5;74,0;34,9;28,7;1,770;44;74,0;44,5;0,8;41565;--
4099,7;74,0;34,9;28,7;1,770;44;74,0;44,5;0,8;41530;--
4100,0;74,0;34,8;28,7;1,775;44;74,0;44,3;0,8;41555;--
4100,2;74,0;34,7;28,7;1,775;44;74,0;44,2;0,8;41670;--
4100,4;74,0;34,5;28,7;1,781;44;74,0;43,9;0,8;41640;--
4100,6;74,0;34,5;28,7;1,781;44;74,0;43,9;0,8;41590;--
4100,8;74,0;34,5;28,7;1,786;44;74,0;43,9;0,8;41635;--
4101,1;74,0;34,5;28,7;1,786;44;74,0;43,9;0,8;41625;--
4101,3;74,0;34,4;28,7;1,786;44;74,0;43,8;0,8;41625;--
4101,5;74,0;34,3;28,7;1,791;44;74,0;43,6;0,8;41650;--
4101,7;74,0;34,2;28,7;1,791;44;74,0;43,5;0,8;41615;--
4101,9;74,0;34,3;28,7;1,796;44;74,0;43,6;0,8;41625;--
4102,1;74,0;34,3;28,7;1,796;44;74,0;43,6;0,8;41685;--
4102,4;74,0;34,2;28,7;1,796;44;74,0;43,5;0,8;41665;--
4102,6;73,5;33,9;28,7;1,801;44;73,5;43,4;0,8;41685;--
4102,8;69,5;29,9;28,8;1,801;44;69,5;40,1;0,8;40045;--
4103,0;69,5;27,8;28,9;1,806;44;69,5;37,1;0,9;39705;--
4103,2;69,5;27,5;28,9;1,806;44;69,5;36,7;0,9;39820;--
4103,5;69,5;27,5;28,9;1,810;44;69,5;36,7;0,9;39720;--
4103,7;69,5;27,6;28,9;1,810;44;69,5;36,8;0,9;39580;--
4103,9;69,5;28,3;28,9;1,810;44;69,5;37,8;0,8;39425;--
4104,1;69,5;28,5;28,9;1,814;44;69,5;38,1;0,9;39410;--
4104,3;69,0;28,2;28,9;1,814;44;69,0;38,0;0,9;39515;--
4104,5;69,0;27,8;28,9;1,819;44;69,0;37,4;0,9;39340;--
4104,8;57,0;21,8;29,1;1,819;44;57,5;34,4;0,9;36345;--
4105,0;39,5;7,8;29,3;1,821;44;39,5;14,7;0,9;28635;--
4105,2;29,0;0,5;29,5;1,821;44;29,0;0,0;0,9;22830;--
4105,4;28,5;0,0;29,6;1,821;44;28,5;0,0;0,9;20795;--
4105,6;28,5;0,0;29,6;1,821;44;28,5;0,0;0,9;20455;--
4105,9;27,5;0,0;29,6;1,821;44;27,5;0,0;0,9;20075;--
4106,1;23,0;0,0;29,6;1,820;44;23,0;0,0;0,9;17780;--
4106,3;23,0;0,0;29,6;1,820;44;23,0;0,0;0,9;16900;--
4106,5;23,0;0,0;29,7;1,820;44;23,0;0,0;0,9;16780;--
4106,7;23,0;0,0;29,7;1,820;44;23,0;0,0;0,9;16800;--
4106,9;23,5;0,0;29,7;1,820;44;23,5;0,0;0,9;16925;--
4107,2;23,0;0,0;29,7;1,820;44;23,0;0,0;0,9;16905;--
4107,4;23,0;0,0;29,7;1,820;44;23,0;0,0;0,9;16895;--
4107,6;23,0;0,0;29,7;1,820;44;23,0;0,0;0,9;16935;--
4107,8;23,5;0,0;29,7;1,820;44;23,5;0,0;0,9;16995;--
4108,0;23,5;0,0;29,7;1,820;44;23,5;0,0;0,9;17055;--
4108,3;23,5;0,0;29,8;1,820;44;23,5;0,0;0,9;17090;--
4108,5;23,5;0,0;29,8;1,820;44;23,5;0,0;0,9;17160;--
4108,7;24,0;0,0;29,8;1,820;44;24,0;0,0;0,9;17320;--
4108,9;24,5;0,0;29,8;1,820;43;24,5;0,0;0,9;17635;--
4109,1;24,5;0,0;29,8;1,820;43;24,5;0,0;0,9;17840;--
4109,3;28,0;0,1;29,8;1,820;43;27,5;0,0;0,9;19260;--
4109,6;29,0;0,0;29,8;1,820;43;29,0;0,0;0,9;20585;--
4109,8;32,5;0,4;29,8;1,820;43;32,0;0,0;0,9;22175;--
4110,0;34,0;0,5;29,8;1,820;43;34,0;0,0;0,9;23515;--
4110,2;36,5;1,0;29,8;1,820;43;36,0;0,0;0,9;24195;--
4110,4;41,5;3,2;29,8;1,820;43;41,5;2,9;0,9;26805;--
4110,7;46,0;5,3;29,7;1,821;43;46,0;7,2;0,9;28810;--
4110,9;49,5;7,3;29,7;1,821;43;49,0;10,8;0,9;30235;--
4111,1;52,5;9,9;29,7;1,821;43;52,5;15,0;0,9;32010;--
4111,5;63,5;19,8;29,4;1,822;43;63,5;28,0;0,9;36875;--
4111,7;68,5;24,4;29,3;1,825;43;68,0;32,9;0,9;38790;--
4112,0;69,5;27,4;29,2;1,825;43;69,5;36,5;0,8;39885;--
4112,2;69,0;28,1;29,2;1,829;43;69,0;37,8;0,8;39825;--
4112,4;69,0;28,3;29,2;1,829;43;69,0;38,1;0,9;39780;--
4112,6;69,5;28,7;29,2;1,829;43;69,5;38,4;0,9;40085;--
4112,8;70,0;28,8;29,1;1,834;43;70,0;38,3;0,9;40250;--
4113,1;71,0;29,4;29,1;1,834;43;71,0;38,6;0,9;40695;--
4113,3;71,0;28,5;29,1;1,838;43;71,0;37,3;0,9;41100;--
4113,5;71,0;27,5;29,1;1,838;43;71,0;35,9;0,9;41435;--
4113,7;70,5;26,3;29,2;1,842;43;70,5;34,5;0,9;41295;--
4113,9;70,0;25,3;29,2;1,842;43;70,0;33,3;0,9;41210;--
4114,2;70,0;24,8;29,2;1,842;43;70,0;32,6;0,9;40910;--
4114,4;70,0;24,8;29,2;1,846;43;70,0;32,6;0,9;40865;--
4114,6;70,0;25,4;29,2;1,846;43;70,0;33,4;0,9;40710;--
4114,8;70,0;25,5;29,1;1,850;43;70,0;33,6;0,9;40995;--
4115,0;71,5;25,5;29,1;1,850;43;71,5;32,9;0,9;41190;--
4115,2;74,5;29,5;29,0;1,854;43;74,5;36,9;0,8;42210;--
4115,5;78,0;33,1;28,9;1,854;43;78,0;39,9;0,8;43380;--
4115,7;80,0;37,7;28,8;1,854;43;80,0;44,6;0,8;44420;--
4115,9;80,5;40,7;28,7;1,859;43;80,5;48,1;0,8;44505;--
4116,1;80,0;42,1;28,7;1,859;43;80,0;50,1;0,8;44370;--
4116,3;80,0;42,5;28,6;1,866;43;80,0;50,6;0,8;44245;--
4116,6;80,0;42,8;28,6;1,866;43;80,0;51,0;0,8;44110;--
4116,8;80,0;42,9;28,6;1,866;43;80,0;51,1;0,8;44140;--
4117,0;80,0;43,0;28,6;1,872;43;80,0;51,3;0,8;44060;--
4117,2;80,0;43,4;28,5;1,872;44;80,0;51,8;0,8;44065;--
4117,4;80,0;43,3;28,6;1,879;44;80,0;51,6;0,8;44140;--
4117,6;80,0;42,9;28,6;1,879;44;80,0;51,1;0,8;44170;--
4117,9;80,0;43,2;28,5;1,885;44;80,0;51,5;0,8;44000;--
4118,1;80,0;43,7;28,5;1,885;44;80,0;52,1;0,8;43910;--
4118,3;79,5;43,0;28,5;1,885;44;79,5;51,6;0,8;44030;--
4118,5;80,0;42,1;28,5;1,892;44;79,5;50,4;0,8;44035;--
4118,7;79,5;42,2;28,5;1,892;44;79,5;50,6;0,8;43825;--
4119,0;80,5;43,3;28,5;1,898;44;80,0;51,6;0,8;43945;--
4119,2;82,0;44,3;28,5;1,898;44;82,0;51,6;0,8;44885;--
4119,4;82,5;45,1;28,4;1,905;44;82,5;52,2;0,8;45020;--
4119,6;82,0;45,7;28,4;1,905;44;82,0;53,3;0,8;44810;--
4119,8;81,5;45,8;28,4;1,905;44;81,5;53,7;0,8;44540;--
4120,0;81,5;45,8;28,4;1,912;44;81,5;53,7;0,8;44285;--
4120,3;81,0;46,0;28,3;1,912;44;81,0;54,3;0,8;44180;--
4120,5;81,5;46,1;28,3;1,919;44;81,5;54,1;0,8;44175;--
4120,7;81,0;46,0;28,3;1,919;44;81,0;54,3;0,8;44105;--
4120,9;79,0;45,2;28,4;1,926;44;79,0;54,7;0,8;43485;--
4121,1;76,0;41,1;28,4;1,926;44;76,0;51,4;0,8;42100;--
4121,4;75,0;39,0;28,5;1,926;44;75,0;49,3;0,8;41510;--
4121,6;75,0;38,4;28,5;1,932;44;75,0;48,5;0,8;41310;--
4121,8;75,0;38,3;28,5;1,932;44;75,0;48,4;0,8;41215;--
4122,0;75,0;38,2;28,5;1,937;45;75,0;48,3;0,8;41160;--
4122,2;75,0;38,2;28,5;1,937;45;75,0;48,3;0,8;41165;--
4122,4;74,0;37,4;28,5;1,943;45;74,0;47,8;0,8;40910;--
4122,7;69,0;33,5;28,6;1,943;45;69,0;45,7;0,8;39150;--
4122,9;68,5;30,4;28,7;1,943;45;68,5;41,5;0,8;38425;--
4123,1;68,5;29,8;28,7;1,948;45;68,5;40,6;0,8;38410;--
4123,3;68,5;29,6;28,7;1,948;45;68,5;40,3;0,9;38365;--
4123,5;68,5;29,7;28,8;1,952;45;68,5;40,4;0,9;38335;--
4123,8;64,5;28,2;28,8;1,952;45;65,0;40,3;0,9;37440;--
4124,0;64,0;25,2;28,8;1,956;45;64,0;36,3;0,9;36445;--
4124,2;64,0;24,4;28,8;1,956;45;64,0;35,0;0,9;36460;--
4124,4;64,0;23,8;28,9;1,956;45;64,0;34,1;0,9;36535;--
4124,6;64,0;23,5;28,9;1,960;45;64,0;33,6;0,9;36785;--
4124,8;64,0;22,3;28,9;1,960;45;64,0;31,7;0,9;37010;--
4125,1;64,0;22,5;28,9;1,963;45;64,0;32,0;0,9;36635;--
4125,3;64,0;22,8;28,9;1,963;45;64,0;32,5;0,9;36790;--
4125,5;64,0;22,9;28,9;1,963;45;64,0;32,7;0,9;36670;--
4125,7;64,0;23,3;28,9;1,967;45;64,0;33,3;0,9;36590;--
4125,9;64,0;23,5;28,9;1,967;45;64,0;33,6;0,9;36570;--
4126,2;64,0;23,4;28,9;1,970;45;64,0;33,4;0,9;36655;--
4126,4;64,0;23,4;28,9;1,970;45;64,0;33,4;0,9;36660;--
4126,6;64,0;23,2;28,9;1,974;45;64,0;33,1;0,9;36755;--
4126,8;64,0;23,1;28,9;1,974;45;64,0;33,0;0,9;36780;--
4127,0;64,0;23,0;28,9;1,974;45;64,0;32,8;0,9;36755;--
4127,2;64,0;22,8;29,0;1,977;45;64,0;32,5;0,9;36770;--
4127,5;64,0;22,9;29,0;1,977;45;64,0;32,7;0,9;36780;--
4127,7;64,0;22,9;29,0;1,981;45;64,0;32,7;0,9;36760;--
4127,9;64,0;23,0;29,0;1,981;45;64,0;32,8;0,9;36750;--
4128,1;64,0;23,0;29,0;1,984;45;64,0;32,8;0,9;36705;--
4128,3;64,0;23,1;29,0;1,984;45;64,0;33,0;0,9;36735;--
4128,6;64,0;23,1;29,0;1,984;45;64,0;33,0;0,9;36725;--
4128,8;64,0;23,4;29,0;1,988;45;64,0;33,4;0,9;36645;--
4129,0;64,0;23,6;28,9;1,988;45;64,0;33,8;0,9;36555;--
4129,2;64,0;23,7;28,9;1,991;45;64,0;33,9;0,9;36615;--
4129,4;64,0;23,6;29,0;1,991;45;64,0;33,8;0,9;36640;--
4129,7;63,5;23,4;29,0;1,995;45;63,5;33,7;0,9;36785;--
4129,9;62,0;21,7;29,0;1,995;45;62,0;31,8;0,9;36140;--
4130,1;62,5;21,5;29,0;1,995;45;62,5;31,2;0,9;36240;--
4130,3;62,5;21,2;29,0;1,998;45;62,5;30,7;0,9;36380;--
4130,5;62,5;21,1;29,0;1,998;45;62,5;30,6;0,9;36400;--
4130,7;62,5;21,0;29,0;2,001;45;62,5;30,4;0,9;36475;--
4131,0;62,5;20,6;29,0;2,001;45;62,5;29,8;0,9;36440;--
4131,2;62,5;20,4;29,0;2,001;45;62,5;29,4;0,9;36410;--
4131,4;62,5;20,6;29,0;2,004;45;62,5;29,8;0,9;36415;--
4131,6;62,5;20,6;29,0;2,004;45;62,5;29,8;0,9;36320;--
4131,8;62,5;21,2;29,0;2,007;45;62,5;30,7;0,9;36270;--
4132,1;62,5;21,5;29,0;2,007;45;62,5;31,2;0,9;36270;--
4132,3;62,5;21,7;29,0;2,011;45;62,5;31,5;0,9;36180;--
4132,5;62,5;22,0;29,0;2,011;45;62,5;32,0;0,9;36135;--
4132,7;62,5;22,3;29,0;2,011;45;62,5;32,5;0,9;36000;--
4132,9;62,5;22,4;29,0;2,014;45;62,5;32,6;0,9;36040;--
4133,1;63,5;22,6;29,0;2,014;45;63,5;32,4;0,9;36180;--
4133,4;66,0;24,7;28,9;2,017;45;66,0;34,4;0,9;37320;--
4133,6;66,0;25,8;28,9;2,017;45;66,0;36,1;0,9;37580;--
4133,8;66,0;26,0;28,9;2,021;45;66,0;36,4;0,9;37620;--
4134,0;66,0;25,7;28,9;2,021;45;66,0;35,9;0,9;37510;--
4134,2;65,5;25,5;28,9;2,021;45;65,5;35,9;0,9;37500;--
4134,5;65,5;25,3;28,9;2,025;45;65,5;35,6;0,9;37360;--
4134,7;65,5;25,2;28,9;2,025;45;65,5;35,4;0,9;37460;--
4134,9;65,5;24,9;28,9;2,029;45;65,5;35,0;0,9;37520;--
4135,1;65,5;24,2;28,9;2,029;45;65,5;33,9;0,9;37705;--
4135,3;65,5;24,0;28,9;2,033;45;65,5;33,6;0,9;37645;--
4135,5;65,5;24,3;28,9;2,033;45;65,5;34,0;0,9;37490;--
4135,8;65,5;24,7;28,9;2,033;45;65,5;34,7;0,9;37350;--
4136,0;65,5;25,0;28,9;2,036;45;65,5;35,1;0,9;37305;--
4136,2;64,5;25,1;28,9;2,036;45;64,5;35,8;0,9;37035;--
4136,4;64,0;23,9;28,9;2,040;45;64,0;34,2;0,9;36875;--
4136,6;64,0;23,3;28,9;2,040;45;64,0;33,3;0,9;37015;--
4136,9;64,0;22,7;29,0;2,040;45;64,0;32,3;0,9;37015;--
4137,1;64,0;22,5;29,0;2,044;45;64,0;32,0;0,9;36890;--
4137,3;61,5;22,2;29,0;2,044;45;62,0;32,6;0,9;36525;--
4137,5;57,0;17,4;29,1;2,047;45;57,0;27,0;0,9;34215;--
4137,7;56,5;15,6;29,1;2,047;45;56,5;24,1;0,9;33865;--
4137,9;52,0;12,9;29,2;2,049;45;52,0;21,0;0,9;31895;--
4138,2;51,5;11,5;29,2;2,049;45;51,5;18,4;0,9;31345;--
4138,4;52,0;11,2;29,2;2,049;45;52,0;17,7;0,9;31395;--
4138,6;52,0;11,1;29,2;2,051;45;52,0;17,5;0,9;31435;--
4138,8;52,0;11,1;29,3;2,051;45;52,0;17,5;0,9;31390;--
4139,0;52,0;11,1;29,3;2,052;45;52,0;17,5;0,9;31390;--
4139,3;46,5;9,8;29,3;2,052;44;47,5;16,4;0,9;30325;--
4139,5;40,5;5,8;29,4;2,053;44;41,0;9,3;0,9;27320;--
4139,7;38,0;4,3;29,4;2,053;44;38,5;6,0;0,9;25840;--
4139,9;35,0;2,3;29,5;2,053;44;35,0;0,9;0,9;23605;--
4140,1;34,5;2,1;29,5;2,054;44;34,5;0,3;0,9;23205;--
4140,3;34,5;2,3;29,5;2,054;44;34,5;0,9;0,9;23140;--
4140,6;35,0;2,5;29,5;2,054;44;35,0;1,4;0,9;23165;--
4140,8;34,5;2,7;29,5;2,054;44;34,5;2,0;0,9;23105;--
4141,0;35,0;2,7;29,5;2,055;44;35,0;2,0;0,9;23300;--
4141,2;37,0;3,3;29,5;2,055;44;37,0;3,5;0,9;24045;--
4141,4;39,5;4,3;29,5;2,055;44;39,5;5,8;0,9;25085;--
4141,7;42,0;5,5;29,5;2,055;44;42,0;8,3;0,9;26210;--
4141,9;46,0;7,7;29,4;2,055;44;46,0;12,4;0,9;28035;--
4142,3;46,5;8,8;29,4;2,056;44;46,5;14,6;0,9;28795;--
4142,5;46,5;8,5;29,4;2,056;44;46,5;14,0;0,9;28785;--
4142,7;43,0;7,6;29,5;2,058;44;43,0;13,0;0,9;28350;--
4143,0;39,0;4,5;29,5;2,058;44;39,0;6,4;0,9;26170;--
4143,2;35,0;2,1;29,6;2,058;44;35,0;0,3;0,9;23720;--
4143,4;35,0;2,2;29,6;2,058;44;35,0;0,6;0,9;23310;--
4143,6;28,0;1,2;29,6;2,059;44;28,5;0,0;0,9;21450;--
4143,8;17,5;0,0;29,7;2,059;44;18,0;0,0;0,9;15995;--
4144,1;15,5;0,0;29,7;2,059;44;15,5;0,0;0,9;12230;--
4144,3;20,0;0,2;29,6;2,058;44;20,0;0,0;0,9;13080;--
4144,5;20,5;0,8;29,6;2,058;44;20,5;0,0;0,9;14730;--
4144,7;20,5;0,7;29,7;2,059;44;20,5;0,0;0,9;14915;--
4144,9;21,0;0,6;29,7;2,059;44;21,0;0,0;0,9;15010;--
4145,1;21,0;0,5;29,7;2,059;44;21,0;0,0;0,9;15065;--
4145,4;21,0;0,2;29,7;2,059;44;21,0;0,0;0,9;15075;--
4145,6;31,0;1,9;29,6;2,059;44;30,5;0,0;0,9;18725;--
4145,8;40,0;5,3;29,6;2,059;44;40,0;8,3;0,9;24345;--
4146,0;40,5;5,8;29,6;2,059;44;40,5;9,4;0,9;25815;--
4146,2;45,5;7,3;29,6;2,060;44;45,5;11,6;0,9;27770;--
4146,5;46,5;8,6;29,5;2,060;44;46,5;14,2;0,9;28790;--
4146,7;44,5;7,8;29,6;2,061;44;45,0;12,9;0,9;28310;--
4146,9;44,0;6,9;29,6;2,061;44;44,0;11,1;0,9;28035;--
4147,1;44,0;6,5;29,6;2,061;44;44,0;10,2;0,9;28000;--
4147,3;44,0;6,3;29,6;2,062;44;44,0;9,8;0,9;27760;--
4147,6;44,5;6,7;29,6;2,062;44;44,5;10,6;0,9;27875;--
4147,8;39,5;5,6;29,6;2,063;44;39,5;9,1;0,9;27085;--
4148,0;35,0;2,2;29,7;2,063;44;35,0;0,6;0,9;23855;--
4148,2;37,0;2,3;29,7;2,063;44;36,5;0,8;0,9;23595;--
4148,4;42,0;5,0;29,6;2,063;44;42,0;7,1;0,9;25595;--
4148,6;46,5;8,4;29,6;2,063;44;46,5;13,8;0,9;28425;--
4148,9;41,5;7,7;29,6;2,065;44;42,0;13,6;0,9;27640;--
4149,1;40,5;5,6;29,6;2,065;44;40,5;8,9;0,9;26165;--
4149,3;42,0;5,5;29,6;2,065;44;41,5;8,4;0,9;26030;--
4149,5;45,5;7,8;29,6;2,065;44;45,5;12,7;0,9;27890;--
4149,7;47,5;9,0;29,5;2,065;44;47,0;14,9;0,9;28580;--
4150,0;49,0;10,3;29,5;2,067;44;49,0;16,9;0,9;29790;--
4150,2;49,0;10,4;29,5;2,067;44;49,0;17,1;0,9;29980;--
4150,4;49,0;10,2;29,5;2,068;44;49,0;16,7;0,9;29940;--
4150,6;48,0;9,8;29,5;2,068;43;48,0;16,3;0,9;29735;--
4150,8;48,0;9,7;29,5;2,070;43;48,0;16,0;0,9;29455;--
4151,0;47,0;8,9;29,5;2,070;43;47,0;14,7;0,9;29240;--
4151,3;46,5;8,4;29,5;2,070;43;46,5;13,8;0,9;29095;--
4151,5;48,0;8,6;29,5;2,071;43;48,0;13,8;0,9;29595;--
4151,7;48,0;8,5;29,5;2,071;43;48,0;13,5;0,9;29870;--
4151,9;47,5;8,3;29,5;2,072;43;47,5;13,3;0,9;29670;--
4152,1;47,5;8,2;29,5;2,072;43;47,5;13,1;0,9;29640;--
4152,4;47,0;7,8;29,6;2,074;43;46,5;12,5;0,9;29300;--
4152,6;49,0;9,1;29,5;2,074;43;49,0;14,5;0,9;30050;--
4152,8;51,0;10,0;29,5;2,074;43;51,0;15,7;0,9;30715;--
4153,0;54,0;12,7;29,4;2,075;43;54,0;19,8;0,9;31975;--
4153,2;55,0;14,5;29,4;2,075;43;55,0;22,7;0,9;32740;--
4153,4;58,5;16,3;29,4;2,078;43;58,0;24,7;0,9;33540;--
4153,7;64,5;22,1;29,2;2,078;43;64,5;31,2;0,9;36270;--
4153,9;69,0;28,5;29,1;2,078;43;69,0;38,4;0,8;38995;--
4154,1;67,0;29,7;29,0;2,082;43;67,5;41,0;0,8;38960;--
4154,3;56,0;21,6;29,2;2,082;43;56,5;34,7;0,9;34415;--
4154,5;40,5;12,2;29,4;2,085;43;43,0;23,7;0,9;29360;--
4154,8;35,0;5,2;29,5;2,085;43;35,5;9,0;0,9;24590;--
4155,0;33,0;2,7;29,6;2,085;43;33,0;2,1;0,9;22410;--
4155,2;36,0;3,3;29,6;2,085;43;36,0;3,6;0,9;22980;--
4155,4;45,0;7,9;29,5;2,085;43;45,0;13,1;0,9;27240;--
4155,6;45,0;8,5;29,5;2,086;43;45,0;14,4;0,9;27915;--
4155,8;51,0;11,1;29,4;2,086;43;51,0;17,8;0,9;30240;--
4156,1;44,5;10,4;29,5;2,088;43;45,0;18,7;0,9;29700;--
4156,3;39,5;5,2;29,6;2,088;43;39,5;8,1;0,9;25950;--
4156,5;36,5;4,5;29,6;2,089;43;37,0;6,8;0,9;25290;--
4156,7;21,5;0,0;29,7;2,089;43;21,5;0,0;0,9;17690;--
4156,9;21,5;0,0;29,7;2,089;43;21,5;0,0;0,9;15510;--
4157,2;21,5;0,0;29,7;2,088;43;21,5;0,0;0,9;15275;--
4157,4;21,5;0,0;29,7;2,088;43;21,5;0,0;0,9;15210;--
4157,6;7,5;0,0;29,7;2,088;43;8,5;0,0;0,9;10225;--
4157,8;3,5;0,0;29,7;2,088;43;3,5;0,0;0,9;4995;--
4158,0;0,0;0,0;29,7;2,088;43;0,0;0,0;0,9;4480;--
4158,2;0,0;0,2;29,7;2,088;43;0,0;0,0;0,9;4980;--
4158,5;0,0;0,2;29,7;2,088;43;0,0;0,0;0,9;5435;--
4158,7;0,0;0,3;29,7;2,088;43;0,0;0,0;0,9;5815;--
4158,9;0,0;0,5;29,7;2,088;43;0,0;0,0;0,9;6240;--
4159,1;0,0;0,7;29,7;2,088;43;0,0;0,0;0,9;6640;--
4159,3;0,0;0,8;29,7;2,088;43;0,0;0,0;0,9;6975;--
4159,6;0,0;1,0;29,7;2,088;43;0,0;0,0;0,9;7285;--
4159,8;0,0;0,7;29,7;2,088;43;0,0;0,0;0,9;7615;--
4160,0;0,0;0,5;29,7;2,088;43;0,0;0,0;0,9;7890;--
4160,2;0,0;0,5;29,7;2,089;43;0,0;0,0;0,9;8140;--
4160,4;0,0;0,4;29,7;2,089;43;0,0;0,0;0,9;8395;--
4160,6;0,0;0,4;29,8;2,089;43;0,0;0,0;0,9;8605;--
4160,9;0,0;0,4;29,8;2,089;43;0,0;0,0;0,9;8785;--
4161,1;0,0;0,4;29,8;2,089;43;0,0;0,0;0,9;8955;--
4161,3;0,0;0,5;29,8;2,089;43;0,0;0,0;0,9;9135;--
4161,5;0,0;0,5;29,8;2,089;43;0,0;0,0;0,9;9290;--
4161,7;0,0;0,4;29,8;2,089;43;0,0;0,0;0,9;9380;--
4162,0;0,0;0,4;29,8;2,089;43;0,0;0,0;0,9;9440;--
4162,2;0,0;0,4;29,8;2,089;43;0,0;0,0;0,9;9470;--
4162,4;0,0;0,4;29,8;2,089;43;0,0;0,0;0,9;9355;--
4162,6;5,5;0,2;29,8;2,089;43;4,5;0,0;0,9;5365;--
4162,8;6,5;0,5;29,8;2,089;43;6,5;0,0;0,9;4900;--
4163,0;10,0;0,7;29,8;2,089;43;10,0;0,0;0,9;5485;--
4163,3;22,0;3,4;29,7;2,089;43;22,0;6,4;0,9;13145;--
4163,5;23,0;3,3;29,7;2,089;43;23,0;5,7;0,9;14690;--
4163,7;11,5;1,2;29,8;2,090;43;12,0;0,0;0,9;11655;--
4163,9;10,5;0,5;29,8;2,090;43;10,5;0,0;0,9;8055;--
4164,1;13,0;0,7;29,8;2,090;43;12,5;0,0;0,9;7295;--
4164,4;22,0;3,1;29,7;2,090;43;22,0;5,0;0,9;12925;--
4164,6;24,0;3,6;29,7;2,090;43;24,0;6,7;0,9;15300;--
4164,8;21,5;2,7;29,7;2,090;43;22,0;3,2;0,9;14555;--
4165,0;21,5;2,6;29,7;2,090;43;21,5;2,8;0,9;13890;--
4165,2;21,5;2,8;29,7;2,091;43;21,5;3,7;0,9;13730;--
4165,5;21,0;2,5;29,7;2,091;43;21,0;2,4;0,9;13625;--
4165,7;21,5;2,6;29,7;2,091;43;21,5;2,8;0,9;13700;--
4165,9;22,0;2,9;29,7;2,091;43;22,0;4,1;0,9;13880;--
4166,1;22,5;3,0;29,7;2,091;43;22,5;4,4;0,9;14445;--
4166,3;22,5;3,2;29,7;2,092;43;22,5;5,3;0,9;14605;--
4166,5;22,5;3,3;29,7;2,092;43;22,5;5,8;0,9;14645;--
4166,8;22,5;3,2;29,7;2,092;43;22,5;5,3;0,9;14615;--
4167,0;22,5;3,1;29,7;2,092;43;22,5;4,9;0,9;14540;--
4167,2;22,5;3,1;29,7;2,092;43;22,5;4,9;0,9;14485;--
4167,4;22,5;3,1;29,7;2,093;43;22,5;4,9;0,9;14515;--
4167,6;22,5;3,1;29,7;2,093;43;22,5;4,9;0,9;14515;--
4167,9;22,0;3,1;29,7;2,093;43;22,5;4,9;0,9;14490;--
4168,1;21,5;2,8;29,8;2,093;43;21,5;3,7;0,9;14375;--
4168,3;22,0;2,8;29,8;2,093;43;22,0;3,6;0,9;14415;--
4168,5;22,0;2,8;29,8;2,093;43;22,0;3,6;0,9;14370;--
4168,7;22,5;2,9;29,8;2,093;43;22,5;4,0;0,9;14355;--
4168,9;25,5;3,6;29,7;2,094;43;25,5;6,3;0,9;15915;--
4169,2;27,5;4,1;29,7;2,094;43;27,5;7,6;0,9;17150;--
4169,4;24,0;3,8;29,7;2,094;43;24,5;7,3;0,9;16950;--
4169,6;23,0;2,8;29,7;2,094;43;23,0;3,5;0,9;14955;--
4169,8;23,0;3,2;29,7;2,094;43;23,0;5,2;0,9;14580;--
4170,0;23,0;3,2;29,7;2,095;43;23,0;5,2;0,9;14770;--
4170,3;23,0;3,0;29,8;2,095;43;23,0;4,3;0,9;14640;--
4170,5;23,0;2,8;29,7;2,095;43;23,0;3,5;0,9;14590;--
4170,7;22,5;3,0;29,7;2,095;43;22,5;4,4;0,9;14565;--
4170,9;26,5;3,7;29,7;2,096;43;26,5;6,4;0,9;15585;--
4171,1;28,0;4,5;29,7;2,096;43;28,0;8,9;0,9;17450;--
4171,3;34,0;6,4;29,7;2,096;43;34,0;12,9;0,9;19975;--
4171,6;38,5;7,9;29,7;2,097;43;38,0;15,5;0,9;22100;--
4171,8;39,5;9,3;29,6;2,097;43;39,5;18,5;0,9;23785;--
4172,0;39,5;9,3;29,6;2,098;43;39,5;18,5;0,9;23695;--
4172,2;38,0;9,3;29,6;2,098;43;38,5;19,0;0,9;23605;--
4172,7;34,5;6,8;29,7;2,099;43;34,5;13,9;0,9;21040;--
4172,9;37,5;7,4;29,7;2,099;43;37,0;14,6;0,9;21555;--
4173,1;43,0;11,1;29,6;2,100;43;43,0;21,2;0,9;25235;--
4173,3;43,0;11,9;29,6;2,100;43;43,0;23,0;0,9;25620;--
4173,5;43,0;11,5;29,6;2,102;43;43,0;22,1;0,9;25545;--
4173,7;29,0;7,8;29,6;2,102;43;29,0;20,0;0,9;22110;--
4174,0;11,0;0,9;29,7;2,103;43;11,5;0,0;0,9;12100;--
4174,2;9,5;0,1;29,8;2,103;43;9,0;0,0;0,9;6875;--
4174,4;17,5;1,8;29,7;2,103;43;17,0;0,0;0,9;10125;--
4174,6;23,0;3,3;29,7;2,103;43;23,0;5,7;0,9;14225;--
4174,8;23,0;2,9;29,7;2,103;43;23,0;3,9;0,9;14835;--
4175,1;18,5;2,3;29,7;2,104;43;19,0;1,6;0,9;13875;--
4175,3;18,0;1,6;29,8;2,104;43;18,0;0,0;0,9;12430;--
4175,5;18,0;1,6;29,8;2,104;43;18,0;0,0;0,9;12100;--
4175,7;20,5;2,1;29,8;2,104;43;20,5;0,5;0,9;12325;--
4175,9;23,0;3,2;29,7;2,104;43;23,0;5,2;0,9;14885;--
4176,1;27,5;4,3;29,7;2,104;43;27,5;8,4;0,9;16765;--
4176,4;29,0;4,3;29,7;2,104;43;29,0;7,9;0,9;17710;--
4176,6;29,0;4,8;29,7;2,105;43;29,0;9,7;0,9;18535;--
4176,8;25,0;3,2;29,7;2,105;43;25,0;4,8;0,9;16950;--
4177,0;24,0;2,9;29,7;2,106;43;24,0;3,8;0,9;15665;--
4177,2;23,0;3,0;29,7;2,106;43;23,5;4,3;0,9;15220;--
4177,5;29,0;4,9;29,7;2,106;43;29,0;10,0;0,9;17335;--
4177,7;32,5;5,9;29,7;2,106;43;32,5;12,0;0,9;19420;--
4177,9;30,0;6,4;29,7;2,106;43;33,0;13,3;0,9;20360;--
4178,1;28,5;4,4;29,7;2,107;43;28,5;8,4;0,9;18055;--
4178,3;31,5;5,5;29,7;2,107;43;31,0;11,3;0,9;19105;--
4178,5;32,0;5,8;29,7;2,108;43;32,0;11,9;0,9;19610;--
4178,8;25,5;4,5;29,7;2,108;43;26,0;9,6;0,9;18200;--
4179,0;23,0;2,9;29,7;2,108;43;23,0;3,9;0,9;15280;--
4179,2;28,0;4,5;29,7;2,108;43;28,0;8,9;0,9;16540;--
4179,4;31,5;6,4;29,7;2,108;43;31,5;14,0;0,9;19275;--
4179,6;31,5;5,9;29,7;2,109;43;31,5;12,4;0,9;19560;--
4179,9;26,5;4,4;29,7;2,109;43;27,0;8,9;0,9;18325;--
4180,1;27,5;4,1;29,7;2,110;43;27,5;7,6;0,9;17220;--
4180,3;23,5;3,2;29,7;2,110;43;23,5;5,1;0,9;16105;--
4180,5;23,0;2,9;29,7;2,110;43;23,0;3,9;0,9;14830;--
4180,7;26,5;3,7;29,7;2,110;43;26,5;6,4;0,9;15380;--
4180,9;28,5;4,9;29,7;2,110;43;28,5;10,2;0,9;17760;--
4181,2;29,0;4,6;29,7;2,111;43;29,0;9,0;0,9;18050;--
4181,4;29,0;4,4;29,7;2,111;43;29,0;8,3;0,9;18140;--
4181,6;29,0;4,4;29,7;2,111;43;29,0;8,3;0,9;18170;--
4181,8;29,0;4,4;29,7;2,112;43;29,0;8,3;0,9;18145;--
4182,0;29,0;4,3;29,7;2,112;43;29,0;7,9;0,9;18160;--
4182,3;30,0;4,7;29,7;2,113;43;30,0;9,0;0,9;18690;--
4182,5;30,0;4,7;29,7;2,113;42;30,0;9,0;0,9;18915;--
4182,7;29,5;4,3;29,7;2,113;42;29,5;7,8;0,9;18540;--
4182,9;28,5;4,2;29,7;2,113;42;28,5;7,7;0,9;18425;--
4183,1;25,0;3,5;29,7;2,113;42;25,0;6,0;0,9;17045;--
4183,3;23,0;2,9;29,7;2,114;42;23,0;3,9;0,9;15340;--
4183,6;22,5;2,9;29,7;2,114;42;22,5;4,0;0,9;14800;--
4183,8;22,5;3,0;29,7;2,114;42;22,5;4,4;0,9;14625;--
4184,0;22,5;3,1;29,7;2,114;42;22,5;4,9;0,9;14525;--
4184,2;27,5;4,0;29,7;2,115;42;27,0;7,4;0,9;15545;--
4184,4;28,5;4,8;29,7;2,115;42;28,5;9,8;0,9;17860;--
4184,7;34,0;6,0;29,7;2,115;42;34,0;11,8;0,9;19835;--
4184,9;35,0;7,2;29,7;2,116;42;35,0;14,9;0,9;21365;--
4185,1;33,5;7,0;29,7;2,116;42;34,0;14,7;0,9;21215;--
4185,3;29,0;4,6;29,7;2,117;42;29,0;9,0;0,9;18830;--
4185,5;29,0;4,2;29,7;2,117;42;29,0;7,6;0,9;18080;--
4185,7;29,0;4,2;29,7;2,117;42;29,0;7,6;0,9;18150;--
4186,0;32,0;4,9;29,7;2,117;42;32,0;9,1;0,9;18865;--
4186,2;33,5;6,4;29,7;2,117;42;33,5;13,1;0,9;20515;--
4186,4;27,0;4,8;29,7;2,118;42;27,5;10,2;0,9;18765;--
4186,6;17,5;1,4;29,8;2,118;42;17,5;0,0;0,9;13070;--
4186,8;15,5;1,3;29,8;2,118;42;15,5;0,0;0,9;10860;--
4187,1;22,5;3,4;29,7;2,118;42;22,0;6,4;0,9;13745;--
4187,3;23,0;3,6;29,7;2,119;42;23,0;7,0;0,9;14630;--
4187,5;26,0;3,9;29,7;2,119;42;25,5;7,5;0,9;15210;--
4187,7;27,5;4,4;29,7;2,119;42;27,5;8,7;0,9;16925;--
4187,9;28,5;4,6;29,7;2,120;42;28,5;9,1;0,9;17660;--
4188,1;28,5;4,5;29,7;2,120;42;28,5;8,8;0,9;17730;--
4188,4;28,5;4,3;29,7;2,120;42;28,5;8,1;0,9;17745;--
4188,6;23,5;3,4;29,7;2,120;42;23,5;6,0;0,9;16575;--
4188,8;21,5;2,5;29,8;2,121;42;21,5;2,3;0,9;14455;--
4189,0;21,0;2,6;29,8;2,121;42;21,0;2,9;0,9;13780;--
4189,2;19,0;2,5;29,8;2,121;42;19,0;2,6;0,9;13335;--
4189,5;17,5;2,1;29,8;2,121;42;18,0;0,6;0,9;12260;--
4189,7;22,0;2,9;29,8;2,121;42;21,5;4,2;0,9;13180;--
4189,9;25,5;3,7;29,7;2,122;42;25,0;6,8;0,9;15260;--
4190,1;26,5;4,1;29,7;2,122;42;26,5;7,9;0,9;16530;--
4190,3;15,0;2,3;29,8;2,122;42;16,0;1,9;0,9;13825;--
4190,6;16,0;1,3;29,8;2,122;42;15,5;0,0;0,9;10300;--
4190,8;15,5;1,8;29,8;2,122;42;15,5;0,0;0,9;10540;--
4191,0;13,5;1,3;29,8;2,122;42;13,5;0,0;0,9;10005;--
4191,2;13,5;1,0;29,8;2,122;42;13,5;0,0;0,9;9315;--
4191,4;13,0;1,2;29,8;2,122;42;13,0;0,0;0,9;9165;--
4191,6;13,0;1,2;29,8;2,122;42;13,0;0,0;0,9;9110;--
4191,9;13,5;1,2;29,8;2,123;42;13,5;0,0;0,9;9180;--
4192,1;14,5;1,1;29,8;2,123;42;14,5;0,0;0,9;9380;--
4192,3;19,0;2,0;29,8;2,123;42;18,5;0,0;0,9;10900;--
4192,5;20,0;2,5;29,8;2,123;42;20,0;2,5;0,9;12935;--
4192,7;21,0;2,4;29,8;2,123;42;20,5;2,0;0,9;13255;--
4193,0;21,5;2,8;29,8;2,123;42;21,5;3,7;0,9;13745;--
4193,2;21,5;2,8;29,8;2,123;42;21,5;3,7;0,9;13885;--
4193,4;24,0;3,3;29,8;2,124;42;24,0;5,4;0,9;15010;--
4193,6;23,0;3,1;29,8;2,124;42;23,0;4,8;0,9;15115;--
4193,8;24,5;3,3;29,8;2,124;42;24,5;5,3;0,9;15520;--
4194,0;26,0;3,3;29,8;2,124;42;25,5;5,1;0,9;15805;--
4194,3;27,5;4,0;29,7;2,124;42;27,5;7,3;0,9;17245;--
4194,5;27,5;4,1;29,7;2,125;42;27,5;7,6;0,9;17470;--
4194,7;27,5;3,9;29,7;2,125;42;27,5;6,9;0,9;17460;--
4194,9;28,0;3,9;29,7;2,126;42;28,0;6,8;0,9;17480;--
4195,1;28,5;4,1;29,7;2,126;42;28,5;7,4;0,9;17725;--
4195,4;29,0;4,3;29,7;2,126;42;29,0;7,9;0,9;18105;--
4195,6;22,0;3,6;29,7;2,126;42;23,0;7,0;0,9;17220;--
4195,8;12,5;1,0;29,8;2,126;42;12,5;0,0;0,9;11550;--
4196,0;14,0;1,0;29,8;2,126;42;14,0;0,0;0,9;8715;--
4196,2;15,5;1,7;29,8;2,126;42;15,5;0,0;0,9;10225;--
4196,4;17,5;2,1;29,8;2,127;42;17,5;0,6;0,9;11350;--
4196,7;19,0;2,1;29,8;2,127;42;19,0;0,5;0,9;11840;--
4196,9;20,0;2,4;29,8;2,127;42;20,0;2,0;0,9;12970;--
4197,1;23,0;3,1;29,8;2,127;42;23,0;4,8;0,9;14285;--
4197,3;25,0;3,5;29,8;2,127;42;25,0;6,0;0,9;15760;--
4197,5;23,0;3,2;29,8;2,128;42;23,0;5,2;0,9;15485;--
4197,8;23,0;2,9;29,8;2,128;42;23,0;3,9;0,9;14805;--
4198,0;22,5;3,0;29,8;2,128;42;22,5;4,4;0,9;14705;--
4198,2;19,5;2,6;29,8;2,128;42;19,5;3,1;0,9;14015;--
4198,4;17,5;2,0;29,8;2,128;42;17,5;0,0;0,9;12190;--
4198,6;18,5;1,9;29,8;2,128;42;18,5;0,0;0,9;11925;--
4198,8;21,5;2,8;29,8;2,128;42;21,5;3,7;0,9;13625;--
4199,1;21,5;3,0;29,8;2,129;42;22,0;4,5;0,9;14025;--
4199,3;23,5;2,9;29,8;2,129;42;23,0;3,9;0,9;14005;--
4199,5;27,5;4,6;29,7;2,129;42;27,5;9,5;0,9;17170;--
4199,7;24,5;3,7;29,8;2,129;42;24,5;6,9;0,9;16960;--
4199,9;23,5;2,9;29,8;2,129;42;23,5;3,8;0,9;15520;--
4200,2;23,5;3,1;29,8;2,130;42;23,5;4,7;0,9;15265;--
4200,4;22,0;2,9;29,8;2,130;42;21,5;4,2;0,9;14570;--
4200,6;22,0;2,9;29,8;2,130;42;22,0;4,1;0,9;14235;--
4200,8;20,5;2,8;29,8;2,130;42;20,5;3,9;0,9;14045;--
4201,0;18,5;2,2;29,8;2,131;42;18,5;1,1;0,9;12645;--
4201,2;18,5;2,2;29,8;2,131;42;18,5;1,1;0,9;12370;--
4201,5;20,0;2,3;29,8;2,131;42;20,0;1,5;0,9;12490;--
4201,7;21,5;2,9;29,8;2,131;42;21,5;4,2;0,9;13660;--
4201,9;21,5;2,9;29,8;2,131;42;21,5;4,2;0,9;14015;--
4202,1;22,0;2,8;29,8;2,131;42;22,0;3,6;0,9;14305;--
4202,3;27,0;3,7;29,8;2,131;42;26,5;6,4;0,9;15925;--
4202,6;28,0;4,2;29,8;2,132;42;28,0;7,9;0,9;17470;--
4203,0;23,0;3,5;29,8;2,132;42;24,0;6,3;0,9;17560;--
4203,2;16,0;0,9;29,8;2,133;42;16,0;0,0;0,9;12490;--
4203,4;17,5;1,1;29,8;2,133;42;17,5;0,0;0,9;11255;--
4203,6;17,5;1,7;29,8;2,133;42;17,5;0,0;0,9;11800;--
4203,9;17,5;1,9;29,8;2,133;42;17,5;0,0;0,9;11950;--
4204,1;18,0;1,9;29,8;2,133;42;18,0;0,0;0,9;12015;--
4204,3;21,5;2,6;29,8;2,133;42;21,5;2,8;0,9;13680;--
4204,5;21,5;2,8;29,8;2,133;42;21,5;3,7;0,9;14155;--
4204,7;25,5;3,0;29,8;2,133;42;24,5;4,1;0,9;14540;--
4205,0;28,0;4,4;29,8;2,133;42;27,5;8,7;0,9;17365;--
4205,2;28,0;4,1;29,8;2,134;42;28,0;7,5;0,9;17665;--
4205,4;18,5;2,2;29,8;2,134;42;19,0;1,1;0,9;14825;--
4205,6;15,5;1,4;29,8;2,134;42;16,0;0,0;0,9;11625;--
4205,8;17,0;1,3;29,8;2,134;42;17,0;0,0;0,9;10885;--
4206,0;21,5;2,9;29,8;2,134;42;21,5;4,2;0,9;13025;--
4206,3;25,0;3,6;29,8;2,135;42;25,0;6,4;0,9;15010;--
4206,5;24,5;3,7;29,8;2,135;42;24,5;6,9;0,9;16530;--
4206,7;22,0;2,8;29,8;2,135;42;22,0;3,6;0,9;15125;--
4206,9;17,5;1,6;29,8;2,135;42;17,5;0,0;0,9;12230;--
4207,1;19,0;1,9;29,8;2,135;42;19,0;0,0;0,9;12085;--
4207,4;19,5;2,3;29,8;2,136;42;19,5;1,5;0,9;12890;--
4207,6;19,5;2,4;29,8;2,136;42;19,5;2,1;0,9;13090;--
4207,8;20,5;2,6;29,8;2,136;42;20,5;2,9;0,9;13230;--
4208,0;20,5;2,7;29,8;2,136;42;20,5;3,4;0,9;13445;--
4208,2;20,5;2,7;29,8;2,136;42;20,5;3,4;0,9;13660;--
4208,4;22,0;3,0;29,8;2,136;42;22,0;4,5;0,9;14260;--
4208,7;23,5;3,1;29,8;2,136;42;23,5;4,7;0,9;14565;--
4208,9;27,0;4,2;29,8;2,137;42;27,0;8,1;0,9;16670;--
4209,1;29,0;4,4;29,8;2,137;42;29,0;8,3;0,9;17930;--
4209,3;29,0;4,3;29,8;2,138;42;29,0;7,9;0,9;18140;--
4209,5;29,0;4,2;29,8;2,138;42;29,0;7,6;0,9;18195;--
4209,8;28,5;4,0;29,8;2,138;42;28,5;7,0;0,9;18045;--
4210,0;28,5;4,0;29,8;2,138;42;28,5;7,0;0,9;18040;--
4210,2;28,0;3,9;29,8;2,138;42;28,0;6,8;0,9;17930;--
4210,4;27,0;3,5;29,8;2,139;42;27,0;5,6;0,9;17350;--
4210,6;27,5;3,7;29,8;2,139;42;27,5;6,2;0,9;17265;--
4210,8;22,0;3,5;29,8;2,139;42;23,0;6,5;0,9;17065;--
4211,1;16,5;1,2;29,8;2,139;42;16,5;0,0;0,9;12350;--
4211,3;16,0;1,0;29,8;2,139;42;16,0;0,0;0,9;11060;--
4211,5;17,5;1,5;29,8;2,139;42;17,5;0,0;0,9;11435;--
4211,7;18,0;2,0;29,8;2,139;42;18,0;0,0;0,9;11765;--
4211,9;22,0;2,9;29,8;2,140;42;22,0;4,1;0,9;13825;--
4212,2;22,0;2,7;29,8;2,140;42;22,0;3,2;0,9;14125;--
4212,4;22,0;2,9;29,8;2,140;42;22,0;4,1;0,9;14155;--
4212,6;22,5;2,8;29,8;2,140;42;22,5;3,6;0,9;14340;--
4212,8;23,5;3,1;29,8;2,141;42;23,5;4,7;0,9;14880;--
4213,0;25,0;3,6;29,8;2,141;42;25,0;6,4;0,9;15540;--
4213,2;26,0;3,5;29,8;2,141;42;26,0;5,8;0,9;16410;--
4213,5;29,0;4,2;29,8;2,141;42;29,0;7,6;0,9;17730;--
4213,7;35,0;7,0;29,7;2,141;42;35,0;14,3;0,9;21265;--
4213,9;18,0;3,1;29,8;2,142;42;18,5;5,9;0,9;16775;--
4214,1;10,5;0,0;29,8;2,142;42;10,5;0,0;0,9;8630;--
4214,3;21,0;2,6;29,8;2,142;42;21,0;2,9;0,9;12855;--
4214,6;25,5;3,5;29,8;2,142;42;25,0;6,0;0,9;15295;--
4214,8;23,0;3,3;29,8;2,142;42;23,0;5,7;0,9;16010;--
4215,0;21,0;2,6;29,8;2,143;42;21,0;2,9;0,9;14225;--
4215,2;21,0;2,5;29,8;2,143;42;21,0;2,4;0,9;13625;--
4215,4;22,5;2,9;29,8;2,143;42;22,0;4,1;0,9;13640;--
4215,7;22,0;3,4;29,8;2,143;42;22,5;6,2;0,9;14730;--
4215,9;18,0;2,6;29,8;2,144;42;18,0;3,3;0,9;13525;--
4216,1;17,5;2,1;29,8;2,144;42;17,5;0,6;0,9;11980;--
4216,3;17,5;2,1;29,8;2,144;42;17,5;0,6;0,9;11660;--
4216,5;27,0;3,7;29,8;2,144;42;26,0;6,5;0,9;13900;--
4216,7;32,0;8,2;29,7;2,144;42;32,5;19,1;0,9;20505;--
4217,0;15,5;2,3;29,8;2,145;42;15,5;1,9;0,9;12770;--
4217,2;6,5;0,5;29,8;2,145;42;6,5;0,0;0,9;6585;--
4217,4;6,0;0,7;29,8;2,145;42;6,0;0,0;0,9;4955;--
4217,6;6,0;0,9;29,8;2,145;42;6,0;0,0;0,9;4625;--
4217,8;9,5;0,8;29,8;2,145;42;8,5;0,0;0,9;4620;--
4218,1;11,0;1,3;29,8;2,145;42;11,0;0,0;0,9;7275;--
4218,3;12,0;1,3;29,8;2,145;42;12,0;0,0;0,9;8365;--
4218,5;17,0;1,6;29,8;2,145;42;16,5;0,0;0,9;9555;--
4218,7;12,5;1,8;29,8;2,145;42;13,0;0,0;0,9;11470;--
4218,9;6,5;0,6;29,8;2,145;42;6,5;0,0;0,9;7585;--
4219,1;0,0;0,3;29,8;2,145;42;0,0;0,0;0,9;4440;--
4219,4;0,0;0,2;29,8;2,145;42;0,0;0,0;0,9;4030;--
4219,6;0,0;0,2;29,8;2,145;42;0,0;0,0;0,9;3740;--
4219,8;0,0;0,3;29,8;2,145;42;0,0;0,0;0,9;3445;--
4220,0;0,0;0,4;29,8;2,145;42;0,0;0,0;0,9;3200;--
4220,2;0,0;0,4;29,8;2,145;42;0,0;0,0;0,9;2970;--
4220,5;0,0;0,5;29,8;2,146;42;0,0;0,0;0,9;2735;--
4220,7;0,0;0,5;29,8;2,146;42;0,0;0,0;0,9;2475;--
4220,9;0,0;0,6;29,8;2,146;42;0,0;0,0;0,9;2240;--
4221,1;0,0;0,7;29,8;2,146;42;0,0;0,0;0,9;2025;--
4221,3;0,0;0,7;29,8;2,146;42;0,0;0,0;0,9;1845;--
4221,5;0,0;0,8;29,8;2,146;42;0,0;0,0;0,9;1680;--
4221,8;0,0;0,9;29,8;2,146;42;0,0;0,0;0,9;1525;--
4222,0;0,0;0,5;29,8;2,146;41;0,0;0,0;0,9;1385;--
4222,2;0,0;0,5;29,8;2,146;41;0,0;0,0;0,9;1230;--
4222,4;0,0;0,5;29,9;2,146;41;0,0;0,0;0,9;1095;--
4222,6;0,0;0,7;29,9;2,146;41;0,0;0,0;0,9;965;--
4222,9;0,0;0,8;29,9;2,146;41;0,0;0,0;0,9;850;--
4224,0;0,0;0,6;29,9;2,146;41;0,0;0,0;0,9;0;--
4225,1;0,0;0,6;29,9;2,146;41;0,0;0,0;0,9;0;--
4226,2;0,0;0,5;29,9;2,147;41;0,0;0,0;0,9;0;--
4227,3;0,0;0,5;29,9;2,147;41;0,0;0,0;0,9;0;--
4229,2;0,0;0,6;29,9;2,147;41;0,0;0,0;0,9;0;--
4231,1;0,0;0,6;29,9;2,148;41;0,0;0,0;0,9;0;--
4232,4;0,0;0,5;29,9;2,148;41;0,0;0,0;0,9;0;--
4233,5;0,0;0,6;29,9;2,148;41;0,0;0,0;0,9;0;--
4234,9;0,0;0,7;29,9;2,148;41;0,0;0,0;0,9;0;--
4236,0;0,0;0,7;29,9;2,148;41;0,0;0,0;0,9;0;--
4237,2;0,0;0,6;29,9;2,149;41;0,0;0,0;0,9;0;--
4238,3;0,0;0,5;29,9;2,149;41;0,0;0,0;0,9;0;--
4239,4;0,0;0,6;29,9;2,149;41;0,0;0,0;0,9;0;--
4241,2;0,0;0,6;29,9;2,150;41;0,0;0,0;0,9;0;--
4242,3;0,0;0,6;29,9;2,150;41;0,0;0,0;0,9;0;--
4243,5;0,0;0,6;29,9;2,150;41;0,0;0,0;0,9;0;--
4246,7;0,0;0,7;29,9;2,151;41;0,0;0,0;0,9;0;--
4247,8;0,0;0,6;29,9;2,151;41;0,0;0,0;0,9;0;--
4248,9;0,0;0,6;29,9;2,151;41;0,0;0,0;0,9;0;--
4250,0;0,0;0,6;29,9;2,151;40;0,0;0,0;0,9;0;--
RESET;--;SN;160009B5;BL;25;FW;72;RST CODE;OK;--
4253,0;0,0;0,4;33,2;0,000;25;0,0;0,0;0,9;0; THRTL
4254,1;0,0;0,0;32,6;0,000;25;0,0;0,0;0,8;0; THRTL
4255,2;0,0;0,0;32,7;0,000;25;0,0;0,0;0,8;0; THRTL
4256,3;0,0;0,0;32,7;0,000;25;0,0;0,0;0,9;0; THRTL
RESET;--;SN;160009B5;BL;25;FW;72;RST CODE;OK;--
4259,3;0,0;0,8;33,3;0,000;25;0,0;0,0;0,9;0; THRTL
4260,4;0,0;0,0;33,3;0,000;25;0,0;0,0;0,8;0; THRTL
4262,9;0,0;0,0;33,3;0,000;25;0,0;0,0;0,8;0;--
4264,0;0,0;0,8;33,3;0,000;25;0,0;0,0;0,9;0;--
4265,1;0,0;0,7;33,3;0,000;25;0,0;0,0;0,9;0;--
4266,3;0,0;0,6;33,3;0,000;25;0,0;0,0;0,9;0;--
4267,4;0,0;0,8;33,3;0,000;25;0,0;0,0;0,9;0;--
4268,5;0,0;0,5;33,3;0,001;25;0,0;0,0;0,9;0;--
4269,6;0,0;0,6;33,3;0,001;25;0,0;0,0;0,9;0;--
4270,7;0,0;0,5;33,3;0,001;25;0,0;0,0;0,9;0;--
4271,9;0,0;0,5;33,3;0,001;25;0,0;0,0;0,9;0;--
4273,0;0,0;0,6;33,3;0,001;25;0,0;0,0;0,9;0;--
4274,1;0,0;0,5;33,3;0,002;25;0,0;0,0;0,9;0;--
4275,2;0,0;0,7;33,3;0,002;25;0,0;0,0;0,9;0;--
4276,3;0,0;0,6;33,3;0,002;25;0,0;0,0;0,9;0;--
4277,4;0,0;0,5;33,3;0,002;25;0,0;0,0;0,9;0;--
4278,6;0,0;0,8;33,3;0,003;25;0,0;0,0;0,9;0;--
4279,7;0,0;0,9;33,3;0,003;25;0,0;0,0;0,9;0;--
4280,8;0,0;0,5;33,3;0,003;25;0,0;0,0;0,9;0;--
4281,9;0,0;0,8;33,3;0,003;25;0,0;0,0;0,9;0;--
4284,2;0,0;0,6;33,3;0,004;25;0,0;0,0;0,9;0;--
4285,3;0,0;0,7;33,3;0,004;25;0,0;0,0;0,9;0;--
4286,4;0,0;0,6;33,3;0,004;25;0,0;0,0;0,9;0;--
4287,5;0,0;0,7;33,3;0,005;25;0,0;0,0;0,9;0;--
4288,6;0,0;0,6;33,3;0,005;25;0,0;0,0;0,9;0;--
4289,7;0,0;0,6;33,3;0,005;25;0,0;0,0;0,9;0;--
4290,9;0,0;0,7;33,3;0,005;25;0,0;0,0;0,9;0;--
4292,0;0,0;0,7;33,3;0,005;25;0,0;0,0;0,9;0;--
4293,1;0,0;0,4;33,3;0,006;25;0,0;0,0;0,9;0;--
4294,2;0,0;0,6;33,3;0,006;25;0,0;0,0;0,9;0;--
4295,3;0,0;0,6;33,3;0,006;25;0,0;0,0;0,9;0;--
4296,5;0,0;0,8;33,3;0,006;25;0,0;0,0;0,9;0;--
4297,6;0,0;0,7;33,3;0,007;25;0,0;0,0;0,9;0;--
4298,7;0,0;0,6;33,3;0,007;25;0,0;0,0;0,9;0;--
4299,8;0,0;0,5;33,3;0,007;25;0,0;0,0;0,9;0;--
4300,9;0,0;0,4;33,3;0,007;25;0,0;0,0;0,9;0;--
4302,0;0,0;0,7;33,3;0,007;25;0,0;0,0;0,9;0;--
4303,2;0,0;0,9;33,3;0,008;25;0,0;0,0;0,9;0;--
4304,3;0,0;0,5;33,3;0,008;25;0,0;0,0;0,9;0;--
4305,4;0,0;0,5;33,3;0,008;25;0,0;0,0;0,9;0;--
4306,5;0,0;0,4;33,3;0,008;25;0,0;0,0;0,9;0;--
4307,6;0,0;0,8;33,3;0,008;25;0,0;0,0;0,9;0;--
4308,8;0,0;0,8;33,3;0,009;25;0,0;0,0;0,9;0;--
4309,9;0,0;0,9;33,3;0,009;25;0,0;0,0;0,9;0;--
4311,0;0,0;0,8;33,3;0,009;25;0,0;0,0;0,9;0;--
4312,1;0,0;0,5;33,3;0,010;25;0,0;0,0;0,9;0;--
4313,2;0,0;0,7;33,3;0,010;25;0,0;0,0;0,9;0;--
4314,3;0,0;0,6;33,3;0,010;25;0,0;0,0;0,9;0;--
4315,5;0,0;0,9;33,3;0,010;25;0,0;0,0;0,9;0;--
4316,6;0,0;0,8;33,3;0,011;25;0,0;0,0;0,9;0;--
4317,7;0,0;0,7;33,3;0,011;25;0,0;0,0;0,9;0;--
4318,8;0,0;0,8;33,3;0,011;25;0,0;0,0;0,9;0;--
4319,9;0,0;0,9;33,3;0,011;25;0,0;0,0;0,9;0;--
4321,1;0,0;0,7;33,3;0,012;25;0,0;0,0;0,9;0;--
4322,2;0,0;0,9;33,3;0,012;25;0,0;0,0;0,9;0;--
4323,3;0,0;0,7;33,3;0,012;25;0,0;0,0;0,9;0;--
4324,4;0,0;0,9;33,3;0,012;25;0,0;0,0;0,9;0;--
4325,5;0,0;0,8;33,3;0,013;25;0,0;0,0;0,9;0;--
4326,6;0,0;0,8;33,3;0,013;25;0,0;0,0;0,9;0;--
4327,8;0,0;0,9;33,3;0,013;25;0,0;0,0;0,9;0;--
4328,9;0,0;1,0;33,3;0,014;25;0,0;0,0;0,9;0;--
4330,0;0,0;0,8;33,3;0,014;25;0,0;0,0;0,9;0;--
4331,1;0,0;0,8;33,3;0,014;25;0,0;0,0;0,9;0;--
4332,2;0,0;0,9;33,3;0,014;25;0,0;0,0;0,9;0;--
4333,4;0,0;0,5;33,3;0,015;25;0,0;0,0;0,9;0;--
4334,5;0,0;0,4;33,3;0,015;25;0,0;0,0;0,9;0;--
4335,6;0,0;0,8;33,3;0,015;25;0,0;0,0;0,9;0;--
4336,7;0,0;0,9;33,3;0,015;25;0,0;0,0;0,9;0;--
4337,8;0,0;0,9;33,3;0,016;25;0,0;0,0;0,9;0;--
4340,2;0,0;0,7;33,3;0,016;25;0,0;0,0;0,9;0;--
4341,4;0,0;0,9;33,3;0,017;25;0,0;0,0;0,9;0;--
4342,5;0,0;0,8;33,3;0,017;25;0,0;0,0;0,9;0;--
4343,6;0,0;0,9;33,3;0,017;25;0,0;0,0;0,9;0;--
4344,7;0,0;0,9;33,3;0,018;25;0,0;0,0;0,9;0;--
4345,8;0,0;1,0;33,3;0,018;25;0,0;0,0;0,9;0;--
4347,0;0,0;0,9;33,3;0,018;25;0,0;0,0;0,9;0;--
4348,1;0,0;0,9;33,3;0,019;25;0,0;0,0;0,9;0;--
4349,2;0,0;0,8;33,3;0,019;25;0,0;0,0;0,9;0;--
4350,3;0,0;0,9;33,3;0,019;25;0,0;0,0;0,9;0;--
4351,4;0,0;0,9;33,3;0,020;25;0,0;0,0;0,9;0;--
4352,5;0,0;0,9;33,3;0,020;25;0,0;0,0;0,9;0;--
4353,7;0,0;0,6;33,3;0,020;25;0,0;0,0;0,9;0;--
4354,8;0,0;0,6;33,3;0,020;25;0,0;0,0;0,9;0;--
4355,9;0,0;0,4;33,3;0,021;25;0,0;0,0;0,9;0;--
4357,0;0,0;0,8;33,3;0,021;25;0,0;0,0;0,9;0;--
4358,1;0,0;0,8;33,3;0,021;25;0,0;0,0;0,9;0;--
4359,3;0,0;0,5;33,3;0,021;25;0,0;0,0;0,9;0;--
4360,4;0,0;0,6;33,3;0,022;25;0,0;0,0;0,9;0;--
4361,5;0,0;0,4;33,3;0,022;25;0,0;0,0;0,9;0;--
4362,6;0,0;0,8;33,3;0,022;25;0,0;0,0;0,9;0;--
4363,7;0,0;0,8;33,3;0,022;25;0,0;0,0;0,9;0;--
4364,8;0,0;0,6;33,3;0,023;25;0,0;0,0;0,9;0;--
4366,0;0,0;0,5;33,3;0,023;25;0,0;0,0;0,9;0;--
4367,1;0,0;0,8;33,3;0,023;25;0,0;0,0;0,9;0;--
4368,2;0,0;0,4;33,3;0,023;25;0,0;0,0;0,9;0;--
4369,3;0,0;0,4;33,3;0,023;25;0,0;0,0;0,9;0;--
4370,4;0,0;0,5;33,3;0,024;25;0,0;0,0;0,9;0;--
4371,6;0,0;0,8;33,3;0,024;25;0,0;0,0;0,9;0;--
4372,7;0,0;0,4;33,3;0,024;25;0,0;0,0;0,9;0;--
4373,8;0,0;0,6;33,3;0,024;25;0,0;0,0;0,9;0;--
4374,9;0,0;0,6;33,3;0,024;25;0,0;0,0;0,9;0;--
4376,0;0,0;0,7;33,3;0,025;25;0,0;0,0;0,9;0;--
4377,1;0,0;0,6;33,3;0,025;25;0,0;0,0;0,9;0;--
4378,3;0,0;0,5;33,3;0,025;25;0,0;0,0;0,9;0;--
4379,4;0,0;0,7;33,3;0,025;25;0,0;0,0;0,9;0;--
4380,3;10,0;1,8;33,2;0,025;25;9,5;0,0;0,9;745;--
4380,5;4,5;1,4;33,2;0,026;25;4,5;0,0;0,9;7505;--
4380,7;0,0;0,5;33,2;0,026;25;0,0;0,0;0,8;5020;--
4381,0;0,0;0,6;33,2;0,026;25;0,0;0,0;0,8;4410;--
4381,2;0,0;0,5;33,2;0,026;25;0,0;0,0;0,8;3885;--
4381,4;0,0;0,5;33,2;0,026;25;0,0;0,0;0,8;3425;--
4381,6;0,0;0,5;33,2;0,026;25;0,0;0,0;0,8;3025;--
4381,8;0,0;0,6;33,2;0,026;25;0,0;0,0;0,8;2670;--
4382,0;0,0;0,7;33,2;0,026;25;0,0;0,0;0,8;2350;--
4382,3;0,0;0,7;33,2;0,026;25;0,0;0,0;0,8;2065;--
4382,5;0,0;0,7;33,2;0,026;25;0,0;0,0;0,8;1805;--
4382,7;0,0;0,8;33,2;0,026;25;0,0;0,0;0,8;1560;--
4382,9;0,0;0,7;33,3;0,026;25;0,0;0,0;0,8;1345;--
4383,1;0,0;0,6;33,3;0,026;25;0,0;0,0;0,9;1145;--
4383,4;0,0;0,7;33,3;0,026;25;0,0;0,0;0,9;980;--
4384,5;0,0;0,8;33,3;0,026;25;0,0;0,0;0,9;0;--
4385,6;0,0;0,3;33,3;0,027;25;0,0;0,0;0,9;0;--
4386,7;0,0;0,5;33,3;0,027;25;0,0;0,0;0,9;0;--
4387,8;0,0;0,7;33,3;0,027;25;0,0;0,0;0,9;0;--
4389,0;0,0;0,4;33,3;0,027;25;0,0;0,0;0,9;0;--
4390,1;0,0;0,5;33,3;0,027;25;0,0;0,0;0,9;0;--
4391,2;0,0;0,5;33,3;0,028;25;0,0;0,0;0,9;0;--
4392,3;0,0;0,5;33,3;0,028;25;0,0;0,0;0,9;0;--
4393,4;0,0;0,8;33,3;0,028;25;0,0;0,0;0,9;0;--
4394,5;0,0;0,4;33,3;0,028;25;0,0;0,0;0,9;0;--
4395,7;0,0;0,9;33,3;0,028;25;0,0;0,0;0,9;0;--
4396,8;0,0;0,5;33,3;0,029;25;0,0;0,0;0,9;0;--
4397,9;0,0;0,4;33,3;0,029;25;0,0;0,0;0,9;0;--
4399,0;0,0;0,5;33,3;0,029;25;0,0;0,0;0,9;0;--
4400,1;0,0;0,6;33,3;0,029;25;0,0;0,0;0,9;0;--
4401,3;0,0;0,8;33,3;0,029;25;0,0;0,0;0,9;0;--
4402,4;0,0;0,7;33,3;0,030;25;0,0;0,0;0,9;0;--
4403,5;0,0;0,8;33,3;0,030;25;0,0;0,0;0,9;0;--
4404,6;0,0;0,9;33,3;0,030;25;0,0;0,0;0,9;0;--
4405,7;0,0;0,6;33,3;0,031;25;0,0;0,0;0,9;0;--
4406,8;0,0;0,6;33,3;0,031;25;0,0;0,0;0,9;0;--
4408,0;0,0;0,5;33,3;0,031;25;0,0;0,0;0,9;0;--
4409,1;0,0;0,6;33,3;0,031;25;0,0;0,0;0,9;0;--
4410,2;0,0;0,8;33,3;0,031;25;0,0;0,0;0,9;0;--
4411,3;0,0;0,9;33,3;0,032;25;0,0;0,0;0,9;0;--
4412,4;0,0;0,8;33,3;0,032;25;0,0;0,0;0,9;0;--
4413,6;0,0;0,9;33,3;0,032;25;0,0;0,0;0,9;0;--
4414,7;0,0;0,8;33,3;0,032;25;0,0;0,0;0,9;0;--
4415,8;0,0;0,6;33,3;0,033;25;0,0;0,0;0,9;0;--
4416,9;0,0;0,9;33,3;0,033;25;0,0;0,0;0,9;0;--
4418,0;0,0;0,9;33,3;0,033;25;0,0;0,0;0,9;0;--
4419,1;0,0;0,9;33,3;0,034;25;0,0;0,0;0,9;0;--
4420,3;0,0;0,9;33,3;0,034;25;0,0;0,0;0,9;0;--
4421,4;0,0;0,9;33,3;0,034;25;0,0;0,0;0,9;0;--
4422,5;0,0;0,9;33,3;0,035;25;0,0;0,0;0,9;0;--
4425,5;0,0;1,0;33,3;0,035;25;0,0;0,0;0,9;0;--
4426,6;0,0;0,7;33,3;0,036;25;0,0;0,0;0,9;0;--
4427,8;0,0;0,9;33,3;0,036;25;0,0;0,0;0,9;0;--
4428,9;0,0;0,8;33,3;0,036;25;0,0;0,0;0,9;0;--
4430,0;0,0;0,6;33,3;0,037;25;0,0;0,0;0,9;0;--
4432,2;0,0;0,5;33,3;0,037;25;0,0;0,0;0,9;0;--
4433,3;0,0;0,6;33,3;0,037;25;0,0;0,0;0,9;0;--
4434,5;0,0;0,9;33,3;0,038;25;0,0;0,0;0,9;0;--
4435,6;0,0;0,7;33,3;0,038;25;0,0;0,0;0,9;0;--
4436,7;0,0;0,7;33,3;0,038;25;0,0;0,0;0,9;0;--
4437,8;0,0;0,8;33,3;0,038;25;0,0;0,0;0,9;0;--
4438,9;0,0;0,7;33,3;0,038;25;0,0;0,0;0,9;0;--
4440,0;0,0;0,8;33,3;0,039;25;0,0;0,0;0,9;0;--
4441,2;0,0;0,9;33,3;0,039;25;0,0;0,0;0,9;0;--
4442,9;0,0;0,8;33,3;0,039;25;0,0;0,0;0,9;0;--
4444,0;0,0;0,9;33,3;0,040;25;0,0;0,0;0,9;0;--
4445,1;0,0;0,8;33,3;0,040;25;0,0;0,0;0,9;0;--
4446,2;0,0;0,7;33,3;0,040;25;0,0;0,0;0,9;0;--
4447,4;0,0;0,5;33,3;0,041;25;0,0;0,0;0,9;0;--
4448,5;0,0;0,7;33,3;0,041;25;0,0;0,0;0,9;0;--
4449,6;0,0;0,8;33,3;0,041;25;0,0;0,0;0,9;0;--
4450,7;0,0;0,9;33,3;0,041;25;0,0;0,0;0,9;0;--
4451,8;0,0;0,9;33,3;0,042;25;0,0;0,0;0,9;0;--
4453,0;0,0;0,8;33,3;0,042;25;0,0;0,0;0,9;0;--
4454,2;0,0;0,9;33,3;0,042;25;0,0;0,0;0,9;0;--
4455,3;0,0;0,8;33,3;0,043;25;0,0;0,0;0,9;0;--
4456,4;0,0;0,9;33,3;0,043;25;0,0;0,0;0,9;0;--
4457,5;0,0;0,7;33,3;0,043;25;0,0;0,0;0,9;0;--
4458,6;0,0;0,9;33,3;0,044;25;0,0;0,0;0,9;0;--
4459,8;0,0;0,9;33,3;0,044;25;0,0;0,0;0,9;0;--
4461,7;0,0;1,0;33,3;0,044;25;0,0;0,0;0,9;0;--
4462,8;0,0;0,6;33,3;0,045;25;0,0;0,0;0,9;0;--
4463,9;0,0;0,8;33,3;0,045;25;0,0;0,0;0,9;0;--
4465,0;0,0;0,9;33,3;0,045;25;0,0;0,0;0,9;0;--
4466,1;0,0;0,8;33,3;0,046;25;0,0;0,0;0,9;0;--
4467,3;0,0;0,6;33,3;0,046;26;0,0;0,0;0,9;0;--
4468,4;0,0;0,7;33,3;0,046;26;0,0;0,0;0,9;0;--
4469,5;0,0;0,9;33,3;0,046;26;0,0;0,0;0,9;0;--
4470,6;0,0;0,5;33,3;0,047;26;0,0;0,0;0,9;0;--
4471,7;0,0;0,7;33,3;0,047;26;0,0;0,0;0,9;0;--
4472,9;0,0;0,8;33,3;0,047;26;0,0;0,0;0,9;0;--
4474,0;0,0;0,7;33,3;0,047;26;0,0;0,0;0,9;0;--
4475,1;0,0;0,9;33,3;0,048;26;0,0;0,0;0,9;0;--
4476,2;0,0;0,8;33,3;0,048;26;0,0;0,0;0,9;0;--
4477,3;0,0;0,7;33,3;0,048;26;0,0;0,0;0,9;0;--
4478,4;0,0;0,9;33,3;0,048;26;0,0;0,0;0,9;0;--
4479,6;4,5;0,8;33,3;0,049;26;4,0;0,0;0,9;980;--
4479,8;6,5;0,8;33,3;0,049;26;6,5;0,0;0,9;4200;--
4480,0;7,0;0,7;33,2;0,049;26;7,0;0,0;0,9;5285;--
4480,2;11,5;1,0;33,2;0,049;26;11,5;0,0;0,9;6210;--
4480,4;15,5;2,0;33,2;0,049;26;15,5;0,0;0,9;10635;--
4480,7;16,0;1,9;33,2;0,049;26;16,0;0,0;0,9;11470;--
4480,9;10,0;1,2;33,2;0,049;26;10,5;0,0;0,9;10645;--
4481,1;4,5;0,1;33,2;0,049;26;5,0;0,0;0,8;6360;--
4481,3;4,0;0,2;33,2;0,049;26;4,0;0,0;0,8;4495;--
4481,5;4,0;0,4;33,2;0,049;26;4,0;0,0;0,8;3970;--
4481,7;4,0;0,5;33,2;0,049;26;4,0;0,0;0,9;4010;--
4482,0;10,5;1,2;33,2;0,049;26;10,5;0,0;0,9;5445;--
4482,2;17,5;2,3;33,2;0,049;26;17,0;1,8;0,9;10650;--
4482,4;21,5;3,4;33,2;0,050;26;21,5;6,5;0,9;14835;--
4482,6;18,0;2,6;33,2;0,050;26;18,0;3,3;0,9;14545;--
4482,8;17,0;1,8;33,2;0,050;26;17,0;0,0;0,8;13035;--
4483,1;17,0;1,7;33,2;0,050;26;17,0;0,0;0,8;12590;--
4483,3;28,5;4,7;33,1;0,050;26;28,0;9,6;0,8;17415;--
4483,5;35,5;9,0;32,9;0,050;26;35,5;19,7;0,9;23220;--
4483,7;38,5;9,7;32,9;0,050;26;37,5;20,5;0,9;24190;--
4483,9;45,5;13,5;32,7;0,052;26;45,5;25,3;0,8;27970;--
4484,2;50,0;17,7;32,6;0,052;26;50,0;31,4;0,8;31085;--
4484,4;52,0;19,9;32,5;0,055;26;52,0;34,4;0,8;32265;--
4484,6;53,5;21,6;32,4;0,055;26;53,5;36,6;0,8;33050;--
4484,8;53,5;22,2;32,3;0,058;26;53,5;37,8;0,8;33180;--
4485,0;53,5;22,6;32,3;0,058;26;53,5;38,5;0,8;33365;--
4485,2;54,5;23,2;32,2;0,058;26;54,5;38,9;0,8;33645;--
4485,5;55,5;23,8;32,2;0,062;26;55,5;39,3;0,8;33955;--
4485,7;57,0;25,8;32,1;0,062;26;57,0;41,8;0,8;35025;--
4485,9;58,0;26,6;32,0;0,066;26;58,0;42,4;0,8;35330;--
4486,1;63,5;29,3;31,9;0,066;26;63,0;43,3;0,8;36910;--
4486,3;64,0;33,0;31,7;0,066;26;64,0;48,4;0,8;38285;--
4486,6;64,0;34,2;31,7;0,070;26;64,0;50,3;0,8;38425;--
4486,8;64,0;33,9;31,7;0,070;26;64,0;49,8;0,8;38470;--
4487,0;64,0;33,4;31,6;0,076;26;64,0;49,1;0,8;38480;--
4487,2;64,5;33,4;31,6;0,076;26;64,5;48,7;0,8;38630;--
4487,4;64,5;33,0;31,6;0,081;27;64,5;48,1;0,8;38615;--
4487,6;64,5;33,2;31,5;0,081;27;64,5;48,4;0,8;38680;--
4487,9;66,0;34,1;31,5;0,081;27;66,0;48,6;0,8;39370;--
4488,1;67,5;35,3;31,4;0,086;27;67,5;49,3;0,8;40255;--
4488,3;67,5;35,8;31,4;0,086;27;67,5;50,1;0,8;40315;--
4488,5;68,0;36,2;31,3;0,091;27;68,0;50,3;0,8;40355;--
4488,7;68,5;36,6;31,3;0,091;27;68,5;50,5;0,8;40725;--
4489,0;68,5;36,5;31,3;0,097;27;68,5;50,4;0,8;40850;--
4489,2;68,5;36,3;31,2;0,097;27;68,5;50,1;0,8;40825;--
4489,4;68,5;36,5;31,2;0,097;27;68,5;50,4;0,8;40835;--
4489,6;68,5;36,6;31,2;0,102;27;68,5;50,5;0,8;40665;--
4489,8;68,5;36,6;31,2;0,102;27;68,5;50,5;0,8;40630;--
4490,0;68,5;36,5;31,2;0,108;27;68,5;50,4;0,8;40715;--
4490,3;68,5;36,1;31,2;0,108;27;68,5;49,8;0,8;40845;--
4490,5;68,5;35,3;31,2;0,113;28;68,5;48,6;0,8;41120;--
4490,7;68,5;34,0;31,2;0,113;28;68,5;46,7;0,8;41280;--
4490,9;68,5;33,5;31,2;0,113;28;68,5;46,0;0,8;41340;--
4491,1;68,0;32,7;31,2;0,118;28;68,0;45,1;0,8;41385;--
4491,4;65,5;30,5;31,3;0,118;28;65,5;43,5;0,8;40480;--
4491,6;65,0;28,9;31,4;0,123;28;65,0;41,4;0,8;39850;--
4491,8;65,0;28,8;31,4;0,123;28;65,0;41,2;0,8;39600;--
4492,0;65,0;29,1;31,3;0,123;28;65,0;41,7;0,8;39460;--
4492,2;65,0;29,3;31,3;0,127;28;65,0;42,0;0,8;39680;--
4492,4;65,0;28,9;31,3;0,127;28;65,0;41,4;0,8;39650;--
4492,7;65,0;28,9;31,3;0,131;28;65,0;41,4;0,8;39610;--
4492,9;65,0;29,0;31,3;0,131;28;65,0;41,5;0,8;39630;--
4493,1;65,0;28,3;31,3;0,136;28;65,0;40,5;0,8;39905;--
4493,3;65,0;27,9;31,4;0,136;28;65,0;39,8;0,8;39760;--
4493,5;65,0;27,9;31,4;0,136;28;65,0;39,8;0,8;39780;--
4493,8;65,0;27,8;31,4;0,140;28;65,0;39,7;0,8;39795;--
4494,0;65,0;27,7;31,3;0,140;28;65,0;39,5;0,8;39665;--
4494,2;65,0;28,0;31,3;0,144;28;65,0;40,0;0,8;39595;--
4494,4;65,0;28,6;31,3;0,144;28;65,0;40,9;0,8;39465;--
4494,6;65,0;28,6;31,3;0,148;28;65,0;40,9;0,8;39525;--
4494,8;65,0;28,7;31,3;0,148;28;65,0;41,1;0,8;39445;--
4495,1;65,0;29,3;31,3;0,148;28;65,0;42,0;0,8;39235;--
4495,3;66,5;30,6;31,2;0,153;28;66,5;43,0;0,8;39720;--
4495,5;66,5;31,2;31,2;0,153;28;66,5;43,9;0,8;40015;--
4495,7;66,5;30,8;31,2;0,158;29;66,5;43,3;0,8;40225;--
4495,9;66,5;30,7;31,2;0,158;29;66,5;43,2;0,8;40185;--
4496,2;66,5;30,8;31,1;0,158;29;66,5;43,3;0,8;40135;--
4496,4;67,0;31,0;31,1;0,162;29;67,0;43,3;0,8;40205;--
4496,6;68,5;32,8;31,1;0,162;29;68,5;45,0;0,8;40915;--
4496,8;70,5;34,7;31,0;0,167;29;70,5;46,4;0,8;41375;--
4497,0;72,0;38,0;30,8;0,167;29;72,0;50,0;0,8;42015;--
4497,2;72,0;39,2;30,8;0,173;29;72,0;51,7;0,8;42285;--
4497,5;72,0;39,4;30,8;0,173;29;72,0;51,9;0,8;42330;--
4497,7;72,0;39,6;30,8;0,173;29;72,0;52,2;0,8;42225;--
4497,9;72,0;39,4;30,7;0,179;29;72,0;51,9;0,8;42305;--
4498,1;72,0;39,2;30,7;0,179;29;72,0;51,7;0,8;42370;--
4498,3;72,0;39,5;30,7;0,185;29;72,0;52,1;0,8;42335;--
4498,6;73,5;39,7;30,7;0,185;29;73,0;51,6;0,8;42470;--
4498,8;74,5;41,2;30,6;0,191;29;74,5;52,6;0,8;43530;--
4499,0;75,0;41,4;30,6;0,191;29;75,0;52,5;0,8;43855;--
4499,2;75,5;42,2;30,5;0,191;29;75,5;53,2;0,8;43935;--
4499,4;76,0;42,8;30,5;0,197;29;76,0;53,7;0,8;43935;--
4499,6;75,5;43,2;30,5;0,197;29;75,5;54,6;0,8;43765;--
4499,9;75,5;43,4;30,5;0,204;29;75,5;54,8;0,8;43935;--
4500,1;76,5;43,5;30,4;0,204;29;76,5;54,2;0,8;44135;--
4500,3;77,0;44,6;30,4;0,211;30;77,0;55,3;0,8;44570;--
4500,5;77,0;44,7;30,4;0,211;30;77,0;55,5;0,8;44545;--
4501,0;76,0;42,3;30,4;0,217;30;76,0;53,0;0,8;44310;--
4501,2;75,5;42,0;30,4;0,217;30;75,5;53,0;0,8;43930;--
4501,4;75,5;41,7;30,4;0,223;30;75,5;52,6;0,8;43875;--
4501,6;75,0;41,6;30,4;0,223;30;75,0;52,8;0,8;43620;--
4501,8;75,5;42,2;30,4;0,230;30;75,5;53,2;0,8;43800;--
4502,1;75,5;41,8;30,4;0,230;30;75,5;52,7;0,8;43705;--
4502,3;75,5;42,2;30,4;0,230;30;75,5;53,2;0,8;43600;--
4502,5;75,5;42,4;30,4;0,236;30;75,5;53,5;0,8;43580;--
4502,7;75,5;42,7;30,3;0,236;30;75,5;53,9;0,8;43640;--
4502,9;75,5;41,4;30,4;0,243;30;75,5;52,2;0,8;44025;--
4503,1;75,5;41,0;30,4;0,243;30;75,5;51,7;0,8;44085;--
4503,4;75,5;40,6;30,4;0,243;30;75,5;51,1;0,8;43980;--
4503,6;75,0;41,1;30,4;0,249;30;75,0;52,1;0,8;43685;--
4503,8;74,5;40,8;30,4;0,249;30;74,5;52,1;0,8;43310;--
4504,0;74,0;40,3;30,4;0,255;30;74,0;51,8;0,8;43000;--
4504,2;74,0;40,6;30,4;0,255;31;74,0;52,2;0,8;42870;--
4504,5;74,0;40,9;30,4;0,261;31;74,0;52,6;0,8;42770;--
4504,7;74,0;41,2;30,4;0,261;31;74,0;53,0;0,8;42760;--
4504,9;74,0;41,3;30,3;0,261;31;74,0;53,1;0,8;42720;--
4505,1;74,0;41,4;30,3;0,267;31;74,0;53,2;0,8;42685;--
4505,3;74,0;41,7;30,3;0,267;31;74,0;53,6;0,8;42580;--
4505,5;74,0;41,9;30,3;0,273;31;74,0;53,9;0,8;42630;--
4505,8;74,0;41,7;30,3;0,273;31;74,0;53,6;0,8;42700;--
4506,0;74,0;40,9;30,3;0,280;31;74,0;52,6;0,8;42980;--
4506,2;74,0;40,6;30,3;0,280;31;74,0;52,2;0,8;42730;--
4506,4;73,5;40,9;30,3;0,280;31;73,5;52,9;0,8;42465;--
4506,6;73,5;41,4;30,3;0,286;31;73,5;53,6;0,8;42430;--
4506,9;73,5;41,5;30,3;0,286;31;73,5;53,7;0,8;42435;--
4507,1;69,0;37,4;30,4;0,292;31;69,0;51,3;0,8;40780;--
4507,3;69,0;35,2;30,5;0,292;31;69,0;48,1;0,8;40450;--
4507,5;66,0;34,5;30,5;0,297;31;66,0;49,2;0,8;39790;--
4507,7;60,5;29,5;30,7;0,297;31;60,5;45,5;0,8;37575;--
4507,9;57,0;23,4;30,9;0,297;31;57,0;37,5;0,8;35030;--
4508,2;56,5;21,6;31,0;0,301;31;56,5;34,7;0,8;34665;--
4508,4;56,5;21,0;31,0;0,301;31;56,5;33,6;0,8;34835;--
4508,6;56,5;20,8;31,1;0,304;31;56,5;33,3;0,8;34905;--
4508,8;56,5;20,6;31,1;0,304;31;56,5;32,9;0,8;34950;--
4509,0;56,5;20,6;31,1;0,307;31;56,5;32,9;0,8;34840;--
4509,3;56,5;20,4;31,1;0,307;31;56,5;32,6;0,8;34950;--
4509,5;56,5;20,2;31,1;0,307;31;56,5;32,2;0,8;35050;--
4509,7;56,5;19,7;31,2;0,310;31;56,5;31,3;0,8;35320;--
4509,9;57,0;19,6;31,2;0,310;31;57,0;30,9;0,8;35260;--
4510,1;57,0;19,5;31,2;0,313;31;57,0;30,7;0,8;35295;--
4510,3;57,0;20,0;31,2;0,313;31;57,0;31,6;0,8;35345;--
4510,6;59,0;21,2;31,2;0,316;31;59,0;32,5;0,8;35960;--
4510,8;60,0;22,7;31,1;0,316;31;60,0;34,5;0,8;36440;--
4511,0;60,0;23,1;31,1;0,316;31;60,0;35,2;0,8;36460;--
4511,2;60,0;23,3;31,1;0,320;31;59,5;35,8;0,8;36560;--
4511,4;60,0;23,3;31,1;0,320;31;60,0;35,5;0,8;36475;--
4511,7;60,0;23,1;31,1;0,323;31;60,0;35,2;0,8;36795;--
4511,9;60,0;22,7;31,1;0,323;31;60,0;34,5;0,8;36940;--
4512,1;61,5;22,8;31,1;0,323;31;61,0;34,1;0,8;37155;--
4512,3;63,0;24,8;31,0;0,327;31;63,0;36,2;0,8;38175;--
4512,5;65,5;26,9;31,0;0,327;31;65,5;38,0;0,8;39045;--
4512,7;65,5;28,6;30,9;0,331;31;65,5;40,6;0,8;39345;--
4513,0;66,0;29,3;30,9;0,331;31;66,0;41,4;0,8;39390;--
4513,2;67,0;30,3;30,8;0,335;31;67,0;42,2;0,8;39760;--
4513,4;68,5;32,1;30,8;0,335;31;68,5;43,9;0,8;40360;--
4513,6;68,5;33,4;30,7;0,335;31;68,5;45,8;0,8;40475;--
4513,8;68,5;33,6;30,7;0,340;31;68,5;46,1;0,8;40490;--
4514,1;68,5;33,7;30,7;0,340;32;68,5;46,3;0,8;40505;--
4514,3;68,5;33,8;30,7;0,345;32;68,5;46,4;0,8;40465;--
4514,5;68,5;33,8;30,7;0,345;32;68,5;46,4;0,8;40540;--
4514,7;68,5;33,7;30,7;0,350;32;68,5;46,3;0,8;40505;--
4514,9;68,5;33,6;30,7;0,350;32;68,5;46,1;0,8;40515;--
4515,1;68,5;33,5;30,7;0,350;32;68,5;46,0;0,8;40495;--
4515,4;68,5;33,6;30,6;0,356;32;68,5;46,1;0,8;40535;--
4515,6;69,0;33,7;30,6;0,356;32;69,0;45,9;0,8;40830;--
4515,8;69,0;33,4;30,6;0,361;32;69,0;45,5;0,8;40975;--
4516,0;69,0;32,8;30,7;0,361;32;69,0;44,6;0,8;41155;--
4516,2;69,0;32,3;30,7;0,361;32;69,0;43,9;0,8;41140;--
4516,5;65,5;28,9;30,8;0,366;32;65,5;41,1;0,8;39805;--
4516,7;65,0;27,5;30,8;0,366;32;65,5;38,9;0,8;39770;--
4516,9;64,0;26,2;30,9;0,370;32;64,0;37,8;0,8;39235;--
4517,1;59,0;23,0;31,0;0,370;32;59,5;35,3;0,8;37445;--
4517,3;57,5;19,9;31,1;0,373;32;57,5;31,1;0,8;35895;--
4517,6;57,0;19,1;31,1;0,373;32;57,0;30,0;0,8;35550;--
4517,8;56,5;18,9;31,1;0,373;32;56,5;29,9;0,8;35320;--
4518,0;56,5;18,9;31,2;0,376;32;56,5;29,9;0,8;35300;--
4518,2;57,0;18,9;31,2;0,376;32;57,0;29,6;0,8;35445;--
4518,4;57,0;18,9;31,2;0,379;32;57,0;29,6;0,8;35435;--
4518,6;56,5;19,0;31,2;0,379;32;56,5;30,1;0,8;35340;--
4518,9;56,5;19,2;31,2;0,381;32;56,5;30,4;0,8;35230;--
4519,1;56,5;19,4;31,2;0,381;32;56,5;30,8;0,8;35220;--
4519,3;56,5;19,5;31,2;0,381;32;56,5;31,0;0,8;35200;--
4519,5;56,5;19,7;31,2;0,384;32;56,5;31,3;0,8;35110;--
4519,7;56,5;20,1;31,2;0,384;32;56,5;32,0;0,8;35060;--
4520,0;57,0;20,4;31,2;0,387;32;57,0;32,3;0,8;35025;--
4520,2;57,0;20,8;31,2;0,387;32;57,0;33,0;0,8;34925;--
4520,4;57,0;20,8;31,2;0,391;32;57,0;33,0;0,8;35000;--
4520,6;57,0;20,8;31,2;0,391;32;57,0;33,0;0,8;35060;--
4520,8;56,5;20,6;31,2;0,391;32;56,5;32,9;0,8;35030;--
4521,0;57,0;20,6;31,2;0,394;32;57,0;32,6;0,8;34970;--
4521,3;57,0;20,7;31,2;0,394;32;57,0;32,8;0,8;34970;--
4521,5;57,0;20,8;31,2;0,397;32;57,0;33,0;0,8;34975;--
4521,7;57,0;20,7;31,2;0,397;32;57,0;32,8;0,8;35000;--
4521,9;57,0;20,6;31,2;0,400;32;57,0;32,6;0,8;35100;--
4522,1;57,0;20,5;31,2;0,400;32;57,0;32,5;0,8;35150;--
4522,4;57,0;20,1;31,2;0,400;32;57,0;31,8;0,8;35345;--
4522,6;57,0;19,7;31,2;0,403;32;57,0;31,1;0,8;35325;--
4522,8;57,0;19,4;31,2;0,403;32;57,0;30,5;0,8;35485;--
4523,0;57,0;19,2;31,2;0,406;32;57,0;30,2;0,8;35420;--
4523,2;57,0;18,9;31,2;0,406;32;57,0;29,6;0,8;35655;--
4523,4;57,0;18,5;31,3;0,406;32;57,0;28,9;0,9;35615;--
4523,7;56,5;18,8;31,2;0,409;32;56,5;29,7;0,8;35285;--
4523,9;57,0;18,5;31,3;0,409;32;57,0;28,9;0,9;35690;--
4524,1;57,0;17,7;31,3;0,411;32;57,0;27,5;0,9;35670;--
4524,3;57,0;17,4;31,3;0,411;32;57,0;27,0;0,9;35870;--
4524,5;57,0;17,2;31,3;0,414;32;57,0;26,7;0,9;35810;--
4524,8;57,0;16,6;31,3;0,414;32;57,0;25,6;0,9;36275;--
4525,0;57,0;16,0;31,3;0,414;32;57,0;24,6;0,9;36030;--
4525,2;57,0;16,1;31,3;0,417;32;57,0;24,7;0,9;36150;--
4525,4;57,0;15,9;31,3;0,417;32;57,0;24,4;0,9;36310;--
4525,6;57,0;15,6;31,3;0,419;32;57,0;23,9;0,9;36220;--
4525,8;57,0;15,6;31,4;0,419;32;57,0;23,9;0,9;36235;--
4526,1;57,0;15,5;31,4;0,421;32;57,0;23,7;0,9;36245;--
4526,3;57,0;15,6;31,4;0,421;32;57,0;23,9;0,9;36315;--
4526,5;57,0;15,7;31,4;0,421;32;57,0;24,0;0,9;36265;--
4526,7;57,0;15,8;31,4;0,424;32;57,0;24,2;0,9;36170;--
4526,9;57,0;16,0;31,4;0,424;32;57,0;24,6;0,9;36095;--
4527,2;57,0;16,2;31,3;0,426;32;57,0;24,9;0,9;36060;--
4527,4;57,0;16,2;31,3;0,426;32;57,0;24,9;0,9;36140;--
4527,6;57,0;16,3;31,4;0,429;32;57,0;25,1;0,9;36115;--
4527,8;57,0;16,2;31,4;0,429;32;57,0;24,9;0,9;36065;--
4528,0;57,0;16,5;31,3;0,429;32;57,0;25,4;0,9;35925;--
4528,2;57,0;16,8;31,3;0,431;32;57,0;26,0;0,8;35835;--
4528,5;57,0;17,2;31,3;0,431;32;57,0;26,7;0,9;35885;--
4528,7;57,0;17,1;31,3;0,434;32;57,0;26,5;0,9;35905;--
4528,9;57,0;16,8;31,3;0,434;32;57,0;26,0;0,9;36015;--
4529,1;56,5;16,7;31,3;0,436;32;56,5;26,0;0,9;35875;--
4529,3;57,0;16,9;31,3;0,436;32;57,0;26,1;0,9;35850;--
4529,6;56,5;17,2;31,3;0,436;32;56,5;26,9;0,9;35745;--
4529,8;56,5;17,3;31,3;0,439;32;56,5;27,1;0,8;35780;--
4530,0;56,5;17,6;31,3;0,439;32;56,5;27,6;0,9;35730;--
4530,2;56,5;17,4;31,3;0,441;32;56,5;27,3;0,9;35685;--
4530,4;56,5;17,7;31,3;0,441;32;56,5;27,8;0,8;35690;--
4530,6;57,0;17,8;31,3;0,444;32;57,0;27,7;0,9;35565;--
4530,9;57,0;18,0;31,3;0,444;32;57,0;28,1;0,9;35675;--
4531,1;57,0;18,4;31,3;0,444;32;57,0;28,8;0,8;35610;--
4531,3;57,0;18,4;31,3;0,447;32;57,0;28,8;0,9;35600;--
4531,7;57,0;19,0;31,3;0,450;32;57,0;29,8;0,8;35295;--
4532,0;57,0;19,4;31,2;0,450;32;57,0;30,5;0,8;35395;--
4532,2;57,0;19,6;31,2;0,453;32;57,0;30,9;0,8;35350;--
4532,4;57,0;19,9;31,2;0,453;32;57,0;31,4;0,8;35245;--
4532,6;57,0;19,8;31,2;0,453;32;57,0;31,2;0,8;35185;--
4532,8;57,0;20,2;31,2;0,456;32;57,0;31,9;0,8;35170;--
4533,0;57,0;20,2;31,2;0,456;32;57,0;31,9;0,8;35305;--
4533,3;57,0;19,4;31,2;0,459;32;57,0;30,5;0,9;35560;--
4533,5;57,0;18,3;31,3;0,459;32;57,0;28,6;0,9;35605;--
4533,7;57,0;18,7;31,2;0,461;32;57,0;29,3;0,8;35565;--
4533,9;57,0;18,0;31,3;0,461;32;57,0;28,1;0,9;35850;--
4534,1;57,0;18,2;31,3;0,461;32;57,0;28,4;0,9;35495;--
4534,4;57,0;19,2;31,2;0,464;32;57,0;30,2;0,8;35200;--
4534,6;57,0;19,8;31,2;0,464;32;57,0;31,2;0,8;35315;--
4534,8;57,0;19,7;31,2;0,467;32;57,0;31,1;0,8;35405;--
4535,0;57,0;19,1;31,2;0,467;32;57,0;30,0;0,8;35575;--
4535,2;57,0;18,9;31,2;0,467;32;57,0;29,6;0,8;35520;--
4535,5;57,0;19,1;31,2;0,470;32;57,0;30,0;0,9;35405;--
4535,7;57,0;19,2;31,2;0,470;32;57,0;30,2;0,9;35380;--
4535,9;57,0;19,5;31,2;0,473;32;57,0;30,7;0,9;35300;--
4536,1;57,0;19,7;31,2;0,473;32;57,0;31,1;0,9;35230;--
4536,3;57,0;19,9;31,2;0,476;32;57,0;31,4;0,8;35260;--
4536,5;56,5;19,7;31,2;0,476;32;57,0;31,1;0,8;35305;--
4536,8;56,5;19,6;31,2;0,476;32;56,5;31,2;0,8;35200;--
4537,0;56,0;19,4;31,2;0,479;32;56,5;30,8;0,9;35080;--
4537,2;56,0;19,0;31,2;0,479;32;56,0;30,4;0,9;34990;--
4537,4;56,0;19,0;31,2;0,482;32;56,5;30,1;0,9;35195;--
4537,6;56,0;18,3;31,2;0,482;32;56,0;29,1;0,9;35290;--
4537,9;56,0;18,2;31,2;0,485;32;56,0;28,9;0,9;35245;--
4538,1;56,0;17,6;31,2;0,485;32;56,0;27,9;0,9;35355;--
4538,3;56,0;17,1;31,2;0,485;32;56,0;27,0;0,9;35405;--
4538,5;56,0;17,2;31,3;0,487;32;56,0;27,1;0,9;35405;--
4538,7;56,0;17,0;31,3;0,487;32;56,0;26,8;0,9;35325;--
4538,9;56,0;16,9;31,3;0,490;32;56,0;26,6;0,9;35355;--
4539,2;56,0;16,6;31,3;0,490;32;56,0;26,1;0,9;35455;--
4539,4;56,0;16,4;31,3;0,492;32;56,0;25,7;0,9;35470;--
4539,6;56,0;16,2;31,3;0,492;32;56,0;25,4;0,9;35545;--
4539,8;56,0;16,5;31,3;0,492;32;56,0;25,9;0,9;35335;--
4540,0;56,0;17,0;31,3;0,495;32;56,0;26,8;0,9;35280;--
4540,3;52,5;14,7;31,3;0,495;32;52,5;24,2;0,9;34205;--
4540,5;52,0;12,5;31,4;0,497;32;52,0;20,2;0,9;33850;--
4540,7;52,5;11,9;31,4;0,497;32;52,5;18,9;0,9;33990;--
4540,9;52,5;11,9;31,4;0,499;32;52,5;18,9;0,9;34235;--
4541,1;52,5;11,7;31,4;0,499;32;52,5;18,5;0,9;34345;--
4541,3;52,5;11,6;31,4;0,499;32;52,5;18,3;0,9;34055;--
4541,6;52,5;11,8;31,4;0,500;32;52,5;18,7;0,9;34045;--
4541,8;52,5;12,2;31,4;0,500;32;52,5;19,4;0,9;33965;--
4542,0;52,5;12,0;31,4;0,502;32;52,5;19,0;0,9;34110;--
4542,2;52,5;11,9;31,4;0,502;32;52,5;18,9;0,9;34075;--
4542,4;52,5;11,9;31,5;0,504;32;52,5;18,9;0,9;34130;--
4542,7;52,5;11,7;31,5;0,504;32;52,5;18,5;0,9;34125;--
4542,9;52,5;11,9;31,5;0,504;32;52,5;18,9;0,9;34085;--
4543,1;52,0;11,8;31,5;0,506;32;52,0;18,8;0,9;33950;--
4543,3;51,5;11,5;31,5;0,506;32;51,5;18,4;0,9;33840;--
4543,5;50,5;10,7;31,5;0,508;32;50,5;17,2;0,9;33220;--
4543,7;49,5;10,1;31,5;0,508;32;49,5;16,4;0,9;32780;--
4544,0;48,5;9,2;31,6;0,508;32;48,5;14,8;0,9;32450;--
4544,2;48,5;9,1;31,6;0,509;32;48,5;14,6;0,9;32320;--
4544,4;49,0;8,8;31,6;0,509;32;49,0;13,9;0,9;32380;--
4544,6;50,0;9,0;31,6;0,510;32;50,0;14,0;0,9;32535;--
4544,8;51,0;10,5;31,5;0,510;32;51,0;16,7;0,9;33270;--
4545,1;51,0;10,9;31,5;0,512;32;51,0;17,5;0,9;33345;--
4545,3;51,0;11,0;31,5;0,512;32;51,0;17,6;0,9;33265;--
4545,5;51,0;11,0;31,5;0,512;32;51,0;17,6;0,9;33265;--
4545,7;51,0;11,2;31,5;0,514;32;51,0;18,0;0,9;33110;--
4545,9;51,0;11,7;31,5;0,514;32;51,0;19,0;0,9;33140;--
4546,1;51,0;11,4;31,5;0,515;32;51,0;18,4;0,9;33250;--
4546,4;51,0;11,2;31,5;0,515;32;51,0;18,0;0,9;33245;--
4546,6;51,0;11,3;31,5;0,517;32;51,0;18,2;0,9;33295;--
4546,8;51,0;11,4;31,5;0,517;32;51,0;18,4;0,9;33245;--
4547,0;51,0;11,5;31,5;0,517;32;51,0;18,6;0,9;33245;--
4547,2;51,0;11,4;31,5;0,519;32;51,0;18,4;0,9;33285;--
4547,5;51,0;11,3;31,5;0,519;32;51,0;18,2;0,9;33345;--
4547,7;51,0;11,2;31,5;0,520;32;51,0;18,0;0,9;33245;--
4547,9;51,0;11,4;31,5;0,520;32;51,0;18,4;0,9;33220;--
4548,1;51,0;11,4;31,5;0,522;32;51,0;18,4;0,9;33240;--
4548,3;51,0;11,5;31,5;0,522;32;51,0;18,6;0,9;33180;--
4548,5;51,0;11,8;31,5;0,522;32;51,0;19,2;0,9;33145;--
4548,8;51,0;11,9;31,5;0,524;32;51,0;19,4;0,9;33010;--
4549,0;51,0;11,7;31,5;0,524;32;51,0;19,0;0,9;33225;--
4549,2;53,5;12,1;31,5;0,526;32;53,0;19,1;0,9;33740;--
4549,4;58,0;15,8;31,4;0,526;32;57,5;24,0;0,8;36090;--
4549,6;61,5;19,4;31,3;0,528;32;61,5;28,3;0,8;37910;--
4549,9;62,0;21,5;31,2;0,528;32;62,0;31,5;0,8;38435;--
4550,1;62,0;22,2;31,2;0,528;32;62,0;32,6;0,8;38590;--
4550,3;62,0;21,7;31,2;0,532;32;62,0;31,8;0,8;38900;--
4550,5;62,0;21,0;31,2;0,532;32;62,0;30,6;0,8;38950;--
4550,7;62,0;20,7;31,2;0,535;32;62,0;30,2;0,8;39000;--
4551,0;62,0;20,5;31,2;0,535;32;62,0;29,8;0,9;39005;--
4551,2;62,0;20,2;31,2;0,535;32;62,0;29,4;0,9;38880;--
4551,4;62,0;20,6;31,2;0,538;32;62,0;30,0;0,8;38665;--
4551,6;62,0;21,2;31,2;0,538;33;62,0;31,0;0,8;38680;--
4551,8;62,0;21,2;31,1;0,541;33;62,0;31,0;0,8;38620;--
4552,0;62,0;21,5;31,1;0,541;33;62,0;31,5;0,8;38580;--
4552,3;62,0;21,0;31,1;0,544;33;62,0;30,6;0,9;38830;--
4552,5;62,0;20,7;31,1;0,544;33;62,0;30,2;0,9;38805;--
4552,7;62,0;20,6;31,1;0,544;33;62,0;30,0;0,9;38765;--
4552,9;62,0;20,7;31,1;0,548;33;62,0;30,2;0,8;38695;--
4553,1;62,0;21,0;31,1;0,548;33;62,0;30,6;0,8;38630;--
4553,4;62,0;21,1;31,1;0,551;33;62,0;30,8;0,8;38615;--
4553,6;62,0;21,1;31,1;0,551;33;62,0;30,8;0,8;38565;--
4553,8;62,0;21,2;31,1;0,554;33;62,0;31,0;0,8;38540;--
4554,0;62,0;21,3;31,1;0,554;33;62,0;31,1;0,8;38470;--
4554,2;62,0;21,3;31,1;0,554;33;62,0;31,1;0,9;38505;--
4554,4;62,0;21,3;31,1;0,557;33;62,0;31,1;0,9;38470;--
4554,7;62,0;21,4;31,1;0,557;33;62,0;31,3;0,9;38395;--
4554,9;62,0;21,6;31,1;0,560;33;62,0;31,6;0,8;38445;--
4555,1;62,0;21,8;31,0;0,560;33;62,0;31,9;0,8;38305;--
4555,3;62,0;21,8;31,0;0,564;33;62,0;31,9;0,8;38345;--
4555,5;62,0;21,8;31,0;0,564;33;62,0;31,9;0,8;38230;--
4555,8;62,0;22,1;31,0;0,564;33;62,0;32,4;0,8;38145;--
4556,0;62,0;22,2;31,0;0,567;33;62,0;32,6;0,8;38260;--
4556,2;62,0;22,1;31,0;0,567;33;62,0;32,4;0,8;38220;--
4556,4;62,0;22,2;31,0;0,570;33;62,0;32,6;0,8;38205;--
4556,6;62,0;22,4;31,0;0,570;33;62,0;32,9;0,8;38165;--
4556,8;62,0;22,1;31,0;0,574;33;62,0;32,4;0,8;38235;--
4557,1;62,0;22,0;31,0;0,574;33;62,0;32,3;0,8;38135;--
4557,3;62,0;22,3;31,0;0,574;33;62,0;32,7;0,8;38060;--
4557,5;62,0;22,6;31,0;0,577;33;62,0;33,2;0,8;37955;--
4557,7;62,0;23,5;30,9;0,577;33;62,0;34,7;0,8;37680;--
4557,9;62,0;23,8;30,9;0,581;33;62,0;35,2;0,8;37710;--
4558,2;62,0;24,0;30,9;0,581;33;62,0;35,5;0,8;37655;--
4558,4;62,0;24,0;30,9;0,581;33;62,0;35,5;0,8;37730;--
4558,6;60,0;22,9;30,9;0,584;33;60,0;34,8;0,8;37125;--
4558,8;60,0;21,9;30,9;0,584;33;60,0;33,2;0,8;36710;--
4559,0;59,5;21,4;30,9;0,588;33;59,5;32,6;0,9;36820;--
4559,2;60,0;21,1;31,0;0,588;33;60,0;31,8;0,9;36985;--
4559,5;60,0;21,0;30,9;0,591;33;60,0;31,7;0,9;36865;--
4559,7;60,0;21,2;31,0;0,591;33;60,0;32,0;0,9;36915;--
4559,9;60,0;21,3;30,9;0,591;33;60,0;32,2;0,8;36840;--
4560,1;60,0;21,4;30,9;0,594;33;60,0;32,3;0,8;36560;--
4560,3;59,5;21,9;30,9;0,594;33;59,5;33,4;0,8;36495;--
4560,6;60,0;21,9;30,9;0,597;33;60,0;33,2;0,8;36705;--
4560,8;60,0;21,6;30,9;0,597;33;60,0;32,7;0,8;36675;--
4561,0;60,0;21,8;30,9;0,601;33;60,0;33,0;0,8;36535;--
4561,2;60,0;22,0;30,9;0,601;33;60,0;33,3;0,8;36520;--
4561,4;60,0;22,2;30,9;0,601;33;60,0;33,7;0,8;36505;--
4561,6;60,0;22,3;30,9;0,604;33;60,0;33,8;0,8;36475;--
4562,1;60,0;22,3;30,9;0,607;33;60,0;33,8;0,8;36455;--
4562,3;60,0;22,6;30,9;0,607;33;60,0;34,3;0,8;36470;--
4562,5;60,0;22,6;30,9;0,611;33;60,0;34,3;0,8;36480;--
4562,7;60,0;22,4;30,9;0,611;33;60,0;34,0;0,8;36485;--
4563,0;60,0;22,7;30,8;0,611;33;60,0;34,5;0,8;36355;--
4563,2;61,5;23,9;30,8;0,614;33;61,5;35,6;0,8;36915;--
4563,4;61,5;25,2;30,8;0,614;33;61,5;37,7;0,8;37120;--
4563,6;61,5;25,7;30,7;0,618;33;61,5;38,5;0,8;37005;--
4563,8;61,5;25,8;30,7;0,618;33;61,5;38,7;0,8;37005;--
4564,0;61,5;25,8;30,7;0,622;34;61,5;38,7;0,8;37085;--
4564,3;61,5;25,6;30,7;0,622;34;61,5;38,4;0,8;37140;--
4564,5;61,5;25,5;30,7;0,622;34;61,5;38,2;0,8;37090;--
4564,7;61,5;25,7;30,7;0,626;34;61,5;38,5;0,8;37135;--
4564,9;61,5;25,0;30,7;0,626;34;61,5;37,4;0,8;37380;--
4565,1;61,5;24,3;30,7;0,629;34;61,5;36,3;0,8;37420;--
4565,4;61,5;23,7;30,7;0,629;34;61,5;35,3;0,8;37430;--
4565,6;61,5;24,0;30,7;0,629;34;61,5;35,8;0,8;37185;--
4565,8;61,5;24,4;30,7;0,633;34;61,5;36,4;0,8;37215;--
4566,0;61,5;24,0;30,7;0,633;34;61,5;35,8;0,8;37345;--
4566,2;61,5;23,8;30,7;0,637;34;61,5;35,4;0,8;37465;--
4566,4;61,5;23,0;30,7;0,637;34;61,5;34,1;0,8;37645;--
4566,7;62,0;22,6;30,7;0,640;34;62,0;33,2;0,8;37755;--
4566,9;62,5;22,6;30,7;0,640;34;62,5;33,0;0,8;38070;--
4567,1;62,5;22,4;30,8;0,640;34;62,5;32,6;0,8;38380;--
4567,3;63,0;22,6;30,8;0,643;34;63,0;32,7;0,8;38385;--
4567,5;64,0;23,6;30,7;0,643;34;64,0;33,8;0,8;38700;--
4567,8;64,0;24,1;30,7;0,647;34;64,0;34,5;0,8;38735;--
4568,0;64,0;24,6;30,7;0,647;34;64,0;35,3;0,8;38665;--
4568,2;64,0;24,9;30,7;0,651;34;64,0;35,8;0,8;38840;--
4568,4;65,0;25,7;30,6;0,651;34;65,0;36,5;0,8;39235;--
4568,6;66,0;26,6;30,6;0,651;34;66,0;37,3;0,8;39400;--
4568,9;67,5;28,3;30,5;0,655;34;67,5;39,0;0,8;39990;--
4569,1;68,5;29,9;30,5;0,655;34;68,5;40,7;0,8;40225;--
4569,3;68,5;31,3;30,4;0,659;34;68,5;42,8;0,8;40360;--
4569,5;68,5;31,8;30,4;0,659;34;68,5;43,5;0,8;40280;--
4569,7;68,5;32,4;30,4;0,664;34;68,5;44,4;0,8;40065;--
4569,9;68,5;33,1;30,3;0,664;34;68,5;45,4;0,8;40015;--
4570,2;68,5;33,8;30,3;0,664;34;68,5;46,4;0,8;40010;--
4570,4;68,5;34,4;30,3;0,669;34;68,5;47,3;0,8;40000;--
4570,6;68,5;34,5;30,3;0,669;34;68,5;47,4;0,8;40015;--
4570,8;68,5;34,7;30,2;0,675;34;68,5;47,7;0,8;39965;--
4571,0;68,5;34,3;30,2;0,675;34;68,5;47,2;0,8;39825;--
4571,3;68,5;34,4;30,2;0,675;34;68,5;47,3;0,8;39730;--
4571,5;68,5;34,4;30,2;0,680;34;68,5;47,3;0,8;39720;--
4571,7;68,5;34,4;30,2;0,680;34;68,5;47,3;0,8;39765;--
4571,9;68,5;34,3;30,2;0,685;34;68,5;47,2;0,8;39765;--
4572,1;68,5;34,1;30,2;0,685;34;68,5;46,9;0,8;39810;--
4572,3;68,5;34,2;30,2;0,690;35;68,5;47,0;0,8;39865;--
4572,6;68,5;33,9;30,2;0,690;35;68,5;46,6;0,8;39860;--
4572,8;68,5;33,8;30,2;0,690;35;68,5;46,4;0,8;39770;--
4573,0;68,5;33,7;30,2;0,695;35;68,5;46,3;0,8;39975;--
4573,2;68,5;33,4;30,2;0,695;35;68,5;45,8;0,8;39790;--
4573,4;68,5;33,2;30,2;0,700;35;68,5;45,5;0,8;40070;--
4573,7;68,5;32,4;30,2;0,700;35;68,5;44,4;0,8;40165;--
4573,9;68,5;31,4;30,2;0,700;35;68,5;42,9;0,8;40350;--
4574,1;68,5;31,3;30,2;0,705;35;68,5;42,8;0,8;40235;--
4574,3;68,5;31,8;30,2;0,705;35;68,5;43,5;0,8;39975;--
4574,5;68,5;31,6;30,2;0,710;35;68,5;43,2;0,8;40015;--
4574,7;68,5;31,8;30,2;0,710;35;68,5;43,5;0,8;40025;--
4575,0;68,5;31,9;30,2;0,715;35;68,5;43,6;0,8;39990;--
4575,2;68,5;31,8;30,2;0,715;35;68,5;43,5;0,8;40000;--
4575,4;68,5;31,8;30,2;0,715;35;68,5;43,5;0,8;40010;--
4575,6;68,5;31,9;30,2;0,719;35;68,5;43,6;0,8;40000;--
4575,8;68,0;32,1;30,1;0,719;35;68,0;44,3;0,8;40020;--
4576,1;68,0;31,2;30,2;0,724;35;68,0;42,9;0,8;40100;--
4576,3;68,0;30,3;30,2;0,724;35;68,0;41,6;0,8;40180;--
4576,5;68,0;30,1;30,2;0,729;35;68,0;41,3;0,8;40035;--
4576,7;68,0;29,9;30,2;0,729;35;68,0;41,0;0,8;40005;--
4576,9;68,0;30,0;30,2;0,729;35;68,0;41,2;0,8;40060;--
4577,1;68,0;30,3;30,1;0,733;35;68,0;41,6;0,8;39850;--
4577,4;68,0;30,5;30,1;0,733;35;68,0;41,9;0,8;39775;--
4577,6;68,0;31,4;30,1;0,738;35;68,0;43,2;0,8;39845;--
4577,8;68,0;31,2;30,1;0,738;35;68,0;42,9;0,8;39970;--
4578,0;68,0;30,8;30,1;0,743;35;68,0;42,4;0,8;39875;--
4578,2;68,0;30,5;30,1;0,743;35;68,0;41,9;0,8;39695;--
4578,5;67,5;30,8;30,1;0,743;35;67,5;42,7;0,8;39655;--
4578,7;67,0;30,2;30,1;0,747;35;67,0;42,1;0,8;39280;--
4578,9;66,5;30,7;30,1;0,747;35;66,5;43,2;0,8;38830;--
4579,1;66,5;30,9;30,1;0,752;35;66,5;43,5;0,8;38830;--
4579,3;66,5;31,1;30,1;0,752;35;66,5;43,8;0,8;38685;--
4579,5;66,5;31,1;30,1;0,752;35;66,5;43,8;0,8;38645;--
4579,8;66,5;30,9;30,1;0,757;35;66,5;43,5;0,8;38700;--
4580,0;66,5;30,9;30,1;0,757;36;66,5;43,5;0,8;38675;--
4580,2;66,5;30,7;30,1;0,761;36;66,5;43,2;0,8;38705;--
4580,4;66,5;30,4;30,1;0,761;36;66,5;42,7;0,8;38705;--
4580,6;66,5;30,5;30,1;0,766;36;66,5;42,9;0,8;38740;--
4580,9;66,5;30,3;30,1;0,766;36;66,5;42,6;0,8;38720;--
4581,1;66,5;30,4;30,0;0,766;36;66,5;42,7;0,8;38635;--
4581,3;66,5;30,8;30,0;0,770;36;66,5;43,3;0,8;38440;--
4581,5;66,5;31,3;30,1;0,770;36;66,5;44,1;0,8;38440;--
4581,7;66,0;31,5;30,0;0,775;36;66,0;44,7;0,8;38425;--
4581,9;66,5;31,2;30,1;0,775;36;66,5;43,9;0,8;38545;--
4582,2;66,0;30,2;30,0;0,780;36;66,0;42,7;0,8;38665;--
4582,4;65,5;29,1;30,1;0,780;36;65,5;41,4;0,8;38465;--
4582,6;65,5;28,8;30,1;0,780;36;65,5;40,9;0,8;38395;--
4582,8;65,5;28,9;30,1;0,784;36;65,5;41,1;0,8;38155;--
4583,0;65,5;29,1;30,1;0,784;36;65,5;41,4;0,8;38400;--
4583,3;65,5;28,7;30,1;0,789;36;65,5;40,8;0,8;38505;--
4583,5;65,5;28,1;30,1;0,789;36;65,5;39,8;0,8;38755;--
4583,7;65,5;27,4;30,1;0,789;36;65,5;38,8;0,8;38700;--
4583,9;65,5;27,3;30,1;0,793;36;65,5;38,6;0,8;38685;--
4584,1;65,5;27,3;30,1;0,793;36;65,5;38,6;0,8;38600;--
4584,3;65,0;27,0;30,1;0,797;36;65,0;38,5;0,8;38465;--
4584,6;64,5;26,8;30,1;0,797;36;64,5;38,4;0,8;38350;--
4584,8;64,5;26,6;30,1;0,801;36;64,5;38,1;0,8;38240;--
4585,0;63,0;26,2;30,2;0,801;36;63,0;38,4;0,8;37850;--
4585,2;62,0;24,2;30,2;0,801;36;62,0;35,8;0,8;37230;--
4585,4;57,0;20,0;30,3;0,804;36;57,5;31,3;0,9;35260;--
4585,7;56,5;18,0;30,4;0,804;36;56,5;28,3;0,9;34870;--
4585,9;56,5;16,8;30,4;0,807;36;56,5;26,2;0,9;34815;--
4586,1;56,5;16,4;30,4;0,807;36;56,5;25,5;0,9;34710;--
4586,3;56,5;16,7;30,4;0,810;36;56,5;26,0;0,9;34900;--
4586,5;56,5;16,7;30,4;0,810;36;56,5;26,0;0,9;34845;--
4586,7;56,5;16,5;30,4;0,810;36;56,5;25,7;0,9;34855;--
4587,0;56,5;16,7;30,5;0,812;36;56,5;26,0;0,9;34815;--
4587,2;56,5;16,9;30,4;0,812;36;56,5;26,4;0,9;34810;--
4587,4;56,5;17,3;30,5;0,815;36;56,5;27,1;0,9;34605;--
4587,6;56,5;18,1;30,4;0,815;36;56,5;28,5;0,9;34450;--
4587,8;56,5;18,8;30,4;0,817;36;56,5;29,7;0,9;34420;--
4588,1;56,5;18,9;30,4;0,817;36;56,5;29,9;0,9;34495;--
4588,3;56,5;18,9;30,4;0,817;36;56,5;29,9;0,9;34450;--
4588,5;56,5;19,2;30,4;0,820;36;56,5;30,4;0,9;34365;--
4588,7;56,5;19,2;30,4;0,820;36;56,5;30,4;0,9;34480;--
4588,9;56,5;19,0;30,4;0,823;36;56,5;30,1;0,9;34500;--
4589,1;56,5;18,9;30,4;0,823;36;56,5;29,9;0,9;34555;--
4589,4;56,5;18,6;30,4;0,823;36;56,5;29,4;0,9;34660;--
4589,6;56,5;18,6;30,4;0,826;36;56,5;29,4;0,9;34510;--
4589,8;56,5;18,7;30,4;0,826;36;56,5;29,6;0,9;34565;--
4590,0;56,5;18,8;30,4;0,829;36;56,5;29,7;0,9;34535;--
4590,2;56,5;19,0;30,4;0,829;36;56,5;30,1;0,9;34425;--
4590,5;56,5;19,1;30,4;0,832;36;56,5;30,3;0,9;34420;--
4590,7;57,5;19,6;30,4;0,832;36;57,5;30,6;0,9;34635;--
4590,9;58,0;20,0;30,4;0,832;36;58,0;31,0;0,9;35120;--
4591,1;58,0;19,7;30,4;0,835;36;58,0;30,5;0,9;35340;--
4591,3;58,0;19,1;30,4;0,835;36;58,0;29,5;0,9;35375;--
4591,6;58,0;19,3;30,4;0,838;36;58,0;29,8;0,9;35225;--
4591,8;58,0;19,6;30,4;0,838;36;58,0;30,3;0,9;35150;--
4592,0;58,0;19,8;30,4;0,841;36;58,0;30,7;0,9;35045;--
4592,2;58,0;19,9;30,4;0,841;36;58,0;30,9;0,9;35050;--
4592,4;58,0;20,0;30,4;0,841;36;58,0;31,0;0,9;34940;--
4592,9;58,0;20,2;30,4;0,844;36;58,0;31,4;0,9;34860;--
4593,1;58,0;20,4;30,4;0,847;36;58,0;31,7;0,9;34860;--
4593,3;58,0;20,5;30,4;0,847;36;58,0;31,9;0,9;34865;--
4593,5;58,0;20,5;30,4;0,850;36;58,0;31,9;0,9;34915;--
4593,7;58,0;20,4;30,4;0,850;36;58,0;31,7;0,9;34970;--
4594,0;58,0;20,2;30,4;0,850;36;58,0;31,4;0,9;34970;--
4594,2;58,0;20,4;30,4;0,853;36;58,0;31,7;0,9;34915;--
4594,4;58,5;20,6;30,4;0,853;36;58,5;31,8;0,9;35245;--
4594,6;59,0;20,8;30,4;0,856;36;59,0;31,9;0,9;35715;--
4594,8;59,0;20,6;30,4;0,856;36;59,0;31,5;0,9;35810;--
4595,0;59,0;20,5;30,4;0,859;36;59,0;31,4;0,9;35820;--
4595,3;59,0;20,2;30,4;0,859;36;59,0;30,8;0,9;35985;--
4595,5;59,0;19,7;30,4;0,859;36;59,0;30,0;0,9;36255;--
4595,7;59,0;19,3;30,4;0,862;36;59,0;29,3;0,9;36135;--
4595,9;59,0;19,1;30,4;0,862;36;59,0;29,0;0,9;36235;--
4596,1;59,0;18,8;30,4;0,865;36;59,0;28,5;0,9;36325;--
4596,4;59,0;18,2;30,4;0,865;36;59,0;27,5;0,9;36360;--
4596,6;59,0;18,2;30,4;0,868;36;59,0;27,5;0,9;36385;--
4596,8;59,0;18,0;30,4;0,868;36;59,0;27,1;0,9;36510;--
4597,0;59,0;17,8;30,4;0,868;36;59,0;26,8;0,9;36590;--
4597,2;59,0;16,9;30,5;0,870;36;59,0;25,3;0,9;36745;--
4597,4;59,0;16,4;30,5;0,870;36;59,0;24,4;0,9;36705;--
4597,7;59,0;16,4;30,5;0,873;36;59,0;24,4;0,9;36675;--
4597,9;59,0;16,4;30,5;0,873;36;59,0;24,4;0,9;36745;--
4598,1;59,0;15,8;30,5;0,873;36;59,0;23,4;0,9;36855;--
4598,3;59,0;15,8;30,5;0,875;36;59,0;23,4;0,9;36855;--
4598,5;59,0;15,9;30,5;0,875;36;59,0;23,6;0,9;36720;--
4598,8;59,0;16,3;30,5;0,878;36;59,0;24,2;0,9;36565;--
4599,0;59,0;16,7;30,5;0,878;36;59,0;24,9;0,9;36560;--
4599,2;60,0;17,0;30,5;0,880;36;60,0;25,0;0,9;36535;--
4599,4;62,5;20,2;30,4;0,880;36;62,5;29,1;0,9;37695;--
4599,6;62,5;21,7;30,3;0,880;36;62,5;31,5;0,9;37875;--
4599,8;62,5;21,6;30,3;0,883;36;62,5;31,4;0,9;38055;--
4600,1;62,5;21,4;30,3;0,883;36;62,5;31,0;0,9;38030;--
4600,3;62,5;21,5;30,3;0,887;36;62,5;31,2;0,9;38035;--
4600,5;62,5;21,3;30,3;0,887;36;62,5;30,9;0,9;38130;--
4600,7;62,5;20,9;30,3;0,890;36;62,5;30,2;0,9;38175;--
4600,9;62,5;20,5;30,3;0,890;36;62,5;29,6;0,9;38260;--
4601,2;62,5;20,5;30,3;0,890;36;62,5;29,6;0,9;38150;--
4601,4;62,5;20,4;30,3;0,893;36;62,5;29,4;0,9;38185;--
4601,6;62,5;20,5;30,3;0,893;36;62,5;29,6;0,9;38085;--
4601,8;62,5;20,7;30,3;0,896;36;62,5;29,9;0,9;38060;--
4602,0;62,5;21,1;30,3;0,896;36;62,5;30,6;0,9;38020;--
4602,2;62,5;21,3;30,3;0,899;36;62,5;30,9;0,9;37875;--
4602,5;62,5;21,6;30,3;0,899;36;62,5;31,4;0,9;37990;--
4602,7;62,5;21,3;30,3;0,899;36;62,5;30,9;0,9;38040;--
4602,9;62,5;21,3;30,3;0,902;36;62,5;30,9;0,9;37985;--
4603,1;62,5;21,4;30,3;0,902;36;62,5;31,0;0,9;37975;--
4603,3;62,5;21,0;30,3;0,906;36;62,5;30,4;0,9;38180;--
4603,6;62,5;20,6;30,3;0,906;36;62,5;29,8;0,9;38125;--
4603,8;62,5;20,7;30,3;0,909;36;62,5;29,9;0,9;37935;--
4604,0;62,5;21,1;30,3;0,909;36;62,5;30,6;0,9;37865;--
4604,2;62,5;21,0;30,3;0,909;36;62,5;30,4;0,9;38135;--
4604,4;62,5;20,9;30,3;0,912;36;62,5;30,2;0,9;37940;--
4604,6;62,5;21,2;30,3;0,912;36;62,5;30,7;0,9;38075;--
4604,9;62,5;20,8;30,3;0,915;36;62,5;30,1;0,9;38235;--
4605,1;62,5;20,4;30,3;0,915;36;62,5;29,4;0,9;38320;--
4605,3;62,5;20,2;30,3;0,918;36;62,5;29,1;0,9;38320;--
4605,5;62,5;20,1;30,3;0,918;36;62,5;29,0;0,9;38290;--
4605,7;62,5;20,2;30,3;0,918;36;62,5;29,1;0,9;38150;--
4606,0;62,5;20,7;30,3;0,921;36;62,5;29,9;0,9;38005;--
4606,2;62,5;21,0;30,3;0,921;36;62,5;30,4;0,9;37900;--
4606,4;62,5;21,7;30,2;0,925;36;62,5;31,5;0,9;37695;--
4606,6;62,5;21,8;30,2;0,925;36;62,5;31,7;0,9;37850;--
4606,8;62,5;21,8;30,2;0,925;36;62,5;31,7;0,9;37780;--
4607,0;62,5;21,5;30,2;0,928;36;62,5;31,2;0,9;37990;--
4607,3;62,5;21,2;30,2;0,928;36;62,5;30,7;0,9;38050;--
4607,5;62,5;21,0;30,2;0,931;36;62,5;30,4;0,9;38050;--
4607,7;62,5;20,9;30,3;0,931;36;62,5;30,2;0,9;38045;--
4607,9;62,5;20,9;30,2;0,934;36;62,5;30,2;0,9;37925;--
4608,1;62,5;20,9;30,2;0,934;36;62,5;30,2;0,9;37980;--
4608,4;62,5;20,8;30,2;0,934;36;62,5;30,1;0,9;38070;--
4608,6;62,0;20,4;30,3;0,937;36;62,0;29,7;0,9;37875;--
4608,8;60,0;18,8;30,3;0,937;36;60,0;28,0;0,9;36665;--
4609,0;59,5;18,8;30,3;0,940;36;59,5;28,2;0,9;36385;--
4609,2;59,5;19,0;30,3;0,940;36;59,5;28,6;0,9;36405;--
4609,5;59,5;18,9;30,3;0,943;36;59,5;28,4;0,9;36325;--
4609,7;59,5;18,8;30,3;0,943;36;59,5;28,2;0,9;36385;--
4609,9;59,5;19,0;30,3;0,943;36;59,5;28,6;0,9;36265;--
4610,1;59,5;19,0;30,3;0,946;36;59,5;28,6;0,9;36245;--
4610,3;61,0;19,7;30,3;0,946;36;61,0;29,0;0,9;36335;--
4610,5;63,0;22,2;30,2;0,949;36;63,0;32,1;0,9;37330;--
4610,8;63,0;23,5;30,1;0,949;36;63,0;34,1;0,9;37555;--
4611,0;63,0;23,9;30,1;0,953;36;63,0;34,8;0,9;37480;--
4611,2;63,0;24,0;30,1;0,953;36;63,0;34,9;0,8;37375;--
4611,4;63,0;24,2;30,1;0,953;36;63,0;35,2;0,8;37295;--
4611,6;63,0;24,6;30,1;0,956;36;63,0;35,9;0,9;37345;--
4611,9;63,0;24,5;30,1;0,956;37;63,0;35,7;0,9;37330;--
4612,1;63,0;24,4;30,1;0,960;37;63,0;35,6;0,8;37240;--
4612,3;63,0;24,7;30,1;0,960;37;63,0;36,0;0,8;37220;--
4612,5;63,0;25,0;30,1;0,964;37;63,0;36,5;0,8;37155;--
4612,7;63,0;24,9;30,1;0,964;37;63,0;36,3;0,8;37240;--
4612,9;63,0;24,5;30,1;0,964;37;63,0;35,7;0,8;37180;--
4613,2;63,0;24,4;30,0;0,967;37;63,0;35,6;0,9;37070;--
4613,4;63,0;24,4;30,0;0,967;37;63,0;35,6;0,9;37280;--
4613,6;63,5;24,2;30,0;0,971;37;63,5;35,0;0,9;37215;--
4613,8;67,5;27,9;29,9;0,971;37;67,5;38,4;0,8;38680;--
4614,0;73,0;32,8;29,8;0,971;37;73,0;42,2;0,8;41275;--
4614,3;76,0;38,0;29,6;0,976;37;76,0;47,4;0,8;43185;--
4614,5;76,0;38,9;29,6;0,976;37;76,0;48,6;0,8;43345;--
4614,7;75,5;39,0;29,6;0,982;37;75,5;49,0;0,8;43165;--
4614,9;75,5;38,4;29,6;0,982;37;75,5;48,2;0,8;43070;--
4615,1;75,5;38,8;29,5;0,988;37;75,5;48,7;0,8;42890;--
4615,3;75,5;39,0;29,5;0,988;37;75,5;49,0;0,8;42820;--
4615,6;75,5;39,5;29,5;0,988;37;75,5;49,7;0,8;42775;--
4615,8;75,5;39,4;29,5;0,994;37;75,5;49,5;0,8;42760;--
4616,0;75,5;39,7;29,5;0,994;37;75,5;49,9;0,8;42705;--
4616,2;75,5;39,5;29,5;1,000;37;75,5;49,7;0,8;42715;--
4616,4;75,5;39,3;29,5;1,000;37;75,5;49,4;0,8;42785;--
4616,7;75,5;39,3;29,4;1,005;37;75,5;49,4;0,8;42725;--
4616,9;75,5;39,4;29,4;1,005;37;75,5;49,5;0,8;42675;--
4617,1;75,5;39,4;29,4;1,005;37;75,5;49,5;0,8;42670;--
4617,3;75,5;39,5;29,4;1,011;37;75,5;49,7;0,8;42725;--
4617,5;75,5;39,2;29,4;1,011;37;75,5;49,3;0,8;42820;--
4617,7;75,5;38,8;29,4;1,017;37;75,5;48,7;0,8;42850;--
4618,0;75,5;38,4;29,4;1,017;37;75,5;48,2;0,8;42900;--
4618,2;75,5;38,2;29,4;1,023;38;75,5;47,9;0,8;42940;--
4618,4;75,5;38,0;29,4;1,023;38;75,5;47,7;0,8;43035;--
4618,6;75,5;37,8;29,4;1,023;38;75,5;47,4;0,8;42830;--
4618,8;75,5;38,0;29,4;1,029;38;75,5;47,7;0,8;42810;--
4619,1;75,5;38,5;29,4;1,029;38;75,5;48,3;0,8;42560;--
4619,3;75,5;38,9;29,3;1,035;38;75,5;48,9;0,8;42645;--
4619,5;75,5;38,8;29,3;1,035;38;75,5;48,7;0,8;42665;--
4619,7;75,5;39,0;29,3;1,035;38;75,5;49,0;0,8;42590;--
4619,9;75,5;39,2;29,3;1,041;38;75,5;49,3;0,8;42515;--
4620,1;75,5;39,2;29,3;1,041;38;75,5;49,3;0,8;42615;--
4620,4;75,5;38,5;29,3;1,046;38;75,5;48,3;0,8;42815;--
4620,6;75,5;38,1;29,3;1,046;38;75,5;47,8;0,8;42620;--
4620,8;75,5;38,5;29,3;1,052;38;75,5;48,3;0,8;42630;--
4621,0;75,5;39,4;29,3;1,052;38;75,5;49,5;0,8;42150;--
4621,2;75,5;40,4;29,2;1,052;38;75,5;50,9;0,8;42180;--
4621,5;75,5;40,1;29,2;1,058;38;75,5;50,5;0,8;42425;--
4621,7;75,5;39,2;29,2;1,058;38;75,5;49,3;0,8;42540;--
4621,9;75,5;39,2;29,2;1,064;38;75,5;49,3;0,8;42435;--
4622,1;75,5;39,5;29,2;1,064;38;75,5;49,7;0,8;42395;--
4622,3;75,5;38,8;29,3;1,070;38;75,5;48,7;0,8;42595;--
4622,5;75,5;38,3;29,3;1,070;38;75,5;48,1;0,8;42725;--
4622,8;75,5;37,8;29,3;1,070;38;75,5;47,4;0,8;42895;--
4623,2;75,5;38,0;29,3;1,076;38;75,5;47,7;0,8;42590;--
4623,4;75,0;38,3;29,3;1,082;38;75,0;48,4;0,8;42465;--
4623,6;75,0;38,5;29,2;1,082;38;75,0;48,7;0,8;42300;--
4623,9;75,0;38,6;29,2;1,087;39;75,0;48,8;0,8;42285;--
4624,1;75,0;38,8;29,2;1,087;39;75,0;49,1;0,8;42355;--
4624,3;75,0;38,8;29,2;1,087;39;75,0;49,1;0,8;42370;--
4624,5;75,0;38,2;29,2;1,093;39;75,0;48,3;0,8;42415;--
4624,7;75,0;38,0;29,2;1,093;39;75,0;48,0;0,8;42415;--
4625,0;75,0;38,0;29,2;1,099;39;75,0;48,0;0,8;42410;--
4625,2;75,0;37,9;29,2;1,099;39;75,0;47,9;0,8;42460;--
4625,4;75,0;37,8;29,2;1,099;39;75,0;47,7;0,8;42445;--
4625,6;75,0;38,0;29,2;1,105;39;75,0;48,0;0,8;42380;--
4625,8;75,0;38,4;29,2;1,105;39;75,0;48,5;0,8;42280;--
4626,0;75,0;38,5;29,2;1,110;39;75,0;48,7;0,8;42275;--
4626,3;75,0;38,6;29,2;1,110;39;75,0;48,8;0,8;42215;--
4626,5;75,0;38,8;29,2;1,116;39;75,0;49,1;0,8;42195;--
4626,7;75,0;39,1;29,2;1,116;39;75,0;49,5;0,8;42085;--
4626,9;75,0;39,5;29,1;1,116;39;75,0;50,0;0,8;41945;--
4627,1;75,0;39,4;29,1;1,122;39;75,0;49,9;0,8;42145;--
4627,4;75,0;39,1;29,1;1,122;39;75,0;49,5;0,8;42200;--
4627,6;75,0;39,1;29,1;1,128;39;75,0;49,5;0,8;42070;--
4627,8;75,0;39,4;29,1;1,128;39;75,0;49,9;0,8;42035;--
4628,0;75,0;39,4;29,1;1,134;39;75,0;49,9;0,8;42035;--
4628,2;75,0;39,5;29,1;1,134;39;75,0;50,0;0,8;42070;--
4628,4;75,0;39,0;29,1;1,134;39;75,0;49,3;0,8;42215;--
4628,7;75,0;38,9;29,1;1,140;39;75,0;49,2;0,8;42100;--
4628,9;75,0;39,0;29,1;1,140;39;75,0;49,3;0,8;42100;--
4629,1;75,0;39,0;29,1;1,146;39;75,0;49,3;0,8;42145;--
4629,3;75,0;38,9;29,1;1,146;39;75,0;49,2;0,8;42145;--
4629,5;75,0;38,9;29,1;1,152;39;75,0;49,2;0,8;42130;--
4629,8;75,0;38,9;29,1;1,152;39;75,0;49,2;0,8;42120;--
4630,0;75,0;38,9;29,1;1,152;39;75,0;49,2;0,8;42125;--
4630,2;75,0;39,1;29,1;1,158;39;75,0;49,5;0,8;41955;--
4630,4;75,0;39,4;29,1;1,158;39;75,0;49,9;0,8;41980;--
4630,6;75,0;39,1;29,1;1,164;40;75,0;49,5;0,8;42080;--
4630,8;75,0;39,0;29,1;1,164;40;75,0;49,3;0,8;42135;--
4631,1;75,0;38,7;29,1;1,169;40;75,0;48,9;0,8;42145;--
4631,3;75,0;38,5;29,1;1,169;40;75,0;48,7;0,8;42210;--
4631,5;75,0;38,3;29,1;1,169;40;75,0;48,4;0,8;42225;--
4631,7;75,0;38,3;29,1;1,175;40;75,0;48,4;0,8;42190;--
4631,9;75,0;38,4;29,1;1,175;40;75,0;48,5;0,8;42195;--
4632,2;75,0;38,1;29,1;1,181;40;75,0;48,1;0,8;42335;--
4632,4;75,0;37,6;29,1;1,181;40;75,0;47,5;0,8;42290;--
4632,6;75,0;37,6;29,1;1,181;40;75,0;47,5;0,8;42355;--
4632,8;75,0;37,6;29,1;1,187;40;75,0;47,5;0,8;42305;--
4633,0;75,5;37,7;29,1;1,187;40;75,5;47,3;0,8;42335;--
4633,2;76,0;38,4;29,1;1,192;40;76,0;47,9;0,8;42505;--
4633,5;76,0;39,0;29,0;1,192;40;76,0;48,7;0,8;42545;--
4633,7;75,5;39,1;29,0;1,198;40;76,0;48,8;0,8;42465;--
4633,9;75,5;38,9;29,0;1,198;40;75,5;48,9;0,8;42315;--
4634,1;75,0;38,7;29,1;1,198;40;75,0;48,9;0,8;42175;--
4634,3;75,0;38,6;29,0;1,204;40;75,0;48,8;0,8;42110;--
4634,6;75,0;38,6;29,0;1,204;40;75,0;48,8;0,8;42130;--
4634,8;75,0;38,5;29,0;1,210;40;75,0;48,7;0,8;42115;--
4635,1;75,0;38,5;29,0;1,210;40;75,0;48,7;0,8;42120;--
4635,3;75,0;38,2;29,1;1,216;40;75,0;48,3;0,8;42135;--
4635,5;75,0;38,2;29,1;1,216;40;75,0;48,3;0,8;42150;--
4635,7;75,0;38,0;29,0;1,221;40;75,0;48,0;0,8;42185;--
4636,0;75,0;37,9;29,0;1,221;40;75,0;47,9;0,8;42260;--
4636,2;75,0;37,6;29,1;1,221;40;75,0;47,5;0,8;42340;--
4636,4;75,0;37,1;29,1;1,227;40;75,0;46,8;0,8;42415;--
4636,6;75,0;36,8;29,1;1,227;40;75,0;46,4;0,8;42475;--
4636,8;75,0;36,7;29,1;1,233;40;75,0;46,3;0,8;42505;--
4637,1;75,5;36,3;29,1;1,233;40;75,5;45,4;0,8;42870;--
4637,3;75,5;35,5;29,1;1,238;40;75,5;44,4;0,8;43000;--
4637,5;75,5;34,7;29,1;1,238;40;75,5;43,3;0,8;43055;--
4637,7;75,5;34,0;29,1;1,238;40;75,5;42,4;0,8;43105;--
4637,9;75,5;33,8;29,2;1,243;40;75,5;42,1;0,8;43025;--
4638,1;75,5;34,0;29,1;1,243;40;75,5;42,4;0,8;43000;--
4638,4;75,5;34,1;29,1;1,248;40;75,5;42,5;0,8;43025;--
4638,6;75,0;34,0;29,1;1,248;40;75,0;42,7;0,8;42890;--
4638,8;75,0;34,2;29,1;1,254;40;75,0;42,9;0,8;42660;--
4639,0;75,0;34,5;29,1;1,254;40;75,0;43,3;0,8;42725;--
4639,2;75,0;34,3;29,1;1,254;40;75,0;43,1;0,8;42755;--
4639,5;75,0;34,1;29,1;1,259;40;75,0;42,8;0,8;42720;--
4639,7;75,0;34,8;29,1;1,259;40;75,0;43,7;0,8;42815;--
4639,9;75,0;35,6;29,1;1,264;40;75,0;44,8;0,8;42620;--
4640,1;75,0;36,2;29,1;1,264;40;75,0;45,6;0,8;42490;--
4640,3;75,0;36,2;29,1;1,264;40;75,0;45,6;0,8;42495;--
4640,5;75,0;36,8;29,1;1,269;41;75,0;46,4;0,8;42370;--
4640,8;75,0;37,1;29,1;1,269;41;75,0;46,8;0,8;42305;--
4641,0;75,0;37,5;29,0;1,275;41;75,0;47,3;0,8;42205;--
4641,2;75,0;37,4;29,0;1,275;41;75,0;47,2;0,8;42270;--
4641,4;75,0;37,0;29,0;1,281;41;75,0;46,7;0,8;42170;--
4641,6;75,0;37,0;29,1;1,281;41;75,0;46,7;0,8;42190;--
4641,9;75,0;37,2;29,0;1,281;41;75,0;46,9;0,8;42125;--
4642,1;75,0;37,2;29,0;1,286;41;75,0;46,9;0,8;42235;--
4642,3;75,0;37,1;29,0;1,286;41;75,0;46,8;0,8;42140;--
4642,5;75,0;37,0;29,0;1,292;41;75,0;46,7;0,8;42220;--
4642,7;75,0;36,6;29,0;1,292;41;75,0;46,1;0,8;42235;--
4643,0;74,5;36,2;29,1;1,297;41;74,5;45,9;0,8;42390;--
4643,2;74,5;35,6;29,1;1,297;41;74,5;45,1;0,8;42515;--
4643,4;74,5;35,2;29,1;1,297;41;74,5;44,6;0,8;42535;--
4643,6;74,5;34,5;29,1;1,303;41;74,5;43,6;0,8;42565;--
4643,8;74,5;33,7;29,1;1,303;41;74,5;42,6;0,8;42720;--
4644,0;74,5;33,3;29,1;1,308;41;74,5;42,0;0,8;42870;--
4644,3;74,5;32,3;29,1;1,308;41;74,5;40,7;0,8;43180;--
4644,5;75,0;31,2;29,2;1,313;41;75,0;38,9;0,8;43355;--
4644,7;74,5;30,9;29,2;1,313;41;74,5;38,8;0,8;43295;--
4644,9;75,0;30,8;29,2;1,313;41;74,5;38,7;0,8;43435;--
4645,1;75,0;30,1;29,2;1,317;41;75,0;37,5;0,8;43590;--
4645,4;75,0;29,5;29,2;1,317;41;75,0;36,7;0,8;43735;--
4645,6;74,5;28,5;29,3;1,322;41;74,5;35,6;0,8;43900;--
4645,8;74,5;27,7;29,3;1,322;41;74,5;34,5;0,8;43845;--
4646,0;74,5;27,7;29,3;1,326;41;74,5;34,5;0,8;43835;--
4646,2;75,0;27,7;29,3;1,326;41;75,0;34,3;0,8;43955;--
4646,4;74,5;27,2;29,3;1,326;41;74,5;33,8;0,8;44120;--
4646,7;74,5;26,7;29,3;1,330;41;74,5;33,2;0,8;44220;--
4646,9;75,0;26,3;29,3;1,330;41;75,0;32,4;0,8;44250;--
4647,1;75,0;26,3;29,3;1,334;41;75,0;32,4;0,8;44275;--
4647,3;75,0;26,8;29,3;1,334;41;75,0;33,1;0,8;44090;--
4647,5;75,0;26,7;29,3;1,338;41;75,0;32,9;0,8;44190;--
4647,8;75,0;26,7;29,3;1,338;41;75,0;32,9;0,8;44175;--
4648,0;75,0;26,7;29,3;1,338;41;75,0;32,9;0,8;44230;--
4648,2;75,0;27,0;29,3;1,342;41;75,0;33,3;0,8;43945;--
4648,4;75,0;27,2;29,3;1,342;41;75,0;33,6;0,8;44060;--
4648,6;75,0;27,1;29,3;1,346;41;75,0;33,5;0,8;44100;--
4648,8;75,0;27,3;29,3;1,346;41;75,0;33,7;0,8;43980;--
4649,1;74,5;27,7;29,3;1,346;41;74,5;34,5;0,8;43865;--
4649,3;75,0;27,9;29,3;1,350;41;75,0;34,5;0,8;43825;--
4649,5;75,0;28,4;29,3;1,350;41;75,0;35,2;0,8;43685;--
4649,7;75,0;28,6;29,3;1,354;41;75,0;35,5;0,8;43630;--
4649,9;75,0;29,4;29,3;1,354;41;75,0;36,5;0,8;43650;--
4650,2;75,0;28,4;29,3;1,359;41;75,0;35,2;0,8;44065;--
4650,4;75,0;28,0;29,3;1,359;41;75,0;34,7;0,8;43845;--
4650,6;75,0;28,3;29,3;1,359;41;75,0;35,1;0,8;43720;--
4650,8;75,0;28,6;29,3;1,363;41;75,0;35,5;0,8;43710;--
4651,0;75,0;29,2;29,3;1,363;41;75,0;36,3;0,8;43620;--
4651,2;75,0;29,0;29,3;1,367;41;75,0;36,0;0,8;43895;--
4651,5;75,0;28,7;29,3;1,367;41;75,0;35,6;0,8;43850;--
4651,7;75,0;28,6;29,3;1,372;41;75,0;35,5;0,8;43710;--
4651,9;75,0;28,8;29,3;1,372;41;75,0;35,7;0,8;43650;--
4652,1;75,0;29,1;29,3;1,372;41;75,0;36,1;0,8;43785;--
4652,3;75,0;28,8;29,3;1,376;41;75,0;35,7;0,8;43740;--
4652,6;75,0;28,7;29,3;1,376;41;75,0;35,6;0,8;43635;--
4652,8;75,0;28,5;29,3;1,380;41;75,0;35,3;0,8;43865;--
4653,0;74,5;29,0;29,3;1,380;41;75,0;36,0;0,8;43320;--
4653,2;74,5;30,9;29,2;1,385;41;74,5;38,8;0,8;42985;--
4653,4;74,5;31,6;29,2;1,385;41;74,5;39,7;0,8;43305;--
4653,6;74,5;30,9;29,2;1,385;41;74,5;38,8;0,8;43340;--
4653,9;74,5;31,3;29,2;1,390;41;74,5;39,3;0,8;43115;--
4654,1;74,5;32,1;29,2;1,390;41;74,5;40,4;0,8;42840;--
4654,3;75,0;32,7;29,2;1,395;41;75,0;40,9;0,8;42835;--
4654,5;75,0;32,7;29,2;1,395;41;75,0;40,9;0,8;42965;--
4654,7;74,5;32,7;29,1;1,400;41;74,5;41,2;0,8;42880;--
4655,0;74,5;32,8;29,1;1,400;41;74,5;41,3;0,8;42800;--
4655,2;75,0;32,7;29,1;1,400;41;75,0;40,9;0,8;42865;--
4655,4;74,5;32,4;29,1;1,404;41;74,5;40,8;0,8;43105;--
4655,6;74,0;31,1;29,2;1,404;41;74,0;39,3;0,8;42860;--
4655,8;73,5;30,6;29,2;1,409;41;73,5;38,9;0,8;42615;--
4656,0;73,5;30,7;29,2;1,409;41;73,5;39,0;0,8;42540;--
4656,3;73,5;30,9;29,2;1,414;41;73,5;39,3;0,8;42495;--
4656,5;74,0;31,0;29,2;1,414;41;74,0;39,2;0,8;42585;--
4656,7;73,0;31,1;29,2;1,414;41;73,0;39,9;0,8;42365;--
4657,1;70,5;28,3;29,2;1,418;41;70,5;37,3;0,8;40870;--
4657,4;70,5;28,1;29,2;1,423;41;70,5;37,0;0,8;40920;--
4657,6;70,5;27,9;29,2;1,423;41;70,5;36,7;0,8;40855;--
4657,8;70,5;28,1;29,2;1,423;41;70,5;37,0;0,8;40720;--
4658,0;70,5;28,5;29,2;1,427;41;70,5;37,6;0,8;40765;--
4658,2;70,5;28,4;29,2;1,427;41;70,5;37,4;0,8;40890;--
4658,4;70,5;27,8;29,2;1,431;41;70,5;36,6;0,8;41290;--
4658,7;73,5;28,9;29,2;1,431;41;73,5;36,6;0,8;41625;--
4658,9;74,0;32,5;29,1;1,436;41;74,0;41,2;0,8;41980;--
4659,1;74,0;34,1;29,1;1,436;41;74,0;43,4;0,8;41930;--
4659,3;74,0;34,3;29,1;1,436;41;74,0;43,6;0,8;42005;--
4659,5;73,5;33,7;29,1;1,441;41;73,5;43,1;0,8;41695;--
4659,8;73,5;33,6;29,1;1,441;41;73,5;43,0;0,8;41720;--
4660,0;73,5;33,8;29,1;1,446;41;73,5;43,3;0,8;41580;--
4660,2;73,5;34,4;29,0;1,446;41;73,5;44,1;0,8;41510;--
4660,4;73,5;34,7;29,0;1,451;41;73,5;44,5;0,8;41410;--
4660,6;73,5;35,4;29,0;1,451;41;73,5;45,4;0,8;41315;--
4660,9;73,5;35,8;29,0;1,451;41;73,5;46,0;0,8;41185;--
4661,1;73,0;36,0;29,0;1,457;41;73,0;46,6;0,8;41105;--
4661,3;72,5;35,9;29,0;1,457;41;73,0;46,4;0,8;40965;--
4661,5;72,5;35,5;29,0;1,462;41;72,5;46,2;0,8;40705;--
4661,7;72,5;35,3;29,0;1,462;41;72,5;45,9;0,8;40690;--
4661,9;72,5;35,2;29,0;1,467;41;72,5;45,8;0,8;40725;--
4662,2;72,5;34,7;29,0;1,467;41;72,5;45,1;0,8;40875;--
4662,4;72,5;33,9;29,0;1,467;41;72,5;44,0;0,8;41095;--
4662,6;71,5;32,9;29,0;1,472;41;71,5;43,2;0,8;40730;--
4662,8;71,5;32,3;29,0;1,472;41;71,5;42,4;0,8;40545;--
4663,0;71,5;32,2;29,0;1,477;41;71,5;42,2;0,8;40455;--
4663,3;71,5;32,2;29,0;1,477;41;71,5;42,2;0,8;40510;--
4663,5;68,5;30,3;29,1;1,477;41;69,0;41,0;0,8;40135;--
4663,7;65,0;26,2;29,2;1,482;41;65,0;37,2;0,9;38705;--
4663,9;64,5;23,5;29,3;1,482;41;64,5;33,3;0,9;37845;--
4664,1;64,5;23,1;29,3;1,485;41;64,5;32,7;0,9;37730;--
4664,3;64,5;22,6;29,3;1,485;41;64,5;31,9;0,9;37930;--
4664,6;64,5;21,8;29,3;1,489;41;64,5;30,7;0,9;37980;--
4664,8;64,5;22,0;29,3;1,489;41;64,5;31,0;0,9;37920;--
4665,0;65,0;22,3;29,3;1,489;41;65,0;31,2;0,9;37895;--
4665,2;65,0;23,1;29,3;1,492;41;65,0;32,5;0,9;37870;--
4665,4;66,5;24,3;29,3;1,492;41;66,5;33,5;0,9;38450;--
4665,7;68,5;26,4;29,2;1,496;41;68,5;35,6;0,8;39110;--
4665,9;68,5;26,9;29,2;1,496;41;68,5;36,4;0,8;39450;--
4666,1;68,0;27,5;29,2;1,500;41;68,0;37,5;0,8;39120;--
4666,3;64,0;24,7;29,3;1,500;41;64,0;35,5;0,9;37925;--
4666,5;63,5;22,3;29,3;1,500;41;63,5;32,0;0,9;37410;--
4666,7;62,5;21,1;29,4;1,504;41;62,5;30,6;0,9;36975;--
4667,0;60,0;19,1;29,4;1,504;41;60,0;28,5;0,9;35885;--
4667,2;59,5;18,6;29,4;1,506;41;59,5;27,9;0,9;35425;--
4667,4;59,5;18,6;29,5;1,506;41;59,5;27,9;0,9;35195;--
4667,6;59,5;18,8;29,5;1,509;41;59,5;28,2;0,9;35260;--
4667,8;59,5;18,8;29,5;1,509;41;59,5;28,2;0,9;35405;--
4668,1;59,5;18,7;29,5;1,509;41;59,5;28,1;0,9;35365;--
4668,3;59,5;19,0;29,5;1,512;41;59,5;28,6;0,9;35260;--
4668,5;59,5;19,0;29,5;1,512;41;59,5;28,6;0,9;35270;--
4668,7;59,5;19,1;29,5;1,515;41;59,5;28,7;0,9;35185;--
4668,9;59,0;19,1;29,5;1,515;41;59,0;29,0;0,9;34675;--
4669,1;58,5;19,4;29,5;1,518;41;58,5;29,7;0,9;34590;--
4669,4;58,5;19,5;29,5;1,518;41;58,5;29,9;0,9;34550;--
4669,6;58,5;19,6;29,5;1,518;41;58,5;30,1;0,9;34615;--
4669,8;59,0;19,4;29,5;1,521;41;59,0;29,5;0,9;34805;--
4670,0;63,0;20,8;29,4;1,521;41;62,5;30,1;0,9;36105;--
4670,2;66,0;24,0;29,4;1,524;41;66,0;33,3;0,9;37625;--
4670,5;68,5;27,5;29,3;1,524;41;68,5;37,2;0,8;39000;--
4670,7;68,5;29,4;29,2;1,524;41;68,5;40,0;0,8;39195;--
4670,9;68,5;29,8;29,2;1,528;41;68,5;40,6;0,8;39135;--
4671,1;68,5;29,6;29,2;1,528;41;68,5;40,3;0,8;39145;--
4671,3;68,5;29,2;29,2;1,533;41;68,5;39,7;0,8;39170;--
4671,5;68,5;29,2;29,2;1,533;41;68,5;39,7;0,8;39165;--
4671,8;68,5;29,1;29,2;1,537;41;68,5;39,6;0,8;39200;--
4672,0;68,5;28,9;29,2;1,537;41;68,5;39,3;0,8;39145;--
4672,2;68,5;29,3;29,2;1,537;41;68,5;39,9;0,8;39140;--
4672,4;68,5;29,3;29,2;1,542;41;68,5;39,9;0,8;39185;--
4672,6;68,5;29,4;29,2;1,542;41;68,5;40,0;0,8;39235;--
4672,9;68,5;29,5;29,2;1,546;41;68,5;40,1;0,8;39110;--
4673,1;68,5;29,3;29,2;1,546;42;68,5;39,9;0,8;39075;--
4673,3;68,5;29,5;29,2;1,551;42;68,5;40,1;0,8;39065;--
4673,5;68,5;29,5;29,1;1,551;42;68,5;40,1;0,8;39005;--
4673,7;69,0;29,9;29,1;1,551;42;69,0;40,4;0,8;39030;--
4673,9;69,5;30,9;29,1;1,555;42;69,5;41,6;0,8;39170;--
4674,2;69,0;31,3;29,1;1,555;42;69,0;42,5;0,8;39270;--
4674,4;69,0;30,9;29,1;1,560;42;69,0;41,9;0,8;39350;--
4674,6;65,0;28,5;29,2;1,560;42;65,0;40,8;0,9;38515;--
4674,8;57,5;21,1;29,3;1,560;42;57,5;33,2;0,9;34915;--
4675,0;52,0;15,4;29,5;1,563;42;52,5;25,5;0,9;32215;--
4675,3;46,5;11,3;29,6;1,563;42;46,5;20,0;0,9;29620;--
4675,5;41,0;7,7;29,7;1,565;42;41,0;13,9;0,9;27525;--
4675,7;40,5;5,7;29,7;1,565;42;40,5;9,1;0,9;26285;--
4675,9;40,0;5,4;29,8;1,566;42;40,0;8,5;0,9;25930;--
4676,1;40,0;5,7;29,8;1,566;42;40,0;9,3;0,9;25515;--
4676,3;40,5;6,1;29,8;1,566;42;40,5;10,1;0,9;25755;--
4676,6;40,5;6,1;29,8;1,567;42;40,5;10,1;0,9;25915;--
4676,8;46,0;8,3;29,8;1,567;42;46,0;13,7;0,9;27855;--
4677,0;48,0;9,7;29,7;1,568;42;48,0;16,0;0,9;29035;--
4677,2;50,0;11,7;29,7;1,568;41;50,0;19,4;0,9;30450;--
4677,4;50,0;11,7;29,7;1,570;41;50,0;19,4;0,9;30705;--
4677,7;50,0;11,0;29,7;1,570;41;50,0;18,0;0,9;30905;--
4677,9;52,5;11,8;29,7;1,570;41;52,5;18,7;0,9;31920;--
4678,1;52,5;12,1;29,7;1,572;41;52,5;19,2;0,9;32065;--
4678,3;52,0;11,9;29,7;1,572;41;52,0;19,0;0,9;31950;--
4678,5;52,0;11,7;29,7;1,573;41;52,0;18,7;0,9;31885;--
4678,7;52,0;11,6;29,7;1,573;41;52,0;18,5;0,9;31860;--
4679,0;52,0;11,4;29,7;1,575;41;51,5;18,3;0,9;31910;--
4679,2;51,5;10,9;29,8;1,575;41;51,5;17,3;0,9;32000;--
4679,4;51,5;10,6;29,8;1,575;41;51,5;16,7;0,9;32010;--
4679,6;50,5;10,0;29,8;1,577;41;50,5;15,8;0,9;31685;--
4679,8;50,5;9,7;29,8;1,577;41;50,5;15,2;0,9;31755;--
4680,1;50,5;9,6;29,8;1,578;41;50,5;15,0;0,9;31535;--
4680,3;51,0;10,0;29,8;1,578;41;51,0;15,7;0,9;31730;--
4680,5;51,0;10,0;29,8;1,578;41;51,0;15,7;0,9;31675;--
4680,7;51,0;10,1;29,8;1,580;41;51,0;15,9;0,9;31690;--
4680,9;51,5;10,2;29,8;1,580;41;51,0;16,1;0,9;31745;--
4681,2;52,0;11,0;29,8;1,581;41;52,0;17,3;0,9;32060;--
4681,4;52,0;11,1;29,8;1,581;41;52,0;17,5;0,9;32120;--
4681,6;52,0;11,2;29,8;1,583;41;52,0;17,7;0,9;32015;--
4681,8;52,0;11,4;29,8;1,583;41;52,0;18,1;0,9;32005;--
4682,0;52,0;11,7;29,8;1,583;41;52,0;18,7;0,9;31935;--
4682,2;51,5;11,5;29,8;1,585;41;51,5;18,4;0,9;31790;--
4682,5;51,0;11,4;29,8;1,585;41;51,0;18,4;0,9;31715;--
4682,7;50,5;11,0;29,8;1,586;41;50,5;17,8;0,9;31255;--
4682,9;50,5;10,8;29,8;1,586;41;50,5;17,4;0,9;31280;--
4683,1;50,5;10,8;29,8;1,588;41;50,5;17,4;0,9;31155;--
4683,3;39,5;6,5;29,9;1,588;41;40,0;11,3;0,9;27630;--
4683,6;33,5;2,9;30,0;1,588;41;34,0;2,6;0,9;24465;--
4683,8;31,0;0,8;30,0;1,588;41;31,0;0,0;0,9;22325;--
4684,0;29,5;0,6;30,0;1,588;41;29,5;0,0;0,9;21300;--
4684,2;25,0;0,0;30,1;1,588;41;25,5;0,0;0,9;19485;--
4684,4;17,5;0,0;30,1;1,588;41;17,5;0,0;0,9;15230;--
4684,6;19,5;0,0;30,1;1,588;41;19,5;0,0;0,9;13360;--
4684,9;23,0;0,9;30,1;1,588;41;23,0;0,0;0,9;16210;--
4685,1;32,0;2,4;30,1;1,588;41;32,0;1,3;0,9;19475;--
4685,3;29,5;2,6;30,1;1,589;41;29,5;2,0;0,9;21105;--
4685,5;30,0;1,6;30,1;1,589;41;29,5;0,0;0,9;20235;--
4685,7;35,0;3,2;30,1;1,589;41;34,5;3,5;0,9;22300;--
4686,0;32,0;3,3;30,1;1,589;41;32,0;4,1;0,9;22405;--
4686,2;30,5;2,5;30,1;1,589;41;31,0;1,6;0,9;21535;--
4686,4;27,5;1,6;30,1;1,589;41;27,5;0,0;0,9;20240;--
4686,6;11,0;0,0;30,2;1,589;41;11,0;0,0;0,9;12675;--
4686,8;4,5;0,0;30,2;1,589;41;4,5;0,0;0,9;6210;--
4687,0;0,0;0,0;30,2;1,589;41;0,0;0,0;0,9;4170;--
4687,5;0,0;0,5;30,1;1,589;41;0,0;0,0;0,9;5350;--
4687,7;0,0;0,8;30,1;1,589;41;0,0;0,0;0,9;6055;--
4687,9;21,0;3,8;30,1;1,589;41;21,0;8,6;0,9;12145;--
4688,1;12,0;1,4;30,2;1,589;41;13,0;0,0;0,9;12845;--
4688,4;16,5;0,1;30,2;1,590;41;14,5;0,0;0,9;8995;--
4688,6;55,5;14,5;29,8;1,590;41;54,5;22,9;0,8;27280;--
4688,8;17,5;8,3;30,0;1,592;41;19,5;32,3;0,9;21265;--
4689,0;6,0;0,5;30,2;1,592;41;6,0;0,0;0,9;7620;--
4689,2;5,0;0,1;30,2;1,592;41;5,0;0,0;0,9;5380;--
4689,4;35,0;4,4;30,1;1,591;41;32,0;7,5;0,9;12790;--
4689,7;18,5;12,1;30,0;1,591;41;20,0;50,5;0,9;23780;--
4689,9;8,0;1,4;30,2;1,593;41;8,5;0,0;0,9;9420;--
4690,1;6,5;1,5;30,2;1,593;41;2,0;0,0;0,9;4960; CURR SYNC
4690,3;6,5;1,3;30,2;1,593;41;2,0;0,0;0,9;640; SYNC
4690,5;6,5;1,8;30,2;1,593;41;3,5;0,0;0,9;580;--
4690,8;6,0;3,7;30,1;1,593;41;6,0;28,3;0,9;690;--
4691,0;0,0;3,3;30,2;1,593;41;0,0;65,0;0,9;0;--
4692,1;0,0;0,7;30,2;1,594;41;0,0;0,0;0,9;0;--
4693,2;0,0;0,8;30,3;1,594;41;0,0;0,0;0,9;0;--
4694,3;0,0;0,8;30,3;1,594;41;0,0;0,0;0,9;0;--
4695,5;0,0;0,7;30,3;1,594;41;0,0;0,0;0,9;0;--
4696,6;0,0;0,7;30,3;1,595;41;0,0;0,0;0,9;0;--
4697,7;0,0;0,7;30,3;1,595;40;0,0;0,0;0,9;0;--
4699,3;0,0;0,8;30,3;1,595;40;0,0;0,0;0,9;0;--
4700,4;0,0;0,7;30,3;1,596;40;0,0;0,0;0,9;0;--
4701,5;0,0;0,8;30,3;1,596;40;0,0;0,0;0,9;0;--
4702,7;0,0;0,7;30,3;1,596;40;0,0;0,0;0,9;0;--
4703,8;0,0;0,7;30,3;1,596;40;0,0;0,0;0,9;0;--
4704,9;0,0;0,7;30,3;1,597;40;0,0;0,0;0,9;0;--
4706,0;0,0;0,7;30,4;1,597;40;0,0;0,0;0,9;0;--
4707,1;0,0;0,7;30,4;1,597;40;0,0;0,0;0,9;0;--
4708,3;0,0;0,7;30,4;1,597;40;0,0;0,0;0,9;0;--
4709,4;0,0;0,8;30,4;1,598;40;0,0;0,0;0,9;0;--
4710,5;0,0;0,7;30,4;1,598;40;0,0;0,0;0,9;0;--
4711,6;0,0;0,8;30,4;1,598;40;0,0;0,0;0,9;0;--
4712,7;0,0;0,8;30,4;1,598;40;0,0;0,0;0,9;0;--
4713,8;0,0;0,8;30,4;1,599;40;0,0;0,0;0,9;0;--
4715,0;0,0;0,7;30,4;1,599;40;0,0;0,0;0,9;0;--
4716,1;0,0;0,7;30,4;1,599;39;0,0;0,0;0,9;0;--
4717,3;0,0;0,8;30,4;1,599;39;0,0;0,0;0,9;0;--
4718,4;0,0;0,7;30,4;1,600;39;0,0;0,0;0,9;0;--
4719,5;0,0;0,7;30,4;1,600;39;0,0;0,0;0,9;0;--
4720,6;0,0;0,8;30,4;1,600;39;0,0;0,0;0,9;0;--
4721,8;0,0;0,7;30,4;1,601;39;0,0;0,0;0,9;0;--
4723,4;0,0;0,6;30,4;1,601;39;0,0;0,0;0,9;0;--
4724,5;0,0;0,7;30,4;1,601;39;0,0;0,0;0,9;0;--
4725,6;0,0;0,6;30,4;1,601;39;0,0;0,0;0,9;0;--
4726,7;0,0;0,7;30,4;1,602;39;0,0;0,0;0,9;0;--
4728,5;0,0;0,6;30,4;1,602;39;0,0;0,0;0,9;0;--
4729,6;0,0;0,7;30,4;1,602;39;0,0;0,0;0,9;0;--
4730,7;0,0;0,7;30,4;1,603;39;0,0;0,0;0,9;0;--
4735,1;0,0;0,8;30,4;1,604;39;0,0;0,0;0,9;0;--
4736,5;0,0;0,7;30,4;1,604;39;0,0;0,0;0,9;0;--
4737,8;0,0;0,8;30,4;1,604;39;0,0;0,0;0,9;0;--
4738,9;0,0;0,7;30,4;1,604;39;0,0;0,0;0,9;0;--
4740,0;0,0;0,7;30,4;1,605;39;0,0;0,0;0,9;0;--
4741,1;0,0;0,7;30,4;1,605;39;0,0;0,0;0,9;0;--
4742,2;0,0;0,7;30,4;1,605;39;0,0;0,0;0,9;0;--
4743,3;0,0;0,7;30,4;1,605;39;0,0;0,0;0,9;0;--
4744,5;0,0;0,7;30,4;1,606;39;0,0;0,0;0,9;0;--
4748,8;0,0;0,7;30,4;1,607;39;0,0;0,0;0,9;0;--
4749,9;0,0;0,7;30,4;1,607;39;0,0;0,0;0,9;0;--
4751,0;0,0;0,7;30,4;1,607;39;0,0;0,0;0,9;0;--
4752,1;0,0;0,6;30,4;1,607;39;0,0;0,0;0,9;0;--
4753,3;0,0;0,7;30,4;1,608;39;0,0;0,0;0,9;0;--
4757,8;0,0;0,7;30,4;1,609;39;0,0;0,0;0,9;0;--
4758,9;0,0;0,7;30,4;1,609;38;0,0;0,0;0,9;0;--
4762,2;0,0;0,6;30,4;1,609;38;0,0;0,0;0,9;0;--
4763,3;0,0;0,7;30,4;1,610;38;0,0;0,0;0,9;0;--
4764,4;0,0;0,6;30,4;1,610;38;0,0;0,0;0,9;0;--
4765,6;0,0;0,7;30,4;1,610;38;0,0;0,0;0,9;0;--
4766,9;0,0;0,7;30,4;1,611;38;0,0;0,0;0,9;0;--
4768,0;0,0;0,6;30,4;1,611;38;0,0;0,0;0,9;0;--
4769,1;0,0;0,7;30,4;1,611;38;0,0;0,0;0,9;0;--
4770,2;0,0;0,7;30,4;1,611;38;0,0;0,0;0,9;0;--
4771,5;0,0;0,7;30,4;1,612;38;0,0;0,0;0,9;0;--
4772,6;0,0;0,6;30,4;1,612;38;0,0;0,0;0,9;0;--
4773,7;0,0;0,7;30,4;1,612;38;0,0;0,0;0,9;0;--
4774,8;0,0;0,6;30,4;1,612;38;0,0;0,0;0,9;0;--
4775,9;0,0;0,6;30,4;1,612;38;0,0;0,0;0,9;0;--
4777,0;0,0;0,6;30,4;1,613;38;0,0;0,0;0,9;0;--
4778,2;0,0;0,6;30,4;1,613;38;0,0;0,0;0,9;0;--
4779,3;0,0;0,7;30,4;1,613;38;0,0;0,0;0,9;0;--
4780,4;0,0;0,6;30,4;1,613;38;0,0;0,0;0,9;0;--
4781,5;0,0;0,6;30,4;1,614;38;0,0;0,0;0,9;0;--
4782,6;0,0;0,6;30,4;1,614;38;0,0;0,0;0,9;0;--
4786,0;0,0;0,7;30,4;1,614;38;0,0;0,0;0,9;0;--
4787,1;0,0;0,7;30,4;1,615;38;0,0;0,0;0,9;0;--
4788,9;0,0;0,6;30,4;1,615;38;0,0;0,0;0,9;0;--
4790,0;0,0;0,7;30,4;1,615;38;0,0;0,0;0,9;0;--
4791,1;0,0;0,7;30,4;1,616;38;0,0;0,0;0,9;0;--
4792,2;0,0;0,7;30,4;1,616;38;0,0;0,0;0,9;0;--
4793,8;0,0;0,6;30,4;1,616;38;0,0;0,0;0,9;0;--
4795,3;0,0;0,7;30,4;1,616;38;0,0;0,0;0,9;0;--
4796,4;0,0;0,7;30,4;1,617;38;0,0;0,0;0,9;0;--
4797,5;0,0;0,6;30,4;1,617;38;0,0;0,0;0,9;0;--
4798,6;0,0;0,6;30,4;1,617;38;0,0;0,0;0,9;0;--
4799,8;0,0;0,6;30,4;1,617;38;0,0;0,0;0,9;0;--
4800,9;0,0;0,7;30,4;1,618;38;0,0;0,0;0,9;0;--
4802,0;0,0;0,6;30,4;1,618;38;0,0;0,0;0,9;0;--
4803,1;0,0;0,7;30,4;1,618;38;0,0;0,0;0,9;0;--
4804,2;0,0;0,6;30,4;1,618;38;0,0;0,0;0,9;0;--
4805,3;0,0;0,6;30,4;1,619;38;0,0;0,0;0,9;0;--
4806,7;0,0;0,5;30,4;1,619;38;0,0;0,0;0,9;0;--
4807,8;0,0;0,6;30,4;1,619;38;0,0;0,0;0,9;0;--
4810,2;0,0;0,6;30,4;1,620;38;0,0;0,0;0,9;0;--
4813,3;0,0;0,7;30,4;1,620;38;0,0;0,0;0,9;0;--
4814,4;0,0;0,6;30,4;1,620;38;0,0;0,0;0,9;0;--
4815,6;0,0;0,6;30,4;1,621;38;0,0;0,0;0,9;0;--
4816,7;0,0;0,6;30,4;1,621;37;0,0;0,0;0,9;0;--
4817,9;0,0;0,5;30,4;1,621;37;0,0;0,0;0,9;0;--
4819,0;0,0;0,6;30,4;1,621;37;0,0;0,0;0,9;0;--
4820,7;0,0;0,6;30,4;1,622;37;0,0;0,0;0,9;0;--
4822,0;0,0;0,7;30,4;1,622;37;0,0;0,0;0,9;0;--
4823,2;0,0;0,6;30,4;1,622;37;0,0;0,0;0,9;0;--
4824,3;0,0;0,6;30,4;1,622;37;0,0;0,0;0,9;0;--
4825,4;0,0;0,6;30,4;1,622;37;0,0;0,0;0,9;0;--
4826,5;0,0;0,0;30,4;1,623;37;0,0;0,0;0,9;0; THRTL
4827,6;0,0;0,6;30,4;1,623;37;0,0;0,0;0,9;0; THRTL
4828,8;0,0;0,0;30,4;1,623;37;0,0;0,0;0,9;0; THRTL
4829,9;0,0;0,6;30,4;1,623;37;0,0;0,0;0,9;0; THRTL
4831,0;0,0;0,4;30,4;1,623;37;0,0;0,0;0,9;0; THRTL
4832,1;0,0;0,5;30,4;1,623;37;0,0;0,0;0,9;0; THRTL
4833,2;0,0;0,6;30,1;1,623;37;0,0;0,0;0,9;0; THRTL
RESET;--;SN;160009B5;BL;25;FW;72;RST CODE;OK;--
4836,4;0,0;0,5;0,0;0,000;25;0,0;0,0;0,0;0; THRTL
4837,5;0,0;0,6;0,0;0,000;25;0,0;0,0;0,0;0; THRTL
4838,6;0,0;0,7;0,0;0,000;25;0,0;0,0;0,0;0; THRTL
4839,7;0,0;0,6;0,0;0,000;25;0,0;0,0;0,0;0; THRTL
4840,9;0,0;0,6;0,0;0,001;25;0,0;0,0;0,0;0; THRTL
4842,4;0,0;0,7;0,0;0,001;25;0,0;0,0;0,0;0; THRTL
4843,5;0,0;0,7;0,0;0,001;25;0,0;0,0;0,0;0; THRTL
4844,6;0,0;0,6;0,0;0,001;25;0,0;0,0;0,0;0; THRTL
4845,7;0,0;0,7;0,0;0,001;25;0,0;0,0;0,0;0; THRTL
4846,8;0,0;0,7;0,0;0,002;25;0,0;0,0;0,0;0; THRTL
4848,0;0,0;0,7;0,0;0,002;25;0,0;0,0;0,0;0; THRTL
4849,1;0,0;0,7;0,0;0,002;25;0,0;0,0;0,0;0; THRTL
4850,3;0,0;0,7;0,0;0,003;25;0,0;0,0;0,0;0; THRTL
4851,4;0,0;0,6;0,0;0,003;25;0,0;0,0;0,0;0; THRTL
4853,0;0,0;0,7;0,0;0,003;25;0,0;0,0;0,0;0; THRTL
4855,3;0,0;0,6;0,0;0,004;25;0,0;0,0;0,0;0; THRTL
4856,4;0,0;0,7;0,0;0,004;25;0,0;0,0;0,0;0; THRTL
4857,5;0,0;0,6;0,0;0,004;25;0,0;0,0;0,0;0; THRTL
4858,6;0,0;0,6;0,0;0,004;25;0,0;0,0;0,0;0; THRTL
4859,9;0,0;0,6;0,0;0,005;25;0,0;0,0;0,0;0; THRTL
4863,6;0,0;0,7;0,0;0,005;25;0,0;0,0;0,0;0; THRTL
4864,7;0,0;0,6;0,0;0,005;25;0,0;0,0;0,0;0; THRTL
4865,8;0,0;0,6;0,0;0,006;25;0,0;0,0;0,0;0; THRTL
4867,1;0,0;0,5;0,0;0,006;25;0,0;0,0;0,0;0; THRTL
4868,2;0,0;0,6;0,0;0,006;25;0,0;0,0;0,0;0; THRTL
4870,1;0,0;0,6;0,0;0,007;25;0,0;0,0;0,0;0; THRTL
4871,2;0,0;0,6;0,0;0,007;25;0,0;0,0;0,0;0; THRTL
4872,3;0,0;0,7;0,0;0,007;25;0,0;0,0;0,0;0; THRTL
4873,4;0,0;0,6;0,0;0,007;25;0,0;0,0;0,0;0; THRTL
4874,5;0,0;0,7;0,0;0,007;25;0,0;0,0;0,0;0; THRTL
4875,6;0,0;0,6;0,0;0,008;25;0,0;0,0;0,0;0; THRTL
4876,8;0,0;0,7;0,0;0,008;25;0,0;0,0;0,0;0; THRTL
4877,9;0,0;0,6;0,0;0,008;25;0,0;0,0;0,0;0; THRTL
4880,1;0,0;0,6;0,0;0,009;25;0,0;0,0;0,0;0; THRTL
4881,4;0,0;0,7;0,0;0,009;25;0,0;0,0;0,0;0; THRTL
4882,5;0,0;0,6;0,0;0,009;25;0,0;0,0;0,0;0; THRTL
4883,7;0,0;0,7;0,0;0,009;25;0,0;0,0;0,0;0; THRTL
4884,8;0,0;0,7;0,0;0,010;25;0,0;0,0;0,0;0; THRTL
4885,9;0,0;0,6;0,0;0,010;25;0,0;0,0;0,0;0; THRTL
4887,3;0,0;0,7;0,0;0,010;25;0,0;0,0;0,0;0; THRTL
4888,4;0,0;0,6;0,0;0,010;25;0,0;0,0;0,0;0; THRTL
4889,5;0,0;0,6;0,0;0,010;25;0,0;0,0;0,0;0; THRTL
4890,7;0,0;0,7;0,0;0,011;25;0,0;0,0;0,0;0; THRTL
4891,8;0,0;0,7;0,0;0,011;25;0,0;0,0;0,0;0; THRTL
4892,9;0,0;0,6;0,0;0,011;25;0,0;0,0;0,0;0; THRTL
4894,0;0,0;0,7;0,0;0,011;25;0,0;0,0;0,0;0; THRTL
4895,1;0,0;0,6;0,0;0,012;25;0,0;0,0;0,0;0; THRTL
4896,3;0,0;0,8;0,0;0,012;25;0,0;0,0;0,0;0; THRTL
4897,4;0,0;0,7;0,0;0,012;25;0,0;0,0;0,0;0; THRTL
4898,5;0,0;0,7;0,0;0,012;25;0,0;0,0;0,0;0; THRTL
4899,6;0,0;0,7;0,0;0,013;25;0,0;0,0;0,0;0; THRTL
4900,7;0,0;0,7;0,0;0,013;25;0,0;0,0;0,0;0; THRTL
4901,9;0,0;0,6;0,0;0,013;25;0,0;0,0;0,0;0; THRTL
4903,0;0,0;0,7;0,0;0,013;25;0,0;0,0;0,0;0; THRTL
4904,1;0,0;0,7;0,0;0,014;25;0,0;0,0;0,0;0; THRTL
4905,2;0,0;0,6;0,0;0,014;25;0,0;0,0;0,0;0; THRTL
4906,3;0,0;0,7;0,0;0,014;25;0,0;0,0;0,0;0; THRTL
4907,4;0,0;0,6;0,0;0,014;25;0,0;0,0;0,0;0; THRTL
4908,6;0,0;0,7;0,0;0,015;25;0,0;0,0;0,0;0; THRTL
4909,7;0,0;0,7;0,0;0,015;25;0,0;0,0;0,0;0; THRTL
4910,8;0,0;0,7;0,0;0,015;25;0,0;0,0;0,0;0; THRTL
4911,9;0,0;0,7;0,0;0,015;25;0,0;0,0;0,0;0; THRTL
4913,0;0,0;0,7;0,0;0,016;25;0,0;0,0;0,0;0; THRTL
4914,4;0,0;0,8;0,0;0,016;25;0,0;0,0;0,0;0; THRTL
4915,5;0,0;0,7;0,0;0,016;25;0,0;0,0;0,0;0; THRTL
4916,6;0,0;0,7;0,0;0,016;25;0,0;0,0;0,0;0; THRTL
4917,7;0,0;0,7;0,0;0,017;25;0,0;0,0;0,0;0; THRTL
4919,0;0,0;0,8;0,0;0,017;25;0,0;0,0;0,0;0; THRTL
4920,2;0,0;0,8;0,0;0,017;25;0,0;0,0;0,0;0; THRTL
4921,3;0,0;0,7;0,0;0,017;25;0,0;0,0;0,0;0; THRTL
4922,4;0,0;0,7;0,0;0,018;25;0,0;0,0;0,0;0; THRTL
4923,5;0,0;0,8;0,0;0,018;25;0,0;0,0;0,0;0; THRTL
4924,6;0,0;0,7;0,0;0,018;25;0,0;0,0;0,0;0; THRTL
4925,7;0,0;0,7;0,0;0,019;25;0,0;0,0;0,0;0; THRTL
4927,6;0,0;0,8;0,0;0,019;25;0,0;0,0;0,0;0; THRTL
4928,7;0,0;0,7;0,0;0,019;25;0,0;0,0;0,0;0; THRTL
4929,8;0,0;0,7;0,0;0,019;25;0,0;0,0;0,0;0; THRTL
4930,9;0,0;0,7;0,0;0,020;25;0,0;0,0;0,0;0; THRTL
4932,0;0,0;0,7;0,0;0,020;25;0,0;0,0;0,0;0; THRTL
4933,5;0,0;0,8;0,0;0,020;25;0,0;0,0;0,0;0; THRTL
4934,6;0,0;0,7;0,0;0,021;25;0,0;0,0;0,0;0; THRTL
4935,7;0,0;0,7;0,0;0,021;25;0,0;0,0;0,0;0; THRTL
4936,8;0,0;0,7;0,0;0,021;25;0,0;0,0;0,0;0; THRTL
4937,9;0,0;0,7;0,0;0,021;25;0,0;0,0;0,0;0; THRTL
4939,0;0,0;0,6;0,0;0,021;25;0,0;0,0;0,0;0; THRTL
4940,2;0,0;0,6;0,0;0,022;25;0,0;0,0;0,0;0; THRTL
4941,3;0,0;0,7;0,0;0,022;25;0,0;0,0;0,0;0; THRTL
4942,4;0,0;0,6;0,0;0,022;25;0,0;0,0;0,0;0; THRTL
4943,5;0,0;0,7;0,0;0,022;25;0,0;0,0;0,0;0; THRTL
4944,6;0,0;0,7;0,0;0,023;25;0,0;0,0;0,0;0; THRTL
4945,8;0,0;0,8;0,0;0,023;25;0,0;0,0;0,0;0; THRTL
4946,9;0,0;0,7;0,0;0,023;25;0,0;0,0;0,0;0; THRTL
4948,0;0,0;0,7;0,0;0,023;25;0,0;0,0;0,0;0; THRTL
4949,1;0,0;0,7;0,0;0,024;25;0,0;0,0;0,0;0; THRTL
4950,3;0,0;0,8;0,0;0,024;25;0,0;0,0;0,0;0; THRTL
4951,5;0,0;0,8;0,0;0,024;25;0,0;0,0;0,0;0; THRTL
4952,6;0,0;0,7;0,0;0,024;25;0,0;0,0;0,0;0; THRTL
