Date,Time,TxBat(V),VFR 2.4G(%),Rx VFR(%),VFR 900M(%),AccY(g),Altitude(m),RSSI 2.4G(dB),RX,RxBatt(V),AccX(g),AccZ(g),VSpeed(m/s),RSSI 900M(dB),RX,R.angle(°),P.angle(°),Power 900M(mW),ADC2(V),LiPo1(V),LiPo2(V),LiPo3(V),LiPo4(V),LiPo5(V),LiPo6(V),LiPo7(V),LiPo8(V),VFAS(V),Current(A),Temp1(°C),Temp2(°C),Rudder,Elevator,Throttle,Aileron,Pot1,Pot2,Slider left,Slider right,SA,SB,SC,SD,SE,SF,SG,SH,SI,SJ,
2026-03-18,16:31:37.820,7.98,95,99,99,-0.030,-0.29,53,0,7.86,-0.199,0.967,0.13,62,0,178.10,-11.46,10,0.00,4.19,4.20,4.19,4.19,4.20,4.17,4.20,4.19,33.64,0.0,28,28,0,15,-1023,0,0,-1024,0,0,0,-1,1,-1,-1,-1,-1,-1,-1,-1,
2026-03-18,16:31:38.080,7.99,94,99,99,-0.030,-0.35,53,0,7.86,-0.197,0.967,-0.08,63,0,178.10,-11.46,10,0.00,4.19,4.20,4.19,4.19,4.19,4.18,4.20,4.19,33.64,0.0,28,28,0,15,-1023,0,0,-1024,0,0,0,-1,1,-1,-1,-1,-1,-1,-1,-1,
2026-03-18,16:31:38.340,7.98,94,99,99,-0.032,-0.38,53,0,7.86,-0.199,0.967,-0.08,65,0,178.11,-11.47,10,0.00,4.19,4.20,4.19,4.19,4.19,4.18,4.20,4.19,33.64,0.0,28,28,0,15,-1023,0,0,-1024,0,0,0,-1,1,-1,-1,-1,-1,-1,-1,-1,
2026-03-18,16:31:38.610,7.98,96,99,99,-0.030,-0.37,52,0,7.86,-0.197,0.967,-0.04,64,0,178.11,-11.47,10,0.00,4.19,4.20,4.19,4.19,4.19,4.18,4.20,4.19,33.64,0.0,28,28,0,15,-1024,0,0,-1024,0,0,0,-1,1,-1,-1,-1,-1,-1,-1,-1,
2026-03-18,16:31:38.870,7.98,96,99,99,-0.031,-0.37,50,0,7.86,-0.199,0.968,0.00,66,0,178.11,-11.47,10,0.00,4.19,4.20,4.19,4.19,4.19,4.18,4.20,4.19,33.64,0.0,28,28,0,15,-1023,0,0,-1024,0,0,0,-1,1,-1,-1,-1,-1,-1,-1,-1,
2026-03-18,16:31:39.130,7.98,97,99,99,-0.031,-0.38,53,0,7.86,-0.197,0.967,-0.04,71,0,178.11,-11.47,10,0.00,4.19,4.20,4.19,4.19,4.19,4.18,4.20,4.19,33.64,0.0,28,28,0,15,-1023,0,0,-1024,0,0,0,-1,1,-1,-1,-1,-1,-1,-1,-1,
2026-03-18,16:31:39.390,7.98,98,99,99,-0.032,-0.38,58,0,7.86,-0.198,0.966,0.00,73,0,178.11,-11.47,10,0.00,4.19,4.20,4.19,4.19,4.19,4.18,4.20,4.19,33.64,0.0,28,28,0,14,-1023,0,0,-1024,0,0,0,-1,1,-1,-1,-1,-1,-1,-1,-1,
2026-03-18,16:31:39.650,7.98,100,100,99,-0.032,-0.41,63,0,7.86,-0.197,0.968,-0.06,75,0,178.11,-11.47,10,0.00,4.19,4.20,4.19,4.19,4.19,4.18,4.20,4.19,33.64,0.0,28,28,0,15,-1023,0,0,-1024,0,0,0,-1,1,-1,-1,-1,-1,-1,-1,-1,
2026-03-18,16:31:39.910,7.98,100,100,99,-0.031,-0.40,66,0,7.86,-0.198,0.967,-0.02,75,0,178.11,-11.47,10,0.00,4.19,4.20,4.19,4.19,4.19,4.18,4.20,4.19,33.64,0.0,28,28,0,15,-1023,0,0,-1024,0,0,0,-1,1,-1,-1,-1,-1,-1,-1,-1,
2026-03-18,16:31:40.180,7.98,100,100,99,-0.032,-0.40,68,0,7.86,-0.196,0.968,0.01,74,0,178.11,-11.47,10,0.00,4.19,4.20,4.19,4.19,4.19,4.18,4.20,4.19,33.64,0.0,28,28,0,15,-1023,0,0,-1024,0,0,0,-1,1,-1,-1,-1,-1,-1,-1,-1,
2026-03-18,16:31:40.450,7.98,98,99,99,-0.030,-0.39,63,0,7.86,-0.198,0.968,0.03,70,0,178.11,-11.47,10,0.00,4.19,4.20,4.19,4.19,4.20,4.18,4.20,4.19,33.64,0.0,28,28,0,15,-1023,0,0,-1024,0,0,0,-1,1,-1,-1,-1,-1,-1,-1,-1,
2026-03-18,16:31:40.720,7.98,96,99,99,-0.029,-0.33,57,0,7.86,-0.197,0.967,0.07,69,0,178.11,-11.47,10,0.00,4.19,4.20,4.19,4.19,4.20,4.18,4.20,4.19,33.64,0.0,29,28,0,14,-1023,0,0,-1024,0,0,0,-1,1,-1,-1,-1,-1,-1,-1,-1,
2026-03-18,16:31:40.990,7.98,95,99,99,-0.032,-0.33,50,0,7.86,-0.198,0.967,0.07,64,0,178.11,-11.47,10,0.00,4.19,4.20,4.19,4.19,4.20,4.18,4.20,4.19,33.64,0.0,29,28,0,15,-1023,0,0,-1024,0,0,0,-1,1,-1,-1,-1,-1,-1,-1,-1,
2026-03-18,16:31:41.260,7.98,96,99,99,-0.031,-0.32,47,0,7.86,-0.197,0.968,0.00,63,0,178.11,-11.47,10,0.00,4.19,4.20,4.19,4.19,4.20,4.18,4.20,4.19,33.64,0.0,29,28,0,15,-1023,0,0,-1024,0,0,0,-1,1,-1,-1,-1,-1,-1,-1,-1,
2026-03-18,16:31:41.520,7.98,94,100,100,-0.031,-0.37,45,0,7.86,-0.198,0.967,-0.12,61,0,178.11,-11.47,10,0.00,4.19,4.20,4.19,4.19,4.20,4.17,4.20,4.19,33.64,0.0,29,28,0,15,-1023,0,0,-1024,0,0,0,-1,1,-1,-1,-1,-1,-1,-1,-1,
2026-03-18,16:31:41.780,7.98,94,100,100,-0.032,-0.33,49,0,7.86,-0.198,0.968,0.02,58,0,178.11,-11.47,10,0.00,4.19,4.20,4.19,4.19,4.20,4.17,4.20,4.19,33.64,0.0,29,28,0,15,-1023,0,0,-1024,0,0,0,-1,1,-1,-1,-1,-1,-1,-1,-1,
2026-03-18,16:31:42.040,7.98,91,100,100,-0.032,-0.34,51,0,7.86,-0.197,0.968,0.02,55,0,178.11,-11.47,10,0.00,4.19,4.20,4.19,4.19,4.20,4.17,4.20,4.19,33.64,0.0,29,28,0,15,-1023,0,0,-1024,0,0,0,-1,1,-1,-1,-1,-1,-1,-1,-1,
2026-03-18,16:31:42.300,7.98,91,100,100,-0.032,-0.35,49,0,7.86,-0.197,0.968,0.02,56,0,178.11,-11.47,10,0.00,4.19,4.20,4.19,4.19,4.20,4.17,4.20,4.19,33.64,0.0,29,28,0,15,-1023,0,0,-1024,0,0,0,-1,1,-1,-1,-1,-1,-1,-1,-1,
2026-03-18,16:31:42.570,7.98,92,100,100,-0.033,-0.31,48,0,7.86,-0.198,0.968,0.06,56,0,178.12,-11.47,10,0.00,4.19,4.20,4.19,4.19,4.20,4.17,4.20,4.19,33.64,0.0,29,28,0,15,-1024,0,0,-1024,0,0,0,-1,1,-1,-1,-1,-1,-1,-1,-1,
2026-03-18,16:31:42.840,7.98,92,100,100,-0.031,-0.31,49,0,7.86,-0.196,0.968,0.01,51,0,178.12,-11.46,10,0.00,4.19,4.20,4.19,4.19,4.20,4.18,4.20,4.19,33.63,0.0,29,28,0,15,-1023,0,0,-1024,0,0,0,-1,1,-1,-1,-1,-1,-1,-1,-1,
2026-03-18,16:31:43.100,7.98,93,100,100,-0.032,-0.25,49,0,7.86,-0.199,0.968,0.13,55,0,178.12,-11.46,10,0.00,4.19,4.20,4.19,4.19,4.20,4.18,4.20,4.19,33.63,0.0,29,28,0,15,-1023,0,0,-1024,0,0,0,-1,1,-1,-1,-1,-1,-1,-1,-1,
2026-03-18,16:31:43.360,7.98,92,100,100,-0.030,-0.25,47,0,7.86,-0.196,0.968,0.09,56,0,178.12,-11.47,10,0.00,4.19,4.20,4.19,4.19,4.20,4.18,4.20,4.19,33.63,0.0,29,28,0,15,-1023,0,0,-1024,0,0,0,-1,1,-1,-1,-1,-1,-1,-1,-1,
2026-03-18,16:31:43.620,7.97,93,100,100,-0.030,-0.25,45,0,7.86,-0.199,0.967,-0.12,58,0,178.12,-11.47,10,0.00,4.19,4.20,4.19,4.19,4.20,4.18,4.20,4.19,33.63,0.0,29,28,0,15,-1023,0,0,-1024,0,0,0,-1,1,-1,-1,-1,-1,-1,-1,-1,
2026-03-18,16:31:43.880,7.98,91,100,100,-0.032,-0.33,46,0,7.86,-0.198,0.966,-0.02,52,0,178.12,-11.47,10,0.00,4.19,4.20,4.19,4.19,4.20,4.18,4.20,4.19,33.63,0.0,29,28,0,15,-1023,0,0,-1024,0,0,0,-1,1,0,-1,-1,-1,-1,-1,-1,
2026-03-18,16:31:44.140,7.98,90,100,100,-0.031,-0.25,46,0,7.86,-0.197,0.968,0.14,54,0,178.12,-11.47,10,0.00,4.19,4.20,4.19,4.19,4.20,4.18,4.20,4.19,33.64,0.0,29,28,0,15,-1023,0,0,-1024,0,0,0,-1,1,0,-1,-1,-1,-1,-1,-1,
2026-03-18,16:31:44.400,7.98,91,99,99,-0.031,-0.21,46,0,7.86,-0.198,0.967,0.16,54,0,178.11,-11.48,10,0.00,4.19,4.20,4.19,4.19,4.20,4.18,4.20,4.19,33.64,0.0,29,28,0,15,-1023,0,0,-1024,0,0,0,-1,1,0,-1,-1,-1,-1,-1,-1,
2026-03-18,16:31:44.660,7.97,91,99,99,-0.033,-0.21,47,0,7.86,-0.198,0.967,0.05,55,0,178.11,-11.48,10,0.00,4.19,4.20,4.19,4.19,4.20,4.18,4.20,4.19,33.64,0.0,29,28,0,15,-1024,0,0,-1024,0,0,0,-1,1,0,-1,-1,-1,-1,-1,-1,
2026-03-18,16:31:44.920,7.97,93,99,99,-0.032,-0.21,50,0,7.86,-0.198,0.967,0.00,49,0,178.12,-11.48,10,0.00,4.19,4.20,4.19,4.19,4.20,4.18,4.20,4.19,33.64,0.0,29,28,0,16,-1023,0,0,-1024,0,0,0,-1,1,0,-1,-1,-1,-1,-1,-1,
2026-03-18,16:31:45.190,7.97,93,99,99,-0.030,-0.21,49,0,7.86,-0.197,0.967,0.06,48,0,178.11,-11.48,10,0.00,4.19,4.20,4.19,4.19,4.20,4.18,4.20,4.19,33.64,0.0,29,28,0,15,-1023,0,0,-1024,0,0,0,-1,1,0,-1,-1,-1,-1,-1,-1,
2026-03-18,16:31:45.460,7.97,94,99,99,-0.029,-0.18,47,0,7.86,-0.197,0.967,0.05,49,0,178.11,-11.48,10,0.00,4.19,4.20,4.19,4.19,4.20,4.18,4.20,4.19,33.64,0.0,29,28,0,15,-1024,0,0,-1024,0,0,0,-1,1,0,-1,-1,-1,-1,-1,-1,
2026-03-18,16:31:45.730,7.97,94,99,99,-0.029,-0.14,46,0,7.86,-0.198,0.965,0.08,49,0,178.12,-11.48,10,0.00,4.19,4.20,4.19,4.19,4.20,4.18,4.20,4.19,33.64,0.0,29,29,0,15,-1023,0,0,-1024,0,0,0,-1,1,0,-1,-1,-1,-1,-1,-1,
2026-03-18,16:31:45.990,7.97,92,99,99,-0.032,-0.15,47,0,7.86,-0.196,0.967,0.05,46,0,178.12,-11.48,10,0.00,4.19,4.20,4.19,4.19,4.20,4.18,4.20,4.19,33.64,0.0,29,29,0,15,-1023,0,0,-1024,0,0,0,-1,1,0,-1,-1,-1,-1,-1,-1,
2026-03-18,16:31:46.260,7.98,93,99,99,-0.031,-0.17,47,0,7.86,-0.200,0.967,-0.05,48,0,178.12,-11.48,10,0.00,4.19,4.20,4.19,4.19,4.20,4.18,4.20,4.19,33.63,0.0,29,29,0,15,-1023,0,0,-1024,0,0,0,-1,1,0,-1,-1,-1,-1,-1,-1,
2026-03-18,16:31:46.530,7.97,91,99,99,-0.032,-0.16,45,0,7.86,-0.196,0.968,-0.02,48,0,178.12,-11.48,10,0.00,4.19,4.20,4.19,4.19,4.20,4.18,4.20,4.19,33.63,0.0,29,29,0,15,-1023,0,0,-1024,0,0,0,-1,1,0,-1,-1,-1,-1,-1,-1,
2026-03-18,16:31:46.790,7.97,91,99,99,-0.033,-0.10,45,0,7.86,-0.198,0.967,0.15,51,0,178.12,-11.48,10,0.00,4.19,4.20,4.19,4.19,4.20,4.18,4.20,4.19,33.63,0.0,29,29,0,15,-1023,0,0,-1024,0,0,0,-1,1,0,-1,-1,-1,-1,-1,-1,
2026-03-18,16:31:47.060,7.98,90,99,99,-0.031,-0.08,46,0,7.86,-0.197,0.968,0.09,51,0,178.12,-11.48,10,0.00,4.19,4.20,4.19,4.19,4.20,4.18,4.20,4.19,33.63,0.0,29,29,0,15,-1023,0,0,-1024,0,0,0,-1,1,0,-1,-1,-1,-1,-1,-1,
2026-03-18,16:31:47.320,7.97,91,99,99,-0.030,-0.09,45,0,7.86,-0.196,0.969,0.01,47,0,178.12,-11.48,10,0.00,4.19,4.20,4.19,4.19,4.20,4.18,4.20,4.19,33.63,0.0,29,29,0,15,-1023,0,0,-1024,0,0,0,-1,1,0,-1,-1,-1,-1,-1,-1,
2026-03-18,16:31:47.590,7.97,91,99,99,-0.031,-0.04,45,0,7.86,-0.198,0.967,0.10,46,0,178.12,-11.48,10,0.00,4.19,4.20,4.19,4.19,4.20,4.18,4.20,4.19,33.63,0.0,29,29,0,15,-1023,0,0,-1024,0,0,0,-1,1,0,-1,-1,-1,-1,-1,-1,
2026-03-18,16:31:47.850,7.97,91,98,98,-0.031,-0.07,46,0,7.86,-0.197,0.968,0.04,49,0,178.12,-11.48,10,0.00,4.19,4.20,4.19,4.19,4.20,4.18,4.20,4.19,33.63,0.0,29,29,0,15,-1024,0,0,-1024,0,0,0,-1,1,0,-1,-1,-1,-1,-1,-1,
2026-03-18,16:31:48.110,7.98,89,98,98,-0.031,-0.09,46,0,7.86,-0.199,0.967,-0.08,49,0,178.12,-11.48,10,0.00,4.19,4.20,4.19,4.19,4.20,4.18,4.20,4.19,33.63,0.0,29,29,0,15,-1023,0,0,-1024,0,0,0,-1,1,0,-1,-1,-1,-1,-1,-1,
2026-03-18,16:31:48.370,7.98,87,99,99,-0.030,-0.11,45,0,7.86,-0.198,0.968,-0.07,50,0,178.12,-11.48,10,0.00,4.19,4.20,4.19,4.19,4.20,4.18,4.20,4.19,33.63,0.0,29,29,0,15,-1023,0,0,-1024,0,0,0,-1,1,0,-1,-1,-1,-1,-1,-1,
2026-03-18,16:31:48.630,7.98,87,99,99,-0.032,-0.14,45,0,7.86,-0.198,0.967,-0.08,51,0,178.12,-11.48,10,0.00,4.19,4.20,4.19,4.19,4.20,4.17,4.20,4.19,33.63,0.0,29,29,0,15,-1023,0,0,-1024,0,0,0,-1,1,0,-1,-1,-1,-1,-1,-1,
2026-03-18,16:31:48.900,7.98,88,98,98,-0.032,-0.11,45,0,7.86,-0.198,0.966,0.02,50,0,178.12,-11.48,10,0.00,4.19,4.20,4.19,4.19,4.20,4.17,4.20,4.19,33.63,0.0,29,29,0,15,-1023,0,0,-1024,0,0,0,-1,1,0,-1,-1,-1,-1,-1,-1,
2026-03-18,16:31:49.160,7.98,91,98,98,-0.030,-0.12,45,0,7.86,-0.196,0.967,0.00,51,0,178.12,-11.48,10,0.00,4.19,4.20,4.19,4.19,4.20,4.17,4.20,4.19,33.63,0.0,29,29,0,10,-1023,0,0,-1024,0,0,0,-1,1,0,-1,-1,-1,-1,-1,-1,
2026-03-18,16:31:49.420,7.97,90,98,98,-0.030,-0.16,45,0,7.86,-0.198,0.968,-0.06,50,0,178.12,-11.48,10,0.00,4.19,4.20,4.19,4.19,4.20,4.17,4.20,4.19,33.63,0.0,29,29,0,14,-1023,0,0,-1024,0,0,0,-1,1,0,-1,-1,-1,-1,-1,-1,
2026-03-18,16:31:49.680,7.97,91,98,98,-0.030,-0.20,45,0,7.86,-0.199,0.966,-0.15,47,0,178.12,-11.48,10,0.00,4.19,4.20,4.19,4.19,4.20,4.17,4.20,4.19,33.63,0.0,29,29,0,14,-1023,0,0,-1024,0,0,0,-1,1,0,-1,-1,-1,-1,-1,-1,
2026-03-18,16:31:49.950,7.97,91,98,98,-0.030,-0.16,47,0,7.86,-0.196,0.967,0.04,50,0,178.11,-11.48,10,0.00,4.19,4.20,4.19,4.19,4.20,4.18,4.20,4.19,33.63,0.0,29,29,0,15,-1023,0,0,-1024,0,0,0,-1,1,0,-1,-1,-1,-1,-1,-1,
2026-03-18,16:31:50.210,7.97,89,98,98,-0.030,-0.20,48,0,7.86,-0.198,0.967,-0.05,48,0,178.11,-11.48,10,0.00,4.19,4.20,4.19,4.19,4.20,4.18,4.20,4.19,33.63,0.0,29,29,0,14,-1023,0,0,-1024,0,0,0,-1,1,0,-1,-1,-1,-1,-1,-1,
2026-03-18,16:31:50.470,7.97,89,98,98,-0.033,-0.21,47,0,7.86,-0.197,0.967,-0.08,45,0,178.11,-11.48,10,0.00,4.19,4.20,4.19,4.19,4.20,4.18,4.20,4.19,33.63,0.0,29,29,0,14,-1023,0,0,-1024,0,0,0,-1,1,0,-1,-1,-1,-1,-1,-1,
2026-03-18,16:31:50.740,7.97,88,98,98,-0.032,-0.23,46,0,7.86,-0.198,0.967,-0.06,44,0,178.11,-11.48,10,0.00,4.19,4.20,4.19,4.19,4.20,4.18,4.20,4.19,33.64,0.0,29,29,0,15,-1023,0,0,-1024,0,0,0,-1,1,0,-1,-1,-1,-1,-1,-1,
2026-03-18,16:31:51.010,7.97,90,97,97,-0.032,-0.26,47,0,7.86,-0.197,0.968,-0.08,45,0,178.11,-11.48,10,0.00,4.19,4.20,4.19,4.19,4.20,4.17,4.20,4.19,33.64,0.0,29,29,0,14,-1023,0,0,-1024,0,0,0,-1,1,0,-1,-1,-1,-1,-1,-1,
2026-03-18,16:31:51.270,7.98,92,97,97,-0.032,-0.23,48,0,7.86,-0.198,0.966,0.01,44,0,178.11,-11.48,10,0.00,4.19,4.20,4.19,4.19,4.20,4.17,4.20,4.19,33.64,0.0,29,29,0,14,-1023,0,0,-1024,0,0,0,-1,1,0,-1,-1,-1,-1,-1,-1,
2026-03-18,16:31:51.530,7.97,94,97,97,-0.031,-0.19,48,0,7.86,-0.197,0.968,0.09,44,0,178.11,-11.49,10,0.00,4.19,4.20,4.19,4.19,4.20,4.17,4.20,4.19,33.64,0.0,29,29,0,14,-1023,0,0,-1024,0,0,0,-1,1,0,-1,-1,-1,-1,-1,-1,
2026-03-18,16:31:51.790,7.97,96,97,97,-0.031,-0.19,49,0,7.86,-0.198,0.968,0.04,46,0,178.11,-11.49,10,0.00,4.19,4.20,4.19,4.19,4.20,4.17,4.20,4.19,33.64,0.0,29,29,0,14,-1023,0,0,-1024,0,0,0,-1,1,0,-1,-1,-1,-1,-1,-1,
2026-03-18,16:31:52.060,7.98,97,97,97,-0.031,-0.14,50,0,7.86,-0.198,0.968,0.12,48,0,178.11,-11.49,10,0.00,4.19,4.20,4.19,4.19,4.20,4.17,4.20,4.19,33.64,0.0,29,29,0,14,-1023,0,0,-1024,0,0,0,-1,1,0,-1,-1,-1,-1,-1,-1,
2026-03-18,16:31:52.320,7.98,98,98,97,-0.032,-0.24,49,0,7.86,-0.198,0.968,-0.10,49,0,178.11,-11.49,10,0.00,4.19,4.20,4.19,4.19,4.20,4.18,4.20,4.19,33.64,0.0,29,29,0,15,-1023,0,0,-1024,0,0,0,-1,1,0,-1,-1,-1,-1,-1,-1,
2026-03-18,16:31:52.580,7.97,99,99,97,-0.032,-0.28,48,0,7.86,-0.198,0.968,-0.20,46,0,178.11,-11.49,10,0.00,4.19,4.20,4.19,4.19,4.20,4.18,4.20,4.19,33.64,0.0,29,29,0,14,-1023,0,0,-1024,0,0,0,-1,1,0,-1,-1,-1,-1,-1,-1,
2026-03-18,16:31:52.840,7.97,97,98,97,-0.031,-0.26,48,0,7.86,-0.198,0.967,-0.03,45,0,178.11,-11.48,10,0.00,4.19,4.20,4.19,4.19,4.20,4.18,4.20,4.19,33.64,0.0,29,29,0,15,-1024,0,0,-1024,0,0,0,-1,1,0,-1,-1,-1,-1,-1,-1,
2026-03-18,16:31:53.110,7.98,98,98,97,-0.032,-0.28,50,0,7.86,-0.198,0.967,0.00,44,0,178.11,-11.48,10,0.00,4.19,4.20,4.19,4.19,4.20,4.18,4.20,4.19,33.64,0.0,29,29,0,15,-1023,0,0,-1024,0,0,0,-1,1,0,-1,-1,-1,-1,-1,-1,
2026-03-18,16:31:53.380,7.97,96,97,97,-0.031,-0.25,48,0,7.86,-0.197,0.967,0.03,44,0,178.11,-11.48,10,0.00,4.19,4.20,4.19,4.19,4.20,4.18,4.20,4.19,33.64,0.0,29,29,0,14,-1024,0,0,-1024,0,0,0,-1,1,0,-1,-1,-1,-1,-1,-1,
2026-03-18,16:31:53.640,7.97,96,97,97,-0.031,-0.27,46,0,7.86,-0.199,0.968,-0.06,43,0,178.11,-11.48,10,0.00,4.19,4.20,4.19,4.19,4.20,4.18,4.20,4.19,33.64,0.0,29,29,0,15,-1024,0,0,-1024,0,0,0,-1,1,0,-1,-1,-1,-1,-1,-1,
2026-03-18,16:31:53.910,7.97,94,97,97,-0.030,-0.27,47,0,7.86,-0.197,0.968,0.06,43,0,178.11,-11.48,10,0.00,4.19,4.20,4.19,4.19,4.20,4.18,4.20,4.19,33.64,0.0,29,29,0,15,-1024,0,0,-1024,0,0,0,-1,1,0,-1,-1,-1,-1,-1,-1,
2026-03-18,16:31:54.170,7.98,95,97,97,-0.031,-0.25,48,0,7.86,-0.199,0.968,0.00,41,0,178.11,-11.48,10,0.00,4.19,4.20,4.19,4.19,4.20,4.18,4.20,4.19,33.64,0.0,29,29,0,15,-1023,0,0,-1024,0,0,0,-1,1,0,-1,-1,-1,-1,-1,-1,
2026-03-18,16:31:54.430,7.97,94,97,97,-0.032,-0.25,46,0,7.86,-0.197,0.967,0.01,41,0,178.11,-11.48,10,0.00,4.19,4.20,4.19,4.19,4.20,4.18,4.20,4.19,33.64,0.0,29,29,0,14,-1023,0,0,-1024,0,0,0,-1,1,0,-1,-1,-1,-1,-1,-1,
2026-03-18,16:31:54.700,7.97,93,95,95,-0.031,-0.32,45,0,7.86,-0.198,0.967,0.01,43,0,178.11,-11.48,10,0.00,4.19,4.20,4.19,4.19,4.20,4.18,4.20,4.19,33.64,0.0,29,29,0,15,-1023,0,0,-1024,0,0,0,-1,1,0,-1,-1,-1,-1,-1,-1,
2026-03-18,16:31:54.960,7.98,92,96,96,-0.032,-0.31,44,0,7.86,-0.197,0.968,-0.07,48,0,178.11,-11.48,10,0.00,4.19,4.20,4.19,4.19,4.20,4.18,4.20,4.19,33.64,0.0,29,29,0,15,-1023,0,0,-1024,0,0,0,-1,1,0,-1,-1,-1,-1,-1,-1,
2026-03-18,16:31:55.220,7.97,93,95,95,-0.031,-0.34,45,0,7.86,-0.198,0.966,-0.05,47,0,178.11,-11.48,10,0.00,4.19,4.20,4.19,4.19,4.20,4.18,4.20,4.19,33.64,0.0,29,29,0,15,-1023,0,0,-1024,0,0,0,-1,1,0,-1,-1,-1,-1,-1,-1,
2026-03-18,16:31:55.480,7.97,94,95,95,-0.032,-0.38,46,0,7.86,-0.197,0.969,-0.10,45,0,178.11,-11.48,10,0.00,4.19,4.20,4.19,4.19,4.20,4.18,4.20,4.19,33.64,0.0,29,29,0,14,-1023,0,0,-1024,0,0,0,-1,1,0,-1,-1,-1,-1,-1,-1,
2026-03-18,16:31:55.750,7.97,94,96,96,-0.032,-0.29,45,0,7.86,-0.198,0.967,0.10,45,0,178.11,-11.48,10,0.00,4.19,4.20,4.19,4.19,4.20,4.18,4.20,4.19,33.64,0.0,29,29,0,15,-1023,0,0,-1024,0,0,0,-1,1,0,-1,-1,-1,-1,-1,-1,
2026-03-18,16:31:56.020,7.98,92,95,95,-0.031,-0.33,44,0,7.86,-0.197,0.968,0.08,42,0,178.11,-11.48,10,0.00,4.19,4.20,4.19,4.19,4.20,4.17,4.20,4.19,33.64,0.0,29,29,0,14,-1023,0,0,-1024,0,0,0,-1,1,0,-1,-1,-1,-1,-1,-1,
2026-03-18,16:31:56.280,7.98,92,95,95,-0.031,-0.31,47,0,7.86,-0.198,0.967,0.00,44,0,178.11,-11.48,10,0.00,4.19,4.20,4.19,4.19,4.20,4.17,4.20,4.19,33.64,0.0,29,29,0,15,-1023,0,0,-1024,0,0,0,-1,1,0,-1,-1,-1,-1,-1,-1,
2026-03-18,16:31:56.550,7.98,93,94,94,-0.032,-0.31,49,0,7.86,-0.197,0.968,0.00,40,0,178.11,-11.48,10,0.00,4.19,4.20,4.19,4.19,4.20,4.17,4.20,4.19,33.64,0.0,29,29,0,15,-1023,0,0,-1024,0,0,0,-1,1,0,-1,-1,-1,-1,-1,-1,
2026-03-18,16:31:56.820,7.98,95,95,94,-0.030,-0.33,51,0,7.86,-0.198,0.967,-0.04,43,0,178.11,-11.48,10,0.00,4.19,4.20,4.19,4.19,4.20,4.17,4.20,4.19,33.64,0.0,29,29,0,17,-1023,0,0,-1024,0,0,0,-1,1,0,-1,-1,-1,-1,-1,-1,
2026-03-18,16:31:57.080,7.98,96,96,95,-0.031,-0.34,55,0,7.86,-0.199,0.967,-0.01,40,0,178.11,-11.48,10,0.00,4.19,4.20,4.19,4.19,4.20,4.18,4.20,4.19,33.64,0.0,29,29,0,16,-1023,0,0,-1024,0,0,0,-1,1,0,-1,-1,-1,-1,-1,-1,
2026-03-18,16:31:57.340,7.98,97,97,95,-0.032,-0.33,58,0,7.86,-0.198,0.968,0.01,44,0,178.11,-11.49,10,0.00,4.19,4.20,4.19,4.19,4.20,4.18,4.20,4.19,33.64,0.0,29,29,0,16,-1023,0,0,-1024,0,0,0,-1,1,0,-1,-1,-1,-1,-1,-1,
2026-03-18,16:31:57.610,7.98,98,98,95,-0.031,-0.29,61,0,7.86,-0.198,0.968,0.07,51,0,178.11,-11.49,10,0.00,4.19,4.20,4.19,4.19,4.20,4.18,4.20,4.19,33.64,0.0,29,29,0,15,-1022,0,0,-1024,0,0,0,-1,1,0,-1,-1,-1,-1,-1,-1,
2026-03-18,16:31:57.870,7.97,98,98,95,-0.031,-0.28,62,0,7.86,-0.197,0.968,0.05,56,0,178.11,-11.49,10,0.00,4.19,4.20,4.19,4.19,4.20,4.18,4.20,4.19,33.64,0.0,29,29,0,15,-1023,0,0,-1024,0,0,0,-1,1,0,-1,-1,-1,-1,-1,-1,
2026-03-18,16:31:58.140,7.98,98,98,95,-0.032,-0.27,64,0,7.86,-0.198,0.967,0.03,59,0,178.11,-11.49,10,0.00,4.19,4.20,4.19,4.19,4.20,4.18,4.20,4.19,33.64,0.0,29,29,0,15,-1024,0,0,-1024,0,0,0,-1,1,0,-1,-1,-1,-1,-1,-1,
2026-03-18,16:31:58.410,7.97,97,97,95,-0.033,-0.29,66,0,7.86,-0.197,0.967,0.00,61,0,178.11,-11.49,10,0.00,4.19,4.20,4.19,4.19,4.19,4.18,4.20,4.19,33.64,0.0,29,30,0,15,-1023,0,0,-1024,0,0,0,-1,1,0,-1,-1,-1,-1,-1,-1,
2026-03-18,16:31:58.680,7.98,98,98,96,-0.029,-0.28,68,0,7.86,-0.199,0.967,0.00,61,0,178.11,-11.49,10,0.00,4.19,4.20,4.19,4.19,4.19,4.18,4.20,4.19,33.64,0.0,30,30,0,15,-1023,0,0,-1024,0,0,0,-1,1,0,-1,-1,-1,-1,-1,-1,
2026-03-18,16:31:58.940,7.97,98,98,97,-0.031,-0.31,69,0,7.86,-0.198,0.967,-0.03,62,0,178.11,-11.49,10,0.00,4.19,4.20,4.19,4.19,4.19,4.18,4.20,4.19,33.64,0.0,30,30,0,15,-1022,0,0,-1024,0,0,0,-1,1,0,-1,-1,-1,-1,-1,-1,
2026-03-18,16:31:59.210,7.98,98,98,97,-0.034,-0.29,70,0,7.86,-0.198,0.967,-0.01,62,0,178.11,-11.49,10,0.00,4.19,4.20,4.19,4.19,4.19,4.18,4.20,4.19,33.63,0.0,30,30,0,15,-1020,0,0,-1024,0,0,0,-1,1,0,-1,-1,-1,-1,-1,-1,
2026-03-18,16:31:59.470,7.98,98,98,98,-0.030,-0.31,70,0,7.86,-0.198,0.968,-0.03,61,0,178.11,-11.49,10,0.00,4.19,4.20,4.19,4.19,4.20,4.18,4.20,4.19,33.63,0.0,30,30,0,15,-1019,0,0,-1024,0,0,0,-1,1,0,-1,-1,-1,-1,-1,-1,
2026-03-18,16:31:59.730,7.97,98,98,98,-0.030,-0.34,70,0,7.86,-0.199,0.968,-0.06,61,0,178.11,-11.49,10,0.00,4.19,4.20,4.19,4.19,4.20,4.18,4.20,4.19,33.62,0.0,30,30,0,15,-1003,0,0,-1024,0,0,0,-1,1,0,-1,-1,-1,-1,-1,-1,
2026-03-18,16:32:00.000,7.98,98,99,99,-0.032,-0.34,70,0,7.86,-0.198,0.968,-0.05,61,0,178.11,-11.49,10,0.00,4.19,4.20,4.19,4.19,4.20,4.18,4.20,4.19,33.62,0.0,30,30,0,15,-1002,0,0,-1024,0,0,0,-1,1,0,-1,-1,-1,-1,-1,-1,
2026-03-18,16:32:00.270,7.97,97,99,99,-0.031,-0.33,70,0,7.86,-0.198,0.968,0.01,61,0,178.11,-11.49,10,0.00,4.19,4.20,4.19,4.19,4.20,4.18,4.20,4.19,33.63,0.0,30,30,25,16,-889,0,0,-1024,0,0,0,-1,1,0,-1,-1,-1,-1,-1,-1,
2026-03-18,16:32:00.530,7.97,98,100,100,-0.031,-0.33,70,0,7.86,-0.198,0.968,0.00,59,0,178.11,-11.49,10,0.00,4.19,4.20,4.19,4.19,4.20,4.18,4.20,4.19,33.63,0.0,30,30,73,15,-816,0,0,-1024,0,0,0,-1,1,0,-1,-1,-1,-1,-1,-1,
2026-03-18,16:32:00.810,7.97,98,100,100,-0.030,-0.29,70,0,7.86,-0.198,0.967,0.09,59,0,178.10,-11.49,10,0.00,4.19,4.20,4.19,4.19,4.20,4.18,4.20,4.19,33.63,0.0,30,30,149,16,-717,0,0,-1024,0,0,0,-1,1,0,-1,-1,-1,-1,-1,-1,
2026-03-18,16:32:01.070,7.98,98,100,100,-0.035,-0.30,70,0,7.86,-0.197,0.968,0.03,60,0,178.10,-11.48,10,0.00,4.19,4.20,4.19,4.19,4.20,4.18,4.20,4.19,33.63,0.0,30,30,0,15,-703,0,0,-1024,0,0,0,-1,1,0,-1,-1,-1,-1,-1,-1,
2026-03-18,16:32:01.340,7.98,97,100,100,-0.034,-0.36,70,0,7.86,-0.198,0.968,-0.12,60,0,178.11,-11.49,10,0.00,4.19,4.20,4.19,4.19,4.20,4.18,4.20,4.19,33.63,0.0,30,30,116,13,-599,0,0,-1024,0,0,0,-1,1,0,-1,-1,-1,-1,-1,-1,
2026-03-18,16:32:01.610,7.97,98,99,99,-0.033,-0.37,70,0,7.81,-0.201,0.970,-0.09,59,0,178.06,-11.48,10,0.00,4.19,4.20,4.19,4.19,4.20,4.18,4.20,4.19,33.63,0.7,30,30,365,15,-509,0,0,-1024,0,0,0,-1,1,0,-1,-1,-1,-1,-1,-1,
2026-03-18,16:32:01.890,7.98,98,99,99,-0.043,-0.43,70,0,7.79,-0.201,0.977,-0.08,59,0,178.06,-11.47,10,0.00,4.19,4.20,4.19,4.19,4.19,4.17,4.20,4.19,33.62,0.7,30,30,519,16,-519,0,0,-1024,0,0,0,-1,1,0,-1,-1,-1,-1,-1,-1,
2026-03-18,16:32:02.160,7.98,98,99,99,-0.037,-0.39,70,0,7.77,-0.197,0.961,0.03,59,0,178.04,-11.46,10,0.00,4.19,4.20,4.19,4.19,4.19,4.17,4.20,4.19,33.60,0.5,30,30,593,16,-346,0,0,-1024,0,0,0,-1,1,0,-1,-1,-1,-1,-1,-1,
2026-03-18,16:32:02.420,7.97,98,99,99,-0.033,-0.42,70,0,7.77,-0.194,0.967,0.00,59,0,178.02,-11.42,10,0.00,4.19,4.20,4.19,4.19,4.19,4.17,4.20,4.19,33.60,0.5,30,30,571,14,-276,0,0,-1024,0,0,0,-1,1,0,-1,-1,-1,-1,-1,-1,
2026-03-18,16:32:02.690,7.98,98,99,99,-0.023,-0.53,70,0,7.76,-0.201,0.964,0.00,58,0,178.02,-11.39,10,0.00,4.18,4.19,4.19,4.19,4.19,4.17,4.20,4.19,33.55,3.8,30,30,558,14,-221,0,0,-1024,0,0,0,-1,1,0,-1,-1,-1,-1,-1,-1,
2026-03-18,16:32:02.950,7.97,98,99,99,-0.048,-0.68,70,0,7.79,-0.212,0.952,-0.36,59,0,178.06,-11.40,10,0.00,4.18,4.19,4.18,4.18,4.19,4.17,4.20,4.19,33.55,3.8,30,30,552,14,-83,0,0,-1024,0,0,0,-1,1,0,-1,-1,-1,-1,-1,-1,
2026-03-18,16:32:03.210,7.97,97,99,99,-0.038,-0.85,70,0,7.82,-0.304,0.945,-0.53,59,0,178.02,-11.50,10,0.00,4.18,4.19,4.18,4.18,4.18,4.16,4.20,4.19,33.46,5.1,30,30,444,14,-25,0,0,-1024,0,0,0,-1,1,0,-1,-1,-1,-1,-1,-1,
2026-03-18,16:32:03.470,7.97,98,99,99,-0.063,-1.16,70,0,7.84,-0.407,1.159,-0.72,60,0,178.00,-11.95,10,0.00,4.18,4.19,4.18,4.18,4.18,4.16,4.17,4.17,33.46,5.1,30,30,262,14,-22,0,0,-1024,0,0,0,-1,1,0,-1,-1,-1,-1,-1,-1,
2026-03-18,16:32:03.730,7.98,98,99,99,-0.073,-1.56,70,0,7.83,-0.351,0.775,-0.72,61,0,177.97,-13.72,10,0.00,4.15,4.17,4.18,4.18,4.18,4.16,4.17,4.17,33.41,7.1,30,30,385,11,1,0,0,-1024,0,0,0,-1,1,0,-1,-1,-1,-1,-1,-1,
2026-03-18,16:32:04.000,7.97,98,99,99,-0.119,-1.71,69,0,7.82,-0.367,0.899,-0.88,62,0,177.98,-15.28,10,0.00,4.15,4.17,4.15,4.15,4.18,4.16,4.17,4.17,33.41,7.1,30,30,207,14,0,0,0,-1024,0,0,0,-1,1,0,-1,-1,-1,-1,-1,-1,
2026-03-18,16:32:04.260,7.98,98,99,99,-0.029,-1.99,69,0,7.84,-0.469,1.416,-0.67,62,0,178.03,-16.19,10,0.00,4.15,4.17,4.15,4.15,4.15,4.13,4.17,4.17,33.35,7.3,30,30,0,-25,65,0,0,-1024,0,0,0,-1,1,0,-1,-1,-1,-1,-1,-1,
2026-03-18,16:32:04.540,7.98,98,99,99,-0.043,-2.09,68,0,7.85,-0.383,1.158,-0.33,63,0,178.26,-16.61,10,0.00,4.15,4.17,4.15,4.15,4.15,4.13,4.14,4.14,33.35,7.3,30,30,-133,-70,194,0,0,-1024,0,0,0,-1,1,0,-1,-1,-1,-1,-1,-1,
2026-03-18,16:32:04.800,7.97,99,99,99,-0.040,-2.40,66,0,7.86,-0.551,1.035,-0.73,63,0,178.09,-17.58,10,0.00,4.15,4.17,4.15,4.15,4.15,4.13,4.14,4.14,33.19,6.8,30,30,-242,-114,201,0,0,-1024,0,0,0,-1,1,0,-1,-1,-1,-1,-1,-1,
2026-03-18,16:32:05.070,7.98,99,99,99,-0.094,-2.40,63,0,7.83,-0.479,1.053,-1.23,66,0,178.18,-18.37,10,0.00,4.11,4.13,4.15,4.15,4.15,4.13,4.14,4.14,33.19,6.8,30,30,-352,-123,202,0,0,-1024,0,0,0,-1,1,0,-1,-1,-1,-1,-1,-1,
2026-03-18,16:32:05.340,7.98,100,100,99,-0.056,-3.04,62,0,7.84,-0.485,0.902,-1.03,67,0,178.38,-19.57,10,0.00,4.11,4.13,4.11,4.11,4.15,4.13,4.14,4.14,33.07,7.6,30,30,-407,-121,203,0,0,-1024,0,0,0,-1,1,0,-1,-1,-1,-1,-1,-1,
2026-03-18,16:32:05.600,7.98,99,100,100,0.021,-3.15,61,0,7.85,-0.539,0.778,-0.61,68,0,178.25,-21.37,10,0.00,4.11,4.13,4.11,4.11,4.10,4.09,4.14,4.14,32.94,8.2,30,30,-408,-145,264,0,0,-1024,0,0,0,-1,1,0,-1,-1,-1,-1,-1,-1,
2026-03-18,16:32:05.860,7.97,99,100,100,0.034,-3.27,61,0,7.86,-0.539,1.034,-0.48,69,0,178.10,-22.00,10,0.00,4.11,4.13,4.11,4.11,4.10,4.09,4.09,4.10,32.94,8.2,30,30,-369,-73,316,0,0,-1024,0,0,0,-1,1,0,-1,-1,-1,-1,-1,-1,
2026-03-18,16:32:06.140,7.98,99,100,100,0.009,-3.58,61,0,7.86,-0.503,0.765,-0.77,70,0,178.77,-22.91,10,0.00,4.06,4.09,4.11,4.11,4.10,4.09,4.09,4.10,32.94,9.4,30,30,-234,-82,400,0,0,-1023,0,0,0,-1,1,0,-1,-1,-1,-1,-1,-1,
2026-03-18,16:32:06.400,7.98,100,100,100,0.074,-3.84,62,0,7.86,-0.629,1.110,-0.84,71,0,179.20,-23.07,10,0.00,4.06,4.09,4.06,4.07,4.10,4.09,4.09,4.10,32.94,9.4,30,30,-186,-104,426,0,0,-1024,0,0,0,-1,1,0,-1,-1,-1,-1,-1,-1,
2026-03-18,16:32:06.660,7.97,100,100,100,0.071,-4.18,62,0,7.86,-0.602,0.941,-1.04,73,0,179.08,-24.34,10,0.00,4.06,4.09,4.06,4.07,4.04,4.03,4.09,4.10,32.70,13.3,30,30,-185,-57,501,-9,0,-1024,0,0,0,-1,1,0,-1,-1,-1,-1,-1,-1,
2026-03-18,16:32:06.920,7.97,100,100,100,0.041,-4.56,62,0,7.86,-0.641,0.657,-1.04,75,0,179.30,-25.25,10,0.00,4.06,4.09,4.06,4.07,4.04,4.03,4.03,4.04,32.70,13.3,30,30,-171,-157,570,0,0,-1024,0,0,0,-1,1,0,-1,-1,-1,-1,-1,-1,
2026-03-18,16:32:07.180,7.97,99,100,100,0.000,-5.47,62,0,7.86,-0.681,1.120,-1.54,78,0,179.30,-25.89,10,0.00,4.06,4.09,4.06,4.07,4.04,4.03,4.03,4.04,32.41,21.3,30,30,-164,-156,595,0,0,-1024,0,0,0,-1,1,0,-1,-1,-1,-1,-1,-1,
2026-03-18,16:32:07.450,7.97,99,100,100,-0.018,-5.92,65,0,7.86,-0.699,0.678,-1.64,79,0,179.18,-26.99,10,0.00,3.98,4.01,4.06,4.07,4.04,4.03,4.03,4.04,32.41,21.3,30,30,-162,-171,595,0,0,-1024,0,0,0,-1,1,0,-1,-1,-1,-1,-1,-1,
2026-03-18,16:32:07.720,7.98,99,100,100,0.066,-6.23,70,0,7.86,-0.649,1.104,-1.40,80,0,179.18,-26.99,10,0.00,3.98,4.01,3.97,3.99,4.04,4.03,4.03,4.04,32.17,27.2,30,30,-168,-245,591,0,0,-1024,0,0,0,-1,1,0,-1,-1,-1,-1,-1,-1,
2026-03-18,16:32:07.990,7.98,99,100,100,0.180,-6.66,70,0,7.86,-0.627,1.298,-1.36,80,0,178.60,-28.95,10,0.00,3.98,4.01,3.97,3.99,3.95,3.94,4.03,4.04,32.17,27.2,30,30,-154,-260,591,0,0,-1024,0,0,0,-1,1,0,-1,-1,-1,-1,-1,-1,
2026-03-18,16:32:08.250,7.98,98,100,100,0.066,-6.91,69,0,7.86,-0.525,0.905,-1.04,79,0,177.98,-29.57,10,0.00,3.98,4.01,3.97,3.99,3.95,3.94,3.95,3.96,32.00,26.7,30,30,-134,-383,590,0,0,-1024,0,0,0,-1,1,0,-1,-1,-1,-1,-1,-1,
2026-03-18,16:32:08.510,7.98,97,100,100,0.045,-7.39,70,0,7.84,-0.534,1.116,-1.40,78,0,177.79,-30.42,10,0.00,3.91,3.95,3.97,3.99,3.95,3.94,3.95,3.96,32.00,26.7,30,30,-69,-441,591,12,0,-1024,0,0,0,-1,1,0,-1,-1,-1,-1,-1,-1,
2026-03-18,16:32:08.780,7.98,98,100,100,0.080,-7.96,72,0,7.82,-0.526,1.093,-1.71,80,0,178.82,-32.34,10,0.00,3.91,3.95,3.92,3.95,3.95,3.94,3.95,3.96,31.86,26.3,30,30,0,-386,593,0,0,-1024,0,0,0,-1,1,0,-1,-1,-1,-1,-1,-1,
2026-03-18,16:32:09.040,7.98,97,100,100,0.098,-8.16,72,0,7.84,-0.426,1.071,-1.32,83,0,176.97,-32.58,10,0.00,3.91,3.95,3.92,3.95,3.93,3.91,3.95,3.96,31.86,26.3,30,30,0,-448,594,1,0,-1024,0,0,0,-1,1,0,-1,-1,-1,-1,-1,-1,
2026-03-18,16:32:09.300,7.98,97,100,100,0.018,-8.49,72,0,7.81,-0.469,1.488,-1.10,87,0,169.16,-34.88,10,0.00,3.91,3.95,3.92,3.95,3.93,3.91,3.95,3.96,31.77,26.5,30,30,0,-459,593,160,0,-1024,0,0,0,-1,1,0,-1,-1,-1,-1,-1,-1,
2026-03-18,16:32:09.560,7.97,96,100,100,0.064,-8.79,69,0,7.82,-0.424,1.563,-0.98,88,0,168.10,-36.75,10,0.00,3.91,3.95,3.92,3.95,3.93,3.91,3.94,3.95,31.77,26.5,30,30,0,-350,593,0,0,-1024,0,0,0,-1,1,0,-1,-1,-1,-1,-1,-1,
2026-03-18,16:32:09.820,7.98,95,100,100,0.024,-8.82,65,0,7.84,-0.410,1.181,-0.86,86,0,165.63,-39.27,10,0.00,3.91,3.95,3.92,3.95,3.93,3.91,3.94,3.95,31.70,26.2,30,30,0,-287,593,62,0,-1024,0,0,0,-1,1,0,-1,-1,-1,-1,-1,-1,
2026-03-18,16:32:10.090,7.98,95,100,100,0.016,-8.15,66,0,7.85,-0.412,1.357,0.99,85,0,162.52,-39.78,10,0.00,3.91,3.95,3.93,3.95,3.93,3.91,3.94,3.95,31.70,26.5,30,30,0,-399,593,421,0,-1024,0,0,0,-1,1,0,-1,-1,-1,-1,-1,-1,
2026-03-18,16:32:10.350,7.98,93,100,100,0.028,-7.37,62,0,7.86,-0.279,0.780,2.30,80,0,168.59,-39.24,10,0.00,3.91,3.95,3.93,3.95,3.93,3.92,3.94,3.95,31.65,26.5,30,30,0,-377,593,258,0,-1024,0,0,0,-1,1,0,-1,-1,-1,-1,-1,-1,
2026-03-18,16:32:10.620,7.97,95,100,100,0.062,-5.58,63,0,7.86,-0.369,1.068,3.07,71,0,-168.95,-41.09,10,0.00,3.91,3.95,3.93,3.95,3.93,3.92,3.94,3.95,31.59,26.4,30,30,0,-350,594,47,0,-1024,0,0,0,-1,1,0,-1,-1,-1,-1,-1,-1,
2026-03-18,16:32:10.880,7.97,94,100,100,0.129,-4.38,64,0,7.86,-0.441,0.952,3.63,64,0,-164.27,-41.06,10,0.00,3.91,3.95,3.93,3.95,3.93,3.92,3.94,3.95,31.59,26.4,30,30,0,-267,593,-11,0,-1024,0,0,0,-1,1,0,-1,-1,-1,-1,-1,-1,
2026-03-18,16:32:11.140,7.98,95,99,99,0.117,-3.19,61,0,7.86,-0.431,1.131,3.89,61,0,-166.08,-40.35,10,0.00,3.91,3.95,3.92,3.94,3.93,3.92,3.94,3.95,31.53,26.6,30,30,0,-254,593,-69,0,-1013,0,0,0,-1,1,0,-1,-1,-1,-1,-1,-1,
2026-03-18,16:32:11.400,7.97,95,99,99,-0.068,-1.30,63,0,7.86,-0.305,0.307,5.29,61,0,-171.46,-38.13,10,0.00,3.91,3.95,3.92,3.94,3.93,3.92,3.94,3.95,31.53,26.6,30,30,0,-241,593,-69,0,-951,0,0,0,-1,1,0,-1,-1,-1,-1,-1,-1,
2026-03-18,16:32:11.660,7.97,96,99,99,-0.052,1.16,65,0,7.86,-0.420,0.965,7.25,57,0,-166.60,-39.25,10,0.00,3.91,3.95,3.92,3.94,3.92,3.91,3.94,3.95,31.47,26.5,30,30,0,-244,593,-91,0,-513,0,0,0,-1,1,0,-1,-1,-1,-1,-1,-1,
2026-03-18,16:32:11.930,7.97,99,99,98,0.025,2.64,65,0,7.86,-0.429,0.979,6.45,57,0,-156.72,-38.48,10,0.00,3.91,3.95,3.92,3.94,3.92,3.91,3.93,3.94,31.47,26.5,30,30,0,-157,593,-283,0,-492,0,0,0,-1,1,0,-1,-1,-1,-1,-1,-1,
2026-03-18,16:32:12.190,7.98,100,100,98,0.057,3.66,65,0,7.86,-0.394,0.720,4.75,60,0,-157.21,-36.99,10,0.00,3.89,3.93,3.92,3.94,3.92,3.91,3.93,3.94,31.42,26.5,30,30,0,-149,593,-365,0,-462,0,0,0,-1,1,0,-1,-1,-1,-1,-1,-1,
2026-03-18,16:32:12.450,7.98,99,99,98,0.062,4.97,64,0,7.86,-0.384,0.688,4.38,61,0,-163.94,-34.85,10,0.00,3.89,3.93,3.90,3.92,3.92,3.91,3.93,3.94,31.42,26.5,30,30,0,-182,593,-425,0,-291,0,0,0,-1,1,0,-1,-1,-1,-1,-1,-1,
2026-03-18,16:32:12.720,7.98,99,99,97,-0.005,6.08,62,0,7.86,-0.422,0.691,4.21,62,0,-169.85,-34.13,10,0.00,3.89,3.93,3.90,3.92,3.90,3.89,3.93,3.94,31.37,26.5,30,30,0,-216,593,-361,0,-250,0,0,0,-1,1,0,-1,-1,-1,-1,-1,-1,
2026-03-18,16:32:12.980,7.98,98,98,97,-0.029,6.08,61,0,7.86,-0.418,0.753,3.83,62,0,-178.44,-33.03,10,0.00,3.89,3.93,3.90,3.92,3.90,3.89,3.91,3.93,31.37,26.5,30,30,0,-220,594,-325,0,-205,0,0,0,-1,1,0,-1,-1,-1,-1,-1,-1,
2026-03-18,16:32:13.250,7.98,99,99,97,-0.080,8.89,60,0,7.86,-0.420,0.842,3.25,60,0,-179.20,-31.82,10,0.00,3.87,3.92,3.90,3.92,3.90,3.89,3.91,3.93,31.33,26.5,30,30,0,-237,593,-312,0,-142,0,0,0,-1,1,0,-1,-1,-1,-1,-1,-1,
2026-03-18,16:32:13.510,7.97,99,99,97,-0.067,9.66,61,0,7.86,-0.419,0.938,2.85,59,0,-177.99,-30.92,10,0.00,3.87,3.92,3.89,3.91,3.90,3.89,3.91,3.93,31.33,26.5,30,30,0,-227,594,-284,0,-125,0,0,0,-1,1,0,-1,-1,-1,-1,-1,-1,
2026-03-18,16:32:13.770,7.97,100,100,97,0.000,10.16,61,0,7.86,-0.393,0.825,2.24,59,0,-95.14,-29.07,10,0.00,3.87,3.92,3.89,3.91,3.90,3.89,3.91,3.93,31.29,26.4,30,30,0,-248,593,-249,0,-124,0,0,0,-1,1,0,-1,-1,-1,-1,-1,-1,
2026-03-18,16:32:14.040,7.98,100,100,97,0.054,10.77,61,0,7.86,-0.371,0.682,2.13,60,0,174.82,-28.56,10,0.00,3.87,3.92,3.89,3.91,3.90,3.88,3.91,3.93,31.29,26.4,30,30,-36,-263,598,-162,0,-124,0,0,0,-1,1,0,-1,-1,-1,-1,-1,-1,
2026-03-18,16:32:14.300,7.97,98,98,97,-0.002,11.49,60,0,7.86,-0.402,0.914,2.29,58,0,167.30,-29.27,10,0.00,3.87,3.92,3.89,3.91,3.90,3.88,3.90,3.92,31.26,27.0,30,30,-26,-364,686,153,0,-123,0,0,0,-1,1,0,-1,-1,-1,-1,-1,-1,
2026-03-18,16:32:14.560,7.97,98,98,97,-0.018,11.86,60,0,7.84,-0.535,1.178,1.78,58,0,174.95,-30.00,10,0.00,3.86,3.91,3.89,3.91,3.90,3.88,3.90,3.92,31.26,27.0,30,30,0,-400,700,279,0,-123,0,0,0,-1,1,0,-1,-1,-1,-1,-1,-1,
2026-03-18,16:32:14.830,7.97,96,97,97,0.052,12.12,59,0,7.83,-0.575,1.254,1.28,57,0,-161.93,-31.15,10,0.00,3.86,3.91,3.87,3.90,3.90,3.88,3.90,3.92,31.15,34.2,30,30,0,-419,701,226,0,-124,0,0,0,-1,1,0,-1,-1,-1,-1,-1,-1,
2026-03-18,16:32:15.100,7.98,96,98,98,0.156,12.22,57,0,7.85,-0.504,1.056,0.82,55,0,-170.59,-32.91,10,0.00,3.86,3.91,3.87,3.90,3.87,3.85,3.90,3.92,31.02,38.3,30,30,0,-397,749,224,0,-124,0,0,0,-1,1,0,-1,-1,-1,-1,-1,-1,
2026-03-18,16:32:15.360,7.97,96,98,98,0.125,12.39,55,0,7.85,-0.553,1.151,0.51,55,0,-172.44,-33.68,10,0.00,3.86,3.91,3.87,3.90,3.87,3.85,3.87,3.87,31.02,38.3,30,30,0,-418,754,276,0,-123,0,0,0,-1,1,0,-1,-1,-1,-1,-1,-1,
2026-03-18,16:32:15.640,7.97,95,98,98,0.103,13.00,54,0,7.86,-0.572,1.233,1.34,55,0,-172.78,-35.20,10,0.00,3.81,3.86,3.87,3.90,3.87,3.85,3.87,3.87,30.90,43.4,30,30,0,-377,708,412,0,-124,0,0,0,-1,1,0,-1,-1,-1,-1,-1,-1,
2026-03-18,16:32:15.900,7.98,95,99,99,0.007,15.46,53,0,7.86,-0.552,1.274,3.80,56,0,-163.06,-36.49,10,0.00,3.81,3.86,3.87,3.90,3.87,3.85,3.87,3.87,30.90,43.4,30,30,0,-369,689,427,0,-124,0,0,0,-1,1,0,-1,-1,-1,-1,-1,-1,
2026-03-18,16:32:16.160,7.98,94,99,99,0.041,17.20,52,0,7.86,-0.495,1.074,5.14,57,0,-151.54,-36.37,10,0.00,3.81,3.86,3.82,3.85,3.87,3.85,3.87,3.87,30.87,36.8,30,30,0,-406,686,264,0,-124,0,0,0,-1,1,0,-1,-1,-1,-1,-1,-1,
2026-03-18,16:32:16.420,7.97,91,99,99,0.130,18.91,51,0,7.86,-0.460,0.934,5.87,59,0,-134.39,-35.61,10,0.00,3.81,3.86,3.82,3.85,3.84,3.80,3.87,3.87,30.87,36.8,30,30,0,-408,685,0,0,-124,0,0,0,-1,1,0,-1,-1,-1,-1,-1,-1,
2026-03-18,16:32:16.680,7.98,89,100,100,0.159,20.36,50,0,7.86,-0.483,1.066,5.39,59,0,-136.73,-35.63,10,0.00,3.81,3.86,3.82,3.85,3.84,3.80,3.85,3.85,30.82,35.7,30,30,0,-408,685,106,0,-124,0,0,0,-1,1,0,-1,-1,-1,-1,-1,-1,
2026-03-18,16:32:16.950,7.98,86,100,100,0.103,20.36,48,0,7.83,-0.475,0.899,5.24,59,0,-143.89,-34.50,10,0.00,3.80,3.86,3.82,3.85,3.84,3.80,3.85,3.85,30.82,35.7,30,30,0,-453,685,186,0,-124,0,0,0,-1,1,0,-1,-1,-1,-1,-1,-1,
2026-03-18,16:32:17.230,7.98,91,100,100,0.059,23.38,47,0,7.84,-0.503,1.245,5.13,58,0,-138.94,-32.65,10,0.00,3.80,3.86,3.83,3.85,3.84,3.80,3.85,3.85,30.79,35.3,30,30,0,-444,612,187,0,-124,0,0,0,-1,1,0,-1,-1,-1,-1,-1,-1,
2026-03-18,16:32:17.500,7.97,87,100,100,0.081,24.95,46,0,7.85,-0.472,1.317,5.64,59,0,-132.03,-32.03,10,0.00,3.80,3.86,3.83,3.85,3.85,3.81,3.85,3.85,30.79,35.3,30,30,0,-430,594,50,0,-123,0,0,0,-1,1,0,-1,-1,-1,-1,-1,-1,
2026-03-18,16:32:17.770,7.98,79,100,100,0.119,26.05,44,0,7.86,-0.380,0.987,4.45,60,0,-125.49,-29.57,10,0.00,3.80,3.86,3.83,3.85,3.85,3.81,3.86,3.87,30.84,29.2,30,30,0,-428,588,-58,0,-123,0,0,0,-1,1,0,-1,-1,-1,-1,-1,-1,
2026-03-18,16:32:18.040,7.98,71,100,100,0.080,27.32,45,0,7.86,-0.388,0.963,4.37,59,0,-125.29,-28.09,10,0.00,3.82,3.87,3.83,3.85,3.85,3.81,3.86,3.87,30.84,29.2,30,30,0,-438,573,-118,0,-124,0,0,0,-1,1,0,-1,-1,-1,-1,-1,-1,
2026-03-18,16:32:18.300,7.98,66,100,100,0.044,28.97,44,0,7.86,-0.388,0.961,5.02,55,0,-132.20,-25.79,10,0.00,3.82,3.87,3.83,3.85,3.85,3.81,3.86,3.87,30.88,25.6,29,30,0,-401,491,0,0,-123,0,0,0,-1,1,0,-1,-1,-1,-1,-1,-1,
2026-03-18,16:32:18.570,7.97,66,100,100,0.055,30.40,42,0,7.86,-0.319,0.739,5.12,54,0,-134.78,-24.16,10,0.00,3.82,3.87,3.83,3.85,3.85,3.81,3.86,3.87,30.88,25.6,29,30,0,-435,493,0,0,-124,0,0,0,-1,1,0,-1,-1,-1,-1,-1,-1,
2026-03-18,16:32:18.830,7.97,58,100,100,0.045,32.17,40,0,7.86,-0.427,1.210,5.74,54,0,-133.62,-23.17,10,0.00,3.82,3.87,3.83,3.85,3.85,3.81,3.86,3.87,30.96,19.4,29,30,0,-467,494,-341,0,-124,0,0,0,-1,1,0,-1,-1,-1,-1,-1,-1,
2026-03-18,16:32:19.100,7.98,54,99,99,0.032,33.37,36,0,7.86,-0.391,1.200,5.00,49,0,-134.21,-22.19,10,0.00,3.82,3.87,3.83,3.85,3.85,3.81,3.86,3.87,30.96,19.4,29,30,0,-467,494,-431,0,-124,0,0,0,-1,1,0,-1,-1,-1,-1,-1,-1,
2026-03-18,16:32:19.360,7.98,49,99,99,-0.020,33.98,35,0,7.86,-0.385,1.348,3.38,47,0,-140.80,-21.77,10,0.00,3.86,3.91,3.83,3.85,3.85,3.81,3.86,3.87,30.96,19.4,29,30,0,-389,493,-146,0,-124,0,0,0,-1,1,0,-1,-1,-1,-1,-1,-1,
2026-03-18,16:32:19.640,7.98,52,99,99,0.025,34.59,36,0,7.86,-0.307,0.850,2.59,48,0,-142.88,-20.99,10,0.00,3.86,3.91,3.89,3.91,3.85,3.81,3.86,3.87,30.96,19.2,29,30,0,-441,494,-145,0,-124,0,0,0,-1,1,0,-1,-1,-1,-1,-1,-1,
2026-03-18,16:32:19.910,7.97,66,99,99,0.015,35.11,37,0,7.86,-0.394,1.220,2.59,50,0,-144.39,-21.99,10,0.00,3.86,3.91,3.89,3.91,3.89,3.88,3.86,3.87,30.96,19.2,29,30,0,-468,493,-362,0,-123,0,0,0,-1,1,0,-1,-1,-1,-1,-1,-1,
2026-03-18,16:32:20.180,7.98,75,99,99,0.015,35.19,40,0,7.86,-0.476,1.712,1.75,52,0,-143.84,-23.04,10,0.00,3.86,3.91,3.89,3.91,3.89,3.88,3.91,3.92,31.04,19.3,29,30,0,-468,493,-333,0,-123,0,0,0,-1,1,0,-1,-1,-1,-1,-1,-1,
2026-03-18,16:32:20.450,7.97,81,99,99,-0.006,34.93,41,0,7.86,-0.234,1.472,-0.87,58,0,-158.85,-23.55,10,0.00,3.87,3.92,3.89,3.91,3.89,3.88,3.91,3.92,31.04,19.3,29,30,0,-464,493,-339,0,-123,0,0,0,-1,1,0,-1,-1,-1,-1,-1,-1,
2026-03-18,16:32:20.710,7.97,79,99,99,-0.076,35.52,43,0,7.86,-0.364,1.252,0.68,63,0,-165.77,-27.09,10,0.00,3.87,3.92,3.89,3.91,3.89,3.88,3.91,3.92,31.10,19.4,29,30,0,-345,493,-113,0,-124,0,0,0,-1,1,0,-1,-1,-1,-1,-1,-1,
2026-03-18,16:32:20.970,7.98,77,99,99,-0.051,36.03,43,0,7.86,-0.303,1.160,1.55,65,0,-165.77,-27.09,10,0.00,3.87,3.92,3.89,3.92,3.89,3.88,3.91,3.92,31.10,19.4,29,30,0,-394,493,0,0,-123,0,0,0,-1,1,0,-1,-1,-1,-1,-1,-1,
2026-03-18,16:32:21.230,7.97,81,99,99,-0.062,36.32,43,0,7.86,-0.328,1.149,1.26,64,0,-153.61,-28.84,10,0.00,3.87,3.92,3.89,3.92,3.90,3.89,3.91,3.92,31.16,19.4,29,30,0,-376,493,-198,0,-123,0,0,0,-1,1,0,-1,-1,-1,-1,-1,-1,
2026-03-18,16:32:21.490,7.97,85,99,99,-0.040,36.67,44,0,7.86,-0.322,1.166,1.13,62,0,-150.49,-29.98,10,0.00,3.87,3.92,3.89,3.92,3.90,3.89,3.91,3.93,31.16,19.4,29,30,0,-387,492,-288,0,-124,0,0,0,-1,1,0,-1,-1,-1,-1,-1,-1,
2026-03-18,16:32:21.770,7.97,92,99,99,0.008,36.85,45,0,7.86,-0.366,1.197,1.03,61,0,-149.62,-32.28,10,0.00,3.88,3.93,3.89,3.92,3.90,3.89,3.91,3.93,31.20,19.3,29,30,0,-211,493,-309,0,-124,0,0,0,-1,1,0,-1,-1,-1,-1,-1,-1,
2026-03-18,16:32:22.050,7.97,94,99,99,0.068,37.19,44,0,7.86,-0.274,1.020,1.01,63,0,-159.31,-34.20,10,0.00,3.88,3.93,3.90,3.92,3.90,3.89,3.91,3.93,31.20,19.3,29,30,0,-151,493,-115,0,-124,0,0,0,-1,1,0,-1,-1,-1,-1,-1,-1,
2026-03-18,16:32:22.320,7.97,92,99,99,0.073,37.07,45,0,7.86,-0.313,1.145,1.01,66,0,-167.05,-32.28,10,0.00,3.88,3.93,3.90,3.92,3.91,3.89,3.91,3.93,31.23,19.4,29,30,0,11,493,0,0,-124,0,0,0,-1,1,0,-1,-1,-1,-1,-1,-1,
2026-03-18,16:32:22.590,7.97,91,99,99,0.024,37.50,47,0,7.86,-0.176,0.345,0.76,68,0,-170.58,-26.82,10,0.00,3.88,3.93,3.90,3.92,3.91,3.89,3.91,3.93,31.23,18.9,29,30,0,-286,493,0,0,-123,0,0,0,-1,1,0,-1,-1,-1,-1,-1,-1,
2026-03-18,16:32:22.850,7.98,92,99,99,-0.008,38.87,47,0,7.84,-0.338,0.687,0.76,70,0,-167.80,-25.53,10,0.00,3.88,3.92,3.90,3.92,3.91,3.89,3.91,3.93,31.25,18.9,29,30,0,-325,493,0,0,-123,0,0,0,-1,1,0,-1,-1,-1,-1,-1,-1,
2026-03-18,16:32:23.110,7.97,91,100,100,-0.029,38.92,46,0,7.85,-0.275,0.881,0.93,70,0,-161.55,-27.72,10,0.00,3.88,3.92,3.90,3.92,3.91,3.89,3.91,3.93,31.26,19.3,29,30,0,-190,493,0,0,-123,0,0,0,-1,1,0,-1,-1,-1,-1,-1,-1,
2026-03-18,16:32:23.380,7.97,87,100,100,0.034,38.80,44,0,7.86,-0.365,1.336,0.34,70,0,-157.45,-28.25,10,0.00,3.88,3.92,3.90,3.92,3.91,3.89,3.91,3.93,31.26,19.3,29,30,0,-274,493,-3,0,-124,0,0,0,-1,1,0,-1,-1,-1,-1,-1,-1,
2026-03-18,16:32:23.640,7.98,86,100,100,0.016,38.55,42,0,7.84,-0.249,1.336,-0.68,69,0,-158.74,-27.03,10,0.00,3.88,3.92,3.90,3.92,3.91,3.90,3.91,3.93,31.28,19.3,29,30,0,-274,493,0,0,-124,0,0,0,-1,1,0,-1,-1,-1,-1,-1,-1,
2026-03-18,16:32:23.910,7.97,86,100,100,0.020,38.68,42,0,7.85,-0.341,1.356,0.00,70,0,-164.88,-27.04,10,0.00,3.88,3.92,3.90,3.92,3.91,3.90,3.91,3.93,31.28,19.3,29,30,0,-164,493,0,0,-123,0,0,0,-1,1,0,-1,-1,-1,-1,-1,-1,
2026-03-18,16:32:24.180,7.97,88,100,100,0.054,38.62,43,0,7.86,-0.243,1.007,-0.04,69,0,-165.59,-27.51,10,0.00,3.88,3.93,3.90,3.92,3.91,3.90,3.91,3.93,31.29,19.3,29,30,0,2,493,0,0,-124,0,0,0,-1,1,0,-1,-1,-1,-1,-1,-1,
2026-03-18,16:32:24.440,7.97,85,100,100,-0.001,38.62,42,0,7.86,-0.195,0.647,-0.04,69,0,-161.59,-24.01,10,0.00,3.88,3.93,3.90,3.92,3.91,3.90,3.91,3.93,31.29,19.3,29,30,0,13,493,0,0,-124,0,0,0,-1,1,0,-1,-1,-1,-1,-1,-1,
2026-03-18,16:32:24.710,7.97,85,100,100,-0.020,38.62,42,0,7.86,-0.189,0.626,1.42,69,0,-156.44,-20.94,10,0.00,3.88,3.93,3.90,3.92,3.91,3.90,3.91,3.93,31.31,19.3,29,30,0,-121,493,-92,0,-124,0,0,0,-1,1,0,-1,-1,-1,-1,-1,-1,
2026-03-18,16:32:24.970,7.97,87,100,100,0.066,39.92,43,0,7.86,-0.204,0.833,1.75,67,0,-152.94,-20.16,10,0.00,3.88,3.93,3.90,3.92,3.91,3.90,3.92,3.93,31.31,19.3,29,30,0,-173,493,-300,0,-124,0,0,0,-1,1,0,-1,-1,-1,-1,-1,-1,
2026-03-18,16:32:25.250,7.97,91,100,100,0.105,40.15,43,0,7.86,-0.257,1.148,1.17,68,0,-153.89,-20.39,10,0.00,3.89,3.93,3.90,3.92,3.91,3.90,3.92,3.93,31.33,19.3,29,30,0,-44,493,-139,0,-124,0,0,0,-1,1,0,-1,-1,-1,-1,-1,-1,
2026-03-18,16:32:25.510,7.98,93,100,100,-0.057,39.68,43,0,7.86,-0.158,0.941,-0.15,68,0,-166.30,-19.72,10,0.00,3.89,3.93,3.90,3.92,3.91,3.90,3.92,3.93,31.33,19.3,29,30,0,12,493,0,0,-123,0,0,0,-1,1,0,-1,-1,-1,-1,-1,-1,
2026-03-18,16:32:25.770,7.97,88,100,100,-0.039,39.03,42,0,7.83,-0.231,0.913,-1.22,68,0,-164.63,-17.10,10,0.00,3.89,3.93,3.90,3.92,3.91,3.90,3.92,3.93,31.33,19.5,29,30,0,-231,402,-56,0,-123,0,0,0,-1,1,0,-1,-1,-1,-1,-1,-1,
2026-03-18,16:32:26.030,7.97,81,100,100,0.091,38.37,42,0,7.83,-0.154,1.045,-1.78,67,0,-158.58,-16.81,10,0.00,3.89,3.93,3.90,3.92,3.91,3.90,3.92,3.93,31.33,19.5,29,30,0,-240,399,-224,0,-123,0,0,0,-1,1,0,-1,-1,-1,-1,-1,-1,
2026-03-18,16:32:26.310,7.97,73,100,100,0.093,38.30,42,0,7.85,-0.209,1.378,-1.11,67,0,-162.28,-17.72,10,0.00,3.89,3.93,3.90,3.92,3.91,3.90,3.93,3.94,31.40,16.7,29,30,0,-325,399,-348,0,-124,0,0,0,-1,1,0,-1,-1,-1,-1,-1,-1,
2026-03-18,16:32:26.570,7.98,77,100,100,-0.098,37.90,42,0,7.81,-0.223,1.432,-1.02,68,0,-172.60,-18.97,10,0.00,3.90,3.94,3.90,3.92,3.91,3.90,3.93,3.94,31.40,15.6,29,30,0,-536,400,-512,0,-123,0,0,0,-1,1,0,-1,-1,-1,-1,-1,-1,
2026-03-18,16:32:26.840,7.97,80,100,100,-0.130,37.32,44,0,7.81,-0.291,2.163,-1.40,68,0,-175.51,-23.76,10,0.00,3.90,3.94,3.92,3.95,3.91,3.90,3.93,3.94,31.46,15.6,29,30,0,-295,400,-33,0,-123,0,0,0,-1,1,0,-1,-1,-1,-1,-1,-1,
2026-03-18,16:32:27.100,7.98,88,100,100,-0.154,36.50,46,0,7.84,-0.165,0.863,-2.63,68,0,-169.33,-26.84,10,0.00,3.90,3.94,3.92,3.95,3.94,3.93,3.93,3.94,31.49,15.6,29,30,0,10,399,0,0,-124,0,0,0,-1,1,0,-1,-1,-1,-1,-1,-1,
2026-03-18,16:32:27.370,7.97,91,100,100,0.073,36.50,45,0,7.85,-0.127,0.668,0.15,68,0,-161.27,-23.53,10,0.00,3.90,3.94,3.92,3.95,3.94,3.93,3.95,3.96,31.49,15.6,29,30,0,0,400,-13,0,-123,0,0,0,-1,1,0,-1,-1,-1,-1,-1,-1,
2026-03-18,16:32:27.630,7.97,93,100,100,0.039,38.09,45,0,7.86,-0.095,0.484,1.99,68,0,-162.03,-22.15,10,0.00,3.92,3.96,3.92,3.95,3.94,3.93,3.95,3.96,31.52,15.8,29,30,0,-125,399,-345,0,-124,0,0,0,-1,1,0,-1,-1,-1,-1,-1,-1,
2026-03-18,16:32:27.890,7.97,88,100,100,0.105,38.95,44,0,7.86,-0.180,1.059,2.67,68,0,-166.93,-23.13,10,0.00,3.92,3.96,3.92,3.95,3.94,3.93,3.95,3.96,31.52,15.8,29,30,0,-44,399,-137,0,-124,0,0,0,-1,1,0,-1,-1,-1,-1,-1,-1,
2026-03-18,16:32:28.170,7.97,87,100,100,0.042,39.18,46,0,7.86,-0.140,0.971,1.92,68,0,-173.46,-21.29,10,0.00,3.92,3.96,3.93,3.95,3.94,3.93,3.95,3.96,31.55,15.6,29,30,0,-88,399,-48,0,-124,0,0,0,-1,1,0,-1,-1,-1,-1,-1,-1,
2026-03-18,16:32:28.430,7.97,88,100,100,-0.028,38.53,49,0,7.86,-0.138,0.824,-0.75,68,0,-175.50,-18.17,10,0.00,3.92,3.96,3.93,3.95,3.94,3.93,3.95,3.96,31.55,15.6,29,30,0,-183,399,0,0,-124,0,0,0,-1,1,0,-1,-1,-1,-1,-1,-1,
2026-03-18,16:32:28.690,7.97,90,100,100,-0.004,38.80,48,0,7.86,-0.166,0.984,0.42,67,0,-172.58,-18.12,10,0.00,3.92,3.96,3.93,3.95,3.94,3.93,3.95,3.96,31.58,15.5,29,30,0,-178,399,-39,0,-124,0,0,0,-1,1,0,-1,-1,-1,-1,-1,-1,
2026-03-18,16:32:28.950,7.97,86,100,100,0.007,38.69,47,0,7.86,-0.175,1.035,0.42,66,0,-165.49,-18.10,10,0.00,3.92,3.96,3.93,3.95,3.94,3.93,3.95,3.96,31.58,15.5,29,30,0,-200,399,-169,0,-124,0,0,0,-1,1,0,-1,-1,-1,-1,-1,-1,
2026-03-18,16:32:29.210,7.97,83,100,100,0.047,38.18,45,0,7.86,-0.155,0.983,-1.03,66,0,-167.55,-18.18,10,0.00,3.92,3.96,3.94,3.96,3.94,3.93,3.95,3.96,31.60,15.8,29,30,0,-113,399,-130,0,-124,0,0,0,-1,1,0,-1,-1,-1,-1,-1,-1,
2026-03-18,16:32:29.480,7.97,83,100,100,0.004,38.03,44,0,7.86,-0.155,1.010,-0.82,64,0,-169.83,-18.35,10,0.00,3.92,3.96,3.94,3.96,3.94,3.93,3.95,3.96,31.60,15.8,29,30,0,10,400,0,0,-124,0,0,0,-1,1,0,-1,-1,-1,-1,-1,-1,
2026-03-18,16:32:29.760,7.97,84,100,100,-0.017,37.60,44,0,7.86,-0.053,0.303,-0.82,66,0,-167.69,-14.62,10,0.00,3.92,3.96,3.94,3.96,3.94,3.93,3.95,3.96,31.60,15.6,29,30,0,-93,400,-273,0,-124,0,0,0,-1,1,0,-1,-1,-1,-1,-1,-1,
2026-03-18,16:32:30.030,7.97,83,100,100,0.025,37.35,44,0,7.86,-0.153,0.726,-1.11,60,0,-164.60,-13.13,10,0.00,3.92,3.96,3.94,3.96,3.94,3.93,3.95,3.96,31.60,15.6,29,30,0,-148,400,-324,0,-124,0,0,0,-1,1,0,-1,-1,-1,-1,-1,-1,
2026-03-18,16:32:30.300,7.97,78,100,100,0.021,37.02,43,0,7.86,-0.185,1.023,-1.05,59,0,-169.57,-13.27,10,0.00,3.92,3.97,3.94,3.96,3.94,3.93,3.95,3.96,31.61,15.7,30,29,0,-185,400,-152,0,-123,0,0,0,-1,1,0,-1,-1,-1,-1,-1,-1,
2026-03-18,16:32:30.560,7.97,75,100,100,-0.074,36.01,41,0,7.86,-0.151,0.886,-2.20,60,0,-179.10,-12.65,10,0.00,3.92,3.97,3.94,3.96,3.94,3.93,3.95,3.96,31.61,15.7,30,29,0,-322,400,-206,0,-124,0,0,0,-1,1,0,-1,-1,-1,-1,-1,-1,
2026-03-18,16:32:30.830,7.97,70,100,100,-0.100,35.00,41,0,7.86,-0.262,1.477,-3.28,60,0,-179.10,-12.65,10,0.00,3.92,3.97,3.94,3.96,3.94,3.93,3.95,3.96,31.61,15.7,30,29,0,-317,400,-132,0,-124,0,0,0,-1,1,0,-1,-1,-1,-1,-1,-1,
2026-03-18,16:32:31.090,7.97,66,100,100,-0.043,33.17,41,0,7.86,-0.236,1.317,-3.17,59,0,-170.51,-17.13,10,0.00,3.92,3.97,3.94,3.96,3.94,3.93,3.95,3.96,31.61,15.7,30,29,0,-312,399,-137,0,-123,0,0,0,-1,1,0,-1,-1,-1,-1,-1,-1,
2026-03-18,16:32:31.350,7.97,66,100,100,0.011,32.45,40,0,7.86,-0.278,1.168,-2.80,56,0,-169.46,-18.46,10,0.00,3.92,3.97,3.94,3.96,3.94,3.93,3.95,3.96,31.63,15.8,30,29,0,-421,399,-140,0,-123,0,0,0,-1,1,0,-1,-1,-1,-1,-1,-1,
2026-03-18,16:32:31.610,7.97,71,100,100,0.009,31.53,40,0,7.80,-0.317,1.634,-2.94,54,0,-175.94,-21.92,10,0.00,3.92,3.97,3.94,3.96,3.94,3.93,3.95,3.96,31.63,16.0,30,29,0,-272,400,-106,0,-124,0,0,0,-1,1,0,-1,-1,-1,-1,-1,-1,
2026-03-18,16:32:31.880,7.97,80,100,100,-0.060,31.08,43,0,7.83,-0.241,1.325,-2.45,52,0,-178.57,-24.84,10,0.00,3.92,3.97,3.94,3.96,3.95,3.94,3.95,3.96,31.64,16.0,30,29,0,-126,400,-55,0,-123,0,0,0,-1,1,0,-1,-1,-1,-1,-1,-1,
2026-03-18,16:32:32.150,7.97,85,100,100,-0.045,31.12,45,0,7.85,-0.218,0.971,-0.86,52,0,-175.40,-24.61,10,0.00,3.92,3.97,3.94,3.96,3.95,3.94,3.95,3.96,31.64,15.7,30,29,0,-103,399,-41,0,-124,0,0,0,-1,1,0,-1,-1,-1,-1,-1,-1,
2026-03-18,16:32:32.410,7.97,90,99,99,-0.008,31.77,45,0,7.85,-0.146,0.738,0.84,51,0,-169.51,-21.95,10,0.00,3.92,3.97,3.94,3.96,3.95,3.94,3.95,3.96,31.64,15.7,30,29,0,-183,399,0,0,-124,0,0,0,-1,1,0,-1,-1,-1,-1,-1,-1,
2026-03-18,16:32:32.670,7.97,93,99,99,0.011,32.34,45,0,7.86,-0.222,1.020,1.69,50,0,-167.86,-21.92,10,0.00,3.93,3.96,3.94,3.96,3.95,3.94,3.95,3.96,31.63,15.6,30,29,0,-53,399,4,0,-123,0,0,0,-1,1,0,-1,-1,-1,-1,-1,-1,
2026-03-18,16:32:32.930,7.97,95,99,99,0.048,32.39,46,0,7.86,-0.173,1.020,1.04,50,0,-173.29,-21.16,10,0.00,3.93,3.96,3.94,3.96,3.95,3.94,3.95,3.96,31.63,15.6,30,29,0,-297,400,0,0,-124,0,0,0,-1,1,0,-1,-1,-1,-1,-1,-1,
2026-03-18,16:32:33.190,7.97,95,99,99,0.009,32.61,47,0,7.86,-0.290,1.304,0.56,51,0,-176.30,-22.46,10,0.00,3.93,3.96,3.94,3.96,3.94,3.93,3.95,3.96,31.63,15.6,30,29,0,-294,399,273,0,-124,0,0,0,-1,1,0,-1,-1,-1,-1,-1,-1,
2026-03-18,16:32:33.460,7.97,95,98,98,0.012,32.60,48,0,7.83,-0.277,1.245,0.41,51,0,-177.27,-23.80,10,0.00,3.93,3.96,3.94,3.96,3.94,3.93,3.95,3.96,31.63,15.6,30,29,0,-323,399,427,0,-123,0,0,0,-1,1,0,-1,-1,-1,-1,-1,-1,
2026-03-18,16:32:33.730,7.97,94,98,98,0.003,32.54,47,0,7.85,-0.437,1.647,-0.05,53,0,-170.56,-24.71,10,0.00,3.92,3.96,3.94,3.96,3.94,3.93,3.95,3.96,31.62,15.6,30,29,0,-316,399,442,0,-124,0,0,0,-1,1,0,-1,-1,-1,-1,-1,-1,
2026-03-18,16:32:33.990,7.97,96,98,98,0.046,33.00,48,0,7.85,-0.437,1.111,0.55,50,0,-163.06,-24.44,10,0.00,3.92,3.96,3.93,3.95,3.94,3.93,3.95,3.96,31.62,15.6,30,29,0,-323,397,309,0,-124,0,0,0,-1,1,0,-1,-1,-1,-1,-1,-1,
2026-03-18,16:32:34.260,7.97,95,97,97,0.142,33.83,48,0,7.86,-0.237,0.998,1.84,49,0,-158.34,-24.64,10,0.00,3.92,3.96,3.93,3.95,3.94,3.93,3.95,3.96,31.64,15.1,29,29,-9,-377,285,138,0,-123,0,0,0,-1,1,0,-1,-1,-1,-1,-1,-1,
2026-03-18,16:32:34.540,7.97,93,97,97,0.016,34.91,47,0,7.86,-0.209,1.287,2.96,50,0,-160.93,-24.52,10,0.00,3.92,3.96,3.93,3.95,3.94,3.93,3.96,3.96,31.64,15.1,29,29,0,-364,196,304,0,-123,0,0,0,-1,1,0,-1,-1,-1,-1,-1,-1,
2026-03-18,16:32:34.800,7.97,93,97,97,-0.016,36.18,47,0,7.83,-0.227,1.361,3.92,51,0,-162.65,-25.75,10,0.00,3.92,3.96,3.93,3.95,3.94,3.93,3.96,3.96,31.71,10.7,29,29,0,-402,194,365,0,-124,0,0,0,-1,1,0,-1,-1,-1,-1,-1,-1,
2026-03-18,16:32:35.080,7.97,95,97,97,0.001,37.24,50,0,7.83,-0.207,1.225,3.81,48,0,-150.95,-25.67,10,0.00,3.94,3.97,3.93,3.95,3.94,3.93,3.96,3.96,31.71,9.9,29,29,0,-427,194,378,0,-124,0,0,0,-1,1,0,-1,-1,-1,-1,-1,-1,
2026-03-18,16:32:35.350,7.97,98,99,97,0.096,38.04,53,0,7.85,-0.107,0.946,3.81,45,0,-138.40,-26.67,10,0.00,3.94,3.97,3.96,3.98,3.94,3.93,3.96,3.96,31.71,9.9,29,29,0,-401,195,256,0,-124,0,0,0,-1,1,0,-1,-1,-1,-1,-1,-1,
2026-03-18,16:32:35.620,7.97,99,99,94,0.096,38.04,48,0,7.85,-0.246,1.403,4.04,40,0,-135.18,-27.74,10,0.00,3.94,3.97,3.96,3.98,3.97,3.97,3.96,3.96,31.78,9.7,29,29,0,-410,194,21,0,-123,0,0,0,-1,1,0,-1,-1,-1,-1,-1,-1,
2026-03-18,16:32:35.880,7.97,96,96,89,-0.001,39.67,46,0,7.86,-0.186,1.084,2.59,37,0,-138.13,-26.14,10,0.00,3.94,3.97,3.96,3.98,3.97,3.97,3.96,3.96,31.78,9.7,29,29,0,-362,195,151,0,-124,0,0,0,-1,1,0,-1,-1,-1,-1,-1,-1,
2026-03-18,16:32:36.140,7.97,91,91,87,-0.001,39.99,45,0,7.86,-0.213,1.088,1.34,37,0,-138.13,-26.14,10,0.00,3.96,3.99,3.96,3.98,3.97,3.97,3.96,3.96,31.83,10.1,29,29,0,-443,195,0,0,-123,0,0,0,-1,1,0,-1,-1,-1,-1,-1,-1,
2026-03-18,16:32:36.400,7.97,88,88,87,0.004,40.35,44,0,7.86,-0.235,1.140,1.34,37,0,-127.83,-21.05,10,0.00,3.96,3.99,3.98,3.99,3.97,3.97,3.96,3.96,31.83,10.1,29,29,0,-377,194,0,0,-124,0,0,0,-1,1,0,-1,-1,-1,-1,-1,-1,
2026-03-18,16:32:36.660,7.97,88,88,86,0.031,40.62,43,0,7.86,-0.230,1.058,1.34,35,0,-127.68,-19.24,10,0.00,3.96,3.99,3.98,3.99,3.98,3.97,3.96,3.96,31.87,10.1,29,29,0,-341,195,0,0,-123,0,0,0,-1,1,0,-1,-1,-1,-1,-1,-1,
2026-03-18,16:32:36.920,7.97,89,89,86,0.046,40.74,44,0,7.86,-0.230,1.104,0.62,36,0,-132.52,-18.27,10,0.00,3.96,3.99,3.98,3.99,3.98,3.97,3.99,4.00,31.87,10.1,29,29,0,-323,194,-154,0,-123,0,0,0,-1,1,0,-1,-1,-1,-1,-1,-1,
2026-03-18,16:32:37.180,7.97,89,89,85,0.010,40.69,44,0,7.86,-0.177,0.982,0.30,39,0,-144.37,-15.89,10,0.00,3.96,3.99,3.98,3.99,3.98,3.97,3.99,4.00,31.91,10.1,29,29,0,-329,194,-240,0,-124,0,0,0,-1,1,0,-1,-1,-1,-1,-1,-1,
2026-03-18,16:32:37.450,7.97,91,91,86,0.018,40.03,43,0,7.86,-0.174,0.884,-1.00,42,0,-148.00,-14.41,10,0.00,3.96,3.99,3.98,3.99,3.98,3.97,3.99,4.00,31.91,10.1,29,29,0,-337,194,0,0,-124,0,0,0,-1,1,0,-1,-1,-1,-1,-1,-1,
2026-03-18,16:32:37.710,7.97,89,89,86,-0.004,39.70,42,0,7.86,-0.193,1.068,-0.98,42,0,-153.46,-13.83,10,0.00,3.96,3.99,3.98,3.99,3.98,3.97,3.99,4.00,31.93,10.1,29,29,0,-367,194,-206,0,-123,0,0,0,-1,1,0,-1,-1,-1,-1,-1,-1,
2026-03-18,16:32:37.970,7.98,88,88,86,-0.057,38.83,41,0,7.86,-0.257,1.144,-2.01,44,0,-155.69,-14.10,10,0.00,3.96,3.99,3.98,3.99,3.98,3.98,3.99,4.00,31.93,10.1,29,29,0,-446,195,-181,0,-124,0,0,0,-1,1,0,-1,-1,-1,-1,-1,-1,
2026-03-18,16:32:38.230,7.98,88,88,87,-0.028,37.70,41,0,7.84,-0.331,1.421,-3.10,44,0,-152.28,-14.92,10,0.00,3.96,3.99,3.98,3.99,3.98,3.98,3.99,4.00,31.95,10.3,29,29,0,-394,194,-157,0,-124,0,0,0,-1,1,0,-1,-1,-1,-1,-1,-1,
2026-03-18,16:32:38.500,7.98,92,92,86,0.011,36.47,44,0,7.85,-0.187,1.139,-3.96,40,0,-146.43,-14.06,10,0.00,3.97,4.00,3.98,3.99,3.98,3.98,3.99,4.00,31.95,10.3,29,29,0,-372,194,-252,0,-124,0,0,0,-1,1,0,-1,-1,-1,-1,-1,-1,
2026-03-18,16:32:38.760,7.97,95,95,85,0.023,35.46,48,0,7.86,-0.190,1.212,-3.72,37,0,-148.01,-15.03,10,0.00,3.97,4.00,3.99,4.00,3.98,3.98,3.99,4.00,31.97,10.1,29,29,0,-385,195,-424,0,-124,0,0,0,-1,1,0,-1,-1,-1,-1,-1,-1,
2026-03-18,16:32:39.040,7.98,96,96,82,-0.006,34.43,51,0,7.86,-0.176,1.171,-3.54,37,0,-165.20,-17.28,10,0.00,3.97,4.00,3.99,4.00,3.99,3.98,3.99,4.00,31.97,10.1,29,29,0,-465,194,0,0,-123,0,0,0,-1,1,0,-1,-1,-1,-1,-1,-1,
2026-03-18,16:32:39.310,7.97,94,94,81,-0.052,33.31,53,0,7.86,-0.224,1.349,-3.79,40,0,-170.63,-18.66,10,0.00,3.97,4.00,3.99,4.00,3.99,3.98,3.99,4.00,31.99,9.9,29,29,0,-353,194,96,0,-124,0,0,0,-1,1,0,-1,-1,-1,-1,-1,-1,
2026-03-18,16:32:39.590,7.98,95,95,85,-0.065,31.92,55,0,7.86,-0.193,1.333,-4.35,45,0,-159.13,-20.59,10,0.00,3.97,4.00,3.99,4.00,3.99,3.98,4.00,4.01,31.99,9.9,29,29,0,-405,195,34,0,-123,0,0,0,-1,1,0,-1,-1,-1,-1,-1,-1,
2026-03-18,16:32:39.860,7.98,94,94,89,0.045,30.93,56,0,7.86,-0.188,1.312,-4.00,48,0,-151.06,-21.65,10,0.00,3.98,4.00,3.99,4.00,3.99,3.98,4.00,4.01,32.01,9.9,29,29,0,-399,196,-76,0,-123,0,0,0,-1,1,0,-1,-1,-1,-1,-1,-1,
2026-03-18,16:32:40.130,7.98,94,94,91,0.027,29.99,57,0,7.86,-0.135,1.278,-3.51,51,0,-155.12,-22.64,10,0.00,3.98,4.00,3.99,4.01,3.99,3.98,4.00,4.01,32.03,9.7,29,29,0,-383,196,-88,0,-123,0,0,0,-1,1,0,-1,-1,-1,-1,-1,-1,
2026-03-18,16:32:40.400,7.98,94,94,92,-0.026,28.80,57,0,7.86,-0.190,1.297,-2.12,54,0,-160.18,-24.96,10,0.00,3.98,4.00,3.99,4.01,3.99,3.99,4.00,4.01,32.03,9.7,29,29,0,-332,195,0,0,-123,0,0,0,-1,1,0,-1,-1,-1,-1,-1,-1,
2026-03-18,16:32:40.660,7.97,96,96,93,-0.042,27.99,58,0,7.86,-0.181,1.297,-2.49,56,0,-157.38,-25.13,10,0.00,3.98,4.00,3.99,4.01,3.99,3.99,4.00,4.01,32.05,9.9,29,29,0,-299,192,31,0,-123,0,0,0,-1,1,0,-1,-1,-1,-1,-1,-1,
2026-03-18,16:32:40.930,7.97,96,96,93,-0.054,27.50,58,0,7.86,-0.140,1.205,-2.25,55,0,-155.85,-24.62,10,0.00,3.98,4.01,3.99,4.01,3.99,3.99,4.00,4.01,32.05,9.9,29,29,0,-237,193,0,0,-123,0,0,0,-1,1,0,-1,-1,-1,-1,-1,-1,
2026-03-18,16:32:41.200,7.98,95,95,94,-0.029,27.31,57,0,7.86,-0.100,1.003,-1.35,56,0,-152.00,-23.39,10,0.00,3.98,4.01,4.00,4.01,3.99,3.99,4.00,4.01,32.07,9.6,29,29,0,-314,193,0,0,-124,0,0,0,-1,1,0,-1,-1,-1,-1,-1,-1,
2026-03-18,16:32:41.460,7.98,95,95,94,0.042,27.34,56,0,7.86,-0.133,1.172,-0.44,56,0,-153.14,-22.74,10,0.00,3.98,4.01,4.00,4.01,4.00,3.99,4.00,4.01,32.07,9.6,29,29,0,15,194,0,0,-124,0,0,0,-1,1,0,-1,-1,-1,-1,-1,-1,
2026-03-18,16:32:41.720,7.97,92,94,94,0.087,27.34,55,0,7.86,0.016,0.550,-0.15,56,0,-162.96,-20.66,10,0.00,3.98,4.01,4.00,4.01,4.00,3.99,4.01,4.01,32.09,9.6,29,29,0,-188,195,-72,0,-124,0,0,0,-1,1,0,-1,-1,-1,-1,-1,-1,
2026-03-18,16:32:41.980,7.97,91,94,94,-0.045,27.27,53,0,7.84,-0.043,0.621,-0.14,56,0,-168.76,-17.41,10,0.00,3.98,4.01,4.00,4.01,4.00,3.99,4.01,4.01,32.09,9.6,29,29,0,-311,195,0,0,-123,0,0,0,-1,1,0,-1,-1,-1,-1,-1,-1,
2026-03-18,16:32:42.250,7.97,89,94,94,-0.104,26.93,50,0,7.85,-0.114,1.413,-0.71,56,0,-166.52,-18.66,10,0.00,3.98,4.01,4.00,4.01,4.00,3.99,4.01,4.01,32.10,9.2,29,29,0,-346,194,0,0,-124,0,0,0,-1,1,0,-1,-1,-1,-1,-1,-1,
2026-03-18,16:32:42.510,7.98,90,95,95,-0.051,26.18,50,0,7.86,-0.099,1.346,-1.73,57,0,-155.82,-20.85,10,0.00,3.98,4.01,4.00,4.01,4.00,3.99,4.01,4.01,32.10,9.2,29,29,0,-263,195,-201,0,-123,0,0,0,-1,1,0,-1,-1,-1,-1,-1,-1,
2026-03-18,16:32:42.770,7.97,90,96,96,0.020,25.37,51,0,7.86,-0.017,1.060,-2.46,56,0,-153.56,-21.69,10,0.00,3.98,4.01,4.00,4.01,4.00,3.99,4.01,4.01,32.12,9.2,29,29,0,-260,195,-218,0,-124,0,0,0,-1,1,0,-1,-1,-1,-1,-1,-1,
2026-03-18,16:32:43.030,7.97,90,98,98,0.017,24.38,52,0,7.86,-0.020,1.109,-2.12,57,0,-163.57,-22.70,10,0.00,3.98,4.01,4.00,4.01,4.00,3.99,4.01,4.02,32.12,9.2,29,29,0,-205,195,-407,0,-124,0,0,0,-1,1,0,-1,-1,-1,-1,-1,-1,
2026-03-18,16:32:43.290,7.97,90,99,99,-0.064,24.29,52,0,7.86,-0.064,1.088,-1.86,58,0,-171.11,-22.21,10,0.00,3.99,4.02,4.00,4.01,4.00,3.99,4.01,4.02,32.13,9.0,29,29,0,-117,195,0,0,-123,0,0,0,-1,1,0,-1,-1,-1,-1,-1,-1,
2026-03-18,16:32:43.560,7.97,90,99,99,-0.120,24.29,54,0,7.84,-0.018,0.690,-0.49,60,0,160.69,-19.59,10,0.00,3.99,4.02,4.00,4.02,4.00,3.99,4.01,4.02,32.13,9.0,29,29,0,-245,194,32,0,-124,0,0,0,-1,1,0,-1,-1,-1,-1,-1,-1,
2026-03-18,16:32:43.820,7.97,90,99,99,-0.045,24.31,55,0,7.85,-0.087,1.204,0.04,62,0,-174.15,-19.93,10,0.00,3.99,4.02,4.00,4.02,4.00,3.99,4.01,4.02,32.14,9.5,29,29,0,-153,194,0,0,-124,0,0,0,-1,1,0,-1,-1,-1,-1,-1,-1,
2026-03-18,16:32:44.090,7.97,91,99,99,0.066,23.79,58,0,7.86,-0.035,1.002,-0.98,64,0,-170.47,-20.26,10,0.00,3.99,4.02,4.00,4.02,4.01,4.00,4.01,4.02,32.14,9.4,29,29,0,-179,195,-227,0,-124,0,0,0,-1,1,0,-1,-1,-1,-1,-1,-1,
2026-03-18,16:32:44.360,7.97,93,99,99,0.011,23.44,60,0,7.86,-0.070,1.020,-1.24,66,0,152.52,-18.21,10,0.00,3.99,4.02,4.00,4.02,4.01,4.00,4.02,4.02,32.15,9.4,29,29,0,-168,195,-217,0,-123,0,0,0,-1,1,0,-1,-1,-1,-1,-1,-1,
2026-03-18,16:32:44.620,7.97,95,99,99,-0.072,23.14,60,0,7.86,-0.033,0.850,-1.09,66,0,170.06,-17.35,10,0.00,3.99,4.02,4.00,4.02,4.01,4.00,4.02,4.02,32.15,9.4,29,29,0,-91,195,0,0,-124,0,0,0,-1,1,0,-1,-1,-1,-1,-1,-1,
2026-03-18,16:32:44.890,7.96,97,99,99,-0.131,23.06,61,0,7.86,-0.059,0.679,-0.76,69,0,167.63,-18.80,10,0.00,3.99,4.02,4.00,4.02,4.01,4.00,4.02,4.02,32.15,9.4,29,29,0,-211,195,62,0,-123,0,0,0,-1,1,0,-1,-1,-1,-1,-1,-1,
2026-03-18,16:32:45.150,7.96,98,99,99,-0.084,23.08,59,0,7.86,-0.232,1.249,-0.10,71,0,178.58,-20.58,10,0.00,3.99,4.02,4.00,4.02,4.00,4.00,4.02,4.02,32.14,9.8,29,29,0,9,194,0,0,-124,0,0,0,-1,1,0,-1,-1,-1,-1,-1,-1,
2026-03-18,16:32:45.410,7.97,97,99,99,-0.009,22.33,58,0,7.86,-0.159,1.000,-1.27,73,0,178.89,-19.84,10,0.00,3.99,4.02,4.00,4.02,4.00,4.00,4.02,4.02,32.14,9.8,29,29,0,13,195,0,0,-124,0,0,0,-1,1,0,-1,-1,-1,-1,-1,-1,
2026-03-18,16:32:45.670,7.97,96,99,99,0.002,21.40,58,0,7.86,-0.155,0.991,-2.83,73,0,173.87,-16.00,10,0.00,3.99,4.02,4.00,4.02,4.00,4.00,4.02,4.02,32.13,10.1,29,29,0,13,195,0,0,-123,0,0,0,-1,1,0,-1,-1,-1,-1,-1,-1,
2026-03-18,16:32:45.940,7.97,96,99,99,0.000,20.97,59,0,7.86,-0.146,0.906,-1.60,74,0,172.25,-14.66,10,0.00,3.99,4.02,4.00,4.01,4.00,4.00,4.02,4.02,32.13,10.1,29,29,0,-124,195,0,0,-123,0,0,0,-1,1,0,-1,-1,-1,-1,-1,-1,
2026-03-18,16:32:46.200,7.97,98,99,99,-0.029,20.73,62,0,7.86,-0.189,1.019,-1.08,74,0,169.28,-13.46,10,0.00,3.99,4.02,4.00,4.01,4.00,4.00,4.02,4.02,32.12,10.2,29,29,0,-121,195,235,0,-124,0,0,0,-1,1,0,-1,-1,-1,-1,-1,-1,
2026-03-18,16:32:46.470,7.97,98,99,99,-0.007,20.19,64,0,7.86,-0.136,0.947,-1.51,74,0,173.68,-13.64,10,0.00,3.99,4.02,4.00,4.01,4.00,3.99,4.02,4.02,32.12,10.2,29,29,0,0,195,100,0,-124,0,0,0,-1,1,0,-1,-1,-1,-1,-1,-1,
2026-03-18,16:32:46.740,7.97,99,100,100,-0.008,19.85,63,0,7.86,-0.175,1.032,-1.27,74,0,177.36,-13.43,10,0.00,3.99,4.02,4.00,4.01,4.00,3.99,4.01,4.01,32.11,9.9,29,29,0,1,195,0,0,-124,0,0,0,-1,1,0,-1,-1,-1,-1,-1,-1,
2026-03-18,16:32:47.020,7.97,99,100,100,0.000,19.20,63,0,7.86,-0.118,0.781,-1.86,67,0,-38.72,-12.33,10,0.00,3.98,4.01,4.00,4.01,4.00,3.99,4.01,4.01,32.11,9.9,29,29,0,10,195,0,0,-124,0,0,0,-1,1,0,-1,-1,-1,-1,-1,-1,
2026-03-18,16:32:47.280,7.97,99,100,100,-0.011,18.75,63,0,7.86,-0.128,0.896,-1.70,64,0,177.97,-11.20,10,0.00,3.98,4.01,4.00,4.01,4.00,3.99,4.01,4.01,32.11,9.9,29,29,0,-21,195,51,0,-124,0,0,0,-1,1,0,-1,-1,-1,-1,-1,-1,
2026-03-18,16:32:47.540,7.98,100,100,100,-0.055,18.13,64,0,7.86,-0.129,0.991,-1.90,64,0,178.85,-10.70,10,0.00,3.98,4.01,4.00,4.01,4.00,3.99,4.01,4.01,32.11,9.9,29,29,0,-33,195,88,0,-124,0,0,0,-1,1,0,-1,-1,-1,-1,-1,-1,
2026-03-18,16:32:47.800,7.97,99,100,100,0.021,17.34,64,0,7.86,-0.079,0.763,-2.30,61,0,-171.13,-9.89,10,0.00,3.98,4.01,4.00,4.01,4.00,3.99,4.01,4.01,32.11,9.9,29,29,0,-107,195,-75,0,-124,0,0,0,-1,1,0,-1,-1,-1,-1,-1,-1,
2026-03-18,16:32:48.060,7.97,98,99,99,-0.015,16.44,63,0,7.86,-0.139,0.985,-3.01,66,0,-173.72,-8.34,10,0.00,3.98,4.01,4.00,4.01,4.00,3.99,4.01,4.01,32.11,9.9,29,29,0,-141,195,-29,0,-124,0,0,0,-1,1,0,-1,-1,-1,-1,-1,-1,
2026-03-18,16:32:48.320,7.97,98,99,99,0.012,15.81,61,0,7.86,-0.156,1.133,-2.37,73,0,-174.87,-9.56,10,0.00,3.98,4.01,4.00,4.01,4.00,3.99,4.01,4.01,32.10,9.9,29,29,0,-171,195,0,0,-124,0,0,0,-1,1,0,-1,-1,-1,-1,-1,-1,
2026-03-18,16:32:48.580,7.97,99,99,99,-0.016,14.78,62,0,7.86,-0.156,1.150,-3.05,78,0,-177.04,-9.96,10,0.00,3.98,4.01,4.00,4.01,4.00,3.99,4.01,4.01,32.10,9.9,29,29,0,-178,195,0,0,-124,0,0,0,-1,1,0,-1,-1,-1,-1,-1,-1,
2026-03-18,16:32:48.840,7.97,99,99,99,-0.069,13.25,62,0,7.86,-0.133,0.991,-3.16,82,0,-177.12,-10.79,10,0.00,3.98,4.01,4.00,4.01,4.00,3.99,4.01,4.01,32.10,9.9,29,29,0,-119,195,0,0,-124,0,0,0,-1,1,0,-1,-1,-1,-1,-1,-1,
2026-03-18,16:32:49.110,7.97,98,99,99,-0.031,12.63,60,0,7.86,-0.182,1.185,-2.32,84,0,-173.98,-11.51,10,0.00,3.98,4.01,4.00,4.01,4.00,3.99,4.01,4.01,32.10,10.0,29,29,0,-165,222,0,0,-124,0,0,0,-1,1,0,-1,-1,-1,-1,-1,-1,
2026-03-18,16:32:49.390,7.97,98,99,99,0.005,11.83,58,0,7.86,-0.234,1.195,-2.44,85,0,-171.71,-12.31,10,0.00,3.98,4.01,4.00,4.01,4.00,3.99,4.01,4.01,32.10,10.0,29,29,0,-218,296,-74,0,-123,0,0,0,-1,1,0,-1,-1,-1,-1,-1,-1,
2026-03-18,16:32:49.650,7.97,99,99,99,-0.012,10.95,60,0,7.86,-0.295,1.321,-2.90,84,0,-175.51,-12.88,10,0.00,3.98,4.01,3.99,4.01,4.00,3.99,4.01,4.01,32.06,11.6,29,29,0,-219,294,-150,0,-124,0,0,0,-1,1,0,-1,-1,-1,-1,-1,-1,
2026-03-18,16:32:49.910,7.97,99,99,99,-0.012,10.06,61,0,7.86,-0.285,1.378,-3.04,80,0,-178.47,-14.32,10,0.00,3.98,4.01,3.99,4.01,3.99,3.98,4.01,4.01,32.06,11.6,29,29,0,-194,294,-139,0,-124,0,0,0,-1,1,0,-1,-1,-1,-1,-1,-1,
2026-03-18,16:32:50.190,7.97,99,99,99,-0.045,9.48,63,0,7.86,-0.255,1.210,-2.54,79,0,178.30,-16.10,10,0.00,3.98,4.01,3.99,4.01,3.99,3.98,4.00,4.00,32.06,12.2,29,29,0,-127,294,-94,0,-124,0,0,0,-1,1,0,-1,-1,-1,-1,-1,-1,
2026-03-18,16:32:50.450,7.97,99,99,99,-0.065,9.49,64,0,7.86,-0.232,0.998,-1.19,81,0,178.16,-16.83,10,0.00,3.97,3.99,3.99,4.01,3.99,3.98,4.00,4.00,32.06,12.2,29,29,0,-79,293,0,0,-124,0,0,0,-1,1,0,-1,-1,-1,-1,-1,-1,
2026-03-18,16:32:50.720,7.97,99,99,99,-0.031,9.80,64,0,7.86,-0.200,1.084,0.30,80,0,-107.46,-18.22,10,0.00,3.97,3.99,3.98,3.99,3.99,3.98,4.00,4.00,32.03,12.7,29,29,0,-31,294,0,0,-124,0,0,0,-1,1,0,-1,-1,-1,-1,-1,-1,
2026-03-18,16:32:50.980,7.98,99,99,99,0.004,10.04,65,0,7.86,-0.191,1.013,0.62,81,0,-4.62,-17.56,10,0.00,3.97,3.99,3.98,3.99,3.99,3.98,4.00,4.00,32.03,12.7,29,29,0,-75,294,0,0,-124,0,0,0,-1,1,0,-1,-1,-1,-1,-1,-1,
2026-03-18,16:32:51.240,7.97,98,99,99,-0.020,10.27,65,0,7.86,-0.286,1.401,0.73,82,0,177.83,-17.15,10,0.00,3.97,3.99,3.98,3.99,3.98,3.97,4.00,4.00,32.00,12.6,29,29,0,-171,294,0,0,-124,0,0,0,-1,1,0,-1,-1,-1,-1,-1,-1,
2026-03-18,16:32:51.510,7.97,99,99,99,0.010,10.78,64,0,7.86,-0.179,1.104,0.55,81,0,178.55,-16.40,10,0.00,3.97,3.99,3.98,3.99,3.98,3.97,3.99,3.99,32.00,12.6,29,29,0,1,293,0,0,-123,0,0,0,-1,1,0,-1,-1,-1,-1,-1,-1,
2026-03-18,16:32:51.770,7.97,99,99,99,0.011,11.19,65,0,7.86,-0.142,1.218,1.39,83,0,176.71,-17.19,10,0.00,3.96,3.99,3.98,3.99,3.98,3.97,3.99,3.99,31.97,12.4,29,29,0,13,294,0,0,-123,0,0,0,-1,1,0,-1,-1,-1,-1,-1,-1,
2026-03-18,16:32:52.030,7.97,100,100,100,0.005,11.94,66,0,7.86,-0.116,0.691,1.84,84,0,174.41,-15.64,10,0.00,3.96,3.99,3.97,3.99,3.98,3.97,3.99,3.99,31.97,12.4,29,29,0,14,294,0,0,-124,0,0,0,-1,1,0,-1,-1,-1,-1,-1,-1,
2026-03-18,16:32:52.290,7.97,100,100,100,-0.076,12.73,66,0,7.86,-0.270,1.282,2.59,82,0,173.74,-16.14,10,0.00,3.96,3.99,3.97,3.99,3.97,3.97,3.99,3.99,31.95,12.6,29,29,0,14,294,0,0,-124,0,0,0,-1,1,0,-1,-1,-1,-1,-1,-1,
2026-03-18,16:32:52.560,7.97,100,100,100,-0.057,12.71,64,0,7.86,-0.181,1.041,1.26,75,0,174.86,-15.33,10,0.00,3.96,3.99,3.97,3.99,3.97,3.97,3.98,3.99,31.95,12.6,29,29,0,14,293,0,0,-123,0,0,0,-1,1,0,-1,-1,-1,-1,-1,-1,
2026-03-18,16:32:52.820,7.98,100,100,100,0.047,13.27,63,0,7.86,-0.201,0.966,1.27,68,0,178.32,-13.97,10,0.00,3.96,3.99,3.97,3.99,3.97,3.97,3.98,3.99,31.94,12.2,29,29,0,14,294,0,0,-124,0,0,0,-1,1,0,-1,-1,-1,-1,-1,-1,
2026-03-18,16:32:53.080,7.97,100,100,100,0.006,13.82,63,0,7.86,-0.168,0.680,1.74,68,0,177.93,-14.03,10,0.00,3.96,3.99,3.97,3.99,3.97,3.97,3.98,3.99,31.94,12.3,29,29,0,-22,293,0,0,-124,0,0,0,-1,1,0,-1,-1,-1,-1,-1,-1,
2026-03-18,16:32:53.340,7.98,100,100,100,0.018,14.40,64,0,7.86,-0.182,0.403,1.89,65,0,174.54,-14.52,10,0.00,3.96,3.99,3.97,3.99,3.97,3.97,3.98,3.99,31.91,12.3,29,29,0,-132,294,0,0,-124,0,0,0,-1,1,0,-1,-1,-1,-1,-1,-1,
2026-03-18,16:32:53.610,7.98,99,100,100,0.001,14.57,64,0,7.86,-0.232,1.104,1.47,69,0,172.91,-15.80,10,0.00,3.96,3.99,3.97,3.99,3.97,3.97,3.98,3.99,31.91,12.1,29,29,0,-108,294,0,0,-124,0,0,0,-1,1,0,-1,-1,-1,-1,-1,-1,
2026-03-18,16:32:53.870,7.97,99,100,100,-0.057,14.57,65,0,7.86,-0.292,1.096,0.07,70,0,174.99,-16.24,10,0.00,3.96,3.99,3.97,3.99,3.97,3.97,3.98,3.98,31.89,12.1,29,29,0,-172,294,0,0,-124,0,0,0,-1,1,0,-1,-1,-1,-1,-1,-1,
2026-03-18,16:32:54.130,7.97,99,100,100,-0.107,14.52,66,0,7.86,-0.261,1.028,0.22,67,0,-172.76,-15.60,10,0.00,3.95,3.98,3.97,3.99,3.97,3.97,3.98,3.98,31.87,12.0,29,29,0,-195,294,-2,0,-124,0,0,0,-1,1,0,-1,-1,-1,-1,-1,-1,
2026-03-18,16:32:54.390,7.97,100,100,100,-0.016,14.59,66,0,7.86,-0.284,1.062,0.22,62,0,-166.89,-15.70,10,0.00,3.95,3.98,3.96,3.98,3.97,3.97,3.98,3.98,31.87,12.0,29,29,0,-148,293,-122,0,-124,0,0,0,-1,1,0,-1,-1,-1,-1,-1,-1,
2026-03-18,16:32:54.660,7.97,100,100,100,0.063,14.20,66,0,7.86,-0.305,1.188,0.23,54,0,-168.45,-17.78,10,0.00,3.95,3.98,3.96,3.98,3.96,3.96,3.98,3.98,31.85,12.0,29,29,0,-104,294,-152,0,-123,0,0,0,-1,1,0,-1,-1,-1,-1,-1,-1,
2026-03-18,16:32:54.920,7.97,100,100,99,0.039,14.30,66,0,7.86,-0.199,1.188,-0.48,55,0,-177.40,-17.48,10,0.00,3.95,3.98,3.96,3.98,3.96,3.96,3.97,3.97,31.85,12.0,29,29,0,-83,294,-156,0,-124,0,0,0,-1,1,0,-1,-1,-1,-1,-1,-1,
2026-03-18,16:32:55.180,7.97,100,100,99,-0.040,14.78,66,0,7.86,-0.190,0.909,0.93,56,0,171.18,-18.41,10,0.00,3.95,3.98,3.96,3.98,3.96,3.96,3.97,3.97,31.84,12.2,29,29,0,-112,293,0,0,-123,0,0,0,-1,1,0,-1,-1,-1,-1,-1,-1,
2026-03-18,16:32:55.440,7.97,100,100,99,-0.062,15.02,64,0,7.86,-0.227,1.089,0.99,59,0,171.52,-19.02,10,0.00,3.95,3.98,3.96,3.98,3.96,3.96,3.97,3.97,31.84,12.2,29,29,0,-140,294,55,0,-124,0,0,0,-1,1,0,-1,-1,-1,-1,-1,-1,
2026-03-18,16:32:55.700,7.97,99,99,99,-0.070,15.33,62,0,7.86,-0.225,0.889,0.98,61,0,176.46,-19.21,10,0.00,3.95,3.98,3.96,3.98,3.96,3.96,3.97,3.97,31.83,12.4,29,30,0,-119,294,137,0,-123,0,0,0,-1,1,0,-1,-1,-1,-1,-1,-1,
2026-03-18,16:32:55.970,7.97,99,99,99,-0.017,15.83,61,0,7.86,-0.283,1.167,1.42,60,0,-173.86,-19.92,10,0.00,3.95,3.98,3.96,3.98,3.96,3.96,3.97,3.97,31.83,12.4,29,30,0,-109,294,179,0,-124,0,0,0,-1,1,0,-1,-1,-1,-1,-1,-1,
2026-03-18,16:32:56.250,7.97,97,99,99,-0.002,16.10,60,0,7.86,-0.275,1.027,1.33,59,0,-171.48,-19.91,10,0.00,3.95,3.98,3.96,3.98,3.96,3.96,3.97,3.97,31.81,12.1,29,30,0,-84,376,147,0,-124,0,0,0,-1,1,0,-1,-1,-1,-1,-1,-1,
2026-03-18,16:32:56.520,7.97,97,99,99,0.023,16.29,60,0,7.86,-0.354,0.999,0.77,61,0,-177.29,-18.88,10,0.00,3.94,3.97,3.96,3.98,3.96,3.96,3.97,3.97,31.81,12.1,29,30,0,-97,434,193,0,-123,0,0,0,-1,1,0,-1,-1,-1,-1,-1,-1,
2026-03-18,16:32:56.780,7.97,96,99,99,0.042,16.73,60,0,7.86,-0.401,0.885,1.15,63,0,170.46,-18.83,10,0.00,3.94,3.97,3.95,3.96,3.96,3.96,3.97,3.97,31.72,13.6,29,30,0,-71,437,394,0,-124,0,0,0,-1,1,0,-1,-1,-1,-1,-1,-1,
2026-03-18,16:32:57.040,7.97,94,99,99,0.049,17.15,58,0,7.86,-0.475,1.092,1.37,65,0,174.36,-19.43,10,0.00,3.94,3.97,3.95,3.96,3.94,3.93,3.97,3.97,31.72,13.6,29,30,0,35,437,394,0,-124,0,0,0,-1,1,0,-1,-1,-1,-1,-1,-1,
2026-03-18,16:32:57.300,7.97,94,99,99,0.048,17.72,59,0,7.86,-0.405,0.822,1.71,66,0,-172.91,-17.07,10,0.00,3.94,3.97,3.95,3.96,3.94,3.93,3.97,3.97,31.63,16.0,29,30,0,0,438,428,0,-124,0,0,0,-1,1,0,-1,-1,-1,-1,-1,-1,
2026-03-18,16:32:57.560,7.97,97,99,99,0.124,18.32,61,0,7.86,-0.368,0.730,1.88,65,0,-169.41,-15.74,10,0.00,3.94,3.97,3.95,3.96,3.94,3.93,3.94,3.94,31.63,16.0,29,30,0,-111,437,371,0,-123,0,0,0,-1,1,0,-1,-1,-1,-1,-1,-1,
2026-03-18,16:32:57.840,7.97,99,99,99,0.128,19.50,62,0,7.86,-0.381,0.712,2.06,62,0,-163.49,-14.23,10,0.00,3.90,3.93,3.95,3.96,3.94,3.93,3.94,3.94,31.57,16.1,29,30,0,-164,437,391,0,-123,0,0,0,-1,1,0,-1,-1,-1,-1,-1,-1,
2026-03-18,16:32:58.120,7.97,99,99,99,0.070,19.83,62,0,7.86,-0.333,0.990,1.60,57,0,-150.20,-13.98,10,0.00,3.90,3.93,3.91,3.93,3.94,3.93,3.94,3.94,31.57,16.4,29,30,0,-278,437,27,0,-123,0,0,0,-1,1,0,-1,-1,-1,-1,-1,-1,
2026-03-18,16:32:58.380,7.97,99,99,99,0.031,19.63,62,0,7.86,-0.388,1.345,0.31,61,0,-150.64,-15.60,10,0.00,3.90,3.93,3.91,3.93,3.91,3.90,3.94,3.94,31.53,16.4,29,30,0,-273,438,86,0,-123,0,0,0,-1,1,0,-1,-1,-1,-1,-1,-1,
2026-03-18,16:32:58.640,7.97,98,99,99,0.047,19.39,61,0,7.86,-0.369,1.238,-0.49,63,0,-152.48,-18.13,10,0.00,3.90,3.93,3.91,3.93,3.91,3.90,3.92,3.93,31.53,17.1,29,30,0,-188,437,178,0,-124,0,0,0,-1,1,0,-1,-1,-1,-1,-1,-1,
2026-03-18,16:32:58.910,7.97,95,100,100,0.066,19.29,57,0,7.86,-0.313,1.131,-0.37,64,0,-153.44,-18.55,10,0.00,3.89,3.93,3.91,3.93,3.91,3.90,3.92,3.93,31.53,17.1,29,30,0,-187,437,205,0,-124,0,0,0,-1,1,0,-1,-1,-1,-1,-1,-1,
2026-03-18,16:32:59.180,7.97,90,100,100,-0.016,19.40,50,0,7.86,-0.336,1.124,-0.32,64,0,-151.16,-18.52,10,0.00,3.89,3.93,3.91,3.93,3.91,3.90,3.92,3.93,31.48,17.1,29,30,0,-204,437,199,0,-124,0,0,0,-1,1,0,-1,-1,-1,-1,-1,-1,
2026-03-18,16:32:59.450,7.97,85,100,100,0.066,20.24,47,0,7.86,-0.382,1.102,1.66,64,0,-146.41,-18.62,10,0.00,3.89,3.93,3.91,3.93,3.91,3.90,3.92,3.93,31.48,17.1,29,30,0,-228,437,206,0,-124,0,0,0,-1,1,0,-1,-1,-1,-1,-1,-1,
2026-03-18,16:32:59.730,7.97,75,100,100,0.058,20.76,43,0,7.86,-0.382,1.102,2.01,65,0,-138.10,-18.69,10,0.00,3.89,3.93,3.91,3.93,3.91,3.91,3.92,3.93,31.44,16.7,29,30,0,-230,437,77,0,-123,0,0,0,-1,1,0,-1,-1,-1,-1,-1,-1,
2026-03-18,16:33:00.000,7.98,71,100,100,0.065,21.85,41,0,7.86,-0.391,1.035,1.86,66,0,-144.21,-19.36,10,0.00,3.89,3.93,3.91,3.93,3.91,3.91,3.92,3.93,31.44,16.7,29,30,0,-222,437,116,0,-123,0,0,0,-1,1,0,-1,-1,-1,-1,-1,-1,
2026-03-18,16:33:00.260,7.98,71,100,100,0.025,22.88,40,0,7.86,-0.355,0.920,1.86,66,0,-144.87,-19.63,10,0.00,3.89,3.92,3.91,3.93,3.91,3.91,3.92,3.93,31.40,16.8,29,30,0,-182,436,199,0,-123,0,0,0,-1,1,0,-1,-1,-1,-1,-1,-1,
2026-03-18,16:33:00.530,7.97,76,100,100,0.075,23.36,39,0,7.86,-0.377,1.211,2.51,66,0,-144.42,-21.09,10,0.00,3.89,3.92,3.90,3.92,3.91,3.91,3.92,3.93,31.40,16.8,29,30,0,-228,437,95,0,-123,0,0,0,-1,1,0,-1,-1,-1,-1,-1,-1,
2026-03-18,16:33:00.810,7.97,82,100,100,0.084,23.31,42,0,7.86,-0.366,1.244,2.51,65,0,-147.51,-21.56,10,0.00,3.89,3.92,3.90,3.92,3.91,3.91,3.92,3.93,31.39,16.9,29,30,0,-120,437,147,0,-124,0,0,0,-1,1,0,-1,-1,-1,-1,-1,-1,
2026-03-18,16:33:01.090,7.97,89,100,100,0.059,23.61,45,0,7.86,-0.319,1.045,0.72,63,0,-152.41,-21.52,10,0.00,3.89,3.92,3.90,3.92,3.91,3.91,3.91,3.92,31.39,16.9,29,30,0,-157,440,236,0,-124,0,0,0,-1,1,0,-1,-1,-1,-1,-1,-1,
2026-03-18,16:33:01.350,7.98,96,100,100,0.131,24.22,49,0,7.86,-0.385,0.925,1.51,60,0,-156.23,-20.20,10,0.00,3.89,3.92,3.90,3.92,3.91,3.91,3.91,3.92,31.36,16.9,29,30,0,-159,481,245,0,-124,0,0,0,-1,1,0,-1,-1,-1,-1,-1,-1,
2026-03-18,16:33:01.630,7.97,99,100,100,0.093,25.07,52,0,7.86,-0.403,1.025,2.46,61,0,-166.12,-19.24,10,0.00,3.89,3.92,3.90,3.91,3.91,3.91,3.91,3.92,31.30,18.5,29,30,0,-167,502,221,0,-123,0,0,0,-1,1,0,-1,-1,-1,-1,-1,-1,
2026-03-18,16:33:01.890,7.98,100,100,100,0.053,25.42,52,0,7.86,-0.369,0.893,1.99,61,0,-169.11,-18.25,10,0.00,3.89,3.92,3.90,3.91,3.90,3.89,3.91,3.92,31.30,18.5,29,30,0,-171,502,293,0,-124,0,0,0,-1,1,0,-1,-1,-1,-1,-1,-1,
2026-03-18,16:33:02.160,7.97,100,100,100,0.011,26.27,53,0,7.86,-0.508,1.282,1.22,63,0,-164.80,-20.10,10,0.00,3.89,3.92,3.90,3.91,3.90,3.89,3.90,3.91,31.25,20.0,29,30,0,-186,502,315,0,-124,0,0,0,-1,1,0,-1,-1,-1,-1,-1,-1,
2026-03-18,16:33:02.420,7.98,99,100,100,0.019,26.50,53,0,7.86,-0.522,1.402,1.63,62,0,-156.53,-19.99,10,0.00,3.89,3.92,3.90,3.91,3.90,3.89,3.90,3.91,31.25,20.0,29,30,0,-241,502,208,0,-124,0,0,0,-1,1,0,-1,-1,-1,-1,-1,-1,
2026-03-18,16:33:02.690,7.98,97,100,100,0.099,26.19,52,0,7.86,-0.451,1.425,-0.11,60,0,-145.52,-18.74,10,0.00,3.86,3.90,3.90,3.91,3.90,3.89,3.90,3.91,31.21,19.8,29,30,0,-286,501,2,0,-123,0,0,0,-1,1,0,-1,-1,-1,-1,-1,-1,
2026-03-18,16:33:02.960,7.97,96,100,100,0.025,26.67,51,0,7.86,-0.418,1.145,0.59,55,0,-140.59,-20.11,10,0.00,3.86,3.90,3.88,3.90,3.90,3.89,3.90,3.91,31.21,19.8,29,30,0,-272,500,61,0,-123,0,0,0,-1,1,0,-1,-1,-1,-1,-1,-1,
2026-03-18,16:33:03.220,7.98,96,100,100,0.087,26.96,51,0,7.86,-0.448,1.492,1.03,51,0,-139.94,-21.03,10,0.00,3.86,3.90,3.88,3.90,3.88,3.87,3.90,3.91,31.19,19.7,29,30,0,-270,501,3,0,-124,0,0,0,-1,1,0,-1,-1,-1,-1,-1,-1,
2026-03-18,16:33:03.480,7.98,96,100,100,-0.020,27.04,51,0,7.84,-0.356,1.075,1.03,49,0,-142.73,-21.31,10,0.00,3.86,3.90,3.88,3.90,3.88,3.87,3.89,3.90,31.19,19.7,29,30,0,-204,500,86,0,-123,0,0,0,-1,1,0,-1,-1,-1,-1,-1,-1,
2026-03-18,16:33:03.740,7.97,89,100,100,0.016,28.07,49,0,7.85,-0.349,1.263,2.12,47,0,-141.72,-21.80,10,0.00,3.86,3.90,3.88,3.90,3.88,3.87,3.89,3.90,31.16,20.0,29,30,0,-209,502,24,0,-123,0,0,0,-1,1,0,-1,-1,-1,-1,-1,-1,
2026-03-18,16:33:04.020,7.97,87,98,98,0.059,28.89,47,0,7.86,-0.362,1.046,2.77,44,0,-135.71,-22.13,10,0.00,3.86,3.90,3.88,3.89,3.88,3.87,3.89,3.90,31.16,20.0,29,30,0,-208,503,0,0,-123,0,0,0,-1,1,0,-1,-1,-1,-1,-1,-1,
2026-03-18,16:33:04.280,7.97,87,98,98,0.065,29.48,46,0,7.86,-0.396,1.112,2.41,47,0,-134.04,-22.82,10,0.00,3.86,3.90,3.88,3.89,3.88,3.87,3.89,3.90,31.13,20.0,29,30,0,-235,502,0,0,-124,0,0,0,-1,1,0,-1,-1,-1,-1,-1,-1,
2026-03-18,16:33:04.550,7.97,92,98,98,0.065,30.20,47,0,7.86,-0.402,1.235,2.41,48,0,-135.56,-22.83,10,0.00,3.86,3.90,3.88,3.89,3.88,3.87,3.89,3.90,31.13,20.0,29,30,0,-213,499,0,0,-123,0,0,0,-1,1,0,-1,-1,-1,-1,-1,-1,
2026-03-18,16:33:04.810,7.97,89,98,98,0.034,30.54,46,0,7.86,-0.407,1.157,1.75,45,0,-134.34,-22.03,10,0.00,3.86,3.90,3.88,3.89,3.88,3.87,3.89,3.90,31.12,20.1,29,30,0,-224,490,0,0,-123,0,0,0,-1,1,0,-1,-1,-1,-1,-1,-1,
2026-03-18,16:33:05.080,7.97,86,98,98,0.034,31.77,46,0,7.86,-0.379,1.050,2.16,50,0,-131.75,-21.38,10,0.00,3.85,3.89,3.88,3.89,3.88,3.87,3.89,3.90,31.12,20.1,29,30,0,-252,472,0,0,-123,0,0,0,-1,1,0,-1,-1,-1,-1,-1,-1,
2026-03-18,16:33:05.340,7.97,87,98,98,0.047,32.48,47,0,7.86,-0.379,1.121,2.25,54,0,-134.64,-21.39,10,0.00,3.85,3.89,3.87,3.89,3.88,3.87,3.89,3.90,31.11,19.6,29,30,0,-262,440,0,0,-123,0,0,0,-1,1,0,-1,-1,-1,-1,-1,-1,
2026-03-18,16:33:05.610,7.97,92,98,98,0.013,33.00,47,0,7.86,-0.403,1.219,2.11,59,0,-138.26,-21.76,10,0.00,3.85,3.89,3.87,3.89,3.88,3.87,3.89,3.90,31.12,16.9,29,30,0,-263,440,-178,0,-124,0,0,0,-1,1,0,-1,-1,-1,-1,-1,-1,
2026-03-18,16:33:05.870,7.97,93,98,98,0.010,33.25,46,0,7.86,-0.386,1.225,1.48,60,0,-138.29,-20.84,10,0.00,3.85,3.89,3.87,3.89,3.88,3.87,3.89,3.90,31.12,16.9,29,30,0,-242,440,-193,0,-124,0,0,0,-1,1,0,-1,-1,-1,-1,-1,-1,
2026-03-18,16:33:06.140,7.97,94,98,98,-0.015,33.48,47,0,7.86,-0.400,1.207,0.91,60,0,-135.05,-20.14,10,0.00,3.86,3.90,3.87,3.89,3.88,3.87,3.89,3.90,31.12,16.7,29,30,0,-156,440,-324,0,-124,0,0,0,-1,1,0,-1,-1,-1,-1,-1,-1,
2026-03-18,16:33:06.400,7.97,95,98,98,-0.022,34.13,48,0,7.86,-0.279,0.752,1.49,61,0,-133.51,-19.96,10,0.00,3.86,3.90,3.88,3.90,3.88,3.87,3.89,3.90,31.12,16.7,29,30,0,-169,441,-408,0,-124,0,0,0,-1,1,0,-1,-1,-1,-1,-1,-1,
2026-03-18,16:33:06.660,7.97,97,98,98,0.018,34.89,49,0,7.86,-0.345,0.997,2.42,63,0,-139.30,-21.66,10,0.00,3.86,3.90,3.88,3.90,3.88,3.87,3.89,3.90,31.12,16.8,29,30,0,-174,440,-476,0,-124,0,0,0,-1,1,0,-1,-1,-1,-1,-1,-1,
2026-03-18,16:33:06.930,7.97,95,97,97,0.024,34.97,50,0,7.86,-0.344,1.200,1.29,67,0,-151.94,-23.16,10,0.00,3.86,3.90,3.88,3.90,3.88,3.87,3.89,3.90,31.12,16.8,29,30,0,-86,440,-561,0,-124,0,0,0,-1,1,0,-1,-1,-1,-1,-1,-1,
2026-03-18,16:33:07.190,7.98,90,97,97,0.003,34.85,50,0,7.86,-0.344,1.200,0.27,70,0,-160.62,-23.06,10,0.00,3.86,3.90,3.88,3.90,3.88,3.87,3.89,3.90,31.12,16.7,29,30,0,-120,440,-482,0,-123,0,0,0,-1,1,0,-1,-1,-1,-1,-1,-1,
2026-03-18,16:33:07.450,7.98,91,97,97,-0.074,35.01,51,0,7.86,-0.347,0.937,0.19,72,0,-177.01,-22.83,10,0.00,3.86,3.90,3.88,3.90,3.88,3.87,3.89,3.90,31.12,16.7,29,30,0,0,440,-225,0,-123,0,0,0,-1,1,0,-1,-1,-1,-1,-1,-1,
2026-03-18,16:33:07.710,7.98,93,97,97,-0.100,35.51,53,0,7.86,-0.344,0.878,1.10,73,0,-177.75,-22.98,10,0.00,3.86,3.90,3.88,3.90,3.88,3.87,3.89,3.90,31.11,16.6,29,29,0,12,441,0,0,-123,0,0,0,-1,1,0,-1,-1,-1,-1,-1,-1,
2026-03-18,16:33:07.970,7.98,97,99,99,-0.054,36.46,53,0,7.86,-0.341,0.863,1.52,74,0,-170.39,-21.24,10,0.00,3.86,3.90,3.88,3.90,3.88,3.87,3.89,3.90,31.11,16.6,29,29,0,14,441,0,0,-124,0,0,0,-1,1,0,-1,-1,-1,-1,-1,-1,
2026-03-18,16:33:08.250,7.97,97,99,99,0.060,36.64,53,0,7.86,-0.227,0.362,1.11,73,0,-168.57,-20.45,10,0.00,3.86,3.90,3.88,3.90,3.88,3.87,3.89,3.90,31.11,16.7,29,29,0,14,440,-245,0,-123,0,0,0,-1,1,0,-1,-1,-1,-1,-1,-1,
2026-03-18,16:33:08.520,7.97,98,99,99,0.003,36.85,53,0,7.86,-0.284,0.742,0.84,71,0,-175.31,-20.02,10,0.00,3.86,3.89,3.88,3.90,3.88,3.87,3.89,3.90,31.11,16.7,29,29,0,0,440,-313,0,-123,0,0,0,-1,1,0,-1,-1,-1,-1,-1,-1,
2026-03-18,16:33:08.780,7.97,97,99,99,0.060,36.63,54,0,7.86,-0.384,1.143,0.06,69,0,167.29,-20.61,10,0.00,3.86,3.89,3.88,3.89,3.88,3.87,3.89,3.90,31.11,16.9,29,29,0,-71,440,-212,0,-124,0,0,0,-1,1,0,-1,-1,-1,-1,-1,-1,
2026-03-18,16:33:09.050,7.97,96,99,99,0.044,36.06,55,0,7.86,-0.339,1.039,-1.10,67,0,157.50,-18.31,10,0.00,3.86,3.89,3.88,3.89,3.88,3.87,3.89,3.90,31.11,16.9,29,29,0,-152,441,0,0,-124,0,0,0,-1,1,0,-1,-1,-1,-1,-1,-1,
2026-03-18,16:33:09.310,7.97,95,99,99,-0.140,35.73,56,0,7.86,-0.360,1.127,-1.61,66,0,147.89,-18.31,10,0.00,3.86,3.89,3.88,3.89,3.88,3.87,3.89,3.90,31.11,16.9,29,29,0,-250,441,0,0,-124,0,0,0,-1,1,0,-1,-1,-1,-1,-1,-1,
2026-03-18,16:33:09.570,7.97,94,99,99,-0.109,35.97,55,0,7.86,-0.348,1.170,0.01,65,0,156.26,-19.54,10,0.00,3.86,3.89,3.88,3.89,3.88,3.87,3.89,3.90,31.11,16.9,29,29,0,-199,441,0,0,-124,0,0,0,-1,1,0,-1,-1,-1,-1,-1,-1,
2026-03-18,16:33:09.830,7.97,93,99,99,0.042,35.74,54,0,7.86,-0.347,1.401,0.01,67,0,166.42,-22.06,10,0.00,3.86,3.89,3.88,3.89,3.88,3.87,3.89,3.90,31.12,17.2,29,29,0,6,440,0,0,-123,0,0,0,-1,1,0,-1,-1,-1,-1,-1,-1,
2026-03-18,16:33:10.090,7.97,93,99,99,0.060,35.11,53,0,7.86,-0.230,0.910,-1.45,66,0,154.37,-20.17,10,0.00,3.86,3.89,3.88,3.89,3.88,3.87,3.89,3.90,31.12,17.2,29,29,0,14,440,0,0,-123,0,0,0,-1,1,0,-1,-1,-1,-1,-1,-1,
2026-03-18,16:33:10.360,7.97,94,99,99,0.060,35.32,54,0,7.86,-0.264,1.130,-0.68,65,0,152.74,-19.26,10,0.00,3.86,3.89,3.88,3.89,3.88,3.87,3.89,3.90,31.13,17.4,29,29,0,-127,440,205,0,-123,0,0,0,-1,1,0,-1,-1,-1,-1,-1,-1,
2026-03-18,16:33:10.630,7.97,93,99,99,-0.051,36.66,55,0,7.86,-0.179,0.881,1.22,64,0,157.40,-18.56,10,0.00,3.86,3.89,3.88,3.89,3.88,3.87,3.89,3.90,31.14,17.4,29,29,0,-147,440,247,0,-123,0,0,0,-1,1,0,-1,-1,-1,-1,-1,-1,
2026-03-18,16:33:10.890,7.97,92,100,100,-0.065,37.13,54,0,7.86,-0.254,1.329,2.06,63,0,164.32,-19.80,10,0.00,3.86,3.90,3.88,3.89,3.88,3.87,3.89,3.90,31.14,17.4,29,29,0,-190,440,264,0,-123,0,0,0,-1,1,0,-1,-1,-1,-1,-1,-1,
2026-03-18,16:33:11.150,7.97,91,100,100,-0.034,37.31,54,0,7.84,-0.266,1.056,1.13,64,0,175.29,-22.32,10,0.00,3.86,3.90,3.88,3.90,3.88,3.87,3.89,3.90,31.15,17.1,29,29,0,-105,440,253,0,-124,0,0,0,-1,1,0,-1,-1,-1,-1,-1,-1,
2026-03-18,16:33:11.430,7.97,93,100,100,0.089,37.55,54,0,7.85,-0.374,1.123,0.99,65,0,-176.54,-24.77,10,0.00,3.86,3.90,3.88,3.90,3.88,3.87,3.89,3.90,31.15,17.1,29,29,0,-24,441,93,0,-124,0,0,0,-1,1,0,-1,-1,-1,-1,-1,-1,
2026-03-18,16:33:11.690,7.97,97,100,100,0.110,37.89,55,0,7.86,-0.248,0.899,0.99,64,0,96.57,-23.39,10,0.00,3.86,3.90,3.88,3.90,3.88,3.88,3.89,3.90,31.15,17.3,29,29,0,-35,441,223,0,-124,0,0,0,-1,1,0,-1,-1,-1,-1,-1,-1,
2026-03-18,16:33:11.950,7.97,97,100,100,-0.020,38.69,55,0,7.86,-0.259,0.738,1.78,62,0,173.05,-21.78,10,0.00,3.86,3.90,3.88,3.90,3.88,3.88,3.90,3.91,31.15,17.3,29,29,0,-63,441,391,0,-123,0,0,0,-1,1,0,-1,-1,-1,-1,-1,-1,
2026-03-18,16:33:12.220,7.97,97,100,100,-0.073,39.90,55,0,7.86,-0.259,0.907,3.21,63,0,173.05,-21.78,10,0.00,3.86,3.90,3.88,3.90,3.88,3.88,3.90,3.91,31.14,17.3,29,29,0,-80,440,401,0,-123,0,0,0,-1,1,0,-1,-1,-1,-1,-1,-1,
2026-03-18,16:33:12.480,7.97,97,100,100,0.058,40.82,55,0,7.86,-0.297,1.056,3.49,64,0,-164.67,-23.07,10,0.00,3.86,3.90,3.88,3.90,3.88,3.88,3.90,3.91,31.14,17.3,29,29,0,-101,441,371,0,-124,0,0,0,-1,1,0,-1,-1,-1,-1,-1,-1,
2026-03-18,16:33:12.740,7.97,99,100,100,0.097,41.29,54,0,7.86,-0.290,0.987,2.54,64,0,-160.68,-22.83,10,0.00,3.86,3.90,3.88,3.90,3.88,3.87,3.90,3.91,31.13,17.1,29,29,0,-73,441,341,0,-124,0,0,0,-1,1,0,-1,-1,-1,-1,-1,-1,
2026-03-18,16:33:13.010,7.97,99,100,100,0.121,41.86,54,0,7.86,-0.246,0.717,2.03,66,0,-163.22,-21.77,10,0.00,3.86,3.90,3.88,3.90,3.88,3.87,3.89,3.90,31.13,17.1,29,29,0,-45,441,336,0,-124,0,0,0,-1,1,0,-1,-1,-1,-1,-1,-1,
2026-03-18,16:33:13.270,7.97,98,100,100,0.029,42.89,54,0,7.86,-0.351,1.179,2.71,67,0,-157.44,-20.89,10,0.00,3.86,3.89,3.88,3.90,3.88,3.87,3.89,3.90,31.12,17.2,29,29,0,-84,441,402,0,-124,0,0,0,-1,1,0,-1,-1,-1,-1,-1,-1,
2026-03-18,16:33:13.540,7.97,98,100,100,-0.002,44.27,54,0,7.86,-0.289,0.891,3.04,67,0,-154.98,-19.66,10,0.00,3.86,3.89,3.87,3.89,3.88,3.87,3.89,3.90,31.12,17.2,29,29,0,-102,441,405,0,-123,0,0,0,-1,1,0,-1,-1,-1,-1,-1,-1,
2026-03-18,16:33:13.820,7.97,95,100,100,-0.014,45.34,50,0,7.86,-0.306,0.937,3.09,65,0,-143.09,-17.59,10,0.00,3.86,3.89,3.87,3.89,3.88,3.87,3.89,3.90,31.12,16.9,29,29,0,-116,441,327,0,-124,0,0,0,-1,1,0,-1,-1,-1,-1,-1,-1,
2026-03-18,16:33:14.090,7.97,96,100,100,0.061,45.93,49,0,7.86,-0.320,1.005,2.70,59,0,-137.20,-17.45,10,0.00,3.86,3.89,3.87,3.89,3.88,3.87,3.89,3.90,31.12,17.1,29,29,0,-94,441,0,0,-124,0,0,0,-1,1,0,-1,-1,-1,-1,-1,-1,
2026-03-18,16:33:14.350,7.97,95,100,100,0.106,46.36,48,0,7.86,-0.304,0.890,2.70,54,0,-140.80,-17.67,10,0.00,3.86,3.89,3.87,3.89,3.88,3.87,3.89,3.90,31.11,17.1,29,29,0,-233,441,0,0,-123,0,0,0,-1,1,0,-1,-1,-1,-1,-1,-1,
2026-03-18,16:33:14.610,7.97,94,100,100,0.083,46.68,46,0,7.86,-0.366,1.128,1.46,55,0,-155.01,-18.36,10,0.00,3.85,3.89,3.87,3.89,3.88,3.87,3.89,3.90,31.11,17.0,29,29,0,-138,441,139,0,-123,0,0,0,-1,1,0,-1,-1,-1,-1,-1,-1,
2026-03-18,16:33:14.880,7.97,86,100,100,0.039,46.68,44,0,7.86,-0.403,1.111,1.46,59,0,-160.83,-18.61,10,0.00,3.85,3.89,3.87,3.89,3.88,3.87,3.89,3.90,31.11,17.0,29,29,0,-214,441,218,0,-124,0,0,0,-1,1,0,-1,-1,-1,-1,-1,-1,
2026-03-18,16:33:15.150,7.97,76,100,100,0.039,47.11,41,0,7.86,-0.360,1.173,0.90,61,0,-158.18,-17.09,10,0.00,3.85,3.89,3.87,3.89,3.87,3.86,3.89,3.90,31.09,17.0,29,29,0,-236,441,208,0,-123,0,0,0,-1,1,0,-1,-1,-1,-1,-1,-1,
2026-03-18,16:33:15.410,7.97,75,100,100,0.029,47.19,40,0,7.83,-0.344,1.247,0.59,60,0,-149.88,-17.37,10,0.00,3.85,3.89,3.87,3.89,3.87,3.86,3.88,3.89,31.09,17.0,29,29,0,-324,441,149,0,-123,0,0,0,-1,1,0,-1,-1,-1,-1,-1,-1,
2026-03-18,16:33:15.670,7.97,74,100,100,0.046,47.17,39,0,7.83,-0.353,1.282,0.11,58,0,-149.88,-17.37,10,0.00,3.85,3.89,3.87,3.89,3.87,3.86,3.88,3.89,31.08,17.0,29,29,0,-327,441,98,0,-123,0,0,0,-1,1,0,-1,-1,-1,-1,-1,-1,
2026-03-18,16:33:15.930,7.97,74,100,100,0.023,47.17,37,0,7.80,-0.359,1.378,-0.21,55,0,-150.73,-21.32,10,0.00,3.85,3.89,3.87,3.88,3.87,3.86,3.88,3.89,31.08,17.0,29,29,0,-353,441,187,0,-123,0,0,0,-1,1,0,-1,-1,-1,-1,-1,-1,
2026-03-18,16:33:16.190,7.97,74,100,100,0.021,46.99,37,0,7.82,-0.381,1.395,-0.20,57,0,-151.15,-22.37,10,0.00,3.85,3.89,3.87,3.88,3.87,3.86,3.88,3.89,31.08,17.2,29,29,0,-348,440,190,0,-123,0,0,0,-1,1,0,-1,-1,-1,-1,-1,-1,
2026-03-18,16:33:16.460,7.97,78,100,100,0.022,47.61,38,0,7.84,-0.354,1.289,0.95,57,0,-143.97,-23.77,10,0.00,3.85,3.89,3.87,3.88,3.87,3.86,3.88,3.89,31.08,17.2,29,29,0,-306,440,256,0,-123,0,0,0,-1,1,0,-1,-1,-1,-1,-1,-1,
2026-03-18,16:33:16.720,7.97,84,100,100,0.030,47.87,40,0,7.85,-0.295,1.301,0.89,57,0,-140.35,-24.56,10,0.00,3.85,3.89,3.87,3.88,3.87,3.86,3.88,3.89,31.08,17.0,29,29,0,-353,440,145,0,-124,0,0,0,-1,1,0,-1,-1,-1,-1,-1,-1,
2026-03-18,16:33:16.990,7.97,88,100,100,0.022,48.19,42,0,7.86,-0.408,1.666,1.12,53,0,-133.75,-25.97,10,0.00,3.85,3.89,3.87,3.88,3.87,3.86,3.88,3.89,31.08,17.0,29,29,0,-398,438,0,0,-123,0,0,0,-1,1,0,-1,-1,-1,-1,-1,-1,
2026-03-18,16:33:17.260,7.98,92,99,99,0.011,47.84,43,0,7.86,-0.401,1.562,-0.13,50,0,-132.77,-27.24,10,0.00,3.85,3.89,3.87,3.88,3.87,3.86,3.88,3.89,31.08,17.1,29,29,0,-377,399,0,0,-124,0,0,0,-1,1,0,-1,-1,-1,-1,-1,-1,
2026-03-18,16:33:17.540,7.97,96,99,99,0.000,47.97,44,0,7.86,-0.326,1.347,-0.25,49,0,-131.65,-26.87,10,0.00,3.85,3.89,3.87,3.88,3.87,3.86,3.88,3.89,31.08,17.1,29,29,0,-338,397,15,0,-123,0,0,0,-1,1,0,-1,-1,-1,-1,-1,-1,
2026-03-18,16:33:17.810,7.98,95,97,97,-0.009,48.57,45,0,7.86,-0.349,1.328,1.26,47,0,-125.39,-27.11,10,0.00,3.85,3.89,3.87,3.88,3.87,3.86,3.89,3.89,31.09,15.6,29,29,0,-335,398,0,0,-123,0,0,0,-1,1,0,-1,-1,-1,-1,-1,-1,
2026-03-18,16:33:18.070,7.97,95,97,97,0.027,49.14,46,0,7.86,-0.343,1.278,1.83,50,0,-126.94,-26.45,10,0.00,3.86,3.89,3.87,3.88,3.87,3.86,3.89,3.89,31.09,15.6,29,29,0,-308,397,0,0,-124,0,0,0,-1,1,0,-1,-1,-1,-1,-1,-1,
2026-03-18,16:33:18.350,7.97,94,97,97,0.028,49.35,46,0,7.86,-0.343,1.350,1.33,54,0,-126.86,-25.80,10,0.00,3.86,3.89,3.87,3.89,3.87,3.86,3.89,3.89,31.10,15.6,29,29,0,-242,397,0,0,-123,0,0,0,-1,1,0,-1,-1,-1,-1,-1,-1,
2026-03-18,16:33:18.620,7.98,94,97,97,-0.016,49.36,46,0,7.86,-0.318,1.310,1.33,57,0,-124.15,-24.08,10,0.00,3.86,3.89,3.87,3.89,3.87,3.86,3.89,3.89,31.10,15.3,29,29,0,-240,397,0,0,-123,0,0,0,-1,1,0,-1,-1,-1,-1,-1,-1,
2026-03-18,16:33:18.890,7.98,92,97,97,0.019,49.69,46,0,7.86,-0.313,1.179,0.44,59,0,-121.45,-23.14,10,0.00,3.86,3.89,3.87,3.89,3.87,3.86,3.89,3.89,31.10,15.3,29,29,0,-244,398,0,0,-124,0,0,0,-1,1,0,-1,-1,-1,-1,-1,-1,
2026-03-18,16:33:19.160,7.98,92,97,97,0.037,49.87,47,0,7.86,-0.301,1.136,0.71,60,0,-117.61,-21.18,10,0.00,3.86,3.89,3.87,3.89,3.87,3.86,3.89,3.89,31.10,15.3,29,29,0,-241,400,-62,0,-124,0,0,0,-1,1,0,-1,-1,-1,-1,-1,-1,
2026-03-18,16:33:19.420,7.97,95,97,97,0.023,50.12,48,0,7.86,-0.312,1.142,0.55,61,0,-120.39,-19.50,10,0.00,3.86,3.89,3.87,3.89,3.87,3.86,3.89,3.89,31.10,15.3,29,29,0,-282,398,-94,0,-123,0,0,0,-1,1,0,-1,-1,-1,-1,-1,-1,
2026-03-18,16:33:19.690,7.97,98,98,97,0.039,50.33,49,0,7.86,-0.334,1.308,0.90,62,0,-123.54,-18.78,10,0.00,3.86,3.89,3.87,3.89,3.87,3.86,3.89,3.89,31.09,15.2,29,29,0,-262,398,-46,0,-123,0,0,0,-1,1,0,-1,-1,-1,-1,-1,-1,
2026-03-18,16:33:19.950,7.97,96,97,97,0.012,49.89,50,0,7.86,-0.326,1.189,-0.46,64,0,-128.69,-16.51,10,0.00,3.86,3.89,3.87,3.89,3.87,3.86,3.89,3.89,31.09,15.2,29,29,0,-223,398,0,0,-123,0,0,0,-1,1,0,-1,-1,-1,-1,-1,-1,
2026-03-18,16:33:20.220,7.97,95,97,97,0.041,49.56,51,0,7.86,-0.390,1.482,-1.10,63,0,-128.77,-15.16,10,0.00,3.86,3.89,3.87,3.89,3.87,3.86,3.89,3.89,31.09,15.2,29,29,0,-180,397,0,0,-123,0,0,0,-1,1,0,-1,-1,-1,-1,-1,-1,
2026-03-18,16:33:20.480,7.97,96,97,97,0.047,49.28,52,0,7.86,-0.355,1.363,-0.88,63,0,-124.96,-12.24,10,0.00,3.86,3.89,3.87,3.89,3.87,3.86,3.89,3.89,31.09,15.2,29,29,0,-156,399,0,0,-123,0,0,0,-1,1,0,-1,-1,-1,-1,-1,-1,
2026-03-18,16:33:20.740,7.97,98,98,97,0.058,48.96,51,0,7.86,-0.298,1.105,-1.21,63,0,-134.32,-9.89,10,0.00,3.86,3.89,3.87,3.89,3.87,3.86,3.89,3.89,31.09,15.5,29,29,0,-166,399,0,0,-123,0,0,0,-1,1,0,-1,-1,-1,-1,-1,-1,
2026-03-18,16:33:21.000,7.97,98,98,97,0.054,49.27,50,0,7.86,-0.205,0.755,0.09,63,0,-139.54,-9.38,10,0.00,3.86,3.89,3.87,3.89,3.87,3.86,3.89,3.89,31.09,15.5,29,29,0,-160,398,0,0,-124,0,0,0,-1,1,0,-1,-1,-1,-1,-1,-1,
2026-03-18,16:33:21.270,7.97,96,98,98,-0.003,49.92,48,0,7.86,-0.256,1.244,1.30,64,0,-144.61,-10.46,10,0.00,3.86,3.89,3.87,3.89,3.87,3.86,3.89,3.89,31.10,15.4,29,29,0,-189,397,73,0,-124,0,0,0,-1,1,0,-1,-1,-1,-1,-1,-1,
2026-03-18,16:33:21.530,7.97,91,98,98,-0.025,49.73,45,0,7.86,-0.357,1.518,1.31,63,0,-143.34,-10.54,10,0.00,3.86,3.89,3.87,3.89,3.87,3.86,3.89,3.89,31.10,15.4,29,29,0,-211,370,99,0,-124,0,0,0,-1,1,0,-1,-1,-1,-1,-1,-1,
2026-03-18,16:33:21.800,7.97,86,100,100,-0.046,49.73,43,0,7.86,-0.233,1.499,-0.41,63,0,-131.30,-8.72,10,0.00,3.86,3.89,3.87,3.89,3.87,3.86,3.89,3.89,31.11,15.5,29,29,0,-159,371,0,0,-123,0,0,0,-1,1,0,-1,-1,-1,-1,-1,-1,
2026-03-18,16:33:22.070,7.97,80,100,100,0.057,49.13,43,0,7.86,-0.243,1.105,-1.22,63,0,-124.91,-8.11,10,0.00,3.86,3.89,3.88,3.89,3.87,3.86,3.89,3.89,31.11,15.5,29,29,0,-105,369,0,0,-123,0,0,0,-1,1,0,-1,-1,-1,-1,-1,-1,
2026-03-18,16:33:22.330,7.97,84,100,100,0.040,49.58,43,0,7.86,-0.181,0.866,0.05,62,0,-130.12,-6.45,10,0.00,3.86,3.89,3.88,3.89,3.88,3.87,3.89,3.89,31.12,14.6,29,29,0,-101,369,0,0,-123,0,0,0,-1,1,0,-1,-1,-1,-1,-1,-1,
2026-03-18,16:33:22.600,7.97,88,100,100,0.038,49.91,46,0,7.81,-0.238,1.242,1.09,59,0,-136.86,-7.02,10,0.00,3.86,3.89,3.88,3.89,3.88,3.87,3.89,3.90,31.12,14.6,29,29,0,-230,369,0,0,-124,0,0,0,-1,1,0,-1,-1,-1,-1,-1,-1,
2026-03-18,16:33:22.860,7.97,92,100,100,0.031,49.40,47,0,7.83,-0.175,1.549,-0.24,57,0,-137.82,-6.53,10,0.00,3.86,3.90,3.88,3.89,3.88,3.87,3.89,3.90,31.13,14.4,29,29,0,-170,369,-6,0,-123,0,0,0,-1,1,0,-1,-1,-1,-1,-1,-1,
2026-03-18,16:33:23.120,7.97,89,100,100,-0.072,49.09,47,0,7.85,-0.237,1.255,-1.28,57,0,-140.30,-4.72,10,0.00,3.86,3.90,3.88,3.89,3.88,3.87,3.89,3.90,31.15,14.6,29,29,0,-162,367,-191,0,-123,0,0,0,-1,1,0,-1,-1,-1,-1,-1,-1,
2026-03-18,16:33:23.390,7.97,88,100,100,0.000,49.26,47,0,7.85,-0.106,1.048,-0.09,61,0,-139.25,-4.88,10,0.00,3.86,3.90,3.88,3.90,3.88,3.87,3.89,3.90,31.15,14.6,29,29,0,-188,290,-277,0,-124,0,0,0,-1,1,0,-1,-1,-1,-1,-1,-1,
2026-03-18,16:33:23.660,7.97,91,99,99,-0.021,49.54,49,0,7.86,-0.080,0.990,0.55,65,0,-145.60,-6.29,10,0.00,3.86,3.90,3.88,3.90,3.88,3.87,3.89,3.90,31.15,12.0,29,29,-35,-102,290,-429,0,-123,0,0,0,-1,1,0,-1,-1,-1,-1,-1,-1,
2026-03-18,16:33:23.940,7.97,94,99,99,0.000,49.88,50,0,7.86,-0.163,1.350,0.98,66,0,-159.01,-8.21,10,0.00,3.86,3.90,3.88,3.90,3.88,3.87,3.90,3.90,31.15,12.0,29,29,-62,55,290,-428,0,-123,0,0,0,-1,1,0,-1,-1,-1,-1,-1,-1,
2026-03-18,16:33:24.200,7.97,96,99,99,-0.075,49.54,51,0,7.86,-0.163,1.094,-0.38,68,0,-167.14,-7.22,10,0.00,3.88,3.91,3.88,3.90,3.88,3.87,3.90,3.90,31.19,12.2,29,29,-53,28,291,-348,0,-123,0,0,0,-1,1,0,-1,-1,-1,-1,-1,-1,
2026-03-18,16:33:24.460,7.97,98,99,99,-0.099,49.94,52,0,7.86,-0.101,0.943,0.67,69,0,123.71,-6.60,10,0.00,3.88,3.91,3.90,3.91,3.88,3.87,3.90,3.90,31.19,12.2,29,29,0,4,291,0,0,-124,0,0,0,-1,1,0,-1,-1,-1,-1,-1,-1,
2026-03-18,16:33:24.720,7.97,99,99,99,-0.082,49.75,56,0,7.86,-0.088,0.925,0.03,69,0,178.55,-7.35,10,0.00,3.88,3.91,3.90,3.91,3.90,3.89,3.90,3.90,31.22,12.0,29,29,0,14,291,0,0,-123,0,0,0,-1,1,0,-1,-1,-1,-1,-1,-1,
2026-03-18,16:33:24.980,7.97,100,100,99,-0.065,49.56,58,0,7.86,-0.069,0.826,-0.36,67,0,-170.63,-7.46,10,0.00,3.88,3.91,3.90,3.91,3.90,3.89,3.91,3.92,31.22,12.0,29,29,0,14,291,0,0,-124,0,0,0,-1,1,0,-1,-1,-1,-1,-1,-1,
2026-03-18,16:33:25.260,7.97,99,99,99,0.041,49.19,58,0,7.86,-0.130,0.986,-0.83,66,0,156.81,-7.75,10,0.00,3.89,3.92,3.90,3.91,3.90,3.89,3.91,3.92,31.25,12.0,29,29,0,15,291,0,0,-123,0,0,0,-1,1,0,-1,-1,-1,-1,-1,-1,
2026-03-18,16:33:25.520,7.97,99,99,99,0.012,48.79,57,0,7.86,-0.120,0.906,-1.26,62,0,175.11,-7.53,10,0.00,3.89,3.92,3.90,3.91,3.90,3.89,3.91,3.92,31.25,12.0,29,29,0,15,292,0,0,-123,0,0,0,-1,1,0,-1,-1,-1,-1,-1,-1,
2026-03-18,16:33:25.790,7.97,99,99,99,-0.028,48.49,58,0,7.86,-0.110,0.957,-1.14,65,0,173.73,-7.01,10,0.00,3.89,3.92,3.90,3.92,3.90,3.89,3.91,3.92,31.28,12.2,29,29,0,14,291,0,0,-123,0,0,0,-1,1,0,-1,-1,-1,-1,-1,-1,
2026-03-18,16:33:26.060,7.97,99,99,99,-0.014,48.00,58,0,7.86,-0.115,0.939,-1.14,69,0,176.96,-6.45,10,0.00,3.89,3.92,3.90,3.92,3.90,3.89,3.91,3.92,31.28,12.2,29,29,0,-120,291,165,0,-124,0,0,0,-1,1,0,-1,-1,-1,-1,-1,-1,
2026-03-18,16:33:26.320,7.97,98,99,99,0.002,47.61,58,0,7.86,-0.133,1.037,-1.52,73,0,177.85,-6.38,10,0.00,3.89,3.92,3.90,3.92,3.90,3.89,3.92,3.91,31.29,12.1,29,29,0,-185,291,83,0,-123,0,0,0,-1,1,0,-1,-1,-1,-1,-1,-1,
2026-03-18,16:33:26.600,7.97,96,99,99,0.000,47.19,58,0,7.86,-0.193,1.281,-1.31,76,0,179.00,-8.70,10,0.00,3.89,3.92,3.90,3.92,3.90,3.89,3.92,3.91,31.29,12.2,29,29,0,14,291,0,0,-124,0,0,0,-1,1,0,-1,-1,-1,-1,-1,-1,
2026-03-18,16:33:26.860,7.98,96,99,99,-0.017,46.23,56,0,7.86,-0.124,0.912,-1.73,76,0,177.44,-8.20,10,0.00,3.89,3.92,3.90,3.92,3.90,3.89,3.92,3.91,31.31,12.2,29,29,0,14,291,0,0,-124,0,0,0,-1,1,0,-1,-1,-1,-1,-1,-1,
2026-03-18,16:33:27.130,7.97,95,99,99,-0.062,46.25,53,0,7.86,-0.120,1.005,-0.47,68,0,176.33,-7.10,10,0.00,3.89,3.92,3.90,3.92,3.90,3.89,3.92,3.91,31.32,12.1,29,29,0,14,291,0,0,-123,0,0,0,-1,1,0,-1,-1,-1,-1,-1,-1,
2026-03-18,16:33:27.400,7.97,95,99,99,-0.071,46.17,52,0,7.86,-0.071,0.959,-0.47,66,0,-166.26,-6.88,10,0.00,3.89,3.92,3.90,3.92,3.90,3.89,3.92,3.92,31.32,12.1,29,29,0,14,291,0,0,-124,0,0,0,-1,1,0,-1,-1,-1,-1,-1,-1,
2026-03-18,16:33:27.660,7.97,94,100,100,0.007,46.08,55,0,7.86,-0.063,0.841,-0.31,70,0,-177.41,-7.23,10,0.00,3.89,3.92,3.90,3.92,3.90,3.89,3.92,3.92,31.33,11.9,29,29,0,14,292,0,0,-124,0,0,0,-1,1,0,-1,-1,-1,-1,-1,-1,
2026-03-18,16:33:27.930,7.97,92,100,100,0.019,45.59,56,0,7.86,-0.118,0.960,-0.94,74,0,116.03,-7.25,10,0.00,3.89,3.92,3.90,3.92,3.90,3.89,3.92,3.92,31.33,11.9,29,29,0,14,291,0,0,-123,0,0,0,-1,1,0,-1,-1,-1,-1,-1,-1,
2026-03-18,16:33:28.200,7.97,92,100,100,0.031,45.07,56,0,7.86,-0.157,1.067,-1.55,76,0,174.95,-6.18,10,0.00,3.89,3.92,3.90,3.92,3.90,3.89,3.92,3.92,31.33,12.3,29,29,0,14,291,0,0,-124,0,0,0,-1,1,0,-1,-1,-1,-1,-1,-1,
2026-03-18,16:33:28.460,7.97,92,100,100,-0.012,44.62,55,0,7.86,-0.157,1.035,-1.59,77,0,171.52,-5.48,10,0.00,3.89,3.92,3.90,3.92,3.90,3.89,3.92,3.92,31.33,12.3,29,29,0,14,292,0,0,-123,0,0,0,-1,1,0,-1,-1,-1,-1,-1,-1,
2026-03-18,16:33:28.720,7.97,95,100,100,0.021,44.26,54,0,7.84,-0.134,1.184,-1.36,77,0,173.03,-5.19,10,0.00,3.89,3.92,3.90,3.92,3.90,3.89,3.92,3.92,31.33,12.4,29,29,0,-69,291,17,0,-123,0,0,0,-1,1,0,-1,-1,-1,-1,-1,-1,
2026-03-18,16:33:28.990,7.97,96,99,99,0.062,43.99,57,0,7.85,-0.049,0.968,-1.06,70,0,174.62,-5.33,10,0.00,3.89,3.92,3.90,3.92,3.90,3.89,3.92,3.92,31.33,12.4,29,29,0,-2,291,370,0,-123,0,0,0,-1,1,0,-1,-1,-1,-1,-1,-1,
2026-03-18,16:33:29.250,7.97,98,99,99,-0.022,43.72,59,0,7.84,-0.023,0.773,-1.11,65,0,172.86,-5.55,10,0.00,3.89,3.92,3.90,3.92,3.90,3.89,3.92,3.92,31.34,11.7,29,29,0,7,292,0,0,-124,0,0,0,-1,1,0,-1,-1,-1,-1,-1,-1,
2026-03-18,16:33:29.510,7.97,100,100,99,-0.043,43.81,61,0,7.85,-0.115,1.056,-0.32,66,0,178.51,-6.73,10,0.00,3.89,3.92,3.90,3.92,3.90,3.89,3.92,3.92,31.34,11.7,29,29,0,13,291,0,0,-123,0,0,0,-1,1,0,-1,-1,-1,-1,-1,-1,
2026-03-18,16:33:29.770,7.97,99,99,99,-0.065,43.06,63,0,7.85,-0.053,0.743,-1.23,73,0,-177.98,-5.72,10,0.00,3.89,3.92,3.90,3.92,3.90,3.89,3.92,3.92,31.34,11.7,29,29,0,14,291,0,0,-123,0,0,0,-1,1,0,-1,-1,-1,-1,-1,-1,
2026-03-18,16:33:30.030,7.97,99,99,99,-0.026,42.87,63,0,7.86,-0.091,0.783,-1.03,76,0,-177.88,-5.59,10,0.00,3.89,3.92,3.90,3.92,3.90,3.89,3.92,3.92,31.34,11.7,29,29,0,-226,291,0,0,-123,0,0,0,-1,1,0,-1,-1,-1,-1,-1,-1,
2026-03-18,16:33:30.310,7.97,98,99,99,-0.031,42.40,64,0,7.84,-0.136,1.099,-1.18,78,0,-176.11,-7.11,10,0.00,3.90,3.92,3.90,3.92,3.90,3.89,3.92,3.92,31.35,12.1,29,29,0,1,292,0,0,-124,0,0,0,-1,1,0,-1,-1,-1,-1,-1,-1,
2026-03-18,16:33:30.570,7.97,99,99,99,0.001,41.78,65,0,7.85,-0.146,1.154,-1.78,74,0,-176.99,-7.95,10,0.00,3.90,3.92,3.91,3.92,3.90,3.89,3.92,3.92,31.35,12.1,29,29,0,13,292,0,0,-124,0,0,0,-1,1,0,-1,-1,-1,-1,-1,-1,
2026-03-18,16:33:30.840,7.97,99,99,99,0.004,41.30,65,0,7.86,-0.097,0.827,-1.78,69,0,-177.52,-7.37,10,0.00,3.90,3.92,3.91,3.92,3.90,3.89,3.92,3.92,31.34,12.1,29,29,0,14,292,0,0,-124,0,0,0,-1,1,0,-1,-1,-1,-1,-1,-1,
2026-03-18,16:33:31.100,7.97,100,100,99,-0.063,41.14,65,0,7.86,-0.161,1.060,-1.04,72,0,-175.15,-7.05,10,0.00,3.90,3.92,3.91,3.92,3.90,3.89,3.91,3.92,31.34,12.1,29,29,0,-65,292,0,0,0,0,0,0,-1,1,0,-1,-1,-1,-1,-1,-1,
2026-03-18,16:33:31.370,7.97,100,100,99,0.013,40.65,65,0,7.86,-0.111,0.912,-1.35,75,0,-171.97,-6.49,10,0.00,3.89,3.92,3.91,3.92,3.90,3.89,3.91,3.92,31.34,12.1,29,29,0,-148,291,0,0,191,0,0,0,-1,1,0,-1,-1,-1,-1,-1,-1,
2026-03-18,16:33:31.640,7.97,98,99,99,0.054,40.17,63,0,7.86,-0.141,0.955,-1.54,77,0,-172.95,-7.59,10,0.00,3.89,3.92,3.90,3.92,3.90,3.89,3.91,3.92,31.33,12.4,29,29,0,-145,292,0,0,424,0,0,0,-1,1,0,-1,-1,-1,-1,-1,-1,
2026-03-18,16:33:31.910,7.97,98,99,99,-0.020,39.60,61,0,7.84,-0.251,1.280,-1.59,71,0,-175.82,-8.48,10,0.00,3.89,3.92,3.90,3.92,3.90,3.89,3.91,3.92,31.33,12.4,29,29,0,-135,292,0,0,509,0,0,0,-1,1,0,-1,-1,-1,-1,-1,-1,
2026-03-18,16:33:32.170,7.97,97,99,99,-0.026,38.22,60,0,7.85,-0.197,1.136,-3.55,63,0,-175.31,-7.40,10,0.00,3.89,3.92,3.90,3.92,3.90,3.89,3.91,3.91,31.32,12.4,29,29,0,-71,292,0,0,525,0,0,0,-1,1,0,-1,-1,-1,-1,-1,-1,
2026-03-18,16:33:32.430,7.97,98,99,99,0.036,38.24,59,0,7.86,-0.193,0.899,-0.28,64,0,-172.34,-7.20,10,0.00,3.89,3.92,3.90,3.92,3.90,3.89,3.91,3.91,31.32,12.4,29,29,0,-93,291,0,0,648,0,0,0,-1,1,0,-1,-1,-1,-1,-1,-1,
2026-03-18,16:33:32.690,7.97,98,99,99,0.034,38.26,59,0,7.86,-0.174,0.997,0.14,63,0,-176.51,-7.78,10,0.00,3.89,3.92,3.90,3.92,3.90,3.89,3.91,3.91,31.32,12.3,29,29,0,-103,291,0,0,800,0,0,0,-1,1,0,-1,-1,-1,-1,-1,-1,
2026-03-18,16:33:32.960,7.97,98,99,99,0.005,38.24,59,0,7.86,-0.131,0.912,-0.03,64,0,177.08,-8.63,10,0.00,3.89,3.92,3.90,3.91,3.90,3.89,3.91,3.91,31.32,12.3,29,29,0,-95,292,0,0,811,0,0,0,-1,1,0,-1,-1,-1,-1,-1,-1,
2026-03-18,16:33:33.230,7.97,99,100,100,0.005,38.10,58,0,7.86,-0.131,1.060,-0.18,65,0,179.19,-9.65,10,0.00,3.89,3.92,3.90,3.91,3.90,3.89,3.91,3.91,31.32,12.3,29,29,0,0,292,0,0,811,0,0,0,-1,1,0,-1,-1,-1,-1,-1,-1,
2026-03-18,16:33:33.490,7.97,100,100,100,-0.018,38.02,56,0,7.83,-0.114,0.968,-0.39,58,0,179.41,-9.80,10,0.00,3.89,3.92,3.90,3.91,3.90,3.89,3.91,3.91,31.32,12.3,29,29,0,-425,291,-95,0,812,0,0,0,-1,1,0,-1,-1,-1,-1,-1,-1,
2026-03-18,16:33:33.750,7.97,96,100,100,-0.070,37.95,52,0,7.83,-0.304,1.539,-0.19,60,0,-177.72,-11.10,10,0.00,3.89,3.91,3.90,3.91,3.90,3.89,3.91,3.91,31.31,12.2,29,29,0,2,292,0,0,812,0,0,0,-1,1,0,-1,-1,-1,-1,-1,-1,
2026-03-18,16:33:34.020,7.97,92,100,100,0.061,37.42,50,0,7.80,-0.081,1.091,-1.05,61,0,-176.96,-12.73,10,0.00,3.89,3.91,3.90,3.91,3.90,3.89,3.91,3.91,31.31,12.2,29,29,0,-221,291,-650,0,811,0,0,0,-1,1,0,-1,-1,-1,-1,-1,-1,
2026-03-18,16:33:34.290,7.97,88,100,100,0.054,37.88,48,0,7.80,-0.158,0.925,-0.02,62,0,-178.35,-11.93,10,0.00,3.89,3.91,3.90,3.91,3.89,3.89,3.91,3.91,31.31,12.2,29,29,0,0,291,-73,0,812,0,0,0,-1,1,0,-1,-1,-1,-1,-1,-1,
2026-03-18,16:33:34.550,7.97,92,100,100,-0.055,38.40,52,0,7.80,-0.221,1.252,1.29,61,0,174.52,-11.45,10,0.00,3.89,3.91,3.90,3.91,3.89,3.89,3.91,3.91,31.31,12.2,29,29,0,13,292,0,0,812,0,0,0,-1,1,0,-1,-1,-1,-1,-1,-1,
2026-03-18,16:33:34.810,7.97,96,100,100,-0.102,38.75,53,0,7.84,-0.137,0.825,1.49,60,0,175.65,-10.99,10,0.00,3.89,3.91,3.90,3.91,3.89,3.89,3.91,3.91,31.30,12.2,29,29,0,13,291,0,0,811,0,0,0,-1,1,0,-1,-1,-1,-1,-1,-1,
2026-03-18,16:33:35.080,7.97,99,100,100,-0.035,38.96,50,0,7.85,-0.163,0.973,0.77,57,0,-177.31,-9.63,10,0.00,3.89,3.91,3.90,3.91,3.89,3.89,3.91,3.91,31.30,12.2,29,29,0,-120,292,-795,0,811,0,0,0,-1,1,0,-1,-1,-1,-1,-1,-1,
2026-03-18,16:33:35.340,7.97,98,100,100,-0.028,39.54,49,0,7.85,-0.192,0.827,1.52,49,0,-178.84,-9.24,10,0.00,3.89,3.91,3.90,3.91,3.89,3.89,3.91,3.91,31.30,12.2,29,30,0,10,292,0,0,811,0,0,0,-1,1,0,-1,-1,-1,-1,-1,-1,
2026-03-18,16:33:35.600,7.97,98,98,98,-0.030,40.23,51,0,7.86,-0.174,0.917,1.02,49,0,178.92,-9.15,10,0.00,3.89,3.91,3.90,3.91,3.89,3.89,3.91,3.91,31.30,12.4,29,30,0,12,291,0,0,812,0,0,0,-1,1,0,-1,-1,-1,-1,-1,-1,
2026-03-18,16:33:35.870,7.97,98,98,97,-0.003,40.64,52,0,7.86,-0.191,0.956,1.01,50,0,-179.10,-8.13,10,0.00,3.89,3.91,3.90,3.91,3.89,3.89,3.90,3.91,31.29,12.4,29,30,0,1,292,-265,0,811,0,0,0,-1,1,0,-1,-1,-1,-1,-1,-1,
2026-03-18,16:33:36.130,7.97,96,97,97,0.028,40.64,51,0,7.86,-0.148,0.834,0.93,49,0,160.48,-8.76,10,0.00,3.88,3.91,3.90,3.91,3.89,3.89,3.90,3.91,31.28,12.4,29,30,0,11,292,0,0,811,0,0,0,-1,1,0,-1,-1,-1,-1,-1,-1,
2026-03-18,16:33:36.390,7.97,95,97,97,-0.022,41.15,51,0,7.86,-0.145,0.682,0.97,50,0,173.14,-7.98,10,0.00,3.88,3.91,3.89,3.91,3.89,3.89,3.90,3.91,31.28,12.4,29,30,0,13,291,0,0,811,0,0,0,-1,1,0,-1,-1,-1,-1,-1,-1,
2026-03-18,16:33:36.660,7.97,96,97,97,-0.058,41.59,52,0,7.86,-0.144,0.716,1.27,52,0,175.32,-7.85,10,0.00,3.88,3.91,3.89,3.91,3.89,3.88,3.90,3.91,31.27,12.2,29,30,0,0,291,0,0,811,0,0,0,-1,1,0,-1,-1,-1,-1,-1,-1,
2026-03-18,16:33:36.930,7.97,98,98,97,-0.063,41.74,54,0,7.86,-0.161,0.923,0.92,54,0,179.58,-8.14,10,0.00,3.88,3.91,3.89,3.91,3.89,3.88,3.90,3.91,31.27,12.2,29,30,0,-131,292,0,0,811,0,0,0,-1,1,0,-1,-1,-1,-1,-1,-1,
2026-03-18,16:33:37.190,7.97,99,99,97,-0.020,41.74,52,0,7.84,-0.259,1.241,0.35,55,0,-173.91,-8.60,10,0.00,3.88,3.91,3.89,3.91,3.89,3.88,3.90,3.91,31.26,12.4,29,30,0,-261,292,278,0,811,0,0,0,-1,1,0,-1,-1,-1,-1,-1,-1,
2026-03-18,16:33:37.460,7.97,97,97,97,-0.013,41.39,50,0,7.85,-0.284,1.269,-0.45,56,0,-170.39,-9.75,10,0.00,3.88,3.90,3.89,3.91,3.89,3.88,3.90,3.91,31.26,12.4,29,30,0,-295,292,287,0,811,0,0,0,-1,1,0,-1,-1,-1,-1,-1,-1,
2026-03-18,16:33:37.730,7.96,95,97,97,0.057,41.04,49,0,7.86,-0.201,1.142,-0.95,57,0,-167.64,-12.66,10,0.00,3.88,3.90,3.89,3.90,3.89,3.88,3.90,3.91,31.25,12.4,29,30,0,-299,292,353,0,811,0,0,0,-1,1,0,-1,-1,-1,-1,-1,-1,
2026-03-18,16:33:38.010,7.96,90,97,97,0.098,40.90,47,0,7.86,-0.224,1.358,-0.86,57,0,-165.93,-14.25,10,0.00,3.88,3.90,3.89,3.90,3.89,3.88,3.90,3.91,31.25,12.4,29,30,0,-308,291,408,0,811,0,0,0,-1,1,0,-1,-1,-1,-1,-1,-1,
2026-03-18,16:33:38.280,7.97,86,97,97,0.087,41.17,45,0,7.84,-0.257,1.438,0.12,56,0,-162.36,-16.96,10,0.00,3.88,3.90,3.89,3.90,3.89,3.88,3.90,3.90,31.25,12.3,29,30,0,-290,292,275,0,811,0,0,0,-1,1,0,-1,-1,-1,-1,-1,-1,
2026-03-18,16:33:38.540,7.96,88,97,97,0.002,41.21,45,0,7.85,-0.175,1.062,0.23,54,0,-164.47,-17.79,10,0.00,3.88,3.90,3.89,3.90,3.89,3.88,3.90,3.90,31.25,12.3,29,30,0,-197,291,283,0,812,0,0,0,-1,1,1,-1,-1,-1,-1,-1,-1,
2026-03-18,16:33:38.810,7.97,92,97,97,0.028,41.78,47,0,7.86,-0.231,1.324,1.05,50,0,-161.45,-17.83,10,0.00,3.88,3.90,3.89,3.90,3.89,3.88,3.90,3.90,31.25,12.4,29,30,0,0,291,462,0,812,0,0,0,-1,1,1,-1,-1,-1,-1,-1,-1,
2026-03-18,16:33:39.090,7.97,94,97,97,0.047,43.37,47,0,7.86,-0.079,0.520,3.30,48,0,-160.45,-16.85,10,0.00,3.88,3.90,3.89,3.90,3.89,3.88,3.90,3.90,31.25,12.4,29,30,0,14,291,463,0,811,0,0,0,-1,1,1,-1,-1,-1,-1,-1,-1,
2026-03-18,16:33:39.350,7.97,90,97,97,-0.001,45.09,46,0,7.86,-0.152,0.912,5.30,49,0,-142.91,-12.72,10,0.00,3.88,3.90,3.89,3.90,3.89,3.88,3.90,3.90,31.24,12.3,29,30,0,16,291,408,0,811,0,0,0,-1,1,1,-1,-1,-1,-1,-1,-1,
2026-03-18,16:33:39.620,7.97,89,100,100,0.095,46.00,46,0,7.84,-0.119,0.561,4.29,53,0,-135.96,-10.71,10,0.00,3.88,3.90,3.89,3.90,3.89,3.88,3.90,3.90,31.24,12.3,29,30,0,-125,291,0,0,811,0,0,0,-1,1,1,-1,-1,-1,-1,-1,-1,
2026-03-18,16:33:39.890,7.96,85,100,100,0.052,46.99,45,0,7.85,-0.258,1.100,3.53,53,0,-133.80,-9.58,10,0.00,3.88,3.90,3.89,3.90,3.89,3.88,3.90,3.90,31.23,12.3,29,30,0,-266,292,0,0,811,0,0,0,-1,1,1,-1,-1,-1,-1,-1,-1,
2026-03-18,16:33:40.150,7.97,82,100,100,0.003,47.26,44,0,7.84,-0.171,0.586,2.44,51,0,-139.96,-8.91,10,0.00,3.88,3.90,3.89,3.90,3.89,3.88,3.90,3.90,31.21,12.3,29,30,0,-381,292,0,0,811,0,0,0,-1,1,1,-1,-1,-1,-1,-1,-1,
2026-03-18,16:33:40.410,7.96,80,100,100,-0.093,47.60,43,0,7.85,-0.286,1.289,1.40,51,0,-138.20,-10.08,10,0.00,3.88,3.90,3.89,3.90,3.88,3.88,3.90,3.90,31.21,12.3,29,30,0,-391,292,-2,0,811,0,0,0,-1,1,1,-1,-1,-1,-1,-1,-1,
2026-03-18,16:33:40.680,7.96,83,100,100,0.032,47.66,46,0,7.86,-0.224,1.047,0.88,48,0,-131.48,-11.05,10,0.00,3.88,3.90,3.89,3.90,3.88,3.88,3.90,3.90,31.20,12.3,28,30,0,-332,291,-370,0,811,0,0,0,-1,1,1,-1,-1,-1,-1,-1,-1,
2026-03-18,16:33:40.940,7.97,84,100,100,0.039,47.00,46,0,7.86,-0.180,0.980,-0.85,43,0,-130.47,-13.16,10,0.00,3.87,3.90,3.89,3.90,3.88,3.88,3.90,3.90,31.20,12.3,28,30,-51,-381,291,-400,0,811,0,0,0,-1,1,1,-1,-1,-1,-1,-1,-1,
2026-03-18,16:33:41.200,7.97,84,100,100,0.032,45.86,45,0,7.80,-0.274,1.507,-2.42,43,0,-151.23,-17.29,10,0.00,3.87,3.90,3.88,3.89,3.88,3.88,3.90,3.90,31.20,12.3,28,30,0,-323,292,-68,0,811,0,0,0,-1,1,1,-1,-1,-1,-1,-1,-1,
2026-03-18,16:33:41.470,7.97,85,100,100,0.000,45.01,45,0,7.83,-0.293,1.507,-2.42,48,0,-160.54,-18.29,10,0.00,3.87,3.90,3.88,3.89,3.88,3.88,3.90,3.90,31.20,12.3,28,30,0,-371,292,0,0,811,0,0,0,-1,1,1,-1,-1,-1,-1,-1,-1,
2026-03-18,16:33:41.750,7.97,81,100,100,-0.005,44.46,42,0,7.85,-0.325,1.439,-2.36,49,0,-156.54,-18.42,10,0.00,3.87,3.90,3.88,3.89,3.88,3.88,3.89,3.90,31.19,12.3,28,30,0,-337,291,0,0,812,0,0,1,-1,1,1,-1,-1,-1,-1,-1,-1,
2026-03-18,16:33:42.020,7.96,77,100,100,0.006,43.91,41,0,7.81,-0.292,1.399,-2.14,50,0,-153.74,-20.90,10,0.00,3.87,3.90,3.88,3.89,3.88,3.88,3.89,3.90,31.19,12.3,28,30,0,-407,292,0,0,811,0,0,1,-1,1,1,-1,-1,-1,-1,-1,-1,
2026-03-18,16:33:42.280,7.97,72,100,100,0.017,43.91,40,0,7.79,-0.292,1.611,-1.65,51,0,-154.50,-23.44,10,0.00,3.87,3.90,3.88,3.89,3.88,3.88,3.89,3.90,31.18,12.4,28,30,0,-248,292,0,0,811,0,0,1,-1,1,1,-1,-1,-1,-1,-1,-1,
2026-03-18,16:33:42.540,7.97,73,100,100,0.017,42.82,41,0,7.79,-0.297,1.275,-2.02,53,0,-155.44,-27.82,10,0.00,3.87,3.90,3.88,3.89,3.88,3.88,3.89,3.90,31.18,12.4,28,30,0,-340,292,0,0,811,0,0,1,-1,1,1,-1,-1,-1,-1,-1,-1,
2026-03-18,16:33:42.810,7.96,76,100,100,0.019,42.66,41,0,7.82,-0.287,1.184,-1.48,54,0,-153.76,-27.08,10,0.00,3.87,3.90,3.88,3.89,3.88,3.88,3.89,3.90,31.17,12.4,28,30,0,-238,292,4,0,811,0,0,1,-1,1,1,-1,-1,-1,-1,-1,-1,
2026-03-18,16:33:43.070,7.97,81,100,100,0.016,42.86,44,0,7.82,-0.282,1.273,-0.09,55,0,-149.45,-27.84,10,0.00,3.87,3.90,3.88,3.89,3.88,3.88,3.89,3.89,31.17,12.4,28,30,0,-211,291,150,0,811,0,0,1,-1,1,1,-1,-1,-1,-1,-1,-1,
2026-03-18,16:33:43.330,7.97,88,100,100,0.017,42.85,46,0,7.82,-0.237,1.077,0.00,55,0,-145.11,-27.31,10,0.00,3.87,3.89,3.88,3.89,3.88,3.88,3.89,3.89,31.16,12.3,29,30,0,-302,323,37,0,811,0,0,1,-1,1,1,-1,-1,-1,-1,-1,-1,
2026-03-18,16:33:43.590,7.97,92,100,100,0.040,43.57,47,0,7.84,-0.273,1.109,0.41,52,0,-141.86,-27.81,10,0.00,3.87,3.89,3.88,3.89,3.88,3.88,3.89,3.89,31.16,12.3,29,30,0,-299,404,0,0,812,0,0,1,-1,1,1,-1,-1,-1,-1,-1,-1,
2026-03-18,16:33:43.870,7.97,91,100,100,0.004,43.41,47,0,7.81,-0.377,1.179,0.41,53,0,-139.13,-29.80,10,0.00,3.87,3.89,3.88,3.89,3.87,3.87,3.89,3.89,31.11,12.8,29,30,0,-329,402,73,0,811,0,0,1,-1,1,1,-1,-1,-1,-1,-1,-1,
2026-03-18,16:33:44.150,7.97,91,100,100,0.024,43.41,50,0,7.84,-0.419,1.383,-0.02,53,0,-135.97,-30.56,10,0.00,3.87,3.89,3.88,3.89,3.87,3.87,3.88,3.88,31.11,15.0,29,30,0,-302,401,148,0,811,0,0,1,-1,1,1,-1,-1,-1,-1,-1,-1,
2026-03-18,16:33:44.420,7.96,95,100,100,0.054,43.64,52,0,7.83,-0.394,1.165,0.38,47,0,-128.43,-31.04,10,0.00,3.87,3.89,3.88,3.89,3.87,3.87,3.88,3.88,31.11,15.0,29,30,0,-335,401,90,0,811,0,0,1,-1,1,1,-1,-1,-1,-1,-1,-1,
2026-03-18,16:33:44.680,7.97,98,98,98,0.073,43.46,53,0,7.85,-0.444,1.303,-0.07,44,0,-127.71,-31.84,10,0.00,3.84,3.87,3.88,3.89,3.87,3.87,3.88,3.88,31.05,15.0,29,30,0,-339,401,16,0,811,0,0,1,-1,1,1,-1,-1,-1,-1,-1,-1,
2026-03-18,16:33:44.940,7.97,99,99,98,0.087,43.41,53,0,7.85,-0.444,1.250,-0.27,54,0,-129.56,-32.48,10,0.00,3.84,3.87,3.85,3.86,3.87,3.87,3.88,3.88,31.05,15.0,29,30,0,-349,400,0,0,811,0,0,1,-1,1,1,-1,-1,-1,-1,-1,-1,
2026-03-18,16:33:45.200,7.97,95,98,98,0.075,43.67,48,0,7.86,-0.367,1.058,0.39,60,0,-138.74,-32.48,10,0.00,3.84,3.87,3.85,3.86,3.85,3.84,3.88,3.88,30.99,14.8,29,30,0,-241,399,82,0,811,0,0,1,-1,1,1,-1,-1,-1,-1,-1,-1,
2026-03-18,16:33:45.470,7.97,90,98,98,0.045,43.79,46,0,7.86,-0.481,1.232,0.49,62,0,-139.92,-32.70,10,0.00,3.84,3.87,3.85,3.86,3.85,3.84,3.88,3.88,30.99,14.8,29,30,0,-201,344,192,0,811,0,0,1,-1,1,1,-1,-1,-1,-1,-1,-1,
2026-03-18,16:33:45.740,7.97,87,98,98,0.035,44.08,45,0,7.86,-0.369,0.995,0.71,63,0,-132.43,-29.86,10,0.00,3.83,3.86,3.85,3.86,3.85,3.84,3.88,3.88,30.99,14.4,29,30,0,-317,296,47,0,811,0,0,1,-1,1,1,-1,-1,-1,-1,-1,-1,
2026-03-18,16:33:46.000,7.97,86,98,98,0.081,44.43,45,0,7.83,-0.427,1.238,0.71,63,0,-128.76,-28.02,10,0.00,3.83,3.86,3.85,3.86,3.85,3.84,3.88,3.88,30.99,14.4,29,30,0,-339,294,0,0,811,0,0,1,-1,1,1,-1,-1,-1,-1,-1,-1,
2026-03-18,16:33:46.270,7.97,85,98,98,0.088,44.82,44,0,7.83,-0.407,1.211,0.98,64,0,-132.18,-28.17,10,0.00,3.83,3.86,3.85,3.86,3.85,3.85,3.88,3.88,30.98,12.0,29,30,0,-232,294,177,0,811,0,0,1,-1,1,1,-1,-1,-1,-1,-1,-1,
2026-03-18,16:33:46.550,7.97,85,98,98,0.046,44.97,43,0,7.84,-0.327,0.981,0.83,64,0,-138.76,-26.22,10,0.00,3.83,3.86,3.85,3.86,3.85,3.85,3.86,3.86,30.98,12.0,29,30,0,-245,294,161,0,811,0,0,1,-1,1,1,-1,-1,-1,-1,-1,-1,
2026-03-18,16:33:46.830,7.97,90,98,98,0.072,45.08,43,0,7.85,-0.353,1.088,0.54,64,0,-142.69,-24.40,10,0.00,3.83,3.86,3.85,3.86,3.85,3.85,3.86,3.86,30.99,11.8,29,30,0,-259,294,162,0,811,0,0,1,-1,1,1,-1,-1,-1,-1,-1,-1,
2026-03-18,16:33:47.100,7.97,94,98,98,0.075,44.99,43,0,7.86,-0.351,1.029,-0.01,64,0,-144.80,-24.35,10,0.00,3.84,3.87,3.85,3.86,3.85,3.85,3.86,3.86,30.99,11.9,29,30,0,-316,294,139,0,811,0,0,1,-1,1,1,-1,-1,-1,-1,-1,-1,
2026-03-18,16:33:47.360,7.97,96,98,98,0.070,45.11,47,0,7.86,-0.355,1.015,-0.01,62,0,-149.61,-23.93,10,0.00,3.84,3.87,3.86,3.87,3.85,3.85,3.86,3.86,30.98,11.9,29,30,0,-271,294,162,0,811,0,0,1,-1,1,1,-1,-1,-1,-1,-1,-1,
2026-03-18,16:33:47.630,7.97,96,98,98,0.073,45.39,50,0,7.86,-0.349,0.922,0.63,62,0,-152.03,-24.15,10,0.00,3.84,3.87,3.86,3.87,3.86,3.86,3.86,3.86,30.97,11.7,29,30,0,-262,294,214,0,811,0,0,1,-1,1,1,-1,-1,-1,-1,-1,-1,
2026-03-18,16:33:47.890,7.97,93,98,98,0.042,45.67,51,0,7.86,-0.372,0.994,0.89,62,0,-156.13,-23.75,10,0.00,3.84,3.87,3.86,3.87,3.86,3.86,3.87,3.86,30.97,11.7,29,30,0,-215,295,-54,0,811,0,0,1,-1,1,1,-1,-1,-1,-1,-1,-1,
2026-03-18,16:33:48.150,7.97,91,97,97,0.009,45.82,50,0,7.81,-0.285,0.799,0.71,63,0,-155.82,-23.69,10,0.00,3.84,3.87,3.86,3.87,3.86,3.86,3.87,3.86,30.97,11.7,29,30,0,8,298,-934,0,811,0,0,1,-1,1,1,-1,-1,-1,-1,-1,-1,
2026-03-18,16:33:48.420,7.97,88,97,97,-0.045,46.17,49,0,7.75,-0.212,0.654,0.58,65,0,-167.96,-21.24,10,0.00,3.84,3.87,3.85,3.87,3.86,3.86,3.87,3.86,30.97,11.7,29,30,0,-3,299,197,0,811,0,0,1,-1,1,1,-1,-1,-1,-1,-1,-1,
2026-03-18,16:33:48.680,7.96,92,99,99,-0.065,46.48,51,0,7.77,-0.261,0.736,0.79,67,0,168.25,-20.01,10,0.00,3.84,3.87,3.85,3.87,3.85,3.85,3.87,3.86,30.95,12.0,29,30,0,9,299,1017,0,811,0,0,1,-1,1,1,-1,-1,-1,-1,-1,-1,
2026-03-18,16:33:48.940,7.96,96,99,99,-0.065,46.48,53,0,7.76,-0.271,0.736,0.58,68,0,-131.26,-17.76,10,0.00,3.84,3.87,3.85,3.87,3.85,3.85,3.86,3.86,30.95,12.0,29,30,0,4,300,-800,0,811,0,0,1,-1,1,1,-1,-1,-1,-1,-1,-1,
2026-03-18,16:33:49.200,7.97,100,100,99,0.108,45.99,53,0,7.78,-0.193,0.567,-0.74,68,0,-139.93,-13.05,10,0.00,3.84,3.87,3.85,3.87,3.85,3.85,3.86,3.86,30.95,11.8,29,30,0,-4,306,-1010,0,811,0,0,1,-1,1,1,-1,-1,-1,-1,-1,-1,
2026-03-18,16:33:49.460,7.96,98,99,99,0.107,45.50,53,0,7.79,-0.204,0.759,-1.44,71,0,-157.97,-13.60,10,0.00,3.84,3.87,3.85,3.87,3.85,3.85,3.86,3.86,30.95,11.8,29,30,0,7,309,-340,0,811,0,0,1,-1,1,1,-1,-1,-1,-1,-1,-1,
2026-03-18,16:33:49.730,7.97,97,99,99,-0.023,44.78,53,0,7.80,-0.133,0.741,-2.03,71,0,130.02,-10.08,10,0.00,3.84,3.87,3.85,3.87,3.85,3.85,3.86,3.86,30.95,12.3,29,30,0,-70,309,914,0,811,0,0,1,-1,1,1,-1,-1,-1,-1,-1,-1,
2026-03-18,16:33:50.000,7.96,96,99,99,-0.138,44.21,53,0,7.83,-0.197,0.761,-2.00,71,0,141.99,-8.38,10,0.00,3.84,3.87,3.85,3.87,3.85,3.85,3.86,3.86,30.95,12.3,29,30,0,-84,309,746,0,811,0,0,1,-1,1,1,-1,-1,-1,-1,-1,-1,
2026-03-18,16:33:50.270,7.97,97,99,99,-0.058,43.26,54,0,7.77,-0.239,0.876,-2.56,74,0,171.62,-5.73,10,0.00,3.84,3.87,3.85,3.87,3.85,3.85,3.86,3.86,30.94,12.3,29,30,0,-23,309,-826,0,811,0,0,1,-1,1,1,-1,-1,-1,-1,-1,-1,
2026-03-18,16:33:50.530,7.96,97,99,99,0.095,41.55,54,0,7.76,-0.248,0.982,-4.32,75,0,70.40,-3.23,10,0.00,3.83,3.87,3.85,3.87,3.85,3.85,3.86,3.86,30.94,12.3,29,30,0,-80,308,688,0,811,0,0,1,-1,1,1,-1,-1,-1,-1,-1,-1,
2026-03-18,16:33:50.790,7.97,98,99,99,0.087,39.47,54,0,7.78,-0.198,0.932,-6.21,75,0,158.28,-2.29,10,0.00,3.83,3.87,3.85,3.86,3.85,3.85,3.86,3.86,30.95,12.8,29,29,0,-335,309,620,0,811,0,0,1,-1,1,1,-1,-1,-1,-1,-1,-1,
2026-03-18,16:33:51.070,7.97,99,99,99,-0.014,37.60,55,0,7.81,-0.280,1.214,-6.55,75,0,167.50,-3.10,10,0.00,3.83,3.87,3.85,3.86,3.85,3.85,3.86,3.86,30.95,12.8,29,29,0,-144,308,81,0,811,0,0,1,-1,1,1,-1,-1,-1,-1,-1,-1,
2026-03-18,16:33:51.340,7.96,99,100,99,0.042,36.00,56,0,7.82,-0.271,1.377,-5.95,75,0,172.40,-10.32,10,0.00,3.83,3.87,3.85,3.86,3.85,3.85,3.86,3.86,30.95,12.7,29,29,0,-173,308,0,0,811,0,0,1,-1,1,1,-1,-1,-1,-1,-1,-1,
2026-03-18,16:33:51.610,7.97,100,100,99,-0.035,32.21,56,0,7.79,-0.249,1.356,-6.60,74,0,168.75,-8.87,10,0.00,3.83,3.87,3.85,3.86,3.85,3.85,3.86,3.86,30.95,12.7,29,29,0,-376,308,160,0,811,0,0,1,-1,1,1,-1,-1,-1,-1,-1,-1,
2026-03-18,16:33:51.890,7.96,100,100,99,-0.022,31.17,55,0,7.82,-0.370,1.769,-4.57,73,0,174.46,-14.80,10,0.00,3.83,3.87,3.85,3.86,3.85,3.85,3.86,3.86,30.96,12.7,29,29,0,-392,307,0,0,811,0,0,1,-1,1,1,-1,-1,-1,-1,-1,-1,
2026-03-18,16:33:52.160,7.97,98,100,100,-0.069,30.19,54,0,7.81,-0.321,1.777,-4.31,71,0,175.25,-17.93,10,0.00,3.83,3.87,3.85,3.87,3.85,3.85,3.86,3.86,30.96,12.7,29,29,0,11,306,0,0,811,0,0,1,-1,1,1,-1,-1,-1,-1,-1,-1,
2026-03-18,16:33:52.420,7.96,98,100,100,-0.012,29.66,55,0,7.79,-0.320,1.498,-2.41,71,0,177.97,-23.51,10,0.00,3.83,3.87,3.85,3.87,3.86,3.86,3.86,3.86,30.97,12.7,29,29,0,13,306,0,0,811,0,0,1,-1,1,1,-1,-1,-1,-1,-1,-1,
2026-03-18,16:33:52.680,7.97,98,100,100,-0.001,29.53,55,0,7.83,-0.141,0.781,-1.78,71,0,178.52,-19.42,10,0.00,3.83,3.87,3.85,3.87,3.86,3.86,3.87,3.87,30.98,12.8,29,29,0,13,306,0,0,811,0,0,1,-1,1,1,-1,-1,-1,-1,-1,-1,
2026-03-18,16:33:52.940,7.96,100,100,100,0.012,30.08,56,0,7.82,-0.185,1.011,0.58,70,0,178.45,-19.47,10,0.00,3.84,3.88,3.85,3.87,3.86,3.86,3.87,3.87,30.98,12.8,29,29,0,-122,306,450,0,811,0,0,1,-1,1,1,-1,-1,-1,-1,-1,-1,
2026-03-18,16:33:53.200,7.97,95,100,100,0.004,30.31,53,0,7.84,-0.238,1.194,0.92,71,0,-172.91,-19.97,10,0.00,3.84,3.88,3.86,3.87,3.86,3.86,3.87,3.87,30.99,12.8,29,29,0,8,306,0,0,811,0,0,1,-1,1,1,-1,-1,-1,-1,-1,-1,
2026-03-18,16:33:53.460,7.97,92,100,100,0.039,29.94,52,0,7.85,-0.132,0.942,0.92,71,0,-172.97,-19.89,10,0.00,3.84,3.88,3.86,3.87,3.86,3.86,3.87,3.87,30.99,12.8,29,29,0,13,306,0,0,811,0,0,1,-1,1,1,-1,-1,-1,-1,-1,-1,
2026-03-18,16:33:53.720,7.97,89,100,100,0.053,30.12,51,0,7.86,-0.150,0.836,-0.13,69,0,-176.33,-18.49,10,0.00,3.84,3.88,3.86,3.87,3.86,3.86,3.87,3.87,30.99,12.8,29,29,0,13,306,0,0,811,0,0,1,-1,1,1,-1,-1,-1,-1,-1,-1,
2026-03-18,16:33:53.990,7.97,91,100,100,-0.015,30.23,48,0,7.81,-0.199,1.024,0.46,65,0,-177.55,-16.87,10,0.00,3.84,3.88,3.86,3.87,3.86,3.86,3.87,3.87,30.99,12.8,29,29,0,-259,306,0,0,811,0,0,1,-1,1,1,-1,-1,-1,-1,-1,-1,
2026-03-18,16:33:54.250,7.96,89,100,100,-0.038,29.98,47,0,7.81,-0.267,1.024,-0.28,60,0,-176.87,-17.30,10,0.00,3.84,3.88,3.86,3.87,3.86,3.86,3.87,3.87,30.99,12.8,29,29,0,12,306,0,0,811,0,0,1,-1,1,1,-1,-1,-1,-1,-1,-1,
2026-03-18,16:33:54.510,7.96,90,100,100,-0.027,28.91,46,0,7.84,-0.217,1.481,-1.89,58,0,-174.01,-18.73,10,0.00,3.84,3.88,3.86,3.87,3.86,3.86,3.87,3.87,30.99,12.8,29,29,0,14,306,0,0,811,0,0,1,-1,1,1,-1,-1,-1,-1,-1,-1,
2026-03-18,16:33:54.770,7.96,90,100,100,-0.008,29.16,47,0,7.85,-0.167,0.767,-0.50,57,0,-173.24,-16.51,10,0.00,3.84,3.88,3.86,3.87,3.86,3.86,3.87,3.87,30.98,12.8,29,29,0,13,306,0,0,811,0,0,1,-1,1,1,-1,-1,-1,-1,-1,-1,
2026-03-18,16:33:55.040,7.97,94,99,99,-0.016,29.49,49,0,7.86,-0.187,0.767,0.81,58,0,-171.94,-15.99,10,0.00,3.84,3.88,3.86,3.87,3.86,3.86,3.87,3.87,30.98,12.8,29,29,0,-148,307,-281,0,811,0,0,1,-1,1,1,-1,-1,-1,-1,-1,-1,
2026-03-18,16:33:55.300,7.97,94,99,99,0.006,29.26,50,0,7.86,-0.218,0.996,0.00,62,0,-171.77,-16.20,10,0.00,3.84,3.87,3.86,3.87,3.86,3.86,3.87,3.87,30.97,12.8,29,29,-35,-179,305,-387,0,811,0,0,1,-1,1,1,-1,-1,-1,-1,-1,-1,
2026-03-18,16:33:55.570,7.97,94,99,99,-0.010,29.35,50,0,7.83,-0.237,1.024,-0.15,63,0,106.58,-17.98,10,0.00,3.84,3.87,3.86,3.87,3.86,3.86,3.87,3.87,30.97,12.8,29,29,-86,-242,306,-348,0,811,0,0,1,-1,1,1,-1,-1,-1,-1,-1,-1,
2026-03-18,16:33:55.840,7.97,94,99,99,-0.038,29.42,53,0,7.79,-0.295,1.250,0.36,63,0,165.41,-21.38,10,0.00,3.84,3.87,3.86,3.87,3.86,3.86,3.87,3.87,30.97,12.7,29,29,-95,-342,333,-215,0,810,0,0,1,-1,1,1,-1,-1,-1,-1,-1,-1,
2026-03-18,16:33:56.100,7.97,94,99,99,-0.038,29.46,56,0,7.78,-0.325,1.268,0.03,61,0,165.41,-21.38,10,0.00,3.84,3.87,3.86,3.87,3.86,3.86,3.87,3.87,30.97,13.1,29,29,-79,-404,387,-123,0,810,0,0,1,-1,1,1,-1,-1,-1,-1,-1,-1,
2026-03-18,16:33:56.370,7.96,96,99,99,-0.041,29.72,55,0,7.81,-0.452,1.439,0.50,60,0,163.12,-31.29,10,0.00,3.84,3.87,3.86,3.87,3.86,3.86,3.86,3.86,30.93,13.1,29,29,-77,-268,410,-286,0,811,0,0,1,-1,1,1,-1,-1,-1,-1,-1,-1,
2026-03-18,16:33:56.630,7.96,97,98,98,-0.014,30.22,56,0,7.84,-0.515,1.566,1.15,57,0,163.99,-34.97,10,0.00,3.83,3.86,3.86,3.87,3.86,3.86,3.86,3.86,30.93,15.2,29,29,-94,-245,413,-289,0,811,0,0,1,-1,1,1,-1,-1,-1,-1,-1,-1,
2026-03-18,16:33:56.890,7.96,97,98,98,-0.028,31.12,53,0,7.85,-0.422,1.204,2.24,54,0,158.77,-35.52,10,0.00,3.83,3.86,3.84,3.85,3.86,3.86,3.86,3.86,30.87,15.2,29,29,-94,-288,417,-269,0,811,0,0,1,-1,1,1,-1,-1,-1,-1,-1,-1,
2026-03-18,16:33:57.150,7.97,97,98,98,-0.002,32.15,52,0,7.86,-0.438,1.239,3.07,54,0,148.51,-37.41,10,0.00,3.83,3.86,3.84,3.85,3.84,3.82,3.86,3.86,30.82,15.8,29,29,-96,-181,423,-369,0,811,0,0,1,-1,1,1,-1,-1,-1,-1,-1,-1,
2026-03-18,16:33:57.420,7.97,94,98,98,0.009,34.07,52,0,7.86,-0.447,1.171,3.30,50,0,142.30,-37.99,10,0.00,3.83,3.86,3.84,3.85,3.84,3.82,3.85,3.83,30.82,15.8,29,29,-87,-338,464,-155,0,811,0,0,1,-1,1,1,-1,-1,-1,-1,-1,-1,
2026-03-18,16:33:57.690,7.96,94,98,98,-0.040,35.73,52,0,7.83,-0.476,1.082,4.73,48,0,133.59,-37.96,10,0.00,3.81,3.84,3.84,3.85,3.84,3.82,3.85,3.83,30.75,16.6,29,29,-56,-330,463,-71,0,810,0,0,1,-1,1,1,-1,-1,-1,-1,-1,-1,
2026-03-18,16:33:57.950,7.97,92,98,98,-0.021,35.73,50,0,7.85,-0.579,1.403,5.46,54,0,134.88,-39.94,10,0.00,3.81,3.84,3.82,3.83,3.84,3.82,3.85,3.83,30.75,16.6,29,29,-43,-213,463,-239,0,811,0,0,1,-1,1,1,-1,-1,-1,-1,-1,-1,
2026-03-18,16:33:58.210,7.96,89,98,98,-0.016,38.88,49,0,7.85,-0.537,1.138,5.32,58,0,136.38,-40.19,10,0.00,3.81,3.84,3.82,3.83,3.84,3.82,3.85,3.83,30.68,16.6,29,29,-6,10,464,-215,0,811,0,0,1,-1,1,1,-1,-1,-1,-1,-1,-1,
2026-03-18,16:33:58.470,7.97,89,98,98,-0.016,40.56,50,0,7.86,-0.458,0.740,5.58,59,0,135.44,-34.45,10,0.00,3.81,3.84,3.82,3.83,3.82,3.80,3.85,3.83,30.68,16.6,29,29,-18,-56,465,-224,0,811,0,0,1,-1,1,1,-1,-1,-1,-1,-1,-1,
2026-03-18,16:33:58.730,7.97,92,98,98,-0.025,42.10,53,0,7.86,-0.447,0.670,5.58,58,0,133.37,-32.08,10,0.00,3.81,3.84,3.82,3.83,3.82,3.80,3.83,3.81,30.62,17.8,29,29,-17,-187,465,-196,0,811,0,0,1,-1,1,1,-1,-1,-1,-1,-1,-1,
2026-03-18,16:33:59.000,7.97,96,99,99,-0.017,43.48,53,0,7.86,-0.490,0.928,5.09,57,0,127.55,-29.34,10,0.00,3.78,3.82,3.82,3.83,3.82,3.80,3.83,3.81,30.62,17.8,29,29,0,-194,462,-201,0,810,0,0,1,-1,1,1,-1,-1,-1,-1,-1,-1,
2026-03-18,16:33:59.260,7.97,97,99,99,-0.023,44.76,50,0,7.86,-0.506,0.971,4.74,57,0,128.97,-29.57,10,0.00,3.78,3.82,3.80,3.82,3.82,3.80,3.83,3.81,30.57,18.1,29,29,0,-283,464,0,0,811,0,0,1,-1,1,1,-1,-1,-1,-1,-1,-1,
2026-03-18,16:33:59.530,7.97,93,99,99,-0.052,45.86,49,0,7.86,-0.510,0.996,4.14,55,0,130.96,-29.12,10,0.00,3.78,3.82,3.80,3.82,3.80,3.78,3.83,3.81,30.57,18.1,29,29,0,-252,469,0,0,811,0,0,1,-1,1,1,-1,-1,-1,-1,-1,-1,
2026-03-18,16:33:59.790,7.97,89,99,99,-0.006,47.08,48,0,7.83,-0.566,1.304,4.14,50,0,137.84,-28.83,10,0.00,3.78,3.82,3.80,3.82,3.80,3.78,3.82,3.80,30.57,17.7,29,29,0,-253,468,-58,0,811,0,0,1,-1,1,1,-1,-1,-1,-1,-1,-1,
2026-03-18,16:34:00.050,7.97,88,98,98,0.006,47.88,46,0,7.84,-0.556,1.273,3.54,45,0,138.57,-28.23,10,0.00,3.77,3.81,3.80,3.82,3.80,3.78,3.82,3.80,30.57,17.7,29,29,0,-184,469,-236,0,811,0,0,1,-1,1,1,-1,-1,-1,-1,-1,-1,
2026-03-18,16:34:00.310,7.97,90,97,97,-0.003,48.96,45,0,7.85,-0.496,1.085,2.36,44,0,129.21,-24.01,10,0.00,3.77,3.81,3.80,3.82,3.80,3.78,3.82,3.80,30.57,17.9,29,29,0,-335,469,0,0,811,0,0,1,-1,1,1,-1,-1,-1,-1,-1,-1,
2026-03-18,16:34:00.580,7.96,91,98,98,-0.026,49.65,43,0,7.86,-0.475,1.013,2.32,46,0,123.43,-22.79,10,0.00,3.77,3.81,3.79,3.81,3.80,3.78,3.82,3.80,30.57,17.9,29,29,0,-402,468,132,0,811,0,0,1,-1,1,1,-1,-1,-1,-1,-1,-1,
2026-03-18,16:34:00.850,7.96,90,97,97,-0.023,50.31,41,0,7.86,-0.522,1.202,2.32,48,0,121.05,-22.59,10,0.00,3.77,3.81,3.79,3.81,3.80,3.78,3.82,3.80,30.53,18.0,29,29,0,-376,468,55,0,810,0,0,1,-1,1,1,-1,-1,-1,-1,-1,-1,
2026-03-18,16:34:01.120,7.97,84,97,97,-0.012,50.67,40,0,7.86,-0.571,1.349,1.83,52,0,123.43,-22.92,10,0.00,3.77,3.81,3.79,3.81,3.80,3.78,3.81,3.79,30.53,18.0,29,29,0,-301,466,25,0,811,0,0,1,-1,1,1,-1,-1,-1,-1,-1,-1,
2026-03-18,16:34:01.380,7.96,82,97,97,-0.012,50.84,39,0,7.84,-0.571,1.240,1.07,53,0,123.43,-22.92,10,0.00,3.77,3.81,3.79,3.81,3.80,3.78,3.81,3.79,30.49,18.0,29,29,0,-290,465,0,0,810,0,0,1,-1,1,1,-1,-1,-1,-1,-1,-1,
2026-03-18,16:34:01.660,7.96,82,97,97,-0.007,50.96,38,0,7.83,-0.571,1.206,0.64,54,0,125.67,-19.84,10,0.00,3.77,3.81,3.79,3.81,3.80,3.78,3.81,3.79,30.47,17.9,29,29,0,-387,465,123,0,810,0,0,1,-1,1,1,-1,-1,-1,-1,-1,-1,
2026-03-18,16:34:01.940,7.97,84,97,97,0.009,50.86,39,0,7.85,-0.531,1.283,0.14,53,0,124.48,-19.36,10,0.00,3.77,3.81,3.79,3.81,3.80,3.77,3.81,3.79,30.47,17.9,29,29,0,-440,467,75,0,811,0,0,1,-1,1,1,-1,-1,-1,-1,-1,-1,
2026-03-18,16:34:02.200,7.97,83,97,97,-0.018,50.69,39,0,7.81,-0.543,1.378,-0.42,50,0,121.77,-19.65,10,0.00,3.77,3.81,3.79,3.81,3.80,3.77,3.81,3.79,30.45,18.0,29,29,0,-422,408,104,0,811,0,0,1,-1,1,1,-1,-1,-1,-1,-1,-1,
2026-03-18,16:34:02.470,7.96,85,95,95,-0.024,50.60,40,0,7.82,-0.512,1.517,-0.36,50,0,124.03,-20.77,10,0.00,3.77,3.81,3.79,3.81,3.80,3.77,3.81,3.79,30.45,18.0,29,29,0,-380,374,123,0,811,0,0,1,-1,1,1,-1,-1,-1,-1,-1,-1,
2026-03-18,16:34:02.740,7.96,85,95,95,-0.028,50.44,41,0,7.84,-0.436,1.353,-0.35,53,0,127.78,-20.70,10,0.00,3.77,3.81,3.79,3.81,3.80,3.77,3.81,3.79,30.47,15.4,29,29,0,-229,374,31,0,811,0,0,1,-1,1,1,-1,-1,-1,-1,-1,-1,
2026-03-18,16:34:03.000,7.96,82,95,95,-0.007,50.19,42,0,7.85,-0.469,1.241,-0.35,55,0,130.64,-18.78,10,0.00,3.77,3.81,3.79,3.81,3.80,3.77,3.81,3.79,30.47,15.4,29,29,0,-242,374,220,0,811,0,0,1,-1,1,1,-1,-1,-1,-1,-1,-1,
2026-03-18,16:34:03.260,7.97,74,95,95,0.014,50.19,41,0,7.86,-0.431,1.202,-0.61,57,0,132.38,-16.89,10,0.00,3.77,3.81,3.79,3.81,3.80,3.77,3.81,3.79,30.49,14.4,29,29,0,-230,374,214,0,811,0,0,1,-1,1,1,-1,-1,-1,-1,-1,-1,
2026-03-18,16:34:03.520,7.97,67,95,95,-0.021,49.65,41,0,7.86,-0.411,1.213,-0.95,60,0,137.74,-14.67,10,0.00,3.77,3.81,3.79,3.81,3.80,3.77,3.81,3.79,30.49,14.4,29,29,0,-240,374,235,0,811,0,0,1,-1,1,1,-1,-1,-1,-1,-1,-1,
2026-03-18,16:34:03.780,7.96,63,95,95,0.036,49.34,40,0,7.86,-0.512,0.980,-1.13,61,0,137.74,-14.67,10,0.00,3.79,3.82,3.79,3.81,3.80,3.77,3.81,3.79,30.49,14.5,29,29,0,-167,373,178,0,811,0,0,1,-1,1,1,-1,-1,-1,-1,-1,-1,
2026-03-18,16:34:04.040,7.97,66,96,96,0.036,49.00,39,0,7.86,-0.382,1.348,-1.29,61,0,144.64,-12.53,10,0.00,3.79,3.82,3.80,3.82,3.80,3.77,3.81,3.79,30.49,14.5,29,29,0,-210,373,366,0,811,0,0,1,-1,1,1,-1,-1,-1,-1,-1,-1,
2026-03-18,16:34:04.300,7.97,75,97,97,-0.015,48.54,41,0,7.86,-0.261,0.944,-1.15,63,0,158.06,-11.67,10,0.00,3.79,3.82,3.80,3.82,3.81,3.79,3.81,3.79,30.51,14.5,29,29,0,-226,374,337,0,811,0,0,1,-1,1,1,-1,-1,-1,-1,-1,-1,
2026-03-18,16:34:04.560,7.96,90,97,97,0.047,48.12,43,0,7.86,-0.327,1.184,-1.51,65,0,163.78,-14.10,10,0.00,3.79,3.82,3.80,3.82,3.81,3.79,3.83,3.82,30.51,14.5,29,29,0,-193,374,0,0,811,0,0,1,-1,1,1,-1,-1,-1,-1,-1,-1,
2026-03-18,16:34:04.820,7.97,97,98,98,0.036,47.64,47,0,7.83,-0.302,1.092,-1.60,67,0,162.29,-17.48,10,0.00,3.79,3.82,3.80,3.82,3.81,3.79,3.83,3.82,30.53,14.5,29,29,0,-233,374,216,0,811,0,0,1,-1,1,1,-1,-1,-1,-1,-1,-1,
2026-03-18,16:34:05.090,7.97,100,100,98,0.011,47.27,49,0,7.85,-0.332,1.276,-1.43,68,0,158.47,-18.98,10,0.00,3.79,3.83,3.80,3.82,3.81,3.79,3.83,3.82,30.53,14.5,29,29,0,0,373,362,0,811,0,0,1,-1,1,1,-1,-1,-1,-1,-1,-1,
2026-03-18,16:34:05.360,7.97,99,99,98,-0.021,47.27,51,0,7.84,-0.332,0.908,-1.01,68,0,161.40,-19.27,10,0.00,3.79,3.83,3.81,3.83,3.81,3.79,3.83,3.82,30.54,14.7,29,29,0,-125,374,314,0,811,0,0,1,-1,1,1,-1,-1,-1,-1,-1,-1,
2026-03-18,16:34:05.630,7.96,98,98,98,-0.033,47.16,51,0,7.85,-0.266,1.127,-0.37,68,0,175.59,-18.85,10,0.00,3.79,3.83,3.81,3.83,3.82,3.80,3.83,3.82,30.55,14.5,29,29,0,-164,375,262,0,810,0,0,1,-1,1,1,-1,-1,-1,-1,-1,-1,
2026-03-18,16:34:05.900,7.97,96,98,98,0.033,47.75,50,0,7.85,-0.296,1.127,0.80,67,0,178.97,-19.77,10,0.00,3.79,3.83,3.81,3.83,3.82,3.80,3.83,3.82,30.55,14.5,29,29,0,-103,376,124,0,811,0,0,1,-1,1,1,-1,-1,-1,-1,-1,-1,
2026-03-18,16:34:06.170,7.97,93,98,98,0.048,47.81,47,0,7.86,-0.286,1.177,0.38,67,0,178.40,-21.19,10,0.00,3.80,3.83,3.81,3.83,3.82,3.80,3.83,3.82,30.57,14.5,29,29,0,0,375,79,0,811,0,0,1,-1,1,1,-1,-1,-1,-1,-1,-1,
2026-03-18,16:34:06.430,7.97,89,100,100,0.030,47.84,44,0,7.81,-0.218,0.990,0.12,66,0,175.47,-20.82,10,0.00,3.80,3.83,3.81,3.83,3.82,3.80,3.83,3.82,30.57,14.5,29,29,0,-199,375,253,0,811,0,0,1,-1,1,1,-1,-1,-1,-1,-1,-1,
2026-03-18,16:34:06.690,7.96,86,100,100,-0.015,48.53,42,0,7.84,-0.348,1.257,1.39,64,0,178.73,-20.86,10,0.00,3.80,3.83,3.81,3.83,3.82,3.80,3.83,3.82,30.57,14.7,29,29,0,-163,375,292,0,811,0,0,1,-1,1,1,-1,-1,-1,-1,-1,-1,
2026-03-18,16:34:06.960,7.97,89,100,100,0.012,48.86,46,0,7.85,-0.314,1.045,1.47,59,0,-171.09,-22.88,10,0.00,3.80,3.83,3.81,3.83,3.82,3.80,3.83,3.82,30.57,14.7,29,29,0,-121,375,284,0,811,0,0,1,-1,1,1,-1,-1,-1,-1,-1,-1,
2026-03-18,16:34:07.220,7.96,96,100,100,0.015,49.46,49,0,7.86,-0.342,1.111,1.62,54,0,-166.60,-23.20,10,0.00,3.80,3.83,3.81,3.83,3.82,3.80,3.83,3.82,30.57,14.8,29,29,0,-78,376,192,0,811,0,0,1,-1,1,1,-1,-1,-1,-1,-1,-1,
2026-03-18,16:34:07.480,7.97,99,100,100,0.070,50.23,53,0,7.86,-0.301,0.984,2.27,54,0,-162.81,-22.98,10,0.00,3.79,3.83,3.81,3.83,3.82,3.80,3.83,3.82,30.57,14.8,29,29,0,12,376,0,0,811,0,0,1,-1,1,1,-1,-1,-1,-1,-1,-1,
2026-03-18,16:34:07.740,7.96,99,100,100,0.062,50.65,55,0,7.86,-0.288,0.942,2.00,58,0,-166.66,-22.14,10,0.00,3.79,3.83,3.81,3.83,3.82,3.80,3.83,3.82,30.57,14.6,29,29,0,15,376,0,0,811,0,0,1,-1,1,1,-1,-1,-1,-1,-1,-1,
2026-03-18,16:34:08.010,7.97,92,100,100,0.045,51.21,53,0,7.86,-0.215,0.685,1.75,62,0,-172.98,-19.11,10,0.00,3.79,3.83,3.81,3.83,3.82,3.80,3.83,3.82,30.57,14.6,29,29,0,15,375,0,0,810,0,0,1,-1,1,1,-1,-1,-1,-1,-1,-1,
2026-03-18,16:34:08.270,7.96,89,100,100,0.015,52.32,52,0,7.86,-0.262,0.773,2.92,65,0,-173.82,-18.89,10,0.00,3.79,3.83,3.81,3.83,3.82,3.80,3.83,3.82,30.57,14.6,29,29,0,15,374,0,0,811,0,0,1,-1,1,1,-1,-1,-1,-1,-1,-1,
2026-03-18,16:34:08.540,7.96,90,100,100,0.000,53.66,53,0,7.86,-0.293,0.909,3.10,67,0,-172.48,-17.91,10,0.00,3.79,3.83,3.81,3.83,3.82,3.80,3.83,3.82,30.57,14.6,29,29,0,14,375,0,0,811,0,0,1,-1,1,1,-1,-1,-1,-1,-1,-1,
2026-03-18,16:34:08.800,7.96,97,100,100,0.017,53.80,55,0,7.86,-0.322,0.913,1.19,66,0,-171.39,-16.57,10,0.00,3.79,3.83,3.81,3.83,3.82,3.80,3.83,3.82,30.56,14.1,29,29,0,14,375,0,0,811,0,0,1,-1,1,1,-1,-1,-1,-1,-1,-1,
2026-03-18,16:34:09.060,7.97,97,100,100,0.024,54.60,54,0,7.86,-0.260,0.731,1.19,62,0,-172.54,-15.82,10,0.00,3.79,3.83,3.81,3.83,3.81,3.79,3.83,3.82,30.56,14.1,29,29,0,14,375,0,0,811,0,0,1,-1,1,1,-1,-1,-1,-1,-1,-1,
2026-03-18,16:34:09.320,7.97,97,99,99,0.034,55.00,55,0,7.86,-0.267,0.777,1.90,54,0,-173.95,-15.38,10,0.00,3.79,3.83,3.81,3.83,3.81,3.79,3.83,3.82,30.57,14.3,29,29,0,14,376,0,0,811,0,0,1,-1,1,1,-1,-1,-1,-1,-1,-1,
2026-03-18,16:34:09.590,7.97,97,98,98,0.042,55.13,56,0,7.86,-0.250,0.679,0.89,56,0,-173.80,-15.14,10,0.00,3.79,3.83,3.81,3.83,3.81,3.79,3.83,3.82,30.57,14.3,29,29,0,14,376,0,0,811,0,0,1,-1,1,1,-1,-1,-1,-1,-1,-1,
2026-03-18,16:34:09.850,7.97,99,99,98,0.007,55.46,57,0,7.86,-0.282,0.895,1.05,60,0,-174.82,-15.07,10,0.00,3.79,3.83,3.81,3.83,3.81,3.79,3.83,3.82,30.57,14.6,29,29,0,14,376,0,0,811,0,0,1,-1,1,1,-1,-1,-1,-1,-1,-1,
2026-03-18,16:34:10.110,7.97,98,98,98,0.002,55.40,57,0,7.86,-0.270,0.892,0.48,63,0,-175.38,-14.18,10,0.00,3.79,3.83,3.81,3.82,3.81,3.79,3.83,3.82,30.57,14.7,29,29,0,14,376,0,0,811,0,0,1,-1,1,1,-1,-1,-1,-1,-1,-1,
2026-03-18,16:34:10.370,7.97,97,98,98,0.000,54.99,56,0,7.86,-0.238,0.798,-0.69,64,0,-175.31,-13.40,10,0.00,3.79,3.83,3.81,3.82,3.81,3.79,3.83,3.82,30.57,14.7,29,29,0,-29,376,208,0,811,0,0,1,-1,1,1,-1,-1,-1,-1,-1,-1,
2026-03-18,16:34:10.630,7.97,95,98,98,0.037,54.93,55,0,7.86,-0.232,0.752,-0.60,68,0,-173.50,-13.26,10,0.00,3.79,3.83,3.81,3.82,3.81,3.79,3.83,3.82,30.57,14.9,29,29,0,-130,376,0,0,811,0,0,1,-1,1,1,-1,-1,-1,-1,-1,-1,
2026-03-18,16:34:10.900,7.96,94,98,98,0.011,54.89,55,0,7.86,-0.291,1.053,-0.24,70,0,-171.83,-14.00,10,0.00,3.79,3.83,3.81,3.82,3.81,3.79,3.83,3.82,30.57,14.9,29,29,0,12,375,0,0,811,0,0,1,-1,1,1,-1,-1,-1,-1,-1,-1,
2026-03-18,16:34:11.170,7.96,94,98,98,0.008,54.69,52,0,7.83,-0.280,0.981,-0.37,69,0,-172.71,-15.70,10,0.00,3.79,3.83,3.81,3.82,3.81,3.79,3.83,3.82,30.57,14.8,29,29,0,12,375,0,0,811,0,0,1,-1,1,1,-1,-1,-1,-1,-1,-1,
2026-03-18,16:34:11.430,7.96,92,98,98,-0.010,54.35,50,0,7.84,-0.234,0.815,-0.96,65,0,-173.26,-14.68,10,0.00,3.79,3.83,3.81,3.82,3.81,3.79,3.83,3.82,30.57,14.8,29,29,0,13,375,0,0,811,0,0,1,-1,1,1,-1,-1,-1,-1,-1,-1,
2026-03-18,16:34:11.690,7.97,92,98,98,0.010,54.10,49,0,7.85,-0.236,0.907,-0.74,65,0,-171.47,-13.55,10,0.00,3.79,3.83,3.81,3.82,3.81,3.79,3.83,3.82,30.57,15.1,29,29,0,13,376,0,0,811,0,0,1,-1,1,1,-1,-1,-1,-1,-1,-1,
2026-03-18,16:34:11.950,7.96,93,98,98,0.014,53.68,51,0,7.86,-0.224,0.766,-0.94,67,0,-172.00,-12.91,10,0.00,3.79,3.83,3.81,3.82,3.81,3.79,3.83,3.82,30.57,15.1,29,29,0,-46,376,0,0,811,0,0,1,-1,1,1,-1,-1,-1,-1,-1,-1,
2026-03-18,16:34:12.210,7.97,94,98,98,0.007,53.54,51,0,7.84,-0.232,0.908,-0.90,66,0,-171.97,-12.74,10,0.00,3.79,3.83,3.81,3.82,3.81,3.79,3.83,3.82,30.57,15.0,29,29,0,-84,376,-47,0,811,0,0,1,-1,1,1,-1,-1,-1,-1,-1,-1,
2026-03-18,16:34:12.480,7.96,96,98,98,0.029,53.07,51,0,7.85,-0.263,1.014,-0.96,65,0,-172.96,-14.13,10,0.00,3.79,3.83,3.81,3.82,3.81,3.79,3.83,3.82,30.57,15.0,29,29,0,-155,376,-173,0,810,0,0,1,-1,1,1,-1,-1,-1,-1,-1,-1,
2026-03-18,16:34:12.760,7.96,96,98,98,0.021,52.35,52,0,7.86,-0.307,1.135,-2.09,63,0,-175.88,-14.61,10,0.00,3.79,3.83,3.81,3.82,3.81,3.79,3.83,3.82,30.57,15.0,29,29,0,-99,376,-174,0,811,0,0,1,-1,1,1,-1,-1,-1,-1,-1,-1,
2026-03-18,16:34:13.030,7.97,94,97,97,-0.018,51.72,53,0,7.86,-0.280,1.009,-2.08,64,0,174.96,-16.56,10,0.00,3.79,3.83,3.81,3.82,3.81,3.79,3.83,3.82,30.57,15.0,29,29,0,-86,487,-141,0,811,0,0,1,-1,1,1,-1,-1,-1,-1,-1,-1,
2026-03-18,16:34:13.290,7.96,94,98,98,-0.071,51.35,54,0,7.86,-0.396,1.162,-1.75,62,0,177.67,-17.53,10,0.00,3.78,3.82,3.81,3.82,3.81,3.79,3.83,3.82,30.51,16.4,29,29,0,-81,572,-49,0,810,0,0,1,-1,1,1,-1,-1,-1,-1,-1,-1,
2026-03-18,16:34:13.550,7.96,94,99,99,-0.047,51.07,54,0,7.84,-0.401,1.049,-1.30,54,0,-159.81,-18.09,10,0.00,3.78,3.82,3.79,3.81,3.81,3.79,3.83,3.82,30.51,16.4,29,29,0,-112,600,-39,0,811,0,0,1,-1,1,1,-1,-1,-1,-1,-1,-1,
2026-03-18,16:34:13.810,7.97,99,99,97,0.016,50.88,55,0,7.85,-0.464,1.172,-0.81,52,0,-177.57,-20.17,10,0.00,3.78,3.82,3.79,3.81,3.81,3.79,3.83,3.82,30.40,24.6,29,29,0,-101,761,-53,0,811,0,0,1,-1,1,1,-1,-1,-1,-1,-1,-1,
2026-03-18,16:34:14.080,7.97,98,98,97,0.034,50.26,56,0,7.86,-0.564,1.153,-1.56,53,0,-179.31,-21.52,10,0.00,3.78,3.82,3.79,3.81,3.79,3.77,3.83,3.82,30.40,24.6,29,29,0,-124,832,-51,0,811,0,0,1,-1,1,1,-1,-1,-1,-1,-1,-1,
2026-03-18,16:34:14.350,7.97,98,98,97,0.020,49.31,58,0,7.84,-0.622,1.176,-2.03,56,0,175.15,-23.86,10,0.00,3.78,3.82,3.79,3.81,3.79,3.77,3.78,3.76,30.40,42.9,29,29,0,-4,963,-110,0,811,0,0,1,-1,1,1,-1,-1,-1,-1,-1,-1,
2026-03-18,16:34:14.610,7.97,98,98,97,-0.007,48.71,61,0,7.85,-0.683,1.005,-1.70,61,0,173.57,-24.84,10,0.00,3.70,3.74,3.79,3.81,3.79,3.77,3.78,3.76,30.40,68.3,29,29,0,0,1015,-95,0,811,0,0,1,-1,1,1,-1,-1,-1,-1,-1,-1,
2026-03-18,16:34:14.870,7.97,100,100,97,-0.020,48.59,62,0,7.86,-0.695,1.155,-1.10,64,0,173.97,-25.51,10,0.00,3.70,3.74,3.69,3.71,3.79,3.77,3.78,3.76,30.04,68.3,29,29,0,-13,1018,-27,0,810,0,0,1,-1,1,1,-1,-1,-1,-1,-1,-1,
2026-03-18,16:34:15.130,7.97,100,100,97,0.016,48.82,62,0,7.86,-0.667,1.119,-0.17,66,0,174.04,-27.16,10,0.00,3.70,3.74,3.69,3.71,3.67,3.64,3.78,3.76,30.04,75.2,29,29,0,0,1018,-37,0,810,0,0,1,-1,1,1,-1,-1,-1,-1,-1,-1,
2026-03-18,16:34:15.390,7.97,100,100,97,0.010,49.18,62,0,7.86,-0.650,1.166,0.86,67,0,174.62,-28.23,10,0.00,3.70,3.74,3.69,3.71,3.67,3.64,3.66,3.64,29.74,75.2,29,29,0,9,1016,-47,0,811,0,0,1,-1,1,1,-1,-1,-1,-1,-1,-1,
2026-03-18,16:34:15.660,7.97,100,100,97,-0.085,49.69,63,0,7.86,-0.620,1.041,1.25,68,0,176.11,-29.68,10,0.00,3.57,3.63,3.69,3.71,3.67,3.64,3.66,3.64,29.52,72.7,29,29,0,-25,1014,-125,0,811,0,0,1,-1,1,1,-1,-1,-1,-1,-1,-1,
2026-03-18,16:34:15.920,7.97,100,100,97,0.046,50.42,63,0,7.83,-0.633,1.153,2.25,67,0,176.92,-30.39,10,0.00,3.57,3.63,3.69,3.71,3.67,3.64,3.66,3.64,29.52,72.7,29,29,0,-101,1013,-133,0,811,0,0,1,-1,1,1,-1,-1,-1,-1,-1,-1,
2026-03-18,16:34:16.200,7.97,100,100,97,0.067,51.05,62,0,7.82,-0.633,1.436,1.86,62,0,173.05,-31.90,10,0.00,3.57,3.63,3.61,3.63,3.67,3.64,3.66,3.64,29.33,70.6,29,29,0,-160,992,0,0,811,0,0,1,-1,1,1,-1,-1,-1,-1,-1,-1,
2026-03-18,16:34:16.460,7.97,100,100,97,-0.032,52.53,61,0,7.83,-0.600,1.557,3.68,61,0,172.02,-36.54,10,0.00,3.57,3.63,3.61,3.63,3.62,3.58,3.66,3.64,29.33,70.6,29,29,0,-117,972,0,0,811,0,0,1,-1,1,1,-1,-1,-1,-1,-1,-1,
2026-03-18,16:34:16.720,7.97,100,100,97,0.002,54.26,59,0,7.84,-0.655,1.440,5.32,62,0,174.49,-39.27,10,0.00,3.57,3.63,3.61,3.63,3.62,3.58,3.63,3.62,29.30,65.7,29,29,0,1,673,-8,0,811,0,0,1,-1,1,1,-1,-1,-1,-1,-1,-1,
2026-03-18,16:34:16.990,7.97,99,99,98,0.062,55.90,59,0,7.85,-0.249,0.579,5.51,60,0,174.87,-40.37,10,0.00,3.57,3.63,3.61,3.63,3.62,3.58,3.63,3.62,29.30,65.7,29,29,0,107,402,-21,0,810,0,0,1,-1,1,1,-1,-1,-1,-1,-1,-1,
2026-03-18,16:34:17.270,7.97,99,99,98,0.023,61.85,58,0,7.86,-0.082,0.704,9.95,63,0,176.34,-40.05,10,0.00,3.57,3.63,3.64,3.66,3.62,3.58,3.63,3.62,29.53,23.5,29,29,0,349,292,-38,0,811,0,0,1,-1,1,1,-1,-1,-1,-1,-1,-1,
2026-03-18,16:34:17.530,7.96,99,99,98,0.043,61.85,57,0,7.86,-0.069,0.609,10.00,67,0,175.12,-37.04,10,0.00,3.57,3.63,3.64,3.66,3.70,3.67,3.63,3.62,29.53,23.5,29,29,0,468,291,-70,0,811,0,0,1,-1,1,1,-1,-1,-1,-1,-1,-1,
2026-03-18,16:34:17.800,7.97,100,100,100,-0.016,68.29,56,0,7.86,-0.027,0.151,10.00,68,0,174.08,-29.64,10,0.00,3.57,3.63,3.64,3.66,3.70,3.67,3.75,3.73,29.72,11.5,29,29,0,207,291,0,0,811,0,0,1,-1,1,1,-1,-1,-1,-1,-1,-1,
2026-03-18,16:34:18.070,7.97,100,100,100,0.002,70.65,56,0,7.86,-0.118,0.299,9.64,68,0,174.94,-26.25,10,0.00,3.74,3.78,3.64,3.66,3.70,3.67,3.75,3.73,29.72,11.5,29,29,0,18,291,0,0,811,0,0,1,-1,1,1,-1,-1,-1,-1,-1,-1,
2026-03-18,16:34:18.330,7.97,100,100,100,0.032,72.02,58,0,7.86,-0.190,0.847,6.94,66,0,177.44,-25.52,10,0.00,3.74,3.78,3.64,3.66,3.70,3.67,3.75,3.73,29.87,12.3,29,30,0,16,291,0,0,811,0,0,1,-1,1,1,-1,-1,-1,-1,-1,-1,
2026-03-18,16:34:18.600,7.97,100,100,100,0.007,72.69,58,0,7.86,-0.217,0.888,4.10,69,0,177.27,-24.62,10,0.00,3.74,3.78,3.77,3.78,3.70,3.67,3.75,3.73,29.87,12.3,29,30,0,16,291,0,0,811,0,0,1,-1,1,1,-1,-1,-1,-1,-1,-1,
2026-03-18,16:34:18.860,7.97,99,100,100,0.026,73.26,56,0,7.86,-0.238,0.915,2.76,70,0,175.83,-23.21,10,0.00,3.74,3.78,3.77,3.78,3.79,3.76,3.75,3.73,29.99,12.5,29,30,0,42,375,0,0,811,0,0,1,-1,1,1,-1,-1,-1,-1,-1,-1,
2026-03-18,16:34:19.130,7.97,98,100,100,0.004,73.78,54,0,7.86,-0.301,0.915,1.99,72,0,172.16,-20.92,10,0.00,3.74,3.78,3.77,3.78,3.79,3.76,3.80,3.78,29.99,13.4,29,30,0,24,405,0,0,811,0,0,1,-1,1,1,-1,-1,-1,-1,-1,-1,
2026-03-18,16:34:19.390,7.97,97,100,100,-0.035,74.72,52,0,7.86,-0.300,0.760,2.77,72,0,174.02,-20.28,10,0.00,3.75,3.79,3.77,3.78,3.79,3.76,3.80,3.78,30.04,13.4,29,30,0,17,405,0,0,810,0,0,1,-1,1,1,-1,-1,-1,-1,-1,-1,
2026-03-18,16:34:19.660,7.97,98,100,100,0.000,75.35,51,0,7.86,-0.296,0.714,2.61,70,0,179.51,-18.83,10,0.00,3.75,3.79,3.77,3.78,3.79,3.76,3.80,3.78,30.09,15.3,29,30,0,17,406,0,0,811,0,0,1,-1,1,1,-1,-1,-1,-1,-1,-1,
2026-03-18,16:34:19.930,7.97,97,100,100,0.037,75.48,52,0,7.86,-0.308,0.776,0.92,64,0,-178.11,-17.77,10,0.00,3.75,3.79,3.77,3.78,3.78,3.75,3.80,3.78,30.09,15.3,29,30,0,16,405,0,0,811,0,0,1,-1,1,1,-1,-1,-1,-1,-1,-1,
2026-03-18,16:34:20.200,7.97,98,100,100,0.056,75.69,53,0,7.86,-0.328,0.822,0.41,61,0,-178.11,-17.77,10,0.00,3.75,3.79,3.77,3.78,3.78,3.75,3.78,3.77,30.12,15.3,29,30,0,-111,405,-80,0,811,0,0,1,-1,1,1,-1,-1,-1,-1,-1,-1,
2026-03-18,16:34:20.470,7.97,98,100,100,0.016,75.75,53,0,7.86,-0.340,0.943,0.14,62,0,176.16,-16.45,10,0.00,3.74,3.78,3.77,3.78,3.78,3.75,3.78,3.77,30.12,15.3,29,30,0,-37,405,-106,0,811,0,0,1,-1,1,1,-1,-1,-1,-1,-1,-1,
2026-03-18,16:34:20.740,7.97,99,100,100,0.028,75.91,52,0,7.86,-0.358,0.916,0.45,63,0,174.78,-17.01,10,0.00,3.74,3.78,3.76,3.77,3.78,3.75,3.78,3.77,30.14,15.4,29,30,0,11,405,0,0,811,0,0,1,-1,1,1,-1,-1,-1,-1,-1,-1,
2026-03-18,16:34:21.010,7.97,98,100,100,0.004,75.98,53,0,7.86,-0.321,0.804,0.29,64,0,175.04,-16.19,10,0.00,3.74,3.78,3.76,3.77,3.78,3.75,3.78,3.77,30.14,15.4,29,30,0,-55,433,0,0,811,0,0,1,-1,1,1,-1,-1,-1,-1,-1,-1,
2026-03-18,16:34:21.270,7.97,98,100,100,0.024,76.31,55,0,7.81,-0.352,0.910,0.78,66,0,175.50,-15.14,10,0.00,3.74,3.78,3.76,3.77,3.78,3.75,3.78,3.77,30.15,15.7,29,30,0,-211,475,1,0,811,0,0,1,-1,1,1,-1,-1,-1,-1,-1,-1,
2026-03-18,16:34:21.550,7.97,98,100,100,0.008,76.32,56,0,7.82,-0.450,1.195,0.49,66,0,175.22,-16.80,10,0.00,3.74,3.78,3.76,3.77,3.78,3.75,3.78,3.77,30.15,15.7,29,30,0,-197,477,57,0,811,0,0,1,-1,1,1,-1,-1,-1,-1,-1,-1,
2026-03-18,16:34:21.810,7.97,98,100,100,-0.009,75.95,55,0,7.84,-0.442,1.257,-0.57,65,0,175.40,-20.68,10,0.00,3.74,3.78,3.76,3.77,3.78,3.75,3.78,3.77,30.14,18.6,29,30,0,9,479,0,0,811,0,0,1,-1,1,1,-1,-1,-1,-1,-1,-1,
2026-03-18,16:34:22.070,7.97,97,100,100,0.007,75.99,54,0,7.85,-0.330,1.062,-0.34,64,0,177.65,-19.70,10,0.00,3.74,3.78,3.76,3.76,3.78,3.75,3.78,3.77,30.14,18.6,29,30,0,15,479,0,0,811,0,0,1,-1,1,1,-1,-1,-1,-1,-1,-1,
2026-03-18,16:34:22.330,7.97,98,100,100,-0.032,75.61,52,0,7.86,-0.237,0.651,-0.71,64,0,177.72,-18.87,10,0.00,3.74,3.78,3.76,3.76,3.77,3.74,3.78,3.77,30.14,19.2,29,30,0,16,480,0,0,810,0,0,1,-1,1,1,-1,-1,-1,-1,-1,-1,
2026-03-18,16:34:22.600,7.97,95,100,100,0.003,76.56,52,0,7.86,-0.313,1.157,1.44,63,0,-173.25,-18.86,10,0.00,3.74,3.78,3.76,3.76,3.77,3.74,3.77,3.76,30.14,19.2,29,30,0,16,479,0,0,811,0,0,1,-1,1,1,-1,-1,-1,-1,-1,-1,
2026-03-18,16:34:22.870,7.97,94,100,100,-0.005,76.76,53,0,7.86,-0.306,1.033,1.02,63,0,-174.99,-18.14,10,0.00,3.73,3.77,3.76,3.76,3.77,3.74,3.77,3.76,30.15,19.7,29,30,0,16,480,-22,0,811,0,0,1,-1,1,1,-1,-1,-1,-1,-1,-1,
2026-03-18,16:34:23.140,7.97,94,100,100,0.036,77.03,55,0,7.86,-0.242,0.788,0.91,62,0,-173.25,-16.81,10,0.00,3.73,3.77,3.75,3.76,3.77,3.74,3.77,3.76,30.16,19.5,29,30,0,-50,476,-321,0,811,0,0,1,-1,1,1,-1,-1,-1,-1,-1,-1,
2026-03-18,16:34:23.410,7.97,97,100,100,0.007,77.23,57,0,7.86,-0.292,1.147,0.80,58,0,123.37,-18.02,10,0.00,3.73,3.77,3.75,3.76,3.77,3.74,3.77,3.76,30.16,19.5,29,30,0,-156,404,-246,0,811,0,0,1,-1,1,1,-1,-1,-1,-1,-1,-1,
2026-03-18,16:34:23.670,7.97,99,100,100,-0.016,77.47,57,0,7.86,-0.279,1.170,0.73,53,0,172.66,-19.15,10,0.00,3.73,3.77,3.75,3.76,3.77,3.75,3.77,3.76,30.19,16.5,29,30,0,10,403,0,0,811,0,0,1,-1,1,1,-1,-1,-1,-1,-1,-1,
2026-03-18,16:34:23.930,7.97,96,100,100,-0.082,77.93,55,0,7.86,-0.201,0.969,1.24,52,0,174.26,-19.12,10,0.00,3.73,3.77,3.75,3.76,3.77,3.75,3.78,3.77,30.19,16.5,29,30,0,15,403,0,0,810,0,0,1,-1,1,1,-1,-1,-1,-1,-1,-1,
2026-03-18,16:34:24.190,7.97,94,100,100,-0.072,78.52,52,0,7.86,-0.226,0.929,1.63,51,0,177.93,-17.95,10,0.00,3.75,3.78,3.75,3.76,3.77,3.75,3.78,3.77,30.19,15.9,29,30,0,16,403,0,0,811,0,0,1,-1,1,1,-1,-1,-1,-1,-1,-1,
2026-03-18,16:34:24.450,7.97,89,100,100,-0.028,79.16,49,0,7.86,-0.317,1.382,2.10,47,0,-175.58,-17.44,10,0.00,3.75,3.78,3.77,3.78,3.77,3.75,3.78,3.77,30.19,15.9,29,30,0,-26,403,-49,0,810,0,0,1,-1,1,1,-1,-1,-1,-1,-1,-1,
2026-03-18,16:34:24.720,7.97,90,98,98,-0.002,79.51,47,0,7.84,-0.241,0.849,1.82,48,0,-175.54,-16.42,10,0.00,3.75,3.78,3.77,3.78,3.79,3.76,3.78,3.77,30.21,15.9,29,30,0,-104,403,-160,0,811,0,0,1,-1,1,1,-1,-1,-1,-1,-1,-1,
2026-03-18,16:34:24.990,7.97,89,98,98,0.029,79.85,47,0,7.85,-0.277,1.094,1.26,48,0,-178.57,-16.57,10,0.00,3.75,3.78,3.77,3.78,3.79,3.76,3.80,3.78,30.21,15.9,29,30,0,-104,403,-331,0,811,0,0,1,-1,1,1,-1,-1,-1,-1,-1,-1,
2026-03-18,16:34:25.250,7.97,92,98,98,-0.020,80.18,49,0,7.86,-0.310,1.102,1.33,49,0,170.50,-18.94,10,0.00,3.75,3.78,3.77,3.78,3.79,3.76,3.80,3.78,30.23,15.9,29,30,-25,-89,405,-409,0,811,0,0,1,-1,1,1,-1,-1,-1,-1,-1,-1,
2026-03-18,16:34:25.510,7.96,92,98,98,-0.043,81.16,48,0,7.86,-0.254,0.809,1.58,51,0,164.70,-19.24,10,0.00,3.75,3.79,3.77,3.78,3.79,3.76,3.80,3.78,30.23,15.9,29,30,-38,-267,404,-244,0,811,0,0,1,-1,1,1,-1,-1,-1,-1,-1,-1,
2026-03-18,16:34:25.770,7.97,92,98,98,-0.077,81.77,46,0,7.86,-0.386,1.300,1.94,52,0,160.71,-24.10,10,0.00,3.75,3.79,3.77,3.78,3.79,3.76,3.80,3.78,30.24,15.5,29,30,0,-163,403,-167,0,811,0,0,1,-1,1,1,-1,-1,-1,-1,-1,-1,
2026-03-18,16:34:26.030,7.97,89,98,98,-0.053,82.70,46,0,7.86,-0.337,1.329,2.65,54,0,164.81,-26.35,10,0.00,3.75,3.79,3.77,3.78,3.79,3.76,3.80,3.78,30.24,15.5,29,30,0,5,403,0,0,811,0,0,1,-1,1,1,-1,-1,-1,-1,-1,-1,
2026-03-18,16:34:26.300,7.97,91,97,97,-0.021,83.21,47,0,7.86,-0.305,0.939,2.32,50,0,170.09,-24.79,10,0.00,3.75,3.79,3.77,3.78,3.79,3.76,3.79,3.78,30.24,15.4,29,30,0,16,372,0,0,811,0,0,1,-1,1,1,-1,-1,-1,-1,-1,-1,
2026-03-18,16:34:26.570,7.97,92,96,96,0.018,83.82,47,0,7.86,-0.285,0.881,1.95,47,0,168.85,-22.40,10,0.00,3.75,3.79,3.77,3.78,3.79,3.76,3.79,3.78,30.24,15.4,29,30,0,15,369,0,0,810,0,0,1,-1,1,1,-1,-1,-1,-1,-1,-1,
2026-03-18,16:34:26.840,7.96,93,96,96,0.018,84.70,47,0,7.86,-0.273,0.780,2.68,44,0,167.42,-21.61,10,0.00,3.75,3.79,3.77,3.78,3.79,3.76,3.79,3.78,30.26,14.9,29,30,0,15,370,0,0,811,0,0,1,-1,1,1,-1,-1,-1,-1,-1,-1,
2026-03-18,16:34:27.100,7.97,92,95,95,0.029,85.63,47,0,7.86,-0.281,0.754,3.07,45,0,164.41,-20.17,10,0.00,3.75,3.79,3.77,3.78,3.79,3.76,3.79,3.78,30.26,14.9,29,30,0,-66,370,-112,0,811,0,0,1,-1,1,1,-1,-1,-1,-1,-1,-1,
2026-03-18,16:34:27.370,7.97,94,95,95,0.000,86.45,47,0,7.86,-0.322,0.791,3.04,50,0,162.60,-19.70,10,0.00,3.75,3.79,3.77,3.78,3.79,3.76,3.79,3.78,30.26,14.2,29,30,0,-68,371,-386,0,811,0,0,1,-1,1,1,-1,-1,-1,-1,-1,-1,
2026-03-18,16:34:27.640,7.97,96,96,95,-0.032,86.99,48,0,7.86,-0.314,0.873,2.31,55,0,157.47,-20.18,10,0.00,3.75,3.79,3.77,3.78,3.79,3.76,3.79,3.78,30.28,14.5,29,30,0,-202,370,-247,0,810,0,0,1,-1,1,1,-1,-1,-1,-1,-1,-1,
2026-03-18,16:34:27.900,7.96,97,97,95,-0.057,88.35,47,0,7.86,-0.364,1.047,1.82,60,0,154.32,-22.19,10,0.00,3.75,3.79,3.77,3.78,3.79,3.76,3.79,3.78,30.28,14.5,29,30,0,-276,371,-164,0,811,0,0,1,-1,1,1,-1,-1,-1,-1,-1,-1,
2026-03-18,16:34:28.160,7.96,93,95,95,-0.048,88.35,48,0,7.86,-0.419,1.197,2.53,60,0,157.37,-24.08,10,0.00,3.75,3.79,3.78,3.78,3.79,3.76,3.79,3.78,30.28,13.7,29,30,0,-313,371,-191,0,810,0,0,1,-1,1,1,-1,-1,-1,-1,-1,-1,
2026-03-18,16:34:28.420,7.96,91,95,95,-0.022,89.40,46,0,7.86,-0.463,1.249,1.86,57,0,163.22,-27.32,10,0.00,3.75,3.79,3.78,3.78,3.79,3.76,3.79,3.78,30.28,13.7,29,30,0,-161,371,-377,0,811,0,0,1,-1,1,1,-1,-1,-1,-1,-1,-1,
2026-03-18,16:34:28.700,7.97,91,97,97,-0.034,89.84,47,0,7.86,-0.378,0.989,1.75,53,0,162.95,-27.50,10,0.00,3.75,3.79,3.78,3.78,3.79,3.76,3.79,3.78,30.27,14.2,29,30,0,-235,371,-302,0,810,0,0,1,-1,1,1,-1,-1,-1,-1,-1,-1,
2026-03-18,16:34:28.970,7.97,94,97,97,-0.018,90.19,48,0,7.86,-0.388,0.987,1.43,52,0,159.27,-26.59,10,0.00,3.75,3.79,3.78,3.78,3.79,3.76,3.79,3.78,30.27,14.2,29,30,0,-322,371,-260,0,811,0,0,1,-1,1,1,-1,-1,-1,-1,-1,-1,
2026-03-18,16:34:29.240,7.97,92,97,97,-0.028,90.72,48,0,7.83,-0.451,1.171,1.62,56,0,154.82,-28.85,10,0.00,3.75,3.79,3.77,3.78,3.79,3.76,3.79,3.78,30.27,13.9,29,30,0,-370,371,-196,0,811,0,0,1,-1,1,1,-1,-1,-1,-1,-1,-1,
2026-03-18,16:34:29.500,7.96,93,97,97,-0.027,91.23,48,0,7.84,-0.484,1.224,1.66,55,0,154.27,-30.69,10,0.00,3.75,3.79,3.77,3.78,3.79,3.76,3.79,3.78,30.27,13.9,29,30,0,-369,370,-157,0,811,0,0,1,-1,1,1,-1,-1,-1,-1,-1,-1,
2026-03-18,16:34:29.780,7.96,90,97,97,0.000,91.96,47,0,7.85,-0.488,1.186,2.10,57,0,153.28,-34.18,10,0.00,3.75,3.79,3.77,3.78,3.79,3.76,3.79,3.78,30.27,13.7,29,30,0,-250,371,-238,0,810,0,0,1,-1,1,1,-1,-1,-1,-1,-1,-1,
2026-03-18,16:34:30.060,7.97,89,97,97,0.002,92.66,47,0,7.86,-0.445,0.993,2.36,57,0,150.04,-35.74,10,0.00,3.75,3.78,3.77,3.78,3.79,3.76,3.79,3.78,30.27,13.7,29,30,0,-120,371,-334,0,811,0,0,1,-1,1,1,-1,-1,-1,-1,-1,-1,
2026-03-18,16:34:30.340,7.96,86,99,99,-0.018,94.19,46,0,7.86,-0.411,0.993,2.64,56,0,147.99,-34.68,10,0.00,3.75,3.78,3.77,3.78,3.79,3.76,3.79,3.78,30.26,13.7,29,30,0,-202,371,-319,0,811,0,0,1,-1,1,1,-1,-1,-1,-1,-1,-1,
2026-03-18,16:34:30.600,7.97,87,99,99,-0.047,94.85,46,0,7.86,-0.412,0.875,2.48,55,0,149.65,-32.77,10,0.00,3.75,3.78,3.77,3.77,3.79,3.76,3.79,3.78,30.26,13.7,29,30,0,-309,370,-250,0,811,0,0,1,-1,1,1,-1,-1,-1,-1,-1,-1,
2026-03-18,16:34:30.860,7.97,92,99,99,-0.040,95.57,47,0,7.84,-0.486,1.021,2.41,55,0,153.70,-32.76,10,0.00,3.75,3.78,3.77,3.77,3.78,3.76,3.79,3.78,30.25,13.8,29,30,-56,-391,371,-171,0,811,0,0,1,-1,1,1,-1,-1,-1,-1,-1,-1,
2026-03-18,16:34:31.140,7.97,95,100,100,-0.022,96.01,47,0,7.85,-0.531,1.218,2.05,57,0,161.44,-34.74,10,0.00,3.75,3.78,3.77,3.77,3.78,3.76,3.79,3.77,30.25,13.6,29,30,-103,-311,371,-344,0,811,0,0,1,-1,1,1,-1,-1,-1,-1,-1,-1,
2026-03-18,16:34:31.410,7.97,95,100,100,0.009,96.10,47,0,7.86,-0.514,1.080,0.94,58,0,159.27,-35.86,10,0.00,3.74,3.79,3.77,3.77,3.78,3.76,3.79,3.77,30.25,13.6,29,30,-118,-316,370,-378,0,811,0,0,1,-1,1,1,-1,-1,-1,-1,-1,-1,
2026-03-18,16:34:31.670,7.97,94,100,100,0.013,96.46,47,0,7.86,-0.467,0.960,1.03,61,0,152.96,-35.51,10,0.00,3.74,3.79,3.76,3.77,3.78,3.76,3.79,3.77,30.24,13.9,29,30,-121,-341,370,-268,0,811,0,0,1,-1,1,1,-1,-1,-1,-1,-1,-1,
2026-03-18,16:34:31.930,7.97,91,100,100,-0.016,97.03,46,0,7.86,-0.457,0.980,1.52,62,0,144.61,-35.77,10,0.00,3.74,3.79,3.76,3.77,3.78,3.75,3.79,3.77,30.24,13.9,29,30,-91,-428,370,0,0,811,0,0,1,-1,1,1,-1,-1,-1,-1,-1,-1,
2026-03-18,16:34:32.210,7.97,88,100,100,-0.036,97.46,45,0,7.86,-0.531,1.258,1.64,65,0,145.28,-37.21,10,0.00,3.74,3.79,3.76,3.77,3.78,3.75,3.78,3.77,30.23,14.1,29,30,-77,-406,371,-49,0,811,0,0,1,-1,1,1,-1,-1,-1,-1,-1,-1,
2026-03-18,16:34:32.470,7.96,87,100,100,-0.020,97.72,45,0,7.86,-0.553,1.270,1.23,68,0,150.49,-40.87,10,0.00,3.74,3.78,3.76,3.77,3.78,3.75,3.78,3.77,30.23,14.1,29,30,-83,-341,371,-136,0,810,0,0,1,-1,1,1,-1,-1,-1,-1,-1,-1,
2026-03-18,16:34:32.740,7.97,86,100,100,0.030,97.71,45,0,7.86,-0.494,1.095,0.57,69,0,148.12,-39.79,10,0.00,3.74,3.78,3.76,3.77,3.78,3.75,3.78,3.77,30.22,13.1,29,30,-89,-310,370,-183,0,811,0,0,1,-1,1,1,-1,-1,-1,-1,-1,-1,
2026-03-18,16:34:33.010,7.97,88,100,100,0.030,97.83,44,0,7.86,-0.498,1.068,0.30,72,0,141.43,-38.34,10,0.00,3.74,3.78,3.76,3.77,3.78,3.75,3.78,3.77,30.22,13.1,29,30,-92,-314,370,-178,0,810,0,0,1,-1,1,1,-1,-1,-1,-1,-1,-1,
2026-03-18,16:34:33.290,7.97,83,100,100,-0.006,97.98,43,0,7.86,-0.458,1.008,0.35,71,0,132.14,-35.51,10,0.00,3.74,3.78,3.76,3.77,3.78,3.75,3.78,3.77,30.22,14.1,29,30,-89,-333,370,-87,0,810,0,0,1,-1,1,1,-1,-1,-1,-1,-1,-1,
2026-03-18,16:34:33.550,7.97,82,100,100,-0.060,98.03,43,0,7.81,-0.419,1.173,0.33,70,0,128.35,-34.45,10,0.00,3.74,3.78,3.76,3.77,3.78,3.75,3.78,3.77,30.22,14.1,29,30,-83,-382,370,0,0,811,0,0,1,-1,1,1,-1,-1,-1,-1,-1,-1,
2026-03-18,16:34:33.810,7.97,85,100,100,-0.028,97.67,44,0,7.84,-0.458,1.374,-0.40,70,0,130.78,-34.13,10,0.00,3.74,3.78,3.76,3.77,3.78,3.75,3.78,3.77,30.22,13.7,29,30,-79,-363,370,0,0,810,0,0,1,-1,1,1,-1,-1,-1,-1,-1,-1,
2026-03-18,16:34:34.080,7.97,90,100,100,0.007,96.90,46,0,7.85,-0.423,1.259,-1.78,69,0,128.73,-31.79,10,0.00,3.74,3.78,3.76,3.77,3.78,3.75,3.78,3.77,30.22,13.7,29,30,-79,-354,369,0,0,811,0,0,1,-1,1,1,-1,-1,-1,-1,-1,-1,
2026-03-18,16:34:34.340,7.97,90,100,100,0.010,95.93,46,0,7.86,-0.419,1.256,-2.78,68,0,124.56,-30.65,10,0.00,3.74,3.78,3.76,3.77,3.78,3.75,3.78,3.77,30.23,14.1,29,30,-78,-310,370,0,0,811,0,0,1,-1,1,1,-1,-1,-1,-1,-1,-1,
2026-03-18,16:34:34.610,7.97,86,100,100,-0.009,95.28,47,0,7.86,-0.410,1.254,-2.54,63,0,116.72,-28.00,10,0.00,3.74,3.78,3.76,3.77,3.78,3.75,3.79,3.77,30.23,14.1,29,30,-75,-318,370,2,0,811,0,0,1,-1,1,1,-1,-1,-1,-1,-1,-1,
2026-03-18,16:34:34.880,7.97,85,100,100,-0.033,94.57,48,0,7.86,-0.380,1.200,-2.48,59,0,113.07,-24.78,10,0.00,3.75,3.79,3.76,3.77,3.78,3.75,3.79,3.77,30.23,14.4,29,30,-33,-309,372,197,0,811,0,0,1,-1,1,1,-1,-1,-1,-1,-1,-1,
2026-03-18,16:34:35.140,7.96,89,100,100,-0.044,93.93,48,0,7.84,-0.413,1.272,-2.28,58,0,113.86,-23.51,10,0.00,3.75,3.79,3.76,3.77,3.78,3.75,3.79,3.77,30.23,14.0,29,30,-26,-288,371,234,0,810,0,0,1,-1,1,1,-1,-1,-1,-1,-1,-1,
2026-03-18,16:34:35.400,7.96,95,100,100,-0.024,93.36,50,0,7.85,-0.358,1.179,-2.10,62,0,120.91,-20.04,10,0.00,3.75,3.79,3.77,3.77,3.78,3.75,3.79,3.77,30.24,14.0,29,30,-19,-266,372,261,0,811,0,0,1,-1,1,1,-1,-1,-1,-1,-1,-1,
2026-03-18,16:34:35.660,7.96,97,100,100,0.004,90.91,52,0,7.86,-0.362,1.199,-4.09,64,0,122.83,-18.26,10,0.00,3.75,3.79,3.77,3.77,3.78,3.76,3.79,3.77,30.25,14.5,29,30,0,-259,373,257,0,811,0,0,1,-1,1,1,-1,-1,-1,-1,-1,-1,
2026-03-18,16:34:35.920,7.96,97,100,100,0.012,89.66,51,0,7.84,-0.408,1.475,-4.22,68,0,124.19,-15.47,10,0.00,3.75,3.79,3.77,3.77,3.78,3.76,3.79,3.77,30.25,14.5,29,30,0,-245,378,281,0,811,0,0,1,-1,1,1,-1,-1,-1,-1,-1,-1,
2026-03-18,16:34:36.190,7.97,94,100,100,0.006,88.43,50,0,7.85,-0.262,1.152,-4.38,70,0,126.71,-14.20,10,0.00,3.75,3.78,3.77,3.77,3.78,3.76,3.79,3.77,30.26,14.9,29,30,78,-189,379,331,0,811,0,0,1,-1,1,1,-1,-1,-1,-1,-1,-1,
2026-03-18,16:34:36.470,7.96,93,100,100,0.023,87.42,48,0,7.80,-0.311,1.182,-3.76,70,0,130.35,-12.37,10,0.00,3.75,3.78,3.77,3.77,3.78,3.76,3.79,3.77,30.26,14.9,29,30,132,-249,380,366,0,810,0,0,1,-1,1,1,-1,-1,-1,-1,-1,-1,
2026-03-18,16:34:36.750,7.97,95,100,100,-0.014,86.56,49,0,7.81,-0.387,1.562,-3.42,70,0,133.81,-12.94,10,0.00,3.75,3.78,3.77,3.77,3.78,3.76,3.79,3.77,30.26,15.6,29,30,219,-165,381,475,0,811,0,0,1,-1,1,1,-1,-1,-1,-1,-1,-1,
2026-03-18,16:34:37.020,7.97,99,100,100,-0.052,85.10,51,0,7.84,-0.249,1.140,-4.08,66,0,138.27,-13.88,10,0.00,3.75,3.78,3.77,3.77,3.78,3.76,3.79,3.77,30.26,15.6,29,30,184,-198,381,434,0,811,0,0,1,-1,1,1,-1,-1,-1,-1,-1,-1,
2026-03-18,16:34:37.300,7.97,99,100,100,-0.028,83.96,53,0,7.82,-0.260,1.346,-4.39,63,0,160.31,-14.36,10,0.00,3.75,3.79,3.77,3.77,3.78,3.76,3.79,3.77,30.28,15.0,29,30,32,-129,379,0,0,811,0,0,1,-1,1,1,-1,-1,-1,-1,-1,-1,
2026-03-18,16:34:37.560,7.96,99,100,100,-0.055,82.85,57,0,7.83,-0.232,1.156,-3.71,60,0,168.23,-16.82,10,0.00,3.75,3.79,3.77,3.78,3.78,3.76,3.79,3.77,30.28,15.0,29,30,0,12,378,0,0,811,0,0,1,-1,1,1,-1,-1,-1,-1,-1,-1,
2026-03-18,16:34:37.820,7.96,100,100,100,-0.010,81.62,59,0,7.84,-0.128,0.726,-4.24,61,0,166.81,-16.11,10,0.00,3.75,3.79,3.77,3.78,3.78,3.76,3.79,3.77,30.29,15.0,29,30,0,14,379,0,0,811,0,0,1,-1,1,1,-1,-1,-1,-1,-1,-1,
2026-03-18,16:34:38.090,7.97,100,100,100,0.026,81.13,62,0,7.85,-0.245,1.298,-1.28,64,0,166.07,-14.88,10,0.00,3.75,3.79,3.77,3.78,3.79,3.76,3.79,3.77,30.29,15.0,29,30,0,14,378,0,0,811,0,0,1,-1,1,1,-1,-1,-1,-1,-1,-1,
2026-03-18,16:34:38.350,7.96,100,100,100,0.019,80.81,62,0,7.86,-0.110,0.614,-1.37,64,0,166.45,-13.93,10,0.00,3.75,3.79,3.77,3.78,3.79,3.76,3.80,3.78,30.30,15.0,29,30,0,15,378,0,0,811,0,0,1,-1,1,1,-1,-1,-1,-1,-1,-1,
2026-03-18,16:34:38.610,7.97,100,100,100,-0.037,81.18,62,0,7.86,-0.136,0.833,0.18,61,0,169.35,-13.77,10,0.00,3.76,3.79,3.77,3.78,3.79,3.76,3.80,3.78,30.30,15.0,29,30,0,14,378,0,0,811,0,0,1,-1,1,1,-1,-1,-1,-1,-1,-1,
2026-03-18,16:34:38.870,7.96,100,100,100,-0.050,81.08,61,0,7.86,-0.210,1.119,0.24,55,0,169.09,-14.72,10,0.00,3.76,3.79,3.78,3.78,3.79,3.76,3.80,3.78,30.31,15.0,29,29,0,14,378,0,0,811,0,0,1,-1,1,1,-1,-1,-1,-1,-1,-1,
2026-03-18,16:34:39.130,7.97,100,100,100,-0.009,80.00,60,0,7.86,-0.166,0.935,-1.99,54,0,171.32,-13.53,10,0.00,3.76,3.79,3.78,3.78,3.79,3.77,3.80,3.78,30.31,14.7,29,29,0,14,378,0,0,811,0,0,1,-1,1,1,-1,-1,-1,-1,-1,-1,
2026-03-18,16:34:39.410,7.97,100,100,100,0.013,79.67,59,0,7.86,-0.145,0.802,-2.02,65,0,170.19,-12.93,10,0.00,3.76,3.79,3.78,3.78,3.79,3.77,3.80,3.78,30.32,14.7,29,29,0,-31,378,0,0,811,0,0,1,-1,1,1,-1,-1,-1,-1,-1,-1,
2026-03-18,16:34:39.680,7.97,99,100,100,-0.054,79.45,59,0,7.86,-0.179,0.985,-0.98,71,0,169.34,-13.57,10,0.00,3.76,3.79,3.78,3.78,3.79,3.77,3.80,3.78,30.33,15.0,29,29,0,2,379,0,0,811,0,0,1,-1,1,1,-1,-1,-1,-1,-1,-1,
2026-03-18,16:34:39.950,7.97,98,100,100,0.047,78.35,58,0,7.86,-0.215,1.167,-2.48,72,0,172.95,-14.03,10,0.00,3.76,3.79,3.78,3.78,3.79,3.77,3.80,3.78,30.33,15.0,29,29,0,12,378,0,0,811,0,0,1,-1,1,1,-1,-1,-1,-1,-1,-1,
2026-03-18,16:34:40.230,7.97,98,100,100,-0.010,77.30,54,0,7.86,-0.067,0.704,-3.27,69,0,168.35,-12.87,10,0.00,3.76,3.79,3.78,3.78,3.79,3.77,3.80,3.78,30.34,15.0,29,29,0,-8,379,0,0,991,0,0,1,-1,1,1,-1,-1,-1,-1,-1,-1,
2026-03-18,16:34:40.500,7.96,97,100,100,-0.057,76.62,53,0,7.84,-0.166,1.057,-1.52,69,0,168.96,-14.47,10,0.00,3.76,3.79,3.78,3.78,3.79,3.77,3.80,3.78,30.34,15.0,29,29,0,-24,378,0,0,1000,0,0,1,-1,1,1,-1,-1,-1,-1,-1,-1,
2026-03-18,16:34:40.760,7.97,96,100,100,0.000,75.41,52,0,7.85,-0.226,1.255,-1.52,70,0,175.18,-13.68,10,0.00,3.76,3.79,3.78,3.78,3.79,3.77,3.80,3.78,30.34,15.0,29,29,0,-29,379,0,0,1002,0,0,1,-1,1,1,-1,-1,-1,-1,-1,-1,
2026-03-18,16:34:41.020,7.97,97,100,100,0.010,74.60,51,0,7.86,-0.127,0.934,-3.24,72,0,175.33,-12.85,10,0.00,3.76,3.80,3.78,3.78,3.79,3.77,3.80,3.78,30.34,15.0,29,29,0,5,379,0,0,1004,0,0,1,-1,1,1,-1,-1,-1,-1,-1,-1,
2026-03-18,16:34:41.290,7.97,98,100,100,-0.029,74.45,51,0,7.86,-0.071,0.662,-1.73,70,0,175.42,-13.44,10,0.00,3.76,3.80,3.78,3.79,3.79,3.77,3.80,3.78,30.36,15.0,29,29,0,12,379,0,0,1004,0,0,1,-1,1,1,-1,-1,-1,-1,-1,-1,
2026-03-18,16:34:41.550,7.97,96,100,100,-0.050,73.92,50,0,7.84,-0.106,0.907,-1.37,64,0,178.61,-13.27,10,0.00,3.76,3.80,3.78,3.79,3.79,3.77,3.80,3.78,30.36,15.0,29,29,0,14,379,0,0,1005,0,0,1,-1,1,1,-1,-1,-1,-1,-1,-1,
2026-03-18,16:34:41.820,7.97,96,100,100,-0.032,73.05,50,0,7.82,-0.077,0.824,-2.51,57,0,-107.24,-12.54,10,0.00,3.76,3.80,3.78,3.79,3.79,3.77,3.80,3.78,30.36,14.7,29,29,0,-228,379,-59,0,1005,0,0,1,-1,1,1,-1,-1,-1,-1,-1,-1,
2026-03-18,16:34:42.100,7.97,96,100,100,-0.024,72.26,51,0,7.80,-0.263,1.530,-2.58,60,0,-178.49,-16.69,10,0.00,3.76,3.80,3.78,3.79,3.79,3.77,3.80,3.78,30.36,14.7,29,29,0,-179,378,0,0,1004,0,0,1,-1,1,1,-1,-1,-1,-1,-1,-1,
2026-03-18,16:34:42.360,7.96,99,100,100,-0.013,71.09,52,0,7.80,-0.189,1.171,-3.32,62,0,-179.63,-19.04,10,0.00,3.76,3.80,3.78,3.79,3.79,3.77,3.80,3.78,30.37,14.8,29,29,0,15,378,0,0,1005,0,0,1,-1,1,1,-1,-1,-1,-1,-1,-1,
2026-03-18,16:34:42.620,7.97,99,100,100,-0.003,70.13,53,0,7.80,-0.128,0.858,-3.67,63,0,-134.93,-17.66,10,0.00,3.76,3.80,3.78,3.79,3.79,3.77,3.80,3.78,30.37,15.0,29,29,0,-130,378,0,0,1004,0,0,1,-1,1,1,-1,-1,-1,-1,-1,-1,
2026-03-18,16:34:42.890,7.96,100,100,100,-0.002,69.86,54,0,7.80,-0.202,1.262,-2.13,62,0,-178.71,-17.32,10,0.00,3.76,3.80,3.78,3.79,3.80,3.77,3.80,3.78,30.37,15.0,29,29,0,-223,379,179,0,1004,0,0,1,-1,1,1,-1,-1,-1,-1,-1,-1,
2026-03-18,16:34:43.150,7.97,99,100,100,-0.014,69.74,54,0,7.79,-0.249,1.526,-0.94,59,0,-177.82,-19.62,10,0.00,3.76,3.80,3.78,3.79,3.80,3.77,3.80,3.78,30.37,14.7,29,29,0,-236,379,321,0,1004,0,0,1,-1,1,1,-1,-1,-1,-1,-1,-1,
2026-03-18,16:34:43.430,7.97,98,100,100,0.040,68.34,51,0,7.77,-0.280,1.539,-2.27,53,0,-170.37,-22.67,10,0.00,3.76,3.80,3.78,3.79,3.80,3.77,3.80,3.78,30.37,14.7,29,29,0,-244,416,306,0,1005,0,0,1,-1,1,1,-1,-1,-1,-1,-1,-1,
2026-03-18,16:34:43.700,7.97,97,100,100,0.089,68.60,51,0,7.80,-0.334,1.491,-0.78,53,0,-165.13,-26.84,10,0.00,3.76,3.80,3.78,3.79,3.80,3.77,3.80,3.78,30.33,16.1,29,29,0,-276,484,361,0,1004,0,0,1,-1,1,1,-1,-1,-1,-1,-1,-1,
2026-03-18,16:34:43.960,7.96,98,100,100,0.068,68.29,53,0,7.81,-0.367,1.463,-0.40,48,0,-165.31,-28.38,10,0.00,3.76,3.80,3.78,3.79,3.79,3.77,3.80,3.78,30.33,16.1,29,29,0,-255,492,314,0,1005,0,0,1,-1,1,1,-1,-1,-1,-1,-1,-1,
2026-03-18,16:34:44.220,7.96,97,98,98,0.029,68.32,53,0,7.84,-0.431,1.621,-0.63,45,0,-162.03,-28.96,10,0.00,3.76,3.80,3.78,3.79,3.79,3.77,3.79,3.77,30.27,19.7,29,29,0,-206,493,143,0,1004,0,0,1,-1,1,1,-1,-1,-1,-1,-1,-1,
2026-03-18,16:34:44.480,7.97,98,98,98,0.049,68.53,50,0,7.81,-0.411,1.447,0.30,43,0,-155.11,-32.00,10,0.00,3.75,3.78,3.78,3.79,3.79,3.77,3.79,3.77,30.27,19.7,29,29,0,-257,493,324,0,1005,0,0,1,-1,1,1,-1,-1,-1,-1,-1,-1,
2026-03-18,16:34:44.750,7.96,98,98,97,0.046,69.31,49,0,7.83,-0.343,1.200,1.56,41,0,-153.89,-32.28,10,0.00,3.75,3.78,3.76,3.76,3.79,3.77,3.79,3.77,30.24,19.3,29,29,0,-225,493,384,0,1005,0,0,1,-1,1,1,-1,-1,-1,-1,-1,-1,
2026-03-18,16:34:45.020,7.97,100,100,96,0.073,70.70,50,0,7.85,-0.315,1.157,3.47,43,0,-144.26,-33.96,10,0.00,3.75,3.78,3.76,3.76,3.79,3.77,3.79,3.77,30.24,19.3,29,29,0,-193,493,363,0,1004,0,0,1,-1,1,1,-1,-1,-1,-1,-1,-1,
2026-03-18,16:34:45.290,7.97,100,100,93,0.066,71.99,52,0,7.81,-0.315,1.234,4.19,44,0,-140.18,-34.14,10,0.00,3.75,3.78,3.76,3.76,3.77,3.75,3.79,3.77,30.20,17.3,29,29,0,-280,493,354,0,1004,0,0,1,-1,1,1,-1,-1,-1,-1,-1,-1,
2026-03-18,16:34:45.560,7.96,99,99,89,0.045,73.49,50,0,7.81,-0.343,1.168,4.81,41,0,-132.24,-34.38,10,0.00,3.75,3.78,3.76,3.76,3.77,3.75,3.77,3.76,30.20,17.3,29,29,0,-262,494,269,0,1004,0,0,1,-1,1,1,-1,-1,-1,-1,-1,-1,
2026-03-18,16:34:45.830,7.97,95,95,86,0.045,76.58,48,0,7.82,-0.362,1.215,5.30,38,0,-126.47,-34.78,10,0.00,3.75,3.78,3.76,3.76,3.77,3.75,3.77,3.76,30.17,18.6,29,29,0,-238,494,262,0,1005,0,0,1,-1,1,1,-1,-1,-1,-1,-1,-1,
2026-03-18,16:34:46.090,7.97,92,92,82,0.111,77.84,47,0,7.79,-0.380,1.086,4.76,39,0,-122.68,-34.70,10,0.00,3.75,3.78,3.75,3.75,3.77,3.75,3.77,3.76,30.17,18.6,29,29,0,-203,536,306,0,1004,0,0,1,-1,1,1,-1,-1,-1,-1,-1,-1,
2026-03-18,16:34:46.360,7.97,91,91,81,0.093,79.30,47,0,7.83,-0.392,0.888,4.77,40,0,-120.49,-31.36,10,0.00,3.75,3.78,3.75,3.75,3.77,3.75,3.77,3.76,30.11,21.0,29,29,58,-155,581,454,0,1004,0,0,1,-1,1,1,-1,-1,-1,-1,-1,-1,
2026-03-18,16:34:46.640,7.96,96,96,81,0.106,80.47,47,0,7.82,-0.414,0.867,4.62,43,0,-121.41,-29.82,10,0.00,3.75,3.78,3.75,3.75,3.77,3.75,3.76,3.75,30.11,25.5,29,29,76,-349,595,322,0,1004,0,0,1,-1,1,1,-1,-1,-1,-1,-1,-1,
2026-03-18,16:34:46.920,7.97,97,97,81,0.090,81.29,47,0,7.81,-0.494,1.268,3.57,47,0,-119.37,-27.69,10,0.00,3.71,3.75,3.75,3.75,3.77,3.75,3.76,3.75,30.04,25.5,29,29,71,-347,598,239,0,1004,0,0,1,-1,1,1,-1,-1,-1,-1,-1,-1,
2026-03-18,16:34:47.190,7.96,98,98,81,0.089,81.29,46,0,7.83,-0.527,1.260,2.75,50,0,-116.64,-26.52,10,0.00,3.71,3.75,3.72,3.73,3.77,3.75,3.76,3.75,29.96,27.2,29,29,35,-306,597,165,0,1005,0,0,1,-1,1,1,-1,-1,-1,-1,-1,-1,
2026-03-18,16:34:47.470,7.96,97,97,81,0.071,82.95,46,0,7.83,-0.481,1.139,3.14,49,0,-112.55,-22.08,10,0.00,3.71,3.75,3.72,3.73,3.73,3.70,3.76,3.75,29.96,27.2,29,29,0,-374,596,0,0,1004,0,0,1,-1,1,1,-1,-1,-1,-1,-1,-1,
2026-03-18,16:34:47.730,7.97,97,97,81,0.063,83.45,46,0,7.79,-0.507,1.379,2.47,44,0,-109.60,-17.95,10,0.00,3.71,3.75,3.72,3.73,3.73,3.70,3.76,3.75,29.91,27.1,29,29,0,-412,596,104,0,1004,0,0,1,-1,1,1,-1,-1,-1,-1,-1,-1,
2026-03-18,16:34:48.000,7.97,94,94,77,0.074,83.53,44,0,7.78,-0.558,1.528,1.11,38,0,-108.66,-16.37,10,0.00,3.71,3.75,3.72,3.73,3.73,3.70,3.73,3.72,29.91,27.1,29,29,0,-404,596,130,0,1004,0,0,1,-1,1,1,-1,-1,-1,-1,-1,-1,
2026-03-18,16:34:48.260,7.97,92,92,77,0.079,83.67,43,0,7.81,-0.567,1.596,0.81,38,0,-107.22,-13.14,10,0.00,3.69,3.73,3.72,3.73,3.73,3.70,3.73,3.72,29.86,27.4,29,29,0,-393,596,1,0,1004,0,0,1,-1,1,1,-1,-1,-1,-1,-1,-1,
2026-03-18,16:34:48.520,7.97,92,92,76,0.077,83.38,43,0,7.81,-0.536,1.600,0.02,38,0,-109.85,-10.22,10,0.00,3.69,3.73,3.71,3.72,3.73,3.70,3.73,3.72,29.86,27.4,29,29,0,-305,595,69,0,1005,0,0,1,-1,1,1,-1,-1,-1,-1,-1,-1,
2026-03-18,16:34:48.780,7.97,90,90,77,0.063,82.73,44,0,7.84,-0.490,1.600,-1.35,39,0,-110.73,-8.56,10,0.00,3.69,3.73,3.71,3.72,3.72,3.69,3.73,3.72,29.83,27.4,29,29,0,-315,595,100,0,1004,0,0,1,-1,1,1,-1,-1,-1,-1,-1,-1,
2026-03-18,16:34:49.040,7.97,87,87,77,0.066,81.95,43,0,7.82,-0.455,1.413,-2.08,42,0,-110.58,-5.50,10,0.00,3.69,3.73,3.71,3.72,3.72,3.69,3.73,3.71,29.83,27.4,29,29,0,-327,595,0,0,1004,0,0,1,-1,1,1,-1,-1,-1,-1,-1,-1,
2026-03-18,16:34:49.310,7.96,85,85,80,0.088,81.04,43,0,7.81,-0.470,1.510,-2.83,45,0,-111.71,-4.55,10,0.00,3.68,3.73,3.71,3.72,3.72,3.69,3.73,3.71,29.80,26.8,29,29,0,-243,596,76,0,1004,0,0,1,-1,1,1,-1,-1,-1,-1,-1,-1,
2026-03-18,16:34:49.580,7.96,87,87,85,0.106,79.94,43,0,7.84,-0.421,1.424,-3.33,48,0,-116.55,-2.30,10,0.00,3.68,3.73,3.70,3.72,3.72,3.69,3.73,3.71,29.80,26.8,29,29,0,-165,596,0,0,1004,0,0,1,-1,1,1,-1,-1,-1,-1,-1,-1,
2026-03-18,16:34:49.840,7.96,91,91,88,0.083,78.86,45,0,7.85,-0.328,1.199,-3.68,51,0,-123.72,1.23,10,0.00,3.68,3.73,3.70,3.72,3.72,3.69,3.73,3.71,29.79,26.8,29,29,0,-164,613,0,0,1004,0,0,1,-1,1,1,-1,-1,-1,-1,-1,-1,
2026-03-18,16:34:50.110,7.96,93,93,91,0.043,77.62,45,0,7.86,-0.325,1.211,-3.98,52,0,-125.95,3.07,10,0.00,3.68,3.73,3.70,3.72,3.72,3.69,3.73,3.71,29.79,26.8,29,29,0,-121,648,0,0,1004,0,0,1,-1,1,1,-1,-1,-1,-1,-1,-1,
2026-03-18,16:34:50.380,7.97,93,93,92,0.005,76.58,44,0,7.83,-0.305,1.104,-3.83,54,0,-124.67,6.16,10,0.00,3.68,3.73,3.70,3.72,3.72,3.69,3.73,3.71,29.76,28.9,29,29,0,-115,640,0,0,1004,0,0,1,-1,1,1,-1,-1,-1,-1,-1,-1,
2026-03-18,16:34:50.640,7.97,91,92,92,0.021,75.53,44,0,7.84,-0.320,1.321,-3.66,56,0,-124.01,7.22,10,0.00,3.68,3.72,3.70,3.72,3.72,3.69,3.73,3.71,29.74,29.9,29,29,0,-98,640,0,0,1004,0,0,1,-1,1,1,-1,-1,-1,-1,-1,-1,
2026-03-18,16:34:50.900,7.97,87,92,92,0.046,74.25,44,0,7.85,-0.257,1.131,-4.18,57,0,-123.06,9.33,10,0.00,3.68,3.72,3.70,3.72,3.72,3.69,3.73,3.71,29.74,29.9,29,29,0,-66,639,0,0,1004,0,0,1,-1,1,1,-1,-1,-1,-1,-1,-1,
2026-03-18,16:34:51.170,7.97,84,91,91,0.060,73.08,43,0,7.86,-0.207,1.076,-3.93,59,0,-123.38,10.13,10,0.00,3.68,3.72,3.70,3.72,3.71,3.69,3.73,3.71,29.73,28.9,29,29,0,-40,639,-34,0,1004,0,0,1,-1,1,1,-1,-1,-1,-1,-1,-1,
2026-03-18,16:34:51.430,7.96,82,91,91,0.053,70.60,43,0,7.86,-0.187,1.150,-4.60,60,0,-125.49,11.61,10,0.00,3.68,3.72,3.70,3.72,3.71,3.69,3.73,3.71,29.73,28.9,29,29,0,-24,640,-275,0,1004,0,0,1,-1,1,1,-1,-1,-1,-1,-1,-1,
2026-03-18,16:34:51.690,7.97,82,91,91,-0.062,68.99,43,0,7.80,-0.136,1.114,-4.07,60,0,-137.43,12.35,10,0.00,3.68,3.72,3.70,3.72,3.71,3.69,3.73,3.71,29.74,28.0,29,29,0,-112,641,-308,0,1005,0,0,1,-1,1,1,-1,-1,-1,-1,-1,-1,
2026-03-18,16:34:51.950,7.97,88,95,95,-0.135,67.13,43,0,7.78,-0.185,1.328,-5.85,60,0,-142.84,11.71,10,0.00,3.68,3.72,3.70,3.72,3.71,3.69,3.73,3.71,29.74,28.0,29,29,0,-106,644,-350,0,1004,0,0,1,-1,1,1,-1,-1,-1,-1,-1,-1,
2026-03-18,16:34:52.220,7.96,90,96,96,-0.003,64.98,44,0,7.81,-0.133,1.249,-6.83,59,0,-149.33,9.26,10,0.00,3.68,3.72,3.70,3.72,3.71,3.69,3.73,3.71,29.74,28.0,29,29,0,1,646,-389,0,1004,0,0,1,-1,1,1,-1,-1,-1,-1,-1,-1,
2026-03-18,16:34:52.490,7.97,95,98,98,-0.019,62.75,45,0,7.81,-0.119,0.989,-7.38,59,0,-157.18,7.99,10,0.00,3.68,3.72,3.70,3.72,3.72,3.69,3.73,3.71,29.74,28.0,29,29,0,-37,662,-374,0,1004,0,0,1,-1,1,1,-1,-1,-1,-1,-1,-1,
2026-03-18,16:34:52.750,7.96,97,98,98,-0.104,60.88,46,0,7.84,-0.162,1.192,-6.98,60,0,-173.39,5.49,10,0.00,3.68,3.72,3.70,3.72,3.72,3.69,3.73,3.71,29.74,28.6,29,29,0,9,674,-56,0,1004,0,0,1,-1,1,1,-1,-1,-1,-1,-1,-1,
2026-03-18,16:34:53.020,7.97,98,99,99,-0.136,59.00,48,0,7.85,-0.112,0.970,-6.68,61,0,-175.27,3.22,10,0.00,3.68,3.73,3.70,3.72,3.72,3.69,3.73,3.71,29.74,28.6,29,29,0,12,674,-155,0,1005,0,0,1,-1,1,1,-1,-1,-1,-1,-1,-1,
2026-03-18,16:34:53.280,7.97,99,99,99,-0.044,57.15,49,0,7.86,-0.124,0.865,-6.52,62,0,-173.93,1.72,10,0.00,3.68,3.73,3.71,3.72,3.72,3.69,3.73,3.71,29.73,29.9,29,29,0,0,676,-304,0,1005,0,0,1,-1,1,1,-1,-1,-1,-1,-1,-1,
2026-03-18,16:34:53.560,7.96,97,99,99,0.102,54.88,50,0,7.80,-0.170,1.371,-7.03,62,0,167.52,1.78,10,0.00,3.68,3.73,3.71,3.72,3.72,3.69,3.73,3.71,29.73,29.9,29,29,0,-97,676,-185,0,1004,0,0,1,-1,1,1,-1,-1,-1,-1,-1,-1,
2026-03-18,16:34:53.830,7.96,98,99,99,-0.039,52.42,51,0,7.78,-0.227,1.714,-8.09,63,0,162.83,0.91,10,0.00,3.68,3.73,3.71,3.72,3.72,3.69,3.73,3.71,29.72,29.8,29,29,0,-172,676,100,0,1004,0,0,1,-1,1,1,-1,-1,-1,-1,-1,-1,
2026-03-18,16:34:54.090,7.97,98,99,99,-0.066,48.58,51,0,7.80,-0.111,1.161,-6.97,65,0,164.81,-0.63,10,0.00,3.68,3.72,3.71,3.72,3.72,3.69,3.73,3.71,29.72,29.8,29,29,0,-73,676,162,0,1004,0,0,1,-1,1,1,-1,-1,-1,-1,-1,-1,
2026-03-18,16:34:54.350,7.96,99,100,99,-0.071,47.23,53,0,7.81,-0.155,1.320,-5.47,67,0,173.89,-4.91,10,0.00,3.68,3.72,3.70,3.72,3.72,3.69,3.73,3.71,29.72,29.6,29,29,0,11,676,0,0,1005,0,0,1,-1,1,1,-1,-1,-1,-1,-1,-1,
2026-03-18,16:34:54.610,7.96,100,100,99,-0.003,46.03,56,0,7.81,-0.081,1.050,-4.74,69,0,175.53,-4.74,10,0.00,3.68,3.72,3.70,3.72,3.72,3.69,3.73,3.71,29.72,29.6,29,29,0,14,676,0,0,1005,0,0,1,-1,1,1,-1,-1,-1,-1,-1,-1,
2026-03-18,16:34:54.870,7.97,100,100,99,0.013,45.17,57,0,7.81,-0.099,1.047,-3.75,69,0,175.58,-5.26,10,0.00,3.68,3.72,3.70,3.72,3.71,3.69,3.73,3.71,29.72,29.4,29,29,0,14,676,0,0,1004,0,0,1,-1,1,1,-1,-1,-1,-1,-1,-1,
2026-03-18,16:34:55.130,7.97,99,100,100,-0.038,44.29,57,0,7.82,-0.126,1.192,-3.22,68,0,176.62,-5.20,10,0.00,3.68,3.72,3.70,3.72,3.71,3.69,3.73,3.71,29.72,29.4,29,29,0,14,675,0,0,1004,0,0,1,-1,1,1,-1,-1,-1,-1,-1,-1,
2026-03-18,16:34:55.400,7.97,99,100,100,0.000,43.52,58,0,7.84,-0.084,1.043,-3.00,63,0,178.69,-5.42,10,0.00,3.68,3.72,3.70,3.72,3.71,3.69,3.73,3.71,29.72,29.4,29,29,0,16,675,0,0,1005,0,0,1,-1,1,1,-1,-1,-1,-1,-1,-1,
2026-03-18,16:34:55.660,7.96,99,100,100,-0.029,42.81,58,0,7.85,-0.043,0.797,-2.59,62,0,-162.83,-5.59,10,0.00,3.68,3.72,3.70,3.72,3.71,3.69,3.73,3.71,29.72,29.3,29,29,0,21,676,0,0,1004,0,0,1,-1,1,1,-1,-1,-1,-1,-1,-1,
2026-03-18,16:34:55.930,7.96,100,100,100,0.034,42.22,60,0,7.83,-0.292,1.872,-2.27,68,0,-178.89,-6.07,10,0.00,3.68,3.72,3.70,3.72,3.71,3.69,3.73,3.71,29.72,29.3,29,29,0,37,675,0,0,1004,0,0,1,-1,1,1,-1,-1,-1,-1,-1,-1,
2026-03-18,16:34:56.190,7.97,99,100,100,-0.071,40.98,61,0,7.85,-0.106,0.999,-3.45,70,0,-160.23,-4.23,10,0.00,3.68,3.72,3.70,3.72,3.71,3.69,3.73,3.71,29.71,30.1,29,29,0,83,676,-31,0,1005,0,0,1,-1,1,1,-1,-1,-1,-1,-1,-1,
2026-03-18,16:34:56.460,7.97,98,100,100,0.018,40.73,62,0,7.85,-0.067,0.740,-2.11,68,0,-178.95,-4.42,10,0.00,3.68,3.72,3.70,3.72,3.71,3.69,3.73,3.71,29.71,30.1,29,29,0,107,676,-34,0,1004,0,0,1,-1,1,1,-1,-1,-1,-1,-1,-1,
2026-03-18,16:34:56.720,7.96,98,100,100,0.020,40.55,63,0,7.86,-0.001,0.718,-1.15,65,0,177.56,-4.27,10,0.00,3.68,3.72,3.70,3.72,3.71,3.69,3.73,3.71,29.70,29.5,29,29,0,33,676,0,0,1005,0,0,1,-1,1,1,-1,-1,-1,-1,-1,-1,
2026-03-18,16:34:56.990,7.97,97,100,100,-0.051,39.41,62,0,7.80,0.030,0.740,-1.71,70,0,178.75,-3.85,10,0.00,3.68,3.72,3.70,3.71,3.71,3.69,3.73,3.71,29.70,29.5,29,29,0,18,676,0,0,1005,0,0,1,-1,1,1,-1,-1,-1,-1,-1,-1,
2026-03-18,16:34:57.250,7.97,98,100,100,-0.035,38.62,62,0,7.80,-0.031,1.011,-2.48,72,0,178.78,-4.22,10,0.00,3.68,3.72,3.70,3.71,3.71,3.69,3.73,3.71,29.71,28.4,29,29,0,17,676,0,0,1005,0,0,1,-1,1,1,-1,-1,-1,-1,-1,-1,
2026-03-18,16:34:57.520,7.97,98,100,100,-0.001,37.66,61,0,7.79,-0.075,1.140,-2.89,70,0,-177.17,-4.35,10,0.00,3.68,3.72,3.70,3.71,3.71,3.69,3.73,3.71,29.71,28.4,29,29,0,6,676,-11,0,1004,0,0,1,-1,1,1,-1,-1,-1,-1,-1,-1,
2026-03-18,16:34:57.800,7.97,100,100,100,0.018,36.58,62,0,7.83,-0.116,0.898,-3.55,74,0,-178.63,-4.04,10,0.00,3.68,3.72,3.70,3.71,3.71,3.69,3.73,3.71,29.70,28.8,29,29,0,15,677,-1,0,1005,0,0,1,-1,1,1,-1,-1,-1,-1,-1,-1,
2026-03-18,16:34:58.060,7.97,99,100,100,0.061,35.69,65,0,7.80,-0.035,0.873,-3.24,77,0,-134.71,-4.61,10,0.00,3.68,3.72,3.70,3.71,3.71,3.69,3.73,3.71,29.70,28.8,29,29,0,0,677,-25,0,1004,0,0,1,-1,1,1,-1,-1,-1,-1,-1,-1,
2026-03-18,16:34:58.320,7.97,99,100,100,-0.049,34.98,66,0,7.82,-0.047,1.020,-2.77,79,0,179.16,-5.08,10,0.00,3.68,3.72,3.70,3.71,3.71,3.69,3.73,3.71,29.70,29.1,29,29,0,8,676,0,0,1004,0,0,1,-1,1,1,-1,-1,-1,-1,-1,-1,
2026-03-18,16:34:58.580,7.96,99,100,100,-0.123,34.20,68,0,7.81,-0.034,1.011,-2.85,81,0,-151.01,-5.63,10,0.00,3.68,3.72,3.70,3.71,3.71,3.69,3.72,3.71,29.70,29.1,29,29,0,-147,677,0,0,1004,0,0,1,-1,1,1,-1,-1,-1,-1,-1,-1,
2026-03-18,16:34:58.840,7.97,99,100,100,0.035,33.50,68,0,7.78,-0.096,1.735,-2.46,78,0,-175.33,-8.35,10,0.00,3.68,3.72,3.70,3.71,3.71,3.69,3.72,3.71,29.71,28.5,29,29,0,-103,676,0,0,1005,0,0,1,-1,1,1,-1,-1,-1,-1,-1,-1,
2026-03-18,16:34:59.110,7.96,98,100,100,0.082,32.32,67,0,7.81,-0.090,1.547,-3.29,76,0,-176.95,-9.56,10,0.00,3.68,3.72,3.70,3.71,3.71,3.69,3.72,3.71,29.71,28.5,29,29,0,8,677,-6,0,1004,0,0,1,-1,1,1,-1,-1,-1,-1,-1,-1,
2026-03-18,16:34:59.370,7.97,98,99,99,-0.136,31.51,67,0,7.79,-0.002,0.909,-3.27,78,0,-175.92,-10.49,10,0.00,3.68,3.72,3.70,3.72,3.71,3.69,3.72,3.71,29.71,27.8,29,30,0,-52,676,-22,0,1004,0,0,1,-1,1,1,-1,-1,-1,-1,-1,-1,
2026-03-18,16:34:59.650,7.97,99,99,99,0.013,31.70,66,0,7.82,-0.089,1.326,-1.31,76,0,-174.16,-11.84,10,0.00,3.68,3.72,3.70,3.72,3.71,3.69,3.72,3.71,29.71,28.2,29,30,0,7,677,0,0,1005,0,0,1,-1,1,1,-1,-1,-1,-1,-1,-1,
2026-03-18,16:34:59.920,7.97,100,100,99,0.041,32.03,64,0,7.83,-0.066,1.043,0.28,71,0,-174.55,-11.87,10,0.00,3.68,3.72,3.70,3.72,3.71,3.69,3.73,3.71,29.70,28.2,29,30,0,45,676,-195,0,1005,0,0,1,-1,1,1,-1,-1,-1,-1,-1,-1,
2026-03-18,16:35:00.180,7.96,99,99,99,-0.037,32.30,63,0,7.84,-0.058,1.063,0.66,71,0,-178.48,-10.68,10,0.00,3.68,3.72,3.70,3.72,3.71,3.69,3.73,3.71,29.70,28.8,29,30,0,-23,676,-226,0,1004,0,0,1,-1,1,1,-1,-1,-1,-1,-1,-1,
2026-03-18,16:35:00.450,7.96,99,99,99,-0.041,32.59,63,0,7.84,-0.098,0.938,0.87,69,0,166.23,-10.18,10,0.00,3.68,3.72,3.70,3.72,3.71,3.69,3.73,3.71,29.70,28.8,29,30,0,-33,676,-244,0,1005,0,0,1,-1,1,1,-1,-1,-1,-1,-1,-1,
2026-03-18,16:35:00.710,7.97,99,99,99,-0.071,33.09,61,0,7.82,-0.103,1.070,1.33,62,0,175.88,-11.60,10,0.00,3.68,3.72,3.70,3.72,3.71,3.69,3.73,3.71,29.69,29.0,29,30,0,9,676,-173,0,1005,0,0,1,-1,1,1,-1,-1,-1,-1,-1,-1,
2026-03-18,16:35:00.980,7.97,99,99,99,-0.038,33.60,59,0,7.83,-0.169,1.185,1.62,62,0,171.88,-12.31,10,0.00,3.68,3.72,3.70,3.72,3.71,3.69,3.72,3.70,29.69,29.0,29,30,0,-34,676,-217,0,1005,0,0,1,-1,1,1,-1,-1,-1,-1,-1,-1,
2026-03-18,16:35:01.260,7.97,99,99,99,-0.037,33.86,57,0,7.83,-0.132,1.007,1.35,65,0,169.15,-12.50,10,0.00,3.68,3.72,3.70,3.72,3.71,3.69,3.72,3.70,29.67,29.8,29,30,0,-53,676,-112,0,1005,0,0,1,-1,1,1,-1,-1,-1,-1,-1,-1,
2026-03-18,16:35:01.520,7.96,99,99,99,-0.060,34.08,55,0,7.80,-0.218,1.282,0.95,65,0,165.82,-13.74,10,0.00,3.67,3.72,3.70,3.72,3.71,3.69,3.72,3.70,29.67,29.8,29,30,0,-64,676,0,0,1004,0,0,1,-1,1,1,-1,-1,-1,-1,-1,-1,
2026-03-18,16:35:01.780,7.96,99,99,99,-0.019,34.42,54,0,7.83,-0.226,1.350,0.95,65,0,166.69,-15.36,10,0.00,3.67,3.72,3.69,3.71,3.71,3.69,3.72,3.70,29.65,30.6,29,30,0,0,676,0,0,1005,0,0,1,-1,1,1,-1,-1,-1,-1,-1,-1,
2026-03-18,16:35:02.040,7.97,97,99,99,-0.014,34.72,55,0,7.85,-0.219,1.118,1.06,58,0,167.97,-16.88,10,0.00,3.67,3.72,3.69,3.71,3.70,3.68,3.72,3.70,29.65,30.6,29,30,0,17,676,0,0,1004,0,0,1,-1,1,1,-1,-1,-1,-1,-1,-1,
2026-03-18,16:35:02.300,7.97,95,99,99,0.062,35.29,53,0,7.85,-0.340,1.781,1.46,54,0,169.68,-17.38,10,0.00,3.67,3.72,3.69,3.71,3.70,3.68,3.71,3.69,29.63,31.0,29,30,0,64,676,-30,0,1004,0,0,1,-1,1,1,-1,-1,-1,-1,-1,-1,
2026-03-18,16:35:02.570,7.97,94,99,99,-0.010,36.71,51,0,7.84,-0.116,0.516,2.07,54,0,168.77,-16.36,10,0.00,3.66,3.71,3.69,3.71,3.70,3.68,3.71,3.69,29.63,31.0,29,30,0,108,676,0,0,1005,0,0,1,-1,1,1,-1,-1,-1,-1,-1,-1,
2026-03-18,16:35:02.840,7.96,95,99,99,-0.116,37.75,51,0,7.85,-0.160,0.896,2.99,53,0,171.95,-14.36,10,0.00,3.66,3.71,3.68,3.70,3.70,3.68,3.71,3.69,29.62,30.9,29,30,0,52,676,0,0,1004,0,0,1,-1,1,1,-1,-1,-1,-1,-1,-1,
2026-03-18,16:35:03.110,7.97,93,99,99,-0.008,37.75,51,0,7.82,-0.185,0.844,3.69,52,0,174.90,-13.76,10,0.00,3.66,3.71,3.68,3.70,3.69,3.67,3.71,3.69,29.62,30.9,29,30,0,18,676,0,0,1005,0,0,1,-1,1,1,-1,-1,-1,-1,-1,-1,
2026-03-18,16:35:03.370,7.97,92,100,100,0.013,39.56,50,0,7.82,-0.290,1.344,3.10,53,0,175.18,-13.77,10,0.00,3.66,3.71,3.68,3.70,3.69,3.67,3.71,3.69,29.60,31.0,29,30,0,28,676,0,0,1004,0,0,1,-1,1,1,-1,-1,-1,-1,-1,-1,
2026-03-18,16:35:03.640,7.96,91,100,100,-0.058,40.00,49,0,7.83,-0.287,1.214,1.94,55,0,178.88,-13.09,10,0.00,3.66,3.71,3.68,3.70,3.69,3.67,3.71,3.69,29.60,31.5,29,30,0,38,676,-6,0,1005,0,0,1,-1,1,1,-1,-1,-1,-1,-1,-1,
2026-03-18,16:35:03.900,7.97,92,100,100,-0.025,40.80,48,0,7.85,-0.255,0.994,2.38,55,0,-168.21,-12.65,10,0.00,3.66,3.70,3.68,3.70,3.69,3.67,3.71,3.69,29.57,31.5,29,30,0,60,676,-42,0,1005,0,0,1,-1,1,1,-1,-1,-1,-1,-1,-1,
2026-03-18,16:35:04.160,7.96,89,100,100,-0.014,41.80,47,0,7.83,-0.298,1.050,3.12,56,0,-177.83,-11.98,10,0.00,3.66,3.70,3.68,3.70,3.69,3.67,3.71,3.69,29.55,32.2,29,30,0,102,676,-87,0,1005,0,0,1,-1,1,1,-1,-1,-1,-1,-1,-1,
2026-03-18,16:35:04.420,7.97,89,100,100,-0.023,42.14,47,0,7.85,-0.285,0.849,2.07,58,0,-178.31,-11.76,10,0.00,3.66,3.70,3.68,3.70,3.69,3.67,3.71,3.69,29.55,32.2,29,30,0,205,676,-80,0,1005,0,0,1,-1,1,1,-1,-1,-1,-1,-1,-1,
2026-03-18,16:35:04.680,7.96,91,100,100,0.068,42.95,47,0,7.85,-0.270,0.588,2.25,58,0,-178.08,-9.19,10,0.00,3.66,3.70,3.68,3.70,3.69,3.67,3.70,3.68,29.51,33.1,29,30,0,119,676,-92,0,1005,0,0,1,-1,1,1,-1,-1,-1,-1,-1,-1,
2026-03-18,16:35:04.950,7.96,94,100,100,0.096,44.25,47,0,7.86,-0.214,0.656,3.49,56,0,-178.82,-7.78,10,0.00,3.64,3.69,3.68,3.70,3.69,3.67,3.70,3.68,29.51,33.1,29,30,0,137,677,-93,0,1004,0,0,1,-1,1,1,-1,-1,-1,-1,-1,-1,
2026-03-18,16:35:05.220,7.97,98,100,100,0.036,45.71,50,0,7.81,-0.199,0.723,3.76,55,0,176.68,-5.96,10,0.00,3.64,3.69,3.67,3.69,3.69,3.67,3.70,3.68,29.50,32.4,29,30,0,63,677,-97,0,1004,0,0,1,-1,1,1,-1,-1,-1,-1,-1,-1,
2026-03-18,16:35:05.490,7.96,99,100,100,-0.141,46.75,53,0,7.83,-0.247,1.036,3.01,55,0,178.55,-5.56,10,0.00,3.64,3.69,3.67,3.69,3.68,3.66,3.70,3.68,29.50,32.4,29,30,0,0,676,0,0,1005,0,0,1,-1,1,1,-1,-1,-1,-1,-1,-1,
2026-03-18,16:35:05.750,7.97,99,100,100,-0.116,46.77,53,0,7.82,-0.278,1.017,1.75,55,0,-168.41,-6.20,10,0.00,3.64,3.69,3.67,3.69,3.68,3.66,3.70,3.68,29.49,32.4,29,30,0,-183,676,364,0,1004,0,0,1,-1,1,1,-1,-1,-1,-1,-1,-1,
2026-03-18,16:35:06.020,7.97,98,100,100,0.028,46.74,51,0,7.78,-0.413,1.754,0.39,55,0,-169.23,-11.93,10,0.00,3.64,3.69,3.67,3.69,3.68,3.66,3.69,3.68,29.49,32.4,29,30,0,-313,676,304,0,1005,0,0,1,-1,1,1,-1,-1,-1,-1,-1,-1,
2026-03-18,16:35:06.300,7.96,93,100,100,0.122,46.20,50,0,7.77,-0.432,1.894,-0.78,53,0,-165.36,-17.78,10,0.00,3.64,3.69,3.67,3.69,3.68,3.66,3.69,3.68,29.48,32.0,29,30,0,-315,676,244,0,1004,0,0,1,-1,1,1,-1,-1,-1,-1,-1,-1,
2026-03-18,16:35:06.570,7.96,92,100,100,0.065,45.54,48,0,7.77,-0.386,1.768,-1.95,54,0,-166.88,-21.07,10,0.00,3.64,3.69,3.67,3.69,3.68,3.66,3.69,3.68,29.48,32.0,29,30,0,-173,676,409,0,1004,0,0,1,-1,1,1,-1,-1,-1,-1,-1,-1,
2026-03-18,16:35:06.830,7.96,88,100,100,0.031,46.13,47,0,7.81,-0.328,1.361,0.02,54,0,-156.43,-23.42,10,0.00,3.64,3.69,3.67,3.69,3.68,3.66,3.69,3.68,29.47,31.9,29,30,0,-163,677,404,0,1004,0,0,1,-1,1,1,-1,-1,-1,-1,-1,-1,
2026-03-18,16:35:07.100,7.96,84,100,100,0.052,47.52,46,0,7.79,-0.407,1.281,2.71,55,0,-147.20,-23.66,10,0.00,3.64,3.69,3.67,3.69,3.68,3.66,3.69,3.68,29.47,31.9,29,30,0,-293,676,268,0,1005,0,0,1,-1,1,1,-1,-1,-1,-1,-1,-1,
2026-03-18,16:35:07.370,7.97,73,100,100,0.106,49.42,44,0,7.77,-0.376,1.455,5.35,57,0,-137.85,-25.74,10,0.00,3.64,3.69,3.67,3.69,3.68,3.66,3.69,3.68,29.45,32.3,29,30,0,-301,676,277,0,1004,0,0,1,-1,1,1,-1,-1,-1,-1,-1,-1,
2026-03-18,16:35:07.630,7.97,75,100,100,0.070,51.18,45,0,7.76,-0.426,1.500,5.74,59,0,-133.94,-27.57,10,0.00,3.64,3.69,3.67,3.68,3.68,3.66,3.69,3.68,29.45,32.7,29,30,0,-308,677,306,0,1004,0,0,1,-1,1,1,-1,-1,-1,-1,-1,-1,
2026-03-18,16:35:07.890,7.96,81,100,100,0.020,54.62,47,0,7.81,-0.441,1.616,6.04,59,0,-129.62,-27.76,10,0.00,3.64,3.69,3.67,3.68,3.67,3.65,3.69,3.68,29.43,32.7,29,30,0,-288,676,330,0,1005,0,0,1,-1,1,1,-1,-1,-1,-1,-1,-1,
2026-03-18,16:35:08.170,7.96,85,99,99,0.034,56.80,46,0,7.81,-0.440,1.470,6.90,58,0,-115.82,-27.58,10,0.00,3.64,3.69,3.67,3.68,3.67,3.65,3.68,3.67,29.40,33.3,29,30,0,-369,676,178,0,1005,0,0,1,-1,1,1,-1,-1,-1,-1,-1,-1,
2026-03-18,16:35:08.430,7.96,84,99,99,0.084,58.89,45,0,7.79,-0.523,1.505,7.38,59,0,-110.22,-27.19,10,0.00,3.64,3.69,3.67,3.68,3.67,3.65,3.68,3.67,29.40,33.3,29,30,0,-392,676,72,0,1004,0,0,1,-1,1,1,-1,-1,-1,-1,-1,-1,
2026-03-18,16:35:08.690,7.97,82,99,99,0.090,60.07,44,0,7.77,-0.536,1.667,5.72,59,0,-107.84,-26.45,10,0.00,3.63,3.67,3.67,3.68,3.67,3.65,3.68,3.67,29.38,34.0,29,30,0,-376,676,91,0,1004,0,0,1,-1,1,1,-1,-1,-1,-1,-1,-1,
2026-03-18,16:35:08.960,7.97,85,99,99,0.105,61.89,44,0,7.77,-0.517,1.552,5.54,58,0,-104.47,-23.37,10,0.00,3.63,3.67,3.66,3.67,3.67,3.65,3.68,3.67,29.38,34.0,29,30,0,-378,676,103,0,1004,0,0,1,-1,1,1,-1,-1,-1,-1,-1,-1,
2026-03-18,16:35:09.220,7.96,84,99,99,0.074,63.65,44,0,7.76,-0.573,1.586,6.20,57,0,-103.07,-21.38,10,0.00,3.63,3.67,3.66,3.67,3.66,3.64,3.68,3.67,29.35,34.0,29,30,0,-395,676,94,0,1005,0,0,1,-1,1,1,-1,-1,-1,-1,-1,-1,
2026-03-18,16:35:09.490,7.97,86,99,99,0.122,65.39,44,0,7.76,-0.505,1.354,5.98,59,0,-102.39,-16.76,10,0.00,3.63,3.67,3.66,3.67,3.66,3.64,3.67,3.66,29.35,34.0,29,30,0,-408,676,98,0,1005,0,0,1,-1,1,1,-1,-1,-1,-1,-1,-1,
2026-03-18,16:35:09.760,7.97,86,99,99,0.100,66.93,43,0,7.76,-0.519,1.475,5.73,59,0,-102.62,-14.17,10,0.00,3.62,3.66,3.66,3.67,3.66,3.64,3.67,3.66,29.32,34.0,29,30,0,-422,676,168,0,1004,0,0,1,-1,1,1,-1,-1,-1,-1,-1,-1,
2026-03-18,16:35:10.030,7.96,92,99,99,0.042,67.88,45,0,7.76,-0.562,1.678,4.52,59,0,-103.74,-8.98,10,0.00,3.62,3.66,3.65,3.67,3.66,3.64,3.67,3.66,29.32,34.0,29,30,0,-426,676,177,0,1004,0,0,1,-1,1,1,-1,-1,-1,-1,-1,-1,
2026-03-18,16:35:10.290,7.96,95,99,99,0.095,68.35,47,0,7.80,-0.636,1.660,2.90,60,0,-101.04,-4.12,10,0.00,3.62,3.66,3.65,3.67,3.66,3.63,3.67,3.66,29.30,34.3,29,30,0,-408,677,0,0,1004,0,0,1,-1,1,1,-1,-1,-1,-1,-1,-1,
2026-03-18,16:35:10.560,7.96,99,99,99,0.081,68.21,46,0,7.83,-0.526,1.660,0.25,59,0,-103.94,-2.23,10,0.00,3.62,3.66,3.65,3.67,3.66,3.63,3.67,3.65,29.30,34.3,29,30,0,-343,677,-26,0,1004,0,0,1,-1,1,1,-1,-1,-1,-1,-1,-1,
2026-03-18,16:35:10.830,7.96,96,99,99,0.052,67.80,46,0,7.79,-0.541,1.559,-0.85,59,0,-107.11,1.77,10,0.00,3.62,3.66,3.65,3.67,3.66,3.63,3.67,3.65,29.28,33.7,29,30,0,-299,677,-95,0,1005,0,0,1,-1,1,1,-1,-1,-1,-1,-1,-1,
2026-03-18,16:35:11.090,7.96,90,99,99,0.034,67.12,45,0,7.80,-0.397,1.549,-1.66,62,0,-106.93,4.07,10,0.00,3.61,3.66,3.65,3.67,3.66,3.63,3.67,3.65,29.28,33.7,29,30,0,-44,676,-552,0,1004,0,0,1,-1,1,1,-1,-1,-1,-1,-1,-1,
2026-03-18,16:35:11.360,7.96,79,99,99,0.019,66.03,43,0,7.81,-0.302,0.921,-2.93,63,0,-118.06,8.23,10,0.00,3.61,3.66,3.65,3.66,3.66,3.63,3.67,3.65,29.27,33.5,29,30,0,-1,676,-674,0,1004,0,0,1,-1,1,1,-1,-1,-1,-1,-1,-1,
2026-03-18,16:35:11.620,7.96,72,99,99,-0.017,65.32,42,0,7.84,-0.259,0.785,-2.73,64,0,-149.52,8.02,10,0.00,3.61,3.66,3.65,3.66,3.66,3.63,3.67,3.65,29.27,33.5,29,30,0,-181,676,-487,0,1004,0,0,1,-1,1,1,-1,-1,-1,-1,-1,-1,
2026-03-18,16:35:11.880,7.96,73,99,99,-0.097,64.06,44,0,7.85,-0.332,1.333,-3.42,66,0,-163.39,5.31,10,0.00,3.61,3.66,3.65,3.66,3.66,3.63,3.67,3.66,29.27,33.5,29,30,0,-107,676,-286,0,1004,0,0,1,-1,1,1,-1,-1,-1,-1,-1,-1,
2026-03-18,16:35:12.140,7.96,85,100,100,-0.170,62.05,47,0,7.84,-0.255,1.215,-5.51,66,0,-169.84,0.57,10,0.00,3.62,3.66,3.65,3.66,3.66,3.63,3.67,3.66,29.27,32.3,29,30,-3,-69,676,-281,0,1005,0,0,1,-1,1,1,-1,-1,-1,-1,-1,-1,
2026-03-18,16:35:12.420,7.97,94,100,100,-0.087,60.34,50,0,7.85,-0.201,1.334,-5.99,68,0,-168.26,-0.64,10,0.00,3.62,3.66,3.66,3.67,3.66,3.63,3.67,3.66,29.29,32.3,29,30,-35,-24,675,-276,0,1005,0,0,1,-1,1,1,-1,-1,-1,-1,-1,-1,
2026-03-18,16:35:12.680,7.96,98,100,100,-0.006,58.85,51,0,7.81,-0.187,1.093,-5.58,68,0,-174.76,-2.46,10,0.00,3.62,3.66,3.66,3.67,3.66,3.64,3.67,3.66,29.31,30.3,29,30,-34,-150,674,0,0,1004,0,0,1,-1,1,1,-1,-1,-1,-1,-1,-1,
2026-03-18,16:35:12.960,7.96,97,100,100,0.023,57.40,50,0,7.78,-0.255,1.459,-5.20,69,0,-178.10,-5.57,10,0.00,3.62,3.66,3.66,3.67,3.66,3.64,3.67,3.66,29.31,30.3,29,30,-31,-77,675,-20,0,1004,0,0,1,-1,1,1,-1,-1,-1,-1,-1,-1,
2026-03-18,16:35:13.240,7.97,92,100,100,0.039,54.25,47,0,7.78,-0.225,1.459,-5.44,67,0,-178.10,-5.57,10,0.00,3.62,3.66,3.66,3.67,3.66,3.64,3.68,3.67,29.33,30.1,29,30,-32,0,674,-185,0,1005,0,0,1,-1,1,1,-1,-1,-1,-1,-1,-1,
2026-03-18,16:35:13.500,7.97,92,100,100,-0.005,53.05,49,0,7.82,-0.169,1.068,-4.81,65,0,169.99,-8.30,10,0.00,3.63,3.67,3.66,3.67,3.66,3.64,3.68,3.67,29.33,30.1,29,30,-35,-64,674,-153,0,1004,0,0,1,-1,1,1,-1,-1,-1,-1,-1,-1,
2026-03-18,16:35:13.760,7.96,93,100,100,-0.043,52.22,50,0,7.78,-0.205,1.253,-3.66,63,0,176.63,-8.92,10,0.00,3.63,3.67,3.67,3.68,3.66,3.64,3.68,3.67,29.36,29.8,29,30,-34,-77,674,-70,0,1005,0,0,1,-1,1,1,-1,-1,-1,-1,-1,-1,
2026-03-18,16:35:14.030,7.96,99,100,100,-0.058,51.12,53,0,7.77,-0.226,1.592,-3.59,66,0,177.73,-11.16,10,0.00,3.63,3.67,3.67,3.68,3.67,3.65,3.68,3.67,29.36,29.8,29,30,-36,-87,674,-206,0,1004,0,0,1,-1,1,1,-1,-1,-1,-1,-1,-1,
2026-03-18,16:35:14.300,7.96,98,100,100,0.009,50.12,54,0,7.77,-0.154,1.089,-3.68,69,0,176.63,-12.78,10,0.00,3.63,3.67,3.67,3.68,3.67,3.65,3.68,3.67,29.38,29.6,29,30,-101,-95,673,-472,0,1004,0,0,1,-1,1,1,-1,-1,-1,-1,-1,-1,
2026-03-18,16:35:14.570,7.96,98,100,100,-0.010,49.70,56,0,7.79,-0.137,1.134,-2.58,71,0,167.42,-14.63,10,0.00,3.64,3.68,3.67,3.68,3.67,3.65,3.68,3.67,29.38,29.6,29,30,-109,-157,673,-436,0,1005,0,0,1,-1,1,1,-1,-1,-1,-1,-1,-1,
2026-03-18,16:35:14.830,7.97,97,100,100,-0.145,49.46,61,0,7.78,-0.232,1.415,-1.29,73,0,148.48,-18.47,10,0.00,3.64,3.68,3.67,3.68,3.67,3.65,3.68,3.67,29.39,29.5,29,30,-107,-201,674,-417,0,1004,0,0,1,-1,1,1,-1,-1,-1,-1,-1,-1,
2026-03-18,16:35:15.100,7.97,99,100,100,-0.124,49.07,62,0,7.77,-0.298,1.729,-1.35,73,0,142.96,-19.87,10,0.00,3.64,3.68,3.67,3.68,3.67,3.65,3.68,3.67,29.39,29.5,29,30,-106,-243,674,-367,0,1005,0,0,1,-1,1,1,-1,-1,-1,-1,-1,-1,
2026-03-18,16:35:15.370,7.96,99,100,100,-0.071,48.88,62,0,7.76,-0.270,1.632,-0.96,75,0,132.11,-21.54,10,0.00,3.64,3.68,3.67,3.68,3.67,3.65,3.69,3.67,29.39,30.1,29,30,-93,-289,673,-90,0,1004,0,0,1,-1,1,1,-1,-1,-1,-1,-1,-1,
2026-03-18,16:35:15.630,7.96,99,100,100,-0.091,48.45,62,0,7.76,-0.382,2.015,-0.63,73,0,126.24,-22.62,10,0.00,3.64,3.68,3.67,3.68,3.67,3.65,3.69,3.67,29.39,30.1,29,30,-85,-238,674,-140,0,1004,0,0,1,-1,1,1,-1,-1,-1,-1,-1,-1,
2026-03-18,16:35:15.890,7.96,99,100,100,-0.062,48.46,61,0,7.76,-0.356,1.787,-0.58,71,0,125.33,-22.51,10,0.00,3.64,3.68,3.67,3.68,3.67,3.65,3.69,3.67,29.39,30.3,29,30,-85,-297,674,-210,0,1004,0,0,1,-1,1,1,-1,-1,-1,-1,-1,-1,
2026-03-18,16:35:16.160,7.97,97,100,100,-0.022,49.54,60,0,7.76,-0.328,1.639,1.73,72,0,117.32,-21.67,10,0.00,3.64,3.68,3.67,3.68,3.67,3.65,3.69,3.67,29.39,30.9,29,30,-85,-368,675,-190,0,1004,0,0,1,-1,1,1,-1,-1,-1,-1,-1,-1,
2026-03-18,16:35:16.430,7.96,97,100,100,-0.053,50.46,59,0,7.76,-0.437,1.931,3.00,73,0,108.12,-22.65,10,0.00,3.64,3.68,3.67,3.68,3.67,3.65,3.69,3.67,29.39,30.9,29,30,-86,-390,674,-189,0,1005,0,0,1,-1,1,1,-1,-1,-1,-1,-1,-1,
2026-03-18,16:35:16.690,7.96,97,100,100,-0.104,51.31,59,0,7.76,-0.523,2.170,2.95,70,0,104.51,-22.72,10,0.00,3.64,3.68,3.67,3.68,3.67,3.65,3.68,3.67,29.37,31.5,29,30,-86,-447,674,-50,0,1004,0,0,1,-1,1,1,-1,-1,-1,-1,-1,-1,
2026-03-18,16:35:16.950,7.96,98,100,100,-0.102,52.32,60,0,7.74,-0.505,2.098,3.15,64,0,106.37,-22.31,10,0.00,3.63,3.67,3.67,3.68,3.67,3.65,3.68,3.67,29.37,31.5,29,30,-80,-470,675,0,0,1005,0,0,1,-1,1,1,-1,-1,-1,-1,-1,-1,
2026-03-18,16:35:17.210,7.96,99,100,100,-0.080,53.43,60,0,7.80,-0.653,2.424,3.64,63,0,107.17,-22.46,10,0.00,3.63,3.67,3.66,3.67,3.67,3.65,3.68,3.67,29.35,32.2,29,30,-77,-366,675,-167,0,1004,0,0,1,-1,1,1,-1,-1,-1,-1,-1,-1,
2026-03-18,16:35:17.490,7.96,99,100,100,-0.066,54.30,60,0,7.82,-0.524,1.860,3.27,65,0,104.28,-20.32,10,0.00,3.63,3.67,3.66,3.67,3.66,3.64,3.68,3.67,29.35,32.2,29,30,-81,-253,674,-265,0,1005,0,0,1,-1,1,1,-1,-1,-1,-1,-1,-1,
2026-03-18,16:35:17.760,7.97,98,100,100,-0.094,55.46,59,0,7.80,-0.437,1.602,3.48,64,0,98.74,-16.54,10,0.00,3.63,3.67,3.66,3.67,3.66,3.64,3.68,3.67,29.33,32.5,29,30,-79,-434,674,0,0,1005,0,0,1,-1,1,1,-1,-1,-1,-1,-1,-1,
2026-03-18,16:35:18.020,7.97,96,100,100,-0.094,56.87,54,0,7.78,-0.501,1.941,4.40,63,0,100.13,-15.21,10,0.00,3.63,3.67,3.66,3.67,3.66,3.64,3.67,3.66,29.33,32.5,29,30,-77,-425,674,0,0,1004,0,0,1,-1,1,1,-1,-1,-1,-1,-1,-1,
2026-03-18,16:35:18.290,7.97,91,100,100,-0.047,58.89,50,0,7.79,-0.550,1.804,4.25,60,0,102.68,-12.82,10,0.00,3.62,3.66,3.66,3.67,3.66,3.64,3.67,3.66,29.30,32.7,29,30,-70,-293,675,58,0,1005,0,0,1,-1,1,1,-1,-1,-1,-1,-1,-1,
2026-03-18,16:35:18.550,7.96,90,100,100,-0.049,59.94,49,0,7.80,-0.469,1.492,3.64,58,0,103.71,-10.82,10,0.00,3.62,3.66,3.65,3.66,3.66,3.64,3.67,3.66,29.30,32.7,29,30,-55,-164,675,0,0,1004,0,0,1,-1,1,1,-1,-1,-1,-1,-1,-1,
2026-03-18,16:35:18.820,7.96,91,100,100,-0.040,60.75,48,0,7.81,-0.439,1.329,3.24,57,0,106.20,-8.48,10,0.00,3.62,3.66,3.65,3.66,3.65,3.63,3.67,3.66,29.28,33.2,29,30,-26,-240,676,173,0,1004,0,0,1,-1,1,1,-1,-1,-1,-1,-1,-1,
2026-03-18,16:35:19.090,7.96,90,100,100,-0.079,61.38,45,0,7.81,-0.459,1.475,2.62,58,0,110.49,-4.21,10,0.00,3.62,3.66,3.65,3.66,3.65,3.63,3.67,3.65,29.28,33.2,29,30,0,-219,676,183,0,1005,0,0,1,-1,1,1,-1,-1,-1,-1,-1,-1,
2026-03-18,16:35:19.350,7.96,92,100,100,-0.063,61.39,46,0,7.79,-0.426,1.386,1.36,61,0,120.45,-1.82,10,0.00,3.61,3.66,3.65,3.66,3.65,3.63,3.67,3.65,29.27,33.4,29,30,0,-232,676,36,0,1005,0,0,1,-1,1,1,-1,-1,-1,-1,-1,-1,
2026-03-18,16:35:19.620,7.96,94,100,100,-0.018,61.17,51,0,7.82,-0.416,1.406,-0.06,61,0,125.99,0.00,10,0.00,3.61,3.66,3.64,3.66,3.65,3.63,3.67,3.65,29.27,33.4,29,30,0,-212,675,116,0,1004,0,0,1,-1,1,1,-1,-1,-1,-1,-1,-1,
2026-03-18,16:35:19.890,7.96,99,100,100,-0.029,60.74,51,0,7.79,-0.439,1.496,-0.84,61,0,125.33,0.69,10,0.00,3.61,3.66,3.64,3.66,3.65,3.63,3.67,3.65,29.26,33.1,29,30,-9,-217,675,256,0,1005,0,0,1,-1,1,1,-1,-1,-1,-1,-1,-1,
2026-03-18,16:35:20.160,7.97,99,100,100,-0.057,60.45,50,0,7.80,-0.367,1.330,-1.13,61,0,132.39,0.84,10,0.00,3.61,3.66,3.64,3.66,3.65,3.63,3.66,3.65,29.26,32.6,29,30,0,-262,676,0,0,1005,0,0,1,-1,1,1,-1,-1,-1,-1,-1,-1,
2026-03-18,16:35:20.420,7.96,99,100,100,-0.032,59.86,51,0,7.79,-0.420,1.542,-1.43,65,0,137.83,-0.17,10,0.00,3.61,3.66,3.64,3.66,3.65,3.63,3.66,3.65,29.25,32.6,29,30,-13,-195,675,-124,0,1005,0,0,1,-1,1,1,-1,-1,-1,-1,-1,-1,
2026-03-18,16:35:20.690,7.96,99,100,100,-0.022,59.19,51,0,7.79,-0.397,1.470,-2.08,66,0,137.54,-2.57,10,0.00,3.61,3.66,3.64,3.66,3.65,3.63,3.66,3.65,29.24,32.5,29,30,-28,-322,671,71,0,1005,0,0,1,-1,1,1,-1,-1,-1,-1,-1,-1,
2026-03-18,16:35:20.960,7.96,99,100,100,-0.070,58.11,51,0,7.77,-0.432,1.725,-1.73,68,0,139.42,-5.48,10,0.00,3.61,3.66,3.64,3.66,3.65,3.63,3.66,3.65,29.24,32.5,29,30,-23,-250,656,0,0,1004,0,0,1,-1,1,1,-1,-1,-1,-1,-1,-1,
2026-03-18,16:35:21.230,7.97,99,100,100,-0.064,57.59,51,0,7.81,-0.361,1.765,-1.63,68,0,141.77,-8.20,10,0.00,3.61,3.66,3.64,3.66,3.65,3.63,3.66,3.65,29.25,31.2,29,30,-28,-163,610,-163,0,1005,0,0,1,-1,1,1,-1,-1,-1,-1,-1,-1,
2026-03-18,16:35:21.490,7.96,98,100,100,-0.043,57.36,51,0,7.84,-0.312,1.384,-1.37,68,0,142.47,-9.57,10,0.00,3.61,3.66,3.64,3.66,3.65,3.63,3.67,3.65,29.25,31.2,29,30,-25,-132,571,-206,0,1004,0,0,1,-1,1,1,-1,-1,-1,-1,-1,-1,
2026-03-18,16:35:21.760,7.96,97,100,100,-0.093,57.57,52,0,7.83,-0.203,1.544,-0.22,68,0,139.64,-9.55,10,0.00,3.62,3.66,3.64,3.66,3.65,3.63,3.67,3.65,29.35,25.0,29,30,-6,-161,487,-290,0,1004,0,0,1,-1,1,1,-1,-1,-1,-1,-1,-1,
2026-03-18,16:35:22.030,7.97,97,100,100,-0.144,57.91,52,0,7.80,-0.125,1.059,0.67,67,0,137.54,-9.10,10,0.00,3.62,3.66,3.66,3.68,3.65,3.63,3.67,3.65,29.35,25.0,29,30,0,-406,487,-134,0,1004,0,0,1,-1,1,1,-1,-1,-1,-1,-1,-1,
2026-03-18,16:35:22.310,7.96,97,100,100,-0.098,58.46,52,0,7.76,-0.335,2.186,1.49,66,0,134.89,-12.56,10,0.00,3.62,3.66,3.66,3.68,3.68,3.66,3.67,3.65,29.42,18.3,29,30,-17,-358,492,-139,0,1004,0,0,1,-1,1,1,-1,-1,-1,-1,-1,-1,
2026-03-18,16:35:22.570,7.96,98,100,100,-0.086,57.98,54,0,7.80,-0.327,2.279,0.17,66,0,133.43,-16.47,10,0.00,3.62,3.66,3.66,3.68,3.68,3.66,3.70,3.68,29.42,18.3,29,30,-30,-246,494,-209,0,1004,0,0,1,-1,1,1,-1,-1,-1,-1,-1,-1,
2026-03-18,16:35:22.850,7.97,97,100,100,-0.117,56.79,54,0,7.82,-0.259,1.376,-2.79,67,0,131.50,-17.37,10,0.00,3.62,3.66,3.66,3.68,3.68,3.66,3.70,3.68,29.45,19.2,29,30,0,-271,576,-188,0,1005,0,0,1,-1,1,1,-1,-1,-1,-1,-1,-1,
2026-03-18,16:35:23.110,7.97,96,100,100,-0.107,56.79,53,0,7.82,-0.340,1.493,-0.67,66,0,129.40,-19.43,10,0.00,3.66,3.70,3.66,3.68,3.68,3.66,3.70,3.68,29.45,19.2,29,30,-12,-270,579,-337,0,1004,0,0,1,-1,1,1,-1,-1,-1,-1,-1,-1,
2026-03-18,16:35:23.370,7.96,96,100,100,-0.116,57.62,53,0,7.79,-0.339,1.488,1.02,61,0,127.20,-19.97,10,0.00,3.66,3.70,3.68,3.69,3.68,3.66,3.70,3.68,29.45,23.9,29,30,-18,-400,576,-136,0,1004,0,0,1,-1,1,1,-1,-1,-1,-1,-1,-1,
2026-03-18,16:35:23.650,7.96,96,100,100,-0.140,57.57,54,0,7.77,-0.391,1.908,0.04,58,0,125.22,-21.79,10,0.00,3.66,3.70,3.68,3.69,3.68,3.66,3.70,3.68,29.45,24.6,29,30,-26,-362,575,-262,0,1005,0,0,1,-1,1,1,-1,-1,-1,-1,-1,-1,
2026-03-18,16:35:23.910,7.97,94,100,100,-0.066,57.68,52,0,7.79,-0.432,1.751,0.00,61,0,125.99,-23.41,10,0.00,3.66,3.70,3.68,3.69,3.68,3.66,3.69,3.68,29.45,24.6,29,30,-32,-344,575,-287,0,1004,0,0,1,-1,1,1,-1,-1,-1,-1,-1,-1,
2026-03-18,16:35:24.170,7.97,90,100,100,-0.074,58.10,52,0,7.77,-0.405,1.654,0.98,65,0,125.99,-23.41,10,0.00,3.64,3.69,3.68,3.69,3.68,3.66,3.69,3.68,29.45,24.6,29,30,-38,-352,574,-259,0,1004,0,0,1,-1,1,1,-1,-1,-1,-1,-1,-1,
2026-03-18,16:35:24.450,7.96,90,100,100,-0.127,58.14,53,0,7.78,-0.444,1.825,0.60,68,0,116.63,-23.61,10,0.00,3.64,3.69,3.67,3.68,3.68,3.66,3.69,3.68,29.45,24.6,29,30,-40,-482,575,0,0,1004,0,0,1,-1,1,1,-1,-1,-1,-1,-1,-1,
2026-03-18,16:35:24.730,7.96,93,100,100,-0.090,58.26,53,0,7.77,-0.520,2.009,0.44,72,0,115.45,-24.78,10,0.00,3.64,3.69,3.67,3.68,3.67,3.66,3.69,3.68,29.44,24.4,29,30,-46,-437,574,0,0,1005,0,0,1,-1,1,1,-1,-1,-1,-1,-1,-1,
2026-03-18,16:35:24.990,7.96,96,100,100,-0.060,58.54,54,0,7.79,-0.510,1.897,0.78,71,0,116.06,-25.70,10,0.00,3.64,3.69,3.67,3.68,3.67,3.66,3.69,3.67,29.44,24.4,29,30,-52,-174,573,-241,0,1004,0,0,1,-1,1,1,-1,-1,-1,-1,-1,-1,
2026-03-18,16:35:25.250,7.97,96,100,100,-0.076,58.71,54,0,7.79,-0.334,1.111,0.78,68,0,113.02,-22.59,10,0.00,3.64,3.69,3.67,3.68,3.67,3.66,3.69,3.67,29.43,24.8,29,30,-54,-231,572,-244,0,1005,0,0,1,-1,1,1,-1,-1,-1,-1,-1,-1,
2026-03-18,16:35:25.530,7.96,96,100,100,-0.076,59.15,55,0,7.79,-0.341,1.245,1.05,68,0,109.45,-20.41,10,0.00,3.64,3.68,3.67,3.68,3.67,3.66,3.69,3.67,29.43,24.8,29,30,-53,-257,573,-227,0,1004,0,0,1,-1,1,1,-1,-1,-1,-1,-1,-1,
2026-03-18,16:35:25.790,7.96,97,100,100,-0.107,59.52,55,0,7.78,-0.391,1.412,1.33,68,0,105.71,-16.95,10,0.00,3.64,3.68,3.67,3.68,3.67,3.66,3.69,3.67,29.42,24.9,29,30,-53,-359,573,0,0,1004,0,0,1,-1,1,1,-1,-1,-1,-1,-1,-1,
2026-03-18,16:35:26.060,7.96,97,100,100,-0.084,59.52,54,0,7.77,-0.444,1.507,0.28,70,0,107.10,-15.32,10,0.00,3.64,3.68,3.67,3.68,3.67,3.66,3.69,3.67,29.42,24.9,29,30,-52,-364,574,-37,0,1004,0,0,1,-1,1,1,-1,-1,-1,-1,-1,-1,
2026-03-18,16:35:26.320,7.96,96,100,100,-0.069,58.85,54,0,7.79,-0.453,1.739,-1.11,72,0,108.91,-12.72,10,0.00,3.64,3.68,3.67,3.68,3.67,3.66,3.69,3.67,29.42,24.8,29,30,-51,-341,574,-61,0,1004,0,0,1,-1,1,1,-1,-1,-1,-1,-1,-1,
2026-03-18,16:35:26.580,7.96,97,100,100,-0.056,58.13,54,0,7.83,-0.411,1.648,-2.06,74,0,108.78,-10.11,10,0.00,3.64,3.67,3.67,3.68,3.67,3.66,3.69,3.67,29.42,24.8,29,30,-51,-339,574,-63,0,1005,0,0,1,-1,1,1,-1,-1,-1,-1,-1,-1,
2026-03-18,16:35:26.840,7.96,96,100,100,-0.055,57.48,54,0,7.80,-0.429,1.723,-2.28,74,0,108.22,-9.09,10,0.00,3.64,3.67,3.67,3.68,3.67,3.66,3.69,3.67,29.42,24.5,29,30,-50,-429,574,0,0,1004,0,0,1,-1,1,1,-1,-1,-1,-1,-1,-1,
2026-03-18,16:35:27.120,7.97,99,100,100,-0.074,56.83,58,0,7.81,-0.477,1.939,-2.15,68,0,109.43,-7.86,10,0.00,3.64,3.67,3.67,3.68,3.67,3.66,3.69,3.67,29.42,24.5,29,30,2,-266,577,242,0,1004,0,0,1,-1,1,1,-1,-1,-1,-1,-1,-1,
2026-03-18,16:35:27.390,7.96,99,100,100,-0.055,55.64,59,0,7.79,-0.288,1.854,-3.23,65,0,112.36,-7.39,10,0.00,3.64,3.67,3.67,3.68,3.67,3.66,3.68,3.67,29.42,24.7,29,30,141,-57,582,503,0,1005,0,0,1,-1,1,1,-1,-1,-1,-1,-1,-1,
2026-03-18,16:35:27.650,7.96,99,100,100,-0.027,54.98,60,0,7.80,-0.237,0.978,-3.08,69,0,126.61,-4.34,10,0.00,3.64,3.67,3.67,3.68,3.67,3.66,3.68,3.67,29.42,24.9,29,30,112,-62,581,466,0,1004,0,0,1,-1,1,1,-1,-1,-1,-1,-1,-1,
2026-03-18,16:35:27.930,7.96,99,100,100,0.000,54.54,60,0,7.81,-0.261,1.141,-1.94,69,0,147.61,-4.23,10,0.00,3.64,3.67,3.67,3.68,3.67,3.66,3.68,3.67,29.42,24.9,29,30,44,-341,580,247,0,1004,0,0,1,-1,1,1,-1,-1,-1,-1,-1,-1,
2026-03-18,16:35:28.200,7.96,96,100,100,-0.017,53.51,58,0,7.81,-0.400,1.823,-2.76,67,0,151.38,-7.09,10,0.00,3.64,3.67,3.67,3.68,3.67,3.66,3.68,3.67,29.42,24.7,29,30,118,-29,582,364,0,1004,0,0,1,-1,1,1,-1,-1,-1,-1,-1,-1,
2026-03-18,16:35:28.460,7.97,95,100,100,-0.021,51.49,56,0,7.82,-0.268,1.776,-3.43,58,0,157.69,-11.56,10,0.00,3.64,3.67,3.67,3.68,3.67,3.66,3.68,3.67,29.42,24.7,29,30,202,0,583,381,0,1004,0,0,1,-1,1,1,-1,-1,-1,-1,-1,-1,
2026-03-18,16:35:28.740,7.97,94,98,98,-0.029,51.18,53,0,7.79,-0.223,1.010,-2.08,49,0,165.23,-10.21,10,0.00,3.64,3.67,3.67,3.68,3.67,3.66,3.69,3.67,29.42,25.0,29,30,30,-279,581,0,0,1005,0,0,1,-1,1,1,-1,-1,-1,-1,-1,-1,
2026-03-18,16:35:29.020,7.97,96,98,98,-0.055,51.06,51,0,7.82,-0.327,1.499,-0.92,50,0,176.91,-12.60,10,0.00,3.64,3.68,3.67,3.68,3.67,3.66,3.69,3.67,29.42,25.0,29,30,77,-20,581,0,0,1004,0,0,1,-1,1,1,-1,-1,-1,-1,-1,-1,
2026-03-18,16:35:29.290,7.96,96,98,98,-0.078,50.87,49,0,7.83,-0.238,0.920,-0.78,50,0,-130.96,-15.06,10,0.00,3.64,3.68,3.67,3.68,3.67,3.66,3.69,3.67,29.42,24.6,29,30,81,10,581,27,0,1005,0,0,1,-1,1,1,-1,-1,-1,-1,-1,-1,
2026-03-18,16:35:29.550,7.96,95,98,98,-0.053,51.11,48,0,7.84,-0.233,1.137,0.01,49,0,-176.87,-15.03,10,0.00,3.64,3.68,3.67,3.68,3.67,3.66,3.69,3.67,29.42,24.6,29,30,49,14,580,0,0,1005,0,0,1,-1,1,1,-1,-1,-1,-1,-1,-1,
2026-03-18,16:35:29.820,7.97,96,98,98,-0.003,51.42,49,0,7.85,-0.202,0.891,0.72,51,0,-173.55,-14.16,10,0.00,3.64,3.68,3.67,3.68,3.67,3.66,3.69,3.67,29.42,24.8,29,30,32,14,579,0,0,1005,0,0,1,-1,1,1,-1,-1,-1,-1,-1,-1,
2026-03-18,16:35:30.080,7.97,97,98,97,-0.005,51.45,51,0,7.86,-0.220,0.953,0.37,48,0,-174.03,-14.20,10,0.00,3.64,3.68,3.67,3.68,3.67,3.66,3.69,3.67,29.42,24.8,29,30,27,14,579,0,0,1004,0,0,1,-1,1,1,-1,-1,-1,-1,-1,-1,
2026-03-18,16:35:30.350,7.96,96,96,95,-0.003,51.76,52,0,7.86,-0.218,0.908,0.75,45,0,-173.48,-14.06,10,0.00,3.64,3.68,3.67,3.68,3.67,3.66,3.69,3.67,29.42,24.5,29,30,24,13,579,0,0,1004,0,0,1,-1,1,1,-1,-1,-1,-1,-1,-1,
2026-03-18,16:35:30.610,7.97,94,94,92,0.038,52.19,50,0,7.83,-0.225,0.989,1.18,41,0,-173.40,-14.10,10,0.00,3.64,3.68,3.67,3.68,3.67,3.66,3.69,3.67,29.42,24.5,29,30,25,0,579,0,0,1005,0,0,1,-1,1,1,-1,-1,-1,-1,-1,-1,
2026-03-18,16:35:30.870,7.97,93,93,90,0.029,52.14,50,0,7.80,-0.226,0.909,0.57,40,0,-174.11,-13.43,10,0.00,3.64,3.68,3.67,3.68,3.67,3.66,3.69,3.67,29.42,24.5,29,30,224,-277,582,323,0,1004,0,0,1,-1,1,1,-1,-1,-1,-1,-1,-1,
2026-03-18,16:35:31.140,7.97,94,94,85,-0.075,52.48,50,0,7.78,-0.384,1.491,0.45,37,0,-166.25,-17.55,10,0.00,3.64,3.68,3.67,3.68,3.67,3.66,3.69,3.67,29.42,24.8,29,30,234,-282,582,347,0,1005,0,0,1,-1,1,1,-1,-1,-1,-1,-1,-1,
2026-03-18,16:35:31.420,7.97,94,94,85,-0.009,52.60,49,0,7.77,-0.412,1.584,0.51,44,0,-149.56,-21.28,10,0.00,3.64,3.68,3.67,3.68,3.67,3.66,3.69,3.67,29.41,24.8,29,30,208,-242,581,298,0,1004,0,0,1,-1,1,1,-1,-1,-1,-1,-1,-1,
2026-03-18,16:35:31.680,7.96,95,95,85,0.025,52.43,49,0,7.76,-0.384,1.392,-0.16,48,0,-144.34,-21.78,10,0.00,3.64,3.68,3.67,3.68,3.67,3.66,3.69,3.67,29.40,25.1,29,30,164,-306,580,211,0,1004,0,0,1,-1,1,1,-1,-1,-1,-1,-1,-1,
2026-03-18,16:35:31.950,7.96,97,97,85,0.011,52.91,50,0,7.76,-0.400,1.493,0.55,50,0,-136.31,-21.75,10,0.00,3.64,3.68,3.67,3.68,3.67,3.65,3.69,3.67,29.40,25.1,29,30,139,-320,580,205,0,1005,0,0,1,-1,1,1,-1,-1,-1,-1,-1,-1,
2026-03-18,16:35:32.210,7.96,97,97,85,0.000,53.74,49,0,7.76,-0.399,1.561,1.94,48,0,-131.62,-21.62,10,0.00,3.64,3.68,3.67,3.68,3.67,3.65,3.68,3.67,29.40,25.0,29,30,99,-339,579,0,0,1004,0,0,1,-1,1,1,-1,-1,-1,-1,-1,-1,
2026-03-18,16:35:32.480,7.96,90,90,85,0.021,54.71,47,0,7.76,-0.403,1.462,1.94,48,0,-122.30,-20.51,10,0.00,3.63,3.67,3.67,3.68,3.67,3.65,3.68,3.67,29.40,25.0,29,30,68,-328,579,0,0,1004,0,0,1,-1,1,1,-1,-1,-1,-1,-1,-1,
2026-03-18,16:35:32.750,7.97,84,87,86,0.018,55.56,44,0,7.78,-0.420,1.437,3.07,45,0,-120.56,-19.45,10,0.00,3.63,3.67,3.67,3.68,3.67,3.65,3.68,3.67,29.38,25.4,29,30,45,-264,577,-99,0,1004,0,0,1,-1,1,1,-1,-1,-1,-1,-1,-1,
2026-03-18,16:35:33.010,7.96,73,87,87,0.021,56.07,42,0,7.79,-0.382,1.274,2.30,47,0,-119.75,-18.07,10,0.00,3.63,3.67,3.67,3.68,3.67,3.65,3.68,3.67,29.38,25.4,29,30,0,-258,578,-22,0,1005,0,0,1,-1,1,1,-1,-1,-1,-1,-1,-1,
2026-03-18,16:35:33.280,7.97,74,87,87,0.016,56.95,41,0,7.77,-0.421,1.374,2.55,50,0,-120.85,-16.30,10,0.00,3.63,3.67,3.67,3.68,3.66,3.65,3.68,3.67,29.37,25.1,29,30,0,-322,578,0,0,1005,0,0,1,-1,1,1,-1,-1,-1,-1,-1,-1,
2026-03-18,16:35:33.540,7.97,77,87,87,0.013,56.95,40,0,7.77,-0.434,1.376,2.06,52,0,-120.85,-16.30,10,0.00,3.63,3.67,3.67,3.68,3.66,3.65,3.68,3.66,29.37,25.1,29,30,0,-343,578,0,0,1005,0,0,1,-1,1,1,-1,-1,-1,-1,-1,-1,
2026-03-18,16:35:33.810,7.96,79,87,87,0.067,57.86,40,0,7.79,-0.416,1.446,0.93,52,0,-119.70,-15.72,10,0.00,3.63,3.67,3.67,3.68,3.66,3.65,3.68,3.66,29.36,25.7,29,30,0,-312,578,0,0,1005,0,0,1,-1,1,1,-1,-1,-1,-1,-1,-1,
2026-03-18,16:35:34.080,7.97,78,88,88,0.080,57.65,40,0,7.77,-0.406,1.402,0.13,51,0,-122.93,-15.77,10,0.00,3.63,3.67,3.66,3.67,3.66,3.65,3.68,3.66,29.36,25.7,29,30,0,-278,578,0,0,1005,0,0,1,-1,1,1,-1,-1,-1,-1,-1,-1,
2026-03-18,16:35:34.340,7.97,83,90,90,0.072,57.43,45,0,7.79,-0.390,1.327,-0.62,50,0,-124.03,-15.12,10,0.00,3.63,3.67,3.66,3.67,3.66,3.65,3.68,3.66,29.35,25.1,29,30,0,-235,576,0,0,1005,0,0,1,-1,1,1,-1,-1,-1,-1,-1,-1,
2026-03-18,16:35:34.610,7.97,94,94,93,0.046,57.48,48,0,7.83,-0.347,1.201,-0.15,45,0,-126.68,-13.86,10,0.00,3.63,3.67,3.66,3.67,3.66,3.65,3.67,3.66,29.35,25.1,29,30,0,-210,576,0,0,1005,0,0,1,-1,1,1,-1,-1,-1,-1,-1,-1,
2026-03-18,16:35:34.870,7.97,96,96,93,0.025,57.49,48,0,7.80,-0.347,1.436,0.08,41,0,-126.90,-13.19,10,0.00,3.63,3.67,3.66,3.67,3.66,3.65,3.67,3.66,29.35,25.0,29,30,0,-287,578,0,0,1004,0,0,1,-1,1,1,-1,-1,-1,-1,-1,-1,
2026-03-18,16:35:35.140,7.97,86,97,97,0.029,57.15,44,0,7.79,-0.375,1.333,-0.74,42,0,-124.62,-11.67,10,0.00,3.63,3.67,3.66,3.67,3.66,3.65,3.67,3.66,29.35,24.9,29,30,0,-306,577,2,0,1005,0,0,1,-1,1,1,-1,-1,-1,-1,-1,-1,
2026-03-18,16:35:35.410,7.97,82,95,95,0.057,56.92,43,0,7.77,-0.400,1.500,-0.82,43,0,-127.20,-12.09,10,0.00,3.63,3.67,3.66,3.67,3.66,3.65,3.67,3.66,29.34,24.9,29,30,0,-385,577,0,0,1004,0,0,1,-1,1,1,-1,-1,-1,-1,-1,-1,
2026-03-18,16:35:35.670,7.96,82,95,95,0.055,56.70,42,0,7.79,-0.450,1.678,-0.78,49,0,-128.27,-12.94,10,0.00,3.63,3.67,3.66,3.67,3.66,3.65,3.67,3.66,29.34,25.1,29,30,0,-305,576,0,0,1004,0,0,1,-1,1,1,-1,-1,-1,-1,-1,-1,
2026-03-18,16:35:35.950,7.96,92,95,95,0.040,56.32,43,0,7.79,-0.428,1.675,-0.95,50,0,-130.17,-13.87,10,0.00,3.63,3.67,3.66,3.67,3.66,3.65,3.67,3.66,29.34,25.1,29,30,0,-261,576,0,0,1004,0,0,1,-1,1,1,-1,-1,-1,-1,-1,-1,
2026-03-18,16:35:36.220,7.96,95,95,95,0.040,56.25,44,0,7.81,-0.394,1.428,-0.80,50,0,-129.65,-13.13,10,0.00,3.63,3.67,3.66,3.67,3.66,3.65,3.67,3.66,29.34,25.1,29,30,0,-218,576,0,0,1005,0,0,1,-1,1,1,-1,-1,-1,-1,-1,-1,
2026-03-18,16:35:36.480,7.96,97,97,95,0.010,56.28,44,0,7.83,-0.387,1.404,-0.43,51,0,-129.39,-12.70,10,0.00,3.63,3.67,3.66,3.67,3.66,3.65,3.67,3.66,29.34,25.1,29,30,0,-242,578,0,0,1005,0,0,1,-1,1,1,-1,-1,-1,-1,-1,-1,
2026-03-18,16:35:36.750,7.97,95,95,95,0.015,56.71,43,0,7.82,-0.356,1.316,-0.43,52,0,-126.91,-11.67,10,0.00,3.63,3.67,3.66,3.67,3.66,3.65,3.67,3.66,29.33,25.0,29,30,0,-219,578,10,0,1004,0,0,1,-1,1,1,-1,-1,-1,-1,-1,-1,
2026-03-18,16:35:37.010,7.97,91,95,95,0.039,56.93,41,0,7.83,-0.355,1.295,0.90,56,0,-126.21,-11.25,10,0.00,3.63,3.67,3.66,3.67,3.66,3.65,3.67,3.66,29.33,25.0,29,30,0,-171,575,5,0,1004,0,0,1,-1,1,1,-1,-1,-1,-1,-1,-1,
2026-03-18,16:35:37.270,7.97,89,95,95,0.066,57.05,42,0,7.84,-0.331,1.280,0.63,58,0,-125.98,-10.47,10,0.00,3.63,3.67,3.66,3.67,3.66,3.65,3.67,3.66,29.34,24.6,29,30,0,-187,495,24,0,1005,0,0,1,-1,1,1,-1,-1,-1,-1,-1,-1,
2026-03-18,16:35:37.530,7.96,90,95,95,0.062,57.01,42,0,7.79,-0.264,1.064,0.18,59,0,-125.05,-9.72,10,0.00,3.63,3.67,3.66,3.67,3.66,3.65,3.67,3.66,29.34,24.6,29,30,0,-201,495,26,0,1004,0,0,1,-1,1,1,-1,-1,-1,-1,-1,-1,
2026-03-18,16:35:37.790,7.96,92,95,95,0.075,57.16,43,0,7.78,-0.264,1.222,0.27,58,0,-127.40,-7.72,10,0.00,3.63,3.67,3.66,3.67,3.66,3.65,3.67,3.66,29.38,20.0,29,30,0,-194,497,0,0,1004,0,0,1,-1,1,1,-1,-1,-1,-1,-1,-1,
2026-03-18,16:35:38.050,7.96,95,95,95,0.036,57.21,45,0,7.81,-0.295,1.262,0.26,57,0,-130.00,-5.20,10,0.00,3.63,3.67,3.66,3.67,3.67,3.66,3.67,3.66,29.38,20.0,29,30,0,-91,495,0,0,1004,0,0,1,-1,1,1,-1,-1,-1,-1,-1,-1,
2026-03-18,16:35:38.320,7.96,94,95,95,0.041,57.25,48,0,7.83,-0.247,1.005,0.21,54,0,-131.40,-3.57,10,0.00,3.63,3.67,3.66,3.67,3.67,3.66,3.69,3.67,29.40,20.2,29,30,0,10,496,0,0,1005,0,0,1,-1,1,1,-1,-1,-1,-1,-1,-1,
2026-03-18,16:35:38.590,7.96,95,95,95,0.015,57.49,49,0,7.83,-0.289,1.041,0.45,53,0,-134.47,-0.53,10,0.00,3.65,3.68,3.66,3.67,3.67,3.66,3.69,3.67,29.40,20.2,29,30,0,14,495,0,0,1005,0,0,1,-1,1,1,-1,-1,-1,-1,-1,-1,
2026-03-18,16:35:38.850,7.96,95,97,97,0.019,57.26,51,0,7.83,-0.208,0.945,-0.02,52,0,-135.16,1.03,10,0.00,3.65,3.68,3.67,3.68,3.67,3.66,3.69,3.67,29.42,20.2,29,30,0,17,493,-69,0,1004,0,0,1,-1,1,1,-1,-1,-1,-1,-1,-1,
2026-03-18,16:35:39.130,7.96,96,98,98,0.090,57.10,54,0,7.85,-0.179,0.671,-0.26,50,0,-138.35,2.69,10,0.00,3.65,3.68,3.67,3.68,3.68,3.66,3.69,3.67,29.42,19.9,29,30,0,71,413,-294,0,1004,0,0,1,-1,1,1,-1,-1,-1,-1,-1,-1,
2026-03-18,16:35:39.390,7.96,98,100,100,0.027,56.50,56,0,7.85,-0.007,0.521,-0.26,49,0,-140.46,4.15,10,0.00,3.65,3.68,3.67,3.68,3.68,3.66,3.69,3.68,29.43,19.9,29,30,0,101,71,-469,0,1005,0,0,1,-1,1,1,-1,-1,-1,-1,-1,-1,
2026-03-18,16:35:39.660,7.96,98,100,100,-0.011,56.67,57,0,7.86,-0.007,0.711,-0.66,47,0,-155.62,6.66,10,0.00,3.65,3.68,3.67,3.68,3.68,3.66,3.69,3.68,29.59,1.6,29,30,0,147,-182,-337,0,1005,0,0,1,-1,1,1,-1,-1,-1,-1,-1,-1,
2026-03-18,16:35:39.930,7.96,100,100,100,-0.052,57.18,58,0,7.86,0.274,0.288,0.89,45,0,-170.11,8.54,10,0.00,3.67,3.70,3.67,3.68,3.68,3.66,3.69,3.68,29.59,1.6,29,30,0,22,-207,-173,0,1004,0,0,1,-1,1,1,-1,-1,-1,-1,-1,-1,
2026-03-18,16:35:40.200,7.97,100,100,100,-0.065,56.90,58,0,7.86,0.196,0.775,0.39,46,0,-174.11,9.01,10,0.00,3.67,3.70,3.70,3.71,3.68,3.66,3.69,3.68,29.72,0.0,29,30,0,16,-211,-231,0,1004,0,0,1,-1,1,1,-1,-1,-1,-1,-1,-1,
2026-03-18,16:35:40.480,7.96,98,100,100,-0.065,55.20,58,0,7.86,0.182,0.827,-3.21,50,0,150.48,9.54,10,0.00,3.67,3.70,3.70,3.71,3.73,3.71,3.69,3.68,29.72,0.0,29,30,0,48,-296,-296,0,1004,0,0,1,-1,1,1,-1,-1,-1,-1,-1,-1,
2026-03-18,16:35:40.760,7.96,98,100,100,-0.111,53.45,56,0,7.84,0.142,0.904,-5.17,52,0,172.85,10.75,10,0.00,3.67,3.70,3.70,3.71,3.73,3.71,3.75,3.74,29.82,0.0,29,30,0,27,-302,-96,0,1004,0,0,1,-1,1,1,-1,-1,-1,-1,-1,-1,
2026-03-18,16:35:41.020,7.97,98,99,99,-0.057,51.51,53,0,7.85,0.213,0.310,-6.01,53,0,169.74,12.34,10,0.00,3.72,3.75,3.70,3.71,3.73,3.71,3.75,3.74,29.82,0.0,29,30,0,16,-300,-78,0,1005,0,0,1,-1,1,1,-1,-1,-1,-1,-1,-1,
2026-03-18,16:35:41.280,7.97,97,99,99,-0.057,46.85,50,0,7.86,0.159,0.856,-6.71,55,0,168.05,11.90,10,0.00,3.72,3.75,3.74,3.74,3.73,3.71,3.75,3.74,29.91,0.0,29,30,0,15,-299,-71,0,1004,0,0,1,-1,1,1,-1,-1,-1,-1,-1,-1,
2026-03-18,16:35:41.560,7.97,97,99,99,-0.073,44.31,50,0,7.86,0.191,0.803,-8.60,55,0,164.27,12.99,10,0.00,3.72,3.75,3.74,3.74,3.76,3.74,3.75,3.74,29.91,0.0,29,30,0,14,-299,0,0,1004,0,0,1,-1,1,1,-1,-1,-1,-1,-1,-1,
2026-03-18,16:35:41.840,7.96,97,99,99,-0.121,41.87,52,0,7.86,0.196,0.705,-8.62,57,0,163.94,13.28,10,0.00,3.72,3.75,3.74,3.74,3.76,3.74,3.77,3.75,29.98,0.0,29,30,0,-55,-299,159,0,1004,0,0,1,-1,1,1,-1,-1,-1,-1,-1,-1,
2026-03-18,16:35:42.100,7.96,99,99,99,-0.071,39.32,53,0,7.84,0.197,0.743,-8.69,58,0,165.12,13.98,10,0.00,3.74,3.76,3.74,3.74,3.76,3.74,3.77,3.75,29.98,0.0,29,30,0,-72,-298,44,0,1005,0,0,1,-1,1,1,-1,-1,-1,-1,-1,-1,
2026-03-18,16:35:42.360,7.96,99,100,99,-0.111,36.45,53,0,7.83,0.166,0.910,-9.37,61,0,167.04,13.20,10,0.00,3.74,3.76,3.74,3.74,3.76,3.74,3.77,3.75,30.04,0.0,29,30,0,-129,-298,0,0,1004,0,0,1,-1,1,1,-1,-1,-1,-1,-1,-1,
2026-03-18,16:35:42.640,7.96,99,99,99,-0.138,33.83,51,0,7.83,0.096,1.317,-9.30,63,0,169.58,11.57,10,0.00,3.74,3.76,3.74,3.74,3.76,3.74,3.77,3.75,30.04,0.0,29,30,0,-95,-298,0,0,1004,0,0,1,-1,1,1,-1,-1,-1,-1,-1,-1,
2026-03-18,16:35:42.920,7.97,99,99,99,-0.080,30.57,52,0,7.79,0.156,1.055,-10.00,64,0,170.55,11.78,10,0.00,3.74,3.76,3.74,3.74,3.77,3.75,3.77,3.75,30.09,0.0,29,30,0,-126,-294,0,0,1005,0,0,1,-1,1,1,-1,-1,-1,-1,-1,-1,
2026-03-18,16:35:43.180,7.96,99,99,99,-0.107,27.32,56,0,7.80,0.137,1.200,-10.00,63,0,169.94,10.77,10,0.00,3.74,3.76,3.74,3.74,3.77,3.75,3.78,3.76,30.14,0.0,29,30,0,-247,-287,0,0,1005,0,0,1,-1,1,1,-1,-1,-1,-1,-1,-1,
2026-03-18,16:35:43.450,7.96,100,100,99,-0.139,24.44,56,0,7.80,0.130,1.223,-10.00,60,0,170.04,8.79,10,0.00,3.75,3.77,3.74,3.74,3.77,3.75,3.78,3.76,30.14,0.0,29,30,0,-270,-279,53,0,1005,0,0,1,-1,1,1,-1,-1,-1,-1,-1,-1,
2026-03-18,16:35:43.710,7.97,100,100,99,-0.128,21.78,52,0,7.80,0.048,1.467,-9.82,50,0,176.08,5.41,10,0.00,3.75,3.77,3.76,3.76,3.77,3.75,3.78,3.76,30.17,0.0,29,30,0,-172,-271,-73,0,1005,0,0,1,-1,1,1,-1,-1,-1,-1,-1,-1,
2026-03-18,16:35:43.980,7.97,100,100,99,-0.103,16.95,55,0,7.83,0.091,1.309,-8.48,50,0,176.82,4.40,10,0.00,3.75,3.77,3.76,3.76,3.77,3.76,3.78,3.76,30.17,0.0,29,30,0,-153,-207,-203,0,1005,0,0,1,-1,1,1,-1,-1,-1,-1,-1,-1,
2026-03-18,16:35:44.260,7.97,100,100,99,-0.123,14.69,58,0,7.83,0.187,1.005,-8.14,54,0,173.39,3.08,10,0.00,3.75,3.77,3.76,3.76,3.77,3.76,3.78,3.76,30.21,0.0,29,30,-5,-196,-140,-221,0,1005,0,0,1,-1,1,1,-1,-1,-1,-1,-1,-1,
2026-03-18,16:35:44.530,7.96,100,100,99,-0.124,12.86,60,0,7.80,0.101,1.290,-7.28,60,0,170.03,0.31,10,0.00,3.75,3.78,3.76,3.76,3.77,3.76,3.78,3.76,30.21,0.0,29,30,0,-294,-109,-121,0,1005,0,0,1,-1,1,1,-1,-1,-1,-1,-1,-1,
2026-03-18,16:35:44.800,7.97,100,100,99,-0.113,11.18,56,0,7.81,-0.031,1.588,-6.25,63,0,171.34,-1.96,10,0.00,3.75,3.78,3.77,3.77,3.77,3.76,3.78,3.76,30.23,0.2,29,30,0,-151,-21,-126,0,1004,0,0,1,-1,1,1,-1,-1,-1,-1,-1,-1,
2026-03-18,16:35:45.070,7.97,99,100,100,-0.110,9.54,57,0,7.84,0.034,1.222,-5.98,65,0,175.60,-3.36,10,0.00,3.75,3.78,3.77,3.77,3.77,3.76,3.78,3.76,30.23,0.2,29,30,-2,-164,72,-251,0,1004,0,0,1,-1,1,1,-1,-1,-1,-1,-1,-1,
2026-03-18,16:35:45.350,7.96,98,100,100,-0.057,7.87,60,0,7.79,-0.068,1.320,-5.76,67,0,174.40,-3.32,10,0.00,3.75,3.78,3.77,3.77,3.77,3.76,3.78,3.76,30.23,3.8,29,30,-23,-379,142,-127,0,1005,0,0,1,-1,1,1,-1,-1,-1,-1,-1,-1,
2026-03-18,16:35:45.630,7.97,98,100,100,-0.004,6.03,62,0,7.80,-0.124,1.448,-6.09,67,0,168.14,-6.77,10,0.00,3.75,3.78,3.77,3.77,3.77,3.76,3.78,3.77,30.23,3.8,29,30,-13,-110,206,-39,0,1004,0,0,1,-1,1,1,-1,-1,-1,-1,-1,-1,
2026-03-18,16:35:45.890,7.96,98,100,100,-0.034,2.43,63,0,7.81,-0.222,1.319,-6.26,69,0,165.89,-11.03,10,0.00,3.75,3.77,3.77,3.77,3.77,3.76,3.78,3.77,30.21,8.1,29,30,0,-126,383,0,0,1004,0,0,1,-1,1,1,-1,-1,-1,-1,-1,-1,
2026-03-18,16:35:46.170,7.96,99,100,100,-0.058,1.11,63,0,7.78,-0.223,1.037,-5.51,69,0,165.50,-9.50,10,0.00,3.75,3.77,3.76,3.76,3.77,3.76,3.78,3.77,30.11,13.0,29,30,0,-314,453,30,0,1004,0,0,1,-1,1,1,-1,-1,-1,-1,-1,-1,
2026-03-18,16:35:46.430,7.96,99,100,100,-0.024,0.14,62,0,7.80,-0.364,1.393,-4.13,71,0,168.98,-12.16,10,0.00,3.75,3.77,3.76,3.76,3.75,3.74,3.78,3.77,30.11,13.0,29,30,0,-28,495,-27,0,1004,0,0,1,-1,1,1,-1,-1,-1,-1,-1,-1,
2026-03-18,16:35:46.700,7.96,100,100,100,-0.018,-1.27,61,0,7.81,-0.267,1.010,-4.36,73,0,169.92,-13.57,10,0.00,3.75,3.77,3.76,3.76,3.75,3.74,3.75,3.73,30.03,19.4,29,30,0,13,491,-47,0,1004,0,0,1,-1,1,1,-1,-1,-1,-1,-1,-1,
2026-03-18,16:35:46.960,7.96,100,100,100,-0.021,-2.03,60,0,7.79,-0.279,1.040,-3.74,74,0,171.04,-12.43,10,0.00,3.70,3.73,3.76,3.76,3.75,3.74,3.75,3.73,30.03,19.4,29,30,0,-107,495,-68,0,1005,0,0,1,-1,1,1,-1,-1,-1,-1,-1,-1,
2026-03-18,16:35:47.220,7.96,98,100,100,-0.015,-2.60,61,0,7.80,-0.320,1.240,-2.62,76,0,172.56,-12.22,10,0.00,3.70,3.73,3.71,3.72,3.75,3.74,3.75,3.73,30.03,20.2,29,30,0,0,505,-152,0,1004,0,0,1,-1,1,1,-1,-1,-1,-1,-1,-1,
2026-03-18,16:35:47.500,7.96,98,100,100,-0.060,-2.84,62,0,7.84,-0.224,0.874,-1.59,77,0,171.87,-12.87,10,0.00,3.70,3.73,3.71,3.72,3.71,3.70,3.75,3.73,30.03,20.2,29,30,-23,14,520,-134,0,1004,0,0,1,-1,1,1,-1,-1,-1,-1,-1,-1,
2026-03-18,16:35:47.760,7.96,98,100,100,-0.062,-2.67,62,0,7.83,-0.156,0.845,-0.36,80,0,171.61,-12.65,10,0.00,3.70,3.73,3.71,3.72,3.71,3.70,3.73,3.70,29.94,20.6,29,30,0,16,521,-62,0,1004,0,0,1,-1,1,1,-1,-1,-1,-1,-1,-1,
2026-03-18,16:35:48.030,7.97,100,100,100,0.010,-2.73,62,0,7.84,-0.074,0.676,-0.08,82,0,171.17,-11.99,10,0.00,3.70,3.73,3.71,3.72,3.71,3.70,3.73,3.70,29.94,20.6,29,30,0,-100,521,0,0,1004,0,0,1,-1,1,1,-1,-1,-1,-1,-1,-1,
2026-03-18,16:35:48.310,7.97,99,100,100,0.131,-2.41,59,0,7.83,-0.088,0.781,-0.31,84,0,168.96,-12.74,10,0.00,3.68,3.71,3.71,3.72,3.71,3.70,3.73,3.70,29.89,20.6,29,30,0,10,511,0,0,1005,0,0,1,-1,1,1,-1,-1,-1,-1,-1,-1,
2026-03-18,16:35:48.570,7.96,99,100,100,-0.097,-2.77,57,0,7.80,-0.097,0.951,-0.20,85,0,169.69,-13.27,10,0.00,3.68,3.71,3.70,3.71,3.71,3.70,3.73,3.70,29.89,20.6,29,30,0,10,506,0,0,1005,0,0,1,-1,1,1,-1,-1,-1,-1,-1,-1,
2026-03-18,16:35:48.840,7.97,99,100,100,0.078,-2.66,57,0,7.83,-0.120,0.812,-0.20,87,0,172.43,-12.61,10,0.00,3.68,3.71,3.70,3.71,3.71,3.69,3.73,3.70,29.85,19.7,29,30,0,0,506,0,0,1004,0,0,1,-1,1,1,-1,-1,-1,-1,-1,-1,
2026-03-18,16:35:49.120,7.96,99,100,100,-0.041,-2.70,61,0,7.82,-0.215,1.328,0.14,86,0,173.62,-12.67,10,0.00,3.68,3.71,3.70,3.71,3.71,3.69,3.72,3.70,29.85,19.7,29,30,0,11,508,-55,0,1005,0,0,1,-1,1,1,-1,-1,-1,-1,-1,-1,
2026-03-18,16:35:49.390,7.97,98,100,100,0.012,-3.18,66,0,7.82,-0.087,0.847,-1.04,83,0,177.55,-11.31,10,0.00,3.68,3.72,3.70,3.71,3.71,3.69,3.72,3.70,29.85,19.6,29,30,0,13,509,-61,0,1004,0,0,1,-1,1,1,-1,-1,-1,-1,-1,-1,
2026-03-18,16:35:49.670,7.96,98,100,100,0.035,-2.86,66,0,7.82,-0.179,0.965,-0.13,81,0,175.90,-11.45,10,0.00,3.68,3.72,3.70,3.71,3.71,3.69,3.72,3.70,29.85,20.4,29,30,0,-61,574,-86,0,1004,0,0,1,-1,1,1,-1,-1,-1,-1,-1,-1,
2026-03-18,16:35:49.950,7.96,99,100,100,-0.034,-2.92,65,0,7.78,-0.166,0.747,0.28,78,0,171.80,-12.53,10,0.00,3.68,3.72,3.70,3.71,3.70,3.69,3.72,3.70,29.78,20.4,29,30,0,-171,653,66,0,1004,0,0,1,-1,1,1,-1,-1,-1,-1,-1,-1,
2026-03-18,16:35:50.230,7.97,100,100,100,-0.100,-3.25,65,0,7.77,-0.287,1.333,-0.61,73,0,175.86,-17.40,10,0.00,3.68,3.72,3.70,3.71,3.70,3.69,3.72,3.69,29.68,27.8,29,30,22,-178,680,74,0,1004,0,0,1,-1,1,1,-1,-1,-1,-1,-1,-1,
2026-03-18,16:35:50.490,7.96,99,100,100,-0.069,-4.19,61,0,7.77,-0.422,1.454,-1.22,73,0,-38.68,-20.06,10,0.00,3.66,3.69,3.70,3.71,3.70,3.69,3.72,3.69,29.68,27.8,29,30,31,-182,682,94,0,1005,0,0,1,-1,1,1,-1,-1,-1,-1,-1,-1,
2026-03-18,16:35:50.760,7.96,98,100,100,0.092,-4.49,59,0,7.78,-0.494,1.500,-1.15,74,0,-173.68,-23.56,10,0.00,3.66,3.69,3.70,3.71,3.70,3.69,3.72,3.69,29.59,33.5,29,30,25,-172,680,160,0,1004,0,0,1,-1,1,1,-1,-1,-1,-1,-1,-1,
2026-03-18,16:35:51.030,7.96,98,100,100,0.069,-4.09,59,0,7.77,-0.470,1.333,0.00,77,0,-177.55,-25.46,10,0.00,3.66,3.69,3.67,3.68,3.70,3.69,3.72,3.69,29.59,33.5,29,30,25,-150,678,184,0,1004,0,0,1,-1,1,1,-1,-1,-1,-1,-1,-1,
2026-03-18,16:35:51.300,7.97,98,100,100,0.090,-3.45,58,0,7.81,-0.464,1.365,1.32,77,0,-179.12,-26.08,10,0.00,3.66,3.69,3.67,3.68,3.67,3.65,3.72,3.69,29.51,33.7,29,30,24,-154,676,180,0,1005,0,0,1,-1,1,1,-1,-1,-1,-1,-1,-1,
2026-03-18,16:35:51.570,7.96,99,100,100,0.029,-2.27,58,0,7.80,-0.476,1.326,2.91,76,0,-176.32,-28.30,10,0.00,3.66,3.69,3.67,3.68,3.67,3.65,3.67,3.66,29.51,33.7,29,30,28,-135,677,249,0,1005,0,0,1,-1,1,1,-1,-1,-1,-1,-1,-1,
2026-03-18,16:35:51.830,7.97,99,100,100,-0.011,-0.68,60,0,7.84,-0.404,1.183,4.49,74,0,-173.42,-29.32,10,0.00,3.62,3.66,3.67,3.68,3.67,3.65,3.67,3.66,29.43,33.7,29,30,37,-93,678,289,0,1004,0,0,1,-1,1,1,-1,-1,-1,-1,-1,-1,
2026-03-18,16:35:52.090,7.97,100,100,100,0.030,0.97,60,0,7.85,-0.405,1.166,5.30,74,0,-161.43,-30.57,10,0.00,3.62,3.66,3.65,3.66,3.67,3.65,3.67,3.66,29.43,33.7,29,30,31,-124,678,281,0,1004,0,0,1,-1,1,1,-1,-1,-1,-1,-1,-1,
2026-03-18,16:35:52.350,7.97,100,100,100,0.122,2.41,60,0,7.81,-0.416,1.129,5.19,72,0,-157.95,-31.20,10,0.00,3.62,3.66,3.65,3.66,3.65,3.64,3.67,3.66,29.38,33.4,29,30,23,-173,676,214,0,1004,0,0,1,-1,1,1,-1,-1,-1,-1,-1,-1,
2026-03-18,16:35:52.620,7.97,100,100,100,0.087,3.99,62,0,7.79,-0.445,1.148,5.23,66,0,-158.22,-31.10,10,0.00,3.62,3.66,3.65,3.66,3.65,3.64,3.66,3.65,29.38,33.4,29,30,15,-157,676,208,0,1004,0,0,1,-1,1,1,-1,-1,-1,-1,-1,-1,
2026-03-18,16:35:52.890,7.96,100,100,100,-0.116,5.89,62,0,7.80,-0.390,1.088,6.07,64,0,-151.45,-31.64,10,0.00,3.61,3.65,3.65,3.66,3.65,3.64,3.66,3.65,29.33,33.7,29,30,0,-131,675,224,0,1005,0,0,1,-1,1,1,-1,-1,-1,-1,-1,-1,
2026-03-18,16:35:53.170,7.96,99,100,100,0.091,10.17,60,0,7.78,-0.525,1.196,7.34,64,0,-141.76,-31.77,10,0.00,3.61,3.65,3.65,3.66,3.65,3.64,3.66,3.65,29.33,32.9,29,30,8,-137,675,0,0,1004,0,0,1,-1,1,1,-1,-1,-1,-1,-1,-1,
2026-03-18,16:35:53.440,7.96,98,100,100,0.062,11.65,59,0,7.77,-0.479,1.297,6.17,65,0,-135.04,-32.33,10,0.00,3.61,3.65,3.65,3.65,3.65,3.64,3.66,3.65,29.29,32.9,29,30,0,-80,682,0,0,1004,0,0,1,-1,1,1,-1,-1,-1,-1,-1,-1,
2026-03-18,16:35:53.710,7.96,97,100,100,0.120,13.77,60,0,7.80,-0.333,0.939,6.56,66,0,-137.65,-31.36,10,0.00,3.61,3.65,3.65,3.65,3.65,3.63,3.66,3.65,29.25,34.1,29,30,0,-161,714,0,0,1004,0,0,1,-1,1,1,-1,-1,-1,-1,-1,-1,
2026-03-18,16:35:53.970,7.97,98,100,100,0.199,15.73,61,0,7.78,-0.457,1.426,6.98,68,0,-140.31,-31.36,10,0.00,3.61,3.65,3.65,3.65,3.65,3.63,3.66,3.64,29.25,34.1,29,30,0,-125,716,0,0,1004,0,0,1,-1,1,1,-1,-1,-1,-1,-1,-1,
2026-03-18,16:35:54.240,7.96,97,100,100,0.047,17.46,55,0,7.77,-0.381,0.880,6.27,68,0,-147.90,-29.58,10,0.00,3.61,3.64,3.65,3.65,3.65,3.63,3.66,3.64,29.20,34.1,29,30,0,-57,707,0,0,1005,0,0,1,-1,1,1,-1,-1,-1,-1,-1,-1,
2026-03-18,16:35:54.500,7.96,94,100,100,-0.012,19.81,51,0,7.82,-0.408,0.980,7.16,70,0,-147.55,-29.18,10,0.00,3.61,3.64,3.63,3.65,3.65,3.63,3.66,3.64,29.20,34.1,29,30,0,-15,702,0,0,1005,0,0,1,-1,1,1,-1,-1,-1,-1,-1,-1,
2026-03-18,16:35:54.760,7.96,93,100,100,-0.001,22.37,48,0,7.82,-0.427,0.882,8.35,70,0,-144.93,-28.03,10,0.00,3.61,3.64,3.63,3.65,3.63,3.61,3.66,3.64,29.16,36.1,29,30,0,-26,700,0,0,1005,0,0,1,-1,1,1,-1,-1,-1,-1,-1,-1,
2026-03-18,16:35:55.030,7.97,92,100,100,0.067,24.41,48,0,7.84,-0.395,0.738,7.74,71,0,-145.92,-27.74,10,0.00,3.61,3.64,3.63,3.65,3.63,3.61,3.65,3.63,29.16,36.1,29,30,0,-136,699,-31,0,1005,0,0,1,-1,1,1,-1,-1,-1,-1,-1,-1,
2026-03-18,16:35:55.310,7.97,94,100,100,0.095,26.35,49,0,7.79,-0.500,0.946,7.20,71,0,-146.13,-28.06,10,0.00,3.59,3.63,3.63,3.65,3.63,3.61,3.65,3.63,29.12,36.2,29,30,0,-308,683,0,0,1004,0,0,1,-1,1,1,-1,-1,-1,-1,-1,-1,
2026-03-18,16:35:55.580,7.96,95,100,100,0.071,29.21,49,0,7.80,-0.540,1.387,5.28,68,0,-147.19,-32.18,10,0.00,3.59,3.63,3.63,3.65,3.63,3.61,3.65,3.63,29.12,36.2,29,30,0,-225,618,0,0,1004,0,0,1,-1,1,1,-1,-1,-1,-1,-1,-1,
2026-03-18,16:35:55.860,7.96,94,100,100,0.066,30.49,51,0,7.84,-0.442,1.118,4.76,63,0,-147.20,-34.65,10,0.00,3.59,3.63,3.62,3.64,3.63,3.61,3.65,3.63,29.12,32.5,29,30,0,-15,595,-24,0,1005,0,0,1,-1,1,1,-1,-1,-1,-1,-1,-1,
2026-03-18,16:35:56.120,7.97,95,100,100,0.093,31.88,55,0,7.81,-0.413,0.948,4.67,57,0,-148.15,-34.39,10,0.00,3.59,3.63,3.62,3.64,3.63,3.61,3.65,3.63,29.12,32.5,29,30,0,-17,592,0,0,1005,0,0,1,-1,1,1,-1,-1,-1,-1,-1,-1,
2026-03-18,16:35:56.380,7.96,96,100,100,0.061,33.67,56,0,7.83,-0.372,0.745,5.41,54,0,-149.83,-31.16,10,0.00,3.59,3.63,3.62,3.64,3.63,3.61,3.65,3.63,29.13,26.8,29,30,0,-112,592,0,0,1005,0,0,1,-1,1,1,-1,-1,-1,-1,-1,-1,
2026-03-18,16:35:56.640,7.96,96,100,100,0.067,35.20,53,0,7.79,-0.395,0.842,5.74,53,0,-148.27,-30.44,10,0.00,3.60,3.64,3.62,3.64,3.63,3.61,3.65,3.63,29.13,26.8,29,30,0,-209,592,-41,0,1005,0,0,1,-1,1,1,-1,-1,-1,-1,-1,-1,
2026-03-18,16:35:56.910,7.96,93,100,100,0.044,36.49,50,0,7.80,-0.440,1.058,5.00,55,0,-149.70,-30.76,10,0.00,3.60,3.64,3.63,3.65,3.63,3.61,3.65,3.63,29.13,26.2,29,30,0,-140,578,-120,0,1004,0,0,1,-1,1,1,-1,-1,-1,-1,-1,-1,
2026-03-18,16:35:57.180,7.96,92,100,100,0.054,37.28,48,0,7.79,-0.394,1.002,3.67,57,0,-152.06,-30.26,10,0.00,3.60,3.64,3.63,3.65,3.64,3.62,3.65,3.63,29.13,24.7,29,30,0,-217,487,-187,0,1005,0,0,1,-1,1,1,-1,-1,-1,-1,-1,-1,
2026-03-18,16:35:57.440,7.97,94,100,100,0.049,38.24,49,0,7.80,-0.379,1.087,3.43,60,0,-156.11,-31.18,10,0.00,3.60,3.64,3.63,3.65,3.64,3.62,3.66,3.64,29.17,24.7,29,30,0,-105,477,-29,0,1005,0,0,1,-1,1,1,-1,-1,-1,-1,-1,-1,
2026-03-18,16:35:57.700,7.97,99,100,100,0.029,38.91,52,0,7.82,-0.351,0.963,2.75,62,0,-158.82,-32.29,10,0.00,3.61,3.65,3.63,3.65,3.64,3.62,3.66,3.64,29.20,19.1,29,30,0,-91,477,-126,0,1005,0,0,1,-1,1,1,-1,-1,-1,-1,-1,-1,
2026-03-18,16:35:57.960,7.97,100,100,100,0.059,39.65,53,0,7.85,-0.347,0.935,2.65,64,0,-160.26,-31.14,10,0.00,3.61,3.65,3.63,3.65,3.64,3.62,3.66,3.64,29.20,19.1,29,30,0,-122,478,-255,0,1004,0,0,1,-1,1,1,-1,-1,-1,-1,-1,-1,
2026-03-18,16:35:58.220,7.96,99,100,100,0.044,40.38,55,0,7.85,-0.381,1.043,2.51,66,0,-167.41,-30.31,10,0.00,3.61,3.65,3.65,3.66,3.64,3.62,3.66,3.64,29.22,19.0,29,30,0,-106,420,-274,0,1004,0,0,1,-1,1,1,-1,-1,-1,-1,-1,-1,
2026-03-18,16:35:58.480,7.97,96,100,100,0.044,41.68,55,0,7.86,-0.304,0.849,2.32,66,0,-171.37,-30.18,10,0.00,3.61,3.65,3.65,3.66,3.65,3.64,3.66,3.64,29.22,19.0,29,30,0,0,399,0,0,1005,0,0,1,-1,1,1,-1,-1,-1,-1,-1,-1,
2026-03-18,16:35:58.750,7.96,93,100,100,0.062,42.03,53,0,7.83,-0.276,0.881,1.65,68,0,-175.36,-29.37,10,0.00,3.61,3.65,3.65,3.66,3.65,3.64,3.67,3.66,29.27,15.9,29,30,0,9,399,0,0,1004,0,0,1,-1,1,1,-1,-1,-1,-1,-1,-1,
2026-03-18,16:35:59.020,7.96,95,100,100,0.091,42.02,53,0,7.82,-0.210,0.655,0.70,66,0,170.23,-25.82,10,0.00,3.63,3.67,3.65,3.66,3.65,3.64,3.67,3.66,29.27,15.9,29,30,0,-160,399,-120,0,1005,0,0,1,-1,1,1,-1,-1,-1,-1,-1,-1,
2026-03-18,16:35:59.280,7.96,98,100,100,0.073,42.21,55,0,7.79,-0.249,0.984,0.58,64,0,173.82,-24.91,10,0.00,3.63,3.67,3.66,3.67,3.65,3.64,3.67,3.66,29.32,16.0,29,30,0,-191,400,0,0,1004,0,0,1,-1,1,1,-1,-1,-1,-1,-1,-1,
2026-03-18,16:35:59.540,7.96,100,100,100,0.017,42.06,57,0,7.82,-0.208,0.960,-0.07,63,0,173.02,-26.52,10,0.00,3.63,3.67,3.66,3.67,3.67,3.66,3.67,3.66,29.32,16.0,29,30,0,-123,400,122,0,1005,0,0,1,-1,1,1,-1,-1,-1,-1,-1,-1,
2026-03-18,16:35:59.800,7.96,99,100,100,-0.099,42.52,57,0,7.84,-0.256,0.782,0.72,62,0,178.27,-28.14,10,0.00,3.63,3.67,3.66,3.67,3.67,3.66,3.69,3.67,29.36,15.8,29,30,0,-94,399,0,0,1004,0,0,1,-1,1,1,-1,-1,-1,-1,-1,-1,
2026-03-18,16:36:00.060,7.96,98,100,100,-0.091,42.97,54,0,7.82,-0.358,1.332,1.46,63,0,-170.10,-29.45,10,0.00,3.63,3.67,3.66,3.67,3.67,3.66,3.69,3.67,29.36,15.8,29,30,0,-76,400,0,0,1005,0,0,1,-1,1,1,-1,-1,-1,-1,-1,-1,
2026-03-18,16:36:00.340,7.97,92,100,100,-0.020,42.68,53,0,7.81,-0.294,0.975,0.05,63,0,-164.58,-28.26,10,0.00,3.64,3.68,3.66,3.67,3.67,3.66,3.69,3.67,29.38,15.7,29,30,0,-107,399,-135,0,1005,0,0,1,-1,1,1,-1,-1,-1,-1,-1,-1,
2026-03-18,16:36:00.610,7.96,87,100,100,-0.020,42.68,52,0,7.84,-0.257,0.821,-0.06,61,0,-164.06,-27.85,10,0.00,3.64,3.68,3.67,3.68,3.67,3.66,3.69,3.67,29.38,15.7,29,30,0,-161,399,-211,0,1005,0,0,1,-1,1,1,-1,-1,-1,-1,-1,-1,
2026-03-18,16:36:00.880,7.97,89,100,100,0.107,42.60,51,0,7.82,-0.248,0.940,-0.17,58,0,-174.80,-29.59,10,0.00,3.64,3.68,3.67,3.68,3.68,3.66,3.69,3.67,29.41,15.8,29,30,0,-158,399,-211,0,1004,0,0,1,-1,1,1,-1,-1,-1,-1,-1,-1,
2026-03-18,16:36:01.140,7.96,94,99,99,0.057,42.08,53,0,7.79,-0.269,1.195,-0.98,53,0,155.68,-30.03,10,0.00,3.64,3.68,3.67,3.68,3.68,3.66,3.69,3.67,29.41,15.8,29,30,0,-45,399,-63,0,1004,0,0,1,-1,1,1,-1,-1,-1,-1,-1,-1,
2026-03-18,16:36:01.420,7.96,100,100,99,-0.030,41.53,56,0,7.83,-0.253,0.982,-0.98,49,0,168.75,-29.63,10,0.00,3.65,3.69,3.67,3.68,3.68,3.66,3.69,3.67,29.43,15.7,29,30,0,-74,399,0,0,1004,0,0,1,-1,1,1,-1,-1,-1,-1,-1,-1,
2026-03-18,16:36:01.700,7.96,100,100,99,-0.041,41.88,58,0,7.82,-0.276,1.067,0.43,52,0,176.43,-26.97,10,0.00,3.65,3.69,3.67,3.68,3.68,3.66,3.69,3.67,29.45,15.8,29,30,0,-99,400,81,0,1004,0,0,1,-1,1,1,-1,-1,-1,-1,-1,-1,
2026-03-18,16:36:01.970,7.96,99,99,99,-0.027,41.95,56,0,7.80,-0.267,1.053,0.46,54,0,-85.14,-26.19,10,0.00,3.65,3.69,3.67,3.68,3.68,3.66,3.69,3.67,29.45,15.8,29,30,0,-85,399,60,0,1004,0,0,1,-1,1,1,-1,-1,-1,-1,-1,-1,
2026-03-18,16:36:02.230,7.97,99,99,99,0.037,41.86,54,0,7.83,-0.282,1.092,0.02,57,0,-176.25,-25.45,10,0.00,3.65,3.69,3.67,3.68,3.68,3.66,3.69,3.68,29.47,15.6,30,30,0,-64,400,0,0,1004,0,0,1,-1,1,1,-1,-1,-1,-1,-1,-1,
2026-03-18,16:36:02.500,7.96,100,100,99,0.029,41.60,53,0,7.83,-0.257,0.969,-0.50,60,0,150.95,-24.03,10,0.00,3.65,3.69,3.67,3.68,3.68,3.66,3.69,3.68,29.47,15.6,30,30,0,-71,400,0,0,1004,0,0,1,-1,1,1,-1,-1,-1,-1,-1,-1,
2026-03-18,16:36:02.760,7.96,100,100,99,0.020,41.76,53,0,7.85,-0.281,1.037,-0.07,61,0,178.38,-23.34,10,0.00,3.65,3.69,3.67,3.68,3.68,3.66,3.69,3.68,29.48,15.6,30,30,0,-62,400,0,0,1004,0,0,1,-1,1,1,-1,-1,-1,-1,-1,-1,
2026-03-18,16:36:03.020,7.96,100,100,99,0.010,41.85,53,0,7.85,-0.287,1.061,0.22,63,0,177.79,-21.92,10,0.00,3.65,3.69,3.67,3.69,3.68,3.66,3.69,3.68,29.48,15.6,30,30,0,-66,400,0,0,1005,0,0,1,-1,1,1,-1,-1,-1,-1,-1,-1,
2026-03-18,16:36:03.290,7.96,100,100,99,0.000,41.88,53,0,7.84,-0.279,1.011,0.22,64,0,177.76,-21.20,10,0.00,3.65,3.69,3.67,3.69,3.68,3.66,3.69,3.68,29.49,15.6,30,30,0,-71,401,0,0,1005,0,0,1,-1,1,1,-1,-1,-1,-1,-1,-1,
2026-03-18,16:36:03.550,7.96,100,100,99,0.011,41.90,54,0,7.85,-0.268,0.853,0.01,64,0,178.91,-20.19,10,0.00,3.65,3.69,3.67,3.69,3.68,3.66,3.69,3.68,29.49,15.6,30,30,0,-51,400,0,0,1005,0,0,1,-1,1,1,-1,-1,-1,-1,-1,-1,
2026-03-18,16:36:03.810,7.96,100,100,99,0.007,42.21,55,0,7.86,-0.301,1.060,0.60,64,0,179.76,-20.31,10,0.00,3.65,3.69,3.67,3.69,3.68,3.66,3.69,3.68,29.49,15.6,30,30,0,-45,400,2,0,1005,0,0,1,-1,1,1,-1,-1,-1,-1,-1,-1,
2026-03-18,16:36:04.070,7.96,100,100,99,0.036,42.94,55,0,7.83,-0.264,0.905,1.00,65,0,170.70,-19.94,10,0.00,3.65,3.69,3.67,3.69,3.68,3.66,3.69,3.68,29.49,15.6,30,30,0,-70,398,109,0,1004,0,0,1,-1,1,1,-1,-1,-1,-1,-1,-1,
2026-03-18,16:36:04.330,7.96,100,100,99,-0.009,42.64,56,0,7.82,-0.266,1.133,0.07,64,0,179.17,-18.60,10,0.00,3.65,3.69,3.67,3.69,3.68,3.67,3.69,3.68,29.50,15.6,30,30,0,-106,373,136,0,1004,0,0,1,-1,1,1,-1,-1,-1,-1,-1,-1,
2026-03-18,16:36:04.590,7.96,100,100,99,-0.020,42.76,56,0,7.83,-0.229,0.962,-0.20,64,0,-169.62,-18.16,10,0.00,3.65,3.69,3.67,3.69,3.68,3.67,3.69,3.68,29.50,15.6,30,30,0,-104,376,242,0,1004,0,0,1,-1,1,1,-1,-1,-1,-1,-1,-1,
2026-03-18,16:36:04.850,7.96,96,99,99,0.047,43.18,53,0,7.82,-0.189,0.881,0.88,65,0,-172.85,-17.88,10,0.00,3.65,3.69,3.67,3.69,3.68,3.67,3.69,3.68,29.52,14.9,30,30,0,-115,377,243,0,1004,0,0,1,-1,1,1,-1,-1,-1,-1,-1,-1,
2026-03-18,16:36:05.110,7.96,95,99,99,0.060,43.66,50,0,7.79,-0.220,1.020,1.37,65,0,-171.19,-18.21,10,0.00,3.66,3.69,3.67,3.69,3.68,3.67,3.69,3.68,29.52,14.9,30,30,0,-117,378,230,0,1004,0,0,1,-1,1,1,-1,-1,-1,-1,-1,-1,
2026-03-18,16:36:05.370,7.96,93,100,100,0.107,43.64,48,0,7.79,-0.222,1.097,0.73,65,0,-172.56,-18.40,10,0.00,3.66,3.69,3.68,3.69,3.68,3.67,3.69,3.68,29.53,14.9,30,30,0,-128,379,205,0,1004,0,0,1,-1,1,1,-1,-1,-1,-1,-1,-1,
2026-03-18,16:36:05.630,7.96,96,100,100,0.102,43.61,47,0,7.77,-0.189,0.893,0.08,65,0,-174.68,-17.63,10,0.00,3.66,3.69,3.68,3.69,3.69,3.67,3.69,3.68,29.53,14.9,30,30,0,-125,377,182,0,1005,0,0,1,-1,1,1,-1,-1,-1,-1,-1,-1,
2026-03-18,16:36:05.890,7.96,95,100,100,0.030,43.93,46,0,7.78,-0.201,1.012,0.68,64,0,-173.46,-17.32,10,0.00,3.66,3.69,3.68,3.69,3.69,3.67,3.70,3.68,29.54,14.9,30,30,0,-132,377,144,0,1004,0,0,1,-1,1,1,-1,-1,-1,-1,-1,-1,
2026-03-18,16:36:06.150,7.96,93,100,100,0.000,44.14,45,0,7.79,-0.235,1.044,0.72,65,0,-168.22,-17.14,10,0.00,3.66,3.69,3.68,3.69,3.69,3.67,3.70,3.68,29.54,14.9,30,30,0,-117,378,135,0,1004,0,0,1,-1,1,1,-1,-1,-1,-1,-1,-1,
2026-03-18,16:36:06.420,7.96,88,100,100,0.006,44.36,45,0,7.79,-0.254,1.038,0.76,65,0,-164.67,-17.09,10,0.00,3.66,3.69,3.68,3.69,3.69,3.67,3.70,3.68,29.55,15.0,30,30,0,-136,377,173,0,1005,0,0,1,-1,1,1,-1,-1,-1,-1,-1,-1,
2026-03-18,16:36:06.700,7.96,90,100,100,0.050,44.58,46,0,7.79,-0.204,0.859,0.63,63,0,-163.57,-17.47,10,0.00,3.66,3.69,3.68,3.69,3.69,3.67,3.70,3.68,29.55,14.5,30,30,0,-140,377,246,0,1004,0,0,1,-1,1,1,-1,-1,-1,-1,-1,-1,
2026-03-18,16:36:06.960,7.96,91,100,100,0.027,45.43,46,0,7.82,-0.246,0.874,1.37,61,0,-163.18,-18.28,10,0.00,3.66,3.69,3.68,3.69,3.69,3.67,3.70,3.68,29.55,14.5,30,30,0,-147,377,289,0,1004,0,0,1,-1,1,1,-1,-1,-1,-1,-1,-1,
2026-03-18,16:36:07.230,7.96,90,100,100,0.077,45.57,44,0,7.82,-0.262,0.958,0.87,58,0,-159.16,-18.87,10,0.00,3.66,3.69,3.68,3.69,3.69,3.67,3.70,3.68,29.56,14.8,30,30,0,-176,377,219,0,1004,0,0,1,-1,1,1,-1,-1,-1,-1,-1,-1,
2026-03-18,16:36:07.490,7.96,89,100,100,0.036,45.41,44,0,7.78,-0.303,1.066,0.09,55,0,-159.75,-18.80,10,0.00,3.66,3.70,3.68,3.69,3.69,3.67,3.70,3.68,29.56,14.8,30,30,0,-228,379,173,0,1004,0,0,1,-1,1,1,-1,-1,-1,-1,-1,-1,
2026-03-18,16:36:07.760,7.96,90,100,100,0.031,45.20,44,0,7.82,-0.271,0.998,-0.52,51,0,-159.57,-18.78,10,0.00,3.66,3.70,3.68,3.69,3.69,3.67,3.70,3.68,29.55,14.8,30,30,0,-244,413,89,0,1004,0,0,1,-1,1,1,-1,-1,-1,-1,-1,-1,
2026-03-18,16:36:08.020,7.96,97,99,99,0.033,45.07,45,0,7.83,-0.356,1.186,-0.31,49,0,-157.99,-20.84,10,0.00,3.66,3.70,3.68,3.69,3.68,3.67,3.70,3.68,29.55,14.8,30,30,0,-260,437,67,0,1004,0,0,1,-1,1,1,-1,-1,-1,-1,-1,-1,
2026-03-18,16:36:08.300,7.96,99,99,99,0.077,44.71,48,0,7.79,-0.372,1.259,-0.86,45,0,-156.16,-21.70,10,0.00,3.66,3.70,3.68,3.69,3.68,3.67,3.70,3.68,29.53,16.6,30,30,0,-284,435,0,0,1004,0,0,1,-1,1,1,-1,-1,-1,-1,-1,-1,
2026-03-18,16:36:08.560,7.96,100,100,99,0.047,44.07,48,0,7.78,-0.380,1.291,-1.63,46,0,-156.38,-24.52,10,0.00,3.65,3.69,3.68,3.69,3.68,3.67,3.70,3.68,29.53,16.6,30,30,0,-279,434,0,0,1004,0,0,1,-1,1,1,-1,-1,-1,-1,-1,-1,
2026-03-18,16:36:08.820,7.96,100,100,99,0.040,43.64,48,0,7.80,-0.363,1.286,-1.80,46,0,-157.05,-26.58,10,0.00,3.65,3.69,3.67,3.69,3.68,3.67,3.70,3.68,29.52,17.2,30,30,0,-262,430,0,0,1004,0,0,1,-1,1,1,-1,-1,-1,-1,-1,-1,
2026-03-18,16:36:09.090,7.96,99,99,99,0.031,43.43,47,0,7.83,-0.361,1.255,-0.99,47,0,-157.05,-27.95,10,0.00,3.65,3.69,3.67,3.69,3.68,3.67,3.70,3.68,29.52,17.2,30,30,0,-197,428,0,0,1005,0,0,1,-1,1,1,-1,-1,-1,-1,-1,-1,
2026-03-18,16:36:09.350,7.96,98,99,99,-0.010,42.96,46,0,7.83,-0.347,1.224,-1.37,47,0,-154.93,-28.38,10,0.00,3.65,3.69,3.67,3.69,3.68,3.67,3.70,3.68,29.51,16.7,30,30,0,-225,429,0,0,1005,0,0,1,-1,1,1,-1,-1,-1,-1,-1,-1,
2026-03-18,16:36:09.610,7.97,97,99,99,0.008,42.87,45,0,7.80,-0.351,1.283,-0.96,47,0,-153.04,-28.16,10,0.00,3.65,3.69,3.67,3.69,3.68,3.67,3.69,3.67,29.51,16.7,30,30,0,-245,429,0,0,1004,0,0,1,-1,1,1,-1,-1,-1,-1,-1,-1,
2026-03-18,16:36:09.870,7.96,97,99,99,0.029,42.67,45,0,7.77,-0.275,1.125,-0.46,47,0,-153.44,-30.00,10,0.00,3.65,3.69,3.67,3.69,3.68,3.67,3.69,3.67,29.51,16.8,30,30,0,-251,429,0,0,1004,0,0,1,-1,1,1,-1,-1,-1,-1,-1,-1,
2026-03-18,16:36:10.140,7.97,95,99,99,0.036,42.49,44,0,7.82,-0.349,1.288,-0.53,46,0,-153.42,-31.77,10,0.00,3.65,3.69,3.67,3.69,3.68,3.67,3.69,3.67,29.51,16.8,30,30,0,-222,429,0,0,1005,0,0,1,-1,1,1,-1,-1,-1,-1,-1,-1,
2026-03-18,16:36:10.410,7.96,90,99,99,0.082,42.49,43,0,7.80,-0.438,1.442,-0.60,48,0,-153.98,-33.66,10,0.00,3.65,3.69,3.67,3.69,3.68,3.67,3.69,3.67,29.51,16.8,30,30,0,-143,428,0,0,1004,0,0,1,-1,1,1,-1,-1,-1,-1,-1,-1,
2026-03-18,16:36:10.680,7.96,87,99,99,0.004,42.52,42,0,7.80,-0.321,0.971,0.00,50,0,-156.51,-31.98,10,0.00,3.65,3.69,3.67,3.69,3.68,3.67,3.69,3.68,29.50,16.8,30,30,0,-139,412,0,0,1005,0,0,1,-1,1,1,-1,-1,-1,-1,-1,-1,
2026-03-18,16:36:10.940,7.96,83,99,99,0.014,42.94,41,0,7.80,-0.296,0.959,0.89,52,0,-157.44,-31.12,10,0.00,3.65,3.69,3.67,3.69,3.68,3.67,3.69,3.68,29.50,16.8,30,30,0,-154,403,0,0,1005,0,0,1,-1,1,1,-1,-1,-1,-1,-1,-1,
2026-03-18,16:36:11.200,7.96,83,99,99,-0.028,42.94,41,0,7.78,-0.299,1.173,1.06,52,0,-156.23,-30.35,10,0.00,3.65,3.69,3.67,3.68,3.68,3.67,3.69,3.68,29.50,15.9,30,30,0,-141,403,0,0,1004,0,0,1,-1,1,1,-1,-1,-1,-1,-1,-1,
2026-03-18,16:36:11.470,7.96,85,99,99,0.071,43.38,42,0,7.81,-0.225,1.001,0.75,53,0,-153.08,-29.97,10,0.00,3.65,3.69,3.67,3.68,3.68,3.67,3.69,3.68,29.50,15.9,30,30,0,-145,402,51,0,1004,0,0,1,-1,1,1,-1,-1,-1,-1,-1,-1,
2026-03-18,16:36:11.740,7.96,91,99,99,0.111,43.64,43,0,7.83,-0.174,0.676,0.74,53,0,-156.09,-29.63,10,0.00,3.65,3.69,3.67,3.68,3.68,3.66,3.69,3.68,29.50,15.9,30,30,0,-152,376,67,0,1005,0,0,1,-1,1,1,-1,-1,-1,-1,-1,-1,
2026-03-18,16:36:12.010,7.96,90,100,100,0.057,44.32,41,0,7.82,-0.266,1.302,1.48,54,0,-158.95,-31.48,10,0.00,3.65,3.69,3.67,3.68,3.68,3.66,3.69,3.68,29.50,15.9,30,30,0,-162,285,41,0,1005,0,0,1,-1,1,1,-1,-1,-1,-1,-1,-1,
2026-03-18,16:36:12.270,7.96,85,100,100,0.003,44.45,40,0,7.82,-0.190,1.157,1.46,57,0,-161.46,-31.32,10,0.00,3.66,3.69,3.67,3.68,3.68,3.66,3.69,3.68,29.54,12.5,30,30,0,-162,274,29,0,1004,0,0,1,-1,1,1,-1,-1,-1,-1,-1,-1,
2026-03-18,16:36:12.530,7.96,76,100,100,0.023,44.41,40,0,7.81,-0.200,1.127,0.12,59,0,-159.66,-29.42,10,0.00,3.66,3.69,3.68,3.69,3.68,3.66,3.69,3.68,29.54,12.5,30,30,0,-163,194,105,0,1004,0,0,1,-1,1,1,-1,-1,-1,-1,-1,-1,
2026-03-18,16:36:12.800,7.96,72,100,100,-0.020,45.25,39,0,7.81,-0.135,0.980,1.08,58,0,-159.82,-28.44,10,0.00,3.66,3.69,3.68,3.69,3.69,3.68,3.69,3.68,29.60,9.7,30,30,0,-163,193,110,0,1004,0,0,1,-1,1,1,-1,-1,-1,-1,-1,-1,
2026-03-18,16:36:13.070,7.96,74,100,100,-0.022,45.52,40,0,7.80,-0.187,1.210,1.14,58,0,-159.00,-25.46,10,0.00,3.66,3.69,3.68,3.69,3.69,3.68,3.72,3.69,29.60,9.7,30,30,0,-154,194,125,0,1004,0,0,1,-1,1,1,-1,-1,-1,-1,-1,-1,
2026-03-18,16:36:13.330,7.96,80,100,100,0.025,45.79,40,0,7.78,-0.113,0.929,0.87,55,0,-155.95,-23.70,10,0.00,3.68,3.71,3.68,3.69,3.69,3.68,3.72,3.69,29.64,9.3,30,30,0,-151,194,130,0,1005,0,0,1,-1,1,1,-1,-1,-1,-1,-1,-1,
2026-03-18,16:36:13.590,7.96,85,100,100,0.008,46.05,41,0,7.83,-0.130,0.929,1.00,53,0,-156.83,-22.77,10,0.00,3.68,3.71,3.70,3.71,3.69,3.68,3.72,3.69,29.64,9.3,30,30,0,-26,194,0,0,1004,0,0,1,-1,1,1,-1,-1,-1,-1,-1,-1,
2026-03-18,16:36:13.850,7.96,89,100,100,0.053,45.94,42,0,7.84,-0.074,0.795,0.24,51,0,-161.11,-20.20,10,0.00,3.68,3.71,3.70,3.71,3.69,3.68,3.72,3.69,29.68,9.3,30,30,0,-46,60,-214,0,1005,0,0,1,-1,1,1,-1,-1,-1,-1,-1,-1,
2026-03-18,16:36:14.120,7.96,93,100,100,0.039,46.10,42,0,7.85,0.002,0.709,0.28,50,0,-162.86,-18.96,10,0.00,3.68,3.71,3.70,3.71,3.71,3.70,3.72,3.69,29.68,9.3,30,30,0,-45,-17,-234,0,1005,0,0,1,-1,1,1,-1,-1,-1,-1,-1,-1,
2026-03-18,16:36:14.390,7.96,86,100,100,-0.001,46.33,41,0,7.86,-0.027,0.860,0.28,49,0,-168.87,-17.64,10,0.00,3.68,3.71,3.70,3.71,3.71,3.70,3.73,3.71,29.75,3.6,30,30,0,-49,-99,-36,0,1004,0,0,1,-1,1,1,-1,-1,-1,-1,-1,-1,
2026-03-18,16:36:14.650,7.96,85,100,100,-0.057,46.35,40,0,7.81,0.025,0.772,0.37,46,0,-169.52,-15.46,10,0.00,3.70,3.72,3.70,3.71,3.71,3.70,3.73,3.71,29.75,3.6,30,30,0,-133,-103,46,0,1004,0,0,1,-1,1,1,-1,-1,-1,-1,-1,-1,
2026-03-18,16:36:14.930,7.96,86,100,100,-0.003,46.27,42,0,7.82,-0.031,0.845,-0.01,47,0,-166.75,-14.60,10,0.00,3.70,3.72,3.72,3.72,3.71,3.70,3.73,3.71,29.75,1.3,30,30,0,-163,-101,118,0,1005,0,0,1,-1,1,1,-1,-1,-1,-1,-1,-1,
2026-03-18,16:36:15.210,7.96,98,100,100,0.013,45.14,45,0,7.78,-0.001,0.825,-1.78,46,0,-163.98,-13.32,10,0.00,3.70,3.72,3.72,3.72,3.74,3.72,3.73,3.71,29.81,2.1,30,30,0,-207,-100,133,0,1004,0,0,1,-1,1,1,-1,-1,-1,-1,-1,-1,
2026-03-18,16:36:15.480,7.96,100,100,100,-0.007,44.25,47,0,7.77,-0.029,0.958,-2.59,46,0,-164.89,-12.71,10,0.00,3.70,3.72,3.72,3.72,3.74,3.72,3.75,3.73,29.81,2.1,30,30,0,-250,-95,105,0,1004,0,0,1,-1,1,1,-1,-1,-1,-1,-1,-1,
2026-03-18,16:36:15.750,7.96,99,100,100,0.005,43.00,48,0,7.80,-0.056,1.063,-3.52,48,0,-165.93,-11.72,10,0.00,3.72,3.74,3.72,3.72,3.74,3.72,3.75,3.73,29.86,2.3,30,30,0,-284,-37,161,0,1004,0,0,1,-1,1,1,-1,-1,-1,-1,-1,-1,
2026-03-18,16:36:16.020,7.96,97,100,100,-0.003,41.63,46,0,7.80,-0.061,1.113,-4.32,49,0,-169.35,-10.41,10,0.00,3.72,3.74,3.73,3.73,3.74,3.72,3.75,3.73,29.86,2.3,30,30,0,-283,0,0,0,1005,0,0,1,-1,1,1,-1,-1,-1,-1,-1,-1,
2026-03-18,16:36:16.280,7.96,96,100,100,-0.017,40.39,45,0,7.83,-0.121,1.154,-4.44,49,0,-170.21,-10.33,10,0.00,3.72,3.74,3.73,3.73,3.74,3.72,3.75,3.73,29.89,4.3,30,30,0,-278,80,-25,0,1005,0,0,1,-1,1,1,-1,-1,-1,-1,-1,-1,
2026-03-18,16:36:16.550,7.96,96,100,100,-0.025,39.04,48,0,7.83,-0.121,1.347,-4.41,49,0,-171.70,-11.53,10,0.00,3.72,3.74,3.73,3.73,3.74,3.72,3.75,3.73,29.89,4.3,30,30,0,-299,104,-67,0,1004,0,0,1,-1,1,1,-1,-1,-1,-1,-1,-1,
2026-03-18,16:36:16.820,7.96,98,100,100,-0.036,37.13,51,0,7.85,-0.169,1.179,-5.59,48,0,-166.18,-12.15,10,0.00,3.72,3.74,3.73,3.73,3.74,3.72,3.75,3.73,29.90,7.6,30,30,0,-246,102,0,0,1004,0,0,1,-1,1,1,-1,-1,-1,-1,-1,-1,
2026-03-18,16:36:17.080,7.96,99,100,100,-0.023,35.62,53,0,7.81,-0.155,1.100,-5.77,48,0,-162.10,-12.01,10,0.00,3.71,3.74,3.73,3.73,3.74,3.72,3.75,3.73,29.90,7.6,30,30,0,-197,98,-78,0,1005,0,0,1,-1,1,1,-1,-1,-1,-1,-1,-1,
2026-03-18,16:36:17.340,7.96,99,100,100,0.006,34.73,54,0,7.79,-0.098,1.025,-4.24,49,0,-164.73,-12.77,10,0.00,3.71,3.74,3.72,3.73,3.74,3.72,3.75,3.73,29.91,7.3,30,30,0,-321,-6,-235,0,1004,0,0,1,-1,1,1,-1,-1,-1,-1,-1,-1,
2026-03-18,16:36:17.620,7.96,99,100,100,-0.020,33.97,55,0,7.78,-0.045,1.051,-3.17,53,0,-169.68,-13.10,10,0.00,3.71,3.74,3.72,3.73,3.74,3.72,3.75,3.73,29.91,7.3,30,30,0,-235,-96,-94,0,1004,0,0,1,-1,1,1,-1,-1,-1,-1,-1,-1,
2026-03-18,16:36:17.880,7.97,99,100,100,-0.063,32.83,56,0,7.83,-0.090,1.243,-2.09,53,0,-177.49,-15.87,10,0.00,3.71,3.74,3.72,3.73,3.74,3.72,3.75,3.73,29.95,2.0,30,31,0,-185,-100,0,0,1004,0,0,1,-1,1,1,-1,-1,-1,-1,-1,-1,
2026-03-18,16:36:18.150,7.97,100,100,100,-0.041,32.59,56,0,7.81,0.022,0.746,-1.38,55,0,-173.25,-14.56,10,0.00,3.72,3.74,3.72,3.73,3.74,3.72,3.75,3.73,29.95,2.0,30,31,-25,-184,-229,79,0,1004,0,0,1,-1,1,1,-1,-1,-1,-1,-1,-1,
2026-03-18,16:36:18.410,7.96,100,100,100,-0.074,32.31,56,0,7.81,-0.050,1.187,-0.96,56,0,-169.44,-14.53,10,0.00,3.72,3.74,3.74,3.74,3.74,3.72,3.75,3.73,30.01,1.0,30,31,-14,-102,-428,0,0,1005,0,0,1,-1,1,1,-1,-1,-1,-1,-1,-1,
2026-03-18,16:36:18.680,7.96,99,100,100,-0.026,31.65,56,0,7.80,0.047,0.838,-1.70,57,0,-168.08,-11.18,10,0.00,3.72,3.74,3.74,3.74,3.74,3.72,3.75,3.73,30.01,0.0,30,31,0,-214,-383,-28,0,1005,0,0,1,-1,1,1,-1,-1,-1,-1,-1,-1,
2026-03-18,16:36:18.950,7.96,99,100,100,-0.031,30.84,55,0,7.80,0.047,0.874,-2.33,58,0,-169.88,-10.87,10,0.00,3.72,3.74,3.74,3.74,3.76,3.74,3.75,3.73,30.04,0.0,30,31,0,-257,-345,0,0,1004,0,0,1,-1,1,1,-1,-1,-1,-1,-1,-1,
2026-03-18,16:36:19.220,7.96,98,100,100,-0.059,29.88,54,0,7.78,-0.067,1.194,-2.90,58,0,-174.11,-11.75,10,0.00,3.72,3.74,3.74,3.74,3.76,3.74,3.76,3.75,30.07,0.4,30,31,0,-264,-343,0,0,1005,0,0,1,-1,1,1,-1,-1,-1,-1,-1,-1,
2026-03-18,16:36:19.480,7.96,96,100,100,-0.127,28.87,50,0,7.79,-0.009,0.936,-3.29,60,0,-171.60,-8.74,10,0.00,3.74,3.76,3.74,3.74,3.76,3.74,3.76,3.75,30.07,0.4,30,31,0,-319,-342,0,0,1004,0,0,1,-1,1,1,-1,-1,-1,-1,-1,-1,
2026-03-18,16:36:19.740,7.96,90,100,100,-0.107,28.00,46,0,7.80,-0.011,0.965,-3.22,61,0,-166.81,-6.27,10,0.00,3.74,3.76,3.75,3.75,3.76,3.74,3.76,3.75,30.10,0.0,30,31,0,-277,-341,-46,0,1004,0,0,1,-1,1,1,-1,-1,-1,-1,-1,-1,
2026-03-18,16:36:20.010,7.96,87,100,100,-0.071,27.07,44,0,7.79,0.028,0.888,-3.12,63,0,-159.70,-4.67,10,0.00,3.74,3.76,3.75,3.75,3.76,3.75,3.76,3.75,30.10,0.0,30,31,0,-428,-219,-334,0,1004,0,0,1,-1,1,1,-1,-1,-1,-1,-1,-1,
2026-03-18,16:36:20.270,7.96,89,100,100,-0.041,25.96,46,0,7.78,-0.103,1.125,-3.54,63,0,-161.24,-5.87,10,0.00,3.74,3.76,3.75,3.75,3.76,3.75,3.77,3.75,30.09,1.1,30,31,0,-438,-16,-358,0,1004,0,0,1,-1,1,1,-1,-1,-1,-1,-1,-1,
2026-03-18,16:36:20.530,7.96,94,100,100,-0.063,22.72,49,0,7.79,-0.145,1.305,-5.29,63,0,-176.87,-10.49,10,0.00,3.74,3.76,3.75,3.75,3.76,3.75,3.77,3.75,30.09,1.1,30,31,0,-392,0,-94,0,1004,0,0,1,-1,1,1,-1,-1,-1,-1,-1,-1,
2026-03-18,16:36:20.810,7.97,99,100,100,-0.080,20.55,53,0,7.80,-0.139,1.275,-6.72,63,0,-175.75,-13.01,10,0.00,3.74,3.76,3.75,3.75,3.76,3.75,3.77,3.75,30.08,5.5,30,31,0,-294,96,-144,0,1004,0,0,1,-1,1,1,-1,-1,-1,-1,-1,-1,
2026-03-18,16:36:21.080,7.97,98,100,100,-0.059,18.89,56,0,7.83,-0.240,1.374,-6.29,65,0,-170.72,-14.95,10,0.00,3.74,3.76,3.75,3.75,3.76,3.75,3.77,3.75,30.08,5.5,30,31,-1,-183,75,-487,0,1004,0,0,1,-1,1,1,-1,-1,-1,-1,-1,-1,
2026-03-18,16:36:21.340,7.96,98,100,100,-0.050,17.19,58,0,7.79,-0.049,0.819,-6.03,65,0,-165.84,-14.53,10,0.00,3.74,3.76,3.75,3.75,3.75,3.74,3.77,3.75,30.08,7.4,30,31,-131,-120,61,-610,0,1005,0,0,1,-1,1,1,-1,-1,-1,-1,-1,-1,
2026-03-18,16:36:21.600,7.96,98,100,100,0.028,16.52,60,0,7.80,0.031,0.878,-4.28,65,0,114.69,-14.21,10,0.00,3.74,3.76,3.75,3.75,3.75,3.74,3.76,3.74,30.08,7.4,30,31,-170,-177,56,-691,0,1004,0,0,1,-1,1,1,-1,-1,-1,-1,-1,-1,
2026-03-18,16:36:21.860,7.96,98,100,100,0.005,15.99,60,0,7.76,-0.007,0.627,-2.57,64,0,163.06,-14.88,10,0.00,3.73,3.75,3.75,3.75,3.75,3.74,3.76,3.74,30.08,5.3,30,31,0,-413,57,90,0,1005,0,0,1,-1,1,1,-1,-1,-1,-1,-1,-1,
2026-03-18,16:36:22.120,7.96,100,100,100,-0.086,15.14,60,0,7.79,-0.189,1.431,-2.46,63,0,153.40,-19.93,10,0.00,3.73,3.75,3.74,3.74,3.75,3.74,3.76,3.74,30.08,5.3,30,31,0,-199,66,0,0,1004,0,0,1,-1,1,1,-1,-1,-1,-1,-1,-1,
2026-03-18,16:36:22.390,7.96,99,100,100,-0.053,13.88,60,0,7.82,-0.133,1.237,-3.65,64,0,159.76,-22.18,10,0.00,3.73,3.75,3.74,3.74,3.75,3.74,3.76,3.74,30.08,5.7,30,31,0,10,-94,0,0,1004,0,0,1,-1,1,1,-1,-1,-1,-1,-1,-1,
2026-03-18,16:36:22.650,7.96,98,100,100,-0.116,12.72,60,0,7.80,0.050,0.621,-4.05,64,0,162.53,-18.59,10,0.00,3.73,3.75,3.74,3.74,3.75,3.74,3.76,3.74,30.08,5.7,30,31,6,-155,-97,99,0,1004,0,0,1,-1,1,1,-1,-1,-1,-1,-1,-1,
2026-03-18,16:36:22.910,7.96,98,100,100,-0.101,12.49,60,0,7.80,0.021,0.757,-2.48,64,0,164.26,-17.39,10,0.00,3.73,3.76,3.74,3.74,3.75,3.74,3.76,3.74,30.09,0.9,30,31,0,-314,23,147,0,1004,0,0,1,-1,1,1,-1,-1,-1,-1,-1,-1,
2026-03-18,16:36:23.190,7.96,99,100,100,-0.042,11.24,58,0,7.78,-0.165,1.181,-0.84,65,0,176.35,-16.52,10,0.00,3.73,3.76,3.75,3.74,3.75,3.74,3.76,3.74,30.08,6.4,30,31,0,-209,98,-59,0,1005,0,0,1,-1,1,1,-1,-1,-1,-1,-1,-1,
2026-03-18,16:36:23.450,7.96,99,100,100,0.031,9.37,57,0,7.83,-0.182,1.133,-4.70,66,0,173.82,-16.99,10,0.00,3.73,3.76,3.75,3.74,3.75,3.74,3.76,3.74,30.08,6.4,30,31,-6,-149,0,-188,0,1005,0,0,1,-1,1,1,-1,-1,-1,-1,-1,-1,
2026-03-18,16:36:23.720,7.96,99,100,100,0.044,8.27,54,0,7.82,-0.054,0.801,-4.95,65,0,167.04,-14.77,10,0.00,3.73,3.76,3.75,3.74,3.76,3.74,3.76,3.74,30.09,4.7,30,31,0,-226,0,-40,0,1005,0,0,1,-1,1,1,-1,-1,-1,-1,-1,-1,
2026-03-18,16:36:23.980,7.96,99,100,100,-0.030,8.04,51,0,7.80,-0.092,0.936,-2.34,64,0,158.68,-14.63,10,0.00,3.73,3.76,3.75,3.74,3.76,3.74,3.76,3.74,30.09,4.7,30,31,0,-346,81,67,0,1004,0,0,1,-1,1,1,-1,-1,-1,-1,-1,-1,
2026-03-18,16:36:24.240,7.96,100,100,100,-0.044,7.52,49,0,7.82,-0.189,1.213,-1.72,64,0,159.82,-15.86,10,0.00,3.73,3.75,3.75,3.74,3.76,3.74,3.76,3.74,30.08,6.8,30,31,0,-260,110,148,0,1004,0,0,1,-1,1,1,-1,-1,-1,-1,-1,-1,
2026-03-18,16:36:24.500,7.96,99,100,100,-0.061,6.36,49,0,7.84,-0.270,1.333,-2.96,64,0,168.94,-19.42,10,0.00,3.73,3.75,3.74,3.74,3.76,3.74,3.76,3.74,30.08,6.8,30,31,0,-108,146,0,0,1004,0,0,1,-1,1,1,-1,-1,-1,-1,-1,-1,
2026-03-18,16:36:24.760,7.96,98,100,100,0.012,5.13,49,0,7.83,-0.160,0.972,-3.94,65,0,170.81,-18.86,10,0.00,3.73,3.75,3.74,3.74,3.75,3.74,3.76,3.74,30.06,8.6,30,31,0,-190,145,47,0,1004,0,0,1,-1,1,1,-1,-1,-1,-1,-1,-1,
2026-03-18,16:36:25.040,7.96,98,100,100,0.015,4.80,49,0,7.82,-0.136,0.937,-2.59,65,0,172.16,-16.78,10,0.00,3.73,3.75,3.74,3.74,3.75,3.74,3.75,3.74,30.06,8.6,30,31,58,-277,132,150,0,1004,0,0,1,-1,1,1,-1,-1,-1,-1,-1,-1,
2026-03-18,16:36:25.300,7.96,97,100,100,-0.033,4.63,49,0,7.83,-0.156,1.015,-1.24,66,0,172.16,-17.98,10,0.00,3.72,3.75,3.74,3.74,3.75,3.74,3.75,3.74,30.05,8.3,30,31,0,-145,126,0,0,1004,0,0,1,-1,1,1,-1,-1,-1,-1,-1,-1,
2026-03-18,16:36:25.580,7.96,98,100,100,-0.045,4.35,51,0,7.85,-0.230,1.264,-1.00,66,0,171.95,-19.22,10,0.00,3.72,3.75,3.73,3.74,3.75,3.74,3.75,3.74,30.05,8.3,30,31,0,-11,104,0,0,1005,0,0,1,-1,1,1,-1,-1,-1,-1,-1,-1,
2026-03-18,16:36:25.860,7.96,98,100,100,-0.037,3.13,51,0,7.85,-0.194,1.286,-1.75,67,0,174.81,-16.56,10,0.00,3.72,3.75,3.73,3.74,3.75,3.74,3.75,3.74,30.05,7.6,30,31,20,-71,118,0,0,1004,0,0,1,-1,1,1,-1,-1,-1,-1,-1,-1,
2026-03-18,16:36:26.140,7.96,100,100,100,0.009,3.15,52,0,7.80,-0.078,0.982,-0.68,67,0,174.20,-13.13,10,0.00,3.72,3.75,3.73,3.74,3.75,3.73,3.75,3.74,30.05,7.6,30,31,0,-170,125,0,0,1004,0,0,1,-1,1,1,-1,-1,-1,-1,-1,-1,
2026-03-18,16:36:26.410,7.96,99,100,100,-0.024,2.93,52,0,7.83,-0.137,0.874,-0.62,67,0,172.17,-13.41,10,0.00,3.72,3.75,3.73,3.74,3.75,3.73,3.75,3.74,30.05,7.5,30,31,26,-200,118,56,0,1004,0,0,1,-1,1,1,-1,-1,-1,-1,-1,-1,
2026-03-18,16:36:26.680,7.96,99,100,100,-0.056,2.58,52,0,7.82,-0.224,1.479,-0.85,67,0,175.74,-16.51,10,0.00,3.73,3.75,3.73,3.74,3.75,3.73,3.75,3.74,30.05,7.2,30,31,53,-75,111,0,0,1004,0,0,1,-1,1,1,-1,-1,-1,-1,-1,-1,
2026-03-18,16:36:26.940,7.96,98,100,100,-0.002,1.75,52,0,7.83,-0.061,0.905,-2.13,68,0,-176.90,-15.62,10,0.00,3.73,3.75,3.74,3.74,3.75,3.73,3.75,3.74,30.04,7.2,30,31,0,11,133,0,0,1004,0,0,1,-1,1,1,-1,-1,-1,-1,-1,-1,
2026-03-18,16:36:27.220,7.96,94,100,100,0.022,1.84,52,0,7.79,-0.075,0.826,-0.89,69,0,-177.71,-15.01,10,0.00,3.73,3.75,3.74,3.74,3.75,3.73,3.75,3.74,30.04,7.7,30,31,0,-147,164,0,0,1005,0,0,1,-1,1,1,-1,-1,-1,-1,-1,-1,
2026-03-18,16:36:27.500,7.96,94,100,100,0.002,1.64,52,0,7.83,-0.182,1.110,-0.56,70,0,-179.88,-14.98,10,0.00,3.73,3.75,3.74,3.74,3.75,3.73,3.75,3.74,30.04,7.7,30,31,0,-63,234,-28,0,1004,0,0,1,-1,1,1,-1,-1,-1,-1,-1,-1,
2026-03-18,16:36:27.760,7.96,94,100,100,-0.025,1.11,52,0,7.84,-0.174,0.875,-1.29,71,0,-178.48,-14.69,10,0.00,3.72,3.74,3.74,3.74,3.75,3.73,3.75,3.74,30.01,10.1,30,31,0,-136,255,-116,0,1004,0,0,1,-1,1,1,-1,-1,-1,-1,-1,-1,
2026-03-18,16:36:28.020,7.96,99,100,100,-0.008,0.29,52,0,7.85,-0.203,0.898,-1.42,71,0,-177.62,-14.09,10,0.00,3.72,3.74,3.73,3.73,3.75,3.73,3.75,3.74,30.01,10.1,30,31,0,-154,370,-221,0,1004,0,0,1,-1,1,1,-1,-1,-1,-1,-1,-1,
2026-03-18,16:36:28.310,7.96,99,100,100,-0.075,-0.07,52,0,7.84,-0.372,1.113,-1.39,72,0,-178.73,-15.15,10,0.00,3.72,3.74,3.73,3.73,3.74,3.71,3.75,3.74,29.93,11.9,30,31,0,-147,488,-248,0,1004,0,0,1,-1,1,1,-1,-1,-1,-1,-1,-1,
2026-03-18,16:36:28.570,7.96,99,100,100,0.009,-0.54,52,0,7.83,-0.433,0.925,-1.41,73,0,164.95,-16.13,10,0.00,3.72,3.74,3.73,3.73,3.74,3.71,3.75,3.74,29.93,11.9,30,31,0,-119,488,0,0,1004,0,0,1,-1,1,1,-1,-1,-1,-1,-1,-1,
2026-03-18,16:36:28.830,7.96,98,100,100,0.007,-1.57,52,0,7.85,-0.372,1.150,-2.66,73,0,174.72,-17.62,10,0.00,3.72,3.74,3.73,3.73,3.74,3.71,3.73,3.71,29.88,18.7,30,31,0,-128,252,12,0,1004,0,0,1,-1,1,1,-1,-1,-1,-1,-1,-1,
2026-03-18,16:36:29.100,7.96,99,100,100,0.023,-2.22,52,0,7.85,-0.150,0.881,-2.60,74,0,177.49,-16.68,10,0.00,3.69,3.72,3.73,3.73,3.74,3.71,3.73,3.71,29.88,18.7,30,31,0,12,-25,0,0,1004,0,0,1,-1,1,1,-1,-1,-1,-1,-1,-1,
2026-03-18,16:36:29.380,7.96,99,100,100,-0.015,-2.08,54,0,7.86,-0.069,0.813,-1.13,74,0,176.15,-15.21,10,0.00,3.69,3.72,3.70,3.71,3.74,3.71,3.73,3.71,29.92,6.6,30,31,0,-45,-128,0,0,1004,0,0,1,-1,1,1,-1,-1,-1,-1,-1,-1,
2026-03-18,16:36:29.650,7.96,99,100,100,-0.057,-0.83,57,0,7.83,-0.038,0.878,2.01,74,0,173.50,-12.93,10,0.00,3.69,3.72,3.70,3.71,3.73,3.71,3.73,3.71,29.92,6.6,30,31,38,-273,-98,223,0,1005,0,0,1,-1,1,1,-1,-1,-1,-1,-1,-1,
2026-03-18,16:36:29.910,7.96,99,100,100,-0.055,-0.04,58,0,7.82,-0.113,0.887,2.96,74,0,175.75,-12.46,10,0.00,3.69,3.72,3.70,3.71,3.73,3.71,3.74,3.73,29.97,1.1,30,31,0,-48,76,0,0,1005,0,0,1,-1,1,1,-1,-1,-1,-1,-1,-1,
2026-03-18,16:36:30.180,7.96,99,100,100,-0.053,-0.06,59,0,7.84,-0.183,1.047,1.34,75,0,-176.46,-10.68,10,0.00,3.72,3.75,3.70,3.71,3.73,3.71,3.74,3.73,29.97,7.5,30,31,0,-297,103,-172,0,1004,0,0,1,-1,1,1,-1,-1,-1,-1,-1,-1,
2026-03-18,16:36:30.440,7.96,99,100,100,0.000,-1.51,63,0,7.81,-0.182,1.012,-1.11,75,0,-177.00,-9.45,10,0.00,3.72,3.75,3.74,3.74,3.73,3.71,3.74,3.73,29.98,7.5,30,31,-4,-475,186,-119,0,1004,0,0,1,-1,1,1,-1,-1,-1,-1,-1,-1,
2026-03-18,16:36:30.710,7.96,99,100,100,-0.005,-2.63,66,0,7.83,-0.279,1.446,-2.81,76,0,136.49,-13.47,10,0.00,3.72,3.75,3.74,3.74,3.74,3.73,3.74,3.73,30.01,7.5,30,31,0,6,-16,-26,0,1005,0,0,1,-1,1,1,-1,-1,-1,-1,-1,-1,
2026-03-18,16:36:30.980,7.96,100,100,100,-0.062,-3.27,68,0,7.83,-0.075,0.812,-3.08,76,0,177.09,-14.26,10,0.00,3.72,3.75,3.74,3.74,3.74,3.73,3.75,3.73,30.01,7.5,30,31,0,-168,-50,0,0,1005,0,0,1,-1,1,1,-1,-1,-1,-1,-1,-1,
2026-03-18,16:36:31.260,7.96,100,100,100,-0.032,-2.87,70,0,7.79,-0.009,0.945,-0.46,76,0,-124.21,-11.02,10,0.00,3.72,3.75,3.74,3.74,3.74,3.73,3.75,3.73,30.08,1.8,30,31,-67,-259,-331,-48,0,1005,0,0,1,-1,1,1,-1,-1,-1,-1,-1,-1,
2026-03-18,16:36:31.520,7.96,100,100,100,-0.025,-2.20,71,0,7.80,-0.009,0.895,1.28,76,0,18.79,-11.54,10,0.00,3.72,3.75,3.74,3.74,3.74,3.73,3.75,3.73,30.08,1.8,30,31,-74,-229,-333,-109,0,1005,0,0,1,-1,1,1,-1,-1,-1,-1,-1,-1,
2026-03-18,16:36:31.780,7.96,100,100,100,-0.043,-1.67,72,0,7.77,-0.019,0.848,1.80,75,0,171.81,-9.92,10,0.00,3.72,3.75,3.74,3.74,3.74,3.73,3.75,3.73,30.11,0.0,30,31,-59,-542,-332,106,0,1004,0,0,1,-1,1,1,-1,-1,-1,-1,-1,-1,
2026-03-18,16:36:32.050,7.96,100,100,100,-0.065,-1.61,72,0,7.79,-0.097,1.004,0.90,72,0,169.67,-9.52,10,0.00,3.72,3.75,3.74,3.74,3.76,3.75,3.75,3.73,30.11,0.0,30,31,-47,-597,-521,148,0,1004,0,0,1,-1,1,1,-1,-1,-1,-1,-1,-1,
2026-03-18,16:36:32.310,7.96,100,100,100,-0.071,-1.76,69,0,7.81,-0.172,1.084,0.19,71,0,177.71,-10.79,10,0.00,3.72,3.75,3.74,3.74,3.76,3.75,3.77,3.75,30.14,0.0,30,31,0,-600,-711,95,0,1004,0,0,1,-1,1,1,-1,-1,-1,-1,-1,-1,
2026-03-18,16:36:32.580,7.96,100,100,100,-0.081,-2.38,64,0,7.77,-0.048,0.724,-1.08,67,0,108.46,-9.65,10,0.00,3.75,3.77,3.74,3.74,3.76,3.75,3.77,3.75,30.14,0.0,30,31,-19,-570,-733,30,0,1004,0,0,1,-1,1,1,-1,-1,-1,-1,-1,-1,
2026-03-18,16:36:32.840,7.96,100,100,100,-0.107,-2.91,62,0,7.76,-0.140,1.068,-1.78,69,0,175.98,-12.38,10,0.00,3.75,3.77,3.76,3.75,3.76,3.75,3.77,3.75,30.15,0.0,30,31,-69,-206,-830,0,0,1004,0,0,1,-1,1,1,-1,-1,-1,-1,-1,-1,
2026-03-18,16:36:33.110,7.96,100,100,100,-0.024,-3.25,61,0,7.80,-0.058,0.737,-0.66,71,0,173.17,-10.95,10,0.00,3.75,3.77,3.76,3.75,3.76,3.75,3.77,3.75,30.15,0.0,30,31,-104,-113,-1021,0,0,1004,0,0,1,-1,1,1,-1,-1,-1,-1,-1,-1,
2026-03-18,16:36:33.370,7.96,100,100,100,-0.223,-3.05,62,0,7.78,-0.191,2.634,0.07,72,0,176.01,-7.54,10,0.00,3.75,3.77,3.76,3.75,3.76,3.75,3.77,3.75,30.17,0.0,30,31,-102,-505,-1024,53,0,1004,0,0,1,-1,1,1,-1,-1,-1,-1,-1,-1,
2026-03-18,16:36:33.630,7.96,100,100,100,-0.060,-3.11,63,0,7.80,-0.151,0.977,0.16,74,0,177.08,-12.25,10,0.00,3.75,3.77,3.76,3.75,3.76,3.75,3.77,3.75,30.17,0.0,30,31,-268,-357,-1024,-26,0,1005,0,0,1,-1,1,1,-1,-1,-1,-1,-1,-1,
2026-03-18,16:36:33.900,7.96,100,100,100,-0.051,-3.34,64,0,7.78,-0.127,0.792,-0.53,76,0,175.58,-13.11,10,0.00,3.74,3.77,3.76,3.75,3.76,3.75,3.77,3.75,30.18,0.0,30,31,-281,-617,-1024,0,0,1005,0,0,1,-1,1,1,-1,-1,-1,-1,-1,-1,
2026-03-18,16:36:34.170,7.96,100,100,100,-0.129,-3.18,65,0,7.77,-0.098,1.017,-0.53,79,0,176.12,-9.50,10,0.00,3.74,3.77,3.76,3.76,3.76,3.75,3.77,3.75,30.18,0.0,30,31,-325,-735,-1024,0,0,1004,0,0,1,-1,1,1,-1,-1,-1,-1,-1,-1,
2026-03-18,16:36:34.430,7.96,100,100,100,-0.002,-3.12,66,0,7.76,-0.048,1.044,0.19,79,0,175.98,-6.90,10,0.00,3.74,3.77,3.76,3.76,3.77,3.76,3.77,3.75,30.20,0.0,30,31,-362,-936,-1024,0,0,1004,0,0,1,-1,1,1,-1,-1,-1,-1,-1,-1,
2026-03-18,16:36:34.690,7.96,100,100,100,0.013,-2.80,67,0,7.76,-0.094,1.115,0.64,80,0,176.67,-8.25,10,0.00,3.74,3.77,3.76,3.76,3.77,3.76,3.78,3.76,30.21,0.0,30,31,-408,-800,-1024,0,0,1005,0,0,1,-1,1,1,-1,-1,-1,-1,-1,-1,
2026-03-18,16:36:34.960,7.96,100,100,100,-0.035,-2.61,69,0,7.81,-0.137,0.759,0.83,80,0,177.02,-12.98,10,0.00,3.75,3.77,3.76,3.76,3.77,3.76,3.78,3.76,30.21,0.0,30,31,-430,-277,-1024,-118,0,1005,0,0,1,-1,1,1,-1,-1,-1,-1,-1,-1,
2026-03-18,16:36:35.220,7.96,100,100,100,0.035,-2.76,70,0,7.79,-0.149,0.913,0.04,81,0,176.77,-13.00,10,0.00,3.75,3.77,3.76,3.76,3.77,3.76,3.78,3.76,30.21,0.0,30,31,-459,-1015,-1024,25,0,1004,0,0,1,-1,1,1,-1,-1,-1,-1,-1,-1,
2026-03-18,16:36:35.490,7.96,100,100,100,0.049,-2.65,70,0,7.78,-0.080,0.964,0.07,82,0,177.33,-7.64,10,0.00,3.75,3.77,3.76,3.76,3.77,3.76,3.78,3.76,30.21,0.0,30,31,-657,-711,-1024,0,0,1005,0,0,1,-1,1,1,-1,-1,-1,-1,-1,-1,
2026-03-18,16:36:35.750,7.96,100,100,100,0.182,-2.35,69,0,7.77,-0.014,0.917,0.67,82,0,178.15,-4.56,10,0.00,3.75,3.77,3.76,3.76,3.77,3.76,3.78,3.76,30.23,0.0,30,31,-926,-363,-971,-42,0,1004,0,0,1,-1,1,1,-1,-1,-1,-1,-1,-1,
2026-03-18,16:36:36.020,7.96,100,100,100,0.096,-1.89,68,0,7.76,-0.035,0.839,0.81,82,0,179.06,-4.42,10,0.00,3.75,3.77,3.76,3.76,3.77,3.76,3.78,3.76,30.23,0.0,30,31,-1014,-21,-810,0,0,1005,0,0,1,-1,1,1,-1,-1,-1,-1,-1,-1,
2026-03-18,16:36:36.280,7.96,100,100,100,0.172,-1.82,67,0,7.76,-0.001,0.965,0.39,82,0,-178.31,-3.75,10,0.00,3.75,3.77,3.76,3.76,3.77,3.76,3.78,3.76,30.24,0.0,30,31,-1015,5,-776,-1,0,1004,0,0,1,-1,1,1,-1,-1,-1,-1,-1,-1,
2026-03-18,16:36:36.540,7.96,100,100,100,0.279,-1.64,66,0,7.76,-0.060,1.214,0.51,82,0,-178.05,-4.16,10,0.00,3.75,3.77,3.76,3.76,3.77,3.76,3.78,3.76,30.24,0.0,30,31,-1010,11,-813,0,0,1004,0,0,1,-1,1,1,-1,-1,-1,-1,-1,-1,
2026-03-18,16:36:36.810,7.96,100,100,100,0.267,-1.70,67,0,7.76,-0.001,0.845,0.15,81,0,-175.15,-4.60,10,0.00,3.75,3.77,3.76,3.76,3.77,3.76,3.78,3.76,30.25,0.0,30,31,-1013,11,-785,0,0,1004,0,0,1,-1,1,1,-1,-1,-1,-1,-1,-1,
2026-03-18,16:36:37.070,7.96,100,100,100,0.289,-1.66,67,0,7.76,-0.032,1.304,0.12,81,0,-173.94,-5.11,10,0.00,3.75,3.77,3.76,3.76,3.77,3.76,3.78,3.76,30.25,0.0,30,31,-1015,11,-622,0,0,1005,0,0,1,-1,1,1,-1,-1,-1,-1,-1,-1,
2026-03-18,16:36:37.330,7.96,100,100,100,0.271,-1.72,68,0,7.76,-0.064,1.397,-0.02,82,0,-171.75,-5.64,10,0.00,3.75,3.77,3.76,3.76,3.77,3.76,3.78,3.76,30.25,0.0,30,31,-1015,11,-585,0,0,1004,0,0,1,-1,1,1,-1,-1,-1,-1,-1,-1,
2026-03-18,16:36:37.600,7.96,100,100,100,0.156,-1.78,70,0,7.76,-0.070,0.909,-0.16,82,0,-170.78,-7.09,10,0.00,3.75,3.77,3.77,3.76,3.77,3.76,3.78,3.76,30.25,0.0,30,31,-1016,11,-421,0,0,1005,0,0,1,-1,1,1,-1,-1,-1,-1,-1,-1,
2026-03-18,16:36:37.880,7.96,100,100,100,0.147,-1.81,69,0,7.76,-0.061,0.872,-0.14,83,0,-170.53,-7.16,10,0.00,3.75,3.77,3.77,3.76,3.77,3.76,3.78,3.76,30.24,0.5,30,31,-1016,11,-306,0,0,1005,0,0,1,-1,1,1,-1,-1,-1,-1,-1,-1,
2026-03-18,16:36:38.140,7.96,100,100,100,0.154,-1.73,68,0,7.76,-0.116,0.797,0.03,83,0,-170.00,-8.48,10,0.00,3.75,3.77,3.77,3.76,3.77,3.76,3.78,3.76,30.24,0.5,30,31,-1015,12,-436,-2,0,1005,0,0,1,-1,1,1,-1,-1,-1,-1,-1,-1,
2026-03-18,16:36:38.410,7.96,100,100,100,0.041,-1.69,68,0,7.76,-0.011,0.633,0.16,82,0,-169.52,-9.24,10,0.00,3.75,3.77,3.77,3.76,3.77,3.76,3.78,3.76,30.25,2.7,30,31,-1014,13,-521,-14,0,1005,0,0,1,-1,1,1,-1,-1,-1,-1,-1,-1,
2026-03-18,16:36:38.680,7.96,100,100,100,0.013,-1.53,68,0,7.76,-0.001,0.621,0.33,82,0,-169.17,-10.55,10,0.00,3.75,3.77,3.77,3.76,3.77,3.76,3.78,3.76,30.25,0.0,30,31,-1016,13,-422,-14,0,1004,0,0,1,-1,1,1,-1,-1,-1,-1,-1,-1,
2026-03-18,16:36:38.940,7.96,100,100,100,0.100,-1.25,69,0,7.76,-0.145,0.732,0.73,83,0,-169.63,-10.69,10,0.00,3.75,3.77,3.76,3.76,3.77,3.76,3.78,3.76,30.25,0.0,30,31,-1017,12,-287,-14,0,1004,0,0,1,-1,1,1,-1,-1,-1,-1,-1,-1,
2026-03-18,16:36:39.200,7.96,100,100,100,0.043,-1.18,70,0,7.76,-0.227,1.098,0.51,83,0,-170.03,-11.00,10,0.00,3.75,3.77,3.76,3.76,3.77,3.76,3.78,3.76,30.25,3.5,30,31,-1015,14,-317,-16,0,1004,0,0,1,-1,1,1,-1,-1,-1,-1,-1,-1,
2026-03-18,16:36:39.470,7.96,100,100,100,0.120,-1.22,72,0,7.76,-0.158,0.850,0.14,83,0,-170.61,-12.20,10,0.00,3.75,3.77,3.76,3.76,3.77,3.76,3.78,3.76,30.25,3.5,30,32,-1015,14,-331,-16,0,1004,0,0,1,-1,1,1,-1,-1,-1,-1,-1,-1,
2026-03-18,16:36:39.740,7.96,100,100,100,0.165,-1.16,73,0,7.76,-0.248,1.002,0.08,83,0,-171.51,-12.49,10,0.00,3.75,3.77,3.76,3.76,3.77,3.76,3.78,3.76,30.25,1.7,30,32,-1015,15,-334,-18,0,1004,0,0,1,-1,1,1,-1,-1,-1,-1,-1,-1,
2026-03-18,16:36:40.000,7.96,100,100,100,0.079,-0.99,75,0,7.76,-0.141,0.960,0.40,82,0,-171.97,-12.27,10,0.00,3.75,3.77,3.76,3.76,3.77,3.76,3.78,3.76,30.25,1.7,30,32,-1015,15,-334,-20,0,1004,0,0,1,-1,1,1,-1,-1,-1,-1,-1,-1,
2026-03-18,16:36:40.260,7.96,100,100,100,0.029,-0.91,78,0,7.76,-0.190,0.913,0.36,81,0,-172.60,-12.09,10,0.00,3.75,3.77,3.76,3.76,3.77,3.76,3.78,3.76,30.25,1.9,30,32,-1016,14,-328,-24,0,1004,0,0,1,-1,1,1,-1,-1,-1,-1,-1,-1,
2026-03-18,16:36:40.540,7.96,100,100,100,-0.029,-0.92,80,0,7.76,-0.200,0.901,0.18,80,0,-173.09,-12.74,10,0.00,3.75,3.77,3.76,3.76,3.77,3.76,3.78,3.76,30.25,1.9,30,32,-1017,14,-309,-25,0,1005,0,0,1,-1,1,1,-1,-1,-1,-1,-1,-1,
2026-03-18,16:36:40.810,7.96,100,100,100,0.076,-0.91,81,0,7.76,-0.207,0.829,0.01,79,0,-173.91,-12.67,10,0.00,3.75,3.77,3.76,3.76,3.77,3.76,3.78,3.76,30.24,2.3,30,32,-1016,14,-305,-27,0,1004,0,0,1,-1,1,1,-1,-1,-1,-1,-1,-1,
2026-03-18,16:36:41.070,7.96,100,100,100,0.054,-0.99,81,0,7.76,-0.180,0.882,-0.08,76,0,-174.27,-13.66,10,0.00,3.75,3.77,3.76,3.76,3.77,3.76,3.78,3.76,30.24,2.3,30,32,-1015,14,-308,-26,0,1004,0,0,1,-1,1,1,-1,-1,-1,-1,-1,-1,
2026-03-18,16:36:41.340,7.96,100,100,100,0.048,-1.18,82,0,7.76,-0.183,0.677,-0.31,74,0,-174.55,-14.21,10,0.00,3.75,3.77,3.76,3.76,3.77,3.76,3.78,3.76,30.24,2.2,30,32,-1015,15,-308,-20,0,1005,0,0,1,-1,1,1,-1,-1,-1,-1,-1,-1,
2026-03-18,16:36:41.610,7.96,100,100,100,0.014,-1.13,82,0,7.76,-0.165,0.817,-0.05,74,0,-175.04,-14.15,10,0.00,3.75,3.77,3.76,3.76,3.77,3.76,3.78,3.76,30.24,2.2,30,32,-1015,14,-309,-18,0,1005,0,0,1,-1,1,1,-1,-1,-1,-1,-1,-1,
2026-03-18,16:36:41.870,7.96,100,100,100,0.049,-1.15,82,0,7.76,-0.175,0.791,0.04,77,0,-175.44,-14.28,10,0.00,3.75,3.77,3.76,3.76,3.77,3.76,3.78,3.76,30.24,2.1,30,32,-1016,15,-311,-16,0,1004,0,0,1,-1,1,1,-1,-1,-1,-1,-1,-1,
2026-03-18,16:36:42.130,7.95,100,100,100,0.078,-1.19,81,0,7.76,-0.146,0.493,-0.15,80,0,-175.91,-14.11,10,0.00,3.75,3.77,3.76,3.76,3.77,3.76,3.78,3.76,30.24,2.1,30,32,-1015,14,-311,-15,0,1004,0,0,1,-1,1,1,-1,-1,-1,-1,-1,-1,
2026-03-18,16:36:42.410,7.96,100,100,100,0.055,-1.22,82,0,7.76,-0.151,0.680,-0.07,83,0,-176.09,-14.48,10,0.00,3.75,3.77,3.76,3.76,3.77,3.76,3.78,3.76,30.24,2.1,30,32,-1015,15,-320,-19,0,1004,0,0,1,-1,1,1,-1,-1,-1,-1,-1,-1,
2026-03-18,16:36:42.680,7.96,100,100,100,0.070,-1.28,82,0,7.76,-0.204,0.837,-0.10,85,0,-176.21,-14.53,10,0.00,3.75,3.77,3.76,3.76,3.77,3.76,3.78,3.76,30.24,1.8,30,32,-1016,14,-325,-25,0,1004,0,0,1,-1,1,1,-1,-1,-1,-1,-1,-1,
2026-03-18,16:36:42.940,7.96,100,100,100,0.049,-1.37,83,0,7.76,-0.208,1.157,-0.30,88,0,-176.65,-14.32,10,0.00,3.75,3.77,3.76,3.76,3.77,3.76,3.78,3.76,30.24,1.8,30,32,-1015,14,-323,-30,0,1005,0,0,1,-1,1,1,-1,-1,-1,-1,-1,-1,
2026-03-18,16:36:43.210,7.96,100,100,100,0.007,-1.32,83,0,7.76,-0.166,0.895,-0.05,91,0,-176.79,-14.92,10,0.00,3.75,3.77,3.76,3.76,3.77,3.76,3.78,3.76,30.24,1.8,30,32,-1013,14,-312,-23,0,1004,0,0,1,-1,1,1,-1,-1,-1,-1,-1,-1,
2026-03-18,16:36:43.470,7.96,100,100,100,0.026,-1.21,82,0,7.76,-0.215,1.064,0.21,92,0,-177.14,-14.75,10,0.00,3.75,3.77,3.76,3.76,3.77,3.76,3.78,3.76,30.25,1.8,30,32,-1012,13,-253,-15,0,1005,0,0,1,-1,1,1,-1,-1,-1,-1,-1,-1,
2026-03-18,16:36:43.740,7.96,100,100,100,-0.003,-1.25,81,0,7.79,-0.173,0.857,0.26,95,0,-177.56,-14.49,10,0.00,3.75,3.77,3.76,3.76,3.77,3.76,3.78,3.76,30.24,3.3,30,32,-737,12,-228,-28,0,1004,0,0,1,-1,1,1,-1,-1,-1,-1,-1,-1,
2026-03-18,16:36:44.010,7.96,100,100,100,0.033,-1.23,82,0,7.77,-0.187,0.821,0.03,96,0,-177.71,-14.87,10,0.00,3.75,3.77,3.76,3.76,3.77,3.76,3.78,3.76,30.24,3.3,30,32,-122,0,-306,-30,0,1005,0,0,1,-1,1,1,-1,-1,-1,-1,-1,-1,
2026-03-18,16:36:44.280,7.96,100,100,100,-0.114,-1.32,82,0,7.76,-0.198,0.945,-0.17,95,0,-178.52,-14.41,10,0.00,3.75,3.77,3.76,3.76,3.77,3.76,3.78,3.76,30.24,2.2,30,32,0,10,-305,-39,0,1005,0,0,1,-1,1,1,-1,-1,-1,-1,-1,-1,
2026-03-18,16:36:44.560,7.96,100,100,100,-0.050,-1.36,83,0,7.76,-0.221,1.081,-0.24,95,0,-179.22,-14.06,10,0.00,3.75,3.77,3.76,3.76,3.77,3.76,3.78,3.76,30.24,2.2,30,32,-50,0,-303,-50,0,1004,0,0,1,-1,1,1,-1,-1,-1,-1,-1,-1,
2026-03-18,16:36:44.830,7.96,100,100,100,0.020,-1.13,82,0,7.76,-0.227,0.958,0.40,95,0,-179.53,-13.69,10,0.00,3.75,3.77,3.76,3.76,3.77,3.76,3.78,3.76,30.25,2.3,30,32,-407,-9,-307,-22,0,1004,0,0,1,-1,1,1,-1,-1,-1,-1,-1,-1,
2026-03-18,16:36:45.090,7.96,100,100,100,-0.078,-1.11,81,0,7.81,-0.235,0.920,0.27,94,0,-179.65,-13.73,10,0.00,3.75,3.77,3.76,3.76,3.77,3.76,3.78,3.76,30.25,2.3,30,32,-406,3,-306,-25,0,1004,0,0,1,-1,1,1,-1,-1,-1,-1,-1,-1,
2026-03-18,16:36:45.370,7.95,100,100,100,-0.096,-1.29,81,0,7.83,-0.272,1.346,-0.22,93,0,-179.73,-13.61,10,0.00,3.75,3.77,3.76,3.76,3.77,3.76,3.78,3.76,30.25,2.2,30,32,-352,11,-250,-2,0,1004,0,0,1,-1,1,1,-1,-1,-1,-1,-1,-1,
2026-03-18,16:36:45.640,7.96,100,100,100,-0.068,-1.35,80,0,7.85,-0.241,1.097,-0.31,89,0,-179.68,-13.57,10,0.00,3.75,3.77,3.76,3.76,3.77,3.76,3.78,3.76,30.25,2.2,30,32,-227,12,-214,-21,0,1005,0,0,1,-1,1,1,-1,-1,-1,-1,-1,-1,
2026-03-18,16:36:45.910,7.96,100,100,100,-0.039,-1.32,79,0,7.83,-0.246,0.674,-0.04,89,0,-179.72,-14.22,10,0.00,3.75,3.77,3.76,3.76,3.77,3.76,3.78,3.76,30.24,3.8,30,32,-337,12,-104,-25,0,1005,0,0,1,-1,1,1,-1,-1,-1,-1,-1,-1,
2026-03-18,16:36:46.170,7.96,100,100,100,-0.041,-1.60,79,0,7.80,-0.263,0.807,-0.18,90,0,56.29,-13.65,10,0.00,3.75,3.77,3.76,3.76,3.77,3.76,3.78,3.76,30.24,3.8,30,32,-628,12,-25,-21,0,1005,0,0,1,-1,1,1,-1,-1,-1,-1,-1,-1,
2026-03-18,16:36:46.430,7.96,100,100,100,0.022,-1.71,79,0,7.78,-0.270,1.017,-0.37,90,0,-118.36,-14.27,10,0.00,3.75,3.77,3.76,3.76,3.77,3.75,3.78,3.76,30.21,6.3,31,32,-410,0,-24,-22,0,1004,0,0,1,-1,1,1,-1,-1,-1,-1,-1,-1,
2026-03-18,16:36:46.690,7.96,100,100,100,-0.040,-1.70,79,0,7.80,-0.332,0.842,0.00,92,0,-23.10,-14.53,10,0.00,3.75,3.77,3.76,3.76,3.77,3.75,3.77,3.75,30.19,6.9,31,32,-628,10,-28,-8,0,1005,0,0,1,-1,1,1,-1,-1,-1,-1,-1,-1,
2026-03-18,16:36:46.950,7.95,100,100,100,-0.020,-2.24,79,0,7.79,-0.322,1.391,-1.15,92,0,179.64,-15.37,10,0.00,3.74,3.76,3.76,3.76,3.77,3.75,3.77,3.75,30.19,6.9,31,32,-669,0,-107,0,0,1004,0,0,1,-1,1,1,-1,-1,-1,-1,-1,-1,
2026-03-18,16:36:47.220,7.96,100,100,100,-0.004,-2.28,79,0,7.79,-0.286,1.244,-0.75,93,0,179.49,-14.85,10,0.00,3.74,3.76,3.75,3.75,3.77,3.75,3.77,3.75,30.18,5.3,31,32,-805,-6,-107,0,0,1004,0,0,1,-1,1,1,-1,-1,-1,-1,-1,-1,
2026-03-18,16:36:47.500,7.96,100,100,100,-0.002,-2.22,80,0,7.78,-0.250,1.318,-0.08,94,0,179.35,-15.15,10,0.00,3.74,3.76,3.75,3.75,3.76,3.75,3.77,3.75,30.18,5.3,31,32,-909,-19,43,0,0,1005,0,0,1,-1,1,1,-1,-1,-1,-1,-1,-1,
2026-03-18,16:36:47.770,7.96,100,100,100,-0.033,-2.33,79,0,7.79,-0.394,0.660,-0.21,95,0,179.42,-16.60,10,0.00,3.74,3.76,3.75,3.75,3.76,3.75,3.77,3.75,30.15,6.6,31,32,-750,-3,40,0,0,1004,0,0,1,-1,1,1,-1,-1,-1,-1,-1,-1,
2026-03-18,16:36:48.030,7.96,100,100,100,0.037,-2.62,79,0,7.83,-0.389,0.873,-0.66,95,0,179.59,-17.22,10,0.00,3.74,3.76,3.75,3.75,3.76,3.75,3.76,3.75,30.15,6.6,31,32,-751,-1,38,0,0,1004,0,0,1,-1,1,1,-1,-1,-1,-1,-1,-1,
2026-03-18,16:36:48.290,7.96,100,100,100,0.054,-2.81,78,0,7.84,-0.289,0.735,-0.75,95,0,165.66,-18.93,10,0.00,3.74,3.76,3.75,3.75,3.76,3.75,3.76,3.75,30.15,7.7,31,32,-647,0,-305,0,0,1004,0,0,1,-1,1,1,-1,-1,-1,-1,-1,-1,
2026-03-18,16:36:48.570,7.96,100,100,100,-0.066,-2.79,79,0,7.83,-0.143,0.452,-0.40,95,0,-119.79,-18.47,10,0.00,3.74,3.76,3.75,3.74,3.76,3.75,3.76,3.75,30.15,7.7,31,32,-580,6,-560,0,0,1004,0,0,1,-1,1,1,-1,-1,-1,-1,-1,-1,
2026-03-18,16:36:48.840,7.96,100,100,100,-0.007,-1.93,79,0,7.79,-0.113,0.951,1.24,94,0,-141.07,-18.30,10,0.00,3.74,3.76,3.75,3.74,3.76,3.75,3.76,3.75,30.18,0.0,31,32,-629,0,-416,0,0,1005,0,0,1,-1,1,1,-1,-1,-1,-1,-1,-1,
2026-03-18,16:36:49.110,7.96,100,100,100,0.015,-1.57,82,0,7.80,-0.237,1.458,1.34,93,0,-179.52,-16.79,10,0.00,3.74,3.76,3.75,3.74,3.76,3.75,3.77,3.75,30.18,0.0,31,32,-637,2,-304,0,0,1005,0,0,1,-1,1,1,-1,-1,-1,-1,-1,-1,
2026-03-18,16:36:49.370,7.96,99,100,100,0.024,-1.42,82,0,7.81,-0.161,0.743,0.88,92,0,-179.80,-16.35,10,0.00,3.75,3.77,3.75,3.74,3.76,3.75,3.77,3.75,30.19,2.8,31,32,-627,10,-306,0,0,1004,0,0,1,-1,1,1,-1,-1,-1,-1,-1,-1,
2026-03-18,16:36:49.650,7.96,99,100,100,0.010,-1.45,82,0,7.84,-0.161,0.738,0.29,89,0,-179.66,-15.20,10,0.00,3.75,3.77,3.76,3.76,3.76,3.75,3.77,3.75,30.19,2.8,31,32,-619,0,-385,0,0,1004,0,0,1,-1,1,1,-1,-1,-1,-1,-1,-1,
2026-03-18,16:36:49.910,7.95,99,100,100,-0.039,-1.40,82,0,7.85,-0.093,0.530,0.20,87,0,-179.80,-14.90,10,0.00,3.75,3.77,3.76,3.76,3.77,3.76,3.77,3.75,30.21,1.5,31,32,-575,0,-389,0,0,1005,0,0,1,-1,1,1,-1,-1,-1,-1,-1,-1,
2026-03-18,16:36:50.180,7.96,100,100,100,-0.012,-1.38,79,0,7.83,-0.143,0.696,0.09,80,0,-24.95,-14.98,10,0.00,3.75,3.77,3.76,3.76,3.77,3.76,3.78,3.76,30.21,1.1,31,32,-630,11,-360,0,0,1005,0,0,1,-1,1,1,-1,-1,-1,-1,-1,-1,
2026-03-18,16:36:50.460,7.96,100,100,100,-0.037,-1.32,71,0,7.85,-0.206,1.144,0.16,73,0,-104.16,-14.43,10,0.00,3.75,3.77,3.76,3.76,3.77,3.76,3.78,3.76,30.21,1.1,31,32,-579,-7,-300,0,0,1005,0,0,1,-1,1,1,-1,-1,-1,-1,-1,-1,
2026-03-18,16:36:50.730,7.96,100,100,100,0.004,-1.20,67,0,7.83,-0.211,1.129,0.34,70,0,179.50,-13.95,10,0.00,3.75,3.77,3.76,3.76,3.77,3.76,3.78,3.76,30.21,1.1,31,32,-301,0,-221,0,0,1004,0,0,1,-1,1,1,-1,-1,-1,-1,-1,-1,
2026-03-18,16:36:51.010,7.96,100,100,100,-0.070,-1.52,65,0,7.79,-0.343,1.223,-0.47,69,0,179.40,-14.24,10,0.00,3.75,3.77,3.76,3.76,3.77,3.76,3.78,3.76,30.21,1.1,31,32,-280,8,-182,0,0,1005,0,0,1,-1,1,1,-1,-1,-1,-1,-1,-1,
2026-03-18,16:36:51.280,7.96,100,100,100,-0.019,-1.52,63,0,7.81,-0.302,1.236,-0.43,65,0,179.30,-14.09,10,0.00,3.75,3.77,3.76,3.76,3.77,3.76,3.78,3.76,30.22,4.1,31,32,-398,11,-259,0,0,1004,0,0,1,-1,1,1,-1,-1,-1,-1,-1,-1,
2026-03-18,16:36:51.540,7.96,100,100,100,-0.040,-1.49,64,0,7.79,-0.195,0.730,0.03,64,0,179.05,-15.30,10,0.00,3.75,3.77,3.76,3.76,3.77,3.76,3.78,3.75,30.22,4.1,31,32,-415,0,-287,0,0,1004,0,0,1,-1,1,1,-1,-1,-1,-1,-1,-1,
2026-03-18,16:36:51.800,7.96,100,100,100,-0.074,-1.50,64,0,7.83,-0.201,0.915,-0.02,63,0,179.02,-13.99,10,0.00,3.75,3.77,3.76,3.76,3.77,3.76,3.78,3.75,30.22,4.1,31,32,-396,10,-300,0,0,1004,0,0,1,-1,1,1,-1,-1,-1,-1,-1,-1,
2026-03-18,16:36:52.080,7.96,100,100,100,-0.045,-1.51,62,0,7.80,-0.327,1.139,-0.04,68,0,179.02,-14.33,10,0.00,3.75,3.77,3.76,3.76,3.77,3.76,3.78,3.75,30.22,4.1,31,32,-532,7,-168,0,0,1004,0,0,1,-1,1,1,-1,-1,-1,-1,-1,-1,
2026-03-18,16:36:52.340,7.96,100,100,100,-0.001,-1.49,62,0,7.78,-0.193,0.916,0.03,70,0,178.88,-14.01,10,0.00,3.75,3.77,3.76,3.76,3.77,3.76,3.78,3.75,30.21,4.2,31,32,-529,12,-129,0,0,1005,0,0,1,-1,1,1,-1,-1,-1,-1,-1,-1,
2026-03-18,16:36:52.610,7.96,99,100,100,-0.084,-1.38,63,0,7.81,-0.239,0.894,0.28,72,0,178.91,-14.80,10,0.00,3.75,3.77,3.76,3.76,3.77,3.76,3.77,3.76,30.21,4.2,31,32,-467,13,-210,0,0,1004,0,0,1,-1,1,1,-1,-1,-1,-1,-1,-1,
2026-03-18,16:36:52.890,7.96,99,100,100,-0.055,-1.53,64,0,7.80,-0.309,0.964,-0.11,71,0,178.60,-15.80,10,0.00,3.75,3.77,3.76,3.76,3.77,3.76,3.77,3.76,30.21,4.1,31,32,-246,12,-158,0,0,1004,0,0,1,-1,1,1,-1,-1,-1,-1,-1,-1,
2026-03-18,16:36:53.170,7.96,99,100,100,-0.063,-1.67,68,0,7.82,-0.273,0.874,-0.43,73,0,178.56,-14.88,10,0.00,3.75,3.77,3.76,3.76,3.77,3.76,3.77,3.76,30.21,5.4,31,32,-329,13,-204,0,0,1005,0,0,1,-1,1,1,-1,-1,-1,-1,-1,-1,
2026-03-18,16:36:53.450,7.96,100,100,100,-0.030,-1.76,70,0,7.81,-0.235,0.772,-0.18,74,0,178.59,-14.58,10,0.00,3.75,3.77,3.76,3.76,3.77,3.76,3.77,3.76,30.21,5.4,31,32,-409,13,-303,0,0,1005,0,0,1,-1,1,1,-1,-1,-1,-1,-1,-1,
2026-03-18,16:36:53.720,7.96,100,100,100,-0.140,-1.56,72,0,7.82,-0.237,1.316,0.34,76,0,178.67,-14.87,10,0.00,3.75,3.77,3.76,3.76,3.77,3.75,3.77,3.76,30.20,1.7,31,32,-599,12,-194,0,0,1005,0,0,1,-1,1,1,-1,-1,-1,-1,-1,-1,
2026-03-18,16:36:53.980,7.96,100,100,100,-0.063,-1.42,74,0,7.79,-0.269,1.177,0.53,76,0,178.42,-14.76,10,0.00,3.75,3.77,3.76,3.76,3.77,3.75,3.77,3.76,30.20,1.7,31,32,-743,14,-157,0,0,1004,0,0,1,-1,1,1,-1,-1,-1,-1,-1,-1,
2026-03-18,16:36:54.250,7.96,100,100,100,-0.009,-1.51,75,0,7.79,-0.290,1.035,0.14,76,0,178.83,-13.22,10,0.00,3.75,3.77,3.76,3.76,3.77,3.75,3.77,3.76,30.20,5.3,31,32,-643,14,-200,0,0,1004,0,0,1,-1,1,1,-1,-1,-1,-1,-1,-1,
2026-03-18,16:36:54.520,7.96,100,100,100,0.066,-1.64,76,0,7.79,-0.044,1.260,-0.36,75,0,178.93,-13.08,10,0.00,3.75,3.77,3.76,3.76,3.77,3.75,3.77,3.76,30.20,5.3,31,32,-548,13,-227,0,0,1004,0,0,1,-1,1,1,-1,-1,-1,-1,-1,-1,
2026-03-18,16:36:54.780,7.95,100,100,100,-0.057,-1.65,76,0,7.78,-0.164,0.840,-0.19,75,0,179.12,-13.18,10,0.00,3.75,3.77,3.76,3.76,3.77,3.75,3.77,3.76,30.20,2.9,31,32,2,13,-298,0,0,1004,0,0,1,-1,1,1,-1,-1,-1,-1,-1,-1,
2026-03-18,16:36:55.040,7.96,100,100,100,-0.051,-1.46,75,0,7.79,-0.170,0.722,0.31,74,0,178.70,-12.09,10,0.00,3.75,3.77,3.76,3.76,3.77,3.75,3.77,3.76,30.20,2.9,31,32,0,13,-303,0,0,1004,0,0,1,-1,1,1,-1,-1,-1,-1,-1,-1,
2026-03-18,16:36:55.310,7.95,100,100,100,0.017,-1.40,72,0,7.80,-0.153,0.582,0.31,73,0,178.87,-13.43,10,0.00,3.75,3.77,3.76,3.76,3.77,3.75,3.77,3.76,30.21,1.9,31,32,350,14,-210,0,0,1005,0,0,1,-1,1,1,-1,-1,-1,-1,-1,-1,
2026-03-18,16:36:55.580,7.95,100,100,100,-0.080,-1.17,71,0,7.77,-0.229,1.183,0.51,72,0,178.28,-12.21,10,0.00,3.75,3.77,3.76,3.76,3.77,3.75,3.77,3.76,30.21,1.9,31,32,469,14,-205,0,0,1004,0,0,1,-1,1,1,-1,-1,-1,-1,-1,-1,
2026-03-18,16:36:55.850,7.96,100,100,100,0.000,-1.20,69,0,7.79,-0.207,0.825,0.32,71,0,178.43,-12.61,10,0.00,3.75,3.77,3.76,3.76,3.77,3.75,3.77,3.76,30.22,4.5,31,32,423,13,-200,0,0,1004,0,0,1,-1,1,1,-1,-1,-1,-1,-1,-1,
2026-03-18,16:36:56.110,7.96,100,100,100,-0.088,-1.36,69,0,7.80,-0.196,0.787,-0.19,70,0,178.69,-12.30,10,0.00,3.75,3.77,3.76,3.76,3.77,3.76,3.77,3.76,30.22,4.5,31,32,386,14,-200,0,0,1004,0,0,1,-1,1,1,-1,-1,-1,-1,-1,-1,
2026-03-18,16:36:56.370,7.96,100,100,100,0.011,-1.42,69,0,7.84,-0.232,1.384,-0.23,72,0,179.02,-12.62,10,0.00,3.75,3.77,3.76,3.76,3.77,3.76,3.78,3.76,30.22,3.8,31,32,427,12,-200,0,0,1005,0,0,1,-1,1,1,-1,-1,-1,-1,-1,-1,
2026-03-18,16:36:56.630,7.96,100,100,100,-0.081,-1.44,71,0,7.85,-0.260,0.932,-0.13,72,0,178.80,-13.07,10,0.00,3.75,3.77,3.76,3.76,3.77,3.76,3.78,3.76,30.22,3.8,31,32,418,0,-189,0,0,1004,0,0,1,-1,1,1,-1,-1,-1,-1,-1,-1,
2026-03-18,16:36:56.900,7.95,100,100,100,-0.074,-1.46,73,0,7.81,-0.213,0.831,-0.03,72,0,178.68,-12.58,10,0.00,3.75,3.77,3.76,3.76,3.77,3.76,3.78,3.76,30.21,3.8,32,32,252,12,-176,0,0,1004,0,0,1,-1,1,1,-1,-1,-1,-1,-1,-1,
2026-03-18,16:36:57.170,7.96,100,100,100,-0.081,-1.54,74,0,7.84,-0.192,1.036,-0.20,73,0,178.47,-12.26,10,0.00,3.75,3.77,3.76,3.76,3.77,3.75,3.78,3.76,30.21,3.8,32,32,250,13,-191,0,0,1004,0,0,1,-1,1,1,-1,-1,-1,-1,-1,-1,
2026-03-18,16:36:57.430,7.95,100,100,100,-0.063,-1.47,74,0,7.82,-0.185,0.557,-0.06,74,0,178.22,-12.69,10,0.00,3.75,3.77,3.76,3.76,3.77,3.75,3.77,3.76,30.21,4.1,32,32,174,13,-217,0,0,1004,0,0,1,-1,1,1,-1,-1,-1,-1,-1,-1,
2026-03-18,16:36:57.700,7.96,100,100,100,-0.029,-1.18,74,0,7.81,-0.167,1.119,0.62,74,0,178.02,-12.74,10,0.00,3.75,3.77,3.76,3.76,3.77,3.75,3.77,3.76,30.21,3.1,32,32,88,13,-295,0,0,1005,0,0,1,-1,1,1,-1,-1,-1,-1,-1,-1,
2026-03-18,16:36:57.960,7.95,100,100,100,-0.105,-1.11,74,0,7.83,-0.162,1.360,0.49,74,0,178.12,-14.33,10,0.00,3.75,3.77,3.76,3.76,3.77,3.75,3.77,3.76,30.23,3.1,32,32,93,11,-306,0,0,1004,0,0,1,-1,1,1,-1,-1,-1,-1,-1,-1,
2026-03-18,16:36:58.220,7.96,100,100,100,-0.046,-1.05,73,0,7.85,-0.182,0.681,0.26,73,0,177.80,-13.57,10,0.00,3.75,3.77,3.76,3.76,3.77,3.75,3.77,3.76,30.23,1.8,32,32,-72,13,-308,0,0,1005,0,0,1,-1,1,1,-1,-1,-1,-1,-1,-1,
2026-03-18,16:36:58.480,7.96,100,100,100,-0.064,-0.89,72,0,7.86,-0.133,0.728,0.42,74,0,177.59,-14.22,10,0.00,3.75,3.77,3.76,3.76,3.77,3.76,3.77,3.76,30.23,1.8,32,32,-28,14,-310,0,0,1004,0,0,1,-1,1,1,-1,-1,-1,-1,-1,-1,
2026-03-18,16:36:58.740,7.96,100,100,100,-0.011,-0.86,72,0,7.81,-0.119,0.644,0.33,73,0,178.27,-12.85,10,0.00,3.75,3.77,3.76,3.76,3.77,3.76,3.78,3.76,30.23,2.1,32,32,163,13,-212,0,0,1004,0,0,1,-1,1,1,-1,-1,-1,-1,-1,-1,
2026-03-18,16:36:59.000,7.96,100,100,100,-0.065,-0.77,71,0,7.78,-0.232,1.104,0.16,71,0,178.19,-12.07,10,0.00,3.75,3.77,3.76,3.76,3.77,3.76,3.78,3.76,30.23,2.1,32,32,201,13,-201,0,0,1005,0,0,1,-1,1,1,-1,-1,-1,-1,-1,-1,
2026-03-18,16:36:59.270,7.96,100,100,100,-0.038,-0.61,67,0,7.79,-0.263,0.793,0.35,68,0,177.95,-12.49,10,0.00,3.75,3.77,3.76,3.76,3.77,3.76,3.78,3.76,30.20,4.6,32,32,248,12,-100,0,0,1004,0,0,1,-1,1,1,-1,-1,-1,-1,-1,-1,
2026-03-18,16:36:59.530,7.96,100,100,100,-0.024,-0.68,63,0,7.77,-0.252,1.065,0.14,66,0,178.06,-12.43,10,0.00,3.75,3.77,3.76,3.76,3.77,3.76,3.78,3.76,30.20,4.6,32,32,223,7,-98,0,0,1004,0,0,1,-1,1,1,-1,-1,-1,-1,-1,-1,
2026-03-18,16:36:59.800,7.96,100,100,100,-0.014,-0.90,60,0,7.81,-0.327,1.213,-0.49,67,0,178.40,-13.31,10,0.00,3.75,3.77,3.76,3.76,3.77,3.75,3.77,3.75,30.20,6.0,32,32,210,14,-201,0,0,1004,0,0,1,-1,1,1,-1,-1,-1,-1,-1,-1,
2026-03-18,16:37:00.070,7.96,100,100,100,-0.059,-0.90,60,0,7.84,-0.274,0.828,-0.22,66,0,178.58,-13.65,10,0.00,3.75,3.77,3.76,3.76,3.77,3.75,3.77,3.75,30.20,6.0,32,32,204,12,-203,0,0,1004,0,0,1,-1,1,1,-1,-1,-1,-1,-1,-1,
2026-03-18,16:37:00.330,7.96,100,100,100,0.003,-0.75,62,0,7.85,-0.167,0.723,0.18,67,0,178.49,-13.36,10,0.00,3.75,3.76,3.76,3.76,3.77,3.75,3.77,3.75,30.21,3.3,32,32,206,10,-201,0,0,1004,0,0,1,-1,1,1,-1,-1,-1,-1,-1,-1,
2026-03-18,16:37:00.590,7.95,100,100,100,-0.006,-0.63,65,0,7.86,-0.182,0.743,0.35,69,0,178.53,-13.69,10,0.00,3.75,3.76,3.76,3.76,3.77,3.75,3.77,3.75,30.21,3.3,32,32,312,13,-124,0,0,1005,0,0,1,-1,1,1,-1,-1,-1,-1,-1,-1,
2026-03-18,16:37:00.850,7.96,100,100,100,-0.058,-0.42,66,0,7.80,-0.255,0.723,0.57,71,0,178.34,-13.04,10,0.00,3.75,3.76,3.76,3.76,3.76,3.75,3.77,3.75,30.20,5.0,32,32,228,13,-231,0,0,1005,0,0,1,-1,1,1,-1,-1,-1,-1,-1,-1,
2026-03-18,16:37:01.120,7.96,100,100,100,-0.047,-0.35,66,0,7.80,-0.257,0.905,0.42,72,0,178.15,-13.45,10,0.00,3.75,3.76,3.76,3.76,3.76,3.75,3.77,3.75,30.20,5.0,32,32,0,15,-399,0,0,1004,0,0,1,-1,1,1,-1,-1,-1,-1,-1,-1,
2026-03-18,16:37:01.400,7.95,100,100,100,-0.045,-0.23,67,0,7.83,-0.123,0.915,0.31,73,0,178.28,-13.61,10,0.00,3.75,3.77,3.76,3.76,3.76,3.75,3.77,3.75,30.22,1.2,32,32,49,12,-405,0,0,1005,0,0,1,-1,1,1,-1,-1,-1,-1,-1,-1,
2026-03-18,16:37:01.670,7.95,100,100,100,-0.021,0.04,67,0,7.85,-0.153,0.750,0.48,73,0,178.35,-13.31,10,0.00,3.75,3.77,3.76,3.76,3.76,3.75,3.77,3.75,30.22,1.2,32,32,84,12,-305,0,0,1004,0,0,1,-1,1,1,-1,-1,-1,-1,-1,-1,
2026-03-18,16:37:01.950,7.95,100,100,100,-0.024,-0.10,67,0,7.81,-0.170,0.942,-0.10,74,0,178.11,-13.16,10,0.00,3.75,3.77,3.76,3.76,3.77,3.76,3.77,3.75,30.23,2.2,32,32,-150,12,-277,0,0,1004,0,0,1,-1,1,1,-1,-1,-1,-1,-1,-1,
2026-03-18,16:37:02.220,7.96,100,100,100,-0.072,-0.21,67,0,7.79,-0.240,1.213,-0.33,74,0,178.49,-12.87,10,0.00,3.75,3.77,3.76,3.76,3.77,3.76,3.78,3.76,30.23,3.2,32,32,-365,13,-224,0,0,1005,0,0,1,-1,1,1,-1,-1,-1,-1,-1,-1,
2026-03-18,16:37:02.490,7.96,100,100,100,-0.083,-0.32,67,0,7.77,-0.289,1.374,-0.37,75,0,178.79,-13.02,10,0.00,3.75,3.77,3.76,3.76,3.77,3.76,3.78,3.76,30.23,3.2,32,32,-472,13,-209,0,0,1004,0,0,1,-1,1,1,-1,-1,-1,-1,-1,-1,
2026-03-18,16:37:02.760,7.96,100,100,100,-0.030,-0.32,67,0,7.80,-0.234,0.894,-0.24,75,0,178.77,-12.99,10,0.00,3.75,3.77,3.76,3.76,3.77,3.76,3.78,3.76,30.23,3.2,32,32,-265,7,-209,0,0,1005,0,0,1,-1,1,1,-1,-1,-1,-1,-1,-1,
2026-03-18,16:37:03.030,7.96,99,100,100,0.062,-0.36,67,0,7.83,-0.242,0.931,-0.04,75,0,179.09,-13.20,10,0.00,3.75,3.77,3.76,3.76,3.77,3.76,3.78,3.76,30.23,3.2,32,32,-357,12,-276,0,0,1004,0,0,1,-1,1,1,-1,-1,-1,-1,-1,-1,
2026-03-18,16:37:03.290,7.96,99,100,100,-0.024,-0.38,67,0,7.83,-0.209,1.201,-0.13,76,0,178.95,-12.16,10,0.00,3.75,3.77,3.76,3.76,3.77,3.76,3.78,3.76,30.23,3.0,32,32,-292,12,-331,0,0,1004,0,0,1,-1,1,1,-1,-1,-1,-1,-1,-1,
2026-03-18,16:37:03.560,7.96,99,100,100,-0.027,-0.43,67,0,7.84,-0.208,1.113,-0.13,77,0,179.14,-13.46,10,0.00,3.75,3.77,3.76,3.76,3.77,3.76,3.78,3.76,30.23,3.0,32,32,-405,13,-338,0,0,1004,0,0,1,-1,1,1,-1,-1,-1,-1,-1,-1,
2026-03-18,16:37:03.830,7.96,100,100,100,0.076,-0.29,68,0,7.83,-0.214,1.417,0.22,78,0,178.98,-12.95,10,0.00,3.75,3.77,3.76,3.76,3.77,3.76,3.78,3.76,30.24,1.6,32,32,-432,12,-382,0,0,1004,0,0,1,-1,1,1,-1,-1,-1,-1,-1,-1,
2026-03-18,16:37:04.090,7.96,100,100,100,-0.029,-0.28,68,0,7.83,-0.233,1.195,0.12,78,0,179.23,-12.48,10,0.00,3.75,3.77,3.77,3.76,3.77,3.76,3.78,3.76,30.24,1.6,32,32,-423,16,-347,0,0,1005,0,0,1,-1,1,1,-1,-1,-1,-1,-1,-1,
2026-03-18,16:37:04.360,7.96,100,100,100,-0.076,-0.44,69,0,7.85,-0.171,0.796,-0.33,79,0,179.04,-12.59,10,0.00,3.75,3.77,3.77,3.76,3.77,3.76,3.78,3.76,30.24,1.3,32,32,-583,13,-265,0,0,1004,0,0,1,-1,1,1,-1,-1,-1,-1,-1,-1,
2026-03-18,16:37:04.620,7.95,100,100,100,0.012,-0.51,70,0,7.80,-0.235,1.135,-0.27,79,0,179.25,-12.09,10,0.00,3.75,3.77,3.77,3.76,3.77,3.76,3.78,3.76,30.24,1.3,32,32,-665,14,-242,0,0,1004,0,0,1,-1,1,1,-1,-1,-1,-1,-1,-1,
2026-03-18,16:37:04.890,7.96,100,100,100,-0.012,-0.50,71,0,7.82,-0.226,1.198,-0.18,80,0,179.19,-12.42,10,0.00,3.75,3.77,3.77,3.76,3.77,3.76,3.78,3.76,30.24,3.6,32,32,-638,53,-452,0,0,1004,0,0,1,-1,1,1,-1,-1,-1,-1,-1,-1,
2026-03-18,16:37:05.160,7.96,100,100,100,0.048,-0.40,72,0,7.84,-0.149,0.902,0.19,82,0,179.22,-11.98,10,0.00,3.75,3.77,3.77,3.76,3.77,3.76,3.78,3.76,30.24,3.6,32,32,-639,21,-425,-4,0,1004,0,0,1,-1,1,1,-1,-1,-1,-1,-1,-1,
2026-03-18,16:37:05.420,7.96,100,100,99,0.015,-0.49,72,0,7.85,-0.190,1.315,-0.04,82,0,179.37,-12.03,10,0.00,3.75,3.77,3.76,3.76,3.77,3.76,3.78,3.76,30.25,0.0,32,32,-622,60,-461,0,0,1004,0,0,1,-1,1,1,-1,-1,-1,-1,-1,-1,
2026-03-18,16:37:05.680,7.96,100,100,99,0.068,-0.62,72,0,7.85,-0.181,0.790,-0.31,81,0,179.40,-11.44,10,0.00,3.75,3.77,3.76,3.76,3.77,3.76,3.78,3.76,30.25,0.7,32,32,-598,52,-471,0,0,1004,0,0,1,-1,1,1,-1,-1,-1,-1,-1,-1,
2026-03-18,16:37:05.960,7.96,100,100,99,-0.002,-0.63,72,0,7.86,-0.148,0.941,-0.21,82,0,179.32,-10.87,10,0.00,3.75,3.77,3.76,3.76,3.77,3.76,3.78,3.77,30.26,0.7,32,32,-616,84,-472,-3,0,1005,0,0,1,-1,1,1,-1,-1,-1,-1,-1,-1,
2026-03-18,16:37:06.220,7.95,100,100,99,-0.022,-0.56,72,0,7.86,-0.158,0.997,0.05,82,0,179.47,-10.68,10,0.00,3.76,3.78,3.76,3.76,3.77,3.76,3.78,3.77,30.26,0.7,32,32,-613,49,-468,0,0,1004,0,0,1,-1,1,1,-1,-1,-1,-1,-1,-1,
2026-03-18,16:37:06.500,7.96,100,100,99,-0.001,-0.56,73,0,7.84,-0.214,1.154,0.04,83,0,179.52,-10.25,10,0.00,3.76,3.78,3.77,3.76,3.77,3.76,3.78,3.77,30.26,0.7,32,32,-620,19,-462,0,0,1005,0,0,1,-1,1,1,-1,-1,-1,-1,-1,-1,
2026-03-18,16:37:06.780,7.96,100,100,99,-0.049,-0.51,73,0,7.85,-0.154,0.989,0.08,82,0,179.48,-10.38,10,0.00,3.76,3.78,3.77,3.76,3.78,3.76,3.78,3.77,30.27,0.8,32,32,-681,16,-367,0,0,1005,0,0,1,-1,1,1,-1,-1,-1,-1,-1,-1,
2026-03-18,16:37:07.040,7.96,100,100,99,0.026,-0.43,73,0,7.82,-0.195,0.916,0.19,82,0,179.68,-10.62,10,0.00,3.76,3.78,3.77,3.76,3.78,3.76,3.78,3.76,30.27,0.8,32,32,-721,14,-350,0,0,1005,0,0,1,-1,1,1,-1,-1,-1,-1,-1,-1,
2026-03-18,16:37:07.300,7.96,100,100,99,0.027,-0.47,73,0,7.81,-0.214,1.254,0.07,81,0,179.89,-10.55,10,0.00,3.76,3.77,3.77,3.76,3.78,3.76,3.78,3.76,30.28,2.1,32,32,-751,24,-336,0,0,1004,0,0,1,-1,1,1,-1,-1,-1,-1,-1,-1,
2026-03-18,16:37:07.570,7.95,100,100,99,0.019,-0.58,74,0,7.84,-0.239,1.266,-0.19,81,0,134.97,-10.97,10,0.00,3.76,3.77,3.77,3.76,3.78,3.76,3.78,3.76,30.28,2.1,32,32,-742,17,-330,0,0,1004,0,0,1,-1,1,1,-1,-1,-1,-1,-1,-1,
2026-03-18,16:37:07.840,7.96,100,100,99,0.013,-0.71,75,0,7.83,-0.208,0.755,-0.37,80,0,-125.10,-10.77,10,0.00,3.76,3.77,3.77,3.76,3.78,3.76,3.78,3.76,30.27,2.0,32,32,-773,17,-291,0,0,1004,0,0,1,-1,1,1,-1,-1,-1,-1,-1,-1,
2026-03-18,16:37:08.100,7.96,100,100,99,0.054,-0.79,75,0,7.85,-0.205,0.890,-0.34,80,0,-179.48,-12.12,10,0.00,3.76,3.77,3.77,3.76,3.78,3.76,3.78,3.76,30.27,2.0,32,32,-754,14,-302,0,0,1004,0,0,1,-1,1,1,-1,-1,-1,-1,-1,-1,
2026-03-18,16:37:08.370,7.96,100,100,99,0.008,-0.76,75,0,7.85,-0.201,0.763,-0.07,79,0,-179.41,-11.74,10,0.00,3.76,3.77,3.77,3.76,3.78,3.76,3.78,3.76,30.27,2.6,32,32,-769,41,-278,-3,0,1004,0,0,1,-1,1,1,-1,-1,-1,-1,-1,-1,
2026-03-18,16:37:08.640,7.95,100,100,99,0.005,-0.74,75,0,7.86,-0.269,0.662,0.00,80,0,-179.31,-12.09,10,0.00,3.75,3.78,3.77,3.76,3.78,3.76,3.78,3.76,30.27,2.6,32,32,-733,25,-231,0,0,1005,0,0,1,-1,1,1,-1,-1,-1,-1,-1,-1,
2026-03-18,16:37:08.900,7.95,100,100,99,-0.013,-0.75,75,0,7.86,-0.229,0.551,0.00,81,0,-179.54,-12.33,10,0.00,3.75,3.78,3.77,3.76,3.78,3.76,3.78,3.76,30.27,3.1,32,32,-684,17,-223,0,0,1004,0,0,1,-1,1,1,-1,-1,-1,-1,-1,-1,
2026-03-18,16:37:09.160,7.95,99,99,99,-0.008,-0.77,75,0,7.84,-0.283,1.329,-0.08,82,0,-179.48,-12.74,10,0.00,3.75,3.78,3.77,3.76,3.77,3.76,3.78,3.76,30.27,3.1,32,32,-622,16,-223,0,0,1004,0,0,1,-1,1,1,-1,-1,-1,-1,-1,-1,
2026-03-18,16:37:09.420,7.96,99,100,100,0.069,-0.67,75,0,7.83,-0.317,1.402,0.14,82,0,-179.20,-13.16,10,0.00,3.75,3.78,3.77,3.76,3.77,3.76,3.78,3.76,30.26,3.5,32,32,-489,15,-221,0,0,1004,0,0,1,-1,1,1,-1,-1,-1,-1,-1,-1,
2026-03-18,16:37:09.680,7.95,99,100,100,0.083,-0.70,75,0,7.85,-0.279,1.119,0.04,81,0,-179.12,-13.21,10,0.00,3.75,3.78,3.77,3.76,3.77,3.76,3.78,3.76,30.26,3.5,32,32,-483,24,-207,-21,0,1004,0,0,1,-1,1,1,-1,-1,-1,-1,-1,-1,
2026-03-18,16:37:09.960,7.95,100,100,100,-0.063,-0.74,74,0,7.80,-0.274,1.008,-0.09,82,0,-179.21,-13.43,10,0.00,3.75,3.77,3.77,3.76,3.77,3.76,3.78,3.76,30.25,3.6,32,32,-265,17,-208,0,0,1005,0,0,1,-1,1,1,-1,-1,-1,-1,-1,-1,
2026-03-18,16:37:10.220,7.95,100,100,100,-0.075,-0.73,74,0,7.82,-0.201,1.108,-0.01,81,0,-179.19,-13.71,10,0.00,3.75,3.77,3.76,3.76,3.77,3.76,3.78,3.76,30.27,2.7,32,32,-283,30,-452,0,0,1004,0,0,1,-1,1,1,-1,-1,-1,-1,-1,-1,
2026-03-18,16:37:10.490,7.96,100,100,100,0.006,-0.68,74,0,7.85,-0.122,0.662,0.06,81,0,-179.16,-14.01,10,0.00,3.75,3.77,3.76,3.76,3.77,3.76,3.78,3.76,30.27,2.7,32,32,-344,22,-468,0,0,1004,0,0,1,-1,1,1,-1,-1,-1,-1,-1,-1,
2026-03-18,16:37:10.760,7.96,99,100,100,0.041,-0.63,74,0,7.83,-0.149,0.749,0.14,82,0,-179.47,-13.74,10,0.00,3.75,3.77,3.76,3.76,3.77,3.76,3.78,3.76,30.28,0.0,32,32,-518,46,-424,0,0,1005,0,0,1,-1,1,1,-1,-1,-1,-1,-1,-1,
2026-03-18,16:37:11.040,7.96,99,100,100,0.018,-0.65,74,0,7.85,-0.180,0.892,0.08,83,0,-179.33,-13.45,10,0.00,3.76,3.77,3.76,3.76,3.77,3.76,3.78,3.76,30.28,0.0,32,32,-504,33,-388,0,0,1005,0,0,1,-1,1,1,-1,-1,-1,-1,-1,-1,
2026-03-18,16:37:11.300,7.95,99,100,100,0.006,-0.74,75,0,7.84,-0.140,0.935,-0.13,83,0,-179.26,-12.82,10,0.00,3.76,3.77,3.77,3.77,3.77,3.76,3.78,3.76,30.28,1.5,32,33,-475,19,-354,0,0,1005,0,0,1,-1,1,1,-1,-1,-1,-1,-1,-1,
2026-03-18,16:37:11.560,7.96,100,100,100,0.011,-0.85,75,0,7.85,-0.219,1.168,-0.28,85,0,-179.33,-12.50,10,0.00,3.76,3.77,3.77,3.77,3.77,3.76,3.78,3.76,30.28,1.5,32,33,-513,17,-299,0,0,1004,0,0,1,-1,1,1,-1,-1,-1,-1,-1,-1,
2026-03-18,16:37:11.820,7.95,100,100,100,0.038,-0.81,76,0,7.86,-0.258,1.330,-0.18,86,0,-179.36,-11.75,10,0.00,3.76,3.77,3.77,3.77,3.77,3.76,3.78,3.76,30.28,2.4,32,33,-509,22,-267,0,0,1004,0,0,1,-1,1,1,-1,-1,-1,-1,-1,-1,
2026-03-18,16:37:12.080,7.96,100,100,100,0.028,-0.85,76,0,7.83,-0.200,0.743,-0.04,87,0,-179.41,-12.17,10,0.00,3.76,3.77,3.77,3.77,3.77,3.76,3.78,3.76,30.28,2.4,32,33,-661,16,-304,0,0,1004,0,0,1,-1,1,1,-1,-1,-1,-1,-1,-1,
2026-03-18,16:37:12.360,7.95,100,100,100,-0.011,-0.85,76,0,7.82,-0.179,0.814,-0.03,87,0,-179.19,-12.93,10,0.00,3.75,3.78,3.77,3.77,3.77,3.76,3.78,3.76,30.28,2.4,32,33,-608,16,-305,0,0,1004,0,0,1,-1,1,1,-1,-1,-1,-1,-1,-1,
2026-03-18,16:37:12.620,7.95,100,100,100,0.057,-0.82,76,0,7.84,-0.210,1.115,0.04,87,0,-179.15,-12.97,10,0.00,3.75,3.78,3.76,3.77,3.77,3.76,3.78,3.76,30.28,2.4,32,33,-553,30,-339,0,0,1004,0,0,1,-1,1,1,-1,-1,-1,-1,-1,-1,
2026-03-18,16:37:12.880,7.95,100,100,100,0.009,-0.80,77,0,7.85,-0.228,1.084,0.07,87,0,-179.29,-12.90,10,0.00,3.75,3.78,3.76,3.77,3.77,3.76,3.78,3.76,30.28,2.0,32,33,-522,26,-394,0,0,1004,0,0,1,-1,1,1,-1,-1,-1,-1,-1,-1,
2026-03-18,16:37:13.140,7.96,100,100,100,-0.008,-0.78,78,0,7.86,-0.215,1.215,0.05,86,0,-179.31,-12.35,10,0.00,3.75,3.78,3.76,3.77,3.77,3.76,3.78,3.76,30.28,2.0,32,33,-459,15,-340,0,0,1004,0,0,1,-1,1,1,-1,-1,-1,-1,-1,-1,
2026-03-18,16:37:13.410,7.96,100,100,100,0.010,-0.77,78,0,7.86,-0.245,0.999,0.08,85,0,-179.27,-12.46,10,0.00,3.76,3.78,3.76,3.77,3.77,3.76,3.78,3.76,30.28,1.0,32,33,-415,15,-326,0,0,1005,0,0,1,-1,1,1,-1,-1,-1,-1,-1,-1,
2026-03-18,16:37:13.670,7.96,100,100,100,0.013,-0.77,79,0,7.86,-0.209,0.756,-0.01,84,0,-179.46,-12.53,10,0.00,3.76,3.78,3.77,3.77,3.77,3.76,3.78,3.76,30.28,1.0,32,33,-252,14,-330,0,0,1004,0,0,1,-1,1,1,-1,-1,-1,-1,-1,-1,
2026-03-18,16:37:13.940,7.96,100,100,100,-0.002,-0.82,80,0,7.80,-0.223,0.842,-0.05,84,0,-179.56,-12.64,10,0.00,3.76,3.78,3.77,3.77,3.78,3.76,3.78,3.76,30.28,2.1,32,33,-172,15,-226,-14,0,1004,0,0,1,-1,1,1,-1,-1,-1,-1,-1,-1,
2026-03-18,16:37:14.200,7.95,100,100,100,-0.031,-0.81,81,0,7.83,-0.303,1.086,-0.04,85,0,-179.58,-12.64,10,0.00,3.76,3.78,3.77,3.77,3.78,3.76,3.78,3.76,30.28,3.7,32,33,-255,17,-281,0,0,1004,0,0,1,-1,1,1,-1,-1,-1,-1,-1,-1,
2026-03-18,16:37:14.460,7.95,100,100,100,0.029,-0.85,81,0,7.85,-0.250,1.119,-0.06,84,0,-179.70,-12.36,10,0.00,3.76,3.78,3.77,3.77,3.78,3.76,3.78,3.76,30.28,3.7,32,33,-281,19,-291,-19,0,1004,0,0,1,-1,1,1,-1,-1,-1,-1,-1,-1,
2026-03-18,16:37:14.740,7.95,100,100,100,-0.061,-0.83,81,0,7.85,-0.294,1.123,-0.02,86,0,-179.82,-12.76,10,0.00,3.75,3.78,3.77,3.77,3.78,3.76,3.78,3.76,30.28,1.9,32,33,-359,16,-321,0,0,1005,0,0,1,-1,1,1,-1,-1,-1,-1,-1,-1,
2026-03-18,16:37:15.010,7.96,100,100,100,-0.062,-0.73,82,0,7.86,-0.222,1.105,0.23,85,0,-151.18,-12.26,10,0.00,3.75,3.78,3.77,3.76,3.78,3.76,3.78,3.76,30.28,1.9,32,33,-376,16,-321,0,0,1004,0,0,1,-1,1,1,-1,-1,-1,-1,-1,-1,
2026-03-18,16:37:15.290,7.96,100,100,100,-0.037,-0.69,82,0,7.86,-0.134,1.020,0.16,84,0,-179.78,-13.15,10,0.00,3.75,3.78,3.77,3.76,3.77,3.76,3.78,3.76,30.28,1.7,32,33,-414,19,-355,0,0,1005,0,0,1,-1,1,1,-1,-1,-1,-1,-1,-1,
2026-03-18,16:37:15.560,7.96,100,100,100,-0.021,-0.71,82,0,7.86,-0.246,1.101,0.06,84,0,68.57,-12.87,10,0.00,3.75,3.78,3.77,3.76,3.77,3.76,3.78,3.76,30.28,1.7,32,33,-496,30,-382,0,0,1005,0,0,1,-1,1,1,-1,-1,-1,-1,-1,-1,
2026-03-18,16:37:15.820,7.96,100,100,100,0.054,-0.78,82,0,7.86,-0.206,1.122,-0.13,85,0,26.50,-12.98,10,0.00,3.76,3.78,3.77,3.76,3.77,3.76,3.78,3.76,30.28,1.1,32,33,-480,16,-378,0,0,1005,0,0,1,-1,1,1,-1,-1,-1,-1,-1,-1,
2026-03-18,16:37:16.100,7.96,100,100,100,0.043,-0.83,82,0,7.86,-0.187,0.926,-0.16,86,0,-93.16,-12.90,10,0.00,3.76,3.78,3.77,3.77,3.77,3.76,3.78,3.76,30.28,1.1,32,33,-488,14,-336,0,0,1005,0,0,1,-1,1,1,-1,-1,-1,-1,-1,-1,
2026-03-18,16:37:16.370,7.95,100,100,100,-0.011,-0.85,82,0,7.86,-0.203,1.050,-0.11,86,0,138.04,-12.79,10,0.00,3.76,3.78,3.77,3.77,3.78,3.76,3.78,3.76,30.28,1.7,32,33,-498,15,-325,0,0,1004,0,0,1,-1,1,1,-1,-1,-1,-1,-1,-1,
2026-03-18,16:37:16.640,7.96,100,100,100,0.021,-0.83,82,0,7.86,-0.216,1.055,-0.03,85,0,103.33,-12.29,10,0.00,3.76,3.78,3.77,3.77,3.78,3.76,3.78,3.76,30.28,1.7,32,33,-502,22,-315,-32,0,1005,0,0,1,-1,1,1,-1,-1,-1,-1,-1,-1,
2026-03-18,16:37:16.900,7.95,100,100,100,0.016,-0.80,82,0,7.86,-0.220,0.877,0.05,86,0,81.93,-12.28,10,0.00,3.76,3.78,3.77,3.77,3.78,3.76,3.78,3.76,30.28,2.0,32,33,-502,15,-229,0,0,1004,0,0,1,-1,1,1,-1,-1,-1,-1,-1,-1,
2026-03-18,16:37:17.160,7.96,100,100,100,0.020,-0.94,82,0,7.86,-0.272,1.328,-0.25,85,0,-19.08,-11.87,10,0.00,3.76,3.78,3.77,3.77,3.78,3.76,3.78,3.76,30.28,2.0,32,33,-534,18,-214,0,0,1004,0,0,1,-1,1,1,-1,-1,-1,-1,-1,-1,
2026-03-18,16:37:17.430,7.96,100,100,100,0.019,-0.92,81,0,7.86,-0.302,1.485,-0.01,86,0,94.62,-11.66,10,0.00,3.76,3.78,3.77,3.77,3.78,3.76,3.78,3.76,30.27,3.8,32,33,-586,18,-225,0,0,1004,0,0,1,-1,1,1,-1,-1,-1,-1,-1,-1,
2026-03-18,16:37:17.700,7.96,100,100,100,0.000,-0.90,81,0,7.83,-0.273,1.474,0.01,87,0,-174.68,-12.48,10,0.00,3.76,3.78,3.77,3.77,3.77,3.76,3.78,3.76,30.29,1.6,32,33,-609,44,-423,-27,0,1004,0,0,1,-1,1,1,-1,-1,-1,-1,-1,-1,
2026-03-18,16:37:17.960,7.96,100,100,100,0.009,-0.95,81,0,7.84,-0.161,1.003,-0.06,87,0,-179.71,-13.11,10,0.00,3.76,3.78,3.77,3.77,3.77,3.76,3.78,3.76,30.29,1.6,32,33,-598,19,-397,0,0,1005,0,0,1,-1,1,1,-1,-1,-1,-1,-1,-1,
2026-03-18,16:37:18.220,7.96,100,100,100,-0.051,-0.91,81,0,7.85,-0.196,1.027,0.00,86,0,-179.77,-12.57,10,0.00,3.76,3.78,3.77,3.77,3.77,3.76,3.78,3.76,30.29,0.9,32,33,-584,18,-396,0,0,1005,0,0,1,-1,1,1,-1,-1,-1,-1,-1,-1,
2026-03-18,16:37:18.490,7.95,100,100,100,0.033,-0.96,81,0,7.86,-0.161,1.145,-0.04,87,0,-179.59,-12.65,10,0.00,3.76,3.78,3.77,3.77,3.77,3.76,3.78,3.76,30.29,0.9,32,33,-589,23,-396,0,0,1004,0,0,1,-1,1,1,-1,-1,-1,-1,-1,-1,
2026-03-18,16:37:18.750,7.95,100,100,100,0.000,-1.01,81,0,7.86,-0.191,1.330,-0.13,87,0,-179.63,-12.06,10,0.00,3.76,3.78,3.77,3.77,3.78,3.77,3.78,3.76,30.29,1.1,32,33,-611,18,-330,0,0,1005,0,0,1,-1,1,1,-1,-1,-1,-1,-1,-1,
2026-03-18,16:37:19.030,7.95,100,100,100,0.027,-1.07,81,0,7.84,-0.187,0.916,-0.18,87,0,-179.65,-12.14,10,0.00,3.76,3.78,3.77,3.77,3.78,3.77,3.78,3.77,30.29,1.1,32,33,-637,35,-326,0,0,1005,0,0,1,-1,1,1,-1,-1,-1,-1,-1,-1,
2026-03-18,16:37:19.300,7.96,100,100,100,-0.034,-1.12,81,0,7.83,-0.246,0.815,-0.19,87,0,-179.57,-12.82,10,0.00,3.76,3.78,3.77,3.77,3.78,3.77,3.78,3.77,30.29,1.9,32,33,-639,22,-232,0,0,1005,0,0,1,-1,1,1,-1,-1,-1,-1,-1,-1,
2026-03-18,16:37:19.560,7.95,100,100,100,-0.027,-1.10,81,0,7.85,-0.214,0.709,-0.03,87,0,-179.67,-12.49,10,0.00,3.76,3.78,3.77,3.77,3.78,3.77,3.78,3.77,30.29,1.9,32,33,-640,16,-219,0,0,1004,0,0,1,-1,1,1,-1,-1,-1,-1,-1,-1,
2026-03-18,16:37:19.820,7.96,100,100,100,0.016,-0.94,81,0,7.85,-0.310,1.204,0.01,88,0,-179.66,-13.26,10,0.00,3.76,3.78,3.77,3.76,3.78,3.77,3.78,3.77,30.28,4.0,32,33,-648,15,-315,0,0,1004,0,0,1,-1,1,1,-1,-1,-1,-1,-1,-1,
2026-03-18,16:37:20.080,7.95,99,100,100,-0.041,-0.78,81,0,7.81,-0.301,1.127,0.47,88,0,-179.40,-13.49,10,0.00,3.76,3.78,3.77,3.76,3.78,3.76,3.78,3.77,30.28,4.0,32,33,-748,17,-425,0,0,1004,0,0,1,-1,1,1,-1,-1,-1,-1,-1,-1,
2026-03-18,16:37:20.350,7.96,99,100,100,0.022,-0.75,81,0,7.78,-0.181,1.155,0.30,87,0,-179.73,-12.97,10,0.00,3.76,3.78,3.77,3.76,3.78,3.76,3.78,3.76,30.29,0.0,33,33,-904,15,-398,0,0,1005,0,0,1,-1,1,1,-1,-1,-1,-1,-1,-1,
2026-03-18,16:37:20.620,7.95,99,100,100,0.060,-0.79,80,0,7.77,-0.187,1.090,0.02,87,0,-179.53,-12.82,10,0.00,3.76,3.78,3.77,3.76,3.78,3.76,3.78,3.76,30.29,0.0,33,33,-880,15,-309,0,0,1005,0,0,1,-1,1,1,-1,-1,-1,-1,-1,-1,
2026-03-18,16:37:20.890,7.96,99,100,100,0.039,-0.90,79,0,7.81,-0.205,0.916,-0.19,87,0,-179.24,-12.53,10,0.00,3.76,3.78,3.77,3.76,3.78,3.76,3.78,3.76,30.29,2.0,33,33,-884,15,-248,0,0,1005,0,0,1,-1,1,1,-1,-1,-1,-1,-1,-1,
2026-03-18,16:37:21.160,7.96,99,100,100,0.047,-0.92,78,0,7.84,-0.337,1.320,-0.18,85,0,-178.95,-13.24,10,0.00,3.76,3.78,3.77,3.76,3.78,3.76,3.78,3.76,30.29,2.0,33,33,-767,17,-318,0,0,1004,0,0,1,-1,1,1,-1,-1,-1,-1,-1,-1,
2026-03-18,16:37:21.420,7.96,99,100,100,0.078,-0.86,77,0,7.82,-0.221,0.911,0.01,85,0,-178.99,-13.23,10,0.00,3.76,3.78,3.77,3.76,3.78,3.76,3.78,3.76,30.29,2.6,33,33,-586,15,-401,0,0,1004,0,0,1,-1,1,1,-1,-1,-1,-1,-1,-1,
2026-03-18,16:37:21.680,7.95,100,100,100,-0.020,-0.86,78,0,7.83,-0.234,0.907,0.25,87,0,-179.10,-13.12,10,0.00,3.76,3.78,3.77,3.76,3.78,3.76,3.78,3.76,30.29,2.6,33,33,-610,14,-364,0,0,1005,0,0,1,-1,1,1,-1,-1,-1,-1,-1,-1,
2026-03-18,16:37:21.940,7.96,100,100,100,0.018,-0.74,77,0,7.84,-0.186,0.850,0.18,87,0,-178.96,-13.43,10,0.00,3.76,3.78,3.77,3.76,3.78,3.76,3.78,3.76,30.29,0.6,33,33,-624,15,-358,0,0,1005,0,0,1,-1,1,1,-1,-1,-1,-1,-1,-1,
2026-03-18,16:37:22.210,7.95,100,100,100,-0.048,-0.85,76,0,7.85,-0.258,1.271,-0.15,89,0,-178.62,-12.75,10,0.00,3.76,3.78,3.77,3.77,3.78,3.76,3.78,3.76,30.29,1.5,33,33,-660,15,-349,0,0,1005,0,0,1,-1,1,1,-1,-1,-1,-1,-1,-1,
2026-03-18,16:37:22.480,7.96,98,100,100,-0.032,-0.81,76,0,7.84,-0.185,1.152,-0.19,88,0,-178.89,-12.53,10,0.00,3.76,3.78,3.77,3.77,3.78,3.76,3.78,3.76,30.29,1.5,33,33,-641,14,-344,0,0,1005,0,0,1,-1,1,1,-1,-1,-1,-1,-1,-1,
2026-03-18,16:37:22.750,7.95,98,100,100,-0.038,-0.71,75,0,7.85,-0.147,0.574,0.23,89,0,-178.85,-11.87,10,0.00,3.76,3.78,3.77,3.77,3.78,3.76,3.79,3.76,30.29,1.7,33,33,-663,14,-343,0,0,1005,0,0,1,-1,1,1,-1,-1,-1,-1,-1,-1,
2026-03-18,16:37:23.020,7.96,98,100,100,0.023,-0.48,74,0,7.84,-0.167,0.687,0.59,88,0,-179.07,-11.99,10,0.00,3.76,3.77,3.77,3.77,3.78,3.76,3.79,3.76,30.29,1.7,33,33,-649,16,-323,0,0,1004,0,0,1,-1,1,1,-1,-1,-1,-1,-1,-1,
2026-03-18,16:37:23.280,7.96,100,100,100,-0.033,-0.50,73,0,7.85,-0.151,0.608,0.29,87,0,-178.88,-12.43,10,0.00,3.76,3.77,3.77,3.77,3.78,3.76,3.79,3.76,30.29,2.0,33,33,-676,15,-244,0,0,1005,0,0,1,-1,1,1,-1,-1,-1,-1,-1,-1,
2026-03-18,16:37:23.540,7.96,99,100,100,0.000,-0.76,72,0,7.86,-0.230,0.983,-0.41,85,0,-179.09,-11.28,10,0.00,3.76,3.77,3.77,3.77,3.78,3.76,3.79,3.76,30.29,2.0,33,33,-636,18,-203,0,0,1004,0,0,1,-1,1,1,-1,-1,-1,-1,-1,-1,
2026-03-18,16:37:23.800,7.96,99,100,100,0.049,-0.79,73,0,7.86,-0.247,0.735,-0.33,85,0,-179.35,-11.73,10,0.00,3.76,3.77,3.77,3.77,3.78,3.76,3.78,3.76,30.28,3.9,33,33,-586,26,-203,0,0,1004,0,0,1,-1,1,1,-1,-1,-1,-1,-1,-1,
2026-03-18,16:37:24.070,7.95,99,100,100,0.046,-0.97,73,0,7.86,-0.234,1.005,-0.42,86,0,-179.43,-12.01,10,0.00,3.76,3.77,3.77,3.77,3.78,3.76,3.78,3.76,30.28,3.9,33,33,-553,18,-203,0,0,1004,0,0,1,-1,1,1,-1,-1,-1,-1,-1,-1,
2026-03-18,16:37:24.340,7.96,98,100,100,0.011,-1.17,73,0,7.86,-0.225,0.844,-0.61,86,0,-179.33,-13.26,10,0.00,3.76,3.77,3.77,3.77,3.78,3.76,3.78,3.76,30.28,3.7,33,33,-520,17,-206,0,0,1005,0,0,1,-1,1,1,-1,-1,-1,-1,-1,-1,
2026-03-18,16:37:24.620,7.95,98,100,100,0.003,-1.22,74,0,7.86,-0.259,0.827,-0.40,81,0,-179.17,-13.90,10,0.00,3.76,3.77,3.76,3.76,3.78,3.76,3.78,3.76,30.28,3.7,33,33,-428,16,-208,0,0,1005,0,0,1,-1,1,1,-1,-1,-1,-1,-1,-1,
2026-03-18,16:37:24.890,7.95,98,100,100,-0.042,-1.29,76,0,7.86,-0.243,1.048,-0.27,76,0,-179.55,-14.11,10,0.00,3.76,3.77,3.76,3.76,3.77,3.76,3.78,3.76,30.27,3.5,33,33,-552,15,-229,0,0,1004,0,0,1,-1,1,1,-1,-1,-1,-1,-1,-1,
2026-03-18,16:37:25.150,7.95,99,100,100,-0.005,-1.27,76,0,7.80,-0.279,1.074,-0.03,75,0,-179.76,-14.55,10,0.00,3.76,3.77,3.76,3.76,3.77,3.76,3.78,3.76,30.27,3.5,33,33,-501,14,-228,0,0,1005,0,0,1,-1,1,1,-1,-1,-1,-1,-1,-1,
2026-03-18,16:37:25.420,7.96,100,100,100,0.000,-1.26,77,0,7.82,-0.297,0.976,0.01,80,0,-179.62,-13.63,10,0.00,3.75,3.77,3.76,3.76,3.77,3.76,3.78,3.76,30.27,3.1,33,33,-350,16,-382,0,0,1004,0,0,1,-1,1,1,-1,-1,-1,-1,-1,-1,
2026-03-18,16:37:25.700,7.96,100,100,100,-0.010,-1.15,78,0,7.83,-0.218,1.233,0.21,84,0,-179.58,-14.33,10,0.00,3.75,3.77,3.77,3.76,3.77,3.76,3.78,3.76,30.27,0.5,33,33,-116,15,-424,0,0,1005,0,0,1,-1,1,1,-1,-1,-1,-1,-1,-1,
2026-03-18,16:37:25.970,7.96,100,100,100,0.056,-1.06,79,0,7.82,-0.205,1.080,0.33,82,0,177.97,-13.82,10,0.00,3.75,3.77,3.77,3.76,3.77,3.76,3.78,3.76,30.28,0.5,33,33,74,15,-396,0,0,1005,0,0,1,-1,1,1,-1,-1,-1,-1,-1,-1,
2026-03-18,16:37:26.230,7.95,99,100,100,0.034,-0.96,80,0,7.80,-0.252,1.253,0.30,81,0,179.89,-13.75,10,0.00,3.75,3.77,3.77,3.76,3.77,3.76,3.78,3.76,30.28,1.2,33,33,218,14,-390,0,0,1004,0,0,1,-1,1,1,-1,-1,-1,-1,-1,-1,
2026-03-18,16:37:26.500,7.95,99,100,100,-0.017,-0.87,80,0,7.80,-0.204,0.796,0.30,81,0,179.95,-13.77,10,0.00,3.75,3.77,3.77,3.76,3.77,3.76,3.78,3.76,30.28,1.2,33,33,341,13,-323,0,0,1004,0,0,1,-1,1,1,-1,-1,-1,-1,-1,-1,
2026-03-18,16:37:26.770,7.96,98,100,100,0.030,-0.87,79,0,7.81,-0.187,1.006,0.23,80,0,179.46,-13.57,10,0.00,3.76,3.78,3.77,3.76,3.77,3.76,3.78,3.76,30.28,2.3,33,33,364,14,-324,0,0,1004,0,0,1,-1,1,1,-1,-1,-1,-1,-1,-1,
2026-03-18,16:37:27.050,7.95,98,100,100,-0.007,-0.87,77,0,7.79,-0.158,1.072,0.01,81,0,179.52,-12.94,10,0.00,3.76,3.78,3.77,3.77,3.77,3.76,3.78,3.76,30.28,2.3,33,33,586,18,-314,0,0,1004,0,0,1,-1,1,1,-1,-1,-1,-1,-1,-1,
2026-03-18,16:37:27.320,7.96,97,100,100,-0.119,-0.79,76,0,7.78,-0.171,1.124,0.15,85,0,179.42,-13.10,10,0.00,3.76,3.78,3.77,3.77,3.78,3.76,3.78,3.76,30.28,2.3,33,33,794,15,-298,0,0,1004,0,0,1,-1,1,1,-1,-1,-1,-1,-1,-1,
2026-03-18,16:37:27.590,7.95,98,100,100,-0.078,-0.78,76,0,7.77,-0.271,1.165,0.03,87,0,179.53,-12.65,10,0.00,3.76,3.78,3.77,3.77,3.78,3.76,3.78,3.76,30.28,2.3,33,33,949,15,-261,0,0,1005,0,0,1,-1,1,1,-1,-1,-1,-1,-1,-1,
2026-03-18,16:37:27.850,7.96,99,100,100,-0.069,-0.70,76,0,7.81,-0.237,0.642,0.16,88,0,179.20,-12.69,10,0.00,3.76,3.77,3.77,3.77,3.78,3.76,3.78,3.76,30.28,2.7,33,33,954,22,-218,0,0,1005,0,0,1,-1,1,1,-1,-1,-1,-1,-1,-1,
2026-03-18,16:37:28.110,7.95,100,100,100,-0.045,-0.68,77,0,7.83,-0.249,0.974,0.04,89,0,178.91,-13.52,10,0.00,3.76,3.77,3.77,3.76,3.78,3.76,3.78,3.76,30.28,2.7,33,33,1002,16,-95,0,0,1004,0,0,1,-1,1,1,-1,-1,-1,-1,-1,-1,
2026-03-18,16:37:28.370,7.96,100,100,100,-0.056,-0.69,78,0,7.79,-0.358,0.747,0.13,89,0,178.88,-13.71,10,0.00,3.76,3.77,3.77,3.76,3.77,3.76,3.78,3.76,30.26,4.7,33,33,992,23,-329,0,0,1005,0,0,1,-1,1,1,-1,-1,-1,-1,-1,-1,
2026-03-18,16:37:28.640,7.95,100,100,100,-0.098,-0.73,80,0,7.82,-0.105,0.592,-0.16,91,0,178.87,-13.98,10,0.00,3.76,3.77,3.77,3.76,3.77,3.76,3.78,3.76,30.26,4.7,33,33,979,16,-492,0,0,1005,0,0,1,-1,1,1,-1,-1,-1,-1,-1,-1,
2026-03-18,16:37:28.910,7.95,100,100,100,-0.033,-0.60,81,0,7.84,-0.133,0.955,0.22,91,0,178.93,-13.70,10,0.00,3.76,3.77,3.77,3.76,3.77,3.76,3.78,3.76,30.26,0.0,33,33,976,22,-300,0,0,1004,0,0,1,-1,1,1,-1,-1,-1,-1,-1,-1,
2026-03-18,16:37:29.170,7.96,100,100,100,-0.041,-0.66,83,0,7.84,-0.176,1.352,0.10,93,0,179.05,-13.06,10,0.00,3.76,3.77,3.77,3.76,3.77,3.76,3.78,3.76,30.26,0.0,33,33,960,23,-256,0,0,1005,0,0,1,-1,1,1,-1,-1,-1,-1,-1,-1,
2026-03-18,16:37:29.440,7.96,100,100,100,-0.112,-0.76,83,0,7.85,-0.164,1.111,-0.23,95,0,178.90,-12.52,10,0.00,3.76,3.77,3.77,3.76,3.77,3.76,3.78,3.76,30.26,3.6,33,33,839,20,-337,0,0,1005,0,0,1,-1,1,1,-1,-1,-1,-1,-1,-1,
2026-03-18,16:37:29.720,7.95,100,100,100,0.009,-0.74,83,0,7.82,-0.209,1.098,-0.11,95,0,178.88,-11.62,10,0.00,3.76,3.77,3.77,3.76,3.77,3.76,3.78,3.76,30.27,1.5,33,33,783,25,-341,0,0,1005,0,0,1,-1,1,1,-1,-1,-1,-1,-1,-1,
2026-03-18,16:37:29.990,7.95,99,100,100,-0.005,-0.72,82,0,7.81,-0.028,0.953,-0.02,94,0,178.79,-14.34,10,0.00,3.76,3.77,3.77,3.76,3.77,3.76,3.78,3.76,30.27,1.5,33,33,867,17,-303,0,0,1004,0,0,1,-1,1,1,-1,-1,-1,-1,-1,-1,
2026-03-18,16:37:30.250,7.96,97,100,100,-0.062,-0.77,81,0,7.81,-0.174,0.992,-0.04,96,0,178.77,-11.90,10,0.00,3.76,3.77,3.77,3.76,3.77,3.76,3.78,3.76,30.28,2.3,33,33,867,20,-327,0,0,1005,0,0,1,-1,1,1,-1,-1,-1,-1,-1,-1,
2026-03-18,16:37:30.520,7.95,97,100,100,-0.059,-0.73,81,0,7.81,-0.166,0.844,0.00,96,0,178.54,-12.21,10,0.00,3.76,3.77,3.77,3.76,3.77,3.76,3.78,3.76,30.28,2.3,33,33,336,19,-395,0,0,1004,0,0,1,-1,1,1,-1,-1,-1,-1,-1,-1,
2026-03-18,16:37:30.780,7.95,97,100,100,-0.076,-0.66,82,0,7.75,-0.121,0.664,0.16,96,0,178.91,-13.02,10,0.00,3.76,3.77,3.77,3.76,3.78,3.76,3.78,3.76,30.28,1.0,33,33,-138,23,-401,0,0,1004,0,0,1,-1,1,1,-1,-1,-1,-1,-1,-1,
2026-03-18,16:37:31.060,7.96,100,100,100,-0.011,-0.70,82,0,7.75,-0.189,0.980,-0.01,96,0,178.90,-11.96,10,0.00,3.76,3.77,3.77,3.76,3.78,3.76,3.78,3.76,30.28,1.0,33,33,-364,17,-208,0,0,1004,0,0,1,-1,1,1,-1,-1,-1,-1,-1,-1,
2026-03-18,16:37:31.320,7.96,100,100,100,0.077,-0.73,82,0,7.76,-0.328,0.872,0.00,97,0,179.25,-12.40,10,0.00,3.76,3.78,3.77,3.76,3.78,3.76,3.78,3.76,30.25,2.9,33,33,-389,17,-306,0,0,1004,0,0,1,-1,1,1,-1,-1,-1,-1,-1,-1,
2026-03-18,16:37:31.580,7.96,100,100,100,0.059,-0.93,82,0,7.78,-0.209,0.827,-0.37,98,0,179.44,-12.67,10,0.00,3.76,3.78,3.77,3.76,3.78,3.76,3.78,3.76,30.25,2.9,33,33,0,31,-588,0,0,1005,0,0,1,-1,1,1,-1,-1,-1,-1,-1,-1,
2026-03-18,16:37:31.850,7.96,100,100,100,-0.007,-0.91,82,0,7.72,-0.131,1.055,-0.33,99,0,179.38,-11.34,10,0.00,3.76,3.78,3.77,3.76,3.78,3.76,3.78,3.76,30.27,0.0,33,33,637,18,-597,0,0,1004,0,0,1,-1,1,1,-1,-1,-1,-1,-1,-1,
2026-03-18,16:37:32.110,7.96,100,100,100,-0.094,-0.56,82,0,7.75,-0.174,0.893,0.65,99,0,178.92,-12.52,10,0.00,3.76,3.78,3.77,3.76,3.77,3.77,3.78,3.76,30.27,0.0,33,33,883,18,-598,0,0,1004,0,0,1,-1,1,1,-1,-1,-1,-1,-1,-1,
2026-03-18,16:37:32.370,7.96,100,100,100,-0.045,-0.49,82,0,7.80,-0.145,1.193,0.52,100,0,178.41,-12.17,10,0.00,3.76,3.78,3.77,3.76,3.77,3.77,3.78,3.76,30.29,0.0,33,33,890,16,-516,0,0,1004,0,0,1,-1,1,1,-1,-1,-1,-1,-1,-1,
2026-03-18,16:37:32.630,7.96,100,100,100,-0.032,-0.48,82,0,7.82,-0.181,1.146,0.20,100,0,178.56,-11.25,10,0.00,3.76,3.78,3.77,3.76,3.77,3.77,3.78,3.76,30.29,0.0,33,33,934,16,-483,0,0,1004,0,0,1,-1,1,1,-1,-1,-1,-1,-1,-1,
2026-03-18,16:37:32.910,7.96,100,100,100,-0.023,-0.45,82,0,7.81,-0.136,0.744,0.03,100,0,178.56,-11.25,10,0.00,3.76,3.78,3.77,3.77,3.77,3.77,3.78,3.76,30.29,0.7,33,33,851,37,-442,0,0,1005,0,0,1,-1,1,1,-1,-1,-1,-1,-1,-1,
2026-03-18,16:37:33.180,7.95,99,100,100,-0.054,-0.47,82,0,7.84,-0.210,1.013,-0.03,100,0,177.89,-10.76,10,0.00,3.76,3.78,3.77,3.77,3.78,3.77,3.78,3.76,30.29,0.7,33,33,776,25,-422,0,0,1004,0,0,1,-1,1,1,-1,-1,-1,-1,-1,-1,
2026-03-18,16:37:33.450,7.95,99,100,100,-0.016,-0.42,82,0,7.79,-0.139,0.986,0.12,100,0,177.96,-10.71,10,0.00,3.76,3.78,3.77,3.77,3.78,3.77,3.79,3.76,30.30,1.4,33,33,783,25,-609,0,0,1004,0,0,1,-1,1,1,-1,-1,-1,-1,-1,-1,
2026-03-18,16:37:33.730,7.95,99,100,100,0.034,-0.45,83,0,7.78,-0.119,1.010,-0.02,100,0,178.13,-10.80,10,0.00,3.76,3.78,3.77,3.77,3.78,3.77,3.79,3.76,30.31,0.0,33,33,607,20,-810,0,0,1004,0,0,1,-1,1,1,-1,-1,-1,-1,-1,-1,
2026-03-18,16:37:33.990,7.96,99,100,100,-0.003,-0.49,83,0,7.77,-0.162,1.015,-0.10,100,0,178.50,-10.37,10,0.00,3.76,3.78,3.77,3.77,3.78,3.77,3.79,3.76,30.31,0.0,33,33,427,16,-802,0,0,1005,0,0,1,-1,1,1,-1,-1,-1,-1,-1,-1,
2026-03-18,16:37:34.260,7.96,99,100,100,0.007,-0.47,84,0,7.71,-0.194,0.966,-0.02,100,0,178.61,-10.17,10,0.00,3.76,3.78,3.77,3.77,3.78,3.77,3.79,3.76,30.32,0.0,33,33,0,14,-889,0,0,1004,0,0,1,-1,1,1,-1,-1,-1,-1,-1,-1,
2026-03-18,16:37:34.520,7.95,99,100,100,-0.012,-0.45,86,0,7.69,-0.199,0.974,0.07,100,0,178.85,-10.22,10,0.00,3.76,3.78,3.77,3.77,3.78,3.77,3.79,3.76,30.32,0.0,33,33,0,14,-891,0,0,1004,0,0,1,-1,1,1,-1,-1,-1,-1,-1,-1,
2026-03-18,16:37:34.790,7.95,100,100,100,-0.021,-0.53,86,0,7.67,-0.192,0.968,-0.14,100,0,178.89,-10.40,10,0.00,3.76,3.78,3.77,3.77,3.78,3.77,3.79,3.77,30.32,0.0,33,33,0,14,-890,0,0,1005,0,0,1,-1,1,1,-1,-1,-1,-1,-1,-1,
2026-03-18,16:37:35.060,7.96,99,100,100,-0.020,-0.55,87,0,7.66,-0.198,0.966,-0.12,100,0,178.92,-10.47,10,0.00,3.76,3.79,3.77,3.77,3.78,3.77,3.79,3.77,30.32,0.0,33,33,0,14,-890,0,0,1004,0,0,1,-1,1,1,-1,-1,-1,-1,-1,-1,
2026-03-18,16:37:35.320,7.95,99,100,100,-0.021,-0.61,87,0,7.66,-0.194,0.966,-0.14,100,0,178.97,-10.59,10,0.00,3.76,3.79,3.77,3.77,3.78,3.77,3.79,3.77,30.33,0.0,33,33,0,14,-891,0,0,1004,0,0,1,-1,1,1,-1,-1,-1,-1,-1,-1,
2026-03-18,16:37:35.580,7.95,99,100,100,-0.008,-0.62,87,0,7.66,-0.199,0.964,-0.03,100,0,178.98,-10.65,10,0.00,3.76,3.79,3.77,3.77,3.78,3.77,3.79,3.77,30.33,0.0,33,33,0,14,-891,0,0,1004,0,0,1,-1,1,1,-1,-1,-1,-1,-1,-1,
2026-03-18,16:37:35.840,7.95,100,100,100,-0.012,-0.70,87,0,7.71,-0.189,0.973,-0.16,100,0,179.02,-10.75,10,0.00,3.76,3.79,3.77,3.77,3.78,3.77,3.79,3.77,30.33,0.0,33,33,0,14,-891,0,0,1004,0,0,1,-1,1,1,-1,1,-1,-1,-1,-1,
2026-03-18,16:37:36.110,7.95,100,100,100,-0.011,-0.84,87,0,7.69,-0.198,0.969,-0.30,100,0,179.06,-10.84,10,0.00,3.76,3.79,3.77,3.77,3.78,3.77,3.79,3.77,30.33,0.0,33,33,0,14,-208,0,0,1005,0,0,1,-1,1,1,-1,1,-1,-1,-1,-1,
2026-03-18,16:37:36.370,7.95,100,100,100,-0.017,-0.99,87,0,7.71,-0.196,0.969,-0.45,100,0,179.09,-10.88,10,0.00,3.76,3.79,3.77,3.77,3.78,3.77,3.79,3.77,30.33,0.0,33,33,0,14,-106,0,0,1005,0,0,1,-1,1,1,-1,1,-1,-1,-1,-1,
2026-03-18,16:37:36.630,7.95,100,100,100,-0.010,-0.91,87,0,7.71,-0.194,0.967,-0.15,100,0,179.11,-10.95,10,0.00,3.76,3.79,3.77,3.77,3.78,3.77,3.79,3.77,30.33,0.0,33,33,0,14,-1014,0,0,1005,0,0,1,-1,1,1,-1,1,-1,-1,-1,-1,
2026-03-18,16:37:36.890,7.95,100,100,100,-0.012,-0.83,88,0,7.68,-0.195,0.968,0.18,100,0,179.13,-10.97,10,0.00,3.76,3.79,3.77,3.77,3.78,3.77,3.79,3.77,30.34,0.0,33,33,0,14,-1023,0,0,1004,0,0,1,-1,1,1,-1,1,-1,-1,-1,-1,
2026-03-18,16:37:37.150,7.95,100,100,100,-0.013,-0.81,90,0,7.69,-0.195,0.967,0.13,100,0,179.14,-11.00,10,0.00,3.76,3.79,3.77,3.77,3.78,3.77,3.79,3.77,30.34,0.0,33,33,0,14,-1023,0,0,1004,0,0,1,-1,1,1,-1,1,-1,-1,-1,-1,
2026-03-18,16:37:37.410,7.95,100,100,100,-0.009,-0.83,91,0,7.70,-0.191,0.969,0.00,100,0,179.15,-11.02,10,0.00,3.77,3.79,3.77,3.77,3.78,3.77,3.79,3.77,30.34,0.0,33,33,0,14,-1024,0,0,1004,0,0,1,-1,1,1,-1,1,-1,-1,-1,-1,
2026-03-18,16:37:37.680,7.95,100,100,100,-0.016,-0.81,88,0,7.68,-0.195,0.972,0.01,99,0,179.16,-11.06,10,0.00,3.77,3.79,3.77,3.77,3.78,3.77,3.79,3.77,30.34,0.0,33,33,0,15,-1024,0,0,1005,0,0,1,-1,1,1,-1,1,-1,-1,-1,-1,
2026-03-18,16:37:37.950,7.95,100,100,100,-0.013,-0.95,87,0,7.69,-0.194,0.969,-0.19,100,0,179.17,-11.08,10,0.00,3.77,3.79,3.77,3.77,3.78,3.77,3.79,3.77,30.34,0.0,33,33,0,15,-1024,0,0,1004,0,0,1,-1,1,1,-1,1,-1,-1,-1,-1,
2026-03-18,16:37:38.210,7.96,100,100,100,-0.011,-0.94,88,0,7.72,-0.189,0.975,-0.14,100,0,179.18,-11.11,10,0.00,3.77,3.79,3.77,3.77,3.78,3.77,3.79,3.77,30.34,0.0,33,33,0,15,-1024,0,0,1005,0,0,1,-1,1,1,-1,1,-1,-1,-1,-1,
2026-03-18,16:37:38.480,7.95,100,100,100,-0.004,-0.84,88,0,7.72,-0.200,0.971,0.13,100,0,179.20,-11.14,10,0.00,3.77,3.79,3.77,3.77,3.78,3.77,3.79,3.77,30.34,0.0,33,33,0,14,-1024,0,0,1005,0,0,1,-1,1,1,-1,1,-1,-1,-1,-1,
2026-03-18,16:37:38.740,7.96,100,100,100,-0.052,-0.83,88,0,7.74,-0.191,0.952,0.08,100,0,179.20,-11.14,10,0.00,3.77,3.78,3.77,3.77,3.78,3.77,3.79,3.77,30.34,0.0,33,33,0,14,-1024,0,0,1004,0,0,1,-1,1,1,-1,1,-1,-1,-1,-1,
2026-03-18,16:37:39.000,7.95,100,100,100,0.012,-0.81,94,0,7.72,-0.207,0.967,0.05,100,0,179.19,-11.10,10,0.00,3.77,3.78,3.77,3.77,3.78,3.77,3.79,3.77,30.34,0.0,33,33,0,14,-1024,0,0,1004,0,0,1,-1,1,1,-1,1,-1,-1,-1,-1,
2026-03-18,16:37:39.260,7.95,100,100,100,0.026,-0.73,96,0,7.69,-0.186,0.978,0.20,100,0,179.20,-10.96,10,0.00,3.77,3.78,3.77,3.77,3.78,3.77,3.79,3.77,30.34,0.0,33,33,0,14,-1024,0,0,1004,0,0,1,-1,1,1,-1,1,-1,-1,-1,-1,
2026-03-18,16:37:39.520,7.96,100,100,100,0.021,-0.75,98,0,7.67,-0.197,0.968,0.07,100,0,179.17,-10.91,10,0.00,3.77,3.78,3.77,3.77,3.78,3.77,3.79,3.77,30.34,0.0,33,33,0,15,-1024,0,0,1004,0,0,1,-1,1,1,-1,1,-1,-1,-1,-1,
2026-03-18,16:37:39.780,7.95,100,100,100,-0.023,-0.72,98,0,7.67,-0.192,0.943,0.04,100,0,179.20,-10.93,10,0.00,3.77,3.78,3.77,3.77,3.78,3.77,3.79,3.77,30.34,0.0,33,33,0,15,-1024,0,0,1005,0,0,1,-1,1,1,-1,1,-1,-1,-1,-1,
2026-03-18,16:37:40.050,7.95,100,100,100,-0.039,-0.69,96,0,7.70,-0.172,0.979,0.12,100,0,179.22,-10.91,10,0.00,3.77,3.78,3.78,3.77,3.78,3.77,3.79,3.77,30.34,0.0,33,33,0,15,-1024,0,0,1004,0,0,1,-1,1,1,-1,1,-1,-1,-1,-1,
2026-03-18,16:37:40.320,7.95,100,100,100,-0.021,-0.75,98,0,7.73,-0.216,0.959,-0.05,100,0,179.21,-11.15,10,0.00,3.77,3.78,3.78,3.77,3.78,3.77,3.79,3.77,30.34,0.0,33,33,0,15,-1024,0,0,1004,0,0,1,-1,1,1,-1,1,-1,-1,-1,-1,
2026-03-18,16:37:40.580,7.95,100,100,100,-0.017,-0.71,98,0,7.72,-0.199,0.979,0.00,100,0,179.21,-11.18,10,0.00,3.77,3.78,3.78,3.77,3.78,3.77,3.79,3.77,30.34,0.0,33,33,0,15,-1024,0,0,1004,0,0,1,-1,1,1,-1,1,-1,-1,-1,-1,
2026-03-18,16:37:40.840,7.95,100,100,100,-0.016,-0.73,98,0,7.71,-0.195,0.968,0.01,100,0,179.21,-11.18,10,0.00,3.77,3.78,3.78,3.77,3.78,3.77,3.79,3.77,30.35,0.0,32,33,0,15,-1024,0,0,1004,0,0,1,-1,1,1,-1,1,-1,-1,-1,-1,
2026-03-18,16:37:41.100,7.95,100,100,100,0.042,-0.76,98,0,7.68,-0.191,0.983,-0.11,100,0,179.22,-11.18,10,0.00,3.77,3.78,3.78,3.77,3.78,3.77,3.79,3.77,30.35,0.0,32,33,0,15,-1024,0,0,1004,0,0,1,-1,1,1,-1,1,-1,-1,-1,-1,
2026-03-18,16:37:41.360,7.96,100,100,100,0.018,-0.76,99,0,7.67,-0.199,0.958,-0.05,100,0,179.20,-11.22,10,0.00,3.77,3.78,3.78,3.77,3.78,3.77,3.79,3.77,30.36,0.0,32,33,0,15,-1024,0,0,1004,0,0,1,-1,1,1,-1,1,-1,-1,-1,-1,
2026-03-18,16:37:41.620,7.95,100,100,100,0.000,-0.73,99,0,7.67,-0.225,0.955,0.06,100,0,179.22,-11.19,10,0.00,3.77,3.78,3.78,3.77,3.78,3.77,3.79,3.77,30.36,0.0,32,33,0,15,-1024,0,0,1005,0,0,1,-1,1,1,-1,1,-1,-1,-1,-1,
2026-03-18,16:37:41.880,7.96,100,100,100,-0.103,-0.69,99,0,7.66,-0.176,0.974,0.08,100,0,179.25,-11.18,10,0.00,3.77,3.78,3.78,3.77,3.78,3.77,3.79,3.77,30.36,0.0,32,33,0,15,-1024,0,0,1005,0,0,1,-1,1,1,-1,1,-1,-1,-1,-1,
2026-03-18,16:37:42.140,7.95,100,100,100,-0.029,-0.69,100,0,7.69,-0.179,0.961,0.05,100,0,179.21,-11.24,10,0.00,3.77,3.78,3.78,3.77,3.78,3.77,3.79,3.77,30.36,0.0,32,33,0,15,-1024,0,0,1004,0,0,1,-1,1,1,-1,1,-1,-1,-1,-1,
2026-03-18,16:37:42.400,7.95,100,100,100,-0.005,-0.73,100,0,7.69,-0.188,0.953,-0.04,100,0,179.21,-11.20,10,0.00,3.77,3.78,3.78,3.77,3.78,3.77,3.79,3.77,30.36,0.0,32,33,0,15,-1024,0,0,1004,0,0,1,-1,1,1,-1,1,-1,-1,-1,-1,
2026-03-18,16:37:42.660,7.95,100,100,100,-0.023,-0.72,100,0,7.72,-0.191,0.966,-0.03,100,0,179.21,-11.12,10,0.00,3.77,3.78,3.78,3.77,3.78,3.77,3.79,3.77,30.36,0.0,32,33,0,15,-1024,0,0,1005,0,0,1,-1,1,1,-1,1,-1,-1,-1,-1,
2026-03-18,16:37:42.920,7.95,100,100,100,-0.020,-0.71,99,0,7.71,-0.201,0.970,0.01,100,0,179.25,-11.17,10,0.00,3.77,3.78,3.78,3.77,3.78,3.77,3.79,3.77,30.36,0.0,32,33,0,15,-1024,0,0,1005,0,0,1,-1,1,1,-1,1,-1,-1,-1,-1,
2026-03-18,16:37:43.180,7.95,100,100,100,0.015,-0.74,96,0,7.74,-0.195,0.995,-0.02,99,0,179.23,-11.16,10,0.00,3.77,3.78,3.78,3.77,3.78,3.77,3.79,3.77,30.36,0.0,32,33,0,14,-1024,0,0,1005,0,0,1,-1,1,1,-1,1,-1,-1,-1,-1,
2026-03-18,16:37:43.450,7.95,99,100,100,0.010,-0.74,90,0,7.73,-0.191,0.959,-0.07,94,0,179.20,-11.14,10,0.00,3.77,3.78,3.78,3.77,3.78,3.77,3.79,3.77,30.35,0.0,32,33,0,14,-1024,0,0,1004,0,0,1,-1,1,1,-1,1,-1,-1,-1,-1,
2026-03-18,16:37:43.720,7.95,98,100,100,-0.031,-0.76,87,0,7.71,-0.194,0.963,0.00,90,0,179.23,-11.18,10,0.00,3.77,3.78,3.78,3.77,3.78,3.77,3.79,3.77,30.35,0.0,32,33,0,14,-980,0,0,1005,0,0,1,-1,1,1,-1,1,-1,-1,-1,-1,
2026-03-18,16:37:43.980,7.95,97,100,100,-0.009,-0.81,84,0,7.69,-0.200,0.971,-0.15,79,0,179.24,-11.20,10,0.00,3.77,3.78,3.78,3.77,3.79,3.77,3.79,3.77,30.36,0.0,32,33,0,14,-982,0,0,1004,0,0,1,-1,1,1,-1,1,-1,-1,-1,-1,
2026-03-18,16:37:44.250,7.95,98,100,100,0.000,-0.77,81,0,7.67,-0.212,0.957,0.00,81,0,179.24,-11.28,10,0.00,3.77,3.78,3.78,3.77,3.79,3.77,3.79,3.77,30.36,0.0,32,33,0,15,-987,0,0,1005,0,0,1,-1,1,1,-1,1,-1,-1,-1,-1,
2026-03-18,16:37:44.510,7.95,98,100,100,-0.029,-0.74,78,0,7.69,-0.164,0.994,0.04,89,0,179.24,-11.24,10,0.00,3.77,3.78,3.78,3.77,3.79,3.77,3.79,3.77,30.36,0.0,32,33,0,14,-991,0,0,1005,0,0,1,-1,1,1,-1,1,-1,-1,-1,-1,
2026-03-18,16:37:44.770,7.95,98,100,100,-0.012,-0.79,77,0,7.70,-0.172,0.966,-0.05,92,0,179.22,-11.22,10,0.00,3.77,3.78,3.78,3.77,3.79,3.77,3.79,3.77,30.36,0.0,32,33,0,15,-992,0,0,1004,0,0,1,-1,1,1,-1,1,-1,-1,-1,-1,
2026-03-18,16:37:45.030,7.95,98,100,100,-0.022,-0.83,77,0,7.68,-0.198,0.960,-0.15,93,0,179.23,-11.24,10,0.00,3.77,3.78,3.78,3.77,3.79,3.77,3.79,3.77,30.36,0.0,32,33,0,15,-992,0,0,1004,0,0,1,-1,1,1,-1,1,-1,-1,-1,-1,
2026-03-18,16:37:45.290,7.95,99,100,100,-0.008,-0.82,78,0,7.69,-0.193,0.968,-0.04,92,0,179.23,-11.25,10,0.00,3.77,3.78,3.78,3.77,3.79,3.77,3.79,3.77,30.36,0.0,32,33,0,14,-992,0,0,1005,0,0,1,-1,1,1,-1,1,-1,-1,-1,-1,
2026-03-18,16:37:45.550,7.95,98,100,100,-0.011,-0.82,79,0,7.73,-0.192,0.967,0.00,93,0,179.23,-11.24,10,0.00,3.77,3.78,3.78,3.77,3.79,3.77,3.79,3.77,30.36,0.0,32,33,0,14,-992,0,0,1004,0,0,1,-1,1,1,-1,1,-1,-1,-1,-1,
2026-03-18,16:37:45.810,7.95,99,100,100,-0.011,-0.74,81,0,7.70,-0.194,0.968,0.14,97,0,179.23,-11.24,10,0.00,3.77,3.78,3.78,3.77,3.79,3.77,3.79,3.77,30.37,0.0,32,33,0,15,-992,0,0,1004,0,0,1,-1,1,1,-1,1,-1,-1,-1,-1,
2026-03-18,16:37:46.070,7.95,99,100,100,-0.012,-0.68,84,0,7.68,-0.195,0.968,0.19,99,0,179.23,-11.24,10,0.00,3.77,3.78,3.78,3.77,3.79,3.77,3.79,3.77,30.37,0.0,32,33,0,14,-993,0,0,1004,0,0,1,-1,1,1,-1,1,-1,-1,-1,-1,
2026-03-18,16:37:46.330,7.95,100,100,100,0.024,-0.59,85,0,7.67,-0.193,0.979,0.26,99,0,179.22,-11.23,10,0.00,3.77,3.78,3.78,3.77,3.79,3.77,3.79,3.77,30.37,0.0,32,33,0,15,-993,0,0,1004,0,0,1,-1,1,1,-1,1,-1,-1,-1,-1,
2026-03-18,16:37:46.590,7.95,100,100,100,-0.018,-0.62,85,0,7.66,-0.193,0.982,0.10,100,0,179.22,-11.19,10,0.00,3.77,3.78,3.78,3.77,3.79,3.77,3.79,3.77,30.37,0.0,32,33,0,14,-993,0,0,1004,0,0,1,-1,1,1,-1,1,-1,-1,-1,-1,
2026-03-18,16:37:46.850,7.95,99,100,100,0.000,-0.64,86,0,7.68,-0.200,0.973,-0.04,100,0,179.24,-11.21,10,0.00,3.77,3.78,3.78,3.77,3.79,3.77,3.80,3.77,30.37,0.0,32,33,0,14,-993,0,0,1004,0,0,1,-1,1,1,-1,1,-1,-1,-1,-1,
2026-03-18,16:37:47.120,7.95,99,100,100,-0.004,-0.66,85,0,7.67,-0.182,0.981,-0.05,100,0,179.24,-11.13,10,0.00,3.77,3.78,3.78,3.77,3.79,3.77,3.80,3.77,30.37,0.0,32,33,0,14,-993,0,0,1004,0,0,1,-1,1,1,-1,1,-1,-1,-1,-1,
2026-03-18,16:37:47.380,7.95,99,100,100,-0.012,-0.66,86,0,7.70,-0.203,0.954,0.00,100,0,179.25,-11.13,10,0.00,3.77,3.78,3.78,3.78,3.79,3.77,3.80,3.77,30.37,0.0,32,33,0,14,-992,0,0,1005,0,0,1,-1,1,1,-1,1,-1,-1,-1,-1,
2026-03-18,16:37:47.640,7.95,99,100,100,-0.096,-0.74,89,0,7.70,-0.233,0.948,-0.15,98,0,179.32,-11.03,10,0.00,3.77,3.78,3.78,3.78,3.78,3.77,3.80,3.77,30.37,0.0,32,33,0,14,-992,0,0,1005,0,0,1,-1,1,1,-1,1,-1,-1,-1,-1,
2026-03-18,16:37:47.900,7.95,99,100,100,-0.004,-0.72,89,0,7.70,-0.208,0.961,-0.11,97,0,179.19,-11.04,10,0.00,3.77,3.78,3.78,3.78,3.78,3.77,3.79,3.77,30.37,0.0,32,33,0,14,-991,0,0,1004,0,0,1,-1,1,1,-1,1,-1,-1,-1,-1,
2026-03-18,16:37:48.170,7.95,99,100,100,0.002,-0.77,89,0,7.68,-0.186,0.977,-0.07,97,0,179.22,-11.00,10,0.00,3.77,3.78,3.78,3.78,3.78,3.77,3.79,3.77,30.37,0.0,32,33,0,15,-990,0,0,1004,0,0,1,-1,1,1,-1,1,-1,-1,-1,-1,
2026-03-18,16:37:48.430,7.95,100,100,100,0.002,-0.78,92,0,7.67,-0.187,0.981,-0.09,99,0,179.22,-10.97,10,0.00,3.77,3.78,3.78,3.78,3.78,3.77,3.79,3.77,30.37,0.0,32,33,0,15,-984,0,0,1004,0,0,1,-1,1,1,-1,1,-1,-1,-1,-1,
2026-03-18,16:37:48.690,7.95,100,100,100,-0.002,-0.76,93,0,7.66,-0.197,0.965,0.03,99,0,179.23,-11.00,10,0.00,3.77,3.78,3.78,3.78,3.78,3.77,3.79,3.77,30.37,0.0,32,33,0,15,-984,0,0,1004,0,0,1,-1,1,1,-1,1,-1,-1,-1,-1,
2026-03-18,16:37:48.960,7.95,100,100,100,-0.041,-0.76,93,0,7.66,-0.198,0.961,0.00,100,0,179.24,-11.00,10,0.00,3.77,3.78,3.78,3.78,3.78,3.77,3.79,3.77,30.37,0.0,32,33,0,15,-983,0,0,1004,0,0,1,-1,1,1,-1,1,-1,-1,-1,-1,
2026-03-18,16:37:49.230,7.95,100,100,100,0.016,-0.78,93,0,7.66,-0.196,0.978,-0.03,100,0,179.23,-11.00,10,0.00,3.77,3.78,3.78,3.78,3.78,3.77,3.80,3.77,30.37,0.0,32,33,0,15,-983,0,0,1004,0,0,1,-1,1,1,-1,1,-1,-1,-1,-1,
2026-03-18,16:37:49.510,7.95,100,100,100,0.029,-0.85,94,0,7.66,-0.189,0.974,-0.15,100,0,179.20,-11.00,10,0.00,3.77,3.79,3.78,3.78,3.78,3.77,3.80,3.77,30.37,0.0,32,33,0,14,-983,0,0,1004,0,0,1,-1,1,1,-1,1,-1,-1,-1,-1,
2026-03-18,16:37:49.780,7.95,100,100,100,0.032,-0.86,94,0,7.66,-0.196,0.928,-0.09,100,0,179.26,-11.00,10,0.00,3.77,3.79,3.78,3.78,3.78,3.77,3.80,3.77,30.37,0.0,32,33,0,14,-983,0,0,1005,0,0,1,-1,1,1,-1,1,-1,-1,-1,-1,
2026-03-18,16:37:50.050,7.96,100,100,100,-0.011,-0.82,94,0,7.68,-0.183,0.970,0.02,100,0,179.23,-10.95,10,0.00,3.77,3.79,3.78,3.78,3.78,3.77,3.80,3.77,30.37,0.0,32,33,0,15,-1021,0,0,1004,0,0,1,-1,1,1,-1,1,-1,-1,-1,-1,
2026-03-18,16:37:50.310,7.96,100,100,100,-0.033,-0.79,94,0,7.67,-0.192,0.963,0.09,100,0,179.22,-10.99,10,0.00,3.77,3.79,3.78,3.78,3.78,3.77,3.79,3.77,30.37,0.0,32,33,0,14,-1023,0,0,1005,0,0,1,-1,1,1,-1,1,-1,-1,-1,-1,
2026-03-18,16:37:50.580,7.96,100,100,100,0.010,-0.87,94,0,7.66,-0.185,0.966,-0.13,100,0,179.22,-11.02,10,0.00,3.77,3.79,3.78,3.78,3.78,3.77,3.79,3.77,30.37,0.0,32,33,0,14,-1023,0,0,1004,0,0,1,-1,1,1,-1,1,-1,-1,-1,-1,
2026-03-18,16:37:50.850,7.95,99,100,100,-0.014,-0.90,94,0,7.66,-0.186,0.963,-0.09,100,0,179.25,-11.02,10,0.00,3.77,3.79,3.78,3.78,3.78,3.77,3.79,3.77,30.37,0.0,32,33,0,15,-1024,0,0,1005,0,0,1,-1,1,1,-1,1,-1,-1,-1,-1,
2026-03-18,16:37:51.110,7.95,99,100,100,0.000,-0.91,93,0,7.66,-0.208,0.974,-0.07,100,0,179.22,-11.04,10,0.00,3.77,3.79,3.78,3.78,3.78,3.77,3.79,3.77,30.37,0.0,32,33,0,15,-1024,0,0,1004,0,0,1,-1,1,1,-1,1,-1,-1,-1,-1,
2026-03-18,16:37:51.370,7.95,99,100,100,-0.010,-0.93,92,0,7.66,-0.192,0.963,-0.06,100,0,179.20,-11.02,10,0.00,3.77,3.79,3.78,3.78,3.78,3.77,3.79,3.77,30.37,0.0,32,33,0,15,-1023,0,0,1004,0,0,1,-1,1,1,-1,1,-1,-1,-1,-1,
2026-03-18,16:37:51.640,7.96,100,100,99,-0.007,-0.93,92,0,7.66,-0.187,0.977,0.00,100,0,179.20,-10.97,10,0.00,3.77,3.79,3.78,3.78,3.78,3.77,3.80,3.77,30.37,0.0,32,33,0,14,-1024,0,0,1004,0,0,1,-1,1,1,-1,1,-1,-1,-1,-1,
2026-03-18,16:37:51.900,7.95,100,100,99,-0.011,-0.92,92,0,7.66,-0.180,0.968,-0.01,100,0,179.21,-10.95,10,0.00,3.77,3.79,3.78,3.78,3.78,3.77,3.80,3.77,30.37,0.0,32,33,0,15,-1024,0,0,1004,0,0,1,-1,1,1,-1,1,-1,-1,-1,-1,
2026-03-18,16:37:52.160,7.95,100,100,99,0.088,-0.93,93,0,7.66,-0.369,0.955,-0.04,100,0,179.27,-10.61,10,0.00,3.77,3.79,3.77,3.78,3.78,3.77,3.80,3.77,30.37,0.0,32,33,0,15,-1024,0,0,1004,0,0,1,-1,1,1,-1,1,-1,-1,-1,-1,
2026-03-18,16:37:52.430,7.95,99,99,99,0.010,-0.93,93,0,7.66,-0.214,0.982,0.01,100,0,179.33,-10.81,10,0.00,3.77,3.79,3.77,3.78,3.78,3.78,3.80,3.77,30.37,0.0,32,33,0,15,-1023,0,0,1004,0,0,1,-1,1,1,-1,1,-1,-1,-1,-1,
2026-03-18,16:37:52.700,7.96,99,99,99,-0.033,-0.96,92,0,7.66,-0.175,0.975,-0.03,100,0,179.35,-10.90,10,0.00,3.77,3.79,3.77,3.78,3.78,3.78,3.79,3.77,30.37,0.0,32,33,0,15,-1024,0,0,1004,0,0,1,-1,1,1,-1,1,-1,-1,-1,-1,
2026-03-18,16:37:52.970,7.95,99,99,99,-0.022,-0.94,93,0,7.68,-0.183,0.970,0.00,100,0,179.26,-11.03,10,0.00,3.77,3.79,3.77,3.78,3.78,3.78,3.79,3.77,30.37,0.0,32,33,0,15,-1024,0,0,1004,0,0,1,-1,1,1,-1,1,-1,-1,-1,-1,
2026-03-18,16:37:53.230,7.96,100,100,99,-0.025,-0.96,88,0,7.67,-0.192,0.972,-0.04,97,0,179.27,-11.03,10,0.00,3.77,3.79,3.77,3.78,3.78,3.78,3.79,3.77,30.37,0.0,32,33,0,15,-1024,0,0,1004,0,0,1,-1,1,1,-1,1,-1,-1,-1,-1,
2026-03-18,16:37:53.490,7.95,99,99,99,0.045,-0.95,85,0,7.66,-0.192,0.961,0.05,94,0,179.23,-11.00,10,0.00,3.77,3.79,3.77,3.78,3.78,3.78,3.79,3.77,30.37,0.0,32,33,0,15,-1023,0,0,1004,0,0,1,-1,1,1,-1,1,-1,-1,-1,-1,
2026-03-18,16:37:53.760,7.95,98,99,99,-0.025,-0.99,80,0,7.66,-0.232,0.969,-0.06,93,0,179.33,-10.97,10,0.00,3.77,3.79,3.77,3.78,3.78,3.77,3.79,3.77,30.37,0.0,32,33,0,14,-1024,0,0,1004,0,0,1,-1,1,1,-1,1,-1,-1,-1,-1,
2026-03-18,16:37:54.020,7.96,97,99,99,-0.051,-0.98,77,0,7.66,-0.195,0.969,-0.03,94,0,179.33,-10.97,10,0.00,3.77,3.79,3.77,3.78,3.78,3.77,3.80,3.77,30.37,0.0,32,33,0,14,-1024,0,0,1004,0,0,1,-1,1,1,-1,1,-1,-1,-1,-1,
2026-03-18,16:37:54.280,7.95,97,99,99,-0.051,-0.91,75,0,7.66,-0.191,0.982,0.12,95,0,179.26,-10.97,10,0.00,3.77,3.79,3.77,3.78,3.78,3.77,3.80,3.77,30.37,0.0,32,33,0,14,-1024,0,0,1004,0,0,1,-1,1,1,-1,1,-1,-1,-1,-1,
2026-03-18,16:37:54.540,7.95,97,99,99,-0.060,-0.89,73,0,7.69,-0.205,0.979,0.11,96,0,179.20,-11.04,10,0.00,3.77,3.79,3.77,3.78,3.78,3.77,3.80,3.77,30.37,0.0,32,33,0,14,-1023,0,0,1004,0,0,1,-1,1,1,-1,1,-1,-1,-1,-1,
2026-03-18,16:37:54.800,7.95,96,99,99,0.019,-0.88,72,0,7.67,-0.172,0.968,0.05,95,0,179.24,-11.16,10,0.00,3.77,3.79,3.77,3.78,3.78,3.78,3.80,3.77,30.37,0.0,32,33,0,15,-1024,0,0,1005,0,0,1,-1,1,1,-1,1,-1,-1,-1,-1,
2026-03-18,16:37:55.070,7.95,96,99,99,-0.007,-0.89,73,0,7.66,-0.180,0.961,0.00,90,0,179.25,-11.21,10,0.00,3.77,3.79,3.77,3.78,3.78,3.78,3.79,3.77,30.37,0.0,32,33,0,15,-1023,0,0,1005,0,0,1,-1,1,1,-1,1,-1,-1,-1,-1,
2026-03-18,16:37:55.340,7.95,96,99,99,-0.019,-0.86,72,0,7.66,-0.193,0.956,0.03,91,0,179.27,-11.23,10,0.00,3.77,3.79,3.77,3.78,3.78,3.78,3.79,3.77,30.37,0.0,32,33,0,14,-1023,0,0,1005,0,0,1,-1,1,1,-1,1,-1,-1,-1,-1,
2026-03-18,16:37:55.610,7.95,96,98,98,-0.006,-0.79,73,0,7.66,-0.211,1.042,0.14,94,0,179.23,-11.15,10,0.00,3.77,3.79,3.78,3.78,3.78,3.78,3.79,3.77,30.37,0.0,32,33,0,14,-1023,0,0,1005,0,0,1,-1,1,1,-1,1,-1,-1,-1,-1,
2026-03-18,16:37:55.870,7.95,96,99,99,-0.013,-0.78,72,0,7.66,-0.185,0.965,0.17,96,0,179.26,-11.20,10,0.00,3.77,3.79,3.78,3.78,3.78,3.78,3.79,3.77,30.37,0.0,32,33,0,14,-1023,0,0,1004,0,0,1,-1,1,1,-1,1,-1,-1,-1,-1,
2026-03-18,16:37:56.130,7.95,97,99,99,-0.019,-0.82,71,0,7.66,-0.203,0.965,-0.08,97,0,179.25,-11.18,10,0.00,3.77,3.79,3.78,3.78,3.79,3.77,3.79,3.77,30.37,0.0,32,33,0,14,-1023,0,0,1004,0,0,1,-1,1,1,-1,1,-1,-1,-1,-1,
2026-03-18,16:37:56.390,7.95,96,99,99,-0.019,-0.79,71,0,7.66,-0.184,0.974,-0.05,96,0,179.24,-11.18,10,0.00,3.77,3.79,3.78,3.78,3.79,3.77,3.79,3.78,30.37,0.0,32,33,0,15,-1023,0,0,1005,0,0,1,-1,1,1,-1,1,-1,-1,-1,-1,
2026-03-18,16:37:56.660,7.96,96,99,99,-0.007,-0.79,72,0,7.66,-0.191,0.972,0.05,93,0,179.24,-11.18,10,0.00,3.77,3.79,3.78,3.78,3.79,3.77,3.79,3.78,30.37,0.0,32,33,0,15,-1000,0,0,1004,0,0,1,-1,1,1,-1,1,-1,-1,-1,-1,
2026-03-18,16:37:56.930,7.95,94,99,99,-0.013,-0.81,73,0,7.66,-0.198,0.973,-0.03,95,0,179.25,-11.16,10,0.00,3.77,3.79,3.78,3.78,3.79,3.77,3.79,3.78,30.37,0.0,32,33,0,15,-1024,0,0,1004,0,0,1,-1,1,1,-1,1,-1,-1,-1,-1,
2026-03-18,16:37:57.190,7.96,96,99,99,-0.015,-0.89,75,0,7.66,-0.193,0.962,-0.15,98,0,179.25,-11.19,10,0.00,3.77,3.79,3.78,3.78,3.79,3.77,3.79,3.78,30.37,0.0,32,33,0,15,-1024,0,0,1004,0,0,1,-1,1,1,-1,1,-1,-1,-1,-1,
2026-03-18,16:37:57.460,7.96,97,99,99,-0.020,-0.96,74,0,7.66,-0.187,0.966,-0.20,99,0,179.26,-11.18,10,0.00,3.77,3.79,3.78,3.78,3.79,3.77,3.79,3.77,30.37,0.0,32,33,0,15,-1022,0,0,1004,0,0,1,-1,1,1,-1,1,-1,-1,-1,-1,
2026-03-18,16:37:57.720,7.96,98,99,99,-0.009,-0.91,74,0,7.66,-0.189,0.965,-0.06,99,0,179.24,-11.17,10,0.00,3.77,3.79,3.78,3.78,3.79,3.77,3.79,3.77,30.37,0.0,32,33,0,15,-997,0,0,1004,0,0,1,-1,1,1,-1,1,-1,-1,-1,-1,
2026-03-18,16:37:57.980,7.95,98,99,99,-0.019,-0.90,75,0,7.66,-0.199,0.965,0.07,98,0,179.25,-11.17,10,0.00,3.77,3.79,3.78,3.78,3.79,3.77,3.79,3.77,30.37,0.0,32,33,0,14,-1020,0,0,1004,0,0,1,-1,1,1,-1,1,-1,-1,-1,-1,
2026-03-18,16:37:58.250,7.95,98,99,99,-0.001,-0.92,76,0,7.66,-0.208,0.956,-0.04,93,0,179.25,-11.18,10,0.00,3.77,3.79,3.78,3.77,3.79,3.77,3.79,3.77,30.37,0.0,32,33,0,15,-1024,0,0,1005,0,0,1,-1,1,1,-1,1,-1,-1,-1,-1,
2026-03-18,16:37:58.510,7.95,99,99,99,0.003,-0.89,79,0,7.66,-0.186,0.978,0.04,97,0,179.24,-11.17,10,0.00,3.77,3.79,3.78,3.77,3.79,3.77,3.79,3.77,30.37,0.0,32,33,0,15,-1024,0,0,1005,0,0,1,-1,1,1,-1,1,-1,-1,-1,-1,
2026-03-18,16:37:58.770,7.95,98,99,99,-0.018,-0.88,79,0,7.66,-0.190,0.965,0.05,98,0,179.26,-11.17,10,0.00,3.77,3.79,3.78,3.77,3.79,3.77,3.80,3.77,30.37,0.0,32,33,0,15,-1024,0,0,1004,0,0,1,-1,1,1,-1,1,-1,-1,-1,-1,
2026-03-18,16:37:59.030,7.95,99,99,99,-0.034,-0.88,80,0,7.66,-0.188,0.976,-0.01,99,0,179.27,-11.18,10,0.00,3.77,3.79,3.78,3.77,3.79,3.77,3.80,3.77,30.37,0.0,32,33,0,14,-1024,0,0,1004,0,0,1,-1,1,1,-1,1,-1,-1,-1,-1,
2026-03-18,16:37:59.290,7.95,99,99,99,-0.018,-0.79,81,0,7.66,-0.198,0.967,0.11,100,0,179.25,-11.20,10,0.00,3.77,3.79,3.78,3.77,3.79,3.77,3.80,3.77,30.37,0.0,32,33,0,14,-1024,0,0,1004,0,0,1,-1,1,1,-1,1,-1,-1,-1,-1,
2026-03-18,16:37:59.550,7.95,100,100,99,0.002,-0.81,82,0,7.66,-0.195,0.972,0.11,99,0,179.26,-11.19,10,0.00,3.77,3.79,3.78,3.77,3.79,3.77,3.80,3.77,30.37,0.0,32,33,0,14,-1024,0,0,1004,0,0,1,-1,1,1,-1,1,-1,-1,-1,-1,
2026-03-18,16:37:59.810,7.95,100,100,100,-0.034,-0.84,83,0,7.66,-0.191,0.968,-0.08,100,0,179.26,-11.19,10,0.00,3.77,3.79,3.78,3.77,3.79,3.77,3.80,3.77,30.37,0.0,31,33,0,15,-1024,0,0,1005,0,0,1,-1,1,1,-1,1,-1,-1,-1,-1,
2026-03-18,16:38:00.070,7.95,100,100,100,-0.013,-0.82,83,0,7.66,-0.189,0.975,0.01,100,0,179.25,-11.22,10,0.00,3.77,3.79,3.78,3.77,3.79,3.77,3.80,3.77,30.37,0.0,31,33,0,14,-1024,0,0,1004,0,0,1,-1,1,1,-1,1,-1,-1,-1,-1,
2026-03-18,16:38:00.330,7.95,100,100,100,-0.011,-0.83,82,0,7.66,-0.188,0.971,0.02,100,0,179.24,-11.19,10,0.00,3.77,3.79,3.78,3.77,3.79,3.77,3.80,3.77,30.37,0.0,31,33,0,15,-1024,0,0,1005,0,0,1,-1,1,1,-1,1,-1,-1,-1,-1,
2026-03-18,16:38:00.590,7.95,100,100,100,-0.019,-0.83,82,0,7.66,-0.202,1.005,-0.09,100,0,179.23,-11.16,10,0.00,3.77,3.79,3.78,3.77,3.79,3.77,3.80,3.77,30.37,0.0,31,33,0,15,-1024,0,0,1005,0,0,1,-1,1,1,-1,1,-1,-1,-1,-1,
2026-03-18,16:38:00.850,7.95,99,100,100,-0.010,-0.82,84,0,7.66,-0.197,0.958,0.02,100,0,179.27,-11.15,10,0.00,3.77,3.79,3.78,3.77,3.79,3.77,3.80,3.77,30.38,0.0,31,33,0,14,-1024,0,0,1004,0,0,1,-1,1,1,-1,1,-1,-1,-1,-1,
2026-03-18,16:38:01.110,7.96,99,100,100,-0.020,-0.78,84,0,7.66,-0.183,0.969,0.13,98,0,179.26,-11.17,10,0.00,3.77,3.79,3.78,3.77,3.79,3.77,3.80,3.77,30.38,0.0,31,33,0,14,-1024,0,0,1005,0,0,1,-1,1,1,-1,1,-1,-1,-1,-1,
2026-03-18,16:38:01.380,7.96,99,100,100,-0.024,-0.84,84,0,7.66,-0.186,0.976,-0.04,99,0,179.24,-10.97,10,0.00,3.77,3.79,3.78,3.77,3.79,3.77,3.80,3.77,30.37,0.0,31,33,0,15,-1024,0,0,1005,0,0,1,-1,1,1,-1,1,-1,-1,-1,-1,
2026-03-18,16:38:01.640,7.95,99,100,100,-0.024,-0.84,84,0,7.66,-0.196,0.966,-0.04,97,0,179.23,-10.95,10,0.00,3.77,3.79,3.78,3.78,3.79,3.77,3.80,3.77,30.37,0.0,31,33,0,15,-1024,0,0,1004,0,0,1,-1,1,1,-1,1,-1,-1,-1,-1,
2026-03-18,16:38:01.900,7.95,99,100,100,-0.017,-0.80,85,0,7.66,-0.212,0.949,0.09,97,0,179.22,-11.11,10,0.00,3.77,3.79,3.78,3.78,3.79,3.77,3.80,3.77,30.37,0.0,31,33,0,14,-1024,0,0,1004,0,0,1,-1,1,1,-1,1,-1,-1,-1,-1,
2026-03-18,16:38:02.160,7.96,99,100,100,-0.013,-0.75,84,0,7.66,-0.172,0.981,0.12,98,0,179.22,-11.16,10,0.00,3.77,3.79,3.78,3.78,3.79,3.77,3.80,3.77,30.37,0.0,31,33,0,15,-1024,0,0,1004,0,0,1,-1,1,1,-1,1,-1,-1,-1,-1,
2026-03-18,16:38:02.430,7.96,100,100,100,0.004,-0.78,83,0,7.66,-0.182,0.980,-0.13,99,0,179.23,-11.16,10,0.00,3.77,3.79,3.78,3.78,3.79,3.77,3.80,3.77,30.37,0.0,31,33,0,15,-1024,0,0,1004,0,0,1,-1,1,1,-1,1,-1,-1,-1,-1,
2026-03-18,16:38:02.690,7.95,100,100,100,-0.026,-0.86,82,0,7.66,-0.160,0.951,-0.08,100,0,179.23,-11.17,10,0.00,3.77,3.79,3.78,3.78,3.79,3.77,3.80,3.77,30.37,0.0,31,33,0,14,-1024,0,0,1005,0,0,1,-1,1,1,-1,1,-1,-1,-1,-1,
2026-03-18,16:38:02.960,7.95,100,100,100,-0.021,-0.88,81,0,7.66,-0.175,0.950,-0.13,100,0,179.21,-11.05,10,0.00,3.77,3.79,3.78,3.77,3.79,3.77,3.80,3.77,30.38,0.0,31,32,0,14,-1024,0,0,1004,0,0,1,-1,1,1,-1,1,-1,-1,-1,-1,
2026-03-18,16:38:03.220,7.95,100,100,100,-0.045,-0.79,81,0,7.66,-0.209,1.004,0.14,100,0,179.18,-10.94,10,0.00,3.77,3.79,3.78,3.77,3.79,3.77,3.80,3.77,30.38,0.0,31,32,0,15,-1024,0,0,1004,0,0,1,-1,1,1,-1,1,-1,-1,-1,-1,
2026-03-18,16:38:03.480,7.95,100,100,100,-0.012,-0.76,81,0,7.66,-0.204,1.029,0.14,95,0,179.19,-10.90,10,0.00,3.77,3.79,3.78,3.77,3.79,3.77,3.80,3.77,30.38,0.0,31,32,0,15,-1024,0,0,1004,0,0,1,-1,1,1,-1,1,-1,-1,-1,-1,
2026-03-18,16:38:03.740,7.95,99,100,100,-0.002,-0.78,81,0,7.66,-0.154,0.962,0.00,96,0,179.17,-10.80,10,0.00,3.77,3.79,3.78,3.77,3.79,3.77,3.80,3.77,30.38,0.0,31,32,0,15,-1024,0,0,1004,0,0,1,-1,1,1,-1,1,-1,-1,-1,-1,
2026-03-18,16:38:04.000,7.95,99,100,100,-0.047,-0.79,81,0,7.66,-0.169,0.970,0.00,98,0,179.20,-10.65,10,0.00,3.77,3.79,3.78,3.77,3.79,3.77,3.80,3.77,30.38,0.0,31,32,0,14,-1024,0,0,1004,0,0,1,-1,1,1,-1,1,-1,-1,-1,-1,
2026-03-18,16:38:04.260,7.95,99,100,100,-0.014,-0.78,82,0,7.66,-0.191,0.948,-0.01,99,0,179.20,-10.87,10,0.00,3.77,3.79,3.78,3.77,3.79,3.77,3.80,3.77,30.39,0.0,30,32,0,14,-1024,0,0,1004,0,0,1,-1,1,1,-1,1,-1,-1,-1,-1,
2026-03-18,16:38:04.520,7.95,99,100,100,-0.031,-0.78,82,0,7.66,-0.219,0.954,0.03,100,0,179.22,-10.94,10,0.00,3.77,3.79,3.78,3.77,3.79,3.77,3.80,3.77,30.39,0.0,30,32,0,14,-1024,0,0,1004,0,0,1,-1,1,1,-1,1,-1,-1,-1,-1,
2026-03-18,16:38:04.780,7.95,98,100,100,-0.041,-0.81,82,0,7.66,-0.168,0.954,-0.07,100,0,179.21,-10.98,10,0.00,3.77,3.79,3.78,3.77,3.79,3.77,3.80,3.77,30.39,0.0,30,32,0,15,-1024,0,0,1004,0,0,1,-1,1,1,-1,1,-1,-1,-1,-1,
2026-03-18,16:38:05.040,7.95,98,100,100,-0.111,-0.78,80,0,7.66,-0.115,0.975,0.03,100,0,179.28,-10.98,10,0.00,3.77,3.79,3.78,3.77,3.79,3.77,3.80,3.77,30.39,0.0,30,32,0,14,-1024,0,0,1004,0,0,1,-1,1,1,-1,1,-1,-1,-1,-1,
2026-03-18,16:38:05.300,7.95,98,100,100,-0.023,-0.77,79,0,7.66,-0.190,1.002,0.06,100,0,179.17,-11.03,10,0.00,3.77,3.79,3.78,3.77,3.79,3.77,3.80,3.77,30.39,0.0,30,32,0,15,-1024,0,0,1005,0,0,1,-1,1,1,-1,1,-1,-1,-1,-1,
2026-03-18,16:38:05.560,7.95,99,100,100,-0.013,-0.82,79,0,7.66,-0.189,0.956,-0.05,100,0,179.22,-11.14,10,0.00,3.77,3.79,3.78,3.77,3.78,3.78,3.80,3.77,30.39,0.0,30,32,0,15,-1024,0,0,1004,0,0,1,-1,1,1,-1,1,-1,-1,-1,-1,
2026-03-18,16:38:05.820,7.95,99,99,99,-0.014,-0.81,79,0,7.66,-0.183,0.978,-0.02,100,0,179.21,-11.12,10,0.00,3.77,3.79,3.78,3.77,3.78,3.78,3.80,3.77,30.39,0.0,30,32,0,15,-1024,0,0,1005,0,0,1,-1,1,1,-1,1,-1,-1,-1,-1,
2026-03-18,16:38:06.090,7.95,99,99,99,-0.014,-0.81,78,0,7.66,-0.183,0.978,-0.02,100,0,179.21,-11.12,10,0.00,3.77,3.79,3.78,3.77,3.78,3.78,3.80,3.77,30.39,0.0,30,32,0,15,-1024,0,0,1005,0,0,1,-1,1,1,-1,1,-1,-1,-1,-1,
2026-03-18,16:38:06.350,7.95,99,99,99,-0.014,-0.81,70,0,7.66,-0.183,0.978,-0.02,100,0,179.21,-11.12,10,0.00,3.77,3.79,3.78,3.77,3.78,3.78,3.80,3.77,30.39,0.0,30,32,0,14,-1024,0,0,1004,0,0,1,-1,1,1,-1,1,-1,-1,-1,-1,
2026-03-18,16:38:06.610,7.95,99,99,99,-0.014,-0.81,63,1,7.66,-0.183,0.978,-0.02,100,0,179.21,-11.12,10,0.00,3.77,3.79,3.78,3.77,3.78,3.78,3.80,3.77,30.39,0.0,30,32,0,14,-1024,0,0,1004,0,0,1,-1,1,1,-1,1,-1,-1,-1,-1,
2026-03-18,16:38:06.880,7.95,99,99,99,-0.014,-0.81,59,2,7.66,-0.183,0.978,-0.02,100,0,179.21,-11.12,10,0.00,3.77,3.79,3.78,3.77,3.78,3.78,3.80,3.77,30.39,0.0,30,32,0,14,-1024,0,0,1004,0,0,1,-1,1,1,-1,1,-1,-1,-1,-1,
2026-03-18,16:38:07.140,7.95,99,99,99,-0.014,-0.81,59,2,7.66,-0.183,0.978,-0.02,100,0,179.21,-11.12,10,0.00,3.77,3.79,3.78,3.77,3.78,3.78,3.80,3.77,30.39,0.0,30,32,0,15,-1024,0,0,1005,0,0,1,-1,1,1,-1,1,-1,-1,-1,-1,
2026-03-18,16:38:07.400,7.96,99,99,99,-0.014,-0.81,59,2,7.66,-0.183,0.978,-0.02,100,0,179.21,-11.12,10,0.00,3.77,3.79,3.78,3.77,3.78,3.78,3.80,3.77,30.39,0.0,30,32,0,14,-1024,0,0,1004,0,0,1,-1,1,1,-1,1,-1,-1,-1,-1,
2026-03-18,16:38:07.670,7.95,99,99,99,-0.014,-0.81,59,2,7.66,-0.183,0.978,-0.02,100,0,179.21,-11.12,10,0.00,3.77,3.79,3.78,3.77,3.78,3.78,3.80,3.77,30.39,0.0,30,32,0,14,-1024,0,0,1004,0,0,1,-1,1,1,-1,1,-1,-1,-1,-1,
2026-03-18,16:38:07.940,7.96,99,99,99,-0.014,-0.81,59,2,7.66,-0.183,0.978,-0.02,100,0,179.21,-11.12,10,0.00,3.77,3.79,3.78,3.77,3.78,3.78,3.80,3.77,30.39,0.0,30,32,0,15,-1024,0,0,1004,0,0,1,-1,1,1,-1,1,-1,-1,-1,-1,
2026-03-18,16:38:08.200,7.96,99,99,99,-0.014,-0.81,59,2,7.66,-0.183,0.978,-0.02,100,0,179.21,-11.12,10,0.00,3.77,3.79,3.78,3.77,3.78,3.78,3.80,3.77,30.39,0.0,30,32,0,15,-1024,0,0,1005,0,0,1,-1,1,1,-1,1,-1,-1,-1,-1,
2026-03-18,16:38:08.460,7.95,99,99,99,-0.014,-0.81,59,2,7.66,-0.183,0.978,-0.02,100,0,179.21,-11.12,10,0.00,3.77,3.79,3.78,3.77,3.78,3.78,3.80,3.77,30.39,0.0,30,32,0,15,-1024,0,0,1005,0,0,1,-1,1,1,-1,1,-1,-1,-1,-1,
2026-03-18,16:38:08.720,7.95,99,99,99,-0.014,-0.81,59,2,7.66,-0.183,0.978,-0.02,100,0,179.21,-11.12,10,0.00,3.77,3.79,3.78,3.77,3.78,3.78,3.80,3.77,30.39,0.0,30,32,0,15,-1024,0,0,1005,0,0,1,-1,1,1,-1,1,-1,-1,-1,-1,
2026-03-18,16:38:08.990,7.95,99,99,99,-0.014,-0.81,59,2,7.66,-0.183,0.978,-0.02,100,0,179.21,-11.12,10,0.00,3.77,3.79,3.78,3.77,3.78,3.78,3.80,3.77,30.39,0.0,30,32,0,15,-1024,0,0,1004,0,0,1,-1,1,1,-1,1,-1,-1,-1,-1,
2026-03-18,16:38:09.260,7.95,99,99,99,-0.014,-0.81,59,2,7.66,-0.183,0.978,-0.02,100,0,179.21,-11.12,10,0.00,3.77,3.79,3.78,3.77,3.78,3.78,3.80,3.77,30.39,0.0,30,32,0,15,-1024,0,0,1004,0,0,1,-1,1,1,-1,1,-1,-1,-1,-1,
2026-03-18,16:38:09.520,7.95,99,99,99,-0.014,-0.81,59,2,7.66,-0.183,0.978,-0.02,100,0,179.21,-11.12,10,0.00,3.77,3.79,3.78,3.77,3.78,3.78,3.80,3.77,30.39,0.0,30,32,0,14,-1024,0,0,1004,0,0,1,-1,1,1,-1,1,-1,-1,-1,-1,
2026-03-18,16:38:09.780,7.95,99,99,99,-0.014,-0.81,59,2,7.66,-0.183,0.978,-0.02,100,0,179.21,-11.12,10,0.00,3.77,3.79,3.78,3.77,3.78,3.78,3.80,3.77,30.39,0.0,30,32,0,14,-1024,0,0,1004,0,0,1,-1,1,1,-1,1,-1,-1,-1,-1,
2026-03-18,16:38:10.050,7.95,99,99,99,-0.014,-0.81,59,2,7.66,-0.183,0.978,-0.02,100,0,179.21,-11.12,10,0.00,3.77,3.79,3.78,3.77,3.78,3.78,3.80,3.77,30.39,0.0,30,32,0,14,-1024,0,0,1004,0,0,1,-1,1,1,-1,1,-1,-1,-1,-1,
2026-03-18,16:38:10.320,7.95,99,99,99,-0.014,-0.81,59,2,7.66,-0.183,0.978,-0.02,100,0,179.21,-11.12,10,0.00,3.77,3.79,3.78,3.77,3.78,3.78,3.80,3.77,30.39,0.0,30,32,0,11,-1024,0,0,1004,0,0,1,-1,1,1,-1,1,-1,-1,-1,-1,
2026-03-18,16:38:10.580,7.95,99,99,99,-0.014,-0.81,59,2,7.66,-0.183,0.978,-0.02,100,0,179.21,-11.12,10,0.00,3.77,3.79,3.78,3.77,3.78,3.78,3.80,3.77,30.39,0.0,30,32,-390,0,-1024,0,0,1004,0,0,1,-1,1,1,-1,1,-1,-1,-1,-1,
2026-03-18,16:38:10.850,7.95,99,99,99,-0.014,-0.81,59,2,7.66,-0.183,0.978,-0.02,100,0,179.21,-11.12,10,0.00,3.77,3.79,3.78,3.77,3.78,3.78,3.80,3.77,30.39,0.0,30,32,-77,-16,-1024,0,0,1004,0,0,1,-1,1,1,-1,1,-1,-1,-1,-1,
2026-03-18,16:38:11.120,7.95,99,99,99,-0.014,-0.81,59,2,7.66,-0.183,0.978,-0.02,100,0,179.21,-11.12,10,0.00,3.77,3.79,3.78,3.77,3.78,3.78,3.80,3.77,30.39,0.0,30,32,0,12,-1024,0,0,1005,0,0,1,-1,1,1,-1,1,-1,-1,-1,-1,
2026-03-18,16:38:11.390,7.95,99,99,99,-0.014,-0.81,59,2,7.66,-0.183,0.978,-0.02,100,0,179.21,-11.12,10,0.00,3.77,3.79,3.78,3.77,3.78,3.78,3.80,3.77,30.39,0.0,30,32,0,14,-1024,0,0,1004,0,0,1,-1,1,1,-1,1,-1,-1,-1,-1,
2026-03-18,16:38:11.660,7.95,99,99,99,-0.014,-0.81,59,2,7.66,-0.183,0.978,-0.02,100,0,179.21,-11.12,10,0.00,3.77,3.79,3.78,3.77,3.78,3.78,3.80,3.77,30.39,0.0,30,32,0,14,-1024,0,0,1004,0,0,1,-1,1,1,-1,1,-1,-1,-1,-1,
2026-03-18,16:38:11.930,7.95,99,99,99,-0.014,-0.81,59,2,7.66,-0.183,0.978,-0.02,100,0,179.21,-11.12,10,0.00,3.77,3.79,3.78,3.77,3.78,3.78,3.80,3.77,30.39,0.0,30,32,0,15,-1024,0,0,1004,0,0,1,-1,1,1,-1,1,-1,-1,-1,-1,
2026-03-18,16:38:12.190,7.95,99,99,99,-0.014,-0.81,59,2,7.66,-0.183,0.978,-0.02,100,0,179.21,-11.12,10,0.00,3.77,3.79,3.78,3.77,3.78,3.78,3.80,3.77,30.39,0.0,30,32,0,15,-1023,0,0,1004,0,0,1,-1,1,1,-1,1,-1,-1,-1,-1,
2026-03-18,16:38:12.450,7.95,99,99,99,-0.014,-0.81,59,2,7.66,-0.183,0.978,-0.02,100,0,179.21,-11.12,10,0.00,3.77,3.79,3.78,3.77,3.78,3.78,3.80,3.77,30.39,0.0,30,32,0,14,-1024,0,0,1005,0,0,1,-1,1,1,-1,1,-1,-1,-1,-1,
2026-03-18,16:38:12.710,7.95,99,99,99,-0.014,-0.81,59,2,7.66,-0.183,0.978,-0.02,100,0,179.21,-11.12,10,0.00,3.77,3.79,3.78,3.77,3.78,3.78,3.80,3.77,30.39,0.0,30,32,0,14,-1024,0,0,1005,0,0,1,-1,1,1,-1,1,-1,-1,-1,-1,
2026-03-18,16:38:13.010,7.96,99,99,99,-0.014,-0.81,59,2,7.66,-0.183,0.978,-0.02,100,0,179.21,-11.12,10,0.00,3.77,3.79,3.78,3.77,3.78,3.78,3.80,3.77,30.39,0.0,30,32,0,14,-1023,0,0,1005,0,0,1,-1,1,1,-1,1,-1,-1,-1,-1,
2026-03-18,16:38:13.270,7.95,99,99,99,-0.014,-0.81,59,2,7.66,-0.183,0.978,-0.02,100,0,179.21,-11.12,10,0.00,3.77,3.79,3.78,3.77,3.78,3.78,3.80,3.77,30.39,0.0,30,32,0,15,-1024,0,0,1004,0,0,1,-1,1,1,-1,1,-1,-1,-1,-1,
