Date,Time,TxBat(V),VFR 2.4G(%),Rx VFR(%),VFR 900M(%),AccY(g),Altitude(m),RSSI 2.4G(dB),RX,RxBatt(V),AccX(g),AccZ(g),VSpeed(m/s),RSSI 900M(dB),RX,R.angle(°),P.angle(°),Power 900M(mW),ADC2(V),LiPo1(V),LiPo2(V),LiPo3(V),LiPo4(V),LiPo5(V),LiPo6(V),LiPo7(V),LiPo8(V),VFAS(V),Current(A),Temp1(°C),Temp2(°C),Air speed(km/h),Rudder,Elevator,Throttle,Aileron,Pot1,Pot2,Slider left,Slider right,SA,SB,SC,SD,SE,SF,SG,SH,SI,SJ,
2026-03-18,17:42:03.910,7.95,98,98,98,-0.004,-1.18,46,0,7.76,-0.180,0.967,-0.09,43,0,-179.98,-10.88,10,0.00,4.20,4.21,4.20,4.21,4.21,4.20,4.21,4.21,33.71,0.0,27,27,17.8,0,17,-1024,0,0,1001,0,0,1,-1,1,1,-1,-1,-1,-1,-1,-1,
2026-03-18,17:42:04.170,7.94,100,100,98,0.001,-1.22,47,0,7.76,-0.177,0.973,-0.07,45,0,-179.98,-10.88,10,0.00,4.20,4.21,4.20,4.21,4.21,4.20,4.21,4.21,33.71,0.0,27,27,17.8,0,17,-1024,0,0,1001,0,0,1,-1,1,1,-1,-1,-1,-1,-1,-1,
2026-03-18,17:42:04.430,7.94,100,100,97,0.002,-1.29,47,0,7.76,-0.177,0.970,-0.19,45,0,-179.99,-10.88,10,0.00,4.20,4.21,4.20,4.21,4.21,4.20,4.21,4.21,33.71,0.0,27,27,16.5,0,16,-1024,0,0,1001,0,0,1,-1,1,1,-1,-1,-1,-1,-1,-1,
2026-03-18,17:42:04.690,7.94,100,100,97,0.002,-1.33,47,0,7.76,-0.177,0.971,-0.21,42,0,-179.99,-10.88,10,0.00,4.20,4.21,4.20,4.21,4.21,4.20,4.21,4.21,33.71,0.0,27,27,13.9,0,17,-1024,0,0,1001,0,0,1,-1,1,1,-1,-1,-1,-1,-1,-1,
2026-03-18,17:42:04.950,7.94,100,100,98,0.002,-1.31,45,0,7.76,-0.177,0.970,-0.21,41,0,-179.98,-10.88,10,0.00,4.20,4.21,4.20,4.21,4.21,4.20,4.21,4.20,33.71,0.0,27,27,15.4,0,16,-1024,0,0,1001,0,0,1,-1,1,1,-1,-1,-1,-1,-1,-1,
2026-03-18,17:42:05.210,7.94,97,97,97,0.001,-1.27,44,0,7.76,-0.175,0.972,0.07,43,0,-179.98,-10.87,10,0.00,4.20,4.21,4.20,4.21,4.21,4.20,4.21,4.20,33.71,0.0,27,27,16.5,0,16,-1024,0,0,1001,0,0,1,-1,1,1,-1,-1,-1,-1,-1,-1,
2026-03-18,17:42:05.470,7.94,92,97,97,-0.002,-1.29,43,0,7.76,-0.175,0.972,0.02,44,0,-179.98,-10.89,10,0.00,4.20,4.21,4.20,4.21,4.21,4.20,4.21,4.20,33.71,0.0,27,27,17.8,0,17,-1024,0,0,1001,0,0,1,-1,1,1,-1,-1,-1,-1,-1,-1,
2026-03-18,17:42:05.730,7.94,88,96,96,0.000,-1.32,43,0,7.76,-0.179,0.970,-0.06,41,0,-179.99,-10.88,10,0.00,4.20,4.21,4.20,4.21,4.21,4.20,4.21,4.20,33.71,0.0,27,27,16.5,0,17,-1024,0,0,1001,0,0,1,-1,1,1,-1,-1,-1,-1,-1,-1,
2026-03-18,17:42:05.990,7.94,87,96,96,0.006,-1.27,45,0,7.76,-0.174,0.971,0.04,41,0,-179.99,-10.88,10,0.00,4.20,4.21,4.20,4.21,4.20,4.20,4.21,4.20,33.71,0.0,27,27,16.5,0,17,-1024,0,0,1001,0,0,1,-1,1,1,-1,-1,-1,-1,-1,-1,
2026-03-18,17:42:06.250,7.94,88,95,95,-0.001,-1.23,47,0,7.76,-0.177,0.971,0.18,42,0,-179.98,-10.88,10,0.00,4.20,4.21,4.20,4.21,4.20,4.20,4.21,4.20,33.71,0.0,27,27,17.8,0,17,-1024,0,0,1001,0,0,1,-1,1,1,-1,-1,-1,-1,-1,-1,
2026-03-18,17:42:06.510,7.94,87,96,96,-0.005,-1.23,45,0,7.76,-0.181,0.967,0.05,43,0,-179.98,-10.87,10,0.00,4.20,4.21,4.20,4.21,4.20,4.20,4.21,4.20,33.71,0.0,27,27,17.8,0,17,-1024,0,0,1001,0,0,1,-1,1,1,-1,-1,-1,-1,-1,-1,
2026-03-18,17:42:06.770,7.93,87,96,96,-0.002,-1.38,44,0,7.76,-0.177,0.966,-0.20,43,0,-179.98,-10.88,10,0.00,4.20,4.21,4.20,4.21,4.20,4.20,4.21,4.20,33.71,0.0,27,27,21.7,0,17,-1024,0,0,1001,0,0,1,-1,1,1,-1,-1,-1,-1,-1,-1,
2026-03-18,17:42:07.030,7.94,84,96,96,0.007,-1.34,45,0,7.76,-0.180,0.970,-0.04,43,0,-179.98,-10.88,10,0.00,4.20,4.21,4.20,4.21,4.21,4.20,4.21,4.20,33.71,0.0,27,27,20.7,0,17,-1024,0,0,1001,0,0,1,-1,1,1,-1,-1,-1,-1,-1,-1,
2026-03-18,17:42:07.300,7.94,84,96,96,0.004,-1.34,44,0,7.76,-0.178,0.967,0.02,43,0,-179.98,-10.87,10,0.00,4.20,4.21,4.20,4.21,4.21,4.20,4.21,4.20,33.71,0.0,27,27,19.8,0,17,-1024,0,0,1001,0,0,1,-1,1,1,-1,-1,-1,-1,-1,-1,
2026-03-18,17:42:07.570,7.94,78,95,95,-0.002,-1.36,43,0,7.76,-0.176,0.969,-0.04,43,0,-179.98,-10.89,10,0.00,4.20,4.21,4.20,4.21,4.21,4.20,4.21,4.20,33.71,0.0,27,27,17.8,0,16,-1024,0,0,1001,0,0,1,-1,1,1,-1,-1,-1,-1,-1,-1,
2026-03-18,17:42:07.830,7.94,75,94,94,0.000,-1.36,41,0,7.76,-0.177,0.971,-0.02,43,0,-179.98,-10.89,10,0.00,4.20,4.21,4.20,4.21,4.21,4.20,4.21,4.20,33.71,0.0,27,27,17.8,0,16,-1024,0,0,1001,0,0,1,-1,1,1,-1,-1,-1,-1,-1,-1,
2026-03-18,17:42:08.090,7.94,76,94,94,-0.001,-1.30,43,0,7.76,-0.178,0.970,0.09,47,0,-179.98,-10.88,10,0.00,4.20,4.21,4.20,4.21,4.21,4.20,4.21,4.20,33.71,0.0,27,27,18.7,0,17,-1024,0,0,1001,0,0,1,-1,1,1,-1,-1,-1,-1,-1,-1,
2026-03-18,17:42:08.350,7.93,82,95,95,0.004,-1.27,45,0,7.76,-0.175,0.968,0.11,45,0,-179.99,-10.88,10,0.00,4.20,4.21,4.20,4.21,4.20,4.20,4.21,4.20,33.71,0.0,27,27,18.7,0,17,-1024,0,0,1001,0,0,1,-1,1,1,-1,-1,-1,-1,-1,-1,
2026-03-18,17:42:08.610,7.93,86,94,94,0.002,-1.25,46,0,7.76,-0.177,0.969,0.07,48,0,-179.98,-10.87,10,0.00,4.20,4.21,4.20,4.21,4.20,4.20,4.21,4.20,33.71,0.0,27,27,17.8,0,16,-1023,0,0,1001,0,0,1,-1,1,1,-1,-1,-1,-1,-1,-1,
2026-03-18,17:42:08.870,7.94,90,94,94,-0.001,-1.24,46,0,7.76,-0.179,0.970,0.09,45,0,-179.98,-10.88,10,0.00,4.20,4.21,4.20,4.21,4.20,4.20,4.21,4.20,33.71,0.0,27,27,18.7,0,17,-1024,0,0,1001,0,0,1,-1,1,1,-1,-1,-1,-1,-1,-1,
2026-03-18,17:42:09.140,7.94,94,95,95,-0.001,-1.28,47,0,7.76,-0.179,0.971,-0.04,48,0,-179.98,-10.88,10,0.00,4.20,4.21,4.20,4.21,4.20,4.20,4.21,4.20,33.71,0.0,27,27,18.7,0,16,-1024,0,0,1001,0,0,1,-1,1,1,-1,-1,-1,-1,-1,-1,
2026-03-18,17:42:09.400,7.93,95,95,95,0.000,-1.37,48,0,7.76,-0.182,0.970,-0.19,52,0,-179.98,-10.87,10,0.00,4.20,4.21,4.20,4.21,4.21,4.20,4.21,4.20,33.71,0.0,27,27,20.7,0,17,-1024,0,0,1001,0,0,1,-1,1,1,-1,-1,-1,-1,-1,-1,
2026-03-18,17:42:09.670,7.94,95,95,95,0.002,-1.40,49,0,7.76,-0.176,0.972,-0.19,53,0,-179.97,-10.88,10,0.00,4.20,4.21,4.20,4.21,4.21,4.20,4.21,4.20,33.71,0.0,27,27,21.7,0,17,-1024,0,0,1001,0,0,1,-1,1,1,-1,-1,-1,-1,-1,-1,
2026-03-18,17:42:09.940,7.93,97,97,96,0.001,-1.32,51,0,7.76,-0.176,0.972,0.10,58,0,-179.97,-10.88,10,0.00,4.20,4.21,4.20,4.21,4.21,4.20,4.21,4.20,33.71,0.0,27,27,21.7,0,17,-1024,0,0,1001,0,0,1,-1,1,1,-1,-1,-1,-1,-1,-1,
2026-03-18,17:42:10.200,7.94,98,98,97,0.001,-1.33,56,0,7.76,-0.178,0.970,0.02,61,0,-179.97,-10.89,10,0.00,4.20,4.21,4.20,4.21,4.21,4.20,4.21,4.20,33.71,0.0,27,27,21.7,0,17,-1024,0,0,1001,0,0,1,-1,1,1,-1,-1,-1,-1,-1,-1,
2026-03-18,17:42:10.470,7.94,99,99,97,0.000,-1.26,58,0,7.76,-0.176,0.971,0.13,62,0,-179.97,-10.90,10,0.00,4.20,4.21,4.20,4.21,4.21,4.20,4.21,4.20,33.71,0.0,27,27,19.8,0,17,-1024,0,0,1001,0,0,1,-1,1,1,-1,-1,-1,-1,-1,-1,
2026-03-18,17:42:10.730,7.94,99,99,97,0.003,-1.26,59,0,7.76,-0.177,0.970,0.10,63,0,-179.98,-10.90,10,0.00,4.20,4.21,4.20,4.21,4.21,4.20,4.21,4.20,33.71,0.0,27,27,18.7,0,17,-1024,0,0,1001,0,0,1,-1,1,1,-1,-1,-1,-1,-1,-1,
2026-03-18,17:42:10.990,7.94,100,100,97,0.002,-1.26,60,0,7.76,-0.176,0.972,0.04,62,0,-179.98,-10.90,10,0.00,4.20,4.21,4.20,4.21,4.21,4.20,4.21,4.20,33.71,0.0,27,27,17.8,0,16,-1024,0,0,1001,0,0,1,-1,1,1,-1,-1,-1,-1,-1,-1,
2026-03-18,17:42:11.250,7.94,99,99,96,0.001,-1.22,61,0,7.76,-0.177,0.971,0.06,62,0,-179.98,-10.90,10,0.00,4.20,4.21,4.20,4.21,4.21,4.20,4.21,4.20,33.71,0.0,27,27,17.8,0,17,-1024,0,0,1001,0,0,1,-1,1,1,-1,-1,-1,-1,-1,-1,
2026-03-18,17:42:11.510,7.94,98,98,97,0.001,-1.17,60,0,7.76,-0.177,0.970,0.13,61,0,-179.98,-10.90,10,0.00,4.20,4.21,4.20,4.20,4.21,4.20,4.21,4.20,33.71,0.0,27,27,17.8,0,17,-1024,0,0,1001,0,0,1,-1,1,1,-1,-1,-1,-1,-1,-1,
2026-03-18,17:42:11.770,7.94,95,98,98,0.002,-1.10,57,0,7.76,-0.176,0.971,0.23,56,0,-179.98,-10.90,10,0.00,4.20,4.21,4.20,4.20,4.20,4.19,4.21,4.20,33.71,0.0,27,27,15.4,0,16,-1024,0,0,1001,0,0,1,-1,1,1,-1,-1,-1,-1,-1,-1,
2026-03-18,17:42:12.040,7.94,93,96,96,0.002,-1.09,52,0,7.76,-0.177,0.971,0.09,47,0,-179.98,-10.91,10,0.00,4.20,4.21,4.20,4.20,4.20,4.19,4.21,4.20,33.71,0.0,27,27,15.4,0,16,-1024,0,0,1001,0,0,1,-1,1,1,-1,-1,-1,-1,-1,-1,
2026-03-18,17:42:12.300,7.93,90,95,95,0.001,-1.07,48,0,7.76,-0.177,0.971,0.09,48,0,-179.98,-10.91,10,0.00,4.20,4.21,4.20,4.20,4.20,4.19,4.21,4.20,33.71,0.0,27,27,13.9,0,17,-1024,0,0,1001,0,0,1,-1,1,1,-1,-1,-1,-1,-1,-1,
2026-03-18,17:42:12.560,7.93,91,96,96,0.001,-1.01,49,0,7.76,-0.177,0.971,0.14,53,0,-179.98,-10.90,10,0.00,4.20,4.21,4.20,4.20,4.20,4.19,4.21,4.20,33.71,0.0,27,27,13.9,0,17,-1024,0,0,1001,0,0,1,-1,1,1,-1,-1,-1,-1,-1,-1,
2026-03-18,17:42:12.830,7.93,94,95,95,0.001,-1.01,54,0,7.76,-0.178,0.969,0.10,60,0,-179.98,-10.90,10,0.00,4.20,4.21,4.20,4.21,4.20,4.19,4.21,4.20,33.71,0.0,27,27,13.9,0,17,-1024,0,0,1001,0,0,1,-1,1,1,-1,-1,-1,-1,-1,-1,
2026-03-18,17:42:13.090,7.93,98,98,95,0.001,-1.00,57,0,7.76,-0.176,0.971,0.00,62,0,-179.98,-10.90,10,0.00,4.20,4.21,4.20,4.21,4.21,4.20,4.21,4.20,33.71,0.0,27,27,13.9,0,17,-1024,0,0,1001,0,0,1,-1,1,1,-1,-1,-1,-1,-1,-1,
2026-03-18,17:42:13.360,7.94,100,100,95,0.002,-0.94,59,0,7.76,-0.177,0.970,0.06,64,0,-179.98,-10.90,10,0.00,4.20,4.21,4.20,4.21,4.21,4.20,4.21,4.20,33.71,0.0,27,27,13.9,0,17,-1024,0,0,1001,0,0,1,-1,1,1,-1,-1,-1,-1,-1,-1,
2026-03-18,17:42:13.630,7.93,100,100,95,0.002,-0.95,59,0,7.76,-0.176,0.971,0.04,64,0,-179.98,-10.90,10,0.00,4.20,4.21,4.20,4.21,4.21,4.20,4.21,4.20,33.71,0.0,27,27,13.9,0,16,-1024,0,0,1001,0,0,1,-1,1,1,-1,-1,-1,-1,-1,-1,
2026-03-18,17:42:13.900,7.94,100,100,95,0.000,-0.95,60,0,7.76,-0.177,0.971,0.01,63,0,-179.98,-10.90,10,0.00,4.20,4.21,4.20,4.21,4.21,4.20,4.21,4.20,33.71,0.0,27,27,12.4,0,17,-1024,0,0,1001,0,0,1,-1,1,1,-1,-1,-1,-1,-1,-1,
2026-03-18,17:42:14.160,7.94,100,100,95,0.002,-0.98,61,0,7.76,-0.177,0.970,-0.03,63,0,-179.98,-10.90,10,0.00,4.20,4.21,4.20,4.21,4.20,4.20,4.21,4.20,33.71,0.0,27,27,12.4,0,17,-1023,0,0,1001,0,0,1,-1,1,1,-1,-1,-1,-1,-1,-1,
2026-03-18,17:42:14.440,7.93,100,100,95,0.002,-1.04,61,0,7.76,-0.176,0.971,-0.15,63,0,-179.98,-10.90,10,0.00,4.20,4.21,4.20,4.21,4.20,4.20,4.21,4.20,33.71,0.0,27,27,13.9,0,16,-1024,0,0,1001,0,0,1,-1,1,1,-1,-1,-1,-1,-1,-1,
2026-03-18,17:42:14.700,7.93,100,100,94,0.001,-1.05,61,0,7.76,-0.177,0.971,-0.09,63,0,-179.98,-10.90,10,0.00,4.20,4.21,4.20,4.21,4.20,4.20,4.21,4.20,33.71,0.0,27,27,13.9,0,17,-1024,0,0,1001,0,0,1,-1,1,1,-1,-1,-1,-1,-1,-1,
2026-03-18,17:42:14.970,7.93,100,100,94,0.001,-1.08,61,0,7.76,-0.177,0.970,-0.07,63,0,-179.98,-10.90,10,0.00,4.20,4.21,4.20,4.21,4.20,4.20,4.21,4.20,33.71,0.0,27,27,12.4,0,17,-1024,0,0,1001,0,0,1,-1,1,1,-1,-1,-1,-1,-1,-1,
2026-03-18,17:42:15.240,7.94,100,100,95,0.000,-1.14,61,0,7.76,-0.177,0.971,-0.10,63,0,-179.98,-10.89,10,0.00,4.20,4.21,4.20,4.20,4.20,4.20,4.21,4.20,33.71,0.0,27,27,13.9,0,17,-1024,0,0,1001,0,0,1,-1,1,1,-1,-1,-1,-1,-1,-1,
2026-03-18,17:42:15.510,7.94,100,100,95,0.000,-1.14,61,0,7.76,-0.176,0.972,-0.02,62,0,-179.98,-10.90,10,0.00,4.20,4.21,4.20,4.20,4.21,4.19,4.21,4.20,33.71,0.0,27,27,12.4,0,17,-1024,0,0,1001,0,0,1,-1,1,1,-1,-1,-1,-1,-1,-1,
2026-03-18,17:42:15.770,7.93,100,100,95,0.001,-1.15,60,0,7.76,-0.177,0.971,-0.05,61,0,-179.98,-10.90,10,0.00,4.20,4.21,4.20,4.20,4.21,4.19,4.21,4.20,33.71,0.0,27,27,13.9,0,17,-1024,0,0,1001,0,0,1,-1,1,1,-1,-1,-1,-1,-1,-1,
2026-03-18,17:42:16.040,7.94,100,100,97,0.002,-1.11,58,0,7.76,-0.177,0.971,0.04,58,0,-179.98,-10.90,10,0.00,4.20,4.21,4.20,4.20,4.21,4.19,4.21,4.20,33.71,0.0,27,27,12.4,0,16,-1024,0,0,1001,0,0,1,-1,1,1,-1,-1,-1,-1,-1,-1,
2026-03-18,17:42:16.310,7.94,100,100,97,0.002,-1.12,56,0,7.76,-0.177,0.971,0.04,56,0,-179.98,-10.90,10,0.00,4.20,4.21,4.20,4.21,4.21,4.19,4.21,4.20,33.71,0.0,27,27,13.9,0,17,-1024,0,0,1001,0,0,1,-1,1,1,-1,-1,-1,-1,-1,-1,
2026-03-18,17:42:16.580,7.94,100,100,97,0.001,-1.12,55,0,7.76,-0.176,0.972,-0.01,58,0,-179.98,-10.90,10,0.00,4.20,4.21,4.20,4.21,4.20,4.20,4.21,4.20,33.71,0.0,27,27,12.4,0,17,-1024,0,0,1001,0,0,1,-1,1,1,-1,-1,-1,-1,-1,-1,
2026-03-18,17:42:16.850,7.93,100,100,98,0.001,-1.13,56,0,7.76,-0.177,0.971,-0.02,59,0,-179.98,-10.90,10,0.00,4.20,4.21,4.20,4.21,4.20,4.20,4.21,4.21,33.71,0.0,27,27,13.9,0,16,-1024,0,0,1000,0,0,1,-1,1,1,-1,-1,-1,-1,-1,-1,
2026-03-18,17:42:17.120,7.94,100,100,98,0.000,-1.13,58,0,7.76,-0.176,0.972,-0.01,62,0,-179.98,-10.90,10,0.00,4.20,4.21,4.20,4.21,4.20,4.20,4.21,4.21,33.71,0.0,27,27,13.9,0,17,-1024,0,0,1001,0,0,1,-1,1,1,-1,-1,-1,-1,-1,-1,
2026-03-18,17:42:17.380,7.94,100,100,98,0.002,-1.19,59,0,7.76,-0.176,0.971,-0.10,63,0,-179.98,-10.90,10,0.00,4.20,4.21,4.20,4.21,4.20,4.20,4.21,4.21,33.71,0.0,27,27,16.5,0,17,-1024,0,0,1001,0,0,1,-1,1,1,-1,-1,-1,-1,-1,-1,
2026-03-18,17:42:17.640,7.94,100,100,98,0.001,-1.18,60,0,7.76,-0.177,0.970,-0.06,62,0,-179.98,-10.91,10,0.00,4.20,4.21,4.20,4.21,4.20,4.20,4.21,4.21,33.71,0.0,27,27,16.5,0,17,-1024,0,0,1001,0,0,1,-1,1,1,-1,-1,-1,-1,-1,-1,
2026-03-18,17:42:17.910,7.93,99,99,98,0.001,-1.12,58,0,7.76,-0.177,0.971,0.11,58,0,-179.98,-10.91,10,0.00,4.20,4.21,4.20,4.21,4.20,4.20,4.21,4.21,33.71,0.0,27,27,16.5,0,16,-1024,0,0,1001,0,0,1,-1,1,1,-1,-1,-1,-1,-1,-1,
2026-03-18,17:42:18.170,7.94,97,97,97,0.004,-1.12,56,0,7.76,-0.176,0.970,-0.09,57,0,-179.98,-10.90,10,0.00,4.20,4.21,4.20,4.21,4.20,4.20,4.21,4.20,33.71,0.0,27,27,17.8,0,16,-1024,0,0,1001,0,0,1,-1,1,1,-1,-1,-1,-1,-1,-1,
2026-03-18,17:42:18.440,7.94,95,97,97,0.001,-1.16,57,0,7.76,-0.178,0.971,-0.02,59,0,-179.98,-10.90,10,0.00,4.20,4.21,4.20,4.21,4.20,4.20,4.21,4.20,33.71,0.0,27,27,18.7,0,17,-1024,0,0,1001,0,0,1,-1,1,1,-1,-1,-1,-1,-1,-1,
2026-03-18,17:42:18.700,7.94,96,98,98,0.000,-1.11,59,0,7.76,-0.175,0.972,0.11,61,0,-179.99,-10.90,10,0.00,4.20,4.21,4.20,4.21,4.20,4.20,4.21,4.20,33.71,0.0,27,27,17.8,0,17,-1024,0,0,1001,0,0,1,-1,1,1,-1,-1,-1,-1,-1,-1,
2026-03-18,17:42:18.970,7.94,98,98,98,0.002,-1.09,60,0,7.76,-0.178,0.970,0.10,61,0,-179.99,-10.90,10,0.00,4.20,4.21,4.20,4.21,4.20,4.20,4.21,4.20,33.71,0.0,27,27,17.8,0,16,-1024,0,0,1001,0,0,1,-1,1,1,-1,-1,-1,-1,-1,-1,
2026-03-18,17:42:19.240,7.94,100,100,98,0.003,-1.12,61,0,7.76,-0.175,0.973,-0.02,59,0,-179.98,-10.90,10,0.00,4.20,4.21,4.20,4.21,4.20,4.20,4.21,4.20,33.71,0.0,27,27,16.5,0,16,-1024,0,0,1001,0,0,1,-1,1,1,-1,-1,-1,-1,-1,-1,
2026-03-18,17:42:19.500,7.94,99,99,98,0.000,-1.18,60,0,7.76,-0.178,0.969,-0.12,58,0,-179.98,-10.90,10,0.00,4.20,4.21,4.20,4.21,4.20,4.20,4.21,4.20,33.71,0.0,27,27,16.5,0,16,-1024,0,0,1001,0,0,1,-1,1,1,-1,-1,-1,-1,-1,-1,
2026-03-18,17:42:19.760,7.94,98,98,97,-0.001,-1.13,59,0,7.76,-0.179,0.973,0.00,53,0,-179.98,-10.90,10,0.00,4.20,4.21,4.20,4.21,4.20,4.20,4.21,4.20,33.71,0.0,27,27,19.8,0,16,-1023,0,0,1001,0,0,1,-1,1,1,-1,-1,-1,-1,-1,-1,
2026-03-18,17:42:20.020,7.94,98,98,97,0.000,-1.19,57,0,7.76,-0.177,0.972,-0.05,52,0,-179.98,-10.90,10,0.00,4.20,4.21,4.20,4.21,4.20,4.20,4.21,4.20,33.71,0.0,27,27,17.8,0,17,-994,0,0,1001,0,0,1,-1,1,1,-1,-1,-1,-1,-1,-1,
2026-03-18,17:42:20.290,7.94,97,98,98,0.000,-1.24,57,0,7.76,-0.179,0.972,-0.14,52,0,-179.98,-10.90,10,0.00,4.20,4.21,4.20,4.21,4.20,4.20,4.21,4.20,33.71,0.0,27,27,19.8,0,17,-994,0,0,1001,0,0,1,-1,1,1,-1,-1,-1,-1,-1,-1,
2026-03-18,17:42:20.560,7.94,96,98,98,0.002,-1.34,56,0,7.76,-0.178,0.971,-0.25,55,0,-179.98,-10.90,10,0.00,4.20,4.21,4.20,4.21,4.20,4.20,4.21,4.20,33.71,0.0,27,27,18.7,0,16,-996,0,0,1001,0,0,1,-1,1,1,-1,-1,-1,-1,-1,-1,
2026-03-18,17:42:20.840,7.94,96,98,98,0.001,-1.30,56,0,7.76,-0.178,0.969,0.02,56,0,-179.98,-10.91,10,0.00,4.20,4.21,4.20,4.21,4.20,4.20,4.21,4.20,33.71,0.0,27,27,17.8,0,17,-994,0,0,1001,0,0,1,-1,1,1,-1,-1,-1,-1,-1,-1,
2026-03-18,17:42:21.110,7.94,95,98,98,0.000,-1.33,56,0,7.76,-0.179,0.972,0.00,56,0,-179.97,-10.90,10,0.00,4.20,4.21,4.20,4.20,4.20,4.20,4.21,4.20,33.71,0.0,27,27,18.7,0,16,-996,0,0,1001,0,0,1,-1,1,1,-1,-1,-1,-1,-1,-1,
2026-03-18,17:42:21.370,7.94,97,98,98,0.003,-1.35,56,0,7.76,-0.176,0.971,-0.03,56,0,-179.97,-10.90,10,0.00,4.20,4.21,4.20,4.20,4.20,4.20,4.21,4.20,33.71,0.0,27,27,17.8,0,17,-1024,0,0,1001,0,0,1,-1,1,1,-1,-1,-1,-1,-1,-1,
2026-03-18,17:42:21.630,7.94,97,97,97,0.000,-1.32,56,0,7.76,-0.176,0.971,0.00,56,0,-179.98,-10.90,10,0.00,4.20,4.21,4.20,4.20,4.20,4.20,4.21,4.20,33.71,0.0,27,27,17.8,0,16,-1024,0,0,1001,0,0,1,-1,1,1,-1,-1,-1,-1,-1,-1,
2026-03-18,17:42:21.890,7.93,97,97,97,-0.003,-1.30,56,0,7.76,-0.173,0.974,0.02,56,0,-179.97,-10.89,10,0.00,4.20,4.21,4.20,4.20,4.20,4.20,4.21,4.20,33.71,0.0,27,27,17.8,0,17,-1024,0,0,1001,0,0,1,-1,1,1,-1,-1,-1,-1,-1,-1,
2026-03-18,17:42:22.160,7.94,96,98,98,0.006,-1.33,56,0,7.76,-0.175,0.970,0.00,57,0,-179.97,-10.89,10,0.00,4.20,4.21,4.20,4.20,4.20,4.20,4.21,4.20,33.71,0.0,27,27,16.5,0,16,-1024,0,0,1001,0,0,1,-1,1,1,-1,-1,-1,-1,-1,-1,
2026-03-18,17:42:22.420,7.94,96,98,98,0.004,-1.32,56,0,7.76,-0.178,0.972,0.00,56,0,-179.97,-10.90,10,0.00,4.20,4.21,4.20,4.21,4.20,4.20,4.21,4.20,33.71,0.0,27,27,16.5,0,16,-1024,0,0,1001,0,0,1,-1,1,1,-1,-1,-1,-1,-1,-1,
2026-03-18,17:42:22.690,7.93,97,98,98,-0.003,-1.30,56,0,7.76,-0.176,0.970,0.03,56,0,-179.97,-10.89,10,0.00,4.20,4.21,4.20,4.21,4.21,4.19,4.21,4.20,33.71,0.0,27,27,16.5,0,16,-1024,0,0,1001,0,0,1,-1,1,1,-1,-1,-1,-1,-1,-1,
2026-03-18,17:42:22.950,7.93,97,98,98,0.000,-1.29,56,0,7.76,-0.178,0.970,0.02,57,0,-179.97,-10.90,10,0.00,4.20,4.21,4.20,4.21,4.21,4.19,4.21,4.20,33.71,0.0,27,27,17.8,0,16,-1024,0,0,1001,0,0,1,-1,1,1,-1,-1,-1,-1,-1,-1,
2026-03-18,17:42:23.210,7.93,97,97,97,0.004,-1.25,56,0,7.76,-0.175,0.974,0.07,57,0,-179.97,-10.89,10,0.00,4.20,4.21,4.20,4.21,4.21,4.19,4.21,4.20,33.71,0.0,27,27,15.4,0,17,-1024,0,0,1001,0,0,1,-1,1,1,-1,-1,-1,-1,-1,-1,
2026-03-18,17:42:23.480,7.93,97,97,97,0.000,-1.26,56,0,7.76,-0.177,0.969,0.03,56,0,-179.97,-10.90,10,0.00,4.20,4.21,4.20,4.21,4.21,4.19,4.21,4.20,33.71,0.0,27,27,15.4,0,17,-996,0,0,1001,0,0,1,-1,1,1,-1,-1,-1,-1,-1,-1,
2026-03-18,17:42:23.740,7.93,96,98,98,0.000,-1.28,56,0,7.76,-0.176,0.971,-0.02,55,0,-179.97,-10.90,10,0.00,4.20,4.21,4.20,4.21,4.20,4.20,4.21,4.20,33.71,0.0,27,27,16.5,2,16,-886,0,0,1001,0,0,1,-1,1,1,-1,-1,-1,-1,-1,-1,
2026-03-18,17:42:24.020,7.93,97,98,98,0.002,-1.30,56,0,7.76,-0.177,0.970,-0.10,56,0,-179.97,-10.90,10,0.00,4.20,4.21,4.20,4.21,4.20,4.20,4.21,4.20,33.71,0.0,27,27,15.4,0,16,-821,0,0,1001,0,0,1,-1,1,1,-1,-1,-1,-1,-1,-1,
2026-03-18,17:42:24.280,7.94,95,98,98,0.004,-1.28,57,0,7.76,-0.178,0.971,0.01,57,0,-179.97,-10.90,10,0.00,4.20,4.21,4.20,4.21,4.20,4.20,4.21,4.20,33.71,0.0,27,27,16.5,0,15,-822,0,0,1001,0,0,1,-1,1,1,-1,-1,-1,-1,-1,-1,
2026-03-18,17:42:24.550,7.93,96,98,98,0.001,-1.21,58,0,7.76,-0.175,0.971,0.12,58,0,-179.97,-10.90,10,0.00,4.20,4.21,4.20,4.21,4.20,4.20,4.21,4.20,33.71,0.0,27,27,13.9,0,15,-824,0,0,1001,0,0,1,-1,1,1,-1,-1,-1,-1,-1,-1,
2026-03-18,17:42:24.820,7.94,96,98,98,0.000,-1.22,58,0,7.76,-0.182,0.970,0.09,57,0,-179.97,-10.90,10,0.00,4.20,4.21,4.20,4.21,4.20,4.20,4.21,4.20,33.71,0.0,27,27,15.4,0,16,-1021,0,0,1001,0,0,1,-1,1,1,-1,-1,-1,-1,-1,-1,
2026-03-18,17:42:25.090,7.94,98,98,97,0.002,-1.23,59,0,7.76,-0.176,0.972,-0.03,58,0,-179.97,-10.89,10,0.00,4.20,4.21,4.20,4.21,4.20,4.20,4.21,4.20,33.71,0.0,27,27,20.7,0,16,-1023,0,0,1001,0,0,1,-1,1,1,-1,-1,-1,-1,-1,-1,
2026-03-18,17:42:25.350,7.94,96,97,97,0.000,-1.29,58,0,7.76,-0.181,0.970,-0.07,56,0,-179.97,-10.89,10,0.00,4.20,4.21,4.20,4.21,4.20,4.20,4.21,4.20,33.71,0.0,27,27,20.6,0,16,-1024,0,0,1001,0,0,1,-1,1,1,-1,-1,-1,-1,-1,-1,
2026-03-18,17:42:25.620,7.93,95,98,98,0.000,-1.37,55,0,7.76,-0.178,0.972,-0.24,54,0,-179.96,-10.90,10,0.00,4.20,4.21,4.20,4.21,4.20,4.20,4.21,4.20,33.71,0.0,27,27,17.8,0,15,-1023,0,0,1001,0,0,1,-1,1,1,-1,-1,-1,-1,-1,-1,
2026-03-18,17:42:25.880,7.93,91,98,98,0.001,-1.38,53,0,7.76,-0.180,0.970,0.04,51,0,-179.95,-10.90,10,0.00,4.20,4.21,4.20,4.20,4.20,4.20,4.21,4.20,33.71,0.0,27,27,19.8,0,15,-1024,0,0,1001,0,0,1,-1,1,1,-1,-1,-1,-1,-1,-1,
2026-03-18,17:42:26.140,7.94,88,98,98,0.000,-1.29,51,0,7.76,-0.178,0.971,0.10,50,0,-179.94,-10.90,10,0.00,4.20,4.21,4.20,4.20,4.20,4.20,4.21,4.20,33.71,0.0,27,27,19.8,0,15,-1023,0,0,1001,0,0,1,-1,1,1,-1,-1,-1,-1,-1,-1,
2026-03-18,17:42:26.410,7.94,88,98,98,0.002,-1.28,50,0,7.76,-0.179,0.970,0.07,48,0,-179.96,-10.90,10,0.00,4.20,4.21,4.20,4.20,4.20,4.20,4.21,4.20,33.71,0.0,27,27,17.8,0,15,-995,0,0,1001,0,0,1,-1,1,1,-1,-1,-1,-1,-1,-1,
2026-03-18,17:42:26.670,7.93,91,97,97,0.001,-1.24,48,0,7.76,-0.176,0.971,0.08,47,0,-179.96,-10.90,10,0.00,4.20,4.21,4.20,4.20,4.20,4.20,4.21,4.20,33.71,0.0,27,27,17.8,0,17,-994,0,0,1001,0,0,1,-1,1,1,-1,-1,-1,-1,-1,-1,
2026-03-18,17:42:26.940,7.94,94,97,97,0.000,-1.25,48,0,7.76,-0.179,0.970,0.03,45,0,-179.95,-10.90,10,0.00,4.20,4.21,4.20,4.20,4.20,4.20,4.21,4.20,33.71,0.0,27,27,21.7,0,16,-997,0,0,1001,0,0,1,-1,1,1,-1,-1,-1,-1,-1,-1,
2026-03-18,17:42:27.210,7.94,97,98,98,0.000,-1.24,47,0,7.76,-0.176,0.973,0.04,44,0,-179.95,-10.89,10,0.00,4.20,4.21,4.20,4.20,4.20,4.20,4.21,4.20,33.71,0.0,27,27,19.8,0,16,-997,0,0,1001,0,0,1,-1,1,1,-1,-1,-1,-1,-1,-1,
2026-03-18,17:42:27.480,7.93,97,97,97,0.002,-1.29,47,0,7.76,-0.175,0.970,-0.04,44,0,-179.95,-10.91,10,0.00,4.20,4.21,4.20,4.20,4.20,4.20,4.21,4.20,33.71,0.0,27,27,19.8,0,16,-997,0,0,1001,0,0,1,-1,1,1,-1,-1,-1,-1,-1,-1,
2026-03-18,17:42:27.740,7.93,98,98,97,0.007,-1.29,47,0,7.76,-0.177,0.966,-0.04,43,0,-179.96,-10.90,10,0.00,4.20,4.21,4.20,4.20,4.20,4.20,4.21,4.20,33.71,0.0,27,27,23.5,0,16,-995,0,0,1000,0,0,1,-1,1,1,-1,-1,-1,-1,-1,-1,
2026-03-18,17:42:28.010,7.94,94,97,97,0.002,-1.23,46,0,7.76,-0.180,0.970,0.09,42,0,-179.95,-10.91,10,0.00,4.20,4.21,4.20,4.20,4.20,4.20,4.21,4.20,33.71,0.0,27,27,22.6,0,15,-995,0,0,1000,0,0,1,-1,1,1,-1,-1,-1,-1,-1,-1,
2026-03-18,17:42:28.270,7.94,93,97,97,0.000,-1.26,45,0,7.76,-0.176,0.971,0.01,42,0,-179.96,-10.90,10,0.00,4.20,4.21,4.20,4.20,4.20,4.20,4.21,4.20,33.71,0.0,27,27,21.7,0,15,-993,0,0,1000,0,0,1,-1,1,1,-1,-1,-1,-1,-1,-1,
2026-03-18,17:42:28.530,7.93,92,96,96,0.003,-1.27,45,0,7.76,-0.178,0.970,-0.08,42,0,-179.96,-10.91,10,0.00,4.20,4.21,4.20,4.20,4.20,4.20,4.21,4.20,33.71,0.0,27,27,21.7,0,16,-996,0,0,1001,0,0,1,-1,1,1,-1,-1,-1,-1,-1,-1,
2026-03-18,17:42:28.790,7.94,94,96,96,0.005,-1.19,44,0,7.76,-0.178,0.969,0.15,47,0,-179.96,-10.91,10,0.00,4.20,4.21,4.20,4.20,4.20,4.19,4.21,4.20,33.71,0.0,27,27,19.8,0,16,-994,0,0,1000,0,0,1,-1,1,1,-1,-1,-1,-1,-1,-1,
2026-03-18,17:42:29.050,7.94,96,97,97,0.004,-1.22,44,0,7.76,-0.176,0.969,-0.02,48,0,-179.96,-10.91,10,0.00,4.20,4.21,4.20,4.20,4.20,4.19,4.21,4.20,33.71,0.0,27,27,18.7,0,15,-993,0,0,1001,0,0,1,-1,1,1,-1,-1,-1,-1,-1,-1,
2026-03-18,17:42:29.310,7.94,98,98,96,0.003,-1.21,44,0,7.76,-0.176,0.970,0.02,50,0,-179.96,-10.91,10,0.00,4.20,4.21,4.20,4.20,4.20,4.19,4.21,4.20,33.71,0.0,27,27,17.8,0,16,-995,0,0,1001,0,0,1,-1,1,1,-1,-1,-1,-1,-1,-1,
2026-03-18,17:42:29.580,7.94,99,99,96,0.002,-1.15,44,0,7.76,-0.177,0.970,0.02,52,0,-179.96,-10.91,10,0.00,4.20,4.21,4.20,4.21,4.20,4.19,4.21,4.20,33.71,0.0,27,27,18.7,0,15,-995,0,0,1001,0,0,1,-1,1,1,-1,-1,-1,-1,-1,-1,
2026-03-18,17:42:29.850,7.94,99,99,96,0.001,-1.09,45,0,7.76,-0.177,0.970,0.17,53,0,-179.95,-10.92,10,0.00,4.20,4.21,4.20,4.21,4.21,4.19,4.21,4.20,33.71,0.0,27,27,17.8,0,15,-998,0,0,1001,0,0,1,-1,1,1,-1,-1,-1,-1,-1,-1,
2026-03-18,17:42:30.110,7.94,98,98,95,0.002,-1.05,46,0,7.76,-0.178,0.973,0.19,53,0,-179.95,-10.92,10,0.00,4.20,4.21,4.20,4.21,4.21,4.19,4.21,4.20,33.71,0.0,27,27,18.7,0,14,-997,0,0,1001,0,0,1,-1,1,1,-1,-1,-1,-1,-1,-1,
2026-03-18,17:42:30.380,7.94,97,97,95,0.000,-1.12,47,0,7.76,-0.177,0.970,-0.07,53,0,-179.95,-10.93,10,0.00,4.20,4.21,4.20,4.21,4.21,4.19,4.21,4.20,33.71,0.0,27,27,18.5,0,15,-998,0,0,1001,0,0,1,-1,1,1,-1,-1,-1,-1,-1,-1,
2026-03-18,17:42:30.660,7.93,98,98,96,0.000,-1.14,47,0,7.76,-0.178,0.968,-0.07,50,0,-179.97,-10.91,10,0.00,4.20,4.21,4.20,4.20,4.21,4.19,4.21,4.20,33.71,0.0,27,27,16.5,0,16,-999,0,0,1001,0,0,1,-1,1,1,-1,-1,-1,-1,-1,-1,
2026-03-18,17:42:30.930,7.93,97,97,95,0.002,-1.08,47,0,7.76,-0.187,0.974,0.06,46,0,-179.96,-10.90,10,0.00,4.20,4.21,4.20,4.20,4.21,4.19,4.21,4.20,33.71,0.0,27,27,16.5,0,17,-1024,0,0,1001,0,0,1,-1,1,1,-1,-1,-1,-1,-1,-1,
2026-03-18,17:42:31.190,7.93,97,97,94,-0.008,-1.03,47,0,7.76,-0.169,0.976,0.12,46,0,-179.96,-10.89,10,0.00,4.20,4.21,4.20,4.20,4.20,4.20,4.21,4.20,33.71,0.0,27,27,17.8,0,16,-1024,0,0,1001,0,0,1,-1,1,1,-1,-1,-1,-1,-1,-1,
2026-03-18,17:42:31.450,7.94,95,95,95,0.000,-0.96,47,0,7.76,-0.179,0.969,0.20,45,0,-179.96,-10.91,10,0.00,4.20,4.21,4.20,4.20,4.20,4.20,4.21,4.20,33.71,0.0,27,27,12.4,0,17,-1013,0,0,1001,0,0,1,-1,1,1,-1,-1,-1,-1,-1,-1,
2026-03-18,17:42:31.720,7.94,95,95,95,0.002,-1.02,46,0,7.76,-0.173,0.974,-0.08,48,0,-179.96,-10.91,10,0.00,4.20,4.21,4.20,4.20,4.20,4.20,4.21,4.20,33.71,0.0,27,27,16.5,0,16,-892,0,0,1001,0,0,1,-1,1,1,-1,-1,-1,-1,-1,-1,
2026-03-18,17:42:31.980,7.94,96,96,94,0.000,-1.03,47,0,7.76,-0.169,0.975,-0.01,51,0,-179.94,-10.90,10,0.00,4.20,4.21,4.20,4.20,4.20,4.20,4.21,4.20,33.71,0.0,27,27,15.4,0,17,-886,0,0,1001,0,0,1,-1,1,1,-1,-1,-1,-1,-1,-1,
2026-03-18,17:42:32.250,7.94,98,98,94,-0.003,-1.04,50,0,7.76,-0.175,0.967,-0.06,56,0,-179.95,-10.91,10,0.00,4.20,4.21,4.20,4.20,4.21,4.19,4.21,4.20,33.71,0.0,27,27,19.8,0,17,-826,0,0,1001,0,0,1,-1,1,1,-1,-1,-1,-1,-1,-1,
2026-03-18,17:42:32.510,7.94,100,100,95,-0.003,-1.14,53,0,7.76,-0.177,0.974,-0.18,56,0,-179.95,-10.91,10,0.00,4.20,4.21,4.20,4.20,4.21,4.19,4.21,4.20,33.71,0.0,27,27,17.8,0,17,-718,0,0,1001,0,0,1,-1,1,1,-1,-1,-1,-1,-1,-1,
2026-03-18,17:42:32.780,7.94,100,100,95,0.000,-1.17,55,0,7.76,-0.173,0.977,-0.16,56,0,-179.97,-10.91,10,0.00,4.20,4.21,4.20,4.20,4.21,4.19,4.21,4.20,33.71,0.0,27,27,20.7,0,16,-611,0,0,1001,0,0,1,-1,1,1,-1,-1,-1,-1,-1,-1,
2026-03-18,17:42:33.050,7.94,100,100,95,0.001,-1.15,55,0,7.76,-0.182,0.961,-0.05,57,0,-179.96,-10.91,10,0.00,4.20,4.21,4.20,4.20,4.21,4.19,4.21,4.20,33.71,0.0,27,27,20.7,0,16,-582,0,0,1001,0,0,1,-1,1,1,-1,-1,-1,-1,-1,-1,
2026-03-18,17:42:33.310,7.94,100,100,96,0.009,-1.06,56,0,7.76,-0.179,0.983,0.15,57,0,-179.95,-10.91,10,0.00,4.20,4.21,4.20,4.20,4.21,4.19,4.21,4.20,33.71,0.3,27,27,21.7,0,15,-579,0,0,1000,0,0,1,-1,1,1,-1,-1,-1,-1,-1,-1,
2026-03-18,17:42:33.580,7.94,100,100,96,-0.013,-0.98,56,0,7.76,-0.190,0.974,0.24,57,0,-179.95,-10.92,10,0.00,4.20,4.21,4.20,4.20,4.20,4.19,4.21,4.20,33.71,0.3,27,27,12.4,0,13,-434,0,0,1001,0,0,1,-1,1,1,-1,-1,-1,-1,-1,-1,
2026-03-18,17:42:33.850,7.94,100,100,96,0.000,-0.99,56,0,7.76,-0.175,0.972,0.08,56,0,-179.98,-10.92,10,0.00,4.20,4.21,4.20,4.20,4.20,4.19,4.21,4.20,33.69,0.3,27,27,17.8,0,0,-426,0,0,1001,0,0,1,-1,1,1,-1,-1,-1,-1,-1,-1,
2026-03-18,17:42:34.120,7.94,100,100,96,0.008,-1.03,56,0,7.76,-0.164,0.963,-0.01,56,0,-179.97,-10.91,10,0.00,4.19,4.20,4.20,4.20,4.20,4.19,4.21,4.20,33.69,0.3,27,27,28.0,0,13,-593,0,0,1001,0,0,1,-1,1,1,-1,-1,-1,-1,-1,-1,
2026-03-18,17:42:34.380,7.94,99,99,96,-0.010,-1.14,56,0,7.76,-0.183,0.969,-0.18,55,0,-179.93,-10.89,10,0.00,4.19,4.20,4.19,4.20,4.20,4.19,4.21,4.20,33.70,0.3,27,27,28.0,0,17,-631,0,0,1000,0,0,1,-1,1,1,-1,-1,-1,-1,-1,-1,
2026-03-18,17:42:34.640,7.94,99,99,96,0.000,-1.00,56,0,7.76,-0.171,0.953,0.18,55,0,-179.96,-10.91,10,0.00,4.19,4.20,4.19,4.20,4.20,4.19,4.21,4.20,33.70,0.3,27,27,21.7,0,16,-627,0,0,1001,0,0,1,-1,1,1,-1,-1,-1,-1,-1,-1,
2026-03-18,17:42:34.910,7.94,99,99,97,0.022,-0.91,56,0,7.76,-0.175,0.970,0.32,54,0,-179.96,-10.91,10,0.00,4.19,4.20,4.19,4.20,4.20,4.19,4.21,4.20,33.70,0.0,27,27,12.4,0,17,-625,0,0,1001,0,0,1,-1,1,1,-1,-1,-1,-1,-1,-1,
2026-03-18,17:42:35.190,7.94,100,100,98,-0.007,-0.81,56,0,7.76,-0.196,0.965,0.29,55,0,-179.91,-10.89,10,0.00,4.20,4.21,4.19,4.20,4.20,4.19,4.21,4.20,33.70,0.0,27,27,17.8,0,16,-466,0,0,1001,0,0,1,-1,1,1,-1,-1,-1,-1,-1,-1,
2026-03-18,17:42:35.460,7.94,99,99,97,0.000,-0.73,56,0,7.76,-0.192,0.975,0.30,56,0,-179.97,-10.89,10,0.00,4.20,4.21,4.20,4.20,4.20,4.19,4.21,4.20,33.68,0.4,27,27,21.7,120,7,-352,0,0,1000,0,0,1,-1,1,1,-1,-1,-1,-1,-1,-1,
2026-03-18,17:42:35.730,7.94,99,99,97,0.025,-0.75,56,0,7.76,-0.185,0.978,0.10,57,0,-179.97,-10.88,10,0.00,4.20,4.21,4.20,4.20,4.20,4.19,4.21,4.20,33.68,2.9,27,27,21.7,0,14,-386,0,0,1001,0,0,1,-1,1,1,-1,-1,-1,-1,-1,-1,
2026-03-18,17:42:35.990,7.94,99,99,98,-0.039,-0.87,56,0,7.76,-0.169,0.989,-0.15,56,0,-179.90,-10.88,10,0.00,4.20,4.21,4.20,4.20,4.20,4.19,4.21,4.20,33.66,2.9,27,27,27.4,0,16,-404,0,0,1001,0,0,1,-1,1,1,-1,-1,-1,-1,-1,-1,
2026-03-18,17:42:36.260,7.93,100,100,98,0.004,-1.23,56,0,7.76,-0.175,0.976,-0.80,54,0,-179.94,-10.85,10,0.00,4.20,4.21,4.20,4.20,4.20,4.19,4.20,4.20,33.66,1.0,27,27,25.7,10,16,-379,0,0,1001,0,0,1,-1,1,1,-1,-1,-1,-1,-1,-1,
2026-03-18,17:42:36.520,7.94,100,100,98,0.019,-1.48,56,0,7.76,-0.181,0.964,-0.78,54,0,-179.99,-10.87,10,0.00,4.19,4.20,4.20,4.20,4.20,4.19,4.20,4.20,33.66,1.0,27,27,19.8,47,16,-118,0,0,1001,0,0,1,-1,1,1,-1,-1,-1,-1,-1,-1,
2026-03-18,17:42:36.790,7.94,100,100,98,-0.015,-1.69,56,0,7.76,-0.233,0.973,-0.51,55,0,-179.95,-10.94,10,0.00,4.19,4.20,4.18,4.19,4.20,4.19,4.20,4.20,33.60,5.3,27,27,17.8,113,-34,-84,0,0,1001,0,0,1,-1,1,1,-1,-1,-1,-1,-1,-1,
2026-03-18,17:42:37.060,7.94,100,100,97,-0.008,-2.00,56,0,7.76,-0.285,0.924,-0.90,55,0,-179.86,-11.42,10,0.00,4.19,4.20,4.18,4.19,4.19,4.17,4.20,4.20,33.60,5.3,27,27,15.4,76,-80,71,0,0,1001,0,0,1,-1,1,1,-1,-1,-1,-1,-1,-1,
2026-03-18,17:42:37.330,7.94,99,99,97,0.020,-2.35,56,0,7.76,-0.385,1.246,-1.05,56,0,-179.77,-12.60,10,0.00,4.19,4.20,4.18,4.19,4.19,4.17,4.17,4.17,33.44,7.7,27,27,16.5,52,-134,160,0,0,1001,0,0,1,-1,1,1,-1,-1,-1,-1,-1,-1,
2026-03-18,17:42:37.590,7.94,99,99,97,-0.086,-2.89,56,0,7.76,-0.503,1.115,-1.47,57,0,-179.89,-13.52,10,0.00,4.15,4.15,4.18,4.19,4.19,4.17,4.17,4.17,33.44,7.7,27,27,22.6,107,-111,205,0,0,1001,0,0,1,-1,1,1,-1,-1,-1,-1,-1,-1,
2026-03-18,17:42:37.870,7.93,99,99,97,-0.098,-3.34,56,0,7.76,-0.483,0.883,-1.63,58,0,-179.70,-15.74,10,0.00,4.15,4.15,4.13,4.13,4.19,4.17,4.17,4.17,33.30,9.1,27,27,24.3,-43,-105,221,0,0,1001,0,0,1,-1,1,1,-1,-1,-1,-1,-1,-1,
2026-03-18,17:42:38.140,7.94,100,100,98,0.025,-3.70,56,0,7.76,-0.484,1.140,-1.43,58,0,-179.69,-17.46,10,0.00,4.15,4.15,4.13,4.13,4.12,4.11,4.17,4.17,33.30,9.1,27,27,24.3,-234,-120,222,0,0,1001,0,0,1,-1,1,1,-1,-1,-1,-1,-1,-1,
2026-03-18,17:42:38.400,7.94,100,100,98,0.028,-3.91,56,0,7.76,-0.468,0.846,-1.05,60,0,-179.38,-18.66,10,0.00,4.15,4.15,4.13,4.13,4.12,4.11,4.17,4.17,33.16,9.9,27,27,27.2,-340,-124,238,0,0,1001,0,0,1,-1,1,1,-1,-1,-1,-1,-1,-1,
2026-03-18,17:42:38.660,7.94,100,100,97,-0.010,-4.01,56,0,7.76,-0.458,0.818,-0.64,61,0,-179.32,-20.13,10,0.00,4.15,4.15,4.13,4.13,4.12,4.11,4.10,4.11,33.16,9.9,27,27,31.3,-374,-135,272,0,0,1001,0,0,1,-1,1,1,-1,-1,-1,-1,-1,-1,
2026-03-18,17:42:38.930,7.94,100,100,97,0.028,-4.14,56,0,7.76,-0.495,0.906,-0.41,63,0,-179.83,-20.78,10,0.00,4.09,4.10,4.13,4.13,4.12,4.11,4.10,4.11,33.02,10.2,27,27,33.7,-387,-180,289,0,0,1000,0,0,1,-1,1,1,-1,-1,-1,-1,-1,-1,
2026-03-18,17:42:39.190,7.94,100,100,98,0.065,-4.49,56,0,7.76,-0.497,0.946,-0.68,63,0,105.82,-21.59,10,0.00,4.09,4.10,4.08,4.08,4.12,4.11,4.10,4.11,33.02,10.2,27,27,37.6,-449,-109,328,0,0,1001,0,0,1,-1,1,1,-1,-1,-1,-1,-1,-1,
2026-03-18,17:42:39.460,7.94,100,100,98,0.088,-4.63,56,0,7.76,-0.503,0.802,-0.44,65,0,179.76,-22.87,10,0.00,4.09,4.10,4.08,4.08,4.08,4.07,4.10,4.11,32.86,11.4,27,27,40.2,-250,-165,402,0,0,1000,0,0,1,-1,1,1,-1,-1,-1,-1,-1,-1,
2026-03-18,17:42:39.730,7.94,100,100,98,0.066,-4.99,56,0,7.76,-0.524,0.902,-0.91,67,0,-125.10,-23.28,10,0.00,4.09,4.10,4.08,4.08,4.08,4.07,4.06,4.07,32.86,14.4,27,27,39.1,0,-186,405,31,0,1000,0,0,1,-1,1,1,-1,-1,-1,-1,-1,-1,
2026-03-18,17:42:40.000,7.93,100,100,98,0.061,-5.20,56,0,7.76,-0.520,1.056,-0.87,68,0,-174.91,-24.16,10,0.00,4.04,4.05,4.08,4.08,4.08,4.07,4.06,4.07,32.70,14.4,27,27,49.4,0,-103,404,0,0,1001,0,0,1,-1,1,1,-1,-1,-1,-1,-1,-1,
2026-03-18,17:42:40.280,7.94,100,100,98,0.070,-5.45,57,0,7.76,-0.462,1.064,-0.89,70,0,-179.81,-25.02,10,0.00,4.04,4.05,4.03,4.03,4.08,4.07,4.06,4.07,32.56,14.9,27,27,51.7,-18,-166,407,0,0,1001,0,0,1,-1,1,1,-1,-1,-1,-1,-1,-1,
2026-03-18,17:42:40.540,7.94,100,100,98,0.013,-5.56,59,0,7.76,-0.470,0.933,-0.64,74,0,-121.89,-25.54,10,0.00,4.04,4.05,4.03,4.03,4.02,4.02,4.06,4.07,32.56,14.9,27,27,51.7,0,-183,407,1,0,1001,0,0,1,-1,1,1,-1,-1,-1,-1,-1,-1,
2026-03-18,17:42:40.810,7.94,100,100,98,0.054,-5.59,61,0,7.76,-0.517,0.826,-0.28,76,0,-179.05,-27.59,10,0.00,4.04,4.05,4.03,4.03,4.02,4.02,4.06,4.07,32.44,15.8,27,27,54.1,-59,0,410,0,0,1001,0,0,1,-1,1,1,-1,-1,-1,-1,-1,-1,
2026-03-18,17:42:41.080,7.94,100,100,99,0.021,-5.85,65,0,7.76,-0.425,0.812,-0.56,79,0,-177.84,-27.54,10,0.00,4.04,4.05,4.03,4.03,4.02,4.02,4.01,4.03,32.44,15.8,27,27,58.5,-86,-183,449,0,0,1001,0,0,1,-1,1,1,-1,-1,-1,-1,-1,-1,
2026-03-18,17:42:41.350,7.93,100,100,99,0.081,-6.08,67,0,7.76,-0.443,0.842,-0.70,81,0,-177.22,-25.58,10,0.00,4.01,4.02,4.03,4.03,4.02,4.02,4.01,4.03,32.32,16.9,27,27,58.5,-68,-202,466,0,0,1001,0,0,1,-1,1,1,-1,-1,-1,-1,-1,-1,
2026-03-18,17:42:41.610,7.94,99,99,99,0.120,-6.95,67,0,7.76,-0.447,0.819,-1.02,81,0,178.32,-26.59,10,0.00,4.01,4.02,4.00,4.01,4.02,4.02,4.01,4.03,32.32,16.9,27,27,60.2,-54,-207,467,0,0,1001,0,0,1,-1,1,1,-1,-1,-1,-1,-1,-1,
2026-03-18,17:42:41.890,7.94,99,99,99,0.157,-7.37,67,0,7.76,-0.448,0.981,-1.53,83,0,179.79,-26.47,10,0.00,4.01,4.02,4.00,4.01,4.00,4.00,4.01,4.03,32.20,18.6,27,27,62.2,-34,-244,480,0,0,1001,0,0,1,-1,1,1,-1,-1,-1,-1,-1,-1,
2026-03-18,17:42:42.160,7.94,100,100,99,0.086,-7.67,70,0,7.76,-0.490,1.111,-1.23,84,0,-177.53,-28.81,10,0.00,4.01,4.02,4.00,4.01,4.00,4.00,3.99,4.00,32.20,18.6,27,27,63.7,-23,-143,481,-50,0,1001,0,0,1,-1,1,1,-1,-1,-1,-1,-1,-1,
2026-03-18,17:42:42.420,7.93,100,100,99,0.042,-7.97,75,0,7.76,-0.432,0.863,-1.16,88,0,-175.67,-30.68,10,0.00,3.98,3.99,4.00,4.01,4.00,4.00,3.99,4.00,32.11,19.5,27,27,69.3,-74,-14,483,-151,0,1001,0,0,1,-1,1,1,-1,-1,-1,-1,-1,-1,
2026-03-18,17:42:42.690,7.94,100,100,100,0.033,-7.84,78,0,7.76,-0.417,0.749,-0.38,90,0,-177.52,-29.83,10,0.00,3.98,3.99,3.97,3.98,4.00,4.00,3.99,4.00,32.11,20.2,27,27,68.7,-50,-215,482,0,0,1001,0,0,1,-1,1,1,-1,-1,-1,-1,-1,-1,
2026-03-18,17:42:42.960,7.94,100,100,100,0.087,-7.52,78,0,7.76,-0.522,1.060,0.56,91,0,178.56,-31.33,10,0.00,3.98,3.99,3.97,3.98,3.98,3.97,3.99,4.00,32.02,20.2,27,27,68.0,0,-136,482,-3,0,1001,0,0,1,-1,1,1,-1,-1,-1,-1,-1,-1,
2026-03-18,17:42:43.240,7.94,100,100,100,0.050,-7.18,75,0,7.76,-0.490,1.046,0.92,91,0,178.54,-32.81,10,0.00,3.98,3.99,3.97,3.98,3.98,3.97,3.97,3.98,31.95,20.1,27,27,68.0,0,-99,479,0,0,1001,0,0,1,-1,1,1,-1,-1,-1,-1,-1,-1,
2026-03-18,17:42:43.510,7.94,100,100,100,0.069,-6.90,71,0,7.76,-0.455,1.012,1.09,89,0,176.75,-32.50,10,0.00,3.98,3.99,3.97,3.98,3.98,3.97,3.97,3.98,31.95,20.1,27,27,70.0,0,-157,478,0,0,1001,0,0,1,-1,1,1,-1,-1,-1,-1,-1,-1,
2026-03-18,17:42:43.770,7.94,100,100,100,0.070,-6.82,64,0,7.76,-0.374,1.187,0.66,87,0,171.47,-31.75,10,0.00,3.96,3.98,3.97,3.98,3.98,3.97,3.97,3.98,31.91,19.8,27,27,75.0,14,-147,478,124,0,1001,0,0,1,-1,1,1,-1,-1,-1,-1,-1,-1,
2026-03-18,17:42:44.040,7.94,100,100,100,0.035,-7.24,60,0,7.76,-0.330,0.933,-1.00,84,0,169.80,-31.54,10,0.00,3.96,3.98,3.96,3.97,3.98,3.97,3.97,3.98,31.91,19.8,27,27,85.2,81,-145,479,164,0,1001,0,0,1,-1,1,1,-1,-1,-1,-1,-1,-1,
2026-03-18,17:42:44.300,7.94,100,100,100,0.007,-7.48,64,0,7.74,-0.301,1.040,-0.44,83,0,171.10,-31.93,10,0.00,3.96,3.98,3.96,3.97,3.97,3.97,3.97,3.98,31.89,20.6,27,27,83.5,95,-190,474,228,0,1001,0,0,1,-1,1,1,-1,-1,-1,-1,-1,-1,
2026-03-18,17:42:44.580,7.94,100,100,100,-0.013,-6.84,66,0,7.73,-0.304,1.015,1.03,82,0,176.16,-33.08,10,0.00,3.96,3.98,3.96,3.97,3.97,3.97,3.96,3.98,31.89,20.6,27,27,87.2,135,-125,426,94,0,1001,0,0,1,-1,1,1,-1,-1,-1,-1,-1,-1,
2026-03-18,17:42:44.840,7.94,100,100,100,0.011,-6.16,67,0,7.74,-0.290,0.915,1.90,80,0,-173.43,-33.98,10,0.00,3.97,3.98,3.96,3.97,3.97,3.97,3.96,3.98,31.90,18.6,27,27,85.2,87,-63,421,20,0,1001,0,0,1,-1,1,1,-1,-1,-1,-1,-1,-1,
2026-03-18,17:42:45.100,7.93,100,100,100,0.049,-5.28,67,0,7.75,-0.353,1.011,2.65,78,0,-172.87,-33.44,10,0.00,3.97,3.98,3.97,3.98,3.97,3.97,3.96,3.98,31.90,18.6,27,27,78.0,17,-41,421,0,0,1001,0,0,1,-1,1,1,-1,-1,-1,-1,-1,-1,
2026-03-18,17:42:45.370,7.94,98,100,100,0.020,-4.46,60,0,7.76,-0.331,0.828,2.67,76,0,-175.73,-31.87,10,0.00,3.97,3.98,3.97,3.98,3.98,3.98,3.96,3.98,31.89,17.7,27,27,77.2,14,-19,422,0,0,1001,0,0,1,-1,1,1,-1,-1,-1,-1,-1,-1,
2026-03-18,17:42:45.650,7.94,95,100,100,0.083,-3.26,55,0,7.76,-0.238,0.612,3.63,71,0,-168.39,-30.22,10,0.00,3.97,3.98,3.97,3.98,3.98,3.98,3.98,3.99,31.89,17.7,27,27,80.9,0,-46,422,-1,0,1001,0,0,1,-1,1,1,-1,-1,-1,-1,-1,-1,
2026-03-18,17:42:45.910,7.94,95,100,100,0.067,-2.57,53,0,7.76,-0.442,1.431,3.20,69,0,-169.01,-31.32,10,0.00,3.97,3.98,3.97,3.98,3.98,3.98,3.98,3.99,31.88,17.5,27,27,80.9,0,-72,420,0,0,1001,0,0,1,-1,1,1,-1,-1,-1,-1,-1,-1,
2026-03-18,17:42:46.170,7.94,97,100,100,0.004,-2.16,53,0,7.76,-0.291,0.809,1.99,66,0,-176.27,-28.74,10,0.00,3.98,3.99,3.97,3.98,3.98,3.98,3.98,3.99,31.88,17.5,27,27,81.1,0,0,417,0,0,1001,0,0,1,-1,1,1,-1,-1,-1,-1,-1,-1,
2026-03-18,17:42:46.440,7.94,100,100,100,0.070,-1.58,53,0,7.76,-0.213,0.814,1.77,66,0,-172.05,-28.38,10,0.00,3.98,3.99,3.97,3.98,3.98,3.98,3.98,3.99,31.89,17.6,27,27,86.1,0,-122,416,0,0,1000,0,0,1,-1,1,1,-1,-1,-1,-1,-1,-1,
2026-03-18,17:42:46.700,7.94,100,100,100,0.057,-0.76,53,0,7.76,-0.283,0.992,1.38,65,0,-172.69,-29.60,10,0.00,3.98,3.99,3.97,3.98,3.98,3.98,3.98,3.99,31.89,17.9,27,27,84.1,0,-94,417,0,0,1000,0,0,1,-1,1,1,-1,-1,-1,-1,-1,-1,
2026-03-18,17:42:46.960,7.93,100,100,100,0.025,-0.39,54,0,7.76,-0.310,1.167,1.18,65,0,-176.75,-29.51,10,0.00,3.98,3.99,3.97,3.98,3.98,3.98,3.98,3.99,31.88,17.9,27,27,88.0,0,-53,417,-10,0,1001,0,0,1,-1,1,1,-1,-1,-1,-1,-1,-1,
2026-03-18,17:42:47.230,7.94,100,100,99,0.034,-0.01,54,0,7.76,-0.282,1.166,1.18,60,0,-175.88,-29.15,10,0.00,3.98,3.99,3.97,3.98,3.98,3.98,3.98,3.99,31.88,17.8,27,27,88.2,0,-70,417,0,0,1001,0,0,1,-1,1,1,-1,-1,-1,-1,-1,-1,
2026-03-18,17:42:47.490,7.94,100,100,99,0.018,0.51,55,0,7.76,-0.278,0.863,1.37,59,0,-170.52,-27.13,10,0.00,3.98,3.99,3.98,3.98,3.98,3.98,3.98,3.99,31.88,17.8,27,27,81.9,0,11,416,0,0,1001,0,0,1,-1,1,1,-1,-1,-1,-1,-1,-1,
2026-03-18,17:42:47.760,7.94,100,100,99,0.024,1.48,55,0,7.76,-0.261,0.726,2.56,59,0,-166.55,-25.76,10,0.00,3.98,3.99,3.98,3.98,3.98,3.98,3.98,3.99,31.87,17.4,27,27,81.5,0,0,416,0,0,1000,0,0,1,-1,1,1,-1,-1,-1,-1,-1,-1,
2026-03-18,17:42:48.020,7.94,99,99,99,-0.001,2.44,54,0,7.76,-0.284,0.824,3.20,59,0,-164.96,-25.63,10,0.00,3.98,3.99,3.98,3.98,3.98,3.98,3.97,3.99,31.87,17.4,27,27,81.5,0,-82,417,0,0,1001,0,0,1,-1,1,1,-1,-1,-1,-1,-1,-1,
2026-03-18,17:42:48.290,7.93,99,99,99,0.019,2.87,54,0,7.76,-0.351,0.880,2.29,60,0,-163.25,-24.86,10,0.00,3.98,3.99,3.98,3.98,3.98,3.98,3.97,3.99,31.87,17.5,27,27,78.2,0,-47,425,-200,0,1001,0,0,1,-1,1,1,-1,-1,-1,-1,-1,-1,
2026-03-18,17:42:48.560,7.94,98,99,99,0.061,3.49,53,0,7.76,-0.289,0.564,1.99,60,0,-160.56,-24.24,10,0.00,3.97,3.98,3.98,3.98,3.98,3.98,3.97,3.99,31.87,17.5,27,27,74.3,-55,-21,448,-237,0,1001,0,0,1,-1,1,1,-1,-1,-1,-1,-1,-1,
2026-03-18,17:42:48.820,7.93,99,99,99,0.062,3.98,52,0,7.76,-0.403,1.094,2.10,61,0,-162.35,-24.45,10,0.00,3.97,3.98,3.97,3.97,3.98,3.98,3.97,3.99,31.84,18.4,27,27,78.0,-50,-19,449,-168,0,1001,0,0,1,-1,1,1,-1,-1,-1,-1,-1,-1,
2026-03-18,17:42:49.080,7.94,98,99,99,-0.005,3.92,52,0,7.76,-0.314,0.723,0.76,63,0,-166.78,-22.84,10,0.00,3.97,3.98,3.97,3.97,3.97,3.97,3.97,3.99,31.84,18.4,27,27,80.9,-40,-18,449,-106,0,1001,0,0,1,-1,1,1,-1,-1,-1,-1,-1,-1,
2026-03-18,17:42:49.350,7.93,98,99,99,0.007,4.05,52,0,7.76,-0.320,0.808,0.34,63,0,-169.81,-22.45,10,0.00,3.97,3.98,3.97,3.97,3.97,3.97,3.96,3.98,31.81,17.5,27,27,80.7,-126,-75,449,-281,0,1001,0,0,1,-1,1,1,-1,-1,-1,-1,-1,-1,
2026-03-18,17:42:49.610,7.93,93,99,99,0.046,4.29,49,0,7.76,-0.370,1.049,0.39,63,0,-174.52,-22.68,10,0.00,3.96,3.97,3.97,3.97,3.97,3.97,3.96,3.98,31.81,17.5,27,27,78.7,-198,-77,460,-406,0,1001,0,0,1,-1,1,1,-1,-1,-1,-1,-1,-1,
2026-03-18,17:42:49.890,7.93,87,99,99,0.041,4.29,45,0,7.73,-0.352,0.855,0.39,64,0,106.58,-22.46,10,0.00,3.96,3.97,3.95,3.96,3.97,3.97,3.96,3.98,31.75,18.5,27,27,80.2,-157,-140,496,-222,0,1001,0,0,1,-1,1,1,-1,-1,-1,-1,-1,-1,
2026-03-18,17:42:50.150,7.93,86,99,99,0.070,4.20,44,0,7.75,-0.395,0.947,-0.02,64,0,168.63,-23.27,10,0.00,3.96,3.97,3.95,3.96,3.95,3.95,3.96,3.98,31.75,18.5,27,27,74.6,-116,-149,537,-47,0,1001,0,0,1,-1,1,1,-1,-1,-1,-1,-1,-1,
2026-03-18,17:42:50.420,7.94,91,99,99,0.026,4.18,45,0,7.75,-0.491,1.219,-0.19,64,0,163.30,-25.11,10,0.00,3.96,3.97,3.95,3.96,3.95,3.95,3.96,3.98,31.65,22.1,27,27,74.6,-45,-134,541,0,0,1001,0,0,1,-1,1,1,-1,-1,-1,-1,-1,-1,
2026-03-18,17:42:50.680,7.94,97,99,99,0.032,4.69,46,0,7.76,-0.468,1.135,0.82,62,0,163.21,-25.06,10,0.00,3.96,3.97,3.95,3.96,3.95,3.95,3.94,3.96,31.65,22.1,27,27,78.7,0,-226,540,27,0,1001,0,0,1,-1,1,1,-1,-1,-1,-1,-1,-1,
2026-03-18,17:42:50.950,7.94,98,99,99,0.025,4.76,48,0,7.76,-0.511,1.260,0.76,60,0,162.98,-25.49,10,0.00,3.93,3.94,3.95,3.96,3.95,3.95,3.94,3.96,31.58,24.4,27,27,78.0,0,-190,540,4,0,1001,0,0,1,-1,1,1,-1,-1,-1,-1,-1,-1,
2026-03-18,17:42:51.220,7.94,98,99,99,0.057,4.67,49,0,7.76,-0.460,1.115,0.03,59,0,160.49,-26.03,10,0.00,3.93,3.94,3.92,3.93,3.95,3.95,3.94,3.96,31.58,24.1,27,27,78.2,142,-14,541,401,0,1001,0,0,1,-1,1,1,-1,-1,-1,-1,-1,-1,
2026-03-18,17:42:51.480,7.94,98,100,100,0.064,4.59,49,0,7.74,-0.392,0.858,-0.23,59,0,159.95,-24.71,10,0.00,3.93,3.94,3.92,3.93,3.92,3.92,3.94,3.96,31.52,24.1,27,27,77.6,271,-46,543,472,0,1001,0,0,1,-1,1,1,-1,-1,-1,-1,-1,-1,
2026-03-18,17:42:51.740,7.94,99,100,100,0.094,5.04,48,0,7.75,-0.402,0.840,0.77,60,0,172.24,-23.35,10,0.00,3.93,3.94,3.92,3.93,3.92,3.92,3.91,3.93,31.46,24.7,27,27,78.7,287,-187,569,399,0,1001,0,0,1,-1,1,1,-1,-1,-1,-1,-1,-1,
2026-03-18,17:42:52.000,7.94,97,100,100,0.141,5.31,48,0,7.71,-0.452,1.193,0.92,59,0,177.01,-23.74,10,0.00,3.91,3.92,3.92,3.93,3.92,3.92,3.91,3.93,31.46,24.7,27,27,80.7,287,-208,586,457,0,1001,0,0,1,-1,1,1,-1,-1,-1,-1,-1,-1,
2026-03-18,17:42:52.260,7.93,96,100,100,0.063,5.81,46,0,7.73,-0.415,1.249,1.27,59,0,178.82,-25.00,10,0.00,3.91,3.92,3.90,3.91,3.92,3.92,3.91,3.93,31.46,27.6,27,27,80.7,432,-137,599,614,0,1001,0,0,1,-1,1,1,-1,-1,-1,-1,-1,-1,
2026-03-18,17:42:52.530,7.93,94,100,100,0.021,6.23,44,0,7.72,-0.483,1.346,0.96,58,0,-168.82,-25.70,10,0.00,3.91,3.92,3.90,3.91,3.92,3.92,3.91,3.93,31.46,27.6,27,27,86.7,417,-299,604,412,0,1001,0,0,1,-1,1,1,-1,-1,-1,-1,-1,-1,
2026-03-18,17:42:52.790,7.93,85,100,100,0.047,6.84,39,0,7.75,-0.413,0.816,1.60,57,0,-155.01,-24.15,10,0.00,3.91,3.92,3.90,3.91,3.90,3.90,3.91,3.93,31.46,29.4,27,27,82.4,230,-271,602,301,0,1001,0,0,1,-1,1,1,-1,-1,-1,-1,-1,-1,
2026-03-18,17:42:53.050,7.94,77,100,100,0.110,8.02,36,0,7.71,-0.475,1.180,3.12,57,0,-131.78,-22.09,10,0.00,3.91,3.92,3.90,3.91,3.90,3.90,3.89,3.91,31.46,29.4,27,27,78.9,97,-263,603,0,0,1001,0,0,1,-1,1,1,-1,-1,-1,-1,-1,-1,
2026-03-18,17:42:53.310,7.94,74,100,100,0.059,8.98,37,0,7.70,-0.451,1.104,3.34,57,0,-122.84,-19.18,10,0.00,3.89,3.90,3.90,3.91,3.90,3.90,3.89,3.91,31.36,29.6,27,27,81.9,35,-266,623,-35,0,1001,0,0,1,-1,1,1,-1,-1,-1,-1,-1,-1,
2026-03-18,17:42:53.580,7.94,81,100,100,0.063,9.72,40,0,7.73,-0.488,1.388,2.92,56,0,-117.71,-14.65,10,0.00,3.89,3.90,3.88,3.89,3.90,3.90,3.89,3.91,31.36,29.6,27,27,83.3,28,-332,627,-140,0,1001,0,0,1,-1,1,1,-1,-1,-1,-1,-1,-1,
2026-03-18,17:42:53.840,7.94,88,100,100,0.056,10.44,42,0,7.70,-0.508,1.395,2.64,54,0,-115.64,-12.97,10,0.00,3.89,3.90,3.88,3.89,3.88,3.88,3.89,3.91,31.27,31.5,27,27,84.6,-98,-393,613,-321,0,1001,0,0,1,-1,1,1,-1,-1,-1,-1,-1,-1,
2026-03-18,17:42:54.110,7.94,85,100,100,0.066,11.29,43,0,7.72,-0.478,1.691,2.84,51,0,-115.85,-11.26,10,0.00,3.89,3.90,3.88,3.89,3.88,3.88,3.89,3.91,31.27,31.5,27,27,88.2,-120,-352,608,-308,0,1001,0,0,1,-1,1,1,-1,-1,-1,-1,-1,-1,
2026-03-18,17:42:54.380,7.93,87,100,100,0.047,11.77,41,0,7.74,-0.395,1.692,2.25,54,0,-113.88,-10.35,10,0.00,3.87,3.88,3.88,3.89,3.88,3.88,3.89,3.91,31.21,30.3,27,27,83.7,-133,-290,598,-364,0,1001,0,0,1,-1,1,1,-1,-1,-1,-1,-1,-1,
2026-03-18,17:42:54.640,7.93,85,100,100,0.117,12.51,39,0,7.75,-0.360,1.054,2.22,55,0,-110.45,-7.78,10,0.00,3.87,3.88,3.88,3.89,3.88,3.88,3.89,3.91,31.21,30.3,27,27,83.7,-171,-269,595,-487,0,1001,0,0,1,-1,1,1,-1,-1,-1,-1,-1,-1,
2026-03-18,17:42:54.900,7.93,89,97,97,0.016,12.91,40,0,7.76,-0.510,1.350,1.97,46,0,-119.04,-7.03,10,0.00,3.87,3.88,3.87,3.88,3.88,3.88,3.89,3.91,31.17,29.0,27,27,87.0,-74,-210,596,-85,0,1001,0,0,1,-1,1,1,-1,-1,-1,-1,-1,-1,
2026-03-18,17:42:55.160,7.94,90,95,95,0.031,13.91,40,0,7.76,-0.444,1.217,2.55,43,0,-119.04,-7.03,10,0.00,3.87,3.88,3.87,3.88,3.88,3.88,3.89,3.91,31.17,29.0,27,27,81.7,-96,-335,597,-255,0,1001,0,0,1,-1,1,1,-1,-1,-1,-1,-1,-1,
2026-03-18,17:42:55.430,7.93,88,95,95,0.080,14.43,42,0,7.73,-0.467,1.323,2.44,47,0,-111.48,-6.05,10,0.00,3.87,3.88,3.87,3.88,3.88,3.88,3.87,3.89,31.13,29.1,27,27,83.2,-160,-341,597,-423,0,1001,0,0,1,-1,1,1,-1,-1,-1,-1,-1,-1,
2026-03-18,17:42:55.690,7.93,81,95,95,0.081,14.19,40,0,7.74,-0.559,1.559,1.03,50,0,-120.00,-8.07,10,0.00,3.87,3.88,3.87,3.88,3.88,3.88,3.87,3.89,31.13,29.1,27,27,82.6,-149,-297,598,-347,0,1001,0,0,1,-1,1,1,-1,-1,-1,-1,-1,-1,
2026-03-18,17:42:55.960,7.94,82,93,93,0.073,14.57,40,0,7.75,-0.440,0.974,0.59,43,0,-134.43,-11.34,10,0.00,3.87,3.88,3.87,3.87,3.88,3.88,3.87,3.89,31.09,29.1,27,27,77.6,0,-325,599,-103,0,1001,0,0,1,-1,1,1,-1,-1,-1,-1,-1,-1,
2026-03-18,17:42:56.230,7.94,86,93,93,0.075,13.87,41,0,7.71,-0.618,1.993,-0.63,47,0,-142.85,-15.17,10,0.00,3.87,3.88,3.87,3.87,3.87,3.87,3.87,3.89,31.09,28.8,27,27,91.7,0,-356,599,-29,0,1001,0,0,1,-1,1,1,-1,-1,-1,-1,-1,-1,
2026-03-18,17:42:56.490,7.94,92,93,93,0.048,13.67,41,0,7.73,-0.512,1.993,-1.22,51,0,-142.85,-15.12,10,0.00,3.87,3.88,3.87,3.87,3.87,3.87,3.86,3.88,31.07,28.8,27,27,91.3,0,-279,598,0,0,1001,0,0,1,-1,1,1,-1,-1,-1,-1,-1,-1,
2026-03-18,17:42:56.750,7.94,90,93,93,0.048,13.83,41,0,7.75,-0.463,1.238,-0.09,51,0,-139.98,-16.01,10,0.00,3.87,3.88,3.87,3.87,3.87,3.87,3.86,3.88,31.04,28.8,27,27,91.3,0,-316,595,0,0,1001,0,0,1,-1,1,1,-1,-1,-1,-1,-1,-1,
2026-03-18,17:42:57.010,7.93,86,93,93,0.072,14.42,41,0,7.75,-0.453,1.323,0.95,51,0,-142.51,-19.11,10,0.00,3.87,3.88,3.87,3.87,3.87,3.87,3.86,3.88,31.04,28.8,27,27,91.3,0,-334,576,1,0,1001,0,0,1,-1,1,1,-1,-1,-1,-1,-1,-1,
2026-03-18,17:42:57.280,7.94,87,93,93,0.080,15.09,43,0,7.76,-0.482,1.292,1.84,49,0,-142.58,-23.91,10,0.00,3.87,3.88,3.87,3.87,3.87,3.87,3.86,3.88,31.03,27.8,27,27,81.7,17,-307,573,69,0,1001,0,0,1,-1,1,1,-1,-1,-1,-1,-1,-1,
2026-03-18,17:42:57.540,7.93,91,92,91,0.081,16.20,44,0,7.76,-0.491,1.152,2.99,46,0,-139.97,-25.00,10,0.00,3.87,3.88,3.87,3.87,3.87,3.88,3.86,3.88,31.03,27.8,27,27,81.5,20,-203,573,0,0,1001,0,0,1,-1,1,1,-1,-1,-1,-1,-1,-1,
2026-03-18,17:42:57.800,7.94,95,95,90,0.125,17.67,44,0,7.76,-0.520,1.240,4.23,46,0,-137.00,-26.17,10,0.00,3.87,3.88,3.87,3.87,3.87,3.88,3.86,3.88,31.01,27.3,27,27,76.7,19,-236,575,-25,0,1001,0,0,1,-1,1,1,-1,-1,-1,-1,-1,-1,
2026-03-18,17:42:58.070,7.93,93,93,89,0.106,19.05,41,0,7.76,-0.537,1.095,4.23,48,0,-145.19,-25.54,10,0.00,3.86,3.88,3.87,3.87,3.87,3.88,3.86,3.88,31.01,27.3,27,27,76.7,14,-163,574,0,0,1001,0,0,1,-1,1,1,-1,-1,-1,-1,-1,-1,
2026-03-18,17:42:58.340,7.94,88,89,89,0.104,20.76,40,0,7.76,-0.453,1.095,5.45,55,0,-147.88,-25.44,10,0.00,3.86,3.88,3.86,3.87,3.87,3.88,3.86,3.88,30.99,27.0,27,27,75.6,17,8,575,0,0,1001,0,0,1,-1,1,1,-1,-1,-1,-1,-1,-1,
2026-03-18,17:42:58.610,7.94,87,89,89,0.043,22.40,39,0,7.73,-0.462,0.888,5.59,59,0,-152.30,-23.58,10,0.00,3.86,3.88,3.86,3.87,3.87,3.87,3.86,3.88,30.99,27.0,27,27,73.5,31,-182,575,0,0,1001,0,0,1,-1,1,1,-1,-1,-1,-1,-1,-1,
2026-03-18,17:42:58.880,7.93,89,92,92,0.051,22.40,41,0,7.75,-0.442,0.638,5.70,63,0,-152.22,-22.68,10,0.00,3.86,3.88,3.86,3.87,3.87,3.87,3.85,3.88,30.97,26.8,27,27,76.9,42,-221,574,0,0,1001,0,0,1,-1,1,1,-1,-1,-1,-1,-1,-1,
2026-03-18,17:42:59.150,7.94,94,94,94,0.091,27.15,43,0,7.75,-0.400,0.907,5.30,66,0,-150.80,-25.61,10,0.00,3.86,3.87,3.86,3.87,3.87,3.87,3.85,3.88,30.97,26.8,27,27,81.7,39,-138,573,0,0,1001,0,0,1,-1,1,1,-1,-1,-1,-1,-1,-1,
2026-03-18,17:42:59.410,7.94,96,96,93,0.075,27.89,44,0,7.76,-0.456,1.138,3.70,67,0,-155.82,-27.54,10,0.00,3.86,3.87,3.86,3.87,3.87,3.87,3.85,3.88,30.97,27.5,27,27,81.7,30,0,571,0,0,1001,0,0,1,-1,1,1,-1,-1,-1,-1,-1,-1,
2026-03-18,17:42:59.670,7.93,96,96,93,0.048,29.01,46,0,7.76,-0.422,0.838,3.46,70,0,-158.13,-26.65,10,0.00,3.86,3.87,3.86,3.86,3.87,3.87,3.85,3.88,30.97,27.5,27,27,77.2,15,13,570,0,0,1001,0,0,1,-1,1,1,-1,-1,-1,-1,-1,-1,
2026-03-18,17:42:59.940,7.93,94,95,95,0.080,29.01,45,0,7.76,-0.467,0.928,4.91,70,0,-160.93,-24.33,10,0.00,3.86,3.87,3.86,3.86,3.86,3.86,3.85,3.88,30.95,26.7,27,27,73.7,6,-5,568,0,0,1001,0,0,1,-1,1,1,-1,-1,-1,-1,-1,-1,
2026-03-18,17:43:00.200,7.94,93,95,95,0.060,32.61,44,0,7.76,-0.369,0.670,5.99,71,0,-162.11,-23.16,10,0.00,3.86,3.87,3.86,3.86,3.86,3.86,3.85,3.87,30.95,26.7,27,27,74.8,44,-128,490,0,0,1001,0,0,1,-1,1,1,-1,-1,-1,-1,-1,-1,
2026-03-18,17:43:00.460,7.93,95,95,95,0.075,34.23,46,0,7.76,-0.328,0.672,5.78,71,0,-161.65,-22.68,10,0.00,3.86,3.87,3.86,3.86,3.86,3.86,3.85,3.87,31.00,26.3,27,27,73.7,0,-33,485,-24,0,1001,0,0,1,-1,1,1,-1,-1,-1,-1,-1,-1,
2026-03-18,17:43:00.720,7.94,98,98,95,0.084,36.05,48,0,7.76,-0.495,1.151,6.06,71,0,-161.71,-23.44,10,0.00,3.86,3.87,3.86,3.87,3.86,3.86,3.85,3.87,31.00,26.3,27,27,70.0,0,12,410,-211,0,1001,0,0,1,-1,1,1,-1,-1,-1,-1,-1,-1,
2026-03-18,17:43:00.980,7.94,100,100,95,0.033,37.95,49,0,7.76,-0.317,0.627,6.40,71,0,-161.77,-20.09,10,0.00,3.86,3.87,3.86,3.87,3.88,3.88,3.85,3.87,31.06,20.6,27,27,66.9,0,13,295,-232,0,1001,0,0,1,-1,1,1,-1,-1,-1,-1,-1,-1,
2026-03-18,17:43:01.260,7.94,99,99,94,0.025,39.23,49,0,7.76,-0.238,0.638,5.42,70,0,-166.23,-16.81,10,0.00,3.86,3.87,3.86,3.87,3.88,3.88,3.89,3.90,31.18,15.0,27,27,66.9,0,14,276,-240,0,1001,0,0,1,-1,1,1,-1,-1,-1,-1,-1,-1,
2026-03-18,17:43:01.520,7.94,99,99,96,0.036,40.90,50,0,7.76,-0.250,0.653,5.42,69,0,-167.30,-15.87,10,0.00,3.86,3.87,3.86,3.87,3.88,3.88,3.89,3.90,31.18,15.0,27,27,67.0,0,-72,276,-185,0,1001,0,0,1,-1,1,1,-1,-1,-1,-1,-1,-1,
2026-03-18,17:43:01.780,7.94,99,99,97,-0.003,43.64,50,0,7.76,-0.277,0.854,5.68,67,0,-167.38,-13.66,10,0.00,3.90,3.92,3.86,3.87,3.88,3.88,3.89,3.90,31.29,13.0,27,27,67.0,-46,-143,276,-228,0,1001,0,0,1,-1,1,1,-1,-1,-1,-1,-1,-1,
2026-03-18,17:43:02.050,7.94,100,100,98,0.052,43.96,50,0,7.76,-0.232,0.828,2.71,64,0,-167.69,-14.01,10,0.00,3.90,3.92,3.92,3.93,3.88,3.88,3.89,3.90,31.29,13.0,27,27,72.2,-117,-133,276,-421,0,1001,0,0,1,-1,1,1,-1,-1,-1,-1,-1,-1,
2026-03-18,17:43:02.310,7.93,100,100,98,0.017,44.36,50,0,7.76,-0.276,0.845,1.65,62,0,-173.01,-14.63,10,0.00,3.90,3.92,3.92,3.93,3.93,3.94,3.89,3.90,31.37,13.1,27,27,72.2,-162,-90,276,-454,0,1001,0,0,1,-1,1,1,-1,-1,-1,-1,-1,-1,
2026-03-18,17:43:02.580,7.93,100,100,98,0.002,44.90,52,0,7.76,-0.254,0.852,1.91,62,0,169.95,-14.48,10,0.00,3.90,3.92,3.92,3.93,3.93,3.94,3.93,3.95,31.37,13.1,27,27,73.0,-162,-129,276,-390,0,1001,0,0,1,-1,1,1,-1,-1,-1,-1,-1,-1,
2026-03-18,17:43:02.860,7.94,99,99,97,-0.018,45.17,53,0,7.76,-0.218,0.874,1.37,59,0,169.95,-14.48,10,0.00,3.94,3.95,3.92,3.93,3.93,3.94,3.93,3.95,31.45,13.2,27,27,77.6,-123,-242,277,-85,0,1001,0,0,1,-1,1,1,-1,-1,-1,-1,-1,-1,
2026-03-18,17:43:03.120,7.94,98,98,97,-0.069,45.37,53,0,7.76,-0.307,1.284,0.96,58,0,174.25,-16.35,10,0.00,3.94,3.95,3.94,3.95,3.93,3.94,3.93,3.95,31.45,13.2,27,27,82.8,-155,-178,281,-330,0,1001,0,0,1,-1,1,1,-1,-1,-1,-1,-1,-1,
2026-03-18,17:43:03.400,7.93,95,98,98,0.005,45.79,52,0,7.76,-0.235,0.928,1.11,60,0,-173.09,-16.49,10,0.00,3.94,3.95,3.94,3.95,3.95,3.95,3.93,3.95,31.51,13.3,27,27,78.7,-223,-85,282,-505,0,1001,0,0,1,-1,1,1,-1,-1,-1,-1,-1,-1,
2026-03-18,17:43:03.660,7.93,96,98,98,0.055,45.95,50,0,7.76,-0.232,0.906,1.01,61,0,-176.09,-16.46,10,0.00,3.94,3.95,3.94,3.95,3.95,3.95,3.95,3.96,31.51,13.3,27,27,73.5,-259,-103,318,-512,0,1001,0,0,1,-1,1,1,-1,-1,-1,-1,-1,-1,
2026-03-18,17:43:03.930,7.94,97,98,98,0.069,45.79,51,0,7.76,-0.295,0.962,0.05,61,0,155.28,-15.44,10,0.00,3.95,3.96,3.94,3.95,3.95,3.95,3.95,3.96,31.54,13.3,27,27,73.5,-178,-271,331,-153,0,1001,0,0,1,-1,1,1,-1,-1,-1,-1,-1,-1,
2026-03-18,17:43:04.190,7.94,97,98,98,-0.002,45.75,52,0,7.76,-0.337,1.004,-0.22,62,0,142.98,-14.98,10,0.00,3.95,3.96,3.94,3.95,3.95,3.95,3.95,3.96,31.54,13.3,27,27,74.1,-71,-283,332,0,0,1001,0,0,1,-1,1,1,-1,-1,-1,-1,-1,-1,
2026-03-18,17:43:04.450,7.94,97,98,97,-0.025,46.90,53,0,7.76,-0.361,1.171,1.80,61,0,144.62,-16.85,10,0.00,3.95,3.96,3.94,3.95,3.95,3.95,3.95,3.96,31.55,14.3,27,27,75.6,-50,-281,332,-6,0,1001,0,0,1,-1,1,1,-1,-1,-1,-1,-1,-1,
2026-03-18,17:43:04.710,7.94,95,97,97,-0.033,47.25,54,0,7.76,-0.339,1.116,1.50,60,0,155.98,-18.68,10,0.00,3.95,3.96,3.94,3.95,3.95,3.95,3.95,3.96,31.55,14.3,27,27,76.3,-53,-255,333,-77,0,1001,0,0,1,-1,1,1,-1,-1,-1,-1,-1,-1,
2026-03-18,17:43:04.980,7.93,95,97,97,0.011,47.49,53,0,7.76,-0.368,1.367,1.29,58,0,160.49,-19.81,10,0.00,3.95,3.96,3.94,3.95,3.95,3.95,3.94,3.95,31.58,14.4,27,27,79.6,-154,-278,336,-220,0,1000,0,0,1,-1,1,1,-1,-1,-1,-1,-1,-1,
2026-03-18,17:43:05.240,7.93,94,98,98,0.017,46.99,51,0,7.73,-0.300,1.160,-0.38,52,0,155.92,-19.55,10,0.00,3.94,3.95,3.94,3.95,3.95,3.95,3.94,3.95,31.59,14.6,27,27,81.5,-116,-363,346,-61,0,1001,0,0,1,-1,1,1,-1,-1,-1,-1,-1,-1,
2026-03-18,17:43:05.510,7.94,96,96,96,0.037,46.82,50,0,7.75,-0.346,1.363,-0.86,47,0,149.90,-20.57,10,0.00,3.94,3.95,3.94,3.95,3.95,3.95,3.94,3.95,31.59,14.6,27,27,82.4,-85,-373,392,-7,0,1001,0,0,1,-1,1,1,-1,-1,-1,-1,-1,-1,
2026-03-18,17:43:05.770,7.94,98,98,96,0.007,46.78,52,0,7.75,-0.435,1.463,-0.38,44,0,144.75,-23.94,10,0.00,3.94,3.95,3.94,3.95,3.94,3.94,3.94,3.95,31.55,16.1,27,27,82.4,-50,-379,430,-5,0,1001,0,0,1,-1,1,1,-1,-1,-1,-1,-1,-1,
2026-03-18,17:43:06.030,7.94,100,100,93,0.023,47.13,52,0,7.76,-0.435,1.358,0.47,46,0,142.73,-25.08,10,0.00,3.94,3.95,3.94,3.95,3.94,3.94,3.94,3.95,31.55,16.1,27,27,80.7,-40,-311,433,-118,0,1001,0,0,1,-1,1,1,-1,-1,-1,-1,-1,-1,
2026-03-18,17:43:06.290,7.93,100,100,90,0.016,47.83,52,0,7.76,-0.426,1.296,1.53,45,0,139.48,-26.83,10,0.00,3.94,3.95,3.94,3.95,3.94,3.94,3.93,3.95,31.53,18.2,27,27,78.9,-48,-234,448,-228,0,1001,0,0,1,-1,1,1,-1,-1,-1,-1,-1,-1,
2026-03-18,17:43:06.550,7.93,100,100,90,-0.003,48.54,53,0,7.76,-0.392,1.162,2.13,45,0,133.81,-26.42,10,0.00,3.93,3.94,3.94,3.95,3.94,3.94,3.93,3.95,31.53,18.2,27,27,79.3,0,-373,477,-88,0,1001,0,0,1,-1,1,1,-1,-1,-1,-1,-1,-1,
2026-03-18,17:43:06.830,7.93,99,99,90,-0.012,49.30,53,0,7.74,-0.460,1.374,2.54,46,0,132.63,-27.11,10,0.00,3.93,3.94,3.92,3.93,3.94,3.94,3.93,3.95,31.47,19.6,27,27,80.0,0,-320,479,-158,0,1001,0,0,1,-1,1,1,-1,-1,-1,-1,-1,-1,
2026-03-18,17:43:07.090,7.93,96,96,90,-0.003,50.10,50,0,7.75,-0.452,1.322,2.54,49,0,134.78,-28.52,10,0.00,3.93,3.94,3.92,3.93,3.92,3.92,3.93,3.95,31.47,19.6,27,27,78.7,0,-212,479,-243,0,1001,0,0,1,-1,1,1,-1,-1,-1,-1,-1,-1,
2026-03-18,17:43:07.350,7.93,95,95,89,0.002,50.89,48,0,7.76,-0.428,1.163,2.77,49,0,133.30,-27.76,10,0.00,3.93,3.94,3.92,3.93,3.92,3.92,3.91,3.92,31.41,20.4,27,27,79.6,0,-108,478,-178,0,1000,0,0,1,-1,1,1,-1,-1,-1,-1,-1,-1,
2026-03-18,17:43:07.620,7.94,96,96,89,-0.023,51.98,49,0,7.76,-0.350,0.872,2.01,49,0,127.55,-24.77,10,0.00,3.90,3.92,3.92,3.93,3.92,3.92,3.91,3.92,31.41,20.4,27,27,79.3,0,-141,482,-81,0,1001,0,0,1,-1,1,1,-1,-1,-1,-1,-1,-1,
2026-03-18,17:43:07.890,7.94,99,99,89,-0.031,52.57,50,0,7.76,-0.345,0.872,2.06,51,0,133.54,-22.60,10,0.00,3.90,3.92,3.90,3.91,3.92,3.92,3.91,3.92,31.37,20.1,27,27,79.3,0,-255,481,-34,0,1001,0,0,1,-1,1,1,-1,-1,-1,-1,-1,-1,
2026-03-18,17:43:08.160,7.94,100,100,88,-0.019,53.06,50,0,7.76,-0.344,0.965,1.93,54,0,137.03,-22.49,10,0.00,3.90,3.92,3.90,3.91,3.90,3.90,3.91,3.92,31.37,20.1,27,27,79.3,0,-334,481,0,0,1001,0,0,1,-1,1,1,-1,-1,-1,-1,-1,-1,
2026-03-18,17:43:08.430,7.94,98,98,88,0.002,53.15,48,0,7.76,-0.452,1.365,1.10,57,0,140.87,-25.82,10,0.00,3.90,3.92,3.90,3.91,3.90,3.90,3.91,3.92,31.34,20.4,27,27,80.7,4,-215,481,0,0,1001,0,0,1,-1,1,1,-1,-1,-1,-1,-1,-1,
2026-03-18,17:43:08.700,7.94,94,94,89,0.024,53.19,46,0,7.76,-0.379,1.113,0.37,59,0,142.37,-24.98,10,0.00,3.90,3.92,3.90,3.91,3.90,3.90,3.89,3.91,31.34,20.4,27,27,78.9,16,-213,488,-29,0,1001,0,0,1,-1,1,1,-1,-1,-1,-1,-1,-1,
2026-03-18,17:43:08.970,7.94,94,94,89,0.023,53.19,46,0,7.76,-0.384,1.196,0.18,60,0,140.75,-24.68,10,0.00,3.89,3.91,3.90,3.91,3.90,3.90,3.89,3.91,31.31,20.7,27,27,82.6,23,-196,489,0,0,1001,0,0,1,-1,1,1,-1,-1,-1,-1,-1,-1,
2026-03-18,17:43:09.250,7.94,96,96,89,-0.031,53.03,47,0,7.76,-0.302,1.030,-0.25,62,0,140.56,-23.78,10,0.00,3.89,3.91,3.89,3.90,3.90,3.90,3.89,3.91,31.29,21.3,27,27,86.3,29,-257,489,23,0,1001,0,0,1,-1,1,1,-1,-1,-1,-1,-1,-1,
2026-03-18,17:43:09.520,7.93,99,99,91,-0.019,53.04,48,0,7.76,-0.388,1.440,0.04,63,0,141.87,-23.73,10,0.00,3.89,3.91,3.89,3.90,3.90,3.90,3.89,3.91,31.29,21.3,27,27,89.6,0,-307,426,62,0,1001,0,0,1,-1,1,1,-1,-1,-1,-1,-1,-1,
2026-03-18,17:43:09.780,7.94,98,98,90,-0.022,52.49,49,0,7.76,-0.367,1.518,-0.90,64,0,142.65,-26.74,10,0.00,3.89,3.91,3.89,3.90,3.90,3.90,3.89,3.91,31.32,20.2,27,27,90.4,0,-257,427,-47,0,1001,0,0,1,-1,1,1,-1,-1,-1,-1,-1,-1,
2026-03-18,17:43:10.040,7.94,98,98,93,-0.007,52.51,46,0,7.76,-0.308,1.335,-0.27,66,0,143.94,-27.64,10,0.00,3.90,3.91,3.89,3.90,3.90,3.90,3.89,3.91,31.32,20.2,27,27,90.6,0,-277,406,-102,0,1001,0,0,1,-1,1,1,-1,-1,-1,-1,-1,-1,
2026-03-18,17:43:10.310,7.94,98,98,96,-0.043,52.81,46,0,7.76,-0.279,1.168,0.44,67,0,143.16,-28.35,10,0.00,3.90,3.91,3.91,3.91,3.90,3.90,3.89,3.91,31.38,18.0,27,27,90.2,0,-117,305,-203,0,1001,0,0,1,-1,1,1,-1,-1,-1,-1,-1,-1,
2026-03-18,17:43:10.570,7.94,99,99,96,-0.036,53.33,48,0,7.76,-0.212,0.994,1.20,68,0,147.46,-28.41,10,0.00,3.90,3.91,3.91,3.91,3.92,3.92,3.89,3.91,31.38,18.0,27,27,90.2,0,-166,286,-183,0,1001,0,0,1,-1,1,1,-1,-1,-1,-1,-1,-1,
2026-03-18,17:43:10.830,7.93,100,100,97,-0.033,54.12,51,0,7.76,-0.215,0.993,2.09,68,0,149.10,-27.45,10,0.00,3.90,3.91,3.91,3.91,3.92,3.92,3.89,3.91,31.45,13.8,27,27,84.6,0,-233,278,-132,0,1001,0,0,1,-1,1,1,-1,-1,-1,-1,-1,-1,
2026-03-18,17:43:11.090,7.93,100,100,97,-0.025,54.50,53,0,7.76,-0.264,1.180,1.91,68,0,152.29,-26.35,10,0.00,3.90,3.91,3.91,3.91,3.92,3.92,3.93,3.94,31.45,13.8,27,27,82.8,0,-251,277,-191,0,1001,0,0,1,-1,1,1,-1,-1,-1,-1,-1,-1,
2026-03-18,17:43:11.360,7.93,100,100,98,-0.004,54.49,54,0,7.76,-0.259,1.156,0.80,67,0,151.69,-26.50,10,0.00,3.93,3.95,3.91,3.91,3.92,3.92,3.93,3.94,31.51,13.2,27,27,81.9,0,-296,279,-237,0,1001,0,0,1,-1,1,1,-1,-1,-1,-1,-1,-1,
2026-03-18,17:43:11.620,7.93,99,99,98,-0.021,54.31,54,0,7.76,-0.252,1.126,-0.11,66,0,149.24,-26.76,10,0.00,3.93,3.95,3.94,3.95,3.92,3.92,3.93,3.94,31.51,13.2,27,27,82.6,-74,-340,279,-249,0,1001,0,0,1,-1,1,1,-1,-1,-1,-1,-1,-1,
2026-03-18,17:43:11.880,7.94,99,99,98,-0.035,54.30,53,0,7.76,-0.341,1.452,-0.15,65,0,146.60,-29.92,10,0.00,3.93,3.95,3.94,3.95,3.95,3.95,3.93,3.94,31.56,13.2,27,27,81.7,-102,-406,278,-168,0,1001,0,0,1,-1,1,1,-1,-1,-1,-1,-1,-1,
2026-03-18,17:43:12.140,7.94,99,99,99,-0.053,54.34,52,0,7.76,-0.351,1.444,0.02,65,0,146.10,-32.03,10,0.00,3.93,3.95,3.94,3.95,3.95,3.95,3.95,3.96,31.56,13.2,27,27,80.2,-104,-390,278,-156,0,1001,0,0,1,-1,1,1,-1,-1,-1,-1,-1,-1,
2026-03-18,17:43:12.420,7.94,100,100,99,-0.023,54.66,51,0,7.76,-0.364,1.416,0.57,68,0,154.10,-34.32,10,0.00,3.95,3.96,3.94,3.95,3.95,3.95,3.95,3.96,31.60,13.1,27,27,78.9,-118,-300,277,-320,0,1001,0,0,1,-1,1,1,-1,-1,-1,-1,-1,-1,
2026-03-18,17:43:12.680,7.93,99,99,99,0.025,54.77,50,0,7.76,-0.295,1.231,0.65,68,0,153.41,-33.55,10,0.00,3.95,3.96,3.95,3.96,3.95,3.95,3.95,3.96,31.60,13.1,27,27,77.2,-128,-317,278,-325,0,1001,0,0,1,-1,1,1,-1,-1,-1,-1,-1,-1,
2026-03-18,17:43:12.940,7.93,98,99,99,0.033,54.76,48,0,7.76,-0.331,1.151,0.12,66,0,138.14,-32.20,10,0.00,3.95,3.96,3.95,3.96,3.95,3.95,3.95,3.96,31.62,13.0,27,27,77.2,-133,-370,278,-247,0,1001,0,0,1,-1,1,1,-1,-1,-1,-1,-1,-1,
2026-03-18,17:43:13.210,7.94,92,98,98,-0.008,55.07,47,0,7.72,-0.357,1.245,0.65,62,0,126.18,-31.69,10,0.00,3.95,3.96,3.95,3.96,3.95,3.96,3.95,3.96,31.62,13.0,27,27,74.1,-92,-456,280,-40,0,1000,0,0,1,-1,1,1,-1,-1,-1,-1,-1,-1,
2026-03-18,17:43:13.470,7.93,93,98,98,-0.033,55.69,46,0,7.74,-0.411,1.357,1.44,61,0,125.52,-31.81,10,0.00,3.95,3.96,3.95,3.96,3.95,3.96,3.95,3.96,31.63,13.0,27,27,72.6,-97,-456,279,-39,0,1001,0,0,1,-1,1,1,-1,-1,-1,-1,-1,-1,
2026-03-18,17:43:13.730,7.94,85,99,99,0.002,56.18,44,0,7.75,-0.409,1.401,1.83,62,0,132.73,-29.84,10,0.00,3.95,3.96,3.95,3.96,3.95,3.96,3.95,3.96,31.63,12.9,27,27,73.5,-99,-445,279,-56,0,1001,0,0,1,-1,1,1,-1,-1,-1,-1,-1,-1,
2026-03-18,17:43:14.000,7.94,81,99,99,0.030,56.08,41,0,7.75,-0.380,1.326,0.69,63,0,133.39,-27.43,10,0.00,3.95,3.96,3.95,3.96,3.95,3.96,3.95,3.96,31.63,12.9,27,27,73.5,-114,-366,278,-219,0,1001,0,0,1,-1,1,1,-1,-1,-1,-1,-1,-1,
2026-03-18,17:43:14.260,7.94,79,99,99,0.028,55.80,41,0,7.76,-0.354,1.183,-0.40,60,0,121.34,-22.70,10,0.00,3.95,3.96,3.95,3.96,3.95,3.95,3.95,3.96,31.65,13.1,27,27,73.0,-112,-407,278,-221,0,1001,0,0,1,-1,1,1,-1,-1,-1,-1,-1,-1,
2026-03-18,17:43:14.520,7.94,88,98,98,-0.018,55.68,44,0,7.76,-0.384,1.302,-0.53,54,0,112.37,-18.99,10,0.00,3.95,3.96,3.95,3.96,3.95,3.95,3.95,3.96,31.65,13.1,27,27,74.3,-111,-469,278,-135,0,1000,0,0,1,-1,1,1,-1,-1,-1,-1,-1,-1,
2026-03-18,17:43:14.790,7.94,96,98,98,-0.018,55.90,45,0,7.76,-0.387,1.328,0.12,49,0,111.46,-17.38,10,0.00,3.95,3.96,3.95,3.96,3.95,3.95,3.95,3.96,31.66,13.0,27,27,74.3,-100,-452,279,-124,0,1001,0,0,1,-1,1,1,-1,-1,-1,-1,-1,-1,
2026-03-18,17:43:15.050,7.94,100,100,97,0.027,56.03,47,0,7.76,-0.415,1.452,0.51,51,0,116.59,-13.53,10,0.00,3.95,3.96,3.95,3.96,3.95,3.95,3.95,3.96,31.66,13.0,27,27,74.3,-103,-408,279,-181,0,1001,0,0,1,-1,1,1,-1,-1,-1,-1,-1,-1,
2026-03-18,17:43:15.330,7.94,100,100,97,0.029,55.76,49,0,7.76,-0.401,1.414,-0.21,53,0,115.84,-10.84,10,0.00,3.95,3.96,3.95,3.96,3.95,3.95,3.95,3.96,31.68,13.0,27,27,74.8,-102,-412,278,-176,0,1001,0,0,1,-1,1,1,-1,-1,-1,-1,-1,-1,
2026-03-18,17:43:15.590,7.94,97,97,97,-0.005,54.46,50,0,7.76,-0.344,1.349,-1.34,55,0,110.31,-5.39,10,0.00,3.95,3.96,3.95,3.96,3.95,3.95,3.95,3.96,31.68,13.0,27,27,76.7,-103,-423,278,-158,0,1001,0,0,1,-1,1,1,-1,-1,-1,-1,-1,-1,
2026-03-18,17:43:15.850,7.94,97,97,97,-0.010,54.46,50,0,7.76,-0.331,1.361,-2.61,59,0,106.45,-0.80,10,0.00,3.95,3.96,3.95,3.96,3.95,3.95,3.95,3.96,31.69,13.3,27,27,82.8,-99,-461,279,0,0,1001,0,0,1,-1,1,1,-1,-1,-1,-1,-1,-1,
2026-03-18,17:43:16.110,7.93,97,97,97,-0.075,53.22,50,0,7.76,-0.122,0.812,-2.04,62,0,106.25,1.17,10,0.00,3.95,3.96,3.95,3.96,3.95,3.95,3.95,3.96,31.69,13.3,27,27,84.6,-75,-475,279,0,0,1001,0,0,1,-1,1,1,-1,-1,-1,-1,-1,-1,
2026-03-18,17:43:16.380,7.94,100,100,97,-0.002,52.51,51,0,7.73,-0.444,1.842,-2.05,63,0,116.64,0.96,10,0.00,3.95,3.96,3.95,3.96,3.95,3.95,3.95,3.96,31.70,13.3,27,27,82.8,-49,-488,279,108,0,1001,0,0,1,-1,1,1,-1,-1,-1,-1,-1,-1,
2026-03-18,17:43:16.640,7.94,99,99,97,0.013,52.51,53,0,7.73,-0.387,1.794,-3.51,67,0,119.46,2.17,10,0.00,3.95,3.96,3.95,3.96,3.96,3.96,3.95,3.96,31.70,13.3,27,27,86.1,-30,-354,279,0,0,1001,0,0,1,-1,1,1,-1,-1,-1,-1,-1,-1,
2026-03-18,17:43:16.920,7.94,98,98,97,0.038,49.74,54,0,7.75,-0.369,1.402,-4.58,70,0,117.67,4.81,10,0.00,3.95,3.96,3.95,3.96,3.96,3.96,3.96,3.97,31.72,13.2,27,27,78.0,-22,-371,278,4,0,1001,0,0,1,-1,1,1,-1,-1,-1,-1,-1,-1,
2026-03-18,17:43:17.190,7.93,97,98,98,-0.002,49.19,54,0,7.75,-0.268,1.449,-3.15,72,0,117.88,6.92,10,0.00,3.95,3.97,3.95,3.96,3.96,3.96,3.96,3.97,31.72,12.8,27,27,86.9,0,-383,279,38,0,1001,0,0,1,-1,1,1,-1,-1,-1,-1,-1,-1,
2026-03-18,17:43:17.460,7.94,98,98,98,0.016,48.31,53,0,7.70,-0.355,1.691,-2.74,73,0,118.76,6.97,10,0.00,3.95,3.97,3.96,3.96,3.96,3.96,3.96,3.97,31.74,12.8,27,27,88.0,0,-437,280,143,0,1000,0,0,1,-1,1,1,-1,-1,-1,-1,-1,-1,
2026-03-18,17:43:17.720,7.93,99,99,98,-0.020,46.99,55,0,7.73,-0.353,1.835,-3.77,74,0,121.90,5.73,10,0.00,3.95,3.97,3.96,3.96,3.96,3.96,3.96,3.97,31.74,12.9,27,27,88.0,128,-327,281,254,0,1001,0,0,1,-1,1,1,-1,-1,-1,-1,-1,-1,
2026-03-18,17:43:17.980,7.94,100,100,98,-0.114,45.63,57,0,7.70,-0.146,1.503,-4.32,73,0,124.97,4.70,10,0.00,3.95,3.97,3.96,3.96,3.96,3.96,3.96,3.97,31.75,12.9,27,27,93.0,145,-274,281,295,0,1001,0,0,1,-1,1,1,-1,-1,-1,-1,-1,-1,
2026-03-18,17:43:18.260,7.93,100,100,97,-0.162,44.56,55,0,7.73,-0.138,1.046,-3.70,68,0,146.55,4.32,10,0.00,3.95,3.97,3.96,3.96,3.96,3.96,3.96,3.97,31.75,12.8,27,27,100.6,139,-271,280,207,0,1001,0,0,1,-1,1,1,-1,-1,-1,-1,-1,-1,
2026-03-18,17:43:18.520,7.94,100,100,98,-0.040,43.66,55,0,7.75,-0.251,1.620,-2.21,61,0,159.29,1.55,10,0.00,3.96,3.97,3.96,3.96,3.96,3.96,3.96,3.97,31.78,12.8,27,27,98.9,72,-237,280,32,0,1001,0,0,1,-1,1,1,-1,-1,-1,-1,-1,-1,
2026-03-18,17:43:18.790,7.94,100,100,98,0.010,42.25,58,0,7.73,-0.165,1.333,-4.04,52,0,160.65,1.44,10,0.00,3.96,3.97,3.96,3.97,3.96,3.96,3.96,3.97,31.80,12.5,27,27,96.5,0,-236,280,51,0,1001,0,0,1,-1,1,1,-1,-1,-1,-1,-1,-1,
2026-03-18,17:43:19.060,7.94,100,100,98,-0.025,41.52,60,0,7.74,-0.156,1.356,-3.40,50,0,160.20,0.29,10,0.00,3.96,3.97,3.96,3.97,3.97,3.97,3.96,3.97,31.80,12.5,27,27,96.5,61,-284,280,190,0,1001,0,0,1,-1,1,1,-1,-1,-1,-1,-1,-1,
2026-03-18,17:43:19.320,7.93,100,100,97,-0.037,41.15,59,0,7.75,-0.249,0.813,-2.21,48,0,163.38,-0.65,10,0.00,3.96,3.97,3.96,3.97,3.97,3.97,3.97,3.98,31.82,12.6,27,27,97.4,65,-195,279,198,0,1001,0,0,1,-1,1,1,-1,-1,-1,-1,-1,-1,
2026-03-18,17:43:19.590,7.94,100,100,97,-0.015,40.97,57,0,7.76,-0.176,1.301,-0.96,50,0,173.20,-5.14,10,0.00,3.97,3.98,3.96,3.97,3.97,3.97,3.97,3.98,31.82,12.6,27,27,96.3,55,-136,280,132,0,1001,0,0,1,-1,1,1,-1,-1,-1,-1,-1,-1,
2026-03-18,17:43:19.860,7.93,100,100,96,0.018,40.39,57,0,7.76,-0.147,1.149,-1.66,52,0,175.93,-4.55,10,0.00,3.97,3.98,3.97,3.98,3.97,3.97,3.97,3.98,31.84,12.4,27,27,93.2,40,0,280,0,0,1001,0,0,1,-1,1,1,-1,-1,-1,-1,-1,-1,
2026-03-18,17:43:20.120,7.93,100,100,95,0.013,40.31,56,0,7.76,-0.118,0.958,-1.66,52,0,173.77,-4.30,10,0.00,3.97,3.98,3.97,3.98,3.97,3.97,3.97,3.98,31.84,12.4,27,27,93.2,148,-37,280,189,0,1001,0,0,1,-1,1,1,-1,-1,-1,-1,-1,-1,
2026-03-18,17:43:20.380,7.94,99,99,95,-0.041,40.62,52,0,7.76,-0.124,0.931,0.12,53,0,177.93,-3.57,10,0.00,3.97,3.98,3.97,3.98,3.97,3.97,3.97,3.98,31.84,12.6,27,27,91.9,146,-121,280,147,0,1001,0,0,1,-1,1,1,-1,-1,-1,-1,-1,-1,
2026-03-18,17:43:20.650,7.93,98,98,95,-0.009,40.95,50,0,7.76,-0.157,1.022,0.89,55,0,-167.98,-4.24,10,0.00,3.97,3.98,3.97,3.98,3.97,3.97,3.97,3.98,31.84,12.6,27,27,92.0,65,-88,279,0,0,1001,0,0,1,-1,1,1,-1,-1,-1,-1,-1,-1,
2026-03-18,17:43:20.910,7.94,97,97,95,-0.009,40.89,50,0,7.76,-0.157,1.341,0.68,56,0,-173.44,-5.82,10,0.00,3.97,3.98,3.97,3.98,3.97,3.97,3.97,3.98,31.85,12.8,27,27,93.5,103,-51,280,0,0,1001,0,0,1,-1,1,1,-1,-1,-1,-1,-1,-1,
2026-03-18,17:43:21.170,7.94,98,98,95,0.077,40.89,50,0,7.76,-0.108,0.799,0.05,57,0,-178.97,-4.06,10,0.00,3.97,3.98,3.97,3.98,3.97,3.97,3.97,3.98,31.85,12.8,27,27,89.5,107,-48,280,110,0,1001,0,0,1,-1,1,1,-1,-1,-1,-1,-1,-1,
2026-03-18,17:43:21.430,7.93,99,99,95,0.017,41.14,51,0,7.76,-0.140,0.929,0.56,56,0,-178.97,-4.06,10,0.00,3.97,3.98,3.97,3.98,3.97,3.97,3.97,3.98,31.84,13.0,27,27,88.3,154,-39,279,272,0,1001,0,0,1,-1,1,1,-1,-1,-1,-1,-1,-1,
2026-03-18,17:43:21.700,7.93,100,100,94,-0.080,41.63,52,0,7.76,-0.146,0.923,1.24,56,0,-172.43,-3.06,10,0.00,3.97,3.98,3.97,3.98,3.97,3.97,3.97,3.98,31.84,13.0,27,27,90.6,168,-153,280,262,0,1001,0,0,1,-1,1,1,-1,-1,-1,-1,-1,-1,
2026-03-18,17:43:21.980,7.94,98,98,94,-0.050,41.85,52,0,7.76,-0.199,1.160,1.20,59,0,-165.59,-3.54,10,0.00,3.97,3.98,3.97,3.98,3.97,3.97,3.97,3.98,31.84,13.3,27,27,89.6,51,-170,280,0,0,1001,0,0,1,-1,1,1,-1,-1,-1,-1,-1,-1,
2026-03-18,17:43:22.240,7.93,98,98,95,0.059,41.80,50,0,7.74,-0.210,1.264,0.34,61,0,-156.29,-5.12,10,0.00,3.97,3.98,3.97,3.97,3.97,3.97,3.97,3.98,31.84,13.0,27,27,89.6,-3,-150,278,-56,0,1001,0,0,1,-1,1,1,-1,-1,-1,-1,-1,-1,
2026-03-18,17:43:22.510,7.94,96,96,95,0.023,41.53,48,0,7.75,-0.167,1.156,-0.40,62,0,-161.07,-5.58,10,0.00,3.97,3.98,3.97,3.97,3.97,3.97,3.97,3.98,31.85,13.0,27,27,90.4,0,-162,280,-21,0,1001,0,0,1,-1,1,1,-1,-1,-1,-1,-1,-1,
2026-03-18,17:43:22.770,7.94,92,95,95,0.040,41.70,44,0,7.76,-0.167,1.108,0.03,62,0,-161.07,-5.58,10,0.00,3.97,3.98,3.97,3.97,3.97,3.97,3.97,3.98,31.84,13.0,27,27,87.4,0,-129,278,0,0,1001,0,0,1,-1,1,1,-1,-1,-1,-1,-1,-1,
2026-03-18,17:43:23.030,7.94,92,96,95,0.062,41.69,43,0,7.76,-0.196,1.111,0.06,62,0,-167.88,-7.14,10,0.00,3.97,3.98,3.97,3.97,3.97,3.97,3.97,3.98,31.84,13.0,27,27,85.0,0,-122,278,0,0,1001,0,0,1,-1,1,1,-1,-1,-1,-1,-1,-1,
2026-03-18,17:43:23.290,7.94,91,97,97,0.031,41.71,42,0,7.76,-0.208,1.111,0.07,62,0,-172.50,-7.12,10,0.00,3.96,3.98,3.97,3.97,3.97,3.97,3.97,3.98,31.83,12.8,27,27,87.0,0,-117,278,0,0,1001,0,0,1,-1,1,1,-1,-1,-1,-1,-1,-1,
2026-03-18,17:43:23.570,7.94,94,96,96,0.036,41.84,42,0,7.76,-0.193,1.007,0.07,61,0,-172.29,-6.97,10,0.00,3.96,3.98,3.96,3.97,3.97,3.97,3.97,3.98,31.83,12.8,27,27,83.7,-25,-38,278,-83,0,1001,0,0,1,-1,1,1,-1,-1,-1,-1,-1,-1,
2026-03-18,17:43:23.830,7.93,95,97,97,-0.014,42.92,43,0,7.73,-0.172,0.840,1.33,62,0,-171.17,-8.09,10,0.00,3.96,3.98,3.96,3.97,3.97,3.97,3.97,3.98,31.83,13.1,27,27,85.4,0,-227,279,0,0,1001,0,0,1,-1,1,1,-1,-1,-1,-1,-1,-1,
2026-03-18,17:43:24.090,7.94,97,98,98,0.028,43.15,45,0,7.75,-0.205,1.106,1.48,62,0,-170.91,-10.22,10,0.00,3.96,3.98,3.96,3.97,3.97,3.97,3.97,3.97,31.83,13.1,27,27,86.1,0,-163,279,0,0,1001,0,0,1,-1,1,1,-1,-1,-1,-1,-1,-1,
2026-03-18,17:43:24.360,7.93,100,100,98,0.028,42.72,47,0,7.75,-0.224,1.056,-0.34,62,0,-173.75,-13.22,10,0.00,3.96,3.98,3.96,3.97,3.97,3.97,3.97,3.97,31.82,13.0,27,27,86.1,0,-116,279,0,0,1001,0,0,1,-1,1,1,-1,-1,-1,-1,-1,-1,
2026-03-18,17:43:24.620,7.94,99,99,98,0.034,42.81,48,0,7.76,-0.213,1.012,-0.24,61,0,-175.65,-13.45,10,0.00,3.96,3.98,3.96,3.97,3.97,3.97,3.97,3.97,31.82,13.0,27,27,83.5,0,-148,278,0,0,1001,0,0,1,-1,1,1,-1,-1,-1,-1,-1,-1,
2026-03-18,17:43:24.890,7.93,98,98,98,0.004,43.08,48,0,7.76,-0.182,0.768,0.46,61,0,-177.05,-13.83,10,0.00,3.96,3.98,3.96,3.97,3.97,3.97,3.97,3.97,31.81,12.9,27,27,82.6,26,-135,279,90,0,1001,0,0,1,-1,1,1,-1,-1,-1,-1,-1,-1,
2026-03-18,17:43:25.150,7.94,98,98,97,0.024,43.49,49,0,7.76,-0.281,1.106,1.17,60,0,-173.78,-15.43,10,0.00,3.96,3.98,3.96,3.97,3.96,3.97,3.97,3.97,31.81,12.9,27,27,78.0,57,-161,280,118,0,1001,0,0,1,-1,1,1,-1,-1,-1,-1,-1,-1,
2026-03-18,17:43:25.420,7.93,99,99,97,0.033,43.47,51,0,7.76,-0.224,0.888,0.51,59,0,-172.24,-14.57,10,0.00,3.96,3.98,3.96,3.97,3.96,3.97,3.96,3.97,31.81,13.2,27,27,78.2,12,-166,280,0,0,1001,0,0,1,-1,1,1,-1,-1,-1,-1,-1,-1,
2026-03-18,17:43:25.690,7.94,100,100,98,0.056,43.53,51,0,7.76,-0.275,1.014,0.26,58,0,-172.60,-15.16,10,0.00,3.96,3.97,3.96,3.97,3.96,3.97,3.96,3.97,31.81,13.2,27,27,75.0,0,-173,278,0,0,1001,0,0,1,-1,1,1,-1,-1,-1,-1,-1,-1,
2026-03-18,17:43:25.950,7.93,100,100,98,-0.014,43.37,51,0,7.76,-0.277,1.006,-0.09,57,0,-173.97,-14.84,10,0.00,3.96,3.97,3.96,3.96,3.96,3.97,3.96,3.97,31.80,13.3,27,27,76.5,0,-182,279,0,0,1001,0,0,1,-1,1,1,-1,-1,-1,-1,-1,-1,
2026-03-18,17:43:26.220,7.93,100,100,98,0.090,43.72,51,0,7.76,-0.234,0.751,0.37,56,0,-169.32,-13.34,10,0.00,3.96,3.97,3.96,3.96,3.96,3.96,3.96,3.97,31.80,12.8,27,27,71.3,0,-185,280,0,0,1001,0,0,1,-1,1,1,-1,-1,-1,-1,-1,-1,
2026-03-18,17:43:26.480,7.94,100,100,98,0.099,43.84,50,0,7.76,-0.247,0.906,0.61,56,0,-173.14,-13.02,10,0.00,3.96,3.97,3.96,3.96,3.96,3.96,3.95,3.97,31.79,12.8,27,27,71.3,39,-215,279,52,0,1000,0,0,1,-1,1,1,-1,-1,-1,-1,-1,-1,
2026-03-18,17:43:26.750,7.94,100,100,98,0.084,43.22,50,0,7.76,-0.166,0.982,-1.07,56,0,-174.51,-14.40,10,0.00,3.95,3.96,3.96,3.96,3.96,3.96,3.95,3.97,31.78,13.1,27,27,78.7,38,-218,279,27,0,1001,0,0,1,-1,1,1,-1,-1,-1,-1,-1,-1,
2026-03-18,17:43:27.030,7.93,100,100,97,-0.001,43.45,49,0,7.76,-0.274,1.308,-0.21,56,0,-173.41,-15.17,10,0.00,3.95,3.96,3.96,3.96,3.96,3.96,3.95,3.97,31.78,13.1,27,27,81.7,129,-260,281,193,0,1001,0,0,1,-1,1,1,-1,-1,-1,-1,-1,-1,
2026-03-18,17:43:27.290,7.94,98,98,97,0.010,43.87,47,0,7.71,-0.174,1.038,0.88,55,0,-167.74,-14.27,10,0.00,3.95,3.96,3.95,3.96,3.96,3.96,3.95,3.97,31.78,13.1,27,27,88.0,207,-290,282,238,0,1001,0,0,1,-1,1,1,-1,-1,-1,-1,-1,-1,
2026-03-18,17:43:27.550,7.93,90,98,98,0.057,44.07,45,0,7.73,-0.302,1.157,0.94,54,0,-161.34,-16.80,10,0.00,3.95,3.96,3.95,3.96,3.96,3.96,3.95,3.97,31.78,13.1,27,27,82.0,180,-324,282,198,0,1000,0,0,1,-1,1,1,-1,-1,-1,-1,-1,-1,
2026-03-18,17:43:27.820,7.94,85,98,98,0.017,44.07,41,0,7.74,-0.330,1.387,1.35,47,0,-157.01,-16.52,10,0.00,3.95,3.96,3.95,3.96,3.96,3.96,3.96,3.97,31.78,13.1,27,27,82.0,175,-300,281,221,0,1001,0,0,1,-1,1,1,-1,-1,-1,-1,-1,-1,
2026-03-18,17:43:28.080,7.94,79,97,97,0.017,45.56,41,0,7.75,-0.266,1.098,2.49,43,0,-145.53,-15.11,10,0.00,3.95,3.97,3.95,3.96,3.96,3.96,3.96,3.97,31.78,13.1,27,27,79.6,88,-378,280,48,0,1001,0,0,1,-1,1,1,-1,-1,-1,-1,-1,-1,
2026-03-18,17:43:28.340,7.94,75,96,96,0.081,45.97,40,0,7.76,-0.186,1.022,1.98,45,0,-141.21,-17.75,10,0.00,3.95,3.97,3.95,3.96,3.96,3.96,3.96,3.97,31.77,13.1,27,27,79.6,109,-400,281,66,0,1001,0,0,1,-1,1,1,-1,-1,-1,-1,-1,-1,
2026-03-18,17:43:28.600,7.93,69,96,96,0.060,46.28,39,0,7.76,-0.186,1.361,1.41,44,0,-144.67,-20.57,10,0.00,3.95,3.97,3.95,3.96,3.96,3.96,3.96,3.97,31.77,13.1,27,27,81.1,99,-431,281,60,0,1001,0,0,1,-1,1,1,-1,-1,-1,-1,-1,-1,
2026-03-18,17:43:28.870,7.93,65,92,92,0.036,46.32,40,0,7.76,-0.340,1.438,0.72,41,0,-142.15,-23.66,10,0.00,3.95,3.97,3.95,3.96,3.96,3.96,3.96,3.96,31.76,13.2,27,27,81.1,76,-350,280,123,0,1001,0,0,1,-1,1,1,-1,-1,-1,-1,-1,-1,
2026-03-18,17:43:29.140,7.94,69,93,93,0.005,46.79,40,0,7.76,-0.310,1.524,1.03,42,0,-134.24,-23.37,10,0.00,3.95,3.97,3.95,3.96,3.96,3.96,3.96,3.96,31.76,13.2,27,27,79.6,116,-344,280,155,0,1001,0,0,1,-1,1,1,-1,-1,-1,-1,-1,-1,
2026-03-18,17:43:29.400,7.94,75,91,91,0.034,47.28,40,0,7.76,-0.301,1.138,1.48,42,0,-128.86,-22.04,10,0.00,3.95,3.97,3.95,3.96,3.96,3.96,3.96,3.96,31.75,13.3,27,27,77.4,93,-372,280,137,0,1001,0,0,1,-1,1,1,-1,-1,-1,-1,-1,-1,
2026-03-18,17:43:29.660,7.94,77,90,90,0.103,47.88,39,0,7.73,-0.269,1.216,1.79,43,0,-125.39,-21.66,10,0.00,3.95,3.97,3.95,3.96,3.96,3.96,3.96,3.96,31.75,13.3,27,27,75.4,68,-385,279,83,0,1001,0,0,1,-1,1,1,-1,-1,-1,-1,-1,-1,
2026-03-18,17:43:29.930,7.94,78,89,89,0.124,48.68,39,0,7.70,-0.374,1.459,1.32,43,0,-127.91,-22.30,10,0.00,3.95,3.97,3.95,3.96,3.95,3.96,3.96,3.96,31.73,13.1,27,27,76.9,31,-384,276,57,0,1001,0,0,1,-1,1,1,-1,-1,-1,-1,-1,-1,
2026-03-18,17:43:30.190,7.93,83,88,88,0.054,48.64,40,0,7.73,-0.288,1.214,0.54,42,0,-134.28,-19.84,10,0.00,3.95,3.97,3.95,3.96,3.95,3.96,3.95,3.96,31.73,13.1,27,27,77.4,14,-377,270,43,0,1001,0,0,1,-1,1,1,-1,-1,-1,-1,-1,-1,
2026-03-18,17:43:30.450,7.93,92,92,86,0.066,48.57,42,0,7.75,-0.315,1.395,-0.06,40,0,-132.18,-19.01,10,0.00,3.95,3.96,3.95,3.96,3.95,3.96,3.95,3.96,31.74,13.1,27,27,78.0,4,-374,270,35,0,1001,0,0,1,-1,1,1,-1,-1,-1,-1,-1,-1,
2026-03-18,17:43:30.720,7.93,98,98,86,0.044,48.32,43,0,7.73,-0.302,1.355,-0.45,42,0,-132.75,-17.08,10,0.00,3.95,3.96,3.95,3.96,3.95,3.96,3.95,3.96,31.74,12.9,27,27,81.7,0,-374,270,25,0,1001,0,0,1,-1,1,1,-1,-1,-1,-1,-1,-1,
2026-03-18,17:43:30.980,7.94,97,97,86,0.043,47.92,44,0,7.75,-0.336,1.532,-1.00,40,0,-133.88,-16.35,10,0.00,3.95,3.96,3.95,3.96,3.96,3.96,3.95,3.96,31.74,12.9,27,27,83.3,0,-355,269,22,0,1001,0,0,1,-1,1,1,-1,-1,-1,-1,-1,-1,
2026-03-18,17:43:31.240,7.94,96,96,86,0.014,47.50,44,0,7.75,-0.246,1.207,-1.43,43,0,-131.56,-15.79,10,0.00,3.95,3.96,3.95,3.96,3.96,3.96,3.95,3.96,31.74,12.9,27,27,83.3,0,-299,270,85,0,1001,0,0,1,-1,1,1,-1,-1,-1,-1,-1,-1,
2026-03-18,17:43:31.500,7.94,92,92,86,0.043,47.55,43,0,7.76,-0.216,1.227,-0.54,44,0,-131.56,-15.79,10,0.00,3.95,3.96,3.95,3.96,3.96,3.96,3.95,3.96,31.74,12.9,27,27,83.3,0,-301,270,102,0,1001,0,0,1,-1,1,1,-1,-1,-1,-1,-1,-1,
2026-03-18,17:43:31.760,7.93,86,86,86,0.049,47.53,41,0,7.76,-0.260,1.350,-0.54,46,0,-131.56,-15.79,10,0.00,3.95,3.97,3.95,3.96,3.96,3.96,3.95,3.96,31.75,12.9,27,27,85.4,0,-307,270,0,0,1001,0,0,1,-1,1,1,-1,-1,-1,-1,-1,-1,
2026-03-18,17:43:32.030,7.93,79,86,86,0.050,46.92,40,0,7.76,-0.248,1.267,-1.10,46,0,-129.07,-13.76,10,0.00,3.95,3.97,3.95,3.96,3.96,3.96,3.95,3.96,31.75,12.9,27,27,85.4,0,-279,269,0,0,1001,0,0,1,-1,1,1,-1,-1,-1,-1,-1,-1,
2026-03-18,17:43:32.290,7.94,77,87,87,0.084,46.42,42,0,7.76,-0.206,1.030,-1.72,47,0,-132.41,-12.99,10,0.00,3.95,3.97,3.95,3.96,3.96,3.96,3.95,3.96,31.75,12.9,27,27,83.7,0,-212,269,0,0,1001,0,0,1,-1,1,1,-1,-1,-1,-1,-1,-1,
2026-03-18,17:43:32.550,7.94,80,87,87,0.046,46.38,42,0,7.76,-0.221,1.267,-0.90,48,0,-136.87,-11.69,10,0.00,3.95,3.97,3.95,3.96,3.96,3.96,3.96,3.97,31.75,12.9,27,27,86.5,0,-188,268,0,0,1001,0,0,1,-1,1,1,-1,-1,-1,-1,-1,-1,
2026-03-18,17:43:32.810,7.94,84,91,91,0.019,46.01,42,0,7.76,-0.130,0.988,-0.90,50,0,-136.90,-10.41,10,0.00,3.96,3.97,3.95,3.96,3.96,3.96,3.96,3.97,31.76,12.8,27,27,86.5,0,-138,268,0,0,1001,0,0,1,-1,1,1,-1,-1,-1,-1,-1,-1,
2026-03-18,17:43:33.080,7.94,87,91,91,0.021,45.44,42,0,7.76,-0.149,0.990,-0.94,51,0,-140.13,-9.91,10,0.00,3.96,3.97,3.96,3.97,3.96,3.96,3.96,3.97,31.76,12.8,27,27,85.9,0,-46,268,0,0,1001,0,0,1,-1,1,1,-1,-1,-1,-1,-1,-1,
2026-03-18,17:43:33.340,7.94,85,92,92,-0.007,44.78,43,0,7.76,-0.164,0.904,-0.95,51,0,-144.02,-7.93,10,0.00,3.96,3.97,3.96,3.97,3.96,3.96,3.96,3.97,31.76,12.9,27,27,85.9,0,-78,211,-96,0,1001,0,0,1,-1,1,1,-1,-1,-1,-1,-1,-1,
2026-03-18,17:43:33.620,7.94,86,94,94,0.039,44.11,43,0,7.74,-0.022,0.998,-2.15,51,0,-145.60,-7.12,10,0.00,3.96,3.97,3.96,3.97,3.96,3.96,3.96,3.97,31.76,12.9,27,27,86.1,-10,-225,195,-322,0,1001,0,0,1,-1,1,1,-1,-1,-1,-1,-1,-1,
2026-03-18,17:43:33.880,7.94,92,94,94,0.026,43.61,45,0,7.72,-0.136,1.522,-1.86,51,0,-152.65,-8.09,10,0.00,3.96,3.97,3.96,3.97,3.96,3.96,3.96,3.97,31.80,12.9,27,27,92.0,-26,-321,207,-349,0,1001,0,0,1,-1,1,1,-1,-1,-1,-1,-1,-1,
2026-03-18,17:43:34.150,7.93,96,96,95,-0.050,42.56,47,0,7.73,-0.075,1.169,-1.86,53,0,-163.79,-12.60,10,0.00,3.96,3.97,3.96,3.97,3.96,3.96,3.96,3.97,31.80,12.9,27,27,96.5,-52,-79,209,-265,0,1000,0,0,1,-1,1,1,-1,-1,-1,-1,-1,-1,
2026-03-18,17:43:34.410,7.94,94,97,97,-0.067,42.56,50,0,7.74,-0.075,1.335,-2.71,55,0,-166.48,-14.96,10,0.00,3.96,3.97,3.96,3.97,3.96,3.96,3.96,3.97,31.84,10.1,27,27,97.0,-56,-2,205,-280,0,1001,0,0,1,-1,1,1,-1,-1,-1,-1,-1,-1,
2026-03-18,17:43:34.670,7.94,93,97,97,-0.053,41.17,50,0,7.75,-0.077,0.999,-2.51,55,0,-168.76,-11.93,10,0.00,3.96,3.97,3.96,3.97,3.97,3.98,3.96,3.97,31.84,10.1,27,27,94.8,-76,-112,205,-365,0,1000,0,0,1,-1,1,1,-1,-1,-1,-1,-1,-1,
2026-03-18,17:43:34.940,7.94,94,98,98,-0.050,40.57,51,0,7.74,-0.073,0.999,-2.24,56,0,-173.44,-11.62,10,0.00,3.96,3.97,3.96,3.97,3.97,3.98,3.98,3.99,31.86,10.1,27,27,92.6,-89,-144,205,-264,0,1001,0,0,1,-1,1,1,-1,-1,-1,-1,-1,-1,
2026-03-18,17:43:35.210,7.93,98,98,98,0.020,39.90,51,0,7.75,-0.069,1.069,-2.24,56,0,168.73,-14.13,10,0.00,3.97,3.99,3.96,3.97,3.97,3.98,3.98,3.99,31.86,10.1,27,27,95.4,-43,-118,205,-103,0,1001,0,0,1,-1,1,1,-1,-1,-1,-1,-1,-1,
2026-03-18,17:43:35.470,7.93,99,99,97,-0.008,38.93,51,0,7.76,-0.062,0.978,-2.77,55,0,167.78,-13.95,10,0.00,3.97,3.99,3.98,3.99,3.97,3.98,3.98,3.99,31.89,10.2,27,27,95.4,-29,-59,205,0,0,1001,0,0,1,-1,1,1,-1,-1,-1,-1,-1,-1,
2026-03-18,17:43:35.740,7.94,100,100,97,-0.015,38.93,51,0,7.73,-0.037,0.902,-3.58,56,0,168.51,-13.04,10,0.00,3.97,3.99,3.98,3.99,3.97,3.98,3.98,3.99,31.89,10.2,27,27,94.6,0,-179,205,109,0,1001,0,0,1,-1,1,1,-1,-1,-1,-1,-1,-1,
2026-03-18,17:43:36.010,7.93,100,100,98,0.026,37.21,51,0,7.75,-0.109,1.232,-2.55,56,0,171.78,-12.91,10,0.00,3.97,3.99,3.98,3.99,3.98,3.99,3.98,3.99,31.90,10.2,27,27,94.8,24,-172,204,174,0,1001,0,0,1,-1,1,1,-1,-1,-1,-1,-1,-1,
2026-03-18,17:43:36.280,7.93,100,100,98,0.022,35.67,51,0,7.76,-0.099,1.244,-2.55,58,0,173.49,-14.06,10,0.00,3.97,3.99,3.98,3.99,3.98,3.99,3.98,3.99,31.91,10.1,27,27,94.5,0,-61,200,0,0,1001,0,0,1,-1,1,1,-1,-1,-1,-1,-1,-1,
2026-03-18,17:43:36.550,7.94,100,100,98,-0.055,35.24,51,0,7.76,-0.071,1.080,-2.12,60,0,176.23,-14.13,10,0.00,3.98,3.99,3.98,3.99,3.98,3.99,3.98,3.99,31.91,10.1,27,27,92.2,0,9,178,0,0,1001,0,0,1,-1,1,1,-1,-1,-1,-1,-1,-1,
2026-03-18,17:43:36.820,7.94,100,100,98,-0.006,34.98,51,0,7.76,-0.061,1.049,-1.40,61,0,-154.03,-11.17,10,0.00,3.98,3.99,3.98,3.99,3.98,3.99,3.98,3.99,31.94,9.4,27,27,93.2,0,14,161,0,0,1001,0,0,1,-1,1,1,-1,-1,-1,-1,-1,-1,
2026-03-18,17:43:37.080,7.93,100,100,98,-0.011,34.69,51,0,7.76,0.013,0.746,-1.09,62,0,-178.00,-9.84,10,0.00,3.98,3.99,3.98,3.99,3.99,3.99,3.98,3.99,31.94,9.4,27,27,95.4,0,-71,140,-128,0,1001,0,0,1,-1,1,1,-1,-1,-1,-1,-1,-1,
2026-03-18,17:43:37.340,7.94,99,99,98,0.035,34.28,50,0,7.76,-0.039,1.054,-1.20,63,0,-4.50,-9.29,10,0.00,3.98,3.99,3.98,3.99,3.99,3.99,3.99,3.99,31.97,8.1,27,27,92.0,0,-142,140,-100,0,1001,0,0,1,-1,1,1,-1,-1,-1,-1,-1,-1,
2026-03-18,17:43:37.600,7.93,98,98,98,0.037,33.78,50,0,7.76,0.008,1.032,-1.53,64,0,174.86,-9.11,10,0.00,3.98,4.00,3.98,3.99,3.99,3.99,3.99,3.99,31.97,8.1,27,27,95.7,0,-120,141,-102,0,1000,0,0,1,-1,1,1,-1,-1,-1,-1,-1,-1,
2026-03-18,17:43:37.870,7.93,96,99,99,0.037,33.18,49,0,7.76,0.000,0.964,-1.78,65,0,170.90,-9.00,10,0.00,3.98,4.00,3.99,4.00,3.99,3.99,3.99,3.99,31.97,7.5,27,27,95.7,0,-51,176,0,0,1001,0,0,1,-1,1,1,-1,-1,-1,-1,-1,-1,
2026-03-18,17:43:38.130,7.93,95,99,99,-0.005,32.54,49,0,7.76,-0.045,0.905,-2.06,66,0,168.97,-9.16,10,0.00,3.98,4.00,3.99,4.00,3.99,3.99,3.99,3.99,31.97,7.5,27,27,95.7,0,-35,179,0,0,1001,0,0,1,-1,1,1,-1,-1,-1,-1,-1,-1,
2026-03-18,17:43:38.400,7.93,95,99,99,-0.050,32.00,48,0,7.76,-0.045,0.952,-2.09,67,0,173.69,-7.80,10,0.00,3.98,4.00,3.99,4.00,3.99,4.00,3.99,3.99,31.98,9.2,27,27,95.0,0,-73,178,50,0,1001,0,0,1,-1,1,1,-1,-1,-1,-1,-1,-1,
2026-03-18,17:43:38.670,7.93,97,99,99,0.008,30.89,49,0,7.76,-0.041,0.898,-1.98,68,0,178.75,-6.83,10,0.00,3.98,4.00,3.99,4.00,3.99,4.00,3.99,4.00,31.98,9.2,27,27,92.0,0,-114,179,0,0,1000,0,0,1,-1,1,1,-1,-1,-1,-1,-1,-1,
2026-03-18,17:43:38.940,7.94,98,99,99,0.002,30.16,49,0,7.76,-0.089,0.947,-2.38,69,0,178.37,-7.28,10,0.00,3.99,4.00,3.99,4.00,3.99,4.00,3.99,4.00,31.99,9.4,27,27,90.4,0,-99,178,0,0,1001,0,0,1,-1,1,1,-1,-1,-1,-1,-1,-1,
2026-03-18,17:43:39.200,7.93,98,99,99,-0.051,29.49,50,0,7.76,-0.169,1.253,-2.33,69,0,177.09,-7.94,10,0.00,3.99,4.00,3.99,4.00,3.99,4.00,3.99,4.00,31.99,9.4,27,27,90.6,0,0,178,0,0,1001,0,0,1,-1,1,1,-1,-1,-1,-1,-1,-1,
2026-03-18,17:43:39.460,7.94,99,100,100,-0.045,28.76,51,0,7.76,-0.053,0.940,-2.50,69,0,-173.23,-4.71,10,0.00,3.99,4.00,3.99,4.00,3.99,3.99,3.99,4.00,31.99,9.4,27,27,93.0,0,-147,178,0,0,1001,0,0,1,-1,1,1,-1,-1,-1,-1,-1,-1,
2026-03-18,17:43:39.720,7.93,100,100,100,0.038,28.18,52,0,7.74,-0.053,0.940,-2.22,70,0,-174.13,-3.85,10,0.00,3.99,4.00,3.99,4.00,3.99,3.99,3.99,3.99,31.99,9.4,27,27,91.3,0,-107,179,-6,0,1001,0,0,1,-1,1,1,-1,-1,-1,-1,-1,-1,
2026-03-18,17:43:39.980,7.93,100,100,100,0.054,27.51,53,0,7.75,-0.081,0.993,-2.16,71,0,-178.97,-5.32,10,0.00,3.99,4.00,3.99,4.00,3.99,3.99,3.99,3.99,32.00,9.6,27,27,91.3,0,-100,179,0,0,1001,0,0,1,-1,1,1,-1,-1,-1,-1,-1,-1,
2026-03-18,17:43:40.240,7.94,100,100,100,0.041,26.89,54,0,7.76,-0.076,0.957,-2.27,71,0,-179.66,-5.40,10,0.00,3.99,4.00,3.99,3.99,3.99,3.99,3.99,3.99,32.00,9.6,27,27,89.5,0,-91,179,0,0,1001,0,0,1,-1,1,1,-1,-1,-1,-1,-1,-1,
2026-03-18,17:43:40.510,7.94,100,100,100,0.000,26.89,55,0,7.76,-0.079,1.049,-1.83,70,0,-177.03,-5.87,10,0.00,3.99,4.00,3.99,3.99,3.99,3.99,3.99,3.99,32.00,9.6,27,27,92.6,0,-109,179,-60,0,1001,0,0,1,-1,1,1,-1,-1,-1,-1,-1,-1,
2026-03-18,17:43:40.780,7.94,100,100,100,-0.032,26.10,55,0,7.76,-0.051,0.947,-1.45,69,0,-175.87,-6.08,10,0.00,3.99,4.00,3.99,3.99,3.99,3.99,3.99,3.99,32.01,9.6,27,27,92.0,0,-118,179,-102,0,1001,0,0,1,-1,1,1,-1,-1,-1,-1,-1,-1,
2026-03-18,17:43:41.040,7.93,100,100,100,-0.022,25.56,54,0,7.76,-0.061,0.928,-1.68,67,0,-175.07,-6.59,10,0.00,3.99,4.00,3.99,3.99,3.99,3.99,3.99,3.99,32.01,9.6,27,27,89.5,0,-113,179,-149,0,1001,0,0,1,-1,1,1,-1,-1,-1,-1,-1,-1,
2026-03-18,17:43:41.310,7.93,100,100,100,-0.052,25.07,55,0,7.76,-0.111,1.104,-1.68,62,0,-177.63,-7.87,10,0.00,3.98,3.99,3.99,3.99,3.99,3.99,3.99,3.99,32.01,9.5,27,27,93.3,0,-113,179,-151,0,1001,0,0,1,-1,1,1,-1,-1,-1,-1,-1,-1,
2026-03-18,17:43:41.580,7.94,100,100,99,0.016,23.85,56,0,7.76,-0.111,1.104,-2.04,58,0,165.75,-7.96,10,0.00,3.98,3.99,3.99,3.99,3.99,3.99,3.99,3.99,32.01,9.5,27,27,89.3,0,-126,180,-153,0,1001,0,0,1,-1,1,1,-1,-1,-1,-1,-1,-1,
2026-03-18,17:43:41.840,7.93,100,100,98,-0.003,23.85,58,0,7.76,-0.094,1.071,-2.15,56,0,173.06,-8.53,10,0.00,3.98,3.99,3.99,3.99,3.99,3.99,3.99,3.99,32.01,9.9,27,27,89.3,0,-40,179,0,0,1000,0,0,1,-1,1,1,-1,-1,-1,-1,-1,-1,
2026-03-18,17:43:42.110,7.93,100,100,98,-0.065,22.82,58,0,7.76,-0.036,0.723,-1.74,62,0,173.54,-8.06,10,0.00,3.98,3.99,3.99,3.99,3.99,3.99,3.99,4.00,32.01,9.9,27,27,91.3,0,-42,179,0,0,1001,0,0,1,-1,1,1,-1,-1,-1,-1,-1,-1,
2026-03-18,17:43:42.380,7.93,99,99,98,-0.042,22.59,59,0,7.76,-0.071,0.947,-1.20,68,0,176.52,-8.11,10,0.00,3.98,3.99,3.99,3.99,3.99,3.99,3.99,4.00,32.02,9.7,27,27,91.3,0,-47,233,0,0,1001,0,0,1,-1,1,1,-1,-1,-1,-1,-1,-1,
2026-03-18,17:43:42.640,7.93,99,99,98,0.000,22.59,58,0,7.76,-0.163,1.141,-1.19,73,0,-166.49,-8.00,10,0.00,3.98,3.99,3.99,3.99,3.99,3.99,3.99,4.00,32.02,9.7,27,27,93.7,0,-104,321,-31,0,1001,0,0,1,-1,1,1,-1,-1,-1,-1,-1,-1,
2026-03-18,17:43:42.910,7.93,98,98,98,0.024,21.07,59,0,7.76,-0.154,1.162,-2.63,77,0,124.24,-7.31,10,0.00,3.98,3.99,3.99,3.99,3.99,3.99,3.99,4.00,31.95,12.2,27,27,91.7,0,-117,371,-70,0,1001,0,0,1,-1,1,1,-1,-1,-1,-1,-1,-1,
2026-03-18,17:43:43.190,7.94,98,98,98,0.027,19.93,60,0,7.76,-0.279,1.280,-3.48,81,0,175.40,-8.69,10,0.00,3.98,3.99,3.99,3.99,3.98,3.98,3.99,4.00,31.95,12.2,27,27,93.0,0,-46,373,0,0,1001,0,0,1,-1,1,1,-1,-1,-1,-1,-1,-1,
2026-03-18,17:43:43.450,7.93,97,98,98,-0.052,19.93,60,0,7.76,-0.137,0.856,-3.66,84,0,178.26,-8.78,10,0.00,3.98,3.99,3.99,3.99,3.98,3.98,3.97,3.98,31.95,15.8,27,27,93.0,0,0,372,0,0,1001,0,0,1,-1,1,1,-1,-1,-1,-1,-1,-1,
2026-03-18,17:43:43.720,7.93,97,98,98,-0.050,18.61,59,0,7.76,-0.109,0.958,-2.39,85,0,178.26,-8.78,10,0.00,3.96,3.97,3.99,3.99,3.98,3.98,3.97,3.98,31.95,15.8,27,27,101.1,0,-79,372,-35,0,1001,0,0,1,-1,1,1,-1,-1,-1,-1,-1,-1,
2026-03-18,17:43:43.990,7.93,98,98,98,0.017,17.90,59,0,7.76,-0.106,0.960,-1.25,84,0,-176.23,-8.63,10,0.00,3.96,3.97,3.95,3.96,3.98,3.98,3.97,3.98,31.89,16.0,27,27,98.9,0,-82,371,-81,0,1001,0,0,1,-1,1,1,-1,-1,-1,-1,-1,-1,
2026-03-18,17:43:44.250,7.93,98,99,98,0.000,17.37,59,0,7.76,-0.151,1.202,-1.67,79,0,-177.74,-9.98,10,0.00,3.96,3.97,3.95,3.96,3.95,3.96,3.97,3.98,31.85,15.7,27,27,101.5,0,-55,371,-92,0,1001,0,0,1,-1,1,1,-1,-1,-1,-1,-1,-1,
2026-03-18,17:43:44.520,7.93,98,98,98,-0.023,16.94,58,0,7.76,-0.179,1.207,-1.59,70,0,-179.10,-10.39,10,0.00,3.96,3.97,3.95,3.96,3.95,3.96,3.95,3.96,31.85,15.7,27,27,98.5,0,-46,371,-124,0,1001,0,0,1,-1,1,1,-1,-1,-1,-1,-1,-1,
2026-03-18,17:43:44.790,7.93,98,98,98,0.033,16.62,58,0,7.76,-0.174,1.105,-1.33,73,0,-4.60,-8.87,10,0.00,3.95,3.96,3.95,3.96,3.95,3.96,3.95,3.96,31.85,15.7,27,27,94.1,0,-56,370,-124,0,1001,0,0,1,-1,1,1,-1,-1,-1,-1,-1,-1,
2026-03-18,17:43:45.050,7.94,98,98,98,0.087,16.34,59,0,7.76,-0.144,0.977,-1.12,76,0,175.99,-8.69,10,0.00,3.95,3.96,3.95,3.96,3.95,3.96,3.95,3.96,31.85,15.7,27,27,94.1,0,-66,370,-123,0,1001,0,0,1,-1,1,1,-1,-1,-1,-1,-1,-1,
2026-03-18,17:43:45.310,7.93,99,99,98,-0.019,16.38,59,0,7.76,-0.215,1.280,-0.48,80,0,170.41,-10.89,10,0.00,3.95,3.96,3.95,3.96,3.95,3.96,3.95,3.96,31.80,15.8,27,27,92.8,0,-61,369,0,0,1001,0,0,1,-1,1,1,-1,-1,-1,-1,-1,-1,
2026-03-18,17:43:45.580,7.94,99,99,99,-0.045,16.16,62,0,7.76,-0.166,0.963,-0.50,81,0,172.50,-10.96,10,0.00,3.95,3.96,3.95,3.96,3.95,3.95,3.95,3.96,31.80,15.8,27,27,97.2,0,-28,368,0,0,1001,0,0,1,-1,1,1,-1,-1,-1,-1,-1,-1,
2026-03-18,17:43:45.840,7.93,99,100,100,-0.062,16.12,65,0,7.76,-0.110,0.929,-0.31,82,0,60.72,-10.57,10,0.00,3.95,3.96,3.95,3.96,3.95,3.95,3.95,3.95,31.76,15.3,27,27,99.5,0,-42,368,0,0,1001,0,0,1,-1,1,1,-1,-1,-1,-1,-1,-1,
2026-03-18,17:43:46.100,7.94,100,100,100,0.021,16.11,68,0,7.76,-0.132,1.017,-0.21,83,0,-175.36,-9.77,10,0.00,3.94,3.96,3.95,3.96,3.95,3.95,3.95,3.95,31.76,15.3,27,27,98.7,0,-47,368,0,0,1001,0,0,1,-1,1,1,-1,-1,-1,-1,-1,-1,
2026-03-18,17:43:46.360,7.93,100,100,100,0.021,16.05,69,0,7.76,-0.157,1.062,-0.13,83,0,-175.34,-10.27,10,0.00,3.94,3.96,3.94,3.95,3.95,3.95,3.95,3.95,31.73,15.3,27,27,96.1,0,-53,368,0,0,1001,0,0,1,-1,1,1,-1,-1,-1,-1,-1,-1,
2026-03-18,17:43:46.630,7.94,100,100,99,0.049,15.68,69,0,7.76,-0.130,0.940,-0.76,82,0,-177.80,-10.34,10,0.00,3.94,3.96,3.94,3.95,3.94,3.95,3.95,3.95,31.73,15.3,27,27,94.8,0,-57,368,-28,0,1001,0,0,1,-1,1,1,-1,-1,-1,-1,-1,-1,
2026-03-18,17:43:46.890,7.93,100,100,99,0.020,15.45,67,0,7.76,-0.147,0.996,-0.65,78,0,-178.43,-10.74,10,0.00,3.94,3.96,3.94,3.95,3.94,3.95,3.95,3.95,31.70,15.5,27,27,94.8,0,-56,368,-36,0,1001,0,0,1,-1,1,1,-1,-1,-1,-1,-1,-1,
2026-03-18,17:43:47.160,7.93,100,100,99,-0.004,15.32,64,0,7.76,-0.177,1.066,-0.44,75,0,-177.53,-10.81,10,0.00,3.94,3.95,3.94,3.95,3.94,3.95,3.95,3.95,31.70,15.5,27,27,94.8,0,-72,369,-79,0,1001,0,0,1,-1,1,1,-1,-1,-1,-1,-1,-1,
2026-03-18,17:43:47.420,7.93,100,100,99,0.000,15.25,65,0,7.76,-0.171,1.047,-0.37,61,0,-176.53,-10.63,10,0.00,3.94,3.95,3.94,3.95,3.94,3.95,3.95,3.95,31.67,15.7,27,27,94.5,0,-83,368,-154,0,1001,0,0,1,-1,1,1,-1,-1,-1,-1,-1,-1,
2026-03-18,17:43:47.680,7.94,100,100,98,0.005,15.22,66,0,7.76,-0.168,1.031,-0.23,63,0,-177.09,-10.99,10,0.00,3.94,3.95,3.94,3.95,3.94,3.95,3.95,3.95,31.67,15.7,27,27,94.3,0,-84,368,-156,0,1001,0,0,1,-1,1,1,-1,-1,-1,-1,-1,-1,
2026-03-18,17:43:47.950,7.93,100,100,98,0.007,15.26,61,0,7.76,-0.181,1.015,-0.03,66,0,168.26,-11.58,10,0.00,3.94,3.95,3.94,3.95,3.94,3.94,3.95,3.95,31.65,15.8,27,27,93.7,0,-80,368,-152,0,1001,0,0,1,-1,1,1,-1,-1,-1,-1,-1,-1,
2026-03-18,17:43:48.210,7.94,100,100,98,0.005,15.36,60,0,7.76,-0.154,0.889,0.20,69,0,178.36,-11.68,10,0.00,3.94,3.95,3.94,3.95,3.94,3.94,3.94,3.94,31.65,16.1,27,27,92.8,0,-61,367,-127,0,1001,0,0,1,-1,1,1,-1,-1,-1,-1,-1,-1,
2026-03-18,17:43:48.470,7.93,100,100,98,-0.013,15.65,60,0,7.76,-0.186,1.013,0.20,69,0,178.50,-12.89,10,0.00,3.93,3.95,3.94,3.95,3.94,3.94,3.94,3.94,31.62,16.1,27,27,92.4,0,-55,367,-117,0,1001,0,0,1,-1,1,1,-1,-1,-1,-1,-1,-1,
2026-03-18,17:43:48.730,7.93,100,100,98,-0.014,15.65,60,0,7.76,-0.169,0.936,0.45,68,0,179.04,-13.12,10,0.00,3.93,3.95,3.93,3.94,3.94,3.94,3.94,3.94,31.62,15.7,27,27,92.0,0,-60,367,-132,0,1000,0,0,1,-1,1,1,-1,-1,-1,-1,-1,-1,
2026-03-18,17:43:49.000,7.93,99,99,98,0.017,15.67,58,0,7.76,-0.219,1.021,0.04,65,0,178.89,-12.96,10,0.00,3.93,3.95,3.93,3.94,3.93,3.94,3.94,3.94,31.61,15.7,27,27,88.9,0,-75,367,-169,0,1001,0,0,1,-1,1,1,-1,-1,-1,-1,-1,-1,
2026-03-18,17:43:49.260,7.94,99,99,96,0.013,15.59,57,0,7.76,-0.229,1.200,0.01,61,0,178.73,-12.68,10,0.00,3.93,3.95,3.93,3.94,3.93,3.94,3.93,3.94,31.59,15.9,27,27,88.9,-22,-110,368,-173,0,1001,0,0,1,-1,1,1,-1,-1,-1,-1,-1,-1,
2026-03-18,17:43:49.520,7.93,99,99,96,-0.020,15.39,55,0,7.76,-0.188,0.916,-0.42,52,0,174.10,-12.61,10,0.00,3.93,3.95,3.93,3.94,3.93,3.94,3.93,3.94,31.59,15.9,27,27,91.7,-37,-103,368,-176,0,1001,0,0,1,-1,1,1,-1,-1,-1,-1,-1,-1,
2026-03-18,17:43:49.790,7.93,100,100,93,-0.012,15.90,54,0,7.76,-0.224,1.010,0.13,51,0,171.82,-13.89,10,0.00,3.93,3.94,3.93,3.94,3.93,3.94,3.93,3.94,31.57,15.9,27,27,89.6,-33,-98,368,-97,0,1001,0,0,1,-1,1,1,-1,-1,-1,-1,-1,-1,
2026-03-18,17:43:50.060,7.93,98,98,93,0.012,16.33,50,0,7.76,-0.224,0.993,1.00,51,0,170.43,-14.40,10,0.00,3.93,3.94,3.93,3.93,3.93,3.94,3.93,3.94,31.57,15.9,27,27,92.6,-22,-120,368,0,0,1001,0,0,1,-1,1,1,-1,-1,-1,-1,-1,-1,
2026-03-18,17:43:50.330,7.93,98,98,93,-0.052,16.33,49,0,7.76,-0.183,0.933,1.38,53,0,172.75,-14.99,10,0.00,3.93,3.94,3.93,3.93,3.93,3.93,3.93,3.94,31.55,16.0,27,27,91.3,-20,-121,368,0,0,1001,0,0,1,-1,1,1,-1,-1,-1,-1,-1,-1,
2026-03-18,17:43:50.600,7.93,98,98,93,0.012,17.09,49,0,7.76,-0.243,1.027,1.29,57,0,179.40,-15.90,10,0.00,3.93,3.94,3.93,3.93,3.93,3.93,3.93,3.94,31.55,16.0,27,27,87.4,0,-106,367,0,0,1001,0,0,1,-1,1,1,-1,-1,-1,-1,-1,-1,
2026-03-18,17:43:50.860,7.94,100,100,94,-0.013,17.22,50,0,7.76,-0.331,1.341,0.78,61,0,178.40,-15.98,10,0.00,3.92,3.94,3.93,3.93,3.93,3.93,3.93,3.94,31.52,15.8,27,27,84.1,0,-40,367,0,0,1001,0,0,1,-1,1,1,-1,-1,-1,-1,-1,-1,
2026-03-18,17:43:51.120,7.93,99,99,93,0.010,17.63,50,0,7.76,-0.189,0.566,0.78,62,0,176.22,-13.78,10,0.00,3.92,3.94,3.92,3.93,3.93,3.93,3.93,3.94,31.52,15.8,27,27,81.9,0,0,368,0,0,1001,0,0,1,-1,1,1,-1,-1,-1,-1,-1,-1,
2026-03-18,17:43:51.400,7.94,97,97,93,0.033,18.18,49,0,7.76,-0.233,0.831,1.52,64,0,176.20,-13.77,10,0.00,3.92,3.94,3.92,3.93,3.92,3.93,3.93,3.94,31.50,15.6,27,27,79.6,0,-97,368,0,0,1000,0,0,1,-1,1,1,-1,-1,-1,-1,-1,-1,
2026-03-18,17:43:51.670,7.94,95,95,94,0.001,18.66,48,0,7.76,-0.243,0.885,1.73,64,0,175.08,-14.00,10,0.00,3.92,3.94,3.92,3.93,3.92,3.93,3.92,3.93,31.50,15.6,27,27,84.5,0,-100,340,27,0,1001,0,0,1,-1,1,1,-1,-1,-1,-1,-1,-1,
2026-03-18,17:43:51.940,7.94,95,95,94,0.012,19.03,49,0,7.76,-0.260,1.024,1.73,63,0,177.29,-15.31,10,0.00,3.92,3.94,3.92,3.93,3.92,3.93,3.92,3.93,31.49,15.7,27,27,84.5,0,-88,330,24,0,1001,0,0,1,-1,1,1,-1,-1,-1,-1,-1,-1,
2026-03-18,17:43:52.220,7.93,97,97,94,0.033,19.33,50,0,7.73,-0.242,1.024,0.98,63,0,177.94,-15.10,10,0.00,3.91,3.93,3.92,3.93,3.92,3.93,3.92,3.93,31.49,14.7,27,27,81.7,148,-73,332,551,0,1001,0,0,1,-1,1,1,-1,-1,-1,-1,-1,-1,
2026-03-18,17:43:52.480,7.93,99,99,94,0.050,19.33,51,0,7.73,-0.171,0.864,0.56,64,0,-166.66,-14.13,10,0.00,3.91,3.93,3.92,3.93,3.92,3.93,3.92,3.93,31.49,14.7,27,27,85.9,211,-123,332,542,0,1001,0,0,1,-1,1,1,-1,-1,-1,-1,-1,-1,
2026-03-18,17:43:52.740,7.94,100,100,93,0.070,19.78,52,0,7.72,-0.202,0.890,0.83,64,0,-168.65,-13.42,10,0.00,3.91,3.93,3.92,3.93,3.92,3.92,3.92,3.93,31.49,14.8,27,27,84.1,292,-240,334,518,0,1001,0,0,1,-1,1,1,-1,-1,-1,-1,-1,-1,
2026-03-18,17:43:53.020,7.93,100,100,93,0.090,19.83,53,0,7.72,-0.206,0.989,0.46,64,0,-154.52,-13.27,10,0.00,3.91,3.93,3.92,3.93,3.92,3.92,3.92,3.93,31.48,14.8,27,27,83.7,268,-338,334,415,0,1001,0,0,1,-1,1,1,-1,-1,-1,-1,-1,-1,
2026-03-18,17:43:53.280,7.93,100,100,95,0.013,19.79,53,0,7.71,-0.262,1.143,0.46,64,0,-145.58,-13.02,10,0.00,3.92,3.93,3.92,3.93,3.92,3.92,3.92,3.93,31.47,14.8,27,27,82.4,131,-394,331,325,0,1001,0,0,1,-1,1,1,-1,-1,-1,-1,-1,-1,
2026-03-18,17:43:53.540,7.93,99,99,95,0.085,20.07,53,0,7.74,-0.485,1.687,0.45,64,0,-139.22,-13.37,10,0.00,3.92,3.93,3.92,3.93,3.92,3.92,3.92,3.93,31.47,14.8,27,27,75.6,68,-408,331,81,0,1001,0,0,1,-1,1,1,-1,-1,-1,-1,-1,-1,
2026-03-18,17:43:53.800,7.93,96,98,98,0.057,20.74,52,0,7.73,-0.390,1.574,1.55,64,0,-125.38,-9.98,10,0.00,3.92,3.93,3.92,3.93,3.92,3.93,3.92,3.93,31.47,14.3,27,27,82.6,29,-412,331,11,0,1001,0,0,1,-1,1,1,-1,-1,-1,-1,-1,-1,
2026-03-18,17:43:54.080,7.94,89,98,98,0.083,20.94,50,0,7.73,-0.332,1.376,1.25,64,0,-126.14,-9.94,10,0.00,3.92,3.93,3.92,3.93,3.92,3.93,3.92,3.93,31.47,14.3,27,27,82.6,19,-386,332,10,0,1001,0,0,1,-1,1,1,-1,-1,-1,-1,-1,-1,
2026-03-18,17:43:54.340,7.94,88,97,97,0.101,21.17,47,0,7.69,-0.381,1.410,0.99,66,0,-128.21,-10.35,10,0.00,3.91,3.93,3.92,3.93,3.92,3.93,3.92,3.93,31.45,14.8,27,27,82.6,0,-377,332,-6,0,1001,0,0,1,-1,1,1,-1,-1,-1,-1,-1,-1,
2026-03-18,17:43:54.600,7.94,86,97,97,0.027,21.27,45,0,7.72,-0.325,1.235,0.47,66,0,-133.31,-9.03,10,0.00,3.91,3.93,3.92,3.93,3.92,3.93,3.92,3.93,31.45,14.8,27,27,77.6,31,-363,332,0,0,1000,0,0,1,-1,1,1,-1,-1,-1,-1,-1,-1,
2026-03-18,17:43:54.860,7.93,91,97,97,0.020,21.55,45,0,7.74,-0.385,1.402,0.69,64,0,-130.90,-9.05,10,0.00,3.91,3.93,3.91,3.93,3.92,3.93,3.92,3.93,31.44,14.6,27,27,77.8,95,-350,332,0,0,1001,0,0,1,-1,1,1,-1,-1,-1,-1,-1,-1,
2026-03-18,17:43:55.130,7.93,89,97,97,0.076,22.43,46,0,7.73,-0.396,1.405,1.46,59,0,-123.75,-7.09,10,0.00,3.91,3.93,3.91,3.93,3.92,3.92,3.92,3.93,31.44,14.6,27,27,79.6,0,-412,333,-24,0,1001,0,0,1,-1,1,1,-1,-1,-1,-1,-1,-1,
2026-03-18,17:43:55.390,7.94,89,96,96,0.131,22.53,45,0,7.75,-0.325,1.120,0.79,55,0,-124.78,-6.31,10,0.00,3.91,3.93,3.91,3.93,3.92,3.92,3.91,3.93,31.43,14.7,27,27,71.9,0,-447,333,-105,0,1001,0,0,1,-1,1,1,-1,-1,-1,-1,-1,-1,
2026-03-18,17:43:55.660,7.94,88,96,96,0.136,23.32,46,0,7.72,-0.320,1.176,1.71,56,0,-140.76,-8.08,10,0.00,3.91,3.92,3.91,3.93,3.92,3.92,3.91,3.93,31.43,14.7,27,27,74.6,17,-443,333,-30,0,1001,0,0,1,-1,1,1,-1,-1,-1,-1,-1,-1,
2026-03-18,17:43:55.920,7.93,92,96,96,0.056,23.19,49,0,7.74,-0.328,1.304,0.95,59,0,-151.38,-9.26,10,0.00,3.91,3.92,3.91,3.92,3.92,3.92,3.91,3.93,31.43,14.4,27,27,78.0,122,-407,333,12,0,1001,0,0,1,-1,1,1,-1,-1,-1,-1,-1,-1,
2026-03-18,17:43:56.190,7.93,94,95,95,0.069,22.78,49,0,7.73,-0.458,1.537,-0.77,62,0,-147.57,-10.83,10,0.00,3.91,3.92,3.91,3.92,3.91,3.92,3.91,3.93,31.43,14.4,27,27,71.7,134,-495,342,32,0,1001,0,0,1,-1,1,1,-1,-1,-1,-1,-1,-1,
2026-03-18,17:43:56.460,7.93,94,95,95,0.066,23.21,47,0,7.74,-0.406,1.327,0.42,57,0,-135.56,-10.43,10,0.00,3.91,3.92,3.91,3.92,3.91,3.92,3.91,3.92,31.40,14.5,27,27,71.7,114,-456,364,0,0,1001,0,0,1,-1,1,1,-1,-1,-1,-1,-1,-1,
2026-03-18,17:43:56.740,7.94,93,95,95,0.036,23.49,47,0,7.75,-0.440,1.631,0.87,52,0,-132.94,-10.16,10,0.00,3.91,3.92,3.91,3.92,3.91,3.92,3.91,3.92,31.40,14.9,27,27,72.2,105,-435,363,0,0,1001,0,0,1,-1,1,1,-1,-1,-1,-1,-1,-1,
2026-03-18,17:43:57.020,7.94,94,95,93,0.036,23.84,47,0,7.76,-0.428,1.217,1.05,54,0,-123.53,-8.09,10,0.00,3.90,3.92,3.91,3.92,3.91,3.92,3.91,3.92,31.37,14.9,27,27,72.4,97,-446,362,-8,0,1001,0,0,1,-1,1,1,-1,-1,-1,-1,-1,-1,
2026-03-18,17:43:57.280,7.94,97,97,93,0.062,24.01,49,0,7.73,-0.375,1.225,0.85,55,0,-122.05,-7.87,10,0.00,3.90,3.92,3.90,3.91,3.91,3.92,3.91,3.92,31.34,15.2,27,27,69.6,76,-458,363,0,0,1001,0,0,1,-1,1,1,-1,-1,-1,-1,-1,-1,
2026-03-18,17:43:57.550,7.93,99,99,93,0.055,23.89,49,0,7.75,-0.390,1.392,-0.08,56,0,-124.53,-8.24,10,0.00,3.90,3.92,3.90,3.91,3.90,3.91,3.91,3.92,31.34,15.2,27,27,76.9,78,-452,363,-7,0,1001,0,0,1,-1,1,1,-1,-1,-1,-1,-1,-1,
2026-03-18,17:43:57.820,7.93,99,99,92,0.061,23.92,48,0,7.76,-0.477,1.482,-0.21,57,0,-120.87,-7.96,10,0.00,3.90,3.92,3.90,3.91,3.90,3.91,3.90,3.91,31.32,15.3,27,27,74.6,45,-474,363,-81,0,1001,0,0,1,-1,1,1,-1,-1,-1,-1,-1,-1,
2026-03-18,17:43:58.090,7.93,99,99,92,0.050,23.98,49,0,7.76,-0.434,1.526,0.24,60,0,-117.90,-5.54,10,0.00,3.90,3.91,3.90,3.91,3.90,3.91,3.90,3.91,31.32,15.3,27,27,77.4,0,-450,362,-171,0,1001,0,0,1,-1,1,1,-1,-1,-1,-1,-1,-1,
2026-03-18,17:43:58.350,7.94,100,100,93,0.038,23.49,49,0,7.74,-0.313,1.308,-0.76,62,0,-117.29,-4.77,10,0.00,3.90,3.91,3.90,3.90,3.90,3.91,3.90,3.91,31.32,15.5,27,27,81.5,-26,-400,363,-271,0,1001,0,0,1,-1,1,1,-1,-1,-1,-1,-1,-1,
2026-03-18,17:43:58.630,7.93,99,99,93,0.052,22.70,50,0,7.75,-0.429,1.612,-1.96,64,0,-117.62,-4.52,10,0.00,3.90,3.91,3.90,3.90,3.90,3.90,3.90,3.91,31.32,15.5,27,27,78.3,-46,-315,363,-442,0,1001,0,0,1,-1,1,1,-1,-1,-1,-1,-1,-1,
2026-03-18,17:43:58.910,7.93,99,99,93,0.052,22.12,50,0,7.76,-0.304,0.987,-2.20,64,0,-117.62,-4.52,10,0.00,3.90,3.91,3.90,3.90,3.90,3.90,3.89,3.91,31.30,15.5,27,27,74.6,-136,-259,362,-555,0,1001,0,0,1,-1,1,1,-1,-1,-1,-1,-1,-1,
2026-03-18,17:43:59.180,7.94,99,99,94,0.103,21.53,51,0,7.76,-0.238,0.897,-1.92,62,0,-127.34,-0.24,10,0.00,3.90,3.91,3.90,3.90,3.90,3.90,3.89,3.91,31.30,15.5,27,27,74.6,-198,-300,363,-586,0,1001,0,0,1,-1,1,1,-1,-1,-1,-1,-1,-1,
2026-03-18,17:43:59.440,7.93,100,100,95,0.057,20.42,52,0,7.76,-0.271,1.075,-2.85,64,0,-159.96,-3.07,10,0.00,3.90,3.91,3.90,3.90,3.90,3.90,3.89,3.91,31.29,15.6,27,27,77.2,-184,-284,364,-403,0,1001,0,0,1,-1,1,1,-1,-1,-1,-1,-1,-1,
2026-03-18,17:43:59.700,7.94,100,100,95,0.018,20.42,53,0,7.76,-0.241,1.206,-4.14,69,0,-170.80,-5.38,10,0.00,3.90,3.91,3.90,3.90,3.90,3.90,3.89,3.91,31.29,15.6,27,27,82.6,-162,-346,364,-235,0,1001,0,0,1,-1,1,1,-1,-1,-1,-1,-1,-1,
2026-03-18,17:43:59.970,7.93,100,100,95,-0.034,17.24,53,0,7.76,-0.322,1.465,-3.32,70,0,-170.51,-10.39,10,0.00,3.90,3.91,3.90,3.90,3.90,3.90,3.89,3.91,31.29,15.6,27,27,88.3,-160,-274,374,-350,0,1001,0,0,1,-1,1,1,-1,-1,-1,-1,-1,-1,
2026-03-18,17:44:00.240,7.93,100,100,96,0.001,17.24,54,0,7.76,-0.251,1.299,-3.12,72,0,-165.62,-14.66,10,0.00,3.90,3.91,3.90,3.90,3.90,3.90,3.89,3.91,31.29,15.6,27,27,90.6,-192,-267,379,-432,0,1000,0,0,1,-1,1,1,-1,-1,-1,-1,-1,-1,
2026-03-18,17:44:00.510,7.94,100,100,96,0.046,15.11,57,0,7.74,-0.251,1.290,-3.71,75,0,-172.18,-16.16,10,0.00,3.90,3.91,3.90,3.90,3.90,3.90,3.89,3.91,31.29,15.6,27,27,92.8,-196,-254,392,-471,0,1001,0,0,1,-1,1,1,-1,-1,-1,-1,-1,-1,
2026-03-18,17:44:00.780,7.93,100,100,97,0.040,13.97,59,0,7.75,-0.284,1.271,-4.02,76,0,164.08,-21.72,10,0.00,3.90,3.91,3.90,3.91,3.90,3.90,3.89,3.91,31.27,16.5,27,27,89.1,-156,-184,400,-156,0,1001,0,0,1,-1,1,1,-1,-1,-1,-1,-1,-1,
2026-03-18,17:44:01.050,7.94,100,100,99,0.003,13.46,61,0,7.71,-0.288,1.293,-4.02,75,0,155.29,-23.71,10,0.00,3.90,3.91,3.90,3.91,3.90,3.90,3.89,3.91,31.27,16.5,27,27,90.0,-49,-275,402,8,0,1001,0,0,1,-1,1,1,-1,-1,-1,-1,-1,-1,
2026-03-18,17:44:01.320,7.93,100,100,99,-0.016,13.38,60,0,7.73,-0.368,1.483,-1.29,76,0,159.11,-26.04,10,0.00,3.90,3.91,3.90,3.91,3.90,3.90,3.89,3.91,31.26,17.1,27,27,89.1,-41,-169,406,-51,0,1001,0,0,1,-1,1,1,-1,-1,-1,-1,-1,-1,
2026-03-18,17:44:01.580,7.93,100,100,99,0.003,13.12,58,0,7.75,-0.213,0.795,-0.83,75,0,156.98,-25.67,10,0.00,3.89,3.90,3.90,3.91,3.90,3.90,3.89,3.91,31.26,17.1,27,27,89.1,-51,-181,423,0,0,1001,0,0,1,-1,1,1,-1,-1,-1,-1,-1,-1,
2026-03-18,17:44:01.850,7.93,100,100,100,0.026,13.03,55,0,7.75,-0.240,0.976,-0.83,75,0,159.16,-24.80,10,0.00,3.89,3.90,3.89,3.90,3.90,3.90,3.89,3.91,31.23,17.4,27,27,88.0,-58,-289,443,-22,0,1001,0,0,1,-1,1,1,-1,-1,-1,-1,-1,-1,
2026-03-18,17:44:02.110,7.94,99,100,100,0.023,13.32,53,0,7.76,-0.361,1.367,0.36,74,0,161.00,-27.95,10,0.00,3.89,3.90,3.89,3.90,3.90,3.90,3.89,3.91,31.23,17.4,27,27,86.1,-64,-302,471,-239,0,1001,0,0,1,-1,1,1,-1,-1,-1,-1,-1,-1,
2026-03-18,17:44:02.390,7.93,99,100,100,0.036,14.01,56,0,7.76,-0.471,1.561,1.10,71,0,160.08,-30.92,10,0.00,3.89,3.90,3.89,3.90,3.89,3.89,3.89,3.91,31.18,18.9,27,27,83.7,-49,-192,476,-290,0,1001,0,0,1,-1,1,1,-1,-1,-1,-1,-1,-1,
2026-03-18,17:44:02.650,7.93,99,100,100,0.025,14.72,62,0,7.76,-0.377,1.166,2.02,70,0,153.43,-33.03,10,0.00,3.89,3.90,3.89,3.90,3.89,3.89,3.88,3.89,31.18,18.9,27,27,83.3,-59,-190,476,-395,0,1001,0,0,1,-1,1,1,-1,-1,-1,-1,-1,-1,
2026-03-18,17:44:02.920,7.93,100,100,100,0.013,15.82,64,0,7.76,-0.329,0.850,2.88,69,0,153.43,-33.03,10,0.00,3.87,3.89,3.89,3.90,3.89,3.89,3.88,3.89,31.13,20.3,27,27,83.3,-50,-257,476,-398,0,1001,0,0,1,-1,1,1,-1,-1,-1,-1,-1,-1,
2026-03-18,17:44:03.190,7.93,100,100,100,-0.004,17.20,61,0,7.76,-0.420,1.123,4.09,64,0,140.02,-35.49,10,0.00,3.87,3.89,3.87,3.87,3.89,3.89,3.88,3.89,31.13,20.3,27,27,75.9,-47,-301,476,-197,0,1001,0,0,1,-1,1,1,-1,-1,-1,-1,-1,-1,
2026-03-18,17:44:03.460,7.93,100,100,100,-0.015,18.63,59,0,7.76,-0.479,1.243,4.60,59,0,140.35,-38.18,10,0.00,3.87,3.89,3.87,3.87,3.86,3.87,3.88,3.89,31.06,20.2,27,27,74.8,-65,-113,476,-411,0,1001,0,0,1,-1,1,1,-1,-1,-1,-1,-1,-1,
2026-03-18,17:44:03.720,7.93,100,100,100,-0.010,19.91,58,0,7.76,-0.378,0.785,4.70,60,0,143.95,-38.29,10,0.00,3.87,3.89,3.87,3.87,3.86,3.87,3.85,3.87,31.06,20.2,27,27,73.2,-71,-35,480,-481,0,1001,0,0,1,-1,1,1,-1,-1,-1,-1,-1,-1,
2026-03-18,17:44:03.980,7.93,100,100,100,-0.017,19.91,57,0,7.76,-0.378,0.785,3.78,60,0,140.09,-33.97,10,0.00,3.85,3.86,3.87,3.87,3.86,3.87,3.85,3.87,31.01,22.2,27,27,73.2,-57,-343,481,-174,0,1001,0,0,1,-1,1,1,-1,-1,-1,-1,-1,-1,
2026-03-18,17:44:04.250,7.94,99,100,100,-0.002,21.62,56,0,7.76,-0.478,1.270,3.11,57,0,132.48,-33.62,10,0.00,3.85,3.86,3.85,3.86,3.86,3.87,3.85,3.87,31.01,22.2,27,27,72.4,-31,-332,481,-160,0,1001,0,0,1,-1,1,1,-1,-1,-1,-1,-1,-1,
2026-03-18,17:44:04.520,7.93,98,100,100,0.013,22.54,54,0,7.76,-0.564,1.416,3.16,57,0,133.39,-34.81,10,0.00,3.85,3.86,3.85,3.86,3.86,3.85,3.85,3.87,31.01,22.2,27,27,72.2,-27,-256,480,-247,0,1001,0,0,1,-1,1,1,-1,-1,-1,-1,-1,-1,
2026-03-18,17:44:04.790,7.93,91,99,99,0.012,23.46,49,0,7.76,-0.473,1.068,3.16,57,0,138.95,-32.19,10,0.00,3.85,3.86,3.85,3.86,3.86,3.85,3.85,3.87,30.95,20.6,27,27,72.2,-19,-191,479,-330,0,1001,0,0,1,-1,1,1,-1,-1,-1,-1,-1,-1,
2026-03-18,17:44:05.060,7.93,91,99,99,0.032,24.68,47,0,7.76,-0.444,1.167,2.28,61,0,138.76,-29.90,10,0.00,3.85,3.86,3.85,3.86,3.86,3.85,3.84,3.85,30.95,20.6,27,27,70.6,-19,-247,480,-280,0,1001,0,0,1,-1,1,1,-1,-1,-1,-1,-1,-1,
2026-03-18,17:44:05.320,7.93,92,99,99,0.005,25.31,48,0,7.76,-0.388,0.887,2.31,64,0,133.66,-26.73,10,0.00,3.84,3.85,3.85,3.86,3.86,3.85,3.84,3.85,30.90,20.9,27,27,72.2,0,-312,479,-168,0,1001,0,0,1,-1,1,1,-1,-1,-1,-1,-1,-1,
2026-03-18,17:44:05.580,7.94,98,99,99,-0.020,25.82,49,0,7.76,-0.450,1.146,1.92,65,0,131.55,-27.83,10,0.00,3.84,3.85,3.84,3.85,3.86,3.85,3.84,3.85,30.90,20.9,27,27,70.7,0,-316,481,-167,0,1001,0,0,1,-1,1,1,-1,-1,-1,-1,-1,-1,
2026-03-18,17:44:05.850,7.93,98,99,99,0.026,26.54,52,0,7.76,-0.450,1.349,2.13,66,0,131.55,-27.83,10,0.00,3.84,3.85,3.84,3.85,3.85,3.84,3.84,3.85,30.87,21.0,27,27,76.9,0,-283,480,-198,0,1001,0,0,1,-1,1,1,-1,-1,-1,-1,-1,-1,
2026-03-18,17:44:06.120,7.93,99,100,99,-0.059,27.28,55,0,7.76,-0.466,1.216,2.52,64,0,139.31,-27.86,10,0.00,3.84,3.85,3.84,3.85,3.85,3.84,3.84,3.84,30.87,21.0,27,27,75.0,0,-197,480,-202,0,1001,0,0,1,-1,1,1,-1,-1,-1,-1,-1,-1,
2026-03-18,17:44:06.390,7.93,100,100,99,0.000,28.01,57,0,7.76,-0.358,0.819,2.51,63,0,146.18,-26.83,10,0.00,3.83,3.85,3.84,3.85,3.85,3.84,3.84,3.84,30.83,20.4,27,27,75.0,0,-31,478,-297,0,1001,0,0,1,-1,1,1,-1,-1,-1,-1,-1,-1,
2026-03-18,17:44:06.660,7.93,100,100,98,0.043,28.17,57,0,7.76,-0.419,1.080,1.53,63,0,152.13,-22.89,10,0.00,3.83,3.85,3.83,3.84,3.85,3.84,3.84,3.84,30.83,20.4,27,27,76.9,0,-175,478,-231,0,1001,0,0,1,-1,1,1,-1,-1,-1,-1,-1,-1,
2026-03-18,17:44:06.920,7.93,100,100,98,0.019,28.13,56,0,7.76,-0.343,1.067,0.62,63,0,145.16,-20.75,10,0.00,3.83,3.85,3.83,3.84,3.85,3.84,3.84,3.84,30.82,20.7,27,27,79.8,0,-285,481,-36,0,1001,0,0,1,-1,1,1,-1,-1,-1,-1,-1,-1,
2026-03-18,17:44:07.190,7.93,97,98,98,0.035,27.92,53,0,7.70,-0.306,1.167,0.62,64,0,140.73,-21.31,10,0.00,3.83,3.85,3.83,3.84,3.84,3.83,3.84,3.84,30.82,20.7,27,27,84.1,30,-334,480,73,0,1001,0,0,1,-1,1,1,-1,-1,-1,-1,-1,-1,
2026-03-18,17:44:07.460,7.94,90,98,98,0.031,28.07,48,0,7.70,-0.473,1.539,0.12,63,0,136.38,-24.97,10,0.00,3.83,3.85,3.83,3.84,3.84,3.83,3.84,3.84,30.82,20.5,27,27,83.3,71,-294,478,105,0,1001,0,0,1,-1,1,1,-1,-1,-1,-1,-1,-1,
2026-03-18,17:44:07.730,7.93,85,98,98,-0.017,28.61,46,0,7.73,-0.402,1.318,1.09,62,0,138.77,-25.60,10,0.00,3.83,3.85,3.83,3.84,3.84,3.83,3.84,3.84,30.82,20.5,27,27,81.1,131,-257,480,260,0,1001,0,0,1,-1,1,1,-1,-1,-1,-1,-1,-1,
2026-03-18,17:44:08.010,7.93,88,98,98,-0.021,28.61,46,0,7.73,-0.393,1.276,1.64,63,0,144.49,-25.69,10,0.00,3.83,3.85,3.84,3.84,3.84,3.83,3.84,3.84,30.79,19.5,27,27,82.8,78,-193,479,64,0,1001,0,0,1,-1,1,1,-1,-1,-1,-1,-1,-1,
2026-03-18,17:44:08.280,7.93,94,97,97,-0.003,29.37,46,0,7.75,-0.435,1.361,1.23,65,0,151.15,-26.08,10,0.00,3.83,3.85,3.84,3.84,3.84,3.83,3.84,3.84,30.78,18.1,27,27,83.2,40,-186,476,0,0,1001,0,0,1,-1,1,1,-1,-1,-1,-1,-1,-1,
2026-03-18,17:44:08.560,7.94,98,98,97,-0.010,29.73,48,0,7.75,-0.314,0.938,1.16,66,0,153.83,-24.72,10,0.00,3.83,3.85,3.84,3.84,3.84,3.83,3.83,3.84,30.78,18.1,27,27,83.5,28,-164,476,0,0,1001,0,0,1,-1,1,1,-1,-1,-1,-1,-1,-1,
2026-03-18,17:44:08.830,7.93,98,98,98,-0.011,29.95,50,0,7.76,-0.304,0.856,1.16,67,0,153.88,-25.04,10,0.00,3.83,3.84,3.84,3.84,3.84,3.83,3.83,3.84,30.75,18.7,27,27,80.7,48,-229,477,25,0,1001,0,0,1,-1,1,1,-1,-1,-1,-1,-1,-1,
2026-03-18,17:44:09.100,7.93,98,98,98,-0.025,30.61,50,0,7.76,-0.304,1.006,1.51,69,0,162.16,-25.64,10,0.00,3.83,3.84,3.83,3.84,3.84,3.83,3.83,3.84,30.75,18.7,27,27,80.0,65,-188,475,0,0,1001,0,0,1,-1,1,1,-1,-1,-1,-1,-1,-1,
2026-03-18,17:44:09.360,7.93,98,98,98,-0.006,31.32,50,0,7.76,-0.279,1.218,2.31,71,0,164.63,-26.89,10,0.00,3.83,3.84,3.83,3.84,3.84,3.82,3.83,3.84,30.76,19.6,27,27,80.0,48,-73,475,-60,0,1001,0,0,1,-1,1,1,-1,-1,-1,-1,-1,-1,
2026-03-18,17:44:09.620,7.93,99,99,98,-0.003,31.32,51,0,7.71,-0.290,1.013,2.31,71,0,164.55,-26.31,10,0.00,3.83,3.84,3.83,3.84,3.84,3.82,3.83,3.84,30.76,19.6,27,27,84.5,0,-179,474,-58,0,1000,0,0,1,-1,1,1,-1,-1,-1,-1,-1,-1,
2026-03-18,17:44:09.890,7.93,99,99,98,-0.012,31.98,51,0,7.74,-0.309,1.083,0.40,71,0,171.31,-26.25,10,0.00,3.83,3.84,3.83,3.84,3.84,3.82,3.84,3.83,30.76,20.3,27,27,86.5,0,-194,472,-163,0,1001,0,0,1,-1,1,1,-1,-1,-1,-1,-1,-1,
2026-03-18,17:44:10.150,7.93,99,99,98,0.017,32.35,51,0,7.75,-0.365,1.277,1.14,70,0,172.64,-27.53,10,0.00,3.83,3.84,3.83,3.84,3.84,3.82,3.84,3.83,30.76,20.3,27,27,86.3,-36,-119,471,-305,0,1001,0,0,1,-1,1,1,-1,-1,-1,-1,-1,-1,
2026-03-18,17:44:10.410,7.94,99,99,98,-0.029,32.88,50,0,7.76,-0.292,0.783,1.37,70,0,166.56,-29.44,10,0.00,3.83,3.84,3.83,3.84,3.84,3.82,3.84,3.83,30.74,19.0,27,27,81.1,-69,-146,472,-358,0,1001,0,0,1,-1,1,1,-1,-1,-1,-1,-1,-1,
2026-03-18,17:44:10.680,7.93,98,99,99,-0.048,34.21,48,0,7.76,-0.298,0.761,3.32,70,0,161.22,-30.63,10,0.00,3.83,3.84,3.83,3.84,3.84,3.82,3.84,3.83,30.74,19.0,27,27,80.2,-59,-223,472,-187,0,1001,0,0,1,-1,1,1,-1,-1,-1,-1,-1,-1,
2026-03-18,17:44:10.940,7.93,96,99,99,-0.003,35.35,49,0,7.74,-0.480,0.761,3.32,69,0,153.93,-33.07,10,0.00,3.83,3.84,3.83,3.84,3.84,3.82,3.83,3.83,30.72,20.6,27,27,82.4,-49,-294,471,-80,0,1001,0,0,1,-1,1,1,-1,-1,-1,-1,-1,-1,
2026-03-18,17:44:11.210,7.93,97,99,99,-0.006,36.04,48,0,7.75,-0.369,1.211,3.30,70,0,157.90,-32.32,10,0.00,3.83,3.84,3.83,3.84,3.84,3.82,3.83,3.83,30.72,20.6,27,27,82.4,-79,-265,468,-299,0,1001,0,0,1,-1,1,1,-1,-1,-1,-1,-1,-1,
2026-03-18,17:44:11.480,7.93,97,99,99,0.031,36.24,48,0,7.76,-0.355,1.093,1.60,68,0,151.13,-34.11,10,0.00,3.83,3.84,3.83,3.83,3.84,3.82,3.83,3.83,30.72,20.8,27,27,82.4,-79,-354,468,-214,0,1001,0,0,1,-1,1,1,-1,-1,-1,-1,-1,-1,
2026-03-18,17:44:11.750,7.94,99,99,99,-0.024,36.24,48,0,7.73,-0.401,1.321,1.78,66,0,137.13,-38.18,10,0.00,3.83,3.84,3.83,3.83,3.83,3.82,3.83,3.83,30.72,20.0,27,27,79.6,-72,-419,458,-72,0,1001,0,0,1,-1,1,1,-1,-1,-1,-1,-1,-1,
2026-03-18,17:44:12.010,7.93,99,99,99,0.019,37.72,46,0,7.70,-0.508,1.570,2.43,64,0,134.48,-40.62,10,0.00,3.83,3.84,3.83,3.83,3.83,3.82,3.83,3.83,30.71,20.0,27,27,80.4,-65,-421,450,0,0,1001,0,0,1,-1,1,1,-1,-1,-1,-1,-1,-1,
2026-03-18,17:44:12.280,7.93,100,100,100,-0.008,38.96,47,0,7.72,-0.539,1.485,3.41,65,0,134.58,-41.92,10,0.00,3.83,3.84,3.83,3.83,3.83,3.82,3.83,3.83,30.69,19.6,27,27,77.2,-59,-308,447,-81,0,1000,0,0,1,-1,1,1,-1,-1,-1,-1,-1,-1,
2026-03-18,17:44:12.540,7.94,100,100,100,0.062,40.25,48,0,7.74,-0.445,1.179,4.21,66,0,139.65,-39.91,10,0.00,3.82,3.83,3.83,3.83,3.83,3.82,3.83,3.83,30.69,19.6,27,27,75.9,-80,-224,444,-231,0,1001,0,0,1,-1,1,1,-1,-1,-1,-1,-1,-1,
2026-03-18,17:44:12.810,7.94,100,100,100,0.062,42.36,49,0,7.75,-0.444,1.160,3.67,61,0,127.68,-34.26,10,0.00,3.82,3.83,3.82,3.83,3.83,3.82,3.83,3.83,30.67,19.6,27,27,75.9,-82,-372,444,-79,0,1001,0,0,1,-1,1,1,-1,-1,-1,-1,-1,-1,
2026-03-18,17:44:13.070,7.93,99,100,100,0.025,43.15,49,0,7.74,-0.375,1.062,3.11,56,0,108.56,-27.40,10,0.00,3.82,3.83,3.82,3.83,3.83,3.82,3.83,3.83,30.67,19.6,27,27,71.3,-67,-494,443,54,0,1001,0,0,1,-1,1,1,-1,-1,-1,-1,-1,-1,
2026-03-18,17:44:13.340,7.93,98,98,98,0.020,43.15,49,0,7.75,-0.442,1.359,2.99,49,0,106.55,-26.70,10,0.00,3.82,3.83,3.82,3.83,3.83,3.82,3.83,3.82,30.66,18.7,27,27,76.1,0,-498,444,90,0,1001,0,0,1,-1,1,1,-1,-1,-1,-1,-1,-1,
2026-03-18,17:44:13.610,7.93,97,98,98,-0.029,44.67,47,0,7.76,-0.575,1.790,2.60,50,0,108.72,-26.29,10,0.00,3.82,3.83,3.82,3.83,3.83,3.82,3.83,3.82,30.66,18.7,27,27,74.6,0,-471,444,151,0,1001,0,0,1,-1,1,1,-1,-1,-1,-1,-1,-1,
2026-03-18,17:44:13.890,7.93,96,98,98,-0.043,45.44,46,0,7.76,-0.400,1.220,2.72,53,0,126.15,-24.49,10,0.00,3.82,3.83,3.82,3.83,3.83,3.82,3.83,3.82,30.65,18.9,28,27,74.6,0,-452,444,108,0,1001,0,0,1,-1,1,1,-1,-1,-1,-1,-1,-1,
2026-03-18,17:44:14.160,7.93,96,98,98,0.025,45.82,49,0,7.71,-0.479,1.417,1.97,57,0,132.07,-23.64,10,0.00,3.82,3.83,3.82,3.83,3.83,3.81,3.83,3.82,30.65,18.9,28,27,74.6,0,-417,443,81,0,1001,0,0,1,-1,1,1,-1,-1,-1,-1,-1,-1,
2026-03-18,17:44:14.430,7.93,97,98,98,0.102,45.77,51,0,7.72,-0.467,1.240,0.82,54,0,124.75,-22.47,10,0.00,3.82,3.83,3.82,3.83,3.83,3.81,3.83,3.82,30.64,18.5,28,27,71.9,0,-346,443,0,0,1001,0,0,1,-1,1,1,-1,-1,-1,-1,-1,-1,
2026-03-18,17:44:14.690,7.93,97,98,98,0.010,45.37,52,0,7.74,-0.475,1.327,-0.65,53,0,124.75,-22.47,10,0.00,3.82,3.83,3.82,3.83,3.83,3.81,3.82,3.82,30.64,18.5,28,27,69.1,0,-377,442,102,0,1001,0,0,1,-1,1,1,-1,-1,-1,-1,-1,-1,
2026-03-18,17:44:14.950,7.94,95,98,98,-0.023,45.66,51,0,7.75,-0.485,1.233,0.08,54,0,116.71,-19.54,10,0.00,3.82,3.83,3.82,3.83,3.83,3.81,3.82,3.82,30.62,19.1,28,27,71.1,0,-380,442,182,0,1001,0,0,1,-1,1,1,-1,-1,-1,-1,-1,-1,
2026-03-18,17:44:15.220,7.94,95,97,97,-0.012,46.48,51,0,7.76,-0.451,1.312,1.20,57,0,128.60,-18.00,10,0.00,3.82,3.83,3.82,3.83,3.83,3.81,3.82,3.82,30.62,18.5,28,27,73.2,0,-333,441,0,0,1001,0,0,1,-1,1,1,-1,-1,-1,-1,-1,-1,
2026-03-18,17:44:15.480,7.93,95,97,97,0.017,46.23,51,0,7.76,-0.414,1.204,0.22,62,0,128.60,-18.00,10,0.00,3.82,3.83,3.82,3.83,3.82,3.81,3.82,3.82,30.61,18.5,28,27,75.6,-3,-294,434,0,0,1001,0,0,1,-1,1,1,-1,-1,-1,-1,-1,-1,
2026-03-18,17:44:15.750,7.94,97,98,97,0.083,45.62,52,0,7.76,-0.460,1.322,-1.21,66,0,127.92,-14.25,10,0.00,3.82,3.83,3.82,3.83,3.82,3.81,3.82,3.82,30.61,19.1,28,27,74.8,-1,-285,429,0,0,1001,0,0,1,-1,1,1,-1,-1,-1,-1,-1,-1,
2026-03-18,17:44:16.010,7.94,99,99,97,0.010,45.34,52,0,7.76,-0.322,0.925,-1.34,68,0,124.17,-12.69,10,0.00,3.81,3.83,3.82,3.83,3.82,3.81,3.82,3.82,30.61,19.1,28,27,72.2,-6,-285,428,-11,0,1001,0,0,1,-1,1,1,-1,-1,-1,-1,-1,-1,
2026-03-18,17:44:16.270,7.94,100,100,97,0.076,45.31,53,0,7.76,-0.463,1.240,-0.67,68,0,122.46,-12.21,10,0.00,3.81,3.83,3.82,3.83,3.82,3.81,3.82,3.82,30.61,18.6,28,27,72.2,-12,-288,428,0,0,1001,0,0,1,-1,1,1,-1,-1,-1,-1,-1,-1,
2026-03-18,17:44:16.530,7.93,100,100,97,-0.075,45.30,54,0,7.76,-0.313,1.038,0.08,69,0,119.13,-9.92,10,0.00,3.81,3.83,3.82,3.83,3.82,3.81,3.82,3.82,30.61,18.6,28,27,77.6,-11,-292,428,0,0,1001,0,0,1,-1,1,1,-1,-1,-1,-1,-1,-1,
2026-03-18,17:44:16.790,7.93,98,98,96,-0.074,45.13,53,0,7.76,-0.259,1.052,-0.61,69,0,124.53,-10.18,10,0.00,3.81,3.83,3.82,3.83,3.82,3.81,3.82,3.82,30.61,18.0,28,27,79.6,0,-292,427,0,0,1001,0,0,1,-1,1,1,-1,-1,-1,-1,-1,-1,
2026-03-18,17:44:17.050,7.93,97,97,96,-0.024,44.80,52,0,7.76,-0.354,1.302,-0.69,69,0,135.38,-10.36,10,0.00,3.81,3.83,3.82,3.83,3.82,3.81,3.82,3.82,30.61,18.0,28,27,85.4,0,-346,427,22,0,1001,0,0,1,-1,1,1,-1,-1,-1,-1,-1,-1,
2026-03-18,17:44:17.330,7.93,97,98,98,0.037,44.80,54,0,7.76,-0.380,1.434,-1.55,67,0,139.49,-9.70,10,0.00,3.82,3.83,3.82,3.83,3.82,3.81,3.82,3.82,30.61,18.8,28,27,84.1,-24,-322,426,-29,0,1001,0,0,1,-1,1,1,-1,-1,-1,-1,-1,-1,
2026-03-18,17:44:17.590,7.93,99,99,98,0.079,43.20,56,0,7.76,-0.378,1.341,-2.57,68,0,130.87,-9.56,10,0.00,3.82,3.83,3.82,3.83,3.82,3.81,3.82,3.82,30.61,18.8,28,27,82.0,-55,-337,416,-155,0,1001,0,0,1,-1,1,1,-1,-1,-1,-1,-1,-1,
2026-03-18,17:44:17.850,7.93,100,100,98,0.031,42.54,59,0,7.76,-0.279,1.247,-2.65,68,0,123.97,-9.29,10,0.00,3.82,3.83,3.82,3.83,3.83,3.82,3.82,3.82,30.62,17.8,28,27,82.6,-54,-356,415,-46,0,1001,0,0,1,-1,1,1,-1,-1,-1,-1,-1,-1,
2026-03-18,17:44:18.130,7.93,100,100,98,-0.070,42.60,62,0,7.76,-0.329,1.213,-0.19,63,0,123.65,-11.88,10,0.00,3.82,3.83,3.82,3.83,3.83,3.82,3.83,3.82,30.62,17.8,28,27,81.9,-24,-268,402,22,0,1001,0,0,1,-1,1,1,-1,-1,-1,-1,-1,-1,
2026-03-18,17:44:18.400,7.93,100,100,98,-0.007,42.89,63,0,7.73,-0.359,1.323,0.71,64,0,140.78,-12.96,10,0.00,3.82,3.83,3.82,3.83,3.83,3.82,3.83,3.82,30.66,17.8,28,27,82.4,49,-133,369,298,0,1001,0,0,1,-1,1,1,-1,-1,-1,-1,-1,-1,
2026-03-18,17:44:18.670,7.93,100,100,98,-0.004,42.59,64,0,7.73,-0.208,0.942,0.71,64,0,146.92,-10.30,10,0.00,3.82,3.83,3.83,3.84,3.83,3.82,3.83,3.82,30.66,17.8,28,27,82.4,131,-47,281,379,0,1001,0,0,1,-1,1,1,-1,-1,-1,-1,-1,-1,
2026-03-18,17:44:18.930,7.93,100,100,98,0.007,42.11,60,0,7.72,-0.197,1.091,-1.08,64,0,157.62,-8.16,10,0.00,3.82,3.83,3.83,3.84,3.84,3.83,3.83,3.82,30.72,14.2,28,27,85.0,201,-135,274,311,0,1001,0,0,1,-1,1,1,-1,-1,-1,-1,-1,-1,
2026-03-18,17:44:19.190,7.94,100,100,99,0.047,41.97,58,0,7.71,-0.189,1.102,-0.94,62,0,163.49,-5.87,10,0.00,3.82,3.83,3.83,3.84,3.84,3.83,3.83,3.82,30.72,14.2,28,27,83.7,96,-160,275,164,0,1001,0,0,1,-1,1,1,-1,-1,-1,-1,-1,-1,
2026-03-18,17:44:19.460,7.93,100,100,99,0.044,41.74,56,0,7.70,-0.181,0.976,-0.75,58,0,167.53,-5.52,10,0.00,3.82,3.83,3.83,3.84,3.84,3.83,3.85,3.84,30.78,12.9,28,27,83.2,34,-225,276,43,0,1001,0,0,1,-1,1,1,-1,-1,-1,-1,-1,-1,
2026-03-18,17:44:19.720,7.94,100,100,98,-0.016,41.68,56,0,7.73,-0.232,1.213,-0.54,52,0,168.96,-9.58,10,0.00,3.85,3.86,3.83,3.84,3.84,3.83,3.85,3.84,30.78,12.9,28,27,86.9,157,-171,278,223,0,1001,0,0,1,-1,1,1,-1,-1,-1,-1,-1,-1,
2026-03-18,17:44:19.990,7.93,100,100,98,-0.036,41.65,57,0,7.71,-0.198,1.095,-0.20,51,0,173.04,-11.13,10,0.00,3.85,3.86,3.85,3.86,3.84,3.83,3.85,3.84,30.82,13.2,28,27,85.6,202,-205,278,182,0,1001,0,0,1,-1,1,1,-1,-1,-1,-1,-1,-1,
2026-03-18,17:44:20.250,7.93,99,99,97,0.000,41.71,53,0,7.73,-0.249,1.217,0.00,50,0,-172.07,-12.81,10,0.00,3.85,3.86,3.85,3.86,3.86,3.86,3.85,3.84,30.82,13.2,28,27,83.2,126,-142,277,73,0,1001,0,0,1,-1,1,1,-1,-1,-1,-1,-1,-1,
2026-03-18,17:44:20.510,7.93,97,97,97,-0.011,41.77,52,0,7.75,-0.208,1.192,0.24,49,0,-171.11,-12.87,10,0.00,3.85,3.86,3.85,3.86,3.86,3.86,3.85,3.86,30.86,13.2,28,27,83.2,116,-102,277,24,0,1001,0,0,1,-1,1,1,-1,-1,-1,-1,-1,-1,
2026-03-18,17:44:20.780,7.93,97,98,98,0.000,42.05,52,0,7.76,-0.218,0.913,-0.02,47,0,-163.11,-10.67,10,0.00,3.85,3.87,3.85,3.86,3.86,3.86,3.85,3.86,30.88,12.9,28,27,82.8,89,-42,277,31,0,1001,0,0,1,-1,1,1,-1,-1,-1,-1,-1,-1,
2026-03-18,17:44:21.040,7.93,98,98,98,0.041,42.22,52,0,7.73,-0.216,0.817,0.57,46,0,-160.83,-9.26,10,0.00,3.85,3.87,3.85,3.86,3.86,3.86,3.85,3.86,30.88,12.9,28,27,74.1,0,-25,278,-95,0,1001,0,0,1,-1,1,1,-1,-1,-1,-1,-1,-1,
2026-03-18,17:44:21.310,7.93,100,100,97,0.041,42.45,52,0,7.75,-0.216,0.817,0.71,46,0,-160.51,-7.60,10,0.00,3.85,3.87,3.86,3.86,3.86,3.86,3.85,3.86,30.89,12.7,28,27,74.3,-32,-210,278,-20,0,1001,0,0,1,-1,1,1,-1,-1,-1,-1,-1,-1,
2026-03-18,17:44:21.580,7.93,100,100,97,0.063,42.45,51,0,7.76,-0.244,0.958,0.52,48,0,-160.51,-7.60,10,0.00,3.85,3.87,3.86,3.86,3.86,3.86,3.85,3.86,30.89,12.7,28,27,74.3,-69,-122,277,-78,0,1000,0,0,1,-1,1,1,-1,-1,-1,-1,-1,-1,
2026-03-18,17:44:21.850,7.93,98,98,97,0.057,42.31,49,0,7.76,-0.269,0.953,-0.11,50,0,-160.51,-7.60,10,0.00,3.85,3.87,3.86,3.86,3.86,3.86,3.85,3.86,30.90,13.6,28,27,73.0,-94,-225,277,-45,0,1001,0,0,1,-1,1,1,-1,-1,-1,-1,-1,-1,
2026-03-18,17:44:22.120,7.93,95,96,96,0.057,42.10,48,0,7.76,-0.271,1.041,-0.57,51,0,-170.37,-8.67,10,0.00,3.85,3.86,3.86,3.86,3.86,3.86,3.85,3.86,30.90,13.6,28,27,75.6,-84,-227,277,-31,0,1001,0,0,1,-1,1,1,-1,-1,-1,-1,-1,-1,
2026-03-18,17:44:22.380,7.94,94,96,96,0.061,41.71,48,0,7.76,-0.243,1.000,-0.99,53,0,-177.63,-10.31,10,0.00,3.85,3.86,3.85,3.86,3.86,3.86,3.85,3.86,30.90,13.4,28,27,75.6,-77,-230,276,0,0,1001,0,0,1,-1,1,1,-1,-1,-1,-1,-1,-1,
2026-03-18,17:44:22.650,7.94,96,97,96,0.008,41.50,49,0,7.76,-0.246,1.097,-0.98,54,0,124.22,-11.28,10,0.00,3.85,3.86,3.85,3.86,3.86,3.86,3.85,3.86,30.90,13.4,28,27,78.9,-67,-316,276,2,0,1001,0,0,1,-1,1,1,-1,-1,-1,-1,-1,-1,
2026-03-18,17:44:22.920,7.93,99,99,96,-0.002,41.41,50,0,7.76,-0.325,1.265,-0.50,55,0,-174.56,-14.27,10,0.00,3.85,3.86,3.85,3.86,3.86,3.86,3.85,3.86,30.92,13.6,28,27,75.9,0,-289,276,71,0,1001,0,0,1,-1,1,1,-1,-1,-1,-1,-1,-1,
2026-03-18,17:44:23.180,7.93,100,100,96,0.052,41.35,50,0,7.74,-0.247,0.993,-0.34,56,0,-174.56,-14.27,10,0.00,3.85,3.87,3.85,3.86,3.86,3.86,3.85,3.86,30.92,13.6,28,27,75.9,-31,-133,277,0,0,1001,0,0,1,-1,1,1,-1,-1,-1,-1,-1,-1,
2026-03-18,17:44:23.450,7.93,100,100,96,0.033,41.26,50,0,7.75,-0.228,0.825,-0.21,55,0,146.71,-15.02,10,0.00,3.85,3.87,3.85,3.86,3.86,3.86,3.85,3.86,30.93,13.2,28,27,76.7,-30,-249,275,22,0,1001,0,0,1,-1,1,1,-1,-1,-1,-1,-1,-1,
2026-03-18,17:44:23.720,7.93,100,100,97,0.060,41.54,48,0,7.73,-0.310,1.169,0.49,54,0,174.99,-16.74,10,0.00,3.85,3.87,3.85,3.86,3.86,3.86,3.85,3.86,30.93,13.2,28,27,74.1,276,-178,280,480,0,1001,0,0,1,-1,1,1,-1,-1,-1,-1,-1,-1,
2026-03-18,17:44:23.980,7.93,95,97,97,0.026,41.75,45,0,7.70,-0.247,0.916,0.74,54,0,174.38,-17.03,10,0.00,3.85,3.87,3.85,3.86,3.86,3.86,3.85,3.86,30.93,13.2,28,27,74.6,398,-231,298,551,0,1001,0,0,1,-1,1,1,-1,-1,-1,-1,-1,-1,
2026-03-18,17:44:24.260,7.93,93,98,98,0.011,41.82,44,0,7.72,-0.260,1.122,0.54,55,0,-170.52,-15.87,10,0.00,3.85,3.87,3.85,3.86,3.86,3.86,3.85,3.86,30.93,13.5,28,27,78.3,290,-380,299,352,0,1001,0,0,1,-1,1,1,-1,-1,-1,-1,-1,-1,
2026-03-18,17:44:24.540,7.93,87,98,98,0.024,41.70,42,0,7.71,-0.273,1.365,0.00,57,0,-159.14,-17.90,10,0.00,3.85,3.86,3.85,3.86,3.86,3.86,3.85,3.86,30.93,13.5,28,27,80.2,332,-380,300,316,0,1001,0,0,1,-1,1,1,-1,-1,-1,-1,-1,-1,
2026-03-18,17:44:24.800,7.93,91,98,98,0.027,41.79,42,0,7.73,-0.391,1.605,0.01,57,0,-154.14,-19.86,10,0.00,3.85,3.86,3.86,3.86,3.86,3.86,3.85,3.86,30.93,13.7,28,27,80.2,378,-391,300,317,0,1001,0,0,1,-1,1,1,-1,-1,-1,-1,-1,-1,
2026-03-18,17:44:25.060,7.93,87,98,98,-0.004,42.36,42,0,7.75,-0.277,1.123,0.95,56,0,-137.76,-18.31,10,0.00,3.85,3.86,3.86,3.86,3.85,3.86,3.85,3.86,30.93,13.7,28,27,78.2,325,-398,298,290,0,1001,0,0,1,-1,1,1,-1,-1,-1,-1,-1,-1,
2026-03-18,17:44:25.330,7.93,85,98,98,0.020,43.14,42,0,7.73,-0.344,1.323,2.14,51,0,-130.93,-17.41,10,0.00,3.85,3.86,3.86,3.86,3.85,3.86,3.85,3.86,30.93,13.7,28,27,77.2,163,-466,297,0,0,1001,0,0,1,-1,1,1,-1,-1,-1,-1,-1,-1,
2026-03-18,17:44:25.590,7.94,78,98,98,0.024,43.14,42,0,7.75,-0.346,1.370,2.09,50,0,-120.89,-14.82,10,0.00,3.85,3.86,3.86,3.86,3.85,3.86,3.85,3.86,30.93,13.7,28,27,77.2,168,-501,296,0,0,1001,0,0,1,-1,1,1,-1,-1,-1,-1,-1,-1,
2026-03-18,17:44:25.860,7.93,74,99,99,0.013,45.16,41,0,7.71,-0.321,1.263,2.31,54,0,-112.60,-11.54,10,0.00,3.85,3.86,3.85,3.86,3.85,3.86,3.85,3.86,30.92,14.0,28,27,77.2,105,-538,296,0,0,1001,0,0,1,-1,1,1,-1,-1,-1,-1,-1,-1,
2026-03-18,17:44:26.130,7.93,77,99,99,0.034,45.66,42,0,7.73,-0.362,1.426,2.09,56,0,-107.48,-9.72,10,0.00,3.85,3.86,3.85,3.86,3.85,3.86,3.85,3.86,30.92,14.0,28,27,73.5,114,-551,296,0,0,1001,0,0,1,-1,1,1,-1,-1,-1,-1,-1,-1,
2026-03-18,17:44:26.390,7.94,85,99,99,0.077,46.06,43,0,7.72,-0.395,1.427,1.74,56,0,-103.81,-7.82,10,0.00,3.85,3.86,3.85,3.86,3.85,3.86,3.85,3.86,30.91,13.6,28,27,72.4,115,-587,296,0,0,1001,0,0,1,-1,1,1,-1,-1,-1,-1,-1,-1,
2026-03-18,17:44:26.650,7.93,96,99,99,0.097,46.03,44,0,7.69,-0.376,1.493,0.74,56,0,-104.90,-3.64,10,0.00,3.85,3.86,3.85,3.86,3.85,3.86,3.85,3.85,30.91,13.6,28,27,71.1,0,-578,298,-119,0,1001,0,0,1,-1,1,1,-1,-1,-1,-1,-1,-1,
2026-03-18,17:44:26.920,7.93,99,99,99,0.080,45.59,45,0,7.72,-0.397,1.539,-0.57,55,0,-109.99,0.60,10,0.00,3.85,3.86,3.85,3.86,3.85,3.86,3.85,3.85,30.91,13.6,28,27,74.3,0,-558,298,-35,0,1001,0,0,1,-1,1,1,-1,-1,-1,-1,-1,-1,
2026-03-18,17:44:27.180,7.93,98,99,99,0.052,44.84,47,0,7.74,-0.363,1.490,-0.57,55,0,-112.55,4.34,10,0.00,3.85,3.86,3.85,3.85,3.85,3.86,3.85,3.85,30.91,13.6,28,27,75.0,-17,-572,298,-84,0,1001,0,0,1,-1,1,1,-1,-1,-1,-1,-1,-1,
2026-03-18,17:44:27.440,7.93,97,99,99,0.098,43.85,49,0,7.71,-0.541,1.838,-2.86,55,0,-111.63,6.09,10,0.00,3.85,3.86,3.85,3.85,3.86,3.85,3.85,3.85,30.90,13.9,28,27,72.2,-13,-582,304,-190,0,1001,0,0,1,-1,1,1,-1,-1,-1,-1,-1,-1,
2026-03-18,17:44:27.710,7.93,93,99,99,0.048,43.02,48,0,7.72,-0.332,1.412,-2.79,55,0,-117.16,9.51,10,0.00,3.85,3.86,3.85,3.85,3.86,3.85,3.85,3.85,30.90,13.9,28,27,72.2,-28,-490,319,-249,0,1001,0,0,1,-1,1,1,-1,-1,-1,-1,-1,-1,
2026-03-18,17:44:27.980,7.93,93,99,99,0.048,43.02,47,0,7.75,-0.402,1.650,-4.08,53,0,-121.31,9.72,10,0.00,3.84,3.86,3.85,3.85,3.86,3.85,3.85,3.85,30.89,13.8,28,27,76.7,0,-418,320,-116,0,1001,0,0,1,-1,1,1,-1,-1,-1,-1,-1,-1,
2026-03-18,17:44:28.250,7.93,93,99,99,0.041,39.77,47,0,7.73,-0.357,1.668,-5.26,52,0,-128.30,10.99,10,0.00,3.84,3.86,3.85,3.85,3.86,3.85,3.85,3.85,30.89,14.5,28,27,81.7,-87,-409,321,-365,0,1001,0,0,1,-1,1,1,-1,-1,-1,-1,-1,-1,
2026-03-18,17:44:28.520,7.93,94,99,99,0.031,36.22,46,0,7.75,-0.305,1.466,-5.90,51,0,-136.81,10.87,10,0.00,3.84,3.86,3.85,3.85,3.86,3.85,3.85,3.85,30.89,14.5,28,27,81.5,-112,-382,322,-413,0,1001,0,0,1,-1,1,1,-1,-1,-1,-1,-1,-1,
2026-03-18,17:44:28.790,7.93,93,98,98,-0.004,34.76,45,0,7.75,-0.215,1.286,-5.66,49,0,-143.32,9.31,10,0.00,3.84,3.86,3.85,3.85,3.85,3.85,3.85,3.85,30.90,14.3,28,27,87.4,-121,-353,321,-274,0,1001,0,0,1,-1,1,1,-1,-1,-1,-1,-1,-1,
2026-03-18,17:44:29.050,7.93,89,98,98,0.000,33.06,44,0,7.73,-0.306,1.557,-5.54,47,0,-151.40,3.79,10,0.00,3.84,3.86,3.85,3.85,3.85,3.85,3.85,3.85,30.90,14.3,28,27,88.3,-39,-225,321,-105,0,1001,0,0,1,-1,1,1,-1,-1,-1,-1,-1,-1,
2026-03-18,17:44:29.320,7.94,86,98,98,0.027,31.05,44,0,7.75,-0.309,1.548,-6.49,47,0,-150.96,2.76,10,0.00,3.84,3.86,3.85,3.85,3.85,3.85,3.85,3.85,30.90,14.1,28,27,88.9,-106,-201,320,-376,0,1001,0,0,1,-1,1,1,-1,-1,-1,-1,-1,-1,
2026-03-18,17:44:29.590,7.93,86,98,98,0.026,31.05,44,0,7.76,-0.109,0.852,-5.49,48,0,-157.92,3.16,10,0.00,3.84,3.86,3.85,3.86,3.85,3.85,3.85,3.85,30.90,14.1,28,27,90.9,-143,-145,321,-468,0,1001,0,0,1,-1,1,1,-1,-1,-1,-1,-1,-1,
2026-03-18,17:44:29.850,7.93,89,97,97,-0.023,29.27,45,0,7.74,-0.173,1.129,-3.29,48,0,-173.86,-0.75,10,0.00,3.84,3.86,3.85,3.86,3.86,3.86,3.85,3.85,30.91,13.8,28,27,91.5,-84,-115,320,-221,0,1001,0,0,1,-1,1,1,-1,-1,-1,-1,-1,-1,
2026-03-18,17:44:30.110,7.93,94,97,97,-0.057,28.31,46,0,7.73,-0.132,1.040,-3.23,49,0,-173.86,-0.75,10,0.00,3.84,3.86,3.85,3.86,3.86,3.86,3.85,3.85,30.91,13.8,28,27,91.5,0,-178,320,0,0,1001,0,0,1,-1,1,1,-1,-1,-1,-1,-1,-1,
2026-03-18,17:44:30.380,7.93,94,97,97,-0.005,27.56,46,0,7.75,-0.159,1.297,-2.85,48,0,-177.69,-4.20,10,0.00,3.85,3.86,3.85,3.86,3.86,3.86,3.85,3.85,30.93,13.4,28,27,94.8,-50,-160,320,-148,0,1001,0,0,1,-1,1,1,-1,-1,-1,-1,-1,-1,
2026-03-18,17:44:30.640,7.93,96,96,96,-0.016,26.39,46,0,7.75,-0.163,1.334,-3.38,49,0,-177.18,-5.24,10,0.00,3.85,3.86,3.85,3.86,3.86,3.86,3.85,3.85,30.93,13.4,28,27,98.2,-83,-26,319,-190,0,1001,0,0,1,-1,1,1,-1,-1,-1,-1,-1,-1,
2026-03-18,17:44:30.910,7.93,96,97,96,0.021,25.36,47,0,7.76,-0.062,0.815,-3.68,48,0,171.57,-5.33,10,0.00,3.85,3.86,3.86,3.86,3.86,3.86,3.85,3.85,30.93,13.2,28,27,96.9,-62,-93,320,0,0,1001,0,0,1,-1,1,1,-1,-1,-1,-1,-1,-1,
2026-03-18,17:44:31.170,7.93,97,97,96,0.039,24.84,47,0,7.76,-0.020,0.771,-2.75,49,0,173.83,-5.90,10,0.00,3.85,3.86,3.86,3.86,3.86,3.86,3.85,3.85,30.93,13.2,28,27,95.4,-48,-72,319,0,0,1001,0,0,1,-1,1,1,-1,-1,-1,-1,-1,-1,
2026-03-18,17:44:31.440,7.93,99,99,96,0.033,23.52,47,0,7.76,-0.106,1.210,-2.09,51,0,173.63,-7.03,10,0.00,3.85,3.86,3.86,3.86,3.86,3.86,3.86,3.86,30.95,13.6,28,27,99.3,-29,-67,320,0,0,1001,0,0,1,-1,1,1,-1,-1,-1,-1,-1,-1,
2026-03-18,17:44:31.710,7.93,99,99,96,-0.014,22.83,47,0,7.76,-0.078,0.952,-2.43,50,0,171.87,-7.59,10,0.00,3.85,3.87,3.86,3.86,3.86,3.86,3.86,3.86,30.95,13.6,28,27,98.5,-13,-58,320,0,0,1001,0,0,1,-1,1,1,-1,-1,-1,-1,-1,-1,
2026-03-18,17:44:31.990,7.93,100,100,96,0.003,22.18,47,0,7.76,-0.114,0.952,-2.39,50,0,173.17,-7.93,10,0.00,3.85,3.87,3.86,3.86,3.86,3.86,3.86,3.86,30.96,13.1,28,27,95.4,-7,-51,319,0,0,1001,0,0,1,-1,1,1,-1,-1,-1,-1,-1,-1,
2026-03-18,17:44:32.260,7.93,100,100,95,0.004,21.43,47,0,7.76,-0.121,0.999,-2.40,50,0,176.32,-8.45,10,0.00,3.85,3.87,3.86,3.86,3.86,3.87,3.86,3.86,30.96,13.1,28,27,93.5,0,-138,320,0,0,1001,0,0,1,-1,1,1,-1,-1,-1,-1,-1,-1,
2026-03-18,17:44:32.530,7.93,100,100,95,0.017,20.73,48,0,7.74,-0.232,1.374,-2.52,49,0,177.59,-8.36,10,0.00,3.85,3.87,3.86,3.86,3.86,3.87,3.86,3.87,30.96,13.1,28,27,92.0,0,-95,377,76,0,1001,0,0,1,-1,1,1,-1,-1,-1,-1,-1,-1,
2026-03-18,17:44:32.800,7.94,100,100,96,0.006,19.74,48,0,7.75,-0.235,1.175,-2.97,50,0,177.95,-8.71,10,0.00,3.85,3.86,3.86,3.86,3.86,3.87,3.86,3.87,30.93,14.9,28,27,92.0,0,12,379,0,0,1001,0,0,1,-1,1,1,-1,-1,-1,-1,-1,-1,
2026-03-18,17:44:33.060,7.93,100,100,96,0.018,19.03,48,0,7.76,-0.203,1.048,-2.75,51,0,-176.70,-6.63,10,0.00,3.85,3.86,3.85,3.86,3.86,3.87,3.86,3.87,30.93,14.9,28,27,89.1,0,-22,379,0,0,1001,0,0,1,-1,1,1,-1,-1,-1,-1,-1,-1,
2026-03-18,17:44:33.340,7.93,100,100,96,-0.030,18.62,48,0,7.76,-0.222,1.232,-2.21,54,0,-172.03,-5.65,10,0.00,3.85,3.86,3.85,3.86,3.85,3.85,3.86,3.87,30.90,16.5,28,27,92.0,0,-96,380,-19,0,1000,0,0,1,-1,1,1,-1,-1,-1,-1,-1,-1,
2026-03-18,17:44:33.610,7.94,100,100,97,-0.010,17.54,48,0,7.73,-0.221,1.169,-2.11,55,0,-169.11,-5.56,10,0.00,3.85,3.86,3.85,3.86,3.85,3.85,3.86,3.87,30.90,16.5,28,27,92.2,0,-192,380,-80,0,1001,0,0,1,-1,1,1,-1,-1,-1,-1,-1,-1,
2026-03-18,17:44:33.880,7.93,100,100,98,0.007,17.04,51,0,7.75,-0.217,1.351,-2.06,58,0,-169.27,-7.78,10,0.00,3.85,3.86,3.85,3.86,3.85,3.85,3.84,3.84,30.89,16.4,28,27,95.7,-25,-106,378,-115,0,1001,0,0,1,-1,1,1,-1,-1,-1,-1,-1,-1,
2026-03-18,17:44:34.150,7.93,100,100,98,-0.013,16.67,54,0,7.75,-0.158,1.172,-1.71,60,0,-170.43,-8.80,10,0.00,3.84,3.85,3.85,3.86,3.85,3.85,3.84,3.84,30.89,16.4,28,27,97.2,-52,-65,378,-118,0,1000,0,0,1,-1,1,1,-1,-1,-1,-1,-1,-1,
2026-03-18,17:44:34.420,7.93,100,100,98,0.007,16.46,56,0,7.76,-0.156,1.069,-0.99,62,0,-171.02,-10.48,10,0.00,3.84,3.85,3.84,3.85,3.85,3.85,3.84,3.84,30.89,15.9,27,27,95.9,-55,-34,378,-85,0,1001,0,0,1,-1,1,1,-1,-1,-1,-1,-1,-1,
2026-03-18,17:44:34.680,7.93,100,100,99,0.040,16.20,58,0,7.76,-0.130,0.946,-0.95,65,0,-175.29,-10.14,10,0.00,3.84,3.85,3.84,3.85,3.85,3.85,3.84,3.84,30.89,15.9,27,27,94.6,-48,-45,378,-81,0,1001,0,0,1,-1,1,1,-1,-1,-1,-1,-1,-1,
2026-03-18,17:44:34.950,7.93,100,100,99,0.009,16.08,59,0,7.76,-0.130,0.908,-0.65,67,0,-177.19,-10.03,10,0.00,3.84,3.85,3.84,3.85,3.85,3.85,3.84,3.84,30.88,15.8,27,27,95.0,-36,-23,378,-24,0,1001,0,0,1,-1,1,1,-1,-1,-1,-1,-1,-1,
2026-03-18,17:44:35.220,7.93,100,100,99,0.000,16.09,59,0,7.76,-0.156,0.943,-0.30,69,0,-178.35,-10.29,10,0.00,3.84,3.85,3.84,3.85,3.85,3.85,3.84,3.84,30.88,15.8,27,27,92.2,-22,-24,378,-27,0,1000,0,0,1,-1,1,1,-1,-1,-1,-1,-1,-1,
2026-03-18,17:44:35.480,7.93,100,100,99,0.028,16.03,57,0,7.76,-0.184,0.980,-0.14,71,0,-176.63,-9.69,10,0.00,3.84,3.85,3.84,3.85,3.85,3.85,3.84,3.84,30.86,15.9,27,27,92.2,-17,-31,378,-39,0,1001,0,0,1,-1,1,1,-1,-1,-1,-1,-1,-1,
2026-03-18,17:44:35.750,7.93,100,100,99,0.053,16.03,57,0,7.76,-0.131,0.769,-0.27,72,0,-176.28,-9.20,10,0.00,3.84,3.85,3.84,3.85,3.85,3.85,3.84,3.84,30.86,16.0,27,27,88.5,-15,-68,379,-101,0,1001,0,0,1,-1,1,1,-1,-1,-1,-1,-1,-1,
2026-03-18,17:44:36.020,7.93,100,100,99,0.028,15.53,60,0,7.76,-0.161,0.957,-0.66,74,0,56.25,-9.66,10,0.00,3.84,3.85,3.84,3.85,3.85,3.85,3.84,3.84,30.86,16.0,27,27,92.8,0,-65,379,-96,0,1001,0,0,1,-1,1,1,-1,-1,-1,-1,-1,-1,
2026-03-18,17:44:36.280,7.93,100,100,100,-0.035,15.70,63,0,7.76,-0.172,0.958,-0.62,74,0,177.71,-9.95,10,0.00,3.84,3.85,3.84,3.85,3.85,3.85,3.84,3.84,30.84,16.2,27,27,93.2,0,0,379,-15,0,1001,0,0,1,-1,1,1,-1,-1,-1,-1,-1,-1,
2026-03-18,17:44:36.540,7.94,100,100,100,0.000,15.57,64,0,7.76,-0.179,1.176,-0.02,73,0,-175.72,-9.37,10,0.00,3.83,3.85,3.84,3.85,3.85,3.85,3.84,3.84,30.84,16.2,27,27,93.7,0,-55,378,-17,0,1001,0,0,1,-1,1,1,-1,-1,-1,-1,-1,-1,
2026-03-18,17:44:36.800,7.94,100,100,100,0.011,15.38,63,0,7.76,-0.163,1.092,-0.54,68,0,-175.68,-8.50,10,0.00,3.83,3.85,3.84,3.85,3.85,3.85,3.84,3.84,30.84,16.0,27,27,96.9,0,-84,378,0,0,1001,0,0,1,-1,1,1,-1,-1,-1,-1,-1,-1,
2026-03-18,17:44:37.070,7.94,100,100,100,0.077,15.42,61,0,7.76,-0.161,0.970,-0.17,71,0,-174.62,-8.44,10,0.00,3.83,3.85,3.84,3.85,3.85,3.84,3.84,3.84,30.84,16.0,27,27,90.4,0,0,378,0,0,1001,0,0,1,-1,1,1,-1,-1,-1,-1,-1,-1,
2026-03-18,17:44:37.340,7.93,100,100,100,0.102,15.56,62,0,7.76,-0.085,0.630,0.17,75,0,-178.00,-8.62,10,0.00,3.83,3.85,3.84,3.85,3.85,3.84,3.84,3.84,30.82,16.1,27,27,88.2,0,12,379,0,0,1001,0,0,1,-1,1,1,-1,-1,-1,-1,-1,-1,
2026-03-18,17:44:37.610,7.93,100,100,100,0.036,15.70,60,0,7.76,-0.102,0.798,0.46,78,0,-178.43,-8.75,10,0.00,3.83,3.85,3.84,3.85,3.85,3.84,3.84,3.84,30.82,16.1,27,27,92.2,0,0,379,0,0,1000,0,0,1,-1,1,1,-1,-1,-1,-1,-1,-1,
2026-03-18,17:44:37.890,7.93,99,100,100,0.002,15.81,58,0,7.73,-0.163,1.033,0.40,79,0,-174.33,-8.07,10,0.00,3.83,3.85,3.84,3.84,3.85,3.84,3.84,3.84,30.82,16.1,27,27,92.2,0,-103,380,-77,0,1001,0,0,1,-1,1,1,-1,-1,-1,-1,-1,-1,
2026-03-18,17:44:38.160,7.93,99,100,100,-0.082,15.42,59,0,7.75,-0.134,0.961,-0.51,80,0,-174.83,-7.77,10,0.00,3.83,3.85,3.84,3.84,3.85,3.84,3.84,3.84,30.82,16.1,27,27,94.8,0,-132,379,-207,0,1001,0,0,1,-1,1,1,-1,-1,-1,-1,-1,-1,
2026-03-18,17:44:38.430,7.93,99,100,100,-0.083,15.12,59,0,7.75,-0.077,0.802,-0.91,76,0,-173.88,-8.92,10,0.00,3.83,3.85,3.84,3.84,3.84,3.84,3.84,3.84,30.82,16.0,27,27,96.5,-54,-161,378,-247,0,1001,0,0,1,-1,1,1,-1,-1,-1,-1,-1,-1,
2026-03-18,17:44:38.700,7.94,99,100,100,-0.016,14.58,60,0,7.76,-0.178,1.278,-0.95,71,0,-176.22,-13.28,10,0.00,3.83,3.85,3.84,3.84,3.84,3.84,3.84,3.84,30.82,16.0,27,27,99.1,-65,-151,379,-229,0,1001,0,0,1,-1,1,1,-1,-1,-1,-1,-1,-1,
2026-03-18,17:44:38.970,7.93,99,100,100,0.023,14.36,60,0,7.76,-0.174,1.150,-1.08,75,0,-179.26,-14.35,10,0.00,3.83,3.85,3.84,3.84,3.84,3.84,3.84,3.84,30.82,15.6,27,27,98.2,-53,-119,380,-159,0,1001,0,0,1,-1,1,1,-1,-1,-1,-1,-1,-1,
2026-03-18,17:44:39.240,7.93,99,100,100,0.042,14.26,63,0,7.76,-0.151,0.982,-0.61,81,0,173.10,-16.86,10,0.00,3.83,3.85,3.84,3.85,3.84,3.84,3.84,3.84,30.82,15.9,27,27,92.2,0,-22,380,0,0,1001,0,0,1,-1,1,1,-1,-1,-1,-1,-1,-1,
2026-03-18,17:44:39.500,7.93,100,100,100,-0.016,14.27,64,0,7.76,-0.134,0.635,-0.19,83,0,170.56,-16.36,10,0.00,3.83,3.85,3.84,3.85,3.85,3.84,3.84,3.84,30.82,15.9,27,27,89.5,0,-52,381,0,0,1001,0,0,1,-1,1,1,-1,-1,-1,-1,-1,-1,
2026-03-18,17:44:39.760,7.94,99,100,100,0.029,14.57,65,0,7.73,-0.369,1.624,0.42,83,0,171.94,-16.52,10,0.00,3.83,3.85,3.84,3.85,3.85,3.84,3.84,3.83,30.82,16.2,27,27,89.5,3,-53,381,38,0,1001,0,0,1,-1,1,1,-1,-1,-1,-1,-1,-1,
2026-03-18,17:44:40.020,7.93,99,100,100,-0.035,14.45,65,0,7.75,-0.201,1.109,0.17,83,0,172.21,-13.45,10,0.00,3.83,3.85,3.84,3.85,3.85,3.84,3.84,3.83,30.80,16.2,27,27,91.3,0,-60,381,0,0,1001,0,0,1,-1,1,1,-1,-1,-1,-1,-1,-1,
2026-03-18,17:44:40.290,7.93,99,100,100,-0.057,14.57,65,0,7.76,-0.137,1.129,0.10,82,0,175.45,-12.75,10,0.00,3.83,3.85,3.83,3.84,3.85,3.84,3.84,3.83,30.79,16.1,27,27,91.3,0,-33,381,0,0,1001,0,0,1,-1,1,1,-1,-1,-1,-1,-1,-1,
2026-03-18,17:44:40.560,7.94,100,100,100,0.000,14.86,66,0,7.76,-0.164,1.032,0.64,80,0,-176.99,-11.90,10,0.00,3.83,3.85,3.83,3.84,3.84,3.83,3.84,3.83,30.79,16.1,27,27,93.0,0,0,380,0,0,1001,0,0,1,-1,1,1,-1,-1,-1,-1,-1,-1,
2026-03-18,17:44:40.820,7.94,100,100,100,0.056,15.13,67,0,7.76,-0.138,0.912,0.86,78,0,-4.51,-10.94,10,0.00,3.83,3.85,3.83,3.84,3.84,3.83,3.84,3.83,30.79,16.1,27,27,93.3,0,0,380,0,0,1001,0,0,1,-1,1,1,-1,-1,-1,-1,-1,-1,
2026-03-18,17:44:41.080,7.94,100,100,100,0.045,15.31,68,0,7.76,-0.144,0.987,0.76,77,0,176.51,-10.32,10,0.00,3.83,3.85,3.83,3.84,3.84,3.83,3.84,3.83,30.79,16.1,27,27,93.3,-7,-9,378,0,0,1001,0,0,1,-1,1,1,-1,-1,-1,-1,-1,-1,
2026-03-18,17:44:41.340,7.94,100,100,100,0.032,15.89,68,0,7.76,-0.114,0.840,0.69,76,0,177.58,-9.35,10,0.00,3.83,3.84,3.83,3.84,3.84,3.83,3.84,3.83,30.78,16.0,27,27,90.6,-21,-46,378,0,0,1001,0,0,1,-1,1,1,-1,-1,-1,-1,-1,-1,
2026-03-18,17:44:41.610,7.93,100,100,100,-0.013,16.38,67,0,7.76,-0.083,0.583,1.34,75,0,177.51,-9.59,10,0.00,3.83,3.84,3.83,3.84,3.84,3.83,3.84,3.83,30.78,16.0,27,27,94.6,-24,-48,376,0,0,1000,0,0,1,-1,1,1,-1,-1,-1,-1,-1,-1,
2026-03-18,17:44:41.870,7.94,100,100,100,0.039,16.42,65,0,7.76,-0.126,0.912,0.88,76,0,178.39,-11.03,10,0.00,3.83,3.84,3.83,3.84,3.84,3.83,3.84,3.83,30.79,15.8,27,27,94.3,0,-48,335,-2,0,1001,0,0,1,-1,1,1,-1,-1,-1,-1,-1,-1,
2026-03-18,17:44:42.130,7.93,100,100,100,-0.006,16.52,64,0,7.76,-0.150,0.926,0.39,76,0,177.74,-11.20,10,0.00,3.83,3.84,3.83,3.84,3.84,3.83,3.84,3.83,30.79,15.8,27,27,94.3,-3,-76,328,-46,0,1001,0,0,1,-1,1,1,-1,-1,-1,-1,-1,-1,
2026-03-18,17:44:42.410,7.94,100,100,100,-0.016,16.77,63,0,7.76,-0.162,0.952,0.70,73,0,-38.62,-11.22,10,0.00,3.83,3.85,3.83,3.84,3.84,3.83,3.84,3.83,30.79,13.9,27,27,89.5,-22,-81,327,-38,0,1001,0,0,1,-1,1,1,-1,-1,-1,-1,-1,-1,
2026-03-18,17:44:42.670,7.94,100,100,99,0.041,16.76,62,0,7.76,-0.217,1.164,0.39,68,0,-178.62,-11.72,10,0.00,3.83,3.85,3.84,3.84,3.84,3.83,3.84,3.83,30.79,13.9,27,27,89.5,-31,-73,326,0,0,1001,0,0,1,-1,1,1,-1,-1,-1,-1,-1,-1,
2026-03-18,17:44:42.940,7.94,100,100,99,0.041,16.54,62,0,7.76,-0.164,0.873,-0.40,62,0,-178.39,-11.22,10,0.00,3.83,3.85,3.84,3.84,3.85,3.84,3.84,3.83,30.80,14.2,27,27,89.6,-35,-75,327,0,0,1001,0,0,1,-1,1,1,-1,-1,-1,-1,-1,-1,
2026-03-18,17:44:43.210,7.93,100,100,99,0.013,16.65,63,0,7.76,-0.178,0.974,0.00,58,0,-175.93,-11.19,10,0.00,3.83,3.85,3.84,3.84,3.85,3.84,3.84,3.83,30.80,14.2,27,27,88.3,-33,-115,327,-99,0,1001,0,0,1,-1,1,1,-1,-1,-1,-1,-1,-1,
2026-03-18,17:44:43.490,7.94,100,100,99,0.035,16.64,64,0,7.76,-0.204,0.994,0.04,63,0,-178.28,-11.74,10,0.00,3.83,3.85,3.84,3.84,3.85,3.84,3.84,3.84,30.80,14.1,27,27,86.5,-55,-203,357,-146,0,1001,0,0,1,-1,1,1,-1,-1,-1,-1,-1,-1,
2026-03-18,17:44:43.770,7.94,100,100,99,0.035,16.23,65,0,7.76,-0.247,1.101,-0.63,65,0,-178.28,-11.74,10,0.00,3.83,3.85,3.84,3.84,3.85,3.84,3.84,3.84,30.80,15.1,27,27,84.3,-31,-209,387,-73,0,1001,0,0,1,-1,1,1,-1,-1,-1,-1,-1,-1,
2026-03-18,17:44:44.050,7.94,100,100,99,0.003,16.23,65,0,7.76,-0.289,1.106,-0.55,66,0,174.56,-14.98,10,0.00,3.83,3.85,3.83,3.84,3.85,3.84,3.84,3.84,30.76,15.1,27,27,83.3,0,-122,387,0,0,1001,0,0,1,-1,1,1,-1,-1,-1,-1,-1,-1,
2026-03-18,17:44:44.310,7.94,100,100,98,-0.005,16.45,65,0,7.76,-0.289,1.035,0.33,64,0,134.43,-15.68,10,0.00,3.83,3.85,3.83,3.84,3.84,3.83,3.84,3.84,30.73,16.7,27,27,81.7,0,-174,386,0,0,1001,0,0,1,-1,1,1,-1,-1,-1,-1,-1,-1,
2026-03-18,17:44:44.570,7.93,100,100,98,-0.001,16.77,65,0,7.76,-0.301,1.073,0.94,63,0,-176.20,-15.94,10,0.00,3.83,3.85,3.83,3.84,3.84,3.83,3.83,3.83,30.73,16.7,27,27,80.0,0,-160,385,-35,0,1001,0,0,1,-1,1,1,-1,-1,-1,-1,-1,-1,
2026-03-18,17:44:44.840,7.93,100,100,98,0.032,16.77,64,0,7.76,-0.296,1.030,1.06,59,0,-177.64,-17.43,10,0.00,3.82,3.83,3.83,3.84,3.84,3.83,3.83,3.83,30.70,16.7,27,27,79.3,0,-163,386,-76,0,1001,0,0,1,-1,1,1,-1,-1,-1,-1,-1,-1,
2026-03-18,17:44:45.110,7.93,100,100,98,0.051,17.40,64,0,7.76,-0.329,1.163,1.10,55,0,-177.65,-17.89,10,0.00,3.82,3.83,3.82,3.83,3.84,3.83,3.83,3.83,30.70,16.7,27,27,78.3,0,-28,385,-47,0,1001,0,0,1,-1,1,1,-1,-1,-1,-1,-1,-1,
2026-03-18,17:44:45.370,7.93,100,100,98,0.031,17.50,64,0,7.76,-0.266,0.865,0.64,53,0,-178.35,-16.83,10,0.00,3.82,3.83,3.82,3.83,3.82,3.82,3.83,3.83,30.67,16.5,27,27,78.3,0,-63,384,-56,0,1001,0,0,1,-1,1,1,-1,-1,-1,-1,-1,-1,
2026-03-18,17:44:45.650,7.93,100,100,98,0.036,17.50,64,0,7.76,-0.245,0.741,1.28,48,0,18.49,-16.18,10,0.00,3.82,3.83,3.82,3.83,3.82,3.82,3.83,3.83,30.67,16.5,27,27,76.3,0,-103,383,0,0,1001,0,0,1,-1,1,1,-1,-1,-1,-1,-1,-1,
2026-03-18,17:44:45.920,7.94,100,100,98,0.046,18.82,64,0,7.76,-0.366,1.225,2.13,46,0,178.57,-16.85,10,0.00,3.82,3.83,3.82,3.83,3.82,3.82,3.82,3.82,30.65,16.5,27,27,78.7,0,-105,382,0,0,1001,0,0,1,-1,1,1,-1,-1,-1,-1,-1,-1,
2026-03-18,17:44:46.190,7.94,100,100,97,-0.012,19.82,64,0,7.76,-0.312,0.650,1.79,47,0,-170.13,-14.80,10,0.00,3.81,3.83,3.82,3.83,3.82,3.82,3.82,3.82,30.65,16.5,27,27,79.6,0,-86,382,0,0,1001,0,0,1,-1,1,1,-1,-1,-1,-1,-1,-1,
2026-03-18,17:44:46.460,7.93,100,100,97,0.081,20.62,63,0,7.76,-0.326,1.084,2.61,45,0,-176.58,-15.41,10,0.00,3.81,3.83,3.82,3.82,3.82,3.82,3.82,3.82,30.63,16.3,28,27,79.6,0,-89,382,0,0,1001,0,0,1,-1,1,1,-1,-1,-1,-1,-1,-1,
2026-03-18,17:44:46.740,7.93,100,100,97,0.053,20.87,63,0,7.76,-0.190,0.595,1.49,43,0,-179.16,-15.53,10,0.00,3.81,3.83,3.82,3.82,3.82,3.81,3.82,3.82,30.63,16.5,28,27,78.3,0,-96,385,0,0,1001,0,0,1,-1,1,1,-1,-1,-1,-1,-1,-1,
2026-03-18,17:44:47.020,7.93,100,100,96,0.062,21.28,63,0,7.76,-0.391,1.143,1.41,43,0,-179.52,-16.27,10,0.00,3.81,3.83,3.82,3.82,3.82,3.81,3.82,3.81,30.62,16.5,27,27,77.6,0,-118,472,0,0,1001,0,0,1,-1,1,1,-1,-1,-1,-1,-1,-1,
2026-03-18,17:44:47.290,7.93,100,100,96,-0.022,21.67,63,0,7.76,-0.277,0.616,1.46,45,0,177.32,-14.72,10,0.00,3.81,3.83,3.82,3.82,3.82,3.81,3.82,3.81,30.52,19.7,27,27,83.7,0,-225,599,74,0,1001,0,0,1,-1,1,1,-1,-1,-1,-1,-1,-1,
2026-03-18,17:44:47.550,7.93,100,100,96,-0.024,21.58,63,0,7.76,-0.307,0.857,0.28,49,0,177.33,-16.47,10,0.00,3.81,3.83,3.80,3.81,3.82,3.81,3.82,3.81,30.52,19.7,27,27,85.4,0,-194,612,141,0,1001,0,0,1,-1,1,1,-1,-1,-1,-1,-1,-1,
2026-03-18,17:44:47.810,7.93,100,100,95,0.062,21.67,61,0,7.73,-0.558,1.735,0.54,50,0,-173.26,-21.13,10,0.00,3.81,3.83,3.80,3.81,3.80,3.79,3.82,3.81,30.44,29.7,28,27,85.4,0,-173,599,229,0,1001,0,0,1,-1,1,1,-1,-1,-1,-1,-1,-1,
2026-03-18,17:44:48.070,7.93,100,100,95,0.118,21.74,61,0,7.70,-0.439,1.484,0.08,52,0,-168.92,-20.40,10,0.00,3.81,3.83,3.80,3.81,3.80,3.79,3.78,3.77,30.44,29.7,28,27,88.0,0,-165,598,281,0,1001,0,0,1,-1,1,1,-1,-1,-1,-1,-1,-1,
2026-03-18,17:44:48.330,7.93,100,100,96,0.078,21.53,60,0,7.73,-0.363,1.013,-0.17,51,0,-169.33,-21.73,10,0.00,3.81,3.83,3.80,3.81,3.80,3.79,3.78,3.77,30.36,28.3,28,27,91.5,0,-167,597,284,0,1001,0,0,1,-1,1,1,-1,-1,-1,-1,-1,-1,
2026-03-18,17:44:48.590,7.93,100,100,96,0.101,22.28,60,0,7.72,-0.405,1.238,0.88,50,0,-166.68,-23.59,10,0.00,3.76,3.78,3.80,3.81,3.80,3.79,3.78,3.77,30.36,28.3,28,27,85.6,0,-150,597,409,0,1001,0,0,1,-1,1,1,-1,-1,-1,-1,-1,-1,
2026-03-18,17:44:48.860,7.93,100,100,96,0.151,23.83,60,0,7.71,-0.399,1.131,2.49,48,0,-165.84,-24.60,10,0.00,3.76,3.78,3.76,3.76,3.80,3.79,3.78,3.77,30.29,28.7,28,27,80.7,0,-145,597,480,0,1001,0,0,1,-1,1,1,-1,-1,-1,-1,-1,-1,
2026-03-18,17:44:49.120,7.93,100,100,95,0.064,25.24,59,0,7.74,-0.465,1.061,3.91,47,0,-159.83,-23.92,10,0.00,3.76,3.78,3.76,3.76,3.78,3.76,3.78,3.77,30.29,28.7,28,27,84.5,0,-116,597,568,0,1001,0,0,1,-1,1,1,-1,-1,-1,-1,-1,-1,
2026-03-18,17:44:49.390,7.94,100,100,95,0.088,26.54,59,0,7.75,-0.368,0.972,4.41,44,0,-150.27,-22.95,10,0.00,3.76,3.78,3.76,3.76,3.78,3.76,3.77,3.75,30.23,28.7,28,27,83.7,0,-132,597,569,0,1001,0,0,1,-1,1,1,-1,-1,-1,-1,-1,-1,
2026-03-18,17:44:49.660,7.93,100,100,94,0.139,27.61,59,0,7.76,-0.279,0.665,3.98,45,0,-134.20,-21.00,10,0.00,3.75,3.77,3.76,3.76,3.78,3.76,3.77,3.75,30.23,28.7,28,27,83.7,5,-146,598,555,0,1001,0,0,1,-1,1,1,-1,-1,-1,-1,-1,-1,
2026-03-18,17:44:49.930,7.93,99,99,94,0.139,28.98,60,0,7.76,-0.315,0.785,4.53,46,0,-125.91,-20.24,10,0.00,3.75,3.77,3.75,3.75,3.78,3.76,3.77,3.75,30.18,29.1,27,27,82.8,0,-175,598,497,0,1001,0,0,1,-1,1,1,-1,-1,-1,-1,-1,-1,
2026-03-18,17:44:50.200,7.93,98,98,95,0.157,29.85,57,0,7.76,-0.313,0.797,3.67,49,0,-110.98,-16.23,10,0.00,3.75,3.77,3.75,3.75,3.77,3.75,3.77,3.75,30.18,29.1,27,27,82.8,-25,-278,597,0,0,1001,0,0,1,-1,1,1,-1,-1,-1,-1,-1,-1,
2026-03-18,17:44:50.470,7.93,97,97,95,0.137,30.64,56,0,7.76,-0.377,1.130,3.13,49,0,-114.78,-12.97,10,0.00,3.75,3.77,3.75,3.75,3.77,3.75,3.75,3.75,30.14,29.1,27,27,81.7,-66,-368,596,-169,0,1001,0,0,1,-1,1,1,-1,-1,-1,-1,-1,-1,
2026-03-18,17:44:50.730,7.93,95,96,96,0.126,31.36,55,0,7.71,-0.451,1.522,2.68,52,0,-114.78,-12.97,10,0.00,3.75,3.77,3.75,3.75,3.77,3.75,3.75,3.75,30.14,28.4,27,27,81.7,-56,-444,598,0,0,1001,0,0,1,-1,1,1,-1,-1,-1,-1,-1,-1,
2026-03-18,17:44:51.000,7.93,94,97,97,0.048,31.64,54,0,7.72,-0.515,1.877,1.77,50,0,-122.44,-10.19,10,0.00,3.74,3.76,3.75,3.75,3.77,3.75,3.75,3.75,30.11,28.4,27,27,88.3,-41,-468,597,0,0,1000,0,0,1,-1,1,1,-1,-1,-1,-1,-1,-1,
2026-03-18,17:44:51.260,7.94,91,96,96,0.061,32.24,51,0,7.68,-0.499,1.807,1.85,48,0,-117.91,-10.10,10,0.00,3.74,3.76,3.74,3.74,3.77,3.75,3.75,3.75,30.11,28.4,27,27,89.1,-40,-468,597,-79,0,1001,0,0,1,-1,1,1,-1,-1,-1,-1,-1,-1,
2026-03-18,17:44:51.540,7.94,84,96,96,0.106,32.29,46,0,7.67,-0.530,1.975,0.17,50,0,-116.99,-11.24,10,0.00,3.74,3.76,3.74,3.74,3.76,3.74,3.75,3.75,30.08,28.4,27,27,91.3,-27,-458,597,-76,0,1001,0,0,1,-1,1,1,-1,-1,-1,-1,-1,-1,
2026-03-18,17:44:51.810,7.94,74,96,96,0.128,32.16,42,0,7.69,-0.453,1.715,-0.18,51,0,-124.84,-12.83,10,0.00,3.74,3.76,3.74,3.74,3.76,3.74,3.75,3.74,30.06,28.4,27,27,90.6,0,-440,597,-57,0,1001,0,0,1,-1,1,1,-1,-1,-1,-1,-1,-1,
2026-03-18,17:44:52.070,7.93,74,96,96,0.124,32.11,41,0,7.71,-0.505,1.838,-0.18,53,0,-128.17,-13.14,10,0.00,3.74,3.75,3.74,3.74,3.76,3.74,3.75,3.74,30.06,28.4,27,27,87.4,0,-358,597,0,0,1001,0,0,1,-1,1,1,-1,-1,-1,-1,-1,-1,
2026-03-18,17:44:52.330,7.93,80,96,96,0.084,32.12,42,0,7.73,-0.539,1.662,-0.06,50,0,-128.17,-13.14,10,0.00,3.74,3.75,3.74,3.74,3.76,3.74,3.75,3.74,30.03,28.5,27,27,84.6,0,-399,598,0,0,1001,0,0,1,-1,1,1,-1,-1,-1,-1,-1,-1,
2026-03-18,17:44:52.590,7.94,89,95,95,0.067,32.41,42,0,7.72,-0.421,1.433,-0.06,46,0,-128.17,-13.14,10,0.00,3.74,3.75,3.74,3.74,3.76,3.74,3.75,3.74,30.03,28.5,27,27,84.6,0,-413,597,0,0,1001,0,0,1,-1,1,1,-1,-1,-1,-1,-1,-1,
2026-03-18,17:44:52.870,7.94,93,95,95,0.062,32.56,43,0,7.69,-0.436,1.483,0.59,47,0,-127.73,-13.85,10,0.00,3.74,3.75,3.74,3.74,3.76,3.74,3.75,3.74,30.00,28.8,27,27,88.2,0,-420,598,0,0,1001,0,0,1,-1,1,1,-1,-1,-1,-1,-1,-1,
2026-03-18,17:44:53.130,7.93,93,95,95,0.109,32.83,43,0,7.67,-0.534,1.672,0.64,49,0,-128.34,-15.91,10,0.00,3.74,3.75,3.74,3.74,3.76,3.74,3.75,3.74,30.00,28.8,27,27,84.3,0,-415,598,0,0,1001,0,0,1,-1,1,1,-1,-1,-1,-1,-1,-1,
2026-03-18,17:44:53.390,7.94,91,95,95,0.078,32.83,41,0,7.70,-0.534,1.672,0.64,50,0,-128.57,-16.52,10,0.00,3.73,3.75,3.74,3.74,3.76,3.74,3.75,3.74,29.98,28.9,28,27,83.7,0,-356,597,0,0,1001,0,0,1,-1,1,1,-1,-1,-1,-1,-1,-1,
2026-03-18,17:44:53.660,7.93,90,95,95,0.118,33.74,43,0,7.70,-0.411,1.849,1.49,49,0,-125.39,-18.95,10,0.00,3.73,3.75,3.73,3.73,3.76,3.74,3.75,3.74,29.98,28.9,28,27,91.9,0,-381,597,0,0,1001,0,0,1,-1,1,1,-1,-1,-1,-1,-1,-1,
2026-03-18,17:44:53.920,7.94,91,95,95,0.122,33.93,44,0,7.72,-0.444,1.476,0.95,50,0,-126.61,-19.45,10,0.00,3.73,3.75,3.73,3.73,3.75,3.73,3.75,3.74,29.95,28.4,28,27,85.9,0,-301,597,0,0,1001,0,0,1,-1,1,1,-1,-1,-1,-1,-1,-1,
2026-03-18,17:44:54.190,7.93,96,96,95,0.002,34.89,47,0,7.72,-0.428,1.302,1.66,51,0,-127.36,-18.88,10,0.00,3.73,3.75,3.73,3.73,3.75,3.73,3.74,3.73,29.95,28.4,28,27,82.6,0,-270,596,-5,0,1001,0,0,1,-1,1,1,-1,-1,-1,-1,-1,-1,
2026-03-18,17:44:54.460,7.93,97,97,93,0.077,36.55,48,0,7.71,-0.436,0.950,4.05,47,0,-111.73,-16.04,10,0.00,3.73,3.74,3.73,3.73,3.75,3.73,3.74,3.73,29.95,28.4,28,27,76.7,0,-232,596,-67,0,1001,0,0,1,-1,1,1,-1,-1,-1,-1,-1,-1,
2026-03-18,17:44:54.740,7.93,94,94,91,0.136,36.55,48,0,7.74,-0.390,1.001,4.28,43,0,-112.68,-16.16,10,0.00,3.73,3.74,3.73,3.73,3.75,3.73,3.74,3.73,29.95,28.9,28,27,80.2,-3,-193,597,-232,0,1001,0,0,1,-1,1,1,-1,-1,-1,-1,-1,-1,
2026-03-18,17:44:55.010,7.93,93,93,91,0.155,37.56,48,0,7.75,-0.362,1.038,1.88,46,0,-127.01,-16.34,10,0.00,3.73,3.74,3.73,3.73,3.75,3.72,3.74,3.73,29.93,28.9,28,27,80.2,-54,-105,596,-433,0,1001,0,0,1,-1,1,1,-1,-1,-1,-1,-1,-1,
2026-03-18,17:44:55.290,7.93,84,92,92,0.064,37.84,46,0,7.76,-0.346,0.824,1.06,58,0,-144.68,-14.43,10,0.00,3.73,3.74,3.73,3.73,3.75,3.72,3.74,3.73,29.93,28.5,28,27,81.7,-69,0,596,-459,0,1001,0,0,1,-1,1,1,-1,-1,-1,-1,-1,-1,
2026-03-18,17:44:55.550,7.93,86,92,92,0.064,38.36,47,0,7.76,-0.319,0.977,1.06,63,0,-144.68,-14.43,10,0.00,3.72,3.73,3.73,3.73,3.75,3.72,3.73,3.73,29.93,28.5,28,27,83.5,-62,-5,596,-380,0,1001,0,0,1,-1,1,1,-1,-1,-1,-1,-1,-1,
2026-03-18,17:44:55.810,7.93,89,93,93,-0.100,39.13,48,0,7.76,-0.282,0.786,2.25,70,0,-162.66,-13.18,10,0.00,3.72,3.73,3.73,3.73,3.75,3.72,3.73,3.73,29.93,28.4,28,27,90.0,-55,-66,596,-370,0,1001,0,0,1,-1,1,1,-1,-1,-1,-1,-1,-1,
2026-03-18,17:44:56.080,7.93,99,99,93,-0.095,39.64,49,0,7.76,-0.309,0.962,2.03,73,0,-164.71,-14.49,10,0.00,3.72,3.73,3.73,3.72,3.75,3.72,3.73,3.73,29.93,28.4,28,27,93.0,-79,-85,596,-393,0,1001,0,0,1,-1,1,1,-1,-1,-1,-1,-1,-1,
2026-03-18,17:44:56.350,7.93,99,99,93,-0.004,39.98,50,0,7.76,-0.325,1.009,1.38,75,0,-168.16,-17.13,10,0.00,3.72,3.73,3.73,3.72,3.75,3.72,3.73,3.73,29.92,28.3,28,27,89.5,-76,-66,596,-401,0,1001,0,0,1,-1,1,1,-1,-1,-1,-1,-1,-1,
2026-03-18,17:44:56.620,7.93,98,98,94,0.081,39.20,52,0,7.72,-0.324,0.866,-1.00,75,0,151.51,-19.26,10,0.00,3.72,3.73,3.73,3.72,3.75,3.72,3.73,3.73,29.92,28.3,28,27,84.3,-104,-41,593,-455,0,1001,0,0,1,-1,1,1,-1,-1,-1,-1,-1,-1,
2026-03-18,17:44:56.890,7.93,98,98,95,0.082,38.95,55,0,7.71,-0.382,1.131,-1.37,74,0,167.44,-19.55,10,0.00,3.72,3.74,3.73,3.72,3.75,3.72,3.73,3.73,29.89,28.5,28,27,84.1,-72,-122,594,-68,0,1001,0,0,1,-1,1,1,-1,-1,-1,-1,-1,-1,
2026-03-18,17:44:57.150,7.93,98,98,95,-0.019,38.82,58,0,7.74,-0.333,0.792,-0.69,73,0,153.78,-20.56,10,0.00,3.72,3.74,3.72,3.72,3.75,3.72,3.73,3.73,29.89,28.5,28,27,83.7,-33,14,594,0,0,1001,0,0,1,-1,1,1,-1,-1,-1,-1,-1,-1,
2026-03-18,17:44:57.430,7.93,99,99,95,-0.034,39.30,61,0,7.75,-0.378,1.123,0.45,70,0,153.78,-20.56,10,0.00,3.72,3.74,3.72,3.72,3.74,3.72,3.73,3.73,29.88,28.3,28,27,83.7,-27,-79,595,0,0,1001,0,0,1,-1,1,1,-1,-1,-1,-1,-1,-1,
2026-03-18,17:44:57.710,7.93,99,99,96,-0.036,39.54,63,0,7.73,-0.377,1.139,1.02,68,0,160.92,-21.19,10,0.00,3.72,3.74,3.72,3.72,3.74,3.72,3.73,3.72,29.88,28.3,28,27,88.3,-32,-184,594,-131,0,1001,0,0,1,-1,1,1,-1,-1,-1,-1,-1,-1,
2026-03-18,17:44:57.980,7.93,99,99,96,0.038,39.11,63,0,7.75,-0.368,1.128,-0.40,66,0,166.19,-20.15,10,0.00,3.72,3.73,3.72,3.72,3.74,3.72,3.73,3.72,29.86,28.5,28,27,88.3,-73,-220,593,-305,0,1001,0,0,1,-1,1,1,-1,-1,-1,-1,-1,-1,
2026-03-18,17:44:58.240,7.93,99,99,97,0.037,38.83,62,0,7.73,-0.383,1.198,-0.87,67,0,161.90,-22.10,10,0.00,3.72,3.73,3.72,3.72,3.74,3.72,3.73,3.72,29.86,28.5,28,27,86.9,-85,-250,593,-327,0,1001,0,0,1,-1,1,1,-1,-1,-1,-1,-1,-1,
2026-03-18,17:44:58.500,7.93,99,99,98,-0.008,38.62,60,0,7.71,-0.411,1.342,-0.85,66,0,149.51,-25.31,10,0.00,3.72,3.73,3.72,3.72,3.74,3.72,3.73,3.72,29.85,28.5,28,27,88.3,-89,-268,594,-323,0,1001,0,0,1,-1,1,1,-1,-1,-1,-1,-1,-1,
2026-03-18,17:44:58.770,7.93,94,100,100,-0.006,38.63,55,0,7.72,-0.458,1.450,-0.44,66,0,142.50,-28.47,10,0.00,3.72,3.73,3.72,3.72,3.74,3.72,3.73,3.72,29.84,28.5,28,27,88.3,-94,-337,594,-309,0,1001,0,0,1,-1,1,1,-1,-1,-1,-1,-1,-1,
2026-03-18,17:44:59.050,7.93,94,100,100,-0.017,39.87,53,0,7.69,-0.445,1.378,1.82,67,0,140.21,-29.94,10,0.00,3.72,3.73,3.72,3.72,3.74,3.72,3.73,3.72,29.84,28.5,28,27,85.6,-87,-333,594,-313,0,1001,0,0,1,-1,1,1,-1,-1,-1,-1,-1,-1,
2026-03-18,17:44:59.310,7.93,95,100,100,0.020,40.31,54,0,7.73,-0.492,1.532,1.94,66,0,134.13,-32.51,10,0.00,3.71,3.73,3.72,3.72,3.74,3.72,3.73,3.72,29.82,28.3,28,27,85.6,-92,-170,592,-445,0,1001,0,0,1,-1,1,1,-1,-1,-1,-1,-1,-1,
2026-03-18,17:44:59.570,7.94,99,100,100,0.002,40.81,58,0,7.75,-0.396,1.245,1.68,66,0,126.22,-32.28,10,0.00,3.71,3.73,3.72,3.72,3.74,3.72,3.73,3.72,29.82,28.3,28,27,85.6,-96,-376,594,-193,0,1000,0,0,1,-1,1,1,-1,-1,-1,-1,-1,-1,
2026-03-18,17:44:59.830,7.94,99,99,99,-0.034,41.79,59,0,7.73,-0.463,1.488,2.51,63,0,116.29,-30.58,10,0.00,3.71,3.73,3.72,3.72,3.74,3.71,3.73,3.72,29.81,28.3,28,27,85.6,-82,-411,594,-192,0,1001,0,0,1,-1,1,1,-1,-1,-1,-1,-1,-1,
2026-03-18,17:45:00.090,7.93,99,99,99,0.018,43.00,56,0,7.72,-0.584,1.634,3.62,62,0,120.76,-29.98,10,0.00,3.71,3.73,3.72,3.72,3.74,3.71,3.72,3.71,29.81,28.3,28,27,85.6,-79,-332,594,-299,0,1001,0,0,1,-1,1,1,-1,-1,-1,-1,-1,-1,
2026-03-18,17:45:00.360,7.93,99,99,99,0.062,43.84,54,0,7.73,-0.546,1.592,3.37,63,0,119.35,-27.82,10,0.00,3.71,3.72,3.72,3.72,3.74,3.71,3.72,3.71,29.79,28.4,28,27,80.0,-78,-278,594,-333,0,1001,0,0,1,-1,1,1,-1,-1,-1,-1,-1,-1,
2026-03-18,17:45:00.620,7.93,99,99,99,-0.031,44.20,53,0,7.72,-0.477,1.133,2.26,62,0,112.42,-24.91,10,0.00,3.71,3.72,3.72,3.72,3.74,3.71,3.72,3.71,29.79,28.4,28,27,82.8,-70,-406,594,-17,0,1001,0,0,1,-1,1,1,-1,-1,-1,-1,-1,-1,
2026-03-18,17:45:00.890,7.93,97,99,99,-0.031,44.87,52,0,7.75,-0.446,1.404,1.94,63,0,103.18,-21.01,10,0.00,3.71,3.72,3.71,3.71,3.74,3.71,3.72,3.71,29.77,28.3,28,27,83.7,-35,-424,595,0,0,1001,0,0,1,-1,1,1,-1,-1,-1,-1,-1,-1,
2026-03-18,17:45:01.160,7.94,95,99,99,0.000,44.87,52,0,7.75,-0.567,1.703,3.05,62,0,109.69,-18.90,10,0.00,3.71,3.72,3.71,3.71,3.73,3.71,3.72,3.71,29.77,28.3,28,27,81.7,-18,-391,594,0,0,1001,0,0,1,-1,1,1,-1,-1,-1,-1,-1,-1,
2026-03-18,17:45:01.420,7.93,94,99,99,0.011,46.58,51,0,7.74,-0.488,1.411,2.85,61,0,112.13,-17.11,10,0.00,3.71,3.72,3.71,3.71,3.73,3.71,3.72,3.71,29.77,28.6,28,27,81.7,0,-285,595,-28,0,1001,0,0,1,-1,1,1,-1,-1,-1,-1,-1,-1,
2026-03-18,17:45:01.680,7.94,93,98,98,-0.036,47.00,49,0,7.71,-0.409,1.280,1.16,60,0,114.10,-13.07,10,0.00,3.70,3.72,3.71,3.71,3.73,3.71,3.72,3.71,29.77,28.6,28,27,86.5,-1,-382,594,0,0,1001,0,0,1,-1,1,1,-1,-1,-1,-1,-1,-1,
2026-03-18,17:45:01.950,7.94,93,98,98,-0.018,47.60,49,0,7.70,-0.451,1.392,1.18,58,0,118.67,-11.41,10,0.00,3.70,3.72,3.71,3.71,3.73,3.71,3.72,3.71,29.76,28.3,28,27,83.5,0,-419,594,0,0,1001,0,0,1,-1,1,1,-1,-1,-1,-1,-1,-1,
2026-03-18,17:45:02.220,7.93,89,98,98,0.020,47.57,47,0,7.68,-0.451,1.663,0.73,56,0,121.17,-11.50,10,0.00,3.70,3.72,3.71,3.71,3.72,3.70,3.72,3.71,29.76,28.3,28,27,83.5,0,-422,593,35,0,1001,0,0,1,-1,1,1,-1,-1,-1,-1,-1,-1,
2026-03-18,17:45:02.490,7.93,90,98,98,0.012,47.60,45,0,7.69,-0.547,1.667,0.12,55,0,120.80,-11.44,10,0.00,3.70,3.72,3.71,3.71,3.72,3.70,3.72,3.70,29.74,28.6,28,27,83.5,0,-356,594,-27,0,1001,0,0,1,-1,1,1,-1,-1,-1,-1,-1,-1,
2026-03-18,17:45:02.750,7.93,91,98,98,0.011,47.60,45,0,7.73,-0.475,1.425,0.17,54,0,121.63,-11.62,10,0.00,3.70,3.72,3.71,3.71,3.72,3.70,3.72,3.70,29.74,28.4,28,27,84.3,0,-314,593,-157,0,1000,0,0,1,-1,1,1,-1,-1,-1,-1,-1,-1,
2026-03-18,17:45:03.010,7.93,97,98,98,0.012,47.81,47,0,7.74,-0.465,1.413,0.28,50,0,122.73,-11.27,10,0.00,3.70,3.72,3.71,3.71,3.72,3.70,3.72,3.70,29.73,28.4,28,27,84.3,0,-278,593,-115,0,1001,0,0,1,-1,1,1,-1,-1,-1,-1,-1,-1,
2026-03-18,17:45:03.280,7.94,98,98,97,-0.019,48.20,47,0,7.73,-0.413,1.430,0.97,47,0,123.06,-10.32,10,0.00,3.70,3.72,3.71,3.71,3.72,3.70,3.72,3.70,29.71,28.2,28,27,85.0,0,-369,594,0,0,1001,0,0,1,-1,1,1,-1,-1,-1,-1,-1,-1,
2026-03-18,17:45:03.550,7.93,93,97,97,-0.035,48.33,45,0,7.71,-0.501,1.442,0.78,40,0,125.45,-10.24,10,0.00,3.70,3.72,3.71,3.71,3.72,3.70,3.72,3.70,29.71,28.2,28,27,83.7,0,-372,594,-49,0,1001,0,0,1,-1,1,1,-1,-1,-1,-1,-1,-1,
2026-03-18,17:45:03.810,7.94,93,96,96,-0.011,48.64,47,0,7.71,-0.487,1.482,0.81,44,0,135.32,-11.43,10,0.00,3.70,3.72,3.71,3.71,3.72,3.70,3.71,3.70,29.71,28.6,28,27,83.2,0,-333,594,-86,0,1001,0,0,1,-1,1,1,-1,-1,-1,-1,-1,-1,
2026-03-18,17:45:04.070,7.94,95,96,96,0.042,48.89,49,0,7.72,-0.453,1.482,0.81,46,0,137.70,-11.61,10,0.00,3.70,3.71,3.71,3.71,3.72,3.70,3.71,3.70,29.71,28.6,28,27,83.3,0,-263,594,-211,0,1001,0,0,1,-1,1,1,-1,-1,-1,-1,-1,-1,
2026-03-18,17:45:04.350,7.93,98,98,96,0.023,48.05,50,0,7.70,-0.453,1.269,-1.19,50,0,136.17,-11.20,10,0.00,3.70,3.71,3.71,3.71,3.72,3.70,3.71,3.70,29.71,28.5,28,27,84.6,0,-335,595,-39,0,1001,0,0,1,-1,1,1,-1,-1,-1,-1,-1,-1,
2026-03-18,17:45:04.610,7.93,98,98,95,-0.033,47.82,49,0,7.71,-0.413,1.382,-1.19,46,0,127.12,-9.94,10,0.00,3.70,3.71,3.71,3.71,3.72,3.70,3.71,3.70,29.71,28.5,28,27,84.6,0,-332,594,-51,0,1001,0,0,1,-1,1,1,-1,-1,-1,-1,-1,-1,
2026-03-18,17:45:04.870,7.93,94,95,95,-0.030,48.08,46,0,7.74,-0.455,1.502,-1.19,48,0,127.91,-12.15,10,0.00,3.70,3.71,3.71,3.71,3.72,3.70,3.71,3.70,29.70,28.3,28,27,87.8,0,-342,594,0,0,1001,0,0,1,-1,1,1,-1,-1,-1,-1,-1,-1,
2026-03-18,17:45:05.130,7.93,95,96,95,-0.063,48.24,45,0,7.70,-0.469,1.516,0.58,56,0,135.66,-13.42,10,0.00,3.70,3.71,3.71,3.71,3.72,3.70,3.71,3.70,29.70,28.3,28,27,86.9,0,-357,593,0,0,1001,0,0,1,-1,1,1,-1,-1,-1,-1,-1,-1,
2026-03-18,17:45:05.400,7.93,96,96,95,0.050,48.33,46,0,7.70,-0.476,1.584,0.36,60,0,141.19,-14.04,10,0.00,3.70,3.71,3.71,3.71,3.72,3.70,3.71,3.70,29.70,28.3,28,27,89.1,0,-344,593,0,0,1001,0,0,1,-1,1,1,-1,-1,-1,-1,-1,-1,
2026-03-18,17:45:05.670,7.94,100,100,96,0.081,47.72,49,0,7.68,-0.472,1.587,-0.82,64,0,143.39,-14.69,10,0.00,3.70,3.71,3.71,3.71,3.72,3.70,3.71,3.70,29.70,28.3,28,27,88.2,0,-337,593,-5,0,1001,0,0,1,-1,1,1,-1,-1,-1,-1,-1,-1,
2026-03-18,17:45:05.950,7.93,100,100,96,0.040,47.01,52,0,7.67,-0.410,1.395,-2.10,65,0,133.74,-15.70,10,0.00,3.70,3.71,3.71,3.71,3.72,3.70,3.71,3.70,29.70,28.0,28,27,88.3,-12,-320,593,-228,0,1001,0,0,1,-1,1,1,-1,-1,-1,-1,-1,-1,
2026-03-18,17:45:06.230,7.93,99,99,96,-0.001,46.92,53,0,7.72,-0.439,1.412,-1.17,66,0,130.84,-17.14,10,0.00,3.70,3.71,3.71,3.71,3.72,3.70,3.71,3.70,29.70,28.0,28,27,89.5,-15,-382,597,-247,0,1001,0,0,1,-1,1,1,-1,-1,-1,-1,-1,-1,
2026-03-18,17:45:06.500,7.93,95,95,95,-0.059,47.24,49,0,7.72,-0.468,1.600,0.04,68,0,128.86,-18.83,10,0.00,3.70,3.71,3.71,3.71,3.72,3.70,3.71,3.70,29.69,28.1,28,27,89.5,0,-417,609,-199,0,1001,0,0,1,-1,1,1,-1,-1,-1,-1,-1,-1,
2026-03-18,17:45:06.760,7.94,95,95,95,-0.020,48.25,49,0,7.69,-0.506,1.645,1.54,71,0,136.38,-23.54,10,0.00,3.70,3.71,3.71,3.71,3.72,3.70,3.71,3.70,29.69,29.3,28,27,87.2,0,-398,606,-235,0,1001,0,0,1,-1,1,1,-1,-1,-1,-1,-1,-1,
2026-03-18,17:45:07.030,7.93,96,96,95,-0.003,48.32,53,0,7.72,-0.520,1.677,0.69,71,0,137.13,-24.37,10,0.00,3.70,3.71,3.71,3.71,3.71,3.70,3.71,3.70,29.68,29.3,28,27,86.3,-16,-401,598,-290,0,1001,0,0,1,-1,1,1,-1,-1,-1,-1,-1,-1,
2026-03-18,17:45:07.290,7.94,99,99,96,-0.006,48.46,56,0,7.74,-0.489,1.577,0.60,69,0,131.00,-26.20,10,0.00,3.70,3.71,3.71,3.71,3.71,3.70,3.71,3.70,29.67,28.9,28,27,86.3,-23,-296,595,-319,0,1001,0,0,1,-1,1,1,-1,-1,-1,-1,-1,-1,
2026-03-18,17:45:07.560,7.93,98,98,96,-0.022,49.03,55,0,7.75,-0.458,1.471,1.17,62,0,127.92,-27.14,10,0.00,3.69,3.71,3.71,3.71,3.71,3.70,3.71,3.70,29.67,28.9,28,27,85.9,-26,-311,595,-317,0,1000,0,0,1,-1,1,1,-1,-1,-1,-1,-1,-1,
2026-03-18,17:45:07.820,7.93,97,97,97,-0.051,49.50,56,0,7.76,-0.437,1.407,1.75,54,0,129.70,-26.88,10,0.00,3.69,3.71,3.71,3.71,3.71,3.70,3.71,3.70,29.67,28.4,28,27,87.2,-29,-333,595,-307,0,1000,0,0,1,-1,1,1,-1,-1,-1,-1,-1,-1,
2026-03-18,17:45:08.090,7.93,95,97,97,-0.025,49.73,59,0,7.76,-0.425,1.355,1.07,58,0,131.79,-25.69,10,0.00,3.69,3.71,3.70,3.71,3.71,3.70,3.71,3.70,29.67,28.4,28,27,86.1,-35,-260,594,-370,0,1000,0,0,1,-1,1,1,-1,-1,-1,-1,-1,-1,
2026-03-18,17:45:08.350,7.94,93,97,96,-0.017,49.97,60,0,7.76,-0.430,1.337,0.95,62,0,128.85,-25.17,10,0.00,3.69,3.71,3.70,3.71,3.71,3.69,3.71,3.70,29.67,28.3,28,27,85.6,-43,-227,593,-424,0,1001,0,0,1,-1,1,1,-1,-1,-1,-1,-1,-1,
2026-03-18,17:45:08.610,7.94,93,97,97,-0.049,50.06,61,0,7.76,-0.374,1.162,0.66,68,0,119.64,-22.99,10,0.00,3.69,3.71,3.70,3.71,3.71,3.69,3.71,3.70,29.67,28.3,28,27,86.1,-44,-275,594,-404,0,1001,0,0,1,-1,1,1,-1,-1,-1,-1,-1,-1,
2026-03-18,17:45:08.890,7.93,95,97,97,-0.070,50.28,61,0,7.74,-0.392,1.274,0.58,72,0,115.05,-22.01,10,0.00,3.69,3.71,3.70,3.71,3.71,3.69,3.71,3.70,29.66,28.2,28,27,87.8,-42,-292,594,-382,0,1001,0,0,1,-1,1,1,-1,-1,-1,-1,-1,-1,
2026-03-18,17:45:09.170,7.93,97,97,97,-0.099,50.52,61,0,7.74,-0.373,1.255,0.72,73,0,111.27,-19.55,10,0.00,3.69,3.71,3.70,3.70,3.71,3.69,3.71,3.70,29.66,28.2,28,27,90.4,-34,-331,594,-300,0,1001,0,0,1,-1,1,1,-1,-1,-1,-1,-1,-1,
2026-03-18,17:45:09.450,7.93,99,99,97,-0.042,50.19,61,0,7.75,-0.406,1.528,-0.33,74,0,113.54,-16.24,10,0.00,3.69,3.71,3.70,3.70,3.71,3.70,3.71,3.70,29.66,28.1,28,27,91.7,-15,-377,595,-160,0,1001,0,0,1,-1,1,1,-1,-1,-1,-1,-1,-1,
2026-03-18,17:45:09.710,7.93,98,98,97,-0.028,49.36,61,0,7.75,-0.437,1.681,-1.67,73,0,114.89,-14.81,10,0.00,3.69,3.71,3.70,3.70,3.71,3.70,3.70,3.70,29.66,28.1,28,27,93.0,-13,-369,595,-157,0,1000,0,0,1,-1,1,1,-1,-1,-1,-1,-1,-1,
2026-03-18,17:45:09.970,7.93,97,97,97,-0.029,48.35,59,0,7.70,-0.427,1.668,-2.84,69,0,111.86,-11.88,10,0.00,3.69,3.71,3.70,3.70,3.71,3.70,3.70,3.70,29.67,28.1,28,27,93.0,0,-341,595,116,0,1001,0,0,1,-1,1,1,-1,-1,-1,-1,-1,-1,
2026-03-18,17:45:10.250,7.93,97,97,96,-0.012,47.52,61,0,7.68,-0.335,1.474,-3.09,64,0,116.26,-9.75,10,0.00,3.69,3.71,3.70,3.70,3.71,3.70,3.70,3.70,29.67,27.8,28,27,93.2,102,-202,596,624,0,1001,0,0,1,-1,1,1,-1,-1,-1,-1,-1,-1,
2026-03-18,17:45:10.520,7.93,98,98,97,-0.018,46.52,61,0,7.69,-0.298,1.416,-3.02,66,0,126.57,-8.41,10,0.00,3.69,3.71,3.70,3.71,3.71,3.70,3.70,3.70,29.68,27.8,28,27,100.2,149,-218,597,643,0,1001,0,0,1,-1,1,1,-1,-1,-1,-1,-1,-1,
2026-03-18,17:45:10.800,7.93,100,100,97,0.022,45.12,59,0,7.70,-0.265,1.310,-4.19,64,0,151.95,-7.56,10,0.00,3.69,3.71,3.70,3.71,3.71,3.70,3.70,3.70,29.69,27.5,28,27,99.3,159,-298,597,405,0,1001,0,0,1,-1,1,1,-1,-1,-1,-1,-1,-1,
2026-03-18,17:45:11.070,7.93,99,99,97,0.051,43.62,56,0,7.67,-0.370,1.734,-4.84,58,0,158.33,-10.21,10,0.00,3.69,3.71,3.70,3.71,3.71,3.70,3.71,3.70,29.69,27.5,28,27,100.7,176,-317,597,471,0,1000,0,0,1,-1,1,1,-1,-1,-1,-1,-1,-1,
2026-03-18,17:45:11.340,7.93,97,97,97,0.020,42.26,53,0,7.71,-0.324,1.521,-4.76,57,0,166.34,-15.57,10,0.00,3.70,3.72,3.70,3.71,3.71,3.70,3.71,3.70,29.70,27.5,28,27,100.7,225,-129,598,657,0,1001,0,0,1,-1,1,1,-1,-1,-1,-1,-1,-1,
2026-03-18,17:45:11.600,7.93,97,98,98,-0.024,41.61,52,0,7.71,-0.273,1.250,-3.61,56,0,-165.47,-16.71,10,0.00,3.70,3.72,3.71,3.71,3.71,3.70,3.71,3.70,29.70,27.5,28,27,99.1,151,-135,595,0,0,1001,0,0,1,-1,1,1,-1,-1,-1,-1,-1,-1,
2026-03-18,17:45:11.860,7.93,98,98,97,0.020,41.47,52,0,7.71,-0.259,1.204,-1.70,48,0,-162.08,-16.38,10,0.00,3.70,3.72,3.71,3.71,3.72,3.70,3.71,3.70,29.71,27.5,28,27,98.2,43,-138,592,0,0,1001,0,0,1,-1,1,1,-1,-1,-1,-1,-1,-1,
2026-03-18,17:45:12.120,7.93,100,100,95,-0.040,41.78,52,0,7.73,-0.270,1.110,0.24,43,0,-157.78,-16.50,10,0.00,3.70,3.72,3.71,3.71,3.72,3.70,3.72,3.70,29.71,27.5,28,27,97.2,34,-140,590,0,0,1001,0,0,1,-1,1,1,-1,-1,-1,-1,-1,-1,
2026-03-18,17:45:12.380,7.93,100,100,96,0.038,42.10,52,0,7.75,-0.308,1.438,0.88,43,0,-153.58,-16.98,10,0.00,3.70,3.72,3.71,3.71,3.72,3.70,3.72,3.70,29.71,27.1,28,27,97.2,29,-112,590,-12,0,1001,0,0,1,-1,1,1,-1,-1,-1,-1,-1,-1,
2026-03-18,17:45:12.650,7.93,100,100,95,0.078,42.30,50,0,7.68,-0.287,1.236,0.77,42,0,-151.47,-17.31,10,0.00,3.70,3.72,3.71,3.71,3.72,3.70,3.72,3.70,29.71,27.1,28,27,97.0,183,-405,594,402,0,1001,0,0,1,-1,1,1,-1,-1,-1,-1,-1,-1,
2026-03-18,17:45:12.920,7.93,99,99,92,0.030,42.41,49,0,7.67,-0.434,1.944,0.68,42,0,-147.05,-22.65,10,0.00,3.70,3.72,3.71,3.71,3.72,3.70,3.72,3.70,29.71,26.9,28,27,96.5,284,-445,596,397,0,1001,0,0,1,-1,1,1,-1,-1,-1,-1,-1,-1,
2026-03-18,17:45:13.180,7.93,98,98,91,0.041,42.50,52,0,7.66,-0.500,1.929,0.31,42,0,-140.33,-25.13,10,0.00,3.70,3.72,3.71,3.71,3.72,3.70,3.72,3.70,29.71,26.9,28,27,93.9,270,-492,595,243,0,1001,0,0,1,-1,1,1,-1,-1,-1,-1,-1,-1,
2026-03-18,17:45:13.450,7.93,98,98,89,0.013,43.49,51,0,7.66,-0.465,1.778,1.77,39,0,-130.03,-25.64,10,0.00,3.70,3.72,3.71,3.71,3.72,3.70,3.71,3.70,29.70,27.7,28,28,91.3,260,-491,595,250,0,1001,0,0,1,-1,1,1,-1,-1,-1,-1,-1,-1,
2026-03-18,17:45:13.710,7.93,99,99,87,-0.013,44.78,51,0,7.69,-0.550,1.856,3.56,40,0,-122.62,-24.69,10,0.00,3.70,3.72,3.71,3.71,3.72,3.70,3.71,3.70,29.70,27.7,28,28,91.5,243,-500,594,245,0,1001,0,0,1,-1,1,1,-1,-1,-1,-1,-1,-1,
2026-03-18,17:45:13.970,7.93,100,100,87,0.061,46.23,50,0,7.68,-0.518,1.856,4.39,43,0,-105.72,-22.19,10,0.00,3.70,3.72,3.70,3.71,3.72,3.70,3.71,3.70,29.69,27.9,28,27,88.3,192,-566,593,32,0,1001,0,0,1,-1,1,1,-1,-1,-1,-1,-1,-1,
2026-03-18,17:45:14.240,7.94,99,99,88,0.131,47.98,50,0,7.68,-0.624,2.160,5.36,43,0,-95.93,-16.85,10,0.00,3.70,3.72,3.70,3.71,3.71,3.70,3.71,3.70,29.69,27.9,28,27,86.5,157,-581,592,0,0,1001,0,0,1,-1,1,1,-1,-1,-1,-1,-1,-1,
2026-03-18,17:45:14.500,7.93,98,98,87,0.123,49.98,48,0,7.67,-0.557,2.006,6.31,43,0,-95.70,-13.70,10,0.00,3.70,3.72,3.70,3.71,3.71,3.70,3.71,3.70,29.68,28.4,28,28,86.5,94,-582,592,0,0,1001,0,0,1,-1,1,1,-1,-1,-1,-1,-1,-1,
2026-03-18,17:45:14.760,7.94,98,98,86,-0.020,51.69,49,0,7.66,-0.534,2.025,6.36,42,0,-94.30,-5.72,10,0.00,3.69,3.71,3.70,3.71,3.71,3.70,3.71,3.70,29.67,28.0,28,28,92.0,76,-580,591,0,0,1001,0,0,1,-1,1,1,-1,-1,-1,-1,-1,-1,
2026-03-18,17:45:15.020,7.93,97,97,85,0.051,51.69,46,0,7.66,-0.575,2.069,5.43,40,0,-85.57,-1.17,10,0.00,3.69,3.71,3.70,3.71,3.71,3.70,3.71,3.70,29.67,28.0,28,28,87.4,72,-572,590,0,0,1001,0,0,1,-1,1,1,-1,-1,-1,-1,-1,-1,
2026-03-18,17:45:15.300,7.93,96,96,81,0.086,55.03,44,0,7.66,-0.423,1.603,5.02,37,0,-86.95,5.08,10,0.00,3.69,3.71,3.70,3.70,3.71,3.70,3.71,3.70,29.66,28.0,28,28,85.4,70,-563,591,-22,0,1001,0,0,1,-1,1,1,-1,-1,-1,-1,-1,-1,
2026-03-18,17:45:15.560,7.94,93,93,81,0.098,55.03,44,0,7.66,-0.577,2.157,3.53,39,0,-97.25,12.04,10,0.00,3.69,3.71,3.70,3.70,3.71,3.69,3.71,3.70,29.66,28.0,28,28,87.4,0,-574,589,-272,0,1001,0,0,1,-1,1,1,-1,-1,-1,-1,-1,-1,
2026-03-18,17:45:15.820,7.94,94,94,82,0.047,54.89,46,0,7.66,-0.497,1.961,0.50,40,0,-100.88,15.88,10,0.00,3.69,3.71,3.70,3.70,3.71,3.69,3.70,3.69,29.65,28.2,28,28,89.5,0,-472,589,-201,0,1000,0,0,1,-1,1,1,-1,-1,-1,-1,-1,-1,
2026-03-18,17:45:16.090,7.93,95,95,82,-0.023,54.89,48,0,7.72,-0.480,1.912,-0.93,41,0,-106.25,21.02,10,0.00,3.69,3.70,3.70,3.70,3.71,3.69,3.70,3.69,29.65,28.2,28,28,92.2,0,-387,587,-162,0,1001,0,0,1,-1,1,1,-1,-1,-1,-1,-1,-1,
2026-03-18,17:45:16.350,7.93,96,96,81,-0.016,53.82,49,0,7.69,-0.447,1.912,-1.49,40,0,-104.41,23.22,10,0.00,3.69,3.70,3.70,3.70,3.71,3.69,3.70,3.69,29.65,27.4,28,27,94.6,-48,-422,587,-381,0,1001,0,0,1,-1,1,1,-1,-1,-1,-1,-1,-1,
2026-03-18,17:45:16.610,7.93,96,96,81,0.091,52.79,50,0,7.67,-0.370,1.756,-2.58,39,0,-105.94,25.16,10,0.00,3.69,3.70,3.70,3.70,3.71,3.69,3.70,3.69,29.65,27.4,28,27,94.6,-115,-416,586,-637,0,1001,0,0,1,-1,1,1,-1,-1,-1,-1,-1,-1,
2026-03-18,17:45:16.890,7.93,95,95,83,0.034,50.86,52,0,7.67,-0.323,1.570,-2.58,38,0,-139.99,21.13,10,0.00,3.69,3.70,3.70,3.70,3.71,3.69,3.71,3.70,29.66,26.9,28,27,95.2,-141,-381,586,-562,0,1001,0,0,1,-1,1,1,-1,-1,-1,-1,-1,-1,
2026-03-18,17:45:17.170,7.93,97,97,80,-0.055,49.02,54,0,7.72,-0.309,1.628,-6.05,38,0,-155.43,18.14,10,0.00,3.69,3.71,3.70,3.70,3.71,3.69,3.71,3.70,29.66,26.9,28,27,95.2,-72,-155,587,-405,0,1001,0,0,1,-1,1,1,-1,-1,-1,-1,-1,-1,
2026-03-18,17:45:17.440,7.94,98,98,82,-0.103,47.67,55,0,7.74,-0.186,1.138,-5.36,41,0,-159.66,14.48,10,0.00,3.69,3.71,3.70,3.71,3.71,3.69,3.71,3.70,29.68,26.3,28,27,103.7,0,-96,588,-289,0,1001,0,0,1,-1,1,1,-1,-1,-1,-1,-1,-1,
2026-03-18,17:45:17.700,7.93,100,100,84,-0.052,46.12,55,0,7.75,-0.140,0.986,-5.25,42,0,-160.33,13.91,10,0.00,3.69,3.71,3.70,3.71,3.71,3.69,3.71,3.70,29.68,26.3,28,27,109.5,-15,-13,588,-276,0,1001,0,0,1,-1,1,1,-1,-1,-1,-1,-1,-1,
2026-03-18,17:45:17.960,7.93,100,100,82,0.077,44.36,56,0,7.73,-0.124,1.027,-5.71,40,0,-168.25,10.67,10,0.00,3.69,3.71,3.70,3.71,3.72,3.70,3.71,3.70,29.70,25.7,28,27,107.0,0,-28,588,-173,0,1001,0,0,1,-1,1,1,-1,-1,-1,-1,-1,-1,
2026-03-18,17:45:18.220,7.93,100,100,81,-0.023,40.68,56,0,7.73,-0.164,1.395,-6.33,40,0,-178.30,8.87,10,0.00,3.69,3.71,3.70,3.71,3.72,3.70,3.72,3.70,29.70,25.7,28,27,108.5,0,-142,588,0,0,1001,0,0,1,-1,1,1,-1,-1,-1,-1,-1,-1,
2026-03-18,17:45:18.490,7.94,100,100,81,-0.051,38.99,56,0,7.69,-0.115,1.165,-5.90,41,0,-177.54,7.41,10,0.00,3.70,3.72,3.70,3.71,3.72,3.70,3.72,3.70,29.72,25.1,28,27,113.5,0,-123,589,0,0,1001,0,0,1,-1,1,1,-1,-1,-1,-1,-1,-1,
2026-03-18,17:45:18.750,7.93,100,100,81,-0.086,37.31,57,0,7.72,-0.062,1.202,-5.93,44,0,-174.72,3.09,10,0.00,3.70,3.72,3.71,3.71,3.72,3.70,3.72,3.70,29.72,24.4,28,27,118.5,0,-5,588,-36,0,1001,0,0,1,-1,1,1,-1,-1,-1,-1,-1,-1,
2026-03-18,17:45:19.020,7.93,100,100,82,-0.004,35.68,57,0,7.72,-0.043,1.101,-5.70,43,0,-173.14,2.48,10,0.00,3.70,3.72,3.71,3.71,3.73,3.71,3.72,3.70,29.75,24.4,28,27,118.5,0,-60,588,-192,0,1001,0,0,1,-1,1,1,-1,-1,-1,-1,-1,-1,
2026-03-18,17:45:19.280,7.94,100,100,86,0.007,34.18,58,0,7.73,-0.083,1.227,-5.51,42,0,-174.17,2.06,10,0.00,3.70,3.72,3.71,3.71,3.73,3.71,3.72,3.71,29.78,23.9,28,27,116.1,0,-107,588,-198,0,1001,0,0,1,-1,1,1,-1,-1,-1,-1,-1,-1,
2026-03-18,17:45:19.540,7.94,100,100,85,-0.012,32.68,59,0,7.74,-0.068,1.302,-5.30,45,0,-177.38,0.86,10,0.00,3.70,3.72,3.71,3.71,3.73,3.71,3.72,3.71,29.78,23.9,28,27,115.4,-13,-29,588,-301,0,1001,0,0,1,-1,1,1,-1,-1,-1,-1,-1,-1,
2026-03-18,17:45:19.800,7.93,100,100,85,-0.085,31.41,59,0,7.75,0.006,1.302,-4.79,47,0,176.22,-1.74,10,0.00,3.71,3.73,3.71,3.71,3.73,3.71,3.72,3.71,29.80,23.3,28,27,120.9,0,0,588,0,0,1001,0,0,1,-1,1,1,-1,-1,-1,-1,-1,-1,
2026-03-18,17:45:20.060,7.93,100,100,86,-0.024,30.24,59,0,7.76,0.032,0.822,-4.37,51,0,176.66,-1.60,10,0.00,3.71,3.73,3.72,3.72,3.73,3.71,3.72,3.71,29.80,23.3,28,27,123.3,0,10,589,-8,0,1001,0,0,1,-1,1,1,-1,-1,-1,-1,-1,-1,
2026-03-18,17:45:20.320,7.93,100,100,87,0.023,29.08,59,0,7.73,0.025,1.017,-4.21,55,0,178.42,-1.51,10,0.00,3.71,3.73,3.72,3.72,3.74,3.72,3.72,3.71,29.83,23.0,28,27,122.2,0,-36,588,-165,0,1001,0,0,1,-1,1,1,-1,-1,-1,-1,-1,-1,
2026-03-18,17:45:20.590,7.93,100,100,88,0.019,27.93,58,0,7.70,-0.048,1.166,-3.89,60,0,176.06,-2.06,10,0.00,3.71,3.73,3.72,3.72,3.74,3.72,3.73,3.72,29.83,23.0,28,27,117.6,0,-49,588,-219,0,1001,0,0,1,-1,1,1,-1,-1,-1,-1,-1,-1,
2026-03-18,17:45:20.860,7.93,100,100,90,-0.032,26.76,57,0,7.73,-0.013,1.139,-4.10,63,0,174.32,-2.66,10,0.00,3.72,3.73,3.72,3.72,3.74,3.72,3.73,3.72,29.84,23.3,28,27,120.2,0,-31,588,-186,0,1001,0,0,1,-1,1,1,-1,-1,-1,-1,-1,-1,
2026-03-18,17:45:21.120,7.94,99,99,93,-0.049,24.75,56,0,7.73,-0.014,0.991,-3.59,65,0,171.92,-3.74,10,0.00,3.72,3.73,3.73,3.72,3.74,3.72,3.73,3.72,29.84,23.3,28,27,120.2,0,-33,589,-73,0,1001,0,0,1,-1,1,1,-1,-1,-1,-1,-1,-1,
2026-03-18,17:45:21.390,7.93,98,98,94,-0.103,23.99,55,0,7.70,-0.175,1.560,-3.59,67,0,176.26,-3.40,10,0.00,3.72,3.73,3.73,3.72,3.74,3.72,3.73,3.72,29.85,23.3,28,27,122.2,0,-22,588,-62,0,1001,0,0,1,-1,1,1,-1,-1,-1,-1,-1,-1,
2026-03-18,17:45:21.660,7.93,98,98,94,0.004,23.01,55,0,7.72,-0.001,0.854,-3.15,69,0,178.31,-1.56,10,0.00,3.72,3.73,3.73,3.72,3.74,3.72,3.73,3.72,29.85,23.3,28,27,118.3,0,-40,589,-143,0,1001,0,0,1,-1,1,1,-1,-1,-1,-1,-1,-1,
2026-03-18,17:45:21.930,7.94,99,99,96,0.028,22.45,59,0,7.70,-0.103,1.450,-2.60,72,0,173.84,-3.42,10,0.00,3.72,3.73,3.73,3.72,3.74,3.72,3.73,3.72,29.86,23.7,28,27,118.3,0,-31,589,-143,0,1001,0,0,1,-1,1,1,-1,-1,-1,-1,-1,-1,
2026-03-18,17:45:22.200,7.94,100,100,96,-0.047,21.49,59,0,7.73,-0.087,0.962,-3.00,73,0,173.04,-2.62,10,0.00,3.72,3.74,3.73,3.72,3.74,3.72,3.73,3.72,29.86,23.7,28,27,117.6,0,13,588,-34,0,1001,0,0,1,-1,1,1,-1,-1,-1,-1,-1,-1,
2026-03-18,17:45:22.470,7.93,99,99,98,-0.038,20.77,57,0,7.73,-0.015,0.766,-2.78,75,0,174.30,-2.29,10,0.00,3.72,3.74,3.73,3.72,3.74,3.72,3.73,3.72,29.86,23.8,28,27,116.9,0,12,589,-90,0,1001,0,0,1,-1,1,1,-1,-1,-1,-1,-1,-1,
2026-03-18,17:45:22.730,7.94,99,99,99,0.005,20.39,57,0,7.75,-0.092,1.064,-1.86,76,0,175.62,-3.08,10,0.00,3.72,3.74,3.73,3.72,3.74,3.72,3.73,3.72,29.86,24.4,28,27,113.5,0,2,589,-114,0,1001,0,0,1,-1,1,1,-1,-1,-1,-1,-1,-1,
2026-03-18,17:45:22.990,7.94,99,99,99,-0.003,19.87,59,0,7.73,-0.057,0.899,-1.80,76,0,175.62,-3.08,10,0.00,3.72,3.74,3.73,3.72,3.74,3.72,3.73,3.72,29.86,24.4,28,27,114.1,0,-5,589,-108,0,1001,0,0,1,-1,1,1,-1,-1,-1,-1,-1,-1,
2026-03-18,17:45:23.260,7.93,100,100,99,-0.013,19.40,57,0,7.71,-0.083,1.088,-1.67,76,0,172.14,-3.48,10,0.00,3.72,3.73,3.73,3.72,3.74,3.72,3.73,3.72,29.86,24.4,28,27,113.7,0,-19,589,-66,0,1001,0,0,1,-1,1,1,-1,-1,-1,-1,-1,-1,
2026-03-18,17:45:23.540,7.94,100,100,100,-0.016,18.79,58,0,7.71,-0.049,1.085,-1.91,74,0,173.48,-3.62,10,0.00,3.72,3.73,3.72,3.72,3.74,3.72,3.73,3.72,29.87,24.4,28,27,113.7,0,-42,589,-58,0,1001,0,0,1,-1,1,1,-1,-1,-1,-1,-1,-1,
2026-03-18,17:45:23.810,7.93,100,100,100,0.010,17.90,60,0,7.72,-0.062,0.979,-1.80,75,0,173.14,-3.23,10,0.00,3.72,3.73,3.72,3.72,3.74,3.72,3.73,3.72,29.86,24.3,28,27,114.3,0,-53,590,-45,0,1001,0,0,1,-1,1,1,-1,-1,-1,-1,-1,-1,
2026-03-18,17:45:24.070,7.93,100,100,100,-0.054,17.37,60,0,7.73,-0.132,1.261,-1.68,77,0,176.08,-4.26,10,0.00,3.72,3.73,3.72,3.72,3.74,3.72,3.73,3.72,29.86,24.3,28,27,111.5,0,-49,589,-39,0,1001,0,0,1,-1,1,1,-1,-1,-1,-1,-1,-1,
2026-03-18,17:45:24.330,7.93,100,100,100,-0.012,17.09,63,0,7.74,-0.105,1.019,-1.43,79,0,177.35,-4.28,10,0.00,3.72,3.73,3.72,3.72,3.74,3.72,3.73,3.72,29.85,24.4,28,27,112.8,0,-44,589,-36,0,1001,0,0,1,-1,1,1,-1,-1,-1,-1,-1,-1,
2026-03-18,17:45:24.590,7.93,100,100,100,0.027,17.19,63,0,7.75,-0.052,0.974,-0.42,79,0,178.22,-6.67,10,0.00,3.71,3.73,3.72,3.72,3.74,3.72,3.73,3.72,29.85,24.4,28,27,115.7,0,-42,589,-35,0,1001,0,0,1,-1,1,1,-1,-1,-1,-1,-1,-1,
2026-03-18,17:45:24.860,7.93,100,100,100,-0.033,17.00,62,0,7.76,-0.106,0.906,-0.37,81,0,177.00,-7.84,10,0.00,3.71,3.73,3.72,3.72,3.74,3.72,3.73,3.72,29.85,24.1,28,27,114.5,0,0,589,-31,0,1001,0,0,1,-1,1,1,-1,-1,-1,-1,-1,-1,
2026-03-18,17:45:25.120,7.93,100,100,100,-0.061,16.64,62,0,7.76,-0.093,0.980,-0.90,82,0,179.37,-8.15,10,0.00,3.71,3.73,3.72,3.72,3.74,3.72,3.73,3.72,29.85,24.1,28,27,112.8,0,-18,589,-29,0,1001,0,0,1,-1,1,1,-1,-1,-1,-1,-1,-1,
2026-03-18,17:45:25.390,7.93,100,100,100,-0.036,16.23,63,0,7.76,-0.068,0.975,-1.23,80,0,-177.75,-7.96,10,0.00,3.71,3.73,3.72,3.72,3.74,3.72,3.73,3.72,29.84,24.6,28,27,113.7,0,-37,590,-33,0,1001,0,0,1,-1,1,1,-1,-1,-1,-1,-1,-1,
2026-03-18,17:45:25.660,7.93,100,100,100,-0.044,16.04,65,0,7.71,-0.115,1.192,-0.92,79,0,-177.85,-8.47,10,0.00,3.71,3.73,3.72,3.72,3.74,3.72,3.73,3.72,29.84,24.6,28,27,113.5,0,-40,589,-59,0,1001,0,0,1,-1,1,1,-1,-1,-1,-1,-1,-1,
2026-03-18,17:45:25.930,7.93,100,100,100,0.029,15.73,65,0,7.74,-0.063,0.947,-0.99,78,0,-177.45,-8.62,10,0.00,3.71,3.73,3.72,3.72,3.74,3.72,3.73,3.72,29.84,24.5,28,27,113.5,0,-53,589,-129,0,1001,0,0,1,-1,1,1,-1,-1,-1,-1,-1,-1,
2026-03-18,17:45:26.200,7.93,100,100,100,0.043,15.51,65,0,7.71,-0.281,1.715,-0.96,75,0,-178.93,-9.02,10,0.00,3.71,3.73,3.72,3.72,3.74,3.72,3.73,3.72,29.84,24.5,28,27,114.8,-9,-67,587,-153,0,1001,0,0,1,-1,1,1,-1,-1,-1,-1,-1,-1,
2026-03-18,17:45:26.470,7.93,100,100,100,0.040,14.84,63,0,7.71,-0.148,0.836,-1.39,71,0,173.02,-8.62,10,0.00,3.71,3.73,3.72,3.72,3.74,3.72,3.73,3.71,29.83,24.5,28,27,105.2,0,-56,587,-110,0,1001,0,0,1,-1,1,1,-1,-1,-1,-1,-1,-1,
2026-03-18,17:45:26.730,7.93,100,100,100,0.009,14.84,63,0,7.74,-0.034,0.538,0.51,67,0,173.59,-10.12,10,0.00,3.71,3.73,3.72,3.72,3.74,3.72,3.73,3.71,29.83,24.5,28,27,102.2,0,0,586,-72,0,1001,0,0,1,-1,1,1,-1,-1,-1,-1,-1,-1,
2026-03-18,17:45:26.990,7.93,100,100,100,0.038,15.75,63,0,7.73,-0.098,0.912,1.24,65,0,171.12,-11.67,10,0.00,3.71,3.73,3.72,3.72,3.74,3.72,3.73,3.71,29.82,25.6,28,27,108.3,0,10,587,0,0,1001,0,0,1,-1,1,1,-1,-1,-1,-1,-1,-1,
2026-03-18,17:45:27.260,7.94,100,100,99,0.040,15.78,63,0,7.75,-0.182,1.033,0.60,63,0,170.05,-11.64,10,0.00,3.71,3.73,3.72,3.71,3.74,3.72,3.73,3.71,29.82,26.1,28,27,104.1,0,12,587,0,0,1001,0,0,1,-1,1,1,-1,-1,-1,-1,-1,-1,
2026-03-18,17:45:27.520,7.93,100,100,99,0.031,15.96,62,0,7.76,-0.210,1.056,0.34,65,0,171.46,-11.21,10,0.00,3.71,3.73,3.72,3.71,3.73,3.71,3.73,3.71,29.80,26.1,28,27,100.7,0,12,587,0,0,1001,0,0,1,-1,1,1,-1,-1,-1,-1,-1,-1,
2026-03-18,17:45:27.790,7.93,100,100,99,-0.013,16.09,62,0,7.73,-0.212,1.082,0.75,67,0,176.22,-11.68,10,0.00,3.71,3.73,3.72,3.71,3.73,3.71,3.72,3.71,29.78,26.3,28,27,103.7,0,12,587,0,0,1001,0,0,1,-1,1,1,-1,-1,-1,-1,-1,-1,
2026-03-18,17:45:28.060,7.93,100,100,99,-0.070,15.47,62,0,7.75,-0.199,1.044,-0.94,66,0,-176.18,-10.36,10,0.00,3.70,3.72,3.72,3.71,3.73,3.71,3.72,3.71,29.78,26.3,28,27,103.3,0,12,587,0,0,1001,0,0,1,-1,1,1,-1,-1,-1,-1,-1,-1,
2026-03-18,17:45:28.330,7.93,100,100,99,-0.095,15.69,63,0,7.71,-0.285,1.374,-0.31,64,0,-173.77,-9.74,10,0.00,3.70,3.72,3.71,3.71,3.73,3.71,3.72,3.71,29.77,26.6,28,27,103.3,0,-94,587,-26,0,1000,0,0,1,-1,1,1,-1,-1,-1,-1,-1,-1,
2026-03-18,17:45:28.590,7.93,100,100,99,-0.020,15.75,62,0,7.73,-0.242,1.241,0.24,63,0,-165.52,-8.04,10,0.00,3.70,3.72,3.71,3.71,3.72,3.70,3.72,3.71,29.77,26.6,28,27,103.3,-43,-109,581,-237,0,1001,0,0,1,-1,1,1,-1,-1,-1,-1,-1,-1,
2026-03-18,17:45:28.850,7.94,100,100,99,0.043,15.69,62,0,7.75,-0.148,1.118,-0.08,59,0,-166.47,-8.81,10,0.00,3.70,3.72,3.71,3.71,3.72,3.70,3.71,3.70,29.77,25.7,28,27,106.7,-67,-98,572,-234,0,1001,0,0,1,-1,1,1,-1,-1,-1,-1,-1,-1,
2026-03-18,17:45:29.110,7.93,100,100,97,0.076,16.06,61,0,7.75,-0.161,1.051,0.62,51,0,-178.50,-11.12,10,0.00,3.70,3.72,3.71,3.71,3.72,3.70,3.71,3.70,29.77,25.7,28,27,103.7,-66,3,571,0,0,1001,0,0,1,-1,1,1,-1,-1,-1,-1,-1,-1,
2026-03-18,17:45:29.380,7.93,100,100,97,0.031,16.66,61,0,7.76,-0.157,0.917,1.48,48,0,178.73,-11.72,10,0.00,3.70,3.72,3.71,3.71,3.72,3.70,3.71,3.70,29.76,24.4,28,27,102.2,-65,12,571,-69,0,1001,0,0,1,-1,1,1,-1,-1,-1,-1,-1,-1,
2026-03-18,17:45:29.640,7.93,99,99,97,0.006,17.27,62,0,7.73,-0.156,0.905,1.98,49,0,179.48,-11.59,10,0.00,3.70,3.72,3.71,3.71,3.72,3.70,3.71,3.70,29.76,24.4,28,27,102.4,-22,-76,572,0,0,1001,0,0,1,-1,1,1,-1,-1,-1,-1,-1,-1,
2026-03-18,17:45:29.910,7.93,99,99,97,0.032,17.75,63,0,7.72,-0.209,1.114,1.81,53,0,-178.66,-12.16,10,0.00,3.70,3.72,3.71,3.71,3.72,3.71,3.71,3.70,29.75,24.8,28,27,99.6,-8,-158,541,0,0,1001,0,0,1,-1,1,1,-1,-1,-1,-1,-1,-1,
2026-03-18,17:45:30.190,7.93,99,99,97,0.021,17.98,62,0,7.73,-0.251,1.227,1.34,55,0,167.35,-14.70,10,0.00,3.70,3.72,3.71,3.71,3.72,3.71,3.72,3.70,29.75,24.8,28,27,97.2,0,7,516,-30,0,1001,0,0,1,-1,1,1,-1,-1,-1,-1,-1,-1,
2026-03-18,17:45:30.460,7.93,100,100,97,0.043,18.17,62,0,7.75,-0.187,0.997,0.73,58,0,177.60,-13.86,10,0.00,3.70,3.72,3.71,3.71,3.72,3.71,3.72,3.70,29.76,22.6,28,27,95.4,0,13,516,-35,0,1000,0,0,1,-1,1,1,-1,-1,-1,-1,-1,-1,
2026-03-18,17:45:30.720,7.93,99,99,97,0.056,18.73,60,0,7.75,-0.188,1.100,1.23,60,0,175.49,-13.32,10,0.00,3.70,3.72,3.71,3.71,3.72,3.71,3.72,3.70,29.76,22.6,28,27,95.4,0,14,516,0,0,1001,0,0,1,-1,1,1,-1,-1,-1,-1,-1,-1,
2026-03-18,17:45:30.990,7.93,99,99,96,-0.014,19.44,57,0,7.74,-0.174,0.813,2.19,60,0,175.79,-12.37,10,0.00,3.70,3.72,3.71,3.71,3.73,3.71,3.72,3.70,29.77,21.8,28,27,95.4,0,-57,516,107,0,1001,0,0,1,-1,1,1,-1,-1,-1,-1,-1,-1,
2026-03-18,17:45:31.260,7.93,99,99,97,0.027,20.18,57,0,7.69,-0.207,0.901,2.30,60,0,-131.05,-12.89,10,0.00,3.70,3.72,3.71,3.71,3.73,3.71,3.72,3.71,29.77,22.3,28,27,96.5,132,-88,517,317,0,1001,0,0,1,-1,1,1,-1,-1,-1,-1,-1,-1,
2026-03-18,17:45:31.530,7.93,100,100,97,0.058,21.11,57,0,7.70,-0.228,1.130,2.10,58,0,-167.50,-14.02,10,0.00,3.70,3.72,3.71,3.71,3.73,3.71,3.72,3.71,29.78,22.3,28,27,98.0,128,-137,518,311,0,1001,0,0,1,-1,1,1,-1,-1,-1,-1,-1,-1,
2026-03-18,17:45:31.800,7.93,99,99,97,0.052,21.40,58,0,7.69,-0.167,1.267,1.33,58,0,-164.06,-14.93,10,0.00,3.71,3.72,3.71,3.71,3.73,3.71,3.72,3.71,29.77,21.8,28,27,99.5,185,-209,569,394,0,1001,0,0,1,-1,1,1,-1,-1,-1,-1,-1,-1,
2026-03-18,17:45:32.070,7.93,99,99,97,0.003,21.65,59,0,7.68,-0.324,1.359,1.06,58,0,-160.76,-15.96,10,0.00,3.71,3.72,3.71,3.71,3.73,3.71,3.72,3.71,29.77,21.8,28,27,95.9,270,-293,578,479,0,1001,0,0,1,-1,1,1,-1,-1,-1,-1,-1,-1,
2026-03-18,17:45:32.340,7.93,99,99,97,-0.020,22.02,59,0,7.71,-0.417,1.578,1.03,59,0,-139.75,-15.84,10,0.00,3.71,3.72,3.71,3.71,3.73,3.71,3.72,3.71,29.77,26.4,28,27,89.5,236,-337,576,393,0,1001,0,0,1,-1,1,1,-1,-1,-1,-1,-1,-1,
2026-03-18,17:45:32.610,7.93,99,99,96,0.109,22.57,58,0,7.70,-0.460,1.766,1.67,61,0,-130.51,-16.28,10,0.00,3.71,3.72,3.71,3.71,3.73,3.71,3.71,3.70,29.77,26.4,28,27,94.6,50,-347,566,0,0,1001,0,0,1,-1,1,1,-1,-1,-1,-1,-1,-1,
2026-03-18,17:45:32.880,7.93,99,99,96,0.018,22.74,55,0,7.68,-0.376,1.472,1.09,62,0,-128.32,-15.06,10,0.00,3.70,3.71,3.71,3.71,3.73,3.71,3.71,3.70,29.75,26.2,28,27,90.0,133,-350,565,0,0,1001,0,0,1,-1,1,1,-1,-1,-1,-1,-1,-1,
2026-03-18,17:45:33.150,7.93,98,98,98,0.035,23.48,54,0,7.67,-0.383,1.528,1.70,62,0,-124.51,-14.27,10,0.00,3.70,3.71,3.70,3.70,3.73,3.71,3.71,3.70,29.75,26.2,28,27,87.4,220,-420,567,57,0,1001,0,0,1,-1,1,1,-1,-1,-1,-1,-1,-1,
2026-03-18,17:45:33.420,7.93,98,98,98,0.048,24.40,54,0,7.66,-0.444,1.644,2.59,63,0,-119.64,-13.42,10,0.00,3.70,3.71,3.70,3.70,3.71,3.69,3.71,3.70,29.72,25.4,28,27,87.4,146,-445,566,0,0,1001,0,0,1,-1,1,1,-1,-1,-1,-1,-1,-1,
2026-03-18,17:45:33.680,7.93,95,98,98,0.035,25.33,52,0,7.66,-0.474,1.678,3.10,61,0,-116.68,-12.39,10,0.00,3.70,3.71,3.70,3.70,3.71,3.69,3.71,3.69,29.72,25.4,28,27,86.3,78,-451,566,-38,0,1001,0,0,1,-1,1,1,-1,-1,-1,-1,-1,-1,
2026-03-18,17:45:33.950,7.93,95,98,98,0.043,26.51,49,0,7.66,-0.464,1.589,3.51,62,0,-108.34,-8.91,10,0.00,3.70,3.71,3.70,3.70,3.71,3.69,3.71,3.69,29.68,26.1,28,27,85.2,19,-457,564,-166,0,1001,0,0,1,-1,1,1,-1,-1,-1,-1,-1,-1,
2026-03-18,17:45:34.210,7.93,95,98,98,0.088,28.59,49,0,7.71,-0.476,1.557,3.68,62,0,-105.63,-6.05,10,0.00,3.69,3.70,3.70,3.70,3.71,3.69,3.71,3.69,29.68,26.1,28,27,82.0,-4,-428,562,-208,0,1001,0,0,1,-1,1,1,-1,-1,-1,-1,-1,-1,
2026-03-18,17:45:34.480,7.93,96,98,98,0.111,29.31,49,0,7.69,-0.486,1.549,3.68,58,0,-108.65,-4.94,10,0.00,3.69,3.70,3.69,3.70,3.71,3.69,3.71,3.69,29.66,25.8,28,27,79.6,-42,-340,552,-137,0,1001,0,0,1,-1,1,1,-1,-1,-1,-1,-1,-1,
2026-03-18,17:45:34.760,7.93,98,99,99,0.071,29.56,50,0,7.71,-0.413,1.280,1.88,56,0,-118.97,-3.19,10,0.00,3.69,3.70,3.69,3.70,3.70,3.69,3.71,3.69,29.66,25.0,28,27,80.7,-25,-287,548,-25,0,1001,0,0,1,-1,1,1,-1,-1,-1,-1,-1,-1,
2026-03-18,17:45:35.040,7.93,94,99,99,0.035,29.77,48,0,7.74,-0.367,1.117,0.98,57,0,-119.46,-0.24,10,0.00,3.69,3.70,3.69,3.70,3.70,3.69,3.70,3.68,29.66,25.0,28,27,80.4,0,-268,548,0,0,1001,0,0,1,-1,1,1,-1,-1,-1,-1,-1,-1,
2026-03-18,17:45:35.310,7.93,92,99,99,0.074,29.96,46,0,7.75,-0.344,1.112,0.93,60,0,-118.42,0.81,10,0.00,3.68,3.70,3.69,3.70,3.70,3.69,3.70,3.68,29.64,24.7,28,27,82.0,0,-227,548,0,0,1001,0,0,1,-1,1,1,-1,-1,-1,-1,-1,-1,
2026-03-18,17:45:35.570,7.94,92,99,99,0.126,29.63,47,0,7.76,-0.291,1.022,-0.21,59,0,-122.52,2.75,10,0.00,3.68,3.70,3.69,3.69,3.70,3.69,3.70,3.68,29.64,24.7,28,27,86.5,-46,-354,547,-149,0,1001,0,0,1,-1,1,1,-1,-1,-1,-1,-1,-1,
2026-03-18,17:45:35.840,7.93,93,99,99,0.058,28.61,46,0,7.70,-0.274,1.101,-1.99,58,0,-128.27,3.02,10,0.00,3.68,3.70,3.69,3.69,3.70,3.69,3.70,3.68,29.63,24.4,28,27,86.5,-91,-386,532,-231,0,1001,0,0,1,-1,1,1,-1,-1,-1,-1,-1,-1,
2026-03-18,17:45:36.100,7.93,91,96,96,0.049,27.37,45,0,7.68,-0.447,1.705,-3.60,52,0,-136.44,0.27,10,0.00,3.68,3.70,3.69,3.69,3.70,3.69,3.70,3.69,29.63,24.4,28,27,86.5,-105,-324,531,-234,0,1001,0,0,1,-1,1,1,-1,-1,-1,-1,-1,-1,
2026-03-18,17:45:36.360,7.93,90,95,95,0.059,26.69,45,0,7.73,-0.374,1.395,-3.12,52,0,-138.34,-0.68,10,0.00,3.68,3.70,3.69,3.69,3.70,3.69,3.70,3.69,29.63,23.6,28,27,85.2,-106,-236,529,-301,0,1001,0,0,1,-1,1,1,-1,-1,-1,-1,-1,-1,
2026-03-18,17:45:36.620,7.93,87,96,96,0.044,25.79,45,0,7.72,-0.331,1.283,-2.82,53,0,-142.58,-1.09,10,0.00,3.68,3.70,3.69,3.69,3.70,3.69,3.70,3.69,29.63,23.6,28,27,87.2,-64,-229,482,-365,0,1001,0,0,1,-1,1,1,-1,-1,-1,-1,-1,-1,
2026-03-18,17:45:36.890,7.93,92,96,96,0.071,23.99,46,0,7.73,-0.231,1.146,-3.04,57,0,-152.19,-3.07,10,0.00,3.68,3.70,3.69,3.70,3.70,3.69,3.70,3.69,29.67,22.2,28,27,90.6,-64,-269,417,-377,0,1001,0,0,1,-1,1,1,-1,-1,-1,-1,-1,-1,
2026-03-18,17:45:37.150,7.93,92,96,96,0.048,23.18,47,0,7.70,-0.247,1.283,-3.04,64,0,-161.00,-4.64,10,0.00,3.68,3.70,3.69,3.70,3.71,3.69,3.70,3.69,29.67,22.2,28,27,93.7,-66,-223,413,-155,0,1001,0,0,1,-1,1,1,-1,-1,-1,-1,-1,-1,
2026-03-18,17:45:37.420,7.93,97,97,96,-0.036,22.69,47,0,7.73,-0.276,1.346,-2.18,68,0,-169.81,-8.58,10,0.00,3.68,3.70,3.69,3.70,3.71,3.69,3.71,3.70,29.71,17.1,28,27,90.0,0,-187,413,0,0,1001,0,0,1,-1,1,1,-1,-1,-1,-1,-1,-1,
2026-03-18,17:45:37.690,7.93,94,96,96,0.035,22.23,45,0,7.71,-0.192,1.238,-1.97,70,0,-160.24,-8.84,10,0.00,3.70,3.72,3.69,3.70,3.71,3.69,3.71,3.70,29.71,17.1,28,27,93.5,-82,-273,414,-241,0,1001,0,0,1,-1,1,1,-1,-1,-1,-1,-1,-1,
2026-03-18,17:45:37.970,7.93,91,96,96,0.039,21.55,44,0,7.70,-0.306,1.539,-1.90,72,0,-160.67,-10.96,10,0.00,3.70,3.72,3.69,3.70,3.71,3.69,3.71,3.70,29.71,17.2,28,27,89.6,-84,-256,415,-209,0,1001,0,0,1,-1,1,1,-1,-1,-1,-1,-1,-1,
2026-03-18,17:45:38.240,7.93,90,96,96,0.044,20.53,45,0,7.69,-0.300,1.450,-2.92,74,0,-173.92,-13.45,10,0.00,3.70,3.72,3.69,3.70,3.73,3.72,3.71,3.70,29.71,17.2,28,27,84.6,-47,-141,418,0,0,1001,0,0,1,-1,1,1,-1,-1,-1,-1,-1,-1,
2026-03-18,17:45:38.500,7.93,93,96,96,-0.073,20.31,46,0,7.73,-0.168,0.699,-2.23,75,0,-172.38,-13.64,10,0.00,3.70,3.72,3.69,3.70,3.73,3.72,3.73,3.71,29.74,17.2,28,28,84.6,-47,-165,436,0,0,1001,0,0,1,-1,1,1,-1,-1,-1,-1,-1,-1,
2026-03-18,17:45:38.770,7.93,95,96,96,0.011,20.93,47,0,7.74,-0.244,1.160,0.60,76,0,-167.28,-15.70,10,0.00,3.71,3.73,3.69,3.70,3.73,3.72,3.73,3.71,29.75,18.3,28,28,86.3,-50,-242,479,0,0,1001,0,0,1,-1,1,1,-1,-1,-1,-1,-1,-1,
2026-03-18,17:45:39.040,7.93,96,96,96,0.064,20.21,47,0,7.74,-0.312,1.428,0.44,77,0,-170.27,-18.51,10,0.00,3.71,3.73,3.69,3.70,3.73,3.72,3.73,3.71,29.75,18.3,28,28,85.6,-37,-117,477,-262,0,1001,0,0,1,-1,1,1,-1,-1,-1,-1,-1,-1,
2026-03-18,17:45:39.310,7.94,95,96,96,-0.041,20.08,49,0,7.74,-0.322,1.204,-1.21,78,0,-176.51,-18.66,10,0.00,3.71,3.73,3.72,3.72,3.73,3.72,3.73,3.71,29.75,20.6,28,28,93.0,-48,-127,450,-91,0,1001,0,0,1,-1,1,1,-1,-1,-1,-1,-1,-1,
2026-03-18,17:45:39.570,7.94,95,96,96,-0.004,20.57,50,0,7.75,-0.203,1.052,0.77,78,0,-172.37,-20.42,10,0.00,3.71,3.73,3.72,3.72,3.73,3.71,3.73,3.71,29.75,20.6,28,28,90.0,-56,-97,398,-45,0,1001,0,0,1,-1,1,1,-1,-1,-1,-1,-1,-1,
2026-03-18,17:45:39.840,7.93,96,97,96,0.084,20.04,50,0,7.75,-0.171,0.866,-0.44,77,0,-174.20,-20.54,10,0.00,3.71,3.73,3.72,3.72,3.73,3.71,3.72,3.71,29.79,17.0,28,28,89.5,-55,-89,381,-66,0,1001,0,0,1,-1,1,1,-1,-1,-1,-1,-1,-1,
2026-03-18,17:45:40.110,7.93,96,99,99,0.081,19.91,51,0,7.76,-0.149,0.850,-0.86,77,0,-175.63,-19.59,10,0.00,3.71,3.73,3.72,3.72,3.73,3.71,3.72,3.71,29.79,17.0,28,28,86.5,-53,-121,335,-231,0,1001,0,0,1,-1,1,1,-1,-1,-1,-1,-1,-1,
2026-03-18,17:45:40.370,7.94,99,100,100,0.031,19.91,52,0,7.76,-0.199,1.013,-0.08,76,0,173.42,-20.14,10,0.00,3.71,3.73,3.72,3.72,3.73,3.71,3.72,3.71,29.83,14.7,28,28,83.5,-66,-94,328,-325,0,1001,0,0,1,-1,1,1,-1,-1,-1,-1,-1,-1,
2026-03-18,17:45:40.630,7.93,99,100,100,-0.028,20.05,54,0,7.76,-0.208,1.042,0.05,75,0,172.98,-19.65,10,0.00,3.71,3.73,3.72,3.72,3.74,3.72,3.72,3.71,29.83,14.7,28,28,83.5,-49,-116,325,0,0,1001,0,0,1,-1,1,1,-1,-1,-1,-1,-1,-1,
2026-03-18,17:45:40.900,7.93,100,100,100,-0.036,20.56,55,0,7.76,-0.196,1.006,1.00,76,0,175.60,-18.57,10,0.00,3.71,3.73,3.72,3.72,3.74,3.72,3.74,3.73,29.87,14.0,28,28,84.1,0,8,328,0,0,1001,0,0,1,-1,1,1,-1,-1,-1,-1,-1,-1,
2026-03-18,17:45:41.160,7.93,99,100,100,-0.004,20.79,56,0,7.76,-0.149,1.073,1.04,77,0,60.74,-17.25,10,0.00,3.71,3.73,3.72,3.72,3.74,3.72,3.74,3.73,29.87,14.0,28,28,85.6,0,-121,327,0,0,1001,0,0,1,-1,1,1,-1,-1,-1,-1,-1,-1,
2026-03-18,17:45:41.430,7.93,97,100,100,-0.001,20.91,55,0,7.76,-0.199,0.994,0.66,78,0,-175.75,-14.35,10,0.00,3.73,3.74,3.72,3.72,3.74,3.72,3.74,3.73,29.90,14.3,28,28,84.1,0,-172,327,-4,0,1001,0,0,1,-1,1,1,-1,-1,-1,-1,-1,-1,
2026-03-18,17:45:41.700,7.93,94,100,100,0.035,20.76,54,0,7.74,-0.213,1.027,0.00,77,0,-178.38,-14.93,10,0.00,3.73,3.74,3.73,3.73,3.74,3.72,3.74,3.73,29.90,14.3,28,28,80.9,0,-134,327,0,0,1001,0,0,1,-1,1,1,-1,-1,-1,-1,-1,-1,
2026-03-18,17:45:41.960,7.93,93,100,100,0.013,20.57,52,0,7.75,-0.218,0.986,-0.36,76,0,-179.17,-14.98,10,0.00,3.73,3.74,3.73,3.73,3.75,3.73,3.74,3.73,29.93,14.1,28,28,79.6,0,-58,318,0,0,1001,0,0,1,-1,1,1,-1,-1,-1,-1,-1,-1,
2026-03-18,17:45:42.220,7.93,95,100,100,0.083,20.85,51,0,7.76,-0.142,0.401,0.44,74,0,-173.79,-14.32,10,0.00,3.73,3.74,3.73,3.73,3.75,3.73,3.74,3.73,29.93,14.1,28,28,73.2,0,-83,313,0,0,1001,0,0,1,-1,1,1,-1,-1,-1,-1,-1,-1,
2026-03-18,17:45:42.480,7.94,98,100,100,0.051,20.87,51,0,7.76,-0.260,1.003,0.40,74,0,-171.92,-14.74,10,0.00,3.73,3.75,3.73,3.73,3.75,3.73,3.74,3.73,29.94,14.0,28,28,77.6,0,-83,313,0,0,1001,0,0,1,-1,1,1,-1,-1,-1,-1,-1,-1,
2026-03-18,17:45:42.740,7.93,100,100,100,0.002,20.63,52,0,7.76,-0.216,0.811,-0.34,71,0,-178.74,-12.30,10,0.00,3.73,3.75,3.74,3.73,3.75,3.73,3.74,3.73,29.94,14.0,28,28,77.6,0,-61,313,0,0,1001,0,0,1,-1,1,1,-1,-1,-1,-1,-1,-1,
2026-03-18,17:45:43.000,7.93,99,100,100,-0.017,20.75,52,0,7.76,-0.209,0.957,-0.08,70,0,-177.60,-11.27,10,0.00,3.73,3.75,3.74,3.73,3.75,3.73,3.74,3.73,29.95,14.0,28,28,77.6,0,-210,315,-30,0,1001,0,0,1,-1,1,1,-1,-1,-1,-1,-1,-1,
2026-03-18,17:45:43.270,7.93,98,100,100,0.005,20.74,52,0,7.74,-0.180,0.840,0.15,68,0,-171.54,-10.48,10,0.00,3.73,3.75,3.74,3.73,3.75,3.73,3.74,3.73,29.95,14.4,28,28,81.7,0,-253,405,-80,0,1001,0,0,1,-1,1,1,-1,-1,-1,-1,-1,-1,
2026-03-18,17:45:43.540,7.93,96,100,100,0.032,20.22,52,0,7.75,-0.338,1.235,-0.85,65,0,-171.55,-13.66,10,0.00,3.73,3.75,3.74,3.73,3.75,3.73,3.74,3.73,29.94,14.4,28,28,83.5,-13,-241,475,-228,0,1001,0,0,1,-1,1,1,-1,-1,-1,-1,-1,-1,
2026-03-18,17:45:43.800,7.93,96,100,100,0.036,19.50,52,0,7.76,-0.351,1.243,-1.95,64,0,-175.33,-15.08,10,0.00,3.73,3.74,3.74,3.73,3.75,3.73,3.74,3.73,29.90,19.4,28,28,82.8,0,-54,484,-43,0,1001,0,0,1,-1,1,1,-1,-1,-1,-1,-1,-1,
2026-03-18,17:45:44.070,7.93,97,100,100,0.044,18.96,50,0,7.76,-0.271,0.823,-2.02,60,0,-178.38,-16.01,10,0.00,3.73,3.74,3.73,3.73,3.75,3.73,3.74,3.73,29.90,19.4,28,28,82.0,0,-76,479,-39,0,1001,0,0,1,-1,1,1,-1,-1,-1,-1,-1,-1,
2026-03-18,17:45:44.340,7.93,99,100,100,0.042,18.60,48,0,7.76,-0.303,1.073,-1.55,54,0,-179.62,-17.03,10,0.00,3.73,3.74,3.73,3.73,3.73,3.71,3.74,3.73,29.86,21.1,28,28,83.3,0,-145,478,-47,0,1001,0,0,1,-1,1,1,-1,-1,-1,-1,-1,-1,
2026-03-18,17:45:44.610,7.94,96,100,100,0.043,18.27,47,0,7.76,-0.310,1.143,-0.57,49,0,-178.24,-17.44,10,0.00,3.73,3.74,3.73,3.73,3.73,3.71,3.73,3.71,29.86,21.1,28,28,83.3,0,-138,478,0,0,1001,0,0,1,-1,1,1,-1,-1,-1,-1,-1,-1,
2026-03-18,17:45:44.880,7.93,95,99,99,0.028,18.10,47,0,7.74,-0.335,1.169,-0.56,46,0,-178.91,-18.39,10,0.00,3.70,3.72,3.73,3.73,3.73,3.71,3.73,3.71,29.84,20.7,28,28,82.4,0,-161,478,0,0,1001,0,0,1,-1,1,1,-1,-1,-1,-1,-1,-1,
2026-03-18,17:45:45.150,7.93,96,99,99,0.035,18.10,48,0,7.75,-0.345,1.240,-0.35,50,0,-177.80,-19.16,10,0.00,3.70,3.72,3.71,3.71,3.73,3.71,3.73,3.71,29.84,20.7,28,28,82.4,0,-138,478,278,0,1001,0,0,1,-1,1,1,-1,-1,-1,-1,-1,-1,
2026-03-18,17:45:45.420,7.93,99,99,99,0.068,18.42,50,0,7.70,-0.294,0.971,0.61,53,0,-175.62,-19.53,10,0.00,3.70,3.72,3.71,3.71,3.72,3.70,3.73,3.71,29.82,20.5,28,28,83.3,246,-198,481,458,0,1001,0,0,1,-1,1,1,-1,-1,-1,-1,-1,-1,
2026-03-18,17:45:45.690,7.93,100,100,99,0.074,18.41,53,0,7.69,-0.320,1.151,0.35,55,0,-166.52,-19.66,10,0.00,3.70,3.72,3.71,3.71,3.72,3.70,3.72,3.70,29.82,20.5,28,28,81.7,311,-266,482,344,0,1001,0,0,1,-1,1,1,-1,-1,-1,-1,-1,-1,
2026-03-18,17:45:45.960,7.93,100,100,99,0.041,18.49,54,0,7.70,-0.325,1.166,0.19,56,0,-162.11,-20.14,10,0.00,3.70,3.72,3.71,3.71,3.72,3.70,3.72,3.70,29.79,20.7,28,28,83.7,173,-313,481,172,0,1001,0,0,1,-1,1,1,-1,-1,-1,-1,-1,-1,
2026-03-18,17:45:46.220,7.93,100,100,98,0.027,18.70,54,0,7.69,-0.390,1.384,0.41,55,0,-154.56,-21.71,10,0.00,3.70,3.72,3.71,3.71,3.72,3.70,3.72,3.70,29.79,20.7,28,28,82.0,65,-289,478,0,0,1001,0,0,1,-1,1,1,-1,-1,-1,-1,-1,-1,
2026-03-18,17:45:46.490,7.93,98,98,98,0.011,19.24,51,0,7.70,-0.352,1.232,1.20,50,0,-148.15,-21.48,10,0.00,3.70,3.72,3.71,3.71,3.72,3.70,3.72,3.70,29.77,20.7,28,28,82.0,64,-245,478,0,0,1001,0,0,1,-1,1,1,-1,-1,-1,-1,-1,-1,
2026-03-18,17:45:46.760,7.93,96,98,98,0.035,19.83,49,0,7.74,-0.354,1.204,1.82,48,0,-144.63,-21.74,10,0.00,3.70,3.72,3.71,3.71,3.72,3.70,3.72,3.70,29.77,20.6,28,28,81.7,110,-359,479,0,0,1000,0,0,1,-1,1,1,-1,-1,-1,-1,-1,-1,
2026-03-18,17:45:47.030,7.93,94,98,98,0.081,20.35,48,0,7.68,-0.388,1.136,1.80,45,0,-139.28,-22.70,10,0.00,3.70,3.72,3.71,3.71,3.72,3.70,3.71,3.70,29.75,20.6,28,28,78.7,368,-471,494,199,0,1000,0,0,1,-1,1,1,-1,-1,-1,-1,-1,-1,
2026-03-18,17:45:47.290,7.93,95,98,98,0.113,22.10,50,0,7.67,-0.473,1.481,2.11,44,0,-135.28,-24.74,10,0.00,3.70,3.71,3.71,3.71,3.72,3.70,3.71,3.70,29.75,21.2,28,28,75.6,283,-459,494,168,0,1001,0,0,1,-1,1,1,-1,-1,-1,-1,-1,-1,
2026-03-18,17:45:47.560,7.93,97,97,97,0.095,23.24,50,0,7.68,-0.583,1.902,3.72,41,0,-136.70,-24.84,10,0.00,3.70,3.71,3.70,3.71,3.72,3.70,3.71,3.70,29.73,21.2,28,28,81.5,189,-348,488,0,0,1001,0,0,1,-1,1,1,-1,-1,-1,-1,-1,-1,
2026-03-18,17:45:47.820,7.93,98,98,96,0.015,23.86,52,0,7.70,-0.319,1.252,2.83,41,0,-134.02,-22.31,10,0.00,3.70,3.71,3.70,3.71,3.71,3.70,3.71,3.70,29.76,21.2,28,28,81.5,150,-318,387,0,0,1001,0,0,1,-1,1,1,-1,-1,-1,-1,-1,-1,
2026-03-18,17:45:48.090,7.93,99,99,95,-0.040,24.84,49,0,7.73,-0.262,1.183,2.96,42,0,-119.22,-17.25,10,0.00,3.70,3.71,3.70,3.71,3.71,3.70,3.71,3.70,29.76,21.2,28,28,85.6,137,-438,231,28,0,1001,0,0,1,-1,1,1,-1,-1,-1,-1,-1,-1,
2026-03-18,17:45:48.360,7.93,99,99,95,0.007,26.19,49,0,7.72,-0.294,1.508,3.97,46,0,-110.58,-15.89,10,0.00,3.71,3.72,3.70,3.71,3.71,3.70,3.71,3.70,29.83,12.3,28,28,78.7,89,-416,119,0,0,1001,0,0,1,-1,1,1,-1,-1,-1,-1,-1,-1,
2026-03-18,17:45:48.620,7.93,98,99,95,0.038,27.10,48,0,7.69,-0.294,1.216,3.73,48,0,-108.09,-15.47,10,0.00,3.71,3.72,3.70,3.71,3.71,3.70,3.71,3.70,29.83,12.3,28,28,77.6,26,-355,0,-83,0,1001,0,0,1,-1,1,1,-1,-1,-1,-1,-1,-1,
2026-03-18,17:45:48.880,7.93,98,98,96,0.081,27.87,47,0,7.73,-0.112,1.121,3.07,47,0,-116.06,-13.23,10,0.00,3.71,3.72,3.73,3.72,3.71,3.70,3.71,3.70,29.83,5.4,28,28,77.6,0,-360,0,-296,0,1001,0,0,1,-1,1,1,-1,-1,-1,-1,-1,-1,
2026-03-18,17:45:49.140,7.93,98,97,96,0.039,28.69,45,0,7.74,-0.109,1.083,2.87,47,0,-135.97,-10.14,10,0.00,3.71,3.72,3.73,3.72,3.76,3.74,3.71,3.70,29.83,5.4,28,28,77.4,0,-343,-10,-181,0,1001,0,0,1,-1,1,1,-1,-1,-1,-1,-1,-1,
2026-03-18,17:45:49.420,7.93,96,96,96,-0.002,29.32,43,0,7.75,-0.208,1.318,2.62,47,0,-142.96,-8.40,10,0.00,3.71,3.72,3.73,3.72,3.76,3.74,3.76,3.75,29.94,4.3,28,28,75.6,4,-282,0,27,0,1001,0,0,1,-1,1,1,-1,-1,-1,-1,-1,-1,
2026-03-18,17:45:49.680,7.93,96,96,95,-0.026,29.28,45,0,7.76,-0.074,0.893,1.12,47,0,-133.78,-0.96,10,0.00,3.76,3.77,3.73,3.72,3.76,3.74,3.76,3.75,29.94,4.3,28,28,76.7,0,-392,0,14,0,1001,0,0,1,-1,1,1,-1,-1,-1,-1,-1,-1,
2026-03-18,17:45:49.940,7.93,98,98,95,0.000,28.96,48,0,7.74,-0.081,0.926,0.18,46,0,-131.01,0.34,10,0.00,3.76,3.77,3.77,3.76,3.76,3.74,3.76,3.75,30.03,5.2,28,28,76.7,-3,-499,96,-313,0,1001,0,0,1,-1,1,1,-1,-1,-1,-1,-1,-1,
2026-03-18,17:45:50.200,7.93,100,100,96,0.073,28.14,50,0,7.71,-0.221,1.345,-1.62,47,0,-137.85,-2.39,10,0.00,3.76,3.77,3.77,3.76,3.78,3.76,3.76,3.75,30.03,5.2,28,28,72.6,-31,-484,139,-295,0,1001,0,0,1,-1,1,1,-1,-1,-1,-1,-1,-1,
2026-03-18,17:45:50.470,7.93,100,100,96,0.038,26.63,52,0,7.74,-0.226,1.264,-3.81,47,0,-146.98,-4.93,10,0.00,3.76,3.77,3.77,3.76,3.78,3.76,3.77,3.76,30.07,8.5,28,28,73.7,0,-302,163,-176,0,1001,0,0,1,-1,1,1,-1,-1,-1,-1,-1,-1,
2026-03-18,17:45:50.730,7.93,100,100,96,0.000,25.05,53,0,7.75,-0.238,1.364,-4.75,49,0,-149.74,-5.64,10,0.00,3.76,3.77,3.77,3.76,3.78,3.76,3.77,3.76,30.07,8.5,28,28,74.4,0,-419,161,-333,0,1000,0,0,1,-1,1,1,-1,-1,-1,-1,-1,-1,
2026-03-18,17:45:51.010,7.93,100,100,96,-0.019,23.63,54,0,7.71,-0.146,1.282,-5.15,49,0,-143.93,-3.66,10,0.00,3.76,3.77,3.77,3.76,3.78,3.76,3.77,3.76,30.10,9.5,28,28,84.6,-58,-451,202,-415,0,1001,0,0,1,-1,1,1,-1,-1,-1,-1,-1,-1,
2026-03-18,17:45:51.270,7.93,100,100,96,-0.016,22.49,55,0,7.71,-0.164,1.265,-4.36,51,0,-140.95,-4.58,10,0.00,3.76,3.77,3.76,3.76,3.78,3.76,3.77,3.76,30.10,9.9,28,28,83.5,-91,-362,201,-527,0,1001,0,0,1,-1,1,1,-1,-1,-1,-1,-1,-1,
2026-03-18,17:45:51.540,7.93,100,100,96,0.030,21.12,55,0,7.74,-0.194,1.351,-4.49,52,0,-151.23,-10.17,10,0.00,3.76,3.77,3.76,3.76,3.77,3.76,3.77,3.76,30.13,9.9,28,28,85.6,-125,-303,194,-493,0,1001,0,0,1,-1,1,1,-1,-1,-1,-1,-1,-1,
2026-03-18,17:45:51.800,7.93,100,100,97,-0.035,19.62,54,0,7.73,-0.119,1.211,-4.97,54,0,-163.63,-12.28,10,0.00,3.76,3.77,3.76,3.76,3.77,3.76,3.77,3.76,30.13,9.9,28,28,86.3,0,-136,194,0,0,1001,0,0,1,-1,1,1,-1,-1,-1,-1,-1,-1,
2026-03-18,17:45:52.070,7.93,100,100,98,-0.082,18.37,51,0,7.75,-0.158,1.119,-4.74,57,0,-171.15,-13.60,10,0.00,3.75,3.77,3.76,3.76,3.77,3.76,3.77,3.76,30.16,9.9,28,28,85.9,0,-164,193,0,0,1000,0,0,1,-1,1,1,-1,-1,-1,-1,-1,-1,
2026-03-18,17:45:52.330,7.93,96,98,98,0.008,17.21,47,0,7.71,-0.138,1.278,-4.27,58,0,-165.35,-12.94,10,0.00,3.75,3.77,3.76,3.76,3.77,3.76,3.77,3.76,30.18,9.5,28,28,85.9,0,-323,192,-47,0,1000,0,0,1,-1,1,1,-1,-1,-1,-1,-1,-1,
2026-03-18,17:45:52.590,7.93,89,98,98,0.046,15.93,46,0,7.71,-0.088,1.032,-4.24,60,0,-165.74,-14.64,10,0.00,3.75,3.77,3.76,3.76,3.78,3.76,3.77,3.76,30.18,9.5,28,28,90.4,-14,-204,182,-193,0,1001,0,0,1,-1,1,1,-1,-1,-1,-1,-1,-1,
2026-03-18,17:45:52.860,7.93,88,98,98,-0.018,13.38,49,0,7.74,-0.135,1.253,-4.70,61,0,-173.88,-19.42,10,0.00,3.75,3.77,3.76,3.76,3.78,3.76,3.77,3.76,30.21,9.0,28,28,90.6,0,-157,175,0,0,1001,0,0,1,-1,1,1,-1,-1,-1,-1,-1,-1,
2026-03-18,17:45:53.130,7.93,94,98,98,-0.037,12.46,52,0,7.72,-0.010,0.836,-3.80,62,0,-175.63,-19.01,10,0.00,3.75,3.77,3.76,3.76,3.78,3.76,3.77,3.76,30.21,9.0,28,28,92.2,0,-149,175,0,0,1001,0,0,1,-1,1,1,-1,-1,-1,-1,-1,-1,
2026-03-18,17:45:53.390,7.93,99,100,98,-0.006,11.53,55,0,7.71,-0.174,1.351,-3.23,63,0,-175.53,-20.19,10,0.00,3.76,3.77,3.76,3.76,3.78,3.76,3.77,3.76,30.23,8.7,28,28,91.5,0,-290,176,0,0,1001,0,0,1,-1,1,1,-1,-1,-1,-1,-1,-1,
2026-03-18,17:45:53.670,7.93,100,100,99,0.014,10.39,57,0,7.73,-0.069,1.116,-3.87,63,0,-177.58,-19.92,10,0.00,3.76,3.77,3.77,3.77,3.78,3.76,3.77,3.76,30.23,8.7,28,28,88.3,0,-131,176,133,0,1001,0,0,1,-1,1,1,-1,-1,-1,-1,-1,-1,
2026-03-18,17:45:53.950,7.93,100,100,99,0.041,9.51,57,0,7.70,-0.207,1.531,-3.15,64,0,-178.26,-22.34,10,0.00,3.76,3.77,3.77,3.77,3.78,3.77,3.77,3.76,30.24,8.7,28,28,88.3,67,-149,177,210,0,1001,0,0,1,-1,1,1,-1,-1,-1,-1,-1,-1,
2026-03-18,17:45:54.220,7.93,100,100,99,0.066,8.40,58,0,7.73,-0.042,0.909,-3.79,64,0,176.65,-20.59,10,0.00,3.76,3.77,3.77,3.77,3.78,3.77,3.78,3.76,30.24,8.7,28,28,88.5,68,-80,194,154,0,1001,0,0,1,-1,1,1,-1,-1,-1,-1,-1,-1,
2026-03-18,17:45:54.490,7.93,100,100,99,-0.006,7.98,58,0,7.72,-0.096,0.999,-2.38,64,0,-130.21,-19.87,10,0.00,3.76,3.78,3.77,3.77,3.78,3.77,3.78,3.76,30.25,9.1,28,28,88.5,128,-196,196,255,0,1001,0,0,1,-1,1,1,-1,-1,-1,-1,-1,-1,
2026-03-18,17:45:54.750,7.93,100,100,99,0.005,7.09,59,0,7.73,-0.105,1.048,-2.63,64,0,-173.65,-18.44,10,0.00,3.76,3.78,3.77,3.77,3.78,3.77,3.78,3.76,30.25,9.5,28,28,85.2,90,-236,197,173,0,1001,0,0,1,-1,1,1,-1,-1,-1,-1,-1,-1,
2026-03-18,17:45:55.010,7.93,100,100,99,0.011,6.43,60,0,7.74,-0.176,1.255,-2.65,64,0,-167.03,-18.32,10,0.00,3.76,3.78,3.77,3.77,3.78,3.77,3.78,3.76,30.26,9.5,28,28,85.2,0,-153,195,0,0,1001,0,0,1,-1,1,1,-1,-1,-1,-1,-1,-1,
2026-03-18,17:45:55.280,7.93,100,100,99,0.018,5.39,61,0,7.74,-0.105,1.182,-1.97,64,0,-165.15,-18.41,10,0.00,3.76,3.78,3.77,3.77,3.78,3.77,3.78,3.76,30.26,10.0,28,28,84.6,0,-167,194,-12,0,1001,0,0,1,-1,1,1,-1,-1,-1,-1,-1,-1,
2026-03-18,17:45:55.540,7.93,100,100,100,0.003,5.00,61,0,7.75,-0.127,1.035,-1.65,64,0,-164.06,-16.48,10,0.00,3.76,3.78,3.77,3.77,3.78,3.77,3.78,3.76,30.27,10.0,28,28,82.8,0,-152,189,-122,0,1001,0,0,1,-1,1,1,-1,-1,-1,-1,-1,-1,
2026-03-18,17:45:55.800,7.93,100,100,100,0.019,4.59,62,0,7.76,-0.113,0.931,-1.48,64,0,-165.93,-14.60,10,0.00,3.76,3.78,3.77,3.77,3.78,3.77,3.78,3.76,30.28,9.4,28,28,84.1,-36,-113,173,-199,0,1000,0,0,1,-1,1,1,-1,-1,-1,-1,-1,-1,
2026-03-18,17:45:56.060,7.93,100,100,100,0.029,4.25,62,0,7.73,-0.099,0.935,-1.25,65,0,-169.20,-14.73,10,0.00,3.76,3.78,3.77,3.77,3.78,3.77,3.78,3.76,30.28,9.4,28,28,82.8,-47,-220,171,-398,0,1001,0,0,1,-1,1,1,-1,-1,-1,-1,-1,-1,
2026-03-18,17:45:56.320,7.93,100,100,100,-0.021,3.81,62,0,7.74,-0.160,1.175,-1.44,66,0,-173.51,-14.34,10,0.00,3.76,3.78,3.77,3.77,3.78,3.77,3.78,3.76,30.28,9.1,28,28,83.7,-61,-264,166,-407,0,1001,0,0,1,-1,1,1,-1,-1,-1,-1,-1,-1,
2026-03-18,17:45:56.590,7.93,100,100,100,0.002,3.26,62,0,7.75,-0.172,1.266,-1.61,67,0,-173.86,-15.43,10,0.00,3.76,3.78,3.77,3.77,3.78,3.77,3.78,3.77,30.28,9.1,28,28,82.4,-46,-98,-31,-325,0,1000,0,0,1,-1,1,1,-1,-1,-1,-1,-1,-1,
2026-03-18,17:45:56.870,7.93,100,100,100,-0.051,2.66,62,0,7.73,-0.006,0.915,-2.07,67,0,-175.01,-14.11,10,0.00,3.77,3.78,3.77,3.77,3.78,3.77,3.78,3.77,30.34,2.5,28,28,83.2,-154,8,-160,-522,0,1001,0,0,1,-1,1,1,-1,-1,-1,-1,-1,-1,
2026-03-18,17:45:57.140,7.93,100,100,100,-0.022,2.92,63,0,7.75,0.081,0.609,-0.50,66,0,170.79,-9.64,10,0.00,3.77,3.78,3.78,3.78,3.78,3.77,3.78,3.77,30.34,2.5,28,28,83.2,-148,-249,-198,-312,0,1001,0,0,1,-1,1,1,-1,-1,-1,-1,-1,-1,
2026-03-18,17:45:57.400,7.93,100,100,100,-0.034,2.92,62,0,7.74,0.026,0.961,0.76,65,0,170.52,-10.07,10,0.00,3.77,3.78,3.78,3.78,3.80,3.79,3.78,3.77,30.40,0.0,28,28,82.4,-84,-349,-308,0,0,1000,0,0,1,-1,1,1,-1,-1,-1,-1,-1,-1,
2026-03-18,17:45:57.660,7.93,99,100,100,-0.017,3.32,62,0,7.75,0.018,0.988,0.47,66,0,170.82,-11.71,10,0.00,3.77,3.78,3.78,3.78,3.80,3.79,3.81,3.79,30.40,0.0,28,28,80.7,0,-180,-397,0,0,1001,0,0,1,-1,1,1,-1,-1,-1,-1,-1,-1,
2026-03-18,17:45:57.920,7.93,96,100,100,-0.050,2.99,59,0,7.73,0.005,0.891,-0.41,66,0,172.70,-11.55,10,0.00,3.77,3.78,3.78,3.78,3.80,3.79,3.81,3.79,30.45,0.0,28,28,80.7,0,-348,-310,0,0,1001,0,0,1,-1,1,1,-1,-1,-1,-1,-1,-1,
2026-03-18,17:45:58.180,7.93,93,100,100,-0.043,1.78,54,0,7.70,-0.001,1.006,-1.32,67,0,171.19,-10.02,10,0.00,3.80,3.81,3.78,3.78,3.80,3.79,3.81,3.79,30.45,0.0,28,28,77.2,0,-569,-189,28,0,1001,0,0,1,-1,1,1,-1,-1,-1,-1,-1,-1,
2026-03-18,17:45:58.450,7.93,94,100,100,-0.003,1.11,58,0,7.70,-0.199,1.418,-2.08,68,0,172.29,-11.87,10,0.00,3.80,3.81,3.80,3.81,3.80,3.79,3.81,3.79,30.45,1.3,28,28,74.3,0,-252,-195,0,0,1001,0,0,1,-1,1,1,-1,-1,-1,-1,-1,-1,
2026-03-18,17:45:58.720,7.93,97,100,100,-0.021,-0.16,62,0,7.71,-0.124,1.142,-3.34,68,0,173.28,-16.29,10,0.00,3.80,3.81,3.80,3.81,3.80,3.80,3.81,3.79,30.45,1.3,28,28,71.3,0,-468,-150,-63,0,1001,0,0,1,-1,1,1,-1,-1,-1,-1,-1,-1,
2026-03-18,17:45:58.980,7.93,100,100,100,-0.023,-0.98,67,0,7.69,-0.082,1.014,-3.40,68,0,171.14,-12.91,10,0.00,3.80,3.81,3.80,3.81,3.80,3.80,3.81,3.80,30.48,1.1,28,28,71.3,0,-489,-101,-100,0,1001,0,0,1,-1,1,1,-1,-1,-1,-1,-1,-1,
2026-03-18,17:45:59.240,7.93,100,100,100,0.008,-1.56,69,0,7.69,-0.206,1.279,-2.48,68,0,170.15,-14.85,10,0.00,3.80,3.81,3.80,3.81,3.80,3.80,3.81,3.80,30.48,1.1,28,28,71.3,0,-510,-148,123,0,1001,0,0,1,-1,1,1,-1,-1,-1,-1,-1,-1,
2026-03-18,17:45:59.500,7.93,100,100,100,-0.028,-2.38,70,0,7.69,-0.181,1.235,-2.65,68,0,-129.84,-17.48,10,0.00,3.80,3.81,3.80,3.81,3.80,3.80,3.81,3.80,30.50,2.9,28,28,70.2,0,-589,-185,-48,0,1000,0,0,1,-1,1,1,-1,-1,-1,-1,-1,-1,
2026-03-18,17:45:59.780,7.93,100,100,100,-0.017,-2.99,71,0,7.72,-0.094,1.047,-2.44,68,0,-171.63,-17.57,10,0.00,3.80,3.81,3.80,3.81,3.80,3.80,3.81,3.80,30.50,0.0,28,28,68.5,-85,-476,-512,-349,0,1001,0,0,1,-1,1,1,-1,-1,-1,-1,-1,-1,
2026-03-18,17:46:00.040,7.93,100,100,100,0.024,-3.23,70,0,7.70,-0.121,1.136,-1.60,67,0,-172.31,-17.20,10,0.00,3.80,3.81,3.80,3.81,3.80,3.80,3.81,3.80,30.55,0.0,28,28,62.2,-143,-696,-652,-274,0,1001,0,0,1,-1,1,1,-1,-1,-1,-1,-1,-1,
2026-03-18,17:46:00.300,7.93,100,100,100,0.135,-3.15,68,0,7.66,-0.019,1.319,-0.37,64,0,174.79,-15.46,10,0.00,3.80,3.81,3.80,3.81,3.80,3.80,3.82,3.80,30.57,0.0,28,28,62.4,-169,-967,-708,0,0,1001,0,0,1,-1,1,1,-1,-1,-1,-1,-1,-1,
2026-03-18,17:46:00.570,7.93,100,100,100,-0.059,-3.56,66,0,7.68,-0.148,1.276,-0.95,66,0,176.97,-20.65,10,0.00,3.81,3.82,3.80,3.81,3.80,3.80,3.82,3.80,30.57,0.0,28,28,63.7,-221,-99,-826,-274,0,1000,0,0,1,-1,1,1,-1,-1,-1,-1,-1,-1,
2026-03-18,17:46:00.840,7.93,100,100,100,-0.041,-3.81,67,0,7.68,-0.079,0.886,-1.07,73,0,-141.54,-24.28,10,0.00,3.81,3.82,3.81,3.82,3.80,3.80,3.82,3.80,30.59,0.0,28,28,60.2,-164,-540,-725,-192,0,1001,0,0,1,-1,1,1,-1,-1,-1,-1,-1,-1,
2026-03-18,17:46:01.100,7.93,100,100,100,-0.044,-3.28,70,0,7.65,-0.006,0.693,0.64,78,0,-173.88,-17.98,10,0.00,3.81,3.82,3.81,3.82,3.81,3.81,3.82,3.80,30.59,0.0,28,28,67.0,-152,-549,-330,-262,0,1001,0,0,1,-1,1,1,-1,-1,-1,-1,-1,-1,
2026-03-18,17:46:01.370,7.93,100,100,100,0.000,-2.84,71,0,7.71,-0.106,0.918,0.97,81,0,-171.88,-18.16,10,0.00,3.81,3.82,3.81,3.82,3.81,3.81,3.82,3.81,30.61,1.6,28,28,62.4,-223,-230,-515,-482,0,1000,0,0,1,-1,1,1,-1,-1,-1,-1,-1,-1,
2026-03-18,17:46:01.640,7.93,100,100,100,-0.017,-2.16,71,0,7.69,-0.070,0.756,1.93,83,0,-176.92,-15.48,10,0.00,3.81,3.82,3.81,3.82,3.81,3.81,3.82,3.81,30.61,1.6,28,28,62.4,-193,-889,-97,-138,0,1001,0,0,1,-1,1,1,-1,-1,-1,-1,-1,-1,
2026-03-18,17:46:01.910,7.93,100,100,100,-0.016,-2.06,70,0,7.68,-0.145,0.748,1.21,83,0,-176.56,-12.18,10,0.00,3.81,3.82,3.81,3.81,3.81,3.81,3.82,3.81,30.45,0.7,28,28,56.5,-423,-1016,-261,-129,0,1001,0,0,1,-1,1,1,-1,-1,-1,-1,-1,-1,
2026-03-18,17:46:02.170,7.93,100,100,100,0.028,-3.06,72,0,7.59,-0.107,1.341,-1.11,82,0,-3.53,-20.26,10,0.00,3.81,3.82,3.81,3.81,3.81,3.80,3.82,3.81,30.45,0.7,28,28,60.6,-670,-819,-600,-318,0,1001,0,0,1,-1,1,1,-1,-1,-1,-1,-1,-1,
2026-03-18,17:46:02.430,7.93,100,100,100,0.014,-3.55,72,0,7.64,-0.226,1.297,-2.28,82,0,171.46,-27.55,10,0.00,3.81,3.82,3.81,3.81,3.81,3.80,3.82,3.81,30.51,0.0,28,28,55.0,-585,-142,-614,-481,0,1001,0,0,1,-1,1,1,-1,-1,-1,-1,-1,-1,
2026-03-18,17:46:02.700,7.93,100,100,100,-0.001,-3.02,73,0,7.67,-0.045,0.668,0.09,81,0,-156.45,-20.71,10,0.00,3.81,3.82,3.81,3.81,3.81,3.80,3.81,3.80,30.51,0.0,28,28,50.9,-578,-871,178,-853,0,1001,0,0,1,-1,1,1,-1,-1,-1,-1,-1,-1,
2026-03-18,17:46:02.970,7.93,100,100,100,0.537,-2.66,75,0,7.66,-0.114,0.403,1.09,81,0,-148.92,-10.41,10,0.00,3.80,3.81,3.81,3.81,3.81,3.80,3.81,3.80,30.40,1.3,28,28,50.9,-848,-1023,-531,-1023,0,1001,0,0,1,-1,1,1,-1,-1,-1,-1,-1,-1,
2026-03-18,17:46:03.240,7.93,99,100,100,0.050,-3.24,72,0,7.66,0.413,0.507,-0.49,73,0,-164.16,-2.70,10,0.00,3.80,3.81,3.80,3.81,3.81,3.80,3.81,3.80,30.40,1.3,28,28,50.9,-849,-1023,-585,-946,0,1001,0,0,1,-1,1,1,-1,-1,-1,-1,-1,-1,
2026-03-18,17:46:03.510,7.93,98,100,100,0.134,-2.89,67,0,7.69,0.662,0.182,-0.01,63,0,171.25,2.01,10,0.00,3.80,3.81,3.80,3.81,3.81,3.81,3.81,3.80,30.46,0.0,28,28,44.1,-779,-917,-587,-810,0,1001,0,0,1,-1,1,1,-1,-1,-1,-1,-1,-1,
2026-03-18,17:46:03.770,7.93,98,100,100,0.118,-2.28,59,0,7.69,0.582,0.355,1.26,59,0,171.62,6.34,10,0.00,3.80,3.81,3.80,3.81,3.81,3.81,3.82,3.81,30.46,0.0,28,28,36.1,-520,-856,-586,-648,0,1001,0,0,1,-1,1,1,-1,-1,-1,-1,-1,-1,
2026-03-18,17:46:04.030,7.92,99,100,100,-0.026,-1.43,57,0,7.67,0.297,0.266,1.35,58,0,172.65,10.96,10,0.00,3.80,3.82,3.80,3.81,3.81,3.81,3.82,3.81,30.50,0.7,28,28,36.1,-105,-844,-705,-470,0,1001,0,0,1,-1,1,1,-1,-1,-1,-1,-1,-1,
2026-03-18,17:46:04.300,7.93,100,100,100,0.069,-1.45,55,0,7.65,0.221,0.375,0.52,57,0,173.01,14.22,10,0.00,3.80,3.82,3.81,3.82,3.81,3.81,3.82,3.81,30.50,2.0,28,28,25.0,0,-583,-706,-343,0,1001,0,0,1,-1,1,1,-1,-1,-1,-1,-1,-1,
2026-03-18,17:46:04.570,7.93,100,100,100,-0.075,-1.58,55,0,7.67,0.060,1.118,-0.15,56,0,173.39,14.31,10,0.00,3.80,3.82,3.81,3.82,3.81,3.81,3.82,3.81,30.55,2.0,28,28,27.2,0,-593,-706,0,0,1001,0,0,1,-1,1,1,-1,-1,-1,-1,-1,-1,
2026-03-18,17:46:04.830,7.93,100,100,100,-0.034,-1.57,55,0,7.71,0.177,0.978,-0.03,57,0,174.09,13.74,10,0.00,3.80,3.82,3.81,3.82,3.81,3.81,3.82,3.81,30.58,0.0,28,28,24.3,0,-63,-705,0,0,1001,0,0,1,-1,1,1,-1,-1,-1,-1,-1,-1,
2026-03-18,17:46:05.090,7.93,100,100,99,-0.035,-1.58,54,0,7.73,0.179,0.974,-0.06,57,0,174.42,13.46,10,0.00,3.80,3.82,3.81,3.82,3.81,3.81,3.82,3.81,30.58,0.0,28,28,24.3,0,12,-706,0,0,1001,0,0,1,-1,1,1,-1,-1,-1,-1,-1,-1,
2026-03-18,17:46:05.350,7.93,100,100,99,-0.029,-1.54,54,0,7.75,0.181,0.968,0.04,57,0,174.99,12.91,10,0.00,3.81,3.82,3.81,3.82,3.81,3.81,3.82,3.81,30.61,0.0,28,28,26.7,0,13,-706,0,0,1001,0,0,1,-1,1,1,-1,-1,-1,-1,-1,-1,
2026-03-18,17:46:05.610,7.93,100,100,99,-0.027,-1.59,54,0,7.76,0.181,0.969,-0.01,59,0,175.25,12.67,10,0.00,3.81,3.82,3.82,3.83,3.81,3.81,3.82,3.81,30.61,0.0,28,28,23.5,0,14,-706,0,0,1001,0,0,1,-1,1,1,-1,-1,-1,-1,-1,-1,
2026-03-18,17:46:05.890,7.92,100,100,99,-0.029,-1.68,54,0,7.76,0.180,0.968,-0.21,58,0,175.71,12.26,10,0.00,3.81,3.82,3.82,3.83,3.82,3.81,3.82,3.81,30.63,0.0,28,28,27.2,0,14,-706,0,0,1001,0,0,1,-1,1,1,-1,-1,-1,-1,-1,-1,
2026-03-18,17:46:06.150,7.93,100,100,99,-0.030,-1.68,54,0,7.76,0.181,0.968,-0.14,57,0,176.09,11.92,10,0.00,3.81,3.82,3.82,3.83,3.82,3.81,3.83,3.82,30.63,0.0,28,28,25.0,0,14,-706,0,0,1001,0,0,1,-1,1,1,-1,-1,-1,-1,-1,-1,
2026-03-18,17:46:06.420,7.93,99,99,99,-0.033,-1.70,54,0,7.76,0.181,0.968,-0.08,53,0,176.24,11.76,10,0.00,3.82,3.83,3.82,3.83,3.82,3.81,3.83,3.82,30.64,0.0,29,28,25.0,-38,14,-1024,0,0,1001,0,0,1,-1,1,1,-1,-1,-1,-1,-1,-1,
2026-03-18,17:46:06.690,7.93,99,99,99,-0.035,-1.61,54,0,7.76,0.180,0.969,0.05,50,0,176.54,11.49,10,0.00,3.82,3.83,3.82,3.83,3.82,3.81,3.83,3.82,30.64,0.0,29,28,25.7,0,14,-1024,0,0,1001,0,0,1,-1,1,1,-1,-1,-1,-1,-1,-1,
2026-03-18,17:46:06.950,7.92,99,99,99,-0.031,-1.68,54,0,7.76,0.181,0.967,-0.07,47,0,176.77,11.26,10,0.00,3.82,3.83,3.82,3.83,3.82,3.81,3.83,3.82,30.66,0.0,29,28,25.0,0,14,-1024,0,0,1001,0,0,1,-1,1,1,-1,-1,-1,-1,-1,-1,
2026-03-18,17:46:07.210,7.93,100,100,99,-0.030,-1.68,52,0,7.76,0.180,0.970,-0.17,49,0,176.87,11.15,10,0.00,3.82,3.83,3.82,3.83,3.82,3.82,3.83,3.82,30.66,0.0,29,28,20.7,0,14,-1024,0,0,1001,0,0,1,-1,1,1,-1,-1,-1,-1,-1,-1,
2026-03-18,17:46:07.470,7.92,99,99,99,-0.031,-1.75,50,0,7.76,0.181,0.969,-0.11,50,0,177.06,10.97,10,0.00,3.82,3.83,3.82,3.83,3.82,3.82,3.83,3.82,30.66,0.0,29,28,25.0,0,14,-1024,0,0,1001,0,0,1,-1,1,1,-1,-1,-1,-1,-1,-1,
2026-03-18,17:46:07.730,7.93,99,99,99,-0.031,-1.72,50,0,7.76,0.181,0.969,0.02,50,0,177.14,10.89,10,0.00,3.82,3.83,3.82,3.83,3.82,3.82,3.83,3.82,30.66,0.0,29,28,24.3,0,14,-1024,0,0,1000,0,0,1,-1,1,1,-1,1,-1,-1,-1,-1,
2026-03-18,17:46:07.990,7.92,98,99,99,-0.029,-1.72,50,0,7.76,0.181,0.967,0.05,52,0,177.28,10.75,10,0.00,3.82,3.83,3.82,3.83,3.82,3.82,3.83,3.82,30.68,0.0,29,28,23.5,0,14,-1024,0,0,1001,0,0,1,-1,1,1,-1,1,-1,-1,-1,-1,
2026-03-18,17:46:08.250,7.93,98,99,99,-0.029,-1.75,49,0,7.76,0.180,0.969,-0.07,54,0,177.35,10.69,10,0.00,3.82,3.83,3.82,3.83,3.82,3.82,3.83,3.82,30.68,0.0,29,28,23.5,0,14,-1024,0,0,1001,0,0,1,-1,1,1,-1,1,-1,-1,-1,-1,
2026-03-18,17:46:08.510,7.93,99,99,99,-0.032,-1.78,48,0,7.76,0.180,0.968,-0.06,52,0,177.45,10.58,10,0.00,3.82,3.83,3.82,3.83,3.82,3.82,3.83,3.82,30.70,0.0,29,28,25.0,0,14,-1024,0,0,1001,0,0,1,-1,1,1,-1,1,-1,-1,-1,-1,
2026-03-18,17:46:08.770,7.93,99,99,99,-0.028,-1.75,48,0,7.76,0.180,0.967,0.01,53,0,177.55,10.49,10,0.00,3.82,3.83,3.82,3.83,3.82,3.82,3.83,3.82,30.70,0.0,29,28,25.0,0,14,-1024,0,0,1001,0,0,1,-1,1,1,-1,1,-1,-1,-1,-1,
2026-03-18,17:46:09.040,7.92,98,99,99,-0.029,-1.79,48,0,7.76,0.181,0.969,-0.08,52,0,177.61,10.46,10,0.00,3.82,3.83,3.82,3.83,3.82,3.82,3.83,3.82,30.72,0.0,29,28,24.3,0,14,-1024,0,0,1001,0,0,1,-1,1,1,-1,1,-1,-1,-1,-1,
2026-03-18,17:46:09.310,7.93,98,100,100,-0.029,-1.75,49,0,7.76,0.182,0.970,0.04,52,0,177.67,10.38,10,0.00,3.82,3.83,3.82,3.83,3.82,3.82,3.83,3.82,30.73,0.0,29,28,23.5,0,14,-1024,0,0,1001,0,0,1,-1,1,1,-1,1,-1,-1,-1,-1,
2026-03-18,17:46:09.580,7.93,99,100,100,-0.030,-1.86,49,0,7.76,0.180,0.970,-0.13,52,0,177.70,10.35,10,0.00,3.82,3.83,3.82,3.83,3.83,3.82,3.83,3.82,30.73,0.0,29,28,22.6,0,14,-1024,0,0,1001,0,0,1,-1,1,1,-1,1,-1,-1,-1,-1,
2026-03-18,17:46:09.850,7.93,100,100,100,-0.035,-1.88,49,0,7.76,0.180,0.966,-0.09,52,0,177.76,10.30,10,0.00,3.82,3.83,3.82,3.83,3.83,3.82,3.84,3.82,30.73,0.0,29,28,23.5,0,14,-1024,0,0,1001,0,0,1,-1,1,1,-1,1,-1,-1,-1,-1,
2026-03-18,17:46:10.120,7.93,100,100,100,-0.033,-1.92,50,0,7.76,0.180,0.968,-0.15,53,0,177.80,10.25,10,0.00,3.82,3.83,3.82,3.83,3.83,3.82,3.84,3.82,30.73,0.0,29,28,21.7,0,15,-1024,0,0,1001,0,0,1,-1,1,1,-1,1,-1,-1,-1,-1,
2026-03-18,17:46:10.380,7.93,100,100,100,-0.032,-1.89,50,0,7.76,0.181,0.968,0.00,54,0,177.82,10.23,10,0.00,3.82,3.83,3.83,3.83,3.83,3.82,3.84,3.82,30.74,0.0,29,28,21.7,0,15,-1024,0,0,1001,0,0,1,-1,1,1,-1,1,-1,-1,-1,-1,
2026-03-18,17:46:10.640,7.92,99,100,100,-0.030,-1.89,50,0,7.76,0.180,0.969,0.07,54,0,177.86,10.19,10,0.00,3.82,3.83,3.83,3.83,3.83,3.82,3.84,3.82,30.74,0.0,29,28,21.7,0,14,-1024,0,0,1001,0,0,1,-1,1,1,-1,1,-1,-1,-1,-1,
2026-03-18,17:46:10.900,7.92,99,100,100,-0.030,-1.86,51,0,7.76,0.181,0.967,0.05,53,0,177.87,10.17,10,0.00,3.82,3.83,3.83,3.83,3.83,3.82,3.83,3.82,30.75,0.0,29,28,18.7,0,14,-1024,0,0,1001,0,0,1,-1,1,1,-1,1,-1,-1,-1,-1,
2026-03-18,17:46:11.170,7.93,99,100,100,-0.031,-1.88,52,0,7.76,0.180,0.970,-0.02,50,0,177.91,10.14,10,0.00,3.82,3.83,3.83,3.83,3.83,3.82,3.83,3.82,30.75,0.0,29,28,20.7,0,14,-1024,0,0,1001,0,0,1,-1,1,1,-1,1,-1,-1,-1,-1,
2026-03-18,17:46:11.440,7.93,100,100,100,-0.031,-1.82,52,0,7.76,0.181,0.968,0.07,49,0,177.94,10.13,10,0.00,3.82,3.83,3.83,3.83,3.83,3.82,3.83,3.82,30.76,0.0,29,28,21.7,0,14,-1024,0,0,1001,0,0,1,-1,1,1,-1,1,-1,-1,-1,-1,
2026-03-18,17:46:11.700,7.92,100,100,100,-0.031,-1.85,52,0,7.76,0.180,0.969,0.01,50,0,177.95,10.12,10,0.00,3.82,3.83,3.83,3.83,3.83,3.82,3.83,3.82,30.76,0.0,29,28,21.7,0,14,-1024,0,0,1001,0,0,1,-1,1,1,-1,1,-1,-1,-1,-1,
2026-03-18,17:46:11.970,7.92,100,100,100,-0.032,-1.85,53,0,7.76,0.180,0.969,-0.02,52,0,177.97,10.11,10,0.00,3.82,3.83,3.83,3.83,3.83,3.82,3.83,3.82,30.77,0.0,29,28,21.7,0,14,-1024,0,0,1001,0,0,1,-1,1,1,-1,1,-1,-1,-1,-1,
2026-03-18,17:46:12.230,7.93,100,100,100,-0.031,-1.89,54,0,7.76,0.181,0.968,-0.03,53,0,177.98,10.10,10,0.00,3.82,3.83,3.83,3.83,3.83,3.82,3.84,3.82,30.77,0.0,29,28,19.8,0,14,-1024,0,0,1001,0,0,1,-1,1,1,-1,1,-1,-1,-1,-1,
2026-03-18,17:46:12.500,7.93,99,100,100,-0.030,-1.88,55,0,7.76,0.181,0.968,0.00,55,0,177.99,10.09,10,0.00,3.82,3.84,3.83,3.83,3.83,3.82,3.84,3.82,30.78,0.0,29,28,19.8,0,14,-1024,0,0,1001,0,0,1,-1,1,1,-1,1,-1,-1,-1,-1,
2026-03-18,17:46:12.770,7.93,99,100,100,-0.032,-1.92,56,0,7.76,0.181,0.968,-0.07,54,0,178.01,10.09,10,0.00,3.82,3.84,3.83,3.83,3.83,3.82,3.84,3.82,30.78,0.0,29,28,19.8,0,14,-1024,0,0,1001,0,0,1,-1,1,1,-1,1,-1,-1,-1,-1,
2026-03-18,17:46:13.040,7.92,100,100,100,-0.031,-1.95,56,0,7.76,0.180,0.969,-0.09,56,0,178.01,10.08,10,0.00,3.82,3.84,3.83,3.83,3.83,3.82,3.84,3.82,30.78,0.0,29,28,19.8,0,14,-1024,0,0,1001,0,0,1,-1,1,1,-1,1,-1,-1,-1,-1,
2026-03-18,17:46:13.300,7.93,100,100,100,-0.032,-1.94,57,0,7.76,0.181,0.968,-0.03,58,0,178.02,10.07,10,0.00,3.82,3.84,3.83,3.83,3.83,3.82,3.84,3.82,30.78,0.0,29,28,17.8,0,14,-1024,0,0,1001,0,0,1,-1,1,1,-1,1,-1,-1,-1,-1,
2026-03-18,17:46:13.560,7.93,100,100,100,-0.031,-2.00,59,0,7.76,0.181,0.969,-0.12,59,0,178.02,10.07,10,0.00,3.82,3.84,3.83,3.83,3.83,3.82,3.84,3.82,30.78,0.0,29,28,18.7,0,14,-1024,0,0,1001,0,0,1,-1,1,1,-1,1,-1,-1,-1,-1,
2026-03-18,17:46:13.820,7.93,100,100,100,-0.031,-1.95,61,0,7.76,0.181,0.969,0.02,59,0,178.03,10.06,10,0.00,3.82,3.84,3.83,3.83,3.83,3.82,3.84,3.82,30.78,0.0,29,28,19.8,0,14,-1024,0,0,1001,0,0,1,-1,1,1,-1,1,-1,-1,-1,-1,
2026-03-18,17:46:14.090,7.93,100,100,100,-0.030,-1.89,61,0,7.76,0.181,0.968,0.12,57,0,178.04,10.05,10,0.00,3.82,3.84,3.83,3.84,3.83,3.82,3.84,3.82,30.78,0.0,29,28,17.8,0,14,-1024,0,0,1001,0,0,1,-1,1,1,-1,1,-1,-1,-1,-1,
2026-03-18,17:46:14.360,7.92,100,100,100,-0.031,-1.90,63,0,7.76,0.181,0.968,0.06,58,0,178.05,10.05,10,0.00,3.82,3.84,3.83,3.84,3.83,3.82,3.84,3.82,30.79,0.0,29,28,19.8,0,15,-1024,0,0,1001,0,0,1,-1,1,1,-1,1,-1,-1,-1,-1,
2026-03-18,17:46:14.630,7.92,100,100,100,-0.031,-1.87,64,0,7.76,0.181,0.968,0.05,59,0,178.05,10.05,10,0.00,3.82,3.84,3.83,3.84,3.83,3.82,3.84,3.82,30.79,0.0,29,28,19.8,0,15,-1024,0,0,1001,0,0,1,-1,1,1,-1,1,-1,-1,-1,-1,
2026-03-18,17:46:14.900,7.92,100,100,100,-0.031,-1.82,64,0,7.76,0.181,0.969,0.05,58,0,178.05,10.04,10,0.00,3.82,3.84,3.83,3.84,3.83,3.82,3.84,3.82,30.80,0.0,29,28,19.8,0,14,-1024,0,0,1001,0,0,1,-1,1,1,-1,1,-1,-1,-1,-1,
2026-03-18,17:46:15.170,7.92,100,100,100,-0.031,-1.85,64,0,7.76,0.181,0.969,-0.03,60,0,178.06,10.04,10,0.00,3.82,3.84,3.83,3.84,3.83,3.82,3.84,3.82,30.80,0.0,29,28,19.8,0,14,-1024,0,0,1001,0,0,1,-1,1,1,-1,1,-1,-1,-1,-1,
2026-03-18,17:46:15.430,7.92,100,100,100,-0.031,-1.84,65,0,7.76,0.181,0.969,0.00,62,0,178.06,10.04,10,0.00,3.82,3.84,3.83,3.84,3.83,3.82,3.84,3.82,30.80,0.0,29,28,19.8,0,14,-1024,0,0,1001,0,0,1,-1,1,1,-1,1,-1,-1,-1,-1,
2026-03-18,17:46:15.690,7.92,100,100,100,-0.031,-1.83,66,0,7.76,0.180,0.969,0.02,62,0,178.06,10.04,10,0.00,3.82,3.84,3.83,3.84,3.83,3.82,3.84,3.83,30.80,0.0,29,28,19.8,0,14,-1024,0,0,1001,0,0,1,-1,1,1,-1,1,-1,-1,-1,-1,
2026-03-18,17:46:15.960,7.92,100,100,100,-0.031,-1.82,66,0,7.76,0.180,0.969,0.00,62,0,178.06,10.03,10,0.00,3.82,3.84,3.83,3.84,3.83,3.82,3.84,3.83,30.80,0.0,29,28,17.8,0,14,-1024,0,0,1001,0,0,1,-1,1,1,-1,1,-1,-1,-1,-1,
2026-03-18,17:46:16.220,7.92,100,100,100,-0.032,-1.85,66,0,7.76,0.180,0.967,-0.02,63,0,178.07,10.03,10,0.00,3.82,3.84,3.83,3.84,3.83,3.82,3.84,3.83,30.80,0.0,29,28,17.8,0,15,-1024,0,0,1001,0,0,1,-1,1,1,-1,1,-1,-1,-1,-1,
2026-03-18,17:46:16.480,7.92,100,100,100,-0.032,-1.87,67,0,7.76,0.181,0.967,-0.06,64,0,178.07,10.04,10,0.00,3.82,3.84,3.83,3.83,3.83,3.82,3.84,3.83,30.80,0.0,29,28,17.8,0,14,-1024,0,0,1001,0,0,1,-1,1,1,-1,1,-1,-1,-1,-1,
2026-03-18,17:46:16.750,7.92,100,100,100,-0.032,-1.87,67,0,7.76,0.181,0.969,-0.03,64,0,178.08,10.03,10,0.00,3.82,3.84,3.83,3.83,3.84,3.83,3.84,3.83,30.80,0.0,29,28,17.8,0,14,-1024,0,0,1001,0,0,1,-1,1,1,-1,1,-1,-1,-1,-1,
2026-03-18,17:46:17.020,7.92,100,100,100,-0.031,-1.87,68,0,7.76,0.180,0.968,0.00,64,0,178.08,10.04,10,0.00,3.82,3.84,3.83,3.83,3.84,3.83,3.84,3.83,30.81,0.0,29,28,16.5,0,14,-1024,0,0,1001,0,0,1,-1,1,1,-1,1,-1,-1,-1,-1,
2026-03-18,17:46:17.290,7.93,100,100,100,-0.031,-1.94,69,0,7.76,0.181,0.968,-0.12,65,0,178.08,10.04,10,0.00,3.83,3.84,3.83,3.83,3.84,3.83,3.84,3.83,30.81,0.0,29,28,17.8,0,14,-1024,0,0,1001,0,0,1,-1,1,1,-1,1,-1,-1,-1,-1,
2026-03-18,17:46:17.550,7.93,100,100,100,-0.031,-1.93,69,0,7.76,0.181,0.968,-0.07,64,0,178.08,10.04,10,0.00,3.83,3.84,3.83,3.84,3.84,3.83,3.84,3.83,30.81,0.0,29,28,18.7,0,15,-1024,0,0,1001,0,0,1,-1,1,1,-1,1,-1,-1,-1,-1,
2026-03-18,17:46:17.810,7.93,100,100,100,-0.031,-1.96,69,0,7.76,0.181,0.969,-0.04,65,0,178.09,10.04,10,0.00,3.83,3.84,3.83,3.84,3.84,3.83,3.84,3.83,30.81,0.0,29,28,18.7,0,14,-1024,0,0,1001,0,0,1,-1,1,1,-1,1,-1,-1,-1,-1,
2026-03-18,17:46:18.070,7.93,100,100,100,-0.031,-1.99,69,0,7.76,0.181,0.968,-0.08,66,0,178.09,10.03,10,0.00,3.83,3.84,3.83,3.84,3.84,3.83,3.84,3.83,30.81,0.0,29,28,17.8,0,14,-1024,0,0,1001,0,0,1,-1,1,1,-1,1,-1,-1,-1,-1,
2026-03-18,17:46:18.340,7.93,99,100,100,-0.031,-1.91,70,0,7.76,0.181,0.968,0.09,67,0,178.08,10.03,10,0.00,3.83,3.84,3.83,3.84,3.84,3.83,3.84,3.83,30.81,0.0,29,28,16.5,0,15,-1024,0,0,1001,0,0,1,-1,1,1,-1,1,-1,-1,-1,-1,
2026-03-18,17:46:18.610,7.93,99,100,100,-0.031,-1.88,71,0,7.76,0.181,0.968,0.12,68,0,178.08,10.04,10,0.00,3.83,3.84,3.83,3.84,3.84,3.83,3.84,3.83,30.81,0.0,29,28,15.4,0,14,-1024,0,0,1001,0,0,1,-1,1,1,-1,1,-1,-1,-1,-1,
2026-03-18,17:46:18.870,7.93,99,100,100,-0.031,-1.91,71,0,7.76,0.181,0.969,0.02,69,0,178.08,10.04,10,0.00,3.83,3.84,3.83,3.84,3.84,3.83,3.84,3.83,30.81,0.0,29,28,13.9,0,15,-1024,0,0,1001,0,0,1,-1,1,1,-1,1,-1,-1,-1,-1,
2026-03-18,17:46:19.130,7.93,100,100,100,-0.031,-1.94,72,0,7.76,0.181,0.968,-0.06,67,0,178.08,10.04,10,0.00,3.83,3.84,3.83,3.84,3.84,3.83,3.84,3.83,30.81,0.0,29,28,16.5,0,14,-1024,0,0,1001,0,0,1,-1,1,1,-1,1,-1,-1,-1,-1,
2026-03-18,17:46:19.390,7.92,100,100,100,-0.032,-1.94,73,0,7.76,0.181,0.968,-0.04,70,0,178.08,10.04,10,0.00,3.83,3.84,3.83,3.84,3.84,3.83,3.84,3.83,30.81,0.0,29,28,15.4,0,14,-1024,0,0,1001,0,0,1,-1,1,1,-1,1,-1,-1,-1,-1,
2026-03-18,17:46:19.670,7.92,100,100,100,-0.031,-1.95,73,0,7.76,0.181,0.968,-0.01,69,0,178.08,10.04,10,0.00,3.83,3.84,3.83,3.84,3.84,3.83,3.84,3.83,30.81,0.0,29,28,16.5,0,14,-1024,0,0,1001,0,0,1,-1,1,1,-1,1,-1,-1,-1,-1,
2026-03-18,17:46:19.940,7.92,100,100,100,-0.031,-1.89,74,0,7.76,0.181,0.968,0.10,68,0,178.08,10.04,10,0.00,3.83,3.84,3.83,3.84,3.84,3.83,3.84,3.83,30.82,0.0,29,28,16.5,0,15,-1024,0,0,1001,0,0,1,-1,1,1,-1,1,-1,-1,-1,-1,
2026-03-18,17:46:20.210,7.92,100,100,100,-0.030,-1.92,75,0,7.76,0.181,0.969,0.00,69,0,178.08,10.03,10,0.00,3.83,3.84,3.83,3.84,3.84,3.83,3.84,3.83,30.82,0.0,29,28,16.5,0,14,-1024,0,0,1001,0,0,1,-1,1,1,-1,1,-1,-1,-1,-1,
2026-03-18,17:46:20.470,7.93,100,100,100,-0.032,-1.94,77,0,7.76,0.181,0.969,-0.04,67,0,178.08,10.04,10,0.00,3.83,3.84,3.83,3.84,3.84,3.83,3.84,3.83,30.83,0.0,29,28,17.8,0,14,-1024,0,0,1001,0,0,1,-1,1,1,-1,1,-1,-1,-1,-1,
2026-03-18,17:46:20.730,7.92,100,100,100,-0.032,-1.94,75,0,7.76,0.181,0.968,-0.01,65,0,178.08,10.04,10,0.00,3.83,3.84,3.83,3.84,3.84,3.83,3.84,3.83,30.83,0.0,29,28,15.4,0,14,-1024,0,0,1001,0,0,1,-1,1,1,-1,1,-1,-1,-1,-1,
2026-03-18,17:46:20.990,7.92,100,100,100,-0.032,-1.89,73,0,7.76,0.181,0.969,0.09,64,0,178.08,10.03,10,0.00,3.83,3.84,3.83,3.84,3.84,3.83,3.84,3.83,30.83,0.0,29,28,13.9,0,14,-1024,0,0,1001,0,0,1,-1,1,1,-1,1,-1,-1,-1,-1,
2026-03-18,17:46:21.260,7.93,100,100,100,-0.031,-1.94,74,0,7.76,0.181,0.968,-0.04,68,0,178.08,10.03,10,0.00,3.83,3.84,3.83,3.84,3.84,3.83,3.84,3.83,30.83,0.0,29,28,17.8,0,14,-1024,0,0,1001,0,0,1,-1,1,1,-1,1,-1,-1,-1,-1,
2026-03-18,17:46:21.530,7.93,100,100,100,-0.031,-1.95,75,0,7.76,0.181,0.968,-0.05,67,0,178.08,10.03,10,0.00,3.83,3.84,3.83,3.84,3.84,3.83,3.84,3.83,30.83,0.0,29,28,17.8,0,14,-1024,0,0,1001,0,0,1,-1,1,1,-1,1,-1,-1,-1,-1,
2026-03-18,17:46:21.790,7.92,100,100,100,-0.031,-1.91,75,0,7.76,0.181,0.968,0.02,64,0,178.08,10.03,10,0.00,3.83,3.84,3.83,3.84,3.84,3.83,3.85,3.83,30.83,0.0,29,28,17.8,0,15,-1024,0,0,1001,0,0,1,-1,1,1,-1,1,-1,-1,-1,-1,
2026-03-18,17:46:22.060,7.93,100,100,100,-0.031,-1.89,75,0,7.76,0.181,0.968,0.06,65,0,178.08,10.03,10,0.00,3.83,3.84,3.83,3.84,3.84,3.83,3.85,3.83,30.83,0.0,29,28,17.8,0,14,-1024,0,0,1001,0,0,1,-1,1,1,-1,1,-1,-1,-1,-1,
2026-03-18,17:46:22.320,7.93,100,100,100,-0.027,-1.83,76,0,7.76,0.184,0.969,0.14,70,0,178.09,10.04,10,0.00,3.83,3.84,3.83,3.84,3.84,3.83,3.85,3.83,30.84,0.0,29,28,16.5,0,14,-1024,0,0,1001,0,0,1,-1,1,1,-1,1,-1,-1,-1,-1,
2026-03-18,17:46:22.590,7.93,100,100,100,-0.032,-1.87,77,0,7.76,0.181,0.969,0.03,75,0,178.08,10.04,10,0.00,3.83,3.84,3.83,3.84,3.84,3.83,3.85,3.83,30.84,0.0,29,28,15.4,0,14,-1024,0,0,1001,0,0,1,-1,1,1,-1,1,-1,-1,-1,-1,
2026-03-18,17:46:22.860,7.93,100,100,100,-0.030,-1.95,78,0,7.76,0.182,0.968,-0.16,73,0,178.08,10.04,10,0.00,3.83,3.84,3.83,3.84,3.84,3.83,3.85,3.83,30.84,0.0,29,28,17.8,0,14,-1024,0,0,1001,0,0,1,-1,1,1,-1,1,-1,-1,-1,-1,
2026-03-18,17:46:23.120,7.93,100,100,100,-0.031,-2.02,78,0,7.76,0.181,0.968,-0.22,74,0,178.08,10.04,10,0.00,3.83,3.84,3.83,3.84,3.84,3.83,3.84,3.83,30.84,0.0,29,28,15.4,0,14,-1024,0,0,1001,0,0,1,-1,1,1,-1,1,-1,-1,-1,-1,
2026-03-18,17:46:23.380,7.92,100,100,100,-0.030,-2.03,79,0,7.76,0.181,0.967,-0.06,71,0,178.08,10.04,10,0.00,3.83,3.84,3.83,3.84,3.84,3.83,3.84,3.83,30.84,0.0,29,28,15.4,0,14,-1024,0,0,1001,0,0,1,-1,1,1,-1,1,-1,-1,-1,-1,
2026-03-18,17:46:23.660,7.93,100,100,100,-0.030,-1.96,80,0,7.76,0.182,0.969,0.11,76,0,178.09,10.05,10,0.00,3.83,3.84,3.83,3.84,3.84,3.83,3.84,3.83,30.84,0.0,29,28,13.9,0,14,-1024,0,0,1001,0,0,1,-1,1,1,-1,1,-1,-1,-1,-1,
2026-03-18,17:46:23.920,7.93,100,100,100,-0.029,-1.93,80,0,7.76,0.181,0.969,0.12,78,0,178.09,10.05,10,0.00,3.83,3.84,3.83,3.84,3.84,3.83,3.84,3.83,30.84,0.0,29,28,14.1,0,14,-1024,0,0,1001,0,0,1,-1,1,1,-1,1,-1,-1,-1,-1,
2026-03-18,17:46:24.180,7.93,100,100,100,-0.021,-1.98,81,0,7.76,0.185,0.972,-0.04,72,0,178.09,10.06,10,0.00,3.83,3.84,3.83,3.84,3.84,3.83,3.84,3.83,30.84,0.0,29,28,13.0,0,14,-1024,0,0,1001,0,0,1,-1,1,1,-1,1,-1,-1,-1,-1,
2026-03-18,17:46:24.440,7.92,100,100,100,-0.008,-1.99,82,0,7.76,0.182,1.047,-0.05,75,0,178.54,8.07,10,0.00,3.83,3.84,3.83,3.84,3.84,3.83,3.84,3.83,30.84,0.0,29,28,13.0,0,14,-1024,0,0,1001,0,0,1,-1,1,1,-1,1,-1,-1,-1,-1,
2026-03-18,17:46:24.700,7.92,100,100,100,0.001,-1.96,85,0,7.76,0.062,0.930,0.01,86,0,179.03,3.78,10,0.00,3.83,3.84,3.83,3.84,3.84,3.83,3.84,3.83,30.84,0.0,29,28,10.7,0,14,-1024,0,0,1001,0,0,1,-1,1,1,-1,1,-1,-1,-1,-1,
2026-03-18,17:46:24.960,7.93,100,100,100,-0.042,-1.87,84,0,7.76,-0.062,1.004,0.18,90,0,179.28,-2.92,10,0.00,3.83,3.84,3.83,3.84,3.84,3.83,3.84,3.83,30.84,0.0,29,28,10.7,0,14,-1024,0,0,1000,0,0,1,-1,1,1,-1,1,-1,-1,-1,-1,
2026-03-18,17:46:25.230,7.92,100,100,100,0.006,-1.85,82,0,7.76,-0.169,0.973,0.18,88,0,179.41,-5.85,10,0.00,3.83,3.84,3.83,3.84,3.84,3.83,3.84,3.83,30.84,0.0,29,28,12.4,0,14,-1024,0,0,1001,0,0,1,-1,1,1,-1,1,-1,-1,-1,-1,
2026-03-18,17:46:25.490,7.93,100,100,100,0.009,-1.83,83,0,7.76,-0.248,0.942,0.10,92,0,-107.45,-13.84,10,0.00,3.83,3.84,3.83,3.84,3.84,3.83,3.84,3.83,30.84,0.0,29,28,12.4,0,15,-1024,0,0,1001,0,0,1,-1,1,1,-1,1,-1,-1,-1,-1,
2026-03-18,17:46:25.760,7.92,100,100,100,-0.019,-1.81,81,0,7.76,-0.350,0.866,0.08,96,0,-179.48,-21.61,10,0.00,3.83,3.84,3.83,3.84,3.84,3.83,3.84,3.83,30.84,0.0,29,28,13.9,0,14,-1024,0,0,1001,0,0,1,-1,1,1,-1,1,-1,-1,-1,-1,
2026-03-18,17:46:26.030,7.92,100,100,100,0.057,-1.66,81,0,7.76,-0.444,0.889,0.12,97,0,-179.37,-24.29,10,0.00,3.83,3.84,3.83,3.84,3.84,3.83,3.84,3.83,30.84,0.0,29,28,8.9,0,14,-1024,0,0,1001,0,0,1,-1,1,1,-1,1,-1,-1,-1,-1,
2026-03-18,17:46:26.290,7.92,100,100,100,0.039,-1.62,82,0,7.76,-0.461,0.838,0.22,92,0,-179.09,-27.37,10,0.00,3.83,3.84,3.83,3.84,3.84,3.83,3.84,3.83,30.84,0.0,29,28,6.1,0,14,-1024,0,0,1001,0,0,1,-1,1,1,-1,1,-1,-1,-1,-1,
2026-03-18,17:46:26.550,7.92,100,100,100,-0.006,-1.68,81,0,7.76,-0.482,0.829,-0.01,85,0,-178.99,-27.50,10,0.00,3.83,3.84,3.83,3.84,3.84,3.83,3.84,3.84,30.84,0.0,29,28,6.1,0,14,-1024,0,0,1001,0,0,1,-1,1,1,-1,1,-1,-1,-1,-1,
2026-03-18,17:46:26.810,7.93,100,100,100,0.012,-1.66,80,0,7.76,-0.469,0.888,0.00,84,0,-179.00,-27.89,10,0.00,3.83,3.84,3.83,3.84,3.84,3.83,3.84,3.84,30.84,0.0,29,28,8.9,0,15,-1024,0,0,1001,0,0,1,-1,1,1,-1,1,-1,-1,-1,-1,
2026-03-18,17:46:27.070,7.93,100,100,100,0.039,-1.58,80,0,7.76,-0.441,0.866,0.18,86,0,-179.05,-27.70,10,0.00,3.83,3.84,3.83,3.84,3.84,3.83,3.84,3.84,30.84,0.0,29,28,0.0,0,14,-1024,0,0,1001,0,0,1,-1,1,1,-1,1,-1,-1,-1,-1,
2026-03-18,17:46:27.330,7.93,100,100,100,0.001,-1.58,82,0,7.76,-0.464,0.874,0.08,86,0,-179.04,-27.59,10,0.00,3.83,3.84,3.83,3.84,3.84,3.83,3.84,3.84,30.84,0.0,29,28,10.7,0,15,-1024,0,0,1001,0,0,1,-1,1,1,-1,1,-1,-1,-1,-1,
2026-03-18,17:46:27.590,7.93,100,100,100,0.041,-1.54,82,0,7.76,-0.405,0.897,0.09,88,0,-179.22,-26.38,10,0.00,3.83,3.84,3.83,3.84,3.84,3.83,3.84,3.84,30.84,0.0,29,29,8.9,0,14,-1024,0,0,1001,0,0,1,-1,1,1,-1,1,-1,-1,-1,-1,
2026-03-18,17:46:27.860,7.93,100,100,100,0.014,-1.61,84,0,7.76,-0.417,0.931,-0.03,91,0,-179.22,-25.42,10,0.00,3.83,3.84,3.83,3.84,3.84,3.83,3.84,3.83,30.84,0.0,29,29,13.9,0,14,-1024,0,0,1001,0,0,1,-1,1,1,-1,1,-1,-1,-1,-1,
2026-03-18,17:46:28.120,7.93,100,100,100,0.047,-1.64,86,0,7.76,-0.433,0.841,-0.15,95,0,-179.29,-25.00,10,0.00,3.83,3.84,3.83,3.84,3.84,3.83,3.84,3.83,30.84,0.0,29,29,15.4,0,15,-1024,0,0,1001,0,0,1,-1,1,1,-1,1,-1,-1,-1,-1,
2026-03-18,17:46:28.390,7.93,100,100,100,0.022,-1.69,85,0,7.76,-0.342,0.930,-0.13,98,0,-179.21,-24.10,10,0.00,3.83,3.84,3.84,3.84,3.84,3.83,3.84,3.83,30.84,0.0,29,29,12.4,0,14,-1024,0,0,1001,0,0,1,-1,1,1,-1,1,-1,-1,-1,-1,
2026-03-18,17:46:28.650,7.93,100,100,100,0.028,-1.66,86,0,7.76,-0.367,1.020,0.00,99,0,-179.70,-20.27,10,0.00,3.83,3.84,3.84,3.84,3.84,3.83,3.84,3.83,30.84,0.0,29,29,12.4,0,15,-1024,0,0,1001,0,0,1,-1,1,1,-1,1,-1,-1,-1,-1,
2026-03-18,17:46:28.910,7.92,100,100,100,0.017,-1.67,88,0,7.76,-0.279,0.869,0.00,100,0,-178.64,-19.50,10,0.00,3.83,3.84,3.84,3.84,3.84,3.83,3.85,3.83,30.84,0.0,29,29,12.4,0,14,-1024,0,0,1001,0,0,1,-1,1,1,-1,1,-1,-1,-1,-1,
2026-03-18,17:46:29.190,7.93,100,100,100,0.131,-1.75,89,0,7.76,-0.282,0.932,-0.19,100,0,-176.77,-19.00,10,0.00,3.83,3.84,3.84,3.84,3.84,3.83,3.85,3.83,30.84,0.0,29,29,19.8,0,14,-1024,0,0,1001,0,0,1,-1,1,1,-1,1,-1,-1,-1,-1,
2026-03-18,17:46:29.450,7.93,100,100,100,0.158,-1.72,89,0,7.76,-0.369,1.174,0.03,100,0,-173.57,-17.24,10,0.00,3.83,3.84,3.84,3.84,3.84,3.83,3.85,3.83,30.84,0.0,29,29,18.7,0,15,-1024,0,0,1001,0,0,1,-1,1,1,-1,1,-1,-1,-1,-1,
2026-03-18,17:46:29.710,7.93,100,100,100,0.193,-1.65,88,0,7.76,-0.097,1.034,0.08,100,0,-173.56,-14.49,10,0.00,3.83,3.84,3.84,3.84,3.84,3.83,3.85,3.83,30.84,0.0,29,29,8.9,0,14,-1024,0,0,1001,0,0,1,-1,1,1,-1,1,-1,-1,-1,-1,
2026-03-18,17:46:29.970,7.93,100,100,100,0.105,-1.41,89,0,7.76,0.067,0.774,0.53,100,0,-174.19,-11.47,10,0.00,3.83,3.84,3.84,3.84,3.84,3.83,3.85,3.83,30.84,0.0,29,29,0.0,0,14,-1024,0,0,1001,0,0,1,-1,1,1,-1,1,-1,-1,-1,-1,
2026-03-18,17:46:30.230,7.93,100,100,100,0.071,-1.30,87,0,7.76,-0.094,1.092,0.51,100,0,-178.52,-8.33,10,0.00,3.83,3.84,3.84,3.84,3.84,3.83,3.84,3.83,30.84,0.0,29,29,0.0,0,14,-1024,0,0,1001,0,0,1,-1,1,1,-1,1,-1,-1,-1,-1,
2026-03-18,17:46:30.490,7.92,100,100,100,0.047,-1.20,88,0,7.76,-0.146,0.903,0.40,100,0,-177.25,-7.43,10,0.00,3.83,3.84,3.84,3.84,3.84,3.83,3.84,3.83,30.84,0.0,29,29,8.9,0,14,-1024,0,0,1001,0,0,1,-1,1,1,-1,1,-1,-1,-1,-1,
2026-03-18,17:46:30.760,7.92,100,100,100,0.127,-1.12,88,0,7.76,-0.106,0.888,0.37,98,0,-174.74,-6.93,10,0.00,3.83,3.84,3.84,3.84,3.84,3.83,3.84,3.83,30.84,0.0,29,29,8.9,0,14,-1024,0,0,1001,0,0,1,-1,1,1,-1,1,-1,-1,-1,-1,
2026-03-18,17:46:31.030,7.92,100,100,100,0.158,-1.14,88,0,7.76,-0.014,0.841,0.09,99,0,-173.45,-6.15,10,0.00,3.83,3.84,3.84,3.84,3.84,3.84,3.84,3.83,30.84,0.0,29,29,8.9,0,15,-1024,0,0,1001,0,0,1,-1,1,1,-1,1,-1,-1,-1,-1,
2026-03-18,17:46:31.290,7.93,100,100,100,0.079,-1.18,89,0,7.76,-0.021,0.983,-0.04,100,0,-175.56,-3.71,10,0.00,3.83,3.84,3.84,3.84,3.84,3.84,3.84,3.84,30.85,0.0,29,29,6.1,0,14,-1024,0,0,1001,0,0,1,-1,1,1,-1,1,-1,-1,-1,-1,
2026-03-18,17:46:31.560,7.93,100,100,100,0.031,-1.14,91,0,7.76,-0.114,1.078,0.03,100,0,-174.24,-4.79,10,0.00,3.83,3.84,3.84,3.84,3.84,3.84,3.84,3.84,30.85,0.0,29,29,6.1,0,14,-1024,0,0,1001,0,0,1,-1,1,1,-1,1,-1,-1,-1,-1,
2026-03-18,17:46:31.820,7.93,100,100,100,0.077,-1.14,94,0,7.76,-0.066,0.947,0.00,100,0,-175.85,-6.12,10,0.00,3.83,3.84,3.84,3.84,3.84,3.84,3.84,3.84,30.84,0.0,29,29,8.9,0,14,-1024,0,0,1001,0,0,1,-1,1,1,-1,1,-1,-1,-1,-1,
2026-03-18,17:46:32.090,7.93,100,100,100,-0.014,-1.18,95,0,7.76,-0.112,1.005,-0.06,96,0,-4.46,-7.12,10,0.00,3.83,3.84,3.84,3.84,3.84,3.84,3.84,3.84,30.84,0.0,29,29,10.7,0,14,-1024,0,0,1001,0,0,1,-1,1,1,-1,1,-1,-1,-1,-1,
2026-03-18,17:46:32.350,7.93,100,100,100,-0.067,-1.12,95,0,7.76,-0.097,0.974,0.04,97,0,175.84,-8.03,10,0.00,3.83,3.84,3.84,3.84,3.84,3.84,3.84,3.84,30.85,0.0,29,29,8.9,0,14,-1024,0,0,1001,0,0,1,-1,1,1,-1,1,-1,-1,-1,-1,
2026-03-18,17:46:32.610,7.93,100,100,100,-0.114,-0.98,95,0,7.76,-0.167,0.880,0.31,97,0,174.32,-11.54,10,0.00,3.83,3.84,3.84,3.84,3.84,3.84,3.84,3.83,30.85,0.0,29,29,8.9,0,14,-1024,0,0,1001,0,0,1,-1,1,1,-1,1,-1,-1,-1,-1,
2026-03-18,17:46:32.880,7.92,100,100,100,-0.138,-0.88,96,0,7.76,-0.113,0.731,0.41,99,0,175.45,-12.01,10,0.00,3.83,3.84,3.84,3.84,3.84,3.84,3.84,3.83,30.85,0.0,29,29,8.9,0,14,-1024,0,0,1001,0,0,1,-1,1,1,-1,1,-1,-1,-1,-1,
2026-03-18,17:46:33.140,7.92,100,100,100,-0.011,-0.84,93,0,7.76,-0.136,0.935,0.21,99,0,177.06,-9.35,10,0.00,3.83,3.84,3.84,3.84,3.84,3.84,3.84,3.83,30.85,0.0,29,29,8.9,0,14,-1024,0,0,1001,0,0,1,-1,1,1,-1,1,-1,-1,-1,-1,
2026-03-18,17:46:33.400,7.92,100,100,100,0.034,-0.92,92,0,7.76,-0.045,1.036,-0.03,100,0,-165.73,-3.74,10,0.00,3.83,3.84,3.84,3.84,3.84,3.84,3.84,3.83,30.85,0.0,29,29,8.9,0,14,-1024,0,0,1001,0,0,1,-1,1,1,-1,1,-1,-1,-1,-1,
2026-03-18,17:46:33.660,7.92,100,100,100,0.051,-0.94,92,0,7.76,-0.090,0.979,-0.11,99,0,-176.00,-3.50,10,0.00,3.83,3.84,3.84,3.84,3.84,3.84,3.84,3.84,30.85,0.0,29,29,10.6,0,14,-1024,0,0,1001,0,0,1,-1,1,1,-1,1,-1,-1,-1,-1,
2026-03-18,17:46:33.930,7.92,100,100,100,0.160,-0.94,90,0,7.76,0.027,0.927,-0.01,99,0,-175.34,-4.12,10,0.00,3.83,3.84,3.84,3.84,3.84,3.84,3.84,3.84,30.86,0.0,29,29,13.9,0,14,-1024,0,0,1001,0,0,1,-1,1,1,-1,1,-1,-1,-1,-1,
2026-03-18,17:46:34.200,7.92,100,100,100,0.008,-0.98,90,0,7.76,-0.116,1.101,-0.10,99,0,-176.95,-5.84,10,0.00,3.83,3.85,3.84,3.84,3.84,3.84,3.84,3.84,30.86,0.0,29,29,10.7,0,14,-1024,0,0,1000,0,0,1,-1,1,1,-1,1,-1,-1,-1,-1,
2026-03-18,17:46:34.460,7.93,100,100,100,0.003,-0.96,90,0,7.76,-0.127,0.917,0.01,98,0,-177.29,-7.70,10,0.00,3.83,3.85,3.84,3.84,3.84,3.84,3.84,3.84,30.86,0.0,29,29,0.0,0,14,-1024,0,0,1001,0,0,1,-1,1,1,-1,1,-1,-1,-1,-1,
2026-03-18,17:46:34.730,7.93,100,100,100,0.031,-0.98,89,0,7.76,-0.158,0.947,-0.05,96,0,-177.62,-8.95,10,0.00,3.83,3.85,3.84,3.84,3.84,3.84,3.84,3.84,30.86,0.0,29,29,10.7,0,14,-1024,0,0,1001,0,0,1,-1,1,1,-1,1,-1,-1,-1,-1,
2026-03-18,17:46:35.010,7.93,100,100,100,0.068,-0.95,90,0,7.76,-0.145,0.951,0.03,91,0,-178.71,-8.49,10,0.00,3.83,3.85,3.84,3.84,3.84,3.84,3.84,3.84,30.86,0.0,29,29,10.7,0,15,-1024,0,0,1001,0,0,1,-1,1,1,-1,1,-1,-1,-1,-1,
2026-03-18,17:46:35.290,7.92,100,100,100,-0.109,-0.99,89,0,7.76,-0.069,0.853,-0.06,95,0,142.22,-8.30,10,0.00,3.83,3.85,3.84,3.84,3.84,3.84,3.84,3.84,30.86,0.0,29,29,8.9,0,14,-1024,0,0,1000,0,0,1,-1,1,1,-1,1,-1,-1,-1,-1,
2026-03-18,17:46:35.550,7.92,100,100,100,-0.024,-1.02,86,0,7.76,-0.160,1.197,-0.13,98,0,178.69,-7.76,10,0.00,3.83,3.85,3.84,3.84,3.84,3.84,3.84,3.84,30.86,0.0,29,29,8.9,0,14,-1024,0,0,1001,0,0,1,-1,1,1,-1,1,-1,-1,-1,-1,
2026-03-18,17:46:35.810,7.92,100,100,100,-0.148,-1.00,84,0,7.76,-0.113,0.722,0.00,99,0,178.05,-9.22,10,0.00,3.83,3.85,3.84,3.84,3.84,3.84,3.84,3.84,30.86,0.0,29,29,8.9,0,15,-1024,0,0,1001,0,0,1,-1,1,1,-1,1,-1,-1,-1,-1,
2026-03-18,17:46:36.080,7.92,100,100,100,-0.097,-0.92,86,0,7.76,-0.172,1.010,0.15,98,0,176.85,-8.77,10,0.00,3.83,3.85,3.84,3.84,3.84,3.84,3.84,3.84,30.86,0.0,29,29,12.4,0,15,-1024,0,0,1001,0,0,1,-1,1,1,-1,1,-1,-1,-1,-1,
2026-03-18,17:46:36.340,7.93,100,100,100,-0.118,-0.96,88,0,7.76,-0.173,0.836,0.01,99,0,178.28,-8.15,10,0.00,3.83,3.85,3.84,3.84,3.84,3.84,3.84,3.84,30.86,0.0,29,29,10.7,0,14,-1024,0,0,1001,0,0,1,-1,1,1,-1,1,-1,-1,-1,-1,
2026-03-18,17:46:36.600,7.92,100,100,100,0.014,-1.02,91,0,7.76,-0.165,1.037,-0.10,100,0,-96.79,-5.86,10,0.00,3.83,3.85,3.84,3.84,3.84,3.84,3.84,3.84,30.86,0.0,29,29,10.7,0,14,-1024,0,0,1001,0,0,1,-1,1,1,-1,1,-1,-1,-1,-1,
2026-03-18,17:46:36.860,7.92,100,100,100,0.094,-1.00,93,0,7.76,-0.180,1.020,-0.03,100,0,-178.06,-7.24,10,0.00,3.83,3.85,3.84,3.84,3.84,3.84,3.84,3.84,30.86,0.0,29,29,13.9,0,15,-1024,0,0,1001,0,0,1,-1,1,1,-1,1,-1,-1,-1,-1,
2026-03-18,17:46:37.130,7.92,100,100,100,0.137,-0.93,94,0,7.76,-0.197,1.010,0.10,98,0,178.30,-10.86,10,0.00,3.83,3.85,3.84,3.84,3.84,3.84,3.84,3.84,30.86,0.0,29,29,8.7,0,14,-1024,0,0,1001,0,0,1,-1,1,1,-1,1,-1,-1,-1,-1,
2026-03-18,17:46:37.390,7.92,100,100,100,-0.075,-0.88,94,0,7.76,-0.154,0.934,0.18,99,0,66.03,-9.62,10,0.00,3.83,3.85,3.84,3.84,3.84,3.84,3.85,3.84,30.86,0.0,29,29,8.9,0,15,-1024,0,0,1001,0,0,1,-1,1,1,-1,1,-1,-1,-1,-1,
2026-03-18,17:46:37.650,7.93,100,100,100,0.033,-0.92,93,0,7.76,-0.213,0.991,0.01,96,0,178.39,-8.20,10,0.00,3.83,3.85,3.84,3.84,3.84,3.84,3.85,3.84,30.86,0.0,29,29,8.9,0,14,-1024,0,0,1001,0,0,1,-1,1,1,-1,1,-1,-1,-1,-1,
2026-03-18,17:46:37.910,7.93,100,100,100,-0.084,-0.95,91,0,7.76,-0.155,0.986,-0.06,99,0,-60.37,-8.81,10,0.00,3.83,3.85,3.84,3.84,3.84,3.84,3.85,3.84,30.86,0.0,29,29,10.7,0,15,-1024,0,0,1001,0,0,1,-1,1,1,-1,1,-1,-1,-1,-1,
2026-03-18,17:46:38.170,7.93,100,100,100,0.060,-0.89,92,0,7.76,-0.250,0.974,0.11,99,0,176.95,-10.78,10,0.00,3.83,3.85,3.84,3.84,3.84,3.84,3.85,3.84,30.86,0.0,29,29,0.0,0,15,-1024,0,0,1001,0,0,1,-1,1,1,-1,1,-1,-1,-1,-1,
2026-03-18,17:46:38.430,7.93,100,100,100,-0.079,-0.88,91,0,7.76,-0.188,0.817,0.02,97,0,179.30,-16.60,10,0.00,3.83,3.85,3.84,3.84,3.84,3.84,3.85,3.84,30.86,0.0,29,29,8.9,0,15,-1024,0,0,1001,0,0,1,-1,1,1,-1,1,-1,-1,-1,-1,
2026-03-18,17:46:38.690,7.93,100,100,100,0.016,-0.83,90,0,7.76,-0.368,0.827,0.14,99,0,61.07,-17.29,10,0.00,3.83,3.85,3.84,3.84,3.84,3.84,3.84,3.84,30.86,0.0,29,29,8.9,0,15,-1024,0,0,1001,0,0,1,-1,1,1,-1,1,-1,-1,-1,-1,
2026-03-18,17:46:38.950,7.93,100,100,100,-0.076,-0.84,90,0,7.76,-0.226,1.001,0.02,99,0,-178.15,-14.66,10,0.00,3.83,3.85,3.84,3.84,3.84,3.84,3.84,3.84,30.86,0.0,29,29,12.4,0,14,-1024,0,0,1001,0,0,1,-1,1,1,-1,1,-1,-1,-1,-1,
2026-03-18,17:46:39.210,7.93,100,100,100,0.098,-0.86,91,0,7.76,-0.164,1.067,0.01,100,0,-179.78,-12.21,10,0.00,3.83,3.85,3.84,3.84,3.84,3.84,3.84,3.84,30.86,0.0,29,29,6.1,0,15,-1024,0,0,1001,0,0,1,-1,1,1,-1,1,-1,-1,-1,-1,
2026-03-18,17:46:39.490,7.93,100,100,100,0.008,-0.89,90,0,7.76,-0.211,0.907,-0.09,100,0,174.33,-11.32,10,0.00,3.83,3.85,3.84,3.84,3.84,3.84,3.84,3.84,30.86,0.0,29,29,0.0,0,14,-1024,0,0,1001,0,0,1,-1,1,1,-1,1,-1,-1,-1,-1,
2026-03-18,17:46:39.750,7.93,100,100,100,-0.007,-0.91,91,0,7.76,-0.154,1.024,-0.05,100,0,178.74,-8.96,10,0.00,3.83,3.85,3.84,3.84,3.84,3.84,3.84,3.84,30.86,0.0,29,29,6.1,0,14,-1024,0,0,1001,0,0,1,-1,1,1,-1,1,-1,-1,-1,-1,
2026-03-18,17:46:40.010,7.93,100,100,100,0.058,-0.99,89,0,7.76,-0.116,1.076,-0.16,100,0,178.08,-7.85,10,0.00,3.83,3.85,3.84,3.84,3.84,3.84,3.84,3.84,30.86,0.0,29,29,6.1,0,15,-1024,0,0,1000,0,0,1,-1,1,1,-1,1,-1,-1,-1,-1,
2026-03-18,17:46:40.270,7.93,100,100,100,0.128,-1.05,87,0,7.76,-0.180,1.064,-0.25,97,0,177.95,-7.58,10,0.00,3.83,3.85,3.84,3.84,3.84,3.84,3.84,3.84,30.86,0.0,29,29,8.9,0,15,-1024,0,0,1001,0,0,1,-1,1,1,-1,1,-1,-1,-1,-1,
2026-03-18,17:46:40.530,7.92,100,100,100,-0.093,-1.06,87,0,7.76,-0.122,0.908,-0.10,96,0,-170.55,-8.65,10,0.00,3.83,3.85,3.84,3.84,3.84,3.84,3.84,3.84,30.86,0.0,29,29,8.9,0,15,-1024,0,0,1001,0,0,1,-1,1,1,-1,1,-1,-1,-1,-1,
2026-03-18,17:46:40.800,7.92,100,100,100,0.067,-1.01,87,0,7.76,-0.255,0.988,0.11,98,0,71.74,-8.77,10,0.00,3.83,3.85,3.84,3.84,3.84,3.84,3.84,3.84,30.86,0.0,29,29,0.0,0,14,-1024,0,0,1001,0,0,1,-1,1,1,-1,1,-1,-1,-1,-1,
2026-03-18,17:46:41.060,7.93,100,100,100,-0.036,-0.99,89,0,7.76,-0.106,0.935,0.03,99,0,-154.27,-9.56,10,0.00,3.83,3.85,3.84,3.84,3.84,3.84,3.84,3.84,30.86,0.0,29,29,0.0,0,14,-1024,0,0,1001,0,0,1,-1,1,1,-1,1,-1,-1,-1,-1,
2026-03-18,17:46:41.330,7.93,100,100,100,0.067,-1.00,86,0,7.76,-0.129,1.112,0.02,100,0,-179.45,-9.29,10,0.00,3.83,3.85,3.84,3.84,3.84,3.84,3.84,3.84,30.86,0.0,29,29,12.4,0,14,-1024,0,0,1001,0,0,1,-1,1,1,-1,1,-1,-1,-1,-1,
2026-03-18,17:46:41.590,7.92,100,100,100,-0.038,-0.94,84,0,7.76,-0.190,0.886,0.11,99,0,179.56,-10.13,10,0.00,3.83,3.85,3.83,3.84,3.84,3.84,3.84,3.84,30.86,0.0,29,29,6.1,0,15,-1024,0,0,1000,0,0,1,-1,1,1,-1,1,-1,-1,-1,-1,
2026-03-18,17:46:41.850,7.92,100,100,100,0.035,-0.93,84,0,7.76,-0.107,0.921,0.07,96,0,177.65,-9.01,10,0.00,3.83,3.85,3.83,3.84,3.84,3.84,3.84,3.84,30.86,0.0,29,29,6.1,0,15,-1024,0,0,1001,0,0,1,-1,1,1,-1,1,-1,-1,-1,-1,
2026-03-18,17:46:42.110,7.93,100,100,100,-0.068,-0.95,84,0,7.76,0.107,1.044,0.01,93,0,177.60,-5.93,10,0.00,3.83,3.85,3.83,3.84,3.84,3.84,3.84,3.84,30.86,0.0,29,29,12.4,0,15,-1024,0,0,1001,0,0,1,-1,1,1,-1,1,-1,-1,-1,-1,
2026-03-18,17:46:42.380,7.92,100,100,100,-0.132,-1.00,82,0,7.76,-0.112,0.987,-0.13,96,0,176.69,-3.94,10,0.00,3.83,3.85,3.83,3.84,3.84,3.84,3.84,3.84,30.86,0.0,29,29,12.4,0,14,-1024,0,0,1001,0,0,1,-1,1,1,-1,1,-1,-1,-1,-1,
2026-03-18,17:46:42.640,7.92,100,100,100,-0.259,-1.02,80,0,7.76,0.023,1.023,-0.10,95,0,177.27,-5.74,10,0.00,3.83,3.85,3.83,3.84,3.84,3.84,3.84,3.84,30.86,0.0,29,29,12.4,0,15,-1024,0,0,1001,0,0,1,-1,1,1,-1,1,-1,-1,-1,-1,
2026-03-18,17:46:42.910,7.92,100,100,100,0.066,-0.99,80,0,7.76,-0.186,0.918,0.00,96,0,174.16,-9.72,10,0.00,3.83,3.85,3.84,3.85,3.84,3.84,3.84,3.84,30.86,0.0,29,29,12.4,0,15,-1024,0,0,1001,0,0,1,-1,1,1,-1,1,-1,-1,-1,-1,
2026-03-18,17:46:43.180,7.92,100,100,100,-0.117,-0.99,80,0,7.76,-0.195,1.102,0.13,97,0,176.39,-11.20,10,0.00,3.83,3.85,3.84,3.85,3.84,3.84,3.84,3.84,30.86,0.0,29,29,10.7,0,14,-1023,0,0,1001,0,0,1,-1,1,1,-1,1,-1,-1,-1,-1,
2026-03-18,17:46:43.450,7.92,100,100,100,-0.046,-0.93,80,0,7.76,-0.110,0.809,0.06,91,0,176.90,-13.93,10,0.00,3.83,3.85,3.84,3.85,3.84,3.84,3.84,3.84,30.86,0.0,29,29,8.9,0,15,-1024,0,0,1001,0,0,1,-1,1,1,-1,1,-1,-1,-1,-1,
2026-03-18,17:46:43.720,7.92,100,100,100,0.058,-0.93,79,0,7.76,-0.241,1.017,0.00,95,0,177.98,-13.30,10,0.00,3.83,3.85,3.84,3.85,3.84,3.84,3.84,3.84,30.86,0.0,29,29,0.0,0,15,-1024,0,0,1001,0,0,1,-1,1,1,-1,1,-1,-1,-1,-1,
2026-03-18,17:46:43.980,7.92,100,100,100,-0.087,-0.97,79,0,7.76,-0.004,0.917,-0.09,98,0,178.68,-10.82,10,0.00,3.83,3.85,3.84,3.85,3.84,3.84,3.84,3.84,30.86,0.0,29,29,8.9,0,14,-1024,0,0,1001,0,0,1,-1,1,1,-1,1,-1,-1,-1,-1,
2026-03-18,17:46:44.250,7.93,100,100,100,0.148,-0.90,79,0,7.76,-0.222,1.147,0.06,96,0,177.97,-5.27,10,0.00,3.83,3.85,3.84,3.85,3.84,3.84,3.84,3.84,30.86,0.0,29,29,8.9,0,15,-1024,0,0,1001,0,0,1,-1,1,1,-1,1,-1,-1,-1,-1,
2026-03-18,17:46:44.510,7.92,100,100,100,-0.098,-0.96,81,0,7.76,-0.041,1.083,-0.03,95,0,179.05,-6.90,10,0.00,3.83,3.85,3.84,3.85,3.84,3.84,3.84,3.84,30.86,0.0,29,29,0.0,0,15,-1024,0,0,1001,0,0,1,-1,1,1,-1,1,-1,-1,-1,-1,
2026-03-18,17:46:44.780,7.92,100,100,100,0.011,-1.05,80,0,7.76,-0.141,0.951,-0.23,95,0,176.81,-8.37,10,0.00,3.83,3.85,3.84,3.85,3.84,3.84,3.84,3.84,30.86,0.0,29,29,0.0,0,14,-1024,0,0,1001,0,0,1,-1,1,1,-1,1,-1,-1,-1,-1,
2026-03-18,17:46:45.050,7.93,100,100,100,-0.095,-1.10,78,0,7.76,-0.097,0.903,-0.20,96,0,179.03,-9.20,10,0.00,3.83,3.85,3.84,3.85,3.84,3.84,3.84,3.84,30.86,0.0,29,29,8.9,0,15,-1024,0,0,1001,0,0,1,-1,1,1,-1,1,-1,-1,-1,-1,
2026-03-18,17:46:45.310,7.92,100,100,100,0.047,-1.14,79,0,7.76,-0.151,1.004,-0.15,94,0,-151.52,-7.71,10,0.00,3.83,3.85,3.84,3.85,3.84,3.84,3.84,3.84,30.86,0.0,29,29,8.9,0,15,-1024,0,0,1001,0,0,1,-1,1,1,-1,1,-1,-1,-1,-1,
2026-03-18,17:46:45.580,7.92,100,100,100,-0.129,-1.12,79,0,7.76,-0.092,0.955,-0.04,93,0,-179.20,-8.26,10,0.00,3.83,3.85,3.84,3.85,3.84,3.84,3.84,3.84,30.86,0.0,29,29,8.9,0,14,-1024,0,0,1001,0,0,1,-1,1,1,-1,1,-1,-1,-1,-1,
2026-03-18,17:46:45.850,7.92,100,100,100,0.124,-1.09,79,0,7.76,-0.207,0.912,0.06,92,0,178.25,-8.45,10,0.00,3.83,3.85,3.84,3.85,3.84,3.84,3.84,3.84,30.86,0.0,29,29,6.1,0,14,-1024,0,0,1001,0,0,1,-1,1,1,-1,1,-1,-1,-1,-1,
2026-03-18,17:46:46.110,7.92,100,100,100,0.012,-1.14,79,0,7.76,-0.103,1.029,-0.06,88,0,178.80,-7.77,10,0.00,3.83,3.85,3.84,3.85,3.84,3.84,3.84,3.84,30.86,0.0,29,29,8.9,0,15,-1024,0,0,1001,0,0,1,-1,1,1,-1,1,-1,-1,-1,-1,
2026-03-18,17:46:46.370,7.92,100,100,100,0.034,-1.08,79,0,7.76,-0.238,1.054,0.06,86,0,179.37,-6.67,10,0.00,3.83,3.85,3.84,3.84,3.84,3.84,3.84,3.84,30.86,0.0,29,29,8.9,0,15,-1023,0,0,1001,0,0,1,-1,1,1,-1,1,-1,-1,-1,-1,
2026-03-18,17:46:46.630,7.93,100,100,100,-0.130,-1.00,79,0,7.76,-0.173,0.904,0.20,87,0,179.18,-7.91,10,0.00,3.83,3.85,3.84,3.84,3.84,3.84,3.84,3.84,30.86,0.0,29,29,6.1,0,14,-1024,0,0,1001,0,0,1,-1,1,1,-1,1,-1,-1,-1,-1,
2026-03-18,17:46:46.890,7.93,100,100,100,0.068,-0.97,79,0,7.73,-0.282,0.916,0.14,83,0,177.02,-11.46,10,0.00,3.83,3.85,3.84,3.84,3.84,3.84,3.84,3.84,30.86,0.0,29,29,8.7,0,14,-1024,0,0,1001,0,0,1,-1,1,1,-1,1,-1,-1,-1,-1,
2026-03-18,17:46:47.150,7.93,99,100,100,-0.026,-0.92,77,0,7.74,-0.215,1.095,0.15,83,0,175.74,-10.54,10,0.00,3.83,3.85,3.84,3.84,3.84,3.84,3.84,3.84,30.86,0.0,29,29,8.9,0,14,-1024,0,0,1001,0,0,1,-1,1,1,-1,1,-1,-1,-1,-1,
2026-03-18,17:46:47.420,7.92,99,100,100,-0.031,-0.85,74,0,7.75,-0.271,1.014,0.19,86,0,177.85,-8.57,10,0.00,3.83,3.85,3.84,3.84,3.84,3.84,3.84,3.84,30.86,0.0,29,29,8.9,0,14,-1024,0,0,1001,0,0,1,-1,1,1,-1,1,-1,-1,-1,-1,
2026-03-18,17:46:47.680,7.92,98,100,100,-0.118,-0.73,72,0,7.76,-0.182,0.676,0.31,88,0,177.90,-8.22,10,0.00,3.83,3.85,3.84,3.85,3.84,3.84,3.84,3.84,30.86,0.0,29,29,8.9,0,15,-1024,0,0,1001,0,0,1,-1,1,1,-1,1,-1,-1,-1,-1,
2026-03-18,17:46:47.950,7.92,99,100,100,-0.008,-0.64,72,0,7.76,-0.118,0.887,0.33,87,0,176.60,-10.31,10,0.00,3.83,3.85,3.84,3.85,3.84,3.84,3.84,3.84,30.86,0.0,29,29,10.7,0,15,-1024,0,0,1001,0,0,1,-1,1,1,-1,1,-1,-1,-1,-1,
2026-03-18,17:46:48.220,7.93,99,100,100,-0.046,-0.53,73,0,7.76,0.045,1.044,0.36,87,0,176.80,-7.26,10,0.00,3.83,3.85,3.84,3.85,3.84,3.84,3.85,3.84,30.86,0.0,29,29,8.9,0,15,-1024,0,0,1001,0,0,1,-1,1,1,-1,1,-1,-1,-1,-1,
2026-03-18,17:46:48.480,7.93,100,100,100,-0.092,-0.49,76,0,7.76,-0.130,0.858,0.28,89,0,-38.74,-5.42,10,0.00,3.83,3.85,3.84,3.85,3.84,3.84,3.85,3.84,30.86,0.0,29,29,10.7,0,15,-1024,0,0,1001,0,0,1,-1,1,1,-1,1,-1,-1,-1,-1,
2026-03-18,17:46:48.750,7.93,100,100,100,-0.007,-0.46,78,0,7.76,-0.104,0.861,0.08,87,0,177.14,-5.08,10,0.00,3.83,3.85,3.84,3.84,3.84,3.84,3.85,3.84,30.86,0.0,29,29,10.7,0,15,-1024,0,0,1001,0,0,1,-1,1,1,-1,1,-1,-1,-1,-1,
2026-03-18,17:46:49.020,7.92,100,100,100,-0.051,-0.37,79,0,7.76,-0.123,0.933,0.25,87,0,178.04,-7.92,10,0.00,3.83,3.85,3.84,3.84,3.84,3.84,3.85,3.84,30.86,0.0,29,29,10.7,0,15,-1024,0,0,1001,0,0,1,-1,1,1,-1,1,-1,-1,-1,-1,
2026-03-18,17:46:49.280,7.92,100,100,100,0.018,-0.41,76,0,7.76,-0.132,0.953,-0.03,89,0,177.17,-8.56,10,0.00,3.83,3.85,3.84,3.84,3.84,3.84,3.84,3.84,30.86,0.0,29,29,8.9,0,15,-1024,0,0,1001,0,0,1,-1,1,1,-1,1,-1,-1,-1,-1,
2026-03-18,17:46:49.550,7.93,100,100,100,0.065,-0.48,77,0,7.76,-0.208,1.127,-0.14,89,0,172.40,-9.69,10,0.00,3.83,3.85,3.84,3.84,3.84,3.84,3.84,3.84,30.86,0.0,29,29,12.4,0,15,-1024,0,0,1001,0,0,1,-1,1,1,-1,1,-1,-1,-1,-1,
2026-03-18,17:46:49.820,7.93,100,100,100,-0.103,-0.52,78,0,7.76,-0.219,0.828,-0.17,87,0,177.10,-11.40,10,0.00,3.84,3.85,3.84,3.84,3.84,3.84,3.84,3.84,30.86,0.0,29,29,10.7,0,15,-1023,0,0,1001,0,0,1,-1,1,1,-1,1,-1,-1,-1,-1,
2026-03-18,17:46:50.080,7.92,100,100,100,-0.093,-0.57,77,0,7.76,-0.166,0.988,-0.14,87,0,176.75,-11.37,10,0.00,3.84,3.85,3.84,3.84,3.84,3.84,3.84,3.84,30.86,0.0,29,29,10.7,0,15,-1024,0,0,1001,0,0,1,-1,1,1,-1,1,-1,-1,-1,-1,
2026-03-18,17:46:50.350,7.92,100,100,100,-0.173,-0.64,78,0,7.76,-0.001,0.927,-0.22,89,0,-97.00,-8.76,10,0.00,3.84,3.85,3.84,3.84,3.84,3.84,3.84,3.84,30.86,0.0,29,29,12.4,0,15,-1024,0,0,1001,0,0,1,-1,1,1,-1,1,-1,-1,-1,-1,
2026-03-18,17:46:50.610,7.92,99,100,100,-0.006,-0.67,78,0,7.76,-0.209,1.058,-0.16,84,0,168.79,-6.65,10,0.00,3.84,3.85,3.84,3.84,3.84,3.84,3.84,3.84,30.86,0.0,29,29,8.9,0,15,-1024,0,0,1001,0,0,1,-1,1,1,-1,1,-1,-1,-1,-1,
2026-03-18,17:46:50.870,7.92,99,100,100,0.038,-0.75,76,0,7.76,-0.060,1.024,-0.21,87,0,176.85,-5.68,10,0.00,3.83,3.85,3.84,3.84,3.84,3.84,3.84,3.84,30.86,0.0,29,29,8.9,0,15,-1024,0,0,1001,0,0,1,-1,1,1,-1,1,-1,-1,-1,-1,
2026-03-18,17:46:51.140,7.93,98,100,100,-0.064,-0.78,73,0,7.76,-0.070,1.039,-0.15,86,0,176.51,-5.48,10,0.00,3.83,3.85,3.84,3.84,3.84,3.84,3.84,3.84,30.86,0.0,29,29,8.9,0,15,-1024,0,0,1001,0,0,1,-1,1,1,-1,1,-1,-1,-1,-1,
2026-03-18,17:46:51.400,7.93,99,100,100,-0.222,-0.85,71,0,7.76,0.028,0.998,-0.17,87,0,179.47,-4.91,10,0.00,3.83,3.85,3.84,3.84,3.84,3.84,3.84,3.84,30.86,0.0,29,29,6.1,0,15,-1024,0,0,1001,0,0,1,-1,1,1,-1,1,-1,-1,-1,-1,
2026-03-18,17:46:51.670,7.92,99,100,100,0.043,-0.89,72,0,7.76,-0.150,0.980,-0.21,86,0,177.00,-6.14,10,0.00,3.83,3.85,3.84,3.84,3.84,3.84,3.84,3.84,30.86,0.0,29,29,8.9,0,15,-1024,0,0,1001,0,0,1,-1,1,1,-1,1,-1,-1,-1,-1,
2026-03-18,17:46:51.940,7.93,99,100,100,-0.093,-0.91,73,0,7.76,-0.020,0.948,-0.03,86,0,178.59,-7.69,10,0.00,3.83,3.85,3.84,3.84,3.84,3.84,3.84,3.84,30.86,0.0,29,29,10.7,0,15,-1024,0,0,1001,0,0,1,-1,1,1,-1,1,-1,-1,-1,-1,
2026-03-18,17:46:52.200,7.93,99,100,100,0.109,-0.96,74,0,7.76,-0.166,1.017,-0.13,86,0,95.17,-8.35,10,0.00,3.84,3.85,3.84,3.84,3.84,3.84,3.84,3.84,30.86,0.0,29,29,8.9,0,15,-1024,0,0,1001,0,0,1,-1,1,1,-1,1,-1,-1,-1,-1,
2026-03-18,17:46:52.460,7.92,99,100,100,-0.064,-0.94,74,0,7.76,-0.103,0.890,-0.04,87,0,-176.77,-8.77,10,0.00,3.84,3.85,3.84,3.84,3.84,3.84,3.84,3.84,30.87,0.0,29,29,8.9,0,15,-1024,0,0,1001,0,0,1,-1,1,1,-1,1,-1,-1,-1,-1,
2026-03-18,17:46:52.730,7.92,99,100,100,0.008,-0.88,75,0,7.76,-0.166,1.007,0.13,87,0,177.35,-7.89,10,0.00,3.84,3.85,3.84,3.84,3.84,3.84,3.84,3.84,30.87,0.0,29,29,12.4,0,15,-1024,0,0,1001,0,0,1,-1,1,1,-1,1,-1,-1,-1,-1,
2026-03-18,17:46:52.990,7.92,99,100,100,0.013,-0.93,76,0,7.76,-0.158,1.053,-0.02,89,0,178.01,-8.08,10,0.00,3.84,3.85,3.84,3.84,3.84,3.84,3.84,3.84,30.88,0.0,29,29,8.9,0,15,-1024,0,0,1001,0,0,1,-1,1,1,-1,1,-1,-1,-1,-1,
2026-03-18,17:46:53.250,7.92,98,100,100,0.048,-0.98,77,0,7.76,-0.190,1.007,-0.12,86,0,175.49,-7.26,10,0.00,3.84,3.85,3.84,3.84,3.84,3.84,3.84,3.84,30.88,0.0,29,29,8.9,0,15,-1024,0,0,1001,0,0,1,-1,1,1,-1,1,-1,-1,-1,-1,
2026-03-18,17:46:53.520,7.93,99,100,100,-0.097,-1.01,75,0,7.76,-0.190,0.969,-0.12,87,0,178.44,-6.20,10,0.00,3.84,3.85,3.84,3.84,3.84,3.84,3.84,3.84,30.87,0.0,29,29,12.4,0,15,-1024,0,0,1001,0,0,1,-1,1,1,-1,1,-1,-1,-1,-1,
2026-03-18,17:46:53.790,7.93,98,100,100,0.167,-1.01,73,0,7.76,-0.155,1.073,-0.06,88,0,177.53,-4.29,10,0.00,3.84,3.85,3.84,3.84,3.84,3.84,3.84,3.84,30.87,0.0,29,29,8.9,0,14,-1024,0,0,1001,0,0,1,-1,1,1,-1,1,-1,-1,-1,-1,
2026-03-18,17:46:54.060,7.92,99,100,100,-0.095,-0.98,74,0,7.76,0.073,0.958,0.02,90,0,-173.28,-2.90,10,0.00,3.84,3.85,3.84,3.84,3.84,3.84,3.84,3.84,30.87,0.0,29,29,8.9,0,15,-1024,0,0,1001,0,0,1,-1,1,1,-1,1,-1,-1,-1,-1,
2026-03-18,17:46:54.320,7.92,99,100,100,0.046,-0.99,74,0,7.76,-0.145,1.328,0.02,88,0,176.75,-1.52,10,0.00,3.84,3.85,3.84,3.84,3.84,3.84,3.84,3.84,30.87,0.0,29,29,10.7,0,15,-1024,0,0,1001,0,0,1,-1,1,1,-1,1,-1,-1,-1,-1,
2026-03-18,17:46:54.590,7.92,100,100,100,-0.219,-1.06,75,0,7.76,0.134,0.911,-0.02,84,0,178.59,-2.58,10,0.00,3.84,3.85,3.84,3.84,3.84,3.84,3.84,3.84,30.87,0.0,29,29,6.1,0,15,-1024,0,0,1001,0,0,1,-1,1,1,-1,1,-1,-1,-1,-1,
2026-03-18,17:46:54.860,7.93,100,100,100,0.070,-1.12,76,0,7.76,-0.178,1.231,-0.16,83,0,176.66,-2.41,10,0.00,3.84,3.85,3.84,3.84,3.84,3.84,3.84,3.84,30.88,0.0,29,29,8.9,0,15,-1024,0,0,1001,0,0,1,-1,1,1,-1,1,-1,-1,-1,-1,
2026-03-18,17:46:55.120,7.92,100,100,100,-0.179,-1.09,78,0,7.76,-0.034,0.910,-0.04,79,0,176.38,-3.28,10,0.00,3.84,3.85,3.84,3.84,3.84,3.84,3.84,3.84,30.88,0.0,29,29,6.1,0,15,-1024,0,0,1001,0,0,1,-1,1,1,-1,1,-1,-1,-1,-1,
2026-03-18,17:46:55.400,7.92,97,100,100,0.067,-1.08,73,0,7.76,-0.170,0.969,0.03,74,0,179.37,-6.21,10,0.00,3.84,3.85,3.84,3.84,3.84,3.84,3.84,3.84,30.88,0.0,29,29,8.9,0,15,-1024,0,0,1001,0,0,1,-1,1,1,-1,1,-1,-1,-1,-1,
2026-03-18,17:46:55.660,7.92,97,100,100,0.008,-1.07,74,0,7.76,-0.123,0.845,0.01,75,0,30.96,-6.14,10,0.00,3.84,3.85,3.84,3.84,3.84,3.84,3.84,3.84,30.88,0.0,29,29,8.9,0,15,-1024,0,0,1001,0,0,1,-1,1,1,-1,1,-1,-1,-1,-1,
2026-03-18,17:46:55.920,7.92,97,100,100,-0.018,-1.03,74,0,7.76,-0.146,1.196,0.07,78,0,167.66,-4.92,10,0.00,3.84,3.85,3.84,3.84,3.84,3.84,3.84,3.84,30.88,0.0,29,29,8.9,0,15,-1024,0,0,1001,0,0,1,-1,1,1,-1,1,-1,-1,-1,-1,
2026-03-18,17:46:56.180,7.92,98,100,100,-0.011,-1.03,74,0,7.76,-0.041,0.842,0.06,82,0,177.41,-5.31,10,0.00,3.84,3.85,3.84,3.84,3.84,3.85,3.84,3.84,30.88,0.0,29,29,6.1,0,15,-1024,0,0,1001,0,0,1,-1,1,1,-1,1,-1,-1,-1,-1,
2026-03-18,17:46:56.440,7.93,98,100,100,-0.026,-1.01,75,0,7.76,-0.129,0.921,0.07,83,0,178.20,-5.41,10,0.00,3.84,3.85,3.84,3.84,3.84,3.85,3.84,3.84,30.88,0.0,29,29,10.7,0,15,-1023,0,0,1001,0,0,1,-1,1,1,-1,1,-1,-1,-1,-1,
2026-03-18,17:46:56.710,7.93,98,100,100,-0.079,-0.98,74,0,7.76,-0.059,0.789,0.06,79,0,177.42,-5.79,10,0.00,3.84,3.85,3.84,3.84,3.84,3.85,3.84,3.84,30.88,0.0,29,29,8.9,0,15,-1024,0,0,1001,0,0,1,-1,1,1,-1,1,-1,-1,-1,-1,
2026-03-18,17:46:56.970,7.93,100,100,100,-0.135,-0.96,74,0,7.76,-0.128,1.136,0.06,81,0,176.24,-5.97,10,0.00,3.84,3.85,3.84,3.84,3.84,3.85,3.84,3.84,30.88,0.0,29,29,6.1,0,15,-1024,0,0,1001,0,0,1,-1,1,1,-1,1,-1,-1,-1,-1,
2026-03-18,17:46:57.240,7.93,100,100,100,-0.276,-0.95,73,0,7.76,0.083,0.923,0.09,84,0,176.88,-8.00,10,0.00,3.84,3.85,3.84,3.84,3.84,3.85,3.84,3.84,30.88,0.0,29,29,12.4,0,15,-1024,0,0,1001,0,0,1,-1,1,1,-1,1,-1,-1,-1,-1,
2026-03-18,17:46:57.510,7.93,100,100,100,-0.070,-0.85,73,0,7.76,-0.125,1.079,0.18,81,0,175.64,-5.08,10,0.00,3.84,3.85,3.84,3.84,3.84,3.84,3.84,3.84,30.88,0.0,29,29,10.7,0,15,-1024,0,0,1001,0,0,1,-1,1,1,-1,1,-1,-1,-1,-1,
2026-03-18,17:46:57.770,7.92,100,100,100,-0.077,-0.82,72,0,7.76,-0.043,0.799,0.15,80,0,175.15,-4.74,10,0.00,3.84,3.85,3.84,3.84,3.84,3.84,3.84,3.84,30.88,0.0,29,29,10.7,0,15,-1024,0,0,1001,0,0,1,-1,1,1,-1,1,-1,-1,-1,-1,
2026-03-18,17:46:58.040,7.92,99,100,100,-0.052,-0.79,74,0,7.76,-0.099,0.865,0.12,80,0,174.33,-6.50,10,0.00,3.84,3.85,3.84,3.84,3.84,3.84,3.84,3.84,30.89,0.0,29,29,10.7,0,15,-1024,0,0,1001,0,0,1,-1,1,1,-1,1,-1,-1,-1,-1,
2026-03-18,17:46:58.310,7.93,99,100,100,-0.099,-0.74,77,0,7.76,-0.244,0.971,0.11,80,0,176.35,-8.79,10,0.00,3.84,3.85,3.84,3.84,3.84,3.84,3.84,3.84,30.89,0.0,29,29,8.9,0,15,-1024,0,0,1001,0,0,1,-1,1,1,-1,1,-1,-1,-1,-1,
2026-03-18,17:46:58.570,7.93,99,100,100,-0.002,-0.72,77,0,7.76,-0.186,1.161,0.11,82,0,176.71,-8.70,10,0.00,3.84,3.85,3.84,3.84,3.84,3.85,3.84,3.84,30.88,0.0,29,29,10.7,0,15,-1024,0,0,1001,0,0,1,-1,1,1,-1,1,-1,-1,-1,-1,
2026-03-18,17:46:58.840,7.92,100,100,100,-0.075,-0.71,77,0,7.76,-0.260,1.080,0.04,77,0,176.04,-9.86,10,0.00,3.84,3.85,3.84,3.84,3.84,3.85,3.84,3.84,30.88,0.0,29,29,10.7,0,15,-1024,0,0,1001,0,0,1,-1,1,1,-1,1,-1,-1,-1,-1,
2026-03-18,17:46:59.100,7.93,100,100,100,-0.047,-0.61,78,0,7.76,-0.164,0.788,0.22,78,0,175.16,-9.68,10,0.00,3.84,3.85,3.84,3.84,3.84,3.85,3.84,3.84,30.88,0.0,29,29,8.9,0,15,-1024,0,0,1001,0,0,1,-1,1,1,-1,1,-1,-1,-1,-1,
2026-03-18,17:46:59.370,7.93,100,100,100,-0.114,-0.66,80,0,7.76,-0.233,0.995,0.03,77,0,177.20,-8.20,10,0.00,3.84,3.85,3.84,3.84,3.84,3.85,3.84,3.84,30.88,0.0,29,29,10.7,0,15,-1024,0,0,1001,0,0,1,-1,1,1,-1,1,-1,-1,-1,-1,
2026-03-18,17:46:59.630,7.93,100,100,100,-0.048,-0.62,77,0,7.76,-0.056,1.063,0.03,79,0,176.70,-6.85,10,0.00,3.84,3.85,3.84,3.85,3.84,3.85,3.84,3.84,30.88,0.0,29,29,8.9,0,16,-1024,0,0,1001,0,0,1,-1,1,1,-1,1,-1,-1,-1,-1,
2026-03-18,17:46:59.890,7.93,100,100,100,0.039,-0.58,76,0,7.76,-0.198,1.071,0.13,81,0,176.43,-7.57,10,0.00,3.84,3.85,3.84,3.85,3.84,3.84,3.84,3.84,30.89,0.0,29,29,8.9,0,15,-1024,0,0,1001,0,0,1,-1,1,1,-1,1,-1,-1,-1,-1,
2026-03-18,17:47:00.150,7.93,100,100,99,0.033,-0.57,78,0,7.76,-0.116,0.903,0.06,78,0,95.25,-9.01,10,0.00,3.84,3.85,3.84,3.85,3.84,3.84,3.85,3.84,30.89,0.0,29,29,8.9,0,15,-1024,0,0,1001,0,0,1,-1,1,1,-1,1,-1,-1,-1,-1,
2026-03-18,17:47:00.410,7.92,100,100,99,-0.006,-0.52,80,0,7.76,-0.209,0.961,0.11,81,0,-177.28,-9.76,10,0.00,3.84,3.85,3.84,3.85,3.84,3.84,3.85,3.84,30.89,0.0,29,29,10.7,0,15,-1024,0,0,1001,0,0,1,-1,1,1,-1,1,-1,-1,-1,-1,
2026-03-18,17:47:00.680,7.92,100,100,99,0.010,-0.50,80,0,7.76,-0.230,0.793,0.07,82,0,5.75,-11.12,10,0.00,3.84,3.85,3.84,3.84,3.84,3.84,3.85,3.84,30.89,0.0,29,29,10.7,0,16,-1024,0,0,1001,0,0,1,-1,1,1,-1,1,-1,-1,-1,-1,
2026-03-18,17:47:00.950,7.92,100,100,99,0.133,-0.51,78,0,7.76,-0.299,1.114,0.02,84,0,177.91,-10.85,10,0.00,3.84,3.85,3.84,3.84,3.84,3.84,3.85,3.84,30.89,0.0,29,29,8.9,0,15,-1024,0,0,1001,0,0,1,-1,1,1,-1,1,-1,-1,-1,-1,
2026-03-18,17:47:01.210,7.93,100,100,99,-0.019,-0.52,79,0,7.76,-0.168,0.899,-0.02,87,0,-124.17,-11.84,10,0.00,3.84,3.85,3.84,3.84,3.84,3.84,3.85,3.84,30.89,0.0,29,29,8.9,0,15,-1024,0,0,1000,0,0,1,-1,1,1,-1,1,-1,-1,-1,-1,
2026-03-18,17:47:01.470,7.93,100,100,99,0.021,-0.56,80,0,7.76,-0.057,1.041,-0.07,82,0,-178.38,-11.97,10,0.00,3.84,3.85,3.84,3.84,3.84,3.84,3.85,3.84,30.89,0.0,29,29,8.9,0,15,-1023,0,0,1001,0,0,1,-1,1,1,-1,1,-1,-1,-1,-1,
2026-03-18,17:47:01.730,7.93,100,100,99,-0.086,-0.54,80,0,7.76,-0.241,0.957,-0.01,80,0,179.65,-11.80,10,0.00,3.84,3.85,3.84,3.84,3.84,3.84,3.85,3.84,30.89,0.0,29,29,10.7,0,16,-1024,0,0,1001,0,0,1,-1,1,1,-1,1,-1,-1,-1,-1,
2026-03-18,17:47:02.000,7.92,100,100,99,0.084,-0.54,81,0,7.76,-0.090,0.846,-0.01,82,0,176.84,-12.76,10,0.00,3.84,3.85,3.84,3.85,3.84,3.84,3.85,3.84,30.89,0.0,29,29,6.1,0,15,-1024,0,0,1001,0,0,1,-1,1,1,-1,1,-1,-1,-1,-1,
2026-03-18,17:47:02.260,7.92,100,100,99,-0.083,-0.54,81,0,7.76,-0.203,1.029,0.04,85,0,178.81,-13.31,10,0.00,3.84,3.85,3.84,3.85,3.84,3.84,3.85,3.84,30.89,0.0,29,29,6.1,0,15,-1024,0,0,1001,0,0,1,-1,1,1,-1,1,-1,-1,-1,-1,
2026-03-18,17:47:02.520,7.92,100,100,99,0.000,-0.62,81,0,7.76,-0.101,0.906,-0.14,88,0,176.31,-11.19,10,0.00,3.84,3.85,3.84,3.85,3.84,3.84,3.84,3.84,30.89,0.0,29,29,10.7,0,16,-1023,0,0,1001,0,0,1,-1,1,1,-1,1,-1,-1,-1,-1,
2026-03-18,17:47:02.780,7.92,100,100,99,-0.018,-0.55,79,0,7.76,-0.281,1.012,0.01,84,0,176.95,-10.03,10,0.00,3.84,3.85,3.84,3.85,3.84,3.84,3.84,3.84,30.89,0.0,29,29,10.7,0,15,-1024,0,0,1001,0,0,1,-1,1,1,-1,1,-1,-1,-1,-1,
2026-03-18,17:47:03.040,7.92,100,100,99,-0.196,-0.54,79,0,7.76,-0.049,1.010,0.08,85,0,176.36,-9.04,10,0.00,3.84,3.85,3.84,3.85,3.84,3.84,3.84,3.84,30.89,0.0,29,29,0.0,0,15,-1024,0,0,1001,0,0,1,-1,1,1,-1,1,-1,-1,-1,-1,
2026-03-18,17:47:03.300,7.92,100,100,99,-0.019,-0.59,81,0,7.76,-0.205,1.041,-0.05,88,0,176.98,-9.54,10,0.00,3.84,3.85,3.84,3.85,3.84,3.84,3.84,3.84,30.89,0.0,29,29,10.7,0,15,-1024,0,0,1001,0,0,1,-1,1,1,-1,1,-1,-1,-1,-1,
2026-03-18,17:47:03.560,7.92,100,100,99,-0.048,-0.64,82,0,7.76,-0.044,0.815,-0.06,91,0,176.19,-10.57,10,0.00,3.84,3.85,3.84,3.85,3.85,3.84,3.84,3.84,30.89,0.0,29,29,0.0,0,15,-1024,0,0,1001,0,0,1,-1,1,1,-1,1,-1,-1,-1,-1,
2026-03-18,17:47:03.820,7.92,100,100,99,0.079,-0.62,82,0,7.76,-0.283,1.230,-0.06,90,0,176.53,-8.74,10,0.00,3.84,3.85,3.84,3.85,3.85,3.84,3.84,3.84,30.89,0.0,29,29,0.0,0,15,-1024,0,0,1001,0,0,1,-1,1,1,-1,1,-1,-1,-1,-1,
2026-03-18,17:47:04.090,7.92,100,100,100,-0.125,-0.55,82,0,7.76,-0.040,1.028,0.11,91,0,177.31,-9.12,10,0.00,3.84,3.85,3.84,3.85,3.85,3.84,3.84,3.84,30.89,0.0,29,29,12.4,0,15,-1024,0,0,1001,0,0,1,-1,1,1,-1,1,-1,-1,-1,-1,
2026-03-18,17:47:04.350,7.93,100,100,100,-0.029,-0.55,83,0,7.76,-0.233,1.118,0.03,91,0,176.67,-11.42,10,0.00,3.84,3.85,3.84,3.85,3.85,3.84,3.84,3.84,30.89,0.0,29,29,12.4,0,15,-1023,0,0,1001,0,0,1,-1,1,1,-1,1,-1,-1,-1,-1,
2026-03-18,17:47:04.620,7.92,100,100,100,-0.020,-0.62,82,0,7.76,-0.309,0.789,-0.09,93,0,176.18,-12.70,10,0.00,3.84,3.85,3.84,3.85,3.84,3.85,3.84,3.84,30.89,0.0,29,29,0.0,0,15,-1024,0,0,1001,0,0,1,-1,1,1,-1,1,-1,-1,-1,-1,
2026-03-18,17:47:04.890,7.92,100,100,100,0.041,-0.61,80,0,7.76,-0.287,1.199,-0.02,92,0,175.79,-11.58,10,0.00,3.84,3.85,3.84,3.85,3.84,3.85,3.84,3.84,30.89,0.0,29,29,0.0,0,15,-1024,0,0,1001,0,0,1,-1,1,1,-1,1,-1,-1,-1,-1,
2026-03-18,17:47:05.150,7.92,100,100,100,0.065,-0.62,78,0,7.76,-0.207,1.083,0.01,92,0,179.24,-10.23,10,0.00,3.84,3.85,3.84,3.85,3.84,3.85,3.84,3.84,30.89,0.0,29,29,10.7,0,15,-1024,0,0,1001,0,0,1,-1,1,1,-1,1,-1,-1,-1,-1,
2026-03-18,17:47:05.410,7.92,100,100,100,-0.070,-0.65,78,0,7.76,-0.240,1.191,-0.08,90,0,178.02,-8.86,10,0.00,3.84,3.84,3.84,3.85,3.84,3.85,3.84,3.84,30.89,0.0,29,29,0.0,0,15,-1024,0,0,1001,0,0,1,-1,1,1,-1,1,-1,-1,-1,-1,
2026-03-18,17:47:05.680,7.92,100,100,100,0.013,-0.53,79,0,7.76,-0.135,1.087,0.14,91,0,176.92,-7.41,10,0.00,3.84,3.84,3.84,3.85,3.84,3.85,3.84,3.84,30.89,0.0,29,29,0.0,0,15,-1024,0,0,1001,0,0,1,-1,1,1,-1,1,-1,-1,-1,-1,
2026-03-18,17:47:05.940,7.92,100,100,100,-0.104,-0.36,79,0,7.76,-0.073,0.896,0.50,89,0,176.71,-8.20,10,0.00,3.84,3.84,3.84,3.85,3.84,3.84,3.84,3.84,30.89,0.0,29,29,6.1,0,15,-1024,0,0,1001,0,0,1,-1,1,1,-1,1,-1,-1,-1,-1,
2026-03-18,17:47:06.210,7.92,100,100,100,0.023,-0.52,81,0,7.76,-0.206,1.017,0.03,89,0,179.58,-9.08,10,0.00,3.84,3.84,3.84,3.85,3.84,3.84,3.84,3.84,30.89,0.0,29,29,0.0,0,15,-1024,0,0,1001,0,0,1,-1,1,1,-1,1,-1,-1,-1,-1,
2026-03-18,17:47:06.470,7.92,100,100,100,-0.042,-0.52,81,0,7.76,-0.102,0.805,-0.19,90,0,179.33,-7.81,10,0.00,3.84,3.84,3.84,3.85,3.84,3.84,3.84,3.84,30.89,0.0,29,29,0.0,0,15,-1024,0,0,1001,0,0,1,-1,1,1,-1,1,-1,-1,-1,-1,
2026-03-18,17:47:06.740,7.93,100,100,100,0.083,-0.27,80,0,7.76,-0.123,1.120,0.35,87,0,179.47,-5.62,10,0.00,3.84,3.84,3.84,3.85,3.84,3.84,3.84,3.84,30.89,0.0,29,29,12.4,0,15,-1024,0,0,1001,0,0,1,-1,1,1,-1,1,-1,-1,-1,-1,
2026-03-18,17:47:07.010,7.93,100,100,100,-0.012,-0.30,78,0,7.76,-0.068,1.061,0.14,85,0,-120.30,-5.03,10,0.00,3.84,3.84,3.84,3.85,3.84,3.84,3.84,3.84,30.89,0.0,29,29,0.0,0,15,-1024,0,0,1001,0,0,1,-1,1,1,-1,1,-1,-1,-1,-1,
2026-03-18,17:47:07.270,7.93,100,100,100,0.081,-0.39,78,0,7.76,-0.300,1.055,-0.16,90,0,176.57,-5.06,10,0.00,3.84,3.84,3.84,3.85,3.84,3.84,3.84,3.84,30.89,0.0,29,29,0.0,0,15,-1024,0,0,1001,0,0,1,-1,1,1,-1,1,-1,-1,-1,-1,
2026-03-18,17:47:07.530,7.92,100,100,100,0.022,-0.31,79,0,7.76,-0.173,0.839,0.02,90,0,177.00,-6.52,10,0.00,3.84,3.84,3.84,3.85,3.84,3.84,3.84,3.84,30.89,0.0,29,29,0.0,0,15,-1024,0,0,1001,0,0,1,-1,1,1,-1,1,-1,-1,-1,-1,
2026-03-18,17:47:07.790,7.92,100,100,100,-0.186,-0.21,82,0,7.76,-0.045,1.134,0.26,90,0,177.13,-7.29,10,0.00,3.84,3.85,3.84,3.85,3.84,3.84,3.84,3.84,30.89,0.0,29,29,6.1,0,15,-1024,0,0,1001,0,0,1,-1,1,1,-1,1,-1,-1,-1,-1,
2026-03-18,17:47:08.060,7.92,100,100,100,-0.083,-0.33,80,0,7.76,-0.057,0.983,-0.04,88,0,178.83,-9.84,10,0.00,3.84,3.85,3.84,3.85,3.84,3.84,3.84,3.84,30.89,0.0,29,29,8.9,0,15,-1024,0,0,1001,0,0,1,-1,1,1,-1,1,-1,-1,-1,-1,
2026-03-18,17:47:08.330,7.93,100,100,100,-0.122,-0.30,78,0,7.76,-0.040,0.936,-0.07,88,0,177.96,-9.54,10,0.00,3.84,3.85,3.84,3.85,3.84,3.84,3.84,3.84,30.89,0.0,29,29,0.0,0,15,-1023,0,0,1001,0,0,1,-1,1,1,-1,1,-1,-1,-1,-1,
2026-03-18,17:47:08.600,7.92,100,100,100,0.030,-0.32,81,0,7.76,-0.205,0.930,0.01,87,0,176.91,-9.60,10,0.00,3.84,3.85,3.84,3.85,3.84,3.84,3.84,3.84,30.89,0.0,29,29,0.0,0,15,-1024,0,0,1001,0,0,1,-1,1,1,-1,1,-1,-1,-1,-1,
2026-03-18,17:47:08.860,7.92,100,100,100,-0.068,-0.34,81,0,7.76,-0.128,1.077,-0.12,88,0,177.34,-9.66,10,0.00,3.84,3.85,3.84,3.85,3.84,3.84,3.84,3.84,30.89,0.0,29,29,0.0,0,15,-1024,0,0,1001,0,0,1,-1,1,1,-1,1,-1,-1,-1,-1,
2026-03-18,17:47:09.120,7.92,100,100,100,-0.089,-0.24,79,0,7.76,-0.229,0.962,0.17,89,0,178.26,-10.35,10,0.00,3.84,3.85,3.84,3.85,3.84,3.84,3.84,3.84,30.89,0.0,29,29,8.9,0,15,-1024,0,0,1001,0,0,1,-1,1,1,-1,1,-1,-1,-1,-1,
2026-03-18,17:47:09.380,7.93,100,100,100,-0.021,-0.17,78,0,7.76,-0.060,0.945,0.11,93,0,177.22,-11.53,10,0.00,3.84,3.85,3.84,3.85,3.84,3.84,3.84,3.84,30.89,0.0,29,29,8.9,0,15,-1023,0,0,1001,0,0,1,-1,1,1,-1,1,-1,-1,-1,-1,
2026-03-18,17:47:09.640,7.93,100,100,100,0.057,-0.24,77,0,7.76,-0.312,1.150,-0.07,93,0,176.80,-11.34,10,0.00,3.84,3.85,3.84,3.85,3.84,3.84,3.84,3.84,30.89,0.0,29,29,10.7,0,15,-1024,0,0,1001,0,0,1,-1,1,1,-1,1,-1,-1,-1,-1,
2026-03-18,17:47:09.910,7.92,100,100,100,-0.031,-0.26,78,0,7.76,-0.081,0.943,-0.10,93,0,177.78,-12.76,10,0.00,3.84,3.85,3.84,3.85,3.84,3.84,3.84,3.84,30.89,0.0,29,29,12.4,0,16,-1024,0,0,1001,0,0,1,-1,1,1,-1,1,-1,-1,-1,-1,
2026-03-18,17:47:10.180,7.93,100,100,100,-0.065,-0.29,78,0,7.76,-0.214,1.019,-0.11,91,0,179.69,-12.72,10,0.00,3.84,3.85,3.84,3.85,3.84,3.84,3.84,3.84,30.89,0.0,29,29,12.4,0,15,-1024,0,0,1001,0,0,1,-1,1,1,-1,1,-1,-1,-1,-1,
2026-03-18,17:47:10.440,7.92,100,100,100,-0.031,-0.24,76,0,7.76,-0.127,1.073,0.05,86,0,179.05,-10.90,10,0.00,3.84,3.85,3.84,3.85,3.84,3.84,3.84,3.84,30.89,0.0,29,29,10.7,0,16,-1023,0,0,1001,0,0,1,-1,1,1,-1,1,-1,-1,-1,-1,
2026-03-18,17:47:10.710,7.92,100,100,100,-0.002,-0.24,75,0,7.76,-0.208,1.089,0.05,89,0,177.87,-5.80,10,0.00,3.84,3.85,3.84,3.85,3.84,3.84,3.84,3.84,30.89,0.0,29,29,6.1,0,15,-1023,0,0,1000,0,0,1,-1,1,1,-1,1,-1,-1,-1,-1,
2026-03-18,17:47:10.980,7.92,100,100,100,-0.069,-0.28,75,0,7.76,-0.109,0.972,-0.04,90,0,177.32,-6.93,10,0.00,3.84,3.85,3.84,3.85,3.84,3.84,3.84,3.84,30.89,0.0,29,29,6.1,0,15,-1024,0,0,1000,0,0,1,-1,1,1,-1,1,-1,-1,-1,-1,
2026-03-18,17:47:11.250,7.92,100,100,100,-0.003,-0.35,76,0,7.76,-0.179,1.190,-0.19,91,0,176.62,-8.22,10,0.00,3.84,3.85,3.84,3.85,3.84,3.84,3.84,3.84,30.89,0.0,29,29,6.1,0,15,-1023,0,0,1000,0,0,1,-1,1,1,-1,1,-1,-1,-1,-1,
2026-03-18,17:47:11.510,7.92,100,100,100,0.010,-0.35,78,0,7.76,-0.241,1.030,-0.07,90,0,176.81,-11.03,10,0.00,3.84,3.85,3.84,3.85,3.84,3.84,3.84,3.84,30.89,0.0,29,29,8.9,0,15,-1024,0,0,1001,0,0,1,-1,1,1,-1,1,-1,-1,-1,-1,
2026-03-18,17:47:11.770,7.92,100,100,100,-0.041,-0.34,75,0,7.76,-0.179,1.030,-0.03,89,0,176.71,-12.53,10,0.00,3.84,3.85,3.84,3.85,3.84,3.84,3.84,3.84,30.89,0.0,29,29,8.9,0,15,-1024,0,0,1001,0,0,1,-1,1,1,-1,1,-1,-1,-1,-1,
2026-03-18,17:47:12.040,7.92,100,100,100,-0.082,-0.26,76,0,7.76,-0.312,1.005,0.15,87,0,178.43,-13.89,10,0.00,3.84,3.85,3.84,3.85,3.84,3.85,3.84,3.84,30.89,0.0,29,29,12.4,0,15,-1024,0,0,1001,0,0,1,-1,1,1,-1,1,-1,-1,-1,-1,
2026-03-18,17:47:12.300,7.92,100,100,99,0.024,-0.31,78,0,7.76,-0.265,0.855,0.00,87,0,177.93,-11.98,10,0.00,3.84,3.85,3.84,3.85,3.84,3.85,3.84,3.84,30.89,0.0,29,29,10.7,0,15,-1023,0,0,1001,0,0,1,-1,1,1,-1,1,-1,-1,-1,-1,
2026-03-18,17:47:12.560,7.92,100,100,99,0.011,-0.32,78,0,7.76,-0.360,1.151,-0.05,84,0,177.95,-12.06,10,0.00,3.84,3.85,3.84,3.85,3.84,3.85,3.84,3.84,30.89,0.0,29,29,10.7,0,15,-1024,0,0,1001,0,0,1,-1,1,1,-1,1,-1,-1,-1,-1,
2026-03-18,17:47:12.820,7.92,99,99,99,-0.002,-0.31,77,0,7.76,-0.180,0.977,-0.02,81,0,178.12,-13.86,10,0.00,3.84,3.85,3.84,3.85,3.84,3.85,3.84,3.84,30.89,0.0,29,29,10.7,0,15,-1024,0,0,1001,0,0,1,-1,1,1,-1,1,-1,-1,-1,-1,
2026-03-18,17:47:13.090,7.92,99,99,99,0.066,-0.24,78,0,7.76,-0.417,1.137,0.19,80,0,178.72,-14.04,10,0.00,3.84,3.85,3.84,3.85,3.84,3.84,3.84,3.84,30.89,0.0,29,29,10.7,0,15,-1023,0,0,1001,0,0,1,-1,1,1,-1,1,-1,-1,-1,-1,
2026-03-18,17:47:13.350,7.92,99,99,99,0.143,-0.31,79,0,7.76,-0.389,0.884,-0.06,83,0,179.41,-13.17,10,0.00,3.84,3.85,3.84,3.85,3.84,3.84,3.85,3.84,30.89,0.0,29,29,10.7,0,15,-1024,0,0,1001,0,0,1,-1,1,1,-1,1,-1,-1,-1,-1,
2026-03-18,17:47:13.610,7.92,100,100,99,-0.037,-0.34,80,0,7.76,-0.097,0.877,-0.11,85,0,178.80,-12.99,10,0.00,3.84,3.85,3.84,3.85,3.84,3.84,3.85,3.84,30.89,0.0,29,29,6.1,0,15,-1024,0,0,1001,0,0,1,-1,1,1,-1,1,-1,-1,-1,-1,
2026-03-18,17:47:13.870,7.92,99,99,99,0.045,-0.38,80,0,7.76,-0.181,0.865,-0.13,79,0,177.41,-12.29,10,0.00,3.84,3.85,3.84,3.85,3.84,3.84,3.85,3.84,30.89,0.0,29,29,10.7,0,15,-1024,0,0,1001,0,0,1,-1,1,1,-1,1,-1,-1,-1,-1,
2026-03-18,17:47:14.130,7.92,99,99,98,-0.058,-0.42,80,0,7.76,-0.096,0.895,-0.09,81,0,179.74,-10.29,10,0.00,3.84,3.85,3.84,3.85,3.84,3.84,3.85,3.84,30.89,0.0,29,29,12.4,0,15,-1024,0,0,1001,0,0,1,-1,1,1,-1,1,-1,-1,-1,-1,
2026-03-18,17:47:14.390,7.92,99,99,98,0.035,-0.48,76,0,7.76,-0.280,0.984,-0.18,84,0,178.77,-9.88,10,0.00,3.84,3.85,3.84,3.85,3.84,3.85,3.85,3.84,30.89,0.0,29,29,8.9,0,15,-1024,0,0,1001,0,0,1,-1,1,1,-1,1,-1,-1,-1,-1,
2026-03-18,17:47:14.660,7.92,100,100,98,0.038,-0.42,79,0,7.76,-0.129,0.928,0.00,86,0,179.06,-13.92,10,0.00,3.84,3.85,3.84,3.85,3.84,3.85,3.84,3.84,30.89,0.0,29,29,10.7,0,15,-1024,0,0,1001,0,0,1,-1,1,1,-1,1,-1,-1,-1,-1,
2026-03-18,17:47:14.920,7.92,99,99,98,0.038,-0.41,81,0,7.76,-0.278,0.838,0.14,85,0,178.14,-14.56,10,0.00,3.84,3.85,3.84,3.85,3.84,3.85,3.84,3.84,30.89,0.0,29,29,8.9,0,15,-1024,0,0,1001,0,0,1,-1,1,1,-1,1,-1,-1,-1,-1,
2026-03-18,17:47:15.180,7.92,99,99,98,-0.135,-0.40,83,0,7.76,-0.148,0.885,0.00,88,0,178.97,-14.53,10,0.00,3.84,3.85,3.84,3.85,3.84,3.85,3.84,3.84,30.89,0.0,29,29,8.9,0,15,-1024,0,0,1001,0,0,1,-1,1,1,-1,1,-1,-1,-1,-1,
2026-03-18,17:47:15.440,7.92,99,99,98,-0.028,-0.40,84,0,7.76,-0.144,0.921,-0.01,89,0,178.85,-13.76,10,0.00,3.84,3.85,3.84,3.85,3.84,3.85,3.84,3.84,30.89,0.0,29,29,0.0,0,15,-1024,0,0,1001,0,0,1,-1,1,1,-1,1,-1,-1,-1,-1,
2026-03-18,17:47:15.710,7.92,100,100,97,-0.004,-0.43,86,0,7.76,-0.159,0.735,-0.05,92,0,178.11,-15.13,10,0.00,3.84,3.85,3.84,3.85,3.84,3.85,3.84,3.84,30.89,0.0,29,29,8.7,0,16,-1024,0,0,1001,0,0,1,-1,1,1,-1,1,-1,-1,-1,-1,
2026-03-18,17:47:15.970,7.92,100,100,97,-0.051,-0.42,86,0,7.76,-0.268,1.093,-0.04,92,0,178.64,-12.79,10,0.00,3.84,3.85,3.84,3.85,3.84,3.85,3.84,3.84,30.89,0.0,29,29,10.7,0,15,-1023,0,0,1001,0,0,1,-1,1,1,-1,1,-1,-1,-1,-1,
2026-03-18,17:47:16.230,7.92,100,100,98,-0.187,-0.37,86,0,7.76,-0.268,1.009,0.12,92,0,179.13,-11.50,10,0.00,3.84,3.85,3.84,3.85,3.84,3.85,3.84,3.84,30.89,0.0,29,29,8.9,0,15,-1024,0,0,1001,0,0,1,-1,1,1,-1,1,-1,-1,-1,-1,
2026-03-18,17:47:16.500,7.93,99,99,98,0.034,-0.42,85,0,7.76,-0.304,1.222,-0.03,88,0,-179.82,-8.81,10,0.00,3.84,3.85,3.84,3.85,3.84,3.85,3.84,3.84,30.89,0.0,29,29,6.1,0,15,-1024,0,0,1001,0,0,1,-1,1,1,-1,1,-1,-1,-1,-1,
2026-03-18,17:47:16.760,7.93,99,99,98,0.000,-0.50,83,0,7.76,-0.135,0.953,-0.20,89,0,154.92,-8.79,10,0.00,3.84,3.85,3.84,3.85,3.84,3.85,3.84,3.84,30.89,0.0,29,29,8.9,0,15,-1024,0,0,1001,0,0,1,-1,1,1,-1,1,-1,-1,-1,-1,
2026-03-18,17:47:17.030,7.93,97,98,98,-0.069,-0.53,81,0,7.76,-0.193,1.088,-0.14,91,0,-178.53,-10.33,10,0.00,3.84,3.85,3.84,3.85,3.84,3.85,3.85,3.84,30.89,0.0,29,29,8.9,0,15,-1024,0,0,1001,0,0,1,-1,1,1,-1,1,-1,-1,-1,-1,
2026-03-18,17:47:17.310,7.92,98,98,98,0.042,-0.54,82,0,7.76,-0.327,1.061,-0.06,89,0,-176.70,-10.54,10,0.00,3.84,3.85,3.84,3.85,3.84,3.85,3.85,3.84,30.89,0.0,29,29,10.7,0,15,-1024,0,0,1001,0,0,1,-1,1,1,-1,1,-1,-1,-1,-1,
2026-03-18,17:47:17.570,7.92,97,97,97,-0.075,-0.56,82,0,7.76,-0.267,1.061,-0.08,86,0,-177.96,-10.06,10,0.00,3.84,3.85,3.84,3.84,3.84,3.85,3.85,3.84,30.89,0.0,29,29,10.7,0,15,-1024,0,0,1001,0,0,1,-1,1,1,-1,1,-1,-1,-1,-1,
2026-03-18,17:47:17.830,7.93,98,98,97,-0.055,-0.65,80,0,7.76,-0.143,0.927,-0.14,86,0,-174.82,-11.72,10,0.00,3.84,3.85,3.84,3.84,3.84,3.85,3.85,3.84,30.89,0.0,29,29,6.1,0,15,-1024,0,0,1001,0,0,1,-1,1,1,-1,1,-1,-1,-1,-1,
2026-03-18,17:47:18.090,7.92,98,98,98,0.124,-0.64,79,0,7.76,-0.065,1.002,-0.04,84,0,-175.25,-11.77,10,0.00,3.84,3.85,3.84,3.84,3.84,3.85,3.85,3.84,30.89,0.0,29,29,10.7,0,15,-1024,0,0,1001,0,0,1,-1,1,1,-1,1,-1,-1,-1,-1,
2026-03-18,17:47:18.360,7.92,98,98,98,0.138,-0.62,79,0,7.76,-0.268,0.994,0.05,84,0,-173.73,-11.27,10,0.00,3.84,3.85,3.84,3.84,3.84,3.85,3.85,3.84,30.89,0.0,29,29,10.7,0,15,-1024,0,0,1001,0,0,1,-1,1,1,-1,1,-1,-1,-1,-1,
2026-03-18,17:47:18.620,7.93,98,98,98,0.160,-0.58,79,0,7.76,-0.200,0.961,0.07,83,0,-175.16,-12.52,10,0.00,3.84,3.85,3.84,3.84,3.84,3.85,3.85,3.84,30.89,0.0,29,29,0.0,0,16,-1024,0,0,1001,0,0,1,-1,1,1,-1,1,-1,-1,-1,-1,
2026-03-18,17:47:18.890,7.92,99,99,98,0.170,-0.55,79,0,7.76,-0.269,0.998,0.10,84,0,-173.19,-13.50,10,0.00,3.84,3.85,3.84,3.85,3.84,3.85,3.85,3.84,30.89,0.0,29,29,6.1,0,15,-1023,0,0,1001,0,0,1,-1,1,1,-1,1,-1,-1,-1,-1,
2026-03-18,17:47:19.150,7.93,99,99,97,0.075,-0.55,78,0,7.76,-0.161,0.799,0.06,88,0,-173.81,-14.24,10,0.00,3.84,3.85,3.84,3.85,3.85,3.85,3.85,3.84,30.89,0.0,29,29,13.9,0,15,-1024,0,0,1001,0,0,1,-1,1,1,-1,1,-1,-1,-1,-1,
2026-03-18,17:47:19.420,7.93,99,99,97,0.063,-0.53,80,0,7.76,-0.169,0.901,0.05,88,0,-173.11,-13.36,10,0.00,3.84,3.85,3.84,3.85,3.85,3.85,3.84,3.84,30.89,0.0,29,29,10.7,0,15,-1024,0,0,1001,0,0,1,-1,1,1,-1,1,-1,-1,-1,-1,
2026-03-18,17:47:19.680,7.92,99,99,98,0.049,-0.63,82,0,7.76,-0.091,0.909,-0.14,89,0,-172.76,-11.17,10,0.00,3.84,3.85,3.84,3.85,3.85,3.85,3.84,3.84,30.89,0.0,29,29,10.7,0,15,-1024,0,0,1001,0,0,1,-1,1,1,-1,1,-1,-1,-1,-1,
2026-03-18,17:47:19.940,7.92,100,100,98,0.191,-0.64,81,0,7.76,-0.145,0.981,-0.13,93,0,-173.11,-8.97,10,0.00,3.84,3.85,3.84,3.85,3.85,3.85,3.84,3.84,30.89,0.0,29,29,12.4,0,15,-1024,0,0,1001,0,0,1,-1,1,1,-1,1,-1,-1,-1,-1,
2026-03-18,17:47:20.200,7.92,100,100,98,0.228,-0.70,80,0,7.76,-0.161,0.801,-0.14,92,0,-173.41,-8.96,10,0.00,3.84,3.85,3.84,3.85,3.85,3.85,3.84,3.84,30.89,0.0,29,29,10.7,0,15,-1024,0,0,1001,0,0,1,-1,1,1,-1,1,-1,-1,-1,-1,
2026-03-18,17:47:20.460,7.93,100,100,98,0.131,-0.68,81,0,7.76,-0.142,0.963,-0.07,94,0,-172.90,-11.24,10,0.00,3.84,3.85,3.84,3.85,3.85,3.85,3.84,3.84,30.89,0.0,29,29,10.7,0,15,-1024,0,0,1001,0,0,1,-1,1,1,-1,1,-1,-1,-1,-1,
2026-03-18,17:47:20.720,7.93,100,100,98,0.106,-0.67,81,0,7.76,-0.168,0.905,0.04,90,0,-172.90,-11.24,10,0.00,3.84,3.85,3.84,3.85,3.85,3.85,3.85,3.84,30.89,0.0,29,29,8.9,0,15,-1024,0,0,1001,0,0,1,-1,1,1,-1,1,-1,-1,-1,-1,
2026-03-18,17:47:20.990,7.92,100,100,97,0.152,-0.58,79,0,7.76,-0.115,0.924,0.12,93,0,-172.71,-13.63,10,0.00,3.84,3.85,3.84,3.85,3.85,3.85,3.85,3.84,30.89,0.0,29,29,8.9,0,15,-1023,0,0,1000,0,0,1,-1,1,1,-1,1,-1,-1,-1,-1,
2026-03-18,17:47:21.260,7.92,100,100,97,0.223,-0.60,78,0,7.76,-0.267,1.111,0.03,93,0,-171.28,-12.50,10,0.00,3.84,3.85,3.84,3.85,3.85,3.85,3.85,3.84,30.89,0.0,29,29,8.9,0,15,-1024,0,0,1001,0,0,1,-1,1,1,-1,1,-1,-1,-1,-1,
2026-03-18,17:47:21.520,7.92,100,100,98,0.169,-0.60,78,0,7.76,-0.120,0.886,-0.15,95,0,-168.22,-11.07,10,0.00,3.84,3.85,3.84,3.85,3.85,3.85,3.85,3.84,30.89,0.0,29,29,10.7,0,15,-1024,0,0,1001,0,0,1,-1,1,1,-1,1,-1,-1,-1,-1,
2026-03-18,17:47:21.790,7.92,100,100,98,0.209,-0.59,80,0,7.76,-0.282,1.094,0.05,95,0,-167.62,-11.54,10,0.00,3.84,3.85,3.84,3.85,3.85,3.85,3.84,3.84,30.89,0.0,29,29,10.7,0,15,-1023,0,0,1000,0,0,1,-1,1,1,-1,1,-1,-1,-1,-1,
2026-03-18,17:47:22.050,7.92,100,100,98,0.156,-0.55,81,0,7.76,-0.090,1.008,0.15,91,0,-168.87,-12.05,10,0.00,3.84,3.85,3.84,3.85,3.85,3.85,3.84,3.84,30.89,0.0,29,29,10.7,0,15,-1024,0,0,1001,0,0,1,-1,1,1,-1,1,-1,-1,-1,-1,
2026-03-18,17:47:22.310,7.92,100,100,98,0.282,-0.63,83,0,7.76,-0.304,1.116,-0.09,91,0,-169.53,-12.39,10,0.00,3.84,3.85,3.84,3.85,3.85,3.85,3.84,3.84,30.89,0.0,29,29,6.1,0,15,-1024,0,0,1000,0,0,1,-1,1,1,-1,1,-1,-1,-1,-1,
2026-03-18,17:47:22.570,7.92,100,100,97,0.104,-0.55,81,0,7.76,-0.158,1.008,0.09,93,0,-171.55,-12.75,10,0.00,3.84,3.85,3.84,3.85,3.85,3.85,3.84,3.84,30.89,0.0,29,29,12.4,0,15,-1024,0,0,1001,0,0,1,-1,1,1,-1,1,-1,-1,-1,-1,
2026-03-18,17:47:22.840,7.92,100,100,97,0.018,-0.57,81,0,7.76,-0.205,0.834,0.01,94,0,-178.21,-12.77,10,0.00,3.84,3.85,3.84,3.85,3.85,3.85,3.84,3.84,30.89,0.0,29,29,8.9,0,15,-1024,0,0,1001,0,0,1,-1,1,1,-1,1,-1,-1,-1,-1,
2026-03-18,17:47:23.100,7.92,99,99,98,-0.104,-0.43,81,0,7.76,-0.208,1.102,0.21,95,0,178.74,-8.81,10,0.00,3.84,3.85,3.84,3.85,3.85,3.85,3.85,3.84,30.89,0.0,29,29,10.7,0,15,-1024,0,0,1001,0,0,1,-1,1,1,-1,1,-1,-1,-1,-1,
2026-03-18,17:47:23.360,7.92,99,99,97,-0.025,-0.33,81,0,7.76,-0.206,1.001,0.38,97,0,178.03,-8.37,10,0.00,3.84,3.85,3.84,3.85,3.85,3.85,3.85,3.84,30.89,0.0,29,29,8.9,0,15,-1024,0,0,1001,0,0,1,-1,1,1,-1,1,-1,-1,-1,-1,
2026-03-18,17:47:23.630,7.92,99,99,97,-0.052,-0.36,81,0,7.76,-0.220,0.999,-0.03,93,0,175.95,-10.75,10,0.00,3.84,3.85,3.84,3.85,3.85,3.85,3.85,3.84,30.89,0.0,29,29,12.4,0,15,-1024,0,0,1001,0,0,1,-1,1,1,-1,1,-1,-1,-1,-1,
2026-03-18,17:47:23.900,7.92,100,100,97,-0.017,-0.40,79,0,7.76,-0.108,0.977,0.01,96,0,172.60,-11.52,10,0.00,3.84,3.85,3.84,3.85,3.85,3.84,3.85,3.84,30.89,0.0,29,29,8.9,0,15,-1024,0,0,1001,0,0,1,-1,1,1,-1,1,-1,-1,-1,-1,
2026-03-18,17:47:24.160,7.92,100,100,97,-0.117,-0.48,80,0,7.76,-0.260,0.866,-0.16,97,0,172.05,-14.17,10,0.00,3.84,3.85,3.84,3.85,3.85,3.84,3.85,3.84,30.89,0.0,29,29,8.9,0,15,-1024,0,0,1001,0,0,1,-1,1,1,-1,1,-1,-1,-1,-1,
2026-03-18,17:47:24.420,7.92,100,100,96,-0.136,-0.50,80,0,7.76,-0.235,0.918,-0.13,97,0,168.26,-14.10,10,0.00,3.84,3.85,3.84,3.85,3.85,3.84,3.85,3.84,30.89,0.0,29,29,10.7,0,15,-1023,0,0,1001,0,0,1,-1,1,1,-1,1,-1,-1,-1,-1,
2026-03-18,17:47:24.690,7.92,99,99,96,-0.209,-0.50,81,0,7.76,-0.273,1.052,-0.05,98,0,168.61,-12.82,10,0.00,3.84,3.85,3.84,3.85,3.85,3.84,3.85,3.84,30.89,0.0,29,29,8.9,0,15,-1024,0,0,1001,0,0,1,-1,1,1,-1,1,-1,-1,-1,-1,
2026-03-18,17:47:24.950,7.92,99,99,97,-0.194,-0.53,83,0,7.76,-0.276,0.964,-0.07,99,0,169.14,-14.92,10,0.00,3.84,3.85,3.84,3.85,3.85,3.84,3.85,3.84,30.89,0.0,29,29,12.4,0,15,-1024,0,0,1001,0,0,1,-1,1,1,-1,1,-1,-1,-1,-1,
2026-03-18,17:47:25.210,7.92,99,99,97,-0.188,-0.52,86,0,7.76,-0.321,0.904,0.00,100,0,169.37,-17.04,10,0.00,3.84,3.85,3.84,3.85,3.85,3.85,3.85,3.84,30.89,0.0,29,29,10.7,0,14,-1023,0,0,1001,0,0,1,-1,1,1,-1,1,-1,-1,-1,-1,
2026-03-18,17:47:25.480,7.93,100,100,97,-0.282,-0.48,92,0,7.76,-0.295,0.908,0.08,98,0,166.88,-17.15,10,0.00,3.84,3.85,3.84,3.85,3.85,3.85,3.84,3.84,30.89,0.0,29,29,8.9,0,14,-1024,0,0,1001,0,0,1,-1,1,1,-1,1,-1,-1,-1,-1,
2026-03-18,17:47:25.740,7.93,100,100,97,-0.096,-0.36,92,0,7.76,-0.192,1.020,0.23,99,0,164.75,-15.29,10,0.00,3.84,3.85,3.84,3.85,3.85,3.85,3.84,3.84,30.89,0.0,29,29,10.7,0,15,-1024,0,0,1001,0,0,1,-1,1,1,-1,1,-1,-1,-1,-1,
2026-03-18,17:47:26.000,7.92,100,100,97,-0.018,-0.29,90,0,7.76,-0.174,0.927,0.30,99,0,173.82,-15.02,10,0.00,3.84,3.85,3.84,3.85,3.85,3.85,3.84,3.84,30.89,0.0,29,29,10.7,0,15,-1024,0,0,1001,0,0,1,-1,1,1,-1,1,-1,-1,-1,-1,
2026-03-18,17:47:26.260,7.92,100,100,96,-0.097,-0.30,89,0,7.76,-0.280,0.976,0.10,99,0,173.80,-17.36,10,0.00,3.84,3.85,3.84,3.85,3.85,3.85,3.84,3.84,30.89,0.0,29,29,10.7,0,14,-1024,0,0,1000,0,0,1,-1,1,1,-1,1,-1,-1,-1,-1,
2026-03-18,17:47:26.530,7.92,100,100,97,-0.037,-0.21,87,0,7.76,-0.194,0.898,0.15,93,0,177.72,-16.37,10,0.00,3.84,3.85,3.84,3.85,3.85,3.85,3.85,3.84,30.89,0.0,29,29,8.9,0,14,-1024,0,0,1001,0,0,1,-1,1,1,-1,1,-1,-1,-1,-1,
2026-03-18,17:47:26.790,7.92,100,100,97,-0.007,0.12,86,0,7.76,-0.166,1.020,0.48,97,0,-173.57,-12.22,10,0.00,3.84,3.85,3.84,3.85,3.85,3.85,3.85,3.84,30.89,0.0,29,29,6.1,0,14,-1024,0,0,1001,0,0,1,-1,1,1,-1,1,-1,-1,-1,-1,
2026-03-18,17:47:27.050,7.92,100,100,97,0.129,0.21,86,0,7.76,-0.140,0.935,0.41,97,0,-176.72,-11.03,10,0.00,3.84,3.85,3.84,3.85,3.85,3.85,3.85,3.84,30.89,0.0,29,29,0.0,0,14,-1024,0,0,1001,0,0,1,-1,1,1,-1,1,-1,-1,-1,-1,
2026-03-18,17:47:27.320,7.92,100,100,97,0.183,0.28,88,0,7.76,-0.133,0.885,0.29,95,0,-172.27,-9.57,10,0.00,3.84,3.85,3.84,3.85,3.85,3.85,3.85,3.84,30.89,0.0,29,29,6.1,0,14,-1024,0,0,1001,0,0,1,-1,1,1,-1,1,-1,-1,-1,-1,
2026-03-18,17:47:27.580,7.92,100,100,98,0.239,0.28,88,0,7.76,-0.029,0.930,0.15,98,0,-169.10,-6.25,10,0.00,3.84,3.85,3.84,3.85,3.85,3.85,3.85,3.84,30.89,0.0,29,29,0.0,0,15,-1024,0,0,1001,0,0,1,-1,1,1,-1,1,-1,-1,-1,-1,
2026-03-18,17:47:27.850,7.92,100,100,97,0.244,0.26,89,0,7.76,-0.043,0.884,0.00,99,0,-167.26,-4.56,10,0.00,3.84,3.85,3.84,3.85,3.85,3.85,3.85,3.84,30.89,0.0,29,29,6.1,0,15,-1024,0,0,1001,0,0,1,-1,1,1,-1,1,-1,-1,-1,-1,
2026-03-18,17:47:28.110,7.93,100,100,97,0.288,0.24,89,0,7.76,-0.033,0.906,-0.04,99,0,-166.85,-1.39,10,0.00,3.84,3.85,3.84,3.85,3.85,3.85,3.85,3.84,30.89,0.0,29,29,6.1,0,15,-1024,0,0,1001,0,0,1,-1,1,1,-1,1,-1,-1,-1,-1,
2026-03-18,17:47:28.380,7.92,100,100,98,0.249,0.22,89,0,7.76,-0.016,0.975,-0.05,93,0,-166.59,-0.45,10,0.00,3.84,3.85,3.84,3.85,3.85,3.85,3.85,3.84,30.89,0.0,29,29,6.1,0,15,-1024,0,0,1001,0,0,1,-1,1,1,-1,1,-1,-1,-1,-1,
2026-03-18,17:47:28.640,7.92,100,100,97,0.262,0.15,86,0,7.76,0.073,0.937,-0.16,96,0,-167.90,0.44,10,0.00,3.84,3.85,3.84,3.85,3.85,3.84,3.85,3.84,30.89,0.0,29,29,6.1,0,15,-1023,0,0,1001,0,0,1,-1,1,1,-1,1,-1,-1,-1,-1,
2026-03-18,17:47:28.900,7.92,100,100,97,0.189,0.12,83,0,7.76,0.059,0.999,-0.14,98,0,-168.88,1.96,10,0.00,3.84,3.85,3.84,3.85,3.85,3.84,3.85,3.84,30.89,0.0,29,29,0.0,0,15,-1023,0,0,1001,0,0,1,-1,1,1,-1,1,-1,-1,-1,-1,
2026-03-18,17:47:29.160,7.92,100,100,96,0.185,0.08,83,0,7.76,0.136,1.076,-0.15,99,0,-170.85,4.08,10,0.00,3.84,3.85,3.84,3.85,3.85,3.84,3.85,3.84,30.89,0.0,29,29,6.1,0,15,-1024,0,0,1001,0,0,1,-1,1,1,-1,1,-1,-1,-1,-1,
2026-03-18,17:47:29.420,7.92,100,100,96,0.209,0.00,86,0,7.76,0.128,0.970,-0.18,100,0,-169.44,5.25,10,0.00,3.84,3.85,3.84,3.85,3.85,3.84,3.85,3.84,30.89,0.0,29,29,6.1,0,15,-1023,0,0,1001,0,0,1,-1,1,1,-1,1,-1,-1,-1,-1,
2026-03-18,17:47:29.690,7.92,99,99,96,0.159,-0.18,85,0,7.76,0.129,0.968,-0.25,99,0,-169.54,5.07,10,0.00,3.84,3.85,3.84,3.85,3.85,3.84,3.85,3.84,30.89,0.0,29,29,0.0,0,14,-1023,0,0,1001,0,0,1,-1,1,1,-1,1,-1,-1,-1,-1,
2026-03-18,17:47:29.950,7.92,99,99,96,0.181,-0.27,83,0,7.76,0.149,0.921,-0.31,97,0,-168.38,5.97,10,0.00,3.84,3.85,3.84,3.85,3.85,3.84,3.85,3.84,30.89,0.0,29,29,0.0,0,15,-1023,0,0,1001,0,0,1,-1,1,1,-1,1,-1,-1,-1,-1,
2026-03-18,17:47:30.220,7.92,97,97,96,0.203,-0.29,81,0,7.76,0.139,1.014,-0.19,94,0,-169.00,6.90,10,0.00,3.84,3.85,3.84,3.85,3.85,3.84,3.85,3.84,30.89,0.0,29,29,6.1,0,15,-1023,0,0,1001,0,0,1,-1,1,1,-1,1,-1,-1,-1,-1,
2026-03-18,17:47:30.480,7.92,95,97,97,0.165,-0.32,80,0,7.76,0.113,0.959,-0.13,93,0,-168.79,7.83,10,0.00,3.84,3.85,3.84,3.85,3.85,3.84,3.85,3.84,30.89,0.0,29,29,6.1,0,16,-1023,0,0,1001,0,0,1,-1,1,1,-1,1,-1,-1,-1,-1,
2026-03-18,17:47:30.740,7.92,93,97,97,0.198,-0.31,80,0,7.76,0.177,0.959,-0.03,90,0,-169.87,7.38,10,0.00,3.84,3.85,3.84,3.85,3.85,3.84,3.85,3.84,30.89,0.0,29,29,0.0,0,16,-1024,0,0,1001,0,0,1,-1,1,1,-1,1,-1,-1,-1,-1,
2026-03-18,17:47:31.010,7.93,92,97,97,0.122,-0.34,80,0,7.76,0.169,0.990,-0.05,91,0,-169.60,7.94,10,0.00,3.84,3.85,3.84,3.85,3.85,3.84,3.85,3.84,30.89,0.0,29,29,6.1,0,16,-1023,0,0,1001,0,0,1,-1,1,1,-1,1,-1,-1,-1,-1,
2026-03-18,17:47:31.280,7.93,92,97,97,0.159,-0.38,79,0,7.76,0.159,0.857,-0.09,92,0,-171.88,10.65,10,0.00,3.84,3.85,3.84,3.85,3.85,3.84,3.85,3.84,30.89,0.0,29,29,0.0,0,16,-1024,0,0,1001,0,0,1,-1,1,1,-1,1,-1,-1,-1,-1,
2026-03-18,17:47:31.550,7.93,91,97,97,0.179,-0.42,79,0,7.76,0.274,1.015,-0.14,90,0,-170.63,12.73,10,0.00,3.84,3.85,3.84,3.85,3.85,3.84,3.85,3.84,30.89,0.0,29,29,6.1,0,16,-1023,0,0,1001,0,0,1,-1,1,1,-1,1,-1,-1,-1,-1,
2026-03-18,17:47:31.810,7.92,91,98,98,0.116,-0.46,78,0,7.76,0.269,0.913,-0.15,94,0,-171.32,14.94,10,0.00,3.84,3.85,3.84,3.85,3.85,3.84,3.85,3.84,30.89,0.0,29,29,0.0,0,15,-1024,0,0,1001,0,0,1,-1,1,1,-1,1,-1,-1,-1,-1,
2026-03-18,17:47:32.070,7.92,94,98,98,0.125,-0.39,78,0,7.76,0.274,1.000,0.10,97,0,-170.04,15.26,10,0.00,3.84,3.85,3.84,3.85,3.85,3.84,3.85,3.84,30.89,0.0,29,29,6.1,0,16,-1023,0,0,1001,0,0,1,-1,1,1,-1,1,-1,-1,-1,-1,
2026-03-18,17:47:32.330,7.92,95,98,98,0.103,-0.43,78,0,7.76,0.172,0.823,-0.03,96,0,-172.91,13.88,10,0.00,3.84,3.85,3.84,3.85,3.84,3.85,3.85,3.84,30.89,0.0,29,29,6.1,0,16,-1024,0,0,1001,0,0,1,-1,1,1,-1,1,-1,-1,-1,-1,
2026-03-18,17:47:32.590,7.92,98,99,99,0.103,-0.42,79,0,7.76,0.281,0.981,-0.07,91,0,-173.25,15.17,10,0.00,3.84,3.85,3.84,3.85,3.84,3.85,3.85,3.84,30.89,0.0,29,29,6.1,0,16,-1024,0,0,1001,0,0,1,-1,1,1,-1,1,-1,-1,-1,-1,
2026-03-18,17:47:32.850,7.92,98,99,99,0.132,-0.43,79,0,7.76,0.208,0.862,0.01,93,0,-173.72,14.64,10,0.00,3.84,3.85,3.84,3.85,3.84,3.85,3.85,3.84,30.89,0.0,29,29,6.1,0,16,-1024,0,0,1001,0,0,1,-1,1,1,-1,1,-1,-1,-1,-1,
2026-03-18,17:47:33.120,7.92,100,100,100,0.043,-0.45,80,0,7.76,0.191,0.993,-0.02,96,0,-174.18,12.09,10,0.00,3.84,3.85,3.84,3.85,3.84,3.85,3.85,3.84,30.89,0.0,29,29,6.1,0,23,-1024,0,0,1001,0,0,1,-1,1,1,-1,1,-1,-1,-1,-1,
2026-03-18,17:47:33.380,7.92,100,100,100,0.098,-0.48,82,0,7.76,0.085,0.884,-0.06,97,0,-174.53,9.66,10,0.00,3.84,3.85,3.84,3.85,3.84,3.85,3.85,3.84,30.89,0.0,29,29,6.1,0,16,-1023,0,0,1001,0,0,1,-1,1,1,-1,1,-1,-1,-1,-1,
2026-03-18,17:47:33.640,7.92,100,100,100,0.006,-0.48,82,0,7.76,0.182,0.977,-0.01,94,0,-174.93,5.97,10,0.00,3.84,3.85,3.84,3.85,3.85,3.84,3.85,3.84,30.89,0.0,29,29,6.1,0,15,-1023,0,0,1001,0,0,1,-1,1,1,-1,1,-1,-1,-1,-1,
2026-03-18,17:47:33.910,7.92,100,100,100,0.055,-0.56,81,0,7.76,-0.069,1.145,-0.16,90,0,-175.75,1.60,10,0.00,3.84,3.85,3.84,3.85,3.85,3.84,3.85,3.84,30.89,0.0,29,29,6.1,0,-273,-1024,0,0,1001,0,0,1,-1,1,1,-1,1,-1,-1,-1,-1,
2026-03-18,17:47:34.180,7.92,100,100,100,0.072,-0.58,82,0,7.76,0.005,1.066,-0.10,86,0,-176.42,-1.80,10,0.00,3.84,3.85,3.84,3.85,3.85,3.84,3.85,3.84,30.89,0.0,29,29,6.1,0,3,-1023,0,0,1001,0,0,1,-1,1,1,-1,1,-1,-1,-1,-1,
2026-03-18,17:47:34.440,7.92,100,100,99,-0.017,-0.59,82,0,7.76,-0.207,0.975,-0.13,84,0,18.49,-8.06,10,0.00,3.84,3.85,3.84,3.85,3.85,3.84,3.85,3.84,30.89,0.0,29,29,6.1,0,27,-1024,0,0,1001,0,0,1,-1,1,1,-1,1,-1,-1,-1,-1,
2026-03-18,17:47:34.700,7.92,100,100,99,-0.016,-0.56,82,0,7.76,-0.096,0.996,0.03,90,0,178.18,-10.25,10,0.00,3.84,3.85,3.84,3.85,3.85,3.85,3.85,3.84,30.89,0.0,29,29,6.1,0,16,-1024,0,0,1001,0,0,1,-1,1,1,-1,1,-1,-1,-1,-1,
2026-03-18,17:47:34.960,7.92,100,100,99,-0.026,-0.56,81,0,7.76,-0.303,1.082,0.04,89,0,179.62,-12.26,10,0.00,3.84,3.85,3.84,3.85,3.85,3.85,3.85,3.84,30.89,0.0,29,29,6.1,0,15,-1023,0,0,1001,0,0,1,-1,1,1,-1,1,-1,-1,-1,-1,
2026-03-18,17:47:35.230,7.92,100,100,99,-0.026,-0.59,81,0,7.76,-0.280,0.933,-0.03,90,0,178.46,-13.78,10,0.00,3.84,3.85,3.84,3.85,3.85,3.85,3.85,3.84,30.89,0.0,29,29,8.9,0,15,-1023,0,0,1001,0,0,1,-1,1,1,-1,1,-1,-1,-1,-1,
2026-03-18,17:47:35.500,7.92,100,100,99,0.000,-0.60,81,0,7.76,-0.357,1.037,0.00,92,0,177.18,-16.12,10,0.00,3.84,3.85,3.84,3.85,3.85,3.85,3.85,3.84,30.89,0.0,29,29,10.7,0,15,-1023,0,0,1001,0,0,1,-1,1,1,-1,1,-1,-1,-1,-1,
2026-03-18,17:47:35.760,7.92,100,100,99,-0.081,-0.51,82,0,7.76,-0.225,0.886,0.13,93,0,178.25,-15.63,10,0.00,3.84,3.85,3.84,3.85,3.85,3.85,3.85,3.84,30.89,0.0,29,29,8.9,0,15,-1023,0,0,1001,0,0,1,-1,1,1,-1,1,-1,-1,-1,-1,
2026-03-18,17:47:36.020,7.92,100,100,99,-0.041,-0.50,82,0,7.76,-0.394,1.194,0.11,94,0,178.80,-13.95,10,0.00,3.84,3.85,3.84,3.85,3.85,3.85,3.85,3.84,30.89,0.0,29,29,10.7,0,15,-1024,0,0,1001,0,0,1,-1,1,1,-1,1,-1,-1,-1,-1,
2026-03-18,17:47:36.280,7.92,100,100,99,-0.065,-0.45,82,0,7.76,-0.183,0.920,0.14,96,0,177.51,-12.21,10,0.00,3.84,3.85,3.84,3.85,3.85,3.85,3.85,3.84,30.89,0.0,29,29,8.9,0,15,-1024,0,0,1001,0,0,1,-1,1,1,-1,1,-1,-1,-1,-1,
2026-03-18,17:47:36.540,7.92,100,100,99,-0.083,-0.48,81,0,7.76,-0.098,1.034,0.05,95,0,175.28,-11.27,10,0.00,3.84,3.85,3.84,3.85,3.85,3.85,3.85,3.84,30.89,0.0,29,29,8.9,0,15,-1024,0,0,1001,0,0,1,-1,1,1,-1,1,-1,-1,-1,-1,
2026-03-18,17:47:36.810,7.92,100,100,99,-0.240,-0.47,82,0,7.76,-0.116,1.120,-0.03,96,0,174.82,-9.87,10,0.00,3.84,3.85,3.84,3.85,3.85,3.85,3.85,3.84,30.89,0.0,29,29,10.7,0,15,-1023,0,0,1001,0,0,1,-1,1,1,-1,1,-1,-1,-1,-1,
2026-03-18,17:47:37.070,7.92,100,100,99,-0.128,-0.46,82,0,7.76,-0.227,0.802,0.04,96,0,168.64,-13.40,10,0.00,3.84,3.85,3.84,3.85,3.85,3.85,3.85,3.84,30.89,0.0,29,29,10.7,0,16,-1023,0,0,1001,0,0,1,-1,1,1,-1,1,-1,-1,-1,-1,
2026-03-18,17:47:37.340,7.92,99,99,99,-0.177,-0.49,82,0,7.76,-0.179,1.016,-0.06,97,0,169.15,-11.97,10,0.00,3.84,3.85,3.84,3.85,3.85,3.85,3.85,3.84,30.89,0.0,29,29,8.9,0,15,-1024,0,0,1001,0,0,1,-1,1,1,-1,1,-1,-1,-1,-1,
2026-03-18,17:47:37.600,7.92,99,99,99,-0.128,-0.49,82,0,7.76,-0.068,0.904,-0.03,99,0,171.41,-8.71,10,0.00,3.84,3.85,3.84,3.85,3.85,3.85,3.85,3.84,30.89,0.0,29,29,8.9,0,15,-1024,0,0,1001,0,0,1,-1,1,1,-1,1,-1,-1,-1,-1,
2026-03-18,17:47:37.860,7.92,99,99,99,-0.116,-0.43,84,0,7.76,-0.166,0.976,0.07,99,0,172.67,-8.86,10,0.00,3.84,3.85,3.84,3.85,3.85,3.85,3.85,3.84,30.89,0.0,29,29,8.9,0,15,-1023,0,0,1001,0,0,1,-1,1,1,-1,1,-1,-1,-1,-1,
2026-03-18,17:47:38.120,7.92,100,100,99,-0.157,-0.37,86,0,7.76,-0.129,0.843,0.20,98,0,175.19,-11.47,10,0.00,3.84,3.85,3.84,3.85,3.85,3.85,3.85,3.84,30.89,0.0,29,29,8.9,0,15,-1023,0,0,1001,0,0,1,-1,1,1,-1,1,-1,-1,-1,-1,
2026-03-18,17:47:38.380,7.92,100,100,99,-0.138,-0.38,86,0,7.76,-0.250,0.968,0.08,96,0,173.51,-13.75,10,0.00,3.84,3.85,3.84,3.85,3.84,3.85,3.85,3.84,30.89,0.0,29,29,6.1,0,15,-1024,0,0,1001,0,0,1,-1,1,1,-1,1,-1,-1,-1,-1,
2026-03-18,17:47:38.650,7.92,100,100,100,-0.158,-0.45,86,0,7.76,-0.232,0.809,-0.10,96,0,169.76,-18.22,10,0.00,3.84,3.85,3.84,3.85,3.84,3.85,3.85,3.84,30.89,0.0,29,29,8.9,0,15,-1023,0,0,1001,0,0,1,-1,1,1,-1,1,-1,-1,-1,-1,
2026-03-18,17:47:38.910,7.92,100,100,100,-0.191,-0.53,87,0,7.76,-0.235,0.991,-0.21,97,0,168.16,-18.50,10,0.00,3.84,3.85,3.84,3.85,3.84,3.85,3.85,3.84,30.89,0.0,29,29,8.9,0,16,-1024,0,0,1001,0,0,1,-1,1,1,-1,1,-1,-1,-1,-1,
2026-03-18,17:47:39.180,7.92,100,100,100,-0.125,-0.55,87,0,7.76,-0.226,0.976,-0.17,95,0,168.81,-16.94,10,0.00,3.84,3.85,3.84,3.85,3.84,3.85,3.85,3.84,30.89,0.0,29,29,10.7,0,15,-1024,0,0,1001,0,0,1,-1,1,1,-1,1,-1,-1,-1,-1,
2026-03-18,17:47:39.440,7.92,100,100,100,-0.185,-0.65,87,0,7.76,-0.272,1.019,-0.20,94,0,170.09,-13.89,10,0.00,3.84,3.85,3.84,3.85,3.84,3.85,3.85,3.84,30.89,0.0,29,29,8.9,0,15,-1023,0,0,1001,0,0,1,-1,1,1,-1,1,-1,-1,-1,-1,
2026-03-18,17:47:39.700,7.92,99,100,100,-0.109,-0.77,89,0,7.76,-0.227,0.962,-0.34,95,0,170.82,-13.84,10,0.00,3.84,3.85,3.84,3.85,3.84,3.85,3.84,3.84,30.89,0.0,29,29,10.7,0,15,-1023,0,0,1001,0,0,1,-1,1,1,-1,1,-1,-1,-1,-1,
2026-03-18,17:47:39.960,7.92,99,99,99,-0.018,-0.80,87,0,7.76,-0.258,0.997,-0.22,90,0,174.15,-13.93,10,0.00,3.84,3.85,3.84,3.85,3.84,3.85,3.84,3.84,30.89,0.0,29,29,8.9,0,15,-1024,0,0,1001,0,0,1,-1,1,1,-1,1,-1,-1,-1,-1,
2026-03-18,17:47:40.220,7.92,99,99,99,0.097,-0.87,84,0,7.76,-0.247,1.010,-0.22,89,0,176.56,-15.24,10,0.00,3.84,3.85,3.84,3.85,3.84,3.85,3.84,3.84,30.89,0.0,29,29,8.9,0,15,-1023,0,0,1001,0,0,1,-1,1,1,-1,1,-1,-1,-1,-1,
2026-03-18,17:47:40.480,7.92,100,100,99,-0.257,-0.89,82,0,7.76,-0.319,1.075,-0.15,91,0,178.10,-15.36,10,0.00,3.84,3.85,3.84,3.85,3.84,3.85,3.84,3.84,30.89,0.0,29,29,8.9,0,15,-1024,0,0,1001,0,0,1,-1,1,1,-1,1,-1,-1,-1,-1,
2026-03-18,17:47:40.750,7.92,99,99,99,-0.019,-0.90,81,0,7.76,-0.290,0.969,-0.08,93,0,179.02,-16.09,10,0.00,3.84,3.85,3.84,3.85,3.85,3.85,3.84,3.84,30.89,0.0,29,29,8.9,0,15,-1024,0,0,1001,0,0,1,-1,1,1,-1,1,-1,-1,-1,-1,
2026-03-18,17:47:41.010,7.92,98,99,99,0.059,-0.88,84,0,7.76,-0.243,1.046,0.02,96,0,95.52,-16.37,10,0.00,3.84,3.85,3.84,3.85,3.85,3.85,3.85,3.84,30.89,0.0,29,29,8.9,0,15,-1023,0,0,1001,0,0,1,-1,1,1,-1,1,-1,-1,-1,-1,
2026-03-18,17:47:41.270,7.92,98,99,99,0.013,-0.84,85,0,7.76,-0.351,0.792,0.07,96,0,-179.24,-20.61,10,0.00,3.84,3.85,3.84,3.85,3.85,3.85,3.85,3.84,30.89,0.0,29,29,8.9,0,16,-1024,0,0,1001,0,0,1,-1,1,1,-1,1,-1,-1,-1,-1,
2026-03-18,17:47:41.540,7.92,99,99,99,-0.056,-0.78,86,0,7.76,-0.261,0.974,0.18,98,0,-179.11,-20.71,10,0.00,3.84,3.85,3.84,3.85,3.85,3.85,3.85,3.84,30.89,0.0,29,29,8.9,0,16,-1024,0,0,1001,0,0,1,-1,1,1,-1,1,-1,-1,-1,-1,
2026-03-18,17:47:41.800,7.91,100,100,99,0.164,-0.82,87,0,7.76,-0.363,0.938,-0.04,95,0,-179.27,-20.01,10,0.00,3.84,3.85,3.84,3.85,3.84,3.85,3.85,3.84,30.89,0.0,29,29,8.9,0,15,-1023,0,0,1001,0,0,1,-1,1,1,-1,1,-1,-1,-1,-1,
2026-03-18,17:47:42.070,7.92,100,100,99,0.063,-0.79,88,0,7.76,-0.332,0.849,0.05,95,0,-178.94,-21.16,10,0.00,3.84,3.85,3.84,3.85,3.84,3.85,3.85,3.84,30.90,0.0,29,29,8.9,0,16,-1024,0,0,1001,0,0,1,-1,1,1,-1,1,-1,-1,-1,-1,
2026-03-18,17:47:42.340,7.91,100,100,99,-0.025,-0.86,89,0,7.76,-0.366,0.777,-0.09,94,0,-178.86,-21.65,10,0.00,3.84,3.85,3.84,3.85,3.84,3.85,3.85,3.84,30.89,0.0,29,29,8.9,0,16,-1024,0,0,1001,0,0,1,-1,1,1,-1,1,-1,-1,-1,-1,
2026-03-18,17:47:42.610,7.92,100,100,99,-0.024,-0.89,85,0,7.74,-0.342,0.891,-0.15,96,0,-178.98,-19.81,10,0.00,3.84,3.85,3.84,3.85,3.84,3.85,3.85,3.84,30.89,0.0,29,29,6.1,0,16,-1024,0,0,1001,0,0,1,-1,1,1,-1,1,-1,-1,-1,-1,
2026-03-18,17:47:42.870,7.91,100,100,99,0.002,-0.92,83,0,7.75,-0.307,1.025,-0.09,95,0,-179.12,-19.24,10,0.00,3.84,3.85,3.84,3.85,3.84,3.85,3.85,3.84,30.89,0.0,29,29,6.1,0,16,-1023,0,0,1001,0,0,1,-1,1,1,-1,1,-1,-1,-1,-1,
2026-03-18,17:47:43.140,7.92,100,100,99,0.044,-0.93,83,0,7.76,-0.342,0.947,-0.08,97,0,-178.92,-19.41,10,0.00,3.84,3.85,3.84,3.85,3.84,3.85,3.85,3.84,30.89,0.0,29,29,8.9,0,15,-1023,0,0,1001,0,0,1,-1,1,1,-1,1,-1,-1,-1,-1,
2026-03-18,17:47:43.410,7.92,100,100,99,-0.015,-0.96,86,0,7.76,-0.333,0.941,-0.07,98,0,-178.85,-19.90,10,0.00,3.84,3.85,3.84,3.85,3.84,3.85,3.85,3.84,30.90,0.0,29,29,8.9,0,15,-1023,0,0,1001,0,0,1,-1,1,1,-1,1,-1,-1,-1,-1,
2026-03-18,17:47:43.670,7.92,100,100,99,0.004,-0.98,87,0,7.76,-0.337,0.916,-0.04,99,0,-178.96,-19.93,10,0.00,3.84,3.85,3.84,3.85,3.84,3.85,3.85,3.84,30.90,0.0,29,29,8.9,0,16,-1023,0,0,1001,0,0,1,-1,1,1,-1,1,-1,-1,-1,-1,
2026-03-18,17:47:43.930,7.92,100,100,100,0.032,-0.96,89,0,7.76,-0.342,0.935,-0.02,99,0,-179.01,-20.07,10,0.00,3.84,3.85,3.84,3.85,3.84,3.85,3.85,3.84,30.90,0.0,29,29,8.9,0,15,-1023,0,0,1001,0,0,1,-1,1,1,-1,1,-1,-1,-1,-1,
2026-03-18,17:47:44.190,7.92,100,100,100,0.012,-0.93,90,0,7.76,-0.337,0.924,0.07,100,0,-179.03,-20.08,10,0.00,3.84,3.85,3.84,3.85,3.84,3.85,3.85,3.84,30.90,0.0,29,29,8.9,0,15,-1024,0,0,1001,0,0,1,-1,1,1,-1,1,-1,-1,-1,-1,
2026-03-18,17:47:44.450,7.92,100,100,100,0.025,-0.95,92,0,7.76,-0.330,0.914,0.03,100,0,-179.11,-20.31,10,0.00,3.84,3.85,3.84,3.85,3.84,3.85,3.85,3.84,30.90,0.0,29,29,8.9,0,15,-1024,0,0,1001,0,0,1,-1,1,1,-1,1,-1,-1,-1,-1,
2026-03-18,17:47:44.720,7.92,100,100,100,0.007,-0.93,93,0,7.76,-0.329,0.943,0.02,100,0,-179.05,-20.11,10,0.00,3.84,3.85,3.84,3.85,3.84,3.85,3.85,3.84,30.90,0.0,29,29,8.9,0,15,-1024,0,0,1001,0,0,1,-1,1,1,-1,1,-1,-1,-1,-1,
2026-03-18,17:47:44.990,7.92,100,100,100,0.036,-0.93,90,0,7.76,-0.346,0.920,0.00,100,0,-179.02,-20.12,10,0.00,3.84,3.85,3.84,3.85,3.84,3.85,3.85,3.84,30.90,0.0,29,29,8.9,0,15,-1024,0,0,1001,0,0,1,-1,1,1,-1,1,-1,-1,-1,-1,
2026-03-18,17:47:45.260,7.92,100,100,100,-0.001,-0.89,87,0,7.76,-0.340,0.925,0.11,100,0,-178.85,-19.99,10,0.00,3.84,3.85,3.84,3.85,3.84,3.85,3.85,3.84,30.90,0.0,29,29,6.1,0,15,-1024,0,0,1001,0,0,1,-1,1,1,-1,1,-1,-1,-1,-1,
2026-03-18,17:47:45.530,7.92,100,100,100,0.000,-0.92,86,0,7.76,-0.316,0.928,0.00,97,0,-178.91,-20.03,10,0.00,3.84,3.85,3.84,3.85,3.84,3.85,3.85,3.84,30.89,0.0,29,29,8.9,0,15,-1024,0,0,1001,0,0,1,-1,1,1,-1,1,-1,-1,-1,-1,
2026-03-18,17:47:45.790,7.92,100,100,100,0.031,-0.95,87,0,7.76,-0.341,0.919,-0.06,99,0,-178.93,-20.20,10,0.00,3.84,3.85,3.84,3.85,3.84,3.85,3.85,3.84,30.89,0.0,29,29,8.9,0,16,-1024,0,0,1001,0,0,1,-1,1,1,-1,1,-1,-1,-1,-1,
2026-03-18,17:47:46.050,7.92,100,100,100,0.014,-0.96,88,0,7.76,-0.334,0.923,-0.06,100,0,-179.00,-20.23,10,0.00,3.84,3.85,3.84,3.85,3.84,3.85,3.85,3.84,30.90,0.0,29,29,8.9,0,16,-1023,0,0,1001,0,0,1,-1,1,1,-1,1,-1,-1,-1,-1,
2026-03-18,17:47:46.310,7.91,100,100,100,0.003,-0.94,87,0,7.76,-0.335,0.933,0.00,98,0,-178.99,-20.19,10,0.00,3.84,3.85,3.84,3.85,3.84,3.85,3.85,3.84,30.90,0.0,29,29,8.9,0,15,-1024,0,0,1000,0,0,1,-1,1,1,-1,1,-1,-1,-1,-1,
2026-03-18,17:47:46.570,7.92,100,100,100,0.020,-0.92,87,0,7.76,-0.334,0.943,0.05,99,0,-178.83,-20.72,10,0.00,3.84,3.85,3.84,3.85,3.84,3.85,3.85,3.84,30.90,0.0,29,29,8.9,0,15,-1024,0,0,1001,0,0,1,-1,1,1,-1,1,-1,-1,-1,-1,
2026-03-18,17:47:46.830,7.91,100,100,100,0.014,-0.90,87,0,7.76,-0.378,0.888,0.03,100,0,-178.64,-22.20,10,0.00,3.84,3.85,3.84,3.85,3.84,3.85,3.85,3.84,30.90,0.0,29,29,8.9,0,15,-1024,0,0,1001,0,0,1,-1,1,1,-1,1,-1,-1,-1,-1,
2026-03-18,17:47:47.090,7.92,100,100,100,0.055,-0.88,88,0,7.76,-0.391,0.911,0.05,100,0,-178.51,-24.63,10,0.00,3.84,3.85,3.84,3.85,3.84,3.85,3.84,3.84,30.90,0.0,29,29,8.9,0,16,-1024,0,0,1001,0,0,1,-1,1,1,-1,1,-1,-1,-1,-1,
2026-03-18,17:47:47.360,7.92,100,100,100,0.044,-0.87,88,0,7.76,-0.434,0.855,-0.01,100,0,-178.34,-26.05,10,0.00,3.84,3.85,3.84,3.85,3.84,3.85,3.84,3.84,30.90,0.0,29,29,8.9,0,16,-1024,0,0,1001,0,0,1,-1,1,1,-1,1,-1,-1,-1,-1,
2026-03-18,17:47:47.620,7.91,100,100,100,0.035,-0.85,89,0,7.76,-0.453,0.883,0.10,100,0,-178.14,-27.41,10,0.00,3.84,3.85,3.84,3.85,3.84,3.85,3.84,3.84,30.90,0.0,29,29,8.9,0,16,-1024,0,0,1001,0,0,1,-1,1,1,-1,1,-1,-1,-1,-1,
2026-03-18,17:47:47.880,7.92,100,100,100,0.026,-0.83,90,0,7.76,-0.422,0.871,0.05,100,0,-178.09,-27.21,10,0.00,3.84,3.85,3.84,3.85,3.85,3.85,3.84,3.84,30.90,0.0,29,29,8.9,0,15,-1024,0,0,1001,0,0,1,-1,1,1,-1,1,-1,-1,-1,-1,
2026-03-18,17:47:48.150,7.92,99,99,99,0.048,-0.76,91,0,7.76,-0.436,0.896,0.15,100,0,-178.11,-26.86,10,0.00,3.84,3.85,3.84,3.85,3.85,3.85,3.85,3.84,30.90,0.0,29,29,8.9,0,16,-1024,0,0,1001,0,0,1,-1,1,1,-1,1,-1,-1,-1,-1,
2026-03-18,17:47:48.420,7.92,99,99,99,0.024,-0.76,91,0,7.76,-0.438,0.900,0.10,100,0,-178.25,-26.26,10,0.00,3.84,3.85,3.84,3.85,3.85,3.85,3.85,3.84,30.90,0.0,29,29,6.1,0,17,-1024,0,0,1001,0,0,1,-1,1,1,-1,1,-1,-1,-1,-1,
2026-03-18,17:47:48.680,7.92,99,99,99,0.029,-0.80,89,0,7.76,-0.406,0.889,-0.03,100,0,-178.18,-26.05,10,0.00,3.84,3.85,3.84,3.85,3.85,3.85,3.85,3.84,30.90,0.0,29,29,8.9,0,16,-1024,0,0,1001,0,0,1,-1,1,1,-1,1,-1,-1,-1,-1,
2026-03-18,17:47:48.940,7.92,100,100,99,0.010,-0.82,87,0,7.76,-0.424,0.923,-0.06,100,0,-178.40,-25.24,10,0.00,3.84,3.85,3.84,3.85,3.85,3.85,3.85,3.84,30.90,0.0,29,29,6.1,0,16,-1023,0,0,1001,0,0,1,-1,1,1,-1,1,-1,-1,-1,-1,
2026-03-18,17:47:49.200,7.92,100,100,99,0.016,-0.82,85,0,7.76,-0.415,0.879,-0.06,99,0,-178.33,-25.17,10,0.00,3.84,3.85,3.84,3.85,3.85,3.85,3.85,3.84,30.90,0.0,29,29,8.9,0,16,-1024,0,0,1001,0,0,1,-1,1,1,-1,1,-1,-1,-1,-1,
2026-03-18,17:47:49.460,7.92,100,100,99,0.023,-0.87,86,0,7.76,-0.424,0.875,-0.09,100,0,-178.23,-25.85,10,0.00,3.84,3.85,3.84,3.85,3.85,3.85,3.85,3.84,30.90,0.0,29,29,6.1,0,16,-1024,0,0,1001,0,0,1,-1,1,1,-1,1,-1,-1,-1,-1,
2026-03-18,17:47:49.720,7.92,100,100,99,0.020,-0.91,87,0,7.76,-0.410,0.922,-0.11,100,0,-178.33,-25.46,10,0.00,3.84,3.85,3.84,3.85,3.85,3.85,3.85,3.84,30.90,0.0,29,29,6.1,0,15,-1024,0,0,1001,0,0,1,-1,1,1,-1,1,-1,-1,-1,-1,
2026-03-18,17:47:49.980,7.92,100,100,99,0.021,-0.88,86,0,7.76,-0.415,0.888,0.01,100,0,-178.36,-25.24,10,0.00,3.84,3.85,3.84,3.85,3.85,3.85,3.85,3.84,30.90,0.0,29,29,6.1,0,16,-1024,0,0,1001,0,0,1,-1,1,1,-1,1,-1,-1,-1,-1,
2026-03-18,17:47:50.240,7.92,99,99,99,0.038,-0.85,86,0,7.76,-0.393,0.920,0.04,100,0,-178.34,-24.96,10,0.00,3.84,3.85,3.84,3.85,3.85,3.85,3.85,3.84,30.90,0.0,29,29,6.1,0,16,-1024,0,0,1001,0,0,1,-1,1,1,-1,1,-1,-1,-1,-1,
2026-03-18,17:47:50.500,7.92,99,99,99,0.062,-0.86,86,0,7.76,-0.426,0.870,-0.01,100,0,-178.39,-25.13,10,0.00,3.84,3.85,3.84,3.85,3.85,3.85,3.85,3.84,30.91,0.0,29,29,6.1,0,16,-1024,0,0,1001,0,0,1,-1,1,1,-1,1,-1,-1,-1,-1,
2026-03-18,17:47:50.760,7.92,99,99,99,0.049,-0.85,86,0,7.76,-0.416,0.907,0.00,99,0,-178.40,-24.70,10,0.00,3.84,3.85,3.84,3.85,3.85,3.85,3.85,3.84,30.91,0.0,29,29,6.1,0,16,-1024,0,0,1001,0,0,1,-1,1,1,-1,1,-1,-1,-1,-1,
2026-03-18,17:47:51.030,7.92,100,100,99,0.068,-0.86,85,0,7.76,-0.391,0.922,0.00,99,0,-178.50,-23.88,10,0.00,3.84,3.85,3.84,3.85,3.85,3.85,3.85,3.84,30.91,0.0,29,29,6.1,0,15,-1024,0,0,1001,0,0,1,-1,1,1,-1,1,-1,-1,-1,-1,
2026-03-18,17:47:51.300,7.92,100,100,99,0.030,-0.84,85,0,7.76,-0.371,0.885,0.02,100,0,-178.59,-22.96,10,0.00,3.84,3.85,3.84,3.85,3.85,3.85,3.85,3.84,30.91,0.0,29,29,6.1,0,15,-1024,0,0,1001,0,0,1,-1,1,1,-1,1,-1,-1,-1,-1,
2026-03-18,17:47:51.560,7.92,99,99,99,0.034,-0.87,84,0,7.76,-0.315,0.977,0.01,100,0,-178.86,-19.93,10,0.00,3.84,3.85,3.84,3.85,3.85,3.85,3.85,3.84,30.91,0.0,29,29,6.1,0,16,-1023,0,0,1001,0,0,1,-1,1,1,-1,1,-1,-1,-1,-1,
2026-03-18,17:47:51.830,7.92,99,99,99,0.016,-0.92,82,0,7.76,-0.282,0.947,-0.14,97,0,-179.19,-18.75,10,0.00,3.84,3.85,3.84,3.85,3.85,3.85,3.85,3.84,30.91,0.0,29,29,8.9,0,16,-1023,0,0,1001,0,0,1,-1,1,1,-1,1,-1,-1,-1,-1,
2026-03-18,17:47:52.100,7.92,99,99,99,0.027,-0.98,82,0,7.76,-0.302,0.931,-0.17,99,0,-179.25,-18.70,10,0.00,3.84,3.85,3.84,3.85,3.85,3.85,3.85,3.84,30.91,0.0,29,29,6.1,0,16,-1024,0,0,1001,0,0,1,-1,1,1,-1,1,-1,-1,-1,-1,
2026-03-18,17:47:52.360,7.92,100,100,100,0.018,-0.98,82,0,7.76,-0.310,0.945,-0.10,99,0,-179.35,-18.46,10,0.00,3.84,3.85,3.84,3.85,3.85,3.85,3.85,3.84,30.91,0.0,29,29,6.1,0,16,-1024,0,0,1001,0,0,1,-1,1,1,-1,1,-1,-1,-1,-1,
2026-03-18,17:47:52.630,7.92,100,100,100,0.001,-0.97,82,0,7.76,-0.280,0.938,0.00,100,0,-179.25,-18.44,10,0.00,3.84,3.85,3.84,3.85,3.85,3.85,3.85,3.84,30.90,0.0,29,29,8.9,0,16,-1024,0,0,1001,0,0,1,-1,1,1,-1,1,-1,-1,-1,-1,
2026-03-18,17:47:52.890,7.92,100,100,100,0.000,-0.96,81,0,7.76,-0.300,0.938,0.03,100,0,-179.30,-18.41,10,0.00,3.84,3.85,3.84,3.85,3.85,3.85,3.85,3.84,30.90,0.0,29,29,8.9,0,16,-1024,0,0,1001,0,0,1,-1,1,1,-1,1,-1,-1,-1,-1,
2026-03-18,17:47:53.150,7.92,100,100,100,0.028,-1.03,81,0,7.76,-0.307,0.930,-0.10,98,0,-179.27,-18.49,10,0.00,3.84,3.85,3.84,3.85,3.85,3.85,3.85,3.84,30.90,0.0,29,29,6.1,0,16,-1023,0,0,1001,0,0,1,-1,1,1,-1,1,-1,-1,-1,-1,
2026-03-18,17:47:53.410,7.92,100,100,100,0.030,-0.98,81,0,7.76,-0.290,0.934,-0.07,95,0,-179.23,-18.40,10,0.00,3.84,3.85,3.84,3.85,3.85,3.85,3.85,3.84,30.90,0.0,29,29,6.1,0,16,-1023,0,0,1001,0,0,1,-1,1,1,-1,1,-1,-1,-1,-1,
2026-03-18,17:47:53.680,7.92,99,100,100,0.002,-1.01,84,0,7.76,-0.306,0.941,-0.04,97,0,-179.18,-18.42,10,0.00,3.84,3.85,3.84,3.85,3.85,3.85,3.85,3.84,30.90,0.0,29,29,6.1,0,16,-1023,0,0,1001,0,0,1,-1,1,1,-1,1,-1,-1,-1,-1,
2026-03-18,17:47:53.950,7.92,99,100,100,0.026,-1.00,84,0,7.76,-0.325,0.925,-0.01,98,0,-179.17,-18.58,10,0.00,3.84,3.85,3.84,3.85,3.85,3.85,3.85,3.84,30.90,0.0,29,29,6.1,0,16,-1023,0,0,1001,0,0,1,-1,1,1,-1,1,-1,-1,-1,-1,
2026-03-18,17:47:54.210,7.92,99,100,100,0.029,-1.02,83,0,7.76,-0.329,0.916,-0.01,99,0,-179.28,-18.48,10,0.00,3.84,3.85,3.84,3.85,3.85,3.85,3.85,3.84,30.90,0.0,29,29,6.1,0,16,-1023,0,0,1001,0,0,1,-1,1,1,-1,1,-1,-1,-1,-1,
2026-03-18,17:47:54.470,7.92,100,100,100,0.009,-1.07,84,0,7.76,-0.312,0.946,-0.11,100,0,-179.25,-18.42,10,0.00,3.84,3.85,3.84,3.85,3.85,3.85,3.85,3.84,30.90,0.0,29,29,6.1,0,16,-1024,0,0,1001,0,0,1,-1,1,1,-1,1,-1,-1,-1,-1,
2026-03-18,17:47:54.730,7.92,100,100,100,0.035,-1.08,86,0,7.76,-0.304,0.921,-0.11,99,0,-179.22,-18.42,10,0.00,3.84,3.85,3.84,3.85,3.85,3.85,3.85,3.84,30.90,0.0,29,29,8.9,0,17,-1024,0,0,1001,0,0,1,-1,1,1,-1,1,-1,-1,-1,-1,
2026-03-18,17:47:55.010,7.91,99,100,100,0.012,-1.03,86,0,7.76,-0.303,0.955,0.09,98,0,-179.36,-18.26,10,0.00,3.84,3.85,3.84,3.85,3.84,3.85,3.85,3.84,30.91,0.0,29,29,8.9,0,16,-1023,0,0,1001,0,0,1,-1,1,1,-1,1,-1,-1,-1,-1,
2026-03-18,17:47:55.270,7.92,99,100,100,0.005,-1.11,85,0,7.76,-0.293,0.939,-0.10,98,0,-179.35,-18.19,10,0.00,3.84,3.85,3.84,3.85,3.84,3.85,3.85,3.84,30.91,0.0,29,29,8.9,0,16,-1023,0,0,1001,0,0,1,-1,1,1,-1,1,-1,-1,-1,-1,
2026-03-18,17:47:55.530,7.92,99,100,100,0.020,-1.07,87,0,7.76,-0.310,0.933,0.00,95,0,-179.18,-18.45,10,0.00,3.84,3.85,3.84,3.85,3.84,3.85,3.85,3.84,30.91,0.0,29,29,8.9,0,16,-1023,0,0,1001,0,0,1,-1,1,1,-1,1,-1,-1,-1,-1,
2026-03-18,17:47:55.790,7.92,100,100,100,0.013,-1.07,89,0,7.76,-0.297,0.958,0.01,97,0,-179.16,-18.50,10,0.00,3.84,3.85,3.84,3.85,3.84,3.85,3.85,3.84,30.91,0.0,29,29,8.9,0,15,-1023,0,0,1001,0,0,1,-1,1,1,-1,1,-1,-1,-1,-1,
2026-03-18,17:47:56.050,7.92,100,100,100,0.037,-1.01,87,0,7.76,-0.301,0.905,0.12,95,0,-179.11,-18.97,10,0.00,3.84,3.85,3.84,3.85,3.84,3.85,3.85,3.84,30.91,0.0,29,29,8.9,0,16,-1023,0,0,1000,0,0,1,-1,1,1,-1,1,-1,-1,-1,-1,
2026-03-18,17:47:56.320,7.92,100,100,100,0.025,-1.00,87,0,7.76,-0.297,0.987,0.03,91,0,-179.09,-18.63,10,0.00,3.84,3.85,3.84,3.85,3.85,3.85,3.85,3.84,30.91,0.0,29,29,8.9,0,16,-1024,0,0,1001,0,0,1,-1,1,1,-1,1,-1,-1,-1,-1,
2026-03-18,17:47:56.590,7.91,100,100,100,0.020,-1.00,86,0,7.76,-0.317,0.924,0.00,89,0,-178.90,-18.39,10,0.00,3.84,3.85,3.84,3.85,3.85,3.85,3.85,3.84,30.91,0.0,29,29,8.9,0,16,-1023,0,0,1001,0,0,1,-1,1,1,-1,1,-1,-1,-1,-1,
2026-03-18,17:47:56.860,7.92,100,100,100,0.011,-1.07,86,0,7.76,-0.306,0.931,-0.10,87,0,-179.08,-18.37,10,0.00,3.84,3.85,3.84,3.85,3.85,3.85,3.85,3.84,30.91,0.0,29,29,8.9,0,16,-1023,0,0,1001,0,0,1,-1,1,1,-1,1,-1,-1,-1,-1,
2026-03-18,17:47:57.120,7.91,100,100,100,0.018,-1.04,87,0,7.76,-0.325,0.911,-0.06,89,0,-179.18,-18.20,10,0.00,3.84,3.85,3.84,3.85,3.85,3.85,3.85,3.84,30.91,0.0,29,29,8.9,0,16,-1024,0,0,1001,0,0,1,-1,1,1,-1,1,-1,-1,-1,-1,
2026-03-18,17:47:57.380,7.92,100,100,100,0.014,-0.99,85,0,7.76,-0.291,0.957,0.10,93,0,-179.17,-18.06,10,0.00,3.84,3.85,3.84,3.85,3.85,3.85,3.85,3.84,30.91,0.0,29,29,8.9,0,16,-1024,0,0,1001,0,0,1,-1,1,1,-1,1,-1,-1,-1,-1,
2026-03-18,17:47:57.650,7.91,99,100,100,-0.001,-1.03,87,0,7.76,-0.298,0.958,-0.01,96,0,-179.20,-17.93,10,0.00,3.84,3.85,3.84,3.85,3.85,3.85,3.85,3.84,30.91,0.0,29,29,8.9,0,16,-1023,0,0,1001,0,0,1,-1,1,1,-1,1,-1,-1,-1,-1,
2026-03-18,17:47:57.910,7.91,99,100,100,0.018,-0.98,88,0,7.76,-0.298,0.946,0.08,98,0,-179.23,-17.73,10,0.00,3.84,3.85,3.84,3.85,3.85,3.85,3.85,3.84,30.91,0.0,29,29,8.9,0,16,-1024,0,0,1001,0,0,1,-1,1,1,-1,1,-1,-1,-1,-1,
2026-03-18,17:47:58.170,7.92,99,100,100,-0.002,-1.01,88,0,7.76,-0.290,0.948,-0.03,97,0,-179.24,-17.59,10,0.00,3.84,3.85,3.84,3.85,3.85,3.85,3.85,3.84,30.91,0.0,29,29,8.9,0,16,-1023,0,0,1001,0,0,1,-1,1,1,-1,1,-1,-1,-1,-1,
2026-03-18,17:47:58.430,7.92,100,100,100,0.000,-0.99,87,0,7.76,-0.276,0.943,0.02,98,0,-179.25,-17.51,10,0.00,3.84,3.85,3.84,3.85,3.85,3.85,3.85,3.84,30.91,0.0,29,29,8.9,0,16,-1023,0,0,1001,0,0,1,-1,1,1,-1,1,-1,-1,-1,-1,
2026-03-18,17:47:58.690,7.91,100,100,100,0.008,-1.01,86,0,7.76,-0.282,0.964,0.00,97,0,-179.29,-17.34,10,0.00,3.84,3.85,3.84,3.85,3.85,3.85,3.85,3.84,30.91,0.0,29,29,8.9,0,16,-1024,0,0,1000,0,0,1,-1,1,1,-1,1,-1,-1,-1,-1,
2026-03-18,17:47:58.960,7.92,100,100,100,0.023,-1.07,85,0,7.76,-0.291,0.933,-0.17,94,0,-179.28,-17.36,10,0.00,3.84,3.85,3.84,3.85,3.85,3.85,3.85,3.84,30.91,0.0,29,29,6.1,0,16,-1023,0,0,1001,0,0,1,-1,1,1,-1,1,-1,-1,-1,-1,
2026-03-18,17:47:59.220,7.92,100,100,100,0.000,-1.07,85,0,7.76,-0.296,0.933,-0.07,89,0,-179.25,-17.42,10,0.00,3.84,3.85,3.84,3.85,3.85,3.85,3.85,3.84,30.91,0.0,29,29,8.9,0,16,-1023,0,0,1001,0,0,1,-1,1,1,-1,1,-1,-1,-1,-1,
2026-03-18,17:47:59.490,7.91,100,100,100,0.010,-1.10,86,0,7.76,-0.290,0.946,-0.06,92,0,-179.30,-17.28,10,0.00,3.84,3.85,3.84,3.85,3.85,3.85,3.85,3.84,30.91,0.0,29,29,8.9,0,16,-1024,0,0,1001,0,0,1,-1,1,1,-1,1,-1,-1,-1,-1,
2026-03-18,17:47:59.750,7.91,100,100,100,0.006,-1.11,87,0,7.76,-0.257,0.972,0.02,95,0,-179.32,-17.11,10,0.00,3.84,3.85,3.84,3.85,3.85,3.85,3.85,3.84,30.91,0.0,29,29,8.9,0,16,-1023,0,0,1001,0,0,1,-1,1,1,-1,1,-1,-1,-1,-1,
2026-03-18,17:48:00.010,7.92,100,100,100,0.005,-1.08,87,0,7.76,-0.263,0.963,0.03,97,0,-179.27,-17.18,10,0.00,3.84,3.85,3.84,3.85,3.85,3.85,3.85,3.84,30.91,0.0,29,29,8.9,0,15,-1023,0,0,1001,0,0,1,-1,1,1,-1,1,-1,-1,-1,-1,
2026-03-18,17:48:00.270,7.92,100,100,100,0.011,-1.02,87,0,7.76,-0.302,0.920,0.13,98,0,-179.23,-17.33,10,0.00,3.84,3.85,3.84,3.85,3.85,3.85,3.85,3.84,30.91,0.0,29,29,8.9,0,15,-1023,0,0,1001,0,0,1,-1,1,1,-1,1,-1,-1,-1,-1,
2026-03-18,17:48:00.530,7.92,100,100,100,-0.028,-0.98,88,0,7.76,-0.275,0.922,0.16,99,0,-179.26,-17.45,10,0.00,3.84,3.85,3.84,3.85,3.85,3.85,3.85,3.84,30.90,0.0,29,29,8.9,0,15,-1024,0,0,1001,0,0,1,-1,1,1,-1,1,-1,-1,-1,-1,
2026-03-18,17:48:00.790,7.92,100,100,100,0.025,-0.98,88,0,7.76,-0.288,0.961,0.03,100,0,-179.28,-17.34,10,0.00,3.84,3.85,3.84,3.85,3.85,3.85,3.85,3.84,30.90,0.0,29,29,8.9,0,16,-1023,0,0,1001,0,0,1,-1,1,1,-1,1,-1,-1,-1,-1,
2026-03-18,17:48:01.050,7.92,100,100,100,0.012,-0.92,89,0,7.76,-0.274,0.945,0.15,100,0,-179.25,-17.42,10,0.00,3.84,3.85,3.84,3.85,3.85,3.85,3.85,3.84,30.90,0.0,29,29,6.1,0,16,-1024,0,0,1001,0,0,1,-1,1,1,-1,1,-1,-1,-1,-1,
2026-03-18,17:48:01.310,7.92,100,100,100,0.009,-0.92,86,0,7.76,-0.282,0.944,0.08,97,0,-179.24,-17.42,10,0.00,3.84,3.85,3.84,3.85,3.85,3.85,3.85,3.84,30.90,0.0,29,29,8.9,0,16,-1023,0,0,1001,0,0,1,-1,1,1,-1,1,-1,-1,-1,-1,
2026-03-18,17:48:01.570,7.92,100,100,100,0.012,-0.90,85,0,7.76,-0.290,0.933,0.06,95,0,-179.22,-17.21,10,0.00,3.84,3.85,3.84,3.85,3.85,3.85,3.85,3.84,30.91,0.0,29,29,8.9,0,16,-1023,0,0,1001,0,0,1,-1,1,1,-1,1,-1,-1,-1,-1,
2026-03-18,17:48:01.830,7.92,100,100,100,0.011,-0.86,85,0,7.76,-0.279,0.947,0.09,95,0,-179.24,-17.29,10,0.00,3.84,3.85,3.84,3.85,3.85,3.85,3.85,3.84,30.91,0.0,29,29,8.9,0,15,-1023,0,0,1001,0,0,1,-1,1,1,-1,1,-1,-1,-1,-1,
2026-03-18,17:48:02.100,7.92,100,100,100,0.008,-0.91,86,0,7.76,-0.286,0.946,-0.05,87,0,-179.22,-17.30,10,0.00,3.84,3.85,3.84,3.85,3.85,3.85,3.85,3.84,30.91,0.0,29,29,8.9,0,16,-1023,0,0,1001,0,0,1,-1,1,1,-1,1,-1,-1,-1,-1,
2026-03-18,17:48:02.370,7.92,100,100,100,0.003,-0.95,87,0,7.76,-0.296,0.938,-0.06,88,0,-179.19,-17.40,10,0.00,3.84,3.85,3.84,3.85,3.85,3.85,3.85,3.84,30.91,0.0,29,29,8.9,0,16,-1023,0,0,1001,0,0,1,-1,1,1,-1,1,-1,-1,-1,-1,
2026-03-18,17:48:02.640,7.91,100,100,99,0.006,-0.96,86,0,7.76,-0.271,0.961,-0.04,86,0,-179.20,-17.30,10,0.00,3.84,3.85,3.84,3.85,3.85,3.85,3.85,3.84,30.91,0.0,29,29,8.9,0,16,-1023,0,0,1001,0,0,1,-1,1,1,-1,1,-1,-1,-1,-1,
2026-03-18,17:48:02.910,7.91,100,100,99,0.003,-0.92,87,0,7.76,-0.281,0.948,0.05,88,0,-179.25,-17.26,10,0.00,3.84,3.85,3.84,3.85,3.85,3.85,3.85,3.84,30.91,0.0,29,29,8.9,0,15,-1024,0,0,1001,0,0,1,-1,1,1,-1,1,-1,-1,-1,-1,
2026-03-18,17:48:03.170,7.92,100,100,99,0.017,-0.86,87,0,7.76,-0.283,0.951,0.18,87,0,-179.24,-17.22,10,0.00,3.84,3.85,3.84,3.85,3.85,3.85,3.85,3.84,30.91,0.0,29,29,8.9,0,16,-1024,0,0,1001,0,0,1,-1,1,1,-1,1,-1,-1,-1,-1,
2026-03-18,17:48:03.440,7.91,100,100,99,0.012,-0.94,87,0,7.76,-0.270,0.945,-0.06,83,0,-179.25,-17.21,10,0.00,3.84,3.85,3.84,3.85,3.85,3.85,3.85,3.84,30.91,0.0,29,29,8.9,0,16,-1023,0,0,1001,0,0,1,-1,1,1,-1,1,-1,-1,-1,-1,
2026-03-18,17:48:03.710,7.91,100,100,99,0.005,-0.98,87,0,7.76,-0.280,0.947,-0.14,84,0,-179.22,-17.22,10,0.00,3.84,3.85,3.84,3.85,3.85,3.85,3.85,3.84,30.91,0.0,29,29,6.1,0,15,-1023,0,0,1001,0,0,1,-1,1,1,-1,1,-1,-1,-1,-1,
2026-03-18,17:48:03.980,7.92,100,100,99,0.019,-1.05,87,0,7.76,-0.271,0.951,-0.17,91,0,-179.24,-17.15,10,0.00,3.84,3.85,3.84,3.85,3.85,3.85,3.85,3.84,30.91,0.0,29,29,8.9,0,16,-1023,0,0,1001,0,0,1,-1,1,1,-1,1,-1,-1,-1,-1,
2026-03-18,17:48:04.240,7.91,100,100,99,0.014,-1.07,87,0,7.76,-0.289,0.947,-0.15,95,0,-179.25,-17.14,10,0.00,3.84,3.85,3.84,3.85,3.85,3.85,3.85,3.84,30.91,0.0,29,29,8.9,0,16,-1023,0,0,1001,0,0,1,-1,1,1,-1,1,-1,-1,-1,-1,
2026-03-18,17:48:04.500,7.92,100,100,99,0.000,-1.11,87,0,7.76,-0.265,0.943,-0.10,96,0,-179.24,-17.15,10,0.00,3.84,3.85,3.84,3.85,3.85,3.85,3.85,3.84,30.91,0.0,29,29,8.9,0,16,-1023,0,0,1001,0,0,1,-1,1,1,-1,1,-1,-1,-1,-1,
2026-03-18,17:48:04.760,7.91,100,100,99,0.007,-1.16,83,0,7.76,-0.297,0.933,-0.15,96,0,-179.20,-17.23,10,0.00,3.84,3.85,3.84,3.85,3.85,3.85,3.85,3.84,30.91,0.0,29,29,8.9,0,15,-1023,0,0,1001,0,0,1,-1,1,1,-1,1,-1,-1,-1,-1,
2026-03-18,17:48:05.020,7.91,100,100,99,0.017,-1.15,82,0,7.76,-0.289,0.930,0.00,97,0,-179.21,-17.27,10,0.00,3.84,3.85,3.84,3.85,3.85,3.85,3.85,3.84,30.91,0.0,29,29,8.9,0,16,-1023,0,0,1001,0,0,1,-1,1,1,-1,1,-1,-1,-1,-1,
2026-03-18,17:48:05.280,7.91,100,100,99,0.006,-1.08,83,0,7.76,-0.284,0.949,0.14,93,0,-179.21,-17.33,10,0.00,3.84,3.85,3.84,3.85,3.85,3.85,3.85,3.84,30.91,0.0,29,29,8.9,0,15,-1023,0,0,1001,0,0,1,-1,1,1,-1,1,-1,-1,-1,-1,
2026-03-18,17:48:05.540,7.92,100,100,99,0.020,-1.12,86,0,7.76,-0.281,0.992,-0.02,88,0,-179.26,-17.09,10,0.00,3.84,3.85,3.85,3.85,3.85,3.85,3.85,3.84,30.91,0.0,29,29,8.9,0,16,-1023,0,0,1001,0,0,1,-1,1,1,-1,1,-1,-1,-1,-1,
2026-03-18,17:48:05.810,7.92,100,100,99,0.031,-1.06,88,0,7.76,-0.294,0.933,0.09,95,0,-179.25,-17.19,10,0.00,3.84,3.85,3.85,3.85,3.85,3.85,3.85,3.84,30.91,0.0,29,29,8.9,0,16,-1024,0,0,1001,0,0,1,-1,1,1,-1,1,-1,-1,-1,-1,
2026-03-18,17:48:06.070,7.92,100,100,99,0.020,-0.99,88,0,7.76,-0.275,0.969,0.19,98,0,-179.23,-17.14,10,0.00,3.84,3.85,3.85,3.85,3.85,3.85,3.85,3.84,30.91,0.0,29,29,8.9,0,16,-1023,0,0,1001,0,0,1,-1,1,1,-1,1,-1,-1,-1,-1,
2026-03-18,17:48:06.330,7.91,100,100,99,0.004,-1.04,87,0,7.76,-0.239,0.954,0.00,99,0,-179.23,-17.13,10,0.00,3.84,3.85,3.85,3.85,3.85,3.85,3.85,3.84,30.91,0.0,29,29,8.9,0,15,-1023,0,0,1001,0,0,1,-1,1,1,-1,1,-1,-1,-1,-1,
2026-03-18,17:48:06.590,7.91,100,100,100,-0.032,-1.07,86,0,7.76,-0.336,0.862,-0.06,99,0,-179.21,-17.16,10,0.00,3.84,3.85,3.85,3.85,3.85,3.85,3.85,3.84,30.91,0.0,29,29,8.9,0,16,-1023,0,0,1001,0,0,1,-1,1,1,-1,1,-1,-1,-1,-1,
2026-03-18,17:48:06.860,7.91,99,100,100,0.070,-1.07,86,0,7.76,-0.254,0.941,-0.03,100,0,-179.20,-17.70,10,0.00,3.84,3.85,3.84,3.85,3.85,3.85,3.85,3.84,30.91,0.0,29,29,8.9,0,15,-1023,0,0,1000,0,0,1,-1,1,1,-1,1,-1,-1,-1,-1,
2026-03-18,17:48:07.120,7.91,99,100,100,0.030,-1.07,86,0,7.76,-0.279,0.926,0.00,100,0,-179.20,-17.58,10,0.00,3.84,3.85,3.84,3.85,3.85,3.85,3.85,3.84,30.91,0.0,29,29,8.9,0,16,-1023,0,0,1001,0,0,1,-1,1,1,-1,1,-1,-1,-1,-1,
2026-03-18,17:48:07.380,7.92,99,100,100,0.000,-1.10,86,0,7.76,-0.297,0.927,-0.04,100,0,-179.19,-17.44,10,0.00,3.84,3.85,3.84,3.85,3.85,3.85,3.85,3.84,30.91,0.0,29,29,8.9,0,16,-1023,0,0,1001,0,0,1,-1,1,1,-1,1,-1,-1,-1,-1,
2026-03-18,17:48:07.640,7.91,100,100,100,0.017,-1.09,85,0,7.76,-0.277,0.953,-0.06,100,0,-179.24,-17.42,10,0.00,3.84,3.85,3.84,3.85,3.85,3.85,3.85,3.84,30.91,0.0,29,29,8.9,0,16,-1023,0,0,1001,0,0,1,-1,1,1,-1,1,-1,-1,-1,-1,
2026-03-18,17:48:07.900,7.92,100,100,100,-0.005,-1.09,83,0,7.76,-0.285,0.949,0.00,100,0,-179.25,-17.22,10,0.00,3.84,3.85,3.84,3.85,3.85,3.85,3.85,3.84,30.91,0.0,29,29,8.9,0,16,-1023,0,0,1001,0,0,1,-1,1,1,-1,1,-1,-1,-1,-1,
2026-03-18,17:48:08.160,7.91,100,100,100,0.005,-1.00,82,0,7.76,-0.281,0.932,0.14,100,0,-179.25,-17.19,10,0.00,3.84,3.85,3.84,3.85,3.85,3.85,3.85,3.84,30.91,0.0,29,29,8.9,0,16,-1023,0,0,1001,0,0,1,-1,1,1,-1,1,-1,-1,-1,-1,
2026-03-18,17:48:08.420,7.91,99,100,100,0.016,-0.97,81,0,7.76,-0.277,0.969,0.10,100,0,-179.28,-17.10,10,0.00,3.84,3.85,3.84,3.85,3.85,3.85,3.85,3.84,30.91,0.0,29,29,8.9,0,16,-1023,0,0,1001,0,0,1,-1,1,1,-1,1,-1,-1,-1,-1,
2026-03-18,17:48:08.680,7.91,99,100,100,0.004,-0.97,80,0,7.76,-0.293,0.950,0.02,100,0,-179.17,-17.46,10,0.00,3.84,3.85,3.84,3.85,3.85,3.85,3.85,3.84,30.91,0.0,29,29,8.9,0,16,-1023,0,0,1001,0,0,1,-1,1,1,-1,1,-1,-1,-1,-1,
2026-03-18,17:48:08.940,7.92,99,100,100,0.015,-0.92,80,0,7.76,-0.294,0.925,0.12,100,0,-179.15,-17.86,10,0.00,3.84,3.85,3.84,3.85,3.85,3.85,3.85,3.84,30.91,0.0,29,29,8.9,0,16,-1023,0,0,1001,0,0,1,-1,1,1,-1,1,-1,-1,-1,-1,
2026-03-18,17:48:09.210,7.92,99,100,100,0.009,-0.91,80,0,7.76,-0.309,0.937,0.07,100,0,-179.16,-18.13,10,0.00,3.84,3.85,3.84,3.85,3.85,3.85,3.85,3.84,30.91,0.0,29,29,8.9,0,16,-1023,0,0,1001,0,0,1,-1,1,1,-1,1,-1,-1,-1,-1,
2026-03-18,17:48:09.470,7.92,99,100,100,0.011,-0.93,79,0,7.76,-0.297,0.941,0.00,100,0,-179.18,-18.12,10,0.00,3.84,3.85,3.84,3.85,3.85,3.85,3.85,3.84,30.91,0.0,29,29,8.9,0,16,-1023,0,0,1001,0,0,1,-1,1,1,-1,1,-1,-1,-1,-1,
2026-03-18,17:48:09.740,7.92,99,100,100,0.020,-1.02,79,0,7.76,-0.310,0.943,-0.22,100,0,-179.20,-18.02,10,0.00,3.84,3.85,3.84,3.85,3.85,3.85,3.85,3.84,30.91,0.0,29,29,8.9,0,16,-1023,0,0,1001,0,0,1,-1,1,1,-1,1,-1,-1,-1,-1,
2026-03-18,17:48:10.010,7.91,99,100,100,0.019,-0.97,79,0,7.76,-0.305,0.916,0.00,100,0,-179.12,-18.24,10,0.00,3.84,3.85,3.84,3.85,3.85,3.85,3.85,3.84,30.91,0.0,29,29,8.9,0,16,-1023,0,0,1001,0,0,1,-1,1,1,-1,1,-1,-1,-1,-1,
2026-03-18,17:48:10.270,7.91,99,100,100,0.015,-0.94,80,0,7.76,-0.303,0.936,0.08,100,0,-179.09,-18.35,10,0.00,3.84,3.85,3.84,3.85,3.85,3.85,3.85,3.84,30.91,0.0,29,29,8.9,0,16,-1023,0,0,1001,0,0,1,-1,1,1,-1,1,-1,-1,-1,-1,
2026-03-18,17:48:10.540,7.92,99,100,100,0.016,-0.96,82,0,7.76,-0.312,0.948,0.01,100,0,-179.12,-18.19,10,0.00,3.84,3.85,3.85,3.85,3.85,3.85,3.85,3.84,30.91,0.0,29,29,6.1,0,15,-1023,0,0,1001,0,0,1,-1,1,1,-1,1,-1,-1,-1,-1,
2026-03-18,17:48:10.800,7.91,99,100,100,0.020,-0.98,83,0,7.76,-0.291,0.942,-0.03,100,0,-179.12,-18.18,10,0.00,3.84,3.85,3.85,3.85,3.85,3.85,3.85,3.84,30.91,0.0,29,29,6.1,0,16,-1023,0,0,1000,0,0,1,-1,1,1,-1,1,-1,-1,-1,-1,
2026-03-18,17:48:11.060,7.92,99,100,100,0.018,-0.99,84,0,7.76,-0.293,0.945,-0.06,100,0,-179.14,-18.00,10,0.00,3.84,3.85,3.85,3.85,3.85,3.85,3.85,3.84,30.91,0.0,29,29,8.9,0,15,-1023,0,0,1001,0,0,1,-1,1,1,-1,1,-1,-1,-1,-1,
2026-03-18,17:48:11.340,7.92,99,100,100,0.012,-0.97,84,0,7.76,-0.288,0.938,0.03,100,0,-179.12,-17.90,10,0.00,3.84,3.85,3.85,3.85,3.85,3.85,3.85,3.84,30.91,0.0,29,29,6.1,0,16,-1024,0,0,1001,0,0,1,-1,1,1,-1,1,-1,-1,-1,-1,
2026-03-18,17:48:11.600,7.92,100,100,100,0.016,-0.97,85,0,7.76,-0.288,0.926,0.02,98,0,-179.11,-17.89,10,0.00,3.84,3.85,3.85,3.85,3.85,3.85,3.85,3.84,30.91,0.0,29,29,6.1,0,16,-1023,0,0,1001,0,0,1,-1,1,1,-1,1,-1,-1,-1,-1,
2026-03-18,17:48:11.870,7.91,100,100,100,0.021,-0.96,85,0,7.76,-0.262,0.946,0.02,99,0,-179.12,-17.84,10,0.00,3.84,3.85,3.85,3.85,3.85,3.85,3.85,3.84,30.91,0.0,29,29,6.1,0,16,-1023,0,0,1001,0,0,1,-1,1,1,-1,1,-1,-1,-1,-1,
2026-03-18,17:48:12.140,7.92,100,100,100,-0.008,-0.94,85,0,7.76,-0.264,0.957,0.05,99,0,-179.10,-17.91,10,0.00,3.84,3.85,3.85,3.85,3.85,3.85,3.85,3.84,30.91,0.0,29,29,6.1,0,16,-1024,0,0,1001,0,0,1,-1,1,1,-1,1,-1,-1,-1,-1,
2026-03-18,17:48:12.400,7.92,100,100,100,0.001,-0.94,85,0,7.76,-0.264,0.941,0.03,100,0,-179.12,-17.91,10,0.00,3.84,3.85,3.85,3.85,3.85,3.85,3.85,3.84,30.91,0.0,29,29,0.0,0,16,-1023,0,0,1001,0,0,1,-1,1,1,-1,1,-1,-1,-1,-1,
2026-03-18,17:48:12.670,7.92,100,100,100,0.029,-0.92,85,0,7.76,-0.313,0.947,0.04,100,0,-179.14,-17.87,10,0.00,3.84,3.85,3.85,3.85,3.85,3.85,3.85,3.84,30.91,0.0,29,29,6.1,0,16,-1023,0,0,1001,0,0,1,-1,1,1,-1,1,-1,-1,-1,-1,
2026-03-18,17:48:12.930,7.92,100,100,100,-0.001,-0.96,85,0,7.76,-0.305,0.936,-0.05,100,0,-179.12,-17.91,10,0.00,3.84,3.85,3.85,3.85,3.85,3.85,3.85,3.84,30.91,0.0,29,29,6.1,0,15,-1023,0,0,1001,0,0,1,-1,1,1,-1,1,-1,-1,-1,-1,
2026-03-18,17:48:13.190,7.92,100,100,100,0.021,-1.00,86,0,7.76,-0.291,0.944,-0.12,100,0,-179.12,-17.98,10,0.00,3.84,3.85,3.85,3.85,3.85,3.85,3.85,3.84,30.91,0.0,29,29,0.0,0,16,-1023,0,0,1001,0,0,1,-1,1,1,-1,1,-1,-1,-1,-1,
2026-03-18,17:48:13.460,7.92,99,100,100,0.006,-1.02,86,0,7.76,-0.285,0.955,-0.11,100,0,-179.10,-18.03,10,0.00,3.84,3.85,3.85,3.85,3.85,3.85,3.85,3.84,30.91,0.0,29,29,0.0,0,16,-1024,0,0,1001,0,0,1,-1,1,1,-1,1,-1,-1,-1,-1,
2026-03-18,17:48:13.720,7.92,99,100,100,-0.013,-0.98,86,0,7.76,-0.311,0.957,0.02,100,0,-179.11,-17.97,10,0.00,3.84,3.85,3.85,3.85,3.85,3.85,3.85,3.84,30.91,0.0,29,29,8.9,0,15,-1023,0,0,1001,0,0,1,-1,1,1,-1,1,-1,-1,-1,-1,
2026-03-18,17:48:13.980,7.92,99,100,100,0.012,-1.08,86,0,7.76,-0.299,0.942,0.07,100,0,-179.10,-18.12,10,0.00,3.84,3.85,3.84,3.85,3.85,3.85,3.85,3.84,30.91,0.0,29,29,8.9,0,15,-1023,0,0,1001,0,0,1,-1,1,1,-1,1,-1,-1,-1,-1,
2026-03-18,17:48:14.240,7.92,100,100,100,0.014,-1.06,86,0,7.76,-0.299,0.939,-0.08,100,0,-179.11,-18.07,10,0.00,3.84,3.85,3.84,3.85,3.85,3.85,3.85,3.84,30.91,0.0,29,29,0.0,0,16,-1023,0,0,1001,0,0,1,-1,1,1,-1,1,-1,-1,-1,-1,
2026-03-18,17:48:14.500,7.92,99,100,100,0.007,-1.05,85,0,7.76,-0.308,0.938,0.00,100,0,-179.10,-18.02,10,0.00,3.84,3.85,3.84,3.85,3.85,3.85,3.85,3.84,30.91,0.0,29,29,6.1,0,16,-1023,0,0,1001,0,0,1,-1,1,1,-1,1,-1,-1,-1,-1,
2026-03-18,17:48:14.760,7.91,99,100,100,0.016,-1.06,84,0,7.76,-0.268,0.919,0.00,100,0,-179.10,-18.07,10,0.00,3.84,3.85,3.84,3.85,3.85,3.85,3.85,3.84,30.91,0.0,29,29,6.1,0,16,-1023,0,0,1001,0,0,1,-1,1,1,-1,1,-1,-1,-1,-1,
2026-03-18,17:48:15.030,7.91,99,100,100,0.010,-1.08,84,0,7.76,-0.287,0.945,-0.07,100,0,-179.14,-17.89,10,0.00,3.84,3.85,3.84,3.85,3.85,3.85,3.85,3.84,30.91,0.0,28,29,6.1,0,15,-1023,0,0,1001,0,0,1,-1,1,1,-1,1,-1,-1,-1,-1,
2026-03-18,17:48:15.300,7.92,100,100,100,0.006,-1.05,84,0,7.76,-0.296,0.942,0.04,98,0,-179.13,-17.89,10,0.00,3.84,3.85,3.84,3.85,3.85,3.85,3.85,3.84,30.91,0.0,28,29,6.1,0,15,-1023,0,0,1001,0,0,1,-1,1,1,-1,1,-1,-1,-1,-1,
2026-03-18,17:48:15.560,7.91,100,100,100,-0.091,-1.03,85,0,7.76,-0.255,0.912,0.06,99,0,-179.15,-17.84,10,0.00,3.84,3.85,3.84,3.85,3.85,3.85,3.85,3.84,30.91,0.0,28,29,6.1,0,15,-1023,0,0,1001,0,0,1,-1,1,1,-1,1,-1,-1,-1,-1,
2026-03-18,17:48:15.830,7.91,100,100,100,0.050,-1.09,85,0,7.76,-0.341,0.974,-0.07,100,0,-179.21,-17.79,10,0.00,3.84,3.85,3.84,3.85,3.85,3.85,3.85,3.84,30.91,0.0,28,29,6.1,0,16,-1023,0,0,1001,0,0,1,-1,1,1,-1,1,-1,-1,-1,-1,
2026-03-18,17:48:16.110,7.92,100,100,100,0.005,-1.08,86,0,7.76,-0.282,0.922,-0.03,100,0,-179.18,-17.72,10,0.00,3.84,3.85,3.84,3.85,3.85,3.85,3.85,3.84,30.91,0.0,28,29,8.9,0,16,-1023,0,0,1001,0,0,1,-1,1,1,-1,1,-1,-1,-1,-1,
2026-03-18,17:48:16.370,7.92,100,100,100,0.012,-1.14,86,0,7.76,-0.295,0.939,-0.11,100,0,-179.21,-17.73,10,0.00,3.84,3.85,3.85,3.85,3.85,3.85,3.85,3.84,30.91,0.0,28,29,8.9,0,15,-1023,0,0,1001,0,0,1,-1,1,1,-1,1,-1,-1,-1,-1,
2026-03-18,17:48:16.630,7.92,100,100,100,0.011,-1.16,87,0,7.76,-0.287,0.947,-0.12,100,0,-179.22,-17.72,10,0.00,3.84,3.85,3.85,3.85,3.85,3.85,3.85,3.84,30.91,0.0,28,29,8.9,0,16,-1023,0,0,1001,0,0,1,-1,1,1,-1,1,-1,-1,-1,-1,
2026-03-18,17:48:16.890,7.92,99,100,100,0.005,-1.12,88,0,7.76,-0.291,0.955,0.08,100,0,-179.20,-17.71,10,0.00,3.84,3.85,3.85,3.85,3.85,3.85,3.85,3.84,30.91,0.0,28,29,6.1,0,16,-1023,0,0,1001,0,0,1,-1,1,1,-1,1,-1,-1,-1,-1,
2026-03-18,17:48:17.150,7.92,99,100,100,0.008,-1.12,90,0,7.76,-0.286,0.941,0.02,100,0,-179.19,-17.75,10,0.00,3.84,3.85,3.85,3.85,3.85,3.85,3.85,3.84,30.91,0.0,28,29,6.1,0,16,-1023,0,0,1001,0,0,1,-1,1,1,-1,1,-1,-1,-1,-1,
2026-03-18,17:48:17.410,7.92,99,100,100,0.015,-1.10,89,0,7.76,-0.295,0.941,0.04,100,0,-179.19,-17.77,10,0.00,3.84,3.85,3.85,3.85,3.85,3.85,3.85,3.84,30.91,0.0,28,29,8.9,0,16,-1023,0,0,1001,0,0,1,-1,1,1,-1,1,-1,-1,-1,-1,
2026-03-18,17:48:17.670,7.91,100,100,100,0.019,-1.16,87,0,7.76,-0.279,0.951,-0.08,100,0,-179.19,-17.74,10,0.00,3.84,3.85,3.85,3.85,3.85,3.85,3.85,3.84,30.91,0.0,28,29,8.9,0,16,-1024,0,0,1001,0,0,1,-1,1,1,-1,1,-1,-1,-1,-1,
2026-03-18,17:48:17.940,7.92,100,100,100,0.014,-1.13,86,0,7.76,-0.278,0.936,-0.04,100,0,-179.18,-17.80,10,0.00,3.84,3.85,3.85,3.85,3.85,3.85,3.85,3.84,30.91,0.0,28,29,8.9,0,16,-1024,0,0,1001,0,0,1,-1,1,1,-1,1,-1,-1,-1,-1,
2026-03-18,17:48:18.200,7.92,100,100,100,0.014,-1.15,85,0,7.76,-0.293,0.928,0.00,100,0,-179.19,-17.82,10,0.00,3.84,3.85,3.85,3.85,3.85,3.85,3.85,3.84,30.91,0.0,28,29,8.9,0,15,-1023,0,0,1000,0,0,1,-1,1,1,-1,1,-1,-1,-1,-1,
2026-03-18,17:48:18.460,7.92,100,100,100,0.014,-1.16,86,0,7.76,-0.301,0.933,-0.02,100,0,-179.20,-17.85,10,0.00,3.84,3.85,3.85,3.85,3.85,3.85,3.85,3.84,30.91,0.0,28,29,8.9,0,-218,-1024,0,0,1001,0,0,1,-1,1,1,-1,1,-1,-1,-1,-1,
2026-03-18,17:48:18.730,7.92,100,100,100,0.013,-1.20,87,0,7.76,-0.301,0.956,-0.09,100,0,-179.19,-17.86,10,0.00,3.84,3.85,3.85,3.85,3.85,3.85,3.85,3.84,30.91,0.0,28,29,6.1,0,18,-1024,0,0,1000,0,0,1,-1,1,1,-1,1,-1,-1,-1,-1,
2026-03-18,17:48:18.990,7.92,100,100,100,0.009,-1.24,85,0,7.76,-0.305,0.942,-0.09,100,0,-179.20,-17.83,10,0.00,3.84,3.85,3.85,3.85,3.85,3.85,3.85,3.84,30.91,0.0,28,29,6.1,0,29,-1023,0,0,1000,0,0,1,-1,1,1,-1,1,-1,-1,-1,-1,
2026-03-18,17:48:19.260,7.92,100,100,100,0.009,-1.24,79,0,7.76,-0.305,0.942,-0.09,100,0,-179.20,-17.83,10,0.00,3.84,3.85,3.85,3.85,3.85,3.85,3.85,3.84,30.91,0.0,28,29,6.1,0,31,-1023,0,0,1000,0,0,1,-1,1,1,-1,1,-1,-1,-1,-1,
2026-03-18,17:48:19.520,7.92,100,100,100,0.009,-1.24,68,1,7.76,-0.305,0.942,-0.09,100,0,-179.20,-17.83,10,0.00,3.84,3.85,3.85,3.85,3.85,3.85,3.85,3.84,30.91,0.0,28,29,6.1,0,31,-1024,0,0,1001,0,0,1,-1,1,1,-1,1,-1,-1,-1,-1,
2026-03-18,17:48:19.780,7.92,100,100,100,0.009,-1.24,64,2,7.76,-0.305,0.942,-0.09,100,0,-179.20,-17.83,10,0.00,3.84,3.85,3.85,3.85,3.85,3.85,3.85,3.84,30.91,0.0,28,29,6.1,0,26,-1023,0,0,1001,0,0,1,-1,1,1,-1,1,-1,-1,-1,-1,
2026-03-18,17:48:20.040,7.92,100,100,100,0.009,-1.24,64,2,7.76,-0.305,0.942,-0.09,100,0,-179.20,-17.83,10,0.00,3.84,3.85,3.85,3.85,3.85,3.85,3.85,3.84,30.91,0.0,28,29,6.1,0,26,-1024,0,0,1001,0,0,1,-1,1,1,-1,1,-1,-1,-1,-1,
2026-03-18,17:48:20.300,7.92,100,100,100,0.009,-1.24,64,2,7.76,-0.305,0.942,-0.09,100,0,-179.20,-17.83,10,0.00,3.84,3.85,3.85,3.85,3.85,3.85,3.85,3.84,30.91,0.0,28,29,6.1,0,34,-1023,0,0,1001,0,0,1,-1,1,1,-1,1,-1,-1,-1,-1,
2026-03-18,17:48:20.560,7.92,100,100,100,0.009,-1.24,64,2,7.76,-0.305,0.942,-0.09,100,0,-179.20,-17.83,10,0.00,3.84,3.85,3.85,3.85,3.85,3.85,3.85,3.84,30.91,0.0,28,29,6.1,0,39,-1024,0,0,1001,0,0,1,-1,1,1,-1,1,-1,-1,-1,-1,
2026-03-18,17:48:20.820,7.92,100,100,100,0.009,-1.24,64,2,7.76,-0.305,0.942,-0.09,100,0,-179.20,-17.83,10,0.00,3.84,3.85,3.85,3.85,3.85,3.85,3.85,3.84,30.91,0.0,28,29,6.1,0,32,-1024,0,0,1001,0,0,1,-1,1,1,-1,1,-1,-1,-1,-1,
2026-03-18,17:48:21.080,7.92,100,100,100,0.009,-1.24,64,2,7.76,-0.305,0.942,-0.09,100,0,-179.20,-17.83,10,0.00,3.84,3.85,3.85,3.85,3.85,3.85,3.85,3.84,30.91,0.0,28,29,6.1,0,26,-1024,0,0,1001,0,0,1,-1,1,1,-1,1,-1,-1,-1,-1,
2026-03-18,17:48:21.350,7.92,100,100,100,0.009,-1.24,64,2,7.76,-0.305,0.942,-0.09,100,0,-179.20,-17.83,10,0.00,3.84,3.85,3.85,3.85,3.85,3.85,3.85,3.84,30.91,0.0,28,29,6.1,0,22,-1024,0,0,1000,0,0,1,-1,1,1,-1,1,-1,-1,-1,-1,
2026-03-18,17:48:21.640,7.92,100,100,100,0.009,-1.24,64,2,7.76,-0.305,0.942,-0.09,100,0,-179.20,-17.83,10,0.00,3.84,3.85,3.85,3.85,3.85,3.85,3.85,3.84,30.91,0.0,28,29,6.1,0,21,-1023,0,0,1000,0,0,1,-1,1,1,-1,1,-1,-1,-1,-1,
2026-03-18,17:48:21.900,7.91,100,100,100,0.009,-1.24,64,2,7.76,-0.305,0.942,-0.09,100,0,-179.20,-17.83,10,0.00,3.84,3.85,3.85,3.85,3.85,3.85,3.85,3.84,30.91,0.0,28,29,6.1,0,18,-1023,0,0,1001,0,0,1,-1,1,1,-1,1,-1,-1,-1,-1,
2026-03-18,17:48:22.170,7.91,100,100,100,0.009,-1.24,64,2,7.76,-0.305,0.942,-0.09,100,0,-179.20,-17.83,10,0.00,3.84,3.85,3.85,3.85,3.85,3.85,3.85,3.84,30.91,0.0,28,29,6.1,0,17,-1024,0,0,1001,0,0,1,-1,1,1,-1,1,-1,-1,-1,-1,
2026-03-18,17:48:22.430,7.91,100,100,100,0.009,-1.24,64,2,7.76,-0.305,0.942,-0.09,100,0,-179.20,-17.83,10,0.00,3.84,3.85,3.85,3.85,3.85,3.85,3.85,3.84,30.91,0.0,28,29,6.1,0,17,-1023,0,0,1001,0,0,1,-1,1,1,-1,1,-1,-1,-1,-1,
2026-03-18,17:48:22.700,7.91,100,100,100,0.009,-1.24,64,2,7.76,-0.305,0.942,-0.09,100,0,-179.20,-17.83,10,0.00,3.84,3.85,3.85,3.85,3.85,3.85,3.85,3.84,30.91,0.0,28,29,6.1,0,17,-1024,0,0,1001,0,0,1,-1,1,1,-1,1,-1,-1,-1,-1,
2026-03-18,17:48:22.960,7.91,100,100,100,0.009,-1.24,64,2,7.76,-0.305,0.942,-0.09,100,0,-179.20,-17.83,10,0.00,3.84,3.85,3.85,3.85,3.85,3.85,3.85,3.84,30.91,0.0,28,29,6.1,0,17,-1024,0,0,1001,0,0,1,-1,1,1,-1,1,-1,-1,-1,-1,
2026-03-18,17:48:23.230,7.92,100,100,100,0.009,-1.24,64,2,7.76,-0.305,0.942,-0.09,100,0,-179.20,-17.83,10,0.00,3.84,3.85,3.85,3.85,3.85,3.85,3.85,3.84,30.91,0.0,28,29,6.1,0,18,-1023,0,0,1000,0,0,1,-1,1,1,-1,1,-1,-1,-1,-1,
2026-03-18,17:48:23.490,7.92,100,100,100,0.009,-1.24,64,2,7.76,-0.305,0.942,-0.09,100,0,-179.20,-17.83,10,0.00,3.84,3.85,3.85,3.85,3.85,3.85,3.85,3.84,30.91,0.0,28,29,6.1,0,17,-1024,0,0,1001,0,0,1,-1,1,1,-1,1,-1,-1,-1,-1,
2026-03-18,17:48:23.760,7.91,100,100,100,0.009,-1.24,64,2,7.76,-0.305,0.942,-0.09,100,0,-179.20,-17.83,10,0.00,3.84,3.85,3.85,3.85,3.85,3.85,3.85,3.84,30.91,0.0,28,29,6.1,0,17,-1023,0,0,1001,0,0,1,-1,1,1,-1,1,-1,-1,-1,-1,
2026-03-18,17:48:24.020,7.91,100,100,100,0.009,-1.24,64,2,7.76,-0.305,0.942,-0.09,100,0,-179.20,-17.83,10,0.00,3.84,3.85,3.85,3.85,3.85,3.85,3.85,3.84,30.91,0.0,28,29,6.1,0,18,-1024,0,0,1001,0,0,1,-1,1,1,-1,1,-1,-1,-1,-1,
2026-03-18,17:48:24.290,7.92,100,100,100,0.009,-1.24,64,2,7.76,-0.305,0.942,-0.09,100,0,-179.20,-17.83,10,0.00,3.84,3.85,3.85,3.85,3.85,3.85,3.85,3.84,30.91,0.0,28,29,6.1,0,17,-1023,0,0,1001,0,0,1,-1,1,1,-1,1,-1,-1,-1,-1,
2026-03-18,17:48:24.560,7.91,100,100,100,0.009,-1.24,64,2,7.76,-0.305,0.942,-0.09,100,0,-179.20,-17.83,10,0.00,3.84,3.85,3.85,3.85,3.85,3.85,3.85,3.84,30.91,0.0,28,29,6.1,0,18,-1023,0,0,1001,0,0,1,-1,1,1,-1,1,-1,-1,-1,-1,
2026-03-18,17:48:24.830,7.91,100,100,100,0.009,-1.24,64,2,7.76,-0.305,0.942,-0.09,100,0,-179.20,-17.83,10,0.00,3.84,3.85,3.85,3.85,3.85,3.85,3.85,3.84,30.91,0.0,28,29,6.1,0,18,-1023,0,0,1001,0,0,1,-1,1,1,-1,1,-1,-1,-1,-1,
2026-03-18,17:48:25.090,7.92,100,100,100,0.009,-1.24,64,2,7.76,-0.305,0.942,-0.09,100,0,-179.20,-17.83,10,0.00,3.84,3.85,3.85,3.85,3.85,3.85,3.85,3.84,30.91,0.0,28,29,6.1,0,17,-1023,0,0,1001,0,0,1,-1,1,1,-1,1,-1,-1,-1,-1,
2026-03-18,17:48:25.360,7.91,100,100,100,0.009,-1.24,64,2,7.76,-0.305,0.942,-0.09,100,0,-179.20,-17.83,10,0.00,3.84,3.85,3.85,3.85,3.85,3.85,3.85,3.84,30.91,0.0,28,29,6.1,0,18,-1023,0,0,1001,0,0,1,-1,1,1,-1,1,-1,-1,-1,-1,
2026-03-18,17:48:25.630,7.91,100,100,100,0.009,-1.24,64,2,7.76,-0.305,0.942,-0.09,100,0,-179.20,-17.83,10,0.00,3.84,3.85,3.85,3.85,3.85,3.85,3.85,3.84,30.91,0.0,28,29,6.1,0,18,-1023,0,0,1001,0,0,1,-1,1,1,-1,1,-1,-1,-1,-1,
2026-03-18,17:48:25.890,7.91,100,100,100,0.009,-1.24,64,2,7.76,-0.305,0.942,-0.09,100,0,-179.20,-17.83,10,0.00,3.84,3.85,3.85,3.85,3.85,3.85,3.85,3.84,30.91,0.0,28,29,6.1,0,18,-1023,0,0,1001,0,0,1,-1,1,1,-1,1,-1,-1,-1,-1,
2026-03-18,17:48:26.160,7.91,100,100,100,0.009,-1.24,64,2,7.76,-0.305,0.942,-0.09,100,0,-179.20,-17.83,10,0.00,3.84,3.85,3.85,3.85,3.85,3.85,3.85,3.84,30.91,0.0,28,29,6.1,0,16,-1023,0,0,1001,0,0,1,-1,1,1,-1,1,-1,-1,-1,-1,
2026-03-18,17:48:26.420,7.91,100,100,100,0.009,-1.24,64,2,7.76,-0.305,0.942,-0.09,100,0,-179.20,-17.83,10,0.00,3.84,3.85,3.85,3.85,3.85,3.85,3.85,3.84,30.91,0.0,28,29,6.1,0,16,-1023,0,0,1001,0,0,1,-1,1,1,-1,1,-1,-1,-1,-1,
2026-03-18,17:48:26.690,7.91,100,100,100,0.009,-1.24,64,2,7.76,-0.305,0.942,-0.09,100,0,-179.20,-17.83,10,0.00,3.84,3.85,3.85,3.85,3.85,3.85,3.85,3.84,30.91,0.0,28,29,6.1,0,15,-1024,0,0,1001,0,0,1,-1,1,1,-1,1,-1,-1,-1,-1,
2026-03-18,17:48:26.960,7.91,100,100,100,0.009,-1.24,64,2,7.76,-0.305,0.942,-0.09,100,0,-179.20,-17.83,10,0.00,3.84,3.85,3.85,3.85,3.85,3.85,3.85,3.84,30.91,0.0,28,29,6.1,0,16,-1024,0,0,1001,0,0,1,-1,1,1,-1,1,-1,-1,-1,-1,
2026-03-18,17:48:27.230,7.92,100,100,100,0.009,-1.24,64,2,7.76,-0.305,0.942,-0.09,100,0,-179.20,-17.83,10,0.00,3.84,3.85,3.85,3.85,3.85,3.85,3.85,3.84,30.91,0.0,28,29,6.1,0,16,-1024,0,0,1001,0,0,1,-1,1,1,-1,1,-1,-1,-1,-1,
2026-03-18,17:48:27.490,7.92,100,100,100,0.009,-1.24,64,2,7.76,-0.305,0.942,-0.09,100,0,-179.20,-17.83,10,0.00,3.84,3.85,3.85,3.85,3.85,3.85,3.85,3.84,30.91,0.0,28,29,6.1,0,16,-1024,0,0,1001,0,0,1,-1,1,1,-1,1,-1,-1,-1,-1,
2026-03-18,17:48:27.760,7.92,100,100,100,0.009,-1.24,64,2,7.76,-0.305,0.942,-0.09,100,0,-179.20,-17.83,10,0.00,3.84,3.85,3.85,3.85,3.85,3.85,3.85,3.84,30.91,0.0,28,29,6.1,0,16,-1024,0,0,1001,0,0,1,-1,1,1,-1,1,-1,-1,-1,-1,
2026-03-18,17:48:28.020,7.92,100,100,100,0.009,-1.24,64,2,7.76,-0.305,0.942,-0.09,100,0,-179.20,-17.83,10,0.00,3.84,3.85,3.85,3.85,3.85,3.85,3.85,3.84,30.91,0.0,28,29,6.1,0,16,-1023,0,0,1001,0,0,1,-1,1,1,-1,1,-1,-1,-1,-1,
2026-03-18,17:48:28.290,7.92,100,100,100,0.009,-1.24,64,2,7.76,-0.305,0.942,-0.09,100,0,-179.20,-17.83,10,0.00,3.84,3.85,3.85,3.85,3.85,3.85,3.85,3.84,30.91,0.0,28,29,6.1,0,15,-1023,0,0,1001,0,0,1,-1,1,1,-1,1,-1,-1,-1,-1,
2026-03-18,17:48:28.560,7.92,100,100,100,0.009,-1.24,64,2,7.76,-0.305,0.942,-0.09,100,0,-179.20,-17.83,10,0.00,3.84,3.85,3.85,3.85,3.85,3.85,3.85,3.84,,,,,,0,16,-1024,0,0,1001,0,0,1,-1,1,1,-1,1,-1,-1,-1,-1,
2026-03-18,17:48:28.820,7.92,,,,,,64,2,,,,,100,0,,,10,,,,,,,,,,,,,,,0,16,-1024,0,0,1001,0,0,1,-1,1,1,-1,1,-1,-1,-1,-1,
2026-03-18,17:48:29.160,7.92,,,,,,64,2,,,,,,,,,10,,,,,,,,,,,,,,,0,16,-1023,0,0,1001,0,0,1,-1,1,1,-1,1,-1,-1,-1,-1,
2026-03-18,17:48:29.430,7.92,,,,,,64,2,,,,,,,,,10,,,,,,,,,,,,,,,0,16,-1022,0,0,1001,0,0,1,-1,1,1,-1,1,-1,-1,-1,-1,
2026-03-18,17:48:29.690,7.92,,,,,,,,,,,,,,,,10,,,,,,,,,,,,,,,0,16,-1021,0,0,1001,0,0,1,-1,1,1,-1,1,-1,-1,-1,-1,
2026-03-18,17:48:29.960,7.92,,,,,,,,,,,,,,,,10,,,,,,,,,,,,,,,0,16,-1021,0,0,1001,0,0,1,-1,1,1,-1,1,-1,-1,-1,-1,
2026-03-18,17:48:30.220,7.92,,,,,,,,,,,,,,,,10,,,,,,,,,,,,,,,0,16,-1022,0,0,1001,0,0,1,-1,1,1,-1,1,-1,-1,-1,-1,
2026-03-18,17:48:30.490,7.91,,,,,,,,,,,,,,,,10,,,,,,,,,,,,,,,0,16,-1022,0,0,1001,0,0,1,-1,1,1,-1,1,-1,-1,-1,-1,
2026-03-18,17:48:30.750,7.92,,,,,,,,,,,,,,,,10,,,,,,,,,,,,,,,0,16,-1021,0,0,1001,0,0,1,-1,1,1,-1,1,-1,-1,-1,-1,
2026-03-18,17:48:31.010,7.91,,,,,,,,,,,,,,,,10,,,,,,,,,,,,,,,0,17,-1021,0,0,1001,0,0,1,-1,1,1,-1,1,-1,-1,-1,-1,
