Date,Time,TxBat(V),VFR 2.4G(%),Rx VFR(%),VFR 900M(%),AccY(g),Altitude(m),RSSI 2.4G(dB),RX,RxBatt(V),AccX(g),AccZ(g),VSpeed(m/s),RSSI 900M(dB),RX,R.angle(°),P.angle(°),Power 900M(mW),ADC2(V),LiPo1(V),LiPo2(V),LiPo3(V),LiPo4(V),LiPo5(V),LiPo6(V),LiPo7(V),LiPo8(V),VFAS(V),Current(A),Temp1(°C),Temp2(°C),Air speed(km/h),Rudder,Elevator,Throttle,Aileron,Pot1,Pot2,Slider left,Slider right,SA,SB,SC,SD,SE,SF,SG,SH,SI,SJ,LS1,LS2,
2026-04-02,18:39:31.510,7.63,99,100,100,-0.022,-0.17,64,0,8.07,-0.041,0.983,-0.01,61,0,179.24,-3.85,10,0.00,,,,,,,,,33.69,0.0,-30,-30,,0,12,-1024,0,0,666,0,0,1,-1,0,1,-1,-1,-1,-1,-1,-1,0,0,
2026-04-02,18:39:31.740,7.63,96,100,100,-0.024,-0.15,64,0,8.07,-0.041,0.983,0.02,63,0,179.24,-3.85,10,0.00,,,,,,,,,33.69,0.0,-30,-30,,0,12,-1024,0,0,666,0,0,1,-1,0,1,-1,-1,-1,-1,-1,-1,0,0,
2026-04-02,18:39:32.000,7.63,95,100,100,-0.024,-0.15,62,0,8.07,-0.041,0.983,0.05,63,0,179.23,-3.85,10,0.00,,,,,,,,,33.69,0.0,-30,-30,,0,11,-1024,0,0,667,0,0,1,-1,0,1,-1,-1,-1,-1,-1,-1,0,0,
2026-04-02,18:39:32.260,7.63,94,100,100,-0.023,-0.13,60,0,8.07,-0.041,0.983,0.06,63,0,179.23,-3.85,10,0.00,,,,,,,,,33.69,0.0,-30,-30,,0,12,-1024,0,0,667,0,0,1,-1,0,1,-1,-1,-1,-1,-1,-1,0,0,
2026-04-02,18:39:32.530,7.63,97,100,100,-0.024,-0.17,59,0,8.07,-0.041,0.983,-0.06,66,0,179.23,-3.86,10,0.00,,,,,,,,,33.69,0.0,-30,-30,,0,12,-1024,0,0,667,0,0,1,-1,0,1,-1,-1,-1,-1,-1,-1,0,0,
2026-04-02,18:39:32.800,7.63,99,100,100,-0.024,-0.17,59,0,8.07,-0.041,0.982,-0.05,63,0,179.23,-3.86,10,0.00,,,,,,,,,33.69,0.0,-30,-30,,0,12,-1024,0,0,667,0,0,1,-1,0,1,-1,-1,-1,-1,-1,-1,0,0,
2026-04-02,18:39:33.070,7.63,100,100,100,-0.023,-0.16,59,0,8.07,-0.041,0.983,0.03,63,0,179.23,-3.86,10,0.00,,,,,,,,,33.69,0.0,-30,-30,,0,12,-1024,0,0,666,0,0,1,-1,0,1,-1,-1,-1,-1,-1,-1,0,0,
2026-04-02,18:39:33.330,7.63,100,100,100,-0.023,-0.16,60,0,8.07,-0.041,0.983,-0.10,64,0,179.23,-3.86,10,0.00,,,,,,,,,33.69,0.0,-30,-30,,0,12,-1024,0,0,667,0,0,1,-1,0,1,-1,-1,-1,-1,-1,-1,0,0,
2026-04-02,18:39:33.600,7.63,99,100,100,-0.023,-0.18,63,0,8.07,-0.041,0.983,0.00,66,0,179.23,-3.87,10,0.00,,,,,,,,,33.69,0.0,-30,-30,,0,11,-1024,0,0,666,0,0,1,-1,0,1,-1,-1,-1,-1,-1,-1,0,0,
2026-04-02,18:39:33.860,7.63,97,100,100,-0.024,-0.16,65,0,8.07,-0.041,0.982,0.03,68,0,179.23,-3.87,10,0.00,,,,,,,,,33.69,0.0,-30,-30,,0,12,-1024,0,0,666,0,0,1,-1,0,1,-1,-1,-1,-1,-1,-1,0,0,
2026-04-02,18:39:34.130,7.63,97,100,100,-0.023,-0.16,68,0,8.07,-0.041,0.983,0.03,67,0,179.24,-3.87,10,0.00,,,,,,,,,33.69,0.0,-30,-30,,0,11,-1024,0,0,666,0,0,1,-1,0,1,-1,-1,-1,-1,-1,-1,0,0,
2026-04-02,18:39:34.400,7.63,98,100,100,-0.024,-0.17,71,0,8.07,-0.041,0.983,-0.01,65,0,179.23,-3.87,10,0.00,,,,,,,,,33.69,0.0,-30,-30,,0,12,-1024,0,0,666,0,0,1,-1,0,1,-1,-1,-1,-1,-1,-1,0,0,
2026-04-02,18:39:34.660,7.63,99,100,100,-0.024,-0.12,72,0,8.07,-0.041,0.983,0.09,69,0,179.23,-3.87,10,0.00,,,,,,,,,33.69,0.0,-30,-30,,0,11,-1024,0,0,667,0,0,1,-1,0,1,-1,-1,-1,-1,-1,-1,0,0,
2026-04-02,18:39:34.920,7.63,99,100,100,-0.024,-0.09,74,0,8.07,-0.041,0.983,0.09,76,0,179.23,-3.88,10,0.00,,,,,,,,,33.69,0.0,-30,-30,,0,12,-1024,0,0,666,0,0,1,-1,0,1,-1,-1,-1,-1,-1,-1,0,0,
2026-04-02,18:39:35.190,7.63,99,100,100,-0.024,-0.10,75,0,8.07,-0.041,0.983,0.03,77,0,179.23,-3.88,10,0.00,,,,,,,,,33.69,0.0,-30,-30,,0,12,-1024,0,0,666,0,0,1,-1,0,1,-1,-1,-1,-1,-1,-1,0,0,
2026-04-02,18:39:35.450,7.63,100,100,100,-0.024,-0.13,77,0,8.07,-0.041,0.983,-0.06,79,0,179.23,-3.87,10,0.00,,,,,,,,,33.69,0.0,-30,-30,,0,11,-1024,0,0,667,0,0,1,-1,0,1,-1,-1,-1,-1,-1,-1,0,0,
2026-04-02,18:39:35.720,7.63,99,100,100,-0.023,-0.11,78,0,8.07,-0.041,0.983,-0.02,80,0,179.23,-3.87,10,0.00,,,,,,,,,33.69,0.0,-30,-30,,0,12,-1024,0,0,667,0,0,1,-1,0,1,-1,-1,-1,-1,-1,-1,0,0,
2026-04-02,18:39:35.980,7.63,99,100,100,-0.024,-0.12,78,0,8.07,-0.041,0.983,0.02,80,0,179.23,-3.87,10,0.00,,,,,,,,,33.69,0.0,-30,-30,,0,12,-1024,0,0,666,0,0,1,-1,0,1,-1,-1,-1,-1,-1,-1,0,0,
2026-04-02,18:39:36.250,7.63,99,100,100,-0.024,-0.12,78,0,8.07,-0.041,0.983,0.03,84,0,179.23,-3.88,10,0.00,,,,,,,,,33.69,0.0,-30,-30,,0,11,-1024,0,0,667,0,0,1,-1,0,1,-1,-1,-1,-1,-1,-1,0,0,
2026-04-02,18:39:36.510,7.63,99,100,100,-0.023,-0.16,78,0,8.07,-0.041,0.983,-0.03,85,0,179.23,-3.88,10,0.00,,,,,,,,,33.69,0.0,-30,-30,,0,11,-1024,0,0,666,0,0,1,-1,0,1,-1,-1,-1,-1,-1,-1,0,0,
2026-04-02,18:39:36.770,7.63,99,100,100,-0.041,-0.16,78,0,8.04,-0.051,0.995,-0.03,85,0,179.24,-3.87,10,0.00,,,,,,,,,33.69,0.0,-30,-30,,0,6,-1024,784,0,667,0,0,1,-1,0,1,-1,-1,-1,-1,-1,-1,0,0,
2026-04-02,18:39:37.040,7.63,99,100,100,-0.054,-0.18,78,0,8.04,-0.046,0.985,-0.05,85,0,179.24,-3.87,10,0.00,,,,,,,,,33.69,0.0,-30,-30,,0,11,-1024,-491,0,666,0,0,1,-1,0,1,-1,-1,-1,-1,-1,-1,0,0,
2026-04-02,18:39:37.310,7.63,100,100,100,-0.014,-0.14,78,0,8.01,-0.037,0.989,0.02,86,0,179.21,-3.87,10,0.00,,,,,,,,,33.69,0.0,-30,-30,,0,13,-1024,-326,0,667,0,0,1,-1,0,1,-1,-1,-1,-1,-1,-1,0,0,
2026-04-02,18:39:37.570,7.63,100,100,100,-0.006,-0.12,78,0,8.00,-0.040,0.981,0.10,85,0,179.23,-3.86,10,0.00,,,,,,,,,33.69,0.0,-30,-30,,0,-635,-1024,0,0,666,0,0,1,-1,0,1,-1,-1,-1,-1,-1,-1,0,0,
2026-04-02,18:39:37.840,7.63,100,100,100,-0.040,-0.15,78,0,7.93,-0.032,0.957,-0.03,85,0,179.25,-3.88,10,0.00,,,,,,,,,33.69,0.0,-30,-30,,0,494,-1024,0,0,667,0,0,1,-1,0,1,-1,-1,-1,-1,-1,-1,0,0,
2026-04-02,18:39:38.100,7.63,100,100,100,-0.023,-0.15,79,0,7.95,-0.051,0.981,-0.01,86,0,179.23,-3.87,10,0.00,,,,,,,,,33.69,0.0,-30,-30,,0,18,-1024,0,0,666,0,0,1,-1,0,1,-1,-1,-1,-1,-1,-1,0,0,
2026-04-02,18:39:38.370,7.63,100,100,100,-0.024,-0.15,80,0,8.01,-0.055,0.988,0.00,85,0,179.24,-3.84,10,0.00,,,,,,,,,33.69,0.0,-30,-30,,0,16,-1024,0,0,666,0,0,1,-1,0,1,-1,-1,-1,-1,-1,-1,0,0,
2026-04-02,18:39:38.630,7.63,100,100,100,-0.032,-0.22,80,0,8.02,-0.037,0.991,-0.13,85,0,179.24,-3.85,10,0.00,,,,,,,,,33.69,0.0,-30,-30,,544,16,-1024,0,0,667,0,0,1,-1,0,1,-1,-1,-1,-1,-1,-1,0,0,
2026-04-02,18:39:38.890,7.63,100,100,100,-0.008,-0.23,80,0,7.95,-0.039,0.983,-0.13,86,0,179.19,-3.87,10,0.00,,,,,,,,,33.69,0.0,-30,-30,,-304,16,-1024,0,0,667,0,0,1,-1,0,1,-1,-1,-1,-1,-1,-1,0,0,
2026-04-02,18:39:39.150,7.63,100,100,100,-0.047,-0.22,80,0,7.96,-0.043,0.981,0.00,86,0,179.28,-3.86,10,0.00,,,,,,,,,33.69,0.0,-30,-30,,252,16,-1024,0,0,667,0,0,1,-1,0,1,-1,-1,-1,-1,-1,-1,0,0,
2026-04-02,18:39:39.410,7.63,100,100,100,-0.014,-0.18,80,0,7.95,-0.037,0.980,0.06,85,0,179.20,-3.86,10,0.00,,,,,,,,,33.69,0.0,-30,-30,,114,16,-1024,0,0,666,0,0,1,-1,0,1,-1,-1,-1,-1,-1,-1,0,0,
2026-04-02,18:39:39.670,7.62,100,100,100,-0.023,-0.18,80,0,7.98,-0.037,0.984,0.06,86,0,179.21,-3.89,10,0.00,,,,,,,,,33.69,0.0,-30,-30,,0,15,-1024,0,0,666,0,0,1,-1,0,1,-1,-1,-1,-1,-1,-1,0,0,
2026-04-02,18:39:39.940,7.62,100,100,100,-0.040,-0.19,80,0,8.03,-0.043,0.981,-0.02,87,0,179.26,-3.86,10,0.00,,,,,,,,,33.69,0.0,-30,-30,,0,16,-1024,0,0,667,0,0,1,-1,0,1,-1,-1,-1,-1,-1,-1,0,0,
2026-04-02,18:39:40.200,7.63,100,100,100,-0.018,-0.19,80,0,8.05,-0.040,0.984,0.03,86,0,179.24,-3.87,10,0.00,,,,,,,,,33.69,0.0,-30,-30,,0,15,-1024,0,0,666,0,0,1,-1,0,1,-1,-1,-1,-1,-1,-1,0,0,
2026-04-02,18:39:40.470,7.63,100,100,100,-0.013,-0.25,80,0,8.06,-0.042,0.981,-0.10,86,0,179.25,-3.86,10,0.00,,,,,,,,,33.69,0.0,-30,-30,,0,15,-1024,0,0,666,0,0,1,-1,0,1,-1,-1,-1,-1,-1,-1,0,0,
2026-04-02,18:39:40.730,7.62,99,100,100,-0.030,-0.25,80,0,8.07,-0.044,0.981,-0.08,85,0,179.26,-3.87,10,0.00,,,,,,,,,33.69,0.0,-30,-30,,0,15,-1024,0,0,666,0,0,1,-1,0,1,-1,-1,-1,-1,-1,-1,0,0,
2026-04-02,18:39:40.990,7.62,99,100,100,-0.022,-0.22,81,0,8.07,-0.041,0.983,0.05,85,0,179.25,-3.86,10,0.00,,,,,,,,,33.69,0.0,-30,-30,,0,15,-1024,0,0,666,0,0,1,-1,0,1,-1,-1,-1,-1,-1,-1,0,0,
2026-04-02,18:39:41.250,7.63,99,100,100,-0.018,-0.16,81,0,8.07,-0.041,0.982,0.09,85,0,179.25,-3.86,10,0.00,,,,,,,,,33.69,0.0,-30,-30,,0,15,-1024,0,0,667,0,0,1,-1,0,1,-1,-1,-1,-1,-1,-1,0,0,
2026-04-02,18:39:41.520,7.63,100,100,100,-0.025,-0.17,81,0,8.07,-0.042,0.982,0.06,86,0,179.25,-3.87,10,0.00,,,,,,,,,33.69,0.0,-30,-30,,0,15,-1024,0,0,666,0,0,1,-1,0,1,-1,-1,-1,-1,-1,-1,0,0,
2026-04-02,18:39:41.780,7.63,100,100,100,-0.027,-0.16,81,0,8.07,-0.041,0.984,0.02,86,0,179.25,-3.87,10,0.00,,,,,,,,,33.69,0.0,-30,-30,,0,15,-1024,0,0,666,0,0,1,-1,0,1,-1,-1,-1,-1,-1,-1,0,0,
2026-04-02,18:39:42.040,7.63,99,99,99,-0.022,-0.20,81,0,8.07,-0.041,0.983,-0.06,86,0,179.25,-3.86,10,0.00,,,,,,,,,33.69,0.0,-30,-30,,0,16,-1024,0,0,666,0,0,1,-1,0,1,-1,-1,-1,-1,-1,-1,0,0,
2026-04-02,18:39:42.300,7.63,99,99,99,-0.022,-0.22,81,0,8.07,-0.041,0.983,-0.03,86,0,179.25,-3.87,10,0.00,,,,,,,,,33.69,0.0,-30,-30,,0,16,-1024,0,0,666,0,0,1,-1,0,1,-1,-1,-1,-1,-1,-1,0,0,
2026-04-02,18:39:42.570,7.63,97,99,99,-0.025,-0.22,81,0,8.07,-0.041,0.984,0.00,86,0,179.24,-3.87,10,0.00,,,,,,,,,33.69,0.0,-30,-30,,0,16,-1024,0,0,666,0,0,1,-1,0,1,-1,-1,-1,-1,-1,-1,0,0,
2026-04-02,18:39:42.830,7.63,98,99,99,-0.023,-0.21,81,0,8.07,-0.041,0.983,0.04,85,0,179.24,-3.87,10,0.00,,,,,,,,,33.69,0.0,-30,-30,,0,16,-1024,0,0,667,0,0,1,-1,0,1,-1,-1,-1,-1,-1,-1,0,0,
2026-04-02,18:39:43.090,7.63,98,99,99,-0.023,-0.25,81,0,8.07,-0.041,0.983,-0.05,87,0,179.24,-3.88,10,0.00,,,,,,,,,33.69,0.0,-30,-30,,0,15,-1022,0,0,666,0,0,1,-1,0,1,-1,-1,-1,-1,-1,-1,0,0,
2026-04-02,18:39:43.360,7.63,100,100,99,-0.024,-0.17,81,0,8.07,-0.041,0.983,0.06,87,0,179.24,-3.88,10,0.00,,,,,,,,,33.69,0.0,-30,-30,,0,15,-909,0,0,666,0,0,1,-1,0,1,-1,-1,-1,-1,-1,-1,0,0,
2026-04-02,18:39:43.630,7.63,100,100,99,-0.024,-0.16,81,0,8.07,-0.042,0.982,0.13,86,0,179.24,-3.88,10,0.00,,,,,,,,,33.69,0.5,-30,-30,,0,16,-821,0,0,667,0,0,1,-1,0,1,-1,-1,-1,-1,-1,-1,0,0,
2026-04-02,18:39:43.900,7.63,100,100,99,-0.017,-0.21,81,0,8.07,-0.041,0.980,-0.01,87,0,179.23,-3.88,10,0.00,,,,,,,,,33.69,0.5,-30,-30,,0,16,-803,0,0,666,0,0,1,-1,0,1,-1,-1,-1,-1,-1,-1,0,0,
2026-04-02,18:39:44.160,7.63,100,100,99,-0.029,-0.23,81,0,8.07,-0.042,0.981,-0.10,87,0,179.24,-3.87,10,0.00,,,,,,,,,33.69,0.0,-30,-30,,1,16,-799,0,0,667,0,0,1,-1,0,1,-1,-1,-1,-1,-1,-1,0,0,
2026-04-02,18:39:44.420,7.63,100,100,99,-0.026,-0.24,81,0,8.07,-0.041,0.979,-0.10,87,0,179.22,-3.87,10,0.00,,,,,,,,,33.69,0.0,-30,-30,,56,16,-795,0,0,667,0,0,1,-1,0,1,-1,-1,-1,1,-1,-1,1,0,
2026-04-02,18:39:44.680,7.63,100,100,99,-0.025,-0.24,81,0,8.07,-0.045,0.977,0.01,86,0,179.20,-3.87,10,0.00,,,,,,,,,33.64,1.0,-30,-30,,29,16,-404,0,0,667,0,0,1,-1,0,1,-1,-1,-1,-1,-1,-1,1,0,
2026-04-02,18:39:44.940,7.62,99,99,99,-0.026,-0.24,81,0,8.07,-0.045,0.969,-0.01,87,0,179.18,-3.79,10,0.00,,,,,,,,,33.64,1.0,-30,-30,,32,16,-278,0,0,666,0,0,1,-1,0,1,-1,-1,-1,-1,-1,-1,1,0,
2026-04-02,18:39:45.210,7.63,99,99,99,-0.005,-0.40,80,0,8.07,-0.043,0.956,-0.01,86,0,179.13,-3.37,10,0.00,,,,,,,,,33.58,6.4,-30,-30,,0,16,-137,0,0,666,0,0,1,-1,0,1,-1,-1,-1,-1,-1,-1,1,0,
2026-04-02,18:39:45.470,7.63,99,99,99,-0.023,-1.16,80,0,8.07,-0.036,0.973,-1.19,86,0,179.15,-3.41,10,0.00,,,,,,,,,33.58,6.4,-30,-30,,28,14,3,0,0,666,0,0,1,-1,0,1,-1,-1,-1,-1,-1,-1,0,0,
2026-04-02,18:39:45.730,7.63,100,100,99,-0.046,-1.59,80,0,8.04,-0.073,0.992,-1.44,87,0,179.14,-3.12,10,0.00,,,,,,,,,33.43,7.8,-30,-30,,89,-37,121,0,0,666,0,0,1,-1,0,1,-1,-1,-1,-1,-1,-1,0,0,
2026-04-02,18:39:45.990,7.63,100,100,100,-0.015,-1.99,80,0,8.05,-0.181,1.074,-1.41,87,0,179.19,-3.52,10,0.00,,,,,,,,,33.43,7.8,-30,-30,,0,-154,201,0,0,666,0,0,1,-1,0,1,-1,-1,-1,-1,-1,-1,0,0,
2026-04-02,18:39:46.250,7.63,100,100,100,-0.011,-2.35,80,0,7.99,-0.227,0.989,-1.33,88,0,179.27,-4.87,10,0.00,,,,,,,,,33.25,9.8,-30,-30,,-75,-174,236,0,0,667,0,0,1,-1,0,1,-1,-1,-1,-1,-1,-1,0,0,
2026-04-02,18:39:46.520,7.63,100,100,100,-0.013,-2.66,80,0,8.00,-0.251,0.968,-1.20,88,0,179.40,-6.48,10,0.00,,,,,,,,,33.25,9.8,-30,-30,,27,-190,429,0,0,666,0,0,1,-1,0,1,-1,-1,-1,-1,-1,-1,0,0,
2026-04-02,18:39:46.780,7.63,100,100,100,-0.002,-2.96,79,0,8.04,-0.245,1.068,-1.07,88,0,179.40,-7.05,10,0.00,,,,,,,,,32.96,14.6,-30,-30,,36,-231,517,0,0,666,0,0,1,-1,0,1,-1,-1,-1,-1,-1,-1,0,0,
2026-04-02,18:39:47.050,7.63,99,100,100,0.079,-3.39,78,0,8.04,-0.347,0.891,-1.29,87,0,179.44,-9.58,10,0.00,,,,,,,,,32.96,14.6,-30,-30,,0,-235,582,0,0,667,0,0,1,-1,0,1,-1,-1,-1,-1,-1,-1,0,0,
2026-04-02,18:39:47.320,7.63,99,100,100,-0.055,-3.74,77,0,8.05,-0.339,0.983,-1.32,85,0,179.64,-10.27,10,0.00,,,,,,,,,32.64,26.7,-30,-30,,63,-239,586,0,0,666,0,0,1,-1,0,1,-1,-1,-1,-1,-1,-1,0,0,
2026-04-02,18:39:47.580,7.63,99,100,100,-0.005,-4.04,77,0,8.06,-0.241,0.989,-1.18,83,0,-171.32,-12.24,10,0.00,,,,,,,,,32.64,26.7,-30,-30,,0,-249,633,0,0,666,0,0,1,-1,0,1,-1,-1,-1,-1,-1,-1,0,0,
2026-04-02,18:39:47.840,7.63,100,100,100,-0.021,-4.08,78,0,8.05,-0.406,0.886,-0.59,81,0,-179.85,-13.92,10,0.00,,,,,,,,,32.32,30.8,-30,-30,,8,-209,676,0,0,666,0,0,1,-1,0,1,-1,-1,-1,-1,-1,-1,0,0,
2026-04-02,18:39:48.100,7.63,100,100,100,-0.021,-4.20,78,0,8.06,-0.342,0.958,-0.35,80,0,-179.65,-15.25,10,0.00,,,,,,,,,32.32,30.8,-30,-30,,75,-57,682,0,0,667,0,0,1,-1,0,1,-1,-1,-1,-1,-1,-1,0,0,
2026-04-02,18:39:48.370,7.63,99,100,100,-0.048,-4.49,72,0,8.07,-0.291,1.071,-0.77,74,0,-179.65,-15.43,10,0.00,,,,,,,,,32.01,30.8,-30,-30,,119,-184,701,0,0,666,0,0,1,-1,0,1,-1,-1,-1,-1,-1,-1,0,0,
2026-04-02,18:39:48.640,7.63,98,100,100,0.025,-4.54,69,0,8.07,-0.341,0.909,-0.15,68,0,-179.80,-16.76,10,0.00,,,,,,,,,32.01,42.3,-30,-30,,211,-222,715,0,0,666,0,0,1,-1,0,1,-1,-1,-1,-1,-1,-1,0,0,
2026-04-02,18:39:48.910,7.63,96,100,100,0.058,-4.44,70,0,8.07,-0.337,0.921,0.08,68,0,-179.54,-17.31,10,0.00,,,,,,,,,31.73,42.3,-30,-30,,285,-223,719,151,0,667,0,0,1,-1,0,1,-1,-1,-1,-1,-1,-1,0,0,
2026-04-02,18:39:49.170,7.62,97,99,99,-0.009,-4.50,71,0,8.05,-0.371,1.049,0.05,67,0,-179.59,-18.01,10,0.00,,,,,,,,,31.48,44.2,-30,-30,,297,-283,720,194,0,667,0,0,1,-1,0,1,-1,-1,-1,-1,-1,-1,0,0,
2026-04-02,18:39:49.440,7.63,98,99,99,-0.042,-4.53,69,0,8.06,-0.332,1.062,-0.09,67,0,-179.31,-18.66,10,0.00,,,,,,,,,31.48,44.2,-30,-30,,276,-285,720,0,0,666,0,0,1,-1,0,1,-1,-1,-1,-1,-1,-1,0,0,
2026-04-02,18:39:49.700,7.63,99,99,99,-0.070,-4.61,69,0,8.07,-0.346,1.074,-0.18,67,0,-179.03,-19.73,10,0.00,,,,,,,,,31.27,44.6,-30,-30,,265,-290,719,118,0,666,0,0,1,-1,0,1,-1,-1,-1,-1,-1,-1,0,0,
2026-04-02,18:39:49.960,7.62,98,99,99,-0.070,-4.69,67,0,8.07,-0.318,0.885,-0.26,63,0,-179.23,-19.90,10,0.00,,,,,,,,,31.27,44.6,-30,-30,,249,-304,718,106,0,666,0,0,1,-1,0,1,-1,-1,-1,-1,-1,-1,0,0,
2026-04-02,18:39:50.220,7.63,97,99,99,0.014,-4.74,67,0,8.07,-0.321,0.862,-0.22,62,0,-178.76,-20.31,10,0.00,,,,,,,,,31.09,44.7,-30,-30,,259,-337,718,107,0,666,0,0,1,-1,0,1,-1,-1,-1,-1,-1,-1,0,0,
2026-04-02,18:39:50.480,7.63,97,99,99,0.001,-4.74,67,0,8.07,-0.312,0.979,-0.08,59,0,-178.60,-20.01,10,0.00,,,,,,,,,31.09,44.7,-30,-30,,235,-402,718,102,0,666,0,0,1,-1,0,1,-1,-1,-1,-1,-1,-1,0,0,
2026-04-02,18:39:50.740,7.63,99,99,99,-0.048,-4.74,67,0,8.05,-0.322,0.845,0.03,58,0,-178.66,-20.86,10,0.00,,,,,,,,,30.95,43.6,-30,-30,,150,-433,714,65,0,667,0,0,1,-1,0,1,-1,-1,-1,-1,-1,-1,0,0,
2026-04-02,18:39:51.010,7.63,100,100,99,-0.028,-4.77,67,0,8.04,-0.323,0.882,-0.14,56,0,-179.25,-20.65,10,0.00,,,,,,,,,30.95,43.6,-30,-30,,130,-482,714,29,0,666,0,0,1,-1,0,1,-1,-1,-1,-1,-1,-1,0,0,
2026-04-02,18:39:51.270,7.63,100,100,99,-0.038,-4.60,65,0,8.05,-0.311,1.092,0.26,54,0,-179.56,-20.47,10,0.00,,,,,,,,,30.82,43.3,-30,-30,,185,-515,714,62,0,667,0,0,1,-1,0,1,-1,-1,-1,-1,-1,-1,0,0,
2026-04-02,18:39:51.540,7.63,100,100,99,-0.008,-4.63,64,0,8.06,-0.318,1.008,0.22,53,0,-179.52,-21.28,10,0.00,,,,,,,,,30.82,43.3,-30,-30,,188,-443,716,52,0,667,0,0,1,-1,0,1,-1,-1,-1,-1,-1,-1,0,0,
2026-04-02,18:39:51.800,7.63,100,100,99,-0.018,-4.57,61,0,8.07,-0.308,0.866,0.07,52,0,-179.55,-21.32,10,0.00,,,,,,,,,30.71,43.3,-30,-30,,151,-550,771,57,0,666,0,0,1,-1,0,1,-1,-1,-1,-1,-1,-1,0,0,
2026-04-02,18:39:52.060,7.63,99,99,99,0.021,-4.72,60,0,8.04,-0.339,0.846,-0.13,49,0,-179.78,-20.95,10,0.00,,,,,,,,,30.71,43.3,-30,-30,,150,-651,779,57,0,667,0,0,1,-1,0,1,-1,-1,-1,-1,-1,-1,0,0,
2026-04-02,18:39:52.330,7.63,98,98,98,0.029,-4.74,57,0,8.04,-0.385,1.043,-0.20,46,0,-179.50,-24.93,10,0.00,,,,,,,,,30.58,51.1,-30,-30,,156,-480,790,0,0,667,0,0,1,-1,0,1,-1,-1,-1,-1,-1,-1,0,0,
2026-04-02,18:39:52.590,7.63,95,98,98,0.067,-4.55,55,0,8.05,-0.466,0.961,0.20,46,0,-179.17,-28.52,10,0.00,,,,,,,,,30.58,51.1,-30,-30,,156,-345,790,48,0,666,0,0,1,-1,0,1,-1,-1,-1,-1,-1,-1,0,0,
2026-04-02,18:39:52.860,7.63,94,98,98,0.064,-4.06,53,0,8.04,-0.426,0.862,1.03,49,0,178.26,-28.62,10,0.00,,,,,,,,,30.45,52.4,-30,-30,,164,-417,790,247,0,666,0,0,1,-1,0,1,-1,-1,-1,-1,-1,-1,0,0,
2026-04-02,18:39:53.130,7.63,93,99,99,0.058,-3.61,52,0,8.03,-0.418,0.868,1.49,50,0,179.04,-27.72,10,0.00,,,,,,,,,30.45,52.4,-30,-30,,179,-483,790,235,0,666,0,0,1,-1,0,1,-1,-1,-1,-1,-1,-1,0,0,
2026-04-02,18:39:53.390,7.63,95,99,99,0.064,-3.48,53,0,8.05,-0.427,0.976,0.90,50,0,-176.25,-27.97,10,0.00,,,,,,,,,30.35,52.3,-30,-30,,162,-467,790,32,0,667,0,0,1,-1,0,1,-1,-1,-1,-1,-1,-1,0,0,
2026-04-02,18:39:53.650,7.63,96,99,99,0.068,-3.16,53,0,8.06,-0.420,1.011,0.94,50,0,-134.33,-28.99,10,0.00,,,,,,,,,30.35,51.8,-30,-30,,114,-365,792,-31,0,666,0,0,1,-1,0,1,-1,-1,-1,-1,-1,-1,0,0,
2026-04-02,18:39:53.910,7.63,96,99,99,0.056,-2.75,52,0,8.07,-0.403,0.977,1.23,47,0,174.52,-28.95,10,0.00,,,,,,,,,30.26,51.8,-30,-30,,66,-487,835,26,0,667,0,0,1,-1,0,1,-1,-1,-1,-1,-1,-1,0,0,
2026-04-02,18:39:54.170,7.63,97,99,99,0.041,-2.63,53,0,8.01,-0.414,1.065,0.91,44,0,173.42,-28.56,10,0.00,,,,,,,,,30.14,54.8,-30,-30,,59,-522,851,24,0,667,0,0,1,-1,0,1,-1,-1,-1,-1,-1,-1,0,0,
2026-04-02,18:39:54.430,7.62,98,98,97,0.041,-2.54,53,0,7.99,-0.437,1.166,0.44,39,0,174.23,-30.58,10,0.00,,,,,,,,,30.14,54.8,-30,-30,,62,-475,851,0,0,666,0,0,1,-1,0,1,-1,-1,-1,-1,-1,-1,0,0,
2026-04-02,18:39:54.700,7.63,100,100,94,0.051,-2.20,53,0,8.04,-0.441,1.166,0.76,37,0,173.91,-34.36,10,0.00,,,,,,,,,30.04,59.0,-30,-30,,65,-291,851,-26,0,666,0,0,1,-1,0,1,-1,-1,-1,-1,-1,-1,0,0,
2026-04-02,18:39:54.960,7.62,100,100,94,0.048,-2.20,53,0,8.05,-0.386,1.040,0.76,41,0,171.42,-34.18,10,0.00,,,,,,,,,30.04,59.0,-30,-30,,49,-359,850,0,0,666,0,0,1,-1,0,1,-1,-1,-1,-1,-1,-1,0,0,
2026-04-02,18:39:55.230,7.63,100,100,94,0.041,-1.44,54,0,8.00,-0.378,0.955,1.29,45,0,167.02,-31.56,10,0.00,,,,,,,,,29.96,58.8,-30,-30,,38,-443,849,0,0,667,0,0,1,-1,0,1,-1,-1,-1,-1,-1,-1,0,0,
2026-04-02,18:39:55.500,7.63,100,100,94,0.039,-1.20,55,0,7.98,-0.399,1.096,1.01,49,0,164.87,-32.19,10,0.00,,,,,,,,,29.96,58.8,-30,-30,,35,-461,850,0,0,666,0,0,1,-1,0,1,-1,-1,-1,-1,-1,-1,0,0,
2026-04-02,18:39:55.760,7.62,98,98,94,0.036,0.05,53,0,8.00,-0.407,1.096,1.33,53,0,162.72,-33.92,10,0.00,,,,,,,,,29.88,59.0,-30,-30,,32,-457,851,8,0,666,0,0,1,-1,0,1,-1,-1,-1,-1,-1,-1,0,0,
2026-04-02,18:39:56.030,7.62,97,97,94,0.027,0.81,52,0,8.04,-0.406,1.155,2.49,55,0,159.22,-36.19,10,0.00,,,,,,,,,29.88,59.0,-30,-30,,34,-452,849,44,0,666,0,0,1,-1,0,1,-1,-1,-1,-1,-1,-1,0,0,
2026-04-02,18:39:56.290,7.63,97,97,95,0.035,1.62,53,0,8.06,-0.402,1.151,2.63,58,0,157.73,-37.00,10,0.00,,,,,,,,,29.82,58.8,-30,-30,,38,-349,849,124,0,667,0,0,1,-1,0,1,-1,-1,-1,-1,-1,-1,0,0,
2026-04-02,18:39:56.550,7.63,99,99,95,0.035,2.51,53,0,8.02,-0.388,1.055,2.93,59,0,154.65,-37.20,10,0.00,,,,,,,,,29.82,58.8,-30,-30,,42,-389,848,84,0,666,0,0,1,-1,0,1,-1,-1,-1,-1,-1,-1,0,0,
2026-04-02,18:39:56.820,7.63,100,100,95,0.034,3.25,53,0,8.02,-0.375,1.033,2.75,60,0,153.96,-35.69,10,0.00,,,,,,,,,29.78,58.2,-30,-30,,39,-398,847,62,0,667,0,0,1,-1,0,1,-1,-1,-1,-1,-1,-1,0,0,
2026-04-02,18:39:57.080,7.62,97,97,95,0.033,3.89,50,0,8.00,-0.376,1.081,2.42,57,0,152.26,-35.70,10,0.00,,,,,,,,,29.78,58.2,-30,-30,,37,-482,847,146,0,666,0,0,1,-1,0,1,-1,-1,-1,-1,-1,-1,0,0,
2026-04-02,18:39:57.350,7.63,95,95,95,0.031,4.82,49,0,7.98,-0.389,1.156,2.74,51,0,147.40,-37.04,10,0.00,,,,,,,,,29.74,57.8,-30,-30,,49,-511,847,168,0,667,0,0,1,-1,0,1,-1,-1,-1,-1,-1,-1,0,0,
2026-04-02,18:39:57.610,7.63,88,94,94,0.026,5.82,44,0,7.98,-0.396,1.187,3.27,48,0,147.40,-37.04,10,0.00,,,,,,,,,29.74,57.8,-30,-30,,48,-516,847,170,0,666,0,0,1,-1,0,1,-1,-1,-1,-1,-1,-1,0,0,
2026-04-02,18:39:57.880,7.63,84,92,92,0.032,5.82,41,0,8.00,-0.402,1.180,3.50,47,0,147.40,-37.04,10,0.00,,,,,,,,,29.70,57.6,-30,-30,,48,-480,846,157,0,666,0,0,1,-1,0,1,-1,-1,-1,-1,-1,-1,0,0,
2026-04-02,18:39:58.160,7.63,84,92,92,0.038,8.02,41,0,8.00,-0.401,1.155,3.71,51,0,139.35,-38.89,10,0.00,,,,,,,,,29.67,57.6,-30,-30,,49,-488,846,184,0,666,0,0,1,-1,0,1,-1,-1,-1,-1,-1,-1,0,0,
2026-04-02,18:39:58.430,7.63,94,95,95,0.031,9.08,46,0,8.01,-0.399,1.146,3.82,58,0,137.05,-38.67,10,0.00,,,,,,,,,29.67,57.6,-30,-30,,56,-439,849,200,0,666,0,0,1,-1,0,1,-1,-1,-1,-1,-1,-1,0,0,
2026-04-02,18:39:58.700,7.63,98,98,97,0.033,10.07,49,0,8.03,-0.399,1.113,3.56,64,0,134.10,-37.72,10,0.00,,,,,,,,,29.64,58.0,-30,-30,,53,-474,848,198,0,666,0,0,1,-1,0,1,-1,-1,-1,-1,-1,-1,0,0,
2026-04-02,18:39:58.960,7.63,100,100,97,0.041,11.10,51,0,8.01,-0.396,1.097,3.57,65,0,132.90,-36.79,10,0.00,,,,,,,,,29.64,58.0,-30,-30,,41,-518,847,142,0,666,0,0,1,-1,0,1,-1,-1,-1,-1,-1,-1,0,0,
2026-04-02,18:39:59.220,7.63,100,100,97,0.041,13.06,52,0,7.99,-0.400,1.153,3.49,65,0,128.58,-35.43,10,0.00,,,,,,,,,29.61,58.0,-30,-30,,30,-538,848,169,0,666,0,0,1,-1,0,1,-1,-1,-1,-1,-1,-1,0,0,
2026-04-02,18:39:59.480,7.63,100,100,97,0.034,13.93,53,0,7.98,-0.407,1.200,3.24,65,0,122.69,-34.25,10,0.00,,,,,,,,,29.61,58.0,-30,-30,,24,-544,846,184,0,667,0,0,1,-1,0,1,-1,-1,-1,-1,-1,-1,0,0,
2026-04-02,18:39:59.740,7.63,99,99,97,0.028,14.80,53,0,7.97,-0.406,1.190,3.02,63,0,120.52,-33.33,10,0.00,,,,,,,,,29.60,57.7,-30,-30,,0,-564,791,236,0,667,0,0,1,-1,0,1,-1,-1,-1,-1,-1,-1,0,0,
2026-04-02,18:40:00.010,7.62,99,99,97,0.028,15.87,53,0,7.97,-0.384,1.199,3.37,64,0,118.37,-30.66,10,0.00,,,,,,,,,29.60,57.7,-30,-30,,0,-591,777,272,0,666,0,0,1,-1,0,1,-1,-1,-1,-1,-1,-1,0,0,
2026-04-02,18:40:00.280,7.62,98,98,97,0.031,16.86,53,0,7.97,-0.380,1.212,3.50,63,0,117.29,-28.98,10,0.00,,,,,,,,,29.63,49.8,-30,-30,,0,-587,713,261,0,666,0,0,1,-1,0,1,-1,-1,-1,-1,-1,-1,0,0,
2026-04-02,18:40:00.550,7.62,99,99,97,0.038,17.74,53,0,8.00,-0.355,1.171,3.26,61,0,113.38,-24.91,10,0.00,,,,,,,,,29.63,49.8,-30,-30,,0,-590,699,322,0,666,0,0,1,-1,0,1,-1,-1,-1,-1,-1,-1,0,0,
2026-04-02,18:40:00.820,7.63,99,99,97,0.032,18.52,54,0,7.98,-0.343,1.148,2.94,62,0,109.14,-20.15,10,0.00,,,,,,,,,29.71,41.5,-30,-30,,1,-622,698,408,0,667,0,0,1,-1,0,1,-1,-1,-1,-1,-1,-1,0,0,
2026-04-02,18:40:01.080,7.63,100,100,97,0.024,19.35,54,0,8.01,-0.342,1.152,2.89,63,0,108.47,-17.62,10,0.00,,,,,,,,,29.71,41.5,-30,-30,,0,-639,696,422,0,666,0,0,1,-1,0,1,-1,-1,-1,-1,-1,-1,0,0,
2026-04-02,18:40:01.350,7.62,100,100,97,0.026,19.96,56,0,7.99,-0.328,1.150,2.54,65,0,109.26,-12.61,10,0.00,,,,,,,,,29.77,40.5,-30,-30,,49,-618,671,578,0,667,0,0,1,-1,0,1,-1,-1,-1,-1,-1,-1,0,0,
2026-04-02,18:40:01.620,7.63,100,100,98,0.032,20.33,56,0,8.02,-0.308,1.122,1.79,66,0,112.29,-7.43,10,0.00,,,,,,,,,29.77,40.5,-30,-30,,93,-651,672,606,0,666,0,0,1,-1,0,1,-1,-1,-1,-1,-1,-1,0,0,
2026-04-02,18:40:01.880,7.63,100,100,100,0.023,20.63,55,0,7.99,-0.291,1.060,1.30,68,0,114.64,-4.86,10,0.00,,,,,,,,,29.85,37.4,-30,-30,,100,-682,672,664,0,666,0,0,1,-1,0,1,-1,-1,-1,-1,-1,-1,0,0,
2026-04-02,18:40:02.160,7.63,100,100,100,0.022,20.31,54,0,8.00,-0.294,1.130,-0.47,70,0,120.18,-1.72,10,0.00,,,,,,,,,29.91,37.5,-30,-30,,108,-653,672,721,0,666,0,0,1,-1,0,1,-1,-1,-1,-1,-1,-1,0,0,
2026-04-02,18:40:02.430,7.62,100,100,100,0.026,20.10,53,0,8.04,-0.291,1.127,-0.65,72,0,123.65,-0.69,10,0.00,,,,,,,,,29.91,37.5,-30,-30,,110,-670,673,700,0,667,0,0,1,-1,0,1,-1,-1,-1,-1,-1,-1,0,0,
2026-04-02,18:40:02.690,7.62,100,100,100,0.020,19.74,53,0,8.06,-0.266,1.104,-0.92,72,0,132.64,1.30,10,0.00,,,,,,,,,29.96,37.6,-30,-30,,104,-666,673,683,0,667,0,0,1,-1,0,1,-1,-1,-1,-1,-1,-1,0,0,
2026-04-02,18:40:02.960,7.62,100,100,100,0.020,19.27,51,0,8.06,-0.262,1.139,-1.39,73,0,141.62,1.42,10,0.00,,,,,,,,,29.96,37.6,-30,-30,,101,-678,673,538,0,666,0,0,1,-1,0,1,-1,-1,-1,-1,-1,-1,0,0,
2026-04-02,18:40:03.220,7.63,100,100,100,0.014,18.68,51,0,8.05,-0.277,1.222,-1.73,72,0,145.56,0.79,10,0.00,,,,,,,,,30.01,38.5,-30,-30,,91,-568,673,217,0,667,0,0,1,-1,0,1,-1,-1,-1,-1,-1,-1,0,0,
2026-04-02,18:40:03.490,7.62,100,100,100,0.009,18.07,51,0,8.06,-0.300,1.329,-2.06,70,0,147.02,-2.76,10,0.00,,,,,,,,,30.01,38.5,-30,-30,,86,-457,672,99,0,666,0,0,1,-1,0,1,-1,-1,-1,-1,-1,-1,0,0,
2026-04-02,18:40:03.750,7.62,99,100,100,0.000,17.73,51,0,8.07,-0.287,1.268,-1.58,71,0,146.45,-3.81,10,0.00,,,,,,,,,30.05,37.2,-30,-30,,95,-399,671,121,0,666,0,0,1,-1,0,1,-1,-1,-1,-1,-1,-1,0,0,
2026-04-02,18:40:04.020,7.63,99,100,100,-0.008,17.43,50,0,8.05,-0.251,1.169,-1.19,70,0,149.11,-3.76,10,0.00,,,,,,,,,30.05,37.2,-30,-30,,107,-512,672,260,0,666,0,0,1,-1,0,1,-1,-1,-1,-1,-1,-1,0,0,
2026-04-02,18:40:04.280,7.62,94,100,100,0.005,17.07,50,0,8.06,-0.277,1.242,-1.24,66,0,153.36,-4.31,10,0.00,,,,,,,,,30.05,37.3,-30,-30,,115,-343,671,131,0,666,0,0,1,-1,0,1,-1,-1,-1,-1,-1,-1,0,0,
2026-04-02,18:40:04.550,7.63,95,100,100,0.023,17.04,49,0,8.07,-0.265,1.168,-0.75,66,0,158.86,-6.12,10,0.00,,,,,,,,,30.05,37.3,-30,-30,,117,-252,671,46,0,667,0,0,1,-1,0,1,-1,-1,-1,-1,-1,-1,0,0,
2026-04-02,18:40:04.810,7.63,95,100,100,0.019,17.29,51,0,8.07,-0.217,0.925,0.29,66,0,156.56,-4.27,10,0.00,,,,,,,,,30.08,37.5,-30,-30,,115,-267,672,72,0,667,0,0,1,-1,0,1,-1,-1,-1,-1,-1,-1,0,0,
2026-04-02,18:40:05.070,7.63,100,100,100,0.006,17.35,53,0,8.07,-0.215,0.940,0.11,66,0,157.85,-4.79,10,0.00,,,,,,,,,30.08,37.5,-30,-30,,118,-286,673,181,0,666,0,0,1,-1,0,1,-1,-1,-1,-1,-1,-1,0,0,
2026-04-02,18:40:05.330,7.63,100,100,100,-0.005,17.68,57,0,8.07,-0.235,1.036,0.68,63,0,164.96,-7.00,10,0.00,,,,,,,,,30.10,37.1,-30,-30,,123,-290,672,211,0,666,0,0,1,-1,0,1,-1,-1,-1,-1,-1,-1,0,0,
2026-04-02,18:40:05.590,7.62,99,100,100,0.000,17.92,58,0,8.07,-0.231,1.000,0.85,61,0,170.09,-7.49,10,0.00,,,,,,,,,30.10,37.1,-30,-30,,122,-269,672,202,0,667,0,0,1,-1,0,1,-1,-1,-1,-1,-1,-1,0,0,
2026-04-02,18:40:05.850,7.63,99,100,100,0.012,18.17,60,0,8.07,-0.225,0.980,0.83,53,0,178.56,-8.13,10,0.00,,,,,,,,,30.13,37.5,-30,-30,,120,-270,672,163,0,666,0,0,1,-1,0,1,-1,-1,-1,-1,-1,-1,0,0,
2026-04-02,18:40:06.120,7.63,99,99,99,0.015,18.59,62,0,8.07,-0.223,0.968,1.17,47,0,-178.38,-8.67,10,0.00,,,,,,,,,30.13,37.0,-30,-30,,115,-275,674,0,0,666,0,0,1,-1,0,1,-1,-1,-1,-1,-1,-1,0,0,
2026-04-02,18:40:06.380,7.63,100,100,99,0.015,18.95,62,0,8.07,-0.220,0.978,1.31,46,0,-178.83,-9.29,10,0.00,,,,,,,,,30.15,37.0,-30,-30,,107,-256,673,0,0,666,0,0,1,-1,0,1,-1,-1,-1,-1,-1,-1,0,0,
2026-04-02,18:40:06.650,7.63,100,100,99,-0.001,19.30,60,0,8.07,-0.217,0.991,1.14,52,0,-178.42,-10.27,10,0.00,,,,,,,,,30.16,37.4,-30,-30,,109,-248,669,151,0,666,0,0,1,-1,0,1,-1,-1,-1,-1,-1,-1,0,0,
2026-04-02,18:40:06.920,7.63,100,100,99,0.000,19.75,57,0,8.05,-0.208,0.985,1.46,57,0,-176.65,-10.19,10,0.00,,,,,,,,,30.16,37.4,-30,-30,,160,-296,596,238,0,666,0,0,1,-1,0,1,-1,-1,-1,-1,-1,-1,0,0,
2026-04-02,18:40:07.190,7.63,99,99,99,0.000,20.21,55,0,8.06,-0.192,1.006,1.49,60,0,-168.68,-10.11,10,0.00,,,,,,,,,30.22,30.8,-30,-30,,163,-326,595,221,0,666,0,0,1,-1,0,1,-1,-1,-1,-1,-1,-1,0,0,
2026-04-02,18:40:07.450,7.63,99,99,99,0.014,20.79,56,0,8.07,-0.186,0.995,1.80,62,0,-164.24,-10.20,10,0.00,,,,,,,,,30.22,30.8,-30,-30,,153,-348,596,167,0,667,0,0,1,-1,0,1,-1,-1,-1,-1,-1,-1,0,0,
2026-04-02,18:40:07.730,7.62,98,99,99,0.022,21.64,56,0,8.07,-0.190,1.001,1.43,65,0,-164.33,-10.54,10,0.00,,,,,,,,,30.26,30.6,-30,-30,,125,-361,654,127,0,666,0,0,1,-1,0,1,-1,-1,-1,-1,-1,-1,0,0,
2026-04-02,18:40:07.990,7.62,98,99,99,0.017,22.04,57,0,8.07,-0.222,1.077,1.44,66,0,-165.27,-11.02,10,0.00,,,,,,,,,30.26,30.6,-30,-30,,112,-381,701,163,0,667,0,0,1,-1,0,1,-1,-1,-1,-1,-1,-1,0,0,
2026-04-02,18:40:08.250,7.63,96,99,99,0.014,22.32,58,0,8.07,-0.235,1.108,1.15,70,0,-163.61,-11.22,10,0.00,,,,,,,,,30.23,39.2,-30,-30,,120,-450,709,246,0,667,0,0,1,-1,0,1,-1,-1,-1,-1,-1,-1,0,0,
2026-04-02,18:40:08.510,7.62,97,99,99,0.020,22.64,59,0,8.07,-0.254,1.173,1.08,69,0,-156.40,-12.46,10,0.00,,,,,,,,,30.23,39.2,-30,-30,,123,-472,706,187,0,667,0,0,1,-1,0,1,-1,-1,-1,-1,-1,-1,0,0,
2026-04-02,18:40:08.770,7.63,98,98,98,0.030,22.98,61,0,8.07,-0.256,1.204,1.21,60,0,-153.78,-13.64,10,0.00,,,,,,,,,30.21,40.7,-30,-30,,118,-469,703,183,0,667,0,0,1,-1,0,1,-1,-1,-1,-1,-1,-1,0,0,
2026-04-02,18:40:09.040,7.63,100,100,98,0.040,23.43,61,0,8.07,-0.256,1.189,1.34,61,0,-154.62,-15.13,10,0.00,,,,,,,,,30.21,40.7,-30,-30,,116,-478,703,238,0,667,0,0,1,-1,0,1,-1,-1,-1,-1,-1,-1,0,0,
2026-04-02,18:40:09.300,7.63,100,100,98,0.028,23.95,62,0,8.07,-0.258,1.195,1.64,65,0,-153.23,-16.05,10,0.00,,,,,,,,,30.19,40.3,-30,-30,,136,-490,702,234,0,666,0,0,1,-1,0,1,-1,-1,-1,-1,-1,-1,0,0,
2026-04-02,18:40:09.570,7.63,100,100,98,0.028,24.41,62,0,8.07,-0.264,1.192,1.61,69,0,-150.84,-16.59,10,0.00,,,,,,,,,30.19,40.3,-30,-30,,224,-534,702,130,0,667,0,0,1,-1,0,1,-1,-1,-1,-1,-1,-1,0,0,
2026-04-02,18:40:09.840,7.63,99,99,98,0.025,25.04,62,0,8.04,-0.272,1.224,1.91,70,0,-148.36,-17.87,10,0.00,,,,,,,,,30.17,40.3,-30,-30,,239,-565,702,39,0,666,0,0,1,-1,0,1,-1,-1,-1,-1,-1,-1,0,0,
2026-04-02,18:40:10.110,7.63,98,99,99,0.008,25.63,62,0,8.04,-0.291,1.338,1.98,69,0,-147.79,-19.42,10,0.00,,,,,,,,,30.17,40.3,-30,-30,,230,-560,702,40,0,666,0,0,1,-1,0,1,-1,-1,-1,-1,-1,-1,0,0,
2026-04-02,18:40:10.370,7.63,98,99,99,-0.001,26.30,62,0,8.05,-0.295,1.323,2.18,71,0,-145.21,-19.80,10,0.00,,,,,,,,,30.15,40.4,-30,-30,,214,-508,702,81,0,667,0,0,1,-1,0,1,-1,-1,-1,-1,-1,-1,0,0,
2026-04-02,18:40:10.640,7.62,100,100,99,0.010,27.83,60,0,8.06,-0.302,1.244,2.67,71,0,-137.68,-19.69,10,0.00,,,,,,,,,30.15,40.6,-30,-30,,206,-499,696,104,0,667,0,0,1,-1,0,1,-1,-1,-1,-1,-1,-1,0,0,
2026-04-02,18:40:10.900,7.62,98,99,99,0.021,28.60,56,0,8.07,-0.283,1.181,2.65,69,0,-134.99,-19.27,10,0.00,,,,,,,,,30.14,40.6,-30,-30,,185,-552,675,0,0,666,0,0,1,-1,0,1,-1,-1,-1,-1,-1,-1,0,0,
2026-04-02,18:40:11.170,7.63,97,99,99,0.026,29.24,56,0,8.02,-0.282,1.218,2.40,66,0,-132.54,-18.65,10,0.00,,,,,,,,,30.14,38.1,-30,-30,,163,-568,671,0,0,666,0,0,1,-1,0,1,-1,-1,-1,-1,-1,-1,0,0,
2026-04-02,18:40:11.430,7.63,97,99,99,0.024,29.97,56,0,8.05,-0.293,1.276,2.44,59,0,-132.93,-18.42,10,0.00,,,,,,,,,30.14,38.1,-30,-30,,146,-571,672,0,0,667,0,0,1,-1,0,1,-1,-1,-1,-1,-1,-1,0,0,
2026-04-02,18:40:11.690,7.63,99,99,99,0.018,30.69,56,0,8.06,-0.293,1.260,2.49,60,0,-131.96,-17.50,10,0.00,,,,,,,,,30.14,38.1,-30,-30,,126,-515,672,0,0,666,0,0,1,-1,0,1,-1,-1,-1,-1,-1,-1,0,0,
2026-04-02,18:40:11.950,7.63,99,99,99,0.026,31.35,54,0,8.07,-0.294,1.190,2.41,63,0,-128.71,-16.46,10,0.00,,,,,,,,,30.14,38.1,-30,-30,,107,-504,673,0,0,666,0,0,1,-1,0,1,-1,-1,-1,-1,-1,-1,0,0,
2026-04-02,18:40:12.210,7.63,91,99,99,0.030,31.83,49,0,8.07,-0.290,1.168,2.02,62,0,-128.14,-15.80,10,0.00,,,,,,,,,30.13,37.5,-30,-30,,102,-507,672,0,0,667,0,0,1,-1,0,1,-1,-1,-1,-1,-1,-1,0,0,
2026-04-02,18:40:12.470,7.62,83,99,99,0.032,32.23,48,0,8.07,-0.280,1.127,2.02,62,0,-129.10,-14.69,10,0.00,,,,,,,,,30.13,37.5,-30,-30,,75,-491,673,-31,0,666,0,0,1,-1,0,1,-1,-1,-1,-1,-1,-1,0,0,
2026-04-02,18:40:12.740,7.63,77,100,99,0.042,32.58,45,0,8.07,-0.282,1.150,1.43,59,0,-130.12,-14.12,10,0.00,,,,,,,,,30.13,37.7,-30,-30,,71,-488,673,0,0,666,0,0,1,-1,0,1,-1,-1,-1,-1,-1,-1,0,0,
2026-04-02,18:40:13.020,7.63,76,100,100,0.041,32.85,43,0,8.04,-0.277,1.123,1.12,56,0,-133.09,-12.98,10,0.00,,,,,,,,,30.13,37.7,-30,-30,,74,-518,673,0,0,666,0,0,1,-1,0,1,-1,-1,-1,-1,-1,-1,0,0,
2026-04-02,18:40:13.290,7.63,74,100,100,0.032,33.06,41,0,8.03,-0.274,1.157,0.91,53,0,-134.45,-12.19,10,0.00,,,,,,,,,30.12,37.9,-30,-30,,65,-532,674,0,0,666,0,0,1,-1,0,1,-1,-1,-1,-1,-1,-1,0,0,
2026-04-02,18:40:13.550,7.62,73,100,100,0.035,33.19,40,0,8.03,-0.289,1.157,0.63,45,0,-134.91,-12.27,10,0.00,,,,,,,,,30.12,37.9,-30,-30,,62,-530,674,0,0,666,0,0,1,-1,0,1,-1,-1,-1,-1,-1,-1,0,0,
2026-04-02,18:40:13.820,7.63,81,100,100,0.033,33.41,41,0,8.05,-0.285,1.220,0.64,44,0,-137.75,-12.50,10,0.00,,,,,,,,,30.12,37.8,-30,-30,,63,-519,674,-12,0,666,0,0,1,-1,0,1,-1,-1,-1,-1,-1,-1,0,0,
2026-04-02,18:40:14.100,7.62,88,100,100,0.024,33.64,42,0,8.06,-0.288,1.225,0.42,45,0,-138.83,-12.69,10,0.00,,,,,,,,,30.12,37.8,-30,-30,,62,-521,673,0,0,666,0,0,1,-1,0,1,-1,-1,-1,-1,-1,-1,0,0,
2026-04-02,18:40:14.360,7.63,95,100,100,0.031,33.78,44,0,8.07,-0.293,1.247,0.38,42,0,-139.92,-13.39,10,0.00,,,,,,,,,30.11,37.8,-30,-30,,70,-588,672,0,0,666,0,0,1,-1,0,1,-1,-1,-1,-1,-1,-1,0,0,
2026-04-02,18:40:14.620,7.63,97,98,98,0.029,33.98,45,0,8.04,-0.295,1.309,0.64,40,0,-142.29,-14.66,10,0.00,,,,,,,,,30.11,37.6,-30,-30,,86,-598,672,63,0,666,0,0,1,-1,0,1,-1,-1,-1,-1,-1,-1,0,0,
2026-04-02,18:40:14.880,7.63,96,97,97,0.031,34.17,45,0,8.05,-0.299,1.304,0.64,42,0,-143.66,-15.83,10,0.00,,,,,,,,,30.11,37.6,-30,-30,,91,-604,671,119,0,666,0,0,1,-1,0,1,-1,-1,-1,-1,-1,-1,0,0,
2026-04-02,18:40:15.140,7.63,93,97,97,0.028,34.54,43,0,8.06,-0.315,1.280,0.97,43,0,-144.49,-17.98,10,0.00,,,,,,,,,30.11,37.6,-30,-30,,97,-514,672,236,0,666,0,0,1,-1,0,1,-1,-1,-1,-1,-1,-1,0,0,
2026-04-02,18:40:15.400,7.62,93,97,97,0.034,35.07,42,0,8.07,-0.308,1.219,1.42,46,0,-143.56,-18.30,10,0.00,,,,,,,,,30.10,37.6,-30,-30,,114,-532,672,246,0,667,0,0,1,-1,0,1,-1,-1,-1,-1,-1,-1,0,0,
2026-04-02,18:40:15.660,7.62,93,97,97,0.051,35.68,41,0,8.07,-0.291,1.120,1.89,47,0,-142.30,-18.29,10,0.00,,,,,,,,,30.09,37.8,-30,-30,,116,-511,672,281,0,666,0,0,1,-1,0,1,-1,-1,-1,-1,-1,-1,0,0,
2026-04-02,18:40:15.930,7.63,87,97,97,0.046,36.35,40,0,8.07,-0.294,1.122,2.07,49,0,-142.25,-19.00,10,0.00,,,,,,,,,30.09,37.8,-30,-30,,129,-456,673,299,0,666,0,0,1,-1,0,1,-1,-1,-1,-1,-1,-1,0,0,
2026-04-02,18:40:16.200,7.63,74,97,97,0.045,36.99,36,0,8.07,-0.294,1.122,2.24,52,0,-141.67,-18.41,10,0.00,,,,,,,,,30.09,37.6,-30,-30,,163,-461,672,393,0,666,0,0,1,-1,0,1,-1,-1,-1,-1,-1,-1,0,0,
2026-04-02,18:40:16.460,7.63,71,97,97,0.058,37.63,37,0,8.05,-0.281,0.965,2.17,53,0,-144.07,-17.48,10,0.00,,,,,,,,,30.09,37.6,-30,-30,,179,-459,674,363,0,667,0,0,1,-1,0,1,-1,-1,-1,-1,-1,-1,0,0,
2026-04-02,18:40:16.730,7.63,79,97,97,0.050,38.36,38,0,8.06,-0.276,0.965,2.43,54,0,-144.79,-16.74,10,0.00,,,,,,,,,30.08,38.1,-30,-30,,207,-536,673,247,0,667,0,0,1,-1,0,1,-1,-1,-1,-1,-1,-1,0,0,
2026-04-02,18:40:16.990,7.63,91,97,97,0.050,38.36,39,0,8.07,-0.296,1.055,2.46,54,0,-148.27,-17.02,10,0.00,,,,,,,,,30.08,38.1,-30,-30,,276,-553,673,181,0,666,0,0,1,-1,0,1,-1,-1,-1,-1,-1,-1,0,0,
2026-04-02,18:40:17.260,7.63,94,97,97,0.035,40.07,39,0,8.01,-0.315,1.152,2.95,54,0,-150.69,-17.52,10,0.00,,,,,,,,,30.07,37.9,-30,-30,,318,-579,673,142,0,667,0,0,1,-1,0,1,-1,-1,-1,-1,-1,-1,0,0,
2026-04-02,18:40:17.530,7.63,89,97,97,0.030,41.58,40,0,8.04,-0.329,1.187,2.61,54,0,-150.27,-17.86,10,0.00,,,,,,,,,30.07,37.9,-30,-30,,365,-547,674,215,0,666,0,0,1,-1,0,1,-1,-1,-1,-1,-1,-1,0,0,
2026-04-02,18:40:17.790,7.63,83,97,97,0.022,42.40,40,0,8.06,-0.334,1.136,2.74,57,0,-140.80,-17.05,10,0.00,,,,,,,,,30.05,38.3,-30,-30,,370,-616,674,152,0,666,0,0,1,-1,0,1,-1,-1,-1,-1,-1,-1,0,0,
2026-04-02,18:40:18.050,7.62,83,97,97,0.020,43.03,41,0,8.03,-0.329,1.153,2.53,57,0,-136.43,-16.29,10,0.00,,,,,,,,,30.05,38.3,-30,-30,,284,-681,672,70,0,666,0,0,1,-1,0,1,-1,-1,-1,-1,-1,-1,0,0,
2026-04-02,18:40:18.310,7.63,83,97,97,0.041,43.64,40,0,8.03,-0.348,1.213,2.18,55,0,-133.19,-15.90,10,0.00,,,,,,,,,30.03,38.6,-30,-30,,268,-711,672,51,0,666,0,0,1,-1,0,1,-1,-1,-1,-1,-1,-1,0,0,
2026-04-02,18:40:18.580,7.63,83,99,99,0.047,44.40,39,0,8.05,-0.351,1.228,2.42,55,0,-130.05,-15.45,10,0.00,,,,,,,,,30.03,38.6,-30,-30,,318,-706,673,52,0,667,0,0,1,-1,0,1,-1,-1,-1,-1,-1,-1,0,0,
2026-04-02,18:40:18.840,7.63,77,100,100,0.059,45.05,38,0,8.04,-0.365,1.238,2.42,58,0,-131.33,-15.54,10,0.00,,,,,,,,,30.02,38.1,-30,-30,,338,-694,674,50,0,667,0,0,1,-1,0,1,-1,-1,-1,-1,-1,-1,0,0,
2026-04-02,18:40:19.100,7.63,82,100,100,0.056,45.65,39,0,8.06,-0.362,1.229,2.22,60,0,-134.34,-15.57,10,0.00,,,,,,,,,30.02,38.1,-30,-30,,356,-647,675,33,0,666,0,0,1,-1,0,1,-1,-1,-1,-1,-1,-1,0,0,
2026-04-02,18:40:19.360,7.63,91,100,100,0.047,46.10,42,0,8.07,-0.361,1.213,1.85,61,0,-135.35,-15.41,10,0.00,,,,,,,,,30.01,38.1,-30,-30,,344,-608,674,26,0,666,0,0,1,-1,0,1,-1,-1,-1,-1,-1,-1,0,0,
2026-04-02,18:40:19.630,7.63,98,100,100,0.043,46.55,44,0,8.07,-0.352,1.198,1.63,63,0,-135.49,-15.19,10,0.00,,,,,,,,,30.01,38.1,-30,-30,,357,-628,674,67,0,667,0,0,1,-1,0,1,-1,-1,-1,-1,-1,-1,0,0,
2026-04-02,18:40:19.890,7.63,96,100,100,0.038,46.99,45,0,8.01,-0.350,1.174,1.58,65,0,-134.87,-14.24,10,0.00,,,,,,,,,30.00,38.4,-30,-30,,381,-658,673,86,0,666,0,0,1,-1,0,1,-1,-1,-1,-1,-1,-1,0,0,
2026-04-02,18:40:20.150,7.63,93,100,100,0.043,47.33,44,0,7.99,-0.347,1.192,1.40,66,0,-133.28,-13.35,10,0.00,,,,,,,,,29.99,38.4,-30,-30,,377,-679,673,70,0,667,0,0,1,-1,0,1,-1,-1,-1,-1,-1,-1,0,0,
2026-04-02,18:40:20.410,7.63,94,100,100,0.041,47.33,45,0,8.04,-0.359,1.236,1.04,67,0,-132.43,-13.03,10,0.00,,,,,,,,,29.99,38.4,-30,-30,,367,-598,671,103,0,667,0,0,1,-1,0,1,-1,-1,-1,-1,-1,-1,0,0,
2026-04-02,18:40:20.680,7.63,96,100,100,0.042,48.32,46,0,8.06,-0.356,1.187,1.21,68,0,-131.42,-12.28,10,0.00,,,,,,,,,29.99,38.2,-30,-30,,388,-523,606,211,0,666,0,0,1,-1,0,1,-1,-1,-1,-1,-1,-1,0,0,
2026-04-02,18:40:20.940,7.63,98,100,100,0.032,48.64,47,0,8.06,-0.299,1.043,1.14,68,0,-127.95,-9.40,10,0.00,,,,,,,,,29.99,38.2,-30,-30,,388,-594,598,148,0,666,0,0,1,-1,0,1,-1,-1,-1,-1,-1,-1,0,0,
2026-04-02,18:40:21.210,7.63,97,100,100,0.032,48.93,48,0,8.01,-0.285,1.047,1.09,68,0,-128.06,-8.10,10,0.00,,,,,,,,,30.01,31.4,-30,-30,,368,-616,596,83,0,667,0,0,1,-1,0,1,-1,-1,-1,-1,-1,-1,0,0,
2026-04-02,18:40:21.470,7.62,94,100,100,0.027,49.05,49,0,7.99,-0.287,1.125,0.71,68,0,-131.28,-6.75,10,0.00,,,,,,,,,30.01,31.4,-30,-30,,350,-645,594,60,0,666,0,0,1,-1,0,1,-1,-1,-1,-1,-1,-1,0,0,
2026-04-02,18:40:21.730,7.62,94,100,100,0.020,49.07,49,0,8.02,-0.295,1.161,0.38,68,0,-130.57,-5.41,10,0.00,,,,,,,,,30.04,31.0,-30,-30,,341,-653,594,36,0,667,0,0,1,-1,0,1,-1,-1,-1,-1,-1,-1,0,0,
2026-04-02,18:40:21.990,7.62,96,100,100,0.011,48.96,50,0,8.04,-0.295,1.225,-0.08,69,0,-125.56,-2.20,10,0.00,,,,,,,,,30.04,31.0,-30,-30,,308,-661,595,0,0,666,0,0,1,-1,0,1,-1,-1,-1,-1,-1,-1,0,0,
2026-04-02,18:40:22.260,7.63,99,100,100,0.021,48.71,51,0,8.02,-0.292,1.243,-0.46,69,0,-120.65,1.01,10,0.00,,,,,,,,,30.06,30.8,-30,-30,,191,-644,596,-109,0,666,0,0,1,-1,0,1,-1,-1,-1,-1,-1,-1,0,0,
2026-04-02,18:40:22.520,7.62,100,100,100,0.025,48.31,52,0,8.05,-0.286,1.241,-1.02,69,0,-120.29,2.52,10,0.00,,,,,,,,,30.06,30.8,-30,-30,,166,-640,598,-191,0,667,0,0,1,-1,0,1,-1,-1,-1,-1,-1,-1,0,0,
2026-04-02,18:40:22.780,7.63,99,100,100,0.020,47.75,53,0,8.06,-0.264,1.246,-1.51,70,0,-124.01,5.09,10,0.00,,,,,,,,,30.08,31.3,-30,-30,,154,-638,599,-197,0,666,0,0,1,-1,0,1,-1,-1,-1,-1,-1,-1,0,0,
2026-04-02,18:40:23.040,7.63,99,100,100,0.013,46.92,55,0,8.06,-0.259,1.286,-2.29,71,0,-126.48,5.94,10,0.00,,,,,,,,,30.08,31.3,-30,-30,,149,-621,600,-163,0,667,0,0,1,-1,0,1,-1,-1,-1,-1,-1,-1,0,0,
2026-04-02,18:40:23.310,7.63,99,100,100,0.000,45.90,56,0,8.07,-0.258,1.373,-3.76,72,0,-129.41,6.95,10,0.00,,,,,,,,,30.11,31.2,-30,-30,,160,-615,600,-177,0,666,0,0,1,-1,0,1,-1,-1,-1,-1,-1,-1,0,0,
2026-04-02,18:40:23.580,7.63,100,100,100,-0.005,43.34,57,0,8.07,-0.235,1.385,-4.22,70,0,-129.41,6.95,10,0.00,,,,,,,,,30.11,31.2,-30,-30,,131,-611,600,-201,0,666,0,0,1,-1,0,1,-1,-1,-1,-1,-1,-1,0,0,
2026-04-02,18:40:23.840,7.62,100,100,100,-0.004,41.97,58,0,8.07,-0.229,1.385,-4.63,68,0,-133.63,6.94,10,0.00,,,,,,,,,30.13,31.2,-30,-30,,70,-605,600,-231,0,666,0,0,1,-1,0,1,-1,-1,-1,-1,-1,-1,0,0,
2026-04-02,18:40:24.110,7.63,100,100,100,-0.022,40.62,60,0,8.07,-0.213,1.448,-4.67,68,0,-139.30,5.68,10,0.00,,,,,,,,,30.13,31.2,-30,-30,,85,-624,600,-212,0,666,0,0,1,-1,0,1,-1,-1,-1,-1,-1,-1,0,0,
2026-04-02,18:40:24.380,7.63,100,100,100,-0.025,39.27,61,0,8.04,-0.208,1.496,-4.64,66,0,-142.29,4.62,10,0.00,,,,,,,,,30.14,31.4,-30,-30,,96,-625,599,-181,0,667,0,0,1,-1,0,1,-1,-1,-1,-1,-1,-1,0,0,
2026-04-02,18:40:24.650,7.62,100,100,100,-0.034,37.92,61,0,8.06,-0.205,1.539,-4.68,63,0,-148.62,1.24,10,0.00,,,,,,,,,30.16,31.3,-30,-30,,104,-584,596,-131,0,666,0,0,1,-1,0,1,-1,-1,-1,-1,-1,-1,0,0,
2026-04-02,18:40:24.910,7.63,99,100,100,-0.038,36.60,62,0,8.06,-0.200,1.532,-4.68,61,0,-154.95,-2.75,10,0.00,,,,,,,,,30.16,31.3,-30,-30,,108,-471,596,-63,0,667,0,0,1,-1,0,1,-1,-1,-1,-1,-1,-1,0,0,
2026-04-02,18:40:25.170,7.62,99,100,100,-0.025,35.54,62,0,8.07,-0.192,1.361,-4.11,62,0,-156.52,-4.05,10,0.00,,,,,,,,,30.18,30.8,-30,-30,,112,-398,596,-20,0,666,0,0,1,-1,0,1,-1,-1,-1,-1,-1,-1,0,0,
2026-04-02,18:40:25.440,7.62,98,100,100,-0.015,34.47,61,0,8.07,-0.148,1.161,-3.82,65,0,-158.61,-4.05,10,0.00,,,,,,,,,30.18,30.8,-30,-30,,109,-420,596,-35,0,666,0,0,1,-1,0,1,-1,-1,-1,-1,-1,-1,0,0,
2026-04-02,18:40:25.700,7.62,99,100,100,-0.014,33.64,60,0,8.07,-0.150,1.199,-3.37,68,0,-159.68,-4.94,10,0.00,,,,,,,,,30.19,30.8,-30,-30,,107,-361,595,-47,0,666,0,0,1,-1,0,1,-1,-1,-1,-1,-1,-1,0,0,
2026-04-02,18:40:25.960,7.62,98,100,100,-0.022,33.05,59,0,8.07,-0.153,1.187,-2.63,69,0,-162.54,-6.84,10,0.00,,,,,,,,,30.19,30.8,-30,-30,,99,-325,595,-117,0,666,0,0,1,-1,0,1,-1,-1,-1,-1,-1,-1,0,0,
2026-04-02,18:40:26.220,7.62,99,100,100,-0.021,32.26,59,0,8.07,-0.138,1.126,-1.48,68,0,-164.04,-6.86,10,0.00,,,,,,,,,30.19,30.6,-30,-30,,105,-308,595,-89,0,666,0,0,1,-1,0,1,-1,-1,-1,-1,-1,-1,0,0,
2026-04-02,18:40:26.480,7.63,99,100,100,-0.027,32.02,58,0,8.07,-0.128,1.075,-1.10,69,0,-164.67,-7.67,10,0.00,,,,,,,,,30.19,30.6,-30,-30,,97,-167,593,-135,0,667,0,0,1,-1,0,1,-1,-1,-1,-1,-1,-1,0,0,
2026-04-02,18:40:26.750,7.63,100,100,100,-0.018,31.83,56,0,8.07,-0.103,0.960,-0.81,71,0,-166.24,-6.40,10,0.00,,,,,,,,,30.21,30.4,-30,-30,,58,-325,543,-27,0,666,0,0,1,-1,0,1,-1,-1,-1,-1,-1,-1,0,0,
2026-04-02,18:40:27.010,7.63,99,100,100,-0.026,31.54,56,0,8.03,-0.107,1.058,-0.91,69,0,-166.53,-7.16,10,0.00,,,,,,,,,30.21,30.4,-30,-30,,54,-329,525,-39,0,667,0,0,1,-1,0,1,-1,-1,-1,-1,-1,-1,0,0,
2026-04-02,18:40:27.280,7.63,98,100,100,-0.009,31.54,55,0,8.03,-0.112,1.073,-0.55,66,0,-168.78,-8.80,10,0.00,,,,,,,,,30.24,30.4,-30,-30,,51,-248,521,-116,0,666,0,0,1,-1,0,1,-1,-1,-1,-1,-1,-1,0,0,
2026-04-02,18:40:27.550,7.62,98,100,100,-0.012,31.54,55,0,8.05,-0.104,1.057,-0.15,66,0,-171.07,-9.05,10,0.00,,,,,,,,,30.24,30.4,-30,-30,,34,-219,513,-73,0,666,0,0,1,-1,0,1,-1,-1,-1,-1,-1,-1,0,0,
2026-04-02,18:40:27.810,7.62,99,100,100,-0.012,31.61,55,0,8.06,-0.092,0.942,0.17,70,0,-175.34,-8.05,10,0.00,,,,,,,,,30.29,25.0,-30,-30,,22,-170,508,0,0,667,0,0,1,-1,0,1,-1,-1,-1,-1,-1,-1,0,0,
2026-04-02,18:40:28.070,7.63,98,100,100,-0.006,31.54,55,0,8.07,-0.087,0.889,0.17,72,0,-175.89,-7.66,10,0.00,,,,,,,,,30.29,25.0,-30,-30,,0,-110,508,-24,0,666,0,0,1,-1,0,1,-1,-1,-1,-1,-1,-1,0,0,
2026-04-02,18:40:28.340,7.62,98,100,100,-0.011,31.38,55,0,8.07,-0.083,0.846,-0.30,71,0,-174.46,-6.31,10,0.00,,,,,,,,,30.32,22.4,-30,-30,,0,-171,502,-108,0,666,0,0,1,-1,0,1,-1,-1,-1,-1,-1,-1,0,0,
2026-04-02,18:40:28.600,7.62,98,100,100,-0.003,31.25,54,0,8.07,-0.080,0.911,-0.43,68,0,-175.62,-5.92,10,0.00,,,,,,,,,30.32,22.4,-30,-30,,0,-204,500,-167,0,666,0,0,1,-1,0,1,-1,-1,-1,-1,-1,-1,0,0,
2026-04-02,18:40:28.860,7.63,100,100,100,-0.002,31.06,54,0,8.04,-0.080,0.928,-0.56,66,0,-178.22,-6.10,10,0.00,,,,,,,,,30.35,22.9,-30,-30,,0,-291,500,-109,0,666,0,0,1,-1,0,1,-1,-1,-1,-1,-1,-1,0,0,
2026-04-02,18:40:29.130,7.63,98,100,100,-0.024,30.77,54,0,8.06,-0.096,1.031,-0.53,63,0,176.63,-7.04,10,0.00,,,,,,,,,30.35,23.5,-30,-30,,0,-281,499,-149,0,667,0,0,1,-1,0,1,-1,-1,-1,-1,-1,-1,0,0,
2026-04-02,18:40:29.390,7.63,96,100,100,-0.024,30.65,54,0,8.06,-0.096,1.056,-0.40,61,0,175.65,-7.77,10,0.00,,,,,,,,,30.37,23.5,-30,-30,,0,-175,497,-88,0,667,0,0,1,-1,0,1,-1,-1,-1,-1,-1,-1,0,0,
2026-04-02,18:40:29.660,7.63,96,100,100,-0.020,30.59,54,0,8.07,-0.088,0.967,-0.35,60,0,174.43,-8.02,10,0.00,,,,,,,,,30.39,24.8,-30,-30,,0,-57,495,0,0,666,0,0,1,-1,0,1,-1,-1,-1,-1,-1,-1,0,0,
2026-04-02,18:40:29.920,7.63,97,100,100,-0.003,30.30,54,0,8.07,-0.063,0.759,-0.57,60,0,176.57,-4.89,10,0.00,,,,,,,,,30.39,24.8,-30,-30,,0,-139,495,0,0,667,0,0,1,-1,0,1,-1,-1,-1,-1,-1,-1,0,0,
2026-04-02,18:40:30.180,7.62,99,100,100,0.000,29.81,54,0,8.05,-0.066,0.788,-1.28,60,0,177.17,-4.09,10,0.00,,,,,,,,,30.40,24.7,-30,-30,,0,-203,495,-19,0,666,0,0,1,-1,0,1,-1,-1,-1,-1,-1,-1,0,0,
2026-04-02,18:40:30.440,7.62,98,100,100,0.000,29.39,55,0,8.04,-0.073,0.888,-1.43,56,0,176.44,-4.25,10,0.00,,,,,,,,,30.40,24.7,-30,-30,,0,-236,496,-61,0,666,0,0,1,-1,0,1,-1,-1,-1,-1,-1,-1,0,0,
2026-04-02,18:40:30.710,7.62,98,100,100,-0.013,29.39,55,0,8.01,-0.082,0.955,-1.32,57,0,175.29,-4.47,10,0.00,,,,,,,,,30.42,24.8,-30,-30,,0,-320,495,-53,0,666,0,0,1,-1,0,1,-1,-1,-1,-1,-1,-1,0,0,
2026-04-02,18:40:30.980,7.63,97,100,100,-0.030,28.76,54,0,8.04,-0.089,1.098,-1.17,56,0,175.02,-5.96,10,0.00,,,,,,,,,30.42,24.8,-30,-30,,-10,-290,495,-70,0,666,0,0,1,-1,0,1,-1,-1,-1,-1,-1,-1,0,0,
2026-04-02,18:40:31.240,7.63,94,99,99,-0.023,28.41,52,0,8.06,-0.085,1.080,-1.08,49,0,175.72,-7.11,10,0.00,,,,,,,,,30.43,24.6,-30,-30,,-13,-288,495,-79,0,666,0,0,1,-1,0,1,-1,-1,-1,-1,-1,-1,0,0,
2026-04-02,18:40:31.500,7.62,94,98,98,-0.021,28.02,50,0,8.06,-0.074,1.062,-1.26,46,0,174.94,-7.36,10,0.00,,,,,,,,,30.43,24.6,-30,-30,,-36,-321,495,-241,0,666,0,0,1,-1,0,1,-1,-1,-1,-1,-1,-1,0,0,
2026-04-02,18:40:31.760,7.63,95,96,96,-0.038,27.60,49,0,8.04,-0.074,1.111,-1.38,39,0,171.26,-8.23,10,0.00,,,,,,,,,30.44,22.1,-30,-30,,-203,-334,479,-539,0,666,0,0,1,-1,0,1,-1,-1,-1,-1,-1,-1,0,0,
2026-04-02,18:40:32.030,7.63,98,98,95,-0.045,27.05,50,0,8.01,-0.065,1.068,-1.28,40,0,164.19,-8.99,10,0.00,,,,,,,,,30.44,22.1,-30,-30,,-200,-486,477,-364,0,666,0,0,1,-1,0,1,-1,-1,-1,-1,-1,-1,0,0,
2026-04-02,18:40:32.290,7.62,95,95,95,-0.054,27.04,50,0,7.98,-0.089,1.281,-0.44,43,0,152.82,-11.33,10,0.00,,,,,,,,,30.46,23.3,-30,-30,,-188,-594,477,-184,0,666,0,0,1,-1,0,1,-1,-1,-1,-1,-1,-1,0,0,
2026-04-02,18:40:32.550,7.62,95,95,95,-0.050,26.88,50,0,7.98,-0.151,1.518,-0.38,47,0,149.09,-13.31,10,0.00,,,,,,,,,30.46,23.3,-30,-30,,-79,-604,555,-120,0,666,0,0,1,-1,0,1,-1,-1,-1,-1,-1,-1,0,0,
2026-04-02,18:40:32.810,7.63,92,95,95,-0.027,26.61,49,0,8.01,-0.171,1.494,-0.73,50,0,137.44,-15.68,10,0.00,,,,,,,,,30.46,24.9,-30,-30,,-28,-633,572,0,0,666,0,0,1,-1,0,1,-1,-1,-1,-1,-1,-1,0,0,
2026-04-02,18:40:33.070,7.62,95,95,95,-0.046,26.49,49,0,8.00,-0.182,1.500,-0.62,52,0,125.86,-16.08,10,0.00,,,,,,,,,30.46,24.9,-30,-30,,27,-609,574,262,0,667,0,0,1,-1,0,1,-1,-1,-1,-1,-1,-1,0,0,
2026-04-02,18:40:33.330,7.63,94,95,95,-0.048,26.37,50,0,8.02,-0.186,1.466,-0.45,53,0,124.55,-15.80,10,0.00,,,,,,,,,30.42,29.2,-30,-30,,0,-621,574,195,0,666,0,0,1,-1,0,1,-1,-1,-1,-1,-1,-1,0,0,
2026-04-02,18:40:33.600,7.62,95,95,95,-0.018,26.40,50,0,8.01,-0.190,1.450,-0.16,55,0,124.30,-14.12,10,0.00,,,,,,,,,30.42,29.2,-30,-30,,-104,-661,563,256,0,667,0,0,1,-1,0,1,-1,-1,-1,-1,-1,-1,0,0,
2026-04-02,18:40:33.870,7.62,96,96,95,-0.022,26.24,50,0,8.01,-0.186,1.463,-0.36,52,0,121.39,-13.56,10,0.00,,,,,,,,,30.39,29.0,-30,-30,,-128,-651,550,274,0,666,0,0,1,-1,0,1,-1,-1,-1,-1,-1,-1,0,0,
2026-04-02,18:40:34.130,7.63,97,97,95,-0.027,26.22,51,0,8.05,-0.185,1.444,-0.19,51,0,118.09,-11.75,10,0.00,,,,,,,,,30.39,27.3,-30,-30,,-20,-622,552,243,0,666,0,0,1,-1,0,1,-1,-1,-1,-1,-1,-1,0,0,
2026-04-02,18:40:34.390,7.62,99,99,94,-0.024,26.07,53,0,8.06,-0.184,1.377,-0.30,54,0,117.03,-10.35,10,0.00,,,,,,,,,30.36,27.3,-30,-30,,0,-614,551,0,0,666,0,0,1,-1,0,1,-1,-1,-1,-1,-1,-1,0,0,
2026-04-02,18:40:34.660,7.62,99,99,94,-0.025,25.76,53,0,8.02,-0.176,1.389,-0.77,55,0,111.45,-7.54,10,0.00,,,,,,,,,30.36,27.3,-30,-30,,144,-555,552,603,0,667,0,0,1,-1,0,1,-1,-1,-1,-1,-1,-1,0,0,
2026-04-02,18:40:34.920,7.62,97,97,94,-0.048,25.27,54,0,7.99,-0.154,1.269,-1.26,56,0,113.19,-4.83,10,0.00,,,,,,,,,30.35,27.3,-30,-30,,211,-616,553,609,0,667,0,0,1,-1,0,1,-1,-1,-1,-1,-1,-1,0,0,
2026-04-02,18:40:35.190,7.62,96,96,94,-0.045,23.82,54,0,7.98,-0.142,1.245,-1.79,59,0,122.19,-2.86,10,0.00,,,,,,,,,30.33,27.8,-30,-30,,155,-732,553,165,0,666,0,0,1,-1,0,1,-1,-1,-1,-1,-1,-1,0,0,
2026-04-02,18:40:35.450,7.62,92,96,95,-0.034,22.78,52,0,7.97,-0.148,1.564,-3.05,60,0,132.18,-3.78,10,0.00,,,,,,,,,30.33,27.8,-30,-30,,71,-764,552,0,0,667,0,0,1,-1,0,1,-1,-1,-1,-1,-1,-1,0,0,
2026-04-02,18:40:35.720,7.62,85,98,98,-0.052,21.88,46,0,8.02,-0.214,1.759,-3.31,62,0,129.52,-6.87,10,0.00,,,,,,,,,30.32,27.5,-30,-30,,63,-673,551,129,0,666,0,0,1,-1,0,1,-1,-1,-1,-1,-1,-1,0,0,
2026-04-02,18:40:36.000,7.62,80,99,99,-0.051,21.21,43,0,8.01,-0.214,1.682,-2.69,63,0,127.04,-9.96,10,0.00,,,,,,,,,30.32,27.5,-30,-30,,69,-743,551,258,0,666,0,0,1,-1,0,1,-1,-1,-1,-1,-1,-1,0,0,
2026-04-02,18:40:36.260,7.62,77,99,99,-0.040,20.35,43,0,8.03,-0.196,1.643,-2.75,63,0,128.03,-8.29,10,0.00,,,,,,,,,30.32,27.5,-30,-30,,75,-693,551,52,0,667,0,0,1,-1,0,1,-1,-1,-1,-1,-1,-1,0,0,
2026-04-02,18:40:36.530,7.62,84,99,99,-0.020,19.44,43,0,8.04,-0.194,1.620,-3.07,63,0,125.68,-7.94,10,0.00,,,,,,,,,30.32,27.5,-30,-30,,74,-718,571,161,0,666,0,0,1,-1,0,1,-1,-1,-1,-1,-1,-1,0,0,
2026-04-02,18:40:36.790,7.62,89,99,99,-0.050,18.64,44,0,8.05,-0.201,1.594,-2.90,63,0,115.69,-7.00,10,0.00,,,,,,,,,30.29,28.1,-30,-30,,79,-693,574,337,0,667,0,0,1,-1,0,1,-1,-1,-1,-1,-1,-1,0,0,
2026-04-02,18:40:37.050,7.62,94,99,99,-0.062,17.91,45,0,8.04,-0.205,1.584,-2.69,62,0,116.78,-5.67,10,0.00,,,,,,,,,30.29,28.1,-30,-30,,139,-696,572,509,0,666,0,0,1,-1,0,1,-1,-1,-1,-1,-1,-1,0,0,
2026-04-02,18:40:37.320,7.62,92,99,99,-0.039,17.14,45,0,7.98,-0.197,1.550,-2.69,61,0,120.32,-4.41,10,0.00,,,,,,,,,30.27,29.1,-30,-30,,189,-774,574,413,0,666,0,0,1,-1,0,1,-1,-1,-1,-1,-1,-1,0,0,
2026-04-02,18:40:37.580,7.62,85,99,99,-0.036,16.32,44,0,7.97,-0.191,1.575,-2.72,60,0,121.53,-3.19,10,0.00,,,,,,,,,30.27,29.1,-30,-30,,210,-757,575,460,0,666,0,0,1,-1,0,1,-1,-1,-1,-1,-1,-1,0,0,
2026-04-02,18:40:37.840,7.62,78,99,99,-0.052,14.61,44,0,8.00,-0.195,1.580,-2.97,58,0,120.29,-3.65,10,0.00,,,,,,,,,30.25,29.1,-30,-30,,258,-667,576,548,0,666,0,0,1,-1,0,1,-1,-1,-1,-1,-1,-1,0,0,
2026-04-02,18:40:38.110,7.62,77,99,99,-0.058,13.73,44,0,8.03,-0.194,1.511,-2.96,55,0,127.73,-4.45,10,0.00,,,,,,,,,30.25,29.1,-30,-30,,289,-605,578,547,0,667,0,0,1,-1,0,1,-1,-1,-1,-1,-1,-1,0,0,
2026-04-02,18:40:38.370,7.63,81,100,100,-0.037,12.78,44,0,8.04,-0.167,1.365,-3.13,49,0,135.72,-4.04,10,0.00,,,,,,,,,30.23,29.4,-30,-30,,288,-529,578,258,0,666,0,0,1,-1,0,1,-1,-1,-1,-1,-1,-1,0,0,
2026-04-02,18:40:38.630,7.62,86,100,100,-0.030,11.83,45,0,8.05,-0.165,1.287,-3.31,54,0,146.24,-4.11,10,0.00,,,,,,,,,30.23,29.5,-30,-30,,253,-376,576,164,0,666,0,0,1,-1,0,1,-1,-1,-1,-1,-1,-1,0,0,
2026-04-02,18:40:38.890,7.62,89,100,100,-0.049,11.14,46,0,8.06,-0.139,1.137,-2.78,55,0,148.96,-5.23,10,0.00,,,,,,,,,30.22,29.5,-30,-30,,231,-319,576,70,0,666,0,0,1,-1,0,1,-1,-1,-1,-1,-1,-1,0,0,
2026-04-02,18:40:39.160,7.63,91,100,100,-0.069,10.62,47,0,8.07,-0.135,1.140,-2.26,58,0,151.40,-5.69,10,0.00,,,,,,,,,30.20,29.2,-30,-30,,246,-470,577,140,0,666,0,0,1,-1,0,1,-1,-1,-1,-1,-1,-1,0,0,
2026-04-02,18:40:39.420,7.62,94,100,100,-0.079,10.42,47,0,8.07,-0.156,1.341,-1.35,60,0,164.33,-8.20,10,0.00,,,,,,,,,30.20,29.2,-30,-30,,223,-240,577,0,0,667,0,0,1,-1,0,1,-1,-1,-1,-1,-1,-1,0,0,
2026-04-02,18:40:39.690,7.62,90,100,100,-0.053,9.95,47,0,8.07,-0.117,1.180,-1.37,62,0,169.18,-8.58,10,0.00,,,,,,,,,30.20,29.3,-30,-30,,175,-214,577,-57,0,667,0,0,1,-1,0,1,-1,-1,-1,-1,-1,-1,0,0,
2026-04-02,18:40:39.950,7.62,91,100,100,-0.045,9.48,46,0,8.04,-0.115,0.981,-1.56,64,0,172.72,-6.68,10,0.00,,,,,,,,,30.20,29.3,-30,-30,,156,-285,576,0,0,666,0,0,1,-1,0,1,-1,-1,-1,-1,-1,-1,0,0,
2026-04-02,18:40:40.220,7.62,90,100,100,-0.044,9.08,48,0,8.04,-0.123,1.062,-1.52,65,0,176.93,-7.05,10,0.00,,,,,,,,,30.18,29.4,-30,-30,,109,-263,576,-29,0,666,0,0,1,-1,0,1,-1,-1,-1,-1,-1,-1,0,0,
2026-04-02,18:40:40.480,7.62,95,100,100,-0.044,8.92,53,0,8.04,-0.124,1.060,-0.96,65,0,179.49,-7.61,10,0.00,,,,,,,,,30.18,29.4,-30,-30,,0,-245,573,-134,0,667,0,0,1,-1,0,1,-1,-1,-1,-1,-1,-1,0,0,
2026-04-02,18:40:40.740,7.63,97,100,100,-0.027,8.73,56,0,8.06,-0.122,1.027,-0.78,66,0,-178.90,-7.99,10,0.00,,,,,,,,,30.17,29.1,-30,-30,,-7,-198,572,-260,0,666,0,0,1,-1,0,1,-1,-1,-1,-1,-1,-1,0,0,
2026-04-02,18:40:41.010,7.62,100,100,100,-0.025,8.56,59,0,8.06,-0.123,1.002,-0.34,66,0,56.24,-8.11,10,0.00,,,,,,,,,30.17,29.1,-30,-30,,-28,-194,572,-230,0,666,0,0,1,-1,0,1,-1,-1,-1,-1,-1,-1,0,0,
2026-04-02,18:40:41.270,7.62,99,100,100,-0.010,8.56,61,0,8.07,-0.112,0.890,-0.37,62,0,172.51,-7.57,10,0.00,,,,,,,,,30.16,29.1,-30,-30,,-23,-55,572,0,0,667,0,0,1,-1,0,1,-1,-1,-1,-1,-1,-1,0,0,
2026-04-02,18:40:41.540,7.62,99,100,100,-0.011,8.31,61,0,8.07,-0.094,0.731,-0.39,60,0,168.56,-6.09,10,0.00,,,,,,,,,30.16,29.1,-30,-30,,-13,-173,572,0,0,666,0,0,1,-1,0,1,-1,-1,-1,-1,-1,-1,0,0,
2026-04-02,18:40:41.800,7.62,99,100,100,-0.001,8.01,58,0,8.05,-0.093,0.802,-0.75,55,0,169.37,-5.01,10,0.00,,,,,,,,,30.16,29.0,-30,-30,,0,-277,572,0,0,667,0,0,1,-1,0,1,-1,-1,-1,-1,-1,-1,0,0,
2026-04-02,18:40:42.060,7.62,100,100,100,0.000,7.81,58,0,8.05,-0.125,1.054,-0.78,53,0,169.21,-6.13,10,0.00,,,,,,,,,30.16,29.0,-30,-30,,0,-327,571,0,0,666,0,0,1,-1,0,1,-1,-1,-1,-1,-1,-1,0,0,
2026-04-02,18:40:42.330,7.63,100,100,100,-0.002,7.76,63,0,8.06,-0.121,1.077,-0.45,56,0,167.70,-7.09,10,0.00,,,,,,,,,30.15,29.0,-30,-30,,0,-388,571,0,0,666,0,0,1,-1,0,1,-1,-1,-1,-1,-1,-1,0,0,
2026-04-02,18:40:42.600,7.63,100,100,100,-0.027,7.66,64,0,8.06,-0.134,1.185,-0.35,62,0,166.18,-9.14,10,0.00,,,,,,,,,30.15,29.0,-30,-30,,0,-345,571,76,0,667,0,0,1,-1,0,1,-1,-1,-1,-1,-1,-1,0,0,
2026-04-02,18:40:42.860,7.62,100,100,100,-0.006,7.62,64,0,8.07,-0.137,1.208,-0.27,67,0,166.32,-10.37,10,0.00,,,,,,,,,30.15,28.9,-30,-30,,0,-319,572,202,0,667,0,0,1,-1,0,1,-1,-1,-1,-1,-1,-1,0,0,
2026-04-02,18:40:43.120,7.63,100,100,100,-0.001,7.60,66,0,8.07,-0.131,1.056,-0.11,70,0,167.87,-10.33,10,0.00,,,,,,,,,30.15,28.9,-30,-30,,0,-324,572,248,0,667,0,0,1,-1,0,1,-1,-1,-1,-1,-1,-1,0,0,
2026-04-02,18:40:43.380,7.62,100,100,100,0.016,7.49,67,0,8.07,-0.127,1.029,-0.23,65,0,171.28,-9.77,10,0.00,,,,,,,,,30.14,29.1,-30,-30,,0,-337,573,306,0,666,0,0,1,-1,0,1,-1,-1,-1,-1,-1,-1,0,0,
2026-04-02,18:40:43.660,7.62,100,100,100,0.019,7.44,69,0,8.07,-0.131,1.021,-0.07,72,0,172.57,-9.83,10,0.00,,,,,,,,,30.14,29.2,-30,-30,,0,-360,572,303,0,666,0,0,1,-1,0,1,-1,-1,-1,-1,-1,-1,0,0,
2026-04-02,18:40:43.930,7.62,100,100,100,0.022,7.54,71,0,8.07,-0.130,1.030,0.18,75,0,174.77,-10.04,10,0.00,,,,,,,,,30.13,29.2,-30,-30,,0,-379,573,298,0,667,0,0,1,-1,0,1,-1,-1,-1,-1,-1,-1,0,0,
2026-04-02,18:40:44.190,7.62,100,100,100,0.005,7.62,72,0,8.05,-0.141,1.058,0.16,72,0,178.17,-10.57,10,0.00,,,,,,,,,30.12,29.3,-30,-30,,0,-373,573,292,0,667,0,0,1,-1,0,1,-1,-1,-1,-1,-1,-1,0,0,
2026-04-02,18:40:44.450,7.62,100,100,100,0.005,7.74,71,0,8.05,-0.144,1.090,0.39,79,0,-71.66,-10.90,10,0.00,,,,,,,,,30.12,29.3,-30,-30,,0,-397,575,239,0,666,0,0,1,-1,0,1,-1,-1,-1,1,-1,-1,1,0,
2026-04-02,18:40:44.720,7.62,100,100,100,0.013,7.85,70,0,8.04,-0.144,1.130,0.38,83,0,-176.76,-11.29,10,0.00,,,,,,,,,30.10,29.5,-30,-30,,0,-361,575,180,0,667,0,0,1,-1,0,1,-1,-1,-1,-1,-1,-1,1,0,
2026-04-02,18:40:44.980,7.62,100,100,100,0.013,7.99,69,0,8.06,-0.150,1.136,0.41,85,0,-176.73,-12.43,10,0.00,,,,,,,,,30.10,29.5,-30,-30,,0,-423,575,208,0,666,0,0,1,-1,0,1,-1,-1,-1,-1,-1,-1,1,0,
2026-04-02,18:40:45.240,7.63,100,100,99,0.001,8.20,67,0,8.04,-0.144,1.100,0.55,78,0,-177.50,-12.79,10,0.00,,,,,,,,,30.10,29.5,-30,-30,,0,-381,580,299,0,667,0,0,1,-1,0,1,-1,-1,-1,-1,-1,-1,1,0,
2026-04-02,18:40:45.500,7.63,100,100,99,0.005,8.58,66,0,8.06,-0.152,1.129,0.99,73,0,-176.74,-13.99,10,0.00,,,,,,,,,30.10,29.5,-30,-30,,0,-240,586,442,0,666,0,0,1,-1,0,1,-1,-1,-1,-1,-1,-1,0,0,
2026-04-02,18:40:45.760,7.63,100,100,99,0.035,8.95,66,0,8.06,-0.133,0.869,1.17,76,0,-170.53,-12.41,10,0.00,,,,,,,,,30.08,30.0,-30,-30,,0,-299,584,251,0,667,0,0,1,-1,0,1,-1,-1,-1,-1,-1,-1,0,0,
2026-04-02,18:40:46.020,7.63,99,99,99,0.030,9.30,65,0,8.07,-0.153,1.020,1.23,74,0,-166.93,-12.22,10,0.00,,,,,,,,,30.08,30.0,-30,-30,,0,-394,583,37,0,666,0,0,1,-1,0,1,-1,-1,-1,-1,-1,-1,0,0,
2026-04-02,18:40:46.290,7.62,99,99,99,0.023,9.75,64,0,8.07,-0.167,1.096,1.38,67,0,-170.64,-13.39,10,0.00,,,,,,,,,30.07,29.6,-30,-30,,0,-266,583,194,0,667,0,0,1,-1,0,1,-1,-1,-1,-1,-1,-1,0,0,
2026-04-02,18:40:46.560,7.62,98,99,99,0.016,10.61,62,0,8.07,-0.152,0.928,1.47,69,0,-174.02,-12.03,10,0.00,,,,,,,,,30.07,29.6,-30,-30,,0,-266,583,219,0,666,0,0,1,-1,0,1,-1,-1,-1,-1,-1,-1,0,0,
2026-04-02,18:40:46.820,7.62,99,99,99,0.009,11.04,63,0,8.07,-0.151,0.918,1.44,71,0,-174.02,-12.03,10,0.00,,,,,,,,,30.05,29.8,-30,-30,,0,-312,583,178,0,666,0,0,1,-1,0,1,-1,-1,-1,-1,-1,-1,0,0,
2026-04-02,18:40:47.090,7.62,99,100,99,0.024,11.48,64,0,8.07,-0.165,0.961,1.49,72,0,-169.07,-11.43,10,0.00,,,,,,,,,30.05,29.8,-30,-30,,0,-327,583,91,0,667,0,0,1,-1,0,1,-1,-1,-1,-1,-1,-1,0,0,
2026-04-02,18:40:47.350,7.63,99,99,99,0.027,11.98,61,0,8.07,-0.169,0.974,1.62,71,0,-173.50,-11.93,10,0.00,,,,,,,,,30.03,29.8,-30,-30,,0,-317,583,25,0,666,0,0,1,-1,0,1,-1,-1,-1,-1,-1,-1,0,0,
2026-04-02,18:40:47.610,7.62,99,99,99,0.020,12.53,59,0,8.07,-0.170,0.992,1.82,69,0,-176.26,-11.91,10,0.00,,,,,,,,,30.03,29.8,-30,-30,,0,-308,583,4,0,667,0,0,1,-1,0,1,-1,-1,-1,-1,-1,-1,0,0,
2026-04-02,18:40:47.870,7.63,99,99,99,0.012,12.96,59,0,8.07,-0.169,0.984,1.62,68,0,-179.54,-12.08,10,0.00,,,,,,,,,30.02,29.9,-30,-30,,0,-292,590,70,0,667,0,0,1,-1,0,1,-1,-1,-1,-1,-1,-1,0,0,
2026-04-02,18:40:48.140,7.63,99,99,99,0.007,13.42,62,0,8.07,-0.176,0.982,1.62,65,0,-179.71,-12.18,10,0.00,,,,,,,,,30.02,31.0,-30,-30,,0,-237,614,157,0,666,0,0,1,-1,0,1,-1,-1,-1,-1,-1,-1,0,0,
2026-04-02,18:40:48.400,7.62,99,99,99,0.018,13.88,61,0,8.07,-0.174,0.902,1.58,60,0,-177.76,-11.30,10,0.00,,,,,,,,,29.99,31.0,-30,-30,,0,-254,608,166,0,666,0,0,1,-1,0,1,-1,-1,-1,-1,-1,-1,0,0,
2026-04-02,18:40:48.670,7.63,99,99,99,0.023,14.29,58,0,8.07,-0.171,0.892,1.55,57,0,-177.13,-10.97,10,0.00,,,,,,,,,29.97,32.1,-30,-30,,0,-263,603,141,0,666,0,0,1,-1,0,1,-1,-1,-1,-1,-1,-1,0,0,
2026-04-02,18:40:48.930,7.63,99,99,99,0.032,14.62,52,0,8.07,-0.170,0.893,1.30,49,0,-178.37,-10.89,10,0.00,,,,,,,,,29.97,32.1,-30,-30,,0,-285,600,78,0,666,0,0,1,-1,0,1,-1,-1,-1,-1,-1,-1,0,0,
2026-04-02,18:40:49.190,7.63,99,99,98,0.023,15.05,52,0,8.07,-0.175,0.932,1.37,43,0,-179.62,-10.87,10,0.00,,,,,,,,,29.95,31.6,-30,-30,,0,-311,600,55,0,667,0,0,1,-1,0,1,-1,-1,-1,-1,-1,-1,0,0,
2026-04-02,18:40:49.460,7.63,99,99,98,0.015,15.42,54,0,8.04,-0.178,0.962,1.35,47,0,178.07,-11.19,10,0.00,,,,,,,,,29.95,31.6,-30,-30,,-6,-496,600,-244,0,666,0,0,1,-1,0,1,-1,-1,-1,-1,-1,-1,0,0,
2026-04-02,18:40:49.740,7.62,100,100,98,0.005,16.23,56,0,8.00,-0.206,1.223,1.41,51,0,175.03,-13.73,10,0.00,,,,,,,,,29.94,31.7,-30,-30,,-34,-558,633,-147,0,666,0,0,1,-1,0,1,-1,-1,-1,-1,-1,-1,0,0,
2026-04-02,18:40:50.010,7.62,99,99,98,-0.014,16.65,57,0,7.99,-0.271,1.336,1.43,54,0,170.86,-17.15,10,0.00,,,,,,,,,29.94,31.7,-30,-30,,-13,-390,675,-53,0,667,0,0,1,-1,0,1,-1,-1,-1,-1,-1,-1,0,0,
2026-04-02,18:40:50.270,7.62,99,99,98,-0.015,17.31,58,0,8.04,-0.266,1.224,1.88,55,0,168.55,-20.76,10,0.00,,,,,,,,,29.87,37.2,-30,-30,,0,-393,682,-65,0,667,0,0,1,-1,0,1,-1,-1,-1,-1,-1,-1,0,0,
2026-04-02,18:40:50.530,7.63,99,99,98,0.000,17.85,58,0,8.05,-0.248,1.083,1.96,54,0,168.54,-20.27,10,0.00,,,,,,,,,29.87,37.2,-30,-30,,-17,-440,683,-122,0,667,0,0,1,-1,0,1,-1,-1,-1,-1,-1,-1,0,0,
2026-04-02,18:40:50.790,7.63,100,100,98,0.002,18.35,58,0,8.03,-0.254,1.113,1.82,51,0,166.21,-21.28,10,0.00,,,,,,,,,29.82,38.9,-30,-30,,-25,-455,684,-119,0,666,0,0,1,-1,0,1,-1,-1,-1,-1,-1,-1,0,0,
2026-04-02,18:40:51.060,7.62,100,100,98,0.007,19.16,58,0,8.05,-0.267,1.142,2.28,45,0,157.22,-23.87,10,0.00,,,,,,,,,29.82,38.9,-30,-30,,-17,-449,683,-52,0,666,0,0,1,-1,0,1,-1,-1,-1,-1,-1,-1,0,0,
2026-04-02,18:40:51.320,7.62,100,100,96,0.004,20.04,57,0,8.06,-0.274,1.137,2.75,41,0,152.93,-24.78,10,0.00,,,,,,,,,29.77,39.0,-30,-30,,0,-448,681,0,0,666,0,0,1,-1,0,1,-1,-1,-1,-1,-1,-1,0,0,
2026-04-02,18:40:51.580,7.62,100,100,96,0.000,21.14,54,0,8.07,-0.277,1.114,3.33,44,0,149.77,-25.73,10,0.00,,,,,,,,,29.77,39.0,-30,-30,,0,-463,679,1,0,667,0,0,1,-1,0,1,-1,-1,-1,-1,-1,-1,0,0,
2026-04-02,18:40:51.840,7.62,100,100,96,0.001,22.05,52,0,8.07,-0.288,1.100,3.38,48,0,148.16,-26.02,10,0.00,,,,,,,,,29.74,38.7,-30,-30,,0,-463,678,0,0,666,0,0,1,-1,0,1,-1,-1,-1,-1,-1,-1,0,0,
2026-04-02,18:40:52.100,7.63,99,99,96,0.014,23.04,52,0,8.07,-0.289,1.086,3.31,49,0,145.88,-26.03,10,0.00,,,,,,,,,29.74,38.7,-30,-30,,0,-479,676,0,0,666,0,0,1,-1,0,1,-1,-1,-1,-1,-1,-1,0,0,
2026-04-02,18:40:52.370,7.63,99,99,96,0.011,23.04,52,0,8.07,-0.293,1.096,3.40,49,0,139.87,-25.89,10,0.00,,,,,,,,,29.70,38.4,-30,-30,,0,-527,672,0,0,666,0,0,1,-1,0,1,-1,-1,-1,-1,-1,-1,0,0,
2026-04-02,18:40:52.630,7.62,99,99,96,0.009,25.94,52,0,8.07,-0.302,1.108,3.29,46,0,137.33,-25.96,10,0.00,,,,,,,,,29.70,38.4,-30,-30,,0,-514,671,107,0,667,0,0,1,-1,0,1,-1,-1,-1,-1,-1,-1,0,0,
2026-04-02,18:40:52.900,7.62,100,100,94,0.008,27.06,51,0,8.07,-0.313,1.115,3.68,41,0,133.83,-25.52,10,0.00,,,,,,,,,29.67,38.4,-30,-30,,-50,-497,664,220,0,666,0,0,1,-1,0,1,-1,-1,-1,-1,-1,-1,0,0,
2026-04-02,18:40:53.160,7.62,98,98,93,0.015,27.94,49,0,8.07,-0.298,1.087,3.41,40,0,133.04,-24.57,10,0.00,,,,,,,,,29.64,37.6,-30,-30,,-56,-508,655,197,0,666,0,0,1,-1,0,1,-1,-1,-1,-1,-1,-1,0,0,
2026-04-02,18:40:53.420,7.63,98,98,93,0.026,28.73,49,0,8.05,-0.293,1.040,3.02,43,0,133.31,-21.54,10,0.00,,,,,,,,,29.64,37.6,-30,-30,,-29,-531,654,210,0,666,0,0,1,-1,0,1,-1,-1,-1,-1,-1,-1,0,0,
2026-04-02,18:40:53.680,7.62,98,98,93,0.026,29.31,49,0,8.06,-0.297,1.064,2.45,51,0,135.34,-20.33,10,0.00,,,,,,,,,29.62,36.8,-30,-30,,0,-599,653,239,0,666,0,0,1,-1,0,1,-1,-1,-1,-1,-1,-1,0,0,
2026-04-02,18:40:53.950,7.62,100,100,93,0.023,29.90,50,0,8.04,-0.293,1.093,2.19,55,0,135.05,-19.15,10,0.00,,,,,,,,,29.62,36.8,-30,-30,,0,-622,653,252,0,667,0,0,1,-1,0,1,-1,-1,-1,-1,-1,-1,0,0,
2026-04-02,18:40:54.220,7.62,99,99,93,0.008,30.28,51,0,8.06,-0.306,1.163,1.71,57,0,131.74,-18.53,10,0.00,,,,,,,,,29.61,36.6,-30,-30,,103,-612,653,297,0,666,0,0,1,-1,0,1,-1,-1,-1,-1,-1,-1,0,0,
2026-04-02,18:40:54.480,7.63,99,99,93,0.017,30.53,50,0,8.04,-0.304,1.183,1.23,58,0,131.74,-18.53,10,0.00,,,,,,,,,29.61,36.6,-30,-30,,143,-640,654,357,0,666,0,0,1,-1,0,1,-1,-1,-1,-1,-1,-1,0,0,
2026-04-02,18:40:54.740,7.62,98,98,93,0.002,30.53,49,0,8.03,-0.297,1.170,0.57,58,0,131.00,-16.37,10,0.00,,,,,,,,,29.59,36.8,-30,-30,,100,-641,652,412,0,667,0,0,1,-1,0,1,-1,-1,-1,-1,-1,-1,0,0,
2026-04-02,18:40:55.010,7.62,99,99,93,0.011,30.42,50,0,8.05,-0.297,1.218,-0.02,60,0,132.59,-15.47,10,0.00,,,,,,,,,29.59,36.8,-30,-30,,87,-648,640,443,0,667,0,0,1,-1,0,1,-1,-1,-1,-1,-1,-1,0,0,
2026-04-02,18:40:55.280,7.62,99,99,95,0.008,30.20,51,0,8.04,-0.281,1.187,-0.45,59,0,133.34,-14.59,10,0.00,,,,,,,,,29.59,36.0,-30,-30,,78,-698,632,305,0,666,0,0,1,-1,0,1,-1,-1,-1,-1,-1,-1,0,0,
2026-04-02,18:40:55.550,7.62,100,100,95,0.011,29.28,51,0,8.06,-0.273,1.266,-1.50,58,0,131.87,-13.79,10,0.00,,,,,,,,,29.59,36.0,-30,-30,,79,-672,624,433,0,666,0,0,1,-1,0,1,-1,-1,-1,-1,-1,-1,0,0,
2026-04-02,18:40:55.810,7.62,100,100,95,0.001,28.77,51,0,8.04,-0.267,1.268,-1.70,61,0,129.91,-13.94,10,0.00,,,,,,,,,29.59,34.0,-30,-30,,107,-669,620,505,0,667,0,0,1,-1,0,1,-1,-1,-1,-1,-1,-1,0,0,
2026-04-02,18:40:56.070,7.62,99,99,95,-0.004,28.06,51,0,8.00,-0.254,1.264,-2.02,63,0,132.18,-12.75,10,0.00,,,,,,,,,29.59,34.0,-30,-30,,150,-700,621,546,0,666,0,0,1,-1,0,1,-1,-1,-1,-1,-1,-1,0,0,
2026-04-02,18:40:56.330,7.62,96,96,95,-0.001,27.18,51,0,8.01,-0.242,1.267,-2.70,66,0,134.95,-12.16,10,0.00,,,,,,,,,29.60,34.0,-30,-30,,155,-725,621,461,0,666,0,0,1,-1,0,1,-1,-1,-1,-1,-1,-1,0,0,
2026-04-02,18:40:56.600,7.62,92,95,95,-0.003,26.30,48,0,7.99,-0.240,1.303,-2.89,66,0,137.31,-12.13,10,0.00,,,,,,,,,29.60,34.0,-30,-30,,144,-736,621,435,0,666,0,0,1,-1,0,1,-1,-1,-1,-1,-1,-1,0,0,
2026-04-02,18:40:56.870,7.62,87,96,96,-0.019,25.42,45,0,8.04,-0.261,1.432,-3.02,67,0,138.07,-14.38,10,0.00,,,,,,,,,29.60,33.2,-30,-30,,141,-691,621,299,0,667,0,0,1,-1,0,1,-1,-1,-1,-1,-1,-1,0,0,
2026-04-02,18:40:57.150,7.62,89,100,100,-0.017,24.63,45,0,8.03,-0.264,1.470,-2.89,69,0,138.43,-15.80,10,0.00,,,,,,,,,29.60,33.4,-30,-30,,153,-707,621,448,0,666,0,0,1,-1,0,1,-1,-1,-1,-1,-1,-1,0,0,
2026-04-02,18:40:57.410,7.62,92,100,100,-0.018,23.92,46,0,7.99,-0.254,1.437,-2.62,70,0,141.51,-17.25,10,0.00,,,,,,,,,29.61,33.4,-30,-30,,155,-697,620,295,0,667,0,0,1,-1,0,1,-1,-1,-1,-1,-1,-1,0,0,
2026-04-02,18:40:57.680,7.62,98,100,100,0.000,23.17,47,0,8.04,-0.258,1.443,-2.60,70,0,142.59,-17.63,10,0.00,,,,,,,,,29.61,33.4,-30,-30,,139,-627,620,76,0,667,0,0,1,-1,0,1,-1,-1,-1,-1,-1,-1,0,0,
2026-04-02,18:40:57.940,7.62,99,100,100,-0.016,22.59,47,0,8.05,-0.248,1.410,-2.35,71,0,136.41,-19.19,10,0.00,,,,,,,,,29.61,33.4,-30,-30,,131,-538,619,82,0,666,0,0,1,-1,0,1,-1,-1,-1,-1,-1,-1,0,0,
2026-04-02,18:40:58.210,7.62,100,100,100,-0.035,21.68,47,0,8.06,-0.234,1.289,-1.69,72,0,132.42,-19.88,10,0.00,,,,,,,,,29.62,33.0,-30,-30,,133,-512,601,126,0,666,0,0,1,-1,0,1,-1,-1,-1,-1,-1,-1,0,0,
2026-04-02,18:40:58.470,7.63,100,100,100,-0.038,21.30,48,0,8.04,-0.209,1.227,-1.41,72,0,132.42,-19.88,10,0.00,,,,,,,,,29.62,33.0,-30,-30,,170,-523,600,380,0,667,0,0,1,-1,0,1,-1,-1,-1,-1,-1,-1,0,0,
2026-04-02,18:40:58.730,7.62,99,100,100,-0.027,20.87,48,0,8.03,-0.214,1.239,-1.48,71,0,134.56,-18.67,10,0.00,,,,,,,,,29.62,31.5,-30,-30,,196,-486,601,439,0,666,0,0,1,-1,0,1,-1,-1,-1,-1,-1,-1,0,0,
2026-04-02,18:40:59.000,7.62,98,100,100,-0.001,20.62,48,0,8.04,-0.208,1.176,-1.15,71,0,146.51,-17.07,10,0.00,,,,,,,,,29.62,31.5,-30,-30,,178,-455,600,55,0,666,0,0,1,-1,0,1,-1,-1,-1,-1,-1,-1,0,0,
2026-04-02,18:40:59.270,7.63,95,100,100,-0.001,20.32,48,0,8.04,-0.195,1.160,-1.15,70,0,145.32,-16.97,10,0.00,,,,,,,,,29.63,31.4,-30,-30,,165,-420,599,43,0,666,0,0,1,-1,0,1,-1,-1,-1,-1,-1,-1,0,0,
2026-04-02,18:40:59.540,7.63,96,100,100,-0.009,20.14,47,0,8.06,-0.191,1.146,-0.84,70,0,140.60,-18.51,10,0.00,,,,,,,,,29.63,31.4,-30,-30,,177,-374,600,132,0,666,0,0,1,-1,0,1,-1,-1,-1,-1,-1,-1,0,0,
2026-04-02,18:40:59.800,7.63,96,100,100,-0.036,20.08,50,0,8.07,-0.199,1.145,-0.47,70,0,142.62,-18.95,10,0.00,,,,,,,,,29.64,31.2,-30,-30,,179,-366,600,147,0,666,0,0,1,-1,0,1,-1,-1,-1,-1,-1,-1,0,0,
2026-04-02,18:41:00.070,7.63,99,100,100,-0.026,20.11,54,0,8.07,-0.193,1.104,-0.12,69,0,151.70,-18.43,10,0.00,,,,,,,,,29.64,31.2,-30,-30,,175,-376,599,69,0,667,0,0,1,-1,0,1,-1,-1,-1,-1,-1,-1,0,0,
2026-04-02,18:41:00.330,7.62,99,100,100,-0.012,20.11,57,0,8.07,-0.191,1.083,-0.07,67,0,156.22,-18.45,10,0.00,,,,,,,,,29.64,31.4,-30,-30,,166,-291,599,0,0,667,0,0,1,-1,0,1,-1,-1,-1,-1,-1,-1,0,0,
2026-04-02,18:41:00.590,7.63,100,100,100,-0.015,20.12,60,0,8.07,-0.181,1.035,-0.01,67,0,157.54,-18.21,10,0.00,,,,,,,,,29.64,31.4,-30,-30,,167,-279,599,0,0,667,0,0,1,-1,0,1,-1,-1,-1,-1,-1,-1,0,0,
2026-04-02,18:41:00.850,7.62,99,100,100,-0.028,20.25,62,0,8.07,-0.174,0.991,0.25,66,0,162.81,-16.78,10,0.00,,,,,,,,,29.64,31.3,-30,-30,,167,-241,600,0,0,666,0,0,1,-1,0,1,-1,-1,-1,-1,-1,-1,0,0,
2026-04-02,18:41:01.110,7.62,99,100,100,-0.025,20.51,63,0,8.07,-0.172,0.958,0.43,64,0,166.55,-16.18,10,0.00,,,,,,,,,29.64,31.3,-30,-30,,177,-303,599,101,0,667,0,0,1,-1,0,1,-1,-1,-1,-1,-1,-1,0,0,
2026-04-02,18:41:01.370,7.62,99,100,100,-0.021,20.59,64,0,8.07,-0.177,1.001,0.35,63,0,173.48,-14.99,10,0.00,,,,,,,,,29.64,31.4,-30,-30,,188,-338,600,121,0,667,0,0,1,-1,0,1,-1,-1,-1,-1,-1,-1,0,0,
2026-04-02,18:41:01.630,7.62,100,100,100,-0.018,20.70,62,0,8.04,-0.180,1.017,0.34,64,0,176.79,-14.80,10,0.00,,,,,,,,,29.64,31.4,-30,-30,,196,-360,600,130,0,666,0,0,1,-1,0,1,-1,-1,-1,-1,-1,-1,0,0,
2026-04-02,18:41:01.890,7.62,99,100,100,-0.005,20.85,59,0,8.01,-0.182,1.043,0.39,64,0,-175.94,-14.62,10,0.00,,,,,,,,,29.63,31.1,-30,-30,,197,-381,600,108,0,666,0,0,1,-1,0,1,-1,-1,-1,-1,-1,-1,0,0,
2026-04-02,18:41:02.150,7.63,99,100,100,-0.002,21.13,60,0,8.03,-0.184,1.069,0.74,63,0,-176.81,-14.68,10,0.00,,,,,,,,,29.63,31.5,-30,-30,,202,-274,601,170,0,666,0,0,1,-1,0,1,-1,-1,-1,-1,-1,-1,0,0,
2026-04-02,18:41:02.410,7.62,99,100,100,0.001,21.40,64,0,8.05,-0.183,0.997,0.74,63,0,-173.84,-14.23,10,0.00,,,,,,,,,29.63,31.5,-30,-30,,219,-300,607,262,0,666,0,0,1,-1,0,1,-1,-1,-1,-1,-1,-1,0,0,
2026-04-02,18:41:02.680,7.62,100,100,100,0.002,21.67,66,0,8.02,-0.178,0.947,0.90,61,0,-167.44,-12.17,10,0.00,,,,,,,,,29.61,32.3,-30,-30,,241,-451,636,293,0,666,0,0,1,-1,0,1,-1,-1,-1,-1,-1,-1,0,0,
2026-04-02,18:41:02.940,7.62,99,100,100,0.000,21.90,68,0,8.00,-0.197,1.039,0.82,62,0,-163.43,-12.16,10,0.00,,,,,,,,,29.61,32.3,-30,-30,,245,-509,656,135,0,666,0,0,1,-1,0,1,-1,-1,-1,-1,-1,-1,0,0,
2026-04-02,18:41:03.210,7.62,99,100,100,0.008,22.15,66,0,8.02,-0.235,1.229,0.88,64,0,-159.61,-14.80,10,0.00,,,,,,,,,29.59,36.0,-30,-30,,232,-386,656,126,0,666,0,0,1,-1,0,1,-1,-1,-1,-1,-1,-1,0,0,
2026-04-02,18:41:03.480,7.63,99,100,100,0.008,22.50,62,0,8.05,-0.219,1.090,1.00,66,0,-159.25,-15.65,10,0.00,,,,,,,,,29.59,36.0,-30,-30,,230,-400,656,137,0,667,0,0,1,-1,0,1,-1,-1,-1,-1,-1,-1,0,0,
2026-04-02,18:41:03.740,7.62,100,100,100,0.003,22.87,61,0,8.06,-0.213,1.071,1.19,65,0,-155.19,-14.34,10,0.00,,,,,,,,,29.57,36.0,-30,-30,,230,-451,656,122,0,667,0,0,1,-1,0,1,-1,-1,-1,-1,-1,-1,0,0,
2026-04-02,18:41:04.010,7.62,100,100,100,0.005,23.25,61,0,8.02,-0.222,1.115,1.27,68,0,-149.45,-14.29,10,0.00,,,,,,,,,29.57,36.0,-30,-30,,232,-481,657,118,0,667,0,0,1,-1,0,1,-1,-1,-1,-1,-1,-1,0,0,
2026-04-02,18:41:04.280,7.62,100,100,100,0.005,24.02,62,0,8.01,-0.229,1.132,1.30,72,0,-147.31,-14.37,10,0.00,,,,,,,,,29.55,36.2,-30,-30,,250,-574,674,202,0,666,0,0,1,-1,0,1,-1,-1,-1,-1,-1,-1,0,0,
2026-04-02,18:41:04.550,7.63,100,100,100,0.008,24.43,61,0,7.99,-0.252,1.236,1.40,69,0,-142.82,-15.01,10,0.00,,,,,,,,,29.55,36.2,-30,-30,,263,-618,680,134,0,666,0,0,1,-1,0,1,-1,-1,-1,-1,-1,-1,0,0,
2026-04-02,18:41:04.810,7.62,98,100,100,0.012,24.43,61,0,7.98,-0.276,1.309,1.54,70,0,-140.93,-15.79,10,0.00,,,,,,,,,29.51,38.3,-30,-30,,268,-644,680,124,0,667,0,0,1,-1,0,1,-1,-1,-1,-1,-1,-1,0,0,
2026-04-02,18:41:05.080,7.62,98,100,100,0.012,25.44,61,0,7.97,-0.279,1.315,1.74,72,0,-139.91,-16.73,10,0.00,,,,,,,,,29.51,38.3,-30,-30,,284,-618,679,164,0,667,0,0,1,-1,0,1,-1,-1,-1,-1,-1,-1,0,0,
2026-04-02,18:41:05.340,7.62,97,100,100,0.010,25.88,61,0,8.00,-0.287,1.305,1.62,72,0,-136.75,-16.92,10,0.00,,,,,,,,,29.51,38.7,-30,-30,,265,-658,679,111,0,667,0,0,1,-1,0,1,-1,-1,-1,-1,-1,-1,0,0,
2026-04-02,18:41:05.610,7.62,98,100,100,0.018,25.88,62,0,8.00,-0.288,1.310,1.47,71,0,-134.72,-16.97,10,0.00,,,,,,,,,29.51,38.7,-30,-30,,177,-711,677,7,0,666,0,0,1,-1,0,1,-1,-1,-1,-1,-1,-1,0,0,
2026-04-02,18:41:05.880,7.63,99,100,100,0.030,26.64,63,0,8.01,-0.310,1.385,1.32,72,0,-134.57,-17.97,10,0.00,,,,,,,,,29.48,38.3,-30,-30,,168,-709,678,19,0,666,0,0,1,-1,0,1,-1,-1,-1,-1,-1,-1,0,0,
2026-04-02,18:41:06.140,7.63,98,100,100,0.037,27.20,62,0,8.04,-0.325,1.385,1.64,73,0,-135.77,-18.73,10,0.00,,,,,,,,,29.48,38.3,-30,-30,,156,-646,677,65,0,666,0,0,1,-1,0,1,-1,-1,-1,-1,-1,-1,0,0,
2026-04-02,18:41:06.410,7.63,94,100,100,0.033,27.72,55,0,8.06,-0.323,1.306,1.78,73,0,-137.78,-20.28,10,0.00,,,,,,,,,29.44,38.4,-30,-30,,169,-631,677,114,0,667,0,0,1,-1,0,1,-1,-1,-1,-1,-1,-1,0,0,
2026-04-02,18:41:06.690,7.62,92,100,100,0.041,28.67,51,0,8.06,-0.312,1.191,1.67,69,0,-142.14,-21.77,10,0.00,,,,,,,,,29.42,38.4,-30,-30,,234,-598,677,121,0,667,0,0,1,-1,0,1,-1,-1,-1,-1,-1,-1,0,0,
2026-04-02,18:41:06.950,7.62,93,100,100,0.047,29.17,50,0,8.07,-0.309,1.169,1.68,66,0,-144.41,-22.34,10,0.00,,,,,,,,,29.42,38.4,-30,-30,,280,-470,678,223,0,666,0,0,1,-1,0,1,-1,-1,-1,-1,-1,-1,0,0,
2026-04-02,18:41:07.220,7.62,97,100,100,0.036,29.76,51,0,8.07,-0.298,1.051,1.90,59,0,-146.08,-22.40,10,0.00,,,,,,,,,29.39,38.8,-30,-30,,246,-397,677,234,0,667,0,0,1,-1,0,1,-1,-1,-1,-1,-1,-1,0,0,
2026-04-02,18:41:07.480,7.62,97,100,100,0.038,30.35,51,0,8.07,-0.272,0.891,1.98,58,0,-145.49,-21.37,10,0.00,,,,,,,,,29.39,38.8,-30,-30,,229,-182,680,367,0,666,0,0,1,-1,0,1,-1,-1,-1,-1,-1,-1,0,0,
2026-04-02,18:41:07.750,7.62,96,100,100,0.041,30.83,52,0,8.07,-0.250,0.769,1.86,58,0,-144.45,-17.46,10,0.00,,,,,,,,,29.37,38.9,-30,-30,,218,-289,699,243,0,667,0,0,1,-1,0,1,-1,-1,-1,-1,-1,-1,0,0,
2026-04-02,18:41:08.010,7.62,95,100,100,0.050,31.18,53,0,8.07,-0.236,0.709,1.52,59,0,-136.10,-12.65,10,0.00,,,,,,,,,29.37,38.9,-30,-30,,212,-426,704,206,0,667,0,0,1,-1,0,1,-1,-1,-1,-1,-1,-1,0,0,
2026-04-02,18:41:08.280,7.62,96,100,100,0.045,31.46,54,0,8.07,-0.241,0.839,1.16,60,0,-133.87,-11.36,10,0.00,,,,,,,,,29.34,40.8,-30,-30,,190,-472,703,154,0,666,0,0,1,-1,0,1,-1,-1,-1,-1,-1,-1,0,0,
2026-04-02,18:41:08.540,7.62,97,100,100,0.045,31.68,55,0,8.07,-0.270,0.981,1.16,62,0,-137.15,-10.79,10,0.00,,,,,,,,,29.34,40.8,-30,-30,,175,-345,703,194,0,666,0,0,1,-1,0,1,-1,-1,-1,-1,-1,-1,0,0,
2026-04-02,18:41:08.810,7.62,99,100,100,0.026,31.96,55,0,8.07,-0.241,0.925,0.89,61,0,-140.02,-8.33,10,0.00,,,,,,,,,29.32,40.7,-30,-30,,174,-424,702,93,0,667,0,0,1,-1,0,1,-1,-1,-1,-1,-1,-1,0,0,
2026-04-02,18:41:09.080,7.62,97,100,100,0.025,31.95,51,0,8.07,-0.237,0.983,0.54,59,0,-140.02,-7.57,10,0.00,,,,,,,,,29.32,40.7,-30,-30,,148,-490,701,0,0,666,0,0,1,-1,0,1,-1,-1,-1,-1,-1,-1,0,0,
2026-04-02,18:41:09.340,7.62,92,100,100,0.020,31.30,47,0,8.04,-0.250,1.073,-0.87,56,0,-143.17,-8.83,10,0.00,,,,,,,,,29.30,40.6,-30,-30,,95,-525,703,-9,0,667,0,0,1,-1,0,1,-1,-1,-1,-1,-1,-1,0,0,
2026-04-02,18:41:09.600,7.62,89,100,100,0.020,30.82,46,0,8.02,-0.251,1.221,-1.33,52,0,-143.49,-9.12,10,0.00,,,,,,,,,29.30,40.6,-30,-30,,49,-567,702,-74,0,667,0,0,1,-1,0,1,-1,-1,-1,-1,-1,-1,0,0,
2026-04-02,18:41:09.860,7.62,87,100,100,0.020,30.26,44,0,8.04,-0.252,1.277,-1.63,47,0,-143.40,-10.10,10,0.00,,,,,,,,,29.28,40.5,-30,-30,,27,-587,703,-163,0,666,0,0,1,-1,0,1,-1,-1,-1,-1,-1,-1,0,0,
2026-04-02,18:41:10.130,7.62,92,100,100,0.015,29.39,46,0,8.00,-0.245,1.324,-2.41,46,0,-143.40,-10.10,10,0.00,,,,,,,,,29.28,40.5,-30,-30,,0,-619,702,-211,0,667,0,0,1,-1,0,1,-1,-1,-1,-1,-1,-1,0,0,
2026-04-02,18:41:10.400,7.62,95,100,100,0.009,28.60,48,0,8.03,-0.247,1.422,-2.72,47,0,-151.41,-14.43,10,0.00,,,,,,,,,29.27,40.3,-30,-30,,0,-517,700,0,0,667,0,0,1,-1,0,1,-1,-1,-1,-1,-1,-1,0,0,
2026-04-02,18:41:10.660,7.62,98,100,100,0.000,27.92,48,0,8.05,-0.244,1.356,-2.53,48,0,-155.79,-17.90,10,0.00,,,,,,,,,29.27,40.0,-30,-30,,0,-543,700,0,0,666,0,0,1,-1,0,1,-1,-1,-1,-1,-1,-1,0,0,
2026-04-02,18:41:10.930,7.62,95,100,100,0.009,27.36,48,0,8.04,-0.230,1.356,-2.15,49,0,-156.03,-18.91,10,0.00,,,,,,,,,29.27,40.0,-30,-30,,0,-556,700,0,0,666,0,0,1,-1,0,1,-1,-1,-1,-1,-1,-1,0,0,
2026-04-02,18:41:11.200,7.63,92,100,100,0.020,26.68,46,0,8.04,-0.237,1.347,-2.23,50,0,-161.17,-22.85,10,0.00,,,,,,,,,29.27,39.8,-30,-30,,14,-487,699,126,0,666,0,0,1,-1,0,1,-1,-1,-1,-1,-1,-1,0,0,
2026-04-02,18:41:11.470,7.62,92,100,100,0.019,26.05,45,0,8.06,-0.222,1.299,-2.25,50,0,-165.23,-24.44,10,0.00,,,,,,,,,29.27,39.8,-30,-30,,85,-515,699,180,0,667,0,0,1,-1,0,1,-1,-1,-1,-1,-1,-1,0,0,
2026-04-02,18:41:11.730,7.62,91,100,100,0.019,25.41,45,0,8.06,-0.215,1.238,-2.21,51,0,-168.23,-26.34,10,0.00,,,,,,,,,29.27,39.7,-30,-30,,127,-405,700,307,0,667,0,0,1,-1,0,1,-1,-1,-1,-1,-1,-1,0,0,
2026-04-02,18:41:11.990,7.63,93,100,100,0.019,25.10,45,0,8.05,-0.200,1.103,-1.70,51,0,-167.65,-27.47,10,0.00,,,,,,,,,29.27,39.7,-30,-30,,157,-366,701,422,0,666,0,0,1,-1,0,1,-1,-1,-1,-1,-1,-1,0,0,
2026-04-02,18:41:12.260,7.63,88,100,100,0.021,24.98,45,0,8.06,-0.200,1.049,-0.38,51,0,-165.17,-27.03,10,0.00,,,,,,,,,29.27,39.7,-30,-30,,157,-410,701,396,0,667,0,0,1,-1,0,1,-1,-1,-1,-1,-1,-1,0,0,
2026-04-02,18:41:12.530,7.63,86,100,100,0.026,25.04,44,0,8.02,-0.180,1.015,-0.04,51,0,-160.47,-24.22,10,0.00,,,,,,,,,29.27,39.7,-30,-30,,151,-565,702,225,0,666,0,0,1,-1,0,1,-1,-1,-1,-1,-1,-1,0,0,
2026-04-02,18:41:12.790,7.63,79,100,100,0.014,25.15,40,0,8.00,-0.192,1.316,0.22,55,0,-159.21,-23.87,10,0.00,,,,,,,,,29.26,39.8,-30,-30,,141,-547,701,223,0,666,0,0,1,-1,0,1,-1,-1,-1,-1,-1,-1,0,0,
2026-04-02,18:41:13.050,7.62,79,100,100,0.014,25.31,38,0,8.04,-0.227,1.331,0.39,56,0,-156.40,-26.91,10,0.00,,,,,,,,,29.26,39.8,-30,-30,,145,-526,700,248,0,667,0,0,1,-1,0,1,-1,-1,-1,-1,-1,-1,0,0,
2026-04-02,18:41:13.320,7.62,77,100,100,0.001,25.31,37,0,8.06,-0.233,1.279,0.61,57,0,-149.85,-27.79,10,0.00,,,,,,,,,29.25,39.9,-30,-30,,140,-517,701,257,0,667,0,0,1,-1,0,1,-1,-1,-1,-1,-1,-1,0,0,
2026-04-02,18:41:13.580,7.63,74,100,100,0.007,25.87,36,0,8.06,-0.233,1.282,0.89,58,0,-146.07,-28.28,10,0.00,,,,,,,,,29.25,39.9,-30,-30,,135,-525,701,250,0,666,0,0,1,-1,0,1,-1,-1,-1,-1,-1,-1,0,0,
2026-04-02,18:41:13.840,7.63,70,100,100,0.030,26.32,36,0,8.07,-0.232,1.217,1.28,56,0,-142.73,-29.18,10,0.00,,,,,,,,,29.23,39.9,-30,-30,,121,-506,701,182,0,666,0,0,1,-1,0,1,-1,-1,-1,-1,-1,-1,0,0,
2026-04-02,18:41:14.100,7.62,67,100,100,0.024,27.06,38,0,8.07,-0.239,1.203,1.98,53,0,-142.39,-29.45,10,0.00,,,,,,,,,29.23,39.9,-30,-30,,123,-493,702,100,0,667,0,0,1,-1,0,1,-1,-1,-1,-1,-1,-1,0,0,
2026-04-02,18:41:14.370,7.62,68,100,100,0.026,27.59,39,0,8.07,-0.245,1.180,2.05,53,0,-141.86,-29.51,10,0.00,,,,,,,,,29.22,40.0,-30,-30,,142,-500,701,191,0,667,0,0,1,-1,0,1,-1,-1,-1,-1,-1,-1,0,0,
2026-04-02,18:41:14.630,7.62,74,100,100,0.025,28.19,40,0,8.07,-0.251,1.153,1.94,53,0,-140.75,-29.54,10,0.00,,,,,,,,,29.22,40.0,-30,-30,,172,-519,701,235,0,666,0,0,1,-1,0,1,-1,-1,-1,-1,-1,-1,0,0,
2026-04-02,18:41:14.900,7.62,79,100,100,0.028,28.87,40,0,8.01,-0.247,1.145,2.26,54,0,-138.33,-29.28,10,0.00,,,,,,,,,29.22,40.2,-30,-30,,188,-536,701,316,0,667,0,0,1,-1,0,1,-1,-1,-1,-1,-1,-1,0,0,
2026-04-02,18:41:15.160,7.62,84,100,100,0.028,29.53,41,0,8.00,-0.263,1.187,2.63,55,0,-133.50,-28.87,10,0.00,,,,,,,,,29.22,40.2,-30,-30,,198,-560,701,307,0,666,0,0,1,-1,0,1,-1,-1,-1,-1,-1,-1,0,0,
2026-04-02,18:41:15.420,7.62,89,100,100,0.033,31.10,41,0,7.99,-0.261,1.150,2.60,54,0,-130.82,-28.36,10,0.00,,,,,,,,,29.20,40.2,-30,-30,,199,-628,702,262,0,666,0,0,1,-1,0,1,-1,-1,-1,-1,-1,-1,0,0,
2026-04-02,18:41:15.680,7.62,91,100,100,0.029,31.89,42,0,8.00,-0.276,1.210,2.71,52,0,-127.18,-27.14,10,0.00,,,,,,,,,29.19,40.4,-30,-30,,191,-617,701,251,0,667,0,0,1,-1,0,1,-1,-1,-1,-1,-1,-1,0,0,
2026-04-02,18:41:15.950,7.62,95,100,100,0.029,32.62,43,0,8.03,-0.300,1.247,2.56,50,0,-125.66,-26.64,10,0.00,,,,,,,,,29.19,40.4,-30,-30,,187,-601,701,260,0,666,0,0,1,-1,0,1,-1,-1,-1,-1,-1,-1,0,0,
2026-04-02,18:41:16.220,7.62,96,100,100,0.037,33.48,44,0,8.06,-0.294,1.204,2.80,48,0,-122.19,-24.88,10,0.00,,,,,,,,,29.18,40.4,-30,-30,,187,-607,701,256,0,666,0,0,1,-1,0,1,-1,-1,-1,-1,-1,-1,0,0,
2026-04-02,18:41:16.490,7.62,98,100,100,0.043,34.24,46,0,8.06,-0.298,1.172,2.77,47,0,-118.61,-22.56,10,0.00,,,,,,,,,29.18,40.4,-30,-30,,201,-625,701,240,0,667,0,0,1,-1,0,1,-1,-1,-1,-1,-1,-1,0,0,
2026-04-02,18:41:16.750,7.62,99,100,100,0.043,35.00,48,0,8.07,-0.302,1.168,2.64,48,0,-117.35,-21.35,10,0.00,,,,,,,,,29.16,40.8,-30,-30,,229,-671,702,157,0,666,0,0,1,-1,0,1,-1,-1,-1,-1,-1,-1,0,0,
2026-04-02,18:41:17.010,7.62,100,100,100,0.043,35.75,50,0,8.01,-0.317,1.217,2.56,50,0,-117.45,-18.79,10,0.00,,,,,,,,,29.16,40.8,-30,-30,,234,-671,702,150,0,666,0,0,1,-1,0,1,-1,-1,-1,-1,-1,-1,0,0,
2026-04-02,18:41:17.270,7.62,100,100,100,0.044,36.53,51,0,8.02,-0.327,1.238,2.73,51,0,-118.03,-17.54,10,0.00,,,,,,,,,29.14,40.9,-30,-30,,238,-649,702,188,0,667,0,0,1,-1,0,1,-1,-1,-1,-1,-1,-1,0,0,
2026-04-02,18:41:17.540,7.61,100,100,100,0.037,37.26,52,0,8.05,-0.333,1.228,2.63,52,0,-117.70,-15.04,10,0.00,,,,,,,,,29.14,40.9,-30,-30,,239,-621,701,229,0,666,0,0,1,-1,0,1,-1,-1,-1,-1,-1,-1,0,0,
2026-04-02,18:41:17.800,7.61,98,100,100,0.047,37.87,51,0,8.06,-0.330,1.179,2.63,54,0,-116.51,-12.79,10,0.00,,,,,,,,,29.13,40.9,-30,-30,,239,-614,701,241,0,667,0,0,1,-1,0,1,-1,-1,-1,-1,-1,-1,0,0,
2026-04-02,18:41:18.070,7.62,95,100,100,0.054,38.52,48,0,8.07,-0.328,1.114,2.28,58,0,-116.69,-11.67,10,0.00,,,,,,,,,29.13,40.9,-30,-30,,238,-573,701,302,0,666,0,0,1,-1,0,1,-1,-1,-1,-1,-1,-1,0,0,
2026-04-02,18:41:18.340,7.62,91,100,100,0.051,39.73,46,0,8.03,-0.316,1.039,2.12,59,0,-118.19,-8.87,10,0.00,,,,,,,,,29.12,41.1,-30,-30,,236,-633,700,249,0,667,0,0,1,-1,0,1,-1,-1,-1,-1,-1,-1,0,0,
2026-04-02,18:41:18.600,7.62,93,100,100,0.050,40.23,45,0,8.04,-0.317,1.069,1.98,61,0,-121.02,-7.77,10,0.00,,,,,,,,,29.12,41.1,-30,-30,,232,-554,699,289,0,667,0,0,1,-1,0,1,-1,-1,-1,-1,-1,-1,0,0,
2026-04-02,18:41:18.860,7.62,95,100,100,0.047,40.69,45,0,8.03,-0.316,1.056,1.68,63,0,-123.64,-5.31,10,0.00,,,,,,,,,29.10,40.7,-30,-30,,239,-505,700,331,0,666,0,0,1,-1,0,1,-1,-1,-1,-1,-1,-1,0,0,
2026-04-02,18:41:19.120,7.62,97,100,100,0.055,41.07,45,0,8.03,-0.292,1.020,1.52,63,0,-126.09,-2.84,10,0.00,,,,,,,,,29.10,40.7,-30,-30,,248,-437,700,423,0,666,0,0,1,-1,0,1,-1,-1,-1,-1,-1,-1,0,0,
2026-04-02,18:41:19.380,7.62,96,100,100,0.042,41.33,45,0,8.02,-0.280,0.898,1.13,64,0,-126.90,-1.94,10,0.00,,,,,,,,,29.09,40.9,-30,-30,,251,-489,699,377,0,666,0,0,1,-1,0,1,-1,-1,-1,-1,-1,-1,0,0,
2026-04-02,18:41:19.660,7.62,87,100,100,0.053,41.43,45,0,7.99,-0.269,0.967,0.73,65,0,-128.87,-1.37,10,0.00,,,,,,,,,29.09,40.5,-30,-30,,213,-670,698,61,0,666,0,0,1,-1,0,1,-1,-1,-1,-1,-1,-1,0,0,
2026-04-02,18:41:19.920,7.62,82,100,100,0.060,41.47,45,0,7.98,-0.301,1.120,0.29,65,0,-134.45,-2.29,10,0.00,,,,,,,,,29.08,40.5,-30,-30,,218,-686,699,76,0,667,0,0,1,-1,0,1,-1,-1,-1,-1,-1,-1,0,0,
2026-04-02,18:41:20.180,7.62,85,100,100,0.026,41.39,46,0,7.98,-0.315,1.317,0.05,65,0,-142.06,-3.16,10,0.00,,,,,,,,,29.07,40.4,-30,-30,,276,-703,700,82,0,667,0,0,1,-1,0,1,-1,-1,-1,-1,-1,-1,0,0,
2026-04-02,18:41:20.440,7.62,93,100,100,0.030,41.24,49,0,7.97,-0.326,1.350,-0.29,66,0,-138.41,-3.42,10,0.00,,,,,,,,,29.07,40.4,-30,-30,,303,-701,701,81,0,666,0,0,1,-1,0,1,-1,-1,-1,-1,-1,-1,0,0,
2026-04-02,18:41:20.710,7.62,98,100,100,0.030,40.98,54,0,8.00,-0.324,1.322,-0.64,67,0,-137.74,-4.04,10,0.00,,,,,,,,,29.07,40.9,-30,-30,,315,-586,700,0,0,666,0,0,1,-1,0,1,-1,-1,-1,-1,-1,-1,0,0,
2026-04-02,18:41:20.970,7.62,99,100,100,0.027,40.69,56,0,7.98,-0.304,1.249,-1.31,68,0,-141.88,-4.70,10,0.00,,,,,,,,,29.07,40.9,-30,-30,,332,-558,702,0,0,666,0,0,1,-1,0,1,-1,-1,-1,-1,-1,-1,0,0,
2026-04-02,18:41:21.230,7.62,99,100,100,0.018,39.72,59,0,7.98,-0.285,1.212,-1.55,68,0,-144.82,-4.41,10,0.00,,,,,,,,,29.06,40.9,-30,-30,,353,-542,702,3,0,666,0,0,1,-1,0,1,-1,-1,-1,-1,-1,-1,0,0,
2026-04-02,18:41:21.490,7.62,100,100,100,0.000,39.21,61,0,8.00,-0.270,1.199,-1.73,68,0,-144.80,-3.61,10,0.00,,,,,,,,,29.06,40.9,-30,-30,,365,-461,701,149,0,667,0,0,1,-1,0,1,-1,-1,-1,-1,-1,-1,0,0,
2026-04-02,18:41:21.760,7.62,100,100,100,-0.003,38.72,62,0,8.00,-0.255,1.210,-1.70,69,0,-142.06,-3.15,10,0.00,,,,,,,,,29.05,40.5,-30,-30,,361,-543,701,0,0,666,0,0,1,-1,0,1,-1,-1,-1,-1,-1,-1,0,0,
2026-04-02,18:41:22.030,7.62,99,100,100,-0.005,38.15,63,0,8.00,-0.248,1.189,-1.70,68,0,-136.05,-1.23,10,0.00,,,,,,,,,29.05,40.5,-30,-30,,293,-586,700,-60,0,666,0,0,1,-1,0,1,-1,-1,-1,-1,-1,-1,0,0,
2026-04-02,18:41:22.300,7.62,99,100,100,-0.005,37.57,63,0,7.98,-0.251,1.303,-1.95,68,0,-134.45,-0.38,10,0.00,,,,,,,,,29.06,40.0,-30,-30,,255,-651,700,-150,0,666,0,0,1,-1,0,1,-1,-1,-1,-1,-1,-1,0,0,
2026-04-02,18:41:22.560,7.62,99,100,100,-0.018,37.03,62,0,7.98,-0.254,1.373,-1.88,68,0,-134.60,-0.20,10,0.00,,,,,,,,,29.06,40.0,-30,-30,,205,-658,700,-241,0,666,0,0,1,-1,0,1,-1,-1,-1,-1,-1,-1,0,0,
2026-04-02,18:41:22.820,7.61,99,100,100,-0.012,36.59,61,0,7.97,-0.268,1.430,-1.69,68,0,-135.20,-0.72,10,0.00,,,,,,,,,29.06,40.0,-30,-30,,137,-680,697,-348,0,666,0,0,1,-1,0,1,-1,-1,-1,-1,-1,-1,0,0,
2026-04-02,18:41:23.080,7.61,96,100,100,-0.010,35.95,59,0,7.97,-0.260,1.451,-1.97,66,0,-136.48,-1.26,10,0.00,,,,,,,,,29.06,40.0,-30,-30,,72,-727,694,-393,0,666,0,0,1,-1,0,1,-1,-1,-1,-1,-1,-1,0,0,
2026-04-02,18:41:23.340,7.62,93,100,100,-0.006,35.28,58,0,7.97,-0.251,1.485,-2.17,65,0,-143.34,-4.18,10,0.00,,,,,,,,,29.06,39.6,-30,-30,,70,-650,695,-332,0,666,0,0,1,-1,0,1,-1,-1,-1,-1,-1,-1,0,0,
2026-04-02,18:41:23.600,7.62,94,100,100,-0.004,34.60,57,0,8.03,-0.257,1.505,-2.30,66,0,-148.03,-6.55,10,0.00,,,,,,,,,29.06,39.6,-30,-30,,78,-443,696,-319,0,667,0,0,1,-1,0,1,-1,-1,-1,-1,-1,-1,0,0,
2026-04-02,18:41:23.880,7.62,97,100,100,-0.022,33.38,57,0,8.05,-0.242,1.310,-2.11,66,0,-158.22,-10.39,10,0.00,,,,,,,,,29.07,39.4,-30,-30,,0,-420,697,-376,0,667,0,0,1,-1,0,1,-1,-1,-1,-1,-1,-1,0,0,
2026-04-02,18:41:24.150,7.62,98,100,100,-0.015,32.82,57,0,8.04,-0.202,1.143,-1.97,66,0,-167.38,-11.25,10,0.00,,,,,,,,,29.07,39.4,-30,-30,,8,-313,696,-150,0,667,0,0,1,-1,0,1,-1,-1,-1,-1,-1,-1,0,0,
2026-04-02,18:41:24.420,7.62,97,100,100,-0.003,32.25,57,0,8.06,-0.181,1.097,-2.02,68,0,-171.06,-12.31,10,0.00,,,,,,,,,29.07,39.4,-30,-30,,41,-84,699,-8,0,666,0,0,1,-1,0,1,-1,-1,-1,-1,-1,-1,0,0,
2026-04-02,18:41:24.680,7.62,96,100,100,0.010,31.80,56,0,8.06,-0.162,0.812,-1.77,68,0,-173.56,-10.64,10,0.00,,,,,,,,,29.07,39.2,-30,-30,,0,-160,698,-48,0,667,0,0,1,-1,0,1,-1,-1,-1,-1,-1,-1,0,0,
2026-04-02,18:41:24.950,7.62,97,100,100,0.020,31.28,55,0,8.05,-0.162,0.871,-1.78,69,0,-175.47,-9.06,10,0.00,,,,,,,,,29.07,39.2,-30,-30,,0,-236,698,-193,0,667,0,0,1,-1,0,1,-1,-1,-1,-1,-1,-1,0,0,
2026-04-02,18:41:25.220,7.62,99,100,100,0.011,31.28,55,0,8.06,-0.166,0.951,-1.46,71,0,-175.47,-9.06,10,0.00,,,,,,,,,29.07,39.0,-30,-30,,0,-208,698,-85,0,667,0,0,1,-1,0,1,-1,-1,-1,-1,-1,-1,0,0,
2026-04-02,18:41:25.480,7.62,99,100,100,0.000,30.71,53,0,8.07,-0.155,0.924,-1.08,69,0,173.56,-10.63,10,0.00,,,,,,,,,29.07,39.0,-30,-30,,0,3,699,0,0,666,0,0,1,-1,0,1,-1,-1,-1,-1,-1,-1,0,0,
2026-04-02,18:41:25.750,7.62,97,100,100,-0.004,30.54,52,0,8.02,-0.130,0.795,-1.08,69,0,174.07,-9.61,10,0.00,,,,,,,,,29.07,38.9,-30,-30,,0,-226,699,115,0,666,0,0,1,-1,0,1,-1,-1,-1,-1,-1,-1,0,0,
2026-04-02,18:41:26.020,7.62,97,100,100,0.000,30.09,51,0,8.01,-0.136,0.944,-1.08,69,0,175.63,-7.85,10,0.00,,,,,,,,,29.07,38.9,-30,-30,,0,-302,699,-46,0,666,0,0,1,-1,0,1,-1,-1,-1,-1,-1,-1,0,0,
2026-04-02,18:41:26.290,7.61,95,100,100,0.012,29.53,49,0,8.03,-0.145,1.079,-1.70,71,0,178.59,-10.20,10,0.00,,,,,,,,,29.08,38.9,-30,-30,,0,-209,698,-139,0,667,0,0,1,-1,0,1,-1,-1,-1,-1,-1,-1,0,0,
2026-04-02,18:41:26.560,7.62,93,100,100,0.001,28.94,47,0,8.06,-0.128,0.986,-1.06,71,0,174.94,-10.08,10,0.00,,,,,,,,,29.08,38.9,-30,-30,,0,-145,699,-166,0,667,0,0,1,-1,0,1,-1,-1,-1,-1,-1,-1,0,0,
2026-04-02,18:41:26.830,7.62,92,100,100,-0.020,28.30,48,0,8.02,-0.118,0.944,-1.73,72,0,168.47,-9.63,10,0.00,,,,,,,,,29.08,38.8,-30,-30,,0,-270,698,140,0,666,0,0,1,-1,0,1,-1,-1,-1,-1,-1,-1,0,0,
2026-04-02,18:41:27.090,7.62,94,100,100,-0.023,27.82,49,0,8.02,-0.128,1.115,-1.80,73,0,168.23,-9.87,10,0.00,,,,,,,,,29.08,38.8,-30,-30,,0,-273,698,273,0,666,0,0,1,-1,0,1,-1,-1,-1,-1,-1,-1,0,0,
2026-04-02,18:41:27.350,7.61,94,100,100,-0.013,27.52,49,0,8.05,-0.131,1.103,-1.38,74,0,176.97,-10.79,10,0.00,,,,,,,,,29.08,38.6,-30,-30,,0,-177,699,54,0,666,0,0,1,-1,0,1,-1,-1,-1,-1,-1,-1,0,0,
2026-04-02,18:41:27.620,7.61,93,100,100,0.023,27.15,50,0,8.06,-0.111,0.927,-1.20,73,0,179.53,-10.46,10,0.00,,,,,,,,,29.08,38.6,-30,-30,,0,-239,699,109,0,667,0,0,1,-1,0,1,-1,-1,-1,-1,-1,-1,0,0,
2026-04-02,18:41:27.880,7.62,93,100,100,0.007,27.15,50,0,8.04,-0.115,0.927,-1.51,72,0,176.95,-9.70,10,0.00,,,,,,,,,29.09,38.7,-30,-30,,0,-258,699,160,0,666,0,0,1,-1,0,1,-1,-1,-1,-1,-1,-1,0,0,
2026-04-02,18:41:28.160,7.62,92,100,100,0.002,26.27,49,0,8.02,-0.119,1.116,-1.47,69,0,178.51,-10.65,10,0.00,,,,,,,,,29.09,38.4,-30,-30,,0,-225,698,148,0,666,0,0,1,-1,0,1,-1,-1,-1,-1,-1,-1,0,0,
2026-04-02,18:41:28.430,7.62,93,100,100,0.000,26.03,50,0,8.04,-0.110,1.063,-1.14,68,0,-177.38,-11.30,10,0.00,,,,,,,,,29.10,38.4,-30,-30,,0,-248,699,50,0,666,0,0,1,-1,0,1,-1,-1,-1,-1,-1,-1,0,0,
2026-04-02,18:41:28.700,7.62,94,100,100,-0.005,25.78,51,0,8.04,-0.112,1.060,-0.94,66,0,-177.38,-11.30,10,0.00,,,,,,,,,29.10,38.2,-30,-30,,0,-168,698,28,0,666,0,0,1,-1,0,1,-1,-1,-1,-1,-1,-1,0,0,
2026-04-02,18:41:28.960,7.62,95,100,100,-0.016,25.29,51,0,8.03,-0.106,1.036,-1.32,62,0,-179.56,-10.75,10,0.00,,,,,,,,,29.10,38.2,-30,-30,,0,-111,699,0,0,666,0,0,1,-1,0,1,-1,-1,-1,-1,-1,-1,0,0,
2026-04-02,18:41:29.230,7.62,93,100,100,-0.017,24.90,51,0,8.05,-0.101,0.953,-0.79,61,0,-179.07,-10.11,10,0.00,,,,,,,,,29.11,38.2,-30,-30,,0,-145,698,0,0,666,0,0,1,-1,0,1,-1,-1,-1,-1,-1,-1,0,0,
2026-04-02,18:41:29.490,7.62,92,100,100,-0.017,24.68,50,0,8.05,-0.090,0.956,-0.73,61,0,-178.56,-8.89,10,0.00,,,,,,,,,29.11,38.2,-30,-30,,0,-173,698,0,0,666,0,0,1,-1,0,1,-1,-1,-1,-1,-1,-1,0,0,
2026-04-02,18:41:29.770,7.62,95,100,100,-0.015,24.45,52,0,8.02,-0.089,1.010,-0.73,56,0,-178.43,-8.83,10,0.00,,,,,,,,,29.12,37.8,-30,-30,,0,-209,699,0,0,666,0,0,1,-1,0,1,-1,-1,-1,-1,-1,-1,0,0,
2026-04-02,18:41:30.040,7.62,95,100,100,-0.017,24.31,52,0,7.99,-0.087,1.062,-0.62,53,0,-178.64,-9.05,10,0.00,,,,,,,,,29.12,37.8,-30,-30,,0,-260,697,-52,0,667,0,0,1,-1,0,1,-1,-1,-1,-1,-1,-1,0,0,
2026-04-02,18:41:30.310,7.62,91,100,100,-0.025,24.23,48,0,7.98,-0.093,1.185,-0.45,51,0,-179.48,-10.23,10,0.00,,,,,,,,,29.12,37.6,-30,-30,,-188,-363,693,-195,0,666,0,0,1,-1,0,1,-1,-1,-1,-1,-1,-1,0,0,
2026-04-02,18:41:30.570,7.62,86,99,99,-0.019,24.11,45,0,7.97,-0.110,1.185,-0.41,43,0,173.03,-11.93,10,0.00,,,,,,,,,29.12,37.6,-30,-30,,-200,-410,694,-204,0,666,0,0,1,-1,0,1,-1,-1,-1,-1,-1,-1,0,0,
2026-04-02,18:41:30.840,7.62,87,96,96,-0.022,24.29,45,0,7.97,-0.125,1.402,0.07,37,0,169.10,-16.42,10,0.00,,,,,,,,,29.13,37.6,-30,-30,,-213,-429,692,-157,0,666,0,0,1,-1,0,1,-1,-1,-1,-1,-1,-1,0,0,
2026-04-02,18:41:31.100,7.62,86,95,95,-0.013,24.69,44,0,7.97,-0.139,1.403,0.87,41,0,155.72,-20.28,10,0.00,,,,,,,,,29.13,37.6,-30,-30,,-229,-446,673,-73,0,667,0,0,1,-1,0,1,-1,-1,-1,-1,-1,-1,0,0,
2026-04-02,18:41:31.370,7.62,85,95,95,-0.015,25.05,44,0,7.97,-0.142,1.395,1.15,47,0,155.72,-20.28,10,0.00,,,,,,,,,29.13,36.6,-30,-30,,-230,-478,669,0,0,667,0,0,1,-1,0,1,-1,-1,-1,-1,-1,-1,0,0,
2026-04-02,18:41:31.630,7.62,83,95,95,-0.006,25.49,44,0,7.97,-0.157,1.383,1.37,50,0,138.12,-22.68,10,0.00,,,,,,,,,29.13,36.6,-30,-30,,-115,-498,675,209,0,667,0,0,1,-1,0,1,-1,-1,-1,-1,-1,-1,0,0,
2026-04-02,18:41:31.890,7.62,80,95,95,-0.005,26.76,42,0,7.97,-0.157,1.410,2.16,50,0,132.52,-22.90,10,0.00,,,,,,,,,29.13,36.0,-30,-30,,0,-466,681,330,0,666,0,0,1,-1,0,1,-1,-1,-1,-1,-1,-1,0,0,
2026-04-02,18:41:32.160,7.62,75,95,95,-0.015,27.42,40,0,8.02,-0.166,1.219,2.19,49,0,125.69,-21.12,10,0.00,,,,,,,,,29.13,36.0,-30,-30,,0,-504,681,318,0,667,0,0,1,-1,0,1,-1,-1,-1,-1,-1,-1,0,0,
2026-04-02,18:41:32.430,7.62,67,95,95,-0.017,28.05,38,0,8.00,-0.182,1.272,2.20,50,0,124.92,-20.09,10,0.00,,,,,,,,,29.12,37.3,-30,-30,,45,-551,680,336,0,666,0,0,1,-1,0,1,-1,-1,-1,-1,-1,-1,0,0,
2026-04-02,18:41:32.690,7.62,67,95,95,-0.018,28.55,38,0,7.99,-0.194,1.335,2.01,50,0,125.10,-19.98,10,0.00,,,,,,,,,29.10,37.6,-30,-30,,44,-579,680,385,0,667,0,0,1,-1,0,1,-1,-1,-1,-1,-1,-1,0,0,
2026-04-02,18:41:32.960,7.62,70,95,95,-0.010,28.91,39,0,8.02,-0.214,1.387,1.57,48,0,125.62,-20.01,10,0.00,,,,,,,,,29.10,37.6,-30,-30,,-26,-595,676,290,0,666,0,0,1,-1,0,1,-1,-1,-1,-1,-1,-1,0,0,
2026-04-02,18:41:33.220,7.62,73,95,95,-0.015,29.27,40,0,8.00,-0.223,1.408,1.36,46,0,127.40,-20.15,10,0.00,,,,,,,,,29.10,37.4,-30,-30,,-80,-632,676,332,0,667,0,0,1,-1,0,1,-1,-1,-1,-1,-1,-1,0,0,
2026-04-02,18:41:33.490,7.62,74,95,95,-0.006,29.65,42,0,8.01,-0.237,1.430,1.31,46,0,126.85,-20.08,10,0.00,,,,,,,,,29.10,37.4,-30,-30,,-50,-630,674,335,0,666,0,0,1,-1,0,1,-1,-1,-1,-1,-1,-1,0,0,
2026-04-02,18:41:33.750,7.62,75,95,95,-0.003,29.99,43,0,7.99,-0.235,1.367,1.26,42,0,125.11,-19.63,10,0.00,,,,,,,,,29.08,37.6,-30,-30,,0,-660,674,398,0,667,0,0,1,-1,0,1,-1,-1,-1,-1,-1,-1,0,0,
2026-04-02,18:41:34.010,7.62,78,95,95,-0.002,29.99,45,0,7.98,-0.229,1.334,1.16,41,0,120.96,-17.76,10,0.00,,,,,,,,,29.08,37.6,-30,-30,,0,-680,674,419,0,666,0,0,1,-1,0,1,-1,-1,-1,-1,-1,-1,0,0,
2026-04-02,18:41:34.280,7.62,77,95,95,-0.010,30.45,45,0,7.97,-0.233,1.369,0.79,41,0,118.97,-16.05,10,0.00,,,,,,,,,29.07,37.9,-30,-30,,0,-715,672,449,0,667,0,0,1,-1,0,1,-1,-1,-1,-1,-1,-1,0,0,
2026-04-02,18:41:34.540,7.62,75,96,96,-0.004,30.46,45,0,7.97,-0.233,1.390,0.38,47,0,118.98,-15.34,10,0.00,,,,,,,,,29.07,37.9,-30,-30,,0,-704,672,463,0,666,0,0,1,-1,0,1,-1,-1,-1,-1,-1,-1,0,0,
2026-04-02,18:41:34.810,7.62,75,98,98,-0.010,30.43,45,0,7.99,-0.250,1.402,0.07,48,0,118.98,-15.34,10,0.00,,,,,,,,,29.06,37.2,-30,-30,,0,-696,672,480,0,666,0,0,1,-1,0,1,-1,-1,-1,-1,-1,-1,0,0,
2026-04-02,18:41:35.070,7.62,79,100,100,-0.005,30.30,46,0,7.98,-0.235,1.362,-0.23,49,0,119.26,-12.36,10,0.00,,,,,,,,,29.06,37.2,-30,-30,,0,-697,672,472,0,666,0,0,1,-1,0,1,-1,-1,-1,-1,-1,-1,0,0,
2026-04-02,18:41:35.330,7.62,86,100,100,-0.005,30.02,47,0,7.99,-0.240,1.393,-0.63,49,0,117.82,-10.02,10,0.00,,,,,,,,,29.05,37.5,-30,-30,,0,-723,671,410,0,666,0,0,1,-1,0,1,-1,-1,-1,-1,-1,-1,0,0,
2026-04-02,18:41:35.590,7.62,89,100,100,-0.015,29.74,47,0,7.99,-0.241,1.415,-0.85,49,0,117.50,-8.06,10,0.00,,,,,,,,,29.05,37.5,-30,-30,,0,-730,672,420,0,666,0,0,1,-1,0,1,-1,-1,-1,-1,-1,-1,0,0,
2026-04-02,18:41:35.860,7.62,91,100,100,-0.008,29.41,48,0,7.98,-0.231,1.415,-1.06,50,0,117.15,-7.20,10,0.00,,,,,,,,,29.04,37.4,-30,-30,,0,-737,672,414,0,667,0,0,1,-1,0,1,-1,-1,-1,-1,-1,-1,0,0,
2026-04-02,18:41:36.130,7.62,90,100,100,-0.008,28.98,49,0,7.98,-0.252,1.485,-1.27,50,0,117.17,-5.43,10,0.00,,,,,,,,,29.04,37.4,-30,-30,,0,-735,673,406,0,666,0,0,1,-1,0,1,-1,-1,-1,-1,-1,-1,0,0,
2026-04-02,18:41:36.390,7.62,87,100,100,-0.005,28.52,48,0,8.00,-0.242,1.463,-1.44,46,0,116.63,-4.09,10,0.00,,,,,,,,,29.04,37.5,-30,-30,,0,-731,675,393,0,666,0,0,1,-1,0,1,-1,-1,-1,-1,-1,-1,0,0,
2026-04-02,18:41:36.660,7.61,83,100,100,-0.010,27.98,47,0,8.00,-0.239,1.477,-1.73,46,0,114.16,-1.29,10,0.00,,,,,,,,,29.04,37.7,-30,-30,,0,-642,676,477,0,666,0,0,1,-1,0,1,-1,-1,-1,-1,-1,-1,0,0,
2026-04-02,18:41:36.920,7.62,76,100,100,-0.020,27.31,47,0,8.04,-0.230,1.337,-2.01,44,0,113.72,1.84,10,0.00,,,,,,,,,29.02,37.7,-30,-30,,0,-586,679,580,0,667,0,0,1,-1,0,1,-1,-1,-1,-1,-1,-1,0,0,
2026-04-02,18:41:37.180,7.62,75,99,99,-0.012,26.48,46,0,8.03,-0.192,1.260,-2.46,40,0,117.39,3.94,10,0.00,,,,,,,,,29.02,37.7,-30,-30,,130,-539,682,674,0,667,0,0,1,-1,0,1,-1,-1,-1,-1,-1,-1,0,0,
2026-04-02,18:41:37.440,7.62,74,99,99,0.009,25.45,45,0,8.02,-0.151,1.055,-3.09,39,0,127.70,8.55,10,0.00,,,,,,,,,29.02,37.7,-30,-30,,101,-584,682,504,0,667,0,0,1,-1,0,1,-1,-1,-1,-1,-1,-1,0,0,
2026-04-02,18:41:37.700,7.62,75,99,99,-0.003,24.20,46,0,8.02,-0.154,1.128,-3.85,41,0,134.00,8.30,10,0.00,,,,,,,,,29.02,37.3,-30,-30,,49,-696,681,322,0,667,0,0,1,-1,0,1,-1,-1,-1,-1,-1,-1,0,0,
2026-04-02,18:41:37.960,7.62,76,99,99,-0.035,21.72,45,0,7.99,-0.162,1.565,-4.24,44,0,135.51,4.02,10,0.00,,,,,,,,,29.02,37.3,-30,-30,,66,-597,682,505,0,666,0,0,1,-1,0,1,-1,-1,-1,-1,-1,-1,0,0,
2026-04-02,18:41:38.220,7.62,80,99,99,-0.054,20.57,46,0,8.04,-0.198,1.592,-4.14,46,0,137.48,1.40,10,0.00,,,,,,,,,29.00,37.4,-30,-30,,95,-466,714,574,0,667,0,0,1,-1,0,1,-1,-1,-1,-1,-1,-1,0,0,
2026-04-02,18:41:38.480,7.62,84,99,99,-0.010,19.41,48,0,8.01,-0.156,1.270,-4.14,51,0,150.30,2.22,10,0.00,,,,,,,,,29.00,37.4,-30,-30,,134,-446,713,563,0,667,0,0,1,-1,0,1,-1,-1,-1,-1,-1,-1,0,0,
2026-04-02,18:41:38.740,7.62,88,99,99,0.007,18.06,49,0,8.04,-0.130,1.136,-4.31,54,0,155.90,3.26,10,0.00,,,,,,,,,29.00,40.9,-30,-30,,140,-456,714,478,0,667,0,0,1,-1,0,1,-1,-1,-1,-1,-1,-1,0,0,
2026-04-02,18:41:39.020,7.62,90,99,99,-0.005,16.80,51,0,8.01,-0.131,1.136,-4.50,56,0,159.99,2.46,10,0.00,,,,,,,,,29.00,40.9,-30,-30,,225,-466,714,557,0,666,0,0,1,-1,0,1,-1,-1,-1,-1,-1,-1,0,0,
2026-04-02,18:41:39.290,7.62,94,99,99,-0.041,15.74,52,0,7.99,-0.129,1.290,-4.03,56,0,166.87,0.00,10,0.00,,,,,,,,,29.00,39.5,-30,-30,,262,-450,714,576,0,666,0,0,1,-1,0,1,-1,-1,-1,-1,-1,-1,0,0,
2026-04-02,18:41:39.550,7.62,96,99,99,-0.029,14.77,53,0,7.98,-0.144,1.341,-3.65,59,0,175.32,-1.26,10,0.00,,,,,,,,,29.00,39.5,-30,-30,,259,-408,714,290,0,666,0,0,1,-1,0,1,-1,-1,-1,-1,-1,-1,0,0,
2026-04-02,18:41:39.820,7.62,96,99,99,-0.026,14.03,54,0,7.99,-0.138,1.316,-3.06,63,0,-166.77,-2.33,10,0.00,,,,,,,,,29.00,39.3,-30,-30,,185,-409,712,100,0,666,0,0,1,-1,0,1,-1,-1,-1,-1,-1,-1,0,0,
2026-04-02,18:41:40.080,7.62,94,99,99,-0.035,13.48,54,0,8.04,-0.140,1.354,-2.39,63,0,-165.16,-4.72,10,0.00,,,,,,,,,29.00,39.3,-30,-30,,142,-302,713,0,0,666,0,0,1,-1,0,1,-1,-1,-1,-1,-1,-1,0,0,
2026-04-02,18:41:40.340,7.61,95,99,99,-0.043,13.05,54,0,8.03,-0.131,1.239,-1.89,67,0,-163.73,-4.41,10,0.00,,,,,,,,,28.99,39.5,-30,-30,,98,-317,714,0,0,667,0,0,1,-1,0,1,-1,-1,-1,-1,-1,-1,0,0,
2026-04-02,18:41:40.600,7.61,95,99,99,-0.038,12.71,53,0,8.04,-0.130,1.187,-1.45,69,0,-158.68,-4.91,10,0.00,,,,,,,,,28.99,39.5,-30,-30,,0,-136,712,-101,0,666,0,0,1,-1,0,1,-1,-1,-1,-1,-1,-1,0,0,
2026-04-02,18:41:40.860,7.62,96,99,99,-0.018,12.60,54,0,8.06,-0.117,1.027,-0.31,72,0,-157.13,-4.62,10,0.00,,,,,,,,,28.98,39.5,-30,-30,,-28,-44,700,-255,0,666,0,0,1,-1,0,1,-1,-1,-1,-1,-1,-1,0,0,
2026-04-02,18:41:41.120,7.62,96,100,100,0.005,12.40,57,0,8.06,-0.093,0.841,-0.55,72,0,-164.04,-4.26,10,0.00,,,,,,,,,28.98,39.5,-30,-30,,-34,-97,698,-125,0,666,0,0,1,-1,0,1,-1,-1,-1,-1,-1,-1,0,0,
2026-04-02,18:41:41.380,7.62,98,100,100,0.010,12.26,59,0,8.07,-0.091,0.793,-0.52,71,0,-168.63,-3.48,10,0.00,,,,,,,,,28.99,38.8,-30,-30,,-26,-164,697,-32,0,667,0,0,1,-1,0,1,-1,-1,-1,-1,-1,-1,0,0,
2026-04-02,18:41:41.660,7.62,98,99,99,0.012,12.15,60,0,8.07,-0.098,0.944,-0.44,65,0,-172.25,-3.95,10,0.00,,,,,,,,,28.99,38.2,-30,-30,,-29,-144,693,-72,0,666,0,0,1,-1,0,1,-1,-1,-1,-1,-1,-1,0,0,
2026-04-02,18:41:41.930,7.61,99,100,99,0.008,12.16,60,0,8.07,-0.101,0.956,-0.19,70,0,-175.84,-5.04,10,0.00,,,,,,,,,28.99,38.2,-30,-30,,-41,-111,685,-104,0,666,0,0,1,-1,0,1,-1,-1,-1,-1,-1,-1,0,0,
2026-04-02,18:41:42.200,7.62,98,99,99,0.004,12.12,60,0,8.07,-0.094,0.930,-0.10,76,0,-178.48,-5.04,10,0.00,,,,,,,,,28.99,38.2,-30,-30,,-43,-125,684,-92,0,666,0,0,1,-1,0,1,-1,-1,-1,-1,-1,-1,0,0,
2026-04-02,18:41:42.460,7.62,98,99,99,-0.003,11.93,62,0,8.07,-0.096,0.928,-0.40,75,0,176.74,-5.29,10,0.00,,,,,,,,,28.99,38.2,-30,-30,,-43,-127,684,-85,0,667,0,0,1,-1,0,1,-1,-1,-1,-1,-1,-1,0,0,
2026-04-02,18:41:42.720,7.62,97,99,99,-0.007,11.83,65,0,8.07,-0.095,0.950,-0.40,77,0,175.39,-5.51,10,0.00,,,,,,,,,28.99,36.8,-30,-30,,-38,-152,684,-70,0,666,0,0,1,-1,0,1,-1,-1,-1,1,-1,-1,1,0,
2026-04-02,18:41:42.980,7.61,98,99,99,-0.004,11.70,66,0,8.02,-0.097,0.952,-0.41,78,0,173.76,-5.66,10,0.00,,,,,,,,,28.99,36.8,-30,-30,,-25,-218,688,0,0,667,0,0,1,-1,0,1,-1,-1,-1,-1,-1,-1,1,0,
2026-04-02,18:41:43.240,7.62,97,99,99,-0.007,11.54,66,0,8.03,-0.106,1.074,-0.50,80,0,172.51,-6.86,10,0.00,,,,,,,,,28.99,36.8,-30,-30,,-31,-295,687,0,0,667,0,0,1,-1,0,1,-1,-1,-1,-1,-1,-1,1,0,
2026-04-02,18:41:43.510,7.62,97,99,99,-0.008,11.36,67,0,7.99,-0.112,1.138,-0.57,84,0,171.81,-7.69,10,0.00,,,,,,,,,28.99,36.8,-30,-30,,-40,-378,687,115,0,666,0,0,1,-1,0,1,-1,-1,-1,-1,-1,-1,1,0,
2026-04-02,18:41:43.770,7.62,97,99,99,-0.008,11.29,64,0,7.98,-0.127,1.258,-0.18,78,0,169.20,-10.36,10,0.00,,,,,,,,,28.99,36.9,-30,-30,,0,-258,736,331,0,666,0,0,1,-1,0,1,-1,-1,-1,-1,-1,-1,0,0,
2026-04-02,18:41:44.040,7.62,98,99,99,-0.007,11.25,64,0,8.03,-0.143,1.226,-0.23,71,0,169.86,-11.82,10,0.00,,,,,,,,,28.99,36.9,-30,-30,,0,-221,771,312,0,666,0,0,1,-1,0,1,-1,-1,-1,-1,-1,-1,0,0,
2026-04-02,18:41:44.310,7.61,97,99,99,0.026,11.23,64,0,8.01,-0.137,1.031,-0.03,72,0,175.01,-10.60,10,0.00,,,,,,,,,28.96,43.6,-30,-30,,0,-313,769,241,0,667,0,0,1,-1,0,1,-1,-1,-1,-1,-1,-1,0,0,
2026-04-02,18:41:44.570,7.61,98,99,99,0.020,11.16,65,0,8.01,-0.154,1.083,-0.20,71,0,177.08,-11.87,10,0.00,,,,,,,,,28.96,43.6,-30,-30,,0,-347,765,178,0,666,0,0,1,-1,0,1,-1,-1,-1,-1,-1,-1,0,0,
2026-04-02,18:41:44.830,7.62,98,99,99,0.013,11.31,64,0,8.04,-0.152,1.198,0.17,66,0,176.26,-13.20,10,0.00,,,,,,,,,28.93,44.0,-30,-30,,0,-262,722,291,0,666,0,0,1,-1,0,1,-1,-1,-1,-1,-1,-1,0,0,
2026-04-02,18:41:45.090,7.62,98,99,99,0.003,11.69,62,0,8.06,-0.136,1.094,0.76,69,0,176.06,-14.10,10,0.00,,,,,,,,,28.93,44.0,-30,-30,,0,-286,713,252,0,666,0,0,1,-1,0,1,-1,-1,-1,-1,-1,-1,0,0,
2026-04-02,18:41:45.350,7.62,98,99,99,0.008,12.13,62,0,8.06,-0.137,1.071,1.28,70,0,-169.48,-14.29,10,0.00,,,,,,,,,28.92,39.7,-30,-30,,0,-301,712,0,0,666,0,0,1,-1,0,1,-1,-1,-1,-1,-1,-1,0,0,
2026-04-02,18:41:45.610,7.62,98,100,100,0.008,12.63,63,0,8.07,-0.153,1.146,1.48,70,0,-178.50,-15.79,10,0.00,,,,,,,,,28.92,39.7,-30,-30,,0,-326,713,0,0,666,0,0,1,-1,0,1,-1,-1,-1,-1,-1,-1,0,0,
2026-04-02,18:41:45.870,7.62,100,100,100,0.000,13.25,58,0,8.07,-0.164,1.141,1.87,69,0,169.74,-16.89,10,0.00,,,,,,,,,28.92,39.6,-30,-30,,0,-302,714,0,0,667,0,0,1,-1,0,1,-1,-1,-1,-1,-1,-1,0,0,
2026-04-02,18:41:46.140,7.62,100,100,100,-0.005,13.84,55,0,8.07,-0.168,1.149,2.08,67,0,175.62,-18.93,10,0.00,,,,,,,,,28.92,39.6,-30,-30,,0,-250,713,0,0,666,0,0,1,-1,0,1,-1,-1,-1,-1,-1,-1,0,0,
2026-04-02,18:41:46.410,7.62,100,100,100,-0.007,14.50,58,0,8.07,-0.178,1.078,2.16,66,0,175.07,-20.13,10,0.00,,,,,,,,,28.90,40.1,-30,-30,,0,-144,713,0,0,666,0,0,1,-1,0,1,-1,-1,-1,-1,-1,-1,0,0,
2026-04-02,18:41:46.680,7.62,100,100,100,0.005,16.17,59,0,8.07,-0.167,0.986,2.86,64,0,174.56,-19.51,10,0.00,,,,,,,,,28.90,40.1,-30,-30,,0,-122,712,0,0,667,0,0,1,-1,0,1,-1,-1,-1,-1,-1,-1,0,0,
2026-04-02,18:41:46.950,7.62,100,100,100,0.008,17.01,59,0,8.07,-0.162,0.869,2.99,61,0,173.51,-17.06,10,0.00,,,,,,,,,28.90,40.1,-30,-30,,0,-117,712,0,0,666,0,0,1,-1,0,1,-1,-1,-1,-1,-1,-1,0,0,
2026-04-02,18:41:47.220,7.61,99,100,100,0.009,17.79,60,0,8.07,-0.165,0.856,2.80,58,0,171.65,-16.45,10,0.00,,,,,,,,,28.88,40.2,-30,-30,,0,-125,713,5,0,666,0,0,1,-1,0,1,-1,-1,-1,-1,-1,-1,0,0,
2026-04-02,18:41:47.480,7.62,99,100,100,0.010,18.63,59,0,8.07,-0.170,0.848,2.83,55,0,170.54,-16.26,10,0.00,,,,,,,,,28.88,40.2,-30,-30,,0,-64,712,18,0,666,0,0,1,-1,0,1,-1,-1,-1,-1,-1,-1,0,0,
2026-04-02,18:41:47.750,7.61,99,100,100,0.012,19.39,58,0,8.04,-0.162,0.800,2.76,50,0,169.72,-14.98,10,0.00,,,,,,,,,28.88,40.4,-30,-30,,0,-166,712,18,0,666,0,0,1,-1,0,1,-1,-1,-1,-1,-1,-1,0,0,
2026-04-02,18:41:48.030,7.62,100,100,100,0.006,20.13,55,0,8.00,-0.168,0.838,2.65,47,0,169.84,-14.49,10,0.00,,,,,,,,,28.88,40.4,-30,-30,,0,-216,712,0,0,667,0,0,1,-1,0,1,-1,-1,-1,-1,-1,-1,0,0,
2026-04-02,18:41:48.290,7.62,98,98,98,0.010,20.77,52,0,7.98,-0.180,0.957,2.40,39,0,169.68,-14.96,10,0.00,,,,,,,,,28.88,40.3,-30,-30,,-161,-410,712,-358,0,667,0,0,1,-1,0,1,-1,-1,-1,-1,-1,-1,0,0,
2026-04-02,18:41:48.560,7.62,98,98,94,-0.007,21.39,49,0,7.98,-0.180,1.207,2.22,35,0,164.30,-17.75,10,0.00,,,,,,,,,28.88,40.3,-30,-30,,-187,-459,712,-229,0,666,0,0,1,-1,0,1,-1,-1,-1,-1,-1,-1,0,0,
2026-04-02,18:41:48.820,7.61,98,98,93,-0.007,21.39,48,0,7.97,-0.224,1.280,2.45,36,0,158.06,-20.27,10,0.00,,,,,,,,,28.86,40.4,-30,-30,,-100,-400,713,0,0,666,0,0,1,-1,0,1,-1,-1,-1,-1,-1,-1,0,0,
2026-04-02,18:41:49.080,7.61,100,100,93,-0.013,22.80,48,0,8.03,-0.233,1.202,2.38,38,0,151.81,-22.70,10,0.00,,,,,,,,,28.86,40.4,-30,-30,,-80,-328,766,0,0,666,0,0,1,-1,0,1,-1,-1,-1,-1,-1,-1,0,0,
2026-04-02,18:41:49.340,7.61,98,98,93,-0.001,22.80,48,0,8.00,-0.240,1.141,2.37,40,0,150.55,-22.08,10,0.00,,,,,,,,,28.83,42.5,-30,-30,,-66,-372,776,0,0,666,0,0,1,-1,0,1,-1,-1,-1,-1,-1,-1,0,0,
2026-04-02,18:41:49.600,7.61,91,93,93,0.012,24.73,47,0,7.98,-0.245,1.111,2.00,44,0,144.49,-21.05,10,0.00,,,,,,,,,28.83,42.5,-30,-30,,-49,-387,773,104,0,667,0,0,1,-1,0,1,-1,-1,-1,-1,-1,-1,0,0,
2026-04-02,18:41:49.860,7.61,87,93,93,0.010,25.21,47,0,7.98,-0.246,1.112,1.79,45,0,139.93,-20.88,10,0.00,,,,,,,,,28.79,46.7,-30,-30,,-68,-422,773,207,0,666,0,0,1,-1,0,1,-1,-1,-1,-1,-1,-1,0,0,
2026-04-02,18:41:50.120,7.62,86,93,93,0.005,25.21,46,0,8.00,-0.252,1.136,1.79,44,0,134.53,-20.24,10,0.00,,,,,,,,,28.79,46.7,-30,-30,,-86,-416,772,238,0,666,0,0,1,-1,0,1,-1,-1,-1,-1,-1,-1,0,0,
2026-04-02,18:41:50.380,7.61,91,93,93,0.014,26.37,45,0,7.99,-0.249,1.146,1.89,38,0,132.95,-18.79,10,0.00,,,,,,,,,28.77,46.9,-30,-30,,-84,-417,771,302,0,667,0,0,1,-1,0,1,-1,-1,-1,-1,-1,-1,0,0,
2026-04-02,18:41:50.650,7.61,90,92,92,0.018,26.83,45,0,7.98,-0.249,1.121,1.80,40,0,132.12,-17.62,10,0.00,,,,,,,,,28.77,46.7,-30,-30,,-89,-421,771,323,0,666,0,0,1,-1,0,1,-1,-1,-1,-1,-1,-1,0,0,
2026-04-02,18:41:50.920,7.62,91,92,92,0.020,27.21,45,0,7.97,-0.242,1.101,1.46,43,0,129.93,-15.15,10,0.00,,,,,,,,,28.74,46.7,-30,-30,,-61,-461,771,347,0,666,0,0,1,-1,0,1,-1,-1,-1,-1,-1,-1,0,0,
2026-04-02,18:41:51.180,7.61,90,92,92,0.014,27.39,47,0,7.97,-0.234,1.099,1.10,49,0,128.71,-13.93,10,0.00,,,,,,,,,28.73,46.1,-30,-30,,-19,-485,771,371,0,666,0,0,1,-1,0,1,-1,-1,-1,-1,-1,-1,0,0,
2026-04-02,18:41:51.440,7.61,93,93,92,0.010,27.41,48,0,7.97,-0.234,1.169,0.47,55,0,126.87,-12.17,10,0.00,,,,,,,,,28.73,46.1,-30,-30,,0,-573,771,339,0,667,0,0,1,-1,0,1,-1,-1,-1,-1,-1,-1,0,0,
2026-04-02,18:41:51.710,7.61,96,96,92,-0.002,27.28,49,0,7.97,-0.240,1.313,-0.06,60,0,125.58,-11.64,10,0.00,,,,,,,,,28.71,46.3,-30,-30,,57,-591,774,468,0,666,0,0,1,-1,0,1,-1,-1,-1,-1,-1,-1,0,0,
2026-04-02,18:41:51.970,7.62,98,98,92,-0.003,27.11,48,0,7.97,-0.248,1.370,-0.38,60,0,125.58,-11.64,10,0.00,,,,,,,,,28.71,46.3,-30,-30,,76,-624,774,498,0,666,0,0,1,-1,0,1,-1,-1,-1,-1,-1,-1,0,0,
2026-04-02,18:41:52.240,7.62,92,93,93,-0.013,26.82,43,0,7.97,-0.248,1.362,-0.74,62,0,127.31,-11.37,10,0.00,,,,,,,,,28.71,46.3,-30,-30,,57,-646,773,498,0,667,0,0,1,-1,0,1,-1,-1,-1,-1,-1,-1,0,0,
2026-04-02,18:41:52.510,7.62,81,97,97,-0.013,25.86,39,0,7.97,-0.248,1.362,-1.67,63,0,130.92,-10.96,10,0.00,,,,,,,,,28.71,46.3,-30,-30,,65,-643,772,518,0,667,0,0,1,-1,0,1,-1,-1,-1,-1,-1,-1,0,0,
2026-04-02,18:41:52.780,7.61,78,99,99,-0.003,25.30,39,0,7.97,-0.244,1.417,-1.95,63,0,134.08,-11.61,10,0.00,,,,,,,,,28.71,46.1,-30,-30,,80,-648,773,511,0,666,0,0,1,-1,0,1,-1,-1,-1,-1,-1,-1,0,0,
2026-04-02,18:41:53.050,7.62,81,99,99,-0.009,24.69,39,0,7.97,-0.238,1.409,-1.96,66,0,135.41,-12.31,10,0.00,,,,,,,,,28.71,46.1,-30,-30,,95,-620,773,525,0,666,0,0,1,-1,0,1,-1,-1,-1,-1,-1,-1,0,0,
2026-04-02,18:41:53.320,7.62,83,99,99,-0.008,24.16,39,0,7.99,-0.234,1.406,-1.91,65,0,136.51,-12.86,10,0.00,,,,,,,,,28.69,46.1,-30,-30,,113,-608,773,523,0,666,0,0,1,-1,0,1,-1,-1,-1,-1,-1,-1,0,0,
2026-04-02,18:41:53.580,7.62,85,99,99,-0.007,23.69,40,0,7.99,-0.230,1.372,-1.82,62,0,140.67,-13.87,10,0.00,,,,,,,,,28.69,46.1,-30,-30,,118,-611,774,488,0,667,0,0,1,-1,0,1,-1,-1,-1,-1,-1,-1,0,0,
2026-04-02,18:41:53.840,7.62,92,99,99,-0.007,23.20,43,0,8.01,-0.235,1.384,-1.66,62,0,142.97,-14.51,10,0.00,,,,,,,,,28.68,46.1,-30,-30,,112,-605,774,327,0,667,0,0,1,-1,0,1,-1,-1,-1,-1,-1,-1,0,0,
2026-04-02,18:41:54.110,7.61,98,99,99,-0.015,23.20,45,0,8.03,-0.242,1.432,-1.47,61,0,145.34,-16.47,10,0.00,,,,,,,,,28.68,46.1,-30,-30,,91,-626,775,184,0,666,0,0,1,-1,0,1,-1,-1,-1,-1,-1,-1,0,0,
2026-04-02,18:41:54.370,7.61,97,99,99,-0.023,22.68,46,0,8.00,-0.280,1.570,-0.98,59,0,142.85,-20.82,10,0.00,,,,,,,,,28.67,45.9,-30,-30,,91,-645,775,50,0,666,0,0,1,-1,0,1,-1,-1,-1,-1,-1,-1,0,0,
2026-04-02,18:41:54.630,7.61,96,100,100,-0.017,22.78,46,0,8.03,-0.285,1.570,-0.30,61,0,141.42,-22.77,10,0.00,,,,,,,,,28.67,45.9,-30,-30,,51,-276,774,0,0,666,0,0,1,-1,0,1,-1,-1,-1,-1,-1,-1,0,0,
2026-04-02,18:41:54.900,7.61,95,100,100,-0.012,23.45,46,0,8.03,-0.241,1.188,1.09,64,0,136.48,-22.85,10,0.00,,,,,,,,,28.66,46.5,-30,-30,,86,-320,775,244,0,667,0,0,1,-1,0,1,-1,-1,-1,-1,-1,-1,0,0,
2026-04-02,18:41:55.170,7.62,94,100,100,-0.007,23.61,44,0,8.05,-0.213,1.073,1.09,65,0,136.08,-21.02,10,0.00,,,,,,,,,28.66,46.5,-30,-30,,186,-217,775,457,0,667,0,0,1,-1,0,1,-1,-1,-1,-1,-1,-1,0,0,
2026-04-02,18:41:55.440,7.62,93,100,100,0.007,23.61,43,0,8.00,-0.208,0.916,0.82,66,0,148.12,-17.09,10,0.00,,,,,,,,,28.65,46.5,-30,-30,,189,-178,775,403,0,667,0,0,1,-1,0,1,-1,-1,-1,-1,-1,-1,0,0,
2026-04-02,18:41:55.710,7.62,94,100,100,0.023,24.15,42,0,8.04,-0.204,0.871,0.92,65,0,160.53,-15.50,10,0.00,,,,,,,,,28.63,46.6,-30,-30,,201,-93,774,339,0,666,0,0,1,-1,0,1,-1,-1,-1,-1,-1,-1,0,0,
2026-04-02,18:41:55.970,7.62,93,100,100,0.021,24.60,42,0,8.01,-0.193,0.811,1.29,62,0,160.53,-15.50,10,0.00,,,,,,,,,28.63,46.6,-30,-30,,203,-276,775,335,0,666,0,0,1,-1,0,1,-1,-1,-1,-1,-1,-1,0,0,
2026-04-02,18:41:56.230,7.62,93,100,100,0.000,24.88,43,0,8.01,-0.209,1.001,1.19,60,0,172.70,-14.24,10,0.00,,,,,,,,,28.62,46.3,-30,-30,,197,-305,775,203,0,667,0,0,1,-1,0,1,-1,-1,-1,-1,-1,-1,0,0,
2026-04-02,18:41:56.490,7.62,89,100,100,-0.008,25.12,44,0,8.02,-0.223,1.082,0.89,62,0,178.67,-15.16,10,0.00,,,,,,,,,28.62,46.3,-30,-30,,130,-48,774,0,0,667,0,0,1,-1,0,1,-1,-1,-1,-1,-1,-1,0,0,
2026-04-02,18:41:56.750,7.62,91,100,100,0.000,25.53,46,0,8.05,-0.189,0.835,1.18,63,0,-176.85,-13.07,10,0.00,,,,,,,,,28.62,46.3,-30,-30,,123,-84,774,0,0,666,0,0,1,-1,0,1,-1,-1,-1,-1,-1,-1,0,0,
2026-04-02,18:41:57.020,7.62,95,100,100,-0.010,25.86,49,0,8.04,-0.186,0.851,1.25,63,0,-173.44,-10.88,10,0.00,,,,,,,,,28.62,46.3,-30,-30,,0,-255,774,-74,0,666,0,0,1,-1,0,1,-1,-1,-1,-1,-1,-1,0,0,
2026-04-02,18:41:57.290,7.62,100,100,100,-0.006,25.92,52,0,8.05,-0.193,0.985,0.64,62,0,-171.22,-11.27,10,0.00,,,,,,,,,28.61,46.0,-30,-30,,0,-252,773,-173,0,667,0,0,1,-1,0,1,-1,-1,-1,-1,-1,-1,0,0,
2026-04-02,18:41:57.550,7.61,100,100,100,0.006,25.92,53,0,8.02,-0.201,1.080,0.57,60,0,-174.18,-13.60,10,0.00,,,,,,,,,28.61,46.0,-30,-30,,-53,-281,772,-231,0,666,0,0,1,-1,0,1,-1,-1,-1,-1,-1,-1,0,0,
2026-04-02,18:41:57.810,7.61,100,100,100,0.000,26.54,54,0,8.00,-0.198,1.077,0.74,59,0,-178.45,-14.06,10,0.00,,,,,,,,,28.61,45.7,-30,-30,,-58,-275,771,-198,0,667,0,0,1,-1,0,1,-1,-1,-1,-1,-1,-1,0,0,
2026-04-02,18:41:58.070,7.62,100,100,100,-0.001,26.72,54,0,8.04,-0.193,1.064,0.74,58,0,172.70,-15.18,10,0.00,,,,,,,,,28.61,45.7,-30,-30,,0,-122,773,0,0,666,0,0,1,-1,0,1,-1,-1,-1,-1,-1,-1,0,0,
2026-04-02,18:41:58.330,7.62,99,100,100,0.000,27.03,53,0,8.05,-0.193,0.979,0.89,58,0,170.69,-15.13,10,0.00,,,,,,,,,28.61,45.6,-30,-30,,-1,-147,773,-53,0,667,0,0,1,-1,0,1,-1,-1,-1,-1,-1,-1,0,0,
2026-04-02,18:41:58.590,7.61,98,100,100,0.007,27.27,52,0,8.06,-0.177,0.889,0.89,57,0,171.48,-13.05,10,0.00,,,,,,,,,28.61,45.6,-30,-30,,-56,-213,771,-180,0,666,0,0,1,-1,0,1,-1,-1,-1,-1,-1,-1,0,0,
2026-04-02,18:41:58.850,7.62,97,100,100,0.005,27.42,51,0,8.02,-0.187,1.027,0.67,57,0,170.06,-13.32,10,0.00,,,,,,,,,28.61,45.0,-30,-30,,-104,-317,771,-192,0,666,0,0,1,-1,0,1,-1,-1,-1,-1,-1,-1,0,0,
2026-04-02,18:41:59.120,7.62,98,100,100,0.004,27.72,51,0,8.00,-0.191,1.099,0.84,57,0,163.28,-15.04,10,0.00,,,,,,,,,28.61,45.0,-30,-30,,-128,-371,772,-144,0,666,0,0,1,-1,0,1,-1,-1,-1,-1,-1,-1,0,0,
2026-04-02,18:41:59.380,7.62,99,100,100,-0.006,28.13,52,0,7.98,-0.209,1.223,1.17,54,0,156.54,-17.92,10,0.00,,,,,,,,,28.61,45.0,-30,-30,,-101,-418,771,44,0,666,0,0,1,-1,0,1,-1,-1,-1,-1,-1,-1,0,0,
2026-04-02,18:41:59.650,7.62,100,100,100,-0.015,28.50,53,0,8.00,-0.220,1.265,1.23,53,0,154.48,-19.09,10,0.00,,,,,,,,,28.61,45.0,-30,-30,,-55,-467,771,103,0,666,0,0,1,-1,0,1,-1,-1,-1,-1,-1,-1,0,0,
2026-04-02,18:41:59.910,7.61,100,100,100,-0.001,28.90,53,0,8.00,-0.229,1.307,1.41,54,0,150.20,-20.89,10,0.00,,,,,,,,,28.60,45.0,-30,-30,,0,-479,772,140,0,666,0,0,1,-1,0,1,-1,-1,-1,-1,-1,-1,0,0,
2026-04-02,18:42:00.180,7.62,100,100,100,0.000,29.30,53,0,8.01,-0.241,1.287,1.28,57,0,146.64,-21.58,10,0.00,,,,,,,,,28.60,45.6,-30,-30,,0,-445,773,226,0,666,0,0,1,-1,0,1,-1,-1,-1,-1,-1,-1,0,0,
2026-04-02,18:42:00.440,7.62,100,100,100,0.000,29.68,52,0,8.03,-0.241,1.287,1.39,57,0,140.88,-22.53,10,0.00,,,,,,,,,28.59,45.6,-30,-30,,-44,-447,770,281,0,666,0,0,1,-1,0,1,-1,-1,-1,-1,-1,-1,0,0,
2026-04-02,18:42:00.720,7.62,99,100,100,0.005,30.64,52,0,8.01,-0.232,1.220,1.58,59,0,138.77,-22.17,10,0.00,,,,,,,,,28.59,45.8,-30,-30,,0,-450,772,383,0,667,0,0,1,-1,0,1,-1,-1,-1,-1,-1,-1,0,0,
2026-04-02,18:42:00.980,7.62,97,100,100,0.004,31.09,52,0,7.99,-0.234,1.182,1.55,57,0,139.38,-21.51,10,0.00,,,,,,,,,28.59,45.8,-30,-30,,0,-503,772,436,0,666,0,0,1,-1,0,1,-1,-1,-1,-1,-1,-1,0,0,
2026-04-02,18:42:01.240,7.62,96,100,100,0.012,31.39,51,0,8.01,-0.235,1.190,1.27,57,0,141.40,-20.79,10,0.00,,,,,,,,,28.58,45.8,-30,-30,,-13,-546,771,309,0,667,0,0,1,-1,0,1,-1,-1,-1,-1,-1,-1,0,0,
2026-04-02,18:42:01.510,7.62,95,100,100,0.008,31.39,50,0,8.00,-0.249,1.311,1.24,59,0,140.66,-21.22,10,0.00,,,,,,,,,28.58,45.8,-30,-30,,-25,-574,770,340,0,667,0,0,1,-1,0,1,-1,-1,-1,-1,-1,-1,0,0,
2026-04-02,18:42:01.770,7.62,98,100,100,0.003,32.07,50,0,7.99,-0.257,1.311,1.24,61,0,135.92,-22.79,10,0.00,,,,,,,,,28.58,46.0,-30,-30,,-55,-587,769,335,0,666,0,0,1,-1,0,1,-1,-1,-1,-1,-1,-1,0,0,
2026-04-02,18:42:02.030,7.62,99,100,100,0.000,32.31,50,0,8.00,-0.260,1.341,0.89,64,0,133.68,-23.47,10,0.00,,,,,,,,,28.58,46.0,-30,-30,,-28,-574,768,340,0,666,0,0,1,-1,0,1,-1,-1,-1,-1,-1,-1,0,0,
2026-04-02,18:42:02.290,7.62,99,100,100,0.001,32.75,51,0,8.03,-0.272,1.357,1.23,66,0,133.57,-23.69,10,0.00,,,,,,,,,28.57,46.0,-30,-30,,-21,-548,769,331,0,666,0,0,1,-1,0,1,-1,-1,-1,-1,-1,-1,0,0,
2026-04-02,18:42:02.550,7.62,98,100,100,0.012,33.08,51,0,8.05,-0.267,1.292,1.30,67,0,132.95,-23.46,10,0.00,,,,,,,,,28.57,46.0,-30,-30,,-20,-546,768,320,0,667,0,0,1,-1,0,1,-1,-1,-1,-1,-1,-1,0,0,
2026-04-02,18:42:02.810,7.62,98,100,100,0.012,33.22,53,0,8.06,-0.265,1.266,0.85,70,0,132.95,-23.46,10,0.00,,,,,,,,,28.56,46.4,-30,-30,,-23,-555,768,279,0,666,0,0,1,-1,0,1,-1,-1,-1,-1,-1,-1,0,0,
2026-04-02,18:42:03.080,7.62,99,100,100,0.003,33.41,54,0,8.07,-0.263,1.259,0.67,72,0,124.04,-20.66,10,0.00,,,,,,,,,28.56,46.4,-30,-30,,-23,-567,767,303,0,666,0,0,1,-1,0,1,-1,-1,-1,-1,-1,-1,0,0,
2026-04-02,18:42:03.340,7.62,98,100,100,-0.004,33.67,54,0,8.07,-0.255,1.296,0.77,73,0,121.33,-19.30,10,0.00,,,,,,,,,28.56,46.0,-30,-30,,-19,-550,767,430,0,666,0,0,1,-1,0,1,-1,-1,-1,-1,-1,-1,0,0,
2026-04-02,18:42:03.600,7.61,97,100,100,0.002,33.67,55,0,8.02,-0.261,1.310,0.54,74,0,121.71,-18.32,10,0.00,,,,,,,,,28.56,46.0,-30,-30,,0,-551,768,447,0,667,0,0,1,-1,0,1,-1,-1,-1,-1,-1,-1,0,0,
2026-04-02,18:42:03.860,7.62,95,100,100,0.005,33.62,54,0,7.99,-0.240,1.226,-0.06,74,0,122.85,-15.20,10,0.00,,,,,,,,,28.55,45.6,-30,-30,,0,-552,768,458,0,666,0,0,1,-1,0,1,-1,-1,-1,-1,-1,-1,0,0,
2026-04-02,18:42:04.130,7.61,94,100,100,0.013,33.63,51,0,8.02,-0.236,1.210,-0.02,74,0,122.60,-13.73,10,0.00,,,,,,,,,28.55,45.6,-30,-30,,0,-557,767,411,0,666,0,0,1,-1,0,1,-1,-1,-1,-1,-1,-1,0,0,
2026-04-02,18:42:04.390,7.62,89,100,100,0.008,33.28,49,0,8.04,-0.234,1.218,-0.58,75,0,121.17,-11.68,10,0.00,,,,,,,,,28.55,46.0,-30,-30,,0,-559,767,440,0,667,0,0,1,-1,0,1,-1,-1,-1,-1,-1,-1,0,0,
2026-04-02,18:42:04.660,7.61,88,100,100,-0.008,32.81,50,0,8.04,-0.231,1.250,-1.24,75,0,120.99,-10.97,10,0.00,,,,,,,,,28.55,46.0,-30,-30,,0,-550,768,506,0,667,0,0,1,-1,0,1,-1,-1,-1,-1,-1,-1,0,0,
2026-04-02,18:42:04.930,7.61,92,100,100,-0.008,32.42,53,0,8.06,-0.222,1.278,-1.38,74,0,124.90,-9.63,10,0.00,,,,,,,,,28.55,45.3,-30,-30,,0,-535,767,483,0,666,0,0,1,-1,0,1,-1,-1,-1,-1,-1,-1,0,0,
2026-04-02,18:42:05.190,7.62,97,100,100,0.010,32.42,56,0,8.06,-0.212,1.215,-1.45,73,0,130.32,-7.83,10,0.00,,,,,,,,,28.55,45.3,-30,-30,,0,-423,767,198,0,666,0,0,1,-1,0,1,-1,-1,-1,-1,-1,-1,0,0,
2026-04-02,18:42:05.460,7.62,99,100,100,0.008,31.36,60,0,8.02,-0.201,1.204,-1.84,74,0,130.32,-7.83,10,0.00,,,,,,,,,28.55,45.3,-30,-30,,0,-455,766,241,0,666,0,0,1,-1,0,1,-1,-1,-1,-1,-1,-1,0,0,
2026-04-02,18:42:05.730,7.61,100,100,100,-0.005,30.72,62,0,8.00,-0.191,1.258,-1.97,73,0,125.67,-6.41,10,0.00,,,,,,,,,28.55,44.6,-30,-30,,-5,-459,767,370,0,666,0,0,1,-1,0,1,-1,-1,-1,-1,-1,-1,0,0,
2026-04-02,18:42:05.990,7.61,100,100,100,-0.019,30.02,62,0,8.04,-0.193,1.306,-2.31,72,0,126.56,-6.36,10,0.00,,,,,,,,,28.55,44.6,-30,-30,,-15,-441,767,408,0,666,0,0,1,-1,0,1,-1,-1,-1,-1,-1,-1,0,0,
2026-04-02,18:42:06.250,7.62,99,100,100,-0.004,29.33,61,0,8.05,-0.189,1.315,-2.32,69,0,133.23,-5.43,10,0.00,,,,,,,,,28.56,44.2,-30,-30,,-17,-458,767,391,0,666,0,0,1,-1,0,1,-1,-1,-1,-1,-1,-1,0,0,
2026-04-02,18:42:06.520,7.62,99,100,100,0.008,28.05,62,0,8.05,-0.179,1.274,-2.39,65,0,135.25,-4.48,10,0.00,,,,,,,,,28.56,44.2,-30,-30,,-17,-443,767,287,0,666,0,0,1,-1,0,1,-1,-1,-1,-1,-1,-1,0,0,
2026-04-02,18:42:06.780,7.62,98,100,100,0.002,27.52,65,0,8.06,-0.177,1.307,-1.98,64,0,134.16,-4.48,10,0.00,,,,,,,,,28.56,44.0,-30,-30,,-16,-471,768,252,0,667,0,0,1,-1,0,1,-1,-1,-1,-1,-1,-1,0,0,
2026-04-02,18:42:07.040,7.61,99,100,100,-0.013,26.88,67,0,8.04,-0.175,1.358,-2.15,67,0,133.02,-5.14,10,0.00,,,,,,,,,28.56,44.0,-30,-30,,-18,-525,767,217,0,666,0,0,1,-1,0,1,-1,-1,-1,-1,-1,-1,0,0,
2026-04-02,18:42:07.310,7.62,99,100,100,-0.014,26.40,65,0,8.03,-0.186,1.463,-1.89,71,0,133.20,-6.07,10,0.00,,,,,,,,,28.56,44.2,-30,-30,,-19,-504,767,156,0,666,0,0,1,-1,0,1,-1,-1,-1,-1,-1,-1,0,0,
2026-04-02,18:42:07.580,7.62,100,100,100,-0.020,25.87,62,0,7.99,-0.190,1.467,-1.76,73,0,132.09,-7.40,10,0.00,,,,,,,,,28.56,44.2,-30,-30,,-42,-506,766,166,0,666,0,0,1,-1,0,1,-1,-1,-1,-1,-1,-1,0,0,
2026-04-02,18:42:07.850,7.62,99,100,100,-0.019,25.48,60,0,8.01,-0.187,1.430,-1.63,70,0,130.57,-7.74,10,0.00,,,,,,,,,28.57,43.8,-30,-30,,-51,-502,765,139,0,667,0,0,1,-1,0,1,-1,-1,-1,-1,-1,-1,0,0,
2026-04-02,18:42:08.120,7.62,98,100,100,-0.022,25.34,61,0,8.03,-0.192,1.441,-1.05,70,0,129.97,-7.78,10,0.00,,,,,,,,,28.57,43.8,-30,-30,,-64,-523,734,96,0,666,0,0,1,-1,0,1,-1,-1,-1,-1,-1,-1,0,0,
2026-04-02,18:42:08.380,7.61,97,99,99,-0.022,25.24,62,0,8.00,-0.187,1.443,-0.57,69,0,126.97,-7.54,10,0.00,,,,,,,,,28.59,43.4,-30,-30,,-57,-591,730,19,0,666,0,0,1,-1,0,1,-1,-1,-1,-1,-1,-1,0,0,
2026-04-02,18:42:08.640,7.62,98,99,99,-0.023,25.32,65,0,8.01,-0.213,1.517,-0.09,67,0,124.02,-7.65,10,0.00,,,,,,,,,28.59,43.4,-30,-30,,-46,-581,731,22,0,666,0,0,1,-1,0,1,-1,-1,-1,-1,-1,-1,0,0,
2026-04-02,18:42:08.900,7.62,99,99,99,-0.035,25.58,67,0,7.99,-0.215,1.521,0.45,68,0,117.30,-7.58,10,0.00,,,,,,,,,28.59,41.2,-30,-30,,0,-577,760,62,0,666,0,0,1,-1,0,1,-1,-1,-1,-1,-1,-1,0,0,
2026-04-02,18:42:09.170,7.62,100,100,99,-0.039,25.58,69,0,8.00,-0.238,1.482,0.84,66,0,115.13,-5.76,10,0.00,,,,,,,,,28.59,41.2,-30,-30,,0,-517,779,180,0,666,0,0,1,-1,0,1,-1,-1,-1,-1,-1,-1,0,0,
2026-04-02,18:42:09.430,7.61,99,99,99,-0.032,26.00,69,0,8.01,-0.233,1.426,0.35,68,0,115.57,-4.10,10,0.00,,,,,,,,,28.58,44.0,-30,-30,,0,-526,779,250,0,667,0,0,1,-1,0,1,-1,-1,-1,-1,-1,-1,0,0,
2026-04-02,18:42:09.700,7.61,99,99,99,-0.019,25.81,65,0,8.00,-0.220,1.365,-0.20,71,0,116.36,-2.27,10,0.00,,,,,,,,,28.56,46.5,-30,-30,,0,-518,780,332,0,666,0,0,1,-1,0,1,-1,-1,-1,-1,-1,-1,0,0,
2026-04-02,18:42:09.960,7.61,99,99,99,-0.014,25.52,63,0,8.00,-0.225,1.360,-0.68,71,0,116.91,0.98,10,0.00,,,,,,,,,28.56,46.5,-30,-30,,6,-510,783,452,0,667,0,0,1,-1,0,1,-1,-1,-1,-1,-1,-1,0,0,
2026-04-02,18:42:10.220,7.61,96,99,99,-0.009,25.32,59,0,7.98,-0.212,1.264,-0.72,67,0,119.25,4.31,10,0.00,,,,,,,,,28.56,46.2,-30,-30,,0,-522,782,543,0,666,0,0,1,-1,0,1,-1,-1,-1,-1,-1,-1,0,0,
2026-04-02,18:42:10.490,7.61,96,99,99,-0.001,24.90,57,0,7.98,-0.185,1.173,-1.10,69,0,121.66,5.95,10,0.00,,,,,,,,,28.56,46.2,-30,-30,,75,-512,790,612,0,667,0,0,1,-1,0,1,-1,-1,-1,-1,-1,-1,0,0,
2026-04-02,18:42:10.750,7.61,96,99,99,-0.001,24.36,55,0,7.97,-0.178,1.154,-1.54,70,0,128.54,8.29,10,0.00,,,,,,,,,28.54,46.9,-30,-30,,116,-535,796,644,0,667,0,0,1,-1,0,1,-1,-1,-1,-1,-1,-1,0,0,
2026-04-02,18:42:11.020,7.61,99,99,99,-0.019,23.70,56,0,7.97,-0.167,1.195,-1.96,68,0,137.21,8.77,10,0.00,,,,,,,,,28.54,46.9,-30,-30,,120,-597,804,592,0,666,0,0,1,-1,0,1,-1,-1,-1,-1,-1,-1,0,0,
2026-04-02,18:42:11.280,7.62,97,99,99,-0.029,22.85,53,0,7.97,-0.175,1.285,-2.52,67,0,142.84,8.06,10,0.00,,,,,,,,,28.53,47.6,-30,-30,,72,-671,854,393,0,667,0,0,1,-1,0,1,-1,-1,-1,-1,-1,-1,0,0,
2026-04-02,18:42:11.540,7.61,98,99,99,-0.032,22.02,55,0,8.00,-0.265,1.560,-2.74,65,0,150.34,1.83,10,0.00,,,,,,,,,28.53,47.6,-30,-30,,56,-606,903,343,0,666,0,0,1,-1,0,1,-1,-1,-1,-1,-1,-1,0,0,
2026-04-02,18:42:11.800,7.61,97,99,99,-0.028,21.12,55,0,8.03,-0.281,1.703,-3.08,64,0,152.55,-0.79,10,0.00,,,,,,,,,28.47,47.6,-30,-30,,48,-511,917,296,0,667,0,0,1,-1,0,1,-1,-1,-1,-1,-1,-1,0,0,
2026-04-02,18:42:12.060,7.61,97,99,99,-0.001,20.62,51,0,8.05,-0.269,1.508,-2.34,62,0,154.00,-3.26,10,0.00,,,,,,,,,28.47,47.6,-30,-30,,48,-444,912,197,0,666,0,0,1,-1,0,1,-1,-1,-1,-1,-1,-1,0,0,
2026-04-02,18:42:12.330,7.62,91,100,100,-0.001,19.62,47,0,8.04,-0.235,1.388,-1.99,59,0,151.39,-4.26,10,0.00,,,,,,,,,28.42,60.5,-30,-30,,47,-483,908,234,0,666,0,0,1,-1,0,1,-1,-1,-1,-1,-1,-1,0,0,
2026-04-02,18:42:12.590,7.61,89,100,100,-0.018,19.44,47,0,8.00,-0.237,1.380,-1.20,55,0,150.46,-5.58,10,0.00,,,,,,,,,28.42,60.5,-30,-30,,38,-503,897,278,0,667,0,0,1,-1,0,1,-1,-1,-1,-1,-1,-1,0,0,
2026-04-02,18:42:12.850,7.62,89,100,100,-0.016,19.54,49,0,7.99,-0.260,1.470,-0.36,51,0,151.80,-8.72,10,0.00,,,,,,,,,28.38,59.0,-30,-30,,42,-504,892,277,0,666,0,0,1,-1,0,1,-1,-1,-1,-1,-1,-1,0,0,
2026-04-02,18:42:13.110,7.61,96,100,100,-0.008,19.87,51,0,7.98,-0.261,1.434,0.56,49,0,152.68,-10.04,10,0.00,,,,,,,,,28.38,59.0,-30,-30,,27,-517,872,254,0,667,0,0,1,-1,0,1,-1,-1,-1,-1,-1,-1,0,0,
2026-04-02,18:42:13.390,7.62,98,100,100,0.004,19.87,52,0,7.97,-0.254,1.397,1.16,50,0,151.48,-12.42,10,0.00,,,,,,,,,28.36,57.1,-30,-30,,17,-523,863,210,0,666,0,0,1,-1,0,1,-1,-1,-1,-1,-1,-1,0,0,
2026-04-02,18:42:13.650,7.62,100,100,100,-0.004,20.91,52,0,7.97,-0.261,1.417,1.66,46,0,150.28,-13.79,10,0.00,,,,,,,,,28.36,57.1,-30,-30,,0,-540,860,120,0,666,0,0,1,-1,0,1,-1,-1,-1,-1,-1,-1,0,0,
2026-04-02,18:42:13.910,7.61,99,100,100,-0.009,21.68,51,0,8.02,-0.282,1.458,2.22,46,0,147.09,-16.85,10,0.00,,,,,,,,,28.34,54.8,-30,-30,,0,-508,858,0,0,667,0,0,1,-1,0,1,-1,-1,-1,-1,-1,-1,0,0,
2026-04-02,18:42:14.180,7.62,98,100,100,-0.015,22.65,49,0,8.05,-0.282,1.387,2.85,48,0,139.44,-19.41,10,0.00,,,,,,,,,28.34,55.1,-30,-30,,0,-522,858,21,0,666,0,0,1,-1,0,1,-1,-1,-1,-1,-1,-1,0,0,
2026-04-02,18:42:14.450,7.62,97,100,100,-0.018,23.65,52,0,8.01,-0.285,1.387,3.26,55,0,136.32,-20.21,10,0.00,,,,,,,,,28.33,55.1,-30,-30,,0,-528,857,77,0,667,0,0,1,-1,0,1,-1,-1,-1,-1,-1,-1,0,0,
2026-04-02,18:42:14.710,7.62,96,100,100,-0.014,24.62,53,0,8.01,-0.297,1.368,3.35,58,0,133.39,-21.23,10,0.00,,,,,,,,,28.32,55.3,-30,-30,,0,-532,857,180,0,667,0,0,1,-1,0,1,-1,-1,-1,-1,-1,-1,0,0,
2026-04-02,18:42:14.970,7.61,96,100,100,-0.005,25.69,55,0,8.01,-0.302,1.345,3.56,57,0,132.20,-21.16,10,0.00,,,,,,,,,28.32,55.3,-30,-30,,0,-528,857,209,0,666,0,0,1,-1,0,1,-1,-1,-1,-1,-1,-1,0,0,
2026-04-02,18:42:15.230,7.62,97,100,100,0.001,26.65,53,0,8.01,-0.309,1.312,3.49,55,0,128.39,-20.09,10,0.00,,,,,,,,,28.30,55.4,-30,-30,,0,-538,857,207,0,667,0,0,1,-1,0,1,-1,-1,-1,-1,-1,-1,0,0,
2026-04-02,18:42:15.510,7.62,99,100,100,0.000,28.31,53,0,7.99,-0.309,1.286,2.92,55,0,123.08,-18.31,10,0.00,,,,,,,,,28.30,55.4,-30,-30,,0,-471,847,364,0,666,0,0,1,-1,0,1,-1,-1,-1,-1,-1,-1,0,0,
2026-04-02,18:42:15.780,7.62,100,100,100,0.002,29.07,54,0,7.98,-0.297,1.212,2.83,50,0,121.53,-16.99,10,0.00,,,,,,,,,28.29,55.1,-30,-30,,5,-483,821,467,0,666,0,0,1,-1,0,1,-1,-1,-1,-1,-1,-1,0,0,
2026-04-02,18:42:16.050,7.62,100,100,100,0.009,29.51,54,0,7.97,-0.261,1.120,2.08,48,0,124.90,-13.20,10,0.00,,,,,,,,,28.29,55.1,-30,-30,,115,-478,819,600,0,666,0,0,1,-1,0,1,-1,-1,-1,-1,-1,-1,0,0,
2026-04-02,18:42:16.310,7.62,100,100,100,0.020,29.76,55,0,7.97,-0.242,1.039,1.40,50,0,130.49,-9.90,10,0.00,,,,,,,,,28.29,51.2,-30,-30,,137,-517,822,590,0,666,0,0,1,-1,0,1,-1,-1,-1,-1,-1,-1,0,0,
2026-04-02,18:42:16.570,7.62,100,100,100,0.015,29.64,56,0,7.95,-0.235,1.008,0.36,52,0,135.45,-9.26,10,0.00,,,,,,,,,28.29,51.2,-30,-30,,200,-524,822,596,0,667,0,0,1,-1,0,1,-1,-1,-1,-1,-1,-1,0,0,
2026-04-02,18:42:16.830,7.61,99,100,100,0.005,29.43,56,0,7.96,-0.226,1.091,-0.31,53,0,145.78,-10.47,10,0.00,,,,,,,,,28.30,51.3,-30,-30,,264,-385,824,719,0,667,0,0,1,-1,0,1,-1,-1,-1,-1,-1,-1,0,0,
2026-04-02,18:42:17.100,7.62,98,100,100,-0.006,29.03,55,0,7.96,-0.218,1.062,-0.89,54,0,154.07,-11.14,10,0.00,,,,,,,,,28.30,51.3,-30,-30,,280,-436,826,672,0,667,0,0,1,-1,0,1,-1,-1,-1,-1,-1,-1,0,0,
2026-04-02,18:42:17.360,7.62,98,100,100,-0.009,28.59,54,0,7.97,-0.203,1.036,-1.27,52,0,59.85,-10.10,10,0.00,,,,,,,,,28.30,51.2,-30,-30,,224,-531,824,328,0,667,0,0,1,-1,0,1,-1,-1,-1,-1,-1,-1,0,0,
2026-04-02,18:42:17.620,7.62,97,100,100,-0.013,27.83,53,0,7.99,-0.247,1.249,-2.02,49,0,-171.18,-11.47,10,0.00,,,,,,,,,28.30,51.2,-30,-30,,62,-373,819,0,0,667,0,0,1,-1,0,1,-1,-1,-1,-1,-1,-1,0,0,
2026-04-02,18:42:17.880,7.62,98,100,100,-0.010,27.00,53,0,7.98,-0.240,1.341,-2.57,49,0,-170.87,-16.56,10,0.00,,,,,,,,,28.31,50.3,-30,-30,,46,-307,818,0,0,666,0,0,1,-1,0,1,-1,-1,-1,-1,-1,-1,0,0,
2026-04-02,18:42:18.160,7.62,98,100,100,-0.025,25.93,53,0,8.00,-0.200,1.193,-1.98,49,0,-170.33,-16.60,10,0.00,,,,,,,,,28.31,50.3,-30,-30,,45,-236,818,0,0,667,0,0,1,-1,0,1,-1,-1,-1,-1,-1,-1,0,0,
2026-04-02,18:42:18.430,7.61,100,100,100,-0.017,25.51,53,0,8.03,-0.199,1.165,-1.65,49,0,-169.07,-17.55,10,0.00,,,,,,,,,28.33,50.0,-30,-30,,41,-203,818,0,0,666,0,0,1,-1,0,1,-1,-1,-1,-1,-1,-1,0,0,
2026-04-02,18:42:18.690,7.62,100,100,100,-0.010,25.15,53,0,8.01,-0.174,0.979,-1.40,50,0,-169.29,-18.06,10,0.00,,,,,,,,,28.33,49.5,-30,-30,,20,-235,818,0,0,666,0,0,1,-1,0,1,-1,-1,-1,-1,-1,-1,0,0,
2026-04-02,18:42:18.960,7.62,100,100,100,0.004,24.82,52,0,8.01,-0.176,1.043,-1.28,50,0,-173.21,-18.04,10,0.00,,,,,,,,,28.33,49.5,-30,-30,,23,-233,819,0,0,667,0,0,1,-1,0,1,-1,-1,-1,-1,-1,-1,0,0,
2026-04-02,18:42:19.230,7.62,100,100,100,0.000,24.61,53,0,8.04,-0.173,1.040,-0.97,48,0,-177.55,-18.21,10,0.00,,,,,,,,,28.33,49.1,-30,-30,,22,-219,819,0,0,666,0,0,1,-1,0,1,-1,-1,-1,-1,-1,-1,0,0,
2026-04-02,18:42:19.490,7.61,99,100,100,-0.017,24.46,53,0,8.06,-0.171,1.064,-0.68,48,0,171.90,-18.19,10,0.00,,,,,,,,,28.33,49.1,-30,-30,,30,-175,819,0,0,666,0,0,1,-1,0,1,-1,-1,-1,-1,-1,-1,0,0,
2026-04-02,18:42:19.750,7.61,99,100,100,-0.022,24.43,53,0,8.04,-0.172,1.035,-0.42,49,0,179.06,-17.94,10,0.00,,,,,,,,,28.33,49.1,-30,-30,,19,-222,818,78,0,666,0,0,1,-1,0,1,-1,-1,-1,-1,-1,-1,0,0,
2026-04-02,18:42:20.020,7.61,97,100,100,-0.009,24.52,53,0,8.02,-0.169,1.082,0.06,49,0,134.91,-17.54,10,0.00,,,,,,,,,28.33,49.1,-30,-30,,27,-151,818,87,0,667,0,0,1,-1,0,1,-1,-1,-1,-1,-1,-1,0,0,
2026-04-02,18:42:20.280,7.62,96,100,100,0.000,24.58,53,0,8.05,-0.166,1.002,0.17,48,0,-177.54,-17.17,10,0.00,,,,,,,,,28.35,49.1,-30,-30,,18,-70,795,0,0,666,0,0,1,-1,0,1,-1,-1,-1,-1,-1,-1,0,0,
2026-04-02,18:42:20.550,7.62,96,100,100,-0.003,24.61,53,0,8.06,-0.133,0.827,0.15,49,0,178.16,-14.86,10,0.00,,,,,,,,,28.35,49.1,-30,-30,,16,-120,796,0,0,666,0,0,1,-1,0,1,-1,-1,-1,-1,-1,-1,0,0,
2026-04-02,18:42:20.820,7.62,97,100,100,-0.001,24.42,53,0,8.07,-0.135,0.910,-0.08,47,0,178.31,-14.78,10,0.00,,,,,,,,,28.36,49.1,-30,-30,,23,-117,795,0,0,666,0,0,1,-1,0,1,-1,-1,-1,-1,-1,-1,0,0,
2026-04-02,18:42:21.080,7.62,96,99,99,0.000,24.37,53,0,8.07,-0.129,0.906,-0.27,42,0,178.37,-14.47,10,0.00,,,,,,,,,28.36,49.1,-30,-30,,20,-100,795,0,0,666,0,0,1,-1,0,1,-1,-1,-1,-1,-1,-1,0,0,
2026-04-02,18:42:21.350,7.61,96,98,98,-0.014,24.25,53,0,8.07,-0.129,0.909,-0.23,44,0,178.78,-13.36,10,0.00,,,,,,,,,28.37,46.2,-30,-30,,15,-135,795,0,0,666,0,0,1,-1,0,1,-1,-1,-1,-1,-1,-1,0,0,
2026-04-02,18:42:21.610,7.62,93,98,98,-0.019,24.03,53,0,8.04,-0.126,0.934,-0.57,46,0,179.39,-12.90,10,0.00,,,,,,,,,28.37,46.2,-30,-30,,0,-157,795,3,0,667,0,0,1,-1,0,1,-1,-1,-1,-1,-1,-1,0,0,
2026-04-02,18:42:21.880,7.61,93,98,98,-0.026,23.86,53,0,8.05,-0.126,0.995,-0.60,44,0,-179.06,-12.66,10,0.00,,,,,,,,,28.38,46.3,-30,-30,,0,-160,796,0,0,667,0,0,1,-1,0,1,-1,-1,-1,-1,-1,-1,0,0,
2026-04-02,18:42:22.140,7.62,93,98,98,-0.013,23.66,53,0,8.04,-0.119,0.997,-0.64,48,0,-179.52,-12.44,10,0.00,,,,,,,,,28.38,46.3,-30,-30,,0,-160,795,13,0,666,0,0,1,-1,0,1,-1,-1,-1,-1,-1,-1,0,0,
2026-04-02,18:42:22.410,7.61,96,98,98,-0.011,23.41,52,0,8.03,-0.115,0.997,-0.78,51,0,85.24,-12.38,10,0.00,,,,,,,,,28.39,45.8,-30,-30,,15,-228,795,33,0,667,0,0,1,-1,0,1,-1,-1,-1,-1,-1,-1,0,0,
2026-04-02,18:42:22.680,7.62,97,98,98,-0.010,23.09,52,0,8.05,-0.124,1.131,-0.91,51,0,178.86,-13.13,10,0.00,,,,,,,,,28.39,45.9,-30,-30,,16,-218,795,24,0,666,0,0,1,-1,0,1,-1,-1,-1,-1,-1,-1,0,0,
2026-04-02,18:42:22.950,7.62,97,98,98,-0.013,22.87,52,0,8.06,-0.117,1.116,-0.94,53,0,178.33,-13.86,10,0.00,,,,,,,,,28.39,45.9,-30,-30,,14,-201,794,0,0,667,0,0,1,-1,0,1,-1,-1,-1,-1,-1,-1,0,0,
2026-04-02,18:42:23.210,7.62,94,98,98,-0.020,22.73,52,0,8.07,-0.114,1.093,-0.68,58,0,177.14,-15.10,10,0.00,,,,,,,,,28.40,45.2,-30,-30,,15,-181,794,0,0,666,0,0,1,-1,0,1,-1,-1,-1,-1,-1,-1,0,0,
2026-04-02,18:42:23.480,7.62,95,98,98,-0.023,22.32,51,0,8.07,-0.112,1.077,-0.73,58,0,176.71,-15.28,10,0.00,,,,,,,,,28.40,45.2,-30,-30,,17,-190,795,84,0,667,0,0,1,-1,0,1,-1,-1,-1,-1,-1,-1,0,0,
2026-04-02,18:42:23.750,7.61,96,98,98,-0.017,22.16,50,0,8.01,-0.109,1.076,-0.61,57,0,177.01,-15.10,10,0.00,,,,,,,,,28.41,45.3,-30,-30,,79,-184,795,210,0,666,0,0,1,-1,0,1,-1,-1,-1,-1,-1,-1,0,0,
2026-04-02,18:42:24.010,7.62,99,99,98,-0.022,21.96,51,0,8.04,-0.106,1.057,-0.61,60,0,-169.89,-14.00,10,0.00,,,,,,,,,28.41,45.3,-30,-30,,59,-230,794,58,0,666,0,0,1,-1,0,1,-1,-1,-1,-1,-1,-1,0,0,
2026-04-02,18:42:24.270,7.61,98,98,98,-0.022,21.78,50,0,8.02,-0.112,1.109,-0.67,61,0,-176.68,-13.78,10,0.00,,,,,,,,,28.42,45.4,-30,-30,,-74,-263,789,-369,0,667,0,0,1,-1,0,1,-1,-1,-1,-1,-1,-1,0,0,
2026-04-02,18:42:24.530,7.61,96,98,98,-0.025,21.78,51,0,8.00,-0.110,1.184,-0.34,60,0,-178.28,-15.81,10,0.00,,,,,,,,,28.42,45.4,-30,-30,,-129,-328,788,-250,0,667,0,0,1,-1,0,1,-1,-1,-1,-1,-1,-1,0,0,
2026-04-02,18:42:24.790,7.61,94,98,98,-0.049,22.01,51,0,7.98,-0.120,1.337,0.23,62,0,170.94,-20.27,10,0.00,,,,,,,,,28.42,44.7,-30,-30,,-117,-344,786,-139,0,667,0,0,1,-1,0,1,-1,-1,-1,-1,-1,-1,0,0,
2026-04-02,18:42:25.050,7.61,94,99,99,-0.041,22.49,50,0,7.98,-0.135,1.332,1.13,62,0,167.71,-22.11,10,0.00,,,,,,,,,28.42,44.7,-30,-30,,-110,-450,785,0,0,666,0,0,1,-1,0,1,-1,-1,-1,-1,-1,-1,0,0,
2026-04-02,18:42:25.320,7.61,96,99,99,-0.013,22.76,49,0,7.97,-0.158,1.412,1.14,61,0,161.61,-25.60,10,0.00,,,,,,,,,28.43,45.1,-30,-30,,-90,-469,784,0,0,666,0,0,1,-1,0,1,-1,-1,-1,-1,-1,-1,0,0,
2026-04-02,18:42:25.580,7.62,97,99,99,-0.008,23.10,51,0,7.97,-0.172,1.417,1.06,59,0,156.35,-27.48,10,0.00,,,,,,,,,28.43,45.1,-30,-30,,-88,-483,784,169,0,667,0,0,1,-1,0,1,-1,-1,-1,-1,-1,-1,0,0,
2026-04-02,18:42:25.840,7.61,97,99,99,-0.006,23.61,53,0,7.97,-0.181,1.365,1.44,56,0,144.64,-30.18,10,0.00,,,,,,,,,28.43,45.2,-30,-30,,-117,-483,782,316,0,666,0,0,1,-1,0,1,-1,-1,-1,-1,-1,-1,0,0,
2026-04-02,18:42:26.110,7.62,99,99,99,-0.004,24.17,53,0,7.97,-0.191,1.353,1.69,55,0,142.71,-30.58,10,0.00,,,,,,,,,28.43,45.2,-30,-30,,-171,-479,782,286,0,666,0,0,1,-1,0,1,-1,-1,-1,-1,-1,-1,0,0,
2026-04-02,18:42:26.380,7.62,99,100,99,0.009,25.52,54,0,7.97,-0.201,1.295,2.33,56,0,140.16,-30.69,10,0.00,,,,,,,,,28.42,45.6,-30,-30,,-187,-471,782,126,0,667,0,0,1,-1,0,1,-1,-1,-1,-1,-1,-1,0,0,
2026-04-02,18:42:26.640,7.61,100,100,99,0.019,26.22,54,0,7.97,-0.217,1.302,2.29,58,0,128.97,-29.89,10,0.00,,,,,,,,,28.42,45.6,-30,-30,,-200,-471,781,194,0,667,0,0,1,-1,0,1,-1,-1,-1,-1,-1,-1,0,0,
2026-04-02,18:42:26.910,7.61,100,100,99,0.012,26.81,55,0,7.97,-0.204,1.226,2.24,55,0,121.45,-28.92,10,0.00,,,,,,,,,28.41,45.9,-30,-30,,-61,-540,784,270,0,666,0,0,1,-1,0,1,-1,-1,-1,-1,-1,-1,0,0,
2026-04-02,18:42:27.180,7.62,99,99,99,-0.002,27.29,54,0,7.97,-0.199,1.268,1.97,51,0,112.55,-26.16,10,0.00,,,,,,,,,28.40,46.3,-30,-30,,0,-597,785,327,0,667,0,0,1,-1,0,1,-1,-1,-1,-1,-1,-1,0,0,
2026-04-02,18:42:27.450,7.62,97,99,99,-0.020,27.61,53,0,7.97,-0.227,1.454,1.44,52,0,110.38,-25.02,10,0.00,,,,,,,,,28.40,46.3,-30,-30,,0,-609,783,331,0,666,0,0,1,-1,0,1,-1,-1,-1,-1,-1,-1,0,0,
2026-04-02,18:42:27.710,7.61,96,99,99,-0.019,27.82,52,0,7.97,-0.227,1.473,1.13,52,0,107.43,-22.11,10,0.00,,,,,,,,,28.39,46.6,-30,-30,,76,-577,784,480,0,666,0,0,1,-1,0,1,-1,-1,-1,-1,-1,-1,0,0,
2026-04-02,18:42:27.970,7.61,95,99,99,-0.024,27.82,52,0,7.97,-0.205,1.345,0.29,47,0,106.99,-18.12,10,0.00,,,,,,,,,28.39,46.6,-30,-30,,130,-578,785,607,0,666,0,0,1,-1,0,1,-1,-1,-1,-1,-1,-1,0,0,
2026-04-02,18:42:28.240,7.62,96,99,99,-0.021,27.33,52,0,7.97,-0.190,1.270,-0.65,48,0,109.50,-16.15,10,0.00,,,,,,,,,28.39,46.4,-30,-30,,131,-600,786,483,0,667,0,0,1,-1,0,1,-1,-1,-1,-1,-1,-1,0,0,
2026-04-02,18:42:28.500,7.62,96,99,99,-0.028,26.72,52,0,7.97,-0.196,1.401,-1.49,46,0,116.63,-13.96,10,0.00,,,,,,,,,28.39,46.4,-30,-30,,127,-635,786,435,0,666,0,0,1,-1,0,1,-1,-1,-1,-1,-1,-1,0,0,
2026-04-02,18:42:28.770,7.62,97,99,99,-0.036,25.89,53,0,7.97,-0.212,1.479,-2.35,47,0,118.93,-14.20,10,0.00,,,,,,,,,28.38,46.0,-30,-30,,140,-649,785,455,0,666,0,0,1,-1,0,1,-1,-1,-1,-1,-1,-1,0,0,
2026-04-02,18:42:29.050,7.61,96,99,99,-0.044,24.17,54,0,7.97,-0.217,1.569,-2.86,47,0,121.68,-15.23,10,0.00,,,,,,,,,28.38,46.0,-30,-30,,117,-636,784,256,0,666,0,0,1,-1,0,1,-1,-1,-1,-1,-1,-1,0,0,
2026-04-02,18:42:29.320,7.62,94,100,100,-0.043,23.28,54,0,8.02,-0.236,1.717,-3.06,45,0,123.46,-17.03,10,0.00,,,,,,,,,28.38,46.0,-30,-30,,115,-621,785,278,0,666,0,0,1,-1,0,1,-1,-1,-1,-1,-1,-1,0,0,
2026-04-02,18:42:29.580,7.62,94,100,100,-0.044,22.66,54,0,8.01,-0.239,1.685,-2.66,44,0,123.46,-17.03,10,0.00,,,,,,,,,28.38,46.0,-30,-30,,113,-557,785,94,0,667,0,0,1,-1,0,1,-1,-1,-1,-1,-1,-1,0,0,
2026-04-02,18:42:29.850,7.62,93,100,100,-0.032,22.00,53,0,8.03,-0.222,1.540,-2.29,46,0,122.06,-16.84,10,0.00,,,,,,,,,28.38,46.5,-30,-30,,92,-459,786,0,0,667,0,0,1,-1,0,1,-1,-1,-1,-1,-1,-1,0,0,
2026-04-02,18:42:30.110,7.61,93,100,100,-0.051,21.33,51,0,8.01,-0.190,1.426,-2.33,48,0,118.58,-16.25,10,0.00,,,,,,,,,28.38,46.5,-30,-30,,82,-524,786,190,0,666,0,0,1,-1,0,1,-1,-1,-1,-1,-1,-1,0,0,
2026-04-02,18:42:30.380,7.61,89,100,100,-0.061,20.80,47,0,7.98,-0.202,1.455,-2.11,50,0,117.32,-15.16,10,0.00,,,,,,,,,28.38,45.8,-30,-30,,88,-529,786,256,0,666,0,0,1,-1,0,1,-1,-1,-1,-1,-1,-1,0,0,
2026-04-02,18:42:30.650,7.61,88,100,100,-0.034,20.48,46,0,8.00,-0.216,1.490,-1.58,47,0,121.38,-13.66,10,0.00,,,,,,,,,28.38,45.8,-30,-30,,95,-360,786,297,0,666,0,0,1,-1,0,1,-1,-1,-1,-1,-1,-1,0,0,
2026-04-02,18:42:30.920,7.61,90,100,100,-0.019,20.12,51,0,8.01,-0.201,1.344,-1.33,51,0,121.63,-12.46,10,0.00,,,,,,,,,28.38,46.0,-30,-30,,140,-337,788,367,0,667,0,0,1,-1,0,1,-1,-1,-1,-1,-1,-1,0,0,
2026-04-02,18:42:31.190,7.62,96,100,100,-0.006,19.94,54,0,8.00,-0.158,1.094,-0.90,53,0,123.38,-8.67,10,0.00,,,,,,,,,28.37,46.1,-30,-30,,176,-391,789,415,0,666,0,0,1,-1,0,1,-1,-1,-1,-1,-1,-1,0,0,
2026-04-02,18:42:31.460,7.62,99,100,100,-0.030,19.36,58,0,8.03,-0.166,1.208,-0.77,52,0,133.52,-8.18,10,0.00,,,,,,,,,28.37,46.1,-30,-30,,146,-337,788,286,0,667,0,0,1,-1,0,1,-1,-1,-1,-1,-1,-1,0,0,
2026-04-02,18:42:31.730,7.62,100,100,100,-0.028,19.08,57,0,8.02,-0.164,1.206,-1.07,55,0,137.35,-9.38,10,0.00,,,,,,,,,28.36,45.8,-30,-30,,187,-237,788,426,0,666,0,0,1,-1,0,1,-1,-1,-1,-1,-1,-1,0,0,
2026-04-02,18:42:31.990,7.61,100,100,99,-0.015,18.91,57,0,8.01,-0.152,1.045,-0.80,57,0,147.91,-8.44,10,0.00,,,,,,,,,28.36,45.8,-30,-30,,178,-181,788,288,0,666,0,0,1,-1,0,1,-1,-1,-1,-1,-1,-1,0,0,
2026-04-02,18:42:32.260,7.62,100,100,99,-0.012,18.72,59,0,8.01,-0.141,0.992,-0.68,60,0,156.84,-7.74,10,0.00,,,,,,,,,28.36,45.8,-30,-30,,151,-219,787,33,0,666,0,0,1,-1,0,1,-1,-1,-1,-1,-1,-1,0,0,
2026-04-02,18:42:32.520,7.61,100,100,99,-0.022,18.47,59,0,8.01,-0.141,1.060,-0.77,56,0,164.97,-8.52,10,0.00,,,,,,,,,28.36,45.8,-30,-30,,123,-154,787,0,0,667,0,0,1,-1,0,1,-1,-1,-1,-1,-1,-1,0,0,
2026-04-02,18:42:32.790,7.61,100,100,99,-0.034,18.46,60,0,8.05,-0.137,1.057,-0.49,59,0,166.90,-9.15,10,0.00,,,,,,,,,28.36,45.3,-30,-30,,110,-127,787,0,0,666,0,0,1,-1,0,1,-1,-1,-1,-1,-1,-1,0,0,
2026-04-02,18:42:33.060,7.61,99,99,99,-0.045,18.46,62,0,8.06,-0.134,1.028,0.27,65,0,173.77,-8.83,10,0.00,,,,,,,,,28.36,45.3,-30,-30,,105,-139,787,0,0,666,0,0,1,-1,0,1,-1,-1,-1,-1,-1,-1,0,0,
2026-04-02,18:42:33.330,7.61,98,99,99,-0.029,18.75,64,0,8.04,-0.134,1.013,0.40,65,0,179.35,-8.11,10,0.00,,,,,,,,,28.37,45.0,-30,-30,,103,-191,787,0,0,666,0,0,1,-1,0,1,-1,-1,-1,-1,-1,-1,0,0,
2026-04-02,18:42:33.600,7.61,98,99,99,-0.019,18.63,65,0,8.06,-0.135,1.030,-0.07,59,0,-172.79,-8.69,10,0.00,,,,,,,,,28.37,45.0,-30,-30,,93,-139,787,0,0,667,0,0,1,-1,0,1,-1,-1,-1,-1,-1,-1,0,0,
2026-04-02,18:42:33.860,7.61,99,99,99,-0.014,18.60,66,0,8.02,-0.125,0.964,-0.19,66,0,-177.97,-8.57,10,0.00,,,,,,,,,28.37,45.2,-30,-30,,0,-83,786,-177,0,666,0,0,1,-1,0,1,-1,-1,-1,-1,-1,-1,0,0,
2026-04-02,18:42:34.130,7.61,100,100,99,-0.007,18.63,66,0,8.00,-0.114,0.874,-0.01,71,0,116.21,-7.61,10,0.00,,,,,,,,,28.37,45.2,-30,-30,,0,-117,786,-37,0,666,0,0,1,-1,0,1,-1,-1,-1,-1,-1,-1,0,0,
2026-04-02,18:42:34.390,7.61,100,100,99,0.002,18.60,68,0,8.03,-0.114,0.924,0.04,71,0,116.21,-7.61,10,0.00,,,,,,,,,28.36,44.7,-30,-30,,0,-114,787,0,0,666,0,0,1,-1,0,1,-1,-1,-1,-1,-1,-1,0,0,
2026-04-02,18:42:34.650,7.61,100,100,99,0.003,18.56,69,0,8.06,-0.114,0.929,-0.18,77,0,177.84,-7.89,10,0.00,,,,,,,,,28.36,44.7,-30,-30,,0,-124,787,0,0,666,0,0,1,-1,0,1,-1,-1,-1,-1,-1,-1,0,0,
2026-04-02,18:42:34.920,7.61,100,100,99,0.021,18.53,71,0,8.06,-0.109,0.919,-0.07,75,0,178.21,-7.87,10,0.00,,,,,,,,,28.36,44.6,-30,-30,,0,-120,787,0,0,667,0,0,1,-1,0,1,-1,-1,-1,-1,-1,-1,0,0,
2026-04-02,18:42:35.180,7.62,100,100,99,0.006,18.53,70,0,8.07,-0.110,0.941,0.01,77,0,176.68,-7.82,10,0.00,,,,,,,,,28.36,44.6,-30,-30,,0,-83,787,0,0,666,0,0,1,-1,0,1,-1,-1,-1,-1,-1,-1,0,0,
2026-04-02,18:42:35.440,7.62,100,100,99,0.002,18.43,68,0,8.07,-0.106,0.894,-0.20,70,0,176.71,-7.40,10,0.00,,,,,,,,,28.36,44.6,-30,-30,,0,-81,788,0,0,666,0,0,1,-1,0,1,-1,-1,-1,-1,-1,-1,1,0,
2026-04-02,18:42:35.700,7.62,99,99,99,0.012,18.31,65,0,8.07,-0.105,0.876,-0.32,79,0,177.09,-7.10,10,0.00,,,,,,,,,28.36,44.9,-30,-30,,0,-78,787,0,0,667,0,0,1,-1,0,1,-1,-1,-1,-1,-1,-1,1,0,
2026-04-02,18:42:35.970,7.62,99,100,100,0.011,18.11,66,0,8.04,-0.096,0.824,-0.53,72,0,177.07,-6.21,10,0.00,,,,,,,,,28.36,44.9,-30,-30,,-43,-178,786,0,0,666,0,0,1,-1,0,1,-1,-1,-1,-1,-1,-1,1,0,
2026-04-02,18:42:36.240,7.62,99,100,100,0.002,17.88,68,0,8.00,-0.114,0.964,-0.74,77,0,177.25,-6.52,10,0.00,,,,,,,,,28.36,44.3,-30,-30,,-111,-332,782,-166,0,666,0,0,1,-1,0,1,-1,-1,-1,-1,-1,-1,0,0,
2026-04-02,18:42:36.500,7.61,99,100,100,-0.010,17.66,67,0,8.01,-0.136,1.292,-0.72,69,0,175.25,-10.13,10,0.00,,,,,,,,,28.36,44.3,-30,-30,,-43,-264,791,0,0,666,0,0,1,-1,0,1,-1,-1,-1,-1,-1,-1,0,0,
2026-04-02,18:42:36.760,7.62,98,100,100,-0.008,17.72,67,0,8.00,-0.129,1.135,-0.27,68,0,171.45,-12.01,10,0.00,,,,,,,,,28.36,44.7,-30,-30,,-73,-285,791,0,0,666,0,0,1,-1,0,1,-1,-1,-1,-1,-1,-1,0,0,
2026-04-02,18:42:37.020,7.62,98,100,100,-0.006,17.82,64,0,7.99,-0.133,1.147,0.13,64,0,168.22,-12.15,10,0.00,,,,,,,,,28.36,44.7,-30,-30,,-97,-387,794,13,0,666,0,0,1,-1,0,1,-1,-1,-1,-1,-1,-1,0,0,
2026-04-02,18:42:37.290,7.62,99,100,100,-0.007,17.84,63,0,7.98,-0.170,1.341,0.02,65,0,163.17,-15.79,10,0.00,,,,,,,,,28.33,45.8,-30,-30,,-60,-384,863,22,0,666,0,0,1,-1,0,1,-1,-1,-1,-1,-1,-1,0,0,
2026-04-02,18:42:37.560,7.62,99,100,100,0.006,18.01,62,0,8.02,-0.191,1.327,0.38,59,0,158.99,-17.31,10,0.00,,,,,,,,,28.33,45.8,-30,-30,,-36,-249,877,25,0,666,0,0,1,-1,0,1,-1,-1,-1,-1,-1,-1,0,0,
2026-04-02,18:42:37.830,7.62,99,100,100,0.004,18.27,60,0,8.00,-0.182,1.138,0.62,64,0,152.42,-18.47,10,0.00,,,,,,,,,28.29,54.4,-30,-30,,0,-225,876,242,0,666,0,0,1,-1,0,1,-1,-1,-1,-1,-1,-1,0,0,
2026-04-02,18:42:38.100,7.62,98,100,100,0.006,18.76,58,0,7.98,-0.175,1.036,1.26,66,0,156.56,-16.36,10,0.00,,,,,,,,,28.29,54.4,-30,-30,,0,-287,876,284,0,666,0,0,1,-1,0,1,-1,-1,-1,-1,-1,-1,0,0,
2026-04-02,18:42:38.360,7.61,99,100,100,0.009,19.14,56,0,8.01,-0.183,1.115,1.31,66,0,160.53,-16.53,10,0.00,,,,,,,,,28.25,54.5,-30,-30,,4,-267,874,266,0,667,0,0,1,-1,0,1,-1,-1,-1,-1,-1,-1,0,0,
2026-04-02,18:42:38.630,7.61,99,100,100,0.023,19.68,56,0,8.01,-0.185,1.089,1.58,64,0,162.34,-17.06,10,0.00,,,,,,,,,28.25,54.5,-30,-30,,47,-304,874,348,0,666,0,0,1,-1,0,1,-1,-1,-1,-1,-1,-1,0,0,
2026-04-02,18:42:38.900,7.62,100,100,100,0.017,20.32,54,0,8.01,-0.189,1.093,2.00,57,0,162.34,-17.06,10,0.00,,,,,,,,,28.22,54.7,-30,-30,,64,-273,876,268,0,666,0,0,1,-1,0,1,-1,-1,-1,-1,-1,-1,0,0,
2026-04-02,18:42:39.160,7.61,100,100,99,0.016,20.96,54,0,8.04,-0.196,1.106,2.12,51,0,165.86,-18.31,10,0.00,,,,,,,,,28.22,55.0,-30,-30,,49,-260,874,254,0,667,0,0,1,-1,0,1,-1,-1,-1,-1,-1,-1,0,0,
2026-04-02,18:42:39.420,7.61,99,99,99,0.020,21.60,53,0,8.06,-0.196,1.106,2.17,50,0,169.31,-19.42,10,0.00,,,,,,,,,28.22,55.0,-30,-30,,27,-245,872,147,0,666,0,0,1,-1,0,1,-1,-1,-1,-1,-1,-1,0,0,
2026-04-02,18:42:39.700,7.61,99,99,99,0.020,23.18,51,0,8.06,-0.201,1.074,2.62,50,0,172.58,-20.17,10,0.00,,,,,,,,,28.18,54.7,-30,-30,,0,-238,871,66,0,666,0,0,1,-1,0,1,-1,-1,-1,-1,-1,-1,0,0,
2026-04-02,18:42:39.970,7.61,99,99,99,0.004,24.07,49,0,8.07,-0.206,1.065,2.96,51,0,174.82,-19.60,10,0.00,,,,,,,,,28.18,54.7,-30,-30,,0,-228,869,20,0,666,0,0,1,-1,0,1,-1,-1,-1,-1,-1,-1,0,0,
2026-04-02,18:42:40.240,7.61,100,100,99,0.002,24.91,49,0,8.07,-0.207,1.058,2.92,50,0,175.23,-19.47,10,0.00,,,,,,,,,28.16,54.5,-30,-30,,0,-163,869,0,0,666,0,0,1,-1,0,1,-1,-1,-1,-1,-1,-1,0,0,
2026-04-02,18:42:40.500,7.61,100,100,99,0.009,25.86,51,0,8.07,-0.206,0.968,3.13,51,0,174.56,-18.73,10,0.00,,,,,,,,,28.16,54.5,-30,-30,,-4,-190,870,-120,0,666,0,0,1,-1,0,1,-1,-1,-1,-1,-1,-1,0,0,
2026-04-02,18:42:40.760,7.61,99,99,99,0.008,26.77,52,0,8.02,-0.199,0.990,3.17,52,0,172.31,-18.13,10,0.00,,,,,,,,,28.15,54.1,-30,-30,,-85,-256,785,-200,0,667,0,0,1,-1,0,1,-1,-1,-1,-1,-1,-1,0,0,
2026-04-02,18:42:41.020,7.61,99,99,99,0.000,27.77,53,0,8.01,-0.184,1.024,3.28,54,0,169.36,-18.70,10,0.00,,,,,,,,,28.15,54.1,-30,-30,,-92,-274,776,-166,0,666,0,0,1,-1,0,1,-1,-1,-1,-1,-1,-1,0,0,
2026-04-02,18:42:41.280,7.61,99,99,99,-0.005,28.94,52,0,8.01,-0.195,1.038,3.71,56,0,164.11,-19.32,10,0.00,,,,,,,,,28.16,46.1,-30,-30,,-78,-292,777,-33,0,666,0,0,1,-1,0,1,-1,-1,-1,-1,-1,-1,0,0,
2026-04-02,18:42:41.550,7.62,95,99,99,-0.008,30.22,49,0,7.99,-0.203,1.038,4.20,58,0,163.50,-19.26,10,0.00,,,,,,,,,28.16,46.1,-30,-30,,-75,-314,777,0,0,666,0,0,1,-1,0,1,-1,-1,-1,-1,-1,-1,0,0,
2026-04-02,18:42:41.810,7.62,94,99,99,0.001,31.39,47,0,7.98,-0.211,1.042,4.15,60,0,163.15,-18.94,10,0.00,,,,,,,,,28.16,45.3,-30,-30,,-78,-327,778,-10,0,666,0,0,1,-1,0,1,-1,-1,-1,-1,-1,-1,0,0,
2026-04-02,18:42:42.070,7.61,90,99,99,0.014,32.50,47,0,8.03,-0.220,1.079,3.96,61,0,161.73,-19.05,10,0.00,,,,,,,,,28.16,45.3,-30,-30,,-84,-349,778,0,0,666,0,0,1,-1,0,1,-1,-1,-1,-1,-1,-1,0,0,
2026-04-02,18:42:42.330,7.62,81,99,99,0.013,33.53,45,0,8.04,-0.224,1.053,3.96,60,0,156.87,-19.40,10,0.00,,,,,,,,,28.17,46.0,-30,-30,,-68,-410,778,127,0,667,0,0,1,-1,0,1,-1,-1,-1,-1,-1,-1,0,0,
2026-04-02,18:42:42.590,7.61,74,99,99,0.002,34.49,42,0,8.03,-0.241,1.140,3.51,58,0,155.61,-19.84,10,0.00,,,,,,,,,28.17,46.0,-30,-30,,-38,-435,781,213,0,666,0,0,1,-1,0,1,-1,-1,-1,-1,-1,-1,0,0,
2026-04-02,18:42:42.850,7.62,62,99,99,0.002,36.46,40,0,7.99,-0.250,1.153,3.47,50,0,153.16,-21.67,10,0.00,,,,,,,,,28.16,46.3,-30,-30,,-27,-452,782,224,0,666,0,0,1,-1,0,1,-1,-1,-1,-1,-1,-1,0,0,
2026-04-02,18:42:43.120,7.62,61,98,98,0.013,37.36,39,0,7.98,-0.263,1.156,3.24,45,0,151.23,-22.74,10,0.00,,,,,,,,,28.16,46.3,-30,-30,,-28,-448,781,223,0,667,0,0,1,-1,0,1,-1,-1,-1,-1,-1,-1,0,0,
2026-04-02,18:42:43.390,7.62,60,98,98,0.019,38.06,39,0,8.00,-0.259,1.129,2.88,44,0,148.95,-23.14,10,0.00,,,,,,,,,28.15,46.9,-30,-30,,0,-446,782,275,0,666,0,0,1,-1,0,1,-1,-1,-1,-1,-1,-1,0,0,
2026-04-02,18:42:43.650,7.62,74,98,98,0.012,38.54,40,0,7.98,-0.260,1.130,2.18,50,0,146.43,-23.36,10,0.00,,,,,,,,,28.15,46.9,-30,-30,,0,-444,782,392,0,666,0,0,1,-1,0,1,-1,-1,-1,-1,-1,-1,0,0,
2026-04-02,18:42:43.910,7.62,77,98,98,0.007,38.54,40,0,7.98,-0.243,1.096,1.79,55,0,146.16,-23.10,10,0.00,,,,,,,,,28.15,46.8,-30,-30,,0,-509,783,377,0,667,0,0,1,-1,0,1,-1,-1,-1,-1,-1,-1,0,0,
2026-04-02,18:42:44.170,7.62,82,98,98,0.012,39.48,39,0,7.97,-0.243,1.139,1.67,58,0,147.22,-23.17,10,0.00,,,,,,,,,28.15,46.8,-30,-30,,-1,-559,782,339,0,667,0,0,1,-1,0,1,-1,-1,-1,-1,-1,-1,0,0,
2026-04-02,18:42:44.430,7.62,81,98,98,0.018,39.71,41,0,8.00,-0.271,1.215,1.23,59,0,146.44,-23.70,10,0.00,,,,,,,,,28.14,47.0,-30,-30,,-12,-520,783,233,0,666,0,0,1,-1,0,1,-1,-1,-1,-1,-1,-1,0,0,
2026-04-02,18:42:44.690,7.62,85,98,98,0.014,39.89,42,0,8.01,-0.270,1.237,0.88,60,0,140.11,-25.04,10,0.00,,,,,,,,,28.14,46.7,-30,-30,,0,-534,790,360,0,666,0,0,1,-1,0,1,-1,-1,-1,-1,-1,-1,0,0,
2026-04-02,18:42:44.960,7.61,92,98,98,-0.002,39.85,43,0,8.00,-0.253,1.210,0.34,59,0,136.65,-25.34,10,0.00,,,,,,,,,28.13,46.7,-30,-30,,0,-540,796,378,0,667,0,0,1,-1,0,1,-1,-1,-1,-1,-1,-1,0,0,
2026-04-02,18:42:45.230,7.62,94,98,98,0.000,39.72,43,0,8.04,-0.269,1.285,0.34,58,0,138.01,-25.37,10,0.00,,,,,,,,,28.12,48.3,-30,-30,,0,-545,795,267,0,667,0,0,1,-1,0,1,-1,-1,-1,-1,-1,-1,0,0,
2026-04-02,18:42:45.500,7.61,97,98,98,0.015,39.45,45,0,8.00,-0.267,1.316,-0.63,60,0,137.92,-25.30,10,0.00,,,,,,,,,28.12,48.3,-30,-30,,0,-545,794,386,0,667,0,0,1,-1,0,1,-1,-1,-1,-1,-1,-1,0,0,
2026-04-02,18:42:45.760,7.61,98,98,98,0.006,39.06,45,0,8.03,-0.250,1.237,-0.79,58,0,131.59,-24.71,10,0.00,,,,,,,,,28.11,47.6,-30,-30,,22,-545,795,428,0,666,0,0,1,-1,0,1,-1,-1,-1,-1,-1,-1,0,0,
2026-04-02,18:42:46.030,7.61,98,98,98,0.005,38.70,45,0,8.00,-0.236,1.220,-0.83,56,0,130.92,-23.82,10,0.00,,,,,,,,,28.11,47.6,-30,-30,,20,-542,832,403,0,667,0,0,1,-1,0,1,-1,-1,-1,-1,-1,-1,0,0,
2026-04-02,18:42:46.290,7.62,99,99,98,0.006,37.95,45,0,8.04,-0.253,1.304,-1.89,54,0,132.30,-23.07,10,0.00,,,,,,,,,28.09,50.7,-30,-30,,23,-494,825,395,0,666,0,0,1,-1,0,1,-1,-1,-1,-1,-1,-1,0,0,
2026-04-02,18:42:46.560,7.61,99,99,98,0.005,37.27,45,0,8.05,-0.246,1.299,-2.21,56,0,131.88,-22.93,10,0.00,,,,,,,,,28.09,50.7,-30,-30,,30,-491,803,437,0,666,0,0,1,-1,0,1,-1,-1,-1,-1,-1,-1,0,0,
2026-04-02,18:42:46.820,7.61,98,99,98,-0.001,36.46,44,0,8.04,-0.210,1.223,-2.60,57,0,131.40,-21.84,10,0.00,,,,,,,,,28.09,48.8,-30,-30,,32,-515,800,462,0,667,0,0,1,-1,0,1,-1,-1,-1,-1,-1,-1,0,0,
2026-04-02,18:42:47.080,7.62,98,100,100,-0.005,35.78,44,0,8.01,-0.197,1.242,-2.60,59,0,132.49,-21.31,10,0.00,,,,,,,,,28.09,48.8,-30,-30,,29,-580,800,375,0,666,0,0,1,-1,0,1,-1,-1,-1,-1,-1,-1,0,0,
2026-04-02,18:42:47.340,7.61,98,100,100,-0.005,35.78,42,0,7.98,-0.207,1.242,-2.60,59,0,134.16,-21.24,10,0.00,,,,,,,,,28.08,47.2,-30,-30,,31,-542,800,469,0,667,0,0,1,-1,0,1,-1,-1,-1,-1,-1,-1,0,0,
2026-04-02,18:42:47.600,7.61,97,100,100,-0.010,34.42,41,0,8.02,-0.206,1.343,-2.33,58,0,133.68,-22.30,10,0.00,,,,,,,,,28.08,47.2,-30,-30,,51,-424,800,540,0,667,0,0,1,-1,0,1,-1,-1,-1,-1,-1,-1,0,0,
2026-04-02,18:42:47.860,7.61,93,100,100,0.000,33.81,41,0,8.03,-0.187,1.238,-2.25,57,0,134.75,-21.97,10,0.00,,,,,,,,,28.08,47.2,-30,-30,,95,-422,802,520,0,666,0,0,1,-1,0,1,-1,-1,-1,-1,-1,-1,0,0,
2026-04-02,18:42:48.120,7.61,91,100,100,0.000,33.10,41,0,8.01,-0.162,1.116,-2.28,58,0,142.27,-20.01,10,0.00,,,,,,,,,28.08,47.2,-30,-30,,74,-459,801,248,0,666,0,0,1,-1,0,1,-1,-1,-1,-1,-1,-1,0,0,
2026-04-02,18:42:48.380,7.62,92,100,100,-0.001,32.35,42,0,8.01,-0.186,1.293,-2.52,58,0,142.27,-20.01,10,0.00,,,,,,,,,28.08,47.0,-30,-30,,41,-356,799,310,0,667,0,0,1,-1,0,1,-1,-1,-1,-1,-1,-1,0,0,
2026-04-02,18:42:48.640,7.61,97,100,100,-0.009,31.79,43,0,8.00,-0.182,1.276,-2.20,57,0,143.30,-23.14,10,0.00,,,,,,,,,28.08,47.0,-30,-30,,75,-357,801,422,0,666,0,0,1,-1,0,1,-1,-1,-1,-1,-1,-1,0,0,
2026-04-02,18:42:48.920,7.62,98,100,100,-0.010,30.91,43,0,7.99,-0.162,1.184,-1.58,57,0,151.36,-22.94,10,0.00,,,,,,,,,28.08,46.7,-30,-30,,78,-351,801,305,0,666,0,0,1,-1,0,1,-1,-1,-1,-1,-1,-1,0,0,
2026-04-02,18:42:49.180,7.62,99,100,100,0.000,30.59,43,0,7.98,-0.162,1.211,-1.58,56,0,153.30,-23.63,10,0.00,,,,,,,,,28.08,46.2,-30,-30,,104,-406,802,416,0,667,0,0,1,-1,0,1,-1,-1,-1,-1,-1,-1,0,0,
2026-04-02,18:42:49.440,7.61,99,100,100,0.002,30.59,42,0,7.97,-0.163,1.167,-0.82,52,0,157.22,-24.50,10,0.00,,,,,,,,,28.08,46.2,-30,-30,,96,-296,800,307,0,666,0,0,1,-1,0,1,-1,-1,-1,-1,-1,-1,0,0,
2026-04-02,18:42:49.700,7.61,99,100,100,0.004,30.46,40,0,7.97,-0.166,1.167,-0.82,50,0,159.10,-25.41,10,0.00,,,,,,,,,28.08,46.2,-30,-30,,95,-234,800,124,0,667,0,0,1,-1,0,1,-1,-1,-1,-1,-1,-1,0,0,
2026-04-02,18:42:49.960,7.61,95,100,100,0.006,30.42,40,0,7.99,-0.145,1.043,-0.18,50,0,162.69,-25.20,10,0.00,,,,,,,,,28.08,46.2,-30,-30,,105,-276,799,381,0,666,0,0,1,-1,0,1,-1,-1,-1,-1,-1,-1,0,0,
2026-04-02,18:42:50.230,7.62,95,100,100,-0.008,30.34,41,0,7.98,-0.157,1.069,-0.21,55,0,173.05,-23.54,10,0.00,,,,,,,,,28.07,46.6,-30,-30,,35,-222,798,0,0,667,0,0,1,-1,0,1,-1,-1,-1,-1,-1,-1,0,0,
2026-04-02,18:42:50.490,7.61,94,100,100,0.000,30.44,43,0,8.01,-0.157,1.092,0.01,56,0,174.24,-24.22,10,0.00,,,,,,,,,28.07,46.6,-30,-30,,0,-153,787,0,0,667,0,0,1,-1,0,1,-1,-1,-1,-1,-1,-1,0,0,
2026-04-02,18:42:50.750,7.61,98,100,100,0.002,30.44,47,0,8.01,-0.142,0.974,0.67,58,0,173.99,-22.08,10,0.00,,,,,,,,,28.07,45.1,-30,-30,,0,-331,777,0,0,666,0,0,1,-1,0,1,-1,-1,-1,-1,-1,-1,0,0,
2026-04-02,18:42:51.020,7.62,97,100,100,-0.001,31.03,48,0,7.99,-0.142,1.075,0.82,62,0,174.09,-21.38,10,0.00,,,,,,,,,28.07,45.1,-30,-30,,-11,-341,770,0,0,667,0,0,1,-1,0,1,-1,-1,-1,-1,-1,-1,0,0,
2026-04-02,18:42:51.280,7.62,97,100,100,0.000,31.44,45,0,7.98,-0.171,1.201,1.10,66,0,171.33,-24.49,10,0.00,,,,,,,,,28.08,43.3,-30,-30,,-12,-325,770,0,0,666,0,0,1,-1,0,1,-1,-1,-1,-1,-1,-1,0,0,
2026-04-02,18:42:51.540,7.62,96,100,100,-0.001,32.02,45,0,7.97,-0.175,1.188,1.65,67,0,168.26,-25.61,10,0.00,,,,,,,,,28.08,43.3,-30,-30,,-18,-339,771,-96,0,666,0,0,1,-1,0,1,-1,-1,-1,-1,-1,-1,0,0,
2026-04-02,18:42:51.800,7.61,97,100,100,-0.009,32.57,45,0,7.97,-0.183,1.180,1.86,67,0,163.25,-27.35,10,0.00,,,,,,,,,28.08,44.2,-30,-30,,-40,-385,771,-192,0,666,0,0,1,-1,0,1,-1,-1,-1,-1,-1,-1,0,0,
2026-04-02,18:42:52.060,7.62,98,100,100,-0.011,33.18,45,0,7.97,-0.197,1.212,2.02,66,0,154.23,-30.20,10,0.00,,,,,,,,,28.08,44.2,-30,-30,,-53,-382,771,-182,0,666,0,0,1,-1,0,1,-1,-1,-1,-1,-1,-1,0,0,
2026-04-02,18:42:52.320,7.62,98,100,100,-0.013,34.66,44,0,7.97,-0.201,1.204,2.48,64,0,149.04,-31.41,10,0.00,,,,,,,,,28.07,44.4,-30,-30,,-62,-359,771,-211,0,666,0,0,1,-1,0,1,-1,-1,-1,-1,-1,-1,0,0,
2026-04-02,18:42:52.580,7.61,98,100,100,-0.022,35.62,44,0,7.97,-0.212,1.147,2.93,62,0,140.24,-32.58,10,0.00,,,,,,,,,28.07,44.4,-30,-30,,-63,-382,770,-130,0,667,0,0,1,-1,0,1,-1,-1,-1,-1,-1,-1,0,0,
2026-04-02,18:42:52.840,7.61,97,100,100,-0.019,36.69,44,0,7.97,-0.215,1.132,3.44,61,0,136.74,-32.46,10,0.00,,,,,,,,,28.05,44.5,-30,-30,,-70,-498,771,0,0,666,0,0,1,-1,0,1,-1,-1,-1,-1,-1,-1,0,0,
2026-04-02,18:42:53.100,7.62,96,100,100,-0.009,37.71,44,0,7.97,-0.250,1.276,3.47,62,0,130.79,-32.17,10,0.00,,,,,,,,,28.05,44.5,-30,-30,,-72,-516,771,0,0,666,0,0,1,-1,0,1,-1,-1,-1,-1,-1,-1,0,0,
2026-04-02,18:42:53.370,7.62,96,100,100,0.000,38.91,44,0,7.97,-0.265,1.306,3.87,65,0,126.42,-31.92,10,0.00,,,,,,,,,28.04,45.2,-30,-30,,-61,-510,772,78,0,666,0,0,1,-1,0,1,-1,-1,-1,-1,-1,-1,0,0,
2026-04-02,18:42:53.630,7.61,93,100,100,0.001,40.18,43,0,7.97,-0.276,1.234,4.17,66,0,116.14,-29.71,10,0.00,,,,,,,,,28.04,45.2,-30,-30,,0,-508,774,311,0,666,0,0,1,-1,0,1,-1,-1,-1,-1,-1,-1,0,0,
2026-04-02,18:42:53.890,7.62,94,100,100,0.007,41.29,42,0,7.97,-0.284,1.149,4.05,63,0,112.64,-25.94,10,0.00,,,,,,,,,28.02,45.2,-30,-30,,0,-561,775,360,0,666,0,0,1,-1,0,1,-1,-1,-1,-1,-1,-1,0,0,
2026-04-02,18:42:54.170,7.62,93,100,100,0.012,42.32,44,0,7.97,-0.282,1.160,3.80,63,0,112.77,-23.67,10,0.00,,,,,,,,,28.02,45.2,-30,-30,,0,-590,773,349,0,667,0,0,1,-1,0,1,-1,-1,-1,-1,-1,-1,0,0,
2026-04-02,18:42:54.430,7.62,97,100,100,0.022,43.44,47,0,7.97,-0.290,1.163,3.78,59,0,111.01,-19.16,10,0.00,,,,,,,,,28.00,45.9,-30,-30,,0,-604,774,389,0,667,0,0,1,-1,0,1,-1,-1,-1,-1,-1,-1,0,0,
2026-04-02,18:42:54.690,7.62,98,99,99,0.024,44.40,48,0,7.97,-0.291,1.123,3.59,56,0,109.00,-16.88,10,0.00,,,,,,,,,27.98,46.4,-30,-30,,0,-608,774,403,0,667,0,0,1,-1,0,1,-1,-1,-1,-1,-1,-1,0,0,
2026-04-02,18:42:54.950,7.62,96,99,99,0.015,45.17,47,0,7.97,-0.292,1.158,3.10,58,0,106.70,-12.49,10,0.00,,,,,,,,,27.98,46.4,-30,-30,,0,-630,773,377,0,667,0,0,1,-1,0,1,-1,-1,-1,-1,-1,-1,0,0,
2026-04-02,18:42:55.210,7.61,95,99,99,0.005,45.72,47,0,7.97,-0.300,1.195,2.49,64,0,107.65,-10.29,10,0.00,,,,,,,,,27.96,46.1,-30,-30,,0,-610,773,473,0,666,0,0,1,-1,0,1,-1,-1,-1,-1,-1,-1,0,0,
2026-04-02,18:42:55.480,7.61,95,98,98,0.020,46.36,47,0,7.97,-0.300,1.207,1.26,68,0,111.46,-5.50,10,0.00,,,,,,,,,27.96,46.1,-30,-30,,0,-682,773,344,0,666,0,0,1,-1,0,1,-1,-1,-1,-1,-1,-1,0,0,
2026-04-02,18:42:55.740,7.61,98,98,98,0.021,46.49,47,0,7.97,-0.289,1.209,0.77,71,0,111.00,-0.28,10,0.00,,,,,,,,,27.94,45.7,-30,-30,,0,-697,772,280,0,667,0,0,1,-1,0,1,-1,-1,-1,-1,-1,-1,0,0,
2026-04-02,18:42:56.010,7.61,98,98,98,0.016,46.40,46,0,8.00,-0.291,1.252,0.77,73,0,108.18,1.59,10,0.00,,,,,,,,,27.94,45.7,-30,-30,,0,-645,772,398,0,667,0,0,1,-1,0,1,-1,-1,-1,-1,-1,-1,0,0,
2026-04-02,18:42:56.270,7.62,91,98,98,0.000,46.18,44,0,8.01,-0.294,1.283,-0.40,74,0,106.99,5.26,10,0.00,,,,,,,,,27.91,45.7,-30,-30,,0,-609,773,432,0,666,0,0,1,-1,0,1,-1,-1,-1,-1,-1,-1,0,0,
2026-04-02,18:42:56.530,7.61,89,98,98,0.007,45.84,43,0,8.01,-0.267,1.283,-0.83,74,0,110.53,7.76,10,0.00,,,,,,,,,27.91,45.7,-30,-30,,0,-575,775,462,0,667,0,0,1,-1,0,1,-1,-1,-1,-1,-1,-1,0,0,
2026-04-02,18:42:56.790,7.61,90,98,98,0.011,45.17,45,0,7.99,-0.249,1.179,-1.60,75,0,117.32,13.42,10,0.00,,,,,,,,,27.89,45.4,-30,-30,,0,-586,776,484,0,667,0,0,1,-1,0,1,-1,-1,-1,-1,-1,-1,0,0,
2026-04-02,18:42:57.050,7.61,97,99,98,0.016,44.25,48,0,7.98,-0.219,1.132,-2.50,75,0,117.54,17.56,10,0.00,,,,,,,,,27.89,45.4,-30,-30,,0,-555,807,523,0,666,0,0,1,-1,0,1,-1,-1,-1,-1,-1,-1,0,0,
2026-04-02,18:42:57.320,7.62,99,99,98,0.003,43.19,50,0,7.97,-0.216,1.148,-3.19,75,0,118.24,19.18,10,0.00,,,,,,,,,27.86,46.7,-30,-30,,2,-524,870,607,0,667,0,0,1,-1,0,1,-1,-1,-1,-1,-1,-1,0,0,
2026-04-02,18:42:57.580,7.62,99,99,98,0.001,41.71,51,0,7.99,-0.206,1.163,-4.29,74,0,126.83,21.27,10,0.00,,,,,,,,,27.86,46.7,-30,-30,,13,-506,871,632,0,666,0,0,1,-1,0,1,-1,-1,-1,-1,-1,-1,0,0,
2026-04-02,18:42:57.840,7.62,99,99,98,0.003,40.08,52,0,7.98,-0.196,1.201,-5.09,73,0,133.90,21.99,10,0.00,,,,,,,,,27.81,54.5,-30,-30,,0,-521,866,477,0,666,0,0,1,-1,0,1,-1,-1,-1,-1,-1,-1,0,0,
2026-04-02,18:42:58.100,7.62,98,98,98,0.016,36.46,50,0,8.03,-0.183,1.264,-5.67,72,0,142.69,22.35,10,0.00,,,,,,,,,27.81,54.5,-30,-30,,0,-571,863,139,0,666,0,0,1,-1,0,1,-1,-1,-1,-1,-1,-1,0,0,
2026-04-02,18:42:58.370,7.61,97,98,98,-0.024,34.60,50,0,8.01,-0.190,1.590,-6.37,68,0,142.11,21.08,10,0.00,,,,,,,,,27.78,52.2,-30,-30,,0,-617,861,172,0,666,0,0,1,-1,0,1,-1,-1,-1,-1,-1,-1,0,0,
2026-04-02,18:42:58.640,7.61,97,99,99,-0.053,32.89,51,0,7.98,-0.199,1.703,-6.20,68,0,138.54,15.66,10,0.00,,,,,,,,,27.78,52.2,-30,-30,,0,-631,860,219,0,667,0,0,1,-1,0,1,-1,-1,-1,-1,-1,-1,0,0,
2026-04-02,18:42:58.900,7.61,99,99,99,-0.054,31.34,56,0,7.98,-0.212,1.828,-5.72,68,0,144.56,11.67,10,0.00,,,,,,,,,27.76,50.8,-30,-30,,0,-641,852,149,0,666,0,0,1,-1,0,1,-1,-1,-1,-1,-1,-1,0,0,
2026-04-02,18:42:59.170,7.61,100,100,99,-0.043,30.03,60,0,8.00,-0.207,1.797,-5.10,66,0,145.00,10.01,10,0.00,,,,,,,,,27.76,50.8,-30,-30,,0,-662,834,1,0,666,0,0,1,-1,0,1,-1,-1,-1,-1,-1,-1,0,0,
2026-04-02,18:42:59.430,7.62,100,100,100,-0.058,28.82,62,0,8.00,-0.185,1.755,-4.53,64,0,138.81,6.94,10,0.00,,,,,,,,,27.74,49.4,-30,-30,,0,-724,832,87,0,666,0,0,1,-1,0,1,-1,-1,-1,-1,-1,-1,0,0,
2026-04-02,18:42:59.700,7.62,100,100,100,-0.078,27.72,62,0,7.98,-0.220,1.821,-4.14,70,0,136.40,4.83,10,0.00,,,,,,,,,27.74,49.4,-30,-30,,0,-696,833,321,0,667,0,0,1,-1,0,1,-1,-1,-1,-1,-1,-1,0,0,
2026-04-02,18:42:59.970,7.61,100,100,100,-0.062,27.06,60,0,7.98,-0.221,1.833,-3.21,70,0,135.92,1.27,10,0.00,,,,,,,,,27.73,48.0,-30,-30,,0,-699,832,333,0,666,0,0,1,-1,0,1,-1,-1,-1,-1,-1,-1,0,0,
2026-04-02,18:43:00.240,7.62,99,100,100,-0.038,26.46,59,0,7.97,-0.203,1.715,-2.36,71,0,134.56,0.28,10,0.00,,,,,,,,,27.70,48.0,-30,-30,,0,-700,833,298,0,667,0,0,1,-1,0,1,-1,-1,-1,-1,-1,-1,0,0,
2026-04-02,18:43:00.500,7.61,98,100,100,-0.036,26.46,55,0,8.00,-0.198,1.681,-2.37,68,0,132.18,-0.21,10,0.00,,,,,,,,,27.70,48.0,-30,-30,,91,-569,845,544,0,667,0,0,1,-1,0,1,-1,-1,-1,-1,-1,-1,0,0,
2026-04-02,18:43:00.760,7.61,98,100,100,-0.044,25.11,55,0,7.98,-0.172,1.412,-2.34,68,0,131.25,-0.12,10,0.00,,,,,,,,,27.67,49.4,-30,-30,,108,-611,867,572,0,667,0,0,1,-1,0,1,-1,-1,-1,-1,-1,-1,0,0,
2026-04-02,18:43:01.020,7.61,98,100,100,-0.041,23.75,56,0,7.98,-0.154,1.356,-2.39,68,0,135.29,0.54,10,0.00,,,,,,,,,27.67,49.4,-30,-30,,66,-633,867,526,0,666,0,0,1,-1,0,1,-1,-1,-1,-1,-1,-1,0,0,
2026-04-02,18:43:01.290,7.61,98,100,100,-0.030,22.96,54,0,7.97,-0.184,1.518,-2.60,59,0,144.85,-1.65,10,0.00,,,,,,,,,27.63,51.4,-30,-30,,40,-677,866,449,0,667,0,0,1,-1,0,1,-1,-1,-1,-1,-1,-1,0,0,
2026-04-02,18:43:01.560,7.61,97,100,100,-0.036,22.21,52,0,7.97,-0.195,1.587,-2.63,59,0,148.99,-5.54,10,0.00,,,,,,,,,27.63,51.4,-30,-30,,23,-690,865,469,0,667,0,0,1,-1,0,1,-1,-1,-1,-1,-1,-1,0,0,
2026-04-02,18:43:01.820,7.61,97,100,100,-0.040,21.52,51,0,7.97,-0.210,1.625,-2.51,64,0,149.72,-7.77,10,0.00,,,,,,,,,27.59,51.4,-30,-30,,19,-667,865,501,0,666,0,0,1,-1,0,1,-1,-1,-1,-1,-1,-1,0,0,
2026-04-02,18:43:02.080,7.61,99,100,100,-0.038,20.98,51,0,8.00,-0.214,1.610,-2.15,66,0,152.98,-11.58,10,0.00,,,,,,,,,27.59,51.4,-30,-30,,16,-638,865,419,0,666,0,0,1,-1,0,1,-1,-1,-1,-1,-1,-1,0,0,
2026-04-02,18:43:02.340,7.61,100,100,100,-0.027,20.54,53,0,8.00,-0.210,1.541,-1.81,66,0,154.28,-13.14,10,0.00,,,,,,,,,27.55,51.5,-30,-30,,15,-642,866,388,0,667,0,0,1,-1,0,1,-1,-1,-1,-1,-1,-1,0,0,
2026-04-02,18:43:02.610,7.61,100,100,100,-0.027,20.25,48,0,7.98,-0.212,1.538,-1.38,64,0,152.86,-16.50,10,0.00,,,,,,,,,27.55,51.5,-30,-30,,14,-603,874,346,0,666,0,0,1,-1,0,1,-1,-1,-1,-1,-1,-1,0,0,
2026-04-02,18:43:02.870,7.61,100,100,100,-0.019,20.10,46,0,8.03,-0.238,1.528,-0.85,63,0,151.59,-18.48,10,0.00,,,,,,,,,27.49,52.1,-30,-30,,28,-599,949,359,0,666,0,0,1,-1,0,1,-1,-1,-1,-1,-1,-1,0,0,
2026-04-02,18:43:03.140,7.61,100,100,100,-0.020,20.04,49,0,8.03,-0.253,1.516,-0.47,62,0,148.99,-21.83,10,0.00,,,,,,,,,27.49,52.1,-30,-30,,27,-618,948,425,0,667,0,0,1,-1,0,1,-1,-1,-1,-1,-1,-1,0,0,
2026-04-02,18:43:03.410,7.61,100,100,100,-0.012,20.04,50,0,7.99,-0.261,1.523,-0.21,61,0,149.06,-24.94,10,0.00,,,,,,,,,27.41,61.3,-30,-30,,20,-628,941,462,0,667,0,0,1,-1,0,1,-1,-1,-1,-1,-1,-1,0,0,
2026-04-02,18:43:03.690,7.61,99,100,100,-0.009,20.66,51,0,8.00,-0.262,1.464,0.88,54,0,148.37,-26.09,10,0.00,,,,,,,,,27.41,60.0,-30,-30,,15,-599,933,343,0,666,0,0,1,-1,0,1,-1,-1,-1,-1,-1,-1,0,0,
2026-04-02,18:43:03.950,7.61,99,100,100,-0.002,21.14,50,0,8.00,-0.263,1.432,1.39,49,0,142.99,-28.11,10,0.00,,,,,,,,,27.33,60.0,-30,-30,,0,-622,919,367,0,666,0,0,1,-1,0,1,-1,-1,-1,-1,-1,-1,0,0,
2026-04-02,18:43:04.210,7.62,99,99,99,-0.019,21.74,50,0,7.98,-0.266,1.445,1.74,48,0,137.96,-30.13,10,0.00,,,,,,,,,27.33,57.5,-30,-30,,0,-632,908,410,0,667,0,0,1,-1,0,1,-1,-1,-1,-1,-1,-1,0,0,
2026-04-02,18:43:04.480,7.61,94,98,98,-0.006,22.36,48,0,7.98,-0.266,1.447,2.04,44,0,137.96,-30.13,10,0.00,,,,,,,,,27.25,57.5,-30,-30,,0,-602,901,468,0,667,0,0,1,-1,0,1,-1,-1,-1,-1,-1,-1,0,0,
2026-04-02,18:43:04.750,7.61,93,98,98,0.000,22.36,45,0,7.97,-0.264,1.343,2.28,43,0,134.69,-30.90,10,0.00,,,,,,,,,27.18,56.2,-30,-30,,0,-602,896,431,0,666,0,0,1,-1,0,1,-1,-1,-1,-1,-1,-1,0,0,
2026-04-02,18:43:05.010,7.61,87,98,98,0.006,23.74,44,0,7.97,-0.261,1.300,2.33,44,0,132.46,-30.36,10,0.00,,,,,,,,,27.18,56.2,-30,-30,,0,-609,892,449,0,666,0,0,1,-1,0,1,-1,-1,-1,-1,-1,-1,0,0,
2026-04-02,18:43:05.270,7.62,90,98,98,0.002,24.31,44,0,7.97,-0.257,1.254,2.09,48,0,126.27,-29.59,10,0.00,,,,,,,,,27.11,55.0,-30,-30,,0,-606,891,491,0,667,0,0,1,-1,0,1,-1,-1,-1,-1,-1,-1,0,0,
2026-04-02,18:43:05.540,7.61,90,98,98,-0.007,24.87,43,0,8.02,-0.263,1.288,2.08,49,0,123.85,-28.70,10,0.00,,,,,,,,,27.11,55.0,-30,-30,,10,-598,890,512,0,667,0,0,1,-1,0,1,-1,-1,-1,-1,-1,-1,0,0,
2026-04-02,18:43:05.810,7.61,94,98,98,0.001,25.33,42,0,8.02,-0.253,1.205,1.83,47,0,125.13,-27.95,10,0.00,,,,,,,,,27.11,55.1,-30,-30,,21,-597,890,522,0,666,0,0,1,-1,0,1,-1,-1,-1,-1,-1,-1,0,0,
2026-04-02,18:43:06.080,7.61,92,98,98,0.008,25.58,41,0,8.00,-0.260,1.238,1.22,46,0,125.68,-26.14,10,0.00,,,,,,,,,27.11,55.1,-30,-30,,38,-613,890,513,0,666,0,0,1,-1,0,1,-1,-1,-1,-1,-1,-1,0,0,
2026-04-02,18:43:06.350,7.61,90,96,96,0.004,26.17,41,0,7.98,-0.252,1.211,1.02,47,0,125.68,-26.14,10,0.00,,,,,,,,,27.00,54.8,-30,-30,,33,-599,867,516,0,667,0,0,1,-1,0,1,-1,-1,-1,-1,-1,-1,0,0,
2026-04-02,18:43:06.610,7.61,89,93,93,0.000,26.43,41,0,7.97,-0.244,1.230,0.85,42,0,124.80,-23.50,10,0.00,,,,,,,,,27.00,54.8,-30,-30,,37,-582,843,546,0,666,0,0,1,-1,0,1,-1,-1,-1,-1,-1,-1,0,0,
2026-04-02,18:43:06.870,7.61,89,91,91,0.000,26.43,41,0,8.02,-0.231,1.212,0.80,39,0,126.97,-22.00,10,0.00,,,,,,,,,26.92,50.4,-30,-30,,39,-567,840,532,0,666,0,0,1,-1,0,1,-1,-1,-1,-1,-1,-1,0,0,
2026-04-02,18:43:07.140,7.61,89,90,90,0.003,26.69,39,0,8.05,-0.228,1.180,0.50,39,0,128.49,-21.21,10,0.00,,,,,,,,,26.92,50.4,-30,-30,,40,-568,841,424,0,666,0,0,1,-1,0,1,-1,-1,-1,-1,-1,-1,0,0,
2026-04-02,18:43:07.410,7.61,90,90,88,0.009,26.60,40,0,8.06,-0.231,1.204,0.03,41,0,129.59,-20.21,10,0.00,,,,,,,,,26.84,50.4,-30,-30,,30,-512,841,298,0,666,0,0,1,-1,0,1,-1,-1,-1,-1,-1,-1,0,0,
2026-04-02,18:43:07.670,7.61,93,93,88,0.005,26.49,43,0,8.04,-0.235,1.229,-0.24,45,0,129.59,-20.21,10,0.00,,,,,,,,,26.84,50.4,-30,-30,,43,-505,840,405,0,667,0,0,1,-1,0,1,-1,-1,-1,-1,-1,-1,0,0,
2026-04-02,18:43:07.940,7.62,92,92,87,-0.002,26.43,44,0,8.04,-0.228,1.208,-0.20,49,0,127.79,-19.76,10,0.00,,,,,,,,,26.75,48.6,-30,-30,,51,-440,840,419,0,666,0,0,1,-1,0,1,-1,-1,-1,-1,-1,-1,0,0,
2026-04-02,18:43:08.220,7.62,90,90,88,0.008,26.40,43,0,8.06,-0.213,1.151,-0.16,48,0,132.56,-17.79,10,0.00,,,,,,,,,26.67,48.3,-30,-30,,46,-435,839,443,0,666,0,0,1,-1,0,1,-1,-1,-1,-1,-1,-1,0,0,
2026-04-02,18:43:08.480,7.62,90,90,89,0.009,26.27,42,0,8.05,-0.205,1.116,-0.29,50,0,134.50,-16.67,10,0.00,,,,,,,,,26.67,48.3,-30,-30,,55,-303,840,243,0,667,0,0,1,-1,0,1,-1,-1,-1,-1,-1,-1,0,0,
2026-04-02,18:43:08.750,7.62,92,92,89,0.022,26.11,41,0,8.04,-0.187,1.009,-0.46,53,0,138.19,-14.66,10,0.00,,,,,,,,,26.67,48.3,-30,-30,,73,-338,840,365,0,667,0,0,1,-1,0,1,-1,-1,-1,-1,-1,-1,0,0,
2026-04-02,18:43:09.020,7.62,93,93,89,0.009,25.95,41,0,8.03,-0.173,1.009,-0.47,51,0,140.92,-13.88,10,0.00,,,,,,,,,26.67,48.3,-30,-30,,91,-376,840,501,0,666,0,0,1,-1,0,1,-1,-1,-1,-1,-1,-1,0,0,
2026-04-02,18:43:09.300,7.61,90,90,89,0.000,25.54,41,0,7.99,-0.173,1.057,-0.59,48,0,151.74,-13.45,10,0.00,,,,,,,,,26.55,47.2,-30,-30,,112,-373,840,533,0,667,0,0,1,-1,0,1,-1,-1,-1,-1,-1,-1,0,0,
2026-04-02,18:43:09.560,7.61,88,89,89,0.014,25.30,40,0,8.01,-0.173,1.031,-0.76,47,0,166.06,-13.00,10,0.00,,,,,,,,,26.55,47.2,-30,-30,,111,-263,840,535,0,667,0,0,1,-1,0,1,-1,-1,-1,-1,-1,-1,0,0,
2026-04-02,18:43:09.830,7.61,81,89,89,0.027,25.07,39,0,8.01,-0.164,0.949,-0.80,46,0,171.61,-12.35,10,0.00,,,,,,,,,26.43,47.2,-30,-30,,107,-177,840,367,0,666,0,0,1,-1,0,1,-1,-1,-1,-1,-1,-1,0,0,
2026-04-02,18:43:10.100,7.61,75,89,89,0.036,24.86,38,0,7.99,-0.135,0.823,-0.80,47,0,176.20,-10.95,10,0.00,,,,,,,,,26.43,47.2,-30,-30,,90,-315,840,127,0,666,0,0,1,-1,0,1,-1,-1,-1,-1,-1,-1,0,0,
2026-04-02,18:43:10.370,7.61,71,91,91,0.000,24.54,38,0,7.99,-0.152,1.096,-0.90,47,0,-177.23,-10.37,10,0.00,,,,,,,,,26.30,45.9,-30,-30,,49,-402,839,41,0,666,0,0,1,-1,0,1,-1,-1,-1,-1,-1,-1,0,0,
2026-04-02,18:43:10.630,7.61,79,94,94,-0.010,24.16,40,0,8.00,-0.166,1.096,-1.15,50,0,-176.92,-12.19,10,0.00,,,,,,,,,26.30,45.9,-30,-30,,20,-301,800,0,0,666,0,0,1,-1,0,1,-1,-1,-1,-1,-1,-1,0,0,
2026-04-02,18:43:10.890,7.61,87,96,96,-0.017,23.85,42,0,8.00,-0.135,1.055,-1.18,51,0,-175.76,-14.19,10,0.00,,,,,,,,,26.18,44.1,-30,-30,,0,1,785,0,0,667,0,0,1,-1,0,1,-1,-1,-1,-1,-1,-1,0,0,
2026-04-02,18:43:11.150,7.62,93,97,97,-0.010,23.68,44,0,8.03,-0.096,0.797,-0.87,53,0,-175.14,-11.50,10,0.00,,,,,,,,,26.18,44.1,-30,-30,,0,-180,784,0,0,666,0,0,1,-1,0,1,-1,-1,-1,-1,-1,-1,0,0,
2026-04-02,18:43:11.420,7.61,96,99,99,0.003,23.68,46,0,8.02,-0.089,0.880,-0.80,55,0,-173.00,-8.73,10,0.00,,,,,,,,,26.07,39.4,-30,-30,,0,-305,783,-97,0,666,0,0,1,-1,0,1,-1,-1,-1,-1,-1,-1,0,0,
2026-04-02,18:43:11.680,7.61,98,99,99,-0.005,22.96,49,0,8.04,-0.121,1.122,-1.26,57,0,-176.68,-12.08,10,0.00,,,,,,,,,26.07,39.4,-30,-30,,-21,-260,781,-175,0,666,0,0,1,-1,0,1,-1,-1,-1,-1,-1,-1,0,0,
2026-04-02,18:43:11.960,7.62,99,100,100,-0.015,22.92,50,0,8.06,-0.115,1.078,-0.23,59,0,150.03,-12.78,10,0.00,,,,,,,,,25.95,38.6,-30,-30,,-30,-191,779,-45,0,666,0,0,1,-1,0,1,-1,-1,-1,-1,-1,-1,0,0,
2026-04-02,18:43:12.230,7.61,100,100,100,-0.017,22.63,50,0,8.07,-0.097,0.973,-0.64,60,0,173.70,-11.89,10,0.00,,,,,,,,,25.82,38.4,-30,-30,,-26,-210,775,0,0,666,0,0,1,-1,0,1,-1,-1,-1,-1,-1,-1,0,0,
2026-04-02,18:43:12.500,7.61,100,100,100,-0.014,22.40,50,0,8.04,-0.093,0.972,-0.79,61,0,174.90,-11.16,10,0.00,,,,,,,,,25.82,38.4,-30,-30,,-23,-226,774,0,0,667,0,0,1,-1,0,1,-1,-1,-1,-1,-1,-1,0,0,
2026-04-02,18:43:12.770,7.61,100,100,100,-0.006,22.17,50,0,8.05,-0.086,0.970,-0.79,60,0,176.18,-10.51,10,0.00,,,,,,,,,25.67,37.5,-30,-30,,0,-205,767,0,0,666,0,0,1,-1,0,1,-1,-1,-1,-1,-1,-1,0,0,
2026-04-02,18:43:13.030,7.61,100,100,100,-0.006,21.87,50,0,8.02,-0.081,0.958,-0.89,60,0,172.82,-9.92,10,0.00,,,,,,,,,25.67,37.5,-30,-30,,0,-245,762,0,0,666,0,0,1,-1,0,1,-1,-1,-1,-1,-1,-1,0,0,
2026-04-02,18:43:13.300,7.61,98,100,100,-0.006,21.65,50,0,8.00,-0.077,0.958,-0.86,58,0,171.54,-9.82,10,0.00,,,,,,,,,25.52,36.0,-30,-30,,0,-246,762,-8,0,667,0,0,1,-1,0,1,-1,-1,-1,-1,-1,-1,0,0,
2026-04-02,18:43:13.560,7.61,95,100,100,-0.017,21.43,50,0,8.00,-0.079,1.001,-0.82,57,0,171.10,-9.80,10,0.00,,,,,,,,,25.52,36.0,-30,-30,,0,-365,762,0,0,666,0,0,1,-1,0,1,-1,-1,-1,-1,-1,-1,0,0,
2026-04-02,18:43:13.820,7.61,93,100,100,-0.030,21.30,50,0,7.98,-0.089,1.086,-0.62,56,0,172.02,-9.83,10,0.00,,,,,,,,,25.36,35.3,-30,-30,,0,-351,761,0,0,666,0,0,1,-1,0,1,-1,-1,-1,-1,-1,-1,0,0,
2026-04-02,18:43:14.080,7.61,92,100,100,-0.019,21.21,49,0,8.02,-0.089,1.146,-0.42,55,0,172.42,-12.00,10,0.00,,,,,,,,,25.36,35.3,-30,-30,,-11,-340,762,0,0,667,0,0,1,-1,0,1,-1,-1,-1,-1,-1,-1,0,0,
2026-04-02,18:43:14.350,7.61,94,100,100,-0.028,21.04,49,0,8.04,-0.090,1.109,-0.47,52,0,169.33,-13.22,10,0.00,,,,,,,,,25.15,34.9,-30,-30,,-19,-325,761,-21,0,666,0,0,1,-1,0,1,-1,-1,-1,-1,-1,-1,0,0,
2026-04-02,18:43:14.620,7.62,94,100,100,-0.022,20.90,49,0,8.03,-0.088,1.065,-0.25,53,0,168.12,-13.87,10,0.00,,,,,,,,,25.15,34.9,-30,-30,,0,-429,697,0,0,666,0,0,1,-1,0,1,-1,-1,-1,-1,-1,-1,0,0,
2026-04-02,18:43:14.880,7.61,92,100,100,-0.037,20.84,48,0,7.99,-0.082,1.187,-0.13,54,0,166.60,-15.22,10,0.00,,,,,,,,,24.93,31.7,-30,-30,,-22,-380,694,-3,0,666,0,0,1,-1,0,1,-1,-1,-1,-1,-1,-1,0,0,
2026-04-02,18:43:15.150,7.61,90,100,100,-0.030,20.78,47,0,8.01,-0.083,1.176,-0.23,54,0,164.76,-16.62,10,0.00,,,,,,,,,24.93,31.7,-30,-30,,-51,-489,692,0,0,666,0,0,1,-1,0,1,-1,-1,-1,-1,-1,-1,0,0,
2026-04-02,18:43:15.420,7.62,92,100,100,-0.030,20.99,46,0,8.00,-0.086,1.183,0.28,55,0,161.46,-17.92,10,0.00,,,,,,,,,24.66,28.7,-30,-30,,-69,-527,680,0,0,666,0,0,1,-1,0,1,-1,-1,-1,-1,-1,-1,0,0,
2026-04-02,18:43:15.680,7.62,95,100,100,-0.041,21.15,46,0,7.98,-0.098,1.236,0.53,56,0,157.45,-21.36,10,0.00,,,,,,,,,24.66,28.7,-30,-30,,-75,-524,595,6,0,667,0,0,1,-1,0,1,-1,-1,-1,-1,-1,-1,0,0,
2026-04-02,18:43:15.940,7.61,96,100,100,-0.037,21.30,46,0,8.00,-0.090,1.195,0.45,56,0,154.32,-22.43,10,0.00,,,,,,,,,24.37,24.8,-30,-30,,-78,-449,590,0,0,667,0,0,1,-1,0,1,-1,-1,-1,-1,-1,-1,0,0,
2026-04-02,18:43:16.200,7.61,95,100,100,-0.026,21.42,45,0,8.02,-0.083,1.089,0.50,55,0,150.42,-22.66,10,0.00,,,,,,,,,24.37,21.8,-30,-30,,-73,-490,600,151,0,666,0,0,1,-1,0,1,-1,-1,-1,-1,-1,-1,0,0,
2026-04-02,18:43:16.470,7.62,92,100,100,-0.032,21.42,44,0,7.99,-0.080,1.068,0.70,55,0,151.19,-21.83,10,0.00,,,,,,,,,24.03,21.8,-30,-30,,-61,-516,607,143,0,667,0,0,1,-1,0,1,-1,-1,-1,-1,-1,-1,0,0,
2026-04-02,18:43:16.740,7.61,92,100,100,-0.022,21.99,44,0,7.98,-0.097,1.069,0.91,54,0,154.99,-19.76,10,0.00,,,,,,,,,23.63,22.0,-30,-30,,-62,-476,605,49,0,666,0,0,1,-1,0,1,-1,-1,-1,-1,-1,-1,0,0,
2026-04-02,18:43:17.010,7.61,91,100,100,-0.024,22.26,44,0,8.01,-0.093,1.027,0.95,52,0,153.85,-18.26,10,0.00,,,,,,,,,23.63,22.0,-30,-30,,-64,-545,604,216,0,667,0,0,1,-1,0,1,-1,-1,-1,-1,-1,-1,0,0,
2026-04-02,18:43:17.270,7.62,91,100,100,-0.037,22.50,44,0,7.99,-0.087,1.042,0.54,53,0,153.61,-17.35,10,0.00,,,,,,,,,23.14,21.1,-30,-30,,-57,-541,688,319,0,667,0,0,1,-1,0,1,-1,-1,-1,-1,-1,-1,0,0,
2026-04-02,18:43:17.540,7.61,89,100,100,-0.029,22.50,44,0,7.99,-0.109,1.062,0.24,55,0,158.95,-16.27,10,0.00,,,,,,,,,23.14,21.1,-30,-30,,-43,-531,700,290,0,666,0,0,1,-1,0,1,-1,-1,-1,-1,-1,-1,0,0,
2026-04-02,18:43:17.800,7.61,90,100,100,-0.026,22.36,44,0,8.02,-0.106,1.032,-0.19,57,0,162.13,-15.65,10,0.00,,,,,,,,,22.60,24.2,-30,-30,,-37,-482,595,135,0,667,0,0,1,-1,0,1,-1,-1,-1,-1,-1,-1,0,0,
2026-04-02,18:43:18.070,7.61,91,100,100,-0.021,22.17,44,0,8.00,-0.081,0.997,-0.44,59,0,162.53,-14.44,10,0.00,,,,,,,,,22.60,24.2,-30,-30,,-45,-527,591,195,0,666,0,0,1,-1,0,1,-1,-1,-1,-1,-1,-1,0,0,
2026-04-02,18:43:18.340,7.62,90,100,100,-0.032,21.95,44,0,8.00,-0.056,0.985,-0.64,60,0,161.38,-13.54,10,0.00,,,,,,,,,22.09,16.8,-30,-30,,-38,-615,583,352,0,666,0,0,1,-1,0,1,-1,-1,-1,-1,-1,-1,0,0,
2026-04-02,18:43:18.600,7.62,91,100,100,-0.038,21.50,44,0,8.02,-0.070,1.067,-1.12,62,0,163.77,-14.06,10,0.00,,,,,,,,,22.09,16.8,-30,-30,,-44,-617,497,353,0,667,0,0,1,-1,0,1,-1,-1,-1,-1,-1,-1,0,0,
2026-04-02,18:43:18.860,7.61,92,100,100,-0.029,20.96,45,0,8.02,-0.057,1.052,-1.59,62,0,169.29,-14.09,10,0.00,,,,,,,,,21.65,12.9,-30,-30,,-52,-563,513,426,0,666,0,0,1,-1,0,1,-1,-1,-1,-1,-1,-1,0,0,
2026-04-02,18:43:19.120,7.62,96,100,100,-0.025,20.28,44,0,8.01,-0.043,1.012,-1.98,65,0,171.37,-13.54,10,0.00,,,,,,,,,21.65,12.9,-30,-30,,0,-591,680,549,0,667,0,0,1,-1,0,1,-1,-1,-1,-1,-1,-1,0,0,
2026-04-02,18:43:19.380,7.61,95,100,100,-0.019,19.57,42,0,7.99,-0.043,0.920,-2.35,67,0,175.80,-10.62,10,0.00,,,,,,,,,21.12,15.9,-30,-30,,-27,-500,747,0,0,667,0,0,1,-1,0,1,-1,-1,-1,-1,-1,-1,0,0,
2026-04-02,18:43:19.650,7.61,93,100,100,-0.027,18.78,39,0,7.98,-0.059,0.996,-2.35,68,0,175.80,-10.62,10,0.00,,,,,,,,,21.12,15.9,-30,-30,,-77,-698,646,-21,0,667,0,0,1,-1,0,1,-1,-1,-1,-1,-1,-1,0,0,
2026-04-02,18:43:19.920,7.61,91,100,100,-0.045,17.87,40,0,7.97,-0.065,1.208,-2.83,69,0,170.28,-14.05,10,0.00,,,,,,,,,20.63,17.2,-30,-30,,-67,-740,861,81,0,667,0,0,1,-1,0,1,-1,-1,-1,-1,-1,-1,0,0,
2026-04-02,18:43:20.190,7.61,93,100,100,-0.037,15.95,46,0,7.99,-0.129,1.340,-3.28,69,0,169.97,-20.27,10,0.00,,,,,,,,,20.63,24.3,-30,-30,,-57,-689,940,0,0,666,0,0,1,-1,0,1,-1,-1,-1,-1,-1,-1,0,0,
2026-04-02,18:43:20.450,7.61,97,100,100,-0.035,15.14,49,0,8.04,-0.131,1.309,-2.95,70,0,169.88,-22.16,10,0.00,,,,,,,,,19.94,24.3,-30,-30,,-65,-664,897,-124,0,666,0,0,1,-1,0,1,-1,-1,-1,-1,-1,-1,0,0,
2026-04-02,18:43:20.710,7.61,100,100,100,-0.032,14.16,53,0,8.01,-0.087,1.233,-3.10,71,0,160.89,-24.18,10,0.00,,,,,,,,,19.94,19.9,-30,-30,,-66,-716,890,179,0,667,0,0,1,-1,0,1,-1,-1,-1,-1,-1,-1,0,0,
2026-04-02,18:43:20.970,7.61,100,100,100,-0.046,12.94,54,0,7.98,-0.076,1.236,-3.82,71,0,154.95,-25.64,10,0.00,,,,,,,,,19.27,19.9,-30,-30,,-35,-771,769,253,0,667,0,0,1,-1,0,1,-1,-1,-1,-1,-1,-1,0,0,
2026-04-02,18:43:21.230,7.61,100,100,100,-0.050,11.98,56,0,8.00,-0.063,1.228,-3.61,70,0,150.51,-27.93,10,0.00,,,,,,,,,18.68,12.8,-30,-30,,-11,-694,863,267,0,666,0,0,1,-1,0,1,-1,-1,-1,-1,-1,-1,0,0,
2026-04-02,18:43:21.490,7.61,99,100,100,-0.041,10.95,56,0,8.00,-0.060,1.151,-3.55,69,0,148.93,-28.56,10,0.00,,,,,,,,,18.68,12.8,-30,-30,,10,-694,906,531,0,666,0,0,1,-1,0,1,-1,-1,-1,-1,-1,-1,0,0,
2026-04-02,18:43:21.760,7.61,98,100,100,-0.032,9.97,54,0,7.98,-0.047,1.096,-3.45,67,0,146.63,-27.69,10,0.00,,,,,,,,,18.07,16.7,-30,-30,,1,-738,928,525,0,666,0,0,1,-1,0,1,-1,-1,-1,-1,-1,-1,0,0,
2026-04-02,18:43:22.030,7.61,96,100,100,-0.048,8.76,51,0,7.98,-0.045,1.148,-3.82,66,0,148.92,-25.75,10,0.00,,,,,,,,,18.07,16.7,-30,-30,,116,-845,1015,738,0,667,0,0,1,-1,0,1,-1,-1,-1,-1,-1,-1,0,0,
2026-04-02,18:43:22.290,7.61,89,100,100,-0.048,8.76,48,0,7.96,-0.049,1.148,-4.11,64,0,150.29,-26.51,10,0.00,,,,,,,,,17.44,18.2,-30,-30,,110,-1002,1023,732,0,667,0,0,1,-1,0,1,-1,-1,-1,-1,-1,-1,0,0,
2026-04-02,18:43:22.550,7.61,81,100,100,-0.057,6.30,43,0,7.96,-0.084,1.377,-4.23,63,0,153.43,-27.82,10,0.00,,,,,,,,,17.44,18.2,-30,-30,,70,-984,1022,672,0,667,0,0,1,-1,0,1,-1,-1,-1,-1,-1,-1,0,0,
2026-04-02,18:43:22.810,7.61,78,100,100,-0.050,5.09,43,0,7.98,-0.099,1.388,-4.22,63,0,158.04,-32.98,10,0.00,,,,,,,,,16.83,16.6,-30,-30,,32,-1022,1022,610,0,666,0,0,1,-1,0,1,-1,-1,-1,-1,-1,-1,0,0,
2026-04-02,18:43:23.080,7.61,86,100,100,-0.042,5.09,47,0,7.97,-0.100,1.396,-3.75,61,0,156.18,-36.85,10,0.00,,,,,,,,,16.83,16.6,-30,-30,,62,-1024,1022,689,0,667,0,0,1,-1,0,1,-1,-1,-1,-1,-1,-1,0,0,
2026-04-02,18:43:23.340,7.61,95,100,100,-0.037,2.13,51,0,7.97,-0.104,1.356,-3.33,58,0,153.64,-39.77,10,0.00,,,,,,,,,16.83,15.2,-30,-30,,114,-1019,1022,722,0,667,0,0,1,-1,0,1,-1,-1,-1,-1,-1,-1,0,0,
2026-04-02,18:43:23.600,7.61,99,100,100,-0.035,1.28,53,0,7.97,-0.095,1.287,-3.08,58,0,152.26,-40.53,10,0.00,,,,,,,,,16.83,15.2,-30,-30,,146,-1019,1023,630,0,666,0,0,1,-1,0,1,-1,-1,-1,-1,-1,-1,0,0,
2026-04-02,18:43:23.870,7.61,97,100,100,-0.036,0.57,56,0,7.97,-0.090,1.245,-2.73,57,0,146.56,-41.74,10,0.00,,,,,,,,,16.14,14.2,-30,-30,,164,-1024,1023,781,0,667,0,0,1,-1,0,1,-1,-1,-1,-1,-1,-1,0,0,
2026-04-02,18:43:24.130,7.61,97,100,100,-0.036,0.03,57,0,7.95,-0.099,1.215,-2.29,55,0,144.26,-42.58,10,0.00,,,,,,,,,16.14,14.2,-30,-30,,433,-1024,1024,863,0,666,0,0,1,-1,0,1,-1,-1,-1,-1,-1,-1,0,0,
2026-04-02,18:43:24.400,7.62,97,100,100,-0.052,-0.46,59,0,7.96,-0.084,1.126,-1.89,55,0,146.38,-42.48,10,0.00,,,,,,,,,15.51,13.7,-30,-30,,387,-1024,1024,816,0,666,0,0,1,-1,0,1,-1,-1,-1,-1,-1,-1,0,0,
2026-04-02,18:43:24.660,7.62,99,100,100,-0.054,-1.00,60,0,7.97,-0.082,1.126,-1.85,56,0,153.73,-43.06,10,0.00,,,,,,,,,15.51,13.7,-30,-30,,300,-1024,1024,645,0,667,0,0,1,-1,0,1,-1,-1,-1,-1,-1,-1,0,0,
2026-04-02,18:43:24.920,7.62,99,100,100,-0.047,-1.45,61,0,7.97,-0.104,1.166,-1.76,56,0,158.00,-44.21,10,0.00,,,,,,,,,14.96,12.6,-30,-30,,111,-1024,1024,254,0,666,0,0,1,-1,0,1,-1,-1,-1,-1,-1,-1,0,0,
2026-04-02,18:43:25.200,7.62,99,100,100,-0.010,-1.74,61,0,7.97,-0.127,1.174,-1.28,55,0,157.76,-47.62,10,0.00,,,,,,,,,14.96,12.5,-30,-30,,-50,-991,1022,-109,0,666,0,0,1,-1,0,1,-1,-1,-1,-1,-1,-1,0,0,
2026-04-02,18:43:25.460,7.62,99,100,100,-0.007,-1.90,61,0,7.97,-0.130,1.148,-0.91,53,0,151.77,-48.75,10,0.00,,,,,,,,,14.44,12.5,-30,-30,,-58,-1023,984,577,0,667,0,0,1,-1,0,1,-1,-1,-1,-1,-1,-1,0,0,
2026-04-02,18:43:25.730,7.61,100,100,100,-0.014,-1.98,61,0,7.97,-0.119,1.055,-0.41,49,0,138.11,-47.95,10,0.00,,,,,,,,,13.95,12.2,-30,-30,,304,-1024,1018,894,0,666,0,0,1,-1,0,1,-1,-1,-1,-1,-1,-1,0,0,
2026-04-02,18:43:26.000,7.62,100,100,100,-0.019,-2.12,61,0,7.97,-0.084,0.889,-0.24,50,0,145.76,-38.73,10,0.00,,,,,,,,,13.95,12.2,-30,-30,,602,-1024,770,1018,0,667,0,0,1,-1,0,1,-1,-1,-1,-1,-1,-1,0,0,
2026-04-02,18:43:26.270,7.62,100,100,100,0.105,-2.33,60,0,7.95,0.012,0.987,-0.59,51,0,149.26,-34.69,10,0.00,,,,,,,,,13.67,6.3,-30,-30,,729,-1024,674,1015,0,666,0,0,1,-1,0,1,-1,-1,-1,-1,-1,-1,0,0,
2026-04-02,18:43:26.530,7.61,99,100,100,-0.055,-2.81,53,0,7.94,0.287,1.828,-0.59,50,0,170.38,-25.55,10,0.00,,,,,,,,,13.67,6.3,-30,-30,,878,-1024,-338,952,0,667,0,0,1,-1,0,1,-1,-1,-1,-1,-1,-1,0,0,
2026-04-02,18:43:26.790,7.62,97,100,100,-0.367,-2.92,50,0,7.95,0.012,0.673,-0.99,52,0,172.63,-27.59,10,0.00,,,,,,,,,14.64,0.0,-30,-30,,527,-1024,-1014,796,0,666,0,0,1,-1,0,1,-1,-1,-1,-1,-1,-1,0,0,
2026-04-02,18:43:27.050,7.61,97,100,100,-0.098,-2.80,51,0,7.96,0.033,0.679,-0.09,55,0,178.38,-29.07,10,0.00,,,,,,,,,14.64,0.0,-30,-30,,113,-1015,-1023,388,0,666,0,0,1,-1,0,1,-1,-1,-1,-1,-1,-1,0,0,
2026-04-02,18:43:27.310,7.61,95,100,100,-0.199,-2.67,51,0,7.95,0.182,1.256,0.20,55,0,177.15,-22.19,10,0.00,,,,,,,,,15.40,0.0,-30,-30,,-115,-1023,-1024,229,0,667,0,0,1,-1,0,1,-1,-1,-1,-1,-1,-1,0,0,
2026-04-02,18:43:27.570,7.61,97,100,100,-0.037,-2.50,51,0,7.96,0.159,0.867,0.64,56,0,175.26,-20.84,10,0.00,,,,,,,,,15.40,0.0,-30,-30,,35,-1024,-1024,169,0,666,0,0,1,-1,0,1,-1,-1,-1,-1,-1,-1,0,0,
2026-04-02,18:43:27.840,7.61,98,100,100,0.060,-2.50,52,0,7.96,0.143,0.774,-0.13,56,0,172.58,-23.16,10,0.00,,,,,,,,,16.08,0.0,-30,-30,,284,-1024,-1024,157,0,666,0,0,1,-1,0,1,-1,-1,-1,-1,-1,-1,0,0,
2026-04-02,18:43:28.100,7.61,98,100,100,0.107,-2.39,52,0,7.99,0.204,1.323,0.36,56,0,172.49,-20.33,10,0.00,,,,,,,,,16.08,0.0,-30,-30,,158,-1024,-1024,193,0,666,0,0,1,-1,0,1,-1,-1,-1,-1,-1,-1,0,0,
2026-04-02,18:43:28.360,7.61,99,100,100,-0.092,-2.17,53,0,7.98,0.151,0.920,0.58,56,0,174.55,-18.87,10,0.00,,,,,,,,,16.68,0.0,-30,-30,,94,-811,-1024,0,0,666,0,0,1,-1,0,1,-1,-1,-1,-1,-1,-1,0,0,
2026-04-02,18:43:28.620,7.61,99,100,100,-0.092,-2.02,53,0,8.02,0.131,1.066,0.65,56,0,175.15,-16.59,10,0.00,,,,,,,,,16.68,0.0,-30,-30,,86,-755,-1024,0,0,666,0,0,1,-1,0,1,-1,-1,-1,-1,-1,-1,0,0,
2026-04-02,18:43:28.880,7.61,100,100,100,-0.082,-1.92,53,0,8.05,0.146,1.087,0.45,57,0,175.16,-13.21,10,0.00,,,,,,,,,17.20,0.0,-30,-30,,88,-729,-1024,0,0,667,0,0,1,-1,0,1,-1,-1,-1,-1,-1,-1,0,0,
2026-04-02,18:43:29.150,7.61,100,100,100,0.003,-1.51,53,0,8.06,0.112,0.958,0.75,60,0,175.20,-11.25,10,0.00,,,,,,,,,17.20,0.0,-30,-30,,87,-613,-1024,0,0,667,0,0,1,-1,0,1,-1,-1,-1,-1,-1,-1,0,0,
2026-04-02,18:43:29.420,7.62,100,100,100,0.015,-1.39,54,0,8.07,0.139,0.983,0.53,62,0,175.51,-9.51,10,0.00,,,,,,,,,17.66,0.0,-30,-30,,79,-605,-1024,0,0,667,0,0,1,-1,0,1,-1,-1,-1,-1,-1,-1,0,0,
2026-04-02,18:43:29.690,7.61,100,100,100,-0.020,-1.36,56,0,8.01,0.106,1.086,0.27,62,0,176.51,-7.44,10,0.00,,,,,,,,,17.66,0.0,-30,-30,,0,-666,-1024,0,0,667,0,0,1,-1,0,1,-1,-1,-1,-1,-1,-1,0,0,
2026-04-02,18:43:29.950,7.61,99,100,100,0.006,-1.27,57,0,7.99,0.071,1.087,0.27,63,0,176.89,-5.66,10,0.00,,,,,,,,,18.08,0.0,-30,-30,,0,-654,-1024,0,0,666,0,0,1,-1,0,1,-1,-1,-1,-1,-1,-1,0,0,
2026-04-02,18:43:30.210,7.61,99,100,100,0.025,-1.29,58,0,8.04,0.154,1.145,0.08,64,0,177.33,-3.54,10,0.00,,,,,,,,,18.08,0.0,-30,-30,,0,-561,-1024,0,0,666,0,0,1,-1,0,1,-1,-1,-1,-1,-1,-1,0,0,
2026-04-02,18:43:30.480,7.61,99,100,100,0.104,-1.20,58,0,8.03,0.135,1.157,0.17,66,0,177.42,-2.46,10,0.00,,,,,,,,,18.45,0.0,-30,-30,,0,-295,-1024,0,0,666,0,0,1,-1,0,1,-1,-1,-1,-1,-1,-1,0,0,
2026-04-02,18:43:30.740,7.61,100,100,100,-0.014,-1.20,58,0,8.03,0.115,0.932,0.14,67,0,177.42,-2.01,10,0.00,,,,,,,,,18.45,0.0,-30,-30,,0,0,-1024,0,0,666,0,0,1,-1,0,1,-1,-1,-1,-1,-1,-1,0,0,
2026-04-02,18:43:31.010,7.61,100,100,100,0.056,-1.09,56,0,8.01,0.059,0.927,0.19,69,0,177.80,-0.68,10,0.00,,,,,,,,,18.45,0.0,-30,-30,,0,0,-1024,0,0,666,0,0,1,-1,0,1,-1,-1,-1,-1,-1,-1,0,0,
2026-04-02,18:43:31.270,7.61,100,100,100,-0.034,-1.05,54,0,8.03,0.134,0.970,0.26,71,0,178.12,0.22,10,0.00,,,,,,,,,18.83,0.0,-30,-30,,0,3,-1024,0,0,666,0,0,1,-1,0,1,-1,-1,-1,-1,-1,-1,0,0,
2026-04-02,18:43:31.530,7.61,99,100,100,0.045,-1.09,56,0,8.02,0.132,1.032,0.00,73,0,178.87,0.37,10,0.00,,,,,,,,,18.83,0.0,-30,-30,,0,5,-1024,0,0,667,0,0,1,-1,0,1,-1,-1,-1,-1,-1,-1,0,0,
2026-04-02,18:43:31.810,7.61,99,100,100,-0.019,-0.94,61,0,8.02,0.075,0.945,0.26,74,0,179.50,1.29,10,0.00,,,,,,,,,19.16,0.0,-30,-30,,196,5,-1024,0,0,667,0,0,1,-1,0,1,-1,-1,-1,-1,-1,-1,0,0,
2026-04-02,18:43:32.080,7.61,99,100,100,-0.115,-0.87,63,0,8.00,0.170,1.040,0.29,71,0,179.82,2.02,10,0.00,,,,,,,,,19.16,0.0,-30,-30,,373,3,-993,0,0,666,0,0,1,-1,0,1,-1,-1,-1,-1,-1,-1,0,0,
2026-04-02,18:43:32.350,7.61,100,100,100,0.009,-0.86,62,0,8.00,0.130,1.127,0.12,70,0,178.52,1.99,10,0.00,,,,,,,,,19.45,0.0,-30,-30,,503,6,-913,0,0,667,0,0,1,-1,0,1,-1,-1,-1,-1,-1,-1,0,0,
2026-04-02,18:43:32.620,7.61,100,100,100,-0.014,-0.86,59,0,7.98,0.208,0.845,0.00,68,0,179.63,1.92,10,0.00,,,,,,,,,19.45,0.0,-30,-30,,283,4,-799,0,0,667,0,0,1,-1,0,1,-1,-1,-1,-1,-1,-1,0,0,
2026-04-02,18:43:32.890,7.61,99,100,100,-0.083,-0.80,57,0,8.02,0.179,1.017,0.14,69,0,179.19,2.94,10,0.00,,,,,,,,,19.71,0.0,-30,-30,,453,0,-459,0,0,667,0,0,1,-1,0,1,-1,-1,-1,-1,-1,-1,0,0,
2026-04-02,18:43:33.160,7.61,99,100,100,-0.021,-0.72,56,0,7.99,0.077,0.942,0.21,68,0,179.29,2.97,10,0.00,,,,,,,,,19.71,0.0,-30,-30,,640,9,-278,0,0,666,0,0,1,-1,0,1,-1,-1,-1,-1,-1,-1,0,0,
2026-04-02,18:43:33.430,7.61,99,100,100,0.001,-0.86,56,0,7.98,0.080,0.930,-0.07,65,0,179.23,2.37,10,0.00,,,,,,,,,19.38,4.7,-30,-30,,793,10,-95,0,0,667,0,0,1,-1,0,1,-1,-1,-1,-1,-1,-1,0,0,
2026-04-02,18:43:33.700,7.61,99,100,100,-0.124,-0.94,57,0,7.95,0.089,0.940,-0.33,64,0,179.36,2.12,10,0.00,,,,,,,,,19.38,4.7,-30,-30,,955,9,0,0,0,666,0,0,1,-1,0,1,-1,-1,-1,-1,-1,-1,0,0,
2026-04-02,18:43:33.970,7.61,99,100,100,-0.140,-1.11,60,0,7.93,0.103,1.006,-0.45,62,0,178.65,2.98,10,0.00,,,,,,,,,18.59,4.9,-30,-30,,760,10,89,0,0,666,0,0,1,-1,0,1,-1,-1,-1,-1,-1,-1,0,0,
2026-04-02,18:43:34.240,7.61,99,100,100,-0.050,-1.11,62,0,8.00,-0.021,0.874,-0.06,59,0,178.55,2.33,10,0.00,,,,,,,,,17.63,5.1,-30,-30,,642,10,93,0,0,667,0,0,1,-1,0,1,-1,-1,-1,-1,-1,-1,0,0,
2026-04-02,18:43:34.510,7.61,100,100,100,-0.059,-1.05,62,0,8.00,0.120,1.038,0.08,60,0,177.77,2.19,10,0.00,,,,,,,,,17.63,5.1,-30,-30,,670,10,100,0,0,667,0,0,1,-1,0,1,-1,-1,-1,-1,-1,-1,0,0,
2026-04-02,18:43:34.780,7.61,99,100,100,-0.063,-1.04,62,0,7.98,0.109,0.909,0.08,58,0,177.95,2.39,10,0.00,,,,,,,,,16.67,5.0,-30,-30,,762,10,226,0,0,666,0,0,1,-1,0,1,-1,-1,-1,-1,-1,-1,0,0,
2026-04-02,18:43:35.050,7.61,99,100,100,-0.053,-1.08,61,0,7.98,0.097,1.123,-0.04,56,0,177.59,1.64,10,0.00,,,,,,,,,16.67,5.0,-30,-30,,695,10,379,0,0,666,0,0,1,-1,0,1,-1,-1,-1,-1,-1,-1,0,0,
2026-04-02,18:43:35.310,7.61,99,100,100,-0.012,-1.14,61,0,7.99,0.000,0.964,-0.14,58,0,177.61,0.93,10,0.00,,,,,,,,,15.70,8.0,-30,-30,,802,10,408,0,0,666,0,0,1,-1,0,1,-1,-1,-1,-1,-1,-1,0,0,
2026-04-02,18:43:35.580,7.61,100,100,100,-0.075,-1.20,62,0,7.98,0.067,0.996,-0.20,59,0,177.57,1.51,10,0.00,,,,,,,,,15.70,8.0,-30,-30,,816,10,456,0,0,666,0,0,1,-1,0,1,-1,-1,-1,-1,-1,-1,0,0,
2026-04-02,18:43:35.840,7.61,100,100,100,-0.033,-1.17,62,0,7.97,-0.019,0.860,-0.03,59,0,177.78,0.68,10,0.00,,,,,,,,,14.83,8.3,-30,-30,,825,7,489,0,0,667,0,0,1,-1,0,1,-1,-1,-1,-1,-1,-1,0,0,
2026-04-02,18:43:36.100,7.61,100,100,100,-0.089,-1.16,62,0,7.97,-0.003,0.928,-0.02,59,0,177.62,0.57,10,0.00,,,,,,,,,14.83,8.3,-30,-30,,823,9,575,0,0,667,0,0,1,-1,0,1,-1,-1,-1,-1,-1,-1,0,0,
2026-04-02,18:43:36.370,7.61,100,100,100,-0.060,-1.08,62,0,7.95,-0.035,1.027,0.20,58,0,177.36,0.81,10,0.00,,,,,,,,,14.07,9.2,-30,-30,,1004,10,625,0,0,666,0,0,1,-1,0,1,-1,-1,-1,-1,-1,-1,0,0,
2026-04-02,18:43:36.630,7.61,100,100,100,-0.068,-1.17,62,0,7.97,0.018,0.934,-0.06,55,0,177.41,0.26,10,0.00,,,,,,,,,14.07,9.2,-30,-30,,828,10,759,0,0,666,0,0,1,-1,0,1,-1,-1,-1,-1,-1,-1,0,0,
2026-04-02,18:43:36.900,7.61,100,100,100,-0.083,-1.26,62,0,8.03,-0.024,1.092,-0.15,55,0,177.19,0.08,10,0.00,,,,,,,,,13.34,12.2,-30,-30,,829,6,1001,0,0,667,0,0,1,-1,0,1,-1,-1,-1,-1,-1,-1,0,0,
2026-04-02,18:43:37.170,7.61,100,100,100,-0.107,-1.29,62,0,8.00,-0.046,1.053,-0.12,56,0,177.07,-0.22,10,0.00,,,,,,,,,13.34,12.2,-30,-30,,705,10,1022,0,0,667,0,0,1,-1,0,1,-1,-1,-1,-1,-1,-1,0,0,
2026-04-02,18:43:37.430,7.61,100,100,100,-0.020,-1.31,62,0,8.02,-0.029,0.966,-0.04,55,0,177.09,-0.83,10,0.00,,,,,,,,,12.63,16.3,-30,-30,,287,7,933,0,0,666,0,0,1,-1,0,1,-1,-1,-1,-1,-1,-1,0,0,
2026-04-02,18:43:37.710,7.61,100,100,100,-0.019,-1.39,63,0,7.99,0.061,1.026,-0.19,52,0,177.17,-0.36,10,0.00,,,,,,,,,12.63,11.6,-30,-30,,0,10,887,0,0,667,0,0,1,-1,0,1,-1,-1,-1,-1,-1,-1,0,0,
2026-04-02,18:43:37.980,7.61,100,100,100,-0.037,-1.34,64,0,7.98,-0.019,0.916,-0.04,57,0,177.51,-0.62,10,0.00,,,,,,,,,12.07,11.6,-30,-30,,208,10,1019,0,0,667,0,0,1,-1,0,1,-1,-1,-1,-1,-1,-1,0,0,
2026-04-02,18:43:38.240,7.61,100,100,100,-0.013,-1.28,65,0,7.95,0.035,1.038,0.14,58,0,177.55,-0.55,10,0.00,,,,,,,,,11.51,14.3,-30,-30,,0,10,1019,0,0,666,0,0,1,-1,0,1,-1,-1,-1,-1,-1,-1,0,0,
2026-04-02,18:43:38.500,7.61,100,100,100,-0.042,-1.28,66,0,7.96,0.028,0.846,0.07,56,0,178.11,-1.62,10,0.00,,,,,,,,,11.51,14.3,-30,-30,,0,10,1018,0,0,666,0,0,1,-1,0,1,-1,-1,-1,-1,-1,-1,0,0,
2026-04-02,18:43:38.770,7.61,100,100,100,-0.010,-1.25,66,0,7.97,-0.018,0.906,0.06,59,0,177.91,-1.06,10,0.00,,,,,,,,,11.02,12.5,-30,-30,,0,11,1018,0,0,666,0,0,1,-1,0,1,-1,-1,-1,-1,-1,-1,0,0,
2026-04-02,18:43:39.030,7.61,100,100,100,-0.039,-1.24,65,0,7.97,0.015,0.960,0.03,60,0,177.97,-1.17,10,0.00,,,,,,,,,11.02,12.5,-30,-30,,0,10,1018,0,0,666,0,0,1,-1,0,1,-1,-1,-1,-1,-1,-1,0,0,
2026-04-02,18:43:39.300,7.61,100,100,100,-0.027,-1.25,65,0,7.97,-0.064,0.961,0.01,58,0,178.03,-1.13,10,0.00,,,,,,,,,10.59,11.8,-30,-30,,0,10,1018,0,0,666,0,0,1,-1,0,1,-1,-1,-1,-1,-1,-1,0,0,
2026-04-02,18:43:39.560,7.61,100,100,100,-0.020,-1.23,64,0,7.97,-0.044,0.966,0.04,59,0,178.15,-1.70,10,0.00,,,,,,,,,10.59,11.8,-30,-30,,0,10,-1023,0,0,666,0,0,1,-1,0,1,-1,-1,-1,-1,-1,-1,0,0,
2026-04-02,18:43:39.820,7.61,100,100,100,-0.005,-1.06,64,0,7.99,-0.084,0.956,0.24,61,0,178.20,-2.09,10,0.00,,,,,,,,,11.27,0.0,-30,-30,,0,10,-1023,0,0,666,0,0,1,-1,0,1,-1,-1,-1,-1,-1,-1,0,0,
2026-04-02,18:43:40.090,7.61,100,100,100,-0.036,-0.76,65,0,7.98,-0.117,0.957,0.79,60,0,178.35,-2.96,10,0.00,,,,,,,,,11.27,0.0,-30,-30,,-4,10,874,0,0,667,0,0,1,-1,0,1,-1,-1,-1,-1,-1,-1,0,0,
2026-04-02,18:43:40.350,7.61,100,100,100,-0.035,-0.66,64,0,7.99,-0.072,0.969,0.62,60,0,178.31,-3.00,10,0.00,,,,,,,,,10.82,5.9,-30,-30,,0,11,878,0,0,667,0,0,1,-1,0,1,-1,-1,-1,-1,-1,-1,0,0,
2026-04-02,18:43:40.620,7.61,100,100,100,-0.027,-0.71,64,0,7.98,-0.047,1.010,0.17,59,0,178.38,-3.13,10,0.00,,,,,,,,,10.82,5.9,-30,-30,,0,11,878,0,0,667,0,0,1,-1,0,1,-1,-1,-1,-1,-1,-1,0,0,
2026-04-02,18:43:40.890,7.61,100,100,100,-0.027,-0.91,64,0,7.97,-0.076,0.963,-0.36,59,0,178.41,-3.33,10,0.00,,,,,,,,,10.38,10.5,-30,-30,,0,11,879,0,0,666,0,0,1,-1,0,1,-1,-1,-1,-1,-1,-1,0,0,
2026-04-02,18:43:41.160,7.61,100,100,100,-0.033,-1.06,64,0,7.97,-0.065,0.980,-0.50,58,0,178.48,-3.69,10,0.00,,,,,,,,,10.38,10.5,-30,-30,,0,10,878,0,0,666,0,0,1,-1,0,1,-1,-1,-1,-1,-1,-1,0,0,
2026-04-02,18:43:41.430,7.61,100,100,100,-0.033,-1.10,64,0,7.97,-0.070,0.986,-0.35,59,0,178.50,-3.82,10,0.00,,,,,,,,,10.01,8.9,-30,-30,,0,11,878,0,0,667,0,0,1,-1,0,1,-1,-1,-1,-1,-1,-1,0,0,
2026-04-02,18:43:41.710,7.61,100,100,100,-0.036,-1.04,63,0,7.97,-0.064,0.983,0.02,59,0,178.54,-4.05,10,0.00,,,,,,,,,10.01,6.5,-30,-30,,0,10,-1013,0,0,666,0,0,1,-1,0,1,-1,-1,-1,-1,-1,-1,0,0,
2026-04-02,18:43:41.990,7.61,100,100,100,-0.010,-0.96,63,0,8.02,-0.042,0.965,0.08,57,0,178.59,-4.41,10,0.00,,,,,,,,,10.01,6.5,-30,-30,,0,10,-1023,0,0,666,0,0,1,-1,0,1,-1,-1,-1,-1,-1,-1,0,0,
2026-04-02,18:43:42.250,7.61,100,100,100,-0.019,-0.73,61,0,8.04,-0.075,0.972,0.55,57,0,178.65,-4.68,10,0.00,,,,,,,,,10.72,0.0,-30,-30,,0,10,-1024,0,0,666,0,0,1,-1,0,1,-1,-1,-1,-1,-1,-1,0,0,
2026-04-02,18:43:42.510,7.60,100,100,100,-0.043,-0.63,61,0,8.02,-0.077,0.979,0.49,58,0,178.67,-4.75,10,0.00,,,,,,,,,10.72,0.0,-30,-30,,0,10,-1024,0,0,667,0,0,1,-1,0,1,-1,-1,-1,-1,-1,-1,0,0,
2026-04-02,18:43:42.780,7.61,100,100,99,-0.027,-0.58,62,0,8.03,-0.069,0.981,0.27,59,0,178.68,-4.89,10,0.00,,,,,,,,,11.41,0.0,-30,-30,,0,10,-1024,0,0,666,0,0,1,-1,0,1,-1,-1,-1,-1,-1,-1,0,0,
2026-04-02,18:43:43.040,7.61,100,100,99,-0.020,-0.56,63,0,8.00,-0.070,0.980,0.16,58,0,178.69,-4.94,10,0.00,,,,,,,,,11.41,0.0,-30,-30,,0,10,-1024,0,0,666,0,0,1,-1,0,1,-1,-1,-1,-1,-1,-1,0,0,
2026-04-02,18:43:43.300,7.61,100,100,99,-0.031,-0.54,64,0,8.00,-0.071,0.978,0.07,59,0,178.72,-5.04,10,0.00,,,,,,,,,12.06,0.0,-30,-30,,0,10,-1024,0,0,667,0,0,1,-1,0,1,-1,-1,-1,-1,-1,-1,0,0,
2026-04-02,18:43:43.560,7.61,100,100,99,-0.035,-0.44,66,0,8.01,-0.067,0.981,0.26,58,0,178.72,-5.04,10,0.00,,,,,,,,,12.06,0.0,-30,-30,,0,10,-1024,0,0,667,0,0,1,-1,0,1,-1,-1,-1,-1,-1,-1,0,0,
2026-04-02,18:43:43.820,7.61,100,100,99,-0.032,-0.50,66,0,8.01,-0.069,0.980,0.01,57,0,178.73,-5.17,10,0.00,,,,,,,,,12.64,0.0,-30,-30,,0,10,-1024,0,0,666,0,0,1,-1,0,1,-1,-1,-1,-1,-1,-1,0,0,
2026-04-02,18:43:44.080,7.61,100,100,99,-0.030,-0.53,67,0,8.03,-0.070,0.980,-0.09,57,0,178.74,-5.20,10,0.00,,,,,,,,,12.64,0.0,-30,-30,,0,1,-1024,0,0,666,0,0,1,-1,0,1,-1,-1,-1,-1,-1,-1,0,0,
2026-04-02,18:43:44.340,7.60,100,100,99,-0.029,-0.52,67,0,8.02,-0.069,0.981,-0.02,57,0,178.75,-5.26,10,0.00,,,,,,,,,13.18,0.0,-30,-30,,0,4,-1024,0,0,666,0,0,1,-1,0,1,-1,-1,-1,-1,-1,-1,0,0,
2026-04-02,18:43:44.610,7.61,99,99,99,-0.031,-0.51,68,0,8.02,-0.069,0.980,0.01,55,0,178.76,-5.29,10,0.00,,,,,,,,,13.18,0.0,-30,-30,,0,5,-1024,0,0,667,0,0,1,-1,0,1,-1,-1,-1,-1,-1,-1,0,0,
2026-04-02,18:43:44.870,7.61,99,99,99,-0.031,-0.54,67,0,8.02,-0.070,0.980,-0.05,58,0,178.77,-5.33,10,0.00,,,,,,,,,13.67,0.0,-30,-30,,0,7,-1024,0,0,667,0,0,1,-1,0,1,-1,-1,-1,-1,-1,-1,0,0,
2026-04-02,18:43:45.130,7.61,99,99,99,-0.031,-0.56,67,0,8.01,-0.069,0.981,-0.04,61,0,178.78,-5.37,10,0.00,,,,,,,,,13.67,0.0,-30,-30,,0,9,-1024,0,0,666,0,0,1,-1,0,1,-1,-1,-1,-1,-1,-1,0,0,
2026-04-02,18:43:45.400,7.61,100,100,99,-0.029,-0.54,66,0,8.00,-0.070,0.980,0.00,60,0,178.78,-5.39,10,0.00,,,,,,,,,14.11,0.0,-30,-30,,0,8,-1024,0,0,666,0,0,1,-1,0,1,-1,-1,-1,-1,-1,-1,0,0,
2026-04-02,18:43:45.660,7.61,100,100,99,-0.030,-0.48,66,0,8.00,-0.069,0.979,0.13,61,0,178.79,-5.42,10,0.00,,,,,,,,,14.11,0.0,-30,-30,,0,9,-1024,0,0,667,0,0,1,-1,0,1,-1,-1,-1,-1,-1,-1,0,0,
2026-04-02,18:43:45.930,7.61,100,100,99,-0.031,-0.48,66,0,8.02,-0.069,0.981,0.06,59,0,178.79,-5.45,10,0.00,,,,,,,,,14.51,0.0,-30,-30,,0,10,-1024,0,0,666,0,0,1,-1,0,1,-1,-1,-1,-1,-1,-1,0,0,
2026-04-02,18:43:46.200,7.61,100,100,99,-0.031,-0.47,66,0,8.02,-0.070,0.980,0.05,55,0,178.79,-5.46,10,0.00,,,,,,,,,14.51,0.0,-30,-30,,0,9,-1024,0,0,666,0,0,1,-1,0,1,-1,-1,-1,-1,-1,-1,0,0,
2026-04-02,18:43:46.460,7.61,100,100,99,-0.030,-0.49,65,0,8.05,-0.070,0.980,-0.02,53,0,178.79,-5.48,10,0.00,,,,,,,,,14.88,0.0,-30,-30,,0,6,-1024,0,0,666,0,0,1,-1,0,1,-1,-1,-1,-1,-1,-1,0,0,
2026-04-02,18:43:46.720,7.61,100,100,100,-0.030,-0.51,63,0,8.04,-0.069,0.980,-0.03,53,0,178.80,-5.50,10,0.00,,,,,,,,,15.21,0.0,-30,-30,,0,8,-1024,0,0,666,0,0,1,-1,0,1,-1,-1,-1,-1,-1,-1,0,0,
2026-04-02,18:43:46.980,7.61,100,100,100,-0.030,-0.50,61,0,8.03,-0.070,0.981,-0.01,53,0,178.80,-5.51,10,0.00,,,,,,,,,15.21,0.0,-30,-30,,0,10,-1024,0,0,667,0,0,1,-1,0,1,-1,-1,-1,-1,-1,-1,0,0,
2026-04-02,18:43:47.240,7.61,100,100,100,-0.030,-0.51,57,0,8.03,-0.069,0.980,-0.02,52,0,178.80,-5.52,10,0.00,,,,,,,,,15.51,0.0,-30,-30,,0,6,-1024,0,0,667,0,0,1,-1,0,1,-1,-1,-1,-1,-1,-1,0,0,
2026-04-02,18:43:47.500,7.61,100,100,100,-0.030,-0.51,58,0,7.99,-0.069,0.980,0.00,53,0,178.80,-5.53,10,0.00,,,,,,,,,15.51,0.0,-30,-30,,0,10,-1024,0,0,666,0,0,1,-1,0,1,-1,-1,-1,-1,-1,-1,0,0,
2026-04-02,18:43:47.760,7.61,100,100,100,-0.030,-0.54,59,0,7.98,-0.069,0.980,-0.06,46,0,178.80,-5.54,10,0.00,,,,,,,,,15.78,0.0,-30,-30,,0,10,-1024,0,0,666,0,0,1,-1,0,1,-1,-1,-1,-1,-1,-1,0,0,
2026-04-02,18:43:48.030,7.60,100,100,100,-0.030,-0.48,59,0,7.98,-0.069,0.980,0.06,42,0,178.80,-5.55,10,0.00,,,,,,,,,15.78,0.0,-30,-30,,0,10,-1024,0,0,667,0,0,1,-1,0,1,-1,-1,-1,-1,-1,-1,0,0,
2026-04-02,18:43:48.290,7.61,100,100,100,-0.030,-0.48,58,0,7.99,-0.069,0.980,0.05,46,0,178.80,-5.56,10,0.00,,,,,,,,,16.03,0.0,-30,-30,,0,7,-1024,0,0,666,0,0,1,-1,0,1,-1,-1,-1,-1,-1,-1,0,0,
2026-04-02,18:43:48.550,7.61,100,100,100,-0.030,-0.53,59,0,8.00,-0.070,0.981,-0.09,41,0,178.80,-5.56,10,0.00,,,,,,,,,16.03,0.0,-30,-30,,0,8,-1024,0,0,667,0,0,1,-1,0,1,-1,-1,-1,-1,-1,-1,0,0,
2026-04-02,18:43:48.810,7.61,100,100,100,-0.030,-0.55,60,0,8.00,-0.069,0.980,-0.11,43,0,178.80,-5.57,10,0.00,,,,,,,,,16.26,0.0,-30,-30,,0,9,-1024,0,0,667,0,0,1,-1,0,1,-1,-1,-1,-1,-1,-1,0,0,
2026-04-02,18:43:49.070,7.61,100,100,100,-0.030,-0.49,60,0,8.00,-0.070,0.980,0.10,43,0,178.80,-5.57,10,0.00,,,,,,,,,16.26,0.0,-30,-30,,0,10,-1024,0,0,666,0,0,1,-1,0,1,-1,-1,-1,-1,-1,-1,0,0,
2026-04-02,18:43:49.330,7.61,99,100,100,-0.031,-0.45,60,0,8.02,-0.069,0.980,0.10,42,0,178.80,-5.58,10,0.00,,,,,,,,,16.48,0.0,-30,-30,,0,10,-1024,0,0,666,0,0,1,-1,0,1,-1,-1,-1,-1,-1,-1,0,0,
2026-04-02,18:43:49.590,7.61,99,100,100,-0.031,-0.49,58,0,8.02,-0.069,0.980,0.02,43,0,178.80,-5.58,10,0.00,,,,,,,,,16.48,0.0,-30,-30,,0,10,-1024,0,0,667,0,0,1,-1,0,1,-1,-1,-1,-1,-1,-1,0,0,
2026-04-02,18:43:49.850,7.61,99,100,100,-0.030,-0.47,56,0,8.00,-0.070,0.980,-0.01,42,0,178.80,-5.58,10,0.00,,,,,,,,,16.68,0.0,-30,-30,,0,10,-1024,0,0,667,0,0,1,-1,0,1,-1,-1,-1,-1,-1,-1,0,0,
