Date,Time,TxBat(V),VFR 2.4G(%),Rx VFR(%),VFR 900M(%),AccY(g),Altitude(m),RSSI 2.4G(dB),RX,RxBatt(V),AccX(g),AccZ(g),VSpeed(m/s),RSSI 900M(dB),RX,R.angle(°),P.angle(°),Power 900M(mW),ADC2(V),LiPo1(V),LiPo2(V),LiPo3(V),LiPo4(V),LiPo5(V),LiPo6(V),LiPo7(V),LiPo8(V),VFAS(V),Current(A),Temp1(°C),Temp2(°C),Air speed(km/h),Rudder,Elevator,Throttle,Aileron,Pot1,Pot2,Slider left,Slider right,SA,SB,SC,SD,SE,SF,SG,SH,SI,SJ,LS1,LS2,
2026-04-14,19:28:42.230,7.64,100,100,100,-0.018,145.29,66,0,8.17,-0.107,0.988,0.07,78,0,176.00,5.30,10,0.00,4.18,4.19,4.18,4.18,4.19,4.17,4.19,4.18,33.56,0.0,-30,-30,21.7,0,16,-1024,0,0,1001,0,-1024,1,-1,-1,1,-1,1,-1,-1,-1,-1,0,0,
2026-04-14,19:28:42.470,7.64,100,100,100,-0.018,145.20,66,0,8.17,-0.101,0.949,-0.06,79,0,175.97,5.28,10,0.00,4.18,4.19,4.18,4.18,4.19,4.17,4.19,4.18,33.56,0.0,-30,-30,26.7,0,16,-1024,0,0,1000,0,-1024,1,-1,-1,1,-1,1,-1,-1,-1,-1,0,0,
2026-04-14,19:28:42.740,7.64,100,100,100,0.000,145.12,67,0,8.17,-0.101,0.997,-0.30,80,0,175.93,5.35,10,0.00,4.18,4.19,4.18,4.18,4.19,4.17,4.19,4.18,33.56,0.0,-30,-30,16.5,0,17,-1024,0,0,1001,0,-1024,1,-1,-1,1,-1,1,-1,-1,-1,-1,0,0,
2026-04-14,19:28:43.000,7.63,100,100,100,-0.042,145.25,70,0,8.17,-0.120,0.941,0.14,80,0,175.99,5.31,10,0.00,4.18,4.19,4.18,4.18,4.19,4.17,4.19,4.18,33.56,0.0,-30,-30,15.4,0,17,-1024,0,0,1000,0,-1024,1,-1,-1,1,-1,1,-1,-1,-1,-1,0,0,
2026-04-14,19:28:43.260,7.64,100,100,100,0.009,145.30,74,0,8.17,-0.101,0.962,0.18,81,0,175.88,5.33,10,0.00,4.18,4.19,4.18,4.18,4.19,4.17,4.19,4.18,33.56,0.0,-30,-30,21.7,0,16,-1024,0,0,1001,0,-1024,1,-1,-1,1,-1,1,-1,-1,-1,-1,0,0,
2026-04-14,19:28:43.520,7.64,100,100,100,0.000,145.35,75,0,8.17,-0.125,1.002,0.21,83,0,175.96,5.28,10,0.00,4.18,4.19,4.18,4.18,4.19,4.17,4.19,4.18,33.56,0.0,-30,-30,22.6,0,16,-1024,0,0,1001,0,-1024,1,-1,-1,1,-1,-1,-1,-1,-1,-1,0,0,
2026-04-14,19:28:43.790,7.63,100,100,100,-0.007,145.54,76,0,8.17,-0.109,1.022,0.41,82,0,175.93,5.30,10,0.00,4.18,4.19,4.18,4.18,4.19,4.17,4.19,4.18,33.56,0.0,-30,-30,15.4,0,16,-1024,0,0,1001,0,-1024,1,-1,-1,1,-1,-1,-1,-1,-1,-1,0,0,
2026-04-14,19:28:44.060,7.64,100,100,100,0.017,145.62,76,0,8.17,-0.126,1.048,0.40,82,0,175.97,5.29,10,0.00,4.18,4.19,4.18,4.18,4.19,4.17,4.19,4.18,33.56,0.0,-30,-30,15.4,0,16,-1024,0,0,1001,0,-1024,1,-1,-1,1,-1,-1,-1,-1,-1,-1,0,0,
2026-04-14,19:28:44.320,7.63,100,100,99,0.017,145.65,76,0,8.17,-0.103,0.931,0.20,82,0,175.94,5.29,10,0.00,4.18,4.19,4.18,4.18,4.19,4.17,4.19,4.18,33.56,0.0,-30,-30,15.2,0,16,-1024,0,0,1001,0,-1024,1,-1,-1,1,-1,-1,-1,-1,-1,-1,0,0,
2026-04-14,19:28:44.580,7.63,100,100,99,0.011,145.55,76,0,8.17,-0.112,0.974,-0.06,82,0,175.94,5.27,10,0.00,4.18,4.19,4.18,4.18,4.19,4.17,4.19,4.18,33.56,0.0,-30,-30,13.9,0,16,-1024,0,0,1001,0,-1024,1,-1,-1,1,-1,-1,-1,-1,-1,-1,0,0,
2026-04-14,19:28:44.840,7.63,100,100,99,-0.021,145.06,76,0,8.17,-0.088,0.974,-0.80,82,0,176.00,5.29,10,0.00,4.18,4.19,4.18,4.18,4.19,4.17,4.19,4.18,33.56,0.0,-30,-30,29.4,0,17,-1024,0,0,1001,0,-1024,1,-1,-1,1,-1,-1,-1,-1,-1,-1,0,0,
2026-04-14,19:28:45.110,7.64,100,100,99,0.023,144.77,76,0,8.17,-0.110,0.986,-0.85,82,0,175.92,5.25,10,0.00,4.18,4.19,4.18,4.18,4.19,4.17,4.19,4.18,33.56,0.0,-30,-30,30.7,0,16,-1024,0,0,1000,0,-1024,1,-1,-1,1,-1,-1,-1,-1,-1,-1,0,0,
2026-04-14,19:28:45.380,7.64,100,100,99,-0.032,144.51,76,0,8.17,-0.133,0.989,-0.98,82,0,175.99,5.18,10,0.00,4.18,4.19,4.18,4.18,4.19,4.17,4.19,4.18,33.56,0.0,-30,-30,24.3,0,16,-1024,0,0,1000,0,-1024,1,-1,-1,1,-1,-1,-1,-1,-1,-1,0,0,
2026-04-14,19:28:45.640,7.64,100,100,99,-0.017,144.50,76,0,8.17,-0.106,0.995,-0.40,81,0,175.96,5.24,10,0.00,4.18,4.19,4.18,4.18,4.19,4.17,4.19,4.18,33.56,0.0,-30,-30,28.0,0,17,-1024,0,0,1001,0,-1024,1,-1,-1,1,-1,-1,-1,-1,-1,-1,0,0,
2026-04-14,19:28:45.900,7.64,100,100,99,0.000,144.45,76,0,8.17,-0.114,0.983,-0.28,81,0,175.97,5.18,10,0.00,4.18,4.19,4.18,4.18,4.19,4.17,4.19,4.18,33.56,0.0,-30,-30,25.7,0,16,-1024,0,0,1000,0,-1024,1,-1,-1,1,-1,-1,-1,-1,-1,-1,0,0,
2026-04-14,19:28:46.160,7.64,100,100,99,-0.003,144.50,76,0,8.17,-0.121,0.984,-0.03,81,0,175.96,5.20,10,0.00,4.18,4.19,4.18,4.18,4.19,4.17,4.19,4.18,33.56,0.0,-30,-30,25.7,0,16,-1024,0,0,1001,0,-1024,1,-1,-1,1,-1,-1,-1,-1,-1,-1,0,0,
2026-04-14,19:28:46.420,7.63,100,100,99,-0.019,144.59,75,0,8.17,-0.112,0.988,0.19,80,0,175.95,5.23,10,0.00,4.18,4.19,4.18,4.18,4.19,4.17,4.19,4.18,33.56,0.0,-30,-30,22.6,0,16,-1024,0,0,1001,0,-1024,1,-1,-1,1,-1,-1,-1,-1,-1,-1,0,0,
2026-04-14,19:28:46.680,7.63,100,100,99,-0.021,144.60,74,0,8.17,-0.113,0.963,0.15,81,0,175.94,5.24,10,0.00,4.18,4.19,4.18,4.18,4.19,4.17,4.19,4.18,33.56,0.0,-30,-30,19.8,0,16,-1024,0,0,1001,0,-1024,1,-1,-1,1,-1,-1,-1,-1,-1,-1,0,0,
2026-04-14,19:28:46.950,7.64,100,100,99,0.006,144.55,74,0,8.17,-0.118,0.967,-0.03,81,0,175.97,5.23,10,0.00,4.18,4.19,4.18,4.18,4.19,4.17,4.19,4.18,33.56,0.0,-30,-30,20.7,0,16,-1024,0,0,1001,0,-1024,1,-1,-1,1,-1,-1,-1,-1,-1,-1,0,0,
2026-04-14,19:28:47.220,7.63,100,100,99,-0.037,144.53,74,0,8.17,-0.116,0.970,-0.07,80,0,175.96,5.22,10,0.00,4.18,4.19,4.18,4.18,4.19,4.17,4.19,4.18,33.56,0.0,-30,-30,24.3,0,16,-1024,0,0,1000,0,-1024,1,-1,-1,1,-1,-1,-1,-1,-1,-1,0,0,
2026-04-14,19:28:47.490,7.64,100,100,99,-0.021,144.59,74,0,8.17,-0.110,0.977,0.00,80,0,175.96,5.24,10,0.00,4.18,4.19,4.18,4.18,4.19,4.17,4.19,4.18,33.56,0.0,-30,-30,24.3,0,17,-1024,0,0,1000,0,-1024,1,-1,-1,1,-1,-1,-1,-1,-1,-1,0,0,
2026-04-14,19:28:47.750,7.64,100,100,99,-0.011,144.81,75,0,8.17,-0.116,0.982,0.36,81,0,175.95,5.27,10,0.00,4.18,4.19,4.18,4.18,4.19,4.17,4.19,4.18,33.56,0.0,-30,-30,22.6,0,16,-1024,0,0,1000,0,-1024,1,-1,-1,1,-1,-1,-1,-1,-1,-1,0,0,
2026-04-14,19:28:48.010,7.63,100,100,99,-0.024,144.83,75,0,8.17,-0.102,0.971,0.18,81,0,175.96,5.27,10,0.00,4.18,4.19,4.18,4.18,4.19,4.17,4.19,4.18,33.56,0.0,-30,-30,21.7,0,17,-1024,0,0,1001,0,-1024,1,-1,-1,1,-1,-1,-1,-1,-1,-1,0,0,
2026-04-14,19:28:48.270,7.64,100,100,100,-0.011,144.78,76,0,8.17,-0.100,0.974,-0.01,81,0,175.94,5.28,10,0.00,4.18,4.19,4.18,4.18,4.19,4.17,4.19,4.18,33.56,0.0,-30,-30,21.7,0,16,-1024,0,0,1001,0,-1024,1,-1,-1,1,-1,-1,-1,-1,-1,-1,0,0,
2026-04-14,19:28:48.530,7.63,100,100,100,-0.004,144.76,75,0,8.17,-0.110,0.980,-0.10,81,0,175.95,5.27,10,0.00,4.18,4.19,4.18,4.18,4.19,4.17,4.19,4.18,33.56,0.0,-30,-30,17.8,0,17,-1024,0,0,1001,0,-1024,1,-1,-1,1,-1,-1,-1,-1,-1,-1,0,0,
2026-04-14,19:28:48.790,7.63,100,100,100,-0.018,144.77,74,0,8.17,-0.111,0.978,0.00,80,0,175.98,5.28,10,0.00,4.18,4.19,4.18,4.18,4.19,4.17,4.19,4.18,33.56,0.0,-30,-30,20.7,0,39,-1024,0,0,1001,0,-1024,1,-1,-1,1,-1,-1,-1,-1,-1,-1,0,0,
2026-04-14,19:28:49.050,7.63,100,100,100,-0.021,144.69,73,0,8.17,-0.123,0.989,-0.12,81,0,175.98,5.26,10,0.00,4.18,4.19,4.18,4.18,4.19,4.17,4.19,4.18,33.55,0.0,-30,-30,21.7,0,23,-1024,0,0,1000,0,-1024,1,-1,-1,1,-1,-1,-1,-1,-1,-1,0,0,
2026-04-14,19:28:49.320,7.63,100,100,100,-0.010,144.68,74,0,8.17,-0.109,0.994,-0.09,81,0,175.97,5.27,10,0.00,4.18,4.19,4.18,4.18,4.19,4.17,4.19,4.18,33.55,0.0,-30,-30,15.4,0,18,-1024,0,0,1000,0,-1024,1,-1,-1,1,-1,-1,-1,-1,-1,-1,0,0,
2026-04-14,19:28:49.580,7.64,100,100,100,-0.006,144.67,74,0,8.17,-0.115,0.994,-0.10,83,0,175.97,5.25,10,0.00,4.18,4.19,4.18,4.18,4.19,4.17,4.19,4.18,33.55,0.0,-30,-30,25.0,0,18,-1024,0,0,1001,0,-1024,1,-1,-1,1,-1,-1,-1,-1,-1,-1,0,0,
2026-04-14,19:28:49.840,7.63,100,100,100,-0.012,144.63,74,0,8.17,-0.113,0.983,-0.07,85,0,175.97,5.24,10,0.00,4.18,4.19,4.18,4.18,4.19,4.17,4.19,4.18,33.55,0.0,-30,-30,22.6,0,17,-1024,0,0,1000,0,-1024,1,-1,-1,1,-1,-1,-1,-1,-1,-1,0,0,
2026-04-14,19:28:50.100,7.64,100,100,100,-0.009,144.64,75,0,8.17,-0.119,0.985,-0.05,86,0,175.97,5.22,10,0.00,4.18,4.19,4.18,4.18,4.19,4.17,4.19,4.18,33.56,0.0,-30,-30,22.6,0,16,-1024,0,0,1000,0,-1024,1,-1,-1,1,-1,-1,-1,-1,-1,-1,0,0,
2026-04-14,19:28:50.370,7.64,100,100,100,-0.004,144.65,75,0,8.17,-0.098,0.982,0.01,86,0,175.97,5.21,10,0.00,4.18,4.19,4.18,4.18,4.19,4.17,4.19,4.18,33.56,0.0,-30,-30,22.6,0,16,-1024,0,0,1001,0,-1024,1,-1,-1,1,-1,-1,-1,-1,-1,-1,0,0,
2026-04-14,19:28:50.630,7.63,100,100,100,-0.001,144.79,75,0,8.17,-0.105,0.975,0.24,86,0,175.96,5.26,10,0.00,4.18,4.19,4.18,4.18,4.19,4.17,4.19,4.18,33.56,0.0,-30,-30,17.8,0,16,-1024,0,0,1001,0,-1024,1,-1,-1,1,-1,-1,-1,-1,-1,-1,0,0,
2026-04-14,19:28:50.890,7.63,100,100,100,-0.019,144.88,75,0,8.17,-0.109,0.979,0.33,86,0,175.96,5.25,10,0.00,4.18,4.19,4.18,4.18,4.19,4.17,4.19,4.18,33.56,0.0,-30,-30,18.7,0,17,-1024,0,0,1001,0,-1024,1,-1,-1,1,-1,-1,-1,-1,-1,-1,0,0,
2026-04-14,19:28:51.160,7.64,100,100,99,-0.018,144.90,75,0,8.17,-0.115,0.973,0.07,87,0,175.98,5.23,10,0.00,4.18,4.19,4.18,4.18,4.19,4.17,4.19,4.18,33.56,0.0,-30,-30,17.8,0,17,-1024,0,0,1001,0,-1024,1,-1,-1,1,-1,-1,-1,-1,-1,-1,0,0,
2026-04-14,19:28:51.430,7.64,100,100,99,-0.010,144.90,75,0,8.17,-0.108,0.980,0.00,87,0,175.95,5.24,10,0.00,4.18,4.19,4.18,4.18,4.18,4.17,4.19,4.18,33.56,0.0,-30,-30,12.4,0,17,-1024,0,0,1000,0,-1024,1,-1,-1,1,-1,-1,-1,-1,-1,-1,0,0,
2026-04-14,19:28:51.690,7.64,100,100,99,-0.006,145.02,75,0,8.17,-0.106,0.992,0.24,88,0,175.98,5.26,10,0.00,4.18,4.19,4.18,4.18,4.18,4.17,4.19,4.18,33.56,0.0,-30,-30,16.5,0,16,-1024,0,0,1000,0,-1024,1,-1,-1,1,-1,-1,-1,-1,-1,-1,0,0,
2026-04-14,19:28:51.950,7.64,100,100,99,-0.011,144.97,75,0,8.17,-0.117,0.967,0.03,88,0,175.96,5.28,10,0.00,4.18,4.19,4.18,4.18,4.18,4.17,4.19,4.18,33.56,0.0,-30,-30,17.8,0,16,-1024,0,0,1000,0,-1024,1,-1,-1,1,-1,-1,-1,-1,-1,-1,0,0,
2026-04-14,19:28:52.210,7.64,100,100,99,-0.005,144.89,75,0,8.17,-0.113,0.988,-0.14,88,0,175.97,5.29,10,0.00,4.18,4.19,4.18,4.18,4.18,4.17,4.19,4.18,33.56,0.0,-30,-30,17.8,0,16,-1024,0,0,1001,0,-1024,1,-1,-1,1,-1,-1,-1,-1,-1,-1,0,0,
2026-04-14,19:28:52.470,7.64,100,100,99,-0.011,144.81,75,0,8.17,-0.112,0.969,-0.26,88,0,175.97,5.27,10,0.00,4.18,4.19,4.18,4.18,4.18,4.17,4.19,4.18,33.56,0.0,-30,-30,17.8,0,17,-1024,0,0,1000,0,-1024,1,-1,-1,1,-1,-1,-1,-1,-1,-1,0,0,
2026-04-14,19:28:52.730,7.64,100,100,99,-0.018,144.76,75,0,8.17,-0.123,0.983,-0.17,90,0,175.97,5.27,10,0.00,4.18,4.19,4.18,4.18,4.19,4.17,4.19,4.18,33.56,0.0,-30,-30,17.8,0,17,-1024,0,0,1000,0,-1024,1,-1,-1,1,-1,-1,-1,-1,-1,-1,0,0,
2026-04-14,19:28:52.990,7.64,100,100,99,-0.017,144.79,75,0,8.17,-0.109,0.985,-0.07,89,0,175.96,5.26,10,0.00,4.18,4.19,4.18,4.18,4.19,4.17,4.19,4.18,33.56,0.0,-30,-30,22.6,0,16,-1024,0,0,1001,0,-1024,1,-1,-1,1,-1,-1,-1,-1,-1,-1,0,0,
2026-04-14,19:28:53.250,7.64,100,100,99,0.000,144.78,75,0,8.17,-0.109,0.985,0.00,89,0,175.96,5.27,10,0.00,4.18,4.19,4.18,4.18,4.19,4.17,4.19,4.18,33.56,0.0,-30,-30,15.4,0,16,-1024,0,0,1000,0,-1024,1,-1,-1,1,-1,-1,-1,-1,-1,-1,0,0,
2026-04-14,19:28:53.520,7.63,100,100,99,0.000,144.78,76,0,8.17,-0.110,0.991,0.00,89,0,175.93,5.27,10,0.00,4.18,4.19,4.18,4.18,4.19,4.17,4.19,4.18,33.56,0.0,-30,-30,25.7,0,17,-1024,0,0,1000,0,-1024,1,-1,-1,1,-1,-1,-1,-1,-1,-1,0,0,
2026-04-14,19:28:53.780,7.63,100,100,99,-0.008,144.70,76,0,8.17,-0.114,0.979,-0.13,88,0,175.96,5.25,10,0.00,4.18,4.19,4.18,4.18,4.19,4.17,4.19,4.18,33.56,0.0,-30,-30,21.7,0,17,-1024,0,0,1000,0,-1024,1,-1,-1,1,-1,-1,-1,-1,-1,-1,0,0,
2026-04-14,19:28:54.050,7.63,100,100,99,-0.019,144.74,76,0,8.17,-0.105,0.977,0.01,88,0,175.98,5.24,10,0.00,4.18,4.19,4.18,4.18,4.18,4.17,4.19,4.18,33.56,0.0,-30,-30,18.7,0,16,-1024,0,0,1000,0,-1024,1,-1,-1,1,-1,-1,-1,-1,-1,-1,0,0,
2026-04-14,19:28:54.310,7.64,100,100,99,-0.013,144.72,76,0,8.17,-0.116,0.982,0.08,87,0,175.95,5.25,10,0.00,4.18,4.19,4.18,4.18,4.18,4.17,4.19,4.18,33.56,0.0,-30,-30,18.7,0,17,-1024,0,0,1001,0,-1024,1,-1,-1,1,-1,-1,-1,-1,-1,-1,0,0,
2026-04-14,19:28:54.570,7.63,100,100,99,-0.014,144.66,76,0,8.17,-0.112,0.987,-0.10,85,0,175.96,5.26,10,0.00,4.18,4.19,4.18,4.18,4.18,4.17,4.19,4.18,33.56,0.0,-30,-30,18.7,0,17,-1024,0,0,1001,0,-1024,1,-1,-1,1,-1,-1,-1,-1,-1,-1,0,0,
2026-04-14,19:28:54.840,7.64,100,100,99,-0.015,144.73,76,0,8.17,-0.109,0.976,0.03,84,0,175.95,5.26,10,0.00,4.18,4.19,4.18,4.18,4.18,4.17,4.19,4.18,33.56,0.0,-30,-30,21.7,0,17,-1024,0,0,1000,0,-1024,1,-1,-1,1,-1,-1,-1,-1,-1,-1,0,0,
2026-04-14,19:28:55.100,7.64,100,100,100,-0.015,144.79,76,0,8.17,-0.107,0.984,0.16,84,0,175.95,5.24,10,0.00,4.18,4.19,4.18,4.18,4.19,4.17,4.19,4.18,33.56,0.0,-30,-30,17.8,0,16,-1024,0,0,1000,0,-1024,1,-1,-1,1,-1,-1,-1,-1,-1,-1,0,0,
2026-04-14,19:28:55.360,7.63,99,100,100,0.000,144.78,76,0,8.17,-0.119,0.983,0.09,85,0,175.94,5.25,10,0.00,4.18,4.19,4.18,4.18,4.19,4.17,4.19,4.18,33.56,0.0,-30,-30,17.8,0,17,-1024,0,0,1001,0,-1024,1,-1,-1,1,-1,-1,-1,-1,-1,-1,0,0,
2026-04-14,19:28:55.620,7.64,99,100,100,0.000,144.79,76,0,8.17,-0.115,0.985,0.01,85,0,175.96,5.22,10,0.00,4.18,4.19,4.18,4.18,4.19,4.17,4.19,4.18,33.56,0.0,-30,-30,20.7,0,17,-1024,0,0,1000,0,-1024,1,-1,-1,1,-1,-1,-1,-1,-1,-1,0,0,
2026-04-14,19:28:55.880,7.63,99,100,100,-0.016,144.77,76,0,8.17,-0.107,0.992,-0.06,85,0,175.95,5.25,10,0.00,4.18,4.19,4.18,4.18,4.19,4.17,4.19,4.18,33.56,0.0,-30,-30,18.7,0,17,-1024,0,0,1000,0,-1024,1,-1,-1,1,-1,-1,-1,-1,-1,-1,0,0,
2026-04-14,19:28:56.140,7.64,100,100,100,-0.015,144.84,76,0,8.17,-0.115,0.969,0.11,84,0,175.96,5.24,10,0.00,4.18,4.19,4.18,4.18,4.19,4.17,4.19,4.18,33.56,0.0,-30,-30,12.4,0,16,-1024,0,0,1001,0,-1024,1,-1,-1,1,-1,-1,-1,-1,-1,-1,0,0,
2026-04-14,19:28:56.410,7.63,100,100,100,-0.021,144.90,76,0,8.17,-0.111,0.976,0.17,84,0,175.96,5.25,10,0.00,4.18,4.19,4.18,4.18,4.18,4.17,4.19,4.18,33.56,0.0,-30,-30,13.9,0,16,-1024,0,0,1001,0,-1024,1,-1,-1,1,-1,-1,-1,-1,-1,-1,0,0,
2026-04-14,19:28:56.680,7.64,100,100,100,-0.015,144.90,76,0,8.17,-0.113,0.983,0.09,85,0,175.96,5.26,10,0.00,4.18,4.19,4.18,4.18,4.18,4.17,4.19,4.18,33.56,0.0,-30,-30,17.8,0,17,-1024,0,0,1001,0,-1024,1,-1,-1,1,-1,-1,-1,-1,-1,-1,0,0,
2026-04-14,19:28:56.950,7.63,100,100,100,-0.011,144.96,76,0,8.17,-0.115,0.982,0.16,85,0,175.95,5.27,10,0.00,4.18,4.19,4.18,4.18,4.18,4.17,4.19,4.18,33.56,0.0,-30,-30,17.8,0,16,-1024,0,0,1000,0,-1024,1,-1,-1,1,-1,-1,-1,-1,-1,-1,0,0,
2026-04-14,19:28:57.210,7.64,100,100,100,0.000,144.90,76,0,8.17,-0.122,0.989,-0.03,85,0,175.96,5.27,10,0.00,4.18,4.19,4.18,4.18,4.18,4.17,4.19,4.18,33.56,0.0,-30,-30,19.8,0,16,-1024,0,0,1000,0,-1024,1,-1,-1,1,-1,-1,-1,-1,-1,-1,0,0,
2026-04-14,19:28:57.480,7.64,100,100,100,-0.014,144.93,76,0,8.17,-0.122,0.990,0.08,84,0,175.98,5.25,10,0.00,4.18,4.19,4.18,4.18,4.19,4.17,4.19,4.18,33.56,0.0,-30,-30,20.7,0,16,-1024,0,0,1000,0,-1024,1,-1,-1,1,-1,-1,-1,-1,-1,-1,0,0,
2026-04-14,19:28:57.740,7.64,100,100,100,-0.027,144.83,76,0,8.17,-0.115,0.991,-0.16,84,0,175.97,5.28,10,0.00,4.18,4.19,4.18,4.18,4.19,4.17,4.19,4.18,33.56,0.0,-30,-30,13.9,0,16,-1024,0,0,1000,0,-1024,1,-1,-1,1,-1,-1,-1,-1,-1,-1,0,0,
2026-04-14,19:28:58.010,7.64,100,100,100,-0.021,144.69,76,0,8.17,-0.121,0.979,-0.36,84,0,175.96,5.26,10,0.00,4.18,4.19,4.18,4.18,4.19,4.17,4.19,4.18,33.56,0.0,-30,-30,12.4,0,17,-1024,0,0,1000,0,-1024,1,-1,-1,1,-1,-1,-1,-1,-1,-1,0,0,
2026-04-14,19:28:58.280,7.63,100,100,100,0.004,144.63,76,0,8.17,-0.110,0.990,-0.23,85,0,175.95,5.27,10,0.00,4.18,4.19,4.18,4.18,4.19,4.17,4.19,4.18,33.56,0.0,-30,-30,21.7,0,17,-1024,0,0,1000,0,-1024,1,-1,-1,1,-1,-1,-1,-1,-1,-1,0,0,
2026-04-14,19:28:58.540,7.63,100,100,100,-0.033,144.52,76,0,8.17,-0.110,0.969,-0.36,85,0,176.00,5.24,10,0.00,4.18,4.19,4.18,4.18,4.19,4.17,4.19,4.18,33.56,0.0,-30,-30,21.7,0,17,-1024,0,0,1001,0,-1024,1,-1,-1,1,-1,-1,-1,-1,-1,-1,0,0,
2026-04-14,19:28:58.810,7.63,100,100,100,-0.023,144.49,76,0,8.17,-0.105,0.984,-0.21,84,0,175.97,5.25,10,0.00,4.18,4.19,4.18,4.18,4.19,4.17,4.19,4.18,33.56,0.0,-30,-30,19.8,0,16,-1024,0,0,1000,0,-1024,1,-1,-1,1,-1,-1,-1,-1,-1,-1,0,0,
2026-04-14,19:28:59.090,7.63,100,100,100,-0.031,144.46,76,0,8.17,-0.122,0.979,-0.15,83,0,175.96,5.24,10,0.00,4.18,4.19,4.18,4.18,4.19,4.17,4.19,4.18,33.56,0.0,-30,-30,17.8,0,17,-1024,0,0,1001,0,-1024,1,-1,-1,1,-1,-1,-1,-1,-1,-1,0,0,
2026-04-14,19:28:59.350,7.64,100,100,100,0.000,144.61,76,0,8.17,-0.113,0.986,0.18,83,0,175.94,5.25,10,0.00,4.18,4.19,4.18,4.18,4.19,4.17,4.19,4.18,33.56,0.0,-30,-30,17.8,0,16,-1024,0,0,1001,0,-1024,1,-1,-1,1,-1,-1,-1,-1,-1,-1,0,0,
2026-04-14,19:28:59.620,7.63,100,100,100,-0.012,144.84,76,0,8.17,-0.108,0.979,0.33,84,0,175.97,5.25,10,0.00,4.18,4.19,4.18,4.18,4.19,4.17,4.19,4.18,33.56,0.0,-30,-30,20.7,0,16,-1024,0,0,1000,0,-1024,1,-1,-1,1,-1,-1,-1,-1,-1,-1,0,0,
2026-04-14,19:28:59.890,7.63,100,100,100,-0.032,144.91,76,0,8.17,-0.100,0.958,0.27,84,0,175.95,5.26,10,0.00,4.18,4.19,4.18,4.18,4.18,4.17,4.19,4.18,33.56,0.0,-30,-30,13.9,0,16,-1024,0,0,1001,0,-1024,1,-1,-1,1,-1,-1,-1,-1,-1,-1,0,0,
2026-04-14,19:29:00.160,7.64,100,100,100,-0.015,144.83,76,0,8.17,-0.105,0.981,-0.01,84,0,175.93,5.29,10,0.00,4.18,4.19,4.18,4.18,4.18,4.17,4.19,4.18,33.56,0.0,-30,-30,13.9,0,17,-1024,0,0,1000,0,-1024,1,-1,-1,1,-1,-1,-1,-1,-1,-1,0,0,
2026-04-14,19:29:00.420,7.63,100,100,100,0.008,144.80,76,0,8.17,-0.119,0.981,-0.11,84,0,175.96,5.28,10,0.00,4.18,4.19,4.18,4.18,4.18,4.17,4.19,4.18,33.56,0.0,-30,-30,8.9,0,17,-1024,0,0,1000,0,-1024,1,-1,-1,1,-1,-1,-1,-1,-1,-1,0,0,
2026-04-14,19:29:00.680,7.63,100,100,100,-0.041,144.86,76,0,8.17,-0.104,0.970,0.02,85,0,175.97,5.29,10,0.00,4.18,4.19,4.18,4.18,4.18,4.17,4.19,4.18,33.56,0.0,-30,-30,19.8,0,17,-1024,0,0,1001,0,-1024,1,-1,-1,1,-1,-1,-1,-1,-1,-1,0,0,
2026-04-14,19:29:00.940,7.63,100,100,100,-0.019,144.95,76,0,8.17,-0.108,0.971,0.26,84,0,175.96,5.28,10,0.00,4.18,4.19,4.19,4.18,4.18,4.17,4.19,4.18,33.56,0.0,-30,-30,15.4,0,16,-1024,0,0,1000,0,-1024,1,-1,-1,1,-1,-1,-1,-1,-1,-1,0,0,
2026-04-14,19:29:01.210,7.63,100,100,100,0.004,144.91,76,0,8.17,-0.109,0.980,0.06,85,0,175.95,5.29,10,0.00,4.18,4.19,4.19,4.18,4.19,4.17,4.19,4.18,33.56,0.0,-30,-30,13.9,0,17,-1024,0,0,1000,0,-1024,1,-1,-1,1,-1,-1,-1,-1,-1,-1,0,0,
2026-04-14,19:29:01.470,7.63,100,100,100,-0.013,144.87,76,0,8.17,-0.105,0.979,-0.09,85,0,175.97,5.29,10,0.00,4.18,4.19,4.19,4.18,4.19,4.17,4.19,4.18,33.56,0.0,-30,-30,13.9,0,17,-1024,0,0,1000,0,-1024,1,-1,-1,1,-1,-1,-1,-1,-1,-1,0,0,
2026-04-14,19:29:01.740,7.63,100,100,100,-0.021,144.87,76,0,8.17,-0.106,0.969,-0.08,84,0,175.95,5.29,10,0.00,4.18,4.19,4.19,4.18,4.19,4.17,4.19,4.18,33.56,0.0,-30,-30,18.7,0,17,-1024,0,0,1001,0,-1024,1,-1,-1,1,-1,-1,-1,-1,-1,-1,0,0,
2026-04-14,19:29:02.010,7.63,100,100,100,-0.002,144.80,76,0,8.17,-0.114,0.979,-0.13,85,0,175.95,5.30,10,0.00,4.18,4.19,4.19,4.18,4.19,4.17,4.19,4.18,33.56,0.0,-30,-30,17.8,0,16,-1024,0,0,1001,0,-1024,1,-1,-1,1,-1,-1,-1,-1,-1,-1,0,0,
2026-04-14,19:29:02.270,7.64,100,100,100,-0.008,144.78,76,0,8.17,-0.109,0.982,-0.13,85,0,175.96,5.31,10,0.00,4.18,4.19,4.19,4.18,4.19,4.17,4.19,4.18,33.56,0.0,-30,-30,17.8,0,17,-1024,0,0,1001,0,-1024,1,-1,-1,1,-1,-1,-1,-1,-1,-1,0,0,
2026-04-14,19:29:02.530,7.63,100,100,100,-0.033,144.78,76,0,8.17,-0.115,0.980,-0.02,85,0,175.98,5.29,10,0.00,4.18,4.19,4.19,4.18,4.19,4.17,4.19,4.18,33.56,0.0,-30,-30,15.4,0,17,-1024,0,0,1000,0,-1024,1,-1,-1,1,-1,-1,-1,-1,-1,-1,0,0,
2026-04-14,19:29:02.800,7.63,99,100,100,-0.010,144.81,76,0,8.17,-0.109,0.994,0.04,86,0,175.95,5.30,10,0.00,4.18,4.19,4.19,4.18,4.19,4.17,4.19,4.18,33.56,0.0,-30,-30,17.8,0,17,-1024,0,0,1000,0,-1024,1,-1,-1,1,-1,-1,-1,-1,-1,-1,0,0,
2026-04-14,19:29:03.060,7.64,99,100,100,-0.020,144.79,76,0,8.17,-0.104,0.979,0.01,86,0,175.98,5.28,10,0.00,4.18,4.19,4.19,4.18,4.19,4.17,4.19,4.18,33.56,0.0,-30,-30,20.7,0,17,-1024,0,0,1000,0,-1024,1,-1,-1,1,-1,-1,-1,-1,-1,-1,0,0,
2026-04-14,19:29:03.330,7.64,99,100,100,-0.030,144.77,76,0,8.17,-0.123,0.979,-0.06,85,0,175.98,5.29,10,0.00,4.18,4.19,4.18,4.18,4.19,4.17,4.19,4.18,33.56,0.0,-30,-30,16.5,0,16,-1024,0,0,1001,0,-1024,1,-1,-1,1,-1,-1,-1,-1,-1,-1,0,0,
2026-04-14,19:29:03.600,7.64,100,100,100,-0.030,144.75,76,0,8.17,-0.110,0.984,-0.08,85,0,175.98,5.29,10,0.00,4.18,4.19,4.18,4.18,4.19,4.17,4.19,4.18,33.56,0.0,-30,-30,21.7,0,16,-1024,0,0,1000,0,-1024,1,-1,-1,1,-1,-1,-1,-1,-1,-1,0,0,
2026-04-14,19:29:03.860,7.64,100,100,100,-0.014,144.58,76,0,8.17,-0.107,0.984,-0.33,85,0,175.98,5.24,10,0.00,4.18,4.19,4.18,4.18,4.19,4.17,4.19,4.18,33.56,0.0,-30,-30,21.7,0,16,-1024,0,0,1001,0,-1024,1,-1,-1,1,-1,-1,-1,-1,-1,-1,0,0,
2026-04-14,19:29:04.120,7.63,100,100,100,-0.011,144.61,76,0,8.17,-0.113,0.976,-0.13,85,0,175.97,5.25,10,0.00,4.18,4.19,4.18,4.18,4.19,4.17,4.19,4.18,33.56,0.0,-30,-30,16.5,0,17,-1024,0,0,1000,0,-1024,1,-1,-1,1,-1,-1,-1,-1,-1,-1,0,0,
2026-04-14,19:29:04.380,7.63,100,100,100,-0.017,144.71,76,0,8.17,-0.109,0.977,0.14,85,0,175.98,5.25,10,0.00,4.18,4.19,4.18,4.18,4.19,4.17,4.19,4.18,33.56,0.0,-30,-30,17.8,0,17,-1024,0,0,1001,0,-1024,1,-1,-1,1,-1,-1,-1,-1,-1,-1,0,0,
2026-04-14,19:29:04.640,7.63,100,100,100,-0.005,144.86,76,0,8.17,-0.108,0.985,0.38,85,0,175.96,5.26,10,0.00,4.18,4.19,4.18,4.18,4.19,4.17,4.19,4.18,33.56,0.0,-30,-30,17.8,0,16,-1024,0,0,1000,0,-1024,1,-1,-1,1,-1,-1,-1,-1,-1,-1,0,0,
2026-04-14,19:29:04.910,7.64,100,100,99,-0.010,144.92,76,0,8.17,-0.108,0.976,0.29,85,0,175.98,5.26,10,0.00,4.18,4.19,4.18,4.18,4.19,4.17,4.19,4.18,33.56,0.0,-30,-30,15.4,0,17,-1024,0,0,1001,0,-1024,1,-1,-1,1,-1,-1,-1,-1,-1,-1,0,0,
2026-04-14,19:29:05.170,7.64,100,100,99,-0.011,145.02,76,0,8.17,-0.116,0.979,0.33,85,0,175.98,5.27,10,0.00,4.18,4.19,4.18,4.18,4.19,4.17,4.19,4.18,33.56,0.0,-30,-30,15.2,0,17,-1024,0,0,1001,0,-1024,1,-1,-1,1,-1,-1,-1,1,-1,-1,1,0,
2026-04-14,19:29:05.430,7.63,100,100,99,-0.018,144.95,75,0,8.17,-0.104,0.982,0.14,85,0,175.97,5.27,10,0.00,4.18,4.19,4.18,4.18,4.19,4.17,4.19,4.18,33.56,0.0,-30,-30,15.4,0,16,-1024,0,0,1000,0,-1024,1,-1,-1,1,-1,-1,-1,-1,-1,-1,1,0,
2026-04-14,19:29:05.710,7.63,100,100,99,-0.014,144.93,75,0,8.17,-0.116,0.979,-0.06,85,0,175.95,5.27,10,0.00,4.18,4.19,4.18,4.18,4.19,4.17,4.19,4.18,33.56,0.0,-30,-30,17.8,0,17,-888,0,0,1001,0,-1024,1,-1,-1,1,-1,-1,-1,-1,-1,-1,1,0,
2026-04-14,19:29:05.980,7.63,100,100,99,-0.011,144.92,75,0,8.17,-0.114,0.977,-0.07,85,0,175.96,5.25,10,0.00,4.18,4.19,4.18,4.18,4.19,4.17,4.19,4.18,33.56,0.0,-30,-30,17.8,0,17,-802,0,0,1000,0,-1024,1,-1,-1,1,-1,-1,-1,-1,-1,-1,0,0,
2026-04-14,19:29:06.240,7.63,100,100,99,-0.007,144.89,75,0,8.17,-0.110,0.979,-0.07,85,0,175.95,5.27,10,0.00,4.18,4.19,4.18,4.18,4.19,4.17,4.19,4.18,33.56,0.0,-30,-30,16.5,0,17,-786,0,0,1001,0,-1024,1,-1,-1,1,-1,-1,-1,-1,-1,-1,0,0,
2026-04-14,19:29:06.500,7.63,100,100,99,-0.016,144.93,75,0,8.17,-0.112,0.978,0.03,85,0,175.95,5.28,10,0.00,4.18,4.19,4.18,4.18,4.19,4.17,4.19,4.18,33.55,0.2,-30,-30,17.8,0,17,-784,0,0,1000,0,-1024,1,-1,-1,1,-1,-1,-1,-1,-1,-1,0,0,
2026-04-14,19:29:06.760,7.64,100,100,99,-0.010,144.98,75,0,8.17,-0.116,0.982,0.14,85,0,175.95,5.27,10,0.00,4.18,4.19,4.18,4.18,4.19,4.17,4.19,4.18,33.55,0.2,-30,-30,12.4,0,17,-783,0,0,1001,0,-1024,1,-1,-1,1,-1,-1,-1,-1,-1,-1,0,0,
2026-04-14,19:29:07.020,7.64,100,100,99,-0.011,144.98,75,0,8.17,-0.112,0.984,0.04,85,0,175.96,5.27,10,0.00,4.18,4.19,4.18,4.18,4.19,4.17,4.19,4.18,33.55,0.0,-30,-30,13.9,0,16,-753,0,0,1001,0,-1024,1,-1,-1,1,-1,-1,-1,-1,-1,-1,0,0,
2026-04-14,19:29:07.290,7.63,100,100,99,-0.025,144.93,75,0,8.17,-0.112,0.979,-0.05,85,0,175.96,5.27,10,0.00,4.18,4.19,4.18,4.18,4.18,4.17,4.19,4.18,33.55,0.0,-30,-30,17.8,0,15,-602,0,0,1000,0,-1024,1,-1,-1,1,-1,-1,-1,-1,-1,-1,0,0,
2026-04-14,19:29:07.550,7.64,100,100,99,-0.012,144.88,75,0,8.17,-0.107,0.976,-0.13,85,0,175.95,5.28,10,0.00,4.18,4.19,4.18,4.18,4.18,4.17,4.19,4.18,33.53,1.0,-30,-30,16.5,0,14,-510,0,0,1001,0,-1024,1,-1,-1,1,-1,-1,-1,-1,-1,-1,0,0,
2026-04-14,19:29:07.820,7.64,100,100,99,-0.007,144.87,75,0,8.17,-0.110,0.980,-0.07,85,0,175.95,5.30,10,0.00,4.18,4.18,4.18,4.18,4.18,4.17,4.19,4.18,33.53,1.0,-30,-30,13.9,0,-36,-481,0,0,1000,0,-1024,1,-1,-1,1,-1,-1,-1,-1,-1,-1,0,0,
2026-04-14,19:29:08.090,7.64,100,100,99,-0.005,144.70,75,0,8.17,-0.120,0.976,-0.17,85,0,175.94,5.31,10,0.00,4.18,4.18,4.18,4.18,4.18,4.17,4.19,4.18,33.51,2.5,-30,-30,17.8,0,-27,-388,0,0,1000,0,-1024,1,-1,-1,1,-1,-1,-1,-1,-1,-1,0,0,
2026-04-14,19:29:08.360,7.63,100,100,99,-0.023,144.70,75,0,8.17,-0.118,0.973,-0.52,85,0,175.96,5.32,10,0.00,4.18,4.18,4.18,4.18,4.18,4.16,4.19,4.18,33.51,5.3,-30,-30,17.8,0,-22,-303,0,0,1000,0,-1024,1,-1,-1,1,-1,-1,-1,-1,-1,-1,0,0,
2026-04-14,19:29:08.620,7.64,100,100,99,-0.024,144.32,75,0,8.17,-0.116,0.964,-0.59,85,0,175.94,5.33,10,0.00,4.18,4.18,4.18,4.18,4.18,4.16,4.17,4.17,33.45,5.3,-30,-30,17.8,0,-29,-78,0,0,1000,0,-1024,1,-1,-1,1,-1,-1,-1,-1,-1,-1,0,0,
2026-04-14,19:29:08.880,7.64,100,100,99,-0.020,144.26,75,0,8.17,-0.197,1.001,-0.38,85,0,175.89,5.31,10,0.00,4.16,4.16,4.18,4.18,4.18,4.16,4.17,4.17,33.31,14.4,-30,-30,8.9,0,-41,26,0,0,1001,0,-1024,1,-1,-1,1,-1,-1,-1,-1,-1,-1,0,0,
2026-04-14,19:29:09.140,7.64,100,100,100,0.003,144.08,75,0,8.14,-0.232,0.972,-0.49,85,0,175.79,4.72,10,0.00,4.16,4.16,4.15,4.14,4.18,4.16,4.17,4.17,33.31,14.4,-30,-30,18.7,-98,-40,95,0,0,1000,0,-1024,1,-1,-1,1,-1,-1,-1,-1,-1,-1,0,0,
2026-04-14,19:29:09.400,7.64,100,100,100,0.029,143.61,75,0,8.10,-0.293,0.915,-1.06,85,0,175.87,3.01,10,0.00,4.16,4.16,4.15,4.14,4.18,4.16,4.17,4.17,33.16,18.8,-30,-30,29.4,-150,-49,157,0,0,1001,0,-1024,1,-1,-1,1,-1,-1,-1,-1,-1,-1,0,0,
2026-04-14,19:29:09.660,7.63,100,100,100,-0.006,143.21,75,0,8.09,-0.312,0.954,-1.38,86,0,175.91,2.09,10,0.00,4.16,4.16,4.15,4.14,4.13,4.13,4.17,4.17,33.16,18.8,-30,-30,32.0,-65,-78,285,0,0,1001,0,-1024,1,-1,-1,1,-1,-1,-1,-1,-1,-1,0,0,
2026-04-14,19:29:09.920,7.63,100,100,100,-0.041,142.83,75,0,8.12,-0.400,1.035,-1.25,86,0,176.03,1.00,10,0.00,4.16,4.16,4.15,4.14,4.13,4.13,4.11,4.11,32.90,27.3,-30,-30,31.3,29,-89,388,0,0,1001,0,-1024,1,-1,-1,1,-1,-1,-1,-1,-1,-1,0,0,
2026-04-14,19:29:10.190,7.63,100,100,100,-0.023,142.36,75,0,8.11,-0.438,0.999,-1.50,86,0,175.85,-1.08,10,0.00,4.09,4.09,4.15,4.14,4.13,4.13,4.11,4.11,32.90,27.3,-30,-30,30.7,91,-93,427,0,0,1001,0,-1024,1,-1,-1,1,-1,-1,-1,-1,-1,-1,0,0,
2026-04-14,19:29:10.460,7.63,100,100,100,-0.047,141.83,75,0,8.15,-0.419,0.971,-1.75,87,0,175.76,-2.27,10,0.00,4.09,4.09,4.06,4.07,4.13,4.13,4.11,4.11,32.62,35.5,-30,-30,30.7,74,-93,439,0,0,1000,0,-1024,1,-1,-1,1,-1,-1,-1,-1,-1,-1,0,0,
2026-04-14,19:29:10.730,7.63,100,100,100,-0.011,141.60,75,0,8.16,-0.398,1.008,-1.22,87,0,175.17,-3.88,10,0.00,4.09,4.09,4.06,4.07,4.04,4.04,4.11,4.11,32.62,35.5,-30,-30,37.6,109,-106,497,0,0,1001,0,-1024,1,-1,-1,1,-1,-1,-1,-1,-1,-1,0,0,
2026-04-14,19:29:10.990,7.63,100,100,100,-0.017,141.36,75,0,8.16,-0.474,0.955,-0.97,87,0,174.99,-4.78,10,0.00,4.09,4.09,4.06,4.07,4.04,4.04,4.01,4.02,32.32,38.2,-30,-30,40.4,72,-113,590,0,0,1000,0,-1024,1,-1,-1,1,-1,-1,-1,-1,-1,-1,0,0,
2026-04-14,19:29:11.260,7.63,100,100,100,-0.007,140.78,76,0,8.14,-0.477,0.828,-0.83,88,0,174.59,-6.21,10,0.00,3.99,4.00,4.06,4.07,4.04,4.04,4.01,4.02,32.32,38.2,-30,-30,40.2,-75,-106,674,0,0,1000,0,-1024,1,-1,-1,1,-1,-1,-1,-1,-1,-1,0,0,
2026-04-14,19:29:11.520,7.64,100,100,100,-0.014,140.48,75,0,8.14,-0.524,0.948,-1.04,84,0,174.40,-8.01,10,0.00,3.99,4.00,4.06,4.07,4.04,4.04,4.01,4.02,31.93,48.7,-30,-30,43.9,-89,-167,736,0,0,1001,0,-1024,1,-1,-1,1,-1,-1,-1,-1,-1,-1,0,0,
2026-04-14,19:29:11.780,7.64,100,100,100,-0.021,140.22,74,0,8.12,-0.544,0.933,-1.01,84,0,174.26,-9.33,10,0.00,3.99,4.00,3.97,3.97,4.04,4.04,4.01,4.02,31.93,48.7,-30,-30,43.9,-116,-211,778,0,0,1001,0,-1024,1,-1,-1,1,-1,-1,-1,-1,-1,-1,0,0,
2026-04-14,19:29:12.050,7.63,100,100,100,0.065,139.79,72,0,8.13,-0.577,0.882,-1.22,82,0,174.04,-12.83,10,0.00,3.99,4.00,3.97,3.97,3.93,3.94,4.01,4.02,31.56,62.1,-30,-30,49.1,-47,-175,787,0,0,1001,0,-1024,1,-1,-1,1,-1,-1,-1,-1,-1,-1,0,0,
2026-04-14,19:29:12.310,7.64,100,100,100,0.084,139.49,76,0,8.12,-0.549,0.911,-1.24,81,0,174.41,-14.90,10,0.00,3.99,4.00,3.97,3.97,3.93,3.94,3.90,3.92,31.56,62.1,-30,-30,52.6,2,-170,800,149,0,1000,0,-1024,1,-1,-1,1,-1,-1,-1,-1,-1,-1,0,0,
2026-04-14,19:29:12.590,7.63,100,100,100,0.088,139.59,78,0,8.12,-0.599,0.933,-0.33,83,0,174.97,-17.91,10,0.00,3.89,3.89,3.97,3.97,3.93,3.94,3.90,3.92,31.22,64.1,-30,-30,54.3,54,-167,838,93,0,1001,0,-1024,1,-1,-1,1,-1,-1,-1,-1,-1,-1,0,0,
2026-04-14,19:29:12.860,7.63,100,100,100,0.096,139.66,81,0,8.15,-0.573,1.012,0.00,82,0,172.48,-17.44,10,0.00,3.89,3.89,3.86,3.87,3.93,3.94,3.90,3.92,30.91,67.9,-30,-30,54.3,35,-300,845,366,0,1001,0,-1024,1,-1,-1,1,-1,-1,-1,-1,-1,-1,0,0,
2026-04-14,19:29:13.120,7.64,100,100,100,0.072,139.62,80,0,8.14,-0.562,1.132,0.09,85,0,169.85,-16.71,10,0.00,3.89,3.89,3.86,3.87,3.84,3.84,3.90,3.92,30.91,67.9,-30,-30,65.2,141,-34,854,445,0,1001,0,-1024,1,-1,-1,1,-1,-1,-1,-1,-1,-1,0,0,
2026-04-14,19:29:13.390,7.63,100,100,100,0.115,139.32,75,0,8.14,-0.554,0.984,-0.59,84,0,176.95,-17.26,10,0.00,3.89,3.89,3.86,3.87,3.84,3.84,3.83,3.83,30.65,69.5,-30,-30,65.2,149,3,815,279,0,1001,0,-1024,1,-1,-1,1,-1,-1,-1,-1,-1,-1,0,0,
2026-04-14,19:29:13.650,7.63,100,100,100,0.104,139.49,70,0,8.13,-0.462,1.129,-0.20,81,0,178.18,-15.97,10,0.00,3.82,3.82,3.86,3.87,3.84,3.84,3.83,3.83,30.65,69.5,-30,-30,64.6,69,-54,772,355,0,1000,0,-1024,1,-1,-1,1,-1,-1,-1,-1,-1,-1,0,0,
2026-04-14,19:29:13.920,7.64,100,100,100,0.126,140.56,67,0,8.14,-0.410,0.968,1.17,81,0,170.80,-13.93,10,0.00,3.82,3.82,3.81,3.82,3.84,3.84,3.83,3.83,30.53,60.9,-30,-30,70.2,111,-65,766,465,0,1000,0,-1024,1,-1,-1,1,-1,-1,-1,-1,-1,-1,0,0,
2026-04-14,19:29:14.180,7.63,100,100,100,0.160,140.97,62,0,8.14,-0.367,1.336,1.43,80,0,167.72,-13.38,10,0.00,3.82,3.82,3.81,3.82,3.84,3.84,3.83,3.83,30.53,60.9,-30,-30,82.4,201,-56,698,494,0,1001,0,-1024,1,-1,-1,1,-1,-1,-1,-1,-1,-1,0,0,
2026-04-14,19:29:14.440,7.63,100,100,100,0.071,141.50,62,0,8.14,-0.352,1.236,1.71,78,0,164.67,-12.96,10,0.00,3.82,3.82,3.81,3.82,3.82,3.81,3.83,3.83,30.49,52.4,-30,-30,81.1,245,-10,696,581,0,1000,0,-1024,1,-1,-1,1,-1,-1,-1,-1,-1,-1,0,0,
2026-04-14,19:29:14.710,7.64,100,100,100,0.000,142.01,61,0,8.16,-0.323,1.155,1.74,78,0,166.58,-11.80,10,0.00,3.82,3.82,3.81,3.82,3.82,3.81,3.83,3.83,30.49,52.4,-30,-30,80.2,313,-17,677,632,0,1001,0,-1024,1,-1,-1,1,-1,-1,-1,-1,-1,-1,0,0,
2026-04-14,19:29:14.970,7.63,100,100,100,-0.024,142.28,58,0,8.16,-0.277,1.248,1.33,75,0,174.56,-11.61,10,0.00,3.84,3.84,3.81,3.82,3.82,3.81,3.83,3.83,30.47,51.4,-30,-30,80.2,204,33,673,240,0,1000,0,-1024,1,-1,-1,1,-1,-1,-1,-1,-1,-1,0,0,
2026-04-14,19:29:15.230,7.64,100,100,100,0.018,142.88,57,0,8.15,-0.334,1.316,1.61,70,0,-166.61,-10.79,10,0.00,3.84,3.84,3.84,3.85,3.82,3.81,3.83,3.83,30.47,51.4,-30,-30,86.5,0,19,602,-21,0,1000,0,-1024,1,-1,-1,1,-1,-1,-1,-1,-1,-1,0,0,
2026-04-14,19:29:15.500,7.64,100,100,100,-0.072,144.15,58,0,8.16,-0.318,1.372,3.04,65,0,-156.95,-8.50,10,0.00,3.84,3.84,3.84,3.85,3.85,3.85,3.83,3.83,30.51,45.9,-30,-30,82.8,-174,149,593,-328,0,1001,0,-1024,1,-1,-1,1,-1,-1,-1,-1,-1,-1,0,0,
2026-04-14,19:29:15.770,7.63,99,100,100,-0.039,145.52,57,0,8.17,-0.254,0.939,4.26,64,0,-150.54,-7.41,10,0.00,3.84,3.84,3.84,3.85,3.85,3.85,3.85,3.86,30.51,45.9,-30,-30,81.7,-314,141,594,-670,0,1001,0,-1024,1,-1,-1,1,-1,-1,-1,-1,-1,-1,0,0,
2026-04-14,19:29:16.040,7.64,99,100,100,0.093,146.49,55,0,8.17,-0.297,1.198,3.87,63,0,-153.00,-7.63,10,0.00,3.86,3.87,3.84,3.85,3.85,3.85,3.85,3.86,30.54,44.3,-30,-30,76.7,-330,106,598,-727,0,1001,0,-1024,1,-1,-1,1,-1,-1,-1,-1,-1,-1,0,0,
2026-04-14,19:29:16.300,7.63,99,100,100,-0.008,146.49,55,0,8.13,-0.270,1.150,3.82,64,0,-132.63,-10.45,10,0.00,3.86,3.87,3.84,3.85,3.85,3.85,3.85,3.86,30.54,44.3,-30,-30,80.7,-228,241,599,-370,0,1001,0,-1024,1,-1,-1,1,-1,-1,-1,-1,-1,-1,0,0,
2026-04-14,19:29:16.570,7.63,100,100,100,-0.042,148.83,56,0,8.15,-0.230,0.853,4.10,65,0,163.06,-9.24,10,0.00,3.86,3.87,3.86,3.87,3.85,3.85,3.85,3.86,30.55,44.2,-30,-30,79.1,-255,209,595,-351,0,1001,0,-1024,1,-1,-1,1,-1,-1,-1,-1,-1,-1,0,0,
2026-04-14,19:29:16.850,7.63,100,100,100,0.063,150.51,57,0,8.16,-0.344,1.178,2.95,67,0,157.46,-8.28,10,0.00,3.86,3.87,3.86,3.87,3.86,3.87,3.85,3.86,30.55,44.6,-30,-30,74.3,-250,256,595,-275,0,1001,0,-1024,1,-1,-1,1,-1,-1,-1,-1,-1,-1,0,0,
2026-04-14,19:29:17.120,7.63,99,100,100,0.084,151.82,54,0,8.11,-0.211,1.075,3.91,65,0,150.33,-7.07,10,0.00,3.86,3.87,3.86,3.87,3.86,3.87,3.86,3.87,30.56,44.6,-30,-30,76.1,2,305,602,25,0,1001,0,-1024,1,-1,-1,1,-1,-1,-1,-1,-1,-1,0,0,
2026-04-14,19:29:17.400,7.63,98,100,100,-0.045,152.54,51,0,8.11,-0.206,0.663,3.36,64,0,146.41,-0.63,10,0.00,3.87,3.87,3.86,3.87,3.86,3.87,3.86,3.87,30.55,44.8,-30,-30,77.6,65,307,605,61,0,1000,0,-1024,1,-1,-1,1,-1,-1,-1,-1,-1,-1,0,0,
2026-04-14,19:29:17.660,7.64,98,100,100,-0.007,153.34,51,0,8.12,-0.255,1.008,2.73,63,0,151.64,1.25,10,0.00,3.87,3.87,3.86,3.86,3.86,3.87,3.86,3.87,30.55,44.8,-30,-30,77.6,0,300,604,0,0,1001,0,-1024,1,-1,-1,1,-1,-1,-1,-1,-1,-1,0,0,
2026-04-14,19:29:17.940,7.63,99,100,100,0.001,154.25,51,0,8.15,-0.209,0.833,3.14,57,0,155.09,2.44,10,0.00,3.87,3.87,3.86,3.86,3.86,3.86,3.86,3.87,30.56,44.4,-30,-30,80.2,0,345,598,0,0,1001,0,-1024,1,-1,-1,1,-1,-1,-1,-1,-1,-1,0,0,
2026-04-14,19:29:18.210,7.63,100,100,100,-0.009,154.74,53,0,8.16,-0.218,0.818,2.30,56,0,158.33,4.95,10,0.00,3.87,3.87,3.86,3.86,3.86,3.86,3.85,3.86,30.56,44.4,-30,-30,80.9,0,296,598,10,0,1000,0,-1024,1,-1,-1,1,-1,-1,-1,-1,-1,-1,0,0,
2026-04-14,19:29:18.480,7.64,100,100,100,-0.007,155.38,53,0,8.17,-0.221,0.786,2.13,53,0,161.17,7.63,10,0.00,3.86,3.86,3.86,3.86,3.86,3.86,3.85,3.86,30.55,43.9,-30,-30,78.7,38,283,598,69,0,1000,0,-1024,1,-1,-1,1,-1,-1,-1,-1,-1,-1,0,0,
2026-04-14,19:29:18.740,7.63,100,100,100,-0.011,155.99,54,0,8.15,-0.247,0.865,2.19,48,0,162.62,8.68,10,0.00,3.86,3.86,3.85,3.86,3.86,3.86,3.85,3.86,30.55,43.9,-30,-30,78.0,0,284,596,0,0,1000,0,-1024,1,-1,-1,1,-1,-1,-1,-1,-1,-1,0,0,
2026-04-14,19:29:19.010,7.63,100,100,100,-0.022,156.64,54,0,8.16,-0.242,0.826,2.19,48,0,165.63,11.51,10,0.00,3.86,3.86,3.85,3.86,3.86,3.86,3.85,3.86,30.54,44.3,-30,-30,77.6,0,371,593,0,0,1001,0,-1024,1,-1,-1,1,-1,-1,-1,-1,-1,-1,0,0,
2026-04-14,19:29:19.280,7.63,100,100,100,-0.009,157.21,54,0,8.17,-0.244,0.877,2.12,48,0,167.31,13.12,10,0.00,3.86,3.86,3.85,3.86,3.85,3.85,3.85,3.86,30.54,44.3,-30,-30,77.2,0,325,594,-5,0,1001,0,-1024,1,-1,-1,1,-1,-1,-1,-1,-1,-1,0,0,
2026-04-14,19:29:19.560,7.63,100,100,100,0.002,158.21,54,0,8.17,-0.247,0.852,1.77,47,0,171.07,15.14,10,0.00,3.86,3.86,3.85,3.86,3.85,3.85,3.85,3.86,30.53,44.0,-30,-30,77.2,-51,151,600,-236,0,1000,0,-1024,1,-1,-1,1,-1,-1,-1,-1,-1,-1,0,0,
2026-04-14,19:29:19.830,7.63,100,100,100,0.019,158.58,54,0,8.17,-0.295,1.001,1.45,46,0,171.93,13.06,10,0.00,3.85,3.86,3.85,3.86,3.85,3.85,3.85,3.86,30.53,44.0,-30,-30,76.3,-63,335,627,-136,0,1001,0,-1024,1,-1,-1,1,-1,-1,-1,-1,-1,-1,0,0,
2026-04-14,19:29:20.090,7.63,100,100,100,0.005,159.05,54,0,8.17,-0.255,1.001,1.53,46,0,171.03,12.38,10,0.00,3.85,3.86,3.85,3.85,3.85,3.85,3.85,3.86,30.49,45.5,-30,-30,76.7,-39,252,669,-44,0,1001,0,-1024,1,-1,-1,1,-1,-1,-1,-1,-1,-1,0,0,
2026-04-14,19:29:20.360,7.64,100,100,100,0.024,159.06,54,0,8.17,-0.270,0.886,0.81,46,0,170.46,14.32,10,0.00,3.85,3.86,3.85,3.85,3.85,3.84,3.85,3.86,30.43,50.3,-30,-30,76.7,0,0,672,0,0,1001,0,-1024,1,-1,-1,1,-1,-1,-1,-1,-1,-1,0,0,
2026-04-14,19:29:20.630,7.63,100,100,99,0.019,159.05,54,0,8.17,-0.351,1.063,0.16,45,0,171.16,13.11,10,0.00,3.85,3.86,3.85,3.85,3.85,3.84,3.83,3.84,30.43,50.3,-30,-30,78.3,-38,-11,675,-120,0,1000,0,-1024,1,-1,-1,1,-1,-1,-1,-1,-1,-1,0,0,
2026-04-14,19:29:20.890,7.63,100,100,99,0.022,159.50,54,0,8.17,-0.347,1.214,0.82,42,0,170.50,10.23,10,0.00,3.83,3.83,3.85,3.85,3.85,3.84,3.83,3.84,30.38,50.4,-30,-30,77.6,-29,40,676,-110,0,1000,0,-1024,1,-1,-1,1,-1,-1,-1,-1,-1,-1,0,0,
2026-04-14,19:29:21.160,7.64,100,100,98,0.010,159.86,54,0,8.17,-0.333,1.150,1.18,38,0,168.88,10.69,10,0.00,3.83,3.83,3.85,3.85,3.85,3.84,3.83,3.84,30.38,50.4,-30,-30,78.9,-13,96,673,-99,0,1001,0,-1024,1,-1,-1,1,-1,-1,-1,-1,-1,-1,0,0,
2026-04-14,19:29:21.420,7.63,100,100,96,0.014,160.38,54,0,8.17,-0.305,1.114,1.55,36,0,168.88,10.69,10,0.00,3.83,3.83,3.85,3.85,3.85,3.84,3.83,3.84,30.34,50.1,-30,-30,80.0,0,106,673,-81,0,1000,0,-1024,1,-1,-1,1,-1,-1,-1,-1,-1,-1,0,0,
2026-04-14,19:29:21.680,7.64,99,99,91,-0.010,160.79,53,0,8.17,-0.310,1.128,1.47,34,0,167.31,12.64,10,0.00,3.83,3.83,3.85,3.85,3.82,3.81,3.83,3.84,30.34,50.1,-30,-30,79.6,0,175,673,0,0,1000,0,-1024,1,-1,-1,1,-1,-1,-1,-1,-1,-1,0,0,
2026-04-14,19:29:21.940,7.64,99,99,90,-0.008,161.52,53,0,8.17,-0.325,1.044,1.94,36,0,169.99,13.65,10,0.00,3.83,3.83,3.85,3.85,3.82,3.81,3.82,3.82,30.29,50.4,-30,-30,78.9,0,305,671,-27,0,1001,0,-1024,1,-1,-1,1,-1,-1,-1,-1,-1,-1,0,0,
2026-04-14,19:29:22.210,7.64,98,98,90,0.033,162.16,53,0,8.17,-0.267,0.824,2.32,39,0,173.58,13.01,10,0.00,3.82,3.82,3.85,3.85,3.82,3.81,3.82,3.82,30.29,50.4,-30,-30,76.3,-58,326,671,-86,0,1000,0,-1024,1,-1,-1,1,-1,-1,-1,-1,-1,-1,0,0,
2026-04-14,19:29:22.480,7.64,99,99,89,0.023,162.61,53,0,8.17,-0.251,0.807,1.82,40,0,169.89,14.46,10,0.00,3.82,3.82,3.81,3.82,3.82,3.81,3.82,3.82,30.24,50.1,-30,-30,76.3,-55,225,671,-75,0,1001,0,-1024,1,-1,-1,1,-1,-1,-1,-1,-1,-1,0,0,
2026-04-14,19:29:22.740,7.63,99,99,89,0.023,163.24,53,0,8.17,-0.261,0.902,2.04,41,0,168.86,15.49,10,0.00,3.82,3.82,3.81,3.82,3.81,3.80,3.82,3.82,30.24,50.1,-30,-30,77.6,-52,268,672,-58,0,1001,0,-1024,1,-1,-1,1,-1,-1,-1,-1,-1,-1,0,0,
2026-04-14,19:29:23.010,7.63,100,100,88,-0.010,163.87,53,0,8.17,-0.251,0.851,2.07,43,0,170.08,12.91,10,0.00,3.82,3.82,3.81,3.82,3.81,3.80,3.81,3.81,30.22,50.0,-30,-30,79.3,-18,386,671,0,0,1001,0,-1024,1,-1,-1,1,-1,-1,-1,-1,-1,-1,0,0,
2026-04-14,19:29:23.280,7.63,100,100,88,-0.002,164.68,53,0,8.17,-0.293,0.828,2.55,42,0,171.39,13.31,10,0.00,3.81,3.82,3.81,3.82,3.81,3.80,3.81,3.81,30.22,50.0,-30,-30,79.3,0,331,673,0,0,1001,0,-1024,1,-1,-1,1,-1,-1,-1,-1,-1,-1,0,0,
2026-04-14,19:29:23.550,7.63,100,100,88,0.014,165.81,52,0,8.17,-0.272,0.768,2.09,44,0,174.06,14.20,10,0.00,3.81,3.82,3.80,3.81,3.81,3.80,3.81,3.81,30.19,50.1,-30,-30,75.6,0,245,673,0,0,1001,0,-1024,1,-1,-1,1,-1,-1,-1,-1,-1,-1,0,0,
2026-04-14,19:29:23.820,7.63,100,100,88,0.017,166.35,52,0,8.17,-0.275,0.785,1.98,44,0,175.45,17.04,10,0.00,3.81,3.82,3.80,3.81,3.81,3.80,3.81,3.81,30.19,50.1,-30,-30,75.6,0,182,673,0,0,1001,0,-1024,1,-1,-1,1,-1,-1,-1,-1,-1,-1,0,0,
2026-04-14,19:29:24.080,7.63,99,99,87,0.015,166.97,52,0,8.17,-0.318,1.028,1.94,43,0,175.90,16.75,10,0.00,3.81,3.82,3.80,3.81,3.81,3.80,3.81,3.81,30.16,50.5,-30,-30,75.6,0,303,672,0,0,1001,0,-1024,1,-1,-1,1,-1,-1,-1,-1,-1,-1,0,0,
2026-04-14,19:29:24.340,7.63,99,99,87,0.037,167.69,52,0,8.17,-0.252,0.792,2.29,44,0,176.26,14.44,10,0.00,3.81,3.82,3.80,3.81,3.81,3.80,3.81,3.80,30.16,50.1,-30,-30,76.7,-9,301,672,-31,0,1001,0,-1024,1,-1,-1,1,-1,-1,-1,-1,-1,-1,0,0,
2026-04-14,19:29:24.610,7.63,98,98,87,0.029,168.17,52,0,8.17,-0.258,0.800,2.10,45,0,175.36,15.76,10,0.00,3.80,3.81,3.80,3.81,3.81,3.80,3.81,3.80,30.13,50.1,-30,-30,76.9,-4,300,673,-40,0,1001,0,-1024,1,-1,-1,1,-1,-1,-1,-1,-1,-1,0,0,
2026-04-14,19:29:24.880,7.63,99,99,83,-0.013,168.48,52,0,8.17,-0.291,0.895,1.44,42,0,174.67,17.67,10,0.00,3.80,3.81,3.80,3.81,3.81,3.80,3.81,3.80,30.12,50.4,-30,-30,76.9,-52,278,673,-103,0,1001,0,-1024,1,-1,-1,1,-1,-1,-1,-1,-1,-1,0,0,
2026-04-14,19:29:25.140,7.63,99,99,84,0.067,168.95,52,0,8.14,-0.280,1.171,1.43,42,0,173.28,17.60,10,0.00,3.80,3.81,3.80,3.81,3.80,3.79,3.81,3.80,30.12,50.4,-30,-30,76.7,-316,99,672,-562,0,1001,0,-1024,1,-1,-1,1,-1,-1,-1,-1,-1,-1,0,0,
2026-04-14,19:29:25.410,7.63,93,93,86,0.041,169.51,52,0,8.15,-0.237,0.775,1.85,43,0,166.53,18.64,10,0.00,3.80,3.81,3.80,3.81,3.80,3.79,3.81,3.80,30.10,50.3,-30,-30,74.3,-316,38,673,-536,0,1001,0,-1024,1,-1,-1,1,-1,-1,-1,-1,-1,-1,0,0,
2026-04-14,19:29:25.680,7.63,89,91,91,0.000,169.52,52,0,8.16,-0.332,1.125,0.86,45,0,153.83,14.60,10,0.00,3.80,3.80,3.80,3.81,3.80,3.79,3.81,3.80,30.10,50.3,-30,-30,77.6,-219,2,676,-264,0,1001,0,-1024,1,-1,-1,1,-1,-1,-1,-1,-1,-1,0,0,
2026-04-14,19:29:25.940,7.63,87,91,91,0.000,169.81,51,0,8.17,-0.331,1.086,0.79,44,0,152.04,15.03,10,0.00,3.80,3.80,3.79,3.80,3.80,3.79,3.81,3.80,30.10,50.2,-30,-30,77.2,-241,-53,691,-311,0,1000,0,-1024,1,-1,-1,1,-1,-1,-1,-1,-1,-1,0,0,
2026-04-14,19:29:26.210,7.63,92,93,91,0.001,170.06,50,0,8.17,-0.373,1.291,0.87,44,0,149.93,15.57,10,0.00,3.80,3.80,3.79,3.80,3.80,3.79,3.81,3.80,30.10,50.2,-30,-30,77.6,-153,-165,734,-130,0,1000,0,-1024,1,-1,-1,1,-1,-1,-1,-1,-1,-1,0,0,
2026-04-14,19:29:26.480,7.63,90,92,92,0.000,170.47,48,0,8.17,-0.379,1.246,1.12,47,0,149.95,16.01,10,0.00,3.80,3.80,3.79,3.80,3.80,3.79,3.81,3.80,30.03,54.3,-30,-30,78.2,-86,-169,741,-117,0,1000,0,-1024,1,-1,-1,1,-1,-1,-1,-1,-1,-1,0,0,
2026-04-14,19:29:26.740,7.63,86,92,92,0.006,170.71,45,0,8.17,-0.385,1.326,1.08,46,0,150.43,15.80,10,0.00,3.80,3.80,3.79,3.80,3.80,3.79,3.79,3.79,30.03,54.3,-30,-30,78.7,-98,-185,742,-150,0,1000,0,-1024,1,-1,-1,1,-1,-1,-1,-1,-1,-1,0,0,
2026-04-14,19:29:27.000,7.63,84,93,93,-0.004,171.02,46,0,8.17,-0.422,1.344,0.98,47,0,149.11,14.94,10,0.00,3.78,3.79,3.79,3.80,3.80,3.79,3.79,3.79,29.96,55.9,-30,-30,77.2,-77,-174,744,-64,0,1000,0,-1024,1,-1,-1,1,-1,-1,-1,-1,-1,-1,0,0,
2026-04-14,19:29:27.260,7.63,86,93,93,-0.038,171.44,46,0,8.14,-0.416,1.330,1.20,44,0,150.72,14.95,10,0.00,3.78,3.79,3.77,3.78,3.80,3.79,3.79,3.79,29.96,55.9,-30,-30,77.2,0,-280,743,0,0,1001,0,-1024,1,-1,-1,1,-1,-1,-1,-1,-1,-1,0,1,
2026-04-14,19:29:27.530,7.63,92,93,93,-0.010,172.12,46,0,8.14,-0.409,1.246,1.90,44,0,158.67,15.22,10,0.00,3.78,3.79,3.77,3.78,3.78,3.76,3.79,3.79,29.92,56.1,-30,-30,76.1,-62,-198,746,-176,0,1000,0,-1024,1,-1,-1,1,-1,-1,-1,-1,-1,-1,0,1,
2026-04-14,19:29:27.790,7.63,93,93,93,-0.002,172.76,47,0,8.16,-0.433,1.270,2.08,46,0,160.90,14.23,10,0.00,3.78,3.79,3.77,3.78,3.78,3.76,3.77,3.77,29.92,56.1,-30,-30,76.7,-64,-294,757,-169,0,1000,0,-1024,1,-1,-1,1,-1,-1,-1,-1,-1,-1,0,1,
2026-04-14,19:29:28.050,7.63,92,94,94,-0.026,173.52,47,0,8.16,-0.436,1.334,2.38,48,0,161.17,13.08,10,0.00,3.76,3.77,3.77,3.78,3.78,3.76,3.77,3.77,29.85,56.6,-30,-30,77.4,-65,-280,774,-103,0,1000,0,-1024,1,-1,-1,1,-1,-1,-1,-1,-1,-1,0,1,
2026-04-14,19:29:28.310,7.63,90,94,94,-0.066,174.22,46,0,8.11,-0.476,1.445,2.50,51,0,162.54,9.84,10,0.00,3.76,3.77,3.77,3.78,3.78,3.76,3.77,3.77,29.85,56.6,-30,-30,77.2,-54,-294,773,-73,0,1001,0,-1024,1,-1,-1,1,-1,-1,-1,-1,-1,-1,0,1,
2026-04-14,19:29:28.590,7.63,83,95,95,0.067,175.03,44,0,8.14,-0.492,1.384,2.59,55,0,-140.64,8.14,10,0.00,3.76,3.77,3.76,3.76,3.78,3.76,3.77,3.77,29.79,59.1,-30,-30,73.2,-50,15,773,-581,0,1000,0,-1024,1,-1,-1,1,-1,-1,-1,-1,-1,-1,0,1,
2026-04-14,19:29:28.850,7.63,87,98,98,0.026,177.01,44,0,8.13,-0.414,1.140,3.36,54,0,169.26,7.41,10,0.00,3.76,3.77,3.76,3.76,3.77,3.75,3.77,3.77,29.79,58.8,-30,-30,73.5,-45,-184,773,-271,0,1001,0,-1024,1,-1,-1,1,-1,-1,-1,-1,-1,-1,0,1,
2026-04-14,19:29:29.110,7.63,88,97,97,-0.046,178.17,44,0,8.15,-0.448,1.140,3.76,50,0,165.61,7.09,10,0.00,3.76,3.77,3.76,3.76,3.77,3.75,3.75,3.76,29.74,58.8,-30,-30,73.2,-47,-300,772,-73,0,1001,0,-1024,1,-1,-1,1,-1,-1,-1,-1,-1,-1,0,1,
2026-04-14,19:29:29.370,7.63,96,97,97,-0.086,179.33,46,0,8.16,-0.501,1.297,3.91,48,0,170.03,1.58,10,0.00,3.75,3.75,3.76,3.76,3.77,3.75,3.75,3.76,29.68,59.0,-30,-30,73.2,-37,-123,773,-262,0,1001,0,-1024,1,-1,-1,1,-1,-1,-1,-1,-1,-1,0,1,
2026-04-14,19:29:29.640,7.63,96,97,97,-0.091,180.41,48,0,8.17,-0.446,1.256,3.91,48,0,-171.43,-1.19,10,0.00,3.75,3.75,3.74,3.75,3.77,3.75,3.75,3.76,29.68,59.0,-30,-30,70.6,-36,-88,773,-281,0,1000,0,-1024,1,-1,-1,1,-1,-1,-1,-1,-1,-1,0,1,
2026-04-14,19:29:29.900,7.63,96,97,97,-0.016,181.40,48,0,8.17,-0.455,1.139,3.61,49,0,-169.36,-1.71,10,0.00,3.75,3.75,3.74,3.75,3.76,3.74,3.75,3.76,29.64,59.4,-30,-30,75.9,-38,0,773,-342,0,1000,0,-1024,1,-1,-1,1,-1,-1,-1,-1,-1,-1,0,1,
2026-04-14,19:29:30.160,7.64,93,97,97,0.023,182.33,47,0,8.17,-0.466,1.058,3.39,52,0,-171.37,-3.52,10,0.00,3.75,3.75,3.74,3.75,3.76,3.74,3.75,3.74,29.64,59.4,-30,-30,66.1,-36,-168,772,-258,0,1000,0,-1024,1,-1,-1,1,0,-1,-1,-1,-1,-1,0,1,
2026-04-14,19:29:30.430,7.63,92,96,96,0.020,183.44,46,0,8.10,-0.451,0.961,3.60,49,0,-172.61,-5.39,10,0.00,3.74,3.75,3.74,3.75,3.76,3.74,3.75,3.74,29.61,59.0,-30,-30,65.2,0,-84,772,-274,0,1001,0,-1024,1,-1,-1,1,1,-1,-1,-1,-1,-1,0,1,
2026-04-14,19:29:30.700,7.63,94,94,94,0.035,184.72,49,0,8.09,-0.393,0.974,3.98,49,0,-176.60,-12.36,10,0.00,3.74,3.75,3.74,3.75,3.76,3.74,3.75,3.74,29.61,59.0,-30,-30,64.3,-6,-65,770,-290,0,1000,0,-1024,1,-1,-1,1,1,-1,-1,-1,-1,-1,0,1,
2026-04-14,19:29:30.970,7.63,98,98,93,-0.037,185.70,51,0,8.08,-0.579,0.763,3.90,50,0,-176.01,-15.87,10,0.00,3.74,3.75,3.73,3.74,3.76,3.74,3.75,3.74,29.58,59.5,-30,-30,64.6,-16,-108,769,0,0,1001,0,-1024,1,-1,-1,1,1,-1,-1,-1,-1,-1,0,1,
2026-04-14,19:29:31.230,7.64,100,100,93,-0.047,186.67,52,0,8.07,-0.544,0.830,3.45,49,0,-171.62,-16.47,10,0.00,3.74,3.75,3.73,3.74,3.75,3.73,3.75,3.74,29.58,59.5,-30,-30,66.7,0,-274,768,0,0,1001,0,-1024,1,-1,-1,1,1,-1,-1,-1,-1,-1,0,1,
2026-04-14,19:29:31.490,7.63,97,97,93,-0.070,187.53,51,0,8.07,-0.178,0.707,3.26,47,0,-159.87,-18.31,10,0.00,3.74,3.75,3.73,3.74,3.75,3.73,3.74,3.74,29.55,59.1,-30,-30,65.9,0,-122,767,0,0,1001,0,-1024,1,-1,-1,1,1,-1,-1,-1,-1,-1,0,1,
2026-04-14,19:29:31.760,7.63,97,97,93,-0.045,188.42,50,0,8.07,0.070,0.717,1.77,48,0,-158.12,-19.75,10,0.00,3.73,3.74,3.73,3.74,3.75,3.73,3.74,3.74,29.55,59.1,-30,-30,65.9,0,-76,765,0,0,1001,0,-1024,1,-1,-1,1,1,-1,-1,-1,-1,-1,0,1,
2026-04-14,19:29:32.020,7.63,97,97,92,0.058,188.74,50,0,8.07,-0.188,0.373,1.43,51,0,-167.78,-20.19,10,0.00,3.73,3.74,3.73,3.73,3.75,3.73,3.74,3.74,29.53,58.7,-30,-30,65.0,-10,-166,765,0,0,1001,0,-1024,1,-1,-1,1,1,-1,-1,-1,-1,-1,0,1,
2026-04-14,19:29:32.290,7.63,100,100,92,0.062,188.71,50,0,8.07,-0.380,0.701,0.51,53,0,-176.92,-20.97,10,0.00,3.73,3.74,3.73,3.73,3.75,3.72,3.74,3.74,29.53,58.7,-30,-30,67.4,-7,-173,765,0,0,1001,0,-1024,1,-1,-1,1,1,-1,-1,-1,-1,-1,0,1,
2026-04-14,19:29:32.560,7.64,99,99,92,0.065,188.58,51,0,8.07,-0.449,1.083,0.00,54,0,-178.80,-21.75,10,0.00,3.73,3.74,3.73,3.73,3.75,3.72,3.73,3.74,29.51,58.2,-30,-30,67.0,0,-295,766,1,0,1000,0,-1024,1,-1,-1,1,1,-1,-1,-1,-1,-1,0,1,
2026-04-14,19:29:32.830,7.63,98,98,92,-0.006,188.15,52,0,8.07,-0.418,1.054,-0.85,56,0,3.24,-20.77,10,0.00,3.73,3.74,3.73,3.73,3.75,3.72,3.73,3.74,29.51,57.7,-30,-30,76.7,0,-278,766,130,0,1001,0,-1024,1,-1,-1,1,1,-1,-1,-1,-1,-1,0,1,
2026-04-14,19:29:33.090,7.63,97,97,93,-0.016,187.55,51,0,8.05,-0.425,1.161,-1.58,59,0,-176.50,-21.72,10,0.00,3.73,3.74,3.73,3.73,3.75,3.72,3.73,3.74,29.51,57.7,-30,-30,78.2,0,-338,766,199,0,1000,0,-1024,1,-1,-1,1,1,-1,-1,-1,-1,-1,0,1,
2026-04-14,19:29:33.350,7.64,98,98,94,0.006,186.94,51,0,8.06,-0.421,1.319,-1.96,59,0,-174.10,-22.74,10,0.00,3.73,3.74,3.73,3.73,3.75,3.72,3.73,3.74,29.50,57.3,-30,-30,81.7,0,-242,766,103,0,1000,0,-1024,1,-1,-1,1,1,-1,-1,-1,-1,-1,0,1,
2026-04-14,19:29:33.610,7.63,99,99,94,0.095,186.29,51,0,8.07,-0.346,1.127,-2.09,59,0,-176.01,-23.78,10,0.00,3.73,3.74,3.73,3.73,3.75,3.72,3.73,3.74,29.50,57.3,-30,-30,82.6,0,-85,764,58,0,1001,0,-1024,1,-1,-1,1,1,-1,-1,-1,-1,-1,0,1,
2026-04-14,19:29:33.870,7.64,100,100,95,0.101,185.68,51,0,8.04,-0.327,1.050,-2.21,61,0,-95.02,-24.88,10,0.00,3.73,3.74,3.73,3.73,3.75,3.72,3.73,3.73,29.55,55.2,-30,-30,82.8,14,-316,705,203,0,1001,0,-1024,1,-1,-1,1,1,-1,-1,-1,-1,-1,0,1,
2026-04-14,19:29:34.130,7.63,99,99,95,0.043,185.12,51,0,8.03,-0.253,1.072,-1.99,62,0,177.89,-23.83,10,0.00,3.73,3.74,3.73,3.73,3.75,3.72,3.73,3.73,29.55,55.2,-30,-30,82.8,205,-197,591,566,0,1000,0,-1024,1,-1,-1,1,1,-1,-1,-1,-1,-1,0,1,
2026-04-14,19:29:34.390,7.63,98,98,95,0.009,184.39,51,0,8.03,-0.285,1.215,-2.21,63,0,-146.00,-23.57,10,0.00,3.73,3.74,3.74,3.74,3.75,3.72,3.73,3.73,29.66,41.4,-30,-30,86.1,254,-248,591,523,0,1001,0,-1024,1,-1,-1,1,1,-1,-1,-1,-1,-1,0,1,
2026-04-14,19:29:34.650,7.63,97,98,97,-0.009,183.82,51,0,8.02,-0.316,1.270,-2.20,62,0,-165.31,-22.46,10,0.00,3.73,3.74,3.74,3.74,3.77,3.75,3.73,3.73,29.66,41.4,-30,-30,87.8,322,-230,593,508,0,1000,0,-1024,1,-1,-1,1,1,-1,-1,-1,-1,-1,0,1,
2026-04-14,19:29:34.910,7.63,98,99,99,-0.016,183.15,53,0,8.03,-0.281,1.334,-2.22,56,0,-158.95,-22.30,10,0.00,3.73,3.74,3.74,3.74,3.77,3.75,3.73,3.73,29.77,41.5,-30,-30,90.4,314,-293,593,285,0,1000,0,-1024,1,-1,-1,1,1,-1,-1,-1,-1,-1,0,1,
2026-04-14,19:29:35.180,7.63,99,99,99,-0.008,182.04,55,0,8.05,-0.281,1.135,-1.95,57,0,-148.67,-20.07,10,0.00,3.73,3.74,3.74,3.74,3.77,3.75,3.78,3.77,29.77,41.5,-30,-30,86.9,186,-296,593,0,0,1000,0,-1024,1,-1,-1,1,1,-1,-1,-1,-1,-1,0,1,
2026-04-14,19:29:35.440,7.63,100,100,99,0.001,181.59,55,0,8.06,-0.260,1.296,-1.77,57,0,-142.70,-19.58,10,0.00,3.78,3.79,3.74,3.74,3.77,3.75,3.78,3.77,29.85,41.5,-30,-30,88.3,153,-279,593,0,0,1001,0,-1024,1,-1,-1,1,1,-1,-1,-1,-1,-1,0,1,
2026-04-14,19:29:35.700,7.63,100,100,99,-0.014,181.40,55,0,8.04,-0.217,1.242,-1.10,58,0,-141.68,-19.17,10,0.00,3.78,3.79,3.78,3.79,3.77,3.75,3.78,3.77,29.85,41.5,-30,-30,93.3,17,-326,592,-78,0,1000,0,-1024,1,-1,-1,1,1,-1,-1,-1,-1,-1,0,1,
2026-04-14,19:29:35.960,7.63,100,100,100,-0.018,181.43,55,0,8.04,-0.223,1.336,-0.48,61,0,-136.01,-18.58,10,0.00,3.78,3.79,3.78,3.79,3.80,3.78,3.78,3.77,29.91,40.8,-30,-30,93.3,0,-317,593,-68,0,1001,0,-1024,1,-1,-1,1,1,-1,-1,-1,-1,-1,0,1,
2026-04-14,19:29:36.220,7.63,100,100,100,0.013,181.66,54,0,8.06,-0.213,1.179,0.30,61,0,-133.67,-18.13,10,0.00,3.78,3.79,3.78,3.79,3.80,3.78,3.79,3.79,29.91,40.8,-30,-30,90.4,0,-199,591,-79,0,1001,0,-1024,1,-1,-1,1,1,-1,-1,-1,-1,-1,0,1,
2026-04-14,19:29:36.490,7.63,100,100,100,0.008,182.07,54,0,8.06,-0.199,0.813,0.91,64,0,-133.57,-19.87,10,0.00,3.79,3.80,3.78,3.79,3.80,3.78,3.79,3.79,29.96,41.4,-30,-30,86.1,0,-116,590,-216,0,1001,0,-1024,1,-1,-1,1,1,-1,-1,-1,-1,-1,0,1,
2026-04-14,19:29:36.760,7.63,99,100,100,0.014,182.36,52,0,8.05,-0.120,1.173,1.03,65,0,-137.93,-20.43,10,0.00,3.79,3.80,3.79,3.80,3.80,3.78,3.79,3.79,29.96,41.4,-30,-30,85.6,-108,-36,591,-441,0,1000,0,-1024,1,-1,-1,1,1,-1,-1,-1,-1,-1,0,1,
2026-04-14,19:29:37.020,7.63,99,100,100,0.065,182.82,50,0,8.04,-0.233,0.933,1.35,64,0,-149.85,-19.12,10,0.00,3.79,3.80,3.79,3.80,3.80,3.78,3.79,3.79,30.00,41.4,-30,-30,83.5,-135,-38,592,-449,0,1000,0,-1024,1,-1,-1,1,1,-1,-1,-1,-1,-1,0,1,
2026-04-14,19:29:37.290,7.63,99,100,100,0.055,183.31,49,0,8.06,-0.214,0.850,1.56,61,0,-167.73,-16.42,10,0.00,3.79,3.80,3.79,3.80,3.80,3.78,3.79,3.79,30.00,41.4,-30,-30,84.3,-113,-90,591,-220,0,1000,0,-1024,1,-1,-1,1,1,-1,-1,-1,-1,-1,0,1,
2026-04-14,19:29:37.560,7.63,100,100,100,0.033,183.88,50,0,8.06,-0.217,0.783,1.79,56,0,-174.50,-15.24,10,0.00,3.79,3.80,3.79,3.80,3.80,3.78,3.80,3.79,30.03,41.9,-30,-30,82.0,-61,-123,590,-111,0,1001,0,-1024,1,-1,-1,1,1,-1,-1,-1,-1,-1,0,1,
2026-04-14,19:29:37.840,7.63,99,100,100,0.032,184.68,50,0,8.07,-0.278,0.969,1.48,53,0,-175.81,-14.75,10,0.00,3.79,3.80,3.79,3.80,3.80,3.78,3.80,3.79,30.03,42.3,-30,-30,82.0,-50,-137,590,-120,0,1001,0,-1024,1,-1,-1,1,1,-1,-1,-1,-1,-1,0,1,
2026-04-14,19:29:38.100,7.63,96,100,100,0.021,185.08,50,0,8.07,-0.273,0.895,1.50,53,0,-174.51,-13.98,10,0.00,3.79,3.80,3.78,3.80,3.80,3.78,3.80,3.79,30.04,42.3,-30,-30,82.0,-126,-106,590,-394,0,1001,0,-1024,1,-1,-1,1,1,-1,-1,-1,-1,-1,0,1,
2026-04-14,19:29:38.370,7.63,89,100,100,0.043,185.45,46,0,8.07,-0.256,0.834,1.41,55,0,-177.65,-13.91,10,0.00,3.79,3.80,3.78,3.80,3.80,3.78,3.80,3.79,30.05,42.4,-30,-30,77.6,-151,-111,590,-423,0,1000,0,-1024,1,-1,-1,1,1,-1,-1,-1,-1,-1,0,1,
2026-04-14,19:29:38.640,7.63,89,100,100,0.027,185.78,45,0,8.07,-0.249,0.931,1.19,55,0,170.55,-12.92,10,0.00,3.79,3.80,3.78,3.80,3.80,3.78,3.80,3.79,30.05,42.4,-30,-30,78.7,-138,-123,590,-416,0,1001,0,-1024,1,-1,-1,1,1,-1,-1,-1,-1,-1,0,1,
2026-04-14,19:29:38.910,7.63,93,100,100,0.023,186.21,46,0,8.07,-0.208,0.895,1.33,54,0,166.24,-11.77,10,0.00,3.79,3.80,3.78,3.80,3.80,3.78,3.80,3.79,30.05,42.6,-30,-30,77.2,-131,-274,590,-312,0,1001,0,-1024,1,-1,-1,1,1,-1,-1,-1,-1,-1,0,1,
2026-04-14,19:29:39.170,7.63,99,100,100,-0.019,186.65,46,0,8.07,-0.304,0.915,1.50,51,0,162.29,-10.71,10,0.00,3.79,3.80,3.78,3.79,3.80,3.78,3.80,3.79,30.05,42.6,-30,-30,76.7,-130,-334,621,-261,0,1000,0,-1024,1,-1,-1,1,1,-1,-1,-1,-1,-1,0,1,
2026-04-14,19:29:39.430,7.63,99,100,100,0.019,186.96,47,0,8.07,-0.454,1.323,1.27,51,0,162.38,-12.01,10,0.00,3.79,3.80,3.78,3.79,3.80,3.78,3.80,3.79,30.01,44.5,-30,-30,74.3,-148,-421,680,-188,0,1001,0,-1024,1,-1,-1,1,1,-1,-1,-1,-1,-1,0,1,
2026-04-14,19:29:39.700,7.63,98,100,100,0.040,187.14,47,0,8.05,-0.441,1.248,0.95,56,0,162.09,-13.98,10,0.00,3.79,3.80,3.78,3.79,3.80,3.78,3.80,3.79,30.01,44.5,-30,-30,73.5,-107,-423,730,-134,0,1000,0,-1024,1,-1,-1,1,1,-1,-1,-1,-1,-1,0,1,
2026-04-14,19:29:39.960,7.63,93,100,100,0.034,187.21,46,0,8.06,-0.528,1.300,0.44,57,0,159.50,-13.93,10,0.00,3.79,3.80,3.78,3.79,3.80,3.78,3.78,3.78,29.91,54.5,-30,-30,72.2,-98,-282,733,-218,0,1000,0,-1024,1,-1,-1,1,1,-1,-1,-1,-1,-1,0,1,
2026-04-14,19:29:40.240,7.63,76,100,100,0.036,187.18,43,0,8.07,-0.356,1.238,0.21,55,0,153.81,-12.98,10,0.00,3.77,3.78,3.78,3.79,3.80,3.78,3.78,3.78,29.91,54.5,-30,-30,74.8,-57,-395,776,-46,0,1001,0,-1024,1,-1,-1,1,1,-1,-1,-1,-1,-1,0,1,
2026-04-14,19:29:40.510,7.63,73,100,100,0.037,187.23,40,0,8.05,-0.468,1.131,0.10,57,0,150.63,-8.44,10,0.00,3.77,3.78,3.76,3.76,3.80,3.78,3.78,3.78,29.81,57.1,-30,-30,74.8,-44,-317,787,-163,0,1001,0,-1024,1,-1,-1,1,1,-1,-1,-1,-1,-1,0,1,
2026-04-14,19:29:40.770,7.63,77,100,100,0.005,187.49,39,0,8.06,-0.332,1.177,0.50,59,0,149.25,-7.00,10,0.00,3.77,3.78,3.76,3.76,3.76,3.74,3.78,3.78,29.81,57.1,-30,-30,74.8,-70,-443,793,-147,0,1001,0,-1024,1,-1,-1,1,1,-1,-1,-1,-1,-1,0,1,
2026-04-14,19:29:41.030,7.63,92,100,100,0.019,187.79,40,0,8.03,-0.430,1.308,0.91,59,0,149.01,-6.32,10,0.00,3.77,3.78,3.76,3.76,3.76,3.74,3.74,3.74,29.71,59.8,-30,-30,76.3,-66,-484,807,-139,0,1001,0,-1024,1,-1,-1,1,1,-1,-1,-1,-1,-1,0,1,
2026-04-14,19:29:41.290,7.63,95,100,100,0.000,188.04,42,0,8.04,-0.332,1.415,0.51,54,0,147.29,-6.64,10,0.00,3.73,3.74,3.76,3.76,3.76,3.74,3.74,3.74,29.71,59.8,-30,-30,76.7,-68,-486,809,-121,0,1000,0,-1024,1,-1,-1,1,1,-1,-1,-1,-1,-1,0,1,
2026-04-14,19:29:41.550,7.63,98,100,100,0.031,188.20,43,0,8.06,-0.499,1.454,0.49,54,0,145.25,-6.65,10,0.00,3.73,3.74,3.72,3.73,3.76,3.74,3.74,3.74,29.63,61.4,-30,-30,76.9,-67,-453,807,-99,0,1000,0,-1024,1,-1,-1,1,1,-1,-1,-1,-1,-1,0,1,
2026-04-14,19:29:41.830,7.63,99,100,100,0.022,188.20,43,0,8.04,-0.445,1.464,0.66,55,0,144.13,-5.75,10,0.00,3.73,3.74,3.72,3.73,3.74,3.71,3.74,3.74,29.63,61.1,-30,-30,77.6,-52,-531,804,0,0,1001,0,-1024,1,-1,-1,1,1,-1,-1,-1,-1,-1,0,1,
2026-04-14,19:29:42.100,7.63,99,99,99,0.057,188.77,43,0,8.01,-0.422,1.376,0.96,46,0,143.64,-4.81,10,0.00,3.73,3.74,3.72,3.73,3.74,3.71,3.74,3.74,29.55,61.1,-30,-30,78.7,-32,-554,802,0,0,1001,0,-1024,1,-1,-1,1,1,-1,-1,-1,-1,-1,0,1,
2026-04-14,19:29:42.360,7.63,99,99,98,0.027,189.09,43,0,8.01,-0.446,1.321,1.03,46,0,142.47,-5.45,10,0.00,3.73,3.74,3.72,3.73,3.74,3.71,3.72,3.71,29.55,60.6,-30,-30,78.2,-21,-564,793,0,0,1000,0,-1024,1,-1,-1,1,1,-1,-1,-1,-1,-1,0,1,
2026-04-14,19:29:42.640,7.63,99,99,98,-0.007,189.45,43,0,8.05,-0.391,1.525,1.20,50,0,144.63,-9.00,10,0.00,3.71,3.72,3.72,3.73,3.74,3.71,3.72,3.71,29.50,60.6,-30,-30,77.6,-18,-566,786,0,0,1001,0,-1024,1,-1,-1,1,1,-1,-1,-1,-1,-1,0,1,
2026-04-14,19:29:42.910,7.63,95,98,98,-0.005,189.61,43,0,8.06,-0.366,1.412,0.89,47,0,146.28,-10.23,10,0.00,3.71,3.72,3.71,3.72,3.74,3.71,3.72,3.71,29.46,59.3,-30,-30,75.9,-13,-553,785,0,0,1000,0,-1024,1,-1,-1,1,1,-1,-1,-1,-1,-1,0,1,
2026-04-14,19:29:43.170,7.63,90,98,98,0.029,189.61,43,0,8.06,-0.402,1.479,0.41,47,0,149.66,-11.55,10,0.00,3.71,3.72,3.71,3.72,3.73,3.71,3.72,3.71,29.46,59.3,-30,-30,75.9,0,-553,784,0,0,1000,0,-1024,1,-1,-1,1,1,-1,-1,-1,-1,-1,0,1,
2026-04-14,19:29:43.430,7.63,78,98,98,0.015,189.59,42,0,8.07,-0.424,1.337,0.03,50,0,149.42,-11.71,10,0.00,3.71,3.72,3.71,3.72,3.73,3.71,3.72,3.71,29.41,59.2,-30,-30,75.0,0,-492,783,37,0,1000,0,-1024,1,-1,-1,1,1,-1,-1,-1,-1,-1,0,1,
2026-04-14,19:29:43.690,7.63,78,98,98,0.024,189.64,41,0,8.07,-0.450,1.348,0.10,50,0,151.41,-12.03,10,0.00,3.71,3.72,3.71,3.72,3.73,3.71,3.72,3.71,29.41,59.2,-30,-30,75.0,0,-472,782,23,0,1001,0,-1024,1,-1,-1,1,1,-1,-1,-1,-1,-1,0,1,
2026-04-14,19:29:43.960,7.63,76,98,98,0.037,189.73,40,0,8.07,-0.321,1.164,0.10,50,0,153.18,-11.25,10,0.00,3.71,3.72,3.71,3.71,3.73,3.71,3.72,3.71,29.39,58.9,-30,-30,72.6,0,-510,777,129,0,1000,0,-1024,1,-1,-1,1,1,-1,-1,-1,-1,-1,0,1,
2026-04-14,19:29:44.220,7.63,83,98,98,0.048,189.68,39,0,8.05,-0.326,1.253,0.08,51,0,152.31,-11.78,10,0.00,3.71,3.72,3.71,3.71,3.72,3.70,3.72,3.71,29.39,58.9,-30,-30,74.3,0,-406,773,0,0,1001,0,-1024,1,-1,-1,1,1,-1,-1,-1,-1,-1,0,1,
2026-04-14,19:29:44.480,7.63,84,98,98,0.023,189.66,38,0,8.06,-0.388,1.275,-0.10,53,0,151.73,-12.95,10,0.00,3.71,3.72,3.71,3.71,3.72,3.70,3.72,3.71,29.39,58.0,-30,-30,74.1,0,-434,767,0,0,1000,0,-1024,1,-1,-1,1,1,-1,-1,-1,-1,-1,0,1,
2026-04-14,19:29:44.740,7.63,91,98,98,0.029,189.53,39,0,8.04,-0.455,1.333,-0.28,53,0,151.82,-12.45,10,0.00,3.71,3.72,3.71,3.71,3.72,3.70,3.72,3.71,29.39,58.0,-30,-30,75.6,0,-428,742,52,0,1001,0,-1024,1,-1,-1,1,1,-1,-1,-1,-1,-1,0,1,
2026-04-14,19:29:45.000,7.63,96,98,98,0.011,189.42,40,0,8.06,-0.359,1.320,-0.32,50,0,151.94,-11.68,10,0.00,3.70,3.72,3.71,3.71,3.72,3.70,3.72,3.71,29.39,56.0,-30,-30,75.6,0,-378,738,137,0,1000,0,-1024,1,-1,-1,1,1,-1,-1,-1,-1,-1,0,1,
2026-04-14,19:29:45.280,7.63,99,99,98,0.026,189.28,41,0,8.07,-0.361,1.323,-0.41,46,0,151.04,-10.69,10,0.00,3.70,3.72,3.71,3.71,3.72,3.70,3.72,3.71,29.39,56.0,-30,-30,78.3,12,-301,678,308,0,1000,0,-1024,1,-1,-1,1,1,-1,-1,-1,-1,-1,0,1,
2026-04-14,19:29:45.540,7.63,99,99,98,0.019,189.10,40,0,8.07,-0.262,1.118,-0.54,46,0,151.96,-9.31,10,0.00,3.70,3.72,3.71,3.71,3.73,3.71,3.72,3.71,29.44,53.6,-30,-30,78.3,23,-294,575,312,0,1001,0,-1024,1,-1,-1,1,1,-1,-1,-1,-1,-1,0,1,
2026-04-14,19:29:45.810,7.63,89,98,98,0.022,188.87,38,0,8.04,-0.205,1.051,-0.67,47,0,157.57,-6.81,10,0.00,3.70,3.72,3.71,3.71,3.73,3.71,3.73,3.72,29.44,53.6,-30,-30,77.6,195,-235,576,443,0,1000,0,-1024,1,-1,-1,1,1,-1,-1,-1,-1,-1,0,1,
2026-04-14,19:29:46.070,7.63,87,99,99,0.019,188.66,40,0,8.05,-0.174,1.007,-0.70,51,0,161.68,-6.03,10,0.00,3.73,3.74,3.71,3.71,3.73,3.71,3.73,3.72,29.53,40.6,-30,-30,78.2,170,-239,577,441,0,1001,0,-1024,1,-1,-1,1,1,-1,-1,-1,-1,-1,0,1,
2026-04-14,19:29:46.330,7.63,87,100,100,0.016,188.22,41,0,8.06,-0.198,1.028,-1.10,53,0,170.42,-5.17,10,0.00,3.73,3.74,3.74,3.75,3.73,3.71,3.73,3.72,29.53,40.6,-30,-30,80.7,254,-251,577,477,0,1000,0,-1024,1,-1,-1,1,1,-1,-1,-1,-1,-1,0,1,
2026-04-14,19:29:46.600,7.63,96,100,100,-0.019,187.58,42,0,8.05,-0.262,1.088,-1.78,57,0,-84.74,-4.63,10,0.00,3.73,3.74,3.74,3.75,3.73,3.71,3.73,3.72,29.61,40.4,-30,-30,81.1,237,-230,578,328,0,1000,0,-1024,1,-1,-1,1,1,-1,-1,-1,-1,-1,0,1,
2026-04-14,19:29:46.860,7.63,98,100,100,-0.025,187.00,43,0,8.04,-0.225,1.062,-1.95,60,0,-172.16,-3.74,10,0.00,3.73,3.74,3.74,3.75,3.77,3.75,3.73,3.72,29.67,40.8,-30,-30,82.0,187,-232,579,92,0,1000,0,-1024,1,-1,-1,1,1,-1,-1,-1,-1,-1,0,1,
2026-04-14,19:29:47.130,7.63,97,100,100,-0.043,185.58,43,0,8.06,-0.283,1.156,-2.44,61,0,-165.49,-3.74,10,0.00,3.73,3.74,3.74,3.75,3.77,3.75,3.76,3.75,29.67,40.8,-30,-30,82.8,184,-178,579,111,0,1001,0,-1024,1,-1,-1,1,1,-1,-1,-1,-1,-1,0,1,
2026-04-14,19:29:47.390,7.63,96,100,100,-0.028,184.97,43,0,8.06,-0.222,1.046,-2.21,62,0,-162.28,-3.01,10,0.00,3.75,3.77,3.74,3.75,3.77,3.75,3.76,3.75,29.73,40.6,-30,-30,82.8,151,-142,580,0,0,1001,0,-1024,1,-1,-1,1,1,-1,-1,-1,-1,-1,0,1,
2026-04-14,19:29:47.650,7.63,93,100,100,0.000,184.36,42,0,8.07,-0.182,0.989,-2.16,62,0,-162.12,-2.93,10,0.00,3.75,3.77,3.76,3.76,3.77,3.75,3.76,3.75,29.73,40.6,-30,-30,82.8,127,0,580,0,0,1000,0,-1024,1,-1,-1,1,1,-1,-1,-1,-1,-1,0,1,
2026-04-14,19:29:47.920,7.63,90,100,100,-0.011,183.63,42,0,8.07,-0.108,0.896,-2.30,62,0,-163.04,-2.57,10,0.00,3.75,3.77,3.76,3.76,3.77,3.76,3.76,3.75,29.77,40.4,-30,-30,85.2,16,12,581,-61,0,1001,0,-1024,1,-1,-1,1,1,-1,-1,-1,-1,-1,0,1,
2026-04-14,19:29:48.190,7.63,88,100,100,-0.004,183.05,41,0,8.05,-0.123,0.895,-2.25,63,0,-164.05,0.12,10,0.00,3.75,3.77,3.76,3.76,3.77,3.76,3.77,3.76,29.77,40.4,-30,-30,82.8,0,-26,578,0,0,1001,0,-1024,1,-1,-1,1,1,-1,-1,-1,-1,-1,0,1,
2026-04-14,19:29:48.450,7.63,90,100,100,0.003,182.38,40,0,8.06,-0.089,0.805,-2.17,63,0,-162.27,3.40,10,0.00,3.76,3.77,3.76,3.76,3.77,3.76,3.77,3.76,29.80,40.7,-30,-30,85.6,0,-179,580,-50,0,1001,0,-1024,1,-1,-1,1,1,-1,-1,-1,-1,-1,0,1,
2026-04-14,19:29:48.710,7.63,92,100,100,0.000,181.75,40,0,8.07,-0.109,0.881,-2.25,64,0,-160.48,4.15,10,0.00,3.76,3.77,3.76,3.76,3.77,3.76,3.77,3.76,29.80,40.7,-30,-30,85.2,-14,-230,617,-233,0,1000,0,-1024,1,-1,-1,1,1,-1,-1,-1,-1,-1,0,1,
2026-04-14,19:29:48.980,7.63,93,100,100,0.019,180.99,40,0,8.07,-0.146,1.195,-2.39,63,0,-163.51,1.70,10,0.00,3.76,3.77,3.76,3.76,3.77,3.76,3.77,3.76,29.81,42.1,-30,-30,85.2,-18,-228,620,-337,0,1000,0,-1024,1,-1,-1,1,1,-1,-1,-1,-1,-1,0,1,
2026-04-14,19:29:49.240,7.63,89,100,100,-0.013,180.31,41,0,8.07,-0.215,1.145,-2.47,64,0,-167.49,0.91,10,0.00,3.76,3.77,3.76,3.76,3.77,3.76,3.77,3.76,29.81,42.1,-30,-30,88.3,-82,7,677,-252,0,1001,0,-1024,1,-1,-1,1,1,-1,-1,-1,-1,-1,0,1,
2026-04-14,19:29:49.510,7.63,82,100,100,0.008,179.81,41,0,8.07,-0.159,0.865,-2.08,64,0,-174.29,2.75,10,0.00,3.76,3.77,3.76,3.76,3.77,3.76,3.76,3.76,29.78,44.2,-30,-30,86.5,-45,17,691,0,0,1000,0,-1024,1,-1,-1,1,1,-1,-1,-1,-1,-1,0,1,
2026-04-14,19:29:49.780,7.63,79,100,100,0.046,179.16,42,0,8.05,-0.148,0.885,-2.08,64,0,-174.93,5.97,10,0.00,3.75,3.76,3.76,3.76,3.77,3.76,3.76,3.76,29.78,44.2,-30,-30,84.6,-29,0,759,0,0,1001,0,-1024,1,-1,-1,1,1,-1,-1,-1,-1,-1,0,1,
2026-04-14,19:29:50.050,7.63,81,100,100,0.052,177.33,42,0,8.06,-0.102,0.785,-3.07,64,0,-174.84,7.65,10,0.00,3.75,3.76,3.75,3.75,3.77,3.76,3.76,3.76,29.69,51.3,-30,-30,84.6,-16,0,779,-40,0,1000,0,-1024,1,-1,-1,1,1,-1,-1,-1,-1,-1,0,1,
2026-04-14,19:29:50.320,7.63,87,100,100,0.044,176.49,42,0,8.07,-0.149,0.842,-2.99,65,0,-171.80,10.47,10,0.00,3.75,3.76,3.75,3.75,3.75,3.73,3.76,3.76,29.69,51.3,-30,-30,85.6,-4,-168,778,-30,0,1001,0,-1024,1,-1,-1,1,1,-1,-1,-1,-1,-1,0,1,
2026-04-14,19:29:50.580,7.63,91,100,100,0.067,175.64,42,0,8.07,-0.195,1.107,-2.98,64,0,-171.27,10.24,10,0.00,3.75,3.76,3.75,3.75,3.75,3.73,3.74,3.72,29.63,56.8,-30,-30,90.0,-39,-148,779,-215,0,1000,0,-1024,1,-1,-1,1,1,-1,-1,-1,-1,-1,0,1,
2026-04-14,19:29:50.850,7.63,93,100,100,0.050,174.99,42,0,8.07,-0.182,1.167,-2.66,65,0,-174.99,8.77,10,0.00,3.72,3.73,3.75,3.75,3.75,3.73,3.74,3.72,29.63,56.2,-30,-30,90.0,-46,-36,779,-143,0,1001,0,-1024,1,-1,-1,1,1,-1,-1,-1,-1,-1,0,1,
2026-04-14,19:29:51.110,7.63,94,100,100,0.030,174.25,42,0,8.07,-0.174,0.856,-2.44,66,0,-179.55,9.44,10,0.00,3.72,3.73,3.75,3.75,3.75,3.73,3.74,3.72,29.56,56.2,-30,-30,87.8,-38,-97,778,0,0,1001,0,-1024,1,-1,-1,1,1,-1,-1,-1,-1,-1,0,1,
2026-04-14,19:29:51.370,7.63,96,100,100,-0.022,173.31,42,0,8.07,-0.028,0.889,-2.95,66,0,-179.63,9.55,10,0.00,3.72,3.73,3.71,3.72,3.75,3.73,3.74,3.72,29.51,56.4,-30,-30,91.5,-22,-119,778,0,0,1000,0,-1024,1,-1,-1,1,1,-1,-1,-1,-1,-1,0,1,
2026-04-14,19:29:51.630,7.63,94,100,100,0.019,172.57,42,0,8.07,-0.191,1.231,-2.85,67,0,-175.10,8.84,10,0.00,3.72,3.73,3.71,3.72,3.73,3.70,3.74,3.72,29.51,56.4,-30,-30,90.9,0,-137,774,0,0,1000,0,-1024,1,-1,-1,1,1,-1,-1,-1,-1,-1,0,1,
2026-04-14,19:29:51.900,7.63,93,100,100,0.055,171.98,42,0,8.05,-0.171,1.018,-2.30,67,0,-175.25,9.99,10,0.00,3.72,3.73,3.71,3.72,3.73,3.70,3.72,3.71,29.46,55.6,-30,-30,90.9,0,-170,773,0,0,1000,0,-1024,1,-1,-1,1,1,-1,-1,-1,-1,-1,0,1,
2026-04-14,19:29:52.170,7.63,89,100,100,0.064,171.21,42,0,8.06,-0.175,1.072,-2.47,68,0,-177.59,9.12,10,0.00,3.71,3.72,3.71,3.72,3.73,3.70,3.72,3.71,29.46,55.6,-30,-30,89.5,0,-168,772,0,0,1001,0,-1024,1,-1,-1,1,1,-1,-1,-1,-1,-1,0,1,
2026-04-14,19:29:52.430,7.63,89,100,100,0.039,170.68,42,0,8.07,-0.161,1.057,-2.19,67,0,173.92,8.25,10,0.00,3.71,3.72,3.71,3.71,3.73,3.70,3.72,3.71,29.43,55.1,-30,-30,90.2,0,-170,773,0,0,1001,0,-1024,1,-1,-1,1,1,-1,-1,-1,-1,-1,0,1,
2026-04-14,19:29:52.690,7.63,91,100,100,0.028,170.13,42,0,8.07,-0.142,1.145,-2.29,69,0,179.94,7.43,10,0.00,3.71,3.72,3.71,3.71,3.72,3.70,3.72,3.71,29.43,55.1,-30,-30,89.5,0,-170,772,15,0,1000,0,-1024,1,-1,-1,1,1,-1,-1,-1,-1,-1,0,1,
2026-04-14,19:29:52.970,7.63,96,100,100,0.005,168.87,44,0,8.07,-0.285,1.201,-2.10,70,0,-178.58,7.91,10,0.00,3.71,3.72,3.71,3.71,3.72,3.70,3.71,3.70,29.41,55.2,-30,-30,90.0,0,-187,775,22,0,1001,0,-1024,1,-1,-1,1,1,-1,-1,-1,-1,-1,0,1,
2026-04-14,19:29:53.230,7.63,99,100,100,0.017,168.41,44,0,8.07,-0.233,1.180,-1.78,70,0,-178.47,8.10,10,0.00,3.71,3.72,3.71,3.71,3.72,3.70,3.71,3.70,29.41,55.2,-30,-30,90.9,0,-150,775,4,0,1001,0,-1024,1,-1,-1,1,1,-1,-1,-1,-1,-1,0,1,
2026-04-14,19:29:53.490,7.63,98,100,100,0.000,168.07,45,0,8.07,-0.112,1.099,-1.52,72,0,-178.39,7.32,10,0.00,3.70,3.71,3.71,3.71,3.72,3.70,3.71,3.70,29.38,55.3,-30,-30,91.7,0,-195,775,43,0,1000,0,-1024,1,-1,-1,1,1,-1,-1,-1,-1,-1,0,1,
2026-04-14,19:29:53.760,7.63,95,100,100,0.056,167.80,45,0,8.07,-0.189,1.311,-1.14,74,0,-178.47,5.80,10,0.00,3.70,3.71,3.70,3.71,3.72,3.70,3.71,3.70,29.38,55.3,-30,-30,89.3,0,-49,776,112,0,1000,0,-1024,1,-1,-1,1,1,-1,-1,-1,-1,-1,0,1,
2026-04-14,19:29:54.030,7.63,96,100,100,0.064,167.76,47,0,8.07,-0.269,1.062,-0.66,74,0,-178.85,6.94,10,0.00,3.70,3.71,3.70,3.71,3.71,3.69,3.71,3.70,29.35,55.7,-30,-30,85.6,0,-88,776,126,0,1001,0,-1024,1,-1,-1,1,1,-1,-1,-1,-1,-1,0,1,
2026-04-14,19:29:54.300,7.63,97,100,100,0.065,167.93,50,0,8.07,-0.220,0.978,0.17,74,0,-174.86,9.27,10,0.00,3.70,3.71,3.70,3.71,3.71,3.69,3.71,3.70,29.35,55.7,-30,-30,86.3,0,-49,776,127,0,1000,0,-1024,1,-1,-1,1,1,-1,-1,-1,-1,-1,0,1,
2026-04-14,19:29:54.560,7.63,100,100,100,0.083,167.93,52,0,8.07,-0.193,0.812,0.09,74,0,-175.40,8.17,10,0.00,3.69,3.71,3.70,3.71,3.71,3.69,3.71,3.70,29.33,56.2,-30,-30,86.3,0,-28,776,121,0,1000,0,-1024,1,-1,-1,1,1,-1,-1,-1,-1,-1,0,1,
2026-04-14,19:29:54.830,7.63,100,100,100,0.080,168.16,55,0,8.07,-0.194,0.836,0.41,74,0,-177.37,9.68,10,0.00,3.69,3.71,3.70,3.71,3.71,3.69,3.71,3.70,29.33,56.0,-30,-30,86.1,0,13,776,268,0,1000,0,-1024,1,-1,-1,1,1,-1,-1,-1,-1,-1,0,1,
2026-04-14,19:29:55.090,7.63,100,100,100,0.016,168.41,56,0,8.07,-0.193,0.946,0.73,73,0,-176.77,13.28,10,0.00,3.69,3.71,3.70,3.71,3.70,3.69,3.71,3.70,29.30,56.0,-30,-30,82.8,0,-7,775,299,0,1001,0,-1024,1,-1,-1,1,1,-1,-1,-1,-1,-1,0,1,
2026-04-14,19:29:55.360,7.63,100,100,100,0.045,168.19,57,0,8.07,-0.185,0.864,-0.31,74,0,-172.90,13.81,10,0.00,3.69,3.71,3.70,3.71,3.70,3.69,3.70,3.69,29.30,56.4,-30,-30,82.0,0,-27,776,304,0,1000,0,-1024,1,-1,-1,1,1,-1,-1,-1,-1,-1,0,1,
2026-04-14,19:29:55.630,7.63,100,100,100,0.081,168.09,54,0,8.07,-0.154,0.854,-0.32,73,0,-167.12,14.70,10,0.00,3.69,3.70,3.70,3.71,3.70,3.69,3.70,3.69,29.27,56.4,-30,-30,82.0,0,-115,778,39,0,1000,0,-1024,1,-1,-1,1,1,-1,-1,-1,-1,-1,0,1,
2026-04-14,19:29:55.890,7.63,100,100,100,0.094,168.09,52,0,8.07,-0.212,0.905,-0.20,72,0,-167.35,13.32,10,0.00,3.69,3.70,3.70,3.71,3.70,3.69,3.70,3.69,29.27,56.3,-30,-30,85.6,0,-107,781,0,0,1001,0,-1024,1,-1,-1,1,1,-1,-1,-1,-1,-1,0,1,
2026-04-14,19:29:56.150,7.63,100,100,100,0.073,167.87,51,0,8.07,-0.144,0.874,-0.45,72,0,-169.49,11.45,10,0.00,3.69,3.70,3.70,3.71,3.70,3.69,3.70,3.69,29.24,56.3,-30,-30,83.7,0,-126,779,77,0,1001,0,-1024,1,-1,-1,1,1,-1,-1,-1,-1,-1,0,1,
2026-04-14,19:29:56.420,7.63,100,100,100,0.008,167.39,51,0,8.07,-0.232,1.041,-1.08,70,0,-171.17,9.43,10,0.00,3.69,3.70,3.70,3.71,3.70,3.68,3.70,3.69,29.23,56.3,-30,-30,87.0,0,-135,780,73,0,1001,0,-1024,1,-1,-1,1,1,-1,-1,-1,-1,-1,0,1,
2026-04-14,19:29:56.700,7.63,100,100,100,0.017,166.81,51,0,8.07,-0.135,0.902,-1.61,68,0,-171.11,9.53,10,0.00,3.69,3.70,3.70,3.71,3.70,3.68,3.69,3.68,29.23,56.3,-30,-30,88.9,0,-103,780,149,0,1000,0,-1024,1,-1,-1,1,1,-1,-1,-1,-1,-1,0,1,
2026-04-14,19:29:56.960,7.63,100,100,100,0.066,166.15,53,0,8.04,-0.265,1.465,-2.08,66,0,-169.73,7.79,10,0.00,3.68,3.69,3.70,3.71,3.70,3.68,3.69,3.68,29.22,55.6,-30,-30,88.9,0,-129,780,142,0,1001,0,-1024,1,-1,-1,1,1,-1,-1,-1,-1,-1,0,1,
2026-04-14,19:29:57.220,7.63,100,100,100,0.061,165.95,56,0,8.05,-0.165,0.991,-1.43,62,0,-171.07,9.90,10,0.00,3.68,3.69,3.69,3.70,3.70,3.68,3.69,3.68,29.22,55.6,-30,-30,89.1,0,-132,779,130,0,1001,0,-1024,1,-1,-1,1,1,-1,-1,-1,-1,-1,0,1,
2026-04-14,19:29:57.490,7.63,100,100,100,0.140,165.56,58,0,8.06,-0.209,1.117,-1.16,62,0,-171.24,8.33,10,0.00,3.68,3.69,3.69,3.70,3.70,3.68,3.69,3.68,29.21,55.6,-30,-30,93.0,0,-117,778,142,0,1001,0,-1024,1,-1,-1,1,1,-1,-1,-1,-1,-1,0,1,
2026-04-14,19:29:57.750,7.63,100,100,100,0.110,165.34,57,0,8.07,-0.111,0.709,-1.20,65,0,-176.97,8.22,10,0.00,3.68,3.69,3.69,3.70,3.70,3.68,3.69,3.68,29.21,55.6,-30,-30,89.3,0,-109,778,164,0,1001,0,-1024,1,-1,-1,1,1,-1,-1,-1,-1,-1,0,1,
2026-04-14,19:29:58.010,7.63,100,100,100,0.064,165.38,55,0,8.07,0.019,1.081,-0.28,68,0,-177.46,8.57,10,0.00,3.68,3.69,3.69,3.70,3.70,3.68,3.69,3.68,29.20,54.8,-30,-30,90.4,0,-102,777,206,0,1001,0,-1024,1,-1,-1,1,1,-1,-1,-1,-1,-1,0,1,
2026-04-14,19:29:58.270,7.63,100,100,100,0.052,164.98,54,0,8.07,-0.151,1.067,-0.64,74,0,-177.49,8.63,10,0.00,3.68,3.69,3.69,3.70,3.70,3.68,3.69,3.68,29.20,54.8,-30,-30,88.5,0,-128,778,172,0,1000,0,-1024,1,-1,-1,1,1,-1,-1,-1,-1,-1,0,1,
2026-04-14,19:29:58.540,7.63,100,100,100,-0.047,164.44,57,0,8.07,-0.050,0.925,-1.24,76,0,-176.28,8.51,10,0.00,3.68,3.69,3.68,3.69,3.70,3.68,3.69,3.68,29.19,55.3,-30,-30,90.2,0,-125,778,97,0,1001,0,-1024,1,-1,-1,1,1,-1,-1,-1,-1,-1,0,1,
2026-04-14,19:29:58.800,7.63,100,100,100,0.057,163.69,58,0,8.04,-0.214,1.015,-2.13,79,0,-172.00,6.20,10,0.00,3.68,3.69,3.68,3.69,3.69,3.68,3.69,3.68,29.19,55.3,-30,-30,89.3,0,-60,777,0,0,1000,0,-1024,1,-1,-1,1,1,-1,-1,-1,-1,-1,0,1,
2026-04-14,19:29:59.060,7.63,100,100,99,0.021,163.42,56,0,8.05,-0.150,0.904,-1.62,81,0,-175.51,5.04,10,0.00,3.68,3.69,3.68,3.69,3.69,3.68,3.69,3.68,29.18,55.1,-30,-30,89.3,0,2,778,-2,0,1001,0,-1024,1,-1,-1,1,1,-1,-1,-1,-1,-1,0,1,
2026-04-14,19:29:59.320,7.63,100,100,99,0.072,163.19,57,0,8.06,-0.069,0.946,-1.11,81,0,-175.68,5.76,10,0.00,3.68,3.69,3.68,3.69,3.69,3.68,3.69,3.68,29.18,55.1,-30,-30,87.4,0,13,777,-88,0,1001,0,-1024,1,-1,-1,1,1,-1,-1,-1,-1,-1,0,1,
2026-04-14,19:29:59.580,7.63,100,100,99,0.007,163.28,59,0,8.07,-0.084,0.763,-0.26,80,0,-178.60,6.39,10,0.00,3.68,3.69,3.68,3.69,3.69,3.68,3.69,3.68,29.16,55.6,-30,-30,87.0,0,14,777,-96,0,1000,0,-1024,1,-1,-1,1,1,-1,-1,-1,-1,-1,0,1,
2026-04-14,19:29:59.840,7.63,100,100,99,0.055,162.82,59,0,8.07,-0.119,0.763,-0.73,76,0,151.20,9.72,10,0.00,3.68,3.69,3.68,3.69,3.69,3.67,3.69,3.68,29.16,55.6,-30,-30,87.4,0,-31,777,-225,0,1001,0,-1024,1,-1,-1,1,1,-1,-1,-1,-1,-1,0,1,
2026-04-14,19:30:00.110,7.63,100,100,99,0.017,162.06,61,0,8.07,-0.040,0.790,-1.95,73,0,174.57,12.58,10,0.00,3.68,3.69,3.68,3.69,3.69,3.67,3.69,3.68,29.16,55.3,-30,-30,90.4,0,-51,776,-252,0,1000,0,-1024,1,-1,-1,1,1,-1,-1,-1,-1,-1,0,1,
2026-04-14,19:30:00.380,7.63,100,100,99,0.019,161.28,62,0,8.04,-0.101,0.838,-2.44,76,0,172.03,13.45,10,0.00,3.68,3.69,3.68,3.69,3.69,3.67,3.68,3.68,29.15,54.8,-30,-30,90.2,0,-87,777,-263,0,1001,0,-1024,1,-1,-1,1,1,-1,-1,-1,-1,-1,0,1,
2026-04-14,19:30:00.640,7.63,100,100,99,-0.009,160.66,63,0,8.06,-0.111,0.832,-2.30,80,0,165.48,13.15,10,0.00,3.67,3.69,3.68,3.69,3.69,3.67,3.68,3.68,29.15,54.8,-30,-30,91.7,0,-184,777,-55,0,1001,0,-1024,1,-1,-1,1,1,-1,-1,-1,-1,-1,0,1,
2026-04-14,19:30:00.910,7.63,100,100,99,0.005,159.68,64,0,8.06,-0.047,1.104,-2.83,83,0,164.62,12.12,10,0.00,3.67,3.69,3.68,3.69,3.69,3.67,3.68,3.68,29.15,54.6,-30,-30,93.5,0,-197,776,-98,0,1001,0,-1024,1,-1,-1,1,1,-1,-1,-1,-1,-1,0,1,
2026-04-14,19:30:01.180,7.63,100,100,99,0.023,158.36,65,0,8.07,-0.047,1.070,-2.32,81,0,166.07,11.82,10,0.00,3.67,3.69,3.68,3.69,3.69,3.67,3.68,3.68,29.15,54.6,-30,-30,91.3,0,-186,776,-176,0,1001,0,-1024,1,-1,-1,1,1,-1,-1,-1,-1,-1,0,1,
2026-04-14,19:30:01.440,7.63,100,100,99,0.000,157.76,66,0,8.05,-0.143,1.099,-2.31,71,0,164.68,11.92,10,0.00,3.67,3.69,3.68,3.69,3.69,3.67,3.68,3.68,29.14,54.7,-30,-30,91.3,0,-167,777,-204,0,1001,0,-1024,1,-1,-1,1,1,-1,-1,-1,1,-1,0,1,
2026-04-14,19:30:01.700,7.63,100,100,99,0.018,157.16,66,0,8.04,-0.414,1.144,-2.07,71,0,163.53,12.53,10,0.00,3.67,3.68,3.68,3.69,3.69,3.67,3.68,3.68,29.14,54.7,-30,-30,94.6,0,-161,777,-201,0,1001,0,-1024,1,-1,-1,1,1,-1,-1,-1,1,-1,0,1,
2026-04-14,19:30:01.960,7.63,100,100,99,0.078,156.62,67,0,8.06,-0.407,1.321,-2.05,74,0,159.11,13.80,10,0.00,3.67,3.68,3.68,3.69,3.69,3.67,3.68,3.68,29.14,54.9,-30,-30,93.7,0,-160,776,-200,0,1001,0,-1024,1,-1,-1,1,1,-1,-1,-1,-1,-1,0,1,
2026-04-14,19:30:02.230,7.63,100,100,99,0.045,156.17,68,0,8.02,-0.373,1.374,-1.74,73,0,152.34,15.90,10,0.00,3.67,3.68,3.68,3.69,3.69,3.67,3.68,3.68,29.14,54.9,-30,-30,98.0,0,-283,776,-220,0,1000,0,-1024,1,-1,-1,1,1,-1,-1,-1,-1,-1,0,1,
2026-04-14,19:30:02.500,7.63,100,100,99,-0.015,155.73,68,0,8.01,-0.237,0.923,-1.65,72,0,149.19,15.55,10,0.00,3.67,3.68,3.68,3.69,3.68,3.67,3.68,3.68,29.15,52.9,-30,-30,102.6,0,-49,777,0,0,1000,0,-1024,1,-1,-1,1,1,-1,-1,-1,-1,-1,0,1,
2026-04-14,19:30:02.770,7.63,100,100,99,-0.045,155.41,69,0,8.03,-0.352,1.144,-1.50,69,0,155.59,14.10,10,0.00,3.67,3.68,3.68,3.69,3.68,3.67,3.68,3.67,29.15,52.9,-30,-30,97.0,0,-23,777,10,0,1000,0,-1024,1,-1,-1,1,1,-1,-1,-1,-1,-1,0,1,
2026-04-14,19:30:03.030,7.63,100,100,100,0.070,155.57,67,0,8.05,-0.229,1.225,-0.11,74,0,157.31,17.00,10,0.00,3.67,3.69,3.68,3.69,3.68,3.67,3.68,3.67,29.16,53.2,-30,-30,101.1,0,1,777,0,0,1001,0,-1024,1,-1,-1,1,1,-1,-1,-1,-1,-1,0,1,
2026-04-14,19:30:03.290,7.62,100,100,100,-0.009,155.64,66,0,8.06,-0.302,1.130,0.11,76,0,159.47,18.23,10,0.00,3.67,3.69,3.68,3.69,3.68,3.67,3.68,3.67,29.16,53.2,-30,-30,99.1,0,13,659,0,0,1001,0,-1024,1,-1,-1,1,1,-1,-1,-1,-1,-1,0,1,
2026-04-14,19:30:03.550,7.62,100,100,100,-0.093,155.82,60,0,8.06,-0.168,0.809,0.34,73,0,165.91,19.26,10,0.00,3.67,3.69,3.68,3.69,3.69,3.68,3.68,3.67,29.26,52.1,-30,-30,99.1,0,14,499,-1,0,1000,0,-1024,1,-1,-1,1,1,-1,-1,-1,-1,-1,0,1,
2026-04-14,19:30:03.820,7.63,100,100,100,-0.087,156.42,58,0,8.07,-0.101,0.593,1.20,71,0,169.92,19.60,10,0.00,3.67,3.69,3.68,3.69,3.69,3.68,3.70,3.69,29.26,52.1,-30,-30,98.9,0,14,476,-39,0,1001,0,-1024,1,-1,-1,1,1,-1,-1,-1,-1,-1,0,1,
2026-04-14,19:30:04.090,7.63,100,100,100,-0.100,158.39,58,0,8.07,-0.097,0.783,3.03,72,0,176.89,19.78,10,0.00,3.70,3.72,3.68,3.69,3.69,3.68,3.70,3.69,29.42,29.4,-30,-30,96.3,0,19,467,-277,0,1001,0,-1024,1,-1,-1,1,1,-1,-1,-1,-1,-1,0,1,
2026-04-14,19:30:04.360,7.63,100,100,100,-0.032,158.99,58,0,8.07,-0.132,0.824,2.74,72,0,179.23,19.21,10,0.00,3.70,3.72,3.72,3.72,3.69,3.68,3.70,3.69,29.42,28.2,-30,-30,96.7,0,15,469,-290,0,1001,0,-1024,1,-1,-1,1,1,-1,-1,-1,-1,-1,0,1,
2026-04-14,19:30:04.620,7.63,100,100,100,0.074,159.40,59,0,8.04,-0.177,1.089,1.90,71,0,171.59,20.26,10,0.00,3.70,3.72,3.72,3.72,3.69,3.68,3.70,3.69,29.53,28.2,-30,-30,94.3,0,0,468,-278,0,1001,0,-1024,1,-1,-1,1,1,-1,-1,-1,-1,-1,0,1,
2026-04-14,19:30:04.880,7.63,100,100,100,-0.026,159.81,59,0,8.05,-0.103,0.772,1.58,69,0,162.85,22.48,10,0.00,3.70,3.72,3.72,3.72,3.75,3.74,3.70,3.69,29.63,28.5,-30,-30,98.9,0,-80,469,-281,0,1001,0,-1024,1,-1,-1,1,1,-1,-1,-1,-1,-1,0,1,
2026-04-14,19:30:05.140,7.63,100,100,100,-0.006,159.90,60,0,8.04,-0.086,0.587,0.90,67,0,161.46,22.82,10,0.00,3.70,3.72,3.72,3.72,3.75,3.74,3.75,3.74,29.63,28.5,-30,-30,94.8,0,-180,533,-223,0,1000,0,-1024,1,-1,-1,1,1,-1,-1,-1,-1,-1,0,1,
2026-04-14,19:30:05.420,7.63,97,100,100,-0.104,159.98,58,0,8.06,-0.185,1.310,0.46,59,0,163.43,18.86,10,0.00,3.74,3.76,3.72,3.72,3.75,3.74,3.75,3.74,29.66,32.4,-30,-30,102.2,-10,-91,583,-310,0,1001,0,-1024,1,-1,-1,1,1,-1,-1,-1,-1,-1,0,1,
2026-04-14,19:30:05.690,7.63,96,100,100,-0.069,160.11,59,0,8.04,-0.191,1.105,0.49,57,0,164.95,18.56,10,0.00,3.74,3.76,3.75,3.75,3.75,3.74,3.75,3.74,29.66,32.4,-30,-30,102.2,-35,-79,584,-342,0,1000,0,-1024,1,-1,-1,1,1,-1,-1,-1,-1,-1,0,1,
2026-04-14,19:30:05.960,7.63,96,100,100,-0.026,160.15,60,0,8.06,-0.196,1.052,0.31,54,0,161.21,20.94,10,0.00,3.74,3.76,3.75,3.75,3.76,3.74,3.75,3.74,29.67,36.4,-30,-30,101.1,-50,-84,607,-365,0,1001,0,-1024,1,-1,-1,1,1,-1,-1,-1,-1,-1,0,1,
2026-04-14,19:30:06.230,7.63,99,100,100,-0.063,160.12,60,0,8.04,-0.208,1.070,0.02,53,0,158.58,18.89,10,0.00,3.74,3.76,3.75,3.75,3.76,3.74,3.75,3.74,29.67,36.4,-30,-30,98.0,-39,-122,616,-357,0,1000,0,-1024,1,-1,-1,1,1,-1,-1,-1,-1,-1,0,1,
2026-04-14,19:30:06.510,7.63,100,100,100,-0.070,160.94,58,0,8.06,-0.231,1.149,1.32,50,0,157.78,18.44,10,0.00,3.73,3.74,3.75,3.75,3.76,3.74,3.75,3.74,29.67,39.5,-30,-30,99.6,-28,-125,615,-364,0,1000,0,-1024,1,-1,-1,1,1,-1,-1,-1,-1,-1,0,1,
2026-04-14,19:30:06.770,7.63,100,100,98,-0.064,161.42,56,0,8.06,-0.204,0.975,1.68,48,0,155.10,19.99,10,0.00,3.73,3.74,3.73,3.73,3.76,3.74,3.75,3.74,29.67,39.5,-30,-30,98.2,-24,-132,612,-358,0,1001,0,-1024,1,-1,-1,1,1,-1,-1,-1,-1,-1,0,1,
2026-04-14,19:30:07.030,7.63,100,100,98,-0.105,162.20,54,0,8.04,-0.294,1.279,2.18,46,0,154.18,19.25,10,0.00,3.73,3.74,3.73,3.73,3.76,3.74,3.75,3.74,29.68,39.4,-30,-30,98.7,-21,-231,609,-227,0,1000,0,-1024,1,-1,-1,1,1,-1,-1,-1,-1,-1,0,1,
2026-04-14,19:30:07.290,7.63,100,100,98,-0.028,163.04,54,0,8.04,-0.297,1.251,2.60,46,0,153.00,20.58,10,0.00,3.73,3.74,3.73,3.73,3.75,3.72,3.75,3.74,29.68,39.4,-30,-30,94.3,0,-261,605,-103,0,1000,0,-1024,1,-1,-1,1,1,-1,-1,-1,-1,-1,0,1,
2026-04-14,19:30:07.560,7.63,97,98,98,-0.036,163.68,53,0,8.04,-0.303,1.321,2.51,50,0,154.82,20.58,10,0.00,3.73,3.74,3.73,3.73,3.75,3.72,3.74,3.73,29.66,40.2,-30,-30,93.5,0,-236,594,-97,0,1001,0,-1024,1,-1,-1,1,1,-1,-1,-1,-1,-1,0,1,
2026-04-14,19:30:07.830,7.63,97,98,98,-0.007,164.50,52,0,8.05,-0.333,1.301,2.56,52,0,155.85,20.25,10,0.00,3.72,3.74,3.73,3.73,3.75,3.72,3.74,3.73,29.66,40.2,-30,-30,91.9,0,-208,592,-88,0,1001,0,-1024,1,-1,-1,1,1,-1,-1,-1,-1,-1,0,1,
2026-04-14,19:30:08.110,7.63,96,98,98,-0.014,165.46,51,0,8.06,-0.269,1.073,3.02,52,0,157.77,21.36,10,0.00,3.72,3.74,3.73,3.73,3.75,3.72,3.74,3.73,29.66,39.5,-30,-30,91.3,0,-192,593,-60,0,1001,0,-1024,1,-1,-1,1,1,-1,-1,-1,-1,-1,0,1,
2026-04-14,19:30:08.370,7.63,96,98,98,-0.013,166.33,49,0,8.07,-0.306,1.162,3.11,53,0,159.95,21.42,10,0.00,3.72,3.74,3.73,3.73,3.74,3.72,3.74,3.73,29.65,39.8,-30,-30,91.3,0,-104,593,-43,0,1000,0,-1024,1,-1,-1,1,1,-1,-1,-1,-1,-1,0,1,
2026-04-14,19:30:08.630,7.62,90,98,98,-0.012,167.14,46,0,8.07,-0.293,1.071,2.87,54,0,162.32,21.82,10,0.00,3.72,3.74,3.73,3.73,3.74,3.72,3.73,3.72,29.65,39.8,-30,-30,90.6,0,12,594,0,0,1001,0,-1024,1,-1,-1,1,1,-1,-1,-1,-1,-1,0,1,
2026-04-14,19:30:08.890,7.63,76,98,98,0.003,168.17,43,0,8.07,-0.276,0.956,3.28,53,0,167.66,23.20,10,0.00,3.72,3.74,3.73,3.73,3.74,3.72,3.73,3.72,29.64,40.1,-30,-30,90.6,0,15,593,0,0,1000,0,-1024,1,-1,-1,1,1,-1,-1,-1,-1,-1,0,1,
2026-04-14,19:30:09.150,7.63,77,98,98,-0.001,168.17,43,0,8.07,-0.242,0.735,3.70,51,0,170.97,22.97,10,0.00,3.72,3.74,3.73,3.73,3.74,3.72,3.73,3.72,29.64,40.1,-30,-30,89.1,0,-78,594,0,0,1001,0,-1024,1,-1,-1,1,1,-1,-1,-1,-1,-1,0,1,
2026-04-14,19:30:09.410,7.62,84,97,97,-0.035,171.15,44,0,8.07,-0.270,0.950,3.45,51,0,178.56,20.74,10,0.00,3.72,3.74,3.73,3.73,3.74,3.72,3.73,3.72,29.64,40.1,-30,-30,88.3,0,-75,594,-44,0,1000,0,-1024,1,-1,-1,1,1,-1,-1,-1,-1,-1,0,1,
2026-04-14,19:30:09.670,7.62,97,98,96,-0.016,171.95,45,0,8.07,-0.271,1.067,2.93,48,0,-164.64,18.05,10,0.00,3.72,3.74,3.73,3.73,3.74,3.72,3.73,3.72,29.64,40.1,-30,-30,88.0,0,-62,594,-148,0,1001,0,-1024,1,-1,-1,1,1,-1,-1,-1,-1,-1,0,1,
2026-04-14,19:30:09.940,7.63,99,99,93,0.059,172.71,46,0,8.07,-0.272,0.823,2.83,43,0,167.62,13.60,10,0.00,3.72,3.74,3.73,3.73,3.74,3.72,3.73,3.72,29.62,40.4,-30,-30,85.2,0,-72,595,-147,0,1000,0,-1024,1,-1,-1,1,1,-1,-1,-1,-1,-1,0,1,
2026-04-14,19:30:10.200,7.63,98,98,93,-0.024,173.42,47,0,8.07,-0.310,1.029,2.63,44,0,175.82,12.80,10,0.00,3.72,3.73,3.73,3.73,3.74,3.72,3.73,3.72,29.62,40.4,-30,-30,88.3,0,-116,595,-78,0,1001,0,-1024,1,-1,-1,1,1,-1,-1,-1,-1,-1,0,1,
2026-04-14,19:30:10.460,7.62,93,93,93,-0.066,173.42,48,0,8.07,-0.305,0.990,2.57,46,0,177.15,10.33,10,0.00,3.72,3.73,3.72,3.72,3.74,3.72,3.73,3.72,29.61,40.5,-30,-30,88.3,0,-196,595,0,0,1001,0,-1024,1,-1,-1,1,1,-1,-1,-1,-1,-1,0,1,
2026-04-14,19:30:10.720,7.62,92,94,94,-0.013,175.08,48,0,8.07,-0.359,1.269,2.85,45,0,-174.84,8.02,10,0.00,3.72,3.73,3.72,3.72,3.74,3.72,3.73,3.72,29.61,40.5,-30,-30,89.5,0,-153,595,-66,0,1001,0,-1024,1,-1,-1,1,1,-1,-1,-1,-1,-1,0,1,
2026-04-14,19:30:10.990,7.62,93,93,93,0.006,175.77,48,0,8.07,-0.311,1.033,2.76,44,0,-173.39,8.19,10,0.00,3.72,3.73,3.72,3.72,3.74,3.72,3.73,3.72,29.60,40.5,-30,-30,86.5,0,-130,594,-107,0,1001,0,-1024,1,-1,-1,1,1,-1,-1,-1,-1,-1,0,1,
2026-04-14,19:30:11.250,7.63,96,96,93,0.044,176.19,48,0,8.07,-0.307,1.005,1.95,46,0,-175.61,5.05,10,0.00,3.71,3.73,3.72,3.72,3.74,3.72,3.73,3.72,29.60,40.5,-30,-30,86.5,0,-113,539,-109,0,1001,0,-1024,1,-1,-1,1,1,-1,-1,-1,-1,-1,0,1,
2026-04-14,19:30:11.510,7.63,96,96,93,-0.014,176.71,47,0,8.07,-0.281,1.005,1.73,46,0,-178.02,3.07,10,0.00,3.71,3.73,3.72,3.72,3.74,3.72,3.73,3.72,29.64,39.7,-30,-30,84.3,0,-200,451,-44,0,1000,0,-1024,1,-1,-1,1,1,-1,-1,-1,-1,-1,0,1,
2026-04-14,19:30:11.770,7.63,94,94,91,-0.083,177.28,47,0,8.07,-0.266,1.098,1.90,45,0,-178.90,0.13,10,0.00,3.71,3.73,3.72,3.72,3.74,3.72,3.73,3.72,29.64,39.7,-30,-30,88.2,0,-199,409,-18,0,1000,0,-1024,1,-1,-1,1,1,-1,-1,-1,-1,-1,0,1,
2026-04-14,19:30:12.030,7.63,93,93,87,-0.015,178.28,47,0,8.07,-0.239,0.983,2.60,43,0,-171.62,0.09,10,0.00,3.71,3.73,3.72,3.72,3.74,3.72,3.73,3.72,29.71,28.4,-30,-30,84.5,0,-116,407,-131,0,1001,0,-1024,1,-1,-1,1,1,-1,-1,-1,-1,-1,0,1,
2026-04-14,19:30:12.290,7.63,93,93,87,-0.007,179.25,47,0,8.07,-0.213,0.850,3.33,47,0,-172.05,-0.54,10,0.00,3.71,3.73,3.72,3.72,3.74,3.72,3.74,3.73,29.71,28.4,-30,-30,82.4,0,-123,407,-169,0,1000,0,-1024,1,-1,-1,1,1,-1,-1,-1,-1,-1,0,1,
2026-04-14,19:30:12.560,7.62,94,94,87,-0.028,180.26,48,0,8.07,-0.249,0.996,1.94,48,0,-174.43,-2.44,10,0.00,3.74,3.75,3.72,3.72,3.74,3.72,3.74,3.73,29.77,28.3,-30,-30,82.4,0,-133,407,-186,0,1001,0,-1024,1,-1,-1,1,1,-1,-1,-1,-1,-1,0,1,
2026-04-14,19:30:12.830,7.63,93,93,84,-0.070,180.79,47,0,8.07,-0.232,1.093,1.86,44,0,-173.38,-2.52,10,0.00,3.74,3.75,3.75,3.75,3.74,3.72,3.74,3.73,29.77,28.3,-30,-30,83.7,0,-209,408,-178,0,1001,0,-1024,1,-1,-1,1,1,-1,-1,-1,-1,-1,0,1,
2026-04-14,19:30:13.090,7.63,89,89,83,-0.034,181.18,46,0,8.07,-0.253,1.056,1.57,47,0,-171.22,-1.78,10,0.00,3.74,3.75,3.75,3.75,3.76,3.75,3.74,3.73,29.82,28.0,-30,-30,87.0,0,-239,408,-274,0,1000,0,-1024,1,-1,-1,1,1,-1,-1,-1,-1,-1,0,1,
2026-04-14,19:30:13.350,7.63,84,84,82,-0.058,181.57,45,0,8.07,-0.295,1.326,1.45,47,0,-169.85,-2.42,10,0.00,3.74,3.75,3.75,3.75,3.76,3.75,3.74,3.73,29.82,28.2,-30,-30,86.3,-14,-207,407,-300,0,1001,0,-1024,1,-1,-1,1,1,-1,-1,-1,-1,-1,0,1,
2026-04-14,19:30:13.610,7.63,84,84,82,0.015,182.02,44,0,8.07,-0.268,1.112,1.48,49,0,-173.55,-4.43,10,0.00,3.74,3.75,3.75,3.75,3.76,3.75,3.76,3.75,29.86,28.2,-30,-30,85.2,-21,-223,406,-213,0,1001,0,-1024,1,-1,-1,1,1,-1,-1,-1,-1,-1,0,1,
2026-04-14,19:30:13.880,7.63,84,84,84,0.013,182.47,43,0,8.07,-0.206,0.834,1.52,52,0,-176.80,-6.00,10,0.00,3.75,3.76,3.75,3.75,3.76,3.75,3.76,3.75,29.89,28.4,-30,-30,82.0,-13,-212,405,-174,0,1000,0,-1024,1,-1,-1,1,1,-1,-1,-1,-1,-1,0,1,
2026-04-14,19:30:14.140,7.63,90,90,85,0.006,182.90,45,0,8.07,-0.244,0.834,1.51,55,0,-177.69,-7.79,10,0.00,3.75,3.76,3.76,3.76,3.76,3.75,3.76,3.75,29.89,28.4,-30,-30,79.5,0,-182,405,-159,0,1001,0,-1024,1,-1,-1,1,1,-1,-1,-1,-1,-1,0,1,
2026-04-14,19:30:14.400,7.63,93,93,85,0.004,183.47,46,0,8.07,-0.249,0.909,1.74,56,0,169.63,-10.15,10,0.00,3.75,3.76,3.76,3.76,3.77,3.75,3.76,3.75,29.91,28.6,-30,-30,79.6,0,-163,405,-165,0,1001,0,-1024,1,-1,-1,1,1,-1,-1,-1,-1,-1,0,1,
2026-04-14,19:30:14.660,7.63,99,99,86,0.000,183.95,49,0,8.07,-0.271,0.909,1.75,55,0,178.44,-10.36,10,0.00,3.75,3.76,3.76,3.76,3.77,3.75,3.76,3.75,29.91,28.6,-30,-30,79.6,0,-165,405,-169,0,1000,0,-1024,1,-1,-1,1,1,-1,-1,-1,-1,-1,0,1,
2026-04-14,19:30:14.930,7.63,100,100,86,-0.009,184.38,50,0,8.07,-0.257,0.904,1.62,57,0,176.20,-9.82,10,0.00,3.75,3.76,3.76,3.76,3.77,3.75,3.76,3.75,29.93,28.8,-30,-30,77.6,0,-168,405,-163,0,1001,0,-1024,1,-1,-1,1,1,-1,-1,-1,-1,-1,0,1,
2026-04-14,19:30:15.200,7.63,100,100,87,-0.098,184.62,51,0,8.07,-0.307,1.263,1.18,57,0,176.83,-10.64,10,0.00,3.75,3.76,3.76,3.76,3.77,3.75,3.76,3.75,29.93,28.8,-30,-30,80.0,0,-164,407,-159,0,1000,0,-1024,1,-1,-1,1,1,-1,-1,-1,-1,-1,0,1,
2026-04-14,19:30:15.460,7.62,100,100,87,-0.141,184.92,52,0,8.07,-0.221,0.953,1.00,55,0,-115.76,-9.82,10,0.00,3.75,3.76,3.76,3.76,3.77,3.75,3.76,3.75,29.95,28.3,-30,-30,86.1,0,-155,406,-157,0,1000,0,-1024,1,-1,-1,1,1,-1,-1,-1,-1,-1,0,1,
2026-04-14,19:30:15.730,7.63,100,100,89,-0.078,185.39,53,0,8.04,-0.202,1.074,0.86,54,0,-170.31,-9.20,10,0.00,3.75,3.76,3.76,3.76,3.77,3.75,3.76,3.75,29.95,28.3,-30,-30,89.5,0,-150,406,-133,0,1001,0,-1024,1,-1,-1,1,1,-1,-1,-1,-1,-1,0,1,
2026-04-14,19:30:15.990,7.63,100,100,93,-0.038,185.43,53,0,8.06,-0.176,1.083,0.51,52,0,-168.78,-9.18,10,0.00,3.75,3.76,3.76,3.76,3.77,3.75,3.77,3.75,29.97,27.1,-30,-30,88.5,0,-147,406,-107,0,1001,0,-1024,1,-1,-1,1,1,-1,-1,-1,-1,-1,0,1,
2026-04-14,19:30:16.250,7.63,98,98,93,0.030,185.36,49,0,8.06,-0.211,0.998,-0.03,50,0,-172.49,-10.59,10,0.00,3.75,3.77,3.76,3.76,3.77,3.75,3.77,3.75,29.97,27.1,-30,-30,85.7,0,-146,407,-104,0,1001,0,-1024,1,-1,-1,1,1,-1,-1,-1,-1,-1,0,1,
2026-04-14,19:30:16.510,7.63,88,92,92,-0.015,185.44,46,0,8.07,-0.232,1.399,0.19,48,0,-175.47,-11.13,10,0.00,3.75,3.77,3.76,3.76,3.77,3.75,3.77,3.75,30.00,27.4,-30,-30,86.9,0,-153,407,-126,0,1000,0,-1024,1,-1,-1,1,1,-1,-1,-1,-1,-1,0,1,
2026-04-14,19:30:16.770,7.63,78,94,94,-0.029,185.53,44,0,8.07,-0.221,1.129,0.19,47,0,167.00,-8.87,10,0.00,3.75,3.77,3.76,3.76,3.77,3.76,3.77,3.75,30.00,27.4,-30,-30,90.4,0,-174,407,-149,0,1000,0,-1024,1,-1,-1,1,1,-1,-1,-1,-1,-1,0,1,
2026-04-14,19:30:17.030,7.62,69,93,93,-0.013,185.89,44,0,8.07,-0.226,1.111,0.74,42,0,-176.25,-7.87,10,0.00,3.75,3.77,3.76,3.76,3.77,3.76,3.77,3.76,30.01,27.1,-30,-30,90.4,0,-171,407,-160,0,1000,0,-1024,1,-1,-1,1,1,-1,-1,-1,-1,-1,0,1,
2026-04-14,19:30:17.290,7.63,66,94,94,-0.034,186.30,42,0,8.07,-0.255,1.184,1.17,43,0,-176.47,-7.65,10,0.00,3.76,3.77,3.76,3.76,3.77,3.76,3.77,3.76,30.01,27.1,-30,-30,87.4,0,-178,407,-160,0,1000,0,-1024,1,-1,-1,1,1,-1,-1,-1,-1,-1,0,1,
2026-04-14,19:30:17.550,7.62,75,94,94,-0.085,186.75,42,0,8.07,-0.228,1.164,1.39,44,0,-175.12,-6.93,10,0.00,3.76,3.77,3.77,3.76,3.77,3.76,3.77,3.76,30.01,27.6,-30,-30,88.5,0,-176,406,-151,0,1001,0,-1024,1,-1,-1,1,1,-1,-1,-1,-1,-1,0,1,
2026-04-14,19:30:17.820,7.62,87,94,94,-0.083,187.24,42,0,8.07,-0.243,1.150,1.60,45,0,-171.92,-6.70,10,0.00,3.76,3.77,3.77,3.76,3.77,3.76,3.77,3.76,30.01,27.6,-30,-30,92.8,0,-173,405,-142,0,1000,0,-1024,1,-1,-1,1,1,-1,-1,-1,-1,-1,0,1,
2026-04-14,19:30:18.090,7.63,99,99,93,-0.006,187.57,43,0,8.07,-0.259,1.216,1.37,42,0,-171.22,-7.09,10,0.00,3.76,3.77,3.77,3.76,3.78,3.76,3.77,3.76,30.02,26.8,-30,-30,84.6,0,-165,405,-131,0,1000,0,-1024,1,-1,-1,1,1,-1,-1,-1,-1,-1,0,1,
2026-04-14,19:30:18.360,7.62,99,99,91,-0.029,188.05,43,0,8.07,-0.173,0.875,1.47,42,0,-174.75,-6.20,10,0.00,3.76,3.77,3.77,3.76,3.78,3.76,3.77,3.76,30.02,26.8,-30,-30,87.8,0,-153,405,-115,0,1001,0,-1024,1,-1,-1,1,1,-1,-1,-1,-1,-1,0,1,
2026-04-14,19:30:18.630,7.62,98,98,86,-0.026,188.59,44,0,8.07,-0.239,1.082,1.76,40,0,-175.44,-7.03,10,0.00,3.76,3.77,3.77,3.76,3.78,3.76,3.77,3.76,30.03,26.8,-30,-30,85.6,0,-118,405,-147,0,1001,0,-1024,1,-1,-1,1,1,-1,-1,-1,-1,-1,0,1,
2026-04-14,19:30:18.890,7.63,98,98,83,-0.021,189.07,45,0,8.07,-0.185,0.876,1.66,42,0,-177.74,-6.54,10,0.00,3.76,3.77,3.76,3.76,3.78,3.76,3.77,3.76,30.03,27.5,-30,-30,86.5,0,-57,405,-294,0,1001,0,-1024,1,-1,-1,1,1,-1,-1,-1,-1,-1,0,1,
2026-04-14,19:30:19.150,7.63,98,98,82,-0.024,189.62,45,0,8.07,-0.176,0.896,1.83,43,0,-178.68,-6.49,10,0.00,3.76,3.77,3.76,3.76,3.78,3.76,3.77,3.76,30.03,27.5,-30,-30,86.5,-9,-51,406,-361,0,1001,0,-1024,1,-1,-1,1,1,-1,-1,-1,-1,-1,0,1,
2026-04-14,19:30:19.410,7.63,98,98,79,-0.040,189.62,45,0,8.07,-0.191,0.817,1.72,41,0,176.81,-5.93,10,0.00,3.76,3.77,3.76,3.76,3.78,3.76,3.77,3.76,30.03,27.6,-30,-30,85.9,-51,-79,406,-380,0,1000,0,-1024,1,-1,-1,1,1,-1,-1,-1,-1,-1,0,1,
2026-04-14,19:30:19.680,7.62,97,97,79,-0.028,191.65,45,0,8.07,-0.171,0.729,2.54,42,0,174.44,-5.14,10,0.00,3.76,3.77,3.76,3.76,3.78,3.76,3.77,3.76,30.03,27.6,-30,-30,84.5,-61,-82,405,-365,0,1000,0,-1024,1,-1,-1,1,1,-1,-1,-1,-1,-1,0,1,
2026-04-14,19:30:19.940,7.63,97,97,79,-0.030,192.09,45,0,8.07,-0.204,0.849,2.04,46,0,173.20,-5.01,10,0.00,3.76,3.77,3.76,3.76,3.78,3.76,3.77,3.76,30.03,28.0,-30,-30,84.5,-68,-85,405,-361,0,1000,0,-1024,1,-1,-1,1,1,-1,-1,-1,-1,-1,0,1,
2026-04-14,19:30:20.210,7.62,98,98,79,-0.039,192.61,45,0,8.07,-0.239,1.023,1.91,49,0,167.42,-4.74,10,0.00,3.76,3.77,3.76,3.76,3.78,3.76,3.77,3.76,30.03,28.0,-30,-30,84.5,-118,-106,404,-380,0,1000,0,-1024,1,-1,-1,1,1,-1,-1,-1,-1,-1,0,1,
2026-04-14,19:30:20.470,7.63,98,98,80,-0.039,193.00,45,0,8.07,-0.263,1.077,1.54,51,0,165.79,-4.44,10,0.00,3.76,3.77,3.76,3.76,3.77,3.76,3.77,3.76,30.04,28.1,-30,-30,84.3,-119,-159,404,-355,0,1001,0,-1024,1,-1,-1,1,1,-1,-1,-1,-1,-1,0,1,
2026-04-14,19:30:20.730,7.63,98,98,80,-0.036,193.16,46,0,8.07,-0.233,1.068,1.08,51,0,164.06,-2.67,10,0.00,3.76,3.77,3.76,3.76,3.77,3.76,3.77,3.76,30.04,28.1,-30,-30,85.9,-114,-186,405,-342,0,1001,0,-1024,1,-1,-1,1,1,-1,-1,-1,-1,-1,0,1,
2026-04-14,19:30:20.990,7.63,98,98,83,-0.029,193.24,46,0,8.04,-0.219,1.115,0.52,50,0,162.65,-3.09,10,0.00,3.75,3.77,3.76,3.76,3.77,3.76,3.77,3.76,30.04,27.7,-30,-30,85.9,-138,-250,405,-353,0,1000,0,-1024,1,-1,-1,1,1,-1,-1,-1,-1,-1,0,1,
2026-04-14,19:30:21.260,7.63,95,95,83,0.078,193.23,45,0,8.04,-0.176,0.764,0.23,46,0,158.00,-2.46,10,0.00,3.75,3.77,3.77,3.76,3.77,3.76,3.77,3.76,30.04,27.7,-30,-30,84.3,-117,-291,404,-287,0,1000,0,-1024,1,-1,-1,1,1,-1,-1,-1,-1,-1,0,1,
2026-04-14,19:30:21.540,7.63,88,88,83,0.037,193.10,42,0,8.06,-0.288,0.969,-0.15,44,0,150.29,-5.77,10,0.00,3.75,3.77,3.77,3.76,3.78,3.76,3.77,3.76,30.02,28.3,-30,-30,81.1,0,-321,405,-54,0,1000,0,-1024,1,-1,-1,1,1,-1,-1,-1,-1,-1,0,1,
2026-04-14,19:30:21.810,7.63,75,83,83,-0.107,192.93,40,0,8.01,-0.373,1.258,-0.48,44,0,152.18,-7.00,10,0.00,3.75,3.77,3.77,3.76,3.78,3.76,3.77,3.75,30.02,28.3,-30,-30,79.8,0,-315,406,0,0,1000,0,-1024,1,-1,-1,1,1,-1,-1,-1,-1,-1,0,1,
2026-04-14,19:30:22.070,7.63,71,82,82,-0.018,192.90,37,0,8.01,-0.227,1.211,-0.20,42,0,163.87,-4.52,10,0.00,3.75,3.77,3.77,3.76,3.78,3.76,3.77,3.75,30.00,29.7,-30,-30,75.4,0,-250,406,0,0,1000,0,-1024,1,-1,-1,1,1,-1,-1,-1,-1,-1,0,1,
2026-04-14,19:30:22.330,7.63,76,82,82,-0.051,192.46,39,0,8.01,-0.220,0.919,-0.82,43,0,163.89,-4.84,10,0.00,3.75,3.77,3.77,3.76,3.78,3.76,3.77,3.75,30.00,29.7,-30,-30,83.7,0,-373,406,0,0,1001,0,-1024,1,-1,-1,1,1,-1,-1,-1,-1,-1,0,1,
2026-04-14,19:30:22.600,7.63,90,90,84,-0.014,190.60,41,0,7.99,-0.334,1.497,-2.98,41,0,164.64,-9.40,10,0.00,3.75,3.77,3.76,3.76,3.78,3.76,3.77,3.75,30.00,28.6,-30,-30,84.1,0,-426,406,146,0,1001,0,-1024,1,-1,-1,1,1,-1,-1,-1,-1,-1,0,1,
2026-04-14,19:30:22.860,7.63,97,97,86,0.015,190.60,43,0,8.01,-0.287,1.432,-2.94,43,0,164.36,-10.34,10,0.00,3.75,3.77,3.76,3.76,3.77,3.75,3.77,3.75,30.00,27.6,-30,-30,87.0,0,-348,407,329,0,1001,0,-1024,1,-1,-1,1,1,-1,-1,-1,-1,-1,0,1,
2026-04-14,19:30:23.130,7.63,99,99,87,-0.029,188.82,44,0,8.00,-0.267,1.391,-3.21,43,0,165.73,-9.93,10,0.00,3.75,3.77,3.76,3.76,3.77,3.75,3.77,3.75,30.01,27.6,-30,-30,90.4,0,-312,407,150,0,1000,0,-1024,1,-1,-1,1,1,-1,-1,-1,-1,-1,0,1,
2026-04-14,19:30:23.400,7.62,94,94,90,-0.048,188.06,45,0,8.04,-0.270,1.461,-2.95,47,0,171.24,-10.10,10,0.00,3.75,3.77,3.76,3.76,3.77,3.75,3.77,3.75,30.01,26.8,-30,-30,90.6,0,-254,408,0,0,1000,0,-1024,1,-1,-1,1,1,-1,-1,-1,-1,-1,0,1,
2026-04-14,19:30:23.660,7.63,90,90,89,-0.005,187.25,45,0,8.04,-0.170,1.037,-2.72,47,0,170.93,-9.39,10,0.00,3.75,3.77,3.76,3.76,3.77,3.75,3.77,3.75,30.01,26.8,-30,-30,90.6,0,-217,408,0,0,1000,0,-1024,1,-1,-1,1,1,-1,-1,-1,-1,-1,0,1,
2026-04-14,19:30:23.920,7.63,79,89,89,0.000,186.42,45,0,8.00,-0.217,1.357,-2.85,47,0,169.77,-9.22,10,0.00,3.75,3.77,3.76,3.76,3.77,3.76,3.77,3.75,30.03,25.9,-30,-30,92.6,0,-150,407,0,0,1000,0,-1024,1,-1,-1,1,1,-1,-1,-1,-1,-1,0,1,
2026-04-14,19:30:24.180,7.63,72,89,89,-0.082,185.59,47,0,8.03,-0.181,0.941,-2.94,46,0,167.46,-7.08,10,0.00,3.75,3.77,3.76,3.76,3.77,3.76,3.77,3.76,30.03,25.9,-30,-30,90.6,0,0,407,0,0,1000,0,-1024,1,-1,-1,1,1,-1,-1,-1,-1,-1,0,1,
2026-04-14,19:30:24.440,7.63,66,89,89,-0.089,184.95,47,0,8.03,-0.144,0.865,-2.58,48,0,168.47,-5.69,10,0.00,3.76,3.77,3.76,3.76,3.77,3.76,3.77,3.76,30.04,25.9,-30,-30,90.4,0,-195,407,0,0,1001,0,-1024,1,-1,-1,1,1,-1,-1,-1,-1,-1,0,1,
2026-04-14,19:30:24.700,7.63,63,89,89,-0.019,184.54,47,0,8.04,-0.142,0.964,-1.83,50,0,173.08,-3.33,10,0.00,3.76,3.77,3.76,3.76,3.77,3.76,3.77,3.76,30.04,25.9,-30,-30,92.0,0,-200,407,267,0,1001,0,-1024,1,-1,-1,1,1,-1,-1,-1,-1,-1,0,1,
2026-04-14,19:30:24.970,7.63,62,89,89,-0.048,183.74,46,0,8.01,-0.187,1.047,-2.21,52,0,176.66,-4.00,10,0.00,3.76,3.77,3.76,3.76,3.77,3.76,3.77,3.76,30.05,25.4,-30,-30,95.9,0,-233,408,162,0,1000,0,-1024,1,-1,-1,1,1,-1,-1,-1,-1,-1,0,1,
2026-04-14,19:30:25.240,7.63,61,90,90,-0.015,182.78,45,0,8.04,-0.177,1.223,-3.01,54,0,-176.83,-6.35,10,0.00,3.76,3.77,3.76,3.76,3.78,3.76,3.77,3.76,30.05,25.4,-30,-30,94.1,0,-122,407,0,0,1000,0,-1024,1,-1,-1,1,1,-1,-1,-1,-1,-1,0,1,
2026-04-14,19:30:25.510,7.63,63,90,90,-0.039,182.26,43,0,8.03,-0.120,0.798,-2.39,54,0,-176.91,-6.10,10,0.00,3.76,3.77,3.76,3.76,3.78,3.76,3.77,3.76,30.06,25.1,-30,-30,90.9,0,-178,406,0,0,1000,0,-1024,1,-1,-1,1,1,-1,-1,-1,-1,-1,0,1,
2026-04-14,19:30:25.780,7.63,68,91,91,-0.058,180.83,43,0,8.03,-0.190,1.115,-2.64,54,0,-175.77,-7.55,10,0.00,3.76,3.77,3.76,3.76,3.78,3.76,3.77,3.76,30.06,25.1,-30,-30,90.9,0,-176,404,51,0,1001,0,-1024,1,-1,-1,1,1,-1,-1,-1,-1,-1,0,1,
2026-04-14,19:30:26.050,7.63,73,93,93,0.006,180.57,42,0,8.05,-0.219,1.196,-1.56,56,0,-170.87,-8.18,10,0.00,3.76,3.77,3.77,3.76,3.78,3.76,3.77,3.76,30.05,26.6,-30,-30,90.9,0,0,296,0,0,1000,0,-1024,1,-1,-1,1,1,-1,-1,-1,-1,-1,0,1,
2026-04-14,19:30:26.310,7.63,75,95,95,0.032,180.12,41,0,8.04,-0.088,0.926,-1.47,55,0,-168.84,-7.05,10,0.00,3.76,3.77,3.77,3.76,3.78,3.76,3.77,3.76,30.05,26.6,-30,-30,88.3,0,13,218,0,0,1000,0,-1024,1,-1,-1,1,1,-1,-1,-1,-1,-1,0,1,
2026-04-14,19:30:26.570,7.62,82,98,98,-0.024,179.73,40,0,8.06,0.000,0.682,-1.41,53,0,-172.50,-3.42,10,0.00,3.76,3.77,3.77,3.76,3.78,3.76,3.78,3.76,30.14,18.3,-30,-30,93.7,0,-25,173,-21,0,1000,0,-1024,1,-1,-1,1,1,-1,-1,-1,-1,-1,0,1,
2026-04-14,19:30:26.840,7.62,86,99,99,-0.018,179.26,41,0,8.07,0.003,0.765,-1.62,56,0,-173.29,-2.18,10,0.00,3.78,3.79,3.77,3.76,3.78,3.76,3.78,3.76,30.14,8.9,-30,-30,93.2,0,-147,100,-219,0,1001,0,-1024,1,-1,-1,1,1,-1,-1,-1,-1,-1,0,1,
2026-04-14,19:30:27.110,7.63,89,99,99,-0.064,179.05,41,0,8.07,-0.069,1.079,-1.19,58,0,-174.72,-2.15,10,0.00,3.78,3.79,3.77,3.76,3.78,3.76,3.78,3.76,30.24,8.9,-30,-30,88.2,0,-168,104,-262,0,1001,0,-1024,1,-1,-1,1,1,-1,-1,-1,-1,-1,0,1,
2026-04-14,19:30:27.380,7.63,86,99,99,-0.104,178.74,41,0,8.07,-0.071,1.037,-0.84,58,0,-175.08,-0.52,10,0.00,3.78,3.79,3.79,3.80,3.78,3.76,3.78,3.76,30.24,9.3,-30,-30,86.9,0,-194,104,-248,0,1000,0,-1024,1,-1,-1,1,1,-1,-1,-1,-1,-1,0,1,
2026-04-14,19:30:27.650,7.63,86,100,100,-0.107,178.01,41,0,8.07,-0.045,0.891,-1.91,58,0,-169.83,1.18,10,0.00,3.78,3.79,3.79,3.80,3.80,3.80,3.78,3.76,30.31,9.3,-30,-30,88.5,0,-177,104,-200,0,1001,0,-1024,1,-1,-1,1,1,-1,-1,-1,-1,-1,0,1,
2026-04-14,19:30:27.910,7.62,91,100,100,-0.032,177.41,41,0,8.07,-0.091,1.083,-2.08,58,0,-167.39,0.81,10,0.00,3.78,3.79,3.79,3.80,3.80,3.80,3.82,3.80,30.38,9.8,-30,-30,88.3,0,-184,104,-236,0,1000,0,-1024,1,-1,-1,1,1,-1,-1,-1,-1,-1,0,1,
2026-04-14,19:30:28.190,7.63,90,100,100,-0.080,175.74,40,0,8.01,-0.120,1.318,-2.89,60,0,-172.47,2.20,10,0.00,3.81,3.82,3.79,3.80,3.80,3.80,3.82,3.80,30.38,9.8,-30,-30,87.0,-121,-183,104,-526,0,1001,0,-1024,1,-1,-1,1,1,-1,-1,-1,-1,-1,0,1,
2026-04-14,19:30:28.450,7.63,82,100,100,-0.007,174.93,40,0,7.99,-0.037,0.873,-3.17,60,0,-30.26,4.18,10,0.00,3.81,3.82,3.81,3.82,3.80,3.80,3.82,3.80,30.43,9.8,-30,-30,87.0,-211,-212,105,-599,0,1001,0,-1024,1,-1,-1,1,1,-1,-1,-1,-1,-1,0,1,
2026-04-14,19:30:28.710,7.63,78,100,100,-0.035,174.61,39,0,8.02,-0.092,1.036,-1.91,61,0,164.44,4.11,10,0.00,3.81,3.82,3.81,3.82,3.81,3.81,3.82,3.80,30.43,9.8,-30,-30,85.6,-134,-372,105,-185,0,1000,0,-1024,1,-1,-1,1,1,-1,-1,-1,-1,-1,0,0,
2026-04-14,19:30:28.980,7.63,75,100,100,-0.095,173.91,38,0,7.99,-0.140,1.496,-2.01,61,0,161.91,3.07,10,0.00,3.81,3.82,3.81,3.82,3.81,3.81,3.82,3.81,30.47,10.0,-30,-30,87.4,-109,-402,107,-199,0,1001,0,-1024,1,-1,-1,1,1,-1,-1,-1,-1,-1,0,0,
2026-04-14,19:30:29.240,7.63,78,100,100,-0.027,172.87,37,0,7.98,-0.076,1.351,-2.95,60,0,163.37,2.50,10,0.00,3.81,3.82,3.81,3.82,3.81,3.81,3.82,3.81,30.47,10.0,-30,-30,91.7,-171,-325,106,-397,0,1001,0,-1024,1,-1,-1,1,1,-1,-1,-1,-1,-1,0,0,
2026-04-14,19:30:29.500,7.63,80,100,100,-0.058,172.00,38,0,8.00,-0.088,1.257,-3.13,60,0,155.96,2.20,10,0.00,3.81,3.82,3.81,3.82,3.81,3.81,3.82,3.81,30.51,8.4,-30,-30,91.7,-106,-389,106,-177,0,1001,0,-1024,1,-1,-1,1,1,-1,-1,-1,-1,-1,0,0,
2026-04-14,19:30:29.760,7.62,88,100,100,-0.064,171.67,38,0,7.99,-0.008,0.961,-2.14,61,0,154.68,1.74,10,0.00,3.81,3.82,3.82,3.83,3.81,3.81,3.82,3.81,30.51,8.4,-30,-30,89.6,-66,-365,105,-255,0,1000,0,-1024,1,-1,-1,1,1,-1,-1,-1,-1,-1,0,0,
2026-04-14,19:30:30.030,7.63,95,100,100,-0.073,171.59,39,0,8.03,-0.139,1.345,-0.93,60,0,152.40,-0.95,10,0.00,3.81,3.82,3.82,3.83,3.82,3.81,3.82,3.81,30.54,9.2,-30,-30,88.2,-70,-347,104,-193,0,1001,0,-1024,1,-1,-1,1,1,-1,-1,-1,-1,-1,0,0,
2026-04-14,19:30:30.300,7.62,96,100,100,-0.057,171.59,38,0,8.03,-0.064,1.279,-1.10,58,0,151.05,1.12,10,0.00,3.81,3.82,3.82,3.83,3.82,3.81,3.83,3.82,30.54,9.2,-30,-30,85.4,-66,-366,105,-53,0,1001,0,-1024,1,-1,-1,1,1,-1,-1,-1,-1,-1,0,0,
2026-04-14,19:30:30.560,7.62,91,100,100,-0.061,170.57,38,0,8.03,-0.100,1.232,-1.73,58,0,152.27,1.25,10,0.00,3.82,3.83,3.82,3.83,3.82,3.81,3.83,3.82,30.57,9.9,-30,-30,85.4,-29,-348,105,0,0,1000,0,-1024,1,-1,-1,1,1,-1,-1,-1,-1,-1,0,0,
2026-04-14,19:30:30.820,7.62,88,100,100,-0.055,170.33,38,0,8.01,-0.124,1.258,-1.25,57,0,154.68,1.28,10,0.00,3.82,3.83,3.82,3.83,3.82,3.81,3.83,3.82,30.57,9.9,-30,-30,85.6,0,-348,105,0,0,1001,0,-1024,1,-1,-1,1,1,-1,-1,-1,-1,-1,0,0,
2026-04-14,19:30:31.080,7.63,85,100,100,-0.061,169.21,39,0,8.04,-0.127,1.174,-1.84,58,0,154.86,1.86,10,0.00,3.82,3.83,3.82,3.83,3.82,3.81,3.83,3.82,30.58,9.9,-30,-30,84.1,-9,-309,104,0,0,1001,0,-1024,1,-1,-1,1,1,-1,-1,-1,-1,-1,0,0,
2026-04-14,19:30:31.340,7.63,87,100,100,-0.062,168.66,39,0,8.03,-0.121,1.237,-1.79,58,0,156.23,2.64,10,0.00,3.82,3.83,3.82,3.83,3.82,3.81,3.83,3.81,30.58,9.9,-30,-30,85.4,0,-351,105,52,0,1000,0,-1024,1,-1,-1,1,1,-1,-1,-1,-1,-1,0,0,
2026-04-14,19:30:31.600,7.63,89,100,100,-0.090,167.93,38,0,8.03,-0.092,1.135,-2.20,58,0,157.56,3.58,10,0.00,3.82,3.83,3.82,3.83,3.82,3.81,3.83,3.81,30.59,10.3,-30,-30,87.0,0,-353,175,73,0,1001,0,-1024,1,-1,-1,1,1,-1,-1,-1,-1,-1,0,0,
2026-04-14,19:30:31.870,7.63,87,100,100,-0.051,167.41,38,0,8.05,-0.150,1.188,-2.02,58,0,164.75,4.23,10,0.00,3.82,3.83,3.82,3.83,3.82,3.81,3.83,3.81,30.59,14.2,-30,-30,85.0,0,-288,183,0,0,1000,0,-1024,1,-1,-1,1,1,-1,-1,-1,-1,-1,0,0,
2026-04-14,19:30:32.130,7.63,80,100,100,-0.016,166.81,36,0,8.06,-0.134,1.162,-2.10,57,0,166.66,4.70,10,0.00,3.82,3.83,3.82,3.83,3.82,3.81,3.83,3.81,30.58,14.2,-30,-30,86.3,0,-249,182,0,0,1000,0,-1024,1,-1,-1,1,1,-1,-1,-1,-1,-1,0,0,
2026-04-14,19:30:32.390,7.63,76,99,99,-0.027,166.37,35,0,8.05,-0.142,1.128,-1.65,56,0,167.34,4.48,10,0.00,3.82,3.83,3.82,3.83,3.82,3.81,3.83,3.81,30.57,13.9,-30,-30,84.8,0,-191,181,0,0,1001,0,-1024,1,-1,-1,1,1,-1,-1,-1,-1,-1,0,0,
2026-04-14,19:30:32.650,7.63,78,99,99,-0.027,165.75,35,0,8.04,-0.161,1.176,-1.93,56,0,166.03,6.35,10,0.00,3.82,3.83,3.82,3.83,3.82,3.81,3.83,3.81,30.57,13.9,-30,-30,84.8,0,-255,184,172,0,1001,0,-1024,1,-1,-1,1,1,-1,-1,-1,-1,-1,0,0,
2026-04-14,19:30:32.910,7.63,83,99,99,-0.047,164.97,36,0,8.05,-0.185,1.135,-2.36,55,0,166.46,7.29,10,0.00,3.81,3.82,3.82,3.83,3.82,3.81,3.83,3.81,30.55,15.0,-30,-30,82.8,0,-138,184,44,0,1001,0,-1024,1,-1,-1,1,1,-1,-1,-1,-1,-1,0,0,
2026-04-14,19:30:33.170,7.63,87,99,99,-0.041,164.35,37,0,8.06,-0.122,0.926,-2.34,55,0,173.08,10.52,10,0.00,3.81,3.82,3.81,3.82,3.82,3.81,3.83,3.81,30.55,15.0,-30,-30,81.1,0,-90,183,79,0,1001,0,-1024,1,-1,-1,1,1,-1,-1,-1,-1,-1,0,0,
2026-04-14,19:30:33.440,7.62,89,99,99,-0.006,163.78,40,0,8.07,-0.153,0.981,-2.10,54,0,176.40,10.76,10,0.00,3.81,3.82,3.81,3.82,3.82,3.81,3.83,3.81,30.54,15.5,-30,-30,80.7,0,-145,182,94,0,1001,0,-1024,1,-1,-1,1,1,-1,-1,-1,-1,-1,0,0,
2026-04-14,19:30:33.710,7.63,92,99,99,-0.048,163.11,41,0,8.05,-0.104,0.816,-2.23,53,0,-176.75,12.42,10,0.00,3.81,3.82,3.81,3.82,3.81,3.81,3.83,3.81,30.54,15.5,-30,-30,79.5,0,-227,183,-48,0,1001,0,-1024,1,-1,-1,1,1,-1,-1,-1,-1,-1,0,0,
2026-04-14,19:30:33.990,7.63,96,99,99,-0.021,161.60,43,0,8.04,-0.148,1.165,-2.54,50,0,-174.07,9.95,10,0.00,3.81,3.82,3.81,3.82,3.81,3.81,3.82,3.81,30.53,14.8,-30,-30,83.7,0,-317,205,0,0,1001,0,-1024,1,-1,-1,1,1,-1,-1,-1,-1,-1,0,0,
2026-04-14,19:30:34.250,7.63,98,99,99,0.007,160.79,44,0,8.03,-0.228,1.305,-2.82,51,0,-173.31,9.01,10,0.00,3.81,3.82,3.81,3.82,3.81,3.81,3.82,3.81,30.53,14.8,-30,-30,80.0,0,-325,293,-41,0,1001,0,-1024,1,-1,-1,1,1,-1,-1,-1,-1,-1,0,0,
2026-04-14,19:30:34.510,7.63,100,100,99,-0.001,160.02,45,0,8.04,-0.261,1.260,-2.66,52,0,-176.31,10.48,10,0.00,3.81,3.82,3.81,3.82,3.81,3.81,3.82,3.81,30.47,21.5,-30,-30,82.0,0,-267,328,-195,0,1000,0,-1024,1,-1,-1,1,1,-1,-1,-1,-1,-1,0,0,
2026-04-14,19:30:34.770,7.63,100,100,99,-0.021,158.97,46,0,8.06,-0.231,1.053,-3.20,49,0,-178.04,11.89,10,0.00,3.81,3.82,3.81,3.82,3.81,3.80,3.82,3.81,30.47,21.5,-30,-30,82.0,0,-171,326,-57,0,1000,0,-1024,1,-1,-1,1,1,-1,-1,-1,-1,-1,0,0,
2026-04-14,19:30:35.030,7.63,100,100,99,-0.042,158.03,46,0,8.06,-0.140,0.892,-3.31,48,0,-178.52,9.87,10,0.00,3.81,3.82,3.81,3.82,3.81,3.80,3.81,3.79,30.43,23.1,-30,-30,85.9,0,-236,324,0,0,1001,0,-1024,1,-1,-1,1,1,-1,-1,-1,-1,-1,0,0,
2026-04-14,19:30:35.300,7.63,97,99,99,-0.050,157.26,47,0,8.07,-0.245,1.386,-3.00,50,0,-176.85,9.37,10,0.00,3.79,3.80,3.81,3.82,3.81,3.80,3.81,3.79,30.43,23.1,-30,-30,88.3,0,-301,323,0,0,1001,0,-1024,1,-1,-1,1,1,-1,-1,-1,-1,-1,0,0,
2026-04-14,19:30:35.560,7.63,91,99,99,-0.025,156.65,48,0,8.02,-0.251,1.324,-2.46,51,0,-172.85,6.16,10,0.00,3.79,3.80,3.79,3.80,3.81,3.80,3.81,3.79,30.40,22.2,-30,-30,86.5,0,-223,351,-71,0,1001,0,-1024,1,-1,-1,1,1,-1,-1,-1,-1,-1,0,0,
2026-04-14,19:30:35.830,7.62,88,98,98,-0.060,156.23,48,0,8.05,-0.197,1.135,-1.94,52,0,-170.25,5.92,10,0.00,3.79,3.80,3.79,3.80,3.81,3.80,3.81,3.79,30.40,22.2,-30,-30,88.3,0,3,376,-253,0,1000,0,-1024,1,-1,-1,1,1,-1,-1,-1,-1,-1,0,0,
2026-04-14,19:30:36.100,7.63,92,98,98,-0.070,155.83,48,0,8.06,-0.157,0.862,-1.55,53,0,-169.02,7.11,10,0.00,3.79,3.80,3.79,3.80,3.80,3.78,3.81,3.79,30.35,24.7,-30,-30,89.5,0,-25,378,-268,0,1001,0,-1024,1,-1,-1,1,1,-1,-1,-1,-1,-1,0,0,
2026-04-14,19:30:36.360,7.63,97,99,99,-0.034,155.47,49,0,8.07,-0.174,1.043,-1.37,56,0,-166.72,8.02,10,0.00,3.79,3.80,3.79,3.80,3.80,3.78,3.80,3.78,30.35,26.4,-30,-30,90.2,0,-45,413,-318,0,1000,0,-1024,1,-1,-1,1,1,-1,-1,-1,-1,-1,0,0,
2026-04-14,19:30:36.640,7.63,100,100,99,-0.035,155.02,49,0,8.05,-0.154,0.905,-1.41,57,0,-171.13,7.82,10,0.00,3.78,3.79,3.79,3.80,3.80,3.78,3.80,3.78,30.29,26.4,-30,-30,90.0,0,-141,416,-281,0,1001,0,-1024,1,-1,-1,1,1,-1,-1,-1,-1,-1,0,0,
2026-04-14,19:30:36.900,7.63,100,100,99,-0.015,153.81,50,0,8.03,-0.215,1.128,-1.97,60,0,-172.72,6.36,10,0.00,3.78,3.79,3.78,3.78,3.80,3.78,3.80,3.78,30.25,27.5,-30,-30,90.6,0,-159,419,-223,0,1000,0,-1024,1,-1,-1,1,1,-1,-1,-1,-1,-1,0,0,
2026-04-14,19:30:37.160,7.63,100,100,99,0.024,153.54,51,0,8.04,-0.216,1.135,-1.34,60,0,-174.45,5.78,10,0.00,3.78,3.79,3.78,3.78,3.79,3.77,3.80,3.78,30.25,27.5,-30,-30,90.6,0,11,435,-125,0,1001,0,-1024,1,-1,-1,1,1,-1,-1,-1,-1,-1,0,0,
2026-04-14,19:30:37.430,7.62,100,100,99,-0.028,153.31,51,0,8.06,-0.254,1.165,-1.04,62,0,-176.30,7.63,10,0.00,3.78,3.79,3.78,3.78,3.79,3.77,3.78,3.76,30.21,28.9,-30,-30,90.4,0,24,376,0,0,1001,0,-1024,1,-1,-1,1,1,-1,-1,-1,-1,-1,0,1,
2026-04-14,19:30:37.690,7.62,100,100,99,0.032,153.10,51,0,8.04,-0.141,0.841,-0.85,63,0,-178.29,10.06,10,0.00,3.77,3.78,3.78,3.78,3.79,3.77,3.78,3.76,30.21,28.9,-30,-30,87.4,0,-140,219,9,0,1000,0,-1024,1,-1,-1,1,1,-1,-1,-1,-1,-1,0,1,
2026-04-14,19:30:37.950,7.62,100,100,99,-0.017,152.82,51,0,8.03,0.002,0.876,-0.74,63,0,-177.53,10.82,10,0.00,3.77,3.78,3.78,3.78,3.79,3.77,3.78,3.76,30.26,15.5,-30,-30,92.8,0,2,208,157,0,1000,0,-1024,1,-1,-1,1,1,-1,-1,-1,-1,-1,0,1,
2026-04-14,19:30:38.220,7.63,100,100,99,0.000,152.64,51,0,8.04,-0.030,0.797,-0.87,64,0,-175.80,10.12,10,0.00,3.77,3.78,3.78,3.78,3.79,3.77,3.78,3.76,30.26,15.5,-30,-30,89.5,11,-22,206,268,0,1000,0,-1024,1,-1,-1,1,1,-1,-1,-1,-1,-1,0,1,
2026-04-14,19:30:38.480,7.63,100,100,99,-0.023,152.51,51,0,8.03,-0.061,0.976,-0.51,65,0,-170.03,12.14,10,0.00,3.77,3.78,3.78,3.78,3.79,3.78,3.78,3.76,30.32,13.7,-30,-30,89.3,0,0,98,137,0,1001,0,-1024,1,-1,-1,1,1,-1,-1,-1,-1,-1,0,1,
2026-04-14,19:30:38.750,7.63,99,99,99,-0.004,152.41,53,0,8.05,-0.022,0.920,-0.47,66,0,-167.70,12.98,10,0.00,3.77,3.78,3.78,3.78,3.79,3.78,3.80,3.79,30.32,13.7,-30,-30,88.9,0,-45,100,0,0,1000,0,-1024,1,-1,-1,1,1,-1,-1,-1,-1,-1,0,1,
2026-04-14,19:30:39.010,7.62,99,99,99,-0.011,152.24,54,0,8.03,0.004,0.782,-0.44,67,0,-168.17,15.80,10,0.00,3.80,3.81,3.78,3.78,3.79,3.78,3.80,3.79,30.39,8.4,-30,-30,88.9,0,-262,111,0,0,1000,0,-1024,1,-1,-1,1,1,-1,-1,-1,-1,-1,0,1,
2026-04-14,19:30:39.280,7.63,99,99,99,-0.030,151.80,54,0,8.04,-0.094,1.239,-1.04,67,0,-167.64,16.32,10,0.00,3.80,3.81,3.81,3.82,3.79,3.78,3.80,3.79,30.39,8.4,-30,-30,89.1,0,-275,112,28,0,1000,0,-1024,1,-1,-1,1,1,-1,-1,-1,-1,-1,0,1,
2026-04-14,19:30:39.560,7.63,100,100,99,-0.047,150.40,55,0,8.06,-0.129,1.292,-2.24,67,0,-168.16,14.09,10,0.00,3.80,3.81,3.81,3.82,3.81,3.81,3.80,3.79,30.44,9.4,-30,-30,89.1,0,-141,-4,0,0,1001,0,-1024,1,-1,-1,1,1,-1,-1,-1,-1,-1,0,1,
2026-04-14,19:30:39.830,7.63,100,100,100,-0.068,149.71,55,0,8.06,-0.019,0.914,-2.61,68,0,-166.24,15.78,10,0.00,3.80,3.81,3.81,3.82,3.81,3.81,3.82,3.81,30.44,9.4,-30,-30,88.2,0,-124,51,-22,0,1001,0,-1024,1,-1,-1,1,1,-1,-1,-1,-1,-1,0,1,
2026-04-14,19:30:40.090,7.63,100,100,100,-0.057,149.39,54,0,8.02,-0.064,0.956,-1.64,68,0,-166.38,15.23,10,0.00,3.81,3.83,3.81,3.82,3.81,3.81,3.82,3.81,30.49,5.3,-30,-30,84.5,0,-338,63,0,0,1001,0,-1024,1,-1,-1,1,1,-1,-1,-1,-1,-1,0,0,
2026-04-14,19:30:40.350,7.63,100,100,100,-0.010,148.62,52,0,8.04,-0.096,1.106,-2.05,68,0,-167.72,13.88,10,0.00,3.81,3.83,3.82,3.83,3.81,3.81,3.82,3.81,30.49,8.7,-30,-30,85.6,0,-322,67,-171,0,1001,0,-1024,1,-1,-1,1,1,-1,-1,-1,-1,-1,0,0,
2026-04-14,19:30:40.610,7.62,100,100,100,-0.028,147.82,48,0,8.06,-0.114,1.123,-2.69,68,0,-169.28,13.48,10,0.00,3.81,3.83,3.82,3.83,3.81,3.81,3.82,3.81,30.53,8.7,-30,-30,84.6,0,-278,126,-251,0,1000,0,-1024,1,-1,-1,1,1,-1,-1,-1,-1,-1,0,0,
2026-04-14,19:30:40.870,7.63,100,100,100,-0.031,147.26,47,0,8.04,-0.195,1.333,-2.18,68,0,-175.32,10.65,10,0.00,3.81,3.83,3.82,3.83,3.82,3.81,3.82,3.81,30.53,11.5,-30,-30,81.9,0,-114,70,0,0,1000,0,-1024,1,-1,-1,1,1,-1,-1,-1,-1,-1,0,0,
2026-04-14,19:30:41.130,7.62,100,100,100,-0.075,146.47,49,0,8.04,0.012,0.763,-2.49,68,0,-173.54,14.74,10,0.00,3.81,3.83,3.82,3.83,3.82,3.81,3.83,3.82,30.56,11.5,-30,-30,89.6,0,-376,42,-154,0,1001,0,-1024,1,-1,-1,1,1,-1,-1,-1,-1,-1,0,0,
2026-04-14,19:30:41.400,7.62,100,100,100,-0.053,146.19,51,0,8.00,-0.083,0.763,-1.85,68,0,-171.17,14.12,10,0.00,3.82,3.83,3.82,3.83,3.82,3.81,3.83,3.82,30.59,6.7,-30,-30,83.7,0,-274,43,-176,0,1000,0,-1024,1,-1,-1,1,1,-1,-1,-1,-1,-1,0,0,
2026-04-14,19:30:41.670,7.63,100,100,100,-0.038,145.94,53,0,8.03,-0.102,1.300,-1.02,69,0,-173.02,11.64,10,0.00,3.82,3.83,3.82,3.83,3.82,3.81,3.83,3.82,30.59,6.7,-30,-30,85.4,0,-138,43,-290,0,1001,0,-1024,1,-1,-1,1,1,-1,-1,-1,-1,-1,0,0,
2026-04-14,19:30:41.930,7.63,100,100,100,0.012,145.31,55,0,8.05,-0.047,0.756,-1.69,69,0,-176.59,13.22,10,0.00,3.82,3.83,3.82,3.83,3.82,3.82,3.83,3.82,30.61,7.4,-30,-30,85.4,0,-256,44,-29,0,1001,0,-1024,1,-1,-1,1,1,-1,-1,-1,-1,-1,0,0,
2026-04-14,19:30:42.190,7.62,100,100,100,-0.010,145.23,56,0,8.04,-0.077,1.054,-1.13,69,0,176.09,14.59,10,0.00,3.82,3.83,3.82,3.83,3.82,3.82,3.83,3.82,30.61,7.4,-30,-30,83.5,0,-322,99,253,0,1000,0,-1024,1,-1,-1,1,1,-1,-1,-1,-1,-1,0,0,
2026-04-14,19:30:42.450,7.63,100,100,100,-0.004,145.08,57,0,8.06,-0.192,1.108,-0.57,69,0,177.31,13.14,10,0.00,3.82,3.83,3.82,3.83,3.82,3.82,3.83,3.82,30.60,10.9,-30,-30,78.7,0,-200,101,44,0,1001,0,-1024,1,-1,-1,1,1,-1,-1,-1,-1,-1,0,0,
2026-04-14,19:30:42.720,7.63,100,100,100,-0.049,144.67,58,0,8.06,-0.043,0.562,-0.61,69,0,-176.96,14.50,10,0.00,3.82,3.83,3.82,3.83,3.82,3.82,3.83,3.82,30.60,10.9,-30,-30,76.3,0,-248,-7,25,0,1001,0,-1024,1,-1,-1,1,1,-1,-1,-1,-1,-1,0,0,
2026-04-14,19:30:42.980,7.63,100,100,100,-0.011,144.73,59,0,8.05,-0.124,1.127,-0.18,69,0,-175.57,14.71,10,0.00,3.82,3.83,3.82,3.83,3.82,3.82,3.83,3.82,30.63,7.5,-30,-30,77.6,0,-344,-25,122,0,1000,0,-1024,1,-1,-1,1,1,-1,-1,-1,-1,-1,0,0,
2026-04-14,19:30:43.240,7.63,100,100,100,-0.023,144.65,60,0,8.05,-0.155,1.097,-0.11,70,0,-171.73,13.80,10,0.00,3.82,3.83,3.82,3.83,3.82,3.82,3.83,3.82,30.63,7.5,-30,-30,74.3,0,-234,-67,-63,0,1001,0,-1024,1,-1,-1,1,1,-1,-1,-1,-1,-1,0,0,
2026-04-14,19:30:43.510,7.63,100,100,100,-0.045,144.38,61,0,8.06,-0.088,0.854,-0.64,72,0,-169.58,15.41,10,0.00,3.82,3.83,3.82,3.83,3.82,3.82,3.83,3.82,30.65,6.0,-30,-30,73.2,0,-315,-26,-311,0,1001,0,-1024,1,-1,-1,1,1,-1,-1,-1,-1,-1,0,0,
2026-04-14,19:30:43.770,7.63,100,100,100,-0.033,144.38,61,0,8.06,-0.098,0.937,-0.48,70,0,-170.21,17.41,10,0.00,3.82,3.84,3.82,3.83,3.82,3.82,3.83,3.82,30.65,6.0,-30,-30,73.2,-2,-440,184,-557,0,1001,0,-1024,1,-1,-1,1,1,-1,-1,-1,-1,-1,0,0,
2026-04-14,19:30:44.040,7.63,100,100,100,-0.008,144.06,61,0,8.05,-0.186,0.969,-0.53,70,0,-174.06,15.90,10,0.00,3.82,3.84,3.83,3.83,3.82,3.82,3.83,3.82,30.59,11.8,-30,-30,74.1,-17,-213,111,-392,0,1000,0,-1024,1,-1,-1,1,1,-1,-1,-1,-1,-1,0,0,
2026-04-14,19:30:44.300,7.63,100,100,100,-0.009,143.52,61,0,8.04,-0.152,0.951,-1.31,71,0,173.69,12.34,10,0.00,3.82,3.84,3.83,3.83,3.82,3.81,3.83,3.82,30.59,11.8,-30,-30,74.3,0,-508,178,-249,0,1001,0,-1024,1,-1,-1,1,1,-1,-1,-1,-1,-1,0,0,
2026-04-14,19:30:44.570,7.63,100,100,100,-0.003,143.08,61,0,8.03,-0.208,1.160,-1.51,71,0,175.63,10.34,10,0.00,3.82,3.84,3.83,3.83,3.82,3.81,3.83,3.81,30.56,14.2,-30,-30,75.9,0,-770,151,-51,0,1000,0,-1024,1,-1,-1,1,1,-1,-1,-1,-1,-1,0,0,
2026-04-14,19:30:44.830,7.63,100,100,100,-0.014,142.71,61,0,8.03,-0.318,1.504,-1.44,69,0,172.46,4.73,10,0.00,3.82,3.84,3.83,3.83,3.82,3.81,3.83,3.81,30.56,14.2,-30,-30,71.7,0,-332,-403,0,0,1001,0,-1024,1,-1,-1,1,1,-1,-1,-1,-1,-1,0,0,
2026-04-14,19:30:45.100,7.62,100,100,100,-0.052,142.86,61,0,8.05,-0.050,0.836,-0.51,72,0,171.59,3.45,10,0.00,3.81,3.82,3.83,3.83,3.82,3.81,3.83,3.81,30.67,4.2,-30,-30,61.5,0,-188,-522,-99,0,1000,0,-1024,1,-1,-1,1,1,-1,-1,-1,-1,-1,0,0,
2026-04-14,19:30:45.370,7.62,100,100,100,-0.072,144.15,61,0,8.04,0.028,0.679,2.00,73,0,168.74,12.28,10,0.00,3.81,3.82,3.83,3.83,3.82,3.81,3.83,3.81,30.67,4.2,-30,-30,68.0,0,-659,-594,143,0,1001,0,-1024,1,-1,-1,1,1,-1,-1,-1,-1,-1,0,0,
2026-04-14,19:30:45.650,7.63,100,100,100,-0.059,144.21,61,0,8.01,-0.041,0.971,1.04,73,0,171.86,16.11,10,0.00,3.81,3.82,3.83,3.83,3.83,3.83,3.83,3.81,30.74,0.0,-30,-30,68.7,0,-598,-770,121,0,1000,0,-1024,1,-1,-1,1,1,-1,-1,-1,-1,-1,0,0,
2026-04-14,19:30:45.910,7.63,100,100,100,-0.084,144.20,61,0,8.01,-0.041,1.186,0.28,72,0,174.42,14.06,10,0.00,3.81,3.82,3.83,3.83,3.83,3.83,3.85,3.84,30.81,0.0,-30,-30,61.5,0,-637,-895,39,0,1000,0,-1024,1,-1,-1,1,1,-1,-1,-1,-1,-1,0,0,
2026-04-14,19:30:46.170,7.63,100,100,100,-0.096,143.84,61,0,8.01,-0.001,1.142,-0.45,71,0,175.48,19.07,10,0.00,3.85,3.86,3.83,3.83,3.83,3.83,3.85,3.84,30.81,0.0,-30,-30,57.8,0,-346,-1022,-2,0,1001,0,-1024,1,-1,-1,1,1,-1,-1,-1,-1,-1,0,0,
2026-04-14,19:30:46.430,7.63,100,100,100,-0.047,143.38,61,0,8.04,0.030,0.882,-1.26,70,0,174.89,20.23,10,0.00,3.85,3.86,3.85,3.86,3.83,3.83,3.85,3.84,30.85,0.0,-30,-30,57.8,-33,-306,-1024,0,0,1000,0,-1024,1,-1,-1,1,1,-1,-1,-1,-1,-1,0,0,
2026-04-14,19:30:46.700,7.63,100,100,100,-0.036,143.31,61,0,8.06,0.010,0.938,-0.81,71,0,174.45,19.66,10,0.00,3.85,3.86,3.85,3.86,3.85,3.86,3.85,3.84,30.85,0.0,-30,-30,55.0,-82,-103,-1024,0,0,1001,0,-1024,1,-1,-1,1,1,-1,-1,-1,-1,-1,0,0,
2026-04-14,19:30:46.960,7.63,100,100,100,0.012,143.48,61,0,8.01,0.012,0.944,0.05,74,0,174.87,19.99,10,0.00,3.85,3.86,3.85,3.86,3.85,3.86,3.85,3.85,30.89,0.0,-30,-30,55.0,-117,0,-1024,0,0,1001,0,-1024,1,-1,-1,1,1,-1,-1,-1,-1,-1,0,0,
2026-04-14,19:30:47.220,7.63,100,100,100,0.012,143.58,61,0,8.03,0.020,0.979,0.26,76,0,175.43,19.58,10,0.00,3.85,3.86,3.85,3.86,3.85,3.86,3.85,3.85,30.89,0.0,-30,-30,49.1,-82,10,-1024,0,0,1000,0,-1024,1,-1,-1,1,1,-1,-1,-1,-1,-1,0,0,
2026-04-14,19:30:47.480,7.63,100,100,100,0.031,143.73,63,0,8.01,0.022,0.986,0.40,78,0,177.07,18.17,10,0.00,3.85,3.86,3.85,3.86,3.85,3.86,3.85,3.85,30.92,0.0,-30,-30,51.3,-210,12,-1024,0,0,1001,0,-1024,1,-1,-1,1,1,-1,-1,-1,-1,-1,0,0,
2026-04-14,19:30:47.740,7.63,100,100,100,0.015,143.90,66,0,8.04,0.023,0.969,0.55,81,0,177.59,17.87,10,0.00,3.85,3.86,3.85,3.86,3.85,3.86,3.85,3.85,30.92,0.0,-30,-30,53.7,-211,12,-1024,0,0,1001,0,-1024,1,-1,-1,1,1,-1,-1,-1,-1,-1,0,0,
2026-04-14,19:30:48.010,7.62,100,100,100,0.061,143.91,69,0,8.04,0.008,1.092,0.33,82,0,178.63,17.35,10,0.00,3.85,3.86,3.85,3.86,3.85,3.86,3.85,3.85,30.94,0.0,-30,-30,53.0,-116,13,-1024,0,0,1001,0,-1024,1,-1,-1,1,1,-1,-1,-1,-1,-1,0,0,
2026-04-14,19:30:48.280,7.62,100,100,100,0.033,143.86,71,0,8.03,0.023,1.027,-0.06,84,0,179.54,16.41,10,0.00,3.85,3.86,3.85,3.86,3.85,3.86,3.86,3.85,30.94,0.0,-30,-30,55.2,-262,13,-1024,0,0,1000,0,-1024,1,-1,-1,1,1,-1,-1,-1,-1,-1,0,0,
2026-04-14,19:30:48.540,7.62,100,100,100,0.021,143.83,72,0,8.00,0.004,1.040,-0.04,85,0,179.92,16.13,10,0.00,3.85,3.87,3.85,3.86,3.85,3.86,3.86,3.85,30.96,0.0,-30,-30,55.2,-315,13,-1024,0,0,1000,0,-1024,1,-1,-1,1,1,-1,-1,-1,-1,-1,0,0,
2026-04-14,19:30:48.810,7.62,100,100,100,0.029,144.01,73,0,7.98,-0.009,1.037,0.28,85,0,-121.13,15.72,10,0.00,3.85,3.87,3.86,3.86,3.85,3.86,3.86,3.85,30.96,0.0,-30,-30,48.5,54,14,-1024,0,0,1001,0,-1024,1,-1,-1,1,1,-1,-1,-1,-1,-1,0,0,
2026-04-14,19:30:49.070,7.62,100,100,100,0.009,144.15,72,0,7.98,-0.017,0.973,0.43,81,0,-81.48,15.15,10,0.00,3.85,3.87,3.86,3.86,3.85,3.86,3.86,3.85,30.98,0.0,-30,-30,42.6,269,13,-1024,0,0,1000,0,-1024,1,-1,-1,1,1,-1,-1,-1,-1,-1,0,0,
2026-04-14,19:30:49.340,7.63,100,100,100,-0.113,144.12,70,0,7.97,0.000,1.025,0.18,78,0,178.51,14.91,10,0.00,3.85,3.87,3.86,3.86,3.85,3.86,3.86,3.85,30.98,0.0,-30,-30,40.2,389,13,-1024,0,0,1001,0,-1024,1,-1,-1,1,1,-1,-1,-1,-1,-1,0,0,
2026-04-14,19:30:49.600,7.63,99,100,100,-0.160,144.01,67,0,8.00,-0.020,1.129,-0.18,79,0,176.44,13.77,10,0.00,3.85,3.87,3.86,3.86,3.85,3.86,3.86,3.86,31.00,0.0,-30,-30,48.5,375,13,-1024,0,0,1001,0,-1024,1,-1,-1,1,1,-1,-1,-1,-1,-1,0,0,
2026-04-14,19:30:49.860,7.62,98,100,100,-0.154,143.99,67,0,7.98,-0.007,0.929,-0.18,79,0,175.42,13.08,10,0.00,3.86,3.87,3.86,3.86,3.85,3.86,3.86,3.86,31.00,0.0,-30,-30,45.7,467,12,-1024,0,0,1001,0,-1024,1,-1,-1,1,1,-1,-1,-1,-1,-1,0,0,
2026-04-14,19:30:50.130,7.62,98,100,100,-0.151,144.08,66,0,8.02,-0.008,1.054,0.10,80,0,172.64,13.56,10,0.00,3.86,3.87,3.86,3.87,3.85,3.86,3.86,3.86,31.01,0.0,-30,-30,47.8,464,12,-1024,0,0,1001,0,-1024,1,-1,-1,1,1,-1,-1,-1,-1,-1,0,0,
2026-04-14,19:30:50.400,7.62,99,100,100,-0.159,144.17,66,0,8.02,-0.035,0.822,0.21,79,0,171.78,12.25,10,0.00,3.86,3.87,3.86,3.87,3.86,3.87,3.86,3.86,31.02,0.0,-30,-30,40.2,339,12,-1024,0,0,1000,0,-1024,1,-1,-1,1,1,-1,-1,-1,-1,-1,0,0,
2026-04-14,19:30:50.660,7.62,100,100,100,-0.115,144.22,66,0,8.03,-0.010,0.986,0.25,79,0,170.23,11.50,10,0.00,3.86,3.87,3.86,3.87,3.86,3.87,3.86,3.86,31.02,0.0,-30,-30,44.4,331,13,-1024,0,0,1001,0,-1024,1,-1,-1,1,1,-1,-1,-1,-1,-1,0,0,
2026-04-14,19:30:50.930,7.62,100,100,100,-0.093,144.27,66,0,8.00,-0.039,1.179,0.17,78,0,169.82,11.55,10,0.00,3.86,3.87,3.86,3.87,3.86,3.87,3.86,3.86,31.03,0.0,-30,-30,44.4,474,12,-1024,0,0,1001,0,-1024,1,-1,-1,1,1,-1,-1,-1,-1,-1,0,0,
2026-04-14,19:30:51.190,7.62,100,100,100,-0.060,144.33,66,0,8.03,-0.020,0.979,0.20,77,0,170.09,11.13,10,0.00,3.86,3.87,3.86,3.87,3.86,3.87,3.86,3.86,31.03,0.0,-30,-30,42.0,520,12,-1024,0,0,1001,0,-1024,1,-1,-1,1,1,-1,-1,-1,-1,-1,0,0,
2026-04-14,19:30:51.460,7.62,100,100,100,-0.066,144.40,68,0,8.00,-0.015,1.007,0.13,75,0,170.22,11.55,10,0.00,3.86,3.87,3.86,3.87,3.86,3.87,3.86,3.86,31.04,0.0,-30,-30,39.1,643,12,-1024,0,0,1001,0,-1024,1,-1,-1,1,1,-1,-1,-1,-1,-1,0,0,
2026-04-14,19:30:51.730,7.63,100,100,100,-0.102,144.41,70,0,7.98,-0.030,0.937,0.03,71,0,170.14,11.51,10,0.00,3.86,3.87,3.86,3.87,3.86,3.87,3.86,3.86,31.04,0.0,-30,-30,45.7,470,12,-1024,0,0,1000,0,-1024,1,-1,-1,1,1,-1,-1,-1,-1,-1,0,0,
2026-04-14,19:30:52.010,7.62,100,100,100,-0.085,144.44,71,0,7.98,-0.012,0.882,0.09,70,0,169.58,10.82,10,0.00,3.86,3.87,3.86,3.87,3.86,3.87,3.86,3.87,31.05,0.0,-30,-30,40.2,59,13,-1024,0,0,1000,0,-1024,1,-1,-1,1,1,-1,-1,-1,-1,-1,0,0,
2026-04-14,19:30:52.270,7.63,100,100,100,-0.012,144.37,71,0,8.00,-0.051,0.995,-0.08,70,0,169.77,10.68,10,0.00,3.86,3.87,3.86,3.87,3.86,3.87,3.86,3.87,31.05,0.0,-30,-30,40.2,0,13,-1024,0,0,1001,0,-1024,1,-1,-1,1,1,-1,-1,-1,-1,-1,0,0,
2026-04-14,19:30:52.530,7.63,100,100,100,0.018,144.40,69,0,8.00,-0.032,0.937,-0.01,73,0,170.22,10.66,10,0.00,3.86,3.87,3.86,3.87,3.86,3.87,3.86,3.87,31.06,0.0,-30,-30,36.1,0,14,-1024,0,0,1000,0,-1024,1,-1,-1,1,1,-1,-1,-1,-1,-1,0,0,
2026-04-14,19:30:52.800,7.63,100,100,100,-0.001,144.49,69,0,8.04,-0.027,0.990,0.20,76,0,171.51,11.06,10,0.00,3.86,3.87,3.86,3.87,3.86,3.87,3.86,3.87,31.06,0.0,-30,-30,36.1,-457,14,-1024,0,0,1000,0,-1024,1,-1,-1,1,1,-1,-1,-1,-1,-1,0,0,
2026-04-14,19:30:53.060,7.63,100,100,100,0.043,144.48,70,0,7.97,0.002,0.982,0.06,78,0,172.34,10.75,10,0.00,3.86,3.87,3.86,3.87,3.86,3.87,3.87,3.87,31.07,0.0,-30,-30,30.0,-201,14,-1024,0,0,1000,0,-1024,1,-1,-1,1,1,-1,-1,-1,-1,-1,0,0,
2026-04-14,19:30:53.320,7.63,100,100,100,-0.008,144.54,70,0,7.95,-0.033,1.028,0.11,78,0,174.84,11.09,10,0.00,3.86,3.88,3.86,3.87,3.86,3.87,3.87,3.87,31.07,0.0,-30,-30,30.0,0,14,-1024,0,0,1001,0,-1024,1,-1,-1,1,1,-1,-1,-1,-1,-1,0,0,
2026-04-14,19:30:53.580,7.63,100,100,100,0.010,144.51,70,0,8.02,-0.041,0.975,0.08,76,0,175.94,10.92,10,0.00,3.86,3.88,3.87,3.87,3.86,3.87,3.87,3.87,31.07,0.0,-30,-30,32.0,0,14,-1024,0,0,1001,0,-1024,1,-1,-1,1,1,-1,-1,-1,-1,-1,0,0,
2026-04-14,19:30:53.850,7.63,100,100,100,-0.020,144.52,71,0,8.02,-0.048,1.021,-0.02,76,0,177.37,10.93,10,0.00,3.86,3.88,3.87,3.87,3.86,3.87,3.87,3.87,31.07,0.0,-30,-30,33.7,77,14,-1024,0,0,1001,0,-1024,1,-1,-1,1,1,-1,-1,-1,-1,-1,0,0,
2026-04-14,19:30:54.110,7.63,100,100,100,-0.020,144.48,71,0,8.05,-0.032,0.954,-0.02,77,0,178.07,10.49,10,0.00,3.86,3.88,3.87,3.87,3.86,3.87,3.87,3.87,31.08,0.0,-30,-30,30.7,71,14,-1024,0,0,1001,0,-1024,1,-1,-1,1,1,1,-1,-1,-1,-1,0,0,
2026-04-14,19:30:54.370,7.63,100,100,100,-0.021,144.45,71,0,8.06,-0.031,0.999,-0.09,79,0,178.23,10.43,10,0.00,3.86,3.88,3.87,3.87,3.86,3.87,3.87,3.87,31.08,0.0,-30,-30,28.0,0,14,-1024,0,0,1001,0,-1024,1,-1,-1,1,1,1,-1,-1,-1,-1,0,0,
2026-04-14,19:30:54.630,7.63,100,100,100,-0.027,144.55,71,0,8.07,-0.063,1.003,0.11,80,0,178.51,10.24,10,0.00,3.87,3.87,3.87,3.87,3.86,3.87,3.87,3.87,31.09,0.0,-30,-30,25.7,0,14,-1024,0,0,1001,0,-1024,1,-1,-1,1,1,1,-1,-1,-1,-1,0,0,
2026-04-14,19:30:54.900,7.63,100,100,100,-0.028,144.65,71,0,8.07,-0.062,1.036,0.30,80,0,178.46,10.28,10,0.00,3.87,3.87,3.87,3.87,3.86,3.87,3.87,3.87,31.09,0.0,-30,-30,20.7,0,14,-1024,0,0,1001,0,-1024,1,-1,-1,1,1,1,-1,-1,-1,-1,0,0,
2026-04-14,19:30:55.170,7.63,100,100,100,-0.036,144.63,72,0,8.07,-0.040,1.046,0.11,80,0,178.47,10.23,10,0.00,3.87,3.87,3.87,3.87,3.86,3.87,3.87,3.87,31.09,0.0,-30,-30,20.7,0,14,-1024,0,0,1001,0,-1024,1,-1,-1,1,1,1,-1,-1,-1,-1,0,0,
2026-04-14,19:30:55.430,7.63,100,100,100,-0.013,144.62,72,0,8.07,-0.035,1.023,0.00,80,0,178.24,10.16,10,0.00,3.87,3.87,3.87,3.87,3.86,3.87,3.87,3.87,31.10,0.0,-30,-30,20.7,0,14,-1024,0,0,1001,0,-1024,1,-1,-1,1,1,1,-1,-1,-1,-1,0,0,
2026-04-14,19:30:55.700,7.62,100,100,100,-0.051,144.68,71,0,8.07,-0.053,0.970,0.10,80,0,178.14,9.88,10,0.00,3.87,3.88,3.87,3.87,3.86,3.87,3.87,3.87,31.10,0.0,-30,-30,17.8,0,14,-1024,0,0,1000,0,-1024,1,-1,-1,1,1,1,-1,-1,-1,-1,0,0,
2026-04-14,19:30:55.960,7.62,100,100,100,-0.039,144.80,71,0,8.07,-0.059,1.007,0.29,79,0,177.93,9.37,10,0.00,3.87,3.88,3.87,3.87,3.86,3.87,3.87,3.87,31.10,0.0,-30,-30,19.8,0,14,-1024,0,0,1001,0,-1024,1,-1,-1,1,1,1,-1,-1,-1,-1,0,0,
2026-04-14,19:30:56.230,7.63,100,100,100,-0.058,144.78,71,0,8.07,-0.067,0.957,0.14,79,0,177.66,9.22,10,0.00,3.87,3.88,3.87,3.87,3.86,3.87,3.87,3.87,31.10,0.0,-30,-30,12.4,0,14,-1024,0,0,1000,0,-1024,1,-1,-1,1,1,1,-1,-1,-1,-1,0,0,
2026-04-14,19:30:56.490,7.62,100,100,100,-0.047,144.80,71,0,8.07,-0.061,1.011,0.04,75,0,177.29,9.10,10,0.00,3.87,3.88,3.87,3.87,3.86,3.88,3.87,3.87,31.10,0.0,-30,-30,10.7,0,14,-1024,0,0,1000,0,-1024,1,-1,-1,1,1,1,-1,-1,-1,-1,0,0,
2026-04-14,19:30:56.750,7.63,100,100,100,-0.041,144.86,69,0,8.07,-0.056,0.969,0.12,70,0,176.90,8.98,10,0.00,3.87,3.88,3.87,3.87,3.86,3.88,3.87,3.88,31.10,0.0,-30,-30,10.7,0,13,-1024,0,0,1000,0,-1024,1,-1,-1,1,1,1,-1,-1,-1,-1,0,0,
2026-04-14,19:30:57.010,7.63,100,100,100,-0.031,144.89,62,0,8.07,-0.065,0.995,0.13,70,0,176.71,8.88,10,0.00,3.87,3.88,3.87,3.87,3.86,3.88,3.87,3.88,31.10,0.0,-30,-30,10.7,0,14,-1024,0,0,1000,0,-1024,1,-1,-1,1,1,1,-1,-1,-1,-1,0,0,
2026-04-14,19:30:57.270,7.63,100,100,100,-0.039,144.94,59,0,8.07,-0.129,0.962,0.17,70,0,176.45,8.34,10,0.00,3.87,3.88,3.87,3.88,3.86,3.88,3.87,3.88,31.10,0.0,-30,-30,10.7,0,14,-1024,0,0,1001,0,-1024,1,-1,-1,1,1,1,-1,-1,-1,-1,0,0,
2026-04-14,19:30:57.540,7.62,100,100,100,-0.033,144.90,57,0,8.07,-0.116,0.981,-0.05,70,0,176.32,8.02,10,0.00,3.87,3.88,3.87,3.88,3.86,3.88,3.87,3.88,31.11,0.0,-30,-30,12.4,0,13,-1024,0,0,1000,0,-1024,1,-1,-1,1,1,1,-1,-1,-1,-1,0,0,
2026-04-14,19:30:57.800,7.62,100,100,100,-0.032,144.89,57,0,8.07,-0.122,0.978,-0.02,69,0,176.11,7.51,10,0.00,3.87,3.88,3.87,3.88,3.86,3.88,3.87,3.88,31.11,0.0,-30,-30,10.7,0,14,-1024,0,0,1000,0,-1024,1,-1,-1,1,1,1,-1,-1,-1,-1,0,0,
2026-04-14,19:30:58.060,7.62,100,100,100,-0.034,144.84,57,0,8.07,-0.124,0.977,-0.13,69,0,176.01,7.28,10,0.00,3.87,3.88,3.87,3.88,3.86,3.88,3.87,3.88,31.11,0.0,-30,-30,10.7,0,13,-1024,0,0,1001,0,-1024,1,-1,-1,1,1,1,-1,-1,-1,-1,0,0,
2026-04-14,19:30:58.330,7.62,100,100,100,-0.041,144.85,57,0,8.07,-0.121,0.988,-0.13,68,0,175.84,6.88,10,0.00,3.87,3.88,3.87,3.88,3.86,3.88,3.87,3.88,31.11,0.0,-30,-30,15.4,0,13,-1024,0,0,1000,0,-1024,1,-1,-1,1,1,1,-1,-1,-1,-1,0,0,
2026-04-14,19:30:58.590,7.62,100,100,100,-0.040,144.88,57,0,8.07,-0.114,0.972,0.02,68,0,175.68,6.55,10,0.00,3.87,3.88,3.87,3.88,3.86,3.88,3.87,3.88,31.12,0.0,-30,-30,12.4,0,14,-1024,0,0,1000,0,-1024,1,-1,-1,1,1,1,-1,-1,-1,-1,0,0,
2026-04-14,19:30:58.850,7.62,100,100,100,-0.033,144.93,57,0,8.07,-0.116,0.969,0.14,67,0,175.60,6.41,10,0.00,3.87,3.88,3.87,3.88,3.87,3.88,3.87,3.88,31.12,0.0,-30,-30,15.4,0,13,-1024,0,0,1001,0,-1024,1,-1,-1,1,1,1,-1,-1,-1,-1,0,0,
2026-04-14,19:30:59.110,7.63,99,100,100,-0.026,144.91,57,0,8.07,-0.118,0.968,0.04,65,0,175.47,6.16,10,0.00,3.87,3.88,3.87,3.88,3.87,3.88,3.87,3.87,31.13,0.0,-30,-30,15.4,0,13,-1024,0,0,1000,0,-1024,1,-1,-1,1,1,1,-1,-1,-1,-1,0,0,
2026-04-14,19:30:59.380,7.63,99,100,100,-0.035,144.87,57,0,8.07,-0.125,0.975,-0.07,61,0,175.41,6.06,10,0.00,3.87,3.88,3.87,3.88,3.87,3.88,3.87,3.87,31.13,0.0,-30,-30,13.9,0,12,-1024,0,0,1000,0,-1024,1,-1,-1,1,1,1,-1,-1,-1,-1,0,0,
2026-04-14,19:30:59.650,7.63,99,100,100,-0.033,144.87,57,0,8.07,-0.119,0.987,-0.05,59,0,175.30,5.85,10,0.00,3.87,3.88,3.87,3.88,3.87,3.88,3.87,3.87,31.13,0.0,-30,-30,13.9,0,12,-1024,0,0,1001,0,-1024,1,-1,-1,1,1,1,-1,-1,-1,-1,0,0,
2026-04-14,19:30:59.910,7.63,100,100,100,-0.036,144.81,57,0,8.07,-0.120,0.978,-0.12,59,0,175.25,5.78,10,0.00,3.87,3.88,3.87,3.88,3.86,3.88,3.87,3.87,31.13,0.0,-30,-30,15.4,0,13,-1024,0,0,1000,0,-1024,1,-1,-1,1,1,1,-1,-1,-1,-1,0,0,
2026-04-14,19:31:00.170,7.63,99,100,100,-0.037,144.89,56,0,8.07,-0.116,0.971,0.11,62,0,175.16,5.62,10,0.00,3.87,3.88,3.87,3.88,3.86,3.88,3.87,3.88,31.13,0.0,-30,-30,16.5,0,13,-1024,0,0,1000,0,-1024,1,-1,-1,1,1,1,-1,-1,-1,-1,0,0,
2026-04-14,19:31:00.430,7.63,99,100,100,-0.035,144.79,55,0,8.07,-0.119,0.983,-0.12,64,0,175.08,5.49,10,0.00,3.87,3.88,3.87,3.88,3.86,3.88,3.87,3.88,31.13,0.0,-30,-30,15.4,0,12,-1024,0,0,1000,0,-1024,1,-1,-1,1,1,1,-1,-1,-1,-1,0,0,
2026-04-14,19:31:00.690,7.63,99,100,100,-0.039,144.74,54,0,8.07,-0.121,0.980,-0.19,64,0,175.04,5.43,10,0.00,3.87,3.88,3.87,3.88,3.86,3.88,3.87,3.88,31.13,0.0,-30,-30,16.5,0,13,-1024,0,0,1000,0,-1024,1,-1,-1,1,1,1,-1,-1,-1,-1,0,0,
2026-04-14,19:31:00.960,7.63,100,100,100,-0.049,144.74,54,0,8.07,-0.126,0.987,-0.07,65,0,174.99,5.34,10,0.00,3.87,3.88,3.88,3.88,3.86,3.88,3.87,3.88,31.14,0.0,-30,-30,18.7,0,13,-1024,0,0,1000,0,-1024,1,-1,-1,1,1,1,-1,-1,-1,-1,0,0,
2026-04-14,19:31:01.220,7.63,100,100,100,-0.038,144.74,53,0,8.07,-0.121,0.979,-0.08,67,0,174.94,5.29,10,0.00,3.87,3.88,3.88,3.88,3.87,3.88,3.87,3.88,31.14,0.0,-30,-30,17.8,0,12,-1024,0,0,1001,0,-1024,1,-1,-1,1,1,1,-1,-1,-1,-1,0,0,
2026-04-14,19:31:01.500,7.62,100,100,100,-0.023,144.68,54,0,8.07,-0.117,0.979,-0.06,68,0,174.89,5.21,10,0.00,3.87,3.88,3.88,3.88,3.87,3.88,3.87,3.88,31.14,0.0,-30,-30,21.7,0,13,-1024,0,0,1000,0,-1024,1,-1,-1,1,1,1,-1,-1,-1,-1,0,0,
2026-04-14,19:31:01.760,7.62,100,100,100,-0.026,144.65,53,0,8.07,-0.121,0.981,-0.06,68,0,174.85,5.15,10,0.00,3.87,3.88,3.88,3.88,3.87,3.88,3.87,3.88,31.14,0.0,-30,-30,21.7,0,13,-1024,0,0,1000,0,-1024,1,-1,-1,1,1,1,-1,-1,-1,-1,0,0,
2026-04-14,19:31:02.030,7.62,100,100,100,-0.031,144.62,53,0,8.07,-0.122,0.968,-0.08,69,0,174.84,5.10,10,0.00,3.87,3.88,3.87,3.88,3.87,3.88,3.87,3.88,31.14,0.0,-30,-30,23.5,0,13,-1024,0,0,1000,0,-1024,1,-1,-1,1,1,1,-1,-1,-1,-1,0,0,
2026-04-14,19:31:02.300,7.62,100,100,100,-0.056,144.59,54,0,8.07,-0.119,0.984,-0.14,70,0,174.78,5.06,10,0.00,3.87,3.88,3.87,3.88,3.87,3.88,3.87,3.88,31.14,0.0,-30,-30,19.8,0,13,-1024,0,0,1001,0,-1024,1,-1,-1,1,1,1,-1,-1,-1,-1,0,0,
2026-04-14,19:31:02.560,7.63,99,100,100,-0.030,144.68,54,0,8.07,-0.126,0.983,0.07,70,0,174.74,5.02,10,0.00,3.87,3.88,3.87,3.88,3.87,3.88,3.87,3.88,31.14,0.0,-30,-30,23.5,0,13,-1024,0,0,1001,0,-1024,1,-1,-1,1,1,1,-1,-1,-1,-1,0,0,
2026-04-14,19:31:02.830,7.63,99,100,100,-0.036,144.65,54,0,8.07,-0.114,0.987,0.23,69,0,174.72,5.02,10,0.00,3.87,3.88,3.87,3.88,3.87,3.88,3.87,3.88,31.14,0.0,-30,-30,21.7,0,13,-1024,0,0,1000,0,-1024,1,-1,-1,1,1,1,-1,-1,-1,-1,0,0,
2026-04-14,19:31:03.090,7.63,99,100,100,-0.028,144.61,55,0,8.07,-0.120,0.988,-0.15,65,0,174.71,4.95,10,0.00,3.87,3.89,3.87,3.88,3.87,3.88,3.87,3.88,31.14,0.0,-30,-30,21.7,0,14,-1024,0,0,1001,0,-1024,1,-1,-1,1,1,1,-1,-1,-1,-1,0,0,
2026-04-14,19:31:03.350,7.63,100,100,100,-0.039,144.57,55,0,8.07,-0.120,0.968,-0.10,65,0,174.71,4.94,10,0.00,3.87,3.89,3.87,3.88,3.87,3.88,3.87,3.88,31.14,0.0,-30,-30,20.7,0,14,-1024,0,0,1001,0,-1024,1,-1,-1,1,1,1,-1,-1,-1,-1,0,0,
2026-04-14,19:31:03.610,7.63,100,100,100,-0.036,144.52,54,0,8.07,-0.117,0.964,-0.19,65,0,174.67,4.91,10,0.00,3.87,3.89,3.87,3.88,3.87,3.88,3.87,3.88,31.14,0.0,-30,-30,18.7,0,14,-1024,0,0,1001,0,-1024,1,-1,-1,1,1,1,-1,-1,-1,-1,0,0,
2026-04-14,19:31:03.870,7.62,100,100,100,-0.032,144.52,55,0,8.07,-0.116,0.972,-0.08,60,0,174.66,4.90,10,0.00,3.87,3.89,3.87,3.88,3.87,3.88,3.88,3.88,31.14,0.0,-30,-30,18.7,0,14,-1024,0,0,1001,0,-1024,1,-1,-1,1,1,1,-1,-1,-1,-1,0,0,
2026-04-14,19:31:04.140,7.62,100,100,100,-0.033,144.63,55,0,8.07,-0.118,0.980,0.19,59,0,174.64,4.90,10,0.00,3.87,3.89,3.87,3.88,3.87,3.88,3.88,3.88,31.14,0.0,-30,-30,18.7,0,14,-1024,0,0,1001,0,-1024,1,-1,-1,1,1,1,-1,-1,-1,-1,0,0,
2026-04-14,19:31:04.400,7.62,100,100,100,-0.043,144.64,54,0,8.07,-0.116,0.971,0.13,54,0,174.65,4.88,10,0.00,3.87,3.89,3.87,3.88,3.87,3.88,3.88,3.88,31.14,0.0,-30,-30,20.7,0,14,-1024,0,0,1000,0,-1024,1,-1,-1,1,1,1,-1,-1,-1,-1,0,0,
2026-04-14,19:31:04.670,7.62,100,100,100,-0.040,144.64,53,0,8.07,-0.123,0.985,0.03,55,0,174.64,4.88,10,0.00,3.87,3.89,3.87,3.88,3.87,3.88,3.88,3.88,31.14,0.0,-30,-30,17.8,0,14,-1024,0,0,1001,0,-1024,1,-1,-1,1,1,1,-1,-1,-1,-1,0,0,
2026-04-14,19:31:04.940,7.63,100,100,100,-0.013,144.69,52,0,8.07,-0.132,0.982,0.13,57,0,174.61,4.86,10,0.00,3.87,3.89,3.87,3.88,3.87,3.88,3.88,3.88,31.14,0.0,-30,-30,15.4,0,14,-1024,0,0,1000,0,-1024,1,-1,-1,1,1,1,-1,-1,-1,-1,0,0,
2026-04-14,19:31:05.210,7.62,100,100,100,-0.035,144.64,52,0,8.07,-0.119,0.978,-0.04,54,0,174.64,4.84,10,0.00,3.87,3.89,3.87,3.88,3.87,3.88,3.88,3.88,31.14,0.0,-30,-30,15.4,0,13,-1024,0,0,1001,0,-1024,1,-1,-1,1,1,1,-1,-1,-1,-1,0,0,
2026-04-14,19:31:05.480,7.62,100,100,100,-0.029,144.62,52,0,8.07,-0.127,0.981,-0.07,53,0,174.61,4.90,10,0.00,3.87,3.89,3.87,3.88,3.87,3.88,3.88,3.88,31.15,0.0,-30,-30,0.0,0,13,-1024,0,0,1001,0,-1024,1,-1,-1,1,1,1,-1,-1,-1,-1,0,0,
2026-04-14,19:31:05.750,7.62,100,100,100,-0.051,144.63,50,0,8.07,-0.111,0.960,0.01,55,0,174.62,4.89,10,0.00,3.87,3.89,3.87,3.88,3.87,3.88,3.88,3.88,31.15,0.0,-30,-30,0.0,0,14,-1024,0,0,1001,0,-1024,1,-1,-1,1,1,1,-1,-1,-1,-1,0,0,
2026-04-14,19:31:06.020,7.63,100,100,100,-0.047,144.57,49,0,8.07,-0.124,0.981,-0.12,57,0,174.60,4.89,10,0.00,3.87,3.89,3.87,3.88,3.87,3.88,3.88,3.88,31.15,0.0,-30,-30,0.0,0,14,-1024,0,0,1000,0,-1024,1,-1,-1,1,1,1,-1,-1,-1,-1,0,0,
2026-04-14,19:31:06.290,7.62,99,100,100,-0.022,144.66,47,0,8.07,-0.132,0.977,0.08,56,0,174.63,4.85,10,0.00,3.87,3.89,3.87,3.88,3.87,3.88,3.88,3.88,31.15,0.0,-30,-30,6.1,0,14,-1024,0,0,1000,0,-1024,1,-1,-1,1,1,1,-1,-1,-1,-1,0,0,
2026-04-14,19:31:06.550,7.62,98,100,100,-0.043,144.77,45,0,8.07,-0.153,0.995,0.28,59,0,174.60,4.33,10,0.00,3.87,3.88,3.87,3.88,3.87,3.88,3.88,3.88,31.15,0.0,-30,-30,6.1,0,13,-1024,0,0,1001,0,-1024,1,-1,-1,1,1,1,-1,-1,-1,-1,0,0,
2026-04-14,19:31:06.810,7.62,98,100,100,-0.033,144.87,46,0,8.07,-0.140,0.921,0.32,59,0,174.57,4.17,10,0.00,3.87,3.88,3.88,3.88,3.87,3.88,3.88,3.88,31.15,0.0,-30,-30,0.0,0,13,-1024,0,0,1001,0,-1024,1,-1,-1,1,1,1,-1,-1,-1,-1,0,0,
2026-04-14,19:31:07.080,7.62,99,100,100,-0.059,144.84,48,0,8.07,-0.104,0.967,0.13,55,0,174.57,5.04,10,0.00,3.87,3.88,3.88,3.88,3.87,3.88,3.88,3.88,31.15,0.0,-30,-30,0.0,0,13,-1024,0,0,1001,0,-1024,1,-1,-1,1,1,1,-1,-1,-1,-1,0,0,
2026-04-14,19:31:07.340,7.62,98,100,100,-0.032,144.79,47,0,8.07,-0.127,1.020,-0.09,55,0,174.59,4.74,10,0.00,3.87,3.88,3.88,3.88,3.87,3.88,3.88,3.88,31.15,0.0,-30,-30,0.0,0,13,-1024,0,0,1000,0,-1024,1,-1,-1,1,1,1,-1,-1,-1,-1,0,0,
2026-04-14,19:31:07.600,7.62,98,100,100,-0.068,144.82,48,0,8.07,-0.188,0.937,0.00,59,0,174.57,4.05,10,0.00,3.87,3.88,3.88,3.88,3.87,3.88,3.88,3.88,31.16,0.0,-30,-30,0.0,0,13,-1024,0,0,1000,0,-1024,1,-1,-1,1,1,1,-1,-1,-1,-1,0,0,
2026-04-14,19:31:07.870,7.62,98,100,100,-0.038,144.80,49,0,8.07,-0.078,0.947,-0.01,62,0,174.41,5.31,10,0.00,3.88,3.88,3.88,3.88,3.87,3.88,3.88,3.88,31.16,0.0,-30,-30,0.0,0,13,-1024,0,0,1001,0,-1024,1,-1,-1,1,1,1,-1,-1,-1,-1,0,0,
2026-04-14,19:31:08.130,7.62,100,100,100,0.000,144.75,48,0,8.07,-0.167,0.966,-0.13,63,0,174.47,5.01,10,0.00,3.88,3.88,3.88,3.88,3.87,3.88,3.88,3.88,31.16,0.0,-30,-30,0.0,0,14,-1024,0,0,1000,0,-1024,1,-1,-1,1,1,1,-1,-1,-1,-1,0,0,
2026-04-14,19:31:08.390,7.62,100,100,100,-0.038,144.68,47,0,8.07,-0.132,1.057,-0.16,56,0,174.52,4.91,10,0.00,3.88,3.88,3.88,3.88,3.87,3.88,3.88,3.88,31.16,0.0,-30,-30,0.0,0,13,-1024,0,0,1000,0,-1024,1,-1,-1,1,1,1,-1,-1,-1,-1,0,0,
2026-04-14,19:31:08.650,7.62,99,100,100,-0.049,144.62,47,0,8.07,-0.098,0.957,-0.09,59,0,174.50,4.91,10,0.00,3.88,3.88,3.88,3.88,3.87,3.88,3.88,3.88,31.16,0.0,-30,-30,0.0,0,13,-1024,0,0,1001,0,-1024,1,-1,-1,1,1,1,-1,-1,-1,-1,0,0,
2026-04-14,19:31:08.920,7.62,99,100,100,0.004,144.66,47,0,8.07,-0.147,0.944,0.06,54,0,174.41,5.53,10,0.00,3.88,3.88,3.88,3.88,3.87,3.88,3.88,3.88,24.46,0.0,-30,-30,0.0,0,14,-1024,0,0,1001,0,-1024,1,-1,-1,1,1,1,-1,-1,-1,-1,0,0,
2026-04-14,19:31:09.180,7.62,99,100,100,-0.030,144.71,46,0,8.07,-0.116,0.970,0.10,58,0,174.47,5.30,10,0.00,3.88,3.88,3.88,3.88,3.87,3.88,3.88,3.88,24.46,0.0,-30,-30,12.4,0,14,-1024,0,0,1000,0,-1024,1,-1,-1,1,1,1,-1,-1,-1,-1,0,0,
2026-04-14,19:31:09.450,7.62,99,100,100,-0.054,144.71,46,0,8.07,-0.107,0.967,0.10,59,0,174.45,5.33,10,0.00,3.88,3.88,3.88,3.88,3.87,3.88,3.88,3.88,24.46,0.0,-30,-30,6.1,0,14,-1024,0,0,1000,0,-1024,1,-1,-1,1,1,1,-1,-1,-1,-1,0,0,
2026-04-14,19:31:09.720,7.62,99,100,100,-0.054,144.71,42,0,8.07,-0.107,0.967,0.10,59,0,174.45,5.33,10,0.00,3.88,3.88,3.88,3.88,3.87,3.88,3.88,3.88,24.46,0.0,-30,-30,6.1,0,13,-1024,0,0,1000,0,-1024,1,-1,-1,1,1,1,-1,-1,-1,-1,0,0,
2026-04-14,19:31:09.980,7.62,99,100,100,-0.054,144.71,38,0,8.07,-0.107,0.967,0.10,59,0,174.45,5.33,10,0.00,3.88,3.88,3.88,3.88,3.87,3.88,3.88,3.88,24.46,0.0,-30,-30,6.1,0,13,-1024,0,0,1001,0,-1024,1,-1,-1,1,1,1,-1,-1,-1,-1,0,0,
2026-04-14,19:31:10.240,7.62,99,100,100,-0.054,144.71,34,2,8.07,-0.107,0.967,0.10,59,0,174.45,5.33,10,0.00,3.88,3.88,3.88,3.88,3.87,3.88,3.88,3.88,24.46,0.0,-30,-30,6.1,0,14,-1024,0,0,1001,0,-1024,1,-1,-1,1,1,1,-1,-1,-1,-1,0,0,
2026-04-14,19:31:10.500,7.63,99,100,100,-0.054,144.71,34,2,8.07,-0.107,0.967,0.10,59,0,174.45,5.33,10,0.00,3.88,3.88,3.88,3.88,3.87,3.88,3.88,3.88,24.46,0.0,-30,-30,6.1,0,14,-1024,0,0,1000,0,-1024,1,-1,-1,1,1,1,-1,-1,-1,-1,0,0,
2026-04-14,19:31:10.770,7.62,99,100,100,-0.054,144.71,34,2,8.07,-0.107,0.967,0.10,59,0,174.45,5.33,10,0.00,3.88,3.88,3.88,3.88,3.87,3.88,3.88,3.88,24.46,0.0,-30,-30,6.1,0,13,-1024,0,0,1001,0,-1024,1,-1,-1,1,1,1,-1,-1,-1,-1,0,0,
2026-04-14,19:31:11.030,7.62,99,100,100,-0.054,144.71,34,2,8.07,-0.107,0.967,0.10,59,0,174.45,5.33,10,0.00,3.88,3.88,3.88,3.88,3.87,3.88,3.88,3.88,24.46,0.0,-30,-30,6.1,0,14,-1024,0,0,1000,0,-1024,1,-1,-1,1,1,1,-1,-1,-1,-1,0,0,
2026-04-14,19:31:11.290,7.62,99,100,100,-0.054,144.71,34,2,8.07,-0.107,0.967,0.10,59,0,174.45,5.33,10,0.00,3.88,3.88,3.88,3.88,3.87,3.88,3.88,3.88,24.46,0.0,-30,-30,6.1,0,13,-1024,0,0,1000,0,-1024,1,-1,-1,1,1,1,-1,-1,-1,-1,0,0,
2026-04-14,19:31:11.550,7.62,99,100,100,-0.054,144.71,34,2,8.07,-0.107,0.967,0.10,59,0,174.45,5.33,10,0.00,3.88,3.88,3.88,3.88,3.87,3.88,3.88,3.88,24.46,0.0,-30,-30,6.1,0,13,-1024,0,0,1000,0,-1024,1,-1,-1,1,1,1,-1,-1,-1,-1,0,0,
2026-04-14,19:31:11.820,7.62,99,100,100,-0.054,144.71,34,2,8.07,-0.107,0.967,0.10,59,0,174.45,5.33,10,0.00,3.88,3.88,3.88,3.88,3.87,3.88,3.88,3.88,24.46,0.0,-30,-30,6.1,0,14,-1024,0,0,1001,0,-1024,1,-1,-1,1,1,1,-1,-1,-1,-1,0,0,
2026-04-14,19:31:12.080,7.62,99,100,100,-0.054,144.71,34,2,8.07,-0.107,0.967,0.10,59,0,174.45,5.33,10,0.00,3.88,3.88,3.88,3.88,3.87,3.88,3.88,3.88,24.46,0.0,-30,-30,6.1,0,14,-1024,0,0,1001,0,-1024,1,-1,-1,1,1,1,-1,-1,-1,-1,0,0,
2026-04-14,19:31:12.340,7.62,99,100,100,-0.054,144.71,34,2,8.07,-0.107,0.967,0.10,59,0,174.45,5.33,10,0.00,3.88,3.88,3.88,3.88,3.87,3.88,3.88,3.88,24.46,0.0,-30,-30,6.1,0,14,-1024,0,0,1000,0,-1024,1,-1,-1,1,1,1,-1,-1,-1,-1,0,0,
2026-04-14,19:31:12.610,7.61,99,100,100,-0.054,144.71,34,2,8.07,-0.107,0.967,0.10,59,0,174.45,5.33,10,0.00,3.88,3.88,3.88,3.88,3.87,3.88,3.88,3.88,24.46,0.0,-30,-30,6.1,0,13,-1024,0,0,1000,0,-1024,1,-1,-1,1,1,1,-1,-1,-1,-1,0,0,
2026-04-14,19:31:12.880,7.61,99,100,100,-0.054,144.71,34,2,8.07,-0.107,0.967,0.10,59,0,174.45,5.33,10,0.00,3.88,3.88,3.88,3.88,3.87,3.88,3.88,3.88,24.46,0.0,-30,-30,6.1,0,13,-1024,0,0,1000,0,-1024,1,-1,-1,1,1,1,-1,-1,-1,-1,0,0,
2026-04-14,19:31:13.150,7.61,99,100,100,-0.054,144.71,34,2,8.07,-0.107,0.967,0.10,59,0,174.45,5.33,10,0.00,3.88,3.88,3.88,3.88,3.87,3.88,3.88,3.88,24.46,0.0,-30,-30,6.1,0,14,-1024,0,0,1000,0,-1024,1,-1,-1,1,1,1,-1,-1,-1,-1,0,0,
2026-04-14,19:31:13.410,7.62,99,100,100,-0.054,144.71,34,2,8.07,-0.107,0.967,0.10,59,0,174.45,5.33,10,0.00,3.88,3.88,3.88,3.88,3.87,3.88,3.88,3.88,24.46,0.0,-30,-30,6.1,0,14,-1024,0,0,1001,0,-1024,1,-1,-1,1,1,1,-1,-1,-1,-1,0,0,
2026-04-14,19:31:13.680,7.61,99,100,100,-0.054,144.71,34,2,8.07,-0.107,0.967,0.10,59,0,174.45,5.33,10,0.00,3.88,3.88,3.88,3.88,3.87,3.88,3.88,3.88,24.46,0.0,-30,-30,6.1,0,14,-1024,0,0,1000,0,-1024,1,-1,-1,1,1,1,-1,-1,-1,-1,0,0,
2026-04-14,19:31:13.940,7.62,99,100,100,-0.054,144.71,34,2,8.07,-0.107,0.967,0.10,59,0,174.45,5.33,10,0.00,3.88,3.88,3.88,3.88,3.87,3.88,3.88,3.88,24.46,0.0,-30,-30,6.1,0,14,-1024,0,0,1000,0,-1024,1,-1,-1,1,1,1,-1,-1,-1,-1,0,0,
2026-04-14,19:31:14.200,7.61,99,100,100,-0.054,144.71,34,2,8.07,-0.107,0.967,0.10,59,0,174.45,5.33,10,0.00,3.88,3.88,3.88,3.88,3.87,3.88,3.88,3.88,24.46,0.0,-30,-30,6.1,0,14,-1024,0,0,1000,0,-1024,1,-1,-1,1,1,1,-1,-1,-1,-1,0,0,
2026-04-14,19:31:14.460,7.62,99,100,100,-0.054,144.71,34,2,8.07,-0.107,0.967,0.10,59,0,174.45,5.33,10,0.00,3.88,3.88,3.88,3.88,3.87,3.88,3.88,3.88,24.46,0.0,-30,-30,6.1,0,14,-1024,0,0,1000,0,-1024,1,-1,-1,1,1,1,-1,-1,-1,-1,0,0,
2026-04-14,19:31:14.720,7.61,99,100,100,-0.054,144.71,34,2,8.07,-0.107,0.967,0.10,59,0,174.45,5.33,10,0.00,3.88,3.88,3.88,3.88,3.87,3.88,3.88,3.88,24.46,0.0,-30,-30,6.1,0,14,-1024,0,0,1001,0,-1024,1,-1,-1,1,1,1,-1,-1,-1,-1,0,0,
2026-04-14,19:31:14.980,7.62,99,100,100,-0.054,144.71,34,2,8.07,-0.107,0.967,0.10,59,0,174.45,5.33,10,0.00,3.88,3.88,3.88,3.88,3.87,3.88,3.88,3.88,24.46,0.0,-30,-30,6.1,0,14,-1024,0,0,1001,0,-1024,1,-1,-1,1,1,1,-1,-1,-1,-1,0,0,
2026-04-14,19:31:15.240,7.62,99,100,100,-0.054,144.71,34,2,8.07,-0.107,0.967,0.10,59,0,174.45,5.33,10,0.00,3.88,3.88,3.88,3.88,3.87,3.88,3.88,3.88,24.46,0.0,-30,-30,6.1,0,14,-1024,0,0,1001,0,-1024,1,-1,-1,1,1,1,-1,-1,-1,-1,0,0,
2026-04-14,19:31:15.500,7.62,99,100,100,-0.054,144.71,34,2,8.07,-0.107,0.967,0.10,59,0,174.45,5.33,10,0.00,3.88,3.88,3.88,3.88,3.87,3.88,3.88,3.88,24.46,0.0,-30,-30,6.1,0,15,-1024,0,0,1000,0,-1024,1,-1,-1,1,1,1,-1,-1,-1,-1,0,0,
2026-04-14,19:31:15.770,7.62,99,100,100,-0.054,144.71,34,2,8.07,-0.107,0.967,0.10,59,0,174.45,5.33,10,0.00,3.88,3.88,3.88,3.88,3.87,3.88,3.88,3.88,24.46,0.0,-30,-30,6.1,0,14,-1024,0,0,1001,0,-1024,1,-1,-1,1,1,1,-1,-1,-1,-1,0,0,
2026-04-14,19:31:16.030,7.62,99,100,100,-0.054,144.71,34,2,8.07,-0.107,0.967,0.10,59,0,174.45,5.33,10,0.00,3.88,3.88,3.88,3.88,3.87,3.88,3.88,3.88,24.46,0.0,-30,-30,6.1,0,14,-1024,0,0,1001,0,-1024,1,-1,-1,1,1,1,-1,-1,-1,-1,0,0,
2026-04-14,19:31:16.290,7.62,99,100,100,-0.054,144.71,34,2,8.07,-0.107,0.967,0.10,59,0,174.45,5.33,10,0.00,3.88,3.88,3.88,3.88,3.87,3.88,3.88,3.88,24.46,0.0,-30,-30,6.1,0,14,-1024,0,0,1001,0,-1024,1,-1,-1,1,1,1,-1,-1,-1,-1,0,0,
2026-04-14,19:31:16.550,7.62,99,100,100,-0.054,144.71,34,2,8.07,-0.107,0.967,0.10,59,0,174.45,5.33,10,0.00,3.88,3.88,3.88,3.88,3.87,3.88,3.88,3.88,24.46,0.0,-30,-30,6.1,0,14,-1024,0,0,1000,0,-1024,1,-1,-1,1,1,1,-1,-1,-1,-1,0,0,
2026-04-14,19:31:16.810,7.62,99,100,100,-0.054,144.71,34,2,8.07,-0.107,0.967,0.10,59,0,174.45,5.33,10,0.00,3.88,3.88,3.88,3.88,3.87,3.88,3.88,3.88,24.46,0.0,-30,-30,6.1,0,14,-1024,0,0,1001,0,-1024,1,-1,-1,1,1,1,-1,-1,-1,-1,0,0,
2026-04-14,19:31:17.070,7.63,99,100,100,-0.054,144.71,34,2,8.07,-0.107,0.967,0.10,59,0,174.45,5.33,10,0.00,3.88,3.88,3.88,3.88,3.87,3.88,3.88,3.88,24.46,0.0,-30,-30,6.1,0,-399,-1024,0,0,1001,0,-1024,1,-1,-1,1,1,1,-1,-1,-1,-1,0,0,
2026-04-14,19:31:17.330,7.63,99,100,100,-0.054,144.71,34,2,8.07,-0.107,0.967,0.10,59,0,174.45,5.33,10,0.00,3.88,3.88,3.88,3.88,3.87,3.88,3.88,3.88,24.46,0.0,-30,-30,6.1,0,-113,-1024,0,0,1000,0,-1024,1,-1,-1,1,1,1,-1,-1,-1,-1,0,0,
2026-04-14,19:31:17.590,7.62,99,100,100,-0.054,144.71,34,2,8.07,-0.107,0.967,0.10,59,0,174.45,5.33,10,0.00,3.88,3.88,3.88,3.88,3.87,3.88,3.88,3.88,24.46,0.0,-30,-30,6.1,0,-286,-1024,0,0,1001,0,-1024,1,-1,-1,1,1,1,-1,-1,-1,-1,0,0,
2026-04-14,19:31:17.860,7.62,99,100,100,-0.054,144.71,34,2,8.07,-0.107,0.967,0.10,59,0,174.45,5.33,10,0.00,3.88,3.88,3.88,3.88,3.87,3.88,3.88,3.88,24.46,0.0,-30,-30,6.1,0,-302,-1024,0,0,1000,0,-1024,1,-1,-1,1,1,1,-1,-1,-1,-1,0,0,
2026-04-14,19:31:18.120,7.62,99,100,100,-0.054,144.71,34,2,8.07,-0.107,0.967,0.10,59,0,174.45,5.33,10,0.00,3.88,3.88,3.88,3.88,3.87,3.88,3.88,3.88,24.46,0.0,-30,-30,6.1,-158,-132,-1024,0,0,1001,0,-1024,1,-1,-1,1,1,1,-1,-1,-1,-1,0,0,
2026-04-14,19:31:18.380,7.63,99,100,100,-0.054,144.71,34,2,8.07,-0.107,0.967,0.10,59,0,174.45,5.33,10,0.00,3.88,3.88,3.88,3.88,3.87,3.88,3.88,3.88,24.46,0.0,-30,-30,6.1,0,17,-1024,0,0,1000,0,-1024,1,-1,-1,1,1,1,-1,-1,-1,-1,0,0,
2026-04-14,19:31:18.640,7.62,99,100,100,-0.054,144.71,34,2,8.07,-0.107,0.967,0.10,59,0,174.45,5.33,10,0.00,3.88,3.88,3.88,3.88,3.87,3.88,3.88,3.88,24.46,0.0,-30,-30,6.1,0,15,-1024,0,0,1001,0,-1024,1,-1,-1,1,1,1,-1,-1,-1,-1,0,0,
2026-04-14,19:31:18.920,7.62,99,100,100,-0.054,144.71,34,2,8.07,-0.107,0.967,0.10,59,0,174.45,5.33,10,0.00,3.88,3.88,3.88,3.88,3.87,3.88,3.88,3.88,,,-30,-30,6.1,0,15,-1024,0,0,1001,0,-1024,1,-1,-1,1,1,1,-1,-1,-1,-1,0,0,
2026-04-14,19:31:19.180,7.62,99,100,100,-0.054,,34,2,8.07,-0.107,0.967,,59,0,174.45,5.33,10,0.00,,,,,,,,,,,,,6.1,0,15,-1024,0,0,1001,0,-1024,1,-1,-1,1,1,1,-1,-1,-1,-1,0,0,
2026-04-14,19:31:19.450,7.62,,,,,,34,2,,,,,,,,,10,,,,,,,,,,,,,,,0,14,-1024,0,0,1001,0,-1024,1,-1,-1,1,1,1,-1,-1,-1,-1,0,0,
2026-04-14,19:31:19.710,7.62,,,,,,34,2,,,,,,,,,10,,,,,,,,,,,,,,,0,14,-1024,0,0,1001,0,-1024,1,-1,-1,1,1,1,-1,-1,-1,-1,0,0,
2026-04-14,19:31:19.980,7.62,,,,,,34,2,,,,,,,,,10,,,,,,,,,,,,,,,0,15,-1024,0,0,1000,0,-1024,1,-1,-1,1,1,1,-1,-1,-1,-1,0,0,
2026-04-14,19:31:20.240,7.63,,,,,,,,,,,,,,,,10,,,,,,,,,,,,,,,0,14,-1024,0,0,1001,0,-1024,1,-1,-1,1,1,1,-1,-1,-1,-1,0,0,
2026-04-14,19:31:20.500,7.63,,,,,,,,,,,,,,,,10,,,,,,,,,,,,,,,0,14,-1024,0,0,1000,0,-1024,1,-1,-1,1,1,1,-1,-1,-1,-1,0,0,
2026-04-14,19:31:20.770,7.62,,,,,,,,,,,,,,,,10,,,,,,,,,,,,,,,0,15,-1024,0,0,1000,0,-1024,1,-1,-1,1,1,1,-1,-1,-1,-1,0,0,
