Date,Time,TxBat(V),VFR 2.4G(%),Rx VFR(%),VFR 900M(%),AccY(g),Altitude(m),RSSI 2.4G(dB),RX,RxBatt(V),AccX(g),AccZ(g),VSpeed(m/s),RSSI 900M(dB),RX,R.angle(°),P.angle(°),Power 900M(mW),ADC2(V),LiPo1(V),LiPo2(V),LiPo3(V),LiPo4(V),LiPo5(V),LiPo6(V),LiPo7(V),LiPo8(V),VFAS(V),Current(A),Temp1(°C),Temp2(°C),Air speed(km/h),Rudder,Elevator,Throttle,Aileron,Pot1,Pot2,Slider left,Slider right,SA,SB,SC,SD,SE,SF,SG,SH,SI,SJ,LS1,LS2,
2026-04-14,21:53:37.190,7.63,100,100,100,-0.005,1.88,79,0,8.07,-0.137,1.008,0.28,83,0,177.95,-6.51,10,0.00,3.96,3.97,3.95,3.96,3.95,3.96,3.96,3.96,31.74,0.0,-30,-30,28.7,0,14,-1024,0,0,999,0,0,1,-1,0,1,-1,-1,-1,-1,-1,-1,0,0,
2026-04-14,21:53:37.420,7.64,100,100,99,-0.034,1.82,79,0,8.07,-0.145,1.008,0.17,80,0,177.99,-6.45,10,0.00,3.96,3.97,3.95,3.96,3.95,3.96,3.96,3.96,31.74,0.0,-30,-30,30.7,0,14,-1024,0,0,1000,0,0,1,-1,0,1,-1,-1,-1,-1,-1,-1,0,0,
2026-04-14,21:53:37.680,7.63,100,100,99,-0.032,1.71,80,0,8.07,-0.120,0.970,-0.29,79,0,178.02,-6.53,10,0.00,3.96,3.97,3.95,3.96,3.95,3.96,3.96,3.96,31.74,0.0,-30,-30,32.0,0,14,-1024,0,0,1000,0,0,1,-1,0,1,-1,-1,-1,-1,-1,-1,0,0,
2026-04-14,21:53:37.950,7.63,100,100,99,-0.044,1.64,81,0,8.07,-0.132,0.997,-0.27,80,0,177.98,-6.52,10,0.00,3.96,3.97,3.95,3.96,3.95,3.96,3.96,3.96,31.74,0.0,-30,-30,33.2,0,14,-1024,0,0,999,0,0,1,-1,0,1,-1,-1,-1,-1,-1,-1,0,0,
2026-04-14,21:53:38.210,7.63,100,100,99,-0.033,1.95,81,0,8.07,-0.125,0.977,0.23,81,0,178.02,-6.60,10,0.00,3.96,3.97,3.95,3.96,3.95,3.96,3.96,3.96,31.74,0.0,-30,-30,35.0,0,14,-1024,0,0,999,0,0,1,-1,0,1,-1,-1,-1,-1,-1,-1,0,0,
2026-04-14,21:53:38.480,7.63,100,100,99,-0.008,1.90,81,0,8.07,-0.117,0.961,0.12,79,0,177.96,-6.49,10,0.00,3.96,3.97,3.95,3.96,3.95,3.96,3.96,3.96,31.74,0.0,-30,-30,38.2,0,14,-1024,0,0,999,0,0,1,-1,0,1,-1,-1,-1,-1,-1,-1,0,0,
2026-04-14,21:53:38.750,7.63,100,100,99,-0.040,1.62,81,0,8.07,-0.103,0.958,-0.51,79,0,178.05,-6.59,10,0.00,3.96,3.97,3.95,3.96,3.95,3.96,3.96,3.96,31.74,0.0,-30,-30,33.2,0,14,-1024,0,0,999,0,0,1,-1,0,1,-1,-1,-1,-1,-1,-1,0,0,
2026-04-14,21:53:39.010,7.63,100,100,99,-0.014,1.51,82,0,8.07,-0.102,1.009,-0.47,81,0,178.00,-6.55,10,0.00,3.96,3.97,3.95,3.96,3.95,3.96,3.96,3.96,31.74,0.0,-30,-30,33.2,0,14,-1024,0,0,999,0,0,1,-1,0,1,-1,-1,-1,-1,-1,-1,0,0,
2026-04-14,21:53:39.270,7.63,100,100,99,-0.046,1.48,82,0,8.07,-0.143,0.975,-0.30,79,0,178.02,-6.67,10,0.00,3.96,3.97,3.95,3.96,3.95,3.96,3.96,3.96,31.74,0.0,-30,-30,37.0,0,15,-1024,0,0,999,0,0,1,-1,0,1,-1,-1,-1,-1,-1,-1,0,0,
2026-04-14,21:53:39.530,7.62,100,100,99,-0.038,1.40,82,0,8.07,-0.126,0.985,-0.25,80,0,178.03,-6.63,10,0.00,3.96,3.97,3.95,3.96,3.95,3.96,3.96,3.96,31.74,0.0,-30,-30,41.1,0,14,-1024,0,0,999,0,0,1,-1,0,1,-1,-1,-1,1,-1,-1,1,0,
2026-04-14,21:53:39.800,7.62,100,100,99,-0.033,1.35,82,0,8.07,-0.120,0.973,-0.17,81,0,178.00,-6.67,10,0.00,3.96,3.97,3.95,3.96,3.95,3.96,3.96,3.96,31.74,0.0,-30,-30,36.5,0,14,-1024,0,0,1000,0,0,1,-1,0,1,-1,-1,-1,-1,-1,-1,1,0,
2026-04-14,21:53:40.070,7.63,100,100,98,-0.027,1.24,82,0,8.07,-0.114,0.975,-0.31,80,0,178.02,-6.70,10,0.00,3.96,3.97,3.95,3.96,3.95,3.96,3.96,3.96,31.74,0.0,-30,-30,39.1,0,15,-1024,0,0,999,0,0,1,-1,0,1,-1,-1,-1,-1,-1,-1,1,0,
2026-04-14,21:53:40.330,7.63,100,100,98,-0.049,1.23,82,0,8.07,-0.127,1.004,-0.16,79,0,178.02,-6.64,10,0.00,3.96,3.97,3.95,3.96,3.95,3.96,3.96,3.96,31.74,0.0,-30,-30,32.6,6,14,-914,0,0,999,0,0,1,-1,0,1,-1,-1,-1,-1,-1,-1,1,0,
2026-04-14,21:53:40.600,7.63,100,100,98,-0.020,1.32,82,0,8.07,-0.121,0.988,0.08,80,0,178.00,-6.62,10,0.00,3.96,3.97,3.95,3.96,3.95,3.96,3.96,3.96,31.74,0.0,-30,-30,37.0,3,15,-796,0,0,1000,0,0,1,-1,0,1,-1,-1,-1,-1,-1,-1,0,0,
2026-04-14,21:53:40.860,7.63,100,100,98,-0.041,1.28,83,0,8.07,-0.136,1.000,0.02,81,0,177.98,-6.62,10,0.00,3.96,3.97,3.95,3.96,3.95,3.96,3.96,3.96,31.73,0.3,-30,-30,36.1,101,13,-698,0,0,999,0,0,1,-1,0,1,-1,-1,-1,-1,-1,-1,0,0,
2026-04-14,21:53:41.130,7.63,100,100,98,-0.044,1.53,83,0,8.07,-0.120,0.981,0.43,80,0,178.03,-6.62,10,0.00,3.95,3.97,3.95,3.96,3.95,3.96,3.96,3.96,31.73,0.3,-30,-30,28.0,79,13,-700,0,0,999,0,0,1,-1,0,1,-1,-1,-1,-1,-1,-1,0,0,
2026-04-14,21:53:41.390,7.63,100,100,99,-0.040,1.62,83,0,8.04,-0.122,0.984,0.44,81,0,178.01,-6.59,10,0.00,3.95,3.97,3.95,3.96,3.95,3.96,3.96,3.96,31.73,0.3,-30,-30,28.0,368,15,-420,0,0,1000,0,0,1,-1,0,1,-1,-1,-1,-1,-1,-1,0,0,
2026-04-14,21:53:41.650,7.63,100,100,99,-0.032,1.55,83,0,8.03,-0.126,1.000,0.08,83,0,177.94,-6.50,10,0.00,3.95,3.97,3.95,3.96,3.95,3.96,3.96,3.96,31.67,5.5,-30,-30,26.5,409,14,-251,0,0,999,0,0,1,-1,0,1,-1,-1,-1,-1,-1,-1,0,0,
2026-04-14,21:53:41.910,7.63,100,100,99,-0.040,1.37,83,0,8.05,-0.126,0.973,-0.34,80,0,177.94,-6.47,10,0.00,3.95,3.97,3.95,3.96,3.95,3.96,3.95,3.95,31.67,5.5,-30,-30,26.7,348,13,-96,0,0,1000,0,0,1,-1,0,1,-1,-1,-1,-1,-1,-1,0,0,
2026-04-14,21:53:42.180,7.63,100,100,99,-0.035,1.04,83,0,8.06,-0.155,0.985,-0.80,79,0,177.92,-6.32,10,0.00,3.94,3.95,3.95,3.96,3.95,3.96,3.95,3.95,31.54,12.1,-30,-30,28.0,288,0,0,0,0,1000,0,0,1,-1,0,1,-1,-1,-1,-1,-1,-1,0,0,
2026-04-14,21:53:42.440,7.63,100,100,99,0.004,0.80,83,0,8.07,-0.200,0.994,-0.88,82,0,177.95,-6.83,10,0.00,3.94,3.95,3.92,3.93,3.95,3.96,3.95,3.95,31.54,12.1,-30,-30,30.7,174,0,30,0,0,1000,0,0,1,-1,0,1,-1,-1,-1,-1,-1,-1,0,0,
2026-04-14,21:53:42.700,7.63,100,100,99,-0.008,0.57,83,0,8.05,-0.205,1.041,-0.84,81,0,178.06,-7.18,10,0.00,3.94,3.95,3.92,3.93,3.95,3.96,3.95,3.95,31.44,15.0,-30,-30,30.7,88,-9,132,0,0,999,0,0,1,-1,0,1,-1,-1,-1,-1,-1,-1,0,0,
2026-04-14,21:53:42.960,7.63,100,100,99,-0.054,0.33,83,0,8.02,-0.272,1.010,-0.84,82,0,178.09,-8.03,10,0.00,3.94,3.95,3.92,3.93,3.91,3.92,3.95,3.95,31.44,15.0,-30,-30,36.1,412,-28,199,0,0,999,0,0,1,-1,0,1,-1,-1,-1,-1,-1,-1,0,0,
2026-04-14,21:53:43.220,7.63,100,100,99,-0.039,-0.12,83,0,8.00,-0.278,0.919,-1.15,86,0,178.08,-8.50,10,0.00,3.94,3.95,3.92,3.93,3.91,3.92,3.90,3.91,31.25,21.8,-30,-30,36.1,524,-42,308,0,0,999,0,0,1,-1,0,1,-1,-1,-1,-1,-1,-1,0,0,
2026-04-14,21:53:43.480,7.62,100,100,99,-0.034,-0.47,83,0,8.04,-0.337,0.933,-1.31,88,0,178.16,-10.15,10,0.00,3.88,3.89,3.92,3.93,3.91,3.92,3.90,3.91,31.25,21.8,-30,-30,40.2,445,-68,415,0,0,999,0,0,1,-1,0,1,-1,-1,-1,-1,-1,-1,0,0,
2026-04-14,21:53:43.740,7.62,100,100,99,-0.023,-0.79,83,0,8.04,-0.392,0.946,-1.12,91,0,178.24,-10.97,10,0.00,3.88,3.89,3.85,3.86,3.91,3.92,3.90,3.91,30.98,32.0,-30,-30,42.0,430,-82,499,0,0,999,0,0,1,-1,0,1,-1,-1,-1,-1,-1,-1,0,0,
2026-04-14,21:53:44.020,7.62,100,100,100,0.002,-1.19,82,0,8.06,-0.401,0.872,-1.29,90,0,178.43,-12.59,10,0.00,3.88,3.89,3.85,3.86,3.83,3.83,3.90,3.91,30.98,32.0,-30,-30,39.1,446,-64,588,0,0,999,0,0,1,-1,0,1,-1,-1,-1,-1,-1,-1,0,0,
2026-04-14,21:53:44.300,7.62,100,100,100,0.000,-1.42,83,0,8.04,-0.436,0.769,-1.07,87,0,178.47,-14.35,10,0.00,3.88,3.89,3.85,3.86,3.83,3.83,3.82,3.81,30.64,41.8,-30,-30,38.2,476,-99,696,0,0,999,0,0,1,-1,0,1,-1,-1,-1,-1,-1,-1,0,0,
2026-04-14,21:53:44.570,7.62,100,100,100,-0.057,-2.02,83,0,8.06,-0.458,0.955,-1.00,89,0,178.59,-15.25,10,0.00,3.77,3.79,3.85,3.86,3.83,3.83,3.82,3.81,30.64,41.8,-30,-30,40.2,504,-118,733,12,0,999,0,0,1,-1,0,1,-1,-1,-1,-1,-1,-1,0,0,
2026-04-14,21:53:44.840,7.63,100,100,100,-0.049,-2.60,83,0,8.06,-0.462,0.874,-1.66,88,0,179.07,-16.99,10,0.00,3.77,3.79,3.73,3.73,3.83,3.83,3.82,3.81,30.26,53.3,-30,-30,43.0,287,-119,724,0,0,1000,0,0,1,-1,0,1,-1,-1,-1,-1,-1,-1,0,0,
2026-04-14,21:53:45.100,7.63,100,100,100,-0.092,-2.60,83,0,8.04,-0.414,1.020,-1.66,82,0,179.07,-18.17,10,0.00,3.77,3.79,3.73,3.73,3.83,3.83,3.82,3.81,30.26,53.3,-30,-30,58.9,207,-181,705,0,0,999,0,0,1,-1,0,1,-1,-1,-1,-1,-1,-1,0,0,
2026-04-14,21:53:45.370,7.63,100,100,100,-0.070,-3.31,82,0,8.06,-0.371,1.039,-1.31,80,0,178.94,-19.34,10,0.00,3.77,3.79,3.73,3.73,3.72,3.71,3.82,3.81,29.98,52.3,-30,-30,67.6,219,-237,704,0,0,999,0,0,1,-1,0,1,-1,-1,-1,-1,-1,-1,0,0,
2026-04-14,21:53:45.630,7.62,100,100,100,0.030,-3.82,83,0,8.06,-0.402,1.218,-1.31,80,0,60.93,-24.21,10,0.00,3.77,3.79,3.73,3.73,3.72,3.71,3.71,3.70,29.98,50.4,-30,-30,67.6,221,33,703,0,0,999,0,0,1,-1,0,1,-1,-1,-1,-1,-1,-1,0,0,
2026-04-14,21:53:45.890,7.63,100,100,100,0.007,-4.14,84,0,8.07,-0.357,1.057,-1.25,80,0,-177.34,-25.25,10,0.00,3.69,3.71,3.73,3.73,3.72,3.71,3.71,3.70,29.76,50.4,-30,-30,67.6,175,33,718,0,0,999,0,0,1,-1,0,1,-1,-1,-1,-1,-1,-1,0,0,
2026-04-14,21:53:46.150,7.63,100,100,100,-0.038,-4.20,83,0,8.02,-0.327,0.927,-0.83,81,0,-174.66,-21.37,10,0.00,3.69,3.71,3.67,3.67,3.72,3.71,3.71,3.70,29.76,51.1,-30,-30,67.6,0,-46,719,-195,0,1000,0,0,1,-1,0,1,-1,-1,-1,-1,-1,-1,0,0,
2026-04-14,21:53:46.420,7.63,100,100,100,0.041,-3.91,80,0,8.05,-0.349,1.055,0.27,78,0,-171.53,-22.03,10,0.00,3.69,3.71,3.67,3.67,3.68,3.67,3.71,3.70,29.58,51.1,-30,-30,76.7,0,9,720,-416,0,999,0,0,1,-1,0,1,-1,-1,-1,-1,-1,-1,0,0,
2026-04-14,21:53:46.680,7.63,100,100,100,0.057,-3.67,74,0,8.03,-0.299,0.851,0.64,70,0,-175.93,-22.36,10,0.00,3.69,3.71,3.67,3.67,3.68,3.67,3.69,3.68,29.58,50.9,-30,-30,76.7,-17,-211,721,-415,0,999,0,0,1,-1,0,1,-1,-1,-1,-1,-1,-1,0,1,
2026-04-14,21:53:46.940,7.62,100,100,100,0.047,-3.48,70,0,8.06,-0.446,1.217,0.67,68,0,172.30,-24.53,10,0.00,3.67,3.69,3.67,3.67,3.68,3.67,3.69,3.68,29.41,50.9,-30,-30,71.9,0,-195,725,-135,0,1000,0,0,1,-1,0,1,-1,-1,-1,-1,-1,-1,0,1,
2026-04-14,21:53:47.210,7.63,100,100,100,0.013,-3.16,64,0,8.06,-0.363,1.029,0.91,72,0,169.66,-25.96,10,0.00,3.67,3.69,3.67,3.67,3.68,3.67,3.69,3.68,29.26,51.6,-30,-30,76.1,3,-165,737,0,0,999,0,0,1,-1,0,1,-1,-1,-1,-1,-1,-1,0,1,
2026-04-14,21:53:47.480,7.62,100,100,100,0.020,-3.11,59,0,8.05,-0.330,0.984,0.57,76,0,170.03,-26.83,10,0.00,3.67,3.69,3.64,3.65,3.68,3.67,3.69,3.68,29.26,51.6,-30,-30,76.3,17,-198,732,14,0,1000,0,0,1,-1,0,1,-1,-1,-1,-1,-1,-1,0,1,
2026-04-14,21:53:47.740,7.62,100,100,100,0.088,-3.04,59,0,8.06,-0.369,1.134,0.41,77,0,172.56,-27.25,10,0.00,3.67,3.69,3.64,3.65,3.66,3.65,3.69,3.68,29.15,51.6,-30,-30,76.3,30,-162,731,1,0,999,0,0,1,-1,0,1,-1,-1,-1,-1,-1,-1,0,1,
2026-04-14,21:53:48.020,7.62,100,100,100,0.092,-2.02,61,0,8.04,-0.387,1.082,1.62,78,0,166.68,-28.50,10,0.00,3.67,3.69,3.64,3.65,3.66,3.65,3.67,3.65,29.15,51.6,-30,-30,76.3,117,-191,732,254,0,999,0,0,1,-1,0,1,-1,-1,-1,-1,-1,-1,0,1,
2026-04-14,21:53:48.280,7.62,100,100,100,0.007,-1.51,63,0,8.04,-0.402,1.196,1.71,78,0,163.76,-28.66,10,0.00,3.64,3.66,3.64,3.65,3.66,3.65,3.67,3.65,29.04,52.0,-30,-30,73.2,150,-208,768,266,0,999,0,0,1,-1,0,1,-1,-1,-1,-1,-1,-1,0,1,
2026-04-14,21:53:48.540,7.63,100,100,100,-0.033,-1.00,63,0,8.06,-0.319,0.817,1.83,78,0,162.21,-29.16,10,0.00,3.64,3.66,3.62,3.62,3.66,3.65,3.67,3.65,29.04,52.0,-30,-30,75.9,211,-214,773,415,0,1000,0,0,1,-1,0,1,-1,-1,-1,-1,-1,-1,0,1,
2026-04-14,21:53:48.810,7.63,100,100,100,0.042,-0.70,62,0,8.04,-0.492,1.374,1.33,76,0,165.04,-31.59,10,0.00,3.64,3.66,3.62,3.62,3.64,3.63,3.67,3.65,28.93,55.1,-30,-30,77.2,227,-185,774,303,0,1000,0,0,1,-1,0,1,-1,-1,-1,-1,-1,-1,0,1,
2026-04-14,21:53:49.070,7.63,100,100,100,0.021,0.08,59,0,8.03,-0.352,1.012,2.00,73,0,162.30,-31.03,10,0.00,3.64,3.66,3.62,3.62,3.64,3.63,3.64,3.63,28.93,55.1,-30,-30,76.9,313,-214,775,528,0,1000,0,0,1,-1,0,1,-1,-1,-1,-1,-1,-1,0,1,
2026-04-14,21:53:49.350,7.63,100,100,100,0.139,0.97,61,0,8.04,-0.387,0.918,2.64,62,0,172.72,-31.48,10,0.00,3.62,3.64,3.62,3.62,3.64,3.63,3.64,3.63,28.83,55.0,-30,-30,74.3,341,-188,776,500,0,999,0,0,1,-1,0,1,-1,-1,-1,-1,-1,-1,0,1,
2026-04-14,21:53:49.630,7.63,100,100,100,0.018,2.04,65,0,8.05,-0.354,1.011,3.38,61,0,177.41,-32.72,10,0.00,3.62,3.64,3.60,3.60,3.64,3.63,3.64,3.63,28.83,54.9,-30,-30,77.4,322,3,776,228,0,1000,0,0,1,-1,0,1,-1,-1,-1,-1,-1,-1,0,1,
2026-04-14,21:53:49.890,7.63,100,100,100,0.069,2.73,66,0,8.04,-0.394,1.120,2.96,60,0,-149.97,-31.86,10,0.00,3.62,3.64,3.60,3.60,3.64,3.63,3.64,3.63,28.74,54.9,-30,-30,76.7,205,87,777,0,0,999,0,0,1,-1,0,1,-1,-1,-1,-1,-1,-1,0,1,
2026-04-14,21:53:50.170,7.63,100,100,100,0.054,3.54,62,0,8.04,-0.378,1.023,2.69,62,0,-172.06,-29.08,10,0.00,3.62,3.64,3.60,3.60,3.62,3.60,3.64,3.63,28.67,55.2,-30,-30,73.2,140,24,775,0,0,1000,0,0,1,-1,0,1,-1,-1,-1,-1,-1,-1,0,1,
2026-04-14,21:53:50.430,7.63,100,100,100,-0.042,4.48,58,0,8.05,-0.345,0.822,2.97,65,0,-169.33,-25.49,10,0.00,3.62,3.64,3.60,3.60,3.62,3.60,3.62,3.62,28.67,55.2,-30,-30,71.9,129,8,775,0,0,999,0,0,1,-1,0,1,-1,-1,-1,-1,-1,-1,0,1,
2026-04-14,21:53:50.690,7.63,100,100,100,0.012,5.26,59,0,8.06,-0.397,0.908,2.93,66,0,-168.27,-26.02,10,0.00,3.61,3.62,3.60,3.60,3.62,3.60,3.62,3.62,28.60,55.2,-30,-30,71.9,116,0,775,-41,0,999,0,0,1,-1,0,1,-1,-1,-1,-1,-1,-1,0,1,
2026-04-14,21:53:50.950,7.63,99,100,100,0.012,7.14,60,0,8.07,-0.411,0.852,3.20,67,0,-166.10,-24.82,10,0.00,3.61,3.62,3.58,3.58,3.62,3.60,3.62,3.62,28.60,55.2,-30,-30,70.7,50,15,776,-197,0,999,0,0,1,-1,0,1,-1,-1,-1,-1,-1,-1,0,1,
2026-04-14,21:53:51.220,7.63,99,100,100,0.011,7.99,61,0,8.05,-0.368,0.723,3.08,69,0,-165.49,-23.66,10,0.00,3.61,3.62,3.58,3.58,3.60,3.59,3.62,3.62,28.54,55.5,-30,-30,68.7,23,-50,794,-176,0,999,0,0,1,-1,0,1,-1,-1,-1,-1,-1,-1,0,1,
2026-04-14,21:53:51.490,7.63,99,100,100,0.018,8.96,60,0,8.06,-0.415,0.873,3.15,68,0,-165.87,-23.96,10,0.00,3.61,3.62,3.58,3.58,3.60,3.59,3.61,3.61,28.54,55.5,-30,-30,67.6,0,-68,821,-308,0,999,0,0,1,-1,0,1,-1,-1,-1,-1,-1,-1,0,1,
2026-04-14,21:53:51.750,7.63,100,100,100,0.106,9.87,56,0,8.07,-0.458,0.848,3.19,68,0,-172.00,-26.50,10,0.00,3.59,3.61,3.58,3.58,3.60,3.59,3.61,3.61,28.45,59.0,-30,-30,67.4,0,0,821,-248,0,1000,0,0,1,-1,0,1,-1,-1,-1,-1,-1,-1,0,1,
2026-04-14,21:53:52.020,7.63,99,100,100,0.091,10.94,53,0,8.07,-0.492,0.990,3.51,70,0,-177.70,-26.97,10,0.00,3.59,3.61,3.58,3.58,3.60,3.59,3.61,3.61,28.45,59.0,-30,-30,65.9,0,-25,821,-161,0,999,0,0,1,-1,0,1,-1,-1,-1,-1,-1,-1,0,1,
2026-04-14,21:53:52.290,7.62,98,100,100,0.067,11.84,50,0,8.07,-0.447,0.924,3.27,70,0,171.49,-25.16,10,0.00,3.59,3.61,3.56,3.56,3.60,3.59,3.61,3.61,28.38,59.6,-30,-30,64.3,9,-203,821,0,0,999,0,0,1,-1,0,1,-1,-1,-1,-1,-1,-1,0,1,
2026-04-14,21:53:52.550,7.62,98,100,100,0.063,12.64,49,0,8.07,-0.457,1.011,3.03,70,0,170.81,-24.90,10,0.00,3.59,3.61,3.56,3.56,3.58,3.58,3.61,3.61,28.38,59.6,-30,-30,70.0,15,-215,823,198,0,1000,0,0,1,-1,0,1,-1,-1,-1,-1,-1,-1,0,1,
2026-04-14,21:53:52.810,7.62,98,100,100,0.041,13.36,49,0,8.07,-0.472,1.104,2.75,70,0,171.91,-25.90,10,0.00,3.59,3.61,3.56,3.56,3.58,3.58,3.59,3.58,28.32,59.2,-30,-30,70.0,34,-219,843,197,0,999,0,0,1,-1,0,1,-1,-1,-1,-1,-1,-1,0,1,
2026-04-14,21:53:53.070,7.62,98,100,100,0.069,14.16,50,0,8.07,-0.402,0.697,2.63,68,0,172.63,-25.67,10,0.00,3.57,3.59,3.56,3.56,3.58,3.58,3.59,3.58,28.32,59.2,-30,-30,69.1,38,-139,844,162,0,1000,0,0,1,-1,0,1,-1,-1,-1,-1,-1,-1,0,1,
2026-04-14,21:53:53.330,7.63,98,100,100,0.115,15.09,50,0,8.05,-0.438,1.097,3.00,64,0,169.78,-26.85,10,0.00,3.57,3.59,3.55,3.54,3.58,3.58,3.59,3.58,28.26,61.0,-30,-30,69.1,49,-268,844,341,0,999,0,0,1,-1,0,1,-1,-1,-1,-1,-1,-1,0,1,
2026-04-14,21:53:53.590,7.63,99,100,100,0.119,16.28,50,0,8.06,-0.438,1.001,3.70,62,0,166.16,-28.95,10,0.00,3.57,3.59,3.55,3.54,3.57,3.56,3.59,3.58,28.26,61.0,-30,-30,72.2,74,-275,844,291,0,999,0,0,1,-1,0,1,-1,-1,-1,-1,-1,-1,0,1,
2026-04-14,21:53:53.850,7.62,100,100,100,0.067,17.01,51,0,8.07,-0.422,0.994,3.00,58,0,165.82,-29.18,10,0.00,3.57,3.59,3.55,3.54,3.57,3.56,3.58,3.56,28.20,60.6,-30,-30,70.7,79,-298,844,89,0,999,0,0,1,-1,0,1,-1,-1,-1,-1,-1,-1,0,1,
2026-04-14,21:53:54.120,7.63,100,100,100,0.124,18.25,53,0,8.02,-0.615,1.406,3.73,56,0,158.70,-31.46,10,0.00,3.57,3.59,3.55,3.54,3.57,3.56,3.58,3.56,28.20,60.6,-30,-30,67.6,59,-369,843,163,0,1000,0,0,1,-1,0,1,-1,-1,-1,-1,-1,-1,0,1,
2026-04-14,21:53:54.390,7.62,100,100,100,0.072,20.12,54,0,8.04,-0.499,1.120,3.32,56,0,149.52,-30.34,10,0.00,3.56,3.58,3.55,3.54,3.57,3.56,3.58,3.56,28.15,61.0,-30,-30,67.0,57,-364,842,344,0,999,0,0,1,-1,0,1,-1,-1,-1,-1,-1,-1,0,1,
2026-04-14,21:53:54.670,7.62,100,100,100,0.023,21.69,54,0,8.02,-0.457,1.022,4.33,59,0,143.08,-27.62,10,0.00,3.56,3.58,3.53,3.53,3.57,3.56,3.58,3.56,28.15,60.9,-30,-30,66.1,184,-420,844,410,0,999,0,0,1,-1,0,1,-1,-1,-1,-1,-1,-1,0,1,
2026-04-14,21:53:54.940,7.62,100,100,100,0.114,23.28,53,0,7.99,-0.460,0.920,5.08,60,0,147.45,-30.41,10,0.00,3.56,3.58,3.53,3.53,3.55,3.55,3.58,3.56,28.10,60.9,-30,-30,66.1,254,-476,844,488,0,999,0,0,1,-1,0,1,-1,-1,-1,-1,-1,-1,0,1,
2026-04-14,21:53:55.200,7.63,100,100,100,0.054,24.87,51,0,7.98,-0.477,1.121,5.52,59,0,144.21,-32.10,10,0.00,3.56,3.58,3.53,3.53,3.55,3.55,3.57,3.55,28.07,60.9,-30,-30,65.2,400,-260,844,590,0,999,0,0,1,-1,0,1,-1,-1,-1,-1,-1,-1,0,1,
2026-04-14,21:53:55.460,7.63,99,100,100,0.101,26.01,50,0,7.96,-0.459,1.083,4.57,58,0,128.26,-32.05,10,0.00,3.55,3.56,3.53,3.53,3.55,3.55,3.57,3.55,28.07,60.9,-30,-30,71.1,462,-351,845,741,0,1000,0,0,1,-1,0,1,-1,-1,-1,-1,-1,-1,0,1,
2026-04-14,21:53:55.720,7.63,99,100,100,0.038,27.21,52,0,7.98,-0.313,0.137,4.47,55,0,122.67,-28.96,10,0.00,3.55,3.56,3.53,3.53,3.55,3.55,3.57,3.55,28.04,60.8,-30,-30,71.3,568,-398,844,701,0,999,0,0,1,-1,0,1,-1,-1,-1,-1,-1,-1,0,1,
2026-04-14,21:53:55.990,7.62,99,100,100,-0.077,27.70,52,0,8.01,-0.475,1.414,2.98,53,0,130.15,-33.53,10,0.00,3.55,3.56,3.53,3.53,3.55,3.54,3.57,3.55,28.04,60.8,-30,-30,70.4,464,-478,848,499,0,1000,0,0,1,-1,0,1,-1,-1,-1,-1,-1,-1,0,1,
2026-04-14,21:53:56.270,7.63,100,100,100,-0.020,28.40,55,0,8.02,-0.633,1.652,2.38,54,0,153.42,-39.75,10,0.00,3.55,3.56,3.53,3.53,3.55,3.54,3.56,3.55,28.01,60.9,-30,-30,73.7,372,-254,850,0,0,1000,0,0,1,-1,0,1,-1,-1,-1,-1,-1,-1,0,1,
2026-04-14,21:53:56.550,7.63,100,100,100,0.040,29.36,55,0,8.00,-0.542,1.361,2.91,48,0,158.79,-37.13,10,0.00,3.54,3.56,3.53,3.53,3.55,3.54,3.56,3.55,28.01,60.9,-30,-30,72.2,262,-437,849,46,0,999,0,0,1,-1,0,1,-1,-1,-1,-1,-1,-1,0,1,
2026-04-14,21:53:56.810,7.63,100,100,100,-0.001,30.01,54,0,8.01,-0.424,1.124,2.65,49,0,152.54,-33.87,10,0.00,3.54,3.56,3.53,3.53,3.55,3.54,3.56,3.55,27.99,61.1,-30,-30,72.4,245,-529,849,326,0,999,0,0,1,-1,0,1,-1,-1,-1,-1,-1,-1,0,1,
2026-04-14,21:53:57.080,7.63,100,100,100,0.025,31.64,52,0,8.03,-0.637,1.492,2.77,52,0,152.58,-40.19,10,0.00,3.54,3.56,3.52,3.51,3.55,3.54,3.56,3.55,27.99,61.1,-30,-30,68.0,239,-455,848,1,0,999,0,0,1,-1,0,1,-1,-1,-1,-1,-1,-1,0,1,
2026-04-14,21:53:57.340,7.62,99,100,100,0.039,32.73,52,0,8.05,-0.508,1.263,3.46,50,0,149.29,-41.80,10,0.00,3.54,3.56,3.52,3.51,3.54,3.54,3.56,3.55,27.96,61.4,-30,-30,68.0,212,-408,848,0,0,999,0,0,1,-1,0,1,-1,-1,-1,-1,-1,-1,0,1,
2026-04-14,21:53:57.600,7.62,96,100,100,0.056,33.77,51,0,8.06,-0.519,1.221,3.63,47,0,136.67,-42.78,10,0.00,3.54,3.56,3.52,3.51,3.54,3.54,3.56,3.54,27.96,61.4,-30,-30,69.3,201,-408,848,126,0,999,0,0,1,-1,0,1,-1,-1,-1,-1,-1,-1,0,1,
2026-04-14,21:53:57.870,7.63,96,100,100,0.006,34.89,50,0,8.04,-0.488,1.155,3.61,48,0,129.23,-42.54,10,0.00,3.54,3.56,3.52,3.51,3.54,3.54,3.56,3.54,27.94,61.2,-30,-30,68.2,176,-435,845,341,0,1000,0,0,1,-1,0,1,1,-1,-1,-1,-1,-1,0,1,
2026-04-14,21:53:58.150,7.63,97,100,100,0.020,36.27,51,0,7.97,-0.472,1.216,4.37,54,0,127.65,-42.97,10,0.00,3.54,3.56,3.51,3.50,3.54,3.54,3.56,3.54,27.94,60.9,-30,-30,66.5,117,-290,844,70,0,999,0,0,1,-1,0,1,1,-1,-1,-1,-1,-1,0,1,
2026-04-14,21:53:58.410,7.63,100,100,100,0.058,37.38,54,0,7.97,-0.498,0.987,4.14,58,0,126.27,-39.92,10,0.00,3.54,3.56,3.51,3.50,3.54,3.53,3.56,3.54,27.93,60.9,-30,-30,71.1,99,-75,843,0,0,999,0,0,1,-1,0,1,1,-1,-1,-1,-1,-1,0,1,
2026-04-14,21:53:58.680,7.62,100,100,100,0.038,38.55,58,0,7.97,-0.531,0.723,4.02,60,0,125.07,-37.10,10,0.00,3.54,3.56,3.51,3.50,3.54,3.53,3.56,3.54,27.92,60.5,-30,-30,67.0,56,-220,842,303,0,999,0,0,1,-1,0,1,1,-1,-1,-1,-1,-1,0,1,
2026-04-14,21:53:58.950,7.63,100,100,100,0.059,39.63,59,0,7.96,-0.516,0.850,3.92,61,0,132.21,-33.93,10,0.00,3.53,3.55,3.51,3.50,3.54,3.53,3.56,3.54,27.92,60.5,-30,-30,66.5,58,-279,844,344,0,999,0,0,1,-1,0,1,1,-1,-1,-1,-1,-1,0,1,
2026-04-14,21:53:59.220,7.63,100,100,100,0.039,40.61,59,0,7.96,-0.549,0.969,3.63,61,0,137.65,-33.37,10,0.00,3.53,3.55,3.51,3.50,3.54,3.53,3.56,3.54,27.90,60.6,-30,-30,66.7,54,-235,844,327,0,999,0,0,1,-1,0,1,1,-1,-1,-1,-1,-1,0,1,
2026-04-14,21:53:59.480,7.63,100,100,100,0.058,41.34,56,0,7.97,-0.554,0.916,3.07,61,0,142.80,-33.25,10,0.00,3.53,3.55,3.51,3.50,3.54,3.53,3.56,3.54,27.90,60.6,-30,-30,68.7,53,-217,844,277,0,1000,0,0,1,-1,0,1,1,-1,-1,-1,-1,-1,0,1,
2026-04-14,21:53:59.740,7.63,99,100,100,0.060,42.02,55,0,7.97,-0.543,0.890,2.61,62,0,149.62,-33.25,10,0.00,3.53,3.55,3.51,3.50,3.54,3.53,3.56,3.54,27.90,60.5,-30,-30,70.6,66,-186,845,162,0,1000,0,0,1,-1,0,1,1,-1,-1,-1,-1,-1,0,1,
2026-04-14,21:54:00.000,7.63,99,100,100,0.023,42.54,54,0,7.97,-0.551,1.041,2.24,65,0,154.10,-32.87,10,0.00,3.53,3.55,3.51,3.50,3.54,3.53,3.55,3.54,27.90,60.5,-30,-30,70.6,73,-157,845,119,0,999,0,0,1,-1,0,1,1,-1,-1,-1,-1,-1,0,1,
2026-04-14,21:54:00.270,7.63,99,100,100,-0.004,42.71,54,0,7.97,-0.495,0.896,0.56,66,0,157.76,-32.27,10,0.00,3.53,3.55,3.51,3.50,3.54,3.53,3.55,3.54,27.89,60.3,-30,-30,75.9,68,-138,844,55,0,999,0,0,1,-1,0,1,1,-1,-1,-1,-1,-1,0,1,
2026-04-14,21:54:00.540,7.63,99,100,100,-0.007,42.63,54,0,7.97,-0.463,0.855,0.05,67,0,160.55,-31.99,10,0.00,3.53,3.55,3.51,3.50,3.54,3.53,3.55,3.54,27.89,60.3,-30,-30,77.6,72,-184,844,280,0,999,0,0,1,-1,0,1,1,-1,-1,-1,-1,-1,0,1,
2026-04-14,21:54:00.810,7.63,97,100,100,-0.008,42.64,54,0,7.92,-0.490,1.146,0.02,67,0,164.57,-32.50,10,0.00,3.53,3.55,3.51,3.50,3.54,3.54,3.55,3.54,27.90,59.4,-30,-30,83.7,325,-258,795,577,0,999,0,0,1,-1,0,1,1,-1,-1,-1,-1,-1,0,1,
2026-04-14,21:54:01.070,7.62,95,100,100,0.000,42.48,54,0,7.93,-0.392,0.904,-0.27,66,0,168.92,-32.49,10,0.00,3.53,3.55,3.51,3.50,3.54,3.54,3.55,3.54,27.90,59.4,-30,-30,83.5,324,-100,786,318,0,1000,0,0,1,-1,0,1,1,-1,-1,-1,-1,-1,0,1,
2026-04-14,21:54:01.330,7.62,96,100,100,0.061,42.03,53,0,7.96,-0.401,1.002,-1.01,63,0,-170.70,-32.63,10,0.00,3.54,3.56,3.51,3.50,3.54,3.54,3.55,3.54,27.94,54.1,-30,-30,83.5,309,3,785,0,0,999,0,0,1,-1,0,1,1,-1,-1,-1,-1,-1,0,1,
2026-04-14,21:54:01.590,7.63,98,99,99,0.056,42.02,52,0,7.93,-0.348,1.060,-0.54,59,0,-178.15,-30.36,10,0.00,3.54,3.56,3.51,3.50,3.54,3.54,3.55,3.54,27.94,54.1,-30,-30,90.0,299,-116,784,346,0,999,0,0,1,-1,0,1,1,-1,-1,-1,-1,-1,0,1,
2026-04-14,21:54:01.860,7.63,96,98,98,-0.040,41.80,51,0,7.94,-0.313,0.988,-0.62,56,0,-178.15,-30.36,10,0.00,3.54,3.56,3.52,3.52,3.54,3.54,3.55,3.54,28.00,52.3,-30,-30,96.1,298,-216,784,92,0,1000,0,0,1,-1,0,1,1,-1,-1,-1,-1,-1,0,1,
2026-04-14,21:54:02.130,7.63,92,98,98,-0.122,41.59,47,0,7.95,-0.341,1.245,-0.73,53,0,-163.39,-28.05,10,0.00,3.54,3.56,3.52,3.52,3.55,3.55,3.55,3.54,28.00,52.3,-30,-30,99.3,235,-56,785,0,0,999,0,0,1,-1,0,1,1,-1,-1,-1,-1,-1,0,1,
2026-04-14,21:54:02.390,7.63,91,98,98,-0.144,42.09,46,0,7.96,-0.337,1.135,0.38,54,0,-154.35,-26.77,10,0.00,3.54,3.56,3.52,3.52,3.55,3.55,3.58,3.56,28.05,51.5,-30,-30,99.3,193,-50,783,0,0,999,0,0,1,-1,0,1,1,-1,-1,-1,-1,-1,0,1,
2026-04-14,21:54:02.670,7.63,95,98,98,-0.050,42.78,49,0,7.94,-0.300,0.951,1.83,55,0,-138.85,-23.27,10,0.00,3.56,3.58,3.52,3.52,3.55,3.55,3.58,3.56,28.05,51.1,-30,-30,96.5,31,-103,783,-307,0,999,0,0,1,-1,0,1,1,-1,-1,-1,-1,-1,0,1,
2026-04-14,21:54:02.930,7.63,99,99,98,-0.059,42.73,52,0,7.93,-0.328,1.182,0.91,55,0,-140.93,-22.83,10,0.00,3.56,3.58,3.54,3.54,3.55,3.55,3.58,3.56,28.09,51.1,-30,-30,96.9,-85,-86,783,-556,0,999,0,0,1,-1,0,1,1,-1,-1,-1,-1,-1,0,1,
2026-04-14,21:54:03.190,7.63,100,100,98,0.026,42.78,53,0,7.92,-0.358,1.305,0.20,59,0,-142.48,-23.06,10,0.00,3.56,3.58,3.54,3.54,3.57,3.56,3.58,3.56,28.13,51.0,-30,-30,94.8,-191,-114,782,-582,0,999,0,0,1,-1,0,1,1,-1,-1,-1,-1,-1,0,1,
2026-04-14,21:54:03.460,7.63,97,98,98,0.075,42.99,49,0,7.92,-0.312,1.082,0.27,61,0,-158.07,-24.09,10,0.00,3.56,3.58,3.54,3.54,3.57,3.56,3.58,3.57,28.13,51.0,-30,-30,95.7,-244,-185,784,-611,0,999,0,0,1,-1,0,1,1,-1,-1,-1,-1,-1,0,1,
2026-04-14,21:54:03.730,7.63,93,98,98,-0.023,43.43,47,0,7.93,-0.255,0.799,1.02,60,0,-177.98,-26.47,10,0.00,3.56,3.58,3.54,3.54,3.57,3.56,3.58,3.57,28.16,51.0,-30,-30,94.8,-253,-286,785,-547,0,999,0,0,1,-1,0,1,1,-1,-1,-1,-1,-1,0,1,
2026-04-14,21:54:03.990,7.63,93,98,98,-0.040,43.68,47,0,7.92,-0.349,1.314,0.97,58,0,172.64,-28.82,10,0.00,3.56,3.58,3.54,3.54,3.57,3.56,3.58,3.57,28.16,51.0,-30,-30,94.8,-246,-296,786,-392,0,999,0,0,1,-1,0,1,1,-1,-1,-1,-1,-1,0,1,
2026-04-14,21:54:04.250,7.63,95,98,98,0.031,44.36,49,0,7.92,-0.408,1.310,1.65,55,0,166.58,-34.54,10,0.00,3.56,3.58,3.55,3.54,3.57,3.56,3.58,3.57,28.16,51.8,-30,-30,89.5,-251,-305,784,-367,0,999,0,0,1,-1,0,1,1,-1,-1,-1,-1,-1,0,1,
2026-04-14,21:54:04.510,7.63,99,99,98,0.012,44.98,48,0,7.95,-0.420,1.398,1.99,53,0,158.08,-35.67,10,0.00,3.56,3.58,3.55,3.54,3.57,3.57,3.58,3.57,28.16,51.8,-30,-30,89.5,-258,-245,787,-394,0,999,0,0,1,-1,0,1,1,-1,-1,-1,-1,-1,0,1,
2026-04-14,21:54:04.770,7.62,91,98,98,0.055,45.78,45,0,7.96,-0.397,1.166,2.45,57,0,143.86,-36.34,10,0.00,3.56,3.58,3.55,3.54,3.57,3.57,3.58,3.56,28.17,52.3,-30,-30,90.4,-265,-301,788,-309,0,999,0,0,1,-1,0,1,1,-1,-1,-1,-1,-1,0,1,
2026-04-14,21:54:05.030,7.62,89,98,98,0.083,46.82,44,0,7.92,-0.479,1.536,3.08,57,0,135.26,-35.95,10,0.00,3.56,3.58,3.55,3.54,3.57,3.57,3.58,3.56,28.17,52.3,-30,-30,90.4,-197,-369,787,0,0,1000,0,0,1,-1,0,1,1,-1,-1,-1,-1,-1,0,1,
2026-04-14,21:54:05.300,7.62,77,98,98,0.033,47.90,40,0,7.93,-0.360,1.137,3.50,58,0,121.34,-33.22,10,0.00,3.56,3.58,3.55,3.54,3.57,3.57,3.58,3.56,28.17,52.4,-30,-30,89.1,-134,-394,786,0,0,999,0,0,1,-1,0,1,1,-1,-1,-1,-1,-1,0,1,
2026-04-14,21:54:05.560,7.62,81,99,99,-0.002,48.88,39,0,7.92,-0.447,1.535,3.46,57,0,118.86,-32.38,10,0.00,3.56,3.58,3.55,3.54,3.57,3.56,3.58,3.56,28.17,52.4,-30,-30,90.0,-87,-398,786,0,0,1000,0,0,1,-1,0,1,1,-1,-1,-1,-1,-1,0,1,
2026-04-14,21:54:05.830,7.62,81,100,100,-0.017,50.12,40,0,7.95,-0.439,1.512,3.96,60,0,116.38,-31.21,10,0.00,3.56,3.58,3.55,3.54,3.57,3.56,3.58,3.56,28.18,52.3,-30,-30,90.4,-93,-391,786,0,0,999,0,0,1,-1,0,1,1,-1,-1,-1,-1,-1,0,1,
2026-04-14,21:54:06.090,7.63,89,99,99,-0.027,51.06,41,0,7.96,-0.449,1.666,3.70,52,0,111.80,-29.12,10,0.00,3.56,3.58,3.55,3.54,3.57,3.56,3.58,3.56,28.18,52.3,-30,-30,91.9,-141,-345,788,-69,0,999,0,0,1,-1,0,1,1,-1,-1,-1,-1,-1,0,1,
2026-04-14,21:54:06.360,7.62,85,99,99,-0.013,51.86,41,0,7.94,-0.444,1.429,2.93,54,0,109.71,-27.88,10,0.00,3.56,3.58,3.55,3.54,3.57,3.56,3.58,3.56,28.17,52.1,-30,-30,91.3,-148,-411,787,-55,0,1000,0,0,1,-1,0,1,1,-1,-1,-1,-1,-1,0,1,
2026-04-14,21:54:06.620,7.62,81,99,99,0.016,52.90,40,0,7.93,-0.458,1.570,3.51,59,0,106.67,-23.80,10,0.00,3.56,3.58,3.54,3.54,3.57,3.56,3.58,3.56,28.17,52.1,-30,-30,91.3,-143,-397,782,-63,0,999,0,0,1,-1,0,1,1,-1,-1,-1,-1,-1,0,1,
2026-04-14,21:54:06.880,7.62,76,99,99,-0.075,53.47,39,0,7.95,-0.405,1.348,2.62,60,0,103.17,-21.82,10,0.00,3.56,3.58,3.54,3.54,3.56,3.56,3.58,3.56,28.18,52.3,-30,-30,89.5,-133,-394,772,-69,0,1000,0,0,1,-1,0,1,1,-1,-1,-1,-1,-1,0,1,
2026-04-14,21:54:07.150,7.62,78,99,99,-0.047,54.23,38,0,7.96,-0.399,1.408,2.48,58,0,104.68,-16.38,10,0.00,3.56,3.58,3.54,3.54,3.56,3.56,3.58,3.56,28.18,51.2,-30,-30,90.7,-121,-412,748,-33,0,999,0,0,1,-1,0,1,1,-1,-1,-1,-1,-1,0,1,
2026-04-14,21:54:07.410,7.63,79,99,99,0.124,55.44,39,0,7.97,-0.429,1.464,2.13,57,0,104.72,-11.02,10,0.00,3.56,3.58,3.54,3.54,3.56,3.56,3.58,3.56,28.19,51.2,-30,-30,90.4,-93,-412,703,-41,0,999,0,0,1,-1,0,1,1,-1,-1,-1,-1,-1,0,1,
2026-04-14,21:54:07.670,7.62,79,99,99,0.075,56.03,39,0,7.91,-0.352,1.569,1.96,58,0,96.64,-7.87,10,0.00,3.56,3.58,3.55,3.54,3.56,3.56,3.58,3.56,28.19,42.0,-30,-30,89.1,0,-320,466,-160,0,999,0,0,1,-1,0,1,1,-1,-1,-1,-1,-1,0,1,
2026-04-14,21:54:07.940,7.62,83,99,99,-0.114,55.99,40,0,7.92,-0.049,1.147,0.89,60,0,93.28,-4.11,10,0.00,3.56,3.58,3.55,3.54,3.59,3.59,3.58,3.56,28.38,42.0,-30,-30,98.2,0,-447,95,0,0,999,0,0,1,-1,0,1,1,-1,-1,-1,-1,-1,0,1,
2026-04-14,21:54:08.200,7.63,83,99,99,-0.169,56.44,40,0,7.91,-0.047,1.427,0.94,60,0,95.91,-3.43,10,0.00,3.56,3.58,3.55,3.54,3.59,3.59,3.58,3.56,28.72,5.7,-30,-30,103.3,0,-491,70,77,0,999,0,0,1,-1,0,1,1,-1,-1,-1,-1,-1,0,1,
2026-04-14,21:54:08.460,7.63,86,99,99,-0.148,56.84,40,0,7.94,-0.104,1.660,1.50,54,0,108.29,-0.95,10,0.00,3.56,3.58,3.55,3.54,3.59,3.59,3.64,3.62,28.72,5.7,-30,-30,95.2,0,-422,72,-29,0,999,0,0,1,-1,0,1,1,-1,-1,-1,-1,-1,0,1,
2026-04-14,21:54:08.720,7.63,86,99,99,-0.022,56.39,42,0,7.96,-0.048,1.286,-0.19,50,0,112.18,0.95,10,0.00,3.65,3.68,3.55,3.54,3.59,3.59,3.64,3.62,28.99,5.4,-30,-30,95.2,0,-295,74,-193,0,999,0,0,1,-1,0,1,1,-1,-1,-1,-1,-1,0,1,
2026-04-14,21:54:08.980,7.63,92,99,99,0.007,55.80,44,0,7.96,0.056,0.873,-1.32,52,0,112.60,2.28,10,0.00,3.65,3.68,3.68,3.67,3.59,3.59,3.64,3.62,28.99,5.4,-30,-30,88.0,0,-347,74,-159,0,999,0,0,1,-1,0,1,1,-1,-1,-1,-1,-1,0,1,
2026-04-14,21:54:09.240,7.63,99,99,99,-0.176,54.94,46,0,7.97,-0.088,1.629,-2.27,55,0,117.65,1.29,10,0.00,3.65,3.68,3.68,3.67,3.72,3.71,3.64,3.62,29.22,5.7,-30,-30,96.5,0,-394,75,-90,0,1000,0,0,1,-1,0,1,1,-1,-1,-1,-1,-1,0,1,
2026-04-14,21:54:09.500,7.63,100,100,99,-0.158,53.51,48,0,7.93,0.034,1.130,-3.57,55,0,123.66,1.50,10,0.00,3.65,3.68,3.68,3.67,3.72,3.71,3.74,3.72,29.22,5.7,-30,-30,98.7,0,-420,200,52,0,999,0,0,1,-1,0,1,1,-1,-1,-1,-1,-1,0,1,
2026-04-14,21:54:09.760,7.63,100,100,99,-0.146,51.96,48,0,7.95,0.032,1.198,-4.93,50,0,136.30,2.78,10,0.00,3.72,3.74,3.68,3.67,3.72,3.71,3.74,3.72,29.33,8.7,-30,-30,94.3,0,-290,353,-5,0,1000,0,0,1,-1,0,1,1,-1,-1,-1,-1,-1,0,1,
2026-04-14,21:54:10.020,7.62,96,99,99,-0.104,50.30,47,0,7.96,-0.126,1.255,-5.26,46,0,140.73,2.40,10,0.00,3.72,3.74,3.68,3.67,3.72,3.71,3.74,3.72,29.33,8.7,-30,-30,94.5,0,-315,440,-60,0,1000,0,0,1,-1,0,1,1,-1,-1,-1,-1,-1,0,1,
2026-04-14,21:54:10.290,7.62,88,98,98,-0.038,48.21,45,0,7.97,-0.205,1.400,-6.46,42,0,142.93,2.85,10,0.00,3.72,3.74,3.71,3.70,3.72,3.71,3.74,3.72,29.33,25.1,-30,-30,93.7,0,-321,503,-69,0,1000,0,0,1,-1,0,1,1,-1,-1,-1,-1,-1,0,1,
2026-04-14,21:54:10.550,7.62,80,98,98,-0.026,46.12,43,0,7.97,-0.207,1.380,-6.91,43,0,142.06,2.59,10,0.00,3.72,3.74,3.71,3.70,3.72,3.71,3.74,3.72,29.33,25.1,-30,-30,93.7,0,-325,516,-12,0,1000,0,0,1,-1,0,1,1,-1,-1,-1,-1,-1,0,1,
2026-04-14,21:54:10.810,7.62,73,98,98,-0.063,41.76,41,0,7.95,-0.241,1.816,-7.48,45,0,141.70,1.12,10,0.00,3.72,3.74,3.71,3.70,3.72,3.71,3.71,3.70,29.31,29.9,-30,-30,99.3,0,-264,503,0,0,1000,0,0,1,-1,0,1,1,-1,-1,-1,-1,-1,0,1,
2026-04-14,21:54:11.070,7.63,64,98,98,-0.169,41.76,36,0,7.94,-0.149,1.245,-7.48,46,0,144.73,2.78,10,0.00,3.68,3.70,3.71,3.70,3.72,3.71,3.71,3.70,29.31,29.9,-30,-30,102.6,0,-196,498,0,0,999,0,0,1,-1,0,1,1,-1,-1,-1,-1,-1,0,1,
2026-04-14,21:54:11.330,7.62,49,98,98,-0.071,38.45,33,0,7.96,-0.139,1.041,-6.73,47,0,147.46,3.64,10,0.00,3.68,3.70,3.66,3.66,3.72,3.71,3.71,3.70,29.31,28.4,-30,-30,98.2,0,-110,495,0,0,999,0,0,1,-1,0,1,1,-1,-1,-1,-1,-1,0,1,
2026-04-14,21:54:11.590,7.63,51,98,98,-0.024,36.62,33,0,7.96,-0.205,1.309,-6.10,47,0,153.50,1.99,10,0.00,3.68,3.70,3.66,3.66,3.68,3.67,3.71,3.70,29.31,28.4,-30,-30,98.3,0,-64,494,0,0,999,0,0,1,-1,0,1,1,-1,-1,-1,-1,-1,0,1,
2026-04-14,21:54:11.860,7.63,70,98,98,0.072,35.20,36,0,7.92,-0.090,0.881,-5.51,49,0,155.80,2.64,10,0.00,3.68,3.70,3.66,3.66,3.68,3.67,3.69,3.68,29.30,29.0,-30,-30,100.7,0,-237,494,181,0,1000,0,0,1,-1,0,1,1,-1,-1,-1,-1,-1,0,1,
2026-04-14,21:54:12.130,7.62,91,97,97,-0.088,33.79,41,0,7.95,-0.091,1.047,-5.14,49,0,160.15,1.08,10,0.00,3.68,3.70,3.66,3.66,3.68,3.67,3.69,3.68,29.30,28.3,-30,-30,103.2,0,-212,494,225,0,999,0,0,1,-1,0,1,1,-1,-1,-1,-1,-1,0,1,
2026-04-14,21:54:12.400,7.63,98,98,97,-0.049,33.13,45,0,7.94,-0.178,1.314,-3.61,52,0,-96.23,0.99,10,0.00,3.67,3.69,3.66,3.66,3.68,3.67,3.69,3.68,29.30,28.3,-30,-30,99.6,0,-198,497,198,0,1000,0,0,1,-1,0,1,1,-1,-1,-1,-1,-1,0,1,
2026-04-14,21:54:12.660,7.62,100,100,97,0.080,31.67,47,0,7.94,-0.069,0.719,-4.03,53,0,-96.23,0.99,10,0.00,3.67,3.69,3.66,3.66,3.68,3.67,3.69,3.68,29.30,29.0,-30,-30,94.8,0,-138,497,-2,0,1000,0,0,1,-1,0,1,1,-1,-1,-1,-1,-1,0,1,
2026-04-14,21:54:12.930,7.62,100,100,97,-0.007,30.28,49,0,7.91,-0.127,1.061,-4.70,55,0,-177.10,-0.56,10,0.00,3.67,3.69,3.66,3.66,3.68,3.67,3.69,3.68,29.29,29.0,-30,-30,94.8,0,-162,497,0,0,1000,0,0,1,-1,0,1,1,-1,-1,-1,-1,-1,0,1,
2026-04-14,21:54:13.190,7.63,100,100,97,0.005,28.92,49,0,7.93,-0.081,0.752,-4.69,55,0,-175.80,-0.08,10,0.00,3.67,3.69,3.66,3.66,3.68,3.67,3.69,3.68,29.30,28.2,-30,-30,98.5,0,-115,497,0,0,999,0,0,1,-1,0,1,1,-1,-1,-1,-1,-1,0,1,
2026-04-14,21:54:13.460,7.63,100,100,97,-0.112,27.44,50,0,7.96,-0.145,1.140,-4.99,55,0,-175.34,-2.55,10,0.00,3.67,3.69,3.66,3.66,3.68,3.67,3.69,3.68,29.30,28.2,-30,-30,101.9,0,-128,496,0,0,999,0,0,1,-1,0,1,1,-1,-1,-1,-1,-1,0,1,
2026-04-14,21:54:13.730,7.63,100,100,97,-0.036,26.62,50,0,7.93,-0.105,1.113,-3.92,56,0,-173.96,-1.97,10,0.00,3.67,3.69,3.66,3.67,3.68,3.67,3.69,3.68,29.30,28.0,-30,-30,101.1,0,-130,497,0,0,999,0,0,1,-1,0,1,1,-1,-1,-1,-1,-1,0,1,
2026-04-14,21:54:14.010,7.62,100,100,98,0.029,25.80,50,0,7.96,-0.127,1.063,-3.08,57,0,-173.38,-1.76,10,0.00,3.67,3.69,3.66,3.67,3.68,3.68,3.69,3.68,29.30,28.0,-30,-30,100.2,0,-99,497,0,0,999,0,0,1,-1,0,1,1,-1,-1,-1,-1,-1,0,1,
2026-04-14,21:54:14.270,7.62,100,100,99,0.050,23.64,50,0,7.96,-0.058,0.933,-3.61,56,0,-173.83,-3.44,10,0.00,3.67,3.69,3.66,3.67,3.68,3.68,3.69,3.68,29.32,28.0,-30,-30,101.5,0,8,497,-101,0,999,0,0,1,-1,0,1,1,-1,-1,-1,-1,-1,0,1,
2026-04-14,21:54:14.540,7.63,100,100,99,-0.005,22.68,50,0,7.97,-0.051,0.910,-3.70,57,0,-174.61,-3.41,10,0.00,3.67,3.69,3.66,3.67,3.68,3.68,3.69,3.68,29.32,28.0,-30,-30,103.2,0,14,499,0,0,999,0,0,1,-1,0,1,1,-1,-1,-1,-1,-1,0,1,
2026-04-14,21:54:14.810,7.62,100,100,99,-0.005,21.84,50,0,7.97,-0.072,0.834,-3.70,57,0,-173.03,-1.35,10,0.00,3.67,3.70,3.66,3.67,3.68,3.68,3.69,3.68,29.32,27.3,-30,-30,103.7,0,8,499,0,0,999,0,0,1,-1,0,1,1,-1,-1,-1,-1,-1,0,1,
2026-04-14,21:54:15.070,7.62,100,100,99,-0.020,21.20,50,0,7.97,-0.132,0.956,-2.63,60,0,-165.81,0.25,10,0.00,3.67,3.70,3.67,3.67,3.68,3.68,3.69,3.68,29.32,27.3,-30,-30,99.1,0,-26,554,-1,0,999,0,0,1,-1,0,1,1,-1,-1,-1,-1,-1,0,1,
2026-04-14,21:54:15.330,7.62,100,100,99,0.007,20.31,50,0,7.97,0.009,0.056,-2.75,62,0,-163.32,0.77,10,0.00,3.67,3.70,3.67,3.67,3.68,3.68,3.69,3.68,29.29,29.7,-30,-30,99.1,0,-68,561,-479,0,999,0,0,1,-1,0,1,1,-1,-1,-1,-1,-1,0,1,
2026-04-14,21:54:15.590,7.63,100,100,99,0.021,18.98,50,0,7.97,-0.047,1.021,-3.78,62,0,-168.66,-1.05,10,0.00,3.67,3.70,3.67,3.67,3.68,3.68,3.69,3.68,29.29,29.7,-30,-30,105.4,0,-177,562,-536,0,999,0,0,1,-1,0,1,1,-1,-1,-1,-1,-1,0,1,
2026-04-14,21:54:15.850,7.63,99,99,99,-0.082,17.74,47,0,7.95,-0.076,0.894,-4.15,61,0,-176.71,-1.88,10,0.00,3.67,3.69,3.67,3.67,3.68,3.68,3.69,3.68,29.28,30.4,-30,-30,107.6,0,-164,562,0,0,999,0,0,1,-1,0,1,1,-1,-1,-1,-1,-1,0,1,
2026-04-14,21:54:16.120,7.63,91,100,100,-0.066,16.82,44,0,7.91,-0.188,1.542,-3.82,61,0,-176.72,-5.72,10,0.00,3.67,3.69,3.66,3.66,3.68,3.68,3.69,3.68,29.28,30.4,-30,-30,103.2,0,-193,562,-300,0,1000,0,0,1,-1,0,1,1,-1,-1,-1,-1,-1,0,1,
2026-04-14,21:54:16.380,7.63,78,100,100,-0.036,15.90,40,0,7.94,-0.200,1.359,-3.29,61,0,115.71,-6.07,10,0.00,3.67,3.69,3.66,3.66,3.67,3.67,3.69,3.68,29.25,31.7,-30,-30,103.7,0,-162,585,-366,0,1000,0,0,1,-1,0,1,1,-1,-1,-1,-1,-1,0,1,
2026-04-14,21:54:16.660,7.62,74,100,100,-0.069,15.00,38,0,7.96,-0.200,1.142,-3.24,59,0,173.24,-6.39,10,0.00,3.67,3.69,3.66,3.66,3.67,3.67,3.68,3.67,29.25,35.0,-30,-30,98.2,0,-16,585,0,0,999,0,0,1,-1,0,1,1,-1,-1,-1,-1,-1,0,1,
2026-04-14,21:54:16.940,7.62,77,100,100,-0.041,13.86,38,0,7.96,-0.176,0.958,-2.11,60,0,175.15,-5.87,10,0.00,3.67,3.69,3.66,3.66,3.67,3.67,3.68,3.67,29.21,35.0,-30,-30,98.0,0,0,579,0,0,999,0,0,1,-1,0,1,1,-1,-1,-1,-1,-1,0,1,
2026-04-14,21:54:17.200,7.62,85,100,100,0.000,13.15,37,0,7.97,-0.137,0.798,-2.25,61,0,177.44,-4.97,10,0.00,3.66,3.68,3.66,3.66,3.67,3.67,3.68,3.67,29.21,35.3,-30,-30,99.5,0,0,578,-45,0,999,0,0,1,-1,0,1,1,-1,-1,-1,-1,-1,0,1,
2026-04-14,21:54:17.470,7.62,86,99,99,0.012,12.44,39,0,7.97,-0.158,0.978,-2.47,61,0,177.74,-4.93,10,0.00,3.66,3.68,3.65,3.65,3.67,3.67,3.68,3.67,29.19,35.3,-30,-30,99.5,0,0,578,0,0,1000,0,0,1,-1,0,1,1,-1,-1,-1,-1,-1,0,1,
2026-04-14,21:54:17.750,7.62,95,99,99,0.017,11.87,40,0,7.97,-0.184,1.091,-2.07,59,0,178.04,-4.23,10,0.00,3.66,3.68,3.65,3.65,3.66,3.65,3.68,3.67,29.16,34.2,-30,-30,98.9,0,-27,577,0,0,1000,0,0,1,-1,0,1,1,-1,-1,-1,-1,-1,0,1,
2026-04-14,21:54:18.010,7.62,98,99,99,0.030,11.27,43,0,7.97,-0.099,0.765,-2.15,60,0,178.24,-4.14,10,0.00,3.66,3.68,3.65,3.65,3.66,3.65,3.67,3.65,29.16,34.2,-30,-30,98.9,0,-116,578,94,0,999,0,0,1,-1,0,1,1,-1,-1,-1,-1,-1,0,1,
2026-04-14,21:54:18.280,7.62,100,100,99,-0.036,10.54,46,0,7.97,-0.162,1.129,-2.31,61,0,-146.56,-4.72,10,0.00,3.65,3.67,3.65,3.65,3.66,3.65,3.67,3.65,29.14,33.9,-30,-30,102.0,0,-111,578,0,0,999,0,0,1,-1,0,1,1,-1,-1,-1,-1,-1,0,1,
2026-04-14,21:54:18.540,7.62,100,100,99,0.002,9.87,48,0,7.97,-0.160,1.108,-2.36,61,0,-176.61,-5.58,10,0.00,3.65,3.67,3.65,3.64,3.66,3.65,3.67,3.65,29.14,33.9,-30,-30,99.3,0,-43,577,0,0,999,0,0,1,-1,0,1,1,-1,-1,-1,-1,-1,0,1,
2026-04-14,21:54:18.800,7.62,100,100,99,0.044,9.30,50,0,7.97,-0.120,0.958,-2.17,61,0,-175.62,-5.78,10,0.00,3.65,3.67,3.65,3.64,3.66,3.66,3.67,3.65,29.14,34.1,-30,-30,102.6,0,0,578,0,0,999,0,0,1,-1,0,1,1,-1,-1,-1,-1,-1,0,1,
2026-04-14,21:54:19.060,7.62,100,100,99,0.062,8.59,51,0,7.97,-0.098,0.768,-2.27,62,0,-176.58,-5.05,10,0.00,3.65,3.67,3.65,3.64,3.66,3.66,3.67,3.65,29.14,34.1,-30,-30,102.2,0,-35,578,0,0,999,0,0,1,-1,0,1,1,-1,-1,-1,-1,-1,0,1,
2026-04-14,21:54:19.330,7.63,100,100,99,0.011,8.11,53,0,7.94,-0.201,1.108,-1.98,65,0,-176.07,-4.62,10,0.00,3.65,3.67,3.65,3.64,3.66,3.66,3.67,3.65,29.12,33.8,-30,-30,97.2,0,-149,580,29,0,1000,0,0,1,-1,0,1,1,-1,-1,-1,-1,-1,0,1,
2026-04-14,21:54:19.590,7.62,100,100,99,0.022,6.93,54,0,7.95,-0.131,1.151,-2.00,65,0,-173.78,-5.02,10,0.00,3.65,3.67,3.65,3.64,3.66,3.66,3.67,3.65,29.12,33.8,-30,-30,105.4,0,3,397,83,0,999,0,0,1,-1,0,1,1,-1,-1,-1,-1,-1,0,1,
2026-04-14,21:54:19.860,7.62,100,100,99,-0.039,6.53,54,0,7.94,0.022,0.608,-1.97,65,0,-172.85,-5.86,10,0.00,3.65,3.67,3.65,3.64,3.66,3.66,3.67,3.65,29.21,29.2,-30,-30,105.4,0,-94,290,78,0,999,0,0,1,-1,0,1,1,-1,-1,-1,-1,-1,0,1,
2026-04-14,21:54:20.130,7.62,100,100,99,-0.037,6.48,55,0,7.95,-0.035,1.123,-0.87,67,0,-163.81,-3.86,10,0.00,3.65,3.67,3.65,3.64,3.67,3.66,3.67,3.65,29.21,11.7,-30,-30,101.5,0,-145,199,-156,0,1000,0,0,1,-1,0,1,1,-1,-1,-1,-1,-1,0,1,
2026-04-14,21:54:20.390,7.62,100,100,99,-0.014,6.56,56,0,7.93,0.009,1.112,-0.16,68,0,-162.92,-3.50,10,0.00,3.65,3.67,3.65,3.64,3.67,3.66,3.69,3.68,29.37,11.7,-30,-30,99.3,0,-142,281,-502,0,999,0,0,1,-1,0,1,1,-1,-1,-1,-1,-1,0,1,
2026-04-14,21:54:20.660,7.63,100,100,99,-0.069,6.59,56,0,7.95,-0.037,1.056,0.14,70,0,-166.12,-3.59,10,0.00,3.69,3.71,3.65,3.64,3.67,3.66,3.69,3.68,29.37,15.2,-30,-30,98.2,0,-89,287,-302,0,999,0,0,1,-1,0,1,1,-1,-1,-1,-1,-1,0,1,
2026-04-14,21:54:20.920,7.62,100,100,99,0.022,5.97,56,0,7.96,0.021,0.736,-1.05,70,0,-172.93,-2.65,10,0.00,3.69,3.71,3.70,3.70,3.67,3.66,3.69,3.68,29.45,15.2,-30,-30,100.6,0,-40,284,-240,0,1000,0,0,1,-1,0,1,1,-1,-1,-1,-1,-1,0,1,
2026-04-14,21:54:21.180,7.62,100,100,99,-0.044,5.12,56,0,7.97,0.008,0.887,-2.18,69,0,-174.80,-2.47,10,0.00,3.69,3.71,3.70,3.70,3.73,3.71,3.69,3.68,29.45,14.2,-30,-30,100.9,0,-169,278,-401,0,1000,0,0,1,-1,0,1,1,-1,-1,-1,-1,-1,0,1,
2026-04-14,21:54:21.450,7.63,100,100,100,-0.046,4.43,55,0,7.97,0.008,0.708,-2.18,68,0,-176.96,-2.39,10,0.00,3.69,3.71,3.70,3.70,3.73,3.71,3.73,3.72,29.54,14.2,-30,-30,98.5,0,-268,362,-557,0,999,0,0,1,-1,0,1,1,-1,-1,-1,-1,-1,0,1,
2026-04-14,21:54:21.710,7.63,99,100,100,-0.083,3.78,51,0,7.92,-0.141,1.438,-2.31,68,0,176.24,-6.35,10,0.00,3.69,3.71,3.70,3.70,3.73,3.71,3.73,3.72,29.55,18.4,-30,-30,98.2,0,-264,407,-446,0,999,0,0,1,-1,0,1,1,-1,-1,-1,-1,-1,0,1,
2026-04-14,21:54:21.970,7.62,98,100,100,-0.091,3.09,48,0,7.94,-0.128,1.123,-2.28,67,0,175.04,-6.70,10,0.00,3.71,3.73,3.70,3.70,3.73,3.71,3.73,3.72,29.55,18.4,-30,-30,98.0,0,7,406,-274,0,999,0,0,1,-1,0,1,1,-1,-1,-1,-1,-1,0,1,
2026-04-14,21:54:22.240,7.62,98,100,100,-0.036,2.42,51,0,7.90,-0.104,0.911,-2.41,66,0,175.89,-7.26,10,0.00,3.71,3.73,3.70,3.70,3.73,3.71,3.73,3.72,29.50,25.5,-30,-30,98.0,0,-232,484,-371,0,1000,0,0,1,-1,0,1,1,-1,-1,-1,-1,-1,0,1,
2026-04-14,21:54:22.510,7.62,99,100,100,-0.007,0.70,53,0,7.93,-0.122,1.105,-2.85,67,0,174.09,-7.04,10,0.00,3.71,3.73,3.70,3.70,3.71,3.70,3.73,3.72,29.50,25.5,-30,-30,93.2,0,-239,487,-281,0,999,0,0,1,-1,0,1,1,-1,-1,-1,-1,-1,0,1,
2026-04-14,21:54:22.770,7.63,100,100,100,-0.078,-0.04,55,0,7.90,-0.228,1.377,-3.00,67,0,167.53,-10.66,10,0.00,3.71,3.73,3.70,3.70,3.71,3.70,3.71,3.69,29.45,28.5,-30,-30,99.8,0,-43,380,35,0,999,0,0,1,-1,0,1,1,-1,-1,-1,-1,-1,0,1,
2026-04-14,21:54:23.040,7.62,100,100,100,-0.012,-0.21,55,0,7.94,-0.120,1.008,-1.52,69,0,170.69,-11.11,10,0.00,3.69,3.70,3.70,3.70,3.71,3.70,3.71,3.69,29.45,28.5,-30,-30,92.2,0,8,349,0,0,1000,0,0,1,-1,0,1,1,-1,-1,-1,-1,-1,0,1,
2026-04-14,21:54:23.310,7.62,100,100,100,-0.037,-0.26,56,0,7.96,-0.025,0.818,-0.68,70,0,173.52,-9.10,10,0.00,3.69,3.70,3.68,3.68,3.71,3.70,3.71,3.69,29.57,20.7,-30,-30,91.9,-4,-200,70,0,0,1000,0,0,1,-1,0,1,1,-1,-1,-1,-1,-1,0,1,
2026-04-14,21:54:23.570,7.62,100,100,100,-0.075,0.02,56,0,7.96,0.020,1.219,0.14,73,0,176.35,-8.49,10,0.00,3.69,3.70,3.68,3.68,3.71,3.70,3.71,3.69,29.57,20.7,-30,-30,99.6,-28,-294,-21,49,0,1000,0,0,1,-1,0,1,1,-1,-1,-1,-1,-1,0,1,
2026-04-14,21:54:23.830,7.62,100,100,100,0.030,0.41,56,0,7.95,0.108,1.003,0.97,73,0,176.58,-9.12,10,0.00,3.69,3.70,3.68,3.68,3.71,3.70,3.71,3.69,29.72,1.2,-30,-30,99.3,-52,33,-120,-117,0,999,0,0,1,-1,0,1,1,-1,-1,-1,-1,-1,0,1,
2026-04-14,21:54:24.100,7.62,100,100,100,-0.093,0.74,58,0,7.91,0.052,1.032,1.02,74,0,177.54,-7.24,10,0.00,3.69,3.70,3.68,3.68,3.71,3.70,3.74,3.72,29.72,1.2,-30,-30,93.0,-60,-343,-131,-171,0,999,0,0,1,-1,0,1,1,-1,-1,-1,-1,-1,0,1,
2026-04-14,21:54:24.360,7.62,100,100,100,-0.007,1.13,60,0,7.89,0.056,1.144,1.31,75,0,-18.57,-4.35,10,0.00,3.74,3.76,3.68,3.68,3.71,3.70,3.74,3.72,29.85,0.0,-30,-30,93.0,-105,-300,-95,-250,0,1000,0,0,1,-1,0,1,1,-1,-1,-1,-1,-1,0,1,
2026-04-14,21:54:24.630,7.62,100,100,100,-0.016,1.06,62,0,7.94,-0.099,1.298,0.56,77,0,176.07,-7.45,10,0.00,3.74,3.76,3.75,3.75,3.71,3.70,3.74,3.72,29.85,0.0,-30,-30,83.7,-141,-164,-204,-218,0,1000,0,0,1,-1,0,1,1,-1,-1,-1,-1,-1,0,1,
2026-04-14,21:54:24.900,7.62,100,100,100,-0.017,0.66,64,0,7.90,0.095,0.828,-0.59,78,0,171.81,-5.07,10,0.00,3.74,3.76,3.75,3.75,3.77,3.76,3.74,3.72,29.97,2.3,-30,-30,83.7,-168,-481,-408,0,0,999,0,0,1,-1,0,1,1,-1,-1,-1,-1,-1,0,1,
2026-04-14,21:54:25.160,7.63,100,100,100,-0.035,0.34,64,0,7.91,0.014,1.042,-0.67,79,0,171.81,-5.07,10,0.00,3.74,3.76,3.75,3.75,3.77,3.76,3.78,3.77,29.97,0.0,-30,-30,84.1,-89,-596,-927,2,0,1000,0,0,1,-1,0,1,1,-1,-1,-1,-1,-1,0,1,
2026-04-14,21:54:25.420,7.62,100,100,100,-0.086,0.21,65,0,7.90,-0.054,1.043,-0.28,82,0,169.39,-6.14,10,0.00,3.77,3.79,3.75,3.75,3.77,3.76,3.78,3.77,30.09,0.0,-30,-30,73.0,-34,-505,-1024,16,0,999,0,0,1,-1,0,1,1,-1,-1,-1,-1,-1,0,1,
2026-04-14,21:54:25.680,7.62,100,100,100,-0.122,-0.06,65,0,7.88,-0.083,0.897,-0.51,83,0,178.87,-4.38,10,0.00,3.77,3.79,3.77,3.77,3.77,3.76,3.78,3.77,30.09,0.0,-30,-30,72.6,0,-521,-1024,0,0,999,0,0,1,-1,0,1,1,-1,-1,-1,-1,-1,0,1,
2026-04-14,21:54:25.960,7.62,100,100,100,-0.041,-0.56,67,0,7.93,0.000,0.960,-1.26,87,0,178.67,-3.99,10,0.00,3.77,3.79,3.77,3.77,3.79,3.78,3.78,3.77,30.16,0.0,-30,-30,71.7,-34,-294,-1024,0,0,999,0,0,1,-1,0,1,1,-1,-1,-1,-1,-1,0,1,
2026-04-14,21:54:26.230,7.62,100,100,100,-0.063,-0.46,74,0,7.95,-0.005,0.876,-0.64,91,0,177.72,-4.68,10,0.00,3.77,3.79,3.77,3.77,3.79,3.78,3.78,3.77,30.22,0.0,-30,-30,68.2,-41,-278,-1024,0,0,1000,0,0,1,-1,0,1,1,-1,-1,-1,-1,-1,0,1,
2026-04-14,21:54:26.490,7.62,100,100,100,-0.096,-0.20,78,0,7.96,0.056,0.967,0.31,94,0,177.29,-3.06,10,0.00,3.77,3.79,3.77,3.77,3.79,3.78,3.80,3.78,30.22,0.0,-30,-30,68.2,-35,-271,-1024,0,0,999,0,0,1,-1,0,1,1,-1,-1,-1,-1,-1,0,1,
2026-04-14,21:54:26.760,7.62,100,100,100,-0.083,-0.07,78,0,7.97,0.041,1.070,0.55,88,0,176.01,0.50,10,0.00,3.78,3.80,3.77,3.77,3.79,3.78,3.80,3.78,30.27,0.0,-30,-30,66.7,-29,-270,-1024,0,0,999,0,0,1,-1,0,1,1,-1,-1,-1,-1,-1,0,1,
2026-04-14,21:54:27.030,7.62,100,100,100,-0.035,0.05,80,0,7.97,0.066,0.973,0.49,91,0,175.92,0.19,10,0.00,3.78,3.80,3.78,3.78,3.79,3.78,3.80,3.78,30.27,0.0,-30,-30,70.2,-80,5,-1024,0,0,1000,0,0,1,-1,0,1,1,-1,-1,-1,-1,-1,0,1,
2026-04-14,21:54:27.290,7.63,100,100,100,0.015,-0.18,82,0,7.97,0.049,1.255,-0.24,89,0,176.00,1.84,10,0.00,3.78,3.80,3.78,3.78,3.80,3.78,3.80,3.78,30.31,0.0,-30,-30,70.2,0,14,-1024,0,0,1000,0,0,1,-1,0,1,1,-1,-1,-1,-1,-1,0,1,
2026-04-14,21:54:27.560,7.63,100,100,100,-0.071,-0.03,83,0,7.95,0.050,0.865,0.13,84,0,176.06,2.10,10,0.00,3.78,3.80,3.78,3.78,3.80,3.78,3.81,3.79,30.31,0.0,-30,-30,68.7,-24,19,-1024,0,0,1000,0,0,1,-1,0,1,1,-1,-1,-1,-1,-1,0,1,
2026-04-14,21:54:27.830,7.62,100,100,100,-0.072,0.08,81,0,7.93,0.027,1.010,0.25,82,0,176.20,2.66,10,0.00,3.79,3.80,3.78,3.78,3.80,3.78,3.81,3.79,30.35,0.0,-30,-30,70.7,-113,28,-1024,0,0,999,0,0,1,-1,0,1,1,-1,-1,-1,-1,-1,0,1,
2026-04-14,21:54:28.110,7.62,100,100,100,-0.004,0.11,77,0,7.91,0.027,0.849,0.15,80,0,175.95,1.96,10,0.00,3.79,3.80,3.79,3.79,3.80,3.78,3.81,3.79,30.35,0.0,-30,-30,64.6,-199,56,-1024,0,0,1000,0,0,1,-1,0,1,1,-1,-1,-1,-1,-1,0,1,
2026-04-14,21:54:28.380,7.62,100,100,100,0.040,0.16,69,0,7.92,0.026,1.271,0.14,75,0,176.46,3.16,10,0.00,3.79,3.80,3.79,3.79,3.80,3.79,3.81,3.79,30.39,0.0,-30,-30,59.6,-212,44,-1024,0,0,999,0,0,1,-1,0,1,1,-1,-1,-1,-1,-1,0,1,
2026-04-14,21:54:28.650,7.63,100,100,100,0.014,0.21,64,0,7.92,0.015,0.922,0.16,72,0,176.81,2.59,10,0.00,3.79,3.80,3.79,3.79,3.80,3.79,3.81,3.79,30.39,0.0,-30,-30,56.1,-251,20,-1024,0,0,1000,0,0,1,-1,0,1,1,-1,-1,-1,-1,-1,0,1,
2026-04-14,21:54:28.920,7.63,100,100,100,0.030,0.26,64,0,7.91,0.007,1.014,0.20,67,0,177.99,2.38,10,0.00,3.79,3.80,3.79,3.79,3.80,3.79,3.81,3.79,30.41,0.0,-30,-30,59.8,-297,16,-1024,0,0,999,0,0,1,-1,0,1,1,-1,-1,-1,-1,-1,0,1,
2026-04-14,21:54:29.190,7.63,100,100,100,0.074,0.29,63,0,7.88,-0.001,0.920,0.14,64,0,179.05,2.21,10,0.00,3.79,3.81,3.79,3.79,3.80,3.79,3.81,3.79,30.44,0.0,-30,-30,53.3,-341,16,-1024,0,0,999,0,0,1,-1,0,1,1,-1,-1,-1,-1,-1,0,1,
2026-04-14,21:54:29.450,7.62,100,100,100,0.092,0.29,63,0,7.90,0.006,1.110,0.03,63,0,179.62,2.37,10,0.00,3.79,3.81,3.79,3.79,3.80,3.79,3.81,3.79,30.44,0.0,-30,-30,53.0,-325,16,-1024,0,0,999,0,0,1,-1,0,1,1,-1,-1,-1,-1,-1,0,1,
2026-04-14,21:54:29.720,7.62,100,100,100,0.074,0.26,63,0,7.90,-0.008,1.188,0.00,57,0,-179.10,1.72,10,0.00,3.79,3.81,3.79,3.79,3.80,3.80,3.81,3.79,30.46,0.0,-30,-30,53.0,-350,0,-1024,0,0,999,0,0,1,-1,0,1,1,-1,-1,-1,-1,-1,0,1,
2026-04-14,21:54:29.990,7.62,100,100,100,0.019,0.13,63,0,7.89,-0.009,1.095,-0.23,52,0,-178.86,1.37,10,0.00,3.79,3.81,3.79,3.79,3.80,3.80,3.82,3.80,30.46,0.0,-30,-30,50.6,-368,13,-1024,0,0,999,0,0,1,-1,0,1,1,-1,-1,-1,-1,-1,0,1,
2026-04-14,21:54:30.250,7.62,100,100,100,-0.001,0.17,63,0,7.87,-0.007,0.990,-0.23,49,0,-178.84,0.69,10,0.00,3.80,3.81,3.79,3.79,3.80,3.80,3.82,3.80,30.48,0.0,-30,-30,54.1,-264,15,-1024,0,0,1000,0,0,1,-1,0,1,1,-1,-1,-1,-1,-1,0,1,
2026-04-14,21:54:30.510,7.62,100,100,100,-0.041,0.17,62,0,7.86,-0.016,0.949,-0.05,51,0,-179.02,-0.10,10,0.00,3.80,3.81,3.80,3.80,3.80,3.80,3.82,3.80,30.48,0.0,-30,-30,54.1,298,16,-1024,0,0,999,0,0,1,-1,0,1,1,-1,-1,-1,-1,-1,0,1,
2026-04-14,21:54:30.780,7.62,99,100,100,-0.083,0.17,60,0,7.86,-0.023,1.017,0.01,50,0,-179.48,-0.28,10,0.00,3.80,3.81,3.80,3.80,3.80,3.80,3.82,3.80,30.49,0.0,-30,-30,49.4,481,15,-1024,0,0,1000,0,0,1,-1,0,1,1,-1,-1,-1,-1,-1,0,1,
2026-04-14,21:54:31.040,7.62,99,100,100,-0.171,0.27,59,0,7.86,-0.022,0.907,0.05,53,0,177.63,0.79,10,0.00,3.80,3.81,3.80,3.80,3.80,3.80,3.82,3.80,30.49,0.0,-30,-30,45.2,641,16,-1024,0,0,999,0,0,1,-1,0,1,1,-1,-1,-1,-1,-1,0,1,
2026-04-14,21:54:31.300,7.62,99,100,100,-0.242,0.55,60,0,7.89,-0.027,1.035,0.63,57,0,178.01,0.96,10,0.00,3.80,3.81,3.80,3.80,3.80,3.80,3.82,3.80,30.51,0.0,-30,-30,49.4,561,14,-1024,0,0,1000,0,0,1,-1,0,1,1,-1,-1,-1,-1,-1,0,1,
2026-04-14,21:54:31.560,7.62,100,100,100,-0.219,0.55,60,0,7.94,-0.020,0.874,0.37,59,0,175.76,-0.28,10,0.00,3.81,3.81,3.80,3.80,3.80,3.80,3.82,3.80,30.51,0.0,-30,-30,47.4,501,3,-1024,0,0,999,0,0,1,-1,0,1,1,-1,-1,-1,-1,-1,0,0,
2026-04-14,21:54:31.820,7.62,100,100,100,-0.167,0.66,60,0,7.92,-0.042,1.137,0.24,59,0,174.78,-0.48,10,0.00,3.81,3.81,3.80,3.81,3.80,3.80,3.82,3.80,30.53,0.0,-30,-30,47.4,453,14,-1024,0,0,999,0,0,1,-1,0,1,1,-1,-1,-1,-1,-1,0,0,
2026-04-14,21:54:32.080,7.62,100,100,100,-0.111,0.93,61,0,7.94,-0.046,0.924,0.67,60,0,173.41,-0.63,10,0.00,3.81,3.81,3.80,3.81,3.81,3.80,3.82,3.80,30.53,0.0,-30,-30,47.0,393,14,-1024,0,0,999,0,0,1,-1,0,1,1,-1,-1,-1,-1,-1,0,0,
2026-04-14,21:54:32.350,7.62,100,100,100,-0.103,1.10,61,0,7.96,-0.028,1.016,0.66,57,0,172.76,-0.73,10,0.00,3.81,3.81,3.80,3.81,3.81,3.80,3.82,3.81,30.54,0.0,-30,-30,43.5,368,14,-1024,0,0,999,0,0,1,-1,0,1,1,-1,-1,-1,-1,-1,0,0,
2026-04-14,21:54:32.610,7.62,100,100,100,-0.082,1.28,58,0,7.93,-0.012,0.954,0.63,54,0,172.68,-0.90,10,0.00,3.81,3.82,3.80,3.81,3.81,3.80,3.82,3.81,30.54,0.0,-30,-30,42.6,68,14,-1024,0,0,1000,0,0,1,-1,0,1,1,-1,-1,-1,-1,-1,0,0,
2026-04-14,21:54:32.880,7.62,98,100,100,-0.048,1.42,54,0,7.90,-0.017,0.976,0.56,57,0,172.66,-0.80,10,0.00,3.81,3.82,3.80,3.81,3.81,3.80,3.82,3.81,30.56,0.0,-30,-30,39.6,150,15,-1024,0,0,1000,0,0,1,-1,0,1,1,-1,-1,-1,-1,-1,0,0,
2026-04-14,21:54:33.140,7.62,98,100,100,-0.044,1.55,52,0,7.93,-0.026,1.200,0.46,53,0,173.02,-0.09,10,0.00,3.81,3.82,3.80,3.81,3.81,3.80,3.82,3.81,30.56,0.0,-30,-30,38.2,89,14,-1024,0,0,1000,0,0,1,-1,0,1,1,-1,-1,-1,-1,-1,0,0,
2026-04-14,21:54:33.410,7.62,98,100,100,-0.036,1.67,51,0,7.91,-0.030,1.026,0.50,51,0,173.97,-1.11,10,0.00,3.81,3.82,3.80,3.81,3.81,3.81,3.82,3.81,30.56,0.0,-30,-30,37.6,164,15,-1024,0,0,1000,0,0,1,-1,0,1,1,-1,-1,-1,-1,-1,0,0,
2026-04-14,21:54:33.680,7.62,100,100,100,-0.036,1.66,49,0,7.94,-0.039,0.996,0.17,53,0,174.86,-1.10,10,0.00,3.81,3.82,3.80,3.81,3.81,3.81,3.82,3.81,30.56,0.0,-30,-30,37.6,81,15,-1024,0,0,999,0,0,1,-1,0,1,1,-1,-1,-1,-1,-1,0,0,
2026-04-14,21:54:33.960,7.62,100,100,100,-0.055,1.75,52,0,7.94,-0.027,1.073,0.11,53,0,175.15,-0.51,10,0.00,3.81,3.83,3.80,3.81,3.81,3.81,3.82,3.81,30.58,0.0,-30,-30,36.1,84,15,-1024,0,0,1000,0,0,1,-1,0,1,1,-1,-1,-1,-1,-1,0,0,
2026-04-14,21:54:34.220,7.63,100,100,100,-0.071,1.84,54,0,7.96,-0.057,1.022,0.11,49,0,175.44,-0.69,10,0.00,3.81,3.83,3.81,3.82,3.81,3.81,3.82,3.81,30.59,0.0,-30,-30,36.1,93,16,-1024,0,0,999,0,0,1,-1,0,1,1,-1,-1,-1,-1,-1,0,0,
2026-04-14,21:54:34.480,7.63,100,100,100,-0.052,1.90,56,0,7.96,-0.037,0.986,0.27,47,0,175.70,-0.53,10,0.00,3.81,3.83,3.81,3.82,3.81,3.81,3.82,3.81,30.59,0.0,-30,-30,36.1,-46,16,-1024,0,0,1000,0,0,1,-1,0,1,1,-1,-1,-1,-1,-1,0,0,
2026-04-14,21:54:34.740,7.62,100,100,100,-0.091,1.93,56,0,7.92,-0.032,1.037,0.13,49,0,176.04,-0.56,10,0.00,3.81,3.83,3.81,3.82,3.81,3.81,3.83,3.81,30.60,0.0,-30,-30,47.0,0,15,-1024,0,0,999,0,0,1,-1,0,1,1,-1,-1,-1,-1,-1,0,0,
2026-04-14,21:54:35.010,7.62,100,100,100,-0.041,1.89,57,0,7.95,-0.033,1.041,0.04,52,0,176.25,-1.00,10,0.00,3.81,3.82,3.81,3.82,3.81,3.81,3.83,3.81,30.60,0.0,-30,-30,36.5,0,14,-1024,0,0,999,0,0,1,-1,0,1,1,-1,-1,-1,-1,-1,0,0,
2026-04-14,21:54:35.270,7.62,100,100,100,0.008,1.81,57,0,7.96,-0.023,0.955,-0.23,55,0,176.38,-0.94,10,0.00,3.81,3.82,3.81,3.82,3.81,3.81,3.83,3.81,30.61,0.0,-30,-30,28.0,0,14,-1024,0,0,999,0,0,1,-1,0,1,1,1,-1,-1,-1,-1,0,0,
2026-04-14,21:54:35.530,7.62,99,100,100,-0.021,1.86,58,0,7.97,-0.015,1.044,0.04,57,0,176.97,-1.28,10,0.00,3.81,3.82,3.81,3.82,3.81,3.81,3.83,3.81,30.61,0.0,-30,-30,38.2,0,15,-1024,0,0,999,0,0,1,-1,0,1,1,1,-1,-1,-1,-1,0,0,
2026-04-14,21:54:35.800,7.62,99,100,100,0.000,1.73,57,0,7.97,-0.025,0.932,-0.23,57,0,177.23,-1.38,10,0.00,3.81,3.82,3.81,3.82,3.81,3.81,3.83,3.81,30.61,0.0,-30,-30,39.1,0,15,-1024,0,0,999,0,0,1,-1,0,1,1,1,-1,-1,-1,-1,0,0,
2026-04-14,21:54:36.070,7.63,99,100,100,-0.015,1.63,56,0,7.97,-0.014,0.925,-0.31,55,0,177.39,-1.04,10,0.00,3.81,3.82,3.81,3.82,3.81,3.81,3.83,3.81,30.61,0.0,-30,-30,35.0,0,15,-1024,0,0,999,0,0,1,-1,0,1,1,1,-1,-1,-1,-1,0,0,
2026-04-14,21:54:36.330,7.62,100,100,100,-0.020,1.54,55,0,7.97,-0.028,0.956,-0.32,53,0,177.63,-1.16,10,0.00,3.82,3.83,3.81,3.82,3.81,3.81,3.83,3.81,30.62,0.0,-30,-30,35.0,0,15,-1024,0,0,999,0,0,1,-1,0,1,1,1,-1,-1,-1,-1,0,0,
2026-04-14,21:54:36.590,7.63,100,100,99,-0.020,1.40,55,0,7.97,-0.017,0.916,-0.27,51,0,177.75,-0.71,10,0.00,3.82,3.83,3.82,3.82,3.81,3.81,3.83,3.81,30.62,0.0,-30,-30,35.6,0,15,-1024,0,0,999,0,0,1,-1,0,1,1,1,-1,-1,-1,-1,0,0,
2026-04-14,21:54:36.850,7.62,100,100,99,-0.040,1.34,55,0,7.97,-0.039,1.057,-0.29,50,0,177.95,-0.58,10,0.00,3.82,3.83,3.82,3.82,3.82,3.81,3.83,3.81,30.63,0.0,-30,-30,33.7,0,15,-1024,0,0,1000,0,0,1,-1,0,1,1,1,-1,-1,-1,-1,0,0,
2026-04-14,21:54:37.110,7.63,100,100,99,-0.034,1.33,55,0,7.97,-0.020,0.957,-0.15,49,0,178.06,-0.91,10,0.00,3.82,3.83,3.82,3.82,3.82,3.81,3.83,3.81,30.63,0.0,-30,-30,35.0,0,15,-1024,0,0,999,0,0,1,-1,0,1,1,1,-1,-1,-1,-1,0,0,
2026-04-14,21:54:37.370,7.63,100,100,99,-0.021,1.36,54,0,7.97,-0.025,1.045,0.01,50,0,178.18,-0.64,10,0.00,3.82,3.83,3.82,3.82,3.82,3.81,3.83,3.81,30.63,0.0,-30,-30,28.7,0,15,-1024,0,0,999,0,0,1,-1,0,1,1,1,-1,-1,-1,-1,0,0,
2026-04-14,21:54:37.630,7.62,100,100,99,-0.026,1.29,53,0,7.97,-0.039,0.975,-0.11,55,0,178.27,-0.80,10,0.00,3.82,3.83,3.81,3.82,3.82,3.81,3.83,3.81,30.63,0.0,-30,-30,28.7,0,14,-1024,0,0,1000,0,0,1,-1,0,1,1,1,-1,-1,-1,-1,0,0,
2026-04-14,21:54:37.890,7.62,100,100,99,-0.041,1.24,54,0,7.97,-0.037,0.950,-0.14,59,0,178.35,-1.10,10,0.00,3.82,3.83,3.81,3.82,3.82,3.81,3.83,3.81,30.64,0.0,-30,-30,26.7,0,14,-1024,0,0,999,0,0,1,-1,0,1,1,1,-1,-1,-1,-1,0,0,
2026-04-14,21:54:38.150,7.62,100,100,99,-0.058,1.17,53,0,7.97,-0.043,0.983,-0.20,59,0,178.34,-1.07,10,0.00,3.82,3.83,3.81,3.82,3.82,3.81,3.83,3.81,30.64,0.0,-30,-30,26.7,0,14,-1024,0,0,999,0,0,1,-1,0,1,1,1,-1,-1,-1,-1,0,0,
2026-04-14,21:54:38.410,7.62,99,99,99,-0.033,1.12,52,0,7.97,-0.043,1.019,-0.23,60,0,178.16,-1.28,10,0.00,3.82,3.83,3.81,3.82,3.82,3.81,3.83,3.82,30.65,0.0,-30,-30,26.7,0,14,-1024,0,0,999,0,0,1,-1,0,1,1,1,-1,-1,-1,-1,0,0,
2026-04-14,21:54:38.670,7.62,99,99,99,-0.039,1.21,52,0,7.97,-0.106,0.989,0.09,61,0,178.07,-1.46,10,0.00,3.82,3.83,3.81,3.82,3.82,3.81,3.83,3.82,30.65,0.0,-30,-30,25.0,0,15,-1024,0,0,1000,0,0,1,-1,0,1,1,1,-1,-1,-1,-1,0,0,
2026-04-14,21:54:38.940,7.62,99,99,99,-0.041,1.14,52,0,7.97,-0.129,0.957,-0.03,61,0,178.08,-2.03,10,0.00,3.82,3.83,3.82,3.82,3.82,3.81,3.83,3.82,30.65,0.0,-30,-30,28.0,0,15,-1024,0,0,999,0,0,1,-1,0,1,1,1,-1,-1,-1,-1,0,0,
2026-04-14,21:54:39.200,7.62,100,100,99,-0.024,1.09,52,0,7.97,-0.102,1.000,-0.14,61,0,178.04,-2.73,10,0.00,3.82,3.83,3.82,3.82,3.82,3.81,3.83,3.82,30.66,0.0,-30,-30,30.0,0,14,-1024,0,0,999,0,0,1,-1,0,1,1,1,-1,-1,-1,-1,0,0,
2026-04-14,21:54:39.470,7.62,100,100,99,-0.027,1.09,53,0,7.97,-0.113,0.974,-0.09,62,0,178.03,-2.99,10,0.00,3.82,3.83,3.82,3.82,3.82,3.81,3.83,3.82,30.66,0.0,-30,-30,32.0,0,15,-1024,0,0,999,0,0,1,-1,0,1,1,1,-1,-1,-1,-1,0,0,
2026-04-14,21:54:39.740,7.62,100,100,99,-0.027,1.24,54,0,7.97,-0.109,0.978,0.16,62,0,178.02,-3.46,10,0.00,3.82,3.83,3.82,3.82,3.82,3.81,3.83,3.82,30.66,0.0,-30,-30,27.2,0,15,-1024,0,0,999,0,0,1,-1,0,1,1,1,-1,-1,-1,-1,0,0,
2026-04-14,21:54:40.010,7.62,100,100,99,-0.038,1.24,54,0,7.97,-0.116,0.986,0.08,61,0,178.00,-3.81,10,0.00,3.82,3.83,3.82,3.82,3.82,3.81,3.83,3.82,30.66,0.0,-30,-30,23.5,0,15,-1024,0,0,1000,0,0,1,-1,0,1,1,1,-1,-1,-1,-1,0,0,
2026-04-14,21:54:40.280,7.62,100,100,99,-0.033,1.23,54,0,7.97,-0.106,0.979,0.01,61,0,177.98,-3.96,10,0.00,3.82,3.83,3.82,3.83,3.82,3.81,3.83,3.82,30.67,0.0,-30,-30,21.7,0,14,-1024,0,0,1000,0,0,1,-1,0,1,1,1,-1,-1,-1,-1,0,0,
2026-04-14,21:54:40.540,7.62,100,100,100,-0.027,1.09,54,0,7.97,-0.113,0.989,-0.26,59,0,177.96,-4.25,10,0.00,3.82,3.83,3.82,3.83,3.82,3.82,3.83,3.82,30.67,0.0,-30,-30,21.7,0,15,-1024,0,0,999,0,0,1,-1,0,1,1,1,-1,-1,-1,-1,0,0,
2026-04-14,21:54:40.810,7.62,100,100,100,-0.015,0.88,54,0,7.97,-0.109,0.972,-0.54,60,0,177.96,-4.51,10,0.00,3.82,3.83,3.82,3.83,3.82,3.82,3.83,3.82,30.67,0.0,-30,-30,21.7,0,15,-1024,0,0,999,0,0,1,-1,0,1,1,1,-1,-1,-1,-1,0,0,
2026-04-14,21:54:41.080,7.62,100,100,100,-0.034,0.81,54,0,7.97,-0.108,0.970,-0.39,61,0,177.97,-4.63,10,0.00,3.82,3.83,3.82,3.83,3.82,3.82,3.83,3.82,30.67,0.0,-30,-30,27.2,0,14,-1024,0,0,1000,0,0,1,-1,0,1,1,1,-1,-1,-1,-1,0,0,
2026-04-14,21:54:41.340,7.62,100,100,100,-0.033,0.79,54,0,7.97,-0.111,0.985,-0.19,61,0,177.96,-4.82,10,0.00,3.82,3.83,3.82,3.83,3.82,3.82,3.83,3.82,30.68,0.0,-30,-30,22.6,0,15,-1024,0,0,999,0,0,1,-1,0,1,1,1,-1,-1,-1,-1,0,0,
2026-04-14,21:54:41.610,7.62,100,100,100,-0.034,0.71,54,0,7.97,-0.107,0.979,-0.21,61,0,177.96,-4.91,10,0.00,3.82,3.83,3.82,3.83,3.82,3.82,3.83,3.82,30.68,0.0,-30,-30,26.7,0,14,-1024,0,0,1000,0,0,1,-1,0,1,1,1,-1,-1,-1,-1,0,0,
2026-04-14,21:54:41.880,7.62,100,100,100,-0.026,0.65,54,0,7.97,-0.115,0.983,-0.26,63,0,177.95,-5.07,10,0.00,3.82,3.83,3.82,3.83,3.82,3.82,3.83,3.82,30.68,0.0,-30,-30,28.0,0,15,-1024,0,0,999,0,0,1,-1,0,1,1,1,-1,-1,-1,-1,0,0,
2026-04-14,21:54:42.140,7.62,100,100,100,-0.033,0.55,54,0,7.97,-0.111,0.977,-0.22,62,0,177.95,-5.14,10,0.00,3.82,3.83,3.82,3.83,3.82,3.82,3.83,3.82,30.68,0.0,-30,-30,30.0,0,14,-1024,0,0,1000,0,0,1,-1,0,1,1,1,-1,-1,-1,-1,0,0,
2026-04-14,21:54:42.400,7.62,100,100,100,-0.041,0.19,53,0,7.97,-0.115,0.996,-0.61,60,0,177.97,-5.22,10,0.00,3.82,3.83,3.82,3.83,3.82,3.82,3.83,3.82,30.68,0.0,-30,-30,35.0,0,14,-1024,0,0,1000,0,0,1,-1,0,1,1,1,-1,-1,-1,-1,0,0,
2026-04-14,21:54:42.660,7.62,100,100,100,-0.019,0.30,52,0,7.97,-0.110,0.986,-0.04,56,0,177.94,-5.41,10,0.00,3.82,3.83,3.82,3.83,3.82,3.82,3.83,3.82,30.68,0.0,-30,-30,35.0,0,14,-1024,0,0,999,0,0,1,-1,0,1,1,1,-1,-1,-1,-1,0,0,
2026-04-14,21:54:42.940,7.62,100,100,100,0.006,0.55,51,0,7.97,-0.119,0.997,0.51,56,0,177.98,-5.46,10,0.00,3.82,3.83,3.82,3.83,3.82,3.82,3.83,3.82,30.68,0.0,-30,-30,32.0,0,14,-1024,0,0,1000,0,0,1,-1,0,1,1,1,-1,-1,-1,-1,0,0,
2026-04-14,21:54:43.200,7.63,100,100,100,-0.091,0.47,50,0,7.97,-0.121,0.967,0.20,57,0,178.00,-5.58,10,0.00,3.82,3.83,3.82,3.83,3.82,3.82,3.83,3.82,30.69,0.0,-30,-30,32.0,0,14,-1024,0,0,999,0,0,1,-1,0,1,1,1,-1,-1,-1,-1,0,0,
2026-04-14,21:54:43.460,7.63,100,100,100,-0.027,0.54,50,0,7.97,-0.096,0.949,0.10,57,0,177.92,-5.69,10,0.00,3.82,3.83,3.82,3.83,3.82,3.82,3.83,3.82,30.69,0.0,-30,-30,28.0,0,15,-1024,0,0,999,0,0,1,-1,0,1,1,1,-1,-1,-1,-1,0,0,
2026-04-14,21:54:43.730,7.62,100,100,100,-0.020,0.62,50,0,7.97,-0.090,0.991,0.21,60,0,177.89,-5.55,10,0.00,3.82,3.83,3.82,3.83,3.82,3.82,3.83,3.82,30.70,0.0,-30,-30,34.3,0,14,-1024,0,0,1000,0,0,1,-1,0,1,1,1,-1,-1,-1,-1,0,0,
2026-04-14,21:54:44.010,7.62,100,100,100,-0.013,0.68,49,0,7.97,-0.109,0.986,0.25,62,0,177.90,-5.76,10,0.00,3.82,3.83,3.82,3.83,3.82,3.82,3.83,3.82,30.70,0.0,-30,-30,28.7,0,14,-1024,0,0,999,0,0,1,-1,0,1,1,1,-1,-1,-1,-1,0,0,
2026-04-14,21:54:44.270,7.63,100,100,100,-0.056,0.69,49,0,7.97,-0.105,0.989,0.13,63,0,177.93,-5.71,10,0.00,3.82,3.83,3.82,3.83,3.82,3.82,3.84,3.82,30.70,0.0,-30,-30,33.7,0,14,-1024,0,0,999,0,0,1,-1,0,1,1,1,-1,-1,-1,-1,0,0,
2026-04-14,21:54:44.540,7.62,100,100,100,-0.066,0.61,49,0,7.97,-0.088,0.971,-0.12,64,0,177.93,-5.76,10,0.00,3.82,3.83,3.82,3.83,3.82,3.82,3.84,3.82,30.70,0.0,-30,-30,30.7,0,14,-1024,0,0,999,0,0,1,-1,0,1,1,1,-1,-1,-1,-1,0,0,
2026-04-14,21:54:44.800,7.62,100,100,100,-0.045,0.53,50,0,7.97,-0.090,1.022,-0.21,61,0,177.86,-5.69,10,0.00,3.82,3.83,3.82,3.83,3.82,3.82,3.84,3.82,30.70,0.0,-30,-30,32.6,0,14,-1024,0,0,999,0,0,1,-1,0,1,1,1,-1,-1,-1,-1,0,0,
2026-04-14,21:54:45.060,7.62,100,100,100,-0.043,0.68,50,0,7.97,-0.132,0.980,0.21,60,0,177.89,-5.71,10,0.00,3.82,3.83,3.82,3.83,3.82,3.82,3.84,3.82,30.70,0.0,-30,-30,28.7,0,14,-1024,0,0,999,0,0,1,-1,0,1,1,1,-1,-1,-1,-1,0,0,
2026-04-14,21:54:45.330,7.63,100,100,100,0.009,0.76,50,0,7.97,-0.118,0.971,0.33,56,0,177.93,-5.74,10,0.00,3.82,3.83,3.82,3.83,3.83,3.82,3.84,3.82,30.70,0.0,-30,-30,32.6,0,14,-1024,0,0,1000,0,0,1,-1,0,1,1,1,-1,-1,-1,-1,0,0,
2026-04-14,21:54:45.590,7.63,100,100,100,-0.029,0.73,49,0,7.97,-0.099,0.987,0.07,57,0,177.92,-5.74,10,0.00,3.82,3.83,3.82,3.83,3.83,3.82,3.84,3.82,30.70,0.0,-30,-30,32.6,0,14,-1024,0,0,1000,0,0,1,-1,0,1,1,1,-1,-1,-1,-1,0,0,
2026-04-14,21:54:45.850,7.62,100,100,100,-0.015,0.67,48,0,7.97,-0.097,0.998,-0.06,56,0,177.82,-5.62,10,0.00,3.82,3.83,3.82,3.83,3.83,3.82,3.84,3.82,30.71,0.0,-30,-30,26.7,0,14,-1024,0,0,999,0,0,1,-1,0,1,1,1,-1,-1,-1,-1,0,0,
2026-04-14,21:54:46.110,7.62,100,100,100,-0.034,0.71,47,0,7.97,-0.113,0.976,-0.02,56,0,177.87,-5.65,10,0.00,3.82,3.83,3.83,3.83,3.83,3.82,3.84,3.82,30.71,0.0,-30,-30,24.3,0,14,-1024,0,0,999,0,0,1,-1,0,1,1,1,-1,-1,-1,-1,0,0,
2026-04-14,21:54:46.380,7.62,99,100,100,-0.038,0.71,46,0,7.97,-0.109,0.986,0.03,54,0,177.96,-5.74,10,0.00,3.82,3.83,3.83,3.83,3.83,3.82,3.84,3.82,30.71,0.0,-30,-30,30.7,0,14,-1024,0,0,999,0,0,1,-1,0,1,1,1,-1,-1,-1,-1,0,0,
2026-04-14,21:54:46.650,7.62,98,100,100,-0.040,0.77,45,0,7.97,-0.105,0.967,0.07,55,0,177.89,-5.74,10,0.00,3.82,3.83,3.83,3.83,3.83,3.82,3.84,3.82,30.71,0.0,-30,-30,28.0,0,14,-1024,0,0,999,0,0,1,-1,0,1,1,1,-1,-1,-1,-1,0,0,
2026-04-14,21:54:46.910,7.62,98,100,100,-0.006,0.83,45,0,7.97,-0.097,0.983,0.20,57,0,177.89,-5.69,10,0.00,3.82,3.83,3.83,3.83,3.83,3.82,3.84,3.82,30.71,0.0,-30,-30,22.6,0,14,-1024,0,0,999,0,0,1,-1,0,1,1,1,-1,-1,-1,-1,0,0,
2026-04-14,21:54:47.180,7.62,97,100,100,-0.027,0.82,44,0,7.97,-0.098,0.970,0.10,57,0,177.93,-5.71,10,0.00,3.82,3.83,3.83,3.83,3.83,3.82,3.84,3.82,30.71,0.0,-30,-30,25.0,0,14,-1024,0,0,999,0,0,1,-1,0,1,1,1,-1,-1,-1,-1,0,0,
2026-04-14,21:54:47.450,7.62,97,100,100,-0.035,0.74,43,0,7.97,-0.112,0.964,-0.14,57,0,177.88,-5.74,10,0.00,3.82,3.83,3.83,3.83,3.83,3.82,3.84,3.82,30.71,0.0,-30,-30,41.1,0,14,-1024,0,0,999,0,0,1,-1,0,1,1,1,-1,-1,-1,-1,0,0,
2026-04-14,21:54:47.720,7.62,97,100,100,0.015,0.71,43,0,7.97,-0.109,1.016,0.03,59,0,177.87,-5.77,10,0.00,3.82,3.83,3.83,3.83,3.83,3.82,3.84,3.82,30.71,0.0,-30,-30,41.1,0,14,-1024,0,0,999,0,0,1,-1,0,1,1,1,-1,-1,-1,-1,0,0,
2026-04-14,21:54:47.990,7.62,98,100,100,-0.008,0.79,43,0,7.97,-0.108,0.984,0.16,61,0,177.97,-5.96,10,0.00,3.82,3.83,3.83,3.83,3.83,3.82,3.84,3.82,30.71,0.0,-30,-30,33.2,0,14,-1024,0,0,1000,0,0,1,-1,0,1,1,1,-1,-1,-1,-1,0,0,
2026-04-14,21:54:48.260,7.62,99,100,100,-0.034,0.92,43,0,7.97,-0.104,0.959,0.16,61,0,177.92,-5.95,10,0.00,3.82,3.84,3.83,3.83,3.83,3.82,3.84,3.82,30.71,0.0,-30,-30,30.7,0,14,-1024,0,0,999,0,0,1,-1,0,1,1,1,-1,-1,-1,-1,0,0,
2026-04-14,21:54:48.520,7.62,99,100,100,-0.021,1.03,44,0,7.97,-0.126,1.007,0.42,60,0,177.91,-5.83,10,0.00,3.82,3.84,3.83,3.83,3.83,3.82,3.84,3.82,30.71,0.0,-30,-30,21.7,0,14,-1024,0,0,1000,0,0,1,-1,0,1,1,1,-1,-1,-1,-1,0,0,
2026-04-14,21:54:48.780,7.62,96,100,100,-0.015,1.03,44,0,7.97,-0.105,0.969,0.18,60,0,177.90,-5.86,10,0.00,3.82,3.84,3.83,3.83,3.83,3.82,3.84,3.82,30.72,0.0,-30,-30,30.7,0,14,-1024,0,0,1000,0,0,1,-1,0,1,1,1,-1,-1,-1,-1,0,0,
2026-04-14,21:54:49.040,7.62,95,100,100,-0.031,0.81,42,0,7.97,-0.114,0.979,-0.25,59,0,177.94,-5.87,10,0.00,3.82,3.84,3.83,3.83,3.83,3.82,3.84,3.82,30.72,0.0,-30,-30,30.0,0,14,-1024,0,0,999,0,0,1,-1,0,1,1,1,-1,-1,-1,-1,0,0,
2026-04-14,21:54:49.310,7.62,92,100,100,-0.029,0.75,43,0,7.97,-0.120,1.006,-0.46,58,0,177.95,-5.85,10,0.00,3.82,3.84,3.83,3.83,3.83,3.82,3.84,3.83,30.73,0.0,-30,-30,28.0,0,14,-1024,0,0,1000,0,0,1,-1,0,1,1,1,-1,-1,-1,-1,0,0,
2026-04-14,21:54:49.580,7.62,95,100,100,-0.042,0.81,43,0,7.97,-0.108,0.991,0.03,57,0,177.94,-5.86,10,0.00,3.82,3.84,3.83,3.83,3.83,3.82,3.84,3.83,30.73,0.0,-30,-30,33.7,0,14,-1024,0,0,999,0,0,1,-1,0,1,1,1,-1,-1,-1,-1,0,0,
2026-04-14,21:54:49.840,7.62,96,100,100,-0.017,0.76,44,0,7.97,-0.107,0.955,-0.07,58,0,177.92,-5.95,10,0.00,3.82,3.84,3.83,3.83,3.83,3.82,3.84,3.83,30.74,0.0,-30,-30,33.7,0,14,-1024,0,0,1000,0,0,1,-1,0,1,1,1,-1,-1,-1,-1,0,0,
2026-04-14,21:54:50.100,7.62,96,100,100,0.007,0.71,43,0,7.97,-0.107,0.988,-0.12,60,0,177.91,-5.98,10,0.00,3.82,3.84,3.83,3.83,3.83,3.82,3.84,3.83,30.74,0.0,-30,-30,33.7,0,14,-1024,0,0,999,0,0,1,-1,0,1,1,1,-1,-1,-1,-1,0,0,
2026-04-14,21:54:50.360,7.62,97,100,100,-0.028,0.66,43,0,7.97,-0.112,0.966,-0.19,60,0,177.96,-5.97,10,0.00,3.82,3.84,3.83,3.83,3.83,3.82,3.84,3.82,30.74,0.0,-30,-30,33.7,0,14,-1024,0,0,999,0,0,1,-1,0,1,1,1,-1,-1,-1,-1,0,0,
2026-04-14,21:54:50.620,7.62,97,100,100,-0.054,0.80,42,0,7.97,-0.106,0.971,0.15,58,0,177.97,-6.01,10,0.00,3.82,3.84,3.83,3.83,3.83,3.82,3.84,3.82,30.74,0.0,-30,-30,33.7,0,14,-1024,0,0,999,0,0,1,-1,0,1,1,1,-1,-1,-1,-1,0,0,
2026-04-14,21:54:50.880,7.62,99,100,100,-0.028,1.11,41,0,7.97,-0.110,0.962,0.44,57,0,177.94,-5.99,10,0.00,3.82,3.84,3.83,3.83,3.83,3.82,3.84,3.82,30.75,0.0,-30,-30,32.6,0,14,-1024,0,0,999,0,0,1,-1,0,1,1,1,-1,-1,-1,-1,0,0,
2026-04-14,21:54:51.150,7.62,98,100,100,-0.020,1.11,41,0,7.97,-0.116,0.999,0.25,57,0,177.93,-6.02,10,0.00,3.82,3.84,3.83,3.83,3.83,3.82,3.84,3.82,30.75,0.0,-30,-30,35.9,0,14,-1024,0,0,1000,0,0,1,-1,0,1,1,1,-1,-1,-1,-1,0,0,
2026-04-14,21:54:51.410,7.62,97,100,100,-0.014,1.22,42,0,7.97,-0.100,0.973,0.24,56,0,177.88,-6.02,10,0.00,3.82,3.84,3.83,3.83,3.83,3.82,3.84,3.82,30.75,0.0,-30,-30,35.6,0,14,-1024,0,0,1000,0,0,1,-1,0,1,1,1,-1,-1,-1,-1,0,0,
2026-04-14,21:54:51.670,7.62,98,100,100,-0.043,1.25,42,0,7.97,-0.121,1.005,0.24,58,0,177.96,-6.02,10,0.00,3.82,3.84,3.83,3.83,3.83,3.82,3.84,3.83,30.75,0.0,-30,-30,33.7,0,14,-1024,0,0,1000,0,0,1,-1,0,1,1,1,-1,-1,-1,-1,0,0,
2026-04-14,21:54:51.950,7.62,98,100,100,-0.015,1.24,42,0,7.97,-0.119,0.963,0.05,56,0,177.96,-6.02,10,0.00,3.82,3.84,3.83,3.83,3.83,3.82,3.84,3.83,30.75,0.0,-30,-30,30.7,0,14,-1024,0,0,999,0,0,1,-1,0,1,1,1,-1,-1,-1,-1,0,0,
2026-04-14,21:54:52.210,7.62,99,100,100,-0.028,1.27,42,0,7.97,-0.126,1.005,0.04,57,0,177.98,-5.99,10,0.00,3.82,3.84,3.83,3.83,3.83,3.82,3.84,3.83,30.76,0.0,-30,-30,30.7,0,14,-1024,0,0,999,0,0,1,-1,0,1,1,1,-1,-1,-1,-1,0,0,
2026-04-14,21:54:52.480,7.62,97,100,100,-0.019,1.27,42,0,7.97,-0.107,1.004,0.02,59,0,177.88,-5.96,10,0.00,3.82,3.84,3.83,3.83,3.83,3.82,3.84,3.83,30.76,0.0,-30,-30,38.2,0,14,-1024,0,0,999,0,0,1,-1,0,1,1,1,-1,-1,-1,-1,0,0,
2026-04-14,21:54:52.750,7.62,98,100,100,-0.013,1.21,43,0,7.97,-0.126,1.000,-0.05,57,0,177.88,-5.96,10,0.00,3.82,3.84,3.83,3.83,3.83,3.82,3.84,3.83,30.76,0.0,-30,-30,34.3,0,14,-1024,0,0,1000,0,0,1,-1,0,1,1,1,-1,-1,-1,-1,0,0,
2026-04-14,21:54:53.010,7.62,97,100,100,-0.023,1.11,44,0,7.97,-0.089,0.937,-0.24,56,0,177.93,-6.03,10,0.00,3.82,3.84,3.83,3.83,3.83,3.82,3.84,3.83,30.76,0.0,-30,-30,33.2,0,14,-1024,0,0,1000,0,0,1,-1,0,1,1,1,-1,-1,-1,-1,0,0,
2026-04-14,21:54:53.270,7.62,99,100,100,-0.023,1.11,45,0,7.97,-0.126,0.986,-0.14,57,0,177.93,-5.96,10,0.00,3.82,3.84,3.83,3.83,3.83,3.82,3.84,3.83,30.76,0.0,-30,-30,40.2,0,14,-1024,0,0,999,0,0,1,-1,0,1,1,1,-1,-1,-1,-1,0,0,
2026-04-14,21:54:53.530,7.62,98,100,100,-0.083,1.11,45,0,7.97,-0.094,0.964,-0.07,59,0,178.06,-6.00,10,0.00,3.82,3.84,3.83,3.83,3.83,3.82,3.84,3.83,30.76,0.0,-30,-30,33.7,0,15,-1024,0,0,999,0,0,1,-1,0,1,1,1,-1,-1,-1,-1,0,0,
2026-04-14,21:54:53.800,7.62,99,100,100,0.010,0.83,46,0,7.97,-0.106,0.982,-0.45,59,0,177.87,-6.10,10,0.00,3.82,3.84,3.83,3.83,3.83,3.82,3.84,3.83,30.76,0.0,-30,-30,44.8,0,15,-1024,0,0,1000,0,0,1,-1,0,1,1,1,-1,-1,-1,-1,0,0,
2026-04-14,21:54:54.060,7.62,99,100,100,0.016,0.79,47,0,7.97,-0.128,0.982,-0.38,55,0,177.97,-6.15,10,0.00,3.82,3.84,3.83,3.83,3.83,3.82,3.84,3.83,30.76,0.0,-30,-30,41.1,0,14,-1024,0,0,999,0,0,1,-1,0,1,1,1,-1,-1,-1,-1,0,0,
2026-04-14,21:54:54.320,7.62,99,100,100,-0.057,0.83,47,0,7.97,-0.104,0.975,-0.11,53,0,178.02,-6.17,10,0.00,3.83,3.84,3.83,3.83,3.83,3.82,3.84,3.83,30.76,0.0,-30,-30,41.1,0,14,-1024,0,0,999,0,0,1,-1,0,1,1,1,-1,-1,-1,-1,0,0,
2026-04-14,21:54:54.580,7.62,98,100,100,-0.068,0.84,47,0,7.97,-0.122,0.959,0.16,54,0,177.95,-6.10,10,0.00,3.83,3.84,3.83,3.84,3.83,3.82,3.84,3.83,30.76,0.0,-30,-30,37.6,0,14,-1024,0,0,999,0,0,1,-1,0,1,1,1,-1,-1,-1,-1,0,0,
2026-04-14,21:54:54.840,7.62,98,100,100,0.033,0.61,46,0,7.97,-0.124,0.954,-0.45,52,0,177.91,-6.37,10,0.00,3.83,3.84,3.83,3.84,3.83,3.82,3.84,3.83,30.76,0.0,-30,-30,48.2,0,14,-1024,0,0,1000,0,0,1,-1,0,1,1,1,-1,-1,-1,-1,0,0,
2026-04-14,21:54:55.110,7.62,99,100,100,-0.057,0.58,47,0,7.97,-0.122,1.035,-0.37,49,0,177.98,-6.27,10,0.00,3.83,3.84,3.83,3.84,3.83,3.82,3.84,3.83,30.76,0.0,-30,-30,41.1,0,14,-1024,0,0,999,0,0,1,-1,0,1,1,1,-1,-1,-1,-1,0,0,
2026-04-14,21:54:55.380,7.62,100,100,100,-0.019,0.54,46,0,7.97,-0.119,0.962,-0.13,52,0,177.93,-6.22,10,0.00,3.82,3.84,3.83,3.84,3.83,3.82,3.84,3.83,30.76,0.0,-30,-30,42.0,0,14,-1024,0,0,999,0,0,1,-1,0,1,1,1,-1,-1,-1,-1,0,0,
2026-04-14,21:54:55.640,7.62,99,100,100,-0.031,0.60,46,0,7.97,-0.106,0.972,0.00,51,0,177.94,-6.14,10,0.00,3.82,3.84,3.83,3.84,3.83,3.82,3.84,3.83,30.76,0.0,-30,-30,42.0,0,14,-1024,0,0,999,0,0,1,-1,0,1,1,1,-1,-1,-1,-1,0,0,
2026-04-14,21:54:55.900,7.62,99,100,100,-0.024,0.69,46,0,7.97,-0.121,1.006,0.18,55,0,177.92,-6.11,10,0.00,3.82,3.84,3.83,3.83,3.83,3.82,3.84,3.83,30.76,0.0,-30,-30,37.6,0,14,-1024,0,0,999,0,0,1,-1,0,1,1,1,-1,-1,-1,-1,0,0,
2026-04-14,21:54:56.160,7.62,99,100,100,-0.036,0.83,46,0,7.97,-0.113,0.994,0.38,56,0,177.89,-6.12,10,0.00,3.82,3.84,3.83,3.83,3.83,3.82,3.84,3.83,30.76,0.0,-30,-30,40.7,0,14,-1024,0,0,999,0,0,1,-1,0,1,1,1,-1,-1,-1,-1,0,0,
2026-04-14,21:54:56.430,7.62,100,100,100,-0.041,0.99,46,0,7.97,-0.119,0.994,0.49,51,0,177.91,-6.03,10,0.00,3.82,3.84,3.83,3.83,3.83,3.82,3.84,3.83,30.76,0.0,-30,-30,40.7,0,15,-1024,0,0,999,0,0,1,-1,0,1,1,1,-1,-1,-1,-1,0,0,
2026-04-14,21:54:56.700,7.62,100,100,100,-0.048,0.98,46,0,7.97,-0.112,0.986,0.05,54,0,177.94,-6.08,10,0.00,3.83,3.84,3.83,3.83,3.83,3.82,3.84,3.83,30.76,0.0,-30,-30,40.2,0,14,-1024,0,0,999,0,0,1,-1,0,1,1,1,-1,-1,-1,-1,0,0,
2026-04-14,21:54:56.960,7.62,100,100,100,-0.005,1.03,46,0,7.97,-0.123,0.977,0.18,54,0,177.94,-6.08,10,0.00,3.83,3.84,3.83,3.83,3.83,3.82,3.84,3.83,30.76,0.0,-30,-30,36.5,0,15,-1024,0,0,1000,0,0,1,-1,0,1,1,1,-1,-1,-1,-1,0,0,
2026-04-14,21:54:57.230,7.62,100,100,100,-0.048,0.94,47,0,7.97,-0.091,0.937,-0.07,47,0,177.98,-6.02,10,0.00,3.83,3.84,3.83,3.83,3.83,3.82,3.84,3.83,30.76,0.0,-30,-30,33.2,0,14,-1024,0,0,999,0,0,1,-1,0,1,1,1,-1,-1,-1,-1,0,0,
2026-04-14,21:54:57.490,7.62,100,100,100,-0.008,0.88,46,0,7.97,-0.102,0.959,-0.23,48,0,177.88,-6.08,10,0.00,3.83,3.84,3.83,3.83,3.83,3.82,3.84,3.83,30.76,0.0,-30,-30,33.2,0,14,-1024,0,0,1000,0,0,1,-1,0,1,1,1,-1,-1,-1,-1,0,0,
2026-04-14,21:54:57.750,7.62,100,100,100,-0.028,0.83,47,0,7.97,-0.116,0.977,-0.20,53,0,177.98,-6.12,10,0.00,3.83,3.84,3.83,3.83,3.83,3.82,3.84,3.83,30.76,0.0,-30,-30,43.0,0,14,-1024,0,0,999,0,0,1,-1,0,1,1,1,-1,-1,-1,-1,0,0,
2026-04-14,21:54:58.010,7.62,100,100,100,-0.034,0.75,47,0,7.97,-0.124,1.034,-0.19,54,0,177.95,-6.15,10,0.00,3.83,3.84,3.83,3.83,3.83,3.82,3.84,3.83,30.76,0.0,-30,-30,39.1,0,14,-1024,0,0,1000,0,0,1,-1,0,1,1,1,-1,-1,-1,-1,0,0,
2026-04-14,21:54:58.280,7.63,99,100,100,-0.028,0.77,48,0,7.97,-0.103,0.948,-0.10,52,0,177.98,-6.14,10,0.00,3.83,3.84,3.83,3.83,3.83,3.82,3.84,3.83,30.76,0.0,-30,-30,33.7,0,15,-1024,0,0,999,0,0,1,-1,0,1,1,1,-1,-1,-1,-1,0,0,
2026-04-14,21:54:58.540,7.62,99,100,100,-0.053,0.79,49,0,7.97,-0.111,1.003,0.02,53,0,177.95,-6.04,10,0.00,3.83,3.84,3.83,3.83,3.83,3.83,3.84,3.83,30.76,0.0,-30,-30,33.7,0,14,-1024,0,0,999,0,0,1,-1,0,1,1,1,-1,-1,-1,-1,0,0,
2026-04-14,21:54:58.800,7.62,99,100,100,-0.016,0.80,48,0,7.97,-0.104,0.987,0.02,54,0,177.90,-6.08,10,0.00,3.83,3.84,3.83,3.83,3.83,3.83,3.84,3.83,30.77,0.0,-30,-30,32.6,0,15,-1024,0,0,1000,0,0,1,-1,0,1,1,1,-1,-1,-1,-1,0,0,
2026-04-14,21:54:59.070,7.62,100,100,100,-0.034,0.90,47,0,7.97,-0.107,0.991,0.18,54,0,177.91,-6.04,10,0.00,3.83,3.84,3.83,3.83,3.83,3.83,3.84,3.83,30.77,0.0,-30,-30,38.7,0,15,-1024,0,0,999,0,0,1,-1,0,1,1,1,-1,-1,-1,-1,0,0,
2026-04-14,21:54:59.330,7.63,99,100,100,-0.031,0.95,47,0,7.97,-0.105,0.962,0.21,55,0,177.97,-6.18,10,0.00,3.83,3.84,3.83,3.83,3.83,3.83,3.84,3.83,30.78,0.0,-30,-30,36.1,0,14,-1024,0,0,1000,0,0,1,-1,0,1,1,1,-1,-1,-1,-1,0,0,
2026-04-14,21:54:59.610,7.62,99,100,100,-0.041,1.01,47,0,7.97,-0.109,0.958,0.16,55,0,177.99,-6.15,10,0.00,3.83,3.84,3.83,3.83,3.83,3.82,3.84,3.83,30.78,0.0,-30,-30,40.2,0,14,-1024,0,0,999,0,0,1,-1,0,1,1,1,-1,-1,-1,-1,0,0,
2026-04-14,21:54:59.880,7.62,98,100,100,-0.026,1.15,47,0,7.97,-0.122,0.987,0.26,54,0,177.96,-6.15,10,0.00,3.83,3.84,3.83,3.83,3.83,3.82,3.84,3.83,30.78,0.0,-30,-30,37.0,0,14,-1024,0,0,999,0,0,1,-1,0,1,1,1,-1,-1,-1,-1,0,0,
2026-04-14,21:55:00.140,7.62,98,99,99,-0.008,1.25,47,0,7.97,-0.124,0.979,0.39,53,0,177.94,-6.11,10,0.00,3.83,3.84,3.83,3.83,3.83,3.82,3.84,3.83,30.78,0.0,-30,-30,32.0,0,14,-1024,0,0,999,0,0,1,-1,0,1,1,1,-1,-1,-1,-1,0,0,
2026-04-14,21:55:00.400,7.62,98,99,99,-0.018,1.26,47,0,7.97,-0.109,0.990,0.16,49,0,177.93,-6.08,10,0.00,3.83,3.84,3.83,3.83,3.83,3.82,3.84,3.83,30.78,0.0,-30,-30,32.0,0,14,-1024,0,0,999,0,0,1,-1,0,1,1,1,-1,-1,-1,-1,0,0,
2026-04-14,21:55:00.680,7.62,98,99,99,-0.015,1.40,48,0,7.97,-0.104,0.976,0.30,44,0,177.91,-6.08,10,0.00,3.83,3.84,3.83,3.83,3.83,3.82,3.84,3.83,30.78,0.0,-30,-30,33.2,0,14,-1024,0,0,1000,0,0,1,-1,0,1,1,1,-1,-1,-1,-1,0,0,
2026-04-14,21:55:00.960,7.62,99,100,99,-0.039,1.51,49,0,7.97,-0.120,0.982,0.41,42,0,177.93,-6.03,10,0.00,3.83,3.84,3.83,3.83,3.83,3.83,3.84,3.83,30.78,0.0,-30,-30,34.3,0,14,-1024,0,0,999,0,0,1,-1,0,1,1,1,-1,-1,-1,-1,0,0,
2026-04-14,21:55:01.220,7.62,100,100,99,-0.026,1.62,49,0,7.97,-0.103,0.969,0.31,45,0,177.94,-6.01,10,0.00,3.83,3.84,3.83,3.83,3.83,3.83,3.84,3.83,30.79,0.0,-30,-30,34.3,0,14,-1024,0,0,999,0,0,1,-1,0,1,1,1,-1,-1,-1,-1,0,0,
2026-04-14,21:55:01.490,7.62,100,100,99,-0.064,1.59,49,0,7.97,-0.122,0.982,0.16,47,0,177.88,-5.94,10,0.00,3.83,3.84,3.83,3.83,3.83,3.83,3.84,3.83,30.79,0.0,-30,-30,25.7,0,15,-1024,0,0,999,0,0,1,-1,0,1,1,1,-1,-1,-1,-1,0,0,
2026-04-14,21:55:01.760,7.62,100,100,99,-0.013,1.46,48,0,7.97,-0.110,0.979,-0.20,48,0,177.88,-6.00,10,0.00,3.83,3.84,3.83,3.84,3.83,3.83,3.84,3.83,30.79,0.0,-30,-30,37.0,0,14,-1024,0,0,999,0,0,1,-1,0,1,1,1,-1,-1,-1,-1,0,0,
2026-04-14,21:55:02.030,7.62,100,100,99,-0.015,1.33,48,0,7.97,-0.103,0.982,-0.20,48,0,177.93,-6.08,10,0.00,3.83,3.84,3.83,3.84,3.83,3.83,3.84,3.83,30.79,0.0,-30,-30,36.1,0,14,-1024,0,0,999,0,0,1,-1,0,1,1,1,-1,-1,-1,-1,0,0,
2026-04-14,21:55:02.300,7.63,100,100,99,-0.046,1.23,48,0,7.97,-0.106,0.987,-0.27,50,0,177.95,-5.99,10,0.00,3.83,3.84,3.83,3.84,3.83,3.83,3.84,3.83,30.79,0.0,-30,-30,30.2,0,14,-1024,0,0,999,0,0,1,-1,0,1,1,1,-1,-1,-1,-1,0,0,
2026-04-14,21:55:02.560,7.62,100,100,98,-0.077,1.30,48,0,7.97,-0.095,0.939,0.01,48,0,177.93,-5.98,10,0.00,3.83,3.84,3.83,3.84,3.83,3.83,3.84,3.83,30.79,0.0,-30,-30,30.7,0,14,-1024,0,0,999,0,0,1,-1,0,1,1,1,-1,-1,-1,-1,0,0,
2026-04-14,21:55:02.830,7.62,100,100,98,-0.046,1.14,50,0,7.97,-0.105,1.010,-0.24,49,0,177.90,-5.98,10,0.00,3.83,3.84,3.83,3.84,3.83,3.83,3.84,3.83,30.79,0.0,-30,-30,33.7,0,14,-1024,0,0,999,0,0,1,-1,0,1,1,1,-1,-1,-1,-1,0,0,
2026-04-14,21:55:03.090,7.62,100,100,97,-0.043,1.19,51,0,7.97,-0.095,0.970,-0.01,53,0,177.89,-5.99,10,0.00,3.83,3.84,3.83,3.84,3.83,3.83,3.84,3.83,30.79,0.0,-30,-30,39.6,0,14,-1024,0,0,1000,0,0,1,-1,0,1,1,1,-1,-1,-1,-1,0,0,
2026-04-14,21:55:03.360,7.62,100,100,97,-0.011,1.09,51,0,7.97,-0.120,0.977,-0.23,52,0,177.90,-6.05,10,0.00,3.83,3.84,3.83,3.84,3.83,3.83,3.84,3.83,30.79,0.0,-30,-30,36.5,0,14,-1024,0,0,1000,0,0,1,-1,0,1,1,1,-1,-1,-1,-1,0,0,
2026-04-14,21:55:03.620,7.62,100,100,97,-0.054,0.92,48,0,7.97,-0.066,0.907,-0.38,53,0,177.95,-6.00,10,0.00,3.83,3.84,3.83,3.84,3.83,3.83,3.84,3.83,30.79,0.0,-30,-30,36.5,0,14,-1024,0,0,999,0,0,1,-1,0,1,1,1,-1,-1,-1,-1,0,0,
2026-04-14,21:55:03.890,7.62,99,99,97,-0.086,0.92,48,0,7.97,-0.066,0.993,-0.30,48,0,177.90,-5.94,10,0.00,3.83,3.84,3.83,3.84,3.83,3.83,3.84,3.83,30.79,0.0,-30,-30,37.6,0,14,-1024,0,0,999,0,0,1,-1,0,1,1,1,-1,-1,-1,-1,0,0,
2026-04-14,21:55:04.150,7.62,99,99,98,-0.004,0.90,47,0,7.97,-0.099,0.972,-0.08,49,0,177.97,-6.10,10,0.00,3.83,3.84,3.83,3.84,3.83,3.83,3.84,3.83,30.79,0.0,-30,-30,43.5,0,14,-1024,0,0,1000,0,0,1,-1,0,1,1,1,-1,-1,-1,-1,0,0,
2026-04-14,21:55:04.420,7.63,99,99,97,-0.026,0.89,47,0,7.97,-0.111,0.979,-0.03,49,0,177.95,-6.10,10,0.00,3.83,3.84,3.83,3.84,3.83,3.83,3.84,3.83,30.79,0.0,-30,-30,42.0,0,14,-1024,0,0,999,0,0,1,-1,0,1,1,1,-1,-1,-1,-1,0,0,
2026-04-14,21:55:04.690,7.63,100,100,97,-0.038,0.83,46,0,7.97,-0.116,0.999,-0.06,50,0,177.95,-6.10,10,0.00,3.83,3.84,3.83,3.84,3.83,3.83,3.84,3.83,30.79,0.0,-30,-30,31.3,0,14,-1024,0,0,999,0,0,1,-1,0,1,1,1,-1,-1,-1,-1,0,0,
2026-04-14,21:55:04.960,7.62,100,100,97,-0.048,0.86,45,0,7.97,-0.118,0.990,-0.02,46,0,178.00,-6.10,10,0.00,3.83,3.84,3.83,3.84,3.83,3.83,3.84,3.83,30.79,0.0,-30,-30,30.0,0,14,-1024,0,0,1000,0,0,1,-1,0,1,1,1,-1,-1,-1,-1,0,0,
2026-04-14,21:55:05.230,7.63,100,100,97,-0.030,1.02,45,0,7.97,-0.096,0.976,0.30,48,0,177.95,-5.99,10,0.00,3.83,3.84,3.83,3.84,3.83,3.83,3.84,3.83,30.79,0.0,-30,-30,30.0,0,14,-1024,0,0,999,0,0,1,-1,0,1,1,1,-1,-1,-1,-1,0,0,
2026-04-14,21:55:05.490,7.62,99,99,97,-0.030,1.06,44,0,7.97,-0.116,0.978,0.29,47,0,177.94,-5.98,10,0.00,3.83,3.84,3.83,3.84,3.83,3.83,3.84,3.83,30.79,0.0,-30,-30,21.7,0,14,-1024,0,0,999,0,0,1,-1,0,1,1,1,-1,-1,-1,-1,0,0,
2026-04-14,21:55:05.760,7.62,95,97,97,-0.033,1.11,40,0,7.97,-0.114,0.987,0.19,43,0,177.95,-6.00,10,0.00,3.83,3.84,3.83,3.84,3.84,3.82,3.84,3.83,30.79,0.0,-30,-30,21.7,0,15,-1024,0,0,999,0,0,1,-1,0,1,1,1,-1,-1,-1,-1,0,0,
2026-04-14,21:55:06.020,7.62,91,97,97,-0.023,1.17,38,0,7.97,-0.114,0.981,0.16,44,0,177.96,-6.04,10,0.00,3.83,3.84,3.83,3.84,3.84,3.82,3.85,3.83,30.79,0.0,-30,-30,28.0,0,15,-1024,0,0,999,0,0,1,-1,0,1,1,1,-1,-1,-1,-1,0,0,
2026-04-14,21:55:06.280,7.62,89,97,97,-0.040,1.30,38,0,7.97,-0.101,0.978,0.34,39,0,177.97,-6.03,10,0.00,3.83,3.84,3.83,3.84,3.84,3.82,3.85,3.83,30.79,0.0,-30,-30,28.0,0,15,-1024,0,0,999,0,0,1,-1,0,1,1,1,-1,-1,-1,-1,0,0,
2026-04-14,21:55:06.540,7.62,92,98,98,-0.024,1.53,38,0,7.97,-0.123,0.979,0.57,40,0,177.95,-6.07,10,0.00,3.83,3.84,3.83,3.84,3.84,3.82,3.85,3.83,30.79,0.0,-30,-30,25.0,0,15,-1024,0,0,999,0,0,1,-1,0,1,1,1,-1,-1,-1,-1,0,0,
2026-04-14,21:55:06.810,7.62,96,96,95,-0.022,1.61,39,0,7.97,-0.114,0.957,0.47,38,0,177.93,-5.99,10,0.00,3.83,3.84,3.83,3.84,3.83,3.83,3.85,3.83,30.79,0.0,-30,-30,25.0,0,15,-1024,0,0,999,0,0,1,-1,0,1,1,1,-1,-1,-1,-1,0,0,
2026-04-14,21:55:07.080,7.62,99,99,95,-0.051,1.53,39,0,7.97,-0.133,0.994,-0.01,38,0,177.95,-6.07,10,0.00,3.83,3.84,3.83,3.84,3.83,3.83,3.84,3.83,30.79,0.0,-30,-30,13.9,0,15,-1024,0,0,1000,0,0,1,-1,0,1,1,1,-1,-1,-1,-1,0,0,
2026-04-14,21:55:07.340,7.62,98,98,94,-0.031,1.50,38,0,7.97,-0.124,0.978,0.01,38,0,177.96,-6.10,10,0.00,3.83,3.84,3.83,3.84,3.83,3.83,3.84,3.83,30.79,0.0,-30,-30,0.0,0,16,-1024,0,0,1000,0,0,1,-1,0,1,1,1,-1,-1,-1,-1,0,0,
2026-04-14,21:55:07.600,7.62,92,94,94,-0.098,1.50,37,0,7.97,-0.133,1.057,-0.45,40,0,177.97,-5.86,10,0.00,3.83,3.84,3.83,3.84,3.83,3.83,3.84,3.83,30.79,0.0,-30,-30,0.0,0,15,-1024,0,0,1000,0,0,1,-1,0,1,1,1,-1,-1,-1,-1,0,0,
2026-04-14,21:55:07.860,7.62,88,94,94,0.011,1.27,36,0,7.97,-0.047,0.888,-0.38,39,0,177.99,-6.07,10,0.00,3.83,3.84,3.83,3.84,3.83,3.83,3.84,3.83,30.79,0.0,-30,-30,6.1,0,-142,-1024,0,0,999,0,0,1,-1,0,1,1,1,-1,-1,-1,-1,0,0,
2026-04-14,21:55:08.140,7.62,85,94,94,-0.031,1.83,37,0,7.97,-0.054,0.842,0.32,38,0,178.00,-5.82,10,0.00,3.83,3.84,3.83,3.84,3.83,3.83,3.84,3.83,30.79,0.0,-30,-30,6.1,0,0,-1024,0,0,999,0,0,1,-1,0,1,1,1,-1,-1,-1,-1,0,0,
2026-04-14,21:55:08.410,7.62,88,94,94,0.009,1.83,36,0,7.94,-0.162,0.842,0.85,37,0,177.91,-5.67,10,0.00,3.83,3.84,3.83,3.84,3.83,3.83,3.84,3.83,24.16,0.0,-30,-30,0.0,0,12,-1024,0,0,999,0,0,1,-1,0,1,1,1,-1,-1,-1,-1,0,0,
2026-04-14,21:55:08.680,7.62,88,94,94,0.009,1.83,33,0,7.94,-0.162,0.842,0.85,37,0,177.91,-5.67,10,0.00,3.83,3.84,3.83,3.84,3.83,3.83,3.84,3.83,24.16,0.0,-30,-30,0.0,0,14,-1024,0,0,999,0,0,1,-1,0,1,1,1,-1,-1,-1,-1,0,0,
2026-04-14,21:55:08.940,7.62,88,94,94,0.009,1.83,28,1,7.94,-0.162,0.842,0.85,37,0,177.91,-5.67,10,0.00,3.83,3.84,3.83,3.84,3.83,3.83,3.84,3.83,24.16,0.0,-30,-30,0.0,0,15,-1024,0,0,1000,0,0,1,-1,0,1,1,1,-1,-1,-1,-1,0,0,
2026-04-14,21:55:09.210,7.61,88,94,94,0.009,1.83,27,2,7.94,-0.162,0.842,0.85,37,0,177.91,-5.67,10,0.00,3.83,3.84,3.83,3.84,3.83,3.83,3.84,3.83,24.16,0.0,-30,-30,0.0,0,15,-1024,0,0,1000,0,0,1,-1,0,1,1,1,-1,-1,-1,-1,0,0,
2026-04-14,21:55:09.470,7.62,88,94,94,0.009,1.83,27,2,7.94,-0.162,0.842,0.85,37,0,177.91,-5.67,10,0.00,3.83,3.84,3.83,3.84,3.83,3.83,3.84,3.83,24.16,0.0,-30,-30,0.0,0,14,-1024,0,0,999,0,0,1,-1,0,1,1,1,-1,-1,-1,-1,0,0,
2026-04-14,21:55:09.730,7.61,88,94,94,0.009,1.83,27,2,7.94,-0.162,0.842,0.85,37,0,177.91,-5.67,10,0.00,3.83,3.84,3.83,3.84,3.83,3.83,3.84,3.83,24.16,0.0,-30,-30,0.0,0,15,-1024,0,0,1000,0,0,1,-1,0,1,1,1,-1,-1,-1,-1,0,0,
2026-04-14,21:55:09.990,7.61,88,94,94,0.009,1.83,27,2,7.94,-0.162,0.842,0.85,37,0,177.91,-5.67,10,0.00,3.83,3.84,3.83,3.84,3.83,3.83,3.84,3.83,24.16,0.0,-30,-30,0.0,0,15,-1024,0,0,1000,0,0,1,-1,0,1,1,1,-1,-1,-1,-1,0,0,
2026-04-14,21:55:10.250,7.62,88,94,94,0.009,1.83,27,2,7.94,-0.162,0.842,0.85,37,0,177.91,-5.67,10,0.00,3.83,3.84,3.83,3.84,3.83,3.83,3.84,3.83,24.16,0.0,-30,-30,0.0,0,15,-1024,0,0,1000,0,0,1,-1,0,1,1,1,-1,-1,-1,-1,0,0,
2026-04-14,21:55:10.510,7.61,88,94,94,0.009,1.83,27,2,7.94,-0.162,0.842,0.85,37,0,177.91,-5.67,10,0.00,3.83,3.84,3.83,3.84,3.83,3.83,3.84,3.83,24.16,0.0,-30,-30,0.0,0,16,-1024,0,0,999,0,0,1,-1,0,1,1,1,-1,-1,-1,-1,0,0,
2026-04-14,21:55:10.780,7.62,88,94,94,0.009,1.83,27,2,7.94,-0.162,0.842,0.85,37,0,177.91,-5.67,10,0.00,3.83,3.84,3.83,3.84,3.83,3.83,3.84,3.83,24.16,0.0,-30,-30,0.0,0,15,-1024,0,0,1000,0,0,1,-1,0,1,1,1,-1,-1,-1,-1,0,0,
2026-04-14,21:55:11.060,7.62,88,94,94,0.009,1.83,27,2,7.94,-0.162,0.842,0.85,37,0,177.91,-5.67,10,0.00,3.83,3.84,3.83,3.84,3.83,3.83,3.84,3.83,24.16,0.0,-30,-30,0.0,0,15,-1024,0,0,999,0,0,1,-1,0,1,1,1,-1,-1,-1,-1,0,0,
2026-04-14,21:55:11.320,7.61,88,94,94,0.009,1.83,27,2,7.94,-0.162,0.842,0.85,37,0,177.91,-5.67,10,0.00,3.83,3.84,3.83,3.84,3.83,3.83,3.84,3.83,24.16,0.0,-30,-30,0.0,0,15,-1024,0,0,999,0,0,1,-1,0,1,1,1,-1,-1,-1,-1,0,0,
2026-04-14,21:55:11.590,7.61,88,94,94,0.009,1.83,27,2,7.94,-0.162,0.842,0.85,37,0,177.91,-5.67,10,0.00,3.83,3.84,3.83,3.84,3.83,3.83,3.84,3.83,24.16,0.0,-30,-30,0.0,0,15,-1024,0,0,999,0,0,1,-1,0,1,1,1,-1,-1,-1,-1,0,0,
2026-04-14,21:55:11.860,7.61,88,94,94,0.009,1.83,27,2,7.94,-0.162,0.842,0.85,37,0,177.91,-5.67,10,0.00,3.83,3.84,3.83,3.84,3.83,3.83,3.84,3.83,24.16,0.0,-30,-30,0.0,0,15,-1024,0,0,1000,0,0,1,-1,0,1,1,1,-1,-1,-1,-1,0,0,
2026-04-14,21:55:12.130,7.61,88,94,94,0.009,1.83,27,2,7.94,-0.162,0.842,0.85,37,0,177.91,-5.67,10,0.00,3.83,3.84,3.83,3.84,3.83,3.83,3.84,3.83,24.16,0.0,-30,-30,0.0,0,15,-1024,0,0,1000,0,0,1,-1,0,1,1,1,-1,-1,-1,-1,0,0,
2026-04-14,21:55:12.390,7.61,88,94,94,0.009,1.83,27,2,7.94,-0.162,0.842,0.85,37,0,177.91,-5.67,10,0.00,3.83,3.84,3.83,3.84,3.83,3.83,3.84,3.83,24.16,0.0,-30,-30,0.0,0,15,-1024,0,0,999,0,0,1,-1,0,1,1,1,-1,-1,-1,-1,0,0,
2026-04-14,21:55:12.650,7.61,88,94,94,0.009,1.83,27,2,7.94,-0.162,0.842,0.85,37,0,177.91,-5.67,10,0.00,3.83,3.84,3.83,3.84,3.83,3.83,3.84,3.83,24.16,0.0,-30,-30,0.0,0,15,-1024,0,0,999,0,0,1,-1,0,1,1,1,-1,-1,-1,-1,0,0,
2026-04-14,21:55:12.910,7.61,88,94,94,0.009,1.83,27,2,7.94,-0.162,0.842,0.85,37,0,177.91,-5.67,10,0.00,3.83,3.84,3.83,3.84,3.83,3.83,3.84,3.83,24.16,0.0,-30,-30,0.0,0,15,-1024,0,0,999,0,0,1,-1,0,1,1,1,-1,-1,-1,-1,0,0,
2026-04-14,21:55:13.170,7.61,88,94,94,0.009,1.83,27,2,7.94,-0.162,0.842,0.85,37,0,177.91,-5.67,10,0.00,3.83,3.84,3.83,3.84,3.83,3.83,3.84,3.83,24.16,0.0,-30,-30,0.0,0,15,-1024,0,0,999,0,0,1,-1,0,1,1,1,-1,-1,-1,-1,0,0,
2026-04-14,21:55:13.440,7.62,88,94,94,0.009,1.83,27,2,7.94,-0.162,0.842,0.85,37,0,177.91,-5.67,10,0.00,3.83,3.84,3.83,3.84,3.83,3.83,3.84,3.83,24.16,0.0,-30,-30,0.0,0,15,-1024,0,0,1000,0,0,1,-1,0,1,1,1,-1,-1,-1,-1,0,0,
2026-04-14,21:55:13.700,7.62,88,94,94,0.009,1.83,27,2,7.94,-0.162,0.842,0.85,37,0,177.91,-5.67,10,0.00,3.83,3.84,3.83,3.84,3.83,3.83,3.84,3.83,24.16,0.0,-30,-30,0.0,0,14,-1024,0,0,1000,0,0,1,-1,0,1,1,1,-1,-1,-1,-1,0,0,
2026-04-14,21:55:13.960,7.62,88,94,94,0.009,1.83,27,2,7.94,-0.162,0.842,0.85,37,0,177.91,-5.67,10,0.00,3.83,3.84,3.83,3.84,3.83,3.83,3.84,3.83,24.16,0.0,-30,-30,0.0,0,15,-1024,0,0,999,0,0,1,-1,0,1,1,1,-1,-1,-1,-1,0,0,
2026-04-14,21:55:14.220,7.62,88,94,94,0.009,1.83,27,2,7.94,-0.162,0.842,0.85,37,0,177.91,-5.67,10,0.00,3.83,3.84,3.83,3.84,3.83,3.83,3.84,3.83,24.16,0.0,-30,-30,0.0,0,14,-1024,0,0,999,0,0,1,-1,0,1,1,1,-1,-1,-1,-1,0,0,
2026-04-14,21:55:14.480,7.61,88,94,94,0.009,1.83,27,2,7.94,-0.162,0.842,0.85,37,0,177.91,-5.67,10,0.00,3.83,3.84,3.83,3.84,3.83,3.83,3.84,3.83,24.16,0.0,-30,-30,0.0,0,15,-1024,0,0,999,0,0,1,-1,0,1,1,1,-1,-1,-1,-1,0,0,
2026-04-14,21:55:14.740,7.62,88,94,94,0.009,1.83,27,2,7.94,-0.162,0.842,0.85,37,0,177.91,-5.67,10,0.00,3.83,3.84,3.83,3.84,3.83,3.83,3.84,3.83,24.16,0.0,-30,-30,0.0,0,15,-1024,0,0,1000,0,0,1,-1,0,1,1,1,-1,-1,-1,-1,0,0,
2026-04-14,21:55:15.000,7.62,88,94,94,0.009,1.83,27,2,7.94,-0.162,0.842,0.85,37,0,177.91,-5.67,10,0.00,3.83,3.84,3.83,3.84,3.83,3.83,3.84,3.83,24.16,0.0,-30,-30,0.0,0,14,-1024,0,0,1000,0,0,1,-1,0,1,1,1,-1,-1,-1,-1,0,0,
2026-04-14,21:55:15.260,7.62,88,94,94,0.009,1.83,27,2,7.94,-0.162,0.842,0.85,37,0,177.91,-5.67,10,0.00,3.83,3.84,3.83,3.84,3.83,3.83,3.84,3.83,24.16,0.0,-30,-30,0.0,0,14,-1024,0,0,1000,0,0,1,-1,0,1,1,1,-1,-1,-1,-1,0,0,
2026-04-14,21:55:15.530,7.62,88,94,94,0.009,1.83,27,2,7.94,-0.162,0.842,0.85,37,0,177.91,-5.67,10,0.00,3.83,3.84,3.83,3.84,3.83,3.83,3.84,3.83,24.16,0.0,-30,-30,0.0,0,15,-1024,0,0,999,0,0,1,-1,0,1,1,1,-1,-1,-1,-1,0,0,
2026-04-14,21:55:15.790,7.62,88,94,94,0.009,1.83,27,2,7.94,-0.162,0.842,0.85,37,0,177.91,-5.67,10,0.00,3.83,3.84,3.83,3.84,3.83,3.83,3.84,3.83,24.16,0.0,-30,-30,0.0,0,15,-1024,0,0,1000,0,0,1,-1,0,1,1,1,-1,-1,-1,-1,0,0,
2026-04-14,21:55:16.050,7.62,88,94,94,0.009,1.83,27,2,7.94,-0.162,0.842,0.85,37,0,177.91,-5.67,10,0.00,3.83,3.84,3.83,3.84,3.83,3.83,3.84,3.83,24.16,0.0,-30,-30,0.0,0,14,-1024,0,0,999,0,0,1,-1,0,1,1,1,-1,-1,-1,-1,0,0,
2026-04-14,21:55:16.310,7.62,88,94,94,0.009,1.83,27,2,7.94,-0.162,0.842,0.85,37,0,177.91,-5.67,10,0.00,3.83,3.84,3.83,3.84,3.83,3.83,3.84,3.83,24.16,0.0,-30,-30,0.0,0,15,-1024,0,0,999,0,0,1,-1,0,1,1,1,-1,-1,-1,-1,0,0,
2026-04-14,21:55:16.570,7.61,88,94,94,0.009,1.83,27,2,7.94,-0.162,0.842,0.85,37,0,177.91,-5.67,10,0.00,3.83,3.84,3.83,3.84,3.83,3.83,3.84,3.83,24.16,0.0,-30,-30,0.0,0,14,-1024,0,0,1000,0,0,1,-1,0,1,1,1,-1,-1,-1,-1,0,0,
2026-04-14,21:55:16.830,7.61,88,94,94,0.009,1.83,27,2,7.94,-0.162,0.842,0.85,37,0,177.91,-5.67,10,0.00,3.83,3.84,3.83,3.84,3.83,3.83,3.84,3.83,24.16,0.0,-30,-30,0.0,0,14,-1024,0,0,999,0,0,1,-1,0,1,1,1,-1,-1,-1,-1,0,0,
2026-04-14,21:55:17.090,7.61,88,94,94,0.009,1.83,27,2,7.94,-0.162,0.842,0.85,37,0,177.91,-5.67,10,0.00,3.83,3.84,3.83,3.84,3.83,3.83,3.84,3.83,24.16,0.0,-30,-30,0.0,0,15,-1024,0,0,999,0,0,1,-1,0,1,1,1,-1,-1,-1,-1,0,0,
2026-04-14,21:55:17.350,7.61,88,94,94,0.009,1.83,27,2,7.94,-0.162,0.842,0.85,37,0,177.91,-5.67,10,0.00,3.83,3.84,3.83,3.84,3.83,3.83,3.84,3.83,24.16,0.0,-30,-30,0.0,0,14,-1024,0,0,1000,0,0,1,-1,0,1,1,1,-1,-1,-1,-1,0,0,
2026-04-14,21:55:17.610,7.61,88,94,94,0.009,1.83,27,2,7.94,-0.162,0.842,0.85,37,0,177.91,-5.67,10,0.00,3.83,3.84,3.83,3.84,3.83,3.83,3.84,3.83,24.16,0.0,-30,-30,0.0,0,15,-1024,0,0,999,0,0,1,-1,0,1,1,1,-1,-1,-1,-1,0,0,
2026-04-14,21:55:17.870,7.62,88,94,94,0.009,1.83,27,2,7.94,-0.162,0.842,0.85,37,0,177.91,-5.67,10,0.00,3.83,3.84,3.83,3.84,3.83,3.83,3.84,3.83,24.16,0.0,-30,-30,0.0,0,15,-1024,0,0,1000,0,0,1,-1,0,1,1,1,-1,-1,-1,-1,0,0,
2026-04-14,21:55:18.150,7.62,88,94,94,0.009,,27,2,7.94,-0.162,,,37,0,177.91,-5.67,10,,3.83,3.84,3.83,3.84,3.83,3.83,3.84,3.83,24.16,0.0,-30,-30,0.0,0,15,-1024,0,0,1000,0,0,1,-1,0,1,1,1,-1,-1,-1,-1,0,0,
2026-04-14,21:55:18.410,7.62,,,,,,27,2,,,,,,,,,10,,,,,,,,,,,,,,,0,15,-1024,0,0,999,0,0,1,-1,0,1,1,1,-1,-1,-1,-1,0,0,
2026-04-14,21:55:18.670,7.62,,,,,,27,2,,,,,,,,,10,,,,,,,,,,,,,,,0,14,-1024,0,0,999,0,0,1,-1,0,1,1,1,-1,-1,-1,-1,0,0,
2026-04-14,21:55:18.930,7.62,,,,,,27,2,,,,,,,,,10,,,,,,,,,,,,,,,0,15,-1024,0,0,1000,0,0,1,-1,0,1,1,1,-1,-1,-1,-1,0,0,
2026-04-14,21:55:19.190,7.62,,,,,,,,,,,,,,,,10,,,,,,,,,,,,,,,0,15,-1024,0,0,999,0,0,1,-1,0,1,1,1,-1,-1,-1,-1,0,0,
2026-04-14,21:55:19.450,7.62,,,,,,,,,,,,,,,,10,,,,,,,,,,,,,,,0,15,-1024,0,0,999,0,0,1,-1,0,1,1,1,-1,-1,-1,-1,0,0,
2026-04-14,21:55:19.710,7.62,,,,,,,,,,,,,,,,10,,,,,,,,,,,,,,,0,15,-1024,0,0,999,0,0,1,-1,0,1,1,1,-1,-1,-1,-1,0,0,
2026-04-14,21:55:19.970,7.62,,,,,,,,,,,,,,,,10,,,,,,,,,,,,,,,0,15,-1024,0,0,1000,0,0,1,-1,0,1,1,1,-1,-1,-1,-1,0,0,
2026-04-14,21:55:20.230,7.62,,,,,,,,,,,,,,,,10,,,,,,,,,,,,,,,0,15,-1024,0,0,1000,0,0,1,-1,0,1,1,1,-1,-1,-1,-1,0,0,
2026-04-14,21:55:20.490,7.63,,,,,,,,,,,,,,,,10,,,,,,,,,,,,,,,0,15,-1024,0,0,1000,0,0,1,-1,0,1,1,1,-1,-1,-1,-1,0,0,
2026-04-14,21:55:20.750,7.63,,,,,,,,,,,,,,,,10,,,,,,,,,,,,,,,0,15,-1024,0,0,1000,0,0,1,-1,0,1,1,1,-1,-1,-1,-1,0,0,
2026-04-14,21:55:21.020,7.62,,,,,,,,,,,,,,,,10,,,,,,,,,,,,,,,0,15,-1024,0,0,999,0,0,1,-1,0,1,1,1,-1,-1,-1,-1,0,0,
2026-04-14,21:55:21.280,7.62,,,,,,,,,,,,,,,,10,,,,,,,,,,,,,,,0,15,-1024,0,0,999,0,0,1,-1,0,1,1,1,-1,-1,-1,-1,0,0,
2026-04-14,21:55:21.540,7.62,,,,,,,,,,,,,,,,10,,,,,,,,,,,,,,,0,14,-1024,0,0,1000,0,0,1,-1,0,1,1,1,-1,-1,-1,-1,0,0,
2026-04-14,21:55:21.800,7.62,,,,,,,,,,,,,,,,10,,,,,,,,,,,,,,,0,15,-1024,0,0,1000,0,0,1,-1,0,1,1,1,-1,-1,-1,-1,0,0,
2026-04-14,21:55:22.060,7.62,,,,,,,,,,,,,,,,10,,,,,,,,,,,,,,,0,15,-1024,0,0,999,0,0,1,-1,0,1,1,1,-1,-1,-1,-1,0,0,
2026-04-14,21:55:22.320,7.62,,,,,,,,,,,,,,,,10,,,,,,,,,,,,,,,0,14,-1024,0,0,999,0,0,1,-1,0,1,1,1,-1,-1,-1,-1,0,0,
2026-04-14,21:55:22.580,7.62,,,,,,,,,,,,,,,,10,,,,,,,,,,,,,,,0,14,-1024,0,0,999,0,0,1,-1,0,1,1,1,-1,-1,-1,-1,0,0,
2026-04-14,21:55:22.840,7.62,,,,,,,,,,,,,,,,10,,,,,,,,,,,,,,,0,15,-1024,0,0,999,0,0,1,-1,0,1,1,1,-1,-1,-1,-1,0,0,
2026-04-14,21:55:23.100,7.62,,,,,,,,,,,,,,,,10,,,,,,,,,,,,,,,0,15,-1024,0,0,999,0,0,1,-1,0,1,1,1,-1,-1,-1,-1,0,0,
2026-04-14,21:55:23.360,7.62,,,,,,,,,,,,,,,,10,,,,,,,,,,,,,,,0,15,-1024,0,0,999,0,0,1,-1,0,1,1,1,-1,-1,-1,-1,0,0,
2026-04-14,21:55:23.620,7.62,,,,,,,,,,,,,,,,10,,,,,,,,,,,,,,,0,15,-1024,0,0,999,0,0,1,-1,0,1,1,1,-1,-1,-1,-1,0,0,
2026-04-14,21:55:23.880,7.62,,,,,,,,,,,,,,,,10,,,,,,,,,,,,,,,0,14,-1024,0,0,999,0,0,1,-1,0,1,1,1,-1,-1,-1,-1,0,0,
2026-04-14,21:55:24.140,7.62,,,,,,,,,,,,,,,,10,,,,,,,,,,,,,,,0,14,-1024,0,0,999,0,0,1,-1,0,1,1,1,-1,-1,-1,-1,0,0,
2026-04-14,21:55:24.400,7.62,,,,,,,,,,,,,,,,10,,,,,,,,,,,,,,,0,14,-1024,0,0,999,0,0,1,-1,0,1,1,1,-1,-1,-1,-1,0,0,
2026-04-14,21:55:24.660,7.62,,,,,,,,,,,,,,,,10,,,,,,,,,,,,,,,0,15,-1024,0,0,999,0,0,1,-1,0,1,1,1,-1,-1,-1,-1,0,0,
2026-04-14,21:55:24.920,7.61,,,,,,,,,,,,,,,,10,,,,,,,,,,,,,,,0,14,-1024,0,0,999,0,0,1,-1,0,1,1,1,-1,-1,-1,-1,0,0,
2026-04-14,21:55:25.180,7.62,,,,,,,,,,,,,,,,10,,,,,,,,,,,,,,,0,14,-1024,0,0,999,0,0,1,-1,0,1,1,1,-1,-1,-1,-1,0,0,
2026-04-14,21:55:25.440,7.61,,,,,,,,,,,,,,,,10,,,,,,,,,,,,,,,0,14,-1024,0,0,999,0,0,1,-1,0,1,1,1,-1,-1,-1,-1,0,0,
2026-04-14,21:55:25.700,7.62,,,,,,,,,,,,,,,,10,,,,,,,,,,,,,,,0,14,-1024,0,0,999,0,0,1,-1,0,1,1,1,-1,-1,-1,-1,0,0,
2026-04-14,21:55:25.960,7.61,,,,,,,,,,,,,,,,10,,,,,,,,,,,,,,,0,15,-1024,0,0,1000,0,0,1,-1,0,1,1,1,-1,-1,-1,-1,0,0,
2026-04-14,21:55:26.220,7.62,,,,,,,,,,,,,,,,10,,,,,,,,,,,,,,,0,14,-1024,0,0,999,0,0,1,-1,0,1,1,1,-1,-1,-1,-1,0,0,
2026-04-14,21:55:26.480,7.62,,,,,,,,,,,,,,,,10,,,,,,,,,,,,,,,0,14,-1024,0,0,1000,0,0,1,-1,0,1,1,1,-1,-1,-1,-1,0,0,
2026-04-14,21:55:26.740,7.62,,,,,,,,,,,,,,,,10,,,,,,,,,,,,,,,0,14,-1024,0,0,1000,0,0,1,-1,0,1,1,1,-1,-1,-1,-1,0,0,
2026-04-14,21:55:27.000,7.62,,,,,,,,,,,,,,,,10,,,,,,,,,,,,,,,0,14,-1024,0,0,1000,0,0,1,-1,0,1,1,1,-1,-1,-1,-1,0,0,
2026-04-14,21:55:27.260,7.62,,,,,,,,,,,,,,,,10,,,,,,,,,,,,,,,0,14,-1024,0,0,999,0,0,1,-1,0,1,1,1,-1,-1,-1,-1,0,0,
2026-04-14,21:55:27.520,7.61,,,,,,,,,,,,,,,,10,,,,,,,,,,,,,,,0,14,-1024,0,0,1000,0,0,1,-1,0,1,1,1,-1,-1,-1,-1,0,0,
2026-04-14,21:55:27.780,7.62,,,,,,,,,,,,,,,,10,,,,,,,,,,,,,,,0,15,-1024,0,0,999,0,0,1,-1,0,1,1,1,-1,-1,-1,-1,0,0,
2026-04-14,21:55:28.050,7.61,,,,,,,,,,,,,,,,10,,,,,,,,,,,,,,,0,14,-1024,0,0,1000,0,0,1,-1,0,1,1,1,-1,-1,-1,-1,0,0,
2026-04-14,21:55:28.320,7.61,,,,,,,,,,,,,,,,10,,,,,,,,,,,,,,,0,15,-1024,0,0,999,0,0,1,-1,0,1,1,1,-1,-1,-1,-1,0,0,
2026-04-14,21:55:28.590,7.61,,,,,,,,,,,,,,,,10,,,,,,,,,,,,,,,0,14,-1024,0,0,999,0,0,1,-1,0,1,1,1,-1,-1,-1,-1,0,0,
2026-04-14,21:55:28.850,7.61,,,,,,,,,,,,,,,,10,,,,,,,,,,,,,,,0,14,-1024,0,0,999,0,0,1,-1,0,1,1,1,-1,-1,-1,-1,0,0,
2026-04-14,21:55:29.120,7.62,,,,,,,,,,,,,,,,10,,,,,,,,,,,,,,,0,15,-1024,0,0,999,0,0,1,-1,0,1,1,1,-1,-1,-1,-1,0,0,
2026-04-14,21:55:29.390,7.61,,,,,,,,,,,,,,,,10,,,,,,,,,,,,,,,0,14,-1024,0,0,999,0,0,1,-1,0,1,1,1,-1,-1,-1,-1,0,0,
2026-04-14,21:55:29.650,7.62,,,,,,,,,,,,,,,,10,,,,,,,,,,,,,,,0,15,-1024,0,0,999,0,0,1,-1,0,1,1,1,-1,-1,-1,-1,0,0,
2026-04-14,21:55:29.910,7.61,,,,,,,,,,,,,,,,10,,,,,,,,,,,,,,,0,15,-1024,0,0,1000,0,0,1,-1,0,1,1,1,-1,-1,-1,-1,0,0,
2026-04-14,21:55:30.170,7.62,,,,,,,,,,,,,,,,10,,,,,,,,,,,,,,,0,15,-1024,0,0,999,0,0,1,-1,0,1,1,1,-1,-1,-1,-1,0,0,
2026-04-14,21:55:30.430,7.62,,,,,,,,,,,,,,,,10,,,,,,,,,,,,,,,0,15,-1024,0,0,999,0,0,1,-1,0,1,1,1,-1,-1,-1,-1,0,0,
2026-04-14,21:55:30.690,7.62,,,,,,,,,,,,,,,,10,,,,,,,,,,,,,,,0,15,-1024,0,0,999,0,0,1,-1,0,1,1,1,-1,-1,-1,-1,0,0,
2026-04-14,21:55:30.950,7.62,,,,,,,,,,,,,,,,10,,,,,,,,,,,,,,,0,14,-1024,0,0,1000,0,0,1,-1,0,1,1,1,-1,-1,-1,-1,0,0,
2026-04-14,21:55:31.210,7.62,,,,,,,,,,,,,,,,10,,,,,,,,,,,,,,,0,15,-1024,0,0,1000,0,0,1,-1,0,1,1,1,-1,-1,-1,-1,0,0,
2026-04-14,21:55:31.470,7.61,,,,,,,,,,,,,,,,10,,,,,,,,,,,,,,,0,14,-1024,0,0,999,0,0,1,-1,0,1,1,1,-1,-1,-1,-1,0,0,
2026-04-14,21:55:31.740,7.61,,,,,,,,,,,,,,,,10,,,,,,,,,,,,,,,0,14,-1024,0,0,999,0,0,1,-1,0,1,1,1,-1,-1,-1,-1,0,0,
2026-04-14,21:55:32.010,7.61,,,,,,,,,,,,,,,,10,,,,,,,,,,,,,,,0,15,-1024,0,0,1000,0,0,1,-1,0,1,1,1,-1,-1,-1,-1,0,0,
2026-04-14,21:55:32.270,7.62,,,,,,,,,,,,,,,,10,,,,,,,,,,,,,,,0,15,-1024,0,0,999,0,0,1,-1,0,1,1,1,-1,-1,-1,-1,0,0,
2026-04-14,21:55:32.530,7.62,,,,,,,,,,,,,,,,10,,,,,,,,,,,,,,,0,15,-1024,0,0,999,0,0,1,-1,0,1,1,1,-1,-1,-1,-1,0,0,
2026-04-14,21:55:32.790,7.62,,,,,,,,,,,,,,,,10,,,,,,,,,,,,,,,0,14,-1024,0,0,1000,0,0,1,-1,0,1,1,1,-1,-1,-1,-1,0,0,
2026-04-14,21:55:33.050,7.62,,,,,,,,,,,,,,,,10,,,,,,,,,,,,,,,0,15,-1024,0,0,999,0,0,1,-1,0,1,1,1,-1,-1,-1,-1,0,0,
2026-04-14,21:55:33.310,7.62,,,,,,,,,,,,,,,,10,,,,,,,,,,,,,,,0,14,-1024,0,0,999,0,0,1,-1,0,1,1,1,-1,-1,-1,-1,0,0,
2026-04-14,21:55:33.570,7.62,,,,,,,,,,,,,,,,10,,,,,,,,,,,,,,,0,14,-1024,0,0,999,0,0,1,-1,0,1,1,1,-1,-1,-1,-1,0,0,
2026-04-14,21:55:33.830,7.62,,,,,,,,,,,,,,,,10,,,,,,,,,,,,,,,0,14,-1024,0,0,999,0,0,1,-1,0,1,1,1,-1,-1,-1,-1,0,0,
2026-04-14,21:55:34.090,7.62,,,,,,,,,,,,,,,,10,,,,,,,,,,,,,,,0,14,-1024,0,0,1000,0,0,1,-1,0,1,1,1,-1,-1,-1,-1,0,0,
2026-04-14,21:55:34.350,7.61,,,,,,,,,,,,,,,,10,,,,,,,,,,,,,,,0,15,-1024,0,0,999,0,0,1,-1,0,1,1,1,-1,-1,-1,-1,0,0,
2026-04-14,21:55:34.610,7.61,,,,,,,,,,,,,,,,10,,,,,,,,,,,,,,,0,15,-1024,0,0,1000,0,0,1,-1,0,1,1,1,-1,-1,-1,-1,0,0,
2026-04-14,21:55:34.870,7.62,,,,,,,,,,,,,,,,10,,,,,,,,,,,,,,,0,14,-1024,0,0,1000,0,0,1,-1,0,1,1,1,-1,-1,-1,-1,0,0,
2026-04-14,21:55:35.130,7.62,,,,,,,,,,,,,,,,10,,,,,,,,,,,,,,,0,15,-1024,0,0,1000,0,0,1,-1,0,1,1,1,-1,-1,-1,-1,0,0,
2026-04-14,21:55:35.390,7.62,,,,,,,,,,,,,,,,10,,,,,,,,,,,,,,,0,15,-1024,0,0,1000,0,0,1,-1,0,1,1,1,-1,-1,-1,-1,0,0,
2026-04-14,21:55:35.650,7.62,,,,,,,,,,,,,,,,10,,,,,,,,,,,,,,,0,15,-1024,0,0,999,0,0,1,-1,0,1,1,1,-1,-1,-1,-1,0,0,
2026-04-14,21:55:35.910,7.62,,,,,,,,,,,,,,,,10,,,,,,,,,,,,,,,0,15,-1024,0,0,1000,0,0,1,-1,0,1,1,1,-1,-1,-1,-1,0,0,
2026-04-14,21:55:36.170,7.63,,,,,,,,,,,,,,,,10,,,,,,,,,,,,,,,0,15,-1024,0,0,1000,0,0,1,-1,0,1,1,1,-1,-1,-1,-1,0,0,
2026-04-14,21:55:36.430,7.62,,,,,,,,,,,,,,,,10,,,,,,,,,,,,,,,0,15,-1024,0,0,999,0,0,1,-1,0,1,1,1,-1,-1,-1,-1,0,0,
2026-04-14,21:55:36.690,7.62,,,,,,,,,,,,,,,,10,,,,,,,,,,,,,,,0,15,-1024,0,0,999,0,0,1,-1,0,1,1,1,-1,-1,-1,-1,0,0,
2026-04-14,21:55:36.950,7.62,,,,,,,,,,,,,,,,10,,,,,,,,,,,,,,,0,15,-1024,0,0,999,0,0,1,-1,0,1,1,1,-1,-1,-1,-1,0,0,
2026-04-14,21:55:37.220,7.62,,,,,,,,,,,,,,,,10,,,,,,,,,,,,,,,0,15,-1024,0,0,999,0,0,1,-1,0,1,1,1,-1,-1,-1,-1,0,0,
2026-04-14,21:55:37.490,7.62,,,,,,,,,,,,,,,,10,,,,,,,,,,,,,,,0,15,-1024,0,0,1000,0,0,1,-1,0,1,1,1,-1,-1,-1,-1,0,0,
2026-04-14,21:55:37.750,7.62,,,,,,,,,,,,,,,,10,,,,,,,,,,,,,,,0,15,-1024,0,0,1000,0,0,1,-1,0,1,1,1,-1,-1,-1,-1,0,0,
2026-04-14,21:55:38.010,7.61,,,,,,,,,,,,,,,,10,,,,,,,,,,,,,,,0,15,-1024,0,0,999,0,0,1,-1,0,1,1,1,-1,-1,-1,-1,0,0,
2026-04-14,21:55:38.270,7.61,,,,,,,,,,,,,,,,10,,,,,,,,,,,,,,,0,15,-1024,0,0,1000,0,0,1,-1,0,1,1,1,-1,-1,-1,-1,0,0,
2026-04-14,21:55:38.530,7.61,,,,,,,,,,,,,,,,10,,,,,,,,,,,,,,,0,15,-1024,0,0,1000,0,0,1,-1,0,1,1,1,-1,-1,-1,-1,0,0,
2026-04-14,21:55:38.790,7.62,,,,,,,,,,,,,,,,10,,,,,,,,,,,,,,,0,15,-1024,0,0,999,0,0,1,-1,0,1,1,1,-1,-1,-1,-1,0,0,
2026-04-14,21:55:39.060,7.62,,,,,,,,,,,,,,,,10,,,,,,,,,,,,,,,0,15,-1024,0,0,999,0,0,1,-1,0,1,1,1,-1,-1,-1,-1,0,0,
2026-04-14,21:55:39.330,7.62,,,,,,,,,,,,,,,,10,,,,,,,,,,,,,,,0,15,-1024,0,0,999,0,0,1,-1,0,1,1,1,-1,-1,-1,-1,0,0,
2026-04-14,21:55:39.600,7.61,,,,,,,,,,,,,,,,10,,,,,,,,,,,,,,,0,15,-1024,0,0,999,0,0,1,-1,0,1,1,1,-1,-1,-1,-1,0,0,
2026-04-14,21:55:39.860,7.61,,,,,,,,,,,,,,,,10,,,,,,,,,,,,,,,0,15,-1024,0,0,1000,0,0,1,-1,0,1,1,1,-1,-1,-1,-1,0,0,
2026-04-14,21:55:40.130,7.62,,,,,,,,,,,,,,,,10,,,,,,,,,,,,,,,0,15,-1024,0,0,1000,0,0,1,-1,0,1,1,1,-1,-1,-1,-1,0,0,
2026-04-14,21:55:40.400,7.62,,,,,,,,,,,,,,,,10,,,,,,,,,,,,,,,0,16,-1024,0,0,999,0,0,1,-1,0,1,1,1,-1,-1,-1,-1,0,0,
2026-04-14,21:55:40.660,7.62,,,,,,,,,,,,,,,,10,,,,,,,,,,,,,,,0,15,-1024,0,0,1000,0,0,1,-1,0,1,1,1,-1,-1,-1,-1,0,0,
2026-04-14,21:55:40.920,7.62,,,,,,,,,,,,,,,,10,,,,,,,,,,,,,,,0,15,-1024,0,0,999,0,0,1,-1,0,1,1,1,-1,-1,-1,-1,0,0,
2026-04-14,21:55:41.180,7.62,,,,,,,,,,,,,,,,10,,,,,,,,,,,,,,,0,15,-1024,0,0,1000,0,0,1,-1,0,1,1,1,-1,-1,-1,-1,0,0,
2026-04-14,21:55:41.440,7.62,,,,,,,,,,,,,,,,10,,,,,,,,,,,,,,,0,15,-1024,0,0,999,0,0,1,-1,0,1,1,1,-1,-1,-1,-1,0,0,
2026-04-14,21:55:41.700,7.62,,,,,,,,,,,,,,,,10,,,,,,,,,,,,,,,0,15,-1024,0,0,999,0,0,1,-1,0,1,1,1,-1,-1,-1,-1,0,0,
2026-04-14,21:55:41.960,7.62,,,,,,,,,,,,,,,,10,,,,,,,,,,,,,,,0,15,-1024,0,0,1000,0,0,1,-1,0,1,1,1,-1,-1,-1,-1,0,0,
2026-04-14,21:55:42.220,7.62,,,,,,,,,,,,,,,,10,,,,,,,,,,,,,,,0,15,-1024,0,0,999,0,0,1,-1,0,1,1,1,-1,-1,-1,-1,0,0,
2026-04-14,21:55:42.480,7.62,,,,,,,,,,,,,,,,10,,,,,,,,,,,,,,,0,15,-1024,0,0,999,0,0,1,-1,0,1,1,1,-1,-1,-1,-1,0,0,
2026-04-14,21:55:42.740,7.62,,,,,,,,,,,,,,,,10,,,,,,,,,,,,,,,0,16,-1024,0,0,999,0,0,1,-1,0,1,1,1,-1,-1,-1,-1,0,0,
2026-04-14,21:55:43.010,7.61,,,,,,,,,,,,,,,,10,,,,,,,,,,,,,,,0,15,-1024,0,0,1000,0,0,1,-1,0,1,1,1,-1,-1,-1,-1,0,0,
2026-04-14,21:55:43.280,7.62,,,,,,,,,,,,,,,,10,,,,,,,,,,,,,,,0,15,-1024,0,0,999,0,0,1,-1,0,1,1,1,-1,-1,-1,-1,0,0,
2026-04-14,21:55:43.540,7.62,,,,,,,,,,,,,,,,10,,,,,,,,,,,,,,,0,15,-1024,0,0,999,0,0,1,-1,0,1,1,1,-1,-1,-1,-1,0,0,
2026-04-14,21:55:43.800,7.62,,,,,,,,,,,,,,,,10,,,,,,,,,,,,,,,0,14,-1024,0,0,999,0,0,1,-1,0,1,1,1,-1,-1,-1,-1,0,0,
2026-04-14,21:55:44.070,7.62,,,,,,,,,,,,,,,,10,,,,,,,,,,,,,,,0,14,-1024,0,0,999,0,0,1,-1,0,1,1,1,-1,-1,-1,-1,0,0,
2026-04-14,21:55:44.340,7.62,,,,,,,,,,,,,,,,10,,,,,,,,,,,,,,,0,15,-1024,0,0,999,0,0,1,-1,0,1,1,1,-1,-1,-1,-1,0,0,
2026-04-14,21:55:44.600,7.62,,,,,,,,,,,,,,,,10,,,,,,,,,,,,,,,0,14,-1024,0,0,999,0,0,1,-1,0,1,1,1,-1,-1,-1,-1,0,0,
2026-04-14,21:55:44.860,7.62,,,,,,,,,,,,,,,,10,,,,,,,,,,,,,,,0,14,-1024,0,0,999,0,0,1,-1,0,1,1,1,-1,-1,-1,-1,0,0,
2026-04-14,21:55:45.120,7.61,,,,,,,,,,,,,,,,10,,,,,,,,,,,,,,,0,14,-1024,0,0,999,0,0,1,-1,0,1,1,1,-1,-1,-1,-1,0,0,
2026-04-14,21:55:45.380,7.61,,,,,,,,,,,,,,,,10,,,,,,,,,,,,,,,0,14,-1024,0,0,1000,0,0,1,-1,0,1,1,1,-1,-1,-1,-1,0,0,
2026-04-14,21:55:45.650,7.61,,,,,,,,,,,,,,,,10,,,,,,,,,,,,,,,0,15,-1024,0,0,1000,0,0,1,-1,0,1,1,1,-1,-1,-1,-1,0,0,
2026-04-14,21:55:45.920,7.61,,,,,,,,,,,,,,,,10,,,,,,,,,,,,,,,0,14,-1024,0,0,1000,0,0,1,-1,0,1,1,1,-1,-1,-1,-1,0,0,
2026-04-14,21:55:46.180,7.61,,,,,,,,,,,,,,,,10,,,,,,,,,,,,,,,0,15,-1024,0,0,999,0,0,1,-1,0,1,1,1,-1,-1,-1,-1,0,0,
2026-04-14,21:55:46.440,7.61,,,,,,,,,,,,,,,,10,,,,,,,,,,,,,,,0,15,-1024,0,0,999,0,0,1,-1,0,1,1,1,-1,-1,-1,-1,0,0,
2026-04-14,21:55:46.710,7.62,,,,,,,,,,,,,,,,10,,,,,,,,,,,,,,,0,15,-1024,0,0,999,0,0,1,-1,0,1,1,1,-1,-1,-1,-1,0,0,
2026-04-14,21:55:46.970,7.61,,,,,,,,,,,,,,,,10,,,,,,,,,,,,,,,0,14,-1024,0,0,1000,0,0,1,-1,0,1,1,1,-1,-1,-1,-1,0,0,
2026-04-14,21:55:47.230,7.62,,,,,,,,,,,,,,,,10,,,,,,,,,,,,,,,0,14,-1024,0,0,1000,0,0,1,-1,0,1,1,1,-1,-1,-1,-1,0,0,
2026-04-14,21:55:47.490,7.61,,,,,,,,,,,,,,,,10,,,,,,,,,,,,,,,0,14,-1024,0,0,999,0,0,1,-1,0,1,1,1,-1,-1,-1,-1,0,0,
2026-04-14,21:55:47.750,7.62,,,,,,,,,,,,,,,,10,,,,,,,,,,,,,,,0,14,-1024,0,0,1000,0,0,1,-1,0,1,1,1,-1,-1,-1,-1,0,0,
2026-04-14,21:55:48.020,7.61,,,,,,,,,,,,,,,,10,,,,,,,,,,,,,,,0,14,-1024,0,0,999,0,0,1,-1,0,1,1,1,-1,-1,-1,-1,0,0,
2026-04-14,21:55:48.280,7.61,,,,,,,,,,,,,,,,10,,,,,,,,,,,,,,,0,13,-1024,0,0,1000,0,0,1,-1,0,1,1,1,-1,-1,-1,-1,0,0,
2026-04-14,21:55:48.550,7.61,,,,,,,,,,,,,,,,10,,,,,,,,,,,,,,,0,13,-1024,0,0,999,0,0,1,-1,0,1,1,1,-1,-1,-1,-1,0,0,
2026-04-14,21:55:48.820,7.61,,,,,,,,,,,,,,,,10,,,,,,,,,,,,,,,0,14,-1024,0,0,999,0,0,1,-1,0,1,1,1,-1,-1,-1,-1,0,0,
2026-04-14,21:55:49.090,7.62,,,,,,,,,,,,,,,,10,,,,,,,,,,,,,,,0,15,-1024,0,0,999,0,0,1,-1,0,1,1,1,-1,-1,-1,-1,0,0,
2026-04-14,21:55:49.350,7.62,,,,,,,,,,,,,,,,10,,,,,,,,,,,,,,,0,14,-1024,0,0,1000,0,0,1,-1,0,1,1,1,-1,-1,-1,-1,0,0,
2026-04-14,21:55:49.620,7.62,,,,,,,,,,,,,,,,10,,,,,,,,,,,,,,,0,14,-1024,0,0,1000,0,0,1,-1,0,1,1,1,-1,-1,-1,-1,0,0,
2026-04-14,21:55:49.880,7.62,,,,,,,,,,,,,,,,10,,,,,,,,,,,,,,,0,-184,-1024,0,0,1000,0,0,1,-1,0,1,1,1,-1,-1,-1,-1,0,0,
2026-04-14,21:55:50.150,7.62,,,,,,,,,,,,,,,,10,,,,,,,,,,,,,,,0,-388,-1024,80,0,999,0,0,1,-1,0,1,1,1,-1,-1,-1,-1,0,0,
2026-04-14,21:55:50.420,7.61,,,,,,,,,,,,,,,,10,,,,,,,,,,,,,,,0,-24,-1024,238,0,999,0,0,1,-1,0,1,1,1,-1,-1,-1,-1,0,0,
2026-04-14,21:55:50.680,7.62,,,,,,,,,,,,,,,,10,,,,,,,,,,,,,,,0,11,-1024,0,0,999,0,0,1,-1,0,1,1,1,-1,-1,-1,-1,0,0,
2026-04-14,21:55:50.940,7.62,,,,,,,,,,,,,,,,10,,,,,,,,,,,,,,,0,13,-1024,0,0,1000,0,0,1,-1,0,1,1,1,-1,-1,-1,-1,0,0,
2026-04-14,21:55:51.200,7.61,,,,,,,,,,,,,,,,10,,,,,,,,,,,,,,,0,16,-1024,557,0,999,0,0,1,-1,0,1,1,1,-1,-1,-1,-1,0,0,
2026-04-14,21:55:51.460,7.61,,,,,,,,,,,,,,,,10,,,,,,,,,,,,,,,0,-119,-1024,79,0,999,0,0,1,-1,0,1,1,1,-1,-1,-1,-1,0,0,
2026-04-14,21:55:51.720,7.61,,,,,,,,,,,,,,,,10,,,,,,,,,,,,,,,0,-298,-1024,0,0,999,0,0,1,-1,0,1,1,1,-1,-1,-1,-1,0,0,
2026-04-14,21:55:51.980,7.62,,,,,,,,,,,,,,,,10,,,,,,,,,,,,,,,0,-207,-1024,0,0,999,0,0,1,-1,0,1,1,1,-1,-1,-1,-1,0,0,
2026-04-14,21:55:52.240,7.61,,,,,,,,,,,,,,,,10,,,,,,,,,,,,,,,0,-426,-1024,0,0,999,0,0,1,-1,0,1,1,1,-1,-1,-1,-1,0,0,
2026-04-14,21:55:52.500,7.61,,,,,,,,,,,,,,,,10,,,,,,,,,,,,,,,0,27,-1024,0,0,999,0,0,1,-1,0,1,1,1,-1,-1,-1,-1,0,0,
2026-04-14,21:55:52.760,7.61,,,,,,,,,,,,,,,,10,,,,,,,,,,,,,,,0,-504,-1024,0,0,999,0,0,1,-1,0,1,1,1,-1,-1,-1,-1,0,0,
2026-04-14,21:55:53.030,7.61,,,,,,,,,,,,,,,,10,,,,,,,,,,,,,,,0,9,-1024,0,0,999,0,0,1,-1,0,1,1,1,-1,-1,-1,-1,0,0,
2026-04-14,21:55:53.300,7.61,,,,,,,,,,,,,,,,10,,,,,,,,,,,,,,,-422,13,-1024,0,0,999,0,0,1,-1,0,1,1,1,-1,-1,-1,-1,0,0,
2026-04-14,21:55:53.560,7.61,,,,,,,,,,,,,,,,10,,,,,,,,,,,,,,,0,14,-1024,0,0,1000,0,0,1,-1,0,1,1,1,-1,-1,-1,-1,0,0,
2026-04-14,21:55:53.830,7.62,,,,,,,,,,,,,,,,10,,,,,,,,,,,,,,,0,14,-1024,0,0,1000,0,0,1,-1,0,1,1,1,-1,-1,-1,-1,0,0,
2026-04-14,21:55:54.100,7.62,,,,,,,,,,,,,,,,10,,,,,,,,,,,,,,,0,14,-1024,0,0,999,0,0,1,-1,0,1,1,1,-1,-1,-1,-1,0,0,
2026-04-14,21:55:54.360,7.61,,,,,,,,,,,,,,,,10,,,,,,,,,,,,,,,0,14,-1024,0,0,999,0,0,1,-1,0,1,1,1,-1,-1,-1,-1,0,0,
2026-04-14,21:55:54.620,7.62,,,,,,,,,,,,,,,,10,,,,,,,,,,,,,,,0,14,-1024,0,0,999,0,0,1,-1,0,1,1,1,-1,-1,-1,-1,0,0,
2026-04-14,21:55:54.880,7.61,,,,,,,,,,,,,,,,10,,,,,,,,,,,,,,,0,14,-1024,0,0,999,0,0,1,-1,0,1,1,1,-1,-1,-1,-1,0,0,
2026-04-14,21:55:55.150,7.62,,,,,,,,,,,,,,,,10,,,,,,,,,,,,,,,0,15,-1024,0,0,999,0,0,1,-1,0,1,1,1,-1,-1,-1,-1,0,0,
2026-04-14,21:55:55.410,7.61,,,,,,,,,,,,,,,,10,,,,,,,,,,,,,,,0,15,-1024,0,0,1000,0,0,1,-1,0,1,1,1,-1,-1,-1,-1,0,0,
2026-04-14,21:55:55.720,7.62,,,,,,,,,,,,,,,,10,,,,,,,,,,,,,,,0,14,-1024,0,0,1000,0,0,1,-1,0,1,1,1,-1,-1,-1,-1,0,0,
2026-04-14,21:55:55.990,7.62,,,,,,,,,,,,,,,,10,,,,,,,,,,,,,,,0,14,-1024,0,0,999,0,0,1,-1,0,1,1,1,-1,-1,-1,-1,0,0,
