Date,Time,TxBat(V),VFR 2.4G(%),Rx VFR(%),VFR 900M(%),AccY(g),Altitude(m),RSSI 2.4G(dB),RX,RxBatt(V),AccX(g),AccZ(g),VSpeed(m/s),RSSI 900M(dB),RX,R.angle(°),P.angle(°),Power 900M(mW),ADC2(V),LiPo1(V),LiPo2(V),LiPo3(V),LiPo4(V),LiPo5(V),LiPo6(V),LiPo7(V),LiPo8(V),VFAS(V),Current(A),Temp1(°C),Temp2(°C),Air speed(km/h),Rudder,Elevator,Throttle,Aileron,Pot1,Pot2,Slider left,Slider right,SA,SB,SC,SD,SE,SF,SG,SH,SI,SJ,LS1,LS2,
2026-04-14,21:21:14.180,7.63,100,100,100,-0.035,-0.56,85,0,8.09,-0.092,0.984,-0.21,71,0,178.46,-5.03,10,0.00,4.17,4.19,4.17,4.17,4.18,4.17,4.18,4.18,33.49,0.0,-30,-30,12.4,0,14,-1024,0,0,999,0,0,1,-1,-1,1,-1,-1,-1,-1,-1,-1,0,0,
2026-04-14,21:21:14.440,7.63,100,100,100,-0.032,-0.61,85,0,8.08,-0.102,0.975,-0.20,73,0,178.46,-5.01,10,0.00,4.17,4.19,4.17,4.17,4.18,4.17,4.18,4.18,33.49,0.0,-30,-30,10.7,0,15,-1024,0,0,999,0,0,1,-1,-1,1,-1,-1,-1,-1,-1,-1,0,0,
2026-04-14,21:21:14.710,7.63,100,100,100,-0.032,-0.61,85,0,8.07,-0.115,0.980,-0.16,69,0,178.47,-5.03,10,0.00,4.17,4.19,4.17,4.17,4.18,4.17,4.18,4.18,33.49,0.0,-30,-30,12.4,0,15,-1024,0,0,999,0,0,1,-1,-1,1,-1,-1,-1,-1,-1,-1,0,0,
2026-04-14,21:21:14.970,7.62,100,100,100,-0.014,-0.43,85,0,8.07,-0.099,0.981,0.28,64,0,178.44,-5.02,10,0.00,4.17,4.19,4.17,4.17,4.18,4.17,4.18,4.18,33.49,0.0,-30,-30,12.4,0,15,-1024,0,0,999,0,0,1,-1,-1,1,-1,-1,-1,-1,-1,-1,0,0,
2026-04-14,21:21:15.230,7.62,100,100,100,-0.060,-0.38,84,0,8.07,-0.094,0.974,0.36,70,0,178.49,-5.03,10,0.00,4.17,4.19,4.17,4.17,4.18,4.17,4.18,4.18,33.49,0.0,-30,-30,12.4,0,15,-1024,0,0,1000,0,0,1,-1,-1,1,-1,-1,-1,-1,-1,-1,0,0,
2026-04-14,21:21:15.500,7.62,100,100,100,-0.038,-0.43,84,0,8.07,-0.114,0.987,0.01,70,0,178.47,-5.04,10,0.00,4.17,4.19,4.17,4.17,4.18,4.17,4.18,4.18,33.49,0.0,-30,-30,21.7,0,15,-1024,0,0,999,0,0,1,-1,-1,1,-1,-1,-1,-1,-1,-1,0,0,
2026-04-14,21:21:15.760,7.62,100,100,100,-0.022,-0.36,83,0,8.10,-0.103,0.999,0.09,62,0,178.48,-5.04,10,0.00,4.17,4.19,4.17,4.17,4.18,4.17,4.18,4.18,33.49,0.0,-30,-30,21.7,0,15,-1024,0,0,999,0,0,1,-1,-1,1,-1,-1,-1,-1,-1,-1,0,0,
2026-04-14,21:21:16.030,7.62,100,100,100,-0.027,-0.38,84,0,8.11,-0.123,0.987,0.03,72,0,178.46,-5.04,10,0.00,4.17,4.19,4.17,4.17,4.18,4.17,4.18,4.18,33.49,0.0,-30,-30,21.7,0,14,-1024,0,0,999,0,0,1,-1,-1,1,-1,-1,-1,-1,-1,-1,0,0,
2026-04-14,21:21:16.290,7.62,100,100,100,-0.019,-0.49,85,0,8.11,-0.104,0.944,-0.17,75,0,178.46,-5.06,10,0.00,4.17,4.19,4.17,4.17,4.18,4.17,4.18,4.18,33.49,0.0,-30,-30,25.0,0,15,-1024,0,0,999,0,0,1,-1,-1,1,-1,-1,-1,-1,-1,-1,0,0,
2026-04-14,21:21:16.560,7.63,100,100,100,-0.009,-0.57,86,0,8.09,-0.087,1.006,-0.20,74,0,178.47,-5.02,10,0.00,4.17,4.19,4.17,4.17,4.18,4.17,4.18,4.18,33.49,0.0,-30,-30,30.7,0,15,-1024,0,0,999,0,0,1,-1,-1,1,-1,-1,-1,-1,-1,-1,0,0,
2026-04-14,21:21:16.830,7.63,100,100,100,-0.031,-0.57,87,0,8.08,-0.091,0.972,-0.10,75,0,178.47,-5.05,10,0.00,4.17,4.19,4.17,4.17,4.18,4.17,4.18,4.18,33.49,0.0,-30,-30,22.6,0,15,-1024,0,0,999,0,0,1,-1,-1,1,-1,-1,-1,-1,-1,-1,0,0,
2026-04-14,21:21:17.100,7.63,100,100,100,-0.041,-0.58,87,0,8.07,-0.096,0.976,-0.05,76,0,178.46,-5.09,10,0.00,4.17,4.19,4.17,4.17,4.18,4.17,4.18,4.18,33.49,0.0,-30,-30,26.7,0,14,-1024,0,0,999,0,0,1,-1,-1,1,-1,-1,-1,-1,-1,-1,0,0,
2026-04-14,21:21:17.370,7.62,100,100,100,-0.034,-0.59,87,0,8.07,-0.104,0.977,-0.06,75,0,178.46,-5.09,10,0.00,4.17,4.19,4.17,4.17,4.18,4.17,4.18,4.18,33.49,0.0,-30,-30,22.6,0,15,-1024,0,0,1000,0,0,1,-1,-1,1,-1,-1,-1,-1,-1,-1,0,0,
2026-04-14,21:21:17.640,7.62,100,100,100,-0.008,-0.50,87,0,8.09,-0.090,0.956,0.14,76,0,178.45,-5.06,10,0.00,4.17,4.18,4.17,4.17,4.18,4.17,4.18,4.18,33.49,0.0,-30,-30,22.6,0,15,-1024,0,0,1000,0,0,1,-1,-1,1,-1,-1,-1,-1,-1,-1,0,0,
2026-04-14,21:21:17.910,7.63,100,100,100,-0.041,-0.47,87,0,8.08,-0.089,0.967,0.17,77,0,178.50,-5.03,10,0.00,4.17,4.18,4.17,4.17,4.18,4.17,4.18,4.18,33.49,0.0,-30,-30,24.3,0,15,-1024,0,0,999,0,0,1,-1,-1,1,-1,-1,-1,-1,-1,-1,0,0,
2026-04-14,21:21:18.170,7.62,100,100,100,-0.053,-0.48,87,0,8.07,-0.093,0.970,0.05,75,0,178.51,-5.03,10,0.00,4.17,4.18,4.17,4.17,4.18,4.17,4.18,4.18,33.49,0.0,-30,-30,17.8,0,14,-1024,0,0,1000,0,0,1,-1,-1,1,-1,-1,-1,-1,-1,-1,0,0,
2026-04-14,21:21:18.440,7.62,100,100,100,-0.027,-0.52,87,0,8.07,-0.097,0.973,-0.04,74,0,178.46,-5.03,10,0.00,4.17,4.18,4.17,4.17,4.18,4.17,4.18,4.18,33.49,0.0,-30,-30,17.8,0,15,-1024,0,0,999,0,0,1,-1,-1,1,-1,-1,-1,-1,-1,-1,0,0,
2026-04-14,21:21:18.710,7.62,100,100,100,-0.019,-0.58,87,0,8.07,-0.100,0.961,-0.14,76,0,178.46,-5.03,10,0.00,4.17,4.19,4.17,4.17,4.18,4.17,4.18,4.18,33.49,0.0,-30,-30,17.8,0,15,-1024,0,0,999,0,0,1,-1,-1,1,-1,-1,-1,-1,-1,-1,0,0,
2026-04-14,21:21:18.980,7.63,100,100,100,-0.002,-0.61,87,0,8.07,-0.106,0.988,-0.04,73,0,178.45,-5.03,10,0.00,4.17,4.19,4.17,4.17,4.18,4.17,4.18,4.18,33.49,0.0,-30,-30,21.7,0,14,-1024,0,0,999,0,0,1,-1,-1,1,-1,-1,-1,-1,-1,-1,0,0,
2026-04-14,21:21:19.240,7.63,100,100,100,-0.047,-0.58,87,0,8.07,-0.117,0.987,0.06,68,0,178.47,-5.03,10,0.00,4.17,4.19,4.17,4.17,4.18,4.17,4.18,4.18,33.49,0.0,-30,-30,22.6,0,14,-1024,0,0,999,0,0,1,-1,-1,1,-1,-1,-1,-1,-1,-1,0,0,
2026-04-14,21:21:19.500,7.63,100,100,100,-0.037,-0.60,86,0,8.07,-0.102,0.989,-0.03,72,0,178.48,-5.01,10,0.00,4.17,4.19,4.17,4.17,4.18,4.17,4.18,4.18,33.49,0.0,-30,-30,18.7,0,15,-1024,0,0,999,0,0,1,-1,-1,1,-1,-1,-1,-1,-1,-1,0,0,
2026-04-14,21:21:19.760,7.63,100,100,100,-0.024,-0.48,85,0,8.07,-0.095,0.951,0.19,74,0,178.45,-5.03,10,0.00,4.17,4.19,4.17,4.17,4.18,4.17,4.18,4.18,33.49,0.0,-30,-30,17.8,0,15,-1024,0,0,999,0,0,1,-1,-1,1,-1,-1,-1,-1,-1,-1,0,0,
2026-04-14,21:21:20.030,7.63,100,100,100,-0.042,-0.39,85,0,8.07,-0.101,0.991,0.33,70,0,178.47,-5.01,10,0.00,4.17,4.18,4.17,4.17,4.18,4.17,4.18,4.18,33.49,0.0,-30,-30,17.8,0,14,-1024,0,0,1000,0,0,1,-1,-1,1,-1,-1,-1,-1,-1,-1,0,0,
2026-04-14,21:21:20.290,7.63,100,100,100,-0.049,-0.37,85,0,8.07,-0.117,0.990,0.17,73,0,178.46,-5.02,10,0.00,4.17,4.18,4.17,4.17,4.18,4.17,4.18,4.18,33.49,0.0,-30,-30,17.8,0,14,-1024,0,0,1000,0,0,1,-1,-1,1,-1,-1,-1,-1,-1,-1,0,0,
2026-04-14,21:21:20.550,7.63,100,100,100,-0.019,-0.39,85,0,8.07,-0.106,0.980,0.06,74,0,178.45,-5.03,10,0.00,4.17,4.18,4.17,4.17,4.18,4.17,4.18,4.18,33.49,0.0,-30,-30,19.8,0,15,-1024,0,0,1000,0,0,1,-1,-1,1,-1,-1,-1,-1,-1,-1,0,0,
2026-04-14,21:21:20.810,7.63,100,100,100,-0.017,-0.45,85,0,8.07,-0.107,0.987,-0.10,72,0,178.45,-5.04,10,0.00,4.17,4.18,4.17,4.17,4.18,4.17,4.18,4.17,33.49,0.0,-30,-30,18.7,0,14,-1024,0,0,999,0,0,1,-1,-1,1,-1,-1,-1,-1,-1,-1,0,0,
2026-04-14,21:21:21.080,7.63,100,100,100,-0.036,-0.51,84,0,8.07,-0.109,0.970,-0.19,73,0,178.45,-5.03,10,0.00,4.17,4.19,4.17,4.17,4.18,4.17,4.18,4.17,33.49,0.0,-30,-30,12.4,0,15,-1024,0,0,999,0,0,1,-1,-1,1,-1,-1,-1,-1,-1,-1,0,0,
2026-04-14,21:21:21.340,7.63,100,100,100,-0.041,-0.52,84,0,8.07,-0.106,0.998,-0.13,76,0,178.47,-5.01,10,0.00,4.17,4.19,4.17,4.17,4.18,4.17,4.18,4.17,33.49,0.0,-30,-30,17.8,0,15,-1024,0,0,999,0,0,1,-1,-1,1,-1,-1,-1,-1,-1,-1,0,0,
2026-04-14,21:21:21.600,7.63,100,100,100,-0.034,-0.54,84,0,8.07,-0.101,0.975,-0.08,74,0,178.45,-5.01,10,0.00,4.17,4.19,4.17,4.17,4.18,4.17,4.18,4.17,33.49,0.0,-30,-30,15.4,0,14,-1024,0,0,999,0,0,1,-1,-1,1,-1,-1,-1,-1,-1,-1,0,0,
2026-04-14,21:21:21.870,7.63,100,100,100,-0.023,-0.33,84,0,8.07,-0.107,0.975,0.36,76,0,178.44,-5.02,10,0.00,4.17,4.19,4.17,4.17,4.18,4.17,4.18,4.17,33.49,0.0,-30,-30,13.9,0,14,-1024,0,0,999,0,0,1,-1,-1,1,-1,-1,-1,-1,-1,-1,0,0,
2026-04-14,21:21:22.130,7.62,100,100,100,-0.021,-0.35,84,0,8.07,-0.106,0.978,0.02,78,0,178.47,-5.02,10,0.00,4.17,4.19,4.17,4.17,4.18,4.17,4.18,4.18,33.49,0.0,-30,-30,13.9,0,15,-1024,0,0,1000,0,0,1,-1,-1,1,-1,-1,-1,-1,-1,-1,0,0,
2026-04-14,21:21:22.390,7.63,100,100,100,-0.031,-0.50,84,0,8.07,-0.096,0.981,-0.22,76,0,178.46,-5.01,10,0.00,4.17,4.19,4.17,4.17,4.18,4.17,4.18,4.18,33.49,0.0,-30,-30,16.5,0,14,-1024,0,0,999,0,0,1,-1,-1,1,-1,-1,-1,-1,-1,-1,0,0,
2026-04-14,21:21:22.650,7.63,100,100,100,-0.036,-0.58,84,0,8.07,-0.107,0.984,-0.33,71,0,178.47,-5.03,10,0.00,4.17,4.19,4.17,4.17,4.18,4.17,4.18,4.18,33.49,0.0,-30,-30,15.4,0,15,-1024,0,0,999,0,0,1,-1,-1,1,-1,-1,-1,-1,-1,-1,0,0,
2026-04-14,21:21:22.910,7.63,100,100,100,-0.021,-0.59,84,0,8.07,-0.107,0.978,-0.12,75,0,178.46,-5.03,10,0.00,4.17,4.19,4.17,4.17,4.18,4.17,4.18,4.18,33.49,0.0,-30,-30,20.7,0,15,-1024,0,0,999,0,0,1,-1,-1,1,-1,-1,-1,-1,-1,-1,0,0,
2026-04-14,21:21:23.170,7.62,100,100,100,-0.024,-0.63,84,0,8.07,-0.103,0.977,-0.15,76,0,178.46,-5.03,10,0.00,4.17,4.19,4.17,4.17,4.18,4.17,4.18,4.18,33.49,0.0,-30,-30,13.9,0,15,-1024,0,0,999,0,0,1,-1,-1,1,-1,-1,-1,-1,-1,-1,0,0,
2026-04-14,21:21:23.440,7.63,100,100,100,-0.039,-0.56,84,0,8.07,-0.110,0.978,0.06,67,0,178.47,-5.02,10,0.00,4.17,4.19,4.17,4.17,4.18,4.17,4.18,4.18,33.49,0.0,-30,-30,13.9,0,15,-1024,0,0,999,0,0,1,-1,-1,1,-1,-1,-1,-1,-1,-1,0,0,
2026-04-14,21:21:23.700,7.63,100,100,100,-0.037,-0.58,84,0,8.07,-0.109,0.979,0.06,74,0,178.46,-5.02,10,0.00,4.17,4.18,4.17,4.17,4.18,4.17,4.18,4.18,33.49,0.0,-30,-30,16.5,0,15,-1024,0,0,999,0,0,1,-1,-1,1,-1,-1,-1,-1,-1,-1,0,0,
2026-04-14,21:21:23.970,7.63,100,100,100,-0.026,-0.69,84,0,8.07,-0.095,0.986,-0.21,75,0,178.46,-5.03,10,0.00,4.17,4.18,4.17,4.17,4.18,4.17,4.18,4.18,33.49,0.0,-30,-30,13.9,0,15,-996,0,0,1000,0,0,1,-1,-1,1,-1,-1,-1,-1,-1,-1,0,0,
2026-04-14,21:21:24.240,7.63,100,100,100,-0.041,-0.75,84,0,8.07,-0.100,0.979,-0.24,68,0,178.46,-5.02,10,0.00,4.17,4.18,4.17,4.17,4.18,4.17,4.18,4.18,33.49,0.0,-30,-30,15.4,0,15,-908,0,0,999,0,0,1,-1,-1,1,-1,-1,-1,-1,-1,-1,0,0,
2026-04-14,21:21:24.500,7.63,100,100,100,-0.016,-0.75,84,0,8.07,-0.104,0.975,-0.14,70,0,178.45,-5.06,10,0.00,4.17,4.18,4.17,4.17,4.18,4.17,4.18,4.18,33.49,0.0,-30,-30,15.4,0,15,-888,0,0,999,0,0,1,-1,-1,1,-1,-1,-1,1,-1,-1,1,0,
2026-04-14,21:21:24.770,7.62,100,100,100,-0.004,-0.75,85,0,8.07,-0.102,0.975,-0.01,75,0,178.43,-5.03,10,0.00,4.17,4.18,4.17,4.17,4.18,4.17,4.18,4.18,33.49,1.3,-30,-30,17.8,0,15,-629,0,0,1000,0,0,1,-1,-1,1,-1,-1,-1,-1,-1,-1,1,0,
2026-04-14,21:21:25.030,7.63,100,100,100,-0.029,-0.73,85,0,8.07,-0.092,0.987,0.04,74,0,178.48,-5.01,10,0.00,4.17,4.18,4.17,4.17,4.18,4.17,4.18,4.18,33.48,1.3,-30,-30,18.7,-2,15,-593,0,0,999,0,0,1,-1,-1,1,-1,-1,-1,-1,-1,-1,1,0,
2026-04-14,21:21:25.290,7.63,100,100,100,-0.034,-0.86,85,0,8.07,-0.104,0.970,-0.22,74,0,178.44,-5.01,10,0.00,4.17,4.18,4.17,4.17,4.17,4.16,4.18,4.18,33.46,2.0,-30,-30,18.7,0,15,-463,0,0,1000,0,0,1,-1,-1,1,-1,-1,-1,-1,-1,-1,1,0,
2026-04-14,21:21:25.560,7.63,100,100,100,-0.037,-1.00,85,0,8.07,-0.103,0.988,-0.39,77,0,178.44,-4.96,10,0.00,4.17,4.18,4.17,4.17,4.17,4.16,4.18,4.18,33.46,2.0,-30,-30,16.5,0,-45,-365,0,0,999,0,0,1,-1,-1,1,-1,-1,-1,-1,-1,-1,0,0,
2026-04-14,21:21:25.820,7.63,100,100,100,-0.022,-1.12,85,0,8.07,-0.109,0.981,-0.42,77,0,178.43,-4.93,10,0.00,4.17,4.18,4.17,4.17,4.17,4.16,4.17,4.17,33.38,5.6,-30,-30,17.8,0,-101,-207,0,0,999,0,0,1,-1,-1,1,-1,-1,-1,-1,-1,-1,0,0,
2026-04-14,21:21:26.090,7.63,100,100,100,-0.009,-1.28,84,0,8.07,-0.154,0.981,-0.45,71,0,178.44,-4.95,10,0.00,4.16,4.17,4.17,4.17,4.17,4.16,4.17,4.17,33.38,5.6,-30,-30,13.9,0,-79,-27,0,0,1000,0,0,1,-1,-1,1,-1,-1,-1,-1,-1,-1,0,0,
2026-04-14,21:21:26.360,7.62,100,100,100,-0.016,-1.72,84,0,8.07,-0.229,0.974,-1.00,76,0,178.54,-5.19,10,0.00,4.16,4.17,4.15,4.15,4.17,4.16,4.17,4.17,33.26,14.4,-30,-30,18.7,0,-89,-27,0,0,1000,0,0,1,-1,-1,1,-1,-1,-1,-1,-1,-1,0,0,
2026-04-14,21:21:26.620,7.63,100,100,100,-0.011,-2.10,84,0,8.05,-0.221,0.944,-1.32,77,0,178.78,-6.73,10,0.00,4.16,4.17,4.15,4.15,4.14,4.14,4.17,4.17,33.26,14.4,-30,-30,18.7,224,-96,0,0,0,999,0,0,1,-1,-1,1,-1,-1,-1,-1,-1,-1,0,0,
2026-04-14,21:21:26.880,7.63,100,100,100,-0.033,-2.38,84,0,8.06,-0.253,0.915,-1.14,77,0,178.86,-7.80,10,0.00,4.16,4.17,4.15,4.15,4.14,4.14,4.12,4.13,33.12,14.4,-30,-30,24.3,444,-114,94,0,0,999,0,0,1,-1,-1,1,-1,-1,-1,-1,-1,-1,0,0,
2026-04-14,21:21:27.150,7.63,100,100,100,-0.010,-2.65,84,0,8.03,-0.266,0.978,-0.96,78,0,178.88,-8.51,10,0.00,4.11,4.12,4.15,4.15,4.14,4.14,4.12,4.13,33.12,14.4,-30,-30,25.7,646,-112,176,0,0,999,0,0,1,-1,-1,1,-1,-1,-1,-1,-1,-1,0,0,
2026-04-14,21:21:27.410,7.62,100,100,100,-0.041,-2.93,84,0,8.03,-0.338,0.802,-0.99,81,0,178.89,-9.87,10,0.00,4.11,4.12,4.09,4.09,4.14,4.14,4.12,4.13,32.95,20.4,-30,-30,29.4,398,-92,190,0,0,999,0,0,1,-1,-1,1,-1,-1,-1,-1,-1,-1,0,0,
2026-04-14,21:21:27.680,7.63,100,100,100,-0.042,-3.28,83,0,8.05,-0.313,0.880,-0.91,83,0,178.80,-10.35,10,0.00,4.11,4.12,4.09,4.09,4.08,4.09,4.12,4.13,32.95,20.4,-30,-30,32.0,286,-92,201,0,0,999,0,0,1,-1,-1,1,-1,-1,-1,-1,-1,-1,0,0,
2026-04-14,21:21:27.960,7.63,100,100,100,-0.011,-3.40,84,0,8.03,-0.319,1.053,-0.46,82,0,178.93,-11.05,10,0.00,4.11,4.12,4.09,4.09,4.08,4.09,4.07,4.08,32.79,22.2,-30,-30,34.3,162,-95,286,0,0,999,0,0,1,-1,-1,1,-1,-1,-1,-1,-1,-1,0,0,
2026-04-14,21:21:28.240,7.63,100,100,100,-0.047,-3.49,84,0,8.06,-0.355,0.819,-0.32,83,0,179.07,-13.02,10,0.00,4.11,4.12,4.09,4.09,4.08,4.09,4.07,4.08,32.79,27.6,-30,-30,35.9,128,-112,372,0,0,1000,0,0,1,-1,-1,1,-1,-1,-1,-1,-1,-1,0,0,
2026-04-14,21:21:28.500,7.63,100,100,100,-0.043,-3.66,84,0,8.06,-0.416,0.941,-0.48,86,0,179.27,-13.37,10,0.00,4.05,4.07,4.09,4.09,4.08,4.09,4.07,4.08,32.56,27.6,-30,-30,35.6,63,-128,435,0,0,1000,0,0,1,-1,-1,1,-1,-1,-1,-1,-1,-1,0,0,
2026-04-14,21:21:28.770,7.63,100,100,100,-0.016,-4.00,84,0,8.07,-0.410,0.952,-0.80,85,0,179.18,-14.45,10,0.00,4.05,4.07,4.03,4.03,4.08,4.09,4.07,4.08,32.32,34.7,-30,-30,40.2,-11,-133,441,0,0,1000,0,0,1,-1,-1,1,-1,-1,-1,-1,-1,-1,0,0,
2026-04-14,21:21:29.040,7.63,100,100,100,0.061,-4.22,81,0,8.07,-0.394,0.963,-0.92,84,0,179.32,-16.39,10,0.00,4.05,4.07,4.03,4.03,4.01,4.02,4.07,4.08,32.32,34.7,-30,-30,40.2,-54,-199,451,0,0,999,0,0,1,-1,-1,1,-1,-1,-1,-1,-1,-1,0,0,
2026-04-14,21:21:29.310,7.63,100,100,100,0.049,-4.30,79,0,8.07,-0.368,0.856,-0.56,76,0,179.36,-16.66,10,0.00,4.05,4.07,4.03,4.03,4.01,4.02,4.00,4.01,32.11,35.8,-30,-30,42.0,-106,-188,462,0,0,999,0,0,1,-1,-1,1,-1,-1,-1,-1,-1,-1,0,0,
2026-04-14,21:21:29.570,7.62,100,100,100,0.028,-4.51,78,0,8.07,-0.411,0.832,-0.59,75,0,179.37,-18.14,10,0.00,3.98,4.00,4.03,4.03,4.01,4.02,4.00,4.01,32.11,35.8,-30,-30,53.7,0,-185,484,0,0,999,0,0,1,-1,-1,1,-1,-1,-1,-1,-1,-1,0,0,
2026-04-14,21:21:29.830,7.62,100,100,100,0.017,-4.65,79,0,8.07,-0.394,0.904,-0.54,76,0,179.55,-19.50,10,0.00,3.98,4.00,3.95,3.96,4.01,4.02,4.00,4.01,31.90,37.6,-30,-30,50.9,34,-98,504,0,0,1000,0,0,1,-1,-1,1,-1,-1,-1,-1,-1,-1,0,0,
2026-04-14,21:21:30.090,7.63,100,100,100,0.017,-4.84,79,0,8.07,-0.423,0.767,-0.61,77,0,37.83,-20.81,10,0.00,3.98,4.00,3.95,3.96,3.95,3.96,4.00,4.01,31.90,37.6,-30,-30,49.4,37,-136,529,0,0,1000,0,0,1,-1,-1,1,-1,-1,-1,-1,-1,-1,0,0,
2026-04-14,21:21:30.370,7.62,100,100,100,0.069,-5.16,77,0,8.07,-0.388,0.948,-0.60,74,0,178.77,-20.98,10,0.00,3.98,4.00,3.95,3.96,3.95,3.96,3.95,3.96,31.71,40.5,-30,-30,53.7,100,-251,573,78,0,999,0,0,1,-1,-1,1,-1,-1,-1,-1,-1,-1,0,0,
2026-04-14,21:21:30.640,7.63,100,100,100,0.011,-5.40,75,0,8.07,-0.374,0.924,-0.79,61,0,179.92,-20.20,10,0.00,3.98,4.00,3.95,3.96,3.95,3.96,3.95,3.96,31.71,40.5,-30,-30,54.1,98,-279,582,0,0,999,0,0,1,-1,-1,1,-1,-1,-1,-1,-1,-1,0,0,
2026-04-14,21:21:30.910,7.63,100,100,100,0.030,-5.56,70,0,8.07,-0.439,0.991,-0.65,56,0,-179.62,-23.81,10,0.00,3.94,3.95,3.95,3.96,3.95,3.96,3.95,3.96,31.50,44.4,-30,-30,59.3,109,-241,582,63,0,999,0,0,1,-1,-1,1,-1,-1,-1,-1,-1,-1,0,0,
2026-04-14,21:21:31.170,7.62,100,100,100,0.027,-5.76,66,0,8.07,-0.447,0.975,-0.60,56,0,-177.95,-25.84,10,0.00,3.94,3.95,3.90,3.91,3.95,3.96,3.95,3.96,31.50,44.4,-30,-30,59.3,53,-58,578,-93,0,999,0,0,1,-1,-1,1,-1,-1,-1,-1,-1,-1,0,0,
2026-04-14,21:21:31.440,7.62,100,100,100,0.054,-5.88,63,0,8.07,-0.391,0.878,-0.62,60,0,-176.83,-25.00,10,0.00,3.94,3.95,3.90,3.91,3.90,3.91,3.95,3.96,31.34,44.3,-30,-30,65.0,49,-240,571,0,0,999,0,0,1,-1,-1,1,-1,-1,-1,-1,-1,-1,0,0,
2026-04-14,21:21:31.700,7.63,100,100,100,0.066,-5.77,63,0,8.05,-0.367,1.011,-0.07,61,0,176.16,-24.40,10,0.00,3.94,3.95,3.90,3.91,3.90,3.91,3.90,3.92,31.34,44.3,-30,-30,65.0,154,-289,580,128,0,999,0,0,1,-1,-1,1,-1,-1,-1,-1,-1,-1,0,0,
2026-04-14,21:21:31.960,7.63,100,100,100,0.077,-5.60,63,0,8.06,-0.393,1.032,0.38,62,0,174.81,-25.60,10,0.00,3.90,3.92,3.90,3.91,3.90,3.91,3.90,3.92,31.22,43.2,-30,-30,67.0,274,-198,582,251,0,999,0,0,1,-1,-1,1,-1,-1,-1,-1,-1,-1,0,0,
2026-04-14,21:21:32.220,7.62,100,100,100,0.051,-5.41,63,0,8.07,-0.383,1.085,0.53,63,0,173.56,-26.79,10,0.00,3.90,3.92,3.87,3.88,3.90,3.91,3.90,3.92,31.22,43.2,-30,-30,67.0,298,-254,583,373,0,1000,0,0,1,-1,-1,1,-1,-1,-1,-1,-1,-1,0,0,
2026-04-14,21:21:32.490,7.62,99,100,100,0.028,-5.39,64,0,8.07,-0.395,1.117,0.32,64,0,174.47,-26.93,10,0.00,3.90,3.92,3.87,3.88,3.88,3.89,3.90,3.92,31.10,43.5,-30,-30,70.0,333,-240,583,410,0,999,0,0,1,-1,-1,1,-1,-1,-1,-1,-1,-1,0,0,
2026-04-14,21:21:32.750,7.62,99,100,100,-0.012,-5.34,64,0,8.07,-0.374,1.186,0.25,61,0,-170.75,-28.36,10,0.00,3.90,3.92,3.87,3.88,3.88,3.89,3.89,3.90,31.10,43.5,-30,-30,73.7,248,-69,582,0,0,999,0,0,1,-1,-1,1,-1,-1,-1,-1,-1,-1,0,0,
2026-04-14,21:21:33.010,7.62,99,100,100,0.027,-5.31,64,0,8.07,-0.329,0.900,0.07,59,0,-169.20,-28.46,10,0.00,3.90,3.92,3.87,3.88,3.88,3.89,3.89,3.90,31.01,43.5,-30,-30,72.2,46,-118,578,0,0,1000,0,0,1,-1,-1,1,-1,-1,-1,-1,-1,-1,0,0,
2026-04-14,21:21:33.290,7.62,100,100,100,0.118,-5.13,61,0,8.07,-0.373,1.025,0.34,63,0,-168.84,-26.83,10,0.00,3.89,3.90,3.87,3.88,3.88,3.89,3.89,3.90,30.94,42.8,-30,-30,71.3,0,0,578,-200,0,999,0,0,1,-1,-1,1,-1,-1,-1,-1,-1,-1,0,0,
2026-04-14,21:21:33.550,7.62,100,100,100,0.068,-4.53,56,0,8.07,-0.226,0.782,1.23,65,0,-171.26,-25.13,10,0.00,3.89,3.90,3.86,3.86,3.88,3.89,3.89,3.90,30.94,42.8,-30,-30,71.3,21,-138,579,-28,0,999,0,0,1,-1,-1,1,-1,-1,-1,-1,-1,-1,0,0,
2026-04-14,21:21:33.820,7.62,100,100,100,0.020,-3.83,53,0,8.07,-0.268,1.031,1.23,64,0,-171.53,-24.69,10,0.00,3.89,3.90,3.86,3.86,3.87,3.88,3.89,3.90,30.88,42.2,-30,-30,80.0,0,-149,578,-42,0,1000,0,0,1,-1,-1,1,-1,-1,-1,-1,-1,-1,0,0,
2026-04-14,21:21:34.080,7.63,100,100,100,-0.026,-3.31,55,0,8.09,-0.349,1.231,1.37,66,0,-166.99,-27.00,10,0.00,3.89,3.90,3.86,3.86,3.87,3.88,3.88,3.89,30.88,42.2,-30,-30,77.8,0,8,577,-203,0,1000,0,0,1,-1,-1,1,-1,-1,-1,-1,-1,-1,0,0,
2026-04-14,21:21:34.340,7.62,100,100,100,0.051,-2.45,57,0,8.08,-0.288,1.102,2.29,64,0,-164.38,-27.29,10,0.00,3.88,3.89,3.86,3.86,3.87,3.88,3.88,3.89,30.83,42.2,-30,-30,73.5,-79,14,576,-307,0,1000,0,0,1,-1,-1,1,-1,-1,-1,-1,-1,-1,0,0,
2026-04-14,21:21:34.600,7.62,100,100,100,-0.003,-1.73,58,0,8.07,-0.279,0.873,2.54,58,0,-170.59,-25.52,10,0.00,3.88,3.89,3.85,3.85,3.87,3.88,3.88,3.89,30.83,42.2,-30,-30,73.7,-58,-53,576,-217,0,999,0,0,1,-1,-1,1,-1,-1,-1,-1,-1,-1,0,0,
2026-04-14,21:21:34.860,7.63,100,100,100,0.075,-1.13,57,0,8.07,-0.380,1.042,2.17,57,0,-174.44,-26.54,10,0.00,3.88,3.89,3.85,3.85,3.87,3.88,3.88,3.89,30.77,42.3,-30,-30,71.3,-49,-41,575,-251,0,1000,0,0,1,-1,-1,1,-1,-1,-1,-1,-1,-1,0,0,
2026-04-14,21:21:35.130,7.62,100,100,100,0.086,0.02,53,0,8.07,-0.391,0.983,3.11,57,0,-174.84,-26.78,10,0.00,3.88,3.89,3.85,3.85,3.86,3.87,3.88,3.89,30.77,42.3,-30,-30,69.6,-81,7,574,-399,0,999,0,0,1,-1,-1,1,-1,-1,-1,-1,-1,-1,0,0,
2026-04-14,21:21:35.400,7.63,100,100,100,0.051,1.21,50,0,8.07,-0.332,0.833,3.85,49,0,-95.21,-24.12,10,0.00,3.88,3.89,3.85,3.85,3.86,3.87,3.87,3.88,30.72,42.6,-30,-30,67.6,-70,12,574,-269,0,999,0,0,1,-1,-1,1,-1,-1,-1,-1,-1,-1,0,0,
2026-04-14,21:21:35.660,7.63,100,100,100,0.055,2.24,51,0,8.07,-0.367,0.958,3.73,48,0,176.72,-23.42,10,0.00,3.87,3.88,3.85,3.85,3.86,3.87,3.87,3.88,30.72,42.6,-30,-30,67.6,-38,-94,581,-153,0,1000,0,0,1,-1,-1,1,-1,-1,-1,-1,-1,-1,0,0,
2026-04-14,21:21:35.930,7.62,99,100,100,0.112,3.09,53,0,8.07,-0.411,0.944,3.34,49,0,177.08,-22.34,10,0.00,3.87,3.88,3.83,3.84,3.86,3.87,3.87,3.88,30.66,42.7,-30,-30,65.0,0,14,647,0,0,999,0,0,1,-1,-1,1,-1,-1,-1,-1,-1,-1,0,0,
2026-04-14,21:21:36.190,7.62,99,99,99,0.053,4.14,54,0,8.07,-0.381,0.854,3.37,45,0,173.89,-21.18,10,0.00,3.87,3.88,3.83,3.84,3.85,3.86,3.87,3.88,30.66,42.7,-30,-30,67.6,28,13,689,0,0,999,0,0,1,-1,-1,1,-1,-1,-1,-1,-1,-1,0,0,
2026-04-14,21:21:36.460,7.62,99,99,95,0.155,4.95,55,0,8.05,-0.481,1.269,3.21,38,0,171.70,-19.72,10,0.00,3.87,3.88,3.83,3.84,3.85,3.86,3.85,3.86,30.54,50.2,-30,-30,68.7,32,-30,674,132,0,999,0,0,1,-1,-1,1,-1,-1,-1,-1,-1,-1,0,0,
2026-04-14,21:21:36.720,7.63,100,100,95,0.115,5.83,54,0,8.06,-0.253,0.814,2.92,38,0,162.48,-16.73,10,0.00,3.84,3.85,3.83,3.84,3.85,3.86,3.85,3.86,30.54,50.2,-30,-30,77.2,141,-95,656,344,0,999,0,0,1,-1,-1,1,-1,-1,-1,-1,-1,-1,0,0,
2026-04-14,21:21:36.980,7.63,100,100,94,0.075,6.67,54,0,8.07,-0.235,0.728,3.07,40,0,162.48,-16.73,10,0.00,3.84,3.85,3.80,3.81,3.85,3.86,3.85,3.86,30.54,49.1,-30,-30,77.2,191,-84,655,336,0,1000,0,0,1,-1,-1,1,-1,-1,-1,-1,-1,-1,0,0,
2026-04-14,21:21:37.260,7.63,98,98,94,0.058,7.08,51,0,8.04,-0.443,1.535,2.14,43,0,170.68,-23.97,10,0.00,3.84,3.85,3.80,3.81,3.82,3.82,3.85,3.86,30.54,47.5,-30,-30,80.9,275,-105,654,411,0,999,0,0,1,-1,-1,1,-1,-1,-1,-1,-1,-1,0,0,
2026-04-14,21:21:37.520,7.62,96,96,94,0.004,7.85,50,0,8.05,-0.293,0.941,2.29,45,0,174.55,-23.74,10,0.00,3.84,3.85,3.80,3.81,3.82,3.82,3.85,3.86,30.46,47.5,-30,-30,79.5,305,-57,655,196,0,999,0,0,1,-1,-1,1,-1,-1,-1,-1,-1,-1,0,0,
2026-04-14,21:21:37.780,7.63,92,94,94,-0.009,8.43,48,0,8.03,-0.307,1.209,2.25,47,0,-170.60,-22.35,10,0.00,3.84,3.85,3.80,3.81,3.82,3.82,3.83,3.84,30.42,47.0,-30,-30,83.5,129,0,626,0,0,999,0,0,1,-1,-1,1,-1,-1,-1,-1,-1,-1,0,0,
2026-04-14,21:21:38.040,7.63,93,94,94,-0.025,9.16,47,0,8.04,-0.235,0.993,2.25,50,0,-165.48,-22.25,10,0.00,3.83,3.84,3.80,3.81,3.82,3.82,3.83,3.84,30.42,47.0,-30,-30,83.5,41,12,602,0,0,1000,0,0,1,-1,-1,1,-1,-1,-1,-1,-1,-1,0,0,
2026-04-14,21:21:38.300,7.63,94,94,94,-0.020,10.29,49,0,8.06,-0.317,1.157,3.21,52,0,-161.91,-21.54,10,0.00,3.83,3.84,3.79,3.80,3.82,3.82,3.83,3.84,30.40,43.1,-30,-30,84.1,23,13,599,0,0,999,0,0,1,-1,-1,1,-1,-1,-1,-1,-1,-1,0,0,
2026-04-14,21:21:38.570,7.63,98,98,94,-0.008,12.81,51,0,8.09,-0.265,0.768,4.33,52,0,-156.01,-19.66,10,0.00,3.83,3.84,3.79,3.80,3.82,3.82,3.83,3.84,30.40,43.1,-30,-30,77.2,0,145,598,-143,0,1000,0,0,1,-1,-1,1,-1,-1,-1,-1,-1,-1,0,0,
2026-04-14,21:21:38.830,7.63,99,99,94,0.009,13.88,52,0,8.08,-0.283,0.887,3.88,51,0,-154.09,-19.71,10,0.00,3.83,3.84,3.79,3.80,3.82,3.82,3.84,3.84,30.39,43.4,-30,-30,75.4,-51,169,591,-198,0,999,0,0,1,-1,-1,1,-1,-1,-1,-1,-1,-1,0,0,
2026-04-14,21:21:39.100,7.63,100,100,94,0.039,15.10,52,0,8.09,-0.289,0.945,4.10,51,0,-157.94,-18.56,10,0.00,3.83,3.85,3.79,3.80,3.82,3.82,3.84,3.84,30.39,43.4,-30,-30,74.3,-96,232,591,-219,0,999,0,0,1,-1,-1,1,-1,-1,-1,-1,-1,-1,0,0,
2026-04-14,21:21:39.360,7.63,99,99,94,0.057,16.32,52,0,8.11,-0.259,0.870,4.10,55,0,-161.95,-17.89,10,0.00,3.83,3.85,3.80,3.81,3.82,3.82,3.84,3.84,30.38,42.9,-30,-30,74.3,-73,172,590,-62,0,999,0,0,1,-1,-1,1,-1,-1,-1,-1,-1,-1,0,0,
2026-04-14,21:21:39.630,7.63,98,98,94,0.001,17.38,52,0,8.09,-0.223,0.534,3.98,55,0,-165.78,-16.38,10,0.00,3.83,3.85,3.80,3.81,3.82,3.82,3.84,3.84,30.38,42.9,-30,-30,76.7,-54,173,589,-214,0,999,0,0,1,-1,-1,1,-1,-1,-1,-1,-1,-1,0,0,
2026-04-14,21:21:39.890,7.62,96,96,94,0.003,18.12,51,0,8.08,-0.360,1.139,3.19,55,0,-165.18,-16.65,10,0.00,3.83,3.85,3.80,3.81,3.83,3.82,3.84,3.84,30.37,42.7,-30,-30,74.1,-98,164,587,-266,0,999,0,0,1,-1,-1,1,-1,-1,-1,-1,-1,-1,0,0,
2026-04-14,21:21:40.150,7.63,97,97,94,-0.003,19.40,50,0,8.06,-0.276,0.761,3.67,56,0,-165.31,-15.84,10,0.00,3.83,3.85,3.80,3.81,3.83,3.82,3.84,3.84,30.37,42.7,-30,-30,76.1,-82,58,586,-156,0,999,0,0,1,-1,-1,1,-1,-1,-1,-1,-1,-1,0,0,
2026-04-14,21:21:40.420,7.63,96,99,99,0.059,20.23,49,0,8.07,-0.288,0.904,3.56,54,0,-166.25,-14.82,10,0.00,3.83,3.85,3.80,3.81,3.83,3.82,3.84,3.84,30.36,42.5,-30,-30,76.1,-65,21,584,-51,0,1000,0,0,1,-1,-1,1,-1,-1,-1,-1,-1,-1,0,0,
2026-04-14,21:21:40.690,7.63,96,99,99,0.113,21.13,47,0,8.05,-0.373,0.780,3.01,51,0,-173.52,-16.14,10,0.00,3.83,3.85,3.80,3.81,3.83,3.82,3.84,3.84,30.36,42.5,-30,-30,73.0,-45,27,584,-151,0,999,0,0,1,-1,-1,1,-1,-1,-1,-1,-1,-1,0,0,
2026-04-14,21:21:40.950,7.63,95,100,100,0.076,22.13,47,0,8.06,-0.262,0.541,3.36,53,0,-179.01,-15.54,10,0.00,3.83,3.85,3.80,3.81,3.82,3.82,3.84,3.84,30.35,42.5,-30,-30,72.2,-123,29,584,-331,0,1000,0,0,1,-1,-1,1,-1,-1,-1,-1,-1,-1,0,0,
2026-04-14,21:21:41.230,7.63,95,100,100,0.032,23.20,46,0,8.07,-0.300,0.889,1.95,52,0,174.16,-16.50,10,0.00,3.83,3.85,3.80,3.81,3.82,3.82,3.84,3.83,30.35,42.5,-30,-30,71.3,-77,16,584,0,0,1000,0,0,1,-1,-1,1,-1,-1,-1,-1,-1,-1,0,0,
2026-04-14,21:21:41.490,7.63,96,100,100,0.010,23.55,46,0,8.09,-0.361,0.853,1.58,48,0,175.35,-15.82,10,0.00,3.83,3.85,3.80,3.81,3.82,3.82,3.84,3.83,30.33,42.2,-30,-30,71.7,-50,17,585,-31,0,999,0,0,1,-1,-1,1,-1,-1,-1,-1,-1,-1,0,0,
2026-04-14,21:21:41.760,7.62,94,99,99,0.066,24.07,46,0,8.08,-0.330,0.976,1.59,47,0,179.06,-15.88,10,0.00,3.83,3.85,3.79,3.80,3.82,3.82,3.84,3.83,30.33,42.7,-30,-30,72.4,-62,15,584,-156,0,1000,0,0,1,-1,-1,1,-1,-1,-1,-1,-1,-1,0,0,
2026-04-14,21:21:42.030,7.63,89,94,94,0.098,24.70,44,0,8.07,-0.329,0.861,1.91,40,0,173.68,-14.42,10,0.00,3.83,3.85,3.79,3.80,3.82,3.82,3.84,3.83,30.32,42.7,-30,-30,76.3,-78,-79,582,-123,0,1000,0,0,1,-1,-1,1,-1,-1,-1,-1,-1,-1,0,0,
2026-04-14,21:21:42.300,7.63,83,89,89,0.067,25.22,41,0,8.07,-0.293,1.086,1.96,40,0,169.98,-15.02,10,0.00,3.83,3.85,3.79,3.80,3.82,3.82,3.84,3.83,30.32,42.7,-30,-30,75.6,-79,-18,583,-109,0,999,0,0,1,-1,-1,1,-1,-1,-1,-1,-1,-1,0,0,
2026-04-14,21:21:42.560,7.63,79,89,89,0.032,25.54,41,0,8.07,-0.270,1.010,1.55,42,0,166.45,-16.69,10,0.00,3.83,3.85,3.79,3.80,3.82,3.82,3.83,3.83,30.32,42.7,-30,-30,78.3,-122,0,582,-194,0,999,0,0,1,-1,-1,1,-1,-1,-1,-1,-1,-1,0,0,
2026-04-14,21:21:42.820,7.63,83,88,88,0.012,25.74,42,0,8.03,-0.271,1.045,0.92,45,0,166.25,-17.29,10,0.00,3.82,3.85,3.79,3.80,3.82,3.82,3.83,3.83,30.32,41.7,-30,-30,78.3,-317,-163,581,-448,0,999,0,0,1,-1,-1,1,-1,-1,-1,-1,-1,-1,0,0,
2026-04-14,21:21:43.080,7.63,87,88,88,-0.023,26.12,42,0,8.04,-0.217,0.955,1.14,46,0,162.33,-18.43,10,0.00,3.82,3.85,3.79,3.80,3.82,3.82,3.83,3.83,30.32,41.7,-30,-30,77.4,-300,-290,581,-311,0,999,0,0,1,-1,-1,1,-1,-1,-1,-1,-1,-1,0,0,
2026-04-14,21:21:43.350,7.63,91,91,88,0.021,26.43,43,0,8.06,-0.364,1.427,1.04,49,0,157.39,-23.44,10,0.00,3.82,3.85,3.79,3.80,3.82,3.82,3.83,3.83,30.32,41.2,-30,-30,81.7,-287,-290,583,-334,0,999,0,0,1,-1,-1,1,-1,-1,-1,-1,-1,-1,0,0,
2026-04-14,21:21:43.610,7.62,94,94,88,0.038,27.13,43,0,8.06,-0.359,1.342,1.77,50,0,152.38,-24.74,10,0.00,3.82,3.85,3.79,3.80,3.82,3.82,3.84,3.83,30.32,41.2,-30,-30,77.6,-229,-226,584,-333,0,999,0,0,1,-1,-1,1,-1,-1,-1,-1,-1,-1,0,0,
2026-04-14,21:21:43.870,7.62,93,93,88,0.047,27.89,43,0,8.01,-0.312,1.096,2.35,52,0,135.87,-24.10,10,0.00,3.82,3.85,3.79,3.80,3.82,3.82,3.84,3.83,30.31,41.8,-30,-30,75.6,0,-452,582,87,0,1000,0,0,1,-1,-1,1,-1,-1,-1,-1,-1,-1,0,0,
2026-04-14,21:21:44.130,7.63,91,91,88,0.037,28.62,44,0,8.02,-0.386,1.368,2.50,54,0,130.16,-24.03,10,0.00,3.82,3.85,3.80,3.80,3.82,3.82,3.84,3.83,30.31,41.8,-30,-30,74.1,76,-539,583,238,0,999,0,0,1,-1,-1,1,-1,-1,-1,-1,-1,-1,0,0,
2026-04-14,21:21:44.390,7.63,87,88,88,0.028,29.27,45,0,8.03,-0.421,1.444,2.38,55,0,125.96,-25.43,10,0.00,3.82,3.85,3.80,3.80,3.82,3.82,3.84,3.83,30.31,42.3,-30,-30,75.6,123,-550,614,269,0,1000,0,0,1,-1,-1,1,-1,-1,-1,-1,-1,-1,0,0,
2026-04-14,21:21:44.650,7.62,89,89,88,-0.014,29.84,46,0,8.05,-0.477,1.362,2.16,56,0,122.37,-26.07,10,0.00,3.82,3.85,3.80,3.80,3.82,3.81,3.84,3.83,30.31,42.3,-30,-30,75.6,146,-545,605,356,0,999,0,0,1,-1,-1,1,-1,-1,-1,-1,-1,-1,0,0,
2026-04-14,21:21:44.920,7.63,88,88,88,-0.017,30.16,45,0,8.04,-0.517,1.590,1.64,55,0,123.97,-28.02,10,0.00,3.82,3.85,3.80,3.80,3.82,3.81,3.83,3.83,30.27,44.7,-30,-30,73.7,217,-526,597,530,0,999,0,0,1,-1,-1,1,-1,-1,-1,-1,-1,-1,0,0,
2026-04-14,21:21:45.190,7.63,90,90,88,0.041,30.66,43,0,8.06,-0.498,1.547,0.94,58,0,132.28,-27.01,10,0.00,3.82,3.83,3.80,3.80,3.82,3.81,3.83,3.83,30.27,44.7,-30,-30,73.5,217,-637,600,260,0,999,0,0,1,-1,-1,1,-1,-1,-1,-1,-1,-1,0,0,
2026-04-14,21:21:45.470,7.63,91,91,88,0.064,30.97,46,0,8.04,-0.458,1.467,1.16,54,0,130.63,-26.55,10,0.00,3.82,3.83,3.78,3.79,3.82,3.81,3.83,3.83,30.25,43.7,-30,-30,73.0,181,-651,598,351,0,999,0,0,1,-1,-1,1,-1,-1,-1,-1,-1,-1,0,0,
2026-04-14,21:21:45.730,7.62,95,95,89,-0.016,31.05,47,0,8.06,-0.486,1.484,0.64,55,0,121.34,-28.00,10,0.00,3.82,3.83,3.78,3.79,3.81,3.80,3.83,3.83,30.25,43.7,-30,-30,71.7,232,-650,598,501,0,999,0,0,1,-1,-1,1,-1,-1,-1,-1,-1,-1,0,0,
2026-04-14,21:21:45.990,7.63,98,98,94,0.018,31.06,48,0,8.04,-0.523,1.473,0.30,56,0,124.00,-28.86,10,0.00,3.82,3.83,3.78,3.79,3.81,3.80,3.82,3.82,30.23,43.8,-30,-30,68.7,239,-592,600,260,0,999,0,0,1,-1,-1,1,-1,-1,-1,-1,-1,-1,0,0,
2026-04-14,21:21:46.260,7.63,99,99,99,0.005,31.22,50,0,8.06,-0.496,1.333,0.32,54,0,130.29,-30.09,10,0.00,3.81,3.83,3.78,3.79,3.81,3.80,3.82,3.82,30.23,44.1,-30,-30,67.6,245,-480,600,21,0,1000,0,0,1,-1,-1,1,-1,-1,-1,-1,-1,-1,0,0,
2026-04-14,21:21:46.520,7.62,99,99,99,0.013,31.31,51,0,8.06,-0.537,1.409,0.38,54,0,129.05,-30.15,10,0.00,3.81,3.83,3.78,3.79,3.81,3.80,3.82,3.82,30.20,44.1,-30,-30,65.2,234,-486,601,238,0,999,0,0,1,-1,-1,1,-1,-1,-1,-1,-1,-1,0,0,
2026-04-14,21:21:46.780,7.63,100,100,99,-0.006,31.32,51,0,8.07,-0.541,1.343,0.18,50,0,131.03,-29.98,10,0.00,3.81,3.83,3.77,3.79,3.81,3.80,3.82,3.82,30.20,44.6,-30,-30,65.2,238,-292,601,43,0,1000,0,0,1,-1,-1,1,1,-1,-1,-1,-1,-1,0,0,
2026-04-14,21:21:47.050,7.63,100,100,100,0.019,31.35,51,0,8.00,-0.451,1.084,0.15,49,0,139.96,-27.29,10,0.00,3.81,3.83,3.77,3.79,3.80,3.80,3.82,3.82,30.20,44.6,-30,-30,65.2,197,-238,606,0,0,1000,0,0,1,-1,-1,1,1,-1,-1,-1,-1,-1,0,0,
2026-04-14,21:21:47.310,7.63,97,99,99,0.049,31.30,47,0,7.99,-0.272,0.896,-0.07,50,0,140.60,-24.91,10,0.00,3.81,3.83,3.77,3.79,3.80,3.80,3.82,3.81,30.18,44.4,-30,-30,65.2,158,-427,606,0,0,1000,0,0,1,-1,-1,1,1,-1,-1,-1,-1,-1,0,0,
2026-04-14,21:21:47.570,7.63,91,99,99,0.025,31.28,45,0,7.98,-0.469,0.944,-0.06,45,0,142.53,-23.97,10,0.00,3.80,3.82,3.77,3.79,3.80,3.80,3.82,3.81,30.18,44.4,-30,-30,65.0,127,-470,605,203,0,1000,0,0,1,-1,-1,1,1,-1,-1,-1,-1,-1,0,0,
2026-04-14,21:21:47.830,7.63,81,99,99,0.030,31.35,42,0,8.00,-0.566,1.330,0.10,45,0,145.12,-25.76,10,0.00,3.80,3.82,3.77,3.77,3.80,3.80,3.82,3.81,30.15,44.2,-30,-30,70.2,133,-203,604,146,0,1000,0,0,1,-1,-1,1,1,-1,-1,-1,-1,-1,0,0,
2026-04-14,21:21:48.090,7.63,83,97,97,0.002,30.99,45,0,7.99,-0.320,1.094,-0.51,42,0,150.62,-28.13,10,0.00,3.80,3.82,3.77,3.77,3.80,3.79,3.82,3.81,30.15,44.2,-30,-30,70.6,146,-331,604,192,0,1000,0,0,1,-1,-1,1,1,-1,-1,-1,-1,-1,0,0,
2026-04-14,21:21:48.360,7.62,88,97,97,0.008,30.83,49,0,7.98,-0.618,1.385,-0.63,44,0,158.24,-24.62,10,0.00,3.80,3.82,3.77,3.77,3.80,3.79,3.81,3.80,30.14,43.9,-30,-30,75.9,144,-230,603,94,0,999,0,0,1,-1,-1,1,1,-1,-1,-1,-1,-1,0,0,
2026-04-14,21:21:48.620,7.62,98,98,97,0.003,30.90,51,0,7.99,-0.456,0.815,-0.20,51,0,162.90,-22.78,10,0.00,3.80,3.82,3.77,3.77,3.80,3.79,3.81,3.80,30.14,43.9,-30,-30,74.3,133,-210,603,95,0,1000,0,0,1,-1,-1,1,1,-1,-1,-1,-1,-1,0,0,
2026-04-14,21:21:48.880,7.62,95,97,97,-0.082,31.30,49,0,8.00,-0.320,0.579,0.77,56,0,164.29,-21.58,10,0.00,3.80,3.82,3.77,3.77,3.80,3.79,3.81,3.80,30.13,43.9,-30,-30,82.8,128,-170,604,28,0,1000,0,0,1,-1,-1,1,1,-1,-1,-1,-1,-1,0,0,
2026-04-14,21:21:49.150,7.62,92,97,97,-0.003,31.07,48,0,7.98,-0.412,1.323,0.07,60,0,166.53,-23.17,10,0.00,3.80,3.82,3.77,3.77,3.80,3.79,3.81,3.80,30.13,43.9,-30,-30,82.8,136,-187,604,0,0,999,0,0,1,-1,-1,1,1,-1,-1,-1,-1,-1,0,0,
2026-04-14,21:21:49.420,7.62,93,97,97,-0.026,30.77,49,0,8.00,-0.394,1.491,-0.72,60,0,169.78,-24.66,10,0.00,3.80,3.82,3.77,3.77,3.80,3.79,3.81,3.80,30.16,41.2,-30,-30,91.9,99,-160,603,0,0,999,0,0,1,-1,-1,1,1,-1,-1,-1,-1,-1,0,1,
2026-04-14,21:21:49.690,7.63,95,97,97,0.063,30.90,50,0,8.01,-0.287,1.110,-0.15,61,0,171.97,-23.95,10,0.00,3.80,3.82,3.77,3.77,3.80,3.79,3.82,3.81,30.16,41.2,-30,-30,94.8,83,7,602,0,0,999,0,0,1,-1,-1,1,1,-1,-1,-1,-1,-1,0,1,
2026-04-14,21:21:49.950,7.62,97,97,97,0.019,31.18,51,0,7.99,-0.250,0.860,0.56,60,0,173.28,-23.48,10,0.00,3.81,3.83,3.77,3.77,3.80,3.79,3.82,3.81,30.18,40.3,-30,-30,92.2,88,-90,601,93,0,999,0,0,1,-1,-1,1,1,-1,-1,-1,-1,-1,0,1,
2026-04-14,21:21:50.220,7.63,98,98,97,-0.011,31.63,52,0,8.00,-0.318,1.235,1.04,62,0,-158.76,-23.19,10,0.00,3.81,3.83,3.78,3.79,3.80,3.79,3.82,3.81,30.18,40.3,-30,-30,91.3,117,14,561,0,0,999,0,0,1,-1,-1,1,1,-1,-1,-1,-1,-1,0,1,
2026-04-14,21:21:50.480,7.63,99,99,97,0.016,32.37,52,0,8.02,-0.141,0.365,1.92,65,0,-173.96,-22.10,10,0.00,3.81,3.83,3.78,3.79,3.81,3.81,3.82,3.81,30.24,40.0,-30,-30,96.5,109,14,499,0,0,999,0,0,1,-1,-1,1,1,-1,-1,-1,-1,-1,0,1,
2026-04-14,21:21:50.740,7.63,100,100,97,-0.035,32.91,55,0,8.00,-0.190,0.733,2.08,60,0,-169.53,-22.68,10,0.00,3.81,3.83,3.78,3.79,3.81,3.81,3.82,3.81,30.24,32.2,-30,-30,93.0,67,0,455,105,0,1000,0,0,1,-1,-1,1,1,-1,-1,-1,-1,-1,0,1,
2026-04-14,21:21:51.010,7.62,100,100,97,-0.170,34.50,56,0,7.96,-0.250,1.344,2.61,63,0,-162.92,-22.14,10,0.00,3.81,3.83,3.78,3.79,3.81,3.81,3.84,3.83,30.32,32.2,-30,-30,98.9,73,-41,401,24,0,1000,0,0,1,-1,-1,1,1,-1,-1,-1,-1,-1,0,0,
2026-04-14,21:21:51.280,7.62,100,100,97,-0.079,35.71,58,0,7.99,-0.199,1.061,3.61,66,0,-155.82,-19.29,10,0.00,3.83,3.85,3.78,3.79,3.81,3.81,3.84,3.83,30.44,26.2,-30,-30,90.4,45,2,399,0,0,1000,0,0,1,-1,-1,1,1,-1,-1,-1,-1,-1,0,0,
2026-04-14,21:21:51.550,7.62,100,100,98,0.023,36.50,59,0,7.98,-0.185,1.016,3.23,70,0,-150.78,-16.78,10,0.00,3.83,3.85,3.82,3.82,3.81,3.81,3.84,3.83,30.44,26.2,-30,-30,90.4,50,13,398,0,0,999,0,0,1,-1,-1,1,1,-1,-1,-1,-1,-1,0,0,
2026-04-14,21:21:51.810,7.62,100,100,98,0.098,37.01,58,0,7.99,-0.119,0.628,2.39,72,0,-153.84,-15.40,10,0.00,3.83,3.85,3.82,3.82,3.85,3.86,3.84,3.83,30.53,26.9,-30,-30,90.4,50,14,398,0,0,999,0,0,1,-1,-1,1,1,-1,-1,-1,-1,-1,0,0,
2026-04-14,21:21:52.080,7.62,100,100,100,0.077,37.59,56,0,8.00,-0.127,0.746,2.09,73,0,-156.08,-14.02,10,0.00,3.83,3.85,3.82,3.82,3.85,3.86,3.87,3.88,30.53,26.9,-30,-30,89.5,49,9,400,0,0,999,0,0,1,-1,-1,1,1,-1,-1,-1,-1,-1,0,0,
2026-04-14,21:21:52.350,7.62,100,100,100,0.059,38.06,56,0,7.98,-0.141,0.743,1.87,73,0,-156.25,-12.69,10,0.00,3.87,3.89,3.82,3.82,3.85,3.86,3.87,3.88,30.62,27.0,-30,-30,90.0,0,13,372,0,0,1000,0,0,1,-1,-1,1,1,-1,-1,-1,-1,-1,0,0,
2026-04-14,21:21:52.610,7.62,99,100,100,0.053,38.34,57,0,7.99,-0.157,0.724,1.31,72,0,-154.04,-11.70,10,0.00,3.87,3.89,3.85,3.85,3.85,3.86,3.87,3.88,30.62,27.0,-30,-30,87.4,0,-69,343,-54,0,999,0,0,1,-1,-1,1,1,-1,-1,-1,-1,-1,0,0,
2026-04-14,21:21:52.880,7.62,99,100,100,0.026,38.70,55,0,7.98,-0.158,0.904,1.27,67,0,-151.33,-9.85,10,0.00,3.87,3.89,3.85,3.85,3.85,3.86,3.87,3.88,30.71,24.4,-30,-30,86.9,0,-65,344,-54,0,999,0,0,1,-1,-1,1,1,-1,-1,-1,-1,-1,0,0,
2026-04-14,21:21:53.140,7.63,99,100,100,0.033,38.96,54,0,8.01,-0.165,0.951,1.07,62,0,-150.01,-9.28,10,0.00,3.87,3.89,3.85,3.85,3.85,3.86,3.87,3.88,30.71,24.4,-30,-30,86.3,0,-29,351,-93,0,999,0,0,1,-1,-1,1,1,-1,-1,-1,-1,-1,0,0,
2026-04-14,21:21:53.400,7.63,100,100,100,0.033,39.10,54,0,8.02,-0.131,0.648,0.98,54,0,-152.44,-7.59,10,0.00,3.87,3.89,3.85,3.85,3.85,3.86,3.88,3.89,30.78,24.9,-30,-30,85.9,0,-14,349,-54,0,1000,0,0,1,-1,-1,1,1,-1,-1,-1,-1,-1,0,0,
2026-04-14,21:21:53.680,7.63,96,100,100,0.029,38.78,48,0,8.02,-0.178,0.988,-0.63,51,0,-150.78,-6.31,10,0.00,3.88,3.90,3.85,3.85,3.85,3.86,3.88,3.89,30.78,24.9,-30,-30,85.9,0,-23,349,-104,0,999,0,0,1,-1,-1,1,1,-1,-1,-1,-1,-1,0,0,
2026-04-14,21:21:53.950,7.63,89,100,100,0.037,38.50,46,0,8.02,-0.153,0.744,-0.80,55,0,-152.21,-5.46,10,0.00,3.88,3.90,3.86,3.87,3.85,3.86,3.88,3.89,30.84,24.8,-30,-30,87.4,-131,-115,347,-506,0,999,0,0,1,-1,-1,1,1,-1,-1,-1,-1,-1,0,0,
2026-04-14,21:21:54.210,7.63,89,100,100,0.012,37.78,47,0,8.00,-0.230,1.299,-1.74,56,0,-154.64,-6.32,10,0.00,3.88,3.90,3.86,3.87,3.88,3.89,3.88,3.89,30.84,24.8,-30,-30,90.2,-266,-132,348,-627,0,999,0,0,1,-1,-1,1,1,-1,-1,-1,-1,-1,0,0,
2026-04-14,21:21:54.480,7.63,91,100,100,0.014,37.20,46,0,7.95,-0.145,0.921,-1.95,54,0,-160.34,-6.46,10,0.00,3.88,3.90,3.86,3.87,3.88,3.89,3.89,3.90,30.89,24.2,-30,-30,87.4,-435,-179,350,-644,0,999,0,0,1,-1,-1,1,1,-1,-1,-1,-1,-1,0,0,
2026-04-14,21:21:54.740,7.62,97,100,100,0.014,36.31,44,0,7.95,-0.158,0.998,-2.50,51,0,-178.06,-8.04,10,0.00,3.89,3.91,3.86,3.87,3.88,3.89,3.89,3.90,30.89,24.2,-30,-30,89.6,-517,-238,351,-655,0,1000,0,0,1,-1,-1,1,1,-1,-1,-1,-1,-1,0,0,
2026-04-14,21:21:55.010,7.62,96,100,100,0.074,35.45,45,0,7.96,-0.229,1.235,-2.97,49,0,165.64,-11.34,10,0.00,3.89,3.91,3.87,3.88,3.88,3.89,3.89,3.90,30.92,24.2,-30,-30,88.3,-525,-344,352,-562,0,999,0,0,1,-1,-1,1,1,-1,-1,-1,-1,-1,0,0,
2026-04-14,21:21:55.270,7.62,97,100,100,0.074,34.81,45,0,7.97,-0.291,1.551,-2.55,49,0,153.17,-12.68,10,0.00,3.89,3.91,3.87,3.88,3.88,3.89,3.89,3.90,30.92,25.7,-30,-30,89.6,-511,-391,392,-465,0,1000,0,0,1,-1,-1,1,1,-1,-1,-1,-1,-1,0,0,
2026-04-14,21:21:55.530,7.62,97,100,100,-0.011,34.18,44,0,7.94,-0.235,1.260,-2.26,50,0,132.74,-12.39,10,0.00,3.89,3.91,3.87,3.88,3.88,3.89,3.89,3.90,30.93,25.7,-30,-30,88.5,-273,-515,402,-66,0,999,0,0,1,-1,-1,1,1,-1,-1,-1,-1,-1,0,0,
2026-04-14,21:21:55.790,7.62,91,100,100,-0.023,33.53,43,0,7.96,-0.311,1.575,-2.30,48,0,129.94,-12.47,10,0.00,3.89,3.91,3.87,3.88,3.88,3.89,3.90,3.90,30.89,29.1,-30,-30,87.8,-254,-536,480,-47,0,999,0,0,1,-1,-1,1,1,-1,-1,-1,-1,-1,0,0,
2026-04-14,21:21:56.050,7.62,88,97,97,0.046,33.07,41,0,7.94,-0.367,1.893,-1.89,42,0,126.44,-11.78,10,0.00,3.89,3.90,3.87,3.88,3.88,3.89,3.90,3.90,30.89,29.1,-30,-30,86.9,-241,-466,480,-108,0,999,0,0,1,-1,-1,1,1,-1,-1,-1,-1,-1,0,0,
2026-04-14,21:21:56.320,7.62,88,97,97,0.020,32.60,43,0,7.95,-0.380,1.515,-1.67,43,0,115.14,-9.07,10,0.00,3.89,3.90,3.86,3.86,3.88,3.89,3.90,3.90,30.84,33.3,-30,-30,86.9,-214,-511,478,0,0,999,0,0,1,-1,-1,1,1,-1,-1,-1,-1,-1,0,0,
2026-04-14,21:21:56.580,7.62,94,96,95,0.029,31.87,46,0,7.90,-0.395,1.740,-1.32,45,0,109.61,-7.15,10,0.00,3.89,3.90,3.86,3.86,3.86,3.88,3.90,3.90,30.84,33.3,-30,-30,87.2,0,-529,481,238,0,1000,0,0,1,-1,-1,1,1,-1,-1,-1,-1,-1,0,0,
2026-04-14,21:21:56.850,7.63,96,96,95,-0.019,31.50,45,0,7.93,-0.430,1.718,-1.20,49,0,112.08,-5.09,10,0.00,3.89,3.90,3.86,3.86,3.86,3.88,3.87,3.88,30.79,33.4,-30,-30,89.5,8,-542,506,311,0,999,0,0,1,-1,-1,1,1,-1,-1,-1,-1,-1,0,0,
2026-04-14,21:21:57.120,7.63,96,96,95,0.012,31.13,46,0,7.95,-0.475,1.982,-1.26,52,0,116.18,-4.41,10,0.00,3.86,3.88,3.86,3.86,3.86,3.88,3.87,3.88,30.79,33.4,-30,-30,91.7,0,-558,514,222,0,999,0,0,1,-1,-1,1,1,-1,-1,-1,-1,-1,0,0,
2026-04-14,21:21:57.380,7.62,97,97,95,-0.042,30.59,47,0,7.96,-0.417,1.987,-1.51,56,0,119.56,-3.82,10,0.00,3.86,3.88,3.84,3.84,3.86,3.88,3.87,3.88,30.76,34.4,-30,-30,96.3,0,-540,514,119,0,999,0,0,1,-1,-1,1,1,-1,-1,-1,-1,-1,0,0,
2026-04-14,21:21:57.650,7.62,100,100,94,-0.039,29.94,48,0,7.97,-0.438,2.022,-2.07,49,0,122.92,-5.36,10,0.00,3.86,3.88,3.84,3.84,3.86,3.88,3.87,3.88,30.76,34.4,-30,-30,94.6,0,-525,513,101,0,999,0,0,1,-1,-1,1,1,-1,-1,-1,-1,-1,0,0,
2026-04-14,21:21:57.920,7.63,100,100,91,-0.032,29.63,49,0,7.97,-0.460,2.062,-1.57,45,0,125.15,-5.86,10,0.00,3.86,3.88,3.84,3.84,3.85,3.86,3.87,3.88,30.72,34.0,-30,-30,95.9,0,-536,512,36,0,999,0,0,1,-1,-1,1,1,-1,-1,-1,-1,-1,0,0,
2026-04-14,21:21:58.180,7.62,100,100,91,-0.011,29.48,48,0,7.97,-0.399,1.766,-0.93,47,0,126.58,-6.67,10,0.00,3.86,3.88,3.84,3.84,3.85,3.86,3.86,3.86,30.72,34.0,-30,-30,94.8,0,-534,512,0,0,999,0,0,1,-1,-1,1,1,-1,-1,-1,-1,-1,0,0,
2026-04-14,21:21:58.440,7.63,99,99,91,-0.049,29.35,47,0,7.97,-0.359,1.618,-0.59,45,0,126.46,-8.15,10,0.00,3.85,3.87,3.84,3.84,3.85,3.86,3.86,3.86,30.69,34.3,-30,-30,94.8,0,-467,513,0,0,999,0,0,1,-1,-1,1,1,-1,-1,-1,-1,-1,0,0,
2026-04-14,21:21:58.700,7.62,99,99,91,-0.079,29.36,46,0,7.97,-0.440,1.793,-0.31,44,0,130.07,-11.83,10,0.00,3.85,3.87,3.83,3.84,3.85,3.86,3.86,3.86,30.69,34.3,-30,-30,92.8,0,-441,513,0,0,999,0,0,1,-1,-1,1,1,-1,-1,-1,-1,-1,0,0,
2026-04-14,21:21:58.960,7.63,99,99,91,-0.042,29.64,47,0,7.97,-0.395,1.699,-0.31,46,0,133.42,-12.57,10,0.00,3.85,3.87,3.83,3.84,3.85,3.85,3.86,3.86,30.66,34.4,-30,-30,94.1,0,-396,513,0,0,999,0,0,1,-1,-1,1,1,-1,-1,-1,-1,-1,0,0,
2026-04-14,21:21:59.220,7.62,100,100,91,-0.016,30.45,47,0,7.98,-0.416,1.669,1.24,48,0,137.85,-13.80,10,0.00,3.85,3.87,3.83,3.84,3.85,3.85,3.85,3.85,30.66,34.4,-30,-30,92.6,0,-282,512,-104,0,999,0,0,1,-1,-1,1,1,-1,-1,-1,-1,-1,0,0,
2026-04-14,21:21:59.490,7.63,100,100,91,0.014,30.45,48,0,7.98,-0.296,1.101,2.00,48,0,136.05,-12.57,10,0.00,3.85,3.86,3.83,3.84,3.85,3.85,3.85,3.85,30.64,34.7,-30,-30,88.0,0,-282,513,-157,0,999,0,0,1,-1,-1,1,1,-1,-1,-1,-1,-1,0,0,
2026-04-14,21:21:59.760,7.62,100,100,91,-0.023,31.83,48,0,7.97,-0.358,1.318,2.23,46,0,135.77,-12.47,10,0.00,3.85,3.86,3.82,3.83,3.85,3.85,3.85,3.85,30.64,35.4,-30,-30,87.4,0,-295,512,-176,0,999,0,0,1,-1,-1,1,1,-1,-1,-1,-1,-1,0,0,
2026-04-14,21:22:00.030,7.63,100,100,94,-0.045,32.56,49,0,7.97,-0.327,1.178,2.37,48,0,135.80,-13.59,10,0.00,3.85,3.86,3.82,3.83,3.85,3.85,3.85,3.85,30.62,35.4,-30,-30,87.2,0,-333,512,-191,0,999,0,0,1,-1,-1,1,1,-1,-1,-1,-1,-1,0,0,
2026-04-14,21:22:00.290,7.63,100,100,94,-0.055,33.43,49,0,7.97,-0.295,1.125,2.69,51,0,135.95,-14.63,10,0.00,3.85,3.86,3.82,3.83,3.84,3.84,3.85,3.85,30.59,34.9,-30,-30,90.4,0,-316,512,-281,0,999,0,0,1,-1,-1,1,1,-1,-1,-1,-1,-1,0,0,
2026-04-14,21:22:00.560,7.63,100,100,96,-0.061,34.39,49,0,7.97,-0.369,1.458,3.10,52,0,144.14,-15.97,10,0.00,3.85,3.86,3.82,3.83,3.84,3.84,3.85,3.84,30.59,34.9,-30,-30,90.4,0,-330,511,-294,0,1000,0,0,1,-1,-1,1,1,-1,-1,-1,-1,-1,0,0,
2026-04-14,21:22:00.820,7.63,100,100,96,-0.046,35.21,49,0,7.97,-0.316,1.280,3.08,51,0,148.20,-15.45,10,0.00,3.84,3.86,3.82,3.83,3.84,3.84,3.85,3.84,30.57,34.9,-30,-30,92.8,0,-289,510,-443,0,1000,0,0,1,-1,-1,1,1,-1,-1,-1,-1,-1,0,0,
2026-04-14,21:22:01.090,7.63,100,100,96,-0.040,35.71,49,0,8.00,-0.326,1.242,2.34,48,0,146.51,-16.78,10,0.00,3.84,3.86,3.82,3.82,3.84,3.84,3.85,3.84,30.57,34.9,-30,-30,89.6,0,-251,509,-520,0,999,0,0,1,-1,-1,1,1,-1,-1,-1,-1,-1,0,0,
2026-04-14,21:22:01.350,7.63,100,100,96,-0.057,36.40,47,0,7.98,-0.314,1.154,2.15,44,0,138.32,-18.20,10,0.00,3.84,3.86,3.82,3.82,3.84,3.83,3.85,3.84,30.54,35.2,-30,-30,86.5,0,-269,509,-391,0,1000,0,0,1,-1,-1,1,1,-1,-1,-1,-1,-1,0,0,
2026-04-14,21:22:01.620,7.62,95,97,96,-0.094,37.31,43,0,7.98,-0.378,1.104,2.70,41,0,135.66,-18.85,10,0.00,3.84,3.86,3.82,3.82,3.84,3.83,3.85,3.84,30.54,35.2,-30,-30,87.0,0,-267,509,-368,0,999,0,0,1,-1,-1,1,1,-1,-1,-1,-1,-1,0,0,
2026-04-14,21:22:01.890,7.63,82,96,96,-0.064,38.52,40,0,7.97,-0.398,1.266,3.61,39,0,142.34,-18.96,10,0.00,3.84,3.85,3.82,3.82,3.84,3.83,3.85,3.84,30.52,36.0,-30,-30,83.5,0,-195,499,-213,0,999,0,0,1,-1,-1,1,1,-1,-1,-1,-1,-1,0,0,
2026-04-14,21:22:02.170,7.63,69,91,91,-0.075,40.53,36,0,7.97,-0.345,1.092,3.63,40,0,147.09,-17.28,10,0.00,3.84,3.85,3.81,3.82,3.84,3.83,3.85,3.84,30.52,36.0,-30,-30,84.1,0,-159,497,-293,0,999,0,0,1,-1,-1,1,1,-1,-1,-1,-1,-1,0,0,
2026-04-14,21:22:02.430,7.63,71,91,91,-0.056,41.28,36,0,8.02,-0.294,0.957,3.20,43,0,150.20,-16.22,10,0.00,3.84,3.85,3.81,3.82,3.84,3.83,3.85,3.84,30.50,35.3,-30,-30,84.5,0,-106,497,-300,0,1000,0,0,1,-1,-1,1,1,-1,-1,-1,-1,-1,0,0,
2026-04-14,21:22:02.700,7.63,83,91,91,0.000,41.52,38,0,7.99,-0.328,1.037,1.75,44,0,151.71,-15.84,10,0.00,3.84,3.85,3.81,3.82,3.83,3.82,3.85,3.84,30.50,35.3,-30,-30,81.9,0,-45,497,-166,0,999,0,0,1,-1,-1,1,1,-1,-1,-1,-1,-1,0,0,
2026-04-14,21:22:02.980,7.63,95,95,91,-0.044,42.01,40,0,7.98,-0.282,0.722,1.59,44,0,152.67,-15.07,10,0.00,3.84,3.85,3.81,3.82,3.83,3.82,3.85,3.84,30.48,35.2,-30,-30,80.7,0,10,496,-243,0,1000,0,0,1,-1,-1,1,1,-1,-1,-1,-1,-1,0,0,
2026-04-14,21:22:03.240,7.63,98,98,91,0.045,42.53,41,0,7.97,-0.333,0.854,1.77,43,0,153.08,-14.50,10,0.00,3.83,3.85,3.81,3.82,3.83,3.82,3.85,3.84,30.48,35.2,-30,-30,80.7,0,15,496,-218,0,999,0,0,1,-1,-1,1,1,-1,-1,-1,-1,-1,0,0,
2026-04-14,21:22:03.500,7.62,100,100,90,-0.067,42.53,42,0,8.00,-0.233,0.737,1.53,39,0,151.02,-12.26,10,0.00,3.83,3.85,3.81,3.82,3.83,3.82,3.85,3.84,30.47,35.7,-30,-30,79.3,0,14,497,-9,0,999,0,0,1,-1,-1,1,1,-1,-1,-1,-1,-1,0,0,
2026-04-14,21:22:03.760,7.62,98,98,83,-0.066,42.95,43,0,7.99,-0.196,0.630,0.83,34,0,152.26,-11.64,10,0.00,3.83,3.85,3.81,3.82,3.83,3.83,3.85,3.84,30.47,35.7,-30,-30,79.3,0,-88,496,60,0,999,0,0,1,-1,-1,1,1,-1,-1,-1,-1,-1,0,0,
2026-04-14,21:22:04.020,7.62,96,96,80,0.028,42.49,43,0,7.98,-0.261,0.989,-0.45,36,0,153.68,-11.05,10,0.00,3.83,3.85,3.81,3.82,3.83,3.83,3.84,3.83,30.48,35.7,-30,-30,90.7,0,-234,497,248,0,999,0,0,1,-1,-1,1,1,-1,-1,-1,-1,-1,0,0,
2026-04-14,21:22:04.290,7.63,95,95,79,-0.020,42.21,44,0,7.97,-0.292,1.242,-1.09,42,0,158.12,-12.59,10,0.00,3.83,3.85,3.81,3.82,3.83,3.83,3.84,3.83,30.49,34.4,-30,-30,87.2,152,-147,498,467,0,999,0,0,1,-1,-1,1,1,-1,-1,-1,-1,-1,0,0,
2026-04-14,21:22:04.570,7.63,97,97,79,-0.018,42.02,45,0,8.00,-0.220,1.200,-0.71,47,0,170.93,-12.26,10,0.00,3.83,3.85,3.81,3.82,3.83,3.83,3.84,3.83,30.49,34.4,-30,-30,96.9,140,-55,497,309,0,999,0,0,1,-1,-1,1,1,-1,-1,-1,-1,-1,0,0,
2026-04-14,21:22:04.830,7.62,99,99,79,0.038,41.29,45,0,7.98,-0.145,0.968,-1.62,48,0,179.47,-12.64,10,0.00,3.83,3.85,3.81,3.82,3.83,3.83,3.84,3.83,30.51,31.8,-30,-30,98.2,54,7,499,56,0,999,0,0,1,-1,-1,1,1,-1,-1,-1,-1,-1,0,0,
2026-04-14,21:22:05.100,7.62,99,99,79,-0.082,40.42,44,0,7.97,-0.146,1.189,-2.54,51,0,-174.80,-12.36,10,0.00,3.83,3.85,3.81,3.82,3.83,3.83,3.84,3.83,30.51,31.8,-30,-30,100.4,93,14,498,128,0,999,0,0,1,-1,-1,1,1,-1,-1,-1,-1,-1,0,0,
2026-04-14,21:22:05.370,7.63,97,97,79,-0.098,39.49,44,0,8.00,-0.164,0.853,-1.69,51,0,-169.16,-10.36,10,0.00,3.83,3.85,3.81,3.82,3.83,3.83,3.85,3.84,30.52,31.4,-30,-30,99.5,83,15,499,0,0,1000,0,0,1,-1,-1,1,1,-1,-1,-1,-1,-1,0,0,
2026-04-14,21:22:05.630,7.63,95,95,79,-0.090,39.17,44,0,7.98,-0.233,1.136,-1.47,50,0,-164.61,-10.45,10,0.00,3.83,3.85,3.81,3.82,3.83,3.83,3.85,3.84,30.52,31.4,-30,-30,99.5,0,16,500,0,0,999,0,0,1,-1,-1,1,1,-1,-1,-1,-1,-1,0,0,
2026-04-14,21:22:05.900,7.62,88,88,84,0.000,38.59,44,0,8.00,-0.100,0.444,-1.48,52,0,-158.86,-9.30,10,0.00,3.83,3.85,3.82,3.82,3.83,3.83,3.85,3.84,30.53,31.7,-30,-30,98.2,0,14,500,0,0,999,0,0,1,-1,-1,1,1,-1,-1,-1,-1,-1,0,0,
2026-04-14,21:22:06.160,7.63,84,88,88,-0.053,37.88,44,0,7.98,-0.155,0.906,-2.30,52,0,-152.81,-11.21,10,0.00,3.83,3.85,3.82,3.82,3.84,3.84,3.85,3.84,30.53,31.7,-30,-30,98.7,-78,16,497,-245,0,1000,0,0,1,-1,-1,1,1,-1,-1,-1,-1,-1,0,0,
2026-04-14,21:22:06.430,7.63,82,88,88,0.007,37.16,45,0,7.98,-0.106,0.804,-2.29,49,0,-150.26,-11.33,10,0.00,3.83,3.85,3.82,3.82,3.84,3.84,3.85,3.84,30.55,31.3,-30,-30,101.7,-125,16,494,-375,0,999,0,0,1,-1,-1,1,1,-1,-1,-1,-1,-1,0,0,
2026-04-14,21:22:06.700,7.63,85,88,88,0.111,36.50,45,0,7.97,-0.212,1.132,-2.42,52,0,-159.91,-11.01,10,0.00,3.84,3.86,3.82,3.82,3.84,3.84,3.85,3.84,30.55,31.3,-30,-30,96.9,-139,16,491,-409,0,999,0,0,1,-1,-1,1,1,-1,-1,-1,-1,-1,0,0,
2026-04-14,21:22:06.960,7.63,89,89,88,-0.055,36.49,44,0,7.97,-0.229,1.080,-1.20,53,0,-177.44,-7.67,10,0.00,3.84,3.86,3.82,3.82,3.84,3.84,3.85,3.84,30.55,31.4,-30,-30,90.9,-113,15,491,-373,0,999,0,0,1,-1,-1,1,1,-1,-1,-1,-1,-1,0,0,
2026-04-14,21:22:07.220,7.63,91,91,88,-0.055,36.35,43,0,7.97,-0.131,0.684,-1.20,52,0,168.01,-5.43,10,0.00,3.84,3.86,3.82,3.83,3.84,3.84,3.85,3.84,30.55,31.4,-30,-30,96.9,0,15,493,0,0,999,0,0,1,-1,-1,1,1,-1,-1,-1,-1,-1,0,0,
2026-04-14,21:22:07.490,7.62,92,92,89,-0.025,35.62,43,0,7.97,-0.089,0.587,-1.43,52,0,-176.52,-5.02,10,0.00,3.84,3.86,3.82,3.83,3.84,3.83,3.85,3.84,30.56,32.1,-30,-30,99.8,0,15,493,0,0,1000,0,0,1,-1,-1,1,1,-1,-1,-1,-1,-1,0,0,
2026-04-14,21:22:07.750,7.62,85,95,95,0.104,34.41,42,0,7.97,-0.183,1.066,-3.12,55,0,-178.35,-5.44,10,0.00,3.84,3.86,3.82,3.83,3.84,3.83,3.85,3.84,30.56,32.1,-30,-30,99.8,0,15,493,0,0,999,0,0,1,-1,-1,1,1,-1,-1,-1,-1,-1,0,0,
2026-04-14,21:22:08.010,7.62,77,99,99,-0.001,33.56,41,0,7.97,-0.002,0.738,-3.29,54,0,-142.31,-5.84,10,0.00,3.84,3.86,3.82,3.83,3.84,3.83,3.85,3.84,30.59,30.3,-30,-30,110.9,0,14,495,0,0,1000,0,0,1,-1,-1,1,1,-1,-1,-1,-1,-1,0,0,
2026-04-14,21:22:08.270,7.63,73,100,100,-0.054,33.56,42,0,7.97,-0.042,0.962,-3.56,55,0,-177.12,-6.91,10,0.00,3.84,3.86,3.82,3.83,3.84,3.83,3.85,3.84,30.59,27.5,-30,-30,108.9,65,-32,495,203,0,1000,0,0,1,-1,-1,1,1,-1,-1,-1,-1,-1,0,0,
2026-04-14,21:22:08.540,7.63,77,100,100,-0.003,30.33,44,0,7.97,-0.036,1.168,-3.58,56,0,-172.12,-6.51,10,0.00,3.84,3.86,3.82,3.83,3.85,3.85,3.85,3.84,30.63,27.5,-30,-30,111.7,68,-66,495,136,0,999,0,0,1,-1,-1,1,1,-1,-1,-1,-1,-1,0,0,
2026-04-14,21:22:08.800,7.62,84,100,100,-0.106,29.33,45,0,7.97,-0.094,1.215,-3.43,57,0,-166.86,-5.93,10,0.00,3.84,3.86,3.82,3.83,3.85,3.85,3.86,3.85,30.63,26.6,-30,-30,112.2,39,5,494,0,0,1000,0,0,1,-1,-1,1,1,-1,-1,-1,-1,-1,0,0,
2026-04-14,21:22:09.060,7.62,90,100,100,-0.052,28.69,47,0,7.97,-0.074,1.041,-2.85,52,0,-162.18,-5.80,10,0.00,3.85,3.87,3.82,3.83,3.85,3.85,3.86,3.85,30.65,26.6,-30,-30,110.2,0,13,493,0,0,999,0,0,1,-1,-1,1,1,-1,-1,-1,-1,-1,0,0,
2026-04-14,21:22:09.320,7.62,96,100,100,-0.018,27.88,47,0,7.99,-0.070,1.087,-2.67,54,0,-159.07,-4.91,10,0.00,3.85,3.87,3.82,3.83,3.85,3.85,3.86,3.85,30.68,27.0,-30,-30,110.7,0,14,494,0,0,999,0,0,1,-1,-1,1,1,-1,-1,-1,-1,-1,0,0,
2026-04-14,21:22:09.580,7.62,98,100,100,0.006,27.14,48,0,7.98,-0.042,0.934,-2.67,54,0,-159.10,-5.11,10,0.00,3.85,3.87,3.84,3.84,3.85,3.85,3.86,3.85,30.68,27.0,-30,-30,110.0,0,14,493,0,0,999,0,0,1,-1,-1,1,1,-1,-1,-1,-1,-1,0,0,
2026-04-14,21:22:09.840,7.62,100,100,100,-0.008,26.45,48,0,7.97,-0.069,1.062,-2.51,50,0,-156.38,-5.27,10,0.00,3.85,3.87,3.84,3.84,3.85,3.86,3.86,3.85,30.68,27.5,-30,-30,110.0,-125,-77,492,-301,0,999,0,0,1,-1,-1,1,1,-1,-1,-1,-1,-1,0,0,
2026-04-14,21:22:10.110,7.62,98,100,100,0.011,25.80,49,0,7.96,-0.081,1.182,-2.42,53,0,-158.47,-5.61,10,0.00,3.85,3.87,3.84,3.84,3.85,3.86,3.86,3.86,30.68,27.5,-30,-30,110.6,-155,-7,492,-372,0,999,0,0,1,-1,-1,1,1,-1,-1,-1,-1,-1,0,0,
2026-04-14,21:22:10.380,7.63,94,100,100,-0.008,25.27,50,0,7.96,-0.004,0.884,-2.08,53,0,-167.22,-5.17,10,0.00,3.86,3.87,3.84,3.84,3.85,3.86,3.86,3.86,30.71,26.2,-30,-30,113.7,-137,-4,492,-348,0,1000,0,0,1,-1,-1,1,1,-1,-1,-1,-1,-1,0,0,
2026-04-14,21:22:10.640,7.62,94,99,99,-0.077,24.29,49,0,7.97,-0.101,0.957,-2.57,54,0,-174.18,-5.53,10,0.00,3.86,3.87,3.84,3.85,3.85,3.86,3.86,3.86,30.71,26.2,-30,-30,111.9,-165,0,493,-386,0,999,0,0,1,-1,-1,1,1,-1,-1,-1,-1,-1,0,0,
2026-04-14,21:22:10.910,7.62,96,99,99,0.013,23.39,48,0,7.97,-0.133,0.974,-3.13,56,0,-178.62,-6.88,10,0.00,3.86,3.87,3.84,3.85,3.85,3.86,3.86,3.86,30.69,28.5,-30,-30,103.0,-100,12,493,-197,0,999,0,0,1,-1,-1,1,1,-1,-1,-1,-1,-1,0,0,
2026-04-14,21:22:11.190,7.62,99,99,99,0.104,22.30,47,0,7.97,-0.078,1.015,-1.89,59,0,177.75,-6.37,10,0.00,3.86,3.87,3.84,3.85,3.85,3.86,3.86,3.86,30.69,28.5,-30,-30,102.2,-31,15,493,0,0,1000,0,0,1,-1,-1,1,1,-1,-1,-1,-1,-1,0,0,
2026-04-14,21:22:11.450,7.63,96,99,99,0.108,21.85,47,0,7.98,-0.129,1.014,-1.65,60,0,175.49,-5.20,10,0.00,3.85,3.87,3.84,3.85,3.85,3.86,3.86,3.86,30.68,28.6,-30,-30,99.6,0,0,494,0,0,999,0,0,1,-1,-1,1,1,-1,-1,-1,-1,-1,0,0,
2026-04-14,21:22:11.710,7.62,91,99,99,0.062,21.43,47,0,7.97,-0.119,0.927,-1.46,60,0,173.78,-4.09,10,0.00,3.85,3.87,3.84,3.85,3.85,3.86,3.86,3.86,30.68,28.6,-30,-30,108.2,0,-134,496,136,0,999,0,0,1,-1,-1,1,1,-1,-1,-1,-1,-1,0,0,
2026-04-14,21:22:11.990,7.62,90,99,99,-0.087,20.58,47,0,7.97,-0.262,1.605,-2.16,61,0,177.79,-5.60,10,0.00,3.85,3.87,3.83,3.84,3.85,3.86,3.86,3.86,30.67,29.6,-30,-30,102.6,0,-71,496,0,0,999,0,0,1,-1,-1,1,1,-1,-1,-1,-1,-1,0,0,
2026-04-14,21:22:12.270,7.63,91,99,99,-0.094,19.90,47,0,7.97,-0.091,0.681,-2.42,60,0,-163.48,-4.53,10,0.00,3.85,3.87,3.83,3.84,3.85,3.85,3.86,3.86,30.67,30.5,-30,-30,102.6,0,8,495,0,0,999,0,0,1,-1,-1,1,1,-1,-1,-1,-1,-1,0,0,
2026-04-14,21:22:12.530,7.63,96,99,99,-0.005,19.04,46,0,7.97,-0.098,0.919,-2.69,58,0,-172.48,-4.24,10,0.00,3.85,3.87,3.83,3.84,3.85,3.85,3.85,3.85,30.65,30.5,-30,-30,105.4,-12,0,495,-24,0,1000,0,0,1,-1,-1,1,1,-1,-1,-1,-1,-1,0,0,
2026-04-14,21:22:12.790,7.62,96,99,99,-0.034,18.37,45,0,7.97,-0.051,0.877,-2.58,61,0,-168.96,-4.90,10,0.00,3.84,3.86,3.83,3.84,3.85,3.85,3.85,3.85,30.64,28.1,-30,-30,107.8,-63,0,494,-70,0,999,0,0,1,-1,-1,1,1,-1,-1,-1,-1,-1,0,0,
2026-04-14,21:22:13.050,7.62,98,99,99,0.003,17.78,45,0,7.97,-0.097,0.934,-2.29,62,0,-168.48,-5.34,10,0.00,3.84,3.86,3.83,3.84,3.85,3.85,3.85,3.85,30.64,28.1,-30,-30,104.8,-76,9,493,-133,0,999,0,0,1,-1,-1,1,1,-1,-1,-1,-1,-1,0,0,
2026-04-14,21:22:13.320,7.63,99,99,99,0.013,17.38,47,0,7.97,-0.106,0.985,-1.77,62,0,-169.79,-4.57,10,0.00,3.84,3.86,3.83,3.84,3.84,3.84,3.85,3.85,30.64,29.4,-30,-30,103.9,-75,11,493,-143,0,999,0,0,1,-1,-1,1,1,-1,-1,-1,-1,-1,0,0,
2026-04-14,21:22:13.580,7.62,99,99,99,0.013,16.96,48,0,7.97,-0.063,0.737,-1.49,65,0,-170.21,-4.75,10,0.00,3.84,3.86,3.83,3.84,3.84,3.84,3.85,3.85,30.64,29.4,-30,-30,104.8,-74,0,493,-150,0,999,0,0,1,-1,-1,1,1,-1,-1,-1,-1,-1,0,0,
2026-04-14,21:22:13.850,7.63,99,99,99,0.044,16.02,50,0,7.97,-0.092,1.054,-1.56,67,0,-172.81,-5.03,10,0.00,3.84,3.86,3.83,3.84,3.84,3.84,3.85,3.85,30.63,29.0,-30,-30,108.7,-72,-6,493,-159,0,1000,0,0,1,-1,-1,1,1,-1,-1,-1,-1,-1,0,0,
2026-04-14,21:22:14.110,7.62,98,99,99,0.031,15.53,51,0,7.97,-0.120,1.155,-1.55,65,0,-173.82,-5.22,10,0.00,3.84,3.86,3.83,3.84,3.84,3.84,3.85,3.85,30.63,29.0,-30,-30,106.5,-76,-42,494,-277,0,999,0,0,1,-1,-1,1,1,-1,-1,-1,-1,-1,0,0,
2026-04-14,21:22:14.380,7.63,97,99,99,0.000,14.96,52,0,7.97,-0.117,0.940,-1.77,65,0,-177.52,-5.25,10,0.00,3.84,3.86,3.83,3.83,3.84,3.84,3.85,3.85,30.62,29.2,-30,-30,103.2,-98,-39,504,-293,0,999,0,0,1,-1,-1,1,1,-1,-1,-1,-1,-1,0,0,
2026-04-14,21:22:14.640,7.63,98,100,100,-0.065,14.54,53,0,7.97,-0.185,1.305,-1.65,67,0,176.69,-5.51,10,0.00,3.84,3.86,3.83,3.83,3.84,3.84,3.85,3.85,30.62,29.2,-30,-30,103.2,-77,-38,531,-110,0,1000,0,0,1,-1,-1,1,1,-1,-1,-1,-1,-1,0,0,
2026-04-14,21:22:14.910,7.63,99,100,100,-0.067,14.24,53,0,7.96,-0.279,1.333,-1.38,65,0,60.56,-5.07,10,0.00,3.84,3.86,3.83,3.83,3.84,3.84,3.85,3.84,30.57,32.5,-30,-30,102.2,-61,-39,535,-43,0,1000,0,0,1,-1,-1,1,1,-1,-1,-1,-1,-1,0,0,
2026-04-14,21:22:15.180,7.63,100,100,99,0.040,13.76,52,0,7.96,-0.138,0.729,-1.36,63,0,-176.30,-3.70,10,0.00,3.84,3.85,3.83,3.83,3.84,3.84,3.85,3.84,30.57,32.5,-30,-30,102.2,-60,-30,540,-129,0,999,0,0,1,-1,-1,1,1,-1,-1,-1,-1,-1,0,0,
2026-04-14,21:22:15.440,7.63,100,100,99,-0.037,13.11,51,0,7.97,-0.080,0.792,-2.00,66,0,-174.23,-5.33,10,0.00,3.84,3.85,3.81,3.82,3.84,3.84,3.85,3.84,30.54,34.3,-30,-30,106.5,-57,0,539,-197,0,1000,0,0,1,-1,-1,1,1,-1,-1,-1,-1,-1,0,0,
2026-04-14,21:22:15.710,7.62,99,99,99,-0.087,12.52,52,0,7.97,-0.143,1.142,-2.02,65,0,-174.12,-6.37,10,0.00,3.84,3.85,3.81,3.82,3.82,3.82,3.85,3.84,30.54,34.3,-30,-30,105.9,-66,5,538,-214,0,999,0,0,1,-1,-1,1,1,-1,-1,-1,-1,-1,0,0,
2026-04-14,21:22:15.980,7.63,99,99,99,0.000,12.33,54,0,7.97,-0.125,0.943,-1.24,67,0,-171.76,-5.71,10,0.00,3.84,3.85,3.81,3.82,3.82,3.82,3.83,3.83,30.51,32.8,-30,-30,103.9,-69,0,539,-268,0,999,0,0,1,-1,-1,1,1,-1,-1,-1,-1,-1,0,0,
2026-04-14,21:22:16.240,7.63,99,99,99,0.079,11.66,54,0,7.97,-0.159,1.034,-1.73,70,0,-173.72,-6.06,10,0.00,3.83,3.84,3.81,3.82,3.82,3.82,3.83,3.83,30.51,32.8,-30,-30,103.7,-90,0,573,-320,0,999,0,0,1,-1,-1,1,1,-1,-1,-1,-1,-1,0,0,
2026-04-14,21:22:16.520,7.62,100,100,99,0.064,10.58,56,0,7.97,-0.093,0.771,-1.80,77,0,130.39,-5.97,10,0.00,3.83,3.84,3.81,3.82,3.82,3.82,3.83,3.83,30.47,32.9,-30,-30,107.8,-76,0,582,-146,0,1000,0,0,1,-1,-1,1,1,-1,-1,-1,-1,-1,0,0,
2026-04-14,21:22:16.790,7.62,100,100,99,-0.017,10.10,57,0,7.97,-0.169,1.286,-1.85,81,0,175.45,-7.00,10,0.00,3.83,3.84,3.81,3.81,3.82,3.82,3.83,3.83,30.47,34.8,-30,-30,108.5,-58,-8,580,-81,0,1000,0,0,1,-1,-1,1,1,-1,-1,-1,-1,-1,0,0,
2026-04-14,21:22:17.050,7.62,100,100,99,-0.010,9.63,58,0,7.97,-0.061,0.844,-1.64,80,0,176.44,-6.59,10,0.00,3.83,3.84,3.81,3.81,3.82,3.81,3.83,3.83,30.44,34.8,-30,-30,110.0,-51,0,578,-63,0,999,0,0,1,-1,-1,1,1,-1,-1,-1,-1,-1,0,0,
2026-04-14,21:22:17.320,7.63,100,100,99,0.030,9.16,60,0,7.97,-0.084,0.864,-1.72,77,0,179.27,-6.96,10,0.00,3.83,3.84,3.81,3.81,3.82,3.81,3.83,3.82,30.41,33.0,-30,-30,110.0,-48,0,576,-76,0,1000,0,0,1,-1,-1,1,1,-1,-1,-1,-1,-1,0,0,
2026-04-14,21:22:17.590,7.63,100,100,99,-0.104,8.78,61,0,7.97,-0.088,0.792,-1.45,79,0,-169.71,-6.79,10,0.00,3.82,3.83,3.81,3.81,3.82,3.81,3.83,3.82,30.41,33.0,-30,-30,109.5,-49,0,577,-185,0,1000,0,0,1,-1,-1,1,1,-1,-1,-1,-1,-1,0,0,
2026-04-14,21:22:17.850,7.62,100,100,99,-0.076,8.59,62,0,7.97,-0.093,0.986,-1.02,82,0,-178.46,-7.08,10,0.00,3.82,3.83,3.80,3.81,3.82,3.81,3.83,3.82,30.40,33.0,-30,-30,113.2,-55,-10,577,-207,0,1000,0,0,1,-1,-1,1,1,-1,-1,-1,-1,-1,0,0,
2026-04-14,21:22:18.120,7.62,100,100,99,0.036,8.48,64,0,7.97,-0.129,1.112,-0.68,79,0,178.50,-7.44,10,0.00,3.82,3.83,3.80,3.81,3.81,3.81,3.83,3.82,30.40,33.0,-30,-30,108.3,-56,-43,580,-234,0,999,0,0,1,-1,-1,1,1,-1,-1,-1,-1,-1,0,0,
2026-04-14,21:22:18.380,7.62,100,100,99,0.095,8.25,66,0,7.97,-0.227,1.359,-0.70,81,0,175.51,-7.89,10,0.00,3.82,3.83,3.80,3.81,3.81,3.81,3.83,3.81,30.36,35.1,-30,-30,101.7,-61,-63,580,-256,0,999,0,0,1,-1,-1,1,1,-1,-1,-1,-1,-1,0,0,
2026-04-14,21:22:18.650,7.62,100,100,99,-0.065,8.51,67,0,7.97,-0.149,0.968,0.18,85,0,169.39,-6.59,10,0.00,3.81,3.83,3.80,3.81,3.81,3.81,3.83,3.81,30.36,35.1,-30,-30,103.0,-72,-98,581,-261,0,999,0,0,1,-1,-1,1,1,-1,-1,-1,-1,-1,0,0,
2026-04-14,21:22:18.920,7.62,100,100,99,-0.101,8.37,67,0,7.97,-0.227,1.233,0.00,86,0,169.92,-7.56,10,0.00,3.81,3.83,3.80,3.81,3.81,3.81,3.83,3.81,30.33,36.0,-30,-30,104.3,-64,-115,602,-273,0,1000,0,0,1,-1,-1,1,1,-1,-1,-1,-1,-1,0,0,
2026-04-14,21:22:19.200,7.62,100,100,100,-0.163,8.68,68,0,7.94,-0.340,1.731,0.56,80,0,173.66,-8.60,10,0.00,3.81,3.83,3.79,3.80,3.81,3.81,3.83,3.81,30.33,36.0,-30,-30,105.7,-114,-139,680,-354,0,1000,0,0,1,-1,-1,1,1,-1,-1,-1,-1,-1,0,0,
2026-04-14,21:22:19.470,7.62,100,100,100,0.082,8.57,69,0,7.96,-0.263,1.305,0.26,68,0,172.95,-10.85,10,0.00,3.81,3.83,3.79,3.80,3.80,3.80,3.83,3.81,30.24,42.7,-30,-30,105.7,-116,-133,678,-395,0,999,0,0,1,-1,-1,1,1,-1,-1,-1,-1,-1,0,0,
2026-04-14,21:22:19.730,7.63,100,100,100,0.077,8.61,67,0,7.96,-0.242,1.223,-0.10,76,0,167.62,-12.20,10,0.00,3.81,3.83,3.79,3.80,3.80,3.80,3.81,3.79,30.24,42.7,-30,-30,101.7,-132,-147,678,-433,0,999,0,0,1,-1,-1,1,1,-1,-1,-1,-1,-1,0,0,
2026-04-14,21:22:19.990,7.63,99,100,100,0.017,8.78,65,0,7.92,-0.309,1.436,0.30,79,0,153.76,-13.19,10,0.00,3.78,3.80,3.79,3.80,3.80,3.80,3.81,3.79,30.16,43.9,-30,-30,107.8,-89,-226,679,-302,0,1000,0,0,1,-1,-1,1,1,-1,-1,-1,-1,-1,0,0,
2026-04-14,21:22:20.250,7.63,99,100,100,-0.061,9.47,62,0,7.93,-0.361,1.680,1.44,76,0,148.86,-14.10,10,0.00,3.78,3.80,3.76,3.76,3.80,3.80,3.81,3.79,30.16,43.9,-30,-30,108.5,-84,-207,681,-313,0,999,0,0,1,-1,-1,1,1,-1,-1,-1,-1,-1,0,0,
2026-04-14,21:22:20.520,7.62,98,100,100,-0.020,10.13,59,0,7.95,-0.307,1.296,2.02,69,0,147.94,-14.23,10,0.00,3.78,3.80,3.76,3.76,3.78,3.77,3.81,3.79,30.10,43.2,-30,-30,101.9,-77,-170,678,-323,0,1000,0,0,1,-1,-1,1,1,-1,-1,-1,-1,-1,0,0,
2026-04-14,21:22:20.800,7.62,99,100,100,-0.042,10.85,59,0,7.96,-0.316,1.455,2.35,66,0,141.41,-15.23,10,0.00,3.78,3.80,3.76,3.76,3.78,3.77,3.78,3.77,30.04,44.1,-30,-30,98.9,-62,-176,678,-147,0,1000,0,0,1,-1,-1,1,1,-1,-1,-1,-1,-1,0,0,
2026-04-14,21:22:21.060,7.62,99,100,100,-0.022,11.78,58,0,7.97,-0.249,0.943,2.74,63,0,139.99,-15.33,10,0.00,3.77,3.79,3.76,3.76,3.78,3.77,3.78,3.77,30.04,44.1,-30,-30,96.3,-41,-192,679,-112,0,999,0,0,1,-1,-1,1,1,-1,-1,-1,-1,-1,0,0,
2026-04-14,21:22:21.320,7.63,100,100,100,0.091,12.70,57,0,7.97,-0.258,1.118,2.97,62,0,139.66,-17.05,10,0.00,3.77,3.79,3.76,3.76,3.78,3.77,3.78,3.77,29.98,45.0,-30,-30,99.6,-33,-226,678,-65,0,1000,0,0,1,-1,-1,1,1,-1,-1,-1,-1,-1,0,0,
2026-04-14,21:22:21.580,7.63,100,100,100,-0.014,14.14,56,0,7.93,-0.326,1.517,4.09,62,0,135.65,-17.68,10,0.00,3.77,3.79,3.75,3.74,3.78,3.77,3.78,3.77,29.98,45.0,-30,-30,102.0,0,-332,678,27,0,999,0,0,1,-1,-1,1,1,-1,-1,-1,-1,-1,0,0,
2026-04-14,21:22:21.850,7.62,100,100,100,-0.050,16.38,57,0,7.92,-0.365,1.515,3.79,59,0,133.78,-20.53,10,0.00,3.77,3.79,3.75,3.74,3.77,3.76,3.78,3.77,29.92,44.6,-30,-30,97.2,66,-329,680,90,0,1000,0,0,1,-1,-1,1,1,-1,-1,-1,-1,-1,0,1,
2026-04-14,21:22:22.120,7.62,100,100,100,-0.051,17.34,58,0,7.93,-0.410,1.509,3.47,58,0,135.31,-22.20,10,0.00,3.77,3.79,3.75,3.74,3.77,3.76,3.77,3.76,29.92,44.6,-30,-30,97.2,91,-342,678,115,0,999,0,0,1,-1,-1,1,1,-1,-1,-1,-1,-1,0,1,
2026-04-14,21:22:22.390,7.62,100,100,100,-0.058,18.05,57,0,7.96,-0.304,1.347,3.01,57,0,137.38,-23.69,10,0.00,3.75,3.77,3.75,3.74,3.77,3.76,3.77,3.76,29.87,45.3,-30,-30,94.5,111,-296,676,58,0,1000,0,0,1,-1,-1,1,1,-1,-1,-1,-1,-1,0,1,
2026-04-14,21:22:22.650,7.62,99,99,99,-0.119,19.29,53,0,7.96,-0.414,1.426,3.36,54,0,144.51,-27.55,10,0.00,3.75,3.77,3.74,3.73,3.77,3.76,3.77,3.76,29.87,45.3,-30,-30,96.7,98,-204,674,0,0,999,0,0,1,-1,-1,1,1,-1,-1,-1,-1,-1,0,1,
2026-04-14,21:22:22.910,7.62,99,99,99,0.019,20.55,50,0,7.97,-0.403,1.403,4.23,54,0,150.07,-27.11,10,0.00,3.75,3.77,3.74,3.73,3.76,3.75,3.77,3.76,29.82,46.0,-30,-30,89.3,10,-88,673,-51,0,1000,0,0,1,-1,-1,1,1,-1,-1,-1,-1,-1,0,1,
2026-04-14,21:22:23.170,7.62,98,99,99,0.037,21.65,48,0,7.95,-0.346,1.104,3.97,51,0,151.73,-27.06,10,0.00,3.75,3.77,3.74,3.73,3.76,3.75,3.76,3.75,29.82,46.0,-30,-30,90.7,0,9,644,-116,0,999,0,0,1,-1,-1,1,1,-1,-1,-1,-1,-1,0,1,
2026-04-14,21:22:23.440,7.63,99,99,99,0.113,22.86,49,0,7.93,-0.250,0.697,3.96,49,0,147.42,-24.80,10,0.00,3.74,3.77,3.74,3.73,3.76,3.75,3.76,3.75,29.80,44.7,-30,-30,89.6,13,-243,629,0,0,999,0,0,1,-1,-1,1,1,-1,-1,-1,-1,-1,0,1,
2026-04-14,21:22:23.710,7.62,99,99,99,-0.017,24.26,50,0,7.94,-0.256,1.013,4.59,47,0,147.68,-24.90,10,0.00,3.74,3.77,3.74,3.73,3.76,3.75,3.76,3.75,29.80,44.7,-30,-30,95.7,33,-229,605,0,0,1000,0,0,1,-1,-1,1,1,-1,-1,-1,-1,-1,0,1,
2026-04-14,21:22:23.980,7.62,100,100,97,-0.117,25.28,50,0,7.93,-0.377,1.621,4.02,46,0,153.25,-29.38,10,0.00,3.74,3.77,3.73,3.72,3.76,3.75,3.76,3.75,29.82,40.3,-30,-30,93.7,0,-151,575,0,0,1000,0,0,1,-1,-1,1,1,-1,-1,-1,-1,-1,0,1,
2026-04-14,21:22:24.240,7.62,100,100,97,-0.059,26.74,49,0,7.97,-0.294,1.314,4.46,45,0,158.26,-30.34,10,0.00,3.74,3.77,3.73,3.72,3.76,3.75,3.76,3.75,29.82,40.3,-30,-30,93.7,-34,8,569,-47,0,999,0,0,1,-1,-1,1,1,-1,-1,-1,-1,-1,0,1,
2026-04-14,21:22:24.500,7.62,100,100,97,-0.010,29.53,49,0,7.97,-0.282,0.939,4.73,40,0,163.44,-28.12,10,0.00,3.74,3.77,3.73,3.72,3.76,3.75,3.77,3.75,29.84,37.9,-30,-30,90.4,-19,13,557,-35,0,999,0,0,1,-1,-1,1,1,-1,-1,-1,-1,-1,0,1,
2026-04-14,21:22:24.760,7.62,100,100,95,0.023,30.64,49,0,7.97,-0.222,0.601,4.17,42,0,164.31,-24.34,10,0.00,3.76,3.78,3.73,3.72,3.76,3.75,3.77,3.75,29.84,37.9,-30,-30,86.3,0,12,555,-82,0,1000,0,0,1,-1,-1,1,1,-1,-1,-1,-1,-1,0,1,
2026-04-14,21:22:25.020,7.63,100,100,95,-0.052,31.67,50,0,7.97,-0.245,0.692,3.73,43,0,163.45,-24.13,10,0.00,3.76,3.78,3.74,3.74,3.76,3.75,3.77,3.75,29.85,37.4,-30,-30,87.2,0,0,554,-61,0,999,0,0,1,-1,-1,1,1,-1,-1,-1,-1,-1,0,1,
2026-04-14,21:22:25.280,7.62,100,100,94,-0.044,32.94,50,0,7.97,-0.295,0.877,4.06,44,0,167.11,-23.24,10,0.00,3.76,3.78,3.74,3.74,3.77,3.76,3.77,3.75,29.85,37.6,-30,-30,84.6,0,0,556,-54,0,999,0,0,1,-1,-1,1,1,-1,-1,-1,-1,-1,0,1,
2026-04-14,21:22:25.540,7.62,100,100,94,-0.025,34.02,50,0,7.97,-0.284,0.910,4.06,43,0,169.38,-22.26,10,0.00,3.76,3.78,3.74,3.74,3.77,3.76,3.77,3.75,29.85,37.6,-30,-30,87.0,0,5,557,-28,0,999,0,0,1,-1,-1,1,1,-1,-1,-1,-1,-1,0,1,
2026-04-14,21:22:25.800,7.62,100,100,92,0.052,34.73,50,0,7.97,-0.265,0.851,3.15,42,0,170.87,-20.08,10,0.00,3.76,3.78,3.74,3.74,3.77,3.76,3.77,3.76,29.85,37.0,-30,-30,86.3,0,12,560,0,0,999,0,0,1,-1,-1,1,1,-1,-1,-1,-1,-1,0,1,
2026-04-14,21:22:26.070,7.62,100,100,91,0.032,35.57,50,0,7.97,-0.265,0.846,2.91,42,0,169.97,-19.08,10,0.00,3.76,3.78,3.74,3.74,3.77,3.76,3.77,3.76,29.85,37.0,-30,-30,86.3,0,-106,559,-27,0,999,0,0,1,-1,-1,1,1,-1,-1,-1,-1,-1,0,1,
2026-04-14,21:22:26.330,7.63,100,100,91,-0.043,36.16,50,0,7.97,-0.261,0.861,2.46,46,0,169.57,-19.03,10,0.00,3.76,3.78,3.74,3.74,3.77,3.76,3.77,3.76,29.86,37.6,-30,-30,85.6,0,-80,556,-39,0,999,0,0,1,-1,-1,1,1,-1,-1,-1,-1,-1,0,1,
2026-04-14,21:22:26.600,7.62,100,100,92,-0.056,36.66,50,0,7.97,-0.281,1.156,2.02,48,0,173.32,-20.37,10,0.00,3.76,3.78,3.74,3.74,3.77,3.76,3.77,3.76,29.86,37.6,-30,-30,91.5,0,-135,470,-60,0,999,0,0,1,-1,-1,1,1,-1,-1,-1,-1,-1,0,1,
2026-04-14,21:22:26.860,7.62,100,100,91,-0.008,37.39,50,0,7.97,-0.218,0.917,2.19,45,0,174.57,-20.27,10,0.00,3.76,3.78,3.74,3.74,3.77,3.76,3.78,3.76,29.92,31.2,-30,-30,89.6,0,-150,469,-127,0,1000,0,0,1,-1,-1,1,1,-1,-1,-1,-1,-1,0,1,
2026-04-14,21:22:27.120,7.62,100,100,89,-0.036,38.01,51,0,7.97,-0.221,1.033,2.35,46,0,175.46,-20.58,10,0.00,3.77,3.79,3.74,3.74,3.77,3.76,3.78,3.76,29.92,31.2,-30,-30,88.9,-26,-187,479,-358,0,999,0,0,1,-1,-1,1,1,-1,-1,-1,-1,-1,0,1,
2026-04-14,21:22:27.380,7.62,100,100,89,-0.029,38.56,51,0,7.95,-0.250,1.304,2.02,44,0,173.85,-21.63,10,0.00,3.77,3.79,3.76,3.75,3.77,3.76,3.78,3.76,29.96,31.5,-30,-30,89.5,-131,-250,479,-419,0,999,0,0,1,-1,-1,1,1,-1,-1,-1,-1,-1,0,1,
2026-04-14,21:22:27.650,7.62,99,99,87,0.046,39.46,51,0,7.96,-0.266,1.028,1.60,43,0,169.35,-22.95,10,0.00,3.77,3.79,3.76,3.75,3.77,3.76,3.78,3.76,29.96,31.5,-30,-30,82.6,-185,-244,478,-484,0,999,0,0,1,-1,-1,1,1,-1,-1,-1,-1,-1,0,1,
2026-04-14,21:22:27.920,7.62,99,99,89,-0.031,40.15,50,0,7.96,-0.306,1.114,1.94,45,0,160.92,-25.99,10,0.00,3.77,3.79,3.76,3.75,3.78,3.78,3.78,3.76,29.99,32.7,-30,-30,85.0,-230,-232,478,-534,0,1000,0,0,1,-1,-1,1,1,-1,-1,-1,-1,-1,0,1,
2026-04-14,21:22:28.180,7.63,96,96,89,-0.021,40.74,47,0,7.97,-0.307,1.071,2.09,46,0,156.15,-26.50,10,0.00,3.77,3.79,3.76,3.75,3.78,3.78,3.79,3.77,29.99,32.7,-30,-30,81.7,-147,-295,479,-362,0,999,0,0,1,-1,-1,1,1,-1,-1,-1,-1,-1,0,1,
2026-04-14,21:22:28.450,7.63,92,92,89,-0.039,41.30,44,0,7.92,-0.294,1.070,1.99,49,0,148.43,-26.66,10,0.00,3.77,3.80,3.76,3.75,3.78,3.78,3.79,3.77,30.00,33.0,-30,-30,81.7,-81,-309,479,-99,0,999,0,0,1,-1,-1,1,1,-1,-1,-1,-1,-1,0,1,
2026-04-14,21:22:28.720,7.63,86,91,91,-0.039,41.73,42,0,7.95,-0.322,1.298,1.72,52,0,147.73,-27.19,10,0.00,3.77,3.80,3.76,3.75,3.78,3.78,3.79,3.77,30.00,33.0,-30,-30,83.2,-38,-328,400,-91,0,999,0,0,1,-1,-1,1,1,-1,-1,-1,-1,-1,0,1,
2026-04-14,21:22:28.980,7.62,84,91,91,0.009,42.20,42,0,7.94,-0.304,1.312,1.67,54,0,148.59,-27.21,10,0.00,3.77,3.80,3.76,3.75,3.78,3.77,3.79,3.77,30.06,32.0,-30,-30,84.6,-81,-318,398,-199,0,999,0,0,1,-1,-1,1,1,-1,-1,-1,-1,-1,0,1,
2026-04-14,21:22:29.240,7.63,87,92,92,0.033,42.62,43,0,7.96,-0.284,1.208,1.49,55,0,140.53,-28.08,10,0.00,3.77,3.80,3.76,3.75,3.78,3.77,3.79,3.78,30.06,32.0,-30,-30,82.4,-53,-347,398,-180,0,999,0,0,1,-1,-1,1,1,-1,-1,-1,-1,-1,0,1,
2026-04-14,21:22:29.500,7.63,92,93,92,-0.001,43.08,46,0,7.96,-0.403,1.457,1.59,55,0,136.53,-28.95,10,0.00,3.77,3.80,3.76,3.75,3.78,3.77,3.79,3.78,30.09,27.7,-30,-30,78.9,-39,-342,398,-177,0,999,0,0,1,-1,-1,1,1,-1,-1,-1,-1,-1,0,1,
2026-04-14,21:22:29.770,7.62,94,94,94,-0.036,43.50,46,0,7.97,-0.236,1.044,1.52,54,0,135.04,-29.02,10,0.00,3.77,3.80,3.77,3.77,3.78,3.77,3.79,3.78,30.09,27.8,-30,-30,84.6,0,-381,398,0,0,1000,0,0,1,-1,-1,1,1,-1,-1,-1,-1,-1,0,1,
2026-04-14,21:22:30.030,7.62,95,95,95,-0.083,43.59,46,0,7.95,-0.349,1.420,1.52,55,0,135.80,-29.87,10,0.00,3.77,3.80,3.77,3.77,3.78,3.77,3.79,3.78,30.12,27.8,-30,-30,79.6,0,-415,399,35,0,999,0,0,1,-1,-1,1,1,-1,-1,-1,-1,-1,0,1,
2026-04-14,21:22:30.300,7.62,95,95,95,-0.025,43.72,50,0,7.96,-0.277,1.184,0.47,57,0,142.93,-30.41,10,0.00,3.77,3.80,3.77,3.77,3.80,3.78,3.79,3.78,30.14,28.4,-30,-30,81.9,0,-340,399,-77,0,1000,0,0,1,-1,-1,1,1,-1,-1,-1,-1,-1,0,1,
2026-04-14,21:22:30.560,7.62,99,99,95,-0.027,43.78,52,0,7.97,-0.316,1.413,-0.01,57,0,144.02,-29.49,10,0.00,3.77,3.80,3.77,3.77,3.80,3.78,3.81,3.79,30.14,28.4,-30,-30,81.9,0,-296,398,-157,0,999,0,0,1,-1,-1,1,1,-1,-1,-1,-1,-1,0,1,
2026-04-14,21:22:30.820,7.62,100,100,96,-0.025,43.67,53,0,7.97,-0.239,1.118,-0.16,55,0,136.81,-28.54,10,0.00,3.79,3.81,3.77,3.77,3.80,3.78,3.81,3.79,30.17,27.8,-30,-30,81.5,0,-288,398,-144,0,999,0,0,1,-1,-1,1,1,-1,-1,-1,-1,-1,0,1,
2026-04-14,21:22:31.080,7.62,100,100,98,-0.102,43.74,52,0,7.95,-0.255,1.157,-0.15,51,0,135.56,-28.32,10,0.00,3.79,3.81,3.78,3.77,3.80,3.78,3.81,3.79,30.17,27.8,-30,-30,88.2,0,-332,294,-110,0,999,0,0,1,-1,-1,1,1,-1,-1,-1,-1,-1,0,1,
2026-04-14,21:22:31.340,7.62,99,99,98,-0.083,44.06,50,0,7.96,-0.192,1.311,0.68,52,0,136.69,-27.18,10,0.00,3.79,3.81,3.78,3.77,3.80,3.79,3.81,3.79,30.25,21.5,-30,-30,88.2,0,-331,291,-209,0,1000,0,0,1,-1,-1,1,1,-1,-1,-1,-1,-1,0,1,
2026-04-14,21:22:31.600,7.62,99,100,100,-0.007,43.99,50,0,7.96,-0.110,0.850,0.26,50,0,133.95,-26.19,10,0.00,3.79,3.81,3.78,3.77,3.80,3.79,3.81,3.80,30.25,21.5,-30,-30,85.9,0,-337,196,-176,0,999,0,0,1,-1,-1,1,1,-1,-1,-1,-1,-1,0,1,
2026-04-14,21:22:31.870,7.62,97,100,100,-0.073,43.64,48,0,7.97,-0.213,1.274,-0.66,49,0,134.04,-27.07,10,0.00,3.81,3.83,3.78,3.77,3.80,3.79,3.81,3.80,30.35,15.8,-30,-30,80.7,0,-372,99,-181,0,999,0,0,1,-1,-1,1,1,-1,-1,-1,-1,-1,0,1,
2026-04-14,21:22:32.130,7.62,94,100,100,-0.082,43.65,46,0,7.97,-0.176,1.164,-0.36,48,0,134.80,-27.58,10,0.00,3.81,3.83,3.78,3.77,3.80,3.79,3.81,3.80,30.35,15.8,-30,-30,79.6,0,-422,90,-149,0,1000,0,0,1,-1,-1,1,1,-1,-1,-1,-1,-1,0,1,
2026-04-14,21:22:32.390,7.62,86,100,100,-0.061,43.67,46,0,7.97,-0.184,1.128,0.04,46,0,137.84,-25.99,10,0.00,3.81,3.83,3.81,3.81,3.80,3.79,3.81,3.80,30.48,10.8,-30,-30,79.6,0,-346,71,-269,0,1000,0,0,1,-1,-1,1,1,-1,-1,-1,-1,-1,0,1,
2026-04-14,21:22:32.650,7.63,82,100,100,-0.053,43.46,44,0,7.97,-0.119,1.225,-0.41,44,0,141.66,-24.01,10,0.00,3.81,3.83,3.81,3.81,3.83,3.83,3.81,3.80,30.48,10.8,-30,-30,78.3,0,-357,74,-330,0,999,0,0,1,-1,-1,1,1,-1,-1,-1,-1,-1,0,0,
2026-04-14,21:22:32.910,7.62,86,99,99,-0.060,43.17,44,0,7.97,-0.175,1.106,-0.76,46,0,143.60,-21.25,10,0.00,3.81,3.83,3.81,3.81,3.83,3.83,3.85,3.84,30.57,10.6,-30,-30,78.7,0,-359,135,-358,0,999,0,0,1,-1,-1,1,1,-1,-1,-1,-1,-1,0,0,
2026-04-14,21:22:33.180,7.62,94,99,99,-0.043,42.77,44,0,7.97,-0.210,1.232,-1.08,42,0,141.46,-20.95,10,0.00,3.84,3.86,3.81,3.81,3.83,3.83,3.85,3.84,30.57,10.6,-30,-30,79.6,0,-362,218,-347,0,1000,0,0,1,-1,-1,1,1,-1,-1,-1,-1,-1,0,0,
2026-04-14,21:22:33.440,7.62,100,100,95,-0.063,42.27,45,0,7.97,-0.185,1.031,-1.50,40,0,136.31,-18.48,10,0.00,3.84,3.86,3.83,3.84,3.83,3.83,3.85,3.84,30.58,17.7,-30,-30,78.7,0,-334,231,-219,0,999,0,0,1,-1,-1,1,1,-1,-1,-1,-1,-1,0,0,
2026-04-14,21:22:33.700,7.62,100,100,92,-0.037,40.90,46,0,7.97,-0.153,0.825,-1.50,37,0,137.65,-17.66,10,0.00,3.84,3.86,3.83,3.84,3.84,3.84,3.85,3.84,30.58,17.7,-30,-30,79.6,0,-366,230,0,0,999,0,0,1,-1,-1,1,1,-1,-1,-1,-1,-1,0,0,
2026-04-14,21:22:33.970,7.62,100,100,90,0.007,40.63,47,0,7.97,-0.454,1.580,-1.88,39,0,137.91,-18.62,10,0.00,3.84,3.86,3.83,3.84,3.84,3.84,3.85,3.84,30.58,19.4,-30,-30,71.3,0,-374,230,0,0,999,0,0,1,-1,-1,1,1,-1,-1,-1,-1,-1,0,0,
2026-04-14,21:22:34.230,7.62,99,99,90,-0.010,40.17,48,0,7.97,-0.210,0.974,-1.33,40,0,135.96,-15.05,10,0.00,3.84,3.86,3.83,3.84,3.84,3.84,3.85,3.84,30.58,19.4,-30,-30,75.4,0,-366,229,0,0,999,0,0,1,-1,-1,1,1,-1,-1,-1,-1,-1,0,0,
2026-04-14,21:22:34.490,7.62,96,96,90,0.000,39.33,48,0,7.97,-0.191,1.042,-1.33,41,0,137.66,-11.97,10,0.00,3.83,3.85,3.83,3.84,3.84,3.84,3.85,3.84,30.59,19.6,-30,-30,77.4,0,-407,229,0,0,999,0,0,1,-1,-1,1,1,-1,-1,-1,-1,-1,0,0,
2026-04-14,21:22:34.760,7.62,96,96,90,-0.044,38.34,48,0,7.95,-0.213,1.157,-2.93,42,0,136.80,-13.80,10,0.00,3.83,3.85,3.82,3.82,3.84,3.84,3.85,3.84,30.59,19.3,-30,-30,77.4,0,-420,330,248,0,1000,0,0,1,-1,-1,1,1,-1,-1,-1,-1,-1,0,0,
2026-04-14,21:22:35.030,7.62,94,94,88,-0.070,37.24,47,0,7.96,-0.280,1.295,-3.50,43,0,137.63,-14.87,10,0.00,3.83,3.85,3.82,3.82,3.83,3.83,3.85,3.84,30.57,19.3,-30,-30,82.8,11,-427,407,394,0,999,0,0,1,-1,-1,1,1,-1,-1,-1,-1,-1,0,0,
2026-04-14,21:22:35.300,7.63,97,97,88,-0.054,36.13,47,0,7.95,-0.366,1.491,-3.72,48,0,149.64,-16.22,10,0.00,3.83,3.85,3.82,3.82,3.83,3.83,3.84,3.82,30.51,29.2,-30,-30,81.9,0,-345,396,196,0,1000,0,0,1,-1,-1,1,1,-1,-1,-1,-1,-1,0,0,
2026-04-14,21:22:35.560,7.63,97,97,88,0.020,34.86,49,0,7.96,-0.279,1.307,-4.06,50,0,157.28,-16.06,10,0.00,3.82,3.83,3.82,3.82,3.83,3.83,3.84,3.82,30.51,29.2,-30,-30,84.6,0,-287,382,0,0,1000,0,0,1,-1,-1,1,1,-1,-1,-1,-1,-1,0,0,
2026-04-14,21:22:35.820,7.63,99,99,88,0.032,33.31,51,0,7.97,-0.251,1.197,-4.81,51,0,154.55,-15.46,10,0.00,3.82,3.83,3.80,3.81,3.83,3.83,3.84,3.82,30.48,26.5,-30,-30,84.6,0,-281,372,-37,0,999,0,0,1,-1,-1,1,1,-1,-1,-1,-1,-1,0,0,
2026-04-14,21:22:36.090,7.63,100,100,88,-0.029,32.11,51,0,7.97,-0.233,1.322,-4.63,53,0,152.15,-16.38,10,0.00,3.82,3.83,3.80,3.81,3.81,3.81,3.84,3.82,30.48,26.5,-30,-30,87.4,0,-303,334,0,0,999,0,0,1,-1,-1,1,1,-1,-1,-1,-1,-1,0,0,
2026-04-14,21:22:36.360,7.63,100,100,88,-0.029,30.22,50,0,7.97,-0.278,1.315,-3.39,54,0,152.21,-18.32,10,0.00,3.82,3.83,3.80,3.81,3.81,3.81,3.84,3.82,30.48,23.2,-30,-30,84.6,0,-279,331,0,0,999,0,0,1,-1,-1,1,1,-1,-1,-1,-1,-1,0,0,
2026-04-14,21:22:36.630,7.63,100,100,87,-0.095,29.41,50,0,7.97,-0.182,0.981,-3.03,53,0,157.89,-20.19,10,0.00,3.82,3.83,3.80,3.81,3.81,3.81,3.82,3.81,30.48,23.2,-30,-30,86.3,0,-234,329,-4,0,999,0,0,1,-1,-1,1,1,-1,-1,-1,-1,-1,0,0,
2026-04-14,21:22:36.890,7.63,99,99,88,-0.039,28.74,49,0,7.97,-0.183,1.451,-2.64,55,0,161.95,-22.03,10,0.00,3.81,3.83,3.80,3.81,3.81,3.81,3.82,3.81,30.49,22.8,-30,-30,87.4,0,-225,320,-16,0,999,0,0,1,-1,-1,1,1,-1,-1,-1,-1,-1,0,0,
2026-04-14,21:22:37.150,7.63,97,97,88,0.010,28.11,47,0,7.94,-0.423,1.784,-2.42,57,0,165.66,-21.44,10,0.00,3.81,3.83,3.80,3.81,3.81,3.81,3.82,3.81,30.49,22.8,-30,-30,87.4,0,-252,319,-214,0,999,0,0,1,-1,-1,1,1,-1,-1,-1,-1,-1,0,0,
2026-04-14,21:22:37.420,7.62,94,94,92,0.045,27.57,45,0,7.96,-0.169,1.033,-1.94,56,0,160.89,-16.86,10,0.00,3.81,3.83,3.80,3.81,3.82,3.81,3.82,3.81,30.49,22.7,-30,-30,84.3,-17,-151,356,-440,0,999,0,0,1,-1,-1,1,1,-1,-1,-1,-1,-1,0,0,
2026-04-14,21:22:37.680,7.62,95,95,95,0.000,26.83,45,0,7.96,-0.130,0.852,-2.24,56,0,156.34,-17.08,10,0.00,3.81,3.83,3.80,3.81,3.82,3.81,3.83,3.82,30.49,22.7,-30,-30,86.9,-25,-189,298,-341,0,999,0,0,1,-1,-1,1,1,-1,-1,-1,-1,-1,0,0,
2026-04-14,21:22:37.940,7.62,96,97,97,-0.091,25.80,45,0,7.97,-0.099,1.131,-3.14,55,0,152.52,-18.57,10,0.00,3.82,3.84,3.80,3.81,3.82,3.81,3.83,3.82,30.51,21.3,-30,-30,90.6,-25,-246,294,0,0,999,0,0,1,-1,-1,1,1,-1,-1,-1,-1,-1,0,0,
2026-04-14,21:22:38.210,7.62,98,98,97,-0.085,25.43,44,0,7.97,-0.205,1.044,-2.20,55,0,156.19,-19.32,10,0.00,3.82,3.84,3.81,3.82,3.82,3.81,3.83,3.82,30.51,21.3,-30,-30,90.6,-22,-172,293,-82,0,999,0,0,1,-1,-1,1,1,-1,-1,-1,-1,-1,0,0,
2026-04-14,21:22:38.480,7.62,89,97,97,-0.051,24.95,43,0,7.97,-0.219,1.293,-1.65,56,0,165.31,-20.50,10,0.00,3.82,3.84,3.81,3.82,3.82,3.82,3.83,3.82,30.53,19.9,-30,-30,87.0,-27,-114,292,-233,0,999,0,0,1,-1,-1,1,1,-1,-1,-1,-1,-1,0,0,
2026-04-14,21:22:38.750,7.62,82,97,97,-0.025,24.15,40,0,7.97,-0.069,0.946,-2.28,59,0,166.14,-17.32,10,0.00,3.82,3.84,3.81,3.82,3.82,3.82,3.83,3.82,30.53,19.0,-30,-30,92.2,-24,-144,290,-313,0,999,0,0,1,-1,-1,1,1,-1,-1,-1,-1,-1,0,0,
2026-04-14,21:22:39.020,7.62,79,99,99,0.005,23.51,39,0,7.97,-0.012,0.874,-2.41,59,0,165.02,-16.53,10,0.00,3.82,3.84,3.81,3.82,3.82,3.82,3.83,3.82,30.55,19.0,-30,-30,100.2,-22,-209,279,-399,0,999,0,0,1,-1,-1,1,1,-1,-1,-1,-1,-1,0,0,
2026-04-14,21:22:39.280,7.62,82,99,99,-0.095,22.13,39,0,7.97,-0.075,1.136,-2.43,59,0,160.35,-17.39,10,0.00,3.83,3.84,3.81,3.82,3.82,3.82,3.83,3.82,30.55,15.8,-30,-30,100.2,-19,-185,245,-95,0,1000,0,0,1,-1,-1,1,1,-1,-1,-1,-1,-1,0,0,
2026-04-14,21:22:39.550,7.62,87,99,99,-0.111,21.65,40,0,7.97,-0.048,1.175,-1.94,61,0,160.07,-18.98,10,0.00,3.83,3.84,3.82,3.83,3.82,3.82,3.83,3.82,30.60,15.8,-30,-30,97.4,-14,-128,195,-50,0,999,0,0,1,-1,-1,1,1,-1,-1,-1,-1,-1,0,0,
2026-04-14,21:22:39.820,7.62,86,99,99,-0.020,21.18,40,0,7.97,-0.007,1.030,-1.70,60,0,164.94,-19.01,10,0.00,3.83,3.84,3.82,3.83,3.84,3.83,3.83,3.82,30.66,11.0,-30,-30,98.3,-22,-35,195,-131,0,1000,0,0,1,-1,-1,1,1,-1,-1,-1,-1,-1,0,0,
2026-04-14,21:22:40.080,7.62,87,99,99,-0.021,20.64,39,0,7.97,0.007,0.734,-1.76,56,0,164.08,-16.77,10,0.00,3.83,3.84,3.82,3.83,3.84,3.83,3.85,3.84,30.66,11.0,-30,-30,94.8,-20,-84,167,-189,0,999,0,0,1,-1,-1,1,1,-1,-1,-1,-1,-1,0,0,
2026-04-14,21:22:40.340,7.62,84,99,99,-0.028,19.87,39,0,7.97,0.018,0.820,-2.25,57,0,162.80,-17.41,10,0.00,3.85,3.86,3.82,3.83,3.84,3.83,3.85,3.84,30.72,11.1,-30,-30,94.8,-22,-155,153,0,0,999,0,0,1,-1,-1,1,1,-1,-1,-1,-1,-1,0,0,
2026-04-14,21:22:40.600,7.62,81,100,100,-0.091,19.31,38,0,7.97,-0.073,1.093,-2.26,57,0,163.94,-18.46,10,0.00,3.85,3.86,3.84,3.85,3.84,3.83,3.85,3.84,30.72,11.1,-30,-30,91.3,-26,-282,210,210,0,999,0,0,1,-1,-1,1,1,-1,-1,-1,-1,-1,0,0,
2026-04-14,21:22:40.860,7.62,85,100,100,-0.101,18.77,37,0,7.97,-0.137,1.226,-1.80,56,0,171.76,-18.32,10,0.00,3.85,3.86,3.84,3.85,3.84,3.83,3.85,3.84,30.73,13.8,-30,-30,89.3,-16,-219,280,-1,0,1000,0,0,1,-1,-1,1,1,-1,-1,-1,-1,-1,0,0,
2026-04-14,21:22:41.120,7.62,85,100,100,-0.050,17.69,38,0,7.97,-0.202,1.148,-2.81,57,0,-175.28,-16.54,10,0.00,3.85,3.86,3.84,3.85,3.85,3.86,3.85,3.84,30.73,13.8,-30,-30,87.2,-31,-85,316,-447,0,1000,0,0,1,-1,-1,1,1,-1,-1,-1,-1,-1,0,0,
2026-04-14,21:22:41.380,7.62,92,100,100,-0.014,16.57,40,0,7.97,-0.225,1.414,-2.81,57,0,-176.70,-15.54,10,0.00,3.85,3.86,3.84,3.85,3.85,3.86,3.86,3.85,30.67,21.7,-30,-30,87.2,-41,-68,401,-524,0,1000,0,0,1,-1,-1,1,1,-1,-1,-1,-1,-1,0,0,
2026-04-14,21:22:41.640,7.62,93,100,100,-0.031,15.51,42,0,7.97,-0.110,0.842,-3.59,57,0,168.01,-13.15,10,0.00,3.84,3.86,3.84,3.85,3.85,3.86,3.86,3.85,30.67,21.7,-30,-30,91.3,0,-132,411,-51,0,999,0,0,1,-1,-1,1,1,-1,-1,-1,-1,-1,0,0,
2026-04-14,21:22:41.910,7.62,98,100,100,-0.116,14.32,45,0,7.92,-0.269,1.477,-4.02,57,0,174.19,-15.10,10,0.00,3.84,3.86,3.82,3.83,3.85,3.86,3.86,3.85,30.61,26.7,-30,-30,92.6,0,-328,407,-206,0,999,0,0,1,-1,-1,1,1,-1,-1,-1,-1,-1,0,0,
2026-04-14,21:22:42.170,7.62,99,100,100,-0.032,12.44,46,0,7.94,-0.187,1.268,-3.20,58,0,-131.05,-14.98,10,0.00,3.84,3.86,3.82,3.83,3.82,3.82,3.86,3.85,30.61,26.7,-30,-30,93.0,0,-151,409,-486,0,999,0,0,1,-1,-1,1,1,-1,-1,-1,-1,-1,0,0,
2026-04-14,21:22:42.440,7.62,99,100,100,0.056,11.33,47,0,7.96,-0.130,1.149,-3.76,56,0,171.57,-18.05,10,0.00,3.84,3.86,3.82,3.83,3.82,3.82,3.83,3.82,30.56,25.8,-30,-30,95.7,0,-143,429,-482,0,999,0,0,1,-1,-1,1,1,-1,-1,-1,-1,-1,0,0,
2026-04-14,21:22:42.710,7.62,99,100,100,-0.116,10.59,45,0,7.97,-0.219,1.211,-3.19,54,0,160.33,-20.16,10,0.00,3.81,3.83,3.82,3.83,3.82,3.82,3.83,3.82,30.56,25.8,-30,-30,97.0,0,-186,433,73,0,1000,0,0,1,-1,-1,1,1,-1,-1,-1,-1,-1,0,0,
2026-04-14,21:22:42.980,7.62,97,100,100,-0.132,10.12,44,0,7.97,-0.200,1.210,-2.32,56,0,164.99,-20.44,10,0.00,3.81,3.83,3.80,3.81,3.82,3.82,3.83,3.82,30.50,27.4,-30,-30,96.5,0,-132,459,27,0,999,0,0,1,-1,-1,1,1,-1,-1,-1,-1,-1,0,0,
2026-04-14,21:22:43.240,7.62,96,100,100,-0.004,9.56,44,0,7.97,-0.200,0.989,-1.90,55,0,171.73,-20.56,10,0.00,3.81,3.83,3.80,3.81,3.82,3.82,3.83,3.82,30.50,27.4,-30,-30,93.2,0,17,427,-92,0,999,0,0,1,-1,-1,1,1,-1,-1,-1,-1,-1,0,0,
2026-04-14,21:22:43.510,7.63,94,100,100,0.044,8.58,44,0,7.97,-0.126,0.804,-2.69,52,0,171.73,-20.56,10,0.00,3.81,3.83,3.80,3.81,3.81,3.80,3.83,3.82,30.46,29.2,-30,-30,93.7,0,-42,408,2,0,999,0,0,1,-1,-1,1,1,-1,-1,-1,-1,-1,0,0,
2026-04-14,21:22:43.770,7.62,93,100,100,-0.008,7.79,45,0,7.95,-0.151,0.895,-2.92,48,0,171.06,-18.53,10,0.00,3.81,3.83,3.80,3.81,3.81,3.80,3.82,3.80,30.46,29.2,-30,-30,93.7,0,-86,406,30,0,999,0,0,1,-1,-1,1,1,-1,-1,-1,-1,-1,0,0,
2026-04-14,21:22:44.030,7.62,88,100,100,0.040,7.25,45,0,7.94,-0.190,1.107,-2.41,49,0,173.67,-19.18,10,0.00,3.80,3.82,3.80,3.81,3.81,3.80,3.82,3.80,30.43,26.4,-30,-30,86.3,0,-66,399,163,0,999,0,0,1,-1,-1,1,1,-1,-1,-1,-1,-1,0,0,
2026-04-14,21:22:44.300,7.62,85,100,100,0.044,6.99,46,0,7.95,-0.155,0.962,-1.50,52,0,178.58,-18.44,10,0.00,3.80,3.82,3.79,3.80,3.81,3.80,3.82,3.80,30.43,25.6,-30,-30,89.5,0,-37,378,75,0,999,0,0,1,-1,-1,1,1,-1,-1,-1,-1,-1,0,0,
2026-04-14,21:22:44.570,7.62,85,100,100,-0.003,6.68,46,0,7.93,-0.155,1.014,-1.11,49,0,-173.92,-16.92,10,0.00,3.80,3.82,3.79,3.80,3.80,3.80,3.82,3.80,30.43,25.6,-30,-30,91.3,0,-130,273,73,0,999,0,0,1,-1,-1,1,1,-1,-1,-1,-1,-1,0,0,
2026-04-14,21:22:44.840,7.62,89,100,100,-0.055,5.63,46,0,7.96,-0.134,1.108,-1.68,50,0,-179.03,-15.73,10,0.00,3.80,3.82,3.79,3.80,3.80,3.80,3.82,3.81,30.49,16.8,-30,-30,90.2,0,-248,253,181,0,999,0,0,1,-1,-1,1,1,-1,-1,-1,-1,-1,0,0,
2026-04-14,21:22:45.100,7.62,94,100,100,0.002,5.26,47,0,7.96,-0.165,1.138,-1.33,54,0,-175.99,-14.79,10,0.00,3.81,3.83,3.79,3.80,3.80,3.80,3.82,3.81,30.49,16.8,-30,-30,90.2,0,-177,395,139,0,999,0,0,1,-1,-1,1,1,-1,-1,-1,-1,-1,0,0,
2026-04-14,21:22:45.360,7.62,98,100,100,-0.055,4.44,47,0,7.97,-0.241,1.170,-2.12,56,0,-176.63,-15.49,10,0.00,3.81,3.83,3.79,3.80,3.80,3.80,3.82,3.81,30.44,27.1,-30,-30,88.0,0,-65,417,248,0,999,0,0,1,-1,-1,1,1,-1,-1,-1,-1,-1,0,0,
2026-04-14,21:22:45.630,7.62,99,100,100,-0.036,3.55,47,0,7.97,-0.180,0.997,-2.74,54,0,-172.35,-14.98,10,0.00,3.81,3.83,3.80,3.81,3.80,3.80,3.82,3.81,30.44,27.1,-30,-30,91.9,5,-25,306,289,0,999,0,0,1,-1,-1,1,1,-1,-1,-1,-1,-1,0,0,
2026-04-14,21:22:45.890,7.62,98,100,100,-0.062,2.66,47,0,7.97,-0.218,1.061,-3.05,52,0,-166.64,-13.63,10,0.00,3.81,3.83,3.80,3.81,3.82,3.81,3.82,3.81,30.45,21.8,-30,-30,84.6,0,-210,292,-135,0,999,0,0,1,-1,-1,1,1,-1,-1,-1,-1,-1,0,0,
2026-04-14,21:22:46.150,7.62,98,100,100,0.046,2.33,45,0,7.97,-0.181,1.074,-2.07,56,0,-169.84,-13.45,10,0.00,3.81,3.83,3.80,3.81,3.82,3.81,3.83,3.81,30.45,21.8,-30,-30,84.6,0,-123,325,144,0,1000,0,0,1,-1,-1,1,1,-1,-1,-1,-1,-1,0,0,
2026-04-14,21:22:46.410,7.62,93,100,100,0.099,1.93,42,0,7.97,-0.125,0.904,-1.53,60,0,-174.94,-14.34,10,0.00,3.81,3.83,3.80,3.81,3.82,3.81,3.83,3.81,30.46,21.9,-30,-30,83.5,3,-76,285,331,0,999,0,0,1,-1,-1,1,1,-1,-1,-1,-1,-1,0,0,
2026-04-14,21:22:46.670,7.62,91,100,100,0.093,1.44,40,0,7.92,-0.143,1.050,-1.61,61,0,-175.58,-12.75,10,0.00,3.81,3.83,3.80,3.81,3.82,3.81,3.83,3.81,30.46,21.9,-30,-30,84.3,237,-170,195,442,0,999,0,0,1,-1,-1,1,1,-1,-1,-1,-1,-1,0,0,
2026-04-14,21:22:46.930,7.62,91,100,100,-0.035,0.93,41,0,7.92,-0.094,0.969,-1.72,59,0,-169.81,-10.46,10,0.00,3.81,3.83,3.80,3.81,3.82,3.81,3.83,3.81,30.50,15.3,-30,-30,87.2,204,-263,348,375,0,999,0,0,1,-1,-1,1,1,-1,-1,-1,-1,-1,0,0,
2026-04-14,21:22:47.190,7.62,96,100,100,0.001,0.45,44,0,7.93,-0.249,1.372,-1.64,61,0,-158.45,-10.34,10,0.00,3.81,3.83,3.80,3.81,3.82,3.81,3.83,3.82,30.50,15.3,-30,-30,85.9,87,-213,199,0,0,1000,0,0,1,-1,-1,1,1,-1,-1,-1,-1,-1,0,0,
2026-04-14,21:22:47.470,7.62,99,100,100,-0.080,-0.32,49,0,7.92,-0.140,1.260,-2.18,63,0,-153.90,-8.44,10,0.00,3.82,3.84,3.80,3.81,3.82,3.81,3.83,3.82,30.55,20.4,-30,-30,88.2,0,-301,294,-215,0,999,0,0,1,-1,-1,1,1,-1,-1,-1,-1,-1,0,0,
2026-04-14,21:22:47.740,7.62,100,100,100,-0.041,-1.00,52,0,7.93,-0.139,1.378,-1.69,64,0,-149.48,-7.32,10,0.00,3.82,3.84,3.80,3.81,3.82,3.81,3.83,3.82,30.55,20.4,-30,-30,93.0,-103,-244,388,-825,0,1000,0,0,1,-1,-1,1,1,-1,-1,-1,-1,-1,0,0,
2026-04-14,21:22:48.010,7.62,100,100,100,-0.036,-2.03,54,0,7.88,-0.104,1.421,-1.99,63,0,-153.66,-9.32,10,0.00,3.82,3.84,3.82,3.82,3.82,3.81,3.83,3.82,30.52,22.6,-30,-30,94.6,-86,69,328,-633,0,999,0,0,1,-1,-1,1,1,-1,-1,-1,-1,-1,0,0,
2026-04-14,21:22:48.270,7.62,100,100,100,-0.110,-2.69,56,0,7.92,-0.027,0.549,-2.25,62,0,85.02,-9.88,10,0.00,3.82,3.84,3.82,3.82,3.82,3.82,3.83,3.82,30.52,19.0,-30,-30,94.6,-32,-163,274,130,0,999,0,0,1,-1,-1,1,1,-1,-1,-1,-1,-1,0,0,
2026-04-14,21:22:48.530,7.62,100,100,100,-0.002,-2.81,56,0,7.91,-0.114,1.236,-1.37,62,0,95.19,-10.62,10,0.00,3.82,3.84,3.82,3.82,3.82,3.82,3.83,3.82,30.54,19.0,-30,-30,98.2,0,-361,337,429,0,999,0,0,1,-1,-1,1,1,-1,-1,-1,-1,-1,0,0,
2026-04-14,21:22:48.800,7.62,100,100,100,0.016,-3.01,57,0,7.94,-0.168,1.312,-0.73,63,0,-176.07,-12.96,10,0.00,3.82,3.84,3.82,3.82,3.82,3.82,3.83,3.82,30.56,20.9,-30,-30,93.2,0,206,168,0,0,1000,0,0,1,-1,-1,1,1,-1,-1,-1,-1,-1,0,0,
2026-04-14,21:22:49.080,7.62,100,100,100,0.083,-3.40,57,0,7.94,0.002,0.724,-1.16,63,0,-177.89,-11.27,10,0.00,3.82,3.84,3.81,3.82,3.82,3.82,3.83,3.82,30.56,20.9,-30,-30,85.6,0,-548,213,42,0,999,0,0,1,-1,-1,1,1,-1,-1,-1,-1,-1,0,0,
2026-04-14,21:22:49.340,7.62,100,100,100,0.045,-3.37,57,0,7.89,-0.249,1.001,-0.49,62,0,-179.17,-9.99,10,0.00,3.82,3.84,3.81,3.82,3.83,3.83,3.83,3.82,30.53,15.5,-30,-30,84.3,0,-520,307,379,0,1000,0,0,1,-1,-1,1,1,-1,-1,-1,-1,-1,0,0,
2026-04-14,21:22:49.600,7.61,99,100,100,0.004,-3.47,57,0,7.93,-0.284,1.362,-0.27,64,0,178.36,-17.38,10,0.00,3.82,3.84,3.81,3.82,3.83,3.83,3.84,3.83,30.53,15.5,-30,-30,79.6,125,0,-202,138,0,999,0,0,1,-1,-1,1,1,-1,-1,-1,-1,-1,0,0,
2026-04-14,21:22:49.860,7.61,97,100,100,-0.064,-3.57,57,0,7.94,0.104,0.602,-0.35,64,0,95.27,-15.56,10,0.00,3.82,3.84,3.81,3.82,3.83,3.83,3.84,3.83,30.73,1.8,-30,-30,80.7,169,-404,-401,302,0,1000,0,0,1,-1,-1,1,1,-1,-1,-1,-1,-1,0,0,
2026-04-14,21:22:50.130,7.62,97,100,100,-0.065,-3.17,57,0,7.91,0.042,0.836,0.35,63,0,-171.62,-11.91,10,0.00,3.84,3.85,3.81,3.82,3.83,3.83,3.84,3.83,30.73,1.8,-30,-30,74.6,193,-338,-403,243,0,1000,0,0,1,-1,-1,1,1,-1,-1,-1,-1,-1,0,0,
2026-04-14,21:22:50.400,7.62,98,100,100,-0.050,-2.45,57,0,7.88,0.001,0.805,1.82,63,0,-162.79,-9.46,10,0.00,3.84,3.85,3.85,3.85,3.83,3.83,3.84,3.83,30.84,0.0,-30,-30,66.1,122,-653,-348,-92,0,1000,0,0,1,-1,-1,1,1,-1,-1,-1,-1,-1,0,0,
2026-04-14,21:22:50.660,7.62,100,100,100,-0.033,-2.36,57,0,7.84,-0.013,0.886,1.34,62,0,-161.86,-7.83,10,0.00,3.84,3.85,3.85,3.85,3.86,3.87,3.84,3.83,30.84,0.0,-30,-30,66.1,0,-1022,-312,-250,0,999,0,0,1,-1,-1,1,1,-1,-1,-1,-1,-1,0,0,
2026-04-14,21:22:50.920,7.62,100,100,100,-0.106,-2.53,55,0,7.75,0.350,2.386,-0.33,57,0,154.65,-10.33,10,0.00,3.84,3.85,3.85,3.85,3.86,3.87,3.89,3.89,30.93,1.8,-30,-30,61.1,-41,-783,-430,-331,0,999,0,0,1,-1,-1,1,1,-1,-1,-1,-1,-1,0,0,
2026-04-14,21:22:51.190,7.62,100,100,100,-0.002,-2.36,54,0,7.61,0.113,0.771,0.16,56,0,25.00,-8.59,10,0.00,3.88,3.90,3.85,3.85,3.86,3.87,3.89,3.89,30.93,1.8,-30,-30,57.2,312,-810,-517,52,0,1000,0,0,1,-1,-1,1,1,-1,-1,-1,-1,-1,0,0,
2026-04-14,21:22:51.450,7.62,100,100,100,-0.100,-2.11,53,0,7.71,0.172,0.895,0.60,61,0,177.90,-9.78,10,0.00,3.88,3.90,3.88,3.88,3.86,3.87,3.89,3.89,31.01,0.0,-30,-30,57.4,672,-801,-517,153,0,999,0,0,1,-1,-1,1,1,-1,-1,-1,-1,-1,0,0,
2026-04-14,21:22:51.710,7.62,100,100,100,0.098,-2.08,53,0,7.72,0.110,0.709,0.38,64,0,-96.79,-8.10,10,0.00,3.88,3.90,3.88,3.88,3.88,3.89,3.89,3.89,31.01,0.0,-30,-30,50.6,847,-799,-514,133,0,1000,0,0,1,-1,-1,1,1,-1,-1,-1,-1,-1,0,0,
2026-04-14,21:22:51.970,7.62,100,100,100,0.106,-2.18,53,0,7.73,0.109,1.600,-0.09,66,0,-10.73,-6.53,10,0.00,3.88,3.90,3.88,3.88,3.88,3.89,3.90,3.90,31.08,0.0,-30,-30,41.7,843,-794,-458,101,0,999,0,0,1,-1,-1,1,1,-1,-1,-1,-1,-1,0,0,
2026-04-14,21:22:52.240,7.62,100,100,100,-0.267,-1.83,53,0,7.80,0.237,2.099,0.56,65,0,177.55,-1.41,10,0.00,3.88,3.90,3.88,3.88,3.88,3.89,3.90,3.90,31.08,0.0,-30,-30,39.3,827,-790,-425,67,0,999,0,0,1,-1,-1,1,1,-1,-1,-1,-1,-1,0,0,
2026-04-14,21:22:52.500,7.62,100,100,100,-0.030,-1.66,53,0,7.72,0.082,1.161,0.74,67,0,178.60,-3.15,10,0.00,3.89,3.90,3.88,3.88,3.88,3.89,3.90,3.90,31.12,2.1,-30,-30,41.7,641,-781,-424,40,0,1000,0,0,1,-1,-1,1,1,-1,-1,-1,-1,-1,0,0,
2026-04-14,21:22:52.760,7.61,100,100,100,-0.262,-1.61,53,0,7.81,0.199,1.128,0.34,68,0,177.43,-0.83,10,0.00,3.89,3.90,3.89,3.89,3.88,3.89,3.90,3.90,31.12,2.1,-30,-30,41.7,623,-771,-423,0,0,999,0,0,1,-1,-1,1,1,-1,-1,-1,-1,-1,0,0,
2026-04-14,21:22:53.030,7.62,98,100,100,-0.124,-1.50,53,0,7.85,0.019,1.247,0.37,69,0,176.98,-0.09,10,0.00,3.89,3.90,3.89,3.89,3.88,3.90,3.90,3.90,31.15,2.0,-30,-30,41.7,656,-687,-279,0,0,999,0,0,1,-1,-1,1,1,-1,-1,-1,-1,-1,0,0,
2026-04-14,21:22:53.290,7.62,97,100,100,-0.010,-1.41,53,0,7.90,0.018,1.083,0.39,70,0,176.06,1.02,10,0.00,3.89,3.90,3.89,3.89,3.88,3.90,3.90,3.90,31.15,7.1,-30,-30,38.5,739,-665,-205,0,0,999,0,0,1,-1,-1,1,1,-1,-1,-1,-1,-1,0,0,
2026-04-14,21:22:53.560,7.62,97,100,100,-0.104,-1.67,53,0,7.91,-0.020,0.804,-0.02,72,0,176.72,0.40,10,0.00,3.89,3.90,3.89,3.89,3.88,3.90,3.90,3.90,31.15,7.1,-30,-30,27.2,826,-643,-197,0,0,999,0,0,1,-1,-1,1,1,-1,-1,-1,-1,-1,0,0,
2026-04-14,21:22:53.830,7.62,99,100,100,-0.160,-1.81,54,0,7.85,0.064,1.224,-0.40,73,0,176.27,3.70,10,0.00,3.89,3.90,3.88,3.89,3.88,3.90,3.90,3.90,31.14,7.4,-30,-30,29.4,872,-632,-144,0,0,999,0,0,1,-1,-1,1,1,-1,-1,-1,-1,-1,0,0,
2026-04-14,21:22:54.090,7.62,100,100,100,-0.194,-1.93,56,0,7.88,-0.078,0.708,-0.51,73,0,175.09,3.30,10,0.00,3.89,3.90,3.88,3.89,3.88,3.89,3.90,3.90,31.14,7.4,-30,-30,25.7,897,-620,-129,0,0,1000,0,0,1,-1,-1,1,1,-1,-1,-1,-1,-1,0,0,
2026-04-14,21:22:54.350,7.62,100,100,100,-0.178,-1.96,57,0,7.87,-0.132,1.082,-0.24,74,0,174.03,4.58,10,0.00,3.89,3.90,3.88,3.89,3.88,3.89,3.90,3.90,31.11,9.6,-30,-30,24.3,959,-610,-95,0,0,1000,0,0,1,-1,-1,1,1,-1,-1,-1,-1,-1,0,0,
2026-04-14,21:22:54.610,7.62,100,100,100,-0.169,-2.11,59,0,7.83,-0.090,0.881,-0.36,74,0,173.44,6.39,10,0.00,3.89,3.90,3.88,3.89,3.88,3.89,3.89,3.88,31.11,9.6,-30,-30,23.5,964,-598,-98,0,0,999,0,0,1,-1,-1,1,1,-1,-1,-1,-1,-1,0,0,
2026-04-14,21:22:54.880,7.62,100,100,100,-0.216,-2.21,60,0,7.85,0.004,0.959,-0.38,75,0,173.74,1.92,10,0.00,3.87,3.89,3.88,3.89,3.88,3.89,3.89,3.88,31.09,10.3,-30,-30,23.5,964,-594,-99,0,0,999,0,0,1,-1,-1,1,1,-1,-1,-1,-1,-1,0,0,
2026-04-14,21:22:55.140,7.62,100,100,100,-0.168,-2.20,62,0,7.85,-0.037,0.935,-0.10,75,0,172.46,1.77,10,0.00,3.87,3.89,3.87,3.87,3.88,3.89,3.89,3.88,31.09,10.3,-30,-30,21.7,904,-589,-211,0,0,999,0,0,1,-1,-1,1,1,-1,-1,-1,-1,-1,0,0,
2026-04-14,21:22:55.410,7.62,100,100,100,-0.227,-2.16,65,0,7.88,-0.003,0.899,-0.07,77,0,171.03,2.05,10,0.00,3.87,3.89,3.87,3.87,3.87,3.88,3.89,3.88,31.10,6.7,-30,-30,24.3,873,-584,-167,0,0,1000,0,0,1,-1,-1,1,1,-1,-1,-1,-1,-1,0,0,
2026-04-14,21:22:55.670,7.62,100,100,100,-0.077,-2.00,68,0,7.89,-0.193,1.158,0.28,79,0,171.69,-1.49,10,0.00,3.87,3.89,3.87,3.87,3.87,3.88,3.88,3.88,31.10,6.7,-30,-30,35.0,900,-579,-122,0,0,999,0,0,1,-1,-1,1,1,-1,-1,-1,-1,-1,0,0,
2026-04-14,21:22:55.930,7.62,100,100,100,-0.067,-1.82,72,0,7.87,-0.158,0.861,0.28,82,0,172.95,-4.14,10,0.00,3.87,3.89,3.87,3.87,3.87,3.88,3.88,3.88,31.09,10.1,-30,-30,25.6,917,-575,-122,0,0,1000,0,0,1,-1,-1,1,1,-1,-1,-1,-1,-1,0,0,
2026-04-14,21:22:56.200,7.62,100,100,100,-0.040,-1.82,75,0,7.87,-0.236,1.097,0.28,84,0,175.75,-2.39,10,0.00,3.87,3.89,3.87,3.88,3.87,3.88,3.88,3.88,31.09,10.1,-30,-30,33.7,983,-577,-179,0,0,1000,0,0,1,-1,-1,1,1,-1,-1,-1,-1,-1,0,0,
2026-04-14,21:22:56.480,7.62,100,100,100,0.099,-2.10,76,0,7.86,-0.152,1.268,-0.42,85,0,176.45,-2.01,10,0.00,3.87,3.89,3.87,3.88,3.87,3.88,3.88,3.88,31.11,9.1,-30,-30,30.7,1003,-456,-470,0,0,999,0,0,1,-1,-1,1,1,-1,-1,-1,-1,-1,0,0,
2026-04-14,21:22:56.750,7.62,100,100,100,-0.054,-1.92,76,0,7.88,-0.111,1.189,0.14,86,0,178.19,-2.92,10,0.00,3.87,3.89,3.87,3.88,3.87,3.88,3.88,3.88,31.11,9.1,-30,-30,33.2,1016,9,-599,0,0,999,0,0,1,-1,-1,1,1,-1,-1,-1,-1,-1,0,0,
2026-04-14,21:22:57.010,7.62,100,100,100,-0.033,-1.58,73,0,7.83,-0.015,1.062,0.75,86,0,178.67,-1.52,10,0.00,3.87,3.89,3.87,3.88,3.87,3.88,3.89,3.89,31.17,0.0,-30,-30,30.0,1022,13,-517,0,0,1000,0,0,1,-1,-1,1,1,-1,-1,-1,-1,-1,0,0,
2026-04-14,21:22:57.280,7.62,100,100,100,0.043,-1.41,71,0,7.82,0.005,1.057,0.77,86,0,179.27,-1.45,10,0.00,3.89,3.90,3.87,3.88,3.87,3.88,3.89,3.89,31.17,1.6,-30,-30,30.0,1023,13,-513,0,0,999,0,0,1,-1,-1,1,1,-1,-1,-1,-1,-1,0,0,
2026-04-14,21:22:57.540,7.62,100,100,100,0.003,-1.42,69,0,7.85,-0.025,0.897,0.31,87,0,179.02,-1.25,10,0.00,3.89,3.90,3.89,3.89,3.87,3.88,3.89,3.89,31.21,1.6,-30,-30,28.7,1021,13,-598,0,0,1000,0,0,1,-1,-1,1,1,-1,-1,-1,-1,-1,0,0,
2026-04-14,21:22:57.800,7.62,100,100,100,-0.097,-1.46,69,0,7.85,-0.051,1.062,0.01,87,0,178.59,-1.51,10,0.00,3.89,3.90,3.89,3.89,3.89,3.91,3.89,3.89,31.25,0.0,-30,-30,25.7,1021,13,-603,0,0,999,0,0,1,-1,-1,1,1,-1,-1,-1,-1,-1,0,0,
2026-04-14,21:22:58.060,7.62,100,100,100,-0.052,-1.41,68,0,7.86,-0.023,1.021,0.09,87,0,177.89,-1.41,10,0.00,3.89,3.90,3.89,3.89,3.89,3.91,3.91,3.91,31.25,0.0,-30,-30,27.2,1017,13,-605,0,0,999,0,0,1,-1,-1,1,1,-1,-1,-1,-1,-1,0,0,
2026-04-14,21:22:58.320,7.62,100,100,100,-0.065,-1.30,68,0,7.86,-0.061,0.999,0.21,88,0,177.64,-1.81,10,0.00,3.90,3.91,3.89,3.89,3.89,3.91,3.91,3.91,31.27,0.6,-30,-30,25.0,1011,13,-609,0,0,999,0,0,1,-1,-1,1,1,-1,-1,-1,-1,-1,0,0,
2026-04-14,21:22:58.580,7.62,100,100,100,-0.068,-1.24,68,0,7.88,-0.059,0.937,0.24,88,0,177.09,-1.53,10,0.00,3.90,3.91,3.90,3.91,3.89,3.91,3.91,3.91,31.27,0.6,-30,-30,24.3,1012,13,-607,0,0,1000,0,0,1,-1,-1,1,1,-1,-1,-1,-1,-1,0,0,
2026-04-14,21:22:58.850,7.62,100,100,100,-0.074,-1.18,68,0,7.87,-0.062,0.990,0.21,89,0,176.66,-1.43,10,0.00,3.90,3.91,3.90,3.91,3.89,3.91,3.91,3.91,31.30,0.7,-30,-30,23.5,1016,13,-598,0,0,1000,0,0,1,-1,-1,1,1,-1,-1,-1,-1,-1,0,0,
2026-04-14,21:22:59.110,7.62,100,100,100,-0.057,-1.17,69,0,7.86,-0.049,1.025,0.14,88,0,176.46,-1.47,10,0.00,3.90,3.91,3.90,3.91,3.90,3.91,3.91,3.91,31.30,0.7,-30,-30,28.0,1017,13,-597,0,0,999,0,0,1,-1,-1,1,1,-1,-1,-1,-1,-1,0,0,
2026-04-14,21:22:59.380,7.62,100,100,100,-0.059,-1.05,70,0,7.86,-0.057,0.953,0.02,89,0,176.44,-1.97,10,0.00,3.90,3.91,3.90,3.91,3.90,3.91,3.91,3.91,31.32,0.9,-30,-30,20.7,1016,13,-597,0,0,1000,0,0,1,-1,-1,1,1,-1,-1,-1,-1,-1,0,0,
2026-04-14,21:22:59.640,7.62,100,100,100,-0.027,-0.99,69,0,7.86,-0.055,1.006,0.28,90,0,176.33,-2.13,10,0.00,3.90,3.92,3.90,3.91,3.90,3.91,3.91,3.91,31.32,0.9,-30,-30,20.7,1015,13,-598,0,0,999,0,0,1,-1,-1,1,1,-1,-1,-1,-1,-1,0,0,
2026-04-14,21:22:59.900,7.62,100,100,100,-0.056,-0.99,70,0,7.86,-0.059,0.953,0.05,90,0,176.02,-2.41,10,0.00,3.90,3.92,3.90,3.91,3.90,3.91,3.91,3.91,31.34,0.9,-30,-30,25.0,1014,13,-599,0,0,999,0,0,1,-1,-1,1,1,-1,-1,-1,-1,-1,0,0,
2026-04-14,21:23:00.170,7.62,100,100,100,-0.066,-0.93,71,0,7.86,-0.062,1.025,0.13,89,0,175.71,-2.52,10,0.00,3.90,3.92,3.90,3.91,3.90,3.91,3.91,3.91,31.34,0.9,-30,-30,25.4,1012,13,-599,0,0,1000,0,0,1,-1,-1,1,1,-1,-1,-1,-1,-1,0,0,
2026-04-14,21:23:00.430,7.62,100,100,100,-0.070,-0.84,73,0,7.88,-0.063,0.951,0.24,88,0,175.70,-2.60,10,0.00,3.90,3.92,3.90,3.91,3.90,3.91,3.91,3.91,31.35,1.0,-30,-30,25.0,1012,13,-634,0,0,999,0,0,1,-1,-1,1,1,-1,-1,-1,-1,-1,0,0,
2026-04-14,21:23:00.700,7.62,100,100,100,-0.041,-0.83,73,0,7.87,-0.062,0.919,0.15,87,0,175.56,-2.63,10,0.00,3.91,3.92,3.90,3.91,3.90,3.91,3.91,3.91,31.35,1.0,-30,-30,30.0,1013,13,-699,0,0,999,0,0,1,-1,-1,1,1,-1,-1,-1,-1,-1,0,0,
2026-04-14,21:23:00.970,7.62,100,100,100,-0.020,-0.81,74,0,7.86,-0.052,0.968,0.07,90,0,175.59,-2.80,10,0.00,3.91,3.92,3.91,3.91,3.90,3.91,3.91,3.91,31.37,0.0,-30,-30,17.8,1012,13,-729,0,0,1000,0,0,1,-1,-1,1,1,-1,-1,-1,-1,-1,0,0,
2026-04-14,21:23:01.250,7.62,100,100,100,-0.036,-0.67,74,0,7.88,-0.045,0.961,0.31,90,0,175.69,-2.98,10,0.00,3.91,3.92,3.91,3.91,3.90,3.91,3.91,3.91,31.37,0.0,-30,-30,16.5,1009,13,-712,0,0,999,0,0,1,-1,-1,1,1,-1,-1,-1,-1,-1,0,0,
2026-04-14,21:23:01.530,7.62,100,100,100,-0.052,-0.61,73,0,7.93,-0.059,1.026,0.29,88,0,175.86,-3.29,10,0.00,3.91,3.92,3.91,3.91,3.91,3.91,3.91,3.91,31.39,0.0,-30,-30,12.4,975,13,-710,0,0,999,0,0,1,-1,-1,1,1,-1,-1,-1,-1,-1,0,0,
2026-04-14,21:23:01.790,7.62,100,100,100,-0.042,-0.60,73,0,7.95,-0.057,1.010,0.16,90,0,176.00,-3.27,10,0.00,3.91,3.92,3.91,3.91,3.91,3.91,3.92,3.92,31.40,0.3,-30,-30,12.4,740,13,-731,0,0,1000,0,0,1,-1,-1,1,1,-1,-1,-1,-1,-1,0,0,
2026-04-14,21:23:02.050,7.62,100,100,100,-0.022,-0.65,74,0,7.89,-0.063,1.003,-0.02,90,0,176.30,-3.09,10,0.00,3.91,3.92,3.91,3.91,3.91,3.91,3.92,3.92,31.40,0.3,-30,-30,12.4,321,12,-1020,0,0,1000,0,0,1,-1,-1,1,1,-1,-1,-1,-1,-1,0,0,
2026-04-14,21:23:02.320,7.62,100,100,100,-0.034,-0.64,78,0,7.90,-0.053,0.983,-0.01,91,0,176.50,-3.00,10,0.00,3.91,3.92,3.91,3.92,3.91,3.91,3.92,3.92,31.42,0.0,-30,-30,10.7,26,13,-1024,0,0,1000,0,0,1,-1,-1,1,1,-1,-1,-1,-1,-1,0,0,
2026-04-14,21:23:02.580,7.62,100,100,100,-0.083,-0.57,79,0,7.91,-0.096,0.997,0.14,92,0,176.83,-2.86,10,0.00,3.91,3.92,3.91,3.92,3.91,3.92,3.92,3.92,31.42,0.0,-30,-30,0.0,0,13,-1024,0,0,999,0,0,1,-1,-1,1,1,-1,-1,-1,-1,-1,0,0,
2026-04-14,21:23:02.850,7.62,100,100,100,-0.032,-0.52,82,0,7.94,-0.121,0.967,0.19,94,0,176.95,-3.42,10,0.00,3.91,3.92,3.91,3.92,3.91,3.92,3.92,3.92,31.43,0.0,-30,-30,0.0,0,13,-1024,0,0,1000,0,0,1,-1,-1,1,1,-1,-1,-1,-1,-1,0,0,
2026-04-14,21:23:03.110,7.62,100,100,100,-0.050,-0.48,84,0,7.96,-0.116,0.993,0.15,96,0,177.06,-3.62,10,0.00,3.91,3.93,3.91,3.92,3.91,3.92,3.92,3.92,31.43,0.0,-30,-30,0.0,0,13,-1024,0,0,999,0,0,1,-1,-1,1,1,-1,-1,-1,-1,-1,0,0,
2026-04-14,21:23:03.380,7.62,100,100,100,-0.038,-0.47,84,0,7.96,-0.124,0.986,0.10,98,0,177.19,-3.97,10,0.00,3.91,3.93,3.91,3.92,3.91,3.92,3.92,3.92,31.44,0.0,-30,-30,8.9,0,13,-1024,0,0,999,0,0,1,-1,-1,1,1,-1,-1,-1,-1,-1,0,0,
2026-04-14,21:23:03.650,7.62,100,100,99,-0.021,-0.50,83,0,7.97,-0.110,0.958,-0.02,99,0,177.25,-4.13,10,0.00,3.91,3.93,3.91,3.92,3.91,3.92,3.92,3.92,31.44,0.0,-30,-30,6.1,0,13,-1024,0,0,1000,0,0,1,-1,-1,1,1,-1,-1,-1,-1,-1,0,0,
2026-04-14,21:23:03.910,7.62,100,100,99,-0.022,-0.51,83,0,7.97,-0.117,0.982,-0.02,100,0,177.40,-4.37,10,0.00,3.91,3.93,3.91,3.92,3.91,3.92,3.92,3.92,31.44,0.0,-30,-30,12.4,0,13,-1024,0,0,1000,0,0,1,-1,-1,1,1,-1,-1,-1,-1,-1,0,0,
2026-04-14,21:23:04.180,7.62,100,100,99,-0.032,-0.55,82,0,7.97,-0.113,0.970,-0.08,100,0,177.50,-4.60,10,0.00,3.91,3.93,3.91,3.92,3.91,3.92,3.92,3.93,31.44,0.0,-30,-30,10.7,0,14,-1024,0,0,999,0,0,1,-1,-1,1,1,-1,-1,-1,-1,-1,0,0,
2026-04-14,21:23:04.450,7.62,100,100,99,-0.041,-0.61,82,0,7.97,-0.115,0.977,-0.14,100,0,177.55,-4.71,10,0.00,3.91,3.93,3.91,3.92,3.91,3.92,3.92,3.93,31.45,0.0,-30,-30,10.7,0,13,-1024,0,0,1000,0,0,1,-1,-1,1,1,-1,-1,-1,-1,-1,0,0,
2026-04-14,21:23:04.720,7.62,100,100,99,-0.042,-0.61,82,0,7.97,-0.120,0.975,-0.02,100,0,177.63,-4.88,10,0.00,3.91,3.93,3.92,3.92,3.91,3.92,3.92,3.93,31.45,0.0,-30,-30,10.7,0,13,-1024,0,0,1000,0,0,1,-1,-1,1,1,-1,-1,-1,-1,-1,0,0,
2026-04-14,21:23:04.990,7.62,100,100,99,-0.034,-0.56,82,0,7.97,-0.124,0.994,0.07,100,0,177.68,-5.03,10,0.00,3.91,3.93,3.92,3.92,3.92,3.92,3.92,3.93,31.46,0.0,-30,-30,10.7,0,13,-1024,0,0,999,0,0,1,-1,-1,1,1,-1,-1,-1,-1,-1,0,0,
2026-04-14,21:23:05.250,7.62,100,100,99,-0.051,-0.64,82,0,7.97,-0.116,0.974,0.01,100,0,177.73,-5.08,10,0.00,3.91,3.93,3.92,3.92,3.92,3.92,3.92,3.93,31.46,0.0,-30,-30,13.9,0,13,-1024,0,0,1000,0,0,1,-1,-1,1,1,-1,-1,-1,-1,-1,0,0,
2026-04-14,21:23:05.510,7.62,100,100,99,-0.043,-0.76,81,0,7.97,-0.115,0.974,-0.36,100,0,177.78,-5.19,10,0.00,3.92,3.93,3.92,3.92,3.92,3.92,3.92,3.93,31.48,0.0,-30,-30,10.7,0,13,-1024,0,0,1000,0,0,1,-1,-1,1,1,-1,-1,-1,-1,-1,0,0,
2026-04-14,21:23:05.780,7.62,100,100,99,-0.032,-0.76,81,0,7.97,-0.113,0.978,-0.16,100,0,177.79,-5.24,10,0.00,3.92,3.93,3.92,3.93,3.92,3.92,3.92,3.93,31.48,0.0,-30,-30,0.0,0,13,-1024,0,0,1000,0,0,1,-1,-1,1,1,-1,-1,-1,-1,-1,0,0,
2026-04-14,21:23:06.050,7.62,100,100,99,-0.025,-0.73,82,0,7.97,-0.113,0.981,-0.01,100,0,177.82,-5.34,10,0.00,3.92,3.93,3.92,3.93,3.92,3.92,3.92,3.93,31.48,0.0,-30,-30,0.0,0,13,-1024,0,0,1000,0,0,1,-1,-1,1,1,-1,-1,-1,-1,-1,0,0,
2026-04-14,21:23:06.320,7.62,100,100,99,-0.041,-0.75,82,0,7.97,-0.115,0.973,0.00,100,0,177.86,-5.41,10,0.00,3.92,3.93,3.92,3.93,3.92,3.92,3.92,3.93,31.49,0.0,-30,-30,0.0,0,13,-1024,0,0,999,0,0,1,-1,-1,1,1,-1,-1,-1,-1,-1,0,0,
2026-04-14,21:23:06.580,7.62,100,100,99,-0.015,-0.71,80,0,7.97,-0.097,0.976,0.02,100,0,177.87,-5.44,10,0.00,3.92,3.93,3.92,3.93,3.92,3.92,3.92,3.93,31.49,0.0,-30,-30,8.9,0,13,-1024,0,0,1000,0,0,1,-1,-1,1,1,-1,-1,-1,-1,-1,0,0,
2026-04-14,21:23:06.850,7.62,99,99,99,-0.068,-0.64,80,0,7.97,-0.170,0.978,0.19,100,0,177.99,-5.89,10,0.00,3.92,3.93,3.92,3.93,3.92,3.92,3.92,3.93,30.05,0.0,-30,-30,8.9,0,14,-1024,0,0,999,0,0,1,-1,-1,1,1,-1,-1,-1,-1,-1,0,0,
2026-04-14,21:23:07.110,7.62,99,99,99,-0.067,-0.61,81,0,7.97,-0.126,0.958,0.13,100,0,177.90,-5.55,10,0.00,3.92,3.93,3.92,3.93,3.92,3.92,3.92,3.93,30.05,0.0,-30,-30,10.7,0,13,-1024,0,0,999,0,0,1,-1,-1,1,1,-1,-1,-1,-1,-1,0,0,
2026-04-14,21:23:07.380,7.62,99,99,99,-0.023,-0.61,84,0,7.97,-0.116,0.962,-0.01,100,0,177.92,-5.64,10,0.00,3.92,3.93,3.92,3.93,3.92,3.93,3.92,3.93,23.61,0.0,-30,-30,8.9,0,13,-1024,0,0,999,0,0,1,-1,-1,1,1,-1,-1,-1,-1,-1,0,0,
2026-04-14,21:23:07.640,7.62,100,100,100,-0.049,-0.64,85,0,7.97,-0.119,0.981,-0.09,100,0,177.94,-5.64,10,0.00,3.92,3.93,3.92,3.93,3.92,3.93,3.93,3.93,23.61,0.0,-30,-30,4.3,0,13,-1024,0,0,999,0,0,1,-1,-1,1,1,-1,-1,-1,-1,-1,0,0,
2026-04-14,21:23:07.900,7.62,100,100,100,-0.046,-0.67,87,0,7.97,-0.117,0.978,-0.10,100,0,177.96,-5.66,10,0.00,3.92,3.93,3.92,3.93,3.92,3.93,3.93,3.93,18.68,0.0,-30,-30,6.1,0,13,-1024,0,0,999,0,0,1,-1,-1,1,1,-1,-1,-1,-1,-1,0,0,
2026-04-14,21:23:08.170,7.62,100,100,100,-0.044,-0.58,87,0,7.97,-0.119,0.979,0.10,100,0,177.96,-5.69,10,0.00,3.92,3.93,3.92,3.93,3.92,3.93,3.93,3.93,18.68,0.0,-30,-30,10.7,0,13,-1024,0,0,1000,0,0,1,-1,-1,1,1,-1,-1,-1,-1,-1,0,0,
2026-04-14,21:23:08.440,7.61,100,100,100,-0.033,-0.53,88,0,7.97,-0.119,0.980,0.18,100,0,177.96,-5.70,10,0.00,3.92,3.93,3.92,3.93,3.92,3.93,3.93,3.93,14.87,0.0,-30,-30,0.0,0,12,-1024,0,0,999,0,0,1,-1,-1,1,1,-1,-1,-1,-1,-1,0,0,
2026-04-14,21:23:08.700,7.62,100,100,100,-0.033,-0.56,89,0,7.97,-0.116,0.976,0.03,100,0,177.98,-5.72,10,0.00,3.92,3.93,3.92,3.93,3.92,3.93,3.93,3.93,14.87,0.0,-30,-30,0.0,0,13,-1024,0,0,999,0,0,1,-1,-1,1,1,-1,-1,-1,-1,-1,0,0,
2026-04-14,21:23:08.970,7.61,99,100,100,-0.043,-0.63,89,0,7.97,-0.116,0.971,-0.13,100,0,177.98,-5.74,10,0.00,3.92,3.93,3.92,3.93,3.92,3.93,3.93,3.93,11.92,0.0,-30,-30,0.0,0,12,-1024,0,0,999,0,0,1,-1,-1,1,1,-1,-1,-1,-1,-1,0,0,
2026-04-14,21:23:09.230,7.62,99,100,100,-0.037,-0.63,89,0,7.97,-0.117,0.979,-0.08,100,0,177.99,-5.76,10,0.00,3.92,3.94,3.92,3.93,3.92,3.93,3.93,3.93,11.92,0.0,-30,-30,0.0,0,13,-1024,0,0,999,0,0,1,-1,-1,1,1,-1,-1,-1,-1,-1,0,0,
2026-04-14,21:23:09.490,7.61,98,100,100,-0.037,-0.63,89,0,7.97,-0.114,0.979,-0.04,100,0,178.00,-5.76,10,0.00,3.92,3.94,3.92,3.93,3.92,3.93,3.93,3.93,9.65,0.0,-30,-30,10.7,0,12,-1024,0,0,999,0,0,1,-1,-1,1,1,-1,-1,-1,-1,-1,0,0,
2026-04-14,21:23:09.750,7.62,99,100,100,-0.036,-0.62,87,0,7.97,-0.119,0.976,0.01,100,0,178.00,-5.77,10,0.00,3.92,3.94,3.92,3.93,3.92,3.93,3.93,3.93,9.65,0.0,-30,-30,0.0,0,12,-1024,0,0,999,0,0,1,-1,-1,1,1,-1,-1,-1,-1,-1,0,0,
2026-04-14,21:23:10.010,7.62,99,100,100,-0.037,-0.62,86,0,7.97,-0.119,0.969,0.01,100,0,178.00,-5.79,10,0.00,3.92,3.94,3.92,3.93,3.92,3.93,3.93,3.93,7.91,0.0,-30,-30,8.9,0,12,-1024,0,0,999,0,0,1,-1,-1,1,1,-1,-1,-1,-1,-1,0,0,
2026-04-14,21:23:10.280,7.62,100,100,100,-0.031,-0.72,86,0,7.97,-0.109,0.977,-0.16,100,0,178.00,-5.80,10,0.00,3.92,3.94,3.92,3.93,3.92,3.93,3.93,3.93,7.91,0.0,-30,-30,8.9,0,11,-1024,0,0,999,0,0,1,-1,-1,1,1,-1,-1,-1,-1,-1,0,0,
2026-04-14,21:23:10.540,7.62,100,100,100,-0.025,-0.81,86,0,7.97,-0.113,0.974,-0.21,100,0,178.00,-5.80,10,0.00,3.92,3.94,3.92,3.93,3.92,3.93,3.93,3.93,6.56,0.0,-30,-30,0.0,0,12,-1024,0,0,999,0,0,1,-1,-1,1,1,-1,-1,-1,-1,-1,0,0,
2026-04-14,21:23:10.800,7.62,100,100,100,-0.027,-0.83,86,0,7.97,-0.121,0.981,-0.20,100,0,178.01,-5.80,10,0.00,3.92,3.94,3.92,3.93,3.92,3.93,3.93,3.93,6.56,0.0,-30,-30,0.0,0,11,-1024,0,0,1000,0,0,1,-1,-1,1,1,-1,-1,-1,-1,-1,0,0,
2026-04-14,21:23:11.060,7.62,100,100,100,-0.038,-0.87,86,0,7.97,-0.117,0.987,-0.13,100,0,178.02,-5.82,10,0.00,3.92,3.94,3.92,3.93,3.92,3.93,3.93,3.93,5.52,0.0,-30,-30,0.0,0,12,-1024,0,0,1000,0,0,1,-1,-1,1,1,-1,-1,-1,-1,-1,0,0,
2026-04-14,21:23:11.320,7.62,100,100,100,-0.033,-0.86,86,0,7.97,-0.115,0.981,-0.05,100,0,178.02,-5.81,10,0.00,3.92,3.94,3.92,3.93,3.92,3.93,3.93,3.93,4.71,0.0,-30,-30,0.0,0,12,-1024,0,0,999,0,0,1,-1,-1,1,1,-1,-1,-1,-1,-1,0,0,
2026-04-14,21:23:11.590,7.62,100,100,100,-0.029,-0.80,85,0,7.97,-0.115,0.969,0.12,100,0,178.01,-5.82,10,0.00,3.92,3.94,3.92,3.93,3.92,3.93,3.93,3.93,4.71,0.0,-30,-30,6.1,0,13,-1024,0,0,1000,0,0,1,-1,-1,1,1,-1,-1,-1,-1,-1,0,0,
2026-04-14,21:23:11.850,7.62,100,100,100,-0.043,-0.80,85,0,7.97,-0.120,0.973,0.04,100,0,178.03,-5.82,10,0.00,3.92,3.94,3.92,3.93,3.92,3.93,3.93,3.93,4.09,0.0,-30,-30,0.0,0,13,-1024,0,0,999,0,0,1,-1,-1,1,1,-1,-1,-1,-1,-1,0,0,
2026-04-14,21:23:12.110,7.62,100,100,100,-0.038,-0.85,86,0,7.97,-0.109,0.971,-0.05,100,0,178.02,-5.82,10,0.00,3.92,3.94,3.92,3.93,3.92,3.93,3.93,3.93,4.09,0.0,-30,-30,0.0,0,13,-1024,0,0,999,0,0,1,-1,-1,1,1,-1,-1,-1,-1,-1,0,0,
2026-04-14,21:23:12.370,7.61,100,100,100,-0.044,-0.90,86,0,7.97,-0.111,0.978,-0.12,100,0,178.02,-5.82,10,0.00,3.92,3.94,3.92,3.93,3.92,3.93,3.93,3.93,3.60,0.0,-30,-30,0.0,0,13,-1024,0,0,1000,0,0,1,-1,-1,1,1,-1,-1,-1,-1,-1,0,0,
2026-04-14,21:23:12.630,7.62,100,100,100,-0.038,-0.97,86,0,7.97,-0.113,0.975,-0.19,100,0,178.02,-5.83,10,0.00,3.92,3.94,3.92,3.93,3.92,3.93,3.93,3.93,3.60,0.0,-30,-30,0.0,0,13,-1024,0,0,999,0,0,1,-1,-1,1,1,-1,-1,-1,-1,-1,0,0,
2026-04-14,21:23:12.900,7.62,100,100,100,-0.037,-1.03,87,0,7.97,-0.120,0.979,-0.23,100,0,178.02,-5.84,10,0.00,3.92,3.94,3.92,3.93,3.92,3.93,3.93,3.93,3.22,0.0,-30,-30,11.3,0,13,-1024,0,0,1000,0,0,1,-1,-1,1,1,-1,-1,-1,-1,-1,0,0,
2026-04-14,21:23:13.170,7.61,100,100,100,-0.041,-1.03,88,0,7.97,-0.123,0.979,-0.06,100,0,178.03,-5.84,10,0.00,3.92,3.94,3.92,3.93,3.92,3.93,3.93,3.93,3.22,0.0,-30,-30,11.3,0,13,-1024,0,0,999,0,0,1,-1,-1,1,1,-1,-1,-1,-1,-1,0,0,
2026-04-14,21:23:13.440,7.62,100,100,100,-0.036,-1.14,88,0,7.97,-0.115,0.981,-0.19,100,0,178.03,-5.84,10,0.00,3.92,3.94,3.92,3.93,3.92,3.93,3.93,3.93,2.91,0.0,-30,-30,10.7,0,13,-1024,0,0,999,0,0,1,-1,-1,1,1,-1,-1,-1,-1,-1,0,0,
2026-04-14,21:23:13.710,7.62,100,100,100,-0.040,-1.06,88,0,7.97,-0.116,0.976,0.09,100,0,178.03,-5.84,10,0.00,3.92,3.94,3.92,3.93,3.92,3.93,3.93,3.93,2.91,0.0,-30,-30,12.4,0,13,-1024,0,0,1000,0,0,1,-1,-1,1,1,-1,-1,-1,-1,-1,0,0,
2026-04-14,21:23:13.970,7.62,100,100,100,-0.029,-1.00,88,0,7.97,-0.110,0.979,0.17,100,0,178.03,-5.84,10,0.00,3.92,3.94,3.92,3.93,3.92,3.93,3.93,3.93,2.66,0.0,-30,-30,12.4,0,13,-1024,0,0,999,0,0,1,-1,-1,1,1,-1,-1,-1,-1,-1,0,0,
2026-04-14,21:23:14.230,7.62,100,100,100,-0.037,-1.01,88,0,7.97,-0.110,0.975,0.06,100,0,178.03,-5.84,10,0.00,3.92,3.94,3.93,3.93,3.92,3.93,3.93,3.93,2.66,0.0,-30,-30,12.4,0,13,-1024,0,0,999,0,0,1,-1,-1,1,1,-1,-1,-1,-1,-1,0,0,
2026-04-14,21:23:14.490,7.62,100,100,100,-0.038,-0.98,88,0,7.97,-0.123,0.982,0.07,100,0,178.03,-5.84,10,0.00,3.92,3.94,3.93,3.93,3.92,3.93,3.93,3.93,2.47,0.0,-30,-30,12.4,0,13,-1024,0,0,999,0,0,1,-1,-1,1,1,-1,-1,-1,-1,-1,0,0,
2026-04-14,21:23:14.750,7.62,100,100,100,-0.029,-0.97,88,0,7.97,-0.117,0.979,0.03,100,0,178.02,-5.84,10,0.00,3.92,3.94,3.93,3.93,3.92,3.93,3.93,3.93,2.47,0.0,-30,-30,10.7,0,13,-1024,0,0,1000,0,0,1,-1,-1,1,1,-1,-1,-1,-1,-1,0,0,
2026-04-14,21:23:15.010,7.62,100,100,100,-0.028,-0.89,88,0,7.97,-0.119,0.979,0.16,100,0,178.03,-5.85,10,0.00,3.92,3.94,3.93,3.93,3.92,3.93,3.93,3.93,2.30,0.0,-30,-30,6.1,0,13,-1024,0,0,999,0,0,1,-1,-1,1,1,-1,-1,-1,-1,-1,0,0,
2026-04-14,21:23:15.270,7.62,100,100,100,-0.034,-0.87,88,0,7.97,-0.117,0.979,0.16,100,0,178.03,-5.85,10,0.00,3.93,3.94,3.93,3.93,3.92,3.93,3.93,3.93,2.30,0.0,-30,-30,6.1,0,13,-1024,0,0,1000,0,0,1,-1,-1,1,1,-1,-1,-1,-1,-1,0,0,
2026-04-14,21:23:15.530,7.62,100,100,100,-0.039,-0.87,88,0,7.97,-0.118,0.978,0.03,100,0,178.03,-5.85,10,0.00,3.93,3.94,3.93,3.93,3.92,3.93,3.93,3.93,2.16,0.0,-30,-30,0.0,0,13,-1024,0,0,999,0,0,1,-1,-1,1,1,-1,-1,-1,-1,-1,0,0,
2026-04-14,21:23:15.800,7.61,100,100,100,-0.033,-0.80,88,0,7.97,-0.117,0.977,0.11,100,0,178.03,-5.85,10,0.00,3.93,3.94,3.93,3.93,3.92,3.93,3.93,3.93,2.16,0.0,-30,-30,0.0,0,13,-1024,0,0,999,0,0,1,-1,-1,1,1,-1,-1,-1,-1,-1,0,0,
2026-04-14,21:23:16.070,7.62,100,100,100,-0.040,-0.78,88,0,7.97,-0.120,0.979,0.13,100,0,178.03,-5.85,10,0.00,3.93,3.94,3.93,3.93,3.92,3.93,3.93,3.94,2.03,0.0,-30,-30,0.0,0,13,-1024,0,0,999,0,0,1,-1,-1,1,1,-1,-1,-1,-1,-1,0,0,
2026-04-14,21:23:16.330,7.62,100,100,100,-0.030,-0.76,88,0,7.97,-0.116,0.978,0.02,100,0,178.02,-5.85,10,0.00,3.93,3.94,3.93,3.93,3.92,3.93,3.93,3.94,1.93,0.0,-30,-30,6.1,0,13,-1024,0,0,999,0,0,1,-1,-1,1,1,-1,-1,-1,-1,-1,0,0,
2026-04-14,21:23:16.600,7.62,100,100,100,-0.033,-0.77,88,0,7.97,-0.113,0.975,-0.05,100,0,178.02,-5.85,10,0.00,3.93,3.94,3.92,3.93,3.92,3.93,3.93,3.94,1.93,0.0,-30,-30,0.0,0,12,-1024,0,0,1000,0,0,1,-1,-1,1,1,-1,-1,-1,-1,-1,0,0,
2026-04-14,21:23:16.870,7.62,100,100,100,-0.036,-0.77,88,0,7.97,-0.121,0.976,0.00,100,0,178.03,-5.85,10,0.00,3.93,3.94,3.92,3.93,3.93,3.93,3.93,3.94,1.84,0.0,-30,-30,10.7,0,13,-1024,0,0,999,0,0,1,-1,-1,1,1,-1,-1,-1,-1,-1,0,0,
2026-04-14,21:23:17.130,7.62,100,100,100,-0.036,-0.72,88,0,7.97,-0.116,0.976,0.06,100,0,178.03,-5.85,10,0.00,3.93,3.94,3.92,3.93,3.93,3.93,3.93,3.94,1.84,0.0,-30,-30,6.1,0,12,-1024,0,0,999,0,0,1,-1,-1,1,1,-1,-1,-1,-1,-1,0,0,
2026-04-14,21:23:17.410,7.61,100,100,100,-0.038,-0.76,88,0,7.97,-0.118,0.978,0.00,100,0,178.02,-5.84,10,0.00,3.93,3.94,3.92,3.93,3.93,3.93,3.93,3.94,1.76,0.0,-30,-30,8.9,0,13,-1024,0,0,999,0,0,1,-1,-1,1,1,-1,-1,-1,-1,-1,0,0,
2026-04-14,21:23:17.690,7.62,100,100,100,-0.034,-0.73,88,0,7.97,-0.120,0.975,0.01,100,0,178.03,-5.86,10,0.00,3.93,3.94,3.92,3.93,3.93,3.93,3.93,3.94,1.76,0.0,-30,-30,12.4,0,13,-1024,0,0,999,0,0,1,-1,-1,1,1,-1,-1,-1,-1,-1,0,0,
2026-04-14,21:23:17.950,7.62,100,100,100,-0.042,-0.74,88,0,7.97,-0.116,0.985,0.00,100,0,178.03,-5.86,10,0.00,3.93,3.94,3.92,3.94,3.93,3.93,3.93,3.94,1.32,0.0,-30,-30,12.4,0,13,-1024,0,0,999,0,0,1,-1,-1,1,1,-1,-1,-1,-1,-1,0,0,
2026-04-14,21:23:18.220,7.62,100,100,100,-0.046,-0.70,88,0,7.97,-0.127,0.989,0.12,100,0,178.04,-5.85,10,0.00,3.93,3.94,3.92,3.94,3.92,3.93,3.93,3.94,1.32,0.0,-30,-30,8.9,0,13,-1024,0,0,1000,0,0,1,-1,-1,1,1,-1,-1,-1,-1,-1,0,0,
2026-04-14,21:23:18.490,7.61,100,100,100,-0.049,-0.80,88,0,7.97,-0.123,0.995,-0.16,100,0,178.04,-5.85,10,0.00,3.93,3.94,3.92,3.94,3.92,3.93,3.93,3.94,0.99,0.0,-30,-30,10.7,0,14,-1024,0,0,999,0,0,1,-1,-1,1,1,-1,-1,-1,-1,-1,0,0,
2026-04-14,21:23:18.760,7.62,100,100,100,-0.048,-0.75,88,0,7.97,-0.126,0.972,0.06,100,0,178.03,-5.86,10,0.00,3.93,3.94,3.92,3.94,3.92,3.93,3.93,3.94,0.99,0.0,-30,-30,12.4,0,13,-1024,0,0,1000,0,0,1,-1,-1,1,1,-1,-1,-1,-1,-1,0,0,
2026-04-14,21:23:19.020,7.62,100,100,100,-0.031,-0.84,87,0,7.97,-0.133,0.977,-0.11,100,0,178.03,-5.87,10,0.00,3.93,3.94,3.93,3.94,3.92,3.93,3.93,3.94,0.74,0.0,-30,-30,0.0,0,13,-1024,0,0,1000,0,0,1,-1,-1,1,1,-1,-1,-1,-1,-1,0,0,
2026-04-14,21:23:19.290,7.62,100,100,100,-0.022,-0.82,85,0,7.97,-0.117,0.960,-0.03,100,0,178.04,-5.85,10,0.00,3.93,3.94,3.93,3.94,3.93,3.93,3.93,3.94,0.74,0.0,-30,-30,8.9,0,13,-1024,0,0,999,0,0,1,-1,-1,1,1,-1,-1,-1,-1,-1,0,0,
2026-04-14,21:23:19.560,7.62,100,100,100,-0.028,-0.83,85,0,7.97,-0.100,0.984,-0.01,100,0,178.05,-5.83,10,0.00,3.93,3.94,3.93,3.94,3.93,3.93,3.94,3.94,0.56,0.0,-30,-30,0.0,0,14,-1024,0,0,1000,0,0,1,-1,-1,1,1,-1,-1,-1,-1,-1,0,0,
2026-04-14,21:23:19.830,7.62,100,100,100,-0.056,-0.89,86,0,7.97,-0.106,0.975,-0.14,100,0,178.04,-5.85,10,0.00,3.93,3.94,3.93,3.94,3.93,3.93,3.94,3.94,0.42,0.0,-30,-30,6.1,0,13,-1024,0,0,999,0,0,1,-1,-1,1,1,-1,-1,-1,-1,-1,0,0,
2026-04-14,21:23:20.090,7.62,100,100,100,-0.030,-0.91,88,0,7.97,-0.104,0.966,-0.10,100,0,178.03,-5.86,10,0.00,3.93,3.94,3.93,3.94,3.93,3.93,3.94,3.94,0.42,0.0,-30,-30,10.7,0,13,-1024,0,0,1000,0,0,1,-1,-1,1,1,-1,-1,-1,-1,-1,0,0,
2026-04-14,21:23:20.360,7.61,100,100,100,-0.033,-0.93,89,0,7.97,-0.121,0.975,-0.07,100,0,178.03,-5.86,10,0.00,3.93,3.94,3.93,3.93,3.93,3.93,3.94,3.94,0.31,0.0,-30,-30,10.7,0,14,-1024,0,0,1000,0,0,1,-1,-1,1,1,-1,-1,-1,-1,-1,0,0,
2026-04-14,21:23:20.630,7.62,100,100,100,-0.014,-0.93,90,0,7.97,-0.110,0.972,-0.06,100,0,178.01,-5.86,10,0.00,3.93,3.94,3.93,3.93,3.93,3.93,3.94,3.94,0.31,0.0,-30,-30,15.4,0,13,-1024,0,0,999,0,0,1,-1,-1,1,1,-1,-1,-1,-1,-1,0,0,
2026-04-14,21:23:20.890,7.62,100,100,100,-0.027,-0.87,90,0,7.97,-0.106,0.982,0.09,100,0,178.05,-5.82,10,0.00,3.93,3.94,3.93,3.93,3.93,3.93,3.94,3.94,0.24,0.0,-30,-30,10.7,0,13,-1024,0,0,999,0,0,1,-1,-1,1,1,-1,-1,-1,-1,-1,0,0,
2026-04-14,21:23:21.160,7.62,100,100,99,-0.050,-0.70,90,0,7.97,-0.114,0.979,0.27,100,0,178.04,-5.84,10,0.00,3.93,3.94,3.93,3.93,3.93,3.93,3.94,3.94,0.24,0.0,-30,-30,8.9,0,14,-1024,0,0,999,0,0,1,-1,-1,1,1,-1,-1,-1,-1,-1,0,0,
2026-04-14,21:23:21.420,7.62,100,100,99,-0.047,-0.66,90,0,7.97,-0.119,0.973,0.17,100,0,178.03,-5.85,10,0.00,3.93,3.94,3.93,3.93,3.93,3.93,3.94,3.94,0.18,0.0,-30,-30,6.1,0,14,-1024,0,0,1000,0,0,1,-1,-1,1,1,-1,-1,-1,-1,-1,0,0,
2026-04-14,21:23:21.680,7.62,100,100,99,-0.040,-0.66,90,0,7.97,-0.119,0.981,0.10,100,0,178.03,-5.84,10,0.00,3.93,3.94,3.93,3.93,3.93,3.93,3.94,3.94,0.18,0.0,-30,-30,10.7,0,13,-1024,0,0,999,0,0,1,-1,-1,1,1,-1,-1,-1,-1,-1,0,0,
2026-04-14,21:23:21.940,7.62,100,100,99,-0.029,-0.72,90,0,7.97,-0.114,0.976,-0.08,100,0,178.02,-5.84,10,0.00,3.93,3.94,3.93,3.93,3.93,3.93,3.94,3.94,0.13,0.0,-30,-30,6.1,0,13,-1024,0,0,1000,0,0,1,-1,-1,1,1,-1,-1,-1,-1,-1,0,0,
2026-04-14,21:23:22.210,7.62,100,100,99,-0.022,-0.83,90,0,7.97,-0.117,0.988,-0.27,100,0,178.02,-5.84,10,0.00,3.93,3.94,3.93,3.93,3.93,3.93,3.94,3.94,0.13,0.0,-30,-30,6.1,0,14,-1024,0,0,999,0,0,1,-1,-1,1,1,-1,-1,-1,-1,-1,0,0,
2026-04-14,21:23:22.470,7.62,100,100,99,-0.023,-0.93,90,0,7.97,-0.137,0.966,-0.30,100,0,178.02,-5.85,10,0.00,3.93,3.94,3.93,3.93,3.93,3.93,3.94,3.94,0.10,0.0,-30,-30,6.1,0,14,-1024,0,0,999,0,0,1,-1,-1,1,1,-1,-1,-1,-1,-1,0,0,
2026-04-14,21:23:22.740,7.62,100,100,99,-0.023,-0.93,86,0,7.97,-0.137,0.966,-0.30,100,0,178.02,-5.85,10,0.00,3.93,3.94,3.93,3.93,3.93,3.93,3.94,3.94,0.10,0.0,-30,-30,6.1,0,13,-1024,0,0,999,0,0,1,-1,-1,1,1,-1,-1,-1,-1,-1,0,0,
2026-04-14,21:23:23.020,7.61,100,100,99,-0.023,-0.93,75,0,7.97,-0.137,0.966,-0.30,100,0,178.02,-5.85,10,0.00,3.93,3.94,3.93,3.93,3.93,3.93,3.94,3.94,0.10,0.0,-30,-30,6.1,0,14,-1024,0,0,1000,0,0,1,-1,-1,1,1,-1,-1,-1,-1,-1,0,0,
2026-04-14,21:23:23.280,7.61,100,100,99,-0.023,-0.93,67,2,7.97,-0.137,0.966,-0.30,100,0,178.02,-5.85,10,0.00,3.93,3.94,3.93,3.93,3.93,3.93,3.94,3.94,0.10,0.0,-30,-30,6.1,0,14,-1024,0,0,1000,0,0,1,-1,-1,1,1,-1,-1,-1,-1,-1,0,0,
2026-04-14,21:23:23.540,7.61,100,100,99,-0.023,-0.93,67,2,7.97,-0.137,0.966,-0.30,100,0,178.02,-5.85,10,0.00,3.93,3.94,3.93,3.93,3.93,3.93,3.94,3.94,0.10,0.0,-30,-30,6.1,0,14,-1024,0,0,1000,0,0,1,-1,-1,1,1,-1,-1,-1,-1,-1,0,0,
2026-04-14,21:23:23.800,7.61,100,100,99,-0.023,-0.93,67,2,7.97,-0.137,0.966,-0.30,100,0,178.02,-5.85,10,0.00,3.93,3.94,3.93,3.93,3.93,3.93,3.94,3.94,0.10,0.0,-30,-30,6.1,0,13,-1024,0,0,999,0,0,1,-1,-1,1,1,-1,-1,-1,-1,-1,0,0,
2026-04-14,21:23:24.060,7.62,100,100,99,-0.023,-0.93,67,2,7.97,-0.137,0.966,-0.30,100,0,178.02,-5.85,10,0.00,3.93,3.94,3.93,3.93,3.93,3.93,3.94,3.94,0.10,0.0,-30,-30,6.1,0,13,-1024,0,0,999,0,0,1,-1,-1,1,1,-1,-1,-1,-1,-1,0,0,
2026-04-14,21:23:24.320,7.61,100,100,99,-0.023,-0.93,67,2,7.97,-0.137,0.966,-0.30,100,0,178.02,-5.85,10,0.00,3.93,3.94,3.93,3.93,3.93,3.93,3.94,3.94,0.10,0.0,-30,-30,6.1,0,13,-1024,0,0,999,0,0,1,-1,-1,1,1,-1,-1,-1,-1,-1,0,0,
2026-04-14,21:23:24.590,7.62,100,100,99,-0.023,-0.93,67,2,7.97,-0.137,0.966,-0.30,100,0,178.02,-5.85,10,0.00,3.93,3.94,3.93,3.93,3.93,3.93,3.94,3.94,0.10,0.0,-30,-30,6.1,0,13,-1024,0,0,1000,0,0,1,-1,-1,1,1,-1,-1,-1,-1,-1,0,0,
2026-04-14,21:23:24.850,7.61,100,100,99,-0.023,-0.93,67,2,7.97,-0.137,0.966,-0.30,100,0,178.02,-5.85,10,0.00,3.93,3.94,3.93,3.93,3.93,3.93,3.94,3.94,0.10,0.0,-30,-30,6.1,0,13,-1024,0,0,999,0,0,1,-1,-1,1,1,-1,-1,-1,-1,-1,0,0,
2026-04-14,21:23:25.120,7.62,100,100,99,-0.023,-0.93,67,2,7.97,-0.137,0.966,-0.30,100,0,178.02,-5.85,10,0.00,3.93,3.94,3.93,3.93,3.93,3.93,3.94,3.94,0.10,0.0,-30,-30,6.1,0,13,-1024,0,0,999,0,0,1,-1,-1,1,1,-1,-1,-1,-1,-1,0,0,
2026-04-14,21:23:25.380,7.62,100,100,99,-0.023,-0.93,67,2,7.97,-0.137,0.966,-0.30,100,0,178.02,-5.85,10,0.00,3.93,3.94,3.93,3.93,3.93,3.93,3.94,3.94,0.10,0.0,-30,-30,6.1,0,2,-1024,0,0,1000,0,0,1,-1,-1,1,1,-1,-1,-1,-1,-1,0,0,
2026-04-14,21:23:25.640,7.61,100,100,99,-0.023,-0.93,67,2,7.97,-0.137,0.966,-0.30,100,0,178.02,-5.85,10,0.00,3.93,3.94,3.93,3.93,3.93,3.93,3.94,3.94,0.10,0.0,-30,-30,6.1,0,11,-1024,0,0,999,0,0,1,-1,-1,1,1,-1,-1,-1,-1,-1,0,0,
2026-04-14,21:23:25.900,7.61,100,100,99,-0.023,-0.93,67,2,7.97,-0.137,0.966,-0.30,100,0,178.02,-5.85,10,0.00,3.93,3.94,3.93,3.93,3.93,3.93,3.94,3.94,0.10,0.0,-30,-30,6.1,-448,12,-1024,0,0,999,0,0,1,-1,-1,1,1,-1,-1,-1,-1,-1,0,0,
2026-04-14,21:23:26.170,7.61,100,100,99,-0.023,-0.93,67,2,7.97,-0.137,0.966,-0.30,100,0,178.02,-5.85,10,0.00,3.93,3.94,3.93,3.93,3.93,3.93,3.94,3.94,0.10,0.0,-30,-30,6.1,-314,-564,-1024,0,0,999,0,0,1,-1,-1,1,1,-1,-1,-1,-1,-1,0,0,
2026-04-14,21:23:26.430,7.61,100,100,99,-0.023,-0.93,67,2,7.97,-0.137,0.966,-0.30,100,0,178.02,-5.85,10,0.00,3.93,3.94,3.93,3.93,3.93,3.93,3.94,3.94,0.10,0.0,-30,-30,6.1,0,14,-1024,0,0,999,0,0,1,-1,-1,1,1,-1,-1,-1,-1,-1,0,0,
2026-04-14,21:23:26.730,7.61,100,100,99,-0.023,-0.93,67,2,7.97,-0.137,0.966,-0.30,100,0,178.02,-5.85,10,0.00,3.93,3.94,3.93,3.93,3.93,3.93,3.94,3.94,0.10,0.0,-30,-30,6.1,0,14,-1024,0,0,999,0,0,1,-1,-1,1,1,-1,-1,-1,-1,-1,0,0,
2026-04-14,21:23:26.990,7.61,100,100,99,-0.023,-0.93,67,2,7.97,-0.137,0.966,-0.30,100,0,178.02,-5.85,10,0.00,3.93,3.94,3.93,3.93,3.93,3.93,3.94,3.94,0.10,0.0,-30,-30,6.1,0,13,-1024,0,0,999,0,0,1,-1,-1,1,1,-1,-1,-1,-1,-1,0,0,
2026-04-14,21:23:27.260,7.61,100,100,99,-0.023,-0.93,67,2,7.97,-0.137,0.966,-0.30,100,0,178.02,-5.85,10,0.00,3.93,3.94,3.93,3.93,3.93,3.93,3.94,3.94,0.10,0.0,-30,-30,6.1,0,14,-1024,0,0,999,0,0,1,-1,-1,1,1,-1,-1,-1,-1,-1,0,0,
2026-04-14,21:23:27.520,7.62,100,100,99,-0.023,-0.93,67,2,7.97,-0.137,0.966,-0.30,100,0,178.02,-5.85,10,0.00,3.93,3.94,3.93,3.93,3.93,3.93,3.94,3.94,0.10,0.0,-30,-30,6.1,0,14,-1024,0,0,999,0,0,1,-1,-1,1,1,-1,-1,-1,-1,-1,0,0,
2026-04-14,21:23:27.790,7.62,100,100,99,-0.023,-0.93,67,2,7.97,-0.137,0.966,-0.30,100,0,178.02,-5.85,10,0.00,3.93,3.94,3.93,3.93,3.93,3.93,3.94,3.94,0.10,0.0,-30,-30,6.1,0,14,-1024,0,0,999,0,0,1,-1,-1,1,1,-1,-1,-1,-1,-1,0,0,
2026-04-14,21:23:28.060,7.62,100,100,99,-0.023,-0.93,67,2,7.97,-0.137,0.966,-0.30,100,0,178.02,-5.85,10,0.00,3.93,3.94,3.93,3.93,3.93,3.93,3.94,3.94,0.10,0.0,-30,-30,6.1,0,14,-1024,0,0,999,0,0,1,-1,-1,1,1,-1,-1,-1,-1,-1,0,0,
2026-04-14,21:23:28.320,7.62,100,100,99,-0.023,-0.93,67,2,7.97,-0.137,0.966,-0.30,100,0,178.02,-5.85,10,0.00,3.93,3.94,3.93,3.93,3.93,3.93,3.94,3.94,0.10,0.0,-30,-30,6.1,0,14,-1024,0,0,1000,0,0,1,-1,-1,1,1,-1,-1,-1,-1,-1,0,0,
2026-04-14,21:23:28.580,7.62,100,100,99,-0.023,-0.93,67,2,7.97,-0.137,0.966,-0.30,100,0,178.02,-5.85,10,0.00,3.93,3.94,3.93,3.93,3.93,3.93,3.94,3.94,0.10,0.0,-30,-30,6.1,0,14,-1024,0,0,1000,0,0,1,-1,-1,1,1,-1,-1,-1,-1,-1,0,0,
