Date,Time,TxBat(V),VFR 2.4G(%),Rx VFR(%),VFR 900M(%),AccY(g),Altitude(m),RSSI 2.4G(dB),RX,RxBatt(V),AccX(g),AccZ(g),VSpeed(m/s),RSSI 900M(dB),RX,R.angle(°),P.angle(°),Power 900M(mW),ADC2(V),LiPo1(V),LiPo2(V),LiPo3(V),LiPo4(V),LiPo5(V),LiPo6(V),LiPo7(V),LiPo8(V),VFAS(V),Current(A),Temp1(°C),Temp2(°C),Air speed(km/h),Rudder,Elevator,Throttle,Aileron,Pot1,Pot2,Slider left,Slider right,SA,SB,SC,SD,SE,SF,SG,SH,SI,SJ,LS1,LS2,
2026-04-14,15:47:57.110,7.63,100,100,100,-0.009,141.24,82,0,8.28,-0.106,0.984,-0.11,85,0,179.69,-5.81,10,0.00,4.18,4.19,4.19,4.18,4.19,4.17,4.19,4.18,33.59,0.0,-30,-30,0.0,0,15,-1024,0,0,859,0,-1024,0,-1,-1,0,-1,-1,-1,-1,-1,-1,0,0,
2026-04-14,15:47:57.360,7.64,100,100,100,-0.009,141.18,82,0,8.28,-0.104,0.978,-0.18,85,0,179.70,-5.82,10,0.00,4.18,4.19,4.19,4.18,4.19,4.17,4.19,4.18,33.59,0.0,-30,-30,0.0,0,15,-1024,0,0,860,0,-1024,0,-1,-1,0,-1,-1,-1,-1,-1,-1,0,0,
2026-04-14,15:47:57.620,7.64,100,100,100,-0.006,141.22,82,0,8.28,-0.108,0.980,-0.01,86,0,179.68,-5.81,10,0.00,4.18,4.19,4.19,4.18,4.19,4.17,4.20,4.18,33.59,0.0,-30,-30,0.0,0,16,-1024,0,0,860,0,-1024,0,-1,-1,0,-1,-1,-1,-1,-1,-1,0,0,
2026-04-14,15:47:57.880,7.64,100,100,100,-0.012,141.28,82,0,8.28,-0.103,0.980,0.15,85,0,179.69,-5.81,10,0.00,4.18,4.19,4.19,4.18,4.19,4.17,4.20,4.18,33.59,0.0,-30,-30,0.0,0,15,-1024,0,0,860,0,-1024,0,-1,-1,0,-1,-1,-1,-1,-1,-1,0,0,
2026-04-14,15:47:58.150,7.64,100,100,99,-0.011,141.30,82,0,8.28,-0.107,0.976,0.06,86,0,179.69,-5.81,10,0.00,4.18,4.19,4.18,4.18,4.19,4.17,4.20,4.18,33.59,0.0,-30,-30,0.0,0,16,-1024,0,0,860,0,-1024,0,-1,-1,0,-1,-1,-1,-1,-1,-1,0,0,
2026-04-14,15:47:58.420,7.63,100,100,99,-0.007,141.30,82,0,8.28,-0.105,0.979,0.07,86,0,179.68,-5.81,10,0.00,4.18,4.19,4.18,4.18,4.19,4.18,4.20,4.18,33.59,0.0,-30,-30,0.0,0,15,-1024,0,0,860,0,-1024,0,-1,-1,0,-1,-1,-1,-1,-1,-1,0,0,
2026-04-14,15:47:58.680,7.63,100,100,99,-0.004,141.32,82,0,8.28,-0.107,0.974,0.05,84,0,179.68,-5.81,10,0.00,4.18,4.19,4.18,4.18,4.19,4.18,4.19,4.18,33.59,0.0,-30,-30,0.0,0,15,-1024,0,0,859,0,-1024,0,-1,-1,0,-1,-1,-1,-1,-1,-1,0,0,
2026-04-14,15:47:58.950,7.63,100,100,99,-0.014,141.31,82,0,8.28,-0.109,0.982,0.11,83,0,179.69,-5.80,10,0.00,4.18,4.19,4.18,4.18,4.19,4.18,4.19,4.18,33.59,0.0,-30,-30,0.0,0,15,-1024,0,0,860,0,-1024,0,-1,-1,0,-1,-1,-1,-1,-1,-1,0,0,
2026-04-14,15:47:59.220,7.63,100,100,99,-0.013,141.27,82,0,8.28,-0.104,0.979,-0.10,85,0,179.69,-5.80,10,0.00,4.18,4.19,4.19,4.19,4.19,4.18,4.19,4.18,33.59,0.0,-30,-30,0.0,0,16,-1024,0,0,860,0,-1024,0,-1,-1,0,-1,-1,-1,-1,-1,-1,0,0,
2026-04-14,15:47:59.480,7.63,100,100,99,-0.008,141.28,82,0,8.28,-0.104,0.979,0.00,84,0,179.69,-5.79,10,0.00,4.18,4.19,4.19,4.19,4.19,4.18,4.19,4.18,33.59,0.0,-30,-30,0.0,0,16,-1024,0,0,860,0,-1024,0,-1,-1,0,-1,-1,-1,-1,-1,-1,0,0,
2026-04-14,15:47:59.750,7.63,100,100,99,-0.010,141.22,82,0,8.28,-0.106,0.979,-0.12,84,0,179.69,-5.81,10,0.00,4.18,4.19,4.19,4.19,4.19,4.17,4.19,4.18,33.59,0.0,-30,-30,0.0,0,15,-1024,0,0,860,0,-1024,0,-1,-1,0,-1,-1,-1,-1,-1,-1,0,0,
2026-04-14,15:48:00.010,7.63,100,100,99,-0.010,141.23,82,0,8.28,-0.102,0.986,-0.03,84,0,179.68,-5.80,10,0.00,4.18,4.19,4.19,4.19,4.19,4.17,4.20,4.18,33.59,0.0,-30,-30,0.0,0,15,-1024,0,0,860,0,-1024,0,-1,-1,0,-1,-1,-1,-1,-1,-1,0,0,
2026-04-14,15:48:00.270,7.63,100,100,99,-0.013,141.21,82,0,8.28,-0.097,0.979,-0.04,84,0,179.69,-5.80,10,0.00,4.18,4.19,4.19,4.19,4.19,4.17,4.20,4.18,33.59,0.0,-30,-30,0.0,0,16,-1024,0,0,860,0,-1024,0,-1,-1,0,-1,-1,-1,-1,-1,-1,0,0,
2026-04-14,15:48:00.540,7.63,100,100,99,-0.013,141.19,82,0,8.28,-0.101,0.975,-0.07,85,0,179.69,-5.80,10,0.00,4.18,4.19,4.18,4.19,4.19,4.17,4.20,4.18,33.59,0.0,-30,-30,0.0,0,15,-1024,0,0,860,0,-1024,0,-1,-1,0,-1,-1,-1,-1,-1,-1,0,0,
2026-04-14,15:48:00.800,7.63,100,100,99,-0.015,141.18,82,0,8.28,-0.102,0.974,-0.05,86,0,179.69,-5.81,10,0.00,4.18,4.19,4.18,4.19,4.19,4.17,4.20,4.18,33.59,0.0,-30,-30,0.0,0,16,-1024,0,0,860,0,-1024,0,-1,-1,0,-1,-1,-1,-1,-1,-1,0,0,
2026-04-14,15:48:01.060,7.63,100,100,99,-0.015,141.21,82,0,8.28,-0.107,0.973,0.03,86,0,179.69,-5.80,10,0.00,4.18,4.19,4.18,4.19,4.19,4.17,4.20,4.18,33.59,0.0,-30,-30,0.0,0,15,-1024,0,0,860,0,-1024,0,-1,-1,0,-1,-1,-1,-1,-1,-1,0,0,
2026-04-14,15:48:01.320,7.63,100,100,99,-0.018,141.20,82,0,8.28,-0.102,0.978,0.00,84,0,179.70,-5.81,10,0.00,4.18,4.19,4.18,4.19,4.19,4.17,4.20,4.18,33.59,0.0,-30,-30,0.0,0,15,-1024,0,0,860,0,-1024,0,-1,-1,0,-1,-1,-1,-1,-1,-1,0,0,
2026-04-14,15:48:01.580,7.63,100,100,99,-0.003,141.20,82,0,8.28,-0.104,0.977,-0.01,84,0,179.69,-5.81,10,0.00,4.18,4.19,4.19,4.19,4.19,4.17,4.20,4.18,33.59,0.0,-30,-30,0.0,0,16,-1024,0,0,860,0,-1024,0,-1,-1,0,-1,-1,-1,-1,-1,-1,0,0,
2026-04-14,15:48:01.840,7.63,100,100,99,0.000,141.24,81,0,8.28,-0.103,0.982,0.09,85,0,179.68,-5.80,10,0.00,4.18,4.19,4.19,4.19,4.19,4.17,4.20,4.18,33.59,0.0,-30,-30,0.0,0,15,-1024,0,0,860,0,-1024,0,-1,-1,0,-1,-1,-1,-1,-1,-1,0,0,
2026-04-14,15:48:02.110,7.63,100,100,100,-0.020,141.26,82,0,8.28,-0.104,0.978,0.04,84,0,179.71,-5.81,10,0.00,4.18,4.19,4.19,4.19,4.19,4.17,4.20,4.18,33.59,0.0,-30,-30,0.0,0,15,-1024,0,0,860,0,-1024,0,-1,-1,0,-1,-1,-1,-1,-1,-1,0,0,
2026-04-14,15:48:02.380,7.63,100,100,100,-0.011,141.27,81,0,8.28,-0.109,0.975,0.05,84,0,179.69,-5.81,10,0.00,4.18,4.19,4.19,4.19,4.19,4.17,4.20,4.18,33.59,0.0,-30,-30,0.0,0,16,-1024,0,0,860,0,-1024,0,-1,-1,0,-1,-1,-1,-1,-1,-1,0,0,
2026-04-14,15:48:02.640,7.63,100,100,100,-0.003,141.26,79,0,8.28,-0.099,0.979,0.00,82,0,179.69,-5.81,10,0.00,4.18,4.19,4.19,4.19,4.19,4.17,4.20,4.18,33.59,0.0,-30,-30,0.0,0,16,-1024,0,0,860,0,-1024,0,-1,-1,0,-1,-1,-1,-1,-1,-1,0,0,
2026-04-14,15:48:02.900,7.63,100,100,100,-0.011,141.27,77,0,8.28,-0.104,0.979,0.02,82,0,179.71,-5.82,10,0.00,4.18,4.19,4.18,4.18,4.19,4.17,4.20,4.18,33.59,0.0,-30,-30,0.0,0,16,-1024,0,0,860,0,-1024,0,-1,-1,0,-1,-1,-1,-1,-1,-1,0,0,
2026-04-14,15:48:03.170,7.64,100,100,100,-0.016,141.21,76,0,8.28,-0.106,0.980,-0.09,82,0,179.71,-5.81,10,0.00,4.18,4.19,4.18,4.18,4.19,4.17,4.20,4.18,33.59,0.0,-30,-30,0.0,0,15,-1024,0,0,860,0,-1024,0,-1,-1,0,-1,-1,-1,-1,-1,-1,0,0,
2026-04-14,15:48:03.430,7.64,100,100,100,-0.012,141.20,78,0,8.28,-0.109,0.982,-0.10,86,0,179.70,-5.81,10,0.00,4.18,4.19,4.18,4.18,4.19,4.17,4.20,4.18,33.59,0.0,-30,-30,0.0,0,16,-1024,0,0,860,0,-1024,0,-1,-1,0,-1,-1,-1,-1,-1,-1,0,0,
2026-04-14,15:48:03.700,7.63,100,100,100,-0.002,141.23,79,0,8.28,-0.104,0.983,0.02,87,0,179.68,-5.81,10,0.00,4.18,4.19,4.18,4.18,4.19,4.17,4.20,4.18,33.59,0.0,-30,-30,0.0,0,15,-1024,0,0,860,0,-1024,0,-1,-1,0,-1,-1,-1,-1,-1,-1,0,0,
2026-04-14,15:48:03.960,7.63,100,100,100,0.000,141.19,80,0,8.28,-0.114,0.979,-0.05,85,0,179.69,-5.81,10,0.00,4.18,4.19,4.18,4.18,4.19,4.17,4.20,4.18,33.59,0.0,-30,-30,0.0,0,15,-1024,0,0,860,0,-1024,0,-1,-1,0,-1,-1,-1,-1,-1,-1,0,0,
2026-04-14,15:48:04.220,7.63,100,100,100,-0.015,141.19,81,0,8.28,-0.114,0.983,-0.03,86,0,179.70,-5.81,10,0.00,4.18,4.19,4.19,4.18,4.19,4.17,4.20,4.18,33.59,0.0,-30,-30,0.0,0,16,-1024,0,0,860,0,-1024,0,-1,-1,0,-1,-1,-1,-1,-1,-1,0,0,
2026-04-14,15:48:04.480,7.63,100,100,100,-0.016,141.20,81,0,8.28,-0.102,0.979,0.01,87,0,179.70,-5.81,10,0.00,4.18,4.19,4.19,4.18,4.19,4.17,4.20,4.18,33.59,0.0,-30,-30,0.0,0,15,-1024,0,0,860,0,-1024,0,-1,-1,0,-1,-1,-1,-1,-1,-1,0,0,
2026-04-14,15:48:04.740,7.63,100,100,100,-0.013,141.20,81,0,8.28,-0.104,0.979,-0.08,84,0,179.70,-5.81,10,0.00,4.18,4.19,4.19,4.18,4.19,4.17,4.19,4.18,33.59,0.0,-30,-30,0.0,0,15,-1024,0,0,860,0,-1024,0,-1,-1,0,-1,-1,-1,-1,-1,-1,0,0,
2026-04-14,15:48:05.010,7.63,100,100,100,0.000,141.24,81,0,8.28,-0.100,0.979,0.08,85,0,179.69,-5.82,10,0.00,4.18,4.19,4.19,4.18,4.19,4.17,4.19,4.18,33.59,0.0,-30,-30,0.0,0,15,-1024,0,0,860,0,-1024,0,-1,-1,0,-1,-1,-1,-1,-1,-1,0,0,
2026-04-14,15:48:05.270,7.63,100,100,100,-0.018,141.22,81,0,8.28,-0.101,0.979,0.01,86,0,179.71,-5.82,10,0.00,4.18,4.19,4.18,4.18,4.19,4.17,4.19,4.18,33.59,0.0,-30,-30,0.0,0,15,-1024,0,0,860,0,-1024,0,-1,-1,0,-1,-1,-1,-1,-1,-1,0,0,
2026-04-14,15:48:05.530,7.63,100,100,100,-0.012,141.18,81,0,8.28,-0.102,0.978,-0.09,85,0,179.71,-5.84,10,0.00,4.18,4.19,4.18,4.18,4.20,4.17,4.19,4.18,33.59,0.0,-30,-30,0.0,0,16,-1024,0,0,860,0,-1024,0,-1,-1,0,-1,-1,-1,-1,-1,-1,0,0,
2026-04-14,15:48:05.800,7.63,100,100,100,-0.004,141.14,81,0,8.28,-0.106,0.974,-0.10,86,0,179.70,-5.84,10,0.00,4.18,4.19,4.18,4.18,4.20,4.17,4.20,4.18,33.59,0.0,-30,-30,0.0,0,15,-1024,0,0,860,0,-1024,0,-1,-1,0,-1,-1,-1,-1,-1,-1,0,0,
2026-04-14,15:48:06.070,7.63,100,100,100,-0.009,141.20,81,0,8.28,-0.106,0.976,0.03,86,0,179.71,-5.84,10,0.00,4.18,4.19,4.18,4.18,4.20,4.17,4.20,4.18,33.59,0.0,-30,-30,0.0,0,16,-1024,0,0,860,0,-1024,0,-1,-1,0,-1,-1,-1,-1,-1,-1,0,0,
2026-04-14,15:48:06.330,7.63,100,100,100,-0.014,141.16,81,0,8.28,-0.103,0.978,-0.02,86,0,179.70,-5.84,10,0.00,4.18,4.19,4.18,4.18,4.20,4.17,4.20,4.18,33.59,0.0,-30,-30,0.0,0,15,-1024,0,0,860,0,-1024,0,-1,-1,0,-1,-1,-1,-1,-1,-1,0,0,
2026-04-14,15:48:06.600,7.63,100,100,100,-0.013,141.15,81,0,8.28,-0.107,0.980,-0.06,85,0,179.69,-5.83,10,0.00,4.18,4.19,4.18,4.18,4.20,4.17,4.20,4.18,33.59,0.0,-30,-30,0.0,0,16,-1024,0,0,860,0,-1024,0,-1,-1,0,-1,-1,-1,-1,-1,-1,0,0,
2026-04-14,15:48:06.860,7.63,100,100,100,-0.006,141.17,81,0,8.28,-0.107,0.978,0.07,85,0,179.69,-5.84,10,0.00,4.18,4.19,4.18,4.18,4.20,4.17,4.20,4.18,33.59,0.0,-30,-30,0.0,0,15,-1024,0,0,860,0,-1024,0,-1,-1,0,-1,-1,-1,-1,-1,-1,0,0,
2026-04-14,15:48:07.120,7.63,100,100,100,-0.007,141.14,81,0,8.28,-0.105,0.979,-0.07,84,0,179.70,-5.84,10,0.00,4.18,4.19,4.18,4.18,4.20,4.17,4.19,4.18,33.59,0.0,-30,-30,0.0,0,15,-1024,0,0,860,0,-1024,0,-1,-1,0,-1,-1,-1,-1,-1,-1,0,0,
2026-04-14,15:48:07.380,7.63,100,100,100,-0.015,141.19,81,0,8.28,-0.104,0.979,0.04,81,0,179.70,-5.84,10,0.00,4.18,4.19,4.18,4.18,4.20,4.17,4.19,4.18,33.59,0.0,-30,-30,0.0,0,16,-1024,0,0,859,0,-1024,0,-1,-1,0,-1,-1,-1,-1,-1,-1,0,0,
2026-04-14,15:48:07.640,7.63,100,100,100,-0.014,141.24,81,0,8.28,-0.103,0.978,0.09,81,0,179.70,-5.83,10,0.00,4.18,4.19,4.19,4.18,4.20,4.17,4.19,4.18,33.59,0.0,-30,-30,0.0,0,15,-1024,0,0,860,0,-1024,0,-1,-1,0,-1,-1,-1,-1,-1,-1,0,0,
2026-04-14,15:48:07.910,7.63,100,100,100,-0.009,141.17,82,0,8.28,-0.102,0.976,-0.04,83,0,179.69,-5.83,10,0.00,4.18,4.19,4.19,4.18,4.20,4.17,4.19,4.18,33.59,0.0,-30,-30,0.0,0,15,-1024,0,0,860,0,-1024,0,-1,-1,0,-1,-1,-1,-1,-1,-1,0,0,
2026-04-14,15:48:08.180,7.63,100,100,100,-0.010,141.21,82,0,8.28,-0.105,0.978,0.00,82,0,179.69,-5.82,10,0.00,4.18,4.19,4.19,4.18,4.20,4.17,4.19,4.18,33.59,0.0,-30,-30,0.0,0,16,-1024,0,0,860,0,-1024,0,-1,-1,0,-1,-1,-1,-1,-1,-1,0,0,
2026-04-14,15:48:08.440,7.63,100,100,100,-0.015,141.30,82,0,8.28,-0.107,0.979,0.21,77,0,179.70,-5.82,10,0.00,4.18,4.19,4.19,4.18,4.20,4.17,4.19,4.18,33.59,0.0,-30,-30,0.0,0,15,-1024,0,0,860,0,-1024,0,-1,-1,0,-1,-1,-1,-1,-1,-1,0,0,
2026-04-14,15:48:08.700,7.63,100,100,100,-0.011,141.36,81,0,8.28,-0.101,0.981,0.22,84,0,179.68,-5.81,10,0.00,4.18,4.19,4.19,4.18,4.20,4.17,4.19,4.18,33.59,0.0,-30,-30,0.0,0,15,-1024,0,0,860,0,-1024,0,-1,-1,0,-1,-1,-1,-1,-1,-1,0,0,
2026-04-14,15:48:08.970,7.63,100,100,100,-0.010,141.41,80,0,8.28,-0.106,1.009,0.20,84,0,179.69,-5.80,10,0.00,4.18,4.19,4.19,4.18,4.20,4.17,4.19,4.18,33.59,0.0,-30,-30,0.0,0,16,-1024,0,0,860,0,-1024,0,-1,-1,0,-1,-1,-1,-1,-1,-1,0,0,
2026-04-14,15:48:09.230,7.63,100,100,100,-0.035,141.49,79,0,8.28,-0.154,0.937,0.21,83,0,179.77,-6.20,10,0.00,4.18,4.19,4.19,4.18,4.19,4.17,4.19,4.18,33.59,0.0,-30,-30,0.0,0,16,-1024,0,0,860,0,-1024,0,-1,-1,0,-1,-1,-1,-1,-1,-1,0,0,
2026-04-14,15:48:09.490,7.63,100,100,100,0.006,141.57,79,0,8.28,-0.086,1.009,0.27,83,0,179.69,-5.94,10,0.00,4.18,4.19,4.19,4.18,4.19,4.17,4.20,4.18,33.59,0.0,-30,-30,0.0,0,15,-1024,0,0,860,0,-1024,0,-1,-1,0,-1,-1,-1,-1,-1,-1,0,0,
2026-04-14,15:48:09.750,7.63,100,100,100,-0.003,141.55,79,0,8.28,-0.113,0.940,0.12,72,0,179.70,-5.84,10,0.00,4.18,4.19,4.19,4.18,4.19,4.17,4.20,4.18,33.59,0.0,-30,-30,0.0,0,16,-1024,0,0,860,0,-1024,0,-1,-1,0,-1,-1,-1,-1,-1,-1,0,0,
2026-04-14,15:48:10.020,7.63,100,100,100,-0.018,141.52,79,0,8.28,-0.100,0.965,-0.06,72,0,179.73,-5.90,10,0.00,4.18,4.19,4.18,4.19,4.19,4.17,4.20,4.18,33.59,0.0,-30,-30,0.0,0,15,-1024,0,0,860,0,-1024,0,-1,-1,0,-1,-1,-1,-1,-1,-1,0,0,
2026-04-14,15:48:10.280,7.63,100,100,100,-0.002,141.52,79,0,8.28,-0.110,0.973,-0.07,72,0,179.70,-5.89,10,0.00,4.18,4.19,4.18,4.19,4.19,4.17,4.20,4.18,33.59,0.0,-30,-30,0.0,0,16,-1024,0,0,860,0,-1024,0,-1,-1,0,-1,-1,-1,-1,-1,-1,0,0,
2026-04-14,15:48:10.560,7.63,100,100,100,-0.015,141.44,80,0,8.28,-0.107,0.983,-0.04,73,0,179.70,-5.86,10,0.00,4.18,4.19,4.18,4.19,4.19,4.17,4.20,4.18,33.59,0.0,-30,-30,0.0,0,16,-1024,0,0,860,0,-1024,0,-1,-1,0,-1,-1,-1,-1,-1,-1,0,0,
2026-04-14,15:48:10.830,7.63,100,100,100,-0.001,141.39,79,0,8.28,-0.115,0.956,-0.16,76,0,179.73,-5.85,10,0.00,4.18,4.19,4.18,4.19,4.19,4.17,4.20,4.18,33.59,0.0,-30,-30,0.0,0,16,-1024,0,0,860,0,-1024,0,-1,-1,0,-1,-1,-1,-1,-1,-1,0,0,
2026-04-14,15:48:11.090,7.63,100,100,100,-0.071,141.40,79,0,8.28,-0.119,0.971,-0.05,71,0,179.73,-5.95,10,0.00,4.18,4.19,4.18,4.19,4.19,4.17,4.20,4.18,33.59,0.0,-30,-30,0.0,0,15,-1024,0,0,860,0,-1024,0,-1,-1,0,-1,-1,-1,-1,-1,-1,0,0,
2026-04-14,15:48:11.350,7.63,100,100,100,0.026,141.39,78,0,8.28,-0.107,0.997,-0.01,77,0,179.66,-5.82,10,0.00,4.18,4.19,4.19,4.18,4.19,4.17,4.20,4.18,33.59,0.0,-30,-30,0.0,0,15,-1024,0,0,860,0,-1024,0,-1,-1,0,-1,-1,-1,-1,-1,-1,0,0,
2026-04-14,15:48:11.620,7.64,100,100,100,-0.005,141.41,78,0,8.28,-0.112,0.969,-0.02,80,0,179.71,-5.90,10,0.00,4.18,4.19,4.19,4.18,4.19,4.18,4.20,4.18,33.59,0.0,-30,-30,0.0,0,15,-1024,0,0,860,0,-1024,0,-1,-1,0,-1,-1,-1,-1,-1,-1,0,0,
2026-04-14,15:48:11.880,7.63,100,100,100,-0.012,141.41,78,0,8.28,-0.110,0.968,0.08,78,0,179.68,-5.92,10,0.00,4.18,4.19,4.19,4.18,4.19,4.18,4.19,4.18,33.59,0.0,-30,-30,0.0,0,15,-1024,0,0,860,0,-1024,0,-1,-1,0,-1,-1,-1,-1,-1,-1,0,0,
2026-04-14,15:48:12.160,7.63,100,100,100,-0.045,141.38,74,0,8.28,-0.113,1.008,-0.09,74,0,179.67,-5.90,10,0.00,4.18,4.19,4.19,4.18,4.19,4.18,4.19,4.18,33.59,0.0,-30,-30,0.0,0,15,-1024,0,0,860,0,-1024,0,-1,-1,0,-1,-1,-1,-1,-1,-1,0,0,
2026-04-14,15:48:12.420,7.63,100,100,100,-0.015,141.43,73,0,8.28,-0.104,0.973,0.06,70,0,179.71,-6.02,10,0.00,4.18,4.19,4.18,4.18,4.19,4.18,4.19,4.18,33.59,0.0,-30,-30,15.4,0,16,-1024,0,0,860,0,-1024,0,-1,-1,0,-1,-1,-1,-1,-1,-1,0,0,
2026-04-14,15:48:12.680,7.63,100,100,100,-0.081,141.56,73,0,8.28,-0.132,0.994,0.28,71,0,179.77,-5.93,10,0.00,4.18,4.19,4.18,4.18,4.19,4.18,4.19,4.18,33.59,0.0,-30,-30,0.0,0,15,-1024,0,0,860,0,-1024,0,-1,-1,0,-1,-1,-1,-1,-1,-1,0,0,
2026-04-14,15:48:12.940,7.63,100,100,100,0.017,141.63,74,0,8.28,-0.099,0.975,0.31,76,0,179.67,-5.86,10,0.00,4.18,4.19,4.18,4.18,4.19,4.18,4.19,4.18,33.59,0.0,-30,-30,0.0,0,15,-1024,0,0,860,0,-1024,0,-1,-1,0,-1,-1,-1,-1,-1,-1,0,0,
2026-04-14,15:48:13.200,7.63,100,100,100,-0.015,141.77,77,0,8.28,-0.104,0.970,0.25,80,0,179.71,-5.86,10,0.00,4.18,4.19,4.18,4.18,4.19,4.18,4.20,4.18,33.59,0.0,-30,-30,0.0,0,15,-1024,0,0,860,0,-1024,0,-1,-1,0,-1,-1,-1,-1,-1,-1,0,0,
2026-04-14,15:48:13.460,7.64,100,100,100,-0.010,141.68,78,0,8.28,-0.106,0.977,0.04,80,0,179.72,-5.85,10,0.00,4.18,4.19,4.18,4.18,4.19,4.18,4.20,4.18,33.59,0.0,-30,-30,0.0,0,15,-1024,0,0,860,0,-1024,0,-1,-1,0,-1,-1,-1,-1,-1,-1,0,0,
2026-04-14,15:48:13.720,7.63,100,100,100,-0.031,141.59,81,0,8.28,-0.110,0.974,-0.25,85,0,179.70,-5.86,10,0.00,4.18,4.19,4.18,4.18,4.19,4.18,4.20,4.18,33.59,0.0,-30,-30,6.1,0,16,-1024,0,0,860,0,-1024,0,-1,-1,0,-1,-1,-1,-1,-1,-1,0,0,
2026-04-14,15:48:13.990,7.64,100,100,100,-0.009,141.46,83,0,8.28,-0.101,0.982,-0.35,83,0,179.69,-5.85,10,0.00,4.18,4.19,4.18,4.18,4.20,4.17,4.20,4.18,33.59,0.0,-30,-30,0.0,0,16,-1024,0,0,860,0,-1024,0,-1,-1,0,-1,-1,-1,-1,-1,-1,0,0,
2026-04-14,15:48:14.250,7.64,100,100,100,0.000,141.48,83,0,8.28,-0.113,0.976,-0.17,82,0,179.69,-5.85,10,0.00,4.18,4.19,4.18,4.18,4.20,4.17,4.20,4.18,33.59,0.0,-30,-30,0.0,0,15,-1024,0,0,860,0,-1024,0,-1,-1,0,-1,-1,-1,-1,-1,-1,0,0,
2026-04-14,15:48:14.520,7.64,100,100,100,-0.014,141.51,81,0,8.28,-0.108,0.979,0.01,79,0,179.71,-5.84,10,0.00,4.18,4.19,4.18,4.18,4.20,4.17,4.20,4.18,33.59,0.0,-30,-30,0.0,0,15,-1024,0,0,860,0,-1024,0,-1,-1,0,-1,-1,-1,-1,-1,-1,0,0,
2026-04-14,15:48:14.780,7.63,100,100,100,-0.020,141.53,80,0,8.28,-0.104,0.979,0.04,80,0,179.70,-5.84,10,0.00,4.18,4.19,4.18,4.18,4.20,4.17,4.20,4.18,33.59,0.0,-30,-30,0.0,0,15,-1024,0,0,860,0,-1024,0,-1,-1,0,-1,-1,-1,-1,-1,-1,0,0,
2026-04-14,15:48:15.040,7.63,100,100,100,-0.006,141.50,78,0,8.28,-0.107,0.978,-0.02,77,0,179.69,-5.85,10,0.00,4.18,4.19,4.19,4.18,4.20,4.17,4.20,4.18,33.59,0.0,-30,-30,0.0,0,16,-1024,0,0,860,0,-1024,0,-1,-1,0,-1,-1,-1,-1,-1,-1,0,0,
2026-04-14,15:48:15.300,7.63,100,100,100,-0.006,141.54,80,0,8.28,-0.102,0.981,0.07,77,0,179.70,-5.84,10,0.00,4.18,4.19,4.19,4.18,4.20,4.17,4.20,4.18,33.59,0.0,-30,-30,0.0,0,15,-1024,0,0,860,0,-1024,0,-1,-1,0,-1,-1,-1,-1,-1,-1,0,0,
2026-04-14,15:48:15.560,7.63,100,100,100,-0.016,141.61,82,0,8.28,-0.105,0.979,0.12,82,0,179.70,-5.84,10,0.00,4.18,4.19,4.19,4.18,4.20,4.17,4.19,4.18,33.59,0.0,-30,-30,0.0,0,16,-1024,0,0,860,0,-1024,0,-1,-1,0,-1,-1,-1,-1,-1,-1,0,0,
2026-04-14,15:48:15.830,7.63,100,100,100,-0.013,141.58,82,0,8.28,-0.107,0.981,0.08,82,0,179.69,-5.84,10,0.00,4.18,4.19,4.19,4.18,4.20,4.17,4.19,4.18,33.59,0.0,-30,-30,0.0,0,16,-1024,0,0,860,0,-1024,0,-1,-1,0,-1,-1,-1,-1,-1,-1,0,0,
2026-04-14,15:48:16.090,7.64,100,100,100,-0.009,141.52,82,0,8.28,-0.106,0.981,-0.12,81,0,179.70,-5.85,10,0.00,4.18,4.19,4.18,4.18,4.20,4.17,4.19,4.18,33.59,0.0,-30,-30,0.0,0,16,-1024,0,0,860,0,-1024,0,-1,-1,0,-1,-1,-1,-1,-1,-1,0,0,
2026-04-14,15:48:16.360,7.63,100,100,100,-0.006,141.48,82,0,8.28,-0.104,0.979,-0.12,83,0,179.70,-5.85,10,0.00,4.18,4.19,4.18,4.18,4.19,4.17,4.19,4.18,33.59,0.0,-30,-30,0.0,0,16,-1024,0,0,860,0,-1024,0,-1,-1,0,-1,-1,-1,-1,-1,-1,0,0,
2026-04-14,15:48:16.630,7.63,100,100,100,-0.010,141.47,83,0,8.28,-0.107,0.980,-0.04,83,0,179.70,-5.85,10,0.00,4.18,4.19,4.18,4.18,4.19,4.17,4.20,4.18,33.59,0.0,-30,-30,0.0,0,16,-1024,0,0,860,0,-1024,0,-1,-1,0,-1,-1,-1,-1,-1,-1,0,0,
2026-04-14,15:48:16.900,7.63,100,100,100,-0.012,141.45,83,0,8.28,-0.107,0.976,-0.05,81,0,179.70,-5.86,10,0.00,4.18,4.19,4.18,4.18,4.19,4.17,4.20,4.18,33.59,0.0,-30,-30,0.0,0,16,-1024,0,0,860,0,-1024,0,-1,-1,0,-1,-1,-1,-1,-1,-1,0,0,
2026-04-14,15:48:17.170,7.63,100,100,100,-0.010,141.47,83,0,8.28,-0.104,0.979,-0.02,83,0,179.70,-5.86,10,0.00,4.18,4.19,4.18,4.18,4.19,4.17,4.20,4.18,33.59,0.0,-30,-30,0.0,0,15,-1024,0,0,860,0,-1024,0,-1,-1,0,-1,-1,-1,-1,-1,-1,0,0,
2026-04-14,15:48:17.430,7.63,100,100,100,-0.011,141.49,83,0,8.28,-0.107,0.980,0.06,84,0,179.70,-5.86,10,0.00,4.18,4.19,4.18,4.19,4.19,4.17,4.20,4.18,33.59,0.0,-30,-30,0.0,0,15,-1024,0,0,860,0,-1024,0,-1,-1,0,-1,-1,-1,-1,-1,-1,0,0,
2026-04-14,15:48:17.700,7.63,100,100,100,-0.011,141.52,83,0,8.28,-0.105,0.978,0.07,82,0,179.69,-5.86,10,0.00,4.18,4.19,4.18,4.19,4.19,4.17,4.20,4.18,33.59,0.0,-30,-30,0.0,0,16,-1024,0,0,860,0,-1024,0,-1,-1,0,-1,-1,-1,-1,-1,-1,0,0,
2026-04-14,15:48:17.970,7.63,100,100,100,-0.004,141.52,83,0,8.28,-0.108,0.981,0.03,83,0,179.69,-5.86,10,0.00,4.18,4.19,4.18,4.19,4.19,4.17,4.20,4.18,33.59,0.0,-30,-30,0.0,0,16,-1024,0,0,860,0,-1024,0,-1,-1,0,-1,-1,-1,-1,-1,-1,0,0,
2026-04-14,15:48:18.230,7.63,100,100,100,-0.013,141.47,83,0,8.28,-0.109,0.980,-0.07,84,0,179.69,-5.85,10,0.00,4.18,4.19,4.18,4.19,4.19,4.17,4.20,4.18,33.59,0.0,-30,-30,0.0,0,15,-1024,0,0,860,0,-1024,0,-1,-1,0,-1,-1,-1,-1,-1,-1,0,0,
2026-04-14,15:48:18.490,7.64,100,100,100,-0.012,141.40,83,0,8.28,-0.104,0.979,-0.17,82,0,179.69,-5.85,10,0.00,4.18,4.19,4.18,4.18,4.19,4.17,4.20,4.18,33.59,0.0,-30,-30,0.0,0,16,-1024,0,0,860,0,-1024,0,-1,-1,0,-1,-1,-1,-1,-1,-1,0,0,
2026-04-14,15:48:18.760,7.63,100,100,100,-0.010,141.39,83,0,8.28,-0.105,0.977,-0.12,83,0,179.69,-5.85,10,0.00,4.18,4.19,4.18,4.18,4.19,4.17,4.20,4.18,33.59,0.0,-30,-30,0.0,0,16,-1024,0,0,860,0,-1024,0,-1,-1,0,-1,-1,-1,-1,-1,-1,0,0,
2026-04-14,15:48:19.020,7.63,100,100,100,-0.009,141.40,83,0,8.28,-0.110,0.980,-0.02,84,0,179.69,-5.86,10,0.00,4.18,4.19,4.18,4.18,4.19,4.17,4.20,4.18,33.59,0.0,-30,-30,0.0,0,15,-1024,0,0,860,0,-1024,0,-1,-1,0,-1,-1,-1,-1,-1,-1,0,0,
2026-04-14,15:48:19.290,7.63,100,100,100,-0.009,141.34,83,0,8.28,-0.104,0.981,-0.10,83,0,179.69,-5.86,10,0.00,4.18,4.19,4.18,4.18,4.19,4.17,4.20,4.18,33.59,0.0,-30,-30,0.0,0,15,-1024,0,0,860,0,-1024,0,-1,-1,0,-1,-1,-1,-1,-1,-1,0,0,
2026-04-14,15:48:19.560,7.63,100,100,100,-0.018,141.31,83,0,8.28,-0.105,0.979,-0.10,81,0,179.68,-5.85,10,0.00,4.18,4.19,4.18,4.18,4.19,4.17,4.20,4.18,33.59,0.0,-30,-30,0.0,0,15,-1024,0,0,860,0,-1024,0,-1,-1,0,-1,-1,-1,-1,-1,-1,0,0,
2026-04-14,15:48:19.820,7.63,100,100,100,-0.011,141.23,83,0,8.28,-0.104,0.984,-0.21,84,0,179.68,-5.85,10,0.00,4.18,4.19,4.18,4.18,4.19,4.17,4.20,4.18,33.59,0.0,-30,-30,0.0,0,15,-1024,0,0,860,0,-1024,0,-1,-1,0,-1,-1,-1,-1,-1,-1,0,0,
2026-04-14,15:48:20.090,7.63,100,100,100,-0.011,141.21,83,0,8.28,-0.109,0.979,-0.14,83,0,179.69,-5.86,10,0.00,4.18,4.19,4.18,4.18,4.20,4.17,4.20,4.18,33.59,0.0,-30,-30,0.0,0,15,-1024,0,0,860,0,-1024,0,-1,-1,0,-1,-1,-1,-1,-1,-1,0,0,
2026-04-14,15:48:20.350,7.63,100,100,100,-0.008,141.27,83,0,8.28,-0.109,0.979,0.07,82,0,179.68,-5.85,10,0.00,4.18,4.19,4.18,4.18,4.20,4.17,4.20,4.18,33.59,0.0,-30,-30,0.0,0,15,-1024,0,0,860,0,-1024,0,-1,-1,0,-1,-1,-1,-1,-1,-1,0,0,
2026-04-14,15:48:20.610,7.63,100,100,100,-0.009,141.23,83,0,8.28,-0.105,0.979,-0.02,84,0,179.69,-5.85,10,0.00,4.18,4.19,4.18,4.18,4.20,4.17,4.20,4.18,33.59,0.0,-30,-30,0.0,0,16,-1024,0,0,860,0,-1024,0,-1,-1,0,-1,-1,-1,-1,-1,-1,0,0,
2026-04-14,15:48:20.870,7.63,100,100,100,-0.014,141.14,82,0,8.28,-0.106,0.977,-0.20,85,0,179.68,-5.85,10,0.00,4.18,4.19,4.18,4.18,4.20,4.17,4.20,4.18,33.59,0.0,-30,-30,0.0,0,16,-1024,0,0,860,0,-1024,0,-1,-1,0,-1,-1,-1,-1,-1,-1,0,0,
2026-04-14,15:48:21.140,7.64,100,100,100,-0.009,141.11,81,0,8.28,-0.108,0.982,-0.18,83,0,179.68,-5.85,10,0.00,4.18,4.19,4.18,4.18,4.19,4.17,4.20,4.18,33.59,0.0,-30,-30,0.0,0,15,-1024,0,0,860,0,-1024,0,-1,-1,0,-1,-1,-1,-1,-1,-1,0,0,
2026-04-14,15:48:21.400,7.64,100,100,100,-0.016,141.22,81,0,8.28,-0.102,0.979,0.11,83,0,179.69,-5.86,10,0.00,4.18,4.19,4.18,4.18,4.19,4.17,4.20,4.18,33.59,0.0,-30,-30,0.0,0,15,-1024,0,0,860,0,-1024,0,-1,-1,0,-1,-1,-1,-1,-1,-1,0,0,
2026-04-14,15:48:21.660,7.64,100,100,100,-0.015,141.20,81,0,8.28,-0.107,0.979,0.08,84,0,179.69,-5.85,10,0.00,4.18,4.19,4.18,4.18,4.19,4.17,4.20,4.18,33.59,0.0,-30,-30,0.0,0,15,-1024,0,0,860,0,-1024,0,-1,-1,0,-1,-1,-1,-1,-1,-1,0,0,
2026-04-14,15:48:21.920,7.63,100,100,100,-0.012,141.16,82,0,8.28,-0.105,0.982,-0.07,85,0,179.68,-5.85,10,0.00,4.18,4.19,4.18,4.18,4.19,4.17,4.20,4.18,33.59,0.0,-30,-30,0.0,0,16,-1024,0,0,860,0,-1024,0,-1,-1,0,-1,-1,-1,-1,-1,-1,0,0,
2026-04-14,15:48:22.190,7.64,100,100,100,-0.013,141.13,82,0,8.28,-0.104,0.979,-0.08,85,0,179.68,-5.84,10,0.00,4.18,4.19,4.18,4.18,4.19,4.17,4.20,4.18,33.59,0.0,-30,-30,0.0,0,15,-1024,0,0,859,0,-1024,0,-1,-1,0,-1,-1,-1,-1,-1,-1,0,0,
2026-04-14,15:48:22.460,7.63,100,100,100,-0.009,141.15,81,0,8.28,-0.107,0.974,0.03,85,0,179.69,-5.86,10,0.00,4.18,4.19,4.18,4.18,4.19,4.17,4.20,4.18,33.59,0.0,-30,-30,0.0,0,15,-1024,0,0,860,0,-1024,0,-1,-1,0,-1,-1,-1,-1,-1,-1,0,0,
2026-04-14,15:48:22.730,7.63,100,100,100,-0.012,141.13,81,0,8.28,-0.107,0.976,-0.05,84,0,179.69,-5.87,10,0.00,4.18,4.19,4.18,4.18,4.19,4.17,4.20,4.18,33.59,0.0,-30,-30,0.0,0,15,-1024,0,0,860,0,-1024,0,-1,-1,0,-1,-1,-1,-1,-1,-1,0,0,
2026-04-14,15:48:22.990,7.63,100,100,100,-0.010,141.10,81,0,8.28,-0.105,0.981,-0.06,84,0,179.69,-5.86,10,0.00,4.18,4.19,4.18,4.18,4.19,4.17,4.20,4.18,33.59,0.0,-30,-30,0.0,0,15,-1024,0,0,860,0,-1024,0,-1,-1,0,-1,-1,-1,-1,-1,-1,0,0,
2026-04-14,15:48:23.260,7.63,100,100,100,-0.010,141.07,80,0,8.28,-0.106,0.977,-0.07,86,0,179.69,-5.85,10,0.00,4.18,4.19,4.19,4.19,4.19,4.17,4.20,4.18,33.59,0.0,-30,-30,0.0,0,16,-1024,0,0,860,0,-1024,0,-1,-1,0,-1,-1,-1,-1,-1,-1,0,0,
2026-04-14,15:48:23.530,7.63,100,100,100,-0.018,141.02,80,0,8.28,-0.096,0.971,-0.15,85,0,179.69,-5.84,10,0.00,4.18,4.19,4.19,4.19,4.19,4.18,4.20,4.18,33.59,0.0,-30,-30,0.0,0,16,-1024,0,0,860,0,-1024,0,-1,-1,0,-1,-1,-1,-1,-1,-1,0,0,
2026-04-14,15:48:23.800,7.63,100,100,100,0.000,140.96,80,0,8.28,-0.106,0.979,-0.19,85,0,179.68,-5.85,10,0.00,4.18,4.19,4.19,4.19,4.19,4.18,4.20,4.18,33.59,0.0,-30,-30,0.0,0,16,-1024,0,0,860,0,-1024,0,-1,-1,0,-1,-1,-1,-1,-1,-1,0,0,
2026-04-14,15:48:24.060,7.63,100,100,100,-0.003,140.96,81,0,8.28,-0.104,0.986,-0.10,86,0,179.70,-5.85,10,0.00,4.18,4.19,4.19,4.19,4.19,4.18,4.20,4.18,33.59,0.0,-30,-30,0.0,0,15,-1024,0,0,860,0,-1024,0,-1,-1,0,-1,-1,-1,-1,-1,-1,0,0,
2026-04-14,15:48:24.330,7.63,100,100,100,-0.020,140.96,81,0,8.28,-0.102,0.976,0.00,86,0,179.70,-5.85,10,0.00,4.18,4.19,4.19,4.19,4.19,4.18,4.20,4.18,33.59,0.0,-30,-30,0.0,0,15,-1024,0,0,860,0,-1024,0,-1,-1,0,-1,-1,-1,-1,-1,-1,0,0,
2026-04-14,15:48:24.590,7.63,100,100,100,-0.013,140.99,82,0,8.28,-0.106,0.980,0.01,82,0,179.69,-5.85,10,0.00,4.18,4.19,4.18,4.18,4.19,4.18,4.20,4.18,33.59,0.0,-30,-30,0.0,0,15,-1023,0,0,860,0,-1024,0,-1,-1,0,-1,-1,-1,-1,-1,-1,0,0,
2026-04-14,15:48:24.860,7.63,100,100,100,-0.006,140.98,83,0,8.28,-0.100,0.979,0.00,83,0,179.69,-5.86,10,0.00,4.18,4.19,4.18,4.18,4.19,4.18,4.20,4.18,33.59,0.0,-30,-30,0.0,0,15,-1024,0,0,860,0,-1024,0,-1,-1,0,-1,-1,-1,-1,-1,-1,0,0,
2026-04-14,15:48:25.120,7.63,100,100,100,-0.009,140.97,83,0,8.28,-0.104,0.970,-0.01,84,0,179.69,-5.85,10,0.00,4.18,4.19,4.18,4.18,4.19,4.18,4.20,4.18,33.59,0.0,-30,-30,0.0,0,15,-1024,0,0,860,0,-1024,0,-1,-1,0,-1,-1,-1,-1,-1,-1,0,0,
2026-04-14,15:48:25.380,7.63,100,100,100,-0.015,141.03,83,0,8.28,-0.104,0.983,0.07,84,0,179.69,-5.87,10,0.00,4.18,4.19,4.18,4.18,4.19,4.18,4.20,4.18,33.59,0.0,-30,-30,0.0,0,15,-1024,0,0,860,0,-1024,0,-1,-1,0,-1,-1,-1,-1,-1,-1,0,0,
2026-04-14,15:48:25.650,7.63,100,100,100,-0.004,141.05,83,0,8.28,-0.113,0.987,0.11,84,0,179.71,-5.88,10,0.00,4.18,4.19,4.18,4.19,4.19,4.18,4.20,4.18,33.59,0.0,-30,-30,0.0,0,15,-1024,0,0,860,0,-1024,0,-1,-1,0,-1,-1,-1,-1,-1,-1,0,0,
2026-04-14,15:48:25.910,7.63,100,100,100,-0.016,141.04,82,0,8.28,-0.114,0.983,0.02,84,0,179.72,-5.88,10,0.00,4.18,4.19,4.18,4.19,4.19,4.17,4.20,4.18,33.59,0.0,-30,-30,0.0,0,15,-1024,0,0,860,0,-1024,0,-1,-1,0,-1,-1,-1,-1,-1,-1,0,0,
2026-04-14,15:48:26.180,7.63,100,100,100,-0.008,141.09,82,0,8.28,-0.110,0.985,0.11,84,0,179.69,-5.87,10,0.00,4.18,4.19,4.18,4.19,4.19,4.17,4.20,4.18,33.59,0.0,-30,-30,0.0,0,15,-1024,0,0,860,0,-1024,0,-1,-1,0,-1,-1,-1,-1,-1,-1,0,0,
2026-04-14,15:48:26.440,7.63,100,100,100,-0.016,141.07,82,0,8.28,-0.110,0.980,0.03,83,0,179.70,-5.86,10,0.00,4.18,4.19,4.18,4.19,4.19,4.17,4.20,4.18,33.59,0.0,-30,-30,0.0,0,15,-1024,0,0,860,0,-1024,0,-1,-1,0,-1,-1,-1,-1,-1,-1,0,0,
2026-04-14,15:48:26.710,7.63,100,100,100,-0.010,141.05,81,0,8.28,-0.109,0.978,-0.04,82,0,179.69,-5.86,10,0.00,4.18,4.19,4.18,4.19,4.19,4.17,4.20,4.18,33.59,0.0,-30,-30,0.0,0,15,-1024,0,0,860,0,-1024,0,-1,-1,0,-1,-1,-1,-1,-1,-1,0,0,
2026-04-14,15:48:26.970,7.63,100,100,100,-0.008,140.98,81,0,8.28,-0.109,0.980,-0.16,82,0,179.69,-5.87,10,0.00,4.18,4.19,4.19,4.18,4.19,4.17,4.20,4.18,33.59,0.0,-30,-30,0.0,0,15,-1024,0,0,860,0,-1024,0,-1,-1,0,-1,-1,-1,-1,-1,-1,0,0,
2026-04-14,15:48:27.230,7.63,100,100,100,-0.014,140.96,81,0,8.28,-0.105,0.978,-0.14,84,0,179.69,-5.87,10,0.00,4.18,4.19,4.19,4.18,4.19,4.17,4.20,4.18,33.59,0.0,-30,-30,0.0,0,15,-1024,0,0,860,0,-1024,0,-1,-1,0,-1,-1,-1,-1,-1,-1,0,0,
2026-04-14,15:48:27.500,7.63,100,100,100,-0.009,141.00,82,0,8.28,-0.106,0.982,-0.05,85,0,179.69,-5.87,10,0.00,4.18,4.19,4.19,4.18,4.19,4.17,4.20,4.18,33.59,0.0,-30,-30,0.0,0,15,-1024,0,0,860,0,-1024,0,-1,-1,0,-1,-1,-1,-1,-1,-1,0,0,
2026-04-14,15:48:27.770,7.63,100,100,100,-0.008,141.06,82,0,8.28,-0.104,0.980,0.17,84,0,179.68,-5.87,10,0.00,4.18,4.19,4.19,4.18,4.19,4.17,4.20,4.18,33.59,0.0,-30,-30,0.0,0,15,-1024,0,0,860,0,-1024,0,-1,-1,0,-1,-1,-1,-1,-1,-1,0,0,
2026-04-14,15:48:28.030,7.63,100,100,100,-0.010,141.09,82,0,8.28,-0.104,0.979,0.13,84,0,179.69,-5.86,10,0.00,4.18,4.19,4.18,4.19,4.19,4.17,4.20,4.18,33.59,0.0,-30,-30,0.0,0,15,-1024,0,0,860,0,-1024,0,-1,-1,0,-1,-1,-1,-1,-1,-1,0,0,
2026-04-14,15:48:28.290,7.63,100,100,100,-0.011,141.08,82,0,8.28,-0.104,0.979,0.02,85,0,179.69,-5.87,10,0.00,4.18,4.19,4.18,4.19,4.19,4.17,4.20,4.18,33.59,0.0,-30,-30,0.0,0,15,-1024,0,0,860,0,-1024,0,-1,-1,0,-1,-1,-1,-1,-1,-1,0,0,
2026-04-14,15:48:28.550,7.63,100,100,100,-0.009,141.12,82,0,8.28,-0.107,0.977,0.08,83,0,179.69,-5.87,10,0.00,4.18,4.19,4.18,4.19,4.19,4.17,4.20,4.18,33.59,0.0,-30,-30,0.0,0,15,-1024,0,0,860,0,-1024,0,-1,-1,0,-1,-1,-1,-1,-1,-1,0,0,
2026-04-14,15:48:28.810,7.63,100,100,100,-0.006,141.14,82,0,8.28,-0.105,0.977,0.08,81,0,179.69,-5.86,10,0.00,4.18,4.19,4.18,4.19,4.19,4.17,4.20,4.18,33.59,0.0,-30,-30,0.0,0,15,-1024,0,0,860,0,-1024,0,-1,-1,0,-1,-1,-1,-1,-1,-1,0,0,
2026-04-14,15:48:29.070,7.63,100,100,100,-0.007,141.12,82,0,8.28,-0.107,0.981,0.00,81,0,179.69,-5.86,10,0.00,4.18,4.19,4.18,4.19,4.19,4.17,4.20,4.18,33.59,0.0,-30,-30,0.0,0,15,-1024,0,0,860,0,-1024,0,-1,-1,0,-1,-1,-1,-1,-1,-1,0,0,
2026-04-14,15:48:29.330,7.63,100,100,100,-0.018,141.02,82,0,8.28,-0.107,0.979,-0.18,83,0,179.68,-5.86,10,0.00,4.18,4.19,4.19,4.18,4.19,4.17,4.20,4.18,33.59,0.0,-30,-30,0.0,0,16,-1024,0,0,860,0,-1024,0,-1,-1,0,-1,-1,-1,-1,-1,-1,0,0,
2026-04-14,15:48:29.590,7.63,100,100,100,-0.010,141.01,82,0,8.28,-0.104,0.979,-0.13,82,0,179.68,-5.86,10,0.00,4.18,4.19,4.19,4.18,4.20,4.17,4.20,4.18,33.59,0.0,-30,-30,0.0,0,16,-1024,0,0,860,0,-1024,0,-1,-1,0,-1,-1,-1,-1,-1,-1,0,0,
2026-04-14,15:48:29.860,7.63,100,100,100,-0.008,140.97,82,0,8.28,-0.103,0.977,-0.12,83,0,179.68,-5.87,10,0.00,4.18,4.19,4.19,4.18,4.20,4.17,4.20,4.18,33.59,0.0,-30,-30,0.0,0,16,-1024,0,0,860,0,-1024,0,-1,-1,0,-1,-1,-1,-1,-1,-1,0,0,
2026-04-14,15:48:30.120,7.63,100,100,100,-0.006,141.04,82,0,8.28,-0.108,0.979,0.08,84,0,179.67,-5.87,10,0.00,4.18,4.19,4.19,4.18,4.20,4.17,4.20,4.18,33.59,0.0,-30,-30,0.0,0,16,-1024,0,0,860,0,-1024,0,-1,-1,0,-1,-1,-1,-1,-1,-1,0,0,
2026-04-14,15:48:30.390,7.63,100,100,100,-0.014,141.05,82,0,8.28,-0.105,0.983,0.05,84,0,179.69,-5.88,10,0.00,4.18,4.19,4.19,4.18,4.20,4.17,4.20,4.18,33.59,0.0,-30,-30,6.1,0,15,-1024,0,0,860,0,-1024,0,-1,-1,0,-1,-1,-1,-1,-1,-1,0,0,
2026-04-14,15:48:30.650,7.63,100,100,100,0.001,141.20,82,0,8.28,-0.109,0.974,0.23,85,0,179.66,-5.86,10,0.00,4.18,4.19,4.19,4.18,4.20,4.17,4.20,4.18,33.59,0.0,-30,-30,0.0,0,15,-1024,0,0,860,0,-1024,0,-1,-1,0,-1,-1,-1,-1,-1,-1,0,0,
2026-04-14,15:48:30.910,7.63,100,100,100,0.000,141.19,82,0,8.28,-0.106,0.979,0.13,86,0,179.69,-5.87,10,0.00,4.18,4.19,4.19,4.18,4.20,4.17,4.20,4.18,33.59,0.0,-30,-30,0.0,0,15,-1024,0,0,859,0,-1024,0,-1,-1,0,-1,-1,-1,-1,-1,-1,0,0,
2026-04-14,15:48:31.180,7.63,100,100,100,-0.010,141.15,82,0,8.28,-0.120,0.973,-0.03,86,0,179.69,-5.86,10,0.00,4.18,4.19,4.19,4.18,4.20,4.17,4.20,4.18,33.59,0.0,-30,-30,0.0,0,15,-1024,0,0,859,0,-1024,0,-1,-1,0,-1,-1,-1,-1,-1,-1,0,0,
2026-04-14,15:48:31.440,7.63,100,100,100,-0.031,141.07,82,0,8.28,-0.108,0.983,-0.20,84,0,179.69,-5.87,10,0.00,4.18,4.19,4.19,4.18,4.20,4.17,4.20,4.18,33.59,0.0,-30,-30,0.0,0,16,-1024,0,0,860,0,-1024,0,-1,-1,0,-1,-1,-1,-1,-1,-1,0,0,
2026-04-14,15:48:31.710,7.63,100,100,100,-0.007,141.04,82,0,8.28,-0.113,0.981,-0.13,84,0,179.68,-5.85,10,0.00,4.18,4.19,4.19,4.18,4.20,4.17,4.20,4.18,33.59,0.0,-30,-30,0.0,0,15,-1024,0,0,860,0,-1024,0,-1,-1,0,-1,-1,-1,-1,-1,-1,0,0,
2026-04-14,15:48:31.980,7.64,100,100,100,-0.010,141.09,82,0,8.28,-0.108,0.979,-0.02,84,0,179.67,-5.85,10,0.00,4.18,4.19,4.19,4.18,4.19,4.17,4.20,4.18,33.59,0.0,-30,-30,0.0,0,15,-1024,0,0,859,0,-1024,0,-1,-1,0,-1,-1,-1,-1,-1,-1,0,0,
2026-04-14,15:48:32.250,7.64,100,100,100,-0.010,141.14,82,0,8.28,-0.105,0.982,0.15,84,0,179.68,-5.85,10,0.00,4.18,4.19,4.19,4.18,4.19,4.17,4.20,4.18,33.59,0.0,-30,-30,0.0,0,15,-1024,0,0,860,0,-1024,0,-1,-1,0,-1,-1,-1,-1,-1,-1,0,0,
2026-04-14,15:48:32.520,7.63,100,100,100,-0.006,141.09,82,0,8.28,-0.109,0.978,0.00,84,0,179.69,-5.86,10,0.00,4.18,4.19,4.19,4.18,4.19,4.17,4.20,4.18,33.59,0.0,-30,-30,0.0,0,16,-1024,0,0,860,0,-1024,0,-1,-1,0,-1,-1,-1,-1,-1,-1,0,0,
2026-04-14,15:48:32.790,7.63,100,100,100,0.000,141.03,82,0,8.28,-0.112,0.987,-0.14,85,0,179.69,-5.86,10,0.00,4.18,4.19,4.19,4.18,4.19,4.17,4.20,4.18,33.59,0.0,-30,-30,0.0,0,16,-1024,0,0,860,0,-1024,0,-1,-1,0,-1,-1,-1,-1,-1,-1,0,0,
2026-04-14,15:48:33.050,7.63,100,100,100,0.002,141.01,82,0,8.28,-0.112,0.979,-0.09,85,0,179.68,-5.85,10,0.00,4.18,4.19,4.18,4.18,4.19,4.17,4.20,4.18,33.59,0.0,-30,-30,12.4,0,14,-1024,0,0,859,0,-1024,0,-1,-1,0,-1,-1,-1,-1,-1,-1,0,0,
2026-04-14,15:48:33.320,7.63,100,100,100,-0.020,140.88,82,0,8.28,-0.106,0.976,-0.19,85,0,179.69,-5.88,10,0.00,4.18,4.19,4.18,4.18,4.20,4.17,4.20,4.18,33.59,0.0,-30,-30,0.0,0,1,-1024,0,0,860,0,-1024,0,-1,-1,0,-1,-1,-1,-1,-1,-1,0,0,
2026-04-14,15:48:33.590,7.63,100,100,100,-0.013,140.87,82,0,8.28,-0.107,0.980,-0.11,86,0,179.68,-5.88,10,0.00,4.18,4.19,4.18,4.18,4.20,4.17,4.20,4.18,33.59,0.0,-30,-30,0.0,0,13,-1024,0,0,860,0,-1024,0,-1,-1,0,-1,-1,-1,-1,-1,-1,0,0,
2026-04-14,15:48:33.860,7.63,100,100,100,-0.003,140.84,82,0,8.28,-0.103,0.984,-0.09,86,0,179.69,-5.87,10,0.00,4.18,4.19,4.18,4.18,4.20,4.17,4.20,4.18,33.59,0.0,-30,-30,0.0,0,15,-1024,0,0,860,0,-1024,0,-1,-1,0,-1,-1,-1,-1,-1,-1,0,0,
2026-04-14,15:48:34.120,7.63,100,100,100,-0.018,140.80,82,0,8.28,-0.103,0.973,-0.13,85,0,179.70,-5.88,10,0.00,4.18,4.19,4.18,4.18,4.20,4.17,4.20,4.18,33.59,0.0,-30,-30,0.0,0,14,-1024,0,0,860,0,-1024,0,-1,-1,0,-1,-1,-1,-1,-1,-1,0,0,
2026-04-14,15:48:34.390,7.63,100,100,100,-0.006,140.79,82,0,8.28,-0.110,0.984,-0.09,86,0,179.68,-5.89,10,0.00,4.18,4.19,4.18,4.18,4.20,4.18,4.20,4.18,33.59,0.0,-30,-30,8.9,0,15,-1024,0,0,860,0,-1024,0,-1,-1,0,-1,-1,-1,-1,-1,-1,0,0,
2026-04-14,15:48:34.650,7.63,100,100,100,-0.017,140.85,82,0,8.28,-0.102,0.984,0.08,85,0,179.70,-5.89,10,0.00,4.18,4.19,4.18,4.18,4.20,4.18,4.20,4.18,33.59,0.0,-30,-30,13.9,0,15,-1024,0,0,860,0,-1024,0,-1,-1,0,-1,-1,-1,-1,-1,-1,0,0,
2026-04-14,15:48:34.920,7.63,100,100,100,-0.007,140.88,82,0,8.28,-0.113,0.971,0.14,85,0,179.70,-5.89,10,0.00,4.18,4.19,4.18,4.18,4.20,4.18,4.20,4.18,33.59,0.0,-30,-30,0.0,0,0,-1024,0,0,860,0,-1024,0,-1,-1,0,-1,-1,-1,-1,-1,-1,0,0,
2026-04-14,15:48:35.190,7.63,100,100,100,-0.013,140.93,82,0,8.25,-0.110,0.972,0.15,86,0,179.69,-5.89,10,0.00,4.18,4.19,4.18,4.18,4.20,4.18,4.20,4.18,33.59,0.0,-30,-30,0.0,0,-203,-1024,0,0,860,0,-1024,0,-1,-1,0,-1,-1,-1,-1,-1,-1,0,0,
2026-04-14,15:48:35.450,7.63,100,100,100,-0.013,140.90,81,0,8.26,-0.104,0.990,0.01,85,0,179.68,-5.88,10,0.00,4.18,4.19,4.19,4.18,4.20,4.18,4.20,4.18,33.59,0.0,-30,-30,0.0,0,-96,-1024,0,0,860,0,-1024,0,-1,-1,0,-1,-1,-1,-1,-1,-1,0,0,
2026-04-14,15:48:35.720,7.63,100,100,100,-0.011,140.89,81,0,8.27,-0.111,0.979,-0.04,84,0,179.69,-5.89,10,0.00,4.18,4.19,4.19,4.18,4.19,4.18,4.20,4.18,33.59,0.0,-30,-30,0.0,0,-66,-1024,0,0,860,0,-1024,0,-1,-1,0,-1,-1,-1,-1,-1,-1,0,0,
2026-04-14,15:48:35.980,7.63,100,100,100,-0.019,140.88,82,0,8.28,-0.110,0.971,0.02,82,0,179.68,-5.89,10,0.00,4.18,4.19,4.19,4.18,4.19,4.18,4.19,4.18,33.59,0.0,-30,-30,0.0,0,-32,-1024,0,0,860,0,-1024,0,-1,-1,0,-1,-1,-1,-1,-1,-1,0,0,
2026-04-14,15:48:36.240,7.63,100,100,100,-0.005,140.85,82,0,8.28,-0.102,0.981,-0.01,82,0,179.69,-5.88,10,0.00,4.18,4.19,4.19,4.18,4.19,4.18,4.19,4.18,33.59,0.0,-30,-30,0.0,0,-21,-1023,0,0,860,0,-1024,0,-1,-1,0,-1,-1,-1,-1,-1,-1,0,0,
2026-04-14,15:48:36.500,7.63,100,100,100,-0.012,140.84,83,0,8.28,-0.110,0.982,-0.06,82,0,179.69,-5.88,10,0.00,4.18,4.19,4.18,4.18,4.19,4.18,4.19,4.18,33.59,0.0,-30,-30,0.0,0,8,-1024,0,0,860,0,-1024,0,-1,-1,0,-1,-1,-1,-1,-1,-1,0,0,
2026-04-14,15:48:36.780,7.63,100,100,100,-0.002,140.83,82,0,8.25,-0.114,0.982,-0.01,83,0,179.69,-5.87,10,0.00,4.18,4.19,4.18,4.18,4.19,4.17,4.19,4.18,33.59,0.0,-30,-30,0.0,0,-1022,-1024,0,0,860,0,-1024,0,-1,-1,0,-1,-1,-1,-1,-1,-1,0,0,
2026-04-14,15:48:37.040,7.63,100,100,100,0.000,140.96,82,0,8.25,-0.118,0.994,0.17,85,0,179.71,-5.96,10,0.00,4.18,4.19,4.18,4.18,4.19,4.17,4.19,4.18,33.59,0.0,-30,-30,0.0,0,-1022,-1024,0,0,860,0,-1024,0,-1,-1,0,-1,-1,-1,-1,-1,-1,0,0,
2026-04-14,15:48:37.300,7.63,100,100,100,-0.011,141.07,81,0,8.25,-0.109,0.976,0.39,85,0,179.71,-5.96,10,0.00,4.18,4.19,4.18,4.18,4.19,4.17,4.19,4.18,33.59,0.0,-30,-30,0.0,0,-1011,-1024,0,0,860,0,-1024,0,-1,-1,0,-1,-1,-1,-1,-1,-1,0,0,
2026-04-14,15:48:37.560,7.63,100,100,100,-0.014,141.08,81,0,8.24,-0.107,0.976,0.17,85,0,179.71,-5.95,10,0.00,4.18,4.19,4.18,4.18,4.19,4.17,4.19,4.18,33.59,0.0,-30,-30,0.0,0,-965,-1024,0,0,860,0,-1024,1,-1,-1,0,-1,-1,-1,-1,-1,-1,0,0,
2026-04-14,15:48:37.820,7.64,100,100,100,-0.006,141.06,81,0,8.26,-0.117,0.981,0.04,86,0,179.70,-5.96,10,0.00,4.18,4.19,4.19,4.18,4.19,4.17,4.19,4.18,33.59,0.0,-30,-30,0.0,0,-974,-1024,0,0,860,0,-1024,1,-1,-1,0,-1,-1,-1,-1,-1,-1,0,0,
2026-04-14,15:48:38.080,7.64,100,100,100,-0.012,141.04,81,0,8.24,-0.120,1.001,-0.07,86,0,179.70,-5.97,10,0.00,4.18,4.19,4.19,4.18,4.19,4.17,4.19,4.18,33.59,0.0,-30,-30,0.0,0,-1019,-1024,0,0,859,0,-1024,0,-1,-1,0,-1,-1,-1,-1,-1,-1,0,0,
2026-04-14,15:48:38.350,7.63,100,100,100,-0.020,140.99,81,0,8.26,-0.123,0.984,-0.04,85,0,179.73,-6.03,10,0.00,4.18,4.19,4.19,4.18,4.19,4.17,4.20,4.18,33.59,0.0,-30,-30,13.9,0,-1023,-1024,0,0,860,0,-1024,-1,-1,-1,0,-1,-1,-1,-1,-1,-1,0,0,
2026-04-14,15:48:38.610,7.64,100,100,100,-0.007,140.98,81,0,8.25,-0.118,0.989,-0.07,86,0,179.72,-6.03,10,0.00,4.18,4.19,4.19,4.18,4.19,4.17,4.20,4.18,33.59,0.0,-30,-30,10.7,0,-1017,-1024,0,0,860,0,-1024,1,-1,-1,0,-1,-1,-1,-1,-1,-1,0,0,
2026-04-14,15:48:38.870,7.63,100,100,100,-0.008,140.93,81,0,8.24,-0.095,0.940,-0.17,86,0,179.72,-6.05,10,0.00,4.18,4.19,4.18,4.18,4.19,4.17,4.20,4.18,33.59,0.0,-30,-30,6.1,0,-1010,-1024,0,0,860,0,-1024,1,-1,-1,0,-1,-1,-1,-1,-1,-1,0,0,
2026-04-14,15:48:39.140,7.63,100,100,100,-0.011,140.99,81,0,8.26,-0.105,0.978,0.08,85,0,179.72,-6.04,10,0.00,4.18,4.19,4.18,4.18,4.20,4.17,4.20,4.18,33.59,0.0,-30,-30,0.0,0,-939,-1024,0,0,860,0,-1024,1,-1,-1,0,-1,-1,-1,-1,-1,-1,0,0,
2026-04-14,15:48:39.410,7.63,100,100,100,-0.016,141.04,81,0,8.24,-0.114,0.978,0.14,85,0,179.71,-6.03,10,0.00,4.18,4.19,4.18,4.18,4.20,4.17,4.20,4.18,33.59,0.0,-30,-30,0.0,0,12,-1024,0,0,860,0,-1024,1,-1,-1,0,-1,-1,-1,-1,-1,-1,0,0,
2026-04-14,15:48:39.670,7.63,100,100,99,-0.007,141.05,81,0,8.25,-0.112,0.989,0.10,86,0,179.69,-5.87,10,0.00,4.18,4.19,4.18,4.18,4.20,4.17,4.20,4.18,33.59,0.0,-30,-30,0.0,0,13,-1024,0,0,860,0,-1024,1,-1,-1,0,-1,-1,-1,-1,-1,-1,0,0,
2026-04-14,15:48:39.930,7.63,100,100,99,-0.012,141.03,82,0,8.27,-0.105,0.974,-0.01,85,0,179.69,-5.88,10,0.00,4.18,4.19,4.18,4.18,4.20,4.17,4.20,4.18,33.59,0.0,-30,-30,0.0,0,13,-1024,0,0,860,0,-1024,1,-1,-1,0,-1,-1,-1,-1,-1,-1,0,0,
2026-04-14,15:48:40.200,7.63,100,100,99,-0.010,141.01,82,0,8.27,-0.102,0.981,-0.03,85,0,179.68,-5.87,10,0.00,4.18,4.19,4.18,4.18,4.20,4.17,4.20,4.18,33.59,0.0,-30,-30,0.0,0,13,-1024,0,0,860,0,-1024,1,-1,-1,0,-1,-1,-1,-1,-1,-1,0,0,
2026-04-14,15:48:40.470,7.63,100,100,99,-0.011,141.00,82,0,8.28,-0.104,0.984,-0.04,86,0,179.68,-5.86,10,0.00,4.18,4.19,4.18,4.18,4.19,4.17,4.20,4.18,33.59,0.0,-30,-30,0.0,0,13,-1024,0,0,860,0,-1024,1,-1,-1,0,-1,-1,-1,-1,-1,-1,0,0,
2026-04-14,15:48:40.730,7.63,100,100,99,-0.013,141.05,82,0,8.28,-0.111,0.979,0.02,82,0,179.69,-5.87,10,0.00,4.18,4.19,4.18,4.18,4.19,4.17,4.20,4.18,33.59,0.0,-30,-30,0.0,0,14,-1024,0,0,860,0,-1024,1,-1,-1,0,-1,-1,-1,-1,-1,-1,0,0,
2026-04-14,15:48:40.990,7.63,100,100,99,-0.009,141.12,82,0,8.28,-0.106,0.979,0.19,77,0,179.68,-5.87,10,0.00,4.18,4.19,4.18,4.18,4.19,4.17,4.20,4.18,33.59,0.0,-30,-30,0.0,0,13,-1024,0,0,860,0,-1024,1,-1,-1,0,-1,-1,-1,-1,-1,-1,0,0,
2026-04-14,15:48:41.250,7.63,100,100,99,-0.006,141.08,81,0,8.28,-0.106,0.981,0.01,72,0,179.69,-5.87,10,0.00,4.18,4.19,4.18,4.18,4.19,4.17,4.20,4.18,33.59,0.0,-30,-30,0.0,0,13,-1024,0,0,860,0,-1024,1,-1,-1,0,-1,-1,-1,-1,-1,-1,0,0,
2026-04-14,15:48:41.520,7.62,100,100,99,-0.009,141.14,80,0,8.28,-0.110,0.974,0.09,70,0,179.70,-5.88,10,0.00,4.18,4.19,4.18,4.18,4.19,4.17,4.20,4.18,33.59,0.0,-30,-30,0.0,0,14,-1024,0,0,860,0,-1024,1,-1,-1,0,-1,-1,-1,-1,-1,-1,0,0,
2026-04-14,15:48:41.790,7.63,100,100,99,-0.013,141.14,80,0,8.28,-0.108,0.982,-0.02,69,0,179.69,-5.87,10,0.00,4.18,4.19,4.18,4.18,4.19,4.17,4.20,4.18,33.59,0.0,-30,-30,0.0,0,13,-1024,0,0,859,0,-1024,1,-1,-1,0,-1,-1,-1,-1,-1,-1,0,0,
2026-04-14,15:48:42.050,7.63,100,100,99,-0.018,141.09,81,0,8.28,-0.106,0.983,-0.10,74,0,179.70,-5.87,10,0.00,4.18,4.19,4.18,4.18,4.19,4.17,4.20,4.18,33.59,0.0,-30,-30,0.0,0,13,-1024,0,0,860,0,-1024,1,-1,-1,0,-1,-1,-1,-1,-1,-1,0,0,
2026-04-14,15:48:42.310,7.62,100,100,99,-0.015,140.98,81,0,8.28,-0.103,0.970,-0.28,77,0,179.69,-5.87,10,0.00,4.18,4.19,4.18,4.18,4.19,4.17,4.20,4.18,33.59,0.0,-30,-30,0.0,0,13,-1024,0,0,860,0,-1024,1,-1,-1,0,-1,-1,-1,-1,-1,-1,0,0,
2026-04-14,15:48:42.570,7.63,100,100,99,-0.004,140.96,82,0,8.28,-0.104,0.981,-0.22,80,0,179.67,-5.86,10,0.00,4.18,4.19,4.18,4.18,4.19,4.17,4.20,4.18,33.59,0.0,-30,-30,0.0,0,13,-1024,0,0,860,0,-1024,1,-1,-1,0,-1,-1,-1,-1,-1,-1,0,0,
2026-04-14,15:48:42.850,7.63,100,100,99,-0.019,141.00,82,0,8.28,-0.108,0.985,0.01,83,0,179.68,-5.86,10,0.00,4.18,4.19,4.18,4.18,4.19,4.17,4.20,4.18,33.59,0.0,-30,-30,0.0,0,14,-1024,0,0,860,0,-1024,1,-1,-1,0,-1,-1,-1,-1,-1,-1,0,0,
2026-04-14,15:48:43.110,7.62,100,100,99,-0.018,141.08,82,0,8.28,-0.108,0.978,0.19,85,0,179.69,-5.87,10,0.00,4.18,4.19,4.18,4.18,4.19,4.17,4.20,4.18,33.59,0.0,-30,-30,0.0,0,14,-1024,0,0,860,0,-1024,1,-1,-1,0,-1,-1,-1,-1,-1,-1,0,0,
2026-04-14,15:48:43.380,7.63,100,100,99,-0.025,141.07,82,0,8.28,-0.104,0.980,0.05,85,0,179.69,-5.88,10,0.00,4.18,4.19,4.18,4.18,4.19,4.17,4.20,4.18,33.59,0.0,-30,-30,0.0,0,13,-1024,0,0,860,0,-1024,1,-1,-1,0,-1,-1,-1,-1,-1,-1,0,0,
2026-04-14,15:48:43.650,7.63,100,100,100,0.001,141.01,82,0,8.28,-0.101,0.983,-0.10,85,0,179.67,-5.86,10,0.00,4.18,4.19,4.18,4.18,4.19,4.17,4.20,4.18,33.59,0.0,-30,-30,0.0,0,13,-1024,0,0,860,0,-1024,1,-1,-1,0,-1,-1,-1,-1,-1,-1,0,0,
2026-04-14,15:48:43.910,7.62,100,100,100,0.000,141.05,83,0,8.28,-0.113,0.977,0.02,86,0,179.68,-5.87,10,0.00,4.18,4.19,4.18,4.18,4.19,4.18,4.20,4.18,33.59,0.0,-30,-30,0.0,0,13,-1024,0,0,860,0,-1024,1,-1,-1,0,-1,-1,-1,-1,-1,-1,0,0,
2026-04-14,15:48:44.170,7.63,100,100,100,-0.029,141.07,83,0,8.28,-0.105,0.985,0.02,85,0,179.70,-5.86,10,0.00,4.18,4.19,4.18,4.18,4.19,4.18,4.20,4.18,33.59,0.0,-30,-30,0.0,0,13,-1024,0,0,860,0,-1024,1,-1,-1,0,-1,-1,-1,-1,-1,-1,0,0,
2026-04-14,15:48:44.430,7.63,100,100,100,-0.014,141.06,83,0,8.28,-0.100,0.977,0.03,85,0,179.69,-5.89,10,0.00,4.18,4.19,4.18,4.18,4.19,4.18,4.20,4.18,33.59,0.0,-30,-30,0.0,0,13,-1024,0,0,860,0,-1024,1,-1,-1,0,-1,-1,-1,-1,-1,-1,0,0,
2026-04-14,15:48:44.700,7.63,100,100,100,-0.002,141.04,83,0,8.28,-0.107,0.977,0.01,85,0,179.68,-5.88,10,0.00,4.18,4.19,4.18,4.18,4.19,4.18,4.20,4.18,33.59,0.0,-30,-30,0.0,0,13,-1024,0,0,860,0,-1024,1,-1,-1,0,-1,-1,-1,-1,-1,-1,0,0,
2026-04-14,15:48:44.970,7.63,100,100,100,-0.011,141.05,83,0,8.28,-0.103,0.978,0.00,84,0,179.69,-5.88,10,0.00,4.18,4.19,4.18,4.18,4.19,4.18,4.20,4.18,33.59,0.0,-30,-30,0.0,0,13,-1024,0,0,860,0,-1024,1,-1,-1,0,-1,-1,-1,-1,-1,-1,0,0,
2026-04-14,15:48:45.240,7.63,100,100,100,-0.014,141.13,83,0,8.28,-0.111,0.978,0.13,84,0,179.69,-5.88,10,0.00,4.18,4.19,4.18,4.18,4.20,4.18,4.20,4.18,33.59,0.0,-30,-30,0.0,0,13,-1024,0,0,860,0,-1024,1,-1,-1,0,-1,-1,-1,-1,-1,-1,0,0,
2026-04-14,15:48:45.500,7.63,100,100,100,-0.006,141.13,83,0,8.28,-0.105,0.979,0.10,84,0,179.67,-5.88,10,0.00,4.18,4.19,4.18,4.18,4.20,4.18,4.20,4.18,33.59,0.0,-30,-30,0.0,0,14,-1024,0,0,860,0,-1024,1,-1,-1,0,-1,-1,-1,-1,-1,-1,0,0,
2026-04-14,15:48:45.760,7.62,100,100,100,-0.010,141.13,83,0,8.28,-0.106,0.979,0.06,84,0,179.68,-5.88,10,0.00,4.18,4.19,4.18,4.18,4.20,4.18,4.20,4.18,33.59,0.0,-30,-30,0.0,0,13,-1024,0,0,860,0,-1024,1,-1,-1,0,-1,-1,-1,-1,-1,-1,0,0,
2026-04-14,15:48:46.030,7.63,100,100,100,-0.012,141.12,83,0,8.28,-0.107,0.979,-0.01,84,0,179.68,-5.88,10,0.00,4.18,4.19,4.18,4.18,4.20,4.18,4.20,4.18,33.59,0.0,-30,-30,0.0,0,14,-1024,0,0,860,0,-1024,1,-1,-1,0,-1,-1,-1,-1,-1,-1,0,0,
2026-04-14,15:48:46.300,7.63,100,100,100,-0.010,141.14,83,0,8.28,-0.105,0.979,0.00,85,0,179.69,-5.89,10,0.00,4.18,4.19,4.18,4.18,4.20,4.17,4.20,4.18,33.59,0.0,-30,-30,0.0,0,14,-1024,0,0,860,0,-1024,1,-1,-1,0,-1,-1,-1,-1,-1,-1,0,0,
2026-04-14,15:48:46.570,7.62,100,100,100,-0.009,141.10,83,0,8.28,-0.105,0.978,-0.02,86,0,179.69,-5.89,10,0.00,4.18,4.19,4.18,4.18,4.20,4.17,4.20,4.18,33.59,0.0,-30,-30,0.0,0,13,-1024,0,0,860,0,-1024,1,-1,-1,0,-1,-1,-1,-1,-1,-1,0,0,
2026-04-14,15:48:46.830,7.62,100,100,100,-0.007,141.14,83,0,8.28,-0.108,0.979,0.03,85,0,179.68,-5.89,10,0.00,4.18,4.19,4.18,4.18,4.20,4.17,4.20,4.18,33.59,0.0,-30,-30,0.0,0,14,-1024,0,0,860,0,-1024,1,-1,-1,0,-1,-1,-1,-1,-1,-1,0,0,
2026-04-14,15:48:47.100,7.63,100,100,100,-0.011,141.17,83,0,8.28,-0.111,0.979,0.08,85,0,179.69,-5.89,10,0.00,4.18,4.19,4.18,4.18,4.20,4.17,4.20,4.18,33.59,0.0,-30,-30,0.0,0,14,-1024,0,0,860,0,-1024,1,-1,-1,0,-1,-1,-1,-1,-1,-1,0,0,
2026-04-14,15:48:47.360,7.63,100,100,100,-0.018,141.26,83,0,8.28,-0.105,0.981,0.22,85,0,179.69,-5.89,10,0.00,4.18,4.19,4.18,4.18,4.20,4.17,4.20,4.18,33.59,0.0,-30,-30,0.0,0,13,-1024,0,0,860,0,-1024,1,-1,-1,0,-1,-1,-1,-1,-1,-1,0,0,
2026-04-14,15:48:47.620,7.63,100,100,100,-0.005,141.26,82,0,8.28,-0.106,0.981,0.03,85,0,179.67,-5.88,10,0.00,4.18,4.19,4.18,4.18,4.19,4.17,4.20,4.18,33.59,0.0,-30,-30,0.0,0,13,-1024,0,0,860,0,-1024,1,-1,-1,0,-1,-1,-1,-1,-1,-1,0,0,
2026-04-14,15:48:47.900,7.63,100,100,100,-0.002,141.29,82,0,8.28,-0.105,0.975,0.02,84,0,179.68,-5.89,10,0.00,4.18,4.19,4.18,4.18,4.19,4.17,4.20,4.18,33.59,0.0,-30,-30,0.0,0,13,-1024,0,0,860,0,-1024,1,-1,-1,0,-1,-1,-1,-1,-1,-1,0,0,
2026-04-14,15:48:48.170,7.63,100,100,100,-0.015,141.32,83,0,8.28,-0.107,0.976,0.08,85,0,179.68,-5.89,10,0.00,4.18,4.19,4.18,4.18,4.19,4.17,4.20,4.18,33.59,0.0,-30,-30,0.0,0,13,-1024,0,0,860,0,-1024,1,-1,-1,0,-1,-1,-1,-1,-1,-1,0,0,
2026-04-14,15:48:48.440,7.63,100,100,100,-0.009,141.34,83,0,8.28,-0.106,0.981,0.08,84,0,179.67,-5.87,10,0.00,4.18,4.19,4.18,4.19,4.19,4.17,4.20,4.18,33.59,0.0,-30,-30,0.0,0,14,-1024,0,0,860,0,-1024,1,-1,-1,0,-1,-1,-1,-1,-1,-1,0,0,
2026-04-14,15:48:48.700,7.63,100,100,100,0.000,141.37,83,0,8.28,-0.110,0.979,0.11,85,0,179.66,-5.87,10,0.00,4.18,4.19,4.18,4.19,4.19,4.17,4.20,4.18,33.59,0.0,-30,-30,0.0,0,14,-1024,0,0,860,0,-1024,1,-1,-1,0,-1,-1,-1,-1,-1,-1,0,0,
2026-04-14,15:48:48.960,7.63,100,100,100,-0.017,141.32,83,0,8.28,-0.111,0.981,-0.02,85,0,179.69,-5.88,10,0.00,4.18,4.19,4.18,4.19,4.19,4.17,4.20,4.18,33.59,0.0,-30,-30,0.0,0,13,-1024,0,0,860,0,-1024,1,-1,-1,0,-1,-1,-1,-1,-1,-1,0,0,
2026-04-14,15:48:49.220,7.63,100,100,100,-0.012,141.33,83,0,8.28,-0.110,0.984,-0.03,85,0,179.68,-5.87,10,0.00,4.18,4.19,4.18,4.19,4.19,4.17,4.20,4.18,33.59,0.0,-30,-30,0.0,0,13,-1024,0,0,860,0,-1024,1,-1,-1,0,-1,-1,-1,-1,-1,-1,0,0,
2026-04-14,15:48:49.480,7.63,100,100,100,-0.006,141.32,83,0,8.28,-0.114,0.976,0.00,84,0,179.68,-5.88,10,0.00,4.18,4.19,4.18,4.19,4.19,4.17,4.20,4.18,33.59,0.0,-30,-30,0.0,0,13,-1024,0,0,860,0,-1024,1,-1,-1,0,-1,-1,-1,1,-1,-1,1,0,
2026-04-14,15:48:49.740,7.63,100,100,100,-0.010,141.31,83,0,8.28,-0.106,0.979,-0.02,85,0,179.69,-5.87,10,0.00,4.18,4.19,4.18,4.18,4.19,4.17,4.20,4.18,33.59,0.0,-30,-30,0.0,0,14,-1024,0,0,860,0,-1024,1,-1,-1,0,-1,-1,-1,-1,-1,-1,1,0,
2026-04-14,15:48:50.020,7.63,100,100,100,-0.012,141.27,83,0,8.28,-0.106,0.979,-0.12,85,0,179.68,-5.88,10,0.00,4.18,4.19,4.18,4.18,4.19,4.17,4.20,4.18,33.59,0.0,-30,-30,0.0,0,13,-980,0,0,860,0,-1024,1,-1,-1,0,-1,-1,-1,-1,-1,-1,1,0,
2026-04-14,15:48:50.290,7.63,100,100,100,-0.019,141.29,83,0,8.28,-0.107,0.978,0.05,84,0,179.67,-5.88,10,0.00,4.18,4.19,4.18,4.18,4.19,4.17,4.20,4.18,33.59,0.0,-30,-30,0.0,0,14,-699,0,0,860,0,-1024,1,-1,-1,0,-1,-1,-1,-1,-1,-1,1,0,
2026-04-14,15:48:50.550,7.63,100,100,100,-0.018,141.28,83,0,8.28,-0.104,0.976,0.00,85,0,179.67,-5.87,10,0.00,4.18,4.19,4.18,4.18,4.19,4.17,4.20,4.18,33.59,1.6,-30,-30,0.0,0,13,-664,0,0,860,0,-1024,1,-1,-1,0,-1,-1,-1,-1,-1,-1,0,0,
2026-04-14,15:48:50.820,7.63,100,100,100,-0.009,141.22,83,0,8.28,-0.111,0.979,-0.10,86,0,179.67,-5.80,10,0.00,4.18,4.19,4.18,4.18,4.19,4.17,4.20,4.18,33.59,1.6,-30,-30,0.0,0,12,-627,0,0,860,0,-1024,1,-1,-1,0,-1,-1,-1,-1,-1,-1,0,0,
2026-04-14,15:48:51.090,7.63,100,100,100,-0.004,141.13,83,0,8.28,-0.112,0.980,-0.22,85,0,179.66,-5.79,10,0.00,4.18,4.19,4.18,4.18,4.19,4.17,4.20,4.18,33.55,1.6,-30,-30,0.0,0,-17,-398,0,0,860,0,-1024,1,-1,-1,0,-1,-1,-1,-1,-1,-1,0,0,
2026-04-14,15:48:51.350,7.62,100,100,100,-0.006,140.97,83,0,8.28,-0.113,0.965,-0.38,85,0,179.65,-5.73,10,0.00,4.18,4.19,4.18,4.18,4.19,4.17,4.20,4.18,33.55,1.6,-30,-30,0.0,0,-35,-229,0,0,860,0,-1024,1,-1,-1,0,-1,-1,-1,-1,-1,-1,0,0,
2026-04-14,15:48:51.620,7.63,100,100,100,-0.002,140.64,83,0,8.26,-0.109,0.997,-0.80,86,0,179.59,-5.27,10,0.00,4.18,4.19,4.18,4.18,4.19,4.17,4.19,4.18,33.48,8.6,-30,-30,0.0,13,-117,-129,1,0,860,0,-1024,1,-1,-1,0,-1,-1,-1,-1,-1,-1,0,0,
2026-04-14,15:48:51.890,7.63,100,100,100,0.004,140.24,83,0,8.24,-0.157,0.965,-1.16,84,0,179.59,-5.40,10,0.00,4.16,4.18,4.18,4.18,4.19,4.17,4.19,4.18,33.48,8.6,-30,-30,0.0,172,-159,-65,68,0,860,0,-1024,1,-1,-1,0,-1,-1,-1,-1,-1,-1,0,0,
2026-04-14,15:48:52.150,7.63,100,100,100,0.008,139.82,82,0,8.16,-0.248,0.973,-1.36,77,0,179.87,-6.49,10,0.00,4.16,4.18,4.16,4.16,4.19,4.17,4.19,4.18,33.38,12.8,-30,-30,0.0,559,-147,-61,53,0,860,0,-1024,1,-1,-1,0,-1,-1,-1,-1,-1,-1,0,0,
2026-04-14,15:48:52.410,7.62,100,100,100,0.009,139.56,82,0,8.12,-0.226,0.932,-1.20,81,0,179.99,-7.35,10,0.00,4.16,4.18,4.16,4.16,4.16,4.14,4.19,4.18,33.38,12.8,-30,-30,0.0,883,-139,-60,38,0,860,0,-1024,1,-1,-1,0,-1,-1,-1,-1,-1,-1,0,0,
2026-04-14,15:48:52.670,7.63,100,100,100,-0.007,139.30,82,0,8.12,-0.260,0.936,-0.93,84,0,-5.66,-8.53,10,0.00,4.16,4.18,4.16,4.16,4.16,4.14,4.15,4.14,33.30,12.5,-30,-30,0.0,860,-135,0,27,0,860,0,-1024,1,-1,-1,0,-1,-1,-1,-1,-1,-1,0,0,
2026-04-14,15:48:52.940,7.62,100,100,100,-0.009,139.10,82,0,8.15,-0.316,0.917,-0.45,86,0,137.97,-9.37,10,0.00,4.12,4.14,4.16,4.16,4.16,4.14,4.15,4.14,33.30,12.5,-30,-30,0.0,796,-133,142,0,0,860,0,-1024,1,-1,-1,0,-1,-1,-1,-1,-1,-1,0,0,
2026-04-14,15:48:53.200,7.63,100,100,100,0.004,138.78,81,0,8.16,-0.331,1.000,-0.79,88,0,151.52,-9.86,10,0.00,4.12,4.14,4.12,4.12,4.16,4.14,4.15,4.14,33.14,19.4,-30,-30,6.1,834,-127,272,0,0,860,0,-1024,1,-1,-1,0,-1,-1,-1,-1,-1,-1,0,0,
2026-04-14,15:48:53.460,7.62,100,100,100,-0.012,138.37,78,0,8.17,-0.425,0.965,-1.15,89,0,-178.88,-11.70,10,0.00,4.12,4.14,4.12,4.12,4.16,4.14,4.15,4.14,33.14,19.4,-30,-30,8.7,878,-165,423,152,0,860,0,-1024,1,-1,-1,0,-1,-1,-1,-1,-1,-1,0,0,
2026-04-14,15:48:53.730,7.63,100,100,100,-0.036,138.06,76,0,8.17,-0.507,1.001,-1.25,87,0,-179.84,-12.72,10,0.00,4.12,4.14,4.12,4.12,4.11,4.10,4.15,4.14,32.86,30.1,-30,-30,15.4,842,-275,487,138,0,859,0,-1024,1,-1,-1,0,-1,-1,-1,-1,-1,-1,0,0,
2026-04-14,15:48:54.000,7.62,100,100,100,-0.006,137.80,76,0,8.17,-0.499,0.902,-0.97,88,0,-179.68,-15.45,10,0.00,4.12,4.14,4.12,4.12,4.11,4.10,4.09,4.09,32.86,30.1,-30,-30,17.8,703,-189,549,31,0,860,0,-1024,1,-1,-1,0,-1,-1,-1,-1,-1,-1,0,0,
2026-04-14,15:48:54.260,7.63,100,100,100,-0.010,137.60,77,0,8.22,-0.557,0.935,-0.81,90,0,-179.71,-16.99,10,0.00,4.03,4.06,4.12,4.12,4.11,4.10,4.09,4.09,32.56,39.9,-30,-30,17.8,660,-200,629,201,0,859,0,-1024,1,-1,-1,0,-1,-1,-1,-1,-1,-1,0,0,
2026-04-14,15:48:54.520,7.63,99,100,100,-0.047,137.23,76,0,8.20,-0.570,0.918,-1.00,89,0,-179.69,-18.15,10,0.00,4.03,4.06,4.01,4.03,4.11,4.10,4.09,4.09,32.56,50.6,-30,-30,21.7,691,-233,683,262,0,860,0,-1024,1,-1,-1,0,-1,-1,-1,-1,-1,-1,0,0,
2026-04-14,15:48:54.780,7.63,99,100,100,-0.028,136.99,75,0,8.18,-0.569,0.862,-1.02,83,0,-179.43,-19.78,10,0.00,4.03,4.06,4.01,4.03,4.00,3.99,4.09,4.09,32.20,50.6,-30,-30,30.7,645,-290,685,64,0,859,0,-1024,1,-1,-1,0,-1,-1,-1,-1,-1,-1,0,0,
2026-04-14,15:48:55.040,7.63,99,100,100,-0.041,136.84,69,0,8.18,-0.576,1.219,-0.71,76,0,-179.39,-20.74,10,0.00,4.03,4.06,4.01,4.03,4.00,3.99,3.98,3.98,31.91,54.5,-30,-30,36.1,599,-350,684,165,0,860,0,-1024,1,-1,-1,0,-1,-1,-1,-1,-1,-1,0,0,
2026-04-14,15:48:55.300,7.63,100,100,100,-0.056,136.50,65,0,8.22,-0.550,0.850,-0.90,70,0,-179.28,-22.46,10,0.00,4.03,4.06,4.01,4.03,4.00,3.99,3.98,3.98,31.91,54.5,-30,-30,43.5,511,-454,684,137,0,860,0,-1024,1,-1,-1,0,-1,-1,-1,-1,-1,-1,0,0,
2026-04-14,15:48:55.560,7.63,100,100,100,-0.016,136.13,63,0,8.22,-0.514,0.941,-1.20,65,0,-179.38,-23.04,10,0.00,3.93,3.96,4.01,4.03,4.00,3.99,3.98,3.98,31.67,54.6,-30,-30,46.5,423,-414,683,76,0,860,0,-1024,1,-1,-1,0,-1,-1,-1,-1,-1,-1,0,0,
2026-04-14,15:48:55.830,7.63,100,100,100,-0.025,136.17,63,0,8.19,-0.532,0.895,-0.50,64,0,-179.21,-24.93,10,0.00,3.93,3.96,3.93,3.94,4.00,3.99,3.98,3.98,31.67,54.6,-30,-30,48.9,308,-474,683,0,0,860,0,-1024,1,-1,-1,0,-1,-1,-1,-1,-1,-1,0,0,
2026-04-14,15:48:56.100,7.63,100,100,100,0.062,136.18,63,0,8.20,-0.541,0.863,0.04,63,0,-178.54,-29.06,10,0.00,3.93,3.96,3.93,3.94,3.93,3.92,3.98,3.98,31.48,53.9,-30,-30,48.9,261,-186,684,0,0,860,0,-1024,1,-1,-1,0,-1,-1,-1,-1,-1,-1,0,0,
2026-04-14,15:48:56.360,7.63,100,100,100,0.099,136.00,64,0,8.19,-0.569,0.871,-0.23,62,0,-178.16,-31.45,10,0.00,3.93,3.96,3.93,3.94,3.93,3.92,3.93,3.94,31.48,53.9,-30,-30,49.4,266,-411,685,230,0,860,0,-1024,1,-1,-1,0,-1,-1,-1,-1,-1,-1,0,0,
2026-04-14,15:48:56.630,7.63,100,100,100,0.083,135.56,64,0,8.18,-0.556,0.962,-1.03,62,0,-178.63,-32.66,10,0.00,3.88,3.93,3.93,3.94,3.93,3.92,3.93,3.94,31.31,53.7,-30,-30,55.4,308,-482,690,335,0,860,0,-1024,1,-1,-1,0,-1,-1,-1,-1,-1,-1,0,0,
2026-04-14,15:48:56.890,7.63,100,100,100,0.083,135.31,64,0,8.17,-0.596,1.050,-1.10,62,0,-177.40,-34.20,10,0.00,3.88,3.93,3.90,3.92,3.93,3.92,3.93,3.94,31.31,53.7,-30,-30,60.6,322,-337,694,225,0,860,0,-1024,1,-1,-1,0,-1,-1,-1,-1,-1,-1,0,0,
2026-04-14,15:48:57.150,7.63,100,100,100,0.073,135.17,63,0,8.17,-0.524,0.988,-0.76,63,0,-171.25,-35.62,10,0.00,3.88,3.93,3.90,3.92,3.90,3.89,3.93,3.94,31.17,54.0,-30,-30,64.6,214,-118,689,0,0,860,0,-1024,1,-1,-1,0,-1,-1,-1,-1,-1,-1,0,0,
2026-04-14,15:48:57.410,7.63,100,100,100,0.096,135.56,62,0,8.17,-0.476,0.815,0.35,64,0,-166.64,-32.45,10,0.00,3.88,3.93,3.90,3.92,3.90,3.89,3.93,3.94,31.17,54.0,-30,-30,65.2,106,-266,690,-123,0,860,0,-1024,1,-1,-1,0,-1,-1,-1,-1,-1,-1,0,0,
2026-04-14,15:48:57.670,7.63,100,100,100,0.093,136.00,62,0,8.17,-0.499,0.978,1.18,65,0,-168.15,-31.63,10,0.00,3.88,3.93,3.90,3.92,3.90,3.89,3.91,3.92,31.05,53.8,-30,-30,70.2,0,-292,691,-306,0,860,0,-1024,1,-1,-1,0,-1,-1,-1,-1,-1,-1,0,0,
2026-04-14,15:48:57.930,7.63,100,100,100,0.055,136.16,62,0,8.17,-0.476,1.106,0.90,66,0,-171.49,-33.15,10,0.00,3.86,3.91,3.90,3.92,3.90,3.89,3.91,3.92,31.05,53.8,-30,-30,74.8,0,-281,689,-284,0,860,0,-1024,1,-1,-1,0,-1,-1,-1,-1,-1,-1,0,0,
2026-04-14,15:48:58.200,7.63,100,100,100,0.084,136.44,61,0,8.22,-0.540,1.349,0.88,65,0,-174.87,-35.39,10,0.00,3.86,3.91,3.88,3.90,3.90,3.89,3.91,3.92,30.96,52.8,-30,-30,74.8,0,-158,688,0,0,860,0,-1024,1,-1,-1,0,-1,-1,-1,-1,-1,-1,0,0,
2026-04-14,15:48:58.470,7.63,100,100,100,0.062,136.79,58,0,8.23,-0.454,1.012,1.05,64,0,154.34,-36.28,10,0.00,3.86,3.91,3.88,3.90,3.89,3.88,3.91,3.92,30.96,52.8,-30,-30,76.7,0,-114,687,0,0,860,0,-1024,1,-1,-1,0,-1,-1,-1,-1,-1,-1,0,0,
2026-04-14,15:48:58.740,7.63,100,100,100,0.071,137.23,53,0,8.21,-0.440,1.010,1.32,64,0,95.36,-35.40,10,0.00,3.86,3.91,3.88,3.90,3.89,3.88,3.90,3.90,30.89,52.6,-30,-30,78.7,0,-166,686,-5,0,860,0,-1024,1,-1,-1,0,-1,-1,-1,-1,-1,-1,0,0,
2026-04-14,15:48:59.010,7.63,100,100,100,0.083,138.39,51,0,8.21,-0.390,0.893,1.97,64,0,-177.26,-34.95,10,0.00,3.85,3.90,3.88,3.90,3.89,3.88,3.90,3.90,30.89,51.5,-30,-30,81.5,0,-85,684,-13,0,860,0,-1024,1,-1,-1,0,-1,-1,-1,-1,-1,-1,0,0,
2026-04-14,15:48:59.270,7.63,100,100,100,0.120,139.61,51,0,8.25,-0.424,0.927,3.22,63,0,173.59,-34.49,10,0.00,3.85,3.90,3.87,3.89,3.89,3.88,3.90,3.90,30.82,51.5,-30,-30,77.6,0,-104,673,147,0,860,0,-1024,1,-1,-1,0,-1,-1,-1,-1,-1,-1,0,0,
2026-04-14,15:48:59.540,7.63,100,100,100,0.083,140.35,51,0,8.23,-0.348,0.775,3.03,60,0,172.56,-32.55,10,0.00,3.85,3.90,3.87,3.89,3.88,3.87,3.90,3.90,30.82,50.5,-30,-30,82.8,66,-123,674,123,0,860,0,-1024,1,-1,-1,0,-1,-1,-1,-1,-1,-1,0,0,
2026-04-14,15:48:59.810,7.63,100,100,100,0.096,141.02,51,0,8.20,-0.336,0.961,2.55,58,0,175.91,-30.88,10,0.00,3.85,3.90,3.87,3.89,3.88,3.87,3.89,3.90,30.78,50.5,-30,-30,86.5,72,-150,674,67,0,860,0,-1024,1,-1,-1,0,-1,-1,-1,-1,-1,-1,0,0,
2026-04-14,15:49:00.070,7.63,100,100,100,0.065,141.70,51,0,8.18,-0.327,0.982,2.39,57,0,174.16,-30.30,10,0.00,3.85,3.90,3.87,3.89,3.88,3.87,3.89,3.90,30.76,49.0,-30,-30,90.0,158,-167,675,148,0,860,0,-1024,1,-1,-1,0,-1,-1,-1,-1,-1,-1,0,0,
2026-04-14,15:49:00.340,7.63,100,100,100,0.035,142.43,51,0,8.16,-0.376,1.162,2.51,54,0,174.16,-30.30,10,0.00,3.84,3.89,3.87,3.89,3.88,3.87,3.89,3.90,30.76,49.0,-30,-30,88.5,274,-142,676,159,0,860,0,-1024,1,-1,-1,0,-1,-1,-1,-1,-1,-1,0,0,
2026-04-14,15:49:00.600,7.63,100,100,100,-0.025,142.98,51,0,8.12,-0.455,1.309,2.19,53,0,4.39,-33.05,10,0.00,3.84,3.89,3.87,3.89,3.88,3.87,3.89,3.90,30.72,49.0,-30,-30,88.5,0,-144,675,-442,0,860,0,-1024,1,-1,-1,0,-1,-1,-1,-1,-1,-1,0,0,
2026-04-14,15:49:00.860,7.63,100,100,100,-0.019,143.88,49,0,8.15,-0.414,1.120,2.45,53,0,-172.22,-32.92,10,0.00,3.84,3.89,3.87,3.89,3.88,3.87,3.89,3.90,30.72,49.0,-30,-30,87.4,-54,-126,674,-554,0,860,0,-1024,1,-1,-1,0,-1,-1,-1,-1,-1,-1,0,0,
2026-04-14,15:49:01.120,7.63,100,100,100,-0.011,145.18,48,0,8.18,-0.381,1.029,3.77,54,0,-169.01,-31.16,10,0.00,3.84,3.89,3.87,3.89,3.88,3.87,3.89,3.90,30.72,49.7,-30,-30,86.5,-106,-116,674,-601,0,860,0,-1024,1,-1,-1,0,-1,-1,-1,-1,-1,-1,0,0,
2026-04-14,15:49:01.380,7.63,100,100,100,0.017,146.36,48,0,8.19,-0.359,1.021,4.00,53,0,-171.41,-31.62,10,0.00,3.84,3.89,3.87,3.89,3.88,3.87,3.89,3.90,30.72,49.7,-30,-30,86.3,-200,-201,673,-658,0,860,0,-1024,1,-1,-1,0,-1,-1,-1,-1,-1,-1,0,0,
2026-04-14,15:49:01.640,7.63,100,100,100,0.094,147.60,48,0,8.18,-0.427,1.335,4.21,47,0,148.96,-32.95,10,0.00,3.84,3.89,3.86,3.88,3.88,3.87,3.89,3.90,30.70,49.9,-30,-30,82.8,-219,-199,672,-660,0,860,0,-1024,1,-1,-1,0,-1,-1,-1,-1,-1,-1,0,0,
2026-04-14,15:49:01.920,7.63,100,100,100,0.067,148.86,49,0,8.17,-0.395,1.074,4.29,42,0,153.68,-34.30,10,0.00,3.84,3.89,3.86,3.88,3.87,3.86,3.89,3.90,30.70,49.9,-30,-30,85.4,-128,-236,676,-244,0,860,0,-1024,1,-1,-1,0,-1,-1,-1,-1,-1,-1,0,0,
2026-04-14,15:49:02.190,7.63,100,100,100,0.034,151.72,49,0,8.17,-0.411,1.065,4.97,42,0,147.25,-35.41,10,0.00,3.84,3.89,3.86,3.88,3.87,3.86,3.89,3.90,30.65,49.4,-30,-30,84.1,-2,-302,687,0,0,860,0,-1024,1,-1,-1,0,-1,-1,-1,-1,-1,-1,0,0,
2026-04-14,15:49:02.450,7.63,100,100,100,-0.072,153.60,48,0,8.19,-0.520,1.402,5.97,40,0,149.02,-37.89,10,0.00,3.84,3.89,3.86,3.88,3.87,3.86,3.88,3.88,30.65,49.4,-30,-30,81.5,-72,-310,692,0,0,860,0,-1024,1,-1,-1,0,-1,-1,-1,-1,-1,-1,0,0,
2026-04-14,15:49:02.720,7.63,98,100,100,0.070,155.04,47,0,8.21,-0.497,1.229,5.64,41,0,157.24,-39.07,10,0.00,3.83,3.88,3.86,3.88,3.87,3.86,3.88,3.88,30.65,49.4,-30,-30,77.6,-97,-313,689,-196,0,860,0,-1024,1,-1,-1,0,-1,-1,-1,-1,-1,-1,0,0,
2026-04-14,15:49:02.980,7.63,94,99,99,0.129,156.43,43,0,8.17,-0.526,1.299,4.94,43,0,157.16,-38.10,10,0.00,3.83,3.88,3.85,3.87,3.87,3.86,3.88,3.88,30.65,49.4,-30,-30,77.6,-98,-360,679,-134,0,860,0,-1024,1,-1,-1,0,-1,-1,-1,-1,-1,-1,0,0,
2026-04-14,15:49:03.240,7.63,90,99,99,0.064,157.92,41,0,8.17,-0.461,1.308,5.16,44,0,137.34,-35.30,10,0.00,3.83,3.88,3.85,3.87,3.86,3.84,3.88,3.88,30.60,51.8,-30,-30,77.6,-64,-466,586,0,0,860,0,-1024,1,-1,-1,0,-1,-1,-1,-1,-1,-1,0,0,
2026-04-14,15:49:03.500,7.63,86,99,99,0.028,159.71,41,0,8.17,-0.450,1.339,5.65,44,0,132.59,-34.59,10,0.00,3.83,3.88,3.85,3.87,3.86,3.84,3.86,3.87,30.60,51.8,-30,-30,81.7,0,-513,507,85,0,860,0,-1024,1,-1,-1,0,-1,-1,-1,-1,-1,-1,0,0,
2026-04-14,15:49:03.770,7.63,90,99,99,0.085,161.57,41,0,8.17,-0.420,1.255,6.13,45,0,123.40,-34.31,10,0.00,3.82,3.88,3.85,3.87,3.86,3.84,3.86,3.87,30.66,42.3,-30,-30,73.5,0,-535,499,107,0,860,0,-1024,1,-1,-1,0,-1,-1,-1,-1,-1,-1,0,0,
2026-04-14,15:49:04.040,7.63,93,99,99,0.047,163.64,43,0,8.17,-0.352,1.250,6.66,48,0,117.16,-33.93,10,0.00,3.82,3.88,3.86,3.88,3.86,3.84,3.86,3.87,30.66,37.5,-30,-30,73.0,10,-537,499,255,0,860,0,-1024,1,-1,-1,0,-1,-1,-1,-1,-1,-1,0,0,
2026-04-14,15:49:04.300,7.63,95,99,99,0.033,165.39,43,0,8.17,-0.406,1.207,6.66,48,0,110.38,-33.46,10,0.00,3.82,3.88,3.86,3.88,3.86,3.84,3.86,3.87,30.73,37.5,-30,-30,74.3,67,-551,499,379,0,859,0,-1024,1,-1,-1,0,-1,-1,-1,-1,-1,-1,0,0,
2026-04-14,15:49:04.560,7.63,91,99,99,0.001,166.64,42,0,8.17,-0.558,1.438,5.33,46,0,113.94,-33.00,10,0.00,3.82,3.88,3.86,3.88,3.88,3.87,3.86,3.87,30.77,38.0,-30,-30,71.9,103,-509,498,181,0,860,0,-1024,1,-1,-1,0,-1,-1,-1,-1,-1,-1,0,0,
2026-04-14,15:49:04.820,7.63,91,99,99,0.079,167.66,43,0,8.17,-0.604,1.671,4.25,47,0,116.99,-30.92,10,0.00,3.82,3.88,3.86,3.88,3.88,3.87,3.90,3.91,30.77,38.0,-30,-30,75.4,63,-491,495,166,0,860,0,-1024,1,-1,-1,0,-1,-1,-1,-1,-1,-1,0,0,
2026-04-14,15:49:05.080,7.62,89,99,99,0.062,168.82,42,0,8.17,-0.401,1.133,4.07,48,0,103.65,-23.05,10,0.00,3.86,3.90,3.86,3.88,3.88,3.87,3.90,3.91,30.85,36.9,-30,-30,75.4,109,-577,408,444,0,860,0,-1024,1,-1,-1,0,-1,-1,-1,-1,-1,-1,0,0,
2026-04-14,15:49:05.350,7.63,90,99,99,0.000,169.38,41,0,8.17,-0.250,0.798,3.00,49,0,100.61,-20.51,10,0.00,3.86,3.90,3.88,3.90,3.88,3.87,3.90,3.91,30.85,36.9,-30,-30,74.3,196,-614,403,559,0,860,0,-1024,1,-1,-1,0,-1,-1,-1,-1,-1,-1,0,0,
2026-04-14,15:49:05.610,7.62,87,99,99,-0.004,169.87,43,0,8.17,-0.489,1.639,2.12,48,0,113.59,-21.33,10,0.00,3.86,3.90,3.88,3.90,3.90,3.89,3.90,3.91,30.93,30.4,-30,-30,79.6,263,-650,404,484,0,860,0,-1024,1,-1,-1,0,-1,-1,-1,-1,-1,-1,0,0,
2026-04-14,15:49:05.880,7.62,91,99,99,0.011,170.27,46,0,8.17,-0.467,1.620,1.75,46,0,126.55,-20.64,10,0.00,3.86,3.90,3.88,3.90,3.90,3.89,3.92,3.92,30.93,30.4,-30,-30,81.5,191,-629,403,361,0,860,0,-1024,1,-1,-1,0,-1,-1,-1,-1,-1,-1,0,0,
2026-04-14,15:49:06.150,7.63,96,99,99,0.000,170.02,49,0,8.17,-0.436,1.544,-0.22,47,0,129.95,-20.64,10,0.00,3.88,3.93,3.88,3.90,3.90,3.89,3.92,3.92,31.00,30.3,-30,-30,81.7,227,-593,402,429,0,860,0,-1024,1,-1,-1,0,-1,-1,-1,-1,-1,-1,0,0,
2026-04-14,15:49:06.430,7.63,100,100,99,0.020,169.80,50,0,8.19,-0.430,1.670,-0.54,46,0,136.80,-20.89,10,0.00,3.88,3.93,3.91,3.93,3.90,3.89,3.92,3.92,31.00,30.3,-30,-30,88.0,163,-386,400,135,0,860,0,-1024,1,-1,-1,0,-1,-1,-1,-1,-1,-1,0,0,
2026-04-14,15:49:06.690,7.63,100,100,99,0.046,169.66,51,0,8.18,-0.307,1.277,-0.54,46,0,137.58,-20.65,10,0.00,3.88,3.93,3.91,3.93,3.90,3.89,3.92,3.92,31.08,29.4,-30,-30,85.4,151,-307,302,54,0,860,0,-1024,1,-1,-1,0,-1,-1,-1,-1,-1,-1,0,0,
2026-04-14,15:49:06.960,7.63,99,100,100,0.000,169.59,51,0,8.17,-0.242,1.039,-0.36,46,0,134.11,-20.40,10,0.00,3.88,3.93,3.91,3.93,3.92,3.91,3.92,3.92,31.08,29.4,-30,-30,82.6,179,-406,293,234,0,860,0,-1024,1,-1,-1,0,-1,-1,-1,-1,-1,-1,0,0,
2026-04-14,15:49:07.230,7.62,99,100,100,-0.060,169.87,52,0,8.17,-0.313,1.284,0.39,45,0,143.88,-23.18,10,0.00,3.88,3.93,3.91,3.93,3.92,3.91,3.94,3.94,31.19,23.2,-30,-30,81.1,220,-472,293,337,0,860,0,-1024,1,-1,-1,0,-1,-1,-1,-1,-1,-1,0,0,
2026-04-14,15:49:07.490,7.63,99,100,100,-0.035,170.22,53,0,8.17,-0.343,1.340,0.85,47,0,154.94,-24.85,10,0.00,3.91,3.95,3.91,3.93,3.92,3.91,3.94,3.94,31.19,23.2,-30,-30,78.7,130,-221,292,-86,0,860,0,-1024,1,-1,-1,0,-1,-1,-1,-1,-1,-1,0,0,
2026-04-14,15:49:07.750,7.63,100,100,100,-0.003,170.40,55,0,8.20,-0.224,0.863,0.85,52,0,163.18,-25.32,10,0.00,3.91,3.95,3.93,3.95,3.92,3.91,3.94,3.94,31.27,23.7,-30,-30,78.7,0,-72,291,-155,0,860,0,-1024,1,-1,-1,0,-1,-1,-1,-1,-1,-1,0,0,
2026-04-14,15:49:08.020,7.63,100,100,100,0.001,170.59,55,0,8.20,-0.221,0.824,0.71,54,0,163.82,-21.79,10,0.00,3.91,3.95,3.93,3.95,3.95,3.93,3.94,3.94,31.27,23.7,-30,-30,78.3,0,-290,291,-47,0,860,0,-1024,1,-1,-1,0,-1,-1,-1,-1,-1,-1,0,0,
2026-04-14,15:49:08.280,7.63,100,100,100,-0.006,170.74,56,0,8.18,-0.242,0.918,0.55,56,0,164.01,-21.40,10,0.00,3.91,3.95,3.93,3.95,3.95,3.93,3.96,3.97,31.33,24.2,-30,-30,75.4,0,-343,291,-139,0,859,0,-1024,1,-1,-1,0,-1,-1,-1,-1,-1,-1,0,0,
2026-04-14,15:49:08.550,7.63,100,100,100,0.007,170.93,56,0,8.21,-0.280,1.018,0.63,57,0,165.41,-22.59,10,0.00,3.92,3.97,3.93,3.95,3.95,3.93,3.96,3.97,31.33,24.4,-30,-30,73.5,0,-280,291,-300,0,860,0,-1024,1,-1,-1,0,-1,-1,-1,-1,-1,-1,0,0,
2026-04-14,15:49:08.830,7.63,100,100,100,0.023,171.31,57,0,8.18,-0.348,1.189,0.64,56,0,163.80,-23.96,10,0.00,3.92,3.97,3.94,3.96,3.95,3.93,3.96,3.97,31.37,24.4,-30,-30,74.8,-22,-234,290,-316,0,860,0,-1024,1,-1,-1,0,-1,-1,-1,-1,-1,-1,0,0,
2026-04-14,15:49:09.090,7.63,100,100,100,0.008,171.53,57,0,8.21,-0.272,1.092,0.72,55,0,161.06,-21.70,10,0.00,3.92,3.97,3.94,3.96,3.95,3.93,3.96,3.97,31.41,24.5,-30,-30,75.0,-20,-292,289,-135,0,860,0,-1024,1,-1,-1,0,-1,-1,-1,-1,-1,-1,0,0,
2026-04-14,15:49:09.360,7.63,100,100,100,0.022,171.75,57,0,8.18,-0.309,1.143,0.72,54,0,161.87,-21.39,10,0.00,3.92,3.97,3.94,3.96,3.95,3.94,3.96,3.97,31.41,24.5,-30,-30,73.7,-4,-292,290,-129,0,860,0,-1024,1,-1,-1,0,-1,-1,-1,-1,-1,-1,0,0,
2026-04-14,15:49:09.630,7.63,100,100,100,0.020,171.97,56,0,8.18,-0.257,1.010,0.72,54,0,156.20,-18.67,10,0.00,3.92,3.97,3.94,3.96,3.95,3.94,3.96,3.96,31.45,24.3,-30,-30,77.2,-24,-267,291,-275,0,859,0,-1024,1,-1,-1,0,-1,-1,-1,-1,-1,-1,0,0,
2026-04-14,15:49:09.900,7.62,100,100,100,0.008,172.15,55,0,8.17,-0.195,0.847,0.68,51,0,157.06,-17.61,10,0.00,3.92,3.97,3.94,3.96,3.95,3.94,3.96,3.96,31.45,24.3,-30,-30,78.3,-19,-431,291,-47,0,860,0,-1024,1,-1,-1,0,-1,-1,-1,-1,-1,-1,0,0,
2026-04-14,15:49:10.160,7.62,100,100,99,-0.011,172.24,55,0,8.17,-0.239,1.002,0.50,45,0,154.38,-20.21,10,0.00,3.92,3.97,3.94,3.96,3.95,3.94,3.96,3.96,31.47,23.9,-30,-30,78.3,-11,-448,292,-48,0,859,0,-1024,1,-1,-1,0,-1,-1,-1,-1,-1,-1,0,0,
2026-04-14,15:49:10.430,7.62,100,100,99,0.031,172.50,55,0,8.20,-0.410,1.369,0.62,45,0,154.71,-26.55,10,0.00,3.92,3.97,3.94,3.96,3.96,3.94,3.96,3.96,31.47,23.9,-30,-30,73.7,-26,-393,293,-260,0,860,0,-1024,1,-1,-1,0,-1,-1,-1,-1,-1,-1,0,0,
2026-04-14,15:49:10.690,7.63,100,100,99,0.038,172.75,55,0,8.19,-0.391,1.241,0.86,47,0,154.80,-27.05,10,0.00,3.92,3.97,3.94,3.96,3.96,3.94,3.96,3.97,31.49,24.9,-30,-30,70.7,-78,-373,300,-342,0,860,0,-1024,1,-1,-1,0,-1,-1,-1,-1,-1,-1,0,0,
2026-04-14,15:49:10.960,7.62,99,99,99,0.033,173.08,52,0,8.18,-0.333,0.978,0.98,50,0,143.82,-23.85,10,0.00,3.93,3.97,3.94,3.96,3.96,3.94,3.96,3.97,31.49,24.9,-30,-30,70.7,0,-561,384,0,0,860,0,-1024,1,-1,-1,0,-1,-1,-1,-1,-1,-1,0,0,
2026-04-14,15:49:11.230,7.63,98,99,99,0.007,173.53,49,0,8.16,-0.468,1.259,0.84,51,0,143.41,-23.70,10,0.00,3.93,3.97,3.94,3.96,3.96,3.94,3.96,3.97,31.42,28.6,-30,-30,70.0,0,-614,405,54,0,860,0,-1024,1,-1,-1,0,-1,-1,-1,-1,-1,-1,0,0,
2026-04-14,15:49:11.490,7.62,98,99,99,-0.036,173.53,48,0,8.16,-0.372,1.098,0.17,50,0,147.89,-24.74,10,0.00,3.93,3.97,3.94,3.96,3.96,3.94,3.96,3.97,31.42,28.6,-30,-30,73.2,-3,-530,401,-133,0,860,0,-1024,1,-1,-1,0,-1,-1,-1,-1,-1,-1,0,0,
2026-04-14,15:49:11.760,7.63,99,99,99,0.045,173.48,50,0,8.17,-0.415,1.253,0.03,54,0,158.37,-27.60,10,0.00,3.93,3.97,3.94,3.96,3.94,3.93,3.96,3.97,31.40,31.8,-30,-30,74.1,-25,-562,400,-174,0,860,0,-1024,1,-1,-1,0,-1,-1,-1,-1,-1,-1,0,0,
2026-04-14,15:49:12.030,7.63,100,100,99,0.081,173.72,51,0,8.17,-0.450,1.362,0.37,55,0,138.53,-27.60,10,0.00,3.93,3.97,3.94,3.96,3.94,3.93,3.94,3.95,31.40,31.8,-30,-30,68.7,-42,-624,406,-127,0,860,0,-1024,1,-1,-1,0,-1,-1,-1,-1,-1,-1,0,0,
2026-04-14,15:49:12.290,7.63,100,100,99,0.012,173.97,50,0,8.17,-0.434,1.246,0.81,55,0,128.19,-26.00,10,0.00,3.90,3.94,3.94,3.96,3.94,3.93,3.94,3.95,31.35,31.5,-30,-30,68.7,0,-681,413,31,0,860,0,-1024,1,-1,-1,0,-1,-1,-1,-1,-1,-1,0,0,
2026-04-14,15:49:12.560,7.62,100,100,99,0.015,174.12,48,0,8.17,-0.444,1.287,0.67,56,0,131.44,-25.22,10,0.00,3.90,3.94,3.92,3.94,3.94,3.93,3.94,3.95,31.31,32.4,-30,-30,70.2,0,-639,425,0,0,860,0,-1024,1,-1,-1,0,-1,-1,-1,-1,-1,-1,0,0,
2026-04-14,15:49:12.820,7.63,100,100,99,0.047,174.20,48,0,8.17,-0.445,1.276,0.41,55,0,134.44,-24.89,10,0.00,3.90,3.94,3.92,3.94,3.93,3.91,3.94,3.95,31.31,32.4,-30,-30,71.3,0,-637,441,0,0,860,0,-1024,1,-1,-1,0,-1,-1,-1,-1,-1,-1,0,0,
2026-04-14,15:49:13.080,7.62,100,100,99,0.092,174.32,47,0,8.17,-0.516,1.585,0.47,55,0,125.36,-23.02,10,0.00,3.90,3.94,3.92,3.94,3.93,3.91,3.93,3.94,31.27,33.9,-30,-30,71.7,0,-682,479,64,0,860,0,-1024,1,-1,-1,0,-1,-1,-1,-1,-1,-1,0,0,
2026-04-14,15:49:13.340,7.63,100,100,99,0.053,174.35,44,0,8.17,-0.403,1.539,0.17,57,0,118.09,-21.68,10,0.00,3.89,3.93,3.92,3.94,3.93,3.91,3.93,3.94,31.27,33.9,-30,-30,76.3,8,-690,479,315,0,860,0,-1024,1,-1,-1,0,-1,-1,-1,-1,-1,-1,0,0,
2026-04-14,15:49:13.600,7.63,100,100,98,0.050,174.13,44,0,8.17,-0.401,1.293,0.17,59,0,112.42,-19.86,10,0.00,3.89,3.93,3.92,3.94,3.93,3.91,3.93,3.94,31.22,36.1,-30,-30,76.9,45,-713,476,362,0,860,0,-1024,1,-1,-1,0,-1,-1,-1,-1,-1,-1,0,0,
2026-04-14,15:49:13.860,7.62,100,100,98,-0.046,173.91,45,0,8.17,-0.549,1.490,-0.65,62,0,108.78,-19.67,10,0.00,3.89,3.93,3.90,3.92,3.93,3.91,3.93,3.94,31.22,36.1,-30,-30,84.6,69,-719,476,511,0,860,0,-1024,1,-1,-1,0,-1,-1,-1,-1,-1,-1,0,0,
2026-04-14,15:49:14.130,7.63,99,99,99,-0.011,173.24,44,0,8.14,-0.644,2.020,-1.14,63,0,118.36,-18.94,10,0.00,3.89,3.93,3.90,3.92,3.91,3.90,3.93,3.94,31.18,35.5,-30,-30,83.2,148,-625,477,424,0,860,0,-1024,1,-1,-1,0,-1,-1,-1,-1,-1,-1,0,0,
2026-04-14,15:49:14.400,7.63,98,99,99,0.049,172.64,43,0,8.16,-0.433,1.487,-1.14,62,0,131.55,-14.41,10,0.00,3.89,3.93,3.90,3.92,3.91,3.90,3.92,3.92,31.18,35.5,-30,-30,83.2,126,-537,477,82,0,860,0,-1024,1,-1,-1,0,-1,-1,-1,-1,-1,-1,0,0,
2026-04-14,15:49:14.670,7.63,97,99,99,0.094,172.08,44,0,8.18,-0.448,1.349,-1.90,63,0,127.69,-13.10,10,0.00,3.88,3.92,3.90,3.92,3.91,3.90,3.92,3.92,31.15,35.1,-30,-30,81.1,124,-547,476,151,0,860,0,-1024,1,-1,-1,0,-1,-1,-1,-1,-1,-1,0,0,
2026-04-14,15:49:14.930,7.63,98,99,99,0.029,171.58,44,0,8.18,-0.354,1.214,-1.79,63,0,119.95,-12.22,10,0.00,3.88,3.92,3.89,3.92,3.91,3.90,3.92,3.92,31.15,35.1,-30,-30,79.5,133,-557,476,346,0,860,0,-1024,1,-1,-1,0,-1,-1,-1,-1,-1,-1,0,0,
2026-04-14,15:49:15.200,7.63,99,100,99,-0.029,171.18,45,0,8.17,-0.426,1.525,-1.56,60,0,118.20,-13.96,10,0.00,3.88,3.92,3.89,3.92,3.90,3.90,3.92,3.92,31.13,35.0,-30,-30,83.3,196,-545,478,442,0,860,0,-1024,1,-1,-1,0,-1,-1,-1,-1,-1,-1,0,0,
2026-04-14,15:49:15.470,7.63,100,100,99,-0.015,170.57,49,0,8.17,-0.478,1.614,-1.79,59,0,126.37,-15.76,10,0.00,3.88,3.92,3.89,3.92,3.90,3.90,3.91,3.92,31.13,35.0,-30,-30,81.7,197,-501,492,170,0,860,0,-1024,1,-1,-1,0,-1,-1,-1,-1,-1,-1,0,0,
2026-04-14,15:49:15.740,7.63,100,100,99,0.050,169.85,50,0,8.19,-0.462,1.561,-2.22,58,0,138.23,-15.37,10,0.00,3.87,3.91,3.89,3.92,3.90,3.90,3.91,3.92,31.10,35.6,-30,-30,84.3,175,-320,497,0,0,860,0,-1024,1,-1,-1,0,-1,-1,-1,-1,-1,-1,0,0,
2026-04-14,15:49:16.010,7.63,100,100,99,0.033,169.22,52,0,8.18,-0.348,1.414,-2.34,59,0,137.17,-13.87,10,0.00,3.87,3.91,3.89,3.92,3.90,3.90,3.91,3.92,31.10,35.6,-30,-30,84.6,140,-294,496,0,0,860,0,-1024,1,-1,-1,0,-1,-1,-1,-1,-1,-1,0,0,
2026-04-14,15:49:16.290,7.62,100,100,99,-0.055,168.41,53,0,8.18,-0.277,1.286,-1.56,62,0,136.73,-11.64,10,0.00,3.87,3.91,3.89,3.91,3.90,3.90,3.91,3.92,31.07,35.5,-30,-30,89.5,125,-355,495,49,0,860,0,-1024,1,-1,-1,0,-1,-1,-1,-1,-1,-1,0,0,
2026-04-14,15:49:16.550,7.63,100,100,99,-0.013,168.09,52,0,8.19,-0.328,1.238,-1.29,63,0,145.16,-15.57,10,0.00,3.87,3.91,3.89,3.91,3.90,3.89,3.91,3.92,31.07,35.2,-30,-30,88.0,118,-245,494,0,0,860,0,-1024,1,-1,-1,0,-1,-1,-1,-1,-1,-1,0,0,
2026-04-14,15:49:16.820,7.62,99,99,99,-0.026,167.97,48,0,8.20,-0.349,1.239,-0.86,65,0,147.25,-16.94,10,0.00,3.87,3.91,3.89,3.91,3.90,3.89,3.91,3.91,31.05,35.2,-30,-30,84.6,106,-197,491,0,0,860,0,-1024,1,-1,-1,0,-1,-1,-1,-1,-1,-1,0,0,
2026-04-14,15:49:17.090,7.62,99,99,99,-0.011,168.11,48,0,8.18,-0.342,1.297,-0.09,64,0,158.16,-16.02,10,0.00,3.87,3.91,3.89,3.91,3.90,3.89,3.91,3.91,31.03,36.0,-30,-30,84.6,44,-140,484,-295,0,860,0,-1024,1,-1,-1,0,-1,-1,-1,-1,-1,-1,0,0,
2026-04-14,15:49:17.350,7.62,99,100,99,0.057,168.21,51,0,8.18,-0.282,1.121,0.26,60,0,166.57,-11.52,10,0.00,3.87,3.91,3.89,3.91,3.90,3.89,3.91,3.91,31.03,36.0,-30,-30,83.7,-1,-227,476,-552,0,860,0,-1024,1,-1,-1,0,-1,-1,-1,-1,-1,-1,0,0,
2026-04-14,15:49:17.610,7.62,100,100,100,0.072,168.44,53,0,8.17,-0.210,0.721,0.52,56,0,164.69,-11.44,10,0.00,3.87,3.91,3.89,3.91,3.90,3.89,3.91,3.91,31.04,34.3,-30,-30,85.2,-52,-289,473,-595,0,860,0,-1024,1,-1,-1,0,-1,-1,-1,-1,-1,-1,0,0,
2026-04-14,15:49:17.870,7.62,99,100,100,0.031,168.53,52,0,8.17,-0.344,1.327,0.45,56,0,151.10,-16.71,10,0.00,3.87,3.91,3.89,3.91,3.90,3.89,3.91,3.91,31.04,34.3,-30,-30,83.7,-62,-362,471,-558,0,860,0,-1024,1,-1,-1,0,-1,-1,-1,-1,-1,-1,0,0,
2026-04-14,15:49:18.140,7.62,99,100,100,-0.002,168.87,53,0,8.17,-0.389,1.482,0.75,51,0,143.77,-19.29,10,0.00,3.87,3.91,3.89,3.91,3.90,3.89,3.91,3.91,31.03,33.8,-30,-30,87.4,-47,-343,471,-265,0,860,0,-1024,1,-1,-1,0,-1,-1,-1,-1,-1,-1,0,0,
2026-04-14,15:49:18.400,7.63,99,100,100,-0.035,169.47,55,0,8.22,-0.356,1.324,1.52,52,0,148.59,-20.35,10,0.00,3.87,3.91,3.89,3.91,3.90,3.89,3.91,3.91,31.03,33.8,-30,-30,87.8,-38,-210,472,-357,0,860,0,-1024,1,-1,-1,0,-1,-1,-1,-1,-1,-1,0,0,
2026-04-14,15:49:18.670,7.63,100,100,100,0.013,170.01,55,0,8.24,-0.267,1.010,1.80,54,0,154.49,-18.86,10,0.00,3.87,3.91,3.89,3.91,3.90,3.89,3.91,3.91,31.03,33.8,-30,-30,83.7,-68,-247,471,-483,0,860,0,-1024,1,-1,-1,0,-1,-1,-1,-1,-1,-1,0,0,
2026-04-14,15:49:18.940,7.62,100,100,100,0.047,170.46,55,0,8.21,-0.325,1.154,1.71,59,0,150.70,-18.54,10,0.00,3.87,3.91,3.89,3.91,3.90,3.89,3.91,3.91,31.03,33.8,-30,-30,81.9,-64,-332,471,-415,0,860,0,-1024,1,-1,-1,0,-1,-1,-1,-1,-1,-1,0,0,
2026-04-14,15:49:19.220,7.63,100,100,100,0.012,171.83,56,0,8.19,-0.336,1.207,2.33,64,0,133.42,-19.99,10,0.10,3.87,3.91,3.89,3.91,3.90,3.89,3.91,3.91,31.03,34.3,-30,-30,84.5,-49,-361,472,-385,0,860,0,-1024,1,-1,-1,0,-1,-1,-1,-1,-1,-1,0,0,
2026-04-14,15:49:19.490,7.63,100,100,100,-0.019,172.67,56,0,8.18,-0.324,1.178,2.70,64,0,129.78,-21.07,10,0.07,3.87,3.91,3.89,3.91,3.90,3.89,3.91,3.91,31.03,34.3,-30,-30,84.5,-47,-416,472,-315,0,860,0,-1024,1,-1,-1,0,-1,-1,-1,-1,-1,-1,0,0,
2026-04-14,15:49:19.750,7.63,100,100,100,-0.021,173.55,57,0,8.17,-0.355,1.190,2.95,63,0,135.57,-23.14,10,0.07,3.87,3.91,3.89,3.91,3.90,3.89,3.91,3.91,31.01,34.2,-30,-30,85.9,-35,-546,472,-42,0,860,0,-1024,1,-1,-1,0,-1,-1,-1,-1,-1,-1,0,0,
2026-04-14,15:49:20.020,7.63,99,100,100,0.000,174.16,56,0,8.20,-0.401,1.452,2.49,62,0,138.97,-24.89,10,0.08,3.87,3.91,3.89,3.91,3.89,3.89,3.91,3.91,31.01,34.2,-30,-30,82.6,-34,-482,474,-160,0,860,0,-1024,1,-1,-1,0,-1,-1,-1,-1,-1,-1,0,0,
2026-04-14,15:49:20.290,7.63,96,100,100,0.047,174.75,55,0,8.20,-0.449,1.453,2.18,61,0,138.97,-24.89,10,0.06,3.87,3.91,3.89,3.91,3.89,3.89,3.90,3.91,31.00,34.4,-30,-30,80.4,-59,-455,473,-188,0,860,0,-1024,1,-1,-1,0,-1,-1,-1,-1,-1,-1,0,0,
2026-04-14,15:49:20.550,7.63,95,100,100,0.015,175.45,53,0,8.19,-0.390,1.213,2.29,51,0,129.36,-25.21,10,0.04,3.86,3.91,3.89,3.91,3.89,3.89,3.90,3.91,30.98,35.2,-30,-30,78.2,-44,-456,475,0,0,860,0,-1024,1,-1,-1,0,-1,-1,-1,-1,-1,-1,0,0,
2026-04-14,15:49:20.810,7.62,96,100,100,-0.022,176.27,52,0,8.20,-0.352,1.142,2.61,56,0,128.59,-25.25,10,0.03,3.86,3.91,3.89,3.91,3.89,3.89,3.90,3.91,30.98,35.2,-30,-30,79.5,-37,-346,491,-60,0,860,0,-1024,1,-1,-1,0,-1,-1,-1,-1,-1,-1,0,0,
2026-04-14,15:49:21.080,7.63,98,100,100,-0.005,177.02,52,0,8.18,-0.432,1.274,2.67,63,0,136.66,-23.71,10,0.02,3.86,3.91,3.88,3.90,3.89,3.89,3.90,3.91,30.95,36.8,-30,-30,78.7,-48,-414,498,-24,0,860,0,-1024,1,-1,-1,0,-1,-1,-1,-1,-1,-1,0,0,
2026-04-14,15:49:21.350,7.63,98,100,100,0.035,177.80,52,0,8.22,-0.318,1.014,2.69,69,0,149.24,-18.77,10,0.01,3.86,3.91,3.88,3.90,3.89,3.88,3.90,3.91,30.95,36.8,-30,-30,78.3,-54,-464,501,-75,0,860,0,-1024,1,-1,-1,0,-1,-1,-1,-1,-1,-1,0,0,
2026-04-14,15:49:21.620,7.63,99,100,100,0.071,179.42,52,0,8.19,-0.391,1.158,2.72,70,0,149.84,-20.05,10,0.04,3.86,3.91,3.88,3.90,3.89,3.88,3.90,3.91,30.91,37.2,-30,-30,73.2,-67,-497,511,-130,0,859,0,-1024,1,-1,-1,0,-1,-1,-1,-1,-1,-1,0,0,
2026-04-14,15:49:21.890,7.63,99,100,100,0.099,180.12,50,0,8.18,-0.546,1.480,2.62,72,0,133.13,-22.83,10,0.05,3.85,3.90,3.88,3.90,3.89,3.88,3.90,3.91,30.91,37.2,-30,-30,73.2,-61,-544,511,0,0,860,0,-1024,1,-1,-1,0,-1,-1,-1,-1,-1,-1,0,0,
2026-04-14,15:49:22.150,7.63,99,100,100,0.086,180.85,49,0,8.18,-0.553,1.463,2.53,72,0,125.06,-21.30,10,0.04,3.85,3.90,3.87,3.89,3.89,3.88,3.90,3.91,30.87,38.6,-30,-30,71.7,0,-565,510,7,0,860,0,-1024,1,-1,-1,0,-1,-1,-1,-1,-1,-1,0,0,
2026-04-14,15:49:22.420,7.62,90,100,100,0.012,181.37,48,0,8.15,-0.399,1.345,2.21,69,0,122.48,-16.14,10,0.05,3.85,3.90,3.87,3.89,3.88,3.87,3.90,3.91,30.87,38.6,-30,-30,76.3,0,-611,511,0,0,860,0,-1024,1,-1,-1,0,-1,-1,-1,-1,-1,-1,0,0,
2026-04-14,15:49:22.680,7.62,90,100,100,-0.006,181.74,48,0,8.16,-0.391,1.437,1.66,65,0,123.46,-15.91,10,0.04,3.85,3.90,3.87,3.89,3.88,3.87,3.88,3.89,30.85,37.0,-30,-30,78.9,0,-693,519,123,0,860,0,-1024,1,-1,-1,0,-1,-1,-1,-1,-1,-1,0,0,
2026-04-14,15:49:22.950,7.62,90,100,100,-0.011,182.20,47,0,8.17,-0.502,1.746,1.57,62,0,125.57,-16.78,10,0.06,3.84,3.89,3.87,3.89,3.88,3.87,3.88,3.89,30.85,37.0,-30,-30,84.1,0,-665,519,60,0,860,0,-1024,1,-1,-1,0,-1,-1,-1,-1,-1,-1,0,0,
2026-04-14,15:49:23.210,7.63,100,100,100,0.038,182.48,48,0,8.17,-0.565,1.749,1.26,55,0,132.24,-16.98,10,0.07,3.84,3.89,3.87,3.89,3.88,3.87,3.88,3.89,30.81,37.6,-30,-30,80.0,0,-616,517,0,0,860,0,-1024,1,-1,-1,0,-1,-1,-1,-1,-1,-1,0,0,
2026-04-14,15:49:23.470,7.63,100,100,100,0.073,182.78,48,0,8.17,-0.537,1.668,1.03,49,0,130.16,-15.53,10,0.07,3.84,3.89,3.86,3.88,3.88,3.87,3.88,3.89,30.81,37.6,-30,-30,80.0,0,-620,513,0,0,860,0,-1024,1,-1,-1,0,-1,-1,-1,-1,-1,-1,0,0,
2026-04-14,15:49:23.740,7.63,100,100,100,0.063,183.27,48,0,8.17,-0.412,1.362,1.45,48,0,120.18,-12.04,10,0.09,3.84,3.89,3.86,3.88,3.87,3.87,3.88,3.89,30.79,37.5,-30,-30,79.6,0,-650,472,0,0,860,0,-1024,1,-1,-1,0,-1,-1,-1,-1,-1,-1,0,0,
2026-04-14,15:49:24.020,7.63,99,100,100,0.022,183.64,46,0,8.15,-0.416,1.541,1.34,52,0,118.68,-13.32,10,0.09,3.84,3.89,3.86,3.88,3.87,3.87,3.88,3.89,30.79,37.5,-30,-30,78.2,0,-727,438,54,0,860,0,-1024,1,-1,-1,0,-1,-1,-1,-1,-1,-1,0,0,
2026-04-14,15:49:24.280,7.62,92,100,100,0.044,184.26,44,0,8.16,-0.535,1.865,1.06,53,0,120.97,-15.10,10,0.09,3.84,3.89,3.86,3.88,3.87,3.87,3.88,3.89,30.82,33.5,-30,-30,78.2,0,-725,429,0,0,860,0,-1024,1,-1,-1,0,-1,-1,-1,-1,-1,-1,0,0,
2026-04-14,15:49:24.540,7.63,91,100,100,0.002,184.56,43,0,8.19,-0.487,1.751,1.07,52,0,127.27,-15.52,10,0.07,3.84,3.89,3.87,3.89,3.87,3.87,3.88,3.89,30.82,31.6,-30,-30,79.6,0,-657,422,0,0,860,0,-1024,1,-1,-1,0,-1,-1,-1,-1,-1,-1,0,0,
2026-04-14,15:49:24.800,7.62,92,100,100,-0.004,184.39,45,0,8.20,-0.422,1.478,0.25,53,0,131.66,-14.36,10,0.08,3.84,3.89,3.87,3.89,3.88,3.87,3.88,3.89,30.87,31.6,-30,-30,82.8,0,-608,413,-14,0,860,0,-1024,1,-1,-1,0,-1,-1,-1,-1,-1,-1,0,0,
2026-04-14,15:49:25.060,7.62,99,100,100,0.070,184.43,48,0,8.18,-0.461,1.591,-0.02,52,0,131.51,-14.01,10,0.09,3.84,3.89,3.87,3.89,3.88,3.87,3.90,3.90,30.90,30.9,-30,-30,80.4,-19,-595,410,-55,0,860,0,-1024,1,-1,-1,0,-1,-1,-1,-1,-1,-1,0,0,
2026-04-14,15:49:25.320,7.62,99,100,100,0.064,184.69,48,0,8.18,-0.414,1.549,0.51,53,0,126.56,-13.63,10,0.09,3.86,3.90,3.87,3.89,3.88,3.87,3.90,3.90,30.90,30.9,-30,-30,80.4,-32,-613,406,-52,0,860,0,-1024,1,-1,-1,0,-1,-1,-1,-1,-1,-1,0,0,
2026-04-14,15:49:25.590,7.62,98,100,100,0.023,184.73,49,0,8.17,-0.394,1.463,0.51,54,0,117.78,-12.46,10,0.07,3.86,3.90,3.87,3.89,3.88,3.87,3.90,3.90,30.93,30.2,-30,-30,81.5,-23,-659,403,0,0,860,0,-1024,1,-1,-1,0,-1,-1,-1,-1,-1,-1,0,0,
2026-04-14,15:49:25.850,7.62,96,100,100,0.021,184.81,48,0,8.17,-0.373,1.543,0.29,54,0,117.92,-13.83,10,0.07,3.86,3.90,3.88,3.90,3.88,3.87,3.90,3.90,30.93,30.2,-30,-30,84.3,-13,-670,402,0,0,860,0,-1024,1,-1,-1,0,-1,-1,-1,-1,-1,-1,0,0,
2026-04-14,15:49:26.110,7.63,94,100,100,0.009,184.80,47,0,8.17,-0.350,1.392,0.12,56,0,117.61,-15.05,10,0.05,3.86,3.90,3.88,3.90,3.89,3.88,3.90,3.90,30.95,29.6,-30,-30,84.1,0,-542,401,81,0,860,0,-1024,1,-1,-1,0,-1,-1,-1,-1,-1,-1,0,0,
2026-04-14,15:49:26.370,7.63,92,100,100,0.000,184.78,44,0,8.22,-0.431,1.506,0.02,59,0,121.40,-18.14,10,0.07,3.86,3.90,3.88,3.90,3.89,3.88,3.90,3.91,30.95,29.6,-30,-30,84.1,0,-477,398,125,0,860,0,-1024,1,-1,-1,0,-1,-1,-1,-1,-1,-1,0,0,
2026-04-14,15:49:26.630,7.63,91,100,100,-0.011,184.78,42,0,8.25,-0.339,1.274,-0.34,57,0,124.67,-17.50,10,0.08,3.87,3.91,3.88,3.90,3.89,3.88,3.90,3.91,30.99,29.4,-30,-30,82.6,0,-216,376,306,0,860,0,-1024,1,-1,-1,0,-1,-1,-1,-1,-1,-1,0,0,
2026-04-14,15:49:26.890,7.62,93,100,100,-0.003,184.36,42,0,8.22,-0.325,1.257,-0.69,57,0,134.76,-15.87,10,0.08,3.87,3.91,3.88,3.90,3.89,3.88,3.90,3.91,30.99,29.4,-30,-30,80.7,0,-256,340,229,0,860,0,-1024,1,-1,-1,0,-1,-1,-1,-1,-1,-1,0,0,
2026-04-14,15:49:27.150,7.63,94,100,100,0.000,183.96,41,0,8.20,-0.243,1.155,-0.99,58,0,138.51,-13.63,10,0.06,3.87,3.91,3.88,3.90,3.90,3.89,3.90,3.91,31.02,26.2,-30,-30,85.6,4,-247,337,304,0,860,0,-1024,1,-1,-1,0,-1,-1,-1,-1,-1,-1,0,0,
2026-04-14,15:49:27.430,7.62,94,100,100,-0.025,183.38,42,0,8.18,-0.208,0.989,-0.93,58,0,145.30,-10.60,10,0.07,3.87,3.91,3.88,3.90,3.90,3.89,3.91,3.92,31.02,26.2,-30,-30,85.0,184,-242,337,418,0,860,0,-1024,1,-1,-1,0,-1,-1,-1,-1,-1,-1,0,0,
2026-04-14,15:49:27.710,7.63,93,100,100,-0.020,182.96,43,0,8.17,-0.234,1.048,-1.12,57,0,159.13,-11.52,10,0.09,3.88,3.92,3.88,3.90,3.90,3.89,3.91,3.92,31.07,25.1,-30,-30,84.5,233,-237,337,459,0,860,0,-1024,1,-1,-1,0,-1,-1,-1,-1,-1,-1,0,0,
2026-04-14,15:49:27.980,7.63,96,100,100,0.085,182.49,48,0,8.20,-0.310,0.945,-1.46,56,0,164.38,-11.86,10,0.09,3.88,3.92,3.88,3.90,3.90,3.89,3.91,3.92,31.07,25.1,-30,-30,81.7,257,-153,337,358,0,860,0,-1024,1,-1,-1,0,-1,-1,-1,-1,-1,-1,0,0,
2026-04-14,15:49:28.250,7.63,99,100,100,0.094,182.17,50,0,8.18,-0.261,1.160,-1.36,57,0,163.96,-12.03,10,0.09,3.88,3.92,3.90,3.92,3.90,3.89,3.91,3.92,31.10,25.5,-30,-30,81.7,343,0,338,603,0,860,0,-1024,1,-1,-1,0,-1,-1,-1,-1,-1,-1,0,0,
2026-04-14,15:49:28.510,7.63,100,100,100,-0.051,181.65,51,0,8.24,-0.133,0.675,-1.41,56,0,164.66,-6.30,10,0.07,3.88,3.92,3.90,3.92,3.91,3.90,3.91,3.92,31.10,25.5,-30,-30,86.9,361,-33,338,648,0,860,0,-1024,1,-1,-1,0,-1,-1,-1,-1,-1,-1,0,0,
2026-04-14,15:49:28.770,7.63,100,100,100,-0.051,181.04,51,0,8.21,-0.191,0.949,-1.91,57,0,173.88,-5.78,10,0.05,3.88,3.92,3.90,3.92,3.91,3.90,3.92,3.92,31.14,24.9,-30,-30,86.9,312,-357,338,95,0,860,0,-1024,1,-1,-1,0,-1,-1,-1,-1,-1,-1,0,0,
2026-04-14,15:49:29.030,7.63,100,100,100,-0.047,180.53,49,0,8.19,-0.249,1.255,-1.84,59,0,-163.59,-4.93,10,0.04,3.89,3.92,3.90,3.92,3.91,3.90,3.92,3.92,31.14,24.2,-30,-30,87.4,97,-371,337,-5,0,859,0,-1024,1,-1,-1,0,-1,-1,-1,-1,-1,-1,0,0,
2026-04-14,15:49:29.290,7.63,100,100,100,-0.048,180.02,49,0,8.18,-0.254,1.303,-1.85,59,0,-156.92,-5.05,10,0.04,3.89,3.92,3.90,3.92,3.91,3.90,3.92,3.92,31.17,24.2,-30,-30,88.3,-117,-212,343,-619,0,860,0,-1024,1,-1,-1,0,-1,-1,-1,-1,-1,-1,0,0,
2026-04-14,15:49:29.550,7.63,99,100,100,0.003,179.57,48,0,8.15,-0.188,1.123,-1.66,58,0,-149.48,-4.81,10,0.06,3.89,3.92,3.90,3.92,3.91,3.91,3.92,3.92,31.19,24.2,-30,-30,87.8,-310,-216,347,-752,0,860,0,-1024,1,-1,-1,0,-1,-1,-1,-1,-1,-1,0,0,
2026-04-14,15:49:29.810,7.62,99,100,100,0.017,179.08,47,0,8.16,-0.167,1.054,-1.65,57,0,-156.30,-4.89,10,0.06,3.89,3.92,3.90,3.92,3.91,3.91,3.92,3.92,31.19,24.2,-30,-30,90.4,-312,-258,347,-709,0,860,0,-1024,1,-1,-1,0,-1,-1,-1,-1,-1,-1,0,0,
2026-04-14,15:49:30.090,7.63,99,100,100,0.025,178.21,47,0,8.17,-0.130,0.880,-1.50,54,0,18.96,-8.93,10,0.06,3.89,3.92,3.90,3.92,3.91,3.91,3.92,3.93,31.20,23.9,-30,-30,91.3,-266,-305,371,-638,0,860,0,-1024,1,-1,-1,0,-1,-1,-1,-1,-1,-1,0,0,
2026-04-14,15:49:30.360,7.62,100,100,100,-0.002,177.97,48,0,8.17,-0.300,1.453,-1.13,46,0,168.66,-15.05,10,0.05,3.89,3.93,3.90,3.92,3.91,3.91,3.92,3.93,31.20,23.9,-30,-30,90.9,-242,-344,380,-555,0,860,0,-1024,1,-1,-1,0,-1,-1,-1,-1,-1,-1,0,0,
2026-04-14,15:49:30.630,7.62,100,100,98,0.001,177.72,49,0,8.17,-0.221,1.256,-0.90,40,0,164.68,-15.57,10,0.04,3.89,3.93,3.91,3.92,3.91,3.91,3.92,3.93,31.17,26.4,-30,-30,90.2,-160,-361,448,-262,0,859,0,-1024,1,-1,-1,0,-1,-1,-1,-1,-1,-1,0,0,
2026-04-14,15:49:30.910,7.63,97,98,98,0.033,177.59,48,0,8.17,-0.357,1.673,-0.77,43,0,151.69,-17.39,10,0.03,3.89,3.93,3.91,3.92,3.91,3.90,3.92,3.93,31.17,26.4,-30,-30,94.3,-74,-365,459,-142,0,860,0,-1024,1,-1,-1,0,-1,-1,-1,-1,-1,-1,0,0,
2026-04-14,15:49:31.170,7.62,93,98,98,0.053,177.74,46,0,8.15,-0.332,1.518,-0.07,44,0,140.77,-15.82,10,0.04,3.89,3.93,3.91,3.92,3.91,3.90,3.92,3.92,31.13,31.1,-30,-30,94.3,0,-395,499,0,0,860,0,-1024,1,-1,-1,0,-1,-1,-1,-1,-1,-1,0,0,
2026-04-14,15:49:31.430,7.63,92,98,98,0.053,177.99,44,0,8.16,-0.262,1.281,0.62,46,0,137.71,-14.72,10,0.06,3.88,3.91,3.91,3.92,3.91,3.90,3.92,3.92,31.13,31.1,-30,-30,94.8,0,-416,502,0,0,860,0,-1024,1,-1,-1,0,-1,-1,-1,-1,-1,-1,0,0,
2026-04-14,15:49:31.690,7.62,93,98,98,-0.031,177.85,42,0,8.17,-0.318,1.831,0.05,49,0,134.36,-18.48,10,0.07,3.88,3.91,3.89,3.91,3.91,3.90,3.92,3.92,31.09,33.2,-30,-30,99.8,0,-479,500,0,0,860,0,-1024,1,-1,-1,0,-1,-1,-1,-1,-1,-1,0,0,
2026-04-14,15:49:31.960,7.62,94,98,98,-0.064,177.91,41,0,8.17,-0.364,1.829,0.05,48,0,135.97,-21.28,10,0.06,3.88,3.91,3.89,3.91,3.89,3.88,3.92,3.92,31.09,33.2,-30,-30,100.6,0,-491,495,0,0,860,0,-1024,1,-1,-1,0,-1,-1,-1,-1,-1,-1,0,0,
2026-04-14,15:49:32.240,7.63,95,98,98,-0.119,178.51,42,0,8.17,-0.347,1.559,1.06,47,0,145.99,-24.51,10,0.07,3.88,3.91,3.89,3.91,3.89,3.88,3.90,3.90,31.05,32.8,-30,-30,97.2,-4,-344,492,-264,0,860,0,-1024,1,-1,-1,0,-1,-1,-1,-1,-1,-1,0,0,
2026-04-14,15:49:32.510,7.63,96,98,98,-0.012,179.66,45,0,8.19,-0.224,1.187,2.66,49,0,159.69,-24.85,10,0.08,3.86,3.90,3.89,3.91,3.89,3.88,3.90,3.90,31.05,32.8,-30,-30,95.9,-33,-210,492,-419,0,860,0,-1024,1,-1,-1,0,-1,-1,-1,-1,-1,-1,0,0,
2026-04-14,15:49:32.770,7.63,100,100,98,0.001,181.26,48,0,8.20,-0.253,1.333,2.68,51,0,154.87,-26.06,10,0.09,3.86,3.90,3.89,3.91,3.89,3.88,3.90,3.90,31.02,33.0,-30,-30,98.9,-61,-261,493,-380,0,860,0,-1024,1,-1,-1,0,-1,-1,-1,-1,-1,-1,0,0,
2026-04-14,15:49:33.030,7.63,100,100,98,0.000,182.10,49,0,8.18,-0.224,1.116,2.61,53,0,142.09,-27.41,10,0.09,3.86,3.90,3.88,3.90,3.89,3.88,3.90,3.90,31.02,32.4,-30,-30,95.2,-50,-327,491,-249,0,860,0,-1024,1,-1,-1,0,-1,-1,-1,-1,-1,-1,0,0,
2026-04-14,15:49:33.300,7.63,100,100,98,-0.032,183.11,49,0,8.19,-0.301,1.010,2.61,54,0,142.45,-28.52,10,0.09,3.86,3.90,3.88,3.90,3.88,3.88,3.90,3.90,30.99,32.4,-30,-30,91.3,-38,-273,491,-196,0,860,0,-1024,1,-1,-1,0,-1,-1,-1,-1,-1,-1,0,0,
2026-04-14,15:49:33.560,7.63,98,98,98,-0.004,184.49,47,0,8.21,-0.309,1.257,3.90,52,0,141.23,-33.28,10,0.10,3.86,3.90,3.88,3.90,3.88,3.88,3.89,3.90,30.96,33.7,-30,-30,91.3,-33,-192,492,-174,0,860,0,-1024,1,-1,-1,0,-1,-1,-1,-1,-1,-1,0,0,
2026-04-14,15:49:33.830,7.63,94,98,98,-0.072,185.95,45,0,8.19,-0.268,1.193,4.85,50,0,139.08,-32.43,10,0.10,3.85,3.89,3.88,3.90,3.88,3.88,3.89,3.90,30.96,33.7,-30,-30,90.6,0,-198,493,-194,0,860,0,-1024,1,-1,-1,0,-1,-1,-1,-1,-1,-1,0,0,
2026-04-14,15:49:34.090,7.62,92,97,97,-0.029,187.20,44,0,8.18,-0.232,1.170,4.62,52,0,141.23,-32.12,10,0.10,3.85,3.89,3.87,3.89,3.88,3.88,3.89,3.90,30.93,33.1,-30,-30,95.2,-9,-235,493,-216,0,860,0,-1024,1,-1,-1,0,-1,-1,-1,-1,-1,-1,0,0,
2026-04-14,15:49:34.360,7.63,94,97,97,-0.056,188.09,45,0,8.17,-0.275,1.302,3.67,52,0,141.93,-32.31,10,0.10,3.85,3.89,3.87,3.89,3.88,3.87,3.89,3.90,30.93,33.1,-30,-30,96.5,0,-245,492,-190,0,860,0,-1024,1,-1,-1,0,-1,-1,-1,-1,-1,-1,0,0,
2026-04-14,15:49:34.620,7.63,99,99,99,-0.023,189.23,49,0,8.17,-0.269,1.287,3.82,50,0,143.35,-32.38,10,0.08,3.85,3.89,3.87,3.89,3.88,3.87,3.89,3.90,30.92,32.9,-30,-30,94.5,0,-165,493,-167,0,860,0,-1024,1,-1,-1,0,-1,-1,-1,-1,-1,-1,0,0,
2026-04-14,15:49:34.880,7.63,100,100,99,0.010,190.10,52,0,8.22,-0.244,1.058,3.37,48,0,139.18,-32.24,10,0.08,3.85,3.89,3.87,3.89,3.88,3.87,3.89,3.89,30.92,32.9,-30,-30,90.2,-14,-128,488,-225,0,860,0,-1024,1,-1,-1,0,-1,-1,-1,-1,-1,-1,0,0,
2026-04-14,15:49:35.150,7.63,100,100,99,0.000,191.11,54,0,8.23,-0.218,0.814,3.41,47,0,134.45,-30.77,10,0.09,3.85,3.89,3.87,3.89,3.88,3.87,3.89,3.89,30.90,33.3,-30,-30,87.4,0,-141,472,-126,0,859,0,-1024,1,-1,-1,0,-1,-1,-1,-1,-1,-1,0,0,
2026-04-14,15:49:35.420,7.63,100,100,99,0.003,192.97,53,0,8.20,-0.206,0.834,3.29,46,0,132.07,-29.73,10,0.09,3.85,3.89,3.87,3.89,3.88,3.87,3.89,3.89,30.90,33.3,-30,-30,85.0,0,-218,405,0,0,860,0,-1024,1,-1,-1,0,-1,-1,-1,-1,-1,-1,0,0,
2026-04-14,15:49:35.680,7.63,100,100,98,-0.047,194.16,52,0,8.18,-0.257,1.098,3.61,45,0,134.10,-29.99,10,0.09,3.85,3.89,3.87,3.89,3.88,3.87,3.89,3.89,30.92,29.1,-30,-30,85.0,0,-194,403,0,0,860,0,-1024,1,-1,-1,0,-1,-1,-1,-1,-1,-1,0,0,
2026-04-14,15:49:35.940,7.63,98,98,98,-0.060,194.16,48,0,8.18,-0.262,1.172,3.80,44,0,140.22,-29.55,10,0.10,3.85,3.89,3.87,3.89,3.88,3.87,3.89,3.89,30.92,29.1,-30,-30,87.2,0,-231,404,102,0,860,0,-1024,1,-1,-1,0,-1,-1,-1,-1,-1,-1,0,0,
2026-04-14,15:49:36.210,7.63,93,98,98,-0.023,195.76,43,0,8.17,-0.307,1.231,2.77,46,0,152.87,-26.85,10,0.10,3.85,3.89,3.87,3.89,3.88,3.87,3.89,3.89,30.93,28.8,-30,-30,81.7,0,-183,403,0,0,860,0,-1024,1,-1,-1,0,-1,-1,-1,-1,-1,-1,0,0,
2026-04-14,15:49:36.480,7.63,92,98,98,-0.019,196.19,42,0,8.22,-0.208,0.989,1.99,47,0,155.94,-25.31,10,0.10,3.85,3.89,3.88,3.89,3.88,3.87,3.89,3.89,30.93,28.8,-30,-30,81.5,0,-83,403,-63,0,860,0,-1024,1,-1,-1,0,-1,-1,-1,-1,-1,-1,0,0,
2026-04-14,15:49:36.750,7.63,94,98,98,-0.005,196.38,43,0,8.25,-0.200,0.915,1.27,45,0,161.73,-22.44,10,0.10,3.85,3.89,3.88,3.89,3.88,3.88,3.89,3.89,30.93,29.2,-30,-30,86.1,0,31,403,-253,0,860,0,-1024,1,-1,-1,0,-1,-1,-1,-1,-1,-1,0,0,
2026-04-14,15:49:37.030,7.63,100,100,98,0.027,196.55,48,0,8.27,-0.193,0.791,0.74,43,0,160.06,-19.72,10,0.10,3.85,3.89,3.88,3.89,3.88,3.88,3.89,3.90,30.93,29.2,-30,-30,86.1,0,74,403,-146,0,860,0,-1024,1,-1,-1,0,-1,-1,-1,-1,-1,-1,0,0,
2026-04-14,15:49:37.290,7.63,100,100,98,-0.003,196.71,49,0,8.21,-0.176,0.734,0.68,41,0,156.08,-18.58,10,0.10,3.85,3.89,3.88,3.89,3.88,3.88,3.89,3.90,30.94,28.5,-30,-30,82.8,0,17,404,0,0,860,0,-1024,1,-1,-1,0,-1,-1,-1,-1,-1,-1,0,0,
2026-04-14,15:49:37.550,7.63,100,100,97,0.003,196.86,51,0,8.25,-0.186,0.848,0.56,39,0,157.14,-16.24,10,0.10,3.86,3.89,3.88,3.89,3.88,3.88,3.89,3.90,30.94,28.5,-30,-30,87.0,0,128,403,255,0,860,0,-1024,1,-1,-1,0,-1,-1,-1,-1,-1,-1,0,0,
2026-04-14,15:49:37.810,7.62,100,100,94,-0.007,196.79,51,0,8.24,-0.160,0.848,0.56,36,0,163.95,-13.09,10,0.10,3.86,3.89,3.88,3.89,3.88,3.88,3.89,3.90,30.95,28.5,-30,-30,87.0,0,92,404,293,0,860,0,-1024,1,-1,-1,0,-1,-1,-1,-1,-1,-1,0,0,
2026-04-14,15:49:38.080,7.63,100,100,92,0.017,196.44,51,0,8.27,-0.179,0.795,-0.55,36,0,167.71,-12.05,10,0.10,3.86,3.89,3.88,3.89,3.88,3.88,3.89,3.90,30.95,28.7,-30,-30,87.0,0,20,404,0,0,860,0,-1024,1,-1,-1,0,-1,-1,-1,-1,-1,-1,0,0,
2026-04-14,15:49:38.360,7.63,100,100,92,0.064,195.62,49,0,8.26,-0.187,0.631,-1.24,39,0,170.16,-9.77,10,0.10,3.86,3.89,3.88,3.89,3.88,3.88,3.89,3.90,30.95,28.7,-30,-30,85.6,0,15,404,0,0,860,0,-1024,1,-1,-1,0,-1,-1,-1,-1,-1,-1,0,0,
2026-04-14,15:49:38.620,7.63,100,100,92,0.050,194.99,47,0,8.22,-0.166,0.842,-1.71,41,0,169.10,-9.78,10,0.10,3.86,3.89,3.88,3.89,3.88,3.88,3.89,3.90,30.96,28.0,-30,-30,88.3,0,48,403,483,0,859,0,-1024,1,-1,-1,0,-1,-1,-1,-1,-1,-1,0,0,
2026-04-14,15:49:38.890,7.62,100,100,92,-0.020,194.08,47,0,8.22,-0.138,0.744,-2.44,43,0,174.97,-8.42,10,0.10,3.86,3.89,3.88,3.89,3.88,3.88,3.89,3.90,30.96,28.0,-30,-30,91.7,0,-21,404,302,0,860,0,-1024,1,-1,-1,0,-1,-1,-1,-1,-1,-1,0,0,
2026-04-14,15:49:39.150,7.63,100,100,92,0.025,192.94,46,0,8.22,-0.154,0.998,-3.42,46,0,-171.46,-7.91,10,0.10,3.86,3.89,3.88,3.89,3.88,3.88,3.89,3.90,30.97,27.3,-30,-30,93.0,0,3,403,0,0,860,0,-1024,1,-1,-1,0,-1,-1,-1,-1,-1,-1,0,0,
2026-04-14,15:49:39.420,7.62,100,100,92,0.025,192.08,47,0,8.19,-0.145,0.975,-3.31,47,0,-172.59,-8.18,10,0.10,3.86,3.89,3.88,3.89,3.88,3.88,3.89,3.90,30.97,27.3,-30,-30,92.8,0,10,403,151,0,860,0,-1024,1,-1,-1,0,-1,-1,-1,-1,-1,-1,0,0,
2026-04-14,15:49:39.680,7.63,100,100,93,0.041,191.07,47,0,8.20,-0.116,0.828,-3.32,47,0,-175.35,-6.65,10,0.10,3.86,3.89,3.88,3.89,3.88,3.88,3.90,3.90,30.99,26.2,-30,-30,94.8,0,0,480,147,0,860,0,-1024,1,-1,-1,0,-1,-1,-1,-1,-1,-1,0,0,
2026-04-14,15:49:39.940,7.63,100,100,93,0.014,189.86,47,0,8.18,-0.174,0.935,-3.69,48,0,-174.07,-6.26,10,0.10,3.86,3.90,3.88,3.89,3.88,3.88,3.90,3.90,30.99,26.2,-30,-30,97.0,0,-146,479,174,0,860,0,-1024,1,-1,-1,0,-1,-1,-1,-1,-1,-1,0,0,
2026-04-14,15:49:40.200,7.62,100,100,93,0.001,188.17,47,0,8.20,-0.208,1.232,-4.98,49,0,-167.83,-6.99,10,0.10,3.86,3.90,3.88,3.89,3.88,3.88,3.90,3.90,30.96,31.4,-30,-30,97.0,0,-135,480,0,0,860,0,-1024,1,-1,-1,0,-1,-1,-1,-1,-1,-1,0,0,
2026-04-14,15:49:40.460,7.63,100,100,93,0.053,186.81,48,0,8.18,-0.192,1.211,-5.00,49,0,-165.04,-8.05,10,0.10,3.86,3.90,3.88,3.89,3.88,3.87,3.90,3.90,30.96,31.4,-30,-30,98.5,0,-186,480,-126,0,860,0,-1024,1,-1,-1,0,-1,-1,-1,-1,-1,-1,0,0,
2026-04-14,15:49:40.730,7.63,100,100,92,0.041,185.54,48,0,8.20,-0.212,1.225,-4.61,49,0,-166.15,-9.35,10,0.10,3.86,3.90,3.88,3.89,3.88,3.87,3.89,3.89,30.95,31.4,-30,-30,98.9,0,-119,480,0,0,860,0,-1024,1,-1,-1,0,-1,-1,-1,-1,-1,-1,0,0,
2026-04-14,15:49:40.990,7.63,100,100,92,0.067,184.40,48,0,8.21,-0.199,1.130,-4.32,49,0,-164.94,-10.84,10,0.10,3.85,3.88,3.88,3.89,3.88,3.87,3.89,3.89,30.95,31.4,-30,-30,96.9,0,-255,480,0,0,860,0,-1024,1,-1,-1,0,-1,-1,-1,-1,-1,-1,0,0,
2026-04-14,15:49:41.250,7.62,100,100,91,0.044,183.53,49,0,8.19,-0.217,1.248,-3.59,48,0,-166.20,-12.33,10,0.10,3.85,3.88,3.87,3.88,3.88,3.87,3.89,3.89,30.92,31.2,-30,-30,97.0,0,-71,481,0,0,860,0,-1024,1,-1,-1,0,-1,-1,-1,-1,-1,-1,0,0,
2026-04-14,15:49:41.510,7.62,100,100,92,0.099,182.60,49,0,8.21,-0.112,0.858,-3.33,43,0,-169.73,-12.63,10,0.10,3.85,3.88,3.87,3.88,3.87,3.87,3.89,3.89,30.92,31.2,-30,-30,99.8,0,-94,481,0,0,861,0,-1024,1,-1,-1,0,-1,-1,-1,-1,-1,-1,0,0,
2026-04-14,15:49:41.770,7.62,100,100,94,0.051,180.65,49,0,8.24,-0.161,0.915,-3.31,45,0,-170.85,-11.75,10,0.10,3.85,3.88,3.87,3.88,3.87,3.87,3.89,3.89,30.90,30.1,-30,-30,99.6,0,-85,480,0,0,1000,0,-1024,1,-1,-1,0,-1,-1,-1,-1,-1,-1,0,0,
2026-04-14,15:49:42.030,7.63,100,100,98,0.009,180.02,49,0,8.20,-0.175,1.128,-2.85,49,0,-169.80,-12.97,10,0.10,3.85,3.88,3.87,3.88,3.87,3.87,3.88,3.88,30.90,30.2,-30,-30,103.5,0,-73,481,0,0,1011,0,-1024,1,-1,-1,0,-1,-1,-1,-1,-1,-1,0,0,
2026-04-14,15:49:42.290,7.62,100,100,98,-0.077,179.81,47,0,8.19,-0.184,0.954,-1.53,49,0,-160.61,-12.26,10,0.10,3.84,3.88,3.87,3.88,3.87,3.87,3.88,3.88,30.89,30.2,-30,-30,103.5,0,-60,481,0,0,1020,0,-1024,1,-1,-1,0,-1,-1,-1,-1,-1,-1,0,0,
2026-04-14,15:49:42.550,7.63,97,98,98,-0.081,179.56,45,0,8.22,-0.204,1.055,-1.14,53,0,-155.97,-11.64,10,0.10,3.84,3.88,3.86,3.88,3.87,3.87,3.88,3.88,30.89,31.6,-30,-30,97.8,0,-13,481,0,0,1020,0,-1024,1,-1,-1,0,-1,-1,-1,-1,-1,-1,0,0,
2026-04-14,15:49:42.810,7.62,96,98,98,0.091,179.28,44,0,8.20,-0.179,0.928,-0.88,58,0,-149.27,-10.48,10,0.10,3.84,3.88,3.86,3.88,3.87,3.86,3.88,3.88,30.85,31.6,-30,-30,93.2,0,0,481,0,0,1008,0,-1024,1,-1,-1,0,-1,-1,-1,-1,-1,-1,0,0,
2026-04-14,15:49:43.080,7.62,96,98,98,0.106,178.77,46,0,8.21,-0.135,0.895,-0.88,60,0,-152.06,-10.24,10,0.10,3.84,3.88,3.86,3.88,3.87,3.86,3.87,3.88,30.84,31.3,-30,-30,95.4,0,-32,480,0,0,1001,0,-1024,1,-1,-1,0,-1,-1,-1,-1,-1,-1,0,0,
2026-04-14,15:49:43.340,7.62,99,99,98,0.129,178.27,48,0,8.19,-0.174,0.862,-1.65,62,0,-155.92,-10.35,10,0.10,3.84,3.88,3.86,3.88,3.87,3.86,3.87,3.88,30.84,31.3,-30,-30,94.1,0,-3,481,-415,0,1000,0,-1024,1,-1,-1,0,-1,-1,-1,-1,-1,-1,0,0,
2026-04-14,15:49:43.610,7.62,100,100,98,0.037,177.77,49,0,8.18,-0.116,0.710,-1.61,63,0,-158.24,-9.17,10,0.10,3.84,3.88,3.86,3.88,3.87,3.86,3.87,3.88,30.83,31.5,-30,-30,97.4,0,-150,480,-614,0,1000,0,-1024,1,-1,-1,0,-1,-1,-1,-1,-1,-1,0,0,
2026-04-14,15:49:43.880,7.62,100,100,98,-0.035,176.69,49,0,8.19,-0.166,1.058,-2.70,63,0,-166.85,-9.65,10,0.10,3.84,3.88,3.86,3.87,3.87,3.86,3.87,3.88,30.83,31.5,-30,-30,99.6,0,-117,480,-620,0,1001,0,-1024,1,-1,-1,0,-1,-1,-1,-1,-1,-1,0,0,
2026-04-14,15:49:44.140,7.62,100,100,98,-0.076,175.85,49,0,8.18,-0.216,1.158,-3.17,62,0,-173.51,-10.95,10,0.10,3.84,3.88,3.86,3.87,3.86,3.86,3.87,3.88,30.82,30.2,-30,-30,100.7,0,0,480,-599,0,1001,0,-1024,1,-1,-1,0,-1,-1,-1,-1,-1,-1,0,0,
2026-04-14,15:49:44.400,7.62,100,100,98,-0.022,175.27,49,0,8.22,-0.153,0.777,-2.42,61,0,-175.05,-10.34,10,0.10,3.84,3.88,3.86,3.87,3.86,3.86,3.87,3.87,30.82,30.2,-30,-30,100.7,0,14,480,-679,0,1000,0,-1024,1,-1,-1,0,-1,-1,-1,-1,-1,-1,0,0,
2026-04-14,15:49:44.660,7.62,100,100,99,-0.098,174.24,49,0,8.25,-0.151,0.495,-1.93,61,0,150.14,-9.36,10,0.10,3.84,3.87,3.86,3.87,3.86,3.86,3.87,3.87,30.80,31.1,-30,-30,100.7,0,-25,480,-686,0,1000,0,-1024,1,-1,-1,0,-1,-1,-1,-1,-1,-1,0,0,
2026-04-14,15:49:44.920,7.63,100,100,99,-0.035,173.41,49,0,8.22,-0.177,1.103,-2.34,62,0,173.29,-10.40,10,0.10,3.84,3.87,3.86,3.87,3.86,3.86,3.87,3.87,30.80,31.1,-30,-30,99.6,0,-64,480,-533,0,1001,0,-1024,1,-1,-1,0,-1,-1,-1,-1,-1,-1,0,0,
2026-04-14,15:49:45.180,7.63,100,100,100,-0.093,172.62,49,0,8.21,-0.172,1.119,-2.74,59,0,160.96,-11.05,10,0.10,3.84,3.87,3.86,3.87,3.86,3.86,3.87,3.87,30.80,29.8,-30,-30,103.0,0,0,480,-26,0,1000,0,-1024,1,-1,-1,0,-1,-1,-1,-1,-1,-1,0,0,
2026-04-14,15:49:45.440,7.63,100,100,100,-0.031,171.92,50,0,8.19,-0.117,1.041,-2.52,53,0,166.37,-9.85,10,0.10,3.84,3.87,3.86,3.87,3.86,3.86,3.87,3.87,30.80,29.8,-30,-30,102.0,0,8,480,-106,0,1000,0,-1024,1,-1,-1,1,-1,-1,-1,-1,-1,-1,0,0,
2026-04-14,15:49:45.700,7.63,100,100,99,0.005,170.91,50,0,8.22,-0.144,1.060,-2.92,50,0,172.41,-8.65,10,0.10,3.84,3.87,3.86,3.87,3.86,3.86,3.87,3.87,30.79,29.4,-30,-30,101.5,0,8,480,-220,0,1000,0,-1024,1,-1,-1,1,-1,-1,-1,-1,-1,-1,0,0,
2026-04-14,15:49:45.960,7.62,99,99,99,0.017,169.97,50,0,8.20,-0.107,0.856,-3.29,55,0,169.86,-7.86,10,0.10,3.83,3.88,3.86,3.87,3.86,3.86,3.87,3.87,30.79,29.4,-30,-30,101.9,0,0,480,-151,0,1000,0,-1024,1,-1,-1,1,-1,-1,-1,-1,-1,-1,0,0,
2026-04-14,15:49:46.220,7.63,99,99,99,-0.039,169.08,50,0,8.21,-0.108,0.824,-3.13,60,0,169.68,-7.65,10,0.10,3.83,3.88,3.85,3.87,3.86,3.86,3.87,3.87,30.79,29.1,-30,-30,100.6,0,-149,480,-57,0,1001,0,-1024,1,-1,-1,1,-1,-1,-1,-1,-1,-1,0,0,
2026-04-14,15:49:46.490,7.62,99,99,99,0.039,168.18,50,0,8.20,-0.179,1.208,-3.13,66,0,169.92,-11.12,10,0.10,3.83,3.88,3.85,3.87,3.86,3.86,3.87,3.87,30.79,29.1,-30,-30,100.6,0,1,479,0,0,1001,0,-1024,1,-1,-1,1,-1,-1,-1,-1,-1,-1,0,0,
2026-04-14,15:49:46.760,7.63,100,100,99,-0.018,167.55,50,0,8.24,-0.136,1.065,-2.69,70,0,172.69,-10.84,10,0.10,3.83,3.88,3.85,3.87,3.86,3.86,3.87,3.87,30.78,29.1,-30,-30,100.6,0,0,476,0,0,1001,0,-1024,1,-1,-1,1,-1,-1,-1,-1,-1,-1,0,0,
2026-04-14,15:49:47.030,7.62,100,100,99,-0.025,167.04,50,0,8.23,-0.137,1.007,-2.02,71,0,178.49,-9.17,10,0.10,3.83,3.88,3.85,3.87,3.86,3.86,3.87,3.87,30.78,29.3,-30,-30,101.5,0,11,476,0,0,1001,0,-1024,1,-1,-1,1,-1,-1,-1,-1,-1,-1,0,0,
2026-04-14,15:49:47.290,7.62,100,100,99,-0.017,166.43,53,0,8.23,-0.133,0.866,-2.15,63,0,-174.61,-7.61,10,0.10,3.83,3.88,3.85,3.87,3.86,3.86,3.87,3.87,30.78,29.3,-30,-30,102.4,0,-23,477,-23,0,1001,0,-1024,1,-1,-1,1,-1,-1,-1,-1,-1,-1,0,0,
2026-04-14,15:49:47.570,7.63,100,100,99,0.015,164.86,55,0,8.20,-0.129,0.925,-2.72,63,0,-172.30,-7.61,10,0.10,3.83,3.88,3.85,3.87,3.86,3.85,3.87,3.87,30.77,29.4,-30,-30,99.8,0,-45,477,-46,0,1001,0,-1024,1,-1,-1,1,-1,-1,-1,-1,-1,-1,0,0,
2026-04-14,15:49:47.840,7.63,100,100,99,0.006,164.04,57,0,8.20,-0.158,1.070,-2.88,65,0,-172.58,-8.46,10,0.10,3.83,3.88,3.85,3.87,3.86,3.85,3.87,3.86,30.77,29.4,-30,-30,100.4,0,-43,477,-40,0,1000,0,-1024,1,-1,-1,1,-1,-1,-1,-1,-1,-1,0,0,
2026-04-14,15:49:48.100,7.62,100,100,99,0.027,163.29,60,0,8.18,-0.129,0.963,-2.69,62,0,-171.82,-8.40,10,0.10,3.83,3.88,3.85,3.87,3.86,3.85,3.87,3.86,30.76,28.9,-30,-30,102.2,0,-122,479,-88,0,1001,0,-1024,1,-1,-1,1,-1,-1,-1,1,-1,-1,1,0,
2026-04-14,15:49:48.370,7.62,100,100,99,0.137,162.68,62,0,8.18,-0.075,0.983,-2.33,65,0,-171.96,-8.91,10,0.10,3.83,3.87,3.85,3.87,3.86,3.85,3.87,3.86,30.76,28.9,-30,-30,107.0,0,8,479,0,0,1001,0,-1024,1,-1,-1,1,-1,-1,-1,-1,-1,-1,1,0,
2026-04-14,15:49:48.640,7.62,100,100,99,-0.039,162.01,63,0,8.17,-0.256,1.772,-2.35,62,0,-178.64,-7.86,10,0.10,3.83,3.87,3.85,3.87,3.86,3.85,3.87,3.86,30.77,27.2,-30,-30,107.0,0,-24,479,0,0,1001,0,-1024,1,-1,-1,1,-1,-1,-1,-1,-1,-1,1,0,
2026-04-14,15:49:48.900,7.62,100,100,99,-0.122,161.79,63,0,8.17,-0.146,1.326,-1.59,61,0,-173.61,-4.72,10,0.10,3.83,3.87,3.85,3.87,3.86,3.85,3.87,3.86,30.77,27.2,-30,-30,107.0,0,-145,479,73,0,1000,0,-1024,1,-1,-1,1,-1,-1,-1,-1,-1,-1,1,0,
2026-04-14,15:49:49.170,7.62,100,100,99,-0.004,161.61,63,0,8.17,-0.177,1.185,-0.91,67,0,-165.38,-3.96,10,0.10,3.83,3.87,3.85,3.87,3.86,3.85,3.87,3.87,30.77,28.0,-30,-30,104.5,0,-189,514,-150,0,1001,0,-1024,1,-1,-1,1,-1,-1,-1,-1,-1,-1,0,0,
2026-04-14,15:49:49.430,7.63,100,100,99,0.062,161.27,62,0,8.17,-0.154,1.000,-0.97,67,0,-163.18,-5.70,10,0.10,3.83,3.87,3.85,3.87,3.86,3.85,3.87,3.87,30.77,28.0,-30,-30,103.2,0,-111,564,-378,0,1000,0,-1024,1,-1,-1,1,-1,-1,-1,-1,-1,-1,0,0,
2026-04-14,15:49:49.690,7.63,100,100,100,0.046,160.72,61,0,8.21,-0.163,1.219,-1.57,70,0,-170.43,-9.95,10,0.10,3.83,3.87,3.85,3.86,3.86,3.85,3.87,3.87,30.72,32.1,-30,-30,108.9,0,-103,571,-390,0,1001,0,-1024,1,-1,-1,1,-1,-1,-1,-1,-1,-1,0,0,
2026-04-14,15:49:49.950,7.63,100,100,100,-0.048,160.36,62,0,8.19,-0.283,1.624,-1.50,64,0,-171.50,-12.31,10,0.10,3.83,3.87,3.85,3.86,3.85,3.84,3.87,3.87,30.72,32.1,-30,-30,101.9,0,-124,535,-408,0,1001,0,-1024,1,-1,-1,1,-1,-1,-1,-1,-1,-1,0,0,
2026-04-14,15:49:50.230,7.63,100,100,100,-0.041,160.56,63,0,8.18,-0.245,1.521,-0.05,54,0,-169.62,-12.65,10,0.10,3.83,3.87,3.85,3.86,3.85,3.84,3.86,3.85,30.70,35.2,-30,-30,106.7,0,-60,522,-399,0,1000,0,-1024,1,-1,-1,1,-1,-1,-1,-1,-1,-1,0,0,
2026-04-14,15:49:50.490,7.62,100,100,100,-0.036,160.70,63,0,8.21,-0.199,1.067,0.13,53,0,-171.55,-11.61,10,0.10,3.83,3.87,3.85,3.86,3.85,3.84,3.86,3.85,30.70,35.2,-30,-30,99.5,0,-41,520,-407,0,1000,0,-1024,1,-1,-1,1,-1,-1,-1,-1,-1,-1,0,0,
2026-04-14,15:49:50.750,7.62,100,100,100,0.004,161.09,62,0,8.21,-0.197,1.140,0.76,59,0,-176.28,-11.59,10,0.10,3.82,3.85,3.85,3.86,3.85,3.84,3.86,3.85,30.66,32.8,-30,-30,99.5,0,1,521,-75,0,1000,0,-1024,1,-1,-1,1,-1,-1,-1,-1,-1,-1,0,0,
2026-04-14,15:49:51.010,7.63,100,100,100,-0.030,161.50,61,0,8.19,-0.198,1.118,1.24,63,0,-177.47,-11.17,10,0.10,3.82,3.85,3.83,3.85,3.85,3.84,3.86,3.85,30.66,32.8,-30,-30,98.0,0,0,522,-50,0,1001,0,-1024,1,-1,-1,1,-1,-1,-1,-1,-1,-1,0,0,
2026-04-14,15:49:51.280,7.62,100,100,100,0.005,161.95,58,0,8.18,-0.202,0.780,1.33,64,0,-173.42,-10.16,10,0.10,3.82,3.85,3.83,3.85,3.85,3.83,3.86,3.85,30.62,32.7,-30,-30,98.0,0,-18,521,-85,0,1000,0,-1024,1,-1,-1,1,-1,-1,-1,-1,-1,-1,0,0,
2026-04-14,15:49:51.540,7.63,100,100,100,0.010,162.66,56,0,8.20,-0.216,0.760,1.99,55,0,-171.25,-9.84,10,0.10,3.82,3.85,3.83,3.85,3.85,3.83,3.85,3.84,30.62,35.2,-30,-30,95.2,0,-65,521,-122,0,1001,0,-1024,1,-1,-1,1,-1,-1,-1,-1,-1,-1,0,0,
2026-04-14,15:49:51.800,7.62,100,100,100,-0.029,163.56,54,0,8.22,-0.246,1.363,2.73,57,0,-168.39,-12.84,10,0.10,3.81,3.85,3.83,3.85,3.85,3.83,3.85,3.84,30.59,35.2,-30,-30,97.8,0,-68,521,-74,0,1001,0,-1024,1,-1,-1,1,-1,-1,-1,-1,-1,-1,0,0,
2026-04-14,15:49:52.060,7.62,100,100,100,-0.020,164.11,53,0,8.20,-0.216,1.092,2.42,63,0,-166.33,-12.87,10,0.10,3.81,3.85,3.83,3.84,3.85,3.83,3.85,3.84,30.59,33.5,-30,-30,99.8,0,-45,521,-60,0,1001,0,-1024,1,-1,-1,1,-1,-1,-1,-1,-1,-1,0,0,
2026-04-14,15:49:52.340,7.63,96,100,100,0.020,164.58,53,0,8.18,-0.196,1.016,1.82,64,0,-159.55,-11.20,10,0.10,3.81,3.85,3.83,3.84,3.84,3.82,3.85,3.84,30.56,33.5,-30,-30,95.7,0,0,523,-31,0,1001,0,-1024,1,-1,-1,1,-1,-1,-1,-1,-1,-1,0,0,
2026-04-14,15:49:52.610,7.63,96,100,100,0.074,164.84,53,0,8.24,-0.225,1.082,1.40,64,0,-158.96,-10.87,10,0.10,3.81,3.85,3.83,3.84,3.84,3.82,3.85,3.84,30.53,33.7,-30,-30,96.9,0,10,521,-223,0,1000,0,-1024,1,-1,-1,1,-1,-1,-1,-1,-1,-1,0,0,
2026-04-14,15:49:52.870,7.62,96,100,100,0.020,164.96,53,0,8.20,-0.155,0.725,0.74,62,0,-160.71,-10.38,10,0.10,3.81,3.85,3.83,3.84,3.84,3.82,3.85,3.83,30.53,33.7,-30,-30,96.1,-215,-60,512,-753,0,1000,0,-1024,1,-1,-1,1,-1,-1,-1,-1,-1,-1,0,0,
2026-04-14,15:49:53.130,7.63,100,100,100,0.051,165.69,53,0,8.18,-0.154,0.845,1.22,59,0,-175.50,-10.06,10,0.10,3.80,3.85,3.83,3.84,3.84,3.82,3.85,3.83,30.52,33.7,-30,-30,95.0,-249,-104,512,-751,0,1001,0,-1024,1,-1,-1,1,-1,-1,-1,-1,-1,-1,0,0,
2026-04-14,15:49:53.400,7.63,100,100,100,0.086,165.92,50,0,8.18,-0.063,0.427,1.21,57,0,165.30,-10.25,10,0.10,3.80,3.85,3.82,3.84,3.84,3.82,3.85,3.83,30.52,33.7,-30,-30,96.3,-254,-233,512,-666,0,1001,0,-1024,1,-1,-1,1,-1,-1,-1,-1,-1,-1,0,0,
2026-04-14,15:49:53.660,7.62,100,100,100,-0.063,165.89,51,0,8.17,-0.251,1.325,0.39,55,0,148.82,-15.39,10,0.10,3.80,3.85,3.82,3.84,3.83,3.81,3.85,3.83,30.51,32.7,-30,-30,96.3,-235,-298,510,-502,0,1000,0,-1024,1,-1,-1,1,-1,-1,-1,-1,-1,-1,0,0,
2026-04-14,15:49:53.930,7.63,100,100,100,-0.087,166.19,52,0,8.17,-0.270,1.422,0.65,52,0,146.02,-17.51,10,0.07,3.80,3.85,3.82,3.84,3.83,3.81,3.84,3.83,30.51,32.7,-30,-30,100.7,-221,-299,509,-498,0,1000,0,-1024,1,-1,-1,1,-1,-1,-1,-1,-1,-1,0,0,
2026-04-14,15:49:54.190,7.63,100,100,99,-0.044,166.66,52,0,8.17,-0.291,1.499,1.17,50,0,148.51,-16.70,10,0.08,3.80,3.85,3.82,3.84,3.83,3.81,3.84,3.83,30.49,32.8,-30,-30,100.7,-218,-284,509,-505,0,1001,0,-1024,1,-1,-1,1,-1,-1,-1,-1,-1,-1,0,0,
2026-04-14,15:49:54.470,7.62,97,99,99,0.050,166.81,49,0,8.22,-0.196,1.177,1.17,49,0,144.40,-13.35,10,0.09,3.80,3.85,3.82,3.84,3.83,3.81,3.84,3.83,30.49,32.8,-30,-30,101.5,-237,-234,503,-574,0,1000,0,-1024,1,-1,-1,1,-1,-1,-1,-1,-1,-1,0,0,
2026-04-14,15:49:54.730,7.63,97,99,99,0.029,166.78,47,0,8.19,-0.302,1.484,0.22,50,0,136.27,-13.55,10,0.09,3.80,3.85,3.82,3.84,3.83,3.81,3.84,3.83,30.48,32.3,-30,-30,94.8,-174,-385,505,-361,0,1001,0,-1024,1,-1,-1,1,-1,-1,-1,-1,-1,-1,0,0,
2026-04-14,15:49:55.000,7.63,97,99,99,0.014,167.30,48,0,8.18,-0.270,1.235,0.89,50,0,122.58,-11.28,10,0.09,3.80,3.85,3.82,3.84,3.83,3.81,3.84,3.83,30.48,32.3,-30,-30,90.6,-83,-452,503,-175,0,1000,0,-1024,1,-1,-1,1,-1,-1,-1,-1,-1,-1,0,0,
2026-04-14,15:49:55.270,7.62,97,99,99,-0.039,167.97,48,0,8.17,-0.251,1.318,1.96,52,0,120.50,-11.01,10,0.09,3.80,3.85,3.82,3.84,3.83,3.81,3.84,3.83,30.47,33.3,-30,-30,96.5,-75,-500,502,-132,0,1000,0,-1024,1,-1,-1,1,-1,-1,-1,-1,-1,-1,0,0,
2026-04-14,15:49:55.550,7.62,85,99,99,-0.024,168.41,44,0,8.12,-0.266,1.298,1.75,54,0,119.43,-12.51,10,0.10,3.80,3.84,3.82,3.84,3.83,3.81,3.84,3.83,30.47,33.5,-30,-30,96.5,0,-589,502,0,0,1001,0,-1024,1,-1,-1,1,-1,-1,-1,-1,-1,-1,0,0,
2026-04-14,15:49:55.810,7.63,81,99,99,0.065,170.05,43,0,8.14,-0.426,1.743,1.96,55,0,111.63,-12.48,10,0.10,3.80,3.84,3.82,3.84,3.83,3.81,3.84,3.83,30.45,33.5,-30,-30,91.7,-11,-497,501,27,0,1000,0,-1024,1,-1,-1,1,-1,-1,-1,-1,-1,-1,0,0,
2026-04-14,15:49:56.070,7.63,81,99,99,-0.065,170.05,43,0,8.18,-0.201,1.500,2.75,54,0,107.67,-11.18,10,0.10,3.80,3.84,3.82,3.84,3.82,3.81,3.84,3.83,30.45,32.5,-30,-30,91.7,55,-453,502,289,0,1000,0,-1024,1,-1,-1,1,-1,-1,-1,-1,-1,-1,0,0,
2026-04-14,15:49:56.340,7.63,92,99,99,-0.086,170.97,45,0,8.15,-0.312,1.028,1.63,54,0,109.25,-10.65,10,0.10,3.80,3.84,3.82,3.84,3.82,3.81,3.84,3.83,30.44,32.5,-30,-30,94.1,0,-591,501,242,0,1001,0,-1024,1,-1,-1,1,-1,-1,-1,-1,-1,-1,0,0,
2026-04-14,15:49:56.610,7.63,93,99,99,-0.016,171.50,45,0,8.16,-0.479,1.765,1.75,55,0,131.40,-11.21,10,0.10,3.79,3.83,3.82,3.84,3.82,3.81,3.84,3.83,30.41,34.4,-30,-30,86.5,-18,-577,501,0,0,1000,0,-1024,1,-1,-1,1,-1,-1,-1,-1,-1,-1,0,0,
2026-04-14,15:49:56.870,7.63,89,99,99,0.049,171.95,43,0,8.15,-0.336,1.425,1.64,52,0,137.92,-8.76,10,0.10,3.79,3.83,3.81,3.83,3.82,3.81,3.84,3.83,30.41,34.4,-30,-30,89.5,-34,-535,507,-64,0,1000,0,-1024,1,-1,-1,1,-1,-1,-1,-1,-1,-1,0,0,
2026-04-14,15:49:57.140,7.63,80,99,99,0.127,172.21,41,0,8.16,-0.319,1.338,1.22,50,0,123.17,-6.87,10,0.10,3.79,3.83,3.81,3.83,3.82,3.80,3.84,3.83,30.38,34.5,-30,-30,86.1,-70,-647,511,0,0,1000,0,-1024,1,-1,-1,1,-1,-1,-1,-1,-1,-1,0,0,
2026-04-14,15:49:57.400,7.63,78,99,99,0.066,172.65,41,0,8.13,-0.338,1.310,1.39,52,0,113.88,-6.66,10,0.10,3.79,3.83,3.81,3.83,3.82,3.80,3.84,3.83,30.38,34.5,-30,-30,82.0,-59,-706,511,87,0,1000,0,-1024,1,-1,-1,1,-1,-1,-1,-1,-1,-1,0,0,
2026-04-14,15:49:57.660,7.63,84,99,99,-0.010,172.98,43,0,8.12,-0.585,1.905,1.25,53,0,115.44,-10.09,10,0.10,3.79,3.83,3.81,3.83,3.82,3.80,3.83,3.82,30.34,36.2,-30,-30,78.7,-17,-717,514,104,0,1000,0,-1024,1,-1,-1,1,-1,-1,-1,-1,-1,-1,0,0,
2026-04-14,15:49:57.920,7.62,93,99,99,0.041,173.52,46,0,8.15,-0.540,1.537,1.43,52,0,126.98,-11.30,10,0.10,3.78,3.82,3.81,3.83,3.82,3.80,3.83,3.82,30.34,36.2,-30,-30,78.7,-20,-611,537,-20,0,1000,0,-1024,1,-1,-1,1,-1,-1,-1,-1,-1,-1,0,0,
2026-04-14,15:49:58.180,7.62,96,100,100,0.021,173.75,49,0,8.16,-0.467,1.437,1.44,52,0,122.99,-6.94,10,0.10,3.78,3.82,3.80,3.82,3.82,3.80,3.83,3.82,30.30,38.7,-30,-30,74.8,-42,-728,540,26,0,1001,0,-1024,1,-1,-1,1,-1,-1,-1,-1,-1,-1,0,0,
2026-04-14,15:49:58.440,7.62,98,100,100,0.102,173.39,49,0,8.09,-0.398,1.575,-0.22,54,0,117.89,-4.87,10,0.10,3.78,3.82,3.80,3.82,3.81,3.79,3.83,3.82,30.30,38.7,-30,-30,84.5,-34,-740,540,0,0,1001,0,-1024,1,-1,-1,1,-1,-1,-1,-1,-1,-1,0,0,
2026-04-14,15:49:58.700,7.62,98,100,100,0.049,173.22,50,0,8.12,-0.472,1.751,-0.38,52,0,109.78,-4.22,10,0.10,3.78,3.82,3.80,3.82,3.81,3.79,3.82,3.80,30.27,37.5,-30,-30,86.9,-33,-777,538,75,0,1000,0,-1024,1,-1,-1,1,-1,-1,-1,-1,-1,-1,0,0,
2026-04-14,15:49:58.960,7.62,98,100,100,-0.064,172.75,48,0,8.14,-0.512,2.030,-1.13,50,0,111.97,-5.19,10,0.10,3.77,3.81,3.80,3.82,3.81,3.79,3.82,3.80,30.27,37.5,-30,-30,85.4,0,-750,538,276,0,1001,0,-1024,1,-1,-1,1,-1,-1,-1,-1,-1,-1,0,0,
2026-04-14,15:49:59.220,7.62,97,100,100,-0.036,172.07,48,0,8.14,-0.491,1.896,-1.81,52,0,125.51,-5.78,10,0.10,3.77,3.81,3.80,3.82,3.81,3.79,3.82,3.80,30.25,36.9,-30,-30,90.9,0,-751,540,154,0,1000,0,-1024,1,-1,-1,1,-1,-1,-1,-1,-1,-1,0,0,
2026-04-14,15:49:59.490,7.62,94,100,100,0.028,170.51,47,0,8.13,-0.447,1.898,-2.20,48,0,137.49,-5.10,10,0.10,3.77,3.81,3.79,3.81,3.81,3.79,3.82,3.80,30.25,36.9,-30,-30,90.4,0,-764,571,79,0,1001,0,-1024,1,-1,-1,1,-1,-1,-1,-1,-1,-1,0,0,
2026-04-14,15:49:59.750,7.62,95,100,100,0.065,169.76,46,0,8.15,-0.569,1.997,-2.66,50,0,137.49,-5.10,10,0.10,3.77,3.81,3.79,3.81,3.81,3.78,3.82,3.80,30.25,37.4,-30,-30,86.5,0,-680,575,43,0,1001,0,-1024,1,-1,-1,1,-1,-1,-1,-1,-1,-1,0,0,
2026-04-14,15:50:00.020,7.62,95,100,100,0.041,169.13,46,0,8.16,-0.503,1.810,-2.43,54,0,127.11,-9.56,10,0.10,3.77,3.81,3.79,3.81,3.81,3.78,3.82,3.80,30.25,37.4,-30,-30,85.2,0,-635,573,237,0,1000,0,-1024,1,-1,-1,1,-1,-1,-1,-1,-1,-1,0,0,
2026-04-14,15:50:00.280,7.62,99,100,100,-0.010,168.51,46,0,8.17,-0.385,1.433,-2.24,59,0,127.91,-11.49,10,0.10,3.76,3.81,3.79,3.81,3.81,3.78,3.82,3.80,30.20,39.6,-30,-30,85.2,37,-539,572,261,0,1001,0,-1024,1,-1,-1,1,-1,-1,-1,-1,-1,-1,0,0,
2026-04-14,15:50:00.550,7.62,99,100,100,0.021,167.83,47,0,8.15,-0.512,1.648,-2.31,61,0,131.92,-13.56,10,0.10,3.76,3.81,3.78,3.79,3.81,3.78,3.82,3.80,30.20,39.6,-30,-30,82.8,138,-417,574,433,0,1000,0,-1024,1,-1,-1,1,-1,-1,-1,-1,-1,-1,0,0,
2026-04-14,15:50:00.810,7.62,98,100,100,0.015,167.34,47,0,8.15,-0.360,1.265,-2.00,61,0,133.31,-11.62,10,0.10,3.76,3.81,3.78,3.79,3.80,3.77,3.82,3.80,30.16,39.6,-30,-30,85.0,223,-209,577,600,0,1000,0,-1024,1,-1,-1,1,-1,-1,-1,-1,-1,-1,0,0,
2026-04-14,15:50:01.080,7.62,97,100,100,0.059,166.74,48,0,8.16,-0.246,0.928,-1.95,59,0,139.15,-8.98,10,0.10,3.76,3.81,3.78,3.79,3.80,3.77,3.81,3.79,30.16,40.0,-30,-30,86.3,285,-240,580,450,0,1000,0,-1024,1,-1,-1,1,-1,-1,-1,-1,-1,-1,0,1,
2026-04-14,15:50:01.340,7.62,94,100,100,0.019,165.87,48,0,8.15,-0.236,1.017,-2.51,59,0,153.04,-7.39,10,0.10,3.75,3.80,3.78,3.79,3.80,3.77,3.81,3.79,30.13,40.0,-30,-30,93.3,284,-398,581,455,0,1000,0,-1024,1,-1,-1,1,-1,-1,-1,-1,-1,-1,0,1,
2026-04-14,15:50:01.600,7.62,94,100,100,0.017,164.87,46,0,8.16,-0.373,1.412,-3.10,58,0,164.64,-13.82,10,0.10,3.75,3.80,3.78,3.79,3.80,3.77,3.81,3.79,30.11,39.3,-30,-30,90.2,288,-391,579,551,0,1001,0,-1024,1,-1,-1,1,-1,-1,-1,-1,-1,-1,0,1,
2026-04-14,15:50:01.860,7.62,94,100,100,0.038,164.08,47,0,8.17,-0.434,1.619,-2.93,56,0,170.51,-16.76,10,0.10,3.75,3.80,3.78,3.78,3.80,3.77,3.81,3.79,30.11,39.3,-30,-30,89.1,335,-272,580,647,0,1000,0,-1024,1,-1,-1,1,-1,-1,-1,-1,-1,-1,0,1,
2026-04-14,15:50:02.120,7.63,97,99,99,0.031,163.39,50,0,8.17,-0.295,1.598,-2.68,52,0,-170.10,-16.59,10,0.10,3.75,3.80,3.78,3.78,3.80,3.76,3.81,3.79,30.11,38.5,-30,-30,102.4,347,-291,581,534,0,1001,0,-1024,1,-1,-1,1,-1,-1,-1,-1,-1,-1,0,1,
2026-04-14,15:50:02.390,7.62,100,100,99,-0.042,162.62,52,0,8.17,-0.184,1.589,-2.50,54,0,-159.80,-15.14,10,0.10,3.75,3.80,3.78,3.78,3.80,3.76,3.80,3.78,30.11,38.5,-30,-30,102.4,341,-397,580,302,0,1001,0,-1024,1,-1,-1,1,-1,-1,-1,-1,-1,-1,0,1,
2026-04-14,15:50:02.650,7.62,100,100,99,0.017,161.26,56,0,8.17,-0.481,2.114,-2.31,60,0,-138.38,-15.85,10,0.10,3.76,3.80,3.78,3.78,3.80,3.76,3.80,3.78,30.11,35.3,-30,-30,107.8,329,-422,579,293,0,1000,0,-1024,1,-1,-1,1,-1,-1,-1,-1,-1,-1,0,1,
2026-04-14,15:50:02.920,7.63,100,100,99,-0.075,161.32,57,0,8.17,-0.330,1.755,-0.81,62,0,-121.00,-10.21,10,0.10,3.76,3.80,3.78,3.79,3.80,3.76,3.80,3.78,30.11,35.3,-30,-30,102.8,331,-426,579,302,0,1000,0,-1024,1,-1,-1,1,-1,-1,-1,-1,-1,-1,0,1,
2026-04-14,15:50:03.190,7.63,100,100,99,-0.085,161.83,58,0,8.12,-0.317,1.416,0.59,63,0,-109.20,-7.33,10,0.10,3.76,3.80,3.78,3.79,3.80,3.77,3.80,3.78,30.10,35.9,-30,-30,96.7,130,-552,575,0,0,1001,0,-1024,1,-1,-1,1,-1,-1,-1,-1,-1,-1,0,1,
2026-04-14,15:50:03.460,7.63,100,100,99,0.077,162.53,58,0,8.07,-0.519,1.769,1.77,64,0,-95.00,-0.94,10,0.10,3.76,3.80,3.78,3.79,3.80,3.77,3.81,3.79,30.10,35.9,-30,-30,90.9,-68,-612,558,-165,0,1001,0,-1024,1,-1,-1,1,-1,-1,-1,-1,-1,-1,0,1,
2026-04-14,15:50:03.730,7.62,100,100,98,0.115,163.48,60,0,8.08,-0.359,1.436,2.65,62,0,-97.39,0.80,10,0.10,3.75,3.80,3.78,3.79,3.80,3.77,3.81,3.79,30.09,38.2,-30,-30,87.2,-199,-580,595,-364,0,1001,0,-1024,1,-1,-1,1,-1,-1,-1,-1,-1,-1,0,1,
2026-04-14,15:50:04.010,7.63,99,99,98,0.083,164.15,60,0,8.13,-0.409,1.664,2.76,61,0,-117.16,2.33,10,0.10,3.75,3.80,3.78,3.79,3.80,3.77,3.81,3.79,30.09,38.2,-30,-30,89.5,-105,-676,596,0,0,1000,0,-1024,1,-1,-1,1,-1,-1,-1,-1,-1,-1,0,1,
2026-04-14,15:50:04.270,7.62,99,99,98,0.026,164.49,58,0,8.11,-0.545,1.916,1.71,69,0,-118.03,1.01,10,0.10,3.75,3.80,3.78,3.78,3.80,3.77,3.81,3.79,30.06,40.5,-30,-30,89.6,0,-621,592,87,0,1001,0,-1024,1,-1,-1,1,-1,-1,-1,-1,-1,-1,0,1,
2026-04-14,15:50:04.540,7.63,99,99,98,0.049,164.74,57,0,8.11,-0.510,1.719,1.22,67,0,-116.07,0.21,10,0.10,3.75,3.80,3.78,3.78,3.79,3.76,3.81,3.79,30.06,41.0,-30,-30,84.3,0,-717,627,0,0,1001,0,-1024,1,-1,-1,1,-1,-1,-1,-1,-1,-1,0,1,
2026-04-14,15:50:04.800,7.63,100,100,98,0.152,165.04,57,0,8.11,-0.516,1.816,1.06,60,0,-115.28,-2.38,10,0.10,3.75,3.80,3.78,3.78,3.79,3.76,3.79,3.78,30.00,41.0,-30,-30,85.0,1,-760,640,0,0,1000,0,-1024,1,-1,-1,1,-1,-1,-1,-1,-1,-1,0,1,
2026-04-14,15:50:05.070,7.63,100,100,98,0.134,165.56,50,0,8.07,-0.552,1.384,1.45,52,0,-136.57,-5.61,10,0.10,3.75,3.80,3.78,3.78,3.79,3.76,3.79,3.78,30.00,44.5,-30,-30,85.0,126,-642,642,140,0,1001,0,-1024,1,-1,-1,1,-1,-1,-1,-1,-1,-1,0,1,
2026-04-14,15:50:05.340,7.63,99,99,98,0.069,167.27,49,0,8.16,-0.395,1.363,2.72,46,0,-142.49,-4.49,10,0.10,3.75,3.80,3.76,3.77,3.79,3.76,3.79,3.78,29.94,44.5,-30,-30,84.6,149,-435,642,397,0,1000,0,-1024,1,-1,-1,1,-1,-1,-1,-1,-1,-1,0,1,
2026-04-14,15:50:05.600,7.63,93,98,98,0.033,167.81,44,0,8.16,-0.464,1.493,2.02,50,0,-135.68,-3.26,10,0.10,3.75,3.80,3.76,3.77,3.77,3.75,3.79,3.78,29.90,44.9,-30,-30,81.7,153,-495,673,388,0,1000,0,-1024,1,-1,-1,1,-1,-1,-1,-1,-1,-1,0,1,
2026-04-14,15:50:05.860,7.63,92,98,98,0.047,168.78,44,0,8.17,-0.433,1.338,2.67,57,0,-129.11,-2.34,10,0.10,3.75,3.80,3.76,3.77,3.77,3.75,3.77,3.76,29.90,44.9,-30,-30,82.8,146,-498,699,345,0,1000,0,-1024,1,-1,-1,1,-1,-1,-1,-1,-1,-1,0,1,
2026-04-14,15:50:06.130,7.63,92,99,99,0.099,169.75,44,0,8.17,-0.503,1.369,3.16,61,0,-120.21,-1.48,10,0.10,3.72,3.76,3.76,3.77,3.77,3.75,3.77,3.76,29.81,49.3,-30,-30,80.7,145,-609,713,42,0,1001,0,-1024,1,-1,-1,1,-1,-1,-1,-1,-1,-1,0,1,
2026-04-14,15:50:06.400,7.63,99,99,99,0.072,171.01,47,0,8.17,-0.478,1.566,3.77,65,0,-119.33,-1.57,10,0.10,3.72,3.76,3.76,3.77,3.77,3.75,3.77,3.76,29.81,49.3,-30,-30,84.6,78,-548,708,74,0,1000,0,-1024,1,-1,-1,1,-1,-1,-1,-1,-1,-1,0,1,
2026-04-14,15:50:06.660,7.63,99,99,99,0.077,172.20,49,0,8.17,-0.524,1.704,4.09,68,0,-118.94,-2.82,10,0.10,3.72,3.76,3.74,3.75,3.77,3.75,3.77,3.76,29.75,49.9,-30,-30,85.0,0,-545,705,72,0,1000,0,-1024,1,-1,-1,1,-1,-1,-1,-1,-1,-1,0,1,
2026-04-14,15:50:06.920,7.63,99,99,99,0.095,173.38,49,0,8.17,-0.469,1.527,4.13,71,0,-116.03,-2.45,10,0.10,3.72,3.76,3.74,3.75,3.76,3.72,3.77,3.76,29.75,49.9,-30,-30,85.0,0,-508,704,0,0,1000,0,-1024,1,-1,-1,1,-1,-1,-1,-1,-1,-1,0,1,
2026-04-14,15:50:07.190,7.63,98,99,99,0.124,174.57,47,0,8.17,-0.489,1.502,4.17,69,0,-117.53,-2.83,10,0.10,3.72,3.76,3.74,3.75,3.76,3.72,3.76,3.74,29.70,49.6,-30,-30,83.2,-39,-447,703,-50,0,1001,0,-1024,1,-1,-1,1,-1,-1,-1,-1,-1,-1,0,1,
2026-04-14,15:50:07.450,7.62,97,99,99,0.136,175.79,45,0,8.19,-0.458,1.277,4.17,67,0,-127.61,-3.87,10,0.10,3.70,3.75,3.74,3.75,3.76,3.72,3.76,3.74,29.70,49.6,-30,-30,83.2,-69,-359,697,-294,0,1000,0,-1024,1,-1,-1,1,-1,-1,-1,-1,-1,-1,0,1,
2026-04-14,15:50:07.710,7.63,97,100,100,0.140,177.16,43,0,8.18,-0.295,1.264,4.50,65,0,-133.71,-3.80,10,0.07,3.70,3.75,3.72,3.73,3.76,3.72,3.76,3.74,29.65,49.7,-30,-30,78.9,-83,-382,696,-67,0,1001,0,-1024,1,-1,-1,1,-1,-1,-1,-1,-1,-1,0,1,
2026-04-14,15:50:07.980,7.62,95,100,100,0.088,178.70,42,0,8.17,-0.411,1.390,2.79,65,0,-146.41,-6.27,10,0.08,3.70,3.75,3.72,3.73,3.75,3.71,3.76,3.74,29.65,49.7,-30,-30,83.5,-43,-386,696,-36,0,1001,0,-1024,1,-1,-1,1,-1,-1,-1,-1,-1,-1,0,1,
2026-04-14,15:50:08.250,7.63,83,100,100,0.059,179.39,40,0,8.15,-0.423,1.602,2.41,64,0,-146.41,-6.27,10,0.08,3.70,3.75,3.72,3.73,3.75,3.71,3.76,3.74,29.61,48.8,-30,-30,85.0,0,-430,686,-39,0,1000,0,-1024,1,-1,-1,1,-1,-1,-1,-1,-1,-1,0,1,
2026-04-14,15:50:08.510,7.62,72,100,100,0.075,180.07,39,0,8.18,-0.334,1.091,2.50,64,0,-144.76,-10.70,10,0.09,3.70,3.75,3.72,3.73,3.75,3.71,3.75,3.73,29.61,48.8,-30,-30,85.6,0,-353,685,0,0,1000,0,-1024,1,-1,-1,1,-1,-1,-1,-1,-1,-1,0,1,
2026-04-14,15:50:08.770,7.63,67,100,100,0.097,180.79,39,0,8.17,-0.458,1.458,2.39,64,0,-145.47,-17.56,10,0.09,3.69,3.74,3.72,3.73,3.75,3.71,3.75,3.73,29.59,47.9,-30,-30,85.0,0,-332,685,0,0,1000,0,-1024,1,-1,-1,1,-1,-1,-1,-1,-1,-1,0,1,
2026-04-14,15:50:09.040,7.63,77,100,100,0.125,181.59,39,0,8.19,-0.459,1.386,2.63,63,0,-146.76,-18.24,10,0.09,3.69,3.74,3.72,3.73,3.75,3.71,3.75,3.73,29.59,48.0,-30,-30,85.2,0,-164,683,0,0,1001,0,-1024,1,-1,-1,1,-1,-1,-1,-1,-1,-1,0,1,
2026-04-14,15:50:09.300,7.63,86,100,100,0.135,182.71,40,0,8.18,-0.480,1.439,3.19,63,0,-149.44,-16.96,10,0.10,3.69,3.74,3.72,3.73,3.74,3.71,3.75,3.73,29.58,48.0,-30,-30,85.2,0,-143,683,0,0,1000,0,-1024,1,-1,-1,1,-1,-1,-1,-1,-1,-1,0,1,
2026-04-14,15:50:09.570,7.63,93,100,100,0.222,184.29,42,0,8.17,-0.277,0.750,4.52,60,0,-161.02,-11.63,10,0.10,3.69,3.74,3.72,3.73,3.74,3.71,3.75,3.73,29.58,48.0,-30,-30,90.4,27,-229,683,178,0,1000,0,-1024,1,-1,-1,1,-1,-1,-1,-1,-1,-1,0,1,
2026-04-14,15:50:09.840,7.62,97,100,100,0.189,185.60,44,0,8.17,-0.294,0.887,4.78,56,0,-163.65,-11.17,10,0.10,3.69,3.74,3.72,3.73,3.74,3.71,3.75,3.73,29.56,46.5,-30,-30,85.4,105,-357,683,403,0,1000,0,-1024,1,-1,-1,1,-1,-1,-1,-1,-1,-1,0,1,
2026-04-14,15:50:10.100,7.63,99,100,100,0.172,186.54,46,0,8.17,-0.338,1.049,3.96,57,0,-167.28,-12.79,10,0.10,3.69,3.74,3.72,3.73,3.74,3.71,3.75,3.73,29.55,48.0,-30,-30,79.6,115,-334,683,390,0,1001,0,-1024,1,-1,-1,1,-1,-1,-1,-1,-1,-1,0,1,
2026-04-14,15:50:10.370,7.63,99,100,100,0.172,187.23,47,0,8.20,-0.364,0.952,3.96,57,0,-168.21,-13.67,10,0.10,3.69,3.74,3.72,3.73,3.74,3.71,3.75,3.73,29.55,48.0,-30,-30,86.3,112,-366,684,384,0,1001,0,-1024,1,-1,-1,1,-1,-1,-1,-1,-1,-1,0,1,
2026-04-14,15:50:10.630,7.63,100,100,100,0.098,187.39,49,0,8.14,-0.373,1.345,1.63,56,0,-156.83,-17.44,10,0.10,3.69,3.74,3.72,3.73,3.74,3.71,3.74,3.73,29.54,47.4,-30,-30,85.2,91,-470,681,155,0,1000,0,-1024,1,-1,-1,1,-1,-1,-1,-1,-1,-1,0,1,
2026-04-14,15:50:10.890,7.62,99,100,100,-0.003,187.81,49,0,8.21,-0.347,1.133,1.33,58,0,-150.65,-23.22,10,0.10,3.69,3.74,3.72,3.73,3.74,3.71,3.74,3.73,29.54,47.4,-30,-30,90.4,110,-423,605,297,0,1000,0,-1024,1,-1,-1,1,-1,-1,-1,-1,-1,-1,0,1,
2026-04-14,15:50:11.160,7.63,99,100,100,0.005,189.19,50,0,8.19,-0.393,1.535,1.66,60,0,-141.30,-26.05,10,0.10,3.68,3.74,3.72,3.73,3.74,3.71,3.74,3.73,29.58,42.1,-30,-30,90.4,115,-389,598,104,0,1000,0,-1024,1,-1,-1,1,-1,-1,-1,-1,-1,-1,0,1,
2026-04-14,15:50:11.420,7.62,99,100,100,0.111,190.10,51,0,8.18,-0.371,1.359,2.87,60,0,-133.34,-28.46,10,0.10,3.68,3.74,3.72,3.73,3.74,3.71,3.74,3.73,29.58,42.1,-30,-30,84.8,48,-361,596,0,0,1000,0,-1024,1,-1,-1,1,-1,-1,-1,-1,-1,-1,0,1,
2026-04-14,15:50:11.690,7.62,98,100,100,0.105,191.00,46,0,8.17,-0.312,1.161,3.06,56,0,-136.46,-28.80,10,0.10,3.68,3.74,3.72,3.73,3.75,3.71,3.74,3.73,29.60,40.3,-30,-30,84.8,0,-353,594,0,0,1000,0,-1024,1,-1,-1,1,-1,-1,-1,-1,-1,-1,0,1,
2026-04-14,15:50:11.950,7.63,88,99,99,0.096,191.97,42,0,8.17,-0.336,1.278,3.23,48,0,-140.51,-29.57,10,0.10,3.68,3.74,3.72,3.73,3.75,3.71,3.75,3.74,29.60,40.3,-30,-30,85.9,4,-439,594,8,0,1001,0,-1024,1,-1,-1,1,-1,-1,-1,-1,-1,-1,0,1,
2026-04-14,15:50:12.220,7.62,82,98,98,0.096,192.68,41,0,8.17,-0.436,1.470,2.79,47,0,-140.23,-31.53,10,0.10,3.70,3.75,3.72,3.73,3.75,3.71,3.75,3.74,29.63,39.9,-30,-30,85.9,0,-438,594,26,0,1001,0,-1024,1,-1,-1,1,-1,-1,-1,-1,-1,-1,0,1,
2026-04-14,15:50:12.480,7.63,84,98,98,0.103,193.53,43,0,8.17,-0.374,1.217,2.92,48,0,-142.59,-32.74,10,0.10,3.70,3.75,3.73,3.74,3.75,3.71,3.75,3.74,29.63,39.9,-30,-30,78.7,7,-419,594,196,0,1000,0,-1024,1,-1,-1,1,-1,-1,-1,-1,-1,-1,0,1,
2026-04-14,15:50:12.740,7.62,93,98,98,0.088,194.30,44,0,8.17,-0.359,1.167,2.74,49,0,-142.89,-34.05,10,0.10,3.70,3.75,3.73,3.74,3.76,3.72,3.75,3.74,29.63,40.6,-30,-30,80.7,54,-401,594,262,0,1001,0,-1024,1,-1,-1,1,-1,-1,-1,-1,-1,-1,0,1,
2026-04-14,15:50:13.010,7.63,98,99,98,0.102,195.02,48,0,8.15,-0.371,1.228,2.61,51,0,-140.48,-35.24,10,0.10,3.70,3.75,3.73,3.74,3.76,3.72,3.75,3.74,29.63,40.6,-30,-30,79.6,86,-447,594,293,0,1000,0,-1024,1,-1,-1,1,-1,-1,-1,-1,-1,-1,0,1,
2026-04-14,15:50:13.270,7.63,100,100,98,0.092,195.84,50,0,8.16,-0.405,1.291,2.71,54,0,-139.37,-36.34,10,0.10,3.70,3.75,3.73,3.74,3.76,3.72,3.76,3.74,29.63,41.1,-30,-30,80.2,88,-448,594,319,0,1001,0,-1024,1,-1,-1,1,-1,-1,-1,-1,-1,-1,0,1,
2026-04-14,15:50:13.530,7.63,100,100,98,0.103,196.40,50,0,8.17,-0.416,1.333,2.34,57,0,-136.24,-36.70,10,0.10,3.70,3.75,3.73,3.74,3.76,3.72,3.76,3.74,29.63,41.1,-30,-30,77.4,138,-387,594,439,0,1001,0,-1024,1,-1,-1,1,-1,-1,-1,-1,-1,-1,0,1,
2026-04-14,15:50:13.800,7.63,98,98,98,0.076,197.08,50,0,8.17,-0.333,0.937,2.22,60,0,-136.87,-34.78,10,0.10,3.70,3.75,3.73,3.73,3.76,3.72,3.76,3.74,29.63,41.3,-30,-30,77.4,149,-363,594,447,0,1000,0,-1024,1,-1,-1,1,-1,-1,-1,-1,-1,-1,0,1,
2026-04-14,15:50:14.060,7.63,98,98,98,0.078,198.01,51,0,8.17,-0.300,0.710,2.82,62,0,-140.70,-32.06,10,0.10,3.70,3.75,3.73,3.73,3.75,3.72,3.76,3.74,29.63,42.0,-30,-30,72.2,163,-338,594,600,0,1001,0,-1024,1,-1,-1,1,-1,-1,-1,-1,-1,-1,0,1,
2026-04-14,15:50:14.330,7.62,98,98,98,0.078,199.53,53,0,8.20,-0.369,0.979,2.56,64,0,-134.84,-32.25,10,0.10,3.70,3.75,3.73,3.73,3.75,3.72,3.75,3.74,29.63,42.0,-30,-30,72.2,211,-356,594,552,0,1001,0,-1024,1,-1,-1,1,-1,-1,-1,-1,-1,-1,0,1,
2026-04-14,15:50:14.600,7.62,99,99,98,0.136,200.33,53,0,8.19,-0.395,1.014,2.73,65,0,-129.68,-31.02,10,0.10,3.70,3.74,3.73,3.73,3.75,3.72,3.75,3.74,29.62,42.0,-30,-30,71.9,191,-442,593,308,0,1000,0,-1024,1,-1,-1,1,-1,-1,-1,-1,-1,-1,0,1,
2026-04-14,15:50:14.860,7.63,99,99,98,0.119,200.89,51,0,8.21,-0.355,0.951,2.29,65,0,-133.15,-29.92,10,0.10,3.70,3.74,3.72,3.73,3.75,3.72,3.75,3.74,29.62,42.0,-30,-30,70.7,234,-329,594,367,0,1000,0,-1024,1,-1,-1,1,-1,-1,-1,-1,-1,-1,0,1,
2026-04-14,15:50:15.120,7.62,99,99,98,0.117,201.29,50,0,8.24,-0.365,0.966,1.83,66,0,-143.24,-26.46,10,0.10,3.70,3.74,3.72,3.73,3.74,3.71,3.75,3.74,29.60,42.1,-30,-30,71.7,246,-303,594,478,0,1000,0,-1024,1,-1,-1,1,-1,-1,-1,-1,-1,-1,0,1,
2026-04-14,15:50:15.380,7.62,99,99,98,0.096,201.39,50,0,8.22,-0.360,1.015,1.01,66,0,-145.60,-21.80,10,0.10,3.70,3.74,3.72,3.73,3.74,3.71,3.75,3.74,29.60,42.1,-30,-30,74.3,267,-289,574,478,0,1000,0,-1024,1,-1,-1,1,-1,-1,-1,-1,-1,-1,0,1,
2026-04-14,15:50:15.640,7.62,99,99,98,0.112,201.28,47,0,8.20,-0.325,0.908,0.12,64,0,-145.63,-19.65,10,0.10,3.70,3.74,3.72,3.73,3.74,3.71,3.75,3.73,29.62,40.2,-30,-30,75.6,298,-281,514,531,0,1000,0,-1024,1,-1,-1,1,-1,-1,-1,-1,-1,-1,0,1,
2026-04-14,15:50:15.900,7.62,87,99,99,0.070,201.28,43,0,8.18,-0.272,0.998,-0.04,63,0,-139.90,-16.04,10,0.10,3.69,3.74,3.72,3.73,3.74,3.71,3.75,3.73,29.62,40.2,-30,-30,78.3,273,-410,510,352,0,1000,0,-1024,1,-1,-1,1,-1,-1,-1,-1,-1,-1,0,1,
2026-04-14,15:50:16.160,7.62,83,100,100,0.065,200.91,41,0,8.17,-0.270,1.141,-0.58,56,0,-138.99,-15.36,10,0.10,3.69,3.74,3.73,3.73,3.74,3.71,3.75,3.73,29.67,34.8,-30,-30,78.3,236,-485,509,258,0,1000,0,-1024,1,-1,-1,1,-1,-1,-1,-1,-1,-1,0,1,
2026-04-14,15:50:16.420,7.62,82,99,99,0.036,200.30,41,0,8.15,-0.387,1.686,-1.42,49,0,-131.29,-13.87,10,0.10,3.69,3.74,3.73,3.73,3.75,3.72,3.75,3.73,29.67,34.8,-30,-30,85.4,208,-567,501,168,0,1000,0,-1024,1,-1,-1,1,-1,-1,-1,-1,-1,-1,0,1,
2026-04-14,15:50:16.680,7.63,92,98,98,0.046,199.55,45,0,8.12,-0.351,1.498,-2.25,48,0,-127.53,-12.48,10,0.10,3.69,3.74,3.73,3.73,3.75,3.72,3.76,3.75,29.71,33.3,-30,-30,86.5,28,-652,498,-100,0,1000,0,-1024,1,-1,-1,1,-1,-1,-1,-1,-1,-1,0,1,
2026-04-14,15:50:16.950,7.62,96,97,97,0.010,198.92,47,0,8.12,-0.355,1.609,-2.19,49,0,-113.94,-9.32,10,0.10,3.71,3.76,3.73,3.73,3.75,3.72,3.76,3.75,29.71,33.3,-30,-30,87.4,-116,-543,495,-464,0,1000,0,-1024,1,-1,-1,1,-1,-1,-1,-1,-1,-1,0,1,
2026-04-14,15:50:17.220,7.63,97,97,96,0.101,197.23,47,0,8.17,-0.203,1.404,-2.86,55,0,-115.16,-10.16,10,0.10,3.71,3.76,3.74,3.75,3.75,3.72,3.76,3.75,29.77,32.7,-30,-30,91.3,-152,-483,496,-625,0,1001,0,-1024,1,-1,-1,1,-1,-1,-1,-1,-1,-1,0,1,
2026-04-14,15:50:17.490,7.63,95,96,96,0.067,195.90,46,0,8.17,-0.338,1.612,-3.95,58,0,-127.78,-12.13,10,0.10,3.71,3.76,3.74,3.75,3.75,3.72,3.76,3.75,29.77,32.7,-30,-30,90.0,-144,-478,496,-628,0,1000,0,-1024,1,-1,-1,1,-1,-1,-1,-1,-1,-1,0,1,
2026-04-14,15:50:17.760,7.63,96,96,96,-0.119,194.49,44,0,8.15,-0.283,1.474,-4.55,55,0,-135.75,-13.43,10,0.10,3.71,3.76,3.74,3.75,3.77,3.74,3.76,3.75,29.81,31.9,-30,-30,100.7,-191,-419,493,-702,0,1000,0,-1024,1,-1,-1,1,-1,-1,-1,-1,-1,-1,0,1,
2026-04-14,15:50:18.020,7.62,95,96,96,-0.034,193.17,44,0,8.17,-0.135,1.624,-4.56,57,0,-130.84,-13.56,10,0.10,3.71,3.76,3.74,3.75,3.77,3.74,3.77,3.76,29.81,31.9,-30,-30,100.7,-270,-152,473,-817,0,1001,0,-1024,1,-1,-1,1,-1,-1,-1,-1,-1,-1,0,1,
2026-04-14,15:50:18.280,7.63,95,96,96,0.078,191.68,46,0,8.17,-0.068,0.882,-4.91,56,0,-138.40,-15.60,10,0.10,3.73,3.77,3.74,3.75,3.77,3.74,3.77,3.76,29.86,29.6,-30,-30,100.7,-277,-236,476,-916,0,1001,0,-1024,1,-1,-1,1,-1,-1,-1,-1,-1,-1,0,1,
2026-04-14,15:50:18.540,7.62,94,96,96,0.015,190.17,47,0,8.11,-0.154,1.131,-5.15,56,0,131.58,-19.74,10,0.10,3.73,3.77,3.76,3.76,3.77,3.74,3.77,3.76,29.86,29.6,-30,-30,100.7,-224,-86,477,-222,0,1001,0,-1024,1,-1,-1,1,-1,-1,-1,-1,-1,-1,0,1,
2026-04-14,15:50:18.800,7.62,97,97,96,-0.060,188.96,47,0,8.06,-0.113,0.935,-4.69,50,0,156.43,-20.65,10,0.10,3.73,3.77,3.76,3.76,3.78,3.75,3.77,3.76,29.91,28.1,-30,-30,100.7,0,-230,479,-80,0,1001,0,-1024,1,-1,-1,1,-1,-1,-1,-1,-1,-1,0,1,
2026-04-14,15:50:19.060,7.62,93,95,95,-0.032,187.95,46,0,8.08,-0.261,1.515,-3.92,44,0,165.89,-19.34,10,0.10,3.73,3.77,3.76,3.76,3.78,3.75,3.77,3.76,29.91,28.1,-30,-30,101.1,-195,-643,476,-318,0,1000,0,-1024,1,-1,-1,1,-1,-1,-1,-1,-1,-1,0,1,
2026-04-14,15:50:19.330,7.63,88,95,95,-0.003,186.57,43,0,8.04,-0.218,1.609,-4.35,48,0,165.83,-22.87,10,0.10,3.73,3.77,3.76,3.76,3.78,3.75,3.78,3.77,29.95,28.7,-30,-30,100.6,-298,-745,473,-392,0,1000,0,-1024,1,-1,-1,1,-1,-1,-1,-1,-1,-1,0,1,
2026-04-14,15:50:19.590,7.63,88,95,95,0.022,185.35,43,0,8.08,-0.378,1.825,-4.42,51,0,157.77,-33.59,10,0.10,3.74,3.78,3.76,3.76,3.78,3.75,3.78,3.77,29.97,29.0,-30,-30,94.6,-312,-450,470,-583,0,1000,0,-1024,1,-1,-1,1,-1,-1,-1,-1,-1,-1,0,1,
2026-04-14,15:50:19.860,7.62,92,95,95,0.016,184.77,44,0,8.09,-0.210,1.549,-3.11,49,0,148.33,-34.23,10,0.10,3.74,3.78,3.76,3.77,3.78,3.75,3.78,3.77,29.97,29.0,-30,-30,94.1,-307,-760,469,-339,0,1000,0,-1024,1,-1,-1,1,-1,-1,-1,-1,-1,-1,0,1,
2026-04-14,15:50:20.140,7.63,93,94,94,0.019,183.89,43,0,8.10,-0.395,1.366,-1.65,42,0,128.60,-37.11,10,0.10,3.74,3.78,3.76,3.77,3.78,3.76,3.78,3.77,29.98,29.2,-30,-30,92.6,-296,-794,469,-188,0,1001,0,-1024,1,-1,-1,1,-1,-1,-1,-1,-1,-1,0,1,
2026-04-14,15:50:20.410,7.63,89,95,95,0.035,184.06,42,0,8.09,-0.510,2.120,-1.65,46,0,109.93,-38.88,10,0.10,3.74,3.78,3.76,3.77,3.78,3.76,3.79,3.77,29.98,29.2,-30,-30,92.6,-137,-765,475,0,0,1000,0,-1024,1,-1,-1,1,-1,-1,-1,-1,-1,-1,0,1,
2026-04-14,15:50:20.680,7.62,86,96,96,0.040,184.34,43,0,8.12,-0.547,2.057,0.48,46,0,102.68,-36.83,10,0.10,3.74,3.78,3.76,3.77,3.78,3.76,3.79,3.77,29.97,31.2,-30,-30,90.9,-31,-677,478,121,0,1001,0,-1024,1,-1,-1,1,-1,-1,-1,-1,-1,-1,0,1,
2026-04-14,15:50:20.950,7.62,85,97,97,-0.056,184.59,41,0,8.13,-0.340,1.815,0.83,47,0,94.36,-31.01,10,0.10,3.74,3.78,3.76,3.77,3.78,3.76,3.79,3.77,29.97,31.2,-30,-30,86.9,0,-616,480,388,0,1001,0,-1024,1,-1,-1,1,-1,-1,-1,-1,-1,-1,0,1,
2026-04-14,15:50:21.220,7.62,81,98,98,-0.022,184.52,39,0,8.13,-0.476,1.961,0.25,45,0,102.63,-26.85,10,0.10,3.74,3.78,3.76,3.77,3.78,3.75,3.79,3.77,29.98,30.3,-30,-30,98.0,29,-665,479,391,0,1000,0,-1024,1,-1,-1,1,-1,-1,-1,-1,-1,-1,0,1,
2026-04-14,15:50:21.490,7.63,74,98,98,0.007,184.44,36,0,8.13,-0.415,1.757,-0.11,47,0,107.62,-23.75,10,0.10,3.74,3.78,3.76,3.77,3.78,3.75,3.78,3.76,29.98,30.3,-30,-30,90.4,0,-623,478,0,0,1000,0,-1024,1,-1,-1,1,-1,-1,-1,-1,-1,-1,0,1,
2026-04-14,15:50:21.760,7.63,72,97,97,0.044,184.62,36,0,8.13,-0.400,1.639,0.22,47,0,104.10,-19.03,10,0.10,3.74,3.77,3.76,3.77,3.78,3.75,3.78,3.76,29.97,31.7,-30,-30,86.1,0,-647,477,0,0,1000,0,-1024,1,-1,-1,1,-1,-1,-1,-1,-1,-1,0,1,
2026-04-14,15:50:22.030,7.63,64,97,97,-0.001,184.99,34,0,8.15,-0.463,1.649,0.81,42,0,99.54,-17.61,10,0.10,3.74,3.77,3.76,3.77,3.78,3.75,3.78,3.76,29.97,31.7,-30,-30,87.8,0,-627,477,31,0,1001,0,-1024,1,-1,-1,1,-1,-1,-1,-1,-1,-1,0,1,
2026-04-14,15:50:22.290,7.63,67,97,97,-0.012,185.17,34,0,8.16,-0.425,1.634,0.88,40,0,100.66,-15.91,10,0.10,3.74,3.77,3.76,3.76,3.78,3.75,3.78,3.76,29.97,32.1,-30,-30,85.9,0,-596,477,0,0,1000,0,-1024,1,-1,-1,1,-1,-1,-1,-1,-1,-1,0,1,
2026-04-14,15:50:22.560,7.63,75,97,97,0.005,185.27,36,0,8.17,-0.403,1.472,0.52,42,0,108.64,-13.59,10,0.10,3.74,3.77,3.76,3.76,3.77,3.75,3.78,3.76,29.97,32.8,-30,-30,82.8,0,-425,477,0,0,1000,0,-1024,1,-1,-1,1,-1,-1,-1,-1,-1,-1,0,1,
2026-04-14,15:50:22.830,7.62,90,97,97,0.020,185.62,38,0,8.19,-0.391,1.406,0.47,46,0,109.15,-11.68,10,0.10,3.74,3.77,3.76,3.76,3.77,3.75,3.78,3.76,29.95,32.8,-30,-30,80.7,0,-356,476,-123,0,1000,0,-1024,1,-1,-1,1,-1,-1,-1,-1,-1,-1,0,1,
2026-04-14,15:50:23.090,7.63,97,98,98,0.002,185.62,39,0,8.20,-0.316,1.130,0.56,48,0,107.43,-7.90,10,0.10,3.73,3.77,3.76,3.76,3.77,3.75,3.78,3.76,29.95,32.8,-30,-30,80.7,-23,-285,474,-180,0,1000,0,-1024,1,-1,-1,1,-1,-1,-1,-1,-1,-1,0,1,
2026-04-14,15:50:23.350,7.63,98,98,98,-0.024,185.83,39,0,8.19,-0.296,1.072,0.38,50,0,106.16,-6.17,10,0.10,3.73,3.77,3.75,3.76,3.77,3.75,3.78,3.76,29.95,32.8,-30,-30,80.7,-17,-399,475,0,0,1000,0,-1024,1,-1,-1,1,-1,-1,-1,-1,-1,-1,0,1,
2026-04-14,15:50:23.610,7.63,99,99,98,-0.022,185.81,39,0,8.18,-0.335,1.258,0.16,51,0,111.51,-3.23,10,0.10,3.73,3.77,3.75,3.76,3.77,3.74,3.78,3.76,29.93,32.8,-30,-30,81.7,0,-396,475,0,0,1000,0,-1024,1,-1,-1,1,-1,-1,-1,-1,-1,-1,0,1,
2026-04-14,15:50:23.870,7.62,99,99,98,0.000,185.58,40,0,8.17,-0.362,1.265,-0.34,50,0,117.40,-0.46,10,0.10,3.73,3.77,3.75,3.76,3.77,3.74,3.77,3.76,29.93,32.8,-30,-30,82.0,0,-365,474,25,0,1000,0,-1024,1,-1,-1,1,-1,-1,-1,-1,-1,-1,0,1,
2026-04-14,15:50:24.140,7.63,100,100,99,0.009,185.20,43,0,8.21,-0.342,1.183,-0.98,48,0,119.36,1.27,10,0.10,3.73,3.77,3.75,3.76,3.77,3.74,3.77,3.76,29.92,33.0,-30,-30,79.3,181,-119,475,431,0,1001,0,-1024,1,-1,-1,1,-1,-1,-1,-1,-1,-1,0,1,
2026-04-14,15:50:24.400,7.63,100,100,99,-0.001,184.78,45,0,8.17,-0.263,1.148,-1.21,46,0,125.86,5.10,10,0.10,3.73,3.77,3.75,3.76,3.77,3.74,3.77,3.76,29.92,33.0,-30,-30,79.8,181,-153,476,423,0,1001,0,-1024,1,-1,-1,1,-1,-1,-1,-1,-1,-1,0,1,
2026-04-14,15:50:24.660,7.62,100,100,99,0.004,184.18,47,0,8.17,-0.287,0.998,-1.68,45,0,135.65,5.65,10,0.10,3.73,3.77,3.75,3.75,3.77,3.74,3.77,3.76,29.91,33.0,-30,-30,82.8,211,-123,477,555,0,1001,0,-1024,1,-1,-1,1,-1,-1,-1,-1,-1,-1,0,1,
2026-04-14,15:50:24.920,7.62,100,100,99,0.045,183.57,47,0,8.17,-0.270,0.982,-2.01,46,0,154.56,4.76,10,0.10,3.73,3.77,3.75,3.75,3.77,3.74,3.77,3.76,29.91,33.0,-30,-30,80.2,243,-165,478,565,0,1000,0,-1024,1,-1,-1,1,-1,-1,-1,-1,-1,-1,0,1,
2026-04-14,15:50:25.190,7.63,99,99,99,0.020,182.78,45,0,8.20,-0.354,1.310,-2.41,46,0,163.90,4.02,10,0.10,3.73,3.77,3.75,3.75,3.77,3.74,3.77,3.76,29.90,32.9,-30,-30,80.2,241,-149,476,573,0,1001,0,-1024,1,-1,-1,1,-1,-1,-1,-1,-1,-1,0,1,
2026-04-14,15:50:25.450,7.63,95,99,99,0.059,182.05,43,0,8.18,-0.235,0.992,-2.50,47,0,134.18,5.72,10,0.10,3.73,3.76,3.75,3.75,3.77,3.74,3.77,3.76,29.90,32.9,-30,-30,83.3,115,-224,475,0,0,1000,0,-1024,1,-1,-1,1,-1,-1,-1,-1,-1,-1,0,1,
2026-04-14,15:50:25.710,7.63,90,99,99,0.018,181.17,41,0,8.18,-0.249,0.974,-2.74,49,0,-177.10,3.51,10,0.10,3.73,3.76,3.75,3.75,3.77,3.74,3.77,3.76,29.90,32.0,-30,-30,83.3,0,-124,476,0,0,1001,0,-1024,1,-1,-1,1,-1,-1,-1,-1,-1,-1,0,1,
2026-04-14,15:50:25.970,7.63,85,100,100,0.010,180.23,41,0,8.19,-0.247,1.115,-3.12,50,0,-176.34,1.19,10,0.10,3.73,3.76,3.75,3.75,3.77,3.74,3.77,3.76,29.90,32.0,-30,-30,86.5,178,-43,480,49,0,1000,0,-1024,1,-1,-1,1,-1,-1,-1,-1,-1,-1,0,1,
2026-04-14,15:50:26.230,7.63,82,100,100,-0.016,178.33,41,0,8.18,-0.135,0.734,-3.33,47,0,-172.60,0.68,10,0.10,3.73,3.76,3.75,3.75,3.77,3.74,3.77,3.76,29.91,31.1,-30,-30,92.0,117,2,479,0,0,1000,0,-1024,1,-1,-1,1,-1,-1,-1,-1,-1,-1,0,1,
2026-04-14,15:50:26.490,7.63,82,100,100,0.036,177.42,41,0,8.18,-0.244,1.178,-3.40,50,0,-170.57,-0.10,10,0.10,3.73,3.76,3.75,3.75,3.77,3.74,3.77,3.76,29.91,31.1,-30,-30,90.6,44,-84,475,0,0,1001,0,-1024,1,-1,-1,1,-1,-1,-1,-1,-1,-1,0,1,
2026-04-14,15:50:26.750,7.63,83,100,100,-0.068,176.63,42,0,8.15,-0.194,1.059,-2.97,50,0,-166.29,1.14,10,0.10,3.73,3.77,3.75,3.75,3.77,3.74,3.77,3.76,29.93,30.2,-30,-30,95.0,0,-163,476,-203,0,1000,0,-1024,1,-1,-1,1,-1,-1,-1,-1,-1,-1,0,1,
2026-04-14,15:50:27.030,7.62,89,100,100,0.020,175.96,43,0,8.16,-0.209,1.019,-2.56,53,0,-158.35,0.47,10,0.10,3.73,3.77,3.75,3.76,3.77,3.74,3.77,3.76,29.93,30.2,-30,-30,90.4,-71,-197,475,-318,0,1001,0,-1024,1,-1,-1,1,-1,-1,-1,-1,-1,-1,0,1,
2026-04-14,15:50:27.300,7.62,94,100,100,0.042,175.21,45,0,8.17,-0.199,0.981,-2.57,54,0,-158.45,-0.71,10,0.10,3.73,3.77,3.75,3.76,3.77,3.75,3.77,3.76,29.93,30.0,-30,-30,91.3,-157,-89,474,-612,0,1001,0,-1024,1,-1,-1,1,-1,-1,-1,-1,-1,-1,0,1,
2026-04-14,15:50:27.560,7.62,99,100,100,0.030,174.38,44,0,8.17,-0.122,0.889,-2.76,54,0,-175.73,-4.83,10,0.10,3.73,3.77,3.75,3.76,3.77,3.75,3.78,3.76,29.93,28.9,-30,-30,91.3,-129,5,475,-509,0,1001,0,-1024,1,-1,-1,1,-1,-1,-1,-1,-1,-1,0,1,
2026-04-14,15:50:27.820,7.63,100,100,100,0.006,173.26,44,0,8.17,-0.165,0.942,-3.33,47,0,168.54,-5.94,10,0.10,3.73,3.77,3.75,3.76,3.77,3.75,3.78,3.76,29.94,28.9,-30,-30,98.7,-31,1,476,-14,0,1001,0,-1024,1,-1,-1,1,-1,-1,-1,-1,-1,-1,0,1,
2026-04-14,15:50:28.080,7.63,100,100,100,-0.011,172.43,44,0,8.17,-0.166,1.016,-3.23,48,0,174.82,-6.03,10,0.10,3.73,3.77,3.76,3.76,3.77,3.75,3.78,3.76,29.96,29.4,-30,-30,98.7,-51,-1,474,-120,0,1001,0,-1024,1,-1,-1,1,-1,-1,-1,-1,-1,-1,0,1,
2026-04-14,15:50:28.340,7.62,100,100,100,0.043,171.52,44,0,8.17,-0.116,1.173,-3.01,50,0,178.52,-5.67,10,0.10,3.73,3.77,3.76,3.76,3.77,3.75,3.78,3.76,29.96,29.4,-30,-30,104.3,-119,-108,473,-335,0,1000,0,-1024,1,-1,-1,1,-1,-1,-1,-1,-1,-1,0,1,
2026-04-14,15:50:28.600,7.62,99,100,100,0.024,170.36,44,0,8.15,-0.124,1.181,-3.01,51,0,174.65,-5.56,10,0.10,3.73,3.77,3.76,3.76,3.77,3.75,3.78,3.76,29.98,25.9,-30,-30,104.3,-131,-160,479,-456,0,1000,0,-1024,1,-1,-1,1,-1,-1,-1,-1,-1,-1,0,1,
2026-04-14,15:50:28.860,7.62,98,99,99,0.025,169.32,43,0,8.16,-0.180,1.181,-3.73,48,0,158.85,-7.22,10,0.10,3.73,3.77,3.76,3.76,3.77,3.75,3.78,3.76,29.98,25.9,-30,-30,100.2,-98,-85,501,-28,0,1000,0,-1024,1,-1,-1,1,-1,-1,-1,-1,-1,-1,0,1,
2026-04-14,15:50:29.120,7.62,97,99,99,0.006,168.43,43,0,8.17,-0.140,0.745,-3.39,48,0,153.81,-7.46,10,0.10,3.74,3.78,3.76,3.76,3.77,3.75,3.78,3.76,29.96,30.4,-30,-30,95.4,-26,-115,504,104,0,1000,0,-1024,1,-1,-1,1,-1,-1,-1,-1,-1,-1,0,1,
2026-04-14,15:50:29.390,7.62,98,99,99,-0.054,167.07,46,0,8.17,-0.194,1.123,-2.42,49,0,165.72,-7.99,10,0.10,3.74,3.78,3.76,3.77,3.77,3.75,3.78,3.76,29.96,30.4,-30,-30,95.4,0,-203,502,134,0,1000,0,-1024,1,-1,-1,1,-1,-1,-1,-1,-1,-1,0,1,
2026-04-14,15:50:29.650,7.63,99,100,99,-0.041,166.39,48,0,8.17,-0.204,1.295,-2.39,49,0,170.98,-8.67,10,0.10,3.74,3.78,3.76,3.77,3.77,3.75,3.78,3.76,29.97,30.0,-30,-30,98.9,0,-238,502,0,0,1001,0,-1024,1,-1,-1,1,-1,-1,-1,-1,-1,-1,0,1,
2026-04-14,15:50:29.920,7.63,100,100,99,-0.002,165.56,48,0,8.19,-0.230,1.462,-2.61,49,0,178.38,-11.45,10,0.10,3.74,3.78,3.76,3.77,3.77,3.75,3.78,3.76,29.97,30.0,-30,-30,102.2,0,-147,502,28,0,1001,0,-1024,1,-1,-1,1,-1,-1,-1,-1,-1,-1,0,1,
2026-04-14,15:50:30.180,7.63,100,100,99,0.058,164.59,48,0,8.18,-0.141,1.104,-3.16,51,0,177.52,-11.49,10,0.10,3.73,3.77,3.76,3.77,3.77,3.75,3.78,3.76,29.97,28.9,-30,-30,101.1,0,-123,503,85,0,1000,0,-1024,1,-1,-1,1,-1,-1,-1,-1,-1,-1,0,1,
2026-04-14,15:50:30.460,7.62,100,100,99,0.076,164.25,49,0,8.22,-0.074,0.715,-2.07,56,0,4.45,-11.36,10,0.10,3.73,3.77,3.75,3.76,3.77,3.75,3.78,3.76,29.97,28.9,-30,-30,100.7,3,81,503,2,0,1001,0,-1024,1,-1,-1,1,-1,-1,-1,-1,-1,-1,0,1,
2026-04-14,15:50:30.720,7.63,100,100,99,0.015,163.86,50,0,8.21,-0.145,0.968,-1.58,59,0,-179.28,-12.37,10,0.10,3.73,3.77,3.75,3.76,3.77,3.75,3.78,3.76,29.98,28.9,-30,-30,100.9,47,-27,503,57,0,1000,0,-1024,1,-1,-1,1,-1,-1,-1,-1,-1,-1,0,1,
2026-04-14,15:50:30.990,7.63,100,100,99,-0.030,163.57,50,0,8.20,-0.184,1.150,-1.25,64,0,-175.69,-10.84,10,0.10,3.73,3.77,3.75,3.76,3.77,3.75,3.78,3.76,29.98,28.9,-30,-30,102.0,15,-32,502,0,0,1001,0,-1024,1,-1,-1,1,-1,-1,-1,-1,-1,-1,0,1,
2026-04-14,15:50:31.260,7.63,100,100,99,0.027,163.28,51,0,8.21,-0.095,0.766,-1.18,65,0,-169.68,-10.18,10,0.10,3.73,3.77,3.75,3.76,3.77,3.75,3.78,3.76,29.98,30.0,-30,-30,103.9,17,0,503,0,0,1001,0,-1024,1,-1,-1,1,-1,-1,-1,-1,-1,-1,0,1,
2026-04-14,15:50:31.520,7.62,100,100,99,0.033,163.17,51,0,8.19,-0.168,0.859,-0.52,64,0,-167.20,-9.04,10,0.10,3.73,3.77,3.75,3.76,3.77,3.75,3.78,3.76,29.98,30.0,-30,-30,94.1,-47,11,498,-259,0,1000,0,-1024,1,-1,-1,1,-1,-1,-1,-1,-1,-1,0,1,
2026-04-14,15:50:31.790,7.63,100,100,99,-0.012,163.14,52,0,8.21,-0.137,0.734,-0.06,63,0,-167.84,-8.14,10,0.10,3.73,3.77,3.75,3.76,3.77,3.75,3.78,3.76,29.96,30.8,-30,-30,94.1,-53,13,491,-260,0,1000,0,-1024,1,-1,-1,1,-1,-1,-1,-1,-1,-1,0,1,
2026-04-14,15:50:32.050,7.62,100,100,99,0.029,162.93,52,0,8.20,-0.176,1.069,-0.31,66,0,-167.40,-6.11,10,0.10,3.73,3.77,3.75,3.76,3.77,3.75,3.78,3.76,29.96,29.6,-30,-30,97.0,-53,11,490,-256,0,1000,0,-1024,1,-1,-1,1,-1,-1,-1,-1,-1,-1,0,1,
2026-04-14,15:50:32.320,7.62,100,100,99,-0.019,162.59,53,0,8.20,-0.147,0.661,-0.91,71,0,-170.15,-5.34,10,0.10,3.73,3.77,3.75,3.76,3.77,3.75,3.77,3.76,29.96,29.6,-30,-30,92.8,-65,-13,490,-369,0,1000,0,-1024,1,-1,-1,1,-1,-1,-1,-1,-1,-1,0,1,
2026-04-14,15:50:32.590,7.63,100,100,99,-0.032,162.45,53,0,8.19,-0.123,0.850,-0.75,71,0,-171.93,-4.96,10,0.10,3.73,3.77,3.75,3.76,3.77,3.75,3.77,3.76,29.96,29.5,-30,-30,99.6,-68,-41,489,-336,0,1001,0,-1024,1,-1,-1,1,-1,-1,-1,-1,-1,-1,0,1,
2026-04-14,15:50:32.850,7.63,100,100,100,0.013,162.18,53,0,8.18,-0.145,1.062,-0.77,68,0,-174.11,-5.22,10,0.10,3.73,3.77,3.75,3.76,3.77,3.75,3.77,3.76,29.95,29.5,-30,-30,97.2,-65,-65,488,-312,0,1000,0,-1024,1,-1,-1,1,-1,-1,-1,-1,-1,-1,0,1,
2026-04-14,15:50:33.110,7.62,100,100,100,-0.004,161.93,55,0,8.17,-0.123,0.984,-0.78,67,0,-176.51,-5.58,10,0.10,3.73,3.77,3.75,3.76,3.77,3.75,3.77,3.76,29.97,29.0,-30,-30,101.7,-64,-100,487,-334,0,1001,0,-1024,1,-1,-1,1,-1,-1,-1,-1,-1,-1,0,1,
2026-04-14,15:50:33.370,7.62,100,100,100,0.050,161.47,58,0,8.17,-0.174,1.233,-1.29,60,0,174.52,-7.79,10,0.10,3.73,3.77,3.75,3.76,3.77,3.74,3.77,3.76,29.97,29.0,-30,-30,99.1,-59,-83,486,-328,0,1000,0,-1024,1,-1,-1,1,-1,-1,-1,-1,-1,-1,0,1,
2026-04-14,15:50:33.640,7.63,99,100,100,-0.009,160.99,61,0,8.17,-0.150,1.051,-1.51,61,0,171.91,-8.45,10,0.10,3.73,3.77,3.75,3.76,3.77,3.74,3.78,3.76,29.97,28.6,-30,-30,97.2,-25,-144,487,-282,0,1001,0,-1024,1,-1,-1,1,-1,-1,-1,1,-1,-1,1,1,
2026-04-14,15:50:33.900,7.62,99,100,100,0.050,160.74,62,0,8.17,-0.242,1.319,-1.15,57,0,167.45,-9.07,10,0.10,3.73,3.77,3.75,3.76,3.77,3.74,3.78,3.76,29.97,28.6,-30,-30,97.2,-48,-144,488,-129,0,1000,0,-1024,1,-1,-1,1,-1,-1,-1,-1,-1,-1,1,1,
2026-04-14,15:50:34.170,7.63,99,100,100,-0.018,160.62,64,0,8.17,-0.145,0.895,-0.81,59,0,165.96,-9.31,10,0.10,3.73,3.77,3.75,3.76,3.77,3.74,3.78,3.76,29.96,29.6,-30,-30,96.1,-56,-52,483,-198,0,1000,0,-1024,1,-1,-1,1,-1,-1,-1,-1,-1,-1,1,1,
2026-04-14,15:50:34.440,7.62,100,100,100,-0.015,160.08,63,0,8.17,-0.147,0.973,-0.64,65,0,167.08,-9.78,10,0.10,3.73,3.77,3.75,3.76,3.77,3.75,3.78,3.76,29.96,29.6,-30,-30,96.5,-102,-141,483,-386,0,1000,0,-1024,1,-1,-1,1,-1,-1,-1,-1,-1,-1,1,1,
2026-04-14,15:50:34.710,7.62,100,100,100,-0.062,159.99,61,0,8.15,-0.094,1.012,-0.66,65,0,166.62,-10.98,10,0.10,3.73,3.77,3.75,3.76,3.77,3.75,3.78,3.76,29.98,28.0,-30,-30,104.3,-127,-297,484,-367,0,1000,0,-1024,1,-1,-1,1,-1,-1,-1,-1,-1,-1,0,1,
2026-04-14,15:50:34.970,7.63,99,100,100,-0.062,159.83,60,0,8.16,-0.185,1.530,-0.55,59,0,164.50,-12.77,10,0.10,3.73,3.77,3.75,3.76,3.77,3.75,3.78,3.76,29.98,28.0,-30,-30,109.3,-111,-374,488,-151,0,1001,0,-1024,1,-1,-1,1,-1,-1,-1,-1,-1,-1,0,1,
2026-04-14,15:50:35.240,7.63,99,100,100,-0.004,159.93,61,0,8.17,-0.233,1.836,-0.14,70,0,160.07,-18.25,10,0.10,3.73,3.77,3.75,3.76,3.77,3.75,3.78,3.76,30.00,24.5,-30,-30,110.6,-111,-369,510,-196,0,1001,0,-1024,1,-1,-1,1,-1,-1,-1,-1,-1,-1,0,1,
2026-04-14,15:50:35.500,7.62,99,100,100,0.014,159.96,59,0,8.17,-0.266,1.752,0.03,74,0,157.73,-20.92,10,0.10,3.73,3.77,3.76,3.76,3.77,3.75,3.78,3.76,30.00,24.5,-30,-30,107.4,-112,-333,514,-241,0,1000,0,-1024,1,-1,-1,1,-1,-1,-1,-1,-1,-1,0,1,
2026-04-14,15:50:35.760,7.62,100,100,100,0.008,160.44,58,0,8.17,-0.265,1.663,0.90,73,0,150.16,-24.88,10,0.10,3.73,3.77,3.76,3.76,3.77,3.75,3.78,3.76,29.99,27.9,-30,-30,107.4,-114,-203,516,-373,0,1001,0,-1024,1,-1,-1,1,-1,-1,-1,-1,-1,-1,0,1,
2026-04-14,15:50:36.020,7.63,100,100,100,-0.059,161.39,56,0,8.18,-0.228,1.677,2.03,69,0,141.14,-25.60,10,0.10,3.73,3.77,3.76,3.76,3.77,3.75,3.78,3.76,29.99,27.9,-30,-30,109.8,-109,-244,517,-340,0,1001,0,-1024,1,-1,-1,1,-1,-1,-1,-1,-1,-1,0,1,
2026-04-14,15:50:36.280,7.62,99,100,100,-0.044,162.66,54,0,8.18,-0.147,1.229,3.66,60,0,139.78,-25.32,10,0.10,3.74,3.77,3.76,3.76,3.77,3.75,3.78,3.76,29.99,27.9,-30,-30,109.8,-87,-290,546,-231,0,1001,0,-1024,1,-1,-1,1,-1,-1,-1,-1,-1,-1,0,1,
2026-04-14,15:50:36.540,7.63,97,100,100,-0.007,164.01,53,0,8.17,-0.235,1.340,4.21,61,0,136.31,-27.45,10,0.10,3.74,3.77,3.75,3.76,3.77,3.75,3.78,3.76,29.99,27.9,-30,-30,102.6,-92,-273,555,-294,0,1000,0,-1024,1,-1,-1,1,-1,-1,-1,-1,-1,-1,0,1,
2026-04-14,15:50:36.800,7.62,97,100,100,-0.010,165.41,51,0,8.17,-0.299,1.517,4.61,62,0,134.10,-28.42,10,0.10,3.74,3.77,3.75,3.76,3.77,3.74,3.78,3.76,29.94,33.0,-30,-30,99.5,-92,-277,570,-269,0,1000,0,-1024,1,-1,-1,1,-1,-1,-1,-1,-1,-1,0,1,
2026-04-14,15:50:37.060,7.63,97,100,100,-0.033,166.94,56,0,8.17,-0.257,1.234,5.01,63,0,127.18,-27.37,10,0.10,3.74,3.77,3.75,3.76,3.77,3.74,3.77,3.75,29.94,36.3,-30,-30,97.2,-87,-339,570,-134,0,1000,0,-1024,1,-1,-1,1,-1,-1,-1,-1,-1,-1,0,1,
2026-04-14,15:50:37.330,7.63,100,100,100,0.000,168.36,58,0,8.17,-0.229,1.091,5.07,65,0,126.51,-27.33,10,0.10,3.74,3.77,3.75,3.76,3.77,3.74,3.77,3.75,29.89,36.3,-30,-30,94.6,-83,-328,568,-177,0,1000,0,-1024,1,-1,-1,1,-1,-1,-1,-1,-1,-1,0,1,
2026-04-14,15:50:37.590,7.62,100,100,100,0.029,169.83,56,0,8.17,-0.281,1.426,5.03,67,0,124.93,-27.51,10,0.10,3.72,3.76,3.75,3.76,3.77,3.74,3.77,3.75,29.89,36.2,-30,-30,96.1,-80,-342,568,-182,0,1000,0,-1024,1,-1,-1,1,-1,-1,-1,-1,-1,-1,0,1,
2026-04-14,15:50:37.850,7.62,98,100,100,-0.009,172.76,51,0,8.17,-0.328,1.331,4.99,68,0,117.32,-28.08,10,0.10,3.72,3.76,3.75,3.76,3.77,3.74,3.77,3.75,29.84,36.2,-30,-30,89.5,-78,-350,567,-181,0,1000,0,-1024,1,-1,-1,1,-1,-1,-1,-1,-1,-1,0,1,
2026-04-14,15:50:38.130,7.62,94,100,100,-0.040,174.27,45,0,8.17,-0.328,1.213,5.07,68,0,115.64,-28.03,10,0.10,3.72,3.76,3.75,3.76,3.75,3.72,3.77,3.75,29.78,37.4,-30,-30,85.6,-62,-438,568,0,0,1001,0,-1024,1,-1,-1,1,-1,-1,-1,-1,-1,-1,0,1,
2026-04-14,15:50:38.390,7.63,92,100,100,-0.002,175.69,45,0,8.17,-0.385,1.317,5.12,66,0,121.35,-26.66,10,0.10,3.72,3.76,3.75,3.76,3.75,3.72,3.75,3.74,29.78,37.4,-30,-30,85.6,-35,-435,570,-3,0,1000,0,-1024,1,-1,-1,1,-1,-1,-1,-1,-1,-1,0,1,
2026-04-14,15:50:38.650,7.63,93,100,100,0.010,176.71,45,0,8.17,-0.413,1.291,4.28,63,0,122.63,-25.18,10,0.10,3.70,3.74,3.75,3.76,3.75,3.72,3.75,3.74,29.72,39.1,-30,-30,82.4,-34,-394,572,-56,0,1000,0,-1024,1,-1,-1,1,-1,-1,-1,-1,-1,-1,0,1,
2026-04-14,15:50:38.910,7.62,97,100,100,0.029,177.70,46,0,8.17,-0.423,1.283,3.67,59,0,119.50,-22.27,10,0.10,3.70,3.74,3.72,3.73,3.75,3.72,3.75,3.74,29.72,39.1,-30,-30,79.3,-87,-384,569,-40,0,1000,0,-1024,1,-1,-1,1,-1,-1,-1,-1,-1,-1,0,1,
2026-04-14,15:50:39.180,7.63,97,100,100,0.016,178.55,47,0,8.17,-0.405,1.256,3.32,58,0,115.27,-18.30,10,0.10,3.70,3.74,3.72,3.73,3.73,3.71,3.75,3.74,29.67,39.9,-30,-30,77.4,-103,-426,569,0,0,1000,0,-1024,1,-1,-1,1,-1,-1,-1,-1,-1,-1,0,1,
2026-04-14,15:50:39.440,7.63,97,100,100,0.015,179.16,46,0,8.17,-0.386,1.204,2.65,57,0,114.34,-16.40,10,0.10,3.70,3.74,3.72,3.73,3.73,3.71,3.75,3.74,29.67,39.9,-30,-30,78.7,-39,-403,574,0,0,1001,0,-1024,1,-1,-1,1,-1,-1,-1,-1,-1,-1,0,1,
2026-04-14,15:50:39.700,7.63,92,100,100,-0.010,179.60,43,0,8.17,-0.391,1.307,2.01,53,0,113.79,-12.88,10,0.10,3.70,3.74,3.72,3.73,3.73,3.71,3.74,3.72,29.64,39.3,-30,-30,81.9,0,-452,575,226,0,1001,0,-1024,1,-1,-1,1,-1,-1,-1,-1,-1,-1,0,1,
2026-04-14,15:50:39.960,7.63,90,100,100,-0.008,179.86,42,0,8.17,-0.472,1.252,1.34,46,0,117.01,-11.28,10,0.10,3.69,3.73,3.72,3.73,3.73,3.71,3.74,3.72,29.64,39.3,-30,-30,82.8,0,-480,601,226,0,1000,0,-1024,1,-1,-1,1,-1,-1,-1,-1,-1,-1,0,1,
2026-04-14,15:50:40.220,7.62,90,98,98,0.024,179.90,44,0,8.17,-0.383,1.253,0.67,43,0,123.86,-9.15,10,0.10,3.69,3.73,3.71,3.72,3.73,3.71,3.74,3.72,29.59,41.4,-30,-30,81.1,0,-449,595,73,0,1000,0,-1024,1,-1,-1,1,-1,-1,-1,-1,-1,-1,0,1,
2026-04-14,15:50:40.490,7.62,96,98,98,0.051,179.85,47,0,8.17,-0.443,1.431,0.14,45,0,122.44,-8.00,10,0.10,3.69,3.73,3.71,3.72,3.72,3.70,3.74,3.72,29.59,41.4,-30,-30,81.1,0,-463,592,45,0,1000,0,-1024,1,-1,-1,1,-1,-1,-1,-1,-1,-1,0,1,
2026-04-14,15:50:40.750,7.62,95,98,98,0.030,179.66,48,0,8.17,-0.409,1.321,-0.28,46,0,120.54,-7.30,10,0.10,3.69,3.73,3.71,3.72,3.72,3.70,3.73,3.71,29.55,40.7,-30,-30,80.7,0,-442,478,171,0,1000,0,-1024,1,-1,-1,1,-1,-1,-1,-1,-1,-1,0,1,
2026-04-14,15:50:41.010,7.62,94,98,98,-0.010,179.43,48,0,8.19,-0.345,1.269,-0.59,47,0,122.73,-6.59,10,0.10,3.68,3.73,3.71,3.72,3.72,3.70,3.73,3.71,29.55,40.7,-30,-30,80.7,16,-350,472,229,0,1001,0,-1024,1,-1,-1,1,-1,-1,-1,-1,-1,-1,0,1,
2026-04-14,15:50:41.280,7.62,94,97,97,-0.013,179.10,46,0,8.18,-0.324,1.251,-0.89,46,0,128.37,-6.04,10,0.10,3.68,3.73,3.71,3.72,3.72,3.70,3.73,3.71,29.58,32.2,-30,-30,82.4,28,-319,472,276,0,1001,0,-1024,1,-1,-1,1,-1,-1,-1,-1,-1,-1,0,1,
2026-04-14,15:50:41.540,7.62,97,98,97,0.021,179.10,45,0,8.18,-0.312,1.238,-1.49,47,0,136.65,-4.53,10,0.10,3.68,3.73,3.71,3.72,3.72,3.70,3.73,3.71,29.58,32.2,-30,-30,84.1,27,-291,471,263,0,1000,0,-1024,1,-1,-1,1,-1,-1,-1,-1,-1,-1,0,1,
2026-04-14,15:50:41.810,7.63,99,99,97,0.020,177.88,46,0,8.17,-0.287,1.106,-1.96,50,0,138.87,-3.75,10,0.10,3.68,3.73,3.71,3.72,3.73,3.70,3.73,3.71,29.61,31.7,-30,-30,83.7,57,-290,470,324,0,1000,0,-1024,1,-1,-1,1,-1,-1,-1,-1,-1,-1,0,1,
2026-04-14,15:50:42.070,7.62,99,99,97,0.025,177.16,48,0,8.17,-0.265,1.081,-2.21,53,0,143.90,-2.77,10,0.10,3.68,3.73,3.71,3.72,3.73,3.70,3.75,3.73,29.63,31.5,-30,-30,84.6,139,-293,469,438,0,1000,0,-1024,1,-1,-1,1,-1,-1,-1,-1,-1,-1,0,1,
2026-04-14,15:50:42.340,7.62,99,99,97,0.027,176.35,49,0,8.17,-0.257,1.149,-2.58,56,0,150.41,-3.69,10,0.10,3.70,3.74,3.71,3.72,3.73,3.70,3.75,3.73,29.63,31.5,-30,-30,86.9,147,-317,470,400,0,1001,0,-1024,1,-1,-1,1,-1,-1,-1,-1,-1,-1,0,1,
2026-04-14,15:50:42.610,7.63,94,97,97,0.023,175.31,48,0,8.17,-0.332,1.406,-3.16,58,0,153.96,-5.10,10,0.10,3.70,3.74,3.72,3.73,3.73,3.70,3.75,3.73,29.63,30.9,-30,-30,86.1,121,-321,471,192,0,1001,0,-1024,1,-1,-1,1,-1,-1,-1,-1,-1,-1,0,1,
2026-04-14,15:50:42.870,7.62,95,97,97,0.003,174.53,47,0,8.17,-0.244,1.138,-3.08,60,0,159.85,-7.08,10,0.10,3.70,3.74,3.72,3.73,3.74,3.71,3.75,3.73,29.63,30.9,-30,-30,86.1,105,-320,470,184,0,1000,0,-1024,1,-1,-1,1,-1,-1,-1,-1,-1,-1,0,1,
2026-04-14,15:50:43.140,7.63,95,97,97,-0.005,173.71,49,0,8.22,-0.316,1.215,-2.81,61,0,166.86,-10.76,10,0.10,3.70,3.74,3.72,3.73,3.74,3.71,3.75,3.73,29.66,30.2,-30,-30,91.7,97,-217,471,225,0,1000,0,-1024,1,-1,-1,1,-1,-1,-1,-1,-1,-1,0,1,
2026-04-14,15:50:43.410,7.62,99,99,97,0.002,172.16,51,0,8.19,-0.277,1.261,-2.65,59,0,170.00,-10.89,10,0.10,3.70,3.74,3.72,3.73,3.74,3.71,3.75,3.73,29.66,30.2,-30,-30,88.5,84,-54,471,0,0,1000,0,-1024,1,-1,-1,1,-1,-1,-1,-1,-1,-1,0,1,
2026-04-14,15:50:43.680,7.62,97,97,97,-0.013,171.64,50,0,8.18,-0.213,0.947,-2.04,58,0,175.33,-8.96,10,0.10,3.70,3.74,3.73,3.73,3.74,3.71,3.75,3.73,29.68,30.5,-30,-30,89.1,0,0,474,0,0,1001,0,-1024,1,-1,-1,1,-1,-1,-1,-1,-1,-1,0,1,
2026-04-14,15:50:43.950,7.62,95,97,97,-0.020,171.25,49,0,8.17,-0.214,0.935,-1.69,58,0,177.48,-8.43,10,0.10,3.70,3.74,3.73,3.73,3.74,3.71,3.75,3.73,29.68,30.5,-30,-30,89.1,0,-136,473,-182,0,1000,0,-1024,1,-1,-1,1,-1,-1,-1,-1,-1,-1,0,1,
2026-04-14,15:50:44.210,7.63,94,99,99,0.020,170.85,47,0,8.17,-0.247,1.040,-1.46,53,0,-177.63,-7.95,10,0.10,3.70,3.74,3.73,3.73,3.75,3.72,3.75,3.73,29.68,31.0,-30,-30,85.6,-103,-107,471,-434,0,1000,0,-1024,1,-1,-1,1,-1,-1,-1,-1,-1,-1,0,1,
2026-04-14,15:50:44.470,7.63,94,99,99,0.017,170.59,43,0,8.17,-0.257,1.049,-1.15,48,0,175.70,-10.09,10,0.10,3.70,3.74,3.73,3.73,3.75,3.72,3.75,3.73,29.68,31.0,-30,-30,86.5,-122,-125,469,-478,0,1001,0,-1024,1,-1,-1,1,-1,-1,-1,-1,-1,-1,0,1,
2026-04-14,15:50:44.730,7.63,94,99,99,0.018,170.36,43,0,8.20,-0.236,1.015,-0.93,44,0,172.73,-9.96,10,0.10,3.70,3.74,3.73,3.73,3.75,3.72,3.75,3.73,29.69,31.0,-30,-30,86.1,-76,-209,468,-325,0,1001,0,-1024,1,-1,-1,1,-1,-1,-1,-1,-1,-1,0,1,
2026-04-14,15:50:45.010,7.63,97,97,97,-0.022,170.09,44,0,8.18,-0.272,1.275,-0.90,43,0,167.86,-11.31,10,0.10,3.70,3.74,3.73,3.73,3.75,3.72,3.75,3.73,29.69,31.0,-30,-30,90.6,-27,-203,471,-422,0,1001,0,-1024,1,-1,-1,1,-1,-1,-1,-1,-1,-1,0,1,
2026-04-14,15:50:45.270,7.62,100,100,96,-0.005,169.73,46,0,8.18,-0.265,1.232,-1.06,43,0,167.69,-12.40,10,0.10,3.70,3.74,3.73,3.73,3.75,3.71,3.75,3.73,29.71,30.2,-30,-30,90.6,-114,-200,471,-497,0,1000,0,-1024,1,-1,-1,1,-1,-1,-1,-1,-1,-1,0,1,
2026-04-14,15:50:45.530,7.63,100,100,96,-0.024,169.50,47,0,8.19,-0.292,1.421,-0.98,43,0,164.36,-11.91,10,0.10,3.70,3.74,3.73,3.73,3.75,3.71,3.75,3.73,29.71,30.2,-30,-30,90.0,-133,-217,470,-514,0,1000,0,-1024,1,-1,-1,1,-1,-1,-1,-1,-1,-1,0,1,
2026-04-14,15:50:45.790,7.62,100,100,96,0.000,169.30,48,0,8.18,-0.141,1.254,-0.81,43,0,161.39,-11.07,10,0.10,3.70,3.74,3.73,3.73,3.75,3.71,3.75,3.73,29.74,29.6,-30,-30,98.2,-122,-215,470,-506,0,1001,0,-1024,1,-1,-1,1,-1,-1,-1,-1,-1,-1,0,1,
2026-04-14,15:50:46.060,7.63,99,99,96,0.014,169.46,48,0,8.18,-0.149,1.289,-0.42,43,0,155.60,-11.14,10,0.10,3.70,3.74,3.73,3.73,3.75,3.71,3.75,3.73,29.74,26.2,-30,-30,104.1,-72,-218,470,-440,0,1001,0,-1024,1,-1,-1,1,-1,-1,-1,-1,-1,-1,0,1,
2026-04-14,15:50:46.330,7.62,99,99,96,-0.053,169.67,47,0,8.17,-0.145,0.950,0.50,45,0,146.10,-13.01,10,0.10,3.70,3.74,3.73,3.73,3.75,3.71,3.75,3.73,29.76,26.2,-30,-30,97.2,0,-386,469,-35,0,1001,0,-1024,1,-1,-1,1,-1,-1,-1,-1,-1,-1,0,1,
2026-04-14,15:50:46.590,7.63,99,99,96,-0.072,169.79,47,0,8.15,-0.253,1.589,0.55,45,0,148.34,-15.39,10,0.10,3.70,3.74,3.73,3.73,3.75,3.72,3.75,3.73,29.78,27.5,-30,-30,103.5,0,-364,469,-146,0,1000,0,-1024,1,-1,-1,1,-1,-1,-1,-1,-1,-1,0,1,
2026-04-14,15:50:46.860,7.63,100,100,96,-0.009,170.02,47,0,8.16,-0.386,1.541,0.61,42,0,155.63,-20.67,10,0.10,3.70,3.74,3.73,3.73,3.75,3.72,3.76,3.74,29.78,27.5,-30,-30,85.6,-88,-305,467,-355,0,1000,0,-1024,1,-1,-1,1,-1,-1,-1,-1,-1,-1,0,1,
2026-04-14,15:50:47.120,7.63,100,100,96,0.032,170.71,47,0,8.17,-0.282,1.081,1.42,40,0,153.35,-18.81,10,0.10,3.71,3.75,3.73,3.73,3.75,3.72,3.76,3.74,29.77,30.8,-30,-30,90.7,-92,-270,466,-392,0,1000,0,-1024,1,-1,-1,1,-1,-1,-1,-1,-1,-1,0,1,
2026-04-14,15:50:47.380,7.62,99,99,96,0.040,171.41,45,0,8.17,-0.124,0.736,2.29,40,0,140.11,-16.78,10,0.10,3.71,3.75,3.73,3.74,3.75,3.72,3.76,3.74,29.77,30.8,-30,-30,90.7,-51,-355,467,-297,0,1001,0,-1024,1,-1,-1,1,-1,-1,-1,-1,-1,-1,0,1,
2026-04-14,15:50:47.640,7.62,98,98,96,-0.017,171.64,43,0,8.17,-0.256,1.290,1.46,44,0,133.46,-21.18,10,0.10,3.71,3.75,3.73,3.74,3.75,3.72,3.76,3.74,29.76,29.5,-30,-30,88.9,-26,-377,470,-227,0,1000,0,-1024,1,-1,-1,1,-1,-1,-1,-1,-1,-1,0,1,
2026-04-14,15:50:47.900,7.62,92,96,96,-0.107,172.29,42,0,8.15,-0.207,1.156,1.78,45,0,130.49,-22.27,10,0.10,3.71,3.75,3.73,3.74,3.75,3.72,3.75,3.74,29.76,29.5,-30,-30,94.6,0,-502,471,0,0,1000,0,-1024,1,-1,-1,1,-1,-1,-1,-1,-1,-1,0,1,
2026-04-14,15:50:48.170,7.62,92,96,96,-0.064,172.77,42,0,8.16,-0.390,1.763,1.89,43,0,139.39,-27.16,10,0.10,3.71,3.74,3.73,3.74,3.75,3.72,3.75,3.74,29.75,29.3,-30,-30,94.8,0,-475,470,0,0,1000,0,-1024,1,-1,-1,1,-1,-1,-1,-1,-1,-1,0,1,
2026-04-14,15:50:48.440,7.63,91,96,96,-0.045,173.15,42,0,8.19,-0.284,1.708,1.44,46,0,144.33,-27.34,10,0.10,3.71,3.74,3.73,3.73,3.75,3.72,3.75,3.74,29.75,29.3,-30,-30,93.0,0,-198,471,-279,0,1000,0,-1024,1,-1,-1,1,-1,-1,-1,-1,-1,-1,0,1,
2026-04-14,15:50:48.720,7.62,96,97,96,0.033,173.86,43,0,8.24,-0.258,1.193,1.27,47,0,146.59,-24.36,10,0.10,3.71,3.74,3.73,3.73,3.75,3.72,3.75,3.74,29.75,30.0,-30,-30,90.2,0,-147,469,-135,0,1001,0,-1024,1,-1,-1,1,-1,-1,-1,-1,-1,-1,0,1,
2026-04-14,15:50:48.990,7.62,94,98,98,0.000,174.38,41,0,8.20,-0.274,1.033,1.51,50,0,138.57,-21.32,10,0.10,3.71,3.74,3.73,3.73,3.75,3.72,3.75,3.74,29.75,30.0,-30,-30,82.4,0,-341,470,0,0,1000,0,-1024,1,-1,-1,1,-1,-1,-1,-1,-1,-1,0,1,
2026-04-14,15:50:49.260,7.62,91,99,99,0.005,174.92,41,0,8.19,-0.191,0.844,1.87,48,0,138.90,-19.78,10,0.10,3.71,3.74,3.73,3.73,3.75,3.72,3.75,3.73,29.74,31.3,-30,-30,82.4,0,-390,470,0,0,1000,0,-1024,1,-1,-1,1,-1,-1,-1,-1,-1,-1,0,1,
2026-04-14,15:50:49.530,7.62,90,99,99,0.003,175.49,40,0,8.18,-0.336,1.417,1.81,47,0,139.01,-23.06,10,0.10,3.70,3.74,3.73,3.73,3.75,3.72,3.75,3.73,29.74,31.3,-30,-30,85.4,0,-348,471,0,0,1000,0,-1024,1,-1,-1,1,-1,-1,-1,-1,-1,-1,0,1,
2026-04-14,15:50:49.800,7.62,90,99,99,0.000,176.16,40,0,8.17,-0.339,1.348,2.16,44,0,141.84,-24.44,10,0.10,3.70,3.74,3.73,3.73,3.75,3.72,3.75,3.73,29.72,31.0,-30,-30,85.4,0,-275,467,0,0,1001,0,-1024,1,-1,-1,1,-1,-1,-1,-1,-1,-1,0,1,
2026-04-14,15:50:50.070,7.62,91,99,99,-0.034,176.58,39,0,8.20,-0.223,1.000,1.85,45,0,144.05,-23.05,10,0.10,3.70,3.74,3.73,3.73,3.74,3.71,3.75,3.73,29.72,31.0,-30,-30,86.5,0,-216,367,0,0,1000,0,-1024,1,-1,-1,1,-1,-1,-1,-1,-1,-1,0,1,
2026-04-14,15:50:50.340,7.62,90,99,99,-0.055,177.02,39,0,8.20,-0.202,1.088,1.54,45,0,150.30,-22.38,10,0.10,3.70,3.74,3.73,3.73,3.74,3.71,3.75,3.73,29.72,26.3,-30,-30,87.4,0,-248,291,0,0,1001,0,-1024,1,-1,-1,1,-1,-1,-1,-1,-1,-1,0,1,
2026-04-14,15:50:50.600,7.62,91,99,99,-0.019,177.65,40,0,8.18,-0.149,1.028,1.84,45,0,154.13,-22.00,10,0.10,3.71,3.75,3.73,3.73,3.74,3.71,3.75,3.73,29.80,19.0,-30,-30,87.2,0,-299,296,-129,0,1000,0,-1024,1,-1,-1,1,-1,-1,-1,-1,-1,-1,0,1,
2026-04-14,15:50:50.870,7.62,95,99,99,0.019,178.21,43,0,8.18,-0.180,1.199,2.04,44,0,158.39,-20.96,10,0.10,3.71,3.75,3.74,3.74,3.74,3.71,3.75,3.73,29.80,19.0,-30,-30,87.2,0,-330,296,-318,0,1001,0,-1024,1,-1,-1,1,-1,-1,-1,-1,-1,-1,0,1,
2026-04-14,15:50:51.140,7.62,98,99,99,-0.038,178.59,44,0,8.19,-0.171,1.101,1.69,44,0,150.35,-24.43,10,0.10,3.71,3.75,3.74,3.74,3.74,3.71,3.75,3.73,29.85,18.5,-30,-30,89.3,0,-227,294,-39,0,1000,0,-1024,1,-1,-1,1,-1,-1,-1,-1,-1,-1,0,1,
2026-04-14,15:50:51.400,7.62,100,100,99,-0.019,178.77,45,0,8.18,-0.179,1.099,0.86,43,0,152.78,-25.58,10,0.10,3.71,3.75,3.74,3.74,3.76,3.74,3.75,3.73,29.85,18.5,-30,-30,87.0,0,-16,283,0,0,1001,0,-1024,1,-1,-1,1,-1,-1,-1,-1,-1,-1,0,1,
2026-04-14,15:50:51.670,7.62,100,100,99,-0.017,179.14,46,0,8.21,-0.115,0.868,0.67,45,0,155.76,-23.35,10,0.10,3.71,3.75,3.74,3.74,3.76,3.74,3.77,3.75,29.93,18.7,-30,-30,86.3,0,12,197,0,0,1001,0,-1024,1,-1,-1,1,-1,-1,-1,-1,-1,-1,0,1,
2026-04-14,15:50:51.940,7.62,100,100,99,-0.058,179.33,47,0,8.19,-0.050,0.767,0.57,44,0,159.22,-20.39,10,0.10,3.73,3.77,3.74,3.74,3.76,3.74,3.77,3.75,29.93,18.7,-30,-30,91.3,0,-182,195,-24,0,1001,0,-1024,1,-1,-1,1,-1,-1,-1,-1,-1,-1,0,1,
2026-04-14,15:50:52.220,7.63,100,100,99,-0.026,179.73,47,0,8.18,-0.078,0.821,1.07,44,0,165.25,-19.03,10,0.10,3.73,3.77,3.76,3.76,3.76,3.74,3.77,3.75,30.00,12.8,-30,-30,86.1,0,-215,179,-392,0,1000,0,-1024,1,-1,-1,1,-1,-1,-1,-1,-1,-1,0,1,
2026-04-14,15:50:52.490,7.63,100,100,99,-0.010,179.73,48,0,8.21,-0.136,1.024,0.76,45,0,165.69,-20.90,10,0.10,3.73,3.77,3.76,3.76,3.78,3.76,3.77,3.75,30.00,12.8,-30,-30,86.1,-30,-217,169,-491,0,1000,0,-1024,1,-1,-1,1,-1,-1,-1,-1,-1,-1,0,1,
2026-04-14,15:50:52.750,7.62,100,100,99,-0.006,179.62,48,0,8.19,-0.159,1.043,-0.08,45,0,161.36,-20.22,10,0.10,3.73,3.77,3.76,3.76,3.78,3.76,3.79,3.77,30.05,12.6,-30,-30,81.9,-42,-264,170,-460,0,1000,0,-1024,1,-1,-1,1,-1,-1,-1,-1,-1,-1,0,1,
2026-04-14,15:50:53.010,7.63,100,100,100,-0.083,179.26,48,0,8.18,-0.106,0.967,-0.81,46,0,159.48,-18.33,10,0.10,3.75,3.78,3.76,3.76,3.78,3.76,3.79,3.77,30.05,12.6,-30,-30,83.7,-57,-257,168,-421,0,1000,0,-1024,1,-1,-1,1,-1,-1,-1,-1,-1,-1,0,1,
2026-04-14,15:50:53.270,7.62,100,100,100,-0.087,178.94,47,0,8.17,-0.098,0.952,-0.97,46,0,164.96,-16.71,10,0.10,3.75,3.78,3.77,3.78,3.78,3.76,3.79,3.77,30.10,12.9,-30,-30,83.2,-37,-260,171,-445,0,1001,0,-1024,1,-1,-1,1,-1,-1,-1,-1,-1,-1,0,1,
2026-04-14,15:50:53.530,7.63,100,100,100,-0.083,178.50,49,0,8.17,-0.134,1.090,-1.34,45,0,170.85,-15.96,10,0.10,3.75,3.78,3.77,3.78,3.78,3.76,3.79,3.77,30.10,12.9,-30,-30,86.5,-79,-284,172,-585,0,1001,0,-1024,1,-1,-1,1,-1,-1,-1,-1,-1,-1,0,1,
2026-04-14,15:50:53.790,7.63,100,100,100,-0.021,177.07,49,0,8.17,-0.077,1.010,-1.46,45,0,168.11,-14.97,10,0.10,3.75,3.78,3.77,3.78,3.79,3.77,3.79,3.77,30.15,12.8,-30,-30,86.5,-103,-292,171,-577,0,1000,0,-1024,1,-1,-1,1,-1,-1,-1,-1,-1,-1,0,1,
2026-04-14,15:50:54.050,7.63,99,100,100,-0.032,176.63,46,0,8.15,-0.079,0.995,-2.52,47,0,162.56,-14.65,10,0.10,3.75,3.78,3.77,3.78,3.79,3.77,3.80,3.77,30.15,12.8,-30,-30,89.5,-116,-372,172,-567,0,1001,0,-1024,1,-1,-1,1,-1,-1,-1,-1,-1,-1,0,1,
2026-04-14,15:50:54.310,7.62,98,100,100,-0.029,175.73,43,0,8.16,-0.164,1.329,-2.41,45,0,150.46,-16.49,10,0.10,3.76,3.79,3.77,3.78,3.79,3.77,3.80,3.77,30.19,11.7,-30,-30,90.0,-53,-419,172,-434,0,1000,0,-1024,1,-1,-1,1,-1,-1,-1,-1,-1,-1,0,1,
2026-04-14,15:50:54.570,7.63,98,99,99,-0.035,174.82,43,0,8.17,-0.136,1.327,-2.97,44,0,146.43,-17.18,10,0.10,3.76,3.79,3.78,3.78,3.79,3.77,3.80,3.77,30.19,11.3,-30,-30,90.0,-46,-382,171,-352,0,1000,0,-1024,1,-1,-1,1,-1,-1,-1,-1,-1,-1,0,1,
2026-04-14,15:50:54.830,7.62,99,99,99,-0.070,174.07,44,0,8.19,-0.110,1.224,-2.83,44,0,143.77,-19.29,10,0.10,3.76,3.79,3.78,3.78,3.79,3.77,3.80,3.77,30.24,11.3,-30,-30,90.7,0,-308,173,0,0,1001,0,-1024,1,-1,-1,1,-1,-1,-1,-1,-1,-1,0,1,
2026-04-14,15:50:55.090,7.62,97,98,98,-0.065,173.47,43,0,8.18,-0.106,1.119,-2.40,42,0,146.49,-19.82,10,0.10,3.76,3.79,3.78,3.78,3.79,3.77,3.80,3.78,30.24,11.3,-30,-30,90.2,0,-165,73,-54,0,1001,0,-1024,1,-1,-1,1,-1,-1,-1,-1,-1,-1,0,1,
2026-04-14,15:50:55.360,7.63,96,98,98,-0.041,172.63,41,0,8.17,-0.068,1.115,-2.56,37,0,155.21,-18.19,10,0.10,3.77,3.80,3.78,3.78,3.79,3.77,3.80,3.78,30.24,11.3,-30,-30,91.9,0,-187,0,-26,0,1000,0,-1024,1,-1,-1,1,-1,-1,-1,-1,-1,-1,0,1,
2026-04-14,15:50:55.630,7.63,90,97,97,-0.037,172.05,39,0,8.15,0.007,0.965,-2.50,38,0,158.69,-14.71,10,0.10,3.77,3.80,3.78,3.78,3.79,3.77,3.80,3.78,30.31,3.5,-30,-30,93.3,0,-422,0,-112,0,1000,0,-1024,1,-1,-1,1,-1,-1,-1,-1,-1,-1,0,1,
2026-04-14,15:50:55.890,7.63,85,97,97,-0.062,172.05,38,0,8.21,-0.065,1.319,-1.54,39,0,160.18,-15.00,10,0.10,3.77,3.80,3.79,3.80,3.79,3.77,3.80,3.78,30.31,3.5,-30,-30,93.7,13,-291,0,0,0,1000,0,-1024,1,-1,-1,1,-1,-1,-1,-1,-1,-1,0,1,
2026-04-14,15:50:56.150,7.63,82,97,97,-0.026,170.64,37,0,8.22,-0.045,1.224,-2.54,39,0,161.85,-17.80,10,0.10,3.77,3.80,3.79,3.80,3.80,3.79,3.80,3.78,30.38,3.8,-30,-30,93.7,53,-9,0,101,0,1001,0,-1024,1,-1,-1,1,-1,-1,-1,-1,-1,-1,0,1,
2026-04-14,15:50:56.410,7.63,82,97,97,-0.020,169.56,36,0,8.19,-0.011,1.066,-3.51,41,0,162.03,-16.60,10,0.10,3.77,3.80,3.79,3.80,3.80,3.79,3.82,3.80,30.38,3.8,-30,-30,96.9,97,-47,0,204,0,1000,0,-1024,1,-1,-1,1,-1,-1,-1,-1,-1,-1,0,1,
2026-04-14,15:50:56.670,7.63,80,96,96,-0.071,169.00,37,0,8.20,0.094,0.761,-2.82,42,0,168.59,-13.23,10,0.10,3.79,3.82,3.79,3.80,3.80,3.79,3.82,3.80,30.44,2.9,-30,-30,96.9,139,-210,0,308,0,1000,0,-1024,1,-1,-1,1,-1,-1,-1,-1,-1,-1,0,1,
2026-04-14,15:50:56.940,7.63,78,96,96,-0.065,168.44,37,0,8.18,-0.037,0.948,-2.10,44,0,60.48,-14.18,10,0.10,3.79,3.82,3.80,3.82,3.80,3.79,3.82,3.80,30.44,2.9,-30,-30,98.5,91,-252,0,71,0,1001,0,-1024,1,-1,-1,1,-1,-1,-1,-1,-1,-1,0,1,
2026-04-14,15:50:57.200,7.62,77,96,96,-0.045,166.43,36,0,8.20,-0.026,1.112,-3.31,47,0,60.48,-14.18,10,0.10,3.79,3.82,3.80,3.82,3.80,3.79,3.82,3.80,30.49,3.4,-30,-30,94.8,64,0,0,0,0,1000,0,-1024,1,-1,-1,1,-1,-1,-1,-1,-1,-1,0,1,
2026-04-14,15:50:57.470,7.62,76,95,95,-0.039,165.41,34,0,8.18,0.005,0.856,-3.31,51,0,-173.69,-11.20,10,0.10,3.79,3.82,3.80,3.82,3.80,3.79,3.82,3.81,30.49,3.4,-30,-30,94.3,76,-39,0,104,0,1001,0,-1024,1,-1,-1,1,-1,-1,-1,-1,-1,-1,0,1,
2026-04-14,15:50:57.740,7.62,74,95,95,-0.042,164.39,33,0,8.21,0.011,0.823,-3.50,50,0,-171.08,-10.42,10,0.10,3.79,3.82,3.80,3.82,3.80,3.79,3.82,3.81,30.52,4.0,-30,-30,90.2,57,-65,0,-2,0,1000,0,-1024,1,-1,-1,1,-1,-1,-1,-1,-1,-1,0,1,
2026-04-14,15:50:58.000,7.63,76,95,95,-0.041,163.37,35,0,8.17,-0.002,0.837,-3.47,52,0,-167.86,-8.64,10,0.10,3.80,3.82,3.80,3.82,3.80,3.79,3.82,3.81,30.52,4.0,-30,-30,90.4,0,-280,73,-174,0,1000,0,-1024,1,-1,-1,1,-1,-1,-1,-1,-1,-1,0,0,
2026-04-14,15:50:58.260,7.63,86,95,95,-0.043,162.10,37,0,8.14,-0.137,1.128,-3.95,53,0,-164.63,-10.01,10,0.10,3.80,3.82,3.81,3.82,3.80,3.79,3.82,3.81,30.51,4.8,-30,-30,92.2,0,-409,220,-246,0,1001,0,-1024,1,-1,-1,1,-1,-1,-1,-1,-1,-1,0,0,
2026-04-14,15:50:58.520,7.62,94,96,96,-0.024,160.17,40,0,8.16,-0.167,1.302,-5.43,54,0,-162.68,-10.79,10,0.10,3.80,3.82,3.81,3.82,3.81,3.80,3.82,3.81,30.51,4.8,-30,-30,89.3,-3,-109,218,-358,0,1001,0,-1024,1,-1,-1,1,-1,-1,-1,-1,-1,-1,0,0,
2026-04-14,15:50:58.780,7.63,100,100,96,-0.012,158.47,41,0,8.18,-0.049,0.855,-6.06,54,0,-167.63,-10.63,10,0.10,3.80,3.82,3.81,3.82,3.81,3.80,3.82,3.81,30.48,15.2,-30,-30,89.3,-39,-93,206,-504,0,1000,0,-1024,1,-1,-1,1,-1,-1,-1,-1,-1,-1,0,0,
2026-04-14,15:50:59.050,7.63,100,100,96,-0.010,157.31,43,0,8.19,-0.062,0.880,-4.95,55,0,-172.16,-9.76,10,0.10,3.79,3.81,3.81,3.82,3.81,3.80,3.82,3.81,30.48,15.2,-30,-30,91.7,0,-170,195,-79,0,1000,0,-1024,1,-1,-1,1,-1,-1,-1,-1,-1,-1,0,0,
2026-04-14,15:50:59.320,7.63,100,100,97,-0.030,156.41,45,0,8.19,-0.073,1.016,-3.88,55,0,-173.42,-10.95,10,0.10,3.79,3.81,3.79,3.81,3.81,3.80,3.82,3.81,30.46,12.7,-30,-30,91.5,0,-326,193,0,0,1000,0,-1024,1,-1,-1,1,-1,-1,-1,-1,-1,-1,0,0,
2026-04-14,15:50:59.580,7.63,100,100,98,0.023,155.65,45,0,8.20,-0.121,1.175,-3.02,56,0,-170.39,-13.23,10,0.10,3.79,3.81,3.79,3.81,3.80,3.79,3.82,3.81,30.46,12.1,-30,-30,92.6,0,-146,170,-286,0,1000,0,-1024,1,-1,-1,1,-1,-1,-1,-1,-1,-1,0,0,
2026-04-14,15:50:59.840,7.63,100,100,98,-0.011,154.55,46,0,8.21,-0.041,0.883,-3.39,58,0,-179.29,-13.38,10,0.10,3.79,3.81,3.79,3.81,3.80,3.79,3.82,3.79,30.46,12.1,-30,-30,89.5,0,-132,167,27,0,1000,0,-1024,1,-1,-1,1,-1,-1,-1,-1,-1,-1,0,0,
2026-04-14,15:51:00.100,7.63,100,100,98,-0.035,152.97,47,0,8.19,-0.119,1.222,-3.61,57,0,-176.88,-12.24,10,0.10,3.79,3.81,3.79,3.81,3.80,3.79,3.82,3.79,30.46,10.6,-30,-30,93.3,0,-310,165,204,0,1000,0,-1024,1,-1,-1,1,-1,-1,-1,-1,-1,-1,0,0,
2026-04-14,15:51:00.360,7.63,100,100,98,-0.018,152.97,48,0,8.20,-0.145,1.250,-3.05,57,0,-172.93,-13.68,10,0.10,3.78,3.81,3.79,3.81,3.80,3.79,3.82,3.79,30.46,10.6,-30,-30,93.3,0,-270,154,0,0,1000,0,-1024,1,-1,-1,1,-1,-1,-1,-1,-1,-1,0,0,
2026-04-14,15:51:00.620,7.63,100,100,99,0.032,150.94,48,0,8.21,-0.082,0.972,-3.42,59,0,-172.75,-14.06,10,0.10,3.78,3.81,3.79,3.81,3.80,3.79,3.82,3.79,30.46,10.5,-30,-30,88.0,0,-48,119,51,0,1000,0,-1024,1,-1,-1,1,-1,-1,-1,-1,-1,-1,0,0,
2026-04-14,15:51:00.880,7.62,100,100,99,0.032,150.56,48,0,8.18,-0.007,0.745,-2.32,59,0,-174.83,-11.72,10,0.10,3.78,3.81,3.79,3.81,3.80,3.79,3.82,3.79,30.47,10.5,-30,-30,88.0,39,-182,106,192,0,1000,0,-1024,1,-1,-1,1,-1,-1,-1,-1,-1,-1,0,0,
2026-04-14,15:51:01.140,7.62,100,100,99,-0.013,150.17,48,0,8.18,-0.066,1.074,-1.53,60,0,-172.63,-11.63,10,0.10,3.78,3.81,3.79,3.81,3.80,3.79,3.82,3.80,30.48,8.6,-30,-30,86.5,40,-278,94,152,0,1000,0,-1024,1,-1,-1,1,-1,-1,-1,-1,-1,-1,0,0,
2026-04-14,15:51:01.410,7.62,100,100,100,-0.056,149.19,48,0,8.22,-0.069,1.137,-2.41,60,0,-169.78,-10.97,10,0.10,3.79,3.81,3.79,3.81,3.80,3.79,3.82,3.80,30.48,8.6,-30,-30,86.5,15,-77,-10,63,0,1001,0,-1024,1,-1,-1,1,-1,-1,-1,-1,-1,-1,0,0,
2026-04-14,15:51:01.670,7.62,100,100,100,-0.012,148.34,47,0,8.19,-0.052,1.014,-2.99,61,0,-164.75,-8.81,10,0.10,3.79,3.81,3.81,3.82,3.80,3.79,3.82,3.80,30.51,4.2,-30,-30,90.0,0,-136,102,0,0,1000,0,-1024,1,-1,-1,1,-1,-1,-1,-1,-1,-1,0,1,
2026-04-14,15:51:01.930,7.62,100,100,100,-0.035,147.95,46,0,8.18,-0.042,0.936,-2.10,61,0,-163.43,-6.49,10,0.10,3.79,3.81,3.81,3.82,3.80,3.79,3.82,3.80,30.51,4.2,-30,-30,88.9,0,-261,105,-95,0,1000,0,-1024,1,-1,-1,1,-1,-1,-1,-1,-1,-1,0,1,
2026-04-14,15:51:02.190,7.62,100,100,100,-0.003,147.95,44,0,8.17,-0.081,1.067,-1.98,62,0,-163.43,-6.49,10,0.10,3.79,3.81,3.81,3.82,3.81,3.80,3.82,3.80,30.51,8.3,-30,-30,88.3,0,-265,77,-272,0,1000,0,-1024,1,-1,-1,1,-1,-1,-1,-1,-1,-1,0,0,
2026-04-14,15:51:02.460,7.63,94,100,100,-0.034,146.60,41,0,8.17,-0.085,1.027,-2.22,63,0,-165.94,-7.81,10,0.10,3.79,3.81,3.81,3.82,3.81,3.80,3.82,3.81,30.51,8.3,-30,-30,86.1,0,-203,-11,-398,0,1000,0,-1024,1,-1,-1,1,-1,-1,-1,-1,-1,-1,0,0,
2026-04-14,15:51:02.720,7.62,86,100,100,-0.039,145.65,37,0,8.17,-0.083,1.071,-2.88,63,0,-167.01,-7.65,10,0.10,3.79,3.82,3.81,3.82,3.81,3.80,3.82,3.81,30.54,5.5,-30,-30,86.1,-16,-329,59,-366,0,1001,0,-1024,1,-1,-1,1,-1,-1,-1,-1,-1,-1,0,0,
2026-04-14,15:51:02.980,7.62,83,100,100,-0.053,144.82,36,0,8.19,-0.080,1.310,-2.96,62,0,-169.93,-7.84,10,0.10,3.79,3.82,3.81,3.82,3.81,3.80,3.82,3.81,30.54,5.5,-30,-30,86.1,-23,-348,-6,-493,0,1000,0,-1024,1,-1,-1,1,-1,-1,-1,-1,-1,-1,0,0,
2026-04-14,15:51:03.240,7.62,88,100,100,-0.016,144.82,39,0,8.21,0.008,1.634,-2.57,63,0,-169.99,-9.11,10,0.10,3.79,3.82,3.81,3.82,3.81,3.81,3.82,3.81,30.58,4.3,-30,-30,93.5,-46,-217,-26,-541,0,1000,0,-1024,1,-1,-1,1,-1,-1,-1,-1,-1,-1,0,0,
2026-04-14,15:51:03.500,7.62,97,100,100,0.007,142.32,42,0,8.20,0.063,1.041,-2.94,63,0,123.41,-9.79,10,0.10,3.79,3.82,3.81,3.82,3.81,3.81,3.83,3.82,30.58,4.3,-30,-30,102.0,-44,-299,-28,-92,0,1000,0,-1024,1,-1,-1,1,-1,-1,-1,-1,-1,-1,0,0,
2026-04-14,15:51:03.760,7.63,99,100,100,-0.039,142.13,43,0,8.19,-0.028,1.381,-2.94,63,0,174.51,-13.40,10,0.10,3.81,3.83,3.81,3.82,3.81,3.81,3.83,3.82,30.64,0.3,-30,-30,102.0,-22,-252,-110,0,0,1000,0,-1024,1,-1,-1,1,-1,-1,-1,-1,-1,-1,0,0,
2026-04-14,15:51:04.030,7.62,100,100,100,0.020,141.71,45,0,8.21,0.028,1.190,-1.37,63,0,175.71,-14.46,10,0.10,3.81,3.83,3.81,3.82,3.81,3.81,3.83,3.82,30.64,0.3,-30,-30,98.3,0,52,-225,-93,0,1000,0,-1024,1,-1,-1,1,-1,-1,-1,-1,-1,-1,0,0,
2026-04-14,15:51:04.290,7.62,100,100,100,-0.020,141.71,45,0,8.19,0.094,0.798,-0.70,64,0,174.59,-12.19,10,0.10,3.81,3.83,3.82,3.83,3.81,3.81,3.83,3.82,30.70,0.0,-30,-30,96.9,0,-9,-242,75,0,1000,0,-1024,1,-1,-1,1,-1,-1,-1,-1,-1,-1,0,0,
2026-04-14,15:51:04.560,7.63,100,100,100,-0.054,142.06,46,0,8.18,0.056,0.751,0.41,64,0,176.16,-10.73,10,0.10,3.81,3.83,3.82,3.83,3.83,3.82,3.83,3.82,30.70,0.0,-30,-30,92.6,0,-132,-585,-48,0,1000,0,-1024,1,-1,-1,1,-1,-1,-1,-1,-1,-1,0,0,
2026-04-14,15:51:04.820,7.62,100,100,100,-0.025,142.06,46,0,8.20,0.091,0.761,0.37,65,0,-85.09,-10.03,10,0.10,3.81,3.83,3.82,3.83,3.83,3.82,3.83,3.82,30.78,0.0,-30,-30,88.3,0,-51,-602,-296,0,1000,0,-1024,1,-1,-1,1,-1,-1,-1,-1,-1,-1,0,0,
2026-04-14,15:51:05.080,7.62,100,100,100,-0.064,141.82,46,0,8.19,0.069,0.843,-0.32,66,0,172.10,-10.37,10,0.10,3.83,3.85,3.82,3.83,3.83,3.82,3.83,3.82,30.78,0.0,-30,-30,88.3,0,-158,-525,-230,0,1001,0,-1024,1,-1,-1,1,-1,-1,-1,-1,-1,-1,0,0,
2026-04-14,15:51:05.350,7.63,100,100,100,-0.057,141.82,49,0,8.20,0.044,0.843,-0.66,66,0,173.37,-9.05,10,0.10,3.83,3.85,3.84,3.85,3.83,3.82,3.83,3.82,30.80,0.0,-30,-30,84.6,0,-510,-295,0,0,1000,0,-1024,1,-1,-1,1,-1,-1,-1,-1,-1,-1,0,0,
2026-04-14,15:51:05.610,7.62,100,100,100,-0.040,141.43,52,0,8.19,-0.011,0.826,-0.64,66,0,174.29,-8.98,10,0.10,3.83,3.85,3.84,3.85,3.84,3.84,3.83,3.82,30.74,3.5,-30,-30,84.6,0,-661,172,0,0,1001,0,-1024,1,-1,-1,1,-1,-1,-1,-1,-1,-1,0,0,
2026-04-14,15:51:05.880,7.63,100,100,100,-0.023,141.09,54,0,8.14,-0.200,1.250,-0.83,66,0,176.06,-12.24,10,0.10,3.83,3.85,3.84,3.85,3.84,3.84,3.85,3.83,30.74,3.5,-30,-30,80.0,-24,-238,-22,0,0,1001,0,-1024,1,-1,-1,1,-1,-1,-1,-1,-1,-1,0,0,
2026-04-14,15:51:06.150,7.62,100,100,100,-0.014,139.41,55,0,8.16,-0.135,1.042,-2.35,65,0,179.25,-15.81,10,0.10,3.81,3.83,3.84,3.85,3.84,3.84,3.85,3.83,30.70,7.9,-30,-30,73.7,-1,-252,-76,0,0,1000,0,-1024,1,-1,-1,1,-1,-1,-1,-1,-1,-1,0,0,
2026-04-14,15:51:06.410,7.62,100,100,100,-0.025,139.19,55,0,8.18,-0.093,0.934,-1.58,66,0,-142.77,-13.65,10,0.10,3.81,3.83,3.84,3.85,3.84,3.84,3.85,3.83,30.70,7.9,-30,-30,73.7,-61,-511,-285,-54,0,1000,0,-1024,1,-1,-1,1,-1,-1,-1,-1,-1,-1,0,0,
2026-04-14,15:51:06.670,7.62,100,100,100,0.007,139.33,56,0,8.20,-0.074,0.939,-0.33,65,0,177.79,-12.54,10,0.10,3.81,3.83,3.82,3.83,3.84,3.84,3.85,3.83,30.77,0.0,-30,-30,67.4,-23,-681,-593,132,0,1000,0,-1024,1,-1,-1,1,-1,-1,-1,-1,-1,-1,0,0,
2026-04-14,15:51:06.930,7.62,100,100,100,-0.036,139.34,57,0,8.21,-0.101,0.930,-0.04,65,0,174.61,-11.74,10,0.10,3.81,3.83,3.82,3.83,3.83,3.82,3.85,3.83,30.77,0.0,-30,-30,62.8,46,-797,-619,313,0,1000,0,-1024,1,-1,-1,1,-1,-1,-1,-1,-1,-1,0,0,
2026-04-14,15:51:07.190,7.63,100,100,100,-0.331,139.73,56,0,8.06,-0.055,1.507,0.68,63,0,175.29,-10.53,10,0.10,3.81,3.83,3.82,3.83,3.83,3.82,3.85,3.83,30.80,0.0,-30,-30,62.8,70,-1020,-619,376,0,1001,0,-1024,1,-1,-1,1,-1,-1,-1,-1,-1,-1,0,0,
2026-04-14,15:51:07.450,7.62,100,100,100,-0.074,139.62,54,0,7.97,0.050,0.694,0.34,64,0,-175.68,-8.80,10,0.10,3.83,3.85,3.82,3.83,3.83,3.82,3.85,3.83,30.80,0.0,-30,-30,57.2,0,-721,-705,95,0,1000,0,-1024,1,-1,-1,1,-1,-1,-1,-1,-1,-1,0,0,
2026-04-14,15:51:07.720,7.62,100,100,100,-0.099,139.46,54,0,8.10,-0.111,0.998,-0.35,64,0,-177.05,-13.97,10,0.10,3.83,3.85,3.84,3.85,3.83,3.82,3.85,3.83,30.83,0.0,-30,-30,50.6,0,-681,-895,37,0,1000,0,-1024,1,-1,-1,1,-1,-1,-1,-1,-1,-1,0,0,
2026-04-14,15:51:07.990,7.62,100,100,100,-0.018,139.59,55,0,8.14,-0.106,0.818,0.00,66,0,-179.58,-14.25,10,0.10,3.83,3.85,3.84,3.85,3.84,3.84,3.85,3.83,30.83,0.0,-30,-30,48.2,44,-720,-1024,53,0,1001,0,-1024,1,-1,-1,1,-1,-1,-1,-1,-1,-1,0,0,
2026-04-14,15:51:08.260,7.62,100,100,100,-0.149,139.60,56,0,8.15,-0.077,0.895,0.24,67,0,-177.78,-9.92,10,0.10,3.83,3.85,3.84,3.85,3.84,3.84,3.85,3.84,30.83,0.0,-30,-30,50.9,0,-828,-1024,58,0,1000,0,-1024,1,-1,-1,1,-1,-1,-1,-1,-1,-1,0,0,
2026-04-14,15:51:08.520,7.62,100,100,100,-0.109,139.49,57,0,8.16,-0.081,1.074,-0.14,69,0,-178.66,-7.65,10,0.10,3.83,3.85,3.84,3.85,3.84,3.84,3.85,3.84,30.83,0.0,-30,-30,50.6,-72,-880,-1024,0,0,1000,0,-1024,1,-1,-1,1,-1,-1,-1,-1,-1,-1,0,0,
2026-04-14,15:51:08.780,7.62,100,100,100,0.008,139.38,58,0,8.15,-0.020,1.035,-0.35,73,0,-179.59,-5.26,10,0.10,3.83,3.85,3.84,3.85,3.84,3.84,3.85,3.84,30.85,0.0,-30,-30,50.2,-71,-925,-1024,0,0,1001,0,-1024,1,-1,-1,1,-1,-1,-1,-1,-1,-1,0,0,
2026-04-14,15:51:09.040,7.62,100,100,100,-0.003,139.45,60,0,8.19,-0.014,0.930,-0.03,75,0,-179.37,-4.59,10,0.10,3.83,3.85,3.84,3.85,3.84,3.84,3.85,3.84,30.85,0.0,-30,-30,48.2,-112,-944,-1024,0,0,1001,0,-1024,1,-1,-1,1,-1,-1,-1,-1,-1,-1,0,0,
2026-04-14,15:51:09.300,7.62,100,100,100,-0.037,139.54,61,0,8.16,-0.005,1.041,0.23,77,0,-179.65,-3.00,10,0.10,3.83,3.85,3.84,3.85,3.84,3.84,3.85,3.84,30.86,0.0,-30,-30,47.8,-121,-1013,-1024,0,0,1001,0,-1024,1,-1,-1,1,-1,-1,-1,-1,-1,-1,0,0,
2026-04-14,15:51:09.570,7.63,100,100,100,-0.010,139.66,63,0,8.14,0.006,0.980,0.25,80,0,177.40,-2.31,10,0.10,3.83,3.85,3.84,3.85,3.84,3.84,3.85,3.84,30.86,0.0,-30,-30,47.8,-254,-1017,-1024,0,0,1001,0,-1024,1,-1,-1,1,-1,-1,-1,-1,-1,-1,0,0,
2026-04-14,15:51:09.830,7.63,100,100,100,-0.022,139.70,63,0,8.16,0.009,0.943,0.21,82,0,179.36,-2.29,10,0.10,3.83,3.85,3.84,3.85,3.84,3.84,3.85,3.84,30.87,0.0,-30,-30,50.2,-385,-1022,-1024,0,0,1001,0,-1024,1,-1,-1,1,-1,-1,-1,-1,-1,-1,0,0,
2026-04-14,15:51:10.100,7.63,100,100,100,0.049,139.84,64,0,8.16,0.001,0.938,0.28,84,0,179.39,-2.34,10,0.10,3.83,3.85,3.84,3.85,3.84,3.84,3.85,3.84,30.87,0.0,-30,-30,45.7,-358,-1024,-1024,0,0,1000,0,-1024,1,-1,-1,1,-1,-1,-1,-1,-1,-1,0,0,
2026-04-14,15:51:10.370,7.62,100,100,100,0.068,140.02,65,0,8.17,-0.011,0.988,0.52,87,0,179.42,-2.16,10,0.10,3.83,3.85,3.84,3.85,3.85,3.85,3.85,3.84,30.88,0.0,-30,-30,43.9,-303,-1024,-1024,0,0,1001,0,-1024,1,-1,-1,1,-1,-1,-1,-1,-1,-1,0,0,
2026-04-14,15:51:10.640,7.62,100,100,100,0.059,140.12,67,0,8.17,-0.009,1.044,0.44,91,0,179.92,-1.27,10,0.10,3.83,3.85,3.84,3.85,3.85,3.85,3.85,3.84,30.89,0.0,-30,-30,37.6,-229,-1023,-1024,0,0,1000,0,-1024,1,-1,-1,1,-1,-1,-1,-1,-1,-1,0,0,
2026-04-14,15:51:10.900,7.62,100,100,100,0.000,140.22,72,0,8.17,-0.028,0.904,0.40,95,0,-176.86,-0.94,10,0.10,3.83,3.85,3.84,3.85,3.85,3.85,3.85,3.84,30.89,0.0,-30,-30,37.6,-158,-1024,-1024,0,0,1000,0,-1024,1,-1,-1,1,-1,-1,-1,-1,-1,-1,0,0,
2026-04-14,15:51:11.170,7.62,100,100,100,0.010,140.27,74,0,8.17,-0.031,1.026,0.25,95,0,-179.54,-1.22,10,0.10,3.83,3.85,3.84,3.85,3.85,3.85,3.85,3.84,30.90,0.0,-30,-30,36.1,24,-1024,-1024,0,0,1000,0,-1024,1,-1,-1,1,-1,-1,-1,-1,-1,-1,0,0,
2026-04-14,15:51:11.430,7.62,100,100,100,-0.004,140.32,76,0,8.14,-0.025,0.928,0.25,90,0,-179.54,-1.21,10,0.10,3.83,3.85,3.84,3.85,3.85,3.85,3.85,3.84,30.90,0.0,-30,-30,33.7,-446,-1023,-1024,0,0,1000,0,-1024,1,-1,-1,1,-1,-1,-1,-1,-1,-1,0,0,
2026-04-14,15:51:11.700,7.62,100,100,100,0.031,140.23,78,0,8.14,-0.033,1.046,-0.06,84,0,-179.51,-1.33,10,0.10,3.83,3.85,3.84,3.85,3.85,3.85,3.85,3.84,30.91,0.0,-30,-30,36.5,0,-1023,-1024,0,0,1000,0,-1024,1,-1,-1,1,-1,-1,-1,-1,-1,-1,0,0,
2026-04-14,15:51:11.980,7.62,100,100,100,0.010,140.18,78,0,8.14,-0.017,0.940,-0.12,86,0,-179.47,-1.28,10,0.10,3.83,3.85,3.84,3.85,3.85,3.85,3.85,3.84,30.91,0.0,-30,-30,36.5,-153,-1022,-1024,0,0,1000,0,-1024,1,-1,-1,1,-1,-1,-1,-1,-1,-1,0,0,
2026-04-14,15:51:12.240,7.62,100,100,100,-0.030,140.15,75,0,8.16,-0.025,1.081,-0.16,90,0,-179.44,-0.80,10,0.10,3.83,3.86,3.84,3.85,3.85,3.85,3.85,3.84,30.92,0.0,-30,-30,38.2,-226,-1009,-1024,0,0,1000,0,-1024,1,-1,-1,1,-1,-1,-1,-1,-1,-1,0,0,
2026-04-14,15:51:12.500,7.62,100,100,100,-0.017,140.19,74,0,8.16,-0.041,0.928,0.02,93,0,-179.69,-0.94,10,0.10,3.83,3.86,3.84,3.85,3.85,3.85,3.85,3.84,30.92,0.0,-30,-30,32.6,-227,-1002,-1024,0,0,1000,0,-1024,1,-1,-1,1,-1,-1,-1,-1,-1,-1,0,0,
2026-04-14,15:51:12.760,7.62,100,100,100,-0.027,140.33,74,0,8.14,-0.042,0.906,0.25,91,0,179.17,-1.22,10,0.10,3.83,3.86,3.84,3.85,3.85,3.85,3.85,3.84,30.93,0.0,-30,-30,32.0,-579,-988,-1024,0,0,1000,0,-1024,1,-1,-1,1,-1,-1,-1,-1,-1,-1,0,0,
2026-04-14,15:51:13.020,7.62,100,100,100,0.001,140.43,73,0,8.14,-0.039,1.023,0.31,83,0,179.65,-0.96,10,0.10,3.83,3.86,3.84,3.85,3.85,3.85,3.85,3.84,30.93,0.0,-30,-30,28.7,-620,-961,-1024,0,0,1000,0,-1024,1,-1,-1,1,-1,-1,-1,-1,-1,-1,0,0,
2026-04-14,15:51:13.290,7.62,100,100,100,0.054,140.57,72,0,8.13,-0.032,0.953,0.44,74,0,-142.74,-1.00,10,0.10,3.83,3.86,3.84,3.85,3.85,3.85,3.85,3.84,30.93,0.0,-30,-30,23.3,-673,-925,-1024,0,0,1001,0,-1024,1,-1,-1,1,-1,-1,-1,-1,-1,-1,0,0,
2026-04-14,15:51:13.550,7.62,100,100,100,0.055,140.62,71,0,8.13,-0.031,0.990,0.31,75,0,-179.29,-0.85,10,0.10,3.84,3.86,3.84,3.85,3.85,3.85,3.85,3.84,30.93,0.0,-30,-30,22.6,-759,-882,-1024,0,0,1001,0,-1024,1,-1,-1,1,-1,-1,-1,-1,-1,-1,0,0,
2026-04-14,15:51:13.810,7.62,100,100,100,0.087,140.64,71,0,8.10,-0.033,1.006,0.16,76,0,-178.41,-0.82,10,0.10,3.84,3.86,3.85,3.86,3.85,3.85,3.85,3.84,30.93,0.0,-30,-30,22.6,-789,-856,-1024,0,0,1001,0,-1024,1,-1,-1,1,-1,-1,-1,-1,-1,-1,0,0,
2026-04-14,15:51:14.080,7.62,100,100,100,0.072,140.54,72,0,8.14,-0.036,0.978,-0.12,78,0,-177.55,-1.21,10,0.10,3.84,3.86,3.85,3.86,3.85,3.85,3.85,3.84,30.93,0.0,-30,-30,22.6,-786,-769,-1024,0,0,1000,0,-1024,1,-1,-1,1,-1,-1,-1,-1,-1,-1,0,0,
2026-04-14,15:51:14.350,7.62,100,100,100,0.072,140.62,72,0,8.15,-0.041,0.999,0.03,76,0,-177.20,-1.14,10,0.10,3.84,3.86,3.85,3.86,3.85,3.85,3.86,3.84,30.93,0.0,-30,-30,25.7,-792,-739,-1024,0,0,1000,0,-1024,1,-1,-1,1,-1,-1,-1,-1,-1,-1,0,0,
2026-04-14,15:51:14.610,7.62,100,100,100,0.070,140.62,71,0,8.16,-0.041,1.025,0.10,75,0,-176.47,-1.37,10,0.10,3.84,3.85,3.85,3.86,3.85,3.85,3.86,3.84,30.94,0.0,-30,-30,21.7,-797,-731,-1024,0,0,1001,0,-1024,1,-1,-1,1,-1,-1,-1,-1,-1,-1,0,0,
2026-04-14,15:51:14.880,7.62,100,100,100,0.044,140.56,70,0,8.14,-0.041,0.979,-0.07,70,0,-176.08,-1.94,10,0.10,3.84,3.85,3.85,3.85,3.85,3.85,3.86,3.84,30.94,0.0,-30,-30,28.0,-102,-707,-1024,-8,0,1001,0,-1024,1,-1,-1,1,-1,-1,-1,-1,-1,-1,0,0,
2026-04-14,15:51:15.150,7.62,100,100,100,-0.023,140.61,70,0,8.15,-0.062,0.990,0.09,61,0,-176.03,-2.47,10,0.10,3.84,3.85,3.85,3.85,3.85,3.85,3.86,3.84,30.95,0.0,-30,-30,23.5,260,-681,-1024,-27,0,1000,0,-1024,1,-1,-1,1,-1,-1,-1,-1,-1,-1,0,0,
2026-04-14,15:51:15.420,7.62,100,100,100,-0.071,140.75,70,0,8.13,-0.048,0.984,0.29,59,0,-176.88,-1.89,10,0.10,3.84,3.85,3.85,3.85,3.85,3.85,3.86,3.84,30.95,0.0,-30,-30,21.7,729,-656,-1024,-34,0,1000,0,-1024,1,-1,-1,1,-1,-1,-1,-1,-1,-1,0,0,
2026-04-14,15:51:15.690,7.62,100,100,100,-0.089,140.76,69,0,8.11,-0.062,0.965,0.21,58,0,-177.62,-1.51,10,0.10,3.84,3.85,3.85,3.85,3.85,3.85,3.86,3.85,30.95,0.0,-30,-30,13.9,949,-646,-1024,-17,0,1001,0,-1024,1,-1,-1,1,-1,-1,-1,-1,-1,-1,0,0,
2026-04-14,15:51:15.950,7.62,100,100,100,-0.117,140.76,67,0,8.09,-0.061,1.018,0.08,60,0,-179.28,-1.85,10,0.10,3.84,3.85,3.85,3.85,3.85,3.85,3.86,3.85,30.95,0.0,-30,-30,10.7,1007,-554,-792,0,0,1000,0,-1024,1,-1,-1,1,-1,-1,-1,-1,-1,-1,0,0,
2026-04-14,15:51:16.210,7.62,100,100,100,-0.098,140.79,63,0,8.08,-0.057,1.001,0.08,60,0,-61.09,-1.89,10,0.10,3.84,3.85,3.85,3.86,3.85,3.85,3.86,3.85,30.95,0.0,-30,-30,10.7,1014,-151,-595,0,0,1001,0,-1024,1,-1,-1,1,-1,-1,-1,-1,-1,-1,0,0,
2026-04-14,15:51:16.470,7.62,100,100,100,-0.122,140.64,61,0,8.10,-0.043,1.034,-0.20,57,0,178.61,-1.04,10,0.10,3.84,3.85,3.85,3.86,3.85,3.85,3.86,3.85,30.95,0.0,-30,-30,15.4,1016,1,-487,0,0,1001,0,-1024,1,-1,-1,1,-1,-1,-1,-1,-1,-1,0,0,
2026-04-14,15:51:16.740,7.62,100,100,100,-0.083,140.66,58,0,8.10,-0.097,0.965,-0.15,51,0,177.23,-1.84,10,0.10,3.84,3.85,3.85,3.86,3.85,3.85,3.85,3.85,30.92,2.6,-30,-30,10.7,1016,5,-420,0,0,1001,0,-1024,1,-1,-1,1,-1,-1,-1,-1,-1,-1,0,0,
2026-04-14,15:51:17.010,7.62,100,100,100,-0.114,140.66,56,0,8.14,-0.110,1.018,-0.15,50,0,176.60,-2.48,10,0.10,3.84,3.85,3.85,3.86,3.85,3.85,3.85,3.85,30.92,2.6,-30,-30,0.0,1015,10,-580,0,0,1000,0,-1024,1,-1,-1,1,-1,-1,-1,-1,-1,-1,0,0,
2026-04-14,15:51:17.270,7.62,100,100,100,-0.085,140.49,54,0,8.11,-0.059,0.938,-0.31,53,0,175.86,-3.08,10,0.10,3.84,3.85,3.85,3.85,3.85,3.85,3.85,3.85,30.93,1.6,-30,-30,0.0,1016,10,-571,0,0,1000,0,-1024,1,-1,-1,1,-1,-1,-1,-1,-1,-1,0,0,
2026-04-14,15:51:17.550,7.62,100,100,100,-0.075,140.58,54,0,8.10,-0.052,0.961,-0.20,57,0,175.65,-3.44,10,0.10,3.84,3.85,3.85,3.85,3.85,3.85,3.85,3.85,30.93,1.6,-30,-30,0.0,1019,10,-526,0,0,1000,0,-1024,1,-1,-1,1,-1,-1,-1,-1,-1,-1,0,0,
2026-04-14,15:51:17.810,7.62,100,100,100,-0.085,140.66,57,0,8.11,-0.074,1.031,0.24,64,0,175.30,-4.01,10,0.10,3.84,3.85,3.85,3.85,3.85,3.85,3.85,3.85,30.93,1.3,-30,-30,0.0,1022,10,-511,0,0,1000,0,-1024,1,-1,-1,1,-1,-1,-1,-1,-1,-1,0,0,
2026-04-14,15:51:18.070,7.62,100,100,100,-0.081,140.76,58,0,8.13,-0.086,1.012,0.29,67,0,175.02,-4.65,10,0.10,3.84,3.85,3.85,3.85,3.85,3.85,3.85,3.85,30.93,1.3,-30,-30,0.0,1021,10,-631,0,0,1000,0,-1024,1,-1,-1,1,-1,-1,-1,-1,-1,-1,0,0,
2026-04-14,15:51:18.340,7.62,100,100,100,-0.072,140.80,59,0,8.14,-0.072,0.997,0.23,70,0,174.95,-4.84,10,0.10,3.84,3.86,3.85,3.85,3.85,3.85,3.85,3.85,30.94,1.9,-30,-30,8.9,1020,11,-728,0,0,1001,0,-1024,1,-1,-1,1,-1,-1,-1,-1,-1,-1,0,0,
2026-04-14,15:51:18.620,7.62,99,100,100,-0.072,140.80,57,0,8.15,-0.070,1.034,0.28,69,0,175.05,-5.25,10,0.10,3.84,3.86,3.85,3.85,3.85,3.85,3.85,3.85,30.93,0.0,-30,-30,0.0,1022,11,-564,0,0,1000,0,-1024,1,-1,-1,1,-1,-1,-1,-1,-1,-1,0,0,
2026-04-14,15:51:18.880,7.62,99,100,100,-0.044,141.05,56,0,8.14,-0.098,1.005,0.44,67,0,175.35,-5.44,10,0.10,3.84,3.86,3.85,3.85,3.85,3.85,3.85,3.85,30.93,0.0,-30,-30,0.0,1022,11,-423,0,0,1000,0,-1024,1,-1,-1,1,-1,-1,-1,-1,-1,-1,0,0,
2026-04-14,15:51:19.150,7.62,99,100,100,-0.035,141.06,56,0,8.16,-0.109,1.005,0.23,65,0,175.46,-5.48,10,0.10,3.84,3.86,3.85,3.85,3.85,3.85,3.85,3.85,30.91,4.0,-30,-30,0.0,1022,10,-395,0,0,1000,0,-1024,1,-1,-1,1,-1,-1,-1,-1,-1,-1,0,0,
2026-04-14,15:51:19.410,7.62,99,100,100,-0.030,140.92,56,0,8.16,-0.124,0.978,0.23,62,0,175.99,-5.69,10,0.10,3.84,3.85,3.85,3.85,3.85,3.85,3.85,3.85,30.91,4.0,-30,-30,0.0,1022,11,-395,0,0,1001,0,-1024,1,-1,-1,1,-1,-1,-1,-1,-1,-1,0,0,
2026-04-14,15:51:19.670,7.62,99,100,100,-0.059,140.81,54,0,8.17,-0.123,0.996,-0.35,59,0,176.21,-5.71,10,0.10,3.84,3.85,3.84,3.85,3.85,3.85,3.85,3.85,30.93,2.6,-30,-30,0.0,1022,11,-599,0,0,1000,0,-1024,1,-1,-1,1,-1,-1,-1,-1,-1,-1,0,0,
2026-04-14,15:51:19.940,7.62,99,100,100,-0.026,140.81,53,0,8.17,-0.062,0.957,-0.17,56,0,176.45,-6.21,10,0.10,3.84,3.85,3.84,3.85,3.84,3.85,3.85,3.85,30.93,2.6,-30,-30,8.9,1023,11,-581,0,0,1000,0,-1024,1,-1,-1,1,-1,-1,-1,-1,-1,-1,0,0,
2026-04-14,15:51:20.210,7.62,100,100,100,-0.037,141.09,51,0,8.14,-0.111,0.977,0.39,56,0,176.51,-6.30,10,0.10,3.84,3.85,3.84,3.85,3.84,3.85,3.85,3.85,30.91,1.0,-30,-30,0.0,1023,11,-393,0,0,1001,0,-1024,1,-1,-1,1,-1,-1,-1,-1,-1,-1,0,0,
2026-04-14,15:51:20.470,7.62,100,100,100,-0.044,140.96,50,0,8.15,-0.120,0.972,0.39,52,0,176.56,-6.03,10,0.10,3.84,3.85,3.84,3.85,3.84,3.85,3.85,3.84,30.91,1.0,-30,-30,6.1,1022,11,-492,0,0,1001,0,-1024,1,-1,-1,1,-1,-1,-1,-1,-1,-1,0,0,
2026-04-14,15:51:20.730,7.62,100,100,100,-0.031,140.82,51,0,8.16,-0.062,0.990,-0.34,51,0,176.62,-6.13,10,0.10,3.84,3.85,3.84,3.85,3.84,3.85,3.85,3.84,30.95,2.6,-30,-30,12.4,1013,11,-1014,0,0,1000,0,-1024,1,-1,-1,1,-1,-1,-1,-1,-1,-1,0,0,
2026-04-14,15:51:21.000,7.62,98,100,100,-0.035,141.02,52,0,8.17,-0.062,0.974,0.16,52,0,176.76,-6.31,10,0.10,3.84,3.85,3.85,3.85,3.84,3.85,3.85,3.84,30.95,2.6,-30,-30,0.0,941,12,-1023,0,0,1001,0,-1024,1,-1,-1,1,-1,-1,-1,-1,-1,-1,0,0,
2026-04-14,15:51:21.260,7.63,98,100,100,-0.019,141.26,53,0,8.22,-0.056,1.036,0.61,49,0,177.00,-5.95,10,0.10,3.84,3.85,3.85,3.85,3.85,3.85,3.85,3.84,30.95,0.0,-30,-30,0.0,802,11,-1024,0,0,1001,0,-1024,1,-1,-1,1,-1,-1,-1,-1,-1,-1,0,0,
2026-04-14,15:51:21.520,7.62,97,100,100,-0.041,141.44,54,0,8.12,-0.056,0.956,0.63,51,0,177.14,-5.69,10,0.10,3.84,3.85,3.85,3.85,3.85,3.85,3.86,3.85,30.95,0.0,-30,-30,0.0,61,12,-1024,0,0,1000,0,-1024,1,-1,-1,1,-1,-1,-1,-1,-1,-1,0,0,
2026-04-14,15:51:21.790,7.62,99,100,100,0.014,141.67,54,0,8.14,-0.069,0.982,0.73,53,0,177.45,-5.26,10,0.10,3.84,3.86,3.85,3.85,3.85,3.85,3.86,3.85,30.95,0.0,-30,-30,0.0,0,11,-1024,0,0,1001,0,-1024,1,-1,-1,1,-1,-1,-1,-1,-1,-1,0,0,
2026-04-14,15:51:22.050,7.62,99,100,100,-0.020,141.77,55,0,8.15,-0.058,1.007,0.58,53,0,177.89,-4.86,10,0.10,3.84,3.86,3.85,3.86,3.85,3.85,3.86,3.85,30.95,0.0,-30,-30,0.0,0,12,-1024,0,0,1001,0,-1024,1,-1,-1,1,-1,-1,-1,-1,-1,-1,0,0,
2026-04-14,15:51:22.310,7.62,99,99,99,-0.011,141.76,55,0,8.23,-0.051,0.970,0.20,54,0,178.04,-4.86,10,0.10,3.84,3.86,3.85,3.86,3.85,3.85,3.86,3.85,30.95,0.0,-30,-30,0.0,0,11,-1024,0,0,1001,0,-1024,1,-1,-1,1,-1,-1,-1,-1,-1,-1,0,0,
2026-04-14,15:51:22.570,7.62,99,99,99,-0.022,141.68,55,0,8.23,-0.126,0.979,-0.06,55,0,178.14,-4.62,10,0.10,3.84,3.86,3.85,3.86,3.85,3.85,3.86,3.85,30.95,0.0,-30,-30,0.0,0,11,-1024,0,0,1001,0,-1024,1,-1,-1,1,-1,-1,-1,-1,-1,-1,0,0,
2026-04-14,15:51:22.840,7.62,99,99,99,0.000,141.59,56,0,8.22,-0.138,0.963,-0.24,56,0,178.23,-4.95,10,0.10,3.84,3.86,3.85,3.86,3.85,3.85,3.86,3.85,30.96,0.0,-30,-30,0.0,0,12,-1024,0,0,1000,0,-1024,1,-1,-1,1,-1,-1,-1,-1,-1,-1,0,0,
2026-04-14,15:51:23.120,7.62,100,100,99,-0.016,141.51,59,0,8.19,-0.127,0.976,-0.19,57,0,178.41,-5.30,10,0.10,3.84,3.86,3.85,3.86,3.85,3.85,3.86,3.85,30.96,0.0,-30,-30,0.0,0,11,-1024,0,0,1001,0,-1024,1,-1,-1,1,-1,-1,-1,-1,-1,-1,0,0,
2026-04-14,15:51:23.380,7.62,100,100,99,-0.019,141.51,62,0,8.21,-0.127,0.976,-0.08,59,0,178.53,-5.60,10,0.10,3.84,3.86,3.85,3.85,3.85,3.85,3.86,3.85,30.96,0.0,-30,-30,0.0,0,11,-1024,0,0,1000,0,-1024,1,-1,-1,1,-1,-1,-1,-1,-1,-1,0,0,
2026-04-14,15:51:23.640,7.62,100,100,99,-0.019,141.56,63,0,8.19,-0.120,0.973,0.05,59,0,178.60,-5.70,10,0.10,3.84,3.86,3.85,3.85,3.85,3.86,3.86,3.85,30.96,0.0,-30,-30,0.0,0,11,-1024,0,0,1000,0,-1024,1,-1,-1,1,-1,-1,-1,-1,-1,-1,0,0,
2026-04-14,15:51:23.900,7.62,100,100,99,-0.010,141.60,64,0,8.18,-0.120,0.975,0.14,57,0,178.71,-5.92,10,0.10,3.84,3.86,3.85,3.85,3.85,3.86,3.86,3.85,30.96,0.0,-30,-30,0.0,0,12,-1024,0,0,1001,0,-1024,1,-1,-1,1,-1,-1,-1,-1,-1,-1,0,0,
2026-04-14,15:51:24.160,7.62,100,100,99,-0.007,141.59,63,0,8.17,-0.130,0.975,0.03,56,0,178.76,-6.02,10,0.10,3.84,3.86,3.85,3.85,3.85,3.86,3.86,3.85,30.96,0.0,-30,-30,0.0,0,11,-1024,0,0,1001,0,-1024,1,-1,-1,1,-1,-1,-1,-1,-1,-1,0,0,
2026-04-14,15:51:24.430,7.62,100,100,99,-0.021,141.63,64,0,8.17,-0.124,0.978,0.06,55,0,178.86,-6.13,10,0.10,3.84,3.86,3.85,3.85,3.85,3.86,3.86,3.85,30.96,0.0,-30,-30,0.0,0,11,-1024,0,0,1000,0,-1024,1,-1,-1,1,-1,-1,-1,-1,-1,-1,0,0,
2026-04-14,15:51:24.700,7.62,99,99,99,-0.025,141.72,64,0,8.19,-0.126,0.967,0.25,52,0,178.91,-6.20,10,0.10,3.84,3.86,3.85,3.86,3.85,3.86,3.86,3.85,30.96,0.0,-30,-30,0.0,0,12,-1024,0,0,1000,0,-1024,1,-1,-1,1,-1,-1,-1,-1,-1,-1,0,0,
2026-04-14,15:51:24.970,7.62,98,99,99,-0.016,141.72,62,0,8.20,-0.129,0.972,0.10,50,0,178.97,-6.34,10,0.10,3.84,3.86,3.85,3.86,3.85,3.86,3.86,3.85,30.96,0.0,-30,-30,0.0,0,11,-1024,0,0,1000,0,-1024,1,-1,-1,1,-1,-1,-1,-1,-1,-1,0,0,
2026-04-14,15:51:25.240,7.62,98,99,99,-0.003,141.78,59,0,8.18,-0.124,0.979,0.16,50,0,179.04,-6.43,10,0.10,3.84,3.86,3.85,3.86,3.85,3.86,3.86,3.85,30.97,0.0,-30,-30,0.0,0,12,-1024,0,0,1000,0,-1024,1,-1,-1,1,-1,-1,-1,-1,-1,-1,0,0,
2026-04-14,15:51:25.510,7.62,99,99,99,-0.027,141.75,58,0,8.18,-0.128,0.982,0.01,51,0,179.08,-6.46,10,0.10,3.84,3.86,3.85,3.86,3.85,3.86,3.86,3.85,30.97,0.0,-30,-30,0.0,0,12,-1024,0,0,1000,0,-1024,1,-1,-1,1,-1,-1,-1,-1,-1,-1,0,0,
2026-04-14,15:51:25.770,7.62,100,100,99,-0.025,141.67,57,0,8.17,-0.123,0.980,-0.07,46,0,179.11,-6.53,10,0.10,3.84,3.86,3.85,3.86,3.85,3.86,3.86,3.85,30.98,0.0,-30,-30,0.0,0,12,-1024,0,0,1000,0,-1024,1,-1,-1,1,-1,-1,-1,-1,-1,-1,0,0,
2026-04-14,15:51:26.030,7.62,100,100,99,-0.027,141.75,56,0,8.20,-0.122,0.974,0.12,50,0,179.14,-6.61,10,0.10,3.84,3.86,3.85,3.86,3.85,3.86,3.86,3.85,30.98,0.0,-30,-30,0.0,0,11,-1024,0,0,1001,0,-1024,1,-1,-1,1,-1,-1,-1,1,-1,-1,1,0,
2026-04-14,15:51:26.290,7.62,100,100,100,-0.016,141.76,55,0,8.20,-0.122,0.969,0.15,49,0,179.14,-6.67,10,0.10,3.84,3.86,3.85,3.86,3.85,3.86,3.86,3.85,30.98,0.0,-30,-30,0.0,0,11,-1024,0,0,1000,0,-1024,1,-1,-1,1,-1,-1,-1,-1,-1,-1,1,0,
2026-04-14,15:51:26.560,7.62,100,100,100,-0.005,141.76,55,0,8.19,-0.126,0.972,-0.13,47,0,179.17,-6.72,10,0.10,3.84,3.86,3.85,3.86,3.85,3.86,3.86,3.85,30.98,0.0,-30,-30,0.0,0,11,-1024,0,0,1000,0,-1024,1,-1,-1,1,-1,-1,-1,-1,-1,-1,1,0,
2026-04-14,15:51:26.820,7.62,100,100,100,-0.009,141.84,54,0,8.18,-0.126,0.976,0.21,47,0,179.19,-6.73,10,0.10,3.84,3.86,3.85,3.86,3.85,3.86,3.86,3.85,30.98,0.0,-30,-30,0.0,0,12,-1024,0,0,1000,0,-1024,1,-1,-1,1,-1,-1,-1,-1,-1,-1,1,0,
2026-04-14,15:51:27.090,7.62,99,100,100,-0.033,141.91,53,0,8.17,-0.124,0.971,0.28,45,0,179.22,-6.79,10,0.10,3.84,3.86,3.85,3.86,3.85,3.86,3.86,3.85,30.98,0.0,-30,-30,0.0,0,12,-1024,0,0,1001,0,-1024,1,-1,-1,1,-1,-1,-1,-1,-1,-1,0,0,
2026-04-14,15:51:27.360,7.62,99,100,100,0.006,141.95,51,0,8.17,-0.123,0.991,0.17,50,0,179.21,-6.83,10,0.10,3.84,3.86,3.85,3.86,3.85,3.86,3.86,3.85,30.98,0.0,-30,-30,0.0,0,12,-1024,0,0,1000,0,-1024,1,-1,-1,1,-1,-1,-1,-1,-1,-1,0,0,
2026-04-14,15:51:27.620,7.62,99,100,100,-0.001,141.97,51,0,8.17,-0.115,0.971,0.11,52,0,179.24,-6.85,10,0.10,3.84,3.86,3.85,3.86,3.85,3.86,3.86,3.85,30.98,0.0,-30,-30,0.0,0,11,-1024,0,0,1000,0,-1024,1,-1,-1,1,-1,-1,-1,-1,-1,-1,0,0,
2026-04-14,15:51:27.890,7.62,100,100,100,-0.034,141.85,52,0,8.17,-0.125,0.959,-0.13,56,0,179.27,-6.88,10,0.10,3.84,3.86,3.85,3.86,3.85,3.86,3.86,3.85,30.98,0.0,-30,-30,0.0,0,11,-1024,0,0,1000,0,-1024,1,-1,-1,1,-1,-1,-1,-1,-1,-1,0,0,
2026-04-14,15:51:28.160,7.62,100,100,100,-0.023,141.82,57,0,8.17,-0.125,0.995,-0.19,53,0,179.27,-6.89,10,0.10,3.84,3.86,3.86,3.86,3.85,3.86,3.86,3.85,30.98,0.0,-30,-30,0.0,0,11,-1024,0,0,1000,0,-1024,1,-1,-1,1,-1,-1,-1,-1,-1,-1,0,0,
2026-04-14,15:51:28.420,7.62,100,100,100,-0.003,141.86,60,0,8.17,-0.107,0.937,0.02,56,0,179.28,-6.92,10,0.10,3.84,3.86,3.86,3.86,3.85,3.86,3.86,3.85,30.98,0.0,-30,-30,0.0,0,11,-1024,0,0,1000,0,-1024,1,-1,-1,1,-1,-1,-1,-1,-1,-1,0,0,
2026-04-14,15:51:28.680,7.62,100,100,100,0.026,141.87,60,0,8.17,-0.115,0.924,0.04,55,0,179.28,-6.93,10,0.10,3.84,3.86,3.86,3.86,3.85,3.86,3.86,3.85,30.99,0.0,-30,-30,0.0,0,12,-1024,0,0,1000,0,-1024,1,-1,-1,1,-1,-1,-1,-1,-1,-1,0,0,
2026-04-14,15:51:28.940,7.62,100,100,100,0.026,141.80,61,0,8.17,-0.116,0.961,-0.07,55,0,179.30,-6.92,10,0.10,3.84,3.86,3.86,3.86,3.85,3.86,3.86,3.85,30.99,0.0,-30,-30,0.0,0,11,-1024,0,0,1000,0,-1024,1,-1,-1,1,-1,1,-1,-1,-1,-1,0,0,
2026-04-14,15:51:29.200,7.62,100,100,100,-0.040,141.75,62,0,8.17,-0.137,0.978,-0.20,54,0,179.31,-6.93,10,0.10,3.84,3.86,3.86,3.86,3.85,3.86,3.86,3.85,30.99,0.0,-30,-30,0.0,0,12,-1024,0,0,1000,0,-1024,1,-1,-1,1,-1,1,-1,-1,-1,-1,0,0,
2026-04-14,15:51:29.470,7.62,100,100,100,-0.025,141.69,61,0,8.17,-0.143,0.999,-0.15,54,0,179.29,-6.97,10,0.10,3.84,3.86,3.86,3.86,3.85,3.86,3.86,3.85,30.99,0.0,-30,-30,0.0,0,12,-1024,0,0,1000,0,-1024,1,-1,-1,1,-1,1,-1,-1,-1,-1,0,0,
2026-04-14,15:51:29.730,7.62,100,100,100,-0.010,141.63,59,0,8.17,-0.126,0.979,-0.17,56,0,179.28,-6.97,10,0.10,3.84,3.86,3.86,3.86,3.85,3.86,3.86,3.85,30.99,0.0,-30,-30,0.0,0,12,-1024,0,0,1000,0,-1024,1,-1,-1,1,-1,1,-1,-1,-1,-1,0,0,
2026-04-14,15:51:29.990,7.62,100,100,100,0.000,141.62,58,0,8.17,-0.126,0.964,-0.16,59,0,179.31,-6.98,10,0.10,3.84,3.86,3.86,3.86,3.85,3.86,3.86,3.85,30.99,0.0,-30,-30,0.0,0,12,-1024,0,0,1000,0,-1024,1,-1,-1,1,-1,1,-1,-1,-1,-1,0,0,
2026-04-14,15:51:30.250,7.62,100,100,100,-0.016,141.53,58,0,8.17,-0.131,0.961,-0.17,56,0,179.31,-7.00,10,0.10,3.84,3.87,3.86,3.86,3.85,3.86,3.86,3.85,30.99,0.0,-30,-30,0.0,0,11,-1024,0,0,1000,0,-1024,1,-1,-1,1,-1,1,-1,-1,-1,-1,0,0,
2026-04-14,15:51:30.520,7.62,100,100,100,-0.008,141.43,58,0,8.17,-0.138,0.981,-0.17,57,0,179.31,-7.00,10,0.10,3.84,3.87,3.86,3.86,3.85,3.86,3.86,3.85,30.99,0.0,-30,-30,0.0,0,12,-1024,0,0,1000,0,-1024,1,-1,-1,1,-1,1,-1,-1,-1,-1,0,0,
2026-04-14,15:51:30.780,7.62,100,100,100,-0.008,141.34,58,0,8.17,-0.119,0.971,-0.33,56,0,179.32,-6.98,10,0.10,3.84,3.87,3.86,3.86,3.85,3.86,3.86,3.85,30.99,0.0,-30,-30,0.0,0,12,-1024,0,0,1000,0,-1024,1,-1,-1,1,-1,1,-1,-1,-1,-1,0,0,
2026-04-14,15:51:31.040,7.62,100,100,100,-0.014,141.28,59,0,8.17,-0.112,0.974,-0.28,57,0,179.33,-6.99,10,0.10,3.84,3.87,3.86,3.86,3.85,3.86,3.86,3.85,30.99,0.0,-30,-30,0.0,0,11,-1024,0,0,1000,0,-1024,1,-1,-1,1,-1,1,-1,-1,-1,-1,0,0,
2026-04-14,15:51:31.320,7.62,98,100,100,-0.026,141.14,59,0,8.17,-0.112,0.957,-0.19,60,0,179.33,-7.00,10,0.10,3.84,3.87,3.86,3.86,3.85,3.86,3.86,3.85,30.99,0.0,-30,-30,0.0,0,12,-1024,0,0,1000,0,-1024,1,-1,-1,1,-1,1,-1,-1,-1,-1,0,0,
2026-04-14,15:51:31.590,7.62,98,100,100,-0.025,141.14,58,0,8.17,-0.123,0.972,-0.28,59,0,179.33,-6.96,10,0.10,3.84,3.87,3.86,3.86,3.85,3.86,3.86,3.85,30.99,0.0,-30,-30,0.0,0,12,-1024,0,0,1000,0,-1024,1,-1,-1,1,-1,1,-1,-1,-1,-1,0,0,
2026-04-14,15:51:31.850,7.62,98,100,100,-0.025,141.14,52,0,8.17,-0.123,0.972,-0.28,59,0,179.33,-6.96,10,0.10,3.84,3.87,3.86,3.86,3.85,3.86,3.86,3.85,30.99,0.0,-30,-30,0.0,0,12,-1024,0,0,1000,0,-1024,1,-1,-1,1,-1,1,-1,-1,-1,-1,0,0,
2026-04-14,15:51:32.110,7.62,98,100,100,-0.025,141.14,47,1,8.17,-0.123,0.972,-0.28,59,0,179.33,-6.96,10,0.10,3.84,3.87,3.86,3.86,3.85,3.86,3.86,3.85,30.99,0.0,-30,-30,0.0,0,12,-1024,0,0,1001,0,-1024,1,-1,-1,1,-1,1,-1,-1,-1,-1,0,0,
2026-04-14,15:51:32.370,7.62,98,100,100,-0.025,141.14,44,2,8.17,-0.123,0.972,-0.28,59,0,179.33,-6.96,10,0.10,3.84,3.87,3.86,3.86,3.85,3.86,3.86,3.85,30.99,0.0,-30,-30,0.0,0,12,-1024,0,0,1001,0,-1024,1,-1,-1,1,-1,1,-1,-1,-1,-1,0,0,
2026-04-14,15:51:32.630,7.62,98,100,100,-0.025,141.14,44,2,8.17,-0.123,0.972,-0.28,59,0,179.33,-6.96,10,0.10,3.84,3.87,3.86,3.86,3.85,3.86,3.86,3.85,30.99,0.0,-30,-30,0.0,0,12,-1024,0,0,1001,0,-1024,1,-1,-1,1,-1,1,-1,-1,-1,-1,0,0,
2026-04-14,15:51:32.900,7.62,98,100,100,-0.025,141.14,44,2,8.17,-0.123,0.972,-0.28,59,0,179.33,-6.96,10,0.10,3.84,3.87,3.86,3.86,3.85,3.86,3.86,3.85,30.99,0.0,-30,-30,0.0,0,12,-1024,0,0,1001,0,-1024,1,-1,-1,1,-1,1,-1,-1,-1,-1,0,0,
2026-04-14,15:51:33.160,7.62,98,100,100,-0.025,141.14,44,2,8.17,-0.123,0.972,-0.28,59,0,179.33,-6.96,10,0.10,3.84,3.87,3.86,3.86,3.85,3.86,3.86,3.85,30.99,0.0,-30,-30,0.0,0,12,-1024,0,0,1001,0,-1024,1,-1,-1,1,-1,1,-1,-1,-1,-1,0,0,
2026-04-14,15:51:33.420,7.62,98,100,100,-0.025,141.14,44,2,8.17,-0.123,0.972,-0.28,59,0,179.33,-6.96,10,0.10,3.84,3.87,3.86,3.86,3.85,3.86,3.86,3.85,30.99,0.0,-30,-30,0.0,0,12,-1024,0,0,1000,0,-1024,1,-1,-1,1,-1,1,-1,-1,-1,-1,0,0,
2026-04-14,15:51:33.690,7.62,98,100,100,-0.025,141.14,44,2,8.17,-0.123,0.972,-0.28,59,0,179.33,-6.96,10,0.10,3.84,3.87,3.86,3.86,3.85,3.86,3.86,3.85,30.99,0.0,-30,-30,0.0,0,13,-1024,0,0,1000,0,-1024,1,-1,-1,1,-1,1,-1,-1,-1,-1,0,0,
2026-04-14,15:51:33.950,7.62,98,100,100,-0.025,141.14,44,2,8.17,-0.123,0.972,-0.28,59,0,179.33,-6.96,10,0.10,3.84,3.87,3.86,3.86,3.85,3.86,3.86,3.85,30.99,0.0,-30,-30,0.0,0,13,-1024,0,0,1001,0,-1024,1,-1,-1,1,-1,1,-1,-1,-1,-1,0,0,
2026-04-14,15:51:34.210,7.62,98,100,100,-0.025,141.14,44,2,8.17,-0.123,0.972,-0.28,59,0,179.33,-6.96,10,0.10,3.84,3.87,3.86,3.86,3.85,3.86,3.86,3.85,30.99,0.0,-30,-30,0.0,0,13,-1024,0,0,1000,0,-1024,1,-1,-1,1,-1,1,-1,-1,-1,-1,0,0,
2026-04-14,15:51:34.480,7.62,98,100,100,-0.025,141.14,44,2,8.17,-0.123,0.972,-0.28,59,0,179.33,-6.96,10,0.10,3.84,3.87,3.86,3.86,3.85,3.86,3.86,3.85,30.99,0.0,-30,-30,0.0,0,12,-1024,0,0,1001,0,-1024,1,-1,-1,1,-1,1,-1,-1,-1,-1,0,0,
2026-04-14,15:51:34.740,7.61,98,100,100,-0.025,141.14,44,2,8.17,-0.123,0.972,-0.28,59,0,179.33,-6.96,10,0.10,3.84,3.87,3.86,3.86,3.85,3.86,3.86,3.85,30.99,0.0,-30,-30,0.0,0,12,-1024,0,0,1000,0,-1024,1,-1,-1,1,-1,1,-1,-1,-1,-1,0,0,
2026-04-14,15:51:35.010,7.61,98,100,100,-0.025,141.14,44,2,8.17,-0.123,0.972,-0.28,59,0,179.33,-6.96,10,0.10,3.84,3.87,3.86,3.86,3.85,3.86,3.86,3.85,30.99,0.0,-30,-30,0.0,0,12,-1024,0,0,1000,0,-1024,1,-1,-1,1,-1,1,-1,-1,-1,-1,0,0,
2026-04-14,15:51:35.270,7.61,98,100,100,-0.025,141.14,44,2,8.17,-0.123,0.972,-0.28,59,0,179.33,-6.96,10,0.10,3.84,3.87,3.86,3.86,3.85,3.86,3.86,3.85,30.99,0.0,-30,-30,0.0,0,12,-1024,0,0,1001,0,-1024,1,-1,-1,1,-1,1,-1,-1,-1,-1,0,0,
2026-04-14,15:51:35.530,7.61,98,100,100,-0.025,141.14,44,2,8.17,-0.123,0.972,-0.28,59,0,179.33,-6.96,10,0.10,3.84,3.87,3.86,3.86,3.85,3.86,3.86,3.85,30.99,0.0,-30,-30,0.0,0,12,-1024,0,0,1000,0,-1024,1,-1,-1,1,-1,1,-1,-1,-1,-1,0,0,
2026-04-14,15:51:35.800,7.61,98,100,100,-0.025,141.14,44,2,8.17,-0.123,0.972,-0.28,59,0,179.33,-6.96,10,0.10,3.84,3.87,3.86,3.86,3.85,3.86,3.86,3.85,30.99,0.0,-30,-30,0.0,0,12,-1024,0,0,1001,0,-1024,1,-1,-1,1,-1,1,-1,-1,-1,-1,0,0,
2026-04-14,15:51:36.060,7.61,98,100,100,-0.025,141.14,44,2,8.17,-0.123,0.972,-0.28,59,0,179.33,-6.96,10,0.10,3.84,3.87,3.86,3.86,3.85,3.86,3.86,3.85,30.99,0.0,-30,-30,0.0,-201,-354,-1024,40,0,1000,0,-1024,1,-1,-1,1,-1,1,-1,-1,-1,-1,0,0,
2026-04-14,15:51:36.320,7.61,98,100,100,-0.025,141.14,44,2,8.17,-0.123,0.972,-0.28,59,0,179.33,-6.96,10,0.10,3.84,3.87,3.86,3.86,3.85,3.86,3.86,3.85,30.99,0.0,-30,-30,0.0,-144,-170,-1024,0,0,1000,0,-1024,1,-1,-1,1,-1,1,-1,-1,-1,-1,0,0,
2026-04-14,15:51:36.590,7.62,98,100,100,-0.025,141.14,44,2,8.17,-0.123,0.972,-0.28,59,0,179.33,-6.96,10,0.10,3.84,3.87,3.86,3.86,3.85,3.86,3.86,3.85,30.99,0.0,-30,-30,0.0,0,8,-1024,0,0,1001,0,-1024,1,-1,-1,1,-1,1,-1,-1,-1,-1,0,0,
2026-04-14,15:51:36.860,7.62,98,100,100,-0.025,141.14,44,2,8.17,-0.123,0.972,-0.28,59,0,179.33,-6.96,10,0.10,3.84,3.87,3.86,3.86,3.85,3.86,3.86,3.85,30.99,0.0,-30,-30,0.0,0,13,-1024,0,0,1001,0,-1024,1,-1,-1,1,-1,1,-1,-1,-1,-1,0,0,
2026-04-14,15:51:37.130,7.62,98,100,100,-0.025,141.14,44,2,8.17,-0.123,0.972,-0.28,59,0,179.33,-6.96,10,0.10,3.84,3.87,3.86,3.86,3.85,3.86,3.86,3.85,30.99,0.0,-30,-30,0.0,0,12,-1024,0,0,1000,0,-1024,1,-1,-1,1,-1,1,-1,-1,-1,-1,0,0,
2026-04-14,15:51:37.410,7.62,98,100,100,-0.025,141.14,44,2,8.17,-0.123,0.972,-0.28,59,0,179.33,-6.96,10,0.10,3.84,3.87,3.86,3.86,3.85,3.86,3.86,3.85,30.99,0.0,-30,-30,0.0,0,13,-1024,0,0,1000,0,-1024,1,-1,-1,1,-1,1,-1,-1,-1,-1,0,0,
2026-04-14,15:51:37.670,7.62,98,100,100,-0.025,141.14,44,2,8.17,-0.123,0.972,-0.28,59,0,179.33,-6.96,10,0.10,3.84,3.87,3.86,3.86,3.85,3.86,3.86,3.85,30.99,0.0,-30,-30,0.0,0,13,-1024,0,0,1000,0,-1024,1,-1,-1,1,-1,1,-1,-1,-1,-1,0,0,
2026-04-14,15:51:37.940,7.62,98,100,100,-0.025,141.14,44,2,8.17,-0.123,0.972,-0.28,59,0,179.33,-6.96,10,0.10,3.84,3.87,3.86,3.86,3.85,3.86,3.86,3.85,30.99,0.0,-30,-30,0.0,0,13,-1024,0,0,1001,0,-1024,1,-1,-1,1,-1,1,-1,-1,-1,-1,0,0,
2026-04-14,15:51:38.200,7.62,98,100,100,-0.025,141.14,44,2,8.17,-0.123,0.972,-0.28,59,0,179.33,-6.96,10,0.10,3.84,3.87,3.86,3.86,3.85,3.86,3.86,3.85,30.99,0.0,-30,-30,0.0,0,12,-1024,0,0,1000,0,-1024,1,-1,-1,1,-1,1,-1,-1,-1,-1,0,0,
2026-04-14,15:51:38.470,7.62,98,100,100,-0.025,141.14,44,2,8.17,-0.123,0.972,-0.28,59,0,179.33,-6.96,10,0.10,3.84,3.87,3.86,3.86,3.85,3.86,3.86,3.85,30.99,0.0,-30,-30,0.0,0,13,-1024,0,0,1001,0,-1024,1,-1,-1,1,-1,1,-1,-1,-1,-1,0,0,
2026-04-14,15:51:38.730,7.62,98,100,100,-0.025,141.14,44,2,8.17,-0.123,0.972,-0.28,59,0,179.33,-6.96,10,0.10,3.84,3.87,3.86,3.86,3.85,3.86,3.86,3.85,30.99,0.0,-30,-30,0.0,0,13,-1024,0,0,1000,0,-1024,1,-1,-1,1,-1,1,-1,-1,-1,-1,0,0,
2026-04-14,15:51:38.990,7.62,98,100,100,-0.025,141.14,44,2,8.17,-0.123,0.972,-0.28,59,0,179.33,-6.96,10,0.10,3.84,3.87,3.86,3.86,3.85,3.86,3.86,3.85,30.99,0.0,-30,-30,0.0,0,12,-1024,0,0,1000,0,-1024,1,-1,-1,1,-1,1,-1,-1,-1,-1,0,0,
