Date,Time,TxBat(V),VFR 2.4G(%),Rx VFR(%),VFR 900M(%),AccY(g),Altitude(m),RSSI 2.4G(dB),RX,RxBatt(V),AccX(g),AccZ(g),VSpeed(m/s),RSSI 900M(dB),RX,R.angle(°),P.angle(°),Power 900M(mW),ADC2(V),LiPo1(V),LiPo2(V),LiPo3(V),LiPo4(V),LiPo5(V),LiPo6(V),LiPo7(V),LiPo8(V),VFAS(V),Current(A),Temp1(°C),Temp2(°C),Air speed(km/h),Rudder,Elevator,Throttle,Aileron,Pot1,Pot2,Slider left,Slider right,SA,SB,SC,SD,SE,SF,SG,SH,SI,SJ,LS1,LS2,
2026-04-14,21:01:16.030,7.64,100,100,100,-0.016,16.66,75,0,8.17,-0.116,0.976,0.09,75,0,178.65,-7.23,10,0.00,4.18,4.19,4.18,4.18,4.19,4.18,4.19,4.18,33.56,0.0,-30,-30,17.8,0,16,-1024,0,0,1000,0,0,1,-1,-1,1,-1,1,-1,-1,-1,-1,0,0,
2026-04-14,21:01:16.300,7.64,100,100,100,-0.018,16.61,76,0,8.17,-0.120,0.978,-0.05,76,0,178.65,-7.23,10,0.00,4.18,4.19,4.18,4.18,4.19,4.18,4.19,4.18,33.56,0.0,-30,-30,17.8,0,16,-1024,0,0,1000,0,0,1,-1,-1,1,-1,1,-1,-1,-1,-1,0,0,
2026-04-14,21:01:16.560,7.64,100,100,100,-0.018,16.56,76,0,8.17,-0.124,0.984,-0.16,76,0,178.65,-7.22,10,0.00,4.18,4.19,4.18,4.18,4.19,4.18,4.19,4.18,33.56,0.0,-30,-30,16.5,0,16,-1024,0,0,999,0,0,1,-1,-1,1,-1,1,-1,-1,-1,-1,0,0,
2026-04-14,21:01:16.820,7.64,100,100,100,-0.017,16.48,76,0,8.17,-0.121,0.984,-0.19,75,0,178.65,-7.22,10,0.00,4.18,4.19,4.18,4.18,4.19,4.18,4.19,4.18,33.56,0.0,-30,-30,21.7,0,16,-1024,0,0,999,0,0,1,-1,-1,1,-1,1,-1,-1,-1,-1,0,0,
2026-04-14,21:01:17.080,7.63,100,100,100,-0.016,16.48,76,0,8.17,-0.121,0.982,-0.13,75,0,178.66,-7.23,10,0.00,4.18,4.19,4.18,4.18,4.20,4.18,4.19,4.18,33.56,0.0,-30,-30,20.7,0,16,-1024,0,0,1000,0,0,1,-1,-1,1,-1,1,-1,-1,-1,-1,0,0,
2026-04-14,21:01:17.340,7.64,100,100,100,-0.017,16.51,76,0,8.17,-0.122,0.979,-0.03,75,0,178.66,-7.24,10,0.00,4.18,4.19,4.18,4.18,4.20,4.18,4.19,4.18,33.56,0.0,-30,-30,20.7,0,16,-1024,0,0,1000,0,0,1,-1,-1,1,-1,1,-1,-1,-1,-1,0,0,
2026-04-14,21:01:17.600,7.63,100,100,100,-0.026,16.62,76,0,8.17,-0.112,0.979,0.25,75,0,178.66,-7.22,10,0.00,4.18,4.19,4.18,4.18,4.20,4.18,4.19,4.18,33.56,0.0,-30,-30,19.8,0,16,-1024,0,0,999,0,0,1,-1,-1,1,-1,1,-1,-1,-1,-1,0,0,
2026-04-14,21:01:17.860,7.64,100,100,100,-0.027,16.65,76,0,8.17,-0.118,0.978,0.20,75,0,178.65,-7.22,10,0.00,4.18,4.19,4.18,4.18,4.20,4.18,4.19,4.18,33.56,0.0,-30,-30,15.4,0,16,-1024,0,0,1000,0,0,1,-1,-1,1,-1,1,-1,-1,-1,-1,0,0,
2026-04-14,21:01:18.120,7.63,100,100,100,-0.008,16.71,76,0,8.17,-0.120,0.978,0.15,76,0,178.65,-7.22,10,0.00,4.18,4.19,4.18,4.18,4.19,4.18,4.19,4.18,33.56,0.0,-30,-30,13.9,0,16,-1024,0,0,999,0,0,1,-1,-1,1,-1,1,-1,-1,-1,-1,0,0,
2026-04-14,21:01:18.380,7.64,100,100,100,-0.012,16.80,76,0,8.17,-0.125,0.977,0.29,75,0,178.66,-7.22,10,0.00,4.18,4.19,4.18,4.18,4.19,4.18,4.19,4.18,33.56,0.0,-30,-30,15.4,0,16,-1024,0,0,999,0,0,1,-1,-1,1,-1,1,-1,-1,-1,-1,0,0,
2026-04-14,21:01:18.640,7.64,100,100,100,-0.029,16.80,76,0,8.17,-0.124,0.973,0.11,76,0,178.66,-7.23,10,0.00,4.18,4.19,4.18,4.18,4.19,4.18,4.19,4.18,33.56,0.0,-30,-30,16.5,0,16,-1024,0,0,999,0,0,1,-1,-1,1,-1,1,-1,-1,-1,-1,0,0,
2026-04-14,21:01:18.900,7.64,100,100,100,-0.015,16.65,76,0,8.17,-0.122,0.976,-0.01,76,0,178.65,-7.23,10,0.00,4.18,4.19,4.18,4.18,4.19,4.18,4.19,4.18,33.56,0.0,-30,-30,17.8,0,16,-1024,0,0,1000,0,0,1,-1,-1,1,-1,1,-1,-1,-1,-1,0,0,
2026-04-14,21:01:19.160,7.64,100,100,100,-0.010,16.59,76,0,8.17,-0.120,0.978,-0.25,75,0,178.66,-7.23,10,0.00,4.18,4.19,4.18,4.18,4.19,4.18,4.19,4.18,33.56,0.0,-30,-30,17.8,0,16,-1024,0,0,999,0,0,1,-1,-1,1,-1,1,-1,-1,-1,-1,0,0,
2026-04-14,21:01:19.420,7.63,100,100,100,-0.018,16.58,76,0,8.17,-0.124,0.980,-0.14,76,0,178.66,-7.23,10,0.00,4.18,4.19,4.18,4.18,4.19,4.18,4.19,4.18,33.56,0.0,-30,-30,17.8,0,16,-1024,0,0,999,0,0,1,-1,-1,1,-1,1,-1,-1,-1,-1,0,0,
2026-04-14,21:01:19.680,7.63,100,100,100,-0.026,16.53,76,0,8.17,-0.127,0.978,-0.12,76,0,178.66,-7.23,10,0.00,4.18,4.19,4.18,4.18,4.19,4.18,4.19,4.18,33.56,0.0,-30,-30,16.5,0,16,-1024,0,0,1000,0,0,1,-1,-1,1,-1,1,-1,-1,-1,-1,0,0,
2026-04-14,21:01:19.940,7.64,100,100,100,-0.021,16.53,76,0,8.17,-0.118,0.977,-0.04,75,0,178.66,-7.23,10,0.00,4.18,4.19,4.18,4.18,4.19,4.18,4.19,4.18,33.56,0.0,-30,-30,15.4,0,16,-1024,0,0,1000,0,0,1,-1,-1,1,-1,1,-1,-1,-1,-1,0,0,
2026-04-14,21:01:20.200,7.64,100,100,100,-0.017,16.48,76,0,8.17,-0.119,0.978,-0.15,75,0,178.65,-7.23,10,0.00,4.18,4.19,4.18,4.18,4.19,4.18,4.19,4.18,33.56,0.0,-30,-30,15.4,0,16,-1024,0,0,999,0,0,1,-1,-1,1,-1,1,-1,-1,-1,-1,0,0,
2026-04-14,21:01:20.470,7.63,100,100,100,-0.017,16.49,76,0,8.17,-0.119,0.978,-0.05,75,0,178.64,-7.22,10,0.00,4.18,4.19,4.18,4.18,4.19,4.18,4.19,4.18,33.56,0.0,-30,-30,15.4,0,16,-1024,0,0,999,0,0,1,-1,-1,1,-1,1,-1,-1,-1,-1,0,0,
2026-04-14,21:01:20.750,7.63,100,100,100,-0.022,16.54,76,0,8.17,-0.120,0.978,0.08,73,0,178.66,-7.23,10,0.00,4.18,4.19,4.18,4.18,4.19,4.18,4.19,4.18,33.56,0.0,-30,-30,21.7,0,15,-1024,0,0,1000,0,0,1,-1,-1,1,-1,1,-1,-1,-1,-1,0,0,
2026-04-14,21:01:21.010,7.64,100,100,100,-0.020,16.49,75,0,8.17,-0.116,0.983,-0.02,72,0,178.65,-7.24,10,0.00,4.18,4.19,4.18,4.18,4.19,4.18,4.19,4.18,33.56,0.0,-30,-30,18.7,0,15,-1024,0,0,1000,0,0,1,-1,-1,1,-1,1,-1,-1,-1,-1,0,0,
2026-04-14,21:01:21.280,7.63,100,100,100,-0.018,16.49,75,0,8.17,-0.125,0.982,-0.06,73,0,178.65,-7.23,10,0.00,4.18,4.19,4.18,4.18,4.19,4.18,4.19,4.18,33.56,0.0,-30,-30,16.5,0,16,-1024,0,0,999,0,0,1,-1,-1,1,-1,1,-1,-1,-1,-1,0,0,
2026-04-14,21:01:21.550,7.63,100,100,100,-0.021,16.46,75,0,8.17,-0.123,0.979,-0.02,72,0,178.65,-7.23,10,0.00,4.18,4.19,4.18,4.18,4.19,4.18,4.19,4.18,33.56,0.0,-30,-30,16.5,0,15,-1024,0,0,999,0,0,1,-1,-1,1,-1,1,-1,-1,-1,-1,0,0,
2026-04-14,21:01:21.810,7.63,100,100,100,-0.019,16.41,75,0,8.17,-0.124,0.975,0.00,70,0,178.65,-7.24,10,0.00,4.18,4.19,4.18,4.18,4.19,4.18,4.19,4.18,33.56,0.0,-30,-30,25.0,0,16,-1024,0,0,999,0,0,1,-1,-1,1,-1,1,-1,-1,-1,-1,0,0,
2026-04-14,21:01:22.070,7.64,99,100,100,-0.018,16.43,75,0,8.17,-0.122,0.979,0.04,72,0,178.65,-7.25,10,0.00,4.18,4.19,4.18,4.18,4.19,4.18,4.19,4.18,33.56,0.0,-30,-30,22.6,0,16,-1024,0,0,1000,0,0,1,-1,-1,1,-1,1,-1,-1,-1,-1,0,0,
2026-04-14,21:01:22.340,7.64,99,100,100,-0.017,16.43,75,0,8.17,-0.122,0.978,-0.02,74,0,178.65,-7.24,10,0.00,4.18,4.19,4.18,4.18,4.19,4.18,4.19,4.18,33.56,0.0,-30,-30,21.7,0,16,-1024,0,0,999,0,0,1,-1,-1,1,-1,1,-1,-1,-1,-1,0,0,
2026-04-14,21:01:22.600,7.63,99,100,100,-0.018,16.48,75,0,8.17,-0.123,0.987,0.11,72,0,178.65,-7.25,10,0.00,4.18,4.19,4.18,4.18,4.19,4.18,4.19,4.18,33.56,0.0,-30,-30,25.0,0,16,-1024,0,0,999,0,0,1,-1,-1,1,-1,1,-1,-1,-1,-1,0,0,
2026-04-14,21:01:22.860,7.64,100,100,100,-0.016,16.45,76,0,8.17,-0.121,0.982,0.00,72,0,178.65,-7.25,10,0.00,4.18,4.19,4.18,4.18,4.19,4.18,4.19,4.18,33.56,0.0,-30,-30,25.7,0,16,-1024,0,0,999,0,0,1,-1,-1,1,-1,1,-1,-1,-1,-1,0,0,
2026-04-14,21:01:23.120,7.64,100,100,100,-0.023,16.41,76,0,8.17,-0.119,0.976,-0.08,73,0,178.65,-7.27,10,0.00,4.18,4.19,4.18,4.18,4.20,4.18,4.19,4.18,33.56,0.0,-30,-30,25.0,0,16,-1024,0,0,999,0,0,1,-1,-1,1,-1,1,-1,-1,-1,-1,0,0,
2026-04-14,21:01:23.380,7.64,100,100,100,-0.016,16.39,75,0,8.17,-0.124,0.989,-0.11,69,0,178.65,-7.27,10,0.00,4.18,4.19,4.18,4.18,4.20,4.18,4.19,4.18,33.56,0.0,-30,-30,23.5,0,16,-1024,0,0,999,0,0,1,-1,-1,1,-1,1,-1,-1,-1,-1,0,0,
2026-04-14,21:01:23.640,7.64,100,100,100,-0.007,16.44,75,0,8.17,-0.127,0.980,0.07,66,0,178.65,-7.28,10,0.00,4.18,4.19,4.18,4.18,4.20,4.18,4.19,4.18,33.56,0.0,-30,-30,23.5,0,16,-1024,0,0,999,0,0,1,-1,-1,1,-1,1,-1,-1,-1,-1,0,0,
2026-04-14,21:01:23.900,7.64,100,100,100,-0.023,16.48,75,0,8.17,-0.131,0.980,0.12,63,0,178.67,-7.27,10,0.00,4.18,4.19,4.18,4.18,4.20,4.18,4.19,4.18,33.56,0.0,-30,-30,24.3,0,16,-1024,0,0,1000,0,0,1,-1,-1,1,-1,1,-1,-1,-1,-1,0,0,
2026-04-14,21:01:24.160,7.64,100,100,100,-0.027,16.50,75,0,8.17,-0.123,0.981,0.10,64,0,178.65,-7.26,10,0.00,4.18,4.19,4.18,4.18,4.19,4.18,4.19,4.18,33.56,0.0,-30,-30,21.7,0,15,-1024,0,0,999,0,0,1,-1,-1,1,-1,1,-1,-1,-1,-1,0,0,
2026-04-14,21:01:24.430,7.63,100,100,100,-0.013,16.40,74,0,8.17,-0.119,0.982,-0.14,65,0,178.65,-7.26,10,0.00,4.18,4.19,4.18,4.18,4.19,4.18,4.19,4.18,33.56,0.0,-30,-30,21.7,0,15,-1024,0,0,999,0,0,1,-1,-1,1,-1,1,-1,-1,-1,-1,0,0,
2026-04-14,21:01:24.690,7.63,100,100,100,-0.024,16.34,74,0,8.17,-0.119,0.970,-0.25,66,0,178.66,-7.27,10,0.00,4.18,4.19,4.18,4.18,4.19,4.18,4.19,4.18,33.56,0.0,-30,-30,22.6,0,16,-1024,0,0,1000,0,0,1,-1,-1,1,-1,1,-1,-1,-1,-1,0,0,
2026-04-14,21:01:24.950,7.63,100,100,100,-0.022,16.32,73,0,8.17,-0.119,0.967,-0.08,68,0,178.64,-7.28,10,0.00,4.18,4.19,4.18,4.18,4.19,4.18,4.19,4.18,33.56,0.0,-30,-30,25.0,0,16,-1024,0,0,999,0,0,1,-1,-1,1,-1,1,-1,-1,-1,-1,0,0,
2026-04-14,21:01:25.210,7.64,100,100,100,-0.008,16.21,73,0,8.17,-0.124,0.981,-0.24,65,0,178.65,-7.31,10,0.00,4.18,4.19,4.18,4.18,4.19,4.18,4.19,4.18,33.56,0.0,-30,-30,24.3,0,16,-1024,0,0,999,0,0,1,-1,-1,1,-1,1,-1,-1,-1,-1,0,0,
2026-04-14,21:01:25.480,7.63,100,100,100,-0.012,16.16,72,0,8.17,-0.126,0.981,-0.13,65,0,178.65,-7.30,10,0.00,4.18,4.19,4.18,4.18,4.19,4.18,4.19,4.18,33.56,0.0,-30,-30,22.6,0,16,-1024,0,0,1000,0,0,1,-1,-1,1,-1,1,-1,-1,-1,-1,0,0,
2026-04-14,21:01:25.740,7.63,100,100,100,-0.023,16.23,72,0,8.17,-0.128,0.982,0.11,67,0,178.65,-7.29,10,0.00,4.18,4.19,4.18,4.18,4.19,4.18,4.20,4.18,33.56,0.0,-30,-30,22.6,0,16,-1024,0,0,999,0,0,1,-1,-1,1,-1,1,-1,-1,-1,-1,0,0,
2026-04-14,21:01:26.000,7.64,100,100,100,-0.022,16.30,72,0,8.17,-0.116,0.978,0.15,66,0,178.65,-7.29,10,0.00,4.18,4.19,4.18,4.18,4.19,4.18,4.20,4.18,33.56,0.0,-30,-30,25.0,0,16,-1024,0,0,999,0,0,1,-1,-1,1,-1,1,-1,-1,-1,-1,0,0,
2026-04-14,21:01:26.260,7.64,100,100,100,0.000,16.35,72,0,8.17,-0.127,0.974,0.21,66,0,178.65,-7.29,10,0.00,4.18,4.19,4.18,4.18,4.19,4.18,4.20,4.18,33.56,0.0,-30,-30,22.6,0,15,-1024,0,0,999,0,0,1,-1,-1,1,-1,1,-1,-1,-1,-1,0,0,
2026-04-14,21:01:26.520,7.64,100,100,100,-0.023,16.28,72,0,8.17,-0.119,0.986,0.00,66,0,178.65,-7.29,10,0.00,4.18,4.19,4.18,4.18,4.19,4.18,4.20,4.18,33.56,0.0,-30,-30,21.7,0,16,-1024,0,0,999,0,0,1,-1,-1,1,-1,1,-1,-1,-1,-1,0,0,
2026-04-14,21:01:26.800,7.64,100,100,100,-0.032,16.24,72,0,8.17,-0.116,0.982,-0.15,65,0,178.65,-7.28,10,0.00,4.18,4.19,4.18,4.18,4.19,4.18,4.19,4.18,33.56,0.0,-30,-30,21.7,0,16,-1024,0,0,1000,0,0,1,-1,-1,1,-1,1,-1,-1,-1,-1,0,0,
2026-04-14,21:01:27.060,7.64,100,100,100,-0.018,16.27,73,0,8.17,-0.118,0.974,-0.03,66,0,178.63,-7.25,10,0.00,4.18,4.19,4.18,4.18,4.19,4.18,4.19,4.18,33.56,0.0,-30,-30,22.6,0,15,-1024,0,0,1000,0,0,1,-1,-1,1,-1,1,-1,-1,-1,-1,0,0,
2026-04-14,21:01:27.320,7.64,100,100,100,-0.015,16.35,73,0,8.17,-0.122,0.985,0.15,66,0,178.64,-7.26,10,0.00,4.18,4.19,4.18,4.18,4.19,4.18,4.19,4.18,33.56,0.0,-30,-30,18.7,0,16,-1024,0,0,999,0,0,1,-1,-1,1,-1,1,-1,-1,-1,-1,0,0,
2026-04-14,21:01:27.580,7.63,100,100,100,-0.017,16.23,73,0,8.17,-0.118,0.974,-0.10,68,0,178.64,-7.27,10,0.00,4.18,4.19,4.18,4.18,4.19,4.18,4.19,4.18,33.56,0.0,-30,-30,19.8,0,16,-1024,0,0,1000,0,0,1,-1,-1,1,-1,1,-1,-1,-1,-1,0,0,
2026-04-14,21:01:27.840,7.63,100,100,99,-0.018,16.15,73,0,8.17,-0.122,0.987,-0.24,67,0,178.62,-7.27,10,0.00,4.18,4.19,4.18,4.18,4.20,4.18,4.19,4.18,33.56,0.0,-30,-30,19.8,0,15,-1024,0,0,1000,0,0,1,-1,-1,1,-1,1,-1,-1,-1,-1,0,0,
2026-04-14,21:01:28.100,7.63,100,100,99,-0.018,16.18,73,0,8.17,-0.122,0.984,-0.09,68,0,178.64,-7.27,10,0.00,4.18,4.19,4.18,4.18,4.20,4.18,4.19,4.18,33.56,0.0,-30,-30,18.7,0,16,-1024,0,0,999,0,0,1,-1,-1,1,-1,1,-1,-1,-1,-1,0,0,
2026-04-14,21:01:28.360,7.63,100,100,99,-0.015,16.08,73,0,8.17,-0.126,0.978,-0.21,70,0,178.64,-7.29,10,0.00,4.18,4.19,4.18,4.18,4.20,4.18,4.19,4.18,33.56,0.0,-30,-30,28.0,0,15,-1024,0,0,1000,0,0,1,-1,-1,1,-1,1,-1,-1,-1,-1,0,0,
2026-04-14,21:01:28.620,7.64,100,100,99,-0.018,16.12,73,0,8.17,-0.125,0.979,-0.04,68,0,178.65,-7.33,10,0.00,4.18,4.19,4.18,4.18,4.20,4.18,4.19,4.18,33.56,0.0,-30,-30,27.2,0,16,-1024,0,0,1000,0,0,1,-1,-1,1,-1,1,-1,-1,-1,-1,0,0,
2026-04-14,21:01:28.880,7.63,100,100,99,-0.026,16.22,73,0,8.17,-0.125,0.982,0.20,68,0,178.65,-7.33,10,0.00,4.18,4.19,4.18,4.18,4.20,4.18,4.19,4.18,33.56,0.0,-30,-30,25.0,0,15,-1024,0,0,999,0,0,1,-1,-1,1,-1,1,-1,-1,-1,-1,0,0,
2026-04-14,21:01:29.140,7.64,100,100,99,-0.023,16.23,73,0,8.17,-0.131,0.986,0.10,68,0,178.64,-7.32,10,0.00,4.18,4.19,4.18,4.18,4.20,4.18,4.19,4.18,33.56,0.0,-30,-30,21.7,0,15,-1024,0,0,999,0,0,1,-1,-1,1,-1,1,-1,-1,-1,-1,0,0,
2026-04-14,21:01:29.400,7.63,100,100,99,-0.017,16.32,72,0,8.17,-0.125,0.978,0.10,67,0,178.64,-7.31,10,0.00,4.18,4.19,4.18,4.18,4.20,4.18,4.19,4.18,33.56,0.0,-30,-30,18.7,0,16,-1024,0,0,999,0,0,1,-1,-1,1,-1,1,-1,-1,-1,-1,0,0,
2026-04-14,21:01:29.670,7.63,100,100,99,-0.017,16.37,72,0,8.17,-0.124,0.978,0.20,67,0,178.64,-7.30,10,0.00,4.18,4.19,4.18,4.18,4.20,4.18,4.19,4.18,33.56,0.0,-30,-30,18.7,0,16,-1024,0,0,999,0,0,1,-1,-1,1,-1,1,-1,-1,-1,-1,0,0,
2026-04-14,21:01:29.940,7.63,100,100,99,-0.023,16.40,72,0,8.17,-0.121,0.982,0.16,68,0,178.64,-7.30,10,0.00,4.18,4.19,4.18,4.18,4.20,4.18,4.19,4.18,33.56,0.0,-30,-30,18.7,0,15,-1024,0,0,1000,0,0,1,-1,-1,1,-1,1,-1,-1,-1,-1,0,0,
2026-04-14,21:01:30.210,7.63,100,100,99,-0.020,16.41,72,0,8.17,-0.120,0.978,0.16,67,0,178.64,-7.29,10,0.00,4.18,4.19,4.18,4.18,4.20,4.18,4.19,4.18,33.56,0.0,-30,-30,18.7,0,16,-1024,0,0,999,0,0,1,-1,-1,1,-1,1,-1,-1,-1,-1,0,0,
2026-04-14,21:01:30.480,7.64,100,100,99,-0.020,16.43,72,0,8.17,-0.118,0.979,0.07,67,0,178.64,-7.27,10,0.00,4.18,4.19,4.18,4.18,4.20,4.18,4.19,4.19,33.56,0.0,-30,-30,13.9,0,16,-1024,0,0,999,0,0,1,-1,-1,1,-1,1,-1,-1,-1,-1,0,0,
2026-04-14,21:01:30.740,7.64,100,100,99,-0.016,16.52,73,0,8.17,-0.122,0.978,0.18,67,0,178.64,-7.26,10,0.00,4.18,4.19,4.18,4.18,4.20,4.18,4.19,4.19,33.56,0.0,-30,-30,16.5,0,16,-1024,0,0,1000,0,0,1,-1,-1,1,-1,1,-1,-1,-1,-1,0,0,
2026-04-14,21:01:31.020,7.64,100,100,99,-0.017,16.69,74,0,8.17,-0.118,0.980,0.24,68,0,178.64,-7.26,10,0.00,4.18,4.19,4.18,4.18,4.20,4.18,4.19,4.19,33.56,0.0,-30,-30,13.9,0,16,-1024,0,0,999,0,0,1,-1,-1,1,-1,1,-1,-1,-1,-1,0,0,
2026-04-14,21:01:31.290,7.63,100,100,99,-0.019,16.68,73,0,8.17,-0.121,0.978,0.10,68,0,178.64,-7.26,10,0.00,4.18,4.19,4.18,4.18,4.20,4.18,4.19,4.19,33.56,0.0,-30,-30,15.4,0,16,-1024,0,0,999,0,0,1,-1,-1,1,-1,1,-1,-1,-1,-1,0,0,
2026-04-14,21:01:31.550,7.63,100,100,99,-0.022,16.72,72,0,8.17,-0.119,0.977,0.09,68,0,178.64,-7.27,10,0.00,4.18,4.19,4.18,4.18,4.20,4.18,4.19,4.19,33.56,0.0,-30,-30,12.4,0,16,-1024,0,0,999,0,0,1,-1,-1,1,-1,1,-1,-1,-1,-1,0,0,
2026-04-14,21:01:31.810,7.64,100,100,100,-0.019,16.73,71,0,8.17,-0.118,0.979,0.12,68,0,178.64,-7.26,10,0.00,4.18,4.19,4.18,4.18,4.20,4.18,4.19,4.18,33.56,0.0,-30,-30,13.9,0,16,-1024,0,0,999,0,0,1,-1,-1,1,-1,1,-1,-1,-1,-1,0,0,
2026-04-14,21:01:32.080,7.64,100,100,100,-0.018,16.76,72,0,8.17,-0.121,0.973,0.05,66,0,178.64,-7.23,10,0.00,4.18,4.19,4.18,4.18,4.20,4.18,4.19,4.18,33.56,0.0,-30,-30,12.4,0,16,-1024,0,0,999,0,0,1,-1,-1,1,-1,1,-1,-1,-1,-1,0,0,
2026-04-14,21:01:32.340,7.63,100,100,100,-0.018,16.76,73,0,8.17,-0.118,0.978,0.06,58,0,178.64,-7.23,10,0.00,4.18,4.19,4.18,4.18,4.20,4.18,4.19,4.18,33.56,0.0,-30,-30,12.4,0,16,-1024,0,0,999,0,0,1,-1,-1,1,-1,1,-1,-1,-1,-1,0,0,
2026-04-14,21:01:32.600,7.63,100,100,100,-0.015,16.72,73,0,8.17,-0.122,0.981,-0.03,57,0,178.63,-7.23,10,0.00,4.18,4.19,4.18,4.18,4.20,4.18,4.19,4.18,33.56,0.0,-30,-30,12.4,0,16,-1024,0,0,999,0,0,1,-1,-1,1,-1,1,-1,-1,-1,-1,0,0,
2026-04-14,21:01:32.860,7.64,100,100,100,-0.020,16.71,73,0,8.17,-0.121,0.977,-0.09,62,0,178.63,-7.23,10,0.00,4.18,4.19,4.18,4.18,4.20,4.18,4.19,4.18,33.56,0.0,-30,-30,13.9,0,16,-1024,0,0,999,0,0,1,-1,-1,1,-1,1,-1,-1,-1,-1,0,0,
2026-04-14,21:01:33.130,7.64,100,100,100,-0.021,16.75,73,0,8.17,-0.125,0.979,0.03,66,0,178.64,-7.23,10,0.00,4.18,4.19,4.18,4.18,4.20,4.18,4.19,4.18,33.56,0.0,-30,-30,16.5,0,16,-1024,0,0,999,0,0,1,-1,-1,1,-1,1,-1,-1,-1,-1,0,0,
2026-04-14,21:01:33.390,7.64,100,100,100,-0.020,16.69,75,0,8.17,-0.124,0.979,-0.03,72,0,178.63,-7.23,10,0.00,4.18,4.19,4.18,4.18,4.20,4.18,4.19,4.18,33.56,0.0,-30,-30,15.4,0,16,-1024,0,0,1000,0,0,1,-1,-1,1,-1,1,-1,-1,-1,-1,0,0,
2026-04-14,21:01:33.650,7.64,100,100,100,-0.018,16.63,75,0,8.17,-0.120,0.980,-0.19,72,0,178.63,-7.22,10,0.00,4.18,4.19,4.18,4.18,4.20,4.18,4.19,4.18,33.56,0.0,-30,-30,12.4,0,16,-1024,0,0,999,0,0,1,-1,-1,1,-1,1,-1,-1,-1,-1,0,0,
2026-04-14,21:01:33.930,7.63,100,100,100,-0.014,16.57,75,0,8.17,-0.121,0.982,-0.15,74,0,178.63,-7.22,10,0.00,4.18,4.19,4.18,4.18,4.20,4.18,4.19,4.18,33.56,0.0,-30,-30,17.8,0,16,-1024,0,0,999,0,0,1,-1,-1,1,-1,1,-1,-1,-1,-1,0,0,
2026-04-14,21:01:34.200,7.63,100,100,100,-0.028,16.58,75,0,8.17,-0.115,0.977,-0.06,75,0,178.64,-7.23,10,0.00,4.18,4.19,4.18,4.18,4.20,4.18,4.19,4.18,33.56,0.0,-30,-30,15.4,0,15,-1024,0,0,1000,0,0,1,-1,-1,1,-1,1,-1,-1,-1,-1,0,0,
2026-04-14,21:01:34.460,7.63,100,100,100,-0.028,16.60,75,0,8.17,-0.123,0.971,0.01,67,0,178.64,-7.24,10,0.00,4.18,4.19,4.18,4.18,4.20,4.18,4.19,4.18,33.56,0.0,-30,-30,17.8,0,16,-1024,0,0,999,0,0,1,-1,-1,1,-1,1,-1,-1,-1,-1,0,0,
2026-04-14,21:01:34.730,7.63,100,100,100,-0.018,16.60,75,0,8.17,-0.121,0.980,0.03,62,0,178.64,-7.23,10,0.00,4.18,4.19,4.18,4.18,4.20,4.18,4.19,4.18,33.56,0.0,-30,-30,17.8,0,16,-1024,0,0,999,0,0,1,-1,-1,1,-1,1,-1,-1,-1,-1,0,0,
2026-04-14,21:01:35.010,7.63,100,100,100,-0.017,16.62,74,0,8.17,-0.121,0.979,0.03,63,0,178.63,-7.24,10,0.00,4.18,4.19,4.18,4.18,4.20,4.18,4.19,4.18,33.56,0.0,-30,-30,15.4,0,16,-1024,0,0,999,0,0,1,-1,-1,1,-1,1,-1,-1,-1,-1,0,0,
2026-04-14,21:01:35.280,7.64,100,100,100,-0.021,16.71,74,0,8.17,-0.123,0.980,0.17,68,0,178.63,-7.24,10,0.00,4.18,4.19,4.18,4.18,4.20,4.18,4.19,4.18,33.56,0.0,-30,-30,17.8,0,16,-1024,0,0,999,0,0,1,-1,-1,1,-1,1,-1,-1,-1,-1,0,0,
2026-04-14,21:01:35.540,7.63,100,100,100,-0.018,16.74,74,0,8.17,-0.117,0.978,0.18,66,0,178.63,-7.24,10,0.00,4.18,4.19,4.18,4.18,4.20,4.18,4.19,4.18,33.56,0.0,-30,-30,16.5,0,16,-1024,0,0,1000,0,0,1,-1,-1,1,-1,1,-1,-1,-1,-1,0,0,
2026-04-14,21:01:35.810,7.63,100,100,100,-0.017,16.72,74,0,8.17,-0.120,0.978,-0.01,67,0,178.63,-7.25,10,0.00,4.18,4.19,4.18,4.18,4.20,4.18,4.19,4.18,33.56,0.0,-30,-30,16.5,0,16,-1024,0,0,999,0,0,1,-1,-1,1,-1,1,-1,-1,-1,-1,0,0,
2026-04-14,21:01:36.070,7.63,100,100,100,-0.021,16.69,74,0,8.17,-0.123,0.977,0.00,68,0,178.63,-7.24,10,0.00,4.18,4.19,4.18,4.18,4.20,4.18,4.19,4.18,33.56,0.0,-30,-30,13.9,0,16,-1024,0,0,999,0,0,1,-1,-1,1,-1,1,-1,-1,-1,-1,0,0,
2026-04-14,21:01:36.330,7.64,100,100,100,-0.024,16.71,74,0,8.17,-0.124,0.982,0.00,65,0,178.63,-7.24,10,0.00,4.18,4.19,4.18,4.18,4.19,4.18,4.19,4.18,33.56,0.0,-30,-30,15.4,0,16,-1024,0,0,1000,0,0,1,-1,-1,1,-1,1,-1,-1,-1,-1,0,0,
2026-04-14,21:01:36.610,7.63,100,100,100,-0.019,16.63,75,0,8.17,-0.123,0.977,-0.14,66,0,178.63,-7.24,10,0.00,4.18,4.19,4.18,4.18,4.19,4.18,4.19,4.18,33.56,0.0,-30,-30,12.4,0,15,-1024,0,0,1000,0,0,1,-1,-1,1,-1,1,-1,-1,-1,-1,0,0,
2026-04-14,21:01:36.880,7.63,100,100,100,-0.011,16.69,75,0,8.17,-0.122,0.979,0.02,66,0,178.63,-7.23,10,0.00,4.18,4.19,4.18,4.18,4.19,4.18,4.19,4.18,33.56,0.0,-30,-30,17.8,0,16,-1024,0,0,1000,0,0,1,-1,-1,1,-1,1,-1,-1,-1,-1,0,0,
2026-04-14,21:01:37.140,7.63,100,100,99,-0.020,16.68,74,0,8.17,-0.118,0.976,0.04,61,0,178.63,-7.23,10,0.00,4.18,4.19,4.18,4.18,4.19,4.18,4.19,4.18,33.56,0.0,-30,-30,17.8,0,16,-1024,0,0,1000,0,0,1,-1,-1,1,-1,1,-1,-1,-1,-1,0,0,
2026-04-14,21:01:37.420,7.63,100,100,99,-0.022,16.67,73,0,8.17,-0.125,0.976,-0.03,59,0,178.63,-7.24,10,0.00,4.18,4.19,4.18,4.18,4.20,4.18,4.19,4.18,33.56,0.0,-30,-30,16.5,0,16,-1024,0,0,999,0,0,1,-1,-1,1,-1,1,-1,-1,-1,-1,0,0,
2026-04-14,21:01:37.680,7.63,100,100,99,-0.021,16.63,72,0,8.17,-0.120,0.980,-0.06,57,0,178.64,-7.25,10,0.00,4.18,4.19,4.18,4.18,4.20,4.18,4.19,4.18,33.56,0.0,-30,-30,17.8,0,16,-1024,0,0,1000,0,0,1,-1,-1,1,-1,1,-1,-1,-1,-1,0,0,
2026-04-14,21:01:37.940,7.64,100,100,99,-0.019,16.66,73,0,8.17,-0.120,0.978,0.00,57,0,178.63,-7.24,10,0.00,4.18,4.19,4.18,4.18,4.20,4.18,4.19,4.18,33.56,0.0,-30,-30,16.5,0,15,-1024,0,0,999,0,0,1,-1,-1,1,-1,1,-1,-1,-1,-1,0,0,
2026-04-14,21:01:38.200,7.63,100,100,99,-0.017,16.68,73,0,8.17,-0.123,0.980,0.02,58,0,178.63,-7.24,10,0.00,4.18,4.19,4.18,4.18,4.20,4.18,4.19,4.18,33.56,0.0,-30,-30,12.4,0,16,-1024,0,0,999,0,0,1,-1,-1,1,-1,1,-1,-1,-1,-1,0,0,
2026-04-14,21:01:38.460,7.64,100,100,99,-0.021,16.75,73,0,8.17,-0.118,0.982,0.14,63,0,178.62,-7.24,10,0.00,4.18,4.19,4.18,4.18,4.20,4.18,4.19,4.18,33.56,0.0,-30,-30,15.4,0,16,-1024,0,0,999,0,0,1,-1,-1,1,-1,1,-1,-1,-1,-1,0,0,
2026-04-14,21:01:38.720,7.63,100,100,99,-0.021,16.72,73,0,8.17,-0.120,0.980,0.05,66,0,178.63,-7.24,10,0.00,4.18,4.19,4.18,4.18,4.19,4.18,4.19,4.18,33.56,0.0,-30,-30,13.9,0,16,-1024,0,0,999,0,0,1,-1,-1,1,-1,1,-1,-1,-1,-1,0,0,
2026-04-14,21:01:38.990,7.63,100,100,99,-0.019,16.71,73,0,8.17,-0.119,0.976,0.00,69,0,178.63,-7.23,10,0.00,4.18,4.19,4.18,4.18,4.19,4.18,4.19,4.18,33.56,0.0,-30,-30,12.4,0,16,-1024,0,0,1000,0,0,1,-1,-1,1,-1,-1,-1,-1,-1,-1,0,0,
2026-04-14,21:01:39.250,7.64,100,100,99,-0.012,16.68,74,0,8.17,-0.114,0.979,-0.09,71,0,178.62,-7.23,10,0.00,4.18,4.19,4.18,4.18,4.19,4.18,4.19,4.18,33.56,0.0,-30,-30,12.4,0,15,-1024,0,0,1000,0,0,1,-1,-1,1,-1,-1,-1,-1,-1,-1,0,0,
2026-04-14,21:01:39.510,7.63,100,100,99,-0.021,16.72,75,0,8.17,-0.117,0.979,0.00,71,0,178.62,-7.23,10,0.00,4.18,4.19,4.18,4.18,4.19,4.18,4.19,4.18,33.56,0.0,-30,-30,15.4,0,15,-1024,0,0,999,0,0,1,-1,-1,1,-1,-1,-1,-1,-1,-1,0,0,
2026-04-14,21:01:39.770,7.63,100,100,99,-0.023,16.64,76,0,8.17,-0.121,0.981,-0.04,67,0,178.62,-7.23,10,0.00,4.18,4.19,4.18,4.18,4.20,4.18,4.19,4.18,33.56,0.0,-30,-30,12.4,0,15,-1024,0,0,999,0,0,1,-1,-1,1,-1,-1,-1,-1,-1,-1,0,0,
2026-04-14,21:01:40.040,7.63,100,100,99,-0.014,16.57,75,0,8.17,-0.116,0.987,-0.04,66,0,178.63,-7.25,10,0.00,4.18,4.19,4.18,4.18,4.20,4.18,4.19,4.18,33.56,0.0,-30,-30,12.4,0,16,-1024,0,0,999,0,0,1,-1,-1,1,-1,-1,-1,-1,-1,-1,0,0,
2026-04-14,21:01:40.300,7.64,100,100,99,-0.010,16.60,75,0,8.17,-0.124,0.981,-0.04,64,0,178.63,-7.25,10,0.00,4.18,4.19,4.18,4.18,4.20,4.18,4.19,4.18,33.56,0.0,-30,-30,18.7,0,15,-1024,0,0,999,0,0,1,-1,-1,1,-1,-1,-1,-1,-1,-1,0,0,
2026-04-14,21:01:40.570,7.63,100,100,99,-0.019,16.59,74,0,8.17,-0.115,0.971,0.00,63,0,178.64,-7.26,10,0.00,4.18,4.19,4.18,4.18,4.20,4.18,4.19,4.18,33.56,0.0,-30,-30,20.7,0,16,-1024,0,0,999,0,0,1,-1,-1,1,-1,-1,-1,-1,-1,-1,0,0,
2026-04-14,21:01:40.840,7.63,100,100,99,-0.021,16.61,73,0,8.17,-0.116,0.979,0.01,60,0,178.65,-7.26,10,0.00,4.18,4.19,4.18,4.18,4.20,4.18,4.19,4.18,33.56,0.0,-30,-30,17.8,0,16,-1024,0,0,1000,0,0,1,-1,-1,1,-1,-1,-1,-1,-1,-1,0,0,
2026-04-14,21:01:41.100,7.63,99,100,100,-0.024,16.63,72,0,8.17,-0.122,0.978,0.07,60,0,178.64,-7.26,10,0.00,4.18,4.19,4.18,4.18,4.19,4.18,4.19,4.18,33.56,0.0,-30,-30,17.8,0,15,-1024,0,0,999,0,0,1,-1,-1,1,-1,-1,-1,-1,-1,-1,0,0,
2026-04-14,21:01:41.360,7.64,99,100,100,-0.021,16.56,71,0,8.17,-0.120,0.980,-0.11,61,0,178.64,-7.26,10,0.00,4.18,4.19,4.18,4.18,4.19,4.18,4.20,4.18,33.56,0.0,-30,-30,17.8,0,15,-1024,0,0,999,0,0,1,-1,-1,1,-1,-1,-1,-1,-1,-1,0,0,
2026-04-14,21:01:41.620,7.63,99,100,100,-0.017,16.67,70,0,8.17,-0.121,0.981,0.09,57,0,178.64,-7.25,10,0.00,4.18,4.19,4.18,4.18,4.19,4.18,4.20,4.18,33.56,0.0,-30,-30,13.9,0,16,-1024,0,0,999,0,0,1,-1,-1,1,-1,-1,-1,-1,-1,-1,0,0,
2026-04-14,21:01:41.880,7.63,100,100,100,-0.014,16.75,69,0,8.17,-0.121,0.979,0.27,58,0,178.64,-7.24,10,0.00,4.18,4.19,4.18,4.18,4.19,4.18,4.20,4.18,33.56,0.0,-30,-30,12.4,0,15,-1024,0,0,999,0,0,1,-1,-1,1,-1,-1,-1,-1,-1,-1,0,0,
2026-04-14,21:01:42.140,7.63,100,100,100,-0.016,16.75,69,0,8.17,-0.119,0.975,0.12,59,0,178.64,-7.24,10,0.00,4.18,4.19,4.18,4.18,4.20,4.18,4.20,4.18,33.56,0.0,-30,-30,13.9,0,16,-1024,0,0,999,0,0,1,-1,-1,1,-1,-1,-1,-1,-1,-1,0,0,
2026-04-14,21:01:42.410,7.63,100,100,100,-0.021,16.74,69,0,8.17,-0.122,0.982,-0.01,56,0,178.64,-7.24,10,0.00,4.18,4.19,4.18,4.18,4.20,4.18,4.19,4.18,33.56,0.0,-30,-30,15.4,0,15,-1024,0,0,999,0,0,1,-1,-1,1,-1,-1,-1,-1,-1,-1,0,0,
2026-04-14,21:01:42.670,7.63,100,100,100,-0.026,16.76,69,0,8.17,-0.118,0.976,0.04,56,0,178.65,-7.23,10,0.00,4.18,4.19,4.18,4.18,4.20,4.18,4.19,4.18,33.56,0.0,-30,-30,16.5,0,16,-1024,0,0,999,0,0,1,-1,-1,1,-1,-1,-1,-1,-1,-1,0,0,
2026-04-14,21:01:42.940,7.63,100,100,100,-0.016,16.75,69,0,8.17,-0.116,0.978,0.01,58,0,178.64,-7.25,10,0.00,4.18,4.19,4.18,4.18,4.20,4.18,4.19,4.18,33.56,0.0,-30,-30,13.9,0,16,-1024,0,0,999,0,0,1,-1,-1,1,-1,-1,-1,-1,-1,-1,0,0,
2026-04-14,21:01:43.220,7.64,100,100,100,-0.012,16.79,69,0,8.17,-0.116,0.985,0.03,55,0,178.64,-7.25,10,0.00,4.18,4.19,4.18,4.18,4.20,4.18,4.19,4.18,33.56,0.0,-30,-30,15.4,0,15,-1024,0,0,999,0,0,1,-1,-1,1,-1,-1,-1,-1,-1,-1,0,0,
2026-04-14,21:01:43.480,7.64,100,100,100,-0.016,16.81,69,0,8.17,-0.122,0.980,0.07,55,0,178.64,-7.25,10,0.00,4.18,4.19,4.18,4.18,4.19,4.18,4.19,4.18,33.56,0.0,-30,-30,12.4,0,16,-1024,0,0,999,0,0,1,-1,-1,1,-1,-1,-1,-1,-1,-1,0,0,
2026-04-14,21:01:43.740,7.63,100,100,100,-0.020,16.77,69,0,8.17,-0.116,0.981,-0.02,57,0,178.63,-7.23,10,0.00,4.18,4.19,4.18,4.18,4.19,4.18,4.19,4.18,33.56,0.0,-30,-30,12.4,0,15,-1024,0,0,999,0,0,1,-1,-1,1,-1,-1,-1,-1,-1,-1,0,0,
2026-04-14,21:01:44.020,7.64,100,100,100,-0.019,16.80,69,0,8.17,-0.115,0.982,0.06,53,0,178.64,-7.23,10,0.00,4.18,4.19,4.18,4.18,4.19,4.18,4.19,4.18,33.56,0.0,-30,-30,8.9,0,15,-1024,0,0,999,0,0,1,-1,-1,1,-1,-1,-1,-1,-1,-1,0,0,
2026-04-14,21:01:44.290,7.64,100,100,100,-0.024,16.82,69,0,8.17,-0.117,0.979,0.04,53,0,178.63,-7.25,10,0.00,4.18,4.19,4.18,4.18,4.19,4.18,4.19,4.18,33.56,0.0,-30,-30,10.7,0,16,-1024,0,0,999,0,0,1,-1,-1,1,-1,-1,-1,-1,-1,-1,0,0,
2026-04-14,21:01:44.550,7.63,100,100,100,-0.018,16.79,70,0,8.17,-0.118,0.982,0.00,55,0,178.63,-7.24,10,0.00,4.18,4.19,4.18,4.18,4.20,4.18,4.19,4.18,33.56,0.0,-30,-30,12.4,0,16,-1024,0,0,999,0,0,1,-1,-1,1,-1,-1,-1,-1,-1,-1,0,0,
2026-04-14,21:01:44.820,7.63,100,100,100,-0.015,16.72,71,0,8.17,-0.121,0.979,-0.15,57,0,178.64,-7.24,10,0.00,4.18,4.19,4.18,4.18,4.20,4.18,4.19,4.18,33.56,0.0,-30,-30,10.7,0,16,-1024,0,0,999,0,0,1,-1,-1,1,-1,-1,-1,-1,-1,-1,0,0,
2026-04-14,21:01:45.090,7.63,100,100,100,-0.018,16.68,72,0,8.17,-0.118,0.980,-0.09,55,0,178.64,-7.25,10,0.00,4.18,4.19,4.18,4.18,4.20,4.18,4.19,4.18,33.56,0.0,-30,-30,12.4,0,16,-1024,0,0,999,0,0,1,-1,-1,1,-1,-1,-1,-1,-1,-1,0,0,
2026-04-14,21:01:45.350,7.63,100,100,100,-0.022,16.68,72,0,8.17,-0.116,0.977,-0.01,56,0,178.64,-7.23,10,0.00,4.18,4.19,4.18,4.18,4.20,4.18,4.19,4.18,33.56,0.0,-30,-30,12.4,0,16,-1024,0,0,999,0,0,1,-1,-1,1,-1,-1,-1,-1,-1,-1,0,0,
2026-04-14,21:01:45.610,7.63,99,100,100,-0.019,16.67,73,0,8.17,-0.121,0.979,-0.06,57,0,178.63,-7.24,10,0.00,4.18,4.19,4.18,4.18,4.20,4.18,4.19,4.18,33.56,0.0,-30,-30,12.4,0,16,-1024,0,0,999,0,0,1,-1,-1,1,-1,-1,-1,-1,-1,-1,0,0,
2026-04-14,21:01:45.870,7.63,99,100,100,-0.017,16.75,74,0,8.17,-0.118,0.981,0.13,55,0,178.64,-7.24,10,0.00,4.18,4.19,4.18,4.18,4.20,4.18,4.19,4.18,33.56,0.0,-30,-30,10.7,0,15,-1024,0,0,999,0,0,1,-1,-1,1,-1,-1,-1,-1,-1,-1,0,0,
2026-04-14,21:01:46.130,7.63,99,100,100,-0.016,16.82,74,0,8.17,-0.120,0.977,0.22,53,0,178.64,-7.24,10,0.00,4.18,4.19,4.18,4.18,4.20,4.18,4.19,4.18,33.56,0.0,-30,-30,10.7,0,15,-1024,0,0,1000,0,0,1,-1,-1,1,-1,-1,-1,-1,-1,-1,0,0,
2026-04-14,21:01:46.390,7.63,100,100,100,-0.021,16.84,74,0,8.17,-0.122,0.981,0.15,52,0,178.63,-7.24,10,0.00,4.18,4.19,4.18,4.18,4.20,4.18,4.19,4.18,33.56,0.0,-30,-30,8.9,0,16,-1024,0,0,999,0,0,1,-1,-1,1,-1,-1,-1,-1,-1,-1,0,0,
2026-04-14,21:01:46.650,7.63,100,100,100,-0.022,16.77,74,0,8.17,-0.120,0.979,-0.05,53,0,178.63,-7.25,10,0.00,4.18,4.19,4.18,4.18,4.20,4.18,4.19,4.18,33.56,0.0,-30,-30,8.9,0,15,-1024,0,0,999,0,0,1,-1,-1,1,-1,-1,-1,-1,-1,-1,0,0,
2026-04-14,21:01:46.910,7.64,100,100,100,-0.020,16.72,74,0,8.17,-0.120,0.980,-0.15,53,0,178.63,-7.24,10,0.00,4.18,4.19,4.18,4.18,4.20,4.18,4.19,4.18,33.56,0.0,-30,-30,10.7,0,16,-1024,0,0,999,0,0,1,-1,-1,1,-1,-1,-1,-1,-1,-1,0,0,
2026-04-14,21:01:47.180,7.63,100,100,100,-0.018,16.65,74,0,8.17,-0.120,0.980,-0.21,46,0,178.63,-7.24,10,0.00,4.18,4.19,4.18,4.18,4.20,4.18,4.19,4.18,33.56,0.0,-30,-30,8.9,0,16,-1024,0,0,1000,0,0,1,-1,-1,1,-1,-1,-1,-1,-1,-1,0,0,
2026-04-14,21:01:47.440,7.63,100,100,100,-0.020,16.69,74,0,8.17,-0.121,0.982,-0.03,50,0,178.63,-7.24,10,0.00,4.18,4.19,4.18,4.18,4.20,4.18,4.19,4.18,33.56,0.0,-30,-30,8.9,0,16,-1024,0,0,999,0,0,1,-1,-1,1,-1,-1,-1,-1,-1,-1,0,0,
2026-04-14,21:01:47.700,7.63,100,100,100,-0.021,16.77,73,0,8.17,-0.120,0.976,0.13,52,0,178.64,-7.25,10,0.00,4.18,4.19,4.18,4.18,4.20,4.18,4.19,4.18,33.56,0.0,-30,-30,10.7,0,15,-1024,0,0,999,0,0,1,-1,-1,1,-1,-1,-1,-1,-1,-1,0,0,
2026-04-14,21:01:47.960,7.63,100,100,100,-0.020,16.76,73,0,8.17,-0.118,0.979,0.09,53,0,178.64,-7.25,10,0.00,4.18,4.19,4.18,4.18,4.20,4.18,4.19,4.18,33.56,0.0,-30,-30,10.7,0,16,-1024,0,0,1000,0,0,1,-1,-1,1,-1,-1,-1,-1,-1,-1,0,0,
2026-04-14,21:01:48.230,7.63,100,100,100,-0.018,16.74,73,0,8.17,-0.118,0.978,0.09,53,0,178.63,-7.25,10,0.00,4.18,4.19,4.18,4.18,4.19,4.18,4.19,4.18,33.56,0.0,-30,-30,6.1,0,15,-1024,0,0,999,0,0,1,-1,-1,1,-1,-1,-1,-1,-1,-1,0,0,
2026-04-14,21:01:48.500,7.63,100,100,100,-0.017,16.76,73,0,8.17,-0.115,0.979,-0.05,54,0,178.63,-7.25,10,0.00,4.18,4.19,4.18,4.18,4.19,4.18,4.19,4.18,33.56,0.0,-30,-30,12.4,0,16,-1024,0,0,1000,0,0,1,-1,-1,1,-1,-1,-1,-1,-1,-1,0,0,
2026-04-14,21:01:48.760,7.63,100,100,100,-0.020,16.79,74,0,8.17,-0.122,0.979,0.07,53,0,178.63,-7.25,10,0.00,4.18,4.19,4.18,4.18,4.19,4.18,4.19,4.18,33.56,0.0,-30,-30,10.7,0,16,-1024,0,0,999,0,0,1,-1,-1,1,-1,-1,-1,-1,-1,-1,0,0,
2026-04-14,21:01:49.030,7.63,100,100,100,-0.020,16.81,73,0,8.17,-0.123,0.979,0.09,56,0,178.64,-7.25,10,0.00,4.18,4.19,4.18,4.18,4.19,4.18,4.19,4.18,33.56,0.0,-30,-30,13.9,0,16,-1024,0,0,999,0,0,1,-1,-1,1,-1,-1,-1,-1,-1,-1,0,0,
2026-04-14,21:01:49.300,7.63,100,100,100,-0.018,16.87,74,0,8.17,-0.122,0.979,0.13,61,0,178.64,-7.25,10,0.00,4.18,4.19,4.18,4.18,4.20,4.18,4.19,4.18,33.56,0.0,-30,-30,13.9,0,15,-1024,0,0,999,0,0,1,-1,-1,1,-1,-1,-1,-1,-1,-1,0,0,
2026-04-14,21:01:49.560,7.63,100,100,100,-0.016,16.90,74,0,8.17,-0.117,0.980,0.15,62,0,178.64,-7.24,10,0.00,4.18,4.19,4.18,4.18,4.20,4.18,4.19,4.18,33.56,0.0,-30,-30,13.9,0,16,-1024,0,0,999,0,0,1,-1,-1,1,-1,-1,-1,-1,-1,-1,0,0,
2026-04-14,21:01:49.830,7.63,100,100,100,-0.025,16.83,73,0,8.17,-0.124,0.977,-0.10,59,0,178.64,-7.23,10,0.00,4.18,4.19,4.18,4.18,4.20,4.18,4.20,4.18,33.56,0.0,-30,-30,12.4,0,15,-1024,0,0,1000,0,0,1,-1,-1,1,-1,-1,-1,-1,-1,-1,0,0,
2026-04-14,21:01:50.100,7.63,100,100,100,-0.024,16.80,73,0,8.17,-0.124,0.977,-0.11,56,0,178.64,-7.22,10,0.00,4.18,4.19,4.18,4.18,4.20,4.18,4.20,4.18,33.56,0.0,-30,-30,15.4,0,15,-1024,0,0,999,0,0,1,-1,-1,1,-1,-1,-1,-1,-1,-1,0,0,
2026-04-14,21:01:50.370,7.63,100,100,100,-0.015,16.79,73,0,8.17,-0.114,0.982,-0.05,54,0,178.64,-7.24,10,0.00,4.18,4.19,4.18,4.18,4.20,4.18,4.20,4.18,33.56,0.0,-30,-30,15.4,0,16,-1024,0,0,1000,0,0,1,-1,-1,1,-1,-1,-1,-1,-1,-1,0,0,
2026-04-14,21:01:50.630,7.63,100,100,100,-0.024,16.75,73,0,8.17,-0.122,0.976,-0.08,51,0,178.64,-7.24,10,0.00,4.18,4.19,4.18,4.18,4.20,4.18,4.20,4.18,33.56,0.0,-30,-30,15.4,0,16,-1024,0,0,1000,0,0,1,-1,-1,1,-1,-1,-1,-1,-1,-1,0,0,
2026-04-14,21:01:50.900,7.64,100,100,100,-0.022,16.74,72,0,8.17,-0.122,0.984,-0.23,54,0,178.63,-7.24,10,0.00,4.18,4.19,4.18,4.18,4.20,4.18,4.19,4.18,33.56,0.0,-30,-30,13.9,0,16,-1024,0,0,1000,0,0,1,-1,-1,1,-1,-1,-1,-1,-1,-1,0,0,
2026-04-14,21:01:51.170,7.64,100,100,100,-0.018,16.73,71,0,8.17,-0.119,0.979,0.02,59,0,178.63,-7.25,10,0.00,4.18,4.19,4.18,4.18,4.20,4.18,4.19,4.18,33.56,0.0,-30,-30,12.4,0,15,-1024,0,0,999,0,0,1,-1,-1,1,-1,-1,-1,-1,-1,-1,0,0,
2026-04-14,21:01:51.440,7.63,100,100,100,-0.016,16.71,71,0,8.17,-0.124,0.977,-0.03,59,0,178.63,-7.24,10,0.00,4.18,4.19,4.18,4.18,4.20,4.18,4.19,4.18,33.56,0.0,-30,-30,10.7,0,15,-1024,0,0,999,0,0,1,-1,-1,1,-1,-1,-1,-1,-1,-1,0,0,
2026-04-14,21:01:51.700,7.64,100,100,99,-0.022,16.70,70,0,8.17,-0.121,0.978,-0.04,54,0,178.63,-7.25,10,0.00,4.18,4.19,4.18,4.18,4.19,4.18,4.19,4.18,33.56,0.0,-30,-30,12.4,0,16,-1024,0,0,1000,0,0,1,-1,-1,1,-1,-1,-1,-1,-1,-1,0,0,
2026-04-14,21:01:51.960,7.63,100,100,99,-0.022,16.69,72,0,8.17,-0.120,0.978,-0.01,57,0,178.63,-7.25,10,0.00,4.18,4.19,4.18,4.18,4.19,4.18,4.19,4.18,33.56,0.0,-30,-30,15.4,0,16,-1024,0,0,999,0,0,1,-1,-1,1,-1,-1,-1,-1,-1,-1,0,0,
2026-04-14,21:01:52.220,7.64,100,100,99,-0.019,16.66,73,0,8.17,-0.121,0.979,-0.07,61,0,178.62,-7.25,10,0.00,4.18,4.19,4.18,4.18,4.19,4.18,4.20,4.18,33.56,0.0,-30,-30,12.4,0,16,-1024,0,0,1000,0,0,1,-1,-1,1,-1,-1,-1,-1,-1,-1,0,0,
2026-04-14,21:01:52.490,7.63,100,100,99,-0.021,16.61,74,0,8.17,-0.119,0.978,-0.14,65,0,178.62,-7.25,10,0.00,4.18,4.19,4.18,4.18,4.19,4.18,4.20,4.18,33.56,0.0,-30,-30,10.7,0,16,-979,0,0,999,0,0,1,-1,-1,1,-1,-1,-1,-1,-1,-1,0,0,
2026-04-14,21:01:52.750,7.63,100,100,99,-0.021,16.63,75,0,8.17,-0.123,0.976,-0.05,64,0,178.62,-7.25,10,0.00,4.18,4.19,4.18,4.18,4.19,4.18,4.20,4.18,33.56,0.0,-30,-30,10.7,0,16,-957,0,0,1000,0,0,1,-1,-1,1,-1,-1,-1,-1,-1,-1,0,0,
2026-04-14,21:01:53.010,7.63,100,100,99,-0.024,16.63,75,0,8.17,-0.121,0.980,0.00,66,0,178.63,-7.25,10,0.00,4.18,4.19,4.18,4.18,4.19,4.18,4.20,4.18,33.56,0.0,-30,-30,12.4,0,16,-960,0,0,1000,0,0,1,-1,-1,1,-1,-1,-1,-1,-1,-1,0,0,
2026-04-14,21:01:53.280,7.63,100,100,99,-0.024,16.62,75,0,8.17,-0.119,0.979,-0.02,67,0,178.63,-7.25,10,0.00,4.18,4.19,4.18,4.18,4.19,4.18,4.19,4.18,33.56,0.0,-30,-30,17.8,0,16,-959,0,0,999,0,0,1,-1,-1,1,-1,-1,-1,-1,-1,-1,0,0,
2026-04-14,21:01:53.540,7.64,100,100,99,-0.015,16.66,75,0,8.17,-0.119,0.979,0.06,67,0,178.62,-7.25,10,0.00,4.18,4.19,4.18,4.18,4.19,4.18,4.19,4.18,33.56,0.0,-30,-30,13.9,0,16,-903,0,0,999,0,0,1,-1,-1,1,-1,-1,-1,-1,-1,-1,0,0,
2026-04-14,21:01:53.810,7.63,100,100,99,-0.016,16.66,75,0,8.17,-0.123,0.979,0.04,65,0,178.62,-7.25,10,0.00,4.18,4.19,4.18,4.18,4.19,4.18,4.19,4.18,33.56,0.0,-30,-30,16.5,0,16,-889,0,0,1000,0,0,1,-1,-1,1,-1,-1,-1,-1,-1,-1,0,0,
2026-04-14,21:01:54.070,7.63,100,100,99,-0.015,16.71,75,0,8.17,-0.127,0.982,0.08,64,0,178.63,-7.25,10,0.00,4.18,4.19,4.18,4.18,4.19,4.18,4.19,4.18,33.56,0.0,-30,-30,16.5,0,16,-844,0,0,999,0,0,1,-1,-1,1,-1,-1,-1,-1,-1,-1,0,0,
2026-04-14,21:01:54.340,7.64,100,100,99,-0.025,16.71,75,0,8.17,-0.119,0.973,0.08,64,0,178.61,-7.25,10,0.00,4.18,4.19,4.18,4.18,4.19,4.18,4.19,4.18,33.56,0.4,-30,-30,13.9,0,16,-806,0,0,999,0,0,1,-1,-1,1,-1,-1,-1,-1,-1,-1,0,0,
2026-04-14,21:01:54.600,7.63,100,100,99,-0.019,16.71,75,0,8.17,-0.113,0.978,0.01,64,0,178.61,-7.25,10,0.00,4.18,4.19,4.18,4.18,4.19,4.18,4.19,4.18,33.56,0.4,-30,-30,12.4,0,16,-804,0,0,999,0,0,1,-1,-1,1,-1,-1,-1,-1,-1,-1,0,0,
2026-04-14,21:01:54.860,7.64,100,100,99,-0.015,16.73,75,0,8.17,-0.116,0.984,0.02,69,0,178.62,-7.24,10,0.00,4.18,4.19,4.18,4.18,4.19,4.18,4.19,4.18,33.56,0.0,-30,-30,12.4,0,16,-804,0,0,999,0,0,1,-1,-1,1,-1,-1,-1,-1,-1,-1,0,0,
2026-04-14,21:01:55.120,7.64,100,100,99,-0.016,16.71,75,0,8.17,-0.114,0.983,-0.02,73,0,178.61,-7.24,10,0.00,4.18,4.19,4.18,4.18,4.19,4.18,4.19,4.18,33.56,0.0,-30,-30,12.4,0,16,-804,0,0,999,0,0,1,-1,-1,1,-1,-1,-1,-1,-1,-1,0,0,
2026-04-14,21:01:55.380,7.64,100,100,99,-0.020,16.69,75,0,8.17,-0.116,0.978,-0.04,74,0,178.61,-7.23,10,0.00,4.18,4.19,4.18,4.18,4.19,4.18,4.19,4.18,33.56,0.0,-30,-30,12.4,0,15,-803,0,0,999,0,0,1,-1,-1,1,-1,-1,-1,-1,-1,-1,0,0,
2026-04-14,21:01:55.640,7.63,100,100,100,-0.016,16.70,75,0,8.17,-0.121,0.971,-0.03,75,0,178.62,-7.24,10,0.00,4.18,4.19,4.18,4.18,4.19,4.18,4.19,4.18,33.56,0.0,-30,-30,17.8,0,15,-804,0,0,999,0,0,1,-1,-1,1,-1,-1,-1,-1,-1,-1,0,0,
2026-04-14,21:01:55.900,7.63,100,100,100,-0.019,16.69,75,0,8.17,-0.120,0.981,0.01,75,0,178.62,-7.25,10,0.00,4.18,4.19,4.18,4.18,4.19,4.18,4.19,4.18,33.56,0.0,-30,-30,13.9,0,16,-919,0,0,999,0,0,1,-1,-1,1,-1,-1,-1,-1,-1,-1,0,0,
2026-04-14,21:01:56.160,7.63,100,100,100,-0.023,16.70,75,0,8.17,-0.116,0.980,-0.02,75,0,178.62,-7.25,10,0.00,4.18,4.19,4.18,4.18,4.19,4.18,4.19,4.18,33.56,0.0,-30,-30,17.8,0,16,-918,0,0,999,0,0,1,-1,-1,1,-1,-1,-1,-1,-1,-1,0,0,
2026-04-14,21:01:56.420,7.64,100,100,100,-0.019,16.68,75,0,8.17,-0.122,0.973,0.00,75,0,178.62,-7.25,10,0.00,4.18,4.19,4.18,4.18,4.19,4.18,4.19,4.18,33.56,0.0,-30,-30,12.4,0,16,-919,0,0,999,0,0,1,-1,-1,1,-1,-1,-1,-1,-1,-1,0,0,
2026-04-14,21:01:56.680,7.63,100,100,100,-0.021,16.65,75,0,8.17,-0.120,0.976,-0.08,75,0,178.62,-7.24,10,0.00,4.18,4.19,4.18,4.18,4.19,4.18,4.19,4.18,33.56,0.0,-30,-30,13.9,0,16,-918,0,0,999,0,0,1,-1,-1,1,-1,-1,-1,-1,-1,-1,0,0,
2026-04-14,21:01:56.960,7.64,100,100,100,-0.021,16.62,75,0,8.17,-0.125,0.981,-0.05,74,0,178.62,-7.24,10,0.00,4.18,4.19,4.18,4.18,4.19,4.18,4.19,4.18,33.56,0.0,-30,-30,13.9,0,16,-919,0,0,1000,0,0,1,-1,-1,1,-1,-1,-1,-1,-1,-1,0,0,
2026-04-14,21:01:57.220,7.64,100,100,100,-0.019,16.64,75,0,8.17,-0.121,0.979,0.04,73,0,178.62,-7.24,10,0.00,4.18,4.19,4.18,4.18,4.19,4.18,4.19,4.18,33.56,0.0,-30,-30,12.4,0,16,-918,0,0,999,0,0,1,-1,-1,1,-1,-1,-1,-1,-1,-1,0,0,
2026-04-14,21:01:57.480,7.63,100,100,100,-0.022,16.65,76,0,8.17,-0.119,0.974,0.06,72,0,178.62,-7.24,10,0.00,4.18,4.19,4.18,4.18,4.19,4.18,4.19,4.18,33.56,0.0,-30,-30,15.4,0,16,-918,0,0,1000,0,0,1,-1,-1,1,-1,-1,-1,-1,-1,-1,0,0,
2026-04-14,21:01:57.750,7.63,100,100,100,-0.026,16.59,76,0,8.17,-0.121,0.975,-0.10,70,0,178.62,-7.25,10,0.00,4.18,4.19,4.18,4.18,4.20,4.18,4.19,4.18,33.56,0.0,-30,-30,12.4,0,15,-919,0,0,999,0,0,1,-1,-1,1,-1,-1,-1,-1,-1,-1,0,0,
2026-04-14,21:01:58.020,7.63,100,100,100,-0.022,16.57,76,0,8.17,-0.125,0.982,-0.11,71,0,178.62,-7.25,10,0.00,4.18,4.19,4.18,4.18,4.20,4.18,4.19,4.18,33.56,0.0,-30,-30,15.4,0,16,-919,0,0,999,0,0,1,-1,-1,1,-1,-1,-1,1,-1,-1,1,0,
2026-04-14,21:01:58.280,7.63,100,100,100,-0.019,16.60,76,0,8.17,-0.115,0.979,0.00,72,0,178.61,-7.25,10,0.00,4.18,4.19,4.18,4.18,4.20,4.18,4.19,4.18,33.56,0.0,-30,-30,12.4,0,16,-798,0,0,999,0,0,1,-1,-1,1,-1,-1,-1,-1,-1,-1,1,0,
2026-04-14,21:01:58.550,7.63,100,100,100,-0.015,16.63,76,0,8.17,-0.119,0.975,0.08,72,0,178.60,-7.25,10,0.00,4.18,4.19,4.18,4.18,4.20,4.18,4.19,4.18,33.56,0.0,-30,-30,12.4,0,16,-623,0,0,1000,0,0,1,-1,-1,1,-1,-1,-1,-1,-1,-1,1,0,
2026-04-14,21:01:58.810,7.63,100,100,100,-0.036,16.63,76,0,8.17,-0.118,0.979,0.06,69,0,178.62,-7.23,10,0.00,4.18,4.19,4.18,4.18,4.20,4.18,4.19,4.18,33.55,1.9,-30,-30,16.5,0,16,-592,0,0,999,0,0,1,-1,-1,1,-1,-1,-1,-1,-1,-1,1,0,
2026-04-14,21:01:59.090,7.63,100,100,100,-0.024,16.53,76,0,8.17,-0.118,0.980,-0.17,67,0,178.61,-7.21,10,0.00,4.18,4.19,4.18,4.18,4.19,4.18,4.19,4.18,33.55,1.9,-30,-30,12.4,0,16,-594,0,0,999,0,0,1,-1,-1,1,-1,-1,-1,-1,-1,-1,0,0,
2026-04-14,21:01:59.370,7.63,100,100,100,-0.013,16.44,76,0,8.17,-0.122,0.975,-0.27,67,0,178.62,-7.21,10,0.00,4.18,4.19,4.18,4.18,4.19,4.18,4.19,4.18,33.54,1.1,-30,-30,8.9,0,16,-596,0,0,1000,0,0,1,-1,-1,1,-1,-1,-1,-1,-1,-1,0,0,
2026-04-14,21:01:59.650,7.63,100,100,100,-0.024,16.41,76,0,8.17,-0.122,0.985,-0.11,70,0,178.63,-7.21,10,0.00,4.17,4.19,4.18,4.18,4.19,4.18,4.19,4.18,33.54,1.1,-30,-30,8.9,0,16,-596,0,0,999,0,0,1,-1,-1,1,-1,-1,-1,-1,-1,-1,0,0,
2026-04-14,21:01:59.910,7.63,100,100,100,-0.021,16.45,77,0,8.17,-0.120,0.977,0.05,72,0,178.62,-7.21,10,0.00,4.17,4.19,4.17,4.18,4.19,4.18,4.19,4.18,33.53,1.1,-30,-30,12.4,0,16,-427,0,0,999,0,0,1,-1,-1,1,-1,-1,-1,-1,-1,-1,0,0,
2026-04-14,21:02:00.170,7.63,100,100,100,-0.024,16.54,77,0,8.17,-0.120,0.970,0.17,72,0,178.60,-7.17,10,0.00,4.17,4.19,4.17,4.18,4.19,4.17,4.19,4.18,33.53,1.1,-30,-30,12.4,0,15,-380,0,0,999,0,0,1,-1,-1,1,-1,-1,-1,-1,-1,-1,0,0,
2026-04-14,21:02:00.430,7.64,100,100,100,-0.016,16.41,77,0,8.17,-0.093,0.986,-0.10,70,0,178.58,-6.94,10,0.00,4.17,4.19,4.17,4.18,4.19,4.17,4.18,4.17,33.49,5.6,-30,-30,12.4,-10,13,-317,0,0,999,0,0,1,-1,-1,1,-1,-1,-1,-1,-1,-1,0,0,
2026-04-14,21:02:00.700,7.63,100,100,100,-0.021,16.25,77,0,8.14,-0.119,0.985,-0.37,68,0,178.60,-7.01,10,0.00,4.16,4.18,4.17,4.18,4.19,4.17,4.18,4.17,33.49,6.1,-30,-30,12.4,-16,0,-247,0,0,999,0,0,1,-1,-1,1,-1,-1,-1,-1,-1,-1,0,0,
2026-04-14,21:02:00.970,7.63,100,100,100,-0.027,16.10,77,0,8.13,-0.122,0.977,-0.51,68,0,178.58,-6.94,10,0.00,4.16,4.18,4.17,4.18,4.19,4.17,4.18,4.17,33.44,6.1,-30,-30,8.9,-37,-15,-199,0,0,1000,0,0,1,-1,-1,1,-1,-1,-1,-1,-1,-1,0,0,
2026-04-14,21:02:01.230,7.64,100,100,100,-0.013,15.91,77,0,8.12,-0.118,0.981,-0.58,67,0,178.56,-6.89,10,0.00,4.16,4.18,4.15,4.16,4.19,4.17,4.18,4.17,33.44,10.2,-30,-30,10.7,-51,0,-90,0,0,999,0,0,1,-1,-1,1,-1,-1,-1,-1,-1,-1,0,0,
2026-04-14,21:02:01.490,7.63,100,100,100,-0.014,15.68,77,0,8.14,-0.238,0.970,-0.68,67,0,178.59,-7.17,10,0.00,4.16,4.18,4.15,4.16,4.16,4.16,4.18,4.17,33.34,10.2,-30,-30,12.4,0,-41,50,0,0,1000,0,0,1,-1,-1,1,-1,-1,-1,-1,-1,-1,0,0,
2026-04-14,21:02:01.750,7.64,100,100,100,-0.005,15.47,77,0,8.14,-0.287,0.966,-0.73,69,0,178.66,-7.86,10,0.00,4.16,4.18,4.15,4.16,4.16,4.16,4.15,4.15,33.17,17.3,-30,-30,12.4,0,-62,106,0,0,999,0,0,1,-1,-1,1,-1,-1,-1,-1,-1,-1,0,0,
2026-04-14,21:02:02.010,7.64,100,100,100,-0.005,15.21,77,0,8.16,-0.297,1.067,-0.84,72,0,178.91,-9.59,10,0.00,4.12,4.13,4.15,4.16,4.16,4.16,4.15,4.15,33.17,17.3,-30,-30,16.5,0,-85,103,0,0,999,0,0,1,-1,-1,1,-1,-1,-1,-1,-1,-1,0,0,
2026-04-14,21:02:02.270,7.64,100,100,100,-0.007,14.95,77,0,8.12,-0.290,1.064,-0.89,75,0,178.91,-10.14,10,0.00,4.12,4.13,4.11,4.11,4.16,4.16,4.15,4.15,32.98,19.7,-30,-30,20.7,394,-83,237,0,0,999,0,0,1,-1,-1,1,-1,-1,-1,-1,-1,-1,0,0,
2026-04-14,21:02:02.530,7.63,100,100,100,0.015,14.68,77,0,8.07,-0.373,0.898,-0.90,78,0,178.93,-11.92,10,0.00,4.12,4.13,4.11,4.11,4.10,4.09,4.15,4.15,32.98,19.7,-30,-30,19.8,583,-77,282,0,0,999,0,0,1,-1,-1,1,-1,-1,-1,-1,-1,-1,0,0,
2026-04-14,21:02:02.790,7.63,100,100,100,-0.111,14.42,77,0,8.01,-0.403,0.951,-0.89,80,0,178.89,-13.35,10,0.00,4.12,4.13,4.11,4.11,4.10,4.09,4.15,4.15,32.78,26.4,-30,-30,22.6,690,-78,288,0,0,999,0,0,1,-1,-1,1,-1,-1,-1,-1,-1,-1,0,0,
2026-04-14,21:02:03.060,7.63,100,100,100,-0.030,14.17,78,0,8.04,-0.377,0.967,-0.88,79,0,178.81,-14.05,10,0.00,4.12,4.13,4.11,4.11,4.10,4.09,4.08,4.08,32.78,26.4,-30,-30,29.4,573,-86,378,0,0,999,0,0,1,-1,-1,1,-1,-1,-1,-1,-1,-1,0,0,
2026-04-14,21:02:03.330,7.63,100,100,100,-0.053,13.76,77,0,8.07,-0.431,0.937,-0.72,76,0,178.97,-15.42,10,0.00,4.06,4.07,4.11,4.11,4.10,4.09,4.08,4.08,32.54,30.1,-30,-30,31.3,511,-98,442,0,0,999,0,0,1,-1,-1,1,-1,-1,-1,-1,-1,-1,0,0,
2026-04-14,21:02:03.590,7.64,100,100,100,-0.074,13.56,77,0,8.09,-0.424,0.883,-0.51,75,0,178.99,-16.36,10,0.00,4.06,4.07,4.03,4.04,4.10,4.09,4.08,4.08,32.54,30.1,-30,-30,35.6,502,-43,466,0,0,999,0,0,1,-1,-1,1,-1,-1,-1,-1,-1,-1,0,0,
2026-04-14,21:02:03.850,7.64,100,100,100,-0.078,13.05,78,0,8.10,-0.441,0.873,-1.33,73,0,178.92,-17.78,10,0.00,4.06,4.07,4.03,4.04,4.03,4.03,4.08,4.08,32.29,36.7,-30,-30,35.6,285,7,480,0,0,999,0,0,1,-1,-1,1,-1,-1,-1,-1,-1,-1,0,0,
2026-04-14,21:02:04.120,7.64,100,100,100,-0.043,12.68,78,0,8.06,-0.436,1.065,-1.35,76,0,178.94,-18.27,10,0.00,4.06,4.07,4.03,4.04,4.03,4.03,4.01,4.01,32.29,36.7,-30,-30,39.6,520,5,490,0,0,999,0,0,1,-1,-1,1,-1,-1,-1,-1,-1,-1,0,0,
2026-04-14,21:02:04.390,7.64,100,100,100,-0.085,12.70,79,0,8.04,-0.432,0.916,-0.62,78,0,178.86,-19.13,10,0.00,3.98,3.99,4.03,4.04,4.03,4.03,4.01,4.01,32.08,38.1,-30,-30,40.2,126,13,530,0,0,1000,0,0,1,-1,-1,1,-1,-1,-1,-1,-1,-1,0,0,
2026-04-14,21:02:04.650,7.64,100,100,100,-0.065,12.64,82,0,8.05,-0.431,1.020,-0.26,75,0,178.62,-19.87,10,0.00,3.98,3.99,3.96,3.98,4.03,4.03,4.01,4.01,32.08,38.1,-30,-30,43.0,152,-24,540,0,0,1000,0,0,1,-1,-1,1,-1,-1,-1,-1,-1,-1,0,0,
2026-04-14,21:02:04.910,7.64,100,100,100,-0.044,12.52,83,0,8.06,-0.426,0.882,-0.32,74,0,178.54,-20.55,10,0.00,3.98,3.99,3.96,3.98,3.97,3.96,4.01,4.01,31.86,41.4,-30,-30,47.0,0,-92,604,0,0,999,0,0,1,-1,-1,1,-1,-1,-1,-1,-1,-1,0,0,
2026-04-14,21:02:05.180,7.64,100,100,100,0.007,12.40,82,0,8.11,-0.454,0.920,-0.41,77,0,178.52,-22.36,10,0.00,3.98,3.99,3.96,3.98,3.97,3.96,4.01,4.01,31.86,41.4,-30,-30,46.5,0,-187,604,0,0,1000,0,0,1,-1,-1,1,-1,-1,-1,-1,-1,-1,0,0,
2026-04-14,21:02:05.440,7.63,100,100,100,-0.002,12.19,81,0,8.13,-0.488,0.893,-0.52,77,0,178.60,-23.06,10,0.00,3.98,3.99,3.96,3.98,3.97,3.96,3.95,3.95,31.63,46.6,-30,-30,47.8,66,-204,635,17,0,999,0,0,1,-1,-1,1,-1,-1,-1,-1,-1,-1,0,0,
2026-04-14,21:02:05.700,7.63,100,100,100,0.040,11.91,78,0,8.09,-0.468,0.849,-0.81,72,0,178.81,-26.06,10,0.00,3.93,3.94,3.96,3.98,3.97,3.96,3.95,3.95,31.63,49.0,-30,-30,51.7,169,-67,642,127,0,999,0,0,1,-1,-1,1,-1,-1,-1,-1,-1,-1,0,0,
2026-04-14,21:02:05.980,7.63,100,100,100,0.078,11.76,71,0,8.08,-0.486,0.837,-0.77,65,0,134.84,-27.75,10,0.00,3.93,3.94,3.89,3.92,3.97,3.96,3.95,3.95,31.40,49.0,-30,-30,51.3,196,-187,655,188,0,1000,0,0,1,-1,-1,1,-1,-1,-1,-1,-1,-1,0,0,
2026-04-14,21:02:06.240,7.63,100,100,100,0.087,11.66,67,0,8.08,-0.476,0.830,-0.41,61,0,-177.25,-27.02,10,0.00,3.93,3.94,3.89,3.92,3.91,3.90,3.95,3.95,31.17,51.7,-30,-30,51.3,181,-351,692,92,0,999,0,0,1,-1,-1,1,-1,-1,-1,-1,-1,-1,0,0,
2026-04-14,21:02:06.500,7.64,100,100,100,0.129,11.44,65,0,8.07,-0.483,0.985,-0.45,55,0,178.96,-27.54,10,0.00,3.93,3.94,3.89,3.92,3.91,3.90,3.89,3.89,31.17,51.7,-30,-30,51.3,174,-306,695,80,0,999,0,0,1,-1,-1,1,-1,-1,-1,-1,-1,-1,0,0,
2026-04-14,21:02:06.760,7.63,100,100,100,0.075,11.26,64,0,8.10,-0.529,0.979,-0.45,53,0,178.96,-27.54,10,0.00,3.87,3.88,3.89,3.92,3.91,3.90,3.89,3.89,30.98,53.6,-30,-30,58.9,187,-273,694,158,0,999,0,0,1,-1,-1,1,-1,-1,-1,-1,-1,-1,0,0,
2026-04-14,21:02:07.030,7.63,99,100,100,0.081,11.16,60,0,8.14,-0.491,1.059,-0.45,50,0,-178.39,-32.31,10,0.00,3.87,3.88,3.85,3.87,3.91,3.90,3.89,3.89,30.98,53.6,-30,-30,60.9,188,-132,692,46,0,999,0,0,1,-1,-1,1,-1,-1,-1,-1,-1,-1,0,0,
2026-04-14,21:02:07.290,7.63,99,100,100,0.083,11.26,56,0,8.11,-0.431,0.958,-0.04,49,0,-177.65,-32.18,10,0.00,3.87,3.88,3.85,3.87,3.91,3.90,3.89,3.89,30.83,53.1,-30,-30,66.7,168,-79,684,44,0,999,0,0,1,-1,-1,1,-1,-1,-1,-1,-1,-1,0,0,
2026-04-14,21:02:07.550,7.63,99,100,100,0.059,11.51,55,0,8.14,-0.419,0.958,0.42,50,0,-178.25,-32.03,10,0.00,3.87,3.88,3.85,3.87,3.87,3.86,3.89,3.89,30.83,53.1,-30,-30,64.1,170,-97,678,0,0,999,0,0,1,-1,-1,1,-1,-1,-1,-1,-1,-1,0,0,
2026-04-14,21:02:07.820,7.63,100,100,100,0.025,11.51,54,0,8.16,-0.369,1.008,1.02,52,0,-178.24,-32.22,10,0.00,3.87,3.88,3.85,3.87,3.87,3.86,3.85,3.85,30.72,51.3,-30,-30,72.2,160,-76,676,25,0,999,0,0,1,-1,-1,1,-1,-1,-1,-1,-1,-1,0,0,
2026-04-14,21:02:08.080,7.63,100,100,100,0.064,12.16,54,0,8.13,-0.437,1.174,0.99,54,0,-176.43,-33.65,10,0.00,3.84,3.86,3.85,3.87,3.87,3.86,3.85,3.85,30.72,51.3,-30,-30,73.7,155,6,673,0,0,1000,0,0,1,-1,-1,1,-1,-1,-1,-1,-1,-1,0,0,
2026-04-14,21:02:08.340,7.63,99,100,100,0.038,12.56,53,0,8.15,-0.372,0.967,1.20,56,0,-173.48,-33.70,10,0.00,3.84,3.86,3.82,3.85,3.87,3.86,3.85,3.85,30.63,50.9,-30,-30,73.7,146,20,672,-2,0,999,0,0,1,-1,-1,1,-1,-1,-1,-1,-1,-1,0,0,
2026-04-14,21:02:08.600,7.63,97,100,100,0.047,13.16,51,0,8.12,-0.379,0.971,1.67,56,0,-172.21,-32.98,10,0.00,3.84,3.86,3.82,3.85,3.87,3.84,3.85,3.85,30.63,50.9,-30,-30,72.4,30,7,668,-220,0,999,0,0,1,-1,-1,1,-1,-1,-1,-1,-1,-1,0,0,
2026-04-14,21:02:08.860,7.64,96,100,100,0.039,13.74,49,0,8.13,-0.374,1.054,1.81,57,0,-172.63,-31.70,10,0.00,3.84,3.86,3.82,3.85,3.87,3.84,3.85,3.84,30.57,50.2,-30,-30,74.3,0,13,650,-201,0,1000,0,0,1,-1,-1,1,-1,-1,-1,-1,-1,-1,0,0,
2026-04-14,21:02:09.120,7.64,97,100,100,0.035,14.47,49,0,8.13,-0.341,1.053,2.22,57,0,-171.70,-31.95,10,0.00,3.84,3.85,3.82,3.85,3.87,3.84,3.85,3.84,30.57,50.2,-30,-30,75.6,-72,81,643,-451,0,999,0,0,1,-1,-1,1,-1,-1,-1,-1,-1,-1,0,0,
2026-04-14,21:02:09.380,7.63,99,100,100,0.013,15.36,49,0,8.11,-0.332,0.997,2.80,57,0,-173.88,-31.59,10,0.00,3.84,3.85,3.82,3.85,3.87,3.84,3.85,3.84,30.53,48.0,-30,-30,75.0,-85,87,635,-362,0,999,0,0,1,-1,-1,1,-1,-1,-1,-1,-1,-1,0,0,
2026-04-14,21:02:09.650,7.63,99,100,100,0.019,16.07,50,0,8.14,-0.328,0.986,2.62,57,0,-178.78,-30.34,10,0.00,3.84,3.85,3.82,3.85,3.87,3.84,3.85,3.84,30.53,48.0,-30,-30,74.8,-35,21,634,-186,0,999,0,0,1,-1,-1,1,-1,-1,-1,-1,-1,-1,0,0,
2026-04-14,21:02:09.910,7.63,99,100,100,0.054,16.77,50,0,8.12,-0.347,1.131,2.52,56,0,96.94,-30.12,10,0.00,3.84,3.85,3.82,3.85,3.86,3.84,3.85,3.84,30.51,47.1,-30,-30,75.4,-65,79,624,-292,0,999,0,0,1,-1,-1,1,-1,-1,-1,-1,-1,-1,0,0,
2026-04-14,21:02:10.180,7.63,98,100,100,0.039,18.83,48,0,8.13,-0.305,1.067,3.59,55,0,173.13,-30.24,10,0.00,3.84,3.85,3.82,3.85,3.86,3.84,3.85,3.84,30.51,47.1,-30,-30,75.4,0,98,623,-54,0,1000,0,0,1,-1,-1,1,-1,-1,-1,-1,-1,-1,0,0,
2026-04-14,21:02:10.460,7.63,95,100,100,0.017,19.54,43,0,8.10,-0.318,1.041,3.59,52,0,174.43,-29.58,10,0.00,3.84,3.85,3.82,3.85,3.86,3.84,3.85,3.84,30.48,45.8,-30,-30,77.6,17,108,625,0,0,999,0,0,1,-1,-1,1,-1,-1,-1,-1,-1,-1,0,0,
2026-04-14,21:02:10.730,7.63,88,100,100,0.021,20.73,41,0,8.08,-0.363,1.178,3.50,50,0,176.45,-29.54,10,0.00,3.84,3.85,3.82,3.85,3.86,3.84,3.85,3.84,30.48,46.2,-30,-30,75.6,57,135,625,0,0,1000,0,0,1,-1,-1,1,-1,-1,-1,-1,-1,-1,0,0,
2026-04-14,21:02:11.010,7.63,89,100,100,0.023,21.89,43,0,8.09,-0.322,0.960,3.86,46,0,-170.83,-28.59,10,0.00,3.84,3.85,3.82,3.85,3.86,3.84,3.85,3.84,30.46,46.2,-30,-30,74.3,62,135,624,0,0,999,0,0,1,-1,-1,1,-1,-1,-1,-1,-1,-1,0,0,
2026-04-14,21:02:11.270,7.64,93,100,100,0.054,22.83,49,0,8.12,-0.346,0.894,3.65,45,0,-179.65,-28.43,10,0.00,3.84,3.85,3.82,3.85,3.86,3.84,3.84,3.84,30.44,45.9,-30,-30,77.2,46,221,623,-20,0,999,0,0,1,-1,-1,1,-1,-1,-1,-1,-1,-1,0,0,
2026-04-14,21:02:11.540,7.64,100,100,100,0.060,23.95,51,0,8.13,-0.303,0.842,3.65,44,0,178.47,-27.07,10,0.00,3.83,3.85,3.82,3.85,3.86,3.84,3.84,3.84,30.44,45.9,-30,-30,71.1,33,347,623,0,0,999,0,0,1,-1,-1,1,-1,-1,-1,-1,-1,-1,0,0,
2026-04-14,21:02:11.800,7.63,100,100,100,0.055,25.01,52,0,8.13,-0.288,0.848,3.66,41,0,175.79,-23.66,10,0.00,3.83,3.85,3.81,3.84,3.86,3.84,3.84,3.84,30.42,45.7,-30,-30,74.8,40,206,623,0,0,1000,0,0,1,-1,-1,1,-1,-1,-1,-1,-1,-1,0,0,
2026-04-14,21:02:12.070,7.63,99,100,100,0.081,26.01,51,0,8.15,-0.295,0.802,3.61,41,0,174.82,-22.13,10,0.00,3.83,3.85,3.81,3.84,3.86,3.84,3.84,3.84,30.42,45.7,-30,-30,71.3,69,213,622,26,0,999,0,0,1,-1,-1,1,-1,-1,-1,-1,-1,-1,0,0,
2026-04-14,21:02:12.330,7.63,97,100,100,0.039,27.13,50,0,8.12,-0.270,0.766,3.83,42,0,171.32,-22.04,10,0.00,3.83,3.85,3.81,3.84,3.86,3.83,3.84,3.84,30.40,46.0,-30,-30,74.3,193,189,624,111,0,999,0,0,1,-1,-1,1,-1,-1,-1,-1,-1,-1,0,0,
2026-04-14,21:02:12.600,7.64,97,100,100,0.043,27.77,47,0,8.12,-0.321,0.997,2.93,41,0,171.91,-22.49,10,0.00,3.83,3.85,3.81,3.84,3.86,3.83,3.84,3.83,30.40,46.0,-30,-30,74.8,201,102,625,132,0,1000,0,0,1,-1,-1,1,-1,-1,-1,-1,-1,-1,0,0,
2026-04-14,21:02:12.860,7.63,96,97,97,0.037,28.74,46,0,8.09,-0.304,0.813,3.06,39,0,173.90,-22.25,10,0.00,3.83,3.84,3.81,3.84,3.86,3.83,3.84,3.83,30.38,45.9,-30,-30,74.8,158,47,624,0,0,999,0,0,1,-1,-1,1,-1,-1,-1,-1,-1,-1,0,0,
2026-04-14,21:02:13.140,7.63,97,97,97,-0.019,29.59,45,0,8.14,-0.326,0.846,3.05,40,0,176.08,-22.77,10,0.00,3.83,3.84,3.81,3.84,3.86,3.83,3.84,3.83,30.38,45.9,-30,-30,70.0,254,213,624,246,0,1000,0,0,1,-1,-1,1,-1,-1,-1,-1,-1,-1,0,0,
2026-04-14,21:02:13.400,7.64,95,97,97,0.033,31.11,44,0,8.08,-0.409,1.016,2.60,38,0,134.34,-22.94,10,0.00,3.83,3.84,3.81,3.84,3.85,3.82,3.84,3.83,30.35,46.2,-30,-30,70.9,339,55,625,352,0,999,0,0,1,-1,-1,1,-1,-1,-1,-1,-1,-1,0,0,
2026-04-14,21:02:13.670,7.63,94,97,97,0.026,31.82,43,0,8.10,-0.384,0.995,2.62,38,0,-173.36,-20.83,10,0.00,3.83,3.84,3.81,3.84,3.85,3.82,3.84,3.82,30.35,46.2,-30,-30,67.6,323,65,624,301,0,1000,0,0,1,-1,-1,1,-1,-1,-1,-1,-1,-1,0,0,
2026-04-14,21:02:13.940,7.63,90,97,97,0.055,32.55,41,0,8.10,-0.372,0.941,2.55,39,0,-167.98,-20.17,10,0.00,3.82,3.83,3.81,3.84,3.85,3.82,3.84,3.82,30.33,46.4,-30,-30,68.7,192,112,623,100,0,999,0,0,1,-1,-1,1,-1,-1,-1,-1,-1,-1,0,0,
2026-04-14,21:02:14.200,7.63,85,97,97,0.025,33.32,40,0,8.13,-0.363,0.961,2.58,38,0,-163.48,-18.89,10,0.00,3.82,3.83,3.80,3.83,3.85,3.82,3.84,3.82,30.33,46.4,-30,-30,70.2,170,123,623,0,0,1000,0,0,1,-1,-1,1,-1,-1,-1,-1,-1,-1,0,0,
2026-04-14,21:02:14.470,7.63,79,97,97,0.059,33.80,40,0,8.11,-0.335,0.904,2.25,36,0,-159.26,-18.22,10,0.00,3.82,3.83,3.80,3.83,3.85,3.82,3.84,3.82,30.32,46.0,-30,-30,70.7,170,133,623,121,0,999,0,0,1,-1,-1,1,-1,-1,-1,-1,-1,-1,0,0,
2026-04-14,21:02:14.730,7.63,79,95,95,0.051,33.80,40,0,8.14,-0.338,0.918,2.11,36,0,-159.43,-18.95,10,0.00,3.82,3.83,3.80,3.83,3.85,3.82,3.84,3.82,30.32,46.1,-30,-30,69.3,49,144,622,-24,0,1000,0,0,1,-1,-1,1,-1,-1,-1,-1,-1,-1,0,0,
2026-04-14,21:02:14.990,7.63,79,94,94,0.076,35.21,41,0,8.10,-0.299,0.734,2.51,36,0,-158.25,-18.24,10,0.00,3.82,3.83,3.80,3.83,3.85,3.82,3.83,3.82,30.30,46.1,-30,-30,66.7,-100,179,621,-144,0,1000,0,0,1,-1,-1,1,-1,-1,-1,-1,-1,-1,0,0,
2026-04-14,21:02:15.260,7.63,77,94,94,0.048,35.99,40,0,8.11,-0.351,0.874,2.50,37,0,-157.91,-17.78,10,0.00,3.82,3.83,3.80,3.83,3.85,3.82,3.83,3.82,30.28,46.0,-30,-30,66.7,-119,134,620,-255,0,999,0,0,1,-1,-1,1,-1,-1,-1,-1,-1,-1,0,0,
2026-04-14,21:02:15.520,7.63,82,93,93,0.056,36.63,40,0,8.11,-0.328,0.870,2.42,38,0,-159.33,-16.67,10,0.00,3.82,3.83,3.79,3.83,3.85,3.82,3.83,3.82,30.28,46.0,-30,-30,66.7,-167,19,611,-475,0,999,0,0,1,-1,-1,1,-1,-1,-1,-1,-1,-1,0,0,
2026-04-14,21:02:15.780,7.64,87,90,90,0.092,37.14,41,0,8.11,-0.306,0.844,1.95,39,0,-169.07,-17.75,10,0.00,3.82,3.83,3.79,3.83,3.84,3.81,3.83,3.82,30.28,45.3,-30,-30,68.0,-217,15,605,-538,0,999,0,0,1,-1,-1,1,-1,-1,-1,-1,-1,-1,0,0,
2026-04-14,21:02:16.050,7.63,98,98,90,0.102,37.76,43,0,8.09,-0.399,1.195,2.14,39,0,-59.92,-19.42,10,0.00,3.82,3.83,3.79,3.83,3.84,3.81,3.82,3.82,30.28,45.3,-30,-30,71.1,-292,-32,606,-648,0,999,0,0,1,-1,-1,1,-1,-1,-1,-1,-1,-1,0,0,
2026-04-14,21:02:16.320,7.63,97,97,90,0.085,38.15,44,0,8.08,-0.311,0.863,1.70,40,0,157.38,-18.81,10,0.00,3.82,3.83,3.79,3.83,3.84,3.81,3.82,3.82,30.28,44.6,-30,-30,70.7,-216,-154,618,-365,0,1000,0,0,1,-1,-1,1,-1,-1,-1,-1,-1,-1,0,0,
2026-04-14,21:02:16.580,7.63,98,98,90,-0.011,38.56,45,0,8.05,-0.366,1.071,1.58,38,0,147.64,-20.01,10,0.00,3.82,3.83,3.79,3.83,3.84,3.81,3.82,3.82,30.28,44.6,-30,-30,75.4,-68,-448,626,0,0,999,0,0,1,-1,-1,1,-1,-1,-1,-1,-1,-1,0,0,
2026-04-14,21:02:16.850,7.63,96,96,93,-0.046,38.74,46,0,8.06,-0.441,1.288,1.02,36,0,151.78,-24.93,10,0.00,3.82,3.83,3.79,3.83,3.84,3.81,3.82,3.82,30.25,46.0,-30,-30,70.6,-80,-298,679,-171,0,999,0,0,1,-1,-1,1,-1,-1,-1,-1,-1,-1,0,0,
2026-04-14,21:02:17.120,7.63,97,97,93,0.088,38.94,46,0,8.05,-0.499,1.276,0.79,35,0,150.03,-27.99,10,0.00,3.82,3.83,3.79,3.83,3.84,3.81,3.82,3.82,30.25,46.0,-30,-30,70.0,-73,-295,701,-217,0,999,0,0,1,-1,-1,1,-1,-1,-1,-1,-1,-1,0,0,
2026-04-14,21:02:17.390,7.63,97,97,92,0.103,39.21,47,0,8.07,-0.539,1.385,0.87,38,0,137.95,-26.31,10,0.00,3.82,3.83,3.79,3.83,3.84,3.81,3.82,3.81,30.17,52.2,-30,-30,67.6,2,-339,731,0,0,1000,0,0,1,-1,-1,1,-1,-1,-1,-1,-1,-1,0,0,
2026-04-14,21:02:17.660,7.63,99,99,92,0.076,39.89,46,0,8.07,-0.511,1.295,1.15,36,0,122.86,-21.70,10,0.00,3.80,3.81,3.79,3.83,3.84,3.81,3.82,3.81,30.17,52.2,-30,-30,67.6,125,-464,738,240,0,1000,0,0,1,-1,-1,1,-1,-1,-1,-1,-1,-1,0,0,
2026-04-14,21:02:17.920,7.64,98,98,91,0.074,40.42,46,0,8.05,-0.518,1.335,1.62,36,0,121.68,-19.92,10,0.00,3.80,3.81,3.77,3.79,3.84,3.81,3.82,3.81,30.07,55.5,-30,-30,67.4,185,-552,739,313,0,1000,0,0,1,-1,-1,1,-1,-1,-1,-1,-1,-1,0,0,
2026-04-14,21:02:18.190,7.64,92,92,87,0.040,40.97,44,0,8.06,-0.472,1.333,1.73,34,0,117.61,-18.18,10,0.00,3.80,3.81,3.77,3.79,3.81,3.77,3.82,3.81,30.07,55.5,-30,-30,70.0,242,-562,740,441,0,1000,0,0,1,-1,-1,1,-1,-1,-1,-1,-1,-1,0,0,
2026-04-14,21:02:18.460,7.64,78,87,87,0.024,41.47,41,0,8.08,-0.549,1.698,1.78,34,0,117.41,-18.54,10,0.00,3.80,3.81,3.77,3.79,3.81,3.77,3.79,3.77,30.00,55.9,-30,-30,71.1,258,-563,741,470,0,999,0,0,1,-1,-1,1,-1,-1,-1,-1,-1,-1,0,0,
2026-04-14,21:02:18.720,7.63,68,88,88,0.005,41.97,39,0,8.07,-0.560,1.620,1.74,36,0,122.10,-19.80,10,0.00,3.77,3.78,3.77,3.79,3.81,3.77,3.79,3.77,30.00,55.7,-30,-30,74.6,176,-495,739,249,0,999,0,0,1,-1,-1,1,-1,-1,-1,-1,-1,-1,0,0,
2026-04-14,21:02:18.980,7.63,67,88,88,0.007,42.36,40,0,8.07,-0.589,1.701,1.57,36,0,128.30,-21.48,10,0.00,3.77,3.78,3.77,3.79,3.81,3.77,3.79,3.77,29.94,55.7,-30,-30,73.2,105,-413,740,299,0,999,0,0,1,-1,-1,1,-1,-1,-1,-1,-1,-1,0,0,
2026-04-14,21:02:19.240,7.63,78,85,85,0.049,42.73,41,0,8.07,-0.498,1.504,1.39,34,0,131.68,-21.27,10,0.00,3.77,3.78,3.74,3.77,3.81,3.77,3.79,3.77,29.89,55.6,-30,-30,71.9,76,-433,740,314,0,1000,0,0,1,-1,-1,1,-1,-1,-1,-1,-1,-1,0,0,
2026-04-14,21:02:19.510,7.63,84,86,86,0.062,43.26,42,0,8.07,-0.500,1.352,1.50,36,0,136.05,-20.46,10,0.00,3.77,3.78,3.74,3.77,3.80,3.76,3.79,3.77,29.89,55.6,-30,-30,71.1,66,-379,740,0,0,999,0,0,1,-1,-1,1,-1,-1,-1,-1,-1,-1,0,0,
2026-04-14,21:02:19.770,7.63,86,88,88,0.095,44.01,42,0,8.07,-0.528,1.427,2.15,38,0,128.34,-20.50,10,0.00,3.77,3.78,3.74,3.77,3.80,3.76,3.78,3.76,29.85,55.6,-30,-30,71.1,20,-576,740,243,0,999,0,0,1,-1,-1,1,-1,-1,-1,-1,-1,-1,0,0,
2026-04-14,21:02:20.040,7.63,84,88,88,0.095,44.76,41,0,8.07,-0.583,1.602,2.53,37,0,122.24,-20.88,10,0.00,3.76,3.77,3.74,3.77,3.80,3.76,3.78,3.76,29.85,55.6,-30,-30,71.1,48,-565,740,302,0,1000,0,0,1,-1,-1,1,-1,-1,-1,-1,-1,-1,0,1,
2026-04-14,21:02:20.300,7.63,83,88,88,0.045,45.50,39,0,8.07,-0.491,1.300,2.49,39,0,126.41,-21.05,10,0.00,3.76,3.77,3.74,3.76,3.80,3.76,3.78,3.76,29.81,55.8,-30,-30,68.7,68,-350,739,0,0,999,0,0,1,-1,-1,1,-1,-1,-1,-1,-1,-1,0,1,
2026-04-14,21:02:20.570,7.63,84,88,88,0.074,46.35,39,0,8.05,-0.519,1.360,2.75,43,0,125.97,-21.25,10,0.00,3.76,3.77,3.74,3.76,3.79,3.76,3.78,3.76,29.81,55.8,-30,-30,67.4,80,-427,741,72,0,999,0,0,1,-1,-1,1,-1,-1,-1,-1,-1,-1,0,1,
2026-04-14,21:02:20.840,7.63,86,88,88,0.032,47.07,42,0,8.08,-0.524,1.383,2.67,44,0,125.21,-20.55,10,0.00,3.76,3.77,3.74,3.76,3.79,3.76,3.77,3.75,29.77,56.0,-30,-30,70.0,83,-224,740,76,0,1000,0,0,1,-1,-1,1,0,-1,-1,-1,-1,-1,0,1,
2026-04-14,21:02:21.100,7.63,89,89,88,0.035,47.70,44,0,8.01,-0.537,1.212,2.42,45,0,125.57,-18.71,10,0.00,3.76,3.77,3.74,3.76,3.79,3.76,3.77,3.75,29.77,56.0,-30,-30,72.2,76,-224,776,369,0,999,0,0,1,-1,-1,1,1,-1,-1,-1,-1,-1,0,1,
2026-04-14,21:02:21.360,7.63,92,92,89,0.026,48.19,44,0,7.97,-0.330,0.967,2.02,50,0,128.80,-16.52,10,0.00,3.75,3.77,3.74,3.76,3.79,3.76,3.77,3.75,29.71,57.8,-30,-30,70.2,49,-258,776,475,0,999,0,0,1,-1,-1,1,1,-1,-1,-1,-1,-1,0,1,
2026-04-14,21:02:21.620,7.63,87,89,89,0.083,49.18,43,0,7.97,-0.440,1.249,1.82,54,0,143.69,-15.92,10,0.00,3.75,3.77,3.73,3.75,3.79,3.76,3.77,3.75,29.71,57.8,-30,-30,76.1,52,-151,774,177,0,999,0,0,1,-1,-1,1,1,-1,-1,-1,-1,-1,0,1,
2026-04-14,21:02:21.880,7.63,83,90,90,0.075,49.83,42,0,8.01,-0.442,1.053,1.66,53,0,143.00,-15.65,10,0.00,3.75,3.77,3.73,3.75,3.78,3.74,3.77,3.75,29.67,58.7,-30,-30,68.5,55,36,774,263,0,999,0,0,1,-1,-1,1,1,-1,-1,-1,-1,-1,0,1,
2026-04-14,21:02:22.150,7.63,80,94,94,0.065,50.10,42,0,8.00,-0.337,0.766,1.57,54,0,144.48,-13.41,10,0.00,3.75,3.77,3.73,3.75,3.78,3.74,3.76,3.74,29.67,58.7,-30,-30,68.5,42,30,774,473,0,999,0,0,1,-1,-1,1,1,-1,-1,-1,-1,-1,0,1,
2026-04-14,21:02:22.410,7.63,86,95,95,0.098,50.26,43,0,8.01,-0.348,0.790,0.78,57,0,148.04,-11.91,10,0.00,3.74,3.75,3.73,3.75,3.78,3.74,3.76,3.74,29.63,58.7,-30,-30,68.5,0,22,775,338,0,1000,0,0,1,-1,-1,1,1,-1,-1,-1,-1,-1,0,1,
2026-04-14,21:02:22.680,7.63,95,95,95,0.097,50.45,45,0,7.97,-0.298,0.720,0.97,59,0,150.61,-9.77,10,0.00,3.74,3.75,3.72,3.74,3.78,3.74,3.76,3.74,29.63,58.7,-30,-30,71.1,145,-118,774,534,0,999,0,0,1,-1,-1,1,1,-1,-1,-1,-1,-1,0,1,
2026-04-14,21:02:22.940,7.63,99,99,96,0.118,50.53,46,0,7.95,-0.345,1.068,0.33,60,0,154.73,-10.07,10,0.00,3.74,3.75,3.72,3.74,3.77,3.73,3.76,3.74,29.61,58.3,-30,-30,70.6,356,94,693,605,0,1000,0,0,1,-1,-1,1,1,-1,-1,-1,-1,-1,0,1,
2026-04-14,21:02:23.200,7.64,99,99,99,0.054,50.64,47,0,7.94,-0.345,0.924,0.52,61,0,156.93,-10.45,10,0.00,3.74,3.75,3.72,3.74,3.77,3.73,3.76,3.74,29.61,47.4,-30,-30,71.1,507,151,585,701,0,999,0,0,1,-1,-1,1,1,-1,-1,-1,-1,-1,0,1,
2026-04-14,21:02:23.470,7.63,99,99,99,0.038,50.07,48,0,7.93,-0.213,0.979,-0.77,61,0,175.71,-8.06,10,0.00,3.74,3.75,3.72,3.74,3.77,3.73,3.76,3.74,29.71,47.4,-30,-30,73.2,553,43,570,563,0,1000,0,0,1,-1,-1,1,1,-1,-1,-1,-1,-1,0,1,
2026-04-14,21:02:23.740,7.63,99,99,99,0.066,49.41,49,0,7.87,-0.163,0.809,-1.82,62,0,-163.62,-6.25,10,0.00,3.75,3.77,3.72,3.74,3.77,3.73,3.76,3.74,29.71,40.7,-30,-30,78.0,539,-660,569,-115,0,1000,0,0,1,-1,-1,1,1,-1,-1,-1,-1,-1,0,1,
2026-04-14,21:02:24.010,7.63,100,100,100,0.040,48.67,52,0,7.86,-0.250,1.483,-2.23,62,0,-159.37,-8.16,10,0.00,3.75,3.77,3.75,3.77,3.77,3.73,3.76,3.74,29.82,40.7,-30,-30,77.4,506,118,570,0,0,1000,0,0,1,-1,-1,1,1,-1,-1,-1,-1,-1,0,1,
2026-04-14,21:02:24.270,7.63,100,100,100,-0.069,48.16,52,0,7.90,-0.421,1.200,-2.10,58,0,-152.37,-12.74,10,0.00,3.75,3.77,3.75,3.77,3.81,3.78,3.76,3.74,29.90,41.0,-30,-30,77.2,498,614,571,0,0,1000,0,0,1,-1,-1,1,1,-1,-1,-1,-1,-1,0,1,
2026-04-14,21:02:24.530,7.63,100,100,100,-0.144,47.45,52,0,7.93,-0.282,0.538,-2.20,56,0,-142.76,-2.95,10,0.00,3.75,3.77,3.75,3.77,3.81,3.78,3.81,3.79,29.90,41.0,-30,-30,77.2,483,-598,571,-407,0,999,0,0,1,-1,-1,1,1,-1,-1,-1,-1,-1,0,1,
2026-04-14,21:02:24.800,7.63,100,100,100,-0.111,46.59,53,0,7.90,-0.334,1.233,-2.01,55,0,-128.27,3.29,10,0.00,3.80,3.81,3.75,3.77,3.81,3.78,3.81,3.79,29.98,40.4,-30,-30,83.7,332,-475,573,-716,0,1000,0,0,1,-1,-1,1,1,-1,-1,-1,-1,-1,0,1,
2026-04-14,21:02:25.070,7.63,100,100,100,0.015,46.06,53,0,7.88,-0.480,1.418,-1.62,56,0,-120.62,4.34,10,0.00,3.80,3.81,3.78,3.81,3.81,3.78,3.81,3.79,29.98,40.4,-30,-30,80.7,-24,-422,633,-780,0,999,0,0,1,-1,-1,1,1,-1,-1,-1,-1,-1,0,1,
2026-04-14,21:02:25.330,7.63,100,100,100,-0.011,45.33,53,0,7.86,-0.379,1.041,-2.11,56,0,-127.65,6.16,10,0.00,3.80,3.81,3.78,3.81,3.82,3.79,3.81,3.79,29.99,45.0,-30,-30,82.0,-301,-411,672,-808,0,1000,0,0,1,-1,-1,1,1,-1,-1,-1,-1,-1,0,1,
2026-04-14,21:02:25.610,7.64,100,100,100,-0.005,44.21,55,0,7.88,-0.451,1.511,-3.03,56,0,-142.14,1.23,10,0.00,3.80,3.81,3.78,3.81,3.82,3.79,3.81,3.79,29.99,45.0,-30,-30,84.3,-243,-548,681,-692,0,1000,0,0,1,-1,-1,1,1,-1,-1,-1,-1,-1,0,1,
2026-04-14,21:02:25.870,7.63,100,100,100,0.052,43.01,54,0,7.90,-0.455,1.596,-3.84,56,0,-149.12,-2.99,10,0.00,3.80,3.81,3.78,3.81,3.82,3.79,3.81,3.79,29.99,48.5,-30,-30,90.6,-182,-432,680,-481,0,999,0,0,1,-1,-1,1,1,-1,-1,-1,-1,-1,0,1,
2026-04-14,21:02:26.130,7.63,100,100,100,0.031,43.01,52,0,7.91,-0.551,1.872,-3.51,57,0,-169.52,-12.11,10,0.00,3.79,3.80,3.78,3.81,3.82,3.79,3.81,3.79,29.99,48.5,-30,-30,91.3,-164,-388,680,-439,0,999,0,0,1,-1,-1,1,1,-1,-1,-1,-1,-1,0,1,
2026-04-14,21:02:26.400,7.63,100,100,100,0.017,41.67,51,0,7.91,-0.423,1.466,-2.54,50,0,-176.57,-14.55,10,0.00,3.79,3.80,3.76,3.79,3.82,3.79,3.81,3.79,29.98,47.6,-30,-30,92.0,-171,-331,675,-430,0,999,0,0,1,-1,-1,1,1,-1,-1,-1,-1,-1,0,1,
2026-04-14,21:02:26.660,7.64,100,100,100,-0.015,41.60,50,0,7.92,-0.301,1.136,-1.09,50,0,173.78,-18.81,10,0.00,3.79,3.80,3.76,3.79,3.81,3.78,3.81,3.79,29.98,47.6,-30,-30,94.5,-58,-45,521,-134,0,999,0,0,1,-1,-1,1,1,-1,-1,-1,-1,-1,0,1,
2026-04-14,21:02:26.920,7.63,97,100,100,0.014,41.56,47,0,7.89,-0.232,1.052,-0.60,51,0,170.17,-23.82,10,0.00,3.79,3.80,3.76,3.79,3.81,3.78,3.80,3.78,30.11,39.7,-30,-30,94.5,0,43,420,237,0,999,0,0,1,-1,-1,1,1,-1,-1,-1,-1,-1,0,1,
2026-04-14,21:02:27.180,7.63,97,100,100,0.032,42.22,45,0,7.87,-0.190,0.908,0.92,54,0,171.02,-21.81,10,0.00,3.80,3.81,3.76,3.79,3.81,3.78,3.80,3.78,30.11,39.7,-30,-30,91.3,123,22,401,444,0,999,0,0,1,-1,-1,1,1,-1,-1,-1,-1,-1,0,1,
2026-04-14,21:02:27.440,7.63,95,99,99,0.026,43.26,44,0,7.89,-0.172,0.726,2.51,58,0,-115.82,-18.25,10,0.00,3.80,3.81,3.80,3.82,3.81,3.78,3.80,3.78,30.25,28.1,-30,-30,89.1,139,18,395,258,0,999,0,0,1,-1,-1,1,1,-1,-1,-1,-1,-1,0,1,
2026-04-14,21:02:27.720,7.63,94,99,99,0.005,45.47,44,0,7.95,-0.172,0.650,3.60,60,0,-175.03,-17.53,10,0.00,3.80,3.81,3.80,3.82,3.81,3.78,3.80,3.78,30.25,27.4,-30,-30,85.4,162,0,374,425,0,999,0,0,1,-1,-1,1,1,-1,-1,-1,-1,-1,0,1,
2026-04-14,21:02:27.980,7.63,90,99,99,0.041,46.35,43,0,7.94,-0.186,0.741,3.27,63,0,-163.33,-16.26,10,0.00,3.80,3.81,3.80,3.82,3.86,3.84,3.80,3.78,30.39,27.4,-30,-30,84.3,0,3,372,0,0,999,0,0,1,-1,-1,1,1,-1,-1,-1,-1,-1,0,1,
2026-04-14,21:02:28.250,7.63,90,99,99,0.003,47.19,44,0,7.95,-0.139,0.935,3.04,66,0,-158.91,-15.64,10,0.00,3.80,3.81,3.80,3.82,3.86,3.84,3.85,3.85,30.63,19.3,-30,-30,83.3,0,16,71,-141,0,999,0,0,1,-1,-1,1,1,-1,-1,-1,-1,-1,0,0,
2026-04-14,21:02:28.520,7.63,94,99,99,0.020,48.36,45,0,7.96,-0.074,0.837,3.46,67,0,-158.36,-13.59,10,0.00,3.86,3.87,3.80,3.82,3.86,3.84,3.85,3.85,30.63,19.3,-30,-30,79.5,0,16,63,-186,0,999,0,0,1,-1,-1,1,1,-1,-1,-1,-1,-1,0,0,
2026-04-14,21:02:28.780,7.63,99,99,99,-0.038,49.41,48,0,7.99,-0.045,0.733,3.77,66,0,-160.51,-9.46,10,0.00,3.86,3.87,3.86,3.89,3.86,3.84,3.85,3.85,30.84,9.8,-30,-30,80.7,0,15,62,-159,0,999,0,0,1,-1,-1,1,1,-1,-1,-1,-1,-1,0,0,
2026-04-14,21:02:29.050,7.63,100,100,99,-0.094,50.06,50,0,7.98,-0.091,0.653,3.01,65,0,-159.36,-7.88,10,0.00,3.86,3.87,3.86,3.89,3.91,3.90,3.85,3.85,30.84,9.8,-30,-30,80.7,0,-196,58,-446,0,1000,0,0,1,-1,-1,1,1,-1,-1,-1,-1,-1,0,0,
2026-04-14,21:02:29.320,7.63,100,100,99,-0.024,50.46,51,0,7.97,-0.096,0.849,2.01,64,0,-158.20,-7.21,10,0.00,3.86,3.87,3.86,3.89,3.91,3.90,3.91,3.92,31.03,9.9,-30,-30,76.7,0,-209,0,-456,0,1000,0,0,1,-1,-1,1,1,-1,-1,-1,-1,-1,0,0,
2026-04-14,21:02:29.580,7.63,100,100,99,-0.058,50.50,50,0,8.00,-0.078,0.768,1.00,60,0,-164.04,-8.05,10,0.00,3.92,3.94,3.86,3.89,3.91,3.90,3.91,3.92,31.03,9.9,-30,-30,75.9,1,-153,-9,-517,0,999,0,0,1,-1,-1,1,1,-1,-1,-1,-1,-1,0,0,
2026-04-14,21:02:29.840,7.63,98,99,99,-0.046,50.67,49,0,7.98,-0.111,0.854,0.59,59,0,-165.87,-8.51,10,0.00,3.92,3.94,3.86,3.89,3.91,3.90,3.91,3.92,31.17,8.5,-30,-30,74.1,0,-175,-12,-498,0,1000,0,0,1,-1,-1,1,1,-1,-1,-1,-1,-1,0,0,
2026-04-14,21:02:30.120,7.63,95,99,99,-0.032,50.16,48,0,7.95,-0.131,0.967,-0.01,57,0,-170.65,-7.08,10,0.00,3.92,3.94,3.86,3.89,3.95,3.94,3.91,3.92,31.17,8.5,-30,-30,72.6,0,-267,-13,-524,0,1000,0,0,1,-1,-1,1,1,-1,-1,-1,-1,-1,0,0,
2026-04-14,21:02:30.400,7.63,94,99,99,-0.036,49.77,48,0,7.96,-0.138,1.014,-1.12,52,0,-178.47,-6.16,10,0.00,3.92,3.94,3.86,3.89,3.95,3.94,3.91,3.92,31.30,8.8,-30,-30,74.1,0,-247,-12,-521,0,1000,0,0,1,-1,-1,1,1,-1,-1,-1,-1,-1,0,0,
2026-04-14,21:02:30.660,7.63,97,99,99,-0.035,49.46,48,0,7.99,-0.133,1.022,-1.11,51,0,173.26,-5.26,10,0.00,3.92,3.94,3.86,3.89,3.95,3.94,3.95,3.95,31.30,8.8,-30,-30,74.1,0,-221,-13,-468,0,999,0,0,1,-1,-1,1,1,-1,-1,-1,-1,-1,0,0,
2026-04-14,21:02:30.930,7.63,99,99,99,-0.066,49.26,49,0,8.00,-0.052,0.666,-0.96,49,0,174.53,-4.60,10,0.00,3.94,3.96,3.86,3.89,3.95,3.94,3.95,3.95,31.40,8.6,-30,-30,74.1,0,-362,-12,-233,0,1000,0,0,1,-1,-1,1,1,-1,-1,-1,-1,-1,0,0,
2026-04-14,21:02:31.200,7.62,99,99,99,-0.031,49.26,47,0,7.98,-0.125,0.912,-0.53,46,0,175.81,-6.16,10,0.00,3.94,3.96,3.94,3.96,3.95,3.94,3.95,3.95,31.40,8.6,-30,-30,70.2,-29,-469,-12,-361,0,999,0,0,1,-1,-1,1,1,-1,-1,-1,-1,-1,0,0,
2026-04-14,21:02:31.470,7.63,94,100,100,-0.046,48.60,46,0,7.98,-0.173,1.171,-1.18,43,0,-177.52,-9.06,10,0.00,3.94,3.96,3.94,3.96,3.96,3.96,3.95,3.95,31.49,9.1,-30,-30,73.2,-35,-448,140,-426,0,999,0,0,1,-1,-1,1,1,-1,-1,-1,-1,-1,0,0,
2026-04-14,21:02:31.740,7.62,91,100,100,0.042,47.83,46,0,7.97,-0.303,1.132,-2.07,41,0,96.86,-10.44,10,0.00,3.94,3.96,3.94,3.96,3.96,3.96,3.96,3.96,31.49,9.1,-30,-30,73.2,-98,-379,360,-436,0,1000,0,0,1,-1,-1,1,1,-1,-1,-1,-1,-1,0,0,
2026-04-14,21:02:32.010,7.62,80,100,100,0.023,47.09,46,0,7.95,-0.388,1.173,-2.48,43,0,172.04,-12.15,10,0.00,3.94,3.96,3.94,3.96,3.96,3.96,3.96,3.96,31.41,19.7,-30,-30,71.7,-97,-382,476,-427,0,999,0,0,1,-1,-1,1,1,-1,-1,-1,-1,-1,0,0,
2026-04-14,21:02:32.270,7.62,85,100,100,0.035,46.13,46,0,7.95,-0.417,1.369,-2.82,44,0,162.03,-12.19,10,0.00,3.94,3.96,3.92,3.94,3.96,3.96,3.96,3.96,31.23,35.2,-30,-30,76.7,-125,-392,581,-418,0,1000,0,0,1,-1,-1,1,1,-1,-1,-1,-1,-1,0,0,
2026-04-14,21:02:32.530,7.63,86,100,100,-0.048,44.95,44,0,7.96,-0.365,1.058,-3.64,48,0,155.74,-13.12,10,0.00,3.94,3.96,3.92,3.94,3.91,3.91,3.96,3.96,31.23,35.2,-30,-30,82.8,0,-443,616,-219,0,999,0,0,1,-1,-1,1,1,-1,-1,-1,-1,-1,0,0,
2026-04-14,21:02:32.810,7.63,97,100,100,-0.092,43.36,43,0,7.92,-0.520,1.614,-2.73,45,0,159.38,-18.13,10,0.00,3.94,3.96,3.92,3.94,3.91,3.91,3.88,3.88,31.23,44.9,-30,-30,85.6,0,-406,619,-217,0,999,0,0,1,-1,-1,1,1,-1,-1,-1,-1,-1,0,0,
2026-04-14,21:02:33.080,7.63,98,100,100,0.047,42.86,43,0,7.97,-0.401,1.094,-2.21,44,0,169.31,-17.43,10,0.00,3.94,3.96,3.92,3.94,3.91,3.91,3.88,3.88,31.23,44.9,-30,-30,83.7,-60,-176,630,-452,0,999,0,0,1,-1,-1,1,1,-1,-1,-1,-1,-1,0,0,
2026-04-14,21:02:33.340,7.63,94,100,100,0.007,42.64,41,0,7.97,-0.369,0.958,-1.41,40,0,163.81,-18.36,10,0.00,3.85,3.87,3.92,3.94,3.91,3.91,3.88,3.88,31.00,44.9,-30,-30,84.3,-66,-290,696,-370,0,1000,0,0,1,-1,-1,1,1,-1,-1,-1,-1,-1,0,0,
2026-04-14,21:02:33.610,7.62,92,100,100,0.049,42.77,41,0,7.92,-0.455,1.592,-0.37,43,0,153.11,-21.30,10,0.00,3.85,3.87,3.83,3.85,3.91,3.91,3.88,3.88,31.00,44.9,-30,-30,82.4,-57,-380,703,-283,0,999,0,0,1,-1,-1,1,1,-1,-1,-1,-1,-1,0,0,
2026-04-14,21:02:33.890,7.63,91,100,100,-0.019,43.07,43,0,7.95,-0.486,1.450,0.53,47,0,145.64,-24.31,10,0.00,3.85,3.87,3.83,3.85,3.85,3.83,3.88,3.88,30.78,51.3,-30,-30,84.6,-40,-361,702,-294,0,1000,0,0,1,-1,-1,1,1,-1,-1,-1,-1,-1,0,0,
2026-04-14,21:02:34.160,7.62,92,99,99,0.023,43.45,42,0,7.91,-0.486,1.704,0.92,41,0,143.34,-26.53,10,0.00,3.85,3.87,3.83,3.85,3.85,3.83,3.83,3.81,30.78,51.3,-30,-30,88.3,0,-401,637,-210,0,999,0,0,1,-1,-1,1,1,-1,-1,-1,-1,-1,0,0,
2026-04-14,21:02:34.420,7.62,89,99,99,-0.019,44.05,42,0,7.92,-0.378,1.303,1.65,41,0,139.78,-27.37,10,0.00,3.81,3.82,3.83,3.85,3.85,3.83,3.83,3.81,30.66,49.8,-30,-30,88.3,0,-381,498,-226,0,1000,0,0,1,-1,-1,1,1,-1,-1,-1,-1,-1,0,0,
2026-04-14,21:02:34.690,7.63,86,99,99,-0.011,44.73,43,0,7.95,-0.334,1.327,2.07,47,0,136.12,-29.33,10,0.00,3.81,3.82,3.79,3.82,3.85,3.83,3.83,3.81,30.66,49.8,-30,-30,89.6,0,-346,474,-272,0,1000,0,0,1,-1,-1,1,1,-1,-1,-1,-1,-1,0,0,
2026-04-14,21:02:34.960,7.62,88,99,99,-0.049,46.87,43,0,7.96,-0.374,1.415,2.49,48,0,128.28,-32.29,10,0.00,3.81,3.82,3.79,3.82,3.84,3.82,3.83,3.81,30.65,34.1,-30,-30,85.6,-8,-278,438,-378,0,1000,0,0,1,-1,-1,1,1,-1,-1,-1,-1,-1,0,0,
2026-04-14,21:02:35.230,7.63,86,99,99,-0.040,48.14,42,0,7.97,-0.256,1.242,4.19,48,0,126.64,-32.16,10,0.00,3.81,3.82,3.79,3.82,3.84,3.82,3.84,3.83,30.65,30.9,-30,-30,85.0,0,-335,438,-293,0,999,0,0,1,-1,-1,1,1,-1,-1,-1,-1,-1,0,0,
2026-04-14,21:02:35.500,7.62,89,99,99,-0.047,49.25,44,0,7.97,-0.364,1.282,4.08,46,0,129.42,-31.48,10,0.00,3.81,3.82,3.79,3.82,3.84,3.82,3.84,3.83,30.66,30.9,-30,-30,82.4,0,-405,438,-239,0,999,0,0,1,-1,-1,1,1,-1,-1,-1,-1,-1,0,0,
2026-04-14,21:02:35.760,7.63,89,97,97,-0.046,50.08,45,0,7.97,-0.393,1.041,3.47,39,0,125.67,-31.00,10,0.00,3.84,3.86,3.79,3.82,3.84,3.82,3.84,3.83,30.65,32.3,-30,-30,73.7,-47,-385,440,-353,0,999,0,0,1,-1,-1,1,1,-1,-1,-1,-1,-1,0,0,
2026-04-14,21:02:36.020,7.62,91,93,93,-0.033,50.86,44,0,7.97,-0.350,1.100,2.94,38,0,123.74,-29.77,10,0.00,3.84,3.86,3.84,3.86,3.84,3.82,3.84,3.83,30.65,32.3,-30,-30,77.6,-51,-435,440,-234,0,1000,0,0,1,-1,-1,1,1,-1,-1,-1,-1,-1,0,0,
2026-04-14,21:02:36.290,7.63,92,93,93,-0.033,51.40,44,0,7.97,-0.416,1.250,2.35,38,0,121.27,-27.98,10,0.00,3.84,3.86,3.84,3.86,3.86,3.86,3.84,3.83,30.65,32.6,-30,-30,75.6,-74,-371,439,-355,0,999,0,0,1,-1,-1,1,1,-1,-1,-1,-1,-1,0,0,
2026-04-14,21:02:36.560,7.63,94,94,93,-0.013,51.93,46,0,7.97,-0.324,1.085,2.03,40,0,120.54,-24.99,10,0.00,3.84,3.86,3.84,3.86,3.86,3.86,3.86,3.84,30.65,32.6,-30,-30,75.6,-70,-460,438,-154,0,999,0,0,1,-1,-1,1,1,-1,-1,-1,-1,-1,0,0,
2026-04-14,21:02:36.820,7.63,98,98,93,-0.049,52.26,47,0,7.94,-0.384,1.444,1.62,44,0,119.86,-23.93,10,0.00,3.85,3.86,3.84,3.86,3.86,3.86,3.86,3.84,30.66,32.0,-30,-30,76.7,-54,-466,440,-169,0,999,0,0,1,-1,-1,1,1,-1,-1,-1,-1,-1,0,0,
2026-04-14,21:02:37.080,7.63,100,100,93,-0.026,52.33,48,0,7.95,-0.414,1.409,0.80,44,0,121.32,-21.50,10,0.00,3.85,3.86,3.84,3.86,3.86,3.86,3.86,3.84,30.66,32.0,-30,-30,78.9,-50,-477,439,-169,0,999,0,0,1,-1,-1,1,1,-1,-1,-1,-1,-1,0,0,
2026-04-14,21:02:37.350,7.63,99,99,93,0.045,52.33,48,0,7.96,-0.417,1.409,0.60,45,0,121.14,-19.05,10,0.00,3.85,3.86,3.84,3.86,3.87,3.86,3.86,3.84,30.66,32.1,-30,-30,78.5,-47,-481,439,-174,0,999,0,0,1,-1,-1,1,1,-1,-1,-1,-1,-1,0,0,
2026-04-14,21:02:37.610,7.63,99,99,93,0.002,52.62,48,0,7.97,-0.452,1.690,0.49,45,0,112.93,-15.49,10,0.00,3.85,3.86,3.84,3.86,3.87,3.86,3.86,3.85,30.66,32.1,-30,-30,80.2,-42,-469,439,-215,0,999,0,0,1,-1,-1,1,1,-1,-1,-1,-1,-1,0,0,
2026-04-14,21:02:37.870,7.62,99,99,93,-0.021,52.21,49,0,7.97,-0.373,1.474,-0.62,44,0,109.33,-14.19,10,0.00,3.85,3.86,3.84,3.86,3.87,3.86,3.86,3.85,30.67,31.4,-30,-30,80.2,-32,-471,439,-129,0,999,0,0,1,-1,-1,1,1,-1,-1,-1,-1,-1,0,0,
2026-04-14,21:02:38.130,7.62,100,100,91,-0.098,52.06,49,0,7.94,-0.330,1.408,-0.70,42,0,109.88,-12.67,10,0.00,3.85,3.86,3.84,3.86,3.87,3.86,3.86,3.85,30.67,31.4,-30,-30,87.8,0,-487,437,95,0,999,0,0,1,-1,-1,1,1,-1,-1,-1,-1,-1,0,0,
2026-04-14,21:02:38.410,7.63,100,100,91,-0.056,51.86,49,0,7.93,-0.420,1.734,-0.57,41,0,124.06,-11.09,10,0.00,3.85,3.86,3.84,3.86,3.87,3.86,3.86,3.85,30.67,30.8,-30,-30,87.4,22,-450,297,0,0,999,0,0,1,-1,-1,1,1,-1,-1,-1,-1,-1,0,0,
2026-04-14,21:02:38.690,7.63,100,100,91,-0.026,51.25,49,0,7.94,-0.137,1.362,-1.41,42,0,127.29,-9.45,10,0.00,3.85,3.86,3.84,3.86,3.87,3.86,3.86,3.85,30.67,30.8,-30,-30,86.5,0,-380,75,0,0,1000,0,0,1,-1,-1,1,1,-1,-1,-1,-1,-1,0,0,
2026-04-14,21:02:38.960,7.63,99,99,91,-0.040,50.84,48,0,7.96,-0.120,1.431,-1.64,41,0,124.65,-7.90,10,0.00,3.85,3.86,3.84,3.86,3.87,3.86,3.87,3.87,30.87,14.8,-30,-30,88.3,0,-246,-32,-15,0,999,0,0,1,-1,-1,1,1,-1,-1,-1,-1,-1,0,0,
2026-04-14,21:02:39.230,7.63,96,96,91,-0.056,50.70,46,0,7.96,-0.017,0.983,-0.90,42,0,125.80,-6.73,10,0.00,3.88,3.90,3.84,3.86,3.87,3.86,3.87,3.87,31.05,4.6,-30,-30,88.3,0,-232,-32,0,0,999,0,0,1,-1,-1,1,1,-1,-1,-1,-1,-1,0,0,
2026-04-14,21:02:39.500,7.63,88,91,91,-0.036,50.49,44,0,7.97,0.000,0.887,-0.84,43,0,130.51,-5.80,10,0.00,3.88,3.90,3.89,3.91,3.87,3.86,3.87,3.87,31.05,4.6,-30,-30,86.9,0,-129,-30,0,0,999,0,0,1,-1,-1,1,1,-1,-1,-1,-1,-1,0,0,
2026-04-14,21:02:39.760,7.63,84,93,93,-0.048,50.34,43,0,7.97,-0.015,0.913,-0.57,42,0,138.65,-5.26,10,0.00,3.88,3.90,3.89,3.91,3.94,3.93,3.87,3.87,31.21,5.6,-30,-30,83.7,0,-200,-30,0,0,1000,0,0,1,-1,-1,1,1,-1,-1,-1,-1,-1,0,0,
2026-04-14,21:02:40.030,7.63,82,97,97,-0.082,50.00,42,0,7.97,-0.046,0.935,-0.80,41,0,143.31,-4.56,10,0.00,3.88,3.90,3.89,3.91,3.94,3.93,3.94,3.94,31.21,5.6,-30,-30,84.6,3,-212,-30,302,0,999,0,0,1,-1,-1,1,1,-1,-1,-1,-1,-1,0,0,
2026-04-14,21:02:40.300,7.62,87,97,97,-0.076,47.85,41,0,7.95,-0.073,0.984,-3.39,42,0,156.64,-3.39,10,0.00,3.88,3.90,3.89,3.91,3.94,3.93,3.94,3.94,31.33,5.8,-30,-30,84.8,75,-201,-30,327,0,1000,0,0,1,-1,-1,1,1,-1,-1,-1,-1,-1,0,0,
2026-04-14,21:02:40.560,7.62,89,97,97,-0.035,46.68,42,0,7.96,-0.028,1.020,-3.39,43,0,171.04,-1.56,10,0.00,3.94,3.95,3.89,3.91,3.94,3.93,3.94,3.94,31.33,5.8,-30,-30,85.6,68,-253,-31,309,0,999,0,0,1,-1,-1,1,1,-1,-1,-1,-1,-1,0,0,
2026-04-14,21:02:40.820,7.62,93,97,97,-0.040,45.77,42,0,7.96,-0.037,1.071,-3.47,43,0,171.04,-1.56,10,0.00,3.94,3.95,3.94,3.95,3.94,3.93,3.94,3.94,31.44,5.4,-30,-30,85.9,55,-186,-30,0,0,999,0,0,1,-1,-1,1,1,-1,-1,-1,-1,-1,0,0,
2026-04-14,21:02:41.090,7.62,97,97,97,-0.036,44.68,42,0,7.97,-0.014,0.906,-3.60,45,0,177.66,-2.05,10,0.00,3.94,3.95,3.94,3.95,3.96,3.95,3.94,3.94,31.44,5.4,-30,-30,84.6,44,7,-31,0,0,1000,0,0,1,-1,-1,1,1,-1,-1,-1,-1,-1,0,0,
2026-04-14,21:02:41.350,7.63,100,100,96,-0.039,43.69,42,0,7.97,-0.005,0.845,-3.58,47,0,177.75,-1.77,10,0.00,3.94,3.95,3.94,3.95,3.96,3.95,3.96,3.96,31.53,5.5,-30,-30,84.6,44,-81,-30,0,0,999,0,0,1,-1,-1,1,1,-1,-1,-1,-1,-1,0,0,
2026-04-14,21:02:41.620,7.62,100,100,96,-0.058,42.63,42,0,7.97,0.006,0.835,-3.56,46,0,-38.65,-0.11,10,0.00,3.95,3.97,3.94,3.95,3.96,3.95,3.96,3.96,31.53,5.5,-30,-30,85.6,43,-313,-29,0,0,999,0,0,1,-1,-1,1,1,-1,-1,-1,-1,-1,0,0,
2026-04-14,21:02:41.890,7.63,91,97,97,-0.032,41.57,41,0,7.95,-0.068,1.156,-3.67,48,0,-177.90,-1.63,10,0.00,3.95,3.97,3.95,3.97,3.96,3.95,3.96,3.96,31.60,5.3,-30,-30,87.2,35,-259,-30,109,0,1000,0,0,1,-1,-1,1,1,-1,-1,-1,-1,-1,0,0,
2026-04-14,21:02:42.150,7.63,78,99,99,-0.027,39.98,39,0,7.96,-0.094,1.244,-4.51,50,0,-177.89,-2.54,10,0.00,3.95,3.97,3.95,3.97,3.97,3.97,3.96,3.96,31.60,5.3,-30,-30,85.6,35,-228,-29,147,0,999,0,0,1,-1,-1,1,1,-1,-1,-1,-1,-1,0,0,
2026-04-14,21:02:42.410,7.63,66,99,99,-0.042,38.34,37,0,7.97,-0.063,1.124,-5.44,50,0,-173.80,-2.07,10,0.00,3.95,3.97,3.95,3.97,3.97,3.97,3.97,3.97,31.67,5.5,-30,-30,85.9,30,-249,-29,0,0,999,0,0,1,-1,-1,1,1,-1,-1,-1,-1,-1,0,0,
2026-04-14,21:02:42.670,7.63,73,99,99,-0.013,37.11,39,0,7.97,-0.064,1.106,-4.80,52,0,-171.02,-2.14,10,0.00,3.95,3.97,3.95,3.97,3.97,3.97,3.97,3.97,31.67,5.5,-30,-30,84.3,19,-229,-29,0,0,1000,0,0,1,-1,-1,1,1,-1,-1,-1,-1,-1,0,0,
2026-04-14,21:02:42.930,7.63,90,99,99,-0.044,35.89,41,0,7.97,-0.052,1.034,-4.41,54,0,-167.72,-1.70,10,0.00,3.96,3.98,3.95,3.97,3.97,3.97,3.97,3.97,31.72,5.7,-30,-30,84.1,0,-234,-29,-75,0,999,0,0,1,-1,-1,1,1,-1,-1,-1,-1,-1,0,0,
2026-04-14,21:02:43.200,7.62,99,99,99,-0.042,34.77,44,0,7.97,-0.039,0.965,-4.21,54,0,-167.63,-1.59,10,0.00,3.96,3.98,3.96,3.98,3.97,3.97,3.97,3.97,31.72,5.7,-30,-30,87.4,0,-296,-29,-176,0,999,0,0,1,-1,-1,1,1,-1,-1,-1,-1,-1,0,0,
2026-04-14,21:02:43.460,7.62,100,100,99,-0.048,33.25,46,0,7.97,-0.039,1.137,-2.84,54,0,-170.15,-3.66,10,0.00,3.96,3.98,3.96,3.98,3.98,3.98,3.97,3.97,31.76,5.4,-30,-30,87.4,0,-310,-31,-244,0,1000,0,0,1,-1,-1,1,1,-1,-1,-1,-1,-1,0,0,
2026-04-14,21:02:43.720,7.63,100,100,99,-0.042,32.20,47,0,7.97,-0.052,1.148,-3.14,56,0,-172.37,-6.06,10,0.00,3.96,3.98,3.96,3.98,3.98,3.98,3.98,3.97,31.76,5.4,-30,-30,87.2,0,-188,-124,-262,0,999,0,0,1,-1,-1,1,1,-1,-1,-1,-1,-1,0,0,
2026-04-14,21:02:43.980,7.63,100,100,99,-0.035,31.24,48,0,7.97,-0.021,1.104,-3.40,56,0,-173.25,-6.25,10,0.00,3.97,3.99,3.96,3.98,3.98,3.98,3.98,3.97,31.82,4.5,-30,-30,86.9,0,-203,-98,-241,0,999,0,0,1,-1,-1,1,1,-1,-1,-1,-1,-1,0,0,
2026-04-14,21:02:44.260,7.63,100,100,99,-0.062,30.70,48,0,7.97,-0.011,0.949,-2.65,55,0,-175.88,-5.10,10,0.00,3.97,3.99,3.97,3.99,3.98,3.98,3.98,3.97,31.83,4.6,-30,-30,86.1,0,-197,0,-202,0,999,0,0,1,-1,-1,1,1,-1,-1,-1,-1,-1,0,0,
2026-04-14,21:02:44.520,7.63,100,100,99,-0.068,30.22,48,0,7.97,-0.080,1.040,-1.97,57,0,-176.31,-5.15,10,0.00,3.97,3.99,3.97,3.99,3.99,3.98,3.98,3.97,31.83,4.6,-30,-30,81.7,0,-173,-6,-155,0,999,0,0,1,-1,-1,1,1,-1,-1,-1,-1,-1,0,0,
2026-04-14,21:02:44.790,7.63,100,100,99,-0.025,29.62,48,0,7.97,-0.061,0.961,-1.95,57,0,-178.51,-5.05,10,0.00,3.97,3.99,3.97,3.99,3.99,3.98,3.98,3.97,31.83,7.1,-30,-30,82.6,0,-199,0,-177,0,999,0,0,1,-1,-1,1,1,-1,-1,-1,-1,-1,0,0,
2026-04-14,21:02:45.060,7.63,100,100,99,-0.042,28.85,49,0,7.97,-0.076,0.982,-2.33,57,0,-178.86,-4.22,10,0.00,3.97,3.99,3.97,3.99,3.99,3.98,3.99,3.98,31.83,7.1,-30,-30,82.8,0,-148,-7,-183,0,999,0,0,1,-1,-1,1,1,-1,-1,-1,-1,-1,0,0,
2026-04-14,21:02:45.320,7.63,100,100,100,-0.012,28.85,50,0,7.97,-0.074,0.912,-2.48,58,0,-179.73,-4.07,10,0.00,3.98,3.99,3.97,3.99,3.99,3.98,3.99,3.98,31.85,7.6,-30,-30,78.9,0,-175,-10,-243,0,999,0,0,1,-1,-1,1,1,-1,-1,-1,-1,-1,0,0,
2026-04-14,21:02:45.590,7.63,100,100,100,-0.046,27.35,51,0,7.97,-0.078,0.882,-2.63,59,0,173.85,-2.90,10,0.00,3.98,3.99,3.97,3.98,3.99,3.98,3.99,3.98,31.85,7.6,-30,-30,76.9,0,-238,-6,-149,0,1000,0,0,1,-1,-1,1,1,-1,-1,-1,-1,-1,0,0,
2026-04-14,21:02:45.850,7.62,100,100,100,-0.070,26.73,52,0,7.97,-0.062,0.862,-2.43,58,0,171.86,-2.39,10,0.00,3.98,3.99,3.97,3.98,3.98,3.98,3.99,3.98,31.87,7.8,-30,-30,76.9,0,-286,-12,4,0,999,0,0,1,-1,-1,1,1,-1,-1,-1,-1,-1,0,0,
2026-04-14,21:02:46.120,7.63,100,100,100,-0.050,25.54,52,0,7.97,-0.094,1.070,-2.07,59,0,176.31,-3.89,10,0.00,3.98,3.99,3.97,3.98,3.98,3.98,3.98,3.98,31.87,7.8,-30,-30,80.7,0,-349,-99,103,0,999,0,0,1,-1,-1,1,1,-1,-1,-1,-1,-1,0,0,
2026-04-14,21:02:46.390,7.63,100,100,100,-0.037,24.63,52,0,7.95,-0.085,1.112,-2.70,60,0,177.82,-5.49,10,0.00,3.98,3.99,3.97,3.98,3.98,3.98,3.98,3.98,31.90,5.1,-30,-30,80.0,0,-283,-99,0,0,999,0,0,1,-1,-1,1,1,-1,-1,-1,-1,-1,0,0,
2026-04-14,21:02:46.670,7.63,100,100,100,-0.019,23.90,52,0,7.96,-0.083,1.076,-2.69,61,0,176.50,-5.62,10,0.00,3.98,3.99,3.98,3.99,3.98,3.98,3.98,3.98,31.90,5.1,-30,-30,79.6,0,-286,-23,62,0,999,0,0,1,-1,-1,1,1,-1,-1,-1,-1,-1,0,0,
2026-04-14,21:02:46.940,7.62,100,100,100,-0.020,23.26,52,0,7.97,-0.066,0.969,-2.41,61,0,174.54,-5.79,10,0.00,3.98,3.99,3.98,3.99,3.99,3.99,3.98,3.98,31.92,6.6,-30,-30,80.7,56,-279,-28,169,0,1000,0,0,1,-1,-1,1,1,-1,-1,-1,-1,-1,0,0,
2026-04-14,21:02:47.210,7.63,100,100,100,-0.039,22.70,51,0,7.97,-0.084,1.037,-2.15,62,0,177.05,-6.24,10,0.00,3.98,3.99,3.98,3.99,3.99,3.99,3.99,3.99,31.92,4.8,-30,-30,79.6,121,-286,-212,183,0,1000,0,0,1,-1,-1,1,1,-1,-1,-1,-1,-1,0,0,
2026-04-14,21:02:47.480,7.63,100,100,100,-0.045,22.18,50,0,7.94,-0.005,1.037,-1.97,62,0,179.53,-5.96,10,0.00,3.98,3.99,3.98,3.99,3.99,3.99,3.99,3.99,31.97,4.8,-30,-30,78.2,162,-344,-293,204,0,999,0,0,1,-1,-1,1,1,-1,-1,-1,-1,-1,0,0,
2026-04-14,21:02:47.750,7.63,100,100,100,-0.069,21.91,46,0,7.93,-0.023,0.998,-1.39,62,0,-176.39,-6.23,10,0.00,3.98,4.00,3.98,3.99,3.99,3.99,3.99,3.99,32.02,0.0,-30,-30,77.6,184,-334,-295,236,0,999,0,0,1,-1,-1,1,1,-1,-1,-1,-1,-1,0,0,
2026-04-14,21:02:48.020,7.63,99,99,99,-0.042,21.48,45,0,7.94,-0.016,0.982,-1.38,61,0,-172.73,-5.25,10,0.00,3.98,4.00,3.99,4.00,3.99,3.99,3.99,3.99,32.02,0.0,-30,-30,76.3,147,-328,-120,0,0,999,0,0,1,-1,-1,1,1,-1,-1,-1,-1,-1,0,0,
2026-04-14,21:02:48.280,7.63,99,99,99,-0.026,21.13,46,0,7.90,-0.106,1.057,-1.33,61,0,-168.52,-4.33,10,0.00,3.98,4.00,3.99,4.00,3.99,3.99,3.99,3.99,31.99,5.5,-30,-30,72.2,83,-385,0,-314,0,999,0,0,1,-1,-1,1,1,-1,-1,-1,-1,-1,0,0,
2026-04-14,21:02:48.560,7.63,99,99,99,-0.026,19.70,49,0,7.92,-0.083,1.011,-2.34,61,0,-177.69,-4.82,10,0.00,3.98,4.00,3.99,4.00,3.99,3.99,4.00,4.00,31.99,5.5,-30,-30,78.7,44,-303,28,-48,0,999,0,0,1,-1,-1,1,1,-1,-1,-1,-1,-1,0,0,
2026-04-14,21:02:48.820,7.63,100,100,99,-0.060,18.76,52,0,7.93,-0.147,1.189,-2.89,61,0,-179.47,-6.09,10,0.00,3.99,4.00,3.99,4.00,3.99,3.99,4.00,4.00,31.96,9.5,-30,-30,78.7,76,-368,83,104,0,999,0,0,1,-1,-1,1,1,-1,-1,-1,-1,-1,0,0,
2026-04-14,21:02:49.080,7.63,100,100,99,-0.035,17.93,54,0,7.92,-0.201,1.213,-2.97,61,0,-173.54,-7.95,10,0.00,3.99,4.00,3.98,3.99,3.99,3.99,4.00,4.00,31.96,9.5,-30,-30,80.0,56,-356,76,-188,0,999,0,0,1,-1,-1,1,1,-1,-1,-1,-1,-1,0,0,
2026-04-14,21:02:49.350,7.63,100,100,99,-0.024,17.45,55,0,7.95,-0.145,0.976,-2.36,61,0,-171.27,-8.06,10,0.00,3.99,4.00,3.98,3.99,3.99,3.98,4.00,4.00,31.93,12.0,-30,-30,78.2,27,-234,77,-430,0,999,0,0,1,-1,-1,1,1,-1,-1,-1,-1,-1,0,0,
2026-04-14,21:02:49.620,7.63,100,100,99,0.001,17.15,57,0,7.96,-0.136,1.029,-1.51,62,0,-168.31,-7.74,10,0.00,3.99,4.00,3.98,3.99,3.99,3.98,3.98,3.98,31.93,12.0,-30,-30,76.1,0,-351,24,-632,0,1000,0,0,1,-1,-1,1,1,-1,-1,-1,-1,-1,0,0,
2026-04-14,21:02:49.880,7.63,100,100,99,-0.025,16.72,57,0,7.94,-0.104,0.900,-1.39,61,0,-173.59,-6.89,10,0.00,3.99,4.00,3.98,3.99,3.99,3.98,3.98,3.98,31.90,9.6,-30,-30,76.3,-51,-354,101,-794,0,999,0,0,1,-1,-1,1,1,-1,-1,-1,-1,-1,0,0,
2026-04-14,21:02:50.140,7.63,100,100,99,-0.038,16.44,58,0,7.92,-0.153,0.885,-1.17,60,0,56.17,-7.62,10,0.00,3.97,3.99,3.98,3.99,3.99,3.98,3.98,3.98,31.90,9.6,-30,-30,74.1,-45,-354,271,-492,0,1000,0,0,1,-1,-1,1,1,-1,-1,-1,-1,-1,0,0,
2026-04-14,21:02:50.410,7.63,100,100,99,-0.050,16.03,57,0,7.92,-0.320,1.157,-1.32,59,0,171.39,-10.10,10,0.00,3.97,3.99,3.96,3.98,3.99,3.98,3.98,3.98,31.78,19.4,-30,-30,77.4,0,-421,442,-389,0,999,0,0,1,-1,-1,1,1,-1,-1,-1,-1,-1,0,0,
2026-04-14,21:02:50.670,7.62,100,100,99,0.019,15.56,56,0,7.95,-0.488,1.219,-1.48,59,0,170.79,-11.69,10,0.00,3.97,3.99,3.96,3.98,3.97,3.96,3.98,3.98,31.78,19.4,-30,-30,77.4,0,-283,519,-224,0,999,0,0,1,-1,-1,1,1,-1,-1,-1,-1,-1,0,0,
2026-04-14,21:02:50.930,7.62,100,100,99,0.019,14.65,55,0,7.96,-0.437,1.216,-2.21,60,0,168.72,-14.62,10,0.00,3.97,3.99,3.96,3.98,3.97,3.96,3.94,3.94,31.57,39.8,-30,-30,77.6,0,-262,-1,0,0,999,0,0,1,-1,-1,1,1,-1,-1,-1,-1,-1,0,0,
2026-04-14,21:02:51.200,7.63,100,100,99,0.014,13.98,54,0,7.94,-0.130,1.119,-3.19,62,0,167.16,-14.70,10,0.00,3.92,3.94,3.96,3.98,3.97,3.96,3.94,3.94,31.57,5.5,-30,-30,78.3,0,-280,-181,175,0,999,0,0,1,-1,-1,1,1,-1,-1,-1,-1,-1,0,0,
2026-04-14,21:02:51.460,7.63,100,100,99,-0.011,14.46,54,0,7.95,-0.080,1.027,0.80,63,0,165.71,-14.51,10,0.00,3.92,3.94,3.92,3.94,3.97,3.96,3.94,3.94,31.66,5.5,-30,-30,76.3,49,-214,-312,201,0,999,0,0,1,-1,-1,1,1,-1,-1,-1,-1,-1,0,0,
2026-04-14,21:02:51.740,7.63,100,100,99,-0.027,15.17,55,0,7.91,0.030,0.740,1.74,65,0,167.19,-11.69,10,0.00,3.92,3.94,3.92,3.94,3.95,3.95,3.94,3.94,31.66,0.0,-30,-30,73.7,265,-387,-311,379,0,1000,0,0,1,-1,-1,1,1,-1,-1,-1,-1,-1,0,0,
2026-04-14,21:02:52.000,7.63,100,100,100,-0.060,15.82,56,0,7.91,0.005,0.766,2.16,66,0,170.06,-11.44,10,0.00,3.92,3.94,3.92,3.94,3.95,3.95,3.94,3.94,31.77,0.0,-30,-30,73.2,217,-575,-333,252,0,999,0,0,1,-1,-1,1,1,-1,-1,-1,-1,-1,0,0,
2026-04-14,21:02:52.260,7.63,99,100,100,-0.038,15.72,57,0,7.88,-0.081,0.990,0.98,67,0,178.47,-11.74,10,0.00,3.92,3.94,3.92,3.94,3.95,3.95,3.98,3.98,31.88,0.0,-30,-30,67.6,23,-74,-514,-88,0,999,0,0,1,-1,-1,1,1,-1,-1,-1,-1,-1,0,0,
2026-04-14,21:02:52.520,7.62,99,100,100,-0.059,15.46,58,0,7.84,0.031,0.703,-0.28,66,0,-178.12,-6.30,10,0.00,3.98,4.00,3.92,3.94,3.95,3.95,3.98,3.98,31.88,0.0,-30,-30,65.2,-147,-1011,-808,-111,0,999,0,0,1,-1,-1,1,1,-1,-1,-1,-1,-1,0,0,
2026-04-14,21:02:52.790,7.63,98,100,100,0.094,15.62,59,0,7.63,-0.009,2.052,-0.06,63,0,-176.45,-6.35,10,0.00,3.98,4.00,3.99,4.00,3.95,3.95,3.98,3.98,31.95,0.0,-30,-30,60.6,-271,-1023,-1019,-136,0,1000,0,0,1,-1,-1,1,1,-1,-1,-1,-1,-1,0,0,
2026-04-14,21:02:53.050,7.63,99,100,100,-0.116,15.62,59,0,7.64,-0.001,0.919,0.26,65,0,175.39,-10.12,10,0.00,3.98,4.00,3.99,4.00,4.01,4.00,3.98,3.98,31.95,0.0,-30,-30,60.6,-250,-221,-1024,-256,0,999,0,0,1,-1,-1,1,1,-1,-1,-1,-1,-1,0,0,
2026-04-14,21:02:53.310,7.62,99,100,100,-0.064,15.36,59,0,7.82,-0.072,0.851,-0.52,68,0,178.61,-12.96,10,0.00,3.98,4.00,3.99,4.00,4.01,4.00,4.01,4.01,32.01,0.0,-30,-30,63.2,-72,-372,-1024,-128,0,999,0,0,1,-1,-1,1,1,-1,-1,-1,-1,-1,0,0,
2026-04-14,21:02:53.570,7.63,100,100,100,-0.026,15.61,60,0,7.86,-0.016,0.685,0.17,72,0,174.32,-8.51,10,0.00,4.00,4.01,3.99,4.00,4.01,4.00,4.01,4.01,32.01,0.0,-30,-30,58.9,118,-895,-1024,0,0,999,0,0,1,-1,-1,1,1,-1,-1,-1,-1,-1,0,0,
2026-04-14,21:02:53.840,7.63,100,100,100,0.040,15.90,63,0,7.74,0.047,0.793,0.73,74,0,172.04,-6.32,10,0.00,4.00,4.01,4.00,4.01,4.01,4.00,4.01,4.01,32.05,0.0,-30,-30,64.6,434,-891,-1024,0,0,1000,0,0,1,-1,-1,1,1,-1,-1,-1,-1,-1,0,0,
2026-04-14,21:02:54.120,7.63,100,100,100,-0.127,15.95,66,0,7.80,-0.045,0.877,0.52,78,0,177.91,-8.37,10,0.00,4.00,4.01,4.00,4.01,4.01,4.01,4.01,4.01,32.05,0.0,-30,-30,56.9,-73,-443,-1024,-9,0,1000,0,0,1,-1,-1,1,1,-1,-1,-1,-1,-1,0,0,
2026-04-14,21:02:54.390,7.62,100,100,100,-0.103,15.80,72,0,7.88,-0.066,0.809,-0.16,82,0,179.86,-10.51,10,0.00,4.00,4.01,4.00,4.01,4.01,4.01,4.01,4.01,32.09,0.0,-30,-30,56.9,-110,-565,-1024,-24,0,1000,0,0,1,-1,-1,1,1,-1,-1,-1,-1,-1,0,0,
2026-04-14,21:02:54.660,7.63,100,100,100,-0.089,15.76,77,0,7.92,-0.019,0.827,-0.11,85,0,41.14,-8.05,10,0.00,4.00,4.01,4.00,4.01,4.01,4.01,4.01,4.01,32.09,0.0,-30,-30,54.6,-170,-525,-1024,-20,0,999,0,0,1,-1,-1,1,1,-1,-1,-1,-1,-1,0,0,
2026-04-14,21:02:54.930,7.63,100,100,100,0.036,15.73,76,0,7.92,0.035,1.021,-0.12,86,0,175.66,-2.45,10,0.00,4.00,4.02,4.00,4.01,4.01,4.01,4.01,4.01,32.12,0.0,-30,-30,54.6,-158,-313,-1024,0,0,999,0,0,1,-1,-1,1,1,-1,-1,-1,-1,-1,0,0,
2026-04-14,21:02:55.190,7.62,100,100,100,0.053,15.76,73,0,7.96,0.030,0.851,-0.05,81,0,175.94,-3.28,10,0.00,4.00,4.02,4.00,4.02,4.01,4.01,4.01,4.01,32.12,0.0,-30,-30,49.4,0,4,-1024,0,0,999,0,0,1,-1,-1,1,1,-1,-1,-1,-1,-1,0,0,
2026-04-14,21:02:55.450,7.63,100,100,100,0.048,15.83,73,0,7.97,0.026,1.110,0.17,80,0,176.14,-1.56,10,0.00,4.00,4.02,4.00,4.02,4.02,4.01,4.01,4.01,32.15,0.0,-30,-30,49.4,263,12,-1024,0,0,1000,0,0,1,-1,-1,1,1,-1,-1,-1,-1,-1,0,0,
2026-04-14,21:02:55.710,7.63,100,100,100,-0.057,15.90,75,0,7.94,-0.008,0.895,0.20,73,0,176.70,-1.96,10,0.00,4.00,4.02,4.00,4.02,4.02,4.01,4.02,4.02,32.15,0.0,-30,-30,54.6,31,12,-1024,0,0,999,0,0,1,-1,-1,1,1,-1,-1,-1,-1,-1,0,0,
2026-04-14,21:02:55.970,7.63,100,100,100,-0.108,15.98,77,0,7.95,-0.027,1.133,0.25,73,0,176.68,-1.39,10,0.00,4.01,4.02,4.00,4.02,4.02,4.01,4.02,4.02,32.18,0.0,-30,-30,50.6,23,13,-1024,0,0,999,0,0,1,-1,-1,1,1,-1,-1,-1,-1,-1,0,0,
2026-04-14,21:02:56.240,7.63,100,100,100,-0.047,16.07,79,0,7.96,-0.011,0.960,0.28,68,0,176.40,-1.30,10,0.00,4.01,4.02,4.01,4.02,4.02,4.01,4.02,4.02,32.18,0.0,-30,-30,50.9,-366,13,-1024,0,0,1000,0,0,1,-1,-1,1,1,-1,-1,-1,-1,-1,0,0,
2026-04-14,21:02:56.510,7.63,100,100,100,0.066,16.10,79,0,7.93,0.007,1.071,0.20,72,0,176.46,-1.04,10,0.00,4.01,4.02,4.01,4.02,4.02,4.01,4.02,4.02,32.20,0.0,-30,-30,49.1,-307,13,-1024,0,0,999,0,0,1,-1,-1,1,1,-1,-1,-1,-1,-1,0,0,
2026-04-14,21:02:56.770,7.62,100,100,100,0.043,16.03,78,0,7.94,-0.008,1.003,-0.03,74,0,176.87,-1.10,10,0.00,4.01,4.02,4.01,4.02,4.02,4.02,4.02,4.02,32.21,0.0,-30,-30,47.0,-140,14,-1024,0,0,999,0,0,1,-1,-1,1,1,-1,-1,-1,-1,-1,0,0,
2026-04-14,21:02:57.050,7.63,100,100,100,0.035,15.96,75,0,7.94,-0.006,1.097,-0.13,69,0,177.64,-0.43,10,0.00,4.01,4.02,4.01,4.02,4.02,4.02,4.02,4.02,32.21,0.0,-30,-30,48.0,-82,13,-1024,0,0,999,0,0,1,-1,-1,1,1,-1,-1,-1,-1,-1,0,0,
2026-04-14,21:02:57.320,7.62,100,100,100,-0.005,15.98,67,0,7.95,-0.015,0.946,-0.07,59,0,177.79,-0.24,10,0.00,4.01,4.03,4.01,4.02,4.02,4.02,4.02,4.02,32.23,0.0,-30,-30,44.8,-254,13,-1024,0,0,1000,0,0,1,-1,-1,1,1,-1,-1,-1,-1,-1,0,0,
2026-04-14,21:02:57.590,7.63,100,100,100,-0.003,16.06,65,0,7.95,-0.011,0.987,0.12,58,0,178.40,-1.02,10,0.00,4.01,4.03,4.01,4.02,4.02,4.02,4.02,4.02,32.23,0.0,-30,-30,40.6,-208,14,-1024,0,0,999,0,0,1,-1,-1,1,1,-1,-1,-1,-1,-1,0,0,
2026-04-14,21:02:57.860,7.62,100,100,100,0.022,16.18,63,0,7.98,-0.009,0.890,0.29,58,0,178.69,-0.60,10,0.00,4.01,4.03,4.01,4.02,4.02,4.02,4.02,4.02,32.25,0.0,-30,-30,40.6,-240,14,-1024,0,0,999,0,0,1,-1,-1,1,1,-1,-1,-1,-1,-1,0,0,
2026-04-14,21:02:58.130,7.63,100,100,100,0.023,16.22,62,0,7.97,-0.027,1.132,0.29,54,0,178.84,-0.29,10,0.00,4.01,4.03,4.01,4.02,4.02,4.02,4.02,4.02,32.25,0.0,-30,-30,42.0,-304,13,-1024,0,0,1000,0,0,1,-1,-1,1,1,-1,-1,-1,-1,-1,0,0,
2026-04-14,21:02:58.390,7.63,100,100,100,0.042,16.29,61,0,7.97,-0.011,1.048,0.20,54,0,179.83,-1.05,10,0.00,4.02,4.03,4.01,4.02,4.02,4.02,4.02,4.02,32.26,0.0,-30,-30,39.6,-203,14,-1024,0,0,1000,0,0,1,-1,-1,1,1,-1,-1,-1,-1,-1,0,0,
2026-04-14,21:02:58.650,7.62,100,100,100,0.018,16.27,61,0,8.00,0.000,1.173,0.07,56,0,-158.10,-0.90,10,0.00,4.02,4.03,4.02,4.03,4.02,4.02,4.02,4.02,32.26,0.0,-30,-30,42.0,-327,14,-1024,0,0,999,0,0,1,-1,-1,1,1,-1,-1,-1,-1,-1,0,0,
2026-04-14,21:02:58.910,7.63,100,100,100,0.035,16.20,61,0,7.98,-0.013,0.954,-0.10,54,0,-179.60,-1.86,10,0.00,4.02,4.03,4.02,4.03,4.03,4.02,4.02,4.02,32.27,0.0,-30,-30,40.7,-337,14,-1024,0,0,999,0,0,1,-1,-1,1,1,-1,-1,-1,-1,-1,0,0,
2026-04-14,21:02:59.170,7.63,100,100,100,0.020,16.16,61,0,7.97,-0.025,1.048,-0.18,51,0,-179.45,-1.54,10,0.00,4.02,4.03,4.02,4.03,4.03,4.02,4.02,4.02,32.27,0.0,-30,-30,42.0,-313,13,-1024,0,0,999,0,0,1,-1,-1,1,1,-1,-1,-1,-1,-1,0,0,
2026-04-14,21:02:59.430,7.63,100,100,100,0.009,16.19,61,0,7.97,-0.015,0.980,0.00,48,0,-179.11,-1.49,10,0.00,4.02,4.03,4.02,4.03,4.03,4.02,4.03,4.03,32.28,0.0,-30,-30,40.2,-308,13,-1024,0,0,999,0,0,1,-1,-1,1,1,-1,-1,-1,-1,-1,0,0,
2026-04-14,21:02:59.690,7.63,100,100,100,0.023,16.19,61,0,7.97,-0.033,0.937,0.00,46,0,-179.06,-1.27,10,0.00,4.02,4.03,4.02,4.03,4.03,4.02,4.03,4.03,32.28,0.0,-30,-30,37.0,-315,13,-1024,0,0,1000,0,0,1,-1,-1,1,1,-1,-1,-1,-1,-1,0,0,
2026-04-14,21:02:59.960,7.63,100,100,100,0.005,16.37,59,0,7.97,-0.020,0.925,0.27,44,0,-179.29,-1.70,10,0.00,4.02,4.03,4.02,4.03,4.03,4.02,4.03,4.03,32.29,0.0,-30,-30,36.1,-160,13,-1024,0,0,999,0,0,1,-1,-1,1,1,-1,-1,-1,-1,-1,0,0,
2026-04-14,21:03:00.220,7.62,100,100,100,-0.014,16.35,58,0,7.97,-0.035,0.979,0.10,45,0,-179.17,-1.68,10,0.00,4.02,4.03,4.02,4.03,4.03,4.02,4.03,4.03,32.29,0.0,-30,-30,36.1,-222,14,-1024,0,0,999,0,0,1,-1,-1,1,1,-1,-1,-1,-1,-1,0,0,
2026-04-14,21:03:00.490,7.63,100,100,100,-0.025,16.33,55,0,7.97,-0.043,0.913,-0.01,45,0,-179.40,-1.00,10,0.00,4.02,4.03,4.02,4.03,4.03,4.02,4.03,4.03,32.29,0.0,-30,-30,32.0,80,14,-1024,0,0,999,0,0,1,-1,-1,1,1,-1,-1,-1,-1,-1,0,0,
2026-04-14,21:03:00.750,7.63,100,100,100,-0.061,16.25,53,0,7.95,-0.044,0.864,-0.17,45,0,-179.59,-2.07,10,0.00,4.02,4.03,4.02,4.03,4.03,4.02,4.03,4.03,32.31,0.0,-30,-30,33.7,365,14,-1024,0,0,999,0,0,1,-1,-1,1,1,-1,-1,-1,-1,-1,0,0,
2026-04-14,21:03:01.010,7.63,100,100,100,-0.094,16.28,52,0,7.91,-0.028,1.007,-0.03,44,0,-179.93,-1.33,10,0.00,4.02,4.03,4.02,4.03,4.03,4.02,4.03,4.03,32.31,0.0,-30,-30,30.7,745,14,-1024,0,0,999,0,0,1,-1,-1,1,1,-1,-1,-1,-1,-1,0,0,
2026-04-14,21:03:01.280,7.62,100,100,100,-0.124,16.33,51,0,7.91,-0.041,0.934,0.04,44,0,177.50,-1.85,10,0.00,4.02,4.03,4.02,4.03,4.03,4.02,4.03,4.03,32.31,0.0,-30,-30,32.0,748,14,-1024,0,0,1000,0,0,1,-1,-1,1,1,-1,-1,-1,-1,-1,0,0,
2026-04-14,21:03:01.540,7.63,100,100,100,-0.161,16.41,51,0,7.95,-0.040,1.050,0.22,43,0,178.70,-1.62,10,0.00,4.02,4.03,4.02,4.03,4.03,4.03,4.03,4.03,32.31,0.0,-30,-30,31.3,850,14,-1024,0,0,999,0,0,1,-1,-1,1,1,-1,-1,-1,-1,-1,0,0,
2026-04-14,21:03:01.800,7.63,100,100,100,-0.134,16.36,50,0,7.91,-0.047,0.936,0.01,41,0,177.95,-1.94,10,0.00,4.02,4.03,4.02,4.03,4.03,4.03,4.03,4.03,32.32,0.0,-30,-30,28.0,1005,13,-1024,0,0,999,0,0,1,-1,-1,1,1,-1,-1,-1,-1,-1,0,0,
2026-04-14,21:03:02.060,7.63,100,100,100,-0.145,16.35,49,0,7.88,-0.048,0.970,-0.02,41,0,176.43,-1.62,10,0.00,4.02,4.03,4.02,4.03,4.03,4.03,4.03,4.03,32.32,0.0,-30,-30,28.0,1014,13,-1024,0,0,999,0,0,1,-1,-1,1,1,-1,-1,-1,-1,-1,0,0,
2026-04-14,21:03:02.320,7.62,100,100,100,-0.155,16.32,48,0,7.87,-0.056,1.020,-0.08,39,0,175.65,-1.80,10,0.00,4.02,4.03,4.02,4.03,4.03,4.03,4.03,4.03,32.33,0.0,-30,-30,28.0,1017,14,-1024,0,0,999,0,0,1,-1,-1,1,1,-1,-1,-1,-1,-1,0,0,
2026-04-14,21:03:02.580,7.62,100,100,100,-0.176,16.36,47,0,7.86,-0.055,0.957,0.01,38,0,174.54,-2.54,10,0.00,4.02,4.03,4.02,4.03,4.03,4.03,4.03,4.03,32.33,0.0,-30,-30,26.7,1018,13,-1024,0,0,999,0,0,1,-1,-1,1,1,-1,-1,-1,-1,-1,0,0,
2026-04-14,21:03:02.860,7.62,94,100,100,-0.136,16.39,45,0,7.86,-0.050,1.066,0.08,37,0,173.54,-2.53,10,0.00,4.02,4.03,4.02,4.03,4.03,4.03,4.03,4.03,32.33,0.0,-30,-30,23.5,1018,14,-1024,0,0,999,0,0,1,-1,-1,1,1,-1,-1,-1,-1,-1,0,0,
2026-04-14,21:03:03.130,7.63,94,100,100,-0.154,16.36,44,0,7.86,-0.062,0.979,0.01,38,0,173.17,-3.04,10,0.00,4.02,4.04,4.02,4.03,4.03,4.03,4.03,4.03,32.33,0.0,-30,-30,21.7,1017,14,-1024,0,0,999,0,0,1,-1,-1,1,1,-1,-1,-1,-1,-1,0,0,
2026-04-14,21:03:03.400,7.63,93,100,100,-0.145,16.42,44,0,7.86,-0.031,0.985,0.07,40,0,172.29,-3.91,10,0.00,4.02,4.04,4.02,4.03,4.03,4.03,4.03,4.03,32.33,0.0,-30,-30,21.7,1017,14,-1024,0,0,999,0,0,1,-1,-1,1,1,-1,-1,-1,-1,-1,0,0,
2026-04-14,21:03:03.660,7.62,98,100,100,-0.127,16.45,44,0,7.86,-0.045,0.940,0.12,42,0,171.82,-4.44,10,0.00,4.02,4.04,4.02,4.03,4.03,4.03,4.03,4.03,32.33,0.0,-30,-30,17.8,1015,13,-1024,0,0,999,0,0,1,-1,-1,1,1,-1,-1,-1,-1,-1,0,0,
2026-04-14,21:03:03.920,7.63,98,100,100,-0.114,16.45,45,0,7.86,-0.044,1.031,0.05,44,0,171.82,-4.44,10,0.00,4.02,4.04,4.02,4.03,4.03,4.03,4.03,4.03,32.34,0.0,-30,-30,21.7,965,14,-1024,0,0,999,0,0,1,-1,-1,1,1,-1,-1,-1,-1,-1,0,0,
2026-04-14,21:03:04.180,7.63,100,100,100,-0.101,16.38,45,0,7.88,-0.063,1.013,-0.11,43,0,171.83,-5.03,10,0.00,4.02,4.04,4.02,4.03,4.03,4.03,4.04,4.03,32.34,0.0,-30,-30,18.7,922,13,-1024,0,0,1000,0,0,1,-1,-1,1,1,-1,-1,-1,-1,-1,0,0,
2026-04-14,21:03:04.450,7.63,100,100,100,-0.078,16.41,45,0,7.93,-0.046,0.951,-0.06,43,0,172.00,-5.24,10,0.00,4.02,4.03,4.02,4.03,4.03,4.03,4.04,4.03,32.34,0.0,-30,-30,18.7,808,13,-1024,0,0,999,0,0,1,-1,-1,1,1,-1,-1,-1,-1,-1,0,0,
2026-04-14,21:03:04.710,7.63,99,100,100,-0.085,16.49,45,0,7.97,-0.044,0.920,0.16,41,0,172.19,-4.61,10,0.00,4.02,4.03,4.03,4.03,4.03,4.03,4.04,4.03,32.34,0.0,-30,-30,21.7,800,13,-1024,0,0,999,0,0,1,-1,-1,1,1,-1,-1,-1,-1,-1,0,0,
2026-04-14,21:03:04.980,7.63,99,100,100,-0.047,16.55,45,0,7.96,-0.042,1.022,0.24,39,0,172.54,-4.82,10,0.00,4.02,4.03,4.03,4.03,4.03,4.03,4.04,4.03,32.35,0.0,-30,-30,18.0,270,14,-1024,0,0,999,0,0,1,-1,-1,1,1,-1,-1,-1,-1,-1,0,0,
2026-04-14,21:03:05.250,7.63,96,100,100,-0.024,16.63,45,0,7.87,-0.064,1.006,0.21,37,0,172.81,-5.02,10,0.00,4.02,4.03,4.03,4.03,4.03,4.03,4.03,4.03,32.35,0.0,-30,-30,20.7,-688,14,-1024,0,0,999,0,0,1,-1,-1,1,1,-1,-1,-1,-1,-1,0,0,
2026-04-14,21:03:05.510,7.62,96,100,100,0.044,16.64,45,0,7.84,-0.022,0.993,0.03,35,0,173.82,-4.84,10,0.00,4.02,4.03,4.03,4.03,4.03,4.03,4.03,4.03,32.35,0.0,-30,-30,17.8,-892,13,-1024,0,0,999,0,0,1,-1,-1,1,1,-1,-1,-1,-1,-1,0,0,
2026-04-14,21:03:05.770,7.62,95,100,100,0.041,16.64,45,0,7.81,-0.043,0.979,0.00,35,0,174.48,-4.44,10,0.00,4.02,4.03,4.03,4.03,4.03,4.03,4.03,4.03,32.35,0.0,-30,-30,17.8,-999,13,-967,0,0,999,0,0,1,-1,-1,1,1,-1,-1,-1,-1,-1,0,0,
2026-04-14,21:03:06.030,7.63,97,100,100,0.037,16.64,45,0,7.81,-0.027,1.014,0.00,37,0,175.93,-3.53,10,0.00,4.02,4.03,4.03,4.03,4.03,4.03,4.03,4.03,32.35,0.0,-30,-30,21.7,-1010,13,-770,0,0,1000,0,0,1,-1,-1,1,1,-1,-1,-1,-1,-1,0,0,
2026-04-14,21:03:06.290,7.62,97,100,100,0.046,16.62,45,0,7.84,-0.026,1.032,-0.05,40,0,176.76,-3.35,10,0.00,4.02,4.03,4.03,4.03,4.03,4.03,4.03,4.03,32.35,0.5,-30,-30,20.7,-1012,13,-604,0,0,999,0,0,1,-1,-1,1,1,-1,-1,-1,-1,-1,0,0,
2026-04-14,21:03:06.550,7.62,96,100,100,0.044,16.62,45,0,7.88,-0.053,1.038,-0.19,38,0,178.44,-2.96,10,0.00,4.02,4.03,4.03,4.03,4.03,4.03,4.03,4.03,32.35,0.5,-30,-30,20.7,-1013,14,-511,0,0,1000,0,0,1,-1,-1,1,1,-1,-1,-1,-1,-1,0,0,
2026-04-14,21:03:06.820,7.62,96,100,100,0.032,16.40,44,0,7.90,-0.084,0.995,-0.31,36,0,179.77,-3.23,10,0.00,4.02,4.03,4.03,4.03,4.03,4.03,4.03,4.03,32.33,2.9,-30,-30,19.8,-1012,14,-441,0,0,999,0,0,1,-1,-1,1,1,-1,-1,-1,-1,-1,0,0,
2026-04-14,21:03:07.090,7.63,97,100,100,0.021,16.21,44,0,7.94,-0.089,1.021,-0.51,34,0,-166.94,-3.58,10,0.00,4.02,4.03,4.02,4.03,4.03,4.03,4.03,4.03,32.33,2.9,-30,-30,18.7,-1011,14,-514,0,0,1000,0,0,1,-1,-1,1,1,-1,-1,-1,-1,-1,0,0,
2026-04-14,21:03:07.350,7.62,99,100,100,0.044,15.96,45,0,7.93,-0.041,1.005,-0.72,34,0,-179.00,-4.40,10,0.00,4.02,4.03,4.02,4.03,4.03,4.03,4.03,4.03,32.36,2.2,-30,-30,17.8,-1010,14,-883,0,0,999,0,0,1,-1,-1,1,1,-1,-1,-1,-1,-1,0,0,
2026-04-14,21:03:07.610,7.62,99,100,100,0.046,15.96,45,0,7.96,-0.028,1.054,-0.38,34,0,-178.82,-4.34,10,0.00,4.02,4.03,4.02,4.03,4.03,4.03,4.03,4.03,32.36,2.2,-30,-30,16.5,-1011,13,-940,0,0,1000,0,0,1,-1,-1,1,1,-1,-1,-1,-1,-1,0,0,
2026-04-14,21:03:07.870,7.63,99,99,99,0.024,16.14,44,0,7.96,-0.045,0.992,-0.38,33,0,-178.53,-4.64,10,0.00,4.02,4.03,4.02,4.03,4.03,4.03,4.03,4.03,32.36,0.0,-30,-30,17.8,-1013,13,-593,0,0,999,0,0,1,-1,-1,1,1,-1,-1,-1,-1,-1,0,0,
2026-04-14,21:03:08.130,7.63,98,99,94,-0.015,16.32,42,0,7.97,-0.110,0.958,0.46,32,0,-178.60,-4.51,10,0.00,4.02,4.03,4.02,4.03,4.03,4.03,4.03,4.03,32.36,0.0,-30,-30,12.4,-1013,13,-447,0,0,999,0,0,1,-1,-1,1,1,-1,-1,-1,-1,-1,0,0,
2026-04-14,21:03:08.400,7.63,97,97,90,0.013,16.27,39,0,7.97,-0.100,0.972,0.22,29,0,-178.61,-4.71,10,0.00,4.02,4.03,4.02,4.03,4.03,4.03,4.03,4.03,32.34,4.3,-30,-30,10.7,-1011,14,-649,0,0,1000,0,0,1,-1,-1,1,1,-1,-1,-1,-1,-1,0,0,
2026-04-14,21:03:08.670,7.62,94,94,89,0.006,16.10,38,0,7.97,-0.056,0.974,-0.32,31,0,-178.56,-4.95,10,0.00,4.02,4.03,4.02,4.03,4.03,4.03,4.03,4.03,32.34,4.3,-30,-30,12.4,-1013,14,-696,0,0,999,0,0,1,-1,-1,1,1,-1,-1,-1,-1,-1,0,0,
2026-04-14,21:03:08.950,7.63,95,95,89,-0.023,16.28,39,0,7.97,-0.055,1.002,0.29,32,0,-178.65,-4.89,10,0.00,4.02,4.03,4.02,4.03,4.03,4.03,4.03,4.03,32.34,0.0,-30,-30,8.9,-1013,14,-406,0,0,999,0,0,1,-1,-1,1,1,-1,-1,-1,-1,-1,0,0,
2026-04-14,21:03:09.220,7.63,97,97,89,0.000,16.29,43,0,7.97,-0.151,0.973,0.23,33,0,-179.04,-4.85,10,0.00,4.02,4.03,4.02,4.03,4.03,4.03,4.03,4.03,32.34,0.0,-30,-30,8.9,-1013,14,-304,0,0,1000,0,0,1,-1,-1,1,1,-1,-1,-1,-1,-1,0,0,
2026-04-14,21:03:09.490,7.62,99,99,89,0.041,16.17,46,0,7.97,-0.179,0.985,-0.17,33,0,-179.08,-5.65,10,0.00,4.02,4.03,4.02,4.02,4.03,4.03,4.03,4.03,32.31,7.4,-30,-30,12.4,-1013,14,-317,0,0,1000,0,0,1,-1,-1,1,1,-1,-1,-1,-1,-1,0,0,
2026-04-14,21:03:09.750,7.63,99,99,89,0.037,16.03,44,0,7.97,-0.147,0.933,-0.38,32,0,-178.99,-6.34,10,0.00,4.02,4.03,4.02,4.02,4.02,4.02,4.03,4.03,32.31,3.6,-30,-30,12.4,-1012,14,-474,0,0,1000,0,0,1,-1,-1,1,1,-1,-1,-1,-1,-1,0,0,
2026-04-14,21:03:10.020,7.63,99,99,87,0.020,16.03,43,0,7.97,-0.118,0.972,-0.24,31,0,-179.07,-7.00,10,0.00,4.02,4.03,4.02,4.02,4.02,4.02,4.03,4.03,32.31,3.6,-30,-30,10.7,-1012,14,-509,0,0,1000,0,0,1,-1,-1,1,1,-1,-1,-1,-1,-1,0,0,
2026-04-14,21:03:10.290,7.63,100,100,85,-0.002,16.20,44,0,7.97,-0.108,0.953,0.25,32,0,-179.09,-7.34,10,0.00,4.02,4.03,4.02,4.02,4.02,4.02,4.02,4.02,32.29,2.3,-30,-30,8.9,-1013,14,-432,0,0,1000,0,0,1,-1,-1,1,1,-1,-1,-1,-1,-1,0,0,
2026-04-14,21:03:10.550,7.62,100,100,85,0.020,16.36,46,0,7.97,-0.133,0.982,0.50,36,0,-179.40,-7.16,10,0.00,4.01,4.03,4.02,4.02,4.02,4.02,4.02,4.02,32.29,2.3,-30,-30,0.0,-1014,14,-275,0,0,1000,0,0,1,-1,-1,1,1,-1,-1,-1,-1,-1,0,0,
2026-04-14,21:03:10.810,7.62,100,100,85,0.044,16.33,47,0,7.97,-0.188,1.035,0.20,38,0,-179.47,-7.44,10,0.00,4.01,4.03,4.01,4.02,4.02,4.02,4.02,4.02,32.26,7.7,-30,-30,0.0,-1012,14,-416,0,0,999,0,0,1,-1,-1,1,1,-1,-1,-1,-1,-1,0,0,
2026-04-14,21:03:11.070,7.63,99,99,85,0.043,16.15,47,0,7.97,-0.137,1.007,-0.29,36,0,-179.37,-8.29,10,0.00,4.01,4.03,4.01,4.02,4.02,4.02,4.02,4.02,32.26,7.7,-30,-30,0.0,-1011,14,-682,0,0,1000,0,0,1,-1,-1,1,1,-1,-1,-1,-1,-1,0,0,
2026-04-14,21:03:11.340,7.62,98,98,85,0.026,16.13,46,0,7.97,-0.076,0.937,-0.28,37,0,-179.38,-8.91,10,0.00,4.01,4.03,4.01,4.02,4.02,4.02,4.03,4.02,32.28,0.0,-30,-30,0.0,-1012,14,-717,0,0,999,0,0,1,-1,-1,1,1,-1,-1,-1,-1,-1,0,0,
2026-04-14,21:03:11.610,7.62,97,97,85,0.007,16.61,46,0,7.97,-0.067,0.945,0.68,37,0,-179.45,-8.80,10,0.00,4.01,4.03,4.01,4.02,4.02,4.02,4.03,4.02,32.28,0.0,-30,-30,0.0,-1013,14,-638,0,0,999,0,0,1,-1,-1,1,1,-1,-1,-1,-1,-1,0,0,
2026-04-14,21:03:11.870,7.63,98,98,83,-0.016,16.62,46,0,7.97,-0.086,0.997,0.35,35,0,-179.69,-8.46,10,0.00,4.01,4.03,4.02,4.03,4.02,4.02,4.03,4.02,32.28,1.0,-30,-30,0.0,-1013,14,-558,0,0,1000,0,0,1,-1,-1,1,1,-1,-1,-1,-1,-1,0,0,
2026-04-14,21:03:12.130,7.63,99,99,88,-0.016,16.55,46,0,7.97,-0.105,0.993,0.01,35,0,-179.91,-8.02,10,0.00,4.01,4.03,4.02,4.03,4.02,4.02,4.03,4.02,32.28,1.0,-30,-30,0.0,-1014,13,-535,0,0,999,0,0,1,-1,-1,1,1,-1,-1,-1,-1,-1,0,0,
2026-04-14,21:03:12.390,7.63,100,100,92,0.008,16.47,48,0,7.97,-0.094,0.958,-0.22,35,0,-179.96,-8.21,10,0.00,4.01,4.03,4.02,4.03,4.03,4.03,4.03,4.02,32.27,1.8,-30,-30,0.0,-1014,14,-360,0,0,999,0,0,1,-1,-1,1,1,-1,-1,-1,-1,-1,0,0,
2026-04-14,21:03:12.650,7.62,100,100,92,0.032,16.36,49,0,7.97,-0.187,0.988,-0.25,33,0,177.37,-8.50,10,0.00,4.01,4.03,4.02,4.03,4.03,4.03,4.03,4.03,32.27,1.8,-30,-30,0.0,-1013,13,-382,0,0,999,0,0,1,-1,-1,1,1,-1,-1,-1,-1,-1,0,0,
2026-04-14,21:03:12.910,7.63,100,100,91,0.023,16.18,49,0,7.97,-0.186,0.937,-0.51,34,0,179.92,-8.84,10,0.00,4.02,4.03,4.02,4.03,4.03,4.03,4.03,4.03,32.26,4.7,-30,-30,0.0,-1012,13,-522,0,0,1000,0,0,1,-1,-1,1,1,-1,-1,-1,-1,-1,0,0,
2026-04-14,21:03:13.180,7.63,98,98,91,0.002,16.13,49,0,7.97,-0.101,0.982,-0.39,37,0,179.65,-8.94,10,0.00,4.02,4.03,4.01,4.02,4.03,4.03,4.03,4.03,32.26,4.7,-30,-30,0.0,-1012,14,-605,0,0,999,0,0,1,-1,-1,1,1,-1,-1,-1,-1,-1,0,0,
2026-04-14,21:03:13.440,7.62,98,98,91,-0.008,16.32,49,0,7.97,-0.102,1.011,0.17,37,0,179.47,-8.72,10,0.00,4.02,4.03,4.01,4.02,4.03,4.02,4.03,4.03,32.28,0.0,-30,-30,0.0,-1013,14,-545,0,0,1000,0,0,1,-1,-1,1,1,-1,-1,-1,-1,-1,0,0,
2026-04-14,21:03:13.700,7.62,98,98,91,-0.006,16.40,49,0,7.97,-0.099,0.925,0.37,37,0,179.16,-8.47,10,0.00,4.02,4.03,4.01,4.02,4.03,4.02,4.03,4.02,32.28,0.0,-30,-30,0.0,-1012,14,-531,0,0,1000,0,0,1,-1,-1,1,1,-1,-1,-1,-1,-1,0,0,
2026-04-14,21:03:13.960,7.63,100,100,92,0.007,16.29,47,0,7.97,-0.090,0.916,-0.05,37,0,179.09,-8.41,10,0.00,4.02,4.03,4.01,4.02,4.03,4.02,4.03,4.02,32.28,2.0,-30,-30,0.0,-1012,14,-561,0,0,999,0,0,1,-1,-1,1,1,-1,-1,-1,-1,-1,0,0,
2026-04-14,21:03:14.230,7.63,98,98,94,-0.022,16.28,42,0,7.97,-0.105,0.976,-0.13,36,0,178.99,-7.78,10,0.00,4.02,4.03,4.02,4.03,4.03,4.02,4.03,4.02,32.28,1.2,-30,-30,0.0,-1012,13,-558,0,0,1000,0,0,1,-1,-1,1,1,-1,-1,-1,-1,-1,0,0,
2026-04-14,21:03:14.490,7.62,96,96,94,-0.012,16.38,39,0,7.97,-0.109,0.948,-0.13,37,0,178.74,-7.70,10,0.00,4.02,4.03,4.02,4.03,4.03,4.02,4.03,4.02,32.28,1.2,-30,-30,0.0,-639,14,-521,0,0,999,0,0,1,-1,-1,1,1,-1,-1,-1,-1,-1,0,0,
2026-04-14,21:03:14.750,7.62,96,96,94,-0.031,16.35,39,0,7.90,-0.118,1.001,0.09,39,0,178.64,-7.31,10,0.00,4.02,4.03,4.02,4.03,4.03,4.02,4.03,4.02,32.28,2.0,-30,-30,0.0,-480,14,-516,0,0,999,0,0,1,-1,-1,1,1,-1,-1,-1,-1,-1,0,0,
2026-04-14,21:03:15.010,7.62,98,98,94,-0.002,16.49,41,0,7.93,-0.109,0.967,0.22,39,0,178.51,-7.47,10,0.00,4.02,4.03,4.02,4.03,4.03,4.02,4.03,4.03,32.28,2.0,-30,-30,0.0,-467,14,-516,0,0,999,0,0,1,-1,-1,1,1,-1,-1,-1,-1,-1,0,0,
2026-04-14,21:03:15.270,7.62,99,99,94,-0.003,16.55,42,0,7.93,-0.109,1.002,0.32,37,0,178.49,-7.23,10,0.00,4.02,4.03,4.02,4.03,4.03,4.02,4.03,4.03,32.29,1.8,-30,-30,0.0,-147,13,-513,0,0,999,0,0,1,-1,-1,1,1,-1,-1,-1,-1,-1,0,0,
2026-04-14,21:03:15.540,7.63,100,100,94,-0.026,16.58,45,0,7.92,-0.115,0.961,0.32,37,0,178.36,-7.25,10,0.00,4.02,4.03,4.02,4.03,4.03,4.02,4.03,4.03,32.29,1.8,-30,-30,0.0,0,13,-514,0,0,999,0,0,1,-1,-1,1,1,-1,-1,-1,-1,-1,0,0,
2026-04-14,21:03:15.800,7.62,100,100,97,-0.017,16.68,45,0,7.94,-0.110,0.917,0.25,35,0,178.20,-7.35,10,0.00,4.02,4.03,4.02,4.03,4.03,4.02,4.03,4.03,32.29,1.7,-30,-30,0.0,0,13,-512,0,0,999,0,0,1,-1,-1,1,1,-1,-1,-1,-1,-1,0,0,
2026-04-14,21:03:16.080,7.63,100,100,95,-0.017,16.34,46,0,7.96,-0.122,1.018,-0.47,34,0,178.18,-7.36,10,0.00,4.02,4.03,4.02,4.03,4.03,4.02,4.03,4.03,32.29,1.7,-30,-30,0.0,0,14,-514,0,0,999,0,0,1,-1,-1,1,1,-1,-1,-1,-1,-1,0,0,
2026-04-14,21:03:16.350,7.63,100,100,95,-0.022,16.49,45,0,7.92,-0.136,0.980,-0.14,35,0,178.14,-7.53,10,0.00,4.02,4.03,4.02,4.03,4.03,4.02,4.03,4.03,32.29,1.9,-30,-30,0.0,358,13,-513,0,0,1000,0,0,1,-1,-1,1,1,-1,-1,-1,-1,-1,0,0,
2026-04-14,21:03:16.620,7.62,98,98,96,-0.033,16.50,44,0,7.92,-0.121,1.032,0.13,34,0,178.23,-7.82,10,0.00,4.02,4.03,4.02,4.03,4.03,4.02,4.03,4.03,32.29,1.9,-30,-30,0.0,438,13,-409,0,0,1000,0,0,1,-1,-1,1,1,-1,-1,-1,-1,-1,0,0,
2026-04-14,21:03:16.890,7.63,98,98,97,-0.029,16.52,44,0,7.91,-0.154,0.971,0.02,33,0,178.12,-7.86,10,0.00,4.02,4.03,4.02,4.03,4.03,4.02,4.03,4.03,32.27,3.2,-30,-30,0.0,640,13,-393,0,0,1000,0,0,1,-1,-1,1,1,-1,-1,-1,-1,-1,0,0,
2026-04-14,21:03:17.150,7.62,98,98,97,-0.041,16.62,45,0,7.89,-0.191,0.941,0.23,36,0,178.00,-8.01,10,0.00,4.02,4.03,4.02,4.03,4.03,4.02,4.03,4.03,32.27,3.2,-30,-30,0.0,771,13,-392,0,0,999,0,0,1,-1,-1,1,1,-1,-1,-1,-1,-1,0,0,
2026-04-14,21:03:17.430,7.62,100,100,97,-0.075,16.81,46,0,7.87,-0.185,0.999,0.28,37,0,177.84,-8.01,10,0.00,4.02,4.03,4.02,4.03,4.03,4.02,4.02,4.03,32.27,3.2,-30,-30,17.8,843,13,-429,0,0,999,0,0,1,-1,-1,1,1,-1,-1,-1,-1,-1,0,0,
2026-04-14,21:03:17.690,7.62,100,100,97,-0.065,16.74,46,0,7.93,-0.156,1.036,-0.03,36,0,177.72,-8.33,10,0.00,4.01,4.03,4.02,4.03,4.03,4.02,4.02,4.03,32.27,3.2,-30,-30,17.8,775,14,-598,0,0,999,0,0,1,-1,-1,1,1,-1,-1,-1,-1,-1,0,0,
2026-04-14,21:03:17.960,7.62,99,99,97,-0.070,16.73,47,0,7.95,-0.102,1.029,-0.08,38,0,177.49,-8.66,10,0.00,4.01,4.03,4.01,4.02,4.03,4.02,4.02,4.03,32.28,0.4,-30,-30,17.8,866,14,-599,0,0,999,0,0,1,-1,-1,1,1,-1,-1,-1,-1,-1,0,0,
2026-04-14,21:03:18.220,7.63,99,99,98,-0.055,16.69,47,0,7.94,-0.086,0.985,-0.12,38,0,177.53,-9.11,10,0.00,4.01,4.03,4.01,4.02,4.03,4.02,4.02,4.03,32.28,0.4,-30,-30,0.0,898,14,-514,0,0,999,0,0,1,-1,-1,1,1,-1,-1,-1,-1,-1,0,0,
2026-04-14,21:03:18.490,7.63,99,99,98,-0.077,16.64,47,0,7.94,-0.127,0.989,-0.12,37,0,177.48,-8.45,10,0.00,4.01,4.03,4.01,4.02,4.03,4.02,4.03,4.03,32.28,1.8,-30,-30,0.0,852,14,-515,0,0,999,0,0,1,-1,-1,1,1,-1,-1,-1,-1,-1,0,0,
2026-04-14,21:03:18.760,7.63,100,100,98,-0.069,16.55,46,0,7.95,-0.137,0.997,-0.21,38,0,177.39,-8.07,10,0.00,4.02,4.03,4.01,4.02,4.03,4.02,4.03,4.03,32.28,1.6,-30,-30,0.0,645,13,-524,0,0,999,0,0,1,-1,-1,1,1,-1,-1,-1,-1,-1,0,0,
2026-04-14,21:03:19.020,7.62,100,100,98,-0.037,16.38,46,0,7.98,-0.127,0.970,-0.44,37,0,177.43,-8.43,10,0.00,4.02,4.03,4.02,4.03,4.03,4.02,4.03,4.03,32.28,1.6,-30,-30,0.0,690,13,-523,0,0,999,0,0,1,-1,-1,1,1,-1,-1,-1,-1,-1,0,0,
2026-04-14,21:03:19.280,7.62,100,100,98,-0.032,16.38,46,0,7.98,-0.146,0.960,-0.26,34,0,177.45,-8.51,10,0.00,4.02,4.03,4.02,4.03,4.03,4.02,4.03,4.03,32.28,1.7,-30,-30,0.0,712,13,-523,0,0,999,0,0,1,-1,-1,1,1,-1,-1,-1,-1,-1,0,0,
2026-04-14,21:03:19.540,7.62,100,100,98,-0.032,16.36,45,0,7.97,-0.127,0.960,-0.09,35,0,177.40,-8.83,10,0.00,4.02,4.03,4.02,4.03,4.03,4.02,4.03,4.03,32.28,1.7,-30,-30,0.0,722,14,-524,0,0,1000,0,0,1,-1,-1,1,1,-1,-1,-1,-1,-1,0,0,
2026-04-14,21:03:19.800,7.63,100,100,98,-0.049,16.40,45,0,7.97,-0.147,0.970,0.04,35,0,177.17,-8.75,10,0.00,4.02,4.03,4.02,4.03,4.03,4.02,4.03,4.03,32.28,1.7,-30,-30,0.0,661,13,-585,0,0,1000,0,0,1,-1,-1,1,1,-1,-1,-1,-1,-1,0,0,
2026-04-14,21:03:20.060,7.62,100,100,99,-0.032,16.40,46,0,8.02,-0.130,0.992,0.00,32,0,177.06,-8.63,10,0.00,4.02,4.03,4.02,4.03,4.03,4.02,4.03,4.03,32.28,1.7,-30,-30,0.0,658,13,-600,0,0,999,0,0,1,-1,-1,1,1,-1,-1,-1,-1,-1,0,0,
2026-04-14,21:03:20.330,7.62,100,100,98,-0.053,16.36,46,0,8.02,-0.104,0.945,-0.03,35,0,176.91,-8.64,10,0.00,4.02,4.03,4.02,4.03,4.03,4.02,4.03,4.03,32.29,0.9,-30,-30,0.0,622,13,-601,0,0,1000,0,0,1,-1,-1,1,1,-1,-1,-1,-1,-1,0,0,
2026-04-14,21:03:20.600,7.62,100,100,98,-0.029,16.63,47,0,8.02,-0.105,0.982,0.46,37,0,176.85,-8.41,10,0.00,4.02,4.03,4.02,4.03,4.03,4.03,4.03,4.03,32.29,0.9,-30,-30,0.0,582,13,-601,0,0,1000,0,0,1,-1,-1,1,1,-1,-1,-1,-1,-1,0,0,
2026-04-14,21:03:20.860,7.62,100,100,98,-0.047,16.50,47,0,8.04,-0.111,0.983,0.11,36,0,176.87,-8.38,10,0.00,4.02,4.03,4.02,4.03,4.03,4.03,4.03,4.03,32.30,1.0,-30,-30,0.0,620,13,-598,0,0,999,0,0,1,-1,-1,1,1,-1,-1,-1,-1,-1,0,0,
2026-04-14,21:03:21.120,7.63,100,100,97,-0.047,16.54,47,0,8.00,-0.104,0.990,0.00,33,0,176.80,-8.03,10,0.00,4.02,4.03,4.02,4.03,4.03,4.03,4.03,4.03,32.30,1.0,-30,-30,0.0,670,13,-595,0,0,999,0,0,1,-1,-1,1,1,-1,-1,-1,-1,-1,0,0,
2026-04-14,21:03:21.380,7.62,100,100,97,-0.062,16.55,48,0,7.98,-0.104,1.006,0.07,37,0,176.74,-7.59,10,0.00,4.02,4.03,4.02,4.03,4.03,4.03,4.03,4.03,32.30,1.1,-30,-30,0.0,635,13,-596,0,0,999,0,0,1,-1,-1,1,1,-1,-1,-1,-1,-1,0,0,
2026-04-14,21:03:21.640,7.62,100,100,97,-0.063,16.56,48,0,8.01,-0.110,1.023,0.00,37,0,176.65,-7.43,10,0.00,4.02,4.03,4.02,4.03,4.03,4.03,4.03,4.03,32.30,1.1,-30,-30,0.0,636,13,-597,0,0,1000,0,0,1,-1,-1,1,1,-1,-1,-1,-1,-1,0,0,
2026-04-14,21:03:21.910,7.62,100,100,97,-0.051,16.53,48,0,7.99,-0.097,1.035,0.00,34,0,176.61,-7.43,10,0.00,4.02,4.03,4.02,4.03,4.03,4.03,4.03,4.03,32.30,1.1,-30,-30,0.0,649,13,-597,0,0,999,0,0,1,-1,-1,1,1,-1,-1,-1,-1,-1,0,0,
2026-04-14,21:03:22.170,7.62,100,100,97,-0.057,16.52,49,0,7.98,-0.112,0.963,-0.07,38,0,176.71,-7.57,10,0.00,4.02,4.03,4.02,4.03,4.03,4.03,4.03,4.03,32.30,1.1,-30,-30,0.0,630,12,-597,0,0,999,0,0,1,-1,-1,1,1,-1,-1,-1,-1,-1,0,0,
2026-04-14,21:03:22.440,7.62,100,100,97,-0.045,16.61,49,0,8.01,-0.113,0.965,0.14,38,0,176.66,-7.43,10,0.00,4.02,4.03,4.02,4.03,4.03,4.03,4.03,4.03,32.30,1.0,-30,-30,0.0,650,13,-559,0,0,999,0,0,1,-1,-1,1,1,-1,-1,-1,-1,-1,0,0,
2026-04-14,21:03:22.710,7.62,100,100,97,-0.036,16.66,49,0,7.99,-0.106,1.010,0.26,35,0,176.57,-7.20,10,0.00,4.02,4.03,4.02,4.03,4.03,4.03,4.03,4.03,32.30,1.0,-30,-30,0.0,595,12,-521,0,0,999,0,0,1,-1,-1,1,1,-1,-1,-1,-1,-1,0,0,
2026-04-14,21:03:22.980,7.62,100,100,97,-0.047,16.32,49,0,8.00,-0.138,0.945,-0.55,37,0,176.53,-7.22,10,0.00,4.02,4.03,4.02,4.03,4.03,4.03,4.03,4.03,32.30,2.2,-30,-30,0.0,556,12,-427,0,0,999,0,0,1,-1,-1,1,1,-1,-1,-1,-1,-1,0,0,
2026-04-14,21:03:23.240,7.62,100,100,97,-0.043,16.39,49,0,7.98,-0.147,0.978,-0.17,39,0,176.49,-7.21,10,0.00,4.02,4.03,4.02,4.03,4.03,4.03,4.03,4.02,32.30,4.2,-30,-30,0.0,558,12,-381,0,0,999,0,0,1,-1,-1,1,1,-1,-1,-1,-1,-1,0,0,
2026-04-14,21:03:23.510,7.63,100,100,97,-0.034,16.28,50,0,8.01,-0.176,0.986,-0.11,37,0,176.57,-7.83,10,0.00,4.02,4.03,4.02,4.03,4.03,4.03,4.03,4.02,32.29,4.2,-30,-30,0.0,561,13,-381,0,0,999,0,0,1,-1,-1,1,1,-1,-1,-1,-1,-1,0,0,
2026-04-14,21:03:23.770,7.63,100,100,97,-0.055,16.13,50,0,8.01,-0.155,0.952,-0.46,36,0,176.57,-7.83,10,0.00,4.02,4.03,4.02,4.03,4.03,4.03,4.03,4.02,32.27,3.5,-30,-30,0.0,556,13,-382,0,0,999,0,0,1,-1,-1,1,1,-1,-1,-1,-1,-1,0,0,
2026-04-14,21:03:24.030,7.62,100,100,98,-0.043,16.04,50,0,7.99,-0.156,0.950,-0.40,38,0,176.77,-8.01,10,0.00,4.02,4.03,4.01,4.02,4.03,4.03,4.03,4.02,32.27,3.5,-30,-30,0.0,537,12,-388,0,0,1000,0,0,1,-1,-1,1,1,-1,-1,-1,-1,-1,0,0,
2026-04-14,21:03:24.290,7.63,100,100,99,-0.052,15.99,50,0,8.01,-0.147,0.937,-0.21,37,0,176.72,-8.07,10,0.00,4.02,4.03,4.01,4.02,4.02,4.02,4.03,4.02,32.27,3.2,-30,-30,0.0,538,13,-388,0,0,999,0,0,1,-1,-1,1,1,-1,-1,-1,-1,-1,0,0,
2026-04-14,21:03:24.560,7.63,100,100,99,-0.036,16.01,50,0,8.04,-0.159,0.972,-0.07,35,0,176.74,-8.15,10,0.00,4.02,4.03,4.01,4.02,4.02,4.02,4.02,4.02,32.27,3.2,-30,-30,0.0,541,13,-362,0,0,1000,0,0,1,-1,-1,1,1,-1,-1,-1,-1,-1,0,0,
2026-04-14,21:03:24.820,7.62,100,100,99,-0.043,15.85,50,0,8.06,-0.182,0.924,-0.29,38,0,176.89,-8.90,10,0.00,4.01,4.03,4.01,4.02,4.02,4.02,4.02,4.02,32.25,4.0,-30,-30,0.0,543,13,-356,0,0,999,0,0,1,-1,-1,1,1,-1,-1,-1,-1,-1,0,0,
2026-04-14,21:03:25.080,7.63,100,100,100,-0.026,15.58,50,0,8.04,-0.182,0.901,-0.70,38,0,177.00,-8.93,10,0.00,4.01,4.03,4.01,4.02,4.02,4.02,4.02,4.02,32.25,4.0,-30,-30,0.0,514,13,-357,0,0,999,0,0,1,-1,-1,1,1,-1,-1,-1,-1,-1,0,0,
2026-04-14,21:03:25.350,7.62,100,100,100,-0.040,15.72,51,0,8.03,-0.188,0.957,-0.10,36,0,177.29,-8.43,10,0.00,4.01,4.03,4.01,4.02,4.02,4.02,4.02,4.02,32.24,3.8,-30,-30,0.0,506,13,-357,0,0,999,0,0,1,-1,-1,1,1,-1,-1,-1,-1,-1,0,0,
2026-04-14,21:03:25.620,7.62,100,100,100,-0.058,15.78,52,0,8.01,-0.160,0.952,0.22,40,0,177.31,-8.76,10,0.00,4.01,4.03,4.01,4.02,4.02,4.02,4.02,4.02,32.24,3.8,-30,-30,0.0,511,13,-358,0,0,999,0,0,1,-1,-1,1,1,-1,-1,-1,-1,-1,0,0,
2026-04-14,21:03:25.890,7.62,100,100,100,-0.031,15.51,52,0,8.03,-0.179,1.010,-0.46,41,0,177.31,-8.75,10,0.00,4.01,4.03,4.01,4.02,4.02,4.02,4.02,4.02,32.24,3.9,-30,-30,0.0,520,13,-455,0,0,1000,0,0,1,-1,-1,1,1,-1,-1,-1,-1,-1,0,0,
2026-04-14,21:03:26.150,7.63,100,100,100,-0.020,15.58,52,0,8.00,-0.121,0.971,-0.21,39,0,177.43,-8.78,10,0.00,4.01,4.02,4.01,4.02,4.02,4.02,4.02,4.02,32.24,3.9,-30,-30,0.0,503,13,-517,0,0,999,0,0,1,-1,-1,1,1,-1,-1,-1,-1,-1,0,0,
2026-04-14,21:03:26.410,7.63,100,100,100,-0.052,15.97,53,0,8.00,-0.115,1.008,0.71,40,0,177.46,-8.63,10,0.00,4.01,4.02,4.01,4.02,4.02,4.02,4.02,4.02,32.25,1.2,-30,-30,0.0,480,13,-523,0,0,1000,0,0,1,-1,-1,1,1,-1,-1,-1,-1,-1,0,0,
2026-04-14,21:03:26.680,7.62,100,100,100,-0.037,16.23,54,0,8.01,-0.126,0.978,0.95,42,0,177.79,-8.08,10,0.00,4.01,4.02,4.01,4.02,4.02,4.02,4.02,4.02,32.25,1.2,-30,-30,0.0,510,13,-521,0,0,1000,0,0,1,-1,-1,1,1,-1,-1,-1,-1,-1,0,0,
2026-04-14,21:03:26.940,7.63,100,100,100,-0.063,16.27,54,0,7.99,-0.130,0.917,0.53,42,0,177.72,-8.54,10,0.00,4.01,4.02,4.01,4.02,4.02,4.02,4.03,4.02,32.25,1.6,-30,-30,0.0,584,12,-464,0,0,1000,0,0,1,-1,-1,1,1,-1,-1,-1,-1,-1,0,0,
2026-04-14,21:03:27.210,7.63,100,100,100,-0.014,16.15,54,0,7.98,-0.141,0.972,-0.05,42,0,177.74,-8.28,10,0.00,4.02,4.02,4.01,4.02,4.02,4.02,4.03,4.02,32.25,1.6,-30,-30,0.0,547,13,-431,0,0,999,0,0,1,-1,-1,1,1,-1,-1,-1,-1,-1,0,0,
2026-04-14,21:03:27.470,7.63,100,100,100,-0.035,16.06,55,0,7.99,-0.150,1.030,-0.20,43,0,177.85,-8.39,10,0.00,4.02,4.02,4.01,4.02,4.02,4.02,4.03,4.02,32.25,3.4,-30,-30,0.0,521,13,-504,0,0,999,0,0,1,-1,-1,1,1,-1,-1,-1,-1,-1,0,0,
2026-04-14,21:03:27.730,7.63,100,100,100,-0.025,16.00,55,0,7.98,-0.128,1.026,-0.28,43,0,177.93,-8.37,10,0.00,4.02,4.02,4.01,4.02,4.02,4.02,4.03,4.02,32.25,1.5,-30,-30,0.0,511,13,-522,0,0,999,0,0,1,-1,-1,1,1,-1,-1,-1,-1,-1,0,0,
2026-04-14,21:03:28.010,7.62,100,100,100,-0.030,15.97,55,0,7.98,-0.124,0.971,-0.13,41,0,177.78,-8.54,10,0.00,4.02,4.02,4.01,4.02,4.02,4.02,4.02,4.02,32.25,1.5,-30,-30,0.0,499,13,-527,0,0,1000,0,0,1,-1,-1,1,1,-1,-1,-1,-1,-1,0,0,
2026-04-14,21:03:28.280,7.62,100,100,100,-0.059,16.05,55,0,8.02,-0.123,0.984,0.04,42,0,177.52,-8.26,10,0.00,4.02,4.02,4.01,4.02,4.02,4.02,4.02,4.02,32.25,1.6,-30,-30,0.0,491,13,-526,0,0,999,0,0,1,-1,-1,1,1,-1,-1,-1,-1,-1,0,0,
2026-04-14,21:03:28.550,7.62,100,100,100,-0.059,16.22,55,0,8.03,-0.120,1.000,0.25,45,0,177.32,-7.88,10,0.00,4.02,4.02,4.01,4.02,4.02,4.02,4.02,4.02,32.25,1.6,-30,-30,0.0,492,13,-525,0,0,999,0,0,1,-1,-1,1,1,-1,-1,-1,-1,-1,0,0,
2026-04-14,21:03:28.810,7.63,100,100,100,-0.053,16.19,55,0,8.03,-0.128,1.061,0.11,44,0,177.21,-8.05,10,0.00,4.02,4.02,4.02,4.02,4.02,4.02,4.02,4.02,32.25,1.7,-30,-30,0.0,487,12,-525,0,0,999,0,0,1,-1,-1,1,1,-1,-1,-1,-1,-1,0,0,
2026-04-14,21:03:29.070,7.62,100,100,100,-0.052,16.22,55,0,8.05,-0.121,1.044,0.01,47,0,177.18,-7.88,10,0.00,4.02,4.02,4.02,4.02,4.03,4.02,4.02,4.02,32.25,1.7,-30,-30,0.0,497,13,-524,0,0,1000,0,0,1,-1,-1,1,1,-1,-1,-1,-1,-1,0,0,
2026-04-14,21:03:29.340,7.62,100,100,100,-0.059,16.24,55,0,8.03,-0.127,1.041,0.09,46,0,177.04,-7.90,10,0.00,4.02,4.02,4.02,4.02,4.03,4.02,4.03,4.02,32.26,1.8,-30,-30,0.0,499,13,-524,0,0,1000,0,0,1,-1,-1,1,1,-1,-1,-1,-1,-1,0,0,
2026-04-14,21:03:29.600,7.62,100,100,100,0.000,16.26,56,0,8.06,-0.132,0.947,0.04,46,0,177.31,-7.74,10,0.00,4.02,4.02,4.02,4.02,4.03,4.02,4.03,4.02,32.26,1.8,-30,-30,0.0,498,13,-524,0,0,999,0,0,1,-1,-1,1,1,-1,-1,-1,-1,-1,0,0,
2026-04-14,21:03:29.860,7.62,100,100,100,-0.032,16.29,56,0,8.04,-0.126,0.958,0.10,47,0,177.40,-7.91,10,0.00,4.02,4.02,4.02,4.02,4.03,4.02,4.03,4.02,32.26,1.7,-30,-30,0.0,488,13,-524,0,0,1000,0,0,1,-1,-1,1,1,-1,-1,-1,-1,-1,0,0,
2026-04-14,21:03:30.130,7.62,100,100,100,-0.030,16.25,56,0,8.03,-0.115,0.993,0.00,48,0,177.53,-7.80,10,0.00,4.02,4.02,4.02,4.02,4.02,4.02,4.03,4.02,32.26,1.7,-30,-30,0.0,487,12,-523,0,0,1000,0,0,1,-1,-1,1,1,-1,-1,-1,-1,-1,0,0,
2026-04-14,21:03:30.390,7.62,100,100,100,-0.007,16.23,56,0,8.04,-0.124,0.994,-0.07,49,0,177.57,-7.66,10,0.00,4.02,4.02,4.02,4.02,4.02,4.02,4.03,4.02,32.26,1.7,-30,-30,0.0,477,12,-524,0,0,999,0,0,1,-1,-1,1,1,-1,-1,-1,-1,-1,0,0,
2026-04-14,21:03:30.650,7.62,100,100,100,-0.048,16.29,57,0,8.05,-0.122,0.946,0.07,51,0,177.58,-7.88,10,0.00,4.02,4.02,4.02,4.02,4.02,4.02,4.02,4.03,32.26,1.7,-30,-30,0.0,480,12,-493,0,0,999,0,0,1,-1,-1,1,1,-1,-1,-1,-1,-1,0,0,
2026-04-14,21:03:30.910,7.63,99,100,100,-0.009,16.28,58,0,8.02,-0.136,1.054,0.05,51,0,177.59,-7.82,10,0.00,4.02,4.03,4.02,4.02,4.02,4.02,4.02,4.03,32.25,2.0,-30,-30,0.0,477,13,-422,0,0,999,0,0,1,-1,-1,1,1,-1,-1,-1,-1,-1,0,0,
2026-04-14,21:03:31.170,7.62,99,100,100,-0.032,16.22,58,0,8.02,-0.167,1.071,-0.09,52,0,177.78,-8.30,10,0.00,4.02,4.03,4.01,4.02,4.02,4.02,4.02,4.03,32.25,2.0,-30,-30,0.0,500,13,-383,0,0,999,0,0,1,-1,-1,1,1,-1,-1,-1,-1,-1,0,0,
2026-04-14,21:03:31.430,7.62,99,100,100,-0.005,16.15,58,0,7.99,-0.170,0.969,-0.18,52,0,178.01,-8.61,10,0.00,4.02,4.03,4.01,4.02,4.02,4.02,4.02,4.03,32.24,3.8,-30,-30,0.0,513,13,-370,0,0,999,0,0,1,-1,-1,1,1,-1,-1,-1,-1,-1,0,0,
2026-04-14,21:03:31.700,7.62,100,100,100,-0.024,15.93,59,0,7.98,-0.172,0.974,-0.39,53,0,178.04,-8.65,10,0.00,4.02,4.03,4.01,4.02,4.02,4.02,4.02,4.02,32.24,3.8,-30,-30,0.0,522,13,-448,0,0,999,0,0,1,-1,-1,1,1,-1,-1,-1,-1,-1,0,0,
2026-04-14,21:03:31.960,7.62,100,100,100,-0.028,15.92,60,0,7.97,-0.135,1.016,-0.15,53,0,178.26,-8.93,10,0.00,4.01,4.02,4.01,4.02,4.02,4.02,4.02,4.02,32.25,3.4,-30,-30,0.0,521,13,-522,0,0,1000,0,0,1,-1,-1,1,1,-1,-1,-1,-1,-1,0,0,
2026-04-14,21:03:32.220,7.63,100,100,100,-0.025,15.98,60,0,7.97,-0.120,0.996,0.03,52,0,178.25,-9.00,10,0.00,4.01,4.02,4.01,4.02,4.02,4.02,4.02,4.02,32.25,3.4,-30,-30,0.0,607,13,-525,0,0,1000,0,0,1,-1,-1,1,1,-1,-1,-1,-1,-1,0,0,
2026-04-14,21:03:32.490,7.63,100,100,100,-0.025,16.13,62,0,7.97,-0.120,1.002,0.31,53,0,178.46,-8.57,10,0.00,4.01,4.02,4.01,4.02,4.02,4.02,4.02,4.02,32.25,1.4,-30,-30,0.0,656,12,-522,0,0,999,0,0,1,-1,-1,1,1,-1,-1,-1,-1,-1,0,0,
2026-04-14,21:03:32.750,7.62,100,100,100,-0.029,16.31,62,0,7.97,-0.122,1.005,0.51,54,0,178.47,-8.62,10,0.00,4.01,4.02,4.01,4.02,4.02,4.02,4.02,4.02,32.25,1.8,-30,-30,0.0,653,12,-440,0,0,999,0,0,1,-1,-1,1,1,-1,-1,-1,-1,-1,0,0,
2026-04-14,21:03:33.020,7.62,100,100,100,-0.031,16.45,63,0,7.97,-0.145,1.005,0.53,55,0,178.39,-8.45,10,0.00,4.01,4.02,4.01,4.02,4.02,4.02,4.03,4.02,32.24,1.8,-30,-30,0.0,661,13,-397,0,0,1000,0,0,1,-1,-1,1,1,-1,-1,-1,-1,-1,0,0,
2026-04-14,21:03:33.300,7.63,100,100,100,-0.048,16.35,63,0,7.97,-0.157,0.959,0.08,57,0,178.24,-8.32,10,0.00,4.02,4.02,4.01,4.02,4.02,4.02,4.03,4.02,32.23,3.7,-30,-30,0.0,618,12,-427,0,0,999,0,0,1,-1,-1,1,1,-1,-1,-1,-1,-1,0,0,
2026-04-14,21:03:33.570,7.62,100,100,100,-0.039,16.18,64,0,7.97,-0.137,1.042,-0.34,59,0,178.20,-8.29,10,0.00,4.02,4.02,4.01,4.02,4.02,4.02,4.03,4.02,32.23,3.7,-30,-30,0.0,581,13,-528,0,0,999,0,0,1,-1,-1,1,1,-1,-1,-1,-1,-1,0,0,
2026-04-14,21:03:33.840,7.63,100,100,100,-0.012,16.14,65,0,7.97,-0.104,0.958,-0.29,61,0,178.26,-8.94,10,0.00,4.02,4.02,4.01,4.02,4.02,4.02,4.03,4.02,32.25,0.8,-30,-30,0.0,590,12,-564,0,0,999,0,0,1,-1,-1,1,1,-1,-1,-1,-1,-1,0,0,
2026-04-14,21:03:34.100,7.63,100,100,100,-0.020,16.25,66,0,7.99,-0.115,0.970,0.04,64,0,178.30,-9.15,10,0.00,4.02,4.02,4.01,4.02,4.02,4.02,4.03,4.02,32.25,0.8,-30,-30,0.0,588,12,-593,0,0,1000,0,0,1,-1,-1,1,1,-1,-1,-1,-1,-1,0,0,
2026-04-14,21:03:34.370,7.63,100,100,100,-0.041,16.51,67,0,7.98,-0.106,0.949,0.39,65,0,178.11,-8.99,10,0.00,4.02,4.02,4.01,4.02,4.02,4.02,4.03,4.02,32.26,1.1,-30,-30,0.0,643,13,-600,0,0,999,0,0,1,-1,-1,1,1,-1,-1,-1,-1,-1,0,0,
2026-04-14,21:03:34.630,7.62,100,100,100,-0.080,16.57,67,0,7.96,-0.109,0.991,0.30,67,0,177.68,-8.27,10,0.00,4.02,4.02,4.01,4.03,4.02,4.02,4.03,4.02,32.26,1.1,-30,-30,0.0,649,12,-607,0,0,999,0,0,1,-1,-1,1,1,-1,-1,-1,-1,-1,0,0,
2026-04-14,21:03:34.900,7.63,100,100,100,-0.039,16.66,67,0,7.96,-0.095,0.957,0.27,70,0,177.45,-7.87,10,0.00,4.02,4.02,4.01,4.03,4.02,4.02,4.03,4.02,32.26,1.0,-30,-30,0.0,678,13,-625,0,0,999,0,0,1,-1,-1,1,1,-1,-1,-1,-1,-1,0,0,
2026-04-14,21:03:35.160,7.63,100,100,100,-0.066,16.75,67,0,7.94,-0.086,1.004,0.31,73,0,177.18,-7.54,10,0.00,4.02,4.02,4.01,4.03,4.03,4.02,4.03,4.02,32.26,1.0,-30,-30,0.0,746,12,-968,0,0,1000,0,0,1,-1,-1,1,1,-1,-1,-1,-1,-1,0,0,
2026-04-14,21:03:35.420,7.62,100,100,100,-0.057,16.82,68,0,7.93,-0.064,0.901,0.24,74,0,177.02,-6.94,10,0.00,4.02,4.02,4.01,4.03,4.03,4.02,4.03,4.03,32.28,0.0,-30,-30,0.0,735,13,-1024,0,0,1000,0,0,1,-1,-1,1,1,-1,-1,-1,-1,-1,0,0,
2026-04-14,21:03:35.680,7.62,100,100,100,-0.075,16.93,69,0,7.95,-0.074,0.920,0.36,74,0,177.04,-6.94,10,0.00,4.02,4.03,4.01,4.03,4.03,4.02,4.03,4.03,32.28,0.0,-30,-30,0.0,637,12,-1024,0,0,1000,0,0,1,-1,-1,1,1,-1,-1,-1,-1,-1,0,0,
2026-04-14,21:03:35.940,7.62,100,100,100,-0.044,17.00,69,0,7.96,-0.071,0.994,0.28,77,0,176.86,-6.62,10,0.00,4.02,4.03,4.02,4.03,4.03,4.02,4.03,4.03,32.29,0.0,-30,-30,0.0,617,13,-1024,0,0,999,0,0,1,-1,-1,1,1,-1,-1,-1,-1,-1,0,0,
2026-04-14,21:03:36.200,7.62,100,100,100,-0.070,17.03,71,0,7.94,-0.058,1.013,0.19,78,0,176.83,-6.24,10,0.00,4.02,4.03,4.02,4.03,4.03,4.02,4.03,4.03,32.29,0.0,-30,-30,0.0,833,14,-1024,0,0,999,0,0,1,-1,-1,1,1,-1,-1,-1,-1,-1,0,0,
2026-04-14,21:03:36.470,7.62,100,100,100,-0.064,17.01,76,0,7.94,-0.060,0.984,0.04,81,0,176.66,-6.13,10,0.00,4.02,4.03,4.02,4.03,4.03,4.02,4.03,4.03,32.30,0.0,-30,-30,0.0,867,13,-1024,0,0,999,0,0,1,-1,-1,1,1,-1,-1,-1,-1,-1,0,0,
2026-04-14,21:03:36.740,7.62,100,100,100,-0.114,17.06,80,0,7.95,-0.066,1.002,0.07,84,0,176.50,-5.95,10,0.00,4.02,4.04,4.02,4.03,4.03,4.02,4.03,4.03,32.30,0.0,-30,-30,0.0,813,14,-1024,0,0,1000,0,0,1,-1,-1,1,1,-1,-1,-1,-1,-1,0,0,
2026-04-14,21:03:37.010,7.62,100,100,100,-0.087,17.08,82,0,7.96,-0.085,1.019,0.10,86,0,176.19,-5.70,10,0.00,4.02,4.04,4.02,4.03,4.03,4.02,4.03,4.03,32.31,0.0,-30,-30,0.0,542,13,-1024,0,0,999,0,0,1,-1,-1,1,1,-1,-1,-1,-1,-1,0,0,
2026-04-14,21:03:37.270,7.63,100,100,100,-0.048,17.06,83,0,7.97,-0.053,0.925,0.01,87,0,176.02,-5.30,10,0.00,4.02,4.04,4.02,4.03,4.03,4.02,4.03,4.03,32.31,0.0,-30,-30,0.0,476,13,-1024,0,0,999,0,0,1,-1,-1,1,1,-1,-1,-1,-1,-1,0,0,
2026-04-14,21:03:37.530,7.62,100,100,100,-0.072,17.04,84,0,7.97,-0.072,1.028,-0.02,88,0,175.93,-5.17,10,0.00,4.02,4.04,4.02,4.03,4.03,4.03,4.03,4.03,32.32,0.0,-30,-30,0.0,278,12,-1024,0,0,999,0,0,1,-1,-1,1,1,-1,-1,-1,-1,-1,0,0,
2026-04-14,21:03:37.790,7.62,100,100,100,-0.034,17.05,84,0,7.97,-0.067,1.000,-0.01,90,0,176.04,-5.24,10,0.00,4.02,4.04,4.02,4.03,4.03,4.03,4.03,4.03,32.33,0.0,-30,-30,0.0,217,13,-1024,0,0,999,0,0,1,-1,-1,1,1,-1,-1,-1,-1,-1,0,0,
2026-04-14,21:03:38.050,7.62,100,100,100,-0.021,17.05,83,0,7.97,-0.062,0.917,0.00,90,0,176.09,-5.12,10,0.00,4.02,4.04,4.02,4.03,4.03,4.03,4.03,4.03,32.33,0.0,-30,-30,0.0,60,13,-1024,0,0,999,0,0,1,-1,-1,1,1,-1,-1,-1,-1,-1,0,0,
2026-04-14,21:03:38.310,7.62,100,100,100,-0.043,17.05,84,0,7.94,-0.065,0.989,-0.02,88,0,176.33,-4.75,10,0.00,4.02,4.04,4.02,4.03,4.03,4.03,4.03,4.03,32.33,0.0,-30,-30,0.0,0,13,-1024,0,0,999,0,0,1,-1,-1,1,1,-1,-1,-1,-1,-1,0,0,
2026-04-14,21:03:38.570,7.62,100,100,100,-0.020,17.05,85,0,7.95,-0.067,1.005,0.00,88,0,176.43,-5.05,10,0.00,4.02,4.04,4.02,4.03,4.03,4.03,4.03,4.03,32.33,0.0,-30,-30,0.0,0,13,-1024,0,0,1000,0,0,1,-1,-1,1,1,-1,-1,-1,-1,-1,0,0,
2026-04-14,21:03:38.840,7.62,100,100,100,-0.047,17.10,86,0,7.96,-0.072,0.977,0.11,88,0,176.75,-4.91,10,0.00,4.02,4.04,4.02,4.03,4.03,4.03,4.03,4.03,32.33,0.0,-30,-30,0.0,-30,13,-1024,0,0,999,0,0,1,-1,-1,1,1,-1,-1,-1,-1,-1,0,0,
2026-04-14,21:03:39.110,7.62,100,100,100,-0.037,17.07,85,0,7.97,-0.070,0.947,0.00,84,0,177.01,-5.06,10,0.00,4.02,4.04,4.02,4.03,4.03,4.03,4.03,4.03,32.33,0.0,-30,-30,0.0,0,13,-1024,0,0,999,0,0,1,-1,-1,1,1,-1,-1,-1,-1,-1,0,0,
2026-04-14,21:03:39.380,7.63,100,100,100,-0.025,17.04,84,0,7.97,-0.079,0.949,-0.06,86,0,177.11,-4.97,10,0.00,4.02,4.03,4.02,4.03,4.03,4.03,4.03,4.03,32.33,0.0,-30,-30,0.0,0,13,-1024,0,0,1000,0,0,1,-1,-1,1,1,-1,-1,-1,-1,-1,0,0,
2026-04-14,21:03:39.640,7.63,100,100,99,-0.044,17.06,83,0,7.97,-0.071,0.947,0.01,87,0,177.15,-4.63,10,0.00,4.02,4.03,4.02,4.04,4.03,4.03,4.03,4.03,32.33,0.0,-30,-30,0.0,0,13,-1024,0,0,1000,0,0,1,-1,-1,1,1,-1,-1,-1,-1,-1,0,0,
2026-04-14,21:03:39.910,7.63,100,100,99,-0.063,17.07,83,0,7.99,-0.058,0.966,0.00,87,0,177.00,-4.19,10,0.00,4.02,4.03,4.02,4.04,4.03,4.03,4.03,4.03,32.34,0.0,-30,-30,0.0,0,14,-1024,0,0,999,0,0,1,-1,-1,1,1,-1,-1,-1,-1,-1,0,0,
2026-04-14,21:03:40.170,7.63,100,100,99,-0.054,17.07,83,0,7.98,-0.070,0.989,0.01,88,0,176.97,-4.05,10,0.00,4.02,4.03,4.02,4.04,4.03,4.03,4.04,4.03,32.34,0.0,-30,-30,0.0,0,14,-1024,0,0,999,0,0,1,-1,-1,1,1,-1,-1,-1,-1,-1,0,0,
2026-04-14,21:03:40.440,7.62,100,100,99,-0.090,17.11,83,0,7.97,-0.075,1.011,0.05,88,0,176.79,-4.10,10,0.00,4.03,4.03,4.02,4.04,4.03,4.03,4.04,4.03,32.34,0.0,-30,-30,0.0,0,14,-1024,0,0,999,0,0,1,-1,-1,1,1,-1,-1,-1,-1,-1,0,0,
2026-04-14,21:03:40.710,7.62,100,100,98,-0.063,17.08,81,0,7.97,-0.079,0.977,0.00,90,0,176.66,-4.14,10,0.00,4.03,4.03,4.03,4.03,4.03,4.03,4.04,4.03,32.34,0.0,-30,-30,0.0,0,14,-1024,0,0,999,0,0,1,-1,-1,1,1,-1,-1,-1,-1,-1,0,0,
2026-04-14,21:03:40.970,7.63,100,100,98,-0.062,17.06,79,0,7.97,-0.032,0.984,-0.06,91,0,176.44,-4.36,10,0.00,4.03,4.03,4.03,4.03,4.03,4.03,4.04,4.03,32.34,0.0,-30,-30,0.0,0,13,-1024,0,0,1000,0,0,1,-1,-1,1,1,-1,-1,-1,-1,-1,0,0,
2026-04-14,21:03:41.230,7.62,100,100,98,-0.107,16.97,80,0,7.97,-0.112,0.966,-0.16,92,0,176.29,-4.36,10,0.00,4.03,4.03,4.03,4.03,4.03,4.03,4.04,4.03,32.34,0.0,-30,-30,0.0,0,13,-1024,0,0,999,0,0,1,-1,-1,1,1,-1,-1,-1,-1,-1,0,0,
2026-04-14,21:03:41.500,7.62,100,100,98,-0.059,16.97,81,0,7.97,-0.125,0.966,-0.13,93,0,176.14,-4.57,10,0.00,4.03,4.03,4.03,4.03,4.03,4.03,4.03,4.03,32.35,0.0,-30,-30,0.0,0,14,-1024,0,0,999,0,0,1,-1,-1,1,1,-1,-1,-1,-1,-1,0,0,
2026-04-14,21:03:41.760,7.62,100,100,98,-0.062,17.00,80,0,7.97,-0.126,0.976,0.00,94,0,176.09,-5.04,10,0.00,4.03,4.03,4.03,4.03,4.03,4.03,4.03,4.03,32.35,0.0,-30,-30,0.0,0,14,-1024,0,0,1000,0,0,1,-1,-1,1,1,-1,-1,-1,-1,-1,0,0,
2026-04-14,21:03:42.020,7.62,100,100,98,-0.071,17.06,76,0,7.99,-0.128,0.973,0.14,97,0,176.07,-5.27,10,0.00,4.03,4.03,4.03,4.03,4.03,4.03,4.03,4.03,32.35,0.0,-30,-30,0.0,0,14,-1024,0,0,999,0,0,1,-1,-1,1,1,-1,-1,-1,-1,-1,0,0,
2026-04-14,21:03:42.290,7.62,100,100,98,-0.055,17.14,75,0,7.98,-0.115,0.967,0.25,96,0,176.10,-6.00,10,0.00,4.03,4.03,4.03,4.03,4.03,4.03,4.03,4.03,32.35,0.0,-30,-30,0.0,0,13,-1024,0,0,999,0,0,1,-1,-1,1,1,1,-1,-1,-1,-1,0,0,
2026-04-14,21:03:42.550,7.62,100,100,98,-0.086,17.05,75,0,7.97,-0.122,0.911,-0.08,95,0,176.24,-6.92,10,0.00,4.03,4.03,4.03,4.03,4.03,4.03,4.04,4.03,32.35,0.0,-30,-30,0.0,0,13,-1024,0,0,999,0,0,1,-1,-1,1,1,1,-1,-1,-1,-1,0,0,
2026-04-14,21:03:42.820,7.62,100,100,98,-0.084,17.15,75,0,7.97,-0.105,0.903,0.11,94,0,176.11,-6.69,10,0.00,4.03,4.03,4.03,4.03,4.03,4.03,4.04,4.03,31.82,0.0,-30,-30,0.0,0,14,-1024,0,0,999,0,0,1,-1,-1,1,1,1,-1,-1,-1,-1,0,0,
2026-04-14,21:03:43.090,7.62,100,100,98,-0.085,17.12,75,0,7.97,-0.159,0.961,0.07,86,0,176.00,-6.48,10,0.00,4.03,4.03,4.03,4.03,4.03,4.03,4.04,4.03,31.82,0.0,-30,-30,0.0,0,13,-1024,0,0,1000,0,0,1,-1,-1,1,1,1,-1,-1,-1,-1,0,0,
2026-04-14,21:03:43.360,7.62,100,100,98,-0.073,17.18,76,0,7.97,-0.128,0.997,0.10,87,0,175.99,-6.59,10,0.00,4.03,4.03,4.03,4.03,4.03,4.03,4.04,4.03,24.94,0.0,-30,-30,0.0,0,13,-1024,0,0,1000,0,0,1,-1,-1,1,1,1,-1,-1,-1,-1,0,0,
2026-04-14,21:03:43.630,7.62,100,100,99,-0.076,17.20,75,0,7.97,-0.131,0.978,0.10,89,0,175.98,-6.78,10,0.00,4.03,4.03,4.03,4.03,4.03,4.03,4.04,4.03,24.94,0.0,-30,-30,0.0,0,14,-1024,0,0,999,0,0,1,-1,-1,1,1,1,-1,-1,-1,-1,0,0,
2026-04-14,21:03:43.890,7.62,100,100,99,-0.062,17.22,76,0,7.97,-0.134,0.973,0.08,92,0,175.97,-6.85,10,0.00,4.03,4.03,4.03,4.03,4.03,4.03,4.04,4.03,19.69,0.0,-30,-30,0.0,0,13,-1024,0,0,999,0,0,1,-1,-1,1,1,1,-1,-1,-1,-1,0,0,
2026-04-14,21:03:44.150,7.62,100,100,99,-0.063,17.24,77,0,7.97,-0.121,0.978,0.04,93,0,175.96,-6.99,10,0.00,4.03,4.03,4.03,4.03,4.03,4.03,4.04,4.03,19.69,0.0,-30,-30,0.0,0,14,-1024,0,0,999,0,0,1,-1,-1,1,1,1,-1,-1,-1,-1,0,0,
2026-04-14,21:03:44.410,7.63,100,100,99,-0.073,17.20,78,0,7.97,-0.124,0.966,-0.01,90,0,175.95,-7.13,10,0.00,4.03,4.03,4.02,4.04,4.03,4.03,4.04,4.03,15.64,0.0,-30,-30,0.0,0,14,-1024,0,0,999,0,0,1,-1,-1,1,1,1,-1,-1,-1,-1,0,0,
2026-04-14,21:03:44.670,7.62,100,100,99,-0.060,17.22,75,0,7.97,-0.122,0.972,0.00,90,0,175.94,-7.21,10,0.00,4.03,4.03,4.02,4.04,4.03,4.03,4.04,4.03,15.64,0.0,-30,-30,0.0,0,13,-1024,0,0,1000,0,0,1,-1,-1,1,1,1,-1,-1,-1,-1,0,0,
2026-04-14,21:03:44.930,7.62,100,100,100,-0.051,17.20,75,0,7.97,-0.122,0.970,0.00,91,0,175.93,-7.28,10,0.00,4.03,4.03,4.02,4.04,4.03,4.03,4.04,4.04,12.51,0.0,-30,-30,0.0,0,13,-1024,0,0,1000,0,0,1,-1,-1,1,1,1,-1,-1,-1,-1,0,0,
2026-04-14,21:03:45.190,7.63,100,100,100,-0.059,17.13,75,0,7.97,-0.122,0.977,-0.15,94,0,175.93,-7.31,10,0.00,4.03,4.03,4.02,4.04,4.03,4.03,4.04,4.04,12.51,0.0,-30,-30,0.0,0,14,-1024,0,0,999,0,0,1,-1,-1,1,1,1,-1,-1,-1,-1,0,0,
2026-04-14,21:03:45.450,7.62,100,100,100,-0.073,17.12,78,0,7.97,-0.130,0.970,-0.12,92,0,175.93,-7.37,10,0.00,4.03,4.03,4.02,4.04,4.03,4.03,4.04,4.04,10.09,0.0,-30,-30,0.0,0,13,-1024,0,0,1000,0,0,1,-1,-1,1,1,1,-1,-1,-1,-1,0,0,
2026-04-14,21:03:45.720,7.62,100,100,100,-0.066,17.11,78,0,7.97,-0.128,0.980,-0.05,92,0,175.92,-7.40,10,0.00,4.03,4.03,4.02,4.04,4.03,4.03,4.04,4.04,10.09,0.0,-30,-30,0.0,0,13,-1024,0,0,1000,0,0,1,-1,-1,1,1,1,-1,-1,-1,-1,0,0,
2026-04-14,21:03:45.980,7.63,100,100,100,-0.060,17.11,75,0,7.97,-0.125,0.968,-0.02,91,0,175.91,-7.44,10,0.00,4.03,4.03,4.02,4.04,4.03,4.03,4.04,4.04,8.23,0.0,-30,-30,0.0,0,13,-1024,0,0,999,0,0,1,-1,-1,1,1,1,-1,-1,-1,-1,0,0,
2026-04-14,21:03:46.250,7.63,100,100,100,-0.051,17.10,74,0,7.97,-0.129,0.974,-0.01,82,0,175.91,-7.49,10,0.00,4.03,4.03,4.02,4.04,4.03,4.03,4.04,4.03,8.23,0.0,-30,-30,0.0,0,14,-1024,0,0,1000,0,0,1,-1,-1,1,1,1,-1,-1,-1,-1,0,0,
2026-04-14,21:03:46.510,7.62,100,100,100,-0.057,17.08,76,0,7.97,-0.123,0.970,-0.04,82,0,175.91,-7.51,10,0.00,4.03,4.04,4.02,4.04,4.03,4.03,4.04,4.03,6.81,0.0,-30,-30,0.0,0,13,-1024,0,0,999,0,0,1,-1,-1,1,1,1,-1,-1,-1,-1,0,0,
2026-04-14,21:03:46.770,7.62,100,100,99,-0.065,17.08,77,0,7.97,-0.116,0.990,-0.01,82,0,175.92,-7.55,10,0.00,4.03,4.04,4.02,4.04,4.03,4.03,4.04,4.03,6.81,0.0,-30,-30,0.0,0,14,-1024,0,0,1000,0,0,1,-1,-1,1,1,1,-1,-1,-1,-1,0,0,
2026-04-14,21:03:47.030,7.62,100,100,99,-0.069,17.08,79,0,7.97,-0.128,0.971,0.00,81,0,175.93,-7.58,10,0.00,4.03,4.04,4.02,4.04,4.04,4.03,4.04,4.03,5.70,0.0,-30,-30,0.0,0,13,-1024,0,0,999,0,0,1,-1,-1,1,1,1,-1,-1,-1,-1,0,0,
2026-04-14,21:03:47.290,7.62,100,100,99,-0.067,17.04,80,0,7.97,-0.124,0.976,-0.10,81,0,175.92,-7.59,10,0.00,4.03,4.04,4.02,4.04,4.04,4.03,4.04,4.03,4.86,0.0,-30,-30,0.0,0,14,-1024,0,0,999,0,0,1,-1,-1,1,1,1,-1,-1,-1,-1,0,0,
2026-04-14,21:03:47.560,7.62,100,100,99,-0.071,17.05,78,0,7.97,-0.129,0.981,-0.03,83,0,175.91,-7.63,10,0.00,4.03,4.04,4.02,4.04,4.04,4.03,4.04,4.03,4.86,0.0,-30,-30,0.0,0,14,-1024,0,0,999,0,0,1,-1,-1,1,1,1,-1,-1,-1,-1,0,0,
2026-04-14,21:03:47.820,7.62,100,100,99,-0.060,17.09,75,0,7.97,-0.129,0.979,0.07,86,0,175.90,-7.62,10,0.00,4.03,4.04,4.02,4.04,4.04,4.03,4.04,4.03,4.20,0.0,-30,-30,0.0,0,13,-1024,0,0,1000,0,0,1,-1,-1,1,1,1,-1,-1,-1,-1,0,0,
2026-04-14,21:03:48.090,7.62,100,100,99,-0.069,17.05,72,0,7.97,-0.135,0.981,-0.02,87,0,175.91,-7.66,10,0.00,4.03,4.04,4.02,4.04,4.04,4.03,4.04,4.03,4.20,0.0,-30,-30,0.0,0,13,-1024,0,0,999,0,0,1,-1,-1,1,1,1,-1,-1,-1,-1,0,0,
2026-04-14,21:03:48.350,7.62,100,100,99,-0.072,17.08,74,0,7.97,-0.133,0.979,0.01,85,0,175.90,-7.66,10,0.00,4.03,4.04,4.02,4.04,4.04,4.03,4.04,4.03,3.68,0.0,-30,-30,0.0,0,14,-1024,0,0,999,0,0,1,-1,-1,1,1,1,-1,-1,-1,-1,0,0,
2026-04-14,21:03:48.620,7.63,100,100,99,-0.068,17.06,77,0,7.97,-0.122,0.977,0.01,79,0,175.91,-7.68,10,0.00,4.03,4.04,4.02,4.04,4.04,4.03,4.04,4.03,3.68,0.0,-30,-30,0.0,0,13,-1024,0,0,999,0,0,1,-1,-1,1,1,1,-1,-1,-1,-1,0,0,
2026-04-14,21:03:48.890,7.62,100,100,99,-0.066,17.09,78,0,7.97,-0.125,0.965,0.00,81,0,175.90,-7.69,10,0.00,4.03,4.04,4.02,4.04,4.04,4.03,4.04,4.03,3.28,0.0,-30,-30,0.0,0,13,-1024,0,0,1000,0,0,1,-1,-1,1,1,1,-1,-1,-1,-1,0,0,
2026-04-14,21:03:49.160,7.62,100,100,99,-0.069,17.11,79,0,7.97,-0.122,0.976,0.09,83,0,175.91,-7.69,10,0.00,4.03,4.04,4.02,4.04,4.04,4.03,4.04,4.03,3.28,0.0,-30,-30,0.0,0,13,-1024,0,0,1000,0,0,1,-1,-1,1,1,1,-1,-1,-1,-1,0,0,
2026-04-14,21:03:49.430,7.62,100,100,99,-0.058,17.10,81,0,7.97,-0.127,0.970,0.01,84,0,175.90,-7.73,10,0.00,4.03,4.04,4.02,4.04,4.03,4.03,4.04,4.03,2.96,0.0,-30,-30,0.0,0,14,-1024,0,0,1000,0,0,1,-1,-1,1,1,1,-1,-1,-1,-1,0,0,
2026-04-14,21:03:49.690,7.63,100,100,99,-0.062,17.10,82,0,7.97,-0.129,0.974,-0.01,75,0,175.91,-7.72,10,0.00,4.03,4.04,4.02,4.04,4.03,4.03,4.04,4.03,2.96,0.0,-30,-30,0.0,0,14,-1024,0,0,999,0,0,1,-1,-1,1,1,1,-1,-1,-1,-1,0,0,
2026-04-14,21:03:49.950,7.62,100,100,99,-0.064,17.15,82,0,7.97,-0.129,0.985,0.07,64,0,175.91,-7.71,10,0.00,4.03,4.04,4.02,4.04,4.03,4.03,4.04,4.03,2.70,0.0,-30,-30,0.0,0,13,-1024,0,0,999,0,0,1,-1,-1,1,1,1,-1,-1,-1,-1,0,0,
2026-04-14,21:03:50.210,7.62,100,100,99,-0.070,17.20,82,0,7.97,-0.129,0.981,0.16,66,0,175.92,-7.72,10,0.00,4.03,4.04,4.02,4.04,4.03,4.03,4.04,4.03,2.70,0.0,-30,-30,0.0,0,13,-1024,0,0,999,0,0,1,-1,-1,1,1,1,-1,-1,-1,-1,0,0,
2026-04-14,21:03:50.480,7.62,100,100,99,-0.067,17.20,81,0,7.97,-0.122,0.975,0.05,70,0,175.92,-7.71,10,0.00,4.03,4.04,4.03,4.03,4.03,4.03,4.04,4.03,2.49,0.0,-30,-30,0.0,0,13,-1024,0,0,1000,0,0,1,-1,-1,1,1,1,-1,-1,-1,-1,0,0,
2026-04-14,21:03:50.740,7.63,100,100,100,-0.070,17.22,81,0,7.97,-0.124,0.972,0.04,70,0,175.91,-7.72,10,0.00,4.03,4.04,4.03,4.03,4.03,4.03,4.04,4.03,2.49,0.0,-30,-30,0.0,0,14,-1024,0,0,999,0,0,1,-1,-1,1,1,1,-1,-1,-1,-1,0,0,
2026-04-14,21:03:51.010,7.63,100,100,100,-0.067,17.25,81,0,7.97,-0.121,0.968,0.08,74,0,175.91,-7.72,10,0.00,4.03,4.04,4.03,4.03,4.03,4.03,4.04,4.03,2.32,0.0,-30,-30,0.0,0,13,-1024,0,0,1000,0,0,1,-1,-1,1,1,1,-1,-1,-1,-1,0,0,
2026-04-14,21:03:51.270,7.63,100,100,100,-0.062,17.29,81,0,7.97,-0.126,0.973,0.13,77,0,175.91,-7.74,10,0.00,4.03,4.04,4.03,4.03,4.03,4.03,4.04,4.03,2.17,0.0,-30,-30,0.0,0,14,-1024,0,0,999,0,0,1,-1,-1,1,1,1,-1,-1,-1,-1,0,0,
2026-04-14,21:03:51.530,7.63,100,100,100,-0.070,17.27,80,0,7.97,-0.129,0.979,0.05,76,0,175.91,-7.74,10,0.00,4.03,4.04,4.03,4.04,4.03,4.03,4.04,4.03,2.17,0.0,-30,-30,0.0,0,14,-1024,0,0,999,0,0,1,-1,-1,1,1,1,-1,-1,-1,-1,0,0,
2026-04-14,21:03:51.800,7.62,100,100,100,-0.067,17.28,78,0,7.97,-0.122,0.981,-0.01,79,0,175.91,-7.72,10,0.00,4.03,4.04,4.03,4.04,4.03,4.03,4.04,4.03,2.05,0.0,-30,-30,0.0,0,13,-1024,0,0,1000,0,0,1,-1,-1,1,1,1,-1,-1,-1,-1,0,0,
2026-04-14,21:03:52.080,7.62,100,100,100,-0.068,17.24,77,0,7.97,-0.131,0.986,-0.05,82,0,175.92,-7.74,10,0.00,4.03,4.04,4.03,4.04,4.03,4.03,4.04,4.03,2.05,0.0,-30,-30,0.0,0,13,-1024,0,0,999,0,0,1,-1,-1,1,1,1,-1,-1,-1,-1,0,0,
2026-04-14,21:03:52.340,7.62,100,100,100,-0.075,17.26,75,0,7.97,-0.142,0.969,-0.02,78,0,175.92,-7.75,10,0.00,4.03,4.04,4.03,4.04,4.03,4.03,4.04,4.03,1.95,0.0,-30,-30,0.0,0,13,-1024,0,0,999,0,0,1,-1,-1,1,1,1,-1,-1,-1,-1,0,0,
2026-04-14,21:03:52.600,7.62,100,100,100,-0.076,17.30,74,0,7.97,-0.123,0.979,0.09,78,0,175.92,-7.75,10,0.00,4.03,4.04,4.03,4.04,4.03,4.03,4.04,4.03,1.95,0.0,-30,-30,0.0,0,13,-1024,0,0,1000,0,0,1,-1,-1,1,1,1,-1,-1,-1,-1,0,0,
2026-04-14,21:03:52.860,7.62,100,100,100,-0.064,17.28,76,0,7.97,-0.127,0.973,0.02,80,0,175.91,-7.75,10,0.00,4.03,4.04,4.03,4.04,4.03,4.03,4.04,4.03,1.86,0.0,-30,-30,0.0,0,13,-1024,0,0,999,0,0,1,-1,-1,1,1,1,-1,-1,-1,-1,0,0,
2026-04-14,21:03:53.120,7.62,100,100,100,-0.060,17.21,79,0,7.97,-0.125,0.968,-0.16,79,0,175.92,-7.76,10,0.00,4.03,4.04,4.03,4.04,4.04,4.03,4.04,4.03,1.86,0.0,-30,-30,0.0,0,14,-1024,0,0,999,0,0,1,-1,-1,1,1,1,-1,-1,-1,-1,0,0,
2026-04-14,21:03:53.380,7.62,100,100,100,-0.056,17.21,81,0,7.97,-0.129,0.977,-0.08,79,0,175.92,-7.76,10,0.00,4.03,4.04,4.03,4.04,4.04,4.03,4.04,4.04,1.78,0.0,-30,-30,0.0,0,13,-1024,0,0,999,0,0,1,-1,-1,1,1,1,-1,-1,-1,-1,0,0,
2026-04-14,21:03:53.640,7.62,100,100,100,-0.073,17.33,82,0,7.97,-0.141,0.977,0.18,80,0,175.93,-7.75,10,0.00,4.03,4.04,4.03,4.04,4.04,4.03,4.04,4.04,1.78,0.0,-30,-30,0.0,0,13,-1024,0,0,999,0,0,1,-1,-1,1,1,1,-1,-1,-1,-1,0,0,
2026-04-14,21:03:53.910,7.62,100,100,100,-0.074,17.38,83,0,7.97,-0.128,0.979,0.21,81,0,175.92,-7.75,10,0.00,4.03,4.04,4.03,4.04,4.04,4.03,4.04,4.04,1.70,0.0,-30,-30,0.0,0,13,-1024,0,0,999,0,0,1,-1,-1,1,1,1,-1,-1,-1,-1,0,0,
2026-04-14,21:03:54.170,7.62,100,100,100,-0.077,17.40,83,0,7.97,-0.135,0.977,0.14,83,0,175.92,-7.75,10,0.00,4.03,4.04,4.03,4.04,4.04,4.03,4.04,4.04,1.70,0.0,-30,-30,0.0,0,13,-1024,0,0,999,0,0,1,-1,-1,1,1,1,-1,-1,-1,-1,0,0,
2026-04-14,21:03:54.430,7.62,100,100,100,-0.068,17.35,84,0,7.97,-0.125,0.979,-0.02,86,0,175.91,-7.76,10,0.00,4.03,4.04,4.03,4.04,4.04,4.03,4.04,4.04,1.28,0.0,-30,-30,0.0,0,13,-1024,0,0,999,0,0,1,-1,-1,1,1,1,-1,-1,-1,-1,0,0,
2026-04-14,21:03:54.690,7.62,100,100,100,-0.057,17.31,82,0,7.97,-0.121,0.971,-0.12,83,0,175.91,-7.78,10,0.00,4.03,4.04,4.03,4.04,4.04,4.03,4.04,4.04,1.28,0.0,-30,-30,0.0,0,12,-1024,0,0,999,0,0,1,-1,-1,1,1,1,-1,-1,-1,-1,0,0,
2026-04-14,21:03:54.950,7.62,100,100,100,-0.052,17.32,80,0,7.97,-0.130,0.974,-0.04,80,0,175.91,-7.77,10,0.00,4.03,4.04,4.03,4.04,4.04,4.03,4.04,4.04,0.96,0.0,-30,-30,0.0,0,13,-1024,0,0,999,0,0,1,-1,-1,1,1,1,-1,-1,-1,-1,0,0,
2026-04-14,21:03:55.210,7.62,100,100,100,-0.072,17.28,79,0,7.97,-0.135,0.970,-0.11,80,0,175.93,-7.77,10,0.00,4.03,4.04,4.03,4.04,4.04,4.03,4.04,4.04,0.96,0.0,-30,-30,0.0,0,13,-1024,0,0,1000,0,0,1,-1,-1,1,1,1,-1,-1,-1,-1,0,0,
2026-04-14,21:03:55.480,7.62,100,100,100,-0.077,17.28,78,0,7.97,-0.123,0.990,0.00,83,0,175.92,-7.75,10,0.00,4.03,4.04,4.03,4.04,4.04,4.03,4.04,4.04,0.72,0.0,-30,-30,0.0,0,13,-1024,0,0,999,0,0,1,-1,-1,1,1,1,-1,-1,-1,-1,0,0,
2026-04-14,21:03:55.740,7.62,100,100,100,-0.073,17.36,78,0,7.97,-0.124,0.979,0.12,85,0,175.90,-7.72,10,0.00,4.03,4.04,4.03,4.04,4.04,4.03,4.04,4.03,0.72,0.0,-30,-30,0.0,0,13,-1024,0,0,999,0,0,1,-1,-1,1,1,1,-1,-1,-1,-1,0,0,
2026-04-14,21:03:56.010,7.62,100,100,100,-0.068,17.41,79,0,7.97,-0.123,0.973,0.21,85,0,175.91,-7.75,10,0.00,4.03,4.04,4.03,4.04,4.04,4.03,4.04,4.03,0.54,0.0,-30,-30,0.0,0,13,-1024,0,0,999,0,0,1,-1,-1,1,1,1,-1,-1,-1,-1,0,0,
2026-04-14,21:03:56.280,7.62,100,100,100,-0.063,17.40,79,0,7.97,-0.114,0.975,0.05,85,0,175.90,-7.74,10,0.00,4.03,4.04,4.03,4.04,4.04,4.03,4.04,4.03,0.40,0.0,-30,-30,0.0,0,13,-1024,0,0,999,0,0,1,-1,-1,1,1,1,-1,-1,-1,-1,0,0,
2026-04-14,21:03:56.540,7.62,100,100,100,-0.062,17.33,78,0,7.97,-0.123,0.970,0.05,86,0,175.91,-7.75,10,0.00,4.03,4.04,4.03,4.04,4.04,4.03,4.04,4.03,0.40,0.0,-30,-30,0.0,0,13,-1024,0,0,999,0,0,1,-1,-1,1,1,1,-1,-1,-1,-1,0,0,
2026-04-14,21:03:56.810,7.62,100,100,100,-0.070,17.33,77,0,7.97,-0.126,0.987,-0.07,86,0,175.91,-7.73,10,0.00,4.03,4.04,4.03,4.04,4.04,4.03,4.04,4.03,0.30,0.0,-30,-30,0.0,0,13,-1024,0,0,999,0,0,1,-1,-1,1,1,1,-1,-1,-1,-1,0,0,
2026-04-14,21:03:57.070,7.62,100,100,100,-0.077,17.29,78,0,7.97,-0.119,0.963,-0.12,89,0,175.93,-7.78,10,0.00,4.03,4.04,4.03,4.04,4.04,4.03,4.04,4.04,0.30,0.0,-30,-30,0.0,0,13,-1024,0,0,999,0,0,1,-1,-1,1,1,1,-1,-1,-1,-1,0,0,
2026-04-14,21:03:57.340,7.62,100,100,100,-0.072,17.25,78,0,7.97,-0.112,0.977,-0.08,88,0,175.91,-7.78,10,0.00,4.03,4.04,4.03,4.04,4.04,4.03,4.04,4.04,0.23,0.0,-30,-30,0.0,0,13,-1024,0,0,999,0,0,1,-1,-1,1,1,1,-1,-1,-1,-1,0,0,
2026-04-14,21:03:57.600,7.62,100,100,100,-0.044,17.22,81,0,7.97,-0.122,0.984,-0.13,84,0,175.89,-7.75,10,0.00,4.03,4.04,4.03,4.04,4.04,4.03,4.04,4.04,0.23,0.0,-30,-30,0.0,0,14,-1024,0,0,999,0,0,1,-1,-1,1,1,1,-1,-1,-1,-1,0,0,
2026-04-14,21:03:57.870,7.62,100,100,100,-0.063,17.27,82,0,7.97,-0.111,0.970,0.00,87,0,175.90,-7.74,10,0.00,4.03,4.04,4.03,4.04,4.04,4.03,4.04,4.04,0.17,0.0,-30,-30,0.0,0,14,-1024,0,0,999,0,0,1,-1,-1,1,1,1,-1,-1,-1,-1,0,0,
2026-04-14,21:03:58.130,7.62,100,100,100,-0.065,17.41,83,0,7.97,-0.116,0.970,0.15,88,0,175.91,-7.74,10,0.00,4.03,4.04,4.03,4.04,4.04,4.03,4.04,4.04,0.17,0.0,-30,-30,0.0,0,13,-1024,0,0,999,0,0,1,-1,-1,1,1,1,-1,-1,-1,-1,0,0,
2026-04-14,21:03:58.390,7.62,100,100,100,-0.072,17.43,83,0,7.97,-0.124,0.963,0.08,91,0,175.90,-7.74,10,0.00,4.03,4.04,4.03,4.04,4.04,4.03,4.04,4.04,0.13,0.0,-30,-30,0.0,0,13,-1024,0,0,999,0,0,1,-1,-1,1,1,1,-1,-1,-1,-1,0,0,
2026-04-14,21:03:58.650,7.62,100,100,100,-0.064,17.44,83,0,7.97,-0.110,0.962,0.04,93,0,175.89,-7.76,10,0.00,4.03,4.04,4.03,4.04,4.04,4.03,4.04,4.04,0.13,0.0,-30,-30,0.0,0,14,-1024,0,0,999,0,0,1,-1,-1,1,1,1,-1,-1,-1,-1,0,0,
2026-04-14,21:03:58.910,7.62,100,100,100,-0.058,17.45,83,0,7.97,-0.112,0.959,0.06,92,0,175.88,-7.78,10,0.00,4.03,4.04,4.03,4.04,4.04,4.03,4.04,4.04,0.10,0.0,-30,-30,0.0,0,14,-1024,0,0,1000,0,0,1,-1,-1,1,1,1,-1,-1,-1,-1,0,0,
2026-04-14,21:03:59.170,7.62,100,100,100,-0.056,17.46,83,0,7.97,-0.107,0.974,0.01,91,0,175.89,-7.77,10,0.00,4.03,4.04,4.03,4.04,4.04,4.04,4.04,4.04,0.10,0.0,-30,-30,0.0,0,13,-1024,0,0,999,0,0,1,-1,-1,1,1,1,-1,-1,-1,-1,0,0,
2026-04-14,21:03:59.440,7.62,100,100,100,-0.099,17.48,83,0,7.97,-0.127,1.011,0.09,88,0,175.92,-7.77,10,0.00,4.03,4.04,4.03,4.04,4.04,4.04,4.04,4.04,0.07,0.0,-30,-30,0.0,0,14,-1024,0,0,999,0,0,1,-1,-1,1,1,1,-1,-1,-1,-1,0,0,
2026-04-14,21:03:59.700,7.62,100,100,100,-0.108,17.47,83,0,7.97,-0.133,1.016,0.01,89,0,175.90,-7.79,10,0.00,4.03,4.04,4.03,4.04,4.04,4.04,4.04,4.04,0.07,0.0,-30,-30,0.0,0,13,-1024,0,0,999,0,0,1,-1,-1,1,1,1,-1,-1,-1,-1,0,0,
2026-04-14,21:03:59.960,7.62,100,100,100,-0.077,17.51,83,0,7.97,-0.177,0.964,0.04,88,0,175.90,-7.79,10,0.00,4.03,4.04,4.03,4.04,4.04,4.04,4.04,4.04,0.05,0.0,-30,-30,0.0,0,13,-1024,0,0,999,0,0,1,-1,-1,1,1,1,-1,-1,-1,-1,0,0,
2026-04-14,21:04:00.230,7.62,100,100,100,-0.077,17.51,76,0,7.97,-0.177,0.964,0.04,88,0,175.90,-7.79,10,0.00,4.03,4.04,4.03,4.04,4.04,4.04,4.04,4.04,0.05,0.0,-30,-30,0.0,0,13,-1024,0,0,1000,0,0,1,-1,-1,1,1,1,-1,-1,-1,-1,0,0,
2026-04-14,21:04:00.490,7.62,100,100,100,-0.077,17.51,69,1,7.97,-0.177,0.964,0.04,88,0,175.90,-7.79,10,0.00,4.03,4.04,4.03,4.04,4.04,4.04,4.04,4.04,0.05,0.0,-30,-30,0.0,0,13,-1024,0,0,999,0,0,1,-1,-1,1,1,1,-1,-1,-1,-1,0,0,
2026-04-14,21:04:00.750,7.62,100,100,100,-0.077,17.51,61,2,7.97,-0.177,0.964,0.04,88,0,175.90,-7.79,10,0.00,4.03,4.04,4.03,4.04,4.04,4.04,4.04,4.04,0.05,0.0,-30,-30,0.0,0,14,-1024,0,0,1000,0,0,1,-1,-1,1,1,1,-1,-1,-1,-1,0,0,
2026-04-14,21:04:01.020,7.62,100,100,100,-0.077,17.51,61,2,7.97,-0.177,0.964,0.04,88,0,175.90,-7.79,10,0.00,4.03,4.04,4.03,4.04,4.04,4.04,4.04,4.04,0.05,0.0,-30,-30,0.0,0,13,-1024,0,0,999,0,0,1,-1,-1,1,1,1,-1,-1,-1,-1,0,0,
2026-04-14,21:04:01.280,7.62,100,100,100,-0.077,17.51,61,2,7.97,-0.177,0.964,0.04,88,0,175.90,-7.79,10,0.00,4.03,4.04,4.03,4.04,4.04,4.04,4.04,4.04,0.05,0.0,-30,-30,0.0,0,13,-1024,0,0,1000,0,0,1,-1,-1,1,1,1,-1,-1,-1,-1,0,0,
2026-04-14,21:04:01.550,7.62,100,100,100,-0.077,17.51,61,2,7.97,-0.177,0.964,0.04,88,0,175.90,-7.79,10,0.00,4.03,4.04,4.03,4.04,4.04,4.04,4.04,4.04,0.05,0.0,-30,-30,0.0,0,14,-1024,0,0,999,0,0,1,-1,-1,1,1,1,-1,-1,-1,-1,0,0,
2026-04-14,21:04:01.820,7.62,100,100,100,-0.077,17.51,61,2,7.97,-0.177,0.964,0.04,88,0,175.90,-7.79,10,0.00,4.03,4.04,4.03,4.04,4.04,4.04,4.04,4.04,0.05,0.0,-30,-30,0.0,0,14,-1024,0,0,1000,0,0,1,-1,-1,1,1,1,-1,-1,-1,-1,0,0,
2026-04-14,21:04:02.090,7.62,100,100,100,-0.077,17.51,61,2,7.97,-0.177,0.964,0.04,88,0,175.90,-7.79,10,0.00,4.03,4.04,4.03,4.04,4.04,4.04,4.04,4.04,0.05,0.0,-30,-30,0.0,0,13,-1024,0,0,999,0,0,1,-1,-1,1,1,1,-1,-1,-1,-1,0,0,
2026-04-14,21:04:02.350,7.62,100,100,100,-0.077,17.51,61,2,7.97,-0.177,0.964,0.04,88,0,175.90,-7.79,10,0.00,4.03,4.04,4.03,4.04,4.04,4.04,4.04,4.04,0.05,0.0,-30,-30,0.0,0,14,-1024,0,0,999,0,0,1,-1,-1,1,1,1,-1,-1,-1,-1,0,0,
2026-04-14,21:04:02.670,7.62,100,100,100,-0.077,17.51,61,2,7.97,-0.177,0.964,0.04,88,0,175.90,-7.79,10,0.00,4.03,4.04,4.03,4.04,4.04,4.04,4.04,4.04,0.05,0.0,-30,-30,0.0,0,13,-1024,0,0,999,0,0,1,-1,-1,1,1,1,-1,-1,-1,-1,0,0,
2026-04-14,21:04:02.940,7.62,100,100,100,-0.077,17.51,61,2,7.97,-0.177,0.964,0.04,88,0,175.90,-7.79,10,0.00,4.03,4.04,4.03,4.04,4.04,4.04,4.04,4.04,0.05,0.0,-30,-30,0.0,0,14,-1024,0,0,999,0,0,1,-1,-1,1,1,1,-1,-1,-1,-1,0,0,
2026-04-14,21:04:03.210,7.61,100,100,100,-0.077,17.51,61,2,7.97,-0.177,0.964,0.04,88,0,175.90,-7.79,10,0.00,4.03,4.04,4.03,4.04,4.04,4.04,4.04,4.04,0.05,0.0,-30,-30,0.0,0,13,-1024,0,0,1000,0,0,1,-1,-1,1,1,1,-1,-1,-1,-1,0,0,
2026-04-14,21:04:03.470,7.61,100,100,100,-0.077,17.51,61,2,7.97,-0.177,0.964,0.04,88,0,175.90,-7.79,10,0.00,4.03,4.04,4.03,4.04,4.04,4.04,4.04,4.04,0.05,0.0,-30,-30,0.0,0,14,-1024,0,0,999,0,0,1,-1,-1,1,1,1,-1,-1,-1,-1,0,0,
2026-04-14,21:04:03.730,7.61,100,100,100,-0.077,17.51,61,2,7.97,-0.177,0.964,0.04,88,0,175.90,-7.79,10,0.00,4.03,4.04,4.03,4.04,4.04,4.04,4.04,4.04,0.05,0.0,-30,-30,0.0,0,14,-1024,0,0,999,0,0,1,-1,-1,1,1,1,-1,-1,-1,-1,0,0,
2026-04-14,21:04:03.990,7.62,100,100,100,-0.077,17.51,61,2,7.97,-0.177,0.964,0.04,88,0,175.90,-7.79,10,0.00,4.03,4.04,4.03,4.04,4.04,4.04,4.04,4.04,0.05,0.0,-30,-30,0.0,0,14,-1024,0,0,1000,0,0,1,-1,-1,1,1,1,-1,-1,-1,-1,0,0,
2026-04-14,21:04:04.250,7.62,100,100,100,-0.077,17.51,61,2,7.97,-0.177,0.964,0.04,88,0,175.90,-7.79,10,0.00,4.03,4.04,4.03,4.04,4.04,4.04,4.04,4.04,0.05,0.0,-30,-30,0.0,0,14,-1024,0,0,1000,0,0,1,-1,-1,1,1,1,-1,-1,-1,-1,0,0,
2026-04-14,21:04:04.510,7.62,100,100,100,-0.077,17.51,61,2,7.97,-0.177,0.964,0.04,88,0,175.90,-7.79,10,0.00,4.03,4.04,4.03,4.04,4.04,4.04,4.04,4.04,0.05,0.0,-30,-30,0.0,0,13,-1024,0,0,999,0,0,1,-1,-1,1,1,1,-1,-1,-1,-1,0,0,
2026-04-14,21:04:04.780,7.62,100,100,100,-0.077,17.51,61,2,7.97,-0.177,0.964,0.04,88,0,175.90,-7.79,10,0.00,4.03,4.04,4.03,4.04,4.04,4.04,4.04,4.04,0.05,0.0,-30,-30,0.0,0,14,-1024,0,0,999,0,0,1,-1,-1,1,1,1,-1,-1,-1,-1,0,0,
2026-04-14,21:04:05.040,7.62,100,100,100,-0.077,17.51,61,2,7.97,-0.177,0.964,0.04,88,0,175.90,-7.79,10,0.00,4.03,4.04,4.03,4.04,4.04,4.04,4.04,4.04,0.05,0.0,-30,-30,0.0,0,13,-1024,0,0,1000,0,0,1,-1,-1,1,1,1,-1,-1,-1,-1,0,0,
2026-04-14,21:04:05.300,7.62,100,100,100,-0.077,17.51,61,2,7.97,-0.177,0.964,0.04,88,0,175.90,-7.79,10,0.00,4.03,4.04,4.03,4.04,4.04,4.04,4.04,4.04,0.05,0.0,-30,-30,0.0,0,13,-1024,0,0,999,0,0,1,-1,-1,1,1,1,-1,-1,-1,-1,0,0,
2026-04-14,21:04:05.560,7.61,100,100,100,-0.077,17.51,61,2,7.97,-0.177,0.964,0.04,88,0,175.90,-7.79,10,0.00,4.03,4.04,4.03,4.04,4.04,4.04,4.04,4.04,0.05,0.0,-30,-30,0.0,0,14,-1024,0,0,999,0,0,1,-1,-1,1,1,1,-1,-1,-1,-1,0,0,
2026-04-14,21:04:05.820,7.62,100,100,100,-0.077,17.51,61,2,7.97,-0.177,0.964,0.04,88,0,175.90,-7.79,10,0.00,4.03,4.04,4.03,4.04,4.04,4.04,4.04,4.04,0.05,0.0,-30,-30,0.0,0,14,-1024,0,0,999,0,0,1,-1,-1,1,1,1,-1,-1,-1,-1,0,0,
2026-04-14,21:04:06.080,7.62,100,100,100,-0.077,17.51,61,2,7.97,-0.177,0.964,0.04,88,0,175.90,-7.79,10,0.00,4.03,4.04,4.03,4.04,4.04,4.04,4.04,4.04,0.05,0.0,-30,-30,0.0,0,14,-1024,0,0,999,0,0,1,-1,-1,1,1,1,-1,-1,-1,-1,0,0,
2026-04-14,21:04:06.340,7.61,100,100,100,-0.077,17.51,61,2,7.97,-0.177,0.964,0.04,88,0,175.90,-7.79,10,0.00,4.03,4.04,4.03,4.04,4.04,4.04,4.04,4.04,0.05,0.0,-30,-30,0.0,0,13,-1024,0,0,999,0,0,1,-1,-1,1,1,1,-1,-1,-1,-1,0,0,
2026-04-14,21:04:06.600,7.62,100,100,100,-0.077,17.51,61,2,7.97,-0.177,0.964,0.04,88,0,175.90,-7.79,10,0.00,4.03,4.04,4.03,4.04,4.04,4.04,4.04,4.04,0.05,0.0,-30,-30,0.0,0,14,-1024,0,0,999,0,0,1,-1,-1,1,1,1,-1,-1,-1,-1,0,0,
2026-04-14,21:04:06.860,7.62,100,100,100,-0.077,17.51,61,2,7.97,-0.177,0.964,0.04,88,0,175.90,-7.79,10,0.00,4.03,4.04,4.03,4.04,4.04,4.04,4.04,4.04,0.05,0.0,-30,-30,0.0,0,13,-1024,0,0,1000,0,0,1,-1,-1,1,1,1,-1,-1,-1,-1,0,0,
2026-04-14,21:04:07.120,7.62,100,100,100,-0.077,17.51,61,2,7.97,-0.177,0.964,0.04,88,0,175.90,-7.79,10,0.00,4.03,4.04,4.03,4.04,4.04,4.04,4.04,4.04,0.05,0.0,-30,-30,0.0,0,14,-1024,0,0,999,0,0,1,-1,-1,1,1,1,-1,-1,-1,-1,0,0,
2026-04-14,21:04:07.380,7.62,100,100,100,-0.077,17.51,61,2,7.97,-0.177,0.964,0.04,88,0,175.90,-7.79,10,0.00,4.03,4.04,4.03,4.04,4.04,4.04,4.04,4.04,0.05,0.0,-30,-30,0.0,0,14,-1024,0,0,1000,0,0,1,-1,-1,1,1,1,-1,-1,-1,-1,0,0,
2026-04-14,21:04:07.640,7.62,100,100,100,-0.077,17.51,61,2,7.97,-0.177,0.964,0.04,88,0,175.90,-7.79,10,0.00,4.03,4.04,4.03,4.04,4.04,4.04,4.04,4.04,0.05,0.0,-30,-30,0.0,0,13,-1024,0,0,999,0,0,1,-1,-1,1,1,1,-1,-1,-1,-1,0,0,
2026-04-14,21:04:07.910,7.62,100,100,100,-0.077,17.51,61,2,7.97,-0.177,0.964,0.04,88,0,175.90,-7.79,10,0.00,4.03,4.04,4.03,4.04,4.04,4.04,4.04,4.04,0.05,0.0,-30,-30,0.0,0,14,-1024,0,0,1000,0,0,1,-1,-1,1,1,1,-1,-1,-1,-1,0,0,
2026-04-14,21:04:08.170,7.62,100,100,100,-0.077,17.51,61,2,7.97,-0.177,0.964,0.04,88,0,175.90,-7.79,10,0.00,4.03,4.04,4.03,4.04,4.04,4.04,4.04,4.04,0.05,0.0,-30,-30,0.0,0,14,-1024,0,0,999,0,0,1,-1,-1,1,1,1,-1,-1,-1,-1,0,0,
2026-04-14,21:04:08.430,7.62,100,100,100,-0.077,17.51,61,2,7.97,-0.177,0.964,0.04,88,0,175.90,-7.79,10,0.00,4.03,4.04,4.03,4.04,4.04,4.04,4.04,4.04,0.05,0.0,-30,-30,0.0,0,13,-1024,0,0,1000,0,0,1,-1,-1,1,1,1,-1,-1,-1,-1,0,0,
2026-04-14,21:04:08.690,7.62,100,100,100,-0.077,17.51,61,2,7.97,-0.177,0.964,0.04,88,0,175.90,-7.79,10,0.00,4.03,4.04,4.03,4.04,4.04,4.04,4.04,4.04,0.05,0.0,-30,-30,0.0,0,13,-1024,0,0,999,0,0,1,-1,-1,1,1,1,-1,-1,-1,-1,0,0,
2026-04-14,21:04:08.950,7.62,100,100,100,-0.077,17.51,61,2,7.97,-0.177,0.964,0.04,88,0,175.90,-7.79,10,0.00,4.03,4.04,4.03,4.04,4.04,4.04,4.04,4.04,0.05,0.0,-30,-30,0.0,0,13,-1024,0,0,1000,0,0,1,-1,-1,1,1,1,-1,-1,-1,-1,0,0,
2026-04-14,21:04:09.220,7.62,100,100,100,-0.077,17.51,61,2,7.97,-0.177,0.964,0.04,88,0,175.90,-7.79,10,0.00,4.03,4.04,4.03,4.04,4.04,4.04,4.04,4.04,0.05,0.0,-30,-30,0.0,0,13,-1024,0,0,1000,0,0,1,-1,-1,1,1,1,-1,-1,-1,-1,0,0,
2026-04-14,21:04:09.480,7.62,100,100,100,-0.077,17.51,61,2,7.97,-0.177,0.964,0.04,88,0,175.90,-7.79,10,0.00,4.03,4.04,4.03,4.04,4.04,4.04,4.04,4.04,0.05,0.0,-30,-30,0.0,0,14,-1024,0,0,1000,0,0,1,-1,-1,1,1,1,-1,-1,-1,-1,0,0,
2026-04-14,21:04:09.750,7.62,100,100,100,-0.077,17.51,61,2,7.97,-0.177,0.964,0.04,88,0,,,10,,4.03,4.04,4.03,4.04,4.04,4.04,4.04,4.04,0.05,,-30,-30,,0,14,-1024,0,0,999,0,0,1,-1,-1,1,1,1,-1,-1,-1,-1,0,0,
2026-04-14,21:04:10.020,7.62,,,,,,61,2,,,,,,,,,10,,,,,,,,,,,,,,,0,13,-1024,0,0,999,0,0,1,-1,-1,1,1,1,-1,-1,-1,-1,0,0,
2026-04-14,21:04:10.280,7.62,,,,,,61,2,,,,,,,,,10,,,,,,,,,,,,,,,0,14,-1024,0,0,1000,0,0,1,-1,-1,1,1,1,-1,-1,-1,-1,0,0,
2026-04-14,21:04:10.550,7.62,,,,,,61,2,,,,,,,,,10,,,,,,,,,,,,,,,0,14,-1024,0,0,999,0,0,1,-1,-1,1,1,1,-1,-1,-1,-1,0,0,
2026-04-14,21:04:10.810,7.62,,,,,,,,,,,,,,,,10,,,,,,,,,,,,,,,0,13,-1024,0,0,999,0,0,1,-1,-1,1,1,1,-1,-1,-1,-1,0,0,
2026-04-14,21:04:11.080,7.62,,,,,,,,,,,,,,,,10,,,,,,,,,,,,,,,0,13,-1024,0,0,999,0,0,1,-1,-1,1,1,1,-1,-1,-1,-1,0,0,
2026-04-14,21:04:11.330,7.62,,,,,,,,,,,,,,,,10,,,,,,,,,,,,,,,0,14,-1024,0,0,1000,0,0,1,-1,-1,1,1,1,-1,-1,-1,-1,0,0,
2026-04-14,21:04:11.590,7.63,,,,,,,,,,,,,,,,10,,,,,,,,,,,,,,,0,14,-1024,0,0,999,0,0,1,-1,-1,1,1,1,-1,-1,-1,-1,0,0,
2026-04-14,21:04:11.850,7.62,,,,,,,,,,,,,,,,10,,,,,,,,,,,,,,,0,14,-1024,0,0,999,0,0,1,-1,-1,1,1,1,-1,-1,-1,-1,0,0,
2026-04-14,21:04:12.120,7.63,,,,,,,,,,,,,,,,10,,,,,,,,,,,,,,,0,14,-1024,0,0,1000,0,0,1,-1,-1,1,1,1,-1,-1,-1,-1,0,0,
2026-04-14,21:04:12.390,7.63,,,,,,,,,,,,,,,,10,,,,,,,,,,,,,,,0,14,-1024,0,0,1000,0,0,1,-1,-1,1,1,1,-1,-1,-1,-1,0,0,
2026-04-14,21:04:12.660,7.62,,,,,,,,,,,,,,,,10,,,,,,,,,,,,,,,0,13,-1024,0,0,999,0,0,1,-1,-1,1,1,1,-1,-1,-1,-1,0,0,
2026-04-14,21:04:12.920,7.62,,,,,,,,,,,,,,,,10,,,,,,,,,,,,,,,0,14,-1024,0,0,999,0,0,1,-1,-1,1,1,1,-1,-1,-1,-1,0,0,
2026-04-14,21:04:13.190,7.63,,,,,,,,,,,,,,,,10,,,,,,,,,,,,,,,0,14,-1024,0,0,999,0,0,1,-1,-1,1,1,1,-1,-1,-1,-1,0,0,
2026-04-14,21:04:13.460,7.62,,,,,,,,,,,,,,,,10,,,,,,,,,,,,,,,0,14,-1024,0,0,999,0,0,1,-1,-1,1,1,1,-1,-1,-1,-1,0,0,
2026-04-14,21:04:13.720,7.62,,,,,,,,,,,,,,,,10,,,,,,,,,,,,,,,0,14,-1024,0,0,999,0,0,1,-1,-1,1,1,1,-1,-1,-1,-1,0,0,
2026-04-14,21:04:13.980,7.62,,,,,,,,,,,,,,,,10,,,,,,,,,,,,,,,0,13,-1024,0,0,1000,0,0,1,-1,-1,1,1,1,-1,-1,-1,-1,0,0,
2026-04-14,21:04:14.240,7.62,,,,,,,,,,,,,,,,10,,,,,,,,,,,,,,,0,13,-1024,0,0,999,0,0,1,-1,-1,1,1,1,-1,-1,-1,-1,0,0,
2026-04-14,21:04:14.500,7.62,,,,,,,,,,,,,,,,10,,,,,,,,,,,,,,,0,12,-1024,0,0,999,0,0,1,-1,-1,1,1,1,-1,-1,-1,-1,0,0,
2026-04-14,21:04:14.760,7.62,,,,,,,,,,,,,,,,10,,,,,,,,,,,,,,,0,13,-1024,0,0,1000,0,0,1,-1,-1,1,1,1,-1,-1,-1,-1,0,0,
2026-04-14,21:04:15.030,7.62,,,,,,,,,,,,,,,,10,,,,,,,,,,,,,,,0,13,-1024,0,0,999,0,0,1,-1,-1,1,1,1,-1,-1,-1,-1,0,0,
2026-04-14,21:04:15.300,7.62,,,,,,,,,,,,,,,,10,,,,,,,,,,,,,,,0,13,-1024,0,0,999,0,0,1,-1,-1,1,1,1,-1,-1,-1,-1,0,0,
2026-04-14,21:04:15.560,7.62,,,,,,,,,,,,,,,,10,,,,,,,,,,,,,,,0,13,-1024,0,0,999,0,0,1,-1,-1,1,1,1,-1,-1,-1,-1,0,0,
2026-04-14,21:04:15.830,7.62,,,,,,,,,,,,,,,,10,,,,,,,,,,,,,,,0,14,-1024,0,0,999,0,0,1,-1,-1,1,1,1,-1,-1,-1,-1,0,0,
2026-04-14,21:04:16.100,7.62,,,,,,,,,,,,,,,,10,,,,,,,,,,,,,,,0,13,-1024,0,0,999,0,0,1,-1,-1,1,1,1,-1,-1,-1,-1,0,0,
2026-04-14,21:04:16.360,7.63,,,,,,,,,,,,,,,,10,,,,,,,,,,,,,,,0,13,-1024,0,0,1000,0,0,1,-1,-1,1,1,1,-1,-1,-1,-1,0,0,
2026-04-14,21:04:16.630,7.62,,,,,,,,,,,,,,,,10,,,,,,,,,,,,,,,0,14,-1024,0,0,1000,0,0,1,-1,-1,1,1,1,-1,-1,-1,-1,0,0,
2026-04-14,21:04:16.890,7.62,,,,,,,,,,,,,,,,10,,,,,,,,,,,,,,,0,13,-1024,0,0,1000,0,0,1,-1,-1,1,1,1,-1,-1,-1,-1,0,0,
2026-04-14,21:04:17.160,7.62,,,,,,,,,,,,,,,,10,,,,,,,,,,,,,,,0,14,-1024,0,0,999,0,0,1,-1,-1,1,1,1,-1,-1,-1,-1,0,0,
2026-04-14,21:04:17.430,7.62,,,,,,,,,,,,,,,,10,,,,,,,,,,,,,,,0,13,-1024,0,0,1000,0,0,1,-1,-1,1,1,1,-1,-1,-1,-1,0,0,
2026-04-14,21:04:17.690,7.62,,,,,,,,,,,,,,,,10,,,,,,,,,,,,,,,0,13,-1024,0,0,1000,0,0,1,-1,-1,1,1,1,-1,-1,-1,-1,0,0,
2026-04-14,21:04:17.950,7.62,,,,,,,,,,,,,,,,10,,,,,,,,,,,,,,,0,13,-1024,0,0,999,0,0,1,-1,-1,1,1,1,-1,-1,-1,-1,0,0,
2026-04-14,21:04:18.210,7.62,,,,,,,,,,,,,,,,10,,,,,,,,,,,,,,,0,13,-1024,0,0,999,0,0,1,-1,-1,1,1,1,-1,-1,-1,-1,0,0,
2026-04-14,21:04:18.470,7.63,,,,,,,,,,,,,,,,10,,,,,,,,,,,,,,,0,13,-1024,0,0,999,0,0,1,-1,-1,1,1,1,-1,-1,-1,-1,0,0,
2026-04-14,21:04:18.730,7.62,,,,,,,,,,,,,,,,10,,,,,,,,,,,,,,,0,13,-1024,0,0,999,0,0,1,-1,-1,1,1,1,-1,-1,-1,-1,0,0,
2026-04-14,21:04:18.990,7.63,,,,,,,,,,,,,,,,10,,,,,,,,,,,,,,,0,14,-1024,0,0,999,0,0,1,-1,-1,1,1,1,-1,-1,-1,-1,0,0,
2026-04-14,21:04:19.250,7.63,,,,,,,,,,,,,,,,10,,,,,,,,,,,,,,,0,13,-1024,0,0,999,0,0,1,-1,-1,1,1,1,-1,-1,-1,-1,0,0,
2026-04-14,21:04:19.510,7.63,,,,,,,,,,,,,,,,10,,,,,,,,,,,,,,,0,13,-1024,0,0,1000,0,0,1,-1,-1,1,1,1,-1,-1,-1,-1,0,0,
2026-04-14,21:04:19.770,7.62,,,,,,,,,,,,,,,,10,,,,,,,,,,,,,,,0,13,-1024,0,0,999,0,0,1,-1,-1,1,1,1,-1,-1,-1,-1,0,0,
2026-04-14,21:04:20.040,7.62,,,,,,,,,,,,,,,,10,,,,,,,,,,,,,,,0,13,-1024,0,0,999,0,0,1,-1,-1,1,1,1,-1,-1,-1,-1,0,0,
2026-04-14,21:04:20.300,7.62,,,,,,,,,,,,,,,,10,,,,,,,,,,,,,,,0,14,-1024,0,0,999,0,0,1,-1,-1,1,1,1,-1,-1,-1,-1,0,0,
2026-04-14,21:04:20.570,7.62,,,,,,,,,,,,,,,,10,,,,,,,,,,,,,,,0,13,-1024,0,0,999,0,0,1,-1,-1,1,1,1,-1,-1,-1,-1,0,0,
2026-04-14,21:04:20.840,7.62,,,,,,,,,,,,,,,,10,,,,,,,,,,,,,,,0,13,-1024,0,0,999,0,0,1,-1,-1,1,1,1,-1,-1,-1,-1,0,0,
2026-04-14,21:04:21.110,7.62,,,,,,,,,,,,,,,,10,,,,,,,,,,,,,,,0,13,-1024,0,0,1000,0,0,1,-1,-1,1,1,1,-1,-1,-1,-1,0,0,
2026-04-14,21:04:21.370,7.61,,,,,,,,,,,,,,,,10,,,,,,,,,,,,,,,0,13,-1024,0,0,999,0,0,1,-1,-1,1,1,1,-1,-1,-1,-1,0,0,
2026-04-14,21:04:21.640,7.61,,,,,,,,,,,,,,,,10,,,,,,,,,,,,,,,0,13,-1024,0,0,999,0,0,1,-1,-1,1,1,1,-1,-1,-1,-1,0,0,
2026-04-14,21:04:21.900,7.61,,,,,,,,,,,,,,,,10,,,,,,,,,,,,,,,0,13,-1024,0,0,1000,0,0,1,-1,-1,1,1,1,-1,-1,-1,-1,0,0,
2026-04-14,21:04:22.170,7.62,,,,,,,,,,,,,,,,10,,,,,,,,,,,,,,,0,13,-1024,0,0,999,0,0,1,-1,-1,1,1,1,-1,-1,-1,-1,0,0,
2026-04-14,21:04:22.440,7.62,,,,,,,,,,,,,,,,10,,,,,,,,,,,,,,,0,13,-1024,0,0,999,0,0,1,-1,-1,1,1,1,-1,-1,-1,-1,0,0,
2026-04-14,21:04:22.700,7.62,,,,,,,,,,,,,,,,10,,,,,,,,,,,,,,,0,13,-1024,0,0,1000,0,0,1,-1,-1,1,1,1,-1,-1,-1,-1,0,0,
2026-04-14,21:04:22.960,7.61,,,,,,,,,,,,,,,,10,,,,,,,,,,,,,,,0,13,-1024,0,0,999,0,0,1,-1,-1,1,1,1,-1,-1,-1,-1,0,0,
2026-04-14,21:04:23.220,7.62,,,,,,,,,,,,,,,,10,,,,,,,,,,,,,,,0,13,-1024,0,0,999,0,0,1,-1,-1,1,1,1,-1,-1,-1,-1,0,0,
2026-04-14,21:04:23.480,7.62,,,,,,,,,,,,,,,,10,,,,,,,,,,,,,,,0,13,-1024,0,0,999,0,0,1,-1,-1,1,1,1,-1,-1,-1,-1,0,0,
2026-04-14,21:04:23.740,7.62,,,,,,,,,,,,,,,,10,,,,,,,,,,,,,,,0,14,-1024,0,0,999,0,0,1,-1,-1,1,1,1,-1,-1,-1,-1,0,0,
2026-04-14,21:04:24.010,7.62,,,,,,,,,,,,,,,,10,,,,,,,,,,,,,,,0,13,-1024,0,0,1000,0,0,1,-1,-1,1,1,1,-1,-1,-1,-1,0,0,
2026-04-14,21:04:24.270,7.62,,,,,,,,,,,,,,,,10,,,,,,,,,,,,,,,0,13,-1024,0,0,999,0,0,1,-1,-1,1,1,1,-1,-1,-1,-1,0,0,
2026-04-14,21:04:24.540,7.62,,,,,,,,,,,,,,,,10,,,,,,,,,,,,,,,0,13,-1024,0,0,999,0,0,1,-1,-1,1,1,1,-1,-1,-1,-1,0,0,
2026-04-14,21:04:24.810,7.62,,,,,,,,,,,,,,,,10,,,,,,,,,,,,,,,0,13,-1024,0,0,1000,0,0,1,-1,-1,1,1,1,-1,-1,-1,-1,0,0,
2026-04-14,21:04:25.080,7.62,,,,,,,,,,,,,,,,10,,,,,,,,,,,,,,,0,13,-1024,0,0,1000,0,0,1,-1,-1,1,1,1,-1,-1,-1,-1,0,0,
2026-04-14,21:04:25.340,7.62,,,,,,,,,,,,,,,,10,,,,,,,,,,,,,,,0,14,-1024,0,0,999,0,0,1,-1,-1,1,1,1,-1,-1,-1,-1,0,0,
2026-04-14,21:04:25.610,7.62,,,,,,,,,,,,,,,,10,,,,,,,,,,,,,,,0,13,-1024,0,0,999,0,0,1,-1,-1,1,1,1,-1,-1,-1,-1,0,0,
2026-04-14,21:04:25.880,7.61,,,,,,,,,,,,,,,,10,,,,,,,,,,,,,,,0,13,-1024,0,0,999,0,0,1,-1,-1,1,1,1,-1,-1,-1,-1,0,0,
2026-04-14,21:04:26.140,7.62,,,,,,,,,,,,,,,,10,,,,,,,,,,,,,,,0,13,-1024,0,0,999,0,0,1,-1,-1,1,1,1,-1,-1,-1,-1,0,0,
2026-04-14,21:04:26.410,7.62,,,,,,,,,,,,,,,,10,,,,,,,,,,,,,,,0,13,-1024,0,0,999,0,0,1,-1,-1,1,1,1,-1,-1,-1,-1,0,0,
2026-04-14,21:04:26.680,7.62,,,,,,,,,,,,,,,,10,,,,,,,,,,,,,,,0,13,-1024,0,0,1000,0,0,1,-1,-1,1,1,1,-1,-1,-1,-1,0,0,
2026-04-14,21:04:26.940,7.62,,,,,,,,,,,,,,,,10,,,,,,,,,,,,,,,0,13,-1024,0,0,999,0,0,1,-1,-1,1,1,1,-1,-1,-1,-1,0,0,
2026-04-14,21:04:27.200,7.62,,,,,,,,,,,,,,,,10,,,,,,,,,,,,,,,0,13,-1024,0,0,999,0,0,1,-1,-1,1,1,1,-1,-1,-1,-1,0,0,
2026-04-14,21:04:27.460,7.63,,,,,,,,,,,,,,,,10,,,,,,,,,,,,,,,0,13,-1024,0,0,1000,0,0,1,-1,-1,1,1,1,-1,-1,-1,-1,0,0,
2026-04-14,21:04:27.720,7.63,,,,,,,,,,,,,,,,10,,,,,,,,,,,,,,,0,13,-1024,0,0,1000,0,0,1,-1,-1,1,1,1,-1,-1,-1,-1,0,0,
2026-04-14,21:04:27.980,7.63,,,,,,,,,,,,,,,,10,,,,,,,,,,,,,,,0,13,-1024,0,0,999,0,0,1,-1,-1,1,1,1,-1,-1,-1,-1,0,0,
2026-04-14,21:04:28.250,7.62,,,,,,,,,,,,,,,,10,,,,,,,,,,,,,,,0,14,-1024,0,0,999,0,0,1,-1,-1,1,1,1,-1,-1,-1,-1,0,0,
2026-04-14,21:04:28.510,7.62,,,,,,,,,,,,,,,,10,,,,,,,,,,,,,,,0,13,-1024,0,0,999,0,0,1,-1,-1,1,1,1,-1,-1,-1,-1,0,0,
2026-04-14,21:04:28.770,7.62,,,,,,,,,,,,,,,,10,,,,,,,,,,,,,,,0,14,-1024,0,0,999,0,0,1,-1,-1,1,1,1,-1,-1,-1,-1,0,0,
2026-04-14,21:04:29.030,7.62,,,,,,,,,,,,,,,,10,,,,,,,,,,,,,,,0,14,-1024,0,0,999,0,0,1,-1,-1,1,1,1,-1,-1,-1,-1,0,0,
2026-04-14,21:04:29.300,7.62,,,,,,,,,,,,,,,,10,,,,,,,,,,,,,,,0,14,-1024,0,0,1000,0,0,1,-1,-1,1,1,1,-1,-1,-1,-1,0,0,
2026-04-14,21:04:29.570,7.62,,,,,,,,,,,,,,,,10,,,,,,,,,,,,,,,0,14,-1024,0,0,999,0,0,1,-1,-1,1,1,1,-1,-1,-1,-1,0,0,
2026-04-14,21:04:29.830,7.62,,,,,,,,,,,,,,,,10,,,,,,,,,,,,,,,0,13,-1024,0,0,999,0,0,1,-1,-1,1,1,1,-1,-1,-1,-1,0,0,
2026-04-14,21:04:30.100,7.62,,,,,,,,,,,,,,,,10,,,,,,,,,,,,,,,0,13,-1024,0,0,999,0,0,1,-1,-1,1,1,1,-1,-1,-1,-1,0,0,
2026-04-14,21:04:30.370,7.62,,,,,,,,,,,,,,,,10,,,,,,,,,,,,,,,0,13,-1024,0,0,999,0,0,1,-1,-1,1,1,1,-1,-1,-1,-1,0,0,
2026-04-14,21:04:30.630,7.62,,,,,,,,,,,,,,,,10,,,,,,,,,,,,,,,0,13,-1024,0,0,999,0,0,1,-1,-1,1,1,1,-1,-1,-1,-1,0,0,
2026-04-14,21:04:30.900,7.62,,,,,,,,,,,,,,,,10,,,,,,,,,,,,,,,0,13,-1024,0,0,1000,0,0,1,-1,-1,1,1,1,-1,-1,-1,-1,0,0,
2026-04-14,21:04:31.170,7.62,,,,,,,,,,,,,,,,10,,,,,,,,,,,,,,,0,13,-1024,0,0,999,0,0,1,-1,-1,1,1,1,-1,-1,-1,-1,0,0,
2026-04-14,21:04:31.440,7.62,,,,,,,,,,,,,,,,10,,,,,,,,,,,,,,,0,14,-1024,0,0,1000,0,0,1,-1,-1,1,1,1,-1,-1,-1,-1,0,0,
2026-04-14,21:04:31.700,7.62,,,,,,,,,,,,,,,,10,,,,,,,,,,,,,,,0,14,-1024,0,0,999,0,0,1,-1,-1,1,1,1,-1,-1,-1,-1,0,0,
2026-04-14,21:04:31.970,7.62,,,,,,,,,,,,,,,,10,,,,,,,,,,,,,,,0,14,-1024,0,0,999,0,0,1,-1,-1,1,1,1,-1,-1,-1,-1,0,0,
2026-04-14,21:04:32.230,7.62,,,,,,,,,,,,,,,,10,,,,,,,,,,,,,,,0,13,-1024,0,0,1000,0,0,1,-1,-1,1,1,1,-1,-1,-1,-1,0,0,
2026-04-14,21:04:32.500,7.62,,,,,,,,,,,,,,,,10,,,,,,,,,,,,,,,0,13,-1024,0,0,999,0,0,1,-1,-1,1,1,1,-1,-1,-1,-1,0,0,
2026-04-14,21:04:32.770,7.62,,,,,,,,,,,,,,,,10,,,,,,,,,,,,,,,0,14,-1024,0,0,999,0,0,1,-1,-1,1,1,1,-1,-1,-1,-1,0,0,
2026-04-14,21:04:33.030,7.62,,,,,,,,,,,,,,,,10,,,,,,,,,,,,,,,0,13,-1024,0,0,999,0,0,1,-1,-1,1,1,1,-1,-1,-1,-1,0,0,
2026-04-14,21:04:33.300,7.62,,,,,,,,,,,,,,,,10,,,,,,,,,,,,,,,0,13,-1024,0,0,999,0,0,1,-1,-1,1,1,1,-1,-1,-1,-1,0,0,
2026-04-14,21:04:33.560,7.62,,,,,,,,,,,,,,,,10,,,,,,,,,,,,,,,0,14,-1024,0,0,999,0,0,1,-1,-1,1,1,1,-1,-1,-1,-1,0,0,
2026-04-14,21:04:33.830,7.62,,,,,,,,,,,,,,,,10,,,,,,,,,,,,,,,0,13,-1024,0,0,1000,0,0,1,-1,-1,1,1,1,-1,-1,-1,-1,0,0,
2026-04-14,21:04:34.090,7.62,,,,,,,,,,,,,,,,10,,,,,,,,,,,,,,,0,13,-1024,0,0,1000,0,0,1,-1,-1,1,1,1,-1,-1,-1,-1,0,0,
2026-04-14,21:04:34.350,7.62,,,,,,,,,,,,,,,,10,,,,,,,,,,,,,,,0,13,-1024,0,0,999,0,0,1,-1,-1,1,1,1,-1,-1,-1,-1,0,0,
2026-04-14,21:04:34.610,7.61,,,,,,,,,,,,,,,,10,,,,,,,,,,,,,,,0,13,-1024,0,0,999,0,0,1,-1,-1,1,1,1,-1,-1,-1,-1,0,0,
2026-04-14,21:04:34.870,7.61,,,,,,,,,,,,,,,,10,,,,,,,,,,,,,,,0,13,-1024,0,0,999,0,0,1,-1,-1,1,1,1,-1,-1,-1,-1,0,0,
2026-04-14,21:04:35.130,7.62,,,,,,,,,,,,,,,,10,,,,,,,,,,,,,,,0,13,-1024,0,0,999,0,0,1,-1,-1,1,1,1,-1,-1,-1,-1,0,0,
2026-04-14,21:04:35.390,7.62,,,,,,,,,,,,,,,,10,,,,,,,,,,,,,,,0,13,-1024,0,0,999,0,0,1,-1,-1,1,1,1,-1,-1,-1,-1,0,0,
2026-04-14,21:04:35.650,7.62,,,,,,,,,,,,,,,,10,,,,,,,,,,,,,,,0,13,-1024,0,0,999,0,0,1,-1,-1,1,1,1,-1,-1,-1,-1,0,0,
2026-04-14,21:04:35.910,7.62,,,,,,,,,,,,,,,,10,,,,,,,,,,,,,,,0,14,-1024,0,0,1000,0,0,1,-1,-1,1,1,1,-1,-1,-1,-1,0,0,
2026-04-14,21:04:36.180,7.62,,,,,,,,,,,,,,,,10,,,,,,,,,,,,,,,0,13,-1024,0,0,999,0,0,1,-1,-1,1,1,1,-1,-1,-1,-1,0,0,
2026-04-14,21:04:36.440,7.62,,,,,,,,,,,,,,,,10,,,,,,,,,,,,,,,0,14,-1024,0,0,1000,0,0,1,-1,-1,1,-1,1,-1,-1,-1,-1,0,0,
2026-04-14,21:04:36.710,7.62,,,,,,,,,,,,,,,,10,,,,,,,,,,,,,,,0,13,-1024,0,0,1000,0,0,1,-1,-1,1,-1,1,-1,-1,-1,-1,0,0,
2026-04-14,21:04:36.980,7.61,,,,,,,,,,,,,,,,10,,,,,,,,,,,,,,,0,-98,-1024,0,0,999,0,0,1,-1,-1,1,-1,1,-1,-1,-1,-1,0,0,
2026-04-14,21:04:37.240,7.62,,,,,,,,,,,,,,,,10,,,,,,,,,,,,,,,-109,-178,-1024,0,0,1000,0,0,1,-1,-1,1,-1,1,-1,-1,-1,-1,0,0,
2026-04-14,21:04:37.510,7.62,,,,,,,,,,,,,,,,10,,,,,,,,,,,,,,,0,-485,-1024,0,0,999,0,0,1,-1,-1,1,-1,1,-1,-1,-1,-1,0,0,
2026-04-14,21:04:37.770,7.61,,,,,,,,,,,,,,,,10,,,,,,,,,,,,,,,0,-112,-1024,0,0,1000,0,0,1,-1,-1,1,-1,1,-1,-1,-1,-1,0,0,
2026-04-14,21:04:38.030,7.62,,,,,,,,,,,,,,,,10,,,,,,,,,,,,,,,0,13,-1024,0,0,999,0,0,1,-1,-1,1,-1,1,-1,-1,-1,-1,0,0,
2026-04-14,21:04:38.290,7.62,,,,,,,,,,,,,,,,10,,,,,,,,,,,,,,,0,14,-1024,0,0,999,0,0,1,-1,-1,1,-1,1,-1,-1,-1,-1,0,0,
2026-04-14,21:04:38.550,7.62,,,,,,,,,,,,,,,,10,,,,,,,,,,,,,,,0,14,-1024,0,0,999,0,0,1,-1,-1,1,-1,1,-1,-1,-1,-1,0,0,
2026-04-14,21:04:38.810,7.62,,,,,,,,,,,,,,,,10,,,,,,,,,,,,,,,0,13,-1024,0,0,1000,0,0,1,-1,-1,1,-1,1,-1,-1,-1,-1,0,0,
2026-04-14,21:04:39.070,7.62,,,,,,,,,,,,,,,,10,,,,,,,,,,,,,,,0,14,-1024,0,0,999,0,0,1,-1,-1,1,-1,1,-1,-1,-1,-1,0,0,
2026-04-14,21:04:39.340,7.62,,,,,,,,,,,,,,,,10,,,,,,,,,,,,,,,0,14,-1024,0,0,999,0,0,1,-1,-1,1,-1,1,-1,-1,-1,-1,0,0,
2026-04-14,21:04:39.600,7.62,,,,,,,,,,,,,,,,10,,,,,,,,,,,,,,,0,14,-1024,0,0,999,0,0,1,-1,-1,1,-1,1,-1,-1,-1,-1,0,0,
2026-04-14,21:04:39.870,7.62,,,,,,,,,,,,,,,,10,,,,,,,,,,,,,,,0,14,-1024,0,0,999,0,0,1,-1,-1,1,-1,1,-1,-1,-1,-1,0,0,
2026-04-14,21:04:40.130,7.62,,,,,,,,,,,,,,,,10,,,,,,,,,,,,,,,0,14,-1024,0,0,999,0,0,1,-1,-1,1,-1,1,-1,-1,-1,-1,0,0,
2026-04-14,21:04:40.400,7.62,,,,,,,,,,,,,,,,10,,,,,,,,,,,,,,,0,13,-1024,0,0,999,0,0,1,-1,-1,1,-1,1,-1,-1,-1,-1,0,0,
2026-04-14,21:04:40.670,7.62,,,,,,,,,,,,,,,,10,,,,,,,,,,,,,,,0,13,-1024,0,0,999,0,0,1,-1,-1,1,-1,1,-1,-1,-1,-1,0,0,
2026-04-14,21:04:40.940,7.62,,,,,,,,,,,,,,,,10,,,,,,,,,,,,,,,0,13,-1024,0,0,999,0,0,1,-1,-1,1,-1,1,-1,-1,-1,-1,0,0,
2026-04-14,21:04:41.210,7.62,,,,,,,,,,,,,,,,10,,,,,,,,,,,,,,,0,13,-1024,0,0,999,0,0,1,-1,-1,1,-1,1,-1,-1,-1,-1,0,0,
2026-04-14,21:04:41.470,7.63,,,,,,,,,,,,,,,,10,,,,,,,,,,,,,,,0,13,-1024,0,0,1000,0,0,1,-1,-1,1,-1,1,-1,-1,-1,-1,0,0,
2026-04-14,21:04:41.740,7.62,,,,,,,,,,,,,,,,10,,,,,,,,,,,,,,,0,14,-1024,0,0,999,0,0,1,-1,-1,1,-1,1,-1,-1,-1,-1,0,0,
2026-04-14,21:04:42.000,7.62,,,,,,,,,,,,,,,,10,,,,,,,,,,,,,,,0,13,-1024,0,0,999,0,0,1,-1,-1,1,-1,1,-1,-1,-1,-1,0,0,
2026-04-14,21:04:42.270,7.62,,,,,,,,,,,,,,,,10,,,,,,,,,,,,,,,0,13,-1024,0,0,999,0,0,1,-1,-1,1,-1,1,-1,-1,-1,-1,0,0,
2026-04-14,21:04:42.530,7.62,,,,,,,,,,,,,,,,10,,,,,,,,,,,,,,,0,-228,-1024,-147,0,1000,0,0,1,-1,-1,1,-1,1,-1,-1,-1,-1,0,0,
2026-04-14,21:04:42.800,7.62,,,,,,,,,,,,,,,,10,,,,,,,,,,,,,,,0,13,-1024,0,0,1000,0,0,1,-1,-1,1,-1,1,-1,-1,-1,-1,0,0,
2026-04-14,21:04:43.070,7.62,,,,,,,,,,,,,,,,10,,,,,,,,,,,,,,,0,13,-1024,0,0,999,0,0,1,-1,-1,1,-1,1,-1,-1,-1,-1,0,0,
2026-04-14,21:04:43.330,7.62,,,,,,,,,,,,,,,,10,,,,,,,,,,,,,,,0,13,-1024,0,0,1000,0,0,1,-1,-1,1,-1,1,-1,-1,-1,-1,0,0,
2026-04-14,21:04:43.590,7.62,,,,,,,,,,,,,,,,10,,,,,,,,,,,,,,,0,14,-1024,0,0,999,0,0,1,-1,-1,1,-1,1,-1,-1,-1,-1,0,0,
2026-04-14,21:04:43.850,7.62,,,,,,,,,,,,,,,,10,,,,,,,,,,,,,,,0,14,-1024,0,0,999,0,0,1,-1,-1,1,-1,1,-1,-1,-1,-1,0,0,
2026-04-14,21:04:44.110,7.62,100,100,100,-0.049,16.88,76,0,8.02,-0.096,1.034,10.00,93,0,9.06,-12.23,10,0.00,,,,,,,,,,,,,,0,14,-1024,0,0,1000,0,0,1,-1,-1,1,-1,1,-1,-1,-1,-1,0,0,
2026-04-14,21:04:44.380,7.62,100,100,100,-0.025,17.31,84,0,8.05,-0.146,1.005,8.11,96,0,10.23,-13.56,10,0.00,4.04,4.04,4.04,4.04,4.04,4.04,4.04,4.04,0.04,0.0,-30,-30,0.0,0,13,-1024,0,0,999,0,0,1,-1,-1,1,-1,1,-1,-1,-1,-1,0,0,
2026-04-14,21:04:44.640,7.62,100,100,100,-0.051,17.33,90,0,8.06,-0.148,0.950,2.96,98,0,12.86,-16.83,10,0.00,4.04,4.04,4.04,4.04,4.04,4.04,4.04,4.04,0.03,0.0,-30,-30,0.0,0,14,-1024,0,0,999,0,0,1,-1,-1,1,-1,1,-1,-1,-1,-1,0,0,
2026-04-14,21:04:44.900,7.61,100,100,39,-0.052,17.29,91,0,8.06,-0.115,0.988,0.84,99,0,16.06,-20.81,10,0.00,4.04,4.04,4.04,4.04,4.04,4.04,4.04,4.04,0.03,0.0,-30,-30,0.0,0,14,-1024,0,0,999,0,0,1,-1,-1,1,-1,1,-1,-1,-1,-1,0,0,
2026-04-14,21:04:45.170,7.61,100,100,35,-0.044,17.32,92,0,8.07,-0.136,0.989,0.38,100,0,17.88,-22.85,10,0.00,4.04,4.04,4.04,4.04,4.04,4.04,4.04,4.04,0.02,0.0,-30,-30,0.0,0,14,-1024,0,0,1000,0,0,1,-1,-1,1,-1,1,-1,-1,-1,-1,0,0,
2026-04-14,21:04:45.430,7.61,100,100,42,-0.064,17.32,94,0,8.07,-0.129,0.970,0.11,100,0,22.09,-27.37,10,0.00,4.04,4.04,4.04,4.04,4.04,4.04,4.04,4.04,0.02,0.0,-30,-30,0.0,0,-274,-1024,-27,0,999,0,0,1,-1,-1,1,-1,1,-1,-1,-1,-1,0,0,
2026-04-14,21:04:45.700,7.61,100,100,49,-0.066,17.41,95,0,8.00,-0.113,0.992,0.17,100,0,24.56,-29.85,10,0.00,4.04,4.04,4.04,4.04,4.04,4.04,4.04,4.04,0.02,0.0,-30,-30,0.0,0,-359,-1024,0,0,999,0,0,1,-1,-1,1,-1,1,-1,-1,-1,-1,0,0,
2026-04-14,21:04:45.970,7.61,100,100,55,-0.068,17.55,96,0,8.04,-0.138,1.000,0.38,100,0,30.42,-34.99,10,0.00,4.04,4.04,4.04,4.04,4.04,4.04,4.05,4.04,0.02,0.0,-30,-30,0.0,0,17,-1024,0,0,1000,0,0,1,-1,-1,1,-1,1,-1,-1,-1,-1,0,0,
2026-04-14,21:04:46.230,7.61,100,100,62,-0.062,17.57,96,0,8.05,-0.142,1.024,0.27,100,0,37.68,-40.20,10,0.00,4.04,4.04,4.04,4.04,4.04,4.04,4.05,4.04,0.01,0.0,-30,-30,0.0,0,15,-1024,0,0,1000,0,0,1,-1,-1,1,-1,1,-1,-1,-1,-1,0,0,
2026-04-14,21:04:46.500,7.62,100,100,68,-0.057,17.47,96,0,8.06,-0.163,0.988,-0.16,100,0,42.04,-42.84,10,0.00,4.04,4.04,4.04,4.04,4.04,4.04,4.05,4.04,0.01,0.0,-30,-30,0.0,0,15,-1024,0,0,999,0,0,1,-1,-1,1,-1,1,-1,-1,-1,-1,0,0,
2026-04-14,21:04:46.760,7.62,100,100,74,-0.057,17.39,96,0,8.07,-0.151,0.992,-0.27,100,0,52.47,-47.84,10,0.00,4.04,4.04,4.04,4.04,4.04,4.04,4.05,4.04,0.01,0.0,-30,-30,0.0,0,15,-1024,0,0,999,0,0,1,-1,-1,1,-1,1,-1,-1,-1,-1,0,0,
2026-04-14,21:04:47.020,7.62,100,100,81,-0.072,17.34,96,0,8.07,-0.135,1.010,-0.25,100,0,58.68,-50.03,10,0.00,4.04,4.04,4.04,4.04,4.05,4.04,4.05,4.04,0.01,0.0,-30,-30,0.0,0,15,-1024,0,0,1000,0,0,1,-1,-1,1,-1,1,-1,-1,-1,-1,0,0,
2026-04-14,21:04:47.290,7.62,100,100,87,-0.075,17.38,96,0,8.07,-0.133,0.978,0.00,100,0,72.79,-53.29,10,0.00,4.04,4.04,4.04,4.04,4.05,4.04,4.04,4.04,0.01,0.0,-30,-30,0.0,0,15,-1024,0,0,1000,0,0,1,-1,-1,1,-1,1,-1,-1,-1,-1,0,0,
2026-04-14,21:04:47.560,7.62,100,100,94,-0.039,17.37,95,0,8.07,-0.117,0.986,-0.01,100,0,88.74,-54.73,10,0.00,4.04,4.04,4.04,4.04,4.05,4.04,4.04,4.04,0.01,0.0,-30,-30,0.0,0,15,-1024,0,0,999,0,0,1,-1,-1,1,-1,1,-1,-1,-1,-1,0,0,
2026-04-14,21:04:47.820,7.62,100,100,99,-0.070,17.37,95,0,8.07,-0.107,0.963,-0.01,100,0,96.81,-54.68,10,0.00,4.04,4.04,4.04,4.04,4.05,4.04,4.04,4.04,0.01,0.0,-30,-30,0.0,0,15,-1024,0,0,999,0,0,1,-1,-1,1,-1,1,-1,-1,-1,-1,0,0,
2026-04-14,21:04:48.090,7.62,100,100,99,-0.076,17.39,96,0,8.07,-0.115,0.998,0.02,100,0,112.02,-53.05,10,0.00,4.04,4.04,4.04,4.04,4.04,4.04,4.04,4.04,0.00,0.0,-30,-30,0.0,0,15,-1024,0,0,999,0,0,1,-1,-1,1,-1,1,-1,-1,-1,-1,0,0,
2026-04-14,21:04:48.360,7.62,100,100,99,-0.060,17.46,97,0,8.07,-0.147,0.945,0.14,100,0,118.66,-51.67,10,0.00,4.04,4.04,4.04,4.04,4.04,4.04,4.05,4.04,0.00,0.0,-30,-30,0.0,0,15,-1024,0,0,999,0,0,1,-1,-1,1,-1,1,-1,-1,-1,-1,0,0,
2026-04-14,21:04:48.620,7.62,100,100,99,-0.070,17.50,97,0,8.07,-0.142,0.999,0.14,100,0,130.13,-48.07,10,0.00,4.04,4.04,4.04,4.04,4.04,4.04,4.05,4.04,0.00,0.0,-30,-30,0.0,0,14,-1024,0,0,999,0,0,1,-1,-1,1,-1,1,-1,-1,1,-1,0,0,
2026-04-14,21:04:48.880,7.62,100,100,99,-0.074,17.50,97,0,8.07,-0.132,1.000,0.07,99,0,139.07,-44.07,10,0.00,4.04,4.04,4.04,4.04,4.04,4.04,4.05,4.04,0.00,0.0,-30,-30,0.0,0,15,-1024,0,0,1000,0,0,1,-1,-1,1,-1,1,-1,-1,1,-1,0,0,
2026-04-14,21:04:49.140,7.62,100,100,99,-0.067,17.51,97,0,8.07,-0.135,0.966,0.07,100,0,142.78,-42.09,10,0.00,4.04,4.04,4.04,4.04,4.04,4.04,4.05,4.04,0.00,0.0,-30,-30,0.0,0,14,-1024,0,0,1000,0,0,1,-1,-1,1,-1,1,-1,-1,1,-1,0,0,
2026-04-14,21:04:49.410,7.62,100,100,99,-0.053,17.53,97,0,8.07,-0.128,0.985,0.07,100,0,148.98,-37.86,10,0.00,4.04,4.04,4.04,4.04,4.04,4.04,4.05,4.04,0.00,0.0,-30,-30,0.0,0,14,-1024,0,0,999,0,0,1,-1,-1,1,-1,1,-1,-1,1,-1,0,0,
2026-04-14,21:04:49.680,7.62,100,100,99,-0.057,17.49,97,0,8.07,-0.113,0.976,-0.04,100,0,151.55,-35.89,10,0.00,4.04,4.04,4.04,4.04,4.04,4.04,4.05,4.04,0.00,0.0,-30,-30,0.0,0,15,-1024,0,0,999,0,0,1,-1,-1,1,-1,1,-1,-1,1,-1,0,0,
2026-04-14,21:04:49.940,7.62,100,100,99,-0.042,17.47,97,0,8.07,-0.131,0.979,-0.08,100,0,155.90,-32.28,10,0.00,4.04,4.04,4.04,4.04,4.04,4.04,4.05,4.04,0.00,0.0,-30,-30,0.0,0,15,-1024,0,0,999,0,0,1,-1,-1,1,-1,1,-1,-1,1,-1,0,0,
2026-04-14,21:04:50.210,7.62,100,100,99,-0.042,17.47,97,0,8.07,-0.114,0.997,-0.06,100,0,159.40,-29.02,10,0.00,4.04,4.04,4.04,4.04,4.04,4.04,4.05,4.04,0.00,0.0,-30,-30,0.0,0,14,-1024,0,0,999,0,0,1,-1,-1,1,-1,1,-1,-1,1,-1,0,0,
2026-04-14,21:04:50.480,7.62,100,100,100,-0.045,17.48,97,0,8.07,-0.119,0.979,0.02,100,0,160.88,-27.55,10,0.00,4.04,4.04,4.04,4.04,4.04,4.04,4.05,4.04,0.00,0.0,-30,-30,0.0,0,15,-1024,0,0,1000,0,0,1,-1,-1,1,-1,1,-1,-1,1,-1,0,0,
2026-04-14,21:04:50.740,7.62,100,100,100,-0.073,17.46,97,0,8.07,-0.104,0.979,-0.02,100,0,163.43,-24.86,10,0.00,4.04,4.04,4.04,4.04,4.04,4.04,4.05,4.04,0.00,0.0,-30,-30,0.0,0,14,-1024,0,0,999,0,0,1,-1,-1,1,-1,1,-1,-1,-1,-1,0,0,
2026-04-14,21:04:51.010,7.61,100,100,100,-0.062,17.43,97,0,8.07,-0.111,0.982,-0.09,100,0,164.53,-23.67,10,0.00,4.04,4.04,4.04,4.04,4.04,4.04,4.05,4.04,0.00,0.0,-30,-30,0.0,0,15,-1024,0,0,999,0,0,1,-1,-1,1,-1,1,-1,-1,1,-1,0,0,
2026-04-14,21:04:51.280,7.62,100,100,100,-0.062,17.40,97,0,8.07,-0.124,0.968,-0.08,100,0,166.43,-21.54,10,0.00,4.04,4.04,4.04,4.04,4.04,4.04,4.05,4.04,0.00,0.0,-30,-30,0.0,0,15,-1024,0,0,999,0,0,1,-1,-1,1,-1,1,-1,-1,1,-1,0,0,
2026-04-14,21:04:51.540,7.62,100,100,100,-0.053,17.43,97,0,8.07,-0.130,0.983,0.00,100,0,167.24,-20.57,10,0.00,4.04,4.04,4.04,4.04,4.04,4.04,4.05,4.04,0.00,0.0,-30,-30,0.0,0,15,-1024,0,0,999,0,0,1,-1,-1,1,-1,1,-1,-1,1,-1,0,0,
2026-04-14,21:04:51.800,7.62,100,100,100,-0.052,17.49,98,0,8.07,-0.117,0.980,0.13,100,0,168.68,-18.89,10,0.00,4.04,4.04,4.04,4.04,4.04,4.04,4.05,4.04,0.00,0.0,-30,-30,0.0,0,15,-1024,0,0,1000,0,0,1,-1,-1,1,-1,1,-1,-1,-1,-1,0,0,
2026-04-14,21:04:52.060,7.62,100,100,100,-0.050,17.52,97,0,8.07,-0.124,0.969,0.13,100,0,169.88,-17.47,10,0.00,4.04,4.04,4.04,4.04,4.04,4.04,4.05,4.04,0.00,0.0,-30,-30,0.0,0,-528,-1024,0,0,1000,0,0,1,-1,-1,1,-1,1,-1,-1,-1,-1,0,0,
2026-04-14,21:04:52.320,7.62,100,100,100,-0.058,17.45,95,0,8.01,-0.099,0.988,-0.08,100,0,170.39,-16.81,10,0.00,4.04,4.04,4.04,4.04,4.04,4.04,4.05,4.04,0.00,0.0,-30,-30,0.0,0,-390,-1024,0,0,999,0,0,1,-1,-1,1,-1,1,-1,-1,-1,-1,0,0,
2026-04-14,21:04:52.590,7.62,100,100,100,-0.052,17.45,93,0,8.05,-0.129,0.957,-0.01,100,0,171.32,-15.71,10,0.00,4.04,4.04,4.04,4.04,4.04,4.04,4.05,4.04,0.00,0.0,-30,-30,0.0,0,11,-1024,0,0,1000,0,0,1,-1,-1,1,-1,1,-1,-1,-1,-1,0,0,
2026-04-14,21:04:52.850,7.61,100,100,100,-0.052,17.44,92,0,8.06,-0.116,0.971,-0.07,100,0,171.69,-15.23,10,0.00,4.04,4.04,4.04,4.04,4.04,4.04,4.05,4.04,0.00,0.0,-30,-30,0.0,0,13,-1024,0,0,999,0,0,1,-1,-1,1,-1,1,-1,-1,-1,-1,0,0,
2026-04-14,21:04:53.120,7.62,100,100,100,-0.084,17.44,91,0,8.06,-0.144,0.949,-0.02,100,0,172.40,-14.40,10,0.00,4.04,4.04,4.04,4.04,4.04,4.04,4.05,4.04,0.00,0.0,-30,-30,0.0,0,14,-1024,0,0,999,0,0,1,-1,-1,1,-1,1,-1,-1,-1,-1,0,0,
2026-04-14,21:04:53.390,7.62,99,100,100,-0.062,17.40,91,0,8.07,-0.139,0.959,-0.07,100,0,172.97,-13.67,10,0.00,4.04,4.04,4.04,4.04,4.04,4.04,4.05,4.04,0.00,0.0,-30,-30,0.0,0,14,-1024,0,0,1000,0,0,1,-1,-1,1,1,1,-1,-1,-1,-1,0,0,
2026-04-14,21:04:53.660,7.61,99,99,99,-0.100,17.38,92,0,8.00,-0.126,0.999,-0.11,100,0,173.24,-13.30,10,0.00,4.04,4.04,4.04,4.04,4.04,4.04,4.05,4.04,0.00,0.0,-30,-30,0.0,0,14,-1024,0,0,999,0,0,1,-1,-1,1,1,1,-1,-1,-1,-1,0,0,
2026-04-14,21:04:53.920,7.62,99,99,99,-0.066,17.47,93,0,7.98,-0.106,1.018,0.18,100,0,173.66,-12.67,10,0.00,4.04,4.04,4.04,4.04,4.04,4.04,4.05,4.04,0.00,0.0,-30,-30,0.0,0,13,-1024,0,0,999,0,0,1,-1,-1,1,1,1,-1,-1,-1,-1,0,0,
2026-04-14,21:04:54.190,7.62,100,100,99,-0.068,17.45,94,0,7.98,-0.145,0.998,0.06,100,0,173.85,-12.43,10,0.00,4.04,4.04,4.04,4.04,4.04,4.04,4.05,4.04,0.00,0.0,-30,-30,0.0,0,13,-1024,0,0,1000,0,0,1,-1,-1,1,1,1,-1,-1,1,-1,0,0,
2026-04-14,21:04:54.450,7.62,100,100,99,-0.030,17.47,94,0,7.97,-0.148,0.961,0.02,100,0,174.18,-11.99,10,0.00,4.04,4.04,4.04,4.04,4.04,4.04,4.05,4.04,0.00,0.0,-30,-30,0.0,0,14,-1024,0,0,999,0,0,1,-1,-1,1,1,1,-1,-1,1,-1,0,0,
2026-04-14,21:04:54.710,7.62,100,100,99,-0.035,17.51,94,0,7.97,-0.139,0.986,0.08,100,0,174.50,-11.57,10,0.00,4.04,4.04,4.04,4.04,4.04,4.04,4.05,4.04,0.00,0.0,-30,-30,0.0,0,14,-1024,0,0,1000,0,0,1,-1,-1,1,1,1,-1,-1,1,-1,0,0,
2026-04-14,21:04:54.980,7.62,100,100,99,-0.064,17.49,94,0,7.97,-0.146,1.013,0.04,100,0,174.63,-11.44,10,0.00,4.04,4.04,4.04,4.04,4.04,4.04,4.05,4.04,0.00,0.0,-30,-30,0.0,0,14,-1024,0,0,999,0,0,1,-1,-1,1,1,1,-1,-1,1,-1,0,0,
2026-04-14,21:04:55.240,7.62,100,100,99,-0.065,17.49,94,0,7.97,-0.132,0.984,-0.03,100,0,174.86,-11.23,10,0.00,4.04,4.04,4.04,4.04,4.04,4.04,4.05,4.04,0.00,0.0,-30,-30,0.0,0,14,-1024,0,0,999,0,0,1,-1,-1,1,1,1,-1,-1,1,-1,0,0,
2026-04-14,21:04:55.500,7.62,100,100,99,-0.062,17.46,94,0,7.97,-0.145,0.970,-0.04,100,0,174.97,-11.12,10,0.00,4.04,4.04,4.04,4.04,4.04,4.04,4.05,4.04,0.00,0.0,-30,-30,0.0,0,14,-1024,0,0,1000,0,0,1,-1,-1,1,1,1,-1,-1,1,-1,0,0,
2026-04-14,21:04:55.760,7.62,100,100,99,-0.086,17.48,94,0,7.97,-0.124,0.971,0.00,100,0,175.15,-10.87,10,0.00,4.04,4.04,4.04,4.04,4.04,4.04,4.05,4.04,0.00,0.0,-30,-30,0.0,0,14,-1024,0,0,999,0,0,1,-1,-1,1,1,1,-1,-1,1,-1,0,0,
2026-04-14,21:04:56.020,7.61,100,100,99,-0.087,17.47,94,0,7.97,-0.130,0.955,-0.01,100,0,175.20,-10.74,10,0.00,4.04,4.04,4.04,4.04,4.04,4.04,4.05,4.04,0.00,0.0,-30,-30,0.0,0,14,-1024,0,0,999,0,0,1,-1,-1,1,1,1,-1,-1,1,-1,0,0,
2026-04-14,21:04:56.280,7.62,100,100,99,-0.063,17.47,94,0,7.97,-0.134,0.945,-0.02,100,0,175.31,-10.56,10,0.00,4.04,4.04,4.03,4.04,4.04,4.04,4.05,4.04,0.00,0.0,-30,-30,0.0,0,14,-1024,0,0,1000,0,0,1,-1,-1,1,1,1,-1,-1,1,-1,0,0,
2026-04-14,21:04:56.540,7.62,99,99,99,-0.049,17.45,94,0,7.97,-0.130,0.951,0.01,100,0,175.43,-10.50,10,0.00,4.04,4.04,4.03,4.04,4.04,4.04,4.05,4.04,0.00,0.0,-30,-30,0.0,0,14,-1024,0,0,999,0,0,1,-1,-1,1,1,1,-1,-1,1,-1,0,0,
2026-04-14,21:04:56.810,7.61,99,99,99,-0.053,17.42,93,0,7.97,-0.116,0.971,-0.02,100,0,175.48,-10.41,10,0.00,4.04,4.04,4.03,4.04,4.04,4.04,4.05,4.04,0.00,0.0,-30,-30,0.0,0,14,-1024,0,0,999,0,0,1,-1,-1,1,1,1,-1,-1,1,-1,0,0,
2026-04-14,21:04:57.080,7.62,99,99,99,-0.062,17.47,93,0,7.97,-0.127,0.967,0.10,100,0,175.57,-10.26,10,0.00,4.04,4.04,4.03,4.04,4.04,4.04,4.05,4.04,0.00,0.0,-30,-30,0.0,0,13,-1024,0,0,999,0,0,1,-1,-1,1,1,1,-1,-1,1,-1,0,0,
2026-04-14,21:04:57.340,7.62,100,100,99,-0.078,17.48,93,0,7.97,-0.130,0.985,0.11,100,0,175.61,-10.21,10,0.00,4.04,4.04,4.03,4.04,4.04,4.04,4.05,4.04,0.00,0.0,-30,-30,0.0,0,14,-1024,0,0,1000,0,0,1,-1,-1,1,1,1,-1,-1,1,-1,0,0,
2026-04-14,21:04:57.600,7.62,100,100,99,-0.065,17.43,93,0,7.97,-0.125,0.976,-0.06,100,0,175.67,-10.13,10,0.00,4.04,4.04,4.03,4.04,4.04,4.04,4.05,4.04,0.00,0.0,-30,-30,0.0,0,13,-1024,0,0,999,0,0,1,-1,-1,1,1,1,-1,-1,1,-1,0,0,
2026-04-14,21:04:57.870,7.62,100,100,100,-0.051,17.40,93,0,7.97,-0.135,0.979,-0.09,100,0,175.71,-10.03,10,0.00,4.04,4.04,4.03,4.04,4.04,4.04,4.05,4.04,0.00,0.0,-30,-30,0.0,0,14,-1024,0,0,999,0,0,1,-1,-1,1,1,1,-1,-1,1,-1,0,0,
2026-04-14,21:04:58.130,7.61,100,100,100,-0.052,17.38,93,0,7.97,-0.122,0.973,-0.12,100,0,175.74,-10.00,10,0.00,4.04,4.04,4.03,4.04,4.04,4.04,4.05,4.04,0.00,0.0,-30,-30,0.0,0,14,-1024,0,0,1000,0,0,1,-1,-1,1,1,1,-1,-1,1,-1,0,0,
2026-04-14,21:04:58.400,7.62,100,100,100,-0.053,17.41,93,0,7.97,-0.099,0.972,0.02,100,0,175.80,-9.94,10,0.00,4.04,4.04,4.03,4.04,4.04,4.04,4.05,4.04,0.00,0.0,-30,-30,0.0,0,14,-1024,0,0,999,0,0,1,-1,-1,1,1,1,-1,-1,1,-1,0,0,
2026-04-14,21:04:58.670,7.61,100,100,100,-0.063,17.41,93,0,7.97,-0.130,0.962,0.11,100,0,175.81,-9.95,10,0.00,4.04,4.04,4.03,4.05,4.04,4.04,4.05,4.04,0.00,0.0,-30,-30,0.0,0,14,-1024,0,0,999,0,0,1,-1,-1,1,1,1,-1,-1,1,-1,0,0,
2026-04-14,21:04:58.930,7.61,100,100,100,-0.063,17.46,93,0,7.97,-0.123,0.970,0.01,100,0,175.84,-9.84,10,0.00,4.04,4.04,4.03,4.05,4.04,4.04,4.05,4.04,0.00,0.0,-30,-30,0.0,0,14,-1024,0,0,999,0,0,1,-1,-1,1,1,1,-1,-1,-1,-1,0,0,
2026-04-14,21:04:59.190,7.61,100,100,100,-0.078,17.45,93,0,7.95,-0.128,0.971,0.06,100,0,175.84,-9.79,10,0.00,4.04,4.04,4.03,4.05,4.04,4.04,4.05,4.04,0.00,0.0,-30,-30,0.0,0,13,-1024,0,0,999,0,0,1,-1,-1,1,1,1,-1,-1,1,-1,0,0,
2026-04-14,21:04:59.470,7.61,100,100,100,-0.060,17.55,93,0,7.96,-0.125,0.972,0.17,100,0,175.86,-9.76,10,0.00,4.04,4.04,4.03,4.05,4.04,4.04,4.05,4.04,0.00,0.0,-30,-30,0.0,0,13,-1024,0,0,999,0,0,1,-1,-1,1,1,1,-1,-1,1,-1,0,0,
2026-04-14,21:04:59.730,7.61,100,100,100,-0.071,17.58,93,0,7.96,-0.147,0.971,0.09,100,0,175.90,-9.74,10,0.00,4.04,4.04,4.03,4.05,4.04,4.04,4.05,4.04,0.00,0.0,-30,-30,0.0,0,14,-1024,0,0,1000,0,0,1,-1,-1,1,1,1,-1,-1,1,-1,0,0,
2026-04-14,21:05:00.010,7.62,100,100,100,-0.086,17.55,93,0,7.97,-0.129,0.970,0.00,100,0,175.92,-9.70,10,0.00,4.04,4.04,4.03,4.04,4.04,4.04,4.05,4.04,0.00,0.0,-30,-30,0.0,0,14,-1024,0,0,1000,0,0,1,-1,-1,1,1,1,-1,-1,1,-1,0,0,
2026-04-14,21:05:00.270,7.62,100,100,100,-0.089,17.61,93,0,7.97,-0.129,0.993,0.07,100,0,175.90,-9.70,10,0.00,4.04,4.04,4.03,4.04,4.04,4.04,4.05,4.04,0.00,0.0,-30,-30,0.0,0,14,-1024,0,0,1000,0,0,1,-1,-1,1,1,1,-1,-1,1,-1,0,0,
2026-04-14,21:05:00.530,7.62,100,100,100,-0.032,17.57,93,0,7.97,-0.129,0.967,0.02,100,0,175.92,-9.69,10,0.00,4.04,4.04,4.03,4.04,4.04,4.04,4.05,4.04,0.00,0.0,-30,-30,0.0,0,13,-1024,0,0,999,0,0,1,-1,-1,1,1,1,-1,-1,1,-1,0,0,
2026-04-14,21:05:00.790,7.62,100,100,100,-0.038,17.54,93,0,7.97,-0.119,0.944,-0.07,100,0,175.92,-9.66,10,0.00,4.04,4.04,4.03,4.04,4.04,4.04,4.05,4.04,0.00,0.0,-30,-30,0.0,0,13,-1024,0,0,999,0,0,1,-1,-1,1,1,1,-1,-1,1,-1,0,0,
2026-04-14,21:05:01.060,7.62,100,100,100,-0.053,17.55,93,0,7.97,-0.114,0.954,0.00,100,0,175.97,-9.65,10,0.00,4.04,4.04,4.03,4.05,4.04,4.04,4.05,4.04,0.00,0.0,-30,-30,0.0,0,14,-1024,0,0,1000,0,0,1,-1,-1,1,1,1,-1,-1,1,-1,0,0,
2026-04-14,21:05:01.320,7.62,100,100,100,-0.067,17.51,93,0,7.97,-0.096,0.978,-0.07,100,0,175.98,-9.64,10,0.00,4.04,4.04,4.03,4.05,4.04,4.04,4.05,4.04,0.00,0.0,-30,-30,0.0,0,13,-1024,0,0,999,0,0,1,-1,-1,1,1,1,-1,-1,1,-1,0,0,
2026-04-14,21:05:01.580,7.62,100,100,100,-0.071,17.55,93,0,7.97,-0.129,0.980,0.00,100,0,175.98,-9.64,10,0.00,4.04,4.04,4.03,4.05,4.04,4.04,4.05,4.04,0.00,0.0,-30,-30,0.0,0,14,-1024,0,0,1000,0,0,1,-1,-1,1,1,1,-1,-1,1,-1,0,0,
2026-04-14,21:05:01.840,7.62,100,100,99,-0.078,17.57,93,0,7.97,-0.134,0.969,0.04,99,0,175.99,-9.62,10,0.00,4.04,4.04,4.03,4.05,4.04,4.04,4.05,4.04,0.00,0.0,-30,-30,0.0,0,14,-1024,0,0,999,0,0,1,-1,-1,1,1,1,-1,-1,1,-1,0,0,
2026-04-14,21:05:02.100,7.62,100,100,99,-0.076,17.62,93,0,7.97,-0.127,0.977,0.13,100,0,175.99,-9.62,10,0.00,4.04,4.04,4.03,4.05,4.04,4.04,4.05,4.04,0.00,0.0,-30,-30,0.0,0,14,-1024,0,0,999,0,0,1,-1,-1,1,1,1,-1,-1,-1,-1,0,0,
2026-04-14,21:05:02.370,7.62,100,100,99,-0.078,17.59,93,0,7.95,-0.125,0.976,-0.05,100,0,175.99,-9.64,10,0.00,4.04,4.04,4.03,4.05,4.04,4.04,4.05,4.04,0.00,0.0,-30,-30,0.0,0,14,-1024,0,0,999,0,0,1,-1,-1,1,1,1,-1,-1,-1,-1,0,0,
2026-04-14,21:05:02.630,7.62,100,100,99,-0.076,17.60,93,0,7.96,-0.120,0.983,-0.05,100,0,176.00,-9.62,10,0.00,4.04,4.04,4.03,4.05,4.04,4.04,4.05,4.04,0.00,0.0,-30,-30,0.0,0,14,-1024,0,0,999,0,0,1,-1,-1,1,1,1,-1,-1,-1,-1,0,0,
2026-04-14,21:05:02.890,7.62,100,100,99,-0.079,17.55,94,0,7.96,-0.127,0.976,-0.07,100,0,176.00,-9.64,10,0.00,4.04,4.04,4.03,4.05,4.04,4.04,4.05,4.04,0.00,0.0,-30,-30,0.0,0,15,-1024,0,0,999,0,0,1,-1,-1,1,1,1,-1,-1,-1,-1,0,0,
2026-04-14,21:05:03.150,7.62,100,100,99,-0.060,17.48,94,0,7.97,-0.131,0.967,-0.22,100,0,176.00,-9.64,10,0.00,4.04,4.04,4.03,4.05,4.04,4.04,4.05,4.04,0.00,0.0,-30,-30,0.0,0,14,-1024,0,0,999,0,0,1,-1,-1,1,1,1,-1,-1,-1,-1,0,0,
2026-04-14,21:05:03.410,7.62,100,100,99,-0.060,17.43,94,0,7.97,-0.143,0.986,-0.18,100,0,176.01,-9.66,10,0.00,4.04,4.04,4.03,4.05,4.04,4.04,4.05,4.04,0.00,0.0,-30,-30,0.0,0,14,-1024,0,0,1000,0,0,1,-1,-1,1,1,1,-1,-1,-1,-1,0,0,
2026-04-14,21:05:03.670,7.62,100,100,99,-0.070,17.44,93,0,7.97,-0.140,0.963,-0.07,100,0,176.01,-9.67,10,0.00,4.04,4.04,4.03,4.05,4.04,4.04,4.05,4.04,0.00,0.0,-30,-30,0.0,0,14,-1024,0,0,999,0,0,1,-1,-1,1,1,1,-1,-1,-1,-1,0,0,
2026-04-14,21:05:03.940,7.62,100,100,99,-0.070,17.44,89,0,7.97,-0.140,0.963,-0.07,100,0,176.01,-9.67,10,0.00,4.04,4.04,4.03,4.05,4.04,4.04,4.05,4.04,0.00,0.0,-30,-30,0.0,0,14,-1024,0,0,1000,0,0,1,-1,-1,1,1,1,-1,-1,-1,-1,0,0,
2026-04-14,21:05:04.200,7.62,100,100,99,-0.070,17.44,82,0,7.97,-0.140,0.963,-0.07,100,0,176.01,-9.67,10,0.00,4.04,4.04,4.03,4.05,4.04,4.04,4.05,4.04,0.00,0.0,-30,-30,0.0,0,14,-1024,0,0,1000,0,0,1,-1,-1,1,1,1,-1,-1,-1,-1,0,0,
2026-04-14,21:05:04.470,7.62,100,100,99,-0.070,17.44,69,2,7.97,-0.140,0.963,-0.07,100,0,176.01,-9.67,10,0.00,4.04,4.04,4.03,4.05,4.04,4.04,4.05,4.04,0.00,0.0,-30,-30,0.0,0,14,-1024,0,0,999,0,0,1,-1,-1,1,1,1,-1,-1,-1,-1,0,0,
2026-04-14,21:05:04.740,7.62,100,100,99,-0.070,17.44,69,2,7.97,-0.140,0.963,-0.07,100,0,176.01,-9.67,10,0.00,4.04,4.04,4.03,4.05,4.04,4.04,4.05,4.04,0.00,0.0,-30,-30,0.0,0,14,-1024,0,0,1000,0,0,1,-1,-1,1,1,1,-1,-1,-1,-1,0,0,
2026-04-14,21:05:05.000,7.61,100,100,99,-0.070,17.44,69,2,7.97,-0.140,0.963,-0.07,100,0,176.01,-9.67,10,0.00,4.04,4.04,4.03,4.05,4.04,4.04,4.05,4.04,0.00,0.0,-30,-30,0.0,0,14,-1024,0,0,999,0,0,1,-1,-1,1,1,1,-1,-1,-1,-1,0,0,
2026-04-14,21:05:05.260,7.61,100,100,99,-0.070,17.44,69,2,7.97,-0.140,0.963,-0.07,100,0,176.01,-9.67,10,0.00,4.04,4.04,4.03,4.05,4.04,4.04,4.05,4.04,0.00,0.0,-30,-30,0.0,0,13,-1024,0,0,1000,0,0,1,-1,-1,1,1,1,-1,-1,-1,-1,0,0,
2026-04-14,21:05:05.520,7.62,100,100,99,-0.070,17.44,69,2,7.97,-0.140,0.963,-0.07,100,0,176.01,-9.67,10,0.00,4.04,4.04,4.03,4.05,4.04,4.04,4.05,4.04,0.00,0.0,-30,-30,0.0,0,14,-1024,0,0,1000,0,0,1,-1,-1,1,1,1,-1,-1,-1,-1,0,0,
2026-04-14,21:05:05.790,7.62,100,100,99,-0.070,17.44,69,2,7.97,-0.140,0.963,-0.07,100,0,176.01,-9.67,10,0.00,4.04,4.04,4.03,4.05,4.04,4.04,4.05,4.04,0.00,0.0,-30,-30,0.0,0,14,-1024,0,0,999,0,0,1,-1,-1,1,1,1,-1,-1,-1,-1,0,0,
2026-04-14,21:05:06.060,7.62,100,100,99,-0.070,17.44,69,2,7.97,-0.140,0.963,-0.07,100,0,176.01,-9.67,10,0.00,4.04,4.04,4.03,4.05,4.04,4.04,4.05,4.04,0.00,0.0,-30,-30,0.0,0,13,-1024,0,0,1000,0,0,1,-1,-1,1,1,1,-1,-1,-1,-1,0,0,
2026-04-14,21:05:06.320,7.62,100,100,99,-0.070,17.44,69,2,7.97,-0.140,0.963,-0.07,100,0,176.01,-9.67,10,0.00,4.04,4.04,4.03,4.05,4.04,4.04,4.05,4.04,0.00,0.0,-30,-30,0.0,0,14,-1024,0,0,999,0,0,1,-1,-1,1,1,1,-1,-1,-1,-1,0,0,
2026-04-14,21:05:06.580,7.62,100,100,99,-0.070,17.44,69,2,7.97,-0.140,0.963,-0.07,100,0,176.01,-9.67,10,0.00,4.04,4.04,4.03,4.05,4.04,4.04,4.05,4.04,0.00,0.0,-30,-30,0.0,0,14,-1024,0,0,1000,0,0,1,-1,-1,1,1,1,-1,-1,-1,-1,0,0,
2026-04-14,21:05:06.840,7.61,100,100,99,-0.070,17.44,69,2,7.97,-0.140,0.963,-0.07,100,0,176.01,-9.67,10,0.00,4.04,4.04,4.03,4.05,4.04,4.04,4.05,4.04,0.00,0.0,-30,-30,0.0,0,14,-1024,0,0,1000,0,0,1,-1,-1,1,1,1,-1,-1,-1,-1,0,0,
2026-04-14,21:05:07.100,7.61,100,100,99,-0.070,17.44,69,2,7.97,-0.140,0.963,-0.07,100,0,176.01,-9.67,10,0.00,4.04,4.04,4.03,4.05,4.04,4.04,4.05,4.04,0.00,0.0,-30,-30,0.0,0,14,-1024,0,0,1000,0,0,1,-1,-1,1,1,1,-1,-1,-1,-1,0,0,
2026-04-14,21:05:07.360,7.61,100,100,99,-0.070,17.44,69,2,7.97,-0.140,0.963,-0.07,100,0,176.01,-9.67,10,0.00,4.04,4.04,4.03,4.05,4.04,4.04,4.05,4.04,0.00,0.0,-30,-30,0.0,0,14,-1024,0,0,1000,0,0,1,-1,-1,1,1,1,-1,-1,-1,-1,0,0,
2026-04-14,21:05:07.630,7.61,100,100,99,-0.070,17.44,69,2,7.97,-0.140,0.963,-0.07,100,0,176.01,-9.67,10,0.00,4.04,4.04,4.03,4.05,4.04,4.04,4.05,4.04,0.00,0.0,-30,-30,0.0,0,14,-1024,0,0,999,0,0,1,-1,-1,1,1,1,-1,-1,-1,-1,0,0,
2026-04-14,21:05:07.940,7.61,100,100,99,-0.070,17.44,69,2,7.97,-0.140,0.963,-0.07,100,0,176.01,-9.67,10,0.00,4.04,4.04,4.03,4.05,4.04,4.04,4.05,4.04,0.00,0.0,-30,-30,0.0,0,14,-1024,0,0,1000,0,0,1,-1,-1,1,1,1,-1,-1,-1,-1,0,0,
2026-04-14,21:05:08.200,7.62,100,100,99,-0.070,17.44,69,2,7.97,-0.140,0.963,-0.07,100,0,176.01,-9.67,10,0.00,4.04,4.04,4.03,4.05,4.04,4.04,4.05,4.04,0.00,0.0,-30,-30,0.0,0,14,-1024,0,0,999,0,0,1,-1,-1,1,1,1,-1,-1,-1,-1,0,0,
2026-04-14,21:05:08.470,7.62,100,100,99,-0.070,17.44,69,2,7.97,-0.140,0.963,-0.07,100,0,176.01,-9.67,10,0.00,4.04,4.04,4.03,4.05,4.04,4.04,4.05,4.04,0.00,0.0,-30,-30,0.0,0,14,-1024,0,0,1000,0,0,1,-1,-1,1,1,1,-1,-1,-1,-1,0,0,
2026-04-14,21:05:08.730,7.62,100,100,99,-0.070,17.44,69,2,7.97,-0.140,0.963,-0.07,100,0,176.01,-9.67,10,0.00,4.04,4.04,4.03,4.05,4.04,4.04,4.05,4.04,0.00,0.0,-30,-30,0.0,0,13,-1024,0,0,999,0,0,1,-1,-1,1,1,1,-1,-1,-1,-1,0,0,
