Date,Time,TxBat(V),VFR 2.4G(%),Rx VFR(%),VFR 900M(%),AccY(g),Altitude(m),RSSI 2.4G(dB),RX,RxBatt(V),AccX(g),AccZ(g),VSpeed(m/s),RSSI 900M(dB),RX,R.angle(°),P.angle(°),Power 900M(mW),ADC2(V),LiPo1(V),LiPo2(V),LiPo3(V),LiPo4(V),LiPo5(V),LiPo6(V),LiPo7(V),LiPo8(V),VFAS(V),Current(A),Temp1(°C),Temp2(°C),Air speed(km/h),Rudder,Elevator,Throttle,Aileron,Pot1,Pot2,Slider left,Slider right,SA,SB,SC,SD,SE,SF,SG,SH,SI,SJ,LS1,LS2,
2026-04-02,13:30:46.430,7.47,100,100,100,0.002,-0.43,68,0,8.28,-0.111,0.941,-0.18,71,0,179.90,-6.20,10,0.00,4.20,4.21,4.20,4.21,4.21,4.19,4.21,4.20,33.71,0.0,-30,-30,0.0,0,12,-942,0,0,667,0,0,1,-1,0,1,-1,-1,-1,-1,-1,-1,0,0,
2026-04-02,13:30:46.670,7.46,100,100,100,-0.034,-0.49,67,0,8.28,0.036,1.017,-0.18,71,0,179.46,-3.45,10,0.00,4.20,4.21,4.20,4.21,4.21,4.19,4.21,4.20,33.71,0.0,-30,-30,0.0,0,11,-942,0,0,666,0,0,1,-1,0,1,-1,-1,-1,-1,-1,-1,0,0,
2026-04-02,13:30:46.940,7.46,100,100,100,-0.058,-0.55,66,0,8.33,-0.037,0.974,-0.14,66,0,179.55,-3.40,10,0.00,4.20,4.21,4.20,4.21,4.21,4.19,4.21,4.20,33.71,0.0,-30,-30,0.0,0,12,-942,0,0,667,0,0,1,-1,0,1,-1,-1,-1,-1,-1,-1,0,0,
2026-04-02,13:30:47.200,7.46,100,100,100,-0.032,-0.53,65,0,8.32,-0.023,0.990,0.03,68,0,179.45,-3.68,10,0.00,4.20,4.21,4.20,4.21,4.21,4.19,4.21,4.20,33.71,0.0,-30,-30,0.0,0,12,-943,0,0,667,0,0,1,-1,0,1,-1,-1,-1,-1,-1,-1,0,0,
2026-04-02,13:30:47.460,7.47,100,100,100,-0.004,-0.54,67,0,8.30,-0.042,0.971,-0.04,73,0,179.42,-3.73,10,0.00,4.20,4.21,4.20,4.21,4.20,4.20,4.21,4.20,33.71,0.0,-30,-30,0.0,0,12,-1021,0,0,667,0,0,1,-1,0,1,-1,-1,-1,-1,-1,-1,0,0,
2026-04-02,13:30:47.730,7.46,100,100,100,-0.001,-0.55,69,0,8.32,-0.029,0.985,-0.01,73,0,179.38,-3.82,10,0.00,4.20,4.21,4.20,4.21,4.20,4.20,4.21,4.20,33.71,0.0,-30,-30,0.0,0,12,-1024,0,0,667,0,0,1,-1,0,1,-1,-1,-1,-1,-1,-1,0,0,
2026-04-02,13:30:47.990,7.46,100,100,100,-0.026,-0.57,71,0,8.29,-0.032,0.983,-0.05,73,0,179.35,-3.89,10,0.00,4.20,4.21,4.20,4.21,4.20,4.20,4.21,4.20,33.71,0.0,-30,-30,0.0,0,11,-1024,0,0,666,0,0,1,-1,0,1,-1,-1,-1,-1,-1,-1,0,0,
2026-04-02,13:30:48.250,7.47,100,100,100,-0.022,-0.53,73,0,8.29,-0.036,0.982,0.04,76,0,179.33,-3.93,10,0.00,4.20,4.21,4.20,4.21,4.20,4.20,4.21,4.20,33.71,0.0,-30,-30,0.0,0,12,-1024,0,0,666,0,0,1,-1,0,1,-1,-1,-1,-1,-1,-1,0,0,
2026-04-02,13:30:48.520,7.46,100,100,100,-0.014,-0.46,72,0,8.28,-0.032,0.984,0.13,73,0,179.29,-3.99,10,0.00,4.20,4.21,4.20,4.21,4.20,4.20,4.21,4.20,33.71,0.0,-30,-30,0.0,0,12,-1024,0,0,666,0,0,1,-1,0,1,-1,-1,-1,-1,-1,-1,0,0,
2026-04-02,13:30:48.780,7.46,100,100,100,-0.013,-0.43,71,0,8.30,-0.034,0.982,0.16,73,0,179.27,-4.02,10,0.00,4.20,4.21,4.20,4.21,4.21,4.19,4.21,4.20,33.71,0.0,-30,-30,0.0,0,12,-1024,0,0,667,0,0,1,-1,0,1,-1,-1,-1,-1,-1,-1,0,0,
2026-04-02,13:30:49.050,7.46,100,100,100,-0.013,-0.39,68,0,8.31,-0.034,0.982,0.14,76,0,179.25,-4.07,10,0.00,4.20,4.21,4.20,4.21,4.21,4.19,4.21,4.20,33.71,0.0,-30,-30,0.0,0,12,-1024,0,0,666,0,0,1,-1,0,1,-1,-1,-1,-1,-1,-1,0,0,
2026-04-02,13:30:49.310,7.46,100,100,100,-0.013,-0.42,68,0,8.33,-0.032,0.983,0.00,76,0,179.22,-4.11,10,0.00,4.20,4.21,4.20,4.21,4.21,4.19,4.21,4.20,33.71,0.0,-30,-30,0.0,0,12,-1024,0,0,666,0,0,1,-1,0,1,-1,-1,-1,-1,-1,-1,0,0,
2026-04-02,13:30:49.570,7.46,100,100,100,-0.015,-0.49,68,0,8.34,-0.033,0.982,-0.16,71,0,179.22,-4.12,10,0.00,4.20,4.21,4.20,4.21,4.21,4.19,4.21,4.20,33.71,0.0,-30,-30,0.0,0,12,-1024,0,0,667,0,0,1,-1,0,1,-1,-1,-1,-1,-1,-1,0,0,
2026-04-02,13:30:49.840,7.46,100,100,100,-0.018,-0.47,68,0,8.34,-0.033,0.983,-0.01,69,0,179.20,-4.16,10,0.00,4.20,4.21,4.20,4.21,4.21,4.19,4.21,4.20,33.71,0.0,-30,-30,0.0,0,12,-1024,0,0,667,0,0,1,-1,0,1,-1,-1,-1,-1,-1,-1,0,0,
2026-04-02,13:30:50.110,7.46,100,100,100,-0.018,-0.45,68,0,8.34,-0.034,0.983,0.00,71,0,179.19,-4.17,10,0.00,4.20,4.21,4.20,4.21,4.21,4.19,4.21,4.20,33.71,0.0,-30,-30,0.0,0,12,-1024,0,0,666,0,0,1,-1,0,1,-1,-1,-1,-1,-1,-1,0,0,
2026-04-02,13:30:50.370,7.46,99,100,100,-0.014,-0.47,68,0,8.32,-0.033,0.982,-0.03,69,0,179.18,-4.20,10,0.00,4.20,4.21,4.20,4.21,4.21,4.19,4.21,4.20,33.71,0.0,-30,-30,0.0,0,12,-1024,0,0,666,0,0,1,-1,0,1,-1,-1,-1,-1,-1,-1,0,0,
2026-04-02,13:30:50.630,7.46,99,100,100,-0.014,-0.46,68,0,8.35,-0.033,0.983,0.01,70,0,179.17,-4.21,10,0.00,4.20,4.21,4.20,4.21,4.21,4.19,4.21,4.20,33.71,0.0,-30,-30,0.0,0,12,-1024,0,0,667,0,0,1,-1,0,1,-1,-1,-1,-1,-1,-1,0,0,
2026-04-02,13:30:50.890,7.46,99,100,100,-0.015,-0.47,68,0,8.34,-0.033,0.983,0.01,71,0,179.16,-4.23,10,0.00,4.20,4.21,4.20,4.21,4.21,4.19,4.21,4.20,33.71,0.0,-30,-30,0.0,0,12,-1024,0,0,666,0,0,1,-1,0,1,-1,-1,-1,-1,-1,-1,0,0,
2026-04-02,13:30:51.160,7.46,99,100,100,-0.014,-0.44,68,0,8.33,-0.033,0.983,0.04,69,0,179.16,-4.25,10,0.00,4.20,4.21,4.20,4.21,4.20,4.19,4.21,4.20,33.71,0.0,-30,-30,0.0,0,12,-1024,0,0,667,0,0,1,-1,0,1,-1,-1,-1,-1,-1,-1,0,0,
2026-04-02,13:30:51.420,7.46,99,100,100,-0.015,-0.44,68,0,8.32,-0.033,0.982,0.02,69,0,179.16,-4.25,10,0.00,4.20,4.21,4.20,4.21,4.20,4.19,4.21,4.20,33.71,0.0,-30,-30,0.0,0,12,-1024,0,0,666,0,0,1,-1,0,1,-1,-1,-1,-1,-1,-1,0,0,
2026-04-02,13:30:51.690,7.45,99,100,100,-0.015,-0.48,69,0,8.34,-0.033,0.983,-0.06,71,0,179.15,-4.26,10,0.00,4.20,4.21,4.20,4.21,4.20,4.19,4.21,4.20,33.71,0.0,-30,-30,0.0,0,12,-1024,0,0,666,0,0,1,-1,0,1,-1,-1,-1,-1,-1,-1,0,0,
2026-04-02,13:30:51.950,7.45,100,100,100,-0.015,-0.51,69,0,8.31,-0.033,0.982,-0.09,70,0,179.15,-4.27,10,0.00,4.20,4.21,4.20,4.21,4.20,4.19,4.21,4.20,33.71,0.0,-30,-30,0.0,0,12,-1024,0,0,667,0,0,1,-1,0,1,-1,-1,-1,-1,-1,-1,0,0,
2026-04-02,13:30:52.210,7.46,100,100,100,-0.015,-0.52,70,0,8.33,-0.033,0.983,-0.09,68,0,179.15,-4.28,10,0.00,4.20,4.21,4.20,4.21,4.20,4.20,4.21,4.20,33.71,0.0,-30,-30,0.0,0,12,-1024,0,0,666,0,0,1,-1,0,1,-1,-1,-1,-1,-1,-1,0,0,
2026-04-02,13:30:52.470,7.45,100,100,100,-0.013,-0.43,71,0,8.34,-0.033,0.982,0.12,70,0,179.14,-4.29,10,0.00,4.20,4.21,4.20,4.21,4.20,4.20,4.21,4.20,33.71,0.0,-30,-30,0.0,0,12,-1024,0,0,667,0,0,1,-1,0,1,-1,-1,-1,-1,-1,-1,0,0,
2026-04-02,13:30:52.740,7.46,100,100,100,-0.014,-0.41,72,0,8.36,-0.033,0.982,0.14,65,0,179.14,-4.30,10,0.00,4.20,4.21,4.20,4.21,4.20,4.20,4.21,4.20,33.71,0.0,-30,-30,0.0,0,12,-1024,0,0,666,0,0,1,-1,0,1,-1,-1,-1,-1,-1,-1,0,0,
2026-04-02,13:30:53.010,7.45,100,100,100,-0.014,-0.43,72,0,8.37,-0.033,0.983,0.01,64,0,179.14,-4.31,10,0.00,4.20,4.21,4.20,4.21,4.20,4.20,4.21,4.20,33.71,0.0,-30,-30,0.0,0,12,-1024,0,0,667,0,0,1,-1,0,1,-1,-1,-1,-1,-1,-1,0,0,
2026-04-02,13:30:53.270,7.46,100,100,100,-0.014,-0.41,72,0,8.38,-0.033,0.982,0.05,67,0,179.14,-4.31,10,0.00,4.20,4.21,4.20,4.21,4.20,4.20,4.21,4.20,33.71,0.0,-30,-30,0.0,0,11,-1024,0,0,667,0,0,1,-1,0,1,-1,-1,-1,-1,-1,-1,0,0,
2026-04-02,13:30:53.530,7.46,100,100,100,-0.013,-0.37,73,0,8.29,-0.027,0.996,0.08,69,0,179.14,-4.32,10,0.00,4.20,4.21,4.20,4.21,4.21,4.20,4.21,4.20,33.71,0.0,-30,-30,0.0,0,-1000,-1024,0,0,666,0,0,1,-1,0,1,-1,-1,-1,-1,-1,-1,0,0,
2026-04-02,13:30:53.790,7.45,100,100,100,-0.003,-0.36,73,0,8.29,-0.037,0.997,0.09,63,0,179.14,-4.33,10,0.00,4.20,4.21,4.20,4.21,4.21,4.20,4.21,4.20,33.71,0.0,-30,-30,0.0,0,-346,-1024,0,0,666,0,0,1,-1,0,1,-1,-1,-1,-1,-1,-1,0,0,
2026-04-02,13:30:54.060,7.45,100,100,100,-0.022,-0.41,73,0,8.28,-0.032,1.010,-0.05,65,0,179.13,-4.32,10,0.00,4.20,4.21,4.20,4.21,4.21,4.20,4.21,4.20,33.71,0.0,-30,-30,0.0,0,-514,-1024,0,0,666,0,0,1,-1,0,1,-1,-1,-1,-1,-1,-1,0,0,
2026-04-02,13:30:54.320,7.46,100,100,100,-0.006,-0.40,74,0,8.28,-0.034,0.985,-0.01,70,0,179.15,-4.32,10,0.00,4.20,4.21,4.20,4.21,4.21,4.20,4.21,4.20,33.71,0.0,-30,-30,0.0,0,-1023,-1024,0,0,667,0,0,1,-1,0,1,-1,-1,-1,-1,-1,-1,0,0,
2026-04-02,13:30:54.580,7.46,100,100,100,-0.007,-0.40,74,0,8.28,-0.027,0.976,0.00,63,0,179.15,-4.33,10,0.00,4.20,4.21,4.20,4.21,4.20,4.20,4.21,4.20,33.71,0.0,-30,-30,0.0,0,-1024,-1024,0,0,666,0,0,1,-1,0,1,-1,-1,-1,-1,-1,-1,0,0,
2026-04-02,13:30:54.840,7.46,100,100,100,-0.019,-0.36,74,0,8.28,-0.037,0.980,0.07,62,0,179.15,-4.33,10,0.00,4.20,4.21,4.20,4.21,4.20,4.20,4.21,4.20,33.71,0.0,-30,-30,0.0,0,-1024,-1024,0,0,666,0,0,0,-1,0,1,-1,-1,-1,-1,-1,-1,0,0,
2026-04-02,13:30:55.100,7.46,100,100,100,-0.015,-0.34,74,0,8.28,-0.014,0.936,0.07,64,0,179.15,-4.32,10,0.00,4.20,4.21,4.20,4.21,4.20,4.20,4.21,4.20,33.71,0.0,-30,-30,0.0,0,-1024,-1024,0,0,666,0,0,-1,-1,0,1,-1,-1,-1,-1,-1,-1,0,0,
2026-04-02,13:30:55.360,7.46,100,100,100,-0.016,-0.40,74,0,8.28,-0.044,0.991,-0.08,66,0,179.15,-4.32,10,0.00,4.20,4.21,4.20,4.21,4.20,4.20,4.21,4.20,33.71,0.0,-30,-30,0.0,0,-1024,-1024,0,0,666,0,0,-1,-1,0,1,-1,-1,-1,-1,-1,-1,0,0,
2026-04-02,13:30:55.620,7.46,100,100,100,-0.014,-0.39,74,0,8.28,-0.047,0.988,-0.01,66,0,179.15,-4.32,10,0.00,4.20,4.21,4.20,4.21,4.20,4.20,4.21,4.20,33.71,0.0,-30,-30,0.0,0,-1024,-1024,0,0,667,0,0,0,-1,0,1,-1,-1,-1,-1,-1,-1,0,0,
2026-04-02,13:30:55.880,7.45,100,100,100,-0.014,-0.41,74,0,8.28,-0.031,0.975,-0.07,70,0,179.15,-4.32,10,0.00,4.20,4.21,4.20,4.21,4.20,4.19,4.21,4.20,33.71,0.0,-30,-30,0.0,0,-431,-1024,0,0,666,0,0,0,-1,0,1,-1,-1,-1,-1,-1,-1,0,0,
2026-04-02,13:30:56.140,7.46,100,100,100,-0.012,-0.42,74,0,8.28,-0.033,0.967,-0.05,67,0,179.14,-4.31,10,0.00,4.20,4.21,4.20,4.21,4.20,4.19,4.21,4.20,33.71,0.0,-30,-30,0.0,0,11,-1024,0,0,666,0,0,0,-1,0,1,-1,-1,-1,-1,-1,-1,0,0,
2026-04-02,13:30:56.410,7.45,100,100,100,-0.017,-0.46,74,0,8.28,-0.032,0.978,-0.07,66,0,179.14,-4.31,10,0.00,4.20,4.21,4.20,4.21,4.20,4.19,4.21,4.20,33.71,0.0,-30,-30,0.0,0,6,-1024,0,0,666,0,0,0,-1,0,1,-1,-1,-1,-1,-1,-1,0,0,
2026-04-02,13:30:56.680,7.46,100,100,100,-0.008,-0.44,74,0,8.24,-0.022,0.977,-0.03,70,0,179.15,-4.33,10,0.00,4.20,4.21,4.20,4.21,4.20,4.19,4.21,4.20,33.71,0.0,-30,-30,0.0,0,-1023,-1024,0,0,667,0,0,0,-1,0,1,-1,-1,-1,-1,-1,-1,0,0,
2026-04-02,13:30:56.940,7.46,100,100,100,-0.017,-0.46,74,0,8.26,-0.046,0.944,0.00,72,0,179.15,-4.33,10,0.00,4.20,4.21,4.20,4.21,4.20,4.19,4.21,4.20,33.71,0.0,-30,-30,0.0,0,-708,-1024,0,0,667,0,0,1,-1,0,1,-1,-1,-1,-1,-1,-1,0,0,
2026-04-02,13:30:57.210,7.46,100,100,100,-0.021,-0.46,74,0,8.27,-0.021,0.986,-0.04,66,0,179.14,-4.32,10,0.00,4.20,4.21,4.20,4.21,4.20,4.19,4.21,4.20,33.71,0.0,-30,-30,0.0,0,-1023,-1024,0,0,666,0,0,1,-1,0,1,-1,-1,-1,-1,-1,-1,0,0,
2026-04-02,13:30:57.470,7.46,100,100,100,-0.009,-0.49,74,0,8.25,-0.003,0.972,-0.05,69,0,179.14,-4.31,10,0.00,4.20,4.21,4.20,4.21,4.20,4.19,4.21,4.20,33.71,0.0,-30,-30,0.0,0,18,-1024,0,0,666,0,0,1,-1,0,1,-1,-1,-1,-1,-1,-1,0,0,
2026-04-02,13:30:57.730,7.46,100,100,100,-0.007,-0.45,74,0,8.27,-0.033,0.988,0.03,70,0,179.15,-4.33,10,0.00,4.20,4.21,4.20,4.21,4.20,4.19,4.21,4.20,33.71,0.0,-30,-30,0.0,0,12,-1024,0,0,666,0,0,1,-1,0,1,-1,-1,-1,-1,-1,-1,0,0,
2026-04-02,13:30:57.990,7.45,100,100,100,-0.018,-0.42,74,0,8.27,-0.031,0.986,0.07,65,0,179.14,-4.33,10,0.00,4.20,4.21,4.20,4.20,4.20,4.19,4.21,4.20,33.71,0.0,-30,-30,0.0,0,12,-1024,0,0,667,0,0,1,-1,0,1,-1,-1,-1,-1,-1,-1,0,0,
2026-04-02,13:30:58.250,7.45,100,100,100,-0.013,-0.40,74,0,8.28,-0.038,0.979,0.07,65,0,179.14,-4.33,10,0.00,4.20,4.21,4.20,4.20,4.20,4.20,4.21,4.20,33.71,0.0,-30,-30,0.0,0,12,-1024,0,0,666,0,0,1,-1,0,1,-1,-1,-1,-1,-1,-1,0,0,
2026-04-02,13:30:58.510,7.45,100,100,100,-0.013,-0.40,73,0,8.28,-0.032,0.982,0.04,69,0,179.14,-4.33,10,0.00,4.20,4.21,4.20,4.20,4.20,4.20,4.21,4.20,33.71,0.0,-30,-30,0.0,0,12,-1024,0,0,666,0,0,1,-1,0,1,-1,-1,-1,-1,-1,-1,0,0,
2026-04-02,13:30:58.780,7.45,100,100,100,-0.014,-0.39,73,0,8.28,-0.031,0.981,0.04,68,0,179.13,-4.33,10,0.00,4.20,4.21,4.20,4.20,4.20,4.20,4.21,4.20,33.71,0.0,-30,-30,0.0,0,12,-1024,0,0,666,0,0,1,-1,0,1,-1,-1,-1,-1,-1,-1,0,0,
2026-04-02,13:30:59.050,7.46,100,100,100,-0.015,-0.38,73,0,8.28,-0.036,0.981,0.04,68,0,179.13,-4.33,10,0.00,4.20,4.21,4.20,4.21,4.20,4.20,4.21,4.20,33.71,0.0,-30,-30,0.0,0,12,-1024,0,0,666,0,0,1,-1,0,1,-1,-1,-1,-1,-1,-1,0,0,
2026-04-02,13:30:59.320,7.46,100,100,100,-0.014,-0.44,72,0,8.28,-0.032,0.983,-0.08,71,0,179.13,-4.34,10,0.00,4.20,4.21,4.20,4.21,4.20,4.20,4.21,4.20,33.71,0.0,-30,-30,0.0,0,12,-1024,0,0,666,0,0,1,-1,0,1,-1,-1,-1,-1,-1,-1,0,0,
2026-04-02,13:30:59.580,7.46,100,100,100,-0.014,-0.41,71,0,8.28,-0.035,0.982,0.03,74,0,179.13,-4.34,10,0.00,4.20,4.21,4.20,4.21,4.20,4.19,4.21,4.20,33.71,0.0,-30,-30,0.0,0,11,-1024,0,0,666,0,0,1,-1,0,1,-1,-1,-1,-1,-1,-1,0,0,
2026-04-02,13:30:59.840,7.45,100,100,100,-0.015,-0.37,71,0,8.28,-0.033,0.982,0.09,71,0,179.13,-4.34,10,0.00,4.20,4.21,4.20,4.21,4.20,4.19,4.21,4.20,33.71,0.0,-30,-30,0.0,0,11,-1024,0,0,666,0,0,1,-1,0,1,-1,-1,-1,-1,-1,-1,0,0,
2026-04-02,13:31:00.100,7.46,100,100,100,-0.015,-0.41,70,0,8.28,-0.035,0.982,-0.04,72,0,179.13,-4.34,10,0.00,4.20,4.21,4.20,4.21,4.20,4.19,4.21,4.20,33.71,0.0,-30,-30,0.0,0,12,-1024,0,0,666,0,0,1,-1,0,1,-1,-1,-1,-1,-1,-1,0,0,
2026-04-02,13:31:00.370,7.45,100,100,100,-0.015,-0.41,70,0,8.28,-0.034,0.982,0.00,73,0,179.13,-4.35,10,0.00,4.20,4.21,4.20,4.20,4.20,4.19,4.21,4.20,33.71,0.0,-30,-30,0.0,0,11,-1024,0,0,666,0,0,1,-1,0,1,-1,-1,-1,-1,-1,-1,0,0,
2026-04-02,13:31:00.640,7.45,100,100,100,-0.013,-0.41,70,0,8.28,-0.033,0.982,0.00,70,0,179.13,-4.35,10,0.00,4.20,4.21,4.20,4.20,4.20,4.20,4.21,4.20,33.71,0.0,-30,-30,0.0,0,12,-1024,0,0,666,0,0,1,-1,0,1,-1,-1,-1,-1,-1,-1,0,0,
2026-04-02,13:31:00.900,7.45,100,100,100,-0.014,-0.44,71,0,8.28,-0.034,0.982,-0.05,71,0,179.13,-4.35,10,0.00,4.20,4.21,4.20,4.20,4.20,4.20,4.21,4.21,33.71,0.0,-30,-30,0.0,0,11,-1024,0,0,667,0,0,1,-1,0,1,-1,-1,-1,-1,-1,-1,0,0,
2026-04-02,13:31:01.170,7.46,100,100,100,-0.013,-0.42,72,0,8.28,-0.034,0.981,-0.01,73,0,179.13,-4.35,10,0.00,4.20,4.21,4.20,4.20,4.20,4.20,4.21,4.21,33.71,0.0,-30,-30,0.0,0,11,-1024,0,0,667,0,0,1,-1,0,1,-1,-1,-1,-1,-1,-1,0,0,
2026-04-02,13:31:01.440,7.45,100,100,100,-0.013,-0.40,72,0,8.28,-0.033,0.983,0.05,69,0,179.13,-4.35,10,0.00,4.20,4.21,4.20,4.20,4.20,4.20,4.21,4.21,33.71,0.0,-30,-30,0.0,0,12,-1024,0,0,666,0,0,1,-1,0,1,-1,-1,-1,-1,-1,-1,0,0,
2026-04-02,13:31:01.700,7.46,100,100,100,-0.016,-0.40,72,0,8.28,-0.033,0.982,0.03,69,0,179.12,-4.36,10,0.00,4.20,4.21,4.20,4.20,4.20,4.20,4.21,4.21,33.71,0.0,-30,-30,0.0,0,12,-1024,0,0,667,0,0,1,-1,0,1,-1,-1,-1,-1,-1,-1,0,0,
2026-04-02,13:31:01.960,7.46,100,100,100,-0.016,-0.39,72,0,8.28,-0.035,0.982,0.04,71,0,179.12,-4.36,10,0.00,4.20,4.21,4.20,4.20,4.20,4.20,4.21,4.21,33.71,0.0,-30,-30,0.0,0,12,-1024,0,0,666,0,0,1,-1,0,1,-1,-1,-1,-1,-1,-1,0,0,
2026-04-02,13:31:02.230,7.46,100,100,100,-0.018,-0.32,73,0,8.28,-0.034,0.983,0.14,70,0,179.12,-4.36,10,0.00,4.20,4.21,4.20,4.20,4.20,4.20,4.21,4.20,33.71,0.0,-30,-30,0.0,0,11,-1024,0,0,666,0,0,1,-1,0,1,-1,-1,-1,-1,-1,-1,0,0,
2026-04-02,13:31:02.490,7.46,100,100,100,-0.015,-0.31,73,0,8.28,-0.033,0.983,0.10,68,0,179.12,-4.36,10,0.00,4.20,4.21,4.20,4.20,4.20,4.20,4.21,4.20,33.71,0.0,-30,-30,0.0,0,11,-1024,0,0,666,0,0,1,-1,0,1,-1,-1,-1,-1,-1,-1,0,0,
2026-04-02,13:31:02.750,7.46,100,100,100,-0.014,-0.30,73,0,8.28,-0.034,0.983,0.02,69,0,179.12,-4.36,10,0.00,4.20,4.21,4.20,4.21,4.20,4.20,4.21,4.20,33.71,0.0,-30,-30,0.0,0,10,-1024,0,0,666,0,0,1,-1,0,1,-1,-1,-1,-1,-1,-1,0,0,
2026-04-02,13:31:03.010,7.45,99,100,100,-0.014,-0.32,73,0,8.28,-0.034,0.982,0.00,71,0,179.11,-4.37,10,0.00,4.20,4.21,4.20,4.21,4.20,4.20,4.21,4.20,33.71,0.0,-30,-30,0.0,0,11,-1024,0,0,667,0,0,1,-1,0,1,-1,-1,-1,-1,-1,-1,0,0,
2026-04-02,13:31:03.270,7.46,99,100,100,-0.013,-0.28,72,0,8.28,-0.033,0.982,0.06,64,0,179.12,-4.37,10,0.00,4.20,4.21,4.20,4.21,4.20,4.20,4.21,4.20,33.71,0.0,-30,-30,0.0,0,11,-1024,0,0,667,0,0,1,-1,0,1,-1,-1,-1,-1,-1,-1,0,0,
2026-04-02,13:31:03.540,7.46,99,100,100,-0.014,-0.31,73,0,8.28,-0.033,0.982,-0.01,65,0,179.12,-4.37,10,0.00,4.20,4.21,4.20,4.21,4.20,4.20,4.21,4.20,33.71,0.0,-30,-30,0.0,0,12,-1024,0,0,666,0,0,1,-1,0,1,-1,-1,-1,-1,-1,-1,0,0,
2026-04-02,13:31:03.810,7.46,100,100,100,-0.014,-0.30,73,0,8.28,-0.034,0.982,0.00,69,0,179.12,-4.37,10,0.00,4.20,4.21,4.20,4.21,4.20,4.20,4.21,4.20,33.71,0.0,-30,-30,0.0,0,12,-1024,0,0,666,0,0,1,-1,0,1,-1,-1,-1,-1,-1,-1,0,0,
2026-04-02,13:31:04.070,7.46,100,100,100,-0.014,-0.25,73,0,8.28,-0.033,0.982,0.08,67,0,179.12,-4.37,10,0.00,4.20,4.21,4.20,4.20,4.20,4.20,4.21,4.20,33.71,0.0,-30,-30,0.0,0,11,-1024,0,0,667,0,0,1,-1,0,1,-1,-1,-1,-1,-1,-1,0,0,
2026-04-02,13:31:04.340,7.46,100,100,100,-0.015,-0.30,73,0,8.28,-0.035,0.981,-0.03,68,0,179.12,-4.37,10,0.00,4.20,4.21,4.20,4.20,4.20,4.19,4.21,4.20,33.71,0.0,-30,-30,0.0,0,11,-1024,0,0,667,0,0,1,-1,0,1,-1,-1,-1,-1,-1,-1,0,0,
2026-04-02,13:31:04.610,7.46,99,100,100,-0.015,-0.23,73,0,8.28,-0.033,0.983,0.09,72,0,179.12,-4.37,10,0.00,4.20,4.21,4.20,4.20,4.20,4.19,4.21,4.20,33.71,0.0,-30,-30,0.0,0,11,-1024,0,0,667,0,0,1,-1,0,1,-1,-1,-1,-1,-1,-1,0,0,
2026-04-02,13:31:04.870,7.46,99,100,100,-0.015,-0.32,73,0,8.28,-0.034,0.982,-0.12,69,0,179.12,-4.37,10,0.00,4.20,4.21,4.20,4.20,4.20,4.19,4.21,4.20,33.71,0.0,-30,-30,0.0,0,11,-1024,0,0,667,0,0,1,-1,0,1,-1,-1,-1,-1,-1,-1,0,0,
2026-04-02,13:31:05.130,7.46,99,100,100,-0.014,-0.35,73,0,8.28,-0.034,0.983,-0.13,70,0,179.13,-4.37,10,0.00,4.20,4.21,4.20,4.20,4.20,4.19,4.21,4.20,33.71,0.0,-30,-30,0.0,0,11,-1024,0,0,667,0,0,1,-1,0,1,-1,-1,-1,-1,-1,-1,0,0,
2026-04-02,13:31:05.390,7.46,100,100,100,-0.014,-0.40,73,0,8.28,-0.034,0.982,-0.18,72,0,179.13,-4.37,10,0.00,4.20,4.21,4.20,4.20,4.21,4.19,4.21,4.20,33.71,0.0,-30,-30,0.0,0,12,-1024,0,0,667,0,0,1,-1,0,1,-1,-1,-1,-1,-1,-1,0,0,
2026-04-02,13:31:05.660,7.45,100,100,100,-0.014,-0.41,73,0,8.28,-0.033,0.982,-0.09,74,0,179.13,-4.37,10,0.00,4.20,4.21,4.20,4.20,4.21,4.19,4.21,4.20,33.71,0.0,-30,-30,0.0,0,12,-1024,0,0,666,0,0,1,-1,0,1,-1,-1,-1,-1,-1,-1,0,0,
2026-04-02,13:31:05.920,7.45,100,100,100,-0.014,-0.38,73,0,8.28,-0.033,0.983,0.05,70,0,179.13,-4.37,10,0.00,4.20,4.21,4.20,4.20,4.21,4.19,4.21,4.20,33.71,0.0,-30,-30,0.0,0,12,-1024,0,0,666,0,0,1,-1,0,1,-1,-1,-1,-1,-1,-1,0,0,
2026-04-02,13:31:06.180,7.46,100,100,100,-0.016,-0.40,73,0,8.28,-0.034,0.982,-0.03,70,0,179.13,-4.37,10,0.00,4.20,4.21,4.20,4.20,4.21,4.19,4.21,4.20,33.71,0.0,-30,-30,0.0,0,11,-1024,0,0,667,0,0,1,-1,0,1,-1,-1,-1,-1,-1,-1,0,0,
2026-04-02,13:31:06.450,7.45,100,100,100,-0.015,-0.38,73,0,8.28,-0.034,0.983,0.02,73,0,179.13,-4.37,10,0.00,4.20,4.21,4.20,4.21,4.21,4.19,4.21,4.20,33.71,0.0,-30,-30,0.0,0,11,-1024,0,0,667,0,0,1,-1,0,1,-1,-1,-1,-1,-1,-1,0,0,
2026-04-02,13:31:06.710,7.45,100,100,100,-0.014,-0.37,73,0,8.28,-0.033,0.983,0.00,68,0,179.13,-4.37,10,0.00,4.20,4.21,4.20,4.21,4.20,4.20,4.21,4.20,33.71,0.0,-30,-30,0.0,0,11,-1024,0,0,667,0,0,1,-1,0,1,-1,-1,-1,-1,-1,-1,0,0,
2026-04-02,13:31:07.010,7.45,100,100,100,-0.014,-0.36,73,0,8.28,-0.033,0.983,0.03,69,0,179.13,-4.38,10,0.00,4.20,4.21,4.20,4.21,4.20,4.20,4.21,4.20,33.71,0.0,-30,-30,0.0,0,11,-1024,0,0,666,0,0,1,-1,0,1,-1,-1,-1,-1,-1,-1,0,0,
2026-04-02,13:31:07.270,7.46,100,100,100,-0.015,-0.42,73,0,8.28,-0.034,0.983,-0.07,72,0,179.14,-4.37,10,0.00,4.20,4.21,4.20,4.21,4.20,4.20,4.21,4.20,33.71,0.0,-30,-30,0.0,0,12,-1024,0,0,666,0,0,1,-1,0,1,-1,-1,-1,-1,-1,-1,0,0,
2026-04-02,13:31:07.530,7.45,100,100,100,-0.016,-0.41,73,0,8.28,-0.033,0.982,-0.01,67,0,179.14,-4.38,10,0.00,4.20,4.21,4.20,4.21,4.20,4.20,4.21,4.20,33.71,0.0,-30,-30,0.0,0,12,-1024,0,0,667,0,0,1,-1,0,1,-1,-1,-1,-1,-1,-1,0,0,
2026-04-02,13:31:07.830,7.45,100,100,100,-0.014,-0.42,73,0,8.28,-0.033,0.982,0.01,69,0,179.14,-4.38,10,0.00,4.20,4.21,4.20,4.21,4.20,4.19,4.21,4.20,33.71,0.0,-30,-30,0.0,0,11,-1024,0,0,667,0,0,1,-1,0,1,-1,-1,-1,-1,-1,-1,0,0,
2026-04-02,13:31:08.090,7.45,100,100,100,-0.015,-0.43,73,0,8.28,-0.034,0.983,-0.05,71,0,179.14,-4.38,10,0.00,4.20,4.21,4.20,4.21,4.20,4.19,4.21,4.20,33.71,0.0,-30,-30,0.0,0,11,-1024,0,0,666,0,0,1,-1,0,1,-1,-1,-1,-1,-1,-1,0,0,
2026-04-02,13:31:08.350,7.46,100,100,100,-0.015,-0.38,73,0,8.28,-0.033,0.982,0.05,69,0,179.14,-4.38,10,0.00,4.20,4.21,4.20,4.21,4.20,4.19,4.21,4.20,33.71,0.0,-30,-30,0.0,0,11,-1024,0,0,667,0,0,1,-1,0,1,-1,-1,-1,-1,-1,-1,0,0,
2026-04-02,13:31:08.620,7.45,100,100,100,-0.014,-0.37,73,0,8.28,-0.034,0.983,0.08,69,0,179.14,-4.38,10,0.00,4.20,4.21,4.20,4.21,4.20,4.19,4.21,4.20,33.71,0.0,-30,-30,0.0,0,12,-1024,0,0,666,0,0,1,-1,0,1,-1,-1,-1,-1,-1,-1,0,0,
2026-04-02,13:31:08.880,7.45,100,100,100,-0.015,-0.32,73,0,8.28,-0.033,0.983,0.10,71,0,179.14,-4.38,10,0.00,4.20,4.21,4.20,4.20,4.20,4.19,4.21,4.20,33.71,0.0,-30,-30,0.0,0,12,-1024,0,0,667,0,0,1,-1,0,1,-1,-1,-1,-1,-1,-1,0,0,
2026-04-02,13:31:09.140,7.46,100,100,100,-0.015,-0.32,73,0,8.28,-0.033,0.982,0.08,68,0,179.14,-4.38,10,0.00,4.20,4.21,4.20,4.20,4.20,4.20,4.21,4.20,33.71,0.0,-30,-30,0.0,0,11,-1024,0,0,666,0,0,1,-1,0,1,-1,-1,-1,-1,-1,-1,0,0,
2026-04-02,13:31:09.400,7.46,100,100,100,-0.014,-0.40,73,0,8.28,-0.033,0.982,-0.15,68,0,179.14,-4.38,10,0.00,4.20,4.21,4.20,4.20,4.20,4.20,4.21,4.20,33.71,0.0,-30,-30,0.0,0,12,-1024,0,0,666,0,0,1,-1,0,1,-1,-1,-1,-1,-1,-1,0,0,
2026-04-02,13:31:09.680,7.46,99,100,100,-0.014,-0.34,73,0,8.28,-0.033,0.983,0.02,71,0,179.14,-4.38,10,0.00,4.20,4.21,4.20,4.20,4.20,4.20,4.21,4.20,33.71,0.0,-30,-30,0.0,0,12,-1024,0,0,666,0,0,1,-1,0,1,-1,-1,-1,-1,-1,-1,0,0,
2026-04-02,13:31:09.940,7.45,99,100,100,-0.014,-0.42,74,0,8.28,-0.033,0.982,-0.07,73,0,179.14,-4.38,10,0.00,4.20,4.21,4.20,4.21,4.20,4.20,4.21,4.20,33.71,0.0,-30,-30,0.0,0,11,-1024,0,0,667,0,0,1,-1,0,1,-1,-1,-1,-1,-1,-1,0,0,
2026-04-02,13:31:10.200,7.45,99,100,100,-0.015,-0.40,74,0,8.28,-0.033,0.982,0.03,69,0,179.14,-4.37,10,0.00,4.20,4.21,4.20,4.21,4.20,4.19,4.21,4.20,33.71,0.0,-30,-30,0.0,0,12,-1024,0,0,666,0,0,1,-1,0,1,-1,-1,-1,-1,-1,-1,0,0,
2026-04-02,13:31:10.470,7.45,99,100,100,-0.014,-0.35,74,0,8.28,-0.034,0.983,0.13,71,0,179.14,-4.38,10,0.00,4.20,4.21,4.20,4.21,4.20,4.19,4.21,4.20,33.71,0.0,-30,-30,0.0,0,11,-1024,0,0,667,0,0,1,-1,0,1,-1,-1,-1,-1,-1,-1,0,0,
2026-04-02,13:31:10.740,7.45,100,100,100,-0.014,-0.39,74,0,8.28,-0.033,0.982,-0.01,72,0,179.14,-4.38,10,0.00,4.20,4.21,4.20,4.21,4.20,4.19,4.21,4.20,33.71,0.0,-30,-30,0.0,0,12,-1024,0,0,666,0,0,1,-1,0,1,-1,-1,-1,-1,-1,-1,0,0,
2026-04-02,13:31:11.010,7.45,100,100,100,-0.014,-0.37,74,0,8.28,-0.034,0.982,0.05,66,0,179.14,-4.38,10,0.00,4.20,4.21,4.20,4.21,4.20,4.19,4.21,4.20,33.71,0.0,-30,-30,0.0,0,12,-1024,0,0,666,0,0,1,-1,0,1,-1,-1,-1,-1,-1,-1,0,0,
2026-04-02,13:31:11.280,7.45,100,100,100,-0.015,-0.38,74,0,8.28,-0.033,0.982,0.00,69,0,179.14,-4.38,10,0.00,4.20,4.21,4.20,4.21,4.20,4.19,4.21,4.20,33.71,0.0,-30,-30,0.0,0,12,-1024,0,0,666,0,0,1,-1,0,1,-1,-1,-1,-1,-1,-1,0,0,
2026-04-02,13:31:11.550,7.45,100,100,100,-0.014,-0.41,73,0,8.28,-0.033,0.983,-0.03,72,0,179.14,-4.38,10,0.00,4.20,4.21,4.20,4.21,4.20,4.20,4.21,4.20,33.71,0.0,-30,-30,0.0,0,12,-1024,0,0,667,0,0,1,-1,0,1,-1,-1,-1,-1,-1,-1,0,0,
2026-04-02,13:31:11.820,7.45,100,100,100,-0.014,-0.44,73,0,8.28,-0.033,0.983,-0.11,67,0,179.14,-4.38,10,0.00,4.20,4.21,4.20,4.21,4.20,4.20,4.21,4.20,33.71,0.0,-30,-30,0.0,0,12,-1024,0,0,667,0,0,1,-1,0,1,-1,-1,-1,-1,-1,-1,0,0,
2026-04-02,13:31:12.080,7.45,100,100,100,-0.014,-0.42,73,0,8.28,-0.034,0.983,0.00,67,0,179.14,-4.38,10,0.00,4.20,4.21,4.20,4.21,4.20,4.20,4.21,4.20,33.71,0.0,-30,-30,0.0,0,12,-1024,0,0,666,0,0,1,-1,0,1,-1,-1,-1,-1,-1,-1,0,0,
2026-04-02,13:31:12.340,7.45,100,100,100,-0.015,-0.38,73,0,8.28,-0.034,0.983,0.11,70,0,179.14,-4.38,10,0.00,4.20,4.21,4.20,4.21,4.20,4.20,4.21,4.20,33.71,0.0,-30,-30,0.0,0,11,-1024,0,0,667,0,0,1,-1,0,1,-1,-1,-1,-1,-1,-1,0,0,
2026-04-02,13:31:12.600,7.45,100,100,100,-0.014,-0.38,73,0,8.28,-0.034,0.983,0.01,65,0,179.14,-4.38,10,0.00,4.20,4.21,4.20,4.21,4.20,4.20,4.21,4.20,33.71,0.0,-30,-30,0.0,0,11,-1024,0,0,667,0,0,1,-1,0,1,-1,-1,-1,-1,-1,-1,0,0,
2026-04-02,13:31:12.870,7.45,100,100,100,-0.015,-0.42,73,0,8.28,-0.033,0.982,-0.07,66,0,179.14,-4.38,10,0.00,4.20,4.21,4.20,4.21,4.20,4.20,4.21,4.20,33.71,0.0,-30,-30,0.0,0,11,-1024,0,0,666,0,0,1,-1,0,1,-1,-1,-1,-1,-1,-1,0,0,
2026-04-02,13:31:13.140,7.45,100,100,100,-0.014,-0.36,73,0,8.28,-0.034,0.983,0.06,70,0,179.14,-4.38,10,0.00,4.20,4.21,4.20,4.21,4.20,4.20,4.21,4.20,33.71,0.0,-30,-30,0.0,0,12,-1024,0,0,666,0,0,1,-1,0,1,-1,-1,-1,-1,-1,-1,0,0,
2026-04-02,13:31:13.410,7.45,100,100,100,-0.015,-0.38,73,0,8.28,-0.033,0.983,0.01,72,0,179.14,-4.38,10,0.00,4.20,4.21,4.20,4.21,4.20,4.20,4.21,4.20,33.71,0.0,-30,-30,0.0,0,11,-1024,0,0,666,0,0,1,-1,0,1,-1,-1,-1,-1,-1,-1,0,0,
2026-04-02,13:31:13.670,7.45,100,100,100,-0.014,-0.36,73,0,8.28,-0.034,0.982,0.02,71,0,179.14,-4.39,10,0.00,4.20,4.21,4.20,4.21,4.20,4.20,4.21,4.20,33.71,0.0,-30,-30,0.0,0,11,-1024,0,0,666,0,0,1,-1,0,1,-1,-1,-1,-1,-1,-1,0,0,
2026-04-02,13:31:13.940,7.45,100,100,99,-0.014,-0.33,73,0,8.28,-0.034,0.983,0.08,73,0,179.14,-4.39,10,0.00,4.20,4.21,4.20,4.21,4.20,4.20,4.21,4.20,33.71,0.0,-30,-30,0.0,0,11,-1024,0,0,666,0,0,1,-1,0,1,-1,-1,-1,-1,-1,-1,0,0,
2026-04-02,13:31:14.210,7.45,100,100,99,-0.015,-0.35,73,0,8.28,-0.033,0.983,0.01,75,0,179.14,-4.39,10,0.00,4.20,4.21,4.20,4.21,4.20,4.20,4.21,4.20,33.71,0.0,-30,-30,0.0,0,12,-1024,0,0,666,0,0,1,-1,0,1,-1,-1,-1,-1,-1,-1,0,0,
2026-04-02,13:31:14.480,7.45,99,99,99,-0.014,-0.36,73,0,8.28,-0.033,0.982,-0.03,71,0,179.14,-4.39,10,0.00,4.20,4.21,4.20,4.21,4.20,4.20,4.21,4.20,33.71,0.0,-30,-30,0.0,0,11,-1024,0,0,666,0,0,1,-1,0,1,-1,-1,-1,-1,-1,-1,0,0,
2026-04-02,13:31:14.750,7.46,99,99,99,-0.014,-0.40,73,0,8.28,-0.034,0.982,-0.07,72,0,179.14,-4.39,10,0.00,4.20,4.21,4.20,4.21,4.20,4.20,4.21,4.20,33.71,0.0,-30,-30,0.0,0,11,-1024,0,0,666,0,0,1,-1,0,1,-1,-1,-1,-1,-1,-1,0,0,
2026-04-02,13:31:15.010,7.45,99,99,99,-0.015,-0.40,73,0,8.28,-0.034,0.982,-0.03,73,0,179.14,-4.39,10,0.00,4.20,4.21,4.20,4.21,4.20,4.20,4.21,4.20,33.71,0.0,-30,-30,0.0,0,11,-1024,0,0,666,0,0,1,-1,0,1,-1,-1,-1,-1,-1,-1,0,0,
2026-04-02,13:31:15.290,7.46,100,100,99,-0.016,-0.33,73,0,8.28,-0.034,0.982,0.10,68,0,179.14,-4.39,10,0.00,4.20,4.21,4.20,4.21,4.20,4.20,4.21,4.20,33.71,0.0,-30,-30,0.0,0,12,-1024,0,0,667,0,0,1,-1,0,1,-1,-1,-1,-1,-1,-1,0,0,
2026-04-02,13:31:15.560,7.45,100,100,99,-0.014,-0.33,73,0,8.28,-0.033,0.983,0.08,71,0,179.14,-4.39,10,0.00,4.20,4.21,4.20,4.21,4.20,4.20,4.21,4.20,33.71,0.0,-30,-30,0.0,0,12,-1024,0,0,666,0,0,1,-1,0,1,-1,-1,-1,-1,-1,-1,0,0,
2026-04-02,13:31:15.830,7.45,100,100,99,-0.014,-0.37,72,0,8.28,-0.033,0.983,-0.06,72,0,179.14,-4.39,10,0.00,4.20,4.21,4.20,4.21,4.20,4.20,4.21,4.20,33.71,0.0,-30,-30,0.0,0,12,-1024,0,0,666,0,0,1,-1,0,1,-1,-1,-1,-1,-1,-1,0,0,
2026-04-02,13:31:16.090,7.46,100,100,99,-0.014,-0.41,72,0,8.28,-0.033,0.983,-0.12,69,0,179.14,-4.39,10,0.00,4.20,4.21,4.20,4.21,4.20,4.20,4.21,4.20,33.71,0.0,-30,-30,0.0,0,12,-1024,0,0,666,0,0,1,-1,0,1,-1,-1,-1,-1,-1,-1,0,0,
2026-04-02,13:31:16.350,7.45,100,100,99,-0.015,-0.40,72,0,8.28,-0.033,0.982,-0.03,69,0,179.14,-4.39,10,0.00,4.20,4.21,4.20,4.21,4.20,4.20,4.21,4.20,33.71,0.0,-30,-30,0.0,0,12,-1024,0,0,666,0,0,1,-1,0,1,-1,-1,-1,-1,-1,-1,0,0,
2026-04-02,13:31:16.620,7.45,100,100,99,-0.014,-0.41,72,0,8.28,-0.034,0.983,0.00,71,0,179.14,-4.38,10,0.00,4.20,4.21,4.20,4.21,4.20,4.20,4.21,4.20,33.71,0.0,-30,-30,0.0,0,12,-1024,0,0,667,0,0,1,-1,0,1,-1,-1,-1,-1,-1,-1,0,0,
2026-04-02,13:31:16.880,7.45,100,100,99,-0.014,-0.41,72,0,8.28,-0.033,0.983,-0.01,67,0,179.14,-4.39,10,0.00,4.20,4.21,4.20,4.21,4.20,4.20,4.21,4.20,33.71,0.0,-30,-30,0.0,0,12,-1024,0,0,666,0,0,1,-1,0,1,-1,-1,-1,-1,-1,-1,0,0,
2026-04-02,13:31:17.140,7.45,100,100,99,-0.014,-0.41,72,0,8.28,-0.034,0.983,-0.01,67,0,179.14,-4.39,10,0.00,4.20,4.21,4.20,4.20,4.20,4.20,4.21,4.20,33.71,0.0,-30,-30,0.0,0,12,-1024,0,0,667,0,0,1,-1,0,1,-1,-1,-1,-1,-1,-1,0,0,
2026-04-02,13:31:17.400,7.45,100,100,99,-0.014,-0.35,72,0,8.28,-0.034,0.982,0.11,70,0,179.14,-4.39,10,0.00,4.20,4.21,4.20,4.20,4.20,4.20,4.21,4.20,33.71,0.0,-30,-30,0.0,0,12,-1024,0,0,666,0,0,1,-1,0,1,-1,-1,-1,-1,-1,-1,0,0,
2026-04-02,13:31:17.660,7.46,100,100,99,-0.014,-0.35,72,0,8.28,-0.033,0.983,0.05,72,0,179.14,-4.39,10,0.00,4.20,4.21,4.20,4.20,4.20,4.20,4.21,4.20,33.71,0.0,-30,-30,0.0,0,12,-1024,0,0,666,0,0,1,-1,0,1,-1,-1,-1,-1,-1,-1,0,0,
2026-04-02,13:31:17.940,7.45,100,100,100,-0.014,-0.42,72,0,8.28,-0.034,0.982,-0.10,67,0,179.14,-4.39,10,0.00,4.20,4.21,4.20,4.20,4.20,4.20,4.21,4.20,33.71,0.0,-30,-30,0.0,0,12,-1024,0,0,666,0,0,1,-1,0,1,-1,-1,-1,-1,-1,-1,0,0,
2026-04-02,13:31:18.210,7.45,100,100,100,-0.014,-0.44,72,0,8.28,-0.033,0.983,-0.10,69,0,179.14,-4.39,10,0.00,4.20,4.20,4.20,4.20,4.20,4.20,4.21,4.20,33.71,0.0,-30,-30,0.0,0,11,-1024,0,0,667,0,0,1,-1,0,1,-1,-1,-1,-1,-1,-1,0,0,
2026-04-02,13:31:18.480,7.45,100,100,100,-0.014,-0.44,72,0,8.28,-0.033,0.982,-0.04,71,0,179.14,-4.39,10,0.00,4.20,4.20,4.20,4.21,4.20,4.20,4.21,4.20,33.71,0.0,-30,-30,0.0,0,12,-1024,0,0,667,0,0,1,-1,0,1,-1,-1,-1,-1,-1,-1,0,0,
2026-04-02,13:31:18.740,7.45,100,100,100,-0.014,-0.38,72,0,8.28,-0.033,0.983,0.07,65,0,179.14,-4.39,10,0.00,4.20,4.20,4.20,4.21,4.20,4.20,4.21,4.20,33.71,0.0,-30,-30,0.0,0,12,-1024,0,0,666,0,0,1,-1,0,1,-1,-1,-1,-1,-1,-1,0,0,
2026-04-02,13:31:19.010,7.45,100,100,100,-0.015,-0.36,72,0,8.28,-0.034,0.982,0.13,69,0,179.14,-4.38,10,0.00,4.20,4.20,4.20,4.21,4.20,4.20,4.21,4.20,33.71,0.0,-30,-30,0.0,0,12,-1024,0,0,667,0,0,1,-1,0,1,-1,-1,-1,-1,-1,-1,0,0,
2026-04-02,13:31:19.280,7.46,100,100,100,-0.014,-0.35,72,0,8.28,-0.034,0.982,0.06,71,0,179.14,-4.38,10,0.00,4.20,4.21,4.20,4.21,4.20,4.20,4.21,4.20,33.71,0.0,-30,-30,0.0,0,12,-1024,0,0,666,0,0,1,-1,0,1,-1,-1,-1,-1,-1,-1,0,0,
2026-04-02,13:31:19.540,7.45,100,100,100,-0.014,-0.36,72,0,8.28,-0.034,0.982,0.00,68,0,179.14,-4.38,10,0.00,4.20,4.21,4.20,4.20,4.20,4.20,4.21,4.20,33.71,0.0,-30,-30,0.0,0,12,-1024,0,0,667,0,0,1,-1,0,1,-1,-1,-1,-1,-1,-1,0,0,
2026-04-02,13:31:19.800,7.45,100,100,100,-0.014,-0.37,72,0,8.28,-0.034,0.982,-0.02,68,0,179.14,-4.39,10,0.00,4.20,4.21,4.20,4.20,4.20,4.19,4.21,4.20,33.71,0.0,-30,-30,0.0,0,11,-1024,0,0,666,0,0,1,-1,0,1,-1,-1,-1,-1,-1,-1,0,0,
2026-04-02,13:31:20.070,7.46,100,100,100,-0.015,-0.39,72,0,8.28,-0.034,0.982,-0.02,70,0,179.15,-4.39,10,0.00,4.20,4.21,4.20,4.20,4.20,4.19,4.21,4.20,33.71,0.0,-30,-30,0.0,0,11,-1024,0,0,666,0,0,1,-1,0,1,-1,-1,-1,-1,-1,-1,0,0,
2026-04-02,13:31:20.340,7.46,100,100,100,-0.014,-0.38,72,0,8.28,-0.034,0.983,0.01,65,0,179.15,-4.39,10,0.00,4.20,4.21,4.20,4.20,4.20,4.19,4.21,4.20,33.71,0.0,-30,-30,0.0,0,12,-1024,0,0,667,0,0,1,-1,0,1,-1,-1,-1,-1,-1,-1,0,0,
2026-04-02,13:31:20.610,7.46,100,100,100,-0.014,-0.40,72,0,8.28,-0.033,0.983,-0.05,66,0,179.15,-4.39,10,0.00,4.20,4.21,4.20,4.20,4.20,4.19,4.21,4.20,33.71,0.0,-30,-30,0.0,0,11,-1024,0,0,666,0,0,1,-1,0,1,-1,-1,-1,-1,-1,-1,0,0,
2026-04-02,13:31:20.880,7.46,100,100,100,-0.015,-0.41,72,0,8.28,-0.034,0.982,-0.04,69,0,179.15,-4.39,10,0.00,4.20,4.21,4.20,4.21,4.20,4.19,4.21,4.20,33.71,0.0,-30,-30,0.0,0,12,-1024,0,0,666,0,0,1,-1,0,1,-1,-1,-1,-1,-1,-1,0,0,
2026-04-02,13:31:21.140,7.46,100,100,100,-0.015,-0.39,72,0,8.28,-0.033,0.983,-0.01,68,0,179.15,-4.39,10,0.00,4.20,4.21,4.20,4.21,4.21,4.19,4.21,4.20,33.71,0.0,-30,-30,0.0,0,12,-1024,0,0,667,0,0,1,-1,0,1,-1,-1,-1,-1,-1,-1,0,0,
2026-04-02,13:31:21.410,7.46,100,100,100,-0.014,-0.37,72,0,8.28,-0.034,0.982,0.07,67,0,179.15,-4.39,10,0.00,4.20,4.21,4.20,4.21,4.21,4.19,4.21,4.20,33.71,0.0,-30,-30,0.0,0,12,-1024,0,0,667,0,0,1,-1,0,1,-1,-1,-1,-1,-1,-1,0,0,
2026-04-02,13:31:21.670,7.46,100,100,100,-0.014,-0.38,72,0,8.28,-0.033,0.982,0.00,68,0,179.15,-4.39,10,0.00,4.20,4.21,4.20,4.21,4.21,4.19,4.21,4.20,33.71,0.0,-30,-30,0.0,0,11,-1024,0,0,667,0,0,1,-1,0,1,-1,-1,-1,-1,-1,-1,0,0,
2026-04-02,13:31:21.930,7.46,100,100,100,-0.014,-0.40,72,0,8.28,-0.033,0.982,-0.05,70,0,179.15,-4.40,10,0.00,4.20,4.21,4.20,4.21,4.21,4.19,4.21,4.20,33.71,0.0,-30,-30,0.0,0,12,-1024,0,0,666,0,0,1,-1,0,1,-1,-1,-1,-1,-1,-1,0,0,
2026-04-02,13:31:22.190,7.46,100,100,100,-0.015,-0.41,72,0,8.28,-0.034,0.982,-0.03,64,0,179.15,-4.40,10,0.00,4.20,4.21,4.20,4.21,4.20,4.19,4.21,4.20,33.71,0.0,-30,-30,0.0,0,12,-1024,0,0,666,0,0,1,-1,0,1,-1,-1,-1,-1,-1,-1,0,0,
2026-04-02,13:31:22.450,7.45,99,100,100,-0.014,-0.41,72,0,8.28,-0.033,0.982,-0.04,66,0,179.15,-4.40,10,0.00,4.20,4.21,4.20,4.21,4.20,4.19,4.21,4.20,33.71,0.0,-30,-30,0.0,0,12,-1024,0,0,666,0,0,1,-1,0,1,-1,-1,-1,-1,-1,-1,0,0,
2026-04-02,13:31:22.710,7.45,98,100,100,-0.015,-0.35,72,0,8.28,-0.034,0.982,0.11,69,0,179.15,-4.40,10,0.00,4.20,4.21,4.20,4.21,4.20,4.19,4.21,4.20,33.71,0.0,-30,-30,0.0,0,11,-1024,0,0,666,0,0,1,-1,0,1,-1,-1,-1,-1,-1,-1,0,0,
2026-04-02,13:31:22.970,7.45,98,100,100,-0.014,-0.40,72,0,8.28,-0.033,0.982,0.00,66,0,179.15,-4.40,10,0.00,4.20,4.21,4.20,4.21,4.20,4.19,4.21,4.20,33.71,0.0,-30,-30,0.0,0,12,-1024,0,0,667,0,0,1,-1,0,1,-1,-1,-1,-1,-1,-1,0,0,
2026-04-02,13:31:23.240,7.46,99,100,100,-0.014,-0.37,72,0,8.28,-0.033,0.982,-0.01,67,0,179.15,-4.40,10,0.00,4.20,4.21,4.20,4.21,4.20,4.19,4.21,4.20,33.71,0.0,-30,-30,0.0,0,12,-1024,0,0,666,0,0,1,-1,0,1,-1,-1,-1,-1,-1,-1,0,0,
2026-04-02,13:31:23.500,7.46,100,100,100,-0.014,-0.35,72,0,8.28,-0.034,0.982,0.08,70,0,179.15,-4.40,10,0.00,4.20,4.21,4.20,4.21,4.20,4.20,4.21,4.20,33.71,0.0,-30,-30,0.0,0,12,-1024,0,0,666,0,0,1,-1,0,1,-1,-1,-1,-1,-1,-1,0,0,
2026-04-02,13:31:23.760,7.45,100,100,100,-0.013,-0.32,72,0,8.28,-0.033,0.982,0.08,68,0,179.14,-4.40,10,0.00,4.20,4.21,4.20,4.21,4.20,4.20,4.21,4.20,33.71,0.0,-30,-30,0.0,0,12,-1024,0,0,666,0,0,1,-1,0,1,-1,-1,-1,-1,-1,-1,0,0,
2026-04-02,13:31:24.030,7.46,100,100,100,-0.013,-0.31,72,0,8.28,-0.034,0.983,0.07,67,0,179.14,-4.41,10,0.00,4.20,4.20,4.20,4.21,4.20,4.20,4.21,4.20,33.71,0.0,-30,-30,0.0,0,11,-1024,0,0,666,0,0,1,-1,0,1,-1,-1,-1,-1,-1,-1,0,0,
2026-04-02,13:31:24.300,7.46,100,100,100,-0.015,-0.40,72,0,8.28,-0.033,0.983,-0.16,70,0,179.14,-4.40,10,0.00,4.20,4.20,4.20,4.21,4.20,4.20,4.21,4.20,33.71,0.0,-30,-30,0.0,0,11,-1024,0,0,666,0,0,1,-1,0,1,-1,-1,-1,-1,-1,-1,0,0,
2026-04-02,13:31:24.560,7.45,99,100,100,-0.014,-0.38,72,0,8.28,-0.034,0.982,-0.04,71,0,179.14,-4.41,10,0.00,4.20,4.20,4.20,4.21,4.20,4.20,4.21,4.20,33.71,0.0,-30,-30,0.0,0,12,-1024,0,0,667,0,0,1,-1,0,1,-1,-1,-1,-1,-1,-1,0,0,
2026-04-02,13:31:24.820,7.45,99,100,100,-0.015,-0.38,72,0,8.28,-0.034,0.983,-0.04,69,0,179.14,-4.41,10,0.00,4.20,4.20,4.20,4.21,4.20,4.19,4.21,4.20,33.71,0.0,-30,-30,0.0,0,11,-1024,0,0,666,0,0,1,-1,0,1,-1,-1,-1,-1,-1,-1,0,0,
2026-04-02,13:31:25.080,7.45,99,100,100,-0.015,-0.35,72,0,8.28,-0.033,0.983,0.08,70,0,179.14,-4.41,10,0.00,4.20,4.20,4.20,4.21,4.20,4.19,4.21,4.20,33.71,0.0,-30,-30,0.0,0,12,-1024,0,0,666,0,0,1,-1,0,1,-1,-1,-1,-1,-1,-1,0,0,
2026-04-02,13:31:25.340,7.46,100,100,100,-0.015,-0.42,72,0,8.28,-0.034,0.983,-0.10,73,0,179.14,-4.41,10,0.00,4.20,4.21,4.20,4.21,4.20,4.19,4.21,4.20,33.71,0.0,-30,-30,0.0,0,12,-1024,0,0,666,0,0,1,-1,0,1,-1,-1,-1,-1,-1,-1,0,0,
2026-04-02,13:31:25.610,7.45,100,100,100,-0.014,-0.44,72,0,8.28,-0.033,0.983,-0.09,70,0,179.14,-4.41,10,0.00,4.20,4.21,4.20,4.21,4.20,4.19,4.21,4.20,33.71,0.0,-30,-30,0.0,0,11,-1024,0,0,666,0,0,1,-1,0,1,-1,-1,-1,-1,-1,-1,0,0,
2026-04-02,13:31:25.880,7.45,100,100,100,-0.014,-0.46,72,0,8.28,-0.034,0.982,-0.08,71,0,179.14,-4.41,10,0.00,4.20,4.21,4.20,4.21,4.20,4.19,4.21,4.20,33.71,0.0,-30,-30,0.0,0,11,-1024,0,0,667,0,0,1,-1,0,1,-1,-1,-1,-1,-1,-1,0,0,
2026-04-02,13:31:26.140,7.46,100,100,100,-0.014,-0.39,72,0,8.28,-0.034,0.983,0.08,73,0,179.15,-4.41,10,0.00,4.20,4.21,4.20,4.21,4.20,4.19,4.21,4.20,33.71,0.0,-30,-30,0.0,0,12,-1024,0,0,667,0,0,1,-1,0,1,-1,-1,-1,-1,-1,-1,0,0,
2026-04-02,13:31:26.400,7.45,100,100,100,-0.014,-0.35,72,0,8.28,-0.032,0.983,0.15,71,0,179.15,-4.40,10,0.00,4.20,4.21,4.20,4.21,4.20,4.19,4.21,4.20,33.71,0.0,-30,-30,0.0,0,12,-1024,0,0,666,0,0,1,-1,0,1,-1,-1,-1,-1,-1,-1,0,0,
2026-04-02,13:31:26.670,7.45,100,100,100,-0.014,-0.30,72,0,8.28,-0.034,0.983,0.07,70,0,179.15,-4.40,10,0.00,4.20,4.21,4.20,4.21,4.20,4.19,4.21,4.20,33.71,0.0,-30,-30,0.0,0,12,-1024,0,0,666,0,0,1,-1,0,1,-1,-1,-1,-1,-1,-1,0,0,
2026-04-02,13:31:26.940,7.46,100,100,100,-0.016,-0.35,72,0,8.28,-0.033,0.983,-0.08,72,0,179.15,-4.40,10,0.00,4.20,4.21,4.20,4.21,4.20,4.19,4.21,4.20,33.71,0.0,-30,-30,0.0,0,12,-1024,0,0,666,0,0,1,-1,0,1,-1,-1,-1,-1,-1,-1,0,0,
2026-04-02,13:31:27.210,7.45,100,100,100,-0.015,-0.32,72,0,8.28,-0.035,0.983,0.03,70,0,179.15,-4.40,10,0.00,4.20,4.21,4.20,4.21,4.20,4.20,4.21,4.20,33.71,0.0,-30,-30,0.0,0,12,-1024,0,0,667,0,0,1,-1,0,1,-1,-1,-1,-1,-1,-1,0,0,
2026-04-02,13:31:27.470,7.46,100,100,100,-0.015,-0.28,72,0,8.28,-0.033,0.982,0.08,69,0,179.15,-4.40,10,0.00,4.20,4.21,4.20,4.21,4.20,4.20,4.21,4.20,33.71,0.0,-30,-30,0.0,0,12,-1024,0,0,666,0,0,1,-1,0,1,-1,-1,-1,-1,-1,-1,0,0,
2026-04-02,13:31:27.730,7.46,100,100,100,-0.013,-0.31,72,0,8.28,-0.034,0.982,0.00,70,0,179.15,-4.40,10,0.00,4.20,4.21,4.20,4.21,4.20,4.20,4.21,4.20,33.71,0.0,-30,-30,0.0,0,12,-1024,0,0,667,0,0,1,-1,0,1,-1,-1,-1,-1,-1,-1,0,0,
2026-04-02,13:31:27.990,7.45,100,100,100,-0.013,-0.36,72,0,8.28,-0.034,0.982,-0.12,73,0,179.14,-4.40,10,0.00,4.20,4.21,4.20,4.21,4.20,4.20,4.21,4.20,33.71,0.0,-30,-30,0.0,0,12,-1024,0,0,666,0,0,1,-1,0,1,-1,-1,-1,-1,-1,-1,0,0,
2026-04-02,13:31:28.260,7.45,100,100,100,-0.014,-0.32,72,0,8.28,-0.033,0.982,0.02,69,0,179.14,-4.40,10,0.00,4.20,4.21,4.20,4.21,4.21,4.19,4.21,4.20,33.71,0.0,-30,-30,0.0,0,11,-1024,0,0,666,0,0,1,-1,0,1,-1,-1,-1,-1,-1,-1,0,0,
2026-04-02,13:31:28.520,7.45,100,100,100,-0.014,-0.32,72,0,8.28,-0.034,0.982,0.02,71,0,179.14,-4.40,10,0.00,4.20,4.21,4.20,4.21,4.21,4.19,4.21,4.20,33.71,0.0,-30,-30,0.0,0,11,-1024,0,0,667,0,0,1,-1,0,1,-1,-1,-1,-1,-1,-1,0,0,
2026-04-02,13:31:28.790,7.46,100,100,100,-0.014,-0.32,72,0,8.28,-0.033,0.982,0.01,73,0,179.14,-4.40,10,0.00,4.20,4.21,4.20,4.21,4.21,4.19,4.21,4.20,33.71,0.0,-30,-30,0.0,0,11,-1024,0,0,666,0,0,1,-1,0,1,-1,-1,-1,-1,-1,-1,0,0,
2026-04-02,13:31:29.050,7.45,100,100,100,-0.014,-0.33,73,0,8.28,-0.033,0.982,-0.01,68,0,179.14,-4.40,10,0.00,4.20,4.21,4.20,4.21,4.21,4.19,4.21,4.20,33.71,0.0,-30,-30,0.0,0,12,-1024,0,0,666,0,0,1,-1,0,1,-1,-1,-1,-1,-1,-1,0,0,
2026-04-02,13:31:29.320,7.46,100,100,100,-0.014,-0.34,73,0,8.28,-0.033,0.983,-0.05,68,0,179.14,-4.40,10,0.00,4.20,4.21,4.20,4.21,4.21,4.19,4.21,4.20,33.71,0.0,-30,-30,0.0,0,12,-1024,0,0,666,0,0,1,-1,0,1,-1,-1,-1,-1,-1,-1,0,0,
2026-04-02,13:31:29.580,7.46,100,100,100,-0.014,-0.39,73,0,8.28,-0.033,0.983,-0.11,71,0,179.14,-4.40,10,0.00,4.20,4.21,4.20,4.21,4.20,4.19,4.21,4.20,33.71,0.0,-30,-30,0.0,0,11,-1024,0,0,666,0,0,1,-1,0,1,-1,-1,-1,-1,-1,-1,0,0,
2026-04-02,13:31:29.840,7.45,100,100,100,-0.014,-0.35,73,0,8.28,-0.034,0.982,0.02,69,0,179.14,-4.40,10,0.00,4.20,4.21,4.20,4.21,4.20,4.19,4.21,4.20,33.71,0.0,-30,-30,0.0,0,11,-1024,0,0,666,0,0,1,-1,0,1,-1,-1,-1,-1,-1,-1,0,0,
2026-04-02,13:31:30.110,7.46,100,100,100,-0.013,-0.29,73,0,8.28,-0.034,0.982,0.09,68,0,179.14,-4.40,10,0.00,4.20,4.21,4.20,4.21,4.20,4.19,4.21,4.20,33.71,0.0,-30,-30,0.0,0,11,-1024,0,0,667,0,0,1,-1,0,1,-1,-1,-1,-1,-1,-1,0,0,
2026-04-02,13:31:30.370,7.45,100,100,100,-0.014,-0.30,73,0,8.28,-0.034,0.982,0.11,70,0,179.14,-4.40,10,0.00,4.20,4.21,4.20,4.21,4.20,4.19,4.21,4.20,33.71,0.0,-30,-30,0.0,0,12,-1024,0,0,666,0,0,1,-1,0,1,-1,-1,-1,-1,-1,-1,0,0,
2026-04-02,13:31:30.630,7.45,100,100,100,-0.015,-0.34,72,0,8.28,-0.034,0.982,-0.07,69,0,179.14,-4.40,10,0.00,4.20,4.21,4.20,4.21,4.20,4.20,4.21,4.20,33.71,0.0,-30,-30,0.0,0,11,-1024,0,0,666,0,0,1,-1,0,1,-1,-1,-1,-1,-1,-1,0,0,
2026-04-02,13:31:30.890,7.45,100,100,100,-0.015,-0.32,72,0,8.28,-0.034,0.982,-0.02,68,0,179.15,-4.41,10,0.00,4.20,4.21,4.20,4.21,4.20,4.20,4.21,4.20,33.71,0.0,-30,-30,0.0,0,11,-1024,0,0,667,0,0,1,-1,0,1,-1,-1,-1,-1,-1,-1,0,0,
2026-04-02,13:31:31.150,7.45,100,100,100,-0.014,-0.33,72,0,8.28,-0.034,0.983,0.00,68,0,179.15,-4.41,10,0.00,4.20,4.21,4.20,4.21,4.20,4.20,4.21,4.20,33.71,0.0,-30,-30,0.0,0,11,-1024,0,0,666,0,0,1,-1,0,1,-1,-1,-1,-1,-1,-1,0,0,
2026-04-02,13:31:31.410,7.45,100,100,100,-0.014,-0.32,72,0,8.28,-0.034,0.982,0.00,72,0,179.15,-4.41,10,0.00,4.20,4.21,4.20,4.21,4.20,4.20,4.21,4.20,33.71,0.0,-30,-30,0.0,0,11,-1024,0,0,667,0,0,1,-1,0,1,-1,-1,-1,-1,-1,-1,0,0,
2026-04-02,13:31:31.670,7.45,100,100,100,-0.014,-0.24,72,0,8.28,-0.034,0.983,0.15,69,0,179.14,-4.41,10,0.00,4.20,4.21,4.20,4.21,4.20,4.20,4.21,4.20,33.71,0.0,-30,-30,0.0,0,12,-1024,0,0,666,0,0,1,-1,0,1,-1,-1,-1,-1,-1,-1,0,0,
2026-04-02,13:31:31.950,7.45,100,100,100,-0.014,-0.23,72,0,8.28,-0.033,0.982,0.12,71,0,179.14,-4.41,10,0.00,4.20,4.21,4.20,4.21,4.20,4.20,4.21,4.20,33.71,0.0,-30,-30,0.0,0,12,-1024,0,0,667,0,0,1,-1,0,1,-1,-1,-1,-1,-1,-1,0,0,
2026-04-02,13:31:32.220,7.45,100,100,100,-0.014,-0.25,71,0,8.28,-0.034,0.982,0.00,73,0,179.14,-4.41,10,0.00,4.20,4.21,4.20,4.21,4.20,4.20,4.21,4.20,33.71,0.0,-30,-30,0.0,0,12,-1024,0,0,666,0,0,1,-1,0,1,-1,-1,-1,-1,-1,-1,0,0,
2026-04-02,13:31:32.490,7.45,100,100,100,-0.014,-0.29,71,0,8.28,-0.033,0.982,-0.06,70,0,179.14,-4.41,10,0.00,4.20,4.21,4.20,4.21,4.20,4.20,4.21,4.20,33.71,0.0,-30,-30,0.0,0,11,-1024,0,0,667,0,0,1,-1,0,1,-1,-1,-1,-1,-1,-1,0,0,
2026-04-02,13:31:32.750,7.45,100,100,100,-0.015,-0.26,72,0,8.28,-0.033,0.982,0.07,70,0,179.14,-4.41,10,0.00,4.20,4.21,4.20,4.21,4.20,4.20,4.21,4.20,33.71,0.0,-30,-30,0.0,0,12,-1024,0,0,667,0,0,1,-1,0,1,-1,-1,-1,-1,-1,-1,0,0,
2026-04-02,13:31:33.010,7.45,100,100,100,-0.015,-0.26,72,0,8.28,-0.033,0.982,0.00,72,0,179.14,-4.41,10,0.00,4.20,4.21,4.20,4.21,4.20,4.20,4.21,4.20,33.71,0.0,-30,-30,0.0,0,12,-1024,0,0,667,0,0,1,-1,0,1,-1,-1,-1,-1,-1,-1,0,0,
2026-04-02,13:31:33.280,7.46,99,100,100,-0.014,-0.22,72,0,8.28,-0.033,0.983,0.08,66,0,179.14,-4.41,10,0.00,4.20,4.21,4.20,4.21,4.20,4.20,4.21,4.20,33.71,0.0,-30,-30,0.0,0,11,-1024,0,0,666,0,0,1,-1,0,1,-1,-1,-1,-1,-1,-1,0,0,
2026-04-02,13:31:33.540,7.45,99,100,100,-0.014,-0.21,72,0,8.28,-0.034,0.982,0.08,67,0,179.14,-4.41,10,0.00,4.20,4.21,4.20,4.21,4.20,4.20,4.21,4.20,33.71,0.0,-30,-30,0.0,0,11,-1024,0,0,666,0,0,1,-1,0,1,-1,-1,-1,-1,-1,-1,0,0,
2026-04-02,13:31:33.800,7.45,99,100,100,-0.013,-0.27,72,0,8.28,-0.035,0.982,-0.06,69,0,179.14,-4.41,10,0.00,4.20,4.21,4.20,4.21,4.20,4.20,4.21,4.20,33.71,0.0,-30,-30,0.0,0,11,-1024,0,0,667,0,0,1,-1,0,1,-1,-1,-1,-1,-1,-1,0,0,
2026-04-02,13:31:34.070,7.45,100,100,100,-0.013,-0.28,72,0,8.28,-0.035,0.982,-0.11,68,0,179.14,-4.41,10,0.00,4.20,4.21,4.20,4.21,4.20,4.20,4.21,4.20,33.71,0.0,-30,-30,0.0,0,12,-1024,0,0,666,0,0,1,-1,0,1,-1,-1,-1,-1,-1,-1,0,0,
2026-04-02,13:31:34.330,7.45,100,100,100,-0.015,-0.24,72,0,8.28,-0.033,0.983,0.05,65,0,179.14,-4.41,10,0.00,4.20,4.21,4.20,4.21,4.21,4.19,4.21,4.20,33.71,0.0,-30,-30,0.0,0,11,-1023,0,0,667,0,0,1,-1,0,1,-1,-1,-1,-1,-1,-1,0,0,
2026-04-02,13:31:34.590,7.45,100,100,100,-0.015,-0.24,72,0,8.28,-0.034,0.982,0.03,67,0,179.14,-4.41,10,0.00,4.20,4.21,4.20,4.21,4.21,4.19,4.21,4.20,33.71,0.0,-30,-30,0.0,0,12,-1024,0,0,666,0,0,1,-1,0,1,-1,-1,-1,-1,-1,-1,0,0,
2026-04-02,13:31:34.860,7.46,100,100,100,-0.014,-0.21,72,0,8.28,-0.034,0.983,0.03,65,0,179.14,-4.41,10,0.00,4.20,4.21,4.20,4.21,4.21,4.19,4.21,4.20,33.71,0.0,-30,-30,0.0,-1,11,-933,0,0,667,0,0,1,-1,0,1,-1,-1,-1,-1,-1,-1,0,0,
2026-04-02,13:31:35.120,7.45,100,100,100,-0.030,-0.19,72,0,8.28,-0.037,0.983,0.09,65,0,179.14,-4.42,10,0.00,4.20,4.21,4.20,4.21,4.21,4.19,4.21,4.20,33.70,0.4,-30,-30,0.0,0,11,-778,0,0,666,0,0,1,-1,0,1,-1,-1,-1,-1,-1,-1,0,0,
2026-04-02,13:31:35.380,7.45,100,100,100,-0.025,-0.22,72,0,8.28,-0.034,0.982,0.00,67,0,179.14,-4.40,10,0.00,4.20,4.21,4.20,4.21,4.20,4.20,4.21,4.20,33.70,0.4,-30,-30,0.0,0,0,-775,0,0,666,0,0,1,-1,0,1,-1,-1,-1,-1,-1,-1,0,0,
2026-04-02,13:31:35.640,7.45,100,100,100,-0.023,-0.34,72,0,8.28,-0.033,0.979,-0.16,69,0,179.14,-4.40,10,0.00,4.20,4.21,4.20,4.21,4.20,4.20,4.21,4.20,33.70,0.2,-30,-30,0.0,0,9,-775,0,0,667,0,0,1,-1,0,1,-1,-1,-1,-1,-1,-1,0,0,
2026-04-02,13:31:35.910,7.45,100,100,100,-0.015,-0.39,73,0,8.28,-0.036,0.986,-0.18,66,0,179.14,-4.40,10,0.00,4.20,4.21,4.20,4.21,4.20,4.20,4.21,4.20,33.70,0.2,-30,-30,0.0,0,0,-774,0,0,666,0,0,1,-1,0,1,-1,-1,-1,-1,-1,-1,0,0,
2026-04-02,13:31:36.180,7.46,100,100,100,-0.007,-0.40,73,0,8.28,-0.031,0.978,-0.11,68,0,179.14,-4.40,10,0.00,4.20,4.21,4.20,4.21,4.20,4.20,4.21,4.20,33.70,0.0,-30,-30,0.0,0,0,-705,0,0,666,0,0,1,-1,0,1,-1,-1,-1,-1,-1,-1,0,0,
2026-04-02,13:31:36.440,7.46,100,100,100,-0.010,-0.41,73,0,8.28,-0.034,0.985,-0.01,69,0,179.13,-4.38,10,0.00,4.20,4.21,4.20,4.20,4.20,4.20,4.21,4.20,33.70,0.0,-30,-30,0.0,0,0,-669,0,0,666,0,0,1,-1,0,1,-1,-1,-1,-1,-1,-1,0,0,
2026-04-02,13:31:36.700,7.45,100,100,100,-0.023,-0.42,74,0,8.28,-0.033,0.979,-0.09,64,0,179.13,-4.38,10,0.00,4.20,4.21,4.20,4.20,4.20,4.19,4.21,4.20,33.67,0.9,-30,-30,6.1,0,6,-589,0,0,666,0,0,1,-1,0,1,-1,-1,-1,-1,-1,-1,0,0,
2026-04-02,13:31:36.970,7.45,100,100,100,-0.013,-0.49,74,0,8.28,-0.031,0.991,-0.11,65,0,179.11,-4.31,10,0.00,4.20,4.21,4.20,4.20,4.20,4.19,4.21,4.20,33.67,0.9,-30,-30,8.9,0,10,-589,0,0,666,0,0,1,-1,0,1,-1,-1,-1,-1,-1,-1,0,0,
2026-04-02,13:31:37.240,7.45,100,100,100,-0.009,-0.44,74,0,8.28,-0.030,0.974,0.00,67,0,179.12,-4.32,10,0.00,4.20,4.20,4.20,4.20,4.20,4.19,4.21,4.20,33.67,1.3,-30,-30,6.1,0,2,-589,0,0,666,0,0,1,-1,0,1,-1,-1,-1,-1,-1,-1,0,0,
2026-04-02,13:31:37.510,7.46,100,100,100,-0.018,-0.46,74,0,8.28,-0.032,0.974,0.01,67,0,179.12,-4.32,10,0.00,4.20,4.20,4.20,4.20,4.20,4.19,4.21,4.20,33.67,1.3,-30,-30,0.0,0,0,-483,0,0,666,0,0,1,-1,0,1,-1,-1,-1,-1,-1,-1,0,0,
2026-04-02,13:31:37.780,7.46,100,100,100,-0.004,-0.45,74,0,8.25,-0.038,0.979,-0.01,66,0,179.09,-4.29,10,0.00,4.20,4.20,4.20,4.20,4.20,4.18,4.21,4.20,33.64,2.4,-30,-30,12.4,-291,-8,-257,0,0,667,0,0,1,-1,0,1,-1,-1,-1,-1,-1,-1,0,0,
2026-04-02,13:31:38.040,7.46,100,100,100,-0.021,-0.50,74,0,8.20,-0.017,0.987,-0.07,68,0,179.08,-3.95,10,0.00,4.20,4.20,4.20,4.20,4.20,4.18,4.21,4.20,33.64,2.4,-30,-30,8.9,-426,-44,-78,0,0,667,0,0,1,-1,0,1,-1,-1,-1,-1,-1,-1,0,0,
2026-04-02,13:31:38.300,7.45,100,100,100,-0.013,-0.87,74,0,8.19,-0.031,0.983,-0.28,63,0,179.06,-3.86,10,0.00,4.20,4.20,4.20,4.20,4.20,4.18,4.19,4.18,33.51,10.9,-30,-30,8.9,-465,-72,10,0,0,667,0,0,1,-1,0,1,-1,-1,-1,-1,-1,-1,0,0,
2026-04-02,13:31:38.570,7.45,100,100,100,0.024,-1.17,74,0,8.21,-0.126,1.019,-0.86,62,0,179.04,-3.80,10,0.00,4.17,4.17,4.20,4.20,4.20,4.18,4.19,4.18,33.51,17.2,-30,-30,0.0,-523,-128,99,0,0,666,0,0,1,-1,0,1,-1,-1,-1,-1,-1,-1,0,0,
2026-04-02,13:31:38.840,7.45,100,100,100,-0.008,-1.45,74,0,8.24,-0.193,0.987,-0.95,66,0,179.39,-4.90,10,0.00,4.17,4.17,4.15,4.15,4.20,4.18,4.19,4.18,33.34,17.2,-30,-30,6.1,-218,-324,105,0,0,666,0,0,1,-1,0,1,-1,-1,-1,-1,-1,-1,0,0,
2026-04-02,13:31:39.100,7.45,100,100,100,0.027,-1.54,74,0,8.20,-0.268,0.926,-0.61,67,0,179.39,-7.24,10,0.00,4.17,4.17,4.15,4.15,4.14,4.13,4.19,4.18,33.19,18.9,-30,-30,6.1,0,-435,104,0,0,666,0,0,1,-1,0,1,-1,-1,-1,-1,-1,-1,0,0,
2026-04-02,13:31:39.360,7.45,100,100,100,0.002,-1.54,73,0,8.22,-0.238,0.889,-0.27,67,0,179.42,-7.84,10,0.00,4.17,4.17,4.15,4.15,4.14,4.13,4.12,4.12,33.19,18.9,-30,-30,0.0,-74,-493,140,0,0,666,0,0,1,-1,0,1,-1,-1,-1,-1,-1,-1,0,0,
2026-04-02,13:31:39.630,7.45,99,100,100,0.030,-1.69,73,0,8.25,-0.248,0.874,-0.32,66,0,179.64,-9.43,10,0.00,4.10,4.11,4.15,4.15,4.14,4.13,4.12,4.12,32.92,21.5,-30,-30,6.1,-179,-441,394,0,0,666,0,0,1,-1,0,1,-1,-1,-1,-1,-1,-1,0,0,
2026-04-02,13:31:39.900,7.45,99,100,100,0.070,-1.91,72,0,8.27,-0.359,0.838,-0.57,64,0,-155.03,-11.01,10,0.00,4.10,4.11,4.08,4.09,4.14,4.13,4.12,4.12,32.92,21.5,-30,-30,8.9,-299,-415,423,0,0,666,0,0,1,-1,0,1,-1,-1,-1,-1,-1,-1,0,0,
2026-04-02,13:31:40.160,7.46,99,100,100,-0.020,-2.41,70,0,8.27,-0.401,0.993,-1.20,64,0,-179.38,-12.10,10,0.00,4.10,4.11,4.08,4.09,4.06,4.06,4.12,4.12,32.63,35.0,-30,-30,12.4,-359,-402,434,0,0,667,0,0,1,-1,0,1,-1,-1,-1,-1,-1,-1,0,0,
2026-04-02,13:31:40.430,7.46,99,100,100,0.072,-2.81,69,0,8.28,-0.364,1.028,-1.40,66,0,-179.00,-13.95,10,0.00,4.10,4.11,4.08,4.09,4.06,4.06,4.12,4.12,32.63,35.0,-30,-30,13.9,-429,-407,476,0,0,667,0,0,1,-1,0,1,-1,-1,-1,-1,-1,-1,0,0,
2026-04-02,13:31:40.690,7.46,99,100,100,0.024,-3.11,67,0,8.28,-0.330,1.004,-1.23,62,0,-178.52,-14.89,10,0.00,4.10,4.11,4.08,4.09,4.06,4.06,4.04,4.05,32.33,37.5,-30,-30,13.9,-415,-414,507,0,0,667,0,0,1,-1,0,1,-1,-1,-1,-1,-1,-1,0,0,
2026-04-02,13:31:40.950,7.46,98,100,100,-0.020,-3.45,66,0,8.28,-0.310,1.124,-0.70,60,0,-177.78,-16.10,10,0.00,3.99,4.02,4.08,4.09,4.06,4.06,4.04,4.05,32.33,37.5,-30,-30,18.5,-445,-438,563,0,0,667,0,0,1,-1,0,1,-1,-1,-1,-1,-1,-1,0,0,
2026-04-02,13:31:41.210,7.45,98,100,100,0.057,-3.71,66,0,8.28,-0.358,1.010,-0.76,55,0,-177.60,-16.46,10,0.00,3.99,4.02,3.98,3.99,4.06,4.06,4.04,4.05,32.02,44.1,-30,-30,25.0,-403,-453,580,0,0,666,0,0,1,-1,0,1,-1,-1,-1,-1,-1,-1,0,0,
2026-04-02,13:31:41.480,7.45,98,100,100,0.036,-3.96,65,0,8.28,-0.338,0.924,-0.84,57,0,-177.54,-17.41,10,0.00,3.99,4.02,3.98,3.99,3.96,3.95,4.04,4.05,32.02,44.1,-30,-30,30.0,-335,-463,627,0,0,666,0,0,1,-1,0,1,-1,-1,-1,-1,-1,-1,0,0,
2026-04-02,13:31:41.740,7.45,99,100,100,0.060,-4.07,65,0,8.28,-0.430,1.071,-0.64,58,0,-177.18,-18.47,10,0.00,3.99,4.02,3.98,3.99,3.96,3.95,3.95,3.96,31.69,48.6,-30,-30,30.0,-335,-357,650,-54,0,666,0,0,1,-1,0,1,-1,-1,-1,-1,-1,-1,0,0,
2026-04-02,13:31:42.000,7.46,100,100,100,0.067,-4.24,64,0,8.28,-0.391,0.926,-0.53,55,0,-176.93,-19.02,10,0.00,3.90,3.93,3.98,3.99,3.96,3.95,3.95,3.96,31.69,48.6,-30,-30,35.9,-275,-340,697,-67,0,666,0,0,1,-1,0,1,-1,-1,-1,-1,-1,-1,0,0,
2026-04-02,13:31:42.260,7.46,99,100,100,0.029,-4.45,61,0,8.28,-0.351,0.952,-0.69,55,0,-176.92,-19.09,10,0.00,3.90,3.93,3.89,3.90,3.96,3.95,3.95,3.96,31.36,53.8,-30,-30,41.7,-313,-336,722,-151,0,666,0,0,1,-1,0,1,-1,-1,-1,-1,-1,-1,0,0,
2026-04-02,13:31:42.520,7.46,99,100,100,0.063,-4.61,58,0,8.28,-0.379,1.048,-0.62,55,0,-177.01,-19.32,10,0.00,3.90,3.93,3.89,3.90,3.96,3.95,3.95,3.96,31.36,53.8,-30,-30,46.1,-313,-387,736,-160,0,667,0,0,1,-1,0,1,-1,-1,-1,-1,-1,-1,0,0,
2026-04-02,13:31:42.780,7.45,98,100,100,0.143,-4.76,55,0,8.28,-0.372,0.989,-0.52,52,0,-176.79,-20.89,10,0.00,3.90,3.93,3.89,3.90,3.87,3.86,3.95,3.96,31.05,59.2,-30,-30,46.1,-271,-393,745,-139,0,666,0,0,1,-1,0,1,-1,-1,-1,-1,-1,-1,0,0,
2026-04-02,13:31:43.050,7.46,99,100,100,0.184,-4.79,55,0,8.28,-0.421,0.933,-0.36,52,0,-176.34,-24.34,10,0.00,3.90,3.93,3.89,3.90,3.87,3.86,3.87,3.87,31.05,59.2,-30,-30,49.3,-160,-178,753,-86,0,666,0,0,1,-1,0,1,-1,-1,-1,-1,-1,-1,0,0,
2026-04-02,13:31:43.310,7.46,99,100,100,0.167,-4.72,56,0,8.28,-0.436,0.837,0.00,52,0,-175.69,-26.32,10,0.00,3.81,3.85,3.89,3.90,3.87,3.86,3.87,3.87,30.77,60.3,-30,-30,47.8,-100,-74,772,-25,0,666,0,0,1,-1,0,1,-1,-1,-1,-1,-1,-1,0,0,
2026-04-02,13:31:43.580,7.46,100,100,100,0.142,-4.46,57,0,8.28,-0.464,0.876,0.49,51,0,-177.61,-26.97,10,0.00,3.81,3.85,3.82,3.84,3.87,3.86,3.87,3.87,30.53,63.1,-30,-30,50.2,-63,-294,783,11,0,666,0,0,1,-1,0,1,-1,-1,-1,-1,-1,-1,0,0,
2026-04-02,13:31:43.850,7.46,100,100,100,0.178,-4.16,57,0,8.26,-0.463,0.936,0.87,47,0,-177.44,-27.21,10,0.00,3.81,3.85,3.82,3.84,3.81,3.78,3.87,3.87,30.53,63.1,-30,-30,52.0,0,-338,792,137,0,667,0,0,1,-1,0,1,-1,-1,-1,-1,-1,-1,0,0,
2026-04-02,13:31:44.120,7.46,100,100,100,0.181,-3.88,57,0,8.27,-0.463,1.056,0.55,46,0,-177.35,-29.89,10,0.00,3.81,3.85,3.82,3.84,3.81,3.78,3.82,3.82,30.31,64.3,-30,-30,52.6,75,-158,796,248,0,666,0,0,1,-1,0,1,-1,-1,-1,-1,-1,-1,0,0,
2026-04-02,13:31:44.380,7.45,100,100,100,0.176,-3.52,57,0,8.21,-0.437,0.956,0.89,48,0,167.86,-32.00,10,0.00,3.76,3.80,3.82,3.84,3.81,3.78,3.82,3.82,30.31,64.3,-30,-30,57.8,229,-313,796,553,0,666,0,0,1,-1,0,1,-1,-1,-1,-1,-1,-1,0,0,
2026-04-02,13:31:44.640,7.45,100,100,100,0.148,-3.35,57,0,8.21,-0.407,0.993,0.90,49,0,162.76,-31.35,10,0.00,3.76,3.80,3.82,3.84,3.81,3.78,3.82,3.82,30.13,64.3,-30,-30,62.4,316,-450,796,519,0,666,0,0,1,-1,0,1,-1,-1,-1,-1,-1,-1,0,1,
2026-04-02,13:31:44.910,7.45,100,100,100,0.132,-3.26,57,0,8.22,-0.402,1.163,0.45,50,0,159.80,-32.99,10,0.00,3.76,3.80,3.77,3.78,3.81,3.78,3.82,3.82,30.13,64.3,-30,-30,63.7,388,-255,794,599,0,667,0,0,1,-1,0,1,-1,-1,-1,-1,-1,-1,0,1,
2026-04-02,13:31:45.170,7.45,100,100,100,0.117,-3.10,57,0,8.19,-0.394,1.205,0.50,51,0,158.77,-34.69,10,0.00,3.76,3.80,3.77,3.78,3.78,3.75,3.82,3.82,29.99,64.0,-30,-30,63.7,546,-251,793,798,0,667,0,0,1,-1,0,1,-1,-1,-1,-1,-1,-1,0,1,
2026-04-02,13:31:45.430,7.45,100,100,100,0.117,-3.10,58,0,8.23,-0.370,1.188,0.72,54,0,165.91,-35.84,10,0.00,3.76,3.80,3.77,3.78,3.78,3.75,3.79,3.79,29.99,64.0,-30,-30,66.1,432,-112,793,454,0,667,0,0,1,-1,0,1,-1,-1,-1,-1,-1,-1,0,1,
2026-04-02,13:31:45.700,7.45,100,100,100,0.128,-2.64,59,0,8.26,-0.336,1.112,0.72,55,0,176.35,-35.53,10,0.00,3.73,3.78,3.77,3.78,3.78,3.75,3.79,3.79,29.88,63.2,-30,-30,70.0,280,-120,793,368,0,666,0,0,1,-1,0,1,-1,-1,-1,-1,-1,-1,0,1,
2026-04-02,13:31:45.960,7.45,100,100,100,0.124,-2.29,60,0,8.27,-0.331,1.192,1.01,57,0,178.10,-36.11,10,0.00,3.73,3.78,3.75,3.76,3.78,3.75,3.79,3.79,29.88,63.2,-30,-30,71.1,305,-94,794,349,0,666,0,0,1,-1,0,1,-1,-1,-1,-1,-1,-1,0,1,
2026-04-02,13:31:46.220,7.45,100,100,100,0.087,-1.93,61,0,8.28,-0.345,1.322,1.12,58,0,-174.80,-38.51,10,0.00,3.73,3.78,3.75,3.76,3.77,3.73,3.79,3.79,29.79,62.9,-30,-30,72.2,218,-122,793,96,0,666,0,0,1,-1,0,1,-1,-1,-1,-1,-1,-1,0,1,
2026-04-02,13:31:46.480,7.45,100,100,100,0.093,-1.42,60,0,8.28,-0.331,1.187,1.43,60,0,-172.38,-39.66,10,0.00,3.73,3.78,3.75,3.76,3.77,3.73,3.77,3.77,29.79,62.9,-30,-30,71.9,84,1,786,0,0,667,0,0,1,-1,0,1,-1,-1,-1,-1,-1,-1,0,1,
2026-04-02,13:31:46.760,7.45,100,100,100,0.099,0.33,58,0,8.28,-0.333,1.176,2.85,61,0,-171.45,-42.09,10,0.00,3.73,3.78,3.75,3.76,3.77,3.73,3.77,3.77,29.72,62.6,-30,-30,71.1,18,11,769,-45,0,667,0,0,1,-1,0,1,-1,-1,-1,-1,-1,-1,0,1,
2026-04-02,13:31:47.030,7.46,100,100,100,0.118,1.40,55,0,8.28,-0.301,1.031,3.46,61,0,-174.16,-43.47,10,0.00,3.71,3.77,3.75,3.76,3.77,3.73,3.77,3.77,29.72,62.6,-30,-30,71.1,35,-53,771,12,0,666,0,0,1,-1,0,1,-1,-1,-1,-1,-1,-1,0,1,
2026-04-02,13:31:47.290,7.46,99,100,100,0.126,2.60,53,0,8.28,-0.318,1.031,3.80,63,0,-176.10,-44.06,10,0.00,3.71,3.77,3.74,3.76,3.77,3.73,3.77,3.77,29.67,60.4,-30,-30,71.1,51,3,771,0,0,667,0,0,1,-1,0,1,-1,-1,-1,-1,-1,-1,0,1,
2026-04-02,13:31:47.560,7.45,98,100,100,0.107,3.87,52,0,8.28,-0.329,1.086,4.18,62,0,174.26,-46.84,10,0.00,3.71,3.77,3.74,3.76,3.76,3.73,3.77,3.77,29.67,60.5,-30,-30,70.9,117,-31,772,114,0,667,0,0,1,-1,0,1,-1,-1,-1,-1,-1,-1,0,1,
2026-04-02,13:31:47.820,7.46,97,100,100,0.111,5.21,52,0,8.28,-0.328,1.040,4.49,62,0,175.45,-47.91,10,0.00,3.71,3.77,3.74,3.76,3.76,3.73,3.77,3.77,29.62,60.5,-30,-30,69.3,146,-27,771,205,0,666,0,0,1,-1,0,1,-1,-1,-1,-1,-1,-1,0,1,
2026-04-02,13:31:48.090,7.46,98,100,100,0.104,6.57,53,0,8.28,-0.346,0.935,4.58,62,0,174.11,-46.78,10,0.00,3.71,3.77,3.74,3.76,3.76,3.73,3.77,3.77,29.62,60.9,-30,-30,66.5,154,-32,770,308,0,667,0,0,1,-1,0,1,-1,-1,-1,-1,-1,-1,0,1,
2026-04-02,13:31:48.350,7.45,99,100,100,0.125,8.02,53,0,8.28,-0.408,1.263,4.81,61,0,177.55,-46.44,10,0.00,3.71,3.77,3.74,3.75,3.76,3.73,3.77,3.77,29.58,60.9,-30,-30,66.1,150,6,768,374,0,666,0,0,1,-1,0,1,-1,-1,-1,-1,-1,-1,0,1,
2026-04-02,13:31:48.610,7.45,100,100,100,0.120,10.00,50,0,8.28,-0.386,1.129,5.79,59,0,177.80,-46.44,10,0.00,3.71,3.77,3.74,3.75,3.76,3.72,3.77,3.77,29.54,60.7,-30,-30,65.9,42,0,769,14,0,667,0,0,1,-1,0,1,-1,-1,-1,-1,-1,-1,0,1,
2026-04-02,13:31:48.870,7.45,99,100,100,0.104,11.80,48,0,8.28,-0.337,0.880,6.43,59,0,176.28,-43.94,10,0.00,3.71,3.77,3.74,3.75,3.76,3.72,3.76,3.76,29.54,60.7,-30,-30,65.2,0,189,770,421,0,667,0,0,1,-1,0,1,-1,-1,-1,-1,-1,-1,0,1,
2026-04-02,13:31:49.140,7.45,98,100,100,0.091,13.01,48,0,8.26,-0.323,0.751,5.14,58,0,177.96,-42.96,10,0.00,3.71,3.77,3.74,3.75,3.76,3.72,3.76,3.76,29.50,60.6,-30,-30,65.2,0,86,771,385,0,666,0,0,1,-1,0,1,-1,-1,-1,-1,-1,-1,0,1,
2026-04-02,13:31:49.400,7.45,97,100,100,0.150,14.44,49,0,8.27,-0.369,0.878,4.89,54,0,-176.90,-42.86,10,0.00,3.70,3.76,3.74,3.75,3.76,3.72,3.76,3.76,29.50,60.6,-30,-30,63.2,0,200,771,235,0,666,0,0,1,-1,0,1,-1,-1,-1,-1,-1,-1,0,1,
2026-04-02,13:31:49.660,7.45,97,100,100,0.178,16.17,50,0,8.27,-0.374,0.805,5.43,52,0,-178.64,-41.44,10,0.00,3.70,3.76,3.73,3.74,3.76,3.72,3.76,3.76,29.47,60.9,-30,-30,63.2,0,288,771,165,0,667,0,0,1,-1,0,1,-1,-1,-1,-1,-1,-1,0,1,
2026-04-02,13:31:49.920,7.45,97,100,100,0.172,19.93,50,0,8.28,-0.374,0.609,6.25,48,0,156.79,-39.81,10,0.00,3.70,3.76,3.73,3.74,3.75,3.71,3.76,3.76,29.47,60.9,-30,-30,59.8,0,336,771,362,0,667,0,0,1,-1,0,1,-1,-1,-1,-1,-1,-1,0,1,
2026-04-02,13:31:50.180,7.46,98,100,100,0.156,21.43,50,0,8.28,-0.352,0.520,5.83,45,0,168.57,-35.99,10,0.00,3.70,3.76,3.73,3.74,3.75,3.71,3.76,3.76,29.43,60.9,-30,-30,59.8,0,171,771,460,0,667,0,0,1,-1,0,1,-1,-1,-1,-1,-1,-1,0,1,
2026-04-02,13:31:50.460,7.45,98,100,100,0.156,22.67,50,0,8.28,-0.358,0.701,4.91,42,0,160.57,-31.71,10,0.00,3.69,3.75,3.73,3.74,3.75,3.71,3.76,3.76,29.43,60.9,-30,-30,61.1,0,142,771,542,0,667,0,0,1,-1,0,1,-1,-1,-1,-1,-1,-1,0,1,
2026-04-02,13:31:50.720,7.45,99,100,100,0.139,23.85,49,0,8.28,-0.362,0.723,4.42,41,0,158.90,-28.79,10,0.00,3.69,3.75,3.72,3.74,3.75,3.71,3.76,3.76,29.40,60.7,-30,-30,60.2,0,0,771,625,0,666,0,0,1,-1,0,1,-1,-1,-1,-1,-1,-1,0,1,
2026-04-02,13:31:50.980,7.45,98,98,98,0.137,24.83,49,0,8.28,-0.358,0.798,3.83,42,0,161.05,-27.19,10,0.00,3.69,3.75,3.72,3.74,3.74,3.70,3.76,3.76,29.40,60.7,-30,-30,61.9,0,-25,770,653,0,666,0,0,1,-1,0,1,-1,-1,-1,-1,-1,-1,0,1,
2026-04-02,13:31:51.250,7.45,99,99,96,0.181,25.76,49,0,8.28,-0.344,0.845,3.44,40,0,167.70,-25.11,10,0.00,3.69,3.75,3.72,3.74,3.74,3.70,3.76,3.76,29.38,60.7,-30,-30,65.2,0,0,771,318,0,667,0,0,1,-1,0,1,-1,-1,-1,-1,-1,-1,0,1,
2026-04-02,13:31:51.520,7.45,99,99,96,0.187,26.52,50,0,8.28,-0.315,0.877,3.06,41,0,165.52,-23.58,10,0.00,3.69,3.75,3.72,3.74,3.74,3.70,3.75,3.75,29.38,60.7,-30,-30,65.2,0,-109,771,511,0,666,0,0,1,-1,0,1,-1,-1,-1,-1,-1,-1,0,1,
2026-04-02,13:31:51.780,7.45,99,99,96,0.161,27.04,50,0,8.28,-0.293,0.805,2.37,42,0,162.34,-23.55,10,0.00,3.68,3.75,3.72,3.74,3.74,3.70,3.75,3.75,29.36,60.5,-30,-30,68.0,0,-200,771,617,0,666,0,0,1,-1,0,1,-1,-1,-1,-1,-1,-1,0,1,
2026-04-02,13:31:52.040,7.46,98,98,96,0.138,27.37,50,0,8.28,-0.314,0.953,1.60,43,0,163.60,-24.64,10,0.00,3.68,3.75,3.72,3.73,3.74,3.70,3.75,3.75,29.36,60.5,-30,-30,68.2,0,-208,771,621,0,666,0,0,1,-1,0,1,-1,-1,-1,-1,-1,-1,0,1,
2026-04-02,13:31:52.300,7.45,98,98,96,0.155,27.37,50,0,8.25,-0.331,1.028,1.24,46,0,168.62,-25.00,10,0.00,3.68,3.75,3.72,3.73,3.74,3.70,3.75,3.75,29.35,60.6,-30,-30,67.4,0,-131,771,455,0,667,0,0,1,-1,0,1,-1,-1,-1,-1,-1,-1,0,1,
2026-04-02,13:31:52.560,7.45,98,98,96,0.161,28.24,52,0,8.26,-0.314,1.120,1.59,48,0,172.98,-26.03,10,0.00,3.68,3.75,3.72,3.73,3.74,3.70,3.75,3.75,29.35,60.1,-30,-30,68.0,0,-133,772,458,0,666,0,0,1,-1,0,1,-1,-1,-1,-1,-1,-1,0,1,
2026-04-02,13:31:52.820,7.45,100,100,96,0.176,28.75,54,0,8.27,-0.323,1.048,1.78,50,0,170.67,-26.20,10,0.00,3.68,3.75,3.72,3.73,3.74,3.70,3.75,3.75,29.34,60.1,-30,-30,70.0,0,-99,772,409,0,666,0,0,1,-1,0,1,-1,-1,-1,-1,-1,-1,0,1,
2026-04-02,13:31:53.090,7.45,100,100,96,0.158,29.72,56,0,8.28,-0.257,1.048,1.72,53,0,162.72,-26.13,10,0.00,3.68,3.75,3.72,3.73,3.74,3.70,3.75,3.75,29.34,59.9,-30,-30,74.6,0,-92,772,423,0,666,0,0,1,-1,0,1,-1,-1,-1,-1,-1,-1,0,1,
2026-04-02,13:31:53.350,7.45,100,100,96,0.162,29.88,56,0,8.28,-0.308,1.126,0.99,56,0,159.95,-26.41,10,0.00,3.68,3.75,3.72,3.73,3.74,3.70,3.75,3.75,29.34,59.9,-30,-30,71.3,0,-161,772,507,0,666,0,0,1,-1,0,1,-1,-1,-1,-1,-1,-1,0,1,
2026-04-02,13:31:53.620,7.45,100,100,96,0.127,30.25,55,0,8.28,-0.212,0.906,1.14,56,0,159.34,-26.24,10,0.00,3.68,3.75,3.72,3.73,3.74,3.69,3.75,3.75,29.34,59.7,-30,-30,77.6,0,-171,771,542,0,666,0,0,1,-1,0,1,-1,-1,-1,-1,-1,-1,0,1,
2026-04-02,13:31:53.880,7.45,100,100,96,0.135,30.34,52,0,8.28,-0.221,1.302,0.70,57,0,166.80,-28.21,10,0.00,3.68,3.75,3.72,3.73,3.74,3.69,3.75,3.75,29.34,59.7,-30,-30,77.6,0,-139,771,486,0,666,0,0,1,-1,0,1,-1,-1,-1,-1,-1,-1,0,1,
2026-04-02,13:31:54.140,7.45,98,98,96,0.143,30.34,51,0,8.28,-0.251,1.272,1.03,58,0,169.75,-29.92,10,0.00,3.68,3.74,3.72,3.73,3.74,3.69,3.75,3.75,29.33,59.4,-30,-30,75.6,0,-123,772,418,0,666,0,0,1,-1,0,1,-1,-1,-1,-1,-1,-1,0,1,
2026-04-02,13:31:54.400,7.45,96,96,96,0.134,31.33,50,0,8.28,-0.257,1.230,1.58,56,0,168.79,-31.85,10,0.00,3.68,3.74,3.72,3.73,3.74,3.69,3.75,3.75,29.33,59.4,-30,-30,76.7,0,-189,772,435,0,666,0,0,1,-1,0,1,-1,-1,-1,-1,-1,-1,0,1,
2026-04-02,13:31:54.660,7.45,96,96,96,0.125,31.82,50,0,8.28,-0.260,1.258,1.66,53,0,167.30,-32.87,10,0.00,3.68,3.74,3.72,3.73,3.74,3.69,3.75,3.75,29.33,59.2,-30,-30,76.7,0,-186,771,454,0,666,0,0,1,-1,0,1,-1,-1,-1,-1,-1,-1,0,1,
2026-04-02,13:31:54.930,7.45,95,98,98,0.110,32.36,49,0,8.26,-0.266,1.265,1.76,54,0,166.15,-35.23,10,0.00,3.68,3.74,3.72,3.73,3.74,3.69,3.75,3.74,29.33,59.2,-30,-30,75.6,0,-258,771,503,0,667,0,0,1,-1,0,1,-1,-1,-1,-1,-1,-1,0,1,
2026-04-02,13:31:55.200,7.45,93,99,99,0.125,33.10,48,0,8.27,-0.292,1.272,2.17,50,0,167.99,-38.44,10,0.00,3.68,3.74,3.72,3.73,3.74,3.69,3.75,3.74,29.32,59.4,-30,-30,73.2,0,-90,771,454,0,666,0,0,1,-1,0,1,-1,-1,-1,-1,-1,-1,0,1,
2026-04-02,13:31:55.470,7.45,93,100,100,0.129,33.99,46,0,8.27,-0.292,1.230,2.70,49,0,167.87,-39.64,10,0.00,3.68,3.74,3.71,3.73,3.74,3.69,3.75,3.74,29.32,59.4,-30,-30,73.0,0,0,771,505,0,667,0,0,1,-1,0,1,-1,-1,-1,-1,-1,-1,0,1,
2026-04-02,13:31:55.740,7.46,93,100,100,0.185,35.03,45,0,8.28,-0.269,0.880,3.22,49,0,166.22,-38.51,10,0.00,3.68,3.74,3.71,3.73,3.74,3.69,3.75,3.74,29.31,59.8,-30,-30,72.2,0,-108,772,419,0,666,0,0,1,-1,0,1,-1,-1,-1,-1,-1,-1,0,1,
2026-04-02,13:31:56.020,7.45,98,100,100,0.169,36.09,46,0,8.28,-0.278,0.964,3.51,52,0,165.63,-36.51,10,0.00,3.68,3.74,3.71,3.73,3.74,3.69,3.75,3.74,29.31,59.8,-30,-30,71.7,0,-105,772,371,0,666,0,0,1,-1,0,1,-1,-1,-1,-1,-1,-1,0,1,
2026-04-02,13:31:56.290,7.45,97,100,100,0.169,38.26,45,0,8.28,-0.278,1.022,3.79,55,0,164.63,-36.53,10,0.00,3.68,3.74,3.71,3.73,3.74,3.69,3.75,3.74,29.30,59.7,-30,-30,71.7,0,0,772,422,0,667,0,0,1,-1,0,1,-1,-1,-1,-1,-1,-1,0,1,
2026-04-02,13:31:56.550,7.46,94,100,100,0.100,39.12,45,0,8.28,-0.291,1.055,3.27,56,0,166.86,-35.61,10,0.00,3.67,3.74,3.71,3.73,3.74,3.69,3.75,3.74,29.30,59.7,-30,-30,71.9,0,0,772,559,0,667,0,0,1,-1,0,1,-1,-1,-1,-1,-1,-1,0,1,
2026-04-02,13:31:56.810,7.45,91,100,100,0.102,40.05,46,0,8.28,-0.320,1.086,3.19,57,0,171.72,-34.46,10,0.00,3.67,3.74,3.71,3.73,3.74,3.69,3.75,3.74,29.30,59.7,-30,-30,71.1,0,-146,772,485,0,666,0,0,1,-1,0,0,-1,-1,-1,-1,-1,-1,0,1,
2026-04-02,13:31:57.070,7.45,93,100,100,0.152,41.17,48,0,8.28,-0.329,1.198,3.55,56,0,178.94,-35.35,10,0.00,3.67,3.74,3.71,3.73,3.73,3.69,3.75,3.74,29.30,59.7,-30,-30,70.0,0,-132,772,444,0,666,0,0,1,-1,0,0,-1,-1,-1,-1,-1,-1,0,1,
2026-04-02,13:31:57.340,7.45,97,100,100,0.158,42.62,50,0,8.28,-0.328,1.224,4.27,58,0,174.83,-36.37,10,0.00,3.67,3.74,3.71,3.73,3.73,3.69,3.74,3.74,29.29,59.7,-30,-30,68.7,0,-40,772,493,0,667,0,0,1,-1,0,1,-1,-1,-1,-1,-1,-1,0,1,
2026-04-02,13:31:57.620,7.45,99,100,100,0.137,42.62,50,0,8.28,-0.310,0.996,4.88,60,0,171.34,-35.98,10,0.00,3.67,3.74,3.71,3.73,3.73,3.69,3.74,3.74,29.28,59.9,-30,-30,67.4,0,8,771,319,0,666,0,0,1,-1,0,1,-1,-1,-1,-1,-1,-1,0,1,
2026-04-02,13:31:57.880,7.45,95,100,100,0.162,42.62,48,0,8.28,-0.303,0.942,4.13,60,0,168.28,-32.83,10,0.00,3.67,3.74,3.71,3.73,3.73,3.69,3.74,3.74,29.28,59.9,-30,-30,68.2,0,160,771,327,0,667,0,0,1,-1,0,1,-1,-1,-1,-1,-1,-1,0,1,
2026-04-02,13:31:58.150,7.45,91,100,100,0.135,46.20,45,0,8.28,-0.272,0.752,3.95,62,0,165.97,-31.11,10,0.00,3.67,3.74,3.71,3.73,3.73,3.69,3.74,3.74,29.27,59.9,-30,-30,70.7,0,53,772,171,0,666,0,0,1,-1,0,1,-1,-1,-1,-1,-1,-1,0,1,
2026-04-02,13:31:58.430,7.45,90,100,100,0.122,47.12,43,0,8.28,-0.283,0.860,3.58,62,0,161.47,-29.49,10,0.00,3.67,3.74,3.71,3.73,3.73,3.69,3.74,3.74,29.27,59.9,-30,-30,69.3,0,-23,772,591,0,667,0,0,1,-1,0,1,-1,-1,-1,-1,-1,-1,0,1,
2026-04-02,13:31:58.690,7.46,87,100,100,0.101,48.12,42,0,8.28,-0.304,1.035,3.41,63,0,163.43,-29.28,10,0.00,3.67,3.74,3.71,3.73,3.73,3.69,3.74,3.73,29.27,59.7,-30,-30,69.3,0,-209,772,607,0,666,0,0,1,-1,0,1,-1,-1,-1,-1,-1,-1,0,1,
2026-04-02,13:31:58.950,7.45,87,100,100,0.101,49.03,40,0,8.28,-0.293,1.119,3.36,63,0,170.26,-29.25,10,0.00,3.67,3.74,3.71,3.73,3.73,3.69,3.74,3.73,29.27,59.7,-30,-30,69.1,0,-46,772,504,0,666,0,0,1,-1,0,1,-1,-1,-1,-1,-1,-1,0,1,
2026-04-02,13:31:59.210,7.45,87,100,100,0.160,50.03,39,0,8.28,-0.318,1.170,3.36,64,0,179.02,-31.26,10,0.00,3.67,3.74,3.70,3.73,3.73,3.69,3.74,3.73,29.27,59.6,-30,-30,71.1,0,213,771,59,0,667,0,0,1,-1,0,1,-1,-1,-1,-1,-1,-1,0,1,
2026-04-02,13:31:59.470,7.45,90,100,100,0.175,50.03,40,0,8.26,-0.270,1.004,3.66,64,0,177.76,-31.18,10,0.00,3.67,3.74,3.70,3.73,3.72,3.68,3.74,3.73,29.27,59.6,-30,-30,70.0,0,68,771,445,0,667,0,0,1,-1,0,1,-1,-1,-1,-1,-1,-1,0,1,
2026-04-02,13:31:59.740,7.45,93,100,100,0.166,53.14,42,0,8.27,-0.269,0.840,3.44,64,0,166.82,-27.08,10,0.00,3.67,3.74,3.70,3.73,3.72,3.68,3.74,3.73,29.25,59.6,-30,-30,70.0,0,18,772,669,0,666,0,0,1,-1,0,1,-1,-1,-1,-1,-1,-1,0,1,
2026-04-02,13:32:00.000,7.45,95,100,100,0.137,53.88,45,0,8.27,-0.251,0.879,2.85,65,0,167.97,-24.72,10,0.00,3.66,3.74,3.70,3.73,3.72,3.68,3.74,3.73,29.25,59.6,-30,-30,71.1,0,28,771,728,0,667,0,0,1,-1,0,1,-1,-1,-1,-1,-1,-1,0,1,
2026-04-02,13:32:00.260,7.45,99,100,100,0.126,54.60,47,0,8.28,-0.254,0.907,2.67,66,0,172.66,-23.60,10,0.00,3.66,3.74,3.70,3.73,3.72,3.68,3.74,3.73,29.25,59.6,-30,-30,71.3,0,4,772,738,0,666,0,0,1,-1,0,1,-1,-1,-1,-1,-1,-1,0,1,
2026-04-02,13:32:00.520,7.46,99,100,100,0.138,55.30,46,0,8.25,-0.208,0.827,2.53,65,0,-172.79,-21.30,10,0.00,3.66,3.74,3.70,3.73,3.72,3.68,3.74,3.73,29.25,59.6,-30,-30,76.7,0,-232,772,228,0,667,0,0,1,-1,0,1,-1,-1,-1,-1,-1,-1,0,1,
2026-04-02,13:32:00.790,7.45,96,100,100,0.163,55.83,47,0,8.24,-0.217,1.081,2.11,65,0,-170.46,-21.99,10,0.00,3.66,3.74,3.70,3.73,3.72,3.68,3.74,3.73,29.26,59.5,-30,-30,76.7,0,-111,771,286,0,666,0,0,1,-1,0,1,-1,-1,-1,-1,-1,-1,0,1,
2026-04-02,13:32:01.050,7.45,94,100,100,0.206,56.74,46,0,8.26,-0.296,1.235,2.55,64,0,-178.77,-28.10,10,0.00,3.66,3.74,3.70,3.73,3.72,3.68,3.74,3.73,29.26,59.5,-30,-30,75.4,0,-113,772,387,0,666,0,0,1,-1,0,1,-1,-1,-1,-1,-1,-1,0,1,
2026-04-02,13:32:01.320,7.45,89,100,100,0.156,56.74,44,0,8.27,-0.218,1.070,3.09,63,0,173.97,-28.13,10,0.00,3.66,3.74,3.70,3.73,3.72,3.68,3.74,3.73,29.26,58.9,-30,-30,75.4,0,101,771,683,0,666,0,0,1,-1,0,1,-1,-1,-1,-1,-1,-1,0,1,
2026-04-02,13:32:01.590,7.45,85,100,100,0.048,58.02,42,0,8.28,-0.218,0.726,2.20,62,0,177.42,-26.24,10,0.00,3.66,3.74,3.70,3.73,3.72,3.68,3.74,3.73,29.26,59.1,-30,-30,77.6,0,0,772,603,0,666,0,0,1,-1,0,1,-1,-1,-1,-1,-1,-1,0,1,
2026-04-02,13:32:01.870,7.45,86,100,100,0.112,58.05,43,0,8.28,-0.216,0.910,0.89,61,0,-160.31,-26.32,10,0.00,3.66,3.74,3.70,3.73,3.72,3.68,3.74,3.73,29.26,59.1,-30,-30,78.7,0,-128,768,0,0,666,0,0,1,-1,0,1,-1,-1,-1,-1,-1,-1,0,1,
2026-04-02,13:32:02.130,7.45,92,100,100,0.185,58.74,49,0,8.28,-0.164,1.201,1.41,58,0,-156.62,-28.21,10,0.00,3.66,3.74,3.70,3.73,3.72,3.68,3.74,3.73,29.39,55.2,-30,-30,78.7,0,-33,577,0,0,666,0,0,1,-1,0,1,-1,-1,-1,-1,-1,-1,0,1,
2026-04-02,13:32:02.410,7.45,98,100,100,0.114,60.99,53,0,8.28,-0.102,1.043,3.59,56,0,-169.80,-32.34,10,0.00,3.68,3.75,3.70,3.73,3.72,3.68,3.74,3.73,29.39,55.2,-30,-30,78.9,0,-98,480,0,0,666,0,0,1,-1,0,1,-1,-1,-1,-1,-1,-1,0,1,
2026-04-02,13:32:02.670,7.45,98,100,100,0.026,62.02,52,0,8.23,-0.117,1.062,3.70,55,0,-179.31,-31.29,10,0.00,3.68,3.75,3.70,3.73,3.72,3.68,3.74,3.73,29.56,35.5,-30,-30,75.2,0,-244,478,1,0,667,0,0,1,-1,0,1,-1,-1,-1,-1,-1,-1,0,1,
2026-04-02,13:32:02.930,7.45,94,100,100,-0.015,63.07,50,0,8.26,-0.150,1.212,3.55,55,0,-177.89,-32.08,10,0.00,3.68,3.75,3.74,3.76,3.72,3.68,3.74,3.73,29.56,35.5,-30,-30,72.6,0,-306,478,45,0,667,0,0,1,-1,0,1,-1,-1,-1,-1,-1,-1,0,1,
2026-04-02,13:32:03.190,7.45,91,100,100,0.057,64.40,48,0,8.27,-0.204,1.244,4.09,56,0,-169.11,-36.92,10,0.00,3.68,3.75,3.74,3.76,3.78,3.74,3.74,3.73,29.71,36.4,-30,-30,72.6,0,-72,478,-25,0,666,0,0,1,-1,0,1,-1,-1,-1,-1,-1,-1,0,1,
2026-04-02,13:32:03.460,7.45,90,100,100,0.078,65.67,47,0,8.28,-0.199,1.244,4.41,54,0,-168.59,-38.65,10,0.00,3.68,3.75,3.74,3.76,3.78,3.74,3.81,3.80,29.71,36.4,-30,-30,69.1,0,15,477,0,0,666,0,0,1,-1,0,1,-1,-1,-1,-1,-1,-1,0,1,
2026-04-02,13:32:03.720,7.45,93,100,100,0.075,67.01,48,0,8.28,-0.199,0.899,4.54,52,0,-175.82,-37.59,10,0.00,3.76,3.81,3.74,3.76,3.78,3.74,3.81,3.80,29.82,36.8,-30,-30,66.1,0,-48,478,0,0,667,0,0,1,-1,0,1,-1,-1,-1,-1,-1,-1,0,1,
2026-04-02,13:32:03.990,7.45,97,100,100,0.057,68.19,48,0,8.28,-0.226,0.917,4.33,54,0,106.95,-35.66,10,0.00,3.76,3.81,3.74,3.76,3.78,3.74,3.81,3.80,29.82,36.8,-30,-30,64.1,0,-50,476,0,0,666,0,0,1,-1,0,1,-1,-1,-1,-1,-1,-1,0,1,
2026-04-02,13:32:04.250,7.45,98,100,100,0.060,69.23,47,0,8.28,-0.224,0.841,3.93,55,0,174.73,-34.11,10,0.00,3.76,3.81,3.74,3.76,3.81,3.77,3.81,3.80,29.91,37.4,-30,-30,61.5,-17,-51,475,0,0,667,0,0,1,-1,0,1,-1,-1,-1,-1,-1,-1,0,1,
2026-04-02,13:32:04.510,7.46,96,100,100,0.083,70.27,46,0,8.28,-0.280,1.003,3.69,58,0,171.60,-34.48,10,0.00,3.76,3.81,3.74,3.76,3.81,3.77,3.82,3.81,29.91,37.4,-30,-30,58.5,-16,-132,477,0,0,666,0,0,1,-1,0,1,-1,-1,-1,-1,-1,-1,0,1,
2026-04-02,13:32:04.780,7.45,93,100,100,0.066,71.57,45,0,8.28,-0.278,0.960,4.06,59,0,170.84,-32.68,10,0.00,3.77,3.82,3.74,3.76,3.81,3.77,3.82,3.81,29.98,37.5,-30,-30,57.6,-37,-148,477,0,0,667,0,0,1,-1,0,1,-1,-1,-1,-1,-1,-1,0,1,
2026-04-02,13:32:05.040,7.46,91,100,100,0.048,72.94,46,0,8.28,-0.265,0.944,4.55,61,0,170.21,-29.23,10,0.00,3.77,3.82,3.74,3.76,3.81,3.77,3.82,3.81,29.98,37.5,-30,-30,57.8,-47,-178,476,0,0,667,0,0,1,-1,0,1,-1,-1,-1,-1,-1,-1,0,1,
2026-04-02,13:32:05.300,7.45,89,100,100,0.037,74.03,46,0,8.28,-0.250,0.971,4.22,63,0,170.62,-27.95,10,0.00,3.77,3.82,3.80,3.82,3.81,3.77,3.82,3.81,30.04,37.4,-30,-30,57.8,-50,-247,476,0,0,666,0,0,1,-1,0,1,-1,-1,-1,-1,-1,-1,0,1,
2026-04-02,13:32:05.560,7.45,92,100,100,0.065,75.95,47,0,8.28,-0.235,0.906,3.40,63,0,174.09,-26.23,10,0.00,3.77,3.82,3.80,3.82,3.81,3.78,3.82,3.81,30.04,37.4,-30,-30,61.1,-44,-304,476,0,0,667,0,0,1,-1,0,1,-1,-1,-1,-1,-1,-1,0,1,
2026-04-02,13:32:05.830,7.45,95,100,100,0.061,76.84,49,0,8.28,-0.258,1.089,3.11,61,0,169.77,-27.75,10,0.00,3.77,3.82,3.80,3.82,3.81,3.78,3.83,3.82,30.09,37.2,-30,-30,61.1,-44,-341,476,0,0,666,0,0,1,-1,0,1,-1,-1,-1,-1,-1,-1,0,1,
2026-04-02,13:32:06.090,7.45,96,100,100,0.070,77.73,50,0,8.28,-0.272,1.097,3.13,62,0,166.82,-29.03,10,0.00,3.77,3.82,3.80,3.82,3.81,3.78,3.83,3.82,30.09,37.3,-30,-30,60.9,-45,-374,476,0,0,666,0,0,1,-1,0,1,-1,-1,-1,-1,-1,-1,0,1,
2026-04-02,13:32:06.360,7.45,91,100,100,0.095,78.29,48,0,8.28,-0.278,0.994,2.54,61,0,163.22,-29.97,10,0.00,3.77,3.82,3.80,3.83,3.81,3.78,3.83,3.82,30.09,37.3,-30,-30,57.8,-48,-355,477,6,0,666,0,0,1,-1,0,1,-1,-1,-1,-1,-1,-1,0,1,
2026-04-02,13:32:06.620,7.45,88,99,99,0.095,79.02,48,0,8.28,-0.281,0.992,2.35,61,0,160.46,-31.05,10,0.00,3.77,3.82,3.80,3.83,3.81,3.79,3.83,3.82,30.12,37.6,-30,-30,57.2,-48,-384,476,114,0,666,0,0,1,-1,0,1,-1,-1,-1,-1,-1,-1,0,1,
2026-04-02,13:32:06.890,7.45,90,99,99,0.065,79.71,48,0,8.28,-0.286,1.058,2.48,61,0,154.53,-32.20,10,0.00,3.77,3.82,3.80,3.83,3.81,3.79,3.83,3.82,30.12,37.6,-30,-30,58.2,-36,-403,476,139,0,666,0,0,1,-1,0,1,-1,-1,-1,-1,-1,-1,0,1,
2026-04-02,13:32:07.160,7.46,92,99,99,0.057,80.36,47,0,8.28,-0.289,1.172,2.33,60,0,154.64,-33.09,10,0.00,3.77,3.82,3.80,3.83,3.81,3.79,3.83,3.82,30.15,37.6,-30,-30,60.6,0,-398,477,319,0,666,0,0,1,-1,0,1,-1,-1,-1,-1,-1,-1,0,1,
2026-04-02,13:32:07.420,7.45,89,99,99,0.079,80.82,49,0,8.28,-0.276,1.196,2.02,59,0,155.71,-32.53,10,0.00,3.78,3.83,3.80,3.83,3.81,3.79,3.83,3.82,30.15,37.6,-30,-30,62.4,0,-381,477,189,0,666,0,0,1,-1,0,1,-1,-1,-1,-1,-1,-1,0,1,
2026-04-02,13:32:07.680,7.45,91,99,99,0.100,81.06,53,0,8.28,-0.256,1.116,1.30,60,0,150.18,-31.64,10,0.00,3.78,3.83,3.80,3.83,3.81,3.79,3.83,3.82,30.18,37.6,-30,-30,62.4,0,-346,484,100,0,667,0,0,1,-1,0,1,-1,-1,-1,-1,-1,-1,0,1,
2026-04-02,13:32:07.940,7.45,93,99,99,0.097,81.16,55,0,8.28,-0.251,1.084,0.76,62,0,143.77,-31.27,10,0.00,3.78,3.83,3.80,3.83,3.81,3.79,3.83,3.82,30.18,37.6,-30,-30,62.2,0,-337,507,226,0,666,0,0,1,-1,0,1,-1,-1,-1,-1,-1,-1,0,1,
2026-04-02,13:32:08.200,7.45,98,99,99,0.057,81.07,56,0,8.28,-0.274,1.204,0.14,68,0,131.12,-30.69,10,0.00,3.78,3.83,3.80,3.83,3.81,3.79,3.83,3.82,30.19,39.7,-30,-30,62.8,0,-349,502,383,0,667,0,0,1,-1,0,1,-1,-1,-1,-1,-1,-1,0,1,
2026-04-02,13:32:08.460,7.45,98,99,99,0.041,80.68,57,0,8.28,-0.207,1.148,-0.57,69,0,129.13,-29.23,10,0.00,3.78,3.83,3.80,3.83,3.81,3.79,3.83,3.82,30.19,39.7,-30,-30,63.7,0,-352,498,403,0,666,0,0,1,-1,0,1,-1,-1,-1,-1,-1,-1,0,1,
2026-04-02,13:32:08.720,7.46,99,99,99,0.039,80.04,59,0,8.28,-0.184,1.199,-1.57,72,0,132.69,-25.14,10,0.00,3.78,3.83,3.80,3.83,3.81,3.79,3.83,3.82,30.19,38.8,-30,-30,69.6,0,-366,497,363,0,666,0,0,1,-1,0,1,-1,-1,-1,-1,-1,-1,0,1,
2026-04-02,13:32:08.990,7.46,97,99,99,0.052,79.46,58,0,8.28,-0.137,1.108,-1.86,76,0,132.74,-22.26,10,0.00,3.78,3.83,3.80,3.83,3.81,3.79,3.83,3.82,30.19,38.8,-30,-30,71.7,0,-362,498,363,0,666,0,0,1,-1,0,1,-1,-1,-1,-1,-1,-1,0,1,
2026-04-02,13:32:09.260,7.46,96,99,99,0.064,78.54,55,0,8.28,-0.089,1.098,-2.48,77,0,130.51,-21.26,10,0.00,3.78,3.83,3.80,3.83,3.81,3.79,3.83,3.82,30.21,37.8,-30,-30,76.9,0,-362,501,434,0,667,0,0,1,-1,0,1,-1,-1,-1,-1,-1,-1,0,1,
2026-04-02,13:32:09.520,7.46,95,99,99,0.109,77.67,53,0,8.26,-0.150,1.432,-3.08,79,0,123.73,-21.69,10,0.00,3.78,3.83,3.80,3.83,3.81,3.79,3.83,3.82,30.21,37.8,-30,-30,76.3,0,-374,501,454,0,666,0,0,1,-1,0,1,-1,-1,-1,-1,-1,-1,0,1,
2026-04-02,13:32:09.780,7.45,97,99,99,0.033,76.95,52,0,8.27,-0.117,1.359,-2.60,79,0,119.19,-21.14,10,0.00,3.78,3.83,3.80,3.83,3.81,3.79,3.83,3.82,30.23,37.6,-30,-30,76.3,25,-435,501,496,0,666,0,0,1,-1,0,1,-1,-1,-1,-1,-1,-1,0,1,
2026-04-02,13:32:10.050,7.46,99,99,99,0.020,76.95,54,0,8.28,-0.092,1.658,-3.16,79,0,118.22,-20.16,10,0.00,3.78,3.83,3.80,3.83,3.81,3.79,3.83,3.82,30.23,37.6,-30,-30,81.5,133,-382,501,613,0,666,0,0,1,-1,0,1,-1,-1,-1,-1,-1,-1,0,1,
2026-04-02,13:32:10.310,7.46,96,99,99,0.051,74.77,56,0,8.28,-0.121,1.565,-3.62,78,0,128.28,-18.77,10,0.00,3.78,3.83,3.80,3.83,3.82,3.79,3.83,3.82,30.25,37.0,-30,-30,83.2,129,-494,501,548,0,667,0,0,1,-1,0,1,-1,-1,-1,-1,-1,-1,0,1,
2026-04-02,13:32:10.570,7.46,95,100,100,0.063,73.86,55,0,8.28,-0.110,1.489,-3.62,77,0,130.66,-18.53,10,0.00,3.78,3.83,3.80,3.83,3.82,3.79,3.83,3.83,30.25,37.1,-30,-30,80.7,89,-587,501,305,0,666,0,0,1,-1,0,1,-1,-1,-1,-1,-1,-1,0,1,
2026-04-02,13:32:10.850,7.46,93,100,100,0.044,73.08,53,0,8.28,-0.137,1.733,-2.97,73,0,131.01,-21.56,10,0.00,3.79,3.83,3.80,3.83,3.82,3.79,3.83,3.83,30.26,37.1,-30,-30,79.3,42,-558,499,322,0,666,0,0,1,-1,0,1,-1,-1,-1,-1,-1,-1,0,1,
2026-04-02,13:32:11.110,7.45,94,100,100,0.033,72.12,51,0,8.25,-0.149,1.862,-2.53,72,0,129.16,-24.28,10,0.00,3.79,3.83,3.81,3.83,3.82,3.79,3.83,3.83,30.26,36.1,-30,-30,79.6,53,-564,468,493,0,666,0,0,1,-1,0,1,-1,-1,-1,-1,-1,-1,0,1,
2026-04-02,13:32:11.380,7.45,94,100,100,0.027,72.16,50,0,8.24,-0.167,1.744,-0.66,67,0,134.57,-27.36,10,0.00,3.79,3.83,3.81,3.83,3.82,3.80,3.83,3.83,30.28,36.1,-30,-30,78.3,291,-266,471,693,0,666,0,0,1,-1,0,1,-1,-1,-1,-1,-1,-1,0,1,
2026-04-02,13:32:11.640,7.45,93,100,100,0.075,72.30,47,0,8.23,-0.128,1.317,-0.03,65,0,139.02,-27.59,10,0.00,3.79,3.83,3.81,3.83,3.82,3.80,3.83,3.83,30.30,35.4,-30,-30,76.1,161,-463,478,610,0,666,0,0,1,-1,0,1,-1,-1,-1,-1,-1,-1,0,1,
2026-04-02,13:32:11.910,7.45,94,100,100,0.074,72.63,46,0,8.26,-0.134,1.267,0.68,64,0,143.17,-26.44,10,0.00,3.79,3.83,3.81,3.83,3.82,3.80,3.83,3.83,30.30,35.4,-30,-30,76.1,0,-289,478,623,0,666,0,0,1,-1,0,1,-1,-1,-1,-1,-1,-1,0,1,
2026-04-02,13:32:12.170,7.45,94,100,100,0.124,73.24,47,0,8.25,-0.185,1.262,1.41,61,0,145.81,-28.64,10,0.00,3.79,3.84,3.81,3.83,3.82,3.80,3.83,3.83,30.30,36.6,-30,-30,73.2,0,-185,478,706,0,667,0,0,1,-1,0,1,-1,-1,-1,-1,-1,-1,0,1,
2026-04-02,13:32:12.430,7.45,96,100,100,0.122,74.36,47,0,8.27,-0.183,1.177,2.83,61,0,147.78,-28.40,10,0.00,3.79,3.84,3.81,3.83,3.82,3.80,3.83,3.83,30.30,36.6,-30,-30,70.0,0,-190,478,773,0,667,0,0,1,-1,0,1,-1,-1,-1,-1,-1,-1,0,1,
2026-04-02,13:32:12.690,7.45,97,100,100,0.115,75.43,48,0,8.25,-0.134,1.048,3.51,58,0,155.89,-25.22,10,0.00,3.79,3.84,3.81,3.83,3.82,3.80,3.83,3.83,30.30,36.4,-30,-30,71.1,0,-292,478,844,0,666,0,0,1,-1,0,1,-1,-1,-1,-1,-1,-1,0,1,
2026-04-02,13:32:12.960,7.45,96,100,100,0.131,76.48,48,0,8.27,-0.139,0.994,3.52,63,0,167.87,-23.12,10,0.00,3.79,3.84,3.81,3.83,3.82,3.80,3.84,3.83,30.30,36.4,-30,-30,71.1,0,93,478,370,0,667,0,0,1,-1,0,1,1,-1,-1,-1,-1,-1,0,1,
2026-04-02,13:32:13.220,7.45,96,100,100,0.168,77.57,47,0,8.17,-0.162,0.910,3.71,64,0,171.15,-21.63,10,0.00,3.79,3.83,3.81,3.83,3.82,3.80,3.84,3.83,30.30,36.8,-30,-30,71.1,0,11,478,292,0,666,0,0,1,-1,0,1,1,-1,-1,-1,-1,-1,0,1,
2026-04-02,13:32:13.490,7.45,95,100,100,0.172,78.94,47,0,8.15,-0.119,0.859,4.26,63,0,162.40,-20.55,10,0.00,3.79,3.83,3.81,3.83,3.82,3.80,3.84,3.83,30.30,36.8,-30,-30,63.7,0,-209,478,590,0,667,0,0,1,-1,0,1,1,-1,-1,-1,-1,-1,0,1,
2026-04-02,13:32:13.750,7.45,91,100,100,0.146,80.08,47,0,8.16,-0.136,0.739,4.18,62,0,156.19,-21.38,10,0.00,3.79,3.83,3.81,3.83,3.82,3.80,3.84,3.83,30.30,37.1,-30,-30,63.7,0,-103,478,680,0,666,0,0,1,-1,0,1,1,-1,-1,-1,-1,-1,0,1,
2026-04-02,13:32:14.020,7.45,90,100,100,0.092,82.11,47,0,8.17,-0.176,0.803,3.94,61,0,161.44,-20.31,10,0.00,3.79,3.83,3.81,3.83,3.82,3.80,3.84,3.83,30.30,37.1,-30,-30,62.2,0,-172,478,656,0,666,0,0,1,-1,0,1,1,-1,-1,-1,-1,-1,0,1,
2026-04-02,13:32:14.290,7.45,89,100,100,0.133,83.07,46,0,8.17,-0.207,0.859,3.39,58,0,-163.75,-15.99,10,0.00,3.79,3.83,3.81,3.83,3.82,3.80,3.83,3.83,30.29,37.4,-30,-30,62.2,0,-67,477,67,0,667,0,0,1,-1,0,1,1,-1,-1,-1,-1,-1,0,1,
2026-04-02,13:32:14.550,7.45,95,100,100,0.148,83.99,46,0,8.17,-0.188,0.702,3.31,55,0,-166.77,-14.84,10,0.00,3.79,3.83,3.81,3.83,3.82,3.80,3.83,3.83,30.29,37.4,-30,-30,61.1,0,10,477,0,0,666,0,0,1,-1,0,1,1,-1,-1,-1,-1,-1,0,1,
2026-04-02,13:32:14.810,7.45,97,100,100,0.138,84.80,46,0,8.17,-0.172,0.657,3.04,54,0,-176.07,-13.52,10,0.00,3.79,3.83,3.81,3.83,3.82,3.80,3.83,3.83,30.28,37.4,-30,-30,62.4,0,-238,478,-50,0,666,0,0,1,-1,0,1,1,-1,-1,-1,-1,-1,0,1,
2026-04-02,13:32:15.080,7.45,97,100,100,0.137,85.45,46,0,8.17,-0.174,0.788,2.65,52,0,165.20,-12.97,10,0.00,3.79,3.83,3.81,3.83,3.81,3.79,3.83,3.83,30.28,37.4,-30,-30,61.9,0,-390,476,0,0,667,0,0,1,-1,0,1,1,-1,-1,-1,-1,-1,0,1,
2026-04-02,13:32:15.340,7.45,96,100,100,0.095,85.45,46,0,8.17,-0.221,0.978,1.99,45,0,168.49,-15.92,10,0.00,3.79,3.83,3.81,3.83,3.81,3.79,3.83,3.82,30.28,37.4,-30,-30,61.5,0,-319,475,0,0,666,0,0,1,-1,0,1,1,-1,-1,-1,-1,-1,0,1,
2026-04-02,13:32:15.610,7.45,97,100,100,0.082,86.38,46,0,8.17,-0.230,0.950,1.73,44,0,170.19,-17.38,10,0.00,3.78,3.83,3.81,3.83,3.81,3.79,3.83,3.82,30.27,37.1,-30,-30,61.5,3,-223,476,115,0,666,0,0,1,-1,0,1,1,-1,-1,-1,-1,-1,0,1,
2026-04-02,13:32:15.870,7.45,98,100,100,0.110,86.89,46,0,8.17,-0.223,0.900,1.73,45,0,175.85,-16.73,10,0.00,3.78,3.83,3.81,3.83,3.81,3.79,3.83,3.82,30.27,37.1,-30,-30,59.8,16,-353,476,264,0,667,0,0,1,-1,0,1,1,-1,-1,-1,-1,-1,0,1,
2026-04-02,13:32:16.140,7.45,94,100,100,0.100,87.32,46,0,8.17,-0.215,0.923,1.66,45,0,-38.68,-16.03,10,0.00,3.78,3.83,3.81,3.83,3.81,3.79,3.83,3.82,30.26,37.2,-30,-30,60.6,76,-297,475,404,0,666,0,0,1,-1,0,1,1,-1,-1,-1,-1,-1,0,1,
2026-04-02,13:32:16.410,7.45,93,99,99,0.133,87.65,45,0,8.19,-0.253,1.014,1.30,52,0,-176.07,-16.79,10,0.00,3.78,3.83,3.81,3.83,3.81,3.79,3.83,3.82,30.26,37.2,-30,-30,59.6,56,-362,474,81,0,666,0,0,1,-1,0,1,1,-1,-1,-1,-1,-1,0,1,
2026-04-02,13:32:16.690,7.45,93,99,99,0.150,88.46,44,0,8.18,-0.257,1.048,1.33,53,0,-175.12,-16.53,10,0.00,3.78,3.83,3.81,3.83,3.81,3.79,3.83,3.82,30.26,37.3,-30,-30,59.6,40,-414,473,25,0,666,0,0,1,-1,0,1,1,-1,-1,-1,-1,-1,0,1,
2026-04-02,13:32:16.950,7.45,94,99,99,0.131,88.85,45,0,8.17,-0.240,1.077,1.36,55,0,172.26,-19.38,10,0.00,3.78,3.82,3.81,3.83,3.81,3.79,3.83,3.82,30.26,37.3,-30,-30,60.6,0,11,411,0,0,666,0,0,1,-1,0,1,1,-1,-1,-1,-1,-1,0,1,
2026-04-02,13:32:17.220,7.45,91,99,99,0.065,88.85,45,0,8.17,-0.168,0.772,1.35,57,0,176.60,-18.04,10,0.00,3.78,3.82,3.80,3.82,3.81,3.79,3.83,3.82,30.30,35.7,-30,-30,63.7,0,11,400,0,0,666,0,0,1,-1,0,1,1,-1,-1,-1,-1,-1,0,1,
2026-04-02,13:32:17.490,7.45,89,99,99,0.086,89.39,46,0,8.17,-0.147,0.599,0.94,58,0,177.68,-13.78,10,0.00,3.78,3.82,3.80,3.82,3.81,3.79,3.83,3.82,30.30,35.7,-30,-30,61.5,0,0,400,306,0,667,0,0,1,-1,0,1,1,-1,-1,-1,-1,-1,0,1,
2026-04-02,13:32:17.760,7.45,92,99,99,0.077,89.48,46,0,8.17,-0.163,0.728,0.52,57,0,177.57,-12.80,10,0.00,3.78,3.82,3.80,3.82,3.81,3.79,3.83,3.82,30.33,32.3,-30,-30,62.8,0,-121,400,298,0,666,0,0,1,-1,0,1,1,-1,-1,-1,-1,-1,0,1,
2026-04-02,13:32:18.030,7.45,91,99,99,0.100,89.66,46,0,8.17,-0.163,0.785,0.55,59,0,-173.33,-10.33,10,0.00,3.79,3.83,3.80,3.82,3.81,3.79,3.83,3.82,30.33,32.3,-30,-30,61.5,0,-88,401,24,0,666,0,0,1,-1,0,1,1,-1,-1,-1,-1,-1,0,1,
2026-04-02,13:32:18.300,7.45,88,99,99,0.091,89.87,45,0,8.17,-0.185,1.016,0.55,61,0,-175.73,-7.53,10,0.00,3.79,3.83,3.82,3.84,3.81,3.79,3.83,3.82,30.34,32.4,-30,-30,62.2,0,-643,401,0,0,667,0,0,1,-1,0,1,1,-1,-1,-1,-1,-1,0,1,
2026-04-02,13:32:18.560,7.45,86,99,99,0.099,89.92,44,0,8.17,-0.185,1.016,0.47,61,0,-175.91,-9.53,10,0.00,3.79,3.83,3.82,3.84,3.82,3.80,3.83,3.82,30.34,32.4,-30,-30,62.4,0,-701,401,0,0,666,0,0,1,-1,0,1,1,-1,-1,-1,-1,-1,0,1,
2026-04-02,13:32:18.820,7.45,83,99,99,0.118,89.86,44,0,8.17,-0.297,1.408,0.03,60,0,-176.38,-18.00,10,0.00,3.79,3.83,3.82,3.84,3.82,3.80,3.83,3.82,30.34,32.4,-30,-30,61.5,0,356,402,6,0,667,0,0,1,-1,0,1,1,-1,-1,-1,-1,-1,0,1,
2026-04-02,13:32:19.100,7.45,82,99,99,0.081,90.01,43,0,8.15,-0.118,1.187,0.24,61,0,-176.51,-19.65,10,0.00,3.79,3.83,3.82,3.84,3.82,3.80,3.84,3.83,30.34,32.5,-30,-30,61.5,0,-130,402,3,0,666,0,0,1,-1,0,1,1,-1,-1,-1,-1,-1,0,1,
2026-04-02,13:32:19.380,7.45,86,99,99,0.087,89.78,44,0,8.14,-0.129,0.432,-0.31,60,0,-177.82,-7.44,10,0.00,3.80,3.83,3.82,3.84,3.82,3.80,3.84,3.83,30.36,32.5,-30,-30,63.3,0,-551,401,0,0,667,0,0,1,-1,0,1,1,-1,-1,-1,-1,-1,0,1,
2026-04-02,13:32:19.640,7.45,94,99,99,0.132,89.26,44,0,8.16,-0.159,1.006,-1.34,58,0,-177.17,-10.96,10,0.00,3.80,3.83,3.82,3.83,3.82,3.80,3.84,3.83,30.36,32.2,-30,-30,68.0,3,-412,399,0,0,666,0,0,1,-1,0,1,1,-1,-1,-1,-1,-1,0,1,
2026-04-02,13:32:19.900,7.45,99,99,99,0.160,89.43,46,0,8.16,-0.229,1.182,-0.50,59,0,-60.78,-16.04,10,0.00,3.80,3.83,3.82,3.83,3.82,3.80,3.84,3.83,30.36,32.2,-30,-30,60.2,44,-261,400,0,0,666,0,0,1,-1,0,1,0,-1,-1,-1,-1,-1,0,1,
2026-04-02,13:32:20.170,7.45,100,100,99,0.071,89.66,47,0,8.16,-0.174,0.949,0.50,58,0,173.86,-18.30,10,0.00,3.80,3.83,3.82,3.83,3.82,3.80,3.84,3.83,30.37,32.3,-30,-30,63.7,0,-350,476,0,0,666,0,0,1,-1,0,1,-1,-1,-1,-1,-1,-1,0,1,
2026-04-02,13:32:20.440,7.45,99,100,100,0.078,89.57,48,0,8.23,-0.309,1.053,0.07,55,0,175.77,-16.97,10,0.00,3.80,3.83,3.82,3.83,3.82,3.80,3.84,3.83,30.37,32.3,-30,-30,64.3,0,-312,810,0,0,666,0,0,1,-1,0,1,-1,-1,-1,-1,-1,-1,0,1,
2026-04-02,13:32:20.700,7.45,99,100,100,0.118,89.11,47,0,8.25,-0.378,1.170,-0.69,54,0,-173.67,-16.69,10,0.00,3.80,3.83,3.80,3.81,3.82,3.80,3.84,3.83,30.12,58.7,-30,-30,66.1,0,-412,817,0,0,667,0,0,1,-1,0,1,-1,-1,-1,-1,-1,-1,0,1,
2026-04-02,13:32:20.980,7.45,98,100,100,0.147,88.32,46,0,8.25,-0.363,1.275,-2.00,51,0,-174.08,-20.18,10,0.00,3.80,3.83,3.80,3.81,3.79,3.76,3.84,3.83,30.12,58.7,-30,-30,69.6,0,0,816,0,0,667,0,0,1,-1,0,1,-1,-1,-1,-1,-1,-1,0,1,
2026-04-02,13:32:21.250,7.45,94,100,100,0.147,87.89,45,0,8.27,-0.272,1.052,-2.00,49,0,-174.48,-20.43,10,0.00,3.80,3.83,3.80,3.81,3.79,3.76,3.84,3.83,29.91,64.4,-30,-30,73.7,0,-253,792,-318,0,666,0,0,1,-1,0,1,-1,-1,-1,-1,-1,-1,0,1,
2026-04-02,13:32:21.510,7.45,92,100,100,0.106,87.48,44,0,8.24,-0.248,1.019,-1.55,46,0,-179.19,-18.69,10,0.00,3.80,3.83,3.80,3.81,3.79,3.76,3.77,3.76,29.91,64.4,-30,-30,73.7,0,-246,784,-367,0,666,0,0,1,-1,0,1,-1,-1,-1,-1,-1,-1,0,1,
2026-04-02,13:32:21.780,7.46,91,100,100,0.079,87.57,44,0,8.27,-0.265,1.136,-1.02,45,0,168.84,-23.60,10,0.00,3.70,3.75,3.80,3.81,3.79,3.76,3.77,3.76,29.78,60.7,-30,-30,75.6,0,-100,783,-278,0,666,0,0,1,-1,0,1,1,-1,-1,-1,-1,-1,0,1,
2026-04-02,13:32:22.050,7.45,91,100,100,0.002,88.09,44,0,8.20,-0.264,0.901,1.06,43,0,163.33,-25.37,10,0.00,3.70,3.75,3.72,3.73,3.79,3.76,3.77,3.76,29.78,60.7,-30,-30,75.9,0,-323,783,0,0,666,0,0,1,-1,0,1,1,-1,-1,-1,-1,-1,0,1,
2026-04-02,13:32:22.310,7.45,94,100,100,-0.008,88.71,45,0,8.18,-0.261,0.948,1.75,44,0,167.01,-25.71,10,0.00,3.70,3.75,3.72,3.73,3.74,3.70,3.77,3.76,29.66,60.7,-30,-30,78.7,0,-287,783,0,0,666,0,0,1,-1,0,1,1,-1,-1,-1,-1,-1,0,1,
2026-04-02,13:32:22.570,7.45,95,99,99,0.030,89.55,45,0,8.18,-0.326,1.450,2.35,46,0,172.68,-27.41,10,0.00,3.70,3.75,3.72,3.73,3.74,3.70,3.74,3.73,29.66,60.3,-30,-30,76.9,0,1,783,-178,0,666,0,0,1,-1,0,1,1,-1,-1,-1,-1,-1,0,1,
2026-04-02,13:32:22.830,7.45,100,100,99,0.066,90.26,47,0,8.17,-0.279,0.953,2.63,45,0,-177.04,-24.90,10,0.00,3.69,3.74,3.72,3.73,3.74,3.70,3.74,3.73,29.56,60.3,-30,-30,76.9,-13,39,785,-110,0,666,0,0,1,-1,0,1,1,-1,-1,-1,-1,-1,0,1,
2026-04-02,13:32:23.090,7.45,100,100,99,0.077,90.26,47,0,8.15,-0.228,0.817,1.45,45,0,142.05,-22.65,10,0.00,3.69,3.74,3.71,3.72,3.74,3.70,3.74,3.73,29.56,60.1,-30,-30,75.9,-74,-79,785,-320,0,666,0,0,1,-1,0,1,1,-1,-1,-1,-1,-1,0,1,
2026-04-02,13:32:23.350,7.45,100,100,99,0.064,90.72,48,0,8.16,-0.218,0.737,1.45,48,0,169.31,-22.20,10,0.00,3.69,3.74,3.71,3.72,3.74,3.70,3.74,3.73,29.48,60.1,-30,-30,78.2,-91,-122,786,-327,0,666,0,0,1,-1,0,1,1,-1,-1,-1,-1,-1,0,1,
2026-04-02,13:32:23.630,7.45,100,100,99,0.035,91.19,48,0,8.17,-0.247,0.937,1.35,48,0,157.49,-25.73,10,0.00,3.69,3.74,3.71,3.72,3.72,3.69,3.74,3.73,29.41,60.4,-30,-30,77.4,-108,-222,785,-261,0,667,0,0,1,-1,0,1,1,-1,-1,-1,-1,-1,0,1,
2026-04-02,13:32:23.890,7.45,98,99,99,-0.027,92.01,48,0,8.17,-0.286,1.015,2.08,48,0,155.98,-26.45,10,0.00,3.69,3.74,3.71,3.72,3.72,3.69,3.74,3.73,29.41,60.4,-30,-30,77.4,-106,-309,783,-138,0,666,0,0,1,-1,0,1,1,-1,-1,-1,-1,-1,0,1,
2026-04-02,13:32:24.150,7.45,93,99,99,0.031,93.22,45,0,8.17,-0.288,1.305,3.36,48,0,163.48,-26.73,10,0.00,3.67,3.73,3.71,3.72,3.72,3.69,3.74,3.73,29.35,60.2,-30,-30,78.2,-105,-246,783,-189,0,666,0,0,1,-1,0,1,1,-1,-1,-1,-1,-1,0,1,
2026-04-02,13:32:24.420,7.45,87,99,99,0.027,94.03,43,0,8.17,-0.245,1.282,3.25,46,0,167.83,-26.87,10,0.00,3.67,3.73,3.70,3.72,3.72,3.69,3.74,3.73,29.35,60.2,-30,-30,78.2,-185,-171,782,-320,0,666,0,0,1,-1,0,1,1,-1,-1,-1,-1,-1,0,1,
2026-04-02,13:32:24.680,7.45,84,99,99,0.081,94.66,41,0,8.17,-0.239,1.070,2.64,43,0,166.83,-26.66,10,0.00,3.67,3.73,3.70,3.72,3.71,3.68,3.74,3.73,29.30,59.7,-30,-30,77.2,-206,-151,781,-405,0,666,0,0,1,-1,0,1,1,-1,-1,-1,-1,-1,0,1,
2026-04-02,13:32:24.950,7.45,87,99,99,0.067,95.30,41,0,8.17,-0.238,0.966,1.31,48,0,152.56,-27.22,10,0.00,3.67,3.73,3.70,3.72,3.71,3.68,3.72,3.71,29.30,59.7,-30,-30,76.7,-215,-153,781,-325,0,666,0,0,1,-1,0,1,1,-1,-1,-1,-1,-1,0,1,
2026-04-02,13:32:25.230,7.45,92,99,99,0.044,96.01,42,0,8.17,-0.238,1.033,1.88,49,0,146.19,-27.49,10,0.00,3.66,3.72,3.70,3.72,3.71,3.68,3.72,3.71,29.26,59.6,-30,-30,76.9,-194,-221,782,-245,0,666,0,0,1,-1,0,1,1,-1,-1,-1,-1,-1,0,1,
2026-04-02,13:32:25.500,7.45,92,99,99,-0.016,96.91,41,0,8.17,-0.251,1.006,1.88,44,0,142.57,-27.27,10,0.00,3.66,3.72,3.69,3.71,3.71,3.68,3.72,3.71,29.26,59.6,-30,-30,77.6,-178,-296,783,-142,0,666,0,0,1,-1,0,1,1,-1,-1,-1,-1,-1,0,1,
2026-04-02,13:32:25.770,7.45,89,96,96,-0.016,97.81,40,0,8.17,-0.255,1.119,3.05,44,0,148.76,-27.56,10,0.00,3.66,3.72,3.69,3.71,3.71,3.68,3.72,3.71,29.26,59.4,-30,-30,77.2,-169,-320,782,-135,0,666,0,0,1,-1,0,1,1,-1,-1,-1,-1,-1,0,1,
2026-04-02,13:32:26.040,7.45,84,96,96,0.016,98.51,40,0,8.17,-0.280,1.385,2.68,49,0,150.41,-28.23,10,0.00,3.66,3.72,3.69,3.71,3.70,3.67,3.72,3.71,29.26,59.4,-30,-30,78.3,-151,-280,783,-186,0,666,0,0,1,-1,0,1,1,-1,-1,-1,-1,-1,0,1,
2026-04-02,13:32:26.310,7.45,85,96,96,0.048,99.14,41,0,8.23,-0.236,1.208,2.42,51,0,150.93,-27.36,10,0.00,3.66,3.72,3.69,3.71,3.70,3.67,3.72,3.70,29.22,59.4,-30,-30,78.3,-167,-93,782,-296,0,666,0,0,1,-1,0,1,1,-1,-1,-1,-1,-1,0,1,
2026-04-02,13:32:26.570,7.45,87,97,97,0.057,99.39,42,0,8.20,-0.224,1.048,1.59,53,0,146.66,-26.05,10,0.00,3.66,3.71,3.69,3.71,3.70,3.67,3.72,3.70,29.22,59.0,-30,-30,78.7,-176,-200,781,-253,0,667,0,0,1,-1,0,1,1,-1,-1,-1,-1,-1,0,1,
2026-04-02,13:32:26.840,7.45,92,97,97,0.050,99.28,42,0,8.18,-0.190,0.977,0.48,55,0,142.05,-24.26,10,0.00,3.66,3.71,3.68,3.70,3.70,3.67,3.72,3.70,29.19,59.0,-30,-30,81.9,-170,-289,780,-222,0,666,0,0,1,-1,0,1,1,-1,-1,-1,-1,-1,0,1,
2026-04-02,13:32:27.110,7.45,93,97,97,0.006,99.17,43,0,8.18,-0.211,1.124,-0.10,55,0,129.12,-24.43,10,0.00,3.66,3.71,3.68,3.70,3.70,3.67,3.72,3.70,29.19,58.8,-30,-30,80.0,-64,-464,781,0,0,666,0,0,1,-1,0,1,1,-1,-1,-1,-1,-1,0,1,
2026-04-02,13:32:27.370,7.45,96,97,97,0.051,99.31,43,0,8.17,-0.238,1.472,0.22,58,0,127.06,-25.18,10,0.00,3.66,3.71,3.68,3.70,3.70,3.67,3.71,3.70,29.17,58.8,-30,-30,77.6,0,-554,782,1,0,667,0,0,1,-1,0,1,1,-1,-1,-1,-1,-1,0,1,
2026-04-02,13:32:27.630,7.45,93,97,97,0.060,99.20,42,0,8.17,-0.241,1.646,0.05,61,0,127.44,-26.15,10,0.00,3.65,3.71,3.68,3.70,3.70,3.67,3.71,3.70,29.14,58.7,-30,-30,81.9,0,-572,780,0,0,666,0,0,1,-1,0,1,1,-1,-1,-1,-1,-1,0,1,
2026-04-02,13:32:27.890,7.45,93,97,97,0.029,98.80,43,0,8.17,-0.233,1.687,-0.78,59,0,127.06,-26.66,10,0.00,3.65,3.71,3.68,3.70,3.70,3.67,3.71,3.70,29.14,58.7,-30,-30,83.3,0,-570,666,0,0,666,0,0,1,-1,0,1,1,-1,-1,-1,-1,-1,0,1,
2026-04-02,13:32:28.150,7.45,93,97,97,0.032,98.39,45,0,8.17,-0.158,1.830,-1.23,58,0,128.66,-27.11,10,0.00,3.65,3.71,3.68,3.70,3.70,3.67,3.71,3.70,29.24,48.4,-30,-30,86.3,0,-564,599,0,0,666,0,0,1,-1,0,1,1,-1,-1,-1,-1,-1,0,1,
2026-04-02,13:32:28.410,7.45,97,97,97,0.029,97.62,47,0,8.20,-0.077,1.655,-1.90,52,0,127.39,-26.89,10,0.00,3.65,3.71,3.68,3.70,3.70,3.67,3.71,3.70,29.24,48.4,-30,-30,86.3,0,-521,591,0,0,666,0,0,1,-1,0,1,1,-1,-1,-1,-1,-1,0,1,
2026-04-02,13:32:28.670,7.45,99,99,97,0.035,96.75,46,0,8.20,-0.103,1.779,-2.69,49,0,120.69,-27.99,10,0.00,3.65,3.71,3.68,3.70,3.70,3.67,3.73,3.71,29.32,41.3,-30,-30,88.2,0,-418,591,-9,0,667,0,0,1,-1,0,1,1,-1,-1,-1,-1,-1,0,1,
2026-04-02,13:32:28.930,7.45,99,99,97,-0.043,96.10,46,0,8.19,-0.086,1.597,-2.61,49,0,123.86,-25.78,10,0.00,3.68,3.73,3.68,3.70,3.70,3.67,3.73,3.71,29.32,41.3,-30,-30,89.6,0,-484,590,3,0,666,0,0,1,-1,0,1,1,-1,-1,-1,-1,-1,0,1,
2026-04-02,13:32:29.190,7.45,99,99,97,-0.043,95.62,45,0,8.18,-0.060,1.570,-1.88,51,0,128.67,-23.38,10,0.00,3.68,3.73,3.72,3.73,3.70,3.67,3.73,3.71,29.40,41.5,-30,-30,90.7,0,-420,590,0,0,667,0,0,1,-1,0,1,1,-1,-1,-1,-1,-1,0,1,
2026-04-02,13:32:29.460,7.45,100,100,97,0.037,94.56,45,0,8.19,-0.060,1.472,-2.82,54,0,129.20,-21.96,10,0.00,3.68,3.73,3.72,3.73,3.75,3.71,3.73,3.71,29.40,41.5,-30,-30,89.5,0,-333,591,-36,0,666,0,0,1,-1,0,1,1,-1,-1,-1,-1,-1,0,1,
2026-04-02,13:32:29.720,7.45,100,100,100,0.009,93.52,45,0,8.18,-0.038,1.265,-3.37,56,0,126.94,-21.19,10,0.00,3.68,3.73,3.72,3.73,3.75,3.71,3.75,3.74,29.47,41.5,-30,-30,91.9,0,-389,590,8,0,666,0,0,1,-1,0,1,1,-1,-1,-1,-1,-1,0,1,
2026-04-02,13:32:29.980,7.45,100,100,100,-0.035,92.70,45,0,8.18,-0.006,1.522,-3.37,56,0,124.88,-21.31,10,0.00,3.68,3.73,3.72,3.73,3.75,3.71,3.75,3.74,29.47,41.5,-30,-30,93.2,0,-418,590,37,0,666,0,0,1,-1,0,1,1,-1,-1,-1,-1,-1,0,1,
2026-04-02,13:32:30.240,7.45,100,100,100,-0.020,92.07,46,0,8.17,-0.053,1.395,-2.73,57,0,126.27,-22.08,10,0.00,3.71,3.75,3.72,3.73,3.75,3.71,3.75,3.74,29.53,40.6,-30,-30,90.2,0,-438,588,195,0,667,0,0,1,-1,0,1,1,-1,-1,-1,-1,-1,0,1,
2026-04-02,13:32:30.520,7.44,100,100,100,0.028,91.44,47,0,8.22,-0.095,1.542,-1.40,58,0,133.10,-23.14,10,0.00,3.71,3.75,3.73,3.74,3.75,3.71,3.75,3.74,29.53,40.6,-30,-30,85.4,0,3,493,87,0,667,0,0,1,-1,0,1,1,-1,-1,-1,-1,-1,0,1,
2026-04-02,13:32:30.790,7.44,99,100,100,0.055,91.27,46,0,8.21,0.035,0.847,-0.87,60,0,137.45,-18.91,10,0.00,3.71,3.75,3.73,3.74,3.76,3.72,3.75,3.74,29.61,36.4,-30,-30,85.4,0,-324,493,361,0,666,0,0,1,-1,0,1,1,-1,-1,-1,-1,-1,0,1,
2026-04-02,13:32:31.050,7.45,98,100,100,0.046,90.74,46,0,8.19,0.010,0.918,-1.32,61,0,142.26,-16.66,10,0.00,3.71,3.75,3.73,3.74,3.76,3.72,3.76,3.75,29.61,36.4,-30,-30,88.2,0,-127,494,146,0,666,0,0,1,-1,0,1,1,-1,-1,-1,-1,-1,0,1,
2026-04-02,13:32:31.310,7.44,97,100,100,0.098,90.74,46,0,8.19,-0.053,1.099,-1.15,61,0,149.86,-17.08,10,0.00,3.72,3.77,3.73,3.74,3.76,3.72,3.76,3.75,29.68,35.1,-30,-30,82.8,0,-248,494,148,0,667,0,0,1,-1,0,1,1,-1,-1,-1,-1,-1,0,1,
2026-04-02,13:32:31.570,7.45,96,100,100,0.034,90.63,45,0,8.21,-0.051,1.013,-0.23,61,0,148.49,-16.77,10,0.00,3.72,3.77,3.75,3.76,3.76,3.72,3.76,3.75,29.68,35.1,-30,-30,83.3,0,-97,495,467,0,667,0,0,1,-1,0,1,1,-1,-1,-1,-1,-1,0,1,
2026-04-02,13:32:31.830,7.45,94,100,100,-0.020,90.43,44,0,8.19,-0.053,0.977,-0.41,60,0,154.18,-15.00,10,0.00,3.72,3.77,3.75,3.76,3.77,3.74,3.76,3.75,29.72,35.6,-30,-30,85.6,0,-195,494,417,0,666,0,0,1,-1,0,1,1,-1,-1,-1,-1,-1,0,1,
2026-04-02,13:32:32.110,7.45,91,100,100,0.051,90.54,42,0,8.19,-0.059,0.969,-0.41,59,0,176.16,-10.69,10,0.00,3.72,3.77,3.75,3.76,3.77,3.74,3.78,3.76,29.77,35.5,-30,-30,84.6,0,-217,494,286,0,667,0,0,1,-1,0,1,1,-1,-1,-1,-1,-1,0,1,
2026-04-02,13:32:32.370,7.45,89,100,100,0.051,90.53,42,0,8.18,-0.059,1.352,0.12,58,0,-166.76,-10.69,10,0.00,3.72,3.77,3.75,3.76,3.77,3.74,3.78,3.76,29.77,35.5,-30,-30,83.7,0,-78,495,15,0,667,0,0,1,-1,0,1,1,-1,-1,-1,-1,-1,0,1,
2026-04-02,13:32:32.630,7.45,90,100,100,0.094,90.53,42,0,8.24,-0.024,1.016,-0.23,57,0,38.65,-10.06,10,0.00,3.72,3.77,3.75,3.76,3.77,3.74,3.78,3.76,29.80,35.3,-30,-30,83.5,0,-19,495,6,0,666,0,0,1,-1,0,1,1,-1,-1,-1,-1,-1,0,1,
2026-04-02,13:32:32.900,7.45,93,100,100,0.030,90.26,45,0,8.25,-0.014,0.755,-0.41,57,0,176.03,-8.55,10,0.00,3.72,3.77,3.76,3.76,3.77,3.74,3.78,3.76,29.80,35.3,-30,-30,83.5,0,129,495,73,0,667,0,0,1,-1,0,1,1,-1,-1,-1,-1,-1,0,1,
2026-04-02,13:32:33.160,7.45,96,100,100,-0.003,90.09,46,0,8.21,-0.014,0.734,-0.51,55,0,174.58,-6.89,10,0.00,3.72,3.77,3.76,3.76,3.77,3.74,3.78,3.76,29.82,35.4,-30,-30,84.3,0,21,495,24,0,667,0,0,1,-1,0,1,1,-1,-1,-1,1,-1,0,1,
2026-04-02,13:32:33.430,7.45,96,100,100,-0.020,90.05,46,0,8.16,-0.024,0.699,-0.07,54,0,177.27,-4.77,10,0.00,3.72,3.77,3.76,3.76,3.77,3.74,3.78,3.76,29.82,35.4,-30,-30,85.6,0,13,495,12,0,667,0,0,1,-1,0,1,1,-1,-1,-1,-1,-1,0,1,
2026-04-02,13:32:33.690,7.45,96,100,100,-0.023,89.90,47,0,8.19,-0.031,0.754,-0.25,52,0,134.59,-4.06,10,0.00,3.72,3.77,3.76,3.76,3.77,3.74,3.78,3.76,29.84,35.5,-30,-30,85.2,0,12,494,4,0,666,0,0,1,-1,0,1,1,-1,-1,-1,-1,-1,0,1,
2026-04-02,13:32:33.950,7.45,98,100,100,0.048,89.70,47,0,8.18,-0.030,0.997,-0.56,48,0,-179.28,-3.10,10,0.00,3.72,3.77,3.76,3.76,3.77,3.74,3.78,3.76,29.84,35.5,-30,-30,84.5,0,0,495,0,0,667,0,0,1,-1,0,1,1,-1,-1,-1,-1,-1,0,1,
2026-04-02,13:32:34.210,7.45,99,100,100,0.013,89.25,48,0,8.22,0.014,0.829,-1.06,48,0,131.31,-1.99,10,0.00,3.72,3.77,3.76,3.76,3.77,3.75,3.78,3.76,29.86,35.2,-30,-30,88.3,0,9,494,0,0,666,0,0,1,-1,0,1,1,-1,-1,-1,-1,-1,0,1,
2026-04-02,13:32:34.480,7.44,99,100,100,0.014,88.69,48,0,8.26,-0.014,0.940,-1.59,50,0,179.37,-1.51,10,0.00,3.72,3.77,3.76,3.76,3.77,3.75,3.78,3.77,29.86,35.2,-30,-30,85.6,0,11,494,0,0,666,0,0,1,-1,0,1,1,-1,-1,-1,-1,-1,0,1,
2026-04-02,13:32:34.740,7.44,99,100,100,0.008,88.28,48,0,8.23,0.022,0.903,-1.57,48,0,-178.60,0.27,10,0.00,3.72,3.77,3.76,3.76,3.77,3.75,3.78,3.77,29.88,35.0,-30,-30,88.3,0,-49,491,93,0,667,0,0,1,-1,0,1,1,-1,-1,-1,-1,-1,0,1,
2026-04-02,13:32:35.020,7.45,98,100,100,-0.006,87.73,49,0,8.20,0.030,0.693,-1.68,44,0,-177.96,1.26,10,0.00,3.74,3.78,3.76,3.76,3.77,3.75,3.78,3.77,29.88,35.0,-30,-30,89.1,0,-167,379,251,0,666,0,0,1,-1,0,1,1,-1,-1,-1,-1,-1,0,1,
2026-04-02,13:32:35.290,7.45,96,100,100,0.015,87.09,49,0,8.18,0.076,0.964,-2.04,49,0,-170.09,0.49,10,0.00,3.74,3.78,3.76,3.77,3.77,3.75,3.78,3.77,29.96,29.6,-30,-30,89.1,0,-171,282,343,0,666,0,0,1,-1,0,1,1,-1,-1,-1,-1,-1,0,1,
2026-04-02,13:32:35.560,7.45,93,100,100,0.064,86.56,49,0,8.18,0.127,1.099,-1.96,52,0,-165.42,0.53,10,0.00,3.74,3.78,3.76,3.77,3.78,3.76,3.78,3.77,29.96,29.6,-30,-30,86.5,0,-185,275,42,0,666,0,0,1,-1,0,1,1,-1,-1,-1,-1,-1,0,1,
2026-04-02,13:32:35.830,7.45,93,100,100,0.065,85.54,49,0,8.17,0.127,0.939,-1.67,52,0,-163.83,1.54,10,0.00,3.74,3.78,3.76,3.77,3.78,3.76,3.80,3.78,30.08,19.9,-30,-30,88.3,0,-50,277,0,0,667,0,0,1,-1,0,1,1,-1,-1,-1,-1,-1,0,1,
2026-04-02,13:32:36.100,7.45,96,100,100,0.001,84.73,49,0,8.21,0.103,0.908,-2.39,50,0,-168.62,2.86,10,0.00,3.77,3.81,3.76,3.77,3.78,3.76,3.80,3.78,30.08,20.1,-30,-30,88.3,0,9,279,0,0,667,0,0,1,-1,0,1,1,-1,-1,-1,-1,-1,0,1,
2026-04-02,13:32:36.360,7.45,98,99,99,-0.011,83.81,49,0,8.23,0.138,0.754,-2.85,44,0,-168.38,4.42,10,0.00,3.77,3.81,3.80,3.81,3.78,3.76,3.80,3.78,30.16,20.1,-30,-30,89.5,0,11,279,0,0,667,0,0,1,-1,0,1,1,-1,-1,-1,-1,-1,0,1,
2026-04-02,13:32:36.620,7.45,96,97,97,-0.045,82.87,49,0,8.23,0.124,0.790,-3.10,40,0,-165.35,6.93,10,0.00,3.77,3.81,3.80,3.81,3.81,3.79,3.80,3.78,30.23,20.1,-30,-30,89.5,0,10,279,0,0,667,0,0,1,-1,0,1,1,-1,-1,-1,-1,-1,0,1,
2026-04-02,13:32:36.890,7.45,96,97,97,-0.045,81.85,49,0,8.21,0.117,0.771,-3.35,41,0,-163.98,7.79,10,0.00,3.77,3.81,3.80,3.81,3.81,3.79,3.83,3.81,30.23,20.1,-30,-30,89.5,0,-65,279,0,0,667,0,0,1,-1,0,1,1,-1,-1,-1,-1,-1,0,1,
2026-04-02,13:32:37.150,7.45,97,97,97,-0.008,80.64,51,0,8.19,0.121,0.749,-3.75,48,0,-161.97,8.97,10,0.00,3.77,3.81,3.80,3.81,3.81,3.79,3.83,3.81,30.28,20.1,-30,-30,88.5,0,-55,279,-214,0,667,0,0,1,-1,0,1,1,-1,-1,-1,-1,-1,0,1,
2026-04-02,13:32:37.410,7.45,100,100,97,0.019,79.17,52,0,8.18,0.139,0.946,-4.56,48,0,-165.54,7.85,10,0.00,3.79,3.82,3.80,3.81,3.81,3.79,3.83,3.81,30.28,20.1,-30,-30,88.5,0,-218,279,-266,0,666,0,0,1,-1,0,1,1,-1,-1,-1,-1,-1,0,1,
2026-04-02,13:32:37.680,7.45,100,100,97,-0.031,77.70,53,0,8.17,0.129,1.080,-4.95,50,0,-171.84,6.07,10,0.00,3.79,3.82,3.81,3.82,3.81,3.79,3.83,3.81,30.34,20.0,-30,-30,89.1,0,-190,277,-293,0,667,0,0,1,-1,0,1,1,-1,-1,-1,-1,-1,0,1,
2026-04-02,13:32:37.940,7.45,100,100,97,-0.022,76.38,53,0,8.22,0.131,1.232,-4.76,53,0,-179.10,3.23,10,0.00,3.79,3.82,3.81,3.82,3.81,3.80,3.83,3.81,30.34,20.0,-30,-30,91.7,0,-121,277,-167,0,666,0,0,1,-1,0,1,1,-1,-1,-1,-1,-1,0,1,
2026-04-02,13:32:38.210,7.44,99,99,97,-0.083,75.03,52,0,8.19,0.134,0.951,-4.68,56,0,172.14,3.30,10,0.00,3.79,3.82,3.81,3.82,3.81,3.80,3.83,3.82,30.39,18.9,-30,-30,94.3,0,-141,276,-277,0,666,0,0,1,-1,0,1,1,-1,-1,-1,-1,-1,0,1,
2026-04-02,13:32:38.470,7.45,98,98,97,-0.109,73.53,51,0,8.18,0.156,1.057,-4.97,58,0,178.16,4.01,10,0.00,3.80,3.83,3.81,3.82,3.81,3.80,3.83,3.82,30.39,18.9,-30,-30,97.4,0,-178,276,-288,0,667,0,0,1,-1,0,1,1,-1,-1,-1,-1,-1,0,1,
2026-04-02,13:32:38.730,7.45,96,97,97,-0.069,72.06,51,0,8.20,0.160,1.104,-5.04,60,0,176.97,3.73,10,0.00,3.80,3.83,3.82,3.83,3.81,3.80,3.83,3.82,30.44,18.2,-30,-30,96.5,0,-137,215,-343,0,666,0,0,1,-1,0,1,1,-1,-1,-1,-1,-1,0,1,
2026-04-02,13:32:39.010,7.45,96,97,97,-0.097,68.81,52,0,8.18,0.209,1.020,-5.64,61,0,171.44,2.04,10,0.00,3.80,3.83,3.82,3.83,3.82,3.81,3.83,3.82,30.44,18.2,-30,-30,97.0,0,-230,197,-138,0,666,0,0,1,-1,0,1,1,-1,-1,-1,-1,-1,0,1,
2026-04-02,13:32:39.270,7.45,97,97,97,-0.055,67.25,52,0,8.18,0.211,1.176,-5.59,60,0,167.44,0.69,10,0.00,3.80,3.83,3.82,3.83,3.82,3.81,3.84,3.83,30.52,12.9,-30,-30,97.0,0,-221,197,-333,0,667,0,0,1,-1,0,1,1,-1,-1,-1,-1,-1,0,1,
2026-04-02,13:32:39.530,7.45,98,98,97,-0.054,65.85,53,0,8.19,0.202,1.126,-5.14,61,0,165.89,-0.74,10,0.00,3.80,3.83,3.82,3.83,3.82,3.81,3.84,3.83,30.52,12.9,-30,-30,96.7,0,-152,198,-308,0,666,0,0,1,-1,0,1,1,-1,-1,-1,-1,-1,0,1,
2026-04-02,13:32:39.790,7.45,98,98,97,-0.082,64.49,50,0,8.18,0.194,0.945,-4.95,64,0,154.25,-2.44,10,0.00,3.82,3.84,3.82,3.83,3.82,3.81,3.84,3.83,30.59,13.1,-30,-30,96.7,0,-114,199,-119,0,666,0,0,1,-1,0,1,1,-1,-1,-1,-1,-1,0,1,
2026-04-02,13:32:40.050,7.45,98,98,97,-0.124,63.17,49,0,8.21,0.211,0.781,-4.74,65,0,151.93,-2.31,10,0.00,3.82,3.84,3.84,3.85,3.82,3.81,3.84,3.83,30.59,13.1,-30,-30,96.5,0,-80,199,0,0,666,0,0,1,-1,0,1,1,-1,-1,-1,-1,-1,0,1,
2026-04-02,13:32:40.320,7.45,98,98,98,-0.082,61.99,48,0,8.19,0.234,1.271,-4.36,65,0,156.77,0.05,10,0.00,3.82,3.84,3.84,3.85,3.84,3.84,3.84,3.83,30.64,13.5,-30,-30,99.8,0,-277,199,23,0,667,0,0,1,-1,0,1,1,-1,-1,-1,-1,-1,0,1,
2026-04-02,13:32:40.580,7.44,97,100,100,-0.051,61.99,47,0,8.20,0.227,1.167,-4.15,65,0,160.80,-0.26,10,0.00,3.82,3.84,3.84,3.85,3.84,3.84,3.85,3.85,30.64,13.5,-30,-30,98.2,0,-160,199,0,0,666,0,0,1,-1,0,1,1,-1,-1,-1,-1,-1,0,1,
2026-04-02,13:32:40.850,7.45,96,100,100,-0.013,59.46,46,0,8.23,0.237,1.010,-4.42,64,0,161.30,-0.69,10,0.00,3.83,3.85,3.84,3.85,3.84,3.84,3.85,3.85,30.69,13.0,-30,-30,97.2,0,7,199,0,0,666,0,0,1,-1,0,1,1,-1,-1,-1,-1,-1,0,1,
2026-04-02,13:32:41.110,7.44,97,100,100,-0.041,58.08,47,0,8.20,0.220,0.841,-4.66,64,0,159.16,0.78,10,0.00,3.83,3.85,3.85,3.86,3.84,3.84,3.85,3.85,30.73,13.0,-30,-30,97.2,0,-126,198,0,0,667,0,0,1,-1,0,1,1,-1,-1,-1,-1,-1,0,1,
2026-04-02,13:32:41.370,7.45,97,100,100,-0.070,56.69,47,0,8.18,0.251,0.666,-4.81,65,0,159.38,2.47,10,0.00,3.83,3.85,3.85,3.86,3.84,3.84,3.85,3.85,30.73,13.0,-30,-30,96.5,0,-295,198,0,0,666,0,0,1,-1,0,1,1,-1,-1,-1,-1,-1,0,1,
2026-04-02,13:32:41.640,7.45,95,100,100,-0.190,54.56,47,0,8.20,0.223,0.991,-4.35,64,0,164.46,1.07,10,0.00,3.83,3.85,3.85,3.86,3.85,3.85,3.85,3.85,30.76,12.8,-30,-30,101.1,0,-183,199,-105,0,667,0,0,1,-1,0,1,1,-1,-1,-1,-1,-1,0,1,
2026-04-02,13:32:41.910,7.44,93,100,100,-0.086,53.72,47,0,8.18,0.179,1.409,-3.87,61,0,175.43,1.42,10,0.00,3.83,3.85,3.85,3.86,3.85,3.85,3.85,3.85,30.76,12.8,-30,-30,101.1,0,-177,199,-334,0,666,0,0,1,-1,0,1,1,-1,-1,-1,-1,-1,0,1,
2026-04-02,13:32:42.170,7.45,93,100,100,-0.041,52.63,47,0,8.19,0.247,1.049,-3.43,61,0,176.75,1.84,10,0.00,3.83,3.86,3.85,3.86,3.85,3.85,3.85,3.85,30.78,12.9,-30,-30,96.9,0,-156,199,0,0,667,0,0,1,-1,0,1,1,-1,-1,-1,-1,-1,0,1,
2026-04-02,13:32:42.440,7.45,95,100,100,-0.057,51.27,48,0,8.18,0.259,1.018,-4.21,59,0,165.67,-0.63,10,0.00,3.83,3.86,3.85,3.86,3.85,3.85,3.85,3.85,30.78,12.9,-30,-30,101.3,0,-220,199,-295,0,666,0,0,1,-1,0,1,1,-1,-1,-1,-1,-1,0,1,
2026-04-02,13:32:42.700,7.45,97,100,100,-0.043,50.30,47,0,8.17,0.229,1.175,-3.87,58,0,164.87,-0.80,10,0.00,3.83,3.86,3.85,3.86,3.85,3.85,3.85,3.85,30.78,12.4,-30,-30,98.7,0,-255,199,-337,0,667,0,0,1,-1,0,1,1,-1,-1,-1,-1,-1,0,1,
2026-04-02,13:32:42.960,7.45,98,100,100,-0.093,49.36,46,0,8.17,0.189,1.041,-3.48,57,0,152.96,-4.41,10,0.00,3.83,3.86,3.85,3.86,3.85,3.85,3.86,3.86,30.78,12.4,-30,-30,96.3,0,-259,199,-125,0,667,0,0,1,-1,0,1,1,-1,-1,-1,-1,-1,0,1,
2026-04-02,13:32:43.220,7.45,99,100,100,-0.104,48.72,46,0,8.17,0.151,1.151,-2.84,57,0,151.24,-6.47,10,0.00,3.84,3.86,3.85,3.86,3.85,3.85,3.86,3.86,30.80,12.4,-30,-30,93.0,0,-246,199,-23,0,666,0,0,1,-1,0,1,1,-1,-1,-1,-1,-1,0,1,
2026-04-02,13:32:43.490,7.45,96,100,100,-0.102,48.09,44,0,8.17,0.142,1.174,-2.36,56,0,155.60,-6.35,10,0.00,3.84,3.86,3.85,3.86,3.85,3.85,3.86,3.86,30.80,12.4,-30,-30,92.2,0,-265,199,-236,0,666,0,0,1,-1,0,1,1,-1,-1,-1,-1,-1,0,1,
2026-04-02,13:32:43.750,7.45,95,100,100,-0.088,47.46,43,0,8.17,0.131,1.057,-2.20,55,0,160.09,-5.96,10,0.00,3.84,3.86,3.85,3.86,3.85,3.85,3.86,3.86,30.81,15.0,-30,-30,90.9,0,-267,198,-277,0,667,0,0,1,-1,0,1,1,-1,-1,-1,-1,-1,0,1,
2026-04-02,13:32:44.020,7.45,94,100,100,-0.066,47.46,42,0,8.20,0.124,1.122,-2.48,53,0,160.09,-5.96,10,0.00,3.84,3.86,3.85,3.86,3.85,3.85,3.86,3.86,30.81,15.0,-30,-30,88.5,0,-219,198,-303,0,666,0,0,1,-1,0,1,1,-1,-1,-1,-1,-1,0,1,
2026-04-02,13:32:44.280,7.45,94,100,100,-0.065,45.86,42,0,8.18,0.112,1.058,-2.68,54,0,153.09,-8.29,10,0.00,3.84,3.86,3.85,3.86,3.85,3.85,3.86,3.85,30.81,15.7,-30,-30,88.5,0,-231,198,-129,0,667,0,0,1,-1,0,1,1,-1,-1,-1,-1,-1,0,1,
2026-04-02,13:32:44.540,7.45,93,100,100,-0.084,45.06,41,0,8.18,0.118,1.010,-2.81,53,0,151.69,-8.05,10,0.00,3.83,3.86,3.85,3.86,3.85,3.85,3.86,3.85,30.81,15.7,-30,-30,88.9,0,-272,198,-90,0,666,0,0,1,-1,0,1,1,-1,-1,-1,-1,-1,0,1,
2026-04-02,13:32:44.810,7.45,92,100,100,-0.089,43.63,42,0,8.17,0.118,1.112,-2.54,55,0,157.26,-6.88,10,0.00,3.83,3.86,3.85,3.86,3.85,3.85,3.86,3.85,30.81,15.9,-30,-30,88.3,0,-251,198,-113,0,666,0,0,1,-1,0,1,1,-1,-1,-1,-1,-1,0,1,
2026-04-02,13:32:45.080,7.45,91,100,100,-0.075,42.86,43,0,8.17,0.106,1.178,-2.53,55,0,163.07,-6.84,10,0.00,3.83,3.86,3.85,3.86,3.85,3.85,3.86,3.85,30.81,16.4,-30,-30,87.0,0,-203,198,-159,0,667,0,0,1,-1,0,1,1,-1,-1,-1,-1,-1,0,1,
2026-04-02,13:32:45.340,7.44,91,100,100,-0.046,41.95,43,0,8.17,0.104,1.128,-2.88,55,0,163.75,-6.68,10,0.00,3.83,3.86,3.85,3.86,3.85,3.85,3.85,3.85,30.81,16.4,-30,-30,87.2,0,-178,197,-267,0,666,0,0,1,-1,0,1,1,-1,-1,-1,-1,-1,0,1,
2026-04-02,13:32:45.600,7.44,94,100,100,-0.068,40.94,44,0,8.17,0.102,0.975,-3.23,56,0,161.31,-5.85,10,0.00,3.83,3.86,3.85,3.86,3.85,3.85,3.85,3.85,30.81,16.5,-30,-30,86.5,0,-284,198,-229,0,666,0,0,1,-1,0,1,1,-1,-1,-1,-1,-1,0,1,
2026-04-02,13:32:45.860,7.44,97,100,100,-0.069,40.10,45,0,8.17,0.084,1.095,-3.20,56,0,159.82,-5.95,10,0.00,3.83,3.86,3.85,3.86,3.85,3.85,3.85,3.85,30.81,16.5,-30,-30,85.9,0,-295,99,-97,0,667,0,0,1,-1,0,1,1,-1,-1,-1,-1,-1,0,1,
2026-04-02,13:32:46.130,7.44,97,100,100,-0.080,39.41,45,0,8.17,0.082,1.218,-2.72,57,0,162.11,-6.97,10,0.00,3.83,3.86,3.85,3.85,3.85,3.85,3.85,3.85,30.85,11.7,-30,-30,83.7,0,-236,68,-160,0,667,0,0,1,-1,0,1,1,-1,-1,-1,-1,-1,0,1,
2026-04-02,13:32:46.390,7.45,93,100,100,-0.059,38.76,45,0,8.17,0.115,1.092,-2.41,59,0,169.22,-4.58,10,0.00,3.83,3.86,3.85,3.85,3.85,3.85,3.85,3.85,30.85,11.7,-30,-30,83.7,0,-265,70,-230,0,667,0,0,1,-1,0,1,1,-1,-1,-1,-1,-1,0,1,
2026-04-02,13:32:46.660,7.45,85,100,100,-0.056,38.13,44,0,8.17,0.115,1.018,-2.41,61,0,169.92,-3.47,10,0.00,3.83,3.86,3.85,3.85,3.85,3.85,3.85,3.85,30.88,10.6,-30,-30,82.8,0,-308,71,-277,0,667,0,0,1,-1,0,1,1,-1,-1,-1,-1,-1,0,1,
2026-04-02,13:32:46.930,7.45,81,100,100,-0.050,38.13,44,0,8.17,0.146,0.959,-2.42,61,0,169.01,-3.04,10,0.00,3.85,3.87,3.85,3.85,3.85,3.85,3.85,3.85,30.88,10.6,-30,-30,82.0,0,-330,71,-344,0,667,0,0,1,-1,0,1,1,-1,-1,-1,-1,-1,0,1,
2026-04-02,13:32:47.190,7.44,81,100,100,-0.050,36.63,43,0,8.17,0.138,1.187,-2.54,60,0,167.14,-4.24,10,0.00,3.85,3.87,3.87,3.87,3.85,3.85,3.85,3.85,30.91,10.1,-30,-30,86.9,-10,-335,73,-352,0,667,0,0,1,-1,0,1,1,-1,-1,-1,-1,-1,0,1,
2026-04-02,13:32:47.460,7.44,83,100,100,-0.067,34.83,42,0,8.17,0.122,1.233,-2.85,59,0,162.59,-7.35,10,0.00,3.85,3.87,3.87,3.87,3.86,3.87,3.85,3.85,30.91,10.1,-30,-30,86.9,0,-310,164,-201,0,666,0,0,1,-1,0,1,1,-1,-1,-1,-1,-1,0,1,
2026-04-02,13:32:47.740,7.44,86,100,100,-0.068,33.88,42,0,8.19,0.076,1.039,-3.19,58,0,166.18,-8.10,10,0.00,3.85,3.87,3.87,3.87,3.86,3.87,3.87,3.87,30.89,10.1,-30,-30,82.8,0,-359,191,0,0,666,0,0,1,-1,0,1,1,-1,-1,-1,-1,-1,0,1,
2026-04-02,13:32:48.020,7.44,83,100,100,-0.048,32.90,43,0,8.18,0.089,1.061,-3.29,60,0,170.46,-7.70,10,0.00,3.85,3.87,3.87,3.87,3.86,3.87,3.87,3.87,30.89,10.1,-30,-30,84.5,0,-210,191,-171,0,666,0,0,1,-1,0,1,1,-1,-1,-1,-1,-1,0,1,
2026-04-02,13:32:48.280,7.44,81,100,100,0.022,31.89,42,0,8.19,0.057,1.260,-3.48,61,0,175.62,-9.40,10,0.00,3.85,3.87,3.86,3.87,3.86,3.87,3.87,3.87,30.87,10.1,-30,-30,81.9,-16,-234,193,-352,0,666,0,0,1,-1,0,1,1,-1,-1,-1,-1,-1,0,1,
2026-04-02,13:32:48.540,7.44,77,100,100,-0.010,30.88,42,0,8.18,0.091,0.971,-3.43,61,0,167.29,-9.10,10,0.00,3.85,3.87,3.86,3.87,3.86,3.87,3.87,3.87,30.87,10.1,-30,-30,82.8,-28,-297,197,-373,0,667,0,0,1,-1,0,1,1,-1,-1,-1,-1,-1,0,1,
2026-04-02,13:32:48.810,7.45,78,100,100,-0.049,29.77,42,0,8.17,0.074,0.902,-3.69,59,0,160.82,-10.40,10,0.00,3.85,3.87,3.86,3.87,3.85,3.86,3.87,3.87,30.85,10.1,-30,-30,82.8,-29,-322,199,-247,0,667,0,0,1,-1,0,1,1,-1,-1,-1,-1,-1,0,1,
2026-04-02,13:32:49.090,7.45,79,100,100,-0.113,29.03,41,0,8.17,0.018,1.108,-3.22,55,0,157.37,-12.92,10,0.00,3.85,3.87,3.86,3.87,3.85,3.86,3.86,3.85,30.85,18.1,-30,-30,82.0,-32,-337,197,-207,0,667,0,0,1,-1,0,1,1,-1,-1,-1,-1,-1,0,1,
2026-04-02,13:32:49.350,7.45,78,100,100,-0.115,28.37,40,0,8.17,0.017,1.108,-2.58,58,0,162.89,-12.85,10,0.00,3.84,3.86,3.86,3.87,3.85,3.86,3.86,3.85,30.83,18.1,-30,-30,81.7,-37,-331,196,-211,0,666,0,0,1,-1,0,1,1,-1,-1,-1,-1,-1,0,1,
2026-04-02,13:32:49.620,7.44,75,100,100,-0.072,27.65,40,0,8.17,0.057,1.156,-2.46,60,0,175.18,-11.25,10,0.00,3.84,3.86,3.85,3.86,3.85,3.86,3.86,3.85,30.82,17.9,-30,-30,81.7,-40,-326,197,-260,0,667,0,0,1,-1,0,1,1,-1,-1,-1,-1,-1,0,1,
2026-04-02,13:32:49.890,7.45,72,100,100,0.025,26.63,39,0,8.17,0.068,1.074,-2.98,62,0,171.38,-11.87,10,0.00,3.84,3.86,3.85,3.86,3.85,3.85,3.86,3.85,30.82,17.9,-30,-30,81.7,-44,-322,196,-264,0,666,0,0,1,-1,0,1,1,-1,-1,-1,-1,-1,0,1,
2026-04-02,13:32:50.150,7.45,73,100,100,-0.002,25.24,39,0,8.17,0.066,1.102,-4.03,61,0,165.46,-13.29,10,0.00,3.84,3.86,3.85,3.86,3.85,3.85,3.85,3.85,30.81,17.5,-30,-30,81.7,-51,-288,196,-377,0,666,0,0,1,-1,0,1,1,-1,-1,-1,-1,-1,0,1,
2026-04-02,13:32:50.420,7.45,78,100,100,-0.099,23.09,40,0,8.17,0.045,1.099,-3.62,60,0,155.45,-16.83,10,0.00,3.83,3.86,3.85,3.86,3.85,3.85,3.85,3.85,30.81,17.5,-30,-30,84.3,-59,-396,285,-187,0,666,0,0,1,-1,0,1,1,-1,-1,-1,-1,-1,0,1,
2026-04-02,13:32:50.690,7.45,82,100,100,-0.126,22.15,40,0,8.17,-0.018,1.099,-3.62,57,0,155.08,-17.59,10,0.00,3.83,3.86,3.84,3.86,3.85,3.85,3.85,3.85,30.73,22.0,-30,-30,85.2,-48,-351,363,-273,0,667,0,0,1,-1,0,1,1,-1,-1,-1,-1,-1,0,1,
2026-04-02,13:32:50.960,7.45,90,100,100,-0.082,22.15,42,0,8.17,-0.004,1.362,-3.61,59,0,163.90,-18.54,10,0.00,3.83,3.86,3.84,3.86,3.85,3.85,3.85,3.85,30.73,22.0,-30,-30,86.5,-54,-394,365,-349,0,666,0,0,1,-1,0,1,1,-1,-1,-1,-1,-1,0,1,
2026-04-02,13:32:51.220,7.45,88,100,100,0.026,19.73,43,0,8.17,0.008,1.444,-4.02,61,0,160.55,-20.17,10,0.00,3.83,3.86,3.84,3.86,3.84,3.83,3.85,3.85,30.66,27.0,-30,-30,86.5,-47,-404,363,-315,0,666,0,0,1,-1,0,1,1,-1,-1,-1,-1,-1,0,1,
2026-04-02,13:32:51.480,7.45,87,100,100,0.002,18.39,43,0,8.17,0.025,1.351,-4.63,60,0,151.76,-22.87,10,0.00,3.83,3.86,3.84,3.86,3.84,3.83,3.84,3.83,30.66,27.0,-30,-30,86.3,-55,-361,359,-343,0,667,0,0,1,-1,0,1,1,-1,-1,-1,-1,-1,0,1,
2026-04-02,13:32:51.750,7.45,81,100,100,-0.091,17.37,43,0,8.17,0.061,1.359,-4.03,59,0,138.66,-27.34,10,0.00,3.81,3.83,3.84,3.86,3.84,3.83,3.84,3.83,30.61,26.1,-30,-30,90.7,-57,-418,356,-171,0,666,0,0,1,-1,0,1,1,-1,-1,-1,-1,-1,0,1,
2026-04-02,13:32:52.010,7.45,77,100,100,-0.128,16.59,42,0,8.17,0.037,1.361,-3.30,55,0,136.64,-28.94,10,0.00,3.81,3.83,3.82,3.83,3.84,3.83,3.84,3.83,30.61,26.1,-30,-30,93.0,-46,-548,358,46,0,667,0,0,1,-1,0,1,1,-1,-1,-1,-1,-1,0,1,
2026-04-02,13:32:52.270,7.45,82,100,100,-0.032,15.85,44,0,8.17,0.002,1.783,-2.75,49,0,142.45,-29.56,10,0.00,3.81,3.83,3.82,3.83,3.82,3.81,3.84,3.83,30.56,25.5,-30,-30,89.6,-25,-370,385,0,0,667,0,0,1,-1,0,1,1,-1,-1,-1,-1,-1,0,1,
2026-04-02,13:32:52.530,7.45,88,100,100,0.031,15.04,46,0,8.20,0.038,1.262,-2.70,49,0,142.36,-28.93,10,0.00,3.81,3.83,3.82,3.83,3.82,3.81,3.83,3.82,30.56,25.5,-30,-30,87.2,-16,-82,282,0,0,667,0,0,1,-1,0,1,1,-1,-1,-1,-1,-1,0,1,
2026-04-02,13:32:52.800,7.45,96,100,100,-0.033,13.86,48,0,8.19,0.121,1.157,-3.49,51,0,139.80,-26.92,10,0.00,3.80,3.83,3.82,3.83,3.82,3.81,3.83,3.82,30.58,26.5,-30,-30,92.2,0,-274,98,196,0,667,0,0,1,-1,0,1,1,-1,-1,-1,-1,-1,0,1,
2026-04-02,13:32:53.060,7.45,96,100,100,-0.098,12.97,50,0,8.18,0.208,0.949,-3.48,49,0,140.46,-21.98,10,0.00,3.80,3.83,3.82,3.83,3.82,3.81,3.83,3.82,30.58,26.5,-30,-30,92.0,0,-292,-5,253,0,666,0,0,1,-1,0,1,1,-1,-1,-1,-1,-1,0,1,
2026-04-02,13:32:53.320,7.45,95,100,100,-0.030,12.97,51,0,8.17,0.192,1.177,-2.55,46,0,144.97,-20.53,10,0.00,3.80,3.83,3.83,3.84,3.82,3.81,3.83,3.82,30.70,6.9,-30,-30,88.5,0,-415,-19,283,0,667,0,0,1,-1,0,1,1,-1,-1,-1,-1,-1,0,1,
2026-04-02,13:32:53.590,7.44,96,100,100,-0.018,11.66,52,0,8.17,0.208,1.297,-1.53,48,0,148.15,-21.64,10,0.00,3.80,3.83,3.83,3.84,3.84,3.84,3.83,3.82,30.70,5.3,-30,-30,88.5,0,-114,0,32,0,666,0,0,1,-1,0,1,1,-1,-1,-1,-1,-1,0,1,
2026-04-02,13:32:53.860,7.45,97,100,100,-0.056,11.12,53,0,8.17,0.202,0.976,-1.72,51,0,147.61,-22.00,10,0.00,3.80,3.83,3.83,3.84,3.84,3.84,3.86,3.86,30.79,5.3,-30,-30,88.5,0,-225,27,401,0,667,0,0,1,-1,0,1,1,-1,-1,-1,-1,-1,0,1,
2026-04-02,13:32:54.130,7.45,99,100,100,-0.052,10.21,52,0,8.17,0.161,1.006,-2.52,54,0,156.68,-16.00,10,0.00,3.85,3.87,3.83,3.84,3.84,3.84,3.86,3.86,30.82,9.4,-30,-30,86.9,0,-259,108,116,0,667,0,0,1,-1,0,1,1,-1,-1,-1,-1,-1,0,1,
2026-04-02,13:32:54.390,7.45,95,100,100,0.008,9.28,51,0,8.17,0.147,1.123,-2.96,57,0,168.82,-14.20,10,0.00,3.85,3.87,3.86,3.87,3.84,3.84,3.86,3.86,30.82,9.4,-30,-30,85.0,0,-183,176,0,0,666,0,0,1,-1,0,1,1,-1,-1,-1,-1,-1,0,1,
2026-04-02,13:32:54.650,7.44,94,100,100,-0.005,8.36,48,0,8.19,0.107,1.062,-3.15,58,0,167.78,-14.80,10,0.00,3.85,3.87,3.86,3.87,3.86,3.87,3.86,3.86,30.81,15.0,-30,-30,85.9,0,-69,135,0,0,667,0,0,1,-1,0,1,1,-1,-1,-1,-1,-1,0,1,
2026-04-02,13:32:54.910,7.45,85,100,100,-0.051,7.35,46,0,8.18,0.131,0.822,-3.33,57,0,167.53,-11.74,10,0.00,3.85,3.87,3.86,3.87,3.86,3.87,3.86,3.86,30.81,15.0,-30,-30,84.3,0,-362,89,116,0,666,0,0,1,-1,0,1,1,-1,-1,-1,-1,-1,0,1,
2026-04-02,13:32:55.170,7.45,86,100,100,-0.040,6.53,44,0,8.18,0.121,0.908,-3.16,60,0,169.25,-11.45,10,0.00,3.85,3.87,3.86,3.87,3.86,3.87,3.86,3.86,30.85,10.7,-30,-30,82.8,0,-386,69,0,0,666,0,0,1,-1,0,1,1,-1,-1,-1,-1,-1,0,1,
2026-04-02,13:32:55.440,7.45,85,100,100,0.010,5.95,43,0,8.19,0.091,1.212,-3.16,61,0,174.53,-14.22,10,0.00,3.84,3.87,3.86,3.87,3.86,3.87,3.86,3.86,30.85,10.7,-30,-30,79.6,0,-109,69,0,0,667,0,0,1,-1,0,1,1,-1,-1,-1,-1,-1,0,1,
2026-04-02,13:32:55.700,7.44,85,100,100,-0.006,5.36,42,0,8.18,0.081,0.970,-3.16,62,0,175.12,-14.55,10,0.00,3.84,3.87,3.86,3.87,3.86,3.87,3.86,3.86,30.84,11.0,-30,-30,79.6,0,-250,192,0,0,667,0,0,1,-1,0,1,1,-1,-1,-1,-1,-1,0,1,
2026-04-02,13:32:55.970,7.45,77,100,100,0.008,5.36,39,0,8.17,0.029,1.117,-3.16,63,0,175.66,-10.67,10,0.00,3.84,3.87,3.86,3.87,3.85,3.86,3.86,3.86,30.84,11.0,-30,-30,79.5,0,-459,213,159,0,666,0,0,1,-1,0,1,1,-1,-1,-1,-1,-1,0,1,
2026-04-02,13:32:56.240,7.45,73,100,100,0.016,3.75,40,0,8.17,0.002,1.186,-2.76,64,0,178.41,-9.93,10,0.00,3.84,3.87,3.86,3.87,3.85,3.86,3.86,3.86,30.78,18.6,-30,-30,78.2,0,-196,205,0,0,666,0,0,1,-1,0,1,1,-1,-1,-1,-1,-1,0,1,
2026-04-02,13:32:56.500,7.45,81,100,100,0.010,2.87,45,0,8.20,0.026,1.089,-3.02,65,0,-154.74,-11.09,10,0.00,3.84,3.86,3.86,3.87,3.85,3.86,3.86,3.86,30.78,18.6,-30,-30,77.6,0,-300,179,2,0,666,0,0,1,-1,0,1,1,-1,-1,-1,-1,-1,0,1,
2026-04-02,13:32:56.760,7.44,93,100,100,0.020,2.12,51,0,8.21,0.014,1.120,-2.32,66,0,-178.04,-12.26,10,0.00,3.84,3.86,3.85,3.85,3.85,3.86,3.86,3.86,30.77,17.3,-30,-30,77.6,0,-301,169,135,0,666,0,0,1,-1,0,1,1,-1,-1,-1,-1,-1,0,1,
2026-04-02,13:32:57.020,7.45,99,100,100,0.021,0.98,54,0,8.19,0.020,1.070,-2.09,67,0,-177.20,-12.50,10,0.00,3.84,3.86,3.85,3.85,3.84,3.84,3.86,3.86,30.77,17.3,-30,-30,76.1,0,-185,166,0,0,666,0,0,1,-1,0,1,1,-1,-1,-1,-1,-1,0,1,
2026-04-02,13:32:57.290,7.45,99,100,100,0.027,0.53,56,0,8.18,0.040,0.917,-1.79,67,0,-176.55,-11.99,10,0.00,3.84,3.86,3.85,3.85,3.84,3.84,3.85,3.84,30.77,16.3,-30,-30,76.7,0,-303,164,73,0,666,0,0,1,-1,0,1,1,-1,-1,-1,-1,-1,0,1,
2026-04-02,13:32:57.550,7.45,100,100,100,0.028,-0.02,59,0,8.17,0.034,1.138,-1.87,68,0,-178.73,-10.44,10,0.00,3.84,3.86,3.85,3.85,3.84,3.84,3.85,3.84,30.77,16.3,-30,-30,74.1,0,-568,37,162,0,666,0,0,1,-1,0,1,1,-1,-1,-1,-1,-1,0,1,
2026-04-02,13:32:57.810,7.44,100,100,100,0.003,-0.27,60,0,8.20,0.018,1.217,-1.87,69,0,-178.23,-11.87,10,0.00,3.83,3.85,3.85,3.85,3.84,3.84,3.85,3.84,30.81,12.8,-30,-30,74.1,0,-216,29,0,0,667,0,0,1,-1,0,1,1,-1,-1,-1,-1,-1,0,1,
2026-04-02,13:32:58.080,7.44,100,100,100,-0.007,-0.41,62,0,8.19,0.039,1.119,-0.77,69,0,-174.80,-12.56,10,0.00,3.83,3.85,3.85,3.86,3.84,3.84,3.85,3.84,30.81,10.8,-30,-30,72.4,0,-412,29,34,0,666,0,0,1,-1,0,1,1,-1,-1,-1,-1,-1,0,1,
2026-04-02,13:32:58.340,7.45,100,100,100,0.007,-0.49,62,0,8.18,0.013,0.925,-0.55,68,0,-171.34,-8.80,10,0.00,3.83,3.85,3.85,3.86,3.85,3.86,3.85,3.84,30.84,10.8,-30,-30,71.3,0,-484,29,96,0,666,0,0,1,-1,0,1,1,-1,-1,-1,-1,-1,0,1,
2026-04-02,13:32:58.600,7.45,100,100,100,0.022,-0.65,63,0,8.22,0.006,1.055,-0.39,69,0,-170.01,-8.79,10,0.00,3.83,3.85,3.85,3.86,3.85,3.86,3.86,3.86,30.84,11.5,-30,-30,68.7,0,-302,29,-32,0,667,0,0,1,-1,0,1,1,-1,-1,-1,-1,-1,0,1,
2026-04-02,13:32:58.870,7.44,99,100,100,0.024,-0.93,63,0,8.20,0.000,0.943,-0.75,69,0,-172.79,-8.56,10,0.00,3.84,3.87,3.85,3.86,3.85,3.86,3.86,3.86,30.86,11.5,-30,-30,66.1,0,-511,30,-26,0,666,0,0,1,-1,0,1,1,-1,-1,-1,-1,-1,0,1,
2026-04-02,13:32:59.130,7.45,99,100,100,0.030,-1.18,63,0,8.20,0.000,0.947,-0.84,69,0,-175.33,-7.83,10,0.00,3.84,3.87,3.86,3.87,3.85,3.86,3.86,3.86,30.88,12.1,-30,-30,65.2,0,-732,-29,0,0,666,0,0,1,-1,0,1,1,-1,-1,-1,-1,-1,0,1,
2026-04-02,13:32:59.390,7.45,99,100,100,0.019,-1.48,63,0,8.19,-0.017,1.199,-0.96,67,0,-177.92,-9.82,10,0.00,3.84,3.87,3.86,3.87,3.85,3.86,3.86,3.86,30.88,12.1,-30,-30,63.9,0,-535,-307,0,0,667,0,0,1,-1,0,1,1,-1,-1,-1,-1,-1,0,1,
2026-04-02,13:32:59.660,7.45,100,100,100,-0.010,-1.44,63,0,8.18,-0.012,1.170,0.00,68,0,-177.25,-11.80,10,0.00,3.84,3.87,3.86,3.87,3.85,3.86,3.86,3.86,31.00,0.0,-30,-30,60.6,0,-532,-622,0,0,666,0,0,1,-1,0,1,1,-1,-1,-1,-1,-1,0,1,
2026-04-02,13:32:59.920,7.45,100,100,100,-0.019,-1.39,62,0,8.17,0.105,0.897,0.22,67,0,-173.56,-8.97,10,0.00,3.84,3.87,3.86,3.87,3.85,3.86,3.87,3.87,31.00,0.0,-30,-30,60.6,0,-796,-826,0,0,666,0,0,1,-1,0,1,1,-1,-1,-1,-1,-1,0,1,
2026-04-02,13:33:00.190,7.44,100,100,100,-0.324,-1.30,60,0,8.17,0.191,1.872,0.25,66,0,106.17,-7.79,10,0.00,3.86,3.88,3.86,3.87,3.85,3.86,3.87,3.87,31.07,0.0,-30,-30,59.8,0,-921,-921,0,0,666,0,0,1,-1,0,1,1,-1,-1,-1,-1,-1,0,1,
2026-04-02,13:33:00.460,7.45,100,100,100,-0.099,-1.60,59,0,8.15,0.145,0.657,-0.26,65,0,157.55,-5.82,10,0.00,3.86,3.88,3.88,3.89,3.85,3.86,3.87,3.87,31.07,0.0,-30,-30,59.8,0,-888,-929,0,0,667,0,0,1,-1,0,1,1,-1,-1,-1,-1,-1,0,1,
2026-04-02,13:33:00.720,7.45,98,100,100,-0.040,-1.87,58,0,8.16,0.080,0.866,-0.93,68,0,178.27,-7.20,10,0.00,3.86,3.88,3.88,3.89,3.89,3.90,3.87,3.87,31.13,0.0,-30,-30,56.9,0,-841,-1013,0,0,666,0,0,1,-1,0,1,1,-1,-1,-1,-1,-1,0,1,
2026-04-02,13:33:00.990,7.45,96,100,100,-0.048,-1.80,57,0,8.17,0.085,0.965,-0.33,70,0,179.15,-7.90,10,0.00,3.86,3.88,3.88,3.89,3.89,3.90,3.90,3.91,31.13,0.0,-30,-30,50.9,0,-753,-1023,0,0,667,0,0,1,-1,0,1,1,-1,-1,-1,-1,-1,0,1,
2026-04-02,13:33:01.250,7.45,94,100,100,-0.057,-1.47,58,0,8.17,0.169,1.037,0.61,71,0,178.17,-4.06,10,0.00,3.89,3.90,3.88,3.89,3.89,3.90,3.90,3.91,31.19,0.0,-30,-30,50.9,0,-707,-1024,0,0,667,0,0,1,-1,0,1,1,-1,-1,-1,-1,-1,0,1,
2026-04-02,13:33:01.510,7.45,94,100,100,-0.050,-1.25,59,0,8.17,0.214,0.671,0.71,70,0,177.24,0.11,10,0.00,3.89,3.90,3.90,3.90,3.89,3.90,3.90,3.91,31.19,0.0,-30,-30,51.7,0,-662,-1024,0,0,667,0,0,1,-1,0,1,1,-1,-1,-1,-1,-1,0,1,
2026-04-02,13:33:01.790,7.45,94,100,100,-0.059,-1.20,60,0,8.17,0.187,1.013,0.48,71,0,177.82,-0.97,10,0.00,3.89,3.90,3.90,3.90,3.89,3.90,3.90,3.91,31.22,0.0,-30,-30,48.5,12,-566,-1024,0,0,667,0,0,1,-1,0,1,1,-1,-1,-1,-1,-1,0,1,
2026-04-02,13:33:02.070,7.45,94,100,100,-0.078,-1.06,61,0,8.17,0.199,0.826,0.19,72,0,177.27,1.59,10,0.00,3.89,3.90,3.90,3.90,3.89,3.90,3.90,3.91,31.22,0.0,-30,-30,45.7,0,-510,-1024,0,0,666,0,0,1,-1,0,1,1,-1,-1,-1,-1,-1,0,1,
2026-04-02,13:33:02.330,7.45,94,100,100,-0.052,-0.86,62,0,8.17,0.265,0.896,0.38,69,0,177.21,1.00,10,0.00,3.89,3.90,3.90,3.90,3.89,3.90,3.90,3.91,31.26,0.0,-30,-30,45.7,28,-478,-1024,0,0,667,0,0,1,-1,0,1,1,-1,-1,-1,-1,-1,0,1,
2026-04-02,13:33:02.600,7.44,96,100,100,-0.044,-0.66,61,0,8.17,0.237,1.245,0.64,61,0,176.76,1.26,10,0.00,3.89,3.91,3.90,3.90,3.89,3.90,3.90,3.91,31.26,0.0,-30,-30,45.2,85,-425,-1024,0,0,666,0,0,1,-1,0,1,1,-1,-1,-1,-1,-1,0,1,
2026-04-02,13:33:02.860,7.45,98,100,100,-0.029,-0.62,61,0,8.14,0.191,0.977,0.39,63,0,176.98,1.54,10,0.00,3.89,3.91,3.90,3.91,3.89,3.90,3.90,3.91,31.28,0.0,-30,-30,41.7,425,-345,-1024,0,0,666,0,0,1,-1,0,1,1,-1,-1,-1,-1,-1,0,1,
2026-04-02,13:33:03.130,7.45,100,100,100,-0.146,-0.62,63,0,8.10,0.190,1.235,0.39,62,0,176.72,3.01,10,0.00,3.89,3.91,3.90,3.91,3.90,3.91,3.90,3.91,31.31,0.0,-30,-30,37.6,489,-320,-792,0,0,666,0,0,1,-1,0,1,1,-1,-1,-1,-1,-1,0,1,
2026-04-02,13:33:03.400,7.44,100,100,100,-0.169,-0.53,63,0,8.08,0.142,0.947,0.15,65,0,176.27,3.12,10,0.00,3.89,3.91,3.90,3.91,3.90,3.91,3.91,3.91,31.31,0.0,-30,-30,35.9,493,-285,-594,0,0,666,0,0,1,-1,0,1,1,-1,-1,-1,-1,-1,0,1,
2026-04-02,13:33:03.660,7.44,100,100,100,-0.207,-0.52,62,0,8.08,0.108,1.162,0.14,64,0,174.31,3.31,10,0.00,3.90,3.91,3.90,3.91,3.90,3.91,3.91,3.91,31.32,1.5,-30,-30,29.4,538,-218,-598,0,0,666,0,0,1,-1,0,1,1,-1,-1,-1,-1,-1,0,1,
2026-04-02,13:33:03.920,7.44,100,100,100,-0.234,-0.52,63,0,8.05,0.210,1.013,0.08,63,0,173.37,3.14,10,0.00,3.90,3.91,3.90,3.91,3.90,3.91,3.91,3.91,31.32,1.5,-30,-30,31.3,386,-252,-705,0,0,666,0,0,1,-1,0,1,1,-1,-1,-1,-1,-1,0,1,
2026-04-02,13:33:04.190,7.44,100,100,100,-0.229,-0.47,63,0,8.08,0.119,0.901,0.05,61,0,171.63,1.93,10,0.00,3.90,3.91,3.90,3.91,3.90,3.91,3.91,3.91,31.33,0.0,-30,-30,28.0,485,-178,-567,0,0,666,0,0,1,-1,0,1,1,-1,-1,-1,-1,-1,0,1,
2026-04-02,13:33:04.450,7.45,100,100,100,-0.184,-0.31,64,0,8.05,0.133,0.811,0.35,62,0,171.30,1.92,10,0.00,3.90,3.91,3.90,3.91,3.90,3.91,3.91,3.91,31.33,0.0,-30,-30,27.2,510,-146,-592,0,0,667,0,0,1,-1,0,1,1,-1,-1,-1,-1,-1,0,1,
2026-04-02,13:33:04.710,7.45,100,100,100,-0.201,-0.28,64,0,8.06,0.139,0.997,0.25,63,0,170.83,2.00,10,0.00,3.90,3.91,3.90,3.91,3.90,3.91,3.91,3.91,31.35,1.0,-30,-30,27.2,454,-144,-594,0,0,667,0,0,1,-1,0,1,1,-1,-1,-1,-1,-1,0,1,
2026-04-02,13:33:04.970,7.44,100,100,100,-0.104,-0.23,64,0,8.09,0.123,0.888,0.18,63,0,170.60,2.08,10,0.00,3.90,3.91,3.90,3.91,3.90,3.91,3.91,3.91,31.35,1.0,-30,-30,24.3,309,-109,-730,0,0,667,0,0,1,-1,0,1,1,-1,-1,-1,-1,-1,0,1,
2026-04-02,13:33:05.250,7.44,100,100,100,-0.171,-0.07,64,0,8.11,0.116,0.989,0.22,64,0,170.37,2.29,10,0.00,3.90,3.91,3.91,3.91,3.90,3.91,3.91,3.91,31.36,0.0,-30,-30,21.7,301,-134,-545,0,0,667,0,0,1,-1,0,1,1,-1,-1,-1,-1,-1,0,1,
2026-04-02,13:33:05.520,7.44,100,100,100,-0.118,-0.09,64,0,8.14,0.128,0.992,0.16,62,0,170.28,1.57,10,0.00,3.90,3.91,3.91,3.91,3.90,3.91,3.91,3.91,31.36,0.0,-30,-30,20.7,265,-124,-597,0,0,667,0,0,1,-1,0,1,1,-1,-1,-1,-1,-1,0,1,
2026-04-02,13:33:05.780,7.44,100,100,100,-0.178,-0.15,64,0,8.16,0.076,0.875,-0.12,60,0,170.31,1.44,10,0.00,3.90,3.91,3.91,3.91,3.90,3.91,3.91,3.91,31.39,1.4,-30,-30,18.7,259,-106,-919,0,0,667,0,0,1,-1,0,1,1,-1,-1,-1,-1,-1,0,1,
2026-04-02,13:33:06.040,7.44,100,100,100,-0.107,-0.13,63,0,8.16,0.189,1.093,-0.03,60,0,170.73,1.03,10,0.00,3.90,3.91,3.91,3.91,3.90,3.91,3.91,3.91,31.39,1.4,-30,-30,19.8,179,0,-1024,0,0,666,0,0,1,-1,0,1,1,-1,-1,-1,-1,-1,0,1,
2026-04-02,13:33:06.300,7.45,100,100,100,-0.063,-0.05,61,0,8.14,0.080,0.882,-0.03,60,0,170.94,1.22,10,0.00,3.90,3.91,3.91,3.91,3.90,3.91,3.91,3.91,31.40,0.0,-30,-30,13.9,267,-18,-1023,0,0,666,0,0,1,-1,0,1,1,-1,-1,-1,-1,-1,0,1,
2026-04-02,13:33:06.560,7.45,100,100,100,-0.013,0.00,59,0,8.16,0.127,1.048,0.19,60,0,171.74,1.95,10,0.00,3.90,3.91,3.91,3.91,3.90,3.91,3.91,3.91,31.40,0.0,-30,-30,8.9,197,0,-1024,0,0,666,0,0,1,-1,0,1,1,-1,-1,-1,-1,-1,0,1,
2026-04-02,13:33:06.820,7.45,100,100,100,-0.031,0.06,55,0,8.16,0.143,0.911,0.20,58,0,172.19,2.97,10,0.00,3.90,3.91,3.91,3.91,3.90,3.91,3.91,3.91,31.41,0.0,-30,-30,8.9,193,0,-1023,0,0,666,0,0,1,-1,0,1,1,-1,-1,-1,-1,-1,0,1,
2026-04-02,13:33:07.090,7.45,100,100,100,0.016,0.11,56,0,8.17,0.188,1.034,0.18,59,0,172.49,2.94,10,0.00,3.90,3.91,3.91,3.91,3.90,3.91,3.92,3.92,31.41,0.0,-30,-30,6.1,153,0,-1023,0,0,666,0,0,1,-1,0,1,1,-1,-1,-1,-1,-1,0,1,
2026-04-02,13:33:07.350,7.45,100,100,100,-0.030,0.09,60,0,8.12,0.150,1.003,0.06,62,0,172.69,2.69,10,0.00,3.90,3.92,3.91,3.91,3.90,3.91,3.92,3.92,31.42,0.0,-30,-30,0.0,-403,0,-1024,0,0,667,0,0,1,-1,0,1,1,-1,-1,-1,-1,-1,0,1,
2026-04-02,13:33:07.610,7.45,100,100,100,0.003,0.08,62,0,8.10,0.154,0.918,0.00,64,0,173.03,2.33,10,0.00,3.90,3.92,3.91,3.92,3.90,3.91,3.92,3.92,31.43,0.0,-30,-30,0.0,-558,0,-1024,0,0,666,0,0,1,-1,0,1,1,-1,-1,-1,-1,-1,0,1,
2026-04-02,13:33:07.870,7.45,100,100,100,-0.068,0.15,63,0,8.14,0.133,1.043,0.08,64,0,174.03,3.01,10,0.00,3.90,3.92,3.91,3.92,3.91,3.91,3.92,3.92,31.43,0.0,-30,-30,0.0,-405,0,-1024,0,0,666,0,0,1,-1,0,1,1,-1,-1,-1,-1,-1,0,1,
2026-04-02,13:33:08.130,7.45,99,100,100,-0.063,0.16,63,0,8.15,0.144,1.020,-0.01,62,0,174.66,3.00,10,0.00,3.90,3.92,3.91,3.92,3.91,3.91,3.92,3.92,31.44,0.0,-30,-30,0.0,-124,0,-1024,-30,0,667,0,0,1,-1,0,1,1,-1,-1,-1,-1,-1,0,1,
2026-04-02,13:33:08.390,7.44,99,100,100,-0.002,0.14,63,0,8.12,0.116,1.209,-0.04,61,0,175.00,3.79,10,0.00,3.90,3.92,3.91,3.92,3.91,3.91,3.92,3.92,31.44,0.0,-30,-30,0.0,0,0,-1024,0,0,666,0,0,1,-1,0,1,1,-1,-1,-1,-1,-1,0,1,
2026-04-02,13:33:08.650,7.44,99,100,100,-0.036,0.15,62,0,8.14,0.076,1.209,-0.01,62,0,175.67,3.37,10,0.00,3.91,3.92,3.91,3.92,3.91,3.91,3.92,3.92,31.44,0.0,-30,-30,0.0,0,0,-1024,0,0,666,0,0,1,-1,0,1,1,-1,-1,-1,-1,-1,0,1,
2026-04-02,13:33:08.920,7.44,100,100,100,-0.002,0.17,62,0,8.16,0.076,0.961,0.06,63,0,176.19,3.55,10,0.00,3.91,3.92,3.92,3.92,3.91,3.91,3.92,3.92,31.44,0.0,-30,-30,0.0,0,5,-1024,0,0,667,0,0,1,-1,0,1,1,-1,-1,-1,-1,-1,0,1,
2026-04-02,13:33:09.180,7.44,100,100,100,0.028,0.22,63,0,8.17,-0.079,0.940,0.11,65,0,177.03,2.12,10,0.00,3.91,3.92,3.92,3.92,3.91,3.92,3.92,3.92,31.45,0.0,-30,-30,0.0,0,8,-1024,0,0,666,0,0,1,-1,0,1,1,-1,-1,-1,-1,-1,0,1,
2026-04-02,13:33:09.450,7.44,100,100,100,0.007,0.26,64,0,8.17,0.002,1.005,0.13,65,0,177.30,1.73,10,0.00,3.91,3.92,3.92,3.92,3.91,3.92,3.92,3.92,31.45,0.0,-30,-30,0.0,0,7,-1024,0,0,667,0,0,1,-1,0,1,1,-1,-1,-1,-1,-1,0,1,
2026-04-02,13:33:09.720,7.44,100,100,100,0.010,0.22,65,0,8.17,-0.036,0.977,-0.01,64,0,177.84,0.85,10,0.00,3.91,3.92,3.92,3.92,3.91,3.92,3.92,3.92,31.46,0.0,-30,-30,0.0,-247,8,-975,0,0,666,0,0,1,-1,0,1,1,-1,-1,-1,-1,-1,0,1,
2026-04-02,13:33:09.990,7.44,100,100,100,0.008,0.19,65,0,8.17,-0.029,0.993,-0.09,64,0,178.28,0.16,10,0.00,3.91,3.92,3.92,3.92,3.91,3.92,3.92,3.92,31.46,0.0,-30,-30,0.0,-418,2,-789,0,0,666,0,0,1,-1,0,1,1,-1,-1,-1,-1,-1,0,1,
2026-04-02,13:33:10.250,7.44,100,100,100,0.001,0.19,65,0,8.12,-0.028,0.986,0.00,64,0,178.47,-0.14,10,0.00,3.91,3.92,3.92,3.92,3.91,3.92,3.92,3.92,31.45,0.4,-30,-30,0.0,-622,8,-470,0,0,666,0,0,1,-1,0,1,1,-1,-1,-1,-1,-1,0,1,
2026-04-02,13:33:10.520,7.44,100,100,100,0.005,0.18,65,0,8.13,-0.028,0.973,-0.05,63,0,178.79,-0.60,10,0.00,3.91,3.92,3.92,3.92,3.91,3.92,3.92,3.92,31.45,0.4,-30,-30,0.0,-666,7,-372,0,0,666,0,0,1,-1,0,1,1,-1,-1,-1,-1,-1,0,1,
2026-04-02,13:33:10.790,7.45,100,100,100,0.005,-0.14,65,0,8.15,0.006,1.012,-0.50,63,0,178.92,-0.60,10,0.00,3.91,3.92,3.92,3.92,3.91,3.92,3.92,3.92,31.43,5.3,-30,-30,0.0,-665,5,-358,0,0,666,0,0,1,-1,0,1,1,-1,-1,-1,-1,-1,0,1,
2026-04-02,13:33:11.050,7.45,100,100,100,0.009,-0.27,66,0,8.16,-0.020,0.985,-0.53,62,0,179.21,-1.12,10,0.00,3.91,3.92,3.92,3.92,3.91,3.92,3.92,3.92,31.43,5.3,-30,-30,0.0,-656,9,-437,0,0,667,0,0,1,-1,0,1,1,-1,-1,-1,-1,-1,0,1,
2026-04-02,13:33:11.320,7.45,100,100,100,0.018,-0.27,66,0,8.17,-0.031,0.974,-0.25,63,0,179.45,-1.50,10,0.00,3.91,3.92,3.91,3.92,3.91,3.92,3.92,3.92,31.42,3.0,-30,-30,0.0,-459,10,-735,0,0,666,0,0,1,-1,0,1,1,-1,-1,-1,-1,-1,0,1,
2026-04-02,13:33:11.580,7.45,100,100,100,0.013,-0.13,66,0,8.17,-0.008,1.012,0.17,62,0,179.60,-1.66,10,0.00,3.91,3.92,3.91,3.92,3.90,3.91,3.92,3.92,31.42,0.0,-30,-30,0.0,-452,9,-1024,0,0,667,0,0,1,-1,0,1,1,-1,-1,-1,-1,-1,0,1,
2026-04-02,13:33:11.840,7.45,100,100,100,0.008,0.05,66,0,8.17,-0.014,0.985,0.48,62,0,179.80,-2.27,10,0.00,3.91,3.92,3.91,3.92,3.90,3.91,3.92,3.92,31.44,0.0,-30,-30,0.0,-237,10,-1024,0,0,667,0,0,1,-1,0,1,1,-1,-1,-1,-1,-1,0,1,
2026-04-02,13:33:12.100,7.44,100,100,100,0.004,0.13,64,0,8.17,-0.021,0.977,0.42,62,0,179.86,-2.33,10,0.00,3.91,3.92,3.91,3.92,3.90,3.91,3.92,3.92,31.44,0.0,-30,-30,0.0,-12,9,-1024,0,0,667,0,0,1,-1,0,1,1,-1,-1,-1,-1,-1,0,1,
2026-04-02,13:33:12.370,7.44,100,100,100,0.014,0.17,64,0,8.17,-0.026,0.979,0.25,62,0,179.98,-2.58,10,0.00,3.91,3.92,3.92,3.92,3.90,3.91,3.92,3.92,31.45,0.0,-30,-30,0.0,0,5,-1024,0,0,667,0,0,1,-1,0,1,1,-1,-1,-1,-1,-1,0,1,
2026-04-02,13:33:12.640,7.44,100,100,100,0.013,0.19,64,0,8.17,-0.025,0.979,0.11,62,0,-174.24,-2.68,10,0.00,3.91,3.92,3.92,3.92,3.91,3.92,3.92,3.92,31.46,0.0,-30,-30,0.0,0,9,-1023,0,0,667,0,0,1,-1,0,1,1,-1,-1,-1,-1,-1,0,1,
2026-04-02,13:33:12.900,7.44,100,100,100,0.011,0.20,65,0,8.17,-0.022,0.981,0.06,63,0,-179.86,-2.85,10,0.00,3.91,3.92,3.92,3.92,3.91,3.92,3.92,3.92,31.46,0.0,-30,-30,0.0,0,9,-1024,0,0,667,0,0,1,-1,0,1,1,-1,-1,-1,-1,-1,0,1,
2026-04-02,13:33:13.170,7.44,100,100,100,0.012,0.22,66,0,8.17,-0.024,0.982,0.03,64,0,-179.77,-3.00,10,0.00,3.91,3.92,3.92,3.92,3.91,3.92,3.92,3.92,31.47,0.0,-30,-30,0.0,-239,9,-886,0,0,666,0,0,1,-1,0,1,1,-1,-1,-1,-1,-1,0,1,
2026-04-02,13:33:13.440,7.45,100,100,100,0.011,0.26,66,0,8.17,-0.022,0.982,0.11,65,0,-179.73,-3.07,10,0.00,3.91,3.92,3.92,3.92,3.91,3.92,3.92,3.92,31.47,0.0,-30,-30,0.0,-347,9,-795,0,0,666,0,0,1,-1,0,1,1,-1,-1,-1,-1,-1,0,1,
2026-04-02,13:33:13.700,7.44,100,100,100,0.025,0.28,67,0,8.17,-0.023,0.978,0.07,64,0,-179.69,-3.19,10,0.00,3.91,3.92,3.92,3.92,3.91,3.92,3.92,3.92,31.46,0.8,-30,-30,0.0,-514,5,-514,0,0,666,0,0,1,-1,0,1,1,-1,-1,-1,-1,-1,0,1,
2026-04-02,13:33:13.960,7.44,100,100,100,0.013,0.13,68,0,8.17,-0.025,0.979,-0.29,64,0,-179.66,-3.22,10,0.00,3.91,3.92,3.92,3.92,3.91,3.92,3.92,3.92,31.46,0.8,-30,-30,0.0,-644,8,-318,0,0,666,0,0,1,-1,0,1,1,-1,-1,-1,-1,-1,0,1,
2026-04-02,13:33:14.220,7.45,100,100,100,0.007,-0.02,68,0,8.15,-0.002,1.010,-0.37,64,0,-179.66,-2.96,10,0.00,3.91,3.92,3.92,3.92,3.91,3.92,3.92,3.92,31.43,6.1,-30,-30,0.0,-669,10,-258,0,0,666,0,0,1,-1,0,1,1,-1,-1,-1,-1,-1,0,1,
2026-04-02,13:33:14.500,7.45,100,100,100,0.010,-0.15,68,0,8.16,-0.020,0.971,-0.48,65,0,-179.59,-2.98,10,0.00,3.91,3.92,3.92,3.92,3.91,3.92,3.92,3.92,31.43,6.1,-30,-30,0.0,-731,4,-182,0,0,666,0,0,1,-1,0,1,1,-1,-1,-1,-1,-1,0,1,
2026-04-02,13:33:14.760,7.45,99,100,100,0.010,-0.36,68,0,8.11,-0.029,0.985,-0.60,66,0,-179.59,-2.94,10,0.00,3.91,3.92,3.91,3.91,3.91,3.92,3.92,3.92,31.35,8.2,-30,-30,0.0,-775,13,0,0,0,666,0,0,1,-1,0,1,1,-1,-1,-1,-1,-1,0,1,
2026-04-02,13:33:15.030,7.44,99,100,100,0.024,-0.48,68,0,8.09,-0.135,1.000,-0.51,66,0,-179.58,-2.86,10,0.00,3.91,3.92,3.91,3.91,3.89,3.90,3.92,3.92,31.35,8.2,-30,-30,0.0,-777,10,27,0,0,666,0,0,1,-1,0,1,1,-1,-1,-1,-1,-1,0,1,
2026-04-02,13:33:15.290,7.44,99,100,100,0.031,-0.67,67,0,8.10,-0.061,1.000,-0.56,67,0,-179.56,-3.54,10,0.00,3.91,3.92,3.91,3.91,3.89,3.90,3.90,3.90,31.30,14.8,-30,-30,0.0,-766,12,-312,0,0,666,0,0,1,-1,0,1,1,-1,-1,-1,-1,-1,0,1,
2026-04-02,13:33:15.560,7.44,98,100,100,-0.018,-0.88,67,0,8.13,0.000,1.147,-0.74,66,0,-179.17,-4.18,10,0.00,3.91,3.92,3.91,3.91,3.89,3.90,3.90,3.90,31.30,14.8,-30,-30,0.0,-784,0,-372,0,0,666,0,0,1,-1,0,1,1,-1,-1,-1,-1,-1,0,1,
2026-04-02,13:33:15.820,7.45,98,100,100,0.005,-0.74,67,0,8.16,-0.033,0.902,-0.14,66,0,-179.21,-4.05,10,0.00,3.89,3.90,3.91,3.91,3.89,3.90,3.90,3.90,31.32,1.3,-30,-30,0.0,-806,9,-107,0,0,667,0,0,1,-1,0,1,1,-1,-1,-1,-1,-1,0,1,
2026-04-02,13:33:16.080,7.45,98,100,100,0.091,-0.46,68,0,8.16,-0.123,0.983,0.59,67,0,-179.38,-3.87,10,0.00,3.89,3.90,3.89,3.90,3.89,3.90,3.90,3.90,31.32,1.3,-30,-30,0.0,-807,11,-70,0,0,666,0,0,1,-1,0,1,1,-1,-1,-1,-1,-1,0,1,
2026-04-02,13:33:16.350,7.45,100,100,100,0.002,-0.60,70,0,8.14,-0.119,0.859,-0.19,68,0,-178.94,-4.89,10,0.00,3.89,3.90,3.89,3.90,3.89,3.90,3.90,3.90,31.27,12.8,-30,-30,0.0,-806,6,-79,0,0,666,0,0,1,-1,0,1,1,-1,-1,-1,-1,-1,0,1,
2026-04-02,13:33:16.610,7.44,100,100,100,0.061,-0.75,70,0,8.16,-0.102,1.043,-0.19,70,0,-179.18,-4.29,10,0.00,3.89,3.90,3.89,3.90,3.89,3.90,3.90,3.90,31.26,10.3,-30,-30,0.0,-800,0,-182,0,0,667,0,0,1,-1,0,1,1,-1,-1,-1,-1,-1,0,1,
2026-04-02,13:33:16.870,7.44,100,100,100,0.026,-0.83,68,0,8.16,-0.047,0.880,-0.36,72,0,-178.75,-5.45,10,0.00,3.88,3.90,3.89,3.90,3.89,3.90,3.90,3.90,31.26,10.3,-30,-30,0.0,-815,0,-174,0,0,666,0,0,1,-1,0,1,1,-1,-1,-1,-1,-1,0,1,
2026-04-02,13:33:17.130,7.44,100,100,100,0.094,-0.76,67,0,8.15,-0.030,1.005,-0.05,73,0,-178.91,-5.29,10,0.00,3.88,3.90,3.89,3.89,3.89,3.90,3.90,3.90,31.24,8.2,-30,-30,0.0,-751,12,-171,-8,0,666,0,0,1,-1,0,1,1,-1,-1,-1,-1,-1,0,1,
2026-04-02,13:33:17.390,7.44,100,100,100,-0.028,-0.73,66,0,8.16,-0.020,0.996,0.12,74,0,-178.94,-5.48,10,0.00,3.88,3.90,3.89,3.89,3.89,3.90,3.90,3.90,31.24,8.2,-30,-30,0.0,-555,0,-172,0,0,667,0,0,1,-1,0,1,1,-1,-1,-1,-1,-1,0,1,
2026-04-02,13:33:17.650,7.44,99,100,100,0.139,-0.70,67,0,8.17,-0.052,0.984,0.07,74,0,-179.03,-6.04,10,0.00,3.88,3.90,3.89,3.89,3.88,3.89,3.90,3.90,31.24,8.2,-30,-30,0.0,-455,9,-170,0,0,666,0,0,1,-1,0,1,1,-1,-1,-1,-1,-1,0,1,
2026-04-02,13:33:17.910,7.44,98,100,100,0.000,-0.65,67,0,8.17,-0.024,1.046,0.12,67,0,-179.15,-5.90,10,0.00,3.88,3.90,3.89,3.89,3.88,3.89,3.90,3.90,31.24,8.2,-30,-30,0.0,-326,9,-169,-14,0,666,0,0,1,-1,0,1,1,-1,-1,-1,-1,-1,0,1,
2026-04-02,13:33:18.180,7.44,96,100,100,-0.016,-0.63,65,0,8.14,-0.038,1.136,0.10,65,0,-179.07,-5.83,10,0.00,3.88,3.90,3.89,3.89,3.88,3.89,3.90,3.90,31.22,8.3,-30,-30,0.0,0,2,-197,0,0,666,0,0,1,-1,0,1,1,-1,-1,-1,-1,-1,0,1,
2026-04-02,13:33:18.440,7.45,96,100,100,0.033,-0.59,63,0,8.14,-0.005,1.067,0.10,71,0,-179.24,-5.83,10,0.00,3.88,3.90,3.89,3.90,3.88,3.89,3.90,3.90,31.22,8.3,-30,-30,0.0,0,6,-196,-8,0,666,0,0,1,-1,0,1,1,-1,-1,-1,-1,-1,0,1,
2026-04-02,13:33:18.700,7.45,97,100,100,-0.028,-0.55,65,0,8.16,-0.069,1.032,0.16,75,0,-179.19,-6.04,10,0.00,3.88,3.90,3.89,3.90,3.88,3.89,3.90,3.90,31.22,7.4,-30,-30,6.1,185,0,-196,0,0,666,0,0,1,-1,0,1,1,-1,-1,-1,-1,-1,0,1,
2026-04-02,13:33:18.960,7.45,98,100,100,0.011,-0.61,65,0,8.12,-0.053,0.927,-0.05,77,0,-179.62,-5.04,10,0.00,3.88,3.90,3.89,3.90,3.88,3.89,3.90,3.90,31.22,7.4,-30,-30,6.1,413,0,-195,-53,0,667,0,0,1,-1,0,1,1,-1,-1,-1,-1,-1,0,1,
2026-04-02,13:33:19.220,7.44,100,100,100,-0.117,-0.52,66,0,8.10,0.009,0.815,0.08,73,0,-179.49,-5.27,10,0.00,3.88,3.90,3.89,3.90,3.88,3.89,3.90,3.90,31.22,7.5,-30,-30,0.0,486,0,-195,-54,0,667,0,0,1,-1,0,1,1,-1,-1,-1,-1,-1,0,1,
2026-04-02,13:33:19.480,7.44,100,100,100,-0.168,-0.48,64,0,8.11,0.180,0.989,0.16,70,0,-179.56,-5.42,10,0.00,3.88,3.90,3.89,3.90,3.88,3.89,3.90,3.90,31.22,7.5,-30,-30,0.0,438,6,-204,-51,0,667,0,0,1,-1,0,1,1,-1,-1,-1,-1,-1,0,1,
2026-04-02,13:33:19.750,7.44,100,100,100,-0.063,-0.51,63,0,8.12,0.034,1.110,0.05,68,0,0.95,-3.85,10,0.00,3.88,3.90,3.89,3.90,3.88,3.89,3.90,3.90,31.22,7.3,-30,-30,0.0,166,10,-203,-54,0,667,0,0,1,-1,0,1,1,-1,-1,-1,-1,-1,0,1,
2026-04-02,13:33:20.010,7.44,100,100,100,-0.064,-0.47,64,0,8.14,-0.043,0.759,0.10,72,0,-179.50,-5.18,10,0.00,3.88,3.90,3.89,3.90,3.88,3.89,3.90,3.90,31.22,7.3,-30,-30,0.0,-22,2,-181,0,0,666,0,0,1,-1,0,1,1,-1,-1,-1,-1,-1,0,1,
2026-04-02,13:33:20.270,7.44,100,100,100,-0.057,-0.52,64,0,8.16,-0.029,0.885,-0.07,73,0,-179.38,-4.84,10,0.00,3.88,3.90,3.89,3.90,3.88,3.89,3.90,3.90,31.21,8.2,-30,-30,0.0,23,9,-197,-33,0,667,0,0,1,-1,0,1,1,-1,-1,-1,-1,-1,0,1,
2026-04-02,13:33:20.530,7.45,100,100,100,-0.018,-0.42,65,0,8.16,-0.048,0.799,0.15,72,0,-179.61,-4.55,10,0.00,3.88,3.90,3.89,3.90,3.88,3.89,3.90,3.90,31.21,8.2,-30,-30,0.0,73,0,-95,-13,0,667,0,0,1,-1,0,1,1,-1,-1,-1,-1,-1,0,1,
2026-04-02,13:33:20.790,7.45,100,100,100,-0.001,-0.45,66,0,8.17,-0.140,0.783,0.07,70,0,-27.86,-5.00,10,0.00,3.88,3.90,3.89,3.90,3.88,3.89,3.90,3.90,31.19,10.1,-30,-30,0.0,0,8,-192,-29,0,667,0,0,1,-1,0,1,1,-1,-1,-1,-1,-1,0,1,
2026-04-02,13:33:21.060,7.44,100,100,100,-0.063,-0.57,67,0,8.17,-0.017,0.978,-0.20,69,0,-124.50,-4.91,10,0.00,3.88,3.90,3.89,3.90,3.88,3.89,3.90,3.90,31.19,10.1,-30,-30,0.0,-260,0,-217,0,0,667,0,0,1,-1,0,1,1,-1,-1,-1,-1,-1,0,1,
2026-04-02,13:33:21.320,7.45,100,100,100,-0.052,-0.60,68,0,8.17,-0.075,0.952,-0.20,67,0,-179.53,-5.25,10,0.00,3.88,3.90,3.89,3.90,3.88,3.89,3.89,3.90,31.19,6.3,-30,-30,0.0,-363,5,-220,-5,0,666,0,0,1,-1,0,1,1,-1,-1,-1,-1,-1,0,1,
2026-04-02,13:33:21.580,7.44,100,100,100,-0.078,-0.51,70,0,8.17,-0.051,0.916,0.10,65,0,-179.50,-4.91,10,0.00,3.88,3.90,3.89,3.90,3.88,3.89,3.89,3.90,31.19,6.3,-30,-30,6.1,-405,3,-221,-4,0,666,0,0,1,-1,0,1,1,-1,-1,-1,-1,-1,0,1,
2026-04-02,13:33:21.840,7.45,100,100,100,-0.062,-0.49,72,0,8.17,-0.009,1.020,0.13,62,0,-179.22,-5.55,10,0.00,3.88,3.90,3.89,3.90,3.88,3.89,3.89,3.90,31.20,6.9,-30,-30,0.0,-353,-12,-253,0,0,666,0,0,1,-1,0,1,1,-1,-1,-1,-1,-1,0,1,
2026-04-02,13:33:22.110,7.45,100,100,100,0.021,-0.45,72,0,8.17,-0.018,1.068,0.10,63,0,-179.16,-5.53,10,0.00,3.88,3.90,3.89,3.89,3.88,3.89,3.89,3.90,31.20,5.9,-30,-30,0.0,-323,0,-251,0,0,666,0,0,1,-1,0,1,1,-1,-1,-1,-1,-1,0,1,
2026-04-02,13:33:22.370,7.44,100,100,100,-0.007,-0.44,73,0,8.17,-0.040,0.998,0.09,68,0,-179.35,-4.87,10,0.00,3.88,3.90,3.89,3.89,3.88,3.89,3.89,3.90,31.20,5.9,-30,-30,12.4,-265,0,-253,0,0,666,0,0,1,-1,0,1,1,-1,-1,-1,-1,-1,0,1,
2026-04-02,13:33:22.640,7.45,100,100,100,0.054,-0.38,72,0,8.17,0.049,1.099,0.05,68,0,-179.36,-4.53,10,0.00,3.88,3.90,3.89,3.89,3.88,3.89,3.90,3.90,31.21,6.1,-30,-30,13.9,-222,6,-252,0,0,666,0,0,1,-1,0,1,1,-1,-1,-1,-1,-1,0,1,
2026-04-02,13:33:22.900,7.45,100,100,100,-0.003,-0.32,71,0,8.17,-0.037,0.944,0.19,66,0,-179.28,-4.73,10,0.00,3.89,3.90,3.89,3.89,3.88,3.89,3.90,3.90,31.21,6.1,-30,-30,0.0,-137,10,-302,0,0,666,0,0,1,-1,0,1,1,-1,-1,-1,-1,-1,0,1,
2026-04-02,13:33:23.170,7.44,100,100,100,0.007,-0.39,70,0,8.15,0.050,1.041,0.00,70,0,-179.02,-4.93,10,0.00,3.89,3.90,3.89,3.90,3.88,3.89,3.90,3.90,31.24,3.9,-30,-30,10.7,81,6,-400,-2,0,667,0,0,1,-1,0,1,1,-1,-1,-1,-1,-1,0,1,
2026-04-02,13:33:23.440,7.44,100,100,100,0.015,-0.41,71,0,8.12,-0.020,1.034,-0.10,74,0,-179.15,-4.35,10,0.00,3.89,3.90,3.89,3.90,3.89,3.90,3.90,3.90,31.24,3.9,-30,-30,10.2,229,7,-397,0,0,666,0,0,1,-1,0,1,1,-1,-1,-1,-1,-1,0,1,
2026-04-02,13:33:23.720,7.44,100,100,100,0.000,-0.28,72,0,8.13,0.015,0.788,0.18,77,0,-179.34,-3.82,10,0.00,3.89,3.90,3.89,3.90,3.89,3.90,3.90,3.90,31.26,3.4,-30,-30,6.1,170,0,-393,0,0,667,0,0,1,-1,0,1,1,-1,-1,-1,-1,-1,0,1,
2026-04-02,13:33:23.980,7.44,100,100,100,-0.057,-0.24,71,0,8.15,0.031,1.031,0.22,78,0,-135.54,-2.97,10,0.00,3.89,3.90,3.89,3.90,3.89,3.90,3.90,3.90,31.26,3.4,-30,-30,0.0,60,7,-377,0,0,666,0,0,1,-1,0,1,1,-1,-1,-1,-1,-1,0,1,
2026-04-02,13:33:24.250,7.44,99,100,100,-0.088,-0.26,71,0,8.16,-0.001,1.109,0.06,78,0,31.99,-2.55,10,0.00,3.89,3.90,3.89,3.90,3.89,3.90,3.90,3.90,31.28,3.8,-30,-30,1.9,-181,10,-474,0,0,666,0,0,1,-1,0,1,1,-1,-1,-1,-1,-1,0,1,
2026-04-02,13:33:24.520,7.44,99,100,100,-0.001,-0.30,70,0,8.15,0.092,1.011,-0.06,80,0,179.25,-2.56,10,0.00,3.89,3.90,3.90,3.91,3.89,3.90,3.90,3.90,31.28,3.8,-30,-30,1.9,-313,10,-367,0,0,666,0,0,1,-1,0,1,1,-1,-1,-1,-1,-1,0,1,
2026-04-02,13:33:24.780,7.45,99,100,100,-0.061,-0.25,70,0,8.16,0.046,1.081,0.02,82,0,179.64,-2.20,10,0.00,3.89,3.90,3.90,3.91,3.89,3.91,3.90,3.90,31.27,3.5,-30,-30,0.0,-420,5,-401,0,0,666,0,0,1,-1,0,1,1,-1,-1,-1,-1,-1,0,1,
2026-04-02,13:33:25.040,7.45,99,100,100,-0.049,-0.24,69,0,8.17,0.095,0.958,0.10,82,0,-168.78,-3.00,10,0.00,3.89,3.90,3.90,3.91,3.89,3.91,3.90,3.91,31.27,3.5,-30,-30,0.0,-502,9,-433,0,0,667,0,0,1,-1,0,1,1,-1,-1,-1,-1,-1,0,1,
2026-04-02,13:33:25.310,7.45,99,100,100,0.030,-0.19,71,0,8.17,-0.032,0.811,-0.10,81,0,-179.79,-2.46,10,0.00,3.89,3.91,3.90,3.91,3.89,3.91,3.90,3.91,31.29,2.4,-30,-30,0.0,-508,4,-514,0,0,666,0,0,1,-1,0,1,1,-1,-1,-1,-1,-1,0,1,
2026-04-02,13:33:25.580,7.44,99,100,100,0.085,-0.17,72,0,8.17,0.021,0.892,0.11,78,0,-179.52,-2.53,10,0.00,3.89,3.91,3.90,3.91,3.89,3.91,3.90,3.91,31.29,2.4,-30,-30,0.0,-248,10,-834,0,0,666,0,0,1,-1,0,1,1,-1,-1,-1,-1,-1,0,1,
2026-04-02,13:33:25.840,7.45,100,100,100,0.046,-0.11,71,0,8.15,0.184,1.145,0.17,78,0,-179.71,-1.36,10,0.00,3.89,3.91,3.90,3.91,3.90,3.91,3.90,3.91,31.34,0.0,-30,-30,10.7,-216,10,-1019,0,0,666,0,0,1,-1,0,1,1,-1,-1,-1,-1,-1,0,1,
2026-04-02,13:33:26.110,7.45,100,100,100,-0.035,0.08,72,0,8.16,0.184,0.956,0.48,82,0,-179.48,-0.69,10,0.00,3.89,3.91,3.90,3.91,3.90,3.91,3.90,3.91,31.34,0.0,-30,-30,0.0,-476,10,-1024,0,0,667,0,0,1,-1,0,1,1,-1,-1,-1,-1,-1,0,1,
2026-04-02,13:33:26.380,7.45,100,100,100,0.041,0.11,74,0,8.17,0.066,0.950,0.31,83,0,-179.68,-0.17,10,0.00,3.89,3.91,3.90,3.91,3.90,3.91,3.91,3.91,31.37,0.0,-30,-30,0.0,-331,10,-1024,0,0,666,0,0,1,-1,0,1,1,-1,-1,-1,-1,-1,0,1,
2026-04-02,13:33:26.640,7.44,100,100,100,0.054,0.22,74,0,8.17,0.111,1.185,0.28,86,0,-179.53,0.74,10,0.00,3.90,3.92,3.90,3.91,3.90,3.91,3.91,3.91,31.39,0.0,-30,-30,0.0,0,10,-1024,0,0,667,0,0,1,-1,0,1,1,-1,-1,-1,-1,-1,0,1,
2026-04-02,13:33:26.900,7.44,100,100,100,-0.018,0.26,74,0,8.15,0.136,1.056,0.21,84,0,-179.48,0.65,10,0.00,3.90,3.92,3.91,3.92,3.90,3.91,3.91,3.91,31.39,0.0,-30,-30,0.0,0,10,-1024,0,0,666,0,0,1,-1,0,1,1,-1,-1,-1,-1,-1,0,1,
2026-04-02,13:33:27.160,7.44,100,100,100,-0.022,0.27,75,0,8.16,0.157,1.103,0.12,83,0,-179.42,1.54,10,0.00,3.90,3.92,3.91,3.92,3.90,3.92,3.91,3.91,31.40,0.0,-30,-30,0.0,0,5,-1024,0,0,666,0,0,1,-1,0,1,1,-1,-1,-1,-1,-1,0,1,
2026-04-02,13:33:27.420,7.44,100,100,100,-0.040,0.30,76,0,8.17,0.116,1.026,0.10,83,0,-179.29,1.56,10,0.00,3.90,3.92,3.91,3.92,3.90,3.92,3.92,3.92,31.40,0.0,-30,-30,0.0,0,9,-1024,0,0,666,0,0,1,-1,0,1,1,1,-1,-1,-1,-1,0,1,
2026-04-02,13:33:27.680,7.44,100,100,100,-0.008,0.28,77,0,8.17,0.073,0.877,0.00,83,0,-179.51,1.89,10,0.00,3.90,3.92,3.91,3.92,3.90,3.92,3.92,3.92,31.41,0.0,-30,-30,0.0,0,10,-1024,0,0,666,0,0,1,-1,0,1,1,1,-1,-1,-1,-1,0,1,
2026-04-02,13:33:27.950,7.44,100,100,100,0.012,0.31,77,0,8.17,0.133,0.900,0.03,82,0,-179.53,2.10,10,0.00,3.90,3.92,3.91,3.92,3.90,3.92,3.92,3.92,31.41,0.0,-30,-30,0.0,0,10,0,0,0,666,0,0,1,-1,0,1,1,1,-1,-1,-1,-1,0,1,
2026-04-02,13:33:28.210,7.44,100,100,100,-0.013,0.32,77,0,8.17,0.107,0.978,0.02,82,0,-179.57,1.91,10,0.00,3.90,3.92,3.91,3.92,3.91,3.92,3.92,3.92,31.43,0.0,-30,-30,0.0,0,10,-124,0,0,666,0,0,1,-1,0,1,1,1,-1,-1,-1,-1,0,1,
2026-04-02,13:33:28.480,7.44,100,100,100,0.000,0.30,77,0,8.17,-0.044,0.929,0.00,85,0,-179.47,1.46,10,0.00,3.90,3.92,3.91,3.92,3.91,3.92,3.92,3.92,31.43,0.0,-30,-30,0.0,0,10,-1021,0,0,666,0,0,1,-1,0,1,1,1,-1,-1,-1,-1,0,1,
2026-04-02,13:33:28.750,7.44,100,100,100,0.040,0.29,77,0,8.17,0.002,0.989,-0.01,86,0,-179.37,0.86,10,0.00,3.90,3.92,3.91,3.92,3.91,3.92,3.92,3.92,31.43,0.0,-30,-30,0.0,0,10,-1024,0,0,667,0,0,1,-1,0,1,1,1,-1,-1,-1,-1,0,1,
2026-04-02,13:33:29.010,7.44,100,100,100,0.024,0.27,77,0,8.17,-0.013,0.979,-0.06,89,0,-179.18,0.25,10,0.00,3.91,3.92,3.91,3.92,3.91,3.92,3.92,3.92,31.43,0.0,-30,-30,0.0,0,10,-1023,0,0,667,0,0,1,-1,0,1,1,1,-1,-1,-1,-1,0,1,
2026-04-02,13:33:29.270,7.44,100,100,100,0.029,0.29,77,0,8.17,-0.010,0.979,-0.01,91,0,-179.08,-0.28,10,0.00,3.91,3.92,3.92,3.92,3.91,3.92,3.92,3.92,31.44,0.0,-30,-30,0.0,0,10,-1024,0,0,666,0,0,1,-1,0,1,1,1,-1,-1,-1,-1,0,1,
2026-04-02,13:33:29.530,7.44,100,100,100,0.021,0.27,78,0,8.17,-0.014,0.980,0.00,90,0,-179.04,-0.52,10,0.00,3.91,3.92,3.92,3.92,3.91,3.92,3.92,3.92,31.44,0.0,-30,-30,0.0,0,10,-1023,0,0,666,0,0,1,-1,0,1,1,1,-1,-1,-1,-1,0,1,
2026-04-02,13:33:29.800,7.44,100,100,100,0.020,0.29,79,0,8.17,-0.014,0.983,0.00,90,0,-178.97,-0.93,10,0.00,3.91,3.92,3.92,3.92,3.91,3.92,3.92,3.92,31.45,0.0,-30,-30,0.0,0,11,-1024,0,0,666,0,0,1,-1,0,1,1,1,-1,-1,-1,-1,0,1,
2026-04-02,13:33:30.070,7.44,100,100,100,0.021,0.33,79,0,8.17,-0.012,0.982,0.08,92,0,-178.94,-1.12,10,0.00,3.91,3.92,3.92,3.92,3.91,3.92,3.92,3.92,31.45,0.0,-30,-30,0.0,0,11,-1024,0,0,666,0,0,1,-1,0,1,1,1,-1,-1,-1,-1,0,1,
2026-04-02,13:33:30.330,7.44,100,100,100,0.020,0.33,79,0,8.17,-0.012,0.983,0.04,92,0,-178.89,-1.45,10,0.00,3.91,3.92,3.91,3.92,3.91,3.92,3.92,3.92,31.46,0.0,-30,-30,0.0,0,11,-1023,0,0,666,0,0,1,-1,0,1,1,1,-1,-1,-1,-1,0,1,
2026-04-02,13:33:30.600,7.43,100,100,100,0.022,0.29,78,0,8.17,-0.012,0.982,-0.03,90,0,-178.87,-1.59,10,0.00,3.91,3.92,3.91,3.92,3.91,3.92,3.92,3.92,31.46,0.0,-30,-30,0.0,0,11,-1024,0,0,666,0,0,1,-1,0,1,1,1,-1,-1,-1,-1,0,1,
2026-04-02,13:33:30.860,7.44,100,100,100,0.023,0.29,77,0,8.17,-0.012,0.982,-0.06,85,0,-178.83,-1.83,10,0.00,3.91,3.92,3.91,3.92,3.91,3.92,3.92,3.92,31.46,0.0,-30,-30,0.0,0,11,-1023,0,0,666,0,0,1,-1,0,1,1,1,-1,-1,-1,-1,0,1,
2026-04-02,13:33:31.120,7.44,100,100,100,0.023,0.26,76,0,8.17,-0.013,0.982,-0.04,86,0,-178.80,-2.04,10,0.00,3.91,3.92,3.91,3.92,3.91,3.92,3.92,3.92,31.46,0.0,-30,-30,0.0,0,10,-1023,0,0,666,0,0,1,-1,0,1,1,1,-1,-1,-1,-1,0,1,
2026-04-02,13:33:31.380,7.44,100,100,100,0.024,0.27,76,0,8.17,-0.012,0.982,-0.01,88,0,-178.78,-2.14,10,0.00,3.91,3.92,3.91,3.92,3.91,3.92,3.92,3.92,31.47,0.0,-30,-30,0.0,0,10,-1024,0,0,666,0,0,1,-1,0,1,1,1,-1,-1,-1,-1,0,1,
2026-04-02,13:33:31.640,7.44,100,100,100,0.023,0.30,78,0,8.17,-0.013,0.983,0.03,90,0,-178.76,-2.30,10,0.00,3.91,3.92,3.92,3.92,3.91,3.92,3.92,3.92,31.48,0.0,-30,-30,0.0,0,9,-1024,0,0,667,0,0,1,-1,0,1,1,1,-1,-1,-1,-1,0,1,
2026-04-02,13:33:31.900,7.44,100,100,100,0.024,0.30,80,0,8.17,-0.011,0.983,0.04,93,0,-178.75,-2.37,10,0.00,3.91,3.92,3.92,3.92,3.91,3.92,3.92,3.92,31.48,0.0,-30,-30,0.0,0,11,-1024,0,0,666,0,0,1,-1,0,1,1,1,-1,-1,-1,-1,0,1,
2026-04-02,13:33:32.160,7.44,100,100,100,0.023,0.25,80,0,8.17,-0.012,0.982,-0.07,94,0,-178.73,-2.50,10,0.00,3.91,3.92,3.92,3.92,3.91,3.92,3.92,3.93,31.48,0.0,-30,-30,0.0,0,11,-1024,0,0,666,0,0,1,-1,0,1,1,1,-1,-1,-1,-1,0,1,
2026-04-02,13:33:32.420,7.44,100,100,100,0.023,0.26,78,0,8.17,-0.013,0.982,-0.04,97,0,-178.72,-2.56,10,0.00,3.91,3.92,3.92,3.92,3.91,3.92,3.92,3.93,31.48,0.0,-30,-30,0.0,0,11,-1024,0,0,667,0,0,1,-1,0,1,1,1,-1,-1,-1,-1,0,1,
2026-04-02,13:33:32.680,7.44,100,100,100,0.023,0.26,78,0,8.17,-0.012,0.982,0.02,97,0,-178.70,-2.66,10,0.00,3.91,3.92,3.92,3.92,3.91,3.92,3.92,3.93,31.48,0.0,-30,-30,0.0,0,10,-1024,0,0,666,0,0,1,-1,0,1,1,1,-1,-1,-1,-1,0,1,
2026-04-02,13:33:32.940,7.44,100,100,100,0.023,0.25,77,0,8.17,-0.012,0.982,-0.01,96,0,-178.69,-2.74,10,0.00,3.91,3.92,3.92,3.92,3.91,3.92,3.92,3.93,31.48,0.0,-30,-30,0.0,0,11,-1023,0,0,666,0,0,1,-1,0,1,1,1,-1,-1,-1,-1,0,1,
2026-04-02,13:33:33.200,7.44,100,100,100,0.023,0.30,78,0,8.17,-0.012,0.981,0.03,95,0,-178.68,-2.77,10,0.00,3.91,3.92,3.92,3.92,3.91,3.92,3.92,3.93,31.48,0.0,-30,-30,0.0,0,15,-1023,0,0,666,0,0,1,-1,0,1,1,1,-1,-1,-1,-1,0,1,
2026-04-02,13:33:33.460,7.44,100,100,100,0.024,0.28,79,0,8.17,-0.012,0.982,0.06,94,0,-178.67,-2.84,10,0.00,3.91,3.92,3.92,3.92,3.91,3.92,3.92,3.93,31.48,0.0,-30,-30,0.0,0,64,-1023,0,0,667,0,0,1,-1,0,1,1,1,-1,-1,-1,-1,0,1,
2026-04-02,13:33:33.730,7.44,100,100,100,0.021,0.24,79,0,8.17,-0.017,0.986,-0.10,94,0,-178.67,-2.86,10,0.00,3.91,3.92,3.92,3.92,3.91,3.92,3.92,3.93,31.49,0.0,-30,-30,0.0,0,11,-1023,0,0,667,0,0,1,-1,0,1,1,1,-1,-1,-1,-1,0,1,
2026-04-02,13:33:34.000,7.44,100,100,100,0.023,0.23,80,0,8.17,-0.007,0.979,-0.07,97,0,-178.66,-2.91,10,0.00,3.91,3.92,3.92,3.92,3.91,3.92,3.92,3.93,31.49,0.0,-30,-30,0.0,0,11,-1023,0,0,666,0,0,1,-1,0,1,1,1,-1,-1,-1,-1,0,1,
2026-04-02,13:33:34.260,7.44,100,100,100,0.023,0.23,81,0,8.17,-0.014,0.984,-0.01,99,0,-178.65,-2.95,10,0.00,3.91,3.92,3.92,3.92,3.91,3.92,3.92,3.93,31.49,0.0,-30,-30,0.0,0,11,-1023,0,0,666,0,0,1,-1,0,1,1,1,-1,-1,-1,-1,0,1,
2026-04-02,13:33:34.520,7.43,100,100,100,0.024,0.23,81,0,8.17,-0.012,0.982,0.01,99,0,-178.65,-2.97,10,0.00,3.91,3.92,3.92,3.92,3.91,3.92,3.92,3.93,31.49,0.0,-30,-30,0.0,0,11,-1023,0,0,666,0,0,1,-1,0,1,1,1,-1,-1,-1,-1,0,1,
2026-04-02,13:33:34.780,7.44,100,100,100,0.024,0.20,82,0,8.17,-0.013,0.982,-0.05,100,0,-178.64,-3.00,10,0.00,3.91,3.92,3.92,3.92,3.91,3.92,3.92,3.93,31.49,0.0,-30,-30,0.0,0,11,-1024,0,0,667,0,0,1,-1,0,1,1,1,-1,-1,-1,-1,0,1,
2026-04-02,13:33:35.050,7.44,100,100,100,0.023,0.19,82,0,8.17,-0.013,0.982,-0.06,98,0,-178.64,-3.01,10,0.00,3.91,3.93,3.92,3.92,3.91,3.92,3.92,3.93,31.49,0.0,-30,-30,0.0,0,11,-1023,0,0,666,0,0,1,-1,0,1,1,1,-1,-1,-1,-1,0,1,
2026-04-02,13:33:35.320,7.44,100,100,100,0.023,0.22,82,0,8.17,-0.012,0.982,0.04,99,0,-178.64,-3.03,10,0.00,3.91,3.93,3.92,3.93,3.91,3.92,3.92,3.93,31.49,0.0,-30,-30,0.0,0,11,-1023,0,0,666,0,0,1,-1,0,1,1,1,-1,-1,-1,-1,0,1,
2026-04-02,13:33:35.580,7.44,100,100,100,0.023,0.25,81,0,8.17,-0.012,0.983,0.09,100,0,-178.64,-3.05,10,0.00,3.91,3.93,3.92,3.93,3.91,3.92,3.92,3.93,31.49,0.0,-30,-30,0.0,0,11,-1024,0,0,666,0,0,1,-1,0,1,1,1,-1,-1,-1,-1,0,1,
2026-04-02,13:33:35.840,7.44,100,100,100,0.023,0.19,82,0,8.17,-0.012,0.982,-0.07,100,0,-178.63,-3.07,10,0.00,3.91,3.93,3.92,3.93,3.91,3.92,3.93,3.93,31.50,0.0,-30,-30,0.0,0,11,-1024,0,0,666,0,0,1,-1,0,1,1,1,-1,-1,-1,-1,0,1,
2026-04-02,13:33:36.110,7.44,100,100,100,0.023,0.17,81,0,8.17,-0.012,0.983,-0.11,100,0,-178.63,-3.08,10,0.00,3.91,3.93,3.92,3.93,3.91,3.92,3.93,3.93,31.50,0.0,-30,-30,0.0,0,11,-1024,0,0,667,0,0,1,-1,0,1,1,1,-1,-1,-1,-1,0,1,
2026-04-02,13:33:36.380,7.44,100,100,99,0.023,0.22,80,0,8.17,-0.013,0.981,0.03,100,0,-178.63,-3.09,10,0.00,3.91,3.93,3.92,3.92,3.91,3.92,3.93,3.93,31.50,0.0,-30,-30,0.0,0,11,-1023,0,0,666,0,0,1,-1,0,1,1,1,-1,-1,-1,-1,0,1,
2026-04-02,13:33:36.640,7.44,99,99,99,0.015,0.20,80,0,8.17,-0.006,0.978,0.01,100,0,-178.63,-3.09,10,0.00,3.91,3.93,3.92,3.92,3.91,3.92,3.93,3.93,31.50,0.0,-30,-30,0.0,0,11,-1024,0,0,666,0,0,1,-1,0,1,1,1,-1,-1,-1,-1,0,1,
2026-04-02,13:33:36.910,7.44,99,99,99,0.049,0.19,79,0,8.17,-0.002,0.937,-0.05,100,0,-178.65,-3.14,10,0.00,3.91,3.93,3.92,3.92,3.91,3.92,3.93,3.93,31.50,0.0,-30,-30,0.0,0,11,-1023,0,0,667,0,0,1,-1,0,1,1,1,-1,-1,-1,-1,0,1,
2026-04-02,13:33:37.170,7.44,99,99,99,0.033,0.22,80,0,8.17,-0.068,1.007,0.01,100,0,-178.63,-2.92,10,0.00,3.91,3.93,3.92,3.92,3.91,3.92,3.93,3.93,28.97,0.0,-30,-30,0.0,0,11,-1023,0,0,667,0,0,1,-1,0,1,1,1,-1,-1,-1,-1,0,1,
2026-04-02,13:33:37.430,7.44,100,100,99,0.036,0.22,81,0,8.17,-0.039,0.936,-0.02,100,0,-178.61,-3.11,10,0.00,3.91,3.93,3.92,3.92,3.91,3.92,3.93,3.93,28.97,0.0,-30,-30,0.0,0,11,-1023,0,0,666,0,0,1,-1,0,1,1,1,-1,-1,-1,-1,0,1,
2026-04-02,13:33:37.690,7.44,100,100,99,0.030,0.20,81,0,8.17,-0.017,0.979,0.01,100,0,-178.56,-3.25,10,0.00,3.91,3.93,3.92,3.92,3.91,3.92,3.93,3.93,22.79,0.0,-30,-30,0.0,0,12,-1023,0,0,666,0,0,1,-1,0,1,1,1,-1,-1,-1,-1,0,1,
2026-04-02,13:33:37.960,7.44,100,100,99,0.021,0.24,81,0,8.17,-0.030,0.965,0.10,99,0,-178.59,-3.11,10,0.00,3.91,3.93,3.92,3.92,3.91,3.92,3.93,3.93,22.79,0.0,-30,-30,0.0,0,12,-1024,0,0,666,0,0,1,-1,0,1,1,1,-1,-1,-1,-1,0,1,
2026-04-02,13:33:38.230,7.44,100,100,99,0.015,0.29,80,0,8.17,-0.013,0.985,0.11,100,0,-178.58,-3.17,10,0.00,3.91,3.93,3.92,3.92,3.91,3.92,3.93,3.93,18.05,0.0,-30,-30,0.0,0,12,-1023,0,0,667,0,0,1,-1,0,1,1,1,-1,-1,-1,-1,0,1,
2026-04-02,13:33:38.490,7.44,100,100,99,0.023,0.29,80,0,8.17,-0.022,0.972,0.05,100,0,-178.59,-3.14,10,0.00,3.91,3.93,3.92,3.92,3.91,3.92,3.93,3.93,18.05,0.0,-30,-30,0.0,0,11,-1024,0,0,666,0,0,1,-1,0,1,1,1,-1,-1,-1,-1,0,1,
2026-04-02,13:33:38.750,7.44,100,100,99,0.024,0.18,82,0,8.17,-0.015,0.979,-0.16,100,0,-178.60,-3.13,10,0.00,3.91,3.93,3.92,3.92,3.91,3.92,3.93,3.93,14.39,0.0,-30,-30,0.0,0,11,-1023,0,0,666,0,0,1,-1,0,1,1,1,-1,-1,-1,-1,0,1,
2026-04-02,13:33:39.010,7.43,100,100,99,0.025,0.24,84,0,8.17,-0.011,0.982,-0.01,100,0,-178.60,-3.15,10,0.00,3.91,3.93,3.92,3.92,3.91,3.92,3.93,3.93,14.39,0.0,-30,-30,0.0,0,12,-1023,0,0,666,0,0,1,-1,0,1,1,1,-1,-1,-1,-1,0,1,
2026-04-02,13:33:39.280,7.43,100,100,99,0.027,0.28,86,0,8.17,-0.014,0.981,0.08,100,0,-178.59,-3.15,10,0.00,3.91,3.93,3.92,3.92,3.91,3.92,3.93,3.93,11.55,0.0,-30,-30,0.0,0,11,-1024,0,0,666,0,0,1,-1,0,1,1,1,-1,-1,-1,-1,0,1,
2026-04-02,13:33:39.540,7.44,99,99,99,0.026,0.32,86,0,8.17,-0.010,0.986,0.14,96,0,-178.60,-3.14,10,0.00,3.91,3.93,3.92,3.92,3.91,3.92,3.93,3.93,11.55,0.0,-30,-30,0.0,0,12,-1024,0,0,666,0,0,1,-1,0,1,1,1,-1,-1,-1,-1,0,1,
2026-04-02,13:33:39.810,7.43,99,99,99,0.025,0.32,83,0,8.17,-0.010,0.982,0.07,97,0,-178.59,-3.14,10,0.00,3.92,3.93,3.92,3.92,3.91,3.92,3.93,3.93,9.37,0.0,-30,-30,0.0,0,11,-1023,0,0,666,0,0,1,-1,0,1,1,1,-1,-1,-1,-1,0,1,
2026-04-02,13:33:40.080,7.44,99,99,99,0.024,0.32,81,0,8.17,-0.011,0.983,0.02,99,0,-178.59,-3.15,10,0.00,3.92,3.93,3.92,3.93,3.91,3.92,3.93,3.93,9.37,0.0,-30,-30,0.0,0,11,-1024,0,0,667,0,0,1,-1,0,1,1,1,-1,-1,-1,-1,0,1,
2026-04-02,13:33:40.340,7.44,100,100,100,0.023,0.31,84,0,8.17,-0.014,0.981,0.00,100,0,-178.59,-3.15,10,0.00,3.92,3.93,3.92,3.93,3.91,3.92,3.93,3.93,7.68,0.0,-30,-30,0.0,0,11,-1024,0,0,666,0,0,1,-1,0,1,1,1,-1,-1,-1,-1,0,1,
2026-04-02,13:33:40.610,7.44,100,100,100,0.024,0.28,86,0,8.17,-0.013,0.982,-0.06,100,0,-178.59,-3.16,10,0.00,3.92,3.93,3.92,3.93,3.91,3.92,3.93,3.92,7.68,0.0,-30,-30,0.0,0,11,-1023,0,0,667,0,0,1,-1,0,1,1,1,-1,-1,-1,-1,0,1,
2026-04-02,13:33:40.870,7.44,100,100,100,0.024,0.28,89,0,8.17,-0.012,0.984,-0.02,100,0,-178.59,-3.16,10,0.00,3.92,3.93,3.92,3.93,3.91,3.92,3.93,3.92,6.39,0.0,-30,-30,0.0,0,10,-1023,0,0,666,0,0,1,-1,0,1,1,1,-1,-1,-1,-1,0,1,
2026-04-02,13:33:41.130,7.44,100,100,100,0.022,0.26,93,0,8.17,-0.012,0.982,-0.04,100,0,-178.59,-3.16,10,0.00,3.92,3.93,3.92,3.93,3.91,3.92,3.93,3.92,5.39,0.0,-30,-30,0.0,0,11,-1024,0,0,666,0,0,1,-1,0,1,1,1,-1,-1,-1,-1,0,1,
2026-04-02,13:33:41.390,7.44,100,100,100,0.022,0.28,97,0,8.17,-0.008,0.979,-0.01,100,0,-178.59,-3.16,10,0.00,3.92,3.93,3.92,3.93,3.91,3.92,3.93,3.92,5.39,0.0,-30,-30,0.0,0,11,-1024,0,0,666,0,0,1,-1,0,1,1,1,-1,-1,-1,-1,0,1,
2026-04-02,13:33:41.650,7.43,100,100,100,0.028,0.32,99,0,8.17,-0.005,0.978,0.09,100,0,-178.59,-3.16,10,0.00,3.92,3.93,3.92,3.93,3.91,3.93,3.93,3.92,4.61,0.0,-30,-30,0.0,0,11,-1024,0,0,667,0,0,1,-1,0,1,1,1,-1,-1,-1,-1,0,1,
2026-04-02,13:33:41.920,7.44,100,100,100,0.016,0.33,99,0,8.17,-0.018,0.974,0.08,100,0,-178.60,-3.06,10,0.00,3.92,3.93,3.92,3.93,3.91,3.93,3.93,3.93,4.61,0.0,-30,-30,0.0,0,10,-1024,0,0,667,0,0,1,-1,0,1,1,1,-1,-1,-1,-1,0,1,
2026-04-02,13:33:42.190,7.43,100,100,100,0.015,0.35,99,0,8.17,0.000,0.991,0.06,100,0,-178.61,-3.01,10,0.00,3.92,3.93,3.92,3.93,3.91,3.93,3.93,3.93,4.01,0.0,-30,-30,0.0,0,11,-1024,0,0,666,0,0,1,-1,0,1,1,1,-1,-1,-1,-1,0,1,
2026-04-02,13:33:42.460,7.43,100,100,100,0.015,0.35,95,0,8.17,0.000,0.991,0.06,100,0,-178.61,-3.01,10,0.00,3.92,3.93,3.92,3.93,3.91,3.93,3.93,3.93,4.01,0.0,-30,-30,0.0,0,11,-1023,0,0,667,0,0,1,-1,0,1,1,1,-1,-1,-1,-1,0,1,
2026-04-02,13:33:42.730,7.43,100,100,100,0.015,0.35,83,1,8.17,0.000,0.991,0.06,100,0,-178.61,-3.01,10,0.00,3.92,3.93,3.92,3.93,3.91,3.93,3.93,3.93,4.01,0.0,-30,-30,0.0,0,11,-1024,0,0,666,0,0,1,-1,0,1,1,1,-1,-1,-1,-1,0,1,
2026-04-02,13:33:42.990,7.44,100,100,100,0.015,0.35,74,2,8.17,0.000,0.991,0.06,100,0,-178.61,-3.01,10,0.00,3.92,3.93,3.92,3.93,3.91,3.93,3.93,3.93,4.01,0.0,-30,-30,0.0,0,11,-1023,0,0,666,0,0,1,-1,0,1,1,1,-1,-1,-1,-1,0,1,
2026-04-02,13:33:43.250,7.43,100,100,100,0.015,0.35,74,2,8.17,0.000,0.991,0.06,100,0,-178.61,-3.01,10,0.00,3.92,3.93,3.92,3.93,3.91,3.93,3.93,3.93,4.01,0.0,-30,-30,0.0,0,-754,-1023,0,0,666,0,0,1,-1,0,1,1,1,-1,-1,-1,-1,0,1,
2026-04-02,13:33:43.510,7.43,100,100,100,0.015,0.35,74,2,8.17,0.000,0.991,0.06,100,0,-178.61,-3.01,10,0.00,3.92,3.93,3.92,3.93,3.91,3.93,3.93,3.93,4.01,0.0,-30,-30,0.0,0,-359,-1023,0,0,666,0,0,1,-1,0,1,1,1,-1,-1,-1,-1,0,1,
2026-04-02,13:33:43.780,7.44,100,100,100,0.015,0.35,74,2,8.17,0.000,0.991,0.06,100,0,-178.61,-3.01,10,0.00,3.92,3.93,3.92,3.93,3.91,3.93,3.93,3.93,4.01,0.0,-30,-30,0.0,-74,0,-1024,0,0,667,0,0,1,-1,0,1,1,1,-1,-1,-1,-1,0,1,
2026-04-02,13:33:44.050,7.44,100,100,100,0.015,0.35,74,2,8.17,0.000,0.991,0.06,100,0,-178.61,-3.01,10,0.00,3.92,3.93,3.92,3.93,3.91,3.93,3.93,3.93,4.01,0.0,-30,-30,0.0,0,9,-1023,0,0,667,0,0,1,-1,0,1,1,1,-1,-1,-1,-1,0,1,
2026-04-02,13:33:44.310,7.44,100,100,100,0.015,0.35,74,2,8.17,0.000,0.991,0.06,100,0,-178.61,-3.01,10,0.00,3.92,3.93,3.92,3.93,3.91,3.93,3.93,3.93,4.01,0.0,-30,-30,0.0,0,10,-1023,0,0,666,0,0,1,-1,0,1,1,1,-1,-1,-1,-1,0,1,
2026-04-02,13:33:44.570,7.43,100,100,100,0.015,0.35,74,2,8.17,0.000,0.991,0.06,100,0,-178.61,-3.01,10,0.00,3.92,3.93,3.92,3.93,3.91,3.93,3.93,3.93,4.01,0.0,-30,-30,0.0,0,10,-1024,0,0,667,0,0,1,-1,0,1,1,1,-1,-1,-1,-1,0,1,
2026-04-02,13:33:44.830,7.44,100,100,100,0.015,0.35,74,2,8.17,0.000,0.991,0.06,100,0,-178.61,-3.01,10,0.00,3.92,3.93,3.92,3.93,3.91,3.93,3.93,3.93,4.01,0.0,-30,-30,0.0,0,10,-1023,0,0,666,0,0,1,-1,0,1,1,1,-1,-1,-1,-1,0,1,
2026-04-02,13:33:45.100,7.43,100,100,100,0.015,0.35,74,2,8.17,0.000,0.991,0.06,100,0,-178.61,-3.01,10,0.00,3.92,3.93,3.92,3.93,3.91,3.93,3.93,3.93,4.01,0.0,-30,-30,0.0,0,10,-1023,0,0,666,0,0,1,-1,0,1,1,1,-1,-1,-1,-1,0,1,
2026-04-02,13:33:45.370,7.43,100,100,100,0.015,0.35,74,2,8.17,0.000,0.991,0.06,100,0,-178.61,-3.01,10,0.00,3.92,3.93,3.92,3.93,3.91,3.93,3.93,3.93,4.01,0.0,-30,-30,0.0,0,10,-1024,0,0,666,0,0,1,-1,0,1,1,1,-1,-1,-1,-1,0,1,
2026-04-02,13:33:45.640,7.43,100,100,100,0.015,0.35,74,2,8.17,0.000,0.991,0.06,100,0,-178.61,-3.01,10,0.00,3.92,3.93,3.92,3.93,3.91,3.93,3.93,3.93,4.01,0.0,-30,-30,0.0,0,10,-1024,0,0,667,0,0,1,-1,0,1,1,1,-1,-1,-1,-1,0,1,
2026-04-02,13:33:45.910,7.42,100,100,100,0.015,0.35,74,2,8.17,0.000,0.991,0.06,100,0,-178.61,-3.01,10,0.00,3.92,3.93,3.92,3.93,3.91,3.93,3.93,3.93,4.01,0.0,-30,-30,0.0,0,10,-1023,0,0,667,0,0,1,-1,0,1,1,1,-1,-1,-1,-1,0,1,
2026-04-02,13:33:46.170,7.43,100,100,100,0.015,0.35,74,2,8.17,0.000,0.991,0.06,100,0,-178.61,-3.01,10,0.00,3.92,3.93,3.92,3.93,3.91,3.93,3.93,3.93,4.01,0.0,-30,-30,0.0,0,7,-1024,0,0,667,0,0,1,-1,0,1,1,1,-1,-1,-1,-1,0,1,
2026-04-02,13:33:46.430,7.43,100,100,100,0.015,0.35,74,2,8.17,0.000,0.991,0.06,100,0,-178.61,-3.01,10,0.00,3.92,3.93,3.92,3.93,3.91,3.93,3.93,3.93,4.01,0.0,-30,-30,0.0,0,10,-1024,0,0,667,0,0,1,-1,0,1,1,1,-1,-1,-1,-1,0,1,
2026-04-02,13:33:46.700,7.43,100,100,100,0.015,0.35,74,2,8.17,0.000,0.991,0.06,100,0,-178.61,-3.01,10,0.00,3.92,3.93,3.92,3.93,3.91,3.93,3.93,3.93,4.01,0.0,-30,-30,0.0,0,10,-1024,0,0,666,0,0,1,-1,0,1,1,1,-1,-1,-1,-1,0,1,
2026-04-02,13:33:46.960,7.43,100,100,100,0.015,0.35,74,2,8.17,0.000,0.991,0.06,100,0,-178.61,-3.01,10,0.00,3.92,3.93,3.92,3.93,3.91,3.93,3.93,3.93,4.01,0.0,-30,-30,0.0,0,10,-1024,0,0,667,0,0,1,-1,0,1,1,1,-1,-1,-1,-1,0,1,
2026-04-02,13:33:47.230,7.43,100,100,100,0.015,0.35,74,2,8.17,0.000,0.991,0.06,100,0,-178.61,-3.01,10,0.00,3.92,3.93,3.92,3.93,3.91,3.93,3.93,3.93,4.01,0.0,-30,-30,0.0,0,5,-1023,0,0,667,0,0,1,-1,0,1,1,1,-1,-1,-1,-1,0,1,
2026-04-02,13:33:47.500,7.43,100,100,100,0.015,0.35,74,2,8.17,0.000,0.991,0.06,100,0,-178.61,-3.01,10,0.00,3.92,3.93,3.92,3.93,3.91,3.93,3.93,3.93,4.01,0.0,-30,-30,0.0,0,10,-1023,0,0,666,0,0,1,-1,0,1,1,1,-1,-1,-1,-1,0,1,
2026-04-02,13:33:47.760,7.43,100,100,100,0.015,0.35,74,2,8.17,0.000,0.991,0.06,100,0,-178.61,-3.01,10,0.00,3.92,3.93,3.92,3.93,3.91,3.93,3.93,3.93,4.01,0.0,-30,-30,0.0,0,10,-1023,0,0,667,0,0,1,-1,0,1,1,1,-1,-1,-1,-1,0,1,
2026-04-02,13:33:48.030,7.43,100,100,100,0.015,0.35,74,2,8.17,0.000,0.991,0.06,100,0,-178.61,-3.01,10,0.00,3.92,3.93,3.92,3.93,3.91,3.93,3.93,3.93,4.01,0.0,-30,-30,0.0,0,10,-1024,0,0,667,0,0,1,-1,0,1,1,1,-1,-1,-1,-1,0,1,
2026-04-02,13:33:48.290,7.43,100,100,100,0.015,0.35,74,2,8.17,0.000,0.991,0.06,100,0,-178.61,-3.01,10,0.00,3.92,3.93,3.92,3.93,3.91,3.93,3.93,3.93,4.01,0.0,-30,-30,0.0,0,10,-1024,0,0,667,0,0,1,-1,0,1,1,1,-1,-1,-1,-1,0,1,
2026-04-02,13:33:48.560,7.44,100,100,100,0.015,0.35,74,2,8.17,0.000,0.991,0.06,100,0,-178.61,-3.01,10,0.00,3.92,3.93,3.92,3.93,3.91,3.93,3.93,3.93,4.01,0.0,-30,-30,0.0,0,10,-1023,0,0,666,0,0,1,-1,0,1,1,1,-1,-1,-1,-1,0,1,
2026-04-02,13:33:48.820,7.44,100,100,100,0.015,0.35,74,2,8.17,0.000,0.991,0.06,100,0,-178.61,-3.01,10,0.00,3.92,3.93,3.92,3.93,3.91,3.93,3.93,3.93,4.01,0.0,-30,-30,0.0,0,10,-1024,0,0,666,0,0,1,-1,0,1,1,1,-1,-1,-1,-1,0,1,
2026-04-02,13:33:49.130,7.44,100,100,100,0.015,0.35,74,2,8.17,0.000,0.991,0.06,100,0,-178.61,-3.01,10,0.00,3.92,3.93,3.92,3.93,3.91,3.93,3.93,3.93,4.01,0.0,-30,-30,0.0,0,3,-1023,0,0,666,0,0,1,-1,0,1,1,1,-1,-1,-1,-1,0,1,
2026-04-02,13:33:49.390,7.44,100,100,100,0.015,0.35,74,2,8.17,0.000,0.991,0.06,100,0,-178.61,-3.01,10,0.00,3.92,3.93,3.92,3.93,3.91,3.93,3.93,3.93,4.01,0.0,-30,-30,0.0,0,10,-1023,0,0,667,0,0,1,-1,0,1,1,1,-1,-1,-1,-1,0,1,
2026-04-02,13:33:49.650,7.44,100,100,100,0.015,0.35,74,2,8.17,0.000,0.991,0.06,100,0,-178.61,-3.01,10,0.00,3.92,3.93,3.92,3.93,3.91,3.93,3.93,3.93,4.01,0.0,-30,-30,0.0,0,10,-1023,0,0,667,0,0,1,-1,0,1,1,1,-1,-1,-1,-1,0,1,
2026-04-02,13:33:49.910,7.44,100,100,100,0.015,0.35,74,2,8.17,0.000,0.991,0.06,100,0,-178.61,-3.01,10,0.00,3.92,3.93,3.92,3.93,3.91,3.93,3.93,3.93,4.01,0.0,-30,-30,0.0,0,10,-1023,0,0,667,0,0,1,-1,0,1,1,1,-1,-1,-1,-1,0,1,
