Date,Time,TxBat(V),VFR 2.4G(%),Rx VFR(%),VFR 900M(%),AccY(g),Altitude(m),RSSI 2.4G(dB),RX,RxBatt(V),AccX(g),AccZ(g),VSpeed(m/s),RSSI 900M(dB),RX,R.angle(°),P.angle(°),Power 900M(mW),ADC2(V),LiPo1(V),LiPo2(V),LiPo3(V),LiPo4(V),LiPo5(V),LiPo6(V),LiPo7(V),LiPo8(V),VFAS(V),Current(A),Temp1(°C),Temp2(°C),Air speed(km/h),Consumption(mAh),Rudder,Elevator,Throttle,Aileron,Pot1,Pot2,Slider left,Slider right,SA,SB,SC,SD,SE,SF,SG,SH,SI,SJ,LS1,LS2,
2026-04-15,15:02:18.300,7.61,100,100,100,-0.009,-0.20,85,0,8.28,-0.097,0.978,0.06,91,0,179.74,-7.23,10,0.00,4.19,4.20,4.19,4.19,4.20,4.19,4.20,4.19,33.64,0.0,-30,-30,6.1,0,0,17,-1024,0,0,999,0,0,1,-1,0,1,-1,-1,-1,-1,-1,-1,0,0,
2026-04-15,15:02:18.540,7.61,100,100,100,-0.008,-0.14,85,0,8.28,-0.098,0.979,0.14,91,0,179.73,-7.24,10,0.00,4.19,4.20,4.19,4.19,4.20,4.19,4.20,4.19,33.64,0.0,-30,-30,6.1,0,0,17,-1024,0,0,999,0,0,1,-1,0,1,-1,-1,-1,-1,-1,-1,0,0,
2026-04-15,15:02:18.800,7.61,100,100,100,-0.003,-0.10,86,0,8.28,-0.104,0.979,0.19,91,0,179.73,-7.24,10,0.00,4.19,4.20,4.19,4.19,4.20,4.19,4.20,4.19,33.64,0.0,-30,-30,8.9,0,0,17,-1024,0,0,1000,0,0,1,-1,0,1,-1,-1,-1,-1,-1,-1,0,0,
2026-04-15,15:02:19.060,7.61,100,100,100,0.003,-0.15,86,0,8.28,-0.097,0.984,-0.02,92,0,179.74,-7.25,10,0.00,4.19,4.20,4.19,4.19,4.20,4.19,4.20,4.19,33.64,0.0,-30,-30,0.0,0,0,16,-1024,0,0,1000,0,0,1,-1,0,1,-1,-1,-1,-1,-1,-1,0,0,
2026-04-15,15:02:19.320,7.60,100,100,100,0.005,-0.16,86,0,8.28,-0.099,0.979,-0.03,91,0,179.74,-7.24,10,0.00,4.19,4.20,4.19,4.19,4.20,4.19,4.20,4.19,33.64,0.0,-30,-30,0.0,0,0,17,-1024,0,0,999,0,0,1,-1,0,1,-1,-1,-1,-1,-1,-1,0,0,
2026-04-15,15:02:19.590,7.60,100,100,100,-0.006,-0.22,86,0,8.28,-0.100,0.979,-0.13,92,0,179.75,-7.25,10,0.00,4.19,4.20,4.19,4.19,4.20,4.19,4.20,4.19,33.64,0.0,-30,-30,6.1,0,0,17,-1024,0,0,999,0,0,1,-1,0,1,-1,-1,-1,-1,-1,-1,0,0,
2026-04-15,15:02:19.850,7.60,100,100,100,-0.004,-0.23,86,0,8.28,-0.095,0.986,-0.09,92,0,179.74,-7.24,10,0.00,4.19,4.20,4.19,4.19,4.20,4.19,4.20,4.19,33.64,0.0,-30,-30,0.0,0,0,17,-1024,0,0,999,0,0,1,-1,0,1,-1,-1,-1,-1,-1,-1,0,0,
2026-04-15,15:02:20.120,7.60,100,100,100,0.000,-0.24,87,0,8.28,-0.097,0.980,-0.05,91,0,179.74,-7.24,10,0.00,4.19,4.20,4.19,4.19,4.20,4.19,4.20,4.19,33.64,0.0,-30,-30,0.0,0,0,17,-1024,0,0,999,0,0,1,-1,0,1,-1,-1,-1,-1,-1,-1,0,0,
2026-04-15,15:02:20.380,7.61,100,100,100,0.000,-0.21,87,0,8.28,-0.097,0.976,0.02,91,0,179.75,-7.25,10,0.00,4.19,4.20,4.19,4.19,4.20,4.19,4.20,4.19,33.64,0.0,-30,-30,0.0,0,0,16,-1024,0,0,999,0,0,1,-1,0,1,-1,-1,-1,-1,-1,-1,0,0,
2026-04-15,15:02:20.640,7.60,100,100,100,-0.004,-0.28,87,0,8.28,-0.093,0.979,-0.10,92,0,179.75,-7.24,10,0.00,4.19,4.20,4.19,4.19,4.20,4.19,4.20,4.19,33.64,0.0,-30,-30,0.0,0,0,16,-1024,0,0,1000,0,0,1,-1,0,1,-1,-1,-1,-1,-1,-1,0,0,
2026-04-15,15:02:20.910,7.60,100,100,100,-0.002,-0.29,87,0,8.28,-0.099,0.981,-0.11,92,0,179.74,-7.24,10,0.00,4.19,4.20,4.19,4.19,4.20,4.19,4.20,4.19,33.64,0.0,-30,-30,0.0,0,0,17,-1024,0,0,1000,0,0,1,-1,0,1,-1,-1,-1,-1,-1,-1,0,0,
2026-04-15,15:02:21.180,7.61,100,100,100,0.003,-0.36,87,0,8.28,-0.097,0.984,-0.15,91,0,179.74,-7.24,10,0.00,4.19,4.20,4.19,4.19,4.20,4.19,4.20,4.19,33.64,0.0,-30,-30,0.0,0,0,16,-1024,0,0,999,0,0,1,-1,0,1,-1,-1,-1,-1,-1,-1,0,0,
2026-04-15,15:02:21.440,7.60,100,100,100,0.006,-0.43,87,0,8.28,-0.094,0.978,-0.23,91,0,179.73,-7.24,10,0.00,4.19,4.20,4.19,4.19,4.20,4.19,4.20,4.19,33.64,0.0,-30,-30,0.0,0,0,17,-1024,0,0,1000,0,0,1,-1,0,1,-1,-1,-1,-1,-1,-1,0,0,
2026-04-15,15:02:21.700,7.60,100,100,100,-0.005,-0.42,87,0,8.28,-0.099,0.983,-0.07,92,0,179.74,-7.24,10,0.00,4.19,4.20,4.19,4.19,4.20,4.19,4.20,4.19,33.64,0.0,-30,-30,0.0,0,0,17,-1024,0,0,999,0,0,1,-1,0,1,-1,-1,-1,-1,-1,-1,0,0,
2026-04-15,15:02:21.960,7.60,100,100,100,-0.010,-0.44,87,0,8.28,-0.102,0.980,-0.07,91,0,179.75,-7.24,10,0.00,4.19,4.20,4.19,4.19,4.20,4.19,4.20,4.19,33.64,0.0,-30,-30,0.0,0,0,17,-1024,0,0,999,0,0,1,-1,0,1,-1,-1,-1,-1,-1,-1,0,0,
2026-04-15,15:02:22.220,7.61,100,100,100,-0.001,-0.47,87,0,8.28,-0.100,0.981,-0.09,91,0,179.73,-7.23,10,0.00,4.19,4.20,4.19,4.19,4.20,4.19,4.20,4.19,33.64,0.0,-30,-30,0.0,0,0,17,-1024,0,0,999,0,0,1,-1,0,1,-1,-1,-1,-1,-1,-1,0,0,
2026-04-15,15:02:22.480,7.60,100,100,100,0.000,-0.48,87,0,8.28,-0.095,0.979,-0.02,91,0,179.73,-7.24,10,0.00,4.19,4.20,4.19,4.19,4.20,4.19,4.20,4.19,33.64,0.0,-30,-30,0.0,0,0,17,-1024,0,0,999,0,0,1,-1,0,1,-1,-1,-1,-1,-1,-1,0,0,
2026-04-15,15:02:22.750,7.61,100,100,100,0.005,-0.50,87,0,8.28,-0.099,0.981,-0.06,91,0,179.74,-7.24,10,0.00,4.19,4.20,4.19,4.19,4.20,4.19,4.20,4.19,33.64,0.0,-30,-30,0.0,0,0,17,-1024,0,0,999,0,0,1,-1,0,1,-1,-1,-1,-1,-1,-1,0,0,
2026-04-15,15:02:23.020,7.61,100,100,100,-0.003,-0.48,86,0,8.28,-0.099,0.980,-0.03,91,0,179.75,-7.24,10,0.00,4.19,4.20,4.19,4.19,4.20,4.19,4.20,4.19,33.64,0.0,-30,-30,0.0,0,0,17,-1024,0,0,999,0,0,1,-1,0,1,-1,-1,-1,-1,-1,-1,1,0,
2026-04-15,15:02:23.290,7.61,100,100,100,-0.005,-0.58,86,0,8.28,-0.098,0.980,-0.14,92,0,179.75,-7.24,10,0.00,4.19,4.20,4.19,4.19,4.20,4.19,4.20,4.19,33.64,0.0,-30,-30,0.0,0,0,17,-1024,0,0,1000,0,0,1,-1,0,1,-1,-1,-1,-1,-1,-1,1,0,
2026-04-15,15:02:23.550,7.60,100,100,100,0.000,-0.53,86,0,8.28,-0.099,0.979,-0.02,91,0,179.75,-7.25,10,0.00,4.19,4.20,4.19,4.19,4.20,4.19,4.20,4.19,33.64,0.0,-30,-30,0.0,0,72,17,-911,0,0,999,0,0,1,-1,0,1,-1,-1,-1,-1,-1,-1,1,0,
2026-04-15,15:02:23.810,7.60,100,100,99,0.000,-0.52,86,0,8.28,-0.096,0.984,0.07,92,0,179.74,-7.24,10,0.00,4.19,4.20,4.19,4.19,4.20,4.19,4.20,4.19,33.64,0.0,-30,-30,0.0,0,0,17,-909,0,0,1000,0,0,1,-1,0,1,-1,-1,-1,-1,-1,-1,0,0,
2026-04-15,15:02:24.070,7.60,100,100,99,-0.004,-0.47,86,0,8.28,-0.097,0.982,0.09,92,0,179.74,-7.23,10,0.00,4.19,4.20,4.19,4.19,4.20,4.19,4.20,4.19,33.64,0.0,-30,-30,0.0,0,0,16,-803,0,0,999,0,0,1,-1,0,1,-1,-1,-1,-1,-1,-1,0,0,
2026-04-15,15:02:24.340,7.61,100,100,99,-0.003,-0.44,86,0,8.28,-0.095,0.975,0.14,92,0,179.72,-7.24,10,0.00,4.19,4.20,4.19,4.19,4.20,4.19,4.20,4.19,33.64,0.0,-30,-30,0.0,0,0,16,-791,0,0,999,0,0,1,-1,0,1,-1,-1,-1,-1,-1,-1,0,0,
2026-04-15,15:02:24.600,7.60,100,100,98,0.002,-0.50,86,0,8.28,-0.094,0.973,-0.06,92,0,179.73,-7.24,10,0.00,4.19,4.20,4.19,4.19,4.20,4.19,4.20,4.19,33.63,0.0,-30,-30,0.0,0,57,16,-702,0,0,999,0,0,1,-1,0,1,-1,-1,-1,-1,-1,-1,0,0,
2026-04-15,15:02:24.860,7.60,100,100,98,-0.003,-0.54,86,0,8.26,-0.094,0.982,-0.13,92,0,179.73,-7.22,10,0.00,4.19,4.20,4.19,4.19,4.20,4.19,4.20,4.19,33.63,0.0,-30,-30,0.0,0,105,16,-594,0,0,999,0,0,1,-1,0,1,-1,-1,-1,-1,-1,-1,0,0,
2026-04-15,15:02:25.120,7.61,100,100,98,-0.016,-0.63,86,0,8.27,-0.095,0.974,-0.21,92,0,179.72,-7.21,10,0.00,4.19,4.20,4.19,4.19,4.20,4.19,4.20,4.19,33.60,2.4,-30,-30,0.0,0,73,-26,-485,0,0,999,0,0,1,-1,0,1,-1,-1,-1,-1,-1,-1,0,0,
2026-04-15,15:02:25.380,7.61,100,100,98,0.007,-0.79,86,0,8.27,-0.097,0.970,-0.37,91,0,179.69,-7.13,10,0.00,4.19,4.20,4.19,4.19,4.20,4.18,4.20,4.19,33.60,2.4,-30,-30,0.0,0,74,-45,-396,0,0,999,0,0,1,-1,0,1,-1,-1,-1,-1,-1,-1,0,0,
2026-04-15,15:02:25.650,7.60,100,100,98,0.002,-0.93,86,0,8.28,-0.095,0.984,-0.47,92,0,179.70,-6.99,10,0.00,4.19,4.20,4.19,4.19,4.20,4.18,4.20,4.18,33.53,5.2,-30,-30,0.0,0,78,-77,-215,0,0,1000,0,0,1,-1,0,1,-1,-1,-1,-1,-1,-1,0,0,
2026-04-15,15:02:25.910,7.60,100,100,98,0.015,-1.04,86,0,8.28,-0.205,0.956,-0.43,92,0,179.78,-7.08,10,0.00,4.18,4.18,4.19,4.19,4.20,4.18,4.20,4.18,33.53,5.2,-30,-30,0.0,1,88,-85,-121,0,0,999,0,0,1,-1,0,1,-1,-1,-1,-1,-1,-1,0,0,
2026-04-15,15:02:26.170,7.61,100,100,98,0.059,-1.34,86,0,8.28,-0.280,0.932,-0.68,92,0,179.91,-7.56,10,0.00,4.18,4.18,4.16,4.17,4.20,4.18,4.20,4.18,33.43,11.4,-30,-30,0.0,1,199,-101,-81,0,0,999,0,0,1,-1,0,1,-1,-1,-1,-1,-1,-1,0,0,
2026-04-15,15:02:26.440,7.60,100,100,98,0.083,-2.03,85,0,8.25,-0.288,1.022,-1.16,91,0,-179.75,-9.10,10,0.00,4.18,4.18,4.16,4.17,4.17,4.15,4.20,4.18,33.43,11.4,-30,-30,0.0,2,615,-113,31,0,0,999,0,0,1,-1,0,1,-1,-1,-1,-1,-1,-1,0,0,
2026-04-15,15:02:26.710,7.61,100,100,98,0.039,-2.04,83,0,8.21,-0.332,0.968,-0.39,90,0,-179.94,-10.83,10,0.00,4.18,4.18,4.16,4.17,4.17,4.15,4.15,4.14,33.31,15.6,-30,-30,0.0,3,881,-107,64,0,0,1000,0,0,1,-1,0,1,-1,-1,-1,-1,-1,-1,0,0,
2026-04-15,15:02:26.980,7.61,100,100,98,0.038,-2.33,82,0,8.15,-0.356,0.934,-0.69,90,0,-179.92,-11.76,10,0.00,4.13,4.14,4.16,4.17,4.17,4.15,4.15,4.14,33.31,15.6,-30,-30,6.1,4,1013,-97,103,0,0,999,0,0,1,-1,0,1,-1,-1,-1,-1,-1,-1,0,0,
2026-04-15,15:02:27.240,7.61,100,100,98,0.016,-2.55,80,0,8.16,-0.347,0.879,-0.80,86,0,-179.82,-13.65,10,0.00,4.13,4.14,4.16,4.17,4.17,4.15,4.15,4.14,33.17,17.9,-30,-30,8.7,6,1023,-76,109,0,0,1000,0,0,1,-1,0,1,-1,-1,-1,-1,-1,-1,0,0,
2026-04-15,15:02:27.500,7.60,100,100,98,0.032,-2.55,79,0,8.16,-0.364,0.899,-0.39,82,0,-179.75,-14.53,10,0.00,4.13,4.14,4.12,4.12,4.17,4.15,4.15,4.14,33.17,17.9,-30,-30,6.1,7,1024,-169,169,98,0,999,0,0,1,-1,0,1,-1,-1,-1,-1,-1,-1,0,0,
2026-04-15,15:02:27.760,7.60,100,100,99,0.027,-2.65,80,0,8.17,-0.390,0.979,-0.22,79,0,-179.94,-16.03,10,0.00,4.13,4.14,4.12,4.12,4.12,4.11,4.15,4.14,33.02,19.4,-30,-30,14.1,8,1023,-196,224,73,0,999,0,0,1,-1,0,1,-1,-1,-1,-1,-1,-1,0,0,
2026-04-15,15:02:28.020,7.61,100,100,99,-0.015,-2.93,81,0,8.17,-0.449,0.943,-0.65,80,0,179.72,-18.13,10,0.00,4.13,4.14,4.12,4.12,4.12,4.11,4.10,4.10,33.02,19.4,-30,-30,14.1,10,1022,-165,251,111,0,999,0,0,1,-1,0,1,-1,-1,-1,-1,-1,-1,0,0,
2026-04-15,15:02:28.290,7.61,100,100,99,-0.033,-3.19,82,0,8.14,-0.466,0.957,-0.86,80,0,179.71,-18.91,10,0.00,4.08,4.09,4.12,4.12,4.12,4.11,4.10,4.10,32.84,24.1,-30,-30,13.9,11,1024,-353,381,592,0,1000,0,0,1,-1,0,1,-1,-1,-1,-1,-1,-1,0,0,
2026-04-15,15:02:28.550,7.61,100,100,100,-0.060,-3.33,83,0,8.15,-0.545,0.767,-0.68,81,0,179.65,-19.90,10,0.00,4.08,4.09,4.06,4.07,4.12,4.11,4.10,4.10,32.84,39.3,-30,-30,17.8,13,1023,-367,587,566,0,999,0,0,1,-1,0,1,-1,-1,-1,-1,-1,-1,0,0,
2026-04-15,15:02:28.810,7.61,100,100,100,-0.062,-3.48,83,0,8.14,-0.568,1.100,-0.50,79,0,179.42,-20.26,10,0.00,4.08,4.09,4.06,4.07,4.04,4.04,4.10,4.10,32.47,39.3,-30,-30,27.2,16,1022,-476,609,637,0,1000,0,0,1,-1,0,1,-1,-1,-1,-1,-1,-1,0,0,
2026-04-15,15:02:29.080,7.61,99,100,100,-0.002,-4.01,81,0,8.16,-0.546,0.749,-1.20,77,0,-170.68,-21.83,10,0.00,4.08,4.09,4.06,4.07,4.04,4.04,4.01,4.01,32.47,47.5,-30,-30,32.0,19,1016,-534,630,616,0,999,0,0,1,-1,0,1,-1,-1,-1,-1,-1,-1,0,0,
2026-04-15,15:02:29.350,7.61,99,100,100,-0.123,-4.61,80,0,8.16,-0.549,0.889,-1.13,76,0,-179.40,-22.74,10,0.00,4.08,4.09,4.06,4.07,4.04,4.04,4.01,4.01,32.13,47.5,-30,-30,33.7,23,978,-581,672,676,0,999,0,0,1,-1,0,1,-1,-1,-1,-1,-1,-1,0,0,
2026-04-15,15:02:29.610,7.61,99,100,100,-0.027,-4.80,80,0,8.19,-0.527,0.672,-0.94,74,0,-179.04,-23.81,10,0.00,3.97,3.98,4.06,4.07,4.04,4.04,4.01,4.01,31.76,53.4,-30,-30,43.5,26,941,-596,720,676,0,999,0,0,1,-1,0,1,-1,-1,-1,-1,-1,-1,0,0,
2026-04-15,15:02:29.880,7.60,100,100,100,-0.059,-4.88,78,0,8.23,-0.570,0.886,-0.50,70,0,-178.88,-24.63,10,0.00,3.97,3.98,3.92,3.94,4.04,4.04,4.01,4.01,31.76,53.4,-30,-30,43.5,30,923,-662,746,640,0,1000,0,0,1,-1,0,1,-1,-1,-1,-1,-1,-1,0,0,
2026-04-15,15:02:30.140,7.60,100,100,100,-0.099,-4.83,75,0,8.22,-0.586,0.939,-0.15,60,0,-178.56,-25.68,10,0.00,3.97,3.98,3.92,3.94,3.92,3.92,4.01,4.01,31.42,59.5,-30,-30,48.5,34,764,-604,789,599,0,1000,0,0,1,-1,0,1,-1,-1,-1,-1,-1,-1,0,0,
2026-04-15,15:02:30.420,7.61,100,100,100,0.068,-4.96,73,0,8.25,-0.577,0.824,-0.23,51,0,-177.93,-29.88,10,0.00,3.97,3.98,3.92,3.94,3.92,3.92,3.90,3.90,31.42,59.5,-30,-30,48.5,39,656,-408,794,481,0,999,0,0,1,-1,0,1,-1,-1,-1,-1,-1,-1,0,0,
2026-04-15,15:02:30.690,7.61,100,100,100,0.187,-4.85,71,0,8.27,-0.523,0.925,0.01,48,0,163.63,-33.40,10,0.00,3.87,3.88,3.92,3.94,3.92,3.92,3.90,3.90,31.12,63.2,-30,-30,56.9,43,641,-629,794,764,0,999,0,0,1,-1,0,1,-1,-1,-1,-1,-1,-1,0,0,
2026-04-15,15:02:30.950,7.61,100,100,100,0.107,-4.83,71,0,8.22,-0.498,0.975,0.13,45,0,175.48,-32.62,10,0.00,3.87,3.88,3.84,3.86,3.92,3.92,3.90,3.90,31.12,63.2,-30,-30,63.2,48,754,-721,792,870,0,1000,0,0,1,-1,0,1,-1,-1,-1,-1,-1,-1,0,0,
2026-04-15,15:02:31.220,7.61,100,100,100,0.056,-4.75,70,0,8.22,-0.543,1.215,0.17,45,0,-163.04,-35.40,10,0.00,3.87,3.88,3.84,3.86,3.86,3.84,3.90,3.90,30.87,63.4,-30,-30,59.8,53,539,-261,793,627,0,999,0,0,1,-1,0,1,-1,-1,-1,-1,-1,-1,0,0,
2026-04-15,15:02:31.480,7.61,100,100,100,0.101,-4.80,70,0,8.22,-0.489,1.202,0.11,57,0,-169.03,-37.25,10,0.00,3.87,3.88,3.84,3.86,3.86,3.84,3.84,3.83,30.87,63.4,-30,-30,68.5,57,242,-157,790,280,0,999,0,0,1,-1,0,1,-1,-1,-1,-1,-1,-1,0,0,
2026-04-15,15:02:31.750,7.61,100,100,100,0.113,-4.83,70,0,8.20,-0.453,0.849,-0.23,63,0,-151.89,-34.07,10,0.00,3.87,3.88,3.84,3.86,3.86,3.84,3.84,3.83,30.68,62.1,-30,-30,70.0,62,0,-107,793,-131,0,999,0,0,1,-1,0,1,-1,-1,-1,-1,-1,-1,0,0,
2026-04-15,15:02:32.030,7.61,100,100,100,0.092,-4.14,70,0,8.25,-0.409,0.687,1.00,67,0,-157.14,-30.97,10,0.00,3.83,3.83,3.84,3.86,3.86,3.84,3.84,3.83,30.68,62.1,-30,-30,70.0,67,0,-150,791,80,0,1000,0,0,1,-1,0,1,-1,-1,-1,-1,-1,-1,0,0,
2026-04-15,15:02:32.290,7.61,100,100,100,0.119,-4.03,68,0,8.26,-0.437,0.880,0.47,69,0,-157.76,-30.60,10,0.00,3.83,3.83,3.80,3.83,3.86,3.84,3.84,3.83,30.51,62.1,-30,-30,70.0,71,0,-173,777,0,0,999,0,0,1,-1,0,1,-1,-1,-1,-1,-1,-1,0,0,
2026-04-15,15:02:32.560,7.61,100,100,100,0.112,-3.45,67,0,8.27,-0.469,1.090,1.39,70,0,-164.70,-31.15,10,0.00,3.83,3.83,3.80,3.83,3.86,3.84,3.84,3.83,30.51,59.2,-30,-30,74.1,76,0,-358,711,295,0,1000,0,0,1,-1,0,1,-1,-1,-1,-1,-1,-1,0,0,
2026-04-15,15:02:32.820,7.61,100,100,100,0.161,-2.95,65,0,8.28,-0.396,1.090,1.62,69,0,-172.04,-31.91,10,0.00,3.83,3.83,3.80,3.83,3.86,3.84,3.82,3.81,30.44,59.2,-30,-30,74.1,80,0,-259,701,110,0,1000,0,0,1,-1,0,1,-1,-1,-1,-1,-1,-1,0,0,
2026-04-15,15:02:33.090,7.61,100,100,100,0.226,-2.47,63,0,8.26,-0.384,0.936,1.66,67,0,-176.86,-32.09,10,0.00,3.82,3.82,3.80,3.83,3.86,3.84,3.82,3.81,30.44,53.1,-30,-30,73.0,85,45,-385,701,475,0,999,0,0,1,-1,0,1,-1,-1,-1,-1,-1,-1,0,0,
2026-04-15,15:02:33.350,7.61,100,100,100,0.165,-1.90,59,0,8.22,-0.412,1.056,1.76,64,0,172.60,-32.42,10,0.00,3.82,3.82,3.80,3.83,3.86,3.84,3.82,3.81,30.39,53.1,-30,-30,70.7,88,338,-438,719,635,0,1000,0,0,1,-1,0,1,-1,-1,-1,-1,-1,-1,0,0,
2026-04-15,15:02:33.610,7.61,100,100,100,0.138,-1.36,54,0,8.20,-0.422,1.071,1.91,62,0,169.22,-32.59,10,0.00,3.82,3.82,3.80,3.83,3.84,3.82,3.82,3.81,30.28,56.0,-30,-30,71.9,92,360,-486,785,697,0,999,0,0,1,-1,0,1,-1,-1,-1,-1,-1,-1,0,0,
2026-04-15,15:02:33.870,7.61,100,100,100,0.063,-1.03,51,0,8.22,-0.458,1.123,1.55,62,0,170.35,-34.14,10,0.00,3.82,3.82,3.80,3.83,3.84,3.82,3.83,3.82,30.28,56.0,-30,-30,72.6,96,424,-522,795,785,0,1000,0,0,1,-1,0,1,-1,-1,-1,-1,-1,-1,0,0,
2026-04-15,15:02:34.140,7.61,98,100,100,0.069,-0.79,46,0,8.22,-0.609,1.469,1.07,57,0,175.82,-36.76,10,0.00,3.82,3.82,3.80,3.83,3.84,3.82,3.83,3.82,30.17,62.0,-30,-30,72.6,101,392,-434,795,671,0,1000,0,0,1,-1,0,1,-1,-1,-1,-1,-1,-1,0,0,
2026-04-15,15:02:34.410,7.61,95,100,100,0.073,-0.63,44,0,8.23,-0.518,1.385,0.74,57,0,-170.16,-39.59,10,0.00,3.81,3.81,3.80,3.83,3.84,3.82,3.83,3.82,30.17,62.0,-30,-30,76.1,105,281,-164,792,267,0,999,0,0,1,-1,0,1,-1,-1,-1,-1,-1,-1,0,0,
2026-04-15,15:02:34.680,7.61,95,100,100,0.116,-0.02,44,0,8.26,-0.391,1.010,1.32,54,0,-166.60,-38.00,10,0.00,3.81,3.81,3.78,3.80,3.84,3.82,3.83,3.82,30.08,61.1,-30,-30,77.6,110,213,-292,791,0,0,999,0,0,1,-1,0,1,-1,-1,-1,-1,-1,-1,0,0,
2026-04-15,15:02:34.950,7.61,97,100,100,0.141,1.11,46,0,8.25,-0.408,0.963,2.82,52,0,-170.86,-37.13,10,0.00,3.81,3.81,3.78,3.80,3.82,3.78,3.83,3.82,30.08,61.1,-30,-30,73.2,115,191,-342,789,291,0,1000,0,0,1,-1,0,1,-1,-1,-1,-1,-1,-1,0,0,
2026-04-15,15:02:35.220,7.61,100,100,98,0.109,2.23,46,0,8.27,-0.448,1.121,3.61,50,0,-174.92,-36.95,10,0.00,3.81,3.81,3.78,3.80,3.82,3.78,3.80,3.78,30.01,61.1,-30,-30,74.3,119,181,-259,790,116,0,999,0,0,1,-1,0,1,-1,-1,-1,-1,-1,-1,0,0,
2026-04-15,15:02:35.490,7.61,99,99,98,0.040,3.53,47,0,8.27,-0.453,1.096,4.05,51,0,-174.67,-39.30,10,0.00,3.78,3.79,3.78,3.80,3.82,3.78,3.80,3.78,30.01,61.1,-30,-30,74.3,124,177,-339,790,315,0,999,0,0,1,-1,0,1,-1,-1,-1,-1,-1,-1,0,0,
2026-04-15,15:02:35.750,7.61,97,98,98,-0.014,4.74,48,0,8.28,-0.525,1.281,4.27,55,0,-171.08,-40.10,10,0.00,3.78,3.79,3.76,3.78,3.82,3.78,3.80,3.78,29.94,61.0,-30,-30,72.6,128,177,-208,789,201,0,999,0,0,1,-1,0,1,-1,-1,-1,-1,-1,-1,0,0,
2026-04-15,15:02:36.030,7.60,96,98,98,0.050,5.88,48,0,8.28,-0.435,1.055,4.29,55,0,-159.39,-40.60,10,0.00,3.78,3.79,3.76,3.78,3.81,3.77,3.80,3.78,29.94,61.0,-30,-30,75.6,133,172,-110,790,38,0,1000,0,0,1,-1,0,1,-1,-1,-1,-1,-1,-1,0,0,
2026-04-15,15:02:36.300,7.60,93,98,98,0.055,8.42,46,0,8.28,-0.381,0.867,4.38,55,0,-159.29,-40.32,10,0.00,3.78,3.79,3.76,3.78,3.81,3.77,3.79,3.77,29.89,60.9,-30,-30,76.1,137,162,-108,790,0,0,999,0,0,1,-1,0,1,-1,-1,-1,-1,-1,-1,0,0,
2026-04-15,15:02:36.570,7.60,94,98,98,0.088,9.88,44,0,8.28,-0.386,0.808,4.61,54,0,-164.96,-38.60,10,0.00,3.78,3.79,3.76,3.78,3.81,3.77,3.79,3.77,29.89,60.7,-30,-30,74.3,142,155,-112,790,0,0,999,0,0,1,-1,0,1,-1,-1,-1,-1,-1,-1,0,0,
2026-04-15,15:02:36.830,7.61,95,98,98,0.079,11.87,45,0,8.28,-0.382,0.837,5.85,51,0,-170.11,-37.35,10,0.00,3.77,3.78,3.76,3.78,3.81,3.77,3.79,3.77,29.84,60.7,-30,-30,73.2,146,150,-23,790,-48,0,999,0,0,1,-1,0,1,-1,-1,-1,-1,-1,-1,0,0,
2026-04-15,15:02:37.090,7.61,100,100,96,0.120,13.68,45,0,8.28,-0.410,0.938,6.24,45,0,-172.08,-36.47,10,0.00,3.77,3.78,3.74,3.77,3.81,3.77,3.79,3.77,29.80,60.7,-30,-30,73.2,151,22,9,791,-228,0,1000,0,0,1,-1,0,1,-1,-1,-1,-1,-1,-1,0,1,
2026-04-15,15:02:37.350,7.60,100,100,95,0.050,15.42,45,0,8.28,-0.345,0.696,6.31,41,0,-178.74,-33.29,10,0.00,3.77,3.78,3.74,3.77,3.80,3.76,3.79,3.77,29.80,60.7,-30,-30,76.1,155,-72,-53,791,-317,0,1000,0,0,1,-1,0,1,-1,-1,-1,-1,-1,-1,0,1,
2026-04-15,15:02:37.610,7.61,100,100,95,0.111,16.70,45,0,8.25,-0.352,0.618,5.19,43,0,38.59,-32.85,10,0.00,3.77,3.78,3.74,3.77,3.80,3.76,3.78,3.76,29.76,60.5,-30,-30,76.1,159,-134,-158,789,-355,0,999,0,0,1,-1,0,1,-1,-1,-1,-1,-1,-1,0,1,
2026-04-15,15:02:37.870,7.61,99,99,95,0.125,18.34,45,0,8.26,-0.437,0.895,5.26,44,0,167.92,-35.05,10,0.00,3.76,3.77,3.74,3.77,3.80,3.76,3.78,3.76,29.76,60.5,-30,-30,71.7,164,-154,-262,789,-236,0,999,0,0,1,-1,0,1,-1,-1,-1,-1,-1,-1,0,1,
2026-04-15,15:02:38.130,7.61,97,97,94,0.100,20.21,45,0,8.27,-0.448,0.956,6.04,45,0,162.67,-35.05,10,0.00,3.76,3.77,3.74,3.76,3.80,3.76,3.78,3.76,29.73,60.8,-30,-30,69.1,168,-106,-302,792,-56,0,999,0,0,1,-1,0,1,-1,-1,-1,-1,-1,-1,0,1,
2026-04-15,15:02:38.410,7.60,86,94,94,0.033,21.49,45,0,8.25,-0.482,1.063,5.37,44,0,158.17,-35.85,10,0.00,3.76,3.77,3.74,3.76,3.79,3.76,3.78,3.76,29.73,60.8,-30,-30,70.0,173,0,-432,797,1,0,999,0,0,1,-1,0,1,-1,-1,-1,-1,-1,-1,0,1,
2026-04-15,15:02:38.680,7.60,82,94,94,0.024,22.71,44,0,8.25,-0.500,1.097,4.53,44,0,157.15,-38.17,10,0.00,3.76,3.77,3.74,3.76,3.79,3.76,3.77,3.75,29.69,61.5,-30,-30,68.7,178,0,-425,803,41,0,1000,0,0,1,-1,0,1,-1,-1,-1,-1,-1,-1,0,1,
2026-04-15,15:02:38.940,7.61,85,93,93,0.035,24.16,43,0,8.27,-0.481,0.977,4.77,44,0,154.93,-39.35,10,0.00,3.76,3.77,3.74,3.76,3.79,3.76,3.77,3.75,29.69,61.5,-30,-30,67.6,182,-77,-274,801,-53,0,999,0,0,1,-1,0,1,-1,-1,-1,-1,-1,-1,0,1,
2026-04-15,15:02:39.200,7.60,90,95,95,0.081,25.47,44,0,8.27,-0.504,1.024,4.69,45,0,148.86,-40.67,10,0.00,3.75,3.76,3.74,3.76,3.79,3.76,3.77,3.75,29.66,62.0,-30,-30,67.6,187,-94,-387,800,0,0,999,0,0,1,-1,0,1,-1,-1,-1,-1,-1,-1,0,1,
2026-04-15,15:02:39.470,7.61,90,94,94,0.095,26.78,44,0,8.28,-0.495,0.988,4.54,47,0,136.61,-39.49,10,0.00,3.75,3.76,3.72,3.75,3.79,3.76,3.77,3.75,29.66,62.0,-30,-30,65.0,191,-28,-456,803,85,0,999,0,0,1,-1,0,1,-1,-1,-1,-1,-1,-1,0,1,
2026-04-15,15:02:39.750,7.60,89,93,93,0.078,28.19,44,0,8.28,-0.518,1.099,4.70,43,0,128.94,-38.85,10,0.00,3.75,3.76,3.72,3.75,3.78,3.74,3.77,3.75,29.61,62.0,-30,-30,67.6,196,0,-428,821,245,0,999,0,0,1,-1,0,1,-1,-1,-1,-1,-1,-1,0,1,
2026-04-15,15:02:40.010,7.60,84,93,93,0.026,29.42,43,0,8.25,-0.499,1.137,4.61,42,0,118.75,-36.29,10,0.00,3.75,3.76,3.72,3.75,3.78,3.74,3.76,3.74,29.61,62.0,-30,-30,67.6,200,150,-492,831,469,0,999,0,0,1,-1,0,1,-1,-1,-1,-1,-1,-1,0,1,
2026-04-15,15:02:40.280,7.61,84,93,93,0.018,31.26,41,0,8.22,-0.499,1.154,3.42,42,0,118.99,-34.56,10,0.00,3.74,3.75,3.72,3.75,3.78,3.74,3.76,3.74,29.56,64.2,-30,-30,70.0,205,236,-577,836,499,0,999,0,0,1,-1,0,1,-1,-1,-1,-1,-1,-1,0,1,
2026-04-15,15:02:40.540,7.61,76,90,90,0.047,32.01,41,0,8.23,-0.529,1.212,2.92,42,0,119.22,-31.29,10,0.00,3.74,3.75,3.71,3.74,3.78,3.74,3.76,3.74,29.56,64.2,-30,-30,69.1,210,151,-572,836,291,0,999,0,0,1,-1,0,1,-1,-1,-1,-1,-1,-1,0,1,
2026-04-15,15:02:40.820,7.61,73,89,89,0.037,32.72,40,0,8.26,-0.553,1.381,2.66,44,0,116.32,-29.60,10,0.00,3.74,3.75,3.71,3.74,3.77,3.73,3.76,3.74,29.52,65.4,-30,-30,70.0,215,220,-640,841,503,0,999,0,0,1,-1,0,1,-1,-1,-1,-1,-1,-1,0,1,
2026-04-15,15:02:41.090,7.61,69,89,89,0.053,33.22,38,0,8.21,-0.570,1.381,2.12,40,0,112.72,-28.00,10,0.00,3.74,3.75,3.71,3.74,3.77,3.73,3.75,3.73,29.52,65.5,-30,-30,71.3,220,301,-686,853,543,0,999,0,0,1,-1,0,1,-1,-1,-1,-1,-1,-1,0,1,
2026-04-15,15:02:41.370,7.60,74,88,88,0.045,33.67,40,0,8.23,-0.616,1.583,1.77,38,0,109.50,-23.21,10,0.00,3.74,3.75,3.71,3.74,3.77,3.73,3.75,3.73,29.47,65.5,-30,-30,72.2,225,260,-647,870,531,0,1000,0,0,1,-1,0,1,-1,-1,-1,-1,-1,-1,0,1,
2026-04-15,15:02:41.640,7.61,85,87,87,0.058,33.98,42,0,8.25,-0.594,1.520,1.44,37,0,107.57,-19.19,10,0.00,3.72,3.74,3.71,3.74,3.77,3.73,3.75,3.73,29.40,68.2,-30,-30,72.6,230,267,-615,873,453,0,999,0,0,1,-1,0,1,-1,-1,-1,-1,-1,-1,0,1,
2026-04-15,15:02:41.900,7.60,92,92,86,0.050,34.18,44,0,8.27,-0.577,1.483,0.97,37,0,107.21,-16.87,10,0.00,3.72,3.74,3.69,3.72,3.77,3.73,3.75,3.73,29.40,68.2,-30,-30,73.7,235,274,-641,868,467,0,1000,0,0,1,-1,0,1,-1,-1,-1,-1,-1,-1,0,1,
2026-04-15,15:02:42.170,7.61,95,95,82,0.021,34.39,45,0,8.27,-0.534,1.428,0.79,34,0,108.38,-13.05,10,0.00,3.72,3.74,3.69,3.72,3.75,3.71,3.75,3.73,29.36,67.9,-30,-30,74.8,240,341,-645,802,480,0,999,0,0,1,-1,0,1,-1,-1,-1,-1,-1,-1,0,1,
2026-04-15,15:02:42.450,7.61,96,96,77,0.027,34.63,47,0,8.23,-0.514,1.568,0.79,33,0,110.26,-11.99,10,0.00,3.72,3.74,3.69,3.72,3.75,3.71,3.73,3.71,29.36,67.9,-30,-30,75.4,245,392,-754,783,638,0,999,0,0,1,-1,0,1,-1,-1,-1,-1,-1,-1,0,1,
2026-04-15,15:02:42.710,7.61,98,98,76,0.015,34.69,48,0,8.24,-0.571,1.704,0.56,36,0,115.93,-11.82,10,0.00,3.72,3.73,3.69,3.72,3.75,3.71,3.73,3.71,29.40,60.0,-30,-30,75.4,250,403,-692,780,602,0,1000,0,0,1,-1,0,1,-1,-1,-1,-1,-1,-1,0,1,
2026-04-15,15:02:42.970,7.61,98,98,75,0.056,34.60,47,0,8.26,-0.560,1.584,-0.01,40,0,118.64,-12.17,10,0.00,3.72,3.73,3.69,3.73,3.75,3.71,3.73,3.71,29.40,60.0,-30,-30,76.7,254,359,-419,779,315,0,999,0,0,1,-1,0,1,-1,-1,-1,-1,-1,-1,0,1,
2026-04-15,15:02:43.230,7.60,96,96,75,0.020,34.61,46,0,8.27,-0.451,1.281,0.00,40,0,119.18,-10.63,10,0.00,3.72,3.73,3.69,3.73,3.76,3.72,3.73,3.71,29.43,59.0,-30,-30,76.7,258,314,-471,776,215,0,999,0,0,1,-1,0,1,-1,-1,-1,-1,-1,-1,0,1,
2026-04-15,15:02:43.500,7.61,92,92,74,-0.033,34.64,46,0,8.25,-0.397,1.327,0.00,43,0,120.56,-9.40,10,0.00,3.72,3.73,3.69,3.73,3.76,3.72,3.75,3.74,29.43,59.0,-30,-30,78.9,263,256,-491,776,197,0,999,0,0,1,-1,0,1,-1,-1,-1,-1,-1,-1,0,1,
2026-04-15,15:02:43.760,7.60,88,88,72,-0.045,34.83,45,0,8.23,-0.429,1.326,0.36,42,0,122.73,-10.55,10,0.00,3.72,3.73,3.69,3.73,3.76,3.72,3.75,3.74,29.46,58.3,-30,-30,80.4,267,233,-519,777,259,0,999,0,0,1,-1,0,1,-1,-1,-1,-1,-1,-1,0,1,
2026-04-15,15:02:44.020,7.60,90,90,69,-0.045,34.95,44,0,8.26,-0.432,1.372,0.51,41,0,132.32,-13.71,10,0.00,3.74,3.75,3.69,3.73,3.76,3.72,3.75,3.74,29.46,58.3,-30,-30,81.7,271,241,-340,778,381,0,999,0,0,1,-1,0,1,-1,-1,-1,-1,-1,-1,0,1,
2026-04-15,15:02:44.280,7.61,90,90,69,-0.023,35.09,43,0,8.27,-0.396,1.422,0.38,42,0,136.66,-13.70,10,0.00,3.74,3.75,3.71,3.74,3.76,3.72,3.75,3.74,29.48,58.3,-30,-30,79.6,275,255,-75,779,48,0,999,0,0,1,-1,0,1,0,-1,-1,-1,-1,-1,0,1,
2026-04-15,15:02:44.550,7.60,90,90,71,0.000,35.23,42,0,8.28,-0.334,0.919,0.48,41,0,141.95,-9.11,10,0.00,3.74,3.75,3.71,3.74,3.77,3.74,3.75,3.74,29.48,58.3,-30,-30,80.7,280,264,-26,780,0,0,999,0,0,1,-1,0,1,1,-1,-1,-1,-1,-1,0,1,
2026-04-15,15:02:44.820,7.60,83,83,68,-0.083,35.09,39,0,8.20,-0.288,0.902,0.06,37,0,146.96,-9.08,10,0.00,3.74,3.75,3.71,3.74,3.77,3.74,3.75,3.74,29.50,58.6,-30,-30,80.7,284,141,-140,781,4,0,999,0,0,1,-1,0,1,1,-1,-1,-1,-1,-1,0,1,
2026-04-15,15:02:45.080,7.60,79,79,69,-0.081,35.13,40,0,8.18,-0.296,1.000,-0.52,40,0,152.18,-9.52,10,0.00,3.74,3.75,3.71,3.74,3.77,3.74,3.75,3.74,29.50,58.4,-30,-30,83.5,289,124,-11,780,103,0,999,0,0,1,-1,0,1,1,-1,-1,-1,-1,-1,0,1,
2026-04-15,15:02:45.350,7.60,83,83,70,0.000,35.19,40,0,8.19,-0.429,0.760,0.34,41,0,164.01,-9.73,10,0.00,3.74,3.75,3.71,3.74,3.77,3.74,3.75,3.74,29.51,58.4,-30,-30,82.6,293,119,0,780,0,0,1000,0,0,1,-1,0,1,1,-1,-1,-1,-1,-1,0,1,
2026-04-15,15:02:45.620,7.60,90,90,69,0.044,35.07,43,0,8.21,-0.389,0.717,-0.09,42,0,164.68,-8.22,10,0.00,3.74,3.75,3.71,3.74,3.77,3.73,3.75,3.74,29.53,57.7,-30,-30,85.0,297,117,-123,780,0,0,999,0,0,1,-1,0,1,1,-1,-1,-1,-1,-1,0,1,
2026-04-15,15:02:45.880,7.61,97,97,70,0.007,34.94,45,0,8.19,-0.199,0.611,-0.28,45,0,164.53,-5.80,10,0.00,3.74,3.75,3.71,3.74,3.77,3.73,3.76,3.74,29.53,57.7,-30,-30,87.0,301,107,-127,780,0,0,999,0,0,1,-1,0,1,1,-1,-1,-1,-1,-1,0,1,
2026-04-15,15:02:46.150,7.61,100,100,75,0.020,34.94,49,0,8.18,-0.079,0.641,-0.45,46,0,165.65,-3.69,10,0.00,3.74,3.75,3.71,3.74,3.77,3.73,3.76,3.74,29.53,57.6,-30,-30,85.6,306,93,-100,779,0,0,1000,0,0,1,-1,0,1,1,-1,-1,-1,-1,-1,0,1,
2026-04-15,15:02:46.410,7.61,100,100,79,0.036,34.55,51,0,8.17,-0.099,0.523,-0.62,51,0,166.71,-2.31,10,0.00,3.74,3.76,3.71,3.74,3.77,3.73,3.76,3.74,29.53,57.6,-30,-30,87.4,310,85,-219,779,0,0,1000,0,0,1,-1,0,1,1,-1,-1,-1,-1,-1,0,1,
2026-04-15,15:02:46.680,7.61,100,100,82,-0.019,34.02,51,0,8.15,-0.122,0.910,-1.25,51,0,170.71,-1.19,10,0.00,3.74,3.76,3.71,3.74,3.77,3.73,3.76,3.74,29.55,57.2,-30,-30,90.9,314,75,-402,781,30,0,1000,0,0,1,-1,0,1,1,-1,-1,-1,-1,-1,0,1,
2026-04-15,15:02:46.940,7.60,100,100,82,-0.015,33.37,52,0,8.16,-0.168,1.017,-1.91,49,0,173.68,-1.25,10,0.00,3.74,3.76,3.71,3.74,3.77,3.74,3.76,3.74,29.55,57.2,-30,-30,91.3,318,73,-385,780,0,0,999,0,0,1,-1,0,1,1,-1,-1,-1,-1,-1,0,1,
2026-04-15,15:02:47.200,7.61,100,100,83,0.022,32.78,52,0,8.17,-0.165,1.228,-2.01,47,0,177.89,-2.56,10,0.00,3.74,3.76,3.71,3.74,3.77,3.74,3.75,3.74,29.56,57.1,-30,-30,91.3,322,63,-242,779,-33,0,1000,0,0,1,-1,0,1,1,-1,-1,-1,-1,-1,0,1,
2026-04-15,15:02:47.460,7.61,100,100,84,0.006,32.00,52,0,8.17,-0.041,0.876,-2.36,49,0,-38.65,-1.77,10,0.00,3.74,3.76,3.71,3.74,3.77,3.74,3.75,3.74,29.56,57.1,-30,-30,89.6,327,59,-264,779,-22,0,1000,0,0,1,-1,0,1,1,-1,-1,-1,-1,-1,0,1,
2026-04-15,15:02:47.730,7.60,100,100,87,0.004,31.09,52,0,8.17,-0.125,0.886,-2.80,49,0,-176.30,-1.07,10,0.00,3.74,3.76,3.72,3.74,3.77,3.74,3.75,3.74,29.56,56.8,-30,-30,91.7,331,57,-365,779,0,0,999,0,0,1,-1,0,1,1,-1,-1,-1,-1,-1,0,1,
2026-04-15,15:02:48.010,7.60,100,100,90,0.020,28.89,52,0,8.17,-0.096,1.129,-3.65,49,0,-175.19,-2.16,10,0.00,3.74,3.76,3.72,3.74,3.78,3.74,3.75,3.74,29.56,56.8,-30,-30,94.5,335,25,-467,780,-30,0,1000,0,0,1,-1,0,1,1,-1,-1,-1,-1,-1,0,1,
2026-04-15,15:02:48.280,7.60,100,100,90,0.008,27.94,52,0,8.15,-0.079,1.165,-3.46,49,0,-174.91,-3.65,10,0.00,3.74,3.76,3.72,3.74,3.78,3.74,3.76,3.74,29.57,56.1,-30,-30,93.7,339,0,-381,780,-147,0,1000,0,0,1,-1,0,1,1,-1,-1,-1,-1,-1,0,1,
2026-04-15,15:02:48.560,7.61,98,98,90,0.025,27.09,51,0,8.16,-0.122,1.382,-3.15,51,0,-175.63,-8.45,10,0.00,3.74,3.76,3.72,3.74,3.78,3.74,3.76,3.74,29.57,55.9,-30,-30,96.3,344,0,-296,778,-211,0,999,0,0,1,-1,0,1,1,-1,-1,-1,-1,-1,0,1,
2026-04-15,15:02:48.820,7.60,98,98,94,0.060,26.48,51,0,8.17,-0.076,0.916,-2.61,46,0,-178.70,-8.26,10,0.00,3.74,3.76,3.72,3.74,3.78,3.74,3.76,3.74,29.58,55.9,-30,-30,95.2,348,0,-261,778,-222,0,999,0,0,1,-1,0,1,1,-1,-1,-1,-1,-1,0,1,
2026-04-15,15:02:49.090,7.60,98,98,93,0.055,25.80,51,0,8.17,-0.053,0.926,-2.38,49,0,166.22,-8.00,10,0.00,3.74,3.76,3.72,3.75,3.78,3.74,3.76,3.74,29.58,56.0,-30,-30,93.5,352,0,-268,778,-203,0,999,0,0,1,-1,0,1,1,-1,-1,-1,-1,-1,0,1,
2026-04-15,15:02:49.360,7.60,100,100,95,0.102,25.16,52,0,8.17,-0.083,0.854,-2.36,51,0,174.68,-6.74,10,0.00,3.74,3.76,3.72,3.75,3.78,3.75,3.76,3.74,29.59,56.0,-30,-30,88.0,356,0,-268,779,-154,0,999,0,0,1,-1,0,1,1,-1,-1,-1,-1,-1,0,1,
2026-04-15,15:02:49.620,7.61,100,100,97,0.049,24.90,53,0,8.17,-0.115,0.965,-1.50,53,0,170.75,-6.22,10,0.00,3.74,3.76,3.72,3.75,3.78,3.75,3.76,3.74,29.59,57.0,-30,-30,88.0,360,0,-375,779,0,0,999,0,0,1,-1,0,1,1,-1,-1,-1,-1,-1,0,1,
2026-04-15,15:02:49.880,7.60,100,100,97,0.056,24.27,54,0,8.15,-0.085,1.037,-1.74,58,0,169.06,-7.00,10,0.00,3.74,3.76,3.72,3.75,3.78,3.75,3.76,3.74,29.59,57.0,-30,-30,88.3,364,0,-425,778,9,0,999,0,0,1,-1,0,1,1,-1,-1,-1,-1,-1,0,1,
2026-04-15,15:02:50.160,7.60,100,100,97,0.037,23.65,54,0,8.16,-0.111,1.103,-2.09,60,0,169.48,-8.50,10,0.00,3.74,3.76,3.72,3.74,3.78,3.75,3.76,3.74,29.59,56.5,-30,-30,94.3,369,0,-408,778,22,0,1000,0,0,1,-1,0,1,1,-1,-1,-1,-1,-1,0,1,
2026-04-15,15:02:50.430,7.60,100,100,97,0.006,22.15,54,0,8.17,-0.161,1.308,-2.58,60,0,169.10,-9.92,10,0.00,3.74,3.76,3.72,3.74,3.77,3.74,3.76,3.74,29.59,56.5,-30,-30,93.5,373,0,-373,778,21,0,1000,0,0,1,-1,0,1,1,-1,-1,-1,-1,-1,0,1,
2026-04-15,15:02:50.690,7.60,100,100,97,0.000,21.72,54,0,8.17,-0.201,1.207,-2.08,61,0,172.30,-10.61,10,0.00,3.74,3.76,3.72,3.74,3.77,3.74,3.75,3.74,29.58,56.3,-30,-30,93.7,377,0,-354,778,56,0,999,0,0,1,-1,0,1,1,-1,-1,-1,-1,-1,0,1,
2026-04-15,15:02:50.950,7.60,100,100,97,0.123,21.12,54,0,8.17,-0.178,1.050,-1.91,62,0,175.37,-10.54,10,0.00,3.74,3.76,3.72,3.74,3.77,3.74,3.75,3.74,29.58,56.3,-30,-30,90.9,381,0,-373,778,49,0,999,0,0,1,-1,0,1,1,-1,-1,-1,-1,-1,0,1,
2026-04-15,15:02:51.220,7.60,100,100,98,0.090,20.81,53,0,8.17,-0.181,1.048,-1.64,56,0,173.38,-10.84,10,0.00,3.74,3.76,3.72,3.74,3.77,3.74,3.75,3.74,29.57,56.4,-30,-30,87.8,385,0,-363,778,88,0,999,0,0,1,-1,0,1,1,-1,-1,-1,-1,-1,0,1,
2026-04-15,15:02:51.500,7.60,99,99,98,0.050,20.66,51,0,8.17,-0.145,1.260,-0.88,59,0,171.85,-11.27,10,0.00,3.74,3.76,3.71,3.74,3.77,3.74,3.75,3.74,29.57,56.4,-30,-30,92.0,390,0,-368,778,56,0,1000,0,0,1,-1,0,1,1,-1,-1,-1,-1,-1,0,1,
2026-04-15,15:02:51.770,7.59,99,99,98,0.026,19.99,49,0,8.17,-0.163,1.086,-1.50,62,0,172.10,-11.71,10,0.00,3.74,3.76,3.71,3.74,3.77,3.74,3.75,3.74,29.57,56.3,-30,-30,92.0,394,0,-326,778,56,0,1000,0,0,1,-1,0,1,1,-1,-1,-1,-1,-1,0,1,
2026-04-15,15:02:52.040,7.59,99,99,98,0.044,19.40,46,0,8.17,-0.095,1.256,-2.02,63,0,172.89,-13.31,10,0.00,3.74,3.76,3.71,3.74,3.77,3.74,3.75,3.73,29.57,56.3,-30,-30,91.7,398,0,-209,778,57,0,999,0,0,1,-1,0,1,1,-1,-1,-1,-1,-1,0,1,
2026-04-15,15:02:52.300,7.59,99,99,98,0.058,19.13,46,0,8.19,-0.123,1.006,-1.44,62,0,174.28,-13.10,10,0.00,3.74,3.76,3.71,3.74,3.77,3.74,3.75,3.73,29.57,56.2,-30,-30,91.7,402,0,-121,778,126,0,999,0,0,1,-1,0,1,1,-1,-1,-1,-1,-1,0,1,
2026-04-15,15:02:52.560,7.59,98,99,99,0.039,18.87,48,0,8.18,-0.083,0.760,-1.09,65,0,175.15,-11.75,10,0.00,3.74,3.76,3.71,3.74,3.77,3.74,3.75,3.73,29.57,56.7,-30,-30,88.9,406,0,-183,778,298,0,999,0,0,1,-1,0,1,1,-1,-1,-1,-1,-1,0,1,
2026-04-15,15:02:52.820,7.60,98,99,99,0.109,18.60,51,0,8.17,-0.159,1.074,-0.93,65,0,30.72,-10.40,10,0.00,3.74,3.76,3.71,3.74,3.77,3.73,3.75,3.73,29.56,56.7,-30,-30,90.4,411,0,-264,778,351,0,999,0,0,1,-1,0,1,1,-1,-1,-1,-1,-1,0,1,
2026-04-15,15:02:53.080,7.60,99,100,100,0.166,18.51,52,0,8.17,-0.061,0.627,-0.74,63,0,-176.17,-9.31,10,0.00,3.74,3.76,3.71,3.74,3.77,3.73,3.75,3.73,29.56,56.8,-30,-30,86.5,415,0,-243,780,344,0,999,0,0,1,-1,0,1,1,-1,-1,-1,-1,-1,0,1,
2026-04-15,15:02:53.360,7.60,97,100,100,0.172,18.50,51,0,8.17,-0.163,0.916,-0.09,63,0,-175.63,-9.60,10,0.00,3.74,3.76,3.71,3.74,3.77,3.73,3.75,3.73,29.55,56.8,-30,-30,91.1,419,0,-240,806,323,0,1000,0,0,1,-1,0,1,1,-1,-1,-1,-1,-1,0,1,
2026-04-15,15:02:53.630,7.60,96,100,100,0.109,18.17,50,0,8.17,-0.019,0.764,-0.78,63,0,-172.82,-9.61,10,0.00,3.74,3.75,3.71,3.74,3.77,3.73,3.75,3.73,29.50,59.2,-30,-30,89.3,423,0,-344,866,351,0,999,0,0,1,-1,0,1,1,-1,-1,-1,-1,-1,0,1,
2026-04-15,15:02:53.890,7.60,96,100,100,0.091,17.60,51,0,8.17,-0.064,1.086,-1.30,64,0,-171.00,-9.84,10,0.00,3.74,3.75,3.71,3.74,3.77,3.73,3.75,3.73,29.50,59.2,-30,-30,90.9,428,0,-288,870,462,0,999,0,0,1,-1,0,1,1,-1,-1,-1,-1,-1,0,1,
2026-04-15,15:02:54.160,7.60,98,100,100,0.103,17.01,54,0,8.17,-0.038,0.867,-1.89,63,0,-164.28,-12.00,10,0.00,3.74,3.75,3.71,3.74,3.76,3.72,3.75,3.73,29.43,65.6,-30,-30,89.3,432,0,-352,871,513,0,999,0,0,1,-1,0,1,1,-1,-1,-1,-1,-1,0,1,
2026-04-15,15:02:54.440,7.60,100,100,99,0.153,16.52,56,0,8.17,-0.186,1.274,-1.87,64,0,-159.73,-12.14,10,0.00,3.74,3.75,3.71,3.74,3.76,3.72,3.73,3.71,29.43,65.6,-30,-30,90.2,437,3,-452,874,478,0,999,0,0,1,-1,0,1,1,-1,-1,-1,-1,-1,0,1,
2026-04-15,15:02:54.700,7.60,100,100,99,0.138,16.40,57,0,8.17,-0.091,1.207,-1.09,56,0,-152.97,-13.74,10,0.00,3.71,3.73,3.71,3.74,3.76,3.72,3.73,3.71,29.38,65.2,-30,-30,90.2,442,0,-360,887,446,0,1000,0,0,1,-1,0,1,1,-1,-1,-1,-1,-1,0,1,
2026-04-15,15:02:54.960,7.60,100,100,99,0.187,16.08,57,0,8.17,-0.214,1.192,-0.87,60,0,-147.74,-16.80,10,0.00,3.71,3.73,3.69,3.72,3.76,3.72,3.73,3.71,29.38,65.2,-30,-30,93.7,447,0,-341,893,462,0,999,0,0,1,-1,0,1,1,-1,-1,-1,-1,-1,0,1,
2026-04-15,15:02:55.230,7.60,100,100,98,0.181,15.82,56,0,8.17,-0.151,1.028,-1.08,63,0,-146.44,-16.90,10,0.00,3.71,3.73,3.69,3.72,3.73,3.70,3.73,3.71,29.32,67.3,-30,-30,90.4,452,34,-367,890,430,0,999,0,0,1,-1,0,1,1,-1,-1,-1,-1,-1,0,1,
2026-04-15,15:02:55.500,7.61,100,100,98,0.180,15.79,57,0,8.15,-0.211,1.090,-0.22,60,0,-144.75,-16.23,10,0.00,3.71,3.73,3.69,3.72,3.73,3.70,3.72,3.69,29.32,67.3,-30,-30,90.2,457,242,-421,891,445,0,1000,0,0,1,-1,0,1,1,-1,-1,-1,-1,-1,0,1,
2026-04-15,15:02:55.770,7.60,100,100,98,0.145,15.84,59,0,8.16,-0.274,1.274,0.00,62,0,-143.47,-15.63,10,0.00,3.71,3.73,3.69,3.72,3.73,3.70,3.72,3.69,29.27,67.0,-30,-30,87.4,462,309,-463,892,517,0,999,0,0,1,-1,0,1,1,-1,-1,-1,-1,-1,0,1,
2026-04-15,15:02:56.040,7.60,100,100,98,0.119,16.17,59,0,8.17,-0.170,1.120,0.61,60,0,-138.86,-14.51,10,0.00,3.69,3.71,3.69,3.72,3.73,3.70,3.72,3.69,29.27,67.0,-30,-30,86.5,467,304,-493,892,451,0,999,0,0,1,-1,0,1,1,-1,-1,-1,-1,-1,0,1,
2026-04-15,15:02:56.310,7.61,99,99,98,0.079,16.22,57,0,8.17,-0.314,1.233,0.52,62,0,-136.77,-12.56,10,0.00,3.69,3.71,3.69,3.72,3.73,3.70,3.72,3.69,29.23,67.2,-30,-30,86.1,472,288,-505,892,316,0,999,0,0,1,-1,0,1,1,-1,-1,-1,-1,-1,0,1,
2026-04-15,15:02:56.580,7.60,99,99,98,0.048,16.45,56,0,8.12,-0.267,1.233,0.52,63,0,-134.28,-11.87,10,0.00,3.69,3.71,3.69,3.72,3.72,3.69,3.72,3.69,29.23,67.7,-30,-30,85.2,477,110,-718,891,0,0,999,0,0,1,-1,0,1,1,-1,-1,-1,-1,-1,0,1,
2026-04-15,15:02:56.840,7.60,99,99,98,0.025,16.85,56,0,8.13,-0.371,1.744,1.06,66,0,-131.50,-12.16,10,0.00,3.69,3.71,3.69,3.72,3.72,3.69,3.71,3.68,29.19,67.7,-30,-30,82.8,482,148,-666,893,118,0,1000,0,0,1,-1,0,1,1,-1,-1,-1,-1,-1,0,1,
2026-04-15,15:02:57.110,7.60,100,100,98,0.010,16.99,57,0,8.15,-0.442,1.748,0.84,65,0,-127.64,-14.89,10,0.00,3.68,3.70,3.69,3.72,3.72,3.69,3.71,3.68,29.08,71.7,-30,-30,82.8,487,304,-642,979,83,0,999,0,0,1,-1,0,1,1,-1,-1,-1,-1,-1,0,1,
2026-04-15,15:02:57.370,7.60,100,100,98,0.099,17.32,57,0,8.13,-0.401,1.403,0.82,63,0,-126.37,-15.09,10,0.00,3.68,3.70,3.66,3.69,3.72,3.69,3.71,3.68,29.08,71.7,-30,-30,83.7,492,62,-592,981,0,0,1000,0,0,1,-1,0,1,1,-1,-1,-1,-1,-1,0,1,
2026-04-15,15:02:57.630,7.60,100,100,98,0.078,18.09,53,0,8.13,-0.534,1.698,1.77,62,0,-128.09,-18.92,10,0.00,3.68,3.70,3.66,3.69,3.70,3.67,3.71,3.68,28.99,77.4,-30,-30,80.7,497,150,-493,980,265,0,1000,0,0,1,-1,0,1,1,-1,-1,-1,-1,-1,0,1,
2026-04-15,15:02:57.890,7.60,100,100,98,0.112,18.90,53,0,8.13,-0.420,1.407,2.60,61,0,-127.34,-19.55,10,0.00,3.68,3.70,3.66,3.69,3.70,3.67,3.68,3.66,28.99,77.4,-30,-30,77.2,503,146,-524,979,228,0,999,0,0,1,-1,0,1,1,-1,-1,-1,-1,-1,0,1,
2026-04-15,15:02:58.160,7.60,100,100,98,0.225,21.36,54,0,8.13,-0.414,1.203,4.18,59,0,-138.48,-20.33,10,0.00,3.68,3.70,3.66,3.69,3.70,3.67,3.68,3.66,28.91,77.2,-30,-30,77.4,509,172,-444,978,476,0,999,0,0,1,-1,0,1,1,-1,-1,-1,-1,-1,0,1,
2026-04-15,15:02:58.420,7.60,100,100,99,0.258,22.56,55,0,8.15,-0.251,0.108,4.56,56,0,-147.53,-17.71,10,0.00,3.65,3.67,3.66,3.69,3.70,3.67,3.68,3.66,28.91,77.2,-30,-30,76.1,514,260,-451,980,588,0,999,0,0,1,-1,0,1,1,-1,-1,-1,-1,-1,0,1,
2026-04-15,15:02:58.680,7.60,100,100,99,0.168,23.46,54,0,8.16,-0.215,0.433,3.58,56,0,-150.65,-12.69,10,0.00,3.65,3.67,3.63,3.67,3.70,3.67,3.68,3.66,28.83,77.1,-30,-30,78.2,520,260,-527,978,512,0,999,0,0,1,-1,0,1,1,-1,-1,-1,-1,-1,0,1,
2026-04-15,15:02:58.940,7.60,100,100,99,0.022,24.38,49,0,8.16,-0.395,1.544,3.34,59,0,-146.95,-12.14,10,0.00,3.65,3.67,3.63,3.67,3.67,3.65,3.68,3.66,28.83,77.1,-30,-30,78.2,525,214,-579,979,427,0,999,0,0,1,-1,0,1,1,-1,-1,-1,-1,-1,0,1,
2026-04-15,15:02:59.200,7.60,97,100,100,0.031,25.42,46,0,8.14,-0.399,1.377,3.43,60,0,-131.10,-12.21,10,0.00,3.65,3.67,3.63,3.67,3.67,3.65,3.66,3.64,28.78,76.5,-30,-30,74.3,531,189,-569,978,366,0,1000,0,0,1,-1,0,1,1,-1,-1,-1,-1,-1,0,1,
2026-04-15,15:02:59.470,7.60,96,100,100,0.119,26.67,44,0,8.16,-0.347,1.206,3.86,60,0,-122.11,-12.35,10,0.00,3.65,3.67,3.63,3.67,3.67,3.65,3.66,3.64,28.78,76.5,-30,-30,74.8,537,142,-563,979,252,0,1000,0,0,1,-1,0,1,1,-1,-1,-1,-1,-1,0,1,
2026-04-15,15:02:59.730,7.61,96,99,99,0.204,28.23,46,0,8.14,-0.455,1.050,4.79,60,0,-123.07,-13.02,10,0.00,3.65,3.67,3.62,3.66,3.67,3.65,3.66,3.64,28.73,77.3,-30,-30,73.5,542,116,-558,980,182,0,999,0,0,1,-1,0,1,1,-1,-1,-1,-1,-1,0,1,
2026-04-15,15:03:00.010,7.60,99,99,99,0.100,29.55,47,0,8.16,-0.316,1.001,4.82,60,0,-135.19,-15.14,10,0.00,3.65,3.67,3.62,3.66,3.67,3.64,3.66,3.64,28.73,77.3,-30,-30,73.5,548,114,-531,979,324,0,999,0,0,1,-1,0,1,1,-1,-1,-1,-1,-1,0,1,
2026-04-15,15:03:00.270,7.60,100,100,99,0.106,30.52,48,0,8.17,-0.416,1.095,4.13,59,0,-137.75,-16.21,10,0.00,3.65,3.67,3.62,3.66,3.67,3.64,3.65,3.63,28.69,77.2,-30,-30,70.6,554,143,-509,980,371,0,1000,0,0,1,-1,0,1,1,-1,-1,-1,-1,-1,0,1,
2026-04-15,15:03:00.540,7.60,100,100,99,0.136,31.21,48,0,8.17,-0.403,1.075,2.96,61,0,-133.48,-17.52,10,0.00,3.65,3.67,3.62,3.66,3.67,3.64,3.65,3.63,28.69,77.2,-30,-30,71.3,560,144,-514,979,291,0,999,0,0,1,-1,0,1,1,-1,-1,-1,-1,-1,0,1,
2026-04-15,15:03:00.810,7.60,99,99,99,0.200,32.15,48,0,8.17,-0.505,1.332,3.04,62,0,-138.18,-19.42,10,0.00,3.63,3.65,3.62,3.66,3.67,3.64,3.65,3.63,28.65,77.5,-30,-30,74.1,565,142,-458,980,343,0,999,0,0,1,-1,0,1,1,-1,-1,-1,-1,-1,0,1,
2026-04-15,15:03:01.090,7.61,99,99,99,0.185,34.18,47,0,8.17,-0.419,1.019,3.34,63,0,-143.96,-19.97,10,0.00,3.63,3.65,3.62,3.65,3.67,3.64,3.65,3.63,28.65,77.1,-30,-30,72.4,572,147,-400,979,593,0,999,0,0,1,-1,0,1,1,-1,-1,-1,-1,-1,0,1,
2026-04-15,15:03:01.370,7.61,99,99,99,0.185,35.14,46,0,8.17,-0.419,0.970,3.42,63,0,-150.36,-17.84,10,0.00,3.63,3.65,3.62,3.65,3.66,3.63,3.65,3.63,28.62,77.1,-30,-30,71.1,577,229,-446,980,663,0,999,0,0,1,-1,0,1,1,-1,-1,-1,-1,-1,0,1,
2026-04-15,15:03:01.630,7.61,98,99,99,0.178,35.99,45,0,8.17,-0.413,0.764,3.17,64,0,-150.24,-16.85,10,0.00,3.63,3.65,3.62,3.65,3.66,3.63,3.65,3.62,28.59,76.7,-30,-30,72.2,583,231,-505,980,620,0,999,0,0,1,-1,0,1,1,-1,-1,-1,-1,-1,0,1,
2026-04-15,15:03:01.890,7.60,89,99,99,0.167,36.79,43,0,8.17,-0.418,0.789,2.93,64,0,-150.24,-16.85,10,0.00,3.63,3.64,3.62,3.65,3.66,3.63,3.65,3.62,28.59,76.7,-30,-30,72.2,589,285,-474,981,649,0,1000,0,0,1,-1,0,1,1,-1,-1,-1,-1,-1,0,1,
2026-04-15,15:03:02.150,7.61,80,99,99,0.145,37.45,41,0,8.17,-0.432,0.963,2.55,65,0,-147.10,-16.99,10,0.00,3.63,3.64,3.61,3.65,3.66,3.63,3.65,3.62,28.57,77.0,-30,-30,70.2,594,307,-509,981,573,0,999,0,0,1,-1,0,1,1,-1,-1,-1,-1,-1,0,1,
2026-04-15,15:03:02.420,7.60,82,99,99,0.158,38.27,40,0,8.17,-0.395,0.708,2.66,64,0,-144.74,-17.54,10,0.00,3.63,3.64,3.61,3.65,3.66,3.62,3.65,3.62,28.57,77.0,-30,-30,71.9,600,343,-492,981,178,0,999,0,0,1,-1,0,1,1,-1,-1,-1,-1,-1,0,1,
2026-04-15,15:03:02.700,7.60,92,99,99,0.197,38.84,41,0,8.17,-0.369,1.063,2.31,61,0,-144.11,-18.78,10,0.00,3.63,3.64,3.61,3.65,3.66,3.62,3.64,3.61,28.55,77.5,-30,-30,71.3,606,344,-446,982,123,0,999,0,0,1,-1,0,1,1,-1,-1,-1,-1,-1,0,1,
2026-04-15,15:03:02.970,7.61,100,100,99,0.053,39.46,43,0,8.17,-0.410,1.256,2.20,61,0,-144.99,-17.37,10,0.00,3.63,3.64,3.61,3.65,3.66,3.62,3.64,3.61,28.55,77.5,-30,-30,74.1,612,340,-332,980,53,0,999,0,0,1,-1,0,1,1,-1,-1,-1,-1,-1,0,1,
2026-04-15,15:03:03.230,7.61,100,100,99,0.069,39.77,43,0,8.17,-0.381,0.942,1.76,62,0,-142.52,-15.57,10,0.00,3.62,3.63,3.61,3.65,3.66,3.62,3.64,3.61,28.53,77.0,-30,-30,76.1,617,329,-408,980,32,0,999,0,0,1,-1,0,1,1,-1,-1,-1,-1,-1,0,1,
2026-04-15,15:03:03.500,7.60,100,100,99,-0.012,39.39,43,0,8.15,-0.347,1.159,-0.58,63,0,-142.86,-14.12,10,0.00,3.62,3.63,3.60,3.64,3.66,3.62,3.64,3.61,28.53,77.0,-30,-30,82.0,623,315,-554,979,0,0,999,0,0,1,-1,0,1,1,-1,-1,-1,-1,-1,0,1,
2026-04-15,15:03:03.770,7.60,97,100,100,-0.011,39.57,43,0,8.12,-0.297,1.312,-0.04,62,0,-136.98,-15.72,10,0.00,3.62,3.63,3.60,3.64,3.65,3.62,3.64,3.61,28.53,77.0,-30,-30,81.1,629,183,-554,979,0,0,999,0,0,1,-1,0,1,1,-1,-1,-1,-1,-1,0,1,
2026-04-15,15:03:04.040,7.61,96,100,100,0.044,39.59,44,0,8.09,-0.415,1.564,0.13,61,0,-134.54,-17.22,10,0.00,3.62,3.63,3.60,3.64,3.65,3.62,3.64,3.61,28.53,77.0,-30,-30,78.9,635,45,-582,979,-25,0,999,0,0,1,-1,0,1,1,-1,-1,-1,-1,-1,0,1,
2026-04-15,15:03:04.300,7.60,90,100,100,0.124,39.83,42,0,8.10,-0.385,1.267,0.45,61,0,-136.94,-19.54,10,0.00,3.62,3.63,3.60,3.64,3.65,3.62,3.64,3.61,28.52,75.9,-30,-30,78.9,640,31,-522,978,0,0,999,0,0,1,-1,0,1,1,-1,-1,-1,-1,-1,0,1,
2026-04-15,15:03:04.570,7.61,89,100,100,0.161,40.06,42,0,8.13,-0.278,0.874,0.79,58,0,-143.20,-21.29,10,0.00,3.62,3.63,3.60,3.64,3.65,3.62,3.64,3.61,28.52,76.7,-30,-30,75.6,646,25,-568,978,27,0,999,0,0,1,-1,0,1,1,-1,-1,-1,-1,-1,0,1,
2026-04-15,15:03:04.830,7.61,89,100,100,0.144,39.90,41,0,8.10,-0.268,1.445,0.04,53,0,-143.20,-21.29,10,0.00,3.62,3.63,3.60,3.64,3.65,3.62,3.64,3.61,28.51,76.7,-30,-30,76.9,651,206,-580,979,293,0,1000,0,0,1,-1,0,1,1,-1,-1,-1,-1,-1,0,1,
2026-04-15,15:03:05.100,7.61,87,100,100,0.081,39.71,42,0,8.11,-0.296,1.312,-0.39,50,0,-158.28,-27.27,10,0.00,3.62,3.63,3.60,3.64,3.65,3.62,3.64,3.61,28.51,76.7,-30,-30,81.1,657,249,-553,979,333,0,999,0,0,1,-1,0,1,1,-1,-1,-1,-1,-1,0,1,
2026-04-15,15:03:05.370,7.61,86,100,100,0.058,39.42,40,0,8.14,-0.319,1.297,-0.68,48,0,-158.75,-27.81,10,0.00,3.62,3.63,3.60,3.64,3.65,3.62,3.64,3.61,28.50,75.9,-30,-30,81.7,663,247,-541,980,403,0,1000,0,0,1,-1,0,1,1,-1,-1,-1,-1,-1,0,1,
2026-04-15,15:03:05.640,7.60,84,99,99,0.061,38.94,39,0,8.16,-0.422,1.379,-1.36,43,0,-152.14,-30.76,10,0.00,3.61,3.63,3.60,3.64,3.65,3.62,3.64,3.61,28.49,75.7,-30,-30,80.9,669,265,-534,980,406,0,999,0,0,1,-1,0,1,1,-1,-1,-1,-1,-1,0,1,
2026-04-15,15:03:05.910,7.61,84,99,99,0.085,38.94,39,0,8.16,-0.283,1.290,-1.06,40,0,-148.03,-32.08,10,0.00,3.61,3.63,3.60,3.64,3.65,3.62,3.64,3.61,28.49,75.7,-30,-30,78.2,674,277,-515,982,412,0,1000,0,0,1,-1,0,1,1,-1,-1,-1,-1,-1,0,1,
2026-04-15,15:03:06.170,7.60,83,98,98,0.074,39.11,38,0,8.15,-0.456,1.560,0.39,40,0,-141.46,-34.72,10,0.00,3.61,3.63,3.60,3.64,3.65,3.61,3.64,3.61,28.49,76.2,-30,-30,83.2,680,279,-487,980,414,0,999,0,0,1,-1,0,1,1,-1,-1,-1,-1,-1,0,1,
2026-04-15,15:03:06.430,7.61,79,97,97,0.077,39.34,39,0,8.16,-0.456,1.319,0.60,42,0,-137.58,-34.75,10,0.00,3.61,3.63,3.60,3.64,3.65,3.61,3.64,3.60,28.49,76.2,-30,-30,83.2,685,256,-483,953,385,0,999,0,0,1,-1,0,1,1,-1,-1,-1,-1,-1,0,1,
2026-04-15,15:03:06.700,7.60,83,96,96,0.055,39.70,39,0,8.17,-0.168,1.043,0.97,42,0,-129.40,-33.94,10,0.00,3.61,3.63,3.60,3.64,3.65,3.61,3.64,3.60,28.60,76.2,-30,-30,80.9,691,257,-473,771,312,0,999,0,0,1,-1,0,1,1,-1,-1,-1,-1,-1,0,1,
2026-04-15,15:03:06.960,7.61,85,96,96,0.049,40.08,40,0,8.17,-0.275,1.451,1.10,43,0,-121.45,-32.47,10,0.00,3.61,3.63,3.61,3.64,3.65,3.61,3.64,3.60,28.60,76.2,-30,-30,81.7,696,225,-457,768,129,0,1000,0,0,1,-1,0,1,1,-1,-1,-1,-1,-1,0,1,
2026-04-15,15:03:07.220,7.60,87,96,96,0.120,41.00,40,0,8.17,-0.288,1.274,2.22,42,0,-121.89,-31.46,10,0.00,3.61,3.63,3.61,3.64,3.67,3.63,3.64,3.60,28.70,55.5,-30,-30,79.3,701,156,-430,772,0,0,999,0,0,1,-1,0,1,1,-1,-1,-1,-1,-1,0,1,
2026-04-15,15:03:07.480,7.61,83,96,96,0.115,41.80,40,0,8.12,-0.147,1.047,2.79,43,0,-131.23,-27.69,10,0.00,3.61,3.63,3.61,3.64,3.67,3.63,3.67,3.64,28.70,55.5,-30,-30,81.1,705,123,-396,780,0,0,999,0,0,1,-1,0,1,1,-1,-1,-1,-1,-1,0,1,
2026-04-15,15:03:07.740,7.60,82,96,96,0.103,42.33,40,0,8.15,-0.207,0.919,2.23,44,0,-135.08,-25.96,10,0.00,3.61,3.63,3.61,3.64,3.67,3.63,3.67,3.64,28.79,56.8,-30,-30,76.7,709,120,-425,781,35,0,999,0,0,1,-1,0,1,1,-1,-1,-1,-1,-1,0,1,
2026-04-15,15:03:08.010,7.60,84,95,95,0.042,42.67,40,0,8.16,-0.260,1.095,1.63,49,0,-139.01,-23.00,10,0.00,3.66,3.68,3.61,3.64,3.67,3.63,3.67,3.64,28.79,56.8,-30,-30,78.5,714,128,-490,781,158,0,999,0,0,1,-1,0,1,1,-1,-1,-1,-1,-1,0,1,
2026-04-15,15:03:08.270,7.61,89,95,95,0.062,42.82,41,0,8.17,-0.354,1.453,1.07,53,0,-138.36,-23.23,10,0.00,3.66,3.68,3.65,3.68,3.67,3.63,3.67,3.64,28.85,56.8,-30,-30,80.2,718,128,-495,779,107,0,1000,0,0,1,-1,0,1,1,-1,-1,-1,-1,-1,0,1,
2026-04-15,15:03:08.530,7.60,94,95,95,0.097,42.85,41,0,8.17,-0.169,0.844,0.44,55,0,-138.46,-23.61,10,0.00,3.66,3.68,3.65,3.68,3.69,3.67,3.67,3.64,28.85,56.8,-30,-30,80.2,722,120,-482,779,64,0,1000,0,0,1,-1,0,1,1,-1,-1,-1,-1,-1,0,1,
2026-04-15,15:03:08.790,7.60,93,95,95,0.061,42.87,42,0,8.17,-0.207,1.193,0.14,57,0,-138.73,-25.31,10,0.00,3.66,3.68,3.65,3.68,3.69,3.67,3.68,3.66,28.91,56.7,-30,-30,79.6,726,102,-476,771,33,0,999,0,0,1,-1,0,1,1,-1,-1,-1,-1,-1,0,1,
2026-04-15,15:03:09.050,7.60,92,95,95,0.049,43.12,42,0,8.17,-0.295,1.060,0.56,58,0,-139.43,-25.93,10,0.00,3.66,3.69,3.65,3.68,3.69,3.67,3.68,3.66,28.91,56.7,-30,-30,75.0,730,112,-461,706,23,0,999,0,0,1,-1,0,1,1,-1,-1,-1,-1,-1,0,1,
2026-04-15,15:03:09.310,7.60,91,95,95,0.088,43.61,43,0,8.17,-0.305,1.151,0.71,60,0,-142.22,-26.99,10,0.00,3.66,3.69,3.65,3.69,3.69,3.67,3.68,3.66,28.98,54.4,-30,-30,73.5,734,108,-445,702,0,0,999,0,0,1,-1,0,1,1,-1,-1,-1,-1,-1,0,1,
2026-04-15,15:03:09.580,7.60,93,96,96,0.092,44.02,44,0,8.17,-0.269,1.093,1.19,61,0,-145.65,-28.14,10,0.00,3.66,3.69,3.65,3.69,3.69,3.67,3.68,3.66,28.98,54.4,-30,-30,72.6,738,97,-416,702,0,0,1000,0,0,1,-1,0,1,1,-1,-1,-1,-1,-1,0,1,
2026-04-15,15:03:09.850,7.60,96,96,96,0.081,44.41,45,0,8.17,-0.256,1.093,1.32,63,0,-148.79,-28.08,10,0.00,3.66,3.69,3.65,3.69,3.70,3.67,3.68,3.66,29.05,50.8,-30,-30,71.1,742,80,-397,704,0,0,1000,0,0,1,-1,0,1,1,-1,-1,-1,-1,-1,0,1,
2026-04-15,15:03:10.110,7.60,98,98,97,0.111,44.70,47,0,8.17,-0.365,1.031,1.14,64,0,-155.66,-27.32,10,0.00,3.66,3.69,3.65,3.69,3.70,3.67,3.70,3.67,29.10,51.3,-30,-30,70.2,745,114,-399,705,97,0,999,0,0,1,-1,0,1,1,-1,-1,-1,-1,-1,0,1,
2026-04-15,15:03:10.370,7.60,100,100,98,0.096,45.05,47,0,8.17,-0.325,1.115,1.19,66,0,-159.22,-27.40,10,0.00,3.68,3.70,3.65,3.69,3.70,3.67,3.70,3.67,29.10,51.3,-30,-30,72.4,749,157,-398,704,175,0,999,0,0,1,-1,0,1,1,-1,-1,-1,-1,-1,0,1,
2026-04-15,15:03:10.630,7.60,100,100,99,0.086,45.09,49,0,8.17,-0.345,0.879,0.60,68,0,-160.04,-27.02,10,0.00,3.68,3.70,3.67,3.70,3.70,3.67,3.70,3.67,29.13,51.2,-30,-30,71.1,753,173,-411,705,195,0,999,0,0,1,-1,0,1,1,-1,-1,-1,-1,-1,0,1,
2026-04-15,15:03:10.900,7.60,100,100,99,0.096,45.50,49,0,8.15,-0.375,1.109,0.89,69,0,-161.52,-26.54,10,0.00,3.68,3.70,3.67,3.70,3.71,3.68,3.70,3.67,29.13,51.2,-30,-30,71.1,757,228,-425,706,308,0,1000,0,0,1,-1,0,1,1,-1,-1,-1,-1,-1,0,1,
2026-04-15,15:03:11.170,7.60,100,100,99,0.046,45.93,50,0,8.16,-0.317,1.251,1.39,70,0,-164.25,-26.98,10,0.00,3.68,3.70,3.67,3.70,3.71,3.68,3.70,3.68,29.17,50.8,-30,-30,74.6,761,234,-395,707,422,0,1000,0,0,1,-1,0,1,1,-1,-1,-1,-1,-1,0,1,
2026-04-15,15:03:11.430,7.60,100,100,99,0.061,46.14,51,0,8.14,-0.320,1.098,0.98,71,0,-157.06,-26.63,10,0.00,3.69,3.70,3.67,3.70,3.71,3.68,3.70,3.68,29.17,50.8,-30,-30,73.2,764,298,-383,705,461,0,999,0,0,1,-1,0,1,1,-1,-1,-1,-1,-1,0,1,
2026-04-15,15:03:11.690,7.60,100,100,99,0.033,46.49,51,0,8.13,-0.384,1.275,1.02,72,0,-155.70,-26.74,10,0.00,3.69,3.70,3.68,3.70,3.71,3.68,3.70,3.68,29.18,50.9,-30,-30,75.6,768,144,-432,704,81,0,999,0,0,1,-1,0,1,1,-1,-1,-1,-1,-1,0,1,
2026-04-15,15:03:11.950,7.60,98,100,100,0.104,46.81,50,0,8.11,-0.300,1.296,1.21,72,0,-153.55,-26.16,10,0.00,3.69,3.70,3.68,3.70,3.71,3.68,3.70,3.68,29.18,50.9,-30,-30,75.9,772,36,-404,702,105,0,999,0,0,1,-1,0,1,1,-1,-1,-1,-1,-1,0,1,
2026-04-15,15:03:12.220,7.60,98,100,100,0.123,48.34,50,0,8.14,-0.331,1.100,2.49,73,0,-156.89,-26.29,10,0.00,3.69,3.70,3.68,3.70,3.72,3.69,3.70,3.68,29.21,50.3,-30,-30,73.2,775,55,-386,702,301,0,999,0,0,1,-1,0,1,1,-1,-1,-1,-1,-1,0,1,
2026-04-15,15:03:12.490,7.61,98,100,100,0.117,48.87,51,0,8.16,-0.237,0.926,2.02,73,0,-158.97,-25.68,10,0.00,3.69,3.70,3.68,3.70,3.72,3.69,3.71,3.68,29.21,50.3,-30,-30,73.2,779,0,-352,702,347,0,999,0,0,1,-1,0,1,1,-1,-1,-1,-1,-1,0,1,
2026-04-15,15:03:12.750,7.60,100,100,100,0.113,49.54,52,0,8.16,-0.267,0.940,2.19,74,0,-157.83,-26.26,10,0.00,3.69,3.70,3.68,3.70,3.72,3.69,3.71,3.68,29.22,50.6,-30,-30,73.2,783,0,-461,703,157,0,1000,0,0,1,-1,0,1,1,-1,-1,-1,-1,-1,0,1,
2026-04-15,15:03:13.020,7.61,100,100,100,0.120,50.22,53,0,8.17,-0.165,0.948,2.36,74,0,-159.55,-25.96,10,0.00,3.69,3.70,3.68,3.70,3.72,3.69,3.71,3.68,29.22,50.6,-30,-30,71.9,787,0,-361,703,148,0,999,0,0,1,-1,0,1,1,-1,-1,-1,-1,-1,0,1,
2026-04-15,15:03:13.280,7.60,100,100,100,0.135,50.79,55,0,8.17,-0.267,0.934,2.13,73,0,-165.85,-25.58,10,0.00,3.69,3.70,3.68,3.70,3.72,3.69,3.71,3.68,29.23,50.7,-30,-30,71.9,790,0,-329,703,134,0,1000,0,0,1,-1,0,1,1,-1,-1,-1,-1,-1,0,1,
2026-04-15,15:03:13.540,7.60,100,100,100,0.136,51.34,56,0,8.17,-0.291,0.892,2.04,73,0,-169.14,-24.73,10,0.00,3.69,3.70,3.68,3.70,3.72,3.69,3.71,3.68,29.23,50.7,-30,-30,70.7,794,0,5,703,391,0,999,0,0,1,-1,0,1,1,-1,-1,-1,-1,-1,0,1,
2026-04-15,15:03:13.810,7.60,100,100,100,0.160,51.82,56,0,8.17,-0.211,0.625,1.79,73,0,-173.07,-21.42,10,0.00,3.69,3.70,3.68,3.70,3.72,3.69,3.71,3.68,29.24,50.7,-30,-30,69.3,798,0,-133,703,440,0,1000,0,0,1,-1,0,1,1,-1,-1,-1,-1,-1,0,1,
2026-04-15,15:03:14.070,7.60,100,100,100,0.165,51.82,56,0,8.17,-0.243,0.666,1.59,73,0,-172.29,-17.48,10,0.00,3.69,3.70,3.68,3.70,3.72,3.69,3.71,3.68,29.24,50.7,-30,-30,72.2,801,0,-248,703,497,0,999,0,0,1,-1,0,1,1,-1,-1,-1,-1,-1,0,1,
2026-04-15,15:03:14.340,7.60,100,100,100,0.175,52.43,55,0,8.17,-0.245,0.725,1.11,71,0,-170.54,-16.84,10,0.00,3.69,3.70,3.68,3.70,3.72,3.69,3.71,3.68,29.25,50.9,-30,-30,73.0,805,0,-253,703,442,0,999,0,0,1,-1,0,1,1,-1,-1,-1,-1,-1,0,1,
2026-04-15,15:03:14.600,7.60,100,100,100,0.163,52.56,54,0,8.17,-0.246,0.742,0.67,71,0,-169.58,-14.70,10,0.00,3.69,3.70,3.68,3.70,3.71,3.69,3.71,3.68,29.25,50.6,-30,-30,73.5,809,0,-269,703,342,0,999,0,0,1,-1,0,1,1,-1,-1,-1,-1,-1,0,1,
2026-04-15,15:03:14.860,7.60,100,100,100,0.168,52.71,54,0,8.17,-0.206,0.749,0.59,71,0,-169.45,-13.80,10,0.00,3.69,3.70,3.68,3.70,3.71,3.69,3.71,3.68,29.26,50.6,-30,-30,74.1,813,0,-690,703,20,0,1000,0,0,1,-1,0,1,1,-1,-1,-1,-1,-1,0,1,
2026-04-15,15:03:15.120,7.60,100,100,100,0.124,52.49,54,0,8.14,-0.269,1.362,-0.31,69,0,-170.89,-13.74,10,0.00,3.69,3.70,3.68,3.70,3.71,3.69,3.71,3.68,29.26,50.6,-30,-30,74.1,816,0,-690,703,132,0,999,0,0,1,-1,0,1,1,-1,-1,-1,-1,-1,0,1,
2026-04-15,15:03:15.390,7.60,100,100,100,0.045,52.33,53,0,8.11,-0.330,1.555,-0.27,70,0,-94.99,-20.62,10,0.00,3.69,3.70,3.68,3.70,3.71,3.69,3.71,3.68,29.26,50.6,-30,-30,76.7,820,0,-685,703,407,0,999,0,0,1,-1,0,1,1,-1,-1,-1,-1,-1,0,1,
2026-04-15,15:03:15.660,7.60,100,100,100,0.044,51.84,52,0,8.14,-0.328,1.428,-1.14,69,0,176.56,-25.82,10,0.00,3.69,3.70,3.68,3.70,3.71,3.69,3.71,3.68,29.27,50.7,-30,-30,73.5,824,55,-536,704,466,0,999,0,0,1,-1,0,1,1,-1,-1,-1,-1,-1,0,1,
2026-04-15,15:03:15.920,7.60,99,100,100,0.098,51.66,52,0,8.12,-0.364,1.349,-1.09,67,0,178.60,-27.88,10,0.00,3.69,3.70,3.68,3.70,3.71,3.69,3.71,3.68,29.27,50.7,-30,-30,73.2,828,261,-435,700,433,0,999,0,0,1,-1,0,1,1,-1,-1,-1,-1,-1,0,1,
2026-04-15,15:03:16.190,7.60,96,100,100,0.118,52.26,52,0,8.14,-0.384,1.125,0.70,65,0,146.08,-29.96,10,0.00,3.69,3.70,3.68,3.70,3.71,3.69,3.71,3.68,29.26,50.7,-30,-30,68.7,831,410,-403,696,434,0,1000,0,0,1,-1,0,1,1,-1,-1,-1,-1,-1,0,1,
2026-04-15,15:03:16.470,7.59,94,100,100,0.049,52.79,52,0,8.12,-0.326,0.883,1.50,61,0,174.46,-27.04,10,0.00,3.69,3.70,3.68,3.70,3.71,3.69,3.71,3.68,29.26,50.7,-30,-30,71.1,835,481,-373,689,411,0,1000,0,0,1,-1,0,1,1,-1,-1,-1,-1,-1,0,1,
2026-04-15,15:03:16.740,7.59,95,99,99,0.021,53.31,52,0,8.15,-0.373,1.016,1.70,54,0,-172.48,-28.01,10,0.00,3.69,3.70,3.68,3.70,3.71,3.69,3.71,3.68,29.26,50.4,-30,-30,70.2,839,527,-388,688,409,0,1000,0,0,1,-1,0,1,1,-1,-1,-1,-1,-1,0,1,
2026-04-15,15:03:17.020,7.59,98,99,99,0.039,53.84,52,0,8.16,-0.351,1.044,1.78,54,0,-167.46,-27.93,10,0.00,3.69,3.70,3.68,3.70,3.71,3.69,3.71,3.68,29.26,50.4,-30,-30,69.1,843,552,-379,689,369,0,999,0,0,1,-1,0,1,1,-1,-1,-1,-1,-1,0,1,
2026-04-15,15:03:17.290,7.59,100,100,99,0.056,55.24,52,0,8.17,-0.359,0.997,2.02,58,0,-158.06,-26.09,10,0.00,3.69,3.70,3.68,3.70,3.71,3.69,3.71,3.68,29.26,50.0,-30,-30,67.6,847,548,-362,689,337,0,1000,0,0,1,-1,0,1,1,-1,-1,-1,-1,-1,0,1,
2026-04-15,15:03:17.560,7.59,100,100,99,0.038,56.02,53,0,8.17,-0.365,0.888,2.58,64,0,-155.52,-24.74,10,0.00,3.68,3.71,3.68,3.70,3.71,3.69,3.71,3.68,29.26,50.0,-30,-30,68.2,850,545,-314,689,278,0,999,0,0,1,-1,0,1,1,-1,-1,-1,-1,-1,0,1,
2026-04-15,15:03:17.840,7.59,100,100,99,0.024,56.69,54,0,8.17,-0.313,0.815,2.44,67,0,-151.42,-22.16,10,0.00,3.68,3.71,3.68,3.70,3.71,3.69,3.71,3.68,29.27,50.3,-30,-30,68.0,854,486,-192,688,0,0,999,0,0,1,-1,0,1,1,-1,-1,-1,-1,-1,0,1,
2026-04-15,15:03:18.100,7.59,100,100,99,0.025,57.28,55,0,8.15,-0.307,0.779,2.28,68,0,-146.46,-17.71,10,0.00,3.68,3.71,3.68,3.70,3.71,3.68,3.71,3.68,29.27,50.6,-30,-30,68.0,858,504,-377,690,213,0,999,0,0,1,-1,0,1,1,-1,-1,-1,-1,-1,0,1,
2026-04-15,15:03:18.370,7.59,100,100,99,0.025,57.60,56,0,8.16,-0.285,0.760,1.65,69,0,-142.42,-15.23,10,0.00,3.68,3.71,3.68,3.70,3.71,3.68,3.71,3.68,29.27,50.6,-30,-30,68.0,862,541,-378,704,162,0,1000,0,0,1,-1,0,1,1,-1,-1,-1,-1,-1,0,1,
2026-04-15,15:03:18.640,7.59,100,100,98,0.019,57.72,55,0,8.15,-0.338,0.916,0.86,69,0,-135.03,-12.84,10,0.00,3.68,3.70,3.68,3.70,3.71,3.68,3.71,3.68,29.25,51.3,-30,-30,68.5,866,474,-408,705,0,0,999,0,0,1,-1,0,1,1,-1,-1,-1,-1,-1,0,1,
2026-04-15,15:03:18.910,7.60,100,100,98,0.025,57.86,55,0,8.10,-0.325,1.043,0.65,70,0,-136.67,-11.69,10,0.00,3.68,3.70,3.68,3.70,3.71,3.68,3.71,3.68,29.25,51.3,-30,-30,70.0,869,189,-480,701,-175,0,1000,0,0,1,-1,0,1,1,-1,-1,-1,-1,-1,0,1,
2026-04-15,15:03:19.170,7.60,100,100,98,0.038,57.72,53,0,8.10,-0.305,1.087,0.08,70,0,-139.14,-11.38,10,0.00,3.68,3.70,3.68,3.70,3.71,3.68,3.71,3.68,29.25,50.7,-30,-30,70.6,873,0,-453,699,-237,0,999,0,0,1,-1,0,1,1,-1,-1,-1,-1,-1,0,1,
2026-04-15,15:03:19.430,7.60,97,98,98,0.038,57.33,51,0,8.13,-0.273,1.087,-0.78,70,0,-138.94,-11.28,10,0.00,3.68,3.70,3.68,3.70,3.71,3.68,3.71,3.68,29.25,50.7,-30,-30,72.6,877,26,-449,701,-245,0,999,0,0,1,-1,0,1,1,-1,-1,-1,-1,-1,0,1,
2026-04-15,15:03:19.690,7.60,93,98,98,0.049,56.74,49,0,8.15,-0.249,1.087,-1.46,70,0,-139.97,-11.61,10,0.00,3.68,3.70,3.68,3.70,3.71,3.68,3.70,3.67,29.25,50.5,-30,-30,75.6,880,31,-455,702,-265,0,999,0,0,1,-1,0,1,1,-1,-1,-1,-1,-1,0,1,
2026-04-15,15:03:19.950,7.60,86,98,98,0.104,55.96,46,0,8.16,-0.213,1.097,-2.21,70,0,-145.05,-13.64,10,0.00,3.68,3.70,3.68,3.70,3.71,3.68,3.70,3.67,29.25,50.5,-30,-30,76.3,884,0,-481,700,-320,0,999,0,0,1,-1,0,1,1,-1,-1,-1,-1,-1,0,1,
2026-04-15,15:03:20.210,7.60,78,98,98,0.121,54.09,44,0,8.17,-0.248,1.102,-3.09,69,0,-149.63,-15.00,10,0.00,3.68,3.70,3.68,3.70,3.71,3.68,3.70,3.67,29.25,50.3,-30,-30,76.3,888,0,-437,698,-344,0,999,0,0,1,-1,0,1,1,-1,-1,-1,-1,-1,0,1,
2026-04-15,15:03:20.470,7.60,77,98,98,0.079,52.77,44,0,8.17,-0.196,1.270,-3.84,65,0,-160.73,-17.57,10,0.00,3.68,3.70,3.68,3.70,3.71,3.68,3.70,3.67,29.25,50.3,-30,-30,77.4,891,0,-301,676,-357,0,999,0,0,1,-1,0,1,1,-1,-1,-1,-1,-1,0,1,
2026-04-15,15:03:20.730,7.60,77,99,99,0.037,51.26,44,0,8.17,-0.118,0.975,-4.76,61,0,-164.59,-17.95,10,0.00,3.68,3.70,3.68,3.70,3.71,3.68,3.70,3.67,29.26,48.0,-30,-30,80.9,895,30,-168,674,-217,0,999,0,0,1,-1,0,1,1,-1,-1,-1,-1,-1,0,1,
2026-04-15,15:03:20.990,7.60,82,99,99,0.040,51.26,43,0,8.17,-0.179,0.933,-5.23,56,0,-167.44,-15.40,10,0.00,3.69,3.70,3.68,3.70,3.71,3.68,3.70,3.67,29.26,48.0,-30,-30,82.0,898,110,-161,674,-108,0,999,0,0,1,-1,0,1,1,-1,-1,-1,-1,-1,0,1,
2026-04-15,15:03:21.250,7.60,84,99,99,0.066,47.90,43,0,8.15,0.000,0.566,-5.70,57,0,-167.83,-13.51,10,0.00,3.69,3.70,3.68,3.70,3.71,3.68,3.70,3.67,29.28,47.1,-30,-30,82.8,902,121,-243,678,-193,0,999,0,0,1,-1,0,1,1,-1,-1,-1,-1,-1,0,1,
2026-04-15,15:03:21.510,7.60,91,99,99,0.080,46.48,44,0,8.16,-0.095,0.960,-5.47,60,0,-169.58,-14.19,10,0.00,3.69,3.70,3.68,3.70,3.71,3.68,3.70,3.67,29.28,47.1,-30,-30,83.2,905,117,-276,679,-233,0,1000,0,0,1,-1,0,1,1,-1,-1,-1,-1,-1,0,1,
2026-04-15,15:03:21.780,7.60,98,99,99,0.059,45.47,48,0,8.17,-0.104,0.941,-4.27,63,0,-174.32,-13.43,10,0.00,3.69,3.70,3.68,3.70,3.71,3.69,3.70,3.67,29.29,47.4,-30,-30,87.4,909,200,-339,680,-170,0,1000,0,0,1,-1,0,1,1,-1,-1,-1,-1,-1,0,1,
2026-04-15,15:03:22.040,7.60,100,100,98,0.008,43.77,50,0,8.15,-0.062,1.231,-4.89,63,0,-175.95,-13.34,10,0.00,3.69,3.70,3.68,3.70,3.71,3.69,3.71,3.68,29.29,47.4,-30,-30,87.4,912,262,-371,679,-138,0,999,0,0,1,-1,0,1,1,-1,-1,-1,-1,-1,0,1,
2026-04-15,15:03:22.320,7.60,100,100,98,-0.044,41.93,52,0,8.16,-0.118,1.402,-5.96,67,0,-173.37,-15.87,10,0.00,3.69,3.70,3.68,3.70,3.71,3.69,3.71,3.68,29.31,46.6,-30,-30,91.5,916,237,-358,680,-202,0,999,0,0,1,-1,0,1,1,-1,-1,-1,-1,-1,0,1,
2026-04-15,15:03:22.580,7.60,100,100,99,-0.078,41.93,54,0,8.17,-0.060,1.277,-5.49,70,0,-168.02,-16.96,10,0.00,3.69,3.70,3.69,3.71,3.71,3.69,3.71,3.68,29.31,46.6,-30,-30,90.9,919,235,-394,680,-211,0,999,0,0,1,-1,0,1,1,-1,-1,-1,-1,-1,0,1,
2026-04-15,15:03:22.840,7.60,100,100,98,-0.036,39.18,55,0,8.17,-0.012,1.237,-4.87,71,0,-165.20,-17.75,10,0.00,3.69,3.70,3.69,3.71,3.72,3.69,3.71,3.68,29.32,46.6,-30,-30,92.0,922,212,-454,707,-227,0,999,0,0,1,-1,0,1,1,-1,-1,-1,-1,-1,0,1,
2026-04-15,15:03:23.110,7.60,100,100,98,-0.061,36.38,56,0,8.17,-0.003,1.272,-4.86,64,0,-162.55,-20.86,10,0.00,3.69,3.70,3.69,3.71,3.72,3.69,3.71,3.68,29.32,48.5,-30,-30,93.5,926,209,-447,730,-213,0,999,0,0,1,-1,0,1,1,-1,-1,-1,-1,-1,0,1,
2026-04-15,15:03:23.390,7.60,100,100,97,-0.032,35.43,58,0,8.17,-0.198,1.396,-4.09,63,0,-157.54,-24.32,10,0.00,3.69,3.71,3.69,3.71,3.72,3.69,3.71,3.68,29.31,48.5,-30,-30,94.5,930,199,-405,735,-259,0,1000,0,0,1,-1,0,1,1,-1,-1,-1,-1,-1,0,1,
2026-04-15,15:03:23.650,7.60,100,100,97,-0.045,34.66,58,0,8.15,-0.167,1.535,-3.18,65,0,-155.69,-25.30,10,0.00,3.69,3.71,3.69,3.71,3.72,3.69,3.71,3.68,29.29,51.1,-30,-30,90.2,933,103,-293,735,-505,0,999,0,0,1,-1,0,1,1,-1,-1,-1,-1,-1,0,1,
2026-04-15,15:03:23.910,7.60,100,100,97,-0.027,33.90,59,0,8.14,-0.098,0.876,-2.84,64,0,-156.83,-25.50,10,0.00,3.69,3.71,3.68,3.70,3.72,3.69,3.71,3.68,29.29,51.1,-30,-30,88.2,937,0,-253,734,-586,0,999,0,0,1,-1,0,1,1,-1,-1,-1,-1,-1,0,1,
2026-04-15,15:03:24.180,7.60,100,100,97,0.010,33.16,58,0,8.16,-0.140,1.037,-2.64,57,0,-161.53,-24.65,10,0.00,3.69,3.71,3.68,3.70,3.71,3.68,3.71,3.68,29.27,51.6,-30,-30,88.9,941,-9,-271,733,-607,0,999,0,0,1,-1,0,1,1,-1,-1,-1,-1,-1,0,1,
2026-04-15,15:03:24.440,7.60,99,99,97,-0.028,32.83,56,0,8.16,-0.013,0.828,-1.97,55,0,-169.58,-24.52,10,0.00,3.69,3.71,3.68,3.70,3.71,3.68,3.70,3.67,29.27,51.6,-30,-30,86.5,945,-24,-260,733,-611,0,999,0,0,1,-1,0,1,1,-1,-1,-1,-1,-1,0,1,
2026-04-15,15:03:24.700,7.60,99,99,97,0.013,32.33,53,0,8.17,-0.073,1.049,-1.55,55,0,-173.80,-24.36,10,0.00,3.68,3.69,3.68,3.70,3.71,3.68,3.70,3.67,29.25,51.8,-30,-30,86.5,948,-60,-223,732,-621,0,999,0,0,1,-1,0,1,1,-1,-1,-1,-1,-1,0,1,
2026-04-15,15:03:24.960,7.61,99,99,97,-0.007,31.75,52,0,8.17,-0.145,1.107,-1.92,57,0,173.51,-24.51,10,0.00,3.68,3.69,3.67,3.69,3.71,3.68,3.70,3.67,29.25,51.8,-30,-30,90.2,952,-28,-352,733,-268,0,999,0,0,1,-1,0,1,1,-1,-1,-1,-1,-1,0,1,
2026-04-15,15:03:25.220,7.60,100,100,97,0.016,31.35,52,0,8.17,-0.144,1.324,-1.71,59,0,171.13,-25.14,10,0.00,3.68,3.69,3.67,3.69,3.70,3.68,3.70,3.67,29.23,50.9,-30,-30,89.1,956,0,-361,735,-159,0,999,0,0,1,-1,0,1,1,-1,-1,-1,-1,-1,0,1,
2026-04-15,15:03:25.480,7.60,100,100,97,0.066,31.20,53,0,8.17,-0.043,1.020,-1.03,61,0,169.84,-25.94,10,0.00,3.68,3.69,3.67,3.69,3.70,3.68,3.70,3.67,29.23,50.9,-30,-30,87.0,959,0,-152,736,0,0,999,0,0,1,-1,0,1,1,-1,-1,-1,-1,-1,0,1,
2026-04-15,15:03:25.750,7.60,100,100,97,0.113,31.05,53,0,8.17,-0.088,0.762,-0.61,64,0,168.88,-25.74,10,0.00,3.68,3.69,3.67,3.69,3.70,3.68,3.69,3.67,29.21,52.0,-30,-30,85.4,963,0,-167,734,0,0,1000,0,0,1,-1,0,1,1,-1,-1,-1,-1,-1,0,1,
2026-04-15,15:03:26.010,7.60,100,100,98,0.105,30.76,53,0,8.17,-0.171,0.678,-0.40,66,0,168.97,-22.09,10,0.00,3.67,3.69,3.67,3.69,3.70,3.68,3.69,3.67,29.21,52.0,-30,-30,85.6,967,0,-269,733,0,0,999,0,0,1,-1,0,1,1,-1,-1,-1,-1,-1,0,1,
2026-04-15,15:03:26.270,7.60,100,100,98,0.051,30.41,53,0,8.17,-0.172,1.020,-0.52,65,0,171.23,-22.26,10,0.00,3.67,3.69,3.67,3.69,3.70,3.68,3.69,3.67,29.19,51.7,-30,-30,83.7,971,31,-332,734,5,0,1000,0,0,1,-1,0,1,1,-1,-1,-1,-1,-1,0,1,
2026-04-15,15:03:26.530,7.60,100,100,98,0.035,30.46,53,0,8.17,-0.140,1.181,-0.39,66,0,172.65,-21.77,10,0.00,3.67,3.69,3.67,3.69,3.70,3.67,3.69,3.67,29.19,51.7,-30,-30,83.7,975,46,-349,732,31,0,1000,0,0,1,-1,0,1,1,-1,-1,-1,-1,-1,0,1,
2026-04-15,15:03:26.800,7.61,100,100,99,0.063,30.31,53,0,8.17,-0.217,1.284,-0.40,65,0,174.37,-22.33,10,0.00,3.67,3.69,3.67,3.69,3.70,3.67,3.69,3.66,29.18,51.5,-30,-30,85.2,978,43,-376,730,9,0,999,0,0,1,-1,0,1,1,-1,-1,-1,-1,-1,0,1,
2026-04-15,15:03:27.060,7.61,100,100,99,0.123,30.25,52,0,8.15,-0.115,1.113,-0.27,64,0,170.84,-22.80,10,0.00,3.67,3.69,3.67,3.69,3.70,3.67,3.69,3.66,29.18,51.5,-30,-30,85.0,982,32,-344,731,0,0,999,0,0,1,-1,0,1,1,-1,-1,-1,-1,-1,0,1,
2026-04-15,15:03:27.320,7.61,100,100,100,0.112,30.32,51,0,8.16,-0.053,0.945,-0.01,64,0,168.99,-22.63,10,0.00,3.67,3.69,3.66,3.69,3.70,3.67,3.69,3.66,29.17,51.5,-30,-30,85.2,986,20,-253,723,0,0,1000,0,0,1,-1,0,1,1,-1,-1,-1,-1,-1,0,1,
2026-04-15,15:03:27.580,7.60,99,100,100,0.050,30.21,49,0,8.17,-0.038,0.986,-0.16,64,0,170.76,-21.17,10,0.00,3.67,3.69,3.66,3.69,3.70,3.67,3.69,3.66,29.17,50.4,-30,-30,86.5,990,34,-337,708,22,0,999,0,0,1,-1,0,1,1,-1,-1,-1,-1,-1,0,1,
2026-04-15,15:03:27.840,7.61,99,100,100,0.026,29.87,48,0,8.17,-0.120,1.032,-0.68,62,0,173.10,-20.24,10,0.00,3.67,3.69,3.66,3.69,3.69,3.67,3.69,3.66,29.18,50.4,-30,-30,88.3,993,0,-317,707,-133,0,1000,0,0,1,-1,0,1,1,-1,-1,-1,-1,-1,0,1,
2026-04-15,15:03:28.120,7.60,98,100,100,0.013,29.76,48,0,8.11,-0.175,1.192,-0.72,61,0,178.32,-22.05,10,0.00,3.67,3.69,3.66,3.69,3.69,3.67,3.69,3.66,29.18,49.0,-30,-30,87.4,997,-324,-215,693,-810,0,999,0,0,1,-1,0,1,1,-1,-1,-1,-1,-1,0,1,
2026-04-15,15:03:28.380,7.60,98,100,100,-0.009,30.00,46,0,8.14,-0.064,0.821,0.15,60,0,165.56,-21.64,10,0.00,3.67,3.69,3.66,3.69,3.69,3.67,3.69,3.66,29.18,49.0,-30,-30,88.0,1001,-294,-356,690,-497,0,999,0,0,1,-1,0,1,1,-1,-1,-1,-1,-1,0,1,
2026-04-15,15:03:28.650,7.60,98,100,100,-0.006,30.20,47,0,8.13,-0.058,0.891,0.59,60,0,158.47,-21.30,10,0.00,3.67,3.69,3.67,3.69,3.69,3.67,3.69,3.66,29.19,48.0,-30,-30,83.7,1004,-279,-536,689,-299,0,999,0,0,1,-1,0,1,1,-1,-1,-1,-1,-1,0,1,
2026-04-15,15:03:28.910,7.60,99,100,100,0.040,30.96,48,0,8.13,-0.269,1.618,0.76,59,0,156.70,-22.54,10,0.00,3.67,3.69,3.67,3.69,3.70,3.68,3.69,3.66,29.19,48.0,-30,-30,83.7,1008,-279,-459,689,-445,0,999,0,0,1,-1,0,1,1,-1,-1,-1,-1,-1,0,1,
2026-04-15,15:03:29.170,7.60,100,100,100,0.078,31.45,49,0,8.13,-0.243,1.521,1.63,58,0,149.16,-26.35,10,0.00,3.67,3.69,3.67,3.69,3.70,3.68,3.69,3.67,29.19,48.0,-30,-30,84.1,1011,-274,-501,690,-397,0,1000,0,0,1,-1,0,1,1,-1,-1,-1,-1,-1,0,1,
2026-04-15,15:03:29.430,7.61,100,100,100,0.093,31.63,51,0,8.13,-0.175,1.344,1.01,54,0,132.93,-25.49,10,0.00,3.67,3.69,3.67,3.69,3.70,3.68,3.69,3.67,29.19,48.0,-30,-30,86.5,1015,-188,-606,691,0,0,1000,0,0,1,-1,0,1,1,-1,-1,-1,-1,-1,0,1,
2026-04-15,15:03:29.690,7.60,100,100,99,0.062,32.13,49,0,8.09,-0.201,1.647,1.35,50,0,128.10,-25.93,10,0.00,3.67,3.69,3.67,3.69,3.70,3.68,3.69,3.67,29.19,48.1,-30,-30,84.1,1018,-141,-653,691,0,0,999,0,0,1,-1,0,1,1,-1,-1,-1,-1,-1,0,1,
2026-04-15,15:03:29.960,7.60,99,99,99,0.041,32.63,46,0,8.11,-0.249,1.651,1.58,55,0,124.57,-26.16,10,0.00,3.67,3.69,3.67,3.69,3.70,3.68,3.69,3.67,29.19,48.1,-30,-30,82.8,1022,-51,-569,690,159,0,999,0,0,1,-1,0,1,1,-1,-1,-1,-1,-1,0,1,
2026-04-15,15:03:30.230,7.60,98,99,99,-0.072,33.17,44,0,8.13,-0.287,1.534,1.76,57,0,118.01,-24.52,10,0.00,3.67,3.69,3.67,3.69,3.69,3.67,3.69,3.67,29.18,48.7,-30,-30,84.6,1025,-71,-527,689,123,0,999,0,0,1,-1,0,1,1,-1,-1,-1,-1,-1,0,1,
2026-04-15,15:03:30.490,7.60,94,99,99,-0.027,33.58,43,0,8.16,-0.208,1.353,1.64,56,0,124.95,-23.94,10,0.00,3.67,3.69,3.67,3.69,3.69,3.67,3.69,3.67,29.18,48.7,-30,-30,83.7,1029,-85,-432,688,0,0,999,0,0,1,-1,0,1,1,-1,-1,-1,-1,-1,0,1,
2026-04-15,15:03:30.750,7.60,93,99,99,0.085,33.70,46,0,8.16,-0.197,1.072,1.03,53,0,127.43,-22.06,10,0.00,3.67,3.69,3.67,3.69,3.69,3.67,3.69,3.67,29.19,48.2,-30,-30,83.7,1032,-89,-376,688,0,0,999,0,0,1,-1,0,1,1,-1,-1,-1,-1,-1,0,1,
2026-04-15,15:03:31.020,7.60,94,98,98,0.030,33.68,48,0,8.17,-0.209,1.051,0.24,51,0,125.57,-20.45,10,0.00,3.67,3.69,3.67,3.69,3.69,3.67,3.69,3.67,29.19,48.2,-30,-30,79.3,1036,-92,-385,689,0,0,1000,0,0,1,-1,0,1,1,-1,-1,-1,-1,-1,0,1,
2026-04-15,15:03:31.290,7.60,98,99,98,0.036,33.98,49,0,8.17,-0.292,1.040,0.65,53,0,125.43,-16.72,10,0.00,3.67,3.69,3.67,3.69,3.69,3.67,3.69,3.67,29.18,49.1,-30,-30,76.7,1040,-90,-478,688,0,0,999,0,0,1,-1,0,1,1,-1,-1,-1,-1,-1,0,1,
2026-04-15,15:03:31.550,7.60,99,99,98,0.048,34.02,49,0,8.17,-0.236,1.163,0.50,56,0,128.94,-14.07,10,0.00,3.67,3.69,3.67,3.69,3.69,3.67,3.69,3.66,29.18,49.1,-30,-30,76.9,1043,-93,-491,688,24,0,999,0,0,1,-1,0,1,1,-1,-1,-1,-1,-1,0,1,
2026-04-15,15:03:31.810,7.60,97,98,98,0.090,33.98,48,0,8.15,-0.262,1.373,0.11,59,0,127.91,-13.61,10,0.00,3.67,3.69,3.67,3.69,3.69,3.67,3.69,3.66,29.17,49.0,-30,-30,77.2,1047,-94,-522,688,91,0,999,0,0,1,-1,0,1,1,-1,-1,-1,-1,-1,0,1,
2026-04-15,15:03:32.070,7.60,94,98,98,0.025,33.60,46,0,8.16,-0.305,1.282,-0.53,63,0,124.77,-11.69,10,0.00,3.67,3.69,3.67,3.69,3.69,3.67,3.69,3.66,29.17,49.0,-30,-30,76.7,1050,-88,-530,688,189,0,1000,0,0,1,-1,0,1,1,-1,-1,-1,-1,-1,0,1,
2026-04-15,15:03:32.330,7.60,95,98,98,0.041,33.17,46,0,8.17,-0.311,1.257,-1.12,64,0,126.63,-10.95,10,0.00,3.67,3.69,3.66,3.68,3.69,3.67,3.69,3.66,29.16,49.1,-30,-30,78.0,1054,-73,-528,688,314,0,1000,0,0,1,-1,0,1,1,-1,-1,-1,-1,-1,0,1,
2026-04-15,15:03:32.590,7.60,92,98,98,0.044,32.71,44,0,8.17,-0.278,1.197,-1.41,64,0,132.10,-9.93,10,0.00,3.67,3.69,3.66,3.68,3.69,3.67,3.69,3.66,29.16,49.1,-30,-30,76.7,1057,-61,-490,688,177,0,999,0,0,1,-1,0,1,1,-1,-1,-1,-1,-1,0,1,
2026-04-15,15:03:32.850,7.60,91,98,98,0.130,32.28,43,0,8.17,-0.261,1.236,-1.51,63,0,135.51,-9.41,10,0.00,3.67,3.69,3.66,3.68,3.69,3.67,3.68,3.66,29.15,49.2,-30,-30,75.9,1061,-64,-442,688,0,0,999,0,0,1,-1,0,1,1,-1,-1,-1,-1,-1,0,1,
2026-04-15,15:03:33.130,7.60,91,98,98,0.129,32.02,43,0,8.17,-0.201,1.187,-1.21,62,0,133.10,-8.40,10,0.00,3.66,3.68,3.66,3.68,3.69,3.67,3.68,3.66,29.15,48.9,-30,-30,75.9,1065,-63,-392,687,72,0,1000,0,0,1,-1,0,1,1,-1,-1,-1,-1,-1,0,1,
2026-04-15,15:03:33.400,7.60,96,98,97,0.068,31.59,44,0,8.17,-0.221,1.065,-1.21,63,0,127.64,-6.06,10,0.00,3.66,3.68,3.66,3.68,3.69,3.67,3.68,3.66,29.15,48.9,-30,-30,77.6,1069,0,-337,686,310,0,999,0,0,1,-1,0,1,1,-1,-1,-1,-1,-1,0,1,
2026-04-15,15:03:33.660,7.60,100,100,98,0.049,30.72,45,0,8.17,-0.203,0.971,-2.16,64,0,132.37,-5.48,10,0.00,3.66,3.68,3.66,3.68,3.69,3.66,3.68,3.66,29.14,48.9,-30,-30,80.9,1072,107,-295,687,442,0,999,0,0,1,-1,0,1,1,-1,-1,-1,-1,-1,0,1,
2026-04-15,15:03:33.930,7.60,100,100,97,0.083,29.85,46,0,8.13,-0.203,0.806,-2.88,64,0,146.95,-4.71,10,0.00,3.66,3.68,3.66,3.68,3.69,3.66,3.68,3.65,29.14,48.9,-30,-30,79.3,1076,148,-376,687,453,0,1000,0,0,1,-1,0,1,1,-1,-1,-1,-1,-1,0,1,
2026-04-15,15:03:34.190,7.60,100,100,97,0.064,29.02,47,0,8.15,-0.206,1.168,-2.79,64,0,158.28,-5.89,10,0.00,3.66,3.68,3.66,3.68,3.69,3.66,3.68,3.65,29.14,48.2,-30,-30,80.9,1079,104,-352,687,201,0,999,0,0,1,-1,0,1,1,-1,-1,-1,-1,-1,0,1,
2026-04-15,15:03:34.460,7.60,100,100,97,0.071,28.25,47,0,8.16,-0.120,0.974,-2.79,64,0,162.34,-6.16,10,0.00,3.66,3.68,3.66,3.68,3.69,3.66,3.68,3.65,29.14,48.2,-30,-30,81.1,1083,102,-245,690,282,0,999,0,0,1,-1,0,1,1,-1,-1,-1,-1,-1,0,1,
2026-04-15,15:03:34.730,7.60,100,100,97,0.057,26.26,47,0,8.12,-0.220,0.965,-3.37,63,0,168.06,-5.82,10,0.00,3.66,3.68,3.66,3.68,3.69,3.66,3.68,3.65,29.13,48.4,-30,-30,79.5,1086,165,-318,692,358,0,999,0,0,1,-1,0,1,1,-1,-1,-1,-1,-1,0,1,
2026-04-15,15:03:34.990,7.60,99,99,98,0.033,24.99,47,0,8.14,-0.078,1.218,-3.99,64,0,168.06,-5.82,10,0.00,3.66,3.68,3.66,3.68,3.68,3.67,3.68,3.65,29.13,48.4,-30,-30,84.1,1090,181,-354,700,337,0,999,0,0,1,-1,0,1,1,-1,-1,-1,-1,-1,0,1,
2026-04-15,15:03:35.250,7.60,99,99,98,0.081,23.96,47,0,8.16,-0.133,1.120,-3.86,66,0,-171.38,-4.62,10,0.00,3.66,3.68,3.66,3.68,3.68,3.67,3.68,3.65,29.13,48.7,-30,-30,84.6,1094,176,-321,703,223,0,999,0,0,1,-1,0,1,1,-1,-1,-1,-1,-1,0,1,
2026-04-15,15:03:35.510,7.60,99,99,98,-0.069,22.90,47,0,8.16,-0.189,1.362,-3.71,66,0,-177.18,-4.21,10,0.00,3.66,3.68,3.66,3.68,3.68,3.67,3.68,3.65,29.13,48.7,-30,-30,84.6,1097,169,-310,715,232,0,1000,0,0,1,-1,0,1,1,-1,-1,-1,-1,-1,0,1,
2026-04-15,15:03:35.780,7.60,100,100,98,-0.044,21.96,48,0,8.17,-0.171,1.340,-3.43,65,0,-168.61,-2.60,10,0.00,3.66,3.68,3.66,3.68,3.68,3.67,3.68,3.65,29.12,49.7,-30,-30,92.0,1101,163,-391,735,78,0,1000,0,0,1,-1,0,1,1,-1,-1,-1,-1,-1,0,1,
2026-04-15,15:03:36.040,7.60,94,98,98,0.091,20.56,48,0,8.17,-0.008,1.164,-4.09,64,0,-161.08,-3.62,10,0.00,3.66,3.68,3.66,3.68,3.68,3.66,3.68,3.65,29.12,49.7,-30,-30,91.3,1104,82,-275,734,-231,0,1000,0,0,1,-1,0,1,1,-1,-1,-1,-1,-1,0,1,
2026-04-15,15:03:36.300,7.60,92,98,98,0.080,19.54,47,0,8.17,-0.097,1.166,-4.17,64,0,-163.58,-5.64,10,0.00,3.66,3.68,3.66,3.68,3.68,3.66,3.67,3.65,29.10,50.4,-30,-30,93.2,1108,48,-212,737,-249,0,1000,0,0,1,-1,0,1,1,-1,-1,-1,-1,-1,0,1,
2026-04-15,15:03:36.570,7.60,91,98,98,-0.028,18.63,49,0,8.15,0.101,0.794,-3.30,65,0,-168.28,-5.35,10,0.00,3.66,3.68,3.66,3.68,3.68,3.66,3.67,3.65,29.10,50.4,-30,-30,93.3,1112,32,-227,737,-226,0,1000,0,0,1,-1,0,1,1,-1,-1,-1,-1,-1,0,1,
2026-04-15,15:03:36.840,7.60,96,98,98,-0.011,17.51,50,0,8.16,-0.010,0.989,-3.69,70,0,-166.80,-5.81,10,0.00,3.66,3.67,3.66,3.68,3.68,3.66,3.67,3.65,29.10,49.9,-30,-30,94.1,1115,0,-264,736,-379,0,999,0,0,1,-1,0,1,1,-1,-1,-1,-1,-1,0,1,
2026-04-15,15:03:37.100,7.60,97,99,98,-0.021,16.71,50,0,8.17,-0.077,1.186,-3.27,74,0,-166.11,-6.35,10,0.00,3.66,3.67,3.66,3.68,3.68,3.66,3.67,3.65,29.10,50.2,-30,-30,95.0,1119,0,-260,734,-424,0,1000,0,0,1,-1,0,1,1,-1,-1,-1,-1,-1,0,1,
2026-04-15,15:03:37.370,7.60,96,99,99,0.023,16.08,51,0,8.17,0.062,0.723,-2.59,77,0,-167.81,-7.90,10,0.00,3.66,3.67,3.66,3.68,3.68,3.66,3.67,3.65,29.08,50.2,-30,-30,95.0,1123,0,-226,733,-486,0,1000,0,0,1,-1,0,1,1,-1,-1,-1,-1,-1,0,1,
2026-04-15,15:03:37.630,7.60,97,99,99,0.082,15.25,53,0,8.17,-0.029,1.353,-2.65,77,0,-169.93,-9.90,10,0.00,3.66,3.67,3.66,3.68,3.68,3.66,3.67,3.65,29.08,50.1,-30,-30,95.0,1126,0,-209,732,-518,0,999,0,0,1,-1,0,1,1,-1,-1,-1,-1,-1,0,1,
2026-04-15,15:03:37.900,7.60,99,100,100,0.066,14.12,54,0,8.14,0.034,1.101,-2.02,75,0,169.96,-9.04,10,0.00,3.66,3.67,3.66,3.68,3.68,3.66,3.67,3.65,29.08,50.1,-30,-30,92.2,1130,0,-5,726,-38,0,999,0,0,1,-1,0,1,1,-1,-1,-1,-1,-1,0,1,
2026-04-15,15:03:38.170,7.60,100,100,100,0.084,13.21,58,0,8.15,-0.023,0.645,-2.55,79,0,176.23,-4.78,10,0.00,3.66,3.67,3.66,3.67,3.68,3.66,3.67,3.65,29.08,49.4,-30,-30,93.2,1134,0,-103,726,0,0,1000,0,0,1,-1,0,1,1,-1,-1,-1,-1,-1,0,1,
2026-04-15,15:03:38.440,7.60,100,100,99,0.035,12.30,60,0,8.16,-0.004,0.623,-3.01,82,0,177.43,-4.28,10,0.00,3.66,3.67,3.66,3.67,3.68,3.66,3.67,3.65,29.08,49.4,-30,-30,91.5,1138,0,-122,727,-20,0,1000,0,0,1,-1,0,1,1,-1,-1,-1,-1,-1,0,1,
2026-04-15,15:03:38.700,7.60,100,100,99,0.020,11.36,65,0,8.17,0.003,1.108,-3.18,79,0,-168.79,-4.00,10,0.00,3.66,3.67,3.66,3.67,3.68,3.66,3.67,3.65,29.07,49.6,-30,-30,93.7,1141,0,-144,727,0,0,999,0,0,1,-1,0,1,1,-1,-1,-1,-1,-1,0,1,
2026-04-15,15:03:38.960,7.60,100,100,99,-0.015,10.50,69,0,8.17,-0.018,1.146,-3.09,83,0,-177.55,-2.73,10,0.00,3.66,3.67,3.66,3.67,3.68,3.66,3.67,3.65,29.07,49.6,-30,-30,93.0,1145,0,-346,730,152,0,999,0,0,1,-1,0,1,1,-1,-1,-1,-1,-1,1,1,
2026-04-15,15:03:39.220,7.60,100,100,98,0.067,9.68,70,0,8.17,-0.044,1.168,-2.87,84,0,-172.88,-1.82,10,0.00,3.66,3.67,3.66,3.67,3.68,3.66,3.67,3.65,29.06,49.5,-30,-30,90.4,1148,0,-370,730,146,0,1000,0,0,1,-1,0,1,1,-1,-1,-1,-1,-1,1,1,
2026-04-15,15:03:39.490,7.60,100,100,98,0.101,8.54,69,0,8.17,-0.039,0.829,-3.50,83,0,-170.97,-2.51,10,0.00,3.66,3.67,3.66,3.67,3.68,3.66,3.67,3.65,29.06,49.5,-30,-30,89.1,1152,0,-523,764,37,0,999,0,0,1,-1,0,1,1,-1,-1,-1,-1,-1,1,1,
2026-04-15,15:03:39.750,7.60,100,100,97,0.004,7.70,70,0,8.13,-0.168,1.530,-3.29,79,0,-171.31,-6.86,10,0.00,3.66,3.67,3.66,3.67,3.68,3.65,3.67,3.65,29.02,51.1,-30,-30,90.2,1156,0,-559,775,-124,0,999,0,0,1,-1,0,1,1,-1,-1,-1,-1,-1,0,1,
2026-04-15,15:03:40.010,7.60,100,100,97,0.037,6.91,69,0,8.13,-0.058,1.624,-3.00,76,0,-170.14,-12.75,10,0.00,3.66,3.67,3.66,3.67,3.68,3.65,3.67,3.64,29.02,51.1,-30,-30,90.2,1159,-7,-393,771,-262,0,999,0,0,1,-1,0,1,1,-1,-1,-1,-1,-1,0,1,
2026-04-15,15:03:40.270,7.60,100,100,97,0.073,6.37,68,0,8.15,-0.243,1.173,-2.31,72,0,-172.85,-13.71,10,0.00,3.65,3.66,3.66,3.67,3.68,3.65,3.67,3.64,28.99,54.5,-30,-30,87.4,1163,0,-399,772,-54,0,999,0,0,1,-1,0,1,1,-1,-1,-1,-1,-1,0,1,
2026-04-15,15:03:40.530,7.60,100,100,97,0.083,5.43,66,0,8.14,-0.328,1.232,-2.13,77,0,-176.46,-16.64,10,0.00,3.65,3.66,3.65,3.66,3.68,3.65,3.67,3.64,28.99,54.5,-30,-30,85.7,1167,0,-388,772,25,0,999,0,0,1,-1,0,1,1,-1,-1,-1,-1,-1,0,1,
2026-04-15,15:03:40.810,7.60,100,100,97,0.170,5.71,64,0,8.16,-0.193,1.223,-0.21,73,0,-178.28,-17.94,10,0.00,3.65,3.66,3.65,3.66,3.66,3.64,3.67,3.64,28.96,54.3,-30,-30,85.4,1171,0,-350,773,56,0,999,0,0,1,-1,0,1,1,-1,-1,-1,-1,-1,0,1,
2026-04-15,15:03:41.070,7.60,100,100,97,0.112,6.14,64,0,8.16,-0.122,0.999,0.88,65,0,175.47,-18.59,10,0.00,3.65,3.66,3.65,3.66,3.66,3.64,3.67,3.64,28.96,54.3,-30,-30,86.5,1175,0,-316,772,284,0,999,0,0,1,-1,0,1,1,-1,-1,-1,-1,-1,0,1,
2026-04-15,15:03:41.340,7.60,100,100,97,0.036,6.06,59,0,8.17,-0.216,1.042,0.47,65,0,-168.07,-16.84,10,0.00,3.65,3.66,3.65,3.66,3.66,3.64,3.65,3.63,28.94,54.7,-30,-30,84.1,1179,0,-324,772,307,0,1000,0,0,1,-1,0,1,1,-1,-1,-1,-1,-1,0,1,
2026-04-15,15:03:41.600,7.60,100,100,97,0.069,6.03,58,0,8.17,-0.284,1.297,-0.07,64,0,-171.37,-16.97,10,0.00,3.64,3.65,3.65,3.66,3.66,3.64,3.65,3.63,28.94,54.9,-30,-30,81.1,1183,0,-242,772,-2,0,1000,0,0,1,-1,0,1,1,-1,-1,-1,-1,-1,0,1,
2026-04-15,15:03:41.870,7.60,100,100,97,0.182,6.52,58,0,8.17,-0.174,0.904,0.77,62,0,-171.99,-16.70,10,0.00,3.64,3.65,3.64,3.65,3.66,3.64,3.65,3.63,28.91,54.9,-30,-30,85.0,1187,0,-320,773,1,0,1000,0,0,1,-1,0,1,1,-1,-1,-1,-1,-1,0,1,
2026-04-15,15:03:42.150,7.60,100,100,97,0.172,6.98,57,0,8.15,-0.146,1.069,1.41,61,0,-174.74,-16.39,10,0.00,3.64,3.65,3.64,3.65,3.66,3.64,3.65,3.63,28.89,54.6,-30,-30,85.0,1192,0,-314,773,21,0,999,0,0,1,-1,0,1,1,-1,-1,-1,-1,-1,0,1,
2026-04-15,15:03:42.410,7.60,100,100,98,0.185,7.52,56,0,8.16,-0.059,0.625,1.66,62,0,-30.73,-14.58,10,0.00,3.64,3.65,3.64,3.65,3.66,3.64,3.65,3.62,28.89,54.6,-30,-30,80.7,1196,0,-330,772,87,0,999,0,0,1,-1,0,1,1,-1,-1,-1,-1,-1,0,1,
2026-04-15,15:03:42.680,7.59,100,100,98,0.096,7.88,56,0,8.17,-0.171,0.939,1.54,60,0,179.26,-16.18,10,0.00,3.63,3.64,3.64,3.65,3.66,3.64,3.65,3.62,28.86,55.4,-30,-30,80.4,1200,0,-385,772,207,0,999,0,0,1,-1,0,1,1,-1,-1,-1,-1,-1,0,1,
2026-04-15,15:03:42.940,7.60,100,100,98,0.093,7.98,57,0,8.17,-0.241,1.155,0.88,58,0,-171.06,-17.09,10,0.00,3.63,3.64,3.63,3.65,3.66,3.64,3.65,3.62,28.86,55.4,-30,-30,80.2,1204,0,-372,777,50,0,999,0,0,1,-1,0,1,1,-1,-1,-1,-1,-1,0,1,
2026-04-15,15:03:43.210,7.60,100,100,99,0.055,8.46,57,0,8.17,-0.298,1.108,0.80,55,0,-177.01,-18.14,10,0.00,3.63,3.64,3.63,3.65,3.65,3.63,3.65,3.62,28.82,56.0,-30,-30,80.7,1208,0,-390,830,22,0,1000,0,0,1,-1,0,1,1,-1,-1,-1,-1,-1,0,1,
2026-04-15,15:03:43.470,7.60,99,99,99,0.053,8.54,54,0,8.17,-0.328,1.322,0.45,50,0,-177.92,-18.91,10,0.00,3.63,3.64,3.63,3.65,3.65,3.63,3.64,3.61,28.82,56.0,-30,-30,80.0,1212,0,-267,871,-72,0,999,0,0,1,-1,0,1,1,-1,-1,-1,-1,-1,0,1,
2026-04-15,15:03:43.730,7.60,99,100,99,0.097,8.66,53,0,8.17,-0.265,0.904,0.43,51,0,-60.97,-19.65,10,0.00,3.63,3.64,3.63,3.65,3.65,3.63,3.64,3.61,28.75,63.7,-30,-30,76.7,1216,0,-280,868,-125,0,999,0,0,1,-1,0,1,1,-1,-1,-1,-1,-1,0,1,
2026-04-15,15:03:43.990,7.60,95,100,100,0.100,8.78,52,0,8.17,-0.358,0.955,0.36,50,0,178.07,-19.20,10,0.00,3.62,3.63,3.63,3.65,3.65,3.63,3.64,3.61,28.75,63.7,-30,-30,78.2,1221,0,-292,869,-292,0,999,0,0,1,-1,0,1,1,-1,-1,-1,-1,-1,0,1,
2026-04-15,15:03:44.250,7.60,94,100,100,0.115,8.95,52,0,8.17,-0.248,0.831,0.51,49,0,176.94,-19.98,10,0.00,3.62,3.63,3.62,3.63,3.65,3.63,3.64,3.61,28.69,64.9,-30,-30,78.2,1226,0,-419,869,20,0,999,0,0,1,-1,0,1,1,-1,-1,-1,-1,-1,0,1,
2026-04-15,15:03:44.510,7.60,94,98,98,0.074,9.38,51,0,8.17,-0.374,1.192,1.06,46,0,177.30,-22.00,10,0.00,3.62,3.63,3.62,3.63,3.63,3.61,3.64,3.61,28.69,64.9,-30,-30,75.9,1230,0,-401,868,76,0,1000,0,0,1,-1,0,1,1,-1,-1,-1,-1,-1,0,1,
2026-04-15,15:03:44.770,7.60,94,98,98,0.091,9.94,49,0,8.17,-0.339,1.110,1.55,41,0,177.30,-23.50,10,0.00,3.62,3.63,3.62,3.63,3.63,3.61,3.62,3.59,28.64,65.0,-30,-30,78.0,1235,0,-343,869,-21,0,999,0,0,1,-1,0,1,1,-1,-1,-1,-1,-1,0,1,
2026-04-15,15:03:45.040,7.60,94,96,96,0.083,10.48,49,0,8.17,-0.320,1.115,1.77,40,0,176.17,-25.33,10,0.00,3.60,3.61,3.62,3.63,3.63,3.61,3.62,3.59,28.64,65.0,-30,-30,78.5,1240,0,-350,870,0,0,1000,0,0,1,-1,0,1,1,-1,-1,-1,-1,-1,0,1,
2026-04-15,15:03:45.300,7.60,95,96,94,0.105,11.08,48,0,8.17,-0.355,1.054,1.94,43,0,174.85,-25.49,10,0.00,3.60,3.61,3.60,3.62,3.63,3.61,3.62,3.59,28.59,64.9,-30,-30,76.7,1245,0,-347,870,0,0,999,0,0,1,-1,0,1,1,-1,-1,-1,-1,-1,0,1,
2026-04-15,15:03:45.560,7.60,97,97,94,0.112,11.74,48,0,8.17,-0.365,1.030,2.17,46,0,172.71,-25.66,10,0.00,3.60,3.61,3.60,3.62,3.63,3.61,3.62,3.59,28.59,64.9,-30,-30,75.0,1249,-5,-347,870,0,0,1000,0,0,1,-1,0,1,1,-1,-1,-1,-1,-1,0,1,
2026-04-15,15:03:45.820,7.60,94,94,94,0.075,12.57,48,0,8.17,-0.411,1.147,2.55,47,0,171.30,-25.56,10,0.00,3.60,3.61,3.60,3.62,3.62,3.60,3.62,3.59,28.55,65.0,-30,-30,73.5,1254,0,-349,871,0,0,999,0,0,1,-1,0,1,1,-1,-1,-1,-1,-1,0,1,
2026-04-15,15:03:46.100,7.60,92,94,94,0.105,14.02,48,0,8.17,-0.439,1.016,2.43,47,0,169.06,-26.45,10,0.00,3.60,3.61,3.60,3.62,3.62,3.60,3.62,3.59,28.55,65.0,-30,-30,70.0,1259,-3,-334,871,-44,0,999,0,0,1,-1,0,1,1,-1,-1,-1,-1,-1,0,1,
2026-04-15,15:03:46.370,7.60,93,94,94,0.108,14.94,48,0,8.14,-0.353,0.967,2.97,46,0,165.20,-25.56,10,0.00,3.59,3.60,3.60,3.62,3.62,3.60,3.62,3.59,28.52,65.4,-30,-30,71.3,1264,-128,-404,868,-230,0,999,0,0,1,-1,0,1,1,-1,-1,-1,-1,-1,0,1,
2026-04-15,15:03:46.630,7.60,97,97,94,0.093,15.64,48,0,8.13,-0.377,0.953,2.72,44,0,162.41,-25.91,10,0.00,3.59,3.60,3.59,3.61,3.62,3.60,3.62,3.59,28.48,65.1,-30,-30,71.3,1269,-119,-463,871,-77,0,1000,0,0,1,-1,0,1,1,-1,-1,-1,-1,-1,0,1,
2026-04-15,15:03:46.900,7.60,97,97,92,0.083,16.26,48,0,8.12,-0.456,1.209,2.33,43,0,160.09,-28.69,10,0.00,3.59,3.60,3.59,3.61,3.62,3.59,3.62,3.59,28.48,65.1,-30,-30,72.2,1274,-80,-544,891,0,0,999,0,0,1,-1,0,1,1,-1,-1,-1,-1,-1,0,1,
2026-04-15,15:03:47.160,7.60,93,93,91,0.081,16.97,47,0,8.15,-0.403,1.378,2.38,44,0,157.88,-30.81,10,0.00,3.59,3.60,3.59,3.61,3.62,3.59,3.61,3.58,28.44,67.1,-30,-30,71.7,1278,-80,-494,893,0,0,999,0,0,1,-1,0,1,1,-1,-1,-1,-1,-1,0,1,
2026-04-15,15:03:47.420,7.60,89,91,91,0.077,17.54,44,0,8.16,-0.395,1.234,2.22,45,0,151.79,-33.88,10,0.00,3.59,3.60,3.59,3.61,3.62,3.59,3.61,3.58,28.44,67.1,-30,-30,72.2,1283,-77,-520,891,0,0,1000,0,0,1,-1,0,1,1,-1,-1,-1,-1,-1,0,1,
2026-04-15,15:03:47.680,7.60,86,91,91,0.062,18.25,45,0,8.17,-0.440,1.328,2.22,48,0,146.22,-35.25,10,0.00,3.59,3.60,3.59,3.61,3.62,3.59,3.61,3.58,28.41,67.3,-30,-30,71.1,1288,-70,-534,889,102,0,999,0,0,1,-1,0,1,1,-1,-1,-1,-1,-1,0,1,
2026-04-15,15:03:47.950,7.60,90,91,91,0.056,19.00,46,0,8.17,-0.418,1.306,2.55,50,0,143.27,-36.10,10,0.00,3.59,3.60,3.59,3.60,3.62,3.59,3.61,3.58,28.41,67.3,-30,-30,70.7,1293,-63,-544,880,94,0,999,0,0,1,-1,0,1,1,-1,-1,-1,-1,-1,0,1,
2026-04-15,15:03:48.210,7.60,96,96,91,0.107,19.67,47,0,8.17,-0.511,1.446,2.40,53,0,137.27,-36.19,10,0.00,3.59,3.60,3.59,3.60,3.61,3.58,3.61,3.58,28.40,66.4,-30,-30,70.7,1298,-57,-551,868,98,0,999,0,0,1,-1,0,1,1,-1,-1,-1,-1,-1,0,1,
2026-04-15,15:03:48.470,7.60,94,94,93,0.101,20.38,46,0,8.13,-0.398,1.274,2.38,55,0,132.11,-35.24,10,0.00,3.59,3.60,3.59,3.60,3.61,3.58,3.60,3.57,28.40,66.4,-30,-30,70.6,1303,0,-544,867,266,0,999,0,0,1,-1,0,1,1,-1,-1,-1,-1,-1,0,1,
2026-04-15,15:03:48.750,7.60,91,94,93,0.095,21.22,44,0,8.15,-0.407,1.202,2.70,55,0,123.74,-32.01,10,0.00,3.58,3.59,3.59,3.60,3.61,3.58,3.60,3.57,28.38,64.6,-30,-30,70.7,1308,36,-537,868,401,0,1000,0,0,1,-1,0,1,1,-1,-1,-1,-1,-1,0,1,
2026-04-15,15:03:49.010,7.60,90,95,95,0.072,22.82,43,0,8.12,-0.374,1.052,2.79,56,0,121.56,-29.49,10,0.00,3.58,3.59,3.59,3.60,3.61,3.58,3.60,3.57,28.38,64.6,-30,-30,70.7,1313,85,-591,868,385,0,999,0,0,1,-1,0,1,1,-1,-1,-1,-1,-1,0,1,
2026-04-15,15:03:49.280,7.60,96,97,96,0.077,23.22,45,0,8.11,-0.399,1.142,2.03,50,0,122.99,-28.59,10,0.00,3.58,3.59,3.59,3.60,3.61,3.58,3.60,3.57,28.37,65.4,-30,-30,70.2,1317,32,-632,865,343,0,1000,0,0,1,-1,0,1,1,-1,-1,-1,-1,-1,0,1,
2026-04-15,15:03:49.550,7.60,99,99,96,0.078,23.39,47,0,8.10,-0.418,1.320,1.22,50,0,122.36,-28.00,10,0.00,3.58,3.59,3.59,3.60,3.61,3.58,3.60,3.57,28.37,65.4,-30,-30,73.2,1322,0,-595,863,168,0,999,0,0,1,-1,0,1,1,-1,-1,-1,-1,-1,0,1,
2026-04-15,15:03:49.810,7.60,100,100,95,0.045,23.42,48,0,8.14,-0.457,1.415,0.50,52,0,120.43,-27.16,10,0.00,3.58,3.59,3.59,3.60,3.61,3.58,3.60,3.57,28.36,64.6,-30,-30,73.2,1327,0,-629,865,200,0,1000,0,0,1,-1,0,1,1,-1,-1,-1,-1,-1,0,1,
2026-04-15,15:03:50.090,7.60,100,100,95,0.047,23.40,49,0,8.11,-0.448,1.403,0.21,52,0,120.19,-26.38,10,0.00,3.58,3.59,3.59,3.60,3.61,3.58,3.60,3.57,28.36,64.6,-30,-30,72.6,1332,0,-675,865,243,0,999,0,0,1,-1,0,1,1,-1,-1,-1,-1,-1,0,1,
2026-04-15,15:03:50.360,7.60,100,100,95,0.076,23.35,50,0,8.11,-0.495,1.546,-0.05,53,0,119.28,-24.44,10,0.00,3.58,3.59,3.58,3.60,3.61,3.58,3.60,3.57,28.35,64.7,-30,-30,71.9,1337,0,-685,864,257,0,999,0,0,1,-1,0,1,1,-1,-1,-1,-1,-1,0,1,
2026-04-15,15:03:50.620,7.59,100,100,95,0.063,23.13,49,0,8.13,-0.468,1.552,-0.48,50,0,116.85,-23.12,10,0.00,3.58,3.59,3.58,3.60,3.61,3.58,3.60,3.57,28.34,64.5,-30,-30,73.0,1341,0,-648,863,179,0,1000,0,0,1,-1,0,1,1,-1,-1,-1,-1,-1,0,1,
2026-04-15,15:03:50.890,7.60,100,100,96,0.068,23.19,48,0,8.15,-0.466,1.623,-0.12,49,0,114.31,-19.35,10,0.00,3.58,3.59,3.58,3.60,3.61,3.58,3.60,3.57,28.34,64.5,-30,-30,73.5,1346,0,-694,862,283,0,999,0,0,1,-1,0,1,1,-1,-1,-1,-1,-1,0,1,
2026-04-15,15:03:51.160,7.60,98,98,98,0.064,23.04,45,0,8.16,-0.547,1.387,-0.24,52,0,109.92,-15.05,10,0.00,3.58,3.59,3.58,3.60,3.61,3.58,3.60,3.57,28.34,63.6,-30,-30,73.5,1351,0,-688,796,237,0,999,0,0,1,-1,0,1,1,-1,-1,-1,-1,-1,0,1,
2026-04-15,15:03:51.430,7.60,97,98,98,0.047,23.12,45,0,8.17,-0.435,1.491,-0.13,52,0,112.13,-13.63,10,0.00,3.58,3.59,3.58,3.60,3.61,3.58,3.60,3.57,28.37,63.6,-30,-30,71.7,1356,0,-683,725,248,0,999,0,0,1,-1,0,1,1,-1,-1,-1,-1,-1,0,1,
2026-04-15,15:03:51.690,7.60,96,98,98,0.060,23.33,47,0,8.17,-0.344,1.433,0.27,56,0,115.27,-10.61,10,0.00,3.58,3.59,3.58,3.60,3.61,3.59,3.60,3.57,28.44,53.8,-30,-30,72.2,1360,0,-624,692,274,0,999,0,0,1,-1,0,1,1,-1,-1,-1,-1,-1,0,1,
2026-04-15,15:03:51.960,7.59,98,99,98,0.088,23.50,48,0,8.12,-0.336,1.301,0.35,58,0,114.02,-8.65,10,0.00,3.58,3.59,3.58,3.60,3.61,3.59,3.61,3.58,28.44,53.8,-30,-30,71.3,1364,0,-659,645,291,0,999,0,0,1,-1,0,1,1,-1,-1,-1,-1,-1,0,1,
2026-04-15,15:03:52.230,7.60,99,99,98,0.064,23.75,50,0,8.15,-0.236,1.125,0.65,60,0,109.58,-3.96,10,0.00,3.59,3.61,3.58,3.60,3.61,3.59,3.61,3.58,28.53,47.0,-30,-30,72.4,1368,0,-573,622,268,0,999,0,0,1,-1,0,1,1,-1,-1,-1,-1,-1,0,1,
2026-04-15,15:03:52.500,7.60,100,100,98,0.041,23.95,52,0,8.16,-0.228,1.102,0.77,63,0,109.98,-1.11,10,0.00,3.59,3.61,3.58,3.60,3.61,3.59,3.61,3.58,28.53,47.0,-30,-30,72.2,1372,16,-578,688,427,0,999,0,0,1,-1,0,1,1,-1,-1,-1,-1,-1,0,1,
2026-04-15,15:03:52.760,7.60,100,100,98,0.009,23.82,52,0,8.17,-0.329,1.355,0.16,62,0,112.16,-0.14,10,0.00,3.59,3.61,3.61,3.62,3.61,3.59,3.61,3.58,28.58,46.7,-30,-30,76.7,1375,79,-576,732,587,0,1000,0,0,1,-1,0,1,1,-1,-1,-1,-1,-1,0,1,
2026-04-15,15:03:53.020,7.60,100,100,98,0.040,23.35,51,0,8.15,-0.205,1.213,-0.88,61,0,125.92,1.74,10,0.00,3.59,3.61,3.61,3.62,3.64,3.61,3.61,3.58,28.58,46.7,-30,-30,76.3,1378,112,-535,745,574,0,999,0,0,1,-1,0,1,1,-1,-1,-1,-1,-1,0,1,
2026-04-15,15:03:53.280,7.60,99,99,99,0.087,22.67,49,0,8.16,-0.344,1.275,-1.79,60,0,133.13,2.58,10,0.00,3.59,3.61,3.61,3.62,3.64,3.61,3.63,3.60,28.59,52.6,-30,-30,74.6,1382,120,-474,745,391,0,999,0,0,1,-1,0,1,1,-1,-1,-1,-1,-1,0,1,
2026-04-15,15:03:53.540,7.60,96,100,99,0.104,22.08,47,0,8.17,-0.285,1.191,-2.04,60,0,138.23,4.64,10,0.00,3.61,3.62,3.61,3.62,3.64,3.61,3.63,3.60,28.59,52.6,-30,-30,75.4,1386,110,-366,745,107,0,1000,0,0,1,-1,0,1,1,-1,-1,-1,-1,-1,0,1,
2026-04-15,15:03:53.810,7.60,94,100,100,0.063,21.46,45,0,8.17,-0.268,0.913,-1.94,60,0,138.06,6.68,10,0.00,3.61,3.62,3.61,3.62,3.64,3.61,3.63,3.60,28.59,53.1,-30,-30,75.4,1390,164,-411,746,392,0,999,0,0,1,-1,0,1,1,-1,-1,-1,-1,-1,0,1,
2026-04-15,15:03:54.080,7.60,92,100,100,0.049,20.74,44,0,8.17,-0.261,1.002,-2.34,61,0,143.94,5.94,10,0.00,3.61,3.62,3.61,3.62,3.63,3.60,3.63,3.60,28.59,53.1,-30,-30,77.2,1394,194,-364,773,389,0,999,0,0,1,-1,0,1,1,-1,-1,-1,-1,-1,0,1,
2026-04-15,15:03:54.360,7.60,91,100,100,0.041,19.28,42,0,8.15,-0.242,1.144,-2.47,60,0,162.22,3.34,10,0.00,3.61,3.62,3.61,3.62,3.63,3.60,3.62,3.59,28.59,53.3,-30,-30,76.7,1398,211,-399,799,0,0,999,0,0,1,-1,0,1,1,-1,-1,-1,-1,-1,0,1,
2026-04-15,15:03:54.620,7.59,84,100,100,0.040,18.69,41,0,8.13,-0.174,1.156,-2.14,57,0,166.14,1.83,10,0.00,3.60,3.61,3.61,3.62,3.63,3.60,3.62,3.59,28.59,57.5,-30,-30,80.4,1402,201,-384,814,0,0,999,0,0,1,-1,0,1,1,-1,-1,-1,-1,-1,0,1,
2026-04-15,15:03:54.890,7.60,77,100,100,0.034,17.82,40,0,8.16,-0.182,1.183,-2.58,58,0,164.62,-0.94,10,0.00,3.60,3.61,3.61,3.62,3.63,3.60,3.62,3.59,28.56,57.5,-30,-30,82.0,1406,194,-290,857,56,0,999,0,0,1,-1,0,1,1,-1,-1,-1,-1,-1,0,1,
2026-04-15,15:03:55.160,7.60,71,100,100,0.000,17.82,40,0,8.16,-0.156,0.832,-2.99,58,0,168.46,-1.23,10,0.00,3.60,3.61,3.60,3.61,3.63,3.60,3.62,3.59,28.50,63.0,-30,-30,83.3,1410,199,-51,895,0,0,999,0,0,1,-1,0,1,1,-1,-1,-1,-1,-1,0,1,
2026-04-15,15:03:55.430,7.60,76,100,100,0.023,15.91,40,0,8.14,-0.228,0.912,-2.99,55,0,171.94,-1.63,10,0.00,3.60,3.61,3.60,3.61,3.62,3.59,3.62,3.59,28.50,63.0,-30,-30,83.5,1415,203,-370,909,0,0,999,0,0,1,-1,0,1,1,-1,-1,-1,-1,-1,0,1,
2026-04-15,15:03:55.690,7.60,80,99,99,-0.045,15.05,40,0,8.16,-0.228,1.110,-3.17,55,0,176.45,-3.40,10,0.00,3.60,3.61,3.60,3.61,3.62,3.59,3.60,3.58,28.45,67.1,-30,-30,84.5,1420,189,-426,907,0,0,999,0,0,1,-1,0,1,1,-1,-1,-1,-1,-1,0,1,
2026-04-15,15:03:55.960,7.60,89,99,99,0.005,14.46,41,0,8.16,-0.323,1.352,-2.63,57,0,-38.65,-6.80,10,0.00,3.58,3.59,3.60,3.61,3.62,3.59,3.60,3.58,28.45,67.1,-30,-30,86.5,1425,178,-366,904,0,0,999,0,0,1,-1,0,1,1,-1,-1,-1,-1,-1,0,1,
2026-04-15,15:03:56.230,7.60,95,98,98,0.005,14.20,45,0,8.17,-0.281,1.356,-1.63,57,0,-174.53,-10.88,10,0.00,3.58,3.59,3.58,3.59,3.62,3.59,3.60,3.58,28.39,66.5,-30,-30,86.5,1430,155,-204,892,-165,0,999,0,0,1,-1,0,1,1,-1,-1,-1,-1,-1,0,1,
2026-04-15,15:03:56.500,7.60,99,99,98,0.075,13.81,48,0,8.17,-0.111,0.790,-1.37,57,0,-173.74,-8.71,10,0.00,3.58,3.59,3.58,3.59,3.60,3.58,3.60,3.58,28.39,66.5,-30,-30,83.2,1435,124,-156,882,-172,0,999,0,0,1,-1,0,1,1,-1,-1,-1,-1,-1,0,1,
2026-04-15,15:03:56.770,7.60,100,100,98,0.106,13.21,50,0,8.17,-0.172,0.729,-1.18,56,0,-174.91,-7.94,10,0.00,3.58,3.59,3.58,3.59,3.60,3.58,3.58,3.56,28.37,64.8,-30,-30,81.7,1440,118,-172,881,-166,0,999,0,0,1,-1,0,1,1,-1,-1,-1,-1,-1,0,1,
2026-04-15,15:03:57.030,7.60,100,100,98,0.019,12.88,52,0,8.17,-0.158,0.867,-1.02,55,0,-177.54,-7.64,10,0.00,3.57,3.58,3.58,3.59,3.60,3.58,3.58,3.56,28.37,64.8,-30,-30,85.6,1445,122,-203,881,-95,0,1000,0,0,1,-1,0,1,1,-1,-1,-1,-1,-1,0,1,
2026-04-15,15:03:57.290,7.60,100,100,98,0.007,12.56,53,0,8.17,-0.111,0.992,-1.18,51,0,-176.63,-7.71,10,0.00,3.57,3.58,3.58,3.59,3.60,3.58,3.58,3.56,28.35,63.6,-30,-30,88.0,1449,122,-280,881,-86,0,999,0,0,1,-1,0,1,1,-1,-1,-1,-1,-1,0,1,
2026-04-15,15:03:57.550,7.60,100,100,98,0.004,12.30,55,0,8.17,-0.141,1.210,-1.03,54,0,-172.31,-8.73,10,0.00,3.57,3.58,3.58,3.59,3.60,3.58,3.58,3.56,28.35,63.6,-30,-30,85.9,1454,119,-302,880,-161,0,999,0,0,1,-1,0,1,1,-1,-1,-1,-1,-1,0,1,
2026-04-15,15:03:57.810,7.60,100,100,98,-0.018,12.18,56,0,8.17,-0.198,1.106,-0.64,53,0,-170.91,-9.76,10,0.00,3.57,3.58,3.58,3.59,3.60,3.58,3.58,3.56,28.33,63.7,-30,-30,88.3,1458,109,-266,879,-180,0,999,0,0,1,-1,0,1,1,-1,-1,-1,-1,-1,0,1,
2026-04-15,15:03:58.080,7.60,100,100,98,0.028,12.16,57,0,8.17,-0.215,1.142,-0.31,45,0,-168.70,-10.16,10,0.00,3.57,3.58,3.58,3.59,3.60,3.58,3.59,3.56,28.33,63.7,-30,-30,84.6,1463,106,-260,879,-192,0,999,0,0,1,-1,0,1,1,-1,-1,-1,-1,-1,0,1,
2026-04-15,15:03:58.360,7.60,100,100,98,0.029,12.04,58,0,8.17,-0.285,1.140,-0.37,46,0,-170.59,-11.11,10,0.00,3.57,3.58,3.58,3.59,3.60,3.58,3.59,3.56,28.32,63.6,-30,-30,84.5,1468,97,-223,879,-224,0,999,0,0,1,-1,0,1,1,-1,-1,-1,-1,-1,0,1,
2026-04-15,15:03:58.640,7.60,100,100,96,0.094,12.13,57,0,8.17,-0.214,1.090,-0.03,41,0,-171.63,-11.25,10,0.00,3.57,3.58,3.58,3.59,3.60,3.58,3.59,3.56,28.30,63.6,-30,-30,84.5,1473,88,-233,880,-219,0,1000,0,0,1,-1,0,1,1,-1,-1,-1,-1,-1,0,1,
2026-04-15,15:03:58.910,7.60,99,99,95,0.073,12.20,55,0,8.15,-0.177,0.880,0.08,42,0,-174.63,-11.63,10,0.00,3.57,3.58,3.58,3.59,3.60,3.57,3.59,3.56,28.30,63.6,-30,-30,81.5,1478,83,-241,880,-215,0,999,0,0,1,-1,0,1,1,-1,-1,-1,-1,-1,0,1,
2026-04-15,15:03:59.170,7.60,98,98,95,0.076,12.50,53,0,8.12,-0.195,1.001,0.79,45,0,96.86,-11.31,10,0.00,3.57,3.58,3.58,3.59,3.60,3.57,3.58,3.56,28.28,64.1,-30,-30,80.2,1482,89,-281,880,-152,0,999,0,0,1,-1,0,1,1,-1,-1,-1,-1,-1,0,1,
2026-04-15,15:03:59.440,7.60,98,98,96,0.072,12.77,53,0,8.10,-0.186,1.126,0.48,51,0,177.12,-10.99,10,0.00,3.57,3.58,3.58,3.59,3.60,3.57,3.58,3.56,28.28,64.1,-30,-30,81.1,1487,218,-402,881,223,0,999,0,0,1,-1,0,1,1,-1,-1,-1,-1,-1,0,1,
2026-04-15,15:03:59.700,7.60,98,98,96,-0.004,12.45,54,0,8.09,-0.091,0.879,-0.41,60,0,30.59,-11.28,10,0.00,3.57,3.58,3.57,3.58,3.60,3.57,3.58,3.56,28.27,64.2,-30,-30,82.6,1492,367,-405,892,446,0,999,0,0,1,-1,0,1,1,-1,-1,-1,-1,-1,0,1,
2026-04-15,15:03:59.970,7.60,98,98,96,0.023,12.14,56,0,8.10,-0.384,1.315,-0.98,63,0,-165.84,-14.72,10,0.00,3.57,3.58,3.57,3.58,3.60,3.57,3.58,3.56,28.27,64.2,-30,-30,83.5,1497,413,-462,895,381,0,999,0,0,1,-1,0,1,1,-1,-1,-1,-1,-1,0,1,
2026-04-15,15:04:00.240,7.59,98,98,97,0.053,12.33,56,0,8.12,-0.345,1.422,-0.18,64,0,-158.47,-15.39,10,0.00,3.57,3.58,3.57,3.58,3.59,3.57,3.58,3.56,28.24,65.7,-30,-30,78.3,1501,385,-511,894,295,0,999,0,0,1,-1,0,1,1,-1,-1,-1,-1,-1,0,1,
2026-04-15,15:04:00.510,7.59,99,99,97,0.073,12.80,57,0,8.10,-0.257,1.348,0.96,60,0,-149.07,-16.06,10,0.00,3.57,3.58,3.57,3.58,3.59,3.57,3.58,3.55,28.24,65.7,-30,-30,80.2,1506,347,-375,893,161,0,1000,0,0,1,-1,0,1,1,-1,-1,-1,-1,-1,0,1,
2026-04-15,15:04:00.770,7.60,99,99,96,0.110,13.43,57,0,8.14,-0.327,1.315,1.59,65,0,-147.35,-16.59,10,0.00,3.56,3.57,3.57,3.58,3.59,3.57,3.58,3.55,28.23,65.8,-30,-30,78.2,1511,341,-361,893,310,0,999,0,0,1,-1,0,1,1,-1,-1,-1,-1,-1,0,1,
2026-04-15,15:04:01.040,7.60,99,99,96,0.062,14.21,58,0,8.15,-0.265,0.932,2.35,71,0,-148.48,-14.19,10,0.00,3.56,3.57,3.57,3.58,3.59,3.57,3.58,3.55,28.23,65.8,-30,-30,78.2,1516,363,-391,894,398,0,999,0,0,1,-1,0,1,1,-1,-1,-1,-1,-1,0,1,
2026-04-15,15:04:01.300,7.60,98,98,96,0.065,14.51,56,0,8.16,-0.362,1.166,1.79,70,0,-141.72,-12.55,10,0.00,3.56,3.57,3.57,3.58,3.59,3.56,3.58,3.55,28.20,65.9,-30,-30,76.9,1521,416,-453,895,413,0,999,0,0,1,-1,0,1,1,-1,-1,-1,-1,-1,0,1,
2026-04-15,15:04:01.570,7.60,98,98,95,0.016,14.81,57,0,8.13,-0.344,1.322,1.16,60,0,-136.04,-11.95,10,0.00,3.56,3.57,3.57,3.58,3.59,3.56,3.58,3.54,28.20,65.9,-30,-30,79.3,1526,431,-564,896,324,0,999,0,0,1,-1,0,1,1,-1,-1,-1,-1,-1,0,1,
2026-04-15,15:04:01.830,7.60,98,98,95,0.011,15.29,59,0,8.10,-0.270,1.264,1.47,64,0,-122.74,-8.92,10,0.00,3.56,3.57,3.57,3.58,3.59,3.56,3.58,3.54,28.19,65.9,-30,-30,80.9,1531,387,-620,895,190,0,999,0,0,1,-1,0,1,1,-1,-1,-1,-1,-1,0,1,
2026-04-15,15:04:02.100,7.60,99,99,95,0.022,16.11,60,0,8.08,-0.267,1.440,1.42,65,0,-118.79,-8.05,10,0.00,3.56,3.57,3.57,3.58,3.59,3.56,3.58,3.54,28.19,65.9,-30,-30,78.7,1536,344,-618,895,19,0,999,0,0,1,-1,0,1,1,-1,-1,-1,-1,-1,0,1,
2026-04-15,15:04:02.360,7.60,99,99,95,0.036,16.61,60,0,8.05,-0.316,1.401,1.74,62,0,-117.75,-5.59,10,0.00,3.56,3.57,3.56,3.58,3.59,3.56,3.58,3.54,28.18,65.6,-30,-30,82.0,1540,34,-611,894,-209,0,1000,0,0,1,-1,0,1,1,-1,-1,-1,-1,-1,0,1,
2026-04-15,15:04:02.630,7.60,99,99,97,0.023,16.46,58,0,8.09,-0.329,1.576,0.53,63,0,-117.16,-3.30,10,0.00,3.56,3.57,3.56,3.58,3.58,3.56,3.58,3.54,28.17,65.4,-30,-30,80.7,1545,0,-669,895,-207,0,1000,0,0,1,-1,0,1,1,-1,-1,-1,-1,-1,0,1,
2026-04-15,15:04:02.890,7.60,100,100,98,0.078,16.29,57,0,8.08,-0.368,1.608,-0.24,74,0,-117.59,-3.44,10,0.00,3.56,3.57,3.56,3.58,3.58,3.56,3.57,3.55,28.17,65.4,-30,-30,79.3,1550,-56,-640,894,-226,0,999,0,0,1,-1,0,1,1,-1,-1,-1,-1,-1,0,1,
2026-04-15,15:04:03.150,7.60,99,99,98,0.105,16.08,56,0,8.09,-0.391,1.833,-0.54,78,0,-125.26,-5.89,10,0.00,3.56,3.56,3.56,3.58,3.58,3.56,3.57,3.55,28.15,65.8,-30,-30,82.8,1555,0,-643,916,0,0,1000,0,0,1,-1,0,1,1,-1,-1,-1,-1,-1,0,1,
2026-04-15,15:04:03.410,7.60,98,98,98,0.100,15.80,55,0,8.12,-0.374,1.757,-0.81,77,0,-128.48,-7.59,10,0.00,3.56,3.56,3.56,3.57,3.58,3.56,3.57,3.55,28.15,65.8,-30,-30,82.8,1559,1,-627,919,0,0,999,0,0,1,-1,0,1,1,-1,-1,-1,-1,-1,0,1,
2026-04-15,15:04:03.680,7.60,96,98,98,0.107,15.54,55,0,8.14,-0.234,1.369,-0.88,73,0,-132.58,-9.82,10,0.00,3.56,3.56,3.56,3.57,3.58,3.56,3.57,3.55,28.13,67.6,-30,-30,82.6,1564,7,-632,918,57,0,1000,0,0,1,-1,0,1,1,-1,-1,-1,-1,-1,0,1,
2026-04-15,15:04:03.940,7.60,96,98,98,0.214,15.54,54,0,8.12,-0.364,1.497,-0.48,70,0,-133.54,-12.02,10,0.00,3.56,3.56,3.56,3.57,3.58,3.56,3.57,3.54,28.13,67.6,-30,-30,77.4,1569,61,-656,919,94,0,999,0,0,1,-1,0,1,1,-1,-1,-1,-1,-1,0,1,
2026-04-15,15:04:04.210,7.60,94,98,98,0.223,15.78,51,0,8.11,-0.209,1.137,0.31,63,0,-146.64,-14.13,10,0.00,3.55,3.56,3.56,3.57,3.58,3.56,3.57,3.54,28.12,67.6,-30,-30,78.2,1574,128,-613,920,244,0,999,0,0,1,-1,0,1,1,-1,-1,-1,-1,-1,0,1,
2026-04-15,15:04:04.480,7.60,96,98,98,0.143,15.92,49,0,8.11,-0.185,1.011,0.52,60,0,-156.74,-11.63,10,0.00,3.55,3.56,3.56,3.57,3.58,3.56,3.57,3.54,28.12,67.6,-30,-30,82.0,1579,253,-583,932,348,0,999,0,0,1,-1,0,1,1,-1,-1,-1,-1,-1,0,1,
2026-04-15,15:04:04.740,7.60,96,99,99,0.117,15.75,52,0,8.09,-0.287,1.171,-0.06,57,0,-157.50,-12.03,10,0.00,3.55,3.56,3.55,3.57,3.58,3.56,3.57,3.54,28.09,68.0,-30,-30,85.9,1584,273,-626,945,342,0,999,0,0,1,-1,0,1,1,-1,-1,-1,-1,-1,0,1,
2026-04-15,15:04:05.010,7.60,99,100,99,0.045,15.82,54,0,8.08,-0.320,1.586,0.06,54,0,-148.93,-14.93,10,0.00,3.55,3.56,3.55,3.57,3.57,3.55,3.57,3.54,28.09,68.0,-30,-30,83.5,1589,288,-589,948,371,0,999,0,0,1,-1,0,1,1,-1,-1,-1,-1,-1,0,1,
2026-04-15,15:04:05.270,7.59,100,100,99,0.065,15.98,52,0,8.07,-0.350,1.849,0.47,55,0,-143.55,-16.37,10,0.00,3.55,3.56,3.55,3.57,3.57,3.55,3.57,3.53,28.06,69.9,-30,-30,81.1,1594,313,-585,956,380,0,999,0,0,1,-1,0,1,1,-1,-1,-1,-1,-1,0,1,
2026-04-15,15:04:05.540,7.60,100,100,100,0.072,16.50,50,0,8.10,-0.407,1.463,1.14,57,0,-137.19,-16.47,10,0.00,3.54,3.55,3.55,3.57,3.57,3.55,3.57,3.53,28.06,69.9,-30,-30,81.1,1600,305,-605,958,221,0,999,0,0,1,-1,0,1,1,-1,-1,-1,-1,-1,0,1,
2026-04-15,15:04:05.810,7.60,98,100,100,0.058,17.09,49,0,8.13,-0.186,1.253,1.57,58,0,-130.82,-17.02,10,0.00,3.54,3.55,3.55,3.56,3.57,3.55,3.57,3.53,28.03,71.3,-30,-30,78.7,1605,286,-597,957,208,0,1000,0,0,1,-1,0,1,1,-1,-1,-1,-1,-1,0,1,
2026-04-15,15:04:06.080,7.60,94,100,100,0.031,18.12,48,0,8.15,-0.319,1.396,2.78,59,0,-128.10,-17.48,10,0.00,3.54,3.55,3.55,3.56,3.57,3.54,3.57,3.53,28.03,71.3,-30,-30,78.0,1610,285,-627,958,196,0,999,0,0,1,-1,0,1,1,-1,-1,-1,-1,-1,0,1,
2026-04-15,15:04:06.340,7.60,94,100,100,0.065,18.90,49,0,8.16,-0.510,1.431,2.82,61,0,-116.76,-15.90,10,0.00,3.54,3.55,3.55,3.56,3.57,3.54,3.56,3.52,28.00,71.7,-30,-30,70.0,1615,246,-706,957,0,0,999,0,0,1,-1,0,1,1,-1,-1,-1,-1,-1,0,1,
2026-04-15,15:04:06.620,7.59,96,100,100,0.168,19.64,52,0,8.12,-0.467,1.365,2.69,64,0,-117.26,-15.97,10,0.00,3.53,3.54,3.55,3.56,3.57,3.54,3.56,3.52,28.00,72.6,-30,-30,68.0,1621,71,-679,954,-105,0,999,0,0,1,-1,0,1,1,-1,-1,-1,-1,-1,0,1,
2026-04-15,15:04:06.880,7.60,100,100,100,0.175,20.76,52,0,8.11,-0.465,1.093,3.21,63,0,-123.22,-16.70,10,0.00,3.53,3.54,3.55,3.56,3.57,3.54,3.56,3.52,27.98,72.6,-30,-30,67.6,1626,97,-651,959,0,0,1000,0,0,1,-1,0,1,1,-1,-1,-1,-1,-1,0,1,
2026-04-15,15:04:07.150,7.59,100,100,100,0.129,21.88,53,0,8.12,-0.376,1.104,3.80,62,0,-132.79,-17.42,10,0.00,3.53,3.54,3.54,3.55,3.57,3.54,3.56,3.52,27.95,72.5,-30,-30,68.7,1632,184,-599,964,129,0,999,0,0,1,-1,0,1,1,-1,-1,-1,-1,-1,0,1,
2026-04-15,15:04:07.420,7.60,100,100,100,0.142,23.28,54,0,8.14,-0.385,1.165,3.31,59,0,-135.80,-17.85,10,0.00,3.53,3.54,3.54,3.55,3.56,3.54,3.56,3.52,27.95,72.5,-30,-30,72.6,1637,209,-531,965,134,0,999,0,0,1,-1,0,1,1,-1,-1,-1,-1,-1,0,1,
2026-04-15,15:04:07.690,7.60,100,100,100,0.133,23.88,54,0,8.16,-0.393,1.007,2.25,57,0,-143.69,-17.77,10,0.00,3.53,3.54,3.54,3.55,3.56,3.54,3.55,3.51,27.92,72.9,-30,-30,71.9,1643,223,-425,966,201,0,1000,0,0,1,-1,0,1,1,-1,-1,-1,-1,-1,0,1,
2026-04-15,15:04:07.950,7.59,100,100,100,0.129,24.47,54,0,8.16,-0.375,0.931,2.08,54,0,-150.01,-17.95,10,0.00,3.53,3.54,3.54,3.55,3.56,3.54,3.55,3.51,27.92,72.9,-30,-30,72.2,1648,287,-324,969,443,0,999,0,0,1,-1,0,1,1,-1,-1,-1,-1,-1,0,1,
2026-04-15,15:04:08.210,7.60,100,100,100,0.070,24.87,54,0,8.12,-0.280,1.003,1.81,55,0,-150.05,-16.64,10,0.00,3.53,3.54,3.53,3.55,3.56,3.54,3.55,3.51,27.90,73.1,-30,-30,72.2,1653,313,-407,974,363,0,1000,0,0,1,-1,0,1,1,-1,-1,-1,-1,-1,0,1,
2026-04-15,15:04:08.480,7.60,99,100,100,0.135,25.17,54,0,8.15,-0.354,1.108,1.81,55,0,-144.03,-15.63,10,0.00,3.53,3.54,3.53,3.55,3.55,3.54,3.55,3.51,27.90,73.1,-30,-30,75.6,1658,313,-448,974,321,0,999,0,0,1,-1,0,1,1,-1,-1,-1,-1,-1,0,1,
2026-04-15,15:04:08.750,7.59,98,100,100,0.096,25.80,54,0,8.16,-0.291,1.041,1.69,57,0,-143.03,-15.39,10,0.00,3.53,3.54,3.53,3.55,3.55,3.54,3.55,3.51,27.89,73.3,-30,-30,76.7,1664,310,-551,974,239,0,999,0,0,1,-1,0,1,1,-1,-1,-1,-1,-1,0,1,
2026-04-15,15:04:09.010,7.60,98,100,100,0.112,26.16,54,0,8.15,-0.308,0.949,1.64,58,0,-144.28,-15.23,10,0.00,3.52,3.53,3.53,3.55,3.55,3.54,3.55,3.51,27.89,73.3,-30,-30,78.0,1669,307,-473,971,420,0,999,0,0,1,-1,0,1,1,-1,-1,-1,-1,-1,0,1,
2026-04-15,15:04:09.280,7.59,99,100,100,0.036,26.21,53,0,8.12,-0.233,1.112,0.76,54,0,-135.33,-15.23,10,0.00,3.52,3.53,3.53,3.55,3.55,3.54,3.55,3.51,27.87,73.2,-30,-30,75.6,1675,305,-609,963,278,0,999,0,0,1,-1,0,1,1,-1,-1,-1,-1,-1,0,1,
2026-04-15,15:04:09.550,7.59,99,100,100,0.085,26.41,53,0,8.10,-0.298,1.317,0.64,59,0,-129.06,-15.18,10,0.00,3.52,3.53,3.53,3.55,3.55,3.54,3.55,3.51,27.87,73.2,-30,-30,77.4,1680,258,-713,900,77,0,999,0,0,1,-1,0,1,1,-1,-1,-1,-1,-1,0,1,
2026-04-15,15:04:09.820,7.60,99,100,100,0.082,26.80,52,0,8.08,-0.423,1.617,0.99,58,0,-126.34,-15.99,10,0.00,3.52,3.53,3.53,3.55,3.55,3.53,3.55,3.51,27.90,69.1,-30,-30,76.3,1686,229,-677,891,0,0,1000,0,0,1,-1,0,1,1,-1,-1,-1,-1,-1,0,1,
2026-04-15,15:04:10.100,7.60,98,100,100,0.112,26.84,51,0,8.09,-0.404,1.400,0.65,58,0,-130.20,-16.37,10,0.00,3.52,3.53,3.53,3.55,3.55,3.53,3.55,3.51,27.90,69.1,-30,-30,75.0,1691,216,-681,890,16,0,999,0,0,1,-1,0,1,1,-1,-1,-1,-1,-1,0,1,
2026-04-15,15:04:10.370,7.60,99,100,100,0.084,27.10,51,0,8.12,-0.292,1.271,0.46,57,0,-133.52,-15.75,10,0.00,3.53,3.54,3.53,3.55,3.55,3.53,3.55,3.51,27.92,65.3,-30,-30,75.6,1696,205,-678,890,0,0,999,0,0,1,-1,0,1,1,-1,-1,-1,-1,-1,0,1,
2026-04-15,15:04:10.640,7.60,99,100,100,0.076,26.76,50,0,8.15,-0.400,1.439,-0.36,55,0,-134.65,-15.68,10,0.00,3.53,3.54,3.54,3.55,3.55,3.53,3.55,3.51,27.95,66.4,-30,-30,75.6,1701,168,-719,890,-48,0,999,0,0,1,-1,0,1,1,-1,-1,-1,-1,-1,0,1,
2026-04-15,15:04:10.910,7.59,100,100,100,0.035,26.39,52,0,8.13,-0.417,1.432,-0.99,57,0,-133.45,-16.36,10,0.00,3.53,3.54,3.54,3.55,3.56,3.54,3.55,3.51,27.95,66.4,-30,-30,73.7,1706,130,-714,890,-47,0,1000,0,0,1,-1,0,1,1,-1,-1,-1,-1,-1,0,1,
2026-04-15,15:04:11.180,7.60,100,100,100,0.089,25.94,52,0,8.15,-0.357,1.409,-1.37,52,0,-130.81,-18.66,10,0.00,3.53,3.54,3.54,3.55,3.56,3.54,3.56,3.51,27.96,65.7,-30,-30,73.5,1711,127,-679,890,-49,0,999,0,0,1,-1,0,1,1,-1,-1,-1,-1,-1,0,1,
2026-04-15,15:04:11.460,7.60,100,100,100,0.075,25.81,53,0,8.16,-0.331,1.403,-0.96,54,0,-134.13,-21.89,10,0.00,3.54,3.54,3.54,3.55,3.56,3.54,3.56,3.51,27.96,65.7,-30,-30,72.6,1716,115,-644,888,-86,0,999,0,0,1,-1,0,1,1,-1,-1,-1,-1,-1,0,1,
2026-04-15,15:04:11.720,7.60,100,100,100,0.090,25.75,51,0,8.14,-0.302,1.415,-0.45,59,0,-136.09,-23.52,10,0.00,3.54,3.54,3.55,3.55,3.56,3.54,3.56,3.51,27.97,65.4,-30,-30,76.7,1721,117,-586,889,-81,0,1000,0,0,1,-1,0,1,1,-1,-1,-1,-1,-1,0,1,
2026-04-15,15:04:11.980,7.59,100,100,99,0.085,25.98,50,0,8.15,-0.402,1.507,0.13,60,0,-142.31,-26.76,10,0.00,3.54,3.54,3.55,3.55,3.56,3.54,3.56,3.51,27.97,65.4,-30,-30,77.6,1725,93,-457,890,0,0,1000,0,0,1,-1,0,1,1,-1,-1,-1,-1,-1,0,1,
2026-04-15,15:04:12.250,7.60,100,100,99,0.102,26.08,49,0,8.16,-0.183,0.993,0.49,62,0,-144.36,-27.34,10,0.00,3.54,3.54,3.55,3.55,3.56,3.54,3.56,3.51,27.98,65.1,-30,-30,80.7,1730,70,-438,891,0,0,999,0,0,1,-1,0,1,1,-1,-1,-1,-1,-1,0,1,
2026-04-15,15:04:12.520,7.60,100,100,99,0.081,26.06,49,0,8.15,-0.321,1.182,-0.02,64,0,-145.91,-27.98,10,0.00,3.54,3.54,3.55,3.55,3.56,3.54,3.56,3.52,27.98,65.1,-30,-30,80.2,1735,51,-392,888,0,0,999,0,0,1,-1,0,1,1,-1,-1,-1,-1,-1,0,1,
2026-04-15,15:04:12.790,7.59,100,100,99,0.083,26.32,50,0,8.16,-0.263,1.220,0.40,63,0,-144.33,-29.44,10,0.00,3.54,3.54,3.55,3.55,3.56,3.54,3.56,3.52,28.00,64.5,-30,-30,76.9,1740,35,-345,884,0,0,999,0,0,1,-1,0,1,1,-1,-1,-1,-1,-1,0,1,
2026-04-15,15:04:13.070,7.60,100,100,99,0.133,26.93,53,0,8.17,-0.280,1.093,1.27,62,0,-145.11,-29.15,10,0.00,3.54,3.54,3.55,3.56,3.56,3.54,3.56,3.52,28.00,64.5,-30,-30,76.7,1745,47,-292,883,7,0,1000,0,0,1,-1,0,1,1,-1,-1,-1,-1,-1,0,1,
2026-04-15,15:04:13.340,7.60,100,100,99,0.156,27.65,55,0,8.17,-0.284,0.682,2.14,58,0,-151.38,-27.01,10,0.00,3.54,3.54,3.55,3.56,3.57,3.54,3.56,3.52,28.00,64.3,-30,-30,76.7,1750,77,-181,884,122,0,999,0,0,1,-1,0,1,1,-1,-1,-1,-1,-1,0,1,
2026-04-15,15:04:13.620,7.60,100,100,99,0.188,27.93,56,0,8.14,-0.204,0.645,1.59,53,0,-155.36,-25.08,10,0.00,3.54,3.54,3.55,3.56,3.57,3.54,3.56,3.52,28.00,64.6,-30,-30,77.8,1755,111,-304,886,207,0,999,0,0,1,-1,0,1,1,-1,-1,-1,-1,-1,0,1,
2026-04-15,15:04:13.880,7.59,100,100,99,0.185,28.22,55,0,8.16,-0.233,0.659,1.19,52,0,-156.02,-24.01,10,0.00,3.54,3.55,3.55,3.56,3.57,3.54,3.56,3.52,28.01,64.6,-30,-30,78.7,1760,132,-360,887,254,0,999,0,0,1,-1,0,1,1,-1,-1,-1,-1,-1,0,1,
2026-04-15,15:04:14.150,7.59,100,100,99,0.122,28.57,53,0,8.14,-0.264,0.965,1.11,52,0,-155.78,-23.23,10,0.00,3.54,3.55,3.55,3.56,3.57,3.54,3.56,3.52,28.01,64.4,-30,-30,77.6,1764,169,-374,887,339,0,999,0,0,1,-1,0,1,1,-1,-1,-1,-1,-1,0,1,
2026-04-15,15:04:14.420,7.59,99,99,99,0.123,28.91,49,0,8.13,-0.329,0.981,1.11,55,0,-152.28,-21.39,10,0.00,3.54,3.55,3.55,3.56,3.56,3.54,3.56,3.52,28.01,64.4,-30,-30,79.5,1769,197,-404,887,384,0,999,0,0,1,-1,0,1,1,-1,-1,-1,-1,-1,0,1,
2026-04-15,15:04:14.680,7.60,96,99,99,0.161,29.71,46,0,8.13,-0.232,1.089,1.31,55,0,-149.77,-21.02,10,0.00,3.54,3.55,3.55,3.56,3.56,3.54,3.56,3.52,28.01,64.1,-30,-30,77.4,1774,226,-428,888,387,0,999,0,0,1,-1,0,1,1,-1,-1,-1,-1,-1,0,1,
2026-04-15,15:04:14.950,7.60,91,99,99,0.126,29.96,45,0,8.13,-0.273,0.904,1.32,59,0,-148.07,-20.48,10,0.00,3.54,3.55,3.55,3.56,3.56,3.54,3.56,3.52,28.01,64.1,-30,-30,76.9,1779,205,-443,888,354,0,1000,0,0,1,-1,0,1,1,-1,-1,-1,-1,-1,0,1,
2026-04-15,15:04:15.220,7.60,88,99,99,0.124,29.95,45,0,8.15,-0.236,0.920,0.46,61,0,-149.12,-18.52,10,0.00,3.54,3.54,3.55,3.56,3.56,3.54,3.56,3.52,28.02,65.0,-30,-30,78.3,1783,196,-391,887,382,0,999,0,0,1,-1,0,1,1,-1,-1,-1,-1,-1,0,1,
2026-04-15,15:04:15.480,7.60,91,99,99,0.064,29.73,46,0,8.16,-0.241,0.945,0.46,63,0,-145.56,-18.16,10,0.00,3.54,3.54,3.55,3.56,3.56,3.54,3.56,3.52,28.02,65.0,-30,-30,76.7,1788,174,-392,886,293,0,999,0,0,1,-1,0,1,1,-1,-1,-1,-1,-1,0,1,
2026-04-15,15:04:15.750,7.60,96,99,99,0.125,29.64,49,0,8.14,-0.245,1.124,-0.58,64,0,-141.58,-18.05,10,0.00,3.54,3.54,3.55,3.56,3.56,3.54,3.56,3.52,28.02,64.6,-30,-30,76.7,1793,79,-412,886,0,0,999,0,0,1,-1,0,1,1,-1,-1,-1,-1,-1,0,1,
2026-04-15,15:04:16.030,7.59,99,100,100,0.128,30.18,50,0,8.13,-0.307,1.320,0.83,64,0,-140.45,-17.82,10,0.00,3.54,3.54,3.55,3.56,3.56,3.54,3.56,3.52,28.02,64.6,-30,-30,76.3,1798,53,-408,886,-50,0,999,0,0,1,-1,0,1,1,-1,-1,-1,-1,-1,0,1,
2026-04-15,15:04:16.300,7.60,99,100,100,0.132,30.44,52,0,8.15,-0.199,1.044,1.07,66,0,-145.69,-16.25,10,0.00,3.54,3.54,3.55,3.56,3.56,3.54,3.56,3.52,28.02,64.5,-30,-30,78.0,1803,32,-418,886,-45,0,999,0,0,1,-1,0,1,1,-1,-1,-1,-1,-1,0,1,
2026-04-15,15:04:16.560,7.60,99,100,100,0.120,30.39,53,0,8.16,-0.255,0.955,0.44,67,0,-149.79,-16.37,10,0.00,3.54,3.54,3.55,3.55,3.56,3.54,3.56,3.52,28.02,64.5,-30,-30,77.4,1807,49,-412,888,0,0,999,0,0,1,-1,0,1,1,-1,-1,-1,-1,-1,0,1,
2026-04-15,15:04:16.830,7.60,99,100,100,0.113,30.25,53,0,8.17,-0.373,1.097,-0.19,67,0,-151.59,-17.78,10,0.00,3.54,3.54,3.55,3.55,3.56,3.54,3.56,3.52,28.01,64.5,-30,-30,76.9,1812,45,-396,887,-9,0,999,0,0,1,-1,0,1,1,-1,-1,-1,-1,-1,0,1,
2026-04-15,15:04:17.100,7.60,100,100,100,0.178,30.16,52,0,8.13,-0.263,1.104,-0.48,68,0,-154.07,-18.88,10,0.00,3.54,3.54,3.55,3.55,3.56,3.54,3.56,3.51,28.01,64.5,-30,-30,75.0,1817,31,-387,886,-23,0,1000,0,0,1,-1,0,1,1,-1,-1,-1,-1,-1,0,1,
2026-04-15,15:04:17.370,7.60,100,100,100,0.187,30.17,52,0,8.15,-0.241,1.024,0.09,68,0,-157.97,-18.76,10,0.00,3.54,3.54,3.55,3.55,3.56,3.54,3.56,3.51,28.01,64.5,-30,-30,75.6,1822,24,-369,885,-26,0,999,0,0,1,-1,0,1,1,-1,-1,-1,-1,-1,0,1,
2026-04-15,15:04:17.640,7.60,100,100,100,0.159,29.96,50,0,8.16,-0.280,0.968,-0.31,66,0,-165.90,-17.10,10,0.00,3.54,3.54,3.55,3.55,3.56,3.54,3.56,3.51,28.02,64.6,-30,-30,80.9,1827,26,-338,885,0,0,999,0,0,1,-1,0,1,1,-1,-1,-1,-1,-1,0,1,
2026-04-15,15:04:17.900,7.60,100,100,100,0.138,29.60,50,0,8.16,-0.208,0.961,-0.95,60,0,-168.74,-16.84,10,0.00,3.54,3.54,3.54,3.56,3.56,3.54,3.56,3.51,28.02,64.6,-30,-30,79.5,1831,29,-299,880,0,0,1000,0,0,1,-1,0,1,1,-1,-1,-1,-1,-1,0,1,
2026-04-15,15:04:18.170,7.60,100,100,100,0.125,29.41,51,0,8.17,-0.245,0.783,-0.83,61,0,-172.27,-15.64,10,0.00,3.54,3.54,3.54,3.56,3.56,3.54,3.56,3.51,28.04,63.5,-30,-30,80.7,1836,23,-297,811,0,0,999,0,0,1,-1,0,1,1,-1,-1,-1,-1,-1,0,1,
2026-04-15,15:04:18.440,7.60,100,100,100,0.030,29.10,52,0,8.17,-0.192,0.821,-0.81,58,0,-171.38,-15.64,10,0.00,3.54,3.54,3.54,3.56,3.56,3.54,3.56,3.52,28.04,63.5,-30,-30,80.7,1841,0,-278,775,0,0,999,0,0,1,-1,0,1,1,-1,-1,-1,-1,-1,0,1,
2026-04-15,15:04:18.700,7.60,100,100,100,0.076,28.38,53,0,8.17,-0.189,0.867,-1.76,54,0,-170.61,-16.09,10,0.00,3.54,3.55,3.54,3.56,3.56,3.54,3.56,3.52,28.10,54.3,-30,-30,77.6,1845,0,-278,713,0,0,1000,0,0,1,-1,0,1,1,-1,-1,-1,-1,-1,0,1,
2026-04-15,15:04:18.960,7.60,100,100,100,0.153,28.10,54,0,8.17,-0.063,0.721,-1.64,55,0,-170.24,-15.94,10,0.00,3.54,3.55,3.56,3.56,3.56,3.54,3.56,3.52,28.10,54.3,-30,-30,79.5,1849,0,-321,708,0,0,1000,0,0,1,-1,0,1,1,-1,-1,-1,-1,-1,0,1,
2026-04-15,15:04:19.220,7.59,100,100,100,0.133,28.29,54,0,8.17,-0.106,0.871,-0.15,56,0,-171.96,-16.10,10,0.00,3.54,3.55,3.56,3.56,3.58,3.56,3.56,3.52,28.17,47.8,-30,-30,80.7,1853,0,-305,703,0,0,999,0,0,1,-1,0,1,1,-1,-1,-1,-1,-1,0,1,
2026-04-15,15:04:19.490,7.60,100,100,100,0.097,28.09,54,0,8.17,-0.136,1.014,-0.34,59,0,-174.23,-15.64,10,0.00,3.54,3.55,3.56,3.56,3.58,3.56,3.58,3.55,28.17,47.8,-30,-30,81.9,1857,35,-336,703,0,0,999,0,0,1,-1,0,1,1,-1,-1,-1,-1,-1,0,1,
2026-04-15,15:04:19.760,7.60,100,100,100,0.085,27.86,54,0,8.17,-0.153,1.116,-0.60,63,0,-176.51,-14.75,10,0.00,3.54,3.55,3.56,3.56,3.58,3.56,3.58,3.55,28.23,47.7,-30,-30,83.2,1860,42,-400,702,56,0,999,0,0,1,-1,0,1,1,-1,-1,-1,-1,-1,0,1,
2026-04-15,15:04:20.030,7.60,100,100,100,0.113,26.85,54,0,8.14,-0.134,1.121,-1.61,64,0,-177.30,-14.96,10,0.00,3.57,3.57,3.56,3.56,3.58,3.56,3.58,3.55,28.23,47.7,-30,-30,87.2,1864,95,-401,702,148,0,1000,0,0,1,-1,0,1,1,-1,-1,-1,-1,-1,0,1,
2026-04-15,15:04:20.290,7.59,100,100,100,0.147,26.51,54,0,8.14,-0.106,1.047,-1.46,64,0,85.15,-16.82,10,0.00,3.57,3.57,3.58,3.58,3.58,3.56,3.58,3.55,28.29,46.6,-30,-30,84.3,1867,105,-307,701,112,0,999,0,0,1,-1,0,1,1,-1,-1,-1,-1,-1,0,1,
2026-04-15,15:04:20.560,7.60,100,100,100,0.026,26.13,53,0,8.16,-0.069,1.047,-1.23,65,0,178.03,-16.21,10,0.00,3.57,3.57,3.58,3.58,3.59,3.57,3.58,3.55,28.29,46.6,-30,-30,84.3,1871,111,-257,700,280,0,999,0,0,1,-1,0,1,1,-1,-1,-1,-1,-1,0,1,
2026-04-15,15:04:20.830,7.60,100,100,100,0.026,25.54,53,0,8.14,-0.055,0.875,-1.68,69,0,-172.80,-15.62,10,0.00,3.57,3.57,3.58,3.58,3.59,3.57,3.58,3.56,28.34,47.4,-30,-30,80.7,1874,124,-311,701,286,0,999,0,0,1,-1,0,1,1,-1,-1,-1,-1,-1,0,1,
2026-04-15,15:04:21.090,7.59,100,100,100,0.064,25.24,53,0,8.16,-0.203,1.248,-1.54,70,0,-161.77,-15.41,10,0.00,3.58,3.58,3.58,3.58,3.59,3.57,3.58,3.56,28.34,47.6,-30,-30,78.7,1878,114,-360,701,59,0,1000,0,0,1,-1,0,1,1,-1,-1,-1,-1,-1,0,1,
2026-04-15,15:04:21.350,7.59,100,100,100,0.033,25.03,53,0,8.16,-0.151,1.203,-0.99,69,0,-158.30,-15.68,10,0.00,3.58,3.58,3.59,3.59,3.59,3.57,3.58,3.56,28.37,47.6,-30,-30,83.2,1881,108,-442,702,32,0,999,0,0,1,-1,0,1,1,-1,-1,-1,-1,-1,0,1,
2026-04-15,15:04:21.610,7.60,100,100,100,0.120,24.80,53,0,8.17,-0.120,0.980,-0.80,64,0,-155.62,-16.21,10,0.00,3.58,3.58,3.59,3.59,3.60,3.58,3.58,3.56,28.37,47.2,-30,-30,82.6,1884,103,-438,702,0,0,999,0,0,1,-1,0,1,1,-1,-1,-1,-1,-1,0,1,
2026-04-15,15:04:21.870,7.60,100,100,100,0.056,24.53,55,0,8.15,-0.187,1.621,-0.99,57,0,-157.83,-18.18,10,0.00,3.58,3.58,3.59,3.59,3.60,3.58,3.58,3.56,28.40,47.2,-30,-30,90.7,1888,77,-400,701,0,0,1000,0,0,1,-1,0,1,1,-1,-1,-1,-1,-1,0,1,
2026-04-15,15:04:22.140,7.59,100,100,100,0.149,24.18,57,0,8.12,-0.063,1.007,-0.91,59,0,-157.66,-18.20,10,0.00,3.58,3.58,3.59,3.59,3.60,3.58,3.59,3.56,28.40,46.6,-30,-30,87.2,1891,0,-409,701,-205,0,999,0,0,1,-1,0,1,1,-1,-1,-1,-1,-1,0,1,
2026-04-15,15:04:22.400,7.59,100,100,100,0.066,23.94,58,0,8.13,-0.098,1.203,-1.08,59,0,-161.04,-18.35,10,0.00,3.58,3.58,3.59,3.59,3.60,3.58,3.59,3.56,28.43,46.6,-30,-30,87.0,1895,0,-391,702,-136,0,999,0,0,1,-1,0,1,1,-1,-1,-1,-1,-1,0,1,
2026-04-15,15:04:22.660,7.60,100,100,100,0.065,23.91,59,0,8.15,-0.122,1.346,-0.49,60,0,-164.61,-19.85,10,0.00,3.58,3.58,3.59,3.59,3.60,3.58,3.59,3.56,28.45,46.6,-30,-30,87.0,1898,0,-369,701,-46,0,1000,0,0,1,-1,0,1,1,-1,-1,-1,-1,-1,0,1,
2026-04-15,15:04:22.930,7.60,100,100,100,0.040,23.80,59,0,8.16,-0.088,1.170,-0.22,61,0,-165.05,-20.10,10,0.00,3.58,3.58,3.59,3.59,3.60,3.58,3.59,3.56,28.45,46.6,-30,-30,86.1,1902,0,-354,701,-99,0,999,0,0,1,-1,0,1,1,-1,-1,-1,-1,-1,0,1,
2026-04-15,15:04:23.200,7.60,100,100,100,0.071,23.76,57,0,8.17,-0.108,1.038,-0.20,54,0,-164.72,-20.21,10,0.00,3.58,3.58,3.59,3.59,3.60,3.58,3.59,3.57,28.46,47.2,-30,-30,84.1,1905,0,-239,701,-138,0,999,0,0,1,-1,0,1,1,-1,-1,-1,-1,-1,0,1,
2026-04-15,15:04:23.470,7.60,100,100,100,0.057,23.67,56,0,8.17,-0.091,0.950,-0.22,53,0,-167.58,-19.75,10,0.00,3.58,3.59,3.59,3.59,3.60,3.58,3.59,3.57,28.46,47.2,-30,-30,84.3,1909,0,-257,702,-148,0,999,0,0,1,-1,0,1,1,-1,-1,-1,-1,-1,0,1,
2026-04-15,15:04:23.730,7.60,100,100,100,0.074,23.71,55,0,8.17,-0.114,0.972,-0.22,55,0,-170.12,-18.09,10,0.00,3.58,3.59,3.59,3.59,3.60,3.58,3.59,3.57,28.47,47.5,-30,-30,83.5,1912,-55,-296,702,-263,0,999,0,0,1,-1,0,1,1,-1,-1,-1,-1,-1,0,1,
2026-04-15,15:04:24.010,7.60,99,100,100,0.097,23.82,51,0,8.15,-0.126,0.959,0.17,56,0,-171.91,-17.55,10,0.00,3.58,3.59,3.59,3.59,3.60,3.58,3.59,3.57,28.47,47.5,-30,-30,83.7,1916,-159,-252,701,-386,0,999,0,0,1,-1,0,1,1,-1,-1,-1,-1,-1,0,1,
2026-04-15,15:04:24.280,7.60,97,100,100,0.089,24.22,50,0,8.12,-0.093,0.888,0.83,58,0,18.62,-16.48,10,0.00,3.58,3.59,3.59,3.59,3.60,3.58,3.59,3.57,28.48,47.6,-30,-30,80.4,1919,-196,-303,698,-387,0,999,0,0,1,-1,0,1,1,-1,-1,-1,-1,-1,0,1,
2026-04-15,15:04:24.550,7.60,97,100,100,0.080,24.40,49,0,8.12,-0.133,0.944,0.87,59,0,175.81,-15.96,10,0.00,3.58,3.59,3.59,3.59,3.60,3.58,3.59,3.57,28.48,47.6,-30,-30,81.7,1923,-207,-353,698,-386,0,999,0,0,1,-1,0,1,1,-1,-1,-1,-1,-1,0,1,
2026-04-15,15:04:24.810,7.60,93,100,100,0.093,24.38,45,0,8.13,-0.156,1.014,0.37,57,0,174.63,-16.08,10,0.00,3.58,3.59,3.59,3.59,3.60,3.58,3.59,3.57,28.49,47.4,-30,-30,80.4,1926,-198,-372,699,-364,0,1000,0,0,1,-1,0,1,1,-1,-1,-1,-1,-1,0,1,
2026-04-15,15:04:25.080,7.60,90,100,100,0.064,24.49,43,0,8.13,-0.139,1.205,0.24,57,0,165.41,-18.70,10,0.00,3.58,3.59,3.59,3.59,3.60,3.58,3.59,3.57,28.49,47.4,-30,-30,81.9,1930,-196,-369,699,-366,0,999,0,0,1,-1,0,1,1,-1,-1,-1,-1,-1,0,1,
2026-04-15,15:04:25.340,7.59,91,100,100,0.050,24.73,44,0,8.11,-0.173,1.083,0.39,57,0,160.43,-18.89,10,0.00,3.58,3.59,3.59,3.59,3.60,3.58,3.59,3.57,28.49,47.5,-30,-30,81.9,1933,-189,-400,702,-323,0,1000,0,0,1,-1,0,1,1,-1,-1,-1,-1,-1,0,1,
2026-04-15,15:04:25.610,7.60,96,100,100,0.083,24.86,47,0,8.13,-0.177,1.194,0.19,58,0,153.44,-20.37,10,0.00,3.58,3.59,3.59,3.59,3.60,3.58,3.59,3.57,28.49,47.9,-30,-30,82.8,1937,-160,-441,702,-58,0,999,0,0,1,-1,0,1,1,-1,-1,-1,-1,-1,0,1,
2026-04-15,15:04:25.870,7.60,100,100,100,0.081,25.15,48,0,8.16,-0.231,1.237,0.72,57,0,150.56,-21.03,10,0.00,3.58,3.59,3.59,3.59,3.60,3.58,3.59,3.57,28.49,47.9,-30,-30,80.9,1940,-167,-443,701,-137,0,999,0,0,1,-1,0,1,1,-1,-1,-1,-1,-1,0,1,
2026-04-15,15:04:26.140,7.60,100,100,100,0.078,25.49,48,0,8.14,-0.213,1.149,1.03,57,0,145.11,-21.71,10,0.00,3.58,3.59,3.59,3.59,3.60,3.58,3.59,3.57,28.49,48.0,-30,-30,80.2,1944,-190,-498,700,-143,0,1000,0,0,1,-1,0,1,1,-1,-1,-1,-1,-1,0,1,
2026-04-15,15:04:26.410,7.60,99,99,99,0.075,25.90,48,0,8.11,-0.233,1.148,1.25,53,0,138.25,-22.24,10,0.00,3.58,3.59,3.59,3.59,3.60,3.58,3.59,3.57,28.49,48.0,-30,-30,78.0,1948,-189,-534,700,-87,0,1000,0,0,1,-1,0,1,1,-1,-1,-1,-1,-1,0,1,
2026-04-15,15:04:26.670,7.59,99,99,99,0.059,26.24,49,0,8.13,-0.275,1.312,1.26,53,0,135.02,-22.93,10,0.00,3.58,3.59,3.59,3.59,3.60,3.58,3.59,3.57,28.49,48.3,-30,-30,75.6,1951,-163,-571,701,0,0,1000,0,0,1,-1,0,1,1,-1,-1,-1,-1,-1,0,1,
2026-04-15,15:04:26.940,7.59,99,99,99,0.059,26.49,51,0,8.13,-0.302,1.319,1.04,52,0,131.00,-22.88,10,0.00,3.58,3.59,3.59,3.59,3.60,3.58,3.59,3.57,28.49,48.3,-30,-30,74.6,1955,-137,-582,702,0,0,1000,0,0,1,-1,0,1,1,-1,-1,-1,-1,-1,0,1,
2026-04-15,15:04:27.210,7.60,100,100,99,0.053,26.81,51,0,8.13,-0.296,1.263,1.00,52,0,128.16,-22.22,10,0.00,3.58,3.59,3.59,3.59,3.60,3.58,3.59,3.57,28.48,49.1,-30,-30,72.2,1958,-157,-484,701,0,0,999,0,0,1,-1,0,1,1,-1,-1,-1,-1,-1,0,1,
2026-04-15,15:04:27.470,7.60,100,100,99,0.058,27.24,52,0,8.15,-0.326,1.214,1.28,58,0,124.61,-20.93,10,0.00,3.58,3.59,3.59,3.59,3.60,3.58,3.59,3.57,28.48,49.1,-30,-30,72.2,1962,-147,-302,701,0,0,999,0,0,1,-1,0,1,1,-1,-1,-1,-1,-1,0,1,
2026-04-15,15:04:27.730,7.60,100,100,99,0.061,27.60,52,0,8.16,-0.271,0.794,1.28,59,0,122.85,-16.48,10,0.00,3.58,3.59,3.59,3.59,3.59,3.58,3.59,3.57,28.47,49.5,-30,-30,71.9,1965,-107,-225,701,31,0,1000,0,0,1,-1,0,1,1,-1,-1,-1,-1,-1,0,1,
2026-04-15,15:04:28.000,7.59,100,100,99,0.061,28.18,52,0,8.13,-0.210,0.651,1.06,56,0,125.02,-12.45,10,0.00,3.58,3.59,3.59,3.59,3.59,3.58,3.59,3.57,28.47,49.5,-30,-30,71.3,1969,-158,-457,699,0,0,999,0,0,1,-1,0,1,1,-1,-1,-1,-1,-1,0,1,
2026-04-15,15:04:28.270,7.60,100,100,99,0.041,28.26,52,0,8.13,-0.315,1.206,0.48,58,0,127.66,-9.61,10,0.00,3.58,3.58,3.59,3.59,3.59,3.58,3.59,3.57,28.46,49.2,-30,-30,72.4,1973,-169,-526,698,0,0,1000,0,0,1,-1,0,1,1,-1,-1,-1,-1,-1,0,1,
2026-04-15,15:04:28.530,7.60,100,100,99,0.056,28.22,52,0,8.11,-0.363,1.254,0.16,58,0,127.93,-9.07,10,0.00,3.58,3.58,3.59,3.59,3.59,3.58,3.59,3.57,28.46,49.2,-30,-30,73.7,1976,-171,-534,698,15,0,999,0,0,1,-1,0,1,1,-1,-1,-1,-1,-1,0,1,
2026-04-15,15:04:28.790,7.59,100,100,99,0.060,28.03,51,0,8.09,-0.317,1.229,-0.29,59,0,126.15,-6.66,10,0.00,3.58,3.58,3.59,3.59,3.59,3.58,3.59,3.57,28.45,48.6,-30,-30,73.7,1980,-153,-678,699,224,0,1000,0,0,1,-1,0,1,1,-1,-1,-1,-1,-1,0,1,
2026-04-15,15:04:29.050,7.59,100,100,99,0.067,27.63,51,0,8.08,-0.316,1.458,-0.91,60,0,125.63,-5.73,10,0.00,3.58,3.58,3.59,3.59,3.59,3.58,3.59,3.57,28.45,48.6,-30,-30,75.4,1983,-120,-641,700,350,0,999,0,0,1,-1,0,1,1,-1,-1,-1,-1,-1,0,1,
2026-04-15,15:04:29.310,7.60,100,100,99,0.062,27.13,51,0,8.13,-0.316,1.410,-1.36,63,0,125.63,-5.39,10,0.00,3.58,3.58,3.59,3.59,3.59,3.58,3.59,3.56,28.45,48.9,-30,-30,75.6,1987,-80,-503,699,447,0,999,0,0,1,-1,0,1,1,-1,-1,-1,-1,-1,0,1,
2026-04-15,15:04:29.580,7.60,100,100,99,0.068,26.46,51,0,8.15,-0.166,1.111,-1.91,67,0,126.80,-2.56,10,0.00,3.58,3.58,3.59,3.59,3.59,3.58,3.59,3.56,28.45,48.9,-30,-30,76.7,1991,0,-517,701,604,0,1000,0,0,1,-1,0,1,1,-1,-1,-1,-1,-1,0,1,
2026-04-15,15:04:29.850,7.60,100,100,99,0.081,25.76,51,0,8.15,-0.148,0.994,-2.23,68,0,131.18,-0.25,10,0.00,3.58,3.58,3.59,3.59,3.59,3.58,3.59,3.56,28.45,48.8,-30,-30,76.7,1994,56,-604,703,531,0,999,0,0,1,-1,0,1,1,-1,-1,-1,-1,-1,0,1,
2026-04-15,15:04:30.110,7.60,100,100,99,0.115,24.92,51,0,8.16,-0.148,1.071,-2.63,67,0,147.60,0.14,10,0.00,3.58,3.58,3.59,3.59,3.59,3.58,3.59,3.56,28.45,48.8,-30,-30,77.4,1998,0,-585,706,358,0,999,0,0,1,-1,0,1,1,-1,-1,-1,-1,-1,0,1,
2026-04-15,15:04:30.370,7.59,100,100,99,0.061,24.15,51,0,8.17,-0.202,1.245,-2.67,68,0,149.62,-1.38,10,0.00,3.58,3.58,3.59,3.59,3.59,3.58,3.59,3.57,28.45,48.7,-30,-30,78.3,2001,0,-500,707,440,0,999,0,0,1,-1,0,1,1,-1,-1,-1,-1,-1,0,1,
2026-04-15,15:04:30.640,7.60,100,100,100,0.044,23.04,51,0,8.17,-0.231,1.304,-3.22,66,0,150.31,-4.07,10,0.00,3.57,3.58,3.59,3.59,3.59,3.58,3.59,3.57,28.44,48.7,-30,-30,81.7,2005,0,-501,731,380,0,999,0,0,1,-1,0,1,1,-1,-1,-1,-1,-1,0,1,
2026-04-15,15:04:30.910,7.60,100,100,100,0.061,20.39,51,0,8.15,-0.170,1.289,-4.43,65,0,158.58,-4.78,10,0.00,3.57,3.58,3.59,3.59,3.59,3.58,3.59,3.57,28.44,48.7,-30,-30,82.0,2009,0,-522,734,438,0,999,0,0,1,-1,0,1,1,-1,-1,-1,-1,-1,0,1,
2026-04-15,15:04:31.170,7.60,100,100,100,0.080,19.22,51,0,8.15,-0.082,1.295,-4.33,64,0,160.89,-6.19,10,0.00,3.57,3.58,3.58,3.59,3.59,3.58,3.59,3.57,28.43,50.6,-30,-30,83.2,2012,0,-409,732,246,0,999,0,0,1,-1,0,1,1,-1,-1,-1,-1,-1,0,1,
2026-04-15,15:04:31.450,7.60,100,100,100,0.104,18.20,51,0,8.13,-0.196,1.188,-3.83,66,0,160.53,-8.04,10,0.00,3.57,3.58,3.58,3.59,3.59,3.58,3.59,3.57,28.43,50.6,-30,-30,83.5,2016,0,-393,718,472,0,1000,0,0,1,-1,0,1,1,-1,-1,-1,-1,-1,0,1,
2026-04-15,15:04:31.710,7.59,100,100,100,0.092,16.99,50,0,8.15,-0.162,0.976,-3.98,66,0,160.83,-7.44,10,0.00,3.57,3.58,3.58,3.59,3.59,3.58,3.58,3.56,28.43,49.0,-30,-30,84.6,2020,0,-420,701,557,0,999,0,0,1,-1,0,1,1,-1,-1,-1,-1,-1,0,1,
2026-04-15,15:04:31.970,7.59,100,100,100,0.087,15.90,49,0,8.16,-0.089,0.954,-3.87,67,0,171.76,-6.94,10,0.00,3.57,3.58,3.58,3.59,3.59,3.58,3.58,3.56,28.43,49.0,-30,-30,84.6,2023,0,-520,698,395,0,999,0,0,1,-1,0,1,1,-1,-1,-1,-1,-1,0,1,
2026-04-15,15:04:32.240,7.59,100,100,100,0.087,14.83,49,0,8.17,-0.220,1.606,-3.81,68,0,-63.07,-10.83,10,0.00,3.57,3.58,3.59,3.59,3.59,3.58,3.58,3.56,28.44,47.0,-30,-30,84.6,2027,-30,-449,699,106,0,999,0,0,1,-1,0,1,1,-1,-1,-1,-1,-1,0,1,
2026-04-15,15:04:32.500,7.60,100,100,100,0.093,14.04,50,0,8.15,-0.131,1.281,-3.24,69,0,176.29,-11.76,10,0.00,3.57,3.58,3.59,3.59,3.59,3.57,3.58,3.56,28.44,47.0,-30,-30,85.0,2030,0,-420,699,330,0,999,0,0,1,-1,0,1,1,-1,-1,-1,-1,-1,0,1,
2026-04-15,15:04:32.770,7.59,100,100,100,0.037,13.09,51,0,8.16,-0.180,1.362,-3.14,72,0,-130.39,-12.48,10,0.00,3.57,3.58,3.59,3.59,3.59,3.57,3.59,3.57,28.45,46.8,-30,-30,88.2,2034,0,-455,700,368,0,999,0,0,1,-1,0,1,1,-1,-1,-1,-1,-1,0,1,
2026-04-15,15:04:33.040,7.59,100,100,100,0.067,12.12,51,0,8.17,-0.121,1.251,-3.14,75,0,-173.94,-13.19,10,0.00,3.58,3.58,3.59,3.59,3.59,3.57,3.59,3.57,28.45,46.8,-30,-30,88.5,2037,0,-361,699,225,0,999,0,0,1,-1,0,1,1,-1,-1,-1,-1,-1,0,1,
2026-04-15,15:04:33.300,7.60,100,100,100,0.104,11.35,52,0,8.17,-0.012,1.191,-2.98,77,0,-169.87,-15.36,10,0.00,3.58,3.58,3.59,3.59,3.59,3.57,3.59,3.57,28.46,46.7,-30,-30,84.1,2041,0,-355,698,278,0,999,0,0,1,-1,0,1,1,-1,-1,-1,-1,-1,0,1,
2026-04-15,15:04:33.580,7.60,99,100,100,0.065,10.64,52,0,8.17,-0.009,0.941,-2.01,79,0,-169.91,-15.22,10,0.00,3.58,3.58,3.59,3.59,3.59,3.57,3.59,3.57,28.46,46.7,-30,-30,90.9,2044,31,-374,698,364,0,1000,0,0,1,-1,0,1,1,-1,-1,-1,-1,-1,0,1,
2026-04-15,15:04:33.850,7.60,99,100,100,0.109,10.37,54,0,8.14,-0.074,1.313,-1.34,76,0,-167.06,-15.81,10,0.00,3.58,3.58,3.59,3.59,3.60,3.58,3.59,3.57,28.47,45.8,-30,-30,88.9,2048,76,-293,697,239,0,999,0,0,1,-1,0,1,1,-1,-1,-1,-1,-1,0,1,
2026-04-15,15:04:34.110,7.60,99,100,100,0.095,10.28,56,0,8.13,-0.011,0.923,-0.67,76,0,-162.11,-15.49,10,0.00,3.58,3.58,3.59,3.59,3.60,3.58,3.59,3.57,28.47,45.8,-30,-30,87.4,2051,39,-285,699,275,0,999,0,0,1,-1,0,1,1,-1,-1,-1,-1,-1,0,1,
2026-04-15,15:04:34.380,7.60,100,100,100,0.120,10.37,61,0,8.13,-0.054,0.744,-0.11,81,0,-158.43,-15.05,10,0.00,3.58,3.58,3.59,3.59,3.60,3.58,3.59,3.57,28.48,46.3,-30,-30,87.4,2055,0,-353,700,335,0,999,0,0,1,-1,0,1,1,-1,-1,-1,-1,-1,0,1,
2026-04-15,15:04:34.640,7.60,100,100,100,0.099,10.48,65,0,8.13,-0.119,1.114,0.21,85,0,-150.34,-14.90,10,0.00,3.58,3.58,3.59,3.59,3.60,3.58,3.59,3.57,28.47,46.9,-30,-30,84.3,2058,0,-355,700,29,0,999,0,0,1,-1,0,1,1,-1,-1,-1,-1,-1,0,1,
2026-04-15,15:04:34.910,7.60,100,100,100,0.163,10.81,66,0,8.11,-0.061,0.833,0.71,81,0,-154.25,-14.01,10,0.00,3.58,3.58,3.59,3.59,3.60,3.58,3.59,3.57,28.47,46.9,-30,-30,82.6,2061,0,-325,699,-214,0,1000,0,0,1,-1,0,1,1,-1,-1,-1,-1,-1,0,1,
2026-04-15,15:04:35.180,7.59,100,100,100,0.127,10.85,67,0,8.14,-0.099,0.881,0.54,85,0,-158.77,-13.23,10,0.00,3.58,3.58,3.59,3.59,3.60,3.58,3.59,3.56,28.47,47.4,-30,-30,82.4,2065,0,-326,701,0,0,999,0,0,1,-1,0,1,1,-1,-1,-1,1,-1,0,1,
2026-04-15,15:04:35.440,7.60,99,100,100,0.078,10.83,67,0,8.12,-0.364,0.974,0.12,86,0,-164.61,-11.89,10,0.00,3.58,3.58,3.59,3.59,3.60,3.58,3.59,3.56,28.47,47.4,-30,-30,81.1,2068,0,-349,700,2,0,1000,0,0,1,-1,0,1,1,-1,-1,-1,1,-1,0,1,
2026-04-15,15:04:35.700,7.60,99,100,100,0.062,10.47,65,0,8.15,-0.405,1.187,-0.49,80,0,-162.47,-13.72,10,0.00,3.58,3.58,3.59,3.59,3.60,3.58,3.59,3.56,28.46,47.5,-30,-30,82.8,2072,0,-335,701,-20,0,999,0,0,1,-1,0,1,1,-1,-1,-1,1,-1,0,1,
2026-04-15,15:04:35.960,7.60,99,100,100,0.079,10.04,66,0,8.11,-0.389,1.318,-1.26,71,0,-161.52,-15.28,10,0.00,3.58,3.58,3.59,3.59,3.60,3.58,3.59,3.56,28.46,47.5,-30,-30,87.2,2075,0,-413,700,-304,0,1000,0,0,1,-1,0,1,1,-1,-1,-1,-1,-1,0,1,
2026-04-15,15:04:36.220,7.60,99,100,100,0.075,9.80,65,0,8.13,-0.418,1.375,-1.08,73,0,-166.69,-18.90,10,0.00,3.58,3.58,3.59,3.59,3.59,3.57,3.59,3.56,28.47,46.9,-30,-30,87.2,2079,0,-281,700,-469,0,999,0,0,1,-1,0,1,1,-1,-1,-1,-1,-1,0,1,
2026-04-15,15:04:36.500,7.59,99,100,100,0.077,9.99,66,0,8.15,-0.370,1.195,0.19,67,0,-173.49,-19.87,10,0.00,3.58,3.58,3.59,3.59,3.59,3.57,3.59,3.57,28.47,46.9,-30,-30,86.5,2082,0,-284,700,-480,0,999,0,0,1,-1,0,1,1,-1,-1,-1,-1,-1,0,1,
2026-04-15,15:04:36.760,7.59,99,100,100,0.025,10.09,66,0,8.16,-0.364,1.104,0.33,71,0,174.82,-21.02,10,0.00,3.57,3.58,3.59,3.59,3.59,3.57,3.59,3.57,28.47,46.7,-30,-30,86.5,2086,0,-330,699,-299,0,999,0,0,1,-1,0,1,1,-1,-1,-1,-1,-1,0,1,
2026-04-15,15:04:37.020,7.59,100,100,100,-0.010,10.53,66,0,8.14,-0.388,1.173,0.88,73,0,176.41,-22.17,10,0.00,3.57,3.58,3.59,3.59,3.59,3.57,3.59,3.57,28.47,46.7,-30,-30,87.0,2089,-147,-394,699,-304,0,999,0,0,1,-1,0,1,1,-1,-1,-1,-1,-1,0,1,
2026-04-15,15:04:37.280,7.59,100,100,100,0.077,11.27,64,0,8.14,-0.426,1.348,1.86,69,0,177.80,-25.60,10,0.00,3.57,3.58,3.59,3.59,3.59,3.57,3.59,3.57,28.47,47.0,-30,-30,85.4,2092,-226,-344,698,-433,0,1000,0,0,1,-1,0,1,1,-1,-1,-1,-1,-1,0,1,
2026-04-15,15:04:37.550,7.59,99,100,100,0.074,12.16,60,0,8.14,-0.354,1.332,2.68,71,0,168.80,-28.98,10,0.00,3.57,3.58,3.59,3.59,3.59,3.57,3.59,3.57,28.47,47.0,-30,-30,86.5,2096,-228,-335,696,-422,0,1000,0,0,1,-1,0,1,1,-1,-1,-1,-1,-1,0,1,
2026-04-15,15:04:37.820,7.60,99,100,100,0.083,12.97,59,0,8.16,-0.345,1.315,2.75,72,0,161.40,-30.11,10,0.00,3.58,3.58,3.59,3.59,3.59,3.57,3.59,3.57,28.47,46.0,-30,-30,90.7,2099,-246,-350,695,-374,0,999,0,0,1,-1,0,1,1,-1,-1,-1,-1,-1,0,1,
2026-04-15,15:04:38.090,7.59,99,100,100,0.127,13.98,59,0,8.12,-0.356,1.286,3.12,71,0,147.89,-32.26,10,0.00,3.58,3.58,3.59,3.59,3.59,3.57,3.59,3.57,28.47,46.0,-30,-30,89.5,2103,-246,-392,696,-184,0,1000,0,0,1,-1,0,1,1,-1,-1,-1,-1,-1,0,1,
2026-04-15,15:04:38.350,7.59,97,100,100,0.057,15.49,56,0,8.13,-0.407,1.249,4.20,70,0,139.66,-33.23,10,0.00,3.58,3.58,3.59,3.59,3.59,3.57,3.59,3.57,28.48,45.8,-30,-30,89.6,2106,-202,-414,698,-85,0,1000,0,0,1,-1,0,1,1,-1,-1,-1,-1,-1,0,1,
2026-04-15,15:04:38.620,7.60,97,100,100,0.053,16.95,53,0,8.15,-0.391,1.268,4.88,68,0,130.76,-32.79,10,0.00,3.58,3.58,3.59,3.59,3.59,3.58,3.59,3.57,28.48,46.7,-30,-30,88.2,2110,-198,-471,698,-32,0,999,0,0,1,-1,0,1,1,-1,-1,-1,-1,-1,0,1,
2026-04-15,15:04:38.890,7.60,97,100,100,0.071,19.50,53,0,8.12,-0.363,1.124,4.88,67,0,125.19,-31.92,10,0.00,3.58,3.58,3.59,3.59,3.59,3.58,3.59,3.56,28.47,46.7,-30,-30,83.7,2113,-193,-518,699,0,0,999,0,0,1,-1,0,1,1,-1,-1,-1,-1,-1,0,1,
2026-04-15,15:04:39.150,7.60,100,100,100,0.078,21.07,53,0,8.13,-0.423,1.373,4.84,63,0,121.65,-31.82,10,0.00,3.57,3.58,3.59,3.59,3.59,3.58,3.59,3.56,28.47,47.5,-30,-30,83.7,2117,-201,-482,697,-78,0,999,0,0,1,-1,0,1,1,-1,-1,-1,-1,-1,0,1,
2026-04-15,15:04:39.410,7.60,99,100,100,0.063,22.71,51,0,8.15,-0.471,1.306,5.47,59,0,114.21,-30.26,10,0.00,3.57,3.58,3.58,3.59,3.59,3.58,3.59,3.56,28.47,47.5,-30,-30,79.6,2120,-207,-498,697,0,0,999,0,0,1,-1,0,1,1,-1,-1,-1,-1,-1,0,1,
2026-04-15,15:04:39.680,7.60,92,100,100,0.054,24.19,48,0,8.16,-0.465,1.183,5.38,55,0,111.64,-28.35,10,0.00,3.57,3.58,3.58,3.59,3.59,3.57,3.59,3.56,28.45,48.2,-30,-30,79.3,2124,-196,-539,697,3,0,999,0,0,1,-1,0,1,1,-1,-1,-1,-1,-1,0,1,
2026-04-15,15:04:39.940,7.60,86,100,100,0.041,25.42,45,0,8.12,-0.488,1.520,4.73,49,0,105.19,-24.33,10,0.00,3.57,3.58,3.58,3.59,3.59,3.57,3.58,3.56,28.45,48.2,-30,-30,77.8,2127,-168,-613,699,154,0,1000,0,0,1,-1,0,1,1,-1,-1,-1,-1,-1,0,1,
2026-04-15,15:04:40.220,7.60,81,100,100,0.067,26.41,45,0,8.09,-0.487,1.484,4.01,47,0,100.03,-19.10,10,0.00,3.57,3.58,3.58,3.59,3.59,3.57,3.58,3.56,28.44,48.2,-30,-30,78.7,2131,-38,-626,702,237,0,1000,0,0,1,-1,0,1,1,-1,-1,-1,-1,-1,0,1,
2026-04-15,15:04:40.490,7.59,87,100,100,0.033,27.29,48,0,8.12,-0.462,1.428,3.44,51,0,97.17,-15.99,10,0.00,3.57,3.58,3.58,3.59,3.59,3.57,3.58,3.56,28.44,48.2,-30,-30,80.0,2134,0,-639,704,339,0,999,0,0,1,-1,0,1,1,-1,-1,-1,-1,-1,0,1,
2026-04-15,15:04:40.750,7.59,87,100,100,0.013,27.92,45,0,8.12,-0.492,1.634,2.78,57,0,94.93,-9.89,10,0.00,3.57,3.58,3.58,3.58,3.59,3.57,3.58,3.56,28.44,48.2,-30,-30,84.3,2138,0,-659,705,413,0,999,0,0,1,-1,0,1,1,-1,-1,-1,-1,-1,0,1,
2026-04-15,15:04:41.020,7.59,87,100,100,0.004,28.31,44,0,8.09,-0.492,1.619,1.89,60,0,95.28,-6.91,10,0.00,3.57,3.58,3.58,3.58,3.59,3.57,3.58,3.56,28.44,48.2,-30,-30,82.8,2141,128,-651,713,578,0,1000,0,0,1,-1,0,1,1,-1,-1,-1,-1,-1,0,1,
2026-04-15,15:04:41.290,7.60,86,100,100,0.009,28.41,44,0,8.10,-0.463,1.515,1.12,61,0,102.56,-2.19,10,0.00,3.57,3.58,3.58,3.58,3.59,3.57,3.58,3.56,28.42,48.7,-30,-30,84.6,2145,90,-723,710,341,0,999,0,0,1,-1,0,1,1,-1,-1,-1,-1,-1,0,1,
2026-04-15,15:04:41.560,7.60,93,100,100,0.004,27.95,48,0,8.10,-0.499,1.806,-0.57,59,0,113.25,-0.04,10,0.00,3.57,3.57,3.58,3.58,3.59,3.57,3.58,3.56,28.42,48.7,-30,-30,84.6,2149,56,-706,708,321,0,999,0,0,1,-1,0,1,1,-1,-1,-1,-1,-1,0,1,
2026-04-15,15:04:41.830,7.59,99,100,100,0.015,27.25,50,0,8.13,-0.521,1.873,-1.55,61,0,115.19,-0.08,10,0.00,3.57,3.57,3.58,3.58,3.59,3.57,3.58,3.56,28.41,48.1,-30,-30,86.1,2152,0,-649,703,144,0,999,0,0,1,-1,0,1,1,-1,-1,-1,-1,-1,0,1,
2026-04-15,15:04:42.090,7.60,99,100,100,-0.009,26.51,49,0,8.08,-0.487,1.825,-2.30,62,0,114.31,0.11,10,0.00,3.57,3.57,3.58,3.58,3.59,3.57,3.58,3.56,28.41,48.1,-30,-30,86.5,2156,0,-701,534,327,0,999,0,0,1,-1,0,1,1,-1,-1,-1,-1,-1,0,1,
2026-04-15,15:04:42.350,7.60,97,100,100,-0.039,25.99,48,0,8.13,-0.386,1.741,-2.06,62,0,122.28,-0.24,10,0.00,3.57,3.57,3.58,3.58,3.59,3.57,3.58,3.56,28.49,41.9,-30,-30,87.2,2159,0,-659,473,408,0,999,0,0,1,-1,0,1,1,-1,-1,-1,-1,-1,0,1,
2026-04-15,15:04:42.630,7.60,97,100,100,-0.016,25.65,52,0,8.16,-0.335,1.508,-1.57,59,0,127.92,-0.81,10,0.00,3.58,3.58,3.58,3.58,3.59,3.57,3.58,3.56,28.49,30.3,-30,-30,85.6,2162,0,-516,476,193,0,1000,0,0,1,-1,0,1,1,-1,-1,-1,-1,-1,0,1,
2026-04-15,15:04:42.890,7.60,98,100,100,0.047,25.21,55,0,8.16,-0.361,1.597,-1.43,53,0,132.22,-1.40,10,0.00,3.58,3.58,3.58,3.58,3.59,3.57,3.58,3.56,28.57,30.3,-30,-30,86.5,2164,0,-394,476,39,0,999,0,0,1,-1,0,1,1,-1,-1,-1,-1,-1,0,1,
2026-04-15,15:04:43.150,7.60,100,100,100,0.053,24.57,56,0,8.14,-0.299,1.407,-1.91,50,0,129.77,-0.24,10,0.00,3.58,3.58,3.60,3.60,3.59,3.57,3.58,3.56,28.63,30.3,-30,-30,87.8,2166,0,-521,478,271,0,999,0,0,1,-1,0,1,1,-1,-1,-1,-1,-1,0,1,
2026-04-15,15:04:43.410,7.60,99,100,100,-0.007,23.82,53,0,8.11,-0.253,1.294,-2.29,50,0,128.51,1.26,10,0.00,3.58,3.58,3.60,3.60,3.61,3.59,3.58,3.56,28.63,30.3,-30,-30,88.3,2169,2,-544,515,394,0,999,0,0,1,-1,0,1,1,-1,-1,-1,-1,-1,0,1,
2026-04-15,15:04:43.680,7.59,99,99,99,-0.007,23.11,51,0,8.13,-0.365,1.591,-2.49,48,0,132.86,0.02,10,0.00,3.58,3.58,3.60,3.60,3.61,3.59,3.61,3.59,28.65,32.7,-30,-30,88.3,2171,0,-405,538,122,0,1000,0,0,1,-1,0,1,1,-1,-1,-1,-1,-1,0,1,
2026-04-15,15:04:43.950,7.60,99,99,98,0.024,22.56,51,0,8.15,-0.336,1.521,-2.17,45,0,142.41,-2.69,10,0.00,3.60,3.60,3.60,3.60,3.61,3.59,3.61,3.59,28.65,32.7,-30,-30,88.2,2173,0,-372,539,4,0,999,0,0,1,-1,0,1,1,-1,-1,-1,-1,-1,0,1,
2026-04-15,15:04:44.230,7.60,100,100,98,-0.019,21.16,52,0,8.16,-0.266,1.394,-2.45,41,0,143.40,-2.58,10,0.00,3.60,3.60,3.61,3.61,3.61,3.59,3.61,3.59,28.69,33.7,-30,-30,89.5,2176,0,-329,538,255,0,999,0,0,1,-1,0,1,1,-1,-1,-1,-1,-1,0,1,
2026-04-15,15:04:44.490,7.60,100,100,97,-0.013,20.56,53,0,8.17,-0.256,1.372,-2.37,42,0,146.82,-3.47,10,0.00,3.60,3.60,3.61,3.61,3.61,3.59,3.61,3.59,28.69,33.7,-30,-30,92.6,2178,0,-319,537,212,0,999,0,0,1,-1,0,1,1,-1,-1,-1,-1,-1,0,1,
2026-04-15,15:04:44.760,7.59,100,100,97,0.028,20.09,55,0,8.17,-0.242,1.317,-1.89,45,0,154.52,-2.91,10,0.00,3.60,3.60,3.61,3.61,3.61,3.59,3.61,3.59,28.71,33.1,-30,-30,93.9,2181,0,-225,537,85,0,999,0,0,1,-1,0,1,1,-1,-1,-1,-1,-1,0,1,
2026-04-15,15:04:45.030,7.59,100,100,97,0.043,19.68,56,0,8.17,-0.215,1.054,-1.68,48,0,156.89,-2.42,10,0.00,3.60,3.61,3.61,3.61,3.61,3.59,3.61,3.59,28.71,33.1,-30,-30,92.8,2183,0,-248,537,238,0,999,0,0,1,-1,0,1,1,-1,-1,-1,-1,-1,0,1,
2026-04-15,15:04:45.290,7.59,100,100,97,0.043,19.41,57,0,8.17,-0.207,1.113,-1.21,50,0,160.06,-3.07,10,0.00,3.60,3.61,3.61,3.61,3.61,3.59,3.61,3.59,28.73,33.3,-30,-30,92.8,2186,0,-258,537,145,0,999,0,0,1,-1,0,1,1,-1,-1,-1,-1,-1,0,1,
2026-04-15,15:04:45.550,7.60,100,100,97,0.015,19.09,57,0,8.17,-0.233,1.203,-1.13,52,0,167.71,-5.27,10,0.00,3.60,3.61,3.61,3.62,3.61,3.59,3.61,3.59,28.73,33.3,-30,-30,93.5,2188,0,-189,536,151,0,999,0,0,1,-1,0,1,1,-1,-1,-1,-1,-1,0,1,
2026-04-15,15:04:45.820,7.59,100,100,97,-0.025,18.93,57,0,8.17,-0.159,0.934,-0.83,53,0,171.68,-6.24,10,0.00,3.60,3.61,3.61,3.62,3.62,3.60,3.61,3.59,28.75,33.1,-30,-30,95.7,2191,8,-190,499,241,0,1000,0,0,1,-1,0,1,1,-1,-1,-1,-1,-1,0,1,
2026-04-15,15:04:46.080,7.60,100,100,97,0.043,18.69,56,0,8.12,-0.182,1.136,-0.83,53,0,-172.04,-6.01,10,0.00,3.60,3.61,3.61,3.62,3.62,3.60,3.62,3.59,28.75,33.1,-30,-30,95.2,2193,0,-297,495,36,0,999,0,0,1,-1,0,1,1,-1,-1,-1,-1,-1,0,1,
2026-04-15,15:04:46.340,7.59,100,100,97,0.130,18.63,56,0,8.13,-0.222,1.366,-0.48,51,0,-176.29,-6.38,10,0.00,3.60,3.61,3.61,3.62,3.62,3.60,3.62,3.59,28.79,29.5,-30,-30,95.2,2195,0,-213,495,30,0,999,0,0,1,-1,0,1,1,-1,-1,-1,-1,-1,0,1,
2026-04-15,15:04:46.600,7.59,100,100,97,0.208,18.66,56,0,8.14,-0.109,0.937,-0.10,51,0,-179.08,-5.29,10,0.00,3.60,3.61,3.61,3.62,3.62,3.60,3.62,3.59,28.79,29.5,-30,-30,94.6,2197,0,11,495,0,0,999,0,0,1,-1,0,1,1,-1,-1,-1,-1,-1,0,1,
2026-04-15,15:04:46.880,7.59,100,100,97,0.019,18.70,55,0,8.16,-0.073,0.590,-0.01,55,0,179.48,-1.64,10,0.00,3.60,3.61,3.61,3.62,3.62,3.60,3.62,3.59,28.81,28.9,-30,-30,96.5,2200,0,-80,495,62,0,999,0,0,1,-1,0,1,1,-1,-1,-1,-1,-1,0,1,
2026-04-15,15:04:47.150,7.60,97,97,97,-0.009,18.35,53,0,8.12,-0.118,1.137,-0.60,56,0,-174.83,-1.16,10,0.00,3.60,3.61,3.61,3.62,3.62,3.60,3.63,3.60,28.85,27.7,-30,-30,101.5,2202,0,-268,495,266,0,999,0,0,1,-1,0,1,1,-1,-1,-1,-1,-1,0,1,
2026-04-15,15:04:47.410,7.59,97,97,96,-0.101,18.30,52,0,8.15,-0.124,1.288,-0.35,57,0,-164.66,-2.26,10,0.00,3.61,3.62,3.61,3.62,3.62,3.60,3.63,3.60,28.85,27.7,-30,-30,106.1,2204,0,-105,495,0,0,1000,0,0,1,-1,0,1,1,-1,-1,-1,-1,-1,0,1,
2026-04-15,15:04:47.680,7.59,97,97,97,0.074,18.29,52,0,8.13,-0.101,1.076,-0.06,56,0,-157.36,-4.46,10,0.00,3.61,3.62,3.61,3.62,3.62,3.60,3.63,3.60,28.88,26.9,-30,-30,104.1,2206,0,-157,495,-372,0,999,0,0,1,-1,0,1,1,-1,-1,-1,-1,-1,0,1,
2026-04-15,15:04:47.950,7.60,100,100,98,0.107,18.12,53,0,8.16,-0.054,0.841,-0.35,57,0,-160.77,-4.75,10,0.00,3.61,3.62,3.62,3.63,3.62,3.60,3.63,3.60,28.88,26.9,-30,-30,102.4,2208,0,-155,496,-433,0,999,0,0,1,-1,0,1,1,-1,-1,-1,-1,-1,0,1,
2026-04-15,15:04:48.210,7.60,99,99,98,-0.040,17.87,53,0,8.16,-0.079,0.996,-0.70,56,0,-169.63,-5.76,10,0.00,3.61,3.62,3.62,3.63,3.63,3.61,3.63,3.60,28.90,26.7,-30,-30,104.3,2210,0,-202,495,-433,0,999,0,0,1,-1,0,1,1,-1,-1,-1,-1,-1,0,1,
2026-04-15,15:04:48.490,7.60,99,99,99,-0.023,17.83,53,0,8.17,-0.068,1.106,-0.41,56,0,-171.24,-6.00,10,0.00,3.61,3.62,3.62,3.63,3.63,3.61,3.63,3.60,28.90,26.7,-30,-30,105.7,2212,0,-177,494,-477,0,999,0,0,1,-1,0,1,1,-1,-1,-1,-1,-1,0,1,
2026-04-15,15:04:48.760,7.60,99,99,99,0.000,17.75,52,0,8.17,-0.059,1.022,-0.32,57,0,-175.15,-7.36,10,0.00,3.62,3.62,3.62,3.63,3.63,3.61,3.63,3.60,28.93,25.9,-30,-30,105.7,2214,0,-80,495,-535,0,1000,0,0,1,-1,0,1,1,-1,-1,-1,-1,-1,0,1,
2026-04-15,15:04:49.030,7.59,100,100,99,-0.034,17.53,52,0,8.17,-0.042,0.850,-0.52,59,0,173.90,-7.08,10,0.00,3.62,3.62,3.63,3.63,3.63,3.61,3.63,3.60,28.93,25.9,-30,-30,105.0,2216,0,-74,495,-325,0,999,0,0,1,-1,0,1,1,-1,-1,-1,-1,-1,0,1,
2026-04-15,15:04:49.300,7.60,100,100,99,-0.030,17.56,51,0,8.17,-0.040,0.851,-0.29,63,0,174.87,-7.25,10,0.00,3.62,3.62,3.63,3.63,3.63,3.61,3.63,3.60,28.95,26.2,-30,-30,105.9,2218,0,10,495,0,0,999,0,0,1,-1,0,1,1,-1,-1,-1,-1,-1,0,1,
2026-04-15,15:04:49.550,7.59,100,100,99,0.004,17.55,50,0,8.14,-0.041,0.693,-0.09,63,0,-130.83,-5.85,10,0.00,3.62,3.62,3.63,3.63,3.63,3.61,3.64,3.61,28.95,26.2,-30,-30,103.9,2220,0,-216,495,-207,0,999,0,0,1,-1,0,1,1,-1,-1,-1,-1,-1,0,1,
2026-04-15,15:04:49.810,7.59,100,100,99,0.029,17.53,48,0,8.15,-0.111,1.035,-0.37,62,0,-177.45,-5.97,10,0.00,3.62,3.62,3.63,3.63,3.63,3.61,3.64,3.61,28.96,26.7,-30,-30,103.0,2222,0,-207,496,-378,0,1000,0,0,1,-1,0,1,1,-1,-1,-1,-1,-1,0,1,
2026-04-15,15:04:50.070,7.60,98,99,99,0.000,17.53,46,0,8.16,-0.112,1.138,-0.23,63,0,85.12,-8.22,10,0.00,3.62,3.62,3.63,3.63,3.63,3.61,3.64,3.61,28.96,26.7,-30,-30,101.5,2223,-59,-218,495,-489,0,1000,0,0,1,-1,0,1,1,-1,-1,-1,-1,-1,0,1,
2026-04-15,15:04:50.340,7.60,94,99,99,-0.030,17.18,43,0,8.17,-0.124,1.110,-0.39,64,0,173.87,-9.85,10,0.00,3.62,3.62,3.63,3.63,3.63,3.61,3.64,3.61,28.96,27.2,-30,-30,101.9,2225,-78,-229,494,-525,0,999,0,0,1,-1,0,1,1,-1,-1,-1,-1,-1,0,1,
2026-04-15,15:04:50.600,7.60,94,99,99,-0.031,17.03,41,0,8.14,-0.124,1.069,-0.47,64,0,171.17,-10.89,10,0.00,3.62,3.62,3.63,3.63,3.63,3.61,3.64,3.61,28.96,27.2,-30,-30,100.4,2227,-73,-275,494,-514,0,999,0,0,1,-1,0,1,1,-1,-1,-1,-1,-1,0,1,
2026-04-15,15:04:50.880,7.59,97,99,99,-0.042,17.00,42,0,8.16,-0.164,1.194,-0.33,63,0,166.10,-13.37,10,0.00,3.62,3.62,3.63,3.63,3.63,3.61,3.64,3.61,28.96,28.0,-30,-30,98.2,2230,-82,-258,494,-547,0,999,0,0,1,-1,0,1,1,-1,-1,-1,-1,-1,0,1,
2026-04-15,15:04:51.150,7.59,100,100,99,-0.024,17.13,43,0,8.14,-0.181,1.168,0.15,63,0,163.01,-14.59,10,0.00,3.62,3.63,3.63,3.63,3.63,3.61,3.64,3.61,28.96,28.9,-30,-30,98.2,2232,-109,-257,494,-598,0,1000,0,0,1,-1,0,1,1,-1,-1,-1,-1,-1,0,1,
2026-04-15,15:04:51.410,7.59,100,100,100,-0.021,17.21,44,0,8.14,-0.155,1.048,0.25,61,0,154.21,-16.41,10,0.00,3.62,3.63,3.63,3.63,3.63,3.61,3.64,3.61,28.96,28.9,-30,-30,95.9,2234,-97,-286,495,-531,0,999,0,0,1,-1,0,1,1,-1,-1,-1,-1,-1,0,1,
2026-04-15,15:04:51.680,7.59,99,99,99,-0.033,17.34,43,0,8.13,-0.192,1.186,0.38,59,0,145.80,-17.86,10,0.00,3.62,3.63,3.63,3.63,3.63,3.61,3.64,3.61,28.95,29.6,-30,-30,95.7,2236,-20,-319,496,-417,0,999,0,0,1,-1,0,1,1,-1,-1,-1,-1,-1,0,1,
2026-04-15,15:04:51.940,7.59,98,99,99,-0.036,17.50,45,0,8.15,-0.228,1.273,0.40,57,0,142.93,-18.67,10,0.00,3.62,3.63,3.63,3.63,3.63,3.61,3.63,3.60,28.95,29.6,-30,-30,94.5,2238,-17,-332,496,-395,0,1000,0,0,1,-1,0,1,1,-1,-1,-1,-1,-1,0,1,
2026-04-15,15:04:52.210,7.59,98,99,99,-0.074,17.67,47,0,8.14,-0.230,1.258,0.55,57,0,138.52,-19.57,10,0.00,3.61,3.62,3.63,3.63,3.63,3.61,3.63,3.60,28.94,30.3,-30,-30,94.5,2240,-31,-331,495,-375,0,1000,0,0,1,-1,0,1,1,-1,-1,-1,-1,-1,0,1,
2026-04-15,15:04:52.490,7.59,99,100,99,-0.034,18.11,49,0,8.16,-0.238,1.260,0.77,58,0,138.01,-19.82,10,0.00,3.61,3.62,3.63,3.63,3.63,3.61,3.63,3.60,28.94,30.3,-30,-30,93.7,2243,-17,-353,495,-86,0,999,0,0,1,-1,0,1,1,-1,-1,-1,-1,-1,0,1,
2026-04-15,15:04:52.750,7.59,100,100,99,-0.003,18.18,49,0,8.16,-0.276,1.326,0.50,55,0,137.98,-19.64,10,0.00,3.61,3.62,3.62,3.63,3.63,3.61,3.63,3.60,28.94,30.6,-30,-30,92.8,2245,0,-267,496,-155,0,999,0,0,1,-1,0,1,1,-1,-1,-1,-1,-1,0,1,
2026-04-15,15:04:53.010,7.59,100,100,98,-0.008,18.30,50,0,8.17,-0.222,1.142,0.46,48,0,138.30,-17.84,10,0.00,3.61,3.62,3.62,3.63,3.63,3.61,3.63,3.60,28.94,30.6,-30,-30,91.9,2247,0,-327,496,-107,0,1000,0,0,1,-1,0,1,1,-1,-1,-1,-1,-1,0,1,
2026-04-15,15:04:53.270,7.60,100,100,98,-0.047,18.46,50,0,8.15,-0.219,1.099,0.49,47,0,138.56,-17.66,10,0.00,3.61,3.62,3.62,3.63,3.63,3.61,3.63,3.60,28.92,30.8,-30,-30,91.3,2249,-10,-349,495,0,0,999,0,0,1,-1,0,1,1,-1,-1,-1,-1,-1,0,1,
2026-04-15,15:04:53.530,7.60,100,100,96,-0.019,18.47,50,0,8.16,-0.222,1.161,0.26,43,0,143.02,-18.16,10,0.00,3.61,3.62,3.62,3.63,3.63,3.61,3.63,3.60,28.92,30.8,-30,-30,91.3,2252,-11,-321,495,-8,0,999,0,0,1,-1,0,1,1,-1,-1,-1,-1,-1,0,1,
2026-04-15,15:04:53.800,7.59,100,100,96,-0.001,18.48,51,0,8.17,-0.299,1.406,0.06,49,0,144.91,-18.78,10,0.00,3.61,3.62,3.62,3.62,3.63,3.61,3.63,3.60,28.91,31.1,-30,-30,90.0,2254,0,-234,492,-149,0,999,0,0,1,-1,0,1,1,-1,-1,-1,-1,-1,0,1,
2026-04-15,15:04:54.060,7.59,100,100,96,0.016,18.54,52,0,8.17,-0.145,0.714,0.18,50,0,145.25,-17.00,10,0.00,3.61,3.62,3.62,3.62,3.63,3.60,3.63,3.60,28.91,31.1,-30,-30,91.9,2256,0,-224,469,-151,0,999,0,0,1,-1,0,1,1,-1,-1,-1,-1,-1,0,1,
2026-04-15,15:04:54.320,7.59,100,100,96,-0.030,18.32,53,0,8.17,-0.154,0.889,-0.30,50,0,145.41,-17.66,10,0.00,3.61,3.62,3.62,3.62,3.63,3.60,3.63,3.60,28.91,30.0,-30,-30,90.9,2258,0,-231,464,-155,0,1000,0,0,1,-1,0,1,1,-1,-1,-1,-1,-1,0,1,
2026-04-15,15:04:54.580,7.60,100,100,96,-0.039,18.28,53,0,8.17,-0.231,1.262,-0.30,53,0,151.69,-18.00,10,0.00,3.61,3.62,3.62,3.62,3.63,3.60,3.63,3.60,28.91,30.0,-30,-30,92.6,2261,0,-232,463,-112,0,999,0,0,1,-1,0,1,1,-1,-1,-1,-1,-1,0,1,
2026-04-15,15:04:54.860,7.60,100,100,96,0.017,18.26,53,0,8.17,-0.231,1.056,-0.16,54,0,154.20,-16.75,10,0.00,3.61,3.62,3.62,3.62,3.63,3.60,3.63,3.60,28.92,28.7,-30,-30,88.2,2263,0,-240,459,-69,0,1000,0,0,1,-1,0,1,1,-1,-1,-1,-1,-1,0,1,
2026-04-15,15:04:55.120,7.59,100,100,96,-0.006,18.09,53,0,8.17,-0.257,1.229,-0.16,55,0,157.12,-16.16,10,0.00,3.61,3.62,3.62,3.63,3.63,3.60,3.63,3.60,28.92,28.7,-30,-30,89.5,2265,0,-275,436,-151,0,999,0,0,1,-1,0,1,1,-1,-1,-1,-1,-1,0,1,
2026-04-15,15:04:55.380,7.59,100,100,96,0.029,17.78,53,0,8.17,-0.114,0.887,-0.58,58,0,160.23,-15.12,10,0.00,3.61,3.62,3.62,3.63,3.63,3.61,3.63,3.60,28.93,28.6,-30,-30,89.5,2267,0,-288,376,-188,0,999,0,0,1,-1,0,1,1,-1,-1,-1,-1,-1,0,1,
2026-04-15,15:04:55.640,7.59,100,100,97,0.013,17.63,53,0,8.15,-0.138,1.189,-0.74,59,0,161.61,-16.20,10,0.00,3.61,3.62,3.62,3.63,3.63,3.61,3.63,3.60,28.99,20.0,-30,-30,91.3,2269,-10,-301,243,-272,0,999,0,0,1,-1,0,1,1,-1,-1,-1,-1,-1,0,1,
2026-04-15,15:04:55.900,7.59,100,100,97,-0.058,17.72,53,0,8.16,-0.130,1.249,-0.17,60,0,164.03,-18.21,10,0.00,3.62,3.63,3.62,3.63,3.63,3.61,3.63,3.60,28.99,20.0,-30,-30,89.5,2270,-2,-245,169,-236,0,999,0,0,1,-1,0,1,1,-1,-1,-1,-1,-1,0,1,
2026-04-15,15:04:56.160,7.59,100,100,97,-0.042,17.97,53,0,8.17,-0.093,1.190,-0.17,62,0,168.29,-17.71,10,0.00,3.62,3.63,3.64,3.64,3.63,3.61,3.63,3.60,29.09,9.2,-30,-30,90.7,2272,0,-233,100,-423,0,999,0,0,1,-1,0,1,1,-1,-1,-1,-1,-1,0,1,
2026-04-15,15:04:56.420,7.59,100,100,97,-0.038,18.09,53,0,8.17,-0.020,0.931,-0.17,64,0,168.11,-16.34,10,0.00,3.62,3.63,3.64,3.64,3.64,3.63,3.63,3.60,29.09,9.2,-30,-30,88.2,2272,0,-281,98,-453,0,999,0,0,1,-1,0,1,1,-1,-1,-1,-1,-1,0,1,
2026-04-15,15:04:56.690,7.59,100,100,97,-0.027,18.16,53,0,8.17,-0.016,0.978,0.40,63,0,162.84,-14.43,10,0.00,3.62,3.63,3.64,3.64,3.64,3.63,3.63,3.60,29.16,7.4,-30,-30,91.5,2273,0,-278,97,-449,0,999,0,0,1,-1,0,1,1,-1,-1,-1,-1,-1,0,1,
2026-04-15,15:04:56.960,7.60,100,100,97,0.002,17.90,53,0,8.14,-0.031,0.938,-0.35,60,0,160.24,-14.04,10,0.00,3.62,3.63,3.64,3.64,3.64,3.63,3.66,3.63,29.16,7.4,-30,-30,86.9,2273,0,-346,94,-185,0,1000,0,0,1,-1,0,1,1,-1,-1,-1,-1,-1,0,1,
2026-04-15,15:04:57.220,7.60,100,100,98,-0.051,17.63,52,0,8.15,-0.047,1.052,-0.66,58,0,159.28,-14.10,10,0.00,3.65,3.65,3.64,3.64,3.64,3.63,3.66,3.63,29.24,7.5,-30,-30,87.2,2274,0,-375,21,-213,0,999,0,0,1,-1,0,1,1,-1,-1,-1,-1,-1,0,1,
2026-04-15,15:04:57.490,7.59,100,100,100,-0.070,17.28,52,0,8.16,-0.080,1.151,-0.98,60,0,165.13,-15.56,10,0.00,3.65,3.65,3.66,3.66,3.64,3.63,3.66,3.63,29.24,7.5,-30,-30,83.7,2275,0,-390,-8,-289,0,999,0,0,1,-1,0,1,1,-1,-1,-1,-1,-1,0,1,
2026-04-15,15:04:57.750,7.59,100,100,100,-0.072,16.78,52,0,8.17,-0.026,0.935,-1.40,59,0,164.57,-15.42,10,0.00,3.65,3.65,3.66,3.66,3.66,3.65,3.66,3.63,29.30,5.2,-30,-30,83.7,2275,0,-354,-101,-393,0,999,0,0,1,-1,0,1,1,-1,-1,-1,-1,-1,0,1,
2026-04-15,15:04:58.010,7.59,100,100,100,-0.063,16.63,52,0,8.17,-0.021,0.905,-1.03,60,0,167.83,-13.92,10,0.00,3.65,3.65,3.66,3.66,3.66,3.65,3.67,3.65,29.30,5.2,-30,-30,81.7,2275,0,-352,-210,-454,0,1000,0,0,1,-1,0,1,1,-1,-1,-1,-1,-1,0,1,
2026-04-15,15:04:58.270,7.60,100,100,100,-0.041,16.06,52,0,8.17,-0.006,0.907,-0.87,61,0,167.10,-13.17,10,0.00,3.66,3.67,3.66,3.66,3.66,3.65,3.67,3.65,29.38,1.5,-30,-30,78.3,2276,0,-401,-213,-453,0,1000,0,0,1,-1,0,1,1,-1,-1,-1,-1,-1,0,1,
2026-04-15,15:04:58.530,7.60,100,100,100,-0.068,15.73,52,0,8.17,-0.013,0.964,-1.05,58,0,160.30,-14.43,10,0.00,3.66,3.67,3.67,3.67,3.66,3.65,3.67,3.65,29.38,1.5,-30,-30,77.2,2276,-8,-530,-210,-237,0,1000,0,0,1,-1,0,1,1,-1,-1,-1,-1,-1,0,1,
2026-04-15,15:04:58.810,7.60,100,100,100,-0.070,14.88,52,0,8.11,-0.109,1.204,-1.98,57,0,159.72,-15.15,10,0.00,3.66,3.67,3.67,3.67,3.67,3.66,3.67,3.65,29.42,1.0,-30,-30,76.7,2276,0,-640,0,-79,0,1000,0,0,1,-1,0,1,1,-1,-1,-1,-1,-1,0,1,
2026-04-15,15:04:59.070,7.59,100,100,100,-0.069,13.72,53,0,8.14,-0.154,1.332,-3.20,60,0,167.34,-16.43,10,0.00,3.66,3.67,3.67,3.67,3.67,3.66,3.67,3.65,29.42,1.0,-30,-30,79.5,2276,-11,-508,14,-464,0,999,0,0,1,-1,0,1,1,-1,-1,-1,-1,-1,0,1,
2026-04-15,15:04:59.340,7.59,100,100,100,-0.043,12.67,53,0,8.16,-0.176,1.180,-3.66,61,0,166.01,-19.82,10,0.00,3.66,3.67,3.67,3.67,3.67,3.66,3.68,3.66,29.43,7.8,-30,-30,74.6,2276,-37,-527,-16,-383,0,1000,0,0,1,-1,0,1,1,-1,-1,-1,-1,-1,0,1,
2026-04-15,15:04:59.600,7.60,100,100,100,-0.049,12.08,54,0,8.16,-0.189,1.208,-2.78,62,0,163.06,-19.86,10,0.00,3.66,3.67,3.67,3.67,3.67,3.66,3.68,3.66,29.43,7.1,-30,-30,74.8,2277,-33,-540,-17,-129,0,999,0,0,1,-1,0,1,1,-1,-1,-1,-1,-1,0,1,
2026-04-15,15:04:59.860,7.59,100,100,100,-0.060,11.56,53,0,8.15,-0.105,1.069,-2.21,64,0,168.07,-20.23,10,0.00,3.66,3.67,3.67,3.67,3.67,3.66,3.68,3.66,29.45,7.1,-30,-30,74.8,2277,-35,-517,-19,-298,0,999,0,0,1,-1,0,1,1,-1,-1,-1,-1,-1,0,1,
2026-04-15,15:05:00.130,7.59,100,100,100,-0.029,10.91,53,0,8.16,-0.131,1.166,-1.96,66,0,172.37,-20.07,10,0.00,3.66,3.67,3.67,3.67,3.67,3.66,3.68,3.66,29.45,6.0,-30,-30,81.7,2278,-53,-517,-28,-506,0,999,0,0,1,-1,0,1,1,-1,-1,-1,-1,-1,0,1,
2026-04-15,15:05:00.390,7.59,100,100,100,-0.027,9.93,51,0,8.13,-0.086,1.075,-2.94,64,0,162.47,-21.57,10,0.00,3.66,3.67,3.67,3.67,3.67,3.66,3.68,3.66,29.47,6.0,-30,-30,76.3,2278,-64,-589,-27,-229,0,999,0,0,1,-1,0,1,1,-1,-1,-1,-1,-1,0,1,
2026-04-15,15:05:00.650,7.60,100,100,100,-0.025,9.25,50,0,8.15,-0.170,1.321,-2.70,64,0,156.31,-25.69,10,0.00,3.66,3.67,3.67,3.67,3.67,3.66,3.68,3.66,29.48,5.6,-30,-30,80.7,2279,-58,-563,-101,-244,0,1000,0,0,1,-1,0,1,1,-1,-1,-1,-1,-1,0,1,
2026-04-15,15:05:00.910,7.59,100,100,100,-0.059,8.56,50,0,8.16,-0.139,1.237,-2.44,62,0,152.81,-28.13,10,0.00,3.66,3.67,3.67,3.67,3.67,3.66,3.68,3.66,29.48,5.6,-30,-30,76.7,2279,-66,-535,-182,-193,0,1000,0,0,1,-1,0,1,1,-1,-1,-1,-1,-1,0,1,
2026-04-15,15:05:01.180,7.59,99,100,100,-0.087,7.70,49,0,8.17,-0.058,0.986,-1.57,64,0,152.46,-27.85,10,0.00,3.66,3.67,3.67,3.67,3.67,3.66,3.68,3.66,29.52,1.7,-30,-30,75.6,2280,0,-575,-290,155,0,999,0,0,1,-1,0,1,1,-1,-1,-1,-1,-1,0,1,
2026-04-15,15:05:01.440,7.59,98,100,100,-0.088,7.27,49,0,8.14,-0.099,1.136,-1.52,63,0,157.61,-26.54,10,0.00,3.66,3.67,3.67,3.67,3.67,3.66,3.68,3.66,29.52,1.7,-30,-30,73.5,2280,0,-438,-342,118,0,1000,0,0,1,-1,0,1,1,-1,-1,-1,-1,-1,0,1,
2026-04-15,15:05:01.700,7.59,98,100,100,-0.027,6.75,50,0,8.15,-0.067,1.074,-1.59,60,0,167.78,-25.02,10,0.00,3.66,3.67,3.67,3.67,3.67,3.66,3.68,3.67,29.56,0.0,-30,-30,73.2,2280,0,-194,-344,0,0,1000,0,0,1,-1,0,1,1,-1,-1,-1,-1,-1,0,1,
2026-04-15,15:05:01.960,7.59,99,100,100,-0.025,6.12,50,0,8.16,0.079,0.827,-2.00,62,0,166.88,-21.62,10,0.00,3.67,3.68,3.67,3.67,3.67,3.66,3.68,3.67,29.56,0.0,-30,-30,73.2,2280,0,-471,-282,173,0,1000,0,0,1,-1,0,1,1,-1,-1,-1,-1,-1,0,1,
2026-04-15,15:05:02.220,7.60,100,100,100,-0.009,5.74,51,0,8.15,0.034,0.727,-1.65,64,0,165.37,-16.82,10,0.00,3.67,3.68,3.68,3.68,3.67,3.66,3.68,3.67,29.56,1.5,-30,-30,70.6,2280,0,-541,-127,352,0,1000,0,0,1,-1,0,1,1,-1,-1,-1,-1,-1,0,1,
2026-04-15,15:05:02.490,7.59,100,100,100,-0.013,5.02,52,0,8.14,-0.111,1.057,-1.88,67,0,167.55,-19.37,10,0.00,3.67,3.68,3.68,3.68,3.68,3.67,3.68,3.67,29.56,1.5,-30,-30,70.6,2280,17,-630,218,396,0,1000,0,0,1,-1,0,1,1,-1,-1,-1,-1,-1,0,1,
2026-04-15,15:05:02.750,7.60,99,100,100,-0.046,3.60,51,0,8.13,-0.219,1.191,-3.54,69,0,168.06,-20.34,10,0.00,3.67,3.68,3.68,3.68,3.68,3.67,3.68,3.66,29.44,15.5,-30,-30,74.6,2281,95,-597,595,618,0,999,0,0,1,-1,0,1,1,-1,-1,-1,-1,-1,0,1,
2026-04-15,15:05:03.010,7.59,93,100,100,0.086,1.95,47,0,8.11,-0.468,1.350,-4.94,71,0,-71.42,-23.42,10,0.00,3.67,3.68,3.68,3.68,3.68,3.67,3.68,3.66,29.44,15.5,-30,-30,78.9,2282,242,-577,780,622,0,999,0,0,1,-1,0,1,1,-1,-1,-1,-1,-1,0,1,
2026-04-15,15:05:03.280,7.60,90,100,100,0.137,0.22,45,0,8.09,-0.437,1.538,-5.64,73,0,-174.58,-25.27,10,0.00,3.65,3.66,3.68,3.68,3.68,3.67,3.68,3.66,29.21,54.2,-30,-30,84.6,2284,162,-280,269,427,0,999,0,0,1,-1,0,1,1,-1,-1,-1,-1,-1,0,1,
2026-04-15,15:05:03.540,7.59,91,100,100,0.070,-1.36,45,0,8.05,-0.091,1.170,-5.65,74,0,-174.53,-28.66,10,0.00,3.65,3.66,3.68,3.68,3.68,3.67,3.68,3.66,29.21,54.2,-30,-30,85.6,2288,415,-303,-402,587,0,999,0,0,1,-1,0,1,1,-1,-1,-1,-1,-1,0,1,
2026-04-15,15:05:03.810,7.59,97,100,100,-0.084,-2.12,47,0,8.09,0.133,0.804,-4.23,75,0,-162.69,-22.11,10,0.00,3.65,3.66,3.68,3.68,3.64,3.62,3.68,3.66,29.34,0.0,-30,-30,89.6,2289,432,-767,-477,485,0,999,0,0,1,-1,0,1,1,-1,-1,-1,-1,-1,0,1,
2026-04-15,15:05:04.070,7.59,100,100,100,-0.133,-1.78,51,0,8.04,0.073,1.160,-1.14,76,0,-151.83,-20.19,10,0.00,3.65,3.66,3.68,3.68,3.64,3.62,3.65,3.63,29.34,0.0,-30,-30,89.6,2289,213,-896,-456,23,0,1000,0,0,1,-1,0,1,1,-1,-1,-1,-1,-1,0,1,
2026-04-15,15:05:04.340,7.59,100,100,99,-0.098,-1.52,55,0,8.06,-0.112,1.641,0.23,77,0,-133.50,-21.01,10,0.00,3.65,3.66,3.68,3.68,3.64,3.62,3.65,3.63,29.41,0.0,-30,-30,81.9,2289,-53,-97,-397,-565,0,999,0,0,1,-1,0,1,1,-1,-1,-1,-1,-1,0,1,
2026-04-15,15:05:04.610,7.59,99,99,99,-0.039,-1.87,56,0,8.04,0.118,1.020,-0.66,78,0,-132.05,-19.52,10,0.00,3.65,3.66,3.68,3.68,3.64,3.62,3.65,3.63,29.41,0.0,-30,-30,84.3,2289,-286,0,-569,-836,0,999,0,0,1,-1,0,1,1,-1,-1,-1,-1,-1,0,1,
2026-04-15,15:05:04.870,7.59,99,99,99,-0.077,-1.93,60,0,8.03,0.108,0.759,-0.53,77,0,-144.89,-14.18,10,0.00,3.65,3.66,3.68,3.68,3.68,3.67,3.65,3.63,29.52,0.0,-30,-30,78.9,2289,-468,-1022,-735,-581,0,999,0,0,1,-1,0,1,1,-1,-1,-1,-1,-1,0,1,
2026-04-15,15:05:05.140,7.59,99,99,99,-0.074,-2.05,62,0,8.03,-0.155,1.764,-0.35,77,0,-152.64,-21.40,10,0.00,3.65,3.66,3.68,3.68,3.68,3.67,3.69,3.67,29.52,0.0,-30,-30,82.4,2289,-606,-421,-1018,-808,0,1000,0,0,1,-1,0,1,1,-1,-1,-1,-1,-1,0,1,
2026-04-15,15:05:05.410,7.59,100,100,99,-0.106,-2.29,62,0,8.06,-0.175,1.533,-0.71,78,0,-161.30,-28.45,10,0.00,3.65,3.66,3.68,3.68,3.68,3.67,3.69,3.67,29.55,0.0,-30,-30,70.2,2289,-634,-128,-1024,-991,0,999,0,0,1,-1,0,1,1,-1,-1,-1,-1,-1,0,1,
2026-04-15,15:05:05.670,7.59,100,100,99,-0.150,-2.41,63,0,7.93,0.203,0.627,-0.61,83,0,159.64,-22.37,10,0.00,3.68,3.69,3.68,3.68,3.68,3.67,3.69,3.67,29.58,0.0,-30,-30,72.6,2289,0,-842,-1024,436,0,999,0,0,1,-1,0,1,1,-1,-1,-1,-1,-1,0,1,
2026-04-15,15:05:05.940,7.59,100,100,99,-0.134,-2.65,68,0,7.95,0.187,0.775,-0.61,88,0,158.87,-18.76,10,0.00,3.68,3.69,3.69,3.68,3.68,3.67,3.69,3.67,29.58,0.0,-30,-30,70.2,2289,214,-1024,-1024,711,0,999,0,0,1,-1,0,1,1,-1,-1,-1,-1,-1,0,1,
2026-04-15,15:05:06.210,7.59,100,100,99,0.327,-2.74,72,0,7.89,0.047,1.792,-0.51,92,0,-169.92,-22.33,10,0.00,3.68,3.69,3.69,3.68,3.69,3.67,3.69,3.67,29.61,0.0,-30,-30,62.4,2289,0,-599,-1024,60,0,1000,0,0,1,-1,0,1,1,-1,-1,-1,-1,-1,0,1,
2026-04-15,15:05:06.470,7.59,100,100,99,-0.023,-2.57,75,0,7.92,-0.120,0.994,0.15,96,0,-170.12,-27.96,10,0.00,3.68,3.69,3.69,3.68,3.69,3.67,3.70,3.67,29.61,0.0,-30,-30,62.4,2289,39,-523,-1024,0,0,999,0,0,1,-1,0,1,1,-1,-1,-1,-1,-1,0,1,
2026-04-15,15:05:06.730,7.59,100,100,99,-0.051,-2.51,75,0,7.97,0.021,0.596,0.18,94,0,96.90,-26.66,10,0.00,3.68,3.69,3.69,3.68,3.69,3.67,3.70,3.67,29.63,0.0,-30,-30,56.1,2289,255,-447,-1024,147,0,999,0,0,1,-1,0,1,1,-1,-1,-1,-1,-1,0,1,
2026-04-15,15:05:06.990,7.59,100,100,99,-0.072,-2.33,78,0,7.94,-0.039,0.797,0.41,91,0,-171.95,-22.76,10,0.00,3.68,3.69,3.69,3.69,3.69,3.67,3.70,3.67,29.63,0.0,-30,-30,58.9,2289,524,-550,-1024,451,0,999,0,0,1,-1,0,1,1,-1,-1,-1,-1,-1,0,1,
2026-04-15,15:05:07.260,7.59,100,100,99,-0.463,-2.30,79,0,7.96,-0.176,1.321,0.05,86,0,-162.40,-20.82,10,0.00,3.68,3.69,3.69,3.69,3.69,3.67,3.70,3.67,29.65,0.0,-30,-30,59.3,2289,0,-900,-1024,0,0,999,0,0,1,-1,0,1,1,-1,-1,-1,-1,-1,0,1,
2026-04-15,15:05:07.520,7.59,100,100,99,-0.407,-2.38,77,0,7.88,0.001,1.576,-0.16,77,0,-173.69,-16.13,10,0.00,3.68,3.69,3.69,3.69,3.69,3.67,3.70,3.67,29.65,0.0,-30,-30,55.4,2289,-324,-892,-1024,24,0,999,0,0,1,-1,0,1,1,-1,-1,-1,-1,-1,0,1,
2026-04-15,15:05:07.780,7.59,100,100,99,-0.104,-2.38,72,0,7.88,0.000,1.172,-0.06,75,0,-173.69,-16.13,10,0.00,3.68,3.69,3.69,3.69,3.69,3.67,3.70,3.67,29.66,0.0,-30,-30,53.0,2289,0,-828,-1024,30,0,1000,0,0,1,-1,0,1,1,-1,-1,-1,-1,-1,0,1,
2026-04-15,15:05:08.050,7.59,100,100,99,0.135,-2.50,69,0,8.04,-0.020,0.942,-0.24,74,0,-176.68,-16.80,10,0.00,3.68,3.69,3.69,3.69,3.69,3.67,3.70,3.67,29.66,0.0,-30,-30,49.4,2289,43,-699,-1024,0,0,999,0,0,1,-1,0,1,1,-1,-1,-1,-1,-1,0,1,
2026-04-15,15:05:08.310,7.59,99,100,100,0.000,-2.41,67,0,8.10,-0.007,0.998,0.00,72,0,-176.16,-13.63,10,0.00,3.68,3.69,3.69,3.69,3.69,3.67,3.70,3.67,29.68,0.0,-30,-30,47.0,2289,24,107,-1024,0,0,999,0,0,1,-1,0,1,1,-1,-1,-1,-1,-1,0,1,
2026-04-15,15:05:08.580,7.59,99,100,100,-0.033,-2.37,64,0,8.09,0.006,0.916,0.18,69,0,-176.44,-10.70,10,0.00,3.68,3.69,3.69,3.69,3.69,3.67,3.70,3.67,29.68,0.0,-30,-30,47.0,2289,-97,-810,-1024,139,0,999,0,0,1,-1,0,1,1,-1,-1,-1,-1,-1,0,1,
2026-04-15,15:05:08.840,7.59,99,100,100,-0.211,-2.51,63,0,8.00,-0.059,0.873,-0.22,67,0,-175.82,-14.53,10,0.00,3.68,3.69,3.69,3.69,3.69,3.67,3.70,3.68,29.69,0.0,-30,-30,52.6,2289,-160,14,-1024,0,0,999,0,0,1,-1,0,1,1,-1,-1,-1,-1,-1,0,1,
2026-04-15,15:05:09.110,7.59,100,100,100,-0.111,-2.51,62,0,7.98,-0.026,0.637,-0.15,64,0,-176.57,-14.37,10,0.00,3.69,3.69,3.69,3.69,3.69,3.67,3.70,3.68,29.69,0.0,-30,-30,47.8,2289,-339,-754,-1024,23,0,999,0,0,1,-1,0,1,1,-1,-1,-1,-1,-1,0,1,
2026-04-15,15:05:09.380,7.59,100,100,100,-0.070,-2.52,61,0,7.98,-0.024,1.078,-0.08,64,0,-177.53,-10.71,10,0.00,3.69,3.69,3.70,3.69,3.69,3.67,3.70,3.68,29.70,0.0,-30,-30,47.8,2289,-381,-926,-1024,26,0,999,0,0,1,-1,0,1,1,-1,-1,-1,-1,-1,0,1,
2026-04-15,15:05:09.640,7.59,100,100,100,0.027,-2.55,59,0,8.08,-0.048,0.922,-0.05,63,0,-178.34,-12.50,10,0.00,3.69,3.69,3.70,3.69,3.69,3.68,3.70,3.68,29.70,0.0,-30,-30,43.0,2289,-382,-697,-1024,0,0,1000,0,0,1,-1,0,1,1,-1,-1,-1,-1,-1,0,1,
2026-04-15,15:05:09.910,7.59,100,100,100,0.045,-2.37,56,0,8.09,0.005,0.979,0.01,62,0,-178.32,-11.10,10,0.00,3.69,3.69,3.70,3.69,3.69,3.68,3.70,3.68,29.71,0.0,-30,-30,44.4,2289,-517,-593,-1024,0,0,999,0,0,1,-1,0,1,1,-1,-1,-1,-1,-1,0,1,
2026-04-15,15:05:10.170,7.59,98,100,100,0.030,-2.32,55,0,8.08,-0.008,0.838,0.26,61,0,-178.75,-8.23,10,0.00,3.69,3.69,3.70,3.69,3.69,3.68,3.70,3.68,29.71,0.0,-30,-30,40.2,2289,-604,-722,-1024,0,0,1000,0,0,1,-1,0,1,1,-1,-1,-1,-1,-1,0,1,
2026-04-15,15:05:10.440,7.59,97,100,100,0.064,-2.26,52,0,8.04,-0.017,1.030,0.22,59,0,-178.66,-7.76,10,0.00,3.69,3.69,3.70,3.69,3.69,3.68,3.70,3.68,29.71,0.0,-30,-30,39.1,2289,-657,-987,-1024,7,0,999,0,0,1,-1,0,1,1,-1,-1,-1,-1,-1,0,1,
2026-04-15,15:05:10.700,7.59,97,100,100,0.108,-2.33,51,0,8.08,0.023,0.935,0.00,57,0,-177.71,-8.14,10,0.00,3.69,3.69,3.70,3.69,3.69,3.68,3.70,3.68,29.72,0.0,-30,-30,42.6,2289,-693,-823,-1024,0,0,1000,0,0,1,-1,0,1,1,-1,-1,-1,-1,-1,0,1,
2026-04-15,15:05:10.960,7.59,99,100,100,0.096,-2.24,50,0,8.07,-0.021,0.941,0.06,56,0,-176.68,-6.60,10,0.00,3.69,3.69,3.70,3.69,3.69,3.68,3.70,3.68,29.72,0.0,-30,-30,42.6,2289,-743,-716,-1024,0,0,999,0,0,1,-1,0,1,1,-1,-1,-1,-1,-1,0,1,
2026-04-15,15:05:11.230,7.59,99,100,100,0.091,-2.24,49,0,8.07,-0.032,1.015,0.14,53,0,-176.46,-6.20,10,0.00,3.69,3.69,3.70,3.69,3.69,3.68,3.70,3.68,29.73,0.0,-30,-30,38.2,2289,382,-597,-1024,-6,0,999,0,0,1,-1,0,1,1,-1,-1,-1,-1,-1,0,1,
2026-04-15,15:05:11.500,7.59,99,99,99,-0.080,-2.19,48,0,8.05,-0.054,1.005,0.11,52,0,-176.83,-5.58,10,0.00,3.69,3.70,3.70,3.69,3.69,3.68,3.70,3.68,29.73,0.0,-30,-30,35.0,2289,181,-568,-1024,0,0,999,0,0,1,-1,0,1,1,-1,-1,-1,-1,-1,0,1,
2026-04-15,15:05:11.770,7.59,99,99,99,-0.190,-2.24,47,0,8.05,-0.053,1.122,-0.05,52,0,-177.42,-5.13,10,0.00,3.69,3.70,3.70,3.69,3.69,3.68,3.70,3.68,29.73,0.0,-30,-30,36.1,2289,578,-557,-1024,0,0,1000,0,0,1,-1,0,1,1,-1,-1,-1,-1,-1,0,1,
2026-04-15,15:05:12.030,7.59,99,99,99,-0.182,-2.30,47,0,8.04,-0.042,0.999,-0.12,50,0,-179.11,-5.00,10,0.00,3.69,3.70,3.70,3.69,3.69,3.68,3.70,3.68,29.73,0.0,-30,-30,33.7,2289,-55,-500,-1024,0,0,999,0,0,1,-1,0,1,1,-1,-1,-1,-1,-1,0,1,
2026-04-15,15:05:12.290,7.59,99,99,99,-0.153,-2.32,47,0,8.06,-0.051,0.982,-0.08,47,0,178.49,-4.62,10,0.00,3.69,3.70,3.70,3.69,3.69,3.68,3.70,3.68,29.74,0.0,-30,-30,32.6,2289,328,-874,-1024,0,0,999,0,0,1,-1,0,1,1,-1,-1,-1,-1,-1,0,1,
2026-04-15,15:05:12.550,7.59,99,99,99,-0.129,-2.31,47,0,8.09,-0.049,1.012,-0.09,45,0,178.32,-5.37,10,0.00,3.69,3.70,3.70,3.69,3.69,3.68,3.71,3.68,29.74,0.0,-30,-30,35.0,2289,322,-736,-1024,0,0,1000,0,0,1,-1,0,1,1,-1,-1,-1,-1,-1,0,1,
2026-04-15,15:05:12.820,7.59,100,100,99,-0.107,-2.18,46,0,8.09,-0.031,0.903,0.13,44,0,176.60,-5.29,10,0.00,3.69,3.70,3.70,3.69,3.69,3.68,3.71,3.68,29.75,0.0,-30,-30,35.0,2289,621,-515,-1024,0,0,999,0,0,1,-1,0,1,1,-1,-1,-1,-1,-1,0,1,
2026-04-15,15:05:13.090,7.59,100,100,99,-0.129,-2.17,45,0,8.05,-0.037,1.060,0.10,44,0,175.93,-4.35,10,0.00,3.69,3.70,3.70,3.70,3.69,3.68,3.71,3.68,29.75,0.0,-30,-30,35.0,2289,890,-531,-1024,0,0,999,0,0,1,-1,0,1,1,-1,-1,-1,-1,-1,0,1,
2026-04-15,15:05:13.360,7.59,99,99,99,-0.224,-2.12,45,0,8.02,-0.057,0.895,0.17,44,0,174.86,-4.56,10,0.00,3.69,3.70,3.70,3.70,3.69,3.68,3.71,3.68,29.75,0.0,-30,-30,35.0,2289,1005,-542,-1024,0,0,999,0,0,1,-1,0,1,1,-1,-1,-1,-1,-1,0,1,
2026-04-15,15:05:13.620,7.59,99,99,99,-0.317,-2.22,46,0,8.01,0.080,2.026,-0.16,40,0,174.11,-4.81,10,0.00,3.69,3.70,3.70,3.70,3.69,3.68,3.71,3.68,29.75,0.0,-30,-30,28.0,2289,1005,-485,-1024,0,0,999,0,0,1,-1,0,1,1,-1,-1,-1,-1,-1,0,1,
2026-04-15,15:05:13.880,7.59,99,99,99,-0.114,-2.39,47,0,8.04,0.012,0.171,-0.32,37,0,174.02,-5.42,10,0.00,3.69,3.70,3.70,3.70,3.69,3.68,3.71,3.68,29.76,0.0,-30,-30,28.0,2289,1004,-300,-1024,0,0,999,0,0,1,-1,0,1,1,-1,-1,-1,-1,-1,0,1,
2026-04-15,15:05:14.140,7.59,99,99,99,-0.239,-2.45,47,0,7.95,-0.043,1.228,-0.37,36,0,172.50,-1.13,10,0.00,3.69,3.70,3.70,3.70,3.69,3.68,3.71,3.68,29.76,0.0,-30,-30,33.2,2289,1008,-291,-1024,0,0,999,0,0,1,-1,0,1,1,-1,-1,-1,-1,-1,0,1,
2026-04-15,15:05:14.400,7.59,99,99,98,-0.357,-2.58,46,0,7.92,0.028,1.228,-0.36,34,0,172.50,-1.13,10,0.00,3.69,3.70,3.70,3.70,3.69,3.68,3.71,3.68,29.76,0.0,-30,-30,33.7,2289,1002,-287,-1024,0,0,999,0,0,1,-1,0,1,1,-1,-1,-1,-1,-1,0,1,
2026-04-15,15:05:14.670,7.59,99,99,95,-0.357,-2.60,46,0,7.99,0.088,0.937,-0.26,33,0,172.12,-3.87,10,0.00,3.69,3.70,3.70,3.70,3.69,3.68,3.71,3.68,29.76,0.0,-30,-30,27.4,2289,998,-240,-1024,0,0,999,0,0,1,-1,0,1,1,-1,-1,-1,-1,-1,0,1,
2026-04-15,15:05:14.940,7.59,100,100,95,-0.338,-2.50,45,0,8.02,0.142,0.953,0.12,32,0,172.09,-4.72,10,0.00,3.69,3.70,3.70,3.70,3.69,3.68,3.71,3.68,29.76,0.0,-30,-30,21.7,2289,913,-150,-1024,0,0,1000,0,0,1,-1,0,1,1,-1,-1,-1,-1,-1,0,1,
2026-04-15,15:05:15.210,7.59,100,100,95,-0.180,-2.51,45,0,8.09,0.109,0.731,0.06,32,0,172.09,-4.72,10,0.00,3.70,3.70,3.70,3.70,3.69,3.68,3.71,3.68,29.77,0.0,-30,-30,10.7,2289,916,-42,-1024,0,0,1000,0,0,1,-1,0,1,1,-1,-1,-1,-1,-1,0,1,
2026-04-15,15:05:15.470,7.60,100,100,96,-0.101,-2.52,45,0,8.10,0.180,1.163,-0.01,33,0,169.77,-5.45,10,0.00,3.70,3.70,3.70,3.70,3.69,3.68,3.71,3.68,29.77,0.0,-30,-30,10.7,2289,906,9,-1024,0,0,1000,0,0,1,-1,0,1,1,-1,-1,-1,-1,-1,0,1,
2026-04-15,15:05:15.740,7.59,100,100,96,-0.045,-2.47,45,0,8.07,0.250,0.771,0.07,32,0,169.30,-5.96,10,0.00,3.70,3.70,3.70,3.70,3.70,3.68,3.71,3.68,29.77,0.0,-30,-30,0.0,2289,906,12,-1024,0,0,999,0,0,1,-1,0,1,1,-1,-1,-1,-1,-1,0,1,
2026-04-15,15:05:16.010,7.59,100,100,95,-0.116,-2.42,45,0,8.11,0.017,0.623,0.16,32,0,168.93,-3.95,10,0.00,3.70,3.70,3.70,3.70,3.70,3.68,3.71,3.68,29.77,0.0,-30,-30,10.2,2289,418,-758,-1024,0,0,999,0,0,1,-1,0,1,1,-1,-1,-1,-1,-1,0,1,
2026-04-15,15:05:16.270,7.59,100,100,95,-0.032,-2.33,45,0,8.02,0.017,0.654,0.16,32,0,168.80,-3.22,10,0.00,3.70,3.70,3.70,3.70,3.70,3.68,3.71,3.68,29.78,0.0,-30,-30,10.2,2289,0,15,-1024,0,0,999,0,0,1,-1,0,1,1,-1,-1,-1,-1,-1,0,1,
2026-04-15,15:05:16.540,7.59,100,100,95,-0.069,-2.30,45,0,8.05,0.020,1.098,0.17,32,0,168.30,-0.19,10,0.00,3.70,3.70,3.70,3.70,3.70,3.68,3.71,3.68,29.78,0.0,-30,-30,0.0,2289,0,-32,-1024,303,0,999,0,0,1,-1,0,1,1,-1,-1,-1,-1,-1,0,1,
2026-04-15,15:05:16.800,7.59,100,100,94,-0.044,-2.35,44,0,8.09,-0.010,0.950,-0.02,31,0,168.66,-5.20,10,0.00,3.70,3.70,3.70,3.70,3.70,3.68,3.71,3.68,29.78,0.0,-30,-30,10.7,2289,0,-1,-1024,1015,0,999,0,0,1,-1,0,1,1,-1,-1,-1,-1,-1,0,1,
2026-04-15,15:05:17.070,7.59,100,100,94,-0.057,-2.27,43,0,8.04,0.108,1.187,0.12,33,0,168.93,-2.00,10,0.00,3.70,3.70,3.70,3.70,3.70,3.69,3.71,3.68,29.78,0.0,-30,-30,0.0,2289,0,64,-1024,0,0,1000,0,0,1,-1,0,1,1,-1,-1,-1,-1,-1,0,1,
2026-04-15,15:05:17.330,7.59,100,100,94,-0.038,-2.26,43,0,8.05,0.019,1.023,0.07,32,0,169.22,-2.37,10,0.00,3.70,3.70,3.70,3.70,3.70,3.69,3.71,3.68,29.78,0.0,-30,-30,0.0,2289,0,141,-1024,-916,0,999,0,0,1,-1,0,1,1,-1,-1,-1,-1,-1,0,1,
2026-04-15,15:05:17.600,7.59,100,100,92,0.000,-2.24,42,0,8.10,0.045,1.049,0.09,31,0,172.59,0.51,10,0.00,3.70,3.70,3.70,3.70,3.70,3.69,3.71,3.68,29.78,0.0,-30,-30,0.0,2289,0,-68,-1024,570,0,1000,0,0,1,-1,0,1,1,-1,-1,-1,-1,-1,0,1,
2026-04-15,15:05:17.860,7.59,100,100,91,-0.071,-2.22,40,0,8.10,0.045,1.048,0.09,31,0,172.59,0.51,10,0.00,3.70,3.70,3.71,3.70,3.70,3.69,3.71,3.68,29.79,0.0,-30,-30,0.0,2289,0,14,-1024,0,0,999,0,0,1,-1,0,1,1,-1,-1,-1,-1,-1,0,1,
2026-04-15,15:05:18.130,7.59,99,99,91,-0.039,-2.18,39,0,8.10,-0.029,0.991,0.09,32,0,174.81,0.33,10,0.00,3.70,3.70,3.71,3.70,3.70,3.68,3.71,3.68,29.79,0.0,-30,-30,0.0,2289,0,189,-1024,-999,0,999,0,0,1,-1,0,1,1,-1,-1,-1,-1,-1,0,1,
2026-04-15,15:05:18.400,7.59,96,96,93,0.020,-2.27,36,0,8.07,0.136,1.144,-0.11,34,0,174.99,0.98,10,0.00,3.70,3.70,3.71,3.70,3.70,3.68,3.71,3.69,29.79,0.0,-30,-30,0.0,2289,0,22,-1024,0,0,999,0,0,1,-1,0,1,1,-1,-1,-1,-1,-1,0,1,
2026-04-15,15:05:18.660,7.59,95,95,95,0.033,-2.29,37,0,8.07,0.055,1.272,0.02,34,0,175.45,2.62,10,0.00,3.70,3.70,3.71,3.70,3.70,3.68,3.71,3.69,29.79,0.0,-30,-30,0.0,2289,0,17,-1024,0,0,999,0,0,1,-1,0,1,1,-1,-1,-1,-1,-1,0,1,
2026-04-15,15:05:18.930,7.59,96,96,95,-0.068,-2.38,39,0,8.11,-0.066,0.768,-0.21,34,0,175.84,2.35,10,0.00,3.70,3.70,3.71,3.70,3.70,3.68,3.71,3.69,29.79,0.0,-30,-30,0.0,2289,0,16,-1024,0,0,999,0,0,1,-1,0,1,1,-1,-1,-1,-1,-1,0,1,
2026-04-15,15:05:19.190,7.59,98,98,95,-0.008,-2.36,40,0,8.13,-0.101,1.131,-0.11,33,0,176.47,-0.28,10,0.00,3.70,3.70,3.71,3.70,3.70,3.68,3.71,3.69,29.79,0.0,-30,-30,0.0,2289,0,16,-1024,0,0,999,0,0,1,-1,0,1,1,-1,-1,-1,-1,-1,0,1,
2026-04-15,15:05:19.450,7.59,100,100,94,-0.030,-2.39,40,0,8.15,-0.096,1.131,-0.11,32,0,176.52,-0.48,10,0.00,3.70,3.70,3.71,3.70,3.70,3.69,3.71,3.69,29.79,0.0,-30,-30,0.0,2289,0,-702,-1024,0,0,999,0,0,1,-1,0,1,1,-1,-1,-1,-1,-1,0,1,
2026-04-15,15:05:19.720,7.59,99,99,91,-0.055,-2.37,40,0,8.06,-0.096,0.938,0.01,31,0,176.63,-1.17,10,0.00,3.70,3.70,3.71,3.70,3.70,3.69,3.71,3.69,29.79,0.0,-30,-30,0.0,2289,0,14,-1024,0,0,1000,0,0,1,-1,0,1,1,-1,-1,-1,-1,-1,0,1,
2026-04-15,15:05:19.990,7.59,99,99,88,-0.040,-2.37,40,0,8.11,-0.057,0.964,0.07,30,0,176.66,-1.31,10,0.00,3.70,3.71,3.71,3.70,3.70,3.69,3.71,3.69,29.79,0.0,-30,-30,0.0,2289,0,22,-1024,974,0,999,0,0,1,-1,0,1,1,-1,-1,-1,-1,-1,0,1,
2026-04-15,15:05:20.250,7.59,99,99,88,-0.078,-2.36,41,0,8.14,-0.066,0.989,0.00,30,0,176.74,-1.91,10,0.00,3.70,3.71,3.70,3.70,3.70,3.69,3.71,3.69,29.79,0.0,-30,-30,0.0,2289,0,10,-1024,996,0,999,0,0,1,-1,0,1,1,-1,-1,-1,-1,-1,0,1,
2026-04-15,15:05:20.510,7.59,100,100,88,-0.012,-2.31,41,0,8.09,-0.058,0.984,0.07,31,0,176.83,-2.40,10,0.00,3.70,3.71,3.70,3.70,3.70,3.69,3.71,3.69,29.79,0.0,-30,-30,0.0,2289,0,9,-1024,0,0,1000,0,0,1,-1,0,1,1,-1,-1,-1,-1,-1,0,1,
2026-04-15,15:05:20.770,7.59,100,100,89,-0.056,-2.31,42,0,8.12,-0.050,0.978,0.19,32,0,176.93,-2.81,10,0.00,3.70,3.71,3.70,3.70,3.70,3.69,3.71,3.69,29.79,0.0,-30,-30,0.0,2289,0,14,-1024,0,0,1000,0,0,1,-1,0,1,1,-1,-1,-1,-1,-1,0,1,
2026-04-15,15:05:21.040,7.59,100,100,89,-0.060,-2.23,41,0,8.15,-0.062,0.976,0.14,34,0,176.97,-3.00,10,0.00,3.70,3.71,3.70,3.70,3.70,3.69,3.71,3.69,29.79,0.0,-30,-30,0.0,2289,0,14,-1024,0,0,1000,0,0,1,-1,0,1,1,-1,-1,-1,-1,-1,0,1,
2026-04-15,15:05:21.310,7.59,100,100,89,-0.055,-2.30,41,0,8.16,-0.060,0.978,-0.11,35,0,177.01,-3.31,10,0.00,3.70,3.71,3.70,3.70,3.70,3.69,3.71,3.69,29.79,0.0,-30,-30,0.0,2289,0,15,-1024,0,0,1000,0,0,1,-1,0,1,1,-1,-1,-1,-1,-1,0,1,
2026-04-15,15:05:21.570,7.59,95,95,91,-0.051,-2.30,39,0,8.17,-0.059,0.985,-0.18,36,0,177.03,-3.45,10,0.00,3.70,3.71,3.70,3.70,3.70,3.69,3.71,3.69,29.79,0.0,-30,-30,0.0,2289,0,15,-1024,0,0,999,0,0,1,-1,0,1,1,-1,-1,-1,-1,-1,0,1,
2026-04-15,15:05:21.840,7.59,86,92,92,-0.041,-2.31,34,0,8.17,-0.058,0.982,0.10,35,0,177.06,-3.59,10,0.00,3.70,3.71,3.70,3.70,3.70,3.69,3.71,3.69,29.80,0.0,-30,-30,0.0,2289,0,15,-1024,0,0,999,0,0,1,-1,0,1,1,-1,-1,-1,-1,-1,0,1,
2026-04-15,15:05:22.110,7.59,81,92,92,-0.038,-2.32,34,0,8.17,-0.057,0.980,0.10,36,0,177.14,-3.93,10,0.00,3.70,3.71,3.70,3.70,3.70,3.69,3.71,3.69,29.80,0.0,-30,-30,0.0,2289,0,15,-1024,0,0,1000,0,0,1,-1,0,1,1,-1,-1,-1,-1,-1,0,1,
2026-04-15,15:05:22.370,7.59,83,90,90,-0.034,-2.40,35,0,8.17,-0.061,0.981,-0.15,34,0,177.16,-4.02,10,0.00,3.70,3.71,3.70,3.70,3.70,3.69,3.71,3.69,29.80,0.0,-30,-30,0.0,2289,0,14,-1024,0,0,999,0,0,1,-1,0,1,1,-1,-1,-1,-1,-1,0,1,
2026-04-15,15:05:22.630,7.59,92,93,90,-0.036,-2.39,40,0,8.17,-0.058,0.980,-0.06,33,0,177.19,-4.18,10,0.00,3.70,3.71,3.71,3.70,3.70,3.69,3.71,3.69,29.80,0.0,-30,-30,0.0,2289,0,14,-1024,0,0,999,0,0,1,-1,0,1,1,-1,-1,-1,-1,-1,0,1,
2026-04-15,15:05:22.900,7.59,97,97,90,-0.036,-2.36,41,0,8.17,-0.057,0.980,0.03,34,0,177.20,-4.24,10,0.00,3.70,3.71,3.71,3.70,3.70,3.69,3.71,3.69,29.81,0.0,-30,-30,0.0,2289,0,15,-1024,0,0,999,0,0,1,-1,0,1,1,-1,-1,-1,-1,-1,0,1,
2026-04-15,15:05:23.170,7.59,99,99,90,-0.039,-2.33,41,0,8.17,-0.057,0.980,0.10,33,0,177.23,-4.38,10,0.00,3.70,3.71,3.71,3.70,3.70,3.69,3.71,3.69,29.81,0.0,-30,-30,0.0,2289,0,15,-1024,0,0,999,0,0,1,-1,0,1,1,-1,-1,-1,-1,-1,0,1,
2026-04-15,15:05:23.440,7.59,93,93,91,-0.039,-2.34,38,0,8.17,-0.058,0.981,0.10,33,0,177.26,-4.48,10,0.00,3.70,3.71,3.71,3.70,3.70,3.69,3.71,3.69,29.81,0.0,-30,-30,0.0,2289,0,15,-1024,0,0,999,0,0,1,-1,0,1,1,-1,-1,-1,-1,-1,0,1,
2026-04-15,15:05:23.700,7.59,91,93,93,-0.039,-2.36,36,0,8.17,-0.060,0.981,0.00,33,0,177.27,-4.54,10,0.00,3.70,3.71,3.71,3.70,3.70,3.69,3.71,3.69,29.81,0.0,-30,-30,0.0,2289,0,14,-1024,0,0,999,0,0,1,-1,0,1,1,-1,-1,-1,-1,-1,0,1,
2026-04-15,15:05:23.960,7.59,91,98,98,-0.042,-2.37,39,0,8.17,-0.058,0.981,0.00,32,0,177.29,-4.62,10,0.00,3.70,3.71,3.71,3.70,3.70,3.69,3.71,3.69,29.81,0.0,-30,-30,0.0,2289,0,14,-1024,0,0,999,0,0,1,-1,0,1,-1,-1,-1,-1,-1,-1,0,1,
2026-04-15,15:05:24.220,7.59,98,99,98,-0.041,-2.43,41,0,8.22,-0.058,0.982,-0.14,33,0,177.29,-4.65,10,0.00,3.70,3.71,3.71,3.70,3.70,3.69,3.71,3.69,29.81,0.0,-30,-30,0.0,2289,0,14,-1024,0,0,999,0,0,1,-1,0,1,-1,-1,-1,-1,-1,-1,0,1,
2026-04-15,15:05:24.500,7.59,100,100,98,-0.041,-2.40,43,0,8.25,-0.057,0.981,0.02,34,0,177.31,-4.72,10,0.00,3.70,3.71,3.71,3.70,3.70,3.69,3.72,3.69,29.81,0.0,-30,-30,0.0,2289,0,15,-1024,0,0,1000,0,0,1,-1,0,1,1,-1,-1,-1,-1,-1,0,1,
2026-04-15,15:05:24.770,7.59,100,100,97,-0.040,-2.35,43,0,8.19,-0.058,0.980,0.10,33,0,177.32,-4.77,10,0.00,3.70,3.71,3.71,3.70,3.70,3.69,3.72,3.69,29.81,0.0,-30,-30,0.0,2289,0,15,-1024,0,0,999,0,0,1,-1,0,1,1,-1,-1,-1,-1,-1,0,1,
2026-04-15,15:05:25.040,7.59,100,100,91,-0.040,-2.36,43,0,8.18,-0.059,0.981,0.10,30,0,177.32,-4.79,10,0.00,3.70,3.71,3.71,3.70,3.70,3.69,3.72,3.69,29.81,0.0,-30,-30,0.0,2289,0,15,-1024,0,0,999,0,0,1,-1,0,1,1,-1,-1,-1,-1,-1,0,1,
2026-04-15,15:05:25.300,7.59,100,100,91,-0.039,-2.41,44,0,8.17,-0.058,0.982,-0.08,30,0,177.34,-4.84,10,0.00,3.70,3.71,3.71,3.70,3.71,3.69,3.72,3.69,29.82,0.0,-30,-30,0.0,2289,0,14,-1024,0,0,999,0,0,1,-1,0,1,1,-1,-1,-1,-1,-1,0,1,
2026-04-15,15:05:25.560,7.59,100,100,89,-0.040,-2.38,44,0,8.17,-0.056,0.981,0.00,30,0,177.34,-4.85,10,0.00,3.70,3.71,3.71,3.70,3.71,3.69,3.71,3.69,29.82,0.0,-30,-30,0.0,2289,0,15,-1024,0,0,1000,0,0,1,-1,0,1,1,-1,-1,-1,-1,-1,0,1,
2026-04-15,15:05:25.820,7.59,100,100,88,-0.040,-2.36,44,0,8.17,-0.059,0.979,0.06,30,0,177.35,-4.87,10,0.00,3.70,3.71,3.71,3.70,3.71,3.69,3.71,3.69,29.82,0.0,-30,-30,0.0,2289,0,14,-1024,0,0,1000,0,0,1,-1,0,1,1,-1,-1,-1,-1,-1,0,1,
2026-04-15,15:05:26.090,7.59,100,100,88,-0.041,-2.35,43,0,8.17,-0.058,0.982,0.02,31,0,177.35,-4.91,10,0.00,3.70,3.71,3.71,3.70,3.71,3.69,3.71,3.69,29.82,0.0,-30,-30,0.0,2289,0,14,-1024,0,0,999,0,0,1,-1,0,1,1,-1,-1,-1,-1,-1,0,1,
2026-04-15,15:05:26.350,7.59,100,100,88,-0.041,-2.35,43,0,8.17,-0.060,0.980,0.00,31,0,177.35,-4.91,10,0.00,3.70,3.71,3.71,3.71,3.71,3.69,3.71,3.69,29.82,0.0,-30,-30,0.0,2289,0,14,-1024,0,0,999,0,0,1,-1,0,1,1,-1,-1,-1,-1,-1,0,1,
2026-04-15,15:05:26.610,7.59,97,97,88,-0.062,-2.35,42,0,8.15,-0.055,0.969,0.03,32,0,177.37,-4.95,10,0.00,3.70,3.71,3.71,3.71,3.70,3.69,3.71,3.69,29.82,0.0,-30,-30,0.0,2289,0,0,-1024,163,0,1000,0,0,1,-1,0,1,1,-1,-1,-1,-1,-1,0,1,
2026-04-15,15:05:26.880,7.59,91,91,84,-0.034,-2.35,40,0,8.14,-0.062,1.006,0.04,30,0,177.37,-4.93,10,0.00,3.70,3.71,3.71,3.71,3.70,3.69,3.72,3.69,29.82,0.0,-30,-30,0.0,2289,0,10,-1024,0,0,999,0,0,1,-1,0,1,1,-1,-1,-1,-1,-1,0,1,
2026-04-15,15:05:27.140,7.59,86,86,84,-0.041,-2.31,38,0,8.16,-0.053,0.972,0.02,30,0,177.37,-4.97,10,0.00,3.70,3.71,3.71,3.71,3.70,3.69,3.72,3.69,29.82,0.0,-30,-30,0.0,2289,0,0,-1024,112,0,999,0,0,1,-1,0,1,1,-1,-1,-1,-1,-1,0,1,
2026-04-15,15:05:27.410,7.59,81,84,84,-0.035,-2.28,37,0,8.16,-0.058,0.975,0.14,31,0,177.37,-4.98,10,0.00,3.70,3.71,3.71,3.71,3.70,3.69,3.72,3.69,29.82,0.0,-30,-30,0.0,2289,0,13,-1024,0,0,999,0,0,1,-1,0,1,1,-1,-1,-1,-1,-1,0,1,
2026-04-15,15:05:27.670,7.59,84,84,83,-0.035,-2.36,36,0,8.17,-0.053,0.978,0.01,32,0,177.38,-4.98,10,0.00,3.70,3.71,3.71,3.71,3.70,3.69,3.72,3.69,29.82,0.0,-30,-30,0.0,2289,0,14,-1024,0,0,999,0,0,1,-1,0,1,1,-1,-1,-1,-1,-1,0,1,
2026-04-15,15:05:27.930,7.59,86,86,83,-0.029,-2.35,35,0,8.17,-0.058,0.983,0.01,32,0,177.38,-4.99,10,0.00,3.70,3.71,3.71,3.71,3.70,3.69,3.72,3.69,29.82,0.0,-30,-30,0.0,2289,0,14,-1024,0,0,1000,0,0,1,-1,0,1,1,-1,-1,-1,-1,-1,0,1,
2026-04-15,15:05:28.200,7.59,93,93,83,-0.034,-2.36,37,0,8.17,-0.057,0.982,-0.04,33,0,177.38,-4.99,10,0.00,3.70,3.71,3.71,3.71,3.70,3.69,3.72,3.69,29.82,0.0,-30,-30,0.0,2289,0,15,-1024,0,0,999,0,0,1,-1,0,1,1,-1,-1,-1,-1,-1,0,1,
2026-04-15,15:05:28.460,7.59,94,94,83,-0.041,-2.36,38,0,8.17,-0.056,0.981,0.12,34,0,177.39,-5.00,10,0.00,3.70,3.71,3.71,3.71,3.70,3.69,3.72,3.69,29.82,0.0,-30,-30,0.0,2289,0,14,-1024,0,0,999,0,0,1,-1,0,1,1,-1,-1,-1,-1,-1,0,1,
2026-04-15,15:05:28.720,7.59,97,97,84,-0.043,-2.28,40,0,8.17,-0.060,0.982,0.12,33,0,177.39,-5.01,10,0.00,3.70,3.71,3.71,3.70,3.70,3.69,3.72,3.69,29.82,0.0,-30,-30,0.0,2289,0,15,-1024,0,0,999,0,0,1,-1,0,1,1,-1,-1,-1,-1,-1,0,1,
2026-04-15,15:05:28.980,7.59,97,97,88,-0.044,-2.31,40,0,8.17,-0.060,0.982,-0.04,34,0,177.39,-5.02,10,0.00,3.70,3.71,3.71,3.70,3.71,3.69,3.72,3.69,29.82,0.0,-30,-30,0.0,2289,0,14,-1024,0,0,1000,0,0,1,-1,0,1,1,-1,-1,-1,-1,-1,0,1,
2026-04-15,15:05:29.250,7.59,98,98,87,-0.043,-2.29,41,0,8.17,-0.058,0.981,0.00,32,0,177.39,-5.03,10,0.00,3.70,3.71,3.71,3.70,3.71,3.69,3.72,3.69,29.82,0.0,-30,-30,0.0,2289,0,14,-1024,0,0,999,0,0,1,-1,0,1,1,-1,-1,-1,-1,-1,0,1,
2026-04-15,15:05:29.510,7.59,97,97,88,-0.042,-2.25,41,0,8.17,-0.060,0.980,0.11,36,0,177.39,-5.03,10,0.00,3.70,3.71,3.71,3.70,3.71,3.69,3.72,3.69,29.82,0.0,-30,-30,0.0,2289,0,14,-1024,0,0,1000,0,0,1,-1,0,1,1,-1,-1,-1,-1,-1,0,1,
2026-04-15,15:05:29.770,7.59,98,98,90,-0.043,-2.30,41,0,8.17,-0.058,0.982,-0.02,37,0,177.40,-5.04,10,0.00,3.70,3.71,3.71,3.70,3.71,3.69,3.72,3.69,29.82,0.0,-30,-30,0.0,2289,0,14,-1024,0,0,999,0,0,1,-1,0,1,1,-1,-1,-1,-1,-1,0,1,
2026-04-15,15:05:30.040,7.59,98,98,90,-0.044,-2.36,41,0,8.17,-0.056,0.983,-0.16,34,0,177.40,-5.04,10,0.00,3.70,3.71,3.71,3.70,3.71,3.69,3.72,3.69,29.82,0.0,-30,-30,0.0,2289,0,15,-1024,0,0,999,0,0,1,-1,0,1,1,-1,-1,-1,-1,-1,0,1,
2026-04-15,15:05:30.310,7.59,98,98,91,-0.039,-2.38,41,0,8.17,-0.059,0.981,-0.14,36,0,177.40,-5.04,10,0.00,3.70,3.71,3.71,3.70,3.71,3.69,3.72,3.69,29.82,0.0,-30,-30,0.0,2289,0,14,-1024,0,0,999,0,0,1,-1,0,1,1,-1,-1,-1,-1,-1,0,1,
2026-04-15,15:05:30.580,7.59,98,98,92,-0.044,-2.38,41,0,8.17,-0.057,0.983,-0.13,39,0,177.40,-5.05,10,0.00,3.70,3.71,3.71,3.70,3.71,3.69,3.72,3.70,29.82,0.0,-30,-30,0.0,2289,0,14,-1024,0,0,1000,0,0,1,-1,0,1,1,-1,-1,-1,-1,-1,0,1,
2026-04-15,15:05:30.840,7.59,98,98,95,-0.039,-2.38,41,0,8.17,-0.059,0.981,0.00,37,0,177.40,-5.06,10,0.00,3.71,3.71,3.71,3.70,3.71,3.69,3.72,3.70,29.82,0.0,-30,-30,0.0,2289,0,14,-1024,0,0,1000,0,0,1,-1,0,1,1,-1,-1,-1,-1,-1,0,1,
2026-04-15,15:05:31.110,7.59,99,99,96,-0.038,-2.38,41,0,8.17,-0.059,0.984,0.07,36,0,177.40,-5.06,10,0.00,3.71,3.71,3.71,3.70,3.71,3.69,3.72,3.70,29.82,0.0,-30,-30,0.0,2289,0,14,-1024,0,0,999,0,0,1,-1,0,1,1,-1,-1,-1,-1,-1,0,1,
2026-04-15,15:05:31.370,7.59,99,99,96,-0.042,-2.42,41,0,8.17,-0.055,0.983,-0.03,37,0,177.40,-5.05,10,0.00,3.71,3.71,3.71,3.70,3.71,3.69,3.72,3.70,29.83,0.0,-30,-30,0.0,2289,0,14,-1024,0,0,999,0,0,1,-1,0,1,1,-1,-1,-1,-1,-1,0,1,
2026-04-15,15:05:31.640,7.59,97,97,97,-0.043,-2.44,41,0,8.17,-0.057,0.981,-0.09,38,0,177.41,-5.06,10,0.00,3.71,3.71,3.71,3.70,3.71,3.69,3.72,3.69,29.83,0.0,-30,-30,0.0,2289,0,15,-1024,0,0,999,0,0,1,-1,0,1,1,-1,-1,-1,-1,-1,0,1,
2026-04-15,15:05:31.910,7.59,97,97,97,-0.043,-2.37,41,0,8.17,-0.060,0.980,0.07,38,0,177.40,-5.05,10,0.00,3.71,3.71,3.71,3.70,3.71,3.69,3.72,3.69,29.83,0.0,-30,-30,0.0,2289,0,15,-1024,0,0,999,0,0,1,-1,0,1,1,-1,-1,-1,-1,-1,0,1,
2026-04-15,15:05:32.180,7.59,97,97,97,-0.042,-2.30,42,0,8.17,-0.060,0.984,0.18,36,0,177.40,-5.05,10,0.00,3.71,3.71,3.71,3.70,3.71,3.69,3.72,3.69,29.83,0.0,-30,-30,0.0,2289,0,15,-1024,0,0,999,0,0,1,-1,0,1,1,-1,-1,-1,-1,-1,0,1,
2026-04-15,15:05:32.440,7.59,100,100,96,-0.042,-2.27,42,0,8.17,-0.062,0.985,0.18,34,0,177.40,-5.06,10,0.00,3.71,3.71,3.71,3.70,3.71,3.69,3.72,3.69,29.83,0.0,-30,-30,0.0,2289,0,14,-1024,0,0,999,0,0,1,-1,0,1,1,-1,-1,-1,-1,-1,0,1,
2026-04-15,15:05:32.710,7.59,99,99,96,-0.040,-2.27,42,0,8.17,-0.060,0.980,-0.03,36,0,177.40,-5.06,10,0.00,3.71,3.71,3.71,3.70,3.71,3.69,3.72,3.69,29.83,0.0,-30,-30,0.0,2289,0,14,-1024,0,0,999,0,0,1,-1,0,1,1,-1,-1,-1,-1,-1,0,1,
2026-04-15,15:05:32.970,7.59,96,96,96,-0.042,-2.27,42,0,8.17,-0.054,0.984,-0.03,37,0,177.40,-5.06,10,0.00,3.71,3.71,3.71,3.70,3.71,3.69,3.72,3.69,29.83,0.0,-30,-30,0.0,2289,0,14,-1024,0,0,999,0,0,1,-1,0,1,1,-1,-1,-1,-1,-1,0,1,
2026-04-15,15:05:33.230,7.59,96,98,98,-0.036,-2.25,43,0,8.17,-0.057,0.978,0.13,35,0,177.40,-5.07,10,0.00,3.71,3.71,3.71,3.70,3.71,3.69,3.72,3.69,29.83,0.0,-30,-30,0.0,2289,0,14,-1024,0,0,999,0,0,1,-1,0,1,1,-1,-1,-1,-1,-1,0,1,
2026-04-15,15:05:33.490,7.59,97,98,98,-0.041,-2.30,44,0,8.17,-0.059,0.982,-0.03,37,0,177.41,-5.08,10,0.00,3.71,3.71,3.71,3.70,3.71,3.69,3.72,3.69,29.83,0.0,-30,-30,0.0,2289,0,14,-1024,0,0,999,0,0,1,-1,0,1,1,-1,-1,-1,-1,-1,0,1,
2026-04-15,15:05:33.750,7.59,99,99,98,-0.043,-2.31,44,0,8.17,-0.053,0.983,-0.04,37,0,177.41,-5.06,10,0.00,3.71,3.71,3.71,3.70,3.71,3.69,3.72,3.69,29.84,0.0,-30,-30,0.0,2289,0,14,-1024,0,0,999,0,0,1,-1,0,1,1,-1,-1,-1,-1,-1,0,1,
2026-04-15,15:05:34.010,7.59,100,100,98,-0.045,-2.33,45,0,8.17,-0.058,0.978,-0.08,36,0,177.41,-5.07,10,0.00,3.71,3.71,3.71,3.70,3.71,3.69,3.72,3.70,29.84,0.0,-30,-30,0.0,2289,0,14,-1024,0,0,999,0,0,1,-1,0,1,1,-1,-1,-1,-1,-1,0,1,
2026-04-15,15:05:34.270,7.59,100,100,97,-0.043,-2.31,45,0,8.17,-0.060,0.985,-0.08,34,0,177.41,-5.07,10,0.00,3.71,3.71,3.71,3.70,3.71,3.69,3.72,3.70,29.84,0.0,-30,-30,0.0,2289,0,14,-1024,0,0,999,0,0,1,-1,0,1,1,-1,-1,-1,-1,-1,0,1,
2026-04-15,15:05:34.530,7.59,100,100,94,-0.038,-2.32,45,0,8.17,-0.067,0.980,-0.01,32,0,177.41,-5.07,10,0.00,3.71,3.71,3.71,3.70,3.71,3.69,3.72,3.70,29.84,0.0,-30,-30,0.0,2289,0,14,-1024,0,0,999,0,0,1,-1,0,1,1,-1,-1,-1,-1,-1,0,1,
2026-04-15,15:05:34.800,7.59,100,100,94,-0.042,-2.28,45,0,8.17,-0.057,0.981,0.06,32,0,177.41,-5.07,10,0.00,3.71,3.71,3.71,3.70,3.71,3.69,3.72,3.70,29.84,0.0,-30,-30,0.0,2289,0,14,-1024,0,0,999,0,0,1,-1,0,1,1,-1,-1,-1,-1,-1,0,1,
2026-04-15,15:05:35.060,7.59,100,100,93,-0.046,-2.29,45,0,8.17,-0.052,0.985,0.02,32,0,177.41,-5.06,10,0.00,3.71,3.71,3.71,3.70,3.71,3.69,3.72,3.70,29.84,0.0,-30,-30,0.0,2289,0,14,-1024,0,0,999,0,0,1,-1,0,1,1,-1,-1,-1,-1,-1,0,1,
2026-04-15,15:05:35.320,7.59,100,100,93,-0.046,-2.21,45,0,8.17,-0.062,0.977,0.12,37,0,177.40,-5.06,10,0.00,3.71,3.71,3.71,3.70,3.71,3.69,3.72,3.70,29.84,0.0,-30,-30,0.0,2289,0,14,-1024,0,0,999,0,0,1,-1,0,1,1,-1,-1,-1,-1,-1,0,1,
2026-04-15,15:05:35.580,7.59,100,100,93,-0.043,-2.23,45,0,8.17,-0.061,0.984,0.09,38,0,177.41,-5.07,10,0.00,3.71,3.71,3.71,3.70,3.71,3.69,3.72,3.70,29.84,0.0,-30,-30,0.0,2289,0,14,-1024,0,0,1000,0,0,1,-1,0,1,1,-1,-1,-1,-1,-1,0,1,
2026-04-15,15:05:35.840,7.59,100,100,93,-0.041,-2.27,44,0,8.17,-0.060,0.979,-0.03,37,0,177.40,-5.06,10,0.00,3.71,3.71,3.71,3.71,3.71,3.69,3.72,3.70,29.84,0.0,-30,-30,0.0,2289,0,14,-1024,0,0,999,0,0,1,-1,0,1,1,-1,-1,-1,-1,-1,0,1,
2026-04-15,15:05:36.110,7.59,100,100,93,-0.041,-2.29,45,0,8.17,-0.058,0.981,-0.09,36,0,177.41,-5.07,10,0.00,3.71,3.71,3.71,3.71,3.71,3.69,3.72,3.70,29.84,0.0,-30,-30,0.0,2289,0,14,-1024,0,0,999,0,0,1,-1,0,1,1,-1,-1,-1,-1,-1,0,1,
2026-04-15,15:05:36.370,7.59,100,100,94,-0.043,-2.33,45,0,8.17,-0.059,0.979,-0.09,35,0,177.41,-5.07,10,0.00,3.71,3.71,3.71,3.71,3.71,3.69,3.72,3.69,29.84,0.0,-30,-30,0.0,2289,0,14,-1024,0,0,1000,0,0,1,-1,0,1,1,-1,-1,-1,-1,-1,0,1,
2026-04-15,15:05:36.630,7.59,100,100,94,-0.041,-2.29,44,0,8.17,-0.061,0.980,0.03,35,0,177.41,-5.07,10,0.00,3.71,3.71,3.71,3.71,3.71,3.69,3.72,3.69,29.84,0.0,-30,-30,0.0,2289,0,14,-1024,0,0,1000,0,0,1,-1,0,1,1,-1,-1,-1,-1,-1,0,1,
2026-04-15,15:05:36.900,7.59,99,99,94,-0.039,-2.27,44,0,8.17,-0.062,0.985,0.04,36,0,177.41,-5.08,10,0.00,3.71,3.71,3.71,3.71,3.71,3.69,3.72,3.69,29.84,0.0,-30,-30,0.0,2289,0,14,-1024,0,0,1000,0,0,1,-1,0,1,1,-1,-1,-1,-1,-1,0,1,
2026-04-15,15:05:37.170,7.59,99,99,95,-0.041,-2.29,44,0,8.17,-0.055,0.975,-0.01,35,0,177.41,-5.08,10,0.00,3.71,3.71,3.71,3.71,3.71,3.69,3.72,3.69,29.84,0.0,-30,-30,0.0,2289,0,-627,-1024,0,0,999,0,0,1,-1,0,1,1,-1,-1,-1,-1,-1,0,1,
2026-04-15,15:05:37.430,7.59,99,99,95,-0.037,-2.24,44,0,8.17,-0.061,0.980,0.07,34,0,177.40,-5.06,10,0.00,3.71,3.71,3.71,3.71,3.71,3.69,3.72,3.69,29.84,0.0,-30,-30,0.0,2289,0,13,-1024,0,0,1000,0,0,1,-1,0,1,1,-1,-1,-1,-1,-1,0,1,
2026-04-15,15:05:37.700,7.59,100,100,95,-0.035,-2.32,44,0,8.17,-0.059,0.995,-0.06,35,0,177.41,-5.08,10,0.00,3.71,3.71,3.71,3.71,3.71,3.69,3.72,3.70,29.84,0.0,-30,-30,0.0,2289,0,9,-1024,0,0,999,0,0,1,-1,0,1,1,-1,-1,-1,-1,-1,0,1,
2026-04-15,15:05:37.960,7.59,100,100,94,-0.037,-2.32,44,0,8.17,-0.048,0.980,-0.09,36,0,177.40,-5.06,10,0.00,3.71,3.71,3.71,3.71,3.71,3.69,3.72,3.70,29.84,0.0,-30,-30,0.0,2289,0,14,-1024,0,0,1000,0,0,1,-1,0,1,1,-1,-1,-1,-1,-1,0,1,
2026-04-15,15:05:38.230,7.59,100,100,95,-0.041,-2.40,45,0,8.17,-0.055,0.987,-0.13,37,0,177.40,-5.07,10,0.00,3.71,3.71,3.71,3.71,3.71,3.69,3.72,3.70,29.84,0.0,-30,-30,0.0,2289,0,14,-1024,0,0,999,0,0,1,-1,0,1,1,-1,-1,-1,-1,-1,0,1,
2026-04-15,15:05:38.500,7.59,100,100,98,-0.041,-2.40,44,0,8.17,-0.060,0.987,-0.15,35,0,177.40,-5.07,10,0.00,3.71,3.71,3.71,3.71,3.71,3.69,3.72,3.70,29.84,0.0,-30,-30,0.0,2289,0,14,-1024,0,0,999,0,0,1,-1,0,1,1,-1,-1,-1,-1,-1,0,1,
2026-04-15,15:05:38.760,7.59,100,100,98,-0.040,-2.35,44,0,8.17,-0.055,0.980,0.09,34,0,177.40,-5.07,10,0.00,3.71,3.71,3.71,3.71,3.71,3.69,3.72,3.70,29.84,0.0,-30,-30,0.0,2289,0,14,-1024,0,0,999,0,0,1,-1,0,1,1,-1,-1,-1,-1,-1,0,1,
2026-04-15,15:05:39.030,7.59,100,100,99,-0.040,-2.35,44,0,8.17,-0.059,0.980,0.05,33,0,177.41,-5.08,10,0.00,3.71,3.71,3.71,3.71,3.71,3.69,3.72,3.70,29.84,0.0,-30,-30,0.0,2289,0,14,-1024,0,0,999,0,0,1,-1,0,1,1,-1,-1,-1,-1,-1,0,1,
2026-04-15,15:05:39.300,7.59,100,100,98,-0.039,-2.34,44,0,8.17,-0.057,0.984,0.03,32,0,177.41,-5.08,10,0.00,3.71,3.71,3.71,3.71,3.71,3.69,3.72,3.70,29.84,0.0,-30,-30,0.0,2289,0,14,-1024,0,0,999,0,0,1,-1,0,1,1,-1,-1,-1,-1,-1,0,1,
2026-04-15,15:05:39.560,7.59,100,100,98,-0.042,-2.33,44,0,8.17,-0.058,0.983,0.03,34,0,177.41,-5.07,10,0.00,3.71,3.71,3.71,3.71,3.71,3.69,3.72,3.70,29.84,0.0,-30,-30,0.0,2289,0,14,-1024,0,0,999,0,0,1,-1,0,1,1,-1,-1,-1,-1,-1,0,1,
2026-04-15,15:05:39.820,7.59,100,100,98,-0.042,-2.29,44,0,8.17,-0.057,0.979,0.03,34,0,177.41,-5.08,10,0.00,3.71,3.71,3.71,3.71,3.71,3.69,3.72,3.70,29.84,0.0,-30,-30,0.0,2289,0,14,-1024,0,0,999,0,0,1,-1,0,1,1,-1,-1,-1,-1,-1,0,1,
2026-04-15,15:05:40.080,7.59,100,100,95,-0.041,-2.26,44,0,8.17,-0.056,0.983,0.11,32,0,177.41,-5.07,10,0.00,3.71,3.71,3.71,3.71,3.71,3.69,3.72,3.69,29.84,0.0,-30,-30,0.0,2289,0,14,-1024,0,0,999,0,0,1,-1,0,1,1,-1,-1,-1,-1,-1,0,1,
2026-04-15,15:05:40.350,7.59,99,99,94,-0.041,-2.30,44,0,8.17,-0.060,0.982,-0.03,33,0,177.41,-5.07,10,0.00,3.71,3.71,3.71,3.71,3.71,3.69,3.72,3.69,29.84,0.0,-30,-30,0.0,2289,0,-72,-1024,0,0,999,0,0,1,-1,0,1,1,-1,-1,-1,-1,-1,0,1,
2026-04-15,15:05:40.620,7.59,99,99,94,-0.043,-2.29,44,0,8.17,-0.081,0.978,-0.02,33,0,177.41,-5.08,10,0.00,3.71,3.71,3.71,3.71,3.71,3.69,3.72,3.69,29.84,0.0,-30,-30,0.0,2289,0,-52,-1024,0,0,999,0,0,1,-1,0,1,1,-1,-1,-1,-1,-1,0,1,
2026-04-15,15:05:40.880,7.59,99,99,94,-0.049,-2.31,44,0,8.17,-0.074,0.999,-0.01,33,0,177.41,-5.07,10,0.00,3.71,3.71,3.71,3.71,3.71,3.69,3.72,3.69,29.84,0.0,-30,-30,0.0,2289,0,0,-1024,0,0,999,0,0,1,-1,0,1,1,-1,-1,-1,-1,-1,0,1,
2026-04-15,15:05:41.150,7.59,100,100,91,-0.046,-2.30,44,0,8.17,-0.074,0.986,-0.02,31,0,177.41,-5.06,10,0.00,3.71,3.71,3.71,3.71,3.71,3.69,3.72,3.70,29.84,0.0,-30,-30,0.0,2289,0,-160,-1024,0,0,999,0,0,1,-1,0,1,1,-1,-1,-1,-1,-1,0,1,
2026-04-15,15:05:41.410,7.59,100,100,89,-0.035,-2.30,44,0,8.17,-0.061,0.995,0.00,33,0,177.40,-5.06,10,0.00,3.71,3.71,3.71,3.71,3.71,3.69,3.72,3.70,29.84,0.0,-30,-30,0.0,2289,0,11,-1024,0,0,1000,0,0,1,-1,0,1,1,-1,-1,-1,-1,-1,0,1,
2026-04-15,15:05:41.680,7.59,100,100,89,-0.042,-2.31,44,0,8.17,-0.061,0.979,-0.01,34,0,177.40,-5.06,10,0.00,3.71,3.71,3.71,3.71,3.71,3.69,3.72,3.70,29.84,0.0,-30,-30,0.0,2289,0,13,-1024,0,0,999,0,0,1,-1,0,1,1,-1,-1,-1,-1,-1,0,1,
2026-04-15,15:05:41.950,7.59,100,100,89,-0.047,-2.30,45,0,8.17,-0.055,0.984,0.02,34,0,177.41,-5.07,10,0.00,3.71,3.71,3.72,3.70,3.71,3.69,3.72,3.70,29.84,0.0,-30,-30,0.0,2289,0,14,-1024,0,0,999,0,0,1,-1,0,1,1,-1,-1,-1,-1,-1,0,1,
2026-04-15,15:05:42.210,7.59,100,100,89,-0.044,-2.28,45,0,8.17,-0.061,0.982,0.09,35,0,177.41,-5.07,10,0.00,3.71,3.71,3.72,3.70,3.71,3.69,3.72,3.70,29.84,0.0,-30,-30,0.0,2289,0,14,-1024,0,0,999,0,0,1,-1,0,1,1,-1,-1,-1,-1,-1,0,1,
2026-04-15,15:05:42.480,7.59,100,100,88,-0.045,-2.28,45,0,8.17,-0.061,0.982,0.09,34,0,177.41,-5.07,10,0.00,3.71,3.71,3.72,3.70,3.71,3.69,3.72,3.70,29.84,0.0,-30,-30,0.0,2289,0,15,-1024,0,0,999,0,0,1,-1,0,1,1,-1,-1,-1,-1,-1,0,1,
2026-04-15,15:05:42.740,7.59,100,100,86,-0.046,-2.32,46,0,8.17,-0.055,0.985,-0.05,33,0,177.41,-5.08,10,0.00,3.71,3.71,3.72,3.70,3.71,3.69,3.72,3.70,29.84,0.0,-30,-30,0.0,2289,0,15,-1024,0,0,999,0,0,1,-1,0,1,1,-1,-1,-1,-1,-1,0,1,
2026-04-15,15:05:43.010,7.59,100,100,82,-0.043,-2.27,46,0,8.17,-0.057,0.981,0.06,33,0,177.41,-5.08,10,0.00,3.71,3.71,3.72,3.70,3.71,3.69,3.72,3.70,29.84,0.0,-30,-30,0.0,2289,0,14,-1024,0,0,999,0,0,1,-1,0,1,1,-1,-1,-1,-1,-1,0,1,
2026-04-15,15:05:43.280,7.59,100,100,82,-0.043,-2.32,46,0,8.17,-0.054,0.985,-0.03,32,0,177.41,-5.07,10,0.00,3.71,3.71,3.72,3.70,3.71,3.69,3.72,3.70,29.84,0.0,-30,-30,0.0,2289,0,14,-1024,0,0,999,0,0,1,-1,0,1,1,-1,-1,-1,-1,-1,0,1,
2026-04-15,15:05:43.550,7.59,100,100,80,-0.041,-2.43,46,0,8.17,-0.061,0.979,-0.26,33,0,177.40,-5.07,10,0.00,3.71,3.71,3.72,3.70,3.71,3.69,3.72,3.70,29.84,0.0,-30,-30,0.0,2289,0,14,-1024,0,0,1000,0,0,1,-1,0,1,1,-1,-1,-1,-1,-1,0,1,
2026-04-15,15:05:43.810,7.59,99,99,78,-0.045,-2.44,46,0,8.17,-0.054,0.983,-0.13,33,0,177.40,-5.07,10,0.00,3.71,3.71,3.72,3.70,3.71,3.69,3.72,3.70,29.84,0.0,-30,-30,0.0,2289,0,14,-1024,0,0,1000,0,0,1,-1,0,1,1,-1,-1,-1,-1,-1,0,1,
2026-04-15,15:05:44.070,7.59,99,99,81,-0.041,-2.37,47,0,8.17,-0.054,0.984,0.05,33,0,177.41,-5.08,10,0.00,3.71,3.71,3.72,3.70,3.71,3.69,3.72,3.70,29.84,0.0,-30,-30,0.0,2289,0,15,-1024,0,0,999,0,0,1,-1,0,1,1,-1,-1,-1,-1,-1,0,1,
2026-04-15,15:05:44.330,7.59,99,99,82,-0.041,-2.37,47,0,8.17,-0.055,0.983,0.19,34,0,177.41,-5.09,10,0.00,3.71,3.71,3.72,3.70,3.71,3.69,3.72,3.70,29.84,0.0,-30,-30,0.0,2289,0,14,-1024,0,0,999,0,0,1,-1,0,1,1,-1,-1,-1,-1,-1,0,1,
2026-04-15,15:05:44.600,7.59,98,98,82,-0.041,-2.33,46,0,8.17,-0.058,0.984,0.06,33,0,177.40,-5.07,10,0.00,3.71,3.71,3.72,3.70,3.71,3.69,3.72,3.70,29.84,0.0,-30,-30,0.0,2289,0,15,-1024,0,0,999,0,0,1,-1,0,1,1,-1,-1,-1,-1,-1,0,1,
2026-04-15,15:05:44.870,7.59,98,98,80,-0.038,-2.35,45,0,8.17,-0.058,0.979,-0.01,33,0,177.41,-5.08,10,0.00,3.71,3.71,3.72,3.70,3.71,3.69,3.72,3.70,29.84,0.0,-30,-30,0.0,2289,0,14,-1024,0,0,999,0,0,1,-1,0,1,1,-1,-1,-1,-1,-1,0,1,
2026-04-15,15:05:45.140,7.59,98,98,83,-0.039,-2.29,45,0,8.17,-0.059,0.980,0.13,32,0,177.41,-5.07,10,0.00,3.71,3.71,3.72,3.70,3.71,3.69,3.72,3.70,29.84,0.0,-30,-30,0.0,2289,0,15,-1024,0,0,999,0,0,1,-1,0,1,1,-1,-1,-1,-1,-1,0,1,
2026-04-15,15:05:45.400,7.59,99,99,83,-0.041,-2.26,46,0,8.17,-0.061,0.977,0.13,32,0,177.41,-5.08,10,0.00,3.71,3.71,3.71,3.70,3.71,3.69,3.72,3.70,29.84,0.0,-30,-30,0.0,2289,0,15,-1024,0,0,999,0,0,1,-1,0,1,1,-1,-1,-1,-1,-1,0,1,
2026-04-15,15:05:45.660,7.59,100,100,83,-0.046,-2.27,45,0,8.17,-0.061,0.989,0.05,33,0,177.40,-5.07,10,0.00,3.71,3.71,3.71,3.70,3.71,3.70,3.72,3.70,29.84,0.0,-30,-30,0.0,2289,0,15,-1024,0,0,999,0,0,1,-1,0,1,1,-1,-1,-1,-1,-1,0,1,
2026-04-15,15:05:45.920,7.59,100,100,81,-0.040,-2.28,46,0,8.17,-0.060,0.983,0.05,33,0,177.41,-5.09,10,0.00,3.71,3.71,3.71,3.70,3.71,3.70,3.72,3.70,29.84,0.0,-30,-30,0.0,2289,0,15,-1024,0,0,1000,0,0,1,-1,0,1,1,-1,-1,-1,-1,-1,0,1,
2026-04-15,15:05:46.180,7.59,100,100,81,-0.040,-2.39,46,0,8.17,-0.059,0.981,-0.19,35,0,177.41,-5.10,10,0.00,3.71,3.71,3.71,3.70,3.71,3.70,3.72,3.70,29.84,0.0,-30,-30,0.0,2289,0,14,-1024,0,0,999,0,0,1,-1,0,1,1,-1,-1,-1,-1,-1,0,1,
2026-04-15,15:05:46.450,7.58,100,100,82,-0.038,-2.42,46,0,8.17,-0.050,0.980,-0.23,37,0,177.40,-5.09,10,0.00,3.71,3.71,3.71,3.70,3.71,3.70,3.72,3.70,29.84,0.0,-30,-30,0.0,2289,0,14,-1024,0,0,999,0,0,1,-1,0,1,1,-1,-1,-1,-1,-1,0,1,
2026-04-15,15:05:46.720,7.59,99,99,84,-0.038,-2.43,46,0,8.17,-0.055,0.986,-0.09,37,0,177.40,-5.08,10,0.00,3.71,3.71,3.71,3.70,3.71,3.70,3.72,3.70,29.84,0.0,-30,-30,0.0,2289,0,14,-1024,0,0,999,0,0,1,-1,0,1,1,-1,-1,-1,-1,-1,0,1,
2026-04-15,15:05:46.980,7.59,99,99,87,-0.037,-2.31,46,0,8.17,-0.053,0.988,0.16,36,0,177.40,-5.08,10,0.00,3.71,3.71,3.71,3.70,3.71,3.70,3.72,3.70,29.84,0.0,-30,-30,0.0,2289,0,14,-1024,0,0,999,0,0,1,-1,0,1,1,-1,-1,-1,-1,-1,0,1,
2026-04-15,15:05:47.240,7.59,98,98,87,-0.015,-2.27,46,0,8.17,-0.057,0.987,0.23,34,0,177.39,-5.09,10,0.00,3.71,3.71,3.71,3.70,3.71,3.70,3.72,3.70,29.84,0.0,-30,-30,0.0,2289,0,14,-1024,0,0,999,0,0,1,-1,0,1,1,-1,-1,-1,-1,-1,0,1,
2026-04-15,15:05:47.500,7.59,98,98,88,-0.019,-2.31,47,0,8.17,-0.046,0.976,0.00,33,0,177.39,-5.09,10,0.00,3.71,3.71,3.71,3.70,3.71,3.70,3.72,3.70,29.84,0.0,-30,-30,6.1,2289,0,15,-1024,0,0,1000,0,0,1,-1,0,1,1,-1,-1,-1,-1,-1,0,1,
2026-04-15,15:05:47.770,7.59,98,98,88,-0.040,-2.19,47,0,8.17,-0.056,0.978,0.20,33,0,177.41,-5.09,10,0.00,3.71,3.71,3.71,3.71,3.71,3.70,3.72,3.70,29.84,0.0,-30,-30,0.0,2289,0,14,-1024,0,0,1000,0,0,1,-1,0,1,1,-1,-1,-1,-1,-1,0,1,
2026-04-15,15:05:48.040,7.59,99,99,88,-0.047,-2.28,46,0,8.17,-0.062,0.976,-0.07,36,0,177.42,-5.08,10,0.00,3.71,3.71,3.71,3.71,3.71,3.69,3.72,3.70,29.84,0.0,-30,-30,0.0,2289,0,15,-1024,0,0,999,0,0,1,-1,0,1,1,-1,-1,-1,-1,-1,0,1,
2026-04-15,15:05:48.300,7.58,100,100,88,-0.049,-2.25,46,0,8.17,-0.059,0.982,-0.05,39,0,177.42,-5.09,10,0.00,3.71,3.71,3.71,3.71,3.71,3.69,3.72,3.70,29.84,0.0,-30,-30,0.0,2289,0,15,-1024,0,0,999,0,0,1,-1,0,1,1,-1,-1,-1,-1,-1,0,1,
2026-04-15,15:05:48.570,7.59,100,100,87,-0.048,-2.25,46,0,8.17,-0.058,0.984,0.02,37,0,177.40,-5.07,10,0.00,3.71,3.71,3.71,3.71,3.71,3.69,3.72,3.70,29.84,0.0,-30,-30,0.0,2289,0,15,-1024,0,0,999,0,0,1,-1,0,1,1,-1,-1,-1,-1,-1,0,1,
2026-04-15,15:05:48.840,7.59,100,100,88,-0.050,-2.29,45,0,8.17,-0.061,1.017,-0.07,38,0,177.40,-5.07,10,0.00,3.71,3.72,3.71,3.71,3.71,3.69,3.72,3.70,29.84,0.0,-30,-30,0.0,2289,0,15,-1024,0,0,999,0,0,1,-1,0,1,1,-1,-1,-1,-1,-1,0,1,
2026-04-15,15:05:49.100,7.59,100,100,90,-0.013,-2.30,46,0,8.17,-0.100,1.041,-0.02,38,0,177.42,-5.11,10,0.00,3.71,3.72,3.71,3.71,3.71,3.69,3.72,3.70,29.84,0.0,-30,-30,0.0,2289,0,15,-1024,0,0,1000,0,0,1,-1,0,1,1,-1,-1,-1,-1,-1,0,1,
2026-04-15,15:05:49.370,7.59,100,100,91,-0.031,-2.29,46,0,8.17,-0.125,0.938,-0.03,35,0,177.46,-5.23,10,0.00,3.71,3.72,3.71,3.71,3.71,3.69,3.72,3.70,29.84,0.0,-30,-30,0.0,2289,0,14,-1024,0,0,999,0,0,1,-1,0,1,1,-1,-1,-1,-1,-1,0,1,
2026-04-15,15:05:49.640,7.59,100,100,92,-0.060,-2.32,46,0,8.17,-0.071,1.041,-0.02,37,0,177.63,-6.07,10,0.00,3.71,3.72,3.71,3.71,3.71,3.69,3.72,3.70,29.84,0.0,-30,-30,0.0,2289,0,15,-1024,0,0,999,0,0,1,-1,0,1,1,-1,-1,-1,-1,-1,0,1,
2026-04-15,15:05:49.900,7.59,100,100,94,-0.052,-2.36,47,0,8.17,-0.066,0.952,-0.12,38,0,177.87,-7.08,10,0.00,3.71,3.72,3.71,3.71,3.71,3.69,3.72,3.70,29.84,0.0,-30,-30,0.0,2289,0,15,-1024,0,0,999,0,0,1,-1,0,1,1,-1,-1,-1,-1,-1,0,1,
2026-04-15,15:05:50.160,7.59,100,100,94,-0.018,-2.27,47,0,8.17,-0.066,1.151,0.06,37,0,177.82,-6.84,10,0.00,3.71,3.72,3.71,3.71,3.71,3.69,3.72,3.70,29.84,0.0,-30,-30,0.0,2289,0,15,-1024,0,0,999,0,0,1,-1,0,1,1,-1,-1,-1,-1,-1,0,1,
2026-04-15,15:05:50.430,7.59,100,100,94,-0.096,-2.15,47,0,8.17,-0.101,1.097,0.28,38,0,176.72,-7.29,10,0.00,3.71,3.72,3.71,3.71,3.71,3.69,3.72,3.70,29.84,0.0,-30,-30,0.0,2289,0,15,-1024,0,0,999,0,0,1,-1,0,1,1,-1,-1,-1,-1,-1,0,1,
2026-04-15,15:05:50.690,7.58,100,100,94,-0.116,-2.03,48,0,8.17,-0.058,0.834,0.28,40,0,175.83,-8.14,10,0.00,3.71,3.72,3.71,3.71,3.71,3.69,3.72,3.70,29.84,0.0,-30,-30,0.0,2289,0,15,-1024,0,0,999,0,0,1,-1,0,1,1,-1,-1,-1,-1,-1,0,1,
2026-04-15,15:05:50.950,7.59,99,99,95,-0.078,-1.91,46,0,8.17,-0.058,0.926,0.36,40,0,173.72,-8.15,10,0.00,3.71,3.72,3.71,3.71,3.71,3.69,3.72,3.70,29.84,0.0,-30,-30,0.0,2289,0,15,-1024,0,0,999,0,0,1,-1,0,1,1,-1,-1,-1,-1,-1,0,1,
2026-04-15,15:05:51.210,7.58,98,98,96,-0.036,-1.79,44,0,8.17,-0.068,0.777,0.41,43,0,173.51,-6.04,10,0.00,3.71,3.72,3.71,3.71,3.71,3.69,3.72,3.70,29.84,0.0,-30,-30,0.0,2289,0,15,-1024,0,0,1000,0,0,1,-1,0,1,1,-1,-1,-1,-1,-1,0,1,
2026-04-15,15:05:51.470,7.59,97,97,97,-0.118,-1.70,47,0,8.17,-0.005,0.991,0.34,44,0,173.90,-4.72,10,0.00,3.71,3.72,3.71,3.71,3.71,3.69,3.72,3.70,29.84,0.0,-30,-30,0.0,2289,0,15,-1024,0,0,999,0,0,1,-1,0,1,1,-1,-1,-1,-1,-1,0,1,
2026-04-15,15:05:51.730,7.59,97,99,99,-0.433,-1.55,48,0,8.17,-0.168,0.928,0.44,45,0,171.09,-3.59,10,0.00,3.71,3.72,3.71,3.71,3.71,3.69,3.72,3.70,29.84,0.0,-30,-30,0.0,2289,0,15,-1024,0,0,999,0,0,1,-1,0,1,1,-1,-1,-1,-1,-1,0,1,
2026-04-15,15:05:52.010,7.58,98,99,99,-0.111,-1.56,53,0,8.17,-0.192,0.775,0.21,46,0,172.69,-2.58,10,0.00,3.71,3.72,3.71,3.71,3.71,3.69,3.72,3.70,29.84,0.0,-30,-30,0.0,2289,0,14,-1024,0,0,999,0,0,1,-1,0,1,1,-1,-1,-1,-1,-1,0,1,
2026-04-15,15:05:52.270,7.59,99,99,99,-0.051,-1.49,58,0,8.17,-0.153,0.970,0.17,47,0,172.58,-1.89,10,0.00,3.71,3.72,3.71,3.71,3.71,3.69,3.72,3.70,29.84,0.0,-30,-30,0.0,2289,0,15,-1024,0,0,999,0,0,1,-1,0,1,1,-1,-1,-1,-1,-1,0,1,
2026-04-15,15:05:52.530,7.59,100,100,99,-0.041,-1.49,59,0,8.17,-0.106,0.984,0.10,51,0,174.74,-4.59,10,0.00,3.71,3.72,3.71,3.71,3.71,3.69,3.72,3.70,29.84,0.0,-30,-30,0.0,2289,0,14,-1024,0,0,999,0,0,1,-1,0,1,1,-1,-1,-1,-1,-1,0,1,
2026-04-15,15:05:52.800,7.59,100,100,100,-0.119,-1.54,60,0,8.17,-0.096,0.976,-0.07,50,0,174.09,-6.61,10,0.00,3.71,3.72,3.71,3.71,3.71,3.69,3.72,3.70,29.84,0.0,-30,-30,0.0,2289,0,14,-1024,0,0,999,0,0,1,-1,0,1,1,-1,-1,-1,-1,-1,0,1,
2026-04-15,15:05:53.080,7.59,100,100,100,-0.175,-1.50,61,0,8.17,-0.041,0.961,-0.02,53,0,172.46,-7.92,10,0.00,3.71,3.72,3.71,3.71,3.71,3.69,3.72,3.70,29.84,0.0,-30,-30,0.0,2289,0,15,-1024,0,0,1000,0,0,1,-1,0,1,1,-1,-1,-1,-1,-1,0,1,
2026-04-15,15:05:53.340,7.59,100,100,100,-0.204,-1.45,62,0,8.17,-0.044,0.808,0.09,56,0,172.49,-7.56,10,0.00,3.71,3.72,3.71,3.71,3.71,3.69,3.72,3.70,29.84,0.0,-30,-30,0.0,2289,0,15,-1024,0,0,999,0,0,1,-1,0,1,1,-1,-1,-1,-1,-1,0,1,
2026-04-15,15:05:53.610,7.58,100,100,100,-0.160,-1.49,62,0,8.17,0.048,0.773,0.04,51,0,170.12,-6.33,10,0.00,3.71,3.72,3.71,3.71,3.71,3.69,3.72,3.70,29.84,0.0,-30,-30,0.0,2289,0,15,-1024,0,0,999,0,0,1,-1,0,1,1,-1,-1,-1,-1,-1,0,1,
2026-04-15,15:05:53.870,7.59,100,100,100,-0.132,-1.59,62,0,8.17,0.014,1.056,-0.19,51,0,167.73,-2.56,10,0.00,3.71,3.72,3.71,3.71,3.71,3.69,3.72,3.70,29.85,0.0,-30,-30,0.0,2289,0,14,-1024,0,0,1000,0,0,1,-1,0,1,1,-1,-1,-1,-1,-1,0,1,
2026-04-15,15:05:54.130,7.59,100,100,100,-0.126,-1.76,59,0,8.17,-0.023,1.056,-0.44,48,0,168.62,-1.38,10,0.00,3.71,3.72,3.71,3.71,3.71,3.69,3.72,3.70,29.85,0.0,-30,-30,0.0,2289,0,15,-1024,0,0,999,0,0,1,-1,0,1,1,-1,-1,-1,-1,-1,0,1,
2026-04-15,15:05:54.400,7.59,100,100,100,-0.098,-1.90,57,0,8.17,-0.031,1.057,-0.44,46,0,174.49,-3.62,10,0.00,3.71,3.72,3.71,3.71,3.71,3.69,3.72,3.70,29.85,0.0,-30,-30,0.0,2289,0,15,-1024,0,0,999,0,0,1,-1,0,1,1,1,-1,-1,-1,-1,0,1,
2026-04-15,15:05:54.660,7.59,100,100,100,-0.084,-2.07,53,0,8.17,-0.077,1.015,-0.52,47,0,176.37,-7.23,10,0.00,3.71,3.72,3.71,3.71,3.71,3.69,3.72,3.70,29.85,0.0,-30,-30,0.0,2289,0,15,-1024,0,0,1000,0,0,1,-1,0,1,1,1,-1,-1,-1,-1,0,1,
2026-04-15,15:05:54.920,7.59,100,100,100,0.062,-2.17,50,0,8.17,-0.068,0.828,-0.47,46,0,176.60,-11.50,10,0.00,3.71,3.72,3.71,3.71,3.71,3.69,3.72,3.70,29.85,0.0,-30,-30,0.0,2289,0,15,-1024,0,0,999,0,0,1,-1,0,1,1,1,-1,-1,-1,-1,0,1,
2026-04-15,15:05:55.180,7.58,100,100,100,-0.078,-2.25,48,0,8.17,-0.034,1.004,-0.33,44,0,176.49,-7.98,10,0.00,3.71,3.72,3.71,3.71,3.71,3.69,3.72,3.70,29.84,0.0,-30,-30,0.0,2289,0,15,-1024,0,0,999,0,0,1,-1,0,1,1,1,-1,-1,-1,-1,0,1,
2026-04-15,15:05:55.450,7.58,100,100,100,-0.077,-2.28,47,0,8.17,-0.018,1.017,-0.20,42,0,176.24,-6.06,10,0.00,3.71,3.72,3.71,3.71,3.71,3.69,3.72,3.70,29.84,0.0,-30,-30,0.0,2289,0,15,-1024,0,0,999,0,0,1,-1,0,1,1,1,-1,-1,-1,-1,0,1,
2026-04-15,15:05:55.710,7.59,99,100,100,-0.103,-2.35,46,0,8.17,-0.082,1.033,-0.20,40,0,176.28,-6.73,10,0.00,3.71,3.72,3.71,3.71,3.71,3.69,3.72,3.70,29.84,0.0,-30,-30,0.0,2289,0,15,-1024,0,0,1000,0,0,1,-1,0,1,1,1,-1,-1,-1,-1,0,1,
2026-04-15,15:05:55.970,7.58,98,100,100,-0.065,-2.36,44,0,8.17,-0.067,0.963,-0.12,42,0,176.22,-6.45,10,0.00,3.71,3.72,3.71,3.71,3.71,3.69,3.72,3.70,29.84,0.0,-30,-30,0.0,2289,0,14,-1024,0,0,999,0,0,1,-1,0,1,1,1,-1,-1,-1,-1,0,1,
2026-04-15,15:05:56.240,7.59,98,100,100,-0.050,-2.29,43,0,8.17,-0.083,1.021,0.09,46,0,176.12,-6.42,10,0.00,3.71,3.72,3.71,3.71,3.71,3.69,3.72,3.70,29.84,0.0,-30,-30,0.0,2289,0,15,-1024,0,0,999,0,0,1,-1,0,1,1,1,-1,-1,-1,-1,0,1,
2026-04-15,15:05:56.500,7.59,98,100,100,-0.082,-2.33,44,0,8.17,-0.071,0.977,-0.03,48,0,176.13,-6.41,10,0.00,3.71,3.72,3.71,3.71,3.71,3.70,3.72,3.70,29.84,0.0,-30,-30,0.0,2289,0,15,-1024,0,0,999,0,0,1,-1,0,1,1,1,-1,-1,-1,-1,0,1,
2026-04-15,15:05:56.770,7.58,97,100,100,-0.084,-2.33,43,0,8.17,-0.070,0.978,0.09,49,0,176.08,-6.22,10,0.00,3.71,3.72,3.71,3.71,3.71,3.70,3.72,3.70,29.85,0.0,-30,-30,0.0,2289,0,15,-1024,0,0,999,0,0,1,-1,0,1,1,1,-1,-1,-1,-1,0,1,
2026-04-15,15:05:57.030,7.59,96,100,100,-0.055,-2.25,43,0,8.17,-0.064,0.984,0.06,47,0,176.10,-6.24,10,0.00,3.71,3.72,3.71,3.71,3.71,3.70,3.72,3.70,29.85,0.0,-30,-30,0.0,2289,0,15,-1024,0,0,999,0,0,1,-1,0,1,1,1,-1,-1,-1,-1,0,1,
2026-04-15,15:05:57.300,7.58,98,100,100,-0.045,-2.25,44,0,8.17,-0.063,0.970,0.05,42,0,176.07,-6.25,10,0.00,3.71,3.72,3.71,3.71,3.71,3.70,3.72,3.70,29.86,0.0,-30,-30,0.0,2289,0,15,-1024,0,0,999,0,0,1,-1,0,1,1,1,-1,-1,-1,-1,0,1,
2026-04-15,15:05:57.560,7.59,98,100,100,-0.049,-2.23,45,0,8.17,-0.074,0.992,0.08,40,0,176.07,-6.45,10,0.00,3.71,3.72,3.71,3.71,3.71,3.70,3.72,3.70,29.86,0.0,-30,-30,0.0,2289,0,14,-1024,0,0,999,0,0,1,-1,0,1,1,1,-1,-1,-1,-1,0,1,
2026-04-15,15:05:57.820,7.59,100,100,100,-0.089,-2.27,45,0,8.15,-0.083,0.974,-0.09,39,0,176.07,-6.56,10,0.00,3.71,3.72,3.71,3.71,3.71,3.70,3.72,3.70,29.86,0.0,-30,-30,0.0,2289,0,11,-1024,0,0,999,0,0,1,-1,0,1,1,1,-1,-1,-1,-1,0,1,
2026-04-15,15:05:58.090,7.59,100,100,100,-0.069,-2.26,46,0,8.16,-0.088,0.944,-0.01,37,0,176.02,-6.55,10,0.00,3.71,3.72,3.71,3.71,3.71,3.70,3.72,3.70,29.86,0.0,-30,-30,0.0,2289,0,-74,-1024,0,0,999,0,0,1,-1,0,1,1,1,-1,-1,-1,-1,0,1,
2026-04-15,15:05:58.350,7.59,100,100,98,-0.060,-2.28,47,0,8.17,-0.083,0.939,-0.04,36,0,176.01,-6.12,10,0.00,3.71,3.72,3.71,3.71,3.71,3.70,3.72,3.70,29.86,0.0,-30,-30,0.0,2289,0,14,-1024,0,0,999,0,0,1,-1,0,1,1,1,-1,-1,-1,-1,0,1,
2026-04-15,15:05:58.610,7.59,100,100,98,-0.082,-2.28,46,0,8.17,-0.061,0.979,-0.04,43,0,176.04,-6.27,10,0.00,3.71,3.72,3.71,3.71,3.71,3.70,3.72,3.70,29.86,0.0,-30,-30,0.0,2289,0,4,-1024,51,0,999,0,0,1,-1,0,1,1,1,-1,-1,-1,-1,0,1,
2026-04-15,15:05:58.880,7.59,100,100,98,-0.031,-2.23,44,0,8.17,-0.077,0.970,0.11,45,0,175.99,-5.98,10,0.00,3.71,3.72,3.71,3.71,3.71,3.70,3.72,3.70,29.86,0.0,-30,-30,0.0,2289,0,14,-1024,0,0,999,0,0,1,-1,0,1,1,1,-1,-1,-1,-1,0,1,
2026-04-15,15:05:59.150,7.59,100,100,98,-0.031,-2.23,40,0,8.17,-0.077,0.970,0.11,45,0,175.99,-5.98,10,0.00,3.71,3.72,3.71,3.71,3.71,3.70,3.72,3.70,29.86,0.0,-30,-30,0.0,2289,0,16,-1024,0,0,999,0,0,1,-1,0,1,1,1,-1,-1,-1,-1,0,1,
2026-04-15,15:05:59.420,7.59,100,100,98,-0.031,-2.23,33,1,8.17,-0.077,0.970,0.11,45,0,175.99,-5.98,10,0.00,3.71,3.72,3.71,3.71,3.71,3.70,3.72,3.70,29.86,0.0,-30,-30,0.0,2289,0,16,-1024,0,0,1000,0,0,1,-1,0,1,1,1,-1,-1,-1,-1,0,1,
2026-04-15,15:05:59.680,7.59,100,100,98,-0.031,-2.23,31,2,8.17,-0.077,0.970,0.11,45,0,175.99,-5.98,10,0.00,3.71,3.72,3.71,3.71,3.71,3.70,3.72,3.70,29.86,0.0,-30,-30,0.0,2289,0,16,-1024,0,0,1000,0,0,1,-1,0,1,1,1,-1,-1,-1,-1,0,1,
2026-04-15,15:05:59.950,7.59,100,100,98,-0.031,-2.23,31,2,8.17,-0.077,0.970,0.11,45,0,175.99,-5.98,10,0.00,3.71,3.72,3.71,3.71,3.71,3.70,3.72,3.70,29.86,0.0,-30,-30,0.0,2289,0,16,-1024,0,0,999,0,0,1,-1,0,1,1,1,-1,-1,-1,-1,0,1,
2026-04-15,15:06:00.210,7.59,100,100,98,-0.031,-2.23,31,2,8.17,-0.077,0.970,0.11,45,0,175.99,-5.98,10,0.00,3.71,3.72,3.71,3.71,3.71,3.70,3.72,3.70,29.86,0.0,-30,-30,0.0,2289,0,15,-1024,0,0,999,0,0,1,-1,0,1,1,1,-1,-1,-1,-1,0,1,
2026-04-15,15:06:00.470,7.59,100,100,98,-0.031,-2.23,31,2,8.17,-0.077,0.970,0.11,45,0,175.99,-5.98,10,0.00,3.71,3.72,3.71,3.71,3.71,3.70,3.72,3.70,29.86,0.0,-30,-30,0.0,2289,0,15,-1024,0,0,1000,0,0,1,-1,0,1,1,1,-1,-1,-1,-1,0,1,
2026-04-15,15:06:00.740,7.59,100,100,98,-0.031,-2.23,31,2,8.17,-0.077,0.970,0.11,45,0,175.99,-5.98,10,0.00,3.71,3.72,3.71,3.71,3.71,3.70,3.72,3.70,29.86,0.0,-30,-30,0.0,2289,0,15,-1024,0,0,999,0,0,1,-1,0,1,1,1,-1,-1,-1,-1,0,1,
2026-04-15,15:06:01.010,7.59,100,100,98,-0.031,-2.23,31,2,8.17,-0.077,0.970,0.11,45,0,175.99,-5.98,10,0.00,3.71,3.72,3.71,3.71,3.71,3.70,3.72,3.70,29.86,0.0,-30,-30,0.0,2289,0,15,-1024,0,0,1000,0,0,1,-1,0,1,1,1,-1,-1,-1,-1,0,1,
2026-04-15,15:06:01.280,7.59,100,100,98,-0.031,-2.23,31,2,8.17,-0.077,0.970,0.11,45,0,175.99,-5.98,10,0.00,3.71,3.72,3.71,3.71,3.71,3.70,3.72,3.70,29.86,0.0,-30,-30,0.0,2289,0,15,-1024,0,0,999,0,0,1,-1,0,1,1,1,-1,-1,-1,-1,0,1,
2026-04-15,15:06:01.550,7.59,100,100,98,-0.031,-2.23,31,2,8.17,-0.077,0.970,0.11,45,0,175.99,-5.98,10,0.00,3.71,3.72,3.71,3.71,3.71,3.70,3.72,3.70,29.86,0.0,-30,-30,0.0,2289,0,15,-1024,0,0,1000,0,0,1,-1,0,1,1,1,-1,-1,-1,-1,0,1,
2026-04-15,15:06:01.820,7.58,100,100,98,-0.031,-2.23,31,2,8.17,-0.077,0.970,0.11,45,0,175.99,-5.98,10,0.00,3.71,3.72,3.71,3.71,3.71,3.70,3.72,3.70,29.86,0.0,-30,-30,0.0,2289,0,15,-1024,0,0,1000,0,0,1,-1,0,1,1,1,-1,-1,-1,-1,0,1,
2026-04-15,15:06:02.090,7.58,100,100,98,-0.031,-2.23,31,2,8.17,-0.077,0.970,0.11,45,0,175.99,-5.98,10,0.00,3.71,3.72,3.71,3.71,3.71,3.70,3.72,3.70,29.86,0.0,-30,-30,0.0,2289,0,15,-1024,0,0,999,0,0,1,-1,0,1,1,1,-1,-1,-1,-1,0,1,
2026-04-15,15:06:02.350,7.58,100,100,98,-0.031,-2.23,31,2,8.17,-0.077,0.970,0.11,45,0,175.99,-5.98,10,0.00,3.71,3.72,3.71,3.71,3.71,3.70,3.72,3.70,29.86,0.0,-30,-30,0.0,2289,0,15,-1024,0,0,999,0,0,1,-1,0,1,1,1,-1,-1,-1,-1,0,1,
2026-04-15,15:06:02.620,7.58,100,100,98,-0.031,-2.23,31,2,8.17,-0.077,0.970,0.11,45,0,175.99,-5.98,10,0.00,3.71,3.72,3.71,3.71,3.71,3.70,3.72,3.70,29.86,0.0,-30,-30,0.0,2289,0,15,-1024,0,0,1000,0,0,1,-1,0,1,1,1,-1,-1,-1,-1,0,1,
2026-04-15,15:06:02.890,7.58,100,100,98,-0.031,-2.23,31,2,8.17,-0.077,0.970,0.11,45,0,175.99,-5.98,10,0.00,3.71,3.72,3.71,3.71,3.71,3.70,3.72,3.70,29.86,0.0,-30,-30,0.0,2289,0,14,-1024,0,0,999,0,0,1,-1,0,1,1,1,-1,-1,-1,-1,0,1,
2026-04-15,15:06:03.150,7.58,100,100,98,-0.031,-2.23,31,2,8.17,-0.077,0.970,0.11,45,0,175.99,-5.98,10,0.00,3.71,3.72,3.71,3.71,3.71,3.70,3.72,3.70,29.86,0.0,-30,-30,0.0,2289,0,14,-1024,0,0,1000,0,0,1,-1,0,1,1,1,-1,-1,-1,-1,0,1,
2026-04-15,15:06:03.410,7.58,100,100,98,-0.031,-2.23,31,2,8.17,-0.077,0.970,0.11,45,0,175.99,-5.98,10,0.00,3.71,3.72,3.71,3.71,3.71,3.70,3.72,3.70,29.86,0.0,-30,-30,0.0,2289,0,14,-1024,0,0,999,0,0,1,-1,0,1,1,1,-1,-1,-1,-1,0,1,
2026-04-15,15:06:03.670,7.58,100,100,98,-0.031,-2.23,31,2,8.17,-0.077,0.970,0.11,45,0,175.99,-5.98,10,0.00,3.71,3.72,3.71,3.71,3.71,3.70,3.72,3.70,29.86,0.0,-30,-30,0.0,2289,0,15,-1024,0,0,1000,0,0,1,-1,0,1,1,1,-1,-1,-1,-1,0,1,
2026-04-15,15:06:03.930,7.58,100,100,98,-0.031,-2.23,31,2,8.17,-0.077,0.970,0.11,45,0,175.99,-5.98,10,0.00,3.71,3.72,3.71,3.71,3.71,3.70,3.72,3.70,29.86,0.0,-30,-30,0.0,2289,0,15,-1024,0,0,999,0,0,1,-1,0,1,1,1,-1,-1,-1,-1,0,1,
2026-04-15,15:06:04.190,7.59,100,100,98,-0.031,-2.23,31,2,8.17,-0.077,0.970,0.11,45,0,175.99,-5.98,10,0.00,3.71,3.72,3.71,3.71,3.71,3.70,3.72,3.70,29.86,0.0,-30,-30,0.0,2289,0,15,-1024,0,0,999,0,0,1,-1,0,1,1,1,-1,-1,-1,-1,0,1,
2026-04-15,15:06:04.450,7.58,100,100,98,-0.031,-2.23,31,2,8.17,-0.077,0.970,0.11,45,0,175.99,-5.98,10,0.00,3.71,3.72,3.71,3.71,3.71,3.70,3.72,3.70,29.86,0.0,-30,-30,0.0,2289,0,15,-1024,0,0,999,0,0,1,-1,0,1,1,1,-1,-1,-1,-1,0,1,
2026-04-15,15:06:04.710,7.59,100,100,98,-0.031,-2.23,31,2,8.17,-0.077,0.970,0.11,45,0,175.99,-5.98,10,0.00,3.71,3.72,3.71,3.71,3.71,3.70,3.72,3.70,29.86,0.0,-30,-30,0.0,2289,0,15,-1024,0,0,999,0,0,1,-1,0,1,1,1,-1,-1,-1,-1,0,1,
2026-04-15,15:06:04.980,7.59,100,100,98,-0.031,-2.23,31,2,8.17,-0.077,0.970,0.11,45,0,175.99,-5.98,10,0.00,3.71,3.72,3.71,3.71,3.71,3.70,3.72,3.70,29.86,0.0,-30,-30,0.0,2289,0,14,-1024,0,0,999,0,0,1,-1,0,1,1,1,-1,-1,-1,-1,0,1,
2026-04-15,15:06:05.240,7.59,100,100,98,-0.031,-2.23,31,2,8.17,-0.077,0.970,0.11,45,0,175.99,-5.98,10,0.00,3.71,3.72,3.71,3.71,3.71,3.70,3.72,3.70,29.86,0.0,-30,-30,0.0,2289,0,15,-1024,0,0,999,0,0,1,-1,0,1,1,1,-1,-1,-1,-1,0,1,
2026-04-15,15:06:05.500,7.58,100,100,98,-0.031,-2.23,31,2,8.17,-0.077,0.970,0.11,45,0,175.99,-5.98,10,0.00,3.71,3.72,3.71,3.71,3.71,3.70,3.72,3.70,29.86,0.0,-30,-30,0.0,2289,0,15,-1024,0,0,999,0,0,1,-1,0,1,1,1,-1,-1,-1,-1,0,1,
2026-04-15,15:06:05.770,7.59,100,100,98,-0.031,-2.23,31,2,8.17,-0.077,0.970,0.11,45,0,175.99,-5.98,10,0.00,3.71,3.72,3.71,3.71,3.71,3.70,3.72,3.70,29.86,0.0,-30,-30,0.0,2289,0,15,-1024,0,0,999,0,0,1,-1,0,1,1,1,-1,-1,-1,-1,0,1,
2026-04-15,15:06:06.030,7.59,100,100,98,-0.031,-2.23,31,2,8.17,-0.077,0.970,0.11,45,0,175.99,-5.98,10,0.00,3.71,3.72,3.71,3.71,3.71,3.70,3.72,3.70,29.86,0.0,-30,-30,0.0,2289,0,14,-1024,0,0,1000,0,0,1,-1,0,1,1,1,-1,-1,-1,-1,0,1,
2026-04-15,15:06:06.290,7.58,100,100,98,-0.031,-2.23,31,2,8.17,-0.077,0.970,0.11,45,0,175.99,-5.98,10,0.00,3.71,3.72,3.71,3.71,3.71,3.70,3.72,3.70,29.86,0.0,-30,-30,0.0,2289,0,15,-1024,0,0,999,0,0,1,-1,0,1,1,1,-1,-1,-1,-1,0,1,
2026-04-15,15:06:06.550,7.58,100,100,98,-0.031,-2.23,31,2,8.17,-0.077,0.970,0.11,45,0,175.99,-5.98,10,0.00,3.71,3.72,3.71,3.71,3.71,3.70,3.72,3.70,29.86,0.0,-30,-30,0.0,2289,0,1,-1024,150,0,999,0,0,1,-1,0,1,1,1,-1,-1,-1,-1,0,1,
2026-04-15,15:06:06.820,7.59,100,100,98,-0.031,-2.23,31,2,8.17,-0.077,0.970,0.11,45,0,175.99,-5.98,10,0.00,3.71,3.72,3.71,3.71,3.71,3.70,3.72,3.70,29.86,0.0,-30,-30,0.0,2289,0,15,-1024,0,0,999,0,0,1,-1,0,1,1,1,-1,-1,-1,-1,0,1,
2026-04-15,15:06:07.080,7.59,100,100,98,-0.031,-2.23,31,2,8.17,-0.077,0.970,0.11,45,0,175.99,-5.98,10,0.00,3.71,3.72,3.71,3.71,3.71,3.70,3.72,3.70,29.86,0.0,-30,-30,0.0,2289,0,-182,-1024,55,0,999,0,0,1,-1,0,1,1,1,-1,-1,-1,-1,0,1,
2026-04-15,15:06:07.340,7.58,100,100,98,-0.031,-2.23,31,2,8.17,-0.077,0.970,0.11,45,0,175.99,-5.98,10,0.00,3.71,3.72,3.71,3.71,3.71,3.70,3.72,3.70,29.86,0.0,-30,-30,0.0,2289,0,14,-1024,0,0,999,0,0,1,-1,0,1,1,1,-1,-1,-1,-1,0,1,
2026-04-15,15:06:07.600,7.59,100,100,98,-0.031,-2.23,31,2,8.17,-0.077,0.970,0.11,45,0,175.99,-5.98,10,0.00,3.71,3.72,3.71,3.71,3.71,3.70,3.72,3.70,29.86,0.0,-30,-30,0.0,2289,0,14,-1024,0,0,1000,0,0,1,-1,0,1,1,1,-1,-1,-1,-1,0,1,
2026-04-15,15:06:07.870,7.59,100,100,98,-0.031,-2.23,31,2,8.17,-0.077,0.970,0.11,45,0,175.99,-5.98,10,0.00,3.71,3.72,3.71,3.71,3.71,3.70,3.72,3.70,29.86,0.0,-30,-30,0.0,2289,0,15,-1024,0,0,999,0,0,1,-1,0,1,1,1,-1,-1,-1,-1,0,1,
2026-04-15,15:06:08.130,7.59,100,100,98,-0.031,-2.23,31,2,8.17,-0.077,0.970,0.11,45,0,175.99,-5.98,10,0.00,3.71,3.72,3.71,3.71,3.71,3.70,3.72,3.70,29.86,0.0,-30,-30,0.0,2289,0,14,-1024,0,0,999,0,0,1,-1,0,1,1,1,-1,-1,-1,-1,0,1,
2026-04-15,15:06:08.390,7.58,100,100,98,-0.031,-2.23,31,2,8.17,-0.077,0.970,0.11,45,0,175.99,-5.98,10,0.00,3.71,3.72,3.71,3.71,3.71,3.70,3.72,3.70,29.86,0.0,-30,-30,0.0,2289,0,14,-1024,0,0,999,0,0,1,-1,0,1,1,1,-1,-1,-1,-1,0,1,
2026-04-15,15:06:08.650,7.59,100,100,98,-0.031,,31,2,8.17,-0.077,0.970,,45,0,175.99,-5.98,10,0.00,,,,,,,,,,,-30,-30,0.0,2289,0,14,-1024,0,0,1000,0,0,1,-1,0,1,1,1,-1,-1,-1,-1,0,0,
2026-04-15,15:06:08.910,7.59,,,,,,31,2,,,,,,,,,10,,,,,,,,,,,,,,,2289,0,14,-1024,0,0,999,0,0,1,-1,0,1,1,1,-1,-1,-1,-1,0,0,
2026-04-15,15:06:09.170,7.59,,,,,,31,2,,,,,,,,,10,,,,,,,,,,,,,,,2289,0,14,-1024,0,0,999,0,0,1,-1,0,1,1,1,-1,-1,-1,-1,0,0,
2026-04-15,15:06:09.430,7.59,,,,,,31,2,,,,,,,,,10,,,,,,,,,,,,,,,2289,0,15,-1024,0,0,999,0,0,1,-1,0,1,1,1,-1,-1,-1,-1,0,0,
2026-04-15,15:06:09.700,7.58,,,,,,,,,,,,,,,,10,,,,,,,,,,,,,,,2289,0,14,-1024,0,0,999,0,0,1,-1,0,1,1,1,-1,-1,-1,-1,0,0,
2026-04-15,15:06:09.960,7.59,,,,,,,,,,,,,,,,10,,,,,,,,,,,,,,,2289,0,14,-1024,0,0,999,0,0,1,-1,0,1,1,1,-1,-1,-1,-1,0,0,
2026-04-15,15:06:10.230,7.58,,,,,,,,,,,,,,,,10,,,,,,,,,,,,,,,2289,0,14,-1024,0,0,999,0,0,1,-1,0,1,1,1,-1,-1,-1,-1,0,0,
2026-04-15,15:06:10.500,7.58,,,,,,,,,,,,,,,,10,,,,,,,,,,,,,,,2289,0,15,-1024,0,0,1000,0,0,1,-1,0,1,1,1,-1,-1,-1,-1,0,0,
2026-04-15,15:06:10.760,7.58,,,,,,,,,,,,,,,,10,,,,,,,,,,,,,,,2289,0,15,-1024,0,0,999,0,0,1,-1,0,1,1,1,-1,-1,-1,-1,0,0,
2026-04-15,15:06:11.030,7.59,,,,,,,,,,,,,,,,10,,,,,,,,,,,,,,,2289,0,14,-1024,0,0,999,0,0,1,-1,0,1,1,1,-1,-1,-1,-1,0,0,
2026-04-15,15:06:11.290,7.59,,,,,,,,,,,,,,,,10,,,,,,,,,,,,,,,2289,0,15,-1024,0,0,999,0,0,1,-1,0,1,1,1,-1,-1,-1,-1,0,0,
2026-04-15,15:06:11.560,7.59,,,,,,,,,,,,,,,,10,,,,,,,,,,,,,,,2289,0,15,-1024,0,0,999,0,0,1,-1,0,1,1,1,-1,-1,-1,-1,0,0,
2026-04-15,15:06:11.830,7.59,,,,,,,,,,,,,,,,10,,,,,,,,,,,,,,,2289,0,14,-1024,0,0,999,0,0,1,-1,0,1,1,1,-1,-1,-1,-1,0,0,
2026-04-15,15:06:12.100,7.58,,,,,,,,,,,,,,,,10,,,,,,,,,,,,,,,2289,0,14,-1024,0,0,999,0,0,1,-1,0,1,1,1,-1,-1,-1,-1,0,0,
2026-04-15,15:06:12.360,7.58,,,,,,,,,,,,,,,,10,,,,,,,,,,,,,,,2289,0,15,-1024,0,0,1000,0,0,1,-1,0,1,1,1,-1,-1,-1,-1,0,0,
2026-04-15,15:06:12.630,7.58,,,,,,,,,,,,,,,,10,,,,,,,,,,,,,,,2289,0,14,-1024,0,0,1000,0,0,1,-1,0,1,1,1,-1,-1,-1,-1,0,0,
2026-04-15,15:06:12.900,7.59,,,,,,,,,,,,,,,,10,,,,,,,,,,,,,,,2289,0,15,-1024,0,0,999,0,0,1,-1,0,1,1,1,-1,-1,-1,-1,0,0,
2026-04-15,15:06:13.160,7.59,,,,,,,,,,,,,,,,10,,,,,,,,,,,,,,,2289,0,15,-1024,0,0,999,0,0,1,-1,0,1,1,1,-1,-1,-1,-1,0,0,
2026-04-15,15:06:13.420,7.59,,,,,,,,,,,,,,,,10,,,,,,,,,,,,,,,2289,0,14,-1024,0,0,999,0,0,1,-1,0,1,1,1,-1,-1,-1,-1,0,0,
2026-04-15,15:06:13.680,7.58,,,,,,,,,,,,,,,,10,,,,,,,,,,,,,,,2289,0,15,-1024,0,0,999,0,0,1,-1,0,1,1,1,-1,-1,-1,-1,0,0,
2026-04-15,15:06:13.940,7.58,,,,,,,,,,,,,,,,10,,,,,,,,,,,,,,,2289,0,14,-1024,0,0,999,0,0,1,-1,0,1,1,1,-1,-1,-1,-1,0,0,
2026-04-15,15:06:14.200,7.59,,,,,,,,,,,,,,,,10,,,,,,,,,,,,,,,2289,0,14,-1024,0,0,999,0,0,1,-1,0,1,1,1,-1,-1,-1,-1,0,0,
2026-04-15,15:06:14.460,7.59,,,,,,,,,,,,,,,,10,,,,,,,,,,,,,,,2289,0,14,-1024,0,0,999,0,0,1,-1,0,1,1,1,-1,-1,-1,-1,0,0,
2026-04-15,15:06:14.720,7.59,,,,,,,,,,,,,,,,10,,,,,,,,,,,,,,,2289,0,15,-1024,0,0,999,0,0,1,-1,0,1,1,1,-1,-1,-1,-1,0,0,
2026-04-15,15:06:14.980,7.59,,,,,,,,,,,,,,,,10,,,,,,,,,,,,,,,2289,0,15,-1024,0,0,999,0,0,1,-1,0,1,1,1,-1,-1,-1,-1,0,0,
2026-04-15,15:06:15.240,7.59,,,,,,,,,,,,,,,,10,,,,,,,,,,,,,,,2289,0,15,-1024,0,0,999,0,0,1,-1,0,1,1,1,-1,-1,-1,-1,0,0,
2026-04-15,15:06:15.500,7.59,,,,,,,,,,,,,,,,10,,,,,,,,,,,,,,,2289,0,15,-1024,0,0,999,0,0,1,-1,0,1,1,1,-1,-1,-1,-1,0,0,
2026-04-15,15:06:15.760,7.59,,,,,,,,,,,,,,,,10,,,,,,,,,,,,,,,2289,0,15,-1024,0,0,999,0,0,1,-1,0,1,1,1,-1,-1,-1,-1,0,0,
2026-04-15,15:06:16.030,7.59,,,,,,,,,,,,,,,,10,,,,,,,,,,,,,,,2289,0,15,-1024,0,0,999,0,0,1,-1,0,1,1,1,-1,-1,-1,-1,0,0,
2026-04-15,15:06:16.290,7.59,,,,,,,,,,,,,,,,10,,,,,,,,,,,,,,,2289,0,15,-1024,0,0,999,0,0,1,-1,0,1,1,1,-1,-1,-1,-1,0,0,
2026-04-15,15:06:16.560,7.58,,,,,,,,,,,,,,,,10,,,,,,,,,,,,,,,2289,0,15,-1024,0,0,999,0,0,1,-1,0,1,1,1,-1,-1,-1,-1,0,0,
2026-04-15,15:06:16.830,7.59,,,,,,,,,,,,,,,,10,,,,,,,,,,,,,,,2289,0,15,-1024,0,0,999,0,0,1,-1,0,1,1,1,-1,-1,-1,-1,0,0,
2026-04-15,15:06:17.100,7.59,,,,,,,,,,,,,,,,10,,,,,,,,,,,,,,,2289,0,15,-1024,0,0,1000,0,0,1,-1,0,1,1,1,-1,-1,-1,-1,0,0,
2026-04-15,15:06:17.360,7.59,,,,,,,,,,,,,,,,10,,,,,,,,,,,,,,,2289,0,15,-1024,0,0,999,0,0,1,-1,0,1,1,1,-1,-1,-1,-1,0,0,
2026-04-15,15:06:17.630,7.58,,,,,,,,,,,,,,,,10,,,,,,,,,,,,,,,2289,0,15,-1024,0,0,1000,0,0,1,-1,0,1,1,1,-1,-1,-1,-1,0,0,
2026-04-15,15:06:17.900,7.58,,,,,,,,,,,,,,,,10,,,,,,,,,,,,,,,2289,0,15,-1024,0,0,999,0,0,1,-1,0,1,1,1,-1,-1,-1,-1,0,0,
2026-04-15,15:06:18.160,7.59,,,,,,,,,,,,,,,,10,,,,,,,,,,,,,,,2289,0,15,-1024,0,0,1000,0,0,1,-1,0,1,1,1,-1,-1,-1,-1,0,0,
2026-04-15,15:06:18.430,7.59,,,,,,,,,,,,,,,,10,,,,,,,,,,,,,,,2289,0,14,-1024,0,0,1000,0,0,1,-1,0,1,1,1,-1,-1,-1,-1,0,0,
2026-04-15,15:06:18.690,7.58,,,,,,,,,,,,,,,,10,,,,,,,,,,,,,,,,0,-368,-1024,402,0,999,0,0,1,-1,0,1,1,1,-1,-1,-1,-1,0,0,
2026-04-15,15:06:18.960,7.59,,,,,,,,,,,,,,,,10,,,,,,,,,,,,,,,,0,6,-1024,0,0,999,0,0,1,-1,0,1,1,1,-1,-1,-1,-1,0,0,
2026-04-15,15:06:19.220,7.59,,,,,,,,,,,,,,,,10,,,,,,,,,,,,,,,,0,14,-1024,0,0,999,0,0,1,-1,0,1,1,1,-1,-1,-1,-1,0,0,
2026-04-15,15:06:19.480,7.59,,,,,,,,,,,,,,,,10,,,,,,,,,,,,,,,,0,15,-1024,0,0,1000,0,0,1,-1,0,1,1,1,-1,-1,-1,-1,0,0,
2026-04-15,15:06:19.750,7.58,,,,,,,,,,,,,,,,10,,,,,,,,,,,,,,,,0,14,-1024,0,0,1000,0,0,1,-1,0,1,1,1,-1,-1,-1,-1,0,0,
2026-04-15,15:06:20.010,7.59,,,,,,,,,,,,,,,,10,,,,,,,,,,,,,,,,0,15,-1024,0,0,999,0,0,1,-1,0,1,1,1,-1,-1,-1,-1,0,0,
2026-04-15,15:06:20.280,7.58,,,,,,,,,,,,,,,,10,,,,,,,,,,,,,,,,0,14,-1024,0,0,999,0,0,1,-1,0,1,1,1,-1,-1,-1,-1,0,0,
2026-04-15,15:06:20.540,7.59,,,,,,,,,,,,,,,,10,,,,,,,,,,,,,,,,0,15,-1024,0,0,999,0,0,1,-1,0,1,1,1,-1,-1,-1,-1,0,0,
2026-04-15,15:06:20.800,7.59,,,,,,,,,,,,,,,,10,,,,,,,,,,,,,,,,0,14,-1024,0,0,999,0,0,1,-1,0,1,1,1,-1,-1,-1,-1,0,0,
2026-04-15,15:06:21.070,7.59,,,,,,,,,,,,,,,,10,,,,,,,,,,,,,,,,0,14,-1024,0,0,999,0,0,1,-1,0,1,1,1,-1,-1,-1,-1,0,0,
2026-04-15,15:06:21.330,7.59,,,,,,,,,,,,,,,,10,,,,,,,,,,,,,,,,0,15,-1024,0,0,999,0,0,1,-1,0,1,1,1,-1,-1,-1,-1,0,0,
2026-04-15,15:06:21.600,7.59,,,,,,,,,,,,,,,,10,,,,,,,,,,,,,,,,0,14,-1024,0,0,999,0,0,1,-1,0,1,1,1,-1,-1,-1,-1,0,0,
2026-04-15,15:06:21.870,7.59,,,,,,,,,,,,,,,,10,,,,,,,,,,,,,,,,0,14,-1024,0,0,1000,0,0,1,-1,0,1,1,1,-1,-1,-1,-1,0,0,
2026-04-15,15:06:22.130,7.59,,,,,,,,,,,,,,,,10,,,,,,,,,,,,,,,,0,14,-1024,0,0,999,0,0,1,-1,0,1,1,1,-1,-1,-1,-1,0,0,
2026-04-15,15:06:22.400,7.59,,,,,,,,,,,,,,,,10,,,,,,,,,,,,,,,,0,14,-1024,0,0,999,0,0,1,-1,0,1,1,1,-1,-1,-1,-1,0,0,
2026-04-15,15:06:22.670,7.59,,,,,,,,,,,,,,,,10,,,,,,,,,,,,,,,,0,14,-1024,0,0,999,0,0,1,-1,0,1,1,1,-1,-1,-1,-1,0,0,
2026-04-15,15:06:22.930,7.59,,,,,,,,,,,,,,,,10,,,,,,,,,,,,,,,,0,14,-1024,0,0,999,0,0,1,-1,0,1,1,1,-1,-1,-1,-1,0,0,
2026-04-15,15:06:23.200,7.59,,,,,,,,,,,,,,,,10,,,,,,,,,,,,,,,,0,14,-1024,0,0,999,0,0,1,-1,0,1,1,1,-1,-1,-1,-1,0,0,
2026-04-15,15:06:23.470,7.58,,,,,,,,,,,,,,,,10,,,,,,,,,,,,,,,,0,15,-1024,0,0,999,0,0,1,-1,0,1,1,1,-1,-1,-1,-1,0,0,
2026-04-15,15:06:23.730,7.59,,,,,,,,,,,,,,,,10,,,,,,,,,,,,,,,,0,15,-1024,0,0,1000,0,0,1,-1,0,1,1,1,-1,-1,-1,-1,0,0,
2026-04-15,15:06:23.990,7.59,,,,,,,,,,,,,,,,10,,,,,,,,,,,,,,,,0,14,-1024,0,0,999,0,0,1,-1,0,1,1,1,-1,-1,-1,-1,0,0,
2026-04-15,15:06:24.250,7.58,,,,,,,,,,,,,,,,10,,,,,,,,,,,,,,,,0,14,-1024,0,0,999,0,0,1,-1,0,1,1,1,-1,-1,-1,-1,0,0,
2026-04-15,15:06:24.510,7.58,,,,,,,,,,,,,,,,10,,,,,,,,,,,,,,,,0,15,-1024,0,0,1000,0,0,1,-1,0,1,1,1,-1,-1,-1,-1,0,0,
2026-04-15,15:06:24.770,7.59,,,,,,,,,,,,,,,,10,,,,,,,,,,,,,,,,0,15,-1024,0,0,999,0,0,1,-1,0,1,1,1,-1,-1,-1,-1,0,0,
2026-04-15,15:06:25.040,7.59,,,,,,,,,,,,,,,,10,,,,,,,,,,,,,,,,0,3,-1024,550,0,1000,0,0,1,-1,0,1,1,1,-1,-1,-1,-1,0,0,
2026-04-15,15:06:25.300,7.58,,,,,,,,,,,,,,,,10,,,,,,,,,,,,,,,,0,10,-1024,0,0,1000,0,0,1,-1,0,1,1,1,-1,-1,-1,-1,0,0,
2026-04-15,15:06:25.570,7.59,,,,,,,,,,,,,,,,10,,,,,,,,,,,,,,,,0,15,-1024,0,0,1000,0,0,1,-1,0,1,1,1,-1,-1,-1,-1,0,0,
2026-04-15,15:06:25.840,7.58,,,,,,,,,,,,,,,,10,,,,,,,,,,,,,,,,0,15,-1024,0,0,999,0,0,1,-1,0,1,1,1,-1,-1,-1,-1,0,0,
2026-04-15,15:06:26.100,7.58,,,,,,,,,,,,,,,,10,,,,,,,,,,,,,,,,0,15,-1024,0,0,999,0,0,1,-1,0,1,1,1,-1,-1,-1,-1,0,0,
2026-04-15,15:06:26.370,7.58,,,,,,,,,,,,,,,,10,,,,,,,,,,,,,,,,0,14,-1024,0,0,999,0,0,1,-1,0,1,1,1,-1,-1,-1,-1,0,0,
2026-04-15,15:06:26.630,7.59,,,,,,,,,,,,,,,,10,,,,,,,,,,,,,,,,0,15,-1024,0,0,999,0,0,1,-1,0,1,1,1,-1,-1,-1,-1,0,0,
2026-04-15,15:06:26.900,7.59,,,,,,,,,,,,,,,,10,,,,,,,,,,,,,,,,0,14,-1024,0,0,999,0,0,1,-1,0,1,1,1,-1,-1,-1,-1,0,0,
2026-04-15,15:06:27.170,7.59,,,,,,,,,,,,,,,,10,,,,,,,,,,,,,,,,0,15,-1024,0,0,999,0,0,1,-1,0,1,1,1,-1,-1,-1,-1,0,0,
2026-04-15,15:06:27.430,7.58,,,,,,,,,,,,,,,,10,,,,,,,,,,,,,,,,0,15,-1024,0,0,1000,0,0,1,-1,0,1,1,1,-1,-1,-1,-1,0,0,
2026-04-15,15:06:27.700,7.58,,,,,,,,,,,,,,,,10,,,,,,,,,,,,,,,,0,15,-1024,0,0,999,0,0,1,-1,0,1,1,1,-1,-1,-1,-1,0,0,
2026-04-15,15:06:27.970,7.59,,,,,,,,,,,,,,,,10,,,,,,,,,,,,,,,,0,14,-1024,0,0,999,0,0,1,-1,0,1,1,1,-1,-1,-1,-1,0,0,
2026-04-15,15:06:28.230,7.59,,,,,,,,,,,,,,,,10,,,,,,,,,,,,,,,,0,15,-1024,0,0,999,0,0,1,-1,0,1,1,1,-1,-1,-1,-1,0,0,
2026-04-15,15:06:28.500,7.59,,,,,,,,,,,,,,,,10,,,,,,,,,,,,,,,,0,15,-1024,0,0,999,0,0,1,-1,0,1,1,1,-1,-1,-1,-1,0,0,
2026-04-15,15:06:28.760,7.59,,,,,,,,,,,,,,,,10,,,,,,,,,,,,,,,,0,15,-1024,0,0,999,0,0,1,-1,0,1,1,1,-1,-1,-1,-1,0,0,
2026-04-15,15:06:29.020,7.59,,,,,,,,,,,,,,,,10,,,,,,,,,,,,,,,,0,15,-1024,0,0,999,0,0,1,-1,0,1,1,1,-1,-1,-1,-1,0,0,
2026-04-15,15:06:29.280,7.58,,,,,,,,,,,,,,,,10,,,,,,,,,,,,,,,,0,15,-1024,0,0,999,0,0,1,-1,0,1,1,1,-1,-1,-1,-1,0,0,
2026-04-15,15:06:29.550,7.58,,,,,,,,,,,,,,,,10,,,,,,,,,,,,,,,,0,14,-1024,0,0,999,0,0,1,-1,0,1,1,1,-1,-1,-1,-1,0,0,
2026-04-15,15:06:29.810,7.59,,,,,,,,,,,,,,,,10,,,,,,,,,,,,,,,,0,15,-1024,0,0,999,0,0,1,-1,0,1,1,1,-1,-1,-1,-1,0,0,
2026-04-15,15:06:30.080,7.59,,,,,,,,,,,,,,,,10,,,,,,,,,,,,,,,,0,15,-1024,0,0,999,0,0,1,-1,0,1,1,1,-1,-1,-1,-1,0,0,
2026-04-15,15:06:30.340,7.58,,,,,,,,,,,,,,,,10,,,,,,,,,,,,,,,,0,15,-1024,0,0,999,0,0,1,-1,0,1,1,1,-1,-1,-1,-1,0,0,
2026-04-15,15:06:30.610,7.58,,,,,,,,,,,,,,,,10,,,,,,,,,,,,,,,,0,15,-1024,0,0,999,0,0,1,-1,0,1,1,1,-1,-1,-1,-1,0,0,
2026-04-15,15:06:30.870,7.58,,,,,,,,,,,,,,,,10,,,,,,,,,,,,,,,,0,15,-1024,0,0,999,0,0,1,-1,0,1,1,1,-1,-1,-1,-1,0,0,
2026-04-15,15:06:31.140,7.59,,,,,,,,,,,,,,,,10,,,,,,,,,,,,,,,,0,15,-1024,0,0,999,0,0,1,-1,0,1,1,1,-1,-1,-1,-1,0,0,
2026-04-15,15:06:31.410,7.59,,,,,,,,,,,,,,,,10,,,,,,,,,,,,,,,,0,15,-1024,0,0,1000,0,0,1,-1,0,1,1,1,-1,-1,-1,-1,0,0,
2026-04-15,15:06:31.670,7.58,,,,,,,,,,,,,,,,10,,,,,,,,,,,,,,,,0,15,-1024,0,0,1000,0,0,1,-1,0,1,1,1,-1,-1,-1,-1,0,0,
2026-04-15,15:06:31.940,7.58,,,,,,,,,,,,,,,,10,,,,,,,,,,,,,,,,0,15,-1024,0,0,999,0,0,1,-1,0,1,1,1,-1,-1,-1,-1,0,0,
2026-04-15,15:06:32.210,7.59,,,,,,,,,,,,,,,,10,,,,,,,,,,,,,,,,0,14,-1024,0,0,999,0,0,1,-1,0,1,1,1,-1,-1,-1,-1,0,0,
2026-04-15,15:06:32.470,7.58,,,,,,,,,,,,,,,,10,,,,,,,,,,,,,,,,0,15,-1024,0,0,1000,0,0,1,-1,0,1,1,1,-1,-1,-1,-1,0,0,
2026-04-15,15:06:32.740,7.58,,,,,,,,,,,,,,,,10,,,,,,,,,,,,,,,,0,15,-1024,0,0,999,0,0,1,-1,0,1,1,1,-1,-1,-1,-1,0,0,
2026-04-15,15:06:33.000,7.59,,,,,,,,,,,,,,,,10,,,,,,,,,,,,,,,,0,14,-1024,0,0,1000,0,0,1,-1,0,1,1,1,-1,-1,-1,-1,0,0,
2026-04-15,15:06:33.270,7.58,,,,,,,,,,,,,,,,10,,,,,,,,,,,,,,,,0,15,-1024,0,0,999,0,0,1,-1,0,1,1,1,-1,-1,-1,-1,0,0,
2026-04-15,15:06:33.540,7.58,,,,,,,,,,,,,,,,10,,,,,,,,,,,,,,,,0,14,-1024,0,0,999,0,0,1,-1,0,1,1,1,-1,-1,-1,-1,0,0,
2026-04-15,15:06:33.800,7.59,,,,,,,,,,,,,,,,10,,,,,,,,,,,,,,,,0,15,-1024,0,0,999,0,0,1,-1,0,1,1,1,-1,-1,-1,-1,0,0,
2026-04-15,15:06:34.060,7.59,,,,,,,,,,,,,,,,10,,,,,,,,,,,,,,,,0,14,-1024,0,0,999,0,0,1,-1,0,1,1,1,-1,-1,-1,-1,0,0,
2026-04-15,15:06:34.330,7.59,,,,,,,,,,,,,,,,10,,,,,,,,,,,,,,,,0,14,-1024,0,0,1000,0,0,1,-1,0,1,1,1,-1,-1,-1,-1,0,0,
2026-04-15,15:06:34.590,7.58,,,,,,,,,,,,,,,,10,,,,,,,,,,,,,,,,0,14,-1024,0,0,999,0,0,1,-1,0,1,1,1,-1,-1,-1,-1,0,0,
2026-04-15,15:06:34.860,7.59,,,,,,,,,,,,,,,,10,,,,,,,,,,,,,,,,0,13,-1024,0,0,999,0,0,1,-1,0,1,1,1,-1,-1,-1,-1,0,0,
2026-04-15,15:06:35.130,7.59,,,,,,,,,,,,,,,,10,,,,,,,,,,,,,,,,0,14,-1024,0,0,999,0,0,1,-1,0,1,1,1,-1,-1,-1,-1,0,0,
2026-04-15,15:06:35.390,7.58,,,,,,,,,,,,,,,,10,,,,,,,,,,,,,,,,0,14,-1024,0,0,999,0,0,1,-1,0,1,1,1,-1,-1,-1,-1,0,0,
2026-04-15,15:06:35.660,7.59,,,,,,,,,,,,,,,,10,,,,,,,,,,,,,,,,0,14,-1024,0,0,999,0,0,1,-1,0,1,1,1,-1,-1,-1,-1,0,0,
2026-04-15,15:06:35.920,7.59,,,,,,,,,,,,,,,,10,,,,,,,,,,,,,,,,0,14,-1024,0,0,999,0,0,1,-1,0,1,1,1,-1,-1,-1,-1,0,0,
2026-04-15,15:06:36.190,7.58,,,,,,,,,,,,,,,,10,,,,,,,,,,,,,,,,0,14,-1024,0,0,999,0,0,1,-1,0,1,1,1,-1,-1,-1,-1,0,0,
2026-04-15,15:06:36.460,7.58,,,,,,,,,,,,,,,,10,,,,,,,,,,,,,,,,0,14,-1024,0,0,999,0,0,1,-1,0,1,1,1,-1,-1,-1,-1,0,0,
2026-04-15,15:06:36.720,7.59,,,,,,,,,,,,,,,,10,,,,,,,,,,,,,,,,0,14,-1024,0,0,999,0,0,1,-1,0,1,1,1,-1,-1,-1,-1,0,0,
2026-04-15,15:06:36.980,7.59,,,,,,,,,,,,,,,,10,,,,,,,,,,,,,,,,0,14,-1024,0,0,1000,0,0,1,-1,0,1,1,1,-1,-1,-1,-1,0,0,
2026-04-15,15:06:37.250,7.59,,,,,,,,,,,,,,,,10,,,,,,,,,,,,,,,,0,14,-1024,0,0,999,0,0,1,-1,0,1,1,1,-1,-1,-1,-1,0,0,
2026-04-15,15:06:37.510,7.58,,,,,,,,,,,,,,,,10,,,,,,,,,,,,,,,,0,14,-1024,0,0,999,0,0,1,-1,0,1,1,1,-1,-1,-1,-1,0,0,
2026-04-15,15:06:37.780,7.58,,,,,,,,,,,,,,,,10,,,,,,,,,,,,,,,,0,13,-1024,0,0,999,0,0,1,-1,0,1,1,1,-1,-1,-1,-1,0,0,
2026-04-15,15:06:38.040,7.59,,,,,,,,,,,,,,,,10,,,,,,,,,,,,,,,,0,14,-1024,0,0,999,0,0,1,-1,0,1,1,1,-1,-1,-1,-1,0,0,
2026-04-15,15:06:38.310,7.58,,,,,,,,,,,,,,,,10,,,,,,,,,,,,,,,,0,14,-1024,0,0,999,0,0,1,-1,0,1,1,1,-1,-1,-1,-1,0,0,
2026-04-15,15:06:38.580,7.58,,,,,,,,,,,,,,,,10,,,,,,,,,,,,,,,,0,14,-1024,0,0,999,0,0,1,-1,0,1,1,1,-1,-1,-1,-1,0,0,
2026-04-15,15:06:38.840,7.58,,,,,,,,,,,,,,,,10,,,,,,,,,,,,,,,,0,14,-1024,0,0,999,0,0,1,-1,0,1,1,1,-1,-1,-1,-1,0,0,
2026-04-15,15:06:39.100,7.58,,,,,,,,,,,,,,,,10,,,,,,,,,,,,,,,,0,14,-1024,0,0,999,0,0,1,-1,0,1,1,1,-1,-1,-1,-1,0,0,
2026-04-15,15:06:39.360,7.59,,,,,,,,,,,,,,,,10,,,,,,,,,,,,,,,,0,14,-1024,0,0,1000,0,0,1,-1,0,1,1,1,-1,-1,-1,-1,0,0,
2026-04-15,15:06:39.620,7.58,,,,,,,,,,,,,,,,10,,,,,,,,,,,,,,,,0,14,-1024,0,0,999,0,0,1,-1,0,1,1,1,-1,-1,-1,-1,0,0,
2026-04-15,15:06:39.890,7.58,,,,,,,,,,,,,,,,10,,,,,,,,,,,,,,,,0,13,-1024,0,0,999,0,0,1,-1,0,1,1,1,-1,-1,-1,-1,0,0,
2026-04-15,15:06:40.160,7.59,,,,,,,,,,,,,,,,10,,,,,,,,,,,,,,,,0,14,-1024,0,0,1000,0,0,1,-1,0,1,1,1,-1,-1,-1,-1,0,0,
2026-04-15,15:06:40.420,7.58,,,,,,,,,,,,,,,,10,,,,,,,,,,,,,,,,0,14,-1024,0,0,1000,0,0,1,-1,0,1,1,1,-1,-1,-1,-1,0,0,
2026-04-15,15:06:40.690,7.59,,,,,,,,,,,,,,,,10,,,,,,,,,,,,,,,,0,14,-1024,0,0,999,0,0,1,-1,0,1,1,1,-1,-1,-1,-1,0,0,
2026-04-15,15:06:40.950,7.58,,,,,,,,,,,,,,,,10,,,,,,,,,,,,,,,,0,13,-1024,0,0,999,0,0,1,-1,0,1,1,1,-1,-1,-1,-1,0,0,
2026-04-15,15:06:41.220,7.59,,,,,,,,,,,,,,,,10,,,,,,,,,,,,,,,,0,14,-1024,0,0,999,0,0,1,-1,0,1,1,1,-1,-1,-1,-1,0,0,
2026-04-15,15:06:41.480,7.58,,,,,,,,,,,,,,,,10,,,,,,,,,,,,,,,,0,13,-1024,0,0,999,0,0,1,-1,0,1,1,1,-1,-1,-1,-1,0,0,
2026-04-15,15:06:41.750,7.58,,,,,,,,,,,,,,,,10,,,,,,,,,,,,,,,,0,14,-1024,0,0,999,0,0,1,-1,0,1,1,1,-1,-1,-1,-1,0,0,
2026-04-15,15:06:42.010,7.58,,,,,,,,,,,,,,,,10,,,,,,,,,,,,,,,,0,13,-1024,0,0,999,0,0,1,-1,0,1,1,1,-1,-1,-1,-1,0,0,
2026-04-15,15:06:42.280,7.58,,,,,,,,,,,,,,,,10,,,,,,,,,,,,,,,,0,14,-1024,0,0,999,0,0,1,-1,0,1,1,1,-1,-1,-1,-1,0,0,
2026-04-15,15:06:42.550,7.58,,,,,,,,,,,,,,,,10,,,,,,,,,,,,,,,,0,13,-1024,0,0,1000,0,0,1,-1,0,1,1,1,-1,-1,-1,-1,0,0,
2026-04-15,15:06:42.810,7.59,,,,,,,,,,,,,,,,10,,,,,,,,,,,,,,,,0,13,-1024,0,0,999,0,0,1,-1,0,1,1,1,-1,-1,-1,-1,0,0,
2026-04-15,15:06:43.070,7.59,,,,,,,,,,,,,,,,10,,,,,,,,,,,,,,,,0,14,-1024,0,0,999,0,0,1,-1,0,1,1,1,-1,-1,-1,-1,0,0,
2026-04-15,15:06:43.330,7.58,,,,,,,,,,,,,,,,10,,,,,,,,,,,,,,,,0,13,-1024,0,0,999,0,0,1,-1,0,1,1,1,-1,-1,-1,-1,0,0,
2026-04-15,15:06:43.590,7.59,,,,,,,,,,,,,,,,10,,,,,,,,,,,,,,,,0,14,-1024,0,0,999,0,0,1,-1,0,1,1,1,-1,-1,-1,-1,0,0,
2026-04-15,15:06:43.850,7.59,,,,,,,,,,,,,,,,10,,,,,,,,,,,,,,,,0,13,-1024,0,0,999,0,0,1,-1,0,1,1,1,-1,-1,-1,-1,0,0,
2026-04-15,15:06:44.120,7.59,,,,,,,,,,,,,,,,10,,,,,,,,,,,,,,,,0,14,-1024,0,0,1000,0,0,1,-1,0,1,1,1,-1,-1,-1,-1,0,0,
2026-04-15,15:06:44.380,7.59,,,,,,,,,,,,,,,,10,,,,,,,,,,,,,,,,0,14,-1024,0,0,999,0,0,1,-1,0,1,1,1,-1,-1,-1,-1,0,0,
2026-04-15,15:06:44.640,7.58,,,,,,,,,,,,,,,,10,,,,,,,,,,,,,,,,0,14,-1024,0,0,1000,0,0,1,-1,0,1,1,1,-1,-1,-1,-1,0,0,
2026-04-15,15:06:44.910,7.58,,,,,,,,,,,,,,,,10,,,,,,,,,,,,,,,,0,14,-1024,0,0,999,0,0,1,-1,0,1,1,1,-1,-1,-1,-1,0,0,
2026-04-15,15:06:45.170,7.59,,,,,,,,,,,,,,,,10,,,,,,,,,,,,,,,,0,14,-1024,0,0,999,0,0,1,-1,0,1,1,1,-1,-1,-1,-1,0,0,
2026-04-15,15:06:45.440,7.59,,,,,,,,,,,,,,,,10,,,,,,,,,,,,,,,,0,15,-1024,0,0,1000,0,0,1,-1,0,1,1,1,-1,-1,-1,-1,0,0,
2026-04-15,15:06:45.710,7.58,,,,,,,,,,,,,,,,10,,,,,,,,,,,,,,,,0,14,-1024,0,0,999,0,0,1,-1,0,1,1,1,-1,-1,-1,-1,0,0,
2026-04-15,15:06:45.970,7.58,,,,,,,,,,,,,,,,10,,,,,,,,,,,,,,,,0,14,-1024,0,0,1000,0,0,1,-1,0,1,1,1,-1,-1,-1,-1,0,0,
2026-04-15,15:06:46.240,7.59,,,,,,,,,,,,,,,,10,,,,,,,,,,,,,,,,0,-20,-1024,0,0,999,0,0,1,-1,0,1,1,1,-1,-1,-1,-1,0,0,
2026-04-15,15:06:46.510,7.59,,,,,,,,,,,,,,,,10,,,,,,,,,,,,,,,,0,-55,-1024,0,0,999,0,0,1,-1,0,1,1,1,-1,-1,-1,-1,0,0,
2026-04-15,15:06:46.780,7.59,,,,,,,,,,,,,,,,10,,,,,,,,,,,,,,,,0,-312,-1024,0,0,999,0,0,1,-1,0,1,1,1,-1,-1,-1,-1,0,0,
2026-04-15,15:06:47.040,7.59,,,,,,,,,,,,,,,,10,,,,,,,,,,,,,,,,0,-154,-1024,0,0,999,0,0,1,-1,0,1,1,1,-1,-1,-1,-1,0,0,
2026-04-15,15:06:47.310,7.59,,,,,,,,,,,,,,,,10,,,,,,,,,,,,,,,,0,4,-1024,0,0,999,0,0,1,-1,0,1,1,1,-1,-1,-1,-1,0,0,
2026-04-15,15:06:47.580,7.59,,,,,,,,,,,,,,,,10,,,,,,,,,,,,,,,,0,-191,-1024,0,0,999,0,0,1,-1,0,1,1,1,-1,-1,-1,-1,0,0,
2026-04-15,15:06:47.840,7.59,,,,,,,,,,,,,,,,10,,,,,,,,,,,,,,,,0,8,-1024,0,0,999,0,0,1,-1,0,1,1,1,-1,-1,-1,-1,0,0,
2026-04-15,15:06:48.100,7.59,,,,,,,,,,,,,,,,10,,,,,,,,,,,,,,,,0,13,-1024,0,0,1000,0,0,1,-1,0,1,1,1,-1,-1,-1,-1,0,0,
2026-04-15,15:06:48.370,7.58,,,,,,,,,,,,,,,,10,,,,,,,,,,,,,,,,0,14,-1024,0,0,999,0,0,1,-1,0,1,1,1,-1,-1,-1,-1,0,0,
2026-04-15,15:06:48.640,7.58,,,,,,,,,,,,,,,,10,,,,,,,,,,,,,,,,0,14,-1024,0,0,999,0,0,1,-1,0,1,1,1,-1,-1,-1,-1,0,0,
2026-04-15,15:06:48.910,7.58,,,,,,,,,,,,,,,,10,,,,,,,,,,,,,,,,0,14,-1024,0,0,999,0,0,1,-1,0,1,1,1,-1,-1,-1,-1,0,0,
2026-04-15,15:06:49.170,7.59,,,,,,,,,,,,,,,,10,,,,,,,,,,,,,,,,0,13,-1024,0,0,999,0,0,1,-1,0,1,1,1,-1,-1,-1,-1,0,0,
2026-04-15,15:06:49.440,7.59,,,,,,,,,,,,,,,,10,,,,,,,,,,,,,,,,0,14,-1024,0,0,999,0,0,1,-1,0,1,1,1,-1,-1,-1,-1,0,0,
2026-04-15,15:06:49.710,7.59,,,,,,,,,,,,,,,,10,,,,,,,,,,,,,,,,0,14,-1024,0,0,999,0,0,1,-1,0,1,1,1,-1,-1,-1,-1,0,0,
2026-04-15,15:06:49.970,7.59,,,,,,,,,,,,,,,,10,,,,,,,,,,,,,,,,0,14,-1024,0,0,999,0,0,1,-1,0,1,1,1,-1,-1,-1,-1,0,0,
2026-04-15,15:06:50.230,7.59,,,,,,,,,,,,,,,,10,,,,,,,,,,,,,,,,0,14,-1024,0,0,999,0,0,1,-1,0,1,1,1,-1,-1,-1,-1,0,0,
2026-04-15,15:06:50.490,7.59,,,,,,,,,,,,,,,,10,,,,,,,,,,,,,,,,0,14,-1024,0,0,1000,0,0,1,-1,0,1,1,1,-1,-1,-1,-1,0,0,
2026-04-15,15:06:50.760,7.59,,,,,,,,,,,,,,,,10,,,,,,,,,,,,,,,,0,14,-1024,0,0,999,0,0,1,-1,0,1,1,1,-1,-1,-1,-1,0,0,
2026-04-15,15:06:51.020,7.59,,,,,,,,,,,,,,,,10,,,,,,,,,,,,,,,,0,14,-1024,0,0,999,0,0,1,-1,0,1,1,1,-1,-1,-1,-1,0,0,
2026-04-15,15:06:51.290,7.59,,,,,,,,,,,,,,,,10,,,,,,,,,,,,,,,,0,14,-1024,0,0,1000,0,0,1,-1,0,1,1,1,-1,-1,-1,-1,0,0,
2026-04-15,15:06:51.550,7.59,,,,,,,,,,,,,,,,10,,,,,,,,,,,,,,,,0,14,-1024,0,0,999,0,0,1,-1,0,1,1,1,-1,-1,-1,-1,0,0,
2026-04-15,15:06:51.810,7.59,,,,,,,,,,,,,,,,10,,,,,,,,,,,,,,,,0,14,-1024,0,0,1000,0,0,1,-1,0,1,1,1,-1,-1,-1,-1,0,0,
2026-04-15,15:06:52.130,7.59,,,,,,,,,,,,,,,,10,,,,,,,,,,,,,,,,0,14,-1024,0,0,999,0,0,1,-1,0,1,1,1,-1,-1,-1,-1,0,0,
2026-04-15,15:06:52.400,7.58,,,,,,,,,,,,,,,,10,,,,,,,,,,,,,,,,0,14,-1024,0,0,1000,0,0,1,-1,0,1,1,1,-1,-1,-1,-1,0,0,
