Date,Time,TxBat(V),VFR 2.4G(%),Rx VFR(%),VFR 900M(%),AccY(g),Altitude(m),RSSI 2.4G(dB),RX,RxBatt(V),AccX(g),AccZ(g),VSpeed(m/s),RSSI 900M(dB),RX,R.angle(°),P.angle(°),Power 900M(mW),ADC2(V),LiPo1(V),LiPo2(V),LiPo3(V),LiPo4(V),LiPo5(V),LiPo6(V),LiPo7(V),LiPo8(V),VFAS(V),Current(A),Temp1(°C),Temp2(°C),Air speed(km/h),Rudder,Elevator,Throttle,Aileron,Pot1,Pot2,Slider left,Slider right,SA,SB,SC,SD,SE,SF,SG,SH,SI,SJ,LS1,LS2,
2026-03-25,18:15:29.200,7.53,100,100,100,-0.117,-0.53,65,0,8.17,-0.123,0.977,0.02,66,0,173.20,-7.20,10,0.00,4.20,4.21,4.20,4.20,4.20,4.20,4.21,4.20,33.74,0.0,28,26,0.0,0,16,-1023,0,0,667,508,0,0,-1,0,0,-1,1,-1,-1,-1,-1,0,0,
2026-03-25,18:15:29.430,7.53,100,100,100,-0.117,-0.55,65,0,8.17,-0.123,0.977,-0.01,66,0,173.20,-7.20,10,0.00,4.20,4.21,4.20,4.20,4.20,4.20,4.21,4.20,33.74,0.0,28,26,0.0,0,16,-1023,0,0,667,509,0,0,-1,0,0,-1,1,-1,-1,-1,-1,0,0,
2026-03-25,18:15:29.700,7.53,100,100,100,-0.117,-0.57,66,0,8.17,-0.123,0.977,-0.08,67,0,173.20,-7.20,10,0.00,4.20,4.21,4.20,4.20,4.20,4.20,4.21,4.20,33.74,0.0,28,26,0.0,0,16,-1024,0,0,666,509,0,0,-1,0,0,-1,1,-1,-1,-1,-1,0,0,
2026-03-25,18:15:29.970,7.53,100,100,100,-0.117,-0.53,65,0,8.15,-0.123,0.977,0.04,66,0,173.20,-7.20,10,0.00,4.20,4.21,4.20,4.20,4.20,4.20,4.21,4.20,33.74,0.0,28,26,0.0,0,15,-1023,0,0,667,509,0,0,-1,0,0,-1,1,-1,-1,-1,-1,0,0,
2026-03-25,18:15:30.240,7.53,100,100,100,-0.117,-0.47,64,0,8.14,-0.123,0.977,0.16,65,0,173.20,-7.20,10,0.00,4.20,4.21,4.20,4.20,4.20,4.20,4.21,4.20,33.74,0.0,28,26,0.0,0,16,-1024,0,0,667,509,0,0,-1,0,0,-1,1,-1,-1,-1,-1,0,0,
2026-03-25,18:15:30.500,7.53,100,100,100,-0.117,-0.47,64,0,8.15,-0.123,0.977,0.06,65,0,173.20,-7.20,10,0.00,4.20,4.21,4.20,4.20,4.20,4.20,4.21,4.20,33.74,0.0,28,26,0.0,0,16,-1023,0,0,667,509,0,0,-1,0,0,-1,1,-1,-1,-1,-1,0,0,
2026-03-25,18:15:30.770,7.53,100,100,100,-0.117,-0.54,63,0,8.16,-0.123,0.977,-0.07,65,0,173.20,-7.20,10,0.00,4.20,4.21,4.20,4.20,4.20,4.20,4.21,4.20,33.74,0.0,28,26,0.0,0,15,-1024,0,0,666,508,0,0,-1,0,0,-1,1,-1,-1,-1,-1,0,0,
2026-03-25,18:15:31.030,7.53,100,100,100,-0.117,-0.50,62,0,8.17,-0.123,0.977,0.08,66,0,173.20,-7.19,10,0.00,4.20,4.21,4.20,4.21,4.20,4.20,4.21,4.20,33.74,0.0,28,26,0.0,0,15,-1024,0,0,667,509,0,0,-1,0,0,-1,-1,-1,-1,-1,-1,0,0,
2026-03-25,18:15:31.290,7.53,100,100,100,-0.117,-0.53,62,0,8.17,-0.123,0.977,-0.05,66,0,173.20,-7.19,10,0.00,4.20,4.21,4.20,4.21,4.20,4.20,4.21,4.20,33.74,0.0,28,26,0.0,0,16,-1023,0,0,667,509,0,0,-1,0,0,-1,-1,-1,-1,-1,-1,0,0,
2026-03-25,18:15:31.550,7.53,100,100,100,-0.117,-0.51,63,0,8.17,-0.123,0.977,-0.01,66,0,173.20,-7.19,10,0.00,4.20,4.21,4.20,4.21,4.20,4.20,4.21,4.21,33.74,0.0,28,26,0.0,0,16,-1023,0,0,667,510,0,0,-1,0,0,-1,-1,-1,-1,-1,-1,0,0,
2026-03-25,18:15:31.820,7.53,100,100,100,-0.117,-0.57,63,0,8.17,-0.123,0.977,-0.07,67,0,173.20,-7.20,10,0.00,4.20,4.21,4.20,4.21,4.20,4.20,4.21,4.21,33.74,0.0,28,26,0.0,0,16,-1024,0,0,667,510,0,0,-1,0,0,-1,-1,-1,-1,-1,-1,0,0,
2026-03-25,18:15:32.080,7.53,100,100,100,-0.117,-0.55,64,0,8.17,-0.123,0.977,-0.03,66,0,173.20,-7.20,10,0.00,4.20,4.21,4.20,4.21,4.20,4.20,4.21,4.21,33.74,0.0,28,26,0.0,0,16,-1023,0,0,667,510,0,0,-1,0,0,-1,-1,-1,-1,-1,-1,0,0,
2026-03-25,18:15:32.340,7.53,100,100,100,-0.117,-0.58,64,0,8.17,-0.123,0.976,-0.05,66,0,173.20,-7.20,10,0.00,4.20,4.21,4.20,4.21,4.20,4.20,4.21,4.21,33.74,0.0,28,26,0.0,0,16,-1024,0,0,667,509,0,0,-1,0,0,-1,-1,-1,-1,-1,-1,0,0,
2026-03-25,18:15:32.610,7.53,100,100,100,-0.117,-0.57,64,0,8.15,-0.123,0.977,-0.01,66,0,173.20,-7.20,10,0.00,4.20,4.21,4.20,4.21,4.20,4.19,4.21,4.21,33.74,0.0,28,26,0.0,0,16,-1024,0,0,667,510,0,0,-1,0,0,-1,-1,-1,-1,-1,-1,0,0,
2026-03-25,18:15:32.870,7.53,100,100,100,-0.117,-0.54,65,0,8.14,-0.123,0.977,0.05,65,0,173.20,-7.20,10,0.00,4.20,4.21,4.20,4.21,4.20,4.19,4.21,4.20,33.74,0.0,28,26,0.0,0,15,-1023,0,0,667,509,0,0,-1,0,0,-1,-1,-1,-1,-1,-1,0,0,
2026-03-25,18:15:33.140,7.53,100,100,100,-0.117,-0.55,65,0,8.15,-0.123,0.977,0.03,66,0,173.20,-7.20,10,0.00,4.20,4.21,4.20,4.21,4.20,4.19,4.21,4.20,33.74,0.0,28,26,0.0,0,16,-1023,0,0,667,510,0,0,-1,0,0,-1,-1,-1,-1,-1,-1,0,0,
2026-03-25,18:15:33.400,7.53,100,100,100,-0.117,-0.55,65,0,8.14,-0.123,0.977,0.00,66,0,173.20,-7.20,10,0.00,4.20,4.21,4.20,4.20,4.20,4.19,4.21,4.20,33.74,0.0,28,26,0.0,0,16,-1023,0,0,667,510,0,0,-1,0,0,-1,-1,-1,-1,-1,-1,0,0,
2026-03-25,18:15:33.660,7.52,100,100,100,-0.117,-0.52,65,0,8.16,-0.123,0.977,0.03,65,0,173.20,-7.20,10,0.00,4.20,4.21,4.20,4.20,4.21,4.20,4.21,4.20,33.74,0.0,28,26,0.0,0,16,-1024,0,0,666,510,0,0,-1,0,0,-1,-1,-1,-1,-1,-1,0,0,
2026-03-25,18:15:33.940,7.53,100,100,100,-0.118,-0.55,66,0,8.16,-0.123,0.977,-0.10,66,0,173.20,-7.20,10,0.00,4.20,4.21,4.20,4.20,4.21,4.20,4.21,4.20,33.74,0.0,28,26,0.0,0,16,-1023,0,0,667,510,0,0,-1,0,0,-1,-1,-1,-1,-1,-1,0,0,
2026-03-25,18:15:34.200,7.53,100,100,100,-0.117,-0.52,66,0,8.17,-0.124,0.976,0.03,65,0,173.20,-7.20,10,0.00,4.20,4.21,4.20,4.20,4.21,4.20,4.21,4.20,33.74,0.0,28,26,0.0,0,16,-1024,0,0,667,509,0,0,-1,0,0,-1,-1,-1,-1,-1,-1,0,0,
2026-03-25,18:15:34.470,7.53,100,100,100,-0.117,-0.56,66,0,8.17,-0.124,0.977,-0.04,65,0,173.20,-7.20,10,0.00,4.20,4.21,4.20,4.20,4.21,4.20,4.21,4.20,33.74,0.0,28,26,0.0,0,15,-1024,0,0,667,510,0,0,-1,0,0,-1,-1,-1,-1,-1,-1,0,0,
2026-03-25,18:15:34.730,7.53,100,100,100,-0.117,-0.57,66,0,8.17,-0.123,0.977,-0.06,64,0,173.20,-7.20,10,0.00,4.20,4.21,4.20,4.21,4.21,4.20,4.21,4.20,33.74,0.0,28,26,0.0,0,16,-1023,0,0,667,510,0,0,-1,0,0,-1,-1,-1,-1,-1,-1,0,0,
2026-03-25,18:15:34.990,7.52,100,100,100,-0.117,-0.51,66,0,8.14,-0.123,0.977,0.09,66,0,173.20,-7.21,10,0.00,4.20,4.21,4.20,4.21,4.20,4.20,4.21,4.20,33.74,0.0,28,26,0.0,0,16,-1024,0,0,667,509,0,0,-1,0,0,-1,-1,-1,-1,-1,-1,0,0,
2026-03-25,18:15:35.260,7.53,100,100,100,-0.117,-0.46,66,0,8.14,-0.124,0.976,0.14,67,0,173.20,-7.20,10,0.00,4.20,4.21,4.20,4.21,4.20,4.20,4.21,4.20,33.74,0.0,28,26,0.0,0,16,-1024,0,0,667,509,0,0,-1,0,0,-1,-1,-1,-1,-1,-1,0,0,
2026-03-25,18:15:35.520,7.53,100,100,100,-0.117,-0.52,67,0,8.13,-0.123,0.977,-0.03,68,0,173.20,-7.20,10,0.00,4.20,4.21,4.20,4.21,4.20,4.20,4.21,4.20,33.74,0.0,28,26,0.0,0,15,-1024,0,0,667,510,0,0,-1,0,0,-1,-1,-1,-1,-1,-1,0,0,
2026-03-25,18:15:35.780,7.53,100,100,100,-0.117,-0.53,67,0,8.15,-0.123,0.977,-0.04,68,0,173.20,-7.21,10,0.00,4.20,4.21,4.20,4.20,4.20,4.20,4.21,4.20,33.74,0.0,28,26,0.0,0,16,-1023,0,0,667,510,0,0,-1,0,0,-1,-1,-1,-1,-1,-1,0,0,
2026-03-25,18:15:36.060,7.53,100,100,100,-0.118,-0.56,68,0,8.16,-0.124,0.977,-0.07,68,0,173.20,-7.21,10,0.00,4.20,4.21,4.20,4.20,4.20,4.20,4.21,4.20,33.74,0.0,28,26,0.0,0,16,-1024,0,0,667,510,0,0,-1,0,0,-1,-1,-1,-1,-1,-1,0,0,
2026-03-25,18:15:36.320,7.53,100,100,100,-0.117,-0.58,68,0,8.17,-0.123,0.977,-0.10,68,0,173.20,-7.21,10,0.00,4.20,4.21,4.20,4.20,4.20,4.20,4.21,4.20,33.74,0.0,28,26,0.0,0,16,-1024,0,0,667,510,0,0,-1,0,0,-1,-1,-1,-1,-1,-1,0,0,
2026-03-25,18:15:36.580,7.53,100,100,100,-0.117,-0.55,68,0,8.17,-0.123,0.977,0.00,68,0,173.20,-7.21,10,0.00,4.20,4.21,4.20,4.20,4.20,4.20,4.21,4.20,33.74,0.0,28,26,0.0,0,16,-1024,0,0,667,516,0,0,-1,0,0,-1,-1,-1,-1,-1,-1,0,0,
2026-03-25,18:15:36.850,7.53,100,100,100,-0.117,-0.55,68,0,8.17,-0.124,0.976,0.03,69,0,173.20,-7.21,10,0.00,4.20,4.21,4.20,4.20,4.20,4.20,4.21,4.20,33.74,0.0,28,26,0.0,0,16,-1024,0,0,667,528,0,0,-1,0,0,-1,-1,-1,-1,-1,-1,0,0,
2026-03-25,18:15:37.110,7.53,100,100,100,-0.117,-0.56,68,0,8.17,-0.124,0.977,-0.02,68,0,173.20,-7.21,10,0.00,4.20,4.21,4.20,4.20,4.20,4.20,4.21,4.20,33.74,0.0,28,26,0.0,0,16,-1021,0,0,667,531,0,0,-1,0,0,-1,-1,-1,-1,-1,-1,0,0,
2026-03-25,18:15:37.380,7.53,99,100,100,-0.117,-0.55,68,0,8.14,-0.124,0.977,0.00,68,0,173.20,-7.21,10,0.00,4.20,4.21,4.20,4.20,4.20,4.20,4.21,4.20,33.74,0.0,28,26,0.0,0,16,-1022,0,0,667,539,0,0,-1,0,0,-1,-1,-1,-1,-1,-1,0,0,
2026-03-25,18:15:37.640,7.53,99,100,100,-0.117,-0.59,68,0,8.15,-0.123,0.977,-0.04,67,0,173.20,-7.21,10,0.00,4.20,4.21,4.20,4.20,4.20,4.20,4.21,4.20,33.74,0.0,28,26,0.0,0,16,-1021,0,0,667,546,0,0,-1,0,0,-1,-1,-1,-1,-1,-1,0,0,
2026-03-25,18:15:37.910,7.53,98,100,100,-0.117,-0.63,68,0,8.14,-0.123,0.977,-0.12,67,0,173.20,-7.21,10,0.00,4.20,4.21,4.20,4.20,4.20,4.20,4.21,4.20,33.74,0.0,28,26,0.0,0,15,-1021,0,0,667,546,0,0,-1,0,0,-1,-1,-1,-1,-1,-1,0,0,
2026-03-25,18:15:38.180,7.53,99,100,100,-0.117,-0.62,69,0,8.12,-0.123,0.977,-0.04,66,0,173.20,-7.21,10,0.00,4.20,4.21,4.20,4.21,4.20,4.20,4.21,4.20,33.74,0.0,28,26,0.0,0,16,-1022,0,0,667,547,0,0,-1,0,0,-1,-1,-1,-1,-1,-1,0,0,
2026-03-25,18:15:38.440,7.53,100,100,100,-0.117,-0.60,69,0,8.14,-0.124,0.976,0.02,67,0,173.20,-7.21,10,0.00,4.20,4.21,4.20,4.21,4.20,4.20,4.21,4.20,33.74,0.0,28,26,0.0,0,16,-1023,0,0,667,546,0,0,-1,0,0,-1,-1,-1,-1,-1,-1,0,0,
2026-03-25,18:15:38.710,7.52,100,100,100,-0.117,-0.55,69,0,8.16,-0.123,0.976,0.11,67,0,173.20,-7.21,10,0.00,4.20,4.21,4.20,4.21,4.20,4.20,4.21,4.20,33.74,0.0,28,26,0.0,0,16,-1023,0,0,667,547,0,0,-1,0,0,-1,-1,-1,-1,-1,-1,0,0,
2026-03-25,18:15:38.970,7.53,100,100,100,-0.117,-0.53,69,0,8.17,-0.123,0.977,0.08,68,0,173.20,-7.21,10,0.00,4.20,4.21,4.20,4.21,4.20,4.20,4.21,4.21,33.74,0.0,28,26,0.0,0,16,-1023,0,0,667,547,0,0,-1,0,0,-1,-1,-1,-1,-1,-1,0,0,
2026-03-25,18:15:39.230,7.53,100,100,100,-0.117,-0.53,69,0,8.17,-0.123,0.977,0.05,67,0,173.20,-7.21,10,0.00,4.20,4.21,4.20,4.21,4.20,4.20,4.21,4.21,33.74,0.0,28,26,0.0,0,16,-1023,0,0,667,547,0,0,-1,0,0,-1,-1,-1,-1,-1,-1,0,0,
2026-03-25,18:15:39.500,7.53,100,100,100,-0.117,-0.56,68,0,8.17,-0.123,0.977,-0.06,65,0,173.20,-7.21,10,0.00,4.20,4.21,4.20,4.21,4.20,4.20,4.21,4.21,33.74,0.0,28,26,0.0,0,16,-1023,0,0,667,547,0,0,-1,0,0,-1,-1,-1,-1,-1,-1,0,0,
2026-03-25,18:15:39.770,7.53,100,100,100,-0.117,-0.58,66,0,8.17,-0.123,0.977,-0.04,65,0,173.20,-7.21,10,0.00,4.20,4.21,4.20,4.21,4.20,4.19,4.21,4.21,33.74,0.0,28,26,0.0,0,16,-1024,0,0,667,547,0,0,-1,0,0,-1,-1,-1,-1,-1,-1,0,0,
2026-03-25,18:15:40.030,7.53,100,100,100,-0.117,-0.58,66,0,8.13,-0.123,0.977,-0.06,64,0,173.20,-7.21,10,0.00,4.20,4.21,4.20,4.21,4.20,4.19,4.21,4.20,33.74,0.0,28,26,0.0,0,16,-1023,0,0,667,546,0,0,-1,0,0,-1,-1,-1,-1,-1,-1,0,0,
2026-03-25,18:15:40.290,7.53,100,100,100,-0.117,-0.55,65,0,8.13,-0.124,0.977,0.04,64,0,173.20,-7.21,10,0.00,4.20,4.21,4.20,4.21,4.20,4.19,4.21,4.20,33.74,0.0,28,26,0.0,0,16,-1023,0,0,667,542,0,0,-1,0,0,-1,-1,-1,-1,-1,-1,0,0,
2026-03-25,18:15:40.560,7.53,99,100,100,-0.117,-0.56,65,0,8.13,-0.123,0.977,0.04,64,0,173.20,-7.21,10,0.00,4.20,4.21,4.20,4.20,4.20,4.19,4.21,4.20,33.74,0.0,28,26,0.0,0,16,-1024,0,0,667,540,0,0,-1,0,0,-1,-1,-1,-1,-1,-1,0,0,
2026-03-25,18:15:40.830,7.53,98,100,100,-0.117,-0.54,65,0,8.14,-0.123,0.977,0.03,64,0,173.20,-7.21,10,0.00,4.20,4.21,4.20,4.20,4.20,4.19,4.21,4.20,33.74,0.0,28,26,0.0,0,16,-1023,0,0,667,535,0,0,-1,0,0,-1,-1,-1,-1,-1,-1,0,0,
2026-03-25,18:15:41.100,7.53,98,100,100,-0.117,-0.49,64,0,8.15,-0.124,0.977,0.11,63,0,173.20,-7.21,10,0.00,4.20,4.21,4.20,4.20,4.20,4.19,4.21,4.20,33.74,0.0,28,26,0.0,0,16,-995,0,0,667,532,0,0,-1,0,0,-1,-1,-1,-1,-1,-1,0,0,
2026-03-25,18:15:41.370,7.53,98,100,100,-0.117,-0.52,63,0,8.16,-0.123,0.977,0.01,64,0,173.20,-7.20,10,0.00,4.20,4.21,4.20,4.20,4.20,4.19,4.21,4.20,33.74,0.0,28,26,0.0,0,16,-904,0,0,667,531,0,0,-1,0,0,-1,-1,-1,-1,-1,-1,0,0,
2026-03-25,18:15:41.630,7.53,98,100,100,-0.117,-0.49,63,0,8.17,-0.123,0.977,0.03,64,0,173.20,-7.20,10,0.00,4.20,4.21,4.20,4.20,4.20,4.19,4.21,4.20,33.74,0.0,28,26,0.0,0,16,-834,0,0,667,531,0,0,-1,0,0,-1,-1,-1,-1,-1,-1,0,0,
2026-03-25,18:15:41.900,7.52,98,100,100,-0.116,-0.56,64,0,8.17,-0.122,0.976,-0.08,64,0,173.18,-7.20,10,0.00,4.20,4.21,4.20,4.20,4.20,4.19,4.21,4.20,33.73,0.0,28,26,0.0,0,16,-702,0,0,667,531,0,0,-1,0,0,-1,-1,-1,-1,-1,-1,0,0,
2026-03-25,18:15:42.160,7.53,99,100,100,-0.110,-0.60,64,0,8.17,-0.123,0.981,-0.11,65,0,173.20,-7.19,10,0.00,4.20,4.21,4.20,4.20,4.20,4.19,4.21,4.20,33.73,0.0,28,26,0.0,0,16,-690,0,0,667,532,0,0,-1,0,0,-1,-1,-1,-1,-1,-1,0,0,
2026-03-25,18:15:42.430,7.53,100,100,100,-0.115,-0.66,65,0,8.11,-0.126,0.973,-0.19,65,0,173.20,-7.17,10,0.00,4.20,4.21,4.20,4.20,4.20,4.19,4.21,4.20,33.73,0.9,28,26,0.0,0,11,-561,0,0,667,532,0,0,-1,0,0,-1,-1,-1,-1,-1,-1,0,0,
2026-03-25,18:15:42.700,7.53,100,100,100,-0.118,-0.68,66,0,8.11,-0.122,0.969,-0.09,66,0,173.21,-7.07,10,0.00,4.19,4.20,4.20,4.20,4.20,4.19,4.21,4.20,33.71,2.7,28,26,0.0,0,-47,-487,0,0,667,531,0,0,-1,0,0,-1,-1,-1,-1,-1,-1,0,0,
2026-03-25,18:15:42.960,7.52,100,100,100,-0.122,-0.76,67,0,8.09,-0.124,0.987,-0.19,66,0,173.24,-6.98,10,0.00,4.19,4.20,4.19,4.20,4.20,4.19,4.21,4.20,33.71,2.7,28,26,0.0,0,-56,-486,0,0,667,532,0,0,-1,0,0,-1,-1,-1,-1,-1,-1,0,0,
2026-03-25,18:15:43.220,7.53,100,100,100,-0.112,-0.83,67,0,8.08,-0.121,0.973,-0.25,66,0,173.23,-6.99,10,0.00,4.19,4.20,4.19,4.20,4.20,4.19,4.21,4.20,33.66,3.4,28,26,0.0,0,-34,-321,0,0,667,532,0,0,-1,0,0,-1,-1,-1,-1,-1,-1,0,0,
2026-03-25,18:15:43.480,7.53,100,100,100,-0.130,-0.85,67,0,8.13,-0.139,0.971,-0.12,67,0,173.21,-6.97,10,0.00,4.19,4.20,4.19,4.20,4.20,4.18,4.21,4.20,33.66,3.4,28,26,0.0,0,-44,-221,0,0,667,532,0,0,-1,0,0,-1,-1,-1,-1,-1,-1,0,0,
2026-03-25,18:15:43.750,7.53,100,100,100,-0.144,-0.98,67,0,8.13,-0.181,0.971,-0.28,67,0,173.18,-7.04,10,0.00,4.19,4.20,4.19,4.20,4.20,4.18,4.20,4.19,33.56,6.3,28,26,0.0,0,-64,-112,0,0,667,531,0,0,-1,0,0,-1,-1,-1,-1,-1,-1,0,0,
2026-03-25,18:15:44.010,7.53,100,100,100,-0.118,-1.20,67,0,8.12,-0.282,0.928,-0.55,66,0,172.82,-7.89,10,0.00,4.17,4.18,4.19,4.20,4.20,4.18,4.20,4.19,33.56,6.3,28,26,0.0,-226,-65,-17,0,0,667,532,0,0,-1,0,0,-1,-1,-1,-1,-1,-1,0,0,
2026-03-25,18:15:44.270,7.53,100,100,100,-0.134,-1.45,67,0,8.09,-0.329,0.852,-0.74,66,0,172.63,-8.69,10,0.00,4.17,4.18,4.16,4.16,4.20,4.18,4.20,4.19,33.45,7.3,28,26,0.0,-308,-106,31,0,0,667,532,0,0,-1,0,0,-1,-1,-1,-1,-1,-1,0,0,
2026-03-25,18:15:44.540,7.53,100,100,100,-0.192,-1.73,67,0,8.08,-0.358,0.939,-0.93,65,0,172.11,-10.51,10,0.00,4.17,4.18,4.16,4.16,4.16,4.15,4.20,4.19,33.45,7.3,28,26,0.0,-472,-158,115,0,0,667,532,0,0,-1,0,0,-1,-1,-1,-1,-1,-1,0,0,
2026-03-25,18:15:44.800,7.52,99,100,100,-0.203,-1.94,67,0,8.08,-0.417,1.077,-0.76,65,0,171.70,-12.38,10,0.00,4.17,4.18,4.16,4.16,4.16,4.15,4.14,4.13,33.45,7.4,28,26,0.0,-605,-123,140,0,0,667,532,0,0,-1,0,0,-1,-1,-1,-1,-1,-1,0,0,
2026-03-25,18:15:45.060,7.53,99,100,100,-0.186,-2.22,67,0,8.07,-0.428,0.968,-0.54,66,0,171.43,-13.74,10,0.00,4.11,4.13,4.16,4.16,4.16,4.15,4.14,4.13,33.45,7.4,28,26,0.0,-621,-101,150,0,0,666,532,0,0,-1,0,0,-1,-1,-1,-1,-1,-1,0,0,
2026-03-25,18:15:45.320,7.53,99,100,100,-0.144,-2.42,68,0,8.07,-0.437,0.919,-0.60,65,0,170.77,-15.21,10,0.00,4.11,4.13,4.16,4.16,4.16,4.15,4.14,4.13,33.26,8.8,28,26,13.9,-679,-100,192,0,0,667,532,0,0,-1,0,0,-1,-1,-1,-1,-1,-1,0,0,
2026-03-25,18:15:45.580,7.53,100,100,100,-0.190,-2.57,71,0,8.07,-0.452,0.872,-0.57,70,0,170.42,-16.09,10,0.00,4.11,4.13,4.11,4.11,4.16,4.15,4.14,4.13,33.26,8.8,28,26,13.9,-664,-143,194,0,0,667,532,0,0,-1,0,0,-1,-1,-1,-1,-1,-1,0,0,
2026-03-25,18:15:45.850,7.53,100,100,100,-0.127,-2.66,74,0,8.07,-0.473,0.876,-0.41,73,0,170.07,-16.98,10,0.00,4.11,4.13,4.11,4.11,4.10,4.09,4.14,4.13,33.11,9.1,28,26,12.6,-555,-107,196,0,0,667,532,0,0,-1,0,0,-1,-1,-1,-1,-1,-1,0,0,
2026-03-25,18:15:46.110,7.53,100,100,100,-0.106,-2.72,75,0,8.07,-0.413,0.964,-0.33,74,0,169.90,-17.55,10,0.00,4.11,4.13,4.11,4.11,4.10,4.09,4.09,4.09,33.11,9.1,28,26,15.4,-503,-133,271,0,0,667,532,0,0,-1,0,0,-1,-1,-1,-1,-1,-1,0,0,
2026-03-25,18:15:46.370,7.53,100,100,100,-0.173,-2.86,76,0,8.07,-0.451,0.808,-0.36,74,0,169.93,-18.92,10,0.00,4.06,4.08,4.11,4.11,4.10,4.09,4.09,4.09,32.91,9.3,28,26,20.7,-470,-183,307,0,0,667,532,0,0,-1,0,0,-1,-1,-1,-1,-1,-1,0,0,
2026-03-25,18:15:46.630,7.52,100,100,100,-0.146,-3.03,77,0,8.07,-0.507,1.206,-0.44,71,0,170.15,-19.89,10,0.00,4.06,4.08,4.06,4.07,4.10,4.09,4.09,4.09,32.91,9.3,28,26,23.1,-446,-209,378,0,0,667,532,0,0,-1,0,0,-1,-1,-1,-1,-1,-1,0,0,
2026-03-25,18:15:46.900,7.53,100,100,100,-0.115,-3.33,77,0,8.07,-0.490,0.931,-0.81,73,0,169.75,-20.25,10,0.00,4.06,4.08,4.06,4.07,4.05,4.04,4.09,4.09,32.70,12.1,28,26,28.7,-433,-228,401,0,0,667,532,0,0,-1,0,0,-1,-1,-1,-1,-1,-1,0,0,
2026-03-25,18:15:47.160,7.53,100,100,100,-0.179,-3.74,79,0,8.07,-0.489,0.853,-1.11,75,0,169.15,-22.18,10,0.00,4.06,4.08,4.06,4.07,4.05,4.04,4.04,4.04,32.70,12.1,28,26,34.3,-408,-248,401,0,0,667,532,0,0,-1,0,0,-1,-1,-1,-1,-1,-1,0,0,
2026-03-25,18:15:47.440,7.53,100,100,100,-0.191,-3.98,81,0,8.07,-0.476,0.795,-1.11,79,0,168.94,-23.15,10,0.00,4.00,4.03,4.06,4.07,4.05,4.04,4.04,4.04,32.52,15.3,28,26,38.2,-363,-231,401,0,0,667,533,0,0,-1,0,0,-1,-1,-1,-1,-1,-1,0,0,
2026-03-25,18:15:47.720,7.53,100,100,100,-0.195,-4.23,82,0,8.07,-0.485,0.795,-0.50,75,0,169.03,-23.48,10,0.00,4.00,4.03,4.06,4.07,4.05,4.04,4.04,4.04,32.35,15.5,28,26,38.2,-319,-260,402,0,0,667,532,0,0,-1,0,0,-1,-1,-1,-1,-1,-1,0,0,
2026-03-25,18:15:47.980,7.53,99,100,100,-0.189,-4.44,81,0,8.07,-0.472,1.022,-0.60,78,0,169.07,-24.37,10,0.00,4.00,4.03,3.99,4.01,4.05,4.04,4.04,4.04,32.35,15.5,28,26,42.6,-251,-296,407,0,0,667,533,0,0,-1,0,0,-1,-1,-1,-1,-1,-1,0,0,
2026-03-25,18:15:48.240,7.53,99,100,100,-0.174,-4.69,79,0,8.07,-0.479,0.888,-0.75,75,0,168.92,-24.99,10,0.00,4.00,4.03,3.99,4.01,3.99,3.98,4.04,4.04,32.19,15.6,28,26,48.0,-200,-294,445,0,0,667,532,0,0,-1,0,0,-1,-1,-1,-1,-1,-1,0,0,
2026-03-25,18:15:48.500,7.53,99,100,100,-0.218,-4.96,77,0,8.07,-0.481,1.233,-0.85,69,0,168.84,-25.85,10,0.00,4.00,4.03,3.99,4.01,3.99,3.98,3.99,4.00,32.19,15.6,28,26,50.9,-161,-304,469,0,0,667,532,0,0,-1,0,0,-1,-1,-1,-1,-1,-1,0,0,
2026-03-25,18:15:48.760,7.53,98,100,100,-0.169,-5.15,74,0,8.07,-0.489,0.811,-0.85,66,0,168.85,-26.46,10,0.00,3.95,3.99,3.99,4.01,3.99,3.98,3.99,4.00,32.04,18.9,28,26,54.1,-153,-323,481,0,0,667,532,0,0,-1,0,0,-1,-1,-1,-1,-1,-1,0,0,
2026-03-25,18:15:49.020,7.53,96,100,100,-0.180,-5.25,72,0,8.07,-0.568,0.929,-0.50,63,0,167.75,-29.97,10,0.00,3.95,3.99,3.96,3.97,3.99,3.98,3.99,4.00,32.04,18.9,28,26,56.9,-130,-251,482,0,0,667,532,0,0,-1,0,0,-1,-1,-1,-1,-1,-1,0,0,
2026-03-25,18:15:49.290,7.53,96,100,100,-0.151,-5.29,71,0,8.07,-0.586,0.928,-0.29,63,0,166.14,-31.37,10,0.00,3.95,3.99,3.96,3.97,3.95,3.94,3.99,4.00,31.90,20.1,28,26,60.6,-40,-251,483,38,0,667,532,0,0,-1,0,0,-1,-1,-1,-1,-1,-1,0,0,
2026-03-25,18:15:49.550,7.53,96,100,100,-0.153,-5.39,69,0,8.07,-0.563,0.895,-0.33,62,0,163.38,-30.58,10,0.00,3.95,3.99,3.96,3.97,3.95,3.94,3.95,3.96,31.90,20.1,28,26,63.7,0,-227,483,85,0,667,532,0,0,-1,0,0,-1,-1,-1,-1,-1,-1,0,0,
2026-03-25,18:15:49.820,7.53,95,100,100,-0.160,-5.58,65,0,8.07,-0.538,0.952,-0.51,64,0,159.92,-29.85,10,0.00,3.95,3.99,3.96,3.97,3.95,3.94,3.95,3.96,31.79,20.3,28,26,63.7,1,-291,485,231,0,667,533,0,0,-1,0,0,-1,-1,-1,-1,-1,-1,0,0,
2026-03-25,18:15:50.080,7.53,92,100,100,-0.177,-5.60,62,0,8.07,-0.534,1.004,-0.25,62,0,159.92,-29.85,10,0.00,3.92,3.95,3.96,3.97,3.95,3.94,3.95,3.96,31.79,20.3,28,26,63.7,102,-229,485,250,0,667,532,0,0,-1,0,0,-1,-1,-1,-1,-1,-1,0,0,
2026-03-25,18:15:50.340,7.53,90,100,100,-0.183,-5.63,59,0,8.09,-0.518,1.029,-0.20,62,0,161.92,-32.45,10,0.00,3.92,3.95,3.93,3.95,3.95,3.94,3.95,3.96,31.71,20.5,28,26,70.2,133,-219,484,257,0,667,532,0,0,-1,0,0,-1,-1,-1,-1,-1,-1,0,0,
2026-03-25,18:15:50.600,7.53,94,100,100,-0.183,-5.47,59,0,8.08,-0.508,1.028,0.20,61,0,163.26,-33.24,10,0.00,3.92,3.95,3.93,3.95,3.93,3.92,3.95,3.96,31.71,20.5,28,26,73.0,65,-146,482,146,0,667,532,0,0,-1,0,0,-1,-1,-1,-1,-1,-1,0,0,
2026-03-25,18:15:50.870,7.53,96,100,100,-0.169,-5.24,57,0,8.12,-0.482,0.991,0.58,60,0,164.89,-34.38,10,0.00,3.92,3.95,3.93,3.95,3.93,3.92,3.94,3.95,31.63,20.9,28,26,74.6,54,-127,482,141,0,667,533,0,0,-1,0,0,-1,-1,-1,-1,-1,-1,0,0,
2026-03-25,18:15:51.130,7.53,96,100,100,-0.179,-4.87,57,0,8.10,-0.458,0.981,0.90,61,0,167.24,-35.07,10,0.00,3.90,3.94,3.93,3.95,3.93,3.92,3.94,3.95,31.63,20.9,28,26,76.3,64,-208,482,189,0,667,532,0,0,-1,0,0,-1,-1,-1,-1,-1,-1,0,0,
2026-03-25,18:15:51.390,7.53,95,100,100,-0.167,-4.13,56,0,8.11,-0.458,1.001,1.29,61,0,169.33,-35.32,10,0.00,3.90,3.94,3.92,3.94,3.93,3.92,3.94,3.95,31.57,20.4,28,26,78.2,72,-73,481,59,0,667,532,0,0,-1,0,0,-1,-1,-1,-1,-1,-1,0,0,
2026-03-25,18:15:51.660,7.53,94,100,100,-0.149,-3.72,53,0,8.13,-0.431,0.941,1.28,59,0,172.36,-36.30,10,0.00,3.90,3.94,3.92,3.94,3.92,3.91,3.94,3.95,31.57,20.4,28,26,78.7,44,-24,480,0,0,667,533,0,0,-1,0,0,-1,-1,-1,-1,-1,-1,0,0,
2026-03-25,18:15:51.920,7.53,89,100,100,-0.151,-3.29,51,0,8.10,-0.409,0.891,1.44,59,0,172.33,-34.83,10,0.00,3.90,3.94,3.92,3.94,3.92,3.91,3.94,3.95,31.53,20.5,28,26,80.4,36,-30,481,0,0,667,533,0,0,-1,0,0,-1,-1,-1,-1,-1,-1,0,0,
2026-03-25,18:15:52.180,7.53,86,100,100,-0.161,-2.77,47,0,8.11,-0.398,0.919,1.58,62,0,172.69,-32.78,10,0.00,3.90,3.94,3.92,3.94,3.92,3.91,3.93,3.94,31.53,20.6,28,26,80.4,27,-33,480,0,0,667,533,0,0,-1,0,0,-1,-1,-1,-1,-1,-1,0,1,
2026-03-25,18:15:52.450,7.53,84,100,100,-0.170,-2.24,48,0,8.11,-0.388,0.932,1.83,64,0,175.52,-31.75,10,0.00,3.90,3.94,3.92,3.94,3.92,3.91,3.93,3.94,31.48,20.6,28,26,82.4,26,-41,479,1,0,667,532,0,0,-1,0,0,-1,-1,-1,-1,-1,-1,0,1,
2026-03-25,18:15:52.710,7.53,90,100,100,-0.168,-1.62,51,0,8.09,-0.378,0.920,1.92,64,0,177.19,-31.17,10,0.00,3.90,3.94,3.91,3.93,3.92,3.91,3.93,3.94,31.45,20.4,28,26,83.9,28,-38,478,0,0,667,532,0,0,-1,0,0,-1,-1,-1,-1,-1,-1,0,1,
2026-03-25,18:15:52.970,7.53,95,100,100,-0.145,-0.96,54,0,8.08,-0.370,0.919,2.17,64,0,179.13,-30.11,10,0.00,3.90,3.94,3.91,3.93,3.92,3.90,3.93,3.94,31.45,20.4,28,26,84.6,-1,-37,478,-8,0,667,533,0,0,-1,0,0,-1,-1,-1,-1,-1,-1,0,1,
2026-03-25,18:15:53.240,7.53,97,100,100,-0.144,-0.33,56,0,8.07,-0.364,0.901,2.23,66,0,179.13,-30.11,10,0.00,3.90,3.94,3.91,3.93,3.92,3.90,3.92,3.94,31.43,20.6,28,26,85.0,-41,-100,474,0,0,667,533,0,0,-1,0,0,-1,-1,-1,-1,-1,-1,0,1,
2026-03-25,18:15:53.500,7.53,97,100,100,-0.148,0.24,57,0,8.07,-0.367,0.959,2.06,65,0,178.31,-28.51,10,0.00,3.89,3.93,3.91,3.93,3.92,3.90,3.92,3.94,31.43,20.6,28,26,85.6,0,-149,476,24,0,667,533,0,0,-1,0,0,-1,-1,-1,-1,-1,-1,0,1,
2026-03-25,18:15:53.770,7.52,96,100,100,-0.156,0.86,58,0,8.07,-0.393,1.080,2.11,64,0,178.26,-28.61,10,0.00,3.89,3.93,3.91,3.93,3.92,3.90,3.92,3.94,31.41,20.7,28,26,86.5,34,-215,476,153,0,667,532,0,0,-1,0,0,-1,-1,-1,-1,-1,-1,0,1,
2026-03-25,18:15:54.030,7.52,95,100,100,-0.171,1.48,58,0,8.07,-0.391,1.123,2.14,64,0,-56.27,-30.36,10,0.00,3.89,3.93,3.91,3.93,3.91,3.90,3.92,3.94,31.41,20.7,28,26,87.4,101,-265,477,228,0,667,533,0,0,-1,0,0,-1,-1,-1,-1,-1,-1,0,1,
2026-03-25,18:15:54.290,7.53,94,100,100,-0.169,2.13,57,0,8.07,-0.415,1.197,2.18,61,0,-175.52,-33.72,10,0.00,3.89,3.93,3.91,3.93,3.91,3.90,3.92,3.94,31.38,20.5,28,26,87.4,110,-288,477,207,0,667,533,0,0,-1,0,0,-1,-1,-1,-1,-1,-1,0,1,
2026-03-25,18:15:54.550,7.53,92,100,100,-0.171,2.13,56,0,8.07,-0.413,1.195,2.39,61,0,-173.04,-35.14,10,0.00,3.89,3.93,3.91,3.93,3.91,3.90,3.92,3.93,31.38,20.5,28,26,87.2,112,-291,477,200,0,667,532,0,0,-1,0,0,-1,-1,-1,-1,-1,-1,0,1,
2026-03-25,18:15:54.810,7.53,92,100,100,-0.177,4.67,54,0,8.07,-0.418,1.206,3.07,59,0,-167.34,-37.85,10,0.00,3.89,3.93,3.91,3.93,3.91,3.90,3.92,3.93,31.38,21.1,28,26,87.0,105,-283,477,159,0,667,532,0,0,-1,0,0,-1,-1,-1,-1,-1,-1,0,1,
2026-03-25,18:15:55.070,7.53,91,100,100,-0.177,5.68,51,0,8.09,-0.418,1.216,3.23,59,0,-167.34,-37.85,10,0.00,3.89,3.93,3.90,3.92,3.91,3.90,3.92,3.93,31.38,21.1,28,26,85.6,104,-338,478,66,0,667,532,0,0,-1,0,0,-1,-1,-1,-1,-1,-1,0,1,
2026-03-25,18:15:55.330,7.53,86,100,100,-0.191,6.75,46,0,8.08,-0.436,1.233,3.53,59,0,-155.45,-41.19,10,0.00,3.89,3.93,3.90,3.92,3.91,3.90,3.92,3.93,31.36,20.7,28,26,84.1,87,-378,478,21,0,667,532,0,0,-1,0,0,-1,-1,-1,-1,-1,-1,0,1,
2026-03-25,18:15:55.590,7.53,80,100,100,-0.192,8.05,42,0,8.07,-0.466,1.266,4.06,60,0,-151.40,-42.23,10,0.00,3.89,3.93,3.90,3.92,3.91,3.90,3.91,3.93,31.36,20.7,28,26,84.1,84,-391,478,0,0,667,532,0,0,-1,0,0,-1,-1,-1,-1,-1,-1,0,1,
2026-03-25,18:15:55.860,7.53,71,100,100,-0.192,9.40,40,0,8.07,-0.476,1.285,4.41,61,0,-147.51,-43.03,10,0.00,3.88,3.92,3.90,3.92,3.91,3.90,3.91,3.93,31.34,20.0,28,26,81.5,82,-405,478,0,0,667,533,0,0,-1,0,0,-1,-1,-1,-1,-1,-1,0,1,
2026-03-25,18:15:56.130,7.53,65,100,100,-0.189,10.83,36,0,8.07,-0.483,1.271,4.78,62,0,-137.99,-43.53,10,0.00,3.88,3.92,3.90,3.92,3.91,3.90,3.91,3.93,31.34,20.0,28,26,80.0,45,-408,477,-8,0,667,532,0,0,-1,0,0,-1,-1,-1,-1,-1,-1,0,1,
2026-03-25,18:15:56.400,7.53,71,100,100,-0.187,12.17,37,0,8.07,-0.479,1.236,4.75,62,0,-134.27,-43.27,10,0.00,3.88,3.92,3.90,3.92,3.91,3.90,3.91,3.93,31.30,20.8,28,26,80.0,32,-403,477,-52,0,667,532,0,0,-1,0,0,-1,-1,-1,-1,-1,-1,0,1,
2026-03-25,18:15:56.670,7.53,84,100,100,-0.179,13.66,41,0,8.07,-0.475,1.195,4.89,58,0,-130.47,-42.85,10,0.00,3.88,3.92,3.90,3.92,3.90,3.89,3.91,3.93,31.30,20.8,28,26,78.7,0,-421,477,-90,0,667,532,0,0,-1,0,0,-1,-1,-1,-1,-1,-1,0,1,
2026-03-25,18:15:56.940,7.53,93,100,100,-0.168,15.07,42,0,8.07,-0.499,1.249,5.01,56,0,-124.96,-41.56,10,0.00,3.88,3.92,3.90,3.92,3.90,3.89,3.91,3.92,31.28,21.0,28,26,78.7,0,-446,476,-118,0,667,532,0,0,-1,0,0,-1,-1,-1,-1,-1,-1,0,1,
2026-03-25,18:15:57.200,7.53,94,100,100,-0.174,16.37,42,0,8.07,-0.520,1.296,4.70,55,0,-125.21,-39.74,10,0.00,3.87,3.92,3.90,3.92,3.90,3.89,3.91,3.92,31.25,20.4,28,26,76.7,0,-447,475,-118,0,667,532,0,0,-1,0,0,-1,-1,-1,-1,-1,-1,0,1,
2026-03-25,18:15:57.470,7.53,93,100,100,-0.171,17.65,43,0,8.07,-0.496,1.233,4.57,54,0,-125.09,-38.66,10,0.00,3.87,3.92,3.90,3.92,3.90,3.89,3.91,3.92,31.25,20.4,28,26,76.7,0,-435,474,-85,0,667,533,0,0,-1,0,0,-1,-1,-1,-1,-1,-1,0,1,
2026-03-25,18:15:57.740,7.53,94,100,100,-0.175,18.91,42,0,8.07,-0.517,1.233,4.41,54,0,-123.90,-36.70,10,0.00,3.87,3.92,3.90,3.92,3.89,3.88,3.91,3.92,31.23,20.4,28,26,74.6,0,-430,474,-80,0,667,532,0,0,-1,0,0,-1,-1,-1,-1,-1,-1,0,1,
2026-03-25,18:15:58.010,7.53,96,100,100,-0.169,20.09,43,0,8.07,-0.519,1.208,4.28,53,0,-123.50,-34.40,10,0.00,3.87,3.92,3.90,3.92,3.89,3.88,3.90,3.92,31.23,20.4,28,26,73.5,0,-428,474,-98,0,667,533,0,0,-1,0,0,-1,-1,-1,-1,-1,-1,0,1,
2026-03-25,18:15:58.280,7.53,95,100,100,-0.170,21.25,45,0,8.07,-0.517,1.211,4.04,49,0,-124.13,-32.07,10,0.00,3.86,3.91,3.90,3.92,3.89,3.88,3.90,3.92,31.21,20.5,28,26,73.7,0,-419,473,-97,0,667,532,0,0,-1,0,0,-1,-1,-1,-1,-1,-1,0,1,
2026-03-25,18:15:58.540,7.53,98,100,100,-0.172,23.34,47,0,8.07,-0.514,1.202,3.65,50,0,-124.70,-30.94,10,0.00,3.86,3.91,3.88,3.90,3.89,3.88,3.90,3.92,31.21,20.5,28,26,73.7,0,-332,443,-128,0,667,533,0,0,-1,0,0,-1,-1,-1,-1,-1,-1,0,1,
2026-03-25,18:15:58.800,7.53,97,100,100,-0.159,24.29,47,0,8.13,-0.467,1.120,3.65,49,0,-126.49,-28.51,10,0.00,3.86,3.91,3.88,3.90,3.89,3.88,3.90,3.92,31.21,20.0,28,26,73.7,0,-270,375,-146,0,667,532,0,0,-1,0,0,-1,-1,-1,-1,-1,-1,0,1,
2026-03-25,18:15:59.060,7.53,95,100,100,-0.148,25.14,44,0,8.10,-0.419,1.027,3.65,47,0,-127.89,-26.87,10,0.00,3.86,3.91,3.88,3.90,3.89,3.88,3.90,3.92,31.21,20.0,28,26,73.7,0,-322,287,-158,0,667,533,0,0,-1,0,0,-1,-1,-1,-1,-1,-1,0,1,
2026-03-25,18:15:59.320,7.53,88,100,100,-0.122,25.14,42,0,8.08,-0.355,1.001,3.02,47,0,-132.18,-23.87,10,0.00,3.86,3.91,3.88,3.90,3.89,3.88,3.90,3.92,31.30,20.0,28,26,73.7,0,-273,198,-196,0,667,533,0,0,-1,0,0,-1,-1,-1,-1,-1,-1,0,1,
2026-03-25,18:15:59.580,7.53,83,100,100,-0.124,26.90,40,0,8.12,-0.279,0.980,3.06,46,0,-143.55,-21.84,10,0.00,3.86,3.91,3.88,3.90,3.89,3.88,3.90,3.92,31.30,20.0,28,26,73.2,0,-200,115,-207,0,667,532,0,0,-1,0,0,-1,-1,-1,-1,-1,-1,0,1,
2026-03-25,18:15:59.840,7.53,83,100,100,-0.124,27.84,40,0,8.13,-0.255,0.967,3.21,47,0,-149.32,-20.52,10,0.00,3.86,3.91,3.92,3.94,3.89,3.88,3.90,3.92,31.45,11.6,28,26,73.0,0,-172,100,-314,0,667,533,0,0,-1,0,0,-1,-1,-1,-1,-1,-1,0,1,
2026-03-25,18:16:00.100,7.53,84,100,100,-0.124,28.62,39,0,8.15,-0.220,0.870,2.97,47,0,-159.55,-16.75,10,0.00,3.86,3.91,3.92,3.94,3.95,3.94,3.90,3.92,31.45,11.6,28,26,73.0,0,-137,101,-404,0,667,533,0,0,-1,0,0,-1,-1,-1,-1,-1,-1,0,1,
2026-03-25,18:16:00.370,7.53,87,100,100,-0.127,29.24,40,0,8.16,-0.210,0.827,2.56,47,0,-163.91,-15.11,10,0.00,3.86,3.91,3.92,3.94,3.95,3.94,3.97,3.98,31.58,10.4,28,26,72.4,-20,-153,102,-371,0,667,533,0,0,-1,0,0,-1,-1,-1,-1,-1,-1,0,1,
2026-03-25,18:16:00.640,7.53,91,100,100,-0.128,29.55,40,0,8.12,-0.205,0.834,1.68,43,0,-168.59,-12.58,10,0.00,3.96,3.99,3.92,3.94,3.95,3.94,3.97,3.98,31.58,10.4,28,26,73.5,-51,-180,102,-353,0,667,532,0,0,-1,0,0,-1,-1,-1,-1,-1,-1,0,1,
2026-03-25,18:16:00.900,7.53,96,100,100,-0.131,29.84,41,0,8.10,-0.208,0.902,1.21,46,0,-170.31,-12.11,10,0.00,3.96,3.99,3.92,3.94,3.95,3.94,3.97,3.98,31.68,10.4,28,26,73.5,-118,-174,102,-413,0,667,533,0,0,-1,0,0,-1,-1,-1,-1,-1,-1,0,1,
2026-03-25,18:16:01.170,7.53,97,100,100,-0.131,29.86,42,0,8.08,-0.208,0.863,0.75,45,0,-175.54,-11.51,10,0.00,3.96,3.99,3.98,3.99,3.95,3.94,3.97,3.98,31.68,10.3,28,26,73.7,-166,-157,102,-493,0,666,533,0,0,-1,0,0,-1,-1,-1,-1,-1,-1,0,1,
2026-03-25,18:16:01.450,7.52,97,100,100,-0.140,29.72,42,0,8.07,-0.214,0.942,-0.21,48,0,173.73,-10.59,10,0.00,3.96,3.99,3.98,3.99,3.98,3.98,3.97,3.98,31.77,10.3,28,26,74.8,-175,-156,102,-486,0,667,533,0,0,-1,0,0,-1,-1,-1,-1,-1,-1,0,1,
2026-03-25,18:16:01.720,7.52,97,100,100,-0.132,29.35,42,0,8.10,-0.207,0.896,-0.81,46,0,172.43,-9.55,10,0.00,3.96,3.99,3.98,3.99,3.98,3.98,4.00,4.00,31.77,10.4,28,26,75.6,-167,-202,195,-377,0,667,532,0,0,-1,0,0,-1,-1,-1,-1,-1,-1,0,0,
2026-03-25,18:16:01.980,7.53,96,100,100,-0.163,29.01,43,0,8.08,-0.273,0.989,-1.08,47,0,164.39,-8.40,10,0.00,3.96,3.99,3.98,3.99,3.98,3.98,4.00,4.00,31.77,10.4,28,26,76.7,-149,-314,264,-131,0,667,532,0,0,-1,0,0,-1,-1,-1,-1,-1,-1,0,0,
2026-03-25,18:16:02.250,7.53,96,100,100,-0.186,28.34,43,0,8.07,-0.354,1.022,-1.69,48,0,162.73,-8.88,10,0.00,3.96,3.99,3.98,4.00,3.98,3.98,4.00,4.00,31.75,11.4,28,26,79.3,-96,-338,301,0,0,667,532,0,0,-1,0,0,-1,-1,-1,-1,-1,-1,0,0,
2026-03-25,18:16:02.520,7.53,93,100,100,-0.181,27.51,44,0,8.09,-0.373,1.239,-2.47,47,0,161.95,-12.19,10,0.00,3.96,3.99,3.98,4.00,3.98,3.97,4.00,4.00,31.75,11.4,28,26,80.9,-59,-314,296,-92,0,667,532,0,0,-1,0,0,-1,-1,-1,-1,-1,-1,0,0,
2026-03-25,18:16:02.780,7.53,94,100,100,-0.158,26.68,44,0,8.10,-0.353,1.187,-2.74,45,0,157.97,-13.33,10,0.00,3.96,3.99,3.98,4.00,3.98,3.97,3.98,3.99,31.75,13.5,28,26,81.7,-24,-184,290,-206,0,667,532,0,0,-1,0,0,-1,-1,-1,-1,-1,-1,0,0,
2026-03-25,18:16:03.060,7.53,93,100,100,-0.158,26.19,43,0,8.10,-0.329,1.116,-2.28,43,0,153.45,-12.62,10,0.00,3.94,3.97,3.98,4.00,3.98,3.97,3.98,3.99,31.75,13.5,28,26,82.0,0,-264,289,-32,0,667,533,0,0,-1,0,0,-1,-1,-1,-1,-1,-1,0,0,
2026-03-25,18:16:03.330,7.52,97,100,100,-0.181,26.08,45,0,8.09,-0.323,1.123,-1.20,47,0,148.12,-12.40,10,0.00,3.94,3.97,3.95,3.97,3.98,3.97,3.98,3.99,31.75,13.0,28,26,82.4,0,-313,287,53,0,667,532,0,0,-1,0,0,-1,-1,-1,-1,-1,-1,0,0,
2026-03-25,18:16:03.590,7.52,96,98,98,-0.188,26.08,45,0,8.08,-0.333,1.173,-0.29,46,0,151.57,-15.53,10,0.00,3.94,3.97,3.95,3.97,3.98,3.97,3.98,3.99,31.75,13.0,28,26,82.4,39,-163,286,133,0,667,533,0,0,-1,0,0,-1,-1,-1,-1,-1,-1,0,0,
2026-03-25,18:16:03.860,7.53,98,98,98,-0.175,26.62,46,0,8.07,-0.311,1.075,0.70,49,0,151.57,-15.53,10,0.00,3.94,3.97,3.95,3.97,3.96,3.95,3.98,3.99,31.75,12.9,28,26,82.6,48,-73,195,113,0,667,533,0,0,-1,0,0,-1,-1,-1,-1,-1,-1,0,0,
2026-03-25,18:16:04.120,7.53,98,98,98,-0.120,27.15,46,0,8.07,-0.214,0.885,1.32,54,0,160.38,-16.15,10,0.00,3.94,3.97,3.95,3.97,3.96,3.95,3.97,3.98,31.75,12.9,28,26,82.6,53,-56,194,0,0,667,532,0,0,-1,0,0,-1,-1,-1,-1,-1,-1,0,0,
2026-03-25,18:16:04.380,7.53,98,98,98,-0.112,27.70,47,0,8.09,-0.215,0.851,1.76,58,0,161.96,-15.76,10,0.00,3.94,3.98,3.95,3.97,3.96,3.95,3.97,3.98,31.79,12.2,28,26,82.6,56,-36,194,0,0,667,532,0,0,-1,0,0,-1,-1,-1,-1,-1,-1,0,0,
2026-03-25,18:16:04.650,7.53,97,98,98,-0.124,28.15,49,0,8.08,-0.217,0.860,1.64,60,0,161.96,-14.73,10,0.00,3.94,3.98,3.96,3.98,3.96,3.95,3.97,3.98,31.79,12.2,28,26,80.7,64,-118,194,35,0,667,532,0,0,-1,0,0,-1,-1,-1,-1,-1,-1,0,0,
2026-03-25,18:16:04.910,7.53,97,98,98,-0.157,28.55,49,0,8.07,-0.219,0.886,1.54,61,0,165.87,-14.57,10,0.00,3.94,3.98,3.96,3.98,3.96,3.95,3.97,3.98,31.82,11.5,28,26,80.7,72,-121,194,83,0,667,533,0,0,-1,0,0,-1,-1,-1,-1,-1,-1,0,0,
2026-03-25,18:16:05.180,7.53,97,98,98,-0.156,29.00,50,0,8.09,-0.237,0.939,1.50,61,0,169.21,-15.50,10,0.00,3.94,3.98,3.96,3.98,3.96,3.95,3.98,4.00,31.82,11.4,28,26,80.4,77,-121,193,17,0,667,533,0,0,-1,0,0,-1,-1,-1,-1,-1,-1,0,0,
2026-03-25,18:16:05.450,7.53,99,99,98,-0.131,29.35,51,0,8.08,-0.234,0.902,1.41,62,0,176.11,-16.37,10,0.00,3.96,3.99,3.96,3.98,3.96,3.95,3.98,4.00,31.85,11.4,28,26,79.5,53,-161,182,-5,0,667,533,0,0,-1,0,0,-1,-1,-1,-1,-1,-1,0,0,
2026-03-25,18:16:05.720,7.53,99,99,98,-0.127,29.58,51,0,8.09,-0.225,0.958,1.02,62,0,176.85,-16.42,10,0.00,3.96,3.99,3.96,3.98,3.96,3.95,3.98,4.00,31.87,11.4,28,26,80.0,25,-82,168,-77,0,667,533,0,0,-1,0,0,-1,-1,-1,-1,-1,-1,0,0,
2026-03-25,18:16:05.980,7.53,100,100,98,-0.120,29.86,51,0,8.10,-0.214,0.905,0.96,61,0,175.44,-15.76,10,0.00,3.96,3.99,3.98,3.99,3.96,3.95,3.98,4.00,31.87,11.4,28,26,80.0,0,-187,169,-18,0,667,533,0,0,-1,0,0,-1,-1,-1,-1,-1,-1,0,0,
2026-03-25,18:16:06.250,7.53,100,100,98,-0.127,30.10,52,0,8.11,-0.229,0.945,0.96,61,0,174.65,-15.23,10,0.00,3.96,3.99,3.98,3.99,3.98,3.97,3.98,4.00,31.90,11.3,28,26,80.2,0,-148,169,0,0,667,533,0,0,-1,0,0,-1,-1,-1,-1,-1,-1,0,0,
2026-03-25,18:16:06.510,7.53,100,100,98,-0.122,30.40,52,0,8.10,-0.233,0.959,0.74,61,0,174.88,-15.67,10,0.00,3.96,3.99,3.98,3.99,3.98,3.97,3.99,4.00,31.90,11.3,28,26,80.0,0,-141,195,-25,0,667,533,0,0,-1,0,0,-1,-1,-1,-1,-1,-1,1,0,
2026-03-25,18:16:06.770,7.53,100,100,98,-0.135,30.45,52,0,8.13,-0.251,0.983,0.34,59,0,174.82,-15.94,10,0.00,3.96,4.00,3.98,3.99,3.98,3.97,3.99,4.00,31.91,11.3,28,26,80.2,0,-99,193,0,0,667,532,0,0,-1,0,0,-1,-1,-1,-1,-1,-1,1,0,
2026-03-25,18:16:07.040,7.53,100,100,98,-0.127,30.59,52,0,8.15,-0.242,0.949,0.29,59,0,174.82,-15.94,10,0.00,3.96,4.00,3.98,4.00,3.98,3.97,3.99,4.00,31.91,11.3,28,26,80.4,0,-130,193,-75,0,666,533,0,0,-1,0,0,-1,-1,-1,-1,-1,-1,1,0,
2026-03-25,18:16:07.310,7.53,100,100,98,-0.125,30.65,53,0,8.13,-0.228,0.935,0.37,59,0,175.69,-15.25,10,0.00,3.96,4.00,3.98,4.00,3.98,3.98,3.99,4.00,31.92,11.5,28,26,80.9,-53,-52,193,-267,0,667,533,0,0,-1,0,0,-1,-1,-1,-1,-1,-1,0,0,
2026-03-25,18:16:07.580,7.53,100,100,100,-0.123,30.73,53,0,8.10,-0.221,0.876,0.25,58,0,174.16,-14.64,10,0.00,3.96,4.00,3.98,4.00,3.98,3.98,3.99,4.00,31.92,11.5,28,26,80.9,-100,-72,193,-381,0,667,532,0,0,-1,0,0,-1,-1,-1,-1,-1,-1,0,0,
2026-03-25,18:16:07.840,7.53,99,100,100,-0.140,30.84,52,0,8.08,-0.212,0.890,0.35,58,0,169.10,-12.69,10,0.00,3.97,3.99,3.98,4.00,3.98,3.98,3.99,4.00,31.93,11.6,28,26,81.7,-125,-73,193,-390,0,666,533,0,0,-1,0,0,-1,-1,-1,-1,-1,-1,0,0,
2026-03-25,18:16:08.100,7.53,99,100,100,-0.152,30.89,52,0,8.10,-0.216,0.923,0.25,58,0,164.92,-11.73,10,0.00,3.97,3.99,3.98,4.00,3.98,3.98,3.99,4.00,31.93,11.6,28,26,81.7,-85,-158,192,0,0,667,533,0,0,-1,0,0,-1,-1,-1,-1,-1,-1,0,0,
2026-03-25,18:16:08.370,7.53,99,100,100,-0.159,30.98,51,0,8.08,-0.228,0.938,0.28,59,0,165.68,-11.96,10,0.00,3.97,3.99,3.98,3.99,3.98,3.98,3.99,4.00,31.93,11.5,28,26,81.7,0,-196,194,13,0,667,532,0,0,-1,0,0,-1,-1,-1,-1,-1,-1,0,0,
2026-03-25,18:16:08.630,7.53,100,100,100,-0.114,30.95,49,0,8.07,-0.235,0.945,0.11,59,0,170.25,-13.60,10,0.00,3.97,3.99,3.98,3.99,3.98,3.98,3.99,4.00,31.93,11.5,28,26,81.7,0,-241,195,0,0,667,533,0,0,-1,0,0,-1,-1,-1,-1,-1,-1,0,0,
2026-03-25,18:16:08.890,7.53,96,100,100,-0.136,30.82,48,0,8.07,-0.265,1.042,-0.19,61,0,169.27,-13.96,10,0.00,3.97,3.99,3.98,3.99,3.98,3.98,3.99,4.00,31.94,11.5,28,26,81.9,0,-211,193,0,0,666,532,0,0,-1,0,0,-1,-1,-1,-1,-1,-1,0,0,
2026-03-25,18:16:09.150,7.53,93,100,100,-0.140,30.60,47,0,8.09,-0.263,1.074,-0.59,61,0,164.00,-14.19,10,0.00,3.97,3.99,3.98,3.99,3.98,3.98,3.99,4.00,31.94,11.5,28,26,82.6,28,-182,194,53,0,667,532,0,0,-1,0,0,-1,-1,-1,-1,-1,-1,0,0,
2026-03-25,18:16:09.430,7.53,91,100,100,-0.157,30.68,46,0,8.08,-0.242,1.041,-0.33,61,0,163.78,-14.80,10,0.00,3.97,3.99,3.98,3.99,3.98,3.98,3.99,4.00,31.94,11.5,28,26,83.2,73,-202,193,135,0,667,532,0,0,-1,0,0,-1,-1,-1,-1,-1,-1,0,0,
2026-03-25,18:16:09.700,7.53,94,100,100,-0.158,30.68,45,0,8.07,-0.233,0.988,0.12,60,0,167.19,-15.55,10,0.00,3.97,3.99,3.98,3.99,3.98,3.98,3.99,4.00,31.94,11.5,28,26,82.8,83,-226,192,100,0,667,532,0,0,-1,0,0,-1,-1,-1,-1,-1,-1,0,0,
2026-03-25,18:16:09.960,7.53,96,100,100,-0.150,30.87,44,0,8.07,-0.255,1.066,0.30,60,0,174.02,-17.69,10,0.00,3.97,3.99,3.98,3.99,3.98,3.98,3.99,4.00,31.95,11.5,28,27,82.0,67,-180,193,0,0,667,533,0,0,-1,0,0,-1,-1,-1,-1,-1,-1,0,0,
2026-03-25,18:16:10.230,7.53,96,100,100,-0.138,31.10,44,0,8.07,-0.247,1.006,0.58,58,0,175.20,-18.06,10,0.00,3.97,3.99,3.98,3.99,3.98,3.98,3.99,4.00,31.94,11.5,28,27,82.0,59,-88,195,0,0,667,532,0,0,-1,0,0,-1,-1,-1,-1,-1,-1,0,0,
2026-03-25,18:16:10.490,7.53,94,100,100,-0.136,31.22,44,0,8.13,-0.234,0.956,0.52,58,0,174.83,-17.50,10,0.00,3.97,3.99,3.98,3.99,3.98,3.98,3.99,4.00,31.94,11.5,28,27,81.7,39,10,194,0,0,667,533,0,0,-1,0,0,-1,-1,-1,-1,-1,-1,0,0,
2026-03-25,18:16:10.750,7.53,91,100,100,-0.122,31.45,43,0,8.15,-0.211,0.845,0.65,57,0,177.07,-15.84,10,0.00,3.97,3.99,3.98,3.99,3.98,3.98,3.99,4.00,31.94,11.7,28,27,81.5,17,14,194,0,0,667,532,0,0,-1,0,0,-1,-1,-1,-1,-1,-1,0,0,
2026-03-25,18:16:11.010,7.53,92,100,100,-0.118,31.62,42,0,8.13,-0.192,0.770,0.65,56,0,178.95,-15.18,10,0.00,3.97,3.99,3.98,3.99,3.98,3.98,3.99,4.00,31.94,11.7,28,27,80.7,18,-57,193,32,0,667,533,0,0,-1,0,0,-1,-1,-1,-1,-1,-1,0,0,
2026-03-25,18:16:11.270,7.53,94,100,100,-0.124,31.73,41,0,8.10,-0.216,0.881,0.48,56,0,-178.25,-14.65,10,0.00,3.97,3.99,3.98,3.99,3.98,3.98,3.99,4.00,31.94,11.5,28,27,81.7,19,-127,193,0,0,667,533,0,0,-1,0,0,-1,-1,-1,-1,-1,-1,0,0,
2026-03-25,18:16:11.540,7.53,94,100,100,-0.117,31.78,40,0,8.08,-0.223,0.886,0.35,56,0,-177.92,-14.58,10,0.00,3.97,3.99,3.98,3.99,3.98,3.98,3.99,4.00,31.94,11.5,28,27,81.7,21,-179,192,0,0,666,532,0,0,-1,0,0,-1,-1,-1,-1,-1,-1,0,0,
2026-03-25,18:16:11.810,7.53,91,100,100,-0.134,31.82,40,0,8.08,-0.234,0.997,0.20,55,0,-178.90,-14.69,10,0.00,3.97,3.99,3.98,3.99,3.98,3.98,3.99,4.00,31.95,12.0,28,27,82.6,19,-265,192,0,0,667,533,0,0,-1,0,0,-1,-1,-1,-1,-1,-1,0,0,
2026-03-25,18:16:12.080,7.53,86,100,100,-0.145,31.69,41,0,8.07,-0.243,1.079,-0.14,55,0,-179.45,-15.01,10,0.00,3.97,3.99,3.98,3.99,3.98,3.97,3.99,4.00,31.95,12.0,28,27,83.7,0,-292,185,0,0,667,533,0,0,-1,0,0,-1,-1,-1,-1,-1,-1,0,0,
2026-03-25,18:16:12.340,7.53,87,100,100,-0.148,31.64,41,0,8.07,-0.237,1.079,-0.17,54,0,-179.58,-16.84,10,0.00,3.97,3.99,3.98,3.99,3.98,3.97,3.99,4.00,31.96,12.3,28,27,83.7,6,-308,164,0,0,667,532,0,0,-1,0,0,-1,-1,-1,-1,-1,-1,0,0,
2026-03-25,18:16:12.600,7.53,87,100,100,-0.134,31.60,41,0,8.07,-0.230,1.155,-0.21,53,0,-179.06,-18.91,10,0.00,3.97,3.99,3.98,3.99,3.98,3.97,3.99,4.00,31.96,12.3,28,27,83.7,18,-309,131,0,0,667,533,0,0,-1,0,0,-1,-1,-1,-1,-1,-1,0,0,
2026-03-25,18:16:12.860,7.53,92,100,100,-0.132,31.69,41,0,8.07,-0.214,1.093,0.15,51,0,-179.28,-19.52,10,0.00,3.97,4.00,3.98,3.99,3.98,3.97,3.99,4.00,31.99,11.5,28,27,84.1,23,-336,131,0,0,667,533,0,0,-1,0,0,-1,-1,-1,-1,-1,-1,0,0,
2026-03-25,18:16:13.120,7.53,94,100,100,-0.139,31.71,43,0,8.07,-0.222,1.142,0.07,51,0,166.92,-20.75,10,0.00,3.97,4.00,3.99,4.00,3.98,3.97,3.99,4.00,31.99,11.5,28,27,83.2,26,-357,131,0,0,667,532,0,0,-1,0,0,-1,-1,-1,-1,-1,-1,0,0,
2026-03-25,18:16:13.380,7.53,97,100,100,-0.145,31.69,44,0,8.07,-0.237,1.144,0.03,49,0,179.13,-21.72,10,0.00,3.97,4.00,3.99,4.00,3.99,3.99,3.99,4.00,32.02,11.0,28,27,83.2,21,-346,130,41,0,667,533,0,0,-1,0,0,-1,-1,-1,-1,-1,-1,0,0,
2026-03-25,18:16:13.640,7.53,97,100,100,-0.149,31.79,44,0,8.07,-0.247,1.159,0.08,45,0,95.47,-24.16,10,0.00,3.97,4.00,3.99,4.00,3.99,3.99,4.00,4.01,32.02,11.0,28,27,81.7,31,-350,130,70,0,667,532,0,0,-1,0,0,-1,-1,-1,-1,-1,-1,0,0,
2026-03-25,18:16:13.900,7.53,97,100,100,-0.156,31.79,45,0,8.07,-0.249,1.154,0.08,44,0,-176.98,-25.49,10,0.00,3.98,4.01,3.99,4.00,3.99,3.99,4.00,4.01,32.04,10.6,28,27,80.7,49,-363,131,90,0,666,533,0,0,-1,0,0,-1,-1,-1,-1,-1,-1,0,0,
2026-03-25,18:16:14.160,7.53,98,100,100,-0.156,32.02,44,0,8.07,-0.262,1.177,0.08,45,0,-175.06,-27.93,10,0.00,3.98,4.01,4.00,4.01,3.99,3.99,4.00,4.01,32.04,10.6,28,27,80.7,50,-372,132,81,0,667,532,0,0,-1,0,0,-1,-1,-1,-1,-1,-1,0,0,
2026-03-25,18:16:14.430,7.53,98,100,100,-0.145,32.26,44,0,8.07,-0.271,1.133,0.56,46,0,-169.56,-30.20,10,0.00,3.98,4.01,4.00,4.01,3.99,3.99,4.00,4.01,32.05,10.6,28,27,78.0,46,-387,131,57,0,667,533,0,0,-1,0,0,-1,-1,-1,-1,-1,-1,0,0,
2026-03-25,18:16:14.690,7.53,98,100,100,-0.134,32.53,44,0,8.07,-0.270,1.119,0.84,48,0,-169.56,-30.20,10,0.00,3.98,4.01,4.00,4.01,4.00,3.99,4.00,4.01,32.05,10.6,28,27,78.0,35,-387,131,40,0,667,533,0,0,-1,0,0,-1,-1,-1,-1,-1,-1,0,0,
2026-03-25,18:16:14.950,7.53,98,100,100,-0.140,32.86,44,0,8.07,-0.287,1.148,0.94,45,0,-169.11,-31.81,10,0.00,3.98,4.01,4.00,4.01,4.00,3.99,4.01,4.01,32.05,10.6,28,27,77.6,35,-377,130,0,0,667,533,0,0,-1,0,0,-1,-1,-1,-1,-1,-1,0,0,
2026-03-25,18:16:15.220,7.53,96,100,100,-0.146,33.22,44,0,8.07,-0.288,1.129,1.19,41,0,-169.40,-33.17,10,0.00,3.98,4.01,4.00,4.01,4.00,3.99,4.01,4.01,32.05,10.0,28,27,76.1,38,-374,127,45,0,667,533,0,0,-1,0,0,-1,-1,-1,-1,-1,-1,0,0,
2026-03-25,18:16:15.480,7.53,96,100,100,-0.153,34.14,43,0,8.07,-0.296,1.124,1.60,41,0,-166.25,-34.12,10,0.00,3.98,4.01,3.99,4.00,4.00,3.99,4.01,4.01,32.05,10.0,28,27,75.0,33,-411,101,0,0,667,532,0,0,-1,0,0,-1,-1,-1,-1,-1,-1,0,0,
2026-03-25,18:16:15.750,7.53,97,100,100,-0.143,34.70,42,0,8.07,-0.278,1.100,1.85,43,0,-160.12,-35.67,10,0.00,3.98,4.01,3.99,4.00,3.99,3.99,4.01,4.01,32.05,10.6,28,27,74.3,37,-416,101,0,0,667,533,0,0,-1,0,0,-1,-1,-1,-1,-1,-1,0,0,
2026-03-25,18:16:16.010,7.53,98,100,100,-0.131,35.24,42,0,8.07,-0.286,1.085,1.83,44,0,-159.54,-36.07,10,0.00,3.98,4.01,3.99,4.00,3.99,3.99,4.00,4.01,32.05,10.6,28,27,73.0,36,-417,101,0,0,667,532,0,0,-1,0,0,-1,-1,-1,-1,-1,-1,0,0,
2026-03-25,18:16:16.280,7.53,97,100,100,-0.145,35.68,41,0,8.07,-0.291,1.091,1.73,39,0,-159.82,-36.10,10,0.00,3.98,4.01,3.99,4.00,3.99,3.99,4.00,4.01,32.05,10.4,28,27,71.7,31,-425,101,0,0,667,532,0,0,-1,0,0,-1,-1,-1,-1,-1,-1,0,0,
2026-03-25,18:16:16.550,7.53,97,97,97,-0.136,36.10,41,0,8.07,-0.296,1.046,1.50,37,0,-158.22,-35.64,10,0.00,3.98,4.01,3.99,4.00,3.99,3.99,4.00,4.01,32.05,10.4,28,27,71.7,19,-430,97,0,0,667,533,0,0,-1,0,0,-1,-1,-1,-1,-1,-1,0,0,
2026-03-25,18:16:16.820,7.54,98,98,97,-0.140,36.61,42,0,8.10,-0.296,1.050,1.66,38,0,-159.21,-34.56,10,0.00,3.98,4.01,3.99,4.01,3.99,3.99,4.00,4.01,32.06,10.3,28,27,70.6,16,-397,96,0,0,667,532,0,0,-1,0,0,-1,-1,-1,-1,-1,-1,0,0,
2026-03-25,18:16:17.080,7.54,99,99,97,-0.124,37.08,43,0,8.14,-0.305,1.049,1.69,39,0,-158.78,-34.07,10,0.00,3.98,4.01,3.99,4.01,3.99,3.99,4.00,4.01,32.06,10.3,28,27,70.2,15,-399,95,0,0,667,533,0,0,-1,0,0,-1,-1,-1,-1,-1,-1,0,0,
2026-03-25,18:16:17.350,7.53,99,99,97,-0.124,37.49,45,0,8.11,-0.300,1.014,1.51,41,0,-161.25,-32.77,10,0.00,3.98,4.01,3.99,4.01,3.99,3.99,4.01,4.01,32.07,10.1,28,27,69.3,0,-458,75,0,0,667,533,0,0,-1,0,0,-1,-1,-1,-1,-1,-1,0,0,
2026-03-25,18:16:17.610,7.53,99,99,96,-0.127,37.85,45,0,8.09,-0.295,1.025,1.36,40,0,-165.87,-30.71,10,0.00,3.98,4.01,3.99,4.01,3.99,3.99,4.01,4.01,32.07,10.1,28,27,68.7,11,-473,0,0,0,667,532,0,0,-1,0,0,-1,-1,-1,-1,-1,-1,0,0,
2026-03-25,18:16:17.870,7.53,99,99,96,-0.124,38.13,46,0,8.08,-0.262,1.030,1.14,39,0,-167.87,-30.10,10,0.00,3.98,4.01,4.00,4.01,3.99,3.99,4.01,4.01,32.11,10.1,28,27,68.0,26,-467,0,0,0,667,533,0,0,-1,0,0,-1,-1,-1,-1,-1,-1,0,0,
2026-03-25,18:16:18.130,7.53,95,96,96,-0.119,38.42,45,0,8.07,-0.264,1.006,1.07,38,0,-171.47,-28.44,10,0.00,3.98,4.01,4.00,4.01,4.00,4.00,4.01,4.01,32.11,10.1,28,27,68.0,38,-436,0,0,0,667,533,0,0,-1,0,0,-1,-1,-1,-1,-1,-1,0,0,
2026-03-25,18:16:18.390,7.53,95,96,96,-0.121,38.82,44,0,8.07,-0.260,0.976,0.70,45,0,-173.69,-26.69,10,0.00,3.98,4.01,4.00,4.01,4.00,4.00,4.01,4.02,32.13,9.1,28,27,66.5,46,-447,0,0,0,667,532,0,0,-1,0,0,-1,-1,-1,-1,-1,-1,0,0,
2026-03-25,18:16:18.650,7.53,96,96,96,-0.125,38.94,44,0,8.07,-0.264,0.994,0.59,50,0,-174.62,-25.97,10,0.00,3.99,4.02,4.00,4.01,4.00,4.00,4.01,4.02,32.13,9.1,28,27,66.5,42,-448,0,0,0,667,532,0,0,-1,0,0,-1,-1,-1,-1,-1,-1,0,0,
2026-03-25,18:16:18.910,7.52,98,98,96,-0.118,38.94,44,0,8.07,-0.266,0.989,0.52,52,0,-175.76,-25.03,10,0.00,3.99,4.02,4.00,4.01,4.00,4.00,4.01,4.02,32.13,9.2,28,27,66.1,38,-447,0,2,0,667,533,0,0,-1,0,0,-1,-1,-1,-1,-1,-1,0,0,
2026-03-25,18:16:19.170,7.53,97,97,96,-0.124,39.12,44,0,8.07,-0.269,0.989,0.35,51,0,-176.47,-24.70,10,0.00,3.99,4.02,4.01,4.02,4.00,4.00,4.01,4.02,32.13,9.2,28,27,66.1,35,-437,0,86,0,666,533,0,0,-1,0,0,-1,-1,-1,-1,-1,-1,0,0,
2026-03-25,18:16:19.440,7.52,97,97,96,-0.125,39.04,44,0,8.07,-0.258,0.978,-0.03,54,0,-176.72,-24.05,10,0.00,3.99,4.02,4.01,4.02,4.01,4.01,4.01,4.02,32.15,9.3,28,27,66.1,33,-461,0,103,0,667,533,0,0,-1,0,0,-1,-1,-1,-1,-1,-1,0,0,
2026-03-25,18:16:19.710,7.52,99,99,96,-0.120,38.88,44,0,8.07,-0.260,0.973,-0.36,51,0,-175.03,-23.95,10,0.00,3.99,4.02,4.01,4.02,4.01,4.01,4.01,4.02,32.15,9.3,28,27,66.1,29,-470,0,92,0,667,533,0,0,-1,0,0,-1,-1,-1,-1,-1,-1,0,0,
2026-03-25,18:16:19.970,7.53,94,96,96,-0.111,38.72,44,0,8.07,-0.255,0.984,-0.36,49,0,-175.32,-23.88,10,0.00,4.00,4.02,4.01,4.02,4.01,4.01,4.01,4.02,32.17,9.2,28,27,66.1,29,-489,0,67,0,667,533,0,0,-1,0,0,-1,-1,-1,-1,-1,-1,0,0,
2026-03-25,18:16:20.240,7.53,88,96,96,-0.122,38.41,43,0,8.07,-0.277,1.070,-0.76,49,0,-177.97,-23.75,10,0.00,4.00,4.02,4.01,4.02,4.01,4.01,4.01,4.02,32.19,9.2,28,27,67.6,25,-494,0,0,0,667,532,0,0,-1,0,0,-1,-1,-1,-1,-1,-1,0,0,
2026-03-25,18:16:20.510,7.53,82,99,99,-0.121,38.05,42,0,8.07,-0.265,1.053,-1.08,54,0,107.19,-23.44,10,0.00,4.00,4.02,4.01,4.02,4.01,4.01,4.01,4.02,32.19,9.2,28,27,68.5,0,-479,0,0,0,667,533,0,0,-1,0,0,-1,-1,-1,-1,-1,-1,0,0,
2026-03-25,18:16:20.770,7.53,85,99,99,-0.136,37.56,41,0,8.07,-0.268,1.066,-1.36,55,0,177.96,-24.33,10,0.00,4.00,4.02,4.01,4.02,4.01,4.01,4.02,4.03,32.21,9.2,28,27,69.6,0,-457,0,0,0,667,532,0,0,-1,0,0,-1,-1,-1,-1,-1,-1,0,0,
2026-03-25,18:16:21.040,7.53,88,99,99,-0.135,37.06,41,0,8.10,-0.247,1.054,-1.68,55,0,179.21,-25.40,10,0.00,4.00,4.02,4.01,4.02,4.01,4.01,4.02,4.03,32.21,9.2,28,27,69.6,0,-394,-5,0,0,667,533,0,0,-1,0,0,-1,-1,-1,-1,-1,-1,0,0,
2026-03-25,18:16:21.310,7.53,92,99,99,-0.141,36.57,42,0,8.13,-0.243,1.039,-1.54,53,0,-178.59,-26.12,10,0.00,4.00,4.03,4.01,4.02,4.01,4.01,4.02,4.03,32.22,8.9,28,27,70.2,0,-399,-1,-36,0,667,533,0,0,-1,0,0,-1,-1,-1,-1,-1,-1,0,0,
2026-03-25,18:16:21.570,7.53,95,100,100,-0.126,35.72,44,0,8.12,-0.232,1.003,-1.50,48,0,-176.95,-25.42,10,0.00,4.00,4.03,4.02,4.03,4.01,4.01,4.02,4.03,32.22,8.9,28,27,70.0,0,-375,0,-62,0,667,533,0,0,-1,0,0,-1,-1,-1,-1,-1,-1,0,0,
2026-03-25,18:16:21.830,7.53,98,100,100,-0.122,35.22,48,0,8.15,-0.233,1.019,-1.61,46,0,-178.37,-24.78,10,0.00,4.00,4.03,4.02,4.03,4.02,4.01,4.02,4.03,32.23,9.1,28,27,70.2,-5,-344,0,-164,0,667,533,0,0,-1,0,0,-1,-1,-1,-1,-1,-1,0,0,
2026-03-25,18:16:22.090,7.53,99,100,100,-0.122,34.56,49,0,8.12,-0.224,1.018,-1.97,50,0,175.44,-22.66,10,0.00,4.00,4.03,4.02,4.03,4.02,4.01,4.03,4.03,32.23,9.1,28,27,72.2,-24,-329,0,-246,0,667,533,0,0,-1,0,0,-1,-1,-1,-1,-1,-1,0,0,
2026-03-25,18:16:22.360,7.53,100,100,100,-0.144,33.98,52,0,8.11,-0.202,0.951,-2.11,53,0,172.55,-21.39,10,0.00,4.00,4.03,4.02,4.03,4.02,4.01,4.03,4.03,32.25,9.1,28,27,72.4,0,-272,0,-61,0,667,533,0,0,-1,0,0,-1,-1,-1,-1,-1,-1,0,0,
2026-03-25,18:16:22.620,7.53,100,100,100,-0.144,33.38,55,0,8.10,-0.197,1.016,-1.98,54,0,171.51,-20.54,10,0.00,4.00,4.03,4.02,4.03,4.02,4.01,4.03,4.03,32.25,9.1,28,27,74.8,-31,-278,0,-214,0,667,533,0,0,-1,0,0,-1,-1,-1,-1,-1,-1,0,0,
2026-03-25,18:16:22.880,7.53,100,100,100,-0.133,32.72,55,0,8.08,-0.160,0.960,-2.28,55,0,175.09,-19.62,10,0.00,4.00,4.03,4.02,4.03,4.02,4.02,4.03,4.03,32.26,8.9,28,27,76.9,-78,-382,-2,-362,0,667,533,0,0,-1,0,0,-1,-1,-1,-1,-1,-1,0,0,
2026-03-25,18:16:23.140,7.53,99,100,100,-0.132,32.28,54,0,8.08,-0.172,1.021,-2.28,54,0,174.44,-19.49,10,0.00,4.00,4.03,4.02,4.03,4.02,4.02,4.03,4.04,32.26,8.9,28,27,77.4,-210,-347,-10,-389,0,667,533,0,0,-1,0,0,-1,-1,-1,-1,-1,-1,0,0,
2026-03-25,18:16:23.400,7.53,99,100,100,-0.146,31.59,53,0,8.07,-0.190,1.124,-2.01,53,0,167.05,-19.19,10,0.00,4.00,4.03,4.02,4.03,4.02,4.02,4.03,4.04,32.28,8.6,28,27,77.4,-221,-310,-15,-395,0,667,533,0,0,-1,0,0,-1,-1,-1,-1,-1,-1,0,0,
2026-03-25,18:16:23.660,7.53,99,100,100,-0.141,30.56,54,0,8.09,-0.172,1.081,-2.84,50,0,162.81,-18.76,10,0.00,4.01,4.03,4.02,4.03,4.02,4.02,4.03,4.04,32.28,8.6,28,27,78.7,-243,-226,-16,-375,0,667,533,0,0,-1,0,0,-1,-1,-1,-1,-1,-1,0,0,
2026-03-25,18:16:23.920,7.53,99,100,100,-0.130,29.77,54,0,8.11,-0.140,1.003,-3.01,48,0,158.17,-17.29,10,0.00,4.01,4.03,4.03,4.04,4.02,4.02,4.03,4.04,32.30,8.2,28,27,79.6,-248,-228,-17,-354,0,667,533,0,0,-1,0,0,-1,-1,-1,-1,-1,-1,0,0,
2026-03-25,18:16:24.190,7.53,99,100,100,-0.135,29.17,56,0,8.08,-0.133,1.017,-2.53,49,0,156.54,-15.85,10,0.00,4.01,4.03,4.03,4.04,4.03,4.02,4.03,4.04,32.30,8.2,28,27,80.7,-217,-279,-15,-311,0,667,532,0,0,-1,0,0,-1,-1,-1,-1,-1,-1,0,0,
2026-03-25,18:16:24.450,7.53,99,100,100,-0.138,28.19,57,0,8.08,-0.152,1.062,-1.80,49,0,152.11,-13.20,10,0.00,4.01,4.03,4.03,4.04,4.03,4.02,4.04,4.04,32.32,8.2,28,27,81.5,-129,-146,-13,-56,0,667,532,0,0,-1,0,0,-1,-1,-1,-1,-1,-1,0,0,
2026-03-25,18:16:24.710,7.53,100,100,100,-0.110,27.42,58,0,8.07,-0.133,0.985,-2.23,51,0,150.30,-10.36,10,0.00,4.02,4.04,4.03,4.04,4.03,4.02,4.04,4.04,32.32,8.2,28,27,81.5,-102,-232,-12,0,0,667,533,0,0,-1,0,0,-1,-1,-1,-1,-1,-1,0,0,
2026-03-25,18:16:24.980,7.53,99,100,100,-0.090,26.72,58,0,8.07,-0.114,0.937,-2.45,53,0,150.73,-8.55,10,0.00,4.02,4.04,4.03,4.04,4.03,4.02,4.04,4.04,32.34,8.2,28,27,82.4,0,-279,-13,0,0,667,532,0,0,-1,0,0,-1,-1,-1,-1,-1,-1,0,0,
2026-03-25,18:16:25.240,7.53,98,100,100,-0.134,26.20,58,0,8.07,-0.144,1.079,-2.09,56,0,150.18,-7.78,10,0.00,4.02,4.04,4.03,4.04,4.03,4.03,4.04,4.04,32.35,8.1,28,27,82.8,0,-234,-13,150,0,667,533,0,0,-1,0,0,-1,-1,-1,-1,-1,-1,0,0,
2026-03-25,18:16:25.500,7.53,98,100,100,-0.138,25.61,58,0,8.09,-0.158,1.111,-1.99,62,0,150.62,-8.47,10,0.00,4.02,4.04,4.03,4.04,4.03,4.03,4.04,4.04,32.35,8.1,28,27,82.8,29,-184,-14,275,0,667,533,0,0,-1,0,0,-1,-1,-1,-1,-1,-1,0,0,
2026-03-25,18:16:25.780,7.53,98,100,100,-0.123,25.06,58,0,8.08,-0.113,0.955,-2.05,67,0,157.38,-8.93,10,0.00,4.02,4.04,4.03,4.04,4.03,4.03,4.04,4.05,32.37,8.0,28,27,82.6,21,-249,-27,172,0,667,533,0,0,-1,0,0,-1,-1,-1,-1,-1,-1,0,0,
2026-03-25,18:16:26.050,7.53,97,100,100,-0.125,24.51,59,0,8.07,-0.113,1.005,-1.87,68,0,165.55,-9.95,10,0.00,4.02,4.05,4.03,4.04,4.03,4.03,4.04,4.05,32.37,8.0,28,27,83.3,0,-347,-66,46,0,667,532,0,0,-1,0,0,-1,-1,-1,-1,-1,-1,0,0,
2026-03-25,18:16:26.320,7.52,97,100,100,-0.138,23.90,59,0,8.07,-0.123,1.084,-2.03,65,0,167.18,-10.73,10,0.00,4.02,4.05,4.04,4.04,4.03,4.03,4.04,4.05,32.40,6.6,28,27,82.8,0,-329,-71,0,0,667,533,0,0,-1,0,0,-1,-1,-1,-1,-1,-1,0,0,
2026-03-25,18:16:26.590,7.53,98,100,100,-0.145,23.32,60,0,8.10,-0.125,1.102,-2.06,62,0,167.50,-12.27,10,0.00,4.02,4.05,4.04,4.04,4.04,4.04,4.04,4.05,32.40,6.6,28,27,83.2,0,-311,-71,0,0,667,533,0,0,-1,0,0,-1,-1,-1,-1,-1,-1,0,0,
2026-03-25,18:16:26.850,7.53,99,100,100,-0.154,22.76,60,0,8.14,-0.128,1.108,-1.95,64,0,167.28,-12.86,10,0.00,4.02,4.05,4.04,4.04,4.04,4.04,4.05,4.05,32.42,6.1,28,27,83.2,0,-272,-71,11,0,667,533,0,0,-1,0,0,-1,-1,-1,-1,-1,-1,0,0,
2026-03-25,18:16:27.110,7.53,98,100,100,-0.136,21.86,61,0,8.15,-0.124,1.084,-1.91,68,0,169.55,-14.32,10,0.00,4.03,4.05,4.04,4.04,4.04,4.04,4.05,4.05,32.42,6.1,28,27,81.9,0,-323,-70,17,0,667,532,0,0,-1,0,0,-1,-1,-1,-1,-1,-1,0,0,
2026-03-25,18:16:27.380,7.53,96,100,100,-0.137,21.54,62,0,8.10,-0.126,1.046,-1.31,68,0,172.41,-14.18,10,0.00,4.03,4.05,4.05,4.05,4.04,4.04,4.05,4.05,32.44,6.3,28,27,81.9,0,-321,-69,0,0,667,533,0,0,-1,0,0,-1,-1,-1,-1,-1,-1,0,0,
2026-03-25,18:16:27.640,7.53,97,100,100,-0.130,21.25,63,0,8.08,-0.131,1.064,-1.08,66,0,172.36,-14.07,10,0.00,4.03,4.05,4.05,4.05,4.04,4.04,4.05,4.05,32.44,6.3,28,27,80.7,0,-315,-70,0,0,666,533,0,0,-1,0,0,-1,-1,-1,-1,-1,-1,0,0,
2026-03-25,18:16:27.900,7.53,97,100,100,-0.137,20.89,63,0,8.08,-0.136,1.051,-1.23,62,0,171.81,-13.78,10,0.00,4.03,4.05,4.05,4.05,4.04,4.04,4.05,4.05,32.46,6.5,28,27,80.7,0,-324,-70,0,0,667,532,0,0,-1,0,0,-1,-1,-1,-1,-1,-1,0,0,
2026-03-25,18:16:28.160,7.53,96,100,100,-0.145,20.76,62,0,8.07,-0.138,1.037,-0.77,59,0,172.25,-13.72,10,0.00,4.03,4.05,4.05,4.05,4.04,4.04,4.05,4.05,32.46,6.5,28,27,79.6,0,-325,-70,0,0,667,533,0,0,-1,0,0,-1,-1,-1,-1,-1,-1,0,0,
2026-03-25,18:16:28.420,7.53,95,100,100,-0.137,20.56,62,0,8.07,-0.146,1.027,-0.67,60,0,174.89,-14.04,10,0.00,4.04,4.05,4.05,4.05,4.04,4.04,4.05,4.05,32.46,6.7,28,27,78.2,0,-326,-69,0,0,667,533,0,0,-1,0,0,-1,-1,-1,-1,-1,-1,0,0,
2026-03-25,18:16:28.690,7.53,96,100,100,-0.135,20.42,62,0,8.07,-0.155,1.011,-0.60,60,0,175.93,-14.16,10,0.00,4.04,4.05,4.05,4.05,4.04,4.04,4.05,4.05,32.46,6.7,28,27,77.4,0,-367,-68,-72,0,667,533,0,0,-1,0,0,-1,-1,-1,-1,-1,-1,0,0,
2026-03-25,18:16:28.950,7.53,98,100,100,-0.136,20.23,63,0,8.07,-0.171,1.048,-0.61,56,0,175.83,-14.00,10,0.00,4.04,4.05,4.05,4.05,4.04,4.04,4.05,4.05,32.47,7.2,28,27,76.7,0,-381,-27,-121,0,667,533,0,0,-1,0,0,-1,-1,-1,-1,-1,-1,0,0,
2026-03-25,18:16:29.220,7.53,97,100,100,-0.144,20.06,62,0,8.07,-0.203,1.072,-0.59,57,0,173.17,-14.18,10,0.00,4.04,4.05,4.05,4.05,4.04,4.04,4.05,4.05,32.46,8.2,28,27,74.6,0,-326,-24,-115,0,667,533,0,0,-1,0,0,-1,-1,-1,-1,-1,-1,0,0,
2026-03-25,18:16:29.480,7.53,97,100,100,-0.147,19.78,61,0,8.13,-0.196,1.029,-0.85,59,0,172.13,-14.38,10,0.00,4.03,4.05,4.05,4.05,4.04,4.04,4.05,4.05,32.46,8.2,28,27,74.3,0,-246,-25,-71,0,667,533,0,0,-1,0,0,-1,-1,-1,-1,-1,-1,0,0,
2026-03-25,18:16:29.740,7.53,97,100,100,-0.130,19.72,62,0,8.15,-0.177,0.930,-0.55,62,0,173.71,-13.82,10,0.00,4.03,4.05,4.04,4.05,4.04,4.04,4.05,4.05,32.44,8.5,28,27,74.3,0,-275,-25,-73,0,667,533,0,0,-1,0,0,-1,-1,-1,-1,-1,-1,0,0,
2026-03-25,18:16:30.010,7.53,97,100,100,-0.134,19.91,60,0,8.13,-0.185,0.942,0.15,62,0,175.53,-13.66,10,0.00,4.03,4.05,4.04,4.05,4.04,4.04,4.05,4.05,32.44,8.5,28,27,73.5,0,-322,0,-107,0,667,533,0,0,-1,0,0,-1,-1,-1,-1,-1,-1,0,0,
2026-03-25,18:16:30.270,7.53,96,100,100,-0.132,20.26,56,0,8.10,-0.212,0.977,0.55,58,0,176.28,-13.64,10,0.00,4.03,4.05,4.04,4.05,4.03,4.03,4.05,4.05,32.39,8.9,28,27,73.2,0,-336,93,-130,0,667,533,0,0,-1,0,0,-1,-1,-1,-1,-1,-1,0,0,
2026-03-25,18:16:30.530,7.53,97,100,100,-0.152,20.14,54,0,8.08,-0.279,1.037,0.06,59,0,173.12,-13.89,10,0.00,4.03,4.05,4.04,4.05,4.03,4.03,4.04,4.04,32.39,8.9,28,27,72.6,0,-341,98,-118,0,667,532,0,0,-1,0,0,-1,-1,-1,-1,-1,-1,0,0,
2026-03-25,18:16:30.790,7.53,96,100,100,-0.158,19.89,52,0,8.08,-0.276,1.034,-0.53,59,0,171.93,-14.37,10,0.00,4.02,4.04,4.04,4.05,4.03,4.03,4.04,4.04,32.34,9.9,28,27,72.6,0,-357,98,-73,0,667,533,0,0,-1,0,0,-1,-1,-1,-1,-1,-1,0,0,
2026-03-25,18:16:31.060,7.53,93,100,100,-0.157,19.81,47,0,8.07,-0.286,1.044,-0.51,60,0,172.41,-15.88,10,0.00,4.02,4.04,4.02,4.03,4.03,4.03,4.04,4.04,32.34,9.9,28,27,72.2,0,-342,96,-49,0,666,533,0,0,-1,0,0,-1,-1,-1,-1,-1,-1,0,0,
2026-03-25,18:16:31.320,7.53,93,100,100,-0.153,19.90,46,0,8.07,-0.292,1.040,-0.03,58,0,173.25,-16.60,10,0.00,4.02,4.04,4.02,4.03,4.01,4.01,4.04,4.04,32.30,10.0,28,27,71.3,0,-325,95,-26,0,667,533,0,0,-1,0,0,-1,-1,-1,-1,-1,-1,0,0,
2026-03-25,18:16:31.580,7.53,93,100,100,-0.141,20.10,45,0,8.07,-0.285,0.997,0.42,60,0,173.38,-17.21,10,0.00,4.02,4.04,4.02,4.03,4.01,4.01,4.02,4.02,32.30,10.0,28,27,70.9,0,-323,97,0,0,667,533,0,0,-1,0,0,-1,-1,-1,-1,-1,-1,0,0,
2026-03-25,18:16:31.850,7.53,97,100,100,-0.146,20.32,46,0,8.07,-0.289,0.993,0.64,61,0,173.33,-17.32,10,0.00,4.02,4.04,4.02,4.03,4.01,4.01,4.02,4.02,32.26,10.1,28,27,70.9,0,-340,103,23,0,667,533,0,0,-1,0,0,-1,-1,-1,-1,-1,-1,0,0,
2026-03-25,18:16:32.120,7.53,95,100,100,-0.138,20.58,46,0,8.07,-0.298,1.004,0.79,60,0,173.29,-17.59,10,0.00,4.00,4.02,4.02,4.03,4.01,4.01,4.02,4.02,32.26,10.1,28,27,70.0,0,-338,121,49,0,667,533,0,0,-1,0,0,-1,-1,-1,-1,-1,-1,0,0,
2026-03-25,18:16:32.390,7.52,94,100,100,-0.145,20.82,45,0,8.07,-0.310,0.967,0.81,59,0,172.99,-18.10,10,0.00,4.00,4.02,4.01,4.02,4.01,4.01,4.02,4.02,32.21,9.9,28,27,70.0,7,-328,124,178,0,667,533,0,0,-1,0,0,-1,-1,-1,-1,-1,-1,0,0,
2026-03-25,18:16:32.660,7.52,90,100,100,-0.144,21.13,45,0,8.07,-0.317,0.973,0.96,57,0,173.86,-18.55,10,0.00,4.00,4.02,4.01,4.02,4.00,4.00,4.02,4.02,32.21,9.9,28,27,69.6,24,-338,170,257,0,667,533,0,0,-1,0,0,-1,-1,-1,-1,-1,-1,0,0,
2026-03-25,18:16:32.930,7.53,89,100,100,-0.129,21.94,43,0,8.07,-0.337,0.949,1.34,60,0,175.74,-19.25,10,0.00,4.00,4.02,4.01,4.02,4.00,4.00,4.00,4.02,32.21,10.1,28,27,67.6,34,-358,183,268,0,667,533,0,0,-1,0,0,-1,-1,-1,-1,-1,-1,0,0,
2026-03-25,18:16:33.190,7.53,87,100,100,-0.125,22.32,42,0,8.07,-0.368,0.990,1.28,60,0,176.06,-20.37,10,0.00,3.98,4.01,4.01,4.02,4.00,4.00,4.00,4.02,32.21,10.1,28,27,68.5,39,-378,238,258,0,667,533,0,0,-1,0,0,-1,-1,-1,-1,-1,-1,0,0,
2026-03-25,18:16:33.460,7.53,91,100,100,-0.136,22.67,41,0,8.07,-0.390,0.997,1.28,58,0,175.17,-20.73,10,0.00,3.98,4.01,3.99,4.00,4.00,4.00,4.00,4.02,32.12,10.1,28,27,67.6,79,-390,278,268,0,667,533,0,0,-1,0,0,-1,-1,-1,-1,-1,-1,0,0,
2026-03-25,18:16:33.730,7.53,93,100,100,-0.135,23.07,42,0,8.07,-0.423,1.018,1.28,59,0,173.25,-21.74,10,0.00,3.98,4.01,3.99,4.00,3.98,3.97,4.00,4.02,32.03,11.8,28,27,68.5,109,-353,280,306,0,667,533,0,0,-1,0,0,-1,-1,-1,-1,-1,-1,0,0,
2026-03-25,18:16:33.990,7.53,95,100,100,-0.145,23.44,42,0,8.07,-0.419,1.027,1.34,58,0,172.69,-22.46,10,0.00,3.98,4.01,3.99,4.00,3.98,3.97,4.00,4.02,32.03,11.8,28,27,68.7,174,-271,283,414,0,667,533,0,0,-1,0,0,-1,-1,-1,-1,-1,-1,0,0,
2026-03-25,18:16:34.250,7.53,90,100,100,-0.133,23.86,41,0,8.07,-0.419,0.966,1.34,57,0,175.81,-23.94,10,0.00,3.98,4.01,3.99,4.00,3.98,3.97,4.00,4.02,31.93,12.2,28,27,68.2,219,-91,284,400,0,667,533,0,0,-1,0,0,-1,-1,-1,-1,-1,-1,0,0,
2026-03-25,18:16:34.510,7.53,85,100,100,-0.100,24.30,40,0,8.07,-0.356,0.783,1.44,55,0,-171.87,-22.90,10,0.00,3.98,4.01,3.99,4.00,3.98,3.97,4.00,4.02,31.93,12.2,28,27,68.2,234,-208,285,285,0,667,532,0,0,-1,0,0,-1,-1,-1,-1,-1,-1,0,0,
2026-03-25,18:16:34.770,7.53,81,100,100,-0.113,24.85,40,0,8.07,-0.348,0.783,1.72,53,0,-171.87,-22.90,10,0.00,3.98,4.01,3.95,3.97,3.98,3.97,4.00,4.02,31.87,12.5,28,27,68.7,238,-254,285,250,0,667,533,0,0,-1,0,0,-1,-1,-1,-1,-1,-1,0,0,
2026-03-25,18:16:35.030,7.53,75,100,100,-0.139,25.29,39,0,8.07,-0.366,0.892,1.73,50,0,-172.51,-22.71,10,0.00,3.98,4.01,3.95,3.97,3.95,3.94,4.00,4.02,31.87,12.5,28,27,68.7,242,-315,286,179,0,667,533,0,0,-1,0,0,-1,-1,-1,-1,-1,-1,0,0,
2026-03-25,18:16:35.300,7.53,77,100,100,-0.145,25.65,40,0,8.07,-0.378,0.933,1.41,47,0,-170.67,-23.44,10,0.00,3.98,4.01,3.95,3.97,3.95,3.94,3.96,3.96,31.79,12.5,28,27,69.6,245,-356,338,129,0,667,533,0,0,-1,0,0,-1,-1,-1,-1,-1,-1,0,0,
2026-03-25,18:16:35.580,7.53,78,100,100,-0.152,26.34,40,0,8.07,-0.425,1.005,1.24,44,0,-166.55,-24.98,10,0.00,3.93,3.96,3.95,3.97,3.95,3.94,3.96,3.96,31.79,12.5,28,27,69.6,224,-416,371,0,0,667,533,0,0,-1,0,0,-1,-1,-1,-1,-1,-1,0,0,
2026-03-25,18:16:35.840,7.53,86,100,100,-0.175,26.59,41,0,8.07,-0.464,1.094,1.00,43,0,-164.04,-26.02,10,0.00,3.93,3.96,3.94,3.95,3.95,3.94,3.96,3.96,31.69,14.8,28,27,70.2,200,-452,373,0,0,666,533,0,0,-1,0,0,-1,-1,-1,-1,-1,-1,0,0,
2026-03-25,18:16:36.100,7.53,83,100,100,-0.186,26.83,39,0,8.05,-0.481,1.195,0.81,44,0,-161.28,-27.14,10,0.00,3.93,3.96,3.94,3.95,3.93,3.93,3.96,3.96,31.69,14.8,28,27,71.1,160,-477,371,-67,0,667,533,0,0,-1,0,0,-1,-1,-1,-1,-1,-1,0,0,
2026-03-25,18:16:36.380,7.53,79,100,100,-0.175,27.05,37,0,8.06,-0.452,1.166,0.90,45,0,-154.09,-29.02,10,0.00,3.93,3.96,3.94,3.95,3.93,3.93,3.93,3.94,31.62,15.3,28,27,72.2,134,-498,370,-121,0,667,533,0,0,-1,0,0,-1,-1,-1,-1,-1,-1,0,0,
2026-03-25,18:16:36.640,7.53,77,99,99,-0.194,27.19,37,0,8.07,-0.472,1.241,0.58,40,0,-151.51,-29.86,10,0.00,3.93,3.96,3.94,3.95,3.93,3.93,3.93,3.94,31.62,15.3,28,27,72.6,23,-592,368,-264,0,666,533,0,0,-1,0,0,-1,-1,-1,-1,-1,-1,0,0,
2026-03-25,18:16:36.910,7.53,79,96,96,-0.210,27.41,39,0,8.04,-0.490,1.395,0.65,37,0,-145.92,-31.92,10,0.00,3.90,3.93,3.94,3.95,3.93,3.93,3.93,3.94,31.55,15.0,28,27,72.6,0,-611,367,-271,0,667,533,0,0,-1,0,0,-1,-1,-1,-1,-1,-1,0,0,
2026-03-25,18:16:37.180,7.53,77,95,95,-0.199,27.54,37,0,8.06,-0.515,1.410,0.60,35,0,-142.98,-33.96,10,0.00,3.90,3.93,3.91,3.93,3.93,3.93,3.93,3.94,31.55,15.0,28,27,72.6,0,-582,301,-179,0,667,533,0,0,-1,0,0,-1,-1,-1,-1,-1,-1,0,0,
2026-03-25,18:16:37.450,7.53,72,91,91,-0.199,27.56,35,0,8.06,-0.481,1.414,0.26,34,0,-142.77,-34.78,10,0.00,3.90,3.93,3.91,3.93,3.91,3.91,3.93,3.94,31.53,15.3,28,27,73.7,-30,-535,246,-268,0,667,533,0,0,-1,0,0,-1,-1,-1,-1,-1,-1,0,0,
2026-03-25,18:16:37.720,7.53,65,89,89,-0.174,27.70,35,0,8.07,-0.421,1.344,0.38,36,0,-143.34,-35.68,10,0.00,3.90,3.93,3.91,3.93,3.91,3.91,3.93,3.93,31.53,12.7,28,27,74.3,-74,-525,199,-336,0,667,533,0,0,-1,0,0,-1,-1,-1,-1,-1,-1,0,0,
2026-03-25,18:16:37.980,7.53,68,89,89,-0.167,27.89,36,0,8.07,-0.374,1.255,0.51,41,0,-144.84,-35.44,10,0.00,3.90,3.94,3.91,3.93,3.91,3.91,3.93,3.93,31.55,12.7,28,27,74.3,-50,-446,192,-236,0,667,533,0,0,-1,0,0,-1,-1,-1,-1,-1,-1,0,1,
2026-03-25,18:16:38.240,7.53,72,89,89,-0.171,28.19,38,0,8.07,-0.370,1.222,0.84,41,0,-147.47,-35.33,10,0.00,3.90,3.94,3.93,3.94,3.91,3.91,3.93,3.93,31.58,11.2,28,27,73.2,-16,-438,191,-205,0,667,533,0,0,-1,0,0,-1,-1,-1,-1,-1,-1,0,1,
2026-03-25,18:16:38.500,7.53,81,88,88,-0.167,28.43,40,0,8.07,-0.349,1.156,0.85,39,0,-147.20,-35.06,10,0.00,3.90,3.94,3.93,3.94,3.94,3.93,3.93,3.93,31.58,11.2,28,27,73.2,-13,-443,190,-212,0,666,532,0,0,-1,0,0,-1,-1,-1,-1,-1,-1,0,1,
2026-03-25,18:16:38.770,7.53,83,86,86,-0.162,28.67,41,0,8.07,-0.348,1.159,0.85,37,0,-146.70,-34.83,10,0.00,3.90,3.94,3.93,3.94,3.94,3.93,3.95,3.96,31.60,10.8,28,27,73.0,0,-454,191,-217,0,667,532,0,0,-1,0,0,-1,-1,-1,-1,-1,-1,0,1,
2026-03-25,18:16:39.040,7.53,88,89,86,-0.168,29.00,42,0,8.07,-0.370,1.207,0.65,38,0,-149.42,-34.79,10,0.00,3.90,3.94,3.93,3.94,3.94,3.93,3.95,3.96,31.60,10.8,28,27,73.0,0,-461,191,-286,0,667,533,0,0,-1,0,0,-1,-1,-1,-1,-1,-1,0,1,
2026-03-25,18:16:39.310,7.53,90,90,86,-0.178,29.11,43,0,8.07,-0.371,1.185,0.47,40,0,-151.43,-34.60,10,0.00,3.93,3.96,3.93,3.94,3.94,3.93,3.95,3.96,31.61,11.0,28,27,73.0,-29,-434,178,-217,0,667,533,0,0,-1,0,0,-1,-1,-1,-1,-1,-1,0,1,
2026-03-25,18:16:39.580,7.53,91,91,85,-0.169,29.32,43,0,8.07,-0.346,1.116,0.56,39,0,-155.19,-34.63,10,0.00,3.93,3.96,3.94,3.95,3.94,3.93,3.95,3.96,31.61,11.0,28,27,72.2,-25,-373,110,-78,0,667,533,0,0,-1,0,0,-1,-1,-1,-1,-1,-1,0,1,
2026-03-25,18:16:39.840,7.53,93,93,85,-0.163,29.67,42,0,8.07,-0.291,1.061,0.95,41,0,-151.59,-34.70,10,0.00,3.93,3.96,3.94,3.95,3.95,3.94,3.95,3.96,31.65,10.8,28,28,72.2,0,-290,92,0,0,667,533,0,0,-1,0,0,-1,-1,-1,-1,-1,-1,0,1,
2026-03-25,18:16:40.110,7.53,90,90,85,-0.125,29.95,42,0,8.07,-0.261,0.935,1.00,44,0,-151.14,-33.67,10,0.00,3.93,3.96,3.94,3.95,3.95,3.94,3.96,3.97,31.65,10.8,28,28,71.1,-6,-300,49,0,0,667,533,0,0,-1,0,0,-1,-1,-1,-1,-1,-1,0,1,
2026-03-25,18:16:40.370,7.53,89,89,85,-0.113,30.42,42,0,8.07,-0.228,0.907,1.30,43,0,-157.00,-30.22,10,0.00,3.94,3.97,3.94,3.95,3.95,3.94,3.96,3.97,31.71,10.8,28,28,71.1,0,-295,34,0,0,667,533,0,0,-1,0,0,-1,-1,-1,-1,-1,-1,0,1,
2026-03-25,18:16:40.630,7.53,86,87,86,-0.100,30.85,42,0,8.07,-0.202,0.854,1.46,44,0,-160.73,-28.39,10,0.00,3.94,3.97,3.96,3.97,3.95,3.94,3.96,3.97,31.71,10.8,28,28,71.1,-13,-291,35,-29,0,667,533,0,0,-1,0,0,-1,-1,-1,-1,-1,-1,0,1,
2026-03-25,18:16:40.890,7.52,83,89,89,-0.112,31.20,41,0,8.07,-0.225,0.922,1.39,45,0,-164.39,-26.76,10,0.00,3.94,3.97,3.96,3.97,3.97,3.97,3.96,3.97,31.77,9.8,28,28,71.1,-40,-287,36,-89,0,667,533,0,0,-1,0,0,-1,-1,-1,-1,-1,-1,0,1,
2026-03-25,18:16:41.160,7.53,75,90,90,-0.127,31.28,39,0,8.09,-0.224,0.953,0.77,43,0,-172.46,-22.39,10,0.00,3.94,3.97,3.96,3.97,3.97,3.97,3.98,3.98,31.77,9.8,28,28,71.1,-56,-282,36,-85,0,667,533,0,0,-1,0,0,-1,-1,-1,-1,-1,-1,0,1,
2026-03-25,18:16:41.420,7.53,73,94,94,-0.119,31.27,38,0,8.08,-0.223,0.953,0.26,43,0,-173.05,-21.38,10,0.00,3.94,3.97,3.96,3.97,3.97,3.97,3.98,3.98,31.80,9.6,28,28,71.1,-61,-323,36,-118,0,667,533,0,0,-1,0,0,-1,-1,-1,-1,-1,-1,0,1,
2026-03-25,18:16:41.690,7.53,76,95,95,-0.125,31.17,39,0,8.07,-0.222,0.958,0.00,42,0,-173.05,-21.38,10,0.00,3.96,3.99,3.96,3.97,3.97,3.97,3.98,3.98,31.80,9.8,28,28,70.7,-60,-333,35,-165,0,667,533,0,0,-1,0,0,-1,-1,-1,-1,-1,-1,0,0,
2026-03-25,18:16:41.950,7.53,87,95,95,-0.113,31.03,41,0,8.07,-0.222,0.959,-0.32,42,0,-177.26,-19.18,10,0.00,3.96,3.99,3.98,3.99,3.97,3.97,3.98,3.98,31.84,9.8,28,28,71.9,-60,-333,36,-182,0,667,533,0,0,-1,0,0,-1,-1,-1,-1,-1,-1,0,0,
2026-03-25,18:16:42.220,7.53,87,94,94,-0.134,30.74,42,0,8.07,-0.238,1.004,-0.66,42,0,176.39,-18.42,10,0.00,3.96,3.99,3.98,3.99,3.98,3.98,3.98,3.98,31.84,9.5,28,28,70.2,-69,-348,35,-219,0,667,533,0,0,-1,0,0,-1,-1,-1,-1,-1,-1,0,0,
2026-03-25,18:16:42.480,7.53,90,95,95,-0.140,30.46,42,0,8.07,-0.231,1.007,-0.93,42,0,176.39,-18.42,10,0.00,3.96,3.99,3.98,3.99,3.98,3.98,3.99,3.99,31.87,9.5,28,28,72.2,-82,-295,33,-198,0,667,533,0,0,-1,0,0,-1,-1,-1,-1,-1,-1,0,0,
2026-03-25,18:16:42.740,7.53,90,97,97,-0.155,30.35,42,0,8.07,-0.237,1.029,-0.60,42,0,173.10,-18.00,10,0.00,3.97,3.99,3.98,3.99,3.98,3.98,3.99,3.99,31.90,9.7,28,28,72.4,-81,-264,33,-159,0,667,533,0,0,-1,0,0,-1,-1,-1,-1,-1,-1,0,0,
2026-03-25,18:16:43.020,7.53,91,97,97,-0.132,30.17,42,0,8.09,-0.203,0.921,-0.58,42,0,173.65,-17.21,10,0.00,3.97,3.99,3.98,3.99,3.98,3.98,3.99,3.99,31.90,9.7,28,28,72.6,-80,-267,-6,-258,0,666,533,0,0,-1,0,0,-1,-1,-1,-1,-1,-1,0,0,
2026-03-25,18:16:43.280,7.53,91,96,96,-0.132,30.07,43,0,8.08,-0.192,0.937,-0.51,46,0,173.47,-16.85,10,0.00,3.97,3.99,3.98,3.99,3.98,3.98,3.99,3.99,31.90,9.1,28,28,72.4,-96,-254,-29,-342,0,667,533,0,0,-1,0,0,-1,-1,-1,-1,-1,-1,0,0,
2026-03-25,18:16:43.550,7.53,91,97,97,-0.133,29.94,42,0,8.07,-0.186,0.955,-0.38,44,0,169.37,-15.04,10,0.00,3.97,3.99,3.98,3.99,3.98,3.98,4.00,4.00,31.90,9.1,28,28,72.2,-134,-277,-35,-372,0,667,533,0,0,-1,0,0,-1,-1,-1,-1,-1,-1,0,0,
2026-03-25,18:16:43.820,7.53,93,97,97,-0.126,29.69,43,0,8.07,-0.160,0.909,-0.38,42,0,166.23,-13.56,10,0.00,3.97,3.99,3.98,3.99,3.98,3.98,4.00,4.00,31.94,8.3,28,28,72.2,-157,-276,-61,-196,0,667,533,0,0,-1,0,0,-1,-1,-1,-1,-1,-1,0,0,
2026-03-25,18:16:44.080,7.53,94,96,96,-0.130,29.69,45,0,8.07,-0.170,0.955,-0.19,43,0,163.13,-12.59,10,0.00,3.98,4.00,3.98,3.99,3.98,3.98,4.00,4.00,31.94,8.3,28,28,73.0,-137,-340,-88,0,0,667,533,0,0,-1,0,0,-1,-1,-1,-1,-1,-1,0,0,
2026-03-25,18:16:44.360,7.53,97,97,96,-0.126,29.33,47,0,8.10,-0.170,0.967,-0.78,42,0,165.73,-12.64,10,0.00,3.98,4.00,3.99,4.00,3.98,3.98,4.00,4.00,32.00,7.4,28,28,71.9,-89,-366,-84,28,0,667,533,0,0,-1,0,0,-1,-1,-1,-1,-1,-1,0,0,
2026-03-25,18:16:44.620,7.53,98,98,95,-0.129,28.89,48,0,8.08,-0.176,0.991,-1.20,41,0,166.67,-12.30,10,0.00,3.98,4.00,3.99,4.00,3.99,4.00,4.00,4.00,32.00,7.4,28,28,71.3,-51,-371,-20,0,0,667,533,0,0,-1,0,0,-1,-1,-1,-1,-1,-1,0,0,
2026-03-25,18:16:44.880,7.53,97,97,94,-0.132,28.42,49,0,8.07,-0.223,1.004,-1.54,42,0,164.97,-11.77,10,0.00,3.98,4.00,3.99,4.00,3.99,4.00,4.00,4.00,32.01,7.8,28,28,71.9,-32,-383,36,-16,0,667,533,0,0,-1,0,0,-1,-1,-1,-1,-1,-1,0,0,
2026-03-25,18:16:45.140,7.53,96,96,92,-0.148,28.01,49,0,8.07,-0.253,1.027,-1.44,40,0,162.78,-11.66,10,0.00,3.99,4.01,3.99,4.00,3.99,4.00,4.00,4.00,32.01,7.8,28,28,71.9,0,-423,49,29,0,667,533,0,0,-1,0,0,-1,-1,-1,-1,-1,-1,0,0,
2026-03-25,18:16:45.400,7.53,96,96,92,-0.160,27.63,50,0,8.10,-0.270,1.077,-1.37,43,0,161.39,-12.41,10,0.00,3.99,4.01,3.99,4.01,3.99,4.00,4.00,4.00,32.01,9.3,28,28,71.7,32,-380,77,110,0,667,533,0,0,-1,0,0,-1,-1,-1,-1,-1,-1,0,0,
2026-03-25,18:16:45.660,7.53,94,94,92,-0.167,27.34,50,0,8.09,-0.286,1.078,-1.21,48,0,164.24,-14.65,10,0.00,3.99,4.01,3.99,4.01,3.99,3.99,4.00,4.00,32.01,9.3,28,28,71.7,59,-400,92,89,0,667,533,0,0,-1,0,0,-1,-1,-1,-1,-1,-1,0,0,
2026-03-25,18:16:45.920,7.53,94,94,92,-0.163,27.13,50,0,8.08,-0.281,1.046,-0.90,48,0,166.26,-15.68,10,0.00,3.99,4.01,3.99,4.01,3.99,3.99,4.00,4.00,31.99,9.9,28,28,72.2,61,-347,96,0,0,667,533,0,0,-1,0,0,-1,-1,-1,-1,-1,-1,0,0,
2026-03-25,18:16:46.180,7.53,92,93,93,-0.158,26.96,50,0,8.07,-0.293,1.056,-0.73,52,0,167.48,-17.34,10,0.00,3.99,4.01,3.99,4.01,3.99,3.99,3.99,3.99,31.99,9.9,28,28,71.9,52,-341,97,0,0,667,533,0,0,-1,0,0,-1,-1,-1,-1,-1,-1,0,0,
2026-03-25,18:16:46.440,7.52,94,94,93,-0.155,26.88,50,0,8.07,-0.288,1.030,-0.47,54,0,167.55,-17.51,10,0.00,3.97,3.99,3.99,4.01,3.99,3.99,3.99,3.99,31.98,10.1,28,28,71.9,49,-291,97,0,0,667,533,0,0,-1,0,0,-1,-1,-1,-1,-1,-1,0,0,
2026-03-25,18:16:46.700,7.52,95,95,93,-0.155,26.97,50,0,8.09,-0.275,0.976,-0.07,53,0,170.30,-17.82,10,0.00,3.97,3.99,3.98,3.99,3.99,3.99,3.99,3.99,31.98,10.5,28,28,71.1,59,-400,97,0,0,667,533,0,0,-1,0,0,-1,-1,-1,-1,-1,-1,0,0,
2026-03-25,18:16:46.970,7.53,95,95,93,-0.151,27.12,50,0,8.08,-0.295,1.009,0.35,53,0,171.66,-18.27,10,0.00,3.97,3.99,3.98,3.99,3.97,3.97,3.99,3.99,31.96,10.5,28,28,70.7,33,-386,92,0,0,667,533,0,0,-1,0,0,-1,-1,-1,-1,-1,-1,0,0,
2026-03-25,18:16:47.230,7.53,96,96,94,-0.155,27.23,49,0,8.07,-0.297,1.051,0.37,52,0,172.11,-19.53,10,0.00,3.97,3.99,3.98,3.99,3.97,3.97,3.98,3.99,31.95,10.0,28,28,70.7,16,-365,90,0,0,667,533,0,0,-1,0,0,-1,-1,-1,-1,-1,-1,0,0,
2026-03-25,18:16:47.490,7.52,95,95,94,-0.159,27.37,49,0,8.10,-0.297,1.045,0.42,54,0,172.20,-20.18,10,0.00,3.96,3.98,3.98,3.99,3.97,3.97,3.98,3.99,31.95,10.0,29,28,70.6,0,-341,77,0,0,667,533,0,0,-1,0,0,-1,-1,-1,-1,-1,-1,0,0,
2026-03-25,18:16:47.760,7.52,95,95,94,-0.144,27.84,49,0,8.10,-0.282,0.985,0.79,55,0,172.83,-20.24,10,0.00,3.96,3.98,3.97,3.98,3.97,3.97,3.98,3.99,31.94,10.0,29,28,69.3,27,-341,77,0,0,667,533,0,0,-1,0,0,-1,-1,-1,1,-1,-1,1,0,
2026-03-25,18:16:48.030,7.53,95,95,94,-0.148,28.16,48,0,8.11,-0.287,0.989,0.96,54,0,173.34,-20.38,10,0.00,3.96,3.98,3.97,3.98,3.97,3.97,3.98,3.99,31.94,10.0,29,28,69.3,0,-187,62,0,0,667,532,0,0,-1,0,0,-1,-1,-1,-1,-1,-1,1,0,
2026-03-25,18:16:48.290,7.53,96,96,95,-0.137,28.53,48,0,8.14,-0.245,0.932,1.16,55,0,173.59,-20.22,10,0.00,3.96,3.98,3.97,3.98,3.97,3.97,3.98,3.99,31.94,10.0,29,28,68.5,0,-95,57,0,0,667,533,0,0,-1,0,0,-1,-1,-1,-1,-1,-1,1,0,
2026-03-25,18:16:48.560,7.53,99,99,95,-0.124,28.95,47,0,8.16,-0.226,0.790,1.32,54,0,175.03,-17.60,10,0.00,3.96,3.98,3.97,3.98,3.97,3.97,3.98,3.99,31.94,10.0,29,28,67.6,0,11,56,0,0,667,533,0,0,-1,0,0,-1,-1,-1,-1,-1,-1,1,0,
2026-03-25,18:16:48.820,7.53,99,99,96,-0.099,29.39,47,0,8.16,-0.196,0.694,1.43,53,0,175.76,-15.89,10,0.00,3.96,3.99,3.97,3.98,3.97,3.97,3.98,3.99,31.94,9.8,29,28,68.5,0,-30,57,0,0,667,533,0,0,-1,0,0,-1,-1,-1,-1,-1,-1,0,0,
2026-03-25,18:16:49.080,7.53,98,100,100,-0.087,29.78,47,0,8.12,-0.193,0.668,1.45,54,0,176.60,-12.41,10,0.00,3.96,3.99,3.98,3.98,3.97,3.97,3.98,3.99,31.94,9.8,29,28,68.5,0,-184,59,0,0,667,533,0,0,-1,0,0,-1,-1,-1,-1,-1,-1,0,0,
2026-03-25,18:16:49.340,7.52,96,100,100,-0.109,29.96,47,0,8.10,-0.213,0.774,1.03,52,0,176.65,-10.77,10,0.00,3.96,3.99,3.98,3.98,3.98,3.97,3.98,3.99,31.93,9.8,29,28,68.5,0,-264,68,-4,0,667,533,0,0,-1,0,0,-1,-1,-1,-1,-1,-1,0,0,
2026-03-25,18:16:49.610,7.52,92,100,100,-0.123,29.96,48,0,8.08,-0.236,0.879,0.45,53,0,176.36,-11.00,10,0.00,3.96,3.99,3.98,3.98,3.98,3.97,3.98,3.99,31.93,9.8,29,28,70.0,0,-263,108,0,0,667,533,0,0,-1,0,0,-1,-1,-1,-1,-1,-1,0,0,
2026-03-25,18:16:49.880,7.52,90,100,100,-0.125,29.64,48,0,8.08,-0.267,0.909,-0.40,52,0,174.76,-11.64,10,0.00,3.96,3.99,3.98,3.98,3.98,3.97,3.98,3.99,31.91,9.8,29,28,70.2,0,-282,115,0,0,667,533,0,0,-1,0,0,-1,-1,-1,-1,-1,-1,0,0,
2026-03-25,18:16:50.140,7.53,91,100,100,-0.139,29.20,48,0,8.07,-0.265,0.947,-1.16,51,0,172.29,-11.68,10,0.00,3.96,3.99,3.98,3.98,3.98,3.97,3.98,3.99,31.91,9.8,29,28,70.2,0,-321,114,0,0,667,533,0,0,-1,0,0,-1,-1,-1,-1,-1,-1,0,0,
2026-03-25,18:16:50.410,7.53,96,100,100,-0.141,28.50,48,0,8.07,-0.273,1.004,-1.19,52,0,172.00,-12.18,10,0.00,3.96,3.99,3.97,3.98,3.98,3.97,3.98,3.99,31.89,9.8,29,28,72.2,0,-360,140,0,0,667,533,0,0,-1,0,0,-1,-1,-1,-1,-1,-1,0,0,
2026-03-25,18:16:50.670,7.53,99,100,100,-0.160,28.11,48,0,8.10,-0.318,1.064,-1.29,51,0,172.73,-13.95,10,0.00,3.96,3.99,3.97,3.98,3.97,3.97,3.98,3.99,31.89,9.8,29,28,73.2,0,-328,193,-15,0,667,533,0,0,-1,0,0,-1,-1,-1,-1,-1,-1,0,0,
2026-03-25,18:16:50.930,7.53,100,100,100,-0.156,27.70,48,0,8.14,-0.332,1.077,-1.34,50,0,173.62,-14.79,10,0.00,3.96,3.99,3.97,3.98,3.97,3.97,3.97,3.98,31.84,10.7,29,28,73.2,0,-320,191,0,0,667,533,0,0,-1,0,0,-1,-1,-1,-1,-1,-1,0,0,
2026-03-25,18:16:51.200,7.53,98,100,100,-0.159,27.31,49,0,8.13,-0.322,1.076,-1.44,49,0,174.58,-16.24,10,0.00,3.95,3.97,3.97,3.98,3.97,3.97,3.97,3.98,31.84,11.0,29,28,74.6,0,-258,188,0,0,667,533,0,0,-1,0,0,-1,-1,-1,-1,-1,-1,0,0,
2026-03-25,18:16:51.460,7.53,97,100,100,-0.146,26.99,51,0,8.15,-0.296,1.007,-1.20,47,0,175.09,-16.99,10,0.00,3.95,3.97,3.96,3.97,3.97,3.97,3.97,3.98,31.80,11.0,29,28,75.4,0,-224,159,-8,0,667,533,0,0,-1,0,0,-1,-1,-1,-1,-1,-1,0,0,
2026-03-25,18:16:51.720,7.52,96,100,100,-0.131,26.86,51,0,8.10,-0.250,0.940,-0.88,47,0,175.82,-16.86,10,0.00,3.95,3.97,3.96,3.97,3.95,3.95,3.97,3.98,31.80,11.3,29,28,75.9,0,-264,133,-23,0,667,533,0,0,-1,0,0,-1,-1,-1,-1,-1,-1,0,0,
2026-03-25,18:16:52.000,7.52,96,100,100,-0.137,26.93,52,0,8.08,-0.249,0.990,-0.20,48,0,174.86,-16.75,10,0.00,3.95,3.97,3.96,3.97,3.95,3.95,3.96,3.97,31.79,11.3,29,28,76.7,0,-231,132,-134,0,667,533,0,0,-1,0,0,-1,-1,-1,-1,-1,-1,0,0,
2026-03-25,18:16:52.270,7.53,97,100,100,-0.142,27.00,52,0,8.12,-0.255,1.016,0.11,48,0,173.42,-16.70,10,0.00,3.94,3.97,3.96,3.97,3.95,3.95,3.96,3.97,31.79,10.6,29,28,75.9,0,-213,132,-163,0,667,533,0,0,-1,0,0,-1,-1,-1,-1,-1,-1,0,0,
2026-03-25,18:16:52.540,7.53,98,100,100,-0.149,27.05,53,0,8.15,-0.249,0.993,0.16,50,0,170.97,-16.25,10,0.00,3.94,3.97,3.96,3.97,3.95,3.95,3.96,3.97,31.79,10.6,29,28,75.9,0,-193,129,-98,0,667,533,0,0,-1,0,0,-1,-1,-1,-1,-1,-1,0,0,
2026-03-25,18:16:52.800,7.53,100,100,100,-0.148,27.02,54,0,8.16,-0.246,0.969,0.03,50,0,172.02,-16.45,10,0.00,3.94,3.97,3.96,3.97,3.95,3.95,3.96,3.97,31.79,10.7,29,28,75.9,0,-187,128,-28,0,667,533,0,0,-1,0,0,-1,-1,-1,-1,-1,-1,0,0,
2026-03-25,18:16:53.070,7.53,100,100,100,-0.147,27.27,54,0,8.17,-0.245,0.962,0.27,51,0,173.74,-16.79,10,0.00,3.94,3.97,3.96,3.97,3.96,3.96,3.96,3.97,31.79,10.7,29,28,75.6,0,-166,126,0,0,667,533,0,0,-1,0,0,-1,-1,-1,-1,-1,-1,0,0,
2026-03-25,18:16:53.330,7.53,100,100,100,-0.124,27.30,54,0,8.14,-0.233,0.918,0.20,52,0,176.90,-16.58,10,0.00,3.94,3.97,3.96,3.97,3.96,3.96,3.97,3.97,31.80,10.7,29,28,76.1,0,-158,118,0,0,667,532,0,0,-1,0,0,-1,-1,-1,-1,-1,-1,0,0,
2026-03-25,18:16:53.600,7.53,100,100,100,-0.112,27.27,54,0,8.11,-0.221,0.882,0.03,52,0,176.71,-16.03,10,0.00,3.95,3.97,3.96,3.97,3.96,3.96,3.97,3.97,31.80,10.7,29,28,75.9,0,-162,103,0,0,667,533,0,0,-1,0,0,-1,-1,-1,-1,-1,-1,0,0,
2026-03-25,18:16:53.860,7.53,99,100,100,-0.110,27.33,54,0,8.09,-0.213,0.901,0.07,55,0,173.57,-14.54,10,0.00,3.95,3.97,3.96,3.97,3.96,3.96,3.97,3.97,31.81,10.8,29,28,76.1,0,-186,100,0,0,667,533,0,0,-1,0,0,-1,-1,-1,-1,-1,-1,0,0,
2026-03-25,18:16:54.130,7.52,99,100,100,-0.116,27.31,54,0,8.08,-0.196,0.892,0.03,57,0,171.95,-13.77,10,0.00,3.95,3.97,3.96,3.97,3.96,3.96,3.97,3.97,31.81,10.8,29,28,77.2,0,-255,101,0,0,667,533,0,0,-1,0,0,-1,-1,-1,-1,-1,-1,0,0,
2026-03-25,18:16:54.390,7.53,99,100,100,-0.139,27.40,54,0,8.07,-0.213,0.979,0.03,58,0,170.94,-13.30,10,0.00,3.95,3.97,3.96,3.97,3.96,3.96,3.97,3.98,31.81,10.7,29,28,77.6,0,-366,100,66,0,667,533,0,0,-1,0,0,-1,-1,-1,-1,-1,-1,0,0,
2026-03-25,18:16:54.650,7.53,100,100,100,-0.164,27.31,54,0,8.07,-0.263,1.140,-0.03,58,0,172.94,-15.70,10,0.00,3.95,3.98,3.96,3.97,3.96,3.96,3.97,3.98,31.81,10.7,29,28,77.6,0,-336,101,88,0,667,533,0,0,-1,0,0,-1,-1,-1,-1,-1,-1,0,0,
2026-03-25,18:16:54.910,7.52,100,100,100,-0.161,27.04,54,0,8.09,-0.267,1.144,-0.51,56,0,174.38,-17.10,10,0.00,3.95,3.98,3.96,3.97,3.96,3.96,3.97,3.98,31.82,10.6,29,28,76.9,0,-312,101,98,0,666,533,0,0,-1,0,0,-1,-1,-1,-1,-1,-1,0,0,
2026-03-25,18:16:55.180,7.53,100,100,100,-0.128,26.72,54,0,8.08,-0.239,1.036,-0.97,58,0,174.67,-17.88,10,0.00,3.95,3.98,3.96,3.98,3.96,3.96,3.97,3.98,31.82,10.6,29,28,76.3,0,-313,101,102,0,667,533,0,0,-1,0,0,-1,-1,-1,-1,-1,-1,0,0,
2026-03-25,18:16:55.450,7.53,100,100,100,-0.143,26.71,54,0,8.10,-0.243,1.036,-0.51,57,0,174.33,-17.87,10,0.00,3.95,3.98,3.96,3.98,3.96,3.97,3.97,3.98,31.83,10.5,29,28,76.9,0,-283,101,184,0,667,533,0,0,-1,0,0,-1,-1,-1,-1,-1,-1,0,0,
2026-03-25,18:16:55.720,7.52,99,100,100,-0.137,26.78,54,0,8.10,-0.244,1.028,0.00,56,0,175.18,-18.34,10,0.00,3.95,3.98,3.96,3.98,3.96,3.97,3.97,3.98,31.83,10.4,29,28,76.1,0,-340,101,201,0,667,533,0,0,-1,0,0,-1,-1,-1,-1,-1,-1,0,0,
2026-03-25,18:16:55.980,7.52,99,100,100,-0.126,26.83,54,0,8.08,-0.244,1.020,0.00,58,0,177.98,-18.88,10,0.00,3.95,3.98,3.96,3.98,3.96,3.97,3.97,3.98,31.83,10.4,29,28,76.1,0,-348,101,226,0,667,533,0,0,-1,0,0,-1,-1,-1,-1,-1,-1,0,0,
2026-03-25,18:16:56.250,7.53,99,100,100,-0.120,26.91,54,0,8.08,-0.257,1.037,0.09,54,0,177.90,-19.24,10,0.00,3.95,3.98,3.96,3.98,3.96,3.97,3.97,3.98,31.83,10.6,29,28,76.1,0,-370,101,196,0,667,533,0,0,-1,0,0,-1,-1,-1,-1,-1,-1,0,0,
2026-03-25,18:16:56.520,7.52,100,100,100,-0.123,27.08,53,0,8.07,-0.261,1.051,0.40,55,0,176.78,-19.64,10,0.00,3.95,3.98,3.96,3.98,3.96,3.96,3.97,3.98,31.83,10.6,29,28,74.8,0,-365,102,213,0,667,533,0,0,-1,0,0,-1,-1,-1,-1,-1,-1,0,0,
2026-03-25,18:16:56.780,7.52,100,100,100,-0.126,27.08,53,0,8.07,-0.261,1.031,0.50,53,0,176.50,-19.90,10,0.00,3.95,3.98,3.96,3.98,3.96,3.96,3.97,3.98,31.83,10.6,29,28,74.6,0,-353,101,234,0,667,533,0,0,-1,0,0,-1,-1,-1,-1,-1,-1,0,0,
2026-03-25,18:16:57.040,7.52,100,100,100,-0.122,27.45,53,0,8.07,-0.269,1.030,0.60,52,0,177.70,-20.87,10,0.00,3.95,3.98,3.96,3.98,3.96,3.96,3.97,3.98,31.83,10.6,29,28,74.6,0,-371,101,265,0,667,533,0,0,-1,0,0,-1,-1,-1,-1,-1,-1,0,0,
2026-03-25,18:16:57.300,7.52,100,100,100,-0.118,27.70,53,0,8.07,-0.270,1.017,0.83,51,0,177.90,-21.19,10,0.00,3.95,3.98,3.96,3.98,3.96,3.96,3.97,3.98,31.82,10.4,29,28,73.5,0,-388,99,271,0,666,533,0,0,-1,0,0,-1,-1,-1,-1,-1,-1,0,0,
2026-03-25,18:16:57.560,7.53,99,100,100,-0.122,27.97,53,0,8.07,-0.279,1.042,0.82,52,0,178.14,-21.34,10,0.00,3.95,3.98,3.96,3.97,3.96,3.96,3.97,3.98,31.82,10.4,29,28,73.5,0,-384,99,258,0,667,533,0,0,-1,0,0,-1,-1,-1,-1,-1,-1,0,0,
2026-03-25,18:16:57.820,7.53,99,100,100,-0.123,28.33,52,0,8.07,-0.278,1.012,1.05,53,0,178.50,-21.74,10,0.00,3.95,3.98,3.96,3.97,3.96,3.96,3.97,3.98,31.82,10.4,29,28,72.4,0,-378,98,238,0,667,532,0,0,-1,0,0,-1,-1,-1,-1,-1,-1,0,0,
2026-03-25,18:16:58.080,7.53,99,100,100,-0.116,28.64,51,0,8.12,-0.286,1.025,1.14,54,0,178.64,-22.03,10,0.00,3.95,3.98,3.96,3.97,3.96,3.96,3.97,3.97,31.82,10.4,29,28,71.7,0,-284,98,300,0,667,533,0,0,-1,0,0,-1,-1,-1,-1,-1,-1,0,0,
2026-03-25,18:16:58.340,7.52,98,100,100,-0.113,28.92,50,0,8.09,-0.277,0.962,1.03,53,0,178.07,-21.66,10,0.00,3.95,3.97,3.96,3.97,3.96,3.96,3.97,3.97,31.81,10.2,29,28,71.1,33,-330,99,293,0,667,533,0,0,-1,0,0,-1,-1,-1,-1,-1,-1,0,0,
2026-03-25,18:16:58.600,7.52,97,100,100,-0.106,29.26,49,0,8.08,-0.273,0.915,1.10,51,0,178.81,-21.09,10,0.00,3.95,3.97,3.96,3.97,3.96,3.96,3.97,3.97,31.81,10.2,29,28,70.0,43,-380,101,245,0,667,533,0,0,-1,0,0,-1,-1,-1,-1,-1,-1,0,0,
2026-03-25,18:16:58.860,7.53,97,99,99,-0.107,29.57,48,0,8.07,-0.282,0.965,1.05,47,0,179.55,-21.27,10,0.00,3.95,3.97,3.96,3.97,3.96,3.96,3.97,3.97,31.81,10.3,29,28,70.0,48,-374,102,224,0,667,533,0,0,-1,0,0,-1,-1,-1,-1,-1,-1,0,0,
2026-03-25,18:16:59.140,7.53,99,99,98,-0.118,30.23,47,0,8.07,-0.286,0.972,1.10,44,0,178.98,-21.44,10,0.00,3.95,3.97,3.96,3.97,3.96,3.96,3.97,3.97,31.81,10.3,29,28,69.3,135,-330,101,301,0,667,533,0,0,-1,0,0,-1,-1,-1,-1,-1,-1,0,0,
2026-03-25,18:16:59.400,7.53,100,100,98,-0.114,30.44,48,0,8.07,-0.274,0.934,0.89,47,0,178.98,-21.24,10,0.00,3.95,3.97,3.96,3.97,3.96,3.96,3.97,3.97,31.81,10.3,29,28,69.3,150,-378,100,323,0,667,533,0,0,-1,0,0,-1,-1,-1,-1,-1,-1,0,0,
2026-03-25,18:16:59.660,7.52,100,100,98,-0.116,30.67,48,0,8.07,-0.278,0.949,0.85,50,0,-177.25,-21.32,10,0.00,3.95,3.97,3.96,3.97,3.96,3.96,3.97,3.97,31.81,10.3,29,28,69.3,146,-493,100,342,0,667,533,0,0,-1,0,0,-1,-1,-1,-1,-1,-1,0,0,
2026-03-25,18:16:59.930,7.53,100,100,98,-0.128,30.78,50,0,8.07,-0.319,1.019,0.55,52,0,-177.42,-22.19,10,0.00,3.95,3.97,3.96,3.97,3.96,3.96,3.97,3.97,31.79,10.2,29,28,69.1,142,-638,99,263,0,667,533,0,0,-1,0,0,-1,-1,-1,-1,-1,-1,0,0,
2026-03-25,18:17:00.200,7.53,100,100,98,-0.158,30.76,52,0,8.07,-0.357,1.208,0.24,48,0,-174.80,-26.34,10,0.00,3.95,3.97,3.96,3.97,3.96,3.96,3.97,3.97,31.79,10.1,29,28,68.2,124,-467,98,130,0,667,533,0,0,-1,0,0,-1,-1,-1,-1,-1,-1,0,0,
2026-03-25,18:17:00.460,7.53,100,100,98,-0.147,30.88,53,0,8.07,-0.340,1.092,0.21,46,0,-171.91,-29.06,10,0.00,3.95,3.97,3.96,3.97,3.96,3.96,3.96,3.97,31.79,10.1,29,28,67.6,117,-446,99,88,0,667,533,0,0,-1,0,0,-1,-1,-1,-1,-1,-1,0,0,
2026-03-25,18:17:00.730,7.53,100,100,98,-0.131,31.00,54,0,8.07,-0.321,1.055,0.40,47,0,-170.70,-28.96,10,0.00,3.94,3.97,3.96,3.97,3.96,3.96,3.96,3.97,31.78,10.0,29,28,67.4,113,-441,99,72,0,667,533,0,0,-1,0,0,-1,-1,-1,-1,-1,-1,0,0,
2026-03-25,18:17:01.010,7.53,100,100,98,-0.129,30.97,54,0,8.07,-0.296,1.007,0.19,44,0,-169.20,-28.14,10,0.00,3.94,3.97,3.95,3.97,3.96,3.96,3.96,3.97,31.78,10.0,29,28,68.2,113,-466,100,18,0,667,533,0,0,-1,0,0,-1,-1,-1,-1,-1,-1,0,0,
2026-03-25,18:17:01.280,7.53,99,99,98,-0.158,30.97,54,0,8.07,-0.306,1.083,-0.20,41,0,-168.00,-28.45,10,0.00,3.94,3.97,3.95,3.97,3.95,3.96,3.96,3.97,31.77,10.0,29,28,68.7,105,-551,100,0,0,667,533,0,0,-1,0,0,-1,-1,-1,-1,-1,-1,0,0,
2026-03-25,18:17:01.560,7.52,99,99,98,-0.163,30.65,53,0,8.07,-0.317,1.122,-0.21,44,0,-165.42,-29.74,10,0.00,3.94,3.97,3.95,3.97,3.95,3.96,3.96,3.97,31.77,10.0,29,28,69.1,87,-532,99,0,0,667,533,0,0,-1,0,0,-1,-1,-1,-1,-1,-1,0,0,
2026-03-25,18:17:01.820,7.52,100,100,97,-0.156,30.44,52,0,8.07,-0.332,1.184,-0.37,43,0,-158.90,-32.57,10,0.00,3.94,3.97,3.95,3.97,3.95,3.96,3.96,3.97,31.77,10.0,29,28,69.1,66,-491,99,0,0,667,533,0,0,-1,0,0,-1,-1,-1,-1,-1,-1,0,0,
2026-03-25,18:17:02.090,7.53,100,100,97,-0.152,30.08,52,0,8.07,-0.302,1.172,-0.91,44,0,-156.56,-33.17,10,0.00,3.94,3.97,3.95,3.97,3.95,3.96,3.96,3.97,31.77,10.0,29,28,70.2,40,-491,100,0,0,667,533,0,0,-1,0,0,-1,-1,-1,-1,-1,-1,0,0,
2026-03-25,18:17:02.360,7.53,100,100,95,-0.143,29.66,51,0,8.07,-0.308,1.142,-1.25,37,0,-153.97,-33.21,10,0.00,3.94,3.97,3.96,3.97,3.95,3.96,3.96,3.97,31.77,10.4,29,28,71.3,0,-497,100,0,0,667,533,0,0,-1,0,0,-1,-1,-1,-1,-1,-1,0,0,
2026-03-25,18:17:02.620,7.53,100,100,94,-0.145,29.07,51,0,8.07,-0.291,1.172,-1.25,38,0,-151.93,-33.17,10,0.00,3.94,3.97,3.96,3.97,3.95,3.96,3.96,3.97,31.77,10.4,29,28,72.4,0,-495,99,0,0,667,533,0,0,-1,0,0,-1,-1,-1,-1,-1,-1,0,0,
2026-03-25,18:17:02.880,7.53,99,99,95,-0.145,28.51,50,0,8.07,-0.284,1.176,-1.88,39,0,-150.57,-33.34,10,0.00,3.94,3.97,3.96,3.97,3.95,3.96,3.96,3.97,31.77,10.3,29,28,74.3,0,-526,99,-46,0,667,533,0,0,-1,0,0,-1,-1,-1,-1,-1,-1,0,1,
2026-03-25,18:17:03.140,7.52,99,99,96,-0.158,27.93,49,0,8.07,-0.291,1.251,-1.94,38,0,-147.27,-33.91,10,0.00,3.94,3.97,3.96,3.97,3.95,3.96,3.96,3.97,31.77,10.3,29,28,75.6,-18,-420,98,-203,0,667,533,0,0,-1,0,0,-1,-1,-1,-1,-1,-1,0,1,
2026-03-25,18:17:03.400,7.52,98,98,96,-0.161,27.25,48,0,8.07,-0.283,1.233,-2.15,37,0,-146.43,-33.88,10,0.00,3.94,3.97,3.95,3.97,3.95,3.96,3.96,3.97,31.77,10.6,29,28,76.7,-62,-217,98,-332,0,667,533,0,0,-1,0,0,-1,-1,-1,-1,-1,-1,0,1,
2026-03-25,18:17:03.670,7.52,96,96,94,-0.125,26.42,45,0,8.07,-0.202,0.994,-2.61,34,0,-149.08,-30.66,10,0.00,3.94,3.97,3.95,3.97,3.95,3.96,3.96,3.97,31.77,10.6,29,28,78.7,-82,-295,100,-379,0,666,533,0,0,-1,0,0,-1,-1,-1,-1,-1,-1,0,1,
2026-03-25,18:17:03.940,7.52,92,94,94,-0.149,25.84,43,0,8.07,-0.198,1.056,-2.32,36,0,-154.19,-27.86,10,0.00,3.94,3.97,3.95,3.97,3.95,3.96,3.96,3.97,31.78,10.4,29,28,78.7,-90,-423,101,-423,0,667,533,0,0,-1,0,0,-1,-1,-1,-1,-1,-1,0,1,
2026-03-25,18:17:04.220,7.52,87,94,94,-0.166,25.31,41,0,8.07,-0.201,1.144,-2.04,37,0,-163.78,-24.95,10,0.00,3.94,3.97,3.95,3.97,3.95,3.96,3.97,3.97,31.79,10.5,29,28,80.2,-105,-448,101,-451,0,667,533,0,0,-1,0,0,-1,-1,-1,-1,-1,-1,0,1,
2026-03-25,18:17:04.490,7.53,82,94,94,-0.203,23.46,40,0,8.07,-0.258,1.315,-2.16,39,0,-166.62,-28.08,10,0.00,3.94,3.97,3.95,3.97,3.95,3.96,3.97,3.97,31.79,10.5,29,28,82.4,-132,-237,100,-494,0,667,533,0,0,-1,0,0,-1,-1,-1,-1,-1,-1,0,1,
2026-03-25,18:17:04.750,7.53,77,94,94,-0.174,22.27,40,0,8.09,-0.224,1.199,-3.93,42,0,-168.14,-28.43,10,0.00,3.94,3.97,3.96,3.97,3.95,3.96,3.97,3.97,31.80,10.5,29,28,81.9,-197,-209,98,-557,0,667,533,0,0,-1,0,0,-1,-1,-1,-1,-1,-1,0,1,
2026-03-25,18:17:05.010,7.53,74,94,94,-0.141,22.27,39,0,8.08,-0.152,1.036,-2.84,41,0,-175.98,-25.19,10,0.00,3.94,3.97,3.96,3.97,3.96,3.96,3.97,3.97,31.80,10.5,29,28,84.6,-230,-277,100,-570,0,666,533,0,0,-1,0,0,-1,-1,-1,-1,-1,-1,0,1,
2026-03-25,18:17:05.270,7.53,71,93,93,-0.155,21.10,39,0,8.07,-0.172,1.021,-2.28,42,0,158.51,-23.27,10,0.00,3.94,3.97,3.96,3.97,3.96,3.96,3.97,3.98,31.82,10.4,29,28,85.6,-239,-366,99,-364,0,667,533,0,0,-1,0,0,-1,-1,-1,-1,-1,-1,0,1,
2026-03-25,18:17:05.530,7.52,73,93,93,-0.171,20.45,40,0,8.07,-0.204,1.237,-2.31,43,0,165.55,-21.91,10,0.00,3.95,3.98,3.96,3.97,3.96,3.96,3.97,3.98,31.82,10.4,29,28,86.5,-152,-313,94,0,0,667,533,0,0,-1,0,0,-1,-1,-1,-1,-1,-1,0,0,
2026-03-25,18:17:05.800,7.52,76,94,94,-0.151,19.81,42,0,8.09,-0.183,1.186,-2.23,44,0,164.02,-23.49,10,0.00,3.95,3.98,3.96,3.97,3.96,3.96,3.97,3.98,31.84,10.2,29,28,86.5,-142,-237,0,-99,0,667,533,0,0,-1,0,0,-1,-1,-1,-1,-1,-1,0,0,
2026-03-25,18:17:06.060,7.52,86,94,94,-0.117,19.05,43,0,8.08,-0.145,1.128,-2.47,46,0,165.00,-25.07,10,0.00,3.95,3.98,3.96,3.97,3.97,3.97,3.97,3.98,31.84,10.2,29,28,85.0,-152,-270,-12,-128,0,666,533,0,0,-1,0,0,-1,-1,-1,-1,-1,-1,0,0,
2026-03-25,18:17:06.330,7.52,94,96,96,-0.098,18.61,45,0,8.07,-0.130,1.090,-2.05,45,0,156.43,-23.18,10,0.00,3.95,3.98,3.96,3.97,3.97,3.97,3.97,3.98,31.88,7.3,29,28,85.0,-150,-227,-12,0,0,667,533,0,0,-1,0,0,-1,-1,-1,-1,-1,-1,0,0,
2026-03-25,18:17:06.590,7.52,100,100,97,-0.110,18.29,48,0,8.07,-0.099,1.030,-1.47,46,0,152.23,-22.06,10,0.00,3.95,3.98,3.96,3.97,3.97,3.97,3.98,3.99,31.88,7.3,29,28,84.6,0,-104,-13,250,0,667,533,0,0,-1,0,0,-1,-1,-1,-1,-1,-1,0,0,
2026-03-25,18:17:06.850,7.52,100,100,97,-0.099,18.01,48,0,8.07,-0.079,0.878,-1.17,49,0,154.17,-18.27,10,0.00,3.97,3.99,3.96,3.97,3.97,3.97,3.98,3.99,31.91,7.6,29,28,84.6,5,-193,-14,219,0,667,533,0,0,-1,0,0,-1,-1,-1,-1,-1,-1,0,0,
2026-03-25,18:17:07.110,7.53,97,97,97,-0.118,17.89,47,0,8.07,-0.099,0.980,-0.74,54,0,157.58,-17.63,10,0.00,3.97,3.99,3.98,3.99,3.97,3.97,3.98,3.99,31.91,7.6,29,28,84.6,0,-275,-14,66,0,667,533,0,0,-1,0,0,-1,-1,-1,-1,-1,-1,0,0,
2026-03-25,18:17:07.380,7.52,91,97,97,-0.124,17.36,46,0,8.07,-0.119,1.038,-0.65,57,0,162.89,-18.35,10,0.00,3.97,3.99,3.98,3.99,3.98,3.99,3.98,3.99,31.95,7.4,29,28,84.5,0,-172,-14,0,0,667,533,0,0,-1,0,0,-1,-1,-1,-1,-1,-1,0,0,
2026-03-25,18:17:07.640,7.52,89,99,98,-0.129,17.02,45,0,8.09,-0.120,1.002,-1.10,59,0,165.06,-17.43,10,0.00,3.97,3.99,3.98,3.99,3.98,3.99,3.99,4.00,31.95,7.4,29,28,82.8,0,-68,-14,22,0,667,533,0,0,-1,0,0,-1,-1,-1,-1,-1,-1,0,0,
2026-03-25,18:17:07.900,7.53,90,99,99,-0.122,16.87,45,0,8.10,-0.094,0.902,-0.82,61,0,166.70,-15.93,10,0.00,3.98,3.99,3.98,3.99,3.98,3.99,3.99,4.00,31.97,7.7,29,28,82.6,2,-110,-15,115,0,667,533,0,0,-1,0,0,-1,-1,-1,-1,-1,-1,0,0,
2026-03-25,18:17:08.160,7.53,93,99,99,-0.109,16.66,46,0,8.08,-0.085,0.858,-0.66,61,0,171.45,-14.46,10,0.00,3.98,3.99,3.99,4.00,3.98,3.99,3.99,4.00,31.97,7.7,29,28,82.8,10,-310,-14,0,0,667,533,0,0,-1,0,0,-1,-1,-1,-1,-1,-1,0,0,
2026-03-25,18:17:08.420,7.53,93,99,99,-0.135,16.25,48,0,8.08,-0.107,0.955,-1.08,60,0,173.69,-15.06,10,0.00,3.98,3.99,3.99,4.00,3.98,3.99,3.99,4.00,31.99,7.7,29,28,82.8,1,-331,0,0,0,667,533,0,0,-1,0,0,-1,-1,-1,-1,-1,-1,0,0,
2026-03-25,18:17:08.680,7.52,95,99,99,-0.145,15.87,52,0,8.07,-0.107,1.127,-1.28,56,0,173.80,-16.21,10,0.00,3.98,3.99,3.99,4.00,3.98,3.99,3.99,4.00,31.99,7.7,29,28,83.2,0,-289,28,-34,0,667,533,0,0,-1,0,0,-1,-1,-1,-1,-1,-1,0,0,
2026-03-25,18:17:08.940,7.52,98,99,99,-0.141,15.35,56,0,8.07,-0.164,1.067,-1.51,60,0,173.02,-17.12,10,0.00,3.98,3.99,3.99,4.00,3.98,3.99,3.99,4.00,31.99,8.4,29,28,82.8,0,-232,27,-99,0,667,533,0,0,-1,0,0,-1,-1,-1,-1,-1,-1,0,0,
2026-03-25,18:17:09.200,7.52,100,100,100,-0.143,14.93,58,0,8.07,-0.162,1.036,-1.60,62,0,173.69,-17.33,10,0.00,3.97,4.00,3.99,4.00,3.98,3.99,3.99,4.00,31.99,8.4,29,28,81.9,0,-230,26,-118,0,667,532,0,0,-1,0,0,-1,-1,-1,-1,-1,-1,0,0,
2026-03-25,18:17:09.470,7.53,100,100,100,-0.139,14.64,62,0,8.07,-0.156,1.017,-1.25,64,0,174.76,-16.36,10,0.00,3.97,4.00,3.99,3.99,3.98,3.99,3.99,4.00,31.99,8.9,29,28,81.7,0,-236,27,-146,0,667,533,0,0,-1,0,0,-1,-1,-1,-1,-1,-1,0,0,
2026-03-25,18:17:09.730,7.52,100,100,100,-0.137,14.40,64,0,8.07,-0.158,1.007,-0.97,66,0,174.43,-15.83,10,0.00,3.97,4.00,3.99,3.99,3.98,3.98,3.99,4.00,31.97,9.1,29,28,81.1,0,-320,78,-144,0,667,533,0,0,-1,0,0,-1,-1,-1,1,-1,-1,1,0,
2026-03-25,18:17:10.000,7.52,100,100,100,-0.156,14.13,66,0,8.10,-0.206,1.098,-0.94,71,0,172.94,-15.40,10,0.00,3.97,4.00,3.99,3.99,3.98,3.98,3.99,3.99,31.97,9.1,29,28,80.7,0,-213,67,-81,0,667,533,0,0,-1,0,0,-1,-1,-1,-1,-1,-1,1,0,
2026-03-25,18:17:10.270,7.53,100,100,100,-0.151,13.84,67,0,8.11,-0.189,1.020,-0.95,72,0,173.67,-16.34,10,0.00,3.97,4.00,3.99,3.99,3.98,3.98,3.99,3.99,31.96,10.0,29,28,80.7,0,-222,66,-37,0,667,533,0,0,-1,0,0,-1,-1,-1,-1,-1,-1,1,0,
2026-03-25,18:17:10.540,7.53,100,100,100,-0.140,13.59,69,0,8.09,-0.181,0.998,-0.38,70,0,175.31,-16.02,10,0.00,3.96,3.99,3.99,3.99,3.98,3.98,3.99,3.99,31.96,10.0,29,28,80.7,0,-250,66,-26,0,667,533,0,0,-1,0,0,-1,-1,-1,-1,-1,-1,1,0,
2026-03-25,18:17:10.800,7.53,100,100,100,-0.133,13.61,69,0,8.08,-0.188,1.001,-0.06,67,0,178.55,-16.29,10,0.00,3.96,3.99,3.98,3.99,3.98,3.98,3.99,3.99,31.94,9.9,29,28,79.6,0,-261,68,-81,0,667,533,0,0,-1,0,0,-1,-1,-1,-1,-1,-1,0,0,
2026-03-25,18:17:11.070,7.52,99,100,100,-0.132,13.56,70,0,8.07,-0.211,1.026,-0.11,67,0,178.39,-16.41,10,0.00,3.96,3.99,3.98,3.99,3.97,3.97,3.99,3.99,31.94,9.9,29,28,79.6,-8,-296,101,-213,0,667,533,0,0,-1,0,0,-1,-1,-1,-1,-1,-1,0,0,
2026-03-25,18:17:11.340,7.52,98,99,99,-0.150,13.47,70,0,8.07,-0.236,1.062,-0.25,62,0,173.12,-15.48,10,0.00,3.96,3.99,3.98,3.99,3.97,3.97,3.98,3.99,31.90,10.2,29,28,78.7,-12,-308,170,-230,0,667,533,0,0,-1,0,0,-1,-1,-1,-1,-1,-1,0,0,
2026-03-25,18:17:11.600,7.53,98,99,99,-0.183,13.31,68,0,8.07,-0.283,1.118,-0.38,64,0,169.04,-16.07,10,0.00,3.96,3.98,3.98,3.99,3.97,3.97,3.98,3.99,31.90,10.2,29,28,78.7,0,-309,175,-121,0,667,532,0,0,-1,0,0,-1,-1,-1,-1,-1,-1,0,0,
2026-03-25,18:17:11.870,7.53,98,99,99,-0.185,13.05,68,0,8.07,-0.289,1.126,-0.70,69,0,169.71,-17.18,10,0.00,3.96,3.98,3.96,3.97,3.97,3.97,3.98,3.99,31.86,11.0,29,28,78.7,-11,-260,173,-195,0,667,533,0,0,-1,0,0,-1,-1,-1,-1,-1,-1,0,0,
2026-03-25,18:17:12.140,7.53,98,99,99,-0.173,13.12,67,0,8.09,-0.279,1.060,-0.24,68,0,173.97,-19.49,10,0.00,3.96,3.98,3.96,3.97,3.96,3.96,3.98,3.99,31.86,11.0,29,28,77.4,-25,-174,172,-276,0,667,533,0,0,-1,0,0,-1,-1,-1,-1,-1,-1,0,0,
2026-03-25,18:17:12.410,7.52,98,99,99,-0.156,13.23,64,0,8.12,-0.252,0.995,0.10,64,0,173.86,-19.31,10,0.00,3.96,3.98,3.96,3.97,3.96,3.96,3.96,3.97,31.81,11.1,29,28,77.4,-29,-149,173,-290,0,667,533,0,0,-1,0,0,-1,-1,-1,-1,-1,-1,0,0,
2026-03-25,18:17:12.690,7.52,99,99,99,-0.144,13.60,63,0,8.13,-0.249,0.928,0.74,61,0,169.37,-17.39,10,0.00,3.94,3.96,3.96,3.97,3.96,3.96,3.96,3.97,31.81,11.1,29,28,76.9,-48,-174,174,-287,0,666,533,0,0,-1,0,0,-1,-1,-1,-1,-1,-1,0,0,
2026-03-25,18:17:12.950,7.53,99,99,99,-0.155,14.38,63,0,8.09,-0.252,0.930,1.31,61,0,165.84,-16.27,10,0.00,3.94,3.96,3.95,3.96,3.96,3.96,3.96,3.97,31.78,11.3,29,28,76.9,-52,-195,173,-260,0,667,533,0,0,-1,0,0,-1,-1,-1,-1,-1,-1,0,0,
2026-03-25,18:17:13.230,7.53,97,99,99,-0.163,14.79,61,0,8.08,-0.255,0.925,1.33,63,0,165.52,-16.08,10,0.00,3.94,3.96,3.95,3.96,3.96,3.96,3.96,3.97,31.78,11.1,29,28,76.7,-16,-199,173,-220,0,667,533,0,0,-1,0,0,-1,-1,-1,-1,-1,-1,0,0,
2026-03-25,18:17:13.500,7.53,96,99,99,-0.162,15.18,61,0,8.08,-0.262,0.950,1.38,59,0,165.65,-15.99,10,0.00,3.94,3.96,3.95,3.96,3.94,3.94,3.96,3.97,31.74,11.1,29,28,76.3,-19,-214,175,-204,0,667,533,0,0,-1,0,0,-1,-1,-1,-1,-1,-1,0,0,
2026-03-25,18:17:13.760,7.53,97,99,99,-0.161,15.47,61,0,8.07,-0.271,0.950,1.15,56,0,165.44,-15.96,10,0.00,3.94,3.96,3.95,3.96,3.94,3.94,3.95,3.96,31.71,11.2,29,28,75.6,-16,-218,176,-171,0,667,533,0,0,-1,0,0,-1,-1,-1,-1,-1,-1,0,0,
2026-03-25,18:17:14.030,7.52,98,99,99,-0.157,15.86,59,0,8.07,-0.274,0.957,1.22,57,0,164.86,-15.90,10,0.00,3.93,3.95,3.95,3.96,3.94,3.94,3.95,3.96,31.71,11.2,29,28,75.0,-25,-213,176,-168,0,667,533,0,0,-1,0,0,-1,-1,-1,-1,-1,-1,0,0,
2026-03-25,18:17:14.290,7.52,98,99,99,-0.156,16.23,60,0,8.07,-0.275,0.933,1.33,53,0,165.03,-15.83,10,0.00,3.93,3.95,3.94,3.95,3.94,3.94,3.95,3.96,31.68,10.9,29,28,74.3,0,-210,175,-102,0,667,533,0,0,-1,0,0,-1,-1,-1,-1,-1,-1,0,0,
2026-03-25,18:17:14.560,7.52,98,98,98,-0.160,16.57,61,0,8.07,-0.279,0.945,1.23,55,0,164.95,-15.77,10,0.00,3.93,3.95,3.94,3.95,3.94,3.94,3.95,3.96,31.68,10.9,29,28,74.1,0,-59,173,24,0,667,533,0,0,-1,0,0,-1,-1,-1,-1,-1,-1,0,0,
2026-03-25,18:17:14.820,7.52,99,99,98,-0.144,16.88,58,0,8.09,-0.255,0.848,1.14,60,0,165.36,-15.79,10,0.00,3.93,3.95,3.94,3.95,3.94,3.94,3.95,3.95,31.66,10.9,29,28,73.7,52,-158,176,196,0,667,533,0,0,-1,0,0,-1,-1,-1,-1,-1,-1,0,0,
2026-03-25,18:17:15.090,7.52,99,99,98,-0.128,17.26,57,0,8.08,-0.260,0.856,1.20,59,0,169.37,-14.97,10,0.00,3.92,3.95,3.94,3.95,3.94,3.94,3.95,3.95,31.66,10.9,29,28,73.7,82,-178,177,225,0,667,533,0,0,-1,0,0,-1,-1,-1,-1,-1,-1,0,1,
2026-03-25,18:17:15.360,7.53,97,99,99,-0.130,17.99,57,0,8.07,-0.268,0.871,1.37,58,0,173.17,-15.49,10,0.00,3.92,3.95,3.94,3.95,3.94,3.94,3.95,3.95,31.63,11.1,29,28,73.7,108,-190,177,259,0,667,533,0,0,-1,0,0,-1,-1,-1,-1,-1,-1,0,1,
2026-03-25,18:17:15.620,7.52,97,99,99,-0.123,18.16,58,0,8.07,-0.272,0.899,1.26,55,0,175.13,-15.89,10,0.00,3.92,3.95,3.94,3.95,3.94,3.94,3.95,3.95,31.63,11.1,29,28,73.2,120,-213,180,282,0,667,533,0,0,-1,0,0,-1,-1,-1,-1,-1,-1,0,1,
2026-03-25,18:17:15.880,7.52,98,99,99,-0.132,18.30,58,0,8.07,-0.278,0.916,0.60,57,0,176.12,-16.04,10,0.00,3.92,3.95,3.94,3.95,3.93,3.93,3.95,3.95,31.61,11.0,29,28,73.2,134,-219,201,301,0,667,533,0,0,-1,0,0,-1,-1,-1,-1,-1,-1,0,1,
2026-03-25,18:17:16.140,7.53,99,99,99,-0.133,18.42,59,0,8.07,-0.294,0.928,0.52,54,0,178.57,-16.70,10,0.00,3.92,3.95,3.94,3.95,3.93,3.93,3.94,3.95,31.61,11.0,29,28,73.7,138,-210,265,342,0,667,533,0,0,-1,0,0,-1,-1,-1,-1,-1,-1,0,1,
2026-03-25,18:17:16.400,7.53,98,99,99,-0.144,18.44,59,0,8.07,-0.333,0.959,0.30,55,0,-131.08,-17.28,10,0.00,3.92,3.94,3.94,3.95,3.93,3.93,3.94,3.95,31.56,11.3,29,28,74.6,149,-240,277,309,0,666,533,0,0,-1,0,0,-1,-1,-1,-1,-1,-1,0,1,
2026-03-25,18:17:16.670,7.53,98,99,99,-0.140,18.45,58,0,8.07,-0.335,0.974,0.09,54,0,-175.42,-18.36,10,0.00,3.92,3.94,3.92,3.94,3.93,3.93,3.94,3.95,31.56,11.3,29,28,75.9,150,-280,289,255,0,667,533,0,0,-1,0,0,-1,-1,-1,-1,-1,-1,0,1,
2026-03-25,18:17:16.930,7.53,98,99,99,-0.148,18.52,56,0,8.07,-0.342,1.020,0.17,52,0,-171.91,-19.94,10,0.00,3.92,3.94,3.92,3.94,3.92,3.91,3.94,3.95,31.50,12.6,29,28,75.9,110,-325,286,199,0,667,533,0,0,-1,0,0,-1,-1,-1,-1,-1,-1,0,1,
2026-03-25,18:17:17.190,7.53,96,99,99,-0.153,18.61,53,0,8.07,-0.353,1.020,0.21,50,0,-171.07,-20.76,10,0.00,3.92,3.94,3.92,3.94,3.92,3.91,3.92,3.92,31.50,12.6,29,28,76.3,99,-332,280,183,0,667,533,0,0,-1,0,0,-1,-1,-1,-1,-1,-1,0,1,
2026-03-25,18:17:17.460,7.53,89,99,99,-0.144,18.69,49,0,8.07,-0.350,1.062,0.28,45,0,-167.32,-22.22,10,0.00,3.92,3.94,3.92,3.94,3.92,3.91,3.92,3.92,31.45,12.9,29,28,76.7,84,-323,271,142,0,667,533,0,0,-1,0,0,-1,-1,-1,-1,-1,-1,0,1,
2026-03-25,18:17:17.720,7.53,87,99,99,-0.150,18.80,48,0,8.07,-0.341,1.057,0.39,43,0,-165.17,-22.75,10,0.00,3.92,3.94,3.92,3.94,3.92,3.91,3.92,3.92,31.45,12.6,29,28,76.7,82,-332,273,112,0,667,533,0,0,-1,0,0,-1,-1,-1,-1,-1,-1,0,1,
2026-03-25,18:17:17.990,7.53,88,99,99,-0.153,19.03,46,0,8.07,-0.346,1.071,0.55,42,0,-160.56,-23.81,10,0.00,3.92,3.94,3.91,3.92,3.92,3.91,3.92,3.92,31.41,12.6,29,28,76.7,64,-379,320,0,0,667,533,0,0,-1,0,0,-1,-1,-1,-1,-1,-1,0,1,
2026-03-25,18:17:18.250,7.53,92,99,99,-0.160,19.36,47,0,8.07,-0.389,1.151,0.88,40,0,-159.26,-24.71,10,0.00,3.92,3.94,3.91,3.92,3.90,3.90,3.92,3.92,31.41,12.6,29,28,76.7,63,-401,328,0,0,666,533,0,0,-1,0,0,-1,-1,-1,-1,-1,-1,0,1,
2026-03-25,18:17:18.530,7.53,92,100,100,-0.163,19.68,49,0,8.07,-0.392,1.161,0.57,41,0,-159.00,-25.25,10,0.00,3.92,3.94,3.91,3.92,3.90,3.90,3.91,3.92,31.36,12.6,29,28,76.7,60,-428,323,0,0,666,533,0,0,-1,0,0,-1,-1,-1,-1,-1,-1,0,1,
2026-03-25,18:17:18.800,7.53,88,100,100,-0.179,19.88,48,0,8.07,-0.402,1.209,0.57,43,0,-156.09,-26.70,10,0.00,3.88,3.91,3.91,3.92,3.90,3.90,3.91,3.92,31.32,14.0,29,28,76.7,55,-433,318,0,0,667,533,0,0,-1,0,0,-1,-1,-1,-1,-1,-1,0,1,
2026-03-25,18:17:19.060,7.52,86,100,100,-0.178,20.22,48,0,8.07,-0.399,1.221,0.91,45,0,-154.39,-27.43,10,0.00,3.88,3.91,3.89,3.91,3.90,3.90,3.91,3.92,31.32,14.0,29,28,76.7,0,-419,303,-123,0,667,533,0,0,-1,0,0,-1,-1,-1,-1,-1,-1,0,1,
2026-03-25,18:17:19.320,7.52,84,100,100,-0.174,20.47,46,0,8.07,-0.394,1.205,0.91,49,0,-152.39,-28.47,10,0.00,3.88,3.91,3.89,3.91,3.89,3.88,3.91,3.92,31.29,13.8,29,28,76.3,-8,-414,294,-169,0,667,533,0,0,-1,0,0,-1,-1,-1,-1,-1,-1,0,1,
2026-03-25,18:17:19.590,7.52,88,100,100,-0.170,20.90,45,0,8.07,-0.387,1.198,1.22,50,0,-153.57,-28.84,10,0.00,3.88,3.91,3.89,3.91,3.89,3.88,3.90,3.91,31.29,13.8,29,28,76.1,-13,-412,293,-177,0,667,533,0,0,-1,0,0,-1,-1,-1,-1,-1,-1,0,1,
2026-03-25,18:17:19.850,7.52,90,100,100,-0.173,21.38,44,0,8.07,-0.390,1.198,1.51,51,0,-154.12,-29.03,10,0.00,3.88,3.91,3.89,3.91,3.89,3.88,3.90,3.91,31.27,13.2,29,28,75.6,0,-414,293,-176,0,667,532,0,0,-1,0,0,-1,-1,-1,-1,-1,-1,0,1,
2026-03-25,18:17:20.120,7.52,90,100,100,-0.169,21.85,45,0,8.07,-0.395,1.184,1.56,46,0,-153.83,-29.67,10,0.00,3.87,3.90,3.89,3.91,3.89,3.88,3.90,3.91,31.27,13.2,29,28,75.6,0,-418,289,-183,0,667,533,0,0,-1,0,0,-1,-1,-1,-1,-1,-1,0,1,
2026-03-25,18:17:20.380,7.53,86,100,100,-0.175,22.34,45,0,8.07,-0.366,1.184,1.56,46,0,-153.67,-30.08,10,0.00,3.87,3.90,3.89,3.91,3.89,3.88,3.90,3.91,31.25,13.2,29,28,74.8,0,-412,178,-139,0,667,533,0,0,-1,0,0,-1,-1,-1,-1,-1,-1,0,1,
2026-03-25,18:17:20.650,7.53,83,100,100,-0.158,22.92,44,0,8.07,-0.332,1.163,1.86,49,0,-154.20,-30.72,10,0.00,3.87,3.90,3.89,3.91,3.89,3.88,3.90,3.91,31.25,13.2,29,28,74.3,0,-457,110,-91,0,667,533,0,0,-1,0,0,-1,-1,-1,-1,-1,-1,0,1,
2026-03-25,18:17:20.920,7.53,82,100,100,-0.145,23.58,44,0,8.07,-0.290,1.104,2.07,51,0,-154.67,-31.07,10,0.00,3.87,3.90,3.89,3.91,3.89,3.88,3.90,3.91,31.30,11.7,29,28,73.0,0,-416,84,-54,0,667,533,0,0,-1,0,0,-1,-1,-1,-1,-1,-1,0,1,
2026-03-25,18:17:21.180,7.53,86,100,100,-0.140,24.91,45,0,8.10,-0.284,1.074,2.22,50,0,-155.13,-31.24,10,0.00,3.89,3.92,3.89,3.91,3.89,3.88,3.90,3.91,31.30,11.7,29,28,71.1,0,-311,55,4,0,667,533,0,0,-1,0,0,-1,-1,-1,-1,-1,-1,0,1,
2026-03-25,18:17:21.450,7.52,91,100,100,-0.117,25.55,45,0,8.10,-0.246,0.941,2.19,49,0,-157.00,-29.24,10,0.00,3.89,3.92,3.91,3.92,3.89,3.88,3.90,3.91,31.36,10.2,29,28,70.0,0,-415,68,18,0,667,533,0,0,-1,0,0,-1,-1,-1,-1,-1,-1,0,1,
2026-03-25,18:17:21.730,7.52,91,99,99,-0.112,26.34,45,0,8.08,-0.271,0.966,2.51,43,0,-158.98,-27.64,10,0.00,3.89,3.92,3.91,3.92,3.92,3.91,3.90,3.91,31.36,10.0,29,28,68.7,0,-424,80,19,0,667,532,0,0,-1,0,0,-1,-1,-1,-1,-1,-1,0,1,
2026-03-25,18:17:21.990,7.52,90,98,98,-0.127,26.90,46,0,8.08,-0.290,1.005,2.29,42,0,-161.35,-26.70,10,0.00,3.89,3.92,3.91,3.92,3.92,3.91,3.93,3.94,31.40,10.0,29,28,67.4,0,-439,81,0,0,667,533,0,0,-1,0,0,-1,-1,-1,-1,-1,-1,0,1,
2026-03-25,18:17:22.250,7.53,90,98,98,-0.126,27.25,47,0,8.07,-0.296,1.004,1.64,45,0,-169.59,-24.83,10,0.00,3.89,3.92,3.91,3.92,3.92,3.91,3.93,3.94,31.43,10.1,29,28,67.0,0,-519,81,12,0,667,533,0,0,-1,0,0,-1,-1,-1,-1,-1,-1,0,1,
2026-03-25,18:17:22.520,7.53,91,98,98,-0.132,27.54,47,0,8.07,-0.308,1.034,1.28,46,0,-171.64,-24.61,10,0.00,3.91,3.93,3.91,3.92,3.92,3.91,3.93,3.94,31.43,10.1,29,28,67.0,0,-489,80,27,0,667,533,0,0,-1,0,0,-1,-1,-1,-1,-1,-1,0,1,
2026-03-25,18:17:22.780,7.53,89,98,98,-0.140,27.86,46,0,8.07,-0.318,1.048,1.28,50,0,-173.45,-25.85,10,0.00,3.91,3.93,3.93,3.94,3.92,3.91,3.93,3.94,31.43,9.9,29,28,66.1,11,-552,81,35,0,667,533,0,0,-1,0,0,-1,-1,-1,-1,-1,-1,0,1,
2026-03-25,18:17:23.050,7.52,88,98,98,-0.142,28.14,47,0,8.07,-0.349,1.075,1.06,50,0,-173.29,-26.75,10,0.00,3.91,3.93,3.93,3.94,3.92,3.92,3.93,3.94,31.43,9.9,29,28,65.7,0,-564,80,32,0,667,533,0,0,-1,0,0,-1,-1,-1,-1,-1,-1,0,1,
2026-03-25,18:17:23.320,7.52,87,98,98,-0.150,28.39,45,0,8.07,-0.348,1.087,1.06,46,0,-172.69,-29.05,10,0.00,3.91,3.93,3.93,3.94,3.92,3.92,3.93,3.94,31.45,9.8,29,28,65.0,0,-556,79,34,0,667,533,0,0,-1,0,0,-1,-1,-1,-1,-1,-1,0,1,
2026-03-25,18:17:23.580,7.52,89,97,97,-0.146,28.65,45,0,8.07,-0.350,1.078,0.91,43,0,-173.00,-30.89,10,0.00,3.91,3.93,3.93,3.94,3.92,3.92,3.93,3.94,31.45,9.8,29,28,64.3,10,-574,78,29,0,667,533,0,0,-1,0,0,-1,-1,-1,-1,-1,-1,0,1,
2026-03-25,18:17:23.850,7.53,92,97,97,-0.134,29.23,47,0,8.07,-0.354,1.054,0.98,43,0,-173.34,-31.63,10,0.00,3.91,3.93,3.93,3.94,3.92,3.92,3.93,3.94,31.46,9.8,29,28,63.3,0,-575,77,18,0,667,533,0,0,-1,0,0,-1,-1,-1,-1,-1,-1,0,1,
2026-03-25,18:17:24.110,7.53,94,97,97,-0.136,29.52,47,0,8.07,-0.361,1.050,1.05,42,0,-174.43,-32.96,10,0.00,3.91,3.93,3.93,3.94,3.92,3.92,3.93,3.94,31.46,9.8,29,28,61.9,0,-470,75,44,0,667,533,0,0,-1,0,0,-1,-1,-1,-1,-1,-1,0,1,
2026-03-25,18:17:24.380,7.52,93,97,97,-0.144,29.82,46,0,8.09,-0.340,1.009,1.02,44,0,-174.16,-33.54,10,0.00,3.91,3.93,3.93,3.94,3.92,3.92,3.93,3.94,31.46,9.9,29,28,61.5,25,-465,76,146,0,667,533,0,0,-1,0,0,-1,-1,-1,-1,-1,-1,0,1,
2026-03-25,18:17:24.660,7.52,95,97,97,-0.134,30.16,46,0,8.08,-0.324,0.917,1.10,47,0,-174.63,-31.20,10,0.00,3.91,3.93,3.93,3.94,3.92,3.92,3.93,3.94,31.46,9.9,29,28,61.5,23,-494,75,104,0,667,533,0,0,-1,0,0,-1,-1,-1,-1,-1,-1,0,1,
2026-03-25,18:17:24.920,7.53,97,97,97,-0.114,30.41,45,0,8.07,-0.331,0.934,1.00,52,0,-176.54,-29.44,10,0.00,3.91,3.93,3.93,3.94,3.92,3.92,3.93,3.94,31.47,9.7,29,28,61.1,23,-530,75,57,0,667,533,0,0,-1,0,0,-1,-1,-1,-1,-1,-1,0,1,
2026-03-25,18:17:25.180,7.53,98,98,97,-0.121,30.64,45,0,8.07,-0.331,0.964,0.86,54,0,-178.86,-28.88,10,0.00,3.91,3.93,3.92,3.94,3.92,3.92,3.93,3.94,31.47,9.7,29,28,61.1,29,-535,76,62,0,667,533,0,0,-1,0,0,-1,-1,-1,-1,-1,-1,0,1,
2026-03-25,18:17:25.440,7.53,97,97,97,-0.135,30.83,46,0,8.07,-0.358,1.000,0.77,54,0,177.60,-28.01,10,0.00,3.91,3.93,3.92,3.94,3.92,3.92,3.93,3.94,31.48,9.9,29,28,60.2,36,-534,77,81,0,667,533,0,0,-1,0,0,-1,-1,-1,-1,-1,-1,0,1,
2026-03-25,18:17:25.710,7.53,97,98,98,-0.132,30.94,47,0,8.07,-0.329,0.983,0.56,54,0,178.04,-27.87,10,0.00,3.91,3.93,3.92,3.94,3.92,3.92,3.93,3.94,31.48,9.7,29,28,60.6,0,-428,77,0,0,667,533,0,0,-1,0,0,-1,-1,-1,-1,-1,-1,0,1,
2026-03-25,18:17:25.980,7.53,98,99,99,-0.125,31.06,48,0,8.10,-0.340,0.945,0.44,50,0,178.40,-27.67,10,0.00,3.91,3.93,3.92,3.94,3.92,3.92,3.93,3.94,31.48,9.7,29,28,60.6,0,-363,78,-124,0,667,533,0,0,-1,0,0,-1,-1,-1,-1,-1,-1,0,1,
2026-03-25,18:17:26.240,7.53,99,99,99,-0.116,31.12,48,0,8.08,-0.309,0.880,0.32,48,0,175.26,-25.49,10,0.00,3.91,3.93,3.92,3.93,3.92,3.92,3.93,3.94,31.47,9.7,29,28,60.9,0,-459,79,-78,0,667,533,0,0,-1,0,0,-1,-1,-1,-1,-1,-1,0,1,
2026-03-25,18:17:26.500,7.53,98,99,99,-0.132,31.11,49,0,8.08,-0.312,0.911,0.03,46,0,173.36,-24.23,10,0.00,3.91,3.93,3.92,3.93,3.92,3.92,3.93,3.94,31.47,9.7,29,28,62.4,0,-439,78,-6,0,667,533,0,0,-1,0,0,-1,-1,-1,-1,-1,-1,0,1,
2026-03-25,18:17:26.780,7.52,98,99,99,-0.144,31.03,49,0,8.12,-0.329,0.994,-0.15,42,0,173.16,-24.62,10,0.00,3.91,3.93,3.92,3.93,3.92,3.92,3.93,3.94,31.48,9.8,29,28,63.7,0,-441,77,0,0,667,533,0,0,-1,0,0,-1,-1,-1,-1,-1,-1,0,1,
2026-03-25,18:17:27.050,7.52,98,99,99,-0.125,30.97,50,0,8.13,-0.311,0.959,-0.22,41,0,174.10,-24.90,10,0.00,3.91,3.93,3.92,3.93,3.92,3.92,3.93,3.94,31.48,9.8,29,28,63.7,0,-424,76,0,0,667,533,0,0,-1,0,0,-1,-1,-1,-1,-1,-1,0,1,
2026-03-25,18:17:27.310,7.52,99,99,99,-0.130,30.86,50,0,8.10,-0.322,0.970,-0.29,42,0,174.75,-24.83,10,0.00,3.91,3.93,3.92,3.93,3.92,3.92,3.93,3.94,31.48,9.9,29,28,63.7,0,-416,76,0,0,667,533,0,0,-1,0,0,-1,-1,-1,-1,-1,-1,0,1,
2026-03-25,18:17:27.570,7.52,99,100,100,-0.129,30.83,50,0,8.11,-0.312,0.944,-0.19,44,0,172.14,-23.79,10,0.00,3.91,3.93,3.92,3.93,3.92,3.92,3.93,3.94,31.48,9.9,29,28,63.3,0,-390,77,-53,0,667,533,0,0,-1,0,0,-1,-1,-1,-1,-1,-1,0,1,
2026-03-25,18:17:27.840,7.52,99,100,100,-0.136,30.75,51,0,8.14,-0.311,0.962,-0.22,46,0,171.35,-23.35,10,0.00,3.91,3.93,3.92,3.93,3.92,3.91,3.93,3.94,31.48,9.9,29,28,63.7,-9,-333,77,-88,0,666,533,0,0,-1,0,0,-1,-1,-1,-1,-1,-1,0,1,
2026-03-25,18:17:28.100,7.52,100,100,100,-0.132,30.59,51,0,8.16,-0.295,0.904,-0.43,46,0,171.04,-22.53,10,0.00,3.91,3.93,3.92,3.93,3.92,3.91,3.93,3.93,31.48,9.9,29,28,64.1,-16,-248,77,-37,0,667,533,0,0,-1,0,0,-1,-1,-1,-1,-1,-1,0,1,
2026-03-25,18:17:28.360,7.52,100,100,100,-0.128,30.44,52,0,8.12,-0.283,0.899,-0.46,47,0,170.90,-21.69,10,0.00,3.91,3.93,3.92,3.93,3.92,3.91,3.93,3.93,31.48,9.9,29,28,65.0,-16,-382,77,0,0,667,533,0,0,-1,0,0,-1,-1,-1,-1,-1,-1,0,1,
2026-03-25,18:17:28.630,7.52,100,100,100,-0.130,30.28,52,0,8.10,-0.276,0.919,-0.52,46,0,172.49,-20.56,10,0.00,3.91,3.93,3.92,3.93,3.92,3.91,3.93,3.93,31.48,9.9,29,28,66.1,-21,-401,77,0,0,667,533,0,0,-1,0,0,-1,-1,-1,-1,-1,-1,0,1,
2026-03-25,18:17:28.900,7.52,99,100,100,-0.127,30.05,52,0,8.10,-0.288,0.964,-0.65,45,0,172.70,-20.78,10,0.00,3.91,3.93,3.92,3.93,3.92,3.91,3.93,3.93,31.49,9.9,29,28,66.7,-26,-399,77,-39,0,667,533,0,0,-1,0,0,-1,-1,-1,-1,-1,-1,0,1,
2026-03-25,18:17:29.170,7.52,99,100,100,-0.125,29.54,52,0,8.08,-0.284,0.976,-0.87,45,0,171.30,-20.65,10,0.00,3.91,3.93,3.92,3.93,3.92,3.91,3.93,3.93,31.49,9.9,29,28,67.6,-31,-404,78,-148,0,667,533,0,0,-1,0,0,-1,-1,-1,-1,-1,-1,0,1,
2026-03-25,18:17:29.440,7.52,99,100,100,-0.145,29.24,52,0,8.10,-0.286,1.023,-0.95,46,0,168.08,-20.36,10,0.00,3.91,3.93,3.92,3.93,3.92,3.91,3.93,3.93,31.49,9.9,29,28,67.6,-38,-385,78,-91,0,667,533,0,0,-1,0,0,-1,-1,-1,-1,-1,-1,0,1,
2026-03-25,18:17:29.700,7.53,100,100,100,-0.155,28.94,52,0,8.08,-0.291,1.023,-1.04,48,0,166.78,-20.41,10,0.00,3.91,3.93,3.92,3.93,3.92,3.91,3.93,3.93,31.49,9.9,29,28,68.7,-40,-360,78,-103,0,667,533,0,0,-1,0,0,-1,-1,-1,-1,-1,-1,0,1,
2026-03-25,18:17:29.970,7.52,100,100,99,-0.154,28.70,52,0,8.08,-0.282,1.012,-0.98,43,0,167.93,-20.49,10,0.00,3.91,3.93,3.92,3.93,3.92,3.91,3.93,3.93,31.49,9.9,29,28,69.1,-40,-359,78,-105,0,667,533,0,0,-1,0,0,-1,-1,-1,-1,-1,-1,0,1,
2026-03-25,18:17:30.230,7.53,100,100,99,-0.153,28.58,52,0,8.07,-0.270,0.994,-0.62,46,0,170.06,-20.47,10,0.00,3.91,3.93,3.92,3.93,3.91,3.92,3.93,3.93,31.49,10.2,29,28,69.1,-41,-355,77,-101,0,667,533,0,0,-1,0,0,-1,-1,-1,-1,-1,-1,0,1,
2026-03-25,18:17:30.500,7.52,100,100,99,-0.147,28.43,51,0,8.10,-0.269,0.987,-0.53,45,0,170.28,-20.45,10,0.00,3.91,3.93,3.92,3.93,3.91,3.92,3.93,3.94,31.49,10.2,29,28,69.3,-46,-349,77,-115,0,667,533,0,0,-1,0,0,-1,-1,-1,-1,-1,-1,0,1,
2026-03-25,18:17:30.770,7.52,99,99,99,-0.144,28.33,50,0,8.11,-0.283,1.017,-0.46,45,0,169.42,-20.27,10,0.00,3.91,3.93,3.92,3.93,3.91,3.92,3.93,3.94,31.49,10.0,29,28,69.3,-61,-276,76,-186,0,667,533,0,0,-1,0,0,-1,-1,-1,-1,-1,-1,0,1,
2026-03-25,18:17:31.030,7.52,94,99,99,-0.142,28.16,48,0,8.10,-0.251,0.982,-0.49,48,0,168.22,-19.81,10,0.00,3.91,3.93,3.92,3.93,3.91,3.92,3.93,3.94,31.49,10.0,29,28,69.6,-102,-273,76,-208,0,667,533,0,0,-1,0,0,-1,-1,-1,-1,-1,-1,0,1,
2026-03-25,18:17:31.290,7.52,92,99,99,-0.141,28.05,46,0,8.09,-0.252,0.938,-0.47,51,0,166.28,-18.21,10,0.00,3.91,3.93,3.92,3.93,3.92,3.91,3.93,3.94,31.49,10.0,29,28,69.6,-105,-301,76,-212,0,667,533,0,0,-1,0,0,-1,-1,-1,-1,-1,-1,0,1,
2026-03-25,18:17:31.550,7.53,90,99,99,-0.145,28.11,46,0,8.08,-0.255,0.956,-0.07,54,0,165.82,-17.50,10,0.00,3.91,3.93,3.92,3.93,3.92,3.91,3.93,3.93,31.49,10.0,29,28,69.6,-107,-280,76,-207,0,667,533,0,0,-1,0,0,-1,-1,-1,-1,-1,-1,0,1,
2026-03-25,18:17:31.820,7.53,95,99,99,-0.137,27.91,47,0,8.07,-0.254,0.958,-0.33,54,0,165.44,-17.26,10,0.00,3.91,3.93,3.92,3.93,3.92,3.91,3.93,3.93,31.49,9.9,29,28,70.2,-106,-270,75,-179,0,667,533,0,0,-1,0,0,-1,-1,-1,-1,-1,-1,0,1,
2026-03-25,18:17:32.080,7.53,97,99,99,-0.133,27.83,49,0,8.07,-0.248,0.933,-0.35,51,0,164.12,-16.25,10,0.00,3.91,3.93,3.92,3.93,3.92,3.91,3.93,3.93,31.49,9.9,29,28,70.0,-100,-268,75,-158,0,667,533,0,0,-1,0,0,-1,-1,-1,-1,-1,-1,0,1,
2026-03-25,18:17:32.340,7.52,99,99,99,-0.143,27.82,50,0,8.07,-0.238,0.911,-0.16,53,0,163.38,-15.65,10,0.00,3.91,3.93,3.92,3.93,3.92,3.91,3.93,3.93,31.49,10.0,29,28,70.6,-92,-359,76,-80,0,667,533,0,0,-1,0,0,-1,-1,-1,-1,-1,-1,0,1,
2026-03-25,18:17:32.610,7.52,98,99,99,-0.154,27.79,50,0,8.07,-0.260,1.004,-0.13,50,0,162.79,-15.75,10,0.00,3.91,3.93,3.92,3.93,3.92,3.91,3.93,3.93,31.49,10.0,29,28,71.1,-87,-381,76,0,0,667,533,0,0,-1,0,0,-1,-1,-1,-1,-1,-1,0,1,
2026-03-25,18:17:32.870,7.53,96,99,99,-0.152,27.65,51,0,8.07,-0.269,1.006,-0.30,52,0,163.61,-16.34,10,0.00,3.91,3.93,3.92,3.93,3.92,3.91,3.93,3.93,31.49,10.1,29,28,70.7,-87,-385,75,10,0,667,533,0,0,-1,0,0,-1,-1,-1,-1,-1,-1,0,1,
2026-03-25,18:17:33.130,7.52,97,99,99,-0.158,27.47,52,0,8.07,-0.290,1.052,-0.49,52,0,164.88,-16.93,10,0.00,3.91,3.93,3.92,3.93,3.92,3.91,3.93,3.93,31.49,10.1,29,28,70.2,-89,-351,75,0,0,667,533,0,0,-1,0,0,-1,-1,-1,-1,-1,-1,0,1,
2026-03-25,18:17:33.390,7.53,97,99,99,-0.139,27.33,52,0,8.07,-0.274,1.017,-0.52,53,0,164.97,-16.83,10,0.00,3.91,3.93,3.92,3.93,3.92,3.91,3.93,3.93,31.48,10.2,29,28,70.2,-86,-312,76,0,0,667,533,0,0,-1,0,0,-1,-1,-1,-1,-1,-1,0,1,
2026-03-25,18:17:33.660,7.53,100,100,99,-0.135,27.43,52,0,8.12,-0.270,0.996,-0.06,56,0,164.32,-16.57,10,0.00,3.91,3.93,3.92,3.93,3.91,3.91,3.93,3.93,31.48,10.2,29,28,70.2,-68,-350,80,0,0,667,533,0,0,-1,0,0,-1,-1,-1,-1,-1,-1,0,1,
2026-03-25,18:17:33.920,7.53,100,100,100,-0.142,27.53,55,0,8.10,-0.269,0.968,0.21,60,0,163.24,-15.91,10,0.00,3.91,3.93,3.92,3.93,3.91,3.91,3.93,3.93,31.47,10.1,29,28,70.0,-46,-370,101,-22,0,667,533,0,0,-1,0,0,-1,-1,-1,-1,-1,-1,0,1,
2026-03-25,18:17:34.190,7.53,99,100,100,-0.146,27.62,56,0,8.08,-0.294,0.996,0.26,61,0,162.75,-15.87,10,0.00,3.91,3.93,3.92,3.93,3.91,3.91,3.93,3.93,31.47,10.1,29,28,70.0,-42,-348,109,-145,0,667,533,0,0,-1,0,0,-1,-1,-1,-1,-1,-1,0,1,
2026-03-25,18:17:34.460,7.53,99,100,100,-0.154,27.73,58,0,8.07,-0.292,0.999,0.34,63,0,161.91,-16.19,10,0.00,3.91,3.93,3.92,3.93,3.91,3.91,3.93,3.93,31.45,10.2,29,28,69.3,-44,-337,109,-156,0,667,533,0,0,-1,0,0,-1,-1,-1,-1,-1,-1,0,1,
2026-03-25,18:17:34.720,7.52,98,100,100,-0.172,28.14,59,0,8.07,-0.292,0.977,0.67,61,0,162.90,-16.90,10,0.00,3.91,3.93,3.92,3.93,3.91,3.91,3.93,3.93,31.45,10.4,29,28,69.6,-42,-334,109,-175,0,667,533,0,0,-1,0,0,-1,-1,-1,-1,-1,-1,0,1,
2026-03-25,18:17:34.990,7.53,98,100,100,-0.169,28.42,60,0,8.07,-0.288,0.986,0.90,58,0,164.66,-17.34,10,0.00,3.91,3.93,3.92,3.93,3.91,3.91,3.93,3.93,31.44,10.4,29,28,69.3,-53,-317,108,-169,0,667,533,0,0,-1,0,0,-1,-1,-1,-1,-1,-1,0,1,
2026-03-25,18:17:35.250,7.52,98,100,100,-0.158,28.67,60,0,8.07,-0.285,0.967,0.88,63,0,167.96,-18.05,10,0.00,3.91,3.93,3.92,3.93,3.91,3.91,3.92,3.93,31.43,10.3,29,28,68.5,-65,-303,107,-182,0,667,533,0,0,-1,0,0,-1,-1,-1,-1,-1,-1,0,1,
2026-03-25,18:17:35.510,7.53,99,100,100,-0.156,28.88,60,0,8.07,-0.291,0.973,0.78,66,0,168.11,-17.97,10,0.00,3.90,3.92,3.92,3.93,3.91,3.91,3.92,3.93,31.43,10.3,29,28,68.7,-105,-256,113,-270,0,667,533,0,0,-1,0,0,-1,-1,-1,-1,-1,-1,0,1,
2026-03-25,18:17:35.780,7.53,99,100,100,-0.149,29.08,59,0,8.07,-0.286,0.934,0.74,69,0,165.13,-16.87,10,0.00,3.90,3.92,3.91,3.92,3.91,3.91,3.92,3.93,31.41,10.3,29,28,68.5,-172,-260,149,-346,0,666,533,0,0,-1,0,0,-1,-1,-1,-1,-1,-1,0,1,
2026-03-25,18:17:36.040,7.53,99,100,100,-0.166,29.39,59,0,8.07,-0.305,0.934,0.91,71,0,162.14,-15.51,10,0.00,3.90,3.92,3.91,3.92,3.91,3.91,3.92,3.93,31.41,10.3,29,28,68.5,-187,-303,181,-278,0,667,533,0,0,-1,0,0,-1,-1,-1,-1,-1,-1,0,1,
2026-03-25,18:17:36.310,7.53,99,100,100,-0.172,29.66,59,0,8.07,-0.321,0.966,0.94,71,0,161.15,-15.37,10,0.00,3.90,3.92,3.91,3.92,3.90,3.90,3.92,3.93,31.37,10.5,29,28,69.3,-194,-362,197,-241,0,667,533,0,0,-1,0,0,-1,-1,-1,-1,-1,-1,0,1,
2026-03-25,18:17:36.570,7.53,100,100,100,-0.171,29.85,59,0,8.07,-0.340,1.016,0.81,69,0,160.67,-16.33,10,0.00,3.90,3.92,3.91,3.92,3.90,3.90,3.91,3.92,31.37,10.5,29,28,70.0,-193,-342,198,-272,0,667,533,0,0,-1,0,0,-1,-1,-1,-1,-1,-1,0,1,
2026-03-25,18:17:36.840,7.52,100,100,100,-0.169,29.85,59,0,8.07,-0.340,0.996,0.68,67,0,160.39,-16.82,10,0.00,3.89,3.91,3.91,3.92,3.90,3.90,3.91,3.92,31.33,11.3,29,28,69.3,-186,-340,198,-281,0,667,533,0,0,-1,0,0,-1,-1,-1,-1,-1,-1,0,1,
2026-03-25,18:17:37.110,7.52,100,100,100,-0.166,30.26,58,0,8.07,-0.337,0.998,0.70,65,0,157.50,-16.68,10,0.00,3.89,3.91,3.90,3.90,3.90,3.90,3.91,3.92,31.33,11.3,29,28,69.1,-194,-330,199,-273,0,667,533,0,0,-1,0,0,-1,-1,-1,-1,-1,-1,0,1,
2026-03-25,18:17:37.390,7.52,100,100,100,-0.175,30.76,59,0,8.07,-0.337,1.003,0.92,64,0,154.12,-16.37,10,0.00,3.89,3.91,3.90,3.90,3.89,3.89,3.91,3.92,31.30,11.2,29,28,69.1,-202,-354,199,-245,0,667,533,0,0,-1,0,0,-1,-1,-1,-1,-1,-1,0,1,
2026-03-25,18:17:37.650,7.52,100,100,100,-0.176,31.13,58,0,8.07,-0.335,0.999,1.08,66,0,153.29,-16.37,10,0.00,3.89,3.91,3.90,3.90,3.89,3.89,3.90,3.91,31.30,11.2,29,28,69.6,-206,-368,205,-212,0,667,533,0,0,-1,0,0,-1,-1,-1,-1,-1,-1,0,1,
2026-03-25,18:17:37.920,7.52,97,100,100,-0.173,31.40,56,0,8.07,-0.340,0.994,1.08,67,0,153.26,-16.78,10,0.00,3.87,3.90,3.90,3.90,3.89,3.89,3.90,3.91,31.26,11.2,29,28,69.6,-195,-413,205,-141,0,667,533,0,0,-1,0,0,-1,-1,-1,-1,-1,-1,0,1,
2026-03-25,18:17:38.190,7.52,97,100,100,-0.185,31.54,55,0,8.07,-0.356,1.085,0.72,58,0,153.48,-17.13,10,0.00,3.87,3.90,3.89,3.89,3.89,3.89,3.90,3.91,31.26,11.2,29,28,70.2,-160,-482,203,0,0,666,533,0,0,-1,0,0,-1,-1,-1,-1,-1,-1,0,1,
2026-03-25,18:17:38.450,7.52,96,100,100,-0.185,31.72,54,0,8.07,-0.358,1.109,0.65,55,0,151.29,-18.42,10,0.00,3.87,3.90,3.89,3.89,3.89,3.89,3.90,3.91,31.24,11.4,29,28,70.2,-169,-498,203,-25,0,666,533,0,0,-1,0,0,-1,-1,-1,-1,-1,-1,0,1,
2026-03-25,18:17:38.710,7.52,99,100,100,-0.189,31.79,54,0,8.07,-0.387,1.178,0.41,57,0,149.09,-20.47,10,0.00,3.87,3.90,3.89,3.89,3.88,3.88,3.90,3.91,31.24,11.3,29,28,70.7,-129,-556,202,-4,0,666,533,0,0,-1,0,0,-1,-1,-1,-1,-1,-1,0,1,
2026-03-25,18:17:38.980,7.52,98,100,100,-0.189,31.95,55,0,8.07,-0.398,1.200,0.50,55,0,146.73,-21.36,10,0.00,3.87,3.90,3.89,3.89,3.88,3.88,3.89,3.90,31.21,11.3,29,28,70.0,-98,-555,200,-12,0,667,533,0,0,-1,0,0,-1,-1,-1,-1,-1,-1,0,1,
2026-03-25,18:17:39.240,7.53,99,100,100,-0.196,32.09,56,0,8.07,-0.404,1.224,0.42,56,0,140.66,-22.78,10,0.00,3.87,3.89,3.89,3.89,3.88,3.88,3.89,3.90,31.20,11.1,29,28,70.0,-74,-559,200,0,0,667,533,0,0,-1,0,0,-1,-1,-1,-1,-1,-1,0,1,
2026-03-25,18:17:39.500,7.52,98,100,100,-0.205,32.32,54,0,8.07,-0.401,1.204,0.63,57,0,138.76,-23.50,10,0.00,3.87,3.89,3.88,3.89,3.88,3.88,3.89,3.90,31.20,11.1,29,28,70.0,-34,-601,199,0,0,667,533,0,0,-1,0,0,-1,-1,-1,-1,-1,-1,0,1,
2026-03-25,18:17:39.760,7.52,95,100,100,-0.218,32.63,51,0,8.03,-0.421,1.280,0.92,56,0,137.19,-25.47,10,0.00,3.87,3.89,3.88,3.89,3.87,3.87,3.89,3.90,31.17,11.2,29,28,70.2,0,-610,195,0,0,667,533,0,0,-1,0,0,-1,-1,-1,-1,-1,-1,0,1,
2026-03-25,18:17:40.020,7.53,95,100,100,-0.205,32.83,49,0,8.05,-0.415,1.246,0.84,56,0,136.59,-26.52,10,0.00,3.87,3.89,3.88,3.89,3.87,3.87,3.89,3.90,31.17,11.2,29,28,68.5,0,-526,194,0,0,667,533,0,0,-1,0,0,-1,-1,-1,-1,-1,-1,0,1,
2026-03-25,18:17:40.280,7.53,96,100,100,-0.195,33.12,50,0,8.06,-0.403,1.177,0.41,55,0,136.43,-27.43,10,0.00,3.87,3.89,3.88,3.89,3.87,3.87,3.89,3.90,31.16,11.0,29,28,68.2,0,-439,193,0,0,667,533,0,0,-1,0,0,-1,-1,-1,-1,-1,-1,0,1,
2026-03-25,18:17:40.540,7.53,99,100,99,-0.191,33.46,49,0,8.06,-0.377,1.089,0.99,51,0,133.32,-26.93,10,0.00,3.87,3.89,3.88,3.89,3.87,3.87,3.89,3.90,31.16,11.0,29,28,68.2,0,-399,193,-19,0,667,533,0,0,-1,0,0,-1,-1,-1,-1,-1,-1,0,1,
2026-03-25,18:17:40.800,7.52,98,99,99,-0.175,33.70,48,0,8.07,-0.349,1.009,0.89,51,0,131.96,-25.83,10,0.00,3.87,3.89,3.88,3.89,3.87,3.87,3.89,3.90,31.14,11.0,29,28,67.6,0,-466,192,0,0,667,533,0,0,-1,0,0,-1,-1,-1,-1,-1,-1,0,1,
2026-03-25,18:17:41.070,7.53,92,99,99,-0.192,33.97,45,0,8.07,-0.356,1.068,0.91,47,0,134.08,-24.82,10,0.00,3.87,3.89,3.88,3.89,3.87,3.87,3.89,3.90,31.14,11.0,29,28,68.7,0,-529,191,0,0,667,533,0,0,-1,0,0,-1,-1,-1,-1,-1,-1,0,1,
2026-03-25,18:17:41.340,7.53,85,99,99,-0.198,34.12,44,0,8.07,-0.368,1.123,0.75,44,0,133.74,-25.30,10,0.00,3.87,3.89,3.88,3.89,3.87,3.87,3.88,3.89,31.13,11.1,29,28,69.3,0,-552,177,0,0,667,533,0,0,-1,0,0,-1,-1,-1,-1,-1,-1,0,1,
2026-03-25,18:17:41.600,7.52,84,97,97,-0.192,34.34,44,0,8.07,-0.383,1.139,0.71,45,0,134.06,-26.72,10,0.00,3.86,3.89,3.88,3.89,3.87,3.87,3.88,3.89,31.13,11.1,29,28,68.7,0,-545,173,0,0,667,533,0,0,-1,0,0,-1,-1,-1,-1,-1,-1,0,1,
2026-03-25,18:17:41.870,7.52,85,96,96,-0.195,34.51,45,0,8.07,-0.394,1.184,0.66,40,0,133.32,-27.31,10,0.00,3.86,3.89,3.88,3.88,3.87,3.87,3.88,3.89,31.12,11.1,29,28,68.2,0,-490,173,0,0,667,533,0,0,-1,0,0,-1,-1,-1,-1,-1,-1,0,1,
2026-03-25,18:17:42.150,7.52,90,94,94,-0.195,34.62,47,0,8.07,-0.383,1.159,0.49,41,0,132.56,-27.23,10,0.00,3.86,3.89,3.88,3.88,3.87,3.87,3.88,3.89,31.12,11.1,29,28,68.2,0,-478,173,0,0,667,533,0,0,-1,0,0,-1,-1,-1,-1,-1,-1,0,1,
2026-03-25,18:17:42.420,7.52,94,95,94,-0.185,34.76,50,0,8.07,-0.371,1.100,0.47,43,0,131.96,-26.91,10,0.00,3.86,3.89,3.88,3.88,3.87,3.87,3.88,3.89,31.12,10.6,29,28,68.2,0,-444,172,0,0,667,533,0,0,-1,0,0,-1,-1,-1,-1,-1,-1,0,1,
2026-03-25,18:17:42.680,7.52,99,99,93,-0.184,34.92,54,0,8.07,-0.363,1.079,0.53,42,0,129.73,-25.93,10,0.00,3.86,3.89,3.88,3.88,3.87,3.87,3.88,3.89,31.12,10.6,29,28,68.2,0,-481,172,0,0,667,533,0,0,-1,0,0,-1,-1,-1,-1,-1,-1,0,1,
2026-03-25,18:17:42.940,7.52,98,98,93,-0.183,35.04,55,0,8.07,-0.356,1.072,0.45,43,0,128.73,-25.17,10,0.00,3.86,3.89,3.87,3.88,3.87,3.87,3.88,3.89,31.11,10.7,29,28,68.5,0,-502,169,0,0,667,533,0,0,-1,0,0,-1,-1,-1,-1,-1,-1,0,1,
2026-03-25,18:17:43.210,7.52,97,97,93,-0.192,35.39,56,0,8.07,-0.363,1.099,0.57,41,0,128.84,-25.16,10,0.00,3.86,3.89,3.87,3.88,3.87,3.87,3.88,3.89,31.11,10.8,29,28,68.2,0,-499,146,0,0,666,533,0,0,-1,0,0,-1,-1,-1,-1,-1,-1,0,1,
2026-03-25,18:17:43.480,7.52,97,97,92,-0.192,35.73,56,0,8.07,-0.354,1.100,0.86,41,0,129.03,-25.18,10,0.00,3.86,3.89,3.87,3.88,3.87,3.87,3.88,3.89,31.12,10.8,29,28,67.6,0,-483,139,0,0,667,533,0,0,-1,0,0,-1,-1,-1,-1,-1,-1,0,1,
2026-03-25,18:17:43.740,7.52,98,98,92,-0.187,36.10,55,0,8.07,-0.352,1.086,1.16,41,0,128.98,-24.97,10,0.00,3.86,3.89,3.87,3.88,3.87,3.87,3.88,3.89,31.12,10.7,29,28,68.0,-9,-454,137,0,0,667,533,0,0,-1,0,0,-1,-1,-1,-1,-1,-1,0,1,
2026-03-25,18:17:44.010,7.53,100,100,92,-0.178,36.32,54,0,8.09,-0.347,1.043,0.96,44,0,128.74,-24.33,10,0.00,3.86,3.89,3.87,3.88,3.87,3.87,3.88,3.89,31.12,10.7,29,28,66.7,-27,-397,135,-58,0,667,533,0,0,-1,0,0,-1,-1,-1,-1,-1,-1,0,1,
2026-03-25,18:17:44.280,7.52,100,100,92,-0.178,36.71,53,0,8.08,-0.328,0.984,1.14,43,0,129.64,-23.49,10,0.00,3.86,3.89,3.87,3.89,3.87,3.87,3.88,3.89,31.12,10.5,29,28,66.1,-34,-425,136,-54,0,667,533,0,0,-1,0,0,-1,-1,-1,-1,-1,-1,0,1,
2026-03-25,18:17:44.540,7.53,99,99,91,-0.167,37.05,52,0,8.07,-0.329,0.982,1.22,40,0,135.50,-22.07,10,0.00,3.86,3.89,3.87,3.89,3.87,3.87,3.88,3.89,31.12,10.5,29,28,66.1,-41,-438,134,-20,0,667,533,0,0,-1,0,0,-1,-1,-1,-1,-1,-1,0,1,
2026-03-25,18:17:44.800,7.52,97,97,90,-0.171,37.05,51,0,8.07,-0.336,0.996,1.12,39,0,135.50,-22.07,10,0.00,3.86,3.89,3.87,3.89,3.87,3.87,3.89,3.89,31.11,10.4,29,28,65.2,-47,-372,134,-99,0,666,533,0,0,-1,0,0,-1,-1,-1,-1,-1,-1,0,1,
2026-03-25,18:17:45.070,7.53,94,94,90,-0.167,37.67,50,0,8.09,-0.328,0.966,1.09,40,0,144.46,-21.26,10,0.00,3.86,3.89,3.87,3.89,3.87,3.87,3.89,3.89,31.11,10.4,29,28,65.0,-94,-364,135,-243,0,666,533,0,0,-1,0,0,-1,-1,-1,-1,-1,-1,0,1,
2026-03-25,18:17:45.330,7.53,91,91,91,-0.156,37.94,49,0,8.08,-0.322,0.925,0.99,43,0,145.78,-20.28,10,0.00,3.86,3.89,3.87,3.89,3.87,3.87,3.89,3.89,31.11,10.5,29,28,65.0,-114,-389,134,-264,0,667,533,0,0,-1,0,0,-1,-1,-1,-1,-1,-1,0,1,
2026-03-25,18:17:45.600,7.52,91,92,92,-0.162,38.20,48,0,8.07,-0.316,0.933,0.96,46,0,144.80,-18.39,10,0.00,3.86,3.89,3.88,3.89,3.87,3.87,3.89,3.89,31.11,10.5,29,28,65.0,-122,-431,135,-266,0,667,533,0,0,-1,0,0,-1,-1,-1,-1,-1,-1,0,1,
2026-03-25,18:17:45.870,7.52,94,94,93,-0.182,38.67,47,0,8.07,-0.318,0.945,0.83,48,0,144.95,-18.05,10,0.00,3.86,3.89,3.88,3.89,3.87,3.87,3.89,3.89,31.11,10.6,29,28,65.9,-117,-470,135,-191,0,667,533,0,0,-1,0,0,-1,-1,-1,-1,-1,-1,0,1,
2026-03-25,18:17:46.130,7.52,95,95,95,-0.182,38.82,45,0,8.07,-0.332,0.985,0.63,51,0,146.84,-18.70,10,0.00,3.86,3.89,3.88,3.89,3.87,3.87,3.88,3.89,31.11,10.6,29,28,65.6,-110,-470,134,-122,0,667,533,0,0,-1,0,0,-1,-1,-1,-1,-1,-1,0,1,
2026-03-25,18:17:46.390,7.52,97,97,95,-0.182,38.96,46,0,8.07,-0.349,1.037,0.58,52,0,152.37,-19.88,10,0.00,3.86,3.89,3.88,3.89,3.87,3.87,3.88,3.89,31.11,10.4,29,28,65.9,-99,-484,134,-91,0,667,533,0,0,-1,0,0,-1,-1,-1,-1,-1,-1,0,1,
2026-03-25,18:17:46.650,7.52,98,98,95,-0.173,38.93,48,0,8.07,-0.343,1.032,0.20,49,0,152.84,-20.00,10,0.00,3.86,3.89,3.87,3.89,3.87,3.87,3.88,3.89,31.11,10.4,29,28,65.7,-81,-514,135,-24,0,667,533,0,0,-1,0,0,-1,-1,-1,-1,-1,-1,0,1,
2026-03-25,18:17:46.910,7.52,98,98,96,-0.167,38.83,48,0,8.07,-0.367,1.093,-0.11,50,0,149.55,-20.04,10,0.00,3.86,3.89,3.87,3.89,3.87,3.87,3.88,3.89,31.11,10.5,29,28,65.9,-71,-520,135,0,0,667,533,0,0,-1,0,0,-1,-1,-1,-1,-1,-1,0,1,
2026-03-25,18:17:47.170,7.52,96,96,96,-0.178,38.73,47,0,8.07,-0.358,1.066,-0.30,50,0,144.34,-19.91,10,0.00,3.86,3.89,3.87,3.89,3.87,3.87,3.88,3.89,31.11,10.5,29,28,65.9,-71,-505,133,-39,0,666,533,0,0,-1,0,0,-1,-1,-1,-1,-1,-1,0,1,
2026-03-25,18:17:47.440,7.53,95,97,97,-0.187,38.70,48,0,8.07,-0.349,1.066,-0.21,49,0,142.83,-20.07,10,0.00,3.86,3.89,3.87,3.89,3.87,3.87,3.88,3.89,31.10,10.6,29,28,65.9,-72,-518,108,0,0,667,533,0,0,-1,0,0,-1,-1,-1,-1,-1,-1,0,1,
2026-03-25,18:17:47.710,7.53,94,97,97,-0.183,38.69,48,0,8.07,-0.330,1.080,-0.09,46,0,142.51,-20.73,10,0.00,3.86,3.89,3.87,3.89,3.87,3.87,3.88,3.89,31.10,10.6,29,28,66.5,-72,-522,100,0,0,667,533,0,0,-1,0,0,-1,-1,-1,-1,-1,-1,0,1,
2026-03-25,18:17:47.970,7.52,95,97,97,-0.185,38.63,48,0,8.07,-0.343,1.105,-0.14,39,0,142.34,-21.01,10,0.00,3.86,3.89,3.87,3.88,3.87,3.87,3.88,3.89,31.11,10.5,29,28,66.5,-80,-516,69,-41,0,667,533,0,0,-1,0,0,-1,-1,-1,-1,-1,-1,0,1,
2026-03-25,18:17:48.240,7.53,96,96,96,-0.172,38.60,48,0,8.07,-0.318,1.092,-0.12,38,0,140.73,-20.66,10,0.00,3.86,3.89,3.87,3.88,3.87,3.87,3.88,3.89,31.12,10.1,29,28,67.4,-104,-508,69,-147,0,667,533,0,0,-1,0,0,-1,-1,-1,-1,-1,-1,0,1,
2026-03-25,18:17:48.500,7.53,97,98,98,-0.178,38.49,48,0,8.07,-0.318,1.089,-0.23,41,0,136.38,-19.55,10,0.00,3.86,3.89,3.87,3.88,3.87,3.87,3.89,3.89,31.12,10.1,29,28,67.4,-115,-509,71,-172,0,667,533,0,0,-1,0,0,-1,-1,-1,-1,-1,-1,0,1,
2026-03-25,18:17:48.770,7.53,97,99,99,-0.182,38.34,48,0,8.07,-0.304,1.076,-0.22,43,0,134.92,-19.18,10,0.00,3.87,3.89,3.87,3.88,3.87,3.87,3.89,3.89,31.13,9.9,29,28,68.0,-115,-521,71,-103,0,667,533,0,0,-1,0,0,-1,-1,-1,-1,-1,-1,0,1,
2026-03-25,18:17:49.040,7.52,98,99,99,-0.180,38.21,49,0,8.07,-0.315,1.096,-0.29,45,0,134.26,-18.88,10,0.00,3.87,3.89,3.88,3.89,3.87,3.87,3.89,3.89,31.13,9.9,29,28,67.6,-112,-535,71,-90,0,667,533,0,0,-1,0,0,-1,-1,-1,-1,-1,-1,0,1,
2026-03-25,18:17:49.300,7.52,96,99,99,-0.184,38.04,48,0,8.07,-0.306,1.078,-0.53,46,0,134.49,-18.66,10,0.00,3.87,3.89,3.88,3.89,3.88,3.88,3.89,3.89,31.14,9.9,29,28,67.6,-111,-544,71,-111,0,667,533,0,0,-1,0,0,-1,-1,-1,-1,-1,-1,0,1,
2026-03-25,18:17:49.560,7.52,98,98,98,-0.171,37.79,48,0,8.07,-0.300,1.085,-0.70,42,0,133.61,-17.74,10,0.00,3.87,3.89,3.88,3.89,3.88,3.88,3.89,3.89,31.14,9.9,29,28,67.6,-119,-543,71,-211,0,667,533,0,0,-1,0,0,-1,-1,-1,-1,-1,-1,0,1,
2026-03-25,18:17:49.820,7.52,98,98,97,-0.178,37.49,48,0,8.07,-0.315,1.109,-0.89,40,0,132.13,-17.14,10,0.00,3.87,3.89,3.88,3.89,3.88,3.88,3.89,3.89,31.15,10.3,29,28,68.2,-126,-562,71,-211,0,667,533,0,0,-1,0,0,-1,-1,-1,-1,-1,-1,0,1,
2026-03-25,18:17:50.090,7.52,96,97,97,-0.191,37.17,46,0,8.07,-0.322,1.169,-1.06,42,0,127.19,-15.79,10,0.00,3.87,3.90,3.88,3.89,3.88,3.88,3.89,3.89,31.15,10.3,29,28,69.3,-126,-563,70,-144,0,667,533,0,0,-1,0,0,-1,-1,-1,-1,-1,-1,0,1,
2026-03-25,18:17:50.360,7.52,92,97,97,-0.203,36.89,44,0,8.07,-0.312,1.161,-0.99,39,0,125.25,-15.06,10,0.00,3.87,3.90,3.88,3.89,3.88,3.88,3.89,3.89,31.16,10.2,29,28,69.3,-110,-516,71,-12,0,667,533,0,0,-1,0,0,-1,-1,-1,-1,-1,-1,0,1,
2026-03-25,18:17:50.620,7.52,87,96,96,-0.198,36.64,43,0,8.07,-0.307,1.157,-0.91,43,0,125.45,-14.05,10,0.00,3.87,3.90,3.88,3.89,3.88,3.88,3.89,3.89,31.16,10.2,29,28,70.2,-101,-507,72,0,0,667,533,0,0,-1,0,0,-1,-1,-1,-1,-1,-1,0,1,
2026-03-25,18:17:50.890,7.52,86,96,96,-0.174,36.34,42,0,8.07,-0.302,1.151,-0.96,47,0,127.81,-12.43,10,0.00,3.87,3.90,3.88,3.89,3.88,3.88,3.89,3.90,31.17,10.2,29,28,70.6,-91,-517,71,0,0,667,533,0,0,-1,0,0,-1,-1,-1,-1,-1,-1,0,1,
2026-03-25,18:17:51.160,7.52,85,96,96,-0.170,35.88,42,0,8.07,-0.296,1.130,-1.30,49,0,126.74,-11.16,10,0.00,3.87,3.90,3.88,3.89,3.88,3.88,3.89,3.90,31.17,10.2,29,28,70.7,-117,-514,70,-127,0,667,533,0,0,-1,0,0,-1,-1,-1,-1,-1,-1,0,1,
2026-03-25,18:17:51.430,7.52,85,96,96,-0.182,35.09,42,0,8.07,-0.290,1.126,-1.36,53,0,123.20,-8.95,10,0.00,3.87,3.90,3.89,3.89,3.88,3.88,3.89,3.90,31.18,10.2,29,28,71.1,-132,-516,70,-70,0,667,533,0,0,-1,0,0,-1,-1,-1,-1,-1,-1,0,1,
2026-03-25,18:17:51.700,7.53,81,96,96,-0.190,34.73,42,0,8.07,-0.290,1.145,-1.30,54,0,121.86,-7.58,10,0.00,3.87,3.90,3.89,3.89,3.88,3.88,3.89,3.90,31.18,10.2,29,28,71.9,-119,-521,71,0,0,667,533,0,0,-1,0,0,-1,-1,-1,-1,-1,-1,0,1,
2026-03-25,18:17:51.970,7.52,81,96,96,-0.190,34.36,42,0,8.07,-0.292,1.173,-1.24,55,0,123.07,-7.12,10,0.00,3.87,3.90,3.89,3.89,3.88,3.88,3.89,3.90,31.18,10.2,29,28,71.9,-101,-535,71,1,0,667,533,0,0,-1,0,0,-1,-1,-1,-1,-1,-1,0,1,
2026-03-25,18:17:52.240,7.53,82,97,97,-0.185,33.96,43,0,8.07,-0.292,1.177,-1.34,58,0,125.04,-5.72,10,0.00,3.87,3.90,3.89,3.89,3.88,3.88,3.89,3.90,31.18,10.1,29,28,72.2,-88,-481,71,59,0,666,533,0,0,-1,0,0,-1,-1,-1,-1,-1,-1,0,1,
2026-03-25,18:17:52.510,7.53,88,97,97,-0.172,33.53,46,0,8.07,-0.288,1.144,-1.41,56,0,124.43,-3.96,10,0.00,3.87,3.90,3.89,3.89,3.88,3.88,3.89,3.90,31.18,10.1,29,28,72.2,-86,-481,68,0,0,666,533,0,0,-1,0,0,-1,-1,-1,-1,-1,-1,0,1,
2026-03-25,18:17:52.770,7.52,93,97,97,-0.178,33.07,48,0,8.07,-0.283,1.144,-1.54,61,0,124.17,-2.99,10,0.00,3.87,3.90,3.88,3.90,3.88,3.88,3.89,3.90,31.19,10.1,29,28,72.2,-85,-467,34,0,0,667,533,0,0,-1,0,0,-1,-1,-1,-1,-1,-1,0,1,
2026-03-25,18:17:53.030,7.52,96,97,97,-0.175,32.73,52,0,8.10,-0.259,1.128,-1.35,64,0,124.24,-1.60,10,0.00,3.87,3.90,3.88,3.90,3.88,3.88,3.89,3.90,31.19,10.1,29,28,72.6,-73,-489,34,37,0,666,533,0,0,-1,0,0,-1,-1,-1,-1,-1,-1,0,1,
2026-03-25,18:17:53.290,7.53,97,97,97,-0.177,32.38,54,0,8.08,-0.250,1.109,-1.25,67,0,124.79,-1.06,10,0.00,3.87,3.90,3.88,3.90,3.88,3.88,3.89,3.90,31.21,9.6,29,28,72.6,-65,-536,35,36,0,667,533,0,0,-1,0,0,-1,-1,-1,-1,-1,-1,0,1,
2026-03-25,18:17:53.560,7.52,97,98,98,-0.178,32.08,56,0,8.07,-0.268,1.168,-1.13,66,0,127.42,-0.75,10,0.00,3.88,3.90,3.88,3.90,3.88,3.88,3.89,3.90,31.21,9.6,29,28,73.0,-49,-505,34,75,0,667,533,0,0,-1,0,0,-1,-1,-1,-1,-1,-1,0,1,
2026-03-25,18:17:53.820,7.52,98,99,99,-0.181,31.75,58,0,8.07,-0.274,1.159,-1.13,64,0,129.51,-0.78,10,0.00,3.88,3.90,3.89,3.90,3.88,3.88,3.89,3.90,31.22,9.6,29,28,72.4,-49,-511,35,0,0,667,533,0,0,-1,0,0,-1,-1,-1,-1,-1,-1,0,1,
2026-03-25,18:17:54.090,7.53,99,99,99,-0.181,31.06,59,0,8.07,-0.274,1.181,-1.11,65,0,130.74,-0.59,10,0.00,3.88,3.90,3.89,3.90,3.89,3.89,3.89,3.90,31.22,9.6,29,28,73.2,-38,-514,36,0,0,667,533,0,0,-1,0,0,-1,-1,-1,-1,-1,-1,0,1,
2026-03-25,18:17:54.360,7.53,98,99,99,-0.180,30.70,60,0,8.07,-0.274,1.177,-1.20,66,0,130.67,-0.16,10,0.00,3.88,3.90,3.89,3.90,3.89,3.89,3.89,3.90,31.23,9.5,29,28,73.2,-40,-484,36,21,0,667,533,0,0,-1,0,0,-1,-1,-1,-1,-1,-1,0,1,
2026-03-25,18:17:54.620,7.53,97,100,100,-0.187,30.47,60,0,8.12,-0.265,1.172,-1.03,65,0,131.15,-0.27,10,0.00,3.88,3.90,3.89,3.90,3.89,3.89,3.90,3.91,31.23,9.5,29,28,73.0,-43,-437,35,31,0,667,533,0,0,-1,0,0,-1,-1,-1,-1,-1,-1,0,1,
2026-03-25,18:17:54.880,7.53,97,100,100,-0.179,30.33,58,0,8.15,-0.255,1.133,-0.71,65,0,134.33,-0.56,10,0.00,3.88,3.90,3.89,3.90,3.89,3.89,3.90,3.91,31.24,9.5,29,28,73.5,-31,-470,35,46,0,667,533,0,0,-1,0,0,-1,-1,-1,-1,-1,-1,0,1,
2026-03-25,18:17:55.140,7.53,97,100,100,-0.170,30.22,55,0,8.11,-0.249,1.105,-0.48,67,0,136.10,-0.57,10,0.00,3.88,3.90,3.89,3.90,3.89,3.89,3.90,3.91,31.24,9.5,29,28,73.2,52,-418,36,182,0,667,533,0,0,-1,0,0,-1,-1,-1,-1,-1,-1,0,1,
2026-03-25,18:17:55.410,7.53,97,100,100,-0.170,30.04,54,0,8.11,-0.248,1.072,-0.54,65,0,139.81,-1.10,10,0.00,3.88,3.90,3.89,3.90,3.89,3.89,3.90,3.91,31.24,9.5,29,28,72.2,41,-358,35,157,0,667,533,0,0,-1,0,0,-1,-1,-1,-1,-1,-1,0,1,
2026-03-25,18:17:55.680,7.53,97,100,100,-0.146,29.98,55,0,8.12,-0.236,0.983,-0.40,64,0,144.78,-2.04,10,0.00,3.88,3.90,3.89,3.90,3.89,3.89,3.90,3.91,31.24,9.5,29,28,71.7,38,-418,35,129,0,667,533,0,0,-1,0,0,-1,-1,-1,-1,-1,-1,0,1,
2026-03-25,18:17:55.940,7.52,98,100,100,-0.149,29.98,55,0,8.10,-0.226,0.961,-0.18,63,0,148.13,-2.48,10,0.00,3.88,3.90,3.89,3.90,3.89,3.89,3.90,3.91,31.24,9.6,29,28,70.7,143,-271,35,334,0,667,533,0,0,-1,0,0,-1,-1,-1,-1,-1,-1,0,1,
2026-03-25,18:17:56.220,7.53,98,100,100,-0.146,29.98,55,0,8.08,-0.227,0.944,-0.04,59,0,155.41,-5.07,10,0.00,3.88,3.90,3.89,3.90,3.89,3.89,3.90,3.91,31.24,9.7,29,28,70.7,161,-319,21,284,0,667,533,0,0,-1,0,0,-1,-1,-1,-1,-1,-1,0,1,
2026-03-25,18:17:56.490,7.53,98,100,100,-0.138,30.08,54,0,8.07,-0.205,0.919,0.15,54,0,160.83,-6.02,10,0.00,3.88,3.90,3.89,3.90,3.89,3.89,3.90,3.91,31.25,9.7,29,28,70.6,108,-413,15,167,0,667,533,0,0,-1,0,0,-1,-1,-1,-1,-1,-1,0,1,
2026-03-25,18:17:56.760,7.52,97,100,100,-0.139,30.11,53,0,8.07,-0.216,0.942,0.04,48,0,169.22,-8.41,10,0.00,3.88,3.90,3.89,3.90,3.89,3.89,3.90,3.91,31.25,9.2,29,28,70.6,141,-374,15,96,0,667,533,0,0,-1,0,0,-1,-1,-1,-1,-1,-1,0,1,
2026-03-25,18:17:57.020,7.52,95,100,100,-0.150,29.92,51,0,8.07,-0.243,1.018,-0.27,48,0,172.67,-11.28,10,0.00,3.88,3.90,3.89,3.90,3.89,3.89,3.90,3.91,31.26,9.2,29,28,70.2,44,-397,15,0,0,667,533,0,0,-1,0,0,-1,-1,-1,-1,-1,-1,0,1,
2026-03-25,18:17:57.280,7.52,92,100,100,-0.139,29.82,49,0,8.07,-0.232,1.018,-0.40,46,0,173.97,-11.79,10,0.00,3.88,3.90,3.89,3.90,3.89,3.89,3.90,3.91,31.26,9.2,29,28,70.0,0,-343,15,0,0,667,533,0,0,-1,0,0,-1,-1,-1,-1,-1,-1,0,1,
2026-03-25,18:17:57.540,7.52,92,100,100,-0.149,29.75,48,0,8.13,-0.246,1.008,-0.28,46,0,175.24,-12.79,10,0.00,3.88,3.90,3.89,3.90,3.89,3.89,3.90,3.91,31.26,9.2,29,28,69.6,0,-350,15,0,0,667,533,0,0,-1,0,0,-1,-1,-1,-1,-1,-1,0,1,
2026-03-25,18:17:57.810,7.52,92,100,100,-0.132,29.78,46,0,8.14,-0.215,1.008,-0.09,44,0,177.25,-13.03,10,0.00,3.88,3.90,3.89,3.90,3.89,3.89,3.90,3.91,31.26,9.1,29,28,69.1,0,-270,16,0,0,667,533,0,0,-1,0,0,-1,-1,-1,-1,-1,-1,0,1,
2026-03-25,18:17:58.090,7.52,92,100,100,-0.122,29.84,44,0,8.11,-0.205,0.866,0.06,44,0,178.20,-12.76,10,0.00,3.88,3.90,3.89,3.90,3.89,3.89,3.90,3.91,31.26,9.1,29,28,69.1,0,-325,14,0,0,666,533,0,0,-1,0,0,-1,-1,-1,-1,-1,-1,0,1,
2026-03-25,18:17:58.350,7.52,89,100,100,-0.119,29.99,43,0,8.09,-0.226,0.937,0.35,46,0,177.81,-12.63,10,0.00,3.88,3.90,3.89,3.90,3.89,3.89,3.90,3.91,31.27,9.1,29,28,68.7,0,-305,15,0,0,667,533,0,0,-1,0,0,-1,-1,-1,-1,-1,-1,0,1,
2026-03-25,18:17:58.610,7.52,89,100,100,-0.131,30.01,46,0,8.08,-0.227,0.959,0.26,44,0,176.48,-12.38,10,0.00,3.88,3.90,3.89,3.90,3.89,3.89,3.90,3.91,31.27,9.1,29,28,69.1,0,-304,15,0,0,666,533,0,0,-1,0,0,-1,-1,-1,-1,-1,-1,0,1,
2026-03-25,18:17:58.870,7.52,93,100,100,-0.129,29.91,47,0,8.07,-0.217,0.908,-0.11,47,0,174.95,-11.62,10,0.00,3.88,3.90,3.89,3.90,3.89,3.90,3.90,3.91,31.27,9.3,29,28,69.1,0,-388,16,0,0,667,533,0,0,-1,0,0,-1,-1,-1,-1,-1,-1,0,1,
2026-03-25,18:17:59.140,7.52,97,100,100,-0.139,29.76,49,0,8.07,-0.232,0.951,-0.30,49,0,175.01,-12.20,10,0.00,3.88,3.90,3.89,3.90,3.89,3.90,3.90,3.91,31.27,9.3,29,28,69.1,8,-401,16,79,0,666,533,0,0,-1,0,0,-1,-1,-1,-1,-1,-1,0,1,
2026-03-25,18:17:59.410,7.52,99,100,100,-0.141,29.43,50,0,8.07,-0.246,0.988,-0.45,50,0,175.55,-13.01,10,0.00,3.88,3.90,3.89,3.90,3.89,3.90,3.90,3.91,31.27,9.3,29,28,68.5,78,-398,17,146,0,667,533,0,0,-1,0,0,-1,-1,-1,-1,-1,-1,0,1,
2026-03-25,18:17:59.680,7.52,99,100,100,-0.139,29.21,51,0,8.07,-0.248,0.990,-0.73,52,0,176.28,-13.84,10,0.00,3.88,3.90,3.89,3.90,3.89,3.90,3.90,3.91,31.27,9.3,29,28,68.2,116,-428,21,161,0,667,533,0,0,-1,0,0,-1,-1,-1,-1,-1,-1,0,1,
2026-03-25,18:17:59.940,7.52,99,100,100,-0.141,29.13,52,0,8.07,-0.257,1.012,-0.52,53,0,176.20,-14.27,10,0.00,3.88,3.90,3.89,3.90,3.89,3.90,3.90,3.91,31.26,9.5,29,28,68.0,116,-512,40,0,0,667,533,0,0,-1,0,0,-1,-1,-1,-1,-1,-1,0,1,
2026-03-25,18:18:00.200,7.52,99,100,100,-0.157,28.99,53,0,8.07,-0.288,1.077,-0.43,53,0,175.88,-15.65,10,0.00,3.88,3.90,3.89,3.90,3.89,3.89,3.90,3.91,31.26,9.7,29,28,68.0,106,-593,42,0,0,667,533,0,0,-1,0,0,-1,-1,-1,-1,-1,-1,0,1,
2026-03-25,18:18:00.470,7.52,99,99,99,-0.175,28.94,54,0,8.07,-0.324,1.164,-0.35,45,0,175.87,-17.00,10,0.00,3.88,3.90,3.89,3.90,3.89,3.89,3.90,3.90,31.26,9.7,29,28,67.4,98,-624,41,7,0,667,533,0,0,-1,0,0,-1,-1,-1,-1,-1,-1,0,1,
2026-03-25,18:18:00.730,7.52,99,99,98,-0.187,28.94,55,0,8.07,-0.339,1.177,-0.05,47,0,178.13,-20.99,10,0.00,3.88,3.90,3.89,3.90,3.89,3.89,3.90,3.90,31.26,9.7,29,28,66.5,108,-600,41,69,0,667,533,0,0,-1,0,0,-1,-1,-1,-1,-1,-1,0,1,
2026-03-25,18:18:01.010,7.52,100,100,98,-0.173,29.05,55,0,8.10,-0.351,1.148,0.12,51,0,-123.90,-23.25,10,0.00,3.88,3.90,3.89,3.90,3.89,3.89,3.90,3.90,31.25,9.7,29,28,65.0,104,-532,40,70,0,666,533,0,0,-1,0,0,-1,-1,-1,-1,-1,-1,0,1,
2026-03-25,18:18:01.280,7.52,99,99,98,-0.146,29.26,54,0,8.10,-0.323,1.104,0.42,55,0,-173.66,-26.60,10,0.00,3.88,3.90,3.89,3.90,3.88,3.89,3.90,3.90,31.24,9.7,29,28,64.1,112,-534,40,28,0,666,533,0,0,-1,0,0,-1,-1,-1,-1,-1,-1,0,1,
2026-03-25,18:18:01.550,7.52,99,99,98,-0.127,29.46,52,0,8.08,-0.310,1.004,0.63,57,0,-176.06,-26.29,10,0.00,3.88,3.90,3.89,3.90,3.88,3.89,3.90,3.90,31.24,9.7,29,28,64.1,94,-571,41,0,0,667,533,0,0,-1,0,0,-1,-1,-1,-1,-1,-1,0,1,
2026-03-25,18:18:01.820,7.52,98,98,98,-0.148,29.85,52,0,8.08,-0.317,1.013,1.03,58,0,170.76,-25.36,10,0.00,3.88,3.90,3.89,3.90,3.88,3.89,3.90,3.90,31.22,9.7,29,28,62.8,109,-600,41,5,0,667,533,0,0,-1,0,0,-1,-1,-1,-1,-1,-1,0,1,
2026-03-25,18:18:02.080,7.53,99,99,98,-0.152,30.57,51,0,8.07,-0.342,1.053,1.21,54,0,179.18,-25.91,10,0.00,3.88,3.90,3.89,3.90,3.88,3.89,3.90,3.90,31.22,9.7,29,28,62.2,125,-589,41,35,0,667,533,0,0,-1,0,0,-1,-1,-1,-1,-1,-1,0,1,
2026-03-25,18:18:02.340,7.53,97,98,98,-0.154,30.90,51,0,8.07,-0.362,1.023,1.21,52,0,-164.23,-27.34,10,0.00,3.88,3.90,3.88,3.89,3.88,3.89,3.90,3.90,31.22,9.7,29,28,60.2,125,-567,41,63,0,667,533,0,0,-1,0,0,-1,-1,-1,-1,-1,-1,0,1,
2026-03-25,18:18:02.600,7.53,97,98,98,-0.138,31.28,50,0,8.09,-0.353,0.998,1.23,48,0,-173.75,-29.22,10,0.00,3.88,3.90,3.88,3.89,3.88,3.89,3.90,3.90,31.22,9.7,29,28,58.5,115,-604,40,0,0,667,533,0,0,-1,0,0,-1,-1,-1,-1,-1,-1,0,1,
2026-03-25,18:18:02.860,7.52,97,98,98,-0.129,31.80,49,0,8.08,-0.343,0.939,1.53,50,0,-175.54,-28.42,10,0.00,3.88,3.90,3.88,3.89,3.88,3.89,3.89,3.89,31.21,9.8,29,28,57.6,104,-580,40,4,0,667,533,0,0,-1,0,0,-1,-1,-1,-1,-1,-1,0,1,
2026-03-25,18:18:03.130,7.52,98,98,98,-0.124,32.29,49,0,8.10,-0.348,0.956,1.67,51,0,150.94,-27.58,10,0.00,3.87,3.90,3.88,3.89,3.88,3.89,3.89,3.89,31.21,9.8,29,28,56.9,129,-468,41,94,0,667,533,0,0,-1,0,0,-1,-1,-1,-1,-1,-1,0,1,
2026-03-25,18:18:03.400,7.53,99,99,98,-0.124,32.68,48,0,8.08,-0.338,0.901,1.51,51,0,178.37,-26.86,10,0.00,3.87,3.90,3.88,3.89,3.88,3.89,3.89,3.89,31.20,9.6,29,28,55.7,150,-531,42,95,0,667,533,0,0,-1,0,0,-1,-1,-1,-1,-1,-1,0,1,
2026-03-25,18:18:03.660,7.52,98,98,98,-0.121,33.09,47,0,8.08,-0.333,0.865,1.44,50,0,179.38,-25.59,10,0.00,3.87,3.90,3.88,3.89,3.88,3.88,3.89,3.89,31.20,9.6,29,28,55.7,159,-560,44,102,0,667,533,0,0,-1,0,0,-1,-1,-1,-1,-1,-1,0,1,
2026-03-25,18:18:03.920,7.52,99,99,97,-0.120,33.09,46,0,8.07,-0.342,0.890,1.30,44,0,179.46,-25.49,10,0.00,3.87,3.90,3.88,3.89,3.88,3.88,3.89,3.89,31.18,9.4,29,28,55.4,168,-605,44,98,0,667,533,0,0,-1,0,0,-1,-1,-1,-1,-1,-1,0,1,
2026-03-25,18:18:04.180,7.52,98,98,97,-0.122,33.63,46,0,8.07,-0.356,0.925,1.00,45,0,178.84,-25.55,10,0.00,3.87,3.90,3.88,3.89,3.88,3.88,3.89,3.89,31.18,9.4,29,28,55.0,176,-628,44,89,0,667,533,0,0,-1,0,0,-1,-1,-1,-1,-1,-1,0,1,
2026-03-25,18:18:04.450,7.52,94,98,98,-0.121,33.63,46,0,8.07,-0.364,0.932,1.00,47,0,178.13,-25.55,10,0.00,3.87,3.89,3.88,3.89,3.88,3.88,3.89,3.89,31.16,9.4,29,28,55.0,160,-642,42,81,0,667,533,0,0,-1,0,0,-1,-1,-1,-1,-1,-1,0,1,
2026-03-25,18:18:04.710,7.52,90,99,99,-0.120,33.93,45,0,8.07,-0.364,0.931,0.55,48,0,176.88,-25.71,10,0.00,3.87,3.89,3.88,3.89,3.88,3.88,3.89,3.89,31.16,9.4,29,28,55.0,142,-646,40,111,0,667,533,0,0,-1,0,0,-1,-1,-1,-1,-1,-1,0,1,
2026-03-25,18:18:04.980,7.52,89,99,99,-0.126,33.94,46,0,8.07,-0.371,0.943,0.07,45,0,176.03,-26.06,10,0.00,3.87,3.89,3.88,3.89,3.87,3.88,3.89,3.89,31.16,9.6,29,28,54.1,134,-637,40,145,0,667,533,0,0,-1,0,0,-1,-1,-1,-1,-1,-1,0,1,
2026-03-25,18:18:05.240,7.52,91,99,99,-0.126,33.94,46,0,8.07,-0.364,0.943,0.05,38,0,176.19,-26.14,10,0.00,3.87,3.89,3.88,3.89,3.87,3.88,3.88,3.89,31.16,9.5,29,28,54.6,139,-654,41,154,0,667,533,0,0,-1,0,0,-1,-1,-1,-1,-1,-1,0,1,
2026-03-25,18:18:05.500,7.52,93,99,99,-0.127,33.96,46,0,8.07,-0.368,0.936,0.02,37,0,176.67,-26.52,10,0.00,3.86,3.89,3.88,3.89,3.87,3.88,3.88,3.89,31.16,9.5,29,28,54.6,154,-625,42,143,0,667,533,0,0,-1,0,0,-1,-1,-1,-1,-1,-1,0,1,
2026-03-25,18:18:05.770,7.52,95,99,99,-0.127,33.92,47,0,8.07,-0.373,0.957,-0.05,38,0,176.67,-26.52,10,0.00,3.86,3.89,3.88,3.88,3.87,3.88,3.88,3.89,31.15,9.5,29,28,54.6,171,-651,42,150,0,667,533,0,0,-1,0,0,-1,-1,-1,-1,-1,-1,0,1,
2026-03-25,18:18:06.030,7.52,99,99,99,-0.120,33.89,47,0,8.07,-0.370,0.984,-0.07,38,0,173.75,-26.44,10,0.00,3.86,3.89,3.88,3.88,3.87,3.88,3.88,3.89,31.15,9.5,29,28,55.4,180,-677,43,127,0,667,533,0,0,-1,0,0,-1,-1,-1,-1,-1,-1,0,1,
2026-03-25,18:18:06.290,7.52,100,100,99,-0.141,33.89,47,0,8.07,-0.373,0.999,-0.30,38,0,171.56,-26.60,10,0.00,3.86,3.89,3.88,3.88,3.87,3.88,3.88,3.89,31.15,9.6,29,28,56.5,177,-680,42,121,0,667,533,0,0,-1,0,0,-1,-1,-1,-1,-1,-1,0,1,
2026-03-25,18:18:06.550,7.52,100,100,99,-0.138,33.53,48,0,8.07,-0.371,1.014,-0.55,37,0,171.56,-26.60,10,0.00,3.86,3.89,3.88,3.88,3.87,3.88,3.88,3.89,31.15,9.6,29,28,56.5,181,-575,43,125,0,667,533,0,0,-1,0,0,-1,-1,-1,-1,-1,-1,0,1,
2026-03-25,18:18:06.820,7.51,99,99,99,-0.144,33.35,48,0,8.07,-0.372,0.993,-0.62,39,0,175.03,-28.54,10,0.00,3.86,3.89,3.88,3.88,3.87,3.88,3.88,3.89,31.14,9.7,29,28,57.2,218,-563,43,121,0,667,533,0,0,-1,0,0,-1,-1,-1,-1,-1,-1,0,1,
2026-03-25,18:18:07.080,7.52,98,99,99,-0.131,33.20,48,0,8.10,-0.357,0.971,-0.58,41,0,176.58,-28.34,10,0.00,3.86,3.89,3.88,3.88,3.87,3.88,3.88,3.89,31.14,9.7,29,28,56.9,212,-571,43,99,0,667,533,0,0,-1,0,0,-1,-1,-1,-1,-1,-1,0,1,
2026-03-25,18:18:07.350,7.52,94,99,99,-0.121,33.19,47,0,8.09,-0.342,0.949,-0.29,43,0,177.44,-27.52,10,0.00,3.86,3.89,3.88,3.88,3.87,3.88,3.88,3.89,31.13,9.7,29,28,57.2,201,-686,43,55,0,667,533,0,0,-1,0,0,-1,-1,-1,-1,-1,-1,0,1,
2026-03-25,18:18:07.610,7.52,90,99,99,-0.123,33.24,47,0,8.08,-0.361,1.035,0.02,45,0,175.78,-27.17,10,0.00,3.86,3.89,3.88,3.88,3.87,3.88,3.88,3.89,31.13,9.7,29,28,58.2,198,-692,24,29,0,667,533,0,0,-1,0,0,-1,-1,-1,-1,-1,-1,0,1,
2026-03-25,18:18:07.870,7.52,91,100,100,-0.158,33.13,47,0,8.07,-0.367,1.061,-0.17,45,0,174.24,-28.95,10,0.00,3.86,3.89,3.88,3.88,3.87,3.88,3.88,3.89,31.14,9.5,29,28,58.2,214,-606,18,95,0,667,533,0,0,-1,0,0,-1,-1,-1,-1,-1,-1,0,1,
2026-03-25,18:18:08.150,7.52,94,100,100,-0.154,32.63,46,0,8.07,-0.360,1.038,-0.82,43,0,-146.15,-32.44,10,0.00,3.86,3.89,3.88,3.88,3.87,3.88,3.88,3.89,31.14,9.5,29,28,57.6,225,-649,18,100,0,667,533,0,0,-1,0,0,-1,-1,-1,-1,-1,-1,0,1,
2026-03-25,18:18:08.410,7.52,94,100,100,-0.142,32.50,44,0,8.07,-0.356,1.008,-0.67,42,0,-174.75,-33.12,10,0.00,3.86,3.89,3.88,3.88,3.87,3.88,3.88,3.89,31.14,9.3,29,28,57.6,232,-661,18,145,0,667,533,0,0,-1,0,0,-1,-1,-1,-1,-1,-1,0,1,
2026-03-25,18:18:08.680,7.52,93,99,99,-0.126,32.60,43,0,8.07,-0.349,1.016,-0.10,41,0,-175.66,-31.97,10,0.00,3.86,3.89,3.88,3.88,3.87,3.88,3.88,3.89,31.14,9.3,29,28,57.6,173,-662,16,0,0,667,533,0,0,-1,0,0,-1,-1,-1,-1,-1,-1,0,1,
2026-03-25,18:18:08.940,7.52,94,99,99,-0.132,32.56,45,0,8.07,-0.340,1.046,0.03,39,0,-178.19,-31.33,10,0.00,3.86,3.89,3.88,3.88,3.87,3.88,3.88,3.89,31.14,9.4,29,28,58.2,131,-665,-5,-27,0,666,533,0,0,-1,0,0,-1,-1,-1,-1,-1,-1,0,1,
2026-03-25,18:18:09.210,7.52,99,99,99,-0.140,32.34,48,0,8.10,-0.338,1.038,-0.49,41,0,-179.32,-31.50,10,0.00,3.87,3.89,3.88,3.88,3.87,3.88,3.88,3.89,31.14,9.0,29,28,58.5,94,-563,-15,-108,0,667,533,0,0,-1,0,0,-1,-1,-1,-1,-1,-1,0,1,
2026-03-25,18:18:09.480,7.52,100,100,99,-0.136,32.15,51,0,8.10,-0.310,0.964,-0.54,45,0,-177.54,-30.87,10,0.00,3.87,3.89,3.88,3.89,3.87,3.88,3.88,3.89,31.14,9.0,29,28,57.8,88,-559,-22,-111,0,667,533,0,0,-1,0,0,-1,-1,-1,-1,-1,-1,0,1,
2026-03-25,18:18:09.750,7.52,100,100,99,-0.131,32.03,52,0,8.11,-0.289,0.950,-0.56,47,0,-177.63,-29.64,10,0.00,3.87,3.89,3.88,3.89,3.88,3.88,3.88,3.89,31.17,8.9,29,28,59.6,84,-449,-64,-120,0,667,533,0,0,-1,0,0,-1,-1,-1,-1,-1,-1,0,1,
2026-03-25,18:18:10.010,7.52,100,100,99,-0.128,31.85,52,0,8.10,-0.239,0.888,-0.52,46,0,-176.71,-27.68,10,0.00,3.87,3.89,3.88,3.89,3.88,3.88,3.89,3.89,31.17,8.9,29,28,59.6,23,-450,-74,-242,0,667,533,0,0,-1,0,0,-1,-1,-1,-1,-1,-1,0,1,
2026-03-25,18:18:10.270,7.52,100,100,99,-0.108,31.65,53,0,8.09,-0.211,0.849,-0.62,43,0,-175.57,-26.27,10,0.00,3.87,3.90,3.88,3.89,3.88,3.88,3.89,3.89,31.18,7.9,29,28,59.6,-36,-444,-74,-381,0,667,533,0,0,-1,0,0,-1,-1,-1,-1,-1,-1,0,1,
2026-03-25,18:18:10.530,7.52,100,100,98,-0.104,31.32,53,0,8.08,-0.204,0.858,-0.86,41,0,-177.41,-24.36,10,0.00,3.87,3.90,3.88,3.89,3.88,3.88,3.89,3.89,31.18,7.9,29,28,61.1,-103,-490,-73,-424,0,667,533,0,0,-1,0,0,-1,-1,-1,-1,-1,-1,0,1,
2026-03-25,18:18:10.800,7.52,100,100,98,-0.135,30.14,53,0,8.07,-0.214,0.952,-1.45,46,0,174.60,-21.73,10,0.00,3.87,3.90,3.88,3.90,3.88,3.88,3.89,3.89,31.20,7.9,29,28,62.4,-128,-514,-73,-421,0,667,533,0,0,-1,0,0,-1,-1,-1,-1,-1,-1,0,1,
2026-03-25,18:18:11.060,7.52,98,98,98,-0.154,29.46,52,0,8.07,-0.221,1.003,-2.16,47,0,172.80,-20.95,10,0.00,3.87,3.90,3.88,3.90,3.88,3.89,3.89,3.89,31.20,7.9,29,28,65.9,-140,-547,-73,-419,0,667,533,0,0,-1,0,0,-1,-1,-1,-1,-1,-1,0,1,
2026-03-25,18:18:11.320,7.52,95,98,98,-0.148,28.77,51,0,8.07,-0.201,1.006,-2.29,51,0,174.63,-21.02,10,0.00,3.87,3.90,3.88,3.90,3.88,3.89,3.89,3.90,31.23,7.6,29,28,66.7,-178,-433,-74,-570,0,667,533,0,0,-1,0,0,-1,-1,-1,-1,-1,-1,0,1,
2026-03-25,18:18:11.580,7.52,93,98,98,-0.145,27.94,51,0,8.10,-0.216,1.019,-2.60,51,0,175.12,-21.01,10,0.00,3.88,3.90,3.88,3.90,3.88,3.89,3.89,3.90,31.23,7.6,29,28,66.7,-229,-452,-75,-605,0,667,533,0,0,-1,0,0,-1,-1,-1,-1,-1,-1,0,1,
2026-03-25,18:18:11.840,7.52,93,98,98,-0.112,26.95,51,0,8.08,-0.174,0.952,-3.07,54,0,167.11,-16.91,10,0.00,3.88,3.90,3.89,3.90,3.88,3.89,3.89,3.90,31.25,7.7,29,28,68.7,-216,-513,-74,-398,0,667,533,0,0,-1,0,0,-1,-1,-1,-1,-1,-1,0,1,
2026-03-25,18:18:12.100,7.52,95,98,98,-0.148,25.97,51,0,8.08,-0.213,0.950,-3.35,54,0,160.31,-14.68,10,0.00,3.88,3.90,3.89,3.90,3.89,3.90,3.89,3.90,31.25,7.7,29,28,69.6,-70,-524,-74,0,0,667,533,0,0,-1,0,0,-1,-1,-1,-1,-1,-1,0,1,
2026-03-25,18:18:12.360,7.52,96,97,97,-0.155,25.17,49,0,8.09,-0.239,1.126,-3.35,55,0,155.18,-15.62,10,0.00,3.88,3.90,3.89,3.90,3.89,3.90,3.89,3.90,31.26,7.4,29,28,69.6,0,-390,-75,0,0,666,533,0,0,-1,0,0,-1,-1,-1,-1,-1,-1,0,1,
2026-03-25,18:18:12.630,7.52,97,98,98,-0.140,24.31,48,0,8.08,-0.190,1.013,-3.01,57,0,158.24,-16.70,10,0.00,3.88,3.90,3.89,3.90,3.89,3.90,3.89,3.90,31.26,7.4,29,28,70.7,-77,-417,-75,-58,0,667,533,0,0,-1,0,0,-1,-1,-1,-1,-1,-1,0,1,
2026-03-25,18:18:12.900,7.52,95,98,98,-0.124,23.45,46,0,8.07,-0.166,0.954,-2.97,57,0,159.93,-15.82,10,0.00,3.89,3.91,3.89,3.90,3.89,3.90,3.89,3.90,31.28,7.3,29,28,71.3,-163,-548,-88,-227,0,667,534,0,0,-1,0,0,-1,-1,-1,-1,-1,-1,0,1,
2026-03-25,18:18:13.160,7.52,95,98,98,-0.141,22.86,44,0,8.07,-0.200,1.134,-2.54,58,0,158.51,-15.54,10,0.00,3.89,3.91,3.90,3.91,3.89,3.90,3.89,3.90,31.28,7.3,29,28,72.4,-167,-490,-107,-172,0,667,533,0,0,-1,0,0,-1,-1,-1,-1,-1,-1,0,1,
2026-03-25,18:18:13.420,7.52,92,98,98,-0.150,22.14,43,0,8.07,-0.218,1.151,-2.36,57,0,155.18,-16.40,10,0.00,3.89,3.91,3.90,3.91,3.89,3.90,3.89,3.90,31.30,6.5,29,28,71.1,-78,-385,-164,0,0,667,533,0,0,-1,0,0,-1,-1,-1,-1,-1,-1,0,1,
2026-03-25,18:18:13.690,7.52,90,98,98,-0.137,20.69,43,0,8.07,-0.138,0.983,-2.44,58,0,154.55,-15.62,10,0.00,3.89,3.91,3.90,3.91,3.89,3.90,3.91,3.91,31.30,6.5,29,28,72.2,-56,-383,-181,0,0,666,533,0,0,-1,0,0,-1,-1,-1,-1,-1,-1,0,1,
2026-03-25,18:18:13.960,7.52,89,98,98,-0.116,20.34,44,0,8.07,-0.121,0.941,-1.70,58,0,160.39,-14.03,10,0.00,3.90,3.91,3.90,3.91,3.89,3.90,3.91,3.91,31.34,4.1,29,28,71.9,-65,-468,-181,-63,0,667,533,0,0,-1,0,0,-1,-1,-1,-1,-1,-1,0,1,
2026-03-25,18:18:14.220,7.52,90,98,98,-0.119,20.13,44,0,8.07,-0.136,0.994,-1.10,54,0,160.99,-13.57,10,0.00,3.90,3.91,3.91,3.91,3.89,3.90,3.91,3.91,31.34,4.1,29,28,72.6,-72,-457,-180,-135,0,667,533,0,0,-1,0,0,-1,-1,-1,-1,-1,-1,0,1,
2026-03-25,18:18:14.490,7.52,93,99,99,-0.141,19.67,44,0,8.07,-0.166,1.047,-1.25,56,0,158.02,-12.64,10,0.00,3.90,3.91,3.91,3.91,3.91,3.91,3.91,3.91,31.36,4.1,29,28,72.6,-65,-432,-124,0,0,667,533,0,0,-1,0,0,-1,-1,-1,-1,-1,-1,0,1,
2026-03-25,18:18:14.760,7.52,94,99,99,-0.142,19.02,44,0,8.12,-0.159,1.035,-1.88,55,0,157.92,-12.36,10,0.00,3.90,3.91,3.91,3.91,3.91,3.91,3.91,3.91,31.37,5.6,29,28,72.6,-46,-325,-126,122,0,667,533,0,0,-1,0,0,-1,-1,-1,-1,-1,-1,0,1,
2026-03-25,18:18:15.030,7.52,96,99,99,-0.125,18.37,45,0,8.09,-0.134,0.931,-2.15,57,0,163.83,-12.00,10,0.00,3.90,3.91,3.91,3.91,3.91,3.91,3.92,3.92,31.37,5.6,29,28,71.9,-35,-431,-126,0,0,667,533,0,0,-1,0,0,-1,-1,-1,-1,-1,-1,0,1,
2026-03-25,18:18:15.290,7.52,95,99,99,-0.126,18.19,46,0,8.08,-0.158,0.999,-1.39,56,0,166.41,-11.44,10,0.00,3.90,3.92,3.91,3.91,3.91,3.91,3.92,3.92,31.38,5.5,29,28,71.3,-35,-418,-127,3,0,667,533,0,0,-1,0,0,-1,-1,-1,-1,-1,-1,0,1,
2026-03-25,18:18:15.550,7.52,96,99,99,-0.123,17.90,49,0,8.07,-0.169,1.014,-0.97,55,0,165.43,-11.50,10,0.00,3.90,3.92,3.91,3.92,3.91,3.91,3.92,3.92,31.38,5.5,29,28,71.1,-32,-365,-127,49,0,667,533,0,0,-1,0,0,-1,-1,-1,-1,-1,-1,0,1,
2026-03-25,18:18:15.810,7.52,95,99,99,-0.129,17.34,50,0,8.07,-0.136,0.916,-1.50,53,0,164.38,-10.46,10,0.00,3.90,3.92,3.91,3.92,3.91,3.91,3.92,3.92,31.39,5.6,29,28,71.3,-28,-382,-129,94,0,667,533,0,0,-1,0,0,-1,-1,-1,-1,-1,-1,0,1,
2026-03-25,18:18:16.070,7.52,98,99,99,-0.128,16.99,53,0,8.07,-0.138,0.927,-1.53,52,0,165.80,-10.30,10,0.00,3.90,3.92,3.91,3.92,3.91,3.91,3.91,3.92,31.39,5.6,29,28,70.6,0,-409,-136,65,0,667,533,0,0,-1,0,0,-1,-1,-1,-1,-1,-1,0,1,
2026-03-25,18:18:16.330,7.53,98,100,100,-0.131,16.68,57,0,8.07,-0.147,0.966,-1.09,57,0,168.78,-10.80,10,0.00,3.90,3.92,3.91,3.92,3.91,3.91,3.91,3.92,31.40,5.4,29,28,71.1,0,-419,-146,-2,0,667,533,0,0,-1,0,0,-1,-1,-1,-1,-1,-1,0,1,
2026-03-25,18:18:16.590,7.52,100,100,100,-0.129,16.12,60,0,8.07,-0.155,0.987,-1.58,63,0,173.34,-11.70,10,0.00,3.90,3.92,3.91,3.92,3.91,3.91,3.91,3.92,31.40,5.4,29,28,71.1,0,-410,-148,-48,0,667,533,0,0,-1,0,0,-1,-1,-1,-1,-1,-1,0,1,
2026-03-25,18:18:16.850,7.53,100,100,100,-0.124,15.62,62,0,8.07,-0.145,0.953,-1.54,67,0,171.24,-10.86,10,0.00,3.90,3.92,3.91,3.92,3.91,3.91,3.91,3.92,31.41,4.9,29,28,71.1,-14,-399,-147,-132,0,667,533,0,0,-1,0,0,-1,-1,-1,-1,-1,-1,0,1,
2026-03-25,18:18:17.120,7.53,100,100,100,-0.133,14.82,64,0,8.07,-0.165,1.000,-1.44,62,0,168.24,-10.04,10,0.00,3.90,3.92,3.91,3.92,3.91,3.91,3.91,3.92,31.41,4.9,29,28,70.6,-14,-420,-147,-130,0,667,533,0,0,-1,0,0,-1,-1,-1,-1,-1,-1,0,1,
2026-03-25,18:18:17.380,7.52,100,100,99,-0.140,14.29,66,0,8.07,-0.160,0.987,-1.60,62,0,168.02,-9.96,10,0.00,3.90,3.92,3.91,3.92,3.91,3.91,3.92,3.92,31.42,5.0,29,28,70.0,0,-413,-146,-97,0,667,533,0,0,-1,0,0,-1,-1,-1,-1,-1,-1,0,1,
2026-03-25,18:18:17.650,7.52,100,100,99,-0.148,13.77,68,0,8.07,-0.155,0.980,-1.80,66,0,170.74,-10.01,10,0.00,3.90,3.92,3.91,3.92,3.91,3.91,3.92,3.92,31.42,5.0,29,28,71.1,0,-442,-116,-86,0,667,533,0,0,-1,0,0,-1,-1,-1,-1,-1,-1,1,1,
2026-03-25,18:18:17.920,7.52,100,100,99,-0.143,13.44,70,0,8.07,-0.166,0.979,-1.42,65,0,173.66,-10.53,10,0.00,3.90,3.92,3.91,3.92,3.91,3.91,3.92,3.92,31.43,5.7,29,28,70.7,-12,-370,-117,-32,0,667,533,0,0,-1,0,0,-1,-1,-1,-1,-1,-1,1,1,
2026-03-25,18:18:18.180,7.52,100,100,99,-0.132,12.99,71,0,8.07,-0.161,0.961,-1.45,61,0,176.65,-11.22,10,0.00,3.90,3.92,3.91,3.92,3.91,3.91,3.92,3.92,31.43,5.7,29,28,70.0,0,-424,-115,-116,0,667,533,0,0,-1,0,0,-1,-1,-1,-1,-1,-1,1,1,
2026-03-25,18:18:18.440,7.52,100,100,99,-0.127,12.53,72,0,8.07,-0.175,0.978,-1.55,62,0,174.11,-10.34,10,0.00,3.90,3.92,3.91,3.92,3.91,3.91,3.92,3.92,31.43,6.1,29,28,70.0,0,-524,-67,-146,0,667,533,0,0,-1,0,0,-1,-1,-1,-1,-1,-1,0,1,
2026-03-25,18:18:18.710,7.52,100,100,99,-0.141,12.09,71,0,8.07,-0.210,1.042,-1.54,64,0,171.37,-10.41,10,0.00,3.90,3.92,3.91,3.92,3.91,3.91,3.92,3.92,31.43,7.4,29,28,70.0,0,-574,-61,0,0,666,533,0,0,-1,0,0,-1,-1,-1,-1,-1,-1,0,1,
2026-03-25,18:18:18.980,7.52,100,100,99,-0.176,11.61,70,0,8.07,-0.249,1.133,-1.62,65,0,169.51,-13.37,10,0.00,3.90,3.92,3.91,3.92,3.91,3.91,3.92,3.92,31.41,7.4,29,28,70.0,0,-374,-67,-17,0,667,533,0,0,-1,0,0,-1,-1,-1,-1,-1,-1,0,1,
2026-03-25,18:18:19.240,7.52,99,99,99,-0.155,11.27,68,0,8.07,-0.211,1.016,-1.41,61,0,171.89,-13.85,10,0.00,3.90,3.92,3.91,3.92,3.91,3.91,3.92,3.92,31.41,8.0,29,28,69.1,0,-407,29,-79,0,667,533,0,0,-1,0,0,-1,-1,-1,-1,-1,-1,0,1,
2026-03-25,18:18:19.500,7.52,99,99,99,-0.141,10.78,68,0,8.07,-0.243,0.968,-1.16,62,0,174.82,-12.87,10,0.00,3.90,3.92,3.91,3.92,3.90,3.91,3.92,3.92,31.38,8.0,29,28,68.7,-9,-409,105,-95,0,667,533,0,0,-1,0,0,-1,-1,-1,-1,-1,-1,0,1,
2026-03-25,18:18:19.770,7.52,98,99,99,-0.156,10.43,67,0,8.07,-0.313,1.048,-0.98,59,0,173.05,-13.93,10,0.00,3.90,3.92,3.91,3.92,3.90,3.91,3.91,3.91,31.38,9.8,29,28,69.6,0,-409,147,-107,0,667,533,0,0,-1,0,0,-1,-1,-1,-1,-1,-1,0,1,
2026-03-25,18:18:20.040,7.52,97,99,99,-0.166,10.10,64,0,8.07,-0.327,1.071,-1.15,59,0,172.07,-14.61,10,0.00,3.88,3.90,3.91,3.92,3.90,3.91,3.91,3.91,31.31,9.8,29,28,70.0,0,-381,151,-151,0,667,533,0,0,-1,0,0,-1,-1,-1,-1,-1,-1,0,1,
2026-03-25,18:18:20.300,7.52,96,99,99,-0.169,10.10,63,0,8.07,-0.323,1.080,-0.86,63,0,171.41,-15.91,10,0.00,3.88,3.90,3.89,3.89,3.90,3.91,3.91,3.91,31.25,10.7,29,28,70.2,0,-431,181,-99,0,667,533,0,0,-1,0,0,-1,-1,-1,-1,-1,-1,0,1,
2026-03-25,18:18:20.560,7.52,97,99,99,-0.177,9.77,61,0,8.07,-0.344,1.089,-0.71,64,0,171.55,-16.73,10,0.00,3.88,3.90,3.89,3.89,3.87,3.88,3.91,3.91,31.25,10.7,29,28,71.1,0,-369,201,-111,0,667,533,0,0,-1,0,0,-1,-1,-1,-1,-1,-1,0,1,
2026-03-25,18:18:20.820,7.52,97,99,99,-0.172,9.68,62,0,8.07,-0.354,1.089,-0.41,65,0,171.67,-17.71,10,0.00,3.88,3.90,3.89,3.89,3.87,3.88,3.88,3.88,31.18,11.1,29,28,70.6,0,-344,210,-96,0,667,533,0,0,-1,0,0,-1,-1,-1,-1,-1,-1,0,1,
2026-03-25,18:18:21.080,7.52,98,99,99,-0.166,9.73,62,0,8.07,-0.362,1.070,-0.15,65,0,171.60,-19.16,10,0.00,3.85,3.88,3.89,3.89,3.87,3.88,3.88,3.88,31.18,11.1,29,28,70.6,0,-266,279,0,0,667,533,0,0,-1,0,0,-1,-1,-1,-1,-1,-1,0,1,
2026-03-25,18:18:21.340,7.52,98,100,100,-0.165,9.87,60,0,8.07,-0.372,0.997,0.30,61,0,171.46,-19.43,10,0.00,3.85,3.88,3.89,3.89,3.87,3.88,3.88,3.88,31.08,12.0,29,28,71.1,0,-314,356,0,0,667,533,0,0,-1,0,0,-1,-1,-1,-1,-1,-1,0,1,
2026-03-25,18:18:21.600,7.52,98,100,100,-0.170,9.96,59,0,8.07,-0.412,1.021,0.29,63,0,171.92,-20.19,10,0.00,3.85,3.88,3.86,3.86,3.87,3.88,3.88,3.88,31.08,12.0,29,28,71.9,0,-332,382,0,0,667,533,0,0,-1,0,0,-1,-1,-1,-1,-1,-1,0,1,
2026-03-25,18:18:21.870,7.52,100,100,100,-0.174,10.11,60,0,8.07,-0.435,1.073,0.48,61,0,171.30,-21.09,10,0.00,3.85,3.88,3.86,3.86,3.85,3.85,3.88,3.88,30.96,15.0,29,28,72.4,0,-350,416,87,0,667,533,0,0,-1,0,0,-1,-1,-1,-1,-1,-1,0,1,
2026-03-25,18:18:22.140,7.52,100,100,100,-0.171,10.26,60,0,8.07,-0.463,1.107,0.42,60,0,169.32,-22.81,10,0.00,3.85,3.88,3.86,3.86,3.85,3.85,3.84,3.84,30.96,15.0,29,28,73.0,0,-333,430,153,0,667,533,0,0,-1,0,0,-1,-1,-1,-1,-1,-1,0,1,
2026-03-25,18:18:22.400,7.52,98,100,100,-0.179,10.97,61,0,8.07,-0.471,1.115,1.13,54,0,169.24,-24.14,10,0.00,3.81,3.84,3.86,3.86,3.85,3.85,3.84,3.84,30.83,17.7,29,28,73.2,6,-240,477,176,0,667,533,0,0,-1,0,0,-1,-1,-1,-1,-1,-1,0,1,
2026-03-25,18:18:22.670,7.52,98,100,100,-0.160,11.52,60,0,8.07,-0.477,1.017,1.60,49,0,170.62,-25.85,10,0.00,3.81,3.84,3.81,3.82,3.85,3.85,3.84,3.84,30.83,17.7,29,28,73.0,18,-161,523,93,0,667,533,0,0,-1,0,0,-1,-1,-1,-1,-1,-1,0,1,
2026-03-25,18:18:22.940,7.51,98,100,100,-0.149,12.11,59,0,8.07,-0.493,0.951,1.88,52,0,169.61,-25.81,10,0.00,3.81,3.84,3.81,3.82,3.81,3.79,3.84,3.84,30.69,21.1,29,28,74.1,36,-213,568,146,0,666,533,0,0,-1,0,0,-1,-1,-1,-1,-1,-1,0,1,
2026-03-25,18:18:23.210,7.52,99,99,99,-0.160,12.58,57,0,8.07,-0.503,0.970,1.77,51,0,168.19,-25.71,10,0.00,3.81,3.84,3.81,3.82,3.81,3.79,3.80,3.79,30.69,21.1,29,28,75.0,85,-175,571,315,0,667,533,0,0,-1,0,0,-1,-1,-1,-1,-1,-1,0,1,
2026-03-25,18:18:23.480,7.51,98,99,99,-0.178,13.36,56,0,8.07,-0.502,0.988,2.23,50,0,169.96,-27.41,10,0.00,3.76,3.79,3.81,3.82,3.81,3.79,3.80,3.79,30.55,27.2,29,28,75.0,97,-182,570,319,0,667,533,0,0,-1,0,0,-1,-1,-1,-1,-1,-1,0,1,
2026-03-25,18:18:23.750,7.51,97,99,99,-0.150,14.24,56,0,8.07,-0.489,0.940,2.68,52,0,172.81,-28.29,10,0.00,3.76,3.79,3.81,3.82,3.81,3.79,3.80,3.79,30.55,27.8,29,28,75.0,106,-144,568,343,0,666,533,0,0,-1,0,0,-1,-1,-1,-1,-1,-1,0,1,
2026-03-25,18:18:24.020,7.52,96,99,99,-0.145,15.27,56,0,8.10,-0.477,0.918,3.20,52,0,177.96,-29.76,10,0.00,3.76,3.79,3.77,3.77,3.81,3.79,3.80,3.79,30.43,27.8,29,28,75.0,103,-141,534,333,0,667,533,0,0,-1,0,0,-1,-1,-1,-1,-1,-1,0,1,
2026-03-25,18:18:24.290,7.52,96,99,99,-0.128,16.32,56,0,8.08,-0.451,0.879,3.49,52,0,-177.23,-30.18,10,0.00,3.76,3.79,3.77,3.77,3.77,3.75,3.80,3.79,30.34,25.7,29,28,74.8,113,-199,534,300,0,667,533,0,0,-1,0,0,-1,-1,-1,-1,-1,-1,0,1,
2026-03-25,18:18:24.560,7.52,97,99,99,-0.126,17.54,57,0,8.07,-0.456,0.867,3.88,52,0,-177.79,-30.43,10,0.00,3.76,3.79,3.77,3.77,3.77,3.75,3.77,3.76,30.34,25.7,29,28,74.6,149,-181,534,311,0,667,533,0,0,-1,0,0,-1,-1,-1,-1,-1,-1,0,1,
2026-03-25,18:18:24.820,7.52,99,99,99,-0.135,18.79,58,0,8.07,-0.459,0.912,4.18,53,0,-175.74,-30.71,10,0.00,3.73,3.77,3.77,3.77,3.77,3.75,3.77,3.76,30.27,24.7,29,28,74.3,170,-266,535,272,0,667,533,0,0,-1,0,0,-1,-1,-1,-1,-1,-1,0,1,
2026-03-25,18:18:25.090,7.52,100,100,99,-0.150,20.97,58,0,8.07,-0.465,0.936,3.80,55,0,-174.81,-30.78,10,0.00,3.73,3.77,3.75,3.76,3.77,3.75,3.77,3.76,30.27,24.7,29,28,74.1,183,-291,535,240,0,667,533,0,0,-1,0,0,-1,-1,-1,-1,-1,-1,0,1,
2026-03-25,18:18:25.360,7.52,100,100,99,-0.163,22.18,58,0,8.07,-0.477,0.990,3.92,55,0,-172.00,-32.05,10,0.00,3.73,3.77,3.75,3.76,3.76,3.74,3.77,3.76,30.21,25.0,29,28,74.1,176,-379,535,148,0,667,533,0,0,-1,0,0,-1,-1,-1,-1,-1,-1,0,1,
2026-03-25,18:18:25.620,7.52,98,99,99,-0.180,23.37,57,0,8.07,-0.516,1.115,4.10,55,0,-166.07,-35.21,10,0.00,3.73,3.77,3.75,3.76,3.76,3.74,3.77,3.75,30.21,25.0,29,28,73.0,158,-397,535,120,0,667,533,0,0,-1,0,0,-1,-1,-1,-1,-1,-1,0,1,
2026-03-25,18:18:25.880,7.52,97,99,99,-0.177,24.60,55,0,8.07,-0.518,1.111,4.19,55,0,-162.43,-36.51,10,0.00,3.72,3.77,3.75,3.76,3.76,3.74,3.77,3.75,30.15,24.9,29,28,72.2,154,-412,534,114,0,667,533,0,0,-1,0,0,-1,-1,-1,-1,-1,-1,0,1,
2026-03-25,18:18:26.150,7.52,97,99,99,-0.166,25.77,51,0,8.07,-0.521,1.112,4.13,55,0,-156.28,-38.42,10,0.00,3.72,3.77,3.75,3.76,3.76,3.74,3.77,3.75,30.15,24.9,29,28,72.2,148,-383,534,143,0,667,533,0,0,-1,0,0,-1,-1,-1,-1,-1,-1,0,1,
2026-03-25,18:18:26.410,7.51,90,99,99,-0.166,27.04,47,0,8.07,-0.523,1.080,4.30,55,0,-153.70,-38.99,10,0.00,3.72,3.77,3.74,3.75,3.76,3.74,3.77,3.75,30.15,24.9,29,28,71.1,91,-451,507,0,0,666,533,0,0,-1,0,0,-1,-1,-1,-1,-1,-1,0,1,
2026-03-25,18:18:26.670,7.51,89,99,99,-0.161,28.30,44,0,8.07,-0.509,1.088,4.31,56,0,-147.90,-39.68,10,0.00,3.72,3.77,3.74,3.75,3.76,3.73,3.77,3.75,30.15,24.9,29,28,70.6,52,-477,501,-61,0,667,533,0,0,-1,0,0,-1,-1,-1,-1,-1,-1,0,1,
2026-03-25,18:18:26.930,7.52,81,99,99,-0.164,29.54,42,0,8.07,-0.525,1.140,4.32,58,0,-145.04,-40.71,10,0.00,3.72,3.77,3.74,3.75,3.76,3.73,3.76,3.75,30.11,23.7,29,28,69.3,48,-495,500,-62,0,667,533,0,0,-1,0,0,-1,-1,-1,-1,-1,-1,0,1,
2026-03-25,18:18:27.200,7.51,83,100,100,-0.164,30.92,41,0,8.07,-0.525,1.159,4.60,57,0,-144.23,-40.82,10,0.00,3.72,3.76,3.74,3.75,3.76,3.73,3.76,3.75,30.11,23.7,29,28,69.3,45,-518,500,-95,0,666,533,0,0,-1,0,0,-1,-1,-1,-1,-1,-1,0,1,
2026-03-25,18:18:27.470,7.52,78,100,100,-0.168,32.34,39,0,8.07,-0.541,1.179,4.78,55,0,-142.88,-40.93,10,0.00,3.72,3.76,3.74,3.75,3.76,3.73,3.76,3.75,30.11,22.9,29,28,68.2,0,-551,499,-178,0,667,533,0,0,-1,0,0,-1,-1,-1,-1,-1,-1,0,1,
2026-03-25,18:18:27.740,7.52,78,100,100,-0.183,34.75,40,0,8.07,-0.571,1.229,4.24,54,0,-142.04,-41.17,10,0.00,3.72,3.76,3.74,3.75,3.76,3.73,3.76,3.75,30.11,22.9,29,28,67.6,0,-546,498,-185,0,667,533,0,0,-1,0,0,-1,-1,-1,-1,-1,-1,0,1,
2026-03-25,18:18:28.010,7.52,80,100,100,-0.176,35.74,40,0,8.07,-0.565,1.198,3.81,51,0,-138.68,-41.72,10,0.00,3.72,3.76,3.74,3.75,3.76,3.73,3.76,3.75,30.06,22.6,29,28,66.5,0,-538,493,-184,0,667,533,0,0,-1,0,0,-1,-1,-1,-1,-1,-1,0,1,
2026-03-25,18:18:28.280,7.52,78,100,100,-0.164,36.84,39,0,8.07,-0.565,1.180,3.71,53,0,-135.80,-41.92,10,0.00,3.72,3.76,3.74,3.75,3.76,3.73,3.76,3.75,30.03,22.3,29,28,66.5,0,-529,492,-229,0,666,533,0,0,-1,0,0,-1,-1,-1,-1,-1,-1,0,1,
2026-03-25,18:18:28.550,7.52,74,100,100,-0.163,37.93,37,0,8.07,-0.572,1.177,3.71,57,0,-136.13,-41.80,10,0.00,3.72,3.76,3.74,3.75,3.76,3.73,3.76,3.75,30.03,22.3,29,28,65.6,-43,-543,492,-316,0,666,533,0,0,-1,0,0,-1,-1,-1,-1,-1,-1,0,1,
2026-03-25,18:18:28.810,7.52,69,100,100,-0.172,38.97,35,0,8.07,-0.576,1.189,3.75,56,0,-139.10,-41.15,10,0.00,3.72,3.76,3.74,3.74,3.76,3.73,3.76,3.75,30.00,22.5,29,28,65.0,-53,-542,492,-310,0,666,533,0,0,-1,0,0,-1,-1,-1,-1,-1,-1,0,1,
2026-03-25,18:18:29.070,7.52,77,100,100,-0.183,39.88,37,0,8.07,-0.582,1.189,3.41,54,0,-140.64,-40.94,10,0.00,3.72,3.76,3.74,3.74,3.75,3.72,3.76,3.75,30.00,22.5,29,28,65.0,-43,-538,494,-290,0,667,533,0,0,-1,0,0,-1,-1,-1,-1,-1,-1,0,1,
2026-03-25,18:18:29.330,7.52,88,100,100,-0.185,40.90,39,0,8.07,-0.583,1.177,3.39,54,0,-139.89,-41.12,10,0.00,3.72,3.76,3.74,3.74,3.75,3.72,3.75,3.74,29.97,22.5,29,28,64.1,-39,-537,494,-286,0,667,533,0,0,-1,0,0,-1,-1,-1,-1,-1,-1,0,1,
2026-03-25,18:18:29.590,7.52,94,100,100,-0.170,41.85,41,0,8.07,-0.586,1.166,3.36,53,0,-139.97,-41.78,10,0.00,3.71,3.75,3.74,3.74,3.75,3.72,3.75,3.74,29.97,22.5,29,28,63.2,-42,-536,493,-270,0,667,533,0,0,-1,0,0,-1,-1,-1,-1,-1,-1,0,1,
2026-03-25,18:18:29.850,7.52,94,100,100,-0.174,42.90,43,0,8.07,-0.589,1.151,3.54,55,0,-141.73,-42.09,10,0.00,3.71,3.75,3.73,3.74,3.75,3.72,3.75,3.74,29.95,22.2,29,28,63.2,-43,-528,492,-270,0,667,533,0,0,-1,0,0,-1,-1,-1,-1,-1,-1,0,1,
2026-03-25,18:18:30.120,7.52,87,100,100,-0.177,43.91,42,0,8.07,-0.592,1.127,3.54,59,0,-145.97,-42.61,10,0.00,3.71,3.75,3.73,3.74,3.75,3.72,3.75,3.74,29.95,22.2,29,28,61.5,-43,-514,492,-296,0,667,533,0,0,-1,0,0,-1,-1,-1,-1,-1,-1,0,1,
2026-03-25,18:18:30.380,7.52,85,100,100,-0.177,44.89,42,0,8.07,-0.594,1.127,3.49,60,0,-147.47,-42.95,10,0.00,3.71,3.75,3.73,3.74,3.75,3.72,3.75,3.74,29.93,22.3,29,28,61.5,-49,-507,492,-314,0,667,533,0,0,-1,0,0,-1,-1,-1,-1,-1,-1,0,1,
2026-03-25,18:18:30.650,7.53,85,100,100,-0.169,46.97,42,0,8.07,-0.596,1.084,3.56,60,0,-149.83,-43.95,10,0.00,3.71,3.75,3.73,3.74,3.75,3.72,3.75,3.74,29.93,22.3,29,28,60.9,-56,-445,493,-331,0,667,533,0,0,-1,0,0,-1,-1,-1,-1,-1,-1,0,1,
2026-03-25,18:18:30.910,7.53,94,100,100,-0.161,46.97,44,0,8.07,-0.589,1.004,3.99,57,0,-154.27,-44.66,10,0.00,3.70,3.75,3.73,3.74,3.75,3.72,3.75,3.74,29.91,22.5,29,28,59.6,-56,-399,507,-415,0,667,533,0,0,-1,0,0,-1,-1,-1,-1,-1,-1,0,1,
2026-03-25,18:18:31.170,7.52,94,100,100,-0.161,49.54,43,0,8.07,-0.583,0.954,3.99,55,0,-154.27,-44.66,10,0.00,3.70,3.75,3.72,3.73,3.75,3.72,3.75,3.74,29.91,22.5,29,28,57.8,-44,-367,519,-420,0,667,533,0,0,-1,0,0,-1,-1,-1,-1,-1,-1,0,1,
2026-03-25,18:18:31.430,7.52,91,100,100,-0.169,50.89,41,0,8.07,-0.580,0.912,4.55,56,0,-164.00,-44.38,10,0.00,3.70,3.75,3.72,3.73,3.74,3.71,3.75,3.74,29.91,23.3,29,28,56.9,-41,-353,516,-332,0,667,533,0,0,-1,0,0,-1,-1,-1,-1,-1,-1,0,1,
2026-03-25,18:18:31.690,7.52,89,100,100,-0.176,52.22,42,0,8.07,-0.581,0.902,4.62,56,0,-168.17,-43.95,10,0.00,3.70,3.75,3.72,3.73,3.74,3.71,3.74,3.73,29.91,23.3,29,28,55.7,-42,-355,514,-336,0,667,533,0,0,-1,0,0,-1,-1,-1,-1,-1,-1,0,1,
2026-03-25,18:18:31.960,7.52,93,100,100,-0.174,53.57,44,0,8.07,-0.586,0.879,4.63,54,0,-174.21,-43.59,10,0.00,3.69,3.74,3.72,3.73,3.74,3.71,3.74,3.73,29.86,23.9,29,28,54.1,-36,-268,510,-118,0,667,533,0,0,-1,0,0,-1,-1,-1,-1,-1,-1,0,1,
2026-03-25,18:18:32.230,7.52,98,100,100,-0.158,55.08,45,0,8.07,-0.571,0.782,4.63,50,0,-176.68,-43.42,10,0.00,3.69,3.74,3.71,3.72,3.74,3.71,3.74,3.73,29.86,23.9,29,28,52.6,-25,-246,512,-105,0,667,533,0,0,-1,0,0,-1,-1,-1,-1,-1,-1,0,1,
2026-03-25,18:18:32.490,7.52,98,100,100,-0.150,56.63,46,0,8.07,-0.575,0.782,5.26,47,0,157.24,-42.28,10,0.00,3.69,3.74,3.71,3.72,3.73,3.70,3.74,3.73,29.84,23.9,29,28,52.6,0,-280,575,0,0,666,533,0,0,-1,0,0,-1,-1,-1,-1,-1,-1,0,1,
2026-03-25,18:18:32.760,7.52,97,100,100,-0.145,58.06,45,0,8.07,-0.631,0.738,5.08,47,0,172.82,-41.07,10,0.00,3.69,3.74,3.71,3.72,3.73,3.70,3.73,3.72,29.76,27.1,29,28,50.9,12,-171,626,0,0,666,533,0,0,-1,0,0,-1,-1,-1,-1,-1,-1,0,1,
2026-03-25,18:18:33.030,7.52,96,100,100,-0.137,59.59,48,0,8.07,-0.652,0.714,5.17,51,0,169.18,-40.46,10,0.00,3.69,3.74,3.71,3.72,3.73,3.70,3.73,3.72,29.76,27.1,29,28,49.4,117,-96,675,245,0,667,533,0,0,-1,0,0,-1,-1,-1,-1,-1,-1,0,1,
2026-03-25,18:18:33.290,7.52,97,100,100,-0.147,62.43,49,0,8.07,-0.666,0.693,4.99,55,0,162.38,-38.21,10,0.00,3.68,3.72,3.71,3.72,3.73,3.70,3.73,3.72,29.67,34.6,29,28,49.4,160,-198,681,279,0,667,533,0,0,-1,0,0,-1,-1,-1,-1,-1,-1,0,1,
2026-03-25,18:18:33.560,7.52,98,100,100,-0.160,63.72,51,0,8.07,-0.670,0.695,4.72,58,0,160.94,-37.50,10,0.00,3.68,3.72,3.69,3.71,3.73,3.70,3.73,3.72,29.67,34.6,29,28,49.8,208,-302,691,364,0,667,533,0,0,-1,0,0,-1,-1,-1,-1,-1,-1,0,1,
2026-03-25,18:18:33.830,7.52,99,100,100,-0.158,64.93,52,0,8.07,-0.688,0.728,4.31,60,0,160.00,-38.62,10,0.00,3.68,3.72,3.69,3.71,3.69,3.67,3.73,3.72,29.58,37.6,29,28,50.2,276,-263,698,451,0,667,533,0,0,-1,0,0,-1,-1,-1,-1,-1,-1,0,1,
2026-03-25,18:18:34.100,7.52,99,100,100,-0.167,66.30,51,0,8.07,-0.703,0.778,4.55,65,0,160.98,-40.95,10,0.00,3.68,3.72,3.69,3.71,3.69,3.67,3.69,3.68,29.58,37.6,29,28,49.8,324,-22,699,560,0,667,533,0,0,-1,0,0,-1,-1,-1,-1,-1,-1,0,1,
2026-03-25,18:18:34.360,7.52,99,100,100,-0.155,67.70,51,0,8.07,-0.691,0.733,4.79,67,0,162.86,-41.50,10,0.00,3.63,3.68,3.69,3.71,3.69,3.67,3.69,3.68,29.50,39.8,29,28,50.2,358,13,699,547,0,667,533,0,0,-1,0,0,-1,-1,-1,-1,-1,-1,0,1,
2026-03-25,18:18:34.630,7.52,99,100,100,-0.130,69.11,51,0,8.07,-0.646,0.575,4.84,69,0,167.16,-39.80,10,0.00,3.63,3.68,3.66,3.68,3.69,3.67,3.69,3.68,29.50,39.8,29,28,50.2,386,13,700,629,0,667,533,0,0,-1,0,0,-1,-1,-1,-1,-1,-1,0,1,
2026-03-25,18:18:34.890,7.52,98,100,100,-0.125,70.48,52,0,8.07,-0.632,0.552,4.83,70,0,169.87,-36.69,10,0.00,3.63,3.68,3.66,3.68,3.66,3.64,3.69,3.68,29.43,39.9,29,28,50.2,412,-97,700,678,0,667,533,0,0,-1,0,0,-1,-1,-1,-1,-1,-1,0,1,
2026-03-25,18:18:35.160,7.52,98,100,100,-0.124,71.72,53,0,8.07,-0.624,0.552,4.46,69,0,172.03,-35.64,10,0.00,3.63,3.68,3.66,3.68,3.66,3.64,3.67,3.66,29.43,39.9,29,28,50.9,421,-142,700,697,0,667,533,0,0,-1,0,0,-1,-1,-1,-1,-1,-1,0,1,
2026-03-25,18:18:35.420,7.52,96,100,100,-0.106,73.10,52,0,8.05,-0.627,0.577,4.71,69,0,177.76,-34.55,10,0.00,3.63,3.68,3.66,3.68,3.66,3.64,3.67,3.66,29.37,40.0,29,28,52.0,465,-97,700,869,0,667,533,0,0,-1,0,0,-1,-1,-1,-1,-1,-1,0,1,
2026-03-25,18:18:35.690,7.52,96,100,100,-0.111,73.10,50,0,8.06,-0.618,0.594,4.43,68,0,-161.43,-34.31,10,0.00,3.62,3.67,3.66,3.68,3.66,3.64,3.67,3.66,29.37,40.0,29,28,53.0,436,-249,699,592,0,667,533,0,0,-1,0,0,-1,-1,-1,-1,-1,-1,0,1,
2026-03-25,18:18:35.960,7.52,96,100,100,-0.093,76.67,49,0,8.07,-0.619,0.573,4.14,67,0,-167.40,-33.54,10,0.00,3.62,3.67,3.65,3.67,3.66,3.64,3.67,3.66,29.33,39.8,29,28,54.3,349,-359,695,382,0,667,533,0,0,-1,0,0,-1,-1,-1,-1,-1,-1,0,1,
2026-03-25,18:18:36.240,7.52,95,100,100,-0.115,77.68,48,0,8.07,-0.656,0.844,3.75,65,0,-168.18,-34.36,10,0.00,3.62,3.67,3.65,3.67,3.66,3.63,3.67,3.66,29.33,39.4,29,28,56.5,312,-374,694,219,0,667,533,0,0,-1,0,0,-1,-1,-1,-1,-1,-1,0,1,
2026-03-25,18:18:36.500,7.52,95,100,100,-0.142,78.57,49,0,8.07,-0.656,0.904,3.41,63,0,-171.39,-34.74,10,0.00,3.62,3.67,3.65,3.67,3.66,3.63,3.66,3.66,29.29,39.4,29,28,57.8,329,-476,695,299,0,666,533,0,0,-1,0,0,-1,-1,-1,-1,-1,-1,0,1,
2026-03-25,18:18:36.760,7.52,96,100,100,-0.196,79.12,50,0,8.07,-0.676,1.052,2.58,61,0,-170.74,-36.34,10,0.00,3.61,3.66,3.65,3.67,3.66,3.63,3.66,3.66,29.26,38.8,29,28,59.3,348,-468,695,325,0,666,533,0,0,-1,0,0,-1,-1,-1,-1,-1,-1,0,1,
2026-03-25,18:18:37.020,7.52,99,100,100,-0.200,79.82,50,0,8.07,-0.705,1.080,2.58,53,0,-165.81,-38.41,10,0.00,3.61,3.66,3.65,3.66,3.66,3.63,3.66,3.66,29.26,38.8,29,28,59.8,315,-414,694,57,0,666,533,0,0,-1,0,0,-1,-1,-1,-1,-1,-1,0,1,
2026-03-25,18:18:37.280,7.52,97,100,100,-0.180,79.82,50,0,8.07,-0.687,1.001,2.70,48,0,-158.94,-40.44,10,0.00,3.61,3.66,3.65,3.66,3.65,3.63,3.66,3.66,29.24,38.4,29,28,59.8,134,-266,653,-156,0,666,533,0,0,-1,0,0,-1,-1,-1,-1,-1,-1,0,1,
2026-03-25,18:18:37.550,7.52,94,100,100,-0.150,81.80,48,0,8.07,-0.605,0.874,3.39,45,0,-154.03,-39.97,10,0.00,3.61,3.66,3.65,3.66,3.65,3.63,3.66,3.66,29.24,38.4,29,28,59.6,70,-241,630,-218,0,667,533,0,0,-1,0,0,-1,-1,-1,-1,-1,-1,0,1,
2026-03-25,18:18:37.810,7.51,93,100,100,-0.153,81.80,47,0,8.07,-0.583,0.874,3.61,49,0,-159.05,-38.66,10,0.00,3.61,3.66,3.65,3.66,3.65,3.63,3.66,3.65,29.25,38.4,29,28,60.2,59,-271,617,-237,0,667,533,0,0,-1,0,0,-1,-1,-1,-1,-1,-1,0,1,
2026-03-25,18:18:38.080,7.52,96,100,100,-0.167,83.92,47,0,8.07,-0.574,0.893,3.61,53,0,-168.22,-37.15,10,0.00,3.61,3.66,3.65,3.66,3.65,3.63,3.66,3.65,29.25,38.4,29,28,60.6,0,-287,594,-427,0,667,533,0,0,-1,0,0,-1,-1,-1,-1,-1,-1,0,1,
2026-03-25,18:18:38.350,7.52,98,100,100,-0.170,83.92,48,0,8.07,-0.570,0.898,3.44,60,0,-171.95,-36.97,10,0.00,3.61,3.66,3.65,3.67,3.65,3.63,3.66,3.65,29.27,31.6,29,28,60.9,0,-252,587,-281,0,666,533,0,0,-1,0,0,-1,-1,-1,-1,-1,-1,0,1,
2026-03-25,18:18:38.610,7.52,98,100,100,-0.183,87.10,48,0,8.07,-0.567,0.902,3.44,64,0,-177.37,-36.57,10,0.00,3.61,3.66,3.65,3.67,3.66,3.64,3.66,3.65,29.27,31.6,29,28,61.1,-3,-214,586,-264,0,667,533,0,0,-1,0,0,-1,-1,-1,-1,-1,-1,0,1,
2026-03-25,18:18:38.870,7.52,98,100,100,-0.185,88.25,48,0,8.09,-0.540,0.882,3.97,66,0,-177.28,-36.66,10,0.00,3.61,3.66,3.65,3.67,3.66,3.64,3.68,3.67,29.29,31.6,29,28,61.1,-17,0,585,-245,0,667,533,0,0,-1,0,0,-1,-1,-1,-1,-1,-1,0,1,
2026-03-25,18:18:39.130,7.52,99,100,100,-0.155,89.46,49,0,8.08,-0.512,0.805,4.11,68,0,-176.67,-36.53,10,0.00,3.63,3.68,3.65,3.67,3.66,3.64,3.68,3.67,29.29,31.6,29,28,62.2,-28,-65,584,-372,0,667,533,0,0,-1,0,0,-1,-1,-1,-1,-1,-1,0,1,
2026-03-25,18:18:39.400,7.52,98,100,100,-0.147,90.40,49,0,8.07,-0.500,0.716,3.66,68,0,141.61,-32.43,10,0.00,3.63,3.68,3.67,3.68,3.66,3.64,3.68,3.67,29.31,29.0,29,28,62.4,-30,-176,586,-477,0,667,533,0,0,-1,0,0,-1,-1,-1,-1,-1,-1,0,1,
2026-03-25,18:18:39.670,7.52,98,100,100,-0.147,91.34,51,0,8.07,-0.522,0.794,3.43,69,0,172.79,-31.30,10,0.00,3.63,3.68,3.67,3.68,3.67,3.65,3.68,3.67,29.31,29.0,29,28,62.4,-38,-192,585,-479,0,667,533,0,0,-1,0,0,-1,-1,-1,-1,-1,-1,0,1,
2026-03-25,18:18:39.930,7.52,98,100,100,-0.176,92.24,51,0,8.07,-0.521,0.840,3.21,68,0,161.13,-29.92,10,0.00,3.63,3.68,3.67,3.68,3.67,3.65,3.68,3.67,29.32,29.0,29,28,63.3,-39,-170,585,-474,0,667,533,0,0,-1,0,0,-1,-1,-1,-1,-1,-1,0,1,
2026-03-25,18:18:40.210,7.52,99,100,100,-0.212,93.20,52,0,8.07,-0.518,0.853,3.27,67,0,158.19,-29.86,10,0.00,3.63,3.68,3.67,3.68,3.67,3.65,3.68,3.68,29.32,29.0,29,28,64.1,-29,-99,585,-308,0,667,532,0,0,-1,0,0,-1,-1,-1,-1,-1,-1,0,1,
2026-03-25,18:18:40.480,7.52,100,100,100,-0.212,94.14,53,0,8.07,-0.512,0.869,3.28,61,0,160.36,-30.57,10,0.00,3.63,3.68,3.67,3.68,3.67,3.65,3.68,3.68,29.34,29.5,29,28,65.9,-27,0,584,-379,0,667,533,0,0,-1,0,0,-1,-1,-1,-1,-1,-1,0,1,
2026-03-25,18:18:40.750,7.52,100,100,100,-0.200,95.04,54,0,8.07,-0.473,0.769,3.19,58,0,166.35,-30.08,10,0.00,3.63,3.68,3.67,3.68,3.67,3.65,3.68,3.68,29.34,29.2,29,28,66.5,-55,13,583,-441,0,667,533,0,0,-1,0,0,-1,-1,-1,-1,-1,-1,0,1,
2026-03-25,18:18:41.020,7.52,99,100,100,-0.183,95.95,55,0,8.09,-0.464,0.724,3.16,60,0,165.75,-28.66,10,0.00,3.63,3.68,3.67,3.68,3.67,3.65,3.68,3.68,29.34,29.2,29,28,66.5,-54,13,581,-459,0,667,533,0,0,-1,0,0,-1,-1,-1,-1,-1,-1,0,1,
2026-03-25,18:18:41.280,7.52,98,100,100,-0.180,97.51,55,0,8.08,-0.459,0.735,3.01,64,0,162.62,-26.99,10,0.00,3.63,3.68,3.67,3.68,3.67,3.65,3.68,3.68,29.35,28.7,29,28,68.5,-45,-56,581,-519,0,667,533,0,0,-1,0,0,-1,-1,-1,-1,-1,-1,0,1,
2026-03-25,18:18:41.540,7.52,98,100,100,-0.182,98.25,55,0,8.07,-0.477,0.847,2.60,68,0,152.87,-23.67,10,0.00,3.63,3.68,3.67,3.68,3.67,3.65,3.68,3.68,29.35,28.7,29,28,70.0,-46,-139,580,-315,0,667,533,0,0,-1,0,0,-1,-1,-1,-1,-1,-1,0,1,
2026-03-25,18:18:41.810,7.52,99,100,100,-0.209,99.07,55,0,8.07,-0.475,0.872,2.73,71,0,148.75,-23.05,10,0.00,3.63,3.68,3.67,3.68,3.67,3.65,3.68,3.68,29.36,29.1,29,28,71.7,-34,-146,580,-244,0,667,533,0,0,-1,0,0,-1,-1,-1,-1,-1,-1,0,1,
2026-03-25,18:18:42.080,7.52,99,100,100,-0.213,99.92,54,0,8.07,-0.479,0.931,2.91,73,0,151.74,-24.78,10,0.00,3.63,3.68,3.67,3.68,3.67,3.65,3.68,3.68,29.36,29.1,29,28,71.7,0,-132,581,-149,0,667,533,0,0,-1,0,0,-1,-1,-1,-1,-1,-1,0,1,
2026-03-25,18:18:42.340,7.52,96,100,100,-0.209,100.60,53,0,8.07,-0.474,0.922,2.91,72,0,154.81,-25.17,10,0.00,3.63,3.68,3.67,3.68,3.67,3.65,3.68,3.68,29.36,29.1,29,28,72.4,-31,-82,574,-407,0,667,533,0,0,-1,0,0,-1,-1,-1,-1,-1,-1,0,1,
2026-03-25,18:18:42.600,7.52,95,100,100,-0.198,101.18,52,0,8.07,-0.445,0.872,2.29,70,0,156.06,-24.60,10,0.00,3.63,3.68,3.67,3.68,3.67,3.65,3.68,3.68,29.36,29.1,29,28,73.2,-39,-94,568,-425,0,667,533,0,0,-1,0,0,-1,-1,-1,-1,-1,-1,0,1,
2026-03-25,18:18:42.870,7.52,94,100,100,-0.204,101.79,53,0,8.07,-0.434,0.868,2.09,69,0,151.42,-23.18,10,0.00,3.63,3.68,3.67,3.68,3.67,3.65,3.68,3.68,29.37,28.4,29,28,74.3,-29,-192,490,-219,0,667,533,0,0,-1,0,0,-1,-1,-1,-1,-1,-1,0,1,
2026-03-25,18:18:43.130,7.52,96,100,100,-0.210,102.58,54,0,8.07,-0.407,0.950,2.43,68,0,151.50,-23.53,10,0.00,3.63,3.68,3.67,3.69,3.67,3.65,3.68,3.68,29.37,28.4,29,28,75.4,-27,-223,324,0,0,667,533,0,0,-1,0,0,-1,-1,-1,-1,-1,-1,0,1,
2026-03-25,18:18:43.390,7.52,97,100,100,-0.184,103.58,55,0,8.07,-0.311,0.938,3.03,69,0,158.24,-25.42,10,0.00,3.63,3.68,3.67,3.69,3.68,3.66,3.68,3.68,29.50,21.7,29,28,74.6,-25,-33,270,-236,0,667,533,0,0,-1,0,0,-1,-1,-1,-1,-1,-1,0,1,
2026-03-25,18:18:43.650,7.52,97,100,100,-0.149,104.72,55,0,8.07,-0.263,0.798,3.58,69,0,162.37,-24.29,10,0.00,3.63,3.68,3.67,3.69,3.68,3.66,3.70,3.70,29.50,21.7,29,28,73.5,-80,-137,261,-329,0,667,533,0,0,-1,0,0,-1,-1,-1,-1,-1,-1,0,1,
2026-03-25,18:18:43.910,7.52,97,100,100,-0.128,105.72,55,0,8.07,-0.246,0.810,3.60,67,0,159.71,-21.07,10,0.00,3.68,3.72,3.67,3.69,3.68,3.66,3.70,3.70,29.62,14.1,29,28,73.5,-129,-185,173,-327,0,667,533,0,0,-1,0,0,-1,-1,-1,-1,-1,-1,0,1,
2026-03-25,18:18:44.170,7.52,98,100,100,-0.146,106.58,55,0,8.07,-0.248,0.810,3.26,66,0,155.92,-20.43,10,0.00,3.68,3.72,3.67,3.69,3.68,3.66,3.70,3.70,29.62,14.1,29,28,73.5,-142,-230,110,-186,0,667,533,0,0,-1,0,0,-1,-1,-1,-1,-1,-1,0,1,
2026-03-25,18:18:44.440,7.52,98,100,100,-0.143,108.23,54,0,8.07,-0.212,0.855,2.88,65,0,153.33,-18.98,10,0.00,3.68,3.72,3.72,3.73,3.68,3.66,3.70,3.70,29.76,12.3,29,28,71.7,-38,-99,99,0,0,667,533,0,0,-1,0,0,-1,-1,-1,-1,-1,-1,0,1,
2026-03-25,18:18:44.700,7.52,98,100,100,-0.135,108.91,54,0,8.07,-0.188,0.759,2.62,62,0,154.48,-18.68,10,0.00,3.68,3.72,3.72,3.73,3.75,3.72,3.70,3.70,29.76,12.3,29,28,70.6,0,7,100,0,0,667,533,0,0,-1,0,0,-1,-1,-1,-1,-1,-1,0,1,
2026-03-25,18:18:44.960,7.52,99,100,100,-0.123,109.52,54,0,8.09,-0.171,0.690,2.35,62,0,159.27,-16.47,10,0.00,3.68,3.72,3.72,3.73,3.75,3.72,3.76,3.75,29.88,10.8,29,28,70.6,0,0,100,0,0,667,533,0,0,-1,0,0,-1,-1,-1,-1,-1,-1,0,1,
2026-03-25,18:18:45.220,7.52,100,100,100,-0.110,109.85,54,0,8.08,-0.168,0.672,1.69,59,0,161.16,-13.19,10,0.00,3.73,3.77,3.72,3.73,3.75,3.72,3.76,3.75,29.88,10.8,29,28,70.0,0,-148,101,0,0,667,533,0,0,-1,0,0,-1,-1,-1,-1,-1,-1,0,1,
2026-03-25,18:18:45.490,7.52,99,100,100,-0.115,109.95,54,0,8.07,-0.185,0.737,0.93,60,0,161.16,-13.19,10,0.00,3.73,3.77,3.76,3.76,3.75,3.72,3.76,3.75,29.98,10.8,29,28,70.6,-4,-349,101,-59,0,667,533,0,0,-1,0,0,-1,-1,-1,-1,-1,-1,0,1,
2026-03-25,18:18:45.760,7.52,98,100,100,-0.145,110.00,53,0,8.07,-0.235,0.947,0.46,53,0,160.71,-12.40,10,0.00,3.73,3.77,3.76,3.76,3.75,3.72,3.76,3.75,29.98,10.8,29,28,70.6,0,-385,101,-44,0,667,533,0,0,-1,0,0,-1,-1,-1,-1,-1,-1,0,1,
2026-03-25,18:18:46.040,7.52,94,100,100,-0.164,109.70,51,0,8.07,-0.260,1.026,-0.34,52,0,162.05,-14.36,10,0.00,3.73,3.77,3.76,3.76,3.75,3.72,3.78,3.77,29.98,10.8,29,28,71.1,0,-447,100,0,0,667,533,0,0,-1,0,0,-1,-1,-1,-1,-1,-1,0,1,
2026-03-25,18:18:46.300,7.52,92,100,100,-0.167,109.27,49,0,8.07,-0.263,1.061,-1.05,50,0,163.65,-15.30,10,0.00,3.75,3.78,3.76,3.76,3.75,3.72,3.78,3.77,30.06,10.9,29,28,71.1,-8,-441,69,49,0,667,533,0,0,-1,0,0,-1,-1,-1,-1,-1,-1,0,1,
2026-03-25,18:18:46.570,7.52,92,100,100,-0.165,108.92,47,0,8.07,-0.259,1.072,-1.25,52,0,166.37,-17.95,10,0.00,3.75,3.78,3.76,3.76,3.75,3.72,3.78,3.77,30.06,10.9,29,28,70.7,0,-350,0,113,0,667,533,0,0,-1,0,0,-1,-1,-1,-1,-1,-1,0,1,
2026-03-25,18:18:46.840,7.52,94,100,100,-0.150,108.65,47,0,8.07,-0.221,1.010,-1.05,54,0,168.62,-18.65,10,0.00,3.75,3.78,3.77,3.78,3.75,3.72,3.78,3.77,30.16,9.3,29,28,70.0,0,-346,-11,93,0,667,533,0,0,-1,0,0,-1,-1,-1,-1,-1,-1,0,1,
2026-03-25,18:18:47.100,7.52,97,100,100,-0.131,108.31,46,0,8.07,-0.192,0.924,-0.63,55,0,172.26,-17.40,10,0.00,3.75,3.78,3.77,3.78,3.79,3.77,3.78,3.77,30.16,9.3,29,28,69.3,0,-346,-2,0,0,667,533,0,0,-1,0,0,-1,-1,-1,-1,-1,-1,0,1,
2026-03-25,18:18:47.360,7.52,96,100,100,-0.130,108.17,44,0,8.07,-0.210,0.962,-0.52,54,0,172.12,-16.71,10,0.00,3.75,3.78,3.77,3.78,3.79,3.77,3.80,3.78,30.23,8.7,29,28,68.7,0,-475,-5,-14,0,667,533,0,0,-1,0,0,-1,-1,-1,-1,-1,-1,0,1,
2026-03-25,18:18:47.620,7.52,97,100,100,-0.140,108.00,44,0,8.07,-0.214,0.991,-0.54,53,0,169.85,-15.44,10,0.00,3.77,3.80,3.77,3.78,3.79,3.77,3.80,3.78,30.23,8.7,29,28,68.7,0,-477,-2,0,0,667,533,0,0,-1,0,0,-1,-1,-1,-1,-1,-1,0,1,
2026-03-25,18:18:47.890,7.52,97,100,100,-0.160,107.79,46,0,8.07,-0.246,1.048,-0.65,48,0,170.27,-16.96,10,0.00,3.77,3.80,3.79,3.80,3.79,3.77,3.80,3.78,30.23,8.9,29,28,68.2,-5,-417,-5,-18,0,667,533,0,0,-1,0,0,-1,-1,-1,-1,-1,-1,0,1,
2026-03-25,18:18:48.170,7.52,99,100,100,-0.160,107.70,45,0,8.07,-0.239,1.028,-0.51,44,0,171.98,-17.37,10,0.00,3.77,3.80,3.79,3.80,3.80,3.78,3.80,3.78,30.23,8.9,29,28,68.0,-24,-431,-10,-12,0,667,533,0,0,-1,0,0,-1,-1,-1,-1,-1,-1,0,1,
2026-03-25,18:18:48.440,7.52,96,99,99,-0.141,107.62,43,0,8.07,-0.231,1.032,-0.34,39,0,175.25,-17.34,10,0.00,3.77,3.80,3.79,3.80,3.80,3.78,3.82,3.80,30.31,8.8,29,28,67.6,-44,-447,0,-21,0,667,533,0,0,-1,0,0,-1,-1,-1,-1,-1,-1,0,1,
2026-03-25,18:18:48.710,7.52,95,98,98,-0.148,107.62,43,0,8.07,-0.235,0.969,-0.46,44,0,174.94,-16.96,10,0.00,3.78,3.81,3.79,3.80,3.80,3.78,3.82,3.80,30.31,8.8,29,28,66.5,-83,-383,0,-150,0,667,533,0,0,-1,0,0,-1,-1,-1,-1,-1,-1,0,1,
2026-03-25,18:18:48.980,7.52,95,98,98,-0.138,107.30,44,0,8.07,-0.226,0.931,-0.52,47,0,173.50,-16.57,10,0.00,3.78,3.81,3.79,3.81,3.80,3.78,3.82,3.80,30.36,9.0,29,28,66.5,-131,-401,0,-174,0,667,533,0,0,-1,0,0,-1,-1,-1,-1,-1,-1,0,1,
2026-03-25,18:18:49.240,7.52,97,98,98,-0.139,107.32,44,0,8.07,-0.230,0.931,-0.20,49,0,170.52,-15.72,10,0.00,3.78,3.81,3.79,3.81,3.80,3.78,3.82,3.80,30.40,9.0,29,28,65.9,-155,-407,0,-182,0,667,533,0,0,-1,0,0,-1,-1,-1,-1,-1,-1,0,1,
2026-03-25,18:18:49.500,7.52,96,98,98,-0.145,107.38,44,0,8.07,-0.244,0.937,0.07,52,0,169.96,-15.67,10,0.00,3.78,3.81,3.79,3.81,3.80,3.79,3.82,3.80,30.40,9.0,29,28,65.2,-200,-416,-4,-206,0,667,533,0,0,-1,0,0,-1,-1,-1,-1,-1,-1,0,1,
2026-03-25,18:18:49.770,7.52,96,98,98,-0.145,107.31,43,0,8.07,-0.242,0.937,-0.08,52,0,169.65,-15.56,10,0.00,3.78,3.81,3.79,3.81,3.80,3.79,3.82,3.80,30.45,9.0,29,28,65.2,-249,-450,0,-233,0,667,533,0,0,-1,0,0,-1,-1,-1,-1,-1,-1,0,1,
2026-03-25,18:18:50.040,7.52,94,98,98,-0.143,107.34,42,0,8.07,-0.262,0.968,-0.01,53,0,167.81,-15.22,10,0.00,3.79,3.81,3.79,3.81,3.80,3.79,3.82,3.80,30.45,9.0,29,28,65.2,-263,-487,49,-251,0,667,533,0,0,-1,0,0,-1,-1,-1,-1,-1,-1,0,1,
2026-03-25,18:18:50.300,7.52,93,98,98,-0.146,107.18,42,0,8.07,-0.280,1.000,-0.24,51,0,165.50,-14.94,10,0.00,3.79,3.81,3.80,3.81,3.80,3.79,3.82,3.80,30.46,9.6,29,28,65.2,-278,-501,50,-268,0,667,533,0,0,-1,0,0,-1,-1,-1,-1,-1,-1,0,1,
2026-03-25,18:18:50.560,7.52,92,98,98,-0.157,107.18,42,0,8.07,-0.296,1.038,-0.27,48,0,160.35,-14.71,10,0.00,3.79,3.81,3.80,3.81,3.80,3.80,3.82,3.80,30.46,9.6,29,28,65.0,-243,-570,49,-198,0,667,533,0,0,-1,0,0,-1,-1,-1,-1,-1,-1,0,1,
2026-03-25,18:18:50.820,7.51,86,98,98,-0.158,107.21,42,0,8.07,-0.294,1.020,0.02,41,0,158.94,-14.77,10,0.00,3.79,3.81,3.80,3.81,3.80,3.80,3.82,3.80,30.48,10.0,29,28,65.0,-202,-582,48,-176,0,667,533,0,0,-1,0,0,-1,-1,-1,-1,-1,-1,0,1,
2026-03-25,18:18:51.090,7.52,80,98,98,-0.168,107.24,42,0,8.07,-0.319,1.079,0.11,40,0,157.67,-16.52,10,0.00,3.78,3.81,3.80,3.81,3.80,3.80,3.82,3.80,30.48,10.0,29,28,65.0,-212,-549,30,-198,0,667,533,0,0,-1,0,0,-1,-1,-1,-1,-1,-1,0,1,
2026-03-25,18:18:51.360,7.52,81,97,97,-0.172,107.15,43,0,8.07,-0.315,1.063,-0.11,40,0,153.70,-17.26,10,0.00,3.78,3.81,3.80,3.81,3.80,3.80,3.82,3.80,30.49,9.9,29,28,64.3,-237,-498,23,-246,0,667,533,0,0,-1,0,0,-1,-1,-1,-1,-1,-1,0,1,
2026-03-25,18:18:51.620,7.52,90,97,97,-0.162,107.16,45,0,8.07,-0.295,1.002,-0.07,41,0,151.52,-16.60,10,0.00,3.78,3.81,3.80,3.81,3.80,3.80,3.82,3.80,30.49,9.9,29,28,63.7,-170,-565,24,-177,0,667,533,0,0,-1,0,0,-1,-1,-1,-1,-1,-1,0,1,
2026-03-25,18:18:51.880,7.52,98,98,97,-0.166,107.21,45,0,8.07,-0.292,1.015,0.05,43,0,151.30,-15.83,10,0.00,3.78,3.81,3.80,3.81,3.80,3.79,3.82,3.80,30.51,9.6,29,28,63.2,-147,-512,26,-189,0,667,533,0,0,-1,0,0,-1,-1,-1,-1,-1,-1,0,1,
2026-03-25,18:18:52.140,7.52,98,98,97,-0.166,107.36,45,0,8.09,-0.297,1.020,0.36,45,0,152.13,-16.25,10,0.00,3.78,3.81,3.80,3.81,3.80,3.79,3.82,3.81,30.51,9.6,29,28,63.3,-148,-504,25,-143,0,667,533,0,0,-1,0,0,-1,-1,-1,-1,-1,-1,0,1,
2026-03-25,18:18:52.410,7.52,97,98,98,-0.161,107.38,45,0,8.08,-0.277,0.993,0.24,43,0,154.24,-15.97,10,0.00,3.78,3.81,3.80,3.81,3.80,3.79,3.82,3.81,30.52,9.6,29,28,63.3,-125,-613,0,-50,0,667,533,0,0,-1,0,0,-1,-1,-1,-1,-1,-1,0,1,
2026-03-25,18:18:52.670,7.52,95,99,99,-0.166,107.25,44,0,8.05,-0.296,1.018,-0.18,46,0,154.24,-15.97,10,0.00,3.78,3.81,3.80,3.82,3.80,3.79,3.82,3.81,30.52,9.6,29,28,63.2,-100,-639,33,-45,0,667,533,0,0,-1,0,0,-1,-1,-1,-1,-1,-1,0,1,
2026-03-25,18:18:52.940,7.52,91,99,99,-0.164,107.02,42,0,8.06,-0.329,1.096,-0.45,46,0,154.79,-18.18,10,0.00,3.78,3.81,3.80,3.82,3.81,3.80,3.82,3.81,30.53,9.4,29,28,63.3,-94,-668,75,-27,0,667,533,0,0,-1,0,0,-1,-1,-1,-1,-1,-1,0,1,
2026-03-25,18:18:53.200,7.52,87,99,99,-0.186,106.60,42,0,8.07,-0.370,1.127,-1.00,46,0,150.26,-19.72,10,0.00,3.78,3.81,3.80,3.82,3.81,3.80,3.82,3.81,30.53,9.4,29,28,63.3,-84,-688,104,-22,0,667,533,0,0,-1,0,0,-1,-1,-1,-1,-1,-1,0,1,
2026-03-25,18:18:53.470,7.52,88,99,99,-0.186,106.13,42,0,8.07,-0.384,1.166,-1.48,46,0,148.12,-20.52,10,0.00,3.79,3.82,3.80,3.82,3.81,3.80,3.82,3.81,30.52,9.9,29,28,63.7,-77,-662,110,-5,0,667,533,0,0,-1,0,0,-1,-1,-1,-1,-1,-1,0,1,
2026-03-25,18:18:53.740,7.51,93,99,99,-0.193,105.83,43,0,8.07,-0.399,1.196,-1.24,48,0,145.04,-22.39,10,0.00,3.79,3.82,3.80,3.82,3.81,3.80,3.82,3.81,30.52,10.6,29,28,63.7,-32,-617,109,0,0,667,533,0,0,-1,0,0,-1,-1,-1,-1,-1,-1,0,1,
2026-03-25,18:18:54.020,7.52,97,99,99,-0.179,105.50,42,0,8.07,-0.367,1.134,-1.14,49,0,141.97,-22.87,10,0.00,3.79,3.82,3.80,3.81,3.81,3.80,3.82,3.81,30.52,10.6,29,28,64.1,0,-593,99,0,0,667,533,0,0,-1,0,0,-1,-1,-1,-1,-1,-1,0,1,
2026-03-25,18:18:54.290,7.52,95,99,99,-0.179,105.23,40,0,8.05,-0.344,1.114,-1.06,52,0,140.41,-22.69,10,0.00,3.79,3.82,3.80,3.81,3.80,3.79,3.82,3.81,30.51,10.7,29,28,64.6,0,-589,98,0,0,667,532,0,1,-1,0,0,-1,-1,-1,-1,-1,-1,0,1,
2026-03-25,18:18:54.550,7.52,90,99,99,-0.202,104.99,40,0,8.01,-0.385,1.270,-0.90,53,0,136.14,-24.16,10,0.00,3.79,3.82,3.80,3.81,3.80,3.79,3.81,3.80,30.51,10.7,29,28,65.9,0,-637,113,121,0,667,533,0,1,-1,0,0,-1,-1,-1,-1,-1,-1,0,1,
2026-03-25,18:18:54.810,7.52,85,99,99,-0.221,104.69,40,0,8.03,-0.440,1.363,-0.90,51,0,133.81,-25.98,10,0.00,3.78,3.81,3.80,3.81,3.80,3.79,3.81,3.80,30.50,10.7,29,28,65.9,0,-610,113,108,0,667,532,0,1,-1,0,0,-1,-1,-1,-1,-1,-1,0,1,
2026-03-25,18:18:55.070,7.52,79,99,99,-0.204,104.11,40,0,8.03,-0.421,1.289,-1.48,51,0,131.03,-27.73,10,0.00,3.78,3.81,3.80,3.81,3.80,3.79,3.81,3.80,30.50,10.7,29,28,64.3,0,-447,101,0,0,667,533,0,1,-1,0,0,-1,-1,-1,-1,-1,-1,0,1,
2026-03-25,18:18:55.340,7.52,81,100,100,-0.200,103.42,40,0,8.03,-0.372,1.114,-1.21,48,0,128.76,-27.77,10,0.00,3.78,3.81,3.80,3.81,3.80,3.79,3.81,3.80,30.50,10.8,29,28,64.1,0,-520,99,94,0,667,532,0,1,-1,0,0,-1,-1,-1,-1,-1,-1,0,1,
2026-03-25,18:18:55.600,7.52,85,100,100,-0.178,103.50,40,0,8.04,-0.335,1.078,-0.35,51,0,124.39,-23.91,10,0.00,3.78,3.81,3.80,3.81,3.80,3.79,3.81,3.80,30.50,10.8,29,28,64.1,0,-594,100,113,0,666,532,0,1,-1,0,0,-1,-1,-1,-1,-1,-1,0,1,
2026-03-25,18:18:55.860,7.52,90,100,100,-0.188,103.50,40,0,8.03,-0.382,1.227,0.16,55,0,122.99,-23.02,10,0.00,3.78,3.81,3.80,3.81,3.80,3.79,3.81,3.80,30.49,10.7,29,28,65.0,0,-607,99,158,0,667,532,0,1,-1,0,0,-1,-1,-1,-1,-1,-1,0,1,
2026-03-25,18:18:56.120,7.52,89,100,100,-0.214,103.50,41,0,8.04,-0.412,1.281,-0.15,56,0,121.43,-23.79,10,0.00,3.78,3.81,3.80,3.81,3.80,3.79,3.81,3.80,30.49,10.7,29,28,64.1,0,-546,99,204,0,667,532,0,1,-1,0,0,-1,-1,-1,-1,-1,-1,0,1,
2026-03-25,18:18:56.390,7.52,91,100,100,-0.187,103.05,42,0,8.05,-0.409,1.227,-0.86,51,0,120.35,-22.99,10,0.00,3.78,3.81,3.80,3.81,3.80,3.79,3.81,3.80,30.49,10.7,29,28,63.2,0,-505,100,63,0,667,532,0,1,-1,0,0,-1,-1,-1,-1,-1,-1,0,1,
2026-03-25,18:18:56.660,7.52,95,100,100,-0.167,102.83,43,0,8.06,-0.409,1.156,-0.94,53,0,119.03,-21.47,10,0.00,3.78,3.81,3.80,3.81,3.80,3.79,3.81,3.80,30.49,10.7,29,28,62.4,0,-542,100,101,0,667,532,0,1,-1,0,0,-1,-1,-1,-1,-1,-1,0,1,
2026-03-25,18:18:56.920,7.52,96,100,100,-0.175,102.87,43,0,8.07,-0.374,1.130,-0.34,53,0,113.01,-17.19,10,0.00,3.78,3.81,3.80,3.81,3.80,3.79,3.81,3.80,30.49,10.7,29,28,62.8,0,-538,71,208,0,667,532,0,1,-1,0,0,-1,-1,-1,-1,-1,-1,0,1,
2026-03-25,18:18:57.190,7.52,98,100,100,-0.194,102.97,44,0,8.07,-0.346,1.157,-0.34,50,0,112.74,-14.91,10,0.00,3.78,3.81,3.80,3.81,3.80,3.79,3.81,3.80,30.49,10.7,29,28,63.2,72,-517,-8,358,0,667,532,0,1,-1,0,0,-1,-1,-1,-1,-1,-1,0,1,
2026-03-25,18:18:57.450,7.52,97,100,100,-0.174,102.91,44,0,8.05,-0.323,1.104,-0.01,47,0,115.20,-13.94,10,0.00,3.78,3.81,3.80,3.81,3.80,3.79,3.81,3.80,30.51,10.7,29,28,61.5,96,-496,-11,351,0,667,533,0,1,-1,0,0,-1,-1,-1,-1,-1,-1,0,1,
2026-03-25,18:18:57.710,7.52,99,100,100,-0.154,102.87,44,0,8.06,-0.307,1.026,-0.13,46,0,117.95,-10.60,10,0.00,3.78,3.81,3.80,3.81,3.80,3.79,3.81,3.80,30.51,10.7,29,28,60.6,96,-421,-12,350,0,667,533,0,1,-1,0,0,-1,-1,-1,-1,-1,-1,0,1,
2026-03-25,18:18:57.970,7.52,98,100,100,-0.144,102.82,44,0,8.07,-0.306,1.005,-0.12,49,0,121.11,-9.59,10,0.00,3.78,3.81,3.80,3.81,3.80,3.79,3.82,3.81,30.53,9.0,29,28,60.6,112,-534,-12,349,0,667,532,0,1,-1,0,0,-1,-1,-1,-1,-1,-1,0,1,
2026-03-25,18:18:58.240,7.52,99,100,100,-0.159,102.50,45,0,8.04,-0.270,0.981,-0.55,53,0,130.01,-8.59,10,0.00,3.78,3.81,3.80,3.81,3.80,3.79,3.82,3.81,30.53,9.0,29,28,61.1,135,-623,-13,348,0,667,532,0,1,-1,0,0,-1,-1,-1,-1,-1,-1,0,1,
2026-03-25,18:18:58.510,7.52,99,100,100,-0.197,102.18,47,0,8.04,-0.362,1.225,-0.83,55,0,137.77,-12.05,10,0.00,3.80,3.82,3.80,3.81,3.80,3.79,3.82,3.81,30.56,9.0,29,28,62.2,195,-482,-18,395,0,667,533,0,1,-1,0,0,-1,-1,-1,-1,-1,-1,0,1,
2026-03-25,18:18:58.780,7.52,100,100,100,-0.189,101.52,48,0,8.06,-0.359,1.166,-1.62,56,0,140.55,-13.79,10,0.00,3.80,3.82,3.81,3.82,3.80,3.79,3.82,3.81,30.57,8.9,29,28,61.1,241,-441,-18,399,0,667,532,0,1,-1,0,0,-1,-1,-1,-1,-1,-1,0,1,
2026-03-25,18:18:59.040,7.52,100,100,100,-0.139,101.13,49,0,8.06,-0.271,0.972,-1.71,56,0,144.63,-12.08,10,0.00,3.80,3.82,3.81,3.82,3.81,3.80,3.82,3.81,30.57,8.9,29,28,61.5,216,-463,-19,236,0,667,533,0,1,-1,0,0,-1,-1,-1,-1,-1,-1,0,1,
2026-03-25,18:18:59.310,7.52,100,100,100,-0.150,101.13,49,0,8.07,-0.274,0.976,-1.18,54,0,146.17,-11.69,10,0.00,3.80,3.82,3.81,3.82,3.81,3.80,3.82,3.81,30.58,8.9,29,28,62.2,246,-492,-18,399,0,667,532,0,1,-1,0,0,-1,-1,-1,-1,-1,-1,0,1,
2026-03-25,18:18:59.580,7.52,97,100,100,-0.172,100.60,49,0,8.07,-0.274,1.063,-1.18,56,0,150.96,-14.21,10,0.00,3.80,3.82,3.81,3.82,3.81,3.80,3.82,3.81,30.58,8.9,29,28,62.4,285,-489,-17,441,0,667,532,0,1,-1,0,0,-1,-1,-1,-1,-1,-1,0,1,
2026-03-25,18:18:59.840,7.51,95,100,100,-0.172,100.38,49,0,8.07,-0.312,1.076,-0.80,59,0,161.41,-18.60,10,0.00,3.80,3.82,3.81,3.82,3.81,3.80,3.82,3.81,30.60,8.9,29,28,62.4,268,-456,-18,264,0,667,532,0,1,-1,0,0,-1,-1,-1,-1,-1,-1,0,1,
2026-03-25,18:19:00.110,7.52,94,100,100,-0.165,100.03,49,0,8.07,-0.312,1.048,-1.02,59,0,165.79,-20.21,10,0.00,3.80,3.82,3.81,3.82,3.81,3.81,3.82,3.81,30.60,8.9,29,28,61.9,225,-463,-18,75,0,667,532,0,1,-1,0,0,-1,-1,-1,-1,-1,-1,0,1,
2026-03-25,18:19:00.380,7.52,96,100,100,-0.150,99.67,49,0,8.07,-0.290,1.003,-1.18,61,0,166.98,-20.48,10,0.00,3.80,3.82,3.81,3.82,3.81,3.81,3.83,3.82,30.61,8.9,29,28,61.9,216,-432,-17,108,0,667,532,0,1,-1,0,0,-1,-1,-1,-1,-1,-1,0,1,
2026-03-25,18:19:00.640,7.52,98,100,100,-0.157,99.36,49,0,8.07,-0.289,1.001,-1.18,60,0,166.98,-20.42,10,0.00,3.80,3.82,3.81,3.82,3.81,3.81,3.83,3.82,30.61,8.9,29,28,61.5,133,-441,-17,50,0,667,532,0,1,-1,0,0,-1,-1,-1,-1,-1,-1,0,1,
2026-03-25,18:19:00.910,7.52,99,100,100,-0.170,99.27,51,0,8.07,-0.294,1.000,-0.45,58,0,172.62,-21.75,10,0.00,3.80,3.83,3.81,3.82,3.81,3.81,3.83,3.82,30.62,9.0,29,28,61.1,135,-439,-17,47,0,667,532,0,1,-1,0,0,-1,-1,-1,-1,-1,-1,0,1,
2026-03-25,18:19:01.180,7.52,99,100,100,-0.141,99.11,52,0,8.07,-0.296,0.971,-0.46,51,0,178.42,-22.54,10,0.00,3.80,3.83,3.82,3.82,3.81,3.81,3.83,3.82,30.62,9.0,29,28,59.8,0,-287,-19,0,0,667,533,0,1,-1,0,0,-1,-1,-1,-1,-1,-1,0,1,
2026-03-25,18:19:01.440,7.52,100,100,99,-0.130,99.01,53,0,8.07,-0.274,0.900,-0.45,48,0,179.44,-21.55,10,0.00,3.80,3.83,3.82,3.82,3.81,3.81,3.83,3.82,30.62,8.9,29,28,59.8,0,-302,-19,-13,0,667,533,0,1,-1,0,0,-1,-1,-1,-1,-1,-1,0,1,
2026-03-25,18:19:01.710,7.52,100,100,99,-0.110,98.95,54,0,8.07,-0.233,0.829,-0.28,48,0,178.42,-18.32,10,0.00,3.80,3.83,3.82,3.82,3.81,3.81,3.83,3.82,30.62,8.9,29,28,59.8,0,-285,-20,-98,0,667,533,0,1,-1,0,0,-1,-1,-1,-1,-1,-1,0,1,
2026-03-25,18:19:01.970,7.52,100,100,99,-0.120,98.82,55,0,8.07,-0.247,0.847,-0.36,52,0,176.95,-17.39,10,0.00,3.80,3.83,3.82,3.82,3.81,3.81,3.83,3.82,30.62,9.0,29,28,60.2,-15,-407,-30,-126,0,667,533,0,1,-1,0,0,-1,-1,-1,-1,-1,-1,0,1,
2026-03-25,18:19:02.230,7.52,99,99,99,-0.129,98.82,55,0,8.07,-0.259,0.921,-0.29,55,0,173.11,-16.38,10,0.00,3.80,3.83,3.81,3.83,3.81,3.81,3.83,3.82,30.62,9.0,29,28,60.9,-23,-416,-32,-150,0,666,532,0,1,-1,0,0,-1,-1,-1,-1,-1,-1,0,1,
2026-03-25,18:19:02.500,7.52,96,99,99,-0.146,98.60,54,0,8.07,-0.274,0.976,-0.42,58,0,172.65,-17.25,10,0.00,3.80,3.83,3.81,3.83,3.82,3.81,3.83,3.82,30.63,8.6,29,28,60.9,0,-448,-31,0,0,667,532,0,1,-1,0,0,-1,-1,-1,-1,-1,-1,0,1,
2026-03-25,18:19:02.760,7.52,93,99,99,-0.154,98.47,54,0,8.07,-0.280,0.990,-0.44,60,0,173.82,-17.86,10,0.00,3.80,3.83,3.81,3.83,3.82,3.81,3.83,3.82,30.64,8.4,29,28,61.1,-15,-440,-31,-84,0,667,532,0,1,-1,0,0,-1,-1,-1,-1,-1,-1,0,1,
2026-03-25,18:19:03.030,7.52,94,99,99,-0.148,98.27,53,0,8.07,-0.289,0.977,-0.54,61,0,175.65,-18.74,10,0.00,3.80,3.83,3.81,3.83,3.82,3.81,3.83,3.82,30.64,8.4,29,28,60.2,-15,-426,-29,-87,0,667,532,0,1,-1,0,0,-1,-1,-1,-1,-1,-1,0,1,
2026-03-25,18:19:03.290,7.52,96,99,99,-0.137,97.98,54,0,8.07,-0.290,0.962,-0.82,62,0,175.65,-18.74,10,0.00,3.81,3.83,3.81,3.83,3.82,3.81,3.83,3.82,30.64,8.5,29,28,60.2,-46,-441,-30,-142,0,667,532,0,1,-1,0,0,-1,-1,-1,-1,-1,-1,0,1,
2026-03-25,18:19:03.550,7.52,98,99,99,-0.139,97.60,54,0,8.07,-0.283,0.964,-0.82,61,0,170.68,-17.69,10,0.00,3.81,3.83,3.82,3.83,3.82,3.81,3.83,3.82,30.64,8.5,29,28,59.8,-89,-458,-30,-143,0,667,532,0,1,-1,0,0,-1,-1,-1,-1,-1,-1,0,1,
2026-03-25,18:19:03.820,7.52,100,100,99,-0.145,97.46,54,0,8.07,-0.294,0.983,-0.58,61,0,168.99,-17.82,10,0.00,3.81,3.83,3.82,3.83,3.82,3.81,3.83,3.82,30.65,8.6,29,28,59.8,-49,-464,-30,-82,0,667,532,0,1,-1,0,0,-1,-1,-1,-1,-1,-1,0,1,
2026-03-25,18:19:04.080,7.51,99,99,99,-0.143,97.32,54,0,8.07,-0.299,0.989,-0.49,62,0,169.56,-18.27,10,0.00,3.81,3.83,3.82,3.83,3.82,3.81,3.83,3.82,30.65,8.6,29,28,59.6,0,-434,-35,0,0,667,532,0,1,-1,0,0,-1,-1,-1,-1,-1,-1,0,1,
2026-03-25,18:19:04.350,7.52,95,99,99,-0.144,97.20,53,0,8.10,-0.296,0.984,-0.49,63,0,171.10,-19.04,10,0.00,3.81,3.83,3.82,3.83,3.82,3.81,3.83,3.82,30.66,8.7,29,28,58.5,0,-404,-88,-15,0,666,532,0,1,-1,0,0,-1,-1,-1,-1,-1,-1,0,1,
2026-03-25,18:19:04.620,7.51,95,99,99,-0.134,97.11,53,0,8.09,-0.270,0.932,-0.37,63,0,170.97,-18.62,10,0.00,3.81,3.83,3.82,3.83,3.82,3.81,3.83,3.82,30.66,8.7,29,28,58.2,0,-448,-93,0,0,667,533,0,1,-1,0,0,-1,-1,-1,-1,-1,-1,0,1,
2026-03-25,18:19:04.880,7.52,96,99,99,-0.125,97.11,54,0,8.08,-0.270,0.889,-0.18,62,0,169.21,-16.69,10,0.00,3.81,3.83,3.82,3.83,3.82,3.81,3.83,3.82,30.67,7.5,29,28,58.2,0,-543,-93,0,0,667,532,0,1,-1,0,0,-1,-1,-1,-1,-1,-1,0,1,
2026-03-25,18:19:05.150,7.52,100,100,99,-0.144,97.11,54,0,8.07,-0.283,0.970,-0.09,62,0,168.57,-16.45,10,0.00,3.81,3.83,3.82,3.83,3.82,3.81,3.83,3.82,30.67,7.5,29,28,57.8,0,-584,-92,63,0,667,533,0,1,-1,0,0,-1,-1,-1,-1,-1,-1,0,1,
2026-03-25,18:19:05.410,7.51,100,100,100,-0.160,97.00,54,0,8.10,-0.317,1.027,-0.17,62,0,168.64,-18.42,10,0.00,3.81,3.83,3.82,3.83,3.82,3.81,3.83,3.82,30.68,7.7,29,28,56.5,0,-537,-92,28,0,667,532,0,1,-1,0,0,-1,-1,-1,-1,-1,-1,0,1,
2026-03-25,18:19:05.670,7.51,100,100,100,-0.147,96.73,54,0,8.08,-0.314,0.997,-0.55,61,0,170.12,-19.87,10,0.00,3.81,3.83,3.82,3.83,3.82,3.81,3.83,3.82,30.68,7.7,29,28,55.4,53,-564,-92,131,0,667,532,0,1,-1,0,0,-1,-1,-1,-1,-1,-1,0,1,
2026-03-25,18:19:05.930,7.52,99,100,100,-0.145,96.53,54,0,8.08,-0.316,0.970,-0.72,60,0,170.45,-20.03,10,0.00,3.81,3.83,3.82,3.83,3.82,3.81,3.83,3.82,30.69,7.8,29,28,54.1,17,-529,-93,0,0,667,533,0,1,-1,0,0,-1,-1,-1,-1,-1,-1,0,1,
2026-03-25,18:19:06.200,7.51,99,100,100,-0.132,96.44,54,0,8.07,-0.318,0.949,-0.48,57,0,169.28,-19.68,10,0.00,3.81,3.83,3.82,3.83,3.83,3.81,3.83,3.82,30.69,7.8,29,28,52.6,75,-532,-93,157,0,666,532,0,1,-1,0,0,-1,-1,-1,-1,-1,-1,0,1,
2026-03-25,18:19:06.470,7.52,98,100,100,-0.131,96.42,54,0,8.07,-0.312,0.929,-0.11,56,0,167.33,-18.85,10,0.00,3.81,3.83,3.82,3.83,3.83,3.81,3.83,3.82,30.69,7.9,29,28,52.6,80,-545,-93,137,0,667,532,0,1,-1,0,0,-1,-1,-1,-1,-1,-1,0,1,
2026-03-25,18:19:06.740,7.52,99,100,100,-0.134,96.42,54,0,8.07,-0.305,0.892,0.02,58,0,165.57,-17.26,10,0.00,3.81,3.83,3.82,3.83,3.83,3.81,3.83,3.82,30.69,8.0,29,28,52.0,62,-543,-93,151,0,667,532,0,1,-1,0,0,-1,-1,-1,-1,-1,-1,0,1,
2026-03-25,18:19:07.010,7.51,99,100,100,-0.135,96.47,54,0,8.07,-0.303,0.891,0.07,58,0,165.93,-16.82,10,0.00,3.81,3.83,3.82,3.83,3.83,3.81,3.83,3.82,30.70,8.0,29,28,51.7,111,-531,-92,212,0,667,532,0,1,-1,0,0,-1,-1,-1,-1,-1,-1,0,1,
2026-03-25,18:19:07.270,7.52,100,100,100,-0.129,96.44,54,0,8.07,-0.301,0.884,0.01,59,0,166.49,-16.66,10,0.00,3.81,3.83,3.82,3.83,3.83,3.81,3.83,3.82,30.70,7.9,29,28,51.7,120,-564,-92,149,0,667,532,0,1,-1,0,0,-1,-1,-1,-1,-1,-1,0,1,
2026-03-25,18:19:07.530,7.52,99,100,100,-0.133,96.39,54,0,8.07,-0.303,0.893,-0.11,58,0,166.70,-16.55,10,0.00,3.81,3.83,3.82,3.83,3.83,3.81,3.83,3.82,30.70,7.9,29,28,51.7,125,-606,-92,144,0,667,532,0,1,-1,0,0,-1,-1,-1,-1,-1,-1,0,1,
2026-03-25,18:19:07.790,7.52,97,100,100,-0.133,96.33,54,0,8.07,-0.322,0.907,-0.15,57,0,165.89,-16.65,10,0.00,3.81,3.83,3.82,3.83,3.83,3.81,3.84,3.82,30.70,7.8,29,28,51.7,141,-532,-92,263,0,667,533,0,1,-1,0,0,-1,-1,-1,-1,-1,-1,0,1,
2026-03-25,18:19:08.050,7.52,96,100,100,-0.137,96.16,54,0,8.07,-0.317,0.900,-0.37,56,0,164.82,-17.39,10,0.00,3.81,3.83,3.82,3.83,3.83,3.81,3.84,3.82,30.70,7.8,29,28,50.9,248,-535,-91,350,0,667,532,0,1,-1,0,0,-1,-1,-1,-1,-1,-1,0,1,
2026-03-25,18:19:08.320,7.52,96,100,100,-0.129,95.97,53,0,8.07,-0.302,0.861,-0.56,56,0,169.00,-17.03,10,0.00,3.81,3.83,3.82,3.83,3.83,3.81,3.84,3.82,30.69,7.8,29,28,50.9,266,-478,-91,316,0,666,532,0,1,-1,0,0,-1,-1,-1,-1,-1,-1,0,1,
2026-03-25,18:19:08.580,7.51,97,100,100,-0.125,95.77,52,0,8.07,-0.291,0.838,-0.56,57,0,170.49,-16.25,10,0.00,3.81,3.83,3.82,3.83,3.82,3.81,3.84,3.82,30.69,7.8,29,28,51.3,228,-670,-92,161,0,667,532,0,1,-1,0,0,-1,-1,-1,-1,-1,-1,0,1,
2026-03-25,18:19:08.840,7.52,97,100,100,-0.130,95.63,52,0,8.10,-0.317,0.928,-0.58,57,0,169.18,-16.47,10,0.00,3.81,3.83,3.82,3.83,3.82,3.81,3.83,3.83,30.69,7.9,29,28,51.3,262,-443,-92,374,0,666,533,0,1,-1,0,0,-1,-1,-1,-1,-1,-1,0,1,
2026-03-25,18:19:09.110,7.52,97,100,100,-0.144,95.46,52,0,8.08,-0.321,0.918,-0.52,57,0,168.21,-17.40,10,0.00,3.81,3.83,3.82,3.83,3.82,3.81,3.83,3.83,30.69,7.9,29,28,50.9,300,-412,-90,468,0,666,532,0,1,-1,0,0,-1,-1,-1,-1,-1,-1,0,1,
2026-03-25,18:19:09.370,7.51,98,100,100,-0.124,94.79,52,0,8.06,-0.270,0.820,-1.08,58,0,172.89,-16.00,10,0.00,3.81,3.83,3.82,3.83,3.82,3.81,3.83,3.83,30.70,7.9,29,28,50.9,326,-518,-90,454,0,667,532,0,1,-1,0,0,-1,-1,-1,-1,-1,-1,0,1,
2026-03-25,18:19:09.630,7.52,98,100,100,-0.120,94.63,52,0,8.05,-0.271,0.859,-0.77,60,0,175.98,-14.93,10,0.00,3.81,3.83,3.82,3.83,3.82,3.81,3.83,3.83,30.70,7.9,29,28,52.6,321,-637,-91,348,0,667,533,0,1,-1,0,0,-1,-1,-1,-1,-1,-1,0,1,
2026-03-25,18:19:09.890,7.52,97,100,100,-0.134,94.35,52,0,8.06,-0.271,0.955,-0.79,62,0,177.89,-15.72,10,0.00,3.81,3.83,3.82,3.83,3.82,3.82,3.83,3.83,30.70,7.9,29,28,53.7,309,-606,-91,358,0,667,533,0,1,-1,0,0,-1,-1,-1,-1,-1,-1,0,1,
2026-03-25,18:19:10.150,7.52,96,100,100,-0.155,93.87,52,0,8.07,-0.335,1.034,-1.27,62,0,176.19,-18.22,10,0.00,3.81,3.83,3.82,3.83,3.82,3.82,3.83,3.83,30.70,7.9,29,28,54.1,319,-581,-91,375,0,667,532,0,1,-1,0,0,-1,-1,-1,-1,-1,-1,0,1,
2026-03-25,18:19:10.410,7.52,96,100,100,-0.147,93.23,53,0,8.07,-0.328,0.994,-1.83,60,0,177.03,-18.91,10,0.00,3.81,3.83,3.82,3.83,3.82,3.82,3.83,3.83,30.70,7.8,29,28,53.7,315,-576,-91,367,0,667,532,0,1,-1,0,0,-1,-1,-1,-1,-1,-1,0,1,
2026-03-25,18:19:10.670,7.52,96,100,100,-0.143,92.76,52,0,8.07,-0.314,0.972,-1.82,57,0,-172.40,-19.78,10,0.00,3.81,3.83,3.82,3.83,3.82,3.82,3.83,3.83,30.70,7.8,29,28,54.1,298,-587,-92,300,0,667,533,0,1,-1,0,0,-1,-1,-1,-1,-1,-1,0,1,
2026-03-25,18:19:10.930,7.52,97,100,100,-0.143,92.41,53,0,8.07,-0.307,0.971,-1.47,54,0,-177.84,-20.17,10,0.00,3.81,3.83,3.82,3.83,3.82,3.82,3.83,3.83,30.70,7.8,29,28,54.1,207,-592,-92,50,0,667,532,0,1,-1,0,0,-1,-1,-1,-1,-1,-1,0,1,
2026-03-25,18:19:11.200,7.52,98,100,100,-0.144,92.41,54,0,8.07,-0.324,1.006,-1.34,53,0,-179.37,-20.63,10,0.00,3.81,3.83,3.82,3.83,3.82,3.82,3.84,3.83,30.70,7.8,29,28,54.1,220,-667,-91,29,0,667,532,0,1,-1,0,0,-1,-1,-1,-1,-1,-1,0,1,
2026-03-25,18:19:11.470,7.52,100,100,100,-0.150,91.70,56,0,8.07,-0.316,1.019,-1.23,54,0,174.32,-20.66,10,0.00,3.81,3.83,3.82,3.83,3.82,3.82,3.84,3.83,30.71,7.8,29,28,54.3,214,-682,-92,0,0,667,533,0,1,-1,0,0,-1,-1,-1,-1,-1,-1,0,1,
2026-03-25,18:19:11.730,7.52,99,100,100,-0.171,91.35,57,0,8.07,-0.339,1.019,-1.21,59,0,177.50,-22.46,10,0.00,3.82,3.83,3.82,3.83,3.82,3.82,3.84,3.83,30.71,7.8,29,28,54.6,209,-646,-92,0,0,667,533,0,1,-1,0,0,-1,-1,-1,-1,-1,-1,0,1,
2026-03-25,18:19:12.010,7.52,97,100,100,-0.162,91.35,56,0,8.07,-0.359,1.052,-1.08,62,0,-171.50,-26.12,10,0.00,3.82,3.83,3.83,3.83,3.82,3.82,3.84,3.83,30.70,7.8,29,28,53.0,76,-534,-91,-51,0,667,533,0,1,-1,0,0,-1,-1,-1,-1,-1,-1,0,1,
2026-03-25,18:19:12.280,7.52,96,100,100,-0.144,90.62,54,0,8.07,-0.323,0.986,-0.81,65,0,-177.51,-26.59,10,0.00,3.82,3.83,3.83,3.83,3.82,3.82,3.84,3.83,30.70,7.9,29,28,50.9,49,-544,-93,-119,0,667,533,0,1,-1,0,0,-1,-1,-1,-1,-1,-1,0,1,
2026-03-25,18:19:12.550,7.52,97,100,100,-0.124,90.56,53,0,8.07,-0.315,0.925,-0.48,65,0,-95.32,-23.68,10,0.00,3.82,3.83,3.83,3.83,3.82,3.82,3.84,3.82,30.70,7.9,29,28,50.2,48,-546,-93,-90,0,667,533,0,1,-1,0,0,-1,-1,-1,-1,-1,-1,0,1,
2026-03-25,18:19:12.810,7.52,99,100,100,-0.122,90.62,53,0,8.07,-0.296,0.861,-0.10,65,0,175.31,-20.21,10,0.00,3.82,3.83,3.83,3.83,3.82,3.82,3.84,3.82,30.71,7.9,29,28,50.9,48,-594,-93,-56,0,667,533,0,1,-1,0,0,-1,-1,-1,-1,-1,-1,0,1,
2026-03-25,18:19:13.080,7.52,99,100,100,-0.123,90.58,53,0,8.07,-0.296,0.869,-0.03,64,0,173.03,-19.56,10,0.00,3.82,3.83,3.82,3.83,3.82,3.82,3.84,3.82,30.71,7.9,29,28,50.9,44,-617,-92,-110,0,667,532,0,1,-1,0,0,-1,-1,-1,-1,-1,-1,0,1,
2026-03-25,18:19:13.340,7.52,99,100,100,-0.145,90.42,53,0,8.07,-0.337,0.948,-0.31,62,0,171.90,-20.60,10,0.00,3.82,3.83,3.82,3.83,3.82,3.82,3.84,3.82,30.70,7.9,29,28,49.8,48,-626,-92,-98,0,667,532,0,1,-1,0,0,-1,-1,-1,-1,-1,-1,0,1,
2026-03-25,18:19:13.610,7.52,99,100,100,-0.154,90.14,53,0,8.07,-0.346,0.954,-0.69,59,0,172.96,-21.41,10,0.00,3.82,3.83,3.82,3.83,3.82,3.82,3.84,3.83,30.70,7.9,29,28,49.1,59,-579,-89,-77,0,667,532,0,1,-1,0,0,-1,-1,-1,-1,-1,-1,1,1,
2026-03-25,18:19:13.870,7.52,96,100,100,-0.134,89.91,51,0,8.09,-0.344,0.924,-0.84,54,0,174.26,-22.08,10,0.00,3.82,3.83,3.82,3.83,3.82,3.82,3.84,3.83,30.70,8.0,29,28,49.1,49,-569,-90,-14,0,667,533,0,1,-1,0,0,-1,-1,-1,-1,-1,-1,1,1,
2026-03-25,18:19:14.130,7.52,91,100,100,-0.125,89.80,48,0,8.08,-0.328,0.907,-0.58,51,0,173.74,-21.58,10,0.00,3.81,3.83,3.82,3.83,3.82,3.82,3.84,3.83,30.70,8.0,29,28,48.5,32,-568,-91,-13,0,667,532,0,1,-1,0,0,-1,-1,-1,-1,-1,-1,1,1,
2026-03-25,18:19:14.390,7.52,85,100,100,-0.125,89.80,45,0,8.07,-0.336,0.886,-0.53,48,0,170.52,-19.79,10,0.00,3.81,3.83,3.82,3.83,3.82,3.82,3.84,3.83,30.70,8.0,29,28,47.8,60,-767,-91,4,0,667,532,0,1,-1,0,0,-1,-1,-1,-1,-1,-1,1,1,
2026-03-25,18:19:14.650,7.51,85,100,100,-0.142,89.80,45,0,8.07,-0.356,0.966,-0.24,46,0,167.61,-19.89,10,0.00,3.81,3.83,3.82,3.83,3.82,3.81,3.84,3.83,30.70,8.0,29,28,47.8,162,-598,-92,0,0,667,532,0,1,-1,0,0,-1,-1,-1,-1,-1,-1,0,1,
2026-03-25,18:19:14.930,7.51,90,99,99,-0.139,89.24,47,0,8.07,-0.356,0.963,-0.64,42,0,166.03,-20.98,10,0.00,3.81,3.83,3.82,3.83,3.82,3.81,3.84,3.82,30.70,8.0,29,28,47.0,290,-370,-91,135,0,667,532,0,1,-1,0,0,-1,-1,-1,-1,-1,-1,0,1,
2026-03-25,18:19:15.210,7.52,96,98,98,-0.122,89.07,49,0,8.07,-0.310,0.830,-0.58,37,0,163.66,-19.09,10,0.00,3.81,3.83,3.82,3.83,3.82,3.81,3.84,3.82,30.70,8.0,29,28,46.5,352,-537,-89,220,0,667,533,0,1,-1,0,0,-1,-1,-1,-1,-1,-1,0,1,
2026-03-25,18:19:15.470,7.52,98,98,95,-0.123,88.92,50,0,8.05,-0.295,0.795,-0.58,36,0,164.37,-16.57,10,0.00,3.81,3.83,3.82,3.83,3.82,3.81,3.84,3.82,30.70,8.1,29,28,47.8,364,-594,-90,260,0,667,533,0,1,-1,0,0,-1,-1,-1,-1,-1,-1,0,1,
2026-03-25,18:19:15.740,7.51,95,95,93,-0.136,88.75,50,0,8.06,-0.303,0.833,-0.57,37,0,167.01,-14.12,10,0.00,3.81,3.83,3.82,3.83,3.82,3.82,3.84,3.82,30.70,8.1,29,28,48.5,363,-605,-91,242,0,667,532,0,1,-1,0,0,-1,-1,-1,-1,-1,-1,0,1,
2026-03-25,18:19:16.020,7.51,94,94,92,-0.145,88.47,49,0,8.07,-0.331,0.892,-0.71,34,0,170.21,-15.50,10,0.00,3.81,3.83,3.82,3.83,3.82,3.82,3.83,3.82,30.69,8.1,29,28,48.2,350,-601,-91,230,0,666,532,0,1,-1,0,0,-1,-1,-1,-1,-1,-1,0,1,
2026-03-25,18:19:16.290,7.52,92,92,91,-0.137,88.08,48,0,8.07,-0.336,0.915,-0.71,38,0,171.27,-16.75,10,0.00,3.81,3.83,3.82,3.83,3.82,3.82,3.83,3.82,30.70,8.1,29,28,48.2,364,-589,-90,294,0,667,532,0,1,-1,0,0,-1,-1,-1,-1,-1,-1,0,1,
2026-03-25,18:19:16.560,7.51,95,95,91,-0.137,87.73,47,0,8.07,-0.331,0.920,-1.20,39,0,170.87,-16.70,10,0.00,3.81,3.83,3.82,3.83,3.82,3.82,3.83,3.82,30.70,8.1,30,28,49.1,411,-413,-89,452,0,667,532,0,1,-1,0,0,-1,-1,-1,-1,-1,-1,0,1,
2026-03-25,18:19:16.820,7.52,95,95,91,-0.126,87.33,49,0,8.04,-0.298,0.840,-1.28,41,0,172.99,-15.78,10,0.00,3.81,3.83,3.82,3.83,3.82,3.82,3.83,3.82,30.70,7.6,30,28,49.4,430,-581,-89,415,0,667,533,0,1,-1,0,0,-1,-1,-1,-1,-1,-1,0,1,
2026-03-25,18:19:17.090,7.52,97,97,91,-0.120,86.94,49,0,8.05,-0.285,0.832,-1.34,43,0,175.44,-14.88,10,0.00,3.81,3.83,3.82,3.83,3.82,3.81,3.83,3.82,30.70,7.6,30,28,50.9,448,-665,-89,394,0,666,533,0,1,-1,0,0,-1,-1,-1,-1,-1,-1,0,1,
2026-03-25,18:19:17.360,7.52,97,97,91,-0.138,86.25,50,0,8.06,-0.318,0.948,-1.21,48,0,177.72,-15.88,10,0.00,3.81,3.83,3.82,3.83,3.82,3.81,3.83,3.83,30.70,7.9,30,28,51.7,452,-513,-89,391,0,666,532,0,1,-1,0,0,-1,-1,-1,-1,-1,-1,0,1,
2026-03-25,18:19:17.620,7.52,94,94,91,-0.144,86.25,49,0,8.07,-0.324,0.957,-1.38,51,0,177.56,-17.41,10,0.00,3.81,3.83,3.82,3.83,3.82,3.81,3.83,3.83,30.70,7.9,30,28,51.3,457,-591,-89,358,0,667,533,0,1,-1,0,0,-1,-1,-1,-1,-1,-1,0,1,
2026-03-25,18:19:17.880,7.52,90,91,91,-0.136,85.18,47,0,8.07,-0.320,0.957,-1.80,53,0,178.62,-17.48,10,0.00,3.81,3.83,3.82,3.83,3.82,3.81,3.83,3.83,30.68,7.9,30,28,52.6,444,-598,-22,358,0,667,533,0,1,-1,0,0,-1,-1,-1,-1,-1,-1,0,1,
2026-03-25,18:19:18.150,7.52,89,91,91,-0.137,85.18,45,0,8.07,-0.336,0.982,-1.96,55,0,-85.23,-18.04,10,0.00,3.81,3.83,3.82,3.83,3.82,3.81,3.83,3.83,30.68,7.9,30,28,54.3,419,-685,-24,263,0,667,533,0,1,-1,0,0,-1,-1,-1,-1,-1,-1,0,1,
2026-03-25,18:19:18.410,7.52,90,91,91,-0.159,84.04,44,0,8.02,-0.357,1.067,-1.96,55,0,-85.23,-18.04,10,0.00,3.81,3.83,3.82,3.83,3.82,3.81,3.83,3.82,30.67,8.8,30,28,54.3,332,-770,-25,196,0,667,533,0,1,-1,0,0,-1,-1,-1,-1,-1,-1,0,1,
2026-03-25,18:19:18.670,7.51,92,92,91,-0.179,84.04,43,0,8.02,-0.403,1.170,-2.02,53,0,-174.98,-24.43,10,0.00,3.81,3.83,3.82,3.83,3.82,3.81,3.83,3.82,30.67,8.8,30,28,54.3,211,-714,-25,109,0,666,532,0,1,-1,0,0,-1,-1,-1,-1,-1,-1,0,1,
2026-03-25,18:19:18.940,7.52,85,92,92,-0.178,82.87,43,0,8.06,-0.420,1.196,-2.05,46,0,-173.30,-27.26,10,0.00,3.81,3.83,3.82,3.83,3.82,3.81,3.83,3.82,30.66,8.8,30,28,53.3,277,-655,-23,172,0,667,532,0,1,-1,0,0,-1,-1,-1,-1,-1,-1,0,1,
2026-03-25,18:19:19.210,7.51,81,93,93,-0.151,82.53,42,0,8.07,-0.396,1.101,-1.58,41,0,-171.89,-30.03,10,0.00,3.81,3.83,3.81,3.82,3.82,3.81,3.83,3.82,30.66,8.8,30,28,51.3,285,-674,-22,156,0,667,533,0,1,-1,0,0,-1,-1,-1,-1,-1,-1,0,1,
2026-03-25,18:19:19.470,7.51,79,96,96,-0.143,82.30,41,0,8.07,-0.386,1.036,-1.09,38,0,-170.75,-30.54,10,0.00,3.81,3.83,3.81,3.82,3.81,3.81,3.83,3.82,30.65,8.8,30,28,50.6,281,-716,-23,120,0,667,532,0,1,-1,0,0,-1,-1,-1,-1,-1,-1,0,1,
2026-03-25,18:19:19.740,7.51,84,95,95,-0.148,82.19,41,0,8.07,-0.394,1.037,-0.69,36,0,-169.91,-31.31,10,0.00,3.81,3.83,3.81,3.82,3.81,3.81,3.83,3.82,30.65,8.8,30,28,49.8,272,-630,-25,123,0,667,533,0,1,-1,0,0,-1,-1,-1,-1,-1,-1,0,1,
2026-03-25,18:19:20.020,7.52,86,96,96,-0.141,82.17,41,0,8.07,-0.385,1.006,-0.07,37,0,-169.67,-32.90,10,0.00,3.80,3.82,3.81,3.82,3.81,3.81,3.83,3.82,30.64,8.9,30,28,48.2,264,-589,-25,121,0,667,532,0,1,-1,0,0,-1,-1,-1,-1,-1,-1,0,1,
2026-03-25,18:19:20.290,7.51,88,97,97,-0.116,82.17,42,0,8.07,-0.362,0.960,0.14,40,0,-173.06,-30.65,10,0.00,3.80,3.82,3.81,3.82,3.81,3.81,3.83,3.82,30.64,8.9,30,28,47.8,332,-581,-23,175,0,667,533,0,1,-1,0,0,-1,-1,-1,-1,-1,-1,0,1,
2026-03-25,18:19:20.560,7.51,89,97,97,-0.109,82.33,41,0,8.07,-0.358,0.881,0.21,42,0,-174.71,-29.13,10,0.00,3.80,3.82,3.81,3.82,3.81,3.81,3.83,3.82,30.64,8.9,30,28,47.0,357,-669,-21,156,0,667,532,0,1,-1,0,0,-1,-1,-1,-1,-1,-1,0,1,
2026-03-25,18:19:20.830,7.52,87,97,97,-0.116,82.41,40,0,8.07,-0.377,0.908,0.24,43,0,-179.16,-27.50,10,0.00,3.80,3.82,3.81,3.82,3.81,3.81,3.82,3.82,30.63,9.0,30,28,46.5,364,-684,-21,188,0,667,532,0,1,-1,0,0,-1,-1,-1,-1,-1,-1,0,1,
2026-03-25,18:19:21.090,7.52,79,97,97,-0.116,82.33,38,0,8.07,-0.380,0.922,0.00,45,0,173.20,-27.60,10,0.00,3.80,3.83,3.81,3.82,3.81,3.81,3.82,3.82,30.63,9.0,30,28,46.5,370,-598,-19,226,0,667,532,0,1,-1,0,0,-1,-1,-1,-1,-1,-1,0,1,
2026-03-25,18:19:21.360,7.52,72,97,97,-0.126,82.21,37,0,8.11,-0.387,0.909,-0.27,44,0,177.28,-28.18,10,0.00,3.80,3.83,3.81,3.82,3.81,3.81,3.82,3.82,30.61,9.0,30,28,45.7,381,-554,49,231,0,667,532,0,1,-1,0,0,-1,-1,-1,-1,-1,-1,0,1,
2026-03-25,18:19:21.630,7.51,70,97,97,-0.119,82.21,37,0,8.09,-0.424,0.879,-0.14,42,0,177.23,-26.67,10,0.00,3.80,3.83,3.81,3.82,3.81,3.81,3.82,3.82,30.61,9.0,30,28,44.8,426,-520,104,251,0,667,532,0,1,-1,0,0,-1,-1,-1,-1,-1,-1,0,1,
2026-03-25,18:19:21.900,7.51,69,96,96,-0.120,82.18,36,0,8.08,-0.426,0.876,-0.04,38,0,176.87,-25.77,10,0.00,3.80,3.83,3.81,3.82,3.81,3.81,3.82,3.82,30.58,9.0,30,28,45.2,451,-437,140,298,0,667,533,0,1,-1,0,0,-1,-1,-1,-1,-1,-1,0,1,
2026-03-25,18:19:22.160,7.51,70,95,95,-0.120,81.99,36,0,8.07,-0.445,0.866,-0.42,37,0,175.14,-23.98,10,0.00,3.80,3.83,3.81,3.82,3.81,3.81,3.82,3.80,30.58,9.0,30,28,46.5,464,-596,175,226,0,667,532,0,1,-1,0,0,-1,-1,-1,-1,-1,-1,0,1,
2026-03-25,18:19:22.420,7.52,74,93,93,-0.120,81.85,36,0,8.07,-0.463,0.912,-0.50,36,0,173.83,-23.78,10,0.00,3.78,3.81,3.81,3.82,3.81,3.81,3.82,3.80,30.52,10.1,30,28,47.8,474,-497,178,307,0,667,533,0,1,-1,0,0,-1,-1,-1,-1,-1,-1,0,1,
2026-03-25,18:19:22.680,7.52,79,93,93,-0.136,81.67,36,0,8.07,-0.479,0.960,-0.69,39,0,170.61,-25.59,10,0.00,3.78,3.81,3.79,3.80,3.81,3.81,3.82,3.80,30.52,10.1,30,28,48.2,522,-339,192,468,0,667,533,0,1,-1,0,0,-1,-1,-1,-1,-1,-1,0,1,
2026-03-25,18:19:22.940,7.52,76,93,93,-0.122,81.26,35,0,8.07,-0.451,0.869,-0.66,40,0,170.25,-25.68,10,0.00,3.78,3.81,3.79,3.80,3.79,3.78,3.82,3.80,30.48,10.8,30,28,48.2,546,-343,218,441,0,667,532,0,1,-1,0,0,-1,-1,-1,-1,-1,-1,0,1,
2026-03-25,18:19:23.210,7.52,79,93,93,-0.124,81.18,39,0,8.07,-0.436,0.816,-0.49,42,0,173.43,-23.88,10,0.00,3.78,3.81,3.79,3.80,3.79,3.78,3.80,3.78,30.48,10.8,30,28,51.3,556,-353,223,383,0,667,533,0,1,-1,0,0,-1,-1,-1,-1,-1,-1,0,1,
2026-03-25,18:19:23.470,7.52,81,93,93,-0.116,81.26,41,0,8.05,-0.416,0.819,-0.02,43,0,175.56,-22.82,10,0.00,3.78,3.81,3.79,3.80,3.79,3.78,3.80,3.78,30.43,11.5,30,28,51.3,555,-512,221,270,0,667,532,0,1,-1,0,0,-1,-1,-1,-1,-1,-1,0,1,
2026-03-25,18:19:23.730,7.51,86,95,95,-0.136,81.26,43,0,8.06,-0.428,0.897,0.02,45,0,175.02,-23.40,10,0.00,3.77,3.79,3.79,3.80,3.79,3.78,3.80,3.78,30.43,11.5,30,28,53.3,549,-450,219,279,0,667,532,0,1,-1,0,0,-1,-1,-1,-1,-1,-1,0,1,
2026-03-25,18:19:23.990,7.52,86,96,96,-0.159,81.10,43,0,8.07,-0.480,1.048,-0.19,47,0,175.46,-27.10,10,0.00,3.77,3.79,3.78,3.78,3.79,3.78,3.80,3.78,30.39,11.3,30,28,54.6,551,-447,220,283,0,667,532,0,1,-1,0,0,-1,-1,-1,-1,-1,-1,0,1,
2026-03-25,18:19:24.250,7.52,86,96,96,-0.174,80.58,44,0,8.07,-0.443,1.065,-1.13,47,0,94.92,-28.72,10,0.00,3.77,3.79,3.78,3.78,3.78,3.77,3.80,3.78,30.39,11.4,30,28,56.1,564,-383,222,299,0,667,532,0,1,-1,0,0,-1,-1,-1,-1,-1,-1,0,1,
2026-03-25,18:19:24.510,7.52,87,96,96,-0.142,80.25,45,0,8.07,-0.436,0.981,-1.33,46,0,-170.86,-30.22,10,0.00,3.77,3.79,3.78,3.78,3.78,3.77,3.79,3.77,30.35,11.4,30,28,56.5,558,-527,237,70,0,667,533,0,1,-1,0,0,-1,-1,-1,-1,-1,-1,0,1,
2026-03-25,18:19:24.770,7.52,88,96,96,-0.154,80.30,45,0,8.05,-0.441,0.989,-0.45,46,0,-169.59,-29.97,10,0.00,3.75,3.78,3.78,3.78,3.78,3.77,3.79,3.77,30.35,11.2,30,28,57.6,528,-604,238,0,0,667,533,0,1,-1,0,0,-1,-1,-1,-1,-1,-1,0,1,
2026-03-25,18:19:25.040,7.52,83,96,96,-0.169,80.30,43,0,8.06,-0.469,1.131,-0.45,46,0,-169.06,-31.25,10,0.00,3.75,3.78,3.77,3.77,3.78,3.77,3.79,3.77,30.32,11.2,30,28,57.2,524,-687,237,15,0,667,533,0,1,-1,0,0,-1,-1,-1,-1,-1,-1,0,1,
2026-03-25,18:19:25.300,7.51,80,96,96,-0.204,80.07,42,0,8.07,-0.517,1.260,-0.42,46,0,-160.43,-36.43,10,0.00,3.75,3.78,3.77,3.77,3.78,3.76,3.79,3.77,30.32,11.9,30,28,57.2,477,-731,198,-5,0,667,533,0,1,-1,0,0,-1,-1,-1,-1,-1,-1,0,1,
2026-03-25,18:19:25.560,7.51,70,96,96,-0.197,79.71,37,0,8.04,-0.519,1.284,-0.96,44,0,-153.75,-38.78,10,0.00,3.75,3.78,3.77,3.77,3.78,3.76,3.79,3.77,30.30,11.9,30,28,55.7,343,-770,118,-70,0,667,532,0,1,-1,0,0,-1,-1,-1,-1,-1,-1,0,1,
2026-03-25,18:19:25.830,7.52,71,95,95,-0.164,79.64,38,0,8.05,-0.476,1.244,-0.20,39,0,-143.70,-41.05,10,0.00,3.75,3.78,3.77,3.77,3.78,3.76,3.78,3.77,30.31,11.3,30,28,54.3,233,-640,76,-150,0,667,532,0,1,-1,0,0,-1,-1,-1,-1,-1,-1,0,1,
2026-03-25,18:19:26.100,7.52,75,96,96,-0.147,79.64,38,0,8.06,-0.423,1.125,0.63,42,0,-143.70,-41.05,10,0.00,3.75,3.78,3.77,3.77,3.78,3.76,3.78,3.77,30.31,11.3,30,28,53.0,193,-648,57,-217,0,667,533,0,1,-1,0,0,-1,-1,-1,-1,-1,-1,0,1,
2026-03-25,18:19:26.360,7.52,83,98,98,-0.138,80.13,40,0,8.07,-0.392,1.044,0.70,42,0,-138.61,-38.04,10,0.00,3.75,3.78,3.77,3.77,3.78,3.76,3.78,3.77,30.31,10.1,30,28,51.3,172,-650,0,-216,0,667,532,0,1,-1,0,0,-1,-1,-1,-1,-1,-1,0,1,
2026-03-25,18:19:26.630,7.52,84,98,98,-0.142,80.26,42,0,8.07,-0.366,1.045,0.57,43,0,-135.26,-35.19,10,0.00,3.75,3.78,3.77,3.77,3.79,3.77,3.78,3.77,30.31,10.1,30,28,51.3,136,-655,-26,-289,0,667,532,0,1,-1,0,0,-1,-1,-1,-1,-1,-1,0,1,
2026-03-25,18:19:26.890,7.52,83,98,98,-0.126,80.38,44,0,8.07,-0.364,1.031,0.44,41,0,-134.16,-33.58,10,0.00,3.75,3.78,3.77,3.77,3.79,3.77,3.78,3.77,30.35,9.0,30,28,50.9,48,-656,-27,-333,0,667,532,0,1,-1,0,0,-1,-1,-1,-1,-1,-1,0,1,
2026-03-25,18:19:27.150,7.52,87,98,98,-0.118,80.44,45,0,8.07,-0.350,0.999,0.35,44,0,-143.52,-29.52,10,0.00,3.78,3.80,3.77,3.77,3.79,3.77,3.78,3.77,30.35,9.0,30,28,51.3,-6,-633,-20,-378,0,667,532,0,1,-1,0,0,-1,-1,-1,-1,-1,-1,0,1,
2026-03-25,18:19:27.410,7.52,90,98,98,-0.128,80.23,45,0,8.07,-0.350,0.999,-0.19,47,0,-148.96,-27.86,10,0.00,3.78,3.80,3.79,3.79,3.79,3.77,3.78,3.77,30.37,8.9,30,28,52.6,0,-640,0,-357,0,667,533,0,1,-1,0,0,-1,-1,-1,-1,-1,-1,0,1,
2026-03-25,18:19:27.670,7.51,88,98,98,-0.136,79.78,45,0,8.07,-0.347,0.991,-1.00,50,0,-156.10,-25.69,10,0.00,3.78,3.80,3.79,3.79,3.79,3.77,3.78,3.77,30.37,8.9,30,28,52.6,-26,-639,13,-401,0,667,533,0,1,-1,0,0,-1,-1,-1,-1,-1,-1,0,1,
2026-03-25,18:19:27.940,7.52,85,98,98,-0.134,79.78,44,0,8.07,-0.363,1.045,-1.48,51,0,-160.57,-25.50,10,0.00,3.78,3.80,3.79,3.79,3.79,3.77,3.78,3.77,30.39,9.1,30,28,53.7,-79,-617,12,-437,0,667,533,0,1,-1,0,0,-1,-1,-1,-1,-1,-1,0,1,
2026-03-25,18:19:28.210,7.51,86,98,98,-0.140,78.63,45,0,8.07,-0.370,1.062,-1.90,49,0,-161.19,-25.91,10,0.00,3.78,3.80,3.79,3.79,3.79,3.77,3.81,3.79,30.39,9.1,30,28,54.6,-93,-556,12,-426,0,667,533,0,1,-1,0,0,-1,-1,-1,-1,-1,-1,0,1,
2026-03-25,18:19:28.480,7.52,89,98,98,-0.139,77.31,46,0,8.07,-0.356,1.086,-2.27,46,0,-166.00,-25.82,10,0.00,3.78,3.80,3.79,3.79,3.79,3.77,3.81,3.79,30.40,9.2,30,28,56.5,-141,-476,13,-528,0,667,533,0,1,-1,0,0,-1,-1,-1,-1,-1,-1,0,1,
2026-03-25,18:19:28.750,7.52,93,98,98,-0.140,76.63,47,0,8.07,-0.317,1.017,-2.29,47,0,-170.20,-24.97,10,0.00,3.78,3.80,3.79,3.80,3.79,3.77,3.81,3.79,30.40,9.3,30,28,58.5,-86,-545,12,-376,0,667,532,0,1,-1,0,0,-1,-1,-1,-1,-1,-1,0,1,
2026-03-25,18:19:29.010,7.52,95,98,98,-0.154,75.99,50,0,8.07,-0.307,1.044,-2.33,47,0,-178.30,-22.79,10,0.00,3.78,3.80,3.79,3.80,3.80,3.78,3.81,3.79,30.42,9.3,30,28,60.9,-82,-642,-33,-124,0,667,533,0,1,-1,0,0,-1,-1,-1,-1,-1,-1,0,1,
2026-03-25,18:19:29.280,7.52,98,98,98,-0.176,75.35,51,0,8.07,-0.312,1.192,-2.22,49,0,-177.96,-26.05,10,0.00,3.78,3.80,3.79,3.80,3.80,3.78,3.81,3.79,30.42,8.4,30,28,62.4,0,-652,-88,-44,0,666,532,0,1,-1,0,0,-1,-1,-1,-1,-1,-1,0,1,
2026-03-25,18:19:29.540,7.52,99,99,98,-0.169,74.62,52,0,8.07,-0.336,1.228,-2.36,50,0,-175.56,-29.36,10,0.00,3.78,3.81,3.79,3.80,3.80,3.78,3.81,3.79,30.45,8.4,30,28,60.9,-53,-585,-89,-322,0,667,533,0,1,-1,0,0,-1,-1,-1,-1,-1,-1,0,1,
2026-03-25,18:19:29.800,7.52,98,99,99,-0.148,73.84,52,0,8.07,-0.339,1.182,-2.58,50,0,38.71,-32.07,10,0.00,3.78,3.81,3.80,3.81,3.80,3.78,3.81,3.79,30.48,7.4,30,28,60.2,-99,-552,-89,-377,0,666,532,0,1,-1,0,0,-1,-1,-1,-1,-1,-1,0,1,
2026-03-25,18:19:30.070,7.52,97,100,100,-0.141,73.18,51,0,8.07,-0.290,1.120,-2.49,50,0,172.32,-31.14,10,0.00,3.78,3.81,3.80,3.81,3.80,3.78,3.81,3.79,30.48,7.4,30,28,60.2,0,-539,-81,0,0,667,532,0,1,-1,0,0,-1,-1,-1,-1,-1,-1,0,1,
2026-03-25,18:19:30.330,7.52,96,100,100,-0.145,72.84,50,0,8.07,-0.287,1.061,-1.80,50,0,165.84,-30.01,10,0.00,3.78,3.81,3.80,3.81,3.80,3.80,3.81,3.79,30.51,7.6,30,28,60.9,0,-589,-61,50,0,667,532,0,1,-1,0,0,-1,-1,-1,-1,-1,-1,0,1,
2026-03-25,18:19:30.600,7.52,92,100,100,-0.158,72.67,49,0,8.07,-0.323,1.101,-1.06,50,0,170.35,-33.34,10,0.00,3.78,3.81,3.80,3.81,3.80,3.80,3.82,3.81,30.51,7.6,30,28,60.9,22,-550,-47,61,0,667,533,0,1,-1,0,0,-1,-1,-1,-1,-1,-1,0,1,
2026-03-25,18:19:30.860,7.51,88,100,100,-0.150,72.52,47,0,8.07,-0.333,1.110,-0.68,45,0,171.48,-35.11,10,0.00,3.79,3.81,3.80,3.81,3.80,3.80,3.82,3.81,30.53,8.1,30,28,59.6,35,-513,-102,26,0,667,532,0,1,-1,0,0,-1,-1,-1,-1,-1,-1,0,1,
2026-03-25,18:19:31.120,7.52,86,100,100,-0.127,72.52,46,0,8.07,-0.289,0.997,-0.67,45,0,166.22,-34.81,10,0.00,3.79,3.81,3.80,3.82,3.80,3.80,3.82,3.81,30.53,8.1,30,28,58.5,17,-402,-23,0,0,667,532,0,1,-1,0,0,-1,-1,-1,-1,-1,-1,0,1,
2026-03-25,18:19:31.380,7.51,89,100,100,-0.127,72.27,47,0,8.07,-0.306,0.949,-0.15,43,0,163.25,-32.02,10,0.00,3.79,3.81,3.80,3.82,3.80,3.80,3.82,3.81,30.53,7.9,30,28,58.2,97,-488,75,202,0,667,532,0,1,-1,0,0,-1,-1,-1,-1,-1,-1,0,1,
2026-03-25,18:19:31.650,7.52,92,100,100,-0.152,72.32,48,0,8.07,-0.351,0.974,0.06,46,0,162.59,-28.71,10,0.00,3.79,3.81,3.80,3.82,3.80,3.80,3.82,3.80,30.53,7.9,30,28,58.5,297,-474,98,272,0,667,532,0,1,-1,0,0,-1,-1,-1,-1,-1,-1,0,1,
2026-03-25,18:19:31.910,7.52,94,100,100,-0.158,72.20,48,0,8.07,-0.380,0.995,-0.14,46,0,165.47,-29.09,10,0.00,3.79,3.81,3.80,3.82,3.80,3.80,3.82,3.80,30.50,9.6,30,28,58.5,263,-445,69,42,0,667,532,0,1,-1,0,0,-1,-1,-1,-1,-1,-1,0,1,
2026-03-25,18:19:32.180,7.52,92,100,100,-0.148,72.18,48,0,8.07,-0.370,0.994,-0.21,49,0,170.35,-30.43,10,0.00,3.79,3.81,3.79,3.80,3.80,3.80,3.82,3.80,30.50,9.6,30,28,57.8,230,-426,-32,0,0,667,533,0,1,-1,0,0,-1,-1,-1,-1,-1,-1,0,1,
2026-03-25,18:19:32.440,7.52,93,100,100,-0.130,72.31,49,0,8.07,-0.292,0.906,0.15,50,0,168.76,-29.15,10,0.00,3.79,3.81,3.79,3.80,3.80,3.80,3.82,3.80,30.51,9.8,30,28,56.9,217,-386,-88,0,0,667,533,0,1,-1,0,0,-1,-1,-1,-1,-1,-1,0,1,
2026-03-25,18:19:32.710,7.52,95,100,100,-0.124,72.63,49,0,8.07,-0.259,0.858,0.63,52,0,168.55,-27.46,10,0.00,3.79,3.81,3.79,3.80,3.80,3.78,3.82,3.80,30.51,9.8,30,28,55.7,216,-395,-102,0,0,667,532,0,1,-1,0,0,-1,-1,-1,-1,-1,-1,0,1,
2026-03-25,18:19:32.970,7.51,97,100,100,-0.134,73.07,51,0,8.07,-0.246,0.846,1.24,53,0,172.23,-25.19,10,0.00,3.79,3.81,3.79,3.80,3.80,3.78,3.82,3.80,30.53,7.7,30,28,55.4,220,-524,-100,3,0,667,533,0,1,-1,0,0,-1,-1,-1,-1,-1,-1,0,1,
2026-03-25,18:19:33.230,7.52,98,100,100,-0.136,73.33,51,0,8.07,-0.280,0.877,1.12,51,0,174.98,-25.23,10,0.00,3.79,3.81,3.79,3.80,3.80,3.78,3.82,3.80,30.53,7.7,30,28,54.3,236,-466,-68,114,0,667,532,0,1,-1,0,0,-1,-1,-1,-1,-1,-1,0,1,
2026-03-25,18:19:33.490,7.52,99,100,100,-0.135,73.51,52,0,8.08,-0.312,0.892,0.81,52,0,179.29,-25.77,10,0.00,3.79,3.81,3.80,3.81,3.80,3.78,3.82,3.80,30.54,7.5,30,28,53.0,231,-523,-25,0,0,667,532,0,1,-1,0,0,-1,-1,-1,-1,-1,-1,0,1,
2026-03-25,18:19:33.760,7.52,100,100,100,-0.125,73.47,52,0,8.08,-0.330,0.910,0.30,51,0,177.66,-24.72,10,0.00,3.79,3.81,3.80,3.81,3.80,3.80,3.82,3.80,30.54,7.5,30,28,53.0,175,-566,4,-1,0,667,532,0,1,-1,0,0,-1,-1,-1,-1,-1,-1,0,1,
2026-03-25,18:19:34.020,7.52,99,100,100,-0.128,73.37,52,0,8.01,-0.356,0.953,-0.10,50,0,176.57,-24.05,10,0.00,3.79,3.81,3.80,3.81,3.80,3.80,3.82,3.80,30.52,7.5,30,29,53.0,116,-609,53,0,0,666,533,0,1,-1,0,0,-1,-1,-1,-1,-1,-1,0,1,
2026-03-25,18:19:34.290,7.52,99,100,100,-0.151,72.97,52,0,8.05,-0.402,0.991,-0.67,53,0,173.65,-25.02,10,0.00,3.79,3.81,3.80,3.81,3.80,3.80,3.82,3.80,30.50,9.5,30,29,53.0,111,-505,54,0,0,667,533,0,1,-1,0,0,-1,-1,-1,-1,-1,-1,0,1,
2026-03-25,18:19:34.560,7.52,99,100,100,-0.148,72.80,52,0,8.06,-0.406,0.996,-0.62,53,0,173.98,-25.78,10,0.00,3.79,3.81,3.79,3.80,3.80,3.80,3.82,3.80,30.50,9.5,30,29,52.6,100,-453,58,0,0,667,532,0,1,-1,0,0,-1,-1,-1,-1,-1,-1,0,1,
2026-03-25,18:19:34.830,7.51,99,100,100,-0.135,72.77,52,0,8.06,-0.390,0.929,-0.42,56,0,174.94,-25.31,10,0.00,3.79,3.81,3.79,3.80,3.80,3.80,3.82,3.80,30.48,9.4,30,29,52.6,146,-526,120,131,0,667,532,0,1,-1,0,0,-1,-1,-1,-1,-1,-1,0,1,
2026-03-25,18:19:35.090,7.51,99,100,100,-0.125,72.83,52,0,8.07,-0.411,0.942,0.03,58,0,172.18,-24.41,10,0.00,3.79,3.81,3.79,3.80,3.80,3.78,3.82,3.80,30.48,9.4,30,29,52.6,131,-536,110,0,0,667,532,0,1,-1,0,0,-1,-1,-1,-1,-1,-1,0,1,
2026-03-25,18:19:35.350,7.51,99,100,100,-0.134,72.88,53,0,8.07,-0.422,0.968,0.05,60,0,169.45,-24.44,10,0.00,3.79,3.81,3.79,3.80,3.80,3.78,3.81,3.78,30.45,10.0,30,29,53.0,86,-511,99,23,0,667,533,0,1,-1,0,0,-1,-1,-1,-1,-1,-1,0,1,
2026-03-25,18:19:35.620,7.51,100,100,100,-0.139,72.98,54,0,8.07,-0.414,0.957,0.27,62,0,163.37,-24.25,10,0.00,3.77,3.79,3.79,3.80,3.80,3.78,3.81,3.78,30.45,10.0,30,29,52.6,147,-478,130,152,0,667,532,0,1,-1,0,0,-1,-1,-1,-1,-1,-1,0,1,
2026-03-25,18:19:35.880,7.52,100,100,100,-0.143,73.01,54,0,8.07,-0.429,0.953,0.17,63,0,162.10,-24.34,10,0.00,3.77,3.79,3.78,3.78,3.80,3.78,3.81,3.78,30.45,9.9,30,29,52.0,187,-471,134,186,0,667,532,0,1,-1,0,0,-1,-1,-1,-1,-1,-1,0,1,
2026-03-25,18:19:36.150,7.52,100,100,100,-0.140,73.08,54,0,8.05,-0.424,0.937,0.21,65,0,164.44,-25.08,10,0.00,3.77,3.79,3.78,3.78,3.79,3.77,3.81,3.78,30.45,9.9,30,29,51.7,298,-436,140,287,0,666,532,0,1,-1,0,0,-1,-1,-1,-1,-1,-1,0,1,
2026-03-25,18:19:36.410,7.52,100,100,100,-0.131,73.30,54,0,8.06,-0.425,0.896,0.45,66,0,166.59,-25.51,10,0.00,3.77,3.79,3.78,3.78,3.79,3.77,3.80,3.78,30.41,10.3,30,29,51.7,309,-518,137,247,0,667,532,0,1,-1,0,0,-1,-1,-1,-1,-1,-1,0,1,
2026-03-25,18:19:36.690,7.51,100,100,100,-0.133,73.63,55,0,8.05,-0.425,0.902,0.88,65,0,166.59,-25.51,10,0.00,3.76,3.79,3.78,3.78,3.79,3.77,3.80,3.78,30.41,10.3,30,29,51.7,392,-481,184,293,0,667,532,0,1,-1,0,0,-1,-1,-1,-1,-1,-1,0,1,
2026-03-25,18:19:36.950,7.51,99,100,100,-0.135,74.27,56,0,8.04,-0.459,0.927,1.11,64,0,162.94,-25.08,10,0.00,3.76,3.79,3.78,3.78,3.79,3.77,3.80,3.78,30.36,10.4,30,29,51.7,388,-495,194,201,0,667,532,0,1,-1,0,0,-1,-1,-1,-1,-1,-1,0,1,
2026-03-25,18:19:37.220,7.51,99,100,100,-0.149,74.48,55,0,8.06,-0.467,0.944,0.90,63,0,162.11,-25.19,10,0.00,3.76,3.79,3.77,3.77,3.79,3.77,3.80,3.78,30.36,10.4,30,29,50.9,380,-494,194,242,0,667,533,0,1,-1,0,0,-1,-1,-1,-1,-1,-1,0,1,
2026-03-25,18:19:37.490,7.51,99,100,100,-0.147,74.48,54,0,8.06,-0.475,0.961,0.85,56,0,162.46,-26.65,10,0.00,3.76,3.79,3.77,3.77,3.78,3.76,3.80,3.78,30.33,10.9,30,29,50.6,386,-617,196,369,0,667,533,0,1,-1,0,0,-1,-1,-1,-1,-1,-1,0,1,
2026-03-25,18:19:37.760,7.51,100,100,100,-0.165,74.89,54,0,8.07,-0.491,0.983,0.66,63,0,165.21,-29.25,10,0.00,3.76,3.79,3.77,3.77,3.78,3.76,3.78,3.77,30.33,10.9,30,29,49.4,393,-537,198,382,0,667,533,0,1,-1,0,0,-1,-1,-1,-1,-1,-1,0,1,
2026-03-25,18:19:38.030,7.51,100,100,100,-0.141,75.24,53,0,8.07,-0.500,0.970,0.90,69,0,166.31,-31.41,10,0.00,3.75,3.78,3.77,3.77,3.78,3.76,3.78,3.77,30.29,11.1,30,29,47.8,455,-383,201,434,0,667,533,0,1,-1,0,0,-1,-1,-1,-1,-1,-1,0,1,
2026-03-25,18:19:38.290,7.51,100,100,100,-0.118,75.76,53,0,8.07,-0.471,0.843,1.46,71,0,166.87,-31.52,10,0.00,3.75,3.78,3.76,3.76,3.78,3.76,3.78,3.77,30.26,11.2,30,29,46.3,494,-354,202,455,0,667,533,0,1,-1,0,0,-1,-1,-1,-1,-1,-1,0,1,
2026-03-25,18:19:38.560,7.52,100,100,100,-0.113,76.24,53,0,8.05,-0.434,0.757,1.61,71,0,165.77,-29.42,10,0.00,3.75,3.78,3.76,3.76,3.77,3.75,3.78,3.77,30.26,11.2,30,29,46.5,522,-311,201,535,0,667,532,0,1,-1,0,0,-1,-1,-1,-1,-1,-1,0,1,
2026-03-25,18:19:38.830,7.52,99,100,100,-0.110,76.97,52,0,8.06,-0.423,0.739,2.04,71,0,161.95,-25.20,10,0.00,3.75,3.78,3.76,3.76,3.77,3.75,3.78,3.76,30.24,11.0,30,29,47.0,566,-334,183,557,0,667,532,0,1,-1,0,0,-1,-1,-1,-1,-1,-1,0,1,
2026-03-25,18:19:39.090,7.52,99,100,100,-0.123,77.60,52,0,8.07,-0.404,0.725,2.24,70,0,161.91,-22.68,10,0.00,3.74,3.77,3.76,3.76,3.77,3.75,3.78,3.76,30.24,11.0,30,29,47.0,670,-328,183,640,0,667,533,0,1,-1,0,0,-1,-1,-1,-1,-1,-1,0,1,
2026-03-25,18:19:39.350,7.52,98,100,100,-0.124,78.09,51,0,8.07,-0.414,0.738,1.96,67,0,163.96,-22.18,10,0.00,3.74,3.77,3.76,3.76,3.77,3.75,3.78,3.76,30.22,11.0,30,29,47.0,681,-386,186,730,0,667,532,0,1,-1,0,0,-1,-1,-1,-1,-1,-1,0,1,
2026-03-25,18:19:39.610,7.51,99,100,100,-0.118,78.62,52,0,8.07,-0.422,0.767,1.56,66,0,170.14,-21.79,10,0.00,3.74,3.77,3.76,3.76,3.77,3.75,3.78,3.76,30.22,11.0,30,29,47.8,682,-386,187,716,0,667,532,0,1,-1,0,0,-1,-1,-1,-1,-1,-1,0,1,
2026-03-25,18:19:39.870,7.51,99,100,100,-0.110,78.79,54,0,8.07,-0.423,0.783,0.73,64,0,173.16,-21.63,10,0.00,3.74,3.77,3.76,3.76,3.77,3.75,3.78,3.76,30.21,11.0,30,29,47.8,619,-426,183,648,0,667,532,0,1,-1,0,0,-1,-1,-1,-1,-1,-1,0,1,
2026-03-25,18:19:40.130,7.51,99,100,100,-0.098,78.97,54,0,8.07,-0.412,0.779,0.62,64,0,176.19,-20.38,10,0.00,3.74,3.77,3.76,3.76,3.77,3.75,3.77,3.76,30.21,11.0,30,29,48.5,490,-457,175,617,0,667,533,0,1,-1,0,0,-1,-1,-1,-1,-1,-1,0,1,
2026-03-25,18:19:40.400,7.52,98,100,100,-0.116,79.07,54,0,8.04,-0.418,0.838,0.56,63,0,176.38,-19.54,10,0.00,3.74,3.77,3.76,3.76,3.77,3.75,3.77,3.76,30.20,10.8,30,29,49.8,619,-493,176,620,0,667,533,0,1,-1,0,0,-1,-1,-1,-1,-1,-1,0,1,
2026-03-25,18:19:40.670,7.52,95,100,100,-0.124,79.02,54,0,8.05,-0.422,0.878,0.10,64,0,176.38,-19.42,10,0.00,3.74,3.77,3.76,3.76,3.77,3.75,3.77,3.76,30.20,10.8,30,29,50.9,679,-344,178,735,0,667,533,0,1,-1,0,0,-1,-1,-1,-1,-1,-1,0,1,
2026-03-25,18:19:40.930,7.52,95,100,100,-0.114,78.78,52,0,8.06,-0.406,0.840,-0.41,64,0,-123.87,-21.31,10,0.00,3.74,3.77,3.76,3.76,3.77,3.75,3.77,3.76,30.19,10.7,30,29,52.6,673,-400,178,655,0,666,532,0,1,-1,0,0,-1,-1,-1,-1,-1,-1,0,1,
2026-03-25,18:19:41.190,7.52,96,100,100,-0.110,78.66,51,0,8.07,-0.380,0.818,-0.41,64,0,-175.48,-21.18,10,0.00,3.74,3.77,3.76,3.76,3.77,3.75,3.77,3.76,30.19,10.7,30,29,52.6,495,-458,176,552,0,667,533,0,1,-1,0,0,-1,-1,-1,-1,-1,-1,0,1,
2026-03-25,18:19:41.450,7.51,98,100,100,-0.120,78.59,51,0,8.07,-0.396,0.895,-0.35,63,0,-171.40,-21.38,10,0.00,3.74,3.77,3.76,3.76,3.77,3.75,3.77,3.76,30.18,10.9,30,29,54.1,571,-500,176,524,0,667,533,0,1,-1,0,0,-1,-1,-1,-1,-1,-1,0,1,
2026-03-25,18:19:41.720,7.52,98,100,100,-0.130,78.42,51,0,8.07,-0.410,0.971,-0.44,63,0,-170.36,-21.82,10,0.00,3.74,3.77,3.76,3.76,3.77,3.75,3.77,3.76,30.18,10.9,30,29,55.4,540,-569,175,413,0,667,533,0,1,-1,0,0,-1,-1,-1,-1,-1,-1,0,1,
2026-03-25,18:19:41.990,7.52,98,100,100,-0.143,78.18,52,0,8.02,-0.416,1.040,-0.68,63,0,-168.24,-23.06,10,0.00,3.74,3.77,3.76,3.76,3.77,3.75,3.77,3.76,30.17,10.9,30,29,56.9,189,-570,171,131,0,667,533,0,1,-1,0,0,-1,-1,-1,-1,-1,-1,0,1,
2026-03-25,18:19:42.250,7.52,99,100,100,-0.164,77.80,52,0,8.03,-0.460,1.163,-1.01,63,0,-162.13,-26.02,10,0.00,3.74,3.77,3.76,3.76,3.77,3.75,3.77,3.76,30.17,11.0,30,29,57.8,209,-650,170,104,0,666,533,0,1,-1,0,0,-1,-1,-1,-1,-1,-1,0,1,
2026-03-25,18:19:42.520,7.52,100,100,100,-0.165,77.00,51,0,8.04,-0.472,1.208,-1.36,63,0,-159.69,-27.72,10,0.00,3.74,3.77,3.76,3.76,3.77,3.75,3.77,3.76,30.17,11.0,30,29,56.9,236,-460,115,-116,0,667,533,0,1,-1,0,0,-1,-1,-1,-1,-1,-1,0,1,
2026-03-25,18:19:42.790,7.51,100,100,100,-0.139,76.77,51,0,8.05,-0.409,1.083,-1.09,61,0,-160.07,-28.69,10,0.00,3.74,3.77,3.76,3.76,3.77,3.75,3.77,3.76,30.18,10.7,30,29,57.8,167,-461,101,-211,0,667,532,0,1,-1,0,0,-1,-1,-1,-1,-1,-1,0,1,
2026-03-25,18:19:43.060,7.52,100,100,100,-0.146,76.79,51,0,8.06,-0.362,0.996,-0.44,59,0,-162.72,-27.43,10,0.00,3.74,3.77,3.76,3.76,3.77,3.75,3.77,3.76,30.18,10.7,30,29,57.8,157,-469,99,-294,0,667,533,0,1,-1,0,0,-1,-1,-1,-1,-1,-1,0,1,
2026-03-25,18:19:43.320,7.51,100,100,100,-0.151,76.85,52,0,8.07,-0.359,1.000,0.03,57,0,-168.19,-25.23,10,0.00,3.74,3.77,3.76,3.76,3.77,3.75,3.77,3.76,30.20,10.3,30,29,58.9,229,-477,99,-172,0,667,533,0,1,-1,0,0,-1,-1,-1,-1,-1,-1,0,1,
2026-03-25,18:19:43.590,7.51,100,100,100,-0.156,76.91,52,0,8.07,-0.360,1.019,0.11,56,0,-169.21,-24.94,10,0.00,3.74,3.77,3.76,3.76,3.77,3.75,3.78,3.76,30.20,10.3,30,29,58.9,223,-509,0,-229,0,667,533,0,1,-1,0,0,-1,-1,-1,-1,-1,-1,0,1,
2026-03-25,18:19:43.860,7.52,100,100,100,-0.151,76.96,52,0,8.07,-0.325,1.014,0.19,55,0,-168.21,-25.38,10,0.00,3.74,3.77,3.76,3.76,3.77,3.75,3.78,3.76,30.24,9.9,30,29,58.9,155,-525,-25,-356,0,667,533,0,1,-1,0,0,-1,-1,-1,-1,-1,-1,0,1,
2026-03-25,18:19:44.120,7.52,100,100,100,-0.141,77.12,52,0,8.04,-0.307,1.020,0.34,53,0,-168.67,-25.89,10,0.00,3.75,3.78,3.76,3.76,3.77,3.75,3.78,3.76,30.24,9.9,30,29,58.5,0,-472,-34,-500,0,667,533,0,1,-1,0,0,-1,-1,-1,-1,-1,-1,0,1,
2026-03-25,18:19:44.380,7.51,99,100,100,-0.124,77.21,52,0,8.06,-0.283,0.951,0.40,53,0,-171.05,-25.36,10,0.00,3.75,3.78,3.77,3.77,3.77,3.75,3.78,3.76,30.27,8.6,30,29,58.2,-112,-454,-35,-546,0,667,533,0,1,-1,0,0,-1,-1,-1,-1,-1,-1,0,1,
2026-03-25,18:19:44.640,7.52,99,100,100,-0.126,77.25,52,0,8.06,-0.271,0.912,0.22,55,0,-178.03,-22.50,10,0.00,3.75,3.78,3.77,3.77,3.78,3.77,3.78,3.76,30.27,8.6,30,29,57.8,-154,-463,-42,-559,0,667,533,0,1,-1,0,0,-1,-1,-1,-1,-1,-1,0,1,
2026-03-25,18:19:44.900,7.52,97,100,100,-0.130,77.24,52,0,8.07,-0.254,0.909,0.08,54,0,175.85,-20.23,10,0.00,3.75,3.78,3.77,3.77,3.78,3.77,3.80,3.78,30.30,8.5,30,29,58.2,-73,-571,-43,-408,0,667,533,0,1,-1,0,0,-1,-1,-1,-1,-1,-1,0,1,
2026-03-25,18:19:45.160,7.52,98,100,100,-0.140,77.24,52,0,8.07,-0.275,0.958,-0.01,55,0,173.74,-20.04,10,0.00,3.77,3.79,3.77,3.77,3.78,3.77,3.80,3.78,30.30,8.5,30,29,58.5,-25,-503,-43,-379,0,667,533,0,1,-1,0,0,-1,-1,-1,-1,-1,-1,0,1,
2026-03-25,18:19:45.420,7.51,97,100,100,-0.151,76.84,52,0,8.07,-0.314,1.015,-0.60,57,0,172.04,-21.92,10,0.00,3.77,3.79,3.78,3.78,3.78,3.77,3.80,3.78,30.32,8.3,30,29,58.5,-28,-519,-41,-402,0,667,533,0,1,-1,0,0,-1,-1,-1,-1,-1,-1,0,1,
2026-03-25,18:19:45.690,7.51,97,100,100,-0.143,76.51,52,0,8.07,-0.303,1.001,-1.00,58,0,171.36,-21.88,10,0.00,3.77,3.79,3.78,3.78,3.79,3.78,3.80,3.78,30.32,8.3,30,29,58.2,-46,-560,-41,-396,0,667,533,0,1,-1,0,0,-1,-1,-1,-1,-1,-1,0,1,
2026-03-25,18:19:45.960,7.51,97,100,100,-0.147,76.34,52,0,8.07,-0.300,0.997,-0.80,60,0,168.29,-21.01,10,0.00,3.77,3.79,3.78,3.78,3.79,3.78,3.80,3.78,30.34,8.6,30,29,58.5,-66,-549,-42,-384,0,667,533,0,1,-1,0,0,-1,-1,-1,-1,-1,-1,0,1,
2026-03-25,18:19:46.220,7.52,97,100,100,-0.150,76.34,52,0,8.07,-0.312,1.020,-0.70,60,0,165.43,-21.39,10,0.00,3.77,3.79,3.78,3.78,3.79,3.78,3.80,3.79,30.34,8.6,30,29,58.5,-62,-457,-42,-363,0,667,533,0,1,-1,0,0,-1,-1,-1,-1,-1,-1,0,1,
2026-03-25,18:19:46.490,7.52,99,100,100,-0.144,76.01,54,0,8.07,-0.309,0.976,-0.57,54,0,164.99,-21.39,10,0.00,3.77,3.80,3.78,3.78,3.79,3.78,3.80,3.79,30.36,8.6,30,29,58.2,0,-518,-41,-38,0,667,533,0,1,-1,0,0,-1,-1,-1,-1,-1,-1,0,1,
2026-03-25,18:19:46.760,7.52,99,100,100,-0.135,75.92,55,0,8.07,-0.297,0.952,-0.45,50,0,166.02,-20.92,10,0.00,3.77,3.80,3.78,3.79,3.79,3.78,3.80,3.79,30.38,8.4,30,29,58.2,-56,-299,-55,-266,0,667,533,0,1,-1,0,0,-1,-1,-1,-1,-1,-1,0,1,
2026-03-25,18:19:47.020,7.51,100,100,100,-0.126,75.78,56,0,8.07,-0.242,0.899,-0.39,51,0,165.94,-20.45,10,0.00,3.77,3.80,3.78,3.79,3.80,3.78,3.80,3.79,30.38,8.4,30,29,56.9,-85,-324,-63,-304,0,667,533,0,1,-1,0,0,-1,-1,-1,-1,-1,-1,0,1,
2026-03-25,18:19:47.290,7.51,100,100,100,-0.118,75.67,57,0,8.07,-0.229,0.799,-0.46,54,0,161.86,-15.96,10,0.00,3.77,3.80,3.78,3.79,3.80,3.78,3.81,3.79,30.39,8.1,30,29,57.2,-105,-513,-62,-106,0,667,533,0,1,-1,0,0,-1,-1,-1,-1,-1,-1,0,1,
2026-03-25,18:19:47.550,7.52,100,100,100,-0.143,75.66,58,0,8.07,-0.270,0.953,-0.17,56,0,157.16,-14.59,10,0.00,3.78,3.80,3.78,3.79,3.80,3.78,3.81,3.79,30.39,8.1,30,29,58.2,-59,-552,-61,4,0,667,533,0,1,-1,0,0,-1,-1,-1,-1,-1,-1,0,1,
2026-03-25,18:19:47.810,7.52,100,100,100,-0.155,75.57,59,0,8.07,-0.309,1.020,-0.23,59,0,158.94,-16.71,10,0.00,3.78,3.80,3.79,3.79,3.80,3.78,3.81,3.79,30.40,8.2,30,29,58.2,-39,-557,-62,63,0,667,533,0,1,-1,0,0,-1,-1,-1,-1,-1,-1,0,1,
2026-03-25,18:19:48.070,7.52,100,100,100,-0.144,74.94,59,0,8.07,-0.324,1.016,-0.56,57,0,163.22,-19.72,10,0.00,3.78,3.80,3.79,3.79,3.80,3.78,3.81,3.79,30.40,8.2,30,29,56.9,-41,-397,-61,0,0,667,533,0,1,-1,0,0,-1,-1,-1,-1,-1,-1,0,1,
2026-03-25,18:19:48.330,7.52,100,100,100,-0.120,74.70,58,0,8.07,-0.294,0.924,-0.94,59,0,162.97,-18.50,10,0.00,3.78,3.80,3.79,3.79,3.80,3.78,3.81,3.79,30.41,8.2,30,29,56.1,0,-439,-56,226,0,666,533,0,1,-1,0,0,-1,-1,-1,-1,-1,-1,0,1,
2026-03-25,18:19:48.590,7.52,98,100,100,-0.109,74.58,58,0,8.07,-0.253,0.831,-0.69,60,0,159.77,-14.34,10,0.00,3.78,3.80,3.79,3.79,3.80,3.78,3.81,3.79,30.41,8.2,30,29,55.7,46,-382,-23,310,0,667,533,0,1,-1,0,0,-1,-1,-1,-1,-1,-1,0,1,
2026-03-25,18:19:48.860,7.52,98,100,100,-0.115,74.51,57,0,8.07,-0.281,0.849,-0.34,61,0,158.59,-13.23,10,0.00,3.78,3.80,3.79,3.79,3.80,3.78,3.81,3.79,30.42,8.6,30,29,56.5,51,-432,-22,302,0,667,533,0,1,-1,0,0,-1,-1,-1,-1,-1,-1,0,1,
2026-03-25,18:19:49.120,7.52,96,100,100,-0.116,74.27,56,0,8.07,-0.289,0.913,-0.61,61,0,160.56,-12.99,10,0.00,3.78,3.80,3.79,3.79,3.80,3.78,3.81,3.79,30.42,8.6,30,29,57.8,54,-453,-22,322,0,667,533,0,1,-1,0,0,-1,-1,-1,-1,-1,-1,0,1,
2026-03-25,18:19:49.380,7.51,95,100,100,-0.136,74.06,55,0,8.07,-0.300,0.960,-0.70,62,0,164.21,-14.16,10,0.00,3.78,3.80,3.79,3.79,3.80,3.78,3.81,3.79,30.42,8.9,30,29,58.5,61,-511,-25,314,0,667,533,0,1,-1,0,0,-1,-1,-1,-1,-1,-1,0,1,
2026-03-25,18:19:49.650,7.52,95,100,100,-0.129,74.06,54,0,8.07,-0.293,0.969,-0.87,63,0,166.07,-15.13,10,0.00,3.78,3.80,3.79,3.79,3.80,3.78,3.81,3.79,30.42,8.9,30,29,58.5,70,-462,-28,381,0,667,533,0,1,-1,0,0,-1,-1,-1,-1,-1,-1,0,1,
2026-03-25,18:19:49.910,7.51,93,100,100,-0.131,73.42,52,0,8.07,-0.305,0.994,-1.06,66,0,169.05,-16.77,10,0.00,3.77,3.80,3.79,3.79,3.80,3.78,3.81,3.79,30.42,8.7,30,29,58.5,64,-487,-31,384,0,667,532,0,1,-1,0,0,-1,-1,-1,-1,-1,-1,0,1,
2026-03-25,18:19:50.180,7.51,95,100,100,-0.122,73.05,52,0,8.07,-0.291,0.963,-1.19,66,0,169.63,-16.77,10,0.00,3.77,3.80,3.79,3.79,3.80,3.78,3.81,3.79,30.42,8.7,30,29,58.5,41,-527,-35,337,0,667,533,0,1,-1,0,0,-1,-1,-1,-1,-1,-1,0,1,
2026-03-25,18:19:50.450,7.52,95,100,100,-0.132,72.76,51,0,8.07,-0.308,1.025,-1.12,67,0,169.11,-17.08,10,0.00,3.77,3.80,3.79,3.79,3.80,3.78,3.81,3.79,30.42,8.5,30,29,58.9,30,-559,-36,371,0,667,533,0,1,-1,0,0,-1,-1,-1,-1,-1,-1,0,1,
2026-03-25,18:19:50.710,7.52,95,100,100,-0.144,72.50,51,0,8.07,-0.317,1.005,-1.12,65,0,169.36,-18.54,10,0.00,3.77,3.80,3.79,3.79,3.80,3.78,3.81,3.79,30.42,8.5,30,29,59.3,78,-592,-35,384,0,667,533,0,1,-1,0,0,-1,-1,-1,-1,-1,-1,0,1,
2026-03-25,18:19:50.970,7.52,94,100,100,-0.146,72.29,50,0,8.07,-0.332,1.061,-0.80,64,0,170.38,-19.86,10,0.00,3.77,3.80,3.79,3.79,3.80,3.78,3.81,3.79,30.42,8.5,30,29,58.5,62,-552,-37,384,0,667,533,0,1,-1,0,0,-1,-1,-1,-1,-1,-1,0,1,
2026-03-25,18:19:51.240,7.52,93,100,100,-0.143,71.76,50,0,8.07,-0.337,1.036,-0.92,61,0,172.12,-22.52,10,0.00,3.78,3.80,3.79,3.79,3.80,3.78,3.81,3.79,30.42,8.5,30,29,57.2,29,-528,-36,207,0,667,533,0,1,-1,0,0,-1,-1,-1,-1,-1,-1,0,1,
2026-03-25,18:19:51.500,7.51,95,100,100,-0.134,71.63,51,0,8.07,-0.333,1.025,-0.67,59,0,171.94,-22.91,10,0.00,3.78,3.80,3.79,3.79,3.80,3.78,3.81,3.79,30.43,8.5,30,29,56.9,0,-565,-35,221,0,666,532,0,1,-1,0,0,-1,-1,-1,-1,-1,-1,0,1,
2026-03-25,18:19:51.770,7.51,95,100,100,-0.130,71.62,52,0,8.07,-0.330,0.997,-0.29,57,0,169.04,-22.32,10,0.00,3.78,3.80,3.79,3.79,3.80,3.78,3.81,3.79,30.43,8.6,30,29,56.1,0,-569,-35,298,0,667,532,0,1,-1,0,0,-1,-1,-1,-1,-1,-1,0,1,
2026-03-25,18:19:52.030,7.51,96,100,100,-0.138,71.59,52,0,8.09,-0.341,1.002,-0.18,55,0,167.99,-22.49,10,0.00,3.78,3.80,3.79,3.79,3.80,3.78,3.81,3.79,30.42,8.6,30,29,56.1,0,-414,-34,265,0,667,532,0,1,-1,0,0,-1,-1,-1,-1,-1,-1,0,1,
2026-03-25,18:19:52.300,7.51,97,100,100,-0.122,71.66,54,0,8.12,-0.320,0.903,0.06,54,0,167.94,-22.28,10,0.00,3.78,3.80,3.79,3.79,3.80,3.78,3.81,3.79,30.42,8.7,30,29,55.0,0,-23,-30,151,0,667,533,0,1,-1,0,0,-1,-1,-1,-1,-1,-1,0,1,
2026-03-25,18:19:52.570,7.51,99,100,100,-0.087,71.82,55,0,8.10,-0.218,0.627,0.27,53,0,169.42,-16.53,10,0.00,3.78,3.80,3.79,3.79,3.80,3.78,3.81,3.79,30.42,8.7,30,29,54.3,0,11,0,0,0,667,533,0,1,-1,0,0,-1,-1,-1,-1,-1,-1,0,1,
2026-03-25,18:19:52.830,7.52,99,100,100,-0.080,72.21,56,0,8.11,-0.199,0.571,0.93,52,0,169.30,-12.09,10,0.00,3.78,3.80,3.78,3.79,3.80,3.78,3.81,3.79,30.42,8.9,30,29,54.3,0,0,25,0,0,667,533,0,1,-1,0,0,-1,-1,-1,-1,-1,-1,0,1,
2026-03-25,18:19:53.100,7.51,99,100,100,-0.093,72.29,56,0,8.08,-0.202,0.587,0.73,51,0,166.26,-4.94,10,0.00,3.78,3.80,3.78,3.79,3.80,3.78,3.81,3.79,30.42,8.9,30,29,56.1,0,-112,22,0,0,667,533,0,1,-1,0,0,-1,-1,-1,-1,-1,-1,0,1,
2026-03-25,18:19:53.370,7.52,100,100,100,-0.113,72.09,56,0,8.08,-0.217,0.719,-0.11,48,0,164.37,-1.10,10,0.00,3.78,3.80,3.78,3.79,3.80,3.78,3.80,3.79,30.41,9.5,30,29,58.5,0,-180,94,279,0,667,533,0,1,-1,0,0,-1,-1,-1,-1,-1,-1,0,1,
2026-03-25,18:19:53.630,7.52,100,100,100,-0.129,71.00,56,0,8.07,-0.262,0.780,-0.84,48,0,166.09,-0.77,10,0.00,3.77,3.79,3.78,3.79,3.80,3.78,3.80,3.79,30.41,9.5,30,29,60.9,0,-203,115,245,0,667,533,0,1,-1,0,0,-1,-1,-1,-1,-1,-1,0,1,
2026-03-25,18:19:53.890,7.52,100,100,100,-0.113,71.00,56,0,8.07,-0.263,0.814,-2.46,50,0,171.59,-0.08,10,0.00,3.77,3.79,3.78,3.78,3.80,3.78,3.80,3.79,30.39,9.5,30,29,63.3,0,-216,99,180,0,667,530,0,1,-1,0,0,-1,-1,-1,-1,-1,-1,0,1,
2026-03-25,18:19:54.150,7.51,100,100,100,-0.118,69.16,55,0,8.07,-0.260,0.840,-3.05,53,0,173.21,0.31,10,0.00,3.77,3.79,3.78,3.78,3.79,3.77,3.80,3.79,30.39,9.5,30,29,66.1,0,-216,98,153,0,667,128,0,1,-1,0,0,-1,-1,-1,-1,-1,-1,0,1,
2026-03-25,18:19:54.420,7.52,100,100,100,-0.108,68.13,56,0,8.07,-0.232,0.880,-3.31,55,0,172.69,1.50,10,0.00,3.77,3.79,3.78,3.78,3.79,3.77,3.79,3.78,30.37,10.4,30,29,69.6,0,-242,98,42,0,667,0,0,1,-1,0,0,-1,-1,-1,-1,-1,-1,0,1,
2026-03-25,18:19:54.680,7.52,100,100,100,-0.125,66.93,55,0,8.07,-0.231,0.973,-3.79,55,0,171.21,0.86,10,0.00,3.76,3.79,3.78,3.78,3.79,3.77,3.79,3.78,30.37,10.4,30,29,69.6,0,-326,97,0,0,667,0,0,1,-1,0,0,-1,-1,-1,-1,-1,-1,0,1,
2026-03-25,18:19:54.950,7.52,100,100,100,-0.155,65.70,54,0,8.07,-0.254,1.077,-4.09,56,0,169.12,-2.11,10,0.00,3.76,3.79,3.78,3.78,3.79,3.77,3.79,3.78,30.36,10.4,30,29,72.2,0,-359,97,0,0,667,0,0,1,-1,0,0,-1,-1,-1,-1,-1,-1,0,1,
2026-03-25,18:19:55.210,7.51,100,100,100,-0.177,64.39,53,0,8.07,-0.284,1.199,-4.37,56,0,170.72,-5.79,10,0.00,3.76,3.79,3.78,3.78,3.79,3.77,3.79,3.78,30.36,10.4,30,29,73.7,0,-444,98,0,0,667,0,0,1,-1,0,0,-1,-1,-1,-1,-1,-1,0,1,
2026-03-25,18:19:55.470,7.52,100,100,100,-0.171,63.22,52,0,8.07,-0.269,1.199,-4.25,56,0,170.72,-5.79,10,0.00,3.76,3.79,3.78,3.78,3.79,3.77,3.79,3.78,30.36,10.5,30,29,75.6,0,-460,98,0,0,667,0,0,1,-1,0,0,-1,-1,-1,-1,-1,-1,0,1,
2026-03-25,18:19:55.740,7.51,99,100,100,-0.195,62.08,51,0,8.07,-0.314,1.345,-4.05,53,0,175.18,-11.94,10,0.00,3.76,3.79,3.78,3.78,3.79,3.77,3.79,3.77,30.36,10.5,30,29,75.7,0,-407,97,0,0,667,0,0,0,-1,0,0,-1,-1,-1,-1,-1,-1,0,1,
2026-03-25,18:19:56.020,7.51,96,100,100,-0.161,60.94,48,0,8.10,-0.262,1.164,-4.01,48,0,175.03,-13.62,10,0.00,3.76,3.79,3.78,3.78,3.79,3.77,3.79,3.77,30.35,10.4,30,29,75.0,0,-205,98,0,0,666,0,0,0,-1,0,0,-1,-1,-1,-1,-1,-1,0,1,
2026-03-25,18:19:56.280,7.52,96,100,100,-0.141,60.23,46,0,8.08,-0.203,0.989,-3.28,46,0,174.81,-13.21,10,0.00,3.76,3.79,3.78,3.78,3.79,3.77,3.79,3.77,30.36,10.3,30,29,76.7,0,-257,98,0,0,667,0,0,0,-1,0,0,-1,-1,-1,-1,-1,-1,0,1,
2026-03-25,18:19:56.550,7.52,97,100,100,-0.135,59.78,46,0,8.07,-0.178,0.944,-0.96,42,0,176.62,-12.13,10,0.00,3.76,3.79,3.78,3.78,3.79,3.77,3.79,3.77,30.36,10.3,30,29,77.4,0,-297,97,0,0,667,0,0,-1,-1,0,0,-1,-1,-1,-1,-1,-1,0,1,
2026-03-25,18:19:56.820,7.51,100,100,100,-0.136,59.59,49,0,8.07,-0.193,1.013,-0.62,39,0,177.45,-12.79,10,0.00,3.76,3.79,3.78,3.78,3.79,3.77,3.80,3.78,30.35,10.3,30,29,77.4,0,-293,98,0,0,666,0,0,0,-1,0,0,-1,-1,-1,-1,-1,-1,0,1,
2026-03-25,18:19:57.080,7.52,98,100,100,-0.128,59.05,49,0,8.07,-0.206,1.010,-1.30,47,0,176.78,-12.82,10,0.00,3.76,3.79,3.78,3.78,3.79,3.77,3.80,3.78,30.35,10.3,30,29,77.4,0,-318,98,-299,0,667,0,0,0,-1,0,0,-1,-1,-1,-1,-1,-1,0,1,
2026-03-25,18:19:57.340,7.51,97,100,100,-0.158,58.65,47,0,8.07,-0.201,1.013,-1.40,51,0,175.29,-12.44,10,0.00,3.76,3.79,3.78,3.78,3.79,3.77,3.80,3.78,30.36,10.4,30,29,77.4,0,-440,97,-449,0,667,0,0,0,-1,0,0,-1,-1,-1,-1,-1,-1,0,1,
2026-03-25,18:19:57.610,7.51,92,100,100,-0.183,58.25,44,0,8.07,-0.229,1.162,-1.38,56,0,169.32,-13.05,10,0.00,3.76,3.79,3.78,3.78,3.79,3.77,3.80,3.78,30.36,10.4,30,29,77.2,-1,-428,96,-466,0,667,0,0,0,-1,0,0,-1,-1,-1,-1,-1,-1,0,1,
2026-03-25,18:19:57.870,7.52,82,100,100,-0.206,57.83,40,0,8.07,-0.246,1.197,-1.42,58,0,167.18,-15.63,10,0.00,3.76,3.79,3.78,3.78,3.79,3.77,3.80,3.78,30.35,10.4,30,29,77.6,-138,-469,99,-441,0,667,0,0,0,-1,0,0,-1,-1,-1,-1,-1,-1,0,1,
2026-03-25,18:19:58.140,7.51,82,100,100,-0.200,57.47,40,0,8.07,-0.236,1.151,-1.38,60,0,169.43,-16.77,10,0.00,3.76,3.79,3.78,3.78,3.79,3.77,3.80,3.78,30.35,10.4,30,29,77.4,-226,-476,97,-444,0,667,0,0,0,-1,0,0,-1,-1,-1,-1,-1,-1,0,1,
2026-03-25,18:19:58.400,7.51,87,100,100,-0.173,57.27,43,0,8.07,-0.247,1.213,-1.03,61,0,171.92,-19.04,10,0.00,3.76,3.79,3.78,3.78,3.79,3.77,3.80,3.78,30.35,10.4,30,29,77.4,-261,-388,95,-551,0,667,0,0,0,-1,0,0,-1,-1,-1,-1,-1,-1,0,1,
2026-03-25,18:19:58.660,7.51,97,100,100,-0.162,57.22,48,0,8.07,-0.257,1.172,-0.50,62,0,168.29,-19.45,10,0.00,3.76,3.79,3.78,3.78,3.79,3.77,3.80,3.78,30.35,10.4,30,29,75.0,-300,-279,96,-635,0,667,0,0,0,-1,0,0,-1,-1,-1,-1,-1,-1,0,1,
2026-03-25,18:19:58.920,7.51,99,100,100,-0.148,57.23,50,0,8.07,-0.199,0.961,-0.26,61,0,154.96,-15.67,10,0.00,3.76,3.79,3.78,3.78,3.79,3.77,3.80,3.78,30.35,10.4,30,29,74.6,-316,-307,100,-499,0,667,0,0,0,-1,0,0,-1,-1,-1,-1,-1,-1,0,1,
2026-03-25,18:19:59.180,7.51,99,100,100,-0.160,57.68,51,0,8.07,-0.213,0.962,0.75,59,0,148.63,-13.25,10,0.00,3.76,3.79,3.78,3.78,3.79,3.77,3.80,3.78,30.35,10.4,30,29,74.6,-302,-429,101,-342,0,667,0,0,0,-1,0,0,-1,-1,-1,-1,-1,-1,0,1,
2026-03-25,18:19:59.440,7.52,100,100,100,-0.179,58.17,51,0,8.07,-0.228,1.032,1.40,55,0,145.19,-12.05,10,0.00,3.76,3.79,3.78,3.78,3.79,3.77,3.79,3.78,30.34,10.6,30,29,73.5,-290,-464,100,-310,0,666,0,0,0,-1,0,0,-1,-1,-1,-1,-1,-1,0,1,
2026-03-25,18:19:59.700,7.51,99,100,100,-0.166,58.61,51,0,8.07,-0.274,1.095,0.78,52,0,147.13,-12.80,10,0.00,3.76,3.79,3.78,3.78,3.79,3.77,3.79,3.78,30.34,10.6,30,29,72.6,-293,-510,100,-335,0,667,0,0,0,-1,0,0,-1,-1,-1,-1,-1,-1,0,1,
2026-03-25,18:19:59.960,7.52,97,100,100,-0.156,58.74,49,0,8.07,-0.268,1.094,0.59,52,0,144.35,-12.10,10,0.00,3.76,3.79,3.78,3.77,3.79,3.77,3.79,3.78,30.33,10.6,30,29,70.7,-294,-539,101,-337,0,667,0,0,0,-1,0,0,-1,-1,-1,-1,-1,-1,0,1,
2026-03-25,18:20:00.220,7.52,89,100,100,-0.174,58.81,47,0,8.07,-0.292,1.151,0.35,54,0,133.51,-10.16,10,0.00,3.76,3.79,3.78,3.77,3.78,3.77,3.79,3.78,30.33,10.6,30,29,71.1,-297,-541,100,-344,0,666,0,0,0,-1,0,0,-1,-1,-1,-1,-1,-1,0,1,
2026-03-25,18:20:00.480,7.52,88,100,100,-0.175,59.01,45,0,8.07,-0.288,1.127,0.51,55,0,128.78,-9.14,10,0.00,3.76,3.79,3.78,3.77,3.78,3.77,3.79,3.77,30.32,10.7,30,29,71.1,-297,-508,99,-310,0,667,0,0,0,-1,0,0,-1,-1,-1,-1,-1,-1,0,1,
2026-03-25,18:20:00.740,7.51,90,100,100,-0.182,59.09,45,0,8.07,-0.274,1.104,0.46,54,0,124.37,-6.84,10,0.00,3.76,3.78,3.78,3.77,3.78,3.77,3.79,3.77,30.32,10.7,30,29,70.7,-238,-562,99,-67,0,667,0,0,0,-1,0,0,-1,-1,-1,-1,-1,-1,0,1,
2026-03-25,18:20:01.000,7.52,97,100,100,-0.190,59.11,44,0,8.05,-0.289,1.151,0.20,51,0,124.06,-5.57,10,0.00,3.76,3.78,3.77,3.77,3.78,3.77,3.79,3.77,30.31,10.6,30,29,70.7,-101,-569,102,0,0,667,0,0,0,-1,0,0,-1,-1,-1,-1,-1,-1,0,1,
2026-03-25,18:20:01.260,7.52,97,100,100,-0.184,59.11,44,0,8.04,-0.292,1.163,-0.18,46,0,125.57,-3.42,10,0.00,3.76,3.78,3.77,3.77,3.78,3.77,3.79,3.77,30.31,10.6,30,29,71.1,-80,-637,102,0,0,667,0,0,0,-1,0,0,-1,-1,-1,-1,-1,-1,0,1,
2026-03-25,18:20:01.520,7.52,93,100,100,-0.196,58.43,44,0,8.02,-0.312,1.249,-1.03,44,0,124.26,-1.54,10,0.00,3.76,3.78,3.77,3.77,3.78,3.77,3.79,3.77,30.30,10.6,30,29,71.7,0,-644,102,0,0,667,0,0,0,-1,0,0,-1,-1,-1,-1,-1,-1,0,1,
2026-03-25,18:20:01.790,7.52,91,100,100,-0.205,58.43,46,0,8.04,-0.325,1.328,-1.76,47,0,122.94,-1.13,10,0.00,3.76,3.78,3.77,3.77,3.78,3.77,3.79,3.77,30.30,10.6,30,29,72.4,0,-632,101,0,0,667,0,0,0,-1,0,0,-1,-1,-1,-1,-1,-1,0,1,
2026-03-25,18:20:02.050,7.52,92,100,100,-0.223,57.11,48,0,8.06,-0.318,1.332,-2.16,47,0,123.01,-1.36,10,0.00,3.76,3.79,3.77,3.77,3.78,3.77,3.79,3.77,30.30,10.6,30,29,73.2,0,-661,100,0,0,667,0,0,0,-1,0,0,-1,-1,-1,-1,-1,-1,0,1,
2026-03-25,18:20:02.320,7.52,97,100,100,-0.231,56.37,50,0,8.06,-0.330,1.392,-2.39,48,0,125.03,-2.16,10,0.00,3.76,3.79,3.77,3.77,3.78,3.77,3.79,3.77,30.30,10.6,30,29,74.6,0,-692,101,0,0,667,0,0,0,-1,0,0,-1,-1,-1,-1,-1,-1,0,1,
2026-03-25,18:20:02.600,7.51,100,100,100,-0.232,54.62,50,0,8.02,-0.348,1.451,-2.99,46,0,129.31,-4.22,10,0.00,3.76,3.79,3.77,3.77,3.78,3.77,3.79,3.77,30.30,10.6,30,29,75.0,-53,-723,103,-95,0,666,0,0,0,-1,0,0,-1,-1,-1,-1,-1,-1,0,1,
2026-03-25,18:20:02.860,7.51,99,99,99,-0.222,54.62,49,0,8.03,-0.361,1.485,-2.99,41,0,129.49,-6.06,10,0.00,3.76,3.79,3.77,3.77,3.78,3.77,3.79,3.77,30.29,10.7,30,29,75.6,-135,-694,102,-189,0,667,0,0,0,-1,0,0,-1,-1,-1,-1,-1,-1,0,1,
2026-03-25,18:20:03.130,7.51,87,97,97,-0.226,52.90,42,0,8.05,-0.357,1.465,-3.09,37,0,129.49,-6.06,10,0.00,3.76,3.78,3.77,3.77,3.78,3.77,3.79,3.77,30.29,10.7,30,29,75.9,-132,-710,101,-141,0,666,0,0,0,-1,0,0,-1,-1,-1,-1,-1,-1,0,1,
2026-03-25,18:20:03.390,7.52,78,97,97,-0.235,52.90,41,0,8.06,-0.351,1.479,-2.90,37,0,126.79,-7.54,10,0.00,3.76,3.78,3.77,3.77,3.78,3.77,3.79,3.77,30.29,10.5,30,29,75.9,-112,-707,102,-109,0,667,0,0,0,-1,0,0,-1,-1,-1,-1,-1,-1,0,1,
2026-03-25,18:20:03.650,7.51,73,96,96,-0.233,51.40,39,0,8.07,-0.359,1.467,-2.63,35,0,126.70,-8.09,10,0.00,3.76,3.78,3.77,3.77,3.78,3.77,3.79,3.77,30.29,10.5,30,29,75.9,-86,-663,100,-96,0,667,0,0,0,-1,0,0,-1,-1,-1,-1,-1,-1,0,1,
2026-03-25,18:20:03.920,7.51,83,96,96,-0.229,50.87,39,0,8.07,-0.357,1.435,-2.22,34,0,125.62,-8.80,10,0.00,3.76,3.78,3.77,3.77,3.78,3.77,3.79,3.77,30.29,10.6,30,29,74.6,-80,-583,98,-63,0,667,0,0,0,-1,0,0,-1,-1,-1,-1,-1,-1,0,1,
2026-03-25,18:20:04.200,7.52,91,96,96,-0.205,50.43,39,0,8.07,-0.320,1.395,-1.76,36,0,124.78,-8.28,10,0.00,3.76,3.78,3.77,3.77,3.78,3.77,3.79,3.77,30.29,10.6,30,29,74.3,-42,-568,98,-45,0,667,0,0,0,-1,0,0,-1,-1,-1,-1,-1,-1,0,1,
2026-03-25,18:20:04.460,7.51,94,96,96,-0.206,50.11,39,0,8.07,-0.306,1.299,-1.39,38,0,124.88,-7.91,10,0.00,3.76,3.78,3.77,3.77,3.78,3.77,3.79,3.77,30.29,10.6,30,29,74.3,0,-514,98,0,0,667,0,0,0,-1,0,0,-1,-1,-1,-1,-1,-1,0,1,
2026-03-25,18:20:04.730,7.52,92,96,96,-0.194,49.70,40,0,8.07,-0.280,1.204,-1.39,38,0,125.18,-7.75,10,0.00,3.76,3.78,3.77,3.77,3.78,3.77,3.79,3.77,30.29,10.6,30,29,74.3,0,-490,99,0,0,667,0,0,0,-1,0,0,-1,-1,-1,-1,-1,-1,0,1,
2026-03-25,18:20:04.990,7.52,86,96,96,-0.192,49.52,40,0,8.07,-0.291,1.206,-1.03,38,0,126.98,-7.72,10,0.00,3.76,3.78,3.77,3.77,3.78,3.77,3.79,3.77,30.29,10.6,30,29,73.7,0,-342,98,-6,0,667,0,0,0,-1,0,0,-1,-1,-1,-1,-1,-1,0,1,
2026-03-25,18:20:05.270,7.52,83,96,96,-0.175,49.30,40,0,8.07,-0.243,1.038,-0.45,37,0,128.76,-6.65,10,0.00,3.76,3.78,3.77,3.77,3.78,3.77,3.79,3.77,30.29,10.6,30,29,73.2,0,-210,98,-86,0,667,0,0,0,-1,0,0,-1,-1,-1,-1,-1,-1,0,1,
2026-03-25,18:20:05.530,7.52,87,94,94,-0.150,49.40,40,0,8.07,-0.191,0.903,-0.03,34,0,134.82,-4.79,10,0.00,3.75,3.78,3.77,3.77,3.78,3.77,3.79,3.77,30.28,10.5,30,29,73.2,0,-238,99,-19,0,667,0,0,0,-1,0,0,-1,-1,-1,-1,-1,-1,0,1,
2026-03-25,18:20:05.800,7.51,87,92,92,-0.148,49.46,40,0,8.07,-0.188,0.903,-0.03,33,0,138.58,-4.57,10,0.00,3.75,3.78,3.77,3.77,3.78,3.77,3.79,3.77,30.28,10.6,30,29,73.7,0,-211,100,-29,0,667,0,0,0,-1,0,0,-1,-1,-1,-1,-1,-1,0,1,
2026-03-25,18:20:06.060,7.51,85,91,91,-0.153,49.29,40,0,8.07,-0.187,0.906,-0.20,32,0,147.38,-5.33,10,0.00,3.75,3.78,3.77,3.77,3.78,3.77,3.79,3.77,30.28,10.6,30,29,73.7,0,-319,99,0,0,667,0,0,0,-1,0,0,-1,-1,-1,-1,-1,-1,0,1,
2026-03-25,18:20:06.320,7.51,81,87,87,-0.156,48.99,41,0,8.07,-0.207,0.906,-0.69,31,0,147.38,-5.33,10,0.00,3.75,3.78,3.77,3.77,3.78,3.76,3.79,3.77,30.28,10.6,30,29,73.7,0,-258,100,0,0,667,0,0,0,-1,0,0,-1,-1,-1,-1,-1,-1,0,1,
2026-03-25,18:20:06.590,7.51,89,89,87,-0.152,48.50,41,0,8.07,-0.202,0.992,-1.24,33,0,156.94,-7.38,10,0.00,3.75,3.78,3.77,3.77,3.78,3.76,3.79,3.77,30.28,10.6,30,29,75.9,0,-228,99,49,0,667,0,0,0,-1,0,0,-1,-1,-1,-1,-1,-1,0,1,
2026-03-25,18:20:06.850,7.51,94,94,88,-0.133,47.96,41,0,8.07,-0.176,0.914,-1.68,34,0,161.39,-7.86,10,0.00,3.75,3.78,3.77,3.77,3.78,3.76,3.79,3.77,30.28,10.3,30,29,75.9,0,-182,99,118,0,667,0,0,0,-1,0,0,-1,-1,-1,-1,-1,-1,0,1,
2026-03-25,18:20:07.120,7.51,97,97,90,-0.140,47.42,42,0,8.07,-0.171,0.903,-1.77,35,0,163.94,-7.95,10,0.00,3.75,3.78,3.77,3.77,3.78,3.76,3.79,3.77,30.28,10.3,30,29,77.6,0,-304,99,51,0,667,0,0,0,-1,0,0,-1,-1,-1,-1,-1,-1,0,1,
2026-03-25,18:20:07.380,7.51,97,97,90,-0.143,46.92,42,0,8.07,-0.177,0.995,-1.77,37,0,167.48,-8.93,10,0.00,3.75,3.78,3.77,3.77,3.78,3.76,3.79,3.77,30.29,10.4,30,29,78.7,0,-349,228,0,0,667,0,0,0,-1,0,0,-1,-1,-1,-1,-1,-1,0,1,
2026-03-25,18:20:07.640,7.51,98,98,91,-0.155,46.27,42,0,8.07,-0.258,1.104,-1.95,38,0,167.46,-10.19,10,0.00,3.75,3.78,3.77,3.77,3.78,3.76,3.79,3.77,30.29,10.4,30,29,79.6,0,-291,366,0,0,667,0,0,0,-1,0,0,-1,-1,-1,-1,-1,-1,0,1,
2026-03-25,18:20:07.910,7.51,98,98,91,-0.186,45.34,43,0,8.07,-0.361,1.162,-2.58,40,0,166.32,-12.05,10,0.00,3.74,3.77,3.77,3.77,3.78,3.76,3.79,3.77,30.18,13.5,30,29,79.6,0,-281,438,-58,0,667,0,0,0,-1,0,0,-1,-1,-1,-1,-1,-1,0,1,
2026-03-25,18:20:08.170,7.51,94,94,91,-0.203,44.09,43,0,8.07,-0.375,1.187,-3.68,39,0,168.99,-14.45,10,0.00,3.74,3.77,3.77,3.77,3.78,3.76,3.79,3.77,30.18,13.5,30,29,81.7,0,-273,439,-40,0,667,0,0,0,-1,0,0,-1,-1,-1,-1,-1,-1,0,1,
2026-03-25,18:20:08.430,7.51,91,91,91,-0.202,42.30,43,0,8.07,-0.375,1.216,-3.19,39,0,170.40,-15.95,10,0.00,3.74,3.77,3.75,3.75,3.78,3.76,3.79,3.77,30.09,18.8,30,29,83.5,0,-270,437,-75,0,667,0,0,0,-1,0,0,-1,-1,-1,-1,-1,-1,0,1,
2026-03-25,18:20:08.690,7.51,90,91,91,-0.190,41.73,43,0,8.07,-0.362,1.229,-2.51,40,0,171.75,-18.65,10,0.00,3.74,3.77,3.75,3.75,3.75,3.73,3.79,3.77,30.09,18.8,30,29,85.0,0,-219,435,-74,0,667,0,0,0,-1,0,0,-1,-1,-1,-1,-1,-1,0,1,
2026-03-25,18:20:08.950,7.51,93,93,91,-0.188,41.37,43,0,8.07,-0.353,1.202,-1.79,39,0,171.76,-19.92,10,0.00,3.74,3.77,3.75,3.75,3.75,3.73,3.74,3.72,30.02,19.3,30,29,86.5,0,-81,426,-1,0,666,0,0,0,-1,0,0,-1,-1,-1,-1,-1,-1,0,1,
2026-03-25,18:20:09.210,7.52,97,97,91,-0.158,41.20,45,0,8.07,-0.285,0.995,-1.11,42,0,173.36,-20.33,10,0.00,3.70,3.73,3.75,3.75,3.75,3.73,3.74,3.72,30.02,19.3,30,29,87.4,-4,-109,419,-151,0,667,0,0,0,-1,0,0,-1,-1,-1,-1,-1,-1,0,1,
2026-03-25,18:20:09.470,7.52,98,98,93,-0.154,41.16,46,0,8.07,-0.272,0.988,-0.50,44,0,173.20,-19.99,10,0.00,3.70,3.73,3.72,3.72,3.75,3.73,3.74,3.72,29.96,18.9,30,29,88.3,-29,-92,418,-186,0,667,0,0,0,-1,0,0,-1,-1,-1,-1,-1,-1,0,1,
2026-03-25,18:20:09.730,7.52,97,97,95,-0.169,41.31,49,0,8.07,-0.273,1.005,0.01,42,0,171.32,-19.69,10,0.00,3.70,3.73,3.72,3.72,3.73,3.71,3.74,3.72,29.96,18.9,30,29,88.3,-50,-99,412,-221,0,667,0,0,0,-1,0,0,-1,-1,-1,-1,-1,-1,0,1,
2026-03-25,18:20:09.990,7.51,96,96,96,-0.170,41.53,51,0,8.07,-0.263,1.001,0.55,42,0,169.33,-18.98,10,0.00,3.70,3.73,3.72,3.72,3.73,3.71,3.74,3.72,29.92,18.9,30,29,88.3,-48,-113,409,-220,0,667,0,0,0,-1,0,0,-1,-1,-1,-1,-1,-1,0,1,
2026-03-25,18:20:10.250,7.51,97,100,100,-0.187,41.70,52,0,8.07,-0.263,1.029,0.60,43,0,168.97,-19.00,10,0.00,3.70,3.73,3.72,3.72,3.73,3.71,3.73,3.71,29.92,18.9,30,29,89.3,-88,-170,403,-283,0,667,0,0,0,-1,0,0,-1,-1,-1,-1,-1,-1,0,1,
2026-03-25,18:20:10.510,7.51,99,100,100,-0.188,41.70,53,0,8.07,-0.276,1.116,0.72,43,0,167.43,-18.99,10,0.00,3.70,3.73,3.72,3.72,3.73,3.71,3.73,3.71,29.88,18.1,30,29,89.5,-136,-231,400,-437,0,667,0,0,0,-1,0,0,-1,-1,-1,-1,-1,-1,0,1,
2026-03-25,18:20:10.770,7.51,100,100,100,-0.186,42.25,54,0,8.07,-0.289,1.154,0.89,44,0,163.98,-19.59,10,0.00,3.70,3.73,3.72,3.72,3.73,3.71,3.73,3.71,29.86,18.0,30,29,89.1,-163,-276,399,-504,0,667,0,0,0,-1,0,0,-1,-1,-1,-1,-1,-1,0,1,
2026-03-25,18:20:11.030,7.52,99,100,100,-0.211,42.63,54,0,8.07,-0.298,1.191,1.12,45,0,153.99,-20.07,10,0.00,3.70,3.73,3.72,3.72,3.72,3.70,3.73,3.71,29.86,18.0,30,29,89.1,-180,-327,399,-416,0,667,0,0,0,-1,0,0,-1,-1,-1,-1,-1,-1,0,1,
2026-03-25,18:20:11.300,7.52,99,100,100,-0.233,43.07,54,0,8.07,-0.300,1.214,1.37,47,0,149.97,-20.55,10,0.00,3.70,3.73,3.72,3.72,3.72,3.70,3.73,3.71,29.83,17.9,30,29,88.3,-179,-393,400,-297,0,667,0,0,0,-1,0,0,-1,-1,-1,-1,-1,-1,0,1,
2026-03-25,18:20:11.570,7.52,99,100,100,-0.230,43.93,52,0,8.07,-0.340,1.332,1.51,51,0,146.66,-22.97,10,0.00,3.69,3.73,3.72,3.72,3.72,3.70,3.73,3.71,29.83,17.9,30,29,87.4,-182,-438,400,-283,0,667,0,0,0,-1,0,0,-1,-1,-1,-1,-1,-1,0,1,
2026-03-25,18:20:11.830,7.52,99,100,100,-0.232,44.44,52,0,8.07,-0.380,1.385,1.61,53,0,145.33,-24.11,10,0.00,3.69,3.73,3.71,3.72,3.72,3.70,3.73,3.71,29.81,18.9,30,29,87.4,-185,-458,399,-283,0,667,0,0,0,-1,0,0,-1,-1,-1,-1,-1,-1,0,1,
2026-03-25,18:20:12.090,7.51,98,100,100,-0.221,45.02,52,0,8.07,-0.395,1.441,1.81,58,0,138.19,-25.50,10,0.00,3.69,3.73,3.71,3.72,3.72,3.70,3.73,3.71,29.81,18.9,30,29,85.4,-190,-480,399,-276,0,667,0,0,0,-1,0,0,-1,-1,-1,-1,-1,-1,0,1,
2026-03-25,18:20:12.350,7.51,98,100,100,-0.233,45.77,53,0,8.07,-0.408,1.428,2.18,58,0,127.95,-25.76,10,0.00,3.69,3.73,3.71,3.72,3.72,3.70,3.73,3.71,29.79,17.6,30,29,84.3,-178,-502,400,-188,0,667,0,0,0,-1,0,0,-1,-1,-1,-1,-1,-1,0,1,
2026-03-25,18:20:12.610,7.52,98,100,100,-0.242,46.80,54,0,8.07,-0.422,1.434,3.05,60,0,124.67,-26.11,10,0.00,3.69,3.73,3.71,3.72,3.72,3.70,3.73,3.71,29.79,17.6,30,29,83.3,-160,-499,438,-103,0,666,0,0,0,-1,0,0,-1,-1,-1,-1,-1,-1,0,1,
2026-03-25,18:20:12.870,7.52,96,100,100,-0.233,47.94,53,0,8.07,-0.445,1.361,3.58,61,0,121.21,-26.10,10,0.00,3.69,3.72,3.71,3.72,3.72,3.70,3.73,3.71,29.74,18.1,30,29,80.9,-156,-496,460,-163,0,667,0,0,0,-1,0,0,-1,-1,-1,-1,-1,-1,0,1,
2026-03-25,18:20:13.140,7.51,95,100,100,-0.229,48.96,53,0,8.07,-0.465,1.354,3.68,61,0,118.83,-25.55,10,0.00,3.69,3.72,3.70,3.71,3.72,3.70,3.73,3.71,29.74,18.1,30,29,80.9,-165,-501,464,-228,0,667,0,0,0,-1,0,0,-1,-1,-1,-1,-1,-1,0,1,
2026-03-25,18:20:13.400,7.52,96,100,100,-0.233,49.94,55,0,8.07,-0.469,1.327,3.46,62,0,111.35,-23.41,10,0.00,3.69,3.72,3.70,3.71,3.70,3.69,3.73,3.71,29.70,20.6,30,29,78.0,-164,-533,484,-226,0,667,0,0,0,-1,0,0,-1,-1,-1,-1,-1,-1,0,1,
2026-03-25,18:20:13.660,7.51,99,100,100,-0.253,51.07,55,0,8.07,-0.486,1.333,3.67,62,0,105.68,-20.66,10,0.00,3.69,3.72,3.70,3.71,3.70,3.69,3.71,3.69,29.70,20.6,30,29,76.9,-161,-520,505,-141,0,667,0,0,0,-1,0,0,-1,-1,-1,-1,-1,-1,0,1,
2026-03-25,18:20:13.920,7.51,96,100,100,-0.257,52.31,54,0,8.07,-0.499,1.340,3.67,64,0,104.10,-19.08,10,0.00,3.66,3.70,3.70,3.71,3.70,3.69,3.71,3.69,29.64,22.0,30,29,76.7,-156,-493,515,0,0,667,0,0,0,-1,0,0,-1,-1,-1,-1,-1,-1,0,1,
2026-03-25,18:20:14.190,7.52,95,100,100,-0.229,53.45,55,0,8.07,-0.474,1.229,4.14,67,0,103.30,-15.15,10,0.00,3.66,3.70,3.68,3.69,3.70,3.69,3.71,3.69,29.64,22.0,30,29,76.7,-151,-500,518,0,0,667,0,0,0,-1,0,0,-1,-1,-1,-1,-1,-1,0,1,
2026-03-25,18:20:14.460,7.52,95,100,100,-0.208,55.08,57,0,8.07,-0.523,1.274,2.98,69,0,103.20,-12.91,10,0.00,3.66,3.70,3.68,3.69,3.70,3.69,3.71,3.69,29.58,23.5,30,29,75.4,-141,-503,527,-63,0,667,0,0,0,-1,0,0,-1,-1,-1,-1,-1,-1,0,1,
2026-03-25,18:20:14.720,7.52,97,100,100,-0.228,55.68,59,0,8.07,-0.503,1.278,2.48,71,0,100.73,-8.03,10,0.00,3.66,3.70,3.68,3.69,3.68,3.67,3.71,3.69,29.58,23.5,30,29,75.4,-136,-495,525,-73,0,667,0,0,0,-1,0,0,-1,-1,-1,-1,-1,-1,0,1,
2026-03-25,18:20:14.980,7.52,97,100,100,-0.241,56.21,58,0,8.07,-0.499,1.328,2.05,72,0,100.36,-3.25,10,0.00,3.66,3.70,3.68,3.69,3.68,3.67,3.69,3.67,29.53,24.1,30,29,76.3,-131,-481,525,-89,0,667,0,0,0,-1,0,0,-1,-1,-1,-1,-1,-1,0,1,
2026-03-25,18:20:15.250,7.52,96,100,100,-0.239,56.46,56,0,8.07,-0.491,1.313,1.42,70,0,100.49,-0.82,10,0.00,3.64,3.68,3.68,3.69,3.68,3.67,3.69,3.67,29.53,24.0,30,29,77.4,-130,-444,520,-160,0,667,0,0,0,-1,0,0,-1,-1,-1,-1,-1,-1,0,1,
2026-03-25,18:20:15.510,7.51,98,100,100,-0.238,56.65,55,0,8.07,-0.465,1.290,0.92,68,0,100.71,4.29,10,0.00,3.64,3.68,3.67,3.68,3.68,3.67,3.69,3.67,29.49,24.0,30,29,78.7,-130,-488,498,-162,0,667,0,0,0,-1,0,0,-1,-1,-1,-1,-1,-1,0,1,
2026-03-25,18:20:15.770,7.51,98,100,100,-0.243,56.75,54,0,8.07,-0.443,1.290,0.58,67,0,100.92,6.73,10,0.00,3.64,3.68,3.67,3.68,3.68,3.67,3.69,3.67,29.49,22.9,30,29,80.4,-131,-502,489,-154,0,667,0,0,0,-1,0,0,-1,-1,-1,-1,-1,-1,0,1,
2026-03-25,18:20:16.050,7.51,97,100,100,-0.257,56.55,53,0,8.07,-0.444,1.407,-0.08,62,0,102.39,11.07,10,0.00,3.64,3.68,3.67,3.68,3.68,3.67,3.68,3.67,29.47,22.9,30,29,82.0,-130,-510,399,-187,0,667,0,0,0,-1,0,0,-1,-1,-1,-1,-1,-1,0,1,
2026-03-25,18:20:16.320,7.52,97,100,100,-0.240,56.35,51,0,8.07,-0.366,1.430,-0.47,57,0,105.89,14.76,10,0.00,3.64,3.68,3.67,3.68,3.68,3.67,3.68,3.67,29.54,19.7,30,29,82.0,-143,-505,283,-206,0,667,0,0,0,-1,0,0,-1,-1,-1,-1,-1,-1,0,1,
2026-03-25,18:20:16.580,7.51,99,100,100,-0.228,55.88,52,0,8.07,-0.324,1.419,-1.12,55,0,107.37,16.50,10,0.00,3.64,3.68,3.67,3.68,3.68,3.67,3.68,3.67,29.54,19.7,30,29,83.7,-154,-488,198,-233,0,667,0,0,0,-1,0,0,-1,-1,-1,-1,-1,-1,0,1,
2026-03-25,18:20:16.840,7.52,98,98,98,-0.210,55.44,54,0,8.07,-0.246,1.350,-1.36,46,0,109.63,19.90,10,0.00,3.64,3.68,3.68,3.69,3.68,3.67,3.68,3.67,29.61,13.2,30,29,85.0,-150,-489,183,-234,0,667,0,0,0,-1,0,0,-1,-1,-1,-1,-1,-1,0,1,
2026-03-25,18:20:17.100,7.51,97,98,98,-0.208,54.86,51,0,8.07,-0.221,1.345,-1.71,42,0,110.56,21.46,10,0.00,3.64,3.68,3.68,3.69,3.70,3.68,3.68,3.67,29.61,13.2,30,29,86.3,-29,-551,64,-72,0,667,0,0,0,-1,0,0,-1,-1,-1,-1,-1,-1,0,1,
2026-03-25,18:20:17.370,7.51,96,98,98,-0.219,53.67,49,0,8.05,-0.187,1.457,-2.06,43,0,114.14,23.48,10,0.00,3.64,3.68,3.68,3.69,3.70,3.68,3.72,3.71,29.61,9.6,30,29,87.2,0,-564,24,0,0,667,0,0,0,-1,0,0,-1,-1,-1,-1,-1,-1,0,1,
2026-03-25,18:20:17.630,7.52,98,98,98,-0.223,52.44,49,0,8.06,-0.178,1.463,-3.33,50,0,117.90,23.54,10,0.00,3.70,3.73,3.68,3.69,3.70,3.68,3.72,3.71,29.61,9.6,30,29,86.5,124,-385,24,284,0,667,0,0,0,-1,0,0,-1,-1,-1,-1,-1,-1,0,1,
2026-03-25,18:20:17.900,7.51,98,98,98,-0.191,51.08,49,0,8.07,-0.128,1.249,-4.21,54,0,128.96,22.83,10,0.00,3.70,3.73,3.73,3.73,3.70,3.68,3.72,3.71,29.74,7.0,30,29,87.4,115,-345,24,312,0,667,0,0,0,-1,0,0,-1,-1,-1,-1,-1,-1,0,1,
2026-03-25,18:20:18.160,7.52,98,98,98,-0.164,50.25,48,0,8.07,-0.084,1.121,-3.65,58,0,141.61,21.82,10,0.00,3.70,3.73,3.73,3.73,3.75,3.73,3.72,3.71,29.74,7.0,30,29,88.9,74,-386,25,204,0,667,0,0,0,-1,0,0,-1,-1,-1,-1,-1,-1,0,1,
2026-03-25,18:20:18.420,7.52,98,98,98,-0.170,49.02,49,0,8.07,-0.102,1.215,-3.65,58,0,146.15,20.21,10,0.00,3.70,3.73,3.73,3.73,3.75,3.73,3.76,3.75,29.84,6.7,30,29,88.9,28,-422,24,175,0,667,0,0,0,-1,0,0,-1,-1,-1,-1,-1,-1,0,1,
2026-03-25,18:20:18.680,7.52,98,98,98,-0.193,47.55,52,0,8.04,-0.124,1.325,-4.58,59,0,149.66,18.17,10,0.00,3.73,3.76,3.73,3.73,3.75,3.73,3.76,3.75,29.84,6.7,30,29,89.6,95,-449,24,242,0,667,0,0,0,-1,0,0,-1,-1,-1,-1,-1,-1,0,1,
2026-03-25,18:20:18.950,7.52,97,98,98,-0.183,46.06,49,0,8.03,-0.129,1.332,-5.00,57,0,157.27,13.82,10,0.00,3.73,3.76,3.73,3.73,3.75,3.73,3.76,3.75,29.93,6.3,30,29,90.9,200,-407,25,352,0,667,0,0,0,-1,0,0,-1,-1,-1,-1,-1,-1,0,1,
2026-03-25,18:20:19.220,7.51,93,98,98,-0.175,44.63,47,0,8.05,-0.124,1.336,-4.98,55,0,165.38,9.07,10,0.00,3.73,3.76,3.75,3.75,3.75,3.73,3.76,3.75,29.93,6.3,30,29,91.3,245,-394,25,376,0,667,0,0,0,-1,0,0,-1,-1,-1,-1,-1,-1,0,1,
2026-03-25,18:20:19.490,7.52,94,98,98,-0.178,43.43,46,0,8.06,-0.106,1.266,-4.59,52,0,172.98,4.94,10,0.00,3.73,3.76,3.75,3.75,3.76,3.75,3.76,3.75,30.00,6.1,30,29,91.5,263,-373,25,445,0,667,0,0,0,-1,0,0,-1,-1,-1,-1,-1,-1,0,1,
2026-03-25,18:20:19.750,7.52,96,98,98,-0.184,42.50,46,0,8.07,-0.111,1.271,-3.85,46,0,178.69,2.47,10,0.00,3.73,3.76,3.75,3.75,3.76,3.75,3.77,3.76,30.00,6.1,30,29,90.4,283,-385,25,469,0,667,0,0,0,-1,0,0,-1,-1,-1,-1,-1,-1,0,1,
2026-03-25,18:20:20.020,7.51,100,100,98,-0.168,40.97,47,0,8.07,-0.108,1.221,-3.19,43,0,-164.75,-1.95,10,0.00,3.74,3.77,3.75,3.75,3.76,3.75,3.77,3.76,30.05,6.2,30,29,89.1,244,-426,24,435,0,667,0,0,0,-1,0,0,-1,-1,-1,-1,-1,-1,0,1,
2026-03-25,18:20:20.290,7.51,98,98,98,-0.173,40.40,45,0,8.07,-0.127,1.285,-2.34,40,0,-156.11,-3.48,10,0.00,3.74,3.77,3.76,3.76,3.76,3.75,3.77,3.76,30.05,6.5,30,29,88.2,161,-530,-2,241,0,667,0,0,0,-1,0,0,-1,-1,-1,-1,-1,-1,0,1,
2026-03-25,18:20:20.550,7.51,91,97,97,-0.151,40.40,42,0,8.07,-0.131,1.295,-1.82,38,0,-144.85,-5.28,10,0.00,3.74,3.77,3.76,3.76,3.77,3.76,3.77,3.76,30.05,6.5,30,29,86.5,108,-558,-33,170,0,667,0,0,0,-1,0,0,-1,-1,-1,-1,-1,-1,0,1,
2026-03-25,18:20:20.820,7.51,88,97,97,-0.167,39.49,41,0,8.05,-0.163,1.425,-1.65,36,0,-142.04,-6.48,10,0.00,3.74,3.77,3.76,3.76,3.77,3.76,3.78,3.76,30.05,4.6,30,29,86.5,72,-662,-100,0,0,667,0,0,0,-1,0,0,-1,-1,-1,-1,-1,-1,0,1,
2026-03-25,18:20:21.080,7.51,90,98,98,-0.172,38.81,43,0,8.01,-0.180,1.474,-2.01,41,0,-141.59,-6.75,10,0.00,3.75,3.78,3.76,3.76,3.77,3.76,3.78,3.76,30.05,4.6,30,29,83.7,50,-603,-103,5,0,667,0,0,0,-1,0,0,-1,-1,-1,-1,-1,-1,0,1,
2026-03-25,18:20:21.350,7.51,96,98,98,-0.176,38.19,44,0,8.05,-0.186,1.408,-2.18,43,0,-140.54,-6.98,10,0.00,3.75,3.78,3.76,3.76,3.77,3.76,3.78,3.76,30.12,3.5,30,29,82.8,31,-554,-101,0,0,667,0,0,0,-1,0,0,-1,-1,-1,-1,-1,-1,0,1,
2026-03-25,18:20:21.620,7.51,99,99,98,-0.144,37.65,45,0,8.06,-0.139,1.304,-2.02,46,0,-138.87,-6.36,10,0.00,3.75,3.78,3.77,3.77,3.77,3.76,3.78,3.76,30.12,3.5,30,29,80.9,0,-563,-100,0,0,666,0,0,0,-1,0,0,-1,-1,-1,-1,-1,-1,0,1,
2026-03-25,18:20:21.900,7.52,98,98,98,-0.140,37.40,44,0,8.06,-0.141,1.255,-1.41,50,0,-137.63,-5.08,10,0.00,3.75,3.78,3.77,3.77,3.77,3.76,3.78,3.76,30.18,4.0,30,29,80.0,0,-633,-100,-121,0,667,0,0,0,-1,0,0,-1,-1,-1,-1,-1,-1,0,1,
2026-03-25,18:20:22.160,7.52,98,98,98,-0.144,37.16,44,0,8.07,-0.178,1.348,-0.98,53,0,-141.62,-4.83,10,0.00,3.75,3.78,3.77,3.77,3.77,3.76,3.78,3.76,30.18,4.0,30,29,78.9,-5,-689,-99,-231,0,667,0,0,0,-1,0,0,-1,-1,-1,-1,-1,-1,0,1,
2026-03-25,18:20:22.430,7.52,98,98,98,-0.162,36.66,45,0,8.07,-0.205,1.418,-1.28,48,0,-144.75,-5.14,10,0.00,3.76,3.78,3.77,3.77,3.77,3.76,3.78,3.76,30.22,4.2,30,29,78.3,-55,-693,-98,-216,0,667,0,0,0,-1,0,0,-1,-1,-1,-1,-1,-1,0,1,
2026-03-25,18:20:22.700,7.51,99,99,98,-0.180,34.41,45,0,8.07,-0.214,1.418,-3.59,52,0,-147.98,-6.20,10,0.00,3.76,3.78,3.77,3.77,3.77,3.76,3.78,3.76,30.22,4.2,30,29,78.3,0,-648,-100,-83,0,667,0,0,0,-1,0,0,-1,-1,-1,-1,-1,-1,0,1,
2026-03-25,18:20:22.960,7.51,96,98,98,-0.163,33.44,42,0,8.07,-0.203,1.384,-3.45,56,0,-147.30,-6.99,10,0.00,3.76,3.78,3.77,3.77,3.78,3.77,3.78,3.76,30.26,4.6,30,29,78.0,-22,-721,-177,-231,0,667,0,0,0,-1,0,0,-1,-1,-1,-1,-1,-1,0,1,
2026-03-25,18:20:23.220,7.51,91,98,98,-0.153,32.66,42,0,8.07,-0.196,1.406,-3.07,56,0,-147.98,-8.65,10,0.00,3.76,3.78,3.77,3.77,3.78,3.77,3.79,3.78,30.26,4.6,30,29,78.0,-40,-757,-223,-230,0,667,0,0,0,-1,0,0,-1,-1,-1,-1,-1,-1,0,1,
2026-03-25,18:20:23.480,7.51,89,98,98,-0.159,31.71,41,0,8.05,-0.191,1.404,-3.09,58,0,-153.64,-10.26,10,0.00,3.77,3.79,3.77,3.77,3.78,3.77,3.79,3.78,30.31,2.1,30,29,77.4,-24,-683,-224,-258,0,667,0,0,0,-1,0,0,-1,-1,-1,-1,-1,-1,0,1,
2026-03-25,18:20:23.750,7.51,90,98,98,-0.165,30.68,42,0,8.06,-0.180,1.353,-3.42,57,0,-155.07,-10.98,10,0.00,3.77,3.79,3.77,3.77,3.78,3.77,3.79,3.78,30.31,2.1,30,29,76.3,0,-614,-223,-134,0,667,0,0,0,-1,0,0,-1,-1,-1,-1,-1,-1,0,1,
2026-03-25,18:20:24.010,7.52,95,98,98,-0.147,29.77,43,0,8.07,-0.147,1.243,-3.31,54,0,-155.21,-11.48,10,0.00,3.77,3.79,3.78,3.78,3.78,3.77,3.79,3.78,30.34,1.7,30,29,76.7,0,-650,-222,0,0,667,0,0,0,-1,0,0,-1,-1,-1,-1,-1,-1,0,1,
2026-03-25,18:20:24.270,7.51,97,98,98,-0.148,29.08,46,0,8.07,-0.149,1.237,-2.83,55,0,-154.72,-11.79,10,0.00,3.77,3.79,3.78,3.78,3.80,3.78,3.79,3.78,30.34,1.8,30,29,76.7,0,-680,-222,-186,0,667,0,0,0,-1,0,0,-1,-1,-1,-1,-1,-1,0,1,
2026-03-25,18:20:24.530,7.52,99,100,99,-0.147,28.43,48,0,8.07,-0.163,1.313,-2.45,54,0,-154.96,-13.69,10,0.00,3.77,3.79,3.78,3.78,3.80,3.78,3.81,3.79,30.37,1.8,30,29,76.1,-12,-782,-223,-348,0,667,0,0,0,-1,0,0,-1,-1,-1,-1,-1,-1,0,1,
2026-03-25,18:20:24.790,7.51,100,100,100,-0.179,27.50,48,0,8.01,-0.206,1.395,-2.69,53,0,-160.12,-15.87,10,0.00,3.78,3.80,3.78,3.78,3.80,3.78,3.81,3.79,30.37,2.2,30,29,75.6,-24,-804,-109,-374,0,667,0,0,0,-1,0,0,-1,-1,-1,-1,-1,-1,0,1,
2026-03-25,18:20:25.050,7.51,99,100,100,-0.192,26.27,49,0,8.02,-0.232,1.405,-3.64,53,0,-161.12,-17.08,10,0.00,3.78,3.80,3.78,3.78,3.80,3.78,3.81,3.79,30.38,2.2,30,29,75.0,-37,-573,-104,-282,0,667,0,0,0,-1,0,0,-1,-1,-1,-1,-1,-1,0,1,
2026-03-25,18:20:25.320,7.51,99,100,100,-0.149,25.31,49,0,8.05,-0.182,1.212,-3.67,50,0,-158.18,-18.24,10,0.00,3.78,3.80,3.78,3.78,3.79,3.78,3.81,3.79,30.39,5.3,30,29,75.0,-35,-594,-131,-269,0,667,0,0,0,-1,0,0,-1,-1,-1,-1,-1,-1,0,1,
2026-03-25,18:20:25.590,7.51,99,100,100,-0.131,24.14,49,0,8.06,-0.182,1.148,-2.87,44,0,-158.18,-18.24,10,0.00,3.78,3.80,3.78,3.78,3.79,3.78,3.81,3.78,30.39,5.3,30,29,74.8,0,-699,-213,-277,0,667,0,0,0,-1,0,0,-1,-1,-1,-1,-1,-1,0,1,
2026-03-25,18:20:25.850,7.51,100,100,100,-0.156,23.55,49,0,8.02,-0.179,1.282,-1.96,44,0,-162.57,-19.62,10,0.00,3.78,3.80,3.78,3.78,3.79,3.78,3.81,3.78,30.41,1.9,30,29,74.8,-34,-809,-94,-255,0,667,0,0,0,-1,0,0,-1,-1,-1,-1,-1,-1,0,1,
2026-03-25,18:20:26.110,7.51,100,100,100,-0.175,22.61,49,0,8.04,-0.255,1.314,-2.73,46,0,-164.13,-20.78,10,0.00,3.78,3.80,3.78,3.78,3.79,3.78,3.81,3.78,30.41,1.9,30,29,74.1,-31,-406,-124,0,0,667,0,0,0,-1,0,0,-1,-1,-1,-1,-1,-1,0,1,
2026-03-25,18:20:26.370,7.51,100,100,100,-0.140,21.85,50,0,8.05,-0.169,1.122,-2.78,51,0,-163.92,-22.69,10,0.00,3.78,3.80,3.79,3.79,3.79,3.78,3.81,3.78,30.43,5.4,30,29,72.6,0,-561,-223,1,0,667,0,0,0,-1,0,0,-1,-1,-1,-1,-1,-1,0,1,
2026-03-25,18:20:26.630,7.51,98,100,100,-0.116,21.48,50,0,8.06,-0.107,1.020,-2.05,47,0,-161.31,-20.20,10,0.00,3.78,3.80,3.79,3.79,3.79,3.78,3.81,3.78,30.43,5.4,30,29,73.2,0,-559,-227,0,0,667,0,0,0,-1,0,0,-1,-1,-1,-1,-1,-1,0,1,
2026-03-25,18:20:26.900,7.51,97,100,100,-0.115,21.31,50,0,8.07,-0.128,1.083,-1.10,47,0,-163.14,-19.82,10,0.00,3.78,3.80,3.79,3.79,3.79,3.78,3.81,3.79,30.45,2.0,30,29,72.6,0,-722,-227,-226,0,667,0,0,0,-1,0,0,-1,-1,-1,-1,-1,-1,0,1,
2026-03-25,18:20:27.160,7.51,97,100,100,-0.148,20.76,50,0,8.02,-0.190,1.259,-1.36,45,0,-168.09,-21.34,10,0.00,3.78,3.80,3.79,3.79,3.79,3.78,3.81,3.79,30.45,2.0,30,29,72.2,-17,-621,-307,-293,0,667,0,0,0,-1,0,0,-1,-1,-1,-1,-1,-1,0,1,
2026-03-25,18:20:27.440,7.51,99,100,100,-0.154,19.80,50,0,8.05,-0.144,1.223,-2.49,47,0,-169.65,-22.50,10,0.00,3.78,3.80,3.79,3.80,3.79,3.78,3.81,3.79,30.47,1.7,30,29,71.3,-15,-522,-306,-149,0,667,0,0,0,-1,0,0,-1,-1,-1,-1,-1,-1,0,1,
2026-03-25,18:20:27.710,7.51,100,100,100,-0.134,18.94,49,0,8.06,-0.111,1.036,-2.93,48,0,-167.62,-22.36,10,0.00,3.78,3.80,3.79,3.80,3.80,3.79,3.81,3.79,30.47,1.7,30,29,71.3,-16,-494,-306,-158,0,667,0,0,0,-1,0,0,-1,-1,-1,-1,-1,-1,0,1,
2026-03-25,18:20:27.970,7.51,100,100,100,-0.106,18.43,49,0,8.07,-0.076,0.925,-2.43,49,0,-166.87,-19.12,10,0.00,3.78,3.80,3.79,3.80,3.80,3.79,3.81,3.79,30.48,0.9,30,29,70.7,0,-537,-306,-281,0,667,0,0,0,-1,0,0,-1,-1,-1,-1,-1,-1,0,1,
2026-03-25,18:20:28.240,7.51,99,100,100,-0.106,18.34,49,0,8.07,-0.090,0.978,-1.15,50,0,-168.60,-17.89,10,0.00,3.78,3.80,3.79,3.80,3.80,3.79,3.81,3.79,30.48,0.9,30,29,70.2,-28,-650,-324,-425,0,667,0,0,0,-1,0,0,-1,-1,-1,-1,-1,-1,0,1,
2026-03-25,18:20:28.520,7.51,99,100,100,-0.130,17.08,49,0,8.07,-0.113,1.068,-2.17,49,0,-176.48,-16.45,10,0.00,3.79,3.81,3.79,3.80,3.80,3.79,3.81,3.79,30.50,0.9,30,29,70.6,-47,-544,-364,-436,0,667,0,0,0,-1,0,0,-1,-1,-1,-1,-1,-1,0,1,
2026-03-25,18:20:28.790,7.52,99,100,100,-0.127,16.26,49,0,8.07,-0.080,0.975,-2.67,49,0,177.69,-14.56,10,0.00,3.79,3.81,3.80,3.81,3.80,3.79,3.81,3.79,30.52,0.0,30,29,70.0,-50,-539,-365,-456,0,667,0,0,0,-1,0,0,-1,-1,-1,-1,-1,-1,0,1,
2026-03-25,18:20:29.050,7.52,100,100,100,-0.124,15.59,48,0,8.07,-0.066,0.939,-2.55,49,0,178.62,-13.38,10,0.00,3.79,3.81,3.80,3.81,3.80,3.80,3.81,3.79,30.52,0.0,30,29,70.0,-47,-520,-364,-515,0,667,0,0,0,-1,0,0,-1,-1,-1,-1,-1,-1,0,1,
2026-03-25,18:20:29.320,7.51,100,100,100,-0.109,15.09,47,0,8.07,-0.052,0.879,-2.09,48,0,177.04,-10.58,10,0.00,3.79,3.81,3.80,3.81,3.80,3.80,3.81,3.79,30.52,0.8,30,29,70.2,-38,-696,-297,-559,0,667,0,0,0,-1,0,0,-1,-1,-1,-1,-1,-1,0,1,
2026-03-25,18:20:29.580,7.51,99,100,100,-0.127,14.71,46,0,8.05,-0.082,0.968,-1.51,47,0,174.77,-10.38,10,0.00,3.80,3.81,3.80,3.81,3.80,3.80,3.81,3.79,30.52,0.8,30,29,70.2,-44,-647,-217,-537,0,667,0,0,0,-1,0,0,-1,-1,-1,-1,-1,-1,0,1,
2026-03-25,18:20:29.840,7.51,97,100,100,-0.153,13.76,43,0,8.06,-0.156,1.104,-2.40,46,0,170.01,-11.45,10,0.00,3.80,3.81,3.80,3.81,3.80,3.80,3.81,3.79,30.52,3.0,30,29,70.2,-44,-569,-218,-368,0,667,0,0,0,-1,0,0,-1,-1,-1,-1,-1,-1,0,1,
2026-03-25,18:20:30.100,7.51,94,100,100,-0.147,12.55,41,0,8.07,-0.147,1.084,-2.40,47,0,168.91,-12.15,10,0.00,3.80,3.81,3.80,3.81,3.80,3.80,3.81,3.79,30.52,3.0,30,29,70.2,-42,-583,-229,-371,0,666,0,0,0,-1,0,0,-1,-1,-1,-1,-1,-1,0,1,
2026-03-25,18:20:30.360,7.51,91,100,100,-0.140,11.47,39,0,8.07,-0.147,1.042,-3.75,45,0,170.14,-12.39,10,0.00,3.80,3.81,3.80,3.81,3.80,3.80,3.81,3.79,30.53,2.8,30,29,70.6,-41,-615,-229,-267,0,666,0,0,0,-1,0,0,-1,-1,-1,-1,-1,-1,0,1,
2026-03-25,18:20:30.620,7.51,86,100,100,-0.141,10.43,39,0,8.07,-0.138,1.089,-3.69,45,0,168.87,-12.48,10,0.00,3.80,3.81,3.80,3.81,3.80,3.80,3.82,3.80,30.53,2.8,30,29,70.6,-49,-600,-392,-329,0,667,0,0,0,-1,0,0,-1,-1,-1,-1,-1,-1,0,1,
2026-03-25,18:20:30.880,7.52,83,100,100,-0.145,9.54,40,0,8.07,-0.117,1.086,-3.34,44,0,167.31,-13.09,10,0.00,3.79,3.81,3.80,3.81,3.80,3.80,3.82,3.80,30.55,0.0,30,29,70.6,-45,-544,-318,-376,0,667,0,0,0,-1,0,0,-1,-1,-1,-1,-1,-1,0,1,
2026-03-25,18:20:31.160,7.51,85,100,100,-0.135,7.84,41,0,8.07,-0.117,1.057,-3.03,44,0,165.00,-12.29,10,0.00,3.79,3.81,3.80,3.81,3.80,3.80,3.82,3.80,30.55,0.0,30,29,70.0,-44,-544,-263,-361,0,667,0,0,0,-1,0,0,-1,-1,-1,-1,-1,-1,0,1,
2026-03-25,18:20:31.430,7.51,92,100,100,-0.141,7.22,41,0,8.07,-0.114,0.995,-2.50,43,0,164.20,-11.28,10,0.00,3.79,3.81,3.80,3.81,3.80,3.80,3.82,3.80,30.55,2.5,30,29,69.6,-47,-535,-295,-320,0,667,0,0,0,-1,0,0,-1,-1,-1,-1,-1,-1,0,1,
2026-03-25,18:20:31.690,7.52,98,100,100,-0.142,6.57,41,0,8.07,-0.117,1.007,-2.30,41,0,164.46,-10.71,10,0.00,3.79,3.81,3.80,3.81,3.80,3.80,3.82,3.80,30.55,2.5,30,29,69.3,-56,-543,-398,-372,0,667,0,0,0,-1,0,0,-1,-1,-1,-1,-1,-1,0,1,
2026-03-25,18:20:31.960,7.51,100,100,100,-0.129,6.04,42,0,8.07,-0.086,0.961,-2.10,41,0,166.48,-10.44,10,0.00,3.80,3.81,3.80,3.81,3.80,3.80,3.82,3.80,30.57,0.2,30,29,68.7,0,-505,-434,-252,0,667,0,0,0,-1,0,0,-1,-1,-1,-1,-1,-1,0,1,
2026-03-25,18:20:32.240,7.51,99,100,100,-0.121,5.51,43,0,8.07,-0.068,0.910,-1.88,38,0,167.41,-9.60,10,0.00,3.80,3.81,3.81,3.82,3.80,3.80,3.82,3.80,30.57,0.2,30,29,68.0,-12,-588,-426,-342,0,667,0,0,0,-1,0,0,-1,-1,-1,-1,-1,-1,0,1,
2026-03-25,18:20:32.510,7.52,98,100,100,-0.119,5.00,43,0,8.07,-0.074,0.914,-1.83,37,0,166.46,-7.52,10,0.00,3.80,3.81,3.81,3.82,3.81,3.80,3.82,3.80,30.58,0.0,30,29,68.0,0,-668,-261,-188,0,667,0,0,0,-1,0,0,-1,-1,-1,-1,-1,-1,0,1,
2026-03-25,18:20:32.770,7.51,94,100,100,-0.149,4.37,45,0,8.07,-0.163,1.062,-1.94,37,0,165.31,-7.17,10,0.00,3.80,3.81,3.81,3.82,3.81,3.80,3.82,3.80,30.58,0.0,30,29,68.0,0,-672,-228,-103,0,667,0,0,0,-1,0,0,-1,-1,-1,-1,-1,-1,0,1,
2026-03-25,18:20:33.040,7.51,93,100,100,-0.160,3.40,46,0,8.07,-0.189,1.111,-2.73,36,0,166.91,-9.84,10,0.00,3.80,3.81,3.81,3.82,3.81,3.80,3.82,3.81,30.58,3.2,30,29,67.6,0,-601,-256,-100,0,667,0,0,0,-1,0,0,-1,-1,-1,-1,-1,-1,0,1,
2026-03-25,18:20:33.300,7.52,92,100,100,-0.142,2.56,47,0,8.07,-0.181,1.057,-3.00,38,0,170.52,-11.93,10,0.00,3.80,3.82,3.81,3.82,3.81,3.80,3.82,3.81,30.51,3.3,30,29,66.7,-10,-687,69,-183,0,667,0,0,0,-1,0,0,-1,-1,-1,-1,-1,-1,0,1,
2026-03-25,18:20:33.570,7.52,94,100,100,-0.156,1.85,48,0,8.07,-0.289,1.110,-3.00,38,0,170.27,-12.16,10,0.00,3.80,3.82,3.80,3.81,3.81,3.80,3.82,3.81,30.51,3.3,30,29,66.5,0,-709,155,-333,0,667,0,0,0,-1,0,0,-1,-1,-1,-1,-1,-1,0,1,
2026-03-25,18:20:33.840,7.51,95,100,100,-0.193,0.53,48,0,8.07,-0.387,1.324,-2.30,41,0,163.14,-15.18,10,0.00,3.80,3.82,3.80,3.81,3.79,3.79,3.82,3.81,30.50,9.7,30,29,67.4,0,-505,-102,-99,0,666,0,0,0,-1,0,0,-1,-1,-1,-1,-1,-1,0,1,
2026-03-25,18:20:34.100,7.51,98,100,100,-0.162,0.26,48,0,8.07,-0.238,1.075,-1.68,42,0,164.47,-18.53,10,0.00,3.80,3.82,3.80,3.81,3.79,3.79,3.80,3.79,30.50,9.7,30,29,66.1,0,-420,-103,-36,0,667,0,0,0,-1,0,0,-1,-1,-1,-1,-1,-1,0,1,
2026-03-25,18:20:34.360,7.51,99,100,100,-0.132,0.26,49,0,8.07,-0.190,0.938,-0.61,42,0,168.38,-18.03,10,0.00,3.77,3.79,3.80,3.81,3.79,3.79,3.80,3.79,30.48,6.1,30,29,65.6,0,-472,-69,-260,0,667,0,0,0,-1,0,0,-1,-1,-1,-1,-1,-1,0,1,
2026-03-25,18:20:34.630,7.51,96,100,100,-0.124,0.07,50,0,8.07,-0.204,0.941,-0.61,42,0,169.99,-15.75,10,0.00,3.77,3.79,3.78,3.78,3.79,3.79,3.80,3.79,30.48,6.1,30,29,65.0,0,-563,-66,-321,0,667,0,0,0,-1,0,0,-1,-1,-1,-1,-1,-1,0,1,
2026-03-25,18:20:34.890,7.51,95,100,100,-0.138,-0.05,50,0,8.07,-0.222,0.992,-0.48,43,0,166.81,-15.32,10,0.00,3.77,3.79,3.78,3.78,3.79,3.79,3.80,3.79,30.46,7.6,30,29,65.0,0,-404,-69,-210,0,667,0,0,0,-1,0,0,-1,-1,-1,-1,-1,-1,0,1,
2026-03-25,18:20:35.160,7.51,93,100,100,-0.151,-0.07,51,0,8.09,-0.209,0.936,-0.31,45,0,162.64,-15.26,10,0.00,3.77,3.79,3.78,3.78,3.80,3.78,3.80,3.79,30.46,7.6,30,29,64.3,0,-243,-85,-163,0,667,0,0,0,-1,0,0,-1,-1,-1,-1,-1,-1,0,1,
2026-03-25,18:20:35.420,7.51,96,100,100,-0.122,0.13,51,0,8.08,-0.135,0.827,0.25,45,0,165.53,-14.03,10,0.00,3.77,3.79,3.78,3.78,3.80,3.78,3.80,3.78,30.46,7.4,30,29,64.3,0,-430,-214,-188,0,667,0,0,0,-1,0,0,-1,-1,-1,-1,-1,-1,0,1,
2026-03-25,18:20:35.680,7.51,94,100,100,-0.115,0.19,52,0,8.07,-0.111,0.787,0.37,44,0,173.12,-12.00,10,0.00,3.78,3.79,3.78,3.78,3.80,3.78,3.80,3.78,30.46,7.4,30,29,64.1,0,-584,-227,-301,0,667,0,0,0,-1,0,0,-1,-1,-1,-1,-1,-1,0,1,
2026-03-25,18:20:35.940,7.51,94,100,100,-0.121,0.05,53,0,8.07,-0.158,0.860,-0.10,43,0,174.57,-12.72,10,0.00,3.78,3.79,3.79,3.79,3.80,3.78,3.80,3.78,30.46,3.2,30,29,63.2,0,-562,-227,-471,0,667,0,0,0,-1,0,0,-1,-1,-1,-1,-1,-1,0,1,
2026-03-25,18:20:36.210,7.51,91,100,100,-0.121,-0.29,54,0,8.07,-0.171,0.933,-0.69,45,0,171.80,-12.41,10,0.00,3.78,3.79,3.79,3.79,3.80,3.79,3.80,3.78,30.46,3.2,30,29,62.2,-25,-563,-134,-445,0,667,0,0,0,-1,0,0,-1,-1,-1,-1,-1,-1,0,1,
2026-03-25,18:20:36.480,7.51,93,100,100,-0.139,-0.90,55,0,8.07,-0.201,0.937,-0.96,46,0,165.26,-10.36,10,0.00,3.78,3.79,3.79,3.79,3.80,3.79,3.81,3.79,30.46,4.7,30,29,62.2,-20,-811,70,-64,0,667,0,0,0,-1,0,0,-1,-1,-1,-1,-1,-1,0,1,
2026-03-25,18:20:36.760,7.52,97,100,100,-0.179,-1.19,55,0,8.07,-0.450,1.075,-0.90,47,0,165.01,-10.90,10,0.00,3.78,3.80,3.79,3.79,3.80,3.79,3.81,3.79,30.46,4.7,30,29,63.2,0,-593,-35,-71,0,667,0,0,0,-1,0,0,-1,-1,-1,-1,-1,-1,0,1,
2026-03-25,18:20:37.030,7.51,96,100,100,-0.217,-2.04,52,0,8.07,-0.364,1.236,-2.01,46,0,171.63,-18.82,10,0.00,3.78,3.80,3.78,3.79,3.80,3.79,3.81,3.79,30.45,8.3,30,29,60.2,0,-481,-303,-300,0,667,0,0,0,-1,0,0,-1,-1,-1,-1,-1,-1,0,1,
2026-03-25,18:20:37.290,7.51,95,100,100,-0.100,-2.35,51,0,8.07,-0.127,0.845,-1.78,48,0,171.01,-15.75,10,0.00,3.78,3.80,3.78,3.79,3.80,3.79,3.81,3.79,30.45,1.3,30,29,60.2,-82,-475,-439,-402,0,667,0,0,0,-1,0,0,-1,-1,-1,-1,-1,-1,0,1,
2026-03-25,18:20:37.560,7.51,91,99,99,-0.097,-2.42,51,0,8.07,-0.088,0.811,-0.82,52,0,166.16,-12.56,10,0.00,3.78,3.80,3.78,3.79,3.79,3.78,3.81,3.79,30.49,1.3,30,29,61.1,-96,-872,-518,-92,0,667,0,0,0,-1,0,0,-1,-1,-1,-1,-1,-1,0,1,
2026-03-25,18:20:37.830,7.51,94,99,99,-0.166,-2.37,53,0,8.01,-0.111,1.205,-0.23,53,0,160.12,-10.07,10,0.00,3.78,3.80,3.78,3.79,3.79,3.78,3.80,3.79,30.53,0.0,30,29,60.2,-88,-903,-705,0,0,667,0,0,0,-1,0,0,-1,-1,-1,-1,-1,-1,0,1,
2026-03-25,18:20:38.090,7.51,95,99,99,-0.130,-2.33,53,0,8.03,-0.038,0.723,0.11,54,0,172.12,-13.12,10,0.00,3.79,3.81,3.78,3.79,3.79,3.78,3.80,3.79,30.53,0.0,30,29,58.5,-75,-797,-829,-66,0,667,0,0,0,-1,0,0,-1,-1,-1,-1,-1,-1,0,1,
2026-03-25,18:20:38.350,7.51,98,99,99,-0.124,-2.27,54,0,8.05,-0.141,1.128,0.14,54,0,170.11,-11.88,10,0.00,3.79,3.81,3.81,3.81,3.79,3.78,3.80,3.79,30.55,0.0,30,29,54.6,-93,-687,-917,-152,0,667,0,0,0,-1,0,0,-1,-1,-1,-1,-1,-1,0,1,
2026-03-25,18:20:38.610,7.51,99,99,99,-0.135,-2.48,55,0,8.06,-0.105,0.963,-0.36,55,0,170.64,-11.48,10,0.00,3.79,3.81,3.81,3.81,3.81,3.80,3.80,3.79,30.55,0.0,30,29,54.1,-114,-621,-1021,-163,0,667,0,0,0,-1,0,0,-1,-1,-1,-1,-1,-1,0,1,
2026-03-25,18:20:38.880,7.51,99,99,99,-0.136,-2.57,59,0,8.07,-0.076,0.939,-0.43,59,0,171.19,-10.09,10,0.00,3.79,3.81,3.81,3.81,3.81,3.80,3.82,3.81,30.57,0.0,30,29,54.4,-181,-568,-1024,-147,0,667,0,0,0,-1,0,0,-1,-1,-1,-1,-1,-1,0,1,
2026-03-25,18:20:39.140,7.51,100,100,99,-0.146,-2.56,60,0,8.07,0.013,1.470,-0.06,61,0,171.88,-4.73,10,0.00,3.80,3.82,3.81,3.81,3.81,3.80,3.82,3.81,30.57,0.0,30,29,53.0,-180,-545,-1024,-121,0,667,0,0,0,-1,0,0,-1,-1,-1,-1,-1,-1,0,1,
2026-03-25,18:20:39.410,7.51,100,100,99,-0.001,-2.44,61,0,8.07,-0.018,0.711,0.10,64,0,171.98,-4.85,10,0.00,3.80,3.82,3.81,3.82,3.81,3.80,3.82,3.81,30.58,0.0,30,29,53.0,-161,-439,-1024,-92,0,667,0,0,0,-1,0,0,-1,-1,-1,-1,-1,-1,0,1,
2026-03-25,18:20:39.680,7.51,100,100,99,-0.041,-2.06,62,0,8.07,-0.032,0.991,0.53,62,0,172.57,-3.78,10,0.00,3.80,3.82,3.81,3.82,3.81,3.80,3.82,3.81,30.58,0.0,30,29,49.1,-482,-402,-1024,-81,0,667,0,0,0,-1,0,0,-1,-1,-1,-1,-1,-1,0,1,
2026-03-25,18:20:39.940,7.52,100,100,99,-0.037,-2.05,63,0,8.07,0.059,0.957,0.15,60,0,173.25,-3.16,10,0.00,3.80,3.82,3.81,3.82,3.81,3.81,3.82,3.81,30.59,0.0,30,29,49.8,-535,-376,-1024,-80,0,667,0,0,0,-1,0,0,-1,-1,-1,-1,-1,-1,0,1,
2026-03-25,18:20:40.200,7.52,100,100,99,0.012,-1.87,65,0,8.07,0.036,1.382,0.35,66,0,173.04,-2.08,10,0.00,3.80,3.82,3.81,3.82,3.81,3.81,3.82,3.81,30.59,0.0,30,29,46.1,-700,-323,-1024,-75,0,667,0,0,0,-1,0,0,-1,-1,-1,-1,-1,-1,0,1,
2026-03-25,18:20:40.460,7.51,100,100,99,0.054,-1.66,67,0,8.04,0.008,0.968,0.66,66,0,173.64,-2.80,10,0.00,3.80,3.82,3.81,3.82,3.81,3.81,3.82,3.81,30.60,0.0,30,29,43.9,-279,-297,-1024,-80,0,667,0,0,0,-1,0,0,-1,-1,-1,-1,-1,-1,0,1,
2026-03-25,18:20:40.720,7.51,100,100,99,-0.062,-1.70,69,0,8.04,0.003,1.143,0.24,66,0,174.30,-1.95,10,0.00,3.80,3.82,3.81,3.82,3.81,3.81,3.82,3.81,30.60,0.0,30,29,43.9,0,-62,-1024,0,0,667,0,0,0,-1,0,0,-1,-1,-1,-1,-1,-1,0,1,
2026-03-25,18:20:40.990,7.51,100,100,99,-0.083,-1.66,70,0,8.03,0.000,1.010,0.10,69,0,175.23,-1.63,10,0.00,3.80,3.82,3.81,3.82,3.81,3.81,3.82,3.81,30.61,0.0,30,29,41.7,-518,6,-1024,0,0,667,0,0,0,-1,0,0,-1,-1,-1,-1,-1,-1,0,1,
2026-03-25,18:20:41.250,7.51,100,100,99,-0.049,-1.55,70,0,8.03,0.020,0.827,0.18,66,0,175.61,-0.86,10,0.00,3.80,3.82,3.81,3.82,3.81,3.81,3.82,3.81,30.61,0.0,30,29,41.7,-174,12,-1024,0,0,667,0,0,0,-1,0,0,-1,-1,-1,-1,-1,-1,0,1,
2026-03-25,18:20:41.510,7.51,100,100,100,-0.071,-1.49,70,0,8.02,-0.007,0.943,0.27,62,0,175.63,-1.38,10,0.00,3.81,3.82,3.81,3.82,3.81,3.81,3.82,3.81,30.61,0.0,30,29,39.3,-409,12,-1024,0,0,667,0,0,0,-1,0,0,-1,-1,-1,-1,-1,-1,0,1,
2026-03-25,18:20:41.770,7.51,100,100,100,-0.008,-1.51,69,0,8.03,-0.014,1.053,0.08,63,0,176.27,-1.95,10,0.00,3.81,3.82,3.81,3.82,3.81,3.81,3.82,3.81,30.61,0.0,30,29,36.1,-97,13,-1024,0,0,667,0,0,0,-1,0,0,-1,-1,-1,-1,-1,-1,0,1,
2026-03-25,18:20:42.030,7.51,100,100,100,-0.111,-1.51,65,0,8.04,-0.011,1.188,0.00,64,0,176.49,-1.44,10,0.00,3.81,3.82,3.81,3.82,3.81,3.81,3.82,3.81,30.62,0.0,30,29,37.0,-153,13,-1024,0,0,667,0,0,0,-1,0,0,-1,-1,-1,-1,-1,-1,0,1,
2026-03-25,18:20:42.290,7.52,99,100,100,-0.166,-1.53,64,0,8.06,0.012,0.982,0.02,63,0,176.33,-1.14,10,0.00,3.81,3.82,3.81,3.82,3.81,3.81,3.82,3.81,30.62,0.0,30,29,33.7,-165,14,-1024,0,0,667,0,0,0,-1,0,0,-1,-1,-1,-1,-1,-1,0,1,
2026-03-25,18:20:42.560,7.51,99,100,100,-0.122,-1.50,63,0,8.05,0.041,1.070,0.01,61,0,175.98,-1.20,10,0.00,3.81,3.82,3.81,3.82,3.81,3.81,3.82,3.81,30.62,0.0,30,29,33.7,0,14,-1024,0,0,667,0,0,0,-1,0,0,-1,-1,-1,-1,-1,-1,0,1,
2026-03-25,18:20:42.820,7.51,99,100,100,-0.103,-1.44,62,0,8.06,0.003,1.008,0.13,56,0,175.69,-0.78,10,0.00,3.81,3.82,3.81,3.82,3.81,3.81,3.82,3.81,30.63,0.0,30,29,31.1,-84,13,-1024,0,0,667,0,0,0,-1,0,0,-1,-1,-1,-1,-1,-1,0,1,
2026-03-25,18:20:43.080,7.51,99,100,100,-0.079,-1.39,62,0,8.06,-0.005,0.895,0.22,53,0,175.52,-1.20,10,0.00,3.81,3.82,3.81,3.82,3.81,3.81,3.82,3.81,30.63,0.0,30,29,30.9,-22,14,-1024,0,0,667,0,0,0,-1,0,0,-1,-1,-1,-1,-1,-1,0,1,
2026-03-25,18:20:43.350,7.51,98,100,100,-0.089,-1.41,61,0,8.07,-0.032,0.943,0.01,51,0,175.62,-0.60,10,0.00,3.81,3.82,3.81,3.82,3.81,3.81,3.82,3.81,30.64,0.0,30,28,25.7,0,14,-1024,0,0,666,0,0,0,-1,0,0,-1,-1,-1,-1,-1,-1,0,1,
2026-03-25,18:20:43.610,7.51,98,99,99,-0.125,-1.44,59,0,8.07,-0.034,1.028,-0.02,47,0,175.35,-1.01,10,0.00,3.81,3.82,3.81,3.82,3.81,3.81,3.82,3.81,30.64,0.0,30,28,25.7,-2,14,-1024,0,0,666,0,0,0,-1,0,0,-1,-1,-1,-1,-1,-1,0,1,
2026-03-25,18:20:43.880,7.51,98,99,99,-0.076,-1.40,57,0,8.07,-0.010,1.043,0.03,43,0,175.08,-0.71,10,0.00,3.81,3.82,3.81,3.82,3.81,3.81,3.82,3.81,30.65,0.0,30,28,25.0,-151,14,-1024,0,0,667,0,0,0,-1,0,0,-1,-1,-1,-1,-1,-1,0,1,
2026-03-25,18:20:44.150,7.51,98,99,99,-0.152,-1.39,56,0,8.07,-0.037,1.030,0.01,46,0,175.24,-0.53,10,0.00,3.81,3.83,3.81,3.82,3.81,3.81,3.82,3.81,30.65,0.0,30,28,23.5,-175,14,-1024,0,0,667,0,0,0,-1,0,0,-1,-1,-1,-1,-1,-1,0,1,
2026-03-25,18:20:44.420,7.51,98,99,99,-0.124,-1.36,56,0,8.07,-0.005,0.998,0.08,48,0,174.55,-2.54,10,0.00,3.81,3.83,3.82,3.82,3.81,3.81,3.82,3.81,30.66,0.0,30,28,23.5,-146,14,-1024,0,0,666,0,0,0,-1,0,0,-1,-1,-1,-1,-1,-1,0,1,
2026-03-25,18:20:44.680,7.51,98,99,99,-0.137,-1.47,57,0,8.07,0.012,1.038,-0.18,50,0,174.91,-0.75,10,0.00,3.81,3.83,3.82,3.82,3.81,3.81,3.82,3.81,30.66,0.0,30,28,20.7,-130,14,-1024,0,0,667,0,0,0,-1,0,0,-1,-1,-1,-1,-1,-1,0,1,
2026-03-25,18:20:44.940,7.51,97,99,99,-0.073,-1.46,58,0,8.07,0.000,1.089,-0.09,50,0,175.01,-1.20,10,0.00,3.81,3.83,3.82,3.82,3.81,3.81,3.83,3.82,30.66,0.0,30,28,20.0,-117,14,-1024,0,0,667,0,0,0,-1,0,0,-1,-1,-1,-1,-1,-1,0,1,
2026-03-25,18:20:45.200,7.51,96,99,99,-0.134,-1.38,58,0,8.07,0.000,1.098,0.15,51,0,174.94,-0.52,10,0.00,3.81,3.83,3.82,3.82,3.81,3.81,3.83,3.82,30.66,0.0,30,28,19.1,-98,14,-1024,0,0,666,0,0,0,-1,0,0,-1,-1,-1,-1,-1,-1,0,1,
2026-03-25,18:20:45.470,7.51,94,99,99,-0.124,-1.30,57,0,8.07,-0.052,1.017,0.11,49,0,174.38,-1.84,10,0.00,3.81,3.83,3.82,3.83,3.81,3.81,3.83,3.82,30.66,0.0,30,28,17.8,-96,14,-1024,0,0,667,0,0,0,-1,0,0,-1,-1,-1,-1,-1,-1,0,1,
2026-03-25,18:20:45.740,7.51,96,99,99,-0.086,-1.36,57,0,8.07,-0.041,1.069,-0.01,50,0,174.66,-0.92,10,0.00,3.81,3.83,3.82,3.83,3.81,3.81,3.83,3.82,30.66,0.0,30,28,17.8,-87,14,-1024,0,0,667,0,0,0,-1,0,0,-1,-1,-1,-1,-1,-1,0,1,
2026-03-25,18:20:46.010,7.51,97,99,99,-0.064,-1.39,56,0,8.07,0.000,0.826,-0.09,51,0,174.51,-1.62,10,0.00,3.81,3.83,3.82,3.83,3.81,3.81,3.83,3.82,30.66,0.0,30,28,13.9,-68,14,-1023,0,0,666,0,0,0,-1,0,0,-1,-1,-1,-1,-1,-1,0,1,
2026-03-25,18:20:46.270,7.51,100,100,99,-0.078,-1.42,56,0,8.07,-0.007,0.984,-0.15,51,0,174.75,-0.60,10,0.00,3.81,3.83,3.82,3.83,3.81,3.81,3.83,3.82,30.66,0.0,30,28,13.9,-40,14,-996,0,0,667,0,0,0,-1,0,0,-1,-1,-1,-1,-1,-1,0,1,
2026-03-25,18:20:46.530,7.51,100,100,99,-0.108,-1.42,56,0,8.07,0.031,0.938,0.05,51,0,174.37,-1.85,10,0.00,3.81,3.82,3.82,3.83,3.81,3.81,3.83,3.82,30.67,0.0,30,28,12.4,-37,14,-1023,0,0,667,0,0,0,-1,0,0,-1,-1,-1,-1,-1,-1,0,1,
2026-03-25,18:20:46.790,7.51,99,99,99,-0.168,-1.36,54,0,8.07,0.021,0.983,0.10,48,0,174.30,-1.53,10,0.00,3.81,3.82,3.82,3.83,3.81,3.81,3.83,3.82,30.67,0.0,30,28,8.9,-63,15,-1024,0,0,667,0,0,0,-1,0,0,-1,-1,-1,-1,-1,-1,0,1,
2026-03-25,18:20:47.060,7.51,99,99,99,-0.137,-1.42,53,0,8.07,0.009,1.054,-0.15,47,0,174.12,-1.61,10,0.00,3.81,3.82,3.82,3.83,3.82,3.81,3.83,3.82,30.67,0.0,30,28,8.9,-95,14,-1020,0,0,667,0,0,0,-1,0,0,-1,-1,-1,-1,-1,-1,0,1,
2026-03-25,18:20:47.320,7.51,99,99,99,-0.109,-1.45,52,0,8.07,-0.016,0.849,-0.11,44,0,173.88,-1.36,10,0.00,3.81,3.82,3.82,3.83,3.82,3.81,3.83,3.82,30.68,0.0,30,28,0.0,-420,14,-836,0,0,667,0,0,0,-1,0,0,-1,-1,-1,-1,-1,-1,0,1,
2026-03-25,18:20:47.580,7.51,100,100,100,-0.083,-1.37,51,0,8.07,-0.047,0.917,0.08,42,0,173.96,-0.69,10,0.00,3.81,3.82,3.82,3.83,3.82,3.81,3.83,3.82,30.68,0.0,30,28,0.0,-624,14,-749,0,0,667,0,0,0,-1,0,0,-1,-1,-1,-1,-1,-1,0,1,
2026-03-25,18:20:47.850,7.51,98,100,100,-0.057,-1.39,49,0,8.01,-0.016,0.841,0.07,43,0,173.88,-1.14,10,0.00,3.81,3.82,3.82,3.83,3.82,3.81,3.83,3.82,30.67,0.5,30,28,0.0,-786,14,-635,0,0,667,0,0,0,-1,0,0,-1,-1,-1,-1,-1,-1,0,1,
2026-03-25,18:20:48.110,7.51,98,100,100,-0.017,-1.40,49,0,8.02,-0.084,0.974,-0.02,43,0,174.28,-1.36,10,0.00,3.81,3.82,3.82,3.83,3.81,3.81,3.83,3.82,30.67,0.5,30,28,0.0,-829,14,-615,0,0,667,0,0,0,-1,0,0,-1,-1,-1,-1,-1,-1,0,1,
2026-03-25,18:20:48.380,7.51,95,100,100,-0.057,-1.49,50,0,7.99,-0.076,1.009,-0.14,47,0,174.49,-1.45,10,0.00,3.81,3.82,3.82,3.83,3.81,3.81,3.83,3.82,30.67,1.3,30,28,0.0,-839,14,-616,0,0,666,0,0,0,-1,0,0,-1,-1,-1,-1,-1,-1,0,1,
2026-03-25,18:20:48.650,7.51,96,100,100,-0.030,-1.51,51,0,8.02,-0.064,0.873,-0.11,47,0,175.41,-1.88,10,0.00,3.81,3.82,3.82,3.83,3.81,3.81,3.83,3.82,30.67,1.3,30,28,0.0,-824,14,-629,0,0,667,0,0,0,-1,0,0,-1,-1,-1,-1,-1,-1,0,1,
2026-03-25,18:20:48.910,7.51,96,100,100,-0.001,-1.57,51,0,8.04,-0.056,1.023,-0.13,47,0,176.25,-2.63,10,0.00,3.81,3.82,3.82,3.83,3.81,3.81,3.83,3.82,30.67,0.9,30,28,0.0,-808,14,-632,0,0,667,0,0,0,-1,0,0,-1,-1,-1,-1,-1,-1,0,1,
2026-03-25,18:20:49.170,7.51,98,100,100,-0.013,-1.55,51,0,8.06,-0.055,1.023,-0.06,46,0,176.71,-2.97,10,0.00,3.81,3.82,3.82,3.82,3.81,3.81,3.83,3.82,30.67,0.9,30,28,0.0,-850,14,-567,0,0,667,0,0,0,-1,0,0,-1,-1,-1,-1,-1,-1,0,1,
2026-03-25,18:20:49.430,7.51,98,100,100,-0.071,-1.57,50,0,8.06,-0.086,0.941,0.00,41,0,177.46,-2.96,10,0.00,3.81,3.82,3.82,3.82,3.81,3.81,3.83,3.82,30.67,1.2,30,28,0.0,-832,15,-615,0,0,666,0,0,0,-1,0,0,-1,-1,-1,-1,-1,-1,0,1,
2026-03-25,18:20:49.700,7.51,97,99,99,-0.006,-1.65,49,0,8.07,-0.026,1.191,-0.16,36,0,177.61,-3.67,10,0.00,3.81,3.82,3.82,3.82,3.81,3.81,3.83,3.82,30.67,1.2,30,28,0.0,-836,15,-668,0,0,667,0,0,0,-1,0,0,-1,-1,-1,-1,-1,-1,0,1,
2026-03-25,18:20:49.960,7.51,95,99,99,-0.087,-1.67,49,0,8.07,0.097,1.096,-0.16,34,0,178.08,-3.97,10,0.00,3.81,3.82,3.82,3.82,3.81,3.81,3.83,3.82,30.67,0.5,30,28,0.0,-852,14,-639,0,0,667,0,0,0,-1,0,0,-1,-1,-1,-1,-1,-1,0,1,
2026-03-25,18:20:50.230,7.51,94,99,99,-0.080,-1.67,49,0,8.07,-0.023,1.159,-0.04,35,0,178.08,-4.90,10,0.00,3.81,3.82,3.82,3.82,3.81,3.81,3.83,3.82,30.67,0.5,30,28,0.0,-852,14,-626,0,0,667,0,0,0,-1,0,0,-1,-1,-1,-1,-1,-1,0,1,
2026-03-25,18:20:50.500,7.52,93,99,99,-0.034,-1.60,49,0,8.07,-0.095,1.219,0.09,35,0,178.21,-4.49,10,0.00,3.81,3.82,3.82,3.82,3.81,3.81,3.83,3.82,30.67,0.9,30,28,0.0,-839,15,-632,0,0,667,0,0,0,-1,0,0,-1,-1,-1,-1,-1,-1,0,1,
2026-03-25,18:20:50.760,7.51,93,99,99,-0.113,-1.60,48,0,8.07,-0.146,0.936,0.06,40,0,178.23,-5.31,10,0.00,3.81,3.82,3.82,3.82,3.81,3.81,3.83,3.82,30.67,0.9,30,28,0.0,-827,14,-636,0,0,667,0,0,0,-1,0,0,-1,-1,-1,-1,-1,-1,0,1,
2026-03-25,18:20:51.020,7.52,94,99,99,-0.052,-1.58,46,0,8.07,-0.022,0.840,0.05,41,0,178.23,-5.30,10,0.00,3.81,3.82,3.82,3.82,3.81,3.81,3.83,3.82,30.67,0.8,30,28,0.0,-834,14,-633,0,0,667,0,0,0,-1,0,0,-1,-1,-1,-1,-1,-1,0,1,
2026-03-25,18:20:51.280,7.52,97,99,99,-0.096,-1.44,46,0,8.07,-0.127,0.896,0.18,40,0,177.92,-5.65,10,0.00,3.81,3.83,3.82,3.82,3.81,3.81,3.83,3.82,30.67,0.9,30,28,0.0,-921,14,-550,0,0,667,0,0,0,-1,0,0,-1,-1,-1,-1,-1,-1,0,1,
2026-03-25,18:20:51.550,7.51,98,99,99,-0.161,-1.46,49,0,8.07,-0.106,0.958,0.05,40,0,177.74,-5.78,10,0.00,3.81,3.83,3.82,3.82,3.81,3.81,3.83,3.82,30.67,0.9,30,28,0.0,-1004,14,-319,0,0,666,0,0,0,-1,0,0,-1,-1,-1,-1,-1,-1,0,1,
2026-03-25,18:20:51.820,7.51,99,100,99,-0.103,-1.46,50,0,8.05,-0.161,0.819,-0.15,38,0,177.21,-6.04,10,0.00,3.81,3.83,3.82,3.82,3.81,3.81,3.83,3.82,30.63,5.3,30,28,0.0,-1012,14,-232,0,0,667,0,0,0,-1,0,0,-1,-1,-1,-1,-1,-1,0,1,
2026-03-25,18:20:52.080,7.51,100,100,99,-0.064,-1.70,52,0,8.04,-0.191,0.984,-0.35,35,0,176.95,-6.94,10,0.00,3.81,3.83,3.82,3.82,3.81,3.81,3.82,3.81,30.63,5.3,30,28,0.0,-1013,14,-208,0,0,667,0,0,0,-1,0,0,-1,-1,-1,-1,-1,-1,0,1,
2026-03-25,18:20:52.350,7.51,100,100,99,-0.127,-1.92,53,0,8.04,-0.222,0.993,-0.58,36,0,176.83,-7.21,10,0.00,3.80,3.82,3.82,3.82,3.81,3.81,3.82,3.81,30.62,6.5,30,28,0.0,-1012,14,-289,0,0,667,0,0,0,-1,0,0,-1,-1,-1,-1,-1,-1,0,1,
2026-03-25,18:20:52.620,7.51,100,100,98,-0.061,-2.04,54,0,8.03,-0.190,0.808,-0.56,37,0,176.38,-8.27,10,0.00,3.80,3.82,3.80,3.81,3.81,3.81,3.82,3.81,30.62,6.5,30,28,0.0,-1012,15,-311,0,0,667,0,0,0,-1,0,0,-1,-1,-1,-1,-1,-1,0,1,
2026-03-25,18:20:52.880,7.51,100,100,98,-0.122,-2.00,55,0,8.00,-0.108,1.142,-0.17,39,0,176.40,-9.09,10,0.00,3.80,3.82,3.80,3.81,3.81,3.81,3.82,3.81,30.62,3.9,30,28,0.0,-978,14,-520,0,0,667,0,0,0,-1,0,0,-1,-1,-1,-1,-1,-1,0,1,
2026-03-25,18:20:53.140,7.51,100,100,98,-0.023,-1.93,54,0,8.02,-0.118,0.967,-0.17,43,0,176.26,-8.44,10,0.00,3.80,3.82,3.80,3.81,3.80,3.80,3.82,3.81,30.62,3.9,30,28,0.0,-873,15,-821,0,0,667,0,0,0,-1,0,0,-1,-1,-1,-1,-1,-1,0,1,
2026-03-25,18:20:53.410,7.51,100,100,98,-0.032,-1.80,54,0,8.04,-0.011,1.092,0.27,46,0,175.69,-8.69,10,0.00,3.80,3.82,3.80,3.81,3.80,3.80,3.82,3.81,30.64,0.0,30,28,0.0,-976,14,-891,0,0,667,0,0,0,-1,0,0,-1,-1,-1,-1,-1,-1,0,1,
2026-03-25,18:20:53.670,7.51,100,100,99,-0.138,-1.54,54,0,8.06,-0.047,1.114,0.63,47,0,175.83,-7.36,10,0.00,3.81,3.82,3.80,3.81,3.80,3.80,3.82,3.81,30.64,0.0,30,28,0.0,-1010,14,-673,0,0,667,0,0,0,-1,0,0,-1,-1,-1,-1,-1,-1,0,1,
2026-03-25,18:20:53.930,7.51,100,100,99,-0.117,-1.36,54,0,8.07,-0.013,0.966,0.33,49,0,175.48,-7.02,10,0.00,3.81,3.82,3.82,3.82,3.80,3.80,3.82,3.81,30.61,0.7,30,28,0.0,-1014,14,-374,0,0,667,0,0,0,-1,0,0,-1,-1,-1,-1,-1,-1,0,1,
2026-03-25,18:20:54.190,7.52,100,100,99,-0.119,-1.53,54,0,8.07,-0.148,1.037,-0.20,47,0,175.50,-6.09,10,0.00,3.81,3.82,3.82,3.82,3.81,3.81,3.82,3.81,30.61,0.7,30,28,0.0,-1013,14,-367,0,0,667,0,0,0,-1,0,0,-1,-1,-1,-1,-1,-1,0,1,
2026-03-25,18:20:54.450,7.52,100,100,99,-0.149,-1.65,53,0,8.05,-0.105,0.964,-0.34,47,0,175.30,-7.06,10,0.00,3.81,3.82,3.82,3.82,3.81,3.81,3.83,3.81,30.61,4.5,30,28,0.0,-1013,14,-369,0,0,667,0,0,0,-1,0,0,-1,-1,-1,-1,-1,-1,0,1,
2026-03-25,18:20:54.720,7.51,100,100,98,-0.131,-1.70,53,0,8.04,-0.170,0.979,-0.28,47,0,174.92,-7.05,10,0.00,3.80,3.82,3.82,3.82,3.81,3.81,3.83,3.81,30.61,4.5,30,28,0.0,-1014,14,-364,0,0,667,0,0,0,-1,0,0,-1,-1,-1,-1,-1,-1,0,1,
2026-03-25,18:20:54.980,7.51,100,100,98,-0.080,-1.74,53,0,8.06,-0.138,0.948,-0.18,45,0,174.79,-7.27,10,0.00,3.80,3.82,3.82,3.82,3.81,3.81,3.83,3.81,30.60,3.5,30,28,0.0,-1014,15,-254,0,0,667,0,0,0,-1,0,0,-1,-1,-1,-1,-1,-1,0,1,
2026-03-25,18:20:55.240,7.51,100,100,98,-0.127,-1.84,53,0,8.06,-0.202,1.005,-0.27,45,0,174.75,-7.36,10,0.00,3.80,3.82,3.81,3.82,3.81,3.81,3.83,3.81,30.60,3.5,30,28,0.0,-1012,14,-252,0,0,667,0,0,0,-1,0,0,-1,-1,-1,-1,-1,-1,0,1,
2026-03-25,18:20:55.500,7.51,100,100,98,-0.144,-1.90,53,0,8.07,-0.192,0.909,-0.23,44,0,174.59,-8.28,10,0.00,3.80,3.82,3.81,3.82,3.80,3.80,3.83,3.81,30.58,6.0,30,28,0.0,-997,15,-290,0,0,667,0,0,0,-1,0,0,-1,-1,-1,-1,-1,-1,0,1,
2026-03-25,18:20:55.760,7.51,99,99,98,-0.038,-1.90,53,0,8.07,-0.193,1.081,-0.21,44,0,174.23,-8.41,10,0.00,3.80,3.82,3.81,3.82,3.80,3.80,3.82,3.81,30.58,6.0,30,28,0.0,-979,15,-304,0,0,667,0,0,0,-1,0,0,-1,-1,-1,-1,-1,-1,0,1,
2026-03-25,18:20:56.030,7.51,99,99,98,-0.118,-1.96,53,0,8.07,-0.164,1.041,-0.11,44,0,174.25,-8.61,10,0.00,3.80,3.81,3.81,3.82,3.80,3.80,3.82,3.81,30.58,4.6,30,28,0.0,-961,14,-310,0,0,667,0,0,0,-1,0,0,-1,-1,-1,-1,-1,-1,0,1,
2026-03-25,18:20:56.300,7.51,97,98,98,-0.089,-1.98,53,0,8.07,-0.215,1.045,-0.08,45,0,173.99,-8.86,10,0.00,3.80,3.81,3.80,3.81,3.80,3.80,3.82,3.81,30.58,4.4,30,28,0.0,-917,14,-323,0,0,666,0,0,0,-1,0,0,-1,-1,-1,-1,-1,-1,0,1,
2026-03-25,18:20:56.560,7.51,98,99,99,-0.092,-1.89,53,0,8.07,-0.168,1.140,-0.08,46,0,173.91,-9.31,10,0.00,3.80,3.81,3.80,3.81,3.80,3.80,3.82,3.81,30.58,4.4,30,28,0.0,-931,14,-329,0,0,667,0,0,0,-1,0,0,-1,-1,-1,-1,-1,-1,0,1,
2026-03-25,18:20:56.820,7.51,98,99,99,-0.122,-1.90,53,0,8.07,-0.168,1.055,0.05,46,0,173.92,-9.20,10,0.00,3.80,3.81,3.80,3.81,3.80,3.80,3.82,3.80,30.57,4.4,30,28,0.0,-937,14,-330,0,0,667,0,0,0,-1,0,0,-1,-1,-1,-1,-1,-1,0,1,
2026-03-25,18:20:57.080,7.51,99,99,99,-0.082,-1.93,52,0,8.07,-0.156,0.958,-0.03,47,0,173.93,-8.96,10,0.00,3.80,3.81,3.80,3.81,3.80,3.80,3.82,3.80,30.57,4.4,30,28,0.0,-937,14,-331,0,0,667,0,0,0,-1,0,0,-1,-1,-1,-1,-1,-1,0,1,
2026-03-25,18:20:57.340,7.51,99,99,99,-0.082,-1.89,51,0,8.07,-0.121,0.958,0.06,47,0,173.93,-8.96,10,0.00,3.80,3.81,3.80,3.81,3.80,3.80,3.82,3.80,30.57,4.1,30,28,0.0,-933,14,-331,0,0,667,0,0,0,-1,0,0,-1,-1,-1,-1,-1,-1,0,1,
2026-03-25,18:20:57.600,7.52,99,99,99,-0.163,-1.93,51,0,8.07,-0.129,1.073,-0.02,42,0,173.86,-9.17,10,0.00,3.80,3.81,3.80,3.81,3.80,3.80,3.82,3.80,30.57,4.1,30,28,0.0,-931,14,-332,0,0,667,0,0,0,-1,0,0,-1,-1,-1,-1,-1,-1,0,1,
2026-03-25,18:20:57.860,7.51,99,99,99,-0.045,-1.94,50,0,8.07,-0.206,1.021,-0.06,41,0,173.74,-9.52,10,0.00,3.80,3.81,3.80,3.81,3.80,3.80,3.82,3.80,30.57,4.1,30,28,0.0,-931,14,-332,0,0,667,0,0,0,-1,0,0,-1,-1,-1,-1,-1,-1,0,1,
2026-03-25,18:20:58.120,7.51,99,99,99,-0.116,-2.00,50,0,8.07,-0.155,1.078,-0.11,38,0,173.77,-9.67,10,0.00,3.80,3.81,3.80,3.81,3.80,3.80,3.82,3.80,30.57,4.1,30,28,0.0,-933,14,-333,0,0,667,0,0,0,-1,0,0,-1,-1,-1,-1,-1,-1,0,1,
2026-03-25,18:20:58.380,7.52,98,99,99,-0.089,-2.05,49,0,8.07,-0.115,0.947,-0.18,37,0,173.74,-9.39,10,0.00,3.80,3.81,3.80,3.81,3.80,3.80,3.82,3.80,30.57,4.3,29,28,0.0,-937,14,-333,0,0,667,0,0,0,-1,0,0,-1,-1,-1,-1,-1,-1,0,1,
2026-03-25,18:20:58.640,7.51,99,100,100,-0.086,-2.02,49,0,8.07,-0.233,1.132,-0.06,39,0,173.70,-9.48,10,0.00,3.80,3.81,3.80,3.82,3.80,3.80,3.82,3.80,30.57,4.3,29,28,0.0,-939,15,-333,0,0,667,0,0,0,-1,0,0,-1,-1,-1,-1,-1,-1,0,1,
2026-03-25,18:20:58.900,7.51,99,100,100,-0.051,-2.01,50,0,8.07,-0.133,1.049,0.04,41,0,173.45,-9.55,10,0.00,3.80,3.81,3.80,3.82,3.80,3.80,3.82,3.80,30.57,4.1,29,28,0.0,-940,14,-333,0,0,666,0,0,0,-1,0,0,-1,-1,-1,-1,-1,-1,0,1,
2026-03-25,18:20:59.160,7.51,99,100,100,-0.094,-1.99,50,0,8.07,-0.144,0.954,0.06,42,0,173.46,-9.82,10,0.00,3.80,3.81,3.80,3.82,3.80,3.80,3.82,3.80,30.57,4.1,29,28,0.0,-939,14,-333,0,0,667,0,0,0,-1,0,0,-1,-1,-1,-1,-1,-1,0,1,
2026-03-25,18:20:59.430,7.51,98,100,100,-0.166,-1.98,51,0,8.07,-0.155,1.057,0.05,46,0,173.81,-9.61,10,0.00,3.80,3.81,3.80,3.82,3.80,3.80,3.82,3.80,30.57,4.1,29,28,0.0,-939,14,-333,0,0,667,0,0,0,-1,0,0,-1,-1,-1,-1,-1,-1,0,1,
2026-03-25,18:20:59.690,7.51,98,100,100,-0.074,-1.97,52,0,8.07,-0.131,1.048,0.02,47,0,173.80,-8.93,10,0.00,3.80,3.81,3.80,3.82,3.80,3.80,3.82,3.80,30.57,4.1,29,28,0.0,-938,14,-333,0,0,667,0,0,0,-1,0,0,-1,-1,-1,-1,-1,-1,0,1,
2026-03-25,18:20:59.960,7.51,99,100,100,-0.040,-1.97,52,0,8.07,-0.119,1.078,0.03,49,0,173.69,-9.03,10,0.00,3.80,3.81,3.80,3.81,3.80,3.80,3.82,3.80,30.57,4.1,29,28,0.0,-933,14,-333,0,0,667,0,0,0,-1,0,0,-1,-1,-1,-1,-1,-1,0,1,
2026-03-25,18:21:00.220,7.51,100,100,100,-0.159,-2.01,52,0,8.07,-0.133,0.954,0.02,48,0,173.65,-9.39,10,0.00,3.80,3.81,3.80,3.81,3.80,3.80,3.82,3.80,30.57,4.1,29,28,0.0,-965,14,-276,0,0,667,0,0,0,-1,0,0,-1,-1,-1,-1,-1,-1,0,1,
2026-03-25,18:21:00.490,7.51,99,100,100,-0.142,-2.00,52,0,8.07,-0.111,1.030,-0.03,48,0,173.82,-8.88,10,0.00,3.80,3.81,3.80,3.81,3.80,3.80,3.82,3.80,30.55,4.3,29,28,0.0,-1008,15,-144,0,0,667,0,0,0,-1,0,0,-1,-1,-1,-1,-1,-1,0,1,
2026-03-25,18:21:00.750,7.51,99,100,100,-0.086,-2.00,52,0,8.07,-0.195,0.960,-0.25,48,0,173.94,-9.23,10,0.00,3.79,3.81,3.80,3.81,3.80,3.80,3.82,3.80,30.55,4.3,29,28,0.0,-1009,14,-139,0,0,667,0,0,0,-1,0,0,-1,-1,-1,-1,-1,-1,0,1,
2026-03-25,18:21:01.020,7.51,98,100,100,-0.138,-2.30,52,0,8.07,-0.286,0.912,-0.48,49,0,173.86,-9.22,10,0.00,3.79,3.81,3.80,3.80,3.80,3.80,3.82,3.80,30.53,7.1,29,28,0.0,-974,14,-140,0,0,667,0,0,0,-1,0,0,-1,-1,-1,-1,-1,-1,0,1,
2026-03-25,18:21:01.290,7.51,99,100,100,-0.059,-2.40,51,0,8.07,-0.175,1.006,-0.38,50,0,173.95,-10.44,10,0.00,3.79,3.81,3.80,3.80,3.80,3.79,3.82,3.80,30.53,7.3,29,28,0.0,-886,14,-142,0,0,667,0,0,0,-1,0,0,-1,-1,-1,-1,-1,-1,0,1,
2026-03-25,18:21:01.560,7.51,100,100,100,-0.077,-2.46,51,0,8.07,-0.180,0.928,-0.30,49,0,173.99,-10.95,10,0.00,3.79,3.81,3.80,3.80,3.80,3.79,3.82,3.80,30.51,7.3,29,28,0.0,-764,14,-190,0,0,667,0,0,0,-1,0,0,-1,-1,-1,-1,-1,-1,0,1,
2026-03-25,18:21:01.830,7.51,99,100,100,-0.113,-2.47,51,0,8.07,-0.167,0.950,-0.17,47,0,173.97,-10.84,10,0.00,3.79,3.81,3.80,3.80,3.80,3.79,3.81,3.79,30.54,6.1,29,28,0.0,-845,15,-520,0,0,667,0,0,0,-1,0,0,-1,-1,-1,-1,-1,-1,0,1,
2026-03-25,18:21:02.090,7.51,99,100,100,-0.052,-2.41,51,0,8.07,-0.111,1.086,0.07,44,0,174.00,-11.39,10,0.00,3.78,3.80,3.80,3.80,3.80,3.79,3.81,3.79,30.54,6.1,29,28,0.0,-967,15,-727,0,0,667,0,0,0,-1,0,0,-1,-1,-1,-1,-1,-1,0,1,
2026-03-25,18:21:02.360,7.51,99,100,100,-0.109,-2.22,52,0,8.03,-0.113,1.075,0.36,41,0,174.17,-10.26,10,0.00,3.78,3.80,3.80,3.80,3.80,3.79,3.81,3.79,30.56,0.0,29,28,0.0,-979,14,-731,0,0,667,0,0,0,-1,0,0,-1,-1,-1,-1,-1,-1,0,1,
2026-03-25,18:21:02.620,7.51,100,100,100,-0.120,-1.92,53,0,8.05,-0.009,0.904,0.76,38,0,174.44,-9.13,10,0.00,3.78,3.80,3.80,3.80,3.80,3.80,3.81,3.79,30.56,0.0,29,28,0.0,-971,14,-729,0,0,667,0,0,0,-1,0,0,-1,-1,-1,-1,-1,-1,0,1,
2026-03-25,18:21:02.880,7.51,100,100,100,-0.128,-1.69,53,0,8.06,0.006,0.899,0.83,38,0,174.73,-8.38,10,0.00,3.78,3.80,3.80,3.80,3.80,3.80,3.82,3.81,30.58,0.3,29,28,0.0,-972,15,-725,0,0,667,0,0,0,-1,0,0,-1,-1,-1,-1,-1,-1,0,1,
2026-03-25,18:21:03.140,7.51,100,100,100,-0.099,-1.48,53,0,8.06,-0.050,1.000,0.42,39,0,174.67,-8.33,10,0.00,3.81,3.82,3.80,3.80,3.80,3.80,3.82,3.81,30.58,0.3,29,28,0.0,-981,14,-596,0,0,667,0,0,0,-1,0,0,-1,-1,-1,-1,-1,-1,0,1,
2026-03-25,18:21:03.400,7.51,100,100,100,-0.088,-1.42,53,0,8.07,-0.079,0.904,0.42,38,0,174.62,-7.63,10,0.00,3.81,3.82,3.81,3.82,3.80,3.80,3.82,3.81,30.59,1.4,29,28,0.0,-979,14,-540,0,0,666,0,0,0,-1,0,0,-1,-1,-1,-1,-1,-1,0,1,
2026-03-25,18:21:03.670,7.51,100,100,100,-0.133,-1.49,53,0,8.07,-0.081,0.971,0.42,36,0,174.57,-7.56,10,0.00,3.81,3.82,3.81,3.82,3.81,3.80,3.82,3.81,30.59,1.4,29,28,0.0,-974,15,-511,0,0,667,0,0,0,-1,0,0,-1,-1,-1,-1,-1,-1,0,1,
2026-03-25,18:21:03.930,7.51,100,100,100,-0.134,-1.61,53,0,8.07,-0.077,0.973,-0.26,38,0,174.45,-7.29,10,0.00,3.81,3.82,3.81,3.82,3.81,3.80,3.82,3.81,30.59,2.0,29,28,0.0,-793,14,-427,0,0,667,0,0,0,-1,0,0,-1,-1,-1,-1,-1,-1,0,1,
2026-03-25,18:21:04.200,7.50,100,100,100,-0.067,-1.61,53,0,8.07,-0.192,0.985,-0.18,38,0,174.25,-6.63,10,0.00,3.81,3.82,3.81,3.82,3.81,3.80,3.82,3.81,30.59,2.0,29,28,0.0,-854,14,-247,0,0,666,0,0,0,-1,0,0,-1,-1,-1,-1,-1,-1,0,1,
2026-03-25,18:21:04.460,7.50,100,100,100,-0.146,-1.70,53,0,8.07,-0.156,0.951,-0.19,38,0,174.17,-7.05,10,0.00,3.80,3.82,3.81,3.82,3.81,3.80,3.82,3.81,30.56,4.6,29,28,0.0,-772,14,-132,0,0,667,0,0,0,-1,0,0,-1,-1,-1,-1,-1,-1,0,1,
2026-03-25,18:21:04.720,7.50,100,100,100,-0.149,-1.87,53,0,8.07,-0.248,0.925,-0.35,40,0,173.91,-7.95,10,0.00,3.80,3.82,3.80,3.81,3.81,3.80,3.82,3.81,30.56,4.6,29,28,0.0,-723,14,-125,0,0,667,0,0,0,-1,0,0,-1,-1,-1,-1,-1,-1,0,1,
2026-03-25,18:21:04.980,7.51,100,100,100,-0.112,-2.10,53,0,8.07,-0.249,0.989,-0.35,39,0,173.75,-8.37,10,0.00,3.80,3.82,3.80,3.81,3.80,3.79,3.82,3.81,30.53,7.4,29,28,0.0,-698,14,0,0,0,667,0,0,0,-1,0,0,-1,-1,-1,-1,-1,-1,0,1,
2026-03-25,18:21:05.250,7.51,99,100,100,-0.217,-2.24,52,0,8.07,-0.310,0.861,-0.62,41,0,173.59,-9.19,10,0.00,3.80,3.82,3.80,3.81,3.80,3.79,3.81,3.79,30.53,7.4,29,28,0.0,-528,14,101,0,0,667,0,0,0,-1,0,0,-1,-1,-1,-1,-1,-1,0,1,
2026-03-25,18:21:05.510,7.51,99,100,100,-0.122,-2.43,51,0,8.07,-0.345,0.938,-0.53,43,0,173.38,-9.82,10,0.00,3.77,3.79,3.80,3.81,3.80,3.79,3.81,3.79,30.46,8.3,29,28,0.0,-413,14,99,0,0,667,0,0,0,-1,0,0,-1,-1,-1,-1,-1,-1,0,1,
2026-03-25,18:21:05.770,7.51,96,100,100,-0.131,-2.74,50,0,8.07,-0.370,0.931,-0.92,44,0,172.90,-11.68,10,0.00,3.77,3.79,3.80,3.81,3.80,3.79,3.81,3.79,30.46,9.3,29,28,0.0,-64,14,-96,0,0,667,0,0,0,-1,0,0,-1,-1,-1,-1,-1,-1,0,1,
2026-03-25,18:21:06.040,7.51,97,100,100,-0.115,-2.74,50,0,8.05,-0.259,0.849,-0.09,45,0,172.44,-12.97,10,0.00,3.77,3.79,3.78,3.78,3.80,3.79,3.81,3.79,30.45,9.3,29,28,0.0,0,15,-131,0,0,666,0,0,0,-1,0,0,-1,-1,-1,-1,-1,-1,0,1,
2026-03-25,18:21:06.310,7.51,98,100,100,-0.105,-2.54,51,0,8.06,-0.216,1.049,0.43,43,0,172.35,-13.14,10,0.00,3.77,3.79,3.78,3.78,3.79,3.77,3.81,3.79,30.44,7.2,29,28,0.0,0,14,-179,0,0,667,0,0,0,-1,0,0,-1,-1,-1,-1,-1,-1,0,1,
2026-03-25,18:21:06.580,7.51,100,100,100,-0.200,-2.43,51,0,8.07,-0.169,1.086,0.44,43,0,172.14,-13.30,10,0.00,3.77,3.79,3.78,3.78,3.79,3.77,3.79,3.78,30.44,7.2,29,28,0.0,0,14,-177,0,0,667,0,0,0,-1,0,0,-1,-1,-1,-1,-1,-1,0,1,
2026-03-25,18:21:06.850,7.51,99,100,100,-0.158,-2.33,51,0,8.07,-0.201,1.020,0.37,44,0,172.19,-13.26,10,0.00,3.77,3.79,3.78,3.78,3.79,3.77,3.79,3.78,30.44,7.0,29,28,0.0,-35,14,-180,0,0,667,0,0,0,-1,0,0,-1,-1,-1,-1,-1,-1,0,1,
2026-03-25,18:21:07.110,7.51,98,100,100,-0.109,-2.30,51,0,8.07,-0.145,0.868,0.24,40,0,172.24,-12.76,10,0.00,3.77,3.79,3.79,3.79,3.79,3.77,3.79,3.78,30.44,7.0,29,28,6.1,29,15,-171,0,0,667,0,0,0,-1,0,0,-1,-1,-1,-1,-1,-1,0,1,
2026-03-25,18:21:07.370,7.51,97,100,100,-0.116,-2.26,51,0,8.07,-0.197,0.896,0.17,43,0,172.33,-12.30,10,0.00,3.77,3.79,3.79,3.79,3.80,3.78,3.79,3.78,30.43,6.9,29,28,8.9,-54,15,-223,0,0,666,0,0,0,-1,0,0,-1,-1,-1,-1,-1,-1,0,1,
2026-03-25,18:21:07.640,7.51,97,100,100,-0.116,-2.32,52,0,8.07,-0.211,1.038,-0.02,44,0,172.31,-12.17,10,0.00,3.77,3.79,3.79,3.79,3.80,3.78,3.81,3.79,30.43,6.9,29,28,8.9,-169,14,-281,0,0,667,0,0,0,-1,0,0,-1,-1,-1,-1,-1,-1,0,1,
2026-03-25,18:21:07.910,7.51,98,100,100,-0.149,-2.30,52,0,8.07,-0.145,1.051,-0.05,45,0,172.19,-12.29,10,0.00,3.78,3.80,3.79,3.79,3.80,3.78,3.81,3.79,30.44,5.0,29,28,10.6,-195,14,-278,0,0,667,0,0,0,-1,0,0,-1,-1,-1,-1,-1,-1,0,1,
2026-03-25,18:21:08.170,7.51,99,100,100,-0.156,-2.23,52,0,8.07,-0.104,0.895,0.13,46,0,172.17,-12.65,10,0.00,3.78,3.80,3.79,3.79,3.80,3.78,3.81,3.79,30.44,5.0,29,28,8.9,-257,14,-278,0,0,667,0,0,0,-1,0,0,-1,-1,-1,-1,-1,-1,0,1,
2026-03-25,18:21:08.440,7.51,100,100,100,-0.112,-2.14,51,0,8.07,-0.133,1.041,0.27,45,0,172.25,-11.26,10,0.00,3.78,3.80,3.79,3.79,3.80,3.78,3.81,3.79,30.45,5.4,29,28,12.4,-225,15,-292,0,0,667,0,0,0,-1,0,0,-1,-1,-1,-1,-1,-1,0,1,
2026-03-25,18:21:08.700,7.51,99,100,100,-0.132,-2.08,50,0,8.07,-0.133,1.030,0.14,47,0,172.32,-11.22,10,0.00,3.78,3.80,3.79,3.79,3.80,3.79,3.81,3.79,30.45,5.4,29,28,8.9,-185,14,-356,0,0,667,0,0,0,-1,0,0,-1,-1,-1,-1,-1,-1,0,1,
2026-03-25,18:21:08.970,7.51,99,100,100,-0.154,-2.03,50,0,8.07,-0.133,0.966,0.18,46,0,172.44,-10.82,10,0.00,3.78,3.80,3.79,3.79,3.80,3.79,3.81,3.79,30.47,4.4,29,28,6.1,-238,14,-395,0,0,667,0,0,0,-1,0,0,-1,-1,-1,-1,-1,-1,0,1,
2026-03-25,18:21:09.240,7.51,98,100,100,-0.151,-2.01,51,0,8.07,-0.052,1.060,0.10,46,0,172.78,-10.02,10,0.00,3.78,3.81,3.79,3.79,3.80,3.79,3.81,3.79,30.47,4.4,29,28,8.9,-265,14,-356,0,0,667,0,0,0,-1,0,0,-1,-1,-1,-1,-1,-1,0,1,
2026-03-25,18:21:09.500,7.51,99,100,100,-0.168,-1.84,53,0,8.07,-0.056,1.060,0.33,48,0,172.55,-10.25,10,0.00,3.78,3.81,3.79,3.80,3.80,3.79,3.81,3.79,30.47,3.5,29,28,6.1,-176,14,-352,0,0,667,0,0,0,-1,0,0,-1,-1,-1,-1,-1,-1,0,1,
2026-03-25,18:21:09.780,7.51,99,100,100,-0.161,-1.84,55,0,8.07,-0.060,1.130,0.23,48,0,172.73,-9.28,10,0.00,3.78,3.81,3.79,3.80,3.80,3.79,3.81,3.79,30.47,4.2,29,28,6.1,-181,14,-291,0,0,667,0,0,0,-1,0,0,-1,-1,-1,-1,-1,-1,0,1,
2026-03-25,18:21:10.040,7.51,100,100,100,-0.124,-1.88,56,0,8.07,-0.226,1.130,-0.03,47,0,172.56,-9.62,10,0.00,3.78,3.81,3.79,3.80,3.80,3.79,3.81,3.80,30.48,4.2,29,28,6.1,-216,14,-225,0,0,667,0,0,0,-1,0,0,-1,-1,-1,-1,-1,-1,0,1,
2026-03-25,18:21:10.300,7.51,99,100,100,-0.133,-1.92,56,0,8.07,-0.194,0.841,-0.06,48,0,172.54,-9.51,10,0.00,3.79,3.80,3.79,3.80,3.80,3.79,3.81,3.80,30.46,6.5,29,28,6.1,-158,14,-194,0,0,667,0,0,0,-1,0,0,-1,-1,-1,-1,-1,-1,0,1,
2026-03-25,18:21:10.560,7.51,99,100,100,-0.187,-1.93,54,0,8.07,-0.224,0.864,-0.09,47,0,172.56,-9.59,10,0.00,3.79,3.80,3.79,3.80,3.80,3.79,3.81,3.80,30.46,6.5,29,28,8.7,-146,15,-141,0,0,667,0,0,0,-1,0,0,-1,-1,-1,-1,-1,-1,0,1,
2026-03-25,18:21:10.820,7.51,98,100,100,-0.152,-2.05,54,0,8.07,-0.176,1.028,-0.23,49,0,172.55,-9.60,10,0.00,3.79,3.80,3.79,3.80,3.80,3.79,3.81,3.80,30.46,7.0,29,28,8.7,-180,14,-201,0,0,667,0,0,0,-1,0,0,-1,-1,-1,-1,-1,-1,0,1,
2026-03-25,18:21:11.090,7.51,98,100,100,-0.152,-2.05,53,0,8.07,-0.152,1.057,-0.26,49,0,172.56,-9.38,10,0.00,3.79,3.80,3.79,3.80,3.80,3.78,3.81,3.80,30.46,7.0,29,28,8.7,-125,14,-224,0,0,667,0,0,0,-1,0,0,-1,-1,-1,-1,-1,-1,0,1,
2026-03-25,18:21:11.360,7.51,95,100,100,-0.119,-2.15,54,0,8.07,-0.189,0.970,-0.06,51,0,172.51,-9.50,10,0.00,3.79,3.80,3.79,3.80,3.80,3.78,3.81,3.78,30.45,6.3,29,28,10.6,-215,14,-228,0,0,667,0,0,0,-1,0,0,-1,-1,-1,-1,-1,-1,0,1,
2026-03-25,18:21:11.620,7.51,95,100,100,-0.101,-2.09,55,0,8.07,-0.204,0.993,0.11,52,0,172.65,-9.17,10,0.00,3.78,3.80,3.79,3.80,3.80,3.78,3.81,3.78,30.45,6.3,29,28,10.7,-272,15,-238,0,0,667,0,0,0,-1,0,0,-1,-1,-1,-1,-1,-1,0,1,
2026-03-25,18:21:11.900,7.51,95,100,100,-0.137,-2.10,57,0,8.07,-0.123,0.852,0.05,52,0,172.29,-9.37,10,0.00,3.78,3.80,3.79,3.79,3.80,3.78,3.81,3.78,30.45,6.2,29,28,12.4,-300,15,-248,0,0,667,0,0,0,-1,0,0,-1,-1,-1,-1,-1,-1,0,1,
2026-03-25,18:21:12.170,7.51,100,100,100,-0.089,-2.08,58,0,8.07,-0.141,1.049,0.01,50,0,172.17,-9.27,10,0.00,3.78,3.80,3.79,3.79,3.80,3.78,3.81,3.78,30.45,6.2,29,28,12.0,-340,14,-258,0,0,667,0,0,0,-1,0,0,-1,-1,-1,-1,-1,-1,0,1,
2026-03-25,18:21:12.440,7.51,95,100,100,-0.036,-2.06,57,0,8.07,-0.198,0.964,0.06,50,0,172.02,-9.07,10,0.00,3.78,3.80,3.79,3.79,3.80,3.78,3.81,3.79,30.45,5.7,29,28,12.0,-333,15,-224,0,0,667,0,0,0,-1,0,0,-1,-1,-1,-1,-1,-1,0,1,
2026-03-25,18:21:12.710,7.51,92,100,100,-0.068,-2.06,55,0,8.07,-0.242,0.914,0.02,49,0,172.21,-9.69,10,0.00,3.78,3.80,3.79,3.79,3.80,3.78,3.81,3.79,30.45,5.7,29,28,0.0,-434,15,-277,0,0,667,0,0,0,-1,0,0,-1,-1,-1,-1,-1,-1,0,1,
2026-03-25,18:21:12.970,7.51,91,100,100,-0.046,-2.06,55,0,8.07,-0.149,0.914,-0.08,50,0,172.49,-9.94,10,0.00,3.78,3.80,3.79,3.79,3.80,3.78,3.81,3.79,30.45,5.7,29,28,12.4,-296,15,-300,0,0,667,0,0,0,-1,0,0,-1,-1,-1,-1,-1,-1,0,1,
2026-03-25,18:21:13.240,7.51,93,100,100,-0.097,-2.08,53,0,8.07,-0.178,1.143,-0.05,42,0,172.74,-10.32,10,0.00,3.78,3.80,3.79,3.79,3.80,3.78,3.81,3.79,30.45,5.7,29,28,14.4,-160,15,-273,0,0,667,0,0,0,-1,0,0,-1,-1,-1,-1,-1,-1,0,1,
2026-03-25,18:21:13.500,7.51,95,100,100,-0.119,-1.99,53,0,8.07,-0.233,1.062,0.22,49,0,173.07,-10.18,10,0.00,3.78,3.80,3.79,3.79,3.80,3.79,3.81,3.79,30.45,4.8,29,28,10.9,-104,14,-160,0,0,667,0,0,0,-1,0,0,-1,-1,-1,-1,-1,-1,0,1,
2026-03-25,18:21:13.770,7.51,96,100,100,-0.083,-2.01,54,0,8.07,-0.291,0.915,0.16,50,0,173.05,-10.58,10,0.00,3.78,3.80,3.79,3.79,3.80,3.79,3.81,3.79,30.45,7.0,29,28,8.9,-156,14,-178,0,0,667,0,0,0,-1,0,0,-1,-1,-1,-1,-1,-1,0,1,
2026-03-25,18:21:14.030,7.51,95,100,100,-0.135,-2.11,56,0,8.07,-0.172,0.961,-0.25,53,0,173.14,-10.56,10,0.00,3.78,3.80,3.79,3.79,3.80,3.79,3.81,3.79,30.43,7.0,29,28,12.4,-97,14,-194,0,0,667,0,0,0,-1,0,0,-1,-1,-1,-1,-1,-1,0,1,
2026-03-25,18:21:14.290,7.51,94,99,99,-0.092,-2.03,57,0,8.07,-0.172,0.976,0.02,52,0,173.04,-10.39,10,0.00,3.78,3.80,3.79,3.79,3.80,3.79,3.81,3.79,30.43,6.7,29,28,8.9,-28,14,-192,0,0,667,0,0,0,-1,0,0,-1,-1,-1,-1,-1,-1,0,1,
2026-03-25,18:21:14.550,7.51,93,99,99,-0.151,-2.04,58,0,8.07,-0.236,0.874,0.06,53,0,173.15,-10.59,10,0.00,3.78,3.80,3.79,3.79,3.80,3.79,3.81,3.79,30.43,6.7,29,28,16.5,0,14,-185,0,0,667,0,0,0,-1,0,0,-1,-1,-1,-1,-1,-1,0,1,
2026-03-25,18:21:14.820,7.51,93,99,99,-0.144,-2.11,58,0,8.07,-0.133,0.994,-0.12,55,0,173.38,-9.79,10,0.00,3.78,3.80,3.79,3.79,3.80,3.79,3.80,3.78,30.43,6.8,29,28,16.5,0,15,-185,0,0,667,0,0,0,-1,0,0,-1,-1,-1,-1,-1,-1,0,1,
2026-03-25,18:21:15.090,7.51,94,99,99,-0.221,-2.10,58,0,8.07,-0.113,0.902,-0.01,56,0,172.84,-11.02,10,0.00,3.78,3.80,3.79,3.79,3.80,3.79,3.80,3.78,30.42,6.8,29,28,12.4,0,14,-185,0,0,667,0,0,0,-1,0,0,-1,-1,-1,-1,-1,-1,0,1,
2026-03-25,18:21:15.350,7.51,93,99,99,-0.211,-2.14,59,0,8.07,-0.188,0.979,-0.10,57,0,172.21,-10.41,10,0.00,3.78,3.79,3.79,3.79,3.80,3.79,3.80,3.78,30.42,6.9,29,28,16.5,0,14,-181,0,0,667,0,0,0,-1,0,0,-1,-1,-1,-1,-1,-1,0,1,
2026-03-25,18:21:15.620,7.51,94,99,99,-0.204,-2.13,59,0,8.07,-0.133,1.033,-0.03,57,0,171.72,-10.18,10,0.00,3.78,3.79,3.79,3.79,3.80,3.79,3.80,3.78,30.42,6.9,29,28,12.4,-124,14,-166,0,0,667,0,0,0,-1,0,0,-1,-1,-1,-1,-1,-1,0,1,
2026-03-25,18:21:15.890,7.51,95,99,99,-0.178,-2.14,59,0,8.07,-0.158,0.994,-0.01,59,0,170.85,-10.86,10,0.00,3.78,3.79,3.79,3.79,3.79,3.78,3.80,3.78,30.41,6.9,29,28,12.4,-129,14,-192,0,0,667,0,0,0,-1,0,0,-1,-1,-1,-1,-1,-1,0,1,
2026-03-25,18:21:16.150,7.51,98,99,99,-0.135,-2.17,61,0,8.07,-0.159,1.027,-0.09,60,0,171.11,-10.27,10,0.00,3.78,3.79,3.79,3.79,3.79,3.78,3.80,3.78,30.41,6.9,29,28,8.9,-118,14,-286,0,0,667,0,0,0,-1,0,0,-1,-1,-1,-1,-1,-1,0,1,
2026-03-25,18:21:16.420,7.51,98,99,99,-0.070,-2.10,62,0,8.07,-0.219,0.858,0.08,62,0,170.95,-10.62,10,0.00,3.77,3.80,3.79,3.79,3.79,3.78,3.80,3.78,30.43,5.4,29,28,19.8,-105,14,-294,0,0,667,0,0,0,-1,0,0,-1,-1,-1,-1,-1,-1,0,1,
2026-03-25,18:21:16.700,7.51,98,99,99,-0.122,-1.90,63,0,8.07,-0.281,1.008,0.34,64,0,171.71,-10.01,10,0.00,3.77,3.80,3.79,3.79,3.79,3.78,3.80,3.78,30.43,5.4,29,28,15.2,0,14,-263,0,0,666,0,0,0,-1,0,0,-1,-1,-1,-1,-1,-1,0,1,
2026-03-25,18:21:16.960,7.51,98,99,99,-0.099,-1.88,64,0,8.07,-0.086,0.835,0.23,64,0,171.90,-9.88,10,0.00,3.77,3.80,3.79,3.79,3.80,3.78,3.80,3.78,30.42,5.4,29,28,8.9,0,15,-259,0,0,666,0,0,0,-1,0,0,-1,-1,-1,-1,-1,-1,0,1,
2026-03-25,18:21:17.230,7.51,100,100,99,-0.143,-1.83,65,0,8.07,-0.145,0.808,0.14,65,0,172.12,-9.62,10,0.00,3.77,3.80,3.79,3.79,3.80,3.78,3.81,3.79,30.42,5.4,29,28,8.9,0,14,-258,0,0,667,0,0,0,-1,0,0,-1,-1,-1,-1,-1,-1,0,1,
2026-03-25,18:21:17.490,7.51,100,100,99,-0.197,-1.81,67,0,8.07,-0.146,1.241,0.14,65,0,172.36,-8.91,10,0.00,3.77,3.80,3.79,3.79,3.80,3.78,3.81,3.79,30.42,5.9,29,28,12.4,0,14,-258,0,0,667,0,0,0,-1,0,0,-1,-1,-1,-1,-1,-1,0,1,
2026-03-25,18:21:17.750,7.51,100,100,99,-0.135,-1.91,68,0,8.07,-0.144,0.973,-0.16,66,0,171.61,-9.27,10,0.00,3.78,3.80,3.79,3.79,3.80,3.78,3.81,3.79,30.42,5.9,29,28,15.4,-168,14,-296,0,0,667,0,0,0,-1,0,0,-1,-1,-1,-1,-1,-1,0,1,
2026-03-25,18:21:18.020,7.51,99,99,99,-0.094,-1.95,69,0,8.07,-0.133,0.982,-0.15,65,0,171.87,-8.85,10,0.00,3.78,3.80,3.79,3.79,3.80,3.78,3.81,3.79,30.44,5.5,29,28,10.7,-270,14,-331,0,0,667,0,0,0,-1,0,0,-1,-1,-1,-1,-1,-1,0,1,
2026-03-25,18:21:18.300,7.51,99,100,100,-0.171,-1.89,70,0,8.07,-0.130,0.934,-0.02,64,0,171.68,-9.09,10,0.00,3.78,3.80,3.79,3.79,3.80,3.78,3.81,3.79,30.44,4.0,29,28,16.5,-270,15,-364,0,0,667,0,0,0,-1,0,0,-1,-1,-1,-1,-1,-1,0,1,
2026-03-25,18:21:18.570,7.51,99,100,100,-0.124,-1.79,70,0,8.07,-0.085,0.951,0.27,62,0,171.61,-8.53,10,0.00,3.78,3.80,3.79,3.79,3.80,3.78,3.81,3.79,30.45,4.0,29,28,14.1,-234,15,-371,0,0,667,0,0,0,-1,0,0,-1,-1,-1,-1,-1,-1,0,1,
2026-03-25,18:21:18.830,7.51,100,100,100,-0.042,-1.71,70,0,8.07,-0.045,0.925,0.26,64,0,171.70,-8.67,10,0.00,3.78,3.80,3.79,3.79,3.80,3.78,3.81,3.79,30.46,3.5,29,28,12.4,-295,15,-398,0,0,667,0,0,0,-1,0,0,-1,-1,-1,-1,-1,-1,0,1,
2026-03-25,18:21:19.090,7.51,100,100,100,-0.087,-1.68,70,0,8.07,-0.089,1.032,0.17,64,0,171.96,-8.83,10,0.00,3.78,3.80,3.79,3.80,3.80,3.78,3.81,3.79,30.46,3.5,29,28,12.4,-295,14,-397,0,0,666,0,0,0,-1,0,0,-1,-1,-1,-1,-1,-1,0,1,
2026-03-25,18:21:19.350,7.51,99,100,100,-0.041,-1.56,70,0,8.07,-0.077,0.993,0.17,66,0,172.58,-8.18,10,0.00,3.78,3.80,3.79,3.80,3.80,3.79,3.81,3.79,30.47,3.2,29,28,8.9,-344,15,-400,0,0,667,0,0,0,-1,0,0,-1,-1,-1,-1,-1,-1,0,1,
2026-03-25,18:21:19.610,7.51,99,100,100,-0.034,-1.54,70,0,8.07,-0.072,0.956,0.11,63,0,172.77,-8.57,10,0.00,3.78,3.80,3.79,3.80,3.80,3.79,3.81,3.79,30.47,3.2,29,28,8.9,-341,14,-399,0,0,667,0,0,0,-1,0,0,-1,-1,-1,-1,-1,-1,0,1,
2026-03-25,18:21:19.870,7.51,97,100,100,-0.077,-1.50,68,0,8.07,-0.132,0.969,0.08,64,0,173.39,-7.50,10,0.00,3.78,3.80,3.79,3.80,3.80,3.79,3.81,3.79,30.48,3.3,29,28,0.0,-306,14,-397,0,0,667,0,0,0,-1,0,0,-1,-1,-1,-1,-1,-1,0,1,
2026-03-25,18:21:20.140,7.51,98,100,100,-0.078,-1.47,68,0,8.07,-0.156,0.828,0.12,63,0,173.48,-8.00,10,0.00,3.79,3.80,3.79,3.80,3.80,3.79,3.81,3.79,30.48,3.3,29,28,0.6,-302,14,-366,0,0,667,0,0,0,-1,0,0,-1,-1,-1,-1,-1,-1,0,1,
2026-03-25,18:21:20.400,7.51,97,100,100,-0.079,-1.45,66,0,8.07,-0.158,1.100,0.06,62,0,173.96,-7.60,10,0.00,3.79,3.80,3.79,3.80,3.80,3.79,3.81,3.79,30.48,4.0,29,28,0.0,-315,15,-230,0,0,667,0,0,0,-1,0,0,-1,-1,-1,-1,-1,-1,0,1,
2026-03-25,18:21:20.670,7.51,98,100,100,-0.108,-1.51,64,0,8.07,-0.193,0.882,-0.05,64,0,174.17,-7.38,10,0.00,3.79,3.80,3.79,3.80,3.80,3.79,3.81,3.79,30.48,4.0,29,28,6.3,-281,14,-129,0,0,667,0,0,0,-1,0,0,-1,-1,-1,-1,-1,-1,0,1,
2026-03-25,18:21:20.950,7.51,97,100,100,-0.036,-1.51,59,0,8.07,-0.236,0.960,-0.30,61,0,173.92,-7.86,10,0.00,3.79,3.80,3.79,3.80,3.80,3.79,3.81,3.79,30.45,6.9,29,28,0.0,-268,15,-133,0,0,667,0,0,0,-1,0,0,-1,-1,-1,-1,-1,-1,0,1,
2026-03-25,18:21:21.210,7.51,98,100,100,-0.142,-1.78,57,0,8.07,-0.202,0.814,-0.41,61,0,173.97,-8.08,10,0.00,3.78,3.80,3.79,3.80,3.80,3.79,3.81,3.79,30.45,6.9,29,28,12.4,-267,14,-129,0,0,667,0,0,0,-1,0,0,-1,-1,-1,-1,-1,-1,0,1,
2026-03-25,18:21:21.480,7.51,99,100,100,-0.162,-1.80,54,0,8.07,-0.142,0.913,-0.26,59,0,173.51,-9.34,10,0.00,3.78,3.80,3.78,3.79,3.80,3.79,3.81,3.79,30.45,6.9,29,28,8.9,-247,15,-130,0,0,667,0,0,0,-1,0,0,-1,-1,-1,-1,-1,-1,0,1,
2026-03-25,18:21:21.750,7.51,99,100,100,-0.203,-1.90,53,0,8.07,-0.267,0.966,-0.26,62,0,173.21,-9.42,10,0.00,3.78,3.80,3.78,3.79,3.79,3.77,3.81,3.79,30.45,6.9,29,28,4.3,-254,15,-127,0,0,667,0,0,0,-1,0,0,-1,-1,-1,-1,-1,-1,0,1,
2026-03-25,18:21:22.010,7.51,100,100,100,-0.152,-1.90,56,0,8.07,-0.210,1.132,-0.02,61,0,172.52,-10.22,10,0.00,3.78,3.80,3.78,3.79,3.79,3.77,3.80,3.78,30.43,7.5,29,28,4.3,-187,14,-127,0,0,667,0,0,0,-1,0,0,-1,-1,-1,-1,-1,-1,0,1,
2026-03-25,18:21:22.280,7.51,100,100,100,-0.122,-1.90,61,0,8.07,-0.217,1.040,0.00,64,0,172.55,-10.12,10,0.00,3.78,3.80,3.78,3.79,3.79,3.77,3.80,3.78,30.43,7.3,29,28,12.4,-332,14,-224,0,0,667,0,0,0,-1,0,0,-1,-1,-1,-1,-1,-1,0,1,
2026-03-25,18:21:22.540,7.51,100,100,100,-0.104,-1.87,60,0,8.07,-0.186,1.125,0.01,66,0,172.38,-11.09,10,0.00,3.77,3.79,3.78,3.79,3.79,3.77,3.80,3.78,30.43,7.3,29,28,12.4,-277,14,-428,0,0,667,0,0,0,-1,0,0,-1,-1,-1,-1,-1,-1,0,1,
2026-03-25,18:21:22.810,7.51,100,100,100,0.016,-1.74,60,0,8.07,-0.123,1.174,0.26,65,0,172.72,-10.66,10,0.00,3.77,3.79,3.78,3.78,3.79,3.77,3.80,3.78,30.43,1.4,29,28,17.8,-240,14,-511,0,0,667,0,0,0,-1,0,0,-1,-1,-1,-1,-1,-1,0,1,
2026-03-25,18:21:23.080,7.51,100,100,100,-0.075,-1.53,63,0,8.07,-0.124,0.938,0.53,64,0,172.84,-10.90,10,0.00,3.77,3.79,3.78,3.78,3.79,3.78,3.80,3.78,30.45,1.4,29,28,0.0,-262,15,-437,0,0,667,0,0,0,-1,0,0,-1,-1,-1,-1,-1,-1,0,1,
2026-03-25,18:21:23.350,7.51,100,100,100,-0.141,-1.34,62,0,8.07,-0.088,0.926,0.66,62,0,173.06,-9.77,10,0.00,3.77,3.79,3.78,3.78,3.79,3.78,3.81,3.79,30.45,2.8,29,28,8.9,-238,14,-387,0,0,667,0,0,0,-1,0,0,-1,-1,-1,-1,-1,-1,0,1,
2026-03-25,18:21:23.620,7.50,100,100,100,-0.082,-1.34,59,0,8.04,-0.124,0.929,0.43,64,0,173.10,-9.21,10,0.00,3.77,3.79,3.78,3.78,3.79,3.78,3.81,3.79,30.45,2.8,29,27,12.4,-175,14,-396,0,0,667,0,0,0,-1,0,0,-1,-1,-1,-1,-1,-1,0,1,
2026-03-25,18:21:23.880,7.51,100,100,100,-0.099,-1.20,57,0,8.06,-0.161,0.940,0.34,66,0,173.48,-8.68,10,0.00,3.77,3.79,3.79,3.80,3.79,3.78,3.81,3.79,30.46,3.3,29,27,8.9,-161,14,-387,0,0,667,0,0,0,-1,0,0,-1,-1,-1,-1,-1,-1,0,1,
2026-03-25,18:21:24.160,7.51,99,100,100,-0.115,-1.21,58,0,8.06,-0.108,0.984,0.08,68,0,173.81,-8.29,10,0.00,3.77,3.79,3.79,3.80,3.80,3.79,3.81,3.79,30.46,3.3,29,27,6.1,-147,15,-350,0,0,667,0,0,0,-1,0,0,-1,-1,-1,-1,-1,-1,0,1,
2026-03-25,18:21:24.430,7.51,97,100,100,-0.049,-1.24,57,0,8.07,-0.162,0.959,-0.06,67,0,173.86,-8.07,10,0.00,3.77,3.79,3.79,3.80,3.80,3.79,3.81,3.79,30.46,4.2,29,27,6.1,-78,15,-314,0,0,667,0,0,0,-1,0,0,-1,-1,-1,-1,-1,-1,0,1,
2026-03-25,18:21:24.710,7.51,97,100,100,-0.110,-1.25,57,0,8.07,-0.107,0.969,0.01,68,0,173.88,-8.19,10,0.00,3.78,3.80,3.79,3.80,3.80,3.79,3.81,3.79,30.46,4.2,29,27,0.0,0,14,-335,0,0,667,0,0,0,-1,0,0,-1,-1,-1,-1,-1,-1,0,1,
2026-03-25,18:21:24.980,7.51,98,100,100,-0.111,-1.22,57,0,8.07,-0.188,0.902,0.04,66,0,173.72,-7.54,10,0.00,3.78,3.80,3.79,3.80,3.80,3.79,3.81,3.79,30.46,4.4,29,27,6.1,75,14,-333,0,0,667,0,0,0,-1,0,0,-1,-1,-1,-1,-1,-1,0,1,
2026-03-25,18:21:25.240,7.50,100,100,100,-0.080,-1.25,57,0,8.07,-0.134,1.102,-0.05,61,0,173.62,-7.72,10,0.00,3.78,3.80,3.79,3.80,3.80,3.79,3.81,3.79,30.46,4.4,29,27,0.0,83,14,-244,0,0,667,0,0,0,-1,0,0,-1,-1,-1,-1,-1,-1,0,1,
2026-03-25,18:21:25.510,7.51,100,100,100,-0.148,-1.36,57,0,8.07,-0.180,1.009,-0.05,61,0,173.47,-7.60,10,0.00,3.78,3.80,3.79,3.80,3.80,3.79,3.81,3.79,30.45,5.3,29,27,0.0,97,14,-208,0,0,667,0,0,0,-1,0,0,-1,-1,-1,-1,-1,-1,0,1,
2026-03-25,18:21:25.790,7.51,99,100,100,-0.096,-1.39,56,0,8.07,-0.100,0.921,-0.16,62,0,173.32,-7.72,10,0.00,3.78,3.80,3.79,3.80,3.80,3.79,3.81,3.79,30.45,6.5,29,27,0.0,143,14,-209,0,0,667,0,0,0,-1,0,0,-1,-1,-1,-1,-1,-1,0,1,
2026-03-25,18:21:26.050,7.51,99,100,100,-0.226,-1.47,56,0,8.04,-0.136,1.003,-0.25,62,0,172.74,-7.67,10,0.00,3.78,3.80,3.79,3.80,3.80,3.79,3.81,3.79,30.44,6.5,29,27,0.0,188,14,-210,0,0,667,0,0,0,-1,0,0,-1,-1,-1,-1,-1,-1,0,1,
2026-03-25,18:21:26.320,7.51,98,100,100,-0.199,-1.42,55,0,8.01,-0.165,0.960,0.03,62,0,172.25,-8.04,10,0.00,3.78,3.80,3.79,3.79,3.80,3.79,3.81,3.79,30.43,6.5,29,27,0.0,259,14,-213,0,0,667,0,0,0,-1,0,0,-1,-1,-1,-1,-1,-1,0,1,
2026-03-25,18:21:26.580,7.51,99,100,100,-0.195,-1.47,54,0,8.02,-0.140,1.035,-0.12,61,0,171.82,-8.59,10,0.00,3.78,3.80,3.79,3.79,3.80,3.79,3.81,3.79,30.43,6.5,29,27,0.0,129,14,-401,0,0,667,0,0,0,-1,0,0,-1,-1,-1,-1,-1,-1,0,1,
2026-03-25,18:21:26.840,7.50,99,100,100,-0.174,-1.33,54,0,8.05,-0.062,0.977,0.16,63,0,171.36,-8.87,10,0.00,3.78,3.80,3.79,3.79,3.80,3.79,3.81,3.78,30.45,2.5,29,27,0.0,127,14,-399,0,0,667,0,0,0,-1,0,0,-1,-1,-1,-1,-1,-1,0,1,
2026-03-25,18:21:27.110,7.51,100,100,100,-0.173,-1.14,52,0,8.06,-0.062,0.951,0.48,63,0,171.21,-8.56,10,0.00,3.78,3.80,3.79,3.79,3.80,3.79,3.81,3.78,30.45,2.5,29,27,0.0,0,14,-307,0,0,667,0,0,0,-1,0,0,-1,-1,-1,-1,-1,-1,0,1,
2026-03-25,18:21:27.370,7.51,98,100,100,-0.138,-1.12,52,0,8.07,-0.098,0.888,0.30,63,0,171.01,-8.50,10,0.00,3.78,3.80,3.79,3.79,3.80,3.79,3.81,3.78,30.44,4.6,29,27,0.0,163,15,-295,0,0,667,0,0,0,-1,0,0,-1,-1,-1,-1,-1,-1,0,1,
2026-03-25,18:21:27.630,7.51,97,100,100,-0.183,-1.17,51,0,8.02,-0.148,1.018,-0.01,64,0,171.16,-8.13,10,0.00,3.78,3.80,3.79,3.79,3.80,3.79,3.81,3.78,30.44,4.6,29,27,0.0,384,14,-292,0,0,667,0,0,0,-1,0,0,-1,-1,-1,-1,-1,-1,0,1,
2026-03-25,18:21:27.900,7.51,92,100,100,-0.225,-1.14,50,0,7.99,-0.177,1.062,0.03,63,0,171.16,-8.44,10,0.00,3.78,3.80,3.79,3.79,3.80,3.79,3.81,3.78,30.44,5.2,29,27,0.0,540,15,-281,0,0,667,0,0,0,-1,0,0,-1,-1,-1,-1,-1,-1,0,1,
2026-03-25,18:21:28.170,7.50,92,100,100,-0.227,-1.20,50,0,7.98,-0.073,0.849,-0.06,64,0,170.67,-8.35,10,0.00,3.78,3.80,3.79,3.79,3.80,3.79,3.81,3.79,30.44,5.2,29,27,0.0,629,14,-280,0,0,667,0,0,0,-1,0,0,-1,-1,-1,-1,-1,-1,0,1,
2026-03-25,18:21:28.430,7.51,93,100,100,-0.227,-1.24,50,0,7.98,-0.175,0.849,-0.16,62,0,170.46,-8.80,10,0.00,3.78,3.80,3.79,3.79,3.80,3.79,3.81,3.79,30.44,5.3,29,27,0.0,635,14,-280,0,0,667,0,0,0,-1,0,0,-1,-1,-1,-1,-1,-1,0,1,
2026-03-25,18:21:28.690,7.51,97,100,100,-0.235,-1.16,50,0,7.97,-0.127,0.895,0.10,56,0,170.19,-8.08,10,0.00,3.78,3.80,3.79,3.79,3.80,3.79,3.81,3.79,30.44,5.3,29,27,0.0,611,14,-281,0,0,667,0,0,0,-1,0,0,-1,-1,-1,-1,-1,-1,0,1,
2026-03-25,18:21:28.950,7.50,97,100,100,-0.215,-1.12,52,0,8.02,-0.102,0.972,0.17,58,0,170.00,-8.69,10,0.00,3.78,3.80,3.79,3.79,3.80,3.78,3.81,3.79,30.44,5.4,29,27,0.0,582,15,-280,0,0,667,0,0,0,-1,0,0,-1,-1,-1,-1,-1,-1,0,1,
2026-03-25,18:21:29.210,7.51,97,100,100,-0.238,-1.15,53,0,8.05,-0.134,0.860,0.00,60,0,169.21,-8.82,10,0.00,3.78,3.80,3.79,3.79,3.80,3.78,3.81,3.79,30.44,5.4,29,27,0.0,567,14,-288,0,0,667,0,0,0,-1,0,0,-1,-1,-1,-1,-1,-1,0,1,
2026-03-25,18:21:29.480,7.50,99,100,100,-0.254,-1.17,54,0,8.06,-0.092,1.018,-0.08,59,0,168.55,-9.41,10,0.00,3.78,3.80,3.79,3.79,3.80,3.78,3.81,3.79,30.44,5.4,29,27,0.0,582,14,-292,0,0,667,0,0,0,-1,0,0,-1,-1,-1,-1,-1,-1,0,1,
2026-03-25,18:21:29.750,7.50,100,100,100,-0.260,-1.17,54,0,8.06,-0.092,1.010,0.05,58,0,168.62,-9.58,10,0.00,3.78,3.80,3.79,3.79,3.80,3.78,3.81,3.79,30.44,5.4,29,27,0.0,532,14,-297,0,0,667,0,0,0,-1,0,0,-1,-1,-1,-1,-1,-1,0,1,
2026-03-25,18:21:30.020,7.50,99,100,100,-0.308,-1.13,53,0,8.07,-0.159,1.053,0.06,55,0,168.15,-9.71,10,0.00,3.78,3.80,3.79,3.79,3.80,3.78,3.81,3.79,30.44,5.1,29,27,0.0,400,15,-382,0,0,667,0,0,0,-1,0,0,-1,-1,-1,-1,-1,-1,0,1,
2026-03-25,18:21:30.290,7.51,99,100,100,-0.249,-1.14,52,0,8.07,-0.084,0.666,0.03,57,0,168.15,-9.30,10,0.00,3.78,3.80,3.79,3.79,3.80,3.79,3.81,3.79,30.44,5.1,29,27,0.0,309,14,-465,0,0,667,0,0,0,-1,0,0,-1,-1,-1,-1,-1,-1,0,1,
2026-03-25,18:21:30.560,7.51,99,100,100,-0.142,-1.06,54,0,8.07,-0.103,1.008,0.12,57,0,168.13,-9.87,10,0.00,3.78,3.80,3.79,3.79,3.80,3.79,3.81,3.79,30.46,3.0,29,27,0.0,328,14,-464,0,0,667,0,0,0,-1,0,0,-1,-1,-1,-1,-1,-1,0,1,
2026-03-25,18:21:30.830,7.51,100,100,98,-0.149,-0.90,57,0,8.07,-0.049,1.010,0.37,51,0,168.35,-10.06,10,0.00,3.78,3.80,3.79,3.79,3.80,3.79,3.81,3.79,30.48,2.1,29,27,0.0,334,14,-464,0,0,667,0,0,0,-1,0,0,-1,-1,-1,-1,-1,-1,0,1,
2026-03-25,18:21:31.090,7.51,100,100,98,-0.173,-0.85,60,0,8.07,-0.188,0.932,0.35,51,0,168.71,-9.47,10,0.00,3.78,3.80,3.80,3.80,3.80,3.79,3.81,3.79,30.48,2.1,29,27,0.0,336,14,-463,0,0,667,0,0,0,-1,0,0,-1,-1,-1,-1,-1,-1,0,1,
2026-03-25,18:21:31.360,7.51,100,100,98,-0.100,-0.87,64,0,8.07,-0.151,0.991,0.06,54,0,169.17,-10.24,10,0.00,3.78,3.80,3.80,3.80,3.80,3.79,3.81,3.79,30.49,2.4,29,27,0.0,342,14,-463,0,0,667,0,0,0,-1,0,0,-1,-1,-1,-1,-1,-1,0,1,
2026-03-25,18:21:31.630,7.51,100,100,98,-0.178,-0.78,65,0,8.07,-0.067,0.962,0.19,52,0,169.69,-8.69,10,0.00,3.78,3.80,3.80,3.80,3.80,3.79,3.81,3.80,30.49,2.4,29,27,0.0,263,14,-407,0,0,667,0,0,0,-1,0,0,-1,-1,-1,-1,-1,-1,0,1,
2026-03-25,18:21:31.890,7.51,100,100,98,-0.237,-0.82,67,0,8.07,-0.133,1.048,0.03,58,0,169.51,-8.75,10,0.00,3.78,3.80,3.80,3.80,3.80,3.79,3.81,3.80,30.49,2.9,29,27,0.0,269,14,-394,0,0,667,0,0,0,-1,0,0,-1,-1,-1,-1,-1,-1,0,1,
2026-03-25,18:21:32.150,7.51,100,100,98,-0.260,-0.79,67,0,8.07,-0.090,1.181,0.00,58,0,169.97,-8.67,10,0.00,3.79,3.81,3.80,3.80,3.80,3.79,3.81,3.80,30.49,2.9,29,27,0.0,286,14,-394,0,0,667,0,0,0,-1,0,0,-1,-1,-1,-1,-1,-1,0,1,
2026-03-25,18:21:32.410,7.50,100,100,98,-0.188,-0.89,68,0,8.07,-0.173,0.762,-0.16,62,0,169.83,-9.41,10,0.00,3.79,3.81,3.80,3.80,3.80,3.79,3.81,3.80,30.49,3.2,29,27,0.0,178,14,-426,0,0,667,0,0,0,-1,0,0,-1,-1,-1,-1,-1,-1,0,1,
2026-03-25,18:21:32.680,7.50,100,100,98,-0.087,-0.97,69,0,8.07,-0.125,0.946,-0.23,61,0,170.16,-8.82,10,0.00,3.79,3.81,3.80,3.80,3.80,3.79,3.81,3.80,30.49,3.2,29,27,0.0,110,15,-509,0,0,667,0,0,0,-1,0,0,-1,-1,-1,-1,-1,-1,0,1,
2026-03-25,18:21:32.940,7.51,100,100,98,-0.128,-0.90,69,0,8.07,-0.140,0.705,0.00,60,0,170.29,-9.23,10,0.00,3.79,3.81,3.80,3.80,3.80,3.79,3.81,3.79,30.50,1.9,29,27,0.0,31,14,-511,0,0,667,0,0,0,-1,0,0,-1,-1,-1,-1,-1,-1,0,1,
2026-03-25,18:21:33.200,7.50,100,100,98,-0.157,-0.78,70,0,8.07,-0.145,1.134,0.24,57,0,170.50,-8.31,10,0.00,3.79,3.81,3.80,3.80,3.80,3.79,3.81,3.79,30.50,1.9,29,27,0.0,0,14,-509,0,0,667,0,0,0,-1,0,0,-1,-1,-1,-1,-1,-1,0,1,
2026-03-25,18:21:33.470,7.51,99,99,98,-0.183,-0.73,69,0,8.07,-0.115,1.148,0.24,56,0,170.67,-7.71,10,0.00,3.79,3.81,3.80,3.81,3.80,3.79,3.81,3.79,30.51,1.7,29,27,0.0,-101,14,-513,0,0,667,0,0,0,-1,0,0,-1,-1,-1,-1,-1,-1,0,1,
2026-03-25,18:21:33.730,7.51,99,99,98,-0.147,-0.74,70,0,8.07,-0.108,0.936,0.07,59,0,170.58,-7.99,10,0.00,3.79,3.81,3.80,3.81,3.80,3.80,3.81,3.79,30.51,1.7,29,27,0.0,-298,14,-517,0,0,667,0,0,0,-1,0,0,-1,-1,-1,-1,-1,-1,0,1,
2026-03-25,18:21:34.000,7.51,98,98,98,-0.160,-0.77,72,0,8.04,-0.037,0.974,-0.07,65,0,170.97,-7.61,10,0.00,3.79,3.81,3.80,3.81,3.80,3.80,3.82,3.80,30.52,1.8,29,27,0.0,-509,15,-523,0,0,667,0,0,0,-1,0,0,-1,-1,-1,-1,-1,-1,0,1,
2026-03-25,18:21:34.270,7.51,99,99,98,-0.063,-0.79,73,0,8.06,-0.184,1.174,-0.02,67,0,171.12,-7.67,10,0.00,3.79,3.81,3.80,3.81,3.80,3.80,3.82,3.80,30.52,1.8,29,27,0.0,-614,14,-558,0,0,667,0,0,0,-1,0,0,-1,-1,-1,-1,-1,-1,0,1,
2026-03-25,18:21:34.530,7.50,99,99,98,-0.117,-0.77,75,0,8.06,-0.159,1.049,-0.03,66,0,171.44,-7.37,10,0.00,3.79,3.81,3.80,3.81,3.80,3.80,3.82,3.80,30.52,1.5,29,27,0.0,-661,14,-562,0,0,667,0,0,0,-1,0,0,-1,-1,-1,-1,-1,-1,0,1,
2026-03-25,18:21:34.800,7.51,99,99,99,-0.088,-0.73,74,0,8.07,-0.034,1.109,0.12,66,0,171.82,-7.38,10,0.00,3.79,3.81,3.80,3.81,3.80,3.80,3.82,3.80,30.52,1.2,29,27,0.0,-669,14,-564,0,0,667,0,0,0,-1,0,0,-1,-1,-1,-1,-1,-1,0,1,
2026-03-25,18:21:35.070,7.51,99,99,99,-0.082,-0.71,74,0,8.07,-0.054,1.122,0.03,66,0,172.17,-7.16,10,0.00,3.79,3.81,3.80,3.81,3.80,3.80,3.82,3.80,30.53,1.2,29,27,0.0,-762,14,-588,0,0,667,0,0,0,-1,0,0,-1,-1,-1,-1,-1,-1,0,1,
2026-03-25,18:21:35.330,7.50,99,99,99,-0.036,-0.70,75,0,8.04,-0.122,0.972,0.00,66,0,172.58,-6.49,10,0.00,3.79,3.81,3.80,3.81,3.80,3.80,3.82,3.80,30.53,1.0,29,27,0.0,-845,14,-529,0,0,667,0,0,0,-1,0,0,-1,-1,-1,-1,-1,-1,0,1,
2026-03-25,18:21:35.590,7.51,100,100,99,-0.026,-0.76,76,0,8.04,-0.178,0.938,-0.07,66,0,172.89,-6.42,10,0.00,3.80,3.81,3.80,3.81,3.80,3.80,3.82,3.80,30.53,1.0,29,27,0.0,-843,15,-518,0,0,667,0,0,0,-1,0,0,-1,-1,-1,-1,-1,-1,0,1,
2026-03-25,18:21:35.850,7.50,100,100,99,-0.065,-0.76,77,0,8.06,-0.116,0.991,-0.09,68,0,173.65,-6.12,10,0.00,3.80,3.81,3.80,3.81,3.80,3.80,3.82,3.80,30.53,2.2,29,27,0.0,-881,14,-467,0,0,667,0,0,0,-1,0,0,-1,-1,-1,-1,-1,-1,0,1,
2026-03-25,18:21:36.110,7.51,100,100,99,-0.082,-0.83,77,0,8.04,-0.135,0.952,-0.10,70,0,173.91,-5.86,10,0.00,3.80,3.81,3.80,3.81,3.80,3.80,3.82,3.80,30.53,2.2,29,27,0.0,-898,15,-427,0,0,667,0,0,0,-1,0,0,-1,-1,-1,-1,-1,-1,0,1,
2026-03-25,18:21:36.380,7.51,100,100,99,0.032,-0.91,78,0,8.06,-0.184,0.762,-0.21,72,0,174.09,-6.60,10,0.00,3.80,3.81,3.80,3.81,3.80,3.80,3.82,3.80,30.53,2.9,29,27,0.0,-889,14,-416,0,0,667,0,0,0,-1,0,0,-1,-1,-1,-1,-1,-1,0,1,
2026-03-25,18:21:36.640,7.51,100,100,99,-0.105,-0.99,78,0,8.06,-0.119,0.878,-0.27,71,0,174.49,-6.25,10,0.00,3.80,3.81,3.80,3.81,3.80,3.80,3.82,3.80,30.53,2.9,29,27,0.0,-892,15,-349,0,0,667,0,0,0,-1,0,0,-1,-1,-1,-1,-1,-1,0,1,
2026-03-25,18:21:36.900,7.50,100,100,99,-0.062,-1.02,78,0,8.07,-0.124,0.894,-0.19,71,0,174.51,-6.33,10,0.00,3.79,3.81,3.80,3.81,3.80,3.80,3.82,3.80,30.51,3.7,29,27,0.0,-908,14,-291,0,0,667,0,0,0,-1,0,0,-1,-1,-1,-1,-1,-1,0,1,
2026-03-25,18:21:37.170,7.50,100,100,99,-0.078,-1.13,78,0,8.07,-0.132,1.021,-0.22,73,0,174.79,-6.71,10,0.00,3.79,3.81,3.80,3.81,3.80,3.80,3.82,3.80,30.51,3.7,29,27,0.0,-892,14,-332,0,0,666,0,0,0,-1,0,0,-1,-1,-1,-1,-1,-1,0,1,
2026-03-25,18:21:37.430,7.51,100,100,99,-0.083,-1.21,77,0,8.07,-0.145,0.908,-0.33,75,0,174.93,-7.25,10,0.00,3.79,3.81,3.80,3.81,3.80,3.79,3.82,3.80,30.51,4.3,29,27,0.0,-872,14,-424,0,0,667,0,0,0,-1,0,0,-1,-1,-1,-1,-1,-1,0,1,
2026-03-25,18:21:37.690,7.50,100,100,99,-0.067,-1.26,75,0,8.07,-0.102,0.935,-0.24,77,0,175.24,-8.01,10,0.00,3.79,3.81,3.80,3.81,3.80,3.79,3.82,3.79,30.51,4.3,29,27,0.0,-812,14,-398,0,0,667,0,0,0,-1,0,0,-1,-1,-1,-1,-1,-1,0,1,
2026-03-25,18:21:37.950,7.51,100,100,98,-0.081,-1.18,74,0,8.07,-0.156,0.910,0.06,70,0,175.35,-9.20,10,0.00,3.79,3.80,3.80,3.81,3.80,3.79,3.82,3.79,30.52,2.6,29,27,0.0,-862,14,-247,0,0,666,0,0,0,-1,0,0,-1,-1,-1,-1,-1,-1,0,1,
2026-03-25,18:21:38.230,7.51,100,100,98,-0.040,-1.31,76,0,8.07,-0.237,0.906,-0.06,79,0,175.48,-9.33,10,0.00,3.79,3.80,3.80,3.80,3.80,3.79,3.82,3.79,30.52,2.6,29,27,0.0,-776,14,-232,0,0,667,0,0,0,-1,0,0,-1,-1,-1,-1,-1,-1,0,1,
2026-03-25,18:21:38.500,7.51,100,100,98,0.025,-1.39,79,0,8.05,-0.150,0.936,-0.22,83,0,175.62,-9.58,10,0.00,3.79,3.80,3.80,3.80,3.80,3.79,3.82,3.79,30.51,6.2,29,27,0.0,-464,15,-665,0,0,667,0,0,0,-1,0,0,-1,-1,-1,-1,-1,-1,0,1,
2026-03-25,18:21:38.770,7.51,100,100,99,-0.107,-1.31,80,0,8.06,-0.083,0.910,-0.03,85,0,175.56,-9.71,10,0.00,3.79,3.80,3.80,3.80,3.80,3.79,3.82,3.79,30.51,6.2,29,27,0.0,-616,14,-548,0,0,666,0,0,0,-1,0,0,-1,-1,-1,-1,-1,-1,0,1,
2026-03-25,18:21:39.040,7.51,100,100,99,-0.163,-1.06,79,0,8.07,-0.161,1.061,0.50,83,0,175.33,-9.59,10,0.00,3.79,3.80,3.80,3.80,3.80,3.79,3.82,3.80,30.51,0.0,29,27,0.0,-492,14,-510,0,0,667,0,0,0,-1,0,0,-1,-1,-1,-1,-1,-1,0,1,
2026-03-25,18:21:39.300,7.51,99,99,99,-0.062,-1.01,77,0,8.07,-0.070,0.834,0.43,83,0,175.82,-8.98,10,0.00,3.79,3.81,3.80,3.80,3.80,3.79,3.82,3.80,30.51,2.1,29,27,0.0,-332,14,-521,0,0,667,0,0,0,-1,0,0,-1,-1,-1,-1,-1,-1,0,1,
2026-03-25,18:21:39.570,7.51,99,99,99,-0.073,-0.96,72,0,8.07,-0.167,0.766,0.22,85,0,175.78,-9.19,10,0.00,3.79,3.81,3.80,3.81,3.80,3.79,3.82,3.80,30.52,2.1,29,27,0.0,-272,14,-510,0,0,667,0,0,0,-1,0,0,-1,-1,-1,-1,-1,-1,0,1,
2026-03-25,18:21:39.840,7.51,99,99,99,-0.060,-0.94,69,0,8.07,-0.104,0.982,0.13,88,0,175.74,-8.63,10,0.00,3.79,3.81,3.80,3.81,3.80,3.80,3.82,3.80,30.52,1.8,29,27,0.0,-243,14,-444,0,0,667,0,0,0,-1,0,0,-1,-1,-1,-1,-1,-1,0,1,
2026-03-25,18:21:40.110,7.50,100,100,99,-0.041,-1.01,67,0,8.07,-0.106,0.949,-0.05,87,0,175.63,-8.76,10,0.00,3.79,3.81,3.80,3.81,3.80,3.80,3.82,3.80,30.52,1.8,29,27,0.0,-293,14,-398,0,0,667,0,0,0,-1,0,0,-1,-1,-1,-1,-1,-1,0,1,
2026-03-25,18:21:40.370,7.51,100,100,99,-0.128,-1.03,69,0,8.07,-0.083,0.973,-0.09,84,0,175.50,-8.63,10,0.00,3.79,3.81,3.80,3.81,3.80,3.80,3.82,3.80,30.51,3.5,29,27,0.0,-291,14,-384,0,0,667,0,0,0,-1,0,0,-1,-1,-1,-1,-1,-1,0,1,
2026-03-25,18:21:40.650,7.51,100,100,99,-0.184,-1.14,72,0,8.07,-0.140,0.774,-0.20,76,0,175.31,-9.19,10,0.00,3.79,3.81,3.80,3.81,3.80,3.80,3.82,3.80,30.51,3.5,29,27,0.0,-295,14,-318,0,0,667,0,0,0,-1,0,0,-1,-1,-1,-1,-1,-1,0,1,
2026-03-25,18:21:40.910,7.51,100,100,99,-0.082,-1.18,72,0,8.07,-0.234,1.142,-0.12,73,0,175.25,-8.49,10,0.00,3.79,3.81,3.80,3.81,3.80,3.79,3.82,3.80,30.49,4.7,29,27,0.0,-241,15,-249,0,0,667,0,0,0,-1,0,0,-1,-1,-1,-1,-1,-1,0,1,
2026-03-25,18:21:41.170,7.51,100,100,99,-0.106,-1.24,73,0,8.07,-0.249,0.924,-0.15,77,0,174.75,-9.80,10,0.00,3.79,3.81,3.80,3.81,3.80,3.79,3.82,3.80,30.49,4.7,29,27,0.0,-298,14,-477,0,0,667,0,0,0,-1,0,0,-1,-1,-1,-1,-1,-1,0,1,
2026-03-25,18:21:41.430,7.51,100,100,99,-0.180,-1.32,73,0,8.07,-0.075,1.102,-0.28,79,0,174.71,-9.30,10,0.00,3.79,3.81,3.80,3.81,3.80,3.79,3.81,3.79,30.51,3.5,29,27,0.0,-551,14,-532,0,0,667,0,0,0,-1,0,0,-1,-1,-1,-1,-1,-1,0,1,
2026-03-25,18:21:41.690,7.51,100,100,99,-0.117,-1.17,72,0,8.04,-0.083,1.021,0.15,82,0,174.55,-9.12,10,0.00,3.79,3.80,3.80,3.81,3.80,3.79,3.81,3.79,30.51,3.5,29,27,0.0,-683,15,-491,0,0,667,0,0,0,-1,0,0,-1,-1,-1,-1,-1,-1,0,1,
2026-03-25,18:21:41.960,7.51,100,100,100,-0.025,-1.08,73,0,8.06,-0.200,1.071,0.29,83,0,174.59,-8.94,10,0.00,3.79,3.80,3.80,3.80,3.80,3.79,3.81,3.79,30.52,1.7,29,27,0.0,-690,14,-460,0,0,667,0,0,0,-1,0,0,-1,-1,-1,-1,-1,-1,0,1,
2026-03-25,18:21:42.230,7.51,100,100,100,-0.060,-0.96,73,0,8.06,-0.124,1.034,0.34,86,0,174.67,-8.72,10,0.00,3.79,3.80,3.80,3.80,3.80,3.80,3.81,3.79,30.52,1.7,29,27,0.0,-651,14,-402,0,0,667,0,0,0,-1,0,0,-1,-1,-1,-1,-1,-1,0,1,
2026-03-25,18:21:42.500,7.50,100,100,100,-0.046,-0.98,74,0,8.07,-0.201,0.814,0.14,89,0,174.79,-8.34,10,0.00,3.79,3.80,3.80,3.80,3.80,3.80,3.82,3.80,30.52,3.3,29,27,0.0,-647,15,-324,0,0,667,0,0,0,-1,0,0,-1,-1,-1,-1,-1,-1,0,1,
2026-03-25,18:21:42.770,7.50,100,100,100,-0.084,-1.04,74,0,8.07,-0.189,1.357,-0.06,90,0,175.35,-8.28,10,0.00,3.79,3.81,3.80,3.80,3.80,3.80,3.82,3.80,30.52,3.3,29,27,0.0,-697,14,-295,0,0,667,0,0,0,-1,0,0,-1,-1,-1,-1,-1,-1,0,1,
2026-03-25,18:21:43.040,7.51,100,100,100,-0.045,-1.12,74,0,8.07,-0.250,1.026,-0.18,89,0,175.14,-8.93,10,0.00,3.79,3.81,3.80,3.80,3.80,3.80,3.82,3.80,30.51,5.3,29,27,0.0,-568,15,-324,0,0,667,0,0,0,-1,0,0,-1,-1,-1,-1,-1,-1,0,1,
2026-03-25,18:21:43.300,7.51,100,100,100,-0.083,-1.18,74,0,8.07,-0.197,0.863,-0.21,90,0,174.81,-9.48,10,0.00,3.79,3.81,3.80,3.80,3.80,3.80,3.82,3.80,30.51,3.8,29,27,0.0,-596,14,-364,0,0,667,0,0,0,-1,0,0,-1,-1,-1,-1,-1,-1,0,1,
2026-03-25,18:21:43.560,7.51,100,100,100,-0.091,-1.20,74,0,8.07,-0.152,0.874,-0.20,87,0,174.79,-9.79,10,0.00,3.79,3.81,3.80,3.80,3.80,3.79,3.82,3.80,30.51,3.8,29,27,0.0,-582,14,-327,0,0,667,0,0,0,-1,0,0,-1,-1,-1,-1,-1,-1,0,1,
2026-03-25,18:21:43.830,7.51,100,100,100,-0.072,-1.21,74,0,8.07,-0.137,1.016,0.02,87,0,174.80,-9.31,10,0.00,3.79,3.81,3.80,3.80,3.80,3.79,3.81,3.79,30.53,3.4,29,27,0.0,-601,14,-561,0,0,667,0,0,0,-1,0,0,-1,-1,-1,-1,-1,-1,0,1,
2026-03-25,18:21:44.090,7.51,100,100,100,-0.079,-1.12,74,0,8.07,-0.078,1.040,0.11,86,0,174.74,-9.40,10,0.00,3.79,3.80,3.80,3.80,3.80,3.79,3.81,3.79,30.53,3.4,29,27,0.0,-663,15,-432,0,0,667,0,0,0,-1,0,0,-1,-1,-1,-1,-1,-1,0,1,
2026-03-25,18:21:44.350,7.51,100,100,100,-0.091,-1.02,75,0,8.07,-0.178,1.135,0.31,86,0,174.70,-8.91,10,0.00,3.79,3.80,3.80,3.80,3.80,3.79,3.81,3.79,30.52,2.9,29,27,0.0,-666,14,-418,0,0,667,0,0,0,-1,0,0,-1,-1,-1,-1,-1,-1,0,1,
2026-03-25,18:21:44.610,7.51,100,100,100,-0.158,-1.04,76,0,8.07,-0.167,0.928,0.31,85,0,174.77,-9.00,10,0.00,3.79,3.80,3.80,3.80,3.80,3.79,3.81,3.79,30.52,2.9,29,27,0.0,-733,14,-333,0,0,667,0,0,0,-1,0,0,-1,-1,-1,-1,-1,-1,0,1,
2026-03-25,18:21:44.870,7.51,100,100,100,0.000,-1.06,77,0,8.07,-0.200,1.001,-0.02,85,0,174.86,-8.81,10,0.00,3.79,3.80,3.80,3.80,3.80,3.79,3.82,3.80,30.51,4.3,29,27,0.0,-683,14,-302,0,0,667,0,0,0,-1,0,0,-1,-1,-1,-1,-1,-1,0,1,
2026-03-25,18:21:45.130,7.51,100,100,100,-0.150,-1.12,77,0,8.07,-0.109,0.865,-0.13,86,0,174.81,-8.84,10,0.00,3.79,3.81,3.80,3.80,3.80,3.79,3.82,3.80,30.51,4.3,29,27,0.0,-664,14,-303,0,0,667,0,0,0,-1,0,0,-1,-1,-1,-1,-1,-1,0,1,
2026-03-25,18:21:45.390,7.51,100,100,100,-0.052,-1.21,77,0,8.07,-0.161,1.071,-0.23,85,0,174.88,-8.63,10,0.00,3.79,3.81,3.80,3.80,3.80,3.79,3.82,3.80,30.50,5.0,29,27,0.0,-709,14,-301,0,0,667,0,0,0,-1,0,0,-1,-1,-1,-1,-1,-1,0,1,
2026-03-25,18:21:45.660,7.51,100,100,100,-0.111,-1.27,77,0,8.07,-0.220,0.918,-0.24,85,0,174.71,-8.94,10,0.00,3.79,3.81,3.80,3.80,3.80,3.79,3.82,3.80,30.50,5.0,29,27,0.0,-681,14,-508,0,0,667,0,0,0,-1,0,0,-1,-1,-1,-1,-1,-1,0,1,
2026-03-25,18:21:45.930,7.51,99,100,100,-0.044,-1.34,77,0,8.02,-0.177,0.845,-0.19,84,0,174.79,-8.79,10,0.00,3.79,3.81,3.80,3.80,3.80,3.79,3.82,3.80,30.51,2.3,29,27,0.0,-881,14,-514,0,0,667,0,0,0,-1,0,0,-1,-1,-1,-1,-1,-1,0,1,
2026-03-25,18:21:46.190,7.50,99,100,100,-0.041,-1.22,77,0,8.00,-0.099,0.955,0.05,83,0,175.04,-8.45,10,0.00,3.79,3.81,3.80,3.80,3.80,3.79,3.81,3.80,30.51,2.3,29,27,0.0,-912,14,-428,0,0,667,0,0,0,-1,0,0,-1,-1,-1,-1,-1,-1,0,1,
2026-03-25,18:21:46.470,7.51,99,100,100,-0.063,-1.00,76,0,8.03,-0.129,0.843,0.28,82,0,174.79,-8.82,10,0.00,3.79,3.80,3.80,3.80,3.80,3.79,3.81,3.80,30.51,2.7,29,27,0.0,-868,14,-292,0,0,667,0,0,0,-1,0,0,-1,-1,-1,-1,-1,-1,0,1,
2026-03-25,18:21:46.740,7.51,100,100,100,-0.089,-1.05,76,0,8.05,-0.242,1.022,0.11,82,0,174.81,-8.57,10,0.00,3.79,3.80,3.80,3.81,3.80,3.79,3.81,3.80,30.51,2.7,29,27,0.0,-870,14,-223,0,0,667,0,0,0,-1,0,0,-1,-1,-1,-1,-1,-1,0,1,
2026-03-25,18:21:47.000,7.51,100,100,100,-0.059,-1.21,77,0,8.06,-0.295,0.956,-0.33,81,0,174.76,-9.44,10,0.00,3.79,3.80,3.80,3.81,3.80,3.79,3.81,3.80,30.49,6.0,29,27,0.0,-744,14,-413,0,0,667,0,0,0,-1,0,0,-1,-1,-1,-1,-1,-1,0,1,
2026-03-25,18:21:47.270,7.50,100,100,100,-0.043,-1.32,77,0,8.07,-0.144,0.959,-0.41,80,0,174.66,-9.33,10,0.00,3.79,3.80,3.80,3.81,3.80,3.79,3.81,3.79,30.49,6.0,29,27,0.0,-748,14,-472,0,0,667,0,0,0,-1,0,0,-1,-1,-1,-1,-1,-1,0,1,
2026-03-25,18:21:47.540,7.51,100,100,100,-0.058,-1.21,79,0,8.07,-0.147,0.943,0.01,78,0,174.52,-9.60,10,0.00,3.79,3.80,3.80,3.81,3.80,3.79,3.81,3.79,30.49,2.5,29,27,0.0,-732,14,-521,0,0,667,0,0,0,-1,0,0,-1,-1,-1,-1,-1,-1,0,1,
2026-03-25,18:21:47.810,7.51,100,100,100,-0.115,-1.08,79,0,8.07,-0.141,1.134,0.28,77,0,174.67,-9.80,10,0.00,3.79,3.80,3.80,3.80,3.80,3.79,3.81,3.79,30.49,1.2,29,27,0.0,-755,14,-522,0,0,667,0,0,0,-1,0,0,-1,-1,-1,-1,-1,-1,0,1,
2026-03-25,18:21:48.070,7.51,100,100,100,-0.068,-0.99,80,0,8.07,-0.086,0.729,0.36,79,0,174.77,-9.95,10,0.00,3.79,3.80,3.80,3.80,3.80,3.79,3.81,3.79,30.51,1.2,29,27,0.0,-788,14,-524,0,0,667,0,0,0,-1,0,0,-1,-1,-1,-1,-1,-1,0,1,
2026-03-25,18:21:48.330,7.51,100,100,100,-0.102,-0.94,80,0,8.05,-0.118,1.070,0.22,76,0,174.70,-9.19,10,0.00,3.79,3.80,3.80,3.80,3.80,3.79,3.81,3.79,30.51,1.7,29,27,0.0,-802,14,-522,0,0,667,0,0,0,-1,0,0,-1,-1,-1,-1,-1,-1,0,1,
2026-03-25,18:21:48.590,7.50,100,100,100,-0.072,-0.89,80,0,8.06,-0.195,0.804,0.20,75,0,174.70,-8.89,10,0.00,3.79,3.80,3.80,3.80,3.80,3.79,3.82,3.80,30.51,1.7,29,27,0.0,-716,14,-391,0,0,667,0,0,0,-1,0,0,-1,-1,-1,-1,-1,-1,0,1,
2026-03-25,18:21:48.850,7.50,100,100,100,-0.110,-0.84,81,0,8.07,-0.166,0.950,0.17,75,0,174.63,-8.33,10,0.00,3.80,3.81,3.80,3.80,3.80,3.79,3.82,3.80,30.50,3.5,29,27,0.0,-682,14,-304,0,0,667,0,0,0,-1,0,0,-1,-1,-1,-1,-1,-1,0,1,
2026-03-25,18:21:49.110,7.51,100,100,100,-0.126,-0.96,82,0,8.05,-0.254,0.903,-0.17,73,0,174.41,-8.77,10,0.00,3.80,3.81,3.80,3.81,3.80,3.79,3.82,3.80,30.50,3.5,29,27,0.0,-722,14,-294,0,0,667,0,0,0,-1,0,0,-1,-1,-1,-1,-1,-1,0,1,
2026-03-25,18:21:49.370,7.50,100,100,100,-0.072,-1.04,81,0,8.06,-0.202,0.841,-0.25,73,0,174.33,-9.05,10,0.00,3.80,3.81,3.80,3.81,3.80,3.79,3.82,3.80,30.50,5.2,29,27,0.0,-741,15,-327,0,0,667,0,0,0,-1,0,0,-1,-1,-1,-1,-1,-1,0,1,
2026-03-25,18:21:49.630,7.51,100,100,100,-0.143,-1.14,80,0,8.07,-0.124,0.923,-0.33,71,0,174.26,-9.42,10,0.00,3.80,3.81,3.80,3.81,3.80,3.79,3.81,3.79,30.50,5.2,29,27,0.0,-725,14,-428,0,0,667,0,0,0,-1,0,0,-1,-1,-1,-1,-1,-1,0,1,
2026-03-25,18:21:49.890,7.51,100,100,100,-0.114,-1.13,80,0,8.04,-0.119,0.959,-0.14,74,0,174.21,-8.86,10,0.00,3.80,3.81,3.80,3.81,3.80,3.79,3.81,3.79,30.51,2.4,29,27,0.0,-524,14,-601,0,0,667,0,0,0,-1,0,0,-1,-1,-1,-1,-1,-1,0,1,
2026-03-25,18:21:50.150,7.51,99,100,100,-0.002,-1.05,79,0,8.05,-0.068,0.996,0.10,74,0,174.31,-9.24,10,0.00,3.79,3.80,3.80,3.81,3.80,3.79,3.81,3.79,30.51,2.4,29,27,0.0,-489,14,-625,0,0,667,0,0,0,-1,0,0,-1,-1,-1,-1,-1,-1,0,1,
2026-03-25,18:21:50.420,7.51,99,100,100,-0.134,-0.88,79,0,8.06,-0.072,0.918,0.38,73,0,174.18,-8.78,10,0.00,3.79,3.80,3.80,3.80,3.80,3.79,3.81,3.79,30.53,0.0,29,27,0.0,-462,14,-626,0,0,667,0,0,0,-1,0,0,-1,-1,-1,-1,-1,-1,0,1,
2026-03-25,18:21:50.680,7.51,99,100,100,-0.110,-0.76,79,0,8.07,-0.120,0.914,0.48,76,0,174.13,-8.71,10,0.00,3.79,3.80,3.80,3.80,3.80,3.80,3.81,3.79,30.53,0.0,29,27,0.0,-352,14,-626,0,0,667,0,0,0,-1,0,0,-1,-1,-1,-1,-1,-1,0,1,
2026-03-25,18:21:50.950,7.50,100,100,100,-0.144,-0.69,78,0,8.07,-0.073,0.951,0.31,72,0,174.11,-8.67,10,0.00,3.79,3.80,3.80,3.80,3.80,3.80,3.82,3.80,30.54,0.8,29,27,0.0,-307,14,-338,0,0,667,0,0,0,-1,0,0,-1,-1,-1,-1,-1,-1,0,1,
2026-03-25,18:21:51.220,7.50,100,100,100,-0.107,-0.69,78,0,8.07,-0.221,1.044,0.15,74,0,174.03,-7.89,10,0.00,3.80,3.81,3.80,3.80,3.80,3.80,3.82,3.80,30.54,0.8,29,27,0.0,-171,14,-234,0,0,667,0,0,0,-1,0,0,-1,-1,-1,-1,-1,-1,0,1,
2026-03-25,18:21:51.480,7.50,100,100,100,-0.155,-0.89,79,0,8.04,-0.180,0.929,-0.25,76,0,173.92,-8.66,10,0.00,3.80,3.81,3.80,3.81,3.80,3.80,3.82,3.80,30.51,5.7,29,27,0.0,0,14,-302,0,0,667,0,0,0,-1,0,0,-1,-1,-1,-1,-1,-1,0,1,
2026-03-25,18:21:51.740,7.51,100,100,100,-0.124,-1.13,79,0,8.06,-0.215,0.966,-0.67,74,0,173.79,-9.09,10,0.00,3.80,3.81,3.80,3.81,3.80,3.79,3.82,3.80,30.51,5.7,29,27,0.0,0,14,-306,0,0,667,0,0,0,-1,0,0,-1,-1,-1,-1,-1,-1,0,1,
2026-03-25,18:21:52.000,7.51,100,100,100,-0.137,-1.20,79,0,8.06,-0.236,1.021,-0.49,76,0,173.99,-8.43,10,0.00,3.80,3.81,3.80,3.81,3.80,3.79,3.81,3.79,30.50,4.6,29,27,0.0,-5,14,-308,0,0,667,0,0,0,-1,0,0,-1,-1,-1,-1,-1,-1,0,1,
2026-03-25,18:21:52.260,7.51,100,100,100,-0.059,-1.15,79,0,8.07,-0.197,0.957,0.02,77,0,173.83,-9.51,10,0.00,3.80,3.81,3.80,3.81,3.80,3.79,3.81,3.79,30.50,4.6,29,27,0.0,-1,15,-421,0,0,666,0,0,0,-1,0,0,-1,-1,-1,-1,-1,-1,0,1,
2026-03-25,18:21:52.520,7.50,99,100,100,-0.181,-1.04,80,0,8.07,-0.143,1.121,0.18,73,0,173.99,-9.26,10,0.00,3.79,3.80,3.80,3.81,3.80,3.79,3.81,3.79,30.51,3.8,29,27,0.0,-16,14,-488,0,0,667,0,0,0,-1,0,0,-1,-1,-1,-1,-1,-1,0,1,
2026-03-25,18:21:52.790,7.51,99,100,100,-0.107,-0.97,81,0,8.07,-0.072,0.840,0.22,73,0,173.83,-9.70,10,0.00,3.79,3.80,3.80,3.80,3.80,3.79,3.81,3.79,30.51,1.7,29,27,0.0,-91,14,-500,0,0,667,0,0,0,-1,0,0,-1,-1,-1,-1,-1,-1,0,1,
2026-03-25,18:21:53.050,7.51,99,99,99,-0.117,-0.89,82,0,8.07,-0.110,1.076,0.28,69,0,174.08,-9.03,10,0.00,3.79,3.80,3.80,3.80,3.80,3.79,3.81,3.79,30.52,1.7,29,27,0.0,-116,14,-505,0,0,667,0,0,0,-1,0,0,-1,-1,-1,-1,-1,-1,0,1,
2026-03-25,18:21:53.320,7.50,100,100,99,-0.101,-0.86,82,0,8.07,-0.077,0.887,0.19,74,0,174.21,-9.00,10,0.00,3.79,3.80,3.80,3.80,3.80,3.79,3.82,3.80,30.52,1.7,29,27,0.0,-262,14,-393,0,0,667,0,0,0,-1,0,0,-1,-1,-1,-1,-1,-1,0,1,
2026-03-25,18:21:53.580,7.50,100,100,99,-0.108,-0.86,82,0,8.07,-0.178,0.934,0.08,74,0,174.25,-8.63,10,0.00,3.79,3.81,3.80,3.80,3.80,3.79,3.82,3.80,30.52,1.7,29,27,0.0,-340,14,-244,0,0,667,0,0,0,-1,0,0,-1,-1,-1,-1,-1,-1,0,1,
2026-03-25,18:21:53.840,7.51,100,100,99,-0.120,-0.95,82,0,8.07,-0.264,1.003,-0.11,75,0,174.25,-8.61,10,0.00,3.79,3.81,3.79,3.80,3.80,3.79,3.82,3.80,30.49,6.2,29,27,0.0,-485,14,-126,0,0,667,0,0,0,-1,0,0,-1,-1,-1,-1,-1,-1,0,1,
2026-03-25,18:21:54.100,7.51,100,100,99,-0.137,-1.13,82,0,8.07,-0.187,0.871,-0.43,78,0,173.83,-10.27,10,0.00,3.79,3.81,3.79,3.80,3.80,3.79,3.82,3.80,30.49,6.2,29,27,0.0,-534,15,-36,0,0,666,0,0,0,-1,0,0,-1,-1,-1,-1,-1,-1,0,1,
2026-03-25,18:21:54.360,7.51,100,100,99,-0.187,-1.35,82,0,8.07,-0.280,0.881,-0.61,79,0,173.64,-9.92,10,0.00,3.79,3.81,3.79,3.80,3.80,3.79,3.82,3.80,30.49,7.5,29,27,0.0,-331,14,-494,0,0,667,0,0,0,-1,0,0,-1,-1,-1,-1,-1,-1,0,1,
2026-03-25,18:21:54.640,7.50,99,99,99,0.004,-1.61,81,0,8.07,-0.053,1.104,-0.81,81,0,173.61,-10.94,10,0.00,3.79,3.81,3.79,3.80,3.80,3.79,3.81,3.79,30.49,7.5,29,27,0.0,-407,14,-695,0,0,667,0,0,0,-1,0,0,-1,-1,-1,-1,-1,-1,0,1,
2026-03-25,18:21:54.900,7.50,99,99,99,-0.036,-1.47,81,0,8.07,-0.069,0.845,-0.21,81,0,173.91,-9.99,10,0.00,3.78,3.80,3.79,3.80,3.80,3.79,3.81,3.79,30.51,0.0,29,27,0.0,-344,15,-753,0,0,667,0,0,0,-1,0,0,-1,-1,-1,-1,-1,-1,0,1,
2026-03-25,18:21:55.160,7.51,99,99,99,-0.073,-0.81,81,0,8.07,-0.111,0.924,0.69,81,0,173.91,-9.01,10,0.00,3.78,3.80,3.79,3.80,3.80,3.79,3.81,3.79,30.51,0.0,29,27,0.0,-469,14,-729,0,0,667,0,0,0,-1,0,0,-1,-1,-1,-1,-1,-1,0,1,
2026-03-25,18:21:55.420,7.50,100,100,99,-0.129,-0.66,81,0,8.07,-0.069,0.946,0.74,82,0,174.17,-8.48,10,0.00,3.78,3.80,3.79,3.80,3.80,3.79,3.81,3.79,30.52,0.0,29,27,0.0,-568,14,-602,0,0,667,0,0,0,-1,0,0,-1,-1,-1,-1,-1,-1,0,1,
2026-03-25,18:21:55.680,7.50,99,99,99,-0.098,-0.67,80,0,8.07,-0.128,1.013,0.32,81,0,174.18,-8.00,10,0.00,3.78,3.80,3.79,3.80,3.80,3.79,3.82,3.80,30.52,0.0,29,27,0.0,-558,14,-598,0,0,667,0,0,0,-1,0,0,-1,-1,-1,-1,-1,-1,0,1,
2026-03-25,18:21:55.960,7.51,99,99,99,-0.092,-0.67,80,0,8.07,-0.152,0.982,0.06,82,0,174.11,-8.33,10,0.00,3.80,3.81,3.79,3.80,3.80,3.79,3.82,3.80,30.53,1.5,29,27,0.0,-456,14,-693,0,0,667,0,0,0,-1,0,0,-1,-1,-1,-1,-1,-1,0,1,
2026-03-25,18:21:56.230,7.51,99,99,99,-0.106,-0.67,82,0,8.07,-0.165,0.975,0.05,83,0,174.09,-8.42,10,0.00,3.80,3.81,3.80,3.81,3.80,3.79,3.82,3.80,30.53,1.5,29,27,0.0,-336,14,-885,0,0,667,0,0,0,-1,0,0,-1,-1,-1,-1,-1,-1,0,1,
2026-03-25,18:21:56.490,7.51,100,100,99,-0.110,-0.62,82,0,8.07,-0.163,0.969,0.07,82,0,174.04,-8.65,10,0.00,3.80,3.81,3.80,3.81,3.80,3.80,3.82,3.80,30.54,0.0,29,27,0.0,-251,14,-1018,0,0,667,0,0,0,-1,0,0,-1,-1,-1,-1,-1,-1,0,1,
2026-03-25,18:21:56.750,7.51,100,100,99,-0.109,-0.61,79,0,8.07,-0.160,0.968,0.09,81,0,173.97,-8.84,10,0.00,3.80,3.81,3.80,3.81,3.80,3.80,3.82,3.80,30.54,0.0,29,27,0.0,-138,14,-1023,0,0,667,0,0,0,-1,0,0,-1,-1,-1,-1,-1,-1,0,1,
2026-03-25,18:21:57.010,7.51,99,99,99,-0.108,-0.62,78,0,8.05,-0.165,0.968,0.01,80,0,173.95,-8.91,10,0.00,3.80,3.81,3.80,3.81,3.80,3.80,3.82,3.80,30.56,0.0,29,27,0.0,-48,14,-1024,0,0,667,0,0,0,-1,0,0,-1,-1,-1,-1,-1,-1,0,1,
2026-03-25,18:21:57.270,7.51,98,100,100,-0.108,-0.59,77,0,8.01,-0.165,0.971,0.03,80,0,173.91,-9.03,10,0.00,3.80,3.82,3.80,3.81,3.80,3.80,3.82,3.80,30.56,0.0,29,27,0.0,0,14,-1016,0,0,667,0,0,0,-1,0,0,-1,-1,-1,-1,-1,-1,0,1,
2026-03-25,18:21:57.540,7.51,98,100,100,-0.109,-0.51,78,0,8.05,-0.164,0.971,0.17,84,0,173.90,-9.09,10,0.00,3.80,3.82,3.81,3.82,3.80,3.80,3.82,3.80,30.56,0.0,29,27,0.0,0,14,-1009,0,0,667,0,0,0,-1,0,0,-1,-1,-1,-1,-1,-1,0,1,
2026-03-25,18:21:57.810,7.51,99,100,100,-0.107,-0.47,81,0,8.06,-0.165,0.972,0.19,87,0,173.87,-9.19,10,0.00,3.80,3.82,3.81,3.82,3.80,3.80,3.82,3.80,30.56,0.0,29,27,0.0,0,14,-1009,0,0,667,0,0,0,-1,0,0,-1,-1,-1,-1,-1,-1,0,1,
2026-03-25,18:21:58.080,7.51,99,100,100,-0.108,-0.51,81,0,8.06,-0.165,0.971,-0.08,86,0,173.85,-9.27,10,0.00,3.80,3.82,3.81,3.82,3.80,3.80,3.82,3.81,30.57,0.0,29,27,0.0,0,14,-1011,0,0,667,0,0,0,-1,0,0,-1,-1,-1,-1,-1,-1,0,1,
2026-03-25,18:21:58.350,7.50,98,100,100,-0.107,-0.52,80,0,8.07,-0.165,0.972,0.00,85,0,173.84,-9.30,10,0.00,3.80,3.82,3.81,3.82,3.80,3.80,3.82,3.81,30.58,0.0,29,27,0.0,0,14,-1022,0,0,667,0,0,0,-1,0,0,-1,-1,-1,-1,-1,-1,0,1,
2026-03-25,18:21:58.610,7.50,96,100,100,-0.107,-0.52,79,0,8.07,-0.165,0.971,-0.02,86,0,173.83,-9.36,10,0.00,3.80,3.82,3.81,3.81,3.80,3.80,3.82,3.81,30.58,0.0,29,27,0.0,0,13,-1022,0,0,666,0,0,0,-1,0,0,-1,-1,-1,-1,-1,-1,0,1,
2026-03-25,18:21:58.880,7.50,97,100,100,-0.107,-0.51,79,0,8.07,-0.165,0.972,0.00,87,0,173.82,-9.38,10,0.00,3.80,3.82,3.81,3.81,3.80,3.80,3.82,3.81,30.58,0.0,29,27,0.0,0,14,-1022,0,0,667,0,0,0,-1,0,0,-1,-1,-1,-1,-1,-1,0,1,
2026-03-25,18:21:59.140,7.51,97,100,100,-0.107,-0.49,79,0,8.07,-0.165,0.972,0.08,89,0,173.81,-9.43,10,0.00,3.80,3.82,3.81,3.81,3.81,3.80,3.82,3.81,30.58,0.0,29,27,0.0,0,14,-1023,0,0,667,0,0,0,-1,0,0,-1,-1,-1,-1,-1,-1,0,1,
2026-03-25,18:21:59.410,7.50,99,100,100,-0.107,-0.50,79,0,8.07,-0.165,0.971,0.01,91,0,173.80,-9.46,10,0.00,3.80,3.82,3.81,3.81,3.81,3.80,3.82,3.81,30.58,0.0,29,27,0.0,0,14,-1023,0,0,667,0,0,0,-1,0,0,-1,-1,-1,-1,-1,-1,0,1,
2026-03-25,18:21:59.670,7.51,98,100,100,-0.107,-0.51,80,0,8.07,-0.165,0.971,-0.02,91,0,173.79,-9.48,10,0.00,3.80,3.82,3.81,3.81,3.81,3.80,3.82,3.81,30.58,0.0,29,27,0.0,0,14,-1023,0,0,667,0,0,0,-1,0,0,-1,1,-1,-1,-1,-1,0,1,
2026-03-25,18:21:59.930,7.51,99,100,100,-0.106,-0.52,81,0,8.07,-0.165,0.971,-0.02,91,0,173.79,-9.51,10,0.00,3.80,3.82,3.81,3.82,3.81,3.80,3.82,3.81,30.59,0.0,29,27,0.0,0,14,-1023,0,0,667,0,0,0,-1,0,0,-1,1,-1,-1,-1,-1,0,1,
2026-03-25,18:22:00.200,7.51,98,100,100,-0.087,-0.51,81,0,8.07,-0.186,0.965,0.02,92,0,173.77,-9.50,10,0.00,3.80,3.82,3.81,3.82,3.81,3.80,3.82,3.81,30.59,0.0,29,27,0.0,0,13,-1023,0,0,667,0,0,0,-1,0,0,-1,1,-1,-1,-1,-1,0,1,
2026-03-25,18:22:00.470,7.51,99,100,100,-0.121,-0.53,83,0,8.07,-0.170,0.960,-0.06,93,0,173.77,-9.53,10,0.00,3.80,3.82,3.81,3.82,3.81,3.80,3.82,3.81,30.59,0.0,29,27,0.0,0,14,-1020,0,0,667,0,0,0,-1,0,0,-1,1,-1,-1,-1,-1,0,1,
2026-03-25,18:22:00.730,7.51,99,100,100,-0.119,-0.51,84,0,8.07,-0.172,0.980,0.03,93,0,173.80,-9.32,10,0.00,3.81,3.82,3.81,3.82,3.81,3.80,3.82,3.81,30.59,0.0,29,27,0.0,0,13,-1014,0,0,666,0,0,0,-1,0,0,-1,1,-1,-1,-1,-1,0,1,
2026-03-25,18:22:01.010,7.51,100,100,100,-0.117,-0.52,84,0,8.07,-0.135,0.971,0.02,94,0,173.84,-9.14,10,0.00,3.81,3.82,3.81,3.82,3.81,3.80,3.82,3.81,30.59,0.0,29,27,0.0,0,14,-1013,0,0,667,0,0,0,-1,0,0,-1,1,-1,-1,-1,-1,0,1,
2026-03-25,18:22:01.280,7.51,100,100,100,-0.101,-0.54,84,0,8.07,-0.142,0.979,-0.04,95,0,173.78,-9.22,10,0.00,3.81,3.82,3.81,3.82,3.81,3.80,3.82,3.81,30.59,0.0,29,27,0.0,0,14,-1013,0,0,667,0,0,0,-1,0,0,-1,1,-1,-1,-1,-1,0,1,
2026-03-25,18:22:01.540,7.51,100,100,100,-0.101,-0.57,85,0,8.07,-0.183,0.982,-0.08,95,0,173.76,-9.20,10,0.00,3.81,3.82,3.81,3.82,3.81,3.81,3.82,3.81,30.60,0.0,29,27,0.0,0,14,-1013,0,0,667,0,0,0,-1,0,0,-1,1,-1,-1,-1,-1,0,1,
2026-03-25,18:22:01.800,7.50,100,100,100,-0.112,-0.53,86,0,8.07,-0.166,0.972,0.06,96,0,173.87,-9.29,10,0.00,3.81,3.82,3.81,3.82,3.81,3.81,3.82,3.81,30.60,0.0,29,27,0.0,0,14,-1013,0,0,667,0,0,0,-1,0,0,-1,1,-1,-1,-1,-1,0,1,
2026-03-25,18:22:02.060,7.51,100,100,100,-0.077,-0.56,85,0,8.07,-0.157,0.943,-0.04,97,0,173.87,-9.34,10,0.00,3.81,3.82,3.81,3.82,3.81,3.81,3.82,3.81,30.60,0.0,29,27,0.0,0,14,-1012,0,0,667,0,0,0,-1,0,0,-1,1,-1,-1,-1,-1,0,1,
2026-03-25,18:22:02.330,7.51,100,100,100,-0.096,-0.55,83,0,8.07,-0.158,0.990,0.00,98,0,173.87,-9.34,10,0.00,3.81,3.82,3.81,3.82,3.81,3.81,3.82,3.81,30.61,0.0,29,27,0.0,0,14,-1013,0,0,667,0,0,0,-1,0,0,-1,1,-1,-1,-1,-1,0,1,
2026-03-25,18:22:02.600,7.51,99,100,100,-0.115,-0.47,81,0,8.07,-0.169,0.971,0.13,98,0,173.88,-9.40,10,0.00,3.81,3.82,3.81,3.82,3.81,3.80,3.82,3.81,30.61,0.0,29,27,0.0,0,14,-1013,0,0,666,0,0,0,-1,0,0,-1,1,-1,-1,-1,-1,0,1,
2026-03-25,18:22:02.860,7.51,99,100,100,-0.122,-0.44,78,0,8.07,-0.162,0.977,0.17,93,0,173.89,-9.37,10,0.00,3.81,3.82,3.81,3.82,3.81,3.80,3.82,3.81,30.61,0.0,29,27,0.0,0,14,-1013,0,0,667,0,0,0,-1,0,0,-1,1,-1,-1,-1,-1,0,1,
2026-03-25,18:22:03.130,7.51,97,100,100,-0.126,-0.47,76,0,8.07,-0.170,0.992,0.01,94,0,173.89,-9.16,10,0.00,3.81,3.82,3.81,3.82,3.81,3.80,3.82,3.81,30.61,0.0,29,27,0.0,0,14,-1012,0,0,667,0,0,0,-1,0,0,-1,1,-1,-1,-1,-1,0,1,
2026-03-25,18:22:03.390,7.51,98,100,100,-0.098,-0.52,76,0,8.07,-0.165,0.970,-0.10,90,0,173.89,-9.16,10,0.00,3.81,3.82,3.81,3.82,3.81,3.80,3.82,3.81,30.61,0.0,29,27,0.0,0,14,-1013,0,0,667,0,0,0,-1,0,0,-1,1,-1,-1,-1,-1,0,1,
2026-03-25,18:22:03.660,7.51,98,100,100,-0.044,-0.55,77,0,8.07,-0.192,0.918,-0.04,88,0,173.93,-9.09,10,0.00,3.81,3.82,3.81,3.82,3.81,3.80,3.82,3.81,30.61,0.0,29,27,0.0,0,14,-1012,0,0,667,0,0,0,-1,0,0,-1,1,-1,-1,-1,-1,0,1,
2026-03-25,18:22:03.920,7.51,100,100,100,-0.140,-0.56,80,0,8.07,-0.184,0.993,-0.01,91,0,173.99,-8.99,10,0.00,3.81,3.82,3.81,3.82,3.81,3.81,3.82,3.81,30.62,0.0,29,27,0.0,0,14,-1013,0,0,667,0,0,0,-1,0,0,-1,1,-1,-1,-1,-1,0,1,
2026-03-25,18:22:04.190,7.51,100,100,100,-0.087,-0.51,82,0,8.07,-0.159,0.952,0.04,84,0,173.81,-9.47,10,0.00,3.81,3.82,3.81,3.82,3.81,3.81,3.82,3.81,30.62,0.0,29,27,0.0,0,14,-1013,0,0,666,0,0,0,-1,0,0,-1,1,-1,-1,-1,-1,0,1,
2026-03-25,18:22:04.450,7.51,100,100,100,-0.102,-0.54,82,0,8.07,-0.168,0.956,0.00,84,0,173.74,-9.76,10,0.00,3.81,3.82,3.81,3.82,3.81,3.81,3.82,3.81,30.62,0.0,29,27,0.0,0,14,-1013,0,0,667,0,0,0,-1,0,0,-1,1,-1,-1,-1,-1,0,1,
2026-03-25,18:22:04.720,7.51,100,100,100,-0.086,-0.55,81,0,8.07,-0.157,1.022,-0.05,88,0,173.85,-9.55,10,0.00,3.81,3.82,3.81,3.82,3.81,3.81,3.82,3.81,30.62,0.0,29,27,0.0,0,14,-1013,0,0,667,0,0,0,-1,0,0,-1,1,-1,-1,-1,-1,0,1,
2026-03-25,18:22:04.980,7.51,100,100,100,-0.095,-0.54,83,0,8.07,-0.170,0.973,0.01,92,0,173.88,-9.51,10,0.00,3.81,3.82,3.81,3.82,3.81,3.81,3.82,3.81,30.62,0.0,29,27,0.0,0,14,-1013,0,0,667,0,0,0,-1,0,0,-1,1,-1,-1,-1,-1,0,1,
2026-03-25,18:22:05.250,7.50,100,100,100,-0.104,-0.56,84,0,8.07,-0.152,0.988,-0.02,94,0,173.87,-9.56,10,0.00,3.81,3.82,3.81,3.82,3.81,3.81,3.83,3.81,30.62,0.0,29,27,0.0,0,14,-1013,0,0,666,0,0,0,-1,0,0,-1,1,-1,-1,-1,-1,0,1,
2026-03-25,18:22:05.530,7.50,100,100,100,-0.115,-0.56,82,0,8.07,-0.178,0.986,-0.02,94,0,173.85,-9.59,10,0.00,3.81,3.82,3.81,3.82,3.81,3.81,3.83,3.81,30.62,0.0,29,27,0.0,0,14,-1012,0,0,667,0,0,0,-1,0,0,-1,1,-1,-1,-1,-1,0,1,
2026-03-25,18:22:05.800,7.51,98,100,100,-0.110,-0.58,84,0,8.07,-0.178,0.969,-0.03,97,0,173.85,-9.65,10,0.00,3.81,3.82,3.82,3.82,3.81,3.81,3.83,3.81,30.62,0.0,29,27,0.0,0,14,-1013,0,0,667,0,0,0,-1,0,0,-1,1,-1,-1,-1,-1,0,1,
2026-03-25,18:22:06.060,7.51,98,100,100,-0.120,-0.58,86,0,8.07,-0.157,0.964,0.01,98,0,173.86,-9.67,10,0.00,3.81,3.82,3.82,3.82,3.81,3.81,3.83,3.81,30.62,0.0,29,27,0.0,0,14,-1013,0,0,667,0,0,0,-1,0,0,-1,1,-1,-1,-1,-1,0,1,
2026-03-25,18:22:06.320,7.51,98,100,100,-0.123,-0.54,90,0,8.07,-0.152,0.973,0.09,99,0,173.84,-9.70,10,0.00,3.81,3.82,3.82,3.82,3.81,3.81,3.83,3.81,30.62,0.0,29,27,0.0,0,14,-1012,0,0,667,0,0,0,-1,0,0,-1,1,-1,-1,-1,-1,0,1,
2026-03-25,18:22:06.580,7.51,100,100,100,-0.134,-0.55,91,0,8.07,-0.178,0.970,0.06,100,0,173.87,-9.75,10,0.00,3.81,3.82,3.82,3.82,3.81,3.81,3.82,3.81,30.62,0.0,29,26,0.0,0,14,-1013,0,0,667,0,0,0,-1,0,0,-1,1,-1,-1,-1,-1,0,1,
2026-03-25,18:22:06.850,7.50,100,100,100,-0.096,-0.53,92,0,8.07,-0.180,1.005,0.02,100,0,173.86,-9.58,10,0.00,3.81,3.82,3.82,3.82,3.81,3.81,3.82,3.81,30.63,0.0,29,26,0.0,0,14,-1013,0,0,667,0,0,0,-1,0,0,-1,1,-1,-1,-1,-1,0,1,
2026-03-25,18:22:07.110,7.50,100,100,100,-0.103,-0.58,93,0,8.07,-0.123,0.989,-0.08,100,0,173.83,-9.69,10,0.00,3.81,3.82,3.81,3.82,3.81,3.81,3.82,3.81,30.63,0.0,29,26,0.0,0,14,-1013,0,0,667,0,0,0,-1,0,0,-1,1,-1,-1,-1,-1,0,1,
2026-03-25,18:22:07.380,7.50,100,100,100,-0.122,-0.58,92,0,8.07,-0.188,0.967,0.01,99,0,173.81,-9.82,10,0.00,3.81,3.82,3.81,3.82,3.81,3.81,3.82,3.81,30.63,0.0,29,26,0.0,0,14,-1013,0,0,667,0,0,0,-1,0,0,-1,1,-1,-1,-1,-1,0,1,
2026-03-25,18:22:07.650,7.50,100,100,100,-0.056,-0.53,91,0,8.07,-0.169,0.987,0.02,99,0,173.94,-9.60,10,0.00,3.81,3.82,3.81,3.82,3.81,3.81,3.83,3.81,30.63,0.0,29,26,0.0,0,14,-1012,0,0,667,0,0,0,-1,0,0,-1,1,-1,-1,-1,-1,0,1,
2026-03-25,18:22:07.920,7.50,100,100,100,-0.118,-0.54,91,0,8.07,-0.147,1.010,0.01,99,0,173.95,-9.20,10,0.00,3.81,3.82,3.81,3.82,3.81,3.81,3.83,3.81,30.63,0.0,29,26,0.0,0,14,-1012,0,0,667,0,0,0,-1,0,0,-1,1,-1,-1,-1,-1,0,1,
2026-03-25,18:22:08.180,7.51,100,100,100,-0.083,-0.50,91,0,8.07,-0.259,0.948,0.06,100,0,173.61,-9.00,10,0.00,3.81,3.82,3.81,3.82,3.81,3.81,3.83,3.81,30.63,0.0,29,26,0.0,0,14,-1012,0,0,667,0,0,0,-1,0,0,-1,1,-1,-1,-1,-1,0,1,
2026-03-25,18:22:08.440,7.50,100,100,100,-0.125,-0.53,91,0,8.07,-0.153,0.935,0.00,100,0,173.51,-9.50,10,0.00,3.81,3.82,3.81,3.82,3.81,3.81,3.83,3.81,30.63,0.0,29,26,0.0,0,14,-1013,0,0,667,0,0,0,-1,0,0,-1,1,-1,-1,-1,-1,0,1,
2026-03-25,18:22:08.700,7.51,100,100,100,-0.095,-0.55,93,0,8.07,-0.146,0.995,-0.06,99,0,173.48,-9.84,10,0.00,3.81,3.82,3.81,3.82,3.81,3.81,3.83,3.81,30.63,0.0,29,26,0.0,0,14,-1013,0,0,667,0,0,0,-1,0,0,-1,1,-1,-1,-1,-1,0,1,
2026-03-25,18:22:08.960,7.50,100,100,100,-0.103,-0.62,92,0,8.07,-0.191,0.985,-0.17,98,0,173.49,-9.87,10,0.00,3.81,3.82,3.81,3.82,3.81,3.81,3.82,3.81,30.63,0.0,29,26,0.0,0,14,-1012,0,0,667,0,0,0,-1,0,0,-1,1,-1,-1,-1,-1,0,1,
2026-03-25,18:22:09.230,7.51,100,100,100,-0.095,-0.59,92,0,8.07,-0.160,0.944,-0.01,99,0,173.54,-9.96,10,0.00,3.81,3.82,3.81,3.82,3.81,3.81,3.82,3.81,30.63,0.0,29,26,0.0,0,14,-1013,0,0,667,0,0,0,-1,0,0,-1,1,-1,-1,-1,-1,0,1,
2026-03-25,18:22:09.500,7.51,100,100,100,-0.162,-0.54,92,0,8.07,-0.144,0.993,0.13,99,0,173.43,-9.91,10,0.00,3.81,3.82,3.81,3.82,3.81,3.81,3.82,3.81,30.63,0.0,29,26,0.0,0,14,-1013,0,0,667,0,0,0,-1,0,0,-1,1,-1,-1,-1,-1,0,1,
2026-03-25,18:22:09.760,7.51,100,100,100,-0.098,-0.56,92,0,8.07,-0.177,0.979,0.02,100,0,173.31,-9.92,10,0.00,3.81,3.82,3.81,3.82,3.81,3.81,3.82,3.81,30.63,0.0,29,26,0.0,0,14,-1012,0,0,667,0,0,0,-1,0,0,-1,1,-1,-1,-1,-1,0,1,
2026-03-25,18:22:10.030,7.51,100,100,100,-0.094,-0.59,92,0,8.07,-0.189,0.954,-0.08,100,0,173.41,-9.95,10,0.00,3.81,3.82,3.81,3.82,3.81,3.81,3.83,3.81,30.63,0.0,29,26,0.0,0,14,-1012,0,0,667,0,0,0,-1,0,0,-1,1,-1,-1,-1,-1,0,1,
2026-03-25,18:22:10.290,7.50,100,100,100,-0.118,-0.55,91,0,8.07,-0.145,0.972,0.03,100,0,173.44,-9.81,10,0.00,3.81,3.82,3.81,3.82,3.81,3.81,3.83,3.81,30.63,0.0,29,26,0.0,0,14,-1013,0,0,667,0,0,0,-1,0,0,-1,1,-1,-1,-1,-1,0,1,
2026-03-25,18:22:10.550,7.50,99,100,100,-0.131,-0.55,89,0,8.07,-0.190,0.971,0.02,100,0,173.45,-9.68,10,0.00,3.81,3.82,3.81,3.82,3.81,3.81,3.83,3.81,30.63,0.0,29,26,0.0,0,14,-1013,0,0,666,0,0,0,-1,0,0,-1,1,-1,-1,-1,-1,0,1,
2026-03-25,18:22:10.810,7.50,99,100,100,-0.086,-0.56,87,0,8.07,-0.094,1.020,-0.01,100,0,173.46,-9.53,10,0.00,3.81,3.82,3.81,3.82,3.81,3.81,3.83,3.81,30.63,0.0,29,26,0.0,0,14,-1012,0,0,667,0,0,0,-1,0,0,-1,1,-1,-1,-1,-1,0,1,
2026-03-25,18:22:11.070,7.51,99,100,100,-0.098,-0.57,83,0,8.07,-0.177,0.974,-0.01,99,0,173.51,-9.56,10,0.00,3.81,3.82,3.81,3.82,3.81,3.81,3.83,3.81,30.64,0.0,29,26,0.0,0,14,-1013,0,0,667,0,0,0,-1,0,0,-1,1,-1,-1,-1,-1,0,1,
2026-03-25,18:22:11.340,7.50,97,100,100,-0.112,-0.60,81,0,8.07,-0.164,0.976,-0.06,98,0,173.54,-9.55,10,0.00,3.81,3.82,3.81,3.82,3.81,3.81,3.83,3.81,30.64,0.0,29,26,0.0,0,14,-1012,0,0,667,0,0,0,-1,0,0,-1,1,-1,-1,-1,-1,0,1,
2026-03-25,18:22:11.600,7.50,97,100,100,-0.111,-0.56,81,0,8.07,-0.161,0.976,0.01,98,0,173.50,-9.54,10,0.00,3.81,3.82,3.81,3.82,3.81,3.81,3.83,3.81,30.64,0.0,29,26,0.0,0,14,-1013,0,0,666,0,0,0,-1,0,0,-1,1,-1,-1,-1,-1,0,1,
2026-03-25,18:22:11.880,7.51,97,100,100,-0.120,-0.57,82,0,8.07,-0.172,0.977,-0.02,99,0,173.51,-9.52,10,0.00,3.81,3.82,3.81,3.82,3.81,3.81,3.83,3.81,30.64,0.0,29,26,0.0,0,14,-1013,0,0,667,0,0,0,-1,0,0,-1,1,-1,-1,-1,-1,0,1,
2026-03-25,18:22:12.140,7.50,100,100,100,-0.113,-0.64,82,0,8.07,-0.147,0.979,-0.16,99,0,173.52,-9.56,10,0.00,3.81,3.82,3.81,3.82,3.81,3.81,3.83,3.81,30.64,0.0,29,26,0.0,0,14,-1013,0,0,667,0,0,0,-1,0,0,-1,1,-1,-1,-1,-1,0,1,
2026-03-25,18:22:12.400,7.50,100,100,100,-0.120,-0.60,82,0,8.07,-0.176,0.967,-0.01,99,0,173.52,-9.54,10,0.00,3.81,3.82,3.81,3.82,3.81,3.81,3.83,3.81,30.64,0.0,28,26,0.0,0,14,-1013,0,0,666,0,0,0,-1,0,0,-1,1,-1,-1,-1,-1,0,1,
2026-03-25,18:22:12.660,7.50,100,100,100,-0.118,-0.60,82,0,8.07,-0.161,0.965,0.03,100,0,173.52,-9.53,10,0.00,3.81,3.82,3.81,3.82,3.81,3.81,3.83,3.82,30.64,0.0,28,26,0.0,0,14,-1013,0,0,667,0,0,0,-1,0,0,-1,1,-1,-1,-1,-1,0,1,
2026-03-25,18:22:12.930,7.50,100,100,100,-0.117,-0.56,82,0,8.07,-0.160,0.987,0.07,100,0,173.49,-9.62,10,0.00,3.81,3.82,3.81,3.82,3.81,3.81,3.83,3.82,30.64,0.0,28,26,0.0,0,14,-1012,0,0,667,0,0,0,-1,0,0,-1,1,-1,-1,-1,-1,0,1,
2026-03-25,18:22:13.190,7.50,100,100,100,-0.132,-0.60,82,0,8.07,-0.175,0.973,-0.01,100,0,173.46,-9.92,10,0.00,3.81,3.82,3.81,3.82,3.81,3.81,3.83,3.82,30.64,0.0,28,26,0.0,0,14,-1012,0,0,667,0,0,0,-1,0,0,-1,1,-1,-1,-1,-1,0,1,
2026-03-25,18:22:13.450,7.50,100,100,100,-0.165,-0.63,82,0,8.07,-0.184,1.004,-0.08,100,0,173.43,-10.06,10,0.00,3.81,3.82,3.81,3.82,3.81,3.81,3.83,3.82,30.64,0.0,28,26,0.0,0,14,-1013,0,0,667,0,0,0,-1,0,0,-1,1,-1,-1,-1,-1,0,1,
2026-03-25,18:22:13.710,7.50,100,100,100,-0.158,-0.60,83,0,8.07,-0.149,0.968,0.00,100,0,173.42,-9.99,10,0.00,3.81,3.82,3.81,3.82,3.81,3.81,3.83,3.81,30.64,0.0,28,26,0.0,0,14,-1013,0,0,667,0,0,0,-1,0,0,-1,1,-1,-1,-1,-1,0,1,
2026-03-25,18:22:13.970,7.50,100,100,100,-0.108,-0.52,84,0,8.07,-0.178,0.908,0.14,100,0,173.37,-9.82,10,0.00,3.81,3.83,3.81,3.82,3.81,3.81,3.83,3.81,30.64,0.0,28,26,0.0,0,14,-1013,0,0,667,0,0,0,-1,0,0,-1,1,-1,-1,-1,-1,0,1,
2026-03-25,18:22:14.230,7.50,100,100,100,-0.130,-0.53,86,0,8.07,-0.196,0.981,0.10,100,0,173.55,-9.55,10,0.00,3.81,3.83,3.81,3.82,3.81,3.81,3.83,3.81,30.64,0.0,28,26,0.0,0,14,-1013,0,0,667,0,0,0,-1,0,0,-1,1,-1,-1,-1,-1,0,1,
2026-03-25,18:22:14.490,7.51,100,100,100,-0.115,-0.56,86,0,8.07,-0.170,0.985,-0.05,100,0,173.45,-9.65,10,0.00,3.81,3.83,3.81,3.82,3.81,3.81,3.83,3.81,30.64,0.0,28,26,0.0,0,14,-1013,0,0,667,0,0,0,-1,0,0,-1,1,-1,-1,-1,-1,0,1,
2026-03-25,18:22:14.750,7.50,100,100,100,-0.099,-0.56,85,0,8.07,-0.177,0.972,0.00,100,0,173.56,-9.15,10,0.00,3.81,3.83,3.81,3.82,3.81,3.81,3.83,3.81,30.64,0.0,28,26,0.0,0,14,-1012,0,0,667,0,0,0,-1,0,0,-1,1,-1,-1,-1,-1,0,1,
2026-03-25,18:22:15.010,7.51,100,100,100,-0.087,-0.56,85,0,8.07,-0.144,0.922,0.00,100,0,173.48,-9.49,10,0.00,3.81,3.83,3.81,3.82,3.81,3.81,3.82,3.82,30.64,0.0,28,26,0.0,0,14,-1013,0,0,667,0,0,0,-1,0,0,-1,1,-1,-1,-1,-1,0,1,
2026-03-25,18:22:15.270,7.50,100,100,100,-0.079,-0.53,86,0,8.07,-0.175,0.968,0.02,100,0,173.53,-9.39,10,0.00,3.81,3.83,3.81,3.82,3.81,3.81,3.82,3.82,30.64,0.0,28,26,0.0,0,14,-1013,0,0,667,0,0,0,-1,0,0,-1,1,-1,-1,-1,-1,0,1,
2026-03-25,18:22:15.540,7.50,100,100,100,-0.058,-0.54,86,0,8.07,-0.160,0.950,0.05,100,0,173.53,-9.40,10,0.00,3.81,3.83,3.81,3.82,3.81,3.81,3.82,3.82,30.64,0.0,28,26,0.0,0,15,-1013,0,0,667,0,0,0,-1,0,0,-1,1,-1,-1,-1,-1,0,1,
2026-03-25,18:22:15.800,7.50,100,100,100,-0.094,-0.53,87,0,8.07,-0.118,0.971,-0.01,100,0,173.57,-9.18,10,0.00,3.81,3.83,3.81,3.82,3.81,3.81,3.82,3.82,30.64,0.0,28,26,0.0,0,14,-1012,0,0,667,0,0,0,-1,0,0,-1,1,-1,-1,-1,-1,0,1,
2026-03-25,18:22:16.070,7.50,100,100,100,-0.144,-0.55,86,0,8.07,-0.134,0.944,0.00,100,0,173.57,-9.30,10,0.00,3.81,3.83,3.81,3.82,3.81,3.81,3.83,3.82,30.64,0.0,28,26,0.0,0,14,-1012,0,0,666,0,0,0,-1,0,0,-1,1,-1,-1,-1,-1,0,1,
2026-03-25,18:22:16.340,7.50,100,100,100,-0.125,-0.54,86,0,8.07,-0.145,0.962,0.01,100,0,173.57,-9.29,10,0.00,3.81,3.83,3.81,3.82,3.81,3.81,3.83,3.82,30.64,0.0,28,26,0.0,0,14,-1012,0,0,667,0,0,0,-1,0,0,-1,1,-1,-1,-1,-1,0,1,
2026-03-25,18:22:16.600,7.50,99,100,100,-0.087,-0.53,85,0,8.07,-0.159,0.993,-0.01,100,0,173.52,-9.25,10,0.00,3.81,3.83,3.81,3.82,3.81,3.81,3.83,3.82,30.64,0.0,28,26,0.0,0,14,-1012,0,0,667,0,0,0,-1,0,0,-1,1,-1,-1,-1,-1,0,1,
2026-03-25,18:22:16.870,7.50,99,100,100,-0.083,-0.54,84,0,8.07,-0.171,0.978,0.01,100,0,173.56,-9.09,10,0.00,3.81,3.83,3.81,3.82,3.81,3.81,3.83,3.82,30.64,0.0,28,26,0.0,0,14,-1012,0,0,667,0,0,0,-1,0,0,-1,1,-1,-1,-1,-1,0,1,
2026-03-25,18:22:17.130,7.50,99,100,100,-0.034,-0.56,83,0,8.07,-0.159,0.983,-0.03,99,0,173.59,-9.10,10,0.00,3.81,3.83,3.81,3.82,3.81,3.81,3.83,3.82,30.64,0.0,28,26,0.0,0,14,-1012,0,0,667,0,0,0,-1,0,0,-1,1,-1,-1,-1,-1,0,1,
2026-03-25,18:22:17.400,7.50,100,100,100,-0.091,-0.54,82,0,8.07,-0.164,0.990,0.00,97,0,173.56,-9.07,10,0.00,3.81,3.83,3.81,3.82,3.81,3.81,3.83,3.82,30.64,0.0,28,26,0.0,0,14,-1012,0,0,667,0,0,0,-1,0,0,-1,1,-1,-1,-1,-1,0,1,
2026-03-25,18:22:17.660,7.50,100,100,100,-0.104,-0.55,82,0,8.07,-0.166,0.991,0.00,96,0,173.59,-9.08,10,0.00,3.81,3.83,3.81,3.82,3.81,3.81,3.83,3.82,30.64,0.0,28,26,0.0,0,14,-1013,0,0,667,0,0,0,-1,0,0,-1,1,-1,-1,-1,-1,0,1,
2026-03-25,18:22:17.920,7.50,100,100,100,-0.126,-0.57,82,0,8.07,-0.173,0.969,-0.05,98,0,173.53,-9.34,10,0.00,3.81,3.83,3.81,3.82,3.81,3.81,3.83,3.82,30.64,0.0,28,26,0.0,0,14,-1013,0,0,667,0,0,0,-1,0,0,-1,1,-1,-1,-1,-1,0,1,
2026-03-25,18:22:18.190,7.50,100,100,100,-0.122,-0.56,85,0,8.07,-0.144,0.948,-0.01,99,0,173.56,-9.61,10,0.00,3.81,3.83,3.81,3.82,3.81,3.81,3.83,3.82,30.64,0.0,28,26,0.0,0,14,-1013,0,0,667,0,0,0,-1,0,0,-1,1,-1,-1,-1,-1,0,1,
2026-03-25,18:22:18.460,7.50,100,100,100,-0.134,-0.59,86,0,8.07,-0.229,0.965,-0.05,99,0,173.44,-10.09,10,0.00,3.81,3.83,3.81,3.82,3.81,3.81,3.83,3.81,30.64,0.0,28,26,0.0,0,14,-1013,0,0,667,0,0,0,-1,0,0,-1,1,-1,-1,-1,-1,0,1,
2026-03-25,18:22:18.720,7.50,100,100,100,-0.109,-0.57,87,0,8.07,-0.162,0.965,0.01,100,0,173.43,-9.91,10,0.00,3.81,3.83,3.81,3.82,3.81,3.81,3.83,3.81,30.64,0.0,28,26,0.0,0,14,-1012,0,0,667,0,0,0,-1,0,0,-1,1,-1,-1,-1,-1,0,1,
2026-03-25,18:22:18.980,7.50,100,100,100,-0.139,-0.52,87,0,8.07,-0.181,0.965,0.11,100,0,173.43,-9.94,10,0.00,3.81,3.83,3.81,3.82,3.81,3.81,3.83,3.81,30.64,0.0,28,26,0.0,0,14,-1012,0,0,667,0,0,0,-1,0,0,-1,1,-1,-1,-1,-1,0,1,
2026-03-25,18:22:19.240,7.50,100,100,100,-0.134,-0.55,88,0,8.07,-0.153,0.970,0.03,100,0,173.46,-9.79,10,0.00,3.81,3.83,3.82,3.82,3.81,3.81,3.83,3.81,30.64,0.0,28,26,0.0,0,14,-1012,0,0,667,0,0,0,-1,0,0,-1,1,-1,-1,-1,-1,0,1,
2026-03-25,18:22:19.500,7.50,100,100,100,-0.182,-0.58,89,0,8.07,-0.138,0.960,-0.08,100,0,173.40,-9.96,10,0.00,3.81,3.83,3.82,3.82,3.81,3.81,3.83,3.81,30.64,0.0,28,26,0.0,0,14,-1012,0,0,667,0,0,0,-1,0,0,-1,1,-1,-1,-1,-1,0,1,
2026-03-25,18:22:19.760,7.50,100,100,100,-0.086,-0.51,89,0,8.07,-0.145,0.966,0.06,100,0,173.43,-9.94,10,0.00,3.81,3.83,3.82,3.82,3.81,3.81,3.83,3.82,30.64,0.0,28,26,0.0,0,14,-1013,0,0,667,0,0,0,-1,0,0,-1,1,-1,-1,-1,-1,0,1,
2026-03-25,18:22:20.030,7.50,100,100,100,-0.108,-0.52,89,0,8.07,-0.202,0.941,0.09,100,0,173.41,-10.14,10,0.00,3.81,3.83,3.82,3.82,3.81,3.81,3.83,3.82,30.64,0.0,28,26,0.0,0,14,-1012,0,0,666,0,0,0,-1,0,0,-1,1,-1,-1,-1,-1,0,1,
2026-03-25,18:22:20.290,7.50,100,100,100,-0.119,-0.57,87,0,8.07,-0.177,0.956,-0.10,100,0,173.37,-10.09,10,0.00,3.81,3.83,3.81,3.82,3.81,3.81,3.83,3.82,30.64,0.0,28,26,0.0,0,14,-1013,0,0,667,0,0,0,-1,0,0,-1,1,-1,-1,-1,-1,0,1,
2026-03-25,18:22:20.560,7.50,99,100,100,-0.098,-0.55,84,0,8.07,-0.203,0.977,0.02,100,0,173.46,-9.77,10,0.00,3.81,3.83,3.81,3.82,3.81,3.81,3.83,3.82,30.64,0.0,28,26,0.0,0,14,-1013,0,0,667,0,0,0,-1,0,0,-1,1,-1,-1,-1,-1,0,1,
2026-03-25,18:22:20.820,7.50,99,100,100,-0.116,-0.60,83,0,8.07,-0.148,0.991,-0.05,100,0,173.46,-9.78,10,0.00,3.81,3.83,3.81,3.82,3.81,3.81,3.83,3.82,30.64,0.0,28,26,0.0,0,14,-1013,0,0,667,0,0,0,-1,0,0,-1,1,-1,-1,-1,-1,0,1,
2026-03-25,18:22:21.080,7.50,99,100,100,-0.106,-0.57,83,0,8.07,-0.157,0.983,0.02,100,0,173.46,-9.77,10,0.00,3.81,3.83,3.81,3.82,3.81,3.81,3.83,3.82,30.64,0.0,28,26,0.0,0,14,-1012,0,0,667,0,0,0,-1,0,0,-1,1,-1,-1,-1,-1,0,1,
2026-03-25,18:22:21.350,7.50,100,100,100,-0.118,-0.58,82,0,8.07,-0.164,0.969,0.04,100,0,173.46,-9.73,10,0.00,3.81,3.83,3.81,3.82,3.81,3.81,3.83,3.82,30.64,0.0,28,26,0.0,0,14,-1013,0,0,667,0,0,0,-1,0,0,-1,1,-1,-1,-1,-1,0,1,
2026-03-25,18:22:21.620,7.50,100,100,100,-0.117,-0.59,81,0,8.07,-0.166,0.965,-0.04,99,0,173.46,-9.68,10,0.00,3.81,3.83,3.82,3.82,3.81,3.81,3.83,3.82,30.64,0.0,28,26,0.0,0,14,-1012,0,0,667,0,0,0,-1,0,0,-1,1,-1,-1,-1,-1,0,1,
2026-03-25,18:22:21.880,7.50,100,100,100,-0.115,-0.53,81,0,8.07,-0.158,0.963,0.09,99,0,173.50,-9.44,10,0.00,3.81,3.83,3.82,3.82,3.81,3.81,3.83,3.82,30.64,0.0,28,26,0.0,0,14,-1013,0,0,667,0,0,0,-1,0,0,-1,1,-1,-1,-1,-1,0,1,
2026-03-25,18:22:22.150,7.50,100,100,100,-0.122,-0.50,83,0,8.07,-0.155,0.961,0.10,100,0,173.50,-9.42,10,0.00,3.81,3.83,3.82,3.82,3.81,3.81,3.83,3.81,30.64,0.0,28,26,0.0,0,14,-1012,0,0,667,0,0,0,-1,0,0,-1,1,-1,-1,-1,-1,0,1,
2026-03-25,18:22:22.410,7.50,100,100,100,-0.108,-0.49,84,0,8.07,-0.160,0.970,0.06,100,0,173.52,-9.24,10,0.00,3.81,3.83,3.82,3.82,3.81,3.81,3.83,3.81,30.64,0.0,28,26,0.0,0,14,-1012,0,0,667,0,0,0,-1,0,0,-1,1,-1,-1,-1,-1,0,1,
2026-03-25,18:22:22.680,7.50,100,100,100,-0.118,-0.50,85,0,8.07,-0.158,0.965,0.00,100,0,173.54,-9.42,10,0.00,3.81,3.83,3.82,3.82,3.81,3.81,3.83,3.81,30.64,0.0,28,26,0.0,0,14,-1013,0,0,667,0,0,0,-1,0,0,-1,1,-1,-1,-1,-1,0,1,
2026-03-25,18:22:22.940,7.50,100,100,100,-0.130,-0.54,85,0,8.07,-0.173,0.957,-0.05,100,0,173.49,-9.63,10,0.00,3.81,3.83,3.82,3.82,3.81,3.81,3.83,3.81,30.64,0.0,28,26,0.0,0,14,-1012,0,0,667,0,0,0,-1,0,0,-1,1,-1,-1,-1,-1,0,1,
2026-03-25,18:22:23.200,7.50,100,100,100,-0.114,-0.54,85,0,8.07,-0.171,0.967,-0.03,100,0,173.49,-9.67,10,0.00,3.81,3.83,3.82,3.82,3.81,3.81,3.83,3.81,30.64,0.0,28,26,0.0,0,14,-1012,0,0,667,0,0,0,-1,0,0,-1,1,-1,-1,-1,-1,0,1,
2026-03-25,18:22:23.460,7.50,100,100,100,-0.116,-0.56,83,0,8.07,-0.164,0.972,-0.05,100,0,173.49,-9.68,10,0.00,3.81,3.83,3.82,3.82,3.81,3.81,3.83,3.81,30.64,0.0,28,26,0.0,0,14,-1012,0,0,667,0,0,0,-1,0,0,-1,1,-1,-1,-1,-1,0,1,
2026-03-25,18:22:23.720,7.49,100,100,100,-0.120,-0.57,80,0,8.07,-0.172,0.966,0.00,100,0,173.48,-9.70,10,0.00,3.81,3.83,3.82,3.82,3.81,3.81,3.83,3.81,30.64,0.0,28,26,0.0,0,14,-1013,0,0,667,0,0,0,-1,0,0,-1,1,-1,-1,-1,-1,0,1,
2026-03-25,18:22:23.980,7.50,100,100,100,-0.111,-0.54,79,0,8.07,-0.168,0.974,0.05,100,0,173.48,-9.69,10,0.00,3.81,3.83,3.82,3.82,3.81,3.81,3.83,3.81,30.64,0.0,28,26,0.0,0,14,-1013,0,0,667,0,0,0,-1,0,0,-1,1,-1,-1,-1,-1,0,1,
2026-03-25,18:22:24.240,7.50,100,100,100,-0.111,-0.53,80,0,8.07,-0.168,0.972,0.06,100,0,173.48,-9.70,10,0.00,3.81,3.83,3.82,3.82,3.81,3.81,3.83,3.81,30.64,0.0,28,26,0.0,0,15,-1013,0,0,667,0,0,0,-1,0,0,-1,1,-1,-1,-1,-1,0,1,
2026-03-25,18:22:24.500,7.50,100,100,100,-0.090,-0.56,83,0,8.07,-0.176,0.987,-0.01,99,0,173.45,-9.73,10,0.00,3.81,3.83,3.82,3.82,3.81,3.81,3.83,3.82,30.64,0.0,28,26,0.0,0,14,-1013,0,0,667,0,0,0,-1,0,0,-1,1,-1,-1,-1,-1,0,1,
2026-03-25,18:22:24.770,7.50,99,100,100,-0.082,-0.53,82,0,8.07,-0.176,0.987,0.00,100,0,173.46,-9.72,10,0.00,3.81,3.83,3.82,3.82,3.81,3.81,3.83,3.82,30.64,0.0,28,26,0.0,0,14,-1013,0,0,667,0,0,0,-1,0,0,-1,1,-1,-1,-1,-1,0,1,
2026-03-25,18:22:25.040,7.50,99,100,100,-0.085,-0.54,81,0,8.07,-0.163,0.975,0.03,100,0,173.46,-9.73,10,0.00,3.81,3.83,3.82,3.82,3.81,3.81,3.83,3.82,30.64,0.0,28,26,0.0,0,14,-1013,0,0,667,0,0,0,-1,0,0,-1,1,-1,-1,-1,-1,0,1,
2026-03-25,18:22:25.310,7.50,99,100,100,-0.079,-0.60,85,0,8.07,-0.168,0.978,-0.13,100,0,173.46,-9.73,10,0.00,3.81,3.83,3.82,3.82,3.81,3.81,3.83,3.82,30.64,0.0,28,26,0.0,0,14,-1012,0,0,667,0,0,0,-1,0,0,-1,1,-1,-1,-1,-1,0,1,
2026-03-25,18:22:25.570,7.50,100,100,100,-0.103,-0.57,87,0,8.07,-0.171,0.955,0.00,100,0,173.46,-9.72,10,0.00,3.81,3.83,3.82,3.82,3.81,3.81,3.83,3.82,30.64,0.0,28,26,0.0,0,14,-1013,0,0,667,0,0,0,-1,0,0,-1,1,-1,-1,-1,-1,0,1,
2026-03-25,18:22:25.840,7.50,100,100,100,-0.094,-0.54,88,0,8.07,-0.179,0.975,0.06,99,0,173.46,-9.70,10,0.00,3.81,3.83,3.82,3.82,3.81,3.81,3.83,3.82,30.64,0.0,28,26,0.0,0,14,-1013,0,0,666,0,0,0,-1,0,0,-1,1,-1,-1,-1,-1,0,1,
2026-03-25,18:22:26.110,7.50,100,100,100,-0.122,-0.57,85,0,8.07,-0.141,0.981,-0.01,98,0,173.47,-9.71,10,0.00,3.81,3.83,3.82,3.82,3.81,3.81,3.83,3.82,30.64,0.0,28,26,0.0,0,14,-1012,0,0,667,0,0,0,-1,0,0,-1,1,-1,-1,-1,-1,0,1,
2026-03-25,18:22:26.370,7.50,100,100,100,-0.130,-0.56,83,0,8.07,-0.171,0.972,0.02,98,0,173.43,-9.75,10,0.00,3.81,3.83,3.82,3.82,3.81,3.81,3.83,3.82,30.64,0.0,28,26,0.0,0,14,-1012,0,0,667,0,0,0,-1,0,0,-1,1,-1,-1,-1,-1,0,1,
2026-03-25,18:22:26.640,7.50,100,100,100,-0.104,-0.59,82,0,8.07,-0.174,0.968,-0.03,99,0,173.43,-9.76,10,0.00,3.81,3.83,3.82,3.82,3.81,3.81,3.83,3.82,30.64,0.0,28,26,0.0,0,14,-1013,0,0,667,0,0,0,-1,0,0,-1,1,-1,-1,-1,-1,0,1,
2026-03-25,18:22:26.900,7.50,100,100,100,-0.119,-0.56,82,0,8.07,-0.174,0.973,0.01,99,0,173.44,-9.84,10,0.00,3.81,3.83,3.82,3.82,3.81,3.81,3.83,3.82,30.64,0.0,28,26,0.0,0,14,-1012,0,0,667,0,0,0,-1,0,0,-1,1,-1,-1,-1,-1,0,1,
2026-03-25,18:22:27.170,7.51,100,100,100,-0.129,-0.59,82,0,8.07,-0.173,0.968,-0.07,100,0,173.43,-9.82,10,0.00,3.81,3.83,3.82,3.82,3.81,3.81,3.83,3.82,30.64,0.0,28,26,0.0,0,15,-1012,0,0,667,0,0,0,-1,0,0,-1,1,-1,-1,-1,-1,0,1,
2026-03-25,18:22:27.430,7.50,100,100,100,-0.076,-0.60,82,0,8.07,-0.145,1.010,-0.03,100,0,173.34,-9.88,10,0.00,3.81,3.83,3.82,3.82,3.81,3.81,3.83,3.82,30.64,0.0,28,26,0.0,0,14,-1012,0,0,667,0,0,0,-1,0,0,-1,1,-1,-1,-1,-1,0,1,
2026-03-25,18:22:27.690,7.50,100,100,100,-0.182,-0.54,81,0,8.07,-0.128,0.971,0.10,100,0,173.31,-10.10,10,0.00,3.81,3.83,3.82,3.82,3.81,3.81,3.83,3.82,30.64,0.0,28,26,0.0,0,14,-1012,0,0,667,0,0,0,-1,0,0,-1,1,-1,-1,-1,-1,0,1,
2026-03-25,18:22:27.960,7.51,100,100,100,-0.107,-0.55,81,0,8.07,-0.200,0.921,0.04,97,0,173.18,-9.99,10,0.00,3.81,3.83,3.82,3.82,3.81,3.81,3.83,3.82,30.64,0.0,28,26,0.0,0,14,-1013,0,0,667,0,0,0,-1,0,0,-1,1,-1,-1,-1,-1,0,1,
2026-03-25,18:22:28.220,7.51,100,100,100,-0.129,-0.51,81,0,8.07,-0.116,0.993,0.05,97,0,173.19,-10.03,10,0.00,3.81,3.83,3.82,3.82,3.81,3.81,3.83,3.82,30.64,0.0,28,26,0.0,0,15,-1012,0,0,667,0,0,0,-1,0,0,-1,1,-1,-1,-1,-1,0,1,
2026-03-25,18:22:28.490,7.51,99,100,100,-0.149,-0.54,79,0,8.07,-0.144,1.057,0.01,98,0,173.21,-9.89,10,0.00,3.81,3.83,3.82,3.82,3.81,3.81,3.83,3.82,30.64,0.0,28,26,0.0,0,14,-1013,0,0,667,0,0,0,-1,0,0,-1,1,-1,-1,-1,-1,0,1,
2026-03-25,18:22:28.750,7.51,99,100,100,-0.084,-0.58,77,0,8.07,-0.198,0.969,-0.11,97,0,173.27,-9.91,10,0.00,3.81,3.83,3.82,3.82,3.81,3.81,3.83,3.82,30.64,0.0,28,26,0.0,0,14,-1013,0,0,667,0,0,0,-1,0,0,-1,1,-1,-1,-1,-1,0,1,
2026-03-25,18:22:29.010,7.50,99,100,100,-0.106,-0.63,77,0,8.07,-0.141,1.037,-0.12,97,0,173.27,-9.92,10,0.00,3.81,3.83,3.82,3.82,3.82,3.81,3.83,3.82,30.64,0.0,28,26,0.0,0,14,-1013,0,0,667,0,0,0,-1,0,0,-1,1,-1,-1,-1,-1,0,1,
2026-03-25,18:22:29.270,7.51,99,100,100,-0.106,-0.55,76,0,8.07,-0.158,1.037,-0.04,91,0,173.22,-9.86,10,0.00,3.81,3.83,3.82,3.82,3.82,3.81,3.83,3.82,30.64,0.0,28,26,0.0,0,14,-1012,0,0,667,0,0,0,-1,0,0,-1,1,-1,-1,-1,-1,0,1,
2026-03-25,18:22:29.540,7.50,99,100,100,-0.110,-0.55,76,0,8.07,-0.172,0.933,0.07,92,0,173.24,-9.76,10,0.00,3.81,3.83,3.82,3.82,3.82,3.81,3.83,3.82,30.64,0.0,28,26,0.0,0,14,-1013,0,0,667,0,0,0,-1,0,0,-1,1,-1,-1,-1,-1,0,1,
2026-03-25,18:22:29.800,7.50,99,100,100,-0.155,-0.53,74,0,8.07,-0.163,0.976,0.05,96,0,173.28,-9.68,10,0.00,3.81,3.83,3.82,3.82,3.82,3.81,3.83,3.82,30.64,0.0,28,26,0.0,0,14,-1013,0,0,667,0,0,0,-1,0,0,-1,1,-1,-1,-1,-1,0,1,
2026-03-25,18:22:30.060,7.50,98,100,100,-0.108,-0.50,74,0,8.07,-0.145,0.932,0.07,98,0,173.26,-9.65,10,0.00,3.81,3.83,3.82,3.82,3.82,3.81,3.83,3.82,30.64,0.0,28,26,0.0,0,14,-1012,0,0,667,0,0,0,-1,0,0,-1,1,-1,-1,-1,-1,0,1,
2026-03-25,18:22:30.320,7.50,97,100,100,-0.077,-0.55,73,0,8.07,-0.149,0.987,-0.04,99,0,173.31,-9.59,10,0.00,3.81,3.83,3.82,3.82,3.81,3.81,3.83,3.82,30.64,0.0,28,26,0.0,0,14,-1012,0,0,667,0,0,0,-1,0,0,-1,1,-1,-1,-1,-1,0,1,
2026-03-25,18:22:30.580,7.50,95,100,100,-0.125,-0.55,72,0,8.07,-0.165,0.962,-0.04,98,0,173.34,-9.51,10,0.00,3.81,3.83,3.82,3.82,3.81,3.81,3.83,3.82,30.64,0.0,28,26,0.0,0,14,-1012,0,0,667,0,0,0,-1,0,0,-1,1,-1,-1,-1,-1,0,1,
2026-03-25,18:22:30.840,7.50,96,100,100,-0.093,-0.57,72,0,8.07,-0.152,0.994,-0.05,94,0,173.34,-9.41,10,0.00,3.81,3.83,3.82,3.82,3.81,3.81,3.83,3.82,30.64,0.0,28,26,0.0,0,14,-1013,0,0,667,0,0,0,-1,0,0,-1,1,-1,-1,-1,-1,0,1,
2026-03-25,18:22:31.110,7.50,97,100,100,-0.100,-0.57,72,0,8.07,-0.165,0.985,-0.01,92,0,173.36,-9.42,10,0.00,3.81,3.83,3.82,3.83,3.81,3.81,3.83,3.82,30.64,0.0,28,26,0.0,0,14,-1012,0,0,667,0,0,0,-1,0,0,-1,1,-1,-1,-1,-1,0,1,
2026-03-25,18:22:31.370,7.50,96,100,100,-0.152,-0.57,72,0,8.07,-0.164,0.993,0.00,93,0,173.38,-9.38,10,0.00,3.81,3.83,3.82,3.83,3.81,3.81,3.83,3.82,30.64,0.0,28,26,0.0,0,14,-1013,0,0,667,0,0,0,-1,0,0,-1,1,-1,-1,-1,-1,0,1,
2026-03-25,18:22:31.640,7.50,96,100,100,-0.119,-0.59,73,0,8.07,-0.153,0.966,-0.03,96,0,173.35,-9.37,10,0.00,3.81,3.83,3.82,3.83,3.81,3.81,3.83,3.81,30.64,0.0,28,26,0.0,0,14,-1013,0,0,667,0,0,0,-1,0,0,-1,1,-1,-1,-1,-1,0,1,
2026-03-25,18:22:31.900,7.50,96,100,100,-0.107,-0.61,74,0,8.07,-0.154,1.000,-0.09,98,0,173.37,-9.36,10,0.00,3.81,3.83,3.82,3.83,3.81,3.81,3.83,3.81,30.65,0.0,28,26,0.0,0,15,-1013,0,0,667,0,0,0,-1,0,0,-1,1,-1,-1,-1,-1,0,1,
2026-03-25,18:22:32.170,7.50,96,100,100,-0.141,-0.58,75,0,8.07,-0.149,0.994,0.05,98,0,173.37,-9.36,10,0.00,3.81,3.83,3.82,3.83,3.81,3.81,3.83,3.81,30.65,0.0,28,26,0.0,0,14,-1012,0,0,667,0,0,0,-1,0,0,-1,1,-1,-1,-1,-1,0,1,
2026-03-25,18:22:32.450,7.51,97,100,100,-0.088,-0.56,75,0,8.07,-0.201,0.960,0.06,99,0,173.39,-9.31,10,0.00,3.81,3.83,3.82,3.83,3.81,3.81,3.83,3.81,30.65,0.0,28,26,0.0,0,14,-1013,0,0,667,0,0,0,-1,0,0,-1,1,-1,-1,-1,-1,0,1,
2026-03-25,18:22:32.710,7.51,98,100,100,-0.118,-0.57,76,0,8.07,-0.188,0.960,0.00,100,0,173.41,-9.34,10,0.00,3.81,3.83,3.82,3.83,3.81,3.81,3.83,3.81,30.65,0.0,28,26,0.0,0,14,-1013,0,0,667,0,0,0,-1,0,0,-1,1,-1,-1,-1,-1,0,1,
2026-03-25,18:22:32.970,7.51,100,100,100,-0.112,-0.61,77,0,8.07,-0.191,0.938,-0.04,100,0,173.39,-9.31,10,0.00,3.81,3.83,3.82,3.83,3.81,3.81,3.83,3.82,30.65,0.0,28,26,0.0,0,14,-1013,0,0,667,0,0,0,-1,0,0,-1,1,-1,-1,-1,-1,0,1,
2026-03-25,18:22:33.250,7.51,100,100,100,-0.124,-0.55,76,0,8.07,-0.133,0.934,0.04,100,0,173.38,-9.33,10,0.00,3.81,3.83,3.82,3.83,3.81,3.81,3.83,3.82,30.65,0.0,28,26,0.0,0,14,-1012,0,0,667,0,0,0,-1,0,0,-1,1,-1,-1,-1,-1,0,1,
2026-03-25,18:22:33.510,7.51,100,100,100,-0.113,-0.55,75,0,8.07,-0.160,0.980,0.06,100,0,173.49,-9.17,10,0.00,3.81,3.83,3.82,3.82,3.81,3.81,3.83,3.82,25.88,0.0,28,26,0.0,0,14,-1012,0,0,667,0,0,0,-1,0,0,-1,1,-1,-1,-1,-1,0,1,
2026-03-25,18:22:33.780,7.51,100,100,100,-0.111,-0.60,76,0,8.07,-0.166,0.960,-0.07,100,0,173.44,-9.35,10,0.00,3.81,3.83,3.82,3.82,3.81,3.81,3.83,3.82,25.88,0.0,28,26,0.0,0,14,-1013,0,0,667,0,0,0,-1,0,0,-1,1,-1,-1,-1,-1,0,1,
2026-03-25,18:22:34.050,7.51,100,100,100,-0.126,-0.61,75,0,8.07,-0.166,0.974,-0.07,100,0,173.43,-9.49,10,0.00,3.81,3.83,3.82,3.82,3.81,3.81,3.83,3.82,20.46,0.0,28,26,0.0,0,14,-1012,0,0,667,0,0,0,-1,0,0,-1,1,-1,-1,-1,-1,0,1,
2026-03-25,18:22:34.320,7.51,100,100,100,-0.126,-0.61,70,0,8.07,-0.166,0.974,-0.07,100,0,173.43,-9.49,10,0.00,3.81,3.83,3.82,3.82,3.81,3.81,3.83,3.82,20.46,0.0,28,26,0.0,0,14,-1013,0,0,667,0,0,0,-1,0,0,-1,1,-1,-1,-1,-1,0,1,
2026-03-25,18:22:34.580,7.51,100,100,100,-0.126,-0.61,60,1,8.07,-0.166,0.974,-0.07,100,0,173.43,-9.49,10,0.00,3.81,3.83,3.82,3.82,3.81,3.81,3.83,3.82,20.46,0.0,28,26,0.0,0,14,-1013,0,0,667,0,0,0,-1,0,0,-1,1,-1,-1,-1,-1,0,1,
2026-03-25,18:22:34.840,7.51,100,100,100,-0.126,-0.61,56,2,8.07,-0.166,0.974,-0.07,100,0,173.43,-9.49,10,0.00,3.81,3.83,3.82,3.82,3.81,3.81,3.83,3.82,20.46,0.0,28,26,0.0,0,14,-1013,0,0,667,0,0,0,-1,0,0,-1,1,-1,-1,-1,-1,0,1,
2026-03-25,18:22:35.100,7.50,100,100,100,-0.126,-0.61,56,2,8.07,-0.166,0.974,-0.07,100,0,173.43,-9.49,10,0.00,3.81,3.83,3.82,3.82,3.81,3.81,3.83,3.82,20.46,0.0,28,26,0.0,0,14,-1013,0,0,667,0,0,0,-1,0,0,-1,1,-1,-1,-1,-1,0,1,
2026-03-25,18:22:35.370,7.50,100,100,100,-0.126,-0.61,56,2,8.07,-0.166,0.974,-0.07,100,0,173.43,-9.49,10,0.00,3.81,3.83,3.82,3.82,3.81,3.81,3.83,3.82,20.46,0.0,28,26,0.0,0,14,-1013,0,0,667,0,0,0,-1,0,0,-1,1,-1,-1,-1,-1,0,1,
2026-03-25,18:22:35.630,7.51,100,100,100,-0.126,-0.61,56,2,8.07,-0.166,0.974,-0.07,100,0,173.43,-9.49,10,0.00,3.81,3.83,3.82,3.82,3.81,3.81,3.83,3.82,20.46,0.0,28,26,0.0,0,14,-1013,0,0,667,0,0,0,-1,0,0,-1,1,-1,-1,-1,-1,0,1,
2026-03-25,18:22:35.900,7.50,100,100,100,-0.126,-0.61,56,2,8.07,-0.166,0.974,-0.07,100,0,173.43,-9.49,10,0.00,3.81,3.83,3.82,3.82,3.81,3.81,3.83,3.82,20.46,0.0,28,26,0.0,0,14,-1013,0,0,667,0,0,0,-1,0,0,-1,1,-1,-1,-1,-1,0,1,
2026-03-25,18:22:36.160,7.51,100,100,100,-0.126,-0.61,56,2,8.07,-0.166,0.974,-0.07,100,0,173.43,-9.49,10,0.00,3.81,3.83,3.82,3.82,3.81,3.81,3.83,3.82,20.46,0.0,28,26,0.0,0,15,-1012,0,0,667,0,0,0,-1,0,0,-1,1,-1,-1,-1,-1,0,1,
2026-03-25,18:22:36.420,7.51,100,100,100,-0.126,-0.61,56,2,8.07,-0.166,0.974,-0.07,100,0,173.43,-9.49,10,0.00,3.81,3.83,3.82,3.82,3.81,3.81,3.83,3.82,20.46,0.0,28,26,0.0,0,14,-1013,0,0,667,0,0,0,-1,0,0,-1,1,-1,-1,-1,-1,0,1,
2026-03-25,18:22:36.700,7.50,100,100,100,-0.126,-0.61,56,2,8.07,-0.166,0.974,-0.07,100,0,173.43,-9.49,10,0.00,3.81,3.83,3.82,3.82,3.81,3.81,3.83,3.82,20.46,0.0,28,26,0.0,0,14,-1013,0,0,667,0,0,0,-1,0,0,-1,1,-1,-1,-1,-1,0,1,
2026-03-25,18:22:36.960,7.50,100,100,100,-0.126,-0.61,56,2,8.07,-0.166,0.974,-0.07,100,0,173.43,-9.49,10,0.00,3.81,3.83,3.82,3.82,3.81,3.81,3.83,3.82,20.46,0.0,28,26,0.0,0,14,-1013,0,0,667,0,0,0,-1,0,0,-1,1,-1,-1,-1,-1,0,1,
2026-03-25,18:22:37.220,7.50,100,100,100,-0.126,-0.61,56,2,8.07,-0.166,0.974,-0.07,100,0,173.43,-9.49,10,0.00,3.81,3.83,3.82,3.82,3.81,3.81,3.83,3.82,20.46,0.0,28,26,0.0,0,14,-1013,0,0,667,0,0,0,-1,0,0,-1,1,-1,-1,-1,-1,0,1,
2026-03-25,18:22:37.480,7.49,100,100,100,-0.126,-0.61,56,2,8.07,-0.166,0.974,-0.07,100,0,173.43,-9.49,10,0.00,3.81,3.83,3.82,3.82,3.81,3.81,3.83,3.82,20.46,0.0,28,26,0.0,0,14,-1012,0,0,667,0,0,0,-1,0,0,-1,1,-1,-1,-1,-1,0,1,
2026-03-25,18:22:37.740,7.49,100,100,100,-0.126,-0.61,56,2,8.07,-0.166,0.974,-0.07,100,0,173.43,-9.49,10,0.00,3.81,3.83,3.82,3.82,3.81,3.81,3.83,3.82,20.46,0.0,28,26,0.0,0,14,-1013,0,0,667,0,0,0,-1,0,0,-1,1,-1,-1,-1,-1,0,1,
2026-03-25,18:22:38.010,7.49,100,100,100,-0.126,-0.61,56,2,8.07,-0.166,0.974,-0.07,100,0,173.43,-9.49,10,0.00,3.81,3.83,3.82,3.82,3.81,3.81,3.83,3.82,20.46,0.0,28,26,0.0,0,14,-1013,0,0,667,0,0,0,-1,0,0,-1,1,-1,-1,-1,-1,0,1,
2026-03-25,18:22:38.280,7.50,100,100,100,-0.126,-0.61,56,2,8.07,-0.166,0.974,-0.07,100,0,173.43,-9.49,10,0.00,3.81,3.83,3.82,3.82,3.81,3.81,3.83,3.82,20.46,0.0,28,26,0.0,0,14,-1013,0,0,667,0,0,0,-1,0,0,-1,1,-1,-1,-1,-1,0,1,
2026-03-25,18:22:38.540,7.50,100,100,100,-0.126,-0.61,56,2,8.07,-0.166,0.974,-0.07,100,0,173.43,-9.49,10,0.00,3.81,3.83,3.82,3.82,3.81,3.81,3.83,3.82,20.46,0.0,28,26,0.0,0,14,-1014,0,0,667,0,0,0,-1,0,0,-1,1,-1,-1,-1,-1,0,1,
2026-03-25,18:22:38.800,7.50,100,100,100,-0.126,-0.61,56,2,8.07,-0.166,0.974,-0.07,100,0,173.43,-9.49,10,0.00,3.81,3.83,3.82,3.82,3.81,3.81,3.83,3.82,20.46,0.0,28,26,0.0,21,14,-1016,0,0,667,0,0,0,-1,0,0,-1,1,-1,-1,-1,-1,0,1,
2026-03-25,18:22:39.060,7.50,100,100,100,-0.126,-0.61,56,2,8.07,-0.166,0.974,-0.07,100,0,173.43,-9.49,10,0.00,3.81,3.83,3.82,3.82,3.81,3.81,3.83,3.82,20.46,0.0,28,26,0.0,0,11,-1012,0,0,667,0,0,0,-1,0,0,-1,1,-1,-1,-1,-1,0,1,
2026-03-25,18:22:39.330,7.50,100,100,100,-0.126,-0.61,56,2,8.07,-0.166,0.974,-0.07,100,0,173.43,-9.49,10,0.00,3.81,3.83,3.82,3.82,3.81,3.81,3.83,3.82,20.46,0.0,28,26,0.0,0,14,-1012,0,0,667,0,0,0,-1,0,0,-1,1,-1,-1,-1,-1,0,1,
2026-03-25,18:22:39.590,7.49,100,100,100,-0.126,-0.61,56,2,8.07,-0.166,0.974,-0.07,100,0,173.43,-9.49,10,0.00,3.81,3.83,3.82,3.82,3.81,3.81,3.83,3.82,20.46,0.0,28,26,0.0,0,14,-1013,0,0,667,0,0,0,-1,0,0,-1,1,-1,-1,-1,-1,0,1,
2026-03-25,18:22:39.860,7.49,100,100,100,-0.126,-0.61,56,2,8.07,-0.166,0.974,-0.07,100,0,173.43,-9.49,10,0.00,3.81,3.83,3.82,3.82,3.81,3.81,3.83,3.82,20.46,0.0,28,26,0.0,0,14,-1013,0,0,667,0,0,0,-1,0,0,-1,1,-1,-1,-1,-1,0,1,
2026-03-25,18:22:40.120,7.49,100,100,100,-0.126,-0.61,56,2,8.07,-0.166,0.974,-0.07,100,0,173.43,-9.49,10,0.00,3.81,3.83,3.82,3.82,3.81,3.81,3.83,3.82,20.46,0.0,28,26,0.0,0,15,-1013,0,0,667,0,0,0,-1,0,0,-1,1,-1,-1,-1,-1,0,1,
2026-03-25,18:22:40.380,7.50,100,100,100,-0.126,-0.61,56,2,8.07,-0.166,0.974,-0.07,100,0,173.43,-9.49,10,0.00,3.81,3.83,3.82,3.82,3.81,3.81,3.83,3.82,20.46,0.0,28,26,0.0,0,14,-1014,0,0,667,0,0,0,-1,0,0,-1,1,-1,-1,-1,-1,0,1,
2026-03-25,18:22:40.700,7.50,100,100,100,-0.126,-0.61,56,2,8.07,-0.166,0.974,-0.07,100,0,173.43,-9.49,10,0.00,3.81,3.83,3.82,3.82,3.81,3.81,3.83,3.82,20.46,0.0,28,26,0.0,0,15,-1014,0,0,667,0,0,0,-1,0,0,-1,1,-1,-1,-1,-1,0,1,
2026-03-25,18:22:40.960,7.50,100,100,100,-0.126,-0.61,56,2,8.07,-0.166,0.974,-0.07,100,0,173.43,-9.49,10,0.00,3.81,3.83,3.82,3.82,3.81,3.81,3.83,3.82,20.46,0.0,28,26,0.0,0,15,-1014,0,0,667,0,0,0,-1,0,0,-1,1,-1,-1,-1,-1,0,1,
2026-03-25,18:22:41.230,7.50,100,100,100,-0.126,-0.61,56,2,8.07,-0.166,0.974,-0.07,100,0,173.43,-9.49,10,0.00,3.81,3.83,3.82,3.82,3.81,3.81,3.83,3.82,20.46,0.0,28,26,0.0,0,14,-1014,0,0,667,0,0,0,-1,0,0,-1,1,-1,-1,-1,-1,0,1,
2026-03-25,18:22:41.490,7.50,100,100,100,-0.126,-0.61,56,2,8.07,-0.166,0.974,-0.07,100,0,173.43,-9.49,10,0.00,3.81,3.83,3.82,3.82,3.81,3.81,3.83,3.82,20.46,0.0,28,26,0.0,0,14,-1014,0,0,667,0,0,0,-1,0,0,-1,1,-1,-1,-1,-1,0,1,
2026-03-25,18:22:41.750,7.50,100,100,100,-0.126,-0.61,56,2,8.07,-0.166,0.974,-0.07,100,0,173.43,-9.49,10,0.00,3.81,3.83,3.82,3.82,3.81,3.81,3.83,3.82,20.46,0.0,28,26,0.0,0,14,-1014,0,0,667,0,0,0,-1,0,0,-1,1,-1,-1,-1,-1,0,1,
2026-03-25,18:22:42.020,7.50,100,100,100,-0.126,-0.61,56,2,8.07,-0.166,0.974,-0.07,100,0,173.43,-9.49,10,0.00,3.81,3.83,3.82,3.82,3.81,3.81,3.83,3.82,20.46,0.0,28,26,0.0,0,14,-1014,0,0,667,0,0,0,-1,0,0,-1,1,-1,-1,-1,-1,0,1,
