Date,Time,TxBat(V),VFR 2.4G(%),Rx VFR(%),VFR 900M(%),AccY(g),Altitude(m),RSSI 2.4G(dB),RX,RxBatt(V),AccX(g),AccZ(g),VSpeed(m/s),RSSI 900M(dB),RX,R.angle(°),P.angle(°),Power 900M(mW),ADC2(V),LiPo1(V),LiPo2(V),LiPo3(V),LiPo4(V),LiPo5(V),LiPo6(V),LiPo7(V),LiPo8(V),VFAS(V),Current(A),Temp1(°C),Temp2(°C),Air speed(km/h),Rudder,Elevator,Throttle,Aileron,Pot1,Pot2,Slider left,Slider right,SA,SB,SC,SD,SE,SF,SG,SH,SI,SJ,LS1,LS2,
2026-03-25,14:06:56.540,7.62,97,97,97,-0.127,-0.07,62,0,8.28,-0.140,0.970,0.04,60,0,172.64,-8.12,10,0.00,4.18,4.19,4.18,4.19,4.19,4.18,4.19,4.18,33.61,0.0,31,30,10.7,0,16,-821,0,0,667,1023,0,0,-1,0,0,0,-1,-1,-1,-1,-1,0,0,
2026-03-25,14:06:56.800,7.62,98,98,97,-0.126,-0.02,61,0,8.28,-0.141,0.970,0.19,60,0,172.64,-8.12,10,0.00,4.18,4.19,4.18,4.19,4.19,4.18,4.19,4.18,33.60,0.0,31,30,8.9,0,16,-820,0,0,667,1022,0,0,-1,0,0,0,-1,-1,-1,-1,-1,0,0,
2026-03-25,14:06:57.070,7.62,98,98,96,-0.126,-0.06,61,0,8.28,-0.140,0.971,0.04,59,0,172.64,-8.12,10,0.00,4.18,4.19,4.18,4.19,4.19,4.17,4.19,4.18,33.60,0.0,31,30,10.7,0,16,-820,0,0,667,1022,0,0,-1,0,0,0,-1,-1,-1,-1,-1,0,0,
2026-03-25,14:06:57.340,7.62,99,99,96,-0.126,-0.03,61,0,8.28,-0.140,0.971,-0.01,61,0,172.64,-8.12,10,0.00,4.18,4.19,4.18,4.19,4.19,4.17,4.19,4.18,33.60,0.0,31,30,10.7,0,16,-820,0,0,667,1022,0,0,-1,0,0,0,-1,-1,-1,-1,-1,0,0,
2026-03-25,14:06:57.610,7.62,99,99,96,-0.126,-0.04,62,0,8.28,-0.141,0.971,0.04,64,0,172.64,-8.12,10,0.00,4.18,4.19,4.18,4.19,4.19,4.17,4.20,4.18,33.60,0.0,31,30,8.9,0,15,-821,0,0,667,1022,0,0,-1,0,0,0,-1,-1,-1,-1,-1,0,0,
2026-03-25,14:06:57.870,7.62,99,99,96,-0.125,-0.05,62,0,8.28,-0.141,0.971,-0.02,65,0,172.64,-8.12,10,0.00,4.18,4.19,4.18,4.19,4.19,4.17,4.20,4.18,33.61,0.0,31,30,8.9,0,15,-823,0,0,667,1022,0,0,-1,0,0,0,-1,-1,-1,-1,-1,0,0,
2026-03-25,14:06:58.140,7.62,100,100,97,-0.126,-0.10,63,0,8.28,-0.141,0.971,-0.10,66,0,172.64,-8.12,10,0.00,4.18,4.19,4.19,4.19,4.19,4.17,4.20,4.18,33.61,0.0,31,30,8.9,0,13,-769,0,0,667,1023,0,0,-1,0,0,0,-1,-1,-1,-1,-1,0,0,
2026-03-25,14:06:58.400,7.62,100,100,97,-0.126,-0.10,64,0,8.28,-0.141,0.971,-0.05,67,0,172.64,-8.12,10,0.00,4.18,4.19,4.19,4.19,4.19,4.17,4.20,4.18,33.61,0.0,31,30,10.7,0,14,-727,0,0,667,1022,0,0,-1,0,0,0,-1,-1,-1,-1,-1,0,0,
2026-03-25,14:06:58.660,7.61,100,100,97,-0.127,-0.11,65,0,8.28,-0.140,0.971,0.00,67,0,172.65,-8.12,10,0.00,4.18,4.19,4.19,4.19,4.19,4.17,4.20,4.19,33.61,0.0,31,30,10.7,0,14,-722,0,0,667,1022,0,0,-1,0,0,0,-1,-1,-1,-1,-1,0,0,
2026-03-25,14:06:58.920,7.61,100,100,96,-0.129,-0.11,66,0,8.28,-0.142,0.967,-0.03,67,0,172.63,-8.12,10,0.00,4.18,4.19,4.19,4.19,4.19,4.17,4.20,4.19,33.61,0.0,31,30,8.9,0,14,-601,0,0,667,1022,0,0,-1,0,0,0,-1,-1,-1,-1,-1,0,0,
2026-03-25,14:06:59.180,7.61,100,100,96,-0.132,-0.11,66,0,8.28,-0.134,0.968,-0.02,67,0,172.63,-8.11,10,0.00,4.18,4.19,4.19,4.19,4.19,4.17,4.20,4.19,33.59,1.1,31,30,8.9,24,0,-492,0,0,667,1022,0,0,-1,0,0,0,-1,-1,-1,-1,-1,0,0,
2026-03-25,14:06:59.460,7.62,100,100,95,-0.131,-0.22,67,0,8.25,-0.139,0.964,-0.16,66,0,172.63,-8.08,10,0.00,4.18,4.19,4.18,4.18,4.19,4.17,4.20,4.19,33.59,1.1,31,30,6.1,142,-42,-396,0,0,667,1023,0,0,-1,0,0,0,-1,-1,-1,-1,-1,0,0,
2026-03-25,14:06:59.740,7.62,100,100,96,-0.123,-0.28,67,0,8.25,-0.132,0.984,-0.20,67,0,172.64,-7.94,10,0.00,4.18,4.19,4.18,4.18,4.19,4.17,4.19,4.18,33.57,2.0,31,30,13.9,0,-65,-394,0,0,667,1022,0,0,-1,0,0,0,-1,-1,-1,-1,-1,0,0,
2026-03-25,14:07:00.000,7.62,100,100,96,-0.127,-0.40,66,0,8.27,-0.134,0.969,-0.33,66,0,172.65,-7.95,10,0.00,4.18,4.19,4.18,4.18,4.19,4.17,4.19,4.18,33.57,2.0,31,30,12.4,34,-91,-395,0,0,667,1022,0,0,-1,0,0,0,-1,-1,-1,-1,-1,0,0,
2026-03-25,14:07:00.270,7.62,100,100,96,-0.131,-0.39,66,0,8.27,-0.148,0.973,-0.14,66,0,172.65,-7.96,10,0.00,4.17,4.18,4.18,4.18,4.19,4.17,4.19,4.18,33.55,1.5,31,30,12.4,52,-98,-309,0,0,667,1023,0,0,-1,0,0,0,-1,-1,-1,-1,-1,0,0,
2026-03-25,14:07:00.530,7.62,100,100,95,-0.125,-0.39,66,0,8.28,-0.142,0.961,-0.01,66,0,172.63,-7.89,10,0.00,4.17,4.18,4.18,4.18,4.19,4.17,4.19,4.18,33.55,1.5,31,30,12.4,52,-108,-185,0,0,667,1022,0,0,-1,0,0,0,-1,-1,-1,-1,-1,0,0,
2026-03-25,14:07:00.790,7.61,100,100,95,-0.122,-0.54,66,0,8.28,-0.134,0.981,-0.31,67,0,172.63,-7.83,10,0.00,4.17,4.18,4.18,4.18,4.17,4.16,4.19,4.18,33.51,4.4,31,30,10.7,118,-120,-75,0,0,667,1023,0,0,-1,0,0,0,-1,-1,-1,-1,-1,0,0,
2026-03-25,14:07:01.050,7.61,100,100,95,-0.136,-0.61,66,0,8.28,-0.145,1.022,-0.29,67,0,172.64,-7.61,10,0.00,4.17,4.18,4.18,4.18,4.17,4.16,4.17,4.17,33.51,4.4,31,30,10.7,165,-116,1,0,0,667,1022,0,0,-1,0,0,0,-1,-1,-1,-1,-1,0,0,
2026-03-25,14:07:01.310,7.62,100,100,95,-0.144,-0.73,66,0,8.26,-0.186,0.972,-0.36,67,0,172.60,-7.71,10,0.00,4.15,4.16,4.18,4.18,4.17,4.16,4.17,4.17,33.42,6.5,31,30,12.4,210,-116,170,0,0,667,1022,0,0,-1,0,0,0,-1,-1,-1,-1,-1,0,0,
2026-03-25,14:07:01.590,7.62,99,99,96,-0.187,-0.82,66,0,8.24,-0.341,0.891,-0.30,67,0,172.25,-9.00,10,0.00,4.15,4.16,4.14,4.14,4.17,4.16,4.17,4.17,33.42,6.5,31,30,12.4,260,-84,281,0,0,667,1022,0,0,-1,0,0,0,-1,-1,-1,-1,-1,0,0,
2026-03-25,14:07:01.870,7.62,99,99,96,-0.172,-1.36,64,0,8.25,-0.360,0.952,-0.30,68,0,171.79,-10.59,10,0.00,4.15,4.16,4.14,4.14,4.12,4.11,4.17,4.17,33.25,6.5,31,30,12.4,68,-63,289,0,0,667,1022,0,0,-1,0,0,0,-1,-1,-1,-1,-1,0,0,
2026-03-25,14:07:02.130,7.62,98,98,96,-0.226,-1.73,61,0,8.27,-0.401,0.894,-1.22,69,0,171.52,-11.60,10,0.00,4.15,4.16,4.14,4.14,4.12,4.11,4.17,4.17,33.25,7.1,31,30,12.4,0,-108,349,0,0,667,1022,0,0,-1,0,0,0,-1,-1,-1,-1,-1,0,0,
2026-03-25,14:07:02.390,7.62,98,98,96,-0.232,-1.81,57,0,8.27,-0.405,0.909,-0.73,70,0,170.84,-13.16,10,0.00,4.15,4.16,4.14,4.14,4.12,4.11,4.11,4.12,33.07,7.1,31,30,13.9,-57,-117,477,0,0,667,1023,0,0,-1,0,0,0,-1,-1,-1,-1,-1,0,0,
2026-03-25,14:07:02.660,7.61,97,97,95,-0.231,-2.01,58,0,8.28,-0.480,0.908,-0.60,71,0,170.64,-14.03,10,0.00,4.07,4.09,4.14,4.14,4.12,4.11,4.11,4.12,33.07,10.3,31,30,13.9,-253,-127,576,0,0,667,1022,0,0,-1,0,0,0,-1,-1,-1,-1,-1,0,0,
2026-03-25,14:07:02.930,7.62,97,97,96,-0.330,-2.37,61,0,8.28,-0.551,0.949,-0.93,72,0,170.01,-16.26,10,0.00,4.07,4.09,4.06,4.06,4.12,4.11,4.11,4.12,32.78,10.3,31,30,19.8,-454,-143,577,0,0,667,1022,0,0,-1,0,0,0,-1,-1,-1,-1,-1,0,0,
2026-03-25,14:07:03.190,7.62,98,98,96,-0.330,-2.77,64,0,8.28,-0.509,1.046,-1.29,73,0,169.60,-18.38,10,0.00,4.07,4.09,4.06,4.06,4.03,4.02,4.11,4.12,32.54,14.3,31,30,20.7,-429,-140,582,0,0,667,1022,0,0,-1,0,0,0,-1,-1,-1,-1,-1,0,0,
2026-03-25,14:07:03.450,7.61,99,99,97,-0.261,-3.03,65,0,8.28,-0.483,0.678,-1.03,73,0,169.66,-19.02,10,0.00,4.07,4.09,4.06,4.06,4.03,4.02,4.01,4.02,32.54,14.3,31,30,25.0,-344,-116,595,0,0,666,1022,0,0,-1,0,0,0,-1,-1,-1,-1,-1,0,0,
2026-03-25,14:07:03.720,7.62,100,100,97,-0.170,-3.07,65,0,8.28,-0.516,0.936,-0.61,75,0,169.29,-19.76,10,0.00,3.97,4.00,4.06,4.06,4.03,4.02,4.01,4.02,32.32,15.1,31,30,28.0,-361,-101,597,0,0,667,1023,0,0,-1,0,0,0,-1,-1,-1,-1,-1,0,0,
2026-03-25,14:07:03.990,7.61,100,100,97,-0.204,-3.21,65,0,8.28,-0.479,0.803,-0.46,76,0,168.52,-21.13,10,0.00,3.97,4.00,3.96,3.98,4.03,4.02,4.01,4.02,32.32,15.1,31,30,30.0,-378,-70,596,0,0,667,1022,0,0,-1,0,0,0,-1,-1,-1,-1,-1,0,0,
2026-03-25,14:07:04.260,7.62,100,100,97,-0.227,-3.24,64,0,8.28,-0.487,0.973,-0.26,75,0,168.36,-22.15,10,0.00,3.97,4.00,3.96,3.98,3.95,3.95,4.01,4.02,32.14,15.7,31,30,31.3,-384,-23,597,0,0,667,1023,0,0,-1,0,0,0,-1,-1,1,-1,-1,1,0,
2026-03-25,14:07:04.520,7.61,100,100,97,-0.121,-3.37,65,0,8.28,-0.471,1.059,-0.27,73,0,168.47,-22.88,10,0.00,3.97,4.00,3.96,3.98,3.95,3.95,4.01,4.02,32.14,15.7,31,30,36.5,-386,13,642,-29,0,667,1022,0,0,-1,0,0,0,-1,-1,-1,-1,-1,1,0,
2026-03-25,14:07:04.780,7.62,100,100,97,-0.115,-3.54,66,0,8.28,-0.511,0.644,-0.25,71,0,168.09,-23.32,10,0.00,3.97,4.00,3.96,3.98,3.95,3.95,3.96,3.98,31.92,15.9,31,30,39.3,-413,-123,768,0,0,667,1022,0,0,-1,0,0,0,-1,-1,-1,-1,-1,1,0,
2026-03-25,14:07:05.050,7.62,100,100,98,-0.203,-3.79,70,0,8.28,-0.572,0.790,-0.47,70,0,167.98,-23.93,10,0.00,3.91,3.95,3.96,3.98,3.95,3.95,3.96,3.98,31.92,15.9,31,30,39.3,-412,-273,773,0,0,667,1022,0,0,-1,0,0,0,-1,-1,-1,-1,-1,1,0,
2026-03-25,14:07:05.320,7.62,100,100,98,-0.168,-4.09,71,0,8.28,-0.524,0.924,-0.83,72,0,167.99,-24.83,10,0.00,3.91,3.95,3.91,3.93,3.95,3.95,3.96,3.98,31.67,27.5,31,30,47.4,-403,-321,774,0,0,667,1023,0,0,-1,0,0,0,-1,-1,-1,-1,-1,0,0,
2026-03-25,14:07:05.580,7.62,100,100,98,-0.183,-4.34,71,0,8.28,-0.562,0.847,-0.91,75,0,168.05,-25.92,10,0.00,3.91,3.95,3.91,3.93,3.89,3.88,3.96,3.98,31.67,27.5,31,30,49.8,-408,-427,775,-22,0,667,1022,0,0,-1,0,0,0,-1,-1,-1,-1,-1,0,0,
2026-03-25,14:07:05.850,7.62,100,100,97,-0.123,-4.54,68,0,8.28,-0.531,0.874,-0.73,77,0,167.22,-26.92,10,0.00,3.91,3.95,3.91,3.93,3.89,3.88,3.89,3.90,31.45,28.4,31,30,55.7,-429,-430,775,-107,0,667,1023,0,0,-1,0,0,0,-1,-1,-1,-1,-1,0,0,
2026-03-25,14:07:06.120,7.62,100,100,97,-0.149,-4.87,69,0,8.28,-0.540,0.910,-0.94,77,0,166.71,-28.37,10,0.00,3.83,3.87,3.91,3.93,3.89,3.88,3.89,3.90,31.45,28.9,31,30,62.4,-422,-246,774,-215,0,666,1022,0,0,-1,0,0,0,-1,-1,-1,-1,-1,0,0,
2026-03-25,14:07:06.390,7.62,99,99,97,-0.141,-5.12,69,0,8.28,-0.569,0.718,-1.01,73,0,164.73,-32.00,10,0.00,3.83,3.87,3.84,3.86,3.89,3.88,3.89,3.90,31.45,28.9,31,30,59.8,-358,-170,781,-263,0,667,1023,0,0,-1,0,0,0,-1,-1,-1,-1,-1,0,0,
2026-03-25,14:07:06.650,7.62,99,99,98,-0.126,-4.98,68,0,8.23,-0.565,0.705,-0.21,69,0,160.24,-29.62,10,0.00,3.83,3.87,3.84,3.86,3.89,3.88,3.89,3.90,31.45,29.0,31,30,64.3,-224,-460,795,30,0,667,1022,0,0,-1,0,0,0,-1,-1,-1,-1,-1,0,0,
2026-03-25,14:07:06.920,7.62,99,99,98,-0.097,-4.90,67,0,8.20,-0.565,1.037,-0.21,67,0,158.24,-29.36,10,0.00,3.83,3.87,3.84,3.86,3.85,3.83,3.89,3.90,31.24,29.0,31,30,66.3,-45,-452,798,51,0,667,1022,0,0,-1,0,0,0,-1,-1,-1,-1,-1,0,0,
2026-03-25,14:07:07.190,7.62,99,99,98,-0.142,-4.64,64,0,8.21,-0.576,0.895,0.05,64,0,159.12,-31.11,10,0.00,3.83,3.87,3.84,3.86,3.85,3.83,3.86,3.86,31.06,31.1,31,30,66.5,0,-456,799,32,0,667,1022,0,0,-1,0,0,0,-1,-1,-1,-1,-1,0,0,
2026-03-25,14:07:07.460,7.62,99,99,97,-0.133,-4.28,63,0,8.22,-0.617,0.978,1.00,64,0,155.19,-30.71,10,0.00,3.80,3.84,3.84,3.86,3.85,3.83,3.86,3.86,31.06,31.1,31,30,66.5,9,-386,801,233,0,667,1022,0,0,-1,0,0,0,-1,-1,-1,-1,-1,0,0,
2026-03-25,14:07:07.720,7.62,99,99,97,-0.190,-4.50,62,0,8.23,-0.567,1.043,0.19,64,0,143.20,-28.27,10,0.00,3.80,3.84,3.81,3.84,3.85,3.83,3.86,3.86,31.06,31.2,31,30,69.6,189,-407,799,448,0,667,1022,0,0,-1,0,0,0,-1,-1,-1,-1,-1,0,1,
2026-03-25,14:07:07.990,7.62,100,100,97,-0.195,-4.93,62,0,8.25,-0.526,0.947,-0.94,64,0,155.89,-32.51,10,0.00,3.80,3.84,3.81,3.84,3.82,3.80,3.86,3.86,31.06,31.2,31,30,79.3,160,-339,799,201,0,667,1023,0,0,-1,0,0,0,-1,-1,-1,-1,-1,0,1,
2026-03-25,14:07:08.250,7.62,99,99,97,-0.195,-5.08,60,0,8.25,-0.545,1.014,-0.78,63,0,160.40,-34.08,10,0.00,3.80,3.84,3.81,3.84,3.82,3.80,3.84,3.84,30.91,30.8,31,30,78.0,74,-350,799,150,0,667,1023,0,0,-1,0,0,0,-1,-1,-1,-1,-1,0,1,
2026-03-25,14:07:08.520,7.61,99,99,98,-0.190,-4.92,59,0,8.27,-0.526,0.968,-0.07,62,0,162.75,-35.83,10,0.00,3.78,3.83,3.81,3.84,3.82,3.80,3.84,3.84,30.91,30.8,31,30,78.7,31,-321,799,104,0,667,1022,0,0,-1,0,0,0,-1,-1,-1,-1,-1,0,1,
2026-03-25,14:07:08.780,7.62,97,98,98,-0.195,-4.92,57,0,8.27,-0.548,1.052,0.59,59,0,164.13,-37.06,10,0.00,3.78,3.83,3.80,3.82,3.82,3.80,3.84,3.84,30.79,31.0,31,30,77.6,0,-320,798,49,0,667,1022,0,0,-1,0,0,0,-1,-1,-1,-1,-1,0,1,
2026-03-25,14:07:09.050,7.62,96,98,98,-0.173,-4.25,55,0,8.28,-0.542,1.057,1.02,61,0,166.33,-38.13,10,0.00,3.78,3.83,3.80,3.82,3.82,3.80,3.84,3.84,30.79,31.0,31,30,80.2,0,-309,797,41,0,667,1023,0,0,-1,0,0,0,-1,-1,-1,-1,-1,0,1,
2026-03-25,14:07:09.310,7.62,93,98,98,-0.166,-3.80,52,0,8.26,-0.488,1.097,1.02,65,0,164.28,-38.01,10,0.00,3.78,3.83,3.80,3.82,3.81,3.78,3.84,3.84,30.70,30.6,31,30,86.5,0,-288,781,38,0,667,1022,0,0,-1,0,0,0,-1,-1,-1,-1,-1,0,1,
2026-03-25,14:07:09.570,7.62,90,98,98,-0.173,-3.29,49,0,8.27,-0.438,0.983,1.66,63,0,161.56,-37.48,10,0.00,3.78,3.83,3.80,3.82,3.81,3.78,3.83,3.83,30.70,30.6,31,30,86.5,0,-226,671,100,0,667,1023,0,0,-1,0,0,0,-1,-1,-1,-1,-1,0,1,
2026-03-25,14:07:09.840,7.62,89,99,99,-0.176,-2.78,46,0,8.28,-0.417,1.030,1.66,64,0,165.27,-39.11,10,0.00,3.78,3.83,3.80,3.82,3.81,3.78,3.83,3.83,30.73,26.1,31,30,88.9,0,-230,670,118,0,667,1022,0,0,-1,0,0,0,-1,-1,-1,-1,-1,0,1,
2026-03-25,14:07:10.110,7.62,88,99,99,-0.143,-1.99,44,0,8.28,-0.361,0.865,2.87,66,0,165.90,-38.42,10,0.00,3.78,3.83,3.81,3.83,3.81,3.78,3.83,3.83,30.73,26.1,31,30,88.3,0,-220,672,111,0,667,1022,0,0,-1,0,0,0,-1,-1,-1,-1,-1,0,1,
2026-03-25,14:07:10.370,7.62,88,99,99,-0.153,-0.15,44,0,8.28,-0.405,1.012,3.07,68,0,168.29,-37.71,10,0.00,3.78,3.83,3.81,3.83,3.83,3.81,3.83,3.83,30.75,20.7,31,30,88.2,0,-301,672,178,0,666,1023,0,0,-1,0,0,0,-1,-1,-1,-1,-1,0,1,
2026-03-25,14:07:10.640,7.62,85,99,99,-0.164,0.73,45,0,8.26,-0.426,1.135,3.03,68,0,169.74,-37.46,10,0.00,3.78,3.83,3.81,3.83,3.83,3.81,3.86,3.87,30.75,20.6,31,30,87.4,0,-233,671,167,0,667,1022,0,0,-1,0,0,0,-1,-1,-1,-1,-1,0,1,
2026-03-25,14:07:10.900,7.62,88,99,99,-0.124,1.62,45,0,8.27,-0.372,0.884,3.02,69,0,169.70,-36.73,10,0.00,3.82,3.86,3.81,3.83,3.83,3.81,3.86,3.87,30.78,20.6,31,30,86.3,0,-210,672,78,0,667,1022,0,0,-1,0,0,0,-1,-1,-1,-1,-1,0,1,
2026-03-25,14:07:11.170,7.62,90,99,99,-0.158,2.73,47,0,8.28,-0.391,0.920,3.51,68,0,172.80,-35.07,10,0.00,3.82,3.86,3.84,3.86,3.83,3.81,3.86,3.87,30.78,21.0,31,30,85.9,0,-209,672,62,0,667,1022,0,0,-1,0,0,0,-1,-1,-1,-1,-1,0,1,
2026-03-25,14:07:11.440,7.62,93,100,100,-0.143,2.73,48,0,8.28,-0.365,0.863,3.67,68,0,174.18,-34.11,10,0.00,3.82,3.86,3.84,3.86,3.83,3.81,3.86,3.87,30.78,21.0,31,30,88.2,0,-216,671,19,0,667,1022,0,0,-1,0,0,0,-1,-1,-1,-1,-1,0,1,
2026-03-25,14:07:11.710,7.62,90,100,100,-0.142,4.77,47,0,8.28,-0.396,0.955,3.50,67,0,175.28,-33.91,10,0.00,3.82,3.86,3.84,3.86,3.85,3.83,3.86,3.87,30.78,20.8,31,30,86.9,0,-222,672,0,0,667,1022,0,0,-1,0,0,0,-1,-1,-1,-1,-1,0,1,
2026-03-25,14:07:11.970,7.62,83,100,100,-0.179,5.88,46,0,8.28,-0.397,0.911,3.63,67,0,174.29,-32.58,10,0.00,3.82,3.86,3.84,3.86,3.85,3.83,3.86,3.87,30.78,20.8,31,30,86.9,0,-208,671,0,0,667,1022,0,0,-1,0,0,0,-1,-1,-1,-1,-1,0,1,
2026-03-25,14:07:12.240,7.62,79,100,100,-0.153,7.03,44,0,8.28,-0.356,0.911,3.63,68,0,173.92,-30.97,10,0.00,3.82,3.86,3.84,3.86,3.85,3.83,3.86,3.87,30.78,20.8,31,30,86.9,0,-185,671,84,0,667,1023,0,0,-1,0,0,0,-1,-1,-1,-1,-1,0,1,
2026-03-25,14:07:12.500,7.62,76,100,100,-0.156,7.03,43,0,8.28,-0.388,1.025,3.76,68,0,173.92,-30.97,10,0.00,3.82,3.86,3.83,3.86,3.85,3.83,3.86,3.87,30.78,20.8,31,30,90.0,0,-210,749,327,0,667,1022,0,0,-1,0,0,0,-1,-1,-1,-1,-1,0,1,
2026-03-25,14:07:12.770,7.62,78,100,100,-0.144,9.20,40,0,8.28,-0.382,0.893,3.79,67,0,177.58,-29.90,10,0.00,3.82,3.86,3.83,3.86,3.85,3.83,3.86,3.87,30.72,22.4,31,30,90.4,0,-249,778,368,0,667,1022,0,0,-1,0,0,0,-1,-1,-1,-1,-1,0,1,
2026-03-25,14:07:13.030,7.62,80,100,100,-0.131,11.36,41,0,8.25,-0.431,0.969,3.76,67,0,-176.06,-31.36,10,0.00,3.82,3.86,3.83,3.86,3.85,3.83,3.86,3.86,30.72,22.4,31,30,89.6,0,-264,787,352,0,667,1023,0,0,-1,0,0,0,-1,-1,-1,-1,-1,0,1,
2026-03-25,14:07:13.300,7.62,82,100,100,-0.118,12.46,42,0,8.24,-0.445,0.957,3.77,65,0,-174.84,-31.65,10,0.00,3.79,3.84,3.83,3.86,3.85,3.83,3.86,3.86,30.65,28.8,31,30,90.4,0,-290,787,329,0,667,1022,0,0,-1,0,0,0,-1,-1,-1,-1,-1,0,1,
2026-03-25,14:07:13.570,7.62,89,100,100,-0.131,13.55,43,0,8.23,-0.438,0.977,3.72,64,0,-173.01,-32.18,10,0.00,3.79,3.84,3.80,3.83,3.85,3.83,3.86,3.86,30.65,28.8,31,30,89.3,0,-338,787,375,0,667,1023,0,0,-1,0,0,0,-1,-1,-1,-1,-1,0,1,
2026-03-25,14:07:13.830,7.62,89,100,100,-0.116,14.63,44,0,8.22,-0.453,0.944,3.79,65,0,-170.46,-33.30,10,0.00,3.79,3.84,3.80,3.83,3.85,3.83,3.86,3.86,30.59,29.4,31,30,86.9,0,-427,787,277,0,667,1022,0,0,-1,0,0,0,-1,-1,-1,-1,-1,0,1,
2026-03-25,14:07:14.090,7.62,87,100,100,-0.103,15.73,42,0,8.20,-0.458,0.978,3.75,64,0,-170.65,-33.89,10,0.00,3.79,3.84,3.80,3.83,3.81,3.78,3.86,3.86,30.59,29.4,31,30,86.9,0,-458,786,248,0,667,1022,0,0,-1,0,0,0,-1,-1,-1,-1,-1,0,1,
2026-03-25,14:07:14.350,7.62,81,100,100,-0.151,16.94,42,0,8.18,-0.518,1.137,4.02,64,0,-174.09,-36.61,10,0.00,3.79,3.84,3.80,3.83,3.81,3.78,3.83,3.83,30.53,29.4,31,30,87.0,0,-482,787,303,0,667,1022,0,0,-1,0,0,0,-1,-1,-1,-1,-1,0,1,
2026-03-25,14:07:14.610,7.62,76,100,100,-0.168,18.17,40,0,8.22,-0.518,1.148,4.04,62,0,-173.44,-37.97,10,0.00,3.76,3.82,3.80,3.83,3.81,3.78,3.83,3.83,30.53,29.4,31,30,85.2,0,-474,786,370,0,667,1023,0,0,-1,0,0,0,-1,-1,-1,-1,-1,0,1,
2026-03-25,14:07:14.880,7.62,79,100,100,-0.154,19.35,43,0,8.24,-0.500,1.097,4.25,60,0,-169.32,-41.84,10,0.00,3.76,3.82,3.78,3.80,3.81,3.78,3.83,3.83,30.48,29.7,31,30,82.8,0,-486,787,351,0,667,1022,0,0,-1,0,0,0,-1,-1,-1,-1,-1,0,1,
2026-03-25,14:07:15.150,7.62,84,100,100,-0.139,20.60,46,0,8.25,-0.568,1.227,4.18,59,0,-165.37,-44.62,10,0.00,3.76,3.82,3.78,3.80,3.80,3.77,3.83,3.83,30.48,29.7,31,30,83.2,0,-528,787,201,0,667,1022,0,0,-1,0,0,0,-1,-1,-1,-1,-1,0,1,
2026-03-25,14:07:15.410,7.62,94,100,100,-0.142,21.99,48,0,8.21,-0.575,1.252,4.53,57,0,-165.79,-47.48,10,0.00,3.76,3.82,3.78,3.80,3.80,3.77,3.82,3.81,30.44,29.5,31,30,83.2,0,-496,787,288,0,667,1022,0,0,-1,0,0,0,-1,-1,-1,-1,-1,0,1,
2026-03-25,14:07:15.680,7.61,97,100,100,-0.161,24.90,49,0,8.24,-0.548,1.181,4.94,54,0,-170.73,-47.41,10,0.00,3.75,3.80,3.78,3.80,3.80,3.77,3.82,3.81,30.40,29.7,31,30,82.8,0,-468,786,312,0,667,1022,0,0,-1,0,0,0,-1,-1,-1,-1,-1,0,1,
2026-03-25,14:07:15.940,7.62,99,100,99,-0.144,26.08,51,0,8.26,-0.519,1.097,4.37,52,0,-168.17,-48.16,10,0.00,3.75,3.80,3.78,3.80,3.80,3.77,3.82,3.81,30.40,29.7,31,30,81.1,0,-431,787,345,0,667,1022,0,0,-1,0,0,0,-1,-1,-1,-1,-1,0,1,
2026-03-25,14:07:16.200,7.62,98,99,99,-0.130,27.62,51,0,8.27,-0.600,1.183,4.71,50,0,-161.77,-50.54,10,0.00,3.75,3.80,3.77,3.79,3.80,3.77,3.82,3.81,30.36,29.7,31,30,77.6,0,-434,787,345,0,667,1022,0,0,-1,0,0,0,-1,-1,-1,-1,-1,0,1,
2026-03-25,14:07:16.460,7.62,97,99,99,-0.092,29.57,52,0,8.28,-0.458,1.018,5.93,46,0,-165.86,-47.80,10,0.00,3.75,3.80,3.77,3.79,3.79,3.76,3.82,3.81,30.36,29.7,31,30,77.6,0,-371,787,398,0,667,1023,0,0,-1,0,0,0,-1,-1,-1,-1,-1,0,1,
2026-03-25,14:07:16.720,7.62,96,99,99,-0.110,30.96,51,0,8.28,-0.463,0.832,5.61,44,0,-166.51,-47.29,10,0.00,3.75,3.80,3.77,3.79,3.79,3.76,3.81,3.81,30.32,30.0,31,30,79.6,0,-363,788,436,0,667,1022,0,0,-1,0,0,0,-1,-1,-1,-1,-1,0,1,
2026-03-25,14:07:16.980,7.62,94,99,99,-0.090,32.24,49,0,8.28,-0.527,0.908,4.77,43,0,-164.27,-47.44,10,0.00,3.74,3.80,3.77,3.79,3.79,3.76,3.81,3.81,30.32,30.0,31,30,78.0,0,-347,787,446,0,667,1022,0,0,-1,0,0,0,-1,-1,-1,-1,-1,0,1,
2026-03-25,14:07:17.240,7.62,91,99,99,-0.099,33.93,47,0,8.28,-0.496,0.908,5.35,44,0,-164.84,-45.91,10,0.00,3.74,3.80,3.77,3.78,3.79,3.76,3.81,3.81,30.29,30.0,31,30,73.7,0,-349,787,447,0,667,1023,0,0,-1,0,0,0,-1,-1,-1,-1,-1,0,1,
2026-03-25,14:07:17.510,7.62,87,99,99,-0.110,35.38,46,0,8.28,-0.523,0.895,5.22,45,0,-163.85,-44.10,10,0.00,3.74,3.80,3.77,3.78,3.79,3.75,3.81,3.81,30.29,30.0,31,30,73.0,0,-336,787,475,0,667,1022,0,0,-1,0,0,0,-1,-1,-1,-1,-1,0,1,
2026-03-25,14:07:17.780,7.62,89,98,98,-0.102,36.65,47,0,8.28,-0.485,0.799,4.86,47,0,-162.64,-43.37,10,0.00,3.74,3.80,3.77,3.78,3.79,3.75,3.80,3.80,30.26,30.2,31,30,74.1,0,-357,787,443,0,667,1022,0,0,-1,0,0,0,-1,-1,-1,-1,-1,0,1,
2026-03-25,14:07:18.060,7.62,91,98,98,-0.074,37.73,48,0,8.28,-0.485,0.726,4.12,49,0,-161.05,-42.71,10,0.00,3.73,3.79,3.77,3.78,3.79,3.75,3.80,3.80,30.26,30.2,31,30,72.6,0,-444,787,374,0,667,1022,0,0,-1,0,0,0,-1,-1,-1,-1,-1,0,1,
2026-03-25,14:07:18.320,7.61,94,98,98,-0.094,38.92,48,0,8.26,-0.540,0.985,4.19,49,0,-162.85,-42.87,10,0.00,3.73,3.79,3.77,3.78,3.79,3.75,3.80,3.80,30.24,29.8,31,30,75.9,0,-473,787,292,0,667,1023,0,0,-1,0,0,0,-1,-1,-1,-1,-1,0,1,
2026-03-25,14:07:18.590,7.62,94,98,98,-0.119,40.88,49,0,8.27,-0.525,1.001,3.55,49,0,-165.53,-42.36,10,0.00,3.73,3.79,3.76,3.77,3.79,3.75,3.80,3.80,30.24,29.8,31,30,77.2,0,-465,787,323,0,667,1022,0,0,-1,0,0,0,-1,-1,-1,-1,-1,0,1,
2026-03-25,14:07:18.850,7.62,92,98,98,-0.118,41.62,48,0,8.25,-0.579,1.122,2.86,47,0,-163.50,-43.92,10,0.00,3.73,3.79,3.76,3.77,3.78,3.75,3.80,3.80,30.22,29.9,31,30,77.2,0,-555,787,318,0,667,1022,0,0,-1,0,0,0,-1,-1,-1,-1,-1,0,1,
2026-03-25,14:07:19.120,7.62,91,98,98,-0.142,42.40,48,0,8.23,-0.518,1.065,2.83,48,0,-164.50,-43.58,10,0.00,3.73,3.79,3.76,3.77,3.78,3.75,3.80,3.80,30.22,29.9,31,30,76.9,0,-520,787,415,0,667,1022,0,0,-1,0,0,0,-1,-1,-1,-1,-1,0,1,
2026-03-25,14:07:19.380,7.62,91,98,98,-0.154,42.50,47,0,8.23,-0.532,1.141,1.59,47,0,-160.13,-44.95,10,0.00,3.73,3.79,3.76,3.77,3.78,3.75,3.80,3.80,30.21,29.4,31,30,80.0,0,-605,787,421,0,667,1022,0,0,-1,0,0,0,-1,-1,-1,-1,-1,0,1,
2026-03-25,14:07:19.650,7.62,90,97,97,-0.151,42.60,47,0,8.20,-0.583,1.316,0.63,44,0,-147.78,-49.05,10,0.00,3.73,3.79,3.76,3.77,3.78,3.75,3.80,3.80,30.21,29.6,31,30,82.4,0,-619,787,387,0,667,1023,0,0,-1,0,0,0,-1,-1,-1,-1,-1,0,1,
2026-03-25,14:07:19.920,7.61,88,97,97,-0.151,43.09,48,0,8.18,-0.548,1.234,1.16,45,0,-145.68,-50.28,10,0.00,3.73,3.79,3.76,3.77,3.78,3.75,3.80,3.80,30.20,29.6,31,30,82.4,0,-653,787,245,0,667,1022,0,0,-1,0,0,0,-1,-1,-1,-1,-1,0,1,
2026-03-25,14:07:20.190,7.62,89,97,97,-0.171,43.36,49,0,8.24,-0.571,1.385,1.16,42,0,-142.27,-52.31,10,0.00,3.73,3.79,3.76,3.77,3.78,3.75,3.79,3.80,30.19,29.8,31,30,83.7,0,-600,787,372,0,667,1022,0,0,-1,0,0,0,-1,-1,-1,-1,-1,0,1,
2026-03-25,14:07:20.450,7.62,94,97,97,-0.193,43.55,50,0,8.26,-0.572,1.458,0.74,40,0,-137.39,-53.30,10,0.00,3.73,3.79,3.76,3.77,3.78,3.75,3.79,3.80,30.19,29.8,31,30,83.2,0,-494,786,0,0,667,1022,0,0,-1,0,0,0,-1,-1,-1,-1,-1,0,1,
2026-03-25,14:07:20.730,7.62,95,97,97,-0.161,43.84,52,0,8.27,-0.528,1.243,0.89,43,0,-128.96,-52.48,10,0.00,3.73,3.79,3.76,3.77,3.78,3.75,3.79,3.80,30.19,29.8,31,30,85.0,0,-493,786,0,0,667,1022,0,0,-1,0,0,0,-1,-1,-1,-1,-1,0,1,
2026-03-25,14:07:20.990,7.62,93,97,97,-0.135,44.12,53,0,8.23,-0.479,1.187,0.85,43,0,-133.47,-49.82,10,0.00,3.73,3.79,3.76,3.78,3.78,3.75,3.79,3.80,30.19,29.8,31,30,87.0,0,-540,787,0,0,667,1022,0,0,-1,0,0,0,-1,-1,-1,-1,-1,0,1,
2026-03-25,14:07:21.260,7.61,94,96,96,-0.196,44.12,53,0,8.26,-0.542,1.368,0.20,45,0,-133.27,-49.62,10,0.00,3.73,3.79,3.76,3.78,3.78,3.75,3.79,3.80,30.19,29.7,31,30,87.0,0,-440,786,0,0,667,1022,0,0,-1,0,0,0,-1,-1,-1,-1,-1,0,1,
2026-03-25,14:07:21.520,7.61,96,96,96,-0.175,44.21,54,0,8.27,-0.508,1.279,0.23,49,0,-130.56,-47.47,10,0.00,3.73,3.79,3.76,3.78,3.78,3.75,3.80,3.80,30.19,29.7,31,30,88.2,0,-370,786,0,0,667,1022,0,0,-1,0,0,0,-1,-1,-1,-1,-1,0,1,
2026-03-25,14:07:21.780,7.62,98,98,96,-0.164,44.35,54,0,8.27,-0.455,1.202,0.36,52,0,-130.06,-45.85,10,0.00,3.73,3.79,3.76,3.78,3.78,3.75,3.80,3.80,30.19,29.7,31,30,88.3,0,-195,786,-196,0,667,1022,0,0,-1,0,0,0,-1,-1,-1,-1,-1,0,1,
2026-03-25,14:07:22.040,7.62,98,98,96,-0.168,44.48,55,0,8.28,-0.399,1.028,0.41,53,0,-134.19,-42.08,10,0.00,3.73,3.79,3.76,3.78,3.78,3.75,3.80,3.80,30.19,29.7,31,30,91.3,0,-206,786,-278,0,667,1022,0,0,-1,0,0,0,-1,-1,-1,-1,-1,0,1,
2026-03-25,14:07:22.310,7.61,98,98,96,-0.175,44.58,55,0,8.28,-0.376,1.009,0.41,53,0,-141.05,-38.99,10,0.00,3.73,3.79,3.76,3.78,3.78,3.75,3.80,3.80,30.20,29.7,31,30,93.5,0,-213,787,-383,0,667,1022,0,0,-1,0,0,0,-1,-1,-1,-1,-1,0,1,
2026-03-25,14:07:22.580,7.62,100,100,96,-0.201,44.73,55,0,8.28,-0.409,1.110,0.42,54,0,-147.14,-37.76,10,0.00,3.73,3.79,3.76,3.78,3.78,3.75,3.80,3.79,30.20,29.7,31,30,93.2,0,-205,786,-440,0,667,1023,0,0,-1,0,0,0,-1,-1,-1,-1,-1,0,1,
2026-03-25,14:07:22.850,7.62,100,100,95,-0.204,44.93,55,0,8.26,-0.336,0.927,0.59,56,0,-147.58,-35.43,10,0.00,3.74,3.79,3.76,3.78,3.78,3.75,3.80,3.79,30.21,29.9,31,30,96.1,0,-80,786,-629,0,667,1022,0,0,-1,0,0,0,-1,-1,-1,-1,-1,0,1,
2026-03-25,14:07:23.120,7.62,99,99,95,-0.181,45.04,55,0,8.27,-0.309,0.828,0.53,59,0,-165.28,-31.55,10,0.00,3.74,3.79,3.76,3.78,3.78,3.75,3.80,3.79,30.21,29.9,31,30,97.0,0,-88,786,-651,0,667,1022,0,0,-1,0,0,0,-1,-1,-1,-1,-1,0,1,
2026-03-25,14:07:23.390,7.62,99,99,96,-0.218,45.04,54,0,8.28,-0.333,0.893,0.23,60,0,-177.42,-28.90,10,0.00,3.74,3.79,3.77,3.78,3.78,3.75,3.80,3.79,30.22,29.7,31,30,96.5,0,-88,786,-580,0,667,1023,0,0,-1,0,0,0,-1,-1,-1,-1,-1,0,1,
2026-03-25,14:07:23.650,7.62,97,97,96,-0.287,45.13,51,0,8.25,-0.413,1.247,0.19,60,0,171.04,-26.03,10,0.00,3.74,3.79,3.77,3.78,3.79,3.76,3.80,3.79,30.22,29.4,31,30,96.5,0,-54,786,0,0,667,1022,0,0,-1,0,0,0,-1,-1,-1,-1,-1,0,1,
2026-03-25,14:07:23.910,7.62,97,97,96,-0.268,44.97,49,0,8.26,-0.307,0.930,-0.28,62,0,176.52,-24.76,10,0.00,3.74,3.79,3.77,3.78,3.79,3.76,3.80,3.80,30.22,29.4,31,30,98.7,0,-33,786,0,0,667,1022,0,0,-1,0,0,0,-1,-1,-1,-1,-1,0,1,
2026-03-25,14:07:24.180,7.62,93,97,97,-0.115,44.84,48,0,8.27,-0.273,0.780,-0.28,61,0,-176.30,-23.14,10,0.00,3.74,3.80,3.77,3.78,3.79,3.76,3.80,3.80,30.24,29.3,31,30,101.3,0,-55,786,-74,0,667,1022,0,0,-1,0,0,0,-1,-1,-1,-1,-1,0,1,
2026-03-25,14:07:24.450,7.62,86,97,97,-0.076,44.31,46,0,8.25,-0.282,0.798,-1.12,60,0,-177.60,-22.15,10,0.00,3.74,3.80,3.77,3.78,3.79,3.76,3.80,3.80,30.24,29.3,31,30,105.2,0,-126,787,-264,0,667,1022,0,0,-1,0,0,0,-1,-1,-1,-1,-1,0,1,
2026-03-25,14:07:24.710,7.62,82,96,96,-0.158,43.84,45,0,8.24,-0.269,1.078,-1.56,58,0,171.69,-19.57,10,0.00,3.74,3.80,3.77,3.78,3.79,3.76,3.80,3.80,30.27,29.2,31,30,109.5,0,-121,787,-41,0,667,1022,0,0,-1,0,0,0,-1,-1,-1,-1,-1,0,1,
2026-03-25,14:07:24.980,7.61,87,96,96,-0.278,43.76,45,0,8.26,-0.224,1.072,-0.98,60,0,173.11,-19.51,10,0.00,3.74,3.80,3.77,3.78,3.79,3.76,3.81,3.81,30.27,29.2,31,30,112.0,0,-108,786,0,0,667,1022,0,0,-1,0,0,0,-1,-1,-1,-1,-1,0,1,
2026-03-25,14:07:25.240,7.62,94,97,97,-0.258,44.12,49,0,8.27,-0.249,1.081,0.40,61,0,-56.08,-20.17,10,0.00,3.74,3.80,3.77,3.78,3.79,3.76,3.81,3.81,30.30,28.8,31,30,112.6,0,-93,787,-124,0,667,1022,0,0,-1,0,0,0,-1,-1,-1,-1,-1,0,1,
2026-03-25,14:07:25.510,7.62,98,98,97,-0.146,44.03,51,0,8.28,-0.191,0.812,0.18,62,0,-172.67,-21.08,10,0.00,3.75,3.81,3.77,3.78,3.79,3.76,3.81,3.81,30.30,28.8,31,30,113.3,0,3,787,-211,0,667,1022,0,0,-1,0,0,0,-1,-1,-1,-1,-1,0,1,
2026-03-25,14:07:25.780,7.62,99,99,98,-0.092,43.59,54,0,8.28,-0.180,0.681,-0.74,62,0,-173.59,-21.47,10,0.00,3.75,3.81,3.78,3.80,3.79,3.76,3.81,3.81,30.33,28.8,31,30,113.3,0,-1,787,-300,0,667,1022,0,0,-1,0,0,0,-1,-1,-1,-1,-1,0,1,
2026-03-25,14:07:26.050,7.62,100,100,98,-0.142,43.04,55,0,8.28,-0.188,0.845,-0.74,61,0,130.73,-19.13,10,0.00,3.75,3.81,3.78,3.80,3.81,3.77,3.81,3.81,30.33,28.8,31,30,111.3,0,-84,787,-363,0,667,1022,0,0,-1,0,0,0,-1,-1,-1,-1,-1,0,1,
2026-03-25,14:07:26.310,7.61,100,100,97,-0.226,43.04,56,0,8.25,-0.192,0.982,-0.85,60,0,174.81,-18.93,10,0.00,3.75,3.81,3.78,3.80,3.81,3.77,3.83,3.81,30.36,28.1,31,30,115.6,0,-127,786,-503,0,667,1023,0,0,-1,0,0,0,-1,-1,-1,-1,-1,0,1,
2026-03-25,14:07:26.570,7.62,100,100,97,-0.249,43.00,55,0,8.26,-0.222,1.142,-0.24,62,0,171.37,-18.79,10,0.00,3.76,3.82,3.78,3.80,3.81,3.77,3.83,3.81,30.36,28.1,31,30,115.9,0,-130,786,-431,0,667,1022,0,0,-1,0,0,0,-1,-1,-1,-1,-1,0,1,
2026-03-25,14:07:26.840,7.62,97,98,98,-0.201,42.67,53,0,8.27,-0.168,0.982,-0.52,63,0,164.78,-17.90,10,0.00,3.76,3.82,3.79,3.81,3.81,3.77,3.83,3.81,30.39,29.1,31,30,119.3,0,-95,786,-529,0,667,1022,0,0,-1,0,0,0,-1,-1,-1,-1,-1,0,1,
2026-03-25,14:07:27.110,7.62,91,98,98,-0.224,42.31,49,0,8.28,-0.177,1.109,-1.02,64,0,160.60,-17.31,10,0.00,3.76,3.82,3.79,3.81,3.81,3.78,3.83,3.81,30.39,29.1,31,30,119.3,0,-164,787,-636,0,667,1022,0,0,-1,0,0,0,-1,-1,-1,-1,-1,0,1,
2026-03-25,14:07:27.390,7.62,80,98,98,-0.249,42.31,45,0,8.25,-0.163,0.941,-0.91,63,0,151.06,-14.80,10,0.00,3.76,3.82,3.79,3.81,3.81,3.78,3.83,3.83,30.42,28.6,31,30,118.3,0,-246,786,-657,0,667,1022,0,0,-1,0,0,0,-1,-1,-1,-1,-1,0,1,
2026-03-25,14:07:27.670,7.62,82,98,98,-0.336,41.84,45,0,8.22,-0.187,1.189,-0.85,62,0,136.44,-14.12,10,0.00,3.77,3.82,3.79,3.81,3.81,3.78,3.83,3.83,30.44,28.6,31,30,121.3,0,-333,787,-670,0,667,1022,0,0,-1,0,0,0,-1,-1,-1,-1,-1,0,1,
2026-03-25,14:07:27.930,7.62,85,98,98,-0.337,41.59,46,0,8.19,-0.198,1.323,-0.81,61,0,130.44,-13.93,10,0.00,3.77,3.82,3.79,3.81,3.81,3.78,3.83,3.83,30.44,28.6,31,30,121.3,0,-364,786,-635,0,667,1022,0,0,-1,0,0,0,-1,-1,-1,-1,-1,0,1,
2026-03-25,14:07:28.200,7.62,91,97,97,-0.337,41.35,47,0,8.18,-0.177,1.387,-0.79,63,0,118.15,-11.16,10,0.00,3.77,3.82,3.80,3.82,3.81,3.78,3.83,3.83,30.46,28.6,31,30,120.4,0,-469,787,-548,0,667,1022,0,0,-1,0,0,0,-1,-1,-1,-1,-1,0,1,
2026-03-25,14:07:28.460,7.61,89,97,97,-0.345,41.24,47,0,8.17,-0.184,1.604,-0.67,64,0,100.58,-6.07,10,0.00,3.77,3.82,3.80,3.82,3.81,3.79,3.83,3.83,30.46,28.6,31,30,120.4,0,-637,786,-105,0,667,1022,0,0,-1,0,0,0,-1,-1,-1,-1,-1,0,1,
2026-03-25,14:07:28.720,7.62,90,98,98,-0.356,41.28,47,0,8.17,-0.241,1.786,-0.17,62,0,100.58,-6.07,10,0.00,3.77,3.82,3.80,3.82,3.81,3.79,3.83,3.83,30.46,28.4,31,30,119.1,0,-657,786,0,0,667,1023,0,0,-1,0,0,0,-1,-1,-1,-1,-1,0,1,
2026-03-25,14:07:28.990,7.62,93,98,98,-0.309,40.75,47,0,8.15,-0.208,1.741,-0.80,60,0,94.27,2.57,10,0.00,3.77,3.82,3.80,3.82,3.81,3.79,3.83,3.83,30.46,28.4,31,30,115.6,0,-723,787,0,0,667,1022,0,0,-1,0,0,0,-1,-1,-1,-1,-1,0,1,
2026-03-25,14:07:29.260,7.62,96,98,98,-0.239,40.12,48,0,8.16,-0.135,1.489,-1.54,58,0,90.67,6.34,10,0.00,3.77,3.82,3.79,3.82,3.81,3.79,3.83,3.83,30.45,28.6,31,30,115.2,0,-814,786,211,0,667,1022,0,0,-1,0,0,0,-1,-1,-1,-1,-1,0,1,
2026-03-25,14:07:29.520,7.61,98,98,98,-0.253,39.22,51,0,8.14,-0.146,1.480,-2.37,60,0,85.24,13.98,10,0.00,3.77,3.82,3.79,3.82,3.81,3.78,3.83,3.83,30.45,28.6,31,30,114.3,0,-842,786,347,0,667,1022,0,0,-1,0,0,0,-1,-1,-1,-1,-1,0,1,
2026-03-25,14:07:29.790,7.61,99,99,97,-0.286,38.04,52,0,8.13,-0.184,1.644,-2.37,62,0,87.65,19.77,10,0.00,3.77,3.82,3.79,3.82,3.81,3.78,3.83,3.82,30.45,28.9,31,30,114.8,0,-890,786,648,0,667,1023,0,0,-1,0,0,0,-1,-1,-1,-1,-1,0,1,
2026-03-25,14:07:30.050,7.62,100,100,97,-0.266,36.86,50,0,8.14,-0.183,1.632,-3.75,65,0,90.90,22.36,10,0.00,3.76,3.82,3.79,3.82,3.81,3.78,3.83,3.82,30.45,28.9,31,30,114.5,0,-910,786,562,0,667,1022,0,0,-1,0,0,0,-1,-1,-1,-1,-1,0,1,
2026-03-25,14:07:30.320,7.62,98,98,98,-0.244,34.99,50,0,8.06,-0.123,1.551,-5.24,66,0,95.84,26.57,10,0.00,3.76,3.82,3.79,3.82,3.81,3.78,3.83,3.82,30.44,28.8,31,30,116.7,0,-1015,786,920,0,667,1023,0,0,-1,0,0,0,-1,-1,-1,-1,-1,0,1,
2026-03-25,14:07:30.590,7.61,95,98,98,-0.240,34.99,49,0,8.01,-0.115,1.540,-5.24,66,0,99.24,27.57,10,0.00,3.76,3.82,3.79,3.82,3.81,3.78,3.83,3.82,30.44,28.8,31,30,117.2,221,-1023,840,1012,0,667,1023,0,0,-1,0,0,0,-1,-1,-1,-1,-1,0,1,
2026-03-25,14:07:30.860,7.62,93,98,98,-0.252,30.20,48,0,7.87,-0.099,1.465,-8.14,61,0,116.17,26.10,10,0.00,3.76,3.82,3.79,3.82,3.81,3.78,3.83,3.82,30.41,29.1,31,30,117.2,577,-1024,797,994,0,667,1022,0,0,-1,0,0,0,-1,-1,-1,-1,-1,0,1,
2026-03-25,14:07:31.120,7.62,95,97,97,-0.453,27.27,47,0,7.94,-0.124,1.745,-9.32,58,0,132.33,18.12,10,0.00,3.76,3.82,3.79,3.82,3.81,3.78,3.83,3.81,30.41,29.1,31,30,118.2,109,-1022,934,573,0,667,1022,0,0,-1,0,0,0,-1,-1,-1,-1,-1,0,1,
2026-03-25,14:07:31.390,7.62,93,97,97,-0.493,24.54,44,0,8.05,-0.213,2.033,-9.62,60,0,144.92,10.18,10,0.00,3.76,3.82,3.79,3.82,3.81,3.78,3.83,3.81,30.34,33.7,31,30,118.2,0,-1023,1013,35,0,667,1022,0,0,-1,0,0,0,-1,-1,-1,-1,-1,0,1,
2026-03-25,14:07:31.650,7.61,94,96,96,-0.248,18.45,45,0,8.06,-0.343,1.861,-9.65,62,0,162.10,-1.27,10,0.00,3.76,3.82,3.77,3.79,3.81,3.78,3.83,3.81,30.34,51.2,31,30,119.3,-157,-781,1009,-275,0,667,1022,0,0,-1,0,0,0,-1,-1,-1,-1,-1,0,1,
2026-03-25,14:07:31.910,7.61,94,96,96,-0.054,16.31,48,0,8.08,-0.161,1.203,-9.05,63,0,154.96,4.02,10,0.00,3.76,3.82,3.77,3.79,3.77,3.74,3.83,3.81,30.22,51.2,31,30,121.3,68,-1023,1010,280,0,667,1022,0,0,-1,0,0,0,-1,-1,-1,-1,-1,0,1,
2026-03-25,14:07:32.170,7.61,97,97,97,-0.359,14.57,51,0,8.03,-0.371,2.154,-7.32,63,0,138.57,2.92,10,0.00,3.76,3.82,3.77,3.79,3.77,3.74,3.77,3.76,30.22,51.2,31,30,119.3,260,-1023,1016,308,0,667,1022,0,0,-1,0,0,0,-1,-1,-1,-1,-1,0,1,
2026-03-25,14:07:32.430,7.62,97,97,97,-0.298,13.13,49,0,8.10,-0.251,2.154,-6.00,63,0,134.98,0.03,10,0.00,3.76,3.82,3.77,3.79,3.77,3.74,3.77,3.76,30.11,51.2,31,30,120.6,200,-836,1016,308,0,667,1022,0,0,-1,0,0,0,-1,-1,-1,-1,-1,0,1,
2026-03-25,14:07:32.710,7.62,94,97,97,-0.389,12.57,46,0,8.00,-0.233,1.612,-3.68,62,0,135.81,-1.69,10,0.00,3.69,3.75,3.77,3.79,3.77,3.74,3.77,3.76,30.01,52.1,31,30,119.3,428,-1023,1015,646,0,667,1022,0,0,-1,0,0,0,-1,-1,-1,-1,-1,0,1,
2026-03-25,14:07:32.970,7.61,93,97,97,-0.409,12.21,42,0,7.99,-0.369,2.035,-2.07,60,0,151.21,-14.79,10,0.00,3.69,3.75,3.71,3.73,3.77,3.74,3.77,3.76,30.01,52.1,31,30,119.3,0,-724,973,-82,0,667,1022,0,0,-1,0,0,0,-1,-1,-1,-1,-1,0,1,
2026-03-25,14:07:33.240,7.62,94,96,96,-0.409,11.80,42,0,8.14,-0.369,1.817,-1.73,59,0,158.21,-19.21,10,0.00,3.69,3.75,3.71,3.73,3.73,3.69,3.77,3.76,30.16,48.1,31,30,115.0,-122,-407,520,-317,0,667,1022,0,0,-1,0,0,0,-1,-1,-1,-1,-1,0,1,
2026-03-25,14:07:33.500,7.62,97,97,96,-0.063,11.80,42,0,8.19,0.055,0.781,0.42,58,0,151.14,-14.09,10,0.00,3.69,3.75,3.71,3.73,3.73,3.69,3.77,3.76,30.16,48.1,31,30,111.1,-141,-465,509,-291,0,667,1022,0,0,-1,0,0,0,-1,-1,-1,-1,-1,0,1,
2026-03-25,14:07:33.760,7.62,98,98,97,-0.121,14.40,42,0,8.16,0.005,0.945,4.05,58,0,144.22,-10.35,10,0.00,3.73,3.78,3.71,3.73,3.73,3.69,3.77,3.76,30.33,15.2,31,30,108.2,-36,-846,510,83,0,666,1023,0,0,-1,0,0,0,-1,-1,-1,-1,-1,0,1,
2026-03-25,14:07:34.030,7.62,97,97,97,-0.178,15.86,42,0,8.11,-0.061,0.945,4.86,57,0,134.71,-6.98,10,0.00,3.73,3.78,3.78,3.80,3.73,3.69,3.77,3.76,30.33,15.2,31,30,105.4,-9,-945,513,171,0,667,1023,0,0,-1,0,0,0,-1,-1,-1,-1,-1,0,1,
2026-03-25,14:07:34.290,7.62,97,97,97,-0.278,16.99,42,0,8.13,-0.250,1.563,4.86,57,0,129.10,-8.96,10,0.00,3.73,3.78,3.78,3.80,3.83,3.81,3.77,3.76,30.46,15.2,31,30,96.7,0,-879,593,181,0,667,1023,0,0,-1,0,0,0,-1,-1,-1,-1,-1,0,1,
2026-03-25,14:07:34.550,7.62,97,97,96,-0.229,17.78,44,0,8.20,-0.230,1.326,3.57,57,0,129.73,-9.20,10,0.00,3.73,3.78,3.78,3.80,3.83,3.81,3.77,3.76,30.46,15.2,31,30,95.2,-10,-660,593,0,0,667,1023,0,0,-1,0,0,0,-1,-1,-1,-1,-1,0,1,
2026-03-25,14:07:34.810,7.62,95,96,96,-0.160,19.66,45,0,8.21,-0.175,0.993,3.40,56,0,126.22,-6.37,10,0.00,3.73,3.78,3.78,3.80,3.83,3.81,3.86,3.86,30.51,16.4,31,30,92.8,-32,-753,591,97,0,667,1022,0,0,-1,0,0,0,-1,-1,-1,-1,-1,0,1,
2026-03-25,14:07:35.070,7.62,95,96,96,-0.191,20.80,46,0,8.19,-0.215,0.993,3.91,54,0,125.20,-5.53,10,0.00,3.81,3.85,3.78,3.80,3.83,3.81,3.86,3.86,30.51,16.4,31,30,92.8,0,-905,594,342,0,667,1022,0,0,-1,0,0,0,-1,-1,-1,-1,-1,0,1,
2026-03-25,14:07:35.340,7.62,96,96,96,-0.237,21.62,49,0,8.18,-0.215,1.155,3.38,53,0,126.83,-4.93,10,0.00,3.81,3.85,3.83,3.84,3.83,3.81,3.86,3.86,30.54,16.6,30,30,90.9,0,-841,600,298,0,667,1022,0,0,-1,0,0,0,-1,-1,-1,-1,-1,0,1,
2026-03-25,14:07:35.600,7.62,99,99,97,-0.211,22.41,51,0,8.22,-0.270,1.164,2.95,53,0,127.96,-5.35,10,0.00,3.81,3.85,3.83,3.84,3.83,3.81,3.86,3.86,30.54,16.6,30,30,88.3,-7,-786,599,204,0,667,1022,0,0,-1,0,0,0,-1,-1,-1,-1,-1,0,1,
2026-03-25,14:07:35.860,7.62,100,100,97,-0.189,23.15,53,0,8.19,-0.251,1.079,2.77,50,0,127.70,-3.67,10,0.00,3.81,3.85,3.83,3.84,3.83,3.81,3.85,3.84,30.56,16.7,30,30,86.5,0,-843,598,340,0,667,1022,0,0,-1,0,0,0,-1,-1,-1,-1,-1,0,1,
2026-03-25,14:07:36.120,7.61,99,99,97,-0.190,23.85,51,0,8.18,-0.273,1.098,2.55,50,0,128.41,-1.58,10,0.00,3.79,3.84,3.83,3.84,3.83,3.81,3.85,3.84,30.56,16.7,30,30,86.5,0,-902,598,441,0,667,1022,0,0,-1,0,0,0,-1,-1,-1,-1,-1,0,1,
2026-03-25,14:07:36.390,7.62,99,99,97,-0.184,24.26,50,0,8.15,-0.258,1.047,1.96,51,0,126.19,-0.07,10,0.00,3.79,3.84,3.82,3.84,3.83,3.81,3.85,3.84,30.58,17.0,30,30,83.7,193,-938,598,741,0,667,1022,0,0,-1,0,0,0,-1,-1,-1,-1,-1,0,1,
2026-03-25,14:07:36.660,7.62,96,96,96,-0.203,24.64,47,0,8.10,-0.219,0.956,1.53,51,0,130.32,0.46,10,0.00,3.79,3.84,3.82,3.84,3.83,3.81,3.85,3.84,30.59,16.9,30,30,83.7,388,-1010,600,835,0,667,1022,0,0,-1,0,0,0,-1,-1,-1,-1,-1,0,1,
2026-03-25,14:07:36.920,7.62,94,96,96,-0.277,24.80,45,0,8.09,-0.223,1.032,1.08,52,0,141.07,-4.37,10,0.00,3.79,3.84,3.82,3.84,3.82,3.80,3.85,3.84,30.59,16.9,30,30,84.3,526,-1020,602,969,0,667,1022,0,0,-1,0,0,0,-1,-1,-1,-1,-1,0,1,
2026-03-25,14:07:37.190,7.62,93,97,97,-0.301,24.69,44,0,8.14,-0.256,1.098,0.19,51,0,151.40,-8.64,10,0.00,3.79,3.84,3.82,3.84,3.82,3.80,3.84,3.84,30.55,17.6,30,30,82.8,173,-1021,767,362,0,667,1022,0,0,-1,0,0,0,-1,-1,-1,-1,-1,0,1,
2026-03-25,14:07:37.460,7.62,96,97,97,-0.298,24.17,44,0,8.18,-0.356,1.427,-0.75,56,0,173.57,-19.21,10,0.00,3.79,3.83,3.82,3.84,3.82,3.80,3.84,3.84,30.55,17.6,30,30,82.8,111,-711,866,-102,0,667,1022,0,0,-1,0,0,0,-1,-1,-1,-1,-1,0,1,
2026-03-25,14:07:37.730,7.61,98,98,97,-0.298,23.71,43,0,8.23,-0.514,1.308,-1.40,59,0,-158.39,-24.90,10,0.00,3.79,3.83,3.80,3.81,3.82,3.80,3.84,3.84,30.41,35.8,30,30,82.8,21,-669,870,-312,0,667,1022,0,0,-1,0,0,0,-1,-1,-1,-1,-1,0,1,
2026-03-25,14:07:37.990,7.62,97,97,97,-0.130,23.41,42,0,8.19,-0.398,0.917,-1.11,60,0,167.45,-21.88,10,0.00,3.79,3.83,3.80,3.81,3.79,3.77,3.84,3.84,30.41,35.8,30,30,81.5,0,-737,869,-267,0,667,1022,0,0,-1,0,0,0,-1,-1,-1,-1,-1,0,1,
2026-03-25,14:07:38.250,7.61,96,97,97,-0.238,22.84,43,0,8.16,-0.376,1.157,-1.57,56,0,157.04,-17.99,10,0.00,3.79,3.83,3.80,3.81,3.79,3.77,3.79,3.78,30.29,38.8,30,30,84.5,75,-1014,871,466,0,667,1022,0,0,-1,0,0,0,-1,-1,-1,-1,-1,0,1,
2026-03-25,14:07:38.510,7.62,97,97,97,-0.307,22.29,45,0,8.15,-0.422,1.320,-1.88,52,0,139.26,-16.78,10,0.00,3.71,3.76,3.80,3.81,3.79,3.77,3.79,3.78,30.29,38.8,30,30,86.5,165,-1021,888,664,0,667,1022,0,0,-1,0,0,0,-1,-1,-1,-1,-1,0,1,
2026-03-25,14:07:38.790,7.62,99,99,97,-0.307,21.96,47,0,8.16,-0.501,1.538,-1.42,53,0,150.56,-22.78,10,0.00,3.71,3.76,3.73,3.75,3.79,3.77,3.79,3.78,30.18,40.3,30,30,88.5,147,-894,889,129,0,667,1023,0,0,-1,0,0,0,-1,-1,-1,-1,-1,0,1,
2026-03-25,14:07:39.050,7.62,99,99,98,-0.248,21.77,46,0,8.21,-0.509,1.425,-1.06,50,0,154.53,-25.88,10,0.00,3.71,3.76,3.73,3.75,3.79,3.77,3.79,3.78,30.18,40.3,30,30,85.6,57,-836,889,0,0,667,1022,0,0,-1,0,0,0,-1,-1,-1,-1,-1,0,1,
2026-03-25,14:07:39.310,7.62,98,98,97,-0.179,21.85,46,0,8.15,-0.440,1.203,-0.30,49,0,137.09,-19.35,10,0.00,3.71,3.76,3.73,3.75,3.75,3.71,3.79,3.78,30.09,40.7,30,30,88.5,46,-1012,889,359,0,667,1022,0,0,-1,0,0,0,-1,-1,-1,-1,-1,0,1,
2026-03-25,14:07:39.570,7.61,97,97,97,-0.230,21.85,44,0,8.16,-0.371,1.172,-0.70,50,0,128.37,-18.21,10,0.00,3.71,3.76,3.73,3.75,3.75,3.71,3.79,3.78,30.09,40.7,30,30,88.5,68,-1017,889,519,0,667,1023,0,0,-1,0,0,0,-1,-1,-1,-1,-1,0,1,
2026-03-25,14:07:39.840,7.62,97,97,97,-0.281,20.86,42,0,8.17,-0.410,1.354,-1.56,53,0,120.22,-20.01,10,0.00,3.69,3.75,3.73,3.75,3.75,3.71,3.79,3.78,30.02,40.6,30,30,89.3,120,-1019,890,705,0,667,1022,0,0,-1,0,0,0,-1,-1,-1,-1,-1,0,1,
2026-03-25,14:07:40.120,7.62,97,97,97,-0.288,20.17,42,0,8.13,-0.385,1.313,-1.33,57,0,122.40,-21.69,10,0.00,3.69,3.75,3.72,3.73,3.75,3.71,3.79,3.78,30.02,40.6,30,30,89.6,162,-1019,890,719,0,667,1022,0,0,-1,0,0,0,-1,-1,-1,-1,-1,0,1,
2026-03-25,14:07:40.390,7.62,98,98,97,-0.282,19.69,40,0,8.13,-0.406,1.385,-1.50,58,0,124.72,-22.39,10,0.00,3.69,3.75,3.72,3.73,3.74,3.70,3.79,3.78,30.02,40.9,30,30,90.4,197,-1015,890,701,0,667,1022,0,0,-1,0,0,0,-1,-1,-1,-1,-1,0,1,
2026-03-25,14:07:40.650,7.62,89,98,98,-0.249,19.21,38,0,8.11,-0.393,1.350,-1.62,58,0,124.15,-22.31,10,0.00,3.69,3.75,3.72,3.73,3.74,3.70,3.79,3.78,29.95,40.5,30,30,90.0,252,-967,892,766,0,666,1023,0,0,-1,0,0,0,-1,-1,-1,-1,-1,0,1,
2026-03-25,14:07:40.920,7.62,81,98,98,-0.221,18.62,37,0,8.17,-0.328,1.225,-1.75,59,0,120.93,-21.10,10,0.00,3.68,3.74,3.72,3.73,3.74,3.70,3.79,3.78,29.95,40.5,30,30,94.6,237,-964,892,817,0,667,1022,0,0,-1,0,0,0,-1,-1,-1,-1,-1,0,1,
2026-03-25,14:07:41.190,7.62,79,98,98,-0.221,18.62,36,0,8.08,-0.287,1.131,-2.15,59,0,119.95,-21.62,10,0.00,3.68,3.74,3.71,3.73,3.74,3.70,3.79,3.78,29.90,40.4,30,30,94.1,459,-1020,892,942,0,667,1022,0,0,-1,0,0,0,-1,-1,-1,-1,-1,0,1,
2026-03-25,14:07:41.450,7.61,85,98,98,-0.329,17.21,35,0,8.12,-0.383,1.483,-2.46,59,0,139.12,-29.09,10,0.00,3.68,3.74,3.71,3.73,3.74,3.70,3.79,3.78,29.90,40.4,30,30,95.4,355,-945,904,598,0,667,1023,0,0,-1,0,0,0,-1,-1,-1,-1,-1,0,1,
2026-03-25,14:07:41.720,7.61,85,98,98,-0.242,16.60,33,0,8.15,-0.412,1.435,-2.22,58,0,149.45,-33.40,10,0.00,3.68,3.74,3.71,3.73,3.73,3.69,3.79,3.78,29.84,41.9,30,30,91.5,221,-790,905,0,0,667,1022,0,0,-1,0,0,0,-1,-1,-1,-1,-1,0,1,
2026-03-25,14:07:42.000,7.62,85,97,97,-0.192,16.35,33,0,8.14,-0.412,1.279,-1.62,58,0,147.02,-34.09,10,0.00,3.68,3.74,3.71,3.73,3.73,3.69,3.74,3.73,29.84,41.9,30,30,94.8,171,-856,905,135,0,667,1023,0,0,-1,0,0,0,-1,-1,-1,-1,-1,0,1,
2026-03-25,14:07:42.270,7.62,87,97,97,-0.263,16.17,35,0,8.16,-0.298,1.191,-0.83,57,0,140.15,-34.88,10,0.00,3.67,3.73,3.71,3.73,3.73,3.69,3.74,3.73,29.80,42.3,30,30,94.8,173,-676,906,270,0,667,1022,0,0,-1,0,0,0,-1,-1,-1,-1,-1,0,1,
2026-03-25,14:07:42.540,7.61,93,98,98,-0.361,15.82,38,0,8.21,-0.376,1.385,-1.06,56,0,140.15,-34.88,10,0.00,3.67,3.73,3.70,3.72,3.73,3.69,3.74,3.73,29.80,42.3,30,30,97.8,174,-625,905,419,0,667,1022,0,0,-1,0,0,0,-1,-1,-1,-1,-1,0,1,
2026-03-25,14:07:42.820,7.62,96,98,98,-0.242,15.91,40,0,8.24,-0.322,1.317,0.07,55,0,156.42,-42.60,10,0.00,3.67,3.73,3.70,3.72,3.73,3.69,3.74,3.73,29.77,42.1,30,30,101.7,170,-352,903,0,0,667,1023,0,0,-1,0,0,0,-1,-1,-1,-1,-1,0,1,
2026-03-25,14:07:43.090,7.61,98,98,98,-0.082,16.26,41,0,8.26,-0.113,0.275,0.63,55,0,159.13,-37.83,10,0.00,3.67,3.73,3.70,3.72,3.73,3.69,3.73,3.73,29.77,42.1,30,30,101.7,147,-227,903,0,0,667,1022,0,0,-1,0,0,0,-1,-1,-1,-1,-1,0,1,
2026-03-25,14:07:43.350,7.62,96,99,99,-0.126,16.53,42,0,8.24,-0.162,0.681,1.00,55,0,156.13,-36.54,10,0.00,3.67,3.73,3.70,3.72,3.73,3.69,3.73,3.73,29.76,40.9,30,29,100.2,111,-562,901,0,0,667,1023,0,0,-1,0,0,0,-1,-1,-1,-1,-1,0,1,
2026-03-25,14:07:43.610,7.61,97,98,98,-0.198,16.91,43,0,8.20,-0.205,0.967,1.04,56,0,150.05,-34.50,10,0.00,3.67,3.73,3.70,3.72,3.73,3.69,3.73,3.73,29.76,40.9,30,29,100.9,42,-483,817,51,0,667,1022,0,0,-1,0,0,0,-1,-1,-1,-1,-1,0,1,
2026-03-25,14:07:43.870,7.62,98,98,98,-0.227,17.40,45,0,8.25,-0.231,0.967,1.45,57,0,149.72,-33.31,10,0.00,3.67,3.73,3.70,3.72,3.73,3.69,3.73,3.73,29.79,40.3,30,30,100.2,0,-547,672,344,0,667,1022,0,0,-1,0,0,0,-1,-1,-1,-1,-1,0,1,
2026-03-25,14:07:44.140,7.61,99,99,98,-0.226,18.10,47,0,8.21,-0.089,0.945,1.88,57,0,154.34,-28.74,10,0.00,3.67,3.73,3.70,3.72,3.73,3.69,3.73,3.73,29.79,40.3,30,30,103.0,0,-431,672,105,0,667,1022,0,0,-1,0,0,0,-1,-1,-1,-1,-1,0,1,
2026-03-25,14:07:44.400,7.62,99,99,98,-0.010,18.68,47,0,8.21,-0.067,0.652,1.88,58,0,158.72,-27.63,10,0.00,3.67,3.73,3.70,3.72,3.73,3.69,3.75,3.74,29.90,22.7,30,30,103.3,0,16,594,0,0,667,1022,0,0,-1,0,0,0,-1,-1,-1,-1,-1,0,1,
2026-03-25,14:07:44.660,7.62,98,98,98,0.037,18.82,48,0,8.21,-0.004,0.460,1.23,59,0,153.15,-21.53,10,0.00,3.70,3.76,3.70,3.72,3.73,3.69,3.75,3.74,29.90,19.1,30,30,103.3,0,-495,570,261,0,667,1022,0,0,-1,0,0,0,-1,-1,-1,-1,-1,0,1,
2026-03-25,14:07:44.920,7.62,99,99,98,-0.082,18.80,48,0,8.19,-0.074,0.942,0.41,60,0,141.88,-15.07,10,0.00,3.70,3.76,3.76,3.77,3.73,3.69,3.75,3.74,30.03,19.1,30,29,99.6,0,-360,490,439,0,667,1022,0,0,-1,0,0,0,-1,-1,-1,-1,-1,0,1,
2026-03-25,14:07:45.180,7.62,98,98,98,-0.140,18.70,49,0,8.19,0.008,0.942,0.00,62,0,140.79,-15.96,10,0.00,3.70,3.76,3.76,3.77,3.79,3.76,3.75,3.74,30.18,15.0,30,29,100.7,0,-689,475,680,0,667,1023,0,0,-1,0,0,0,-1,-1,-1,-1,-1,0,1,
2026-03-25,14:07:45.450,7.61,99,99,98,-0.140,18.65,49,0,8.23,-0.011,0.640,-0.20,63,0,151.59,-18.03,10,0.00,3.70,3.76,3.76,3.77,3.79,3.76,3.82,3.81,30.18,15.0,30,29,99.3,0,-480,475,467,0,667,1022,0,0,-1,0,0,0,-1,-1,-1,-1,-1,0,1,
2026-03-25,14:07:45.710,7.62,98,98,98,-0.048,17.97,49,0,8.20,-0.052,0.819,-1.20,63,0,157.85,-17.98,10,0.00,3.78,3.82,3.76,3.77,3.79,3.76,3.82,3.81,30.31,13.6,30,29,93.7,0,-715,475,337,0,666,1022,0,0,-1,0,0,0,-1,-1,-1,-1,-1,0,1,
2026-03-25,14:07:45.980,7.61,98,99,99,-0.117,16.95,48,0,8.18,-0.122,1.138,-2.52,63,0,157.62,-16.14,10,0.00,3.78,3.82,3.81,3.83,3.79,3.76,3.82,3.81,30.31,13.6,30,30,95.9,0,-805,475,138,0,667,1022,0,0,-1,0,0,0,-1,-1,-1,-1,-1,0,1,
2026-03-25,14:07:46.250,7.61,98,99,99,-0.230,16.13,48,0,8.15,-0.119,1.329,-2.99,64,0,148.36,-14.21,10,0.00,3.78,3.82,3.81,3.83,3.79,3.76,3.82,3.81,30.39,13.6,30,29,98.9,0,-862,650,326,0,667,1022,0,0,-1,0,0,0,-1,-1,-1,-1,-1,0,1,
2026-03-25,14:07:46.510,7.61,98,99,99,-0.262,15.25,48,0,8.17,-0.234,1.441,-2.86,65,0,146.71,-17.20,10,0.00,3.78,3.82,3.81,3.83,3.82,3.80,3.82,3.81,30.39,13.6,30,29,101.9,0,-739,780,484,0,667,1023,0,0,-1,0,0,0,-1,-1,-1,-1,-1,0,1,
2026-03-25,14:07:46.770,7.61,98,99,99,-0.158,13.80,48,0,8.19,-0.231,1.103,-4.08,64,0,149.34,-18.12,10,0.00,3.78,3.82,3.81,3.83,3.82,3.80,3.83,3.83,30.39,24.3,30,30,101.9,0,-652,783,331,0,667,1022,0,0,-1,0,0,0,-1,-1,-1,-1,-1,0,1,
2026-03-25,14:07:47.030,7.62,97,98,98,-0.148,12.61,48,0,8.19,-0.243,1.070,-4.28,61,0,147.83,-17.42,10,0.00,3.77,3.82,3.81,3.83,3.82,3.80,3.83,3.83,30.39,24.3,30,30,98.2,0,-795,782,272,0,667,1022,0,0,-1,0,0,0,-1,-1,-1,-1,-1,0,1,
2026-03-25,14:07:47.300,7.61,96,98,98,-0.177,11.76,48,0,8.18,-0.180,0.878,-3.57,60,0,142.58,-12.94,10,0.00,3.77,3.82,3.78,3.79,3.82,3.80,3.83,3.83,30.32,29.0,30,29,96.9,0,-744,782,389,0,667,1022,0,0,-1,0,0,0,-1,-1,-1,-1,-1,0,1,
2026-03-25,14:07:47.560,7.62,97,99,99,-0.127,11.11,46,0,8.17,-0.185,1.026,-2.73,61,0,139.69,-11.63,10,0.00,3.77,3.82,3.78,3.79,3.78,3.75,3.83,3.83,30.32,29.0,30,29,97.2,0,-775,854,586,0,667,1022,0,0,-1,0,0,0,-1,-1,-1,-1,-1,0,1,
2026-03-25,14:07:47.820,7.62,93,99,99,-0.139,10.44,45,0,8.20,-0.244,1.070,-2.49,62,0,139.69,-11.63,10,0.00,3.77,3.82,3.78,3.79,3.78,3.75,3.78,3.77,30.22,29.0,30,29,101.1,0,-833,872,587,0,667,1022,0,0,-1,0,0,0,-1,-1,-1,-1,-1,0,1,
2026-03-25,14:07:48.080,7.62,86,99,99,-0.172,9.51,44,0,8.17,-0.208,1.131,-2.80,61,0,143.42,-10.13,10,0.00,3.72,3.77,3.78,3.79,3.78,3.75,3.78,3.77,30.22,29.0,30,29,102.0,27,-834,983,825,0,667,1022,0,0,-1,0,0,0,-1,-1,-1,-1,-1,0,1,
2026-03-25,14:07:48.340,7.61,83,99,99,-0.172,8.58,42,0,8.16,-0.261,1.137,-3.06,61,0,144.37,-10.64,10,0.00,3.72,3.77,3.78,3.79,3.78,3.75,3.78,3.77,30.07,40.4,30,30,102.0,50,-856,1008,378,0,667,1022,0,0,-1,0,0,0,-1,-1,-1,-1,-1,0,1,
2026-03-25,14:07:48.610,7.61,81,98,98,-0.196,8.58,42,0,8.21,-0.318,1.199,-3.16,62,0,146.12,-12.81,10,0.00,3.72,3.77,3.73,3.74,3.78,3.75,3.78,3.77,30.07,40.4,30,30,103.3,39,-889,1002,504,0,667,1023,0,0,-1,0,0,0,-1,-1,-1,-1,-1,0,1,
2026-03-25,14:07:48.880,7.62,82,98,98,-0.212,5.68,41,0,8.20,-0.276,1.292,-3.38,62,0,145.94,-11.77,10,0.00,3.72,3.77,3.73,3.74,3.78,3.75,3.78,3.77,29.94,53.4,30,29,103.3,25,-482,998,403,0,667,1023,0,0,-1,0,0,0,-1,-1,-1,-1,-1,0,1,
2026-03-25,14:07:49.140,7.62,78,98,98,-0.170,5.68,41,0,8.16,-0.267,1.192,-2.71,63,0,144.78,-12.57,10,0.00,3.72,3.77,3.73,3.74,3.78,3.75,3.78,3.77,29.94,53.4,30,29,103.0,25,-754,995,474,0,667,1022,0,0,-1,0,0,0,-1,-1,-1,-1,-1,0,1,
2026-03-25,14:07:49.410,7.61,75,98,98,-0.161,4.27,41,0,8.19,-0.167,0.994,-2.55,64,0,145.81,-11.79,10,0.00,3.65,3.72,3.73,3.74,3.78,3.75,3.78,3.77,29.83,53.4,30,29,106.1,28,-822,986,665,0,667,1023,0,0,-1,0,0,0,-1,-1,-1,-1,-1,0,1,
2026-03-25,14:07:49.680,7.62,72,98,98,-0.198,3.40,40,0,8.17,-0.209,1.134,-2.89,63,0,149.90,-12.68,10,0.00,3.65,3.72,3.68,3.70,3.78,3.75,3.78,3.77,29.83,50.9,30,29,108.5,79,-476,995,387,0,667,1022,0,0,-1,0,0,0,-1,-1,-1,-1,-1,0,1,
2026-03-25,14:07:49.940,7.62,76,98,98,-0.139,2.92,41,0,8.19,-0.208,0.960,-2.23,62,0,155.63,-13.94,10,0.00,3.65,3.72,3.68,3.70,3.69,3.67,3.78,3.77,29.75,50.9,30,29,107.0,51,-435,987,256,0,667,1022,0,0,-1,0,0,0,-1,-1,-1,-1,-1,0,1,
2026-03-25,14:07:50.210,7.62,82,98,98,-0.123,2.19,43,0,8.17,-0.152,0.834,-2.28,62,0,157.31,-12.62,10,0.00,3.65,3.72,3.68,3.70,3.69,3.67,3.71,3.70,29.69,50.6,30,29,109.1,32,-679,979,463,0,667,1022,0,0,-1,0,0,0,-1,-1,-1,-1,-1,0,1,
2026-03-25,14:07:50.480,7.62,91,97,97,-0.147,1.32,46,0,8.11,-0.117,0.954,-2.28,61,0,159.59,-12.59,10,0.00,3.64,3.71,3.68,3.70,3.69,3.67,3.71,3.70,29.69,50.6,30,29,114.3,22,-968,977,609,0,667,1022,0,0,-1,0,0,0,-1,-1,-1,-1,-1,0,1,
2026-03-25,14:07:50.740,7.62,96,97,97,-0.231,0.53,50,0,8.16,-0.262,1.504,-2.75,59,0,164.00,-20.14,10,0.00,3.64,3.71,3.68,3.70,3.69,3.67,3.71,3.70,29.65,48.2,30,30,114.5,14,-525,976,153,0,667,1023,0,0,-1,0,0,0,-1,-1,-1,-1,-1,0,1,
2026-03-25,14:07:51.020,7.62,98,98,98,-0.139,0.00,52,0,8.20,-0.177,1.083,-2.39,58,0,164.68,-20.18,10,0.00,3.64,3.71,3.68,3.70,3.69,3.67,3.71,3.70,29.65,48.2,30,30,114.1,0,-450,971,140,0,667,1023,0,0,-1,0,0,0,-1,-1,-1,-1,-1,0,1,
2026-03-25,14:07:51.290,7.62,100,100,98,-0.100,-1.20,55,0,8.16,-0.076,0.764,-2.19,57,0,160.30,-14.56,10,0.00,3.64,3.71,3.68,3.70,3.69,3.67,3.71,3.70,29.75,48.2,30,29,114.6,0,-720,512,365,0,667,1022,0,0,-1,0,0,0,-1,-1,-1,-1,-1,0,1,
2026-03-25,14:07:51.550,7.61,100,100,98,-0.157,-1.16,58,0,8.14,0.000,1.073,-1.28,55,0,160.69,-16.45,10,0.00,3.64,3.71,3.68,3.70,3.69,3.67,3.72,3.71,29.75,48.2,30,29,114.6,0,-707,476,317,0,667,1022,0,0,-1,0,0,0,-1,-1,-1,-1,-1,0,1,
2026-03-25,14:07:51.810,7.61,100,100,98,-0.150,-0.57,60,0,8.21,0.018,1.160,0.84,54,0,160.52,-17.01,10,0.00,3.68,3.74,3.68,3.70,3.69,3.67,3.72,3.71,29.94,15.0,30,29,111.7,0,-240,478,0,0,667,1023,0,0,-1,0,0,0,-1,-1,-1,-1,-1,0,1,
2026-03-25,14:07:52.070,7.61,100,100,97,-0.040,-0.56,62,0,8.21,0.101,0.586,0.71,51,0,159.12,-12.90,10,0.00,3.68,3.74,3.75,3.76,3.69,3.67,3.72,3.71,29.94,15.0,30,29,110.2,0,-902,480,230,0,667,1022,0,0,-1,0,0,0,-1,-1,-1,-1,-1,0,1,
2026-03-25,14:07:52.340,7.62,99,99,97,-0.040,-0.82,62,0,8.17,0.002,1.212,-0.27,53,0,157.88,-14.16,10,0.00,3.68,3.74,3.75,3.76,3.78,3.76,3.72,3.71,30.11,14.1,30,30,107.4,0,-985,480,501,0,667,1022,0,0,-1,0,0,0,-1,-1,-1,-1,-1,0,1,
2026-03-25,14:07:52.600,7.61,99,99,97,-0.204,-1.28,64,0,8.20,-0.133,1.384,-0.97,52,0,155.40,-19.45,10,0.00,3.68,3.74,3.75,3.76,3.78,3.76,3.83,3.81,30.11,14.1,30,30,102.2,0,-779,479,437,0,667,1023,0,0,-1,0,0,0,-1,-1,-1,-1,-1,0,1,
2026-03-25,14:07:52.860,7.62,99,99,98,-0.120,-2.30,65,0,8.22,-0.082,0.953,-2.60,51,0,157.29,-17.00,10,0.00,3.68,3.74,3.75,3.76,3.78,3.76,3.83,3.81,30.23,14.4,30,29,98.9,0,-915,479,494,0,667,1022,0,0,-1,0,0,0,-1,-1,-1,-1,-1,0,1,
2026-03-25,14:07:53.120,7.62,100,100,98,-0.201,-2.28,66,0,8.22,-0.147,1.310,-1.35,54,0,159.46,-18.06,10,0.00,3.78,3.82,3.75,3.76,3.78,3.76,3.83,3.81,30.23,14.4,30,29,96.5,0,-510,477,237,0,667,1022,0,0,-1,0,0,0,-1,-1,-1,-1,-1,0,1,
2026-03-25,14:07:53.380,7.61,100,100,98,-0.137,-2.53,65,0,8.20,-0.112,1.045,-0.78,55,0,156.41,-16.36,10,0.00,3.78,3.82,3.80,3.82,3.78,3.76,3.83,3.81,30.31,13.9,30,30,96.5,0,-875,442,394,0,667,1022,0,0,-1,0,0,0,-1,-1,-1,-1,-1,0,1,
2026-03-25,14:07:53.640,7.62,100,100,98,-0.173,-2.64,65,0,8.16,-0.087,1.127,-0.65,57,0,156.09,-16.16,10,0.00,3.78,3.82,3.80,3.82,3.81,3.79,3.83,3.81,30.31,13.9,30,30,94.5,0,-862,89,430,0,667,1022,0,0,-1,0,0,0,-1,-1,-1,-1,-1,0,1,
2026-03-25,14:07:53.900,7.61,100,100,97,-0.136,-2.63,64,0,8.21,0.008,1.015,-0.27,59,0,154.83,-17.97,10,0.00,3.78,3.82,3.80,3.82,3.81,3.79,3.83,3.83,30.50,10.5,30,30,92.0,0,-759,-34,456,0,667,1022,0,0,-1,0,0,0,-1,-1,-1,-1,-1,0,1,
2026-03-25,14:07:54.160,7.61,100,100,97,-0.104,-2.76,63,0,8.20,0.073,0.784,-0.19,60,0,157.82,-15.06,10,0.00,3.81,3.84,3.80,3.82,3.81,3.79,3.83,3.83,30.68,0.0,30,30,88.0,3,-1021,-151,616,0,667,1022,0,0,-1,0,0,0,-1,-1,-1,-1,-1,0,1,
2026-03-25,14:07:54.430,7.61,100,100,98,-0.154,-2.24,61,0,8.18,0.030,0.957,0.04,60,0,159.79,-14.58,10,0.00,3.81,3.84,3.85,3.86,3.81,3.79,3.83,3.83,30.68,0.0,30,30,83.7,0,-1024,-474,623,0,666,1022,0,0,-1,0,0,0,-1,-1,-1,-1,-1,0,1,
2026-03-25,14:07:54.700,7.62,100,100,98,-0.161,-2.74,58,0,8.18,0.151,1.071,-0.48,59,0,160.62,-12.96,10,0.00,3.81,3.84,3.85,3.86,3.87,3.87,3.83,3.83,30.68,0.0,30,30,82.8,0,-1023,-601,512,0,667,1022,0,0,-1,0,0,0,-1,-1,-1,-1,-1,0,1,
2026-03-25,14:07:54.960,7.62,100,100,98,-0.066,-3.16,57,0,8.17,0.182,0.676,-1.37,57,0,-81.45,-14.53,10,0.00,3.81,3.84,3.85,3.86,3.87,3.87,3.89,3.90,30.68,0.0,30,30,79.3,-63,-530,-654,21,0,667,1022,0,0,-1,0,0,0,-1,-1,-1,-1,-1,0,1,
2026-03-25,14:07:55.230,7.62,100,100,98,-0.113,-3.52,58,0,8.17,0.039,0.775,-1.25,58,0,174.42,-20.63,10,0.00,3.81,3.84,3.85,3.86,3.87,3.87,3.89,3.90,30.85,0.0,30,30,73.2,-246,-864,-729,-211,0,667,1022,0,0,-1,0,0,0,-1,-1,-1,-1,-1,0,1,
2026-03-25,14:07:55.500,7.62,100,100,97,-0.084,-3.40,59,0,8.15,0.079,0.575,-0.46,55,0,173.77,-14.91,10,0.00,3.87,3.90,3.85,3.86,3.87,3.87,3.89,3.90,30.85,0.0,30,30,73.5,-424,-1022,-772,152,0,667,1022,0,0,-1,0,0,0,-1,-1,-1,-1,-1,0,1,
2026-03-25,14:07:55.770,7.62,99,99,97,0.011,-3.07,60,0,8.16,-0.002,1.275,0.63,52,0,173.40,-13.35,10,0.00,3.87,3.90,3.89,3.90,3.87,3.87,3.89,3.90,30.98,0.0,30,30,73.5,-575,-1024,-887,41,0,667,1022,0,0,-1,0,0,0,-1,-1,-1,-1,-1,0,1,
2026-03-25,14:07:56.040,7.62,98,98,96,0.048,-3.01,57,0,8.11,-0.017,1.019,0.35,52,0,164.15,-13.85,10,0.00,3.87,3.90,3.89,3.90,3.89,3.90,3.89,3.90,30.98,0.0,30,30,70.9,-602,-988,-896,-218,0,667,1022,0,0,-1,0,0,0,-1,-1,-1,-1,-1,0,1,
2026-03-25,14:07:56.310,7.62,98,98,97,-0.064,-2.76,56,0,8.18,-0.014,0.919,0.71,54,0,178.15,-16.71,10,0.00,3.87,3.90,3.89,3.90,3.89,3.90,3.91,3.91,31.09,0.0,30,30,65.9,-506,-690,-896,-262,0,667,1022,0,0,-1,0,0,0,-1,-1,-1,-1,-1,0,1,
2026-03-25,14:07:56.570,7.62,98,98,97,0.195,-2.55,55,0,8.14,-0.115,2.261,0.71,58,0,178.48,-12.60,10,0.00,3.88,3.91,3.89,3.90,3.89,3.90,3.91,3.91,31.09,0.0,30,30,59.6,-559,-1009,-897,0,0,667,1022,0,0,-1,0,0,0,-1,-1,-1,-1,-1,0,1,
2026-03-25,14:07:56.830,7.61,97,97,96,0.048,-2.35,55,0,8.18,0.048,0.564,0.64,60,0,179.38,-10.47,10,0.00,3.88,3.91,3.90,3.91,3.89,3.90,3.91,3.91,31.18,0.0,30,30,54.3,-355,-935,-895,-24,0,667,1022,0,0,-1,0,0,0,-1,-1,-1,-1,-1,0,1,
2026-03-25,14:07:57.090,7.62,94,96,96,-0.172,-1.90,54,0,8.22,0.033,1.383,1.22,60,0,179.06,-10.00,10,0.00,3.88,3.91,3.90,3.91,3.90,3.91,3.91,3.91,31.18,0.0,30,30,50.9,-493,-759,-897,-132,0,667,1022,0,0,-1,0,0,0,-1,-1,-1,-1,-1,0,1,
2026-03-25,14:07:57.350,7.61,93,95,95,-0.094,-1.32,53,0,8.25,0.081,0.644,1.06,57,0,179.32,-9.41,10,0.00,3.88,3.91,3.90,3.91,3.90,3.91,3.91,3.91,31.26,0.0,30,30,50.4,-518,-359,-897,-128,0,666,1022,0,0,-1,0,0,0,-1,-1,-1,-1,-1,0,1,
2026-03-25,14:07:57.620,7.61,95,95,95,-0.019,-1.11,55,0,8.27,0.011,0.915,0.76,48,0,179.16,-8.17,10,0.00,3.88,3.91,3.90,3.91,3.90,3.91,3.92,3.92,31.26,0.0,30,30,50.6,-546,-299,-898,-139,0,666,1022,0,0,-1,0,0,0,-1,-1,-1,-1,-1,0,1,
2026-03-25,14:07:57.890,7.61,97,97,95,0.066,-0.91,57,0,8.27,0.002,0.898,0.77,49,0,-58.41,-7.23,10,0.00,3.90,3.92,3.90,3.91,3.90,3.91,3.92,3.92,31.32,0.0,30,30,45.7,-544,-293,-898,-139,0,666,1023,0,0,-1,0,0,0,-1,-1,-1,-1,-1,0,1,
2026-03-25,14:07:58.160,7.61,99,99,95,0.050,-0.56,59,0,8.28,0.023,1.070,0.98,49,0,-171.38,-6.15,10,0.00,3.90,3.92,3.91,3.92,3.90,3.91,3.92,3.92,31.32,0.0,30,30,45.7,-544,-277,-898,-127,0,667,1023,0,0,-1,0,0,0,-1,-1,-1,-1,-1,0,1,
2026-03-25,14:07:58.430,7.61,98,98,95,-0.033,-0.30,59,0,8.28,-0.044,1.147,1.02,49,0,-103.56,-6.64,10,0.00,3.90,3.92,3.91,3.92,3.91,3.92,3.92,3.92,31.38,0.0,30,30,45.7,-548,2,-899,0,0,667,1023,0,0,-1,0,0,0,-1,-1,-1,-1,-1,0,1,
2026-03-25,14:07:58.700,7.61,99,99,95,-0.041,-0.21,59,0,8.28,-0.027,1.022,0.59,50,0,-103.56,-6.64,10,0.00,3.90,3.92,3.91,3.92,3.91,3.92,3.92,3.92,31.42,0.0,30,30,40.6,-589,16,-1014,0,0,667,1023,0,0,-1,0,0,0,-1,-1,-1,-1,-1,0,1,
2026-03-25,14:07:58.960,7.61,99,99,94,-0.013,-0.14,58,0,8.28,-0.023,1.001,0.34,50,0,-179.47,-4.76,10,0.00,3.91,3.93,3.91,3.92,3.91,3.92,3.92,3.92,31.42,0.0,30,30,40.7,-657,17,-1023,0,0,667,1022,0,0,-1,0,0,0,-1,-1,-1,-1,-1,0,1,
2026-03-25,14:07:59.220,7.62,100,100,94,0.005,-0.14,55,0,8.28,-0.026,1.268,0.34,48,0,-179.38,-4.30,10,0.00,3.91,3.93,3.92,3.93,3.91,3.92,3.92,3.92,31.47,0.0,30,30,36.5,-620,15,-1024,0,0,667,1022,0,0,-1,0,0,0,-1,-1,-1,-1,-1,0,1,
2026-03-25,14:07:59.480,7.61,100,100,94,-0.081,-0.05,53,0,8.28,0.059,1.268,0.19,45,0,-179.78,-4.40,10,0.00,3.91,3.93,3.92,3.93,3.92,3.93,3.92,3.92,31.47,0.0,30,30,36.5,-717,16,-1024,0,0,667,1022,0,0,-1,0,0,0,-1,-1,-1,-1,-1,0,1,
2026-03-25,14:07:59.740,7.61,100,100,95,-0.095,0.04,52,0,8.26,0.030,1.213,0.22,42,0,-92.57,-5.01,10,0.00,3.91,3.93,3.92,3.93,3.92,3.93,3.92,3.92,31.50,0.0,30,30,32.8,-726,16,-1024,0,0,667,1022,0,0,-1,0,0,0,-1,-1,-1,-1,-1,0,1,
2026-03-25,14:08:00.010,7.61,100,100,96,-0.001,0.23,51,0,8.25,0.031,0.787,0.42,38,0,87.87,-4.63,10,0.00,3.91,3.93,3.92,3.93,3.92,3.93,3.94,3.94,31.50,0.0,30,30,30.6,-721,15,-1024,0,0,667,1023,0,0,-1,0,0,0,-1,-1,-1,-1,-1,0,1,
2026-03-25,14:08:00.280,7.61,100,100,96,-0.064,0.28,51,0,8.27,0.052,1.085,0.23,38,0,-178.13,-2.26,10,0.00,3.92,3.94,3.92,3.93,3.92,3.93,3.94,3.94,31.50,0.0,30,30,30.6,-736,15,-1024,0,0,667,1022,0,0,-1,0,0,0,-1,-1,-1,-1,-1,0,1,
2026-03-25,14:08:00.540,7.61,99,99,95,-0.062,0.34,50,0,8.23,-0.042,1.085,0.18,37,0,-35.52,-3.20,10,0.00,3.92,3.94,3.93,3.94,3.92,3.93,3.94,3.94,31.50,0.0,30,30,30.7,-751,16,-1024,0,0,667,1022,0,0,-1,0,0,0,-1,-1,-1,-1,-1,0,1,
2026-03-25,14:08:00.800,7.61,98,98,95,-0.062,0.34,46,0,8.25,-0.062,0.929,0.18,38,0,-35.52,-3.20,10,0.00,3.92,3.94,3.93,3.94,3.92,3.93,3.94,3.94,31.54,0.0,30,30,29.3,-540,16,-1024,0,0,667,1023,0,0,-1,0,0,0,-1,-1,-1,-1,-1,0,1,
2026-03-25,14:08:01.060,7.62,97,97,95,0.083,0.52,44,0,8.25,0.010,1.045,0.18,39,0,-75.14,-1.34,10,0.00,3.92,3.94,3.93,3.94,3.92,3.93,3.94,3.94,31.54,0.0,30,30,28.0,-453,16,-1024,0,0,667,1023,0,0,-1,0,0,0,-1,-1,-1,-1,-1,0,1,
2026-03-25,14:08:01.320,7.61,96,96,95,0.083,0.55,42,0,8.26,0.020,0.983,0.18,43,0,-178.66,-0.36,10,0.00,3.92,3.94,3.93,3.94,3.92,3.93,3.94,3.94,31.54,0.0,30,30,22.6,-233,16,-1024,0,0,667,1022,0,0,-1,0,0,0,-1,-1,-1,-1,-1,0,1,
2026-03-25,14:08:01.580,7.61,94,95,95,-0.049,0.57,41,0,8.24,0.003,1.249,0.08,42,0,-179.37,-1.45,10,0.00,3.92,3.94,3.93,3.94,3.92,3.93,3.94,3.94,31.54,0.0,30,30,22.6,-26,16,-1024,0,0,667,1022,0,0,-1,0,0,0,-1,-1,-1,-1,-1,0,1,
2026-03-25,14:08:01.840,7.61,93,95,95,-0.049,0.63,39,0,8.21,0.394,0.378,0.08,41,0,175.67,-4.96,10,0.00,3.92,3.94,3.93,3.94,3.92,3.93,3.94,3.94,31.54,0.0,30,30,25.0,0,15,-1024,0,0,667,1022,0,0,-1,0,0,0,-1,-1,-1,-1,-1,0,1,
2026-03-25,14:08:02.110,7.62,92,95,95,-0.304,0.67,39,0,8.15,0.394,1.929,0.08,40,0,-142.15,5.44,10,0.00,3.92,3.94,3.93,3.94,3.93,3.94,3.94,3.94,31.54,0.0,30,30,25.0,167,16,-1024,0,0,667,1022,0,0,-1,0,0,0,-1,-1,-1,-1,-1,0,1,
2026-03-25,14:08:02.380,7.61,96,96,95,-0.317,0.68,41,0,8.12,0.088,0.770,0.07,43,0,177.12,-1.28,10,0.00,3.92,3.94,3.93,3.94,3.93,3.94,3.94,3.95,31.57,0.0,30,30,25.0,-160,16,-1024,0,0,667,1022,0,0,-1,0,0,0,-1,-1,-1,-1,-1,0,1,
2026-03-25,14:08:02.640,7.62,98,98,94,-0.123,0.75,45,0,8.15,-0.039,0.841,0.07,43,0,177.12,-1.28,10,0.00,3.93,3.95,3.93,3.94,3.93,3.94,3.94,3.95,31.57,0.0,30,30,14.8,-416,16,-1024,0,0,667,1023,0,0,-1,0,0,0,-1,-1,-1,-1,-1,0,1,
2026-03-25,14:08:02.910,7.61,100,100,94,-0.131,0.80,47,0,8.18,0.031,1.082,0.17,41,0,176.58,2.62,10,0.00,3.93,3.95,3.94,3.94,3.93,3.94,3.94,3.95,31.60,0.0,30,30,10.7,-483,16,-1024,0,0,667,1023,0,0,-1,0,0,0,-1,-1,-1,-1,-1,0,1,
2026-03-25,14:08:03.190,7.62,100,100,94,-0.063,0.82,48,0,8.24,0.016,0.683,0.05,41,0,176.01,1.02,10,0.00,3.93,3.95,3.94,3.94,3.94,3.94,3.94,3.95,31.60,0.0,30,30,10.7,-402,16,-888,0,0,667,1023,0,0,-1,0,0,0,-1,-1,-1,-1,-1,0,1,
2026-03-25,14:08:03.460,7.62,100,100,94,-0.027,0.86,47,0,8.23,0.078,1.135,0.10,40,0,176.82,4.23,10,0.00,3.93,3.95,3.94,3.94,3.94,3.94,3.95,3.95,31.63,0.0,30,30,8.9,-101,16,-1024,0,0,667,1023,0,0,-1,0,0,0,-1,-1,-1,-1,-1,0,1,
2026-03-25,14:08:03.720,7.62,99,99,94,-0.095,0.86,48,0,8.22,0.030,0.911,0.10,42,0,175.18,0.73,10,0.00,3.93,3.95,3.94,3.94,3.94,3.94,3.95,3.95,31.65,0.0,30,30,0.0,0,17,-1024,0,0,667,1022,0,0,-1,0,0,0,-1,-1,-1,-1,-1,0,1,
2026-03-25,14:08:04.000,7.61,99,99,92,-0.095,0.93,49,0,8.26,-0.011,0.911,0.14,40,0,175.67,3.07,10,0.00,3.93,3.95,3.94,3.95,3.94,3.94,3.95,3.95,31.65,0.0,30,30,0.0,0,17,-1024,0,0,667,1022,0,0,-1,0,0,0,-1,-1,-1,-1,-1,0,1,
2026-03-25,14:08:04.260,7.62,99,99,91,-0.068,0.95,50,0,8.27,0.069,0.926,0.05,39,0,175.67,3.07,10,0.00,3.93,3.95,3.94,3.95,3.94,3.94,3.95,3.95,31.67,0.0,30,30,0.0,0,16,-1024,0,0,667,1023,0,0,-1,0,0,0,-1,-1,-1,-1,-1,0,1,
2026-03-25,14:08:04.520,7.61,100,100,92,-0.152,0.93,51,0,8.27,-0.163,1.141,0.00,40,0,174.89,0.68,10,0.00,3.93,3.95,3.94,3.95,3.94,3.95,3.95,3.95,31.67,0.0,30,30,0.0,0,16,-1024,0,0,667,1022,0,0,-1,0,0,0,-1,-1,-1,-1,-1,0,1,
2026-03-25,14:08:04.780,7.61,100,100,93,-0.141,0.96,52,0,8.28,-0.262,0.927,0.04,43,0,174.65,-1.92,10,0.00,3.93,3.95,3.94,3.95,3.94,3.95,3.95,3.95,31.69,0.0,30,30,0.0,0,16,-1024,0,0,667,1022,0,0,-1,0,0,0,1,-1,-1,-1,-1,0,1,
2026-03-25,14:08:05.040,7.61,100,100,93,-0.121,0.98,53,0,8.28,-0.184,0.962,0.07,41,0,174.45,-2.94,10,0.00,3.94,3.95,3.94,3.95,3.94,3.95,3.95,3.95,31.69,0.0,30,30,0.0,0,16,-1024,0,0,667,1022,0,0,-1,0,0,0,1,-1,-1,-1,-1,0,1,
2026-03-25,14:08:05.310,7.62,100,100,94,-0.112,1.02,53,0,8.28,-0.209,0.936,0.11,40,0,174.29,-3.84,10,0.00,3.94,3.95,3.95,3.95,3.94,3.95,3.95,3.95,31.71,0.0,30,30,0.0,0,16,-1024,0,0,667,1022,0,0,-1,0,0,0,1,-1,-1,-1,-1,0,1,
2026-03-25,14:08:05.580,7.61,100,100,93,-0.124,1.01,54,0,8.28,-0.195,0.953,0.01,42,0,174.13,-4.83,10,0.00,3.94,3.95,3.95,3.95,3.94,3.95,3.95,3.95,31.71,0.0,30,30,0.0,0,17,-1024,0,0,667,1022,0,0,-1,0,0,0,1,-1,-1,-1,-1,0,1,
2026-03-25,14:08:05.840,7.62,100,100,93,-0.119,0.98,54,0,8.28,-0.189,0.958,-0.02,43,0,174.02,-5.41,10,0.00,3.94,3.95,3.95,3.95,3.94,3.95,3.96,3.95,31.72,0.0,30,30,0.0,0,16,-1024,0,0,667,1022,0,0,-1,0,0,0,1,-1,-1,-1,-1,0,1,
2026-03-25,14:08:06.100,7.61,100,100,93,-0.118,0.93,54,0,8.28,-0.195,0.973,-0.14,40,0,173.88,-6.26,10,0.00,3.94,3.96,3.95,3.95,3.94,3.95,3.96,3.95,31.72,0.0,30,30,0.0,0,16,-1022,0,0,667,1022,0,0,-1,0,0,0,1,-1,-1,-1,-1,0,1,
2026-03-25,14:08:06.360,7.61,99,99,92,-0.116,0.94,53,0,8.28,-0.192,0.969,-0.04,40,0,173.76,-6.98,10,0.00,3.94,3.96,3.95,3.95,3.94,3.95,3.96,3.95,31.73,0.0,30,30,0.0,0,16,-1007,0,0,667,1023,0,0,-1,0,0,0,1,-1,-1,-1,-1,0,1,
2026-03-25,14:08:06.620,7.61,98,98,92,-0.116,0.98,49,0,8.28,-0.188,0.965,0.06,41,0,173.70,-7.32,10,0.00,3.94,3.96,3.95,3.95,3.94,3.95,3.96,3.95,31.73,0.0,30,30,0.0,0,17,-1007,0,0,667,1022,0,0,-1,0,0,0,1,-1,-1,-1,-1,0,1,
2026-03-25,14:08:06.880,7.61,97,97,91,-0.114,0.99,47,0,8.28,-0.189,0.964,0.06,40,0,173.61,-7.89,10,0.00,3.94,3.96,3.95,3.95,3.95,3.95,3.96,3.95,31.74,0.0,30,30,0.0,0,17,-1007,0,0,667,1023,0,0,-1,0,0,0,1,-1,-1,-1,-1,0,1,
2026-03-25,14:08:07.140,7.61,96,96,90,-0.115,0.95,45,0,8.28,-0.190,0.964,-0.06,42,0,173.61,-7.89,10,0.00,3.94,3.96,3.95,3.95,3.95,3.95,3.96,3.96,31.74,0.0,30,30,0.0,0,17,-1006,0,0,667,1022,0,0,-1,0,0,0,1,-1,-1,-1,-1,0,1,
2026-03-25,14:08:07.400,7.62,98,98,91,-0.117,0.97,44,0,8.28,-0.189,0.963,0.01,42,0,173.50,-8.60,10,0.00,3.94,3.96,3.95,3.95,3.95,3.95,3.96,3.96,31.75,0.0,30,30,0.0,0,17,-1006,0,0,667,1022,0,0,-1,0,0,0,1,-1,-1,-1,-1,0,1,
2026-03-25,14:08:07.670,7.61,99,99,90,-0.117,0.98,43,0,8.28,-0.189,0.963,0.01,39,0,173.47,-8.79,10,0.00,3.94,3.96,3.95,3.95,3.95,3.95,3.96,3.96,31.75,0.0,30,30,0.0,0,16,-1006,0,0,667,1022,0,0,-1,0,0,0,1,-1,-1,-1,-1,0,1,
2026-03-25,14:08:07.930,7.61,99,99,92,-0.117,0.94,41,0,8.28,-0.189,0.963,-0.04,37,0,173.42,-9.14,10,0.00,3.94,3.96,3.95,3.95,3.95,3.95,3.96,3.96,31.76,0.0,30,30,0.0,0,16,-1005,0,0,667,1022,0,0,-1,0,0,0,1,-1,-1,-1,-1,0,1,
2026-03-25,14:08:08.190,7.61,98,98,92,-0.118,0.95,41,0,8.28,-0.189,0.963,-0.02,37,0,173.37,-9.43,10,0.00,3.94,3.96,3.95,3.95,3.95,3.95,3.96,3.96,31.76,0.0,30,30,0.0,0,17,-1006,0,0,667,1022,0,0,-1,0,0,0,1,-1,-1,-1,-1,0,1,
2026-03-25,14:08:08.450,7.61,98,98,92,-0.118,0.94,42,0,8.28,-0.189,0.962,-0.03,41,0,173.35,-9.56,10,0.00,3.94,3.96,3.95,3.95,3.95,3.95,3.96,3.96,31.77,0.0,30,30,0.0,0,16,-1005,0,0,667,1022,0,0,-1,0,0,0,1,-1,-1,-1,-1,0,1,
2026-03-25,14:08:08.720,7.61,98,98,92,-0.118,0.95,42,0,8.28,-0.189,0.963,-0.03,40,0,173.32,-9.79,10,0.00,3.95,3.96,3.95,3.95,3.95,3.95,3.96,3.96,31.77,0.0,30,30,0.0,0,16,-1005,0,0,667,1022,0,0,-1,0,0,0,1,-1,-1,-1,-1,0,1,
2026-03-25,14:08:08.990,7.61,98,98,92,-0.117,0.96,41,0,8.28,-0.189,0.963,0.00,42,0,173.31,-9.89,10,0.00,3.95,3.96,3.95,3.96,3.95,3.95,3.96,3.96,31.77,0.0,30,30,0.0,0,17,-1006,0,0,667,1022,0,0,-1,0,0,0,1,-1,-1,-1,-1,0,1,
2026-03-25,14:08:09.250,7.61,98,98,91,-0.117,0.95,41,0,8.28,-0.189,0.963,0.01,41,0,173.28,-10.06,10,0.00,3.95,3.96,3.95,3.96,3.95,3.95,3.96,3.96,31.78,0.0,30,30,0.0,0,16,-1007,0,0,667,1022,0,0,-1,0,0,0,1,-1,-1,-1,-1,0,1,
2026-03-25,14:08:09.510,7.61,99,99,92,-0.117,0.93,42,0,8.28,-0.189,0.962,-0.05,42,0,173.26,-10.21,10,0.00,3.95,3.96,3.95,3.96,3.95,3.95,3.96,3.96,31.78,0.0,30,30,0.0,0,17,-1007,0,0,667,1023,0,0,-1,0,0,0,1,-1,-1,-1,-1,0,1,
2026-03-25,14:08:09.770,7.61,98,98,92,-0.117,0.99,44,0,8.28,-0.189,0.963,0.06,43,0,173.25,-10.28,10,0.00,3.95,3.96,3.95,3.96,3.95,3.95,3.96,3.96,31.79,0.0,30,30,0.0,0,16,-1006,0,0,667,1022,0,0,-1,0,0,0,1,-1,-1,-1,-1,0,1,
2026-03-25,14:08:10.030,7.61,98,98,93,-0.117,1.04,44,0,8.28,-0.189,0.963,0.14,43,0,173.24,-10.39,10,0.00,3.95,3.96,3.96,3.96,3.95,3.95,3.96,3.96,31.79,0.0,30,30,0.0,0,16,-1007,0,0,667,1022,0,0,-1,0,0,0,1,-1,-1,-1,-1,0,1,
2026-03-25,14:08:10.290,7.61,97,97,93,-0.116,1.04,44,0,8.28,-0.189,0.963,0.09,45,0,173.23,-10.45,10,0.00,3.95,3.96,3.96,3.96,3.95,3.96,3.96,3.96,31.80,0.0,30,30,0.0,0,17,-1007,0,0,667,1023,0,0,-1,0,0,0,1,-1,-1,-1,-1,0,1,
2026-03-25,14:08:10.560,7.61,92,95,95,-0.117,1.07,43,0,8.28,-0.189,0.962,0.09,46,0,173.22,-10.54,10,0.00,3.95,3.96,3.96,3.96,3.95,3.96,3.96,3.96,31.80,0.0,30,30,0.0,0,16,-1007,0,0,667,1022,0,0,-1,0,0,0,1,-1,-1,-1,-1,0,1,
2026-03-25,14:08:10.820,7.61,90,96,96,-0.117,1.06,43,0,8.28,-0.189,0.962,0.01,45,0,173.21,-10.57,10,0.00,3.95,3.96,3.96,3.96,3.95,3.96,3.96,3.96,31.80,0.0,30,30,0.0,0,16,-1007,0,0,667,1022,0,0,-1,0,0,0,1,-1,-1,-1,-1,0,1,
2026-03-25,14:08:11.090,7.61,88,96,96,-0.117,1.07,42,0,8.28,-0.189,0.962,0.01,46,0,173.21,-10.64,10,0.00,3.95,3.96,3.96,3.96,3.95,3.96,3.96,3.96,31.80,0.0,30,30,0.0,0,16,-1008,0,0,667,1022,0,0,-1,0,0,0,1,-1,-1,-1,-1,0,1,
2026-03-25,14:08:11.360,7.61,93,96,96,-0.117,1.09,42,0,8.28,-0.189,0.963,0.05,45,0,173.20,-10.70,10,0.00,3.95,3.96,3.96,3.96,3.95,3.96,3.96,3.96,31.80,0.0,30,30,0.0,0,16,-1008,0,0,667,1022,0,0,-1,0,0,0,1,-1,-1,-1,-1,0,1,
2026-03-25,14:08:11.620,7.61,91,96,96,-0.117,1.05,42,0,8.28,-0.189,0.963,0.05,42,0,173.20,-10.73,10,0.00,3.95,3.96,3.96,3.96,3.95,3.96,3.96,3.96,31.80,0.0,30,30,0.0,0,16,-1008,0,0,667,1022,0,0,-1,0,0,0,1,-1,-1,-1,-1,0,1,
2026-03-25,14:08:11.880,7.61,95,96,96,-0.117,1.03,42,0,8.28,-0.189,0.962,-0.06,43,0,173.19,-10.77,10,0.00,3.95,3.96,3.96,3.96,3.95,3.96,3.96,3.96,31.80,0.0,30,30,0.0,0,16,-1007,0,0,667,1022,0,0,-1,0,0,0,1,-1,-1,-1,-1,0,1,
2026-03-25,14:08:12.140,7.61,95,97,97,-0.117,0.99,43,0,8.28,-0.189,0.963,-0.07,42,0,173.19,-10.79,10,0.00,3.95,3.97,3.96,3.96,3.95,3.96,3.96,3.96,31.80,0.0,30,30,0.0,0,17,-1007,0,0,667,1022,0,0,-1,0,0,0,1,-1,-1,-1,-1,0,1,
2026-03-25,14:08:12.400,7.61,97,97,97,-0.117,0.96,43,0,8.28,-0.189,0.963,-0.08,40,0,173.18,-10.83,10,0.00,3.95,3.97,3.96,3.96,3.95,3.96,3.96,3.96,31.81,0.0,30,30,0.0,0,17,-1007,0,0,667,1023,0,0,-1,0,0,0,1,-1,-1,-1,-1,0,1,
2026-03-25,14:08:12.660,7.61,94,97,97,-0.117,0.89,43,0,8.28,-0.189,0.963,-0.14,41,0,173.18,-10.84,10,0.00,3.95,3.97,3.96,3.96,3.95,3.96,3.96,3.96,31.81,0.0,30,30,0.0,0,16,-1007,0,0,667,1022,0,0,-1,0,0,0,1,-1,-1,-1,-1,0,1,
2026-03-25,14:08:12.920,7.61,95,96,96,-0.117,0.94,44,0,8.28,-0.189,0.963,-0.04,40,0,173.18,-10.87,10,0.00,3.95,3.97,3.96,3.96,3.95,3.96,3.96,3.96,31.82,0.0,30,30,0.0,0,16,-1008,0,0,667,1022,0,0,-1,0,0,0,1,-1,-1,-1,-1,0,1,
2026-03-25,14:08:13.180,7.61,97,97,96,-0.117,0.97,45,0,8.28,-0.190,0.963,0.13,41,0,173.18,-10.89,10,0.00,3.95,3.97,3.96,3.96,3.95,3.96,3.97,3.96,31.82,0.0,30,30,0.0,0,17,-1007,0,0,667,1023,0,0,-1,0,0,0,1,-1,-1,-1,-1,0,1,
2026-03-25,14:08:13.450,7.62,100,100,96,-0.117,0.92,45,0,8.28,-0.189,0.963,-0.06,43,0,173.18,-10.90,10,0.00,3.95,3.97,3.96,3.96,3.95,3.96,3.97,3.96,31.82,0.0,30,30,0.0,0,17,-1008,0,0,667,1022,0,0,-1,0,0,0,1,-1,-1,-1,-1,0,1,
2026-03-25,14:08:13.710,7.62,99,99,96,-0.117,0.91,45,0,8.28,-0.189,0.963,-0.08,41,0,173.18,-10.92,10,0.00,3.95,3.97,3.96,3.96,3.95,3.96,3.97,3.96,31.82,0.0,30,30,0.0,0,16,-1008,0,0,667,1022,0,0,-1,0,0,0,1,-1,-1,-1,-1,0,1,
2026-03-25,14:08:13.970,7.61,99,99,96,-0.117,0.95,45,0,8.28,-0.189,0.963,0.06,43,0,173.18,-10.93,10,0.00,3.95,3.97,3.96,3.96,3.95,3.96,3.97,3.96,31.82,0.0,30,30,0.0,0,16,-1008,0,0,667,1023,0,0,-1,0,0,0,1,-1,-1,-1,-1,0,1,
2026-03-25,14:08:14.240,7.61,99,99,96,-0.117,0.97,45,0,8.28,-0.189,0.962,0.05,42,0,173.18,-10.94,10,0.00,3.95,3.97,3.96,3.96,3.95,3.96,3.97,3.96,31.83,0.0,30,30,0.0,0,16,-1008,0,0,667,1023,0,0,-1,0,0,0,1,-1,-1,-1,-1,0,1,
2026-03-25,14:08:14.500,7.62,99,99,95,-0.117,1.06,45,0,8.28,-0.189,0.963,0.21,47,0,173.18,-10.95,10,0.00,3.95,3.97,3.96,3.96,3.95,3.96,3.97,3.96,31.83,0.0,30,30,0.0,0,16,-1008,0,0,667,1022,0,0,-1,0,0,0,1,-1,-1,-1,-1,0,1,
2026-03-25,14:08:14.770,7.61,99,99,95,-0.117,1.09,45,0,8.28,-0.189,0.962,0.16,45,0,173.18,-10.95,10,0.00,3.95,3.97,3.96,3.96,3.95,3.96,3.97,3.96,31.83,0.0,30,30,0.0,0,17,-1008,0,0,667,1022,0,0,-1,0,0,0,1,-1,-1,-1,-1,0,1,
2026-03-25,14:08:15.030,7.62,98,98,96,-0.117,1.03,45,0,8.28,-0.189,0.963,-0.03,44,0,173.17,-10.96,10,0.00,3.95,3.97,3.96,3.96,3.95,3.96,3.97,3.96,31.83,0.0,30,30,0.0,0,16,-1008,0,0,667,1022,0,0,-1,0,0,0,1,-1,-1,-1,-1,0,1,
2026-03-25,14:08:15.290,7.61,98,98,96,-0.117,1.01,45,0,8.28,-0.189,0.963,-0.01,46,0,173.17,-10.96,10,0.00,3.95,3.97,3.96,3.96,3.95,3.96,3.97,3.96,31.83,0.0,30,30,0.0,0,16,-1009,0,0,667,1022,0,0,-1,0,0,0,1,-1,-1,-1,-1,0,1,
2026-03-25,14:08:15.550,7.62,98,98,97,-0.117,0.98,45,0,8.28,-0.189,0.963,-0.01,41,0,173.17,-10.97,10,0.00,3.95,3.97,3.96,3.96,3.95,3.96,3.97,3.96,31.83,0.0,30,30,0.0,0,17,-1009,0,0,667,1022,0,0,-1,0,0,0,1,-1,-1,-1,-1,0,1,
2026-03-25,14:08:15.820,7.61,98,98,97,-0.117,0.96,45,0,8.28,-0.189,0.962,-0.10,44,0,173.17,-10.98,10,0.00,3.96,3.97,3.96,3.96,3.95,3.96,3.97,3.96,31.83,0.0,30,30,0.0,0,17,-1008,0,0,667,1022,0,0,-1,0,0,0,1,-1,-1,-1,-1,0,1,
2026-03-25,14:08:16.080,7.61,99,99,97,-0.117,0.97,45,0,8.28,-0.189,0.963,0.00,44,0,173.17,-10.98,10,0.00,3.96,3.97,3.96,3.97,3.95,3.96,3.97,3.96,31.83,0.0,30,30,0.0,0,16,-1008,0,0,667,1023,0,0,-1,0,0,0,1,-1,-1,-1,-1,0,1,
2026-03-25,14:08:16.340,7.62,99,99,96,-0.117,0.98,45,0,8.28,-0.190,0.963,0.00,44,0,173.17,-10.98,10,0.00,3.96,3.97,3.96,3.97,3.95,3.97,3.97,3.96,31.83,0.0,30,30,0.0,0,16,-1009,0,0,667,1022,0,0,-1,0,0,0,1,-1,-1,-1,-1,0,1,
2026-03-25,14:08:16.610,7.61,100,100,96,-0.117,1.04,45,0,8.28,-0.189,0.963,0.12,45,0,173.17,-10.98,10,0.00,3.96,3.97,3.96,3.97,3.95,3.97,3.97,3.97,31.83,0.0,30,30,0.0,0,16,-1008,0,0,667,1022,0,0,-1,0,0,0,1,-1,-1,-1,-1,0,1,
2026-03-25,14:08:16.880,7.62,98,98,97,-0.117,1.07,45,0,8.28,-0.190,0.963,0.12,41,0,173.17,-10.99,10,0.00,3.96,3.97,3.96,3.97,3.95,3.97,3.97,3.97,31.84,0.0,30,30,0.0,0,16,-1009,0,0,667,1022,0,0,-1,0,0,0,1,-1,-1,-1,-1,0,1,
2026-03-25,14:08:17.140,7.61,98,98,97,-0.117,1.04,44,0,8.28,-0.189,0.962,0.00,42,0,173.17,-10.99,10,0.00,3.96,3.97,3.96,3.97,3.95,3.97,3.97,3.97,31.84,0.0,30,30,0.0,0,16,-1009,0,0,667,1022,0,0,-1,0,0,0,1,-1,-1,-1,-1,0,0,
2026-03-25,14:08:17.410,7.61,97,98,98,-0.117,0.98,45,0,8.28,-0.190,0.963,-0.12,46,0,173.17,-10.99,10,0.00,3.96,3.97,3.96,3.97,3.95,3.97,3.97,3.97,31.85,0.0,30,30,0.0,0,17,-1008,0,0,667,1022,0,0,-1,0,0,0,1,-1,-1,-1,-1,0,0,
2026-03-25,14:08:17.670,7.61,99,99,98,-0.117,0.98,46,0,8.28,-0.189,0.963,0.03,46,0,173.17,-11.00,10,0.00,3.96,3.97,3.96,3.97,3.95,3.96,3.97,3.97,31.85,0.0,30,30,0.0,0,16,-1008,0,0,667,1023,0,0,-1,0,0,0,1,-1,-1,-1,-1,0,0,
2026-03-25,14:08:17.930,7.62,98,98,97,-0.117,1.07,47,0,8.28,-0.189,0.963,0.03,44,0,173.17,-11.00,10,0.00,3.96,3.97,3.96,3.97,3.95,3.96,3.97,3.97,31.85,0.0,30,30,0.0,0,17,-1009,0,0,667,1023,0,0,-1,0,0,0,1,-1,-1,-1,-1,0,0,
2026-03-25,14:08:18.190,7.61,98,98,97,-0.117,1.02,46,0,8.28,-0.189,0.963,-0.03,39,0,173.17,-11.00,10,0.00,3.96,3.97,3.96,3.97,3.95,3.96,3.97,3.97,31.85,0.0,30,30,0.0,0,17,-1009,0,0,667,1022,0,0,-1,0,0,0,1,-1,-1,-1,-1,0,0,
2026-03-25,14:08:18.460,7.61,96,97,97,-0.117,1.02,45,0,8.28,-0.189,0.963,0.01,39,0,173.17,-11.00,10,0.00,3.96,3.97,3.97,3.97,3.95,3.96,3.97,3.97,31.85,0.0,30,30,0.0,0,17,-1009,0,0,667,1022,0,0,-1,0,0,0,1,-1,-1,-1,-1,0,0,
2026-03-25,14:08:18.720,7.61,95,97,97,-0.117,0.97,46,0,8.28,-0.189,0.963,-0.10,43,0,173.17,-11.01,10,0.00,3.96,3.97,3.97,3.97,3.95,3.96,3.97,3.97,31.85,0.0,30,30,0.0,0,16,-1009,0,0,667,1022,0,0,-1,0,0,0,1,-1,-1,-1,-1,0,0,
2026-03-25,14:08:18.980,7.61,96,97,97,-0.116,0.96,46,0,8.28,-0.189,0.963,-0.10,46,0,173.17,-11.01,10,0.00,3.96,3.97,3.97,3.97,3.95,3.96,3.97,3.97,31.85,0.0,30,30,0.0,0,16,-1007,0,0,667,1022,0,0,-1,0,0,0,1,-1,-1,-1,-1,0,0,
2026-03-25,14:08:19.250,7.61,98,98,97,-0.117,0.96,46,0,8.28,-0.190,0.963,-0.04,41,0,173.17,-11.01,10,0.00,3.96,3.97,3.97,3.97,3.95,3.96,3.97,3.97,31.86,0.0,30,30,0.0,0,16,-1008,0,0,667,1022,0,0,-1,0,0,0,1,-1,-1,-1,-1,0,0,
2026-03-25,14:08:19.510,7.61,99,99,97,-0.117,0.99,48,0,8.28,-0.189,0.963,0.05,39,0,173.17,-11.01,10,0.00,3.96,3.97,3.97,3.97,3.95,3.96,3.97,3.97,31.86,0.0,30,30,0.0,0,17,-1008,0,0,667,1022,0,0,-1,0,0,0,1,-1,-1,-1,-1,0,0,
2026-03-25,14:08:19.780,7.61,98,98,96,-0.117,0.99,49,0,8.28,-0.189,0.962,0.15,39,0,173.17,-11.01,10,0.00,3.96,3.97,3.97,3.97,3.95,3.96,3.97,3.97,31.86,0.0,30,30,0.0,0,16,-1006,0,0,667,1022,0,0,-1,0,0,0,1,-1,-1,-1,-1,0,0,
2026-03-25,14:08:20.050,7.61,97,97,96,-0.117,0.99,49,0,8.28,-0.190,0.963,0.10,45,0,173.17,-11.01,10,0.00,3.96,3.97,3.97,3.97,3.96,3.96,3.97,3.97,31.86,0.0,30,30,0.0,0,16,-1007,0,0,667,1023,0,0,-1,0,0,0,1,-1,-1,-1,-1,0,0,
2026-03-25,14:08:20.310,7.62,98,98,97,-0.117,1.00,49,0,8.28,-0.190,0.963,-0.09,46,0,173.17,-11.01,10,0.00,3.96,3.97,3.97,3.97,3.96,3.96,3.97,3.97,31.86,0.0,30,30,0.0,0,16,-1007,0,0,667,1023,0,0,-1,0,0,0,1,-1,-1,-1,-1,0,0,
2026-03-25,14:08:20.580,7.62,97,97,97,-0.117,0.97,47,0,8.28,-0.189,0.963,-0.07,46,0,173.17,-11.01,10,0.00,3.96,3.97,3.97,3.97,3.96,3.96,3.97,3.97,31.86,0.0,30,30,0.0,0,17,-1008,0,0,667,1023,0,0,-1,0,0,0,1,-1,-1,-1,-1,0,0,
2026-03-25,14:08:20.850,7.62,98,98,97,-0.117,0.98,46,0,8.28,-0.189,0.963,-0.04,48,0,173.17,-11.01,10,0.00,3.96,3.97,3.96,3.97,3.96,3.96,3.97,3.97,31.86,0.0,30,30,0.0,0,16,-1008,0,0,667,1022,0,0,-1,0,0,0,1,-1,-1,-1,-1,0,0,
2026-03-25,14:08:21.120,7.62,98,98,97,-0.117,1.01,48,0,8.28,-0.190,0.963,0.07,48,0,173.17,-11.01,10,0.00,3.96,3.97,3.96,3.97,3.96,3.97,3.97,3.97,31.86,0.0,30,30,0.0,0,16,-1008,0,0,667,1022,0,0,-1,0,0,0,1,-1,-1,-1,-1,0,0,
2026-03-25,14:08:21.380,7.61,99,99,96,-0.117,1.03,49,0,8.28,-0.189,0.963,0.02,49,0,173.17,-11.01,10,0.00,3.96,3.97,3.96,3.97,3.96,3.97,3.97,3.97,31.86,0.0,30,30,0.0,0,16,-1008,0,0,667,1022,0,0,-1,0,0,0,1,-1,-1,-1,-1,0,0,
2026-03-25,14:08:21.640,7.61,97,97,96,-0.117,1.13,49,0,8.28,-0.190,0.963,0.21,47,0,173.17,-11.01,10,0.00,3.96,3.97,3.96,3.97,3.96,3.97,3.97,3.97,31.86,0.0,30,30,0.0,0,17,-1008,0,0,667,1022,0,0,-1,0,0,0,1,-1,-1,-1,-1,0,0,
2026-03-25,14:08:21.900,7.61,97,97,96,-0.117,1.12,49,0,8.28,-0.190,0.963,0.07,44,0,173.17,-11.01,10,0.00,3.96,3.97,3.96,3.97,3.96,3.97,3.97,3.97,31.86,0.0,30,30,0.0,0,16,-1008,0,0,667,1022,0,0,-1,0,0,0,1,-1,-1,-1,-1,0,0,
2026-03-25,14:08:22.170,7.61,98,98,96,-0.117,1.13,49,0,8.28,-0.189,0.963,0.07,44,0,173.17,-11.01,10,0.00,3.96,3.97,3.96,3.97,3.96,3.97,3.97,3.97,31.86,0.0,30,30,0.0,0,16,-1008,0,0,667,1022,0,0,-1,0,0,0,1,-1,-1,-1,-1,0,0,
2026-03-25,14:08:22.440,7.62,99,99,97,-0.117,1.09,49,0,8.28,-0.189,0.963,-0.04,46,0,173.17,-11.01,10,0.00,3.96,3.97,3.96,3.97,3.96,3.96,3.97,3.97,31.86,0.0,30,30,0.0,0,17,-1008,0,0,667,1022,0,0,-1,0,0,0,1,-1,-1,-1,-1,0,0,
2026-03-25,14:08:22.710,7.61,99,99,97,-0.117,1.08,49,0,8.28,-0.189,0.963,-0.06,46,0,173.17,-11.01,10,0.00,3.96,3.97,3.96,3.97,3.96,3.96,3.97,3.97,31.86,0.0,30,30,0.0,0,16,-1017,0,0,667,1022,0,0,-1,0,0,0,1,-1,-1,-1,-1,0,0,
2026-03-25,14:08:22.970,7.61,98,98,97,-0.117,1.04,49,0,8.28,-0.189,0.962,-0.09,46,0,173.17,-11.01,10,0.00,3.96,3.97,3.96,3.97,3.96,3.96,3.97,3.97,31.86,0.0,30,30,0.0,0,16,-1023,0,0,667,1022,0,0,-1,0,0,0,1,-1,-1,-1,-1,0,0,
2026-03-25,14:08:23.230,7.62,99,99,96,-0.117,0.98,48,0,8.28,-0.189,0.963,-0.09,40,0,173.17,-11.01,10,0.00,3.96,3.97,3.96,3.97,3.96,3.96,3.97,3.97,31.87,0.0,30,30,0.0,0,16,-1024,0,0,667,1022,0,0,-1,0,0,0,1,-1,-1,-1,-1,0,0,
2026-03-25,14:08:23.490,7.61,99,99,96,-0.117,0.96,49,0,8.28,-0.189,0.963,-0.11,41,0,173.17,-11.01,10,0.00,3.96,3.97,3.96,3.97,3.96,3.97,3.97,3.97,31.87,0.0,30,30,0.0,0,16,-1024,0,0,666,1022,0,0,-1,0,0,0,1,-1,-1,-1,-1,0,0,
2026-03-25,14:08:23.750,7.61,100,100,96,-0.117,0.99,50,0,8.28,-0.190,0.963,0.00,41,0,173.17,-11.01,10,0.00,3.96,3.97,3.96,3.97,3.96,3.97,3.97,3.97,31.88,0.0,30,30,0.0,0,17,-1024,0,0,667,1022,0,0,-1,0,0,0,1,-1,-1,-1,-1,0,0,
2026-03-25,14:08:24.020,7.62,99,99,96,-0.117,1.01,49,0,8.28,-0.189,0.963,0.04,44,0,173.17,-11.02,10,0.00,3.96,3.97,3.96,3.97,3.96,3.97,3.97,3.97,31.88,0.0,30,30,0.0,0,17,-1024,0,0,667,1022,0,0,-1,0,0,0,1,-1,-1,-1,-1,0,0,
2026-03-25,14:08:24.290,7.62,99,99,96,-0.117,1.01,48,0,8.28,-0.189,0.963,0.02,43,0,173.17,-11.02,10,0.00,3.96,3.98,3.96,3.97,3.96,3.97,3.97,3.97,31.88,0.0,30,30,0.0,0,16,-1024,0,0,667,1023,0,0,-1,0,0,0,1,-1,-1,-1,-1,0,0,
2026-03-25,14:08:24.550,7.61,99,99,96,-0.117,1.02,48,0,8.28,-0.190,0.963,0.00,45,0,173.17,-11.02,10,0.00,3.96,3.98,3.96,3.97,3.96,3.97,3.97,3.97,31.88,0.0,30,30,0.0,0,16,-1024,0,0,667,1022,0,0,-1,0,0,0,1,-1,-1,-1,-1,0,0,
2026-03-25,14:08:24.820,7.61,100,100,95,-0.117,1.03,48,0,8.28,-0.189,0.963,0.05,46,0,173.17,-11.01,10,0.00,3.96,3.98,3.96,3.97,3.96,3.96,3.97,3.97,31.88,0.0,30,30,0.0,0,16,-1024,0,0,666,1022,0,0,-1,0,0,0,1,-1,-1,-1,-1,0,0,
2026-03-25,14:08:25.090,7.62,100,100,95,-0.117,1.03,48,0,8.28,-0.189,0.964,0.00,44,0,173.17,-11.01,10,0.00,3.96,3.98,3.96,3.97,3.96,3.96,3.97,3.97,31.88,0.0,30,30,0.0,0,16,-1024,0,0,667,1022,0,0,-1,0,0,0,1,-1,-1,-1,-1,0,0,
2026-03-25,14:08:25.350,7.61,100,100,96,-0.117,1.02,49,0,8.28,-0.189,0.963,0.02,47,0,173.17,-11.01,10,0.00,3.96,3.98,3.96,3.97,3.96,3.96,3.97,3.97,31.88,0.0,30,30,0.0,0,16,-1024,0,0,667,1022,0,0,-1,0,0,0,1,-1,-1,-1,-1,0,0,
2026-03-25,14:08:25.620,7.61,99,99,96,-0.117,1.02,49,0,8.28,-0.189,0.963,0.02,45,0,173.17,-11.01,10,0.00,3.96,3.98,3.96,3.97,3.96,3.96,3.97,3.97,31.88,0.0,30,30,0.0,0,16,-1024,0,0,667,1022,0,0,-1,0,0,0,1,-1,-1,-1,-1,0,0,
2026-03-25,14:08:25.880,7.61,99,99,97,-0.116,1.02,49,0,8.28,-0.189,0.963,0.00,43,0,173.17,-11.01,10,0.00,3.96,3.98,3.96,3.97,3.96,3.97,3.97,3.97,31.89,0.0,30,30,0.0,0,16,-1024,0,0,667,1023,0,0,-1,0,0,0,1,-1,-1,-1,-1,0,0,
2026-03-25,14:08:26.140,7.61,99,99,97,-0.117,1.04,49,0,8.28,-0.190,0.963,0.04,43,0,173.17,-11.01,10,0.00,3.96,3.98,3.96,3.97,3.96,3.97,3.97,3.97,31.89,0.0,30,30,0.0,0,17,-1024,0,0,667,1022,0,0,-1,0,0,0,1,-1,-1,-1,-1,0,0,
2026-03-25,14:08:26.400,7.61,99,99,97,-0.117,1.04,48,0,8.28,-0.189,0.963,0.00,43,0,173.17,-11.01,10,0.00,3.96,3.98,3.96,3.97,3.96,3.97,3.97,3.97,31.89,0.0,30,30,0.0,0,16,-1024,0,0,667,1022,0,0,-1,0,0,0,1,-1,-1,-1,-1,0,0,
2026-03-25,14:08:26.670,7.61,99,99,96,-0.117,1.03,47,0,8.28,-0.189,0.963,-0.01,47,0,173.17,-11.01,10,0.00,3.96,3.98,3.96,3.97,3.96,3.97,3.97,3.97,31.89,0.0,30,30,0.0,0,17,-1024,0,0,667,1022,0,0,-1,0,0,0,1,-1,-1,-1,-1,0,0,
2026-03-25,14:08:26.930,7.62,99,99,96,-0.117,1.04,48,0,8.28,-0.189,0.963,0.02,47,0,173.17,-11.01,10,0.00,3.96,3.98,3.96,3.97,3.96,3.97,3.97,3.97,31.89,0.0,30,30,0.0,0,16,-1024,0,0,667,1022,0,0,-1,0,0,0,1,-1,-1,-1,-1,0,0,
2026-03-25,14:08:27.190,7.61,100,100,97,-0.117,1.05,48,0,8.28,-0.189,0.963,0.00,44,0,173.17,-11.01,10,0.00,3.96,3.98,3.96,3.97,3.96,3.97,3.97,3.97,31.89,0.0,30,30,0.0,0,16,-1024,0,0,667,1022,0,0,-1,0,0,0,1,-1,-1,-1,-1,0,0,
2026-03-25,14:08:27.450,7.61,99,99,97,-0.117,0.99,47,0,8.28,-0.189,0.963,-0.08,44,0,173.17,-11.01,10,0.00,3.96,3.98,3.96,3.97,3.96,3.97,3.97,3.97,31.89,0.0,30,30,0.0,0,16,-1024,0,0,667,1022,0,0,-1,0,0,0,1,-1,-1,-1,-1,0,0,
2026-03-25,14:08:27.710,7.62,98,98,98,-0.117,0.96,47,0,8.28,-0.190,0.963,-0.12,42,0,173.17,-11.01,10,0.00,3.96,3.98,3.96,3.97,3.96,3.97,3.97,3.97,31.89,0.0,30,30,0.0,0,17,-1024,0,0,667,1022,0,0,-1,0,0,0,1,-1,-1,-1,-1,0,0,
2026-03-25,14:08:27.980,7.61,98,98,97,-0.117,0.97,47,0,8.28,-0.189,0.962,-0.04,44,0,173.17,-11.01,10,0.00,3.96,3.98,3.96,3.97,3.96,3.97,3.97,3.97,31.89,0.0,30,30,0.0,0,16,-1024,0,0,667,1022,0,0,-1,0,0,0,1,-1,-1,-1,-1,0,0,
2026-03-25,14:08:28.240,7.62,99,99,96,-0.117,0.97,47,0,8.28,-0.189,0.963,0.00,42,0,173.17,-11.01,10,0.00,3.96,3.98,3.97,3.97,3.96,3.97,3.97,3.97,31.89,0.0,30,30,0.0,0,16,-1024,0,0,667,1022,0,0,-1,0,0,0,1,-1,-1,-1,-1,0,0,
2026-03-25,14:08:28.500,7.61,99,99,96,-0.117,0.96,47,0,8.28,-0.190,0.963,-0.01,46,0,173.17,-11.01,10,0.00,3.96,3.98,3.97,3.97,3.96,3.97,3.97,3.97,31.89,0.0,30,30,0.0,0,17,-1024,0,0,667,1023,0,0,-1,0,0,0,1,-1,-1,-1,-1,0,0,
2026-03-25,14:08:28.760,7.61,99,99,96,-0.116,1.00,48,0,8.28,-0.189,0.963,0.06,44,0,173.18,-11.01,10,0.00,3.96,3.98,3.97,3.97,3.96,3.97,3.97,3.97,31.89,0.0,30,30,0.0,0,16,-1024,0,0,667,1022,0,0,-1,0,0,0,1,-1,-1,-1,-1,0,0,
2026-03-25,14:08:29.020,7.62,98,98,96,-0.117,0.93,49,0,8.28,-0.189,0.963,-0.08,42,0,173.18,-11.01,10,0.00,3.96,3.98,3.97,3.97,3.96,3.97,3.97,3.97,31.89,0.0,30,30,6.1,0,17,-1024,0,0,666,1022,0,0,-1,0,0,0,1,-1,-1,-1,-1,0,0,
2026-03-25,14:08:29.280,7.62,97,97,96,-0.117,0.97,48,0,8.28,-0.189,0.963,0.00,44,0,173.17,-11.01,10,0.00,3.96,3.98,3.97,3.97,3.96,3.97,3.97,3.97,31.89,0.0,30,30,0.0,0,16,-1024,0,0,667,1022,0,0,-1,0,0,0,1,-1,-1,-1,-1,0,0,
2026-03-25,14:08:29.560,7.62,96,96,96,-0.117,1.00,48,0,8.28,-0.189,0.963,0.00,44,0,173.17,-11.01,10,0.00,3.96,3.98,3.97,3.97,3.96,3.97,3.97,3.97,31.89,0.0,30,30,0.0,0,16,-1024,0,0,667,1022,0,0,-1,0,0,0,1,-1,-1,-1,-1,0,0,
2026-03-25,14:08:29.830,7.61,97,97,96,-0.117,0.90,47,0,8.28,-0.189,0.963,-0.11,45,0,173.17,-11.01,10,0.00,3.96,3.98,3.97,3.97,3.96,3.97,3.97,3.97,31.89,0.0,30,30,0.0,0,16,-1024,0,0,667,1022,0,0,-1,0,0,0,1,-1,-1,-1,-1,0,0,
2026-03-25,14:08:30.100,7.61,99,99,95,-0.117,0.90,47,0,8.28,-0.189,0.963,-0.08,42,0,173.17,-11.01,10,0.00,3.96,3.98,3.97,3.97,3.96,3.97,3.97,3.97,31.89,0.0,30,30,6.1,0,16,-1024,0,0,667,1022,0,0,-1,0,0,0,1,-1,-1,-1,-1,0,0,
2026-03-25,14:08:30.360,7.61,100,100,95,-0.117,0.97,47,0,8.28,-0.189,0.963,0.10,42,0,173.17,-11.01,10,0.00,3.96,3.98,3.97,3.97,3.96,3.97,3.97,3.97,31.89,0.0,30,30,0.0,0,16,-1024,0,0,667,1022,0,0,-1,0,0,0,1,-1,-1,-1,-1,0,0,
2026-03-25,14:08:30.630,7.61,100,100,95,-0.117,0.99,47,0,8.28,-0.189,0.963,0.09,43,0,173.17,-11.01,10,0.00,3.96,3.98,3.97,3.97,3.96,3.97,3.97,3.97,31.89,0.0,30,30,6.1,0,17,-1024,0,0,667,1023,0,0,-1,0,0,0,1,-1,-1,-1,-1,0,0,
2026-03-25,14:08:30.890,7.61,99,99,95,-0.117,0.96,48,0,8.28,-0.189,0.964,0.00,42,0,173.17,-11.01,10,0.00,3.96,3.98,3.97,3.97,3.96,3.97,3.97,3.97,31.89,0.0,30,30,6.1,0,16,-1024,0,0,667,1022,0,0,-1,0,0,0,1,-1,-1,-1,-1,0,0,
2026-03-25,14:08:31.150,7.61,99,99,95,-0.117,0.99,47,0,8.28,-0.189,0.963,0.00,45,0,173.17,-11.01,10,0.00,3.96,3.98,3.97,3.97,3.96,3.97,3.97,3.97,31.89,0.0,30,30,6.1,0,16,-1024,0,0,667,1023,0,0,-1,0,0,0,1,-1,-1,-1,-1,0,0,
2026-03-25,14:08:31.410,7.61,98,98,95,-0.117,0.99,47,0,8.28,-0.189,0.963,0.07,44,0,173.17,-11.01,10,0.00,3.96,3.98,3.97,3.97,3.96,3.97,3.97,3.97,31.89,0.0,30,30,6.1,0,17,-1024,0,0,667,1022,0,0,-1,0,0,0,1,-1,-1,-1,-1,0,0,
2026-03-25,14:08:31.680,7.61,99,99,94,-0.116,0.97,47,0,8.28,-0.190,0.963,-0.04,43,0,173.17,-11.01,10,0.00,3.96,3.98,3.97,3.97,3.96,3.97,3.97,3.97,31.89,0.0,30,30,6.1,0,16,-1024,0,0,667,1022,0,0,-1,0,0,0,1,-1,-1,-1,-1,0,0,
2026-03-25,14:08:31.940,7.61,99,99,95,-0.117,0.96,46,0,8.28,-0.189,0.963,-0.01,44,0,173.17,-11.01,10,0.00,3.96,3.98,3.97,3.97,3.96,3.97,3.97,3.97,31.89,0.0,30,30,6.1,0,16,-1024,0,0,667,1023,0,0,-1,0,0,0,1,-1,-1,-1,-1,0,0,
2026-03-25,14:08:32.200,7.62,99,99,95,-0.117,1.00,46,0,8.28,-0.189,0.963,0.02,43,0,173.17,-11.01,10,0.00,3.96,3.98,3.97,3.97,3.96,3.97,3.97,3.97,31.89,0.0,30,30,6.1,0,16,-1024,0,0,667,1022,0,0,-1,0,0,0,1,-1,-1,-1,-1,0,0,
2026-03-25,14:08:32.480,7.61,99,99,95,-0.116,1.01,46,0,8.28,-0.190,0.963,0.10,45,0,173.17,-11.01,10,0.00,3.96,3.97,3.97,3.97,3.96,3.97,3.97,3.97,31.89,0.0,30,30,6.1,0,16,-1024,0,0,667,1023,0,0,-1,0,0,0,1,-1,-1,-1,-1,0,0,
2026-03-25,14:08:32.740,7.61,98,98,96,-0.117,1.02,46,0,8.28,-0.189,0.963,0.03,46,0,173.18,-11.01,10,0.00,3.96,3.97,3.97,3.97,3.96,3.97,3.97,3.97,31.89,0.0,30,30,6.1,0,16,-1024,0,0,667,1022,0,0,-1,0,0,0,1,-1,-1,-1,-1,0,0,
2026-03-25,14:08:33.000,7.61,99,99,96,-0.117,0.99,46,0,8.28,-0.189,0.963,-0.05,45,0,173.17,-11.01,10,0.00,3.96,3.97,3.97,3.98,3.96,3.97,3.97,3.97,31.89,0.0,30,30,6.1,0,16,-1024,0,0,667,1023,0,0,-1,0,0,0,1,-1,-1,-1,-1,0,0,
2026-03-25,14:08:33.270,7.61,97,97,96,-0.117,1.00,47,0,8.28,-0.189,0.963,0.00,44,0,173.17,-11.01,10,0.00,3.96,3.97,3.97,3.98,3.96,3.97,3.97,3.97,31.89,0.0,30,30,6.1,0,16,-1024,0,0,667,1022,0,0,-1,0,0,0,1,-1,-1,-1,-1,0,0,
2026-03-25,14:08:33.530,7.61,98,98,95,-0.117,1.00,46,0,8.28,-0.189,0.963,-0.02,44,0,173.18,-11.01,10,0.00,3.96,3.97,3.97,3.98,3.96,3.97,3.97,3.97,31.89,0.0,30,30,6.1,0,16,-1024,0,0,667,1022,0,0,-1,0,0,0,1,-1,-1,-1,-1,0,0,
2026-03-25,14:08:33.790,7.61,97,97,95,-0.117,1.03,46,0,8.28,-0.189,0.963,0.07,43,0,173.18,-11.01,10,0.00,3.96,3.97,3.97,3.98,3.96,3.97,3.97,3.97,31.89,0.0,30,30,0.0,0,16,-1024,0,0,667,1023,0,0,-1,0,0,0,1,-1,-1,-1,-1,0,0,
2026-03-25,14:08:34.060,7.61,97,97,96,-0.117,1.05,46,0,8.28,-0.190,0.963,0.07,43,0,173.18,-11.01,10,0.00,3.96,3.97,3.97,3.97,3.96,3.97,3.97,3.97,31.89,0.0,30,30,6.1,0,17,-1024,0,0,667,1022,0,0,-1,0,0,0,1,-1,-1,-1,-1,0,0,
2026-03-25,14:08:34.330,7.61,95,96,96,-0.116,0.99,47,0,8.28,-0.189,0.964,-0.08,45,0,173.18,-11.01,10,0.00,3.96,3.97,3.97,3.97,3.96,3.97,3.97,3.97,31.89,0.0,30,30,6.1,0,16,-1024,0,0,667,1023,0,0,-1,0,0,0,1,-1,-1,-1,-1,0,0,
2026-03-25,14:08:34.600,7.61,94,97,97,-0.117,0.99,47,0,8.28,-0.189,0.963,-0.05,47,0,173.18,-11.01,10,0.00,3.96,3.97,3.97,3.97,3.96,3.97,3.97,3.98,31.89,0.0,30,30,6.1,0,16,-1024,0,0,666,1022,0,0,-1,0,0,0,1,-1,-1,-1,-1,0,0,
2026-03-25,14:08:34.860,7.61,96,97,97,-0.117,1.03,46,0,8.28,-0.189,0.963,0.04,48,0,173.17,-11.01,10,0.00,3.96,3.97,3.97,3.97,3.96,3.97,3.97,3.98,31.89,0.0,30,30,6.1,0,17,-1024,0,0,667,1022,0,0,-1,0,0,0,1,-1,-1,-1,-1,0,0,
2026-03-25,14:08:35.120,7.61,96,97,96,-0.117,1.02,45,0,8.28,-0.190,0.963,0.02,48,0,173.17,-11.01,10,0.00,3.96,3.97,3.97,3.97,3.96,3.97,3.97,3.98,31.89,0.0,30,30,6.1,0,16,-1024,0,0,667,1023,0,0,-1,0,0,0,1,-1,-1,-1,-1,0,0,
2026-03-25,14:08:35.390,7.61,96,96,96,-0.117,1.05,45,0,8.28,-0.189,0.963,0.02,49,0,173.17,-11.01,10,0.00,3.96,3.97,3.97,3.97,3.96,3.97,3.97,3.98,31.89,0.0,30,30,6.1,0,16,-1024,0,0,667,1022,0,0,-1,0,0,0,1,-1,-1,-1,-1,0,0,
2026-03-25,14:08:35.660,7.61,95,97,97,-0.117,1.02,46,0,8.28,-0.189,0.963,0.02,49,0,173.17,-11.01,10,0.00,3.96,3.97,3.97,3.97,3.96,3.97,3.97,3.98,31.89,0.0,30,30,6.1,0,16,-1024,0,0,667,1022,0,0,-1,0,0,0,1,-1,-1,-1,-1,0,0,
2026-03-25,14:08:35.920,7.61,95,97,97,-0.117,0.99,48,0,8.28,-0.189,0.962,-0.06,51,0,173.17,-11.01,10,0.00,3.96,3.97,3.97,3.97,3.96,3.97,3.97,3.97,31.90,0.0,30,30,6.1,0,16,-1024,0,0,667,1022,0,0,-1,0,0,0,1,-1,-1,-1,-1,0,0,
2026-03-25,14:08:36.190,7.61,98,98,98,-0.117,1.00,50,0,8.28,-0.189,0.963,0.00,57,0,173.17,-11.01,10,0.00,3.96,3.97,3.97,3.97,3.96,3.97,3.97,3.97,31.90,0.0,30,30,6.1,0,16,-1024,0,0,667,1023,0,0,-1,0,0,0,1,-1,-1,-1,-1,0,0,
2026-03-25,14:08:36.450,7.61,99,99,98,-0.118,1.00,52,0,8.28,-0.189,0.963,-0.01,59,0,173.17,-11.01,10,0.00,3.96,3.97,3.97,3.97,3.96,3.97,3.97,3.97,31.90,0.0,30,30,6.1,0,16,-1024,0,0,667,1023,0,0,-1,0,0,0,1,-1,-1,-1,-1,0,0,
2026-03-25,14:08:36.710,7.61,96,98,98,-0.118,1.00,53,0,8.28,-0.189,0.963,-0.02,59,0,173.17,-11.01,10,0.00,3.96,3.97,3.97,3.97,3.96,3.97,3.97,3.97,31.90,0.0,30,30,6.1,0,17,-1024,0,0,667,1022,0,0,-1,0,0,0,1,-1,-1,-1,-1,0,0,
2026-03-25,14:08:36.970,7.61,96,98,98,-0.117,1.03,51,0,8.28,-0.189,0.963,0.05,54,0,173.17,-11.01,10,0.00,3.96,3.97,3.97,3.97,3.96,3.97,3.97,3.97,31.90,0.0,30,30,8.9,0,16,-1024,0,0,667,1022,0,0,-1,0,0,0,1,-1,-1,-1,-1,0,0,
2026-03-25,14:08:37.230,7.61,95,98,98,-0.117,1.03,50,0,8.28,-0.189,0.963,0.13,51,0,173.17,-11.01,10,0.00,3.96,3.97,3.97,3.97,3.96,3.97,3.98,3.97,31.90,0.0,30,30,6.1,0,16,-1024,0,0,667,1022,0,0,-1,0,0,0,1,-1,-1,-1,-1,0,0,
2026-03-25,14:08:37.490,7.62,94,99,99,-0.116,1.07,48,0,8.28,-0.189,0.963,0.03,43,0,173.17,-11.01,10,0.00,3.96,3.97,3.97,3.97,3.96,3.97,3.98,3.97,31.90,0.0,30,30,6.1,0,16,-1024,0,0,667,1022,0,0,-1,0,0,0,1,-1,-1,-1,-1,0,0,
2026-03-25,14:08:37.750,7.61,89,99,99,-0.117,1.10,47,0,8.28,-0.189,0.963,0.09,45,0,173.17,-11.01,10,0.00,3.96,3.97,3.97,3.97,3.96,3.97,3.98,3.97,31.91,0.0,30,30,6.1,0,16,-1024,0,0,667,1023,0,0,-1,0,0,0,1,-1,-1,-1,-1,0,0,
2026-03-25,14:08:38.020,7.61,91,99,99,-0.116,1.08,47,0,8.28,-0.189,0.963,-0.03,46,0,173.17,-11.01,10,0.00,3.96,3.97,3.97,3.97,3.96,3.97,3.98,3.97,31.91,0.0,30,30,6.1,0,17,-1024,0,0,667,1022,0,0,-1,0,0,0,1,-1,-1,-1,-1,0,0,
2026-03-25,14:08:38.290,7.61,95,99,99,-0.117,1.03,46,0,8.28,-0.189,0.963,-0.03,42,0,173.17,-11.00,10,0.00,3.96,3.97,3.97,3.97,3.96,3.97,3.97,3.97,31.91,0.0,30,30,6.1,0,17,-1024,0,0,667,1022,0,0,-1,0,0,0,1,-1,-1,-1,-1,0,0,
2026-03-25,14:08:38.550,7.62,100,100,98,-0.117,1.05,46,0,8.28,-0.189,0.963,-0.03,42,0,173.17,-11.01,10,0.00,3.96,3.97,3.97,3.97,3.96,3.97,3.97,3.97,31.91,0.0,30,30,8.9,0,16,-1024,0,0,667,1022,0,0,-1,0,0,0,1,-1,-1,-1,-1,0,0,
2026-03-25,14:08:38.810,7.61,99,99,98,-0.117,1.06,46,0,8.28,-0.190,0.963,0.05,43,0,173.17,-11.01,10,0.00,3.96,3.97,3.97,3.97,3.96,3.97,3.97,3.97,31.90,0.0,30,30,6.1,0,16,-1024,0,0,667,1023,0,0,-1,0,0,0,1,-1,-1,-1,-1,0,0,
2026-03-25,14:08:39.080,7.62,98,98,98,-0.117,1.06,46,0,8.28,-0.190,0.963,0.00,47,0,173.17,-11.01,10,0.00,3.96,3.97,3.97,3.97,3.96,3.97,3.97,3.97,31.90,0.0,30,30,6.1,0,16,-1024,0,0,667,1023,0,0,-1,0,0,0,1,-1,-1,-1,-1,0,0,
2026-03-25,14:08:39.350,7.61,97,98,98,-0.117,1.00,47,0,8.28,-0.190,0.964,-0.08,49,0,173.17,-11.01,10,0.00,3.96,3.97,3.97,3.97,3.96,3.97,3.97,3.97,31.90,0.0,30,30,8.9,0,16,-1024,0,0,667,1022,0,0,-1,0,0,0,1,-1,-1,-1,-1,0,0,
2026-03-25,14:08:39.610,7.61,97,98,98,-0.117,1.04,49,0,8.28,-0.190,0.963,0.00,49,0,173.17,-11.01,10,0.00,3.96,3.97,3.97,3.97,3.96,3.97,3.98,3.97,31.90,0.0,30,30,8.9,0,17,-1024,0,0,667,1022,0,0,-1,0,0,0,1,-1,-1,-1,-1,0,0,
2026-03-25,14:08:39.890,7.62,98,98,98,-0.115,1.05,48,0,8.28,-0.188,0.958,0.05,48,0,173.17,-11.01,10,0.00,3.96,3.97,3.97,3.97,3.96,3.97,3.98,3.97,31.91,0.0,30,30,6.1,0,16,-1024,0,0,667,1023,0,0,-1,0,0,0,1,-1,-1,-1,-1,0,0,
2026-03-25,14:08:40.160,7.62,97,98,98,-0.100,1.10,46,0,8.28,-0.217,0.931,0.08,47,0,173.33,-10.15,10,0.00,3.96,3.97,3.97,3.97,3.96,3.97,3.98,3.97,31.91,0.0,30,30,6.1,0,16,-1024,0,0,667,1022,0,0,-1,0,0,0,1,-1,-1,-1,-1,0,0,
2026-03-25,14:08:40.420,7.61,98,98,98,-0.090,1.10,45,0,8.28,-0.035,1.103,0.02,53,0,173.63,-9.05,10,0.00,3.96,3.97,3.97,3.97,3.96,3.97,3.98,3.97,31.91,0.0,30,30,8.9,0,16,-1024,0,0,667,1022,0,0,-1,0,0,0,1,-1,-1,-1,-1,0,0,
2026-03-25,14:08:40.680,7.62,98,98,98,-0.116,1.08,44,0,8.28,-0.222,1.051,0.00,51,0,173.39,-9.91,10,0.00,3.96,3.97,3.97,3.97,3.96,3.97,3.98,3.97,31.91,0.0,30,30,8.9,0,17,-1024,0,0,667,1022,0,0,-1,0,0,0,1,-1,-1,-1,-1,0,0,
2026-03-25,14:08:40.940,7.61,97,98,98,-0.117,1.07,43,0,8.28,-0.257,0.738,-0.01,49,0,173.29,-10.56,10,0.00,3.96,3.97,3.97,3.97,3.96,3.97,3.98,3.97,31.91,0.0,30,30,8.9,0,17,-1024,0,0,667,1023,0,0,-1,0,0,0,1,-1,-1,-1,-1,0,0,
2026-03-25,14:08:41.210,7.62,95,98,98,-0.145,1.07,44,0,8.28,-0.206,1.086,0.01,50,0,173.39,-10.04,10,0.00,3.96,3.97,3.97,3.97,3.96,3.97,3.98,3.97,31.91,0.0,30,30,8.9,0,16,-1024,0,0,667,1022,0,0,-1,0,0,0,1,-1,-1,-1,-1,0,0,
2026-03-25,14:08:41.480,7.61,94,98,98,-0.075,1.11,45,0,8.28,-0.271,0.798,0.08,50,0,173.22,-10.86,10,0.00,3.96,3.97,3.97,3.97,3.96,3.97,3.98,3.97,31.91,0.0,30,30,8.9,0,16,-1024,0,0,667,1022,0,0,-1,0,0,0,1,-1,-1,-1,-1,0,0,
2026-03-25,14:08:41.740,7.61,96,98,98,-0.111,1.10,46,0,8.28,-0.084,0.956,0.05,52,0,173.19,-11.00,10,0.00,3.96,3.97,3.97,3.97,3.96,3.97,3.98,3.97,31.91,0.0,30,30,6.1,0,16,-1024,0,0,667,1022,0,0,-1,0,0,0,1,-1,-1,-1,-1,0,0,
2026-03-25,14:08:42.000,7.61,99,99,98,-0.123,1.09,47,0,8.28,-0.215,0.892,-0.02,45,0,173.34,-10.38,10,0.00,3.96,3.97,3.97,3.97,3.96,3.97,3.98,3.97,31.91,0.0,30,30,8.9,0,16,-1024,0,0,667,1022,0,0,-1,0,0,0,1,-1,-1,-1,-1,0,0,
2026-03-25,14:08:42.270,7.61,100,100,98,-0.115,1.08,50,0,8.28,-0.146,1.044,-0.01,46,0,173.33,-10.33,10,0.00,3.96,3.98,3.97,3.97,3.96,3.97,3.98,3.97,31.91,0.0,30,30,8.9,0,17,-1024,0,0,667,1022,0,0,-1,0,0,0,1,-1,-1,-1,-1,0,0,
2026-03-25,14:08:42.530,7.61,99,99,98,-0.125,1.12,51,0,8.28,-0.207,0.936,0.05,46,0,173.30,-10.50,10,0.00,3.96,3.98,3.97,3.97,3.96,3.97,3.98,3.97,31.91,0.0,30,30,6.5,0,16,-1024,0,0,667,1022,0,0,-1,0,0,0,1,-1,-1,-1,-1,0,0,
2026-03-25,14:08:42.790,7.61,99,99,99,-0.115,1.12,52,0,8.28,-0.168,1.000,-0.01,48,0,173.27,-10.56,10,0.00,3.96,3.98,3.97,3.97,3.96,3.97,3.98,3.97,31.91,0.0,30,30,6.1,0,17,-1024,0,0,667,1022,0,0,-1,0,0,0,1,-1,-1,-1,-1,0,0,
2026-03-25,14:08:43.060,7.61,99,100,100,-0.123,1.04,53,0,8.28,-0.201,0.939,-0.09,47,0,173.24,-10.67,10,0.00,3.96,3.98,3.97,3.97,3.96,3.97,3.98,3.97,31.91,0.0,30,30,8.9,0,17,-1024,0,0,667,1022,0,0,-1,0,0,0,1,-1,-1,-1,-1,0,0,
2026-03-25,14:08:43.330,7.62,100,100,100,-0.117,1.01,53,0,8.28,-0.186,0.966,-0.14,48,0,173.23,-10.68,10,0.00,3.96,3.97,3.97,3.97,3.96,3.97,3.98,3.97,31.91,0.0,30,30,8.9,0,16,-1024,0,0,667,1022,0,0,-1,0,0,0,1,-1,-1,-1,-1,0,0,
2026-03-25,14:08:43.600,7.62,100,100,100,-0.117,0.98,52,0,8.28,-0.186,0.966,-0.10,49,0,173.21,-10.73,10,0.00,3.96,3.97,3.97,3.97,3.96,3.97,3.98,3.97,31.91,0.0,30,30,6.1,0,17,-1024,0,0,667,1022,0,0,-1,0,0,0,1,-1,-1,-1,-1,0,0,
2026-03-25,14:08:43.870,7.62,100,100,99,-0.118,1.03,52,0,8.28,-0.189,0.963,0.03,50,0,173.21,-10.75,10,0.00,3.96,3.97,3.97,3.97,3.96,3.97,3.98,3.97,31.91,0.0,30,30,8.9,0,16,-1024,0,0,667,1022,0,0,-1,0,0,0,1,-1,-1,-1,-1,0,0,
2026-03-25,14:08:44.130,7.61,100,100,99,-0.117,1.10,52,0,8.28,-0.187,0.964,0.18,47,0,173.20,-10.78,10,0.00,3.96,3.97,3.97,3.97,3.96,3.97,3.98,3.97,31.91,0.0,30,30,6.1,0,17,-1024,0,0,667,1022,0,0,-1,0,0,0,1,-1,-1,-1,-1,0,0,
2026-03-25,14:08:44.400,7.61,100,100,99,-0.117,1.08,51,0,8.28,-0.188,0.962,0.03,50,0,173.20,-10.79,10,0.00,3.96,3.97,3.97,3.97,3.96,3.97,3.98,3.97,31.91,0.0,30,30,8.9,0,16,-1024,0,0,667,1022,0,0,-1,0,0,0,1,-1,-1,-1,-1,0,0,
2026-03-25,14:08:44.660,7.61,100,100,99,-0.117,1.07,51,0,8.28,-0.187,0.965,0.00,49,0,173.20,-10.81,10,0.00,3.96,3.98,3.97,3.97,3.96,3.97,3.98,3.97,31.91,0.0,30,30,8.9,0,16,-1024,0,0,667,1023,0,0,-1,0,0,0,1,-1,-1,-1,-1,0,0,
2026-03-25,14:08:44.930,7.62,99,99,99,-0.117,1.06,50,0,8.28,-0.188,0.963,-0.03,50,0,173.20,-10.82,10,0.00,3.96,3.98,3.97,3.98,3.96,3.97,3.98,3.97,31.91,0.0,30,30,8.9,0,16,-1024,0,0,667,1022,0,0,-1,0,0,0,1,-1,-1,-1,-1,0,0,
2026-03-25,14:08:45.200,7.62,99,99,99,-0.117,1.01,51,0,8.28,-0.188,0.964,-0.08,50,0,173.20,-10.83,10,0.00,3.96,3.98,3.97,3.98,3.96,3.97,3.98,3.97,31.91,0.0,30,30,8.9,0,16,-1024,0,0,667,1022,0,0,-1,0,0,0,1,-1,-1,-1,-1,0,0,
2026-03-25,14:08:45.460,7.61,99,99,98,-0.117,1.02,51,0,8.28,-0.187,0.963,-0.06,51,0,173.19,-10.84,10,0.00,3.96,3.98,3.97,3.98,3.96,3.97,3.97,3.98,31.91,0.0,30,30,8.9,0,17,-1024,0,0,667,1022,0,0,-1,0,0,0,1,-1,-1,-1,-1,0,0,
2026-03-25,14:08:45.720,7.61,100,100,98,-0.117,1.05,50,0,8.28,-0.187,0.964,0.05,48,0,173.19,-10.85,10,0.00,3.97,3.98,3.97,3.98,3.96,3.97,3.97,3.98,31.91,0.0,30,30,6.1,0,16,-1024,0,0,667,1023,0,0,-1,0,0,0,1,-1,-1,-1,-1,0,0,
2026-03-25,14:08:45.980,7.61,100,100,97,-0.117,1.04,49,0,8.28,-0.188,0.964,0.01,46,0,173.19,-10.86,10,0.00,3.97,3.98,3.97,3.97,3.96,3.97,3.97,3.98,31.91,0.0,30,30,8.9,0,16,-1024,0,0,667,1022,0,0,-1,0,0,0,1,-1,-1,-1,-1,0,0,
2026-03-25,14:08:46.250,7.61,99,99,97,-0.116,0.98,48,0,8.28,-0.188,0.964,-0.12,50,0,173.19,-10.87,10,0.00,3.97,3.98,3.97,3.97,3.96,3.97,3.97,3.98,31.91,0.0,30,30,8.9,0,17,-1024,0,0,667,1022,0,0,-1,0,0,0,1,-1,-1,-1,-1,0,0,
2026-03-25,14:08:46.510,7.61,99,99,97,-0.117,1.00,48,0,8.28,-0.188,0.964,0.01,53,0,173.18,-10.87,10,0.00,3.97,3.98,3.97,3.97,3.96,3.97,3.97,3.98,31.91,0.0,30,30,8.9,0,16,-1024,0,0,667,1023,0,0,-1,0,0,0,1,-1,-1,-1,-1,0,0,
2026-03-25,14:08:46.770,7.61,99,99,97,-0.117,1.03,48,0,8.28,-0.188,0.964,0.01,53,0,173.18,-10.87,10,0.00,3.97,3.98,3.97,3.97,3.96,3.97,3.97,3.98,31.91,0.0,30,30,8.9,0,17,-1024,0,0,667,1022,0,0,-1,0,0,0,1,-1,-1,-1,-1,0,0,
2026-03-25,14:08:47.040,7.61,100,100,97,-0.116,1.07,47,0,8.28,-0.188,0.963,0.06,54,0,173.18,-10.88,10,0.00,3.97,3.98,3.97,3.97,3.96,3.97,3.97,3.98,31.91,0.0,30,30,8.9,0,17,-1024,0,0,667,1022,0,0,-1,0,0,0,1,-1,-1,-1,-1,0,0,
2026-03-25,14:08:47.300,7.61,100,100,97,-0.116,1.15,48,0,8.28,-0.188,0.964,0.25,52,0,173.19,-10.88,10,0.00,3.97,3.98,3.97,3.98,3.96,3.97,3.97,3.98,31.91,0.0,30,30,8.9,0,16,-1024,0,0,667,1023,0,0,-1,0,0,0,1,-1,-1,-1,-1,0,0,
2026-03-25,14:08:47.560,7.61,100,100,97,-0.116,1.07,45,0,8.28,-0.188,0.964,-0.07,50,0,173.18,-10.88,10,0.00,3.97,3.98,3.97,3.98,3.96,3.97,3.97,3.98,31.91,0.0,30,30,8.9,0,17,-1024,0,0,667,1022,0,0,-1,0,0,0,1,-1,-1,-1,-1,0,0,
2026-03-25,14:08:47.820,7.61,99,99,98,-0.117,1.06,45,0,8.28,-0.187,0.964,-0.06,47,0,173.18,-10.89,10,0.00,3.97,3.98,3.97,3.98,3.96,3.97,3.98,3.97,31.91,0.0,30,30,8.9,0,17,-1024,0,0,667,1022,0,0,-1,0,0,0,1,-1,-1,-1,-1,0,0,
2026-03-25,14:08:48.090,7.61,99,99,98,-0.117,1.07,47,0,8.28,-0.188,0.964,0.00,45,0,173.18,-10.89,10,0.00,3.97,3.98,3.97,3.98,3.96,3.97,3.98,3.97,31.91,0.0,30,30,8.9,0,17,-1024,0,0,667,1023,0,0,-1,0,0,0,1,-1,-1,-1,-1,0,0,
2026-03-25,14:08:48.350,7.61,99,99,98,-0.117,1.06,47,0,8.28,-0.188,0.964,-0.01,46,0,173.18,-10.89,10,0.00,3.97,3.98,3.97,3.98,3.96,3.97,3.98,3.97,31.91,0.0,30,30,8.9,0,17,-1024,0,0,667,1022,0,0,-1,0,0,0,1,-1,-1,-1,-1,0,0,
2026-03-25,14:08:48.620,7.61,99,99,97,-0.117,1.15,46,0,8.28,-0.187,0.964,0.14,45,0,173.18,-10.89,10,0.00,3.97,3.98,3.97,3.98,3.96,3.97,3.98,3.97,31.91,0.0,30,30,8.9,0,17,-1024,0,0,667,1022,0,0,-1,0,0,0,1,-1,-1,-1,-1,0,0,
2026-03-25,14:08:48.890,7.61,98,98,97,-0.115,1.10,45,0,8.28,-0.189,0.964,0.00,49,0,173.18,-10.90,10,0.00,3.97,3.98,3.97,3.98,3.96,3.97,3.98,3.97,31.91,0.0,30,30,8.9,0,17,-1024,0,0,667,1022,0,0,-1,0,0,0,1,-1,-1,-1,-1,0,0,
2026-03-25,14:08:49.160,7.61,96,97,97,-0.115,1.04,45,0,8.28,-0.187,0.964,-0.06,50,0,173.18,-10.90,10,0.00,3.97,3.98,3.97,3.98,3.96,3.97,3.98,3.98,31.91,0.0,30,30,8.9,0,17,-1024,0,0,667,1022,0,0,-1,0,0,0,1,-1,-1,-1,-1,0,0,
2026-03-25,14:08:49.430,7.61,97,98,98,-0.118,1.02,45,0,8.28,-0.187,0.962,-0.09,50,0,173.18,-10.90,10,0.00,3.97,3.98,3.97,3.98,3.96,3.97,3.98,3.98,31.91,0.0,31,30,8.9,0,17,-1024,0,0,667,1022,0,0,-1,0,0,0,1,-1,-1,-1,-1,0,0,
2026-03-25,14:08:49.700,7.61,94,97,97,-0.118,1.03,44,0,8.28,-0.188,0.963,-0.09,48,0,173.18,-10.91,10,0.00,3.97,3.98,3.97,3.98,3.96,3.97,3.98,3.98,31.91,0.0,31,30,8.9,0,17,-1024,0,0,667,1022,0,0,-1,0,0,0,1,-1,-1,-1,-1,0,0,
2026-03-25,14:08:49.970,7.61,96,98,98,-0.116,1.09,45,0,8.28,-0.188,0.963,0.07,50,0,173.18,-10.91,10,0.00,3.97,3.98,3.97,3.98,3.96,3.97,3.98,3.98,31.91,0.0,31,30,8.9,0,16,-1024,0,0,667,1022,0,0,-1,0,0,0,1,-1,-1,-1,-1,0,0,
2026-03-25,14:08:50.230,7.61,95,98,98,-0.117,1.07,47,0,8.28,-0.187,0.965,0.07,49,0,173.18,-10.91,10,0.00,3.97,3.98,3.97,3.98,3.96,3.97,3.98,3.97,31.91,0.0,31,30,8.9,0,17,-1024,0,0,667,1022,0,0,-1,0,0,0,1,-1,-1,-1,-1,0,0,
2026-03-25,14:08:50.490,7.61,97,98,98,-0.117,1.03,46,0,8.28,-0.188,0.962,-0.09,53,0,173.18,-10.91,10,0.00,3.97,3.98,3.97,3.98,3.96,3.97,3.98,3.97,31.91,0.0,31,30,8.9,0,17,-1024,0,0,667,1022,0,0,-1,0,0,0,1,-1,-1,-1,-1,0,0,
2026-03-25,14:08:50.750,7.61,96,98,98,-0.105,1.03,46,0,8.28,-0.185,0.975,-0.01,53,0,173.15,-10.90,10,0.00,3.97,3.98,3.97,3.98,3.96,3.97,3.98,3.97,31.91,0.0,31,30,8.9,0,17,-1024,0,0,667,1023,0,0,-1,0,0,0,1,-1,-1,-1,-1,0,0,
2026-03-25,14:08:51.010,7.61,95,97,97,-0.100,1.01,46,0,8.28,-0.180,0.958,-0.06,53,0,173.20,-10.89,10,0.00,3.97,3.98,3.97,3.98,3.96,3.97,3.98,3.97,31.91,0.0,31,30,8.9,0,16,-1024,0,0,667,1022,0,0,-1,0,0,0,1,-1,-1,-1,-1,0,0,
2026-03-25,14:08:51.270,7.61,97,97,97,-0.131,1.02,46,0,8.28,-0.191,0.959,-0.03,55,0,173.16,-10.93,10,0.00,3.97,3.98,3.97,3.98,3.96,3.97,3.98,3.97,31.91,0.0,31,30,8.9,0,16,-1024,0,0,667,1023,0,0,-1,0,0,0,1,-1,-1,-1,-1,0,0,
2026-03-25,14:08:51.530,7.61,98,98,97,-0.123,1.03,47,0,8.28,-0.186,0.959,0.03,57,0,173.17,-10.91,10,0.00,3.97,3.98,3.97,3.98,3.96,3.97,3.98,3.98,31.91,0.0,31,30,8.9,0,16,-1024,0,0,667,1022,0,0,-1,0,0,0,1,-1,-1,-1,-1,0,0,
2026-03-25,14:08:51.790,7.61,99,99,97,-0.088,1.08,47,0,8.28,-0.199,0.974,0.10,57,0,173.17,-10.89,10,0.00,3.97,3.98,3.97,3.98,3.96,3.97,3.98,3.98,31.91,0.0,31,30,8.9,0,17,-1024,0,0,667,1022,0,0,-1,0,0,0,1,-1,-1,-1,-1,0,0,
2026-03-25,14:08:52.060,7.61,100,100,97,-0.125,1.07,46,0,8.28,-0.187,0.958,0.05,59,0,173.18,-10.84,10,0.00,3.97,3.98,3.97,3.98,3.96,3.97,3.98,3.98,31.91,0.0,31,30,8.9,0,16,-1024,0,0,667,1022,0,0,-1,0,0,0,1,-1,-1,-1,-1,0,0,
2026-03-25,14:08:52.330,7.61,100,100,97,-0.126,1.05,46,0,8.28,-0.185,0.959,-0.04,60,0,173.17,-10.89,10,0.00,3.97,3.98,3.97,3.98,3.96,3.97,3.98,3.98,31.91,0.0,31,30,8.9,0,17,-1024,0,0,667,1022,0,0,-1,0,0,0,1,-1,-1,-1,-1,0,0,
2026-03-25,14:08:52.590,7.61,99,99,98,-0.115,1.03,47,0,8.28,-0.191,0.963,-0.08,57,0,173.17,-10.89,10,0.00,3.97,3.98,3.97,3.98,3.96,3.97,3.98,3.98,31.91,0.0,31,30,8.9,0,16,-1024,0,0,667,1022,0,0,-1,0,0,0,1,-1,-1,-1,-1,0,0,
2026-03-25,14:08:52.850,7.61,99,99,98,-0.112,1.05,47,0,8.28,-0.187,0.963,0.00,53,0,173.17,-10.89,10,0.00,3.97,3.98,3.97,3.98,3.96,3.97,3.98,3.97,31.91,0.0,31,30,8.9,0,17,-1024,0,0,667,1022,0,0,-1,0,0,0,1,-1,-1,-1,-1,0,0,
2026-03-25,14:08:53.110,7.61,99,99,98,-0.116,1.06,47,0,8.28,-0.189,0.962,0.03,52,0,173.17,-10.89,10,0.00,3.97,3.98,3.97,3.98,3.96,3.97,3.98,3.97,31.91,0.0,31,30,8.9,0,16,-1024,0,0,667,1022,0,0,-1,0,0,0,1,-1,-1,-1,-1,0,0,
2026-03-25,14:08:53.370,7.61,100,100,98,-0.117,1.05,47,0,8.28,-0.187,0.964,0.00,49,0,173.17,-10.89,10,0.00,3.97,3.98,3.97,3.98,3.96,3.97,3.98,3.97,31.91,0.0,31,30,8.9,0,17,-1024,0,0,667,1022,0,0,-1,0,0,0,1,-1,-1,-1,-1,0,0,
2026-03-25,14:08:53.630,7.61,100,100,99,-0.116,1.05,46,0,8.28,-0.189,0.963,0.00,51,0,173.17,-10.89,10,0.00,3.97,3.98,3.97,3.98,3.97,3.97,3.98,3.97,31.91,0.0,31,30,8.9,0,16,-1024,0,0,667,1023,0,0,-1,0,0,0,1,-1,-1,-1,-1,0,0,
2026-03-25,14:08:53.890,7.61,99,99,99,-0.115,1.10,45,0,8.28,-0.188,0.964,0.00,51,0,173.17,-10.89,10,0.00,3.97,3.98,3.97,3.98,3.97,3.97,3.98,3.97,31.91,0.0,31,30,8.9,0,16,-1024,0,0,667,1022,0,0,-1,0,0,0,1,-1,-1,-1,-1,0,0,
2026-03-25,14:08:54.150,7.61,98,99,99,-0.116,1.10,44,0,8.28,-0.189,0.963,0.04,52,0,173.16,-10.89,10,0.00,3.97,3.98,3.97,3.98,3.97,3.97,3.98,3.97,31.91,0.0,31,30,8.9,0,16,-1024,0,0,666,1022,0,0,-1,0,0,0,1,-1,-1,-1,-1,0,0,
2026-03-25,14:08:54.420,7.61,98,99,99,-0.116,1.09,44,0,8.28,-0.189,0.964,-0.02,52,0,173.17,-10.89,10,0.00,3.97,3.98,3.97,3.98,3.97,3.97,3.98,3.97,31.91,0.0,31,30,8.9,0,17,-1024,0,0,667,1023,0,0,-1,0,0,0,1,-1,-1,-1,-1,0,0,
2026-03-25,14:08:54.690,7.61,96,99,99,-0.116,1.03,43,0,8.28,-0.189,0.963,-0.13,53,0,173.17,-10.90,10,0.00,3.97,3.98,3.97,3.98,3.97,3.97,3.98,3.97,31.91,0.0,31,30,8.9,0,16,-1024,0,0,667,1023,0,0,-1,0,0,0,1,-1,-1,-1,-1,0,0,
2026-03-25,14:08:54.950,7.61,95,99,99,-0.117,1.02,43,0,8.28,-0.187,0.964,-0.13,55,0,173.17,-10.90,10,0.00,3.97,3.98,3.97,3.98,3.97,3.97,3.98,3.97,31.91,0.0,31,30,8.9,0,16,-1024,0,0,667,1022,0,0,-1,0,0,0,1,-1,-1,-1,-1,0,0,
2026-03-25,14:08:55.220,7.61,95,100,100,-0.119,1.03,43,0,8.28,-0.193,0.963,-0.02,52,0,173.17,-10.90,10,0.00,3.97,3.98,3.97,3.98,3.97,3.97,3.98,3.97,31.91,0.0,31,30,8.9,0,17,-1024,0,0,667,1023,0,0,-1,0,0,0,1,-1,-1,-1,-1,0,0,
2026-03-25,14:08:55.480,7.61,96,100,100,-0.119,1.07,45,0,8.28,-0.188,0.957,-0.04,54,0,173.14,-10.91,10,0.00,3.97,3.98,3.97,3.98,3.97,3.97,3.98,3.97,31.91,0.0,31,30,8.9,0,17,-1024,0,0,667,1022,0,0,-1,0,0,0,1,-1,-1,-1,-1,0,0,
2026-03-25,14:08:55.740,7.61,96,100,100,-0.124,0.98,44,0,8.28,-0.196,0.954,-0.14,55,0,173.19,-10.90,10,0.00,3.97,3.98,3.97,3.98,3.97,3.97,3.98,3.97,31.91,0.0,31,30,8.9,0,16,-1024,0,0,667,1023,0,0,-1,0,0,0,1,-1,-1,-1,-1,0,0,
2026-03-25,14:08:56.010,7.61,97,100,100,-0.126,1.02,44,0,8.28,-0.196,0.958,0.05,56,0,173.22,-10.89,10,0.00,3.97,3.98,3.97,3.98,3.97,3.97,3.98,3.97,31.91,0.0,31,30,6.1,0,16,-1024,0,0,667,1022,0,0,-1,0,0,0,1,-1,-1,-1,-1,0,0,
2026-03-25,14:08:56.270,7.61,97,99,99,-0.122,1.06,44,0,8.28,-0.184,0.961,0.08,53,0,173.26,-10.90,10,0.00,3.97,3.98,3.97,3.98,3.97,3.97,3.98,3.97,31.91,0.0,31,30,6.1,0,16,-1024,0,0,667,1022,0,0,-1,0,0,0,1,-1,-1,-1,-1,0,0,
2026-03-25,14:08:56.530,7.61,99,99,99,-0.119,1.08,42,0,8.28,-0.186,0.966,0.08,52,0,173.26,-10.90,10,0.00,3.97,3.98,3.97,3.98,3.97,3.97,3.98,3.97,31.91,0.0,31,30,6.1,0,16,-1024,0,0,667,1022,0,0,-1,0,0,0,1,-1,-1,-1,-1,0,0,
2026-03-25,14:08:56.790,7.61,98,99,99,-0.117,1.11,41,0,8.28,-0.185,0.969,0.11,53,0,173.27,-10.83,10,0.00,3.97,3.98,3.97,3.98,3.97,3.97,3.98,3.97,31.91,0.0,31,30,8.9,0,16,-1024,0,0,667,1023,0,0,-1,0,0,0,1,-1,-1,-1,-1,0,0,
2026-03-25,14:08:57.050,7.61,99,99,99,-0.116,1.12,43,0,8.28,-0.179,0.975,0.07,52,0,173.28,-10.81,10,0.00,3.97,3.98,3.97,3.98,3.97,3.97,3.98,3.97,31.91,0.0,31,30,8.9,0,16,-1024,0,0,667,1023,0,0,-1,0,0,0,1,-1,-1,-1,-1,0,0,
2026-03-25,14:08:57.310,7.61,98,99,99,-0.111,1.14,46,0,8.28,-0.179,0.958,0.05,51,0,173.27,-10.78,10,0.00,3.97,3.98,3.97,3.98,3.97,3.97,3.98,3.97,31.91,0.0,31,30,8.9,0,17,-1024,0,0,667,1022,0,0,-1,0,0,0,1,-1,-1,-1,-1,0,0,
2026-03-25,14:08:57.580,7.61,99,99,98,-0.106,1.14,45,0,8.28,-0.182,0.967,0.01,50,0,173.21,-10.80,10,0.00,3.97,3.98,3.97,3.98,3.97,3.97,3.97,3.98,31.91,0.0,31,30,8.9,0,17,-1024,0,0,667,1022,0,0,-1,0,0,0,1,-1,-1,-1,-1,0,0,
2026-03-25,14:08:57.840,7.61,98,98,98,-0.124,1.17,45,0,8.28,-0.182,0.959,0.06,49,0,173.22,-10.81,10,0.00,3.97,3.98,3.97,3.98,3.97,3.97,3.97,3.98,31.91,0.0,31,30,8.9,0,16,-1024,0,0,667,1023,0,0,-1,0,0,0,1,-1,-1,-1,-1,0,0,
2026-03-25,14:08:58.110,7.61,96,98,98,-0.134,1.16,45,0,8.28,-0.187,0.958,0.04,51,0,173.21,-10.84,10,0.00,3.97,3.98,3.97,3.98,3.97,3.97,3.97,3.98,31.91,0.0,31,30,8.9,0,17,-1024,0,0,667,1022,0,0,-1,0,0,0,1,-1,-1,-1,-1,0,0,
2026-03-25,14:08:58.370,7.62,96,98,98,-0.124,1.19,44,0,8.28,-0.181,0.964,0.10,54,0,173.21,-10.84,10,0.00,3.97,3.98,3.97,3.98,3.96,3.97,3.97,3.98,31.91,0.0,31,30,8.9,0,17,-1024,0,0,667,1023,0,0,-1,0,0,0,1,-1,-1,-1,-1,0,0,
2026-03-25,14:08:58.630,7.61,96,98,98,-0.068,1.12,45,0,8.28,-0.171,0.940,-0.15,53,0,173.19,-10.85,10,0.00,3.97,3.98,3.97,3.98,3.96,3.97,3.98,3.98,31.91,0.0,31,30,10.7,0,16,-1024,0,0,667,1022,0,0,-1,0,0,0,1,-1,-1,-1,-1,0,0,
2026-03-25,14:08:58.900,7.61,99,99,98,-0.082,1.12,46,0,8.28,-0.192,0.944,-0.12,55,0,173.23,-10.91,10,0.00,3.97,3.98,3.97,3.98,3.96,3.97,3.98,3.98,31.91,0.0,31,30,10.7,0,16,-1024,0,0,667,1022,0,0,-1,0,0,0,1,-1,-1,-1,-1,0,0,
2026-03-25,14:08:59.160,7.61,99,99,98,-0.103,1.09,46,0,8.28,-0.193,0.999,-0.06,53,0,173.28,-10.90,10,0.00,3.97,3.98,3.97,3.98,3.96,3.97,3.98,3.98,31.91,0.0,31,30,8.9,0,16,-1024,0,0,667,1023,0,0,-1,0,0,0,1,-1,-1,-1,-1,0,0,
2026-03-25,14:08:59.420,7.61,99,99,98,-0.145,1.07,45,0,8.28,-0.186,0.944,-0.10,56,0,172.86,-10.81,10,0.00,3.97,3.98,3.97,3.97,3.96,3.97,3.98,3.98,31.91,0.0,31,30,8.9,0,17,-1024,0,0,666,1023,0,0,-1,0,0,0,1,-1,-1,-1,-1,0,0,
2026-03-25,14:08:59.680,7.61,98,98,98,-0.089,1.07,45,0,8.28,-0.186,0.968,-0.01,56,0,172.61,-10.71,10,0.00,3.97,3.98,3.97,3.97,3.96,3.97,3.98,3.98,31.91,0.0,31,30,8.9,0,16,-1024,0,0,667,1022,0,0,-1,0,0,0,1,-1,-1,-1,-1,0,0,
2026-03-25,14:08:59.950,7.61,97,98,98,-0.156,1.09,45,0,8.28,-0.180,0.944,0.02,52,0,172.72,-11.01,10,0.00,3.97,3.98,3.97,3.97,3.96,3.97,3.98,3.98,31.91,0.0,31,30,8.9,0,16,-1024,0,0,667,1022,0,0,-1,0,0,0,1,-1,-1,-1,-1,0,0,
2026-03-25,14:09:00.220,7.61,98,99,99,-0.118,1.09,44,0,8.28,-0.199,0.957,0.00,52,0,172.67,-11.04,10,0.00,3.97,3.98,3.97,3.97,3.96,3.97,3.98,3.98,31.92,0.0,31,30,8.9,0,16,-1024,0,0,667,1022,0,0,-1,0,0,0,1,-1,-1,-1,-1,0,0,
2026-03-25,14:09:00.490,7.61,97,99,99,-0.141,1.09,44,0,8.28,-0.185,0.964,0.04,51,0,172.59,-11.23,10,0.00,3.97,3.98,3.97,3.98,3.96,3.97,3.98,3.98,31.92,0.0,31,30,8.9,0,16,-1024,0,0,667,1023,0,0,-1,0,0,0,1,-1,-1,-1,-1,0,0,
2026-03-25,14:09:00.750,7.61,97,99,99,-0.132,1.11,45,0,8.28,-0.194,0.970,0.00,50,0,172.43,-11.25,10,0.00,3.97,3.98,3.97,3.98,3.97,3.97,3.98,3.98,31.92,0.0,31,30,8.9,0,16,-1024,0,0,667,1022,0,0,-1,0,0,0,1,-1,-1,-1,-1,0,0,
2026-03-25,14:09:01.020,7.61,98,99,99,-0.136,1.11,46,0,8.28,-0.203,0.967,0.00,52,0,172.43,-11.19,10,0.00,3.97,3.98,3.97,3.98,3.97,3.97,3.98,3.98,31.92,0.0,31,30,8.9,0,17,-1024,0,0,667,1023,0,0,-1,0,0,0,1,-1,-1,-1,-1,0,0,
2026-03-25,14:09:01.280,7.61,96,99,99,-0.147,1.12,45,0,8.28,-0.184,0.944,0.04,52,0,172.50,-11.35,10,0.00,3.97,3.98,3.97,3.98,3.97,3.97,3.98,3.98,31.92,0.0,31,30,8.9,0,16,-1024,0,0,667,1023,0,0,-1,0,0,0,1,-1,-1,-1,-1,0,0,
2026-03-25,14:09:01.540,7.61,95,100,100,-0.118,1.08,44,0,8.28,-0.209,0.973,-0.04,50,0,172.50,-11.26,10,0.00,3.97,3.98,3.97,3.98,3.97,3.97,3.98,3.98,31.92,0.0,31,30,8.9,0,17,-1024,0,0,667,1022,0,0,-1,0,0,0,1,-1,-1,-1,-1,0,0,
2026-03-25,14:09:01.810,7.61,93,100,100,-0.133,1.05,45,0,8.28,-0.193,0.957,-0.04,50,0,172.61,-11.25,10,0.00,3.97,3.98,3.97,3.98,3.97,3.97,3.98,3.98,31.92,0.0,31,30,8.9,0,17,-1024,0,0,667,1023,0,0,-1,0,0,0,1,-1,-1,-1,-1,0,0,
2026-03-25,14:09:02.070,7.61,92,100,100,-0.127,1.06,44,0,8.28,-0.196,0.969,-0.04,49,0,172.52,-11.08,10,0.00,3.97,3.98,3.97,3.98,3.96,3.97,3.98,3.98,31.92,0.0,31,30,8.9,0,17,-1024,0,0,667,1023,0,0,-1,0,0,0,1,-1,-1,-1,-1,0,0,
2026-03-25,14:09:02.330,7.61,95,100,100,-0.124,1.07,43,0,8.28,-0.199,0.963,-0.04,50,0,172.60,-11.14,10,0.00,3.97,3.98,3.97,3.98,3.96,3.97,3.98,3.97,31.93,0.0,31,30,8.9,0,17,-1024,0,0,667,1022,0,0,-1,0,0,0,1,-1,-1,-1,-1,0,0,
2026-03-25,14:09:02.590,7.60,97,99,99,-0.122,1.07,43,0,8.28,-0.217,0.930,0.10,50,0,172.82,-11.41,10,0.00,3.97,3.98,3.97,3.98,3.96,3.97,3.98,3.97,31.93,0.0,31,30,8.9,0,16,-1024,0,0,667,1022,0,0,-1,0,0,0,1,-1,-1,-1,-1,0,0,
2026-03-25,14:09:02.860,7.61,98,99,99,-0.120,1.16,43,0,8.28,-0.217,0.949,0.13,49,0,172.94,-11.27,10,0.00,3.97,3.98,3.97,3.98,3.96,3.97,3.98,3.97,31.93,0.0,31,30,8.9,0,17,-1024,0,0,667,1022,0,0,-1,0,0,0,1,-1,-1,-1,-1,0,0,
2026-03-25,14:09:03.120,7.61,96,99,99,-0.141,1.15,43,0,8.28,-0.154,0.963,0.04,51,0,173.14,-10.83,10,0.00,3.97,3.98,3.97,3.98,3.96,3.97,3.98,3.97,31.93,0.0,31,30,8.9,0,16,-1024,0,0,667,1022,0,0,-1,0,0,0,1,-1,-1,-1,-1,0,0,
2026-03-25,14:09:03.380,7.60,96,99,99,-0.090,1.15,44,0,8.28,-0.197,0.967,-0.07,49,0,173.09,-10.95,10,0.00,3.97,3.98,3.97,3.98,3.96,3.97,3.98,3.97,31.93,0.0,31,31,8.9,0,16,-1024,0,0,667,1023,0,0,-1,0,0,0,1,-1,-1,-1,-1,0,0,
2026-03-25,14:09:03.640,7.61,96,99,99,-0.116,1.07,45,0,8.28,-0.179,0.974,-0.07,52,0,173.18,-10.78,10,0.00,3.97,3.98,3.97,3.98,3.96,3.97,3.98,3.98,31.93,0.0,31,31,8.9,0,17,-1024,0,0,667,1023,0,0,-1,0,0,0,1,-1,-1,-1,-1,0,0,
2026-03-25,14:09:03.910,7.61,98,99,99,-0.109,1.06,47,0,8.28,-0.194,0.961,-0.10,48,0,173.11,-10.91,10,0.00,3.97,3.98,3.97,3.98,3.96,3.97,3.98,3.98,31.93,0.0,31,31,8.9,0,16,-1024,0,0,667,1023,0,0,-1,0,0,0,1,-1,-1,-1,-1,0,0,
2026-03-25,14:09:04.170,7.61,99,99,99,-0.134,1.09,47,0,8.28,-0.196,0.950,0.01,45,0,173.10,-10.90,10,0.00,3.97,3.98,3.97,3.98,3.96,3.97,3.98,3.98,31.93,0.0,31,31,8.9,0,16,-1024,0,0,667,1022,0,0,-1,0,0,0,1,-1,-1,-1,-1,0,0,
2026-03-25,14:09:04.430,7.61,99,99,99,-0.131,1.09,50,0,8.28,-0.169,0.980,0.00,52,0,173.19,-10.89,10,0.00,3.97,3.98,3.97,3.98,3.96,3.97,3.98,3.98,31.93,0.0,31,31,8.9,0,16,-1024,0,0,667,1022,0,0,-1,0,0,0,1,-1,-1,-1,-1,0,0,
2026-03-25,14:09:04.700,7.61,100,100,99,-0.095,1.07,53,0,8.28,-0.190,0.962,-0.01,58,0,173.16,-10.89,10,0.00,3.97,3.98,3.97,3.98,3.96,3.97,3.98,3.98,31.93,0.0,31,31,10.7,0,16,-1024,0,0,667,1022,0,0,-1,0,0,0,1,-1,-1,-1,-1,0,0,
2026-03-25,14:09:04.970,7.61,100,100,99,-0.079,1.07,53,0,8.28,-0.203,0.962,-0.04,56,0,173.17,-10.88,10,0.00,3.97,3.98,3.97,3.98,3.96,3.97,3.98,3.98,31.94,0.0,31,31,10.7,0,17,-1024,0,0,667,1023,0,0,-1,0,0,0,1,-1,-1,-1,-1,0,0,
2026-03-25,14:09:05.240,7.61,100,100,99,-0.096,1.05,49,0,8.28,-0.195,0.977,-0.01,52,0,173.21,-10.91,10,0.00,3.97,3.98,3.97,3.98,3.96,3.97,3.98,3.98,31.94,0.0,31,31,10.7,0,16,-1024,0,0,667,1023,0,0,-1,0,0,0,1,-1,-1,-1,-1,0,0,
2026-03-25,14:09:05.500,7.61,99,99,99,-0.130,1.09,47,0,8.28,-0.183,0.972,0.04,50,0,173.21,-10.87,10,0.00,3.97,3.98,3.97,3.98,3.96,3.97,3.98,3.98,31.94,0.0,31,31,10.7,0,16,-1024,0,0,667,1022,0,0,-1,0,0,0,1,-1,-1,-1,-1,0,0,
2026-03-25,14:09:05.770,7.61,99,99,99,-0.108,1.14,46,0,8.28,-0.202,0.961,0.12,46,0,173.21,-10.86,10,0.00,3.97,3.98,3.97,3.98,3.96,3.97,3.98,3.98,31.94,0.0,31,31,10.7,0,17,-1024,0,0,667,1022,0,0,-1,0,0,0,1,-1,-1,-1,-1,0,0,
2026-03-25,14:09:06.030,7.61,99,99,99,-0.115,1.13,45,0,8.28,-0.185,0.961,0.04,49,0,173.19,-10.75,10,0.00,3.97,3.98,3.97,3.98,3.96,3.97,3.98,3.98,31.94,0.0,31,31,10.7,0,16,-1024,0,0,667,1022,0,0,-1,0,0,0,1,-1,-1,-1,-1,0,0,
2026-03-25,14:09:06.290,7.61,97,98,98,-0.110,1.10,46,0,8.28,-0.190,0.972,-0.02,47,0,173.19,-10.77,10,0.00,3.97,3.98,3.97,3.98,3.96,3.97,3.98,3.98,31.94,0.0,31,31,10.7,0,17,-1024,0,0,667,1023,0,0,-1,0,0,0,1,-1,-1,-1,-1,0,0,
2026-03-25,14:09:06.560,7.61,97,98,98,-0.109,1.08,47,0,8.28,-0.187,0.963,-0.09,50,0,173.19,-10.74,10,0.00,3.97,3.98,3.97,3.98,3.96,3.97,3.98,3.98,31.94,0.0,31,31,10.7,0,16,-1024,0,0,667,1023,0,0,-1,0,0,0,1,-1,-1,-1,-1,0,0,
2026-03-25,14:09:06.830,7.61,97,99,99,-0.146,1.08,48,0,8.28,-0.166,0.980,0.00,50,0,173.21,-10.71,10,0.00,3.97,3.98,3.97,3.98,3.96,3.97,3.98,3.98,31.94,0.0,31,31,10.7,0,17,-1024,0,0,667,1022,0,0,-1,0,0,0,1,-1,-1,-1,-1,0,0,
2026-03-25,14:09:07.090,7.61,99,99,99,-0.119,1.07,50,0,8.28,-0.198,0.962,-0.03,47,0,173.15,-10.98,10,0.00,3.97,3.98,3.97,3.98,3.96,3.97,3.98,3.98,31.94,0.0,31,31,10.7,0,16,-1024,0,0,667,1022,0,0,-1,0,0,0,1,-1,-1,-1,-1,0,0,
2026-03-25,14:09:07.360,7.61,98,99,99,-0.078,1.06,48,0,8.28,-0.220,1.009,0.00,46,0,173.18,-10.91,10,0.00,3.97,3.98,3.97,3.98,3.96,3.97,3.98,3.98,31.94,0.0,31,31,10.7,0,16,-1024,0,0,667,1022,0,0,-1,0,0,0,1,-1,-1,-1,-1,0,0,
2026-03-25,14:09:07.620,7.61,99,99,99,-0.096,1.03,48,0,8.28,-0.201,0.986,-0.07,47,0,173.18,-10.80,10,0.00,3.97,3.98,3.97,3.98,3.96,3.97,3.98,3.98,31.94,0.0,31,31,10.7,0,17,-1024,0,0,667,1022,0,0,-1,0,0,0,1,-1,-1,-1,-1,0,0,
2026-03-25,14:09:07.890,7.61,98,99,99,-0.094,1.09,48,0,8.28,-0.193,0.950,0.05,49,0,173.13,-10.88,10,0.00,3.97,3.98,3.97,3.98,3.96,3.97,3.98,3.98,31.94,0.0,31,31,10.7,0,16,-1024,0,0,667,1022,0,0,-1,0,0,0,1,-1,-1,-1,-1,0,0,
2026-03-25,14:09:08.150,7.61,98,99,99,-0.046,1.14,49,0,8.28,-0.185,0.971,0.16,47,0,173.08,-10.85,10,0.00,3.97,3.98,3.97,3.98,3.96,3.97,3.98,3.98,31.94,0.0,31,31,10.7,0,16,-1024,0,0,667,1022,0,0,-1,0,0,0,1,-1,-1,-1,-1,0,0,
2026-03-25,14:09:08.410,7.61,97,99,99,-0.100,1.15,48,0,8.28,-0.172,0.975,0.07,44,0,173.15,-10.78,10,0.00,3.97,3.98,3.97,3.98,3.96,3.97,3.98,3.98,31.94,0.0,31,31,10.7,0,16,-1024,0,0,667,1023,0,0,-1,0,0,0,1,-1,-1,-1,-1,0,0,
2026-03-25,14:09:08.670,7.61,98,99,99,-0.099,1.08,48,0,8.28,-0.187,0.972,-0.06,43,0,173.15,-10.78,10,0.00,3.97,3.98,3.97,3.98,3.96,3.97,3.98,3.98,31.94,0.0,31,31,10.7,0,16,-1023,0,0,667,1023,0,0,-1,0,0,0,1,-1,-1,-1,-1,0,0,
2026-03-25,14:09:08.940,7.61,98,99,99,-0.135,1.08,48,0,8.28,-0.198,0.971,-0.06,47,0,173.16,-11.07,10,0.00,3.97,3.98,3.97,3.98,3.96,3.97,3.98,3.98,31.94,0.0,31,31,10.7,0,17,-1016,0,0,667,1023,0,0,-1,0,0,0,1,-1,-1,-1,-1,0,0,
2026-03-25,14:09:09.210,7.61,100,100,99,-0.126,1.08,49,0,8.28,-0.171,1.008,-0.01,48,0,173.11,-10.92,10,0.00,3.97,3.98,3.97,3.98,3.96,3.97,3.98,3.98,31.94,0.0,31,31,10.7,0,16,-1023,0,0,667,1023,0,0,-1,0,0,0,1,-1,-1,-1,-1,0,0,
2026-03-25,14:09:09.470,7.61,99,99,99,-0.075,1.04,49,0,8.28,-0.183,0.976,-0.08,49,0,173.15,-10.78,10,0.00,3.97,3.98,3.97,3.98,3.96,3.97,3.98,3.98,31.94,0.0,31,31,10.7,0,16,-1024,0,0,667,1022,0,0,-1,0,0,0,1,-1,-1,-1,-1,0,0,
2026-03-25,14:09:09.740,7.61,99,99,99,-0.099,1.04,49,0,8.28,-0.162,0.975,-0.08,48,0,173.11,-10.84,10,0.00,3.97,3.98,3.97,3.98,3.96,3.97,3.98,3.98,31.94,0.0,31,31,12.4,0,16,-1024,0,0,666,1022,0,0,-1,0,0,0,1,-1,-1,-1,-1,0,0,
2026-03-25,14:09:10.010,7.61,99,99,99,-0.154,1.03,49,0,8.28,-0.175,0.941,-0.03,51,0,173.11,-10.84,10,0.00,3.97,3.98,3.97,3.98,3.96,3.97,3.98,3.98,31.94,0.0,31,31,10.7,0,16,-1024,0,0,667,1023,0,0,-1,0,0,0,1,-1,-1,-1,-1,0,0,
2026-03-25,14:09:10.270,7.61,100,100,100,-0.124,1.06,50,0,8.28,-0.180,0.977,0.05,51,0,173.11,-10.85,10,0.00,3.97,3.98,3.97,3.98,3.97,3.97,3.98,3.98,31.94,0.0,31,31,10.7,0,16,-1024,0,0,667,1022,0,0,-1,0,0,0,1,-1,-1,-1,-1,0,0,
2026-03-25,14:09:10.540,7.61,100,100,100,-0.097,1.08,51,0,8.25,-0.185,0.988,0.09,50,0,173.11,-10.88,10,0.00,3.97,3.98,3.97,3.98,3.97,3.97,3.98,3.98,31.94,0.0,31,31,10.7,0,-927,-1024,49,0,667,1022,0,0,-1,0,0,0,1,-1,-1,-1,-1,0,0,
2026-03-25,14:09:10.810,7.61,99,100,100,-0.097,1.06,51,0,8.24,-0.173,0.925,-0.02,47,0,173.12,-10.89,10,0.00,3.97,3.98,3.97,3.98,3.97,3.97,3.98,3.97,31.94,0.0,31,31,12.4,0,-308,-1024,0,0,667,1022,0,0,-1,0,0,0,1,-1,-1,-1,-1,0,0,
2026-03-25,14:09:11.070,7.61,99,100,100,-0.124,1.08,50,0,8.24,-0.211,0.931,0.00,46,0,173.13,-10.93,10,0.00,3.97,3.98,3.97,3.98,3.97,3.97,3.98,3.97,31.94,0.0,31,31,12.4,0,6,-1024,0,0,667,1022,0,0,-1,0,0,0,1,-1,-1,-1,-1,0,0,
2026-03-25,14:09:11.330,7.61,99,99,99,-0.118,1.11,51,0,8.25,-0.181,0.951,0.09,47,0,173.14,-10.86,10,0.00,3.97,3.98,3.97,3.98,3.97,3.97,3.98,3.97,31.94,0.0,31,31,10.7,0,15,-1024,0,0,667,1022,0,0,-1,0,0,0,1,-1,-1,-1,-1,0,0,
2026-03-25,14:09:11.600,7.61,100,100,99,-0.126,1.10,50,0,8.27,-0.178,0.978,0.00,46,0,173.13,-10.89,10,0.00,3.97,3.98,3.97,3.98,3.96,3.97,3.98,3.97,31.94,0.0,31,31,12.4,0,16,-1024,0,0,667,1022,0,0,-1,0,0,0,1,-1,-1,-1,-1,0,0,
2026-03-25,14:09:11.860,7.60,99,99,98,-0.123,1.12,49,0,8.28,-0.188,0.967,0.06,46,0,173.13,-10.88,10,0.00,3.97,3.98,3.97,3.98,3.96,3.97,3.98,3.98,31.94,0.0,31,31,12.4,0,15,-1024,0,0,667,1022,0,0,-1,0,0,0,1,-1,-1,-1,-1,0,0,
2026-03-25,14:09:12.130,7.61,99,99,98,-0.120,1.10,49,0,8.28,-0.186,0.965,-0.02,49,0,173.13,-10.88,10,0.00,3.97,3.98,3.97,3.98,3.96,3.97,3.98,3.98,31.94,0.0,31,31,12.4,0,16,-1024,0,0,667,1023,0,0,-1,0,0,0,1,-1,-1,-1,-1,0,0,
2026-03-25,14:09:12.390,7.61,99,99,98,-0.119,1.09,50,0,8.28,-0.187,0.962,-0.03,47,0,173.12,-10.89,10,0.00,3.97,3.98,3.97,3.98,3.96,3.97,3.98,3.98,31.94,0.0,31,31,12.4,0,16,-1024,0,0,667,1022,0,0,-1,0,0,0,1,-1,-1,-1,-1,0,0,
2026-03-25,14:09:12.650,7.61,99,99,98,-0.119,1.02,51,0,8.28,-0.187,0.964,-0.08,47,0,173.13,-10.90,10,0.00,3.97,3.98,3.97,3.98,3.96,3.97,3.98,3.98,31.94,0.0,31,31,10.7,0,16,-1024,0,0,667,1023,0,0,-1,0,0,0,1,-1,-1,-1,-1,0,0,
2026-03-25,14:09:12.920,7.61,99,99,98,-0.118,1.06,51,0,8.28,-0.187,0.964,0.01,46,0,173.12,-10.89,10,0.00,3.97,3.98,3.97,3.98,3.97,3.97,3.98,3.98,31.94,0.0,31,31,10.7,0,16,-1024,0,0,667,1022,0,0,-1,0,0,0,1,-1,-1,-1,-1,0,0,
2026-03-25,14:09:13.190,7.61,99,99,98,-0.117,1.10,52,0,8.28,-0.189,0.963,0.07,46,0,173.12,-10.90,10,0.00,3.97,3.98,3.97,3.98,3.97,3.97,3.98,3.98,31.94,0.0,31,31,10.7,0,16,-1024,0,0,667,1022,0,0,-1,0,0,0,1,-1,-1,-1,-1,0,0,
2026-03-25,14:09:13.450,7.61,99,99,98,-0.116,1.08,53,0,8.28,-0.188,0.964,0.02,51,0,173.12,-10.90,10,0.00,3.97,3.98,3.97,3.98,3.97,3.97,3.98,3.98,31.94,0.0,31,31,10.7,0,16,-1024,0,0,667,1023,0,0,-1,0,0,0,1,-1,-1,-1,-1,0,0,
2026-03-25,14:09:13.710,7.61,99,99,98,-0.116,1.16,54,0,8.28,-0.189,0.963,0.14,53,0,173.12,-10.90,10,0.00,3.97,3.98,3.98,3.98,3.97,3.97,3.98,3.98,31.94,0.0,31,31,12.4,0,16,-1024,0,0,667,1022,0,0,-1,0,0,0,1,-1,-1,-1,-1,0,0,
2026-03-25,14:09:13.970,7.61,98,98,98,-0.116,1.17,53,0,8.28,-0.187,0.964,0.11,51,0,173.12,-10.91,10,0.00,3.97,3.98,3.98,3.98,3.97,3.97,3.98,3.98,31.94,0.0,31,31,10.7,0,16,-1024,0,0,667,1022,0,0,-1,0,0,0,1,-1,-1,-1,-1,0,0,
2026-03-25,14:09:14.240,7.61,99,99,98,-0.117,1.10,53,0,8.28,-0.189,0.963,-0.07,53,0,173.13,-10.91,10,0.00,3.97,3.98,3.98,3.98,3.97,3.97,3.98,3.98,31.93,0.0,31,31,12.4,0,16,-1024,0,0,667,1022,0,0,-1,0,0,0,1,-1,-1,-1,-1,0,0,
2026-03-25,14:09:14.500,7.61,98,98,98,-0.116,1.13,53,0,8.28,-0.189,0.962,-0.01,50,0,173.13,-10.91,10,0.00,3.97,3.98,3.98,3.98,3.97,3.97,3.98,3.98,31.93,0.0,31,31,10.7,0,17,-1024,0,0,667,1023,0,0,-1,0,0,0,1,-1,-1,-1,-1,0,0,
2026-03-25,14:09:14.760,7.61,99,99,98,-0.115,1.18,53,0,8.28,-0.189,0.965,0.10,51,0,173.13,-10.92,10,0.00,3.97,3.98,3.98,3.98,3.97,3.97,3.98,3.98,31.93,0.0,31,31,10.7,0,16,-1024,0,0,667,1022,0,0,-1,0,0,0,1,-1,-1,-1,-1,0,0,
2026-03-25,14:09:15.020,7.61,97,98,98,-0.114,1.16,52,0,8.28,-0.189,0.965,0.02,52,0,173.13,-10.91,10,0.00,3.97,3.98,3.98,3.98,3.97,3.97,3.98,3.98,31.93,0.0,31,31,10.7,0,17,-1024,0,0,667,1022,0,0,-1,0,0,0,1,-1,-1,-1,-1,0,0,
2026-03-25,14:09:15.280,7.61,97,99,99,-0.114,1.16,51,0,8.28,-0.188,0.964,0.00,53,0,173.13,-10.91,10,0.00,3.97,3.98,3.98,3.98,3.97,3.98,3.98,3.98,31.93,0.0,31,31,10.7,0,16,-1024,0,0,667,1022,0,0,-1,0,0,0,1,-1,-1,-1,-1,0,0,
2026-03-25,14:09:15.550,7.61,97,99,99,-0.114,1.07,51,0,8.28,-0.188,0.964,-0.16,52,0,173.13,-10.91,10,0.00,3.97,3.98,3.98,3.98,3.97,3.98,3.98,3.98,31.93,0.0,31,31,10.7,0,16,-1024,0,0,667,1023,0,0,-1,0,0,0,1,-1,-1,-1,-1,0,0,
2026-03-25,14:09:15.820,7.61,99,100,100,-0.115,1.09,51,0,8.28,-0.188,0.964,-0.02,54,0,173.13,-10.91,10,0.00,3.97,3.98,3.98,3.98,3.97,3.98,3.98,3.98,31.94,0.0,31,31,12.4,0,17,-1024,0,0,667,1022,0,0,-1,0,0,0,1,-1,-1,-1,-1,0,0,
2026-03-25,14:09:16.090,7.61,98,100,100,-0.117,1.05,52,0,8.28,-0.187,0.963,-0.05,54,0,173.13,-10.91,10,0.00,3.97,3.98,3.98,3.98,3.97,3.98,3.98,3.98,31.94,0.0,31,31,12.4,0,16,-1024,0,0,667,1022,0,0,-1,0,0,0,1,-1,-1,-1,-1,0,0,
2026-03-25,14:09:16.360,7.61,98,100,100,-0.117,1.10,53,0,8.28,-0.189,0.964,0.02,54,0,173.13,-10.91,10,0.00,3.97,3.98,3.98,3.98,3.97,3.98,3.98,3.98,31.94,0.0,31,31,12.4,0,16,-1024,0,0,666,1022,0,0,-1,0,0,0,1,-1,-1,-1,-1,0,0,
2026-03-25,14:09:16.630,7.61,99,100,100,-0.118,1.15,53,0,8.28,-0.188,0.963,0.14,54,0,173.13,-10.92,10,0.00,3.97,3.98,3.98,3.98,3.97,3.98,3.98,3.98,31.94,0.0,31,31,12.4,0,17,-1024,0,0,667,1022,0,0,-1,0,0,0,1,-1,-1,-1,-1,0,0,
2026-03-25,14:09:16.900,7.61,99,100,100,-0.117,1.12,54,0,8.28,-0.188,0.963,0.00,54,0,173.13,-10.92,10,0.00,3.97,3.98,3.98,3.98,3.97,3.98,3.98,3.98,31.94,0.0,31,31,10.7,0,16,-1024,0,0,667,1023,0,0,-1,0,0,0,1,-1,-1,-1,-1,0,0,
2026-03-25,14:09:17.170,7.61,99,100,100,-0.118,1.16,54,0,8.28,-0.188,0.963,0.06,56,0,173.13,-10.92,10,0.00,3.97,3.98,3.98,3.98,3.97,3.98,3.98,3.98,31.94,0.0,31,31,12.4,0,17,-1024,0,0,667,1023,0,0,-1,0,0,0,1,-1,-1,-1,-1,0,0,
2026-03-25,14:09:17.430,7.61,99,100,100,-0.118,1.14,55,0,8.28,-0.188,0.965,-0.01,49,0,173.13,-10.92,10,0.00,3.97,3.98,3.98,3.98,3.97,3.98,3.98,3.98,31.94,0.0,31,31,12.4,0,17,-1024,0,0,667,1023,0,0,-1,0,0,0,1,-1,-1,-1,-1,0,0,
2026-03-25,14:09:17.690,7.61,100,100,100,-0.118,1.09,55,0,8.28,-0.187,0.963,-0.05,48,0,173.14,-10.92,10,0.00,3.97,3.98,3.98,3.98,3.97,3.97,3.98,3.98,31.94,0.0,31,31,12.4,0,17,-1024,0,0,667,1023,0,0,-1,0,0,0,1,-1,-1,-1,-1,0,0,
2026-03-25,14:09:17.960,7.61,100,100,100,-0.118,1.11,54,0,8.28,-0.187,0.964,-0.03,50,0,173.14,-10.92,10,0.00,3.97,3.98,3.98,3.98,3.97,3.97,3.98,3.97,31.94,0.0,31,31,10.7,0,16,-1024,0,0,667,1023,0,0,-1,0,0,0,1,-1,-1,-1,-1,0,0,
2026-03-25,14:09:18.220,7.61,100,100,100,-0.118,1.10,54,0,8.28,-0.188,0.963,0.00,49,0,173.14,-10.92,10,0.00,3.97,3.98,3.98,3.98,3.97,3.97,3.98,3.97,31.94,0.0,31,31,10.7,0,16,-1024,0,0,667,1022,0,0,-1,0,0,0,1,-1,-1,-1,-1,0,0,
2026-03-25,14:09:18.480,7.61,100,100,100,-0.117,1.12,53,0,8.28,-0.187,0.963,0.00,48,0,173.14,-10.92,10,0.00,3.97,3.98,3.98,3.98,3.97,3.97,3.98,3.97,31.94,0.0,31,31,12.4,0,16,-1024,0,0,666,1023,0,0,-1,0,0,0,1,-1,-1,-1,-1,0,0,
2026-03-25,14:09:18.740,7.61,100,100,100,-0.085,1.09,52,0,8.28,-0.178,0.962,-0.01,51,0,173.11,-10.94,10,0.00,3.97,3.98,3.98,3.98,3.97,3.97,3.98,3.97,31.94,0.0,31,31,10.7,0,17,-1024,0,0,667,1022,0,0,-1,0,0,0,1,-1,-1,-1,-1,0,0,
2026-03-25,14:09:19.000,7.61,99,100,100,-0.131,1.11,52,0,8.28,-0.200,0.962,-0.02,53,0,173.11,-10.96,10,0.00,3.97,3.98,3.98,3.98,3.97,3.97,3.98,3.98,31.94,0.0,31,31,10.7,0,17,-1024,0,0,667,1022,0,0,-1,0,0,0,1,-1,-1,-1,-1,0,0,
2026-03-25,14:09:19.260,7.61,98,100,100,-0.116,1.11,51,0,8.28,-0.193,0.967,0.00,53,0,173.11,-10.96,10,0.00,3.97,3.98,3.98,3.98,3.97,3.97,3.98,3.98,31.94,0.0,31,31,12.4,0,17,-1024,0,0,667,1022,0,0,-1,0,0,0,1,-1,-1,-1,-1,0,0,
2026-03-25,14:09:19.520,7.61,98,100,100,-0.133,1.11,51,0,8.28,-0.188,0.961,-0.01,53,0,173.18,-10.89,10,0.00,3.97,3.98,3.98,3.98,3.97,3.97,3.98,3.98,31.94,0.0,31,31,10.7,0,16,-1024,0,0,667,1023,0,0,-1,0,0,0,1,-1,-1,-1,-1,0,0,
2026-03-25,14:09:19.790,7.60,99,100,100,-0.140,1.08,52,0,8.28,-0.182,0.965,-0.01,49,0,173.20,-10.82,10,0.00,3.97,3.98,3.98,3.98,3.97,3.97,3.98,3.98,31.94,0.0,31,31,10.7,0,16,-1024,0,0,667,1023,0,0,-1,0,0,0,1,-1,-1,-1,-1,0,0,
2026-03-25,14:09:20.050,7.61,100,100,99,-0.109,1.09,54,0,8.28,-0.187,0.970,0.00,55,0,173.18,-10.83,10,0.00,3.97,3.98,3.98,3.98,3.97,3.98,3.98,3.98,31.94,0.0,31,31,12.4,0,16,-1024,0,0,667,1022,0,0,-1,0,0,0,1,-1,-1,-1,-1,0,0,
2026-03-25,14:09:20.310,7.61,100,100,99,-0.104,1.11,55,0,8.28,-0.189,0.964,0.02,60,0,173.18,-10.84,10,0.00,3.97,3.98,3.98,3.98,3.97,3.98,3.98,3.98,31.94,0.0,31,31,10.7,0,16,-1024,0,0,667,1023,0,0,-1,0,0,0,1,-1,-1,-1,-1,0,0,
2026-03-25,14:09:20.580,7.61,100,100,99,-0.136,1.11,57,0,8.28,-0.192,0.975,0.04,59,0,173.22,-10.90,10,0.00,3.97,3.98,3.98,3.98,3.97,3.98,3.98,3.98,31.94,0.0,31,31,12.4,0,16,-1024,0,0,667,1023,0,0,-1,0,0,0,1,-1,-1,-1,-1,0,0,
2026-03-25,14:09:20.840,7.61,100,100,99,-0.107,1.11,57,0,8.28,-0.189,0.966,-0.01,58,0,173.20,-10.89,10,0.00,3.97,3.98,3.98,3.98,3.97,3.98,3.98,3.98,31.94,0.0,31,31,10.7,0,16,-1024,0,0,667,1023,0,0,-1,0,0,0,1,-1,-1,-1,-1,0,0,
2026-03-25,14:09:21.110,7.61,100,100,99,-0.107,1.09,57,0,8.28,-0.201,0.966,-0.04,60,0,173.20,-10.91,10,0.00,3.97,3.98,3.98,3.98,3.97,3.97,3.98,3.98,31.94,0.0,31,31,12.4,0,16,-1024,0,0,667,1023,0,0,-1,0,0,0,1,-1,-1,-1,-1,0,0,
2026-03-25,14:09:21.380,7.61,100,100,99,-0.123,1.09,56,0,8.28,-0.193,0.961,0.00,57,0,173.19,-10.89,10,0.00,3.97,3.98,3.98,3.98,3.97,3.97,3.98,3.98,31.94,0.0,31,31,12.4,0,16,-1024,0,0,667,1022,0,0,-1,0,0,0,1,-1,-1,-1,-1,0,0,
2026-03-25,14:09:21.650,7.61,100,100,99,-0.134,1.08,57,0,8.28,-0.184,0.962,-0.03,61,0,173.19,-10.89,10,0.00,3.97,3.98,3.98,3.98,3.97,3.97,3.98,3.98,31.94,0.0,31,31,12.4,0,16,-1024,0,0,667,1023,0,0,-1,0,0,0,1,-1,-1,-1,-1,0,0,
2026-03-25,14:09:21.910,7.61,100,100,99,-0.129,1.09,58,0,8.28,-0.188,0.960,0.01,60,0,173.17,-10.90,10,0.00,3.97,3.98,3.98,3.98,3.97,3.97,3.98,3.98,31.94,0.0,31,31,12.4,0,16,-1024,0,0,667,1022,0,0,-1,0,0,0,1,-1,-1,-1,-1,0,0,
2026-03-25,14:09:22.180,7.61,100,100,99,-0.104,1.09,57,0,8.28,-0.192,0.964,0.00,58,0,173.14,-10.89,10,0.00,3.97,3.98,3.98,3.98,3.97,3.97,3.98,3.98,31.94,0.0,31,31,12.4,0,16,-1024,0,0,667,1022,0,0,-1,0,0,0,1,-1,-1,-1,-1,0,0,
2026-03-25,14:09:22.440,7.60,100,100,99,-0.128,1.09,57,0,8.28,-0.195,0.978,0.00,55,0,173.17,-10.89,10,0.00,3.97,3.98,3.98,3.98,3.97,3.98,3.98,3.98,31.94,0.0,31,31,12.4,0,16,-1024,0,0,667,1022,0,0,-1,0,0,0,1,-1,-1,-1,-1,0,0,
2026-03-25,14:09:22.710,7.60,100,100,99,-0.112,1.15,56,0,8.28,-0.187,0.957,0.13,53,0,173.14,-10.94,10,0.00,3.97,3.98,3.98,3.98,3.97,3.98,3.98,3.98,31.94,0.0,31,31,12.4,0,16,-1024,0,0,667,1022,0,0,-1,0,0,0,1,-1,-1,-1,-1,0,0,
2026-03-25,14:09:22.970,7.61,100,100,99,-0.120,1.23,56,0,8.28,-0.183,0.955,0.23,56,0,173.17,-10.94,10,0.00,3.97,3.98,3.98,3.98,3.97,3.98,3.98,3.98,31.94,0.0,31,31,12.4,0,17,-1024,0,0,667,1022,0,0,-1,0,0,0,1,-1,-1,-1,-1,0,0,
2026-03-25,14:09:23.230,7.61,100,100,99,-0.125,1.22,56,0,8.28,-0.184,0.958,0.05,56,0,173.13,-10.85,10,0.00,3.97,3.98,3.98,3.98,3.97,3.98,3.98,3.98,31.94,0.0,31,31,12.4,0,16,-1024,0,0,667,1022,0,0,-1,0,0,0,1,-1,-1,-1,-1,0,0,
2026-03-25,14:09:23.510,7.61,100,100,99,-0.115,1.20,54,0,8.28,-0.185,0.966,0.00,57,0,173.10,-10.87,10,0.00,3.97,3.98,3.98,3.98,3.97,3.97,3.98,3.98,31.94,0.0,31,31,12.4,0,17,-1024,0,0,667,1022,0,0,-1,0,0,0,1,-1,-1,-1,-1,0,0,
2026-03-25,14:09:23.780,7.61,99,99,99,-0.117,1.17,52,0,8.28,-0.182,0.966,-0.07,57,0,173.11,-10.89,10,0.00,3.97,3.98,3.98,3.98,3.97,3.97,3.98,3.98,31.94,0.0,31,31,12.4,0,16,-1024,0,0,667,1022,0,0,-1,0,0,0,1,-1,-1,-1,-1,0,0,
2026-03-25,14:09:24.050,7.61,99,100,100,-0.120,1.15,51,0,8.28,-0.186,0.961,-0.04,57,0,173.11,-10.91,10,0.00,3.97,3.98,3.98,3.98,3.97,3.97,3.98,3.98,31.94,0.0,31,31,12.4,0,16,-1024,0,0,667,1023,0,0,-1,0,0,0,1,-1,-1,-1,-1,0,0,
2026-03-25,14:09:24.320,7.60,99,100,100,-0.123,1.15,52,0,8.28,-0.187,0.958,-0.03,52,0,173.09,-10.91,10,0.00,3.97,3.98,3.98,3.98,3.97,3.97,3.98,3.98,31.94,0.0,31,31,12.4,0,16,-1024,0,0,667,1022,0,0,-1,0,0,0,1,-1,-1,-1,-1,0,0,
2026-03-25,14:09:24.580,7.61,98,100,100,-0.117,1.19,52,0,8.28,-0.195,0.965,0.04,54,0,173.02,-10.91,10,0.00,3.97,3.98,3.97,3.98,3.97,3.97,3.98,3.98,31.94,0.0,31,31,12.4,0,16,-1024,0,0,667,1022,0,0,-1,0,0,0,1,-1,-1,-1,-1,0,0,
2026-03-25,14:09:24.840,7.61,97,100,100,-0.127,1.18,52,0,8.28,-0.159,0.991,0.02,56,0,172.94,-10.71,10,0.00,3.97,3.98,3.97,3.98,3.97,3.98,3.98,3.98,31.94,0.0,31,31,12.4,0,16,-1024,0,0,666,1022,0,0,-1,0,0,0,1,-1,-1,-1,-1,0,0,
2026-03-25,14:09:25.110,7.60,97,99,99,-0.124,1.15,52,0,8.28,-0.195,0.957,-0.07,55,0,172.92,-10.76,10,0.00,3.97,3.98,3.97,3.98,3.97,3.98,3.98,3.98,31.94,0.0,31,31,12.4,0,16,-1024,0,0,667,1022,0,0,-1,0,0,0,1,-1,-1,-1,-1,0,0,
2026-03-25,14:09:25.370,7.60,98,99,99,-0.117,1.15,52,0,8.28,-0.185,0.967,-0.03,59,0,172.96,-10.83,10,0.00,3.97,3.98,3.97,3.98,3.97,3.98,3.98,3.98,31.94,0.0,31,31,12.4,0,16,-1024,0,0,666,1023,0,0,-1,0,0,0,1,-1,-1,-1,-1,0,0,
2026-03-25,14:09:25.640,7.61,99,99,99,-0.122,1.16,52,0,8.28,-0.187,0.962,0.04,59,0,172.97,-10.86,10,0.00,3.97,3.98,3.97,3.98,3.97,3.98,3.98,3.98,31.94,0.0,31,31,12.4,0,16,-1024,0,0,667,1023,0,0,-1,0,0,0,1,-1,-1,-1,-1,0,0,
2026-03-25,14:09:25.900,7.61,98,99,99,-0.121,1.19,53,0,8.28,-0.187,0.966,0.05,58,0,172.96,-10.87,10,0.00,3.97,3.98,3.97,3.98,3.97,3.98,3.98,3.98,31.94,0.0,31,31,12.4,0,17,-1024,0,0,667,1022,0,0,-1,0,0,0,1,-1,-1,-1,-1,0,0,
2026-03-25,14:09:26.160,7.61,99,99,99,-0.177,1.20,53,0,8.28,-0.195,0.920,0.06,50,0,172.89,-10.86,10,0.00,3.97,3.98,3.97,3.98,3.97,3.98,3.98,3.98,31.94,0.0,31,31,12.4,0,16,-1024,0,0,667,1023,0,0,-1,0,0,0,1,-1,-1,-1,-1,0,0,
2026-03-25,14:09:26.430,7.61,98,99,99,-0.021,1.19,53,0,8.28,-0.197,1.130,-0.03,51,0,174.50,-11.44,10,0.00,3.97,3.98,3.97,3.98,3.97,3.98,3.98,3.98,31.94,0.0,31,31,12.4,0,16,-1024,0,0,666,1023,0,0,-1,0,0,0,1,-1,-1,-1,-1,0,0,
2026-03-25,14:09:26.700,7.61,96,99,99,-0.013,1.27,53,0,8.28,-0.176,1.049,0.11,54,0,178.64,-12.06,10,0.00,3.97,3.98,3.97,3.98,3.97,3.98,3.98,3.98,31.94,0.0,31,31,12.4,0,16,-1024,0,0,667,1023,0,0,-1,0,0,0,1,-1,-1,-1,-1,0,0,
2026-03-25,14:09:26.960,7.61,96,98,98,-0.013,1.38,54,0,8.28,-0.227,1.038,0.25,52,0,179.92,-11.23,10,0.00,3.97,3.98,3.97,3.98,3.97,3.98,3.98,3.98,31.94,0.0,31,31,12.4,0,16,-1024,0,0,667,1022,0,0,-1,0,0,0,1,-1,-1,-1,-1,0,0,
2026-03-25,14:09:27.220,7.61,95,97,97,-0.072,1.47,55,0,8.28,-0.149,0.778,0.30,55,0,-177.18,-10.71,10,0.00,3.97,3.98,3.97,3.98,3.97,3.98,3.98,3.98,31.94,0.0,31,31,12.4,0,17,-1024,0,0,667,1023,0,0,-1,0,0,0,1,-1,-1,-1,-1,0,0,
2026-03-25,14:09:27.480,7.61,98,98,97,-0.028,1.57,56,0,8.28,-0.108,0.790,0.30,60,0,-176.98,-9.13,10,0.00,3.97,3.98,3.97,3.98,3.97,3.98,3.98,3.98,31.94,0.0,31,31,10.7,0,16,-1024,0,0,667,1022,0,0,-1,0,0,0,1,-1,-1,-1,-1,0,0,
2026-03-25,14:09:27.750,7.61,97,97,97,0.037,1.63,57,0,8.28,-0.098,1.061,0.27,63,0,-177.92,-4.09,10,0.00,3.97,3.98,3.97,3.98,3.97,3.98,3.98,3.98,31.94,0.0,31,31,12.4,0,16,-1024,0,0,667,1022,0,0,-1,0,0,0,1,-1,-1,-1,-1,0,0,
2026-03-25,14:09:28.010,7.61,99,99,97,0.012,1.66,59,0,8.28,-0.049,0.993,0.16,64,0,-179.53,-3.11,10,0.00,3.97,3.98,3.97,3.98,3.97,3.98,3.98,3.98,31.94,0.0,31,31,10.7,0,17,-1024,0,0,667,1022,0,0,-1,0,0,0,1,-1,-1,-1,-1,0,0,
2026-03-25,14:09:28.280,7.61,99,99,97,-0.025,1.67,60,0,8.28,-0.074,1.057,0.10,62,0,174.96,-4.63,10,0.00,3.97,3.98,3.97,3.98,3.97,3.98,3.98,3.98,31.94,0.0,31,31,12.4,0,16,-1024,0,0,667,1023,0,0,-1,0,0,0,1,-1,-1,-1,-1,0,0,
2026-03-25,14:09:28.550,7.61,99,99,97,-0.161,1.78,59,0,8.28,-0.176,0.875,0.23,59,0,175.62,-10.19,10,0.00,3.97,3.98,3.97,3.98,3.97,3.98,3.98,3.98,31.94,0.0,31,31,12.4,0,16,-1024,0,0,667,1022,0,0,-1,0,0,0,1,-1,-1,-1,-1,0,0,
2026-03-25,14:09:28.810,7.61,99,99,97,-0.034,1.77,58,0,8.28,-0.148,0.972,0.13,57,0,175.47,-12.36,10,0.00,3.97,3.98,3.97,3.98,3.97,3.98,3.98,3.98,31.94,0.0,31,31,12.4,0,17,-1024,0,0,667,1022,0,0,-1,0,0,0,1,-1,-1,-1,-1,0,0,
2026-03-25,14:09:29.080,7.61,98,98,98,-0.012,1.80,59,0,8.28,-0.160,0.939,0.06,62,0,175.47,-12.36,10,0.00,3.97,3.98,3.97,3.98,3.97,3.98,3.98,3.98,31.94,0.0,31,31,12.4,0,17,-1024,0,0,667,1022,0,0,-1,0,0,0,1,-1,-1,-1,-1,0,0,
2026-03-25,14:09:29.340,7.61,99,99,98,-0.137,1.80,57,0,8.28,-0.072,0.950,0.05,62,0,174.04,-7.52,10,0.00,3.97,3.98,3.97,3.98,3.97,3.98,3.98,3.98,31.94,0.0,31,31,12.4,0,16,-1024,0,0,667,1023,0,0,-1,0,0,0,1,-1,-1,-1,-1,0,0,
2026-03-25,14:09:29.600,7.60,97,98,98,-0.150,1.85,57,0,8.28,-0.143,1.070,0.08,65,0,172.99,-6.68,10,0.00,3.97,3.98,3.97,3.98,3.97,3.98,3.98,3.98,31.94,0.0,31,31,12.4,0,16,-1024,0,0,667,1023,0,0,-1,0,0,0,1,-1,-1,-1,-1,0,0,
2026-03-25,14:09:29.860,7.61,95,98,98,-0.126,1.81,59,0,8.28,-0.166,0.851,-0.02,64,0,174.00,-8.33,10,0.00,3.97,3.98,3.97,3.98,3.97,3.98,3.98,3.98,31.94,0.0,31,31,12.4,0,16,-1024,0,0,667,1023,0,0,-1,0,0,0,1,-1,-1,-1,-1,0,0,
2026-03-25,14:09:30.120,7.61,95,98,98,-0.045,1.80,57,0,8.28,-0.118,1.041,-0.06,64,0,173.22,-7.04,10,0.00,3.97,3.98,3.97,3.98,3.97,3.98,3.98,3.98,31.94,0.0,31,31,10.7,0,16,-1024,0,0,667,1023,0,0,-1,0,0,0,1,-1,-1,-1,-1,0,0,
2026-03-25,14:09:30.390,7.61,96,98,98,-0.116,1.85,56,0,8.28,-0.029,0.895,0.04,60,0,177.35,-6.16,10,0.00,3.97,3.98,3.97,3.98,3.97,3.98,3.98,3.98,31.94,0.0,31,31,12.4,0,16,-1024,0,0,667,1023,0,0,-1,0,0,0,1,-1,-1,-1,-1,0,0,
2026-03-25,14:09:30.650,7.61,97,98,98,-0.102,1.89,54,0,8.28,-0.180,1.093,0.15,61,0,174.91,-5.55,10,0.00,3.97,3.98,3.97,3.98,3.97,3.98,3.98,3.98,31.94,0.0,31,31,12.4,0,16,-1024,0,0,667,1022,0,0,-1,0,0,0,1,-1,-1,-1,-1,0,0,
2026-03-25,14:09:30.920,7.60,96,99,99,-0.134,1.80,54,0,8.28,-0.180,0.863,-0.10,65,0,176.78,-7.80,10,0.00,3.97,3.98,3.97,3.98,3.97,3.98,3.98,3.98,31.94,0.0,31,31,12.4,0,16,-1024,0,0,667,1023,0,0,-1,0,0,0,1,-1,-1,-1,-1,0,0,
2026-03-25,14:09:31.190,7.61,98,100,100,0.062,1.81,53,0,8.28,-0.213,1.123,-0.06,66,0,174.53,-6.99,10,0.00,3.97,3.98,3.97,3.98,3.97,3.98,3.98,3.98,31.94,0.0,31,31,12.4,0,16,-1024,0,0,667,1022,0,0,-1,0,0,0,1,-1,-1,-1,-1,0,0,
2026-03-25,14:09:31.460,7.61,98,100,100,-0.073,1.84,53,0,8.28,0.010,0.823,0.04,70,0,177.16,-7.68,10,0.00,3.97,3.98,3.97,3.98,3.97,3.98,3.98,3.98,31.94,0.0,31,31,12.4,0,16,-1024,0,0,667,1023,0,0,-1,0,0,0,1,-1,-1,-1,-1,0,0,
2026-03-25,14:09:31.720,7.61,100,100,100,-0.057,1.83,55,0,8.28,-0.268,1.168,-0.01,71,0,174.82,-8.69,10,0.00,3.97,3.98,3.97,3.98,3.97,3.98,3.98,3.98,31.94,0.0,31,31,10.7,0,16,-1024,0,0,667,1023,0,0,-1,0,0,0,1,-1,-1,-1,-1,0,0,
2026-03-25,14:09:31.980,7.61,100,100,100,-0.097,1.86,59,0,8.28,-0.090,0.850,0.10,71,0,176.02,-10.34,10,0.00,3.97,3.98,3.97,3.98,3.97,3.97,3.98,3.98,31.94,0.0,31,31,12.4,0,16,-1024,0,0,667,1022,0,0,-1,0,0,0,1,-1,-1,-1,-1,0,0,
2026-03-25,14:09:32.240,7.61,100,100,100,-0.018,1.81,61,0,8.28,-0.269,1.160,0.04,69,0,176.44,-9.69,10,0.00,3.97,3.98,3.97,3.98,3.97,3.97,3.98,3.98,31.94,0.0,31,31,12.4,0,16,-1024,0,0,667,1022,0,0,-1,0,0,0,1,-1,-1,-1,-1,0,0,
2026-03-25,14:09:32.500,7.61,100,100,100,-0.019,1.81,61,0,8.28,-0.103,0.807,-0.06,76,0,178.02,-9.17,10,0.00,3.97,3.98,3.97,3.98,3.97,3.97,3.98,3.98,31.94,0.0,31,31,8.9,0,16,-1024,0,0,667,1022,0,0,-1,0,0,0,1,-1,-1,-1,-1,0,0,
2026-03-25,14:09:32.760,7.61,100,100,100,-0.015,1.83,61,0,8.28,-0.117,1.040,0.02,82,0,177.63,-9.22,10,0.00,3.97,3.98,3.97,3.98,3.97,3.97,3.98,3.98,31.94,0.0,31,31,12.4,0,16,-1024,0,0,667,1022,0,0,-1,0,0,0,1,-1,-1,-1,-1,0,0,
2026-03-25,14:09:33.030,7.60,100,100,100,0.000,1.81,62,0,8.28,-0.096,0.654,-0.03,85,0,176.29,-10.65,10,0.00,3.97,3.98,3.97,3.98,3.97,3.97,3.98,3.98,31.94,0.0,31,31,12.4,0,16,-1024,0,0,667,1022,0,0,-1,0,0,0,1,-1,-1,-1,-1,0,0,
2026-03-25,14:09:33.290,7.61,100,100,100,-0.060,1.84,64,0,8.28,-0.220,1.033,0.03,87,0,176.93,-10.26,10,0.00,3.97,3.98,3.97,3.98,3.97,3.98,3.98,3.98,31.94,0.0,31,31,12.4,0,16,-1024,0,0,667,1022,0,0,-1,0,0,0,1,-1,-1,-1,-1,0,0,
2026-03-25,14:09:33.560,7.61,100,100,100,-0.029,1.85,65,0,8.28,-0.069,0.700,0.04,88,0,177.62,-8.05,10,0.00,3.97,3.98,3.97,3.98,3.97,3.98,3.98,3.98,31.94,0.0,31,31,12.4,0,16,-1024,0,0,667,1022,0,0,-1,0,0,0,1,-1,-1,-1,-1,0,0,
2026-03-25,14:09:33.820,7.61,100,100,100,-0.086,1.79,66,0,8.28,-0.215,1.245,-0.05,85,0,176.47,-7.92,10,0.00,3.97,3.98,3.97,3.98,3.97,3.98,3.98,3.98,31.94,0.0,31,31,12.4,0,16,-1024,0,0,667,1023,0,0,-1,0,0,0,1,-1,-1,-1,-1,0,0,
2026-03-25,14:09:34.090,7.61,100,100,100,-0.077,1.78,67,0,8.28,-0.022,0.645,-0.11,82,0,177.30,-9.27,10,0.00,3.97,3.98,3.97,3.98,3.97,3.98,3.98,3.98,31.94,0.0,31,31,10.7,0,16,-1024,0,0,667,1022,0,0,-1,0,0,0,1,-1,-1,-1,-1,0,0,
2026-03-25,14:09:34.350,7.61,100,100,100,0.041,1.78,69,0,8.28,-0.219,1.289,-0.04,80,0,176.67,-7.31,10,0.00,3.97,3.98,3.97,3.98,3.97,3.98,3.98,3.98,31.94,0.0,31,31,12.4,0,16,-1024,0,0,667,1023,0,0,-1,0,0,0,1,-1,-1,-1,-1,0,0,
2026-03-25,14:09:34.610,7.61,100,100,100,0.029,1.80,69,0,8.28,-0.134,0.848,0.04,79,0,176.82,-6.84,10,0.00,3.97,3.98,3.97,3.98,3.97,3.98,3.98,3.98,31.94,0.0,31,31,10.7,0,16,-1024,0,0,667,1022,0,0,-1,0,0,0,1,-1,-1,-1,-1,0,0,
2026-03-25,14:09:34.890,7.61,100,100,100,-0.019,1.76,70,0,8.28,-0.192,1.160,-0.06,73,0,178.38,-9.03,10,0.00,3.97,3.98,3.97,3.98,3.97,3.98,3.98,3.98,31.95,0.0,31,31,10.7,0,17,-1024,0,0,666,1022,0,0,-1,0,0,0,1,-1,-1,-1,-1,0,0,
2026-03-25,14:09:35.160,7.61,100,100,100,-0.054,1.81,70,0,8.28,-0.171,0.843,0.06,75,0,178.48,-14.02,10,0.00,3.97,3.98,3.97,3.98,3.97,3.98,3.98,3.98,31.95,0.0,31,31,10.7,0,17,-1024,0,0,667,1023,0,0,-1,0,0,0,1,-1,-1,-1,-1,0,0,
2026-03-25,14:09:35.430,7.61,100,100,100,-0.082,1.84,71,0,8.28,-0.440,1.035,0.06,75,0,178.90,-16.43,10,0.00,3.97,3.98,3.97,3.98,3.97,3.98,3.98,3.98,31.94,0.0,31,31,10.7,0,16,-1024,0,0,667,1023,0,0,-1,0,0,0,1,-1,-1,-1,-1,0,0,
2026-03-25,14:09:35.690,7.61,100,100,100,0.015,1.86,72,0,8.28,-0.305,0.781,0.06,79,0,177.66,-18.19,10,0.00,3.97,3.98,3.97,3.98,3.96,3.98,3.98,3.98,31.94,0.0,31,31,10.7,0,17,-1024,0,0,667,1022,0,0,-1,0,0,0,1,-1,-1,-1,-1,0,0,
2026-03-25,14:09:35.950,7.61,100,100,100,-0.014,1.87,72,0,8.28,-0.229,0.998,0.06,79,0,176.24,-16.68,10,0.00,3.97,3.98,3.97,3.98,3.96,3.98,3.98,3.98,31.95,0.0,31,31,10.7,0,16,-1024,0,0,667,1022,0,0,-1,0,0,0,1,-1,-1,-1,-1,0,0,
2026-03-25,14:09:36.210,7.61,100,100,100,-0.067,1.88,72,0,8.28,-0.148,0.810,0.03,78,0,176.93,-13.37,10,0.00,3.97,3.98,3.97,3.98,3.96,3.98,3.98,3.98,31.95,0.0,31,31,10.7,0,17,-1024,0,0,667,1022,0,0,-1,0,0,0,1,-1,-1,-1,-1,0,0,
2026-03-25,14:09:36.470,7.61,100,100,100,0.037,1.87,72,0,8.28,-0.166,1.073,0.00,79,0,177.07,-7.80,10,0.00,3.97,3.98,3.97,3.98,3.96,3.98,3.98,3.98,31.95,0.0,31,31,12.4,0,16,-1024,0,0,667,1023,0,0,-1,0,0,0,1,-1,-1,-1,-1,0,0,
2026-03-25,14:09:36.740,7.61,100,100,100,0.004,1.83,71,0,8.28,-0.095,0.791,-0.07,79,0,179.57,-7.14,10,0.00,3.97,3.98,3.97,3.98,3.97,3.98,3.98,3.98,31.95,0.0,31,31,10.7,0,16,-1024,0,0,667,1023,0,0,-1,0,0,0,1,-1,-1,-1,-1,0,0,
2026-03-25,14:09:37.010,7.61,100,100,100,-0.086,1.80,72,0,8.26,-0.104,1.095,-0.11,83,0,176.98,-5.92,10,0.00,3.97,3.98,3.97,3.98,3.97,3.98,3.98,3.98,31.95,0.0,31,31,8.9,0,16,-1024,0,0,667,1022,0,0,-1,0,0,0,1,-1,-1,-1,-1,0,0,
2026-03-25,14:09:37.270,7.61,100,100,100,-0.028,1.79,73,0,8.27,-0.104,0.731,-0.08,86,0,178.71,-7.85,10,0.00,3.97,3.98,3.97,3.98,3.97,3.98,3.98,3.98,31.96,0.0,31,31,10.7,0,17,-1024,0,0,667,1022,0,0,-1,0,0,0,1,-1,-1,-1,-1,0,0,
2026-03-25,14:09:37.530,7.61,100,100,100,0.017,1.80,74,0,8.27,-0.156,1.317,0.00,91,0,178.35,-5.99,10,0.00,3.97,3.98,3.97,3.98,3.97,3.98,3.98,3.98,31.96,0.0,31,31,8.9,0,17,-1024,0,0,667,1023,0,0,-1,0,0,0,1,-1,-1,-1,-1,0,0,
2026-03-25,14:09:37.800,7.61,100,100,100,-0.054,1.82,75,0,8.28,-0.083,0.856,0.04,94,0,-178.20,-6.24,10,0.00,3.97,3.98,3.97,3.98,3.97,3.98,3.98,3.98,31.96,0.0,31,31,8.9,0,16,-1024,0,0,667,1022,0,0,-1,0,0,0,1,-1,-1,-1,-1,0,0,
2026-03-25,14:09:38.070,7.61,100,100,100,-0.027,1.85,78,0,8.28,-0.098,1.176,0.05,97,0,157.27,-5.63,10,0.00,3.97,3.98,3.97,3.98,3.97,3.98,3.98,3.98,31.96,0.0,31,31,8.9,0,17,-1024,0,0,667,1023,0,0,-1,0,0,0,1,-1,-1,-1,-1,0,0,
2026-03-25,14:09:38.330,7.61,100,100,100,-0.044,1.84,78,0,8.28,-0.127,0.755,0.00,99,0,-162.47,-8.89,10,0.00,3.97,3.98,3.97,3.98,3.97,3.98,3.98,3.98,31.96,0.0,31,31,8.9,0,16,-1024,0,0,667,1022,0,0,-1,0,0,0,1,-1,-1,-1,-1,0,0,
2026-03-25,14:09:38.600,7.61,100,100,100,-0.080,1.82,78,0,8.28,-0.158,1.126,-0.01,99,0,150.65,-7.34,10,0.00,3.97,3.98,3.97,3.98,3.97,3.98,3.98,3.98,31.96,0.0,31,31,8.9,0,16,-1024,0,0,667,1023,0,0,-1,0,0,0,1,-1,-1,-1,-1,0,0,
2026-03-25,14:09:38.860,7.61,100,100,100,0.000,1.80,78,0,8.28,-0.097,0.848,-0.05,100,0,-107.41,-6.59,10,0.00,3.97,3.98,3.97,3.98,3.97,3.98,3.98,3.98,31.96,0.0,31,31,10.7,0,16,-1024,0,0,667,1022,0,0,-1,0,0,0,1,-1,-1,-1,-1,0,0,
2026-03-25,14:09:39.130,7.61,100,100,100,-0.049,1.85,78,0,8.28,-0.175,1.130,0.03,100,0,175.25,-6.19,10,0.00,3.97,3.98,3.97,3.98,3.97,3.98,3.98,3.98,31.96,0.0,31,31,10.7,0,16,-1024,0,0,667,1022,0,0,-1,0,0,0,1,-1,-1,-1,-1,0,0,
2026-03-25,14:09:39.390,7.61,100,100,100,-0.018,1.84,80,0,8.28,-0.114,0.774,0.02,100,0,178.39,-8.79,10,0.00,3.97,3.98,3.97,3.98,3.97,3.98,3.98,3.98,31.95,0.0,31,31,10.7,0,16,-1024,0,0,667,1023,0,0,-1,0,0,0,1,-1,-1,-1,-1,0,0,
2026-03-25,14:09:39.660,7.61,100,100,100,-0.021,1.84,82,0,8.28,-0.154,1.113,-0.01,100,0,177.13,-7.68,10,0.00,3.97,3.98,3.97,3.98,3.97,3.98,3.98,3.98,31.95,0.0,31,31,10.7,0,16,-1024,0,0,667,1023,0,0,-1,0,0,0,1,-1,-1,-1,-1,0,0,
2026-03-25,14:09:39.920,7.61,100,100,100,0.037,1.85,82,0,8.28,-0.140,0.973,0.02,100,0,95.14,-8.22,10,0.00,3.97,3.98,3.97,3.98,3.97,3.98,3.98,3.98,31.95,0.0,31,31,10.7,0,16,-1024,0,0,667,1022,0,0,-1,0,0,0,1,-1,-1,-1,-1,0,0,
2026-03-25,14:09:40.190,7.61,100,100,100,0.006,1.83,81,0,8.28,-0.098,0.961,-0.02,100,0,175.90,-8.25,10,0.00,3.97,3.98,3.97,3.98,3.97,3.98,3.98,3.98,31.95,0.0,31,31,10.7,0,16,-1024,0,0,667,1023,0,0,-1,0,0,0,1,-1,-1,-1,-1,0,0,
2026-03-25,14:09:40.460,7.60,99,100,100,-0.058,1.79,80,0,8.28,-0.210,0.899,-0.07,100,0,179.51,-10.85,10,0.00,3.97,3.98,3.97,3.98,3.97,3.98,3.98,3.98,31.96,0.0,31,31,10.7,0,16,-1024,0,0,667,1023,0,0,-1,0,0,0,1,-1,-1,-1,-1,0,0,
2026-03-25,14:09:40.740,7.60,99,100,100,-0.088,1.77,81,0,8.28,-0.157,0.909,-0.01,100,0,178.41,-10.54,10,0.00,3.97,3.98,3.97,3.98,3.97,3.98,3.98,3.98,31.96,0.0,31,31,8.9,0,16,-1024,0,0,667,1023,0,0,-1,0,0,0,1,-1,-1,-1,-1,0,0,
2026-03-25,14:09:41.010,7.61,100,100,100,-0.056,1.78,83,0,8.28,-0.162,0.966,0.04,100,0,45.67,-9.96,10,0.00,3.97,3.98,3.97,3.98,3.97,3.98,3.98,3.98,31.96,0.0,31,31,10.7,0,16,-1024,0,0,667,1023,0,0,-1,0,0,0,1,-1,-1,-1,-1,0,0,
2026-03-25,14:09:41.270,7.61,100,100,100,-0.034,1.74,83,0,8.28,-0.204,0.820,-0.05,100,0,177.74,-9.91,10,0.00,3.97,3.98,3.97,3.98,3.97,3.98,3.98,3.98,31.96,0.0,31,31,8.9,0,16,-1024,0,0,667,1023,0,0,-1,0,0,0,1,-1,-1,-1,-1,0,0,
2026-03-25,14:09:41.530,7.61,100,100,100,-0.003,1.82,85,0,8.28,-0.225,1.141,0.08,100,0,-124.39,-9.13,10,0.00,3.97,3.98,3.97,3.98,3.97,3.98,3.98,3.98,31.96,0.0,31,31,8.9,0,16,-1024,0,0,667,1022,0,0,-1,0,0,0,1,-1,-1,-1,-1,0,0,
2026-03-25,14:09:41.790,7.60,100,100,100,-0.026,1.76,84,0,8.28,-0.058,1.007,-0.01,100,0,166.74,-7.49,10,0.00,3.97,3.98,3.97,3.98,3.97,3.98,3.98,3.98,31.96,0.0,31,31,8.9,0,16,-1024,0,0,667,1022,0,0,-1,0,0,0,1,-1,-1,-1,-1,0,0,
2026-03-25,14:09:42.050,7.61,100,100,100,-0.026,1.78,82,0,8.28,-0.138,1.178,0.00,100,0,178.83,-5.96,10,0.00,3.97,3.98,3.97,3.98,3.97,3.98,3.98,3.98,31.96,0.0,31,31,8.9,0,16,-1024,0,0,667,1023,0,0,-1,0,0,0,1,-1,-1,-1,-1,0,0,
2026-03-25,14:09:42.320,7.61,100,100,100,-0.031,1.80,83,0,8.28,-0.088,0.994,0.04,100,0,179.35,-6.01,10,0.00,3.97,3.98,3.97,3.98,3.97,3.98,3.98,3.98,31.95,0.0,31,31,10.7,0,16,-1024,0,0,667,1023,0,0,-1,0,0,0,1,-1,-1,-1,-1,0,0,
2026-03-25,14:09:42.580,7.61,100,100,100,-0.025,1.77,83,0,8.28,-0.228,1.246,-0.04,100,0,178.71,-5.29,10,0.00,3.97,3.98,3.97,3.98,3.97,3.98,3.98,3.98,31.95,0.0,31,31,10.7,0,16,-1024,0,0,667,1022,0,0,-1,0,0,0,1,-1,-1,-1,-1,0,0,
2026-03-25,14:09:42.840,7.61,100,100,100,-0.051,1.77,81,0,8.28,-0.170,1.025,0.00,100,0,155.60,-7.26,10,0.00,3.97,3.98,3.97,3.98,3.97,3.98,3.98,3.98,31.95,0.0,31,31,8.9,0,16,-1024,0,0,667,1023,0,0,-1,0,0,0,1,-1,-1,-1,-1,0,0,
2026-03-25,14:09:43.100,7.61,100,100,100,-0.013,1.76,79,0,8.28,-0.101,1.183,0.00,98,0,177.10,-6.71,10,0.00,3.97,3.98,3.97,3.98,3.97,3.98,3.98,3.98,31.95,0.0,31,31,8.9,0,16,-1024,0,0,667,1022,0,0,-1,0,0,0,1,-1,-1,-1,-1,0,0,
2026-03-25,14:09:43.360,7.61,100,100,100,-0.018,1.71,76,0,8.28,-0.161,0.930,-0.14,99,0,177.68,-9.24,10,0.00,3.97,3.98,3.97,3.98,3.97,3.98,3.98,3.98,31.96,0.0,31,31,8.9,0,16,-1024,0,0,667,1022,0,0,-1,0,0,0,1,-1,-1,-1,-1,0,0,
2026-03-25,14:09:43.620,7.61,99,100,100,-0.058,1.73,75,0,8.28,-0.164,0.822,-0.02,94,0,176.62,-8.74,10,0.00,3.97,3.98,3.97,3.98,3.97,3.98,3.98,3.98,31.96,0.0,31,31,8.9,0,16,-1024,0,0,667,1023,0,0,-1,0,0,0,1,-1,-1,-1,-1,0,0,
2026-03-25,14:09:43.890,7.61,99,100,100,-0.060,1.75,76,0,8.28,-0.148,0.819,0.02,95,0,177.54,-9.16,10,0.00,3.97,3.98,3.97,3.98,3.97,3.98,3.98,3.98,31.96,0.0,31,31,8.9,0,16,-1024,0,0,667,1022,0,0,-1,0,0,0,1,-1,-1,-1,-1,0,0,
2026-03-25,14:09:44.160,7.61,99,100,100,-0.060,1.74,78,0,8.28,-0.062,1.077,0.03,97,0,176.08,-4.17,10,0.00,3.97,3.98,3.97,3.98,3.97,3.98,3.98,3.98,31.96,0.0,31,31,8.9,0,17,-1024,0,0,667,1022,0,0,-1,0,0,0,1,-1,-1,-1,-1,0,0,
2026-03-25,14:09:44.420,7.61,100,100,100,-0.055,1.79,79,0,8.28,-0.024,0.827,0.05,95,0,176.50,-4.09,10,0.00,3.97,3.98,3.97,3.98,3.97,3.98,3.98,3.98,31.95,0.0,32,31,10.7,0,17,-1024,0,0,667,1022,0,0,-1,0,0,0,1,-1,-1,-1,-1,0,0,
2026-03-25,14:09:44.690,7.61,100,100,100,-0.162,1.77,80,0,8.28,-0.144,1.083,0.06,93,0,172.46,-2.96,10,0.00,3.97,3.98,3.97,3.98,3.97,3.98,3.98,3.98,31.95,0.0,32,31,10.7,0,16,-1024,0,0,667,1022,0,0,-1,0,0,0,1,-1,-1,-1,-1,0,0,
2026-03-25,14:09:44.950,7.60,100,100,100,-0.135,1.75,82,0,8.28,0.036,0.884,-0.04,97,0,169.48,-3.69,10,0.00,3.97,3.98,3.97,3.98,3.97,3.98,3.98,3.98,31.95,0.0,32,31,10.7,0,16,-1024,0,0,667,1022,0,0,-1,0,0,0,1,-1,-1,-1,-1,0,0,
2026-03-25,14:09:45.210,7.61,100,100,100,-0.244,1.75,84,0,8.28,-0.069,1.079,-0.04,98,0,166.69,-2.62,10,0.00,3.97,3.98,3.97,3.98,3.97,3.98,3.98,3.98,31.95,0.0,32,31,6.1,0,16,-1024,0,0,667,1023,0,0,-1,0,0,0,1,-1,-1,-1,-1,0,0,
2026-03-25,14:09:45.480,7.61,100,100,100,-0.176,1.80,85,0,8.28,-0.085,0.885,0.06,99,0,168.98,-4.60,10,0.00,3.97,3.98,3.97,3.98,3.97,3.98,3.98,3.98,31.96,0.0,32,31,10.7,0,16,-1024,0,0,667,1023,0,0,-1,0,0,0,1,-1,-1,-1,-1,0,0,
2026-03-25,14:09:45.750,7.61,100,100,100,-0.278,1.86,86,0,8.28,-0.100,1.006,0.17,99,0,166.78,-2.88,10,0.00,3.97,3.98,3.97,3.98,3.97,3.98,3.98,3.98,31.96,0.0,32,31,8.9,0,16,-1024,0,0,667,1022,0,0,-1,0,0,0,1,-1,-1,-1,-1,0,0,
2026-03-25,14:09:46.020,7.61,100,100,100,-0.102,1.84,86,0,8.28,-0.032,0.841,0.08,99,0,172.36,-2.06,10,0.00,3.97,3.98,3.97,3.98,3.97,3.98,3.98,3.98,31.96,0.0,32,31,8.9,0,17,-1024,0,0,666,1023,0,0,-1,0,0,0,1,-1,-1,-1,-1,0,0,
2026-03-25,14:09:46.280,7.61,100,100,100,-0.145,1.93,87,0,8.28,0.017,1.071,0.12,100,0,171.74,2.33,10,0.00,3.97,3.98,3.97,3.98,3.97,3.98,3.98,3.98,31.96,0.0,32,31,8.9,0,16,-1024,0,0,667,1023,0,0,-1,0,0,0,1,-1,-1,-1,-1,0,0,
2026-03-25,14:09:46.540,7.60,100,100,100,-0.058,2.03,87,0,8.28,0.084,0.928,0.16,100,0,172.74,2.48,10,0.00,3.97,3.98,3.97,3.98,3.97,3.98,3.98,3.98,31.96,0.0,32,31,8.9,0,16,-1024,0,0,666,1022,0,0,-1,0,0,0,1,-1,-1,-1,-1,0,0,
2026-03-25,14:09:46.810,7.61,100,100,100,-0.291,2.01,88,0,8.28,-0.029,1.051,0.03,99,0,171.37,1.54,10,0.00,3.97,3.98,3.97,3.98,3.97,3.98,3.98,3.98,31.96,0.0,32,31,10.7,0,17,-1024,0,0,667,1022,0,0,-1,0,0,0,1,-1,-1,-1,-1,0,0,
2026-03-25,14:09:47.070,7.61,100,100,100,-0.132,2.09,90,0,8.28,0.009,0.912,0.16,99,0,171.22,-0.59,10,0.00,3.97,3.98,3.97,3.98,3.97,3.98,3.98,3.98,31.96,0.0,32,31,10.7,0,16,-1024,0,0,667,1022,0,0,-1,0,0,0,1,-1,-1,-1,-1,0,0,
2026-03-25,14:09:47.330,7.61,100,100,100,-0.195,2.06,92,0,8.28,-0.149,1.033,0.02,100,0,169.97,-3.58,10,0.00,3.97,3.98,3.97,3.98,3.97,3.98,3.98,3.98,31.96,0.0,32,31,10.7,0,16,-1024,0,0,667,1022,0,0,-1,0,0,0,1,-1,-1,-1,-1,0,0,
2026-03-25,14:09:47.590,7.61,100,100,100,-0.105,2.07,94,0,8.28,-0.108,0.954,0.03,100,0,170.61,-5.47,10,0.00,3.97,3.98,3.97,3.98,3.97,3.98,3.98,3.98,31.96,0.0,32,31,10.7,0,16,-1024,0,0,667,1022,0,0,-1,0,0,0,1,-1,-1,-1,-1,0,0,
2026-03-25,14:09:47.850,7.60,100,100,100,-0.187,2.09,94,0,8.28,-0.124,0.909,0.05,100,0,170.70,-6.67,10,0.00,3.97,3.98,3.97,3.98,3.97,3.98,3.98,3.98,31.96,0.0,32,31,10.7,0,16,-1024,0,0,667,1022,0,0,-1,0,0,0,1,-1,-1,-1,-1,0,0,
2026-03-25,14:09:48.110,7.61,100,100,100,-0.167,2.14,95,0,8.28,-0.036,0.966,0.10,100,0,170.29,-6.12,10,0.00,3.97,3.98,3.97,3.98,3.97,3.98,3.98,3.98,31.96,0.0,32,31,8.9,0,16,-1024,0,0,667,1023,0,0,-1,0,0,0,1,-1,-1,-1,-1,0,0,
2026-03-25,14:09:48.370,7.60,100,100,100,-0.118,2.16,96,0,8.28,-0.060,1.041,0.11,100,0,172.24,-6.34,10,0.00,3.97,3.98,3.97,3.98,3.97,3.98,3.98,3.98,31.96,0.0,32,31,8.9,0,16,-1024,0,0,667,1022,0,0,-1,0,0,0,1,-1,-1,-1,-1,0,0,
2026-03-25,14:09:48.630,7.61,100,100,100,-0.056,2.18,97,0,8.28,-0.126,0.904,0.05,100,0,172.38,-9.25,10,0.00,3.97,3.98,3.98,3.98,3.97,3.98,3.98,3.98,31.96,0.0,32,31,8.9,0,16,-1024,0,0,667,1023,0,0,-1,0,0,0,1,-1,-1,-1,-1,0,0,
2026-03-25,14:09:48.910,7.61,100,100,100,-0.079,2.05,98,0,8.28,-0.137,0.933,-0.21,96,0,172.44,-11.79,10,0.00,3.97,3.98,3.98,3.98,3.97,3.98,3.98,3.98,31.96,0.0,32,31,10.7,0,16,-1024,0,0,667,1022,0,0,-1,0,0,0,1,-1,-1,-1,-1,0,0,
2026-03-25,14:09:49.180,7.61,100,100,100,-0.168,2.07,98,0,8.28,-0.254,1.015,-0.07,95,0,171.07,-14.58,10,0.00,3.97,3.98,3.98,3.98,3.97,3.98,3.98,3.98,31.96,0.0,32,31,6.1,0,17,-1024,0,0,667,1022,0,0,-1,0,0,0,1,-1,-1,-1,-1,0,0,
2026-03-25,14:09:49.450,7.60,100,100,100,-0.112,1.93,97,0,8.28,-0.210,1.172,-0.21,97,0,169.93,-12.74,10,0.00,3.97,3.98,3.98,3.98,3.97,3.98,3.98,3.98,31.96,0.0,32,31,6.1,0,16,-1024,0,0,667,1023,0,0,-1,0,0,0,1,-1,-1,-1,-1,0,0,
2026-03-25,14:09:49.710,7.61,100,100,100,0.001,1.87,97,0,8.28,-0.215,1.050,-0.18,99,0,170.50,-10.72,10,0.00,3.97,3.98,3.98,3.98,3.97,3.98,3.98,3.98,31.96,0.0,32,31,8.9,0,16,-1024,0,0,667,1023,0,0,-1,0,0,0,1,-1,-1,-1,-1,0,0,
2026-03-25,14:09:49.980,7.61,100,100,100,-0.082,1.81,96,0,8.28,-0.122,1.095,-0.23,99,0,171.86,-9.67,10,0.00,3.97,3.98,3.98,3.98,3.97,3.98,3.98,3.98,31.96,0.0,32,31,8.9,0,16,-1024,0,0,667,1022,0,0,-1,0,0,0,1,-1,-1,-1,-1,0,0,
2026-03-25,14:09:50.250,7.61,100,100,100,-0.054,1.76,94,0,8.26,-0.089,1.056,-0.17,100,0,171.11,-9.99,10,0.00,3.97,3.98,3.98,3.98,3.97,3.98,3.98,3.98,31.96,0.0,32,31,8.9,0,16,-1024,0,0,667,1022,0,0,-1,0,0,0,1,-1,-1,-1,-1,0,0,
2026-03-25,14:09:50.520,7.60,100,100,100,-0.107,1.76,92,0,8.27,-0.228,1.006,-0.09,100,0,172.91,-12.58,10,0.00,3.97,3.98,3.98,3.98,3.97,3.98,3.98,3.98,31.96,0.0,32,31,10.7,0,16,-1024,0,0,667,1023,0,0,-1,0,0,0,1,-1,-1,-1,-1,0,0,
2026-03-25,14:09:50.780,7.61,100,100,100,-0.151,1.73,94,0,8.28,-0.149,0.870,-0.07,97,0,173.16,-10.71,10,0.00,3.97,3.98,3.98,3.98,3.97,3.98,3.98,3.98,31.96,0.0,32,31,6.1,0,16,-1024,0,0,667,1022,0,0,-1,0,0,0,1,-1,-1,-1,-1,0,0,
2026-03-25,14:09:51.040,7.61,100,100,100,-0.075,1.68,95,0,8.26,-0.211,0.998,-0.12,99,0,175.33,-11.13,10,0.00,3.97,3.98,3.98,3.98,3.97,3.98,3.98,3.98,31.96,0.0,32,31,8.9,0,16,-1024,0,0,667,1022,0,0,-1,0,0,0,1,-1,-1,-1,-1,0,0,
2026-03-25,14:09:51.310,7.61,100,100,100,-0.087,1.60,95,0,8.27,-0.315,0.928,-0.23,99,0,173.39,-12.60,10,0.00,3.97,3.98,3.98,3.98,3.97,3.98,3.98,3.98,31.96,0.0,32,31,10.7,0,16,-1024,0,0,667,1023,0,0,-1,0,0,0,1,-1,-1,-1,-1,0,0,
2026-03-25,14:09:51.580,7.61,100,100,100,-0.135,1.59,96,0,8.28,-0.135,1.020,-0.14,100,0,174.83,-13.47,10,0.00,3.97,3.98,3.98,3.98,3.97,3.98,3.98,3.98,31.96,0.0,32,31,10.7,0,16,-1024,0,0,667,1023,0,0,-1,0,0,0,1,-1,-1,-1,-1,0,0,
2026-03-25,14:09:51.840,7.61,100,100,100,-0.039,1.61,96,0,8.28,-0.295,1.099,-0.01,100,0,173.28,-10.29,10,0.00,3.97,3.98,3.98,3.98,3.97,3.98,3.98,3.98,31.96,0.0,32,31,6.1,0,16,-1024,0,0,667,1022,0,0,-1,0,0,0,1,-1,-1,-1,-1,0,0,
2026-03-25,14:09:52.100,7.61,100,100,100,-0.081,1.59,96,0,8.28,-0.132,0.914,-0.04,99,0,172.73,-9.90,10,0.00,3.97,3.98,3.98,3.98,3.97,3.98,3.98,3.98,31.96,0.0,32,31,10.7,0,17,-1024,0,0,667,1023,0,0,-1,0,0,0,1,-1,-1,-1,-1,0,0,
2026-03-25,14:09:52.360,7.61,100,100,100,-0.183,1.56,95,0,8.28,-0.331,1.061,-0.07,100,0,173.58,-10.98,10,0.00,3.97,3.98,3.98,3.98,3.97,3.98,3.98,3.98,31.96,0.0,32,31,8.9,0,16,-1024,0,0,667,1022,0,0,-1,0,0,0,1,-1,-1,-1,-1,0,0,
2026-03-25,14:09:52.620,7.61,100,100,100,-0.102,1.61,93,0,8.28,-0.165,0.875,0.11,97,0,170.63,-12.36,10,0.00,3.97,3.98,3.98,3.98,3.97,3.98,3.98,3.98,31.96,0.0,32,31,6.1,0,16,-1024,0,0,667,1023,0,0,-1,0,0,0,1,-1,-1,-1,-1,0,0,
2026-03-25,14:09:52.880,7.61,100,100,100,-0.110,1.64,91,0,8.28,-0.314,1.129,0.13,99,0,172.08,-11.92,10,0.00,3.97,3.98,3.98,3.98,3.97,3.98,3.98,3.98,31.96,0.0,32,31,10.7,0,17,-1024,0,0,667,1023,0,0,-1,0,0,0,1,-1,-1,-1,-1,0,0,
2026-03-25,14:09:53.150,7.61,100,100,100,-0.079,1.62,91,0,8.28,-0.220,0.899,0.00,95,0,171.63,-12.39,10,0.00,3.97,3.98,3.98,3.98,3.97,3.98,3.98,3.98,31.96,0.0,32,31,8.9,0,16,-1024,0,0,667,1022,0,0,-1,0,0,0,1,-1,-1,-1,-1,0,0,
2026-03-25,14:09:53.420,7.61,100,100,100,-0.238,1.63,90,0,8.28,-0.196,0.753,0.02,94,0,171.81,-13.70,10,0.00,3.97,3.98,3.98,3.98,3.97,3.98,3.98,3.98,31.96,0.0,32,31,10.7,0,16,-1024,0,0,667,1023,0,0,-1,0,0,0,1,-1,-1,-1,-1,0,0,
2026-03-25,14:09:53.680,7.60,100,100,100,-0.150,1.61,88,0,8.28,-0.172,0.773,-0.02,89,0,168.02,-15.59,10,0.00,3.97,3.98,3.98,3.98,3.97,3.98,3.98,3.98,31.96,0.0,32,31,10.7,0,17,-1024,0,0,667,1022,0,0,-1,0,0,0,1,-1,-1,-1,-1,0,0,
2026-03-25,14:09:53.940,7.61,100,100,100,-0.188,1.60,87,0,8.28,-0.226,0.856,-0.04,88,0,170.34,-14.72,10,0.00,3.97,3.98,3.98,3.98,3.97,3.98,3.98,3.98,31.96,0.0,32,31,10.7,0,17,-1024,0,0,667,1022,0,0,-1,0,0,0,1,-1,-1,-1,-1,0,0,
2026-03-25,14:09:54.200,7.61,100,100,100,-0.129,1.58,87,0,8.28,-0.194,0.805,-0.04,81,0,170.70,-15.63,10,0.00,3.97,3.98,3.98,3.98,3.97,3.98,3.98,3.98,31.96,0.0,32,31,6.1,0,17,-1024,0,0,667,1023,0,0,-1,0,0,0,1,-1,-1,-1,-1,0,0,
2026-03-25,14:09:54.460,7.61,100,100,99,-0.181,1.54,86,0,8.28,-0.253,0.818,-0.09,86,0,168.66,-17.31,10,0.00,3.97,3.98,3.98,3.98,3.97,3.98,3.98,3.98,31.96,0.0,32,31,8.9,0,16,-1024,0,0,667,1023,0,0,-1,0,0,0,1,-1,-1,-1,-1,0,0,
2026-03-25,14:09:54.720,7.61,100,100,99,-0.137,1.56,83,0,8.28,-0.191,0.714,-0.04,86,0,169.19,-17.81,10,0.00,3.97,3.98,3.98,3.98,3.97,3.98,3.98,3.98,31.96,0.0,32,31,10.7,0,17,-1024,0,0,667,1022,0,0,-1,0,0,0,1,-1,-1,-1,-1,0,0,
2026-03-25,14:09:54.980,7.61,100,100,99,-0.140,1.55,81,0,8.28,-0.207,0.977,-0.01,86,0,169.29,-12.82,10,0.00,3.97,3.98,3.98,3.98,3.97,3.98,3.98,3.98,31.96,0.0,32,31,6.1,0,17,-1024,0,0,667,1023,0,0,-1,0,0,0,1,-1,-1,-1,-1,0,0,
2026-03-25,14:09:55.240,7.61,100,100,99,-0.153,1.57,84,0,8.28,-0.291,0.770,0.03,89,0,171.17,-11.83,10,0.00,3.97,3.98,3.98,3.98,3.97,3.98,3.98,3.98,31.96,0.0,32,31,10.7,0,16,-1024,0,0,667,1023,0,0,-1,0,0,0,1,-1,-1,-1,-1,0,0,
2026-03-25,14:09:55.520,7.60,100,100,99,-0.213,1.41,83,0,8.28,-0.190,0.907,-0.24,86,0,167.70,-9.55,10,0.00,3.97,3.98,3.98,3.98,3.97,3.98,3.98,3.98,31.96,0.0,32,31,6.1,0,16,-1024,0,0,667,1022,0,0,-1,0,0,0,1,-1,-1,-1,-1,0,0,
2026-03-25,14:09:55.790,7.61,100,100,99,-0.141,1.34,80,0,8.26,-0.258,1.121,-0.22,79,0,169.12,-9.75,10,0.00,3.97,3.98,3.98,3.98,3.97,3.98,3.98,3.98,31.96,0.0,32,31,10.7,0,16,-1024,0,0,667,1023,0,0,-1,0,0,0,1,-1,-1,-1,-1,0,0,
2026-03-25,14:09:56.050,7.61,100,100,99,-0.212,1.32,76,0,8.27,-0.175,1.020,-0.17,76,0,167.37,-8.20,10,0.00,3.97,3.98,3.98,3.98,3.97,3.98,3.98,3.98,31.96,0.0,32,31,10.7,0,16,-1024,0,0,667,1023,0,0,-1,0,0,0,1,-1,-1,-1,-1,0,0,
2026-03-25,14:09:56.310,7.61,100,100,99,-0.277,1.36,75,0,8.27,-0.146,0.985,0.03,81,0,166.58,-8.42,10,0.00,3.97,3.98,3.98,3.98,3.97,3.98,3.98,3.98,31.96,0.0,32,31,8.9,0,16,-1024,0,0,667,1023,0,0,-1,0,0,0,1,-1,-1,-1,-1,0,0,
2026-03-25,14:09:56.580,7.61,100,100,98,-0.190,1.37,76,0,8.28,-0.113,0.719,0.08,84,0,163.10,-7.79,10,0.00,3.97,3.98,3.98,3.98,3.97,3.98,3.98,3.98,31.96,0.0,32,31,6.1,0,16,-1024,0,0,666,1023,0,0,-1,0,0,0,1,-1,-1,-1,-1,0,0,
2026-03-25,14:09:56.840,7.61,100,100,98,-0.379,1.37,72,0,8.28,-0.168,0.970,0.00,79,0,166.73,-8.81,10,0.00,3.97,3.98,3.98,3.98,3.97,3.98,3.98,3.98,31.96,0.0,32,31,8.9,0,16,-1024,0,0,667,1023,0,0,-1,0,0,0,1,-1,-1,-1,-1,0,0,
2026-03-25,14:09:57.100,7.61,100,100,98,-0.244,1.37,71,0,8.28,-0.149,0.980,0.00,78,0,164.46,-6.60,10,0.00,3.97,3.98,3.98,3.98,3.97,3.98,3.98,3.98,31.96,0.0,32,31,6.1,0,17,-1024,0,0,667,1023,0,0,-1,0,0,0,1,-1,-1,-1,-1,0,0,
2026-03-25,14:09:57.360,7.61,100,100,98,-0.216,1.36,70,0,8.28,-0.090,0.911,-0.03,74,0,166.54,-7.15,10,0.00,3.97,3.98,3.98,3.98,3.97,3.98,3.98,3.98,31.96,0.0,32,31,8.9,0,16,-1024,0,0,667,1022,0,0,-1,0,0,0,1,-1,-1,-1,-1,0,0,
2026-03-25,14:09:57.640,7.60,99,99,98,-0.240,1.35,71,0,8.28,-0.235,0.943,-0.02,77,0,166.22,-8.10,10,0.00,3.97,3.98,3.98,3.98,3.97,3.98,3.98,3.98,31.96,0.0,32,31,8.9,0,16,-1024,0,0,667,1023,0,0,-1,0,0,0,1,-1,-1,-1,-1,0,0,
2026-03-25,14:09:57.910,7.61,99,99,98,-0.210,1.35,71,0,8.28,-0.156,0.862,0.00,79,0,169.22,-8.38,10,0.00,3.97,3.98,3.98,3.98,3.97,3.98,3.98,3.98,31.96,0.0,32,31,6.1,0,17,-1024,0,0,667,1023,0,0,-1,0,0,0,1,-1,-1,-1,-1,0,0,
2026-03-25,14:09:58.170,7.61,99,99,98,-0.143,1.29,72,0,8.28,-0.124,1.021,-0.10,83,0,168.07,-7.93,10,0.00,3.97,3.98,3.98,3.98,3.97,3.98,3.98,3.98,31.96,0.0,32,31,6.1,0,17,-1024,0,0,667,1023,0,0,-1,0,0,0,1,-1,-1,-1,-1,0,0,
2026-03-25,14:09:58.440,7.61,100,100,99,-0.144,1.23,74,0,8.28,-0.121,0.925,-0.20,87,0,170.15,-10.71,10,0.00,3.97,3.98,3.98,3.98,3.97,3.98,3.98,3.98,31.96,0.0,32,31,6.1,0,16,-1024,0,0,667,1022,0,0,-1,0,0,0,1,-1,-1,-1,-1,0,0,
2026-03-25,14:09:58.710,7.61,100,100,99,-0.149,1.27,78,0,8.28,-0.229,0.933,-0.03,88,0,168.41,-11.84,10,0.00,3.97,3.98,3.98,3.98,3.97,3.98,3.98,3.98,31.96,0.0,32,31,6.1,0,16,-1024,0,0,667,1023,0,0,-1,0,0,0,1,-1,-1,-1,-1,0,0,
2026-03-25,14:09:58.970,7.61,100,100,99,-0.227,1.31,78,0,8.28,-0.210,0.903,0.08,88,0,169.74,-13.00,10,0.00,3.97,3.98,3.98,3.98,3.97,3.98,3.98,3.98,31.96,0.0,32,31,8.9,0,16,-1024,0,0,667,1022,0,0,-1,0,0,0,1,-1,-1,-1,-1,0,0,
2026-03-25,14:09:59.240,7.61,100,100,99,-0.190,1.29,78,0,8.28,-0.178,0.981,0.04,87,0,167.51,-11.61,10,0.00,3.97,3.98,3.98,3.98,3.97,3.98,3.98,3.98,31.96,0.0,32,31,6.1,0,17,-1024,0,0,666,1023,0,0,-1,0,0,0,1,-1,-1,-1,-1,0,0,
2026-03-25,14:09:59.500,7.61,100,100,99,-0.259,1.27,79,0,8.28,-0.166,0.956,-0.04,90,0,167.79,-10.72,10,0.00,3.97,3.98,3.98,3.98,3.97,3.98,3.98,3.98,31.96,0.0,32,31,6.1,0,17,-1024,0,0,667,1022,0,0,-1,0,0,0,1,-1,-1,-1,-1,0,0,
2026-03-25,14:09:59.760,7.60,100,100,99,-0.265,1.28,79,0,8.28,-0.224,0.961,0.00,91,0,164.06,-11.29,10,0.00,3.97,3.98,3.98,3.98,3.97,3.98,3.98,3.98,31.96,0.0,32,31,6.1,0,17,-1024,0,0,667,1023,0,0,-1,0,0,0,1,-1,-1,-1,-1,0,0,
2026-03-25,14:10:00.020,7.60,100,100,99,-0.274,1.27,81,0,8.28,-0.211,0.890,0.00,92,0,164.92,-12.17,10,0.00,3.97,3.98,3.98,3.98,3.97,3.98,3.98,3.98,31.96,0.0,32,31,8.9,0,17,-1024,0,0,667,1022,0,0,-1,0,0,0,1,-1,-1,-1,-1,0,0,
2026-03-25,14:10:00.280,7.60,100,100,99,-0.251,1.24,84,0,8.28,-0.206,0.961,-0.11,95,0,163.84,-10.19,10,0.00,3.97,3.98,3.98,3.98,3.97,3.98,3.98,3.98,31.96,0.0,32,31,8.9,0,16,-1024,0,0,667,1022,0,0,-1,0,0,0,1,-1,-1,-1,-1,0,0,
2026-03-25,14:10:00.550,7.61,100,100,100,-0.227,1.23,84,0,8.28,-0.179,0.975,-0.05,96,0,164.13,-8.74,10,0.00,3.97,3.98,3.98,3.98,3.97,3.98,3.98,3.98,31.96,0.0,32,31,6.1,0,17,-1024,0,0,667,1022,0,0,-1,0,0,0,1,-1,-1,-1,-1,0,0,
2026-03-25,14:10:00.810,7.61,100,100,100,-0.217,1.20,83,0,8.28,-0.123,0.965,-0.05,98,0,163.65,-6.71,10,0.00,3.97,3.98,3.98,3.98,3.97,3.98,3.98,3.98,31.96,0.0,32,31,6.1,0,16,-1024,0,0,667,1022,0,0,-1,0,0,0,1,-1,-1,-1,-1,0,0,
2026-03-25,14:10:01.070,7.61,100,100,100,-0.301,1.20,85,0,8.28,-0.120,0.897,-0.03,98,0,163.39,-7.08,10,0.00,3.97,3.98,3.98,3.98,3.97,3.98,3.99,3.98,31.96,0.0,32,31,8.9,0,16,-1024,0,0,667,1022,0,0,-1,0,0,0,1,-1,-1,-1,-1,0,0,
2026-03-25,14:10:01.330,7.60,100,100,100,-0.311,1.18,87,0,8.28,-0.100,0.865,-0.04,99,0,165.14,-8.85,10,0.00,3.97,3.98,3.98,3.98,3.97,3.98,3.99,3.98,31.96,0.0,32,31,8.9,0,17,-1024,0,0,666,1023,0,0,-1,0,0,0,1,-1,-1,-1,-1,0,0,
2026-03-25,14:10:01.590,7.61,100,100,100,-0.146,1.16,86,0,8.28,-0.137,1.024,-0.04,99,0,168.15,-7.40,10,0.00,3.97,3.98,3.98,3.98,3.97,3.98,3.99,3.98,31.96,0.0,32,31,8.9,0,16,-1024,0,0,667,1023,0,0,-1,0,0,0,1,-1,-1,-1,-1,0,0,
2026-03-25,14:10:01.850,7.61,100,100,100,-0.155,1.20,87,0,8.28,-0.083,0.973,0.00,98,0,170.00,-6.79,10,0.00,3.97,3.98,3.98,3.98,3.97,3.98,3.99,3.98,31.96,0.0,32,31,8.9,0,17,-1024,0,0,667,1022,0,0,-1,0,0,0,1,-1,-1,-1,-1,0,0,
2026-03-25,14:10:02.120,7.60,100,100,100,-0.122,1.25,89,0,8.28,-0.135,1.061,0.15,99,0,170.80,-6.38,10,0.00,3.97,3.98,3.98,3.98,3.97,3.98,3.99,3.98,31.96,0.0,32,31,6.1,0,17,-1024,0,0,667,1022,0,0,-1,0,0,0,1,-1,-1,-1,-1,0,0,
2026-03-25,14:10:02.390,7.61,100,100,100,-0.206,1.26,88,0,8.28,-0.121,0.944,0.07,98,0,172.50,-7.59,10,0.00,3.97,3.98,3.98,3.98,3.97,3.98,3.98,3.98,31.96,0.0,32,31,6.1,0,16,-1024,0,0,667,1022,0,0,-1,0,0,0,1,-1,-1,-1,-1,0,0,
2026-03-25,14:10:02.660,7.60,100,100,100,-0.119,1.25,86,0,8.28,-0.104,1.006,0.03,99,0,172.38,-6.72,10,0.00,3.97,3.98,3.98,3.98,3.97,3.98,3.98,3.98,31.96,0.0,32,31,6.1,0,17,-1024,0,0,667,1023,0,0,-1,0,0,0,1,-1,-1,-1,-1,0,0,
2026-03-25,14:10:02.930,7.61,100,100,100,0.013,1.31,89,0,8.28,-0.057,1.001,0.09,98,0,177.15,-4.50,10,0.00,3.97,3.98,3.98,3.98,3.97,3.98,3.98,3.98,31.96,0.0,32,31,6.1,0,16,-1024,0,0,667,1022,0,0,-1,0,0,0,1,-1,-1,-1,-1,0,0,
2026-03-25,14:10:03.200,7.60,100,100,100,-0.039,1.33,90,0,8.28,-0.090,1.033,0.10,95,0,176.97,-4.27,10,0.00,3.97,3.98,3.98,3.98,3.97,3.98,3.98,3.98,31.96,0.0,32,31,6.1,0,16,-1024,0,0,667,1022,0,0,-1,0,0,0,1,-1,-1,-1,-1,0,0,
2026-03-25,14:10:03.480,7.61,100,100,100,-0.187,1.41,90,0,8.28,-0.165,0.846,0.15,92,0,177.56,-7.36,10,0.00,3.97,3.98,3.98,3.98,3.97,3.98,3.99,3.98,31.96,0.0,32,31,6.1,0,17,-1024,0,0,667,1022,0,0,-1,0,0,0,1,-1,-1,-1,-1,0,0,
2026-03-25,14:10:03.740,7.61,100,100,100,-0.040,1.48,89,0,8.28,-0.071,0.920,0.17,88,0,175.99,-7.58,10,0.00,3.97,3.98,3.98,3.98,3.97,3.98,3.99,3.98,31.96,0.0,32,31,6.1,0,17,-1024,0,0,667,1022,0,0,-1,0,0,0,1,-1,-1,-1,-1,0,0,
2026-03-25,14:10:04.010,7.61,100,100,100,-0.025,1.48,87,0,8.26,-0.136,1.052,0.15,90,0,177.03,-5.22,10,0.00,3.97,3.98,3.98,3.98,3.97,3.98,3.99,3.98,31.96,0.0,32,31,6.1,0,16,-1024,0,0,667,1022,0,0,-1,0,0,0,1,-1,-1,-1,-1,0,0,
2026-03-25,14:10:04.280,7.61,100,100,100,0.015,1.41,85,0,8.27,0.010,0.974,-0.11,93,0,177.99,-4.11,10,0.00,3.97,3.98,3.98,3.98,3.97,3.98,3.99,3.98,31.96,0.0,32,31,6.1,0,17,-1024,0,0,667,1022,0,0,-1,0,0,0,1,-1,-1,-1,-1,0,0,
2026-03-25,14:10:04.540,7.60,100,100,100,-0.142,1.41,85,0,8.28,-0.124,0.998,-0.08,92,0,178.32,-5.45,10,0.00,3.97,3.98,3.98,3.98,3.97,3.98,3.99,3.98,31.96,0.0,32,31,6.1,0,16,-1024,0,0,667,1022,0,0,-1,0,0,0,1,-1,-1,-1,-1,0,0,
2026-03-25,14:10:04.800,7.60,99,100,100,-0.023,1.44,85,0,8.28,-0.133,0.945,0.04,95,0,178.95,-8.08,10,0.00,3.97,3.98,3.98,3.98,3.97,3.98,3.98,3.98,31.96,0.0,32,31,6.1,0,16,-1024,0,0,667,1022,0,0,-1,0,0,0,1,-1,-1,-1,-1,0,0,
2026-03-25,14:10:05.060,7.61,99,100,100,0.005,1.50,85,0,8.28,-0.093,1.057,0.13,94,0,178.19,-8.79,10,0.00,3.97,3.98,3.98,3.98,3.97,3.98,3.98,3.98,31.96,0.0,32,31,6.1,0,17,-1024,0,0,667,1022,0,0,-1,0,0,0,1,-1,-1,-1,-1,0,0,
2026-03-25,14:10:05.320,7.60,99,100,100,-0.165,1.60,85,0,8.26,-0.305,1.030,0.24,96,0,175.16,-12.78,10,0.00,3.97,3.98,3.98,3.98,3.97,3.98,3.98,3.98,31.96,0.0,32,31,6.1,0,16,-1024,0,0,667,1022,0,0,-1,0,0,0,1,-1,-1,-1,-1,0,0,
2026-03-25,14:10:05.580,7.60,100,100,100,-0.167,1.59,82,0,8.27,-0.320,0.757,0.13,96,0,171.36,-21.40,10,0.00,3.97,3.98,3.98,3.98,3.97,3.98,3.98,3.98,31.96,0.0,32,31,6.1,0,16,-1024,0,0,667,1022,0,0,-1,0,0,0,1,-1,-1,-1,-1,0,0,
2026-03-25,14:10:05.840,7.60,100,100,100,-0.101,1.56,82,0,8.28,-0.344,0.864,-0.04,96,0,170.58,-22.87,10,0.00,3.97,3.98,3.98,3.98,3.97,3.98,3.98,3.98,31.96,0.0,32,31,6.1,0,16,-1024,0,0,667,1023,0,0,-1,0,0,0,1,-1,-1,-1,-1,0,0,
2026-03-25,14:10:06.100,7.60,100,100,100,-0.139,1.56,82,0,8.28,-0.327,0.820,-0.03,95,0,171.34,-22.30,10,0.00,3.97,3.98,3.98,3.98,3.97,3.98,3.98,3.98,31.96,0.0,32,31,6.1,0,16,-1024,0,0,667,1023,0,0,-1,0,0,0,1,-1,-1,-1,-1,0,0,
2026-03-25,14:10:06.370,7.60,100,100,100,-0.147,1.40,82,0,8.28,-0.368,0.860,-0.27,97,0,171.85,-20.90,10,0.00,3.97,3.98,3.98,3.98,3.97,3.98,3.98,3.98,31.96,0.0,32,31,6.1,0,16,-1024,0,0,667,1023,0,0,-1,0,0,0,1,-1,-1,-1,-1,0,0,
2026-03-25,14:10:06.640,7.60,100,100,100,0.002,1.28,82,0,8.28,-0.327,0.867,-0.35,98,0,175.26,-17.81,10,0.00,3.97,3.98,3.98,3.98,3.97,3.98,3.98,3.98,31.96,0.0,32,31,6.1,0,16,-1024,0,0,667,1023,0,0,-1,0,0,0,1,-1,-1,-1,-1,0,0,
2026-03-25,14:10:06.900,7.61,100,100,100,-0.193,1.10,85,0,8.28,-0.294,0.973,-0.50,97,0,172.85,-14.16,10,0.00,3.97,3.98,3.98,3.98,3.97,3.98,3.98,3.98,31.96,0.0,32,32,6.1,0,16,-1024,0,0,667,1023,0,0,-1,0,0,0,1,-1,-1,-1,-1,0,0,
2026-03-25,14:10:07.160,7.60,100,100,100,-0.184,0.98,86,0,8.28,-0.296,1.036,-0.45,98,0,170.97,-12.84,10,0.00,3.97,3.98,3.98,3.98,3.97,3.98,3.99,3.98,31.96,0.0,32,32,8.9,0,16,-1024,0,0,667,1023,0,0,-1,0,0,0,1,-1,-1,-1,-1,0,0,
2026-03-25,14:10:07.420,7.61,100,100,100,-0.247,0.78,86,0,8.28,-0.152,1.052,-0.58,98,0,168.83,-9.69,10,0.00,3.97,3.98,3.98,3.98,3.97,3.98,3.99,3.98,31.96,0.0,32,32,8.9,0,16,-1024,0,0,667,1023,0,0,-1,0,0,0,1,-1,-1,-1,-1,0,0,
2026-03-25,14:10:07.690,7.61,100,100,100,-0.179,0.66,87,0,8.28,-0.131,1.073,-0.54,99,0,169.51,-8.24,10,0.00,3.97,3.98,3.98,3.98,3.97,3.98,3.99,3.98,31.96,0.0,32,32,8.9,0,17,-1024,0,0,667,1023,0,0,-1,0,0,0,1,-1,-1,-1,-1,0,0,
2026-03-25,14:10:07.960,7.61,100,100,100,-0.089,0.63,88,0,8.26,-0.186,1.055,-0.25,99,0,170.70,-8.82,10,0.00,3.97,3.98,3.98,3.98,3.97,3.98,3.99,3.98,31.96,0.0,32,32,8.9,0,16,-1024,0,0,667,1022,0,0,-1,0,0,0,1,-1,-1,-1,-1,0,0,
2026-03-25,14:10:08.220,7.61,100,100,100,-0.168,0.58,88,0,8.27,-0.123,0.977,-0.25,99,0,171.08,-9.44,10,0.00,3.97,3.98,3.98,3.98,3.97,3.98,3.99,3.98,31.96,0.0,32,32,8.9,0,16,-1024,0,0,667,1023,0,0,-1,0,0,0,1,-1,-1,-1,-1,0,0,
2026-03-25,14:10:08.490,7.61,100,100,100,-0.131,0.57,88,0,8.25,-0.172,0.974,-0.11,99,0,171.33,-9.76,10,0.00,3.97,3.98,3.98,3.98,3.97,3.98,3.98,3.98,31.96,0.0,32,32,8.9,0,16,-1024,0,0,667,1023,0,0,-1,0,0,0,1,-1,-1,-1,-1,0,0,
2026-03-25,14:10:08.750,7.61,100,100,100,-0.140,0.54,89,0,8.27,-0.144,0.993,-0.07,100,0,171.40,-9.59,10,0.00,3.97,3.98,3.98,3.98,3.97,3.98,3.98,3.98,31.96,0.0,32,32,8.9,0,16,-1024,0,0,667,1022,0,0,-1,0,0,0,1,-1,-1,-1,-1,0,0,
2026-03-25,14:10:09.010,7.61,100,100,100,-0.134,0.53,89,0,8.27,-0.146,0.978,-0.09,100,0,171.44,-9.49,10,0.00,3.97,3.98,3.98,3.98,3.97,3.98,3.98,3.98,31.96,0.0,32,32,8.9,0,16,-1024,0,0,667,1023,0,0,-1,0,0,0,1,-1,-1,-1,-1,0,0,
2026-03-25,14:10:09.290,7.60,100,100,100,-0.144,0.61,91,0,8.28,-0.145,0.979,0.09,100,0,171.48,-9.52,10,0.00,3.97,3.98,3.98,3.98,3.97,3.98,3.98,3.98,31.96,0.0,32,32,8.9,0,16,-1024,0,0,667,1022,0,0,-1,0,0,0,1,-1,-1,-1,-1,0,0,
2026-03-25,14:10:09.550,7.61,100,100,100,-0.146,0.60,90,0,8.28,-0.161,0.971,0.07,100,0,171.56,-9.44,10,0.00,3.97,3.98,3.98,3.98,3.97,3.98,3.98,3.98,31.96,0.0,32,32,8.9,0,16,-1024,0,0,667,1022,0,0,-1,0,0,0,1,-1,-1,-1,-1,0,0,
2026-03-25,14:10:09.820,7.60,100,100,100,-0.170,0.56,88,0,8.28,-0.151,0.955,-0.09,100,0,171.60,-9.52,10,0.00,3.97,3.98,3.98,3.98,3.97,3.98,3.98,3.98,31.97,0.0,32,32,8.9,0,16,-1024,0,0,667,1022,0,0,-1,0,0,0,1,-1,-1,-1,-1,0,0,
2026-03-25,14:10:10.090,7.60,100,100,99,-0.156,0.59,86,0,8.26,-0.142,1.015,0.01,96,0,171.61,-9.24,10,0.00,3.97,3.98,3.98,3.98,3.97,3.98,3.98,3.98,31.97,0.0,32,32,8.9,0,16,-1024,0,0,667,1023,0,0,-1,0,0,0,1,-1,-1,-1,-1,0,0,
2026-03-25,14:10:10.350,7.61,100,100,99,-0.149,0.58,85,0,8.24,-0.168,0.941,0.00,95,0,171.64,-9.24,10,0.00,3.97,3.98,3.98,3.98,3.97,3.98,3.98,3.98,31.98,0.0,32,32,8.9,0,16,-1024,0,0,667,1022,0,0,-1,0,0,0,1,-1,-1,-1,-1,0,0,
2026-03-25,14:10:10.620,7.60,100,100,99,-0.161,0.61,85,0,8.22,-0.141,0.971,0.03,96,0,171.69,-9.14,10,0.00,3.97,3.98,3.98,3.98,3.97,3.98,3.98,3.98,31.98,0.0,32,32,8.9,0,16,-1024,0,0,667,1023,0,0,-1,0,0,0,1,-1,-1,-1,-1,0,0,
2026-03-25,14:10:10.880,7.60,100,100,99,-0.160,0.64,85,0,8.25,-0.159,0.962,0.07,98,0,171.70,-9.27,10,0.00,3.97,3.98,3.98,3.98,3.97,3.98,3.98,3.98,31.97,0.0,32,32,8.9,0,16,-1024,0,0,667,1023,0,0,-1,0,0,0,1,-1,-1,-1,-1,0,0,
2026-03-25,14:10:11.140,7.61,100,100,99,-0.123,0.59,84,0,8.27,-0.156,0.968,-0.03,97,0,171.68,-9.26,10,0.00,3.97,3.98,3.98,3.98,3.97,3.98,3.98,3.98,31.97,0.0,32,32,8.9,0,16,-1024,0,0,667,1022,0,0,-1,0,0,0,1,-1,-1,-1,-1,0,0,
2026-03-25,14:10:11.400,7.60,100,100,99,-0.153,0.59,85,0,8.27,-0.152,0.961,-0.03,98,0,171.71,-9.27,10,0.00,3.97,3.98,3.98,3.98,3.97,3.98,3.98,3.98,31.98,0.0,32,32,8.9,0,16,-1024,0,0,667,1022,0,0,-1,0,0,0,1,-1,-1,-1,-1,0,0,
2026-03-25,14:10:11.660,7.61,100,100,99,-0.137,0.59,87,0,8.28,-0.180,0.970,-0.02,99,0,171.70,-9.30,10,0.00,3.97,3.98,3.98,3.98,3.97,3.98,3.98,3.98,31.98,0.0,32,32,8.9,0,16,-1024,0,0,667,1022,0,0,-1,0,0,0,1,-1,-1,-1,-1,0,0,
2026-03-25,14:10:11.940,7.60,100,100,99,-0.148,0.61,91,0,8.28,-0.172,0.979,0.05,98,0,171.76,-9.09,10,0.00,3.97,3.98,3.98,3.98,3.97,3.98,3.98,3.98,31.97,0.0,32,32,8.9,0,16,-1024,0,0,667,1023,0,0,-1,0,0,0,1,-1,-1,-1,-1,0,0,
2026-03-25,14:10:12.210,7.61,100,100,99,-0.140,0.58,96,0,8.28,-0.150,0.955,-0.01,99,0,171.78,-9.01,10,0.00,3.97,3.98,3.98,3.98,3.97,3.98,3.98,3.98,31.97,0.0,32,32,8.9,0,16,-1024,0,0,667,1022,0,0,-1,0,0,0,1,-1,-1,-1,-1,0,0,
2026-03-25,14:10:12.470,7.61,100,100,99,-0.112,0.60,98,0,8.28,-0.167,0.963,0.00,100,0,171.77,-8.99,10,0.00,3.97,3.98,3.98,3.98,3.97,3.98,3.98,3.98,31.98,0.0,32,32,8.9,0,16,-1024,0,0,667,1022,0,0,-1,0,0,0,1,-1,-1,-1,-1,0,0,
2026-03-25,14:10:12.740,7.61,100,100,99,-0.134,0.61,98,0,8.28,-0.177,0.957,0.01,100,0,171.83,-8.90,10,0.00,3.97,3.98,3.98,3.98,3.97,3.98,3.98,3.98,31.98,0.0,32,32,8.9,0,16,-1024,0,0,667,1022,0,0,-1,0,0,0,1,-1,-1,-1,-1,0,0,
2026-03-25,14:10:13.020,7.61,100,100,99,-0.123,0.62,96,0,8.25,-0.138,0.988,0.02,100,0,171.83,-8.86,10,0.00,3.97,3.98,3.98,3.98,3.97,3.98,3.98,3.98,31.98,0.0,32,32,8.9,0,16,-1024,0,0,667,1022,0,0,-1,0,0,0,1,-1,-1,-1,-1,0,0,
2026-03-25,14:10:13.280,7.61,100,100,99,-0.128,0.63,95,0,8.26,-0.137,0.971,0.06,100,0,171.83,-8.90,10,0.00,3.97,3.98,3.98,3.98,3.97,3.98,3.98,3.98,31.98,0.0,32,32,8.9,0,16,-1024,0,0,667,1022,0,0,-1,0,0,0,1,-1,-1,-1,-1,0,0,
2026-03-25,14:10:13.540,7.61,100,100,99,-0.140,0.60,94,0,8.27,-0.160,0.948,0.00,100,0,171.83,-8.92,10,0.00,3.97,3.98,3.98,3.98,3.97,3.98,3.98,3.98,31.98,0.0,32,32,8.9,0,16,-1024,0,0,667,1022,0,0,-1,0,0,0,1,-1,-1,-1,-1,0,0,
2026-03-25,14:10:13.810,7.60,100,100,99,-0.155,0.57,94,0,8.28,-0.141,0.996,-0.09,100,0,171.86,-8.81,10,0.00,3.97,3.98,3.98,3.98,3.97,3.98,3.98,3.98,31.98,0.0,32,32,8.9,0,16,-1024,0,0,667,1022,0,0,-1,0,0,0,1,-1,-1,-1,-1,0,0,
2026-03-25,14:10:14.070,7.61,100,100,100,-0.118,0.62,94,0,8.28,-0.166,0.961,0.03,100,0,171.83,-8.87,10,0.00,3.97,3.98,3.98,3.98,3.97,3.98,3.98,3.98,31.98,0.0,32,32,8.9,0,16,-1024,0,0,667,1022,0,0,-1,0,0,0,1,-1,-1,-1,-1,0,0,
2026-03-25,14:10:14.340,7.61,100,100,100,-0.145,0.50,94,0,8.28,-0.140,0.984,-0.14,100,0,171.83,-8.83,10,0.00,3.97,3.98,3.98,3.98,3.97,3.98,3.98,3.98,31.99,0.0,32,32,8.9,0,16,-1024,0,0,667,1022,0,0,-1,0,0,0,1,-1,-1,-1,-1,0,0,
2026-03-25,14:10:14.610,7.61,100,100,100,-0.136,0.58,94,0,8.28,-0.157,0.989,0.09,100,0,171.88,-8.94,10,0.00,3.97,3.98,3.98,3.98,3.97,3.98,3.98,3.98,31.99,0.0,32,32,8.9,0,16,-1024,0,0,667,1022,0,0,-1,0,0,0,1,-1,-1,-1,-1,0,0,
2026-03-25,14:10:14.870,7.61,100,100,100,-0.123,0.59,95,0,8.28,-0.161,0.938,0.07,100,0,171.73,-9.12,10,0.00,3.97,3.98,3.98,3.98,3.97,3.98,3.98,3.98,31.99,0.0,32,32,8.9,0,15,-1024,0,0,667,1023,0,0,-1,0,0,0,1,-1,-1,-1,-1,0,0,
2026-03-25,14:10:15.140,7.61,100,100,100,-0.132,0.61,96,0,8.28,-0.152,0.978,0.06,100,0,171.76,-8.98,10,0.00,3.97,3.98,3.98,3.98,3.97,3.98,3.98,3.98,31.99,0.0,32,32,8.9,0,16,-1024,0,0,667,1022,0,0,-1,0,0,0,1,-1,-1,-1,-1,0,0,
2026-03-25,14:10:15.410,7.61,100,100,100,-0.130,0.58,96,0,8.28,-0.152,0.979,0.00,100,0,171.77,-9.04,10,0.00,3.97,3.98,3.98,3.98,3.97,3.98,3.98,3.98,31.98,0.0,32,32,10.7,0,16,-1024,0,0,667,1022,0,0,-1,0,0,0,1,-1,-1,-1,-1,0,0,
2026-03-25,14:10:15.670,7.61,100,100,100,-0.121,0.54,97,0,8.28,-0.167,0.977,-0.12,100,0,171.75,-9.10,10,0.00,3.97,3.98,3.98,3.98,3.97,3.98,3.98,3.98,31.98,0.0,32,32,10.7,0,16,-1024,0,0,667,1023,0,0,-1,0,0,0,1,-1,-1,-1,-1,0,0,
2026-03-25,14:10:15.930,7.61,100,100,100,-0.156,0.56,98,0,8.28,-0.174,0.944,0.00,100,0,171.77,-9.23,10,0.00,3.97,3.98,3.98,3.98,3.97,3.98,3.98,3.98,31.98,0.0,32,32,8.9,0,16,-1024,0,0,667,1023,0,0,-1,0,0,0,1,-1,-1,-1,-1,0,0,
2026-03-25,14:10:16.190,7.61,99,100,100,-0.155,0.62,98,0,8.28,-0.121,0.950,0.10,100,0,171.74,-9.25,10,0.00,3.97,3.98,3.98,3.98,3.97,3.98,3.98,3.98,31.98,0.0,32,32,8.9,0,16,-1024,0,0,667,1023,0,0,-1,0,0,0,1,-1,-1,-1,-1,0,0,
2026-03-25,14:10:16.460,7.61,99,100,100,-0.178,0.65,99,0,8.28,-0.166,0.920,0.11,100,0,171.73,-9.36,10,0.10,3.97,3.98,3.98,3.98,3.97,3.98,3.98,3.98,31.98,0.0,32,32,8.9,0,16,-1024,0,0,667,1022,0,0,-1,0,0,0,1,-1,-1,-1,-1,0,0,
2026-03-25,14:10:16.720,7.60,99,100,100,-0.128,0.65,99,0,8.28,-0.149,0.969,0.07,100,0,171.71,-9.33,10,0.10,3.97,3.98,3.98,3.98,3.97,3.98,3.99,3.98,31.98,0.0,32,32,8.9,0,16,-1024,0,0,667,1022,0,0,-1,0,0,0,1,-1,-1,-1,-1,0,0,
2026-03-25,14:10:16.990,7.60,99,100,100,-0.122,0.64,96,0,8.28,-0.194,0.951,-0.01,99,0,171.68,-9.52,10,0.07,3.97,3.98,3.98,3.98,3.97,3.98,3.99,3.98,31.99,0.0,32,32,10.7,0,16,-1024,0,0,667,1023,0,0,-1,0,0,0,1,-1,-1,-1,-1,0,0,
2026-03-25,14:10:17.270,7.61,99,100,100,-0.123,0.62,91,0,8.28,-0.202,0.939,-0.03,95,0,171.71,-9.50,10,0.08,3.97,3.98,3.98,3.98,3.97,3.98,3.99,3.98,31.99,0.0,32,32,10.7,0,16,-1024,0,0,667,1022,0,0,-1,0,0,0,1,-1,-1,-1,-1,0,0,
2026-03-25,14:10:17.540,7.61,99,100,100,-0.125,0.61,90,0,8.28,-0.193,0.946,0.00,96,0,171.73,-9.35,10,0.06,3.97,3.98,3.98,3.98,3.97,3.98,3.99,3.98,31.99,0.0,32,32,8.9,0,16,-1024,0,0,666,1022,0,0,-1,0,0,0,1,-1,-1,-1,-1,0,0,
2026-03-25,14:10:17.800,7.60,100,100,100,-0.154,0.54,89,0,8.28,-0.143,0.967,-0.14,98,0,171.74,-9.36,10,0.06,3.97,3.98,3.98,3.98,3.97,3.98,3.99,3.98,31.99,0.0,32,32,8.9,0,16,-1024,0,0,667,1023,0,0,-1,0,0,0,1,-1,-1,-1,-1,0,0,
2026-03-25,14:10:18.060,7.61,100,100,100,-0.146,0.56,92,0,8.28,-0.187,0.943,-0.05,99,0,171.77,-9.25,10,0.04,3.97,3.98,3.98,3.98,3.97,3.98,3.98,3.98,31.99,0.0,32,32,8.9,0,16,-1024,0,0,667,1022,0,0,-1,0,0,0,1,-1,-1,-1,-1,0,0,
2026-03-25,14:10:18.320,7.61,100,100,100,-0.140,0.59,94,0,8.28,-0.129,1.029,0.06,100,0,171.86,-8.91,10,0.06,3.97,3.98,3.98,3.98,3.97,3.98,3.98,3.98,31.99,0.0,32,32,10.7,0,16,-1024,0,0,667,1023,0,0,-1,0,0,0,1,-1,-1,-1,-1,0,0,
2026-03-25,14:10:18.580,7.61,100,100,100,-0.136,0.61,95,0,8.28,-0.192,0.944,0.05,100,0,171.76,-9.25,10,0.04,3.97,3.98,3.98,3.98,3.97,3.98,3.98,3.98,31.99,0.0,32,32,10.7,0,16,-1024,0,0,667,1023,0,0,-1,0,0,0,1,-1,-1,-1,-1,0,0,
2026-03-25,14:10:18.840,7.61,100,100,100,-0.155,0.65,97,0,8.28,-0.124,0.987,0.09,100,0,171.82,-9.10,10,0.03,3.97,3.98,3.98,3.98,3.97,3.98,3.98,3.98,31.99,0.0,32,32,8.9,0,16,-1024,0,0,667,1023,0,0,-1,0,0,0,1,-1,-1,-1,-1,0,0,
2026-03-25,14:10:19.110,7.61,100,100,100,-0.128,0.66,96,0,8.28,-0.167,0.993,0.09,100,0,171.77,-9.27,10,0.02,3.97,3.98,3.98,3.98,3.97,3.98,3.98,3.98,31.99,0.0,32,32,10.7,0,16,-1024,0,0,667,1022,0,0,-1,0,0,0,1,-1,-1,-1,-1,0,0,
2026-03-25,14:10:19.380,7.60,100,100,100,-0.157,0.65,98,0,8.28,-0.148,0.960,0.02,100,0,171.72,-9.44,10,0.04,3.97,3.99,3.98,3.98,3.97,3.98,3.98,3.98,31.99,0.0,32,32,10.7,0,16,-1024,0,0,667,1022,0,0,-1,0,0,0,1,-1,-1,-1,-1,0,0,
2026-03-25,14:10:19.640,7.61,100,100,100,-0.135,0.70,99,0,8.28,-0.161,0.955,0.06,100,0,171.71,-9.37,10,0.03,3.97,3.99,3.98,3.98,3.97,3.98,3.98,3.98,31.99,0.0,32,32,8.9,0,16,-1024,0,0,667,1022,0,0,-1,0,0,0,1,-1,-1,-1,-1,0,0,
2026-03-25,14:10:19.910,7.61,100,100,100,-0.127,0.72,98,0,8.28,-0.154,0.971,0.09,100,0,171.76,-9.17,10,0.05,3.97,3.99,3.98,3.98,3.97,3.98,3.98,3.98,31.99,0.0,32,32,10.7,0,16,-1024,0,0,667,1023,0,0,-1,0,0,0,1,-1,-1,-1,-1,0,0,
2026-03-25,14:10:20.180,7.61,100,100,100,-0.129,0.71,96,0,8.28,-0.153,0.971,-0.04,100,0,171.78,-9.11,10,0.03,3.97,3.99,3.98,3.98,3.97,3.98,3.98,3.98,31.99,0.0,32,32,8.9,0,16,-1024,0,0,667,1022,0,0,-1,0,0,0,1,-1,-1,-1,-1,0,0,
2026-03-25,14:10:20.440,7.60,100,100,100,-0.151,0.61,97,0,8.28,-0.160,0.966,-0.23,100,0,171.79,-9.12,10,0.02,3.97,3.99,3.98,3.98,3.97,3.98,3.99,3.98,31.99,0.0,32,32,8.9,0,16,-1024,0,0,667,1023,0,0,-1,0,0,0,1,-1,-1,-1,-1,0,0,
2026-03-25,14:10:20.700,7.61,100,100,100,-0.142,0.56,97,0,8.28,-0.160,0.964,-0.24,100,0,171.78,-9.11,10,0.01,3.97,3.99,3.98,3.98,3.97,3.98,3.99,3.98,31.99,0.0,32,32,8.9,0,16,-1024,0,0,667,1023,0,0,-1,0,0,0,1,-1,-1,-1,-1,0,0,
2026-03-25,14:10:20.960,7.60,100,100,100,-0.137,0.59,96,0,8.28,-0.157,0.969,-0.03,100,0,171.78,-9.11,10,0.01,3.97,3.99,3.98,3.98,3.97,3.98,3.99,3.98,31.98,0.0,32,32,8.9,0,16,-1024,0,0,667,1022,0,0,-1,0,0,0,1,-1,-1,-1,-1,0,0,
2026-03-25,14:10:21.220,7.61,100,100,100,-0.150,0.59,98,0,8.28,-0.157,0.961,0.02,100,0,171.79,-9.14,10,0.03,3.97,3.99,3.98,3.98,3.97,3.98,3.99,3.98,31.98,0.0,32,32,10.7,0,16,-1024,0,0,667,1023,0,0,-1,0,0,0,1,-1,-1,-1,-1,0,0,
2026-03-25,14:10:21.490,7.61,100,100,100,-0.148,0.62,99,0,8.28,-0.155,0.969,0.03,100,0,171.79,-9.10,10,0.03,3.97,3.99,3.98,3.98,3.97,3.98,3.99,3.98,31.98,0.0,32,32,10.7,0,16,-1024,0,0,667,1022,0,0,-1,0,0,0,1,-1,-1,-1,-1,0,0,
2026-03-25,14:10:21.760,7.61,100,100,100,-0.127,0.59,98,0,8.28,-0.156,0.950,0.00,99,0,171.78,-9.11,10,0.02,3.97,3.99,3.98,3.98,3.97,3.98,3.99,3.98,31.98,0.0,32,32,10.7,0,16,-1024,0,0,667,1023,0,0,-1,0,0,0,1,-1,-1,-1,-1,0,0,
2026-03-25,14:10:22.030,7.61,100,100,100,-0.177,0.56,99,0,8.28,-0.169,0.987,-0.08,100,0,171.80,-9.09,10,0.03,3.97,3.99,3.98,3.98,3.97,3.98,3.99,3.98,31.98,0.0,32,32,10.7,0,16,-1024,0,0,667,1022,0,0,-1,0,0,0,1,-1,-1,-1,-1,0,0,
2026-03-25,14:10:22.290,7.61,100,100,100,-0.132,0.58,99,0,8.28,-0.203,0.891,-0.03,96,0,171.62,-9.95,10,0.05,3.97,3.99,3.98,3.98,3.97,3.98,3.99,3.98,31.99,0.0,32,32,8.9,0,16,-1024,0,0,667,1022,0,0,-1,0,0,0,1,-1,-1,-1,-1,0,0,
2026-03-25,14:10:22.550,7.61,100,100,100,-0.131,0.63,99,0,8.28,-0.145,0.975,0.11,96,0,171.67,-9.73,10,0.03,3.97,3.99,3.98,3.98,3.97,3.98,3.99,3.98,31.99,0.0,32,32,10.7,0,16,-1024,0,0,667,1022,0,0,-1,0,0,0,1,-1,-1,-1,-1,0,0,
2026-03-25,14:10:22.830,7.60,100,100,100,-0.143,0.68,97,0,8.28,-0.187,0.953,0.12,97,0,171.73,-9.46,10,0.05,3.97,3.99,3.98,3.98,3.97,3.98,3.99,3.98,31.99,0.0,32,32,10.7,0,16,-1024,0,0,667,1022,0,0,-1,0,0,0,1,-1,-1,-1,-1,0,0,
2026-03-25,14:10:23.100,7.61,100,100,100,-0.247,0.62,97,0,8.28,-0.149,0.871,-0.07,98,0,171.84,-9.01,10,0.06,3.97,3.99,3.98,3.98,3.97,3.98,3.99,3.98,31.99,0.0,32,32,8.9,0,16,-1024,0,0,667,1023,0,0,-1,0,0,0,1,-1,-1,-1,-1,0,0,
2026-03-25,14:10:23.360,7.61,100,100,100,-0.151,0.62,96,0,8.28,-0.138,0.932,-0.05,99,0,171.76,-9.30,10,0.06,3.97,3.99,3.98,3.98,3.97,3.98,3.99,3.98,31.99,0.0,32,32,8.9,0,16,-1024,0,0,667,1023,0,0,-1,0,0,0,1,-1,-1,-1,-1,0,0,
2026-03-25,14:10:23.630,7.61,100,100,100,-0.151,0.62,95,0,8.17,-0.138,0.932,-0.05,99,0,171.76,-9.30,10,0.06,3.97,3.99,3.98,3.98,3.97,3.98,3.99,3.98,31.99,0.0,32,32,8.9,0,15,-1024,0,0,667,1022,0,0,-1,0,0,0,1,-1,-1,-1,-1,0,0,
2026-03-25,14:10:23.890,7.60,100,100,100,-0.151,0.62,85,0,8.17,-0.138,0.932,-0.05,99,0,171.76,-9.30,10,0.06,3.97,3.99,3.98,3.98,3.97,3.98,3.99,3.98,31.99,0.0,32,32,8.9,0,16,-1024,0,0,667,1022,0,0,-1,0,0,0,1,-1,-1,-1,-1,0,0,
2026-03-25,14:10:24.160,7.61,100,100,100,-0.151,0.62,72,2,8.17,-0.138,0.932,-0.05,99,0,171.76,-9.30,10,0.06,3.97,3.99,3.98,3.98,3.97,3.98,3.99,3.98,31.99,0.0,32,32,8.9,0,16,-1024,0,0,667,1022,0,0,-1,0,0,0,1,-1,-1,-1,-1,0,0,
2026-03-25,14:10:24.420,7.61,100,100,100,-0.151,0.62,72,2,8.17,-0.138,0.932,-0.05,99,0,171.76,-9.30,10,0.06,3.97,3.99,3.98,3.98,3.97,3.98,3.99,3.98,31.99,0.0,32,32,8.9,0,16,-1024,0,0,667,1023,0,0,-1,0,0,0,1,-1,-1,-1,-1,0,0,
2026-03-25,14:10:24.680,7.60,100,100,100,-0.151,0.62,72,2,8.17,-0.138,0.932,-0.05,99,0,171.76,-9.30,10,0.06,3.97,3.99,3.98,3.98,3.97,3.98,3.99,3.98,31.99,0.0,32,32,8.9,0,16,-1024,0,0,667,1022,0,0,-1,0,0,0,1,-1,-1,-1,-1,0,0,
2026-03-25,14:10:24.950,7.60,100,100,100,-0.151,0.62,72,2,8.17,-0.138,0.932,-0.05,99,0,171.76,-9.30,10,0.06,3.97,3.99,3.98,3.98,3.97,3.98,3.99,3.98,31.99,0.0,32,32,8.9,0,16,-1024,0,0,667,1022,0,0,-1,0,0,0,1,-1,-1,-1,-1,0,0,
2026-03-25,14:10:25.220,7.61,100,100,100,-0.151,0.62,72,2,8.17,-0.138,0.932,-0.05,99,0,171.76,-9.30,10,0.06,3.97,3.99,3.98,3.98,3.97,3.98,3.99,3.98,31.99,0.0,32,32,8.9,0,16,-1024,0,0,667,1022,0,0,-1,0,0,0,1,-1,-1,-1,-1,0,0,
2026-03-25,14:10:25.480,7.60,100,100,100,-0.151,0.62,72,2,8.17,-0.138,0.932,-0.05,99,0,171.76,-9.30,10,0.06,3.97,3.99,3.98,3.98,3.97,3.98,3.99,3.98,31.99,0.0,32,32,8.9,0,16,-1024,0,0,667,1022,0,0,-1,0,0,0,1,-1,-1,-1,-1,0,0,
2026-03-25,14:10:25.740,7.60,100,100,100,-0.151,0.62,72,2,8.17,-0.138,0.932,-0.05,99,0,171.76,-9.30,10,0.06,3.97,3.99,3.98,3.98,3.97,3.98,3.99,3.98,31.99,0.0,32,32,8.9,0,16,-1024,0,0,667,1022,0,0,-1,0,0,0,1,-1,-1,-1,-1,0,0,
2026-03-25,14:10:26.000,7.60,100,100,100,-0.151,0.62,72,2,8.17,-0.138,0.932,-0.05,99,0,171.76,-9.30,10,0.06,3.97,3.99,3.98,3.98,3.97,3.98,3.99,3.98,31.99,0.0,32,32,8.9,0,16,-1024,0,0,667,1022,0,0,-1,0,0,0,1,-1,-1,-1,-1,0,0,
2026-03-25,14:10:26.260,7.60,100,100,100,-0.151,0.62,72,2,8.17,-0.138,0.932,-0.05,99,0,171.76,-9.30,10,0.06,3.97,3.99,3.98,3.98,3.97,3.98,3.99,3.98,31.99,0.0,32,32,8.9,0,16,-1024,0,0,667,1023,0,0,-1,0,0,0,1,-1,-1,-1,-1,0,0,
2026-03-25,14:10:26.520,7.60,100,100,100,-0.151,0.62,72,2,8.17,-0.138,0.932,-0.05,99,0,171.76,-9.30,10,0.06,3.97,3.99,3.98,3.98,3.97,3.98,3.99,3.98,31.99,0.0,32,32,8.9,0,16,-1024,0,0,667,1022,0,0,-1,0,0,0,1,-1,-1,-1,-1,0,0,
2026-03-25,14:10:26.800,7.60,100,100,100,-0.135,4.24,76,0,8.20,-0.166,0.960,-10.00,100,0,7.40,-8.47,10,0.03,3.97,3.99,3.98,3.98,3.97,3.98,3.99,3.98,31.99,0.0,32,32,8.9,0,16,-1024,0,0,667,1022,0,0,-1,0,0,0,1,-1,-1,-1,-1,0,0,
2026-03-25,14:10:27.070,7.59,100,100,100,-0.142,0.93,81,0,8.25,-0.172,0.952,-8.13,97,0,11.91,-13.43,10,0.03,3.97,3.99,3.98,3.98,3.97,3.98,3.99,3.98,31.99,0.0,32,32,0.0,0,16,-1024,0,0,667,1022,0,0,-1,0,0,0,1,-1,-1,-1,-1,0,0,
2026-03-25,14:10:27.330,7.59,100,100,100,-0.129,0.68,87,0,8.26,-0.173,0.967,-3.54,99,0,13.71,-15.37,10,0.02,3.97,3.99,3.98,3.98,3.97,3.98,3.99,3.98,31.99,0.0,32,32,0.0,0,16,-1024,0,0,667,1022,0,0,-1,0,0,0,1,-1,-1,-1,-1,0,0,
2026-03-25,14:10:27.600,7.60,100,100,100,-0.139,0.65,87,0,8.27,-0.178,0.959,-1.36,99,0,17.83,-19.53,10,0.01,3.97,3.99,3.98,3.98,3.97,3.98,3.99,3.98,31.99,0.0,32,32,0.0,0,16,-1024,0,0,667,1023,0,0,-1,0,0,0,1,-1,-1,-1,-1,0,0,
2026-03-25,14:10:27.870,7.59,100,100,100,-0.148,0.58,90,0,8.28,-0.167,0.957,-0.57,100,0,22.84,-24.24,10,0.01,3.97,3.99,3.98,3.98,3.97,3.98,3.99,3.98,31.99,0.0,32,32,0.0,0,16,-1024,0,0,667,1022,0,0,-1,0,0,0,1,-1,-1,-1,-1,0,0,
2026-03-25,14:10:28.130,7.59,99,100,100,-0.139,0.50,92,0,8.28,-0.166,0.962,-0.38,100,0,25.73,-26.74,10,0.01,3.97,3.99,3.98,3.98,3.97,3.98,3.99,3.98,31.99,0.0,32,32,0.0,0,16,-1024,0,0,667,1023,0,0,-1,0,0,0,1,-1,-1,-1,-1,0,0,
2026-03-25,14:10:28.400,7.59,99,100,100,-0.141,0.53,92,0,8.28,-0.165,0.972,-0.12,100,0,32.47,-31.92,10,0.00,3.97,3.99,3.98,3.98,3.97,3.98,3.99,3.98,31.99,0.0,32,32,0.0,0,16,-1024,0,0,667,1022,0,0,-1,0,0,0,1,-1,-1,-1,-1,0,0,
2026-03-25,14:10:28.660,7.59,99,99,52,-0.134,0.55,90,0,8.28,-0.165,0.976,0.04,100,0,36.33,-34.50,10,0.00,3.97,3.99,3.98,3.98,3.97,3.98,3.99,3.98,31.99,0.0,32,32,0.0,0,16,-1024,0,0,667,1022,0,0,-1,0,0,0,1,-1,-1,-1,-1,0,0,
2026-03-25,14:10:28.930,7.59,100,100,58,-0.142,0.59,88,0,8.28,-0.166,0.974,0.04,100,0,45.60,-39.68,10,0.00,3.97,3.99,3.98,3.98,3.97,3.98,3.99,3.98,31.99,0.0,32,31,0.0,0,16,-1024,0,0,666,1023,0,0,-1,0,0,0,1,-1,-1,-1,-1,0,0,
2026-03-25,14:10:29.200,7.60,100,100,65,-0.141,0.56,87,0,8.22,-0.175,0.948,0.08,100,0,56.58,-44.06,10,0.00,3.97,3.99,3.98,3.98,3.97,3.98,3.99,3.98,31.99,0.0,32,31,0.0,0,16,-1024,0,0,667,1022,0,0,-1,0,0,0,1,-1,-1,-1,-1,0,0,
2026-03-25,14:10:29.470,7.60,100,100,72,-0.147,0.56,87,0,8.24,-0.161,0.961,-0.06,100,0,62.98,-45.94,10,0.00,3.97,3.99,3.98,3.98,3.97,3.98,3.99,3.98,31.99,0.0,32,31,0.0,0,16,-1024,0,0,667,1022,0,0,-1,0,0,0,1,-1,-1,-1,-1,0,0,
2026-03-25,14:10:29.730,7.60,100,100,78,-0.149,0.59,87,0,8.19,-0.144,0.982,0.02,100,0,77.00,-48.50,10,0.00,3.97,3.99,3.98,3.98,3.97,3.98,3.99,3.98,31.99,0.0,31,31,0.0,0,16,-1024,0,0,667,1022,0,0,-1,0,0,0,1,-1,-1,-1,-1,0,0,
2026-03-25,14:10:30.000,7.60,100,100,85,-0.151,0.60,86,0,8.22,-0.197,0.928,0.07,100,0,84.25,-49.10,10,0.00,3.97,3.99,3.98,3.98,3.97,3.98,3.99,3.98,31.99,0.0,31,31,0.0,0,16,-1024,0,0,667,1023,0,0,-1,0,0,0,1,-1,-1,-1,-1,0,0,
2026-03-25,14:10:30.260,7.60,100,100,92,-0.171,0.67,85,0,8.22,-0.160,0.967,0.12,100,0,98.96,-48.90,10,0.00,3.97,3.99,3.98,3.98,3.97,3.98,3.99,3.98,31.99,0.0,31,31,0.0,0,16,-1024,0,0,667,1022,0,0,-1,0,0,0,1,-1,-1,-1,-1,0,0,
2026-03-25,14:10:30.520,7.60,100,100,98,-0.154,0.67,85,0,8.18,-0.147,0.982,0.13,100,0,112.12,-47.08,10,0.00,3.97,3.99,3.98,3.98,3.97,3.98,3.99,3.98,31.99,0.0,31,31,0.0,0,16,-1024,0,0,667,1023,0,0,-1,0,0,0,1,-1,-1,-1,-1,0,0,
2026-03-25,14:10:30.790,7.61,100,100,100,-0.147,0.63,86,0,8.22,-0.149,0.956,-0.10,100,0,117.87,-45.76,10,0.00,3.97,3.99,3.98,3.98,3.97,3.98,3.99,3.98,31.99,0.0,31,31,0.0,0,16,-1024,0,0,667,1022,0,0,-1,0,0,0,1,-1,-1,-1,-1,0,0,
2026-03-25,14:10:31.050,7.61,100,100,100,-0.145,0.63,88,0,8.23,-0.157,0.958,-0.03,100,0,127.88,-42.50,10,0.00,3.97,3.99,3.98,3.98,3.97,3.98,3.99,3.98,31.99,0.0,31,31,0.0,0,16,-1024,0,0,667,1023,0,0,-1,0,0,0,1,-1,-1,-1,-1,0,0,
2026-03-25,14:10:31.310,7.61,100,100,100,0.268,0.60,89,0,8.17,-0.324,0.954,-0.06,100,0,132.11,-40.80,10,0.00,3.97,3.99,3.98,3.98,3.97,3.98,3.99,3.98,31.88,0.0,31,31,0.0,0,16,-1024,0,0,667,1022,0,0,-1,0,0,0,1,-1,-1,-1,-1,0,0,
2026-03-25,14:10:31.570,7.61,100,100,100,-0.009,0.57,92,0,8.19,-0.203,1.078,-0.07,100,0,140.35,-38.71,10,0.00,3.97,3.99,3.98,3.98,3.97,3.98,3.99,3.98,31.88,0.0,31,31,0.0,0,16,-1024,0,0,667,1022,0,0,-1,0,0,0,1,-1,-1,-1,-1,0,0,
2026-03-25,14:10:31.840,7.61,100,100,100,-0.181,0.61,93,0,8.21,-0.142,0.926,0.03,100,0,145.45,-34.59,10,0.00,3.97,3.99,3.98,3.98,3.97,3.98,3.99,3.98,24.99,0.0,31,31,0.0,0,16,-1024,0,0,667,1022,0,0,-1,0,0,0,1,-1,-1,-1,-1,0,0,
2026-03-25,14:10:32.110,7.61,99,100,100,-0.116,0.62,94,0,8.25,-0.198,0.978,0.04,100,0,147.71,-32.91,10,0.00,3.97,3.99,3.98,3.98,3.97,3.98,3.99,3.98,24.99,0.0,31,31,0.0,0,16,-1024,0,0,667,1023,0,0,-1,0,0,0,1,-1,-1,-1,-1,0,0,
2026-03-25,14:10:32.370,7.60,99,100,100,-0.125,0.63,94,0,8.24,-0.175,0.962,0.04,100,0,151.86,-29.67,10,0.00,3.97,3.99,3.98,3.98,3.97,3.98,3.99,3.99,19.73,0.0,31,31,0.0,0,16,-1024,0,0,667,1022,0,0,-1,0,0,0,1,-1,-1,-1,-1,0,0,
2026-03-25,14:10:32.630,7.60,99,100,100,-0.142,0.60,92,0,8.22,-0.171,0.963,-0.01,100,0,153.64,-28.20,10,0.00,3.97,3.99,3.98,3.98,3.97,3.98,3.99,3.99,19.73,0.0,31,31,0.0,0,16,-1024,0,0,667,1023,0,0,-1,0,0,0,1,-1,-1,-1,-1,0,0,
2026-03-25,14:10:32.890,7.60,100,100,100,-0.163,0.62,89,0,8.22,-0.169,0.965,-0.03,100,0,156.66,-25.51,10,0.00,3.97,3.99,3.98,3.98,3.97,3.98,3.99,3.99,15.67,0.0,31,31,0.0,0,-561,-1024,0,0,667,1023,0,0,-1,0,0,0,1,-1,-1,-1,-1,0,0,
2026-03-25,14:10:33.160,7.61,100,100,100,-0.145,0.61,88,0,8.21,-0.168,0.955,0.01,100,0,157.96,-24.29,10,0.00,3.97,3.99,3.98,3.98,3.97,3.98,3.99,3.99,15.67,0.0,31,31,0.0,0,-609,-1024,0,0,667,1023,0,0,-1,0,0,0,1,-1,-1,-1,-1,0,0,
2026-03-25,14:10:33.420,7.61,100,100,100,-0.128,0.61,88,0,8.22,-0.173,0.955,0.01,100,0,159.11,-23.19,10,0.00,3.97,3.99,3.98,3.98,3.97,3.98,3.99,3.99,12.54,0.0,31,31,0.0,0,12,-1024,0,0,667,1023,0,0,-1,0,0,0,1,-1,-1,-1,-1,0,0,
2026-03-25,14:10:33.680,7.61,100,100,100,-0.133,0.59,87,0,8.24,-0.171,0.952,0.00,100,0,162.04,-20.28,10,0.00,3.97,3.99,3.98,3.98,3.97,3.98,3.99,3.98,12.54,0.0,31,31,0.0,0,16,-1024,0,0,667,1022,0,0,-1,0,0,0,1,-1,-1,-1,-1,0,0,
2026-03-25,14:10:33.940,7.60,100,100,100,-0.139,0.59,87,0,8.27,-0.172,0.972,-0.01,100,0,162.85,-19.43,10,0.00,3.97,3.99,3.98,3.98,3.97,3.98,3.99,3.98,10.13,0.0,31,31,0.0,0,16,-1024,0,0,667,1022,0,0,-1,0,0,0,1,-1,-1,-1,-1,0,0,
2026-03-25,14:10:34.210,7.60,100,100,100,-0.150,0.62,86,0,8.27,-0.168,0.958,0.05,100,0,164.26,-17.96,10,0.00,3.97,3.99,3.98,3.98,3.97,3.98,3.99,3.98,8.27,0.0,31,31,0.0,0,14,-1024,0,0,667,1022,0,0,-1,0,0,0,1,-1,-1,-1,-1,0,0,
2026-03-25,14:10:34.480,7.61,100,100,100,-0.156,0.63,86,0,8.28,-0.166,0.971,0.03,100,0,165.42,-16.69,10,0.00,3.97,3.99,3.98,3.98,3.97,3.98,3.99,3.98,8.27,0.0,31,31,0.0,0,14,-1024,0,0,667,1022,0,0,-1,0,0,0,1,-1,-1,-1,-1,0,0,
2026-03-25,14:10:34.740,7.61,100,100,100,-0.152,0.62,87,0,8.25,-0.179,0.978,0.01,100,0,165.94,-16.10,10,0.00,3.97,3.99,3.98,3.98,3.97,3.98,3.99,3.98,6.84,0.0,31,31,0.0,0,14,-1024,0,0,667,1022,0,0,-1,0,0,0,1,-1,-1,-1,-1,0,0,
2026-03-25,14:10:35.010,7.61,100,100,100,-0.146,0.69,88,0,8.25,-0.188,0.970,0.12,100,0,166.84,-15.04,10,0.00,3.97,3.99,3.98,3.98,3.97,3.98,3.99,3.98,6.84,0.0,31,31,0.0,0,14,-1024,0,0,667,1023,0,0,-1,0,0,0,1,-1,-1,-1,-1,0,0,
2026-03-25,14:10:35.270,7.61,100,100,100,-0.125,0.67,89,0,8.20,-0.165,0.985,0.05,100,0,167.22,-14.64,10,0.00,3.97,3.99,3.98,3.98,3.97,3.98,3.99,3.98,5.74,0.0,30,31,0.0,0,14,-1024,0,0,667,1022,0,0,-1,0,0,0,1,-1,-1,-1,-1,0,0,
2026-03-25,14:10:35.540,7.61,100,100,100,-0.141,0.64,89,0,8.24,-0.187,0.975,-0.06,100,0,167.22,-14.64,10,0.00,3.97,3.99,3.98,3.98,3.97,3.98,3.99,3.98,5.74,0.0,30,31,0.0,0,15,-1024,0,0,667,1022,0,0,-1,0,0,0,1,-1,-1,-1,-1,0,0,
2026-03-25,14:10:35.810,7.60,100,100,100,-0.141,0.64,83,0,8.24,-0.187,0.975,-0.06,100,0,167.22,-14.64,10,0.00,3.97,3.99,3.98,3.98,3.97,3.98,3.99,3.98,5.74,0.0,30,31,0.0,0,16,-1024,0,0,667,1022,0,0,-1,0,0,0,1,-1,-1,-1,-1,0,0,
2026-03-25,14:10:36.080,7.61,100,100,100,-0.141,0.64,72,1,8.24,-0.187,0.975,-0.06,100,0,167.22,-14.64,10,0.00,3.97,3.99,3.98,3.98,3.97,3.98,3.99,3.98,5.74,0.0,30,31,0.0,0,16,-1024,0,0,667,1022,0,0,-1,0,0,0,1,-1,-1,-1,-1,0,0,
2026-03-25,14:10:36.340,7.61,100,100,100,-0.141,0.64,68,2,8.24,-0.187,0.975,-0.06,100,0,167.22,-14.64,10,0.00,3.97,3.99,3.98,3.98,3.97,3.98,3.99,3.98,5.74,0.0,30,31,0.0,0,17,-1024,0,0,667,1023,0,0,-1,0,0,0,1,-1,-1,-1,-1,0,0,
2026-03-25,14:10:36.600,7.60,100,100,100,-0.141,0.64,68,2,8.24,-0.187,0.975,-0.06,100,0,167.22,-14.64,10,0.00,3.97,3.99,3.98,3.98,3.97,3.98,3.99,3.98,5.74,0.0,30,31,0.0,0,17,-1024,0,0,667,1023,0,0,-1,0,0,0,1,-1,-1,-1,-1,0,0,
2026-03-25,14:10:36.860,7.60,100,100,100,-0.141,0.64,68,2,8.24,-0.187,0.975,-0.06,100,0,167.22,-14.64,10,0.00,3.97,3.99,3.98,3.98,3.97,3.98,3.99,3.98,5.74,0.0,30,31,0.0,0,17,-1024,0,0,667,1022,0,0,-1,0,0,0,1,-1,-1,-1,-1,0,0,
2026-03-25,14:10:37.120,7.61,100,100,100,-0.141,0.64,68,2,8.24,-0.187,0.975,-0.06,100,0,167.22,-14.64,10,0.00,3.97,3.99,3.98,3.98,3.97,3.98,3.99,3.98,5.74,0.0,30,31,0.0,0,17,-1024,0,0,667,1022,0,0,-1,0,0,0,1,-1,-1,-1,-1,0,0,
2026-03-25,14:10:37.410,7.61,100,100,100,-0.141,0.64,68,2,8.24,-0.187,0.975,-0.06,100,0,167.22,-14.64,10,0.00,3.97,3.99,3.98,3.98,3.97,3.98,3.99,3.98,5.74,0.0,30,31,0.0,0,18,-1024,0,0,667,1022,0,0,-1,0,0,0,1,-1,-1,-1,-1,0,0,
2026-03-25,14:10:37.680,7.60,100,100,100,-0.141,0.64,68,2,8.24,-0.187,0.975,-0.06,100,0,167.22,-14.64,10,0.00,3.97,3.99,3.98,3.98,3.97,3.98,3.99,3.98,5.74,0.0,30,31,0.0,0,17,-1024,0,0,667,1022,0,0,-1,0,0,0,1,-1,-1,-1,-1,0,0,
2026-03-25,14:10:37.950,7.60,100,100,100,-0.141,0.64,68,2,8.24,-0.187,0.975,-0.06,100,0,167.22,-14.64,10,0.00,3.97,3.99,3.98,3.98,3.97,3.98,3.99,3.98,5.74,0.0,30,31,0.0,0,17,-1024,0,0,667,1023,0,0,-1,0,0,0,1,-1,-1,-1,-1,0,0,
2026-03-25,14:10:38.280,7.60,100,100,100,-0.141,0.64,68,2,8.24,-0.187,0.975,-0.06,100,0,167.22,-14.64,10,0.00,3.97,3.99,3.98,3.98,3.97,3.98,3.99,3.98,5.74,0.0,30,31,0.0,0,17,-1024,0,0,667,1022,0,0,-1,0,0,0,1,-1,-1,-1,-1,0,0,
2026-03-25,14:10:38.540,7.60,100,100,100,-0.141,0.64,68,2,8.24,-0.187,0.975,-0.06,100,0,167.22,-14.64,10,0.00,3.97,3.99,3.98,3.98,3.97,3.98,3.99,3.98,5.74,0.0,30,31,0.0,0,17,-1024,0,0,667,1022,0,0,-1,0,0,0,1,-1,-1,-1,-1,0,0,
2026-03-25,14:10:38.800,7.60,100,100,100,-0.141,0.64,68,2,8.24,-0.187,0.975,-0.06,100,0,167.22,-14.64,10,0.00,3.97,3.99,3.98,3.98,3.97,3.98,3.99,3.98,5.74,0.0,30,31,0.0,0,17,-1024,0,0,667,1022,0,0,-1,0,0,0,1,-1,-1,-1,-1,0,0,
2026-03-25,14:10:39.060,7.60,100,100,100,-0.141,0.64,68,2,8.24,-0.187,0.975,-0.06,100,0,167.22,-14.64,10,0.00,3.97,3.99,3.98,3.98,3.97,3.98,3.99,3.98,5.74,0.0,30,31,0.0,0,17,-1024,0,0,667,1022,0,0,-1,0,0,0,1,-1,-1,-1,-1,0,0,
