Date,Time,TxBat(V),VFR 2.4G(%),Rx VFR(%),VFR 900M(%),AccY(g),Altitude(m),RSSI 2.4G(dB),RX,RxBatt(V),AccX(g),AccZ(g),VSpeed(m/s),RSSI 900M(dB),RX,R.angle(°),P.angle(°),Power 900M(mW),ADC2(V),LiPo1(V),LiPo2(V),LiPo3(V),LiPo4(V),LiPo5(V),LiPo6(V),LiPo7(V),LiPo8(V),VFAS(V),Current(A),Temp1(°C),Temp2(°C),Air speed(km/h),Rudder,Elevator,Throttle,Aileron,Pot1,Pot2,Slider left,Slider right,SA,SB,SC,SD,SE,SF,SG,SH,SI,SJ,LS1,LS2,
2026-03-25,17:39:16.650,7.52,100,100,99,-0.163,-2.76,73,0,8.28,-0.121,0.976,0.07,89,0,167.68,-5.15,10,0.10,4.20,4.20,4.19,4.20,4.20,4.19,4.21,4.20,33.69,0.0,28,28,0.0,0,14,-1024,0,0,667,744,0,0,-1,0,0,-1,-1,-1,-1,-1,-1,0,0,
2026-03-25,17:39:16.890,7.52,100,100,99,-0.293,-2.84,75,0,8.28,-0.143,1.146,-0.10,92,0,167.21,-5.04,10,0.10,4.20,4.20,4.19,4.20,4.20,4.19,4.21,4.20,33.69,0.0,28,28,0.0,0,15,-1024,0,0,667,744,0,0,-1,0,0,-1,-1,-1,-1,-1,-1,0,0,
2026-03-25,17:39:17.150,7.52,99,99,99,-0.171,-2.87,74,0,8.26,-0.125,0.859,-0.14,89,0,166.64,-7.50,10,0.10,4.20,4.20,4.19,4.20,4.20,4.19,4.21,4.20,33.69,0.0,28,28,0.0,0,14,-1024,0,0,667,745,0,0,-1,0,0,-1,-1,-1,-1,-1,-1,0,0,
2026-03-25,17:39:17.420,7.52,99,99,99,-0.171,-2.84,74,0,8.24,-0.223,0.966,0.00,83,0,167.01,-8.89,10,0.10,4.20,4.20,4.19,4.20,4.20,4.19,4.21,4.20,33.69,0.0,28,28,0.0,0,14,-1024,0,0,667,744,0,0,-1,0,0,-1,-1,-1,-1,-1,-1,0,0,
2026-03-25,17:39:17.680,7.51,98,100,100,-0.112,-2.79,72,0,8.26,-0.040,0.879,0.09,83,0,166.03,-9.03,10,0.10,4.20,4.20,4.19,4.20,4.20,4.19,4.20,4.20,33.69,0.0,28,28,0.0,0,14,-1024,0,0,667,744,0,0,-1,0,0,-1,-1,-1,-1,-1,-1,0,0,
2026-03-25,17:39:17.940,7.51,98,100,100,-0.319,-2.78,72,0,8.25,-0.194,1.180,0.08,82,0,165.44,-8.14,10,0.10,4.20,4.20,4.19,4.20,4.20,4.19,4.20,4.20,33.69,0.0,28,28,0.0,0,14,-1023,0,0,667,744,0,0,-1,0,0,-1,-1,-1,-1,-1,-1,0,0,
2026-03-25,17:39:18.210,7.52,98,100,100,-0.205,-2.80,73,0,8.27,0.003,0.930,0.08,83,0,167.28,-6.43,10,0.10,4.20,4.20,4.19,4.20,4.20,4.19,4.20,4.20,33.69,0.0,28,28,0.0,0,14,-1024,0,0,667,744,0,0,-1,0,0,-1,-1,-1,-1,-1,-1,0,0,
2026-03-25,17:39:18.480,7.51,99,100,100,-0.168,-2.83,75,0,8.25,-0.086,1.042,-0.05,85,0,170.98,-4.97,10,0.10,4.20,4.20,4.19,4.20,4.20,4.19,4.20,4.20,33.69,0.0,28,28,0.0,0,14,-1023,0,0,667,744,0,0,-1,0,0,-1,-1,-1,-1,-1,-1,0,0,
2026-03-25,17:39:18.750,7.51,100,100,100,-0.143,-2.87,76,0,8.24,-0.024,1.066,-0.02,84,0,170.70,-4.44,10,0.10,4.20,4.20,4.19,4.20,4.20,4.19,4.21,4.20,33.69,0.0,28,28,0.0,0,14,-1024,0,0,667,744,0,0,-1,0,0,-1,-1,-1,-1,-1,-1,0,0,
2026-03-25,17:39:19.010,7.51,100,100,100,-0.097,-2.91,74,0,8.26,-0.125,0.979,-0.09,84,0,172.04,-4.48,10,0.10,4.20,4.20,4.19,4.20,4.20,4.19,4.21,4.20,33.69,0.0,28,28,0.0,0,15,-1024,0,0,667,744,0,0,-1,0,0,-1,-1,-1,-1,-1,-1,0,0,
2026-03-25,17:39:19.270,7.51,99,100,100,-0.168,-2.91,73,0,8.24,0.067,0.959,-0.04,86,0,174.72,-3.27,10,0.10,4.20,4.20,4.19,4.20,4.20,4.19,4.21,4.20,33.69,0.0,28,28,0.0,0,14,-1023,0,0,667,745,0,0,-1,0,0,-1,-1,-1,-1,-1,-1,0,0,
2026-03-25,17:39:19.540,7.52,99,100,100,-0.067,-2.92,70,0,8.24,-0.089,0.900,-0.01,83,0,173.19,-2.37,10,0.10,4.20,4.20,4.19,4.20,4.20,4.19,4.21,4.20,33.70,0.0,28,28,0.0,0,14,-1024,0,0,667,745,0,0,-1,0,0,-1,-1,-1,-1,-1,-1,0,0,
2026-03-25,17:39:19.800,7.51,99,99,99,-0.149,-2.92,69,0,8.26,0.097,0.947,0.00,85,0,173.62,-1.71,10,0.10,4.20,4.20,4.19,4.20,4.20,4.19,4.21,4.20,33.70,0.0,28,28,0.0,0,14,-1023,0,0,667,744,0,0,-1,0,0,-1,-1,-1,-1,-1,-1,0,0,
2026-03-25,17:39:20.060,7.52,99,99,99,0.009,-2.90,67,0,8.27,-0.049,0.957,0.03,88,0,172.39,-1.51,10,0.10,4.20,4.20,4.19,4.20,4.20,4.19,4.20,4.20,33.70,0.0,28,28,0.0,0,14,-1024,0,0,667,745,0,0,-1,0,0,-1,-1,-1,-1,-1,-1,0,0,
2026-03-25,17:39:20.330,7.52,99,99,99,-0.262,-2.94,68,0,8.26,0.036,0.953,-0.06,90,0,173.69,-1.25,10,0.10,4.20,4.20,4.19,4.20,4.20,4.19,4.20,4.20,33.70,0.0,28,28,0.0,0,14,-1024,0,0,667,745,0,0,-1,0,0,-1,-1,-1,-1,-1,-1,0,0,
2026-03-25,17:39:20.600,7.52,99,99,99,-0.094,-2.90,70,0,8.26,-0.031,0.973,0.02,94,0,171.42,-2.23,10,0.10,4.20,4.20,4.19,4.20,4.20,4.19,4.20,4.20,33.69,0.0,28,28,0.0,0,14,-1024,0,0,667,745,0,0,-1,0,0,-1,-1,-1,-1,-1,-1,0,0,
2026-03-25,17:39:20.860,7.51,100,100,99,-0.145,-2.94,74,0,8.24,-0.081,1.236,0.00,95,0,173.21,-4.63,10,0.10,4.20,4.20,4.19,4.20,4.20,4.19,4.20,4.20,33.69,0.0,28,28,0.0,0,15,-1021,0,0,667,745,0,0,-1,0,0,-1,-1,-1,-1,-1,-1,0,0,
2026-03-25,17:39:21.120,7.52,100,100,99,-0.097,-2.98,73,0,8.23,-0.127,0.851,-0.14,97,0,170.04,-4.34,10,0.10,4.20,4.20,4.19,4.20,4.20,4.19,4.20,4.20,33.69,0.0,28,28,0.0,0,14,-1023,0,0,667,745,0,0,-1,0,0,-1,-1,-1,-1,-1,-1,0,0,
2026-03-25,17:39:21.390,7.52,100,100,99,-0.226,-2.93,74,0,8.25,-0.071,1.066,0.07,99,0,170.04,-4.34,10,0.10,4.20,4.20,4.19,4.20,4.20,4.19,4.20,4.20,33.69,0.0,28,28,0.0,-2,14,-1022,0,0,667,745,0,0,-1,0,0,-1,-1,-1,-1,-1,-1,0,0,
2026-03-25,17:39:21.650,7.52,100,100,99,-0.097,-2.96,78,0,8.26,0.062,0.895,-0.02,99,0,171.92,1.13,10,0.10,4.20,4.20,4.19,4.20,4.20,4.19,4.20,4.20,33.69,0.0,28,28,0.0,0,14,-1023,0,0,667,745,0,0,-1,0,0,-1,-1,-1,-1,-1,-1,0,0,
2026-03-25,17:39:21.920,7.52,100,100,98,-0.091,-2.99,77,0,8.27,0.078,0.982,-0.11,99,0,173.90,1.81,10,0.10,4.20,4.20,4.19,4.20,4.20,4.19,4.20,4.20,33.69,0.0,28,28,0.0,0,14,-1023,0,0,667,744,0,0,-1,0,0,-1,-1,-1,-1,-1,-1,0,0,
2026-03-25,17:39:22.180,7.52,97,98,98,-0.040,-2.99,75,0,8.28,0.056,0.896,0.00,98,0,171.47,0.84,10,0.10,4.20,4.20,4.19,4.20,4.20,4.19,4.20,4.20,33.69,0.0,28,28,0.0,0,14,-920,0,0,667,745,0,0,-1,0,0,-1,-1,-1,-1,-1,-1,0,0,
2026-03-25,17:39:22.440,7.52,97,98,98,-0.157,-3.05,74,0,8.28,-0.005,1.145,-0.12,98,0,173.18,0.09,10,0.10,4.20,4.20,4.19,4.20,4.20,4.19,4.21,4.19,33.69,0.0,28,28,0.0,0,14,-887,0,0,667,745,0,0,-1,0,0,-1,-1,-1,-1,-1,-1,0,0,
2026-03-25,17:39:22.700,7.52,97,98,98,-0.180,-3.03,76,0,8.28,0.096,1.016,-0.07,99,0,172.21,-0.05,10,0.10,4.20,4.20,4.19,4.20,4.20,4.19,4.21,4.19,33.69,0.0,28,28,0.0,0,14,-762,0,0,667,744,0,0,-1,0,0,-1,-1,-1,-1,-1,-1,0,0,
2026-03-25,17:39:22.960,7.51,99,99,98,-0.126,-3.00,78,0,8.28,0.027,1.027,0.08,97,0,172.96,0.01,10,0.10,4.20,4.20,4.19,4.20,4.20,4.19,4.21,4.19,33.69,0.0,28,28,0.0,0,14,-572,0,0,667,745,0,0,-1,0,0,-1,-1,-1,-1,-1,-1,0,0,
2026-03-25,17:39:23.230,7.52,100,100,98,-0.224,-3.05,81,0,8.28,0.058,1.034,-0.07,97,0,172.24,0.41,10,0.10,4.20,4.20,4.19,4.20,4.20,4.19,4.21,4.19,33.69,0.0,28,28,0.0,-26,14,-1024,0,0,667,745,0,0,-1,0,0,-1,-1,-1,-1,-1,-1,0,0,
2026-03-25,17:39:23.490,7.52,100,100,98,-0.139,-3.03,83,0,8.28,-0.039,1.008,0.00,98,0,171.46,1.01,10,0.10,4.20,4.20,4.19,4.20,4.20,4.19,4.20,4.19,33.69,0.3,28,28,0.0,0,14,-1023,0,0,667,745,0,0,-1,0,0,-1,-1,-1,-1,-1,-1,0,0,
2026-03-25,17:39:23.760,7.52,100,100,98,-0.033,-3.06,85,0,8.28,0.094,0.923,-0.02,98,0,172.07,1.16,10,0.10,4.19,4.20,4.19,4.20,4.20,4.19,4.20,4.19,33.69,0.3,28,28,0.0,0,15,-1024,0,0,667,744,0,0,-1,0,0,-1,-1,-1,-1,-1,-1,0,0,
2026-03-25,17:39:24.030,7.52,100,100,99,-0.043,-3.07,85,0,8.28,-0.023,0.938,-0.07,89,0,172.22,-0.41,10,0.10,4.19,4.20,4.19,4.20,4.20,4.19,4.20,4.19,33.69,0.0,28,28,0.0,0,15,-1023,0,0,667,745,0,0,-1,0,0,-1,-1,-1,-1,-1,-1,0,0,
2026-03-25,17:39:24.290,7.52,100,100,99,-0.142,-3.03,86,0,8.28,0.012,0.886,0.05,90,0,172.68,-2.71,10,0.10,4.19,4.20,4.19,4.20,4.20,4.19,4.20,4.19,33.69,0.0,28,28,0.0,0,15,-1023,0,0,667,745,0,0,-1,0,0,-1,-1,-1,-1,-1,-1,0,0,
2026-03-25,17:39:24.560,7.52,100,100,99,-0.052,-3.04,85,0,8.28,-0.064,0.886,0.00,89,0,172.10,-2.96,10,0.10,4.19,4.20,4.19,4.20,4.20,4.19,4.20,4.19,33.69,0.0,28,28,0.0,0,15,-1024,0,0,667,746,0,0,-1,0,0,-1,-1,-1,-1,-1,-1,0,0,
2026-03-25,17:39:24.830,7.52,100,100,99,-0.141,-3.11,83,0,8.28,0.050,0.959,-0.16,87,0,174.87,-0.07,10,0.10,4.19,4.20,4.19,4.20,4.20,4.19,4.20,4.20,33.69,0.0,28,28,0.0,0,14,-1023,0,0,667,745,0,0,-1,0,0,-1,-1,-1,-1,-1,-1,0,0,
2026-03-25,17:39:25.100,7.52,100,100,99,0.009,-3.12,84,0,8.28,0.093,1.007,-0.11,86,0,175.06,1.66,10,0.10,4.20,4.20,4.19,4.20,4.20,4.19,4.20,4.20,33.69,0.0,28,28,0.0,0,14,-1023,0,0,667,745,0,0,-1,0,0,-1,-1,-1,-1,-1,-1,0,0,
2026-03-25,17:39:25.360,7.52,100,100,99,-0.153,-3.09,84,0,8.28,0.024,1.158,0.00,89,0,176.45,1.66,10,0.10,4.20,4.20,4.19,4.20,4.20,4.19,4.20,4.20,33.69,0.0,28,28,0.0,0,14,-1024,0,0,667,745,0,0,-1,0,0,-1,-1,-1,-1,-1,-1,0,0,
2026-03-25,17:39:25.630,7.51,100,100,99,-0.031,-3.08,84,0,8.28,-0.042,0.941,0.06,94,0,171.81,0.49,10,0.10,4.20,4.20,4.19,4.20,4.20,4.19,4.20,4.20,33.69,0.0,28,28,0.0,0,14,-1024,0,0,666,745,0,0,-1,0,0,-1,-1,-1,-1,-1,-1,0,0,
2026-03-25,17:39:25.890,7.51,100,100,100,-0.100,-3.08,82,0,8.28,0.084,1.171,0.00,92,0,172.82,1.23,10,0.10,4.20,4.20,4.19,4.20,4.20,4.19,4.20,4.20,33.69,0.0,28,28,0.0,0,15,-1024,0,0,667,745,0,0,-1,0,0,-1,-1,-1,-1,-1,-1,0,0,
2026-03-25,17:39:26.160,7.51,100,100,100,-0.024,-3.02,82,0,8.28,0.053,0.880,0.13,94,0,171.03,-0.24,10,0.10,4.20,4.20,4.19,4.20,4.20,4.19,4.20,4.20,33.69,0.0,28,28,0.0,0,14,-1024,0,0,667,745,0,0,-1,0,0,-1,-1,-1,-1,-1,-1,0,0,
2026-03-25,17:39:26.430,7.51,100,100,100,-0.195,-3.00,83,0,8.28,0.010,1.009,0.08,96,0,173.44,-2.46,10,0.10,4.20,4.20,4.20,4.20,4.20,4.19,4.20,4.20,33.69,0.0,28,28,0.0,0,15,-1024,0,0,667,745,0,0,-1,0,0,-1,-1,-1,-1,-1,-1,0,0,
2026-03-25,17:39:26.690,7.52,100,100,100,-0.043,-3.06,83,0,8.28,0.000,0.765,-0.07,97,0,171.93,-4.00,10,0.10,4.20,4.20,4.20,4.20,4.20,4.19,4.20,4.20,33.69,0.0,28,28,0.0,0,15,-1024,0,0,667,744,0,0,-1,0,0,-1,-1,-1,-1,-1,-1,0,0,
2026-03-25,17:39:26.970,7.51,100,100,100,-0.083,-3.04,80,0,8.28,-0.048,1.100,-0.03,87,0,175.43,-4.10,10,0.10,4.20,4.20,4.20,4.20,4.20,4.19,4.20,4.20,33.69,0.0,28,28,0.0,0,14,-1023,0,0,667,744,0,0,-1,0,0,-1,-1,-1,-1,-1,-1,0,0,
2026-03-25,17:39:27.240,7.52,100,100,100,-0.079,-3.01,79,0,8.28,0.093,1.059,0.09,91,0,174.02,-3.48,10,0.10,4.20,4.20,4.20,4.20,4.20,4.19,4.20,4.20,33.69,0.0,28,28,0.0,0,14,-1024,0,0,667,744,0,0,-1,0,0,-1,-1,-1,-1,-1,-1,0,0,
2026-03-25,17:39:27.500,7.51,100,100,100,-0.161,-3.01,80,0,8.28,-0.045,1.048,0.02,91,0,175.52,-3.36,10,0.10,4.20,4.20,4.20,4.20,4.20,4.19,4.20,4.20,33.69,0.0,28,28,0.0,0,15,-1023,0,0,667,744,0,0,-1,0,0,-1,-1,-1,-1,-1,-1,0,0,
2026-03-25,17:39:27.760,7.51,100,100,100,0.019,-3.01,81,0,8.28,-0.039,0.788,0.02,92,0,171.77,-3.38,10,0.10,4.20,4.20,4.20,4.20,4.20,4.19,4.20,4.20,33.69,0.0,28,28,0.0,0,15,-1023,0,0,667,745,0,0,-1,0,0,-1,-1,-1,-1,-1,-1,0,0,
2026-03-25,17:39:28.030,7.51,100,100,100,-0.118,-3.00,81,0,8.23,-0.044,1.046,0.03,89,0,173.30,-2.58,10,0.10,4.20,4.20,4.20,4.20,4.20,4.19,4.20,4.20,33.69,0.0,28,28,0.0,0,15,-1023,0,0,667,745,0,0,-1,0,0,-1,-1,-1,-1,-1,-1,0,0,
2026-03-25,17:39:28.290,7.52,100,100,100,-0.080,-3.06,81,0,8.25,0.058,0.949,-0.12,92,0,170.96,-1.63,10,0.10,4.20,4.20,4.20,4.20,4.20,4.19,4.20,4.20,33.69,0.0,28,28,0.0,0,14,-1024,0,0,667,745,0,0,-1,0,0,-1,-1,-1,-1,-1,-1,0,0,
2026-03-25,17:39:28.550,7.52,100,100,100,-0.065,-3.02,79,0,8.27,-0.022,0.826,0.02,93,0,171.88,-2.88,10,0.10,4.20,4.20,4.20,4.20,4.20,4.19,4.20,4.20,33.69,0.0,28,28,0.0,0,14,-1024,0,0,667,747,0,0,-1,0,0,-1,-1,-1,-1,-1,-1,0,0,
2026-03-25,17:39:28.810,7.52,100,100,100,-0.217,-2.97,79,0,8.28,-0.008,0.981,0.12,95,0,171.52,-5.13,10,0.10,4.20,4.20,4.20,4.20,4.20,4.19,4.20,4.20,33.69,0.0,28,28,0.0,0,15,-1024,0,0,666,747,0,0,-1,0,0,-1,-1,-1,-1,-1,-1,0,0,
2026-03-25,17:39:29.070,7.52,100,100,100,-0.095,-2.97,79,0,8.28,-0.045,0.765,0.08,96,0,170.57,-5.81,10,0.10,4.20,4.20,4.19,4.20,4.20,4.19,4.20,4.20,33.69,0.0,28,28,0.0,0,16,-1024,0,0,667,746,0,0,-1,0,0,-1,-1,-1,-1,-1,-1,0,0,
2026-03-25,17:39:29.330,7.52,100,100,100,-0.221,-3.03,80,0,8.26,-0.003,1.021,-0.09,91,0,171.30,-3.05,10,0.10,4.20,4.20,4.19,4.20,4.20,4.19,4.20,4.20,33.69,0.0,28,28,0.0,0,15,-1024,0,0,667,746,0,0,-1,0,0,-1,-1,-1,-1,-1,-1,0,0,
2026-03-25,17:39:29.590,7.52,100,100,100,-0.080,-2.96,80,0,8.27,-0.015,0.918,0.08,91,0,171.60,-2.94,10,0.10,4.20,4.20,4.19,4.20,4.20,4.19,4.20,4.20,33.69,0.0,28,28,0.0,0,14,-1024,0,0,667,746,0,0,-1,0,0,-1,-1,-1,-1,-1,-1,0,0,
2026-03-25,17:39:29.860,7.51,100,100,100,-0.159,-3.02,80,0,8.28,-0.051,1.215,-0.04,90,0,172.47,-3.11,10,0.10,4.20,4.20,4.19,4.20,4.20,4.19,4.20,4.20,33.69,0.0,28,28,0.0,0,14,-1024,0,0,667,746,0,0,-1,0,0,-1,-1,-1,-1,-1,-1,0,0,
2026-03-25,17:39:30.120,7.52,100,100,100,-0.090,-3.11,81,0,8.28,-0.075,0.801,-0.18,89,0,170.73,-4.10,10,0.10,4.20,4.20,4.20,4.20,4.20,4.19,4.20,4.20,33.69,0.0,28,28,0.0,0,15,-1024,0,0,667,746,0,0,-1,0,0,-1,-1,-1,-1,-1,-1,0,0,
2026-03-25,17:39:30.390,7.52,100,100,100,-0.111,-3.09,81,0,8.26,-0.023,1.042,-0.05,91,0,171.77,-3.46,10,0.10,4.20,4.20,4.20,4.20,4.20,4.19,4.20,4.20,33.69,0.0,28,28,0.0,0,14,-1024,0,0,667,746,0,0,-1,0,0,-1,-1,-1,-1,-1,-1,0,0,
2026-03-25,17:39:30.650,7.52,100,100,100,-0.102,-3.05,81,0,8.27,-0.017,0.820,0.06,93,0,171.00,-3.61,10,0.10,4.20,4.20,4.20,4.20,4.20,4.19,4.20,4.20,33.69,0.0,28,28,0.0,0,14,-1024,0,0,667,746,0,0,-1,0,0,-1,-1,-1,-1,-1,-1,0,0,
2026-03-25,17:39:30.910,7.52,100,100,100,-0.204,-3.06,82,0,8.28,-0.050,1.124,0.06,93,0,170.61,-4.85,10,0.10,4.20,4.20,4.20,4.20,4.20,4.19,4.20,4.20,33.69,0.0,28,28,0.0,0,14,-1023,0,0,666,746,0,0,-1,0,0,-1,-1,-1,-1,-1,-1,0,0,
2026-03-25,17:39:31.170,7.51,100,100,100,-0.199,-3.11,81,0,8.28,-0.034,0.831,-0.11,91,0,168.42,-5.42,10,0.10,4.20,4.20,4.20,4.20,4.20,4.19,4.20,4.20,33.69,0.0,28,28,0.0,0,14,-1024,0,0,667,746,0,0,-1,0,0,-1,-1,-1,-1,-1,-1,0,0,
2026-03-25,17:39:31.440,7.52,100,100,100,-0.272,-3.14,81,0,8.26,-0.127,1.112,-0.11,95,0,166.63,-5.17,10,0.10,4.20,4.20,4.19,4.20,4.20,4.19,4.20,4.20,33.69,0.0,28,28,0.0,0,14,-1023,0,0,667,746,0,0,-1,0,0,-1,-1,-1,-1,-1,-1,0,0,
2026-03-25,17:39:31.700,7.52,100,100,99,-0.347,-3.14,81,0,8.27,-0.013,0.904,-0.06,97,0,166.94,-4.86,10,0.10,4.20,4.20,4.19,4.20,4.20,4.19,4.20,4.20,33.69,0.0,28,28,0.0,0,14,-1024,0,0,667,746,0,0,-1,0,0,-1,-1,-1,-1,-1,-1,0,0,
2026-03-25,17:39:31.970,7.51,100,100,99,-0.326,-3.14,79,0,8.28,-0.086,0.950,-0.02,95,0,165.66,-6.21,10,0.10,4.20,4.20,4.19,4.20,4.20,4.19,4.21,4.20,33.69,0.0,28,28,0.0,0,14,-1024,0,0,667,746,0,0,-1,0,0,-1,-1,-1,-1,-1,-1,0,0,
2026-03-25,17:39:32.240,7.51,100,100,99,-0.265,-3.11,77,0,8.28,-0.090,0.802,0.04,93,0,166.38,-6.55,10,0.10,4.20,4.20,4.19,4.20,4.20,4.19,4.21,4.20,33.69,0.0,28,28,0.0,0,14,-1024,0,0,667,746,0,0,-1,0,0,-1,-1,-1,-1,-1,-1,0,0,
2026-03-25,17:39:32.500,7.51,99,99,99,-0.110,-3.06,75,0,8.28,-0.090,1.027,0.11,91,0,164.67,-7.01,10,0.10,4.20,4.20,4.19,4.20,4.20,4.19,4.21,4.20,33.69,0.0,28,28,0.0,0,14,-1024,0,0,667,746,0,0,-1,0,0,-1,-1,-1,-1,-1,-1,0,0,
2026-03-25,17:39:32.770,7.51,99,99,99,-0.353,-3.09,75,0,8.28,0.036,1.025,-0.02,91,0,165.53,-4.86,10,0.10,4.20,4.20,4.19,4.20,4.20,4.19,4.21,4.20,33.69,0.0,28,28,0.0,0,14,-1024,0,0,667,746,0,0,-1,0,0,-1,-1,-1,-1,-1,-1,0,0,
2026-03-25,17:39:33.040,7.52,99,99,99,-0.136,-3.06,73,0,8.28,0.006,0.973,-0.01,89,0,166.22,-4.79,10,0.10,4.20,4.20,4.19,4.20,4.20,4.19,4.20,4.20,33.69,0.0,28,28,0.0,0,14,-1024,0,0,667,746,0,0,-1,0,0,-1,-1,-1,-1,-1,-1,0,0,
2026-03-25,17:39:33.300,7.51,100,100,99,-0.297,-3.08,72,0,8.28,-0.021,1.006,0.01,85,0,166.57,-4.76,10,0.10,4.20,4.20,4.19,4.20,4.20,4.19,4.20,4.20,33.69,0.0,28,28,0.0,0,14,-1024,0,0,667,746,0,0,-1,0,0,-1,-1,-1,-1,-1,-1,0,0,
2026-03-25,17:39:33.560,7.52,99,99,99,-0.131,-3.10,72,0,8.28,-0.086,0.866,-0.05,82,0,165.20,-5.80,10,0.10,4.20,4.20,4.19,4.20,4.20,4.19,4.20,4.20,33.69,0.0,28,28,0.0,0,14,-1024,0,0,667,746,0,0,-1,0,0,-1,-1,-1,-1,-1,-1,0,0,
2026-03-25,17:39:33.820,7.52,98,99,99,-0.252,-3.08,73,0,8.28,-0.091,0.981,0.01,78,0,167.53,-5.92,10,0.10,4.20,4.20,4.19,4.20,4.20,4.19,4.20,4.20,33.69,0.0,28,28,0.0,0,15,-1024,0,0,667,746,0,0,-1,0,0,-1,-1,-1,-1,-1,-1,0,0,
2026-03-25,17:39:34.090,7.52,97,99,99,-0.087,-3.06,73,0,8.28,0.000,0.998,0.02,72,0,170.36,-5.02,10,0.10,4.20,4.20,4.19,4.20,4.20,4.19,4.20,4.20,33.70,0.0,28,28,0.0,0,14,-1024,0,0,667,746,0,0,-1,0,0,-1,-1,-1,-1,-1,-1,0,0,
2026-03-25,17:39:34.360,7.52,98,99,99,-0.267,-3.01,73,0,8.28,-0.156,1.184,0.11,77,0,169.46,-3.94,10,0.10,4.20,4.20,4.19,4.20,4.20,4.19,4.20,4.20,33.70,0.0,28,28,0.0,0,14,-1024,0,0,667,746,0,0,-1,0,0,-1,-1,-1,-1,-1,-1,0,0,
2026-03-25,17:39:34.620,7.52,98,99,99,-0.065,-3.00,70,0,8.28,-0.002,0.849,0.10,73,0,167.65,-5.52,10,0.10,4.20,4.20,4.19,4.20,4.20,4.19,4.20,4.20,33.69,0.0,28,28,0.0,0,14,-1024,0,0,667,746,0,0,-1,0,0,-1,-1,-1,-1,-1,-1,0,0,
2026-03-25,17:39:34.890,7.52,99,99,99,-0.185,-3.02,70,0,8.28,0.090,1.038,-0.01,73,0,168.09,-5.42,10,0.10,4.20,4.20,4.19,4.20,4.20,4.19,4.20,4.20,33.69,0.0,28,28,0.0,0,14,-1024,0,0,667,746,0,0,-1,0,0,-1,-1,-1,-1,-1,-1,0,0,
2026-03-25,17:39:35.160,7.51,99,99,99,-0.082,-3.07,70,0,8.28,0.020,0.836,-0.10,74,0,169.27,-3.67,10,0.10,4.20,4.20,4.19,4.20,4.20,4.19,4.20,4.20,33.69,0.0,28,28,0.0,0,14,-1024,0,0,667,746,0,0,-1,0,0,-1,-1,-1,-1,-1,-1,0,0,
2026-03-25,17:39:35.420,7.52,100,100,99,-0.201,-3.04,71,0,8.28,-0.143,1.205,0.03,75,0,170.60,-3.90,10,0.10,4.20,4.20,4.19,4.20,4.20,4.19,4.20,4.20,33.69,0.0,28,28,0.0,0,14,-1024,0,0,667,746,0,0,-1,0,0,-1,-1,-1,-1,-1,-1,0,0,
2026-03-25,17:39:35.680,7.51,100,100,100,-0.239,-3.01,71,0,8.28,0.061,1.004,0.05,76,0,168.83,-4.07,10,0.10,4.20,4.20,4.19,4.20,4.20,4.19,4.20,4.20,33.69,0.0,28,28,0.0,0,15,-1023,0,0,667,746,0,0,-1,0,0,-1,-1,-1,-1,-1,-1,0,0,
2026-03-25,17:39:35.940,7.52,99,100,100,-0.176,-2.92,68,0,8.28,-0.077,1.009,0.16,76,0,169.58,-3.76,10,0.10,4.20,4.20,4.19,4.20,4.20,4.19,4.20,4.20,33.69,0.0,28,28,0.0,0,14,-1023,0,0,667,746,0,0,-1,0,0,-1,-1,-1,-1,-1,-1,0,0,
2026-03-25,17:39:36.200,7.52,99,100,100,-0.182,-2.93,67,0,8.28,0.044,1.008,0.10,75,0,169.77,-2.50,10,0.10,4.20,4.20,4.19,4.20,4.20,4.19,4.20,4.20,33.69,0.0,28,28,0.0,0,15,-1024,0,0,667,746,0,0,-1,0,0,-1,-1,-1,-1,-1,-1,0,0,
2026-03-25,17:39:36.460,7.51,98,100,100,-0.094,-2.88,66,0,8.28,-0.070,0.942,0.10,75,0,170.52,-1.44,10,0.10,4.20,4.20,4.19,4.20,4.20,4.19,4.20,4.20,33.69,0.0,28,28,0.0,0,14,-1023,0,0,667,746,0,0,-1,0,0,-1,-1,-1,-1,-1,-1,0,0,
2026-03-25,17:39:36.720,7.52,98,100,100,-0.170,-2.91,64,0,8.28,0.124,1.231,0.04,75,0,170.96,-1.27,10,0.10,4.20,4.20,4.19,4.20,4.20,4.19,4.20,4.20,33.69,0.0,28,28,0.0,0,14,-1023,0,0,667,746,0,0,-1,0,0,-1,-1,-1,-1,-1,-1,0,0,
2026-03-25,17:39:36.980,7.52,98,100,100,-0.109,-2.98,64,0,8.28,-0.069,0.852,-0.15,73,0,169.62,-2.64,10,0.10,4.20,4.20,4.19,4.20,4.20,4.19,4.20,4.20,33.69,0.0,28,28,0.0,0,15,-1022,0,0,667,746,0,0,-1,0,0,-1,-1,-1,-1,-1,-1,0,0,
2026-03-25,17:39:37.250,7.51,99,100,100,-0.117,-3.01,66,0,8.26,0.053,0.898,-0.11,71,0,171.35,-2.86,10,0.10,4.20,4.20,4.19,4.20,4.20,4.19,4.20,4.20,33.69,0.0,28,28,0.0,0,14,-1024,0,0,667,746,0,0,-1,0,0,-1,-1,-1,-1,-1,-1,0,0,
2026-03-25,17:39:37.520,7.51,98,100,100,-0.069,-2.94,68,0,8.27,-0.039,0.812,0.03,76,0,171.28,-2.88,10,0.10,4.20,4.20,4.19,4.20,4.20,4.19,4.20,4.20,33.69,0.0,28,28,0.0,0,15,-1024,0,0,667,746,0,0,-1,0,0,-1,-1,-1,-1,-1,-1,0,0,
2026-03-25,17:39:37.780,7.52,96,100,100,-0.226,-2.90,68,0,8.27,0.102,0.919,0.13,76,0,172.35,-3.41,10,0.10,4.20,4.20,4.19,4.20,4.20,4.19,4.20,4.20,33.69,0.0,28,28,0.0,0,14,-1023,0,0,667,746,0,0,-1,0,0,-1,-1,-1,-1,-1,-1,0,0,
2026-03-25,17:39:38.050,7.52,94,100,100,-0.175,-2.92,66,0,8.28,-0.105,0.888,0.02,75,0,170.23,-3.58,10,0.10,4.20,4.20,4.19,4.20,4.20,4.19,4.20,4.20,33.69,0.0,28,28,0.0,0,14,-1024,0,0,667,746,0,0,-1,0,0,-1,-1,-1,-1,-1,-1,0,0,
2026-03-25,17:39:38.320,7.52,93,100,100,-0.164,-2.93,65,0,8.28,0.002,1.001,-0.01,73,0,170.30,-3.75,10,0.10,4.20,4.20,4.19,4.20,4.20,4.19,4.20,4.20,33.69,0.0,28,28,0.0,0,14,-1024,0,0,667,746,0,0,-1,0,0,-1,-1,-1,-1,-1,-1,0,0,
2026-03-25,17:39:38.580,7.51,94,100,100,-0.069,-2.84,65,0,8.28,-0.085,0.967,0.16,74,0,170.03,-4.68,10,0.10,4.20,4.20,4.19,4.20,4.20,4.19,4.20,4.20,33.69,0.0,28,28,0.0,0,14,-1023,0,0,666,746,0,0,-1,0,0,-1,-1,-1,-1,-1,-1,0,0,
2026-03-25,17:39:38.850,7.52,96,100,100,-0.197,-2.84,66,0,8.28,-0.072,1.216,0.11,71,0,171.13,-5.61,10,0.10,4.20,4.20,4.19,4.20,4.20,4.19,4.20,4.20,33.69,0.0,28,28,0.0,0,14,-1024,0,0,667,746,0,0,-1,0,0,-1,-1,-1,-1,-1,-1,0,0,
2026-03-25,17:39:39.110,7.51,96,100,100,-0.128,-2.84,65,0,8.28,-0.193,0.854,0.04,69,0,169.17,-7.34,10,0.10,4.20,4.20,4.19,4.20,4.20,4.19,4.20,4.20,33.69,0.0,28,28,0.0,0,15,-1024,0,0,667,746,0,0,-1,0,0,-1,-1,-1,-1,-1,-1,0,0,
2026-03-25,17:39:39.380,7.51,96,100,100,-0.188,-2.90,65,0,8.28,0.022,1.092,-0.12,67,0,170.85,-6.38,10,0.10,4.20,4.20,4.19,4.20,4.20,4.19,4.20,4.20,33.69,0.0,28,28,0.0,0,15,-1024,0,0,667,746,0,0,-1,0,0,-1,-1,-1,-1,-1,-1,0,0,
2026-03-25,17:39:39.650,7.52,95,100,100,-0.046,-2.84,64,0,8.28,-0.009,0.810,0.05,64,0,169.89,-3.99,10,0.10,4.20,4.20,4.19,4.20,4.20,4.19,4.20,4.20,33.69,0.0,28,28,0.0,0,14,-1024,0,0,667,746,0,0,-1,0,0,-1,-1,-1,-1,-1,-1,0,0,
2026-03-25,17:39:39.910,7.52,95,100,100,-0.247,-2.87,61,0,8.28,0.037,1.031,0.02,63,0,169.82,-4.10,10,0.10,4.20,4.20,4.19,4.20,4.20,4.19,4.20,4.20,33.69,0.0,28,28,0.0,0,14,-1024,0,0,667,746,0,0,-1,0,0,-1,-1,-1,-1,-1,-1,0,0,
2026-03-25,17:39:40.180,7.52,96,100,100,-0.275,-2.91,59,0,8.28,-0.044,0.818,-0.11,65,0,167.06,-4.76,10,0.10,4.20,4.20,4.19,4.20,4.20,4.19,4.20,4.20,33.69,0.0,28,28,0.0,0,14,-1024,0,0,667,746,0,0,-1,0,0,-1,-1,-1,-1,-1,-1,0,0,
2026-03-25,17:39:40.440,7.51,98,100,100,-0.322,-2.86,59,0,8.28,-0.121,1.212,0.03,64,0,167.66,-4.07,10,0.10,4.20,4.20,4.19,4.20,4.20,4.19,4.20,4.20,33.69,0.0,28,28,0.0,0,15,-1024,0,0,667,746,0,0,-1,0,0,-1,-1,-1,-1,-1,-1,0,0,
2026-03-25,17:39:40.700,7.51,100,100,100,-0.212,-2.86,62,0,8.28,-0.059,0.941,0.03,66,0,167.48,-4.02,10,0.10,4.20,4.20,4.19,4.20,4.20,4.19,4.20,4.20,33.69,0.0,28,28,0.0,0,14,-1024,0,0,667,746,0,0,-1,0,0,-1,-1,-1,-1,-1,-1,0,0,
2026-03-25,17:39:40.960,7.52,100,100,100,-0.165,-2.88,64,0,8.28,-0.144,1.037,0.00,70,0,168.38,-6.34,10,0.10,4.20,4.20,4.19,4.20,4.20,4.19,4.20,4.20,33.69,0.0,28,28,0.0,0,15,-1024,0,0,667,746,0,0,-1,0,0,-1,-1,-1,-1,-1,-1,0,0,
2026-03-25,17:39:41.230,7.51,100,100,100,-0.168,-2.88,65,0,8.28,-0.060,0.855,0.00,69,0,167.79,-8.18,10,0.10,4.20,4.20,4.19,4.20,4.20,4.19,4.20,4.20,33.69,0.0,28,28,0.0,0,15,-1024,0,0,667,746,0,0,-1,0,0,-1,-1,-1,-1,-1,-1,0,0,
2026-03-25,17:39:41.500,7.52,100,100,100,-0.200,-2.88,65,0,8.28,-0.146,0.902,0.00,69,0,168.59,-7.68,10,0.10,4.20,4.20,4.19,4.20,4.20,4.19,4.21,4.19,33.69,0.0,28,28,0.0,0,15,-1024,0,0,667,746,0,0,-1,0,0,-1,-1,-1,-1,-1,-1,0,0,
2026-03-25,17:39:41.770,7.52,99,100,100,-0.162,-2.84,64,0,8.28,0.014,1.118,0.07,63,0,170.10,-4.94,10,0.10,4.20,4.20,4.19,4.20,4.20,4.19,4.21,4.19,33.69,0.0,28,28,0.0,0,14,-1024,0,0,667,746,0,0,-1,0,0,-1,-1,-1,-1,-1,-1,0,0,
2026-03-25,17:39:42.030,7.52,97,100,100,-0.072,-2.83,58,0,8.28,-0.103,0.893,0.05,65,0,169.18,-3.98,10,0.10,4.20,4.20,4.19,4.20,4.20,4.19,4.21,4.19,33.69,0.0,28,28,0.0,0,14,-1024,0,0,667,746,0,0,-1,0,0,-1,-1,-1,-1,-1,-1,0,0,
2026-03-25,17:39:42.290,7.52,95,100,100,-0.112,-2.84,57,0,8.28,0.122,1.058,0.05,65,0,168.92,-3.44,10,0.10,4.20,4.20,4.19,4.20,4.20,4.19,4.21,4.19,33.69,0.0,28,28,0.0,0,14,-1024,0,0,667,746,0,0,-1,0,0,-1,-1,-1,-1,-1,-1,0,0,
2026-03-25,17:39:42.550,7.52,94,100,100,-0.268,-2.93,56,0,8.28,-0.107,0.868,-0.17,64,0,166.17,-5.15,10,0.10,4.20,4.20,4.19,4.20,4.20,4.19,4.21,4.19,33.69,0.0,28,28,0.0,0,14,-1024,0,0,667,746,0,0,-1,0,0,-1,-1,-1,-1,-1,-1,0,0,
2026-03-25,17:39:42.810,7.52,93,100,100,-0.294,-2.94,55,0,8.28,-0.151,1.137,-0.11,62,0,168.15,-5.25,10,0.10,4.20,4.20,4.19,4.20,4.20,4.19,4.20,4.20,33.69,0.0,28,28,0.0,0,14,-1024,0,0,667,746,0,0,-1,0,0,-1,-1,-1,-1,-1,-1,0,0,
2026-03-25,17:39:43.070,7.52,93,100,100,-0.109,-2.94,54,0,8.28,-0.088,0.949,-0.03,61,0,167.75,-5.02,10,0.10,4.20,4.20,4.19,4.20,4.20,4.19,4.20,4.20,33.69,0.0,28,28,0.0,0,14,-1024,0,0,667,746,0,0,-1,0,0,-1,-1,-1,-1,-1,-1,0,0,
2026-03-25,17:39:43.340,7.52,94,100,100,-0.125,-2.90,55,0,8.25,-0.078,1.052,0.04,60,0,169.48,-4.79,10,0.10,4.20,4.20,4.19,4.20,4.20,4.19,4.20,4.20,33.69,0.0,28,28,0.0,0,15,-1024,0,0,667,746,0,0,-1,0,0,-1,-1,-1,-1,-1,-1,0,0,
2026-03-25,17:39:43.610,7.52,96,100,100,-0.175,-2.87,56,0,8.26,-0.040,0.984,0.07,53,0,167.94,-3.23,10,0.10,4.20,4.20,4.19,4.20,4.20,4.19,4.20,4.20,33.69,0.0,28,28,0.0,0,15,-1024,0,0,667,746,0,0,-1,0,0,-1,-1,-1,-1,-1,-1,0,0,
2026-03-25,17:39:43.870,7.52,97,100,100,-0.286,-2.88,57,0,8.27,-0.090,1.170,0.05,51,0,167.79,-2.92,10,0.10,4.20,4.20,4.19,4.20,4.20,4.19,4.21,4.20,33.69,0.0,28,28,0.0,0,15,-1023,0,0,667,746,0,0,-1,0,0,-1,-1,-1,-1,-1,-1,0,0,
2026-03-25,17:39:44.130,7.52,97,100,100,-0.268,-2.88,60,0,8.28,-0.090,1.170,0.00,59,0,168.61,-1.14,10,0.10,4.20,4.20,4.19,4.20,4.20,4.19,4.21,4.20,33.69,0.0,28,28,0.0,0,15,-1023,0,0,666,746,0,0,-1,0,0,-1,-1,-1,-1,-1,-1,0,0,
2026-03-25,17:39:44.400,7.52,97,100,100,-0.142,-2.81,61,0,8.28,-0.047,1.008,0.12,56,0,169.73,-1.71,10,0.10,4.20,4.20,4.19,4.20,4.20,4.19,4.21,4.20,33.69,0.0,28,28,0.0,0,14,-1023,0,0,667,746,0,0,-1,0,0,-1,-1,-1,-1,-1,-1,0,0,
2026-03-25,17:39:44.670,7.51,97,100,100,-0.142,-2.89,63,0,8.28,0.072,1.053,-0.10,59,0,170.33,-2.25,10,0.10,4.20,4.20,4.19,4.20,4.20,4.19,4.21,4.20,33.69,0.0,28,28,0.0,0,14,-1023,0,0,667,746,0,0,-1,0,0,-1,-1,-1,-1,-1,-1,0,0,
2026-03-25,17:39:44.940,7.52,96,100,100,-0.158,-2.89,64,0,8.28,-0.053,0.944,-0.05,64,0,168.31,-3.03,10,0.10,4.20,4.20,4.19,4.20,4.20,4.19,4.21,4.20,33.69,0.0,28,28,0.0,0,15,-1023,0,0,667,746,0,0,-1,0,0,-1,-1,-1,-1,-1,-1,0,0,
2026-03-25,17:39:45.200,7.52,96,100,100,-0.186,-2.85,63,0,8.26,0.048,0.944,0.03,67,0,168.76,-1.04,10,0.10,4.20,4.20,4.19,4.20,4.20,4.19,4.20,4.20,33.69,0.0,28,28,0.0,0,14,-1024,0,0,667,746,0,0,-1,0,0,-1,-1,-1,-1,-1,-1,0,0,
2026-03-25,17:39:45.470,7.51,95,100,100,-0.157,-2.84,62,0,8.27,0.112,1.059,0.09,69,0,168.00,1.01,10,0.10,4.20,4.20,4.19,4.20,4.20,4.19,4.20,4.20,33.69,0.0,28,28,0.0,0,14,-1023,0,0,667,746,0,0,-1,0,0,-1,-1,-1,-1,-1,-1,0,0,
2026-03-25,17:39:45.730,7.51,94,100,100,-0.039,-2.84,60,0,8.28,0.001,0.826,0.04,70,0,169.34,-0.89,10,0.10,4.20,4.20,4.19,4.20,4.20,4.19,4.20,4.20,33.69,0.0,28,28,0.0,0,15,-1024,0,0,667,746,0,0,-1,0,0,-1,-1,-1,-1,-1,-1,0,0,
2026-03-25,17:39:46.000,7.51,95,100,100,-0.034,-2.87,60,0,8.25,-0.026,0.901,-0.05,73,0,169.94,-1.55,10,0.10,4.20,4.20,4.19,4.20,4.20,4.19,4.20,4.20,33.70,0.0,28,28,0.0,0,14,-1024,0,0,667,746,0,0,-1,0,0,-1,-1,-1,-1,-1,-1,0,0,
2026-03-25,17:39:46.270,7.52,96,100,100,-0.099,-2.87,60,0,8.26,0.099,0.852,-0.05,76,0,167.80,0.39,10,0.10,4.20,4.20,4.19,4.20,4.20,4.19,4.20,4.20,33.70,0.0,28,28,0.0,0,15,-1024,0,0,666,746,0,0,-1,0,0,-1,-1,-1,-1,-1,-1,0,0,
2026-03-25,17:39:46.540,7.52,97,100,100,-0.153,-2.92,61,0,8.27,0.043,1.052,-0.08,74,0,166.48,-2.75,10,0.10,4.20,4.20,4.19,4.20,4.20,4.19,4.20,4.20,33.70,0.0,28,28,0.0,0,15,-1024,0,0,667,746,0,0,-1,0,0,-1,-1,-1,-1,-1,-1,0,0,
2026-03-25,17:39:46.800,7.52,95,100,100,-0.071,-2.91,57,0,8.28,-0.047,0.762,-0.04,67,0,165.15,-6.02,10,0.10,4.20,4.20,4.19,4.20,4.20,4.19,4.20,4.20,33.70,0.0,28,28,0.0,0,15,-1024,0,0,667,746,0,0,-1,0,0,-1,-1,-1,-1,-1,-1,0,0,
2026-03-25,17:39:47.060,7.52,95,100,100,-0.386,-2.86,55,0,8.28,-0.076,1.073,0.08,65,0,165.39,-6.46,10,0.10,4.20,4.20,4.19,4.20,4.20,4.19,4.20,4.20,33.69,0.0,28,28,0.0,0,15,-1024,0,0,667,746,0,0,-1,0,0,-1,-1,-1,-1,-1,-1,0,0,
2026-03-25,17:39:47.330,7.52,95,100,100,-0.305,-2.87,56,0,8.28,0.038,0.866,-0.06,69,0,164.45,-4.23,10,0.10,4.20,4.20,4.19,4.20,4.20,4.19,4.20,4.20,33.69,0.0,28,28,0.0,0,15,-1024,0,0,667,746,0,0,-1,0,0,-1,-1,-1,-1,-1,-1,0,0,
2026-03-25,17:39:47.590,7.51,97,100,100,-0.188,-2.86,56,0,8.28,-0.135,1.105,0.00,66,0,163.49,-2.55,10,0.10,4.20,4.20,4.19,4.20,4.20,4.19,4.21,4.20,33.69,0.0,28,28,0.0,0,15,-1023,0,0,667,746,0,0,-1,0,0,-1,-1,-1,-1,-1,-1,0,0,
2026-03-25,17:39:47.860,7.52,99,100,100,-0.184,-2.88,57,0,8.28,-0.090,0.906,0.00,62,0,162.16,-3.37,10,0.10,4.20,4.20,4.19,4.20,4.20,4.19,4.21,4.20,33.69,0.0,28,28,0.0,0,14,-1024,0,0,667,746,0,0,-1,0,0,-1,-1,-1,-1,-1,-1,0,0,
2026-03-25,17:39:48.120,7.52,100,100,100,-0.283,-2.88,59,0,8.28,-0.026,1.103,-0.01,56,0,165.24,-2.76,10,0.10,4.20,4.20,4.19,4.20,4.20,4.19,4.21,4.20,33.69,0.0,28,28,0.0,0,14,-1023,0,0,667,746,0,0,-1,0,0,-1,-1,-1,-1,-1,-1,0,0,
2026-03-25,17:39:48.380,7.52,99,100,100,-0.227,-2.92,56,0,8.28,0.004,1.043,-0.06,54,0,164.88,-3.85,10,0.10,4.20,4.20,4.19,4.20,4.20,4.19,4.21,4.20,33.69,0.0,28,28,0.0,0,14,-1024,0,0,667,746,0,0,-1,0,0,-1,-1,-1,-1,-1,-1,0,0,
2026-03-25,17:39:48.650,7.52,95,99,99,-0.227,-2.95,52,0,8.28,-0.179,0.883,-0.13,54,0,164.43,-5.90,10,0.10,4.20,4.20,4.19,4.20,4.20,4.19,4.20,4.20,33.69,0.0,28,28,0.0,0,14,-1023,0,0,667,746,0,0,-1,0,0,-1,-1,-1,-1,-1,-1,0,0,
2026-03-25,17:39:48.910,7.52,92,99,99,-0.246,-3.02,50,0,8.25,-0.085,0.887,-0.17,49,0,164.79,-7.02,10,0.10,4.20,4.20,4.19,4.20,4.20,4.19,4.20,4.20,33.69,0.0,28,28,0.0,0,14,-1024,0,0,667,746,0,0,-1,0,0,-1,-1,-1,-1,-1,-1,0,0,
2026-03-25,17:39:49.180,7.52,91,99,99,-0.256,-3.05,50,0,8.22,-0.039,0.904,-0.14,50,0,166.71,-5.21,10,0.10,4.20,4.20,4.19,4.20,4.20,4.19,4.20,4.20,33.69,0.0,28,28,0.0,0,15,-1024,0,0,667,746,0,0,-1,0,0,-1,-1,-1,-1,-1,-1,0,0,
2026-03-25,17:39:49.440,7.51,94,99,99,-0.185,-3.15,49,0,8.23,-0.090,1.135,-0.24,46,0,170.44,-2.59,10,0.10,4.20,4.20,4.19,4.20,4.20,4.19,4.20,4.20,33.69,0.0,28,28,0.0,0,14,-1024,0,0,667,746,0,0,-1,0,0,-1,-1,-1,-1,-1,-1,0,0,
2026-03-25,17:39:49.710,7.52,93,98,98,-0.103,-3.20,47,0,8.25,-0.100,1.141,-0.24,45,0,172.07,-6.87,10,0.10,4.20,4.20,4.19,4.20,4.20,4.19,4.20,4.20,33.69,0.0,28,28,0.0,0,14,-1023,0,0,667,746,0,0,-1,0,0,-1,-1,-1,-1,-1,-1,0,0,
2026-03-25,17:39:49.970,7.51,93,98,98,-0.103,-3.20,47,0,8.25,-0.127,1.111,-0.27,47,0,172.36,-7.81,10,0.10,4.20,4.20,4.19,4.20,4.20,4.19,4.20,4.20,33.69,0.0,28,28,0.0,0,15,-1023,0,0,667,746,0,0,-1,0,0,-1,-1,-1,-1,-1,-1,0,0,
2026-03-25,17:39:50.230,7.51,94,97,97,-0.119,-3.34,50,0,8.27,-0.171,0.652,-0.22,49,0,171.64,-10.67,10,0.10,4.20,4.20,4.19,4.20,4.20,4.19,4.20,4.20,33.69,0.0,28,28,0.0,0,14,-1024,0,0,667,746,0,0,-1,0,0,-1,-1,-1,-1,-1,-1,0,0,
2026-03-25,17:39:50.490,7.51,96,97,97,-0.089,-3.34,52,0,8.26,-0.171,0.857,-0.10,49,0,172.00,-9.36,10,0.10,4.20,4.20,4.19,4.20,4.20,4.19,4.20,4.20,33.69,0.0,28,28,0.0,0,15,-1023,0,0,667,746,0,0,-1,0,0,-1,-1,-1,-1,-1,-1,0,0,
2026-03-25,17:39:50.760,7.51,93,97,97,-0.116,-3.36,48,0,8.24,-0.122,0.908,-0.04,47,0,172.30,-8.25,10,0.10,4.20,4.20,4.19,4.20,4.20,4.19,4.20,4.20,33.69,0.0,28,28,0.0,0,14,-1024,0,0,667,746,0,0,-1,0,0,-1,-1,-1,-1,-1,-1,0,0,
2026-03-25,17:39:51.030,7.51,87,97,97,-0.097,-3.39,45,0,8.26,-0.105,0.990,-0.04,47,0,172.29,-8.27,10,0.10,4.20,4.20,4.19,4.20,4.20,4.19,4.20,4.20,33.69,0.0,28,28,0.0,0,14,-1024,0,0,667,746,0,0,-1,0,0,-1,-1,-1,-1,-1,-1,0,0,
2026-03-25,17:39:51.300,7.52,88,97,97,-0.115,-3.38,48,0,8.27,-0.149,0.957,-0.02,46,0,172.31,-8.34,10,0.10,4.20,4.20,4.19,4.20,4.20,4.19,4.20,4.20,33.69,0.0,28,28,0.0,0,40,-1024,0,0,667,746,0,0,-1,0,0,-1,-1,-1,-1,-1,-1,0,0,
2026-03-25,17:39:51.560,7.52,92,97,97,-0.118,-3.40,51,0,8.28,-0.137,0.969,-0.03,50,0,172.29,-8.47,10,0.10,4.20,4.20,4.19,4.20,4.20,4.19,4.20,4.20,33.69,0.0,28,28,0.0,0,15,-1023,0,0,667,746,0,0,-1,0,0,-1,-1,-1,-1,-1,-1,0,0,
2026-03-25,17:39:51.820,7.52,97,98,97,-0.123,-3.38,53,0,8.28,-0.131,0.976,0.04,53,0,172.28,-8.52,10,0.10,4.20,4.20,4.19,4.20,4.20,4.19,4.20,4.20,33.69,0.0,28,28,0.0,0,14,-1024,0,0,667,746,0,0,-1,0,0,-1,-1,-1,-1,-1,-1,0,0,
2026-03-25,17:39:52.080,7.52,95,97,97,-0.124,-3.40,55,0,8.28,-0.132,0.974,-0.03,57,0,172.27,-8.57,10,0.10,4.20,4.20,4.19,4.20,4.20,4.19,4.20,4.20,33.69,0.0,28,28,0.0,0,15,-1024,0,0,667,746,0,0,-1,0,0,-1,-1,-1,-1,-1,-1,0,0,
2026-03-25,17:39:52.350,7.51,94,97,97,-0.118,-3.42,56,0,8.23,-0.135,0.975,-0.07,57,0,172.26,-8.66,10,0.10,4.20,4.20,4.19,4.20,4.20,4.19,4.21,4.20,33.69,0.0,28,28,0.0,0,15,-1024,0,0,667,746,0,0,-1,0,0,-1,-1,-1,-1,-1,-1,0,0,
2026-03-25,17:39:52.620,7.52,93,98,98,-0.120,-3.41,56,0,8.26,-0.133,0.975,0.00,58,0,172.26,-8.66,10,0.10,4.20,4.20,4.19,4.20,4.20,4.19,4.21,4.20,33.69,0.0,28,28,0.0,0,15,-1024,0,0,667,746,0,0,-1,0,0,-1,-1,-1,-1,-1,-1,0,0,
2026-03-25,17:39:52.890,7.51,93,98,98,-0.121,-3.43,54,0,8.27,-0.135,0.974,-0.01,52,0,172.25,-8.79,10,0.10,4.20,4.20,4.19,4.20,4.20,4.19,4.21,4.20,33.69,0.0,28,28,0.0,0,15,-1024,0,0,667,746,0,0,-1,0,0,-1,-1,-1,-1,-1,-1,0,0,
2026-03-25,17:39:53.150,7.52,93,98,98,-0.121,-3.44,51,0,8.28,-0.133,0.975,-0.05,48,0,172.25,-8.79,10,0.10,4.20,4.20,4.19,4.20,4.20,4.19,4.21,4.20,33.69,0.0,28,28,0.0,0,15,-1023,0,0,667,746,0,0,-1,0,0,-1,-1,-1,-1,-1,-1,0,0,
2026-03-25,17:39:53.410,7.52,94,98,98,-0.122,-3.43,48,0,8.28,-0.133,0.974,-0.01,43,0,172.24,-8.87,10,0.10,4.20,4.20,4.19,4.20,4.20,4.19,4.21,4.20,33.69,0.0,28,28,0.0,0,14,-1023,0,0,667,746,0,0,-1,0,0,-1,-1,-1,-1,-1,-1,0,0,
2026-03-25,17:39:53.670,7.52,96,99,99,-0.122,-3.43,48,0,8.28,-0.134,0.974,0.01,45,0,172.23,-8.89,10,0.10,4.20,4.20,4.19,4.20,4.20,4.19,4.20,4.20,33.69,0.0,28,28,0.0,0,14,-1023,0,0,667,746,0,0,-1,0,0,-1,-1,-1,-1,-1,-1,0,0,
2026-03-25,17:39:53.930,7.52,95,99,99,-0.123,-3.43,49,0,8.28,-0.133,0.974,0.06,46,0,172.23,-8.93,10,0.10,4.20,4.20,4.19,4.20,4.20,4.19,4.20,4.20,33.69,0.0,28,28,0.0,0,14,-1023,0,0,667,746,0,0,-1,0,0,-1,-1,-1,-1,-1,-1,0,0,
2026-03-25,17:39:54.190,7.52,96,100,100,-0.122,-3.37,48,0,8.28,-0.133,0.974,0.10,48,0,172.23,-8.95,10,0.10,4.20,4.20,4.19,4.20,4.20,4.19,4.20,4.20,33.69,0.0,28,28,0.0,0,15,-1024,0,0,667,746,0,0,-1,0,0,-1,-1,-1,-1,-1,-1,0,0,
2026-03-25,17:39:54.460,7.52,95,100,100,-0.122,-3.45,48,0,8.28,-0.133,0.975,-0.14,46,0,172.23,-8.97,10,0.10,4.20,4.20,4.19,4.20,4.20,4.19,4.20,4.20,33.69,0.0,28,28,0.0,0,15,-1024,0,0,667,746,0,0,-1,0,0,-1,-1,-1,-1,-1,-1,0,0,
2026-03-25,17:39:54.720,7.52,96,100,100,-0.122,-3.45,51,0,8.28,-0.133,0.972,0.00,48,0,172.22,-8.99,10,0.10,4.20,4.20,4.19,4.20,4.20,4.19,4.21,4.20,33.69,0.0,28,28,0.0,0,14,-1024,0,0,667,746,0,0,-1,0,0,-1,-1,-1,-1,-1,-1,0,0,
2026-03-25,17:39:54.980,7.52,95,100,100,-0.122,-3.44,53,0,8.28,-0.133,0.974,0.00,49,0,172.22,-9.00,10,0.10,4.20,4.20,4.19,4.20,4.20,4.19,4.21,4.20,33.69,0.0,28,28,0.0,0,15,-1024,0,0,667,746,0,0,-1,0,0,-1,-1,-1,-1,-1,-1,0,0,
2026-03-25,17:39:55.250,7.52,96,100,100,-0.122,-3.44,53,0,8.28,-0.133,0.973,0.11,49,0,172.22,-9.01,10,0.10,4.20,4.20,4.19,4.20,4.20,4.19,4.21,4.20,33.69,0.0,28,28,0.0,0,15,-1024,0,0,667,746,0,0,-1,0,0,-1,-1,-1,-1,-1,-1,0,0,
2026-03-25,17:39:55.520,7.52,96,99,99,-0.141,-3.44,49,0,8.28,-0.126,0.972,0.01,48,0,172.22,-9.03,10,0.10,4.20,4.20,4.19,4.20,4.20,4.19,4.21,4.20,33.69,0.0,28,28,0.0,0,15,-1024,0,0,667,746,0,0,-1,0,0,-1,-1,-1,-1,-1,-1,0,0,
2026-03-25,17:39:55.780,7.52,94,99,99,-0.133,-3.46,48,0,8.28,-0.141,0.976,-0.10,46,0,172.22,-9.04,10,0.10,4.20,4.20,4.19,4.20,4.20,4.19,4.21,4.20,33.69,0.0,28,28,0.0,0,14,-1024,0,0,667,746,0,0,-1,0,0,-1,-1,-1,-1,-1,-1,0,0,
2026-03-25,17:39:56.040,7.52,93,99,99,-0.169,-3.48,48,0,8.28,-0.130,0.980,-0.08,42,0,172.40,-9.07,10,0.10,4.20,4.20,4.19,4.20,4.20,4.19,4.20,4.20,33.69,0.0,28,28,0.0,0,14,-1024,0,0,667,746,0,0,-1,0,0,-1,-1,-1,-1,-1,-1,0,0,
2026-03-25,17:39:56.310,7.52,91,99,99,-0.153,-3.46,47,0,8.28,-0.127,1.008,0.00,40,0,172.54,-9.08,10,0.10,4.20,4.20,4.19,4.20,4.20,4.19,4.20,4.20,33.69,0.0,28,28,0.0,0,14,-1024,0,0,667,746,0,0,-1,0,0,-1,-1,-1,-1,-1,-1,0,0,
2026-03-25,17:39:56.570,7.51,91,98,98,-0.124,-3.46,46,0,8.28,-0.171,0.966,0.00,43,0,172.29,-9.54,10,0.10,4.20,4.20,4.19,4.20,4.20,4.19,4.20,4.20,33.69,0.0,28,28,0.0,0,15,-1024,0,0,667,746,0,0,-1,0,0,-1,-1,-1,-1,-1,-1,0,0,
2026-03-25,17:39:56.830,7.51,88,98,98,-0.115,-3.39,45,0,8.28,-0.057,1.001,0.15,51,0,172.10,-9.72,10,0.10,4.20,4.20,4.19,4.20,4.20,4.19,4.20,4.20,33.69,0.0,28,28,0.0,0,15,-1024,0,0,667,746,0,0,-1,0,0,-1,-1,-1,-1,-1,-1,0,0,
2026-03-25,17:39:57.100,7.51,89,97,97,-0.053,-3.41,46,0,8.28,-0.156,0.950,0.01,54,0,172.38,-10.82,10,0.10,4.20,4.20,4.19,4.20,4.20,4.19,4.20,4.20,33.69,0.0,28,28,0.0,0,14,-1024,0,0,667,746,0,0,-1,0,0,-1,-1,-1,-1,-1,-1,0,0,
2026-03-25,17:39:57.360,7.51,90,97,97,-0.167,-3.40,49,0,8.28,-0.187,0.906,0.00,60,0,172.30,-11.71,10,0.10,4.20,4.20,4.19,4.20,4.20,4.19,4.20,4.20,33.69,0.0,28,28,0.0,0,15,-1024,0,0,667,746,0,0,-1,0,0,-1,-1,-1,-1,-1,-1,0,0,
2026-03-25,17:39:57.620,7.52,95,97,97,-0.112,-3.37,55,0,8.28,-0.227,1.141,0.00,61,0,172.30,-11.71,10,0.10,4.20,4.20,4.19,4.20,4.20,4.19,4.20,4.20,33.69,0.0,28,28,0.0,0,14,-1024,0,0,667,746,0,0,-1,0,0,-1,-1,-1,-1,-1,-1,0,0,
2026-03-25,17:39:57.890,7.51,98,98,97,-0.119,-3.44,60,0,8.28,-0.147,0.985,0.00,62,0,171.77,-9.52,10,0.10,4.20,4.20,4.19,4.20,4.20,4.19,4.20,4.20,33.69,0.0,28,28,0.0,0,15,-1024,0,0,667,746,0,0,-1,0,0,-1,-1,-1,-1,-1,-1,0,0,
2026-03-25,17:39:58.160,7.52,99,99,97,-0.139,-3.48,62,0,8.28,-0.147,0.991,-0.15,64,0,171.89,-9.97,10,0.10,4.20,4.20,4.19,4.20,4.20,4.19,4.20,4.20,33.69,0.0,28,28,0.0,0,15,-1024,0,0,667,746,0,0,-1,0,0,-1,-1,-1,-1,-1,-1,0,0,
2026-03-25,17:39:58.420,7.52,98,98,97,-0.122,-3.48,62,0,8.28,-0.147,0.941,-0.06,65,0,171.28,-12.17,10,0.10,4.20,4.20,4.19,4.20,4.20,4.19,4.20,4.20,33.69,0.0,28,28,0.0,0,14,-1024,0,0,666,746,0,0,-1,0,0,-1,-1,-1,-1,-1,-1,0,0,
2026-03-25,17:39:58.680,7.51,97,97,97,-0.200,-3.45,60,0,8.28,-0.259,0.927,0.00,65,0,169.63,-16.24,10,0.10,4.20,4.20,4.19,4.20,4.20,4.19,4.20,4.20,33.69,0.0,28,28,0.0,0,14,-1024,0,0,667,746,0,0,-1,0,0,-1,-1,-1,-1,-1,-1,0,0,
2026-03-25,17:39:58.950,7.51,97,97,97,-0.122,-3.35,63,0,8.28,-0.231,0.839,0.19,64,0,169.79,-18.75,10,0.10,4.20,4.20,4.19,4.20,4.20,4.19,4.20,4.20,33.69,0.0,28,28,0.0,0,14,-1024,0,0,667,746,0,0,-1,0,0,-1,-1,-1,-1,-1,-1,0,0,
2026-03-25,17:39:59.210,7.52,98,98,97,-0.129,-3.27,64,0,8.28,-0.356,0.845,0.26,64,0,170.12,-18.57,10,0.10,4.20,4.20,4.19,4.20,4.20,4.19,4.20,4.20,33.69,0.0,28,28,0.0,0,15,-1024,0,0,667,746,0,0,-1,0,0,-1,-1,-1,-1,-1,-1,0,0,
2026-03-25,17:39:59.480,7.52,99,99,98,-0.108,-3.29,64,0,8.28,-0.207,0.869,0.13,65,0,170.79,-15.76,10,0.10,4.20,4.20,4.19,4.20,4.20,4.19,4.21,4.20,33.69,0.0,28,28,0.0,0,14,-1023,0,0,667,746,0,0,-1,0,0,-1,-1,-1,-1,-1,-1,0,0,
2026-03-25,17:39:59.740,7.51,99,99,98,-0.136,-3.33,61,0,8.28,-0.024,1.069,-0.07,64,0,172.94,-7.27,10,0.10,4.20,4.20,4.19,4.20,4.20,4.19,4.21,4.20,33.69,0.0,28,28,0.0,0,14,-1024,0,0,667,746,0,0,-1,0,0,-1,-1,-1,-1,-1,-1,0,0,
2026-03-25,17:40:00.010,7.51,99,99,98,-0.082,-3.36,58,0,8.28,-0.167,0.834,-0.08,63,0,172.62,-9.94,10,0.10,4.20,4.20,4.19,4.20,4.20,4.19,4.21,4.20,33.69,0.0,28,28,0.0,0,14,-1024,0,0,667,747,0,0,-1,0,0,-1,-1,-1,-1,-1,-1,0,0,
2026-03-25,17:40:00.270,7.52,98,98,98,-0.154,-3.41,58,0,8.28,-0.189,1.104,-0.03,63,0,172.89,-9.09,10,0.10,4.20,4.20,4.19,4.20,4.20,4.19,4.21,4.20,33.69,0.0,28,28,0.0,0,15,-1024,0,0,667,746,0,0,-1,0,0,-1,-1,-1,-1,-1,-1,0,0,
2026-03-25,17:40:00.530,7.52,96,99,99,-0.103,-3.41,57,0,8.28,-0.114,0.991,-0.03,62,0,173.06,-8.62,10,0.10,4.20,4.20,4.19,4.20,4.20,4.19,4.21,4.20,33.69,0.0,28,28,0.0,0,14,-1024,0,0,667,746,0,0,-1,0,0,-1,-1,-1,-1,-1,-1,0,0,
2026-03-25,17:40:00.800,7.52,96,99,99,-0.098,-3.37,57,0,8.28,-0.104,0.961,0.04,59,0,173.16,-8.26,10,0.10,4.20,4.20,4.19,4.20,4.20,4.19,4.21,4.19,33.69,0.0,28,28,0.0,0,15,-1023,0,0,667,746,0,0,-1,0,0,-1,-1,-1,-1,-1,-1,0,0,
2026-03-25,17:40:01.070,7.52,95,100,100,-0.087,-3.38,57,0,8.28,-0.108,0.935,0.02,58,0,172.76,-7.49,10,0.10,4.20,4.20,4.19,4.20,4.20,4.19,4.21,4.19,33.69,0.0,28,28,0.0,0,14,-1024,0,0,667,746,0,0,-1,0,0,-1,-1,-1,-1,-1,-1,0,0,
2026-03-25,17:40:01.330,7.52,95,100,100,-0.142,-3.40,55,0,8.28,-0.091,0.986,-0.04,58,0,172.24,-7.26,10,0.10,4.20,4.20,4.19,4.20,4.20,4.19,4.21,4.19,33.69,0.0,28,28,0.0,0,15,-1024,0,0,667,746,0,0,-1,0,0,-1,-1,-1,-1,-1,-1,0,0,
2026-03-25,17:40:01.600,7.51,93,100,100,-0.137,-3.37,53,0,8.28,-0.092,0.974,0.01,58,0,171.78,-7.06,10,0.10,4.20,4.20,4.19,4.20,4.20,4.19,4.21,4.19,33.69,0.0,28,28,0.0,0,15,-1024,0,0,667,746,0,0,-1,0,0,-1,-1,-1,-1,-1,-1,0,0,
2026-03-25,17:40:01.860,7.52,94,100,100,-0.106,-3.35,53,0,8.28,-0.093,0.880,0.05,56,0,172.50,-7.18,10,0.10,4.20,4.20,4.19,4.20,4.20,4.19,4.20,4.20,33.69,0.0,28,28,0.0,0,15,-1024,0,0,667,746,0,0,-1,0,0,-1,-1,-1,-1,-1,-1,0,0,
2026-03-25,17:40:02.130,7.52,94,100,100,-0.116,-3.37,54,0,8.28,-0.113,1.013,0.00,57,0,172.58,-7.30,10,0.10,4.20,4.20,4.19,4.20,4.20,4.19,4.20,4.20,33.69,0.0,28,28,0.0,0,15,-1024,0,0,667,746,0,0,-1,0,0,-1,-1,-1,-1,-1,-1,0,0,
2026-03-25,17:40:02.400,7.51,97,99,99,-0.121,-3.37,56,0,8.28,-0.129,0.811,-0.06,51,0,172.43,-9.56,10,0.10,4.20,4.20,4.19,4.20,4.20,4.19,4.20,4.20,33.69,0.0,28,28,0.0,0,14,-1024,0,0,667,746,0,0,-1,0,0,-1,-1,-1,-1,-1,-1,0,0,
2026-03-25,17:40:02.660,7.51,99,99,99,-0.124,-3.43,58,0,8.28,-0.120,1.007,-0.09,50,0,172.18,-9.07,10,0.10,4.20,4.20,4.19,4.20,4.20,4.19,4.20,4.20,33.69,0.0,28,28,0.0,0,14,-1024,0,0,667,746,0,0,-1,0,0,-1,-1,-1,-1,-1,-1,0,0,
2026-03-25,17:40:02.920,7.51,100,100,99,-0.099,-3.45,60,0,8.28,-0.135,1.000,-0.06,50,0,172.27,-9.17,10,0.10,4.20,4.20,4.19,4.20,4.20,4.19,4.20,4.20,33.69,0.0,28,28,0.0,0,15,-1024,0,0,667,746,0,0,-1,0,0,-1,-1,-1,-1,-1,-1,0,0,
2026-03-25,17:40:03.190,7.52,100,100,99,-0.138,-3.38,60,0,8.28,-0.131,0.957,0.08,51,0,172.47,-9.23,10,0.10,4.20,4.20,4.19,4.20,4.20,4.19,4.21,4.20,33.69,0.0,28,28,0.0,0,15,-1024,0,0,667,746,0,0,-1,0,0,-1,-1,-1,-1,-1,-1,0,0,
2026-03-25,17:40:03.460,7.52,99,99,99,-0.082,-3.41,60,0,8.28,-0.131,0.930,0.04,57,0,173.26,-8.84,10,0.10,4.20,4.20,4.19,4.20,4.20,4.19,4.21,4.20,33.69,0.0,28,28,0.0,0,15,-1024,0,0,667,746,0,0,-1,0,0,-1,-1,-1,-1,-1,-1,0,0,
2026-03-25,17:40:03.730,7.51,97,99,99,-0.062,-3.41,58,0,8.28,-0.077,0.942,-0.02,61,0,174.17,-6.37,10,0.10,4.20,4.20,4.20,4.20,4.20,4.19,4.21,4.20,33.69,0.0,28,28,0.0,0,15,-1024,0,0,667,746,0,0,-1,0,0,-1,-1,-1,-1,-1,-1,0,0,
2026-03-25,17:40:03.990,7.52,97,99,99,-0.177,-3.34,57,0,8.28,-0.003,0.971,0.12,63,0,173.96,-2.98,10,0.10,4.20,4.20,4.20,4.20,4.20,4.19,4.21,4.20,33.69,0.0,28,28,0.0,0,15,-1024,0,0,667,746,0,0,-1,0,0,-1,-1,-1,-1,-1,-1,0,0,
2026-03-25,17:40:04.260,7.52,97,99,99,-0.069,-3.34,57,0,8.28,-0.049,1.080,0.07,63,0,173.52,-3.41,10,0.10,4.20,4.20,4.20,4.20,4.20,4.19,4.21,4.20,33.69,0.0,28,28,0.0,0,14,-1024,0,0,667,746,0,0,-1,0,0,-1,-1,-1,-1,-1,-1,0,0,
2026-03-25,17:40:04.530,7.52,99,99,99,-0.115,-3.34,58,0,8.28,-0.149,0.875,0.06,64,0,171.70,-9.06,10,0.10,4.20,4.20,4.20,4.20,4.20,4.19,4.21,4.20,33.69,0.0,28,28,0.0,0,15,-1024,0,0,667,746,0,0,-1,0,0,-1,-1,-1,-1,-1,-1,0,0,
2026-03-25,17:40:04.790,7.51,97,99,99,-0.038,-3.36,59,0,8.25,-0.154,0.776,-0.04,65,0,171.29,-11.19,10,0.10,4.20,4.20,4.20,4.20,4.20,4.19,4.21,4.20,33.69,0.0,28,28,0.0,0,15,-1024,0,0,667,746,0,0,-1,0,0,-1,-1,-1,-1,-1,-1,0,0,
2026-03-25,17:40:05.050,7.51,98,99,99,-0.128,-3.39,60,0,8.24,-0.109,1.270,-0.07,64,0,172.06,-8.20,10,0.10,4.20,4.20,4.19,4.20,4.20,4.19,4.21,4.20,33.69,0.0,28,28,0.0,0,14,-1024,0,0,667,746,0,0,-1,0,0,-1,-1,-1,-1,-1,-1,0,0,
2026-03-25,17:40:05.320,7.52,96,99,99,-0.187,-3.39,59,0,8.26,-0.182,0.932,-0.12,64,0,172.06,-8.20,10,0.10,4.20,4.20,4.19,4.20,4.20,4.19,4.21,4.20,33.69,0.0,28,28,0.0,0,15,-1024,0,0,667,746,0,0,-1,0,0,-1,-1,-1,-1,-1,-1,0,0,
2026-03-25,17:40:05.590,7.52,98,99,99,-0.107,-3.44,59,0,8.27,-0.160,1.018,-0.02,65,0,171.27,-9.68,10,0.10,4.20,4.20,4.19,4.20,4.20,4.19,4.21,4.20,33.69,0.0,28,28,0.0,0,14,-1024,0,0,666,746,0,0,-1,0,0,-1,-1,-1,-1,-1,-1,0,0,
2026-03-25,17:40:05.850,7.52,97,99,99,-0.147,-3.45,58,0,8.28,-0.107,0.895,-0.05,62,0,171.96,-8.31,10,0.10,4.20,4.20,4.19,4.20,4.20,4.19,4.21,4.20,33.69,0.0,28,28,0.0,0,15,-1024,0,0,667,746,0,0,-1,0,0,-1,-1,-1,-1,-1,-1,0,0,
2026-03-25,17:40:06.120,7.52,96,99,99,-0.057,-3.43,58,0,8.28,-0.083,0.908,0.02,59,0,174.34,-7.84,10,0.10,4.20,4.20,4.20,4.20,4.20,4.19,4.21,4.20,33.69,0.0,28,28,0.0,0,14,-1024,0,0,666,746,0,0,-1,0,0,-1,-1,-1,-1,-1,-1,0,0,
2026-03-25,17:40:06.380,7.52,94,100,100,-0.411,-3.44,57,0,8.28,-0.085,1.183,0.01,60,0,172.70,-8.64,10,0.10,4.20,4.20,4.20,4.20,4.20,4.19,4.21,4.20,33.69,0.0,28,28,0.0,0,14,-1024,0,0,667,746,0,0,-1,0,0,-1,-1,-1,-1,-1,-1,0,0,
2026-03-25,17:40:06.640,7.52,95,100,100,-0.137,-3.42,58,0,8.28,-0.208,0.925,0.02,61,0,172.19,-10.83,10,0.10,4.20,4.20,4.20,4.20,4.20,4.19,4.20,4.20,33.69,0.0,28,28,0.0,0,14,-1024,0,0,667,746,0,0,-1,0,0,-1,-1,-1,-1,-1,-1,0,0,
2026-03-25,17:40:06.900,7.52,97,100,100,-0.062,-3.37,59,0,8.28,-0.020,0.989,0.10,61,0,172.27,-8.66,10,0.10,4.20,4.20,4.20,4.20,4.20,4.19,4.20,4.20,33.69,0.0,28,28,0.0,0,14,-1024,0,0,667,746,0,0,-1,0,0,-1,-1,-1,-1,-1,-1,0,0,
2026-03-25,17:40:07.170,7.52,99,100,100,-0.100,-3.34,59,0,8.28,-0.142,0.961,0.11,61,0,172.11,-9.22,10,0.10,4.20,4.20,4.20,4.20,4.20,4.19,4.20,4.20,33.69,0.0,28,28,0.0,0,14,-1024,0,0,667,746,0,0,-1,0,0,-1,-1,-1,-1,-1,-1,0,0,
2026-03-25,17:40:07.430,7.52,98,100,100,-0.108,-3.40,59,0,8.28,-0.106,0.997,0.11,61,0,172.14,-9.01,10,0.10,4.20,4.20,4.19,4.20,4.20,4.19,4.20,4.20,33.69,0.0,28,28,0.0,0,14,-1024,0,0,667,746,0,0,-1,0,0,-1,-1,-1,-1,-1,-1,0,0,
2026-03-25,17:40:07.700,7.51,99,100,100,-0.124,-3.40,59,0,8.28,-0.118,0.979,-0.05,60,0,172.17,-9.03,10,0.10,4.20,4.20,4.19,4.20,4.20,4.19,4.20,4.20,33.69,0.0,28,28,0.0,0,14,-1023,0,0,667,746,0,0,-1,0,0,-1,-1,-1,-1,-1,-1,0,0,
2026-03-25,17:40:07.970,7.51,99,100,100,-0.126,-3.40,58,0,8.28,-0.122,0.965,-0.01,61,0,172.18,-9.04,10,0.10,4.20,4.20,4.19,4.20,4.20,4.19,4.20,4.20,33.69,0.0,28,28,0.0,0,15,-1024,0,0,667,746,0,0,-1,0,0,-1,-1,-1,-1,-1,-1,0,0,
2026-03-25,17:40:08.230,7.52,99,100,100,-0.123,-3.43,59,0,8.28,-0.132,0.973,-0.06,61,0,172.19,-9.02,10,0.10,4.20,4.20,4.19,4.20,4.20,4.19,4.20,4.20,33.69,0.0,28,28,0.0,0,14,-1024,0,0,667,746,0,0,-1,0,0,-1,-1,-1,-1,-1,-1,0,0,
2026-03-25,17:40:08.500,7.51,100,100,100,-0.125,-3.43,60,0,8.28,-0.128,0.976,-0.02,56,0,172.19,-9.01,10,0.10,4.20,4.20,4.19,4.20,4.20,4.19,4.20,4.20,33.69,0.0,28,28,0.0,0,14,-1024,0,0,667,746,0,0,-1,0,0,-1,-1,-1,-1,-1,-1,0,0,
2026-03-25,17:40:08.760,7.51,100,100,100,-0.123,-3.37,59,0,8.28,-0.132,0.976,0.06,56,0,172.19,-9.01,10,0.10,4.20,4.20,4.19,4.20,4.20,4.19,4.20,4.20,33.69,0.0,28,28,0.0,0,14,-1024,0,0,667,746,0,0,-1,0,0,-1,-1,-1,-1,-1,-1,0,0,
2026-03-25,17:40:09.030,7.51,99,100,100,-0.122,-3.42,57,0,8.28,-0.130,0.974,0.06,55,0,172.21,-8.98,10,0.10,4.20,4.20,4.19,4.20,4.20,4.19,4.20,4.20,33.69,0.0,28,28,0.0,0,14,-1024,0,0,667,746,0,0,-1,0,0,-1,-1,-1,-1,-1,-1,0,0,
2026-03-25,17:40:09.300,7.51,98,99,99,-0.122,-3.48,56,0,8.28,-0.129,0.975,-0.16,57,0,172.22,-8.97,10,0.10,4.20,4.20,4.19,4.20,4.20,4.19,4.20,4.20,33.69,0.0,28,28,0.0,0,14,-1024,0,0,667,746,0,0,-1,0,0,-1,-1,-1,-1,-1,-1,0,0,
2026-03-25,17:40:09.560,7.51,96,99,99,-0.121,-3.42,55,0,8.28,-0.129,0.974,-0.16,54,0,172.22,-8.97,10,0.10,4.20,4.20,4.19,4.20,4.20,4.19,4.20,4.20,33.69,0.0,28,28,0.0,0,14,-1024,0,0,667,746,0,0,-1,0,0,-1,-1,-1,-1,-1,-1,0,0,
2026-03-25,17:40:09.830,7.51,98,99,99,-0.121,-3.42,57,0,8.28,-0.131,0.975,0.02,55,0,172.23,-8.96,10,0.10,4.20,4.20,4.20,4.20,4.20,4.19,4.20,4.20,33.69,0.0,28,28,0.0,0,14,-1023,0,0,667,746,0,0,-1,0,0,-1,-1,-1,-1,-1,-1,0,0,
2026-03-25,17:40:10.100,7.52,98,99,99,-0.121,-3.42,58,0,8.28,-0.131,0.975,-0.07,56,0,172.23,-8.96,10,0.10,4.20,4.20,4.20,4.20,4.20,4.19,4.20,4.20,33.69,0.0,28,28,0.0,0,14,-1024,0,0,667,746,0,0,-1,0,0,-1,-1,-1,-1,-1,-1,0,0,
2026-03-25,17:40:10.360,7.52,99,99,99,-0.120,-3.47,59,0,8.28,-0.131,0.975,-0.04,56,0,172.23,-8.96,10,0.10,4.20,4.20,4.20,4.20,4.20,4.19,4.20,4.20,33.69,0.0,28,28,0.0,0,14,-1024,0,0,667,746,0,0,-1,0,0,-1,-1,-1,-1,-1,-1,0,0,
2026-03-25,17:40:10.630,7.52,98,99,99,-0.120,-3.40,58,0,8.28,-0.131,0.975,0.13,57,0,172.24,-8.95,10,0.10,4.20,4.20,4.20,4.20,4.20,4.19,4.20,4.20,33.69,0.0,28,28,0.0,0,14,-1023,0,0,667,746,0,0,-1,0,0,-1,-1,-1,-1,-1,-1,0,0,
2026-03-25,17:40:10.900,7.52,96,99,99,-0.121,-3.43,57,0,8.28,-0.130,0.975,0.00,57,0,172.24,-8.95,10,0.10,4.20,4.20,4.19,4.20,4.20,4.19,4.20,4.20,33.69,0.0,28,28,0.0,0,15,-1023,0,0,667,746,0,0,-1,0,0,-1,-1,-1,-1,-1,-1,0,0,
2026-03-25,17:40:11.160,7.52,94,99,99,-0.121,-3.43,55,0,8.28,-0.130,0.975,0.07,47,0,172.25,-8.95,10,0.10,4.20,4.20,4.19,4.20,4.20,4.19,4.20,4.20,33.69,0.0,28,28,0.0,0,14,-1024,0,0,667,746,0,0,-1,0,0,-1,-1,-1,-1,-1,-1,0,0,
2026-03-25,17:40:11.420,7.52,91,98,98,-0.121,-3.32,54,0,8.28,-0.130,0.975,0.21,44,0,172.25,-8.95,10,0.10,4.20,4.20,4.19,4.20,4.20,4.19,4.20,4.20,33.69,0.0,28,28,0.0,0,14,-1024,0,0,667,746,0,0,-1,0,0,-1,-1,-1,-1,-1,-1,0,0,
2026-03-25,17:40:11.690,7.52,90,98,98,-0.121,-3.34,52,0,8.28,-0.130,0.974,0.07,45,0,172.25,-8.95,10,0.10,4.20,4.20,4.19,4.20,4.20,4.19,4.20,4.20,33.69,0.0,28,28,0.0,0,14,-1024,0,0,667,746,0,0,-1,0,0,-1,-1,-1,-1,-1,-1,0,0,
2026-03-25,17:40:11.950,7.52,90,98,98,-0.121,-3.37,52,0,8.28,-0.130,0.975,-0.06,47,0,172.25,-8.94,10,0.10,4.20,4.20,4.19,4.20,4.20,4.19,4.20,4.20,33.69,0.0,28,28,0.0,0,14,-1024,0,0,667,746,0,0,-1,0,0,-1,-1,-1,-1,-1,-1,0,0,
2026-03-25,17:40:12.210,7.51,90,98,98,-0.121,-3.37,51,0,8.28,-0.130,0.975,0.00,49,0,172.25,-8.94,10,0.10,4.20,4.20,4.19,4.20,4.20,4.19,4.20,4.20,33.69,0.0,28,28,0.0,0,14,-1024,0,0,667,746,0,0,-1,0,0,-1,-1,-1,-1,-1,-1,0,0,
2026-03-25,17:40:12.470,7.52,91,98,98,-0.121,-3.33,51,0,8.28,-0.130,0.975,0.09,49,0,172.25,-8.94,10,0.10,4.20,4.20,4.19,4.20,4.20,4.19,4.20,4.20,33.69,0.0,28,28,0.0,0,15,-1023,0,0,667,746,0,0,-1,0,0,-1,-1,-1,-1,-1,-1,0,0,
2026-03-25,17:40:12.740,7.52,93,97,97,-0.121,-3.38,52,0,8.28,-0.130,0.975,-0.08,49,0,172.26,-8.94,10,0.10,4.20,4.20,4.19,4.20,4.20,4.19,4.20,4.20,33.69,0.0,28,28,0.0,0,14,-1023,0,0,667,746,0,0,-1,0,0,-1,-1,-1,-1,-1,-1,0,0,
2026-03-25,17:40:13.010,7.52,94,97,97,-0.121,-3.37,52,0,8.28,-0.130,0.975,-0.03,50,0,172.25,-8.94,10,0.10,4.20,4.20,4.19,4.20,4.20,4.19,4.20,4.20,33.69,0.0,28,28,0.0,0,14,-1024,0,0,667,746,0,0,-1,0,0,-1,-1,-1,-1,-1,-1,0,0,
2026-03-25,17:40:13.280,7.52,95,98,98,-0.121,-3.36,52,0,8.28,-0.130,0.975,0.00,51,0,172.25,-8.94,10,0.10,4.20,4.20,4.19,4.20,4.20,4.19,4.20,4.20,33.69,0.0,28,28,0.0,0,14,-1024,0,0,667,746,0,0,-1,0,0,-1,-1,-1,-1,-1,-1,0,0,
2026-03-25,17:40:13.550,7.52,95,98,98,-0.121,-3.37,52,0,8.28,-0.131,0.975,0.02,51,0,172.25,-8.94,10,0.10,4.20,4.20,4.19,4.20,4.20,4.19,4.20,4.20,33.69,0.0,28,28,0.0,0,14,-1024,0,0,667,746,0,0,-1,0,0,-1,-1,-1,-1,-1,-1,0,0,
2026-03-25,17:40:13.820,7.52,96,98,98,-0.121,-3.38,53,0,8.28,-0.131,0.975,-0.03,52,0,172.26,-8.94,10,0.10,4.20,4.20,4.19,4.20,4.20,4.19,4.20,4.20,33.69,0.0,28,28,0.0,0,14,-1023,0,0,667,746,0,0,-1,0,0,-1,-1,-1,-1,-1,-1,0,0,
2026-03-25,17:40:14.090,7.52,95,98,98,-0.121,-3.44,52,0,8.28,-0.130,0.975,-0.14,51,0,172.26,-8.94,10,0.10,4.20,4.20,4.19,4.20,4.20,4.19,4.20,4.20,33.69,0.0,28,28,0.0,0,14,-1024,0,0,667,746,0,0,-1,0,0,-1,-1,-1,-1,-1,-1,0,0,
2026-03-25,17:40:14.350,7.52,92,97,97,-0.121,-3.47,50,0,8.28,-0.131,0.975,-0.13,51,0,172.26,-8.93,10,0.10,4.20,4.20,4.19,4.20,4.20,4.19,4.20,4.20,33.69,0.0,28,28,0.0,0,14,-1024,0,0,667,746,0,0,-1,0,0,-1,-1,-1,-1,-1,-1,0,0,
2026-03-25,17:40:14.610,7.51,90,97,97,-0.121,-3.47,48,0,8.28,-0.131,0.975,-0.13,51,0,172.26,-8.94,10,0.10,4.20,4.20,4.20,4.20,4.20,4.19,4.20,4.20,33.69,0.0,28,28,0.0,0,15,-1024,0,0,667,746,0,0,-1,0,0,-1,-1,-1,-1,-1,-1,0,0,
2026-03-25,17:40:14.870,7.51,85,96,96,-0.121,-3.47,47,0,8.28,-0.131,0.974,-0.01,50,0,172.26,-8.94,10,0.10,4.20,4.20,4.20,4.20,4.20,4.19,4.20,4.20,33.69,0.0,28,28,0.0,0,14,-1023,0,0,667,746,0,0,-1,0,0,-1,-1,-1,-1,-1,-1,0,0,
2026-03-25,17:40:15.130,7.52,86,96,96,-0.121,-3.43,47,0,8.28,-0.130,0.975,0.06,51,0,172.26,-8.94,10,0.10,4.20,4.20,4.20,4.20,4.20,4.19,4.20,4.20,33.69,0.0,28,28,0.0,0,14,-1024,0,0,667,747,0,0,-1,0,0,-1,-1,-1,-1,-1,-1,0,0,
2026-03-25,17:40:15.390,7.52,86,97,97,-0.121,-3.46,49,0,8.28,-0.131,0.975,-0.04,52,0,172.26,-8.94,10,0.10,4.20,4.20,4.20,4.20,4.20,4.19,4.20,4.20,33.69,0.0,28,28,0.0,0,14,-1024,0,0,667,746,0,0,-1,0,0,-1,-1,-1,-1,-1,-1,0,0,
2026-03-25,17:40:15.650,7.51,91,97,97,-0.121,-3.48,51,0,8.28,-0.131,0.975,-0.04,55,0,172.26,-8.94,10,0.10,4.20,4.20,4.19,4.20,4.20,4.19,4.20,4.20,33.69,0.0,28,28,0.0,0,15,-1024,0,0,667,746,0,0,-1,0,0,-1,-1,-1,-1,-1,-1,0,0,
2026-03-25,17:40:15.920,7.52,93,97,97,-0.121,-3.45,50,0,8.28,-0.131,0.975,0.04,56,0,172.26,-8.94,10,0.10,4.20,4.20,4.19,4.20,4.20,4.19,4.20,4.20,33.69,0.0,28,28,0.0,0,15,-1023,0,0,666,746,0,0,-1,0,0,-1,-1,-1,-1,-1,-1,0,0,
2026-03-25,17:40:16.180,7.52,93,97,97,-0.121,-3.41,49,0,8.28,-0.131,0.975,0.08,57,0,172.26,-8.94,10,0.10,4.20,4.20,4.19,4.20,4.20,4.19,4.20,4.20,33.69,0.0,28,28,0.0,0,15,-1023,0,0,667,746,0,0,-1,0,0,-1,-1,-1,-1,-1,-1,0,0,
2026-03-25,17:40:16.440,7.51,93,97,97,-0.122,-3.40,51,0,8.28,-0.131,0.975,0.08,58,0,172.26,-8.94,10,0.10,4.20,4.20,4.19,4.20,4.20,4.19,4.20,4.20,33.69,0.0,28,28,0.0,0,14,-1024,0,0,667,746,0,0,-1,0,0,-1,-1,-1,-1,-1,-1,0,0,
2026-03-25,17:40:16.710,7.51,95,98,98,-0.122,-3.41,51,0,8.28,-0.130,0.975,0.00,54,0,172.26,-8.94,10,0.10,4.20,4.20,4.19,4.20,4.20,4.19,4.20,4.20,33.69,0.0,28,28,0.0,0,14,-1024,0,0,667,746,0,0,-1,0,0,-1,-1,-1,-1,-1,-1,0,0,
2026-03-25,17:40:16.970,7.51,98,98,98,-0.122,-3.35,54,0,8.28,-0.130,0.975,0.10,53,0,172.26,-8.95,10,0.10,4.20,4.20,4.19,4.20,4.20,4.19,4.20,4.20,33.69,0.0,28,28,0.0,0,14,-1024,0,0,667,746,0,0,-1,0,0,-1,-1,-1,-1,-1,-1,0,0,
2026-03-25,17:40:17.240,7.52,99,99,98,-0.122,-3.38,57,0,8.28,-0.130,0.975,-0.03,56,0,172.26,-8.95,10,0.10,4.20,4.20,4.19,4.20,4.20,4.19,4.20,4.20,33.69,0.0,28,28,0.0,0,14,-1024,0,0,667,747,0,0,-1,0,0,-1,-1,-1,-1,-1,-1,0,0,
2026-03-25,17:40:17.510,7.52,98,98,98,-0.121,-3.45,57,0,8.28,-0.130,0.975,-0.17,60,0,172.26,-8.95,10,0.10,4.20,4.20,4.19,4.20,4.20,4.19,4.20,4.19,33.69,0.0,28,28,0.0,0,14,-1024,0,0,667,746,0,0,-1,0,0,-1,-1,-1,-1,-1,-1,0,0,
2026-03-25,17:40:17.780,7.51,98,98,98,-0.121,-3.40,57,0,8.28,-0.130,0.975,-0.17,61,0,172.26,-8.95,10,0.10,4.20,4.20,4.19,4.20,4.20,4.19,4.20,4.19,33.69,0.0,28,28,0.0,0,14,-1024,0,0,667,746,0,0,-1,0,0,-1,-1,-1,-1,-1,-1,0,0,
2026-03-25,17:40:18.040,7.51,95,98,98,-0.121,-3.41,56,0,8.28,-0.131,0.975,0.00,61,0,172.26,-8.94,10,0.10,4.20,4.20,4.19,4.20,4.20,4.19,4.20,4.19,33.69,0.0,28,28,0.0,0,15,-1023,0,0,667,746,0,0,-1,0,0,-1,-1,-1,-1,-1,-1,0,0,
2026-03-25,17:40:18.310,7.51,96,99,99,-0.121,-3.31,56,0,8.28,-0.130,0.975,0.16,60,0,172.26,-8.95,10,0.10,4.20,4.20,4.19,4.20,4.20,4.19,4.20,4.19,33.69,0.0,28,28,0.0,0,15,-1023,0,0,667,746,0,0,-1,0,0,-1,-1,-1,-1,-1,-1,0,0,
2026-03-25,17:40:18.580,7.51,94,99,99,-0.121,-3.30,53,0,8.28,-0.131,0.975,0.17,55,0,172.26,-8.95,10,0.10,4.20,4.20,4.19,4.20,4.20,4.19,4.20,4.19,33.69,0.0,28,28,0.0,0,14,-1024,0,0,667,746,0,0,-1,0,0,-1,-1,-1,-1,-1,-1,0,0,
2026-03-25,17:40:18.840,7.52,94,100,100,-0.121,-3.38,50,0,8.28,-0.130,0.975,-0.11,58,0,172.26,-8.95,10,0.10,4.20,4.20,4.19,4.20,4.20,4.19,4.20,4.20,33.69,0.0,28,28,0.0,0,14,-1024,0,0,667,746,0,0,-1,0,0,-1,-1,-1,-1,-1,-1,0,0,
2026-03-25,17:40:19.110,7.52,94,100,100,-0.121,-3.38,49,0,8.28,-0.130,0.975,-0.09,61,0,172.26,-8.95,10,0.10,4.20,4.20,4.19,4.20,4.20,4.19,4.20,4.20,33.69,0.0,28,28,0.0,0,14,-1024,0,0,667,746,0,0,-1,0,0,-1,-1,-1,-1,-1,-1,0,0,
2026-03-25,17:40:19.370,7.51,94,99,99,-0.121,-3.41,52,0,8.28,-0.130,0.975,-0.09,58,0,172.26,-8.95,10,0.10,4.20,4.20,4.19,4.20,4.20,4.19,4.20,4.20,33.69,0.0,28,28,0.0,0,14,-1024,0,0,667,746,0,0,-1,0,0,-1,-1,-1,-1,-1,-1,0,0,
2026-03-25,17:40:19.630,7.51,96,99,99,-0.122,-3.41,52,0,8.28,-0.130,0.975,-0.09,56,0,172.26,-8.95,10,0.10,4.20,4.20,4.19,4.20,4.20,4.19,4.20,4.20,33.69,0.0,28,28,0.0,0,15,-1024,0,0,667,746,0,0,-1,0,0,-1,-1,-1,-1,-1,-1,0,0,
2026-03-25,17:40:19.890,7.51,95,99,99,-0.121,-3.41,52,0,8.28,-0.130,0.975,0.02,52,0,172.26,-8.95,10,0.10,4.20,4.20,4.19,4.20,4.20,4.19,4.20,4.19,33.69,0.0,28,28,0.0,0,15,-1024,0,0,667,746,0,0,-1,0,0,-1,-1,-1,-1,-1,-1,0,0,
2026-03-25,17:40:20.160,7.51,93,99,99,-0.121,-3.40,51,0,8.28,-0.131,0.975,0.00,51,0,172.26,-8.96,10,0.10,4.20,4.20,4.19,4.20,4.20,4.19,4.20,4.19,33.69,0.0,28,28,0.0,0,15,-1024,0,0,666,747,0,0,-1,0,0,-1,-1,-1,-1,-1,-1,0,0,
2026-03-25,17:40:20.430,7.51,86,99,99,-0.121,-3.40,50,0,8.28,-0.130,0.974,0.00,50,0,172.26,-8.95,10,0.10,4.20,4.20,4.19,4.20,4.20,4.19,4.20,4.19,33.69,0.0,28,28,0.0,0,14,-1024,0,0,667,746,0,0,-1,0,0,-1,-1,-1,-1,-1,-1,0,0,
2026-03-25,17:40:20.690,7.51,86,99,99,-0.121,-3.38,50,0,8.28,-0.131,0.974,0.01,50,0,172.26,-8.95,10,0.10,4.20,4.20,4.19,4.20,4.20,4.19,4.20,4.19,33.69,0.0,28,28,0.0,0,14,-1023,0,0,667,746,0,0,-1,0,0,-1,-1,-1,-1,-1,-1,0,0,
2026-03-25,17:40:20.960,7.51,87,99,99,-0.121,-3.35,50,0,8.28,-0.131,0.974,0.09,53,0,172.26,-8.96,10,0.10,4.20,4.20,4.19,4.20,4.20,4.19,4.20,4.19,33.69,0.0,28,28,0.0,0,14,-1024,0,0,667,746,0,0,-1,0,0,-1,-1,-1,-1,-1,-1,0,0,
2026-03-25,17:40:21.220,7.52,93,99,99,-0.121,-3.39,50,0,8.28,-0.131,0.974,-0.05,51,0,172.26,-8.95,10,0.10,4.20,4.20,4.19,4.20,4.20,4.19,4.20,4.19,33.69,0.0,28,28,0.0,0,14,-1023,0,0,667,746,0,0,-1,0,0,-1,-1,-1,-1,-1,-1,0,0,
2026-03-25,17:40:21.480,7.51,93,99,99,-0.121,-3.39,50,0,8.28,-0.131,0.974,-0.01,53,0,172.26,-8.95,10,0.10,4.20,4.20,4.19,4.20,4.20,4.19,4.20,4.19,33.69,0.0,28,28,0.0,0,15,-1024,0,0,667,746,0,0,-1,0,0,-1,-1,-1,-1,-1,-1,0,0,
2026-03-25,17:40:21.740,7.51,93,99,99,-0.121,-3.43,50,0,8.28,-0.130,0.975,-0.06,57,0,172.26,-8.95,10,0.10,4.20,4.20,4.19,4.20,4.20,4.19,4.20,4.19,33.69,0.0,28,28,0.0,0,15,-1024,0,0,667,746,0,0,-1,0,0,-1,-1,-1,-1,-1,-1,0,0,
2026-03-25,17:40:22.010,7.52,94,99,99,-0.121,-3.45,50,0,8.28,-0.131,0.975,-0.08,58,0,172.26,-8.95,10,0.10,4.20,4.20,4.19,4.20,4.20,4.19,4.20,4.19,33.69,0.0,28,28,0.0,0,14,-1024,0,0,667,746,0,0,-1,0,0,-1,-1,-1,-1,-1,-1,0,0,
2026-03-25,17:40:22.280,7.52,95,99,99,-0.121,-3.44,50,0,8.28,-0.130,0.974,-0.04,58,0,172.26,-8.95,10,0.10,4.20,4.20,4.19,4.20,4.20,4.19,4.21,4.19,33.69,0.0,28,28,0.0,0,14,-1024,0,0,667,746,0,0,-1,0,0,-1,-1,-1,-1,-1,-1,0,0,
2026-03-25,17:40:22.540,7.52,96,99,99,-0.121,-3.37,50,0,8.28,-0.131,0.975,0.13,60,0,172.26,-8.95,10,0.10,4.20,4.20,4.19,4.20,4.20,4.19,4.21,4.19,33.69,0.0,28,28,0.0,0,14,-1023,0,0,667,746,0,0,-1,0,0,-1,-1,-1,-1,-1,-1,0,0,
2026-03-25,17:40:22.810,7.51,97,99,99,-0.121,-3.41,49,0,8.28,-0.130,0.975,-0.02,58,0,172.26,-8.96,10,0.10,4.20,4.20,4.19,4.20,4.20,4.19,4.21,4.19,33.69,0.0,28,28,0.0,0,15,-1024,0,0,667,746,0,0,-1,0,0,-1,-1,-1,-1,-1,-1,0,0,
2026-03-25,17:40:23.070,7.51,94,99,99,-0.121,-3.41,48,0,8.28,-0.131,0.975,0.01,56,0,172.26,-8.96,10,0.10,4.20,4.20,4.19,4.20,4.20,4.19,4.21,4.19,33.69,0.0,28,28,0.0,0,15,-1023,0,0,667,746,0,0,-1,0,0,-1,-1,-1,-1,-1,-1,0,0,
2026-03-25,17:40:23.330,7.51,91,99,99,-0.121,-3.41,50,0,8.28,-0.131,0.975,0.04,54,0,172.26,-8.96,10,0.10,4.20,4.20,4.19,4.20,4.20,4.19,4.21,4.19,33.69,0.0,28,28,0.0,0,14,-1023,0,0,667,746,0,0,-1,0,0,-1,-1,-1,-1,-1,-1,0,0,
2026-03-25,17:40:23.590,7.51,92,100,100,-0.121,-3.41,53,0,8.28,-0.130,0.975,0.08,52,0,172.26,-8.96,10,0.10,4.20,4.20,4.19,4.20,4.20,4.19,4.20,4.20,33.69,0.0,28,28,0.0,0,15,-1024,0,0,667,746,0,0,-1,0,0,-1,-1,-1,-1,-1,-1,0,0,
2026-03-25,17:40:23.850,7.51,96,100,100,-0.121,-3.38,57,0,8.28,-0.130,0.975,-0.02,55,0,172.26,-8.95,10,0.10,4.20,4.20,4.19,4.20,4.20,4.19,4.20,4.20,33.69,0.0,28,28,0.0,0,14,-1023,0,0,667,746,0,0,-1,0,0,-1,-1,-1,-1,-1,-1,0,0,
2026-03-25,17:40:24.120,7.51,99,100,100,-0.121,-3.40,58,0,8.28,-0.131,0.975,-0.06,60,0,172.26,-8.96,10,0.10,4.20,4.20,4.19,4.20,4.20,4.19,4.20,4.20,33.69,0.0,28,28,0.0,0,14,-1024,0,0,667,746,0,0,-1,0,0,-1,-1,-1,-1,-1,-1,0,0,
2026-03-25,17:40:24.390,7.52,99,100,100,-0.121,-3.39,59,0,8.28,-0.131,0.975,0.00,65,0,172.26,-8.96,10,0.10,4.20,4.20,4.19,4.20,4.20,4.19,4.20,4.20,33.69,0.0,28,28,0.0,0,15,-1024,0,0,667,746,0,0,-1,0,0,-1,-1,-1,-1,-1,-1,0,0,
2026-03-25,17:40:24.650,7.52,99,100,100,-0.121,-3.37,60,0,8.28,-0.131,0.975,0.03,65,0,172.26,-8.96,10,0.10,4.20,4.20,4.19,4.20,4.20,4.19,4.20,4.20,33.69,0.0,28,28,0.0,0,15,-1024,0,0,667,746,0,0,-1,0,0,-1,-1,-1,-1,-1,-1,0,0,
2026-03-25,17:40:24.920,7.52,99,100,100,-0.122,-3.36,60,0,8.28,-0.131,0.975,0.03,65,0,172.26,-8.96,10,0.10,4.20,4.20,4.19,4.20,4.20,4.19,4.20,4.20,33.69,0.0,28,28,0.0,0,15,-1024,0,0,667,746,0,0,-1,0,0,-1,-1,-1,-1,-1,-1,0,0,
2026-03-25,17:40:25.190,7.52,100,100,100,-0.121,-3.37,60,0,8.28,-0.130,0.975,0.01,66,0,172.26,-8.96,10,0.10,4.20,4.20,4.19,4.20,4.20,4.19,4.20,4.20,33.69,0.0,28,28,0.0,0,14,-1024,0,0,667,746,0,0,-1,0,0,-1,-1,-1,-1,-1,-1,0,0,
2026-03-25,17:40:25.450,7.52,97,100,100,-0.121,-3.41,60,0,8.28,-0.130,0.975,-0.07,67,0,172.26,-8.96,10,0.10,4.20,4.20,4.19,4.20,4.20,4.19,4.20,4.20,33.69,0.0,28,28,0.0,0,14,-1024,0,0,667,746,0,0,-1,0,0,-1,-1,-1,-1,-1,-1,0,0,
2026-03-25,17:40:25.710,7.52,96,100,100,-0.121,-3.36,60,0,8.28,-0.130,0.975,-0.09,66,0,172.26,-8.96,10,0.10,4.20,4.20,4.19,4.20,4.20,4.19,4.20,4.20,33.69,0.0,28,28,0.0,0,14,-1024,0,0,667,746,0,0,-1,0,0,-1,-1,-1,-1,-1,-1,0,0,
2026-03-25,17:40:25.970,7.52,96,100,100,-0.121,-3.40,60,0,8.28,-0.131,0.975,-0.04,66,0,172.26,-8.95,10,0.10,4.20,4.20,4.19,4.20,4.20,4.19,4.20,4.20,33.69,0.0,28,28,0.0,0,14,-1024,0,0,666,747,0,0,-1,0,0,-1,-1,-1,-1,-1,-1,0,0,
2026-03-25,17:40:26.230,7.52,98,100,100,-0.121,-3.46,60,0,8.28,-0.131,0.975,-0.05,66,0,172.26,-8.95,10,0.10,4.20,4.20,4.19,4.20,4.20,4.19,4.20,4.20,33.69,0.0,28,28,0.0,0,15,-1023,0,0,667,746,0,0,-1,0,0,-1,-1,-1,-1,-1,-1,0,0,
2026-03-25,17:40:26.490,7.51,99,100,100,-0.121,-3.48,60,0,8.28,-0.131,0.975,-0.12,65,0,172.26,-8.96,10,0.10,4.20,4.20,4.19,4.20,4.20,4.19,4.20,4.20,33.69,0.0,28,28,0.0,0,14,-1024,0,0,667,746,0,0,-1,0,0,-1,-1,-1,-1,-1,-1,0,0,
2026-03-25,17:40:26.750,7.51,98,100,100,-0.121,-3.42,60,0,8.28,-0.131,0.975,0.05,65,0,172.26,-8.96,10,0.10,4.20,4.20,4.19,4.20,4.20,4.19,4.20,4.20,33.69,0.0,28,28,0.0,0,15,-1024,0,0,667,746,0,0,-1,0,0,-1,-1,-1,-1,-1,-1,0,0,
2026-03-25,17:40:27.010,7.51,99,100,100,-0.121,-3.41,60,0,8.28,-0.130,0.975,0.08,66,0,172.26,-8.96,10,0.10,4.20,4.20,4.19,4.20,4.20,4.19,4.20,4.20,33.69,0.0,28,28,0.0,0,14,-1023,0,0,667,747,0,0,-1,0,0,-1,-1,-1,-1,-1,-1,0,0,
2026-03-25,17:40:27.270,7.52,98,100,100,-0.121,-3.38,60,0,8.28,-0.131,0.974,0.07,66,0,172.26,-8.96,10,0.10,4.20,4.20,4.19,4.20,4.20,4.19,4.20,4.20,33.69,0.0,28,28,0.0,0,14,-1024,0,0,667,746,0,0,-1,0,0,-1,-1,-1,-1,-1,-1,0,0,
2026-03-25,17:40:27.530,7.51,98,100,100,-0.121,-3.42,60,0,8.28,-0.131,0.974,-0.04,64,0,172.26,-8.96,10,0.10,4.20,4.20,4.19,4.20,4.20,4.19,4.20,4.20,33.69,0.0,28,28,0.0,0,14,-1024,0,0,667,746,0,0,-1,0,0,-1,-1,-1,-1,-1,-1,0,0,
2026-03-25,17:40:27.790,7.51,97,100,100,-0.121,-3.47,60,0,8.28,-0.131,0.975,-0.12,65,0,172.26,-8.96,10,0.10,4.20,4.20,4.20,4.20,4.20,4.19,4.20,4.20,33.69,0.0,28,28,0.0,0,14,-1024,0,0,667,746,0,0,-1,0,0,-1,-1,-1,-1,-1,-1,0,0,
2026-03-25,17:40:28.050,7.51,98,100,100,-0.121,-3.45,60,0,8.28,-0.131,0.975,-0.03,66,0,172.26,-8.96,10,0.10,4.20,4.20,4.20,4.20,4.20,4.19,4.20,4.20,33.69,0.0,28,28,0.0,0,15,-1024,0,0,667,746,0,0,-1,0,0,-1,-1,-1,-1,-1,-1,0,0,
2026-03-25,17:40:28.330,7.52,99,100,100,-0.121,-3.44,60,0,8.28,-0.131,0.975,0.02,65,0,172.26,-8.96,10,0.10,4.20,4.20,4.20,4.20,4.20,4.19,4.21,4.19,33.69,0.0,28,28,0.0,0,15,-1024,0,0,667,746,0,0,-1,0,0,-1,-1,-1,-1,-1,-1,0,0,
2026-03-25,17:40:28.590,7.52,100,100,100,-0.122,-3.45,60,0,8.28,-0.131,0.975,0.00,66,0,172.26,-8.96,10,0.10,4.20,4.20,4.20,4.20,4.20,4.19,4.21,4.19,33.69,0.0,28,28,0.0,0,14,-1024,0,0,667,746,0,0,-1,0,0,-1,-1,-1,-1,-1,-1,0,0,
2026-03-25,17:40:28.860,7.51,100,100,100,-0.121,-3.42,60,0,8.28,-0.131,0.975,-0.07,66,0,172.26,-8.96,10,0.10,4.20,4.20,4.20,4.20,4.20,4.19,4.21,4.19,33.69,0.0,28,28,0.0,0,14,-1023,0,0,667,746,0,0,-1,0,0,-1,-1,-1,-1,-1,-1,0,0,
2026-03-25,17:40:29.130,7.51,99,100,100,-0.121,-3.46,60,0,8.28,-0.131,0.975,-0.02,66,0,172.26,-8.95,10,0.10,4.20,4.20,4.20,4.20,4.20,4.19,4.21,4.19,33.69,0.0,28,28,0.0,0,15,-1024,0,0,666,747,0,0,-1,0,0,-1,-1,-1,-1,-1,-1,0,0,
2026-03-25,17:40:29.390,7.52,98,100,100,-0.122,-3.42,60,0,8.28,-0.131,0.975,0.07,66,0,172.26,-8.95,10,0.10,4.20,4.20,4.20,4.20,4.20,4.19,4.21,4.19,33.69,0.0,28,28,0.0,0,15,-1023,0,0,667,746,0,0,-1,0,0,-1,-1,-1,-1,-1,-1,0,0,
2026-03-25,17:40:29.650,7.52,97,100,100,-0.121,-3.40,60,0,8.28,-0.130,0.975,0.06,66,0,172.26,-8.95,10,0.10,4.20,4.20,4.20,4.20,4.20,4.19,4.20,4.20,33.69,0.0,28,28,0.0,0,15,-1024,0,0,667,746,0,0,-1,0,0,-1,-1,-1,-1,-1,-1,0,0,
2026-03-25,17:40:29.920,7.52,98,100,100,-0.121,-3.38,60,0,8.28,-0.131,0.974,0.06,66,0,172.26,-8.95,10,0.10,4.20,4.20,4.20,4.20,4.20,4.19,4.20,4.20,33.69,0.0,28,28,0.0,0,14,-1024,0,0,667,746,0,0,-1,0,0,-1,-1,-1,-1,-1,-1,0,0,
2026-03-25,17:40:30.180,7.52,100,100,100,-0.122,-3.39,59,0,8.28,-0.131,0.975,0.00,67,0,172.26,-8.95,10,0.10,4.20,4.20,4.19,4.20,4.20,4.19,4.20,4.20,33.69,0.0,28,28,0.0,0,14,-1024,0,0,667,746,0,0,-1,0,0,-1,-1,-1,-1,-1,-1,0,0,
2026-03-25,17:40:30.440,7.51,100,100,100,-0.121,-3.42,59,0,8.28,-0.130,0.975,-0.04,67,0,172.26,-8.95,10,0.10,4.20,4.20,4.19,4.20,4.20,4.19,4.20,4.20,33.69,0.0,28,28,0.0,0,15,-1024,0,0,667,746,0,0,-1,0,0,-1,-1,-1,-1,-1,-1,0,0,
2026-03-25,17:40:30.700,7.51,100,100,100,-0.121,-3.45,59,0,8.28,-0.131,0.975,-0.07,66,0,172.26,-8.95,10,0.10,4.20,4.20,4.19,4.20,4.20,4.19,4.20,4.19,33.69,0.0,28,28,0.0,0,14,-1024,0,0,667,746,0,0,-1,0,0,-1,-1,-1,-1,-1,-1,0,0,
2026-03-25,17:40:30.970,7.51,100,100,100,-0.121,-3.47,59,0,8.28,-0.131,0.975,-0.09,66,0,172.26,-8.95,10,0.10,4.20,4.20,4.19,4.20,4.20,4.19,4.20,4.19,33.69,0.0,28,28,0.0,0,14,-1024,0,0,667,746,0,0,-1,0,0,-1,-1,-1,-1,-1,-1,0,0,
2026-03-25,17:40:31.240,7.51,100,100,100,-0.121,-3.46,59,0,8.28,-0.131,0.975,-0.03,66,0,172.26,-8.95,10,0.10,4.20,4.20,4.19,4.20,4.20,4.19,4.20,4.19,33.69,0.0,28,28,0.0,0,15,-1024,0,0,667,746,0,0,-1,0,0,-1,-1,-1,-1,-1,-1,0,0,
2026-03-25,17:40:31.500,7.51,99,100,100,-0.121,-3.46,59,0,8.28,-0.131,0.975,-0.03,67,0,172.26,-8.95,10,0.10,4.20,4.20,4.19,4.20,4.20,4.19,4.20,4.19,33.69,0.0,28,28,0.0,0,15,-1023,0,0,667,747,0,0,-1,0,0,-1,-1,-1,-1,-1,-1,0,0,
2026-03-25,17:40:31.770,7.51,98,100,100,-0.121,-3.37,59,0,8.28,-0.131,0.975,0.08,65,0,172.26,-8.95,10,0.10,4.20,4.20,4.19,4.20,4.20,4.19,4.20,4.19,33.69,0.0,28,28,0.0,0,14,-1023,0,0,667,746,0,0,-1,0,0,-1,-1,-1,-1,-1,-1,0,0,
2026-03-25,17:40:32.040,7.51,96,100,100,-0.121,-3.43,59,0,8.28,-0.131,0.975,-0.07,66,0,172.26,-8.95,10,0.10,4.20,4.20,4.19,4.20,4.20,4.19,4.20,4.19,33.69,0.0,28,28,0.0,0,14,-1024,0,0,667,746,0,0,-1,0,0,-1,-1,-1,-1,-1,-1,0,0,
2026-03-25,17:40:32.300,7.51,95,100,100,-0.121,-3.43,59,0,8.28,-0.131,0.975,-0.05,67,0,172.26,-8.95,10,0.10,4.20,4.20,4.19,4.20,4.20,4.19,4.20,4.19,33.69,0.0,28,28,0.0,0,15,-1024,0,0,667,746,0,0,-1,0,0,-1,-1,-1,-1,-1,-1,0,0,
2026-03-25,17:40:32.570,7.52,97,100,100,-0.121,-3.41,59,0,8.28,-0.130,0.975,0.02,65,0,172.26,-8.95,10,0.10,4.20,4.20,4.19,4.20,4.20,4.19,4.20,4.19,33.69,0.0,28,28,0.0,0,14,-1024,0,0,667,746,0,0,-1,0,0,-1,-1,-1,-1,-1,-1,0,0,
2026-03-25,17:40:32.840,7.51,97,100,100,-0.121,-3.41,59,0,8.28,-0.131,0.975,0.00,66,0,172.26,-8.95,10,0.10,4.20,4.20,4.19,4.20,4.20,4.19,4.20,4.19,33.69,0.0,28,28,0.0,0,15,-1024,0,0,667,746,0,0,-1,0,0,-1,-1,-1,-1,-1,-1,0,0,
2026-03-25,17:40:33.100,7.51,98,100,100,-0.121,-3.38,59,0,8.28,-0.131,0.975,0.05,66,0,172.26,-8.95,10,0.10,4.20,4.20,4.19,4.20,4.20,4.19,4.20,4.19,33.69,0.0,28,28,0.0,0,15,-1024,0,0,667,746,0,0,-1,0,0,-1,-1,-1,-1,-1,-1,0,0,
2026-03-25,17:40:33.360,7.51,99,100,100,-0.121,-3.39,59,0,8.28,-0.131,0.975,0.05,67,0,172.26,-8.95,10,0.10,4.20,4.20,4.19,4.20,4.20,4.19,4.20,4.19,33.69,0.0,28,28,0.0,0,14,-1024,0,0,667,747,0,0,-1,0,0,-1,-1,-1,-1,-1,-1,0,0,
2026-03-25,17:40:33.630,7.51,98,100,100,-0.121,-3.39,59,0,8.28,-0.130,0.975,-0.03,67,0,172.26,-8.95,10,0.10,4.20,4.20,4.19,4.20,4.20,4.19,4.20,4.19,33.69,0.0,28,28,0.0,0,14,-1024,0,0,667,746,0,0,-1,0,0,-1,-1,-1,-1,-1,-1,0,0,
2026-03-25,17:40:33.900,7.51,97,100,100,-0.121,-3.38,59,0,8.28,-0.131,0.974,0.01,67,0,172.26,-8.95,10,0.10,4.20,4.20,4.20,4.20,4.20,4.19,4.20,4.19,33.69,0.0,28,28,0.0,0,14,-1023,0,0,667,746,0,0,-1,0,0,-1,-1,-1,-1,-1,-1,0,0,
2026-03-25,17:40:34.180,7.51,96,100,100,-0.121,-3.46,58,0,8.28,-0.131,0.975,-0.12,66,0,172.26,-8.95,10,0.10,4.20,4.20,4.20,4.20,4.20,4.19,4.20,4.19,33.69,0.0,28,28,0.0,0,15,-1024,0,0,667,746,0,0,-1,0,0,-1,-1,-1,-1,-1,-1,0,0,
2026-03-25,17:40:34.450,7.51,97,100,100,-0.121,-3.45,58,0,8.28,-0.131,0.975,-0.09,67,0,172.26,-8.96,10,0.10,4.20,4.20,4.20,4.20,4.20,4.19,4.21,4.20,33.69,0.0,28,28,0.0,0,14,-1024,0,0,667,746,0,0,-1,0,0,-1,-1,-1,-1,-1,-1,0,0,
2026-03-25,17:40:34.720,7.51,98,100,100,-0.121,-3.41,58,0,8.28,-0.131,0.975,0.08,66,0,172.26,-8.96,10,0.10,4.20,4.20,4.20,4.20,4.20,4.19,4.21,4.20,33.69,0.0,28,28,0.0,0,15,-1024,0,0,667,746,0,0,-1,0,0,-1,-1,-1,-1,-1,-1,0,0,
2026-03-25,17:40:34.980,7.51,99,100,100,-0.121,-3.38,59,0,8.28,-0.131,0.975,0.08,66,0,172.26,-8.96,10,0.10,4.20,4.20,4.20,4.20,4.20,4.19,4.21,4.20,33.69,0.0,28,28,0.0,0,15,-1024,0,0,667,746,0,0,-1,0,0,-1,-1,-1,-1,-1,-1,0,0,
2026-03-25,17:40:35.250,7.52,100,100,100,-0.121,-3.42,60,0,8.28,-0.131,0.975,0.00,66,0,172.26,-8.96,10,0.10,4.20,4.20,4.20,4.20,4.20,4.19,4.21,4.20,33.69,0.0,28,28,0.0,0,15,-1024,0,0,667,746,0,0,-1,0,0,-1,-1,-1,-1,-1,-1,0,0,
2026-03-25,17:40:35.510,7.52,99,100,100,-0.121,-3.44,59,0,8.28,-0.131,0.975,-0.10,67,0,172.26,-8.96,10,0.10,4.20,4.20,4.20,4.20,4.20,4.19,4.20,4.20,33.69,0.0,28,28,0.0,0,15,-1023,0,0,666,746,0,0,-1,0,0,-1,-1,-1,-1,-1,-1,0,0,
2026-03-25,17:40:35.780,7.51,98,100,100,-0.121,-3.45,59,0,8.28,-0.131,0.975,-0.02,68,0,172.27,-8.96,10,0.10,4.20,4.20,4.20,4.20,4.20,4.19,4.20,4.20,33.69,0.0,28,28,0.0,0,14,-1024,0,0,667,746,0,0,-1,0,0,-1,-1,-1,-1,-1,-1,0,0,
2026-03-25,17:40:36.050,7.52,97,100,100,-0.121,-3.40,58,0,8.28,-0.131,0.975,0.04,66,0,172.27,-8.96,10,0.10,4.20,4.20,4.19,4.20,4.20,4.19,4.20,4.20,33.69,0.0,28,28,0.0,0,15,-1023,0,0,667,746,0,0,-1,0,0,-1,-1,-1,-1,-1,-1,0,0,
2026-03-25,17:40:36.310,7.51,98,100,100,-0.121,-3.45,59,0,8.28,-0.131,0.975,0.00,65,0,172.26,-8.96,10,0.10,4.20,4.20,4.19,4.20,4.20,4.19,4.20,4.20,33.69,0.0,28,28,0.0,0,15,-1023,0,0,667,746,0,0,-1,0,0,-1,-1,-1,-1,-1,-1,0,0,
2026-03-25,17:40:36.570,7.52,99,100,100,-0.121,-3.45,59,0,8.28,-0.131,0.975,-0.09,66,0,172.26,-8.96,10,0.10,4.20,4.20,4.19,4.20,4.20,4.19,4.20,4.20,33.69,0.0,28,28,0.0,0,14,-1024,0,0,667,746,0,0,-1,0,0,-1,-1,-1,-1,-1,-1,0,0,
2026-03-25,17:40:36.830,7.51,100,100,100,-0.121,-3.45,60,0,8.28,-0.131,0.975,0.00,67,0,172.26,-8.96,10,0.10,4.20,4.20,4.19,4.20,4.20,4.19,4.20,4.20,33.69,0.0,28,28,0.0,0,14,-1024,0,0,667,746,0,0,-1,0,0,-1,-1,-1,-1,-1,-1,0,0,
2026-03-25,17:40:37.100,7.52,100,100,100,-0.122,-3.48,62,0,8.28,-0.130,0.975,-0.06,68,0,172.26,-8.96,10,0.10,4.20,4.20,4.19,4.20,4.20,4.19,4.20,4.20,33.69,0.0,28,28,0.0,0,14,-1023,0,0,667,746,0,0,-1,0,0,-1,-1,-1,-1,-1,-1,0,0,
2026-03-25,17:40:37.370,7.51,100,100,100,-0.122,-3.48,63,0,8.28,-0.130,0.974,-0.03,68,0,172.26,-8.96,10,0.10,4.20,4.20,4.19,4.20,4.20,4.19,4.20,4.20,33.69,0.0,28,28,0.0,0,14,-1023,0,0,667,746,0,0,-1,0,0,-1,-1,-1,-1,-1,-1,0,0,
2026-03-25,17:40:37.640,7.52,99,100,100,-0.121,-3.39,63,0,8.28,-0.131,0.975,0.12,66,0,172.26,-8.96,10,0.10,4.20,4.20,4.19,4.20,4.20,4.19,4.20,4.20,33.69,0.0,28,28,0.0,0,15,-1024,0,0,667,746,0,0,-1,0,0,-1,-1,-1,-1,-1,-1,0,0,
2026-03-25,17:40:37.910,7.52,99,100,100,-0.121,-3.38,63,0,8.28,-0.130,0.975,0.17,66,0,172.26,-8.97,10,0.10,4.20,4.20,4.19,4.20,4.20,4.19,4.20,4.20,33.69,0.0,28,28,0.0,0,14,-1023,0,0,667,746,0,0,-1,0,0,-1,-1,-1,-1,-1,-1,0,0,
2026-03-25,17:40:38.180,7.51,99,100,100,-0.121,-3.44,63,0,8.28,-0.131,0.974,-0.06,67,0,172.26,-8.97,10,0.10,4.20,4.20,4.19,4.20,4.20,4.19,4.20,4.20,33.69,0.0,28,28,0.0,0,15,-1024,0,0,667,746,0,0,-1,0,0,-1,-1,-1,-1,-1,-1,0,0,
2026-03-25,17:40:38.460,7.51,100,100,100,-0.121,-3.46,63,0,8.28,-0.130,0.975,-0.10,66,0,172.26,-8.97,10,0.10,4.20,4.20,4.20,4.20,4.20,4.19,4.20,4.20,33.69,0.0,28,28,0.0,0,14,-1023,0,0,667,746,0,0,-1,0,0,-1,-1,-1,-1,-1,-1,0,0,
2026-03-25,17:40:38.720,7.51,100,100,100,-0.121,-3.42,63,0,8.28,-0.131,0.975,0.01,67,0,172.26,-8.97,10,0.10,4.20,4.20,4.20,4.20,4.20,4.19,4.20,4.20,33.69,0.0,28,28,0.0,0,15,-1023,0,0,667,746,0,0,-1,0,0,-1,-1,-1,-1,-1,-1,0,0,
2026-03-25,17:40:38.990,7.51,100,100,100,-0.121,-3.40,63,0,8.28,-0.131,0.975,0.10,67,0,172.26,-8.97,10,0.10,4.20,4.20,4.20,4.20,4.20,4.19,4.20,4.20,33.69,0.0,28,28,0.0,0,15,-1024,0,0,667,746,0,0,-1,0,0,-1,-1,-1,-1,-1,-1,0,0,
2026-03-25,17:40:39.260,7.52,100,100,100,-0.122,-3.45,63,0,8.28,-0.131,0.975,-0.03,68,0,172.26,-8.97,10,0.10,4.20,4.20,4.20,4.20,4.20,4.19,4.20,4.20,33.69,0.0,28,28,0.0,0,14,-1023,0,0,667,746,0,0,-1,0,0,-1,-1,-1,-1,-1,-1,0,0,
2026-03-25,17:40:39.520,7.51,100,100,100,-0.121,-3.45,63,0,8.28,-0.131,0.974,-0.05,68,0,172.26,-8.97,10,0.10,4.20,4.20,4.20,4.20,4.20,4.19,4.20,4.20,33.69,0.0,28,28,0.0,0,14,-1024,0,0,667,746,0,0,-1,0,0,-1,-1,-1,-1,-1,-1,0,0,
2026-03-25,17:40:39.790,7.52,100,100,100,-0.122,-3.45,63,0,8.28,-0.131,0.975,0.00,69,0,172.26,-8.97,10,0.10,4.20,4.20,4.20,4.20,4.20,4.19,4.20,4.20,33.69,0.0,28,28,0.0,0,14,-1024,0,0,667,746,0,0,-1,0,0,-1,-1,-1,-1,-1,-1,0,0,
2026-03-25,17:40:40.060,7.51,100,100,100,-0.121,-3.47,62,0,8.28,-0.131,0.975,-0.03,68,0,172.26,-8.97,10,0.10,4.20,4.20,4.20,4.20,4.20,4.19,4.20,4.20,33.69,0.0,28,28,0.0,0,14,-1024,0,0,667,746,0,0,-1,0,0,-1,-1,-1,-1,-1,-1,0,0,
2026-03-25,17:40:40.330,7.51,100,100,100,-0.121,-3.51,60,0,8.28,-0.131,0.975,-0.12,68,0,172.26,-8.97,10,0.10,4.20,4.20,4.20,4.20,4.20,4.19,4.20,4.19,33.69,0.0,28,28,0.0,0,14,-1023,0,0,666,746,0,0,-1,0,0,-1,-1,-1,-1,-1,-1,0,0,
2026-03-25,17:40:40.590,7.51,100,100,100,-0.121,-3.44,59,0,8.28,-0.131,0.975,0.06,69,0,172.26,-8.97,10,0.10,4.20,4.20,4.20,4.20,4.20,4.19,4.20,4.19,33.69,0.0,28,28,0.0,0,15,-1024,0,0,667,746,0,0,-1,0,0,-1,-1,-1,-1,-1,-1,0,0,
2026-03-25,17:40:40.850,7.51,99,100,100,-0.121,-3.44,59,0,8.28,-0.131,0.975,0.08,68,0,172.26,-8.97,10,0.10,4.20,4.20,4.19,4.20,4.20,4.19,4.20,4.19,33.69,0.0,28,28,0.0,0,15,-1023,0,0,667,746,0,0,-1,0,0,-1,-1,-1,-1,-1,-1,0,0,
2026-03-25,17:40:41.110,7.52,98,100,100,-0.122,-3.47,59,0,8.28,-0.130,0.975,-0.04,68,0,172.26,-8.97,10,0.10,4.20,4.20,4.19,4.20,4.20,4.19,4.20,4.19,33.69,0.0,28,28,0.0,0,14,-1023,0,0,667,746,0,0,-1,0,0,-1,-1,-1,-1,-1,-1,0,0,
2026-03-25,17:40:41.370,7.52,98,100,100,-0.122,-3.42,59,0,8.28,-0.131,0.975,0.07,68,0,172.26,-8.97,10,0.10,4.20,4.20,4.19,4.20,4.20,4.19,4.20,4.19,33.69,0.0,28,28,0.0,0,15,-1023,0,0,667,746,0,0,-1,0,0,-1,-1,-1,-1,-1,-1,0,0,
2026-03-25,17:40:41.630,7.51,99,100,100,-0.121,-3.47,60,0,8.28,-0.130,0.975,-0.02,68,0,172.26,-8.97,10,0.10,4.20,4.20,4.19,4.20,4.20,4.19,4.21,4.20,33.69,0.0,28,28,0.0,0,14,-1023,0,0,667,746,0,0,-1,0,0,-1,-1,-1,-1,-1,-1,0,0,
2026-03-25,17:40:41.890,7.51,100,100,100,-0.122,-3.45,61,0,8.28,-0.130,0.975,0.00,67,0,172.26,-8.97,10,0.10,4.20,4.20,4.19,4.20,4.20,4.19,4.21,4.20,33.69,0.0,28,28,0.0,0,14,-1023,0,0,667,746,0,0,-1,0,0,-1,-1,-1,-1,-1,-1,0,0,
2026-03-25,17:40:42.150,7.51,100,100,100,-0.121,-3.46,61,0,8.28,-0.131,0.975,-0.03,65,0,172.26,-8.97,10,0.10,4.20,4.20,4.19,4.20,4.20,4.19,4.21,4.20,33.69,0.0,28,28,0.0,0,14,-1023,0,0,667,746,0,0,-1,0,0,-1,-1,-1,-1,-1,-1,0,0,
2026-03-25,17:40:42.410,7.51,100,100,100,-0.121,-3.48,61,0,8.28,-0.131,0.975,-0.03,65,0,172.26,-8.97,10,0.10,4.20,4.20,4.19,4.20,4.20,4.19,4.21,4.20,33.69,0.0,28,28,0.0,0,14,-1023,0,0,667,746,0,0,-1,0,0,-1,-1,-1,-1,-1,-1,0,0,
2026-03-25,17:40:42.670,7.52,98,100,100,-0.121,-3.46,60,0,8.28,-0.131,0.975,0.10,66,0,172.26,-8.97,10,0.10,4.20,4.20,4.19,4.20,4.20,4.19,4.20,4.19,33.69,0.0,28,28,0.0,0,15,-1023,0,0,667,746,0,0,-1,0,0,-1,-1,-1,-1,-1,-1,0,0,
2026-03-25,17:40:42.940,7.51,97,100,100,-0.121,-3.42,60,0,8.28,-0.131,0.975,0.06,65,0,172.26,-8.97,10,0.10,4.20,4.20,4.19,4.20,4.20,4.19,4.20,4.19,33.69,0.0,28,28,0.0,0,15,-1023,0,0,667,746,0,0,-1,0,0,-1,-1,-1,-1,-1,-1,0,0,
2026-03-25,17:40:43.200,7.52,97,100,100,-0.121,-3.41,61,0,8.28,-0.131,0.975,0.06,65,0,172.26,-8.97,10,0.10,4.20,4.20,4.19,4.20,4.20,4.19,4.20,4.19,33.69,0.0,28,28,0.0,0,14,-1024,0,0,667,746,0,0,-1,0,0,-1,-1,-1,-1,-1,-1,0,0,
2026-03-25,17:40:43.460,7.51,98,100,100,-0.121,-3.44,61,0,8.28,-0.131,0.975,-0.01,66,0,172.26,-8.97,10,0.10,4.20,4.20,4.20,4.20,4.20,4.19,4.20,4.19,33.69,0.0,28,28,0.0,0,14,-1024,0,0,667,746,0,0,-1,0,0,-1,-1,-1,-1,-1,-1,0,0,
2026-03-25,17:40:43.720,7.51,98,100,100,-0.122,-3.43,61,0,8.28,-0.131,0.975,0.00,66,0,172.26,-8.97,10,0.10,4.20,4.20,4.20,4.20,4.20,4.19,4.20,4.19,33.69,0.0,28,28,0.0,0,14,-1024,0,0,667,746,0,0,-1,0,0,-1,-1,-1,-1,-1,-1,0,0,
2026-03-25,17:40:43.980,7.51,98,100,100,-0.121,-3.45,61,0,8.28,-0.131,0.975,-0.04,66,0,172.26,-8.96,10,0.10,4.20,4.20,4.20,4.20,4.20,4.19,4.20,4.20,33.69,0.0,28,28,0.0,0,15,-1024,0,0,667,746,0,0,-1,0,0,-1,-1,-1,-1,-1,-1,0,0,
2026-03-25,17:40:44.250,7.51,96,100,100,-0.121,-3.45,62,0,8.28,-0.130,0.975,-0.05,66,0,172.26,-8.96,10,0.10,4.20,4.20,4.20,4.20,4.20,4.19,4.20,4.20,33.69,0.0,28,28,0.0,0,14,-1024,0,0,667,746,0,0,-1,0,0,-1,-1,-1,-1,-1,-1,0,0,
2026-03-25,17:40:44.510,7.52,98,100,100,-0.122,-3.45,62,0,8.28,-0.130,0.975,0.02,65,0,172.26,-8.96,10,0.10,4.20,4.20,4.19,4.20,4.20,4.19,4.20,4.20,33.69,0.0,28,28,0.0,0,15,-1024,0,0,667,746,0,0,-1,0,0,-1,-1,-1,-1,-1,-1,0,0,
2026-03-25,17:40:44.770,7.51,97,100,100,-0.121,-3.49,62,0,8.28,-0.131,0.974,-0.09,65,0,172.26,-8.96,10,0.10,4.20,4.20,4.19,4.20,4.20,4.19,4.20,4.20,33.69,0.0,28,28,0.0,0,15,-1023,0,0,667,746,0,0,-1,0,0,-1,-1,-1,-1,-1,-1,0,0,
2026-03-25,17:40:45.030,7.51,99,100,100,-0.121,-3.43,62,0,8.28,-0.131,0.975,0.08,66,0,172.26,-8.96,10,0.10,4.20,4.20,4.19,4.20,4.20,4.19,4.20,4.20,33.69,0.0,28,28,0.0,0,15,-1024,0,0,667,746,0,0,-1,0,0,-1,-1,-1,-1,-1,-1,0,0,
2026-03-25,17:40:45.290,7.51,99,100,100,-0.121,-3.39,62,0,8.28,-0.131,0.975,0.07,66,0,172.26,-8.96,10,0.10,4.20,4.20,4.19,4.20,4.20,4.19,4.20,4.20,33.69,0.0,28,28,0.0,0,15,-1024,0,0,667,746,0,0,-1,0,0,-1,-1,-1,-1,-1,-1,0,0,
2026-03-25,17:40:45.550,7.51,99,100,100,-0.122,-3.37,62,0,8.28,-0.131,0.975,0.14,65,0,172.26,-8.96,10,0.10,4.20,4.20,4.19,4.20,4.20,4.19,4.20,4.20,33.69,0.0,28,28,0.0,0,15,-1024,0,0,667,746,0,0,-1,0,0,-1,-1,-1,-1,-1,-1,0,0,
2026-03-25,17:40:45.820,7.51,98,100,100,-0.122,-3.41,62,0,8.28,-0.131,0.974,-0.03,65,0,172.26,-8.96,10,0.10,4.20,4.20,4.19,4.20,4.20,4.19,4.20,4.20,33.69,0.0,28,28,0.0,0,14,-1024,0,0,667,746,0,0,-1,0,0,-1,-1,-1,-1,-1,-1,0,0,
2026-03-25,17:40:46.080,7.51,98,100,100,-0.121,-3.44,62,0,8.28,-0.131,0.975,-0.04,66,0,172.26,-8.96,10,0.10,4.20,4.20,4.19,4.20,4.20,4.19,4.20,4.20,33.69,0.0,28,28,0.0,0,14,-1024,0,0,667,746,0,0,-1,0,0,-1,-1,-1,-1,-1,-1,0,0,
2026-03-25,17:40:46.340,7.52,98,100,100,-0.121,-3.47,62,0,8.28,-0.131,0.975,-0.09,65,0,172.26,-8.96,10,0.10,4.20,4.20,4.19,4.20,4.20,4.19,4.20,4.20,33.69,0.0,28,28,0.0,0,14,-1023,0,0,667,746,0,0,-1,0,0,-1,-1,-1,-1,-1,-1,0,0,
2026-03-25,17:40:46.600,7.52,98,100,100,-0.121,-3.50,61,0,8.28,-0.131,0.975,-0.12,65,0,172.26,-8.96,10,0.10,4.20,4.20,4.19,4.20,4.20,4.19,4.20,4.20,33.69,0.0,28,28,0.0,0,14,-1023,0,0,667,746,0,0,-1,0,0,-1,-1,-1,-1,-1,-1,0,0,
2026-03-25,17:40:46.860,7.51,97,100,100,-0.121,-3.45,61,0,8.28,-0.130,0.975,0.04,66,0,172.26,-8.96,10,0.10,4.20,4.20,4.19,4.20,4.20,4.19,4.20,4.20,33.69,0.0,28,28,0.0,0,15,-1024,0,0,667,746,0,0,-1,0,0,-1,-1,-1,-1,-1,-1,0,0,
2026-03-25,17:40:47.120,7.52,98,100,100,-0.121,-3.42,61,0,8.28,-0.131,0.975,0.08,65,0,172.26,-8.96,10,0.10,4.20,4.20,4.19,4.20,4.20,4.19,4.20,4.20,33.69,0.0,28,28,0.0,0,14,-1024,0,0,667,746,0,0,-1,0,0,-1,-1,-1,-1,-1,-1,0,0,
2026-03-25,17:40:47.380,7.52,99,100,100,-0.121,-3.45,61,0,8.28,-0.131,0.975,0.00,65,0,172.26,-8.96,10,0.10,4.20,4.20,4.19,4.20,4.20,4.19,4.20,4.20,33.69,0.0,28,28,0.0,0,15,-1024,0,0,667,746,0,0,-1,0,0,-1,-1,-1,-1,-1,-1,0,0,
2026-03-25,17:40:47.640,7.52,100,100,100,-0.121,-3.46,61,0,8.28,-0.131,0.975,0.00,65,0,172.26,-8.96,10,0.10,4.20,4.20,4.19,4.20,4.20,4.19,4.20,4.20,33.69,0.0,28,28,0.0,0,15,-1023,0,0,667,746,0,0,-1,0,0,-1,-1,-1,-1,-1,-1,0,0,
2026-03-25,17:40:47.900,7.52,100,100,100,-0.121,-3.53,61,0,8.28,-0.131,0.974,-0.17,65,0,172.26,-8.96,10,0.10,4.20,4.20,4.19,4.20,4.20,4.19,4.20,4.20,33.69,0.0,28,28,0.0,0,14,-1024,0,0,667,746,0,0,-1,0,0,-1,-1,-1,-1,-1,-1,0,0,
2026-03-25,17:40:48.160,7.52,100,100,100,-0.122,-3.48,61,0,8.28,-0.131,0.975,0.00,64,0,172.26,-8.96,10,0.10,4.20,4.20,4.19,4.20,4.20,4.19,4.20,4.20,33.69,0.0,28,28,0.0,0,15,-1023,0,0,667,746,0,0,-1,0,0,-1,-1,-1,-1,-1,-1,0,0,
2026-03-25,17:40:48.420,7.51,100,100,100,-0.122,-3.41,61,0,8.28,-0.131,0.974,0.16,65,0,172.26,-8.95,10,0.10,4.20,4.20,4.19,4.20,4.20,4.19,4.20,4.20,33.69,0.0,28,28,0.0,0,15,-1024,0,0,667,746,0,0,-1,0,0,-1,-1,-1,-1,-1,-1,0,0,
2026-03-25,17:40:48.680,7.51,100,100,100,-0.121,-3.40,61,0,8.28,-0.131,0.974,0.10,65,0,172.26,-8.95,10,0.10,4.20,4.20,4.19,4.20,4.20,4.19,4.20,4.20,33.69,0.0,28,28,0.0,0,15,-1023,0,0,667,746,0,0,-1,0,0,-1,-1,-1,-1,-1,-1,0,0,
2026-03-25,17:40:48.940,7.51,99,100,100,-0.121,-3.41,61,0,8.28,-0.131,0.975,0.03,64,0,172.26,-8.96,10,0.10,4.20,4.20,4.19,4.20,4.20,4.19,4.20,4.20,33.69,0.0,28,28,0.0,0,14,-1024,0,0,667,746,0,0,-1,0,0,-1,-1,-1,-1,-1,-1,0,0,
2026-03-25,17:40:49.200,7.52,99,100,100,-0.121,-3.47,61,0,8.28,-0.131,0.975,-0.09,64,0,172.26,-8.96,10,0.10,4.20,4.20,4.19,4.20,4.20,4.19,4.20,4.20,33.69,0.0,28,28,0.0,0,15,-1024,0,0,667,746,0,0,-1,0,0,-1,-1,-1,-1,-1,-1,0,0,
2026-03-25,17:40:49.460,7.52,98,100,100,-0.121,-3.46,61,0,8.28,-0.131,0.975,-0.09,63,0,172.26,-8.96,10,0.10,4.20,4.20,4.19,4.20,4.20,4.19,4.20,4.20,33.69,0.0,28,28,0.0,0,14,-1023,0,0,667,746,0,0,-1,0,0,-1,-1,-1,-1,-1,-1,0,0,
2026-03-25,17:40:49.730,7.51,98,100,100,-0.121,-3.46,61,0,8.28,-0.131,0.975,0.11,62,0,172.26,-8.96,10,0.10,4.20,4.20,4.19,4.20,4.20,4.19,4.20,4.20,33.69,0.0,28,28,0.0,0,15,-1023,0,0,667,746,0,0,-1,0,0,-1,-1,-1,-1,-1,-1,0,0,
2026-03-25,17:40:50.000,7.52,97,100,100,-0.121,-3.47,58,0,8.28,-0.131,0.975,-0.05,59,0,172.26,-8.96,10,0.10,4.20,4.20,4.19,4.20,4.20,4.19,4.21,4.20,33.69,0.0,28,28,0.0,0,15,-1024,0,0,667,746,0,0,-1,0,0,-1,-1,-1,-1,-1,-1,0,0,
2026-03-25,17:40:50.260,7.52,93,100,100,-0.121,-3.47,53,0,8.28,-0.131,0.975,-0.13,58,0,172.26,-8.96,10,0.10,4.20,4.20,4.19,4.20,4.20,4.19,4.21,4.20,33.69,0.0,28,28,0.0,0,14,-1023,0,0,667,746,0,0,-1,0,0,-1,-1,-1,-1,-1,-1,0,0,
2026-03-25,17:40:50.530,7.51,90,100,100,-0.121,-3.48,50,0,8.28,-0.131,0.974,0.00,57,0,172.26,-8.97,10,0.10,4.20,4.20,4.19,4.20,4.20,4.19,4.21,4.20,33.69,0.0,28,28,0.0,0,14,-1023,0,0,667,746,0,0,-1,0,0,-1,-1,-1,-1,-1,-1,0,0,
2026-03-25,17:40:50.790,7.51,88,100,100,-0.121,-3.48,48,0,8.28,-0.131,0.975,0.01,54,0,172.26,-8.97,10,0.10,4.20,4.20,4.19,4.20,4.20,4.19,4.21,4.20,33.69,0.0,28,28,0.0,0,14,-1023,0,0,667,746,0,0,-1,0,0,-1,-1,-1,-1,-1,-1,0,0,
2026-03-25,17:40:51.050,7.51,90,100,100,-0.121,-3.48,47,0,8.28,-0.131,0.974,0.01,54,0,172.26,-8.97,10,0.10,4.20,4.20,4.19,4.20,4.20,4.19,4.21,4.20,33.69,0.0,28,28,0.0,0,14,-1023,0,0,667,746,0,0,-1,0,0,-1,-1,-1,-1,-1,-1,0,0,
2026-03-25,17:40:51.320,7.52,89,100,100,-0.121,-3.45,49,0,8.28,-0.131,0.974,0.03,54,0,172.26,-8.97,10,0.10,4.20,4.20,4.19,4.20,4.20,4.19,4.21,4.20,33.69,0.0,28,28,0.0,0,14,-1023,0,0,667,746,0,0,-1,0,0,-1,-1,-1,-1,-1,-1,0,0,
2026-03-25,17:40:51.580,7.51,91,100,100,-0.121,-3.42,51,0,8.28,-0.131,0.974,0.08,56,0,172.26,-8.97,10,0.10,4.20,4.20,4.19,4.20,4.20,4.19,4.21,4.20,33.69,0.0,28,28,0.0,0,18,-1024,0,0,667,746,0,0,-1,0,0,-1,-1,-1,-1,-1,-1,0,0,
2026-03-25,17:40:51.840,7.52,94,100,100,-0.122,-3.35,54,0,8.28,-0.131,0.974,0.14,58,0,172.26,-8.96,10,0.10,4.20,4.20,4.19,4.20,4.20,4.19,4.21,4.20,33.69,0.0,28,28,0.0,0,47,-1024,0,0,667,746,0,0,-1,0,0,-1,-1,-1,-1,-1,-1,0,0,
2026-03-25,17:40:52.100,7.52,96,100,100,-0.121,-3.43,55,0,8.28,-0.131,0.974,-0.05,57,0,172.26,-8.96,10,0.10,4.20,4.20,4.19,4.20,4.20,4.19,4.21,4.20,33.69,0.0,28,28,0.0,0,57,-1024,0,0,667,746,0,0,-1,0,0,-1,-1,-1,-1,-1,-1,0,0,
2026-03-25,17:40:52.360,7.52,93,100,100,-0.121,-3.42,54,0,8.28,-0.130,0.975,-0.05,54,0,172.26,-8.97,10,0.10,4.20,4.20,4.19,4.20,4.20,4.19,4.20,4.20,33.69,0.0,28,28,0.0,0,48,-1024,0,0,667,746,0,0,-1,0,0,-1,-1,-1,-1,-1,-1,0,0,
2026-03-25,17:40:52.630,7.51,92,100,100,-0.121,-3.42,52,0,8.28,-0.131,0.975,-0.01,56,0,172.26,-8.97,10,0.10,4.20,4.20,4.19,4.20,4.20,4.19,4.20,4.20,33.69,0.0,28,28,0.0,0,32,-1024,0,0,667,746,0,0,-1,0,0,-1,-1,-1,-1,-1,-1,0,0,
2026-03-25,17:40:52.890,7.51,92,100,100,-0.121,-3.41,53,0,8.28,-0.131,0.975,0.00,55,0,172.26,-8.97,10,0.10,4.20,4.20,4.19,4.20,4.20,4.19,4.20,4.20,33.69,0.0,28,28,0.0,0,49,-1024,0,0,667,746,0,0,-1,0,0,-1,-1,-1,-1,-1,-1,0,0,
2026-03-25,17:40:53.160,7.52,93,100,100,-0.121,-3.40,54,0,8.28,-0.131,0.975,0.03,52,0,172.26,-8.97,10,0.10,4.20,4.20,4.19,4.20,4.20,4.19,4.20,4.20,33.69,0.0,28,28,0.0,0,36,-1024,0,0,667,746,0,0,-1,0,0,-1,-1,-1,-1,-1,-1,0,0,
2026-03-25,17:40:53.420,7.52,95,100,100,-0.121,-3.44,55,0,8.28,-0.131,0.975,-0.06,51,0,172.26,-8.97,10,0.10,4.20,4.20,4.19,4.20,4.20,4.19,4.20,4.20,33.69,0.0,28,28,0.0,0,18,-1024,0,0,666,746,0,0,-1,0,0,-1,-1,-1,-1,-1,-1,0,0,
2026-03-25,17:40:53.680,7.52,94,100,100,-0.121,-3.39,54,0,8.28,-0.131,0.975,0.02,48,0,172.26,-8.96,10,0.10,4.20,4.20,4.19,4.20,4.20,4.19,4.20,4.20,33.69,0.0,28,28,0.0,0,16,-1024,0,0,667,746,0,0,-1,0,0,-1,-1,-1,-1,-1,-1,0,0,
2026-03-25,17:40:53.940,7.52,96,100,100,-0.121,-3.37,53,0,8.28,-0.130,0.975,0.02,52,0,172.26,-8.97,10,0.10,4.20,4.20,4.19,4.20,4.20,4.19,4.20,4.20,33.69,0.0,28,28,0.0,0,15,-1023,0,0,667,746,0,0,-1,0,0,-1,-1,-1,-1,-1,-1,0,0,
2026-03-25,17:40:54.210,7.51,96,100,100,-0.121,-3.38,56,0,8.28,-0.131,0.975,0.01,56,0,172.26,-8.97,10,0.10,4.20,4.20,4.19,4.20,4.20,4.19,4.20,4.20,33.69,0.0,28,28,0.0,0,15,-1024,0,0,667,746,0,0,-1,0,0,-1,-1,-1,-1,-1,-1,0,0,
2026-03-25,17:40:54.470,7.51,98,100,100,-0.121,-3.40,58,0,8.28,-0.131,0.975,-0.01,59,0,172.26,-8.96,10,0.10,4.20,4.20,4.19,4.20,4.20,4.19,4.20,4.20,33.69,0.0,28,28,0.0,0,14,-1024,0,0,667,746,0,0,-1,0,0,-1,-1,-1,-1,-1,-1,0,0,
2026-03-25,17:40:54.730,7.51,98,100,100,-0.121,-3.43,57,0,8.28,-0.131,0.975,-0.06,58,0,172.26,-8.96,10,0.10,4.20,4.20,4.19,4.20,4.20,4.19,4.20,4.19,33.69,0.0,28,28,0.0,0,15,-1024,0,0,667,746,0,0,-1,0,0,-1,-1,-1,-1,-1,-1,0,0,
2026-03-25,17:40:55.010,7.51,98,100,100,-0.121,-3.44,55,0,8.28,-0.131,0.975,-0.02,57,0,172.26,-8.96,10,0.10,4.20,4.20,4.19,4.20,4.20,4.19,4.20,4.19,33.69,0.0,28,28,0.0,0,14,-1023,0,0,667,746,0,0,-1,0,0,-1,-1,-1,-1,-1,-1,0,0,
2026-03-25,17:40:55.270,7.51,96,100,100,-0.121,-3.47,53,0,8.28,-0.131,0.975,-0.08,59,0,172.26,-8.96,10,0.10,4.20,4.20,4.19,4.20,4.20,4.19,4.20,4.19,33.69,0.0,28,28,0.0,0,14,-1024,0,0,667,746,0,0,-1,0,0,-1,-1,-1,-1,-1,-1,0,0,
2026-03-25,17:40:55.530,7.51,96,100,100,-0.121,-3.47,52,0,8.28,-0.131,0.974,-0.08,60,0,172.26,-8.96,10,0.10,4.20,4.20,4.19,4.20,4.20,4.19,4.20,4.19,33.69,0.0,28,28,0.0,0,15,-1024,0,0,667,746,0,0,-1,0,0,-1,-1,-1,-1,-1,-1,0,0,
2026-03-25,17:40:55.790,7.52,94,100,100,-0.122,-3.43,51,0,8.28,-0.131,0.975,0.07,60,0,172.26,-8.96,10,0.10,4.20,4.20,4.19,4.20,4.20,4.19,4.20,4.19,33.69,0.0,28,28,0.0,0,14,-1024,0,0,667,746,0,0,-1,0,0,-1,-1,-1,-1,-1,-1,0,0,
2026-03-25,17:40:56.050,7.52,91,100,100,-0.121,-3.43,50,0,8.28,-0.131,0.975,0.02,58,0,172.26,-8.96,10,0.10,4.20,4.20,4.19,4.20,4.20,4.19,4.20,4.20,33.69,0.0,28,28,0.0,0,14,-1024,0,0,667,746,0,0,-1,0,0,-1,-1,-1,-1,-1,-1,0,0,
2026-03-25,17:40:56.310,7.51,87,100,100,-0.122,-3.47,50,0,8.28,-0.131,0.975,-0.05,54,0,172.26,-8.96,10,0.10,4.20,4.20,4.19,4.20,4.20,4.19,4.20,4.20,33.69,0.0,28,28,0.0,0,14,-1024,0,0,667,746,0,0,-1,0,0,-1,-1,-1,-1,-1,-1,0,0,
2026-03-25,17:40:56.570,7.51,89,100,100,-0.121,-3.47,51,0,8.28,-0.131,0.974,0.02,51,0,172.26,-8.96,10,0.10,4.20,4.20,4.19,4.20,4.20,4.19,4.20,4.20,33.69,0.0,28,28,0.0,0,15,-1024,0,0,667,746,0,0,-1,0,0,-1,-1,-1,-1,-1,-1,0,0,
2026-03-25,17:40:56.840,7.51,89,100,100,-0.121,-3.43,52,0,8.28,-0.130,0.975,0.04,48,0,172.26,-8.97,10,0.10,4.20,4.20,4.19,4.20,4.20,4.19,4.20,4.20,33.69,0.0,28,28,0.0,0,14,-1024,0,0,667,746,0,0,-1,0,0,-1,-1,-1,-1,-1,-1,0,0,
2026-03-25,17:40:57.100,7.51,91,100,100,-0.121,-3.48,51,0,8.28,-0.131,0.974,-0.07,43,0,172.26,-8.96,10,0.10,4.20,4.20,4.19,4.20,4.20,4.19,4.20,4.20,33.69,0.0,28,28,0.0,0,15,-1024,0,0,667,746,0,0,-1,0,0,-1,-1,-1,-1,-1,-1,0,0,
2026-03-25,17:40:57.370,7.52,89,99,99,-0.121,-3.46,49,0,8.28,-0.130,0.974,0.00,43,0,172.26,-8.96,10,0.10,4.20,4.20,4.19,4.20,4.20,4.19,4.20,4.20,33.69,0.0,28,28,0.0,0,15,-1023,0,0,667,746,0,0,-1,0,0,-1,-1,-1,-1,-1,-1,0,0,
2026-03-25,17:40:57.640,7.52,89,99,99,-0.121,-3.42,48,0,8.28,-0.131,0.974,0.06,45,0,172.26,-8.97,10,0.10,4.20,4.20,4.19,4.20,4.20,4.19,4.20,4.20,33.69,0.0,28,28,0.0,0,14,-1024,0,0,667,746,0,0,-1,0,0,-1,-1,-1,-1,-1,-1,0,0,
2026-03-25,17:40:57.900,7.51,88,99,99,-0.121,-3.48,48,0,8.28,-0.131,0.974,-0.10,48,0,172.26,-8.97,10,0.10,4.20,4.20,4.19,4.20,4.20,4.19,4.20,4.20,33.69,0.0,28,28,0.0,0,15,-1024,0,0,667,746,0,0,-1,0,0,-1,-1,-1,-1,-1,-1,0,0,
2026-03-25,17:40:58.160,7.52,89,99,99,-0.121,-3.45,48,0,8.28,-0.131,0.975,-0.03,48,0,172.26,-8.97,10,0.10,4.20,4.20,4.19,4.20,4.20,4.19,4.20,4.20,33.69,0.0,28,28,0.0,0,15,-1024,0,0,667,746,0,0,-1,0,0,-1,-1,-1,-1,-1,-1,0,0,
2026-03-25,17:40:58.420,7.52,90,99,99,-0.121,-3.43,49,0,8.28,-0.131,0.975,-0.03,51,0,172.26,-8.97,10,0.10,4.20,4.20,4.19,4.20,4.20,4.19,4.20,4.20,33.69,0.0,28,28,0.0,0,15,-1024,0,0,667,746,0,0,-1,0,0,-1,-1,-1,-1,-1,-1,0,0,
2026-03-25,17:40:58.690,7.51,91,99,99,-0.121,-3.42,50,0,8.28,-0.131,0.975,0.02,54,0,172.26,-8.97,10,0.10,4.20,4.20,4.19,4.20,4.20,4.19,4.20,4.20,33.69,0.0,28,28,0.0,0,15,-1024,0,0,667,746,0,0,-1,0,0,-1,-1,-1,-1,-1,-1,0,0,
2026-03-25,17:40:58.950,7.52,92,99,99,-0.121,-3.42,51,0,8.28,-0.131,0.974,0.04,53,0,172.26,-8.97,10,0.10,4.20,4.20,4.20,4.20,4.20,4.19,4.20,4.20,33.69,0.0,28,28,0.0,0,14,-1023,0,0,667,746,0,0,-1,0,0,-1,-1,-1,-1,-1,-1,0,0,
2026-03-25,17:40:59.220,7.52,93,99,99,-0.121,-3.41,52,0,8.28,-0.131,0.974,0.05,49,0,172.26,-8.97,10,0.10,4.20,4.20,4.20,4.20,4.20,4.19,4.20,4.20,33.69,0.0,28,28,0.0,0,15,-1023,0,0,667,746,0,0,-1,0,0,-1,-1,-1,-1,-1,-1,0,0,
2026-03-25,17:40:59.480,7.51,94,99,99,-0.121,-3.45,54,0,8.28,-0.131,0.975,-0.06,51,0,172.26,-8.97,10,0.10,4.20,4.20,4.20,4.20,4.20,4.19,4.20,4.20,33.69,0.0,28,28,0.0,0,15,-1023,0,0,667,746,0,0,-1,0,0,-1,-1,-1,-1,-1,-1,0,0,
2026-03-25,17:40:59.750,7.51,96,99,99,-0.121,-3.42,54,0,8.28,-0.131,0.975,0.00,54,0,172.26,-8.97,10,0.10,4.20,4.20,4.20,4.20,4.20,4.19,4.20,4.20,33.69,0.0,28,28,0.0,0,14,-1024,0,0,667,746,0,0,-1,0,0,-1,-1,-1,-1,-1,-1,0,0,
2026-03-25,17:41:00.010,7.52,96,99,99,-0.121,-3.38,53,0,8.28,-0.131,0.975,0.08,57,0,172.26,-8.97,10,0.10,4.20,4.20,4.20,4.20,4.20,4.19,4.20,4.20,33.69,0.0,28,28,0.0,0,14,-1024,0,0,667,746,0,0,-1,0,0,-1,-1,-1,-1,-1,-1,0,0,
2026-03-25,17:41:00.280,7.51,96,99,99,-0.121,-3.37,53,0,8.28,-0.131,0.975,0.05,59,0,172.26,-8.97,10,0.10,4.20,4.20,4.19,4.20,4.20,4.19,4.20,4.20,33.69,0.0,28,28,0.0,0,15,-1023,0,0,667,746,0,0,-1,0,0,-1,-1,-1,-1,-1,-1,0,0,
2026-03-25,17:41:00.550,7.51,97,99,99,-0.122,-3.33,54,0,8.28,-0.131,0.974,0.11,60,0,172.26,-8.97,10,0.10,4.20,4.20,4.19,4.20,4.20,4.19,4.20,4.20,33.69,0.0,28,28,0.0,0,15,-1024,0,0,667,746,0,0,-1,0,0,-1,-1,-1,-1,-1,-1,0,0,
2026-03-25,17:41:00.810,7.51,98,99,99,-0.121,-3.41,53,0,8.28,-0.131,0.975,-0.11,58,0,172.26,-8.97,10,0.10,4.20,4.20,4.19,4.20,4.20,4.19,4.20,4.20,33.69,0.0,28,28,0.0,0,15,-1023,0,0,667,746,0,0,-1,0,0,-1,-1,-1,-1,-1,-1,0,0,
2026-03-25,17:41:01.080,7.51,98,99,99,-0.121,-3.46,53,0,8.28,-0.131,0.975,-0.13,56,0,172.26,-8.97,10,0.10,4.20,4.20,4.19,4.20,4.20,4.19,4.20,4.20,33.69,0.0,28,28,0.0,0,15,-1024,0,0,667,746,0,0,-1,0,0,-1,-1,-1,-1,-1,-1,0,0,
2026-03-25,17:41:01.340,7.52,97,100,100,-0.121,-3.39,53,0,8.28,-0.131,0.974,0.00,57,0,172.26,-8.97,10,0.10,4.20,4.20,4.19,4.20,4.20,4.19,4.20,4.20,33.69,0.0,28,28,0.0,0,15,-1024,0,0,667,746,0,0,-1,0,0,-1,-1,-1,-1,-1,-1,0,0,
2026-03-25,17:41:01.600,7.51,95,100,100,-0.121,-3.39,53,0,8.28,-0.131,0.975,0.09,58,0,172.26,-8.96,10,0.10,4.20,4.20,4.19,4.20,4.20,4.19,4.20,4.20,33.69,0.0,28,28,0.0,0,15,-1024,0,0,667,746,0,0,-1,0,0,-1,-1,-1,-1,-1,-1,0,0,
2026-03-25,17:41:01.860,7.51,93,100,100,-0.121,-3.44,52,0,8.28,-0.131,0.974,-0.08,58,0,172.26,-8.96,10,0.10,4.20,4.20,4.19,4.20,4.20,4.19,4.20,4.20,33.69,0.0,28,28,0.0,0,15,-1024,0,0,666,746,0,0,-1,0,0,-1,-1,-1,-1,-1,-1,0,0,
2026-03-25,17:41:02.120,7.51,93,100,100,-0.121,-3.40,51,0,8.28,-0.131,0.974,0.02,59,0,172.26,-8.96,10,0.10,4.20,4.20,4.19,4.20,4.20,4.19,4.20,4.20,33.69,0.0,28,28,0.0,0,14,-1023,0,0,667,746,0,0,-1,0,0,-1,-1,-1,-1,-1,-1,0,0,
2026-03-25,17:41:02.380,7.51,93,100,100,-0.122,-3.44,52,0,8.28,-0.131,0.975,-0.04,59,0,172.26,-8.97,10,0.10,4.20,4.20,4.19,4.20,4.20,4.19,4.20,4.20,33.69,0.0,28,28,0.0,0,14,-1024,0,0,667,746,0,0,-1,0,0,-1,-1,-1,-1,-1,-1,0,0,
2026-03-25,17:41:02.650,7.51,96,100,100,-0.121,-3.42,52,0,8.28,-0.131,0.975,0.00,57,0,172.26,-8.97,10,0.10,4.20,4.20,4.19,4.20,4.20,4.19,4.20,4.20,33.69,0.0,28,28,0.0,0,14,-1024,0,0,667,746,0,0,-1,0,0,-1,-1,-1,-1,-1,-1,0,0,
2026-03-25,17:41:02.920,7.52,97,100,100,-0.121,-3.41,54,0,8.28,-0.131,0.975,0.02,56,0,172.26,-8.97,10,0.10,4.20,4.20,4.19,4.20,4.20,4.19,4.20,4.20,33.69,0.0,28,28,0.0,0,14,-1024,0,0,667,746,0,0,-1,0,0,-1,-1,-1,-1,-1,-1,0,0,
2026-03-25,17:41:03.180,7.52,99,100,100,-0.121,-3.41,54,0,8.28,-0.131,0.975,-0.05,56,0,172.26,-8.97,10,0.10,4.20,4.20,4.19,4.20,4.20,4.19,4.21,4.19,33.69,0.0,28,28,0.0,0,15,-1024,0,0,667,746,0,0,-1,0,0,-1,-1,-1,-1,-1,-1,0,0,
2026-03-25,17:41:03.460,7.51,99,100,100,-0.121,-3.46,53,0,8.28,-0.131,0.975,-0.06,54,0,172.26,-8.97,10,0.10,4.20,4.20,4.19,4.20,4.20,4.19,4.21,4.19,33.69,0.0,28,28,0.0,0,14,-1024,0,0,667,746,0,0,-1,0,0,-1,-1,-1,-1,-1,-1,0,0,
2026-03-25,17:41:03.720,7.51,99,100,100,-0.122,-3.50,54,0,8.28,-0.131,0.975,-0.07,54,0,172.26,-8.97,10,0.10,4.20,4.20,4.19,4.20,4.20,4.19,4.21,4.19,33.69,0.0,28,28,0.0,0,14,-1024,0,0,667,746,0,0,-1,0,0,-1,-1,-1,-1,-1,-1,0,0,
2026-03-25,17:41:03.980,7.52,100,100,100,-0.121,-3.44,54,0,8.28,-0.130,0.975,0.05,56,0,172.26,-8.96,10,0.10,4.20,4.20,4.19,4.20,4.20,4.19,4.21,4.19,33.69,0.0,28,28,0.0,0,15,-1023,0,0,667,746,0,0,-1,0,0,-1,-1,-1,-1,-1,-1,0,0,
2026-03-25,17:41:04.250,7.52,99,100,100,-0.122,-3.45,55,0,8.28,-0.131,0.975,0.05,59,0,172.26,-8.96,10,0.10,4.20,4.20,4.19,4.20,4.20,4.19,4.21,4.19,33.69,0.0,28,28,0.0,0,14,-1024,0,0,667,746,0,0,-1,0,0,-1,-1,-1,-1,-1,-1,0,0,
2026-03-25,17:41:04.510,7.51,99,100,100,-0.121,-3.45,56,0,8.28,-0.131,0.975,-0.07,60,0,172.26,-8.97,10,0.10,4.20,4.20,4.19,4.20,4.20,4.19,4.21,4.19,33.69,0.0,28,28,0.0,0,15,-1024,0,0,667,746,0,0,-1,0,0,-1,-1,-1,-1,-1,-1,0,0,
2026-03-25,17:41:04.780,7.51,99,100,100,-0.121,-3.47,56,0,8.28,-0.131,0.975,0.00,60,0,172.26,-8.97,10,0.10,4.20,4.20,4.19,4.20,4.20,4.19,4.21,4.19,33.69,0.0,28,28,0.0,0,15,-1024,0,0,667,746,0,0,-1,0,0,-1,-1,-1,-1,-1,-1,0,0,
2026-03-25,17:41:05.040,7.51,100,100,100,-0.121,-3.46,55,0,8.28,-0.131,0.975,-0.01,61,0,172.26,-8.97,10,0.10,4.20,4.20,4.19,4.20,4.20,4.19,4.21,4.19,33.69,0.0,28,28,0.0,0,15,-1023,0,0,667,746,0,0,-1,0,0,-1,-1,-1,-1,-1,-1,0,0,
2026-03-25,17:41:05.310,7.51,99,100,100,-0.122,-3.42,55,0,8.28,-0.131,0.975,0.12,60,0,172.26,-8.97,10,0.10,4.20,4.20,4.19,4.20,4.20,4.19,4.21,4.19,33.69,0.0,28,28,0.0,0,14,-1024,0,0,667,746,0,0,-1,0,0,-1,-1,-1,-1,-1,-1,0,0,
2026-03-25,17:41:05.570,7.52,99,100,100,-0.121,-3.52,54,0,8.28,-0.131,0.975,-0.13,59,0,172.26,-8.97,10,0.10,4.20,4.20,4.19,4.20,4.20,4.19,4.20,4.20,33.69,0.0,28,28,0.0,0,15,-1024,0,0,667,746,0,0,-1,0,0,-1,-1,-1,-1,-1,-1,0,0,
2026-03-25,17:41:05.830,7.51,99,100,100,-0.121,-3.52,54,0,8.28,-0.131,0.975,-0.08,61,0,172.26,-8.97,10,0.10,4.20,4.20,4.19,4.20,4.20,4.19,4.20,4.20,33.69,0.0,28,28,0.0,0,14,-1023,0,0,667,746,0,0,-1,0,0,-1,-1,-1,-1,-1,-1,0,0,
2026-03-25,17:41:06.090,7.51,99,100,100,-0.122,-3.51,58,0,8.28,-0.131,0.975,-0.02,63,0,172.26,-8.97,10,0.10,4.20,4.20,4.19,4.20,4.20,4.19,4.20,4.20,33.69,0.0,28,28,0.0,0,15,-1024,0,0,667,746,0,0,-1,0,0,-1,-1,-1,-1,-1,-1,0,0,
2026-03-25,17:41:06.350,7.51,99,100,100,-0.121,-3.51,60,0,8.28,-0.131,0.975,-0.02,63,0,172.26,-8.97,10,0.10,4.20,4.20,4.19,4.20,4.20,4.19,4.20,4.20,33.69,0.0,28,28,0.0,0,15,-1024,0,0,667,746,0,0,-1,0,0,-1,-1,-1,-1,-1,-1,0,0,
2026-03-25,17:41:06.620,7.51,98,100,100,-0.121,-3.45,59,0,8.28,-0.131,0.975,0.12,64,0,172.26,-8.97,10,0.10,4.20,4.20,4.19,4.20,4.20,4.19,4.20,4.20,33.69,0.0,28,28,0.0,0,14,-1023,0,0,667,746,0,0,-1,0,0,-1,-1,-1,-1,-1,-1,0,0,
2026-03-25,17:41:06.880,7.51,97,100,100,-0.121,-3.45,58,0,8.28,-0.131,0.975,0.06,64,0,172.26,-8.96,10,0.10,4.20,4.20,4.19,4.20,4.20,4.19,4.20,4.20,33.69,0.0,28,28,0.0,0,15,-1024,0,0,667,746,0,0,-1,0,0,-1,-1,-1,-1,-1,-1,0,0,
2026-03-25,17:41:07.140,7.52,96,100,100,-0.121,-3.44,57,0,8.28,-0.131,0.975,0.03,64,0,172.26,-8.96,10,0.10,4.20,4.20,4.19,4.20,4.20,4.19,4.20,4.20,33.69,0.0,28,28,0.0,0,15,-1023,0,0,667,746,0,0,-1,0,0,-1,-1,-1,-1,-1,-1,0,0,
2026-03-25,17:41:07.410,7.51,97,100,100,-0.121,-3.40,57,0,8.28,-0.131,0.974,0.06,63,0,172.26,-8.97,10,0.10,4.20,4.20,4.20,4.20,4.20,4.19,4.20,4.20,33.69,0.0,28,28,0.0,0,15,-1023,0,0,667,746,0,0,-1,0,0,-1,-1,-1,-1,-1,-1,0,0,
2026-03-25,17:41:07.670,7.51,98,100,100,-0.121,-3.38,58,0,8.28,-0.131,0.975,0.08,64,0,172.26,-8.97,10,0.10,4.20,4.20,4.20,4.20,4.20,4.19,4.20,4.20,33.69,0.0,28,28,0.0,0,15,-1023,0,0,667,746,0,0,-1,0,0,-1,-1,-1,-1,-1,-1,0,0,
2026-03-25,17:41:07.930,7.51,99,100,100,-0.121,-3.43,58,0,8.28,-0.131,0.975,-0.05,63,0,172.26,-8.97,10,0.10,4.20,4.20,4.20,4.20,4.20,4.19,4.20,4.20,33.69,0.0,28,28,0.0,0,14,-1024,0,0,667,746,0,0,-1,0,0,-1,-1,-1,-1,-1,-1,0,0,
2026-03-25,17:41:08.200,7.51,97,100,100,-0.122,-3.43,58,0,8.28,-0.131,0.975,-0.02,64,0,172.26,-8.96,10,0.10,4.20,4.20,4.20,4.20,4.20,4.19,4.20,4.20,33.69,0.0,28,28,0.0,0,15,-1023,0,0,667,746,0,0,-1,0,0,-1,-1,-1,-1,-1,-1,0,0,
2026-03-25,17:41:08.470,7.51,95,100,100,-0.121,-3.38,57,0,8.28,-0.131,0.975,-0.02,64,0,172.26,-8.96,10,0.10,4.20,4.20,4.19,4.20,4.20,4.19,4.20,4.20,33.69,0.0,28,28,0.0,0,15,-1024,0,0,667,746,0,0,-1,0,0,-1,-1,-1,-1,-1,-1,0,0,
2026-03-25,17:41:08.730,7.51,94,100,100,-0.121,-3.39,56,0,8.28,-0.131,0.975,0.02,63,0,172.26,-8.97,10,0.10,4.20,4.20,4.19,4.20,4.20,4.19,4.20,4.20,33.69,0.0,28,28,0.0,0,14,-1024,0,0,667,746,0,0,-1,0,0,-1,-1,-1,-1,-1,-1,0,0,
2026-03-25,17:41:08.990,7.51,95,100,100,-0.121,-3.38,57,0,8.28,-0.131,0.975,0.02,65,0,172.26,-8.97,10,0.10,4.20,4.20,4.19,4.20,4.20,4.19,4.20,4.20,33.69,0.0,28,28,0.0,0,15,-1023,0,0,667,746,0,0,-1,0,0,-1,-1,-1,-1,-1,-1,0,0,
2026-03-25,17:41:09.250,7.51,98,100,100,-0.121,-3.38,58,0,8.28,-0.131,0.975,0.00,66,0,172.26,-8.97,10,0.10,4.20,4.20,4.19,4.20,4.20,4.19,4.20,4.20,33.69,0.0,28,28,0.0,0,14,-1024,0,0,667,746,0,0,-1,0,0,-1,-1,-1,-1,-1,-1,0,0,
2026-03-25,17:41:09.510,7.51,99,100,100,-0.121,-3.43,60,0,8.28,-0.131,0.975,-0.07,65,0,172.26,-8.97,10,0.10,4.20,4.20,4.19,4.20,4.20,4.19,4.20,4.20,33.69,0.0,28,28,0.0,0,15,-1024,0,0,667,746,0,0,-1,0,0,-1,-1,-1,-1,-1,-1,0,0,
2026-03-25,17:41:09.780,7.51,100,100,100,-0.121,-3.46,60,0,8.28,-0.131,0.975,-0.06,64,0,172.26,-8.97,10,0.10,4.20,4.20,4.19,4.20,4.20,4.19,4.20,4.20,33.69,0.0,28,28,0.0,0,15,-1024,0,0,667,746,0,0,-1,0,0,-1,-1,-1,-1,-1,-1,0,0,
2026-03-25,17:41:10.040,7.51,100,100,100,-0.121,-3.44,60,0,8.28,-0.132,0.974,-0.01,65,0,172.26,-8.97,10,0.10,4.20,4.20,4.19,4.20,4.20,4.19,4.20,4.20,33.69,0.0,28,28,0.0,0,15,-1024,0,0,667,746,0,0,-1,0,0,-1,-1,-1,-1,-1,-1,0,0,
2026-03-25,17:41:10.300,7.51,100,100,100,-0.121,-3.38,59,0,8.28,-0.131,0.975,0.13,65,0,172.26,-8.97,10,0.10,4.20,4.20,4.19,4.20,4.20,4.19,4.21,4.20,33.69,0.0,28,28,0.0,0,14,-1024,0,0,667,746,0,0,-1,0,0,-1,-1,-1,-1,-1,-1,0,0,
2026-03-25,17:41:10.560,7.51,100,100,100,-0.121,-3.42,58,0,8.28,-0.131,0.974,0.00,62,0,172.26,-8.97,10,0.10,4.20,4.20,4.19,4.20,4.20,4.19,4.21,4.20,33.69,0.0,28,28,0.0,0,15,-1023,0,0,667,746,0,0,-1,0,0,-1,-1,-1,-1,-1,-1,0,0,
2026-03-25,17:41:10.830,7.51,100,100,100,-0.121,-3.44,58,0,8.28,-0.131,0.975,-0.03,62,0,172.26,-8.97,10,0.10,4.20,4.20,4.19,4.20,4.20,4.19,4.21,4.20,33.69,0.0,28,28,0.0,0,15,-1024,0,0,667,746,0,0,-1,0,0,-1,-1,-1,-1,-1,-1,0,0,
2026-03-25,17:41:11.090,7.51,99,100,100,-0.121,-3.47,59,0,8.28,-0.131,0.975,-0.10,63,0,172.26,-8.97,10,0.10,4.20,4.20,4.19,4.20,4.20,4.19,4.21,4.20,33.69,0.0,28,28,0.0,0,14,-1023,0,0,667,746,0,0,-1,0,0,-1,-1,-1,-1,-1,-1,0,0,
2026-03-25,17:41:11.350,7.52,99,100,100,-0.121,-3.49,59,0,8.28,-0.131,0.975,-0.07,61,0,172.26,-8.97,10,0.10,4.20,4.20,4.19,4.20,4.20,4.19,4.21,4.20,33.69,0.0,28,28,0.0,0,15,-1023,0,0,667,746,0,0,-1,0,0,-1,-1,-1,-1,-1,-1,0,0,
2026-03-25,17:41:11.610,7.51,99,100,100,-0.122,-3.47,59,0,8.28,-0.131,0.974,-0.01,62,0,172.26,-8.96,10,0.10,4.20,4.20,4.19,4.20,4.20,4.19,4.21,4.19,33.69,0.0,28,28,0.0,0,15,-1024,0,0,667,746,0,0,-1,0,0,-1,-1,-1,-1,-1,-1,0,0,
2026-03-25,17:41:11.880,7.51,100,100,100,-0.121,-3.42,60,0,8.28,-0.131,0.975,0.08,64,0,172.26,-8.97,10,0.10,4.20,4.20,4.19,4.20,4.20,4.19,4.21,4.19,33.69,0.0,28,28,0.0,0,15,-1024,0,0,666,746,0,0,-1,0,0,-1,-1,-1,-1,-1,-1,0,0,
2026-03-25,17:41:12.150,7.51,100,100,100,-0.121,-3.40,60,0,8.28,-0.131,0.974,0.13,57,0,172.26,-8.96,10,0.10,4.20,4.20,4.20,4.20,4.20,4.19,4.21,4.19,33.69,0.0,28,28,0.0,0,15,-1024,0,0,667,746,0,0,-1,0,0,-1,-1,-1,-1,-1,-1,0,0,
2026-03-25,17:41:12.410,7.52,100,100,100,-0.121,-3.42,60,0,8.28,-0.131,0.974,0.04,57,0,172.26,-8.96,10,0.10,4.20,4.20,4.20,4.20,4.20,4.19,4.21,4.19,33.69,0.0,28,28,0.0,0,15,-1024,0,0,667,746,0,0,-1,0,0,-1,-1,-1,-1,-1,-1,0,0,
2026-03-25,17:41:12.670,7.51,100,100,100,-0.121,-3.40,61,0,8.28,-0.131,0.975,0.01,60,0,172.26,-8.96,10,0.10,4.20,4.20,4.20,4.20,4.20,4.19,4.21,4.19,33.69,0.0,28,28,0.0,0,15,-1023,0,0,667,746,0,0,-1,0,0,-1,-1,-1,-1,-1,-1,0,0,
2026-03-25,17:41:12.940,7.51,100,100,100,-0.121,-3.41,61,0,8.28,-0.131,0.975,0.01,62,0,172.26,-8.96,10,0.10,4.20,4.20,4.20,4.20,4.20,4.19,4.20,4.20,33.69,0.0,28,28,0.0,0,15,-1024,0,0,667,746,0,0,-1,0,0,-1,-1,-1,-1,-1,-1,0,0,
2026-03-25,17:41:13.200,7.52,100,100,100,-0.121,-3.41,62,0,8.28,-0.131,0.975,0.00,63,0,172.26,-8.96,10,0.10,4.20,4.20,4.20,4.20,4.20,4.19,4.20,4.20,33.69,0.0,28,28,0.0,0,15,-1024,0,0,666,746,0,0,-1,0,0,-1,-1,-1,-1,-1,-1,0,0,
2026-03-25,17:41:13.460,7.52,100,100,100,-0.121,-3.40,62,0,8.28,-0.131,0.975,0.03,63,0,172.26,-8.96,10,0.10,4.20,4.20,4.19,4.20,4.20,4.19,4.20,4.20,33.69,0.0,28,28,0.0,0,14,-1024,0,0,667,746,0,0,-1,0,0,-1,-1,-1,-1,-1,-1,0,0,
2026-03-25,17:41:13.720,7.52,100,100,100,-0.121,-3.38,63,0,8.28,-0.131,0.974,0.03,64,0,172.26,-8.96,10,0.10,4.20,4.20,4.19,4.20,4.20,4.19,4.20,4.20,33.69,0.0,28,28,0.0,0,15,-1024,0,0,667,746,0,0,-1,0,0,-1,-1,-1,-1,-1,-1,0,0,
2026-03-25,17:41:13.980,7.51,100,100,100,-0.122,-3.39,63,0,8.28,-0.131,0.975,-0.02,64,0,172.26,-8.96,10,0.10,4.20,4.20,4.19,4.20,4.20,4.19,4.20,4.20,33.69,0.0,28,28,0.0,0,15,-1024,0,0,667,746,0,0,-1,0,0,-1,-1,-1,-1,-1,-1,0,0,
2026-03-25,17:41:14.250,7.51,100,100,100,-0.121,-3.39,64,0,8.28,-0.131,0.975,0.02,64,0,172.26,-8.96,10,0.10,4.20,4.20,4.19,4.20,4.20,4.19,4.20,4.20,33.69,0.0,28,28,0.0,0,14,-1024,0,0,667,746,0,0,-1,0,0,-1,-1,-1,-1,-1,-1,0,0,
2026-03-25,17:41:14.510,7.51,100,100,100,-0.121,-3.41,65,0,8.28,-0.131,0.975,-0.04,65,0,172.26,-8.96,10,0.10,4.20,4.20,4.19,4.20,4.20,4.19,4.20,4.20,33.69,0.0,28,28,0.0,0,14,-1024,0,0,666,746,0,0,-1,0,0,-1,-1,-1,-1,-1,-1,0,0,
2026-03-25,17:41:14.770,7.52,100,100,100,-0.121,-3.41,66,0,8.28,-0.130,0.975,-0.07,64,0,172.26,-8.96,10,0.10,4.20,4.20,4.19,4.20,4.20,4.19,4.20,4.20,33.69,0.0,28,28,0.0,0,15,-1024,0,0,667,746,0,0,-1,0,0,-1,-1,-1,-1,-1,-1,0,0,
2026-03-25,17:41:15.040,7.52,100,100,100,-0.122,-3.49,67,0,8.28,-0.131,0.975,-0.10,64,0,172.26,-8.97,10,0.10,4.20,4.20,4.19,4.20,4.20,4.19,4.20,4.20,33.69,0.0,28,28,0.0,0,14,-1024,0,0,667,746,0,0,-1,0,0,-1,-1,-1,-1,-1,-1,0,0,
2026-03-25,17:41:15.300,7.52,100,100,100,-0.121,-3.47,67,0,8.28,-0.131,0.975,-0.08,64,0,172.26,-8.97,10,0.10,4.20,4.20,4.19,4.20,4.20,4.19,4.20,4.20,33.69,0.0,28,28,0.0,0,14,-1024,0,0,667,746,0,0,-1,0,0,-1,-1,-1,-1,-1,-1,0,0,
2026-03-25,17:41:15.570,7.52,100,100,100,-0.121,-3.36,67,0,8.28,-0.131,0.975,0.18,65,0,172.26,-8.96,10,0.10,4.20,4.20,4.19,4.20,4.20,4.19,4.20,4.20,33.69,0.0,28,28,0.0,0,14,-1024,0,0,666,746,0,0,-1,0,0,-1,-1,-1,-1,-1,-1,0,0,
2026-03-25,17:41:15.840,7.52,100,100,100,-0.121,-3.41,69,0,8.28,-0.131,0.975,0.00,67,0,172.26,-8.97,10,0.10,4.20,4.20,4.19,4.20,4.20,4.19,4.20,4.20,33.69,0.0,28,28,0.0,0,15,-1024,0,0,667,746,0,0,-1,0,0,-1,-1,-1,-1,-1,-1,0,0,
2026-03-25,17:41:16.100,7.52,100,100,100,-0.121,-3.38,70,0,8.28,-0.131,0.974,0.00,69,0,172.26,-8.97,10,0.10,4.20,4.20,4.19,4.20,4.20,4.19,4.20,4.20,33.69,0.0,28,28,0.0,0,14,-1023,0,0,667,746,0,0,-1,0,0,-1,-1,-1,-1,-1,-1,0,0,
2026-03-25,17:41:16.360,7.51,100,100,100,-0.121,-3.38,70,0,8.28,-0.131,0.974,0.05,69,0,172.26,-8.97,10,0.10,4.20,4.20,4.19,4.20,4.20,4.19,4.20,4.20,33.69,0.0,28,28,0.0,0,14,-1023,0,0,667,747,0,0,-1,0,0,-1,-1,-1,-1,-1,-1,0,0,
2026-03-25,17:41:16.620,7.51,100,100,100,-0.122,-3.40,71,0,8.28,-0.131,0.975,-0.03,68,0,172.26,-8.97,10,0.10,4.20,4.20,4.19,4.20,4.20,4.19,4.20,4.20,33.69,0.0,28,28,0.0,0,14,-1024,0,0,667,746,0,0,-1,0,0,-1,-1,-1,-1,-1,-1,0,0,
2026-03-25,17:41:16.880,7.52,100,100,100,-0.121,-3.39,71,0,8.28,-0.131,0.975,0.00,68,0,172.26,-8.96,10,0.10,4.20,4.20,4.19,4.20,4.20,4.19,4.20,4.20,33.69,0.0,28,28,0.0,0,14,-1024,0,0,667,746,0,0,-1,0,0,-1,-1,-1,-1,-1,-1,0,0,
2026-03-25,17:41:17.150,7.52,100,100,100,-0.121,-3.41,70,0,8.28,-0.131,0.975,-0.02,67,0,172.26,-8.96,10,0.10,4.20,4.20,4.19,4.20,4.20,4.19,4.20,4.20,33.69,0.0,28,28,0.0,0,14,-1024,0,0,667,746,0,0,-1,0,0,-1,-1,-1,-1,-1,-1,0,0,
2026-03-25,17:41:17.410,7.51,100,100,100,-0.122,-3.50,70,0,8.28,-0.131,0.975,-0.17,64,0,172.26,-8.96,10,0.10,4.20,4.20,4.19,4.20,4.20,4.19,4.20,4.20,33.69,0.0,28,28,0.0,0,15,-1024,0,0,667,746,0,0,-1,0,0,-1,-1,-1,-1,-1,-1,0,0,
2026-03-25,17:41:17.670,7.51,100,100,100,-0.121,-3.50,70,0,8.28,-0.131,0.975,-0.12,65,0,172.26,-8.96,10,0.10,4.20,4.20,4.19,4.20,4.20,4.19,4.21,4.19,33.69,0.0,28,28,0.0,0,15,-1024,0,0,667,746,0,0,-1,0,0,-1,-1,-1,-1,-1,-1,0,0,
2026-03-25,17:41:17.930,7.51,100,100,100,-0.121,-3.51,70,0,8.28,-0.131,0.974,-0.06,66,0,172.26,-8.96,10,0.10,4.20,4.20,4.19,4.20,4.20,4.19,4.21,4.19,33.69,0.0,28,28,0.0,0,14,-1024,0,0,667,746,0,0,-1,0,0,-1,-1,-1,-1,-1,-1,0,0,
2026-03-25,17:41:18.200,7.52,100,100,100,-0.121,-3.47,70,0,8.28,-0.131,0.975,0.05,64,0,172.26,-8.96,10,0.10,4.20,4.20,4.19,4.20,4.20,4.19,4.21,4.19,33.69,0.0,28,28,0.0,0,15,-1024,0,0,666,746,0,0,-1,0,0,-1,-1,-1,-1,-1,-1,0,0,
2026-03-25,17:41:18.470,7.51,100,100,100,-0.121,-3.45,70,0,8.28,-0.131,0.974,0.05,65,0,172.26,-8.96,10,0.10,4.20,4.20,4.19,4.20,4.20,4.19,4.21,4.19,33.69,0.0,28,28,0.0,0,14,-1024,0,0,667,746,0,0,-1,0,0,-1,-1,-1,-1,-1,-1,0,0,
2026-03-25,17:41:18.730,7.51,100,100,100,-0.121,-3.39,70,0,8.28,-0.131,0.975,0.05,67,0,172.26,-8.96,10,0.10,4.20,4.20,4.19,4.20,4.20,4.19,4.21,4.19,33.69,0.0,28,28,0.0,0,15,-1024,0,0,667,746,0,0,-1,0,0,-1,-1,-1,-1,-1,-1,0,0,
2026-03-25,17:41:19.010,7.51,100,100,100,-0.122,-3.38,70,0,8.28,-0.131,0.974,0.08,65,0,172.26,-8.97,10,0.10,4.20,4.20,4.19,4.20,4.20,4.19,4.21,4.19,33.69,0.0,28,28,0.0,0,14,-1023,0,0,667,746,0,0,-1,0,0,-1,-1,-1,-1,-1,-1,0,0,
2026-03-25,17:41:19.270,7.51,100,100,100,-0.121,-3.38,70,0,8.28,-0.130,0.974,0.01,65,0,172.26,-8.97,10,0.10,4.20,4.20,4.19,4.20,4.20,4.19,4.21,4.19,33.69,0.0,28,28,0.0,0,15,-1024,0,0,667,746,0,0,-1,0,0,-1,-1,-1,-1,-1,-1,0,0,
2026-03-25,17:41:19.530,7.51,100,100,100,-0.121,-3.36,70,0,8.28,-0.131,0.975,0.01,67,0,172.26,-8.97,10,0.10,4.20,4.20,4.19,4.20,4.20,4.19,4.21,4.19,33.69,0.0,28,28,0.0,0,15,-1024,0,0,667,746,0,0,-1,0,0,-1,-1,-1,-1,-1,-1,0,0,
2026-03-25,17:41:19.800,7.51,100,100,100,-0.121,-3.41,70,0,8.28,-0.131,0.974,-0.07,65,0,172.26,-8.97,10,0.10,4.20,4.20,4.19,4.20,4.20,4.19,4.21,4.19,33.69,0.0,28,28,0.0,0,15,-1024,0,0,667,746,0,0,-1,0,0,-1,-1,-1,-1,-1,-1,0,0,
2026-03-25,17:41:20.070,7.52,100,100,100,-0.121,-3.46,69,0,8.28,-0.131,0.975,-0.15,66,0,172.26,-8.96,10,0.10,4.20,4.20,4.19,4.20,4.20,4.19,4.21,4.20,33.69,0.0,28,28,0.0,0,14,-1023,0,0,667,746,0,0,-1,0,0,-1,-1,-1,-1,-1,-1,0,0,
2026-03-25,17:41:20.330,7.52,100,100,100,-0.121,-3.48,69,0,8.28,-0.131,0.974,-0.10,68,0,172.26,-8.96,10,0.10,4.20,4.20,4.19,4.20,4.20,4.19,4.21,4.20,33.69,0.0,28,28,0.0,0,15,-1024,0,0,667,746,0,0,-1,0,0,-1,-1,-1,-1,-1,-1,0,0,
2026-03-25,17:41:20.600,7.52,100,100,100,-0.121,-3.46,69,0,8.28,-0.131,0.975,-0.01,69,0,172.26,-8.96,10,0.10,4.20,4.20,4.20,4.20,4.20,4.19,4.21,4.20,33.69,0.0,28,28,0.0,0,14,-1024,0,0,667,746,0,0,-1,0,0,-1,-1,-1,-1,-1,-1,0,0,
2026-03-25,17:41:20.870,7.52,100,100,100,-0.122,-3.46,68,0,8.28,-0.131,0.975,0.00,67,0,172.26,-8.96,10,0.10,4.20,4.20,4.20,4.20,4.20,4.19,4.21,4.20,33.69,0.0,28,28,0.0,0,14,-1024,0,0,667,746,0,0,-1,0,0,-1,-1,-1,-1,-1,-1,0,0,
2026-03-25,17:41:21.130,7.52,100,100,100,-0.121,-3.46,69,0,8.28,-0.131,0.975,0.03,68,0,172.26,-8.96,10,0.10,4.20,4.20,4.20,4.20,4.20,4.19,4.20,4.20,33.69,0.0,28,28,0.0,0,14,-1024,0,0,667,746,0,0,-1,0,0,-1,-1,-1,-1,-1,-1,0,0,
2026-03-25,17:41:21.390,7.52,100,100,100,-0.121,-3.45,70,0,8.28,-0.131,0.975,0.02,67,0,172.26,-8.96,10,0.10,4.20,4.20,4.20,4.20,4.20,4.19,4.20,4.20,33.69,0.0,28,28,0.0,0,15,-1023,0,0,667,746,0,0,-1,0,0,-1,-1,-1,-1,-1,-1,0,0,
2026-03-25,17:41:21.650,7.51,100,100,100,-0.121,-3.45,66,0,8.28,-0.131,0.975,0.04,61,0,172.26,-8.96,10,0.10,4.20,4.20,4.20,4.20,4.20,4.19,4.20,4.20,33.69,0.0,28,28,0.0,0,15,-1023,0,0,667,746,0,0,-1,0,0,-1,-1,-1,-1,-1,-1,0,0,
2026-03-25,17:41:21.920,7.51,99,100,100,-0.121,-3.48,62,0,8.28,-0.131,0.975,-0.06,59,0,172.26,-8.96,10,0.10,4.20,4.20,4.19,4.20,4.20,4.19,4.20,4.20,33.69,0.0,28,28,0.0,0,14,-1023,0,0,667,746,0,0,-1,0,0,-1,-1,-1,-1,-1,-1,0,0,
2026-03-25,17:41:22.180,7.52,95,100,100,-0.122,-3.45,54,0,8.28,-0.131,0.975,0.00,57,0,172.26,-8.96,10,0.10,4.20,4.20,4.19,4.20,4.20,4.19,4.20,4.20,33.69,0.0,28,28,0.0,0,14,-1024,0,0,667,746,0,0,-1,0,0,-1,-1,-1,-1,-1,-1,0,0,
2026-03-25,17:41:22.450,7.52,93,100,100,-0.122,-3.46,50,0,8.28,-0.131,0.974,0.01,55,0,172.26,-8.96,10,0.10,4.20,4.20,4.19,4.20,4.20,4.19,4.20,4.20,33.69,0.0,28,28,0.0,0,15,-1024,0,0,667,746,0,0,-1,0,0,-1,-1,-1,-1,-1,-1,0,0,
2026-03-25,17:41:22.710,7.51,93,100,100,-0.121,-3.47,50,0,8.28,-0.131,0.975,-0.04,54,0,172.26,-8.96,10,0.10,4.20,4.20,4.19,4.20,4.20,4.19,4.20,4.20,33.69,0.0,28,28,0.0,0,15,-1024,0,0,666,746,0,0,-1,0,0,-1,-1,-1,-1,-1,-1,0,0,
2026-03-25,17:41:22.970,7.51,95,100,100,-0.121,-3.44,49,0,8.28,-0.131,0.975,-0.04,57,0,172.26,-8.96,10,0.10,4.20,4.20,4.19,4.20,4.20,4.19,4.20,4.20,33.69,0.0,28,28,0.0,0,15,-1023,0,0,667,746,0,0,-1,0,0,-1,-1,-1,-1,-1,-1,0,0,
2026-03-25,17:41:23.240,7.52,95,100,100,-0.121,-3.45,50,0,8.28,-0.131,0.975,-0.01,56,0,172.26,-8.96,10,0.10,4.20,4.20,4.19,4.20,4.20,4.19,4.20,4.20,33.69,0.0,28,28,0.0,0,15,-1024,0,0,667,746,0,0,-1,0,0,-1,-1,-1,-1,-1,-1,0,0,
2026-03-25,17:41:23.500,7.51,94,100,100,-0.121,-3.40,47,0,8.28,-0.131,0.975,0.11,54,0,172.26,-8.96,10,0.10,4.20,4.20,4.19,4.20,4.20,4.19,4.20,4.20,33.69,0.0,28,28,0.0,0,14,-1023,0,0,667,746,0,0,-1,0,0,-1,-1,-1,-1,-1,-1,0,0,
2026-03-25,17:41:23.770,7.52,91,100,100,-0.122,-3.41,45,0,8.28,-0.131,0.975,0.07,55,0,172.26,-8.96,10,0.10,4.20,4.20,4.19,4.20,4.20,4.19,4.20,4.20,33.69,0.0,28,28,0.0,0,14,-1024,0,0,667,746,0,0,-1,0,0,-1,-1,-1,-1,-1,-1,0,0,
2026-03-25,17:41:24.030,7.52,91,100,100,-0.121,-3.45,44,0,8.28,-0.131,0.974,-0.10,54,0,172.26,-8.96,10,0.10,4.20,4.20,4.19,4.20,4.20,4.19,4.20,4.20,33.69,0.0,28,28,0.0,0,14,-1023,0,0,667,746,0,0,-1,0,0,-1,-1,-1,-1,-1,-1,0,0,
2026-03-25,17:41:24.300,7.51,91,100,100,-0.122,-3.45,43,0,8.28,-0.131,0.974,-0.03,54,0,172.26,-8.96,10,0.10,4.20,4.20,4.19,4.20,4.20,4.19,4.20,4.20,33.69,0.0,28,28,0.0,0,15,-1023,0,0,667,746,0,0,-1,0,0,-1,-1,-1,-1,-1,-1,0,0,
2026-03-25,17:41:24.560,7.51,91,100,100,-0.122,-3.44,42,0,8.28,-0.131,0.975,0.03,53,0,172.26,-8.96,10,0.10,4.20,4.20,4.19,4.20,4.20,4.19,4.20,4.20,33.69,0.0,28,28,0.0,0,14,-1023,0,0,667,746,0,0,-1,0,0,-1,-1,-1,-1,-1,-1,0,0,
2026-03-25,17:41:24.830,7.51,89,100,100,-0.121,-3.37,41,0,8.28,-0.131,0.974,0.17,54,0,172.26,-8.96,10,0.10,4.20,4.20,4.19,4.20,4.20,4.19,4.21,4.20,33.69,0.0,28,28,0.0,0,14,-1023,0,0,666,746,0,0,-1,0,0,-1,-1,-1,-1,-1,-1,0,0,
2026-03-25,17:41:25.090,7.52,87,100,100,-0.121,-3.43,42,0,8.28,-0.131,0.975,-0.06,54,0,172.26,-8.96,10,0.10,4.20,4.20,4.19,4.20,4.20,4.19,4.21,4.20,33.69,0.0,28,28,0.0,0,14,-1024,0,0,667,746,0,0,-1,0,0,-1,-1,-1,-1,-1,-1,0,0,
2026-03-25,17:41:25.360,7.51,84,100,100,-0.121,-3.46,41,0,8.28,-0.131,0.974,-0.13,55,0,172.26,-8.96,10,0.10,4.20,4.20,4.19,4.20,4.20,4.19,4.21,4.20,33.69,0.0,28,28,0.0,0,15,-1024,0,0,667,746,0,0,-1,0,0,-1,-1,-1,-1,-1,-1,0,0,
2026-03-25,17:41:25.620,7.52,84,100,100,-0.121,-3.41,40,0,8.28,-0.131,0.975,0.08,52,0,172.26,-8.96,10,0.10,4.20,4.20,4.19,4.20,4.20,4.19,4.21,4.20,33.69,0.0,28,28,0.0,0,14,-1023,0,0,667,746,0,0,-1,0,0,-1,-1,-1,-1,-1,-1,0,0,
2026-03-25,17:41:25.880,7.52,85,100,100,-0.121,-3.43,40,0,8.28,-0.131,0.974,-0.01,54,0,172.26,-8.96,10,0.10,4.20,4.20,4.19,4.20,4.20,4.19,4.20,4.20,33.69,0.0,28,28,0.0,0,14,-1024,0,0,667,747,0,0,-1,0,0,-1,-1,-1,-1,-1,-1,0,0,
2026-03-25,17:41:26.140,7.51,92,100,100,-0.121,-3.43,47,0,8.28,-0.131,0.974,-0.01,59,0,172.26,-8.96,10,0.10,4.20,4.20,4.19,4.20,4.20,4.19,4.20,4.20,33.69,0.0,28,28,0.0,0,14,-1024,0,0,667,746,0,0,-1,0,0,-1,-1,-1,-1,-1,-1,0,0,
2026-03-25,17:41:26.400,7.52,97,100,100,-0.121,-3.41,56,0,8.28,-0.131,0.974,0.05,63,0,172.26,-8.96,10,0.10,4.20,4.20,4.19,4.20,4.20,4.19,4.20,4.20,33.69,0.0,28,28,0.0,0,15,-1023,0,0,667,746,0,0,-1,0,0,-1,-1,-1,-1,-1,-1,0,0,
2026-03-25,17:41:26.660,7.51,100,100,100,-0.122,-3.46,60,0,8.28,-0.131,0.975,-0.09,63,0,172.26,-8.96,10,0.10,4.20,4.20,4.19,4.20,4.20,4.19,4.20,4.20,33.69,0.0,28,28,0.0,0,14,-1023,0,0,667,746,0,0,-1,0,0,-1,-1,-1,-1,-1,-1,0,0,
2026-03-25,17:41:26.930,7.51,100,100,100,-0.121,-3.46,60,0,8.28,-0.131,0.974,-0.04,60,0,172.26,-8.96,10,0.10,4.20,4.20,4.19,4.20,4.20,4.19,4.20,4.20,33.69,0.0,28,28,0.0,0,15,-1023,0,0,667,746,0,0,-1,0,0,-1,-1,-1,-1,-1,-1,0,0,
2026-03-25,17:41:27.190,7.51,99,100,100,-0.122,-3.46,58,0,8.28,-0.131,0.975,0.00,60,0,172.26,-8.96,10,0.10,4.20,4.20,4.19,4.20,4.20,4.19,4.20,4.20,33.69,0.0,28,28,0.0,0,15,-1023,0,0,667,746,0,0,-1,0,0,-1,-1,-1,-1,-1,-1,0,0,
2026-03-25,17:41:27.460,7.51,99,100,100,-0.122,-3.40,54,0,8.28,-0.131,0.975,0.09,57,0,172.26,-8.96,10,0.10,4.20,4.20,4.19,4.20,4.20,4.19,4.20,4.20,33.69,0.0,28,28,0.0,0,15,-1023,0,0,667,746,0,0,-1,0,0,-1,-1,-1,-1,-1,-1,0,0,
2026-03-25,17:41:27.720,7.51,97,100,100,-0.121,-3.38,51,0,8.28,-0.131,0.975,0.07,49,0,172.26,-8.96,10,0.10,4.20,4.20,4.19,4.20,4.20,4.19,4.20,4.20,33.69,0.0,28,28,0.0,0,15,-1023,0,0,667,746,0,0,-1,0,0,-1,-1,-1,-1,-1,-1,0,0,
2026-03-25,17:41:27.980,7.51,95,100,100,-0.121,-3.35,49,0,8.28,-0.131,0.975,0.05,52,0,172.26,-8.97,10,0.10,4.20,4.20,4.19,4.20,4.20,4.19,4.20,4.20,33.69,0.0,28,28,0.0,0,15,-1023,0,0,667,746,0,0,-1,0,0,-1,-1,-1,-1,-1,-1,0,0,
2026-03-25,17:41:28.250,7.52,93,100,100,-0.121,-3.37,50,0,8.28,-0.131,0.976,0.02,56,0,172.26,-8.96,10,0.10,4.20,4.20,4.19,4.20,4.20,4.19,4.20,4.20,33.69,0.0,28,28,0.0,0,14,-1024,0,0,667,746,0,0,-1,0,0,-1,-1,-1,-1,-1,-1,0,0,
2026-03-25,17:41:28.510,7.52,95,100,100,-0.121,-3.39,53,0,8.28,-0.131,0.974,-0.04,58,0,172.26,-8.96,10,0.10,4.20,4.20,4.19,4.20,4.20,4.19,4.20,4.20,33.69,0.0,28,28,0.0,0,15,-1023,0,0,667,746,0,0,-1,0,0,-1,-1,-1,-1,-1,-1,0,0,
2026-03-25,17:41:28.780,7.51,98,100,100,-0.142,-3.39,52,0,8.28,-0.122,0.960,-0.08,61,0,172.28,-8.94,10,0.10,4.20,4.20,4.19,4.20,4.20,4.19,4.20,4.20,33.69,0.0,28,28,0.0,0,15,-1024,0,0,667,746,0,0,-1,0,0,-1,-1,-1,-1,-1,-1,0,0,
2026-03-25,17:41:29.040,7.51,100,100,100,-0.128,-3.41,55,0,8.28,-0.119,0.977,-0.01,60,0,172.28,-8.85,10,0.10,4.20,4.20,4.20,4.20,4.20,4.19,4.20,4.20,33.69,0.0,28,28,0.0,0,15,-1024,0,0,667,746,0,0,-1,0,0,-1,-1,-1,-1,-1,-1,0,0,
2026-03-25,17:41:29.300,7.51,100,100,100,-0.126,-3.40,56,0,8.28,-0.119,0.977,0.01,62,0,172.28,-8.81,10,0.10,4.20,4.20,4.20,4.20,4.20,4.19,4.20,4.20,33.69,0.0,28,28,0.0,0,15,-1024,0,0,667,746,0,0,-1,0,0,-1,-1,-1,-1,-1,-1,0,0,
2026-03-25,17:41:29.560,7.52,100,100,100,-0.134,-3.41,57,0,8.28,-0.145,0.970,-0.02,63,0,172.29,-8.83,10,0.10,4.20,4.20,4.20,4.20,4.20,4.19,4.20,4.20,33.69,0.0,28,28,0.0,0,14,-1023,0,0,667,746,0,0,-1,0,0,-1,-1,-1,-1,-1,-1,0,0,
2026-03-25,17:41:29.820,7.51,100,100,100,-0.137,-3.36,57,0,8.28,-0.129,0.952,0.06,62,0,172.29,-8.88,10,0.10,4.20,4.20,4.20,4.20,4.20,4.19,4.20,4.20,33.69,0.0,28,28,0.0,0,14,-1024,0,0,667,746,0,0,-1,0,0,-1,-1,-1,-1,-1,-1,0,0,
2026-03-25,17:41:30.090,7.52,100,100,100,-0.115,-3.36,59,0,8.28,-0.125,0.977,0.07,62,0,172.28,-8.73,10,0.10,4.20,4.20,4.20,4.20,4.20,4.19,4.20,4.20,33.69,0.0,28,28,0.0,0,15,-1023,0,0,667,746,0,0,-1,0,0,-1,-1,-1,-1,-1,-1,0,0,
2026-03-25,17:41:30.350,7.51,100,100,100,-0.118,-3.39,59,0,8.28,-0.148,0.967,-0.02,62,0,172.31,-8.65,10,0.10,4.20,4.20,4.20,4.20,4.20,4.19,4.20,4.20,33.69,0.0,28,28,0.0,0,15,-1024,0,0,667,746,0,0,-1,0,0,-1,-1,-1,-1,-1,-1,0,0,
2026-03-25,17:41:30.610,7.51,100,100,100,-0.121,-3.43,60,0,8.28,-0.124,0.977,-0.09,63,0,172.33,-8.61,10,0.10,4.20,4.20,4.20,4.20,4.20,4.19,4.20,4.20,33.69,0.0,28,28,0.0,0,14,-1023,0,0,667,746,0,0,-1,0,0,-1,-1,-1,-1,-1,-1,0,0,
2026-03-25,17:41:30.870,7.51,100,100,100,-0.117,-3.40,61,0,8.28,-0.126,0.973,0.04,62,0,172.32,-8.61,10,0.10,4.20,4.20,4.20,4.20,4.20,4.19,4.21,4.20,33.69,0.0,28,28,0.0,0,14,-1024,0,0,667,746,0,0,-1,0,0,-1,-1,-1,-1,-1,-1,0,0,
2026-03-25,17:41:31.130,7.52,99,100,100,-0.121,-3.40,61,0,8.28,-0.125,0.975,0.00,62,0,172.32,-8.59,10,0.10,4.20,4.20,4.20,4.20,4.20,4.19,4.21,4.20,33.69,0.0,28,28,0.0,0,15,-1023,0,0,667,746,0,0,-1,0,0,-1,-1,-1,-1,-1,-1,0,0,
2026-03-25,17:41:31.390,7.52,99,100,100,-0.122,-3.41,59,0,8.28,-0.126,0.981,0.00,62,0,172.31,-8.59,10,0.10,4.20,4.20,4.20,4.20,4.20,4.19,4.21,4.20,33.69,0.0,28,28,0.0,0,14,-1024,0,0,667,746,0,0,-1,0,0,-1,-1,-1,-1,-1,-1,0,0,
2026-03-25,17:41:31.660,7.51,98,100,100,-0.124,-3.45,57,0,8.28,-0.154,0.949,-0.09,61,0,172.33,-8.76,10,0.10,4.20,4.20,4.20,4.20,4.20,4.19,4.21,4.20,33.69,0.0,28,28,0.0,0,14,-1024,0,0,667,746,0,0,-1,0,0,-1,-1,-1,-1,-1,-1,0,0,
2026-03-25,17:41:31.920,7.51,99,100,100,-0.115,-3.45,56,0,8.28,-0.140,0.988,-0.06,62,0,172.28,-8.81,10,0.10,4.20,4.20,4.20,4.20,4.20,4.19,4.20,4.20,33.69,0.0,28,28,0.0,0,14,-1024,0,0,667,746,0,0,-1,0,0,-1,-1,-1,-1,-1,-1,0,0,
2026-03-25,17:41:32.180,7.51,99,100,100,-0.143,-3.41,55,0,8.28,-0.111,0.964,0.05,62,0,172.37,-8.70,10,0.10,4.20,4.20,4.20,4.20,4.20,4.19,4.20,4.20,33.69,0.0,28,28,0.0,0,15,-1024,0,0,667,746,0,0,-1,0,0,-1,-1,-1,-1,-1,-1,0,0,
2026-03-25,17:41:32.450,7.52,100,100,100,-0.145,-3.32,56,0,8.28,-0.102,0.967,0.19,62,0,172.39,-8.45,10,0.10,4.20,4.20,4.20,4.20,4.20,4.19,4.20,4.20,33.69,0.0,28,28,0.0,0,14,-1024,0,0,667,746,0,0,-1,0,0,-1,-1,-1,-1,-1,-1,0,0,
2026-03-25,17:41:32.710,7.52,100,100,100,-0.128,-3.37,56,0,8.28,-0.112,0.974,0.05,61,0,172.40,-8.32,10,0.10,4.20,4.20,4.19,4.20,4.20,4.19,4.20,4.20,33.69,0.0,28,28,0.0,0,14,-1023,0,0,667,746,0,0,-1,0,0,-1,-1,-1,-1,-1,-1,0,0,
2026-03-25,17:41:32.970,7.52,100,100,100,-0.133,-3.36,55,0,8.28,-0.104,0.975,-0.02,62,0,172.41,-8.18,10,0.10,4.20,4.20,4.19,4.20,4.20,4.19,4.20,4.20,33.69,0.0,28,28,0.0,0,15,-1024,0,0,667,746,0,0,-1,0,0,-1,-1,-1,-1,-1,-1,0,0,
2026-03-25,17:41:33.240,7.52,99,100,100,-0.120,-3.42,55,0,8.28,-0.091,0.958,-0.10,62,0,172.45,-7.59,10,0.10,4.20,4.20,4.19,4.20,4.20,4.19,4.21,4.20,33.69,0.0,28,28,0.0,0,14,-1024,0,0,667,746,0,0,-1,0,0,-1,-1,-1,-1,-1,-1,0,0,
2026-03-25,17:41:33.510,7.51,98,100,100,-0.136,-3.48,55,0,8.28,-0.099,1.025,-0.09,60,0,172.44,-7.62,10,0.10,4.20,4.20,4.19,4.20,4.20,4.19,4.21,4.20,33.69,0.0,28,28,0.0,0,15,-1024,0,0,667,746,0,0,-1,0,0,-1,-1,-1,-1,-1,-1,0,0,
2026-03-25,17:41:33.770,7.51,97,100,100,-0.127,-3.49,54,0,8.28,-0.134,0.979,-0.08,60,0,172.48,-7.70,10,0.10,4.20,4.20,4.19,4.20,4.20,4.19,4.21,4.20,33.69,0.0,28,28,0.0,0,15,-1024,0,0,667,746,0,0,-1,0,0,-1,-1,-1,-1,-1,-1,0,0,
2026-03-25,17:41:34.040,7.51,98,100,100,-0.122,-3.44,54,0,8.28,-0.094,0.945,0.05,59,0,172.42,-7.92,10,0.10,4.20,4.20,4.19,4.20,4.20,4.19,4.21,4.20,33.69,0.0,28,28,0.0,0,15,-1024,0,0,667,746,0,0,-1,0,0,-1,-1,-1,-1,-1,-1,0,0,
2026-03-25,17:41:34.300,7.52,97,100,100,-0.094,-3.40,53,0,8.28,-0.113,0.988,0.10,56,0,172.43,-7.98,10,0.10,4.20,4.20,4.19,4.20,4.20,4.19,4.20,4.20,33.69,0.0,28,28,0.0,0,14,-1024,0,0,667,746,0,0,-1,0,0,-1,-1,-1,-1,-1,-1,0,0,
2026-03-25,17:41:34.560,7.51,97,100,100,-0.083,-3.46,52,0,8.28,-0.142,0.958,-0.02,54,0,172.39,-8.41,10,0.10,4.20,4.20,4.19,4.20,4.20,4.19,4.20,4.20,33.69,0.0,28,28,0.0,0,15,-1024,0,0,667,746,0,0,-1,0,0,-1,-1,-1,-1,-1,-1,0,0,
2026-03-25,17:41:34.830,7.51,97,100,100,-0.208,-3.44,52,0,8.28,-0.098,0.940,-0.01,57,0,172.49,-8.84,10,0.10,4.20,4.20,4.19,4.20,4.20,4.19,4.20,4.20,33.69,0.0,28,28,0.0,0,15,-1024,0,0,667,746,0,0,-1,0,0,-1,-1,-1,-1,-1,-1,0,0,
2026-03-25,17:41:35.100,7.51,96,100,100,-0.117,-3.41,52,0,8.28,-0.186,0.925,0.04,59,0,172.31,-9.22,10,0.10,4.20,4.20,4.19,4.20,4.20,4.19,4.20,4.20,33.69,0.0,28,28,0.0,0,15,-1024,0,0,667,746,0,0,-1,0,0,-1,-1,-1,-1,-1,-1,0,0,
2026-03-25,17:41:35.360,7.52,97,100,100,-0.079,-3.43,52,0,8.25,-0.108,0.988,0.01,61,0,172.43,-8.81,10,0.10,4.20,4.20,4.19,4.20,4.20,4.19,4.20,4.20,33.69,0.0,28,28,0.0,0,14,-1024,0,0,667,746,0,0,-1,0,0,-1,-1,-1,-1,-1,-1,0,0,
2026-03-25,17:41:35.630,7.52,97,100,100,-0.123,-3.45,50,0,8.27,-0.113,0.976,-0.04,61,0,172.65,-8.02,10,0.10,4.20,4.20,4.19,4.20,4.20,4.19,4.20,4.20,33.69,0.0,28,28,0.0,0,15,-1024,0,0,667,746,0,0,-1,0,0,-1,-1,-1,-1,-1,-1,0,0,
2026-03-25,17:41:35.890,7.51,99,100,100,-0.104,-3.44,51,0,8.25,-0.113,0.955,-0.01,63,0,172.65,-7.88,10,0.10,4.20,4.20,4.19,4.20,4.20,4.19,4.20,4.20,33.69,0.0,28,28,0.0,0,14,-1024,0,0,667,746,0,0,-1,0,0,-1,-1,-1,-1,-1,-1,0,0,
2026-03-25,17:41:36.150,7.52,99,100,100,-0.147,-3.46,52,0,8.26,-0.099,1.019,-0.01,58,0,172.62,-7.22,10,0.10,4.20,4.20,4.19,4.20,4.20,4.19,4.20,4.20,33.69,0.0,28,28,0.0,0,15,-1024,0,0,667,746,0,0,-1,0,0,-1,-1,-1,-1,-1,-1,0,0,
2026-03-25,17:41:36.420,7.52,99,100,100,-0.064,-3.46,56,0,8.27,-0.081,0.955,-0.01,59,0,172.64,-7.40,10,0.10,4.20,4.20,4.19,4.20,4.20,4.19,4.20,4.20,33.69,0.0,28,28,0.0,0,14,-1024,0,0,667,746,0,0,-1,0,0,-1,-1,-1,-1,-1,-1,0,0,
2026-03-25,17:41:36.700,7.52,100,100,100,-0.082,-3.43,60,0,8.28,-0.106,0.992,0.07,61,0,172.64,-7.41,10,0.10,4.20,4.20,4.19,4.20,4.20,4.19,4.21,4.20,33.69,0.0,28,28,0.0,0,15,-1024,0,0,666,746,0,0,-1,0,0,-1,-1,-1,-1,-1,-1,0,0,
2026-03-25,17:41:36.970,7.51,100,100,100,-0.123,-3.49,61,0,8.28,-0.094,0.978,-0.06,61,0,172.62,-7.42,10,0.10,4.20,4.20,4.19,4.20,4.20,4.19,4.21,4.20,33.69,0.0,28,28,0.0,0,15,-1024,0,0,667,746,0,0,-1,0,0,-1,-1,-1,-1,-1,-1,0,0,
2026-03-25,17:41:37.230,7.52,100,100,100,-0.108,-3.47,60,0,8.28,-0.087,0.968,-0.01,62,0,172.64,-7.37,10,0.10,4.20,4.20,4.19,4.20,4.20,4.19,4.21,4.20,33.69,0.0,28,28,0.0,0,15,-1024,0,0,667,746,0,0,-1,0,0,-1,-1,-1,-1,-1,-1,0,0,
2026-03-25,17:41:37.490,7.52,100,100,100,-0.189,-3.49,59,0,8.25,-0.137,1.001,-0.01,64,0,172.68,-7.81,10,0.10,4.20,4.20,4.19,4.20,4.20,4.19,4.21,4.20,33.69,0.0,28,28,0.0,0,14,-1024,0,0,667,746,0,0,-1,0,0,-1,-1,-1,-1,-1,-1,0,0,
2026-03-25,17:41:37.750,7.51,100,100,100,-0.116,-3.49,61,0,8.27,-0.097,0.933,-0.02,65,0,172.52,-8.02,10,0.10,4.20,4.20,4.19,4.20,4.20,4.19,4.21,4.20,33.69,0.0,28,28,0.0,0,14,-1023,0,0,667,746,0,0,-1,0,0,-1,-1,-1,-1,-1,-1,0,0,
2026-03-25,17:41:38.010,7.51,100,100,100,-0.113,-3.49,61,0,8.27,-0.100,0.966,-0.02,65,0,172.63,-7.93,10,0.10,4.20,4.20,4.19,4.20,4.20,4.19,4.20,4.20,33.69,0.0,28,28,0.0,0,15,-1023,0,0,667,746,0,0,-1,0,0,-1,-1,-1,-1,-1,-1,0,0,
2026-03-25,17:41:38.280,7.51,99,100,100,-0.113,-3.50,60,0,8.28,-0.092,1.016,0.00,66,0,172.67,-7.54,10,0.10,4.20,4.20,4.19,4.20,4.20,4.19,4.20,4.20,33.69,0.0,28,28,0.0,0,15,-1024,0,0,667,746,0,0,-1,0,0,-1,-1,-1,-1,-1,-1,0,0,
2026-03-25,17:41:38.540,7.51,98,100,100,-0.143,-3.47,57,0,8.28,-0.092,0.973,0.04,67,0,172.67,-7.44,10,0.10,4.20,4.20,4.19,4.20,4.20,4.19,4.20,4.20,33.69,0.0,28,28,0.0,0,15,-1024,0,0,667,746,0,0,-1,0,0,-1,-1,-1,-1,-1,-1,0,0,
2026-03-25,17:41:38.800,7.51,97,100,100,-0.128,-3.49,55,0,8.28,-0.064,0.982,-0.01,64,0,172.54,-7.12,10,0.10,4.20,4.20,4.19,4.20,4.20,4.19,4.20,4.20,33.69,0.0,28,28,0.0,0,14,-1024,0,0,667,746,0,0,-1,0,0,-1,-1,-1,-1,-1,-1,0,0,
2026-03-25,17:41:39.060,7.51,98,100,100,-0.089,-3.50,55,0,8.28,-0.122,0.963,0.00,63,0,172.50,-7.19,10,0.10,4.20,4.20,4.19,4.20,4.20,4.19,4.20,4.20,33.69,0.0,28,28,0.0,0,15,-1024,0,0,667,746,0,0,-1,0,0,-1,-1,-1,-1,-1,-1,0,0,
2026-03-25,17:41:39.330,7.52,99,100,100,-0.088,-3.49,55,0,8.28,-0.129,0.979,0.03,63,0,172.57,-7.35,10,0.10,4.20,4.20,4.19,4.20,4.20,4.19,4.21,4.20,33.69,0.0,28,28,0.0,0,15,-1024,0,0,667,746,0,0,-1,0,0,-1,-1,-1,-1,-1,-1,0,0,
2026-03-25,17:41:39.590,7.51,99,100,100,-0.131,-3.49,52,0,8.28,-0.097,0.981,0.02,61,0,172.60,-7.27,10,0.10,4.20,4.20,4.19,4.20,4.20,4.19,4.21,4.20,33.69,0.0,28,28,0.0,0,15,-1023,0,0,667,747,0,0,-1,0,0,-1,-1,-1,-1,-1,-1,0,0,
2026-03-25,17:41:39.850,7.51,98,100,100,-0.124,-3.49,52,0,8.28,-0.109,0.972,-0.02,63,0,172.60,-7.29,10,0.10,4.20,4.20,4.19,4.20,4.20,4.19,4.21,4.20,33.69,0.0,28,28,0.0,0,15,-1023,0,0,667,746,0,0,-1,0,0,-1,-1,-1,-1,-1,-1,0,0,
2026-03-25,17:41:40.120,7.51,98,100,100,-0.136,-3.50,55,0,8.28,-0.118,0.973,0.00,65,0,172.65,-7.33,10,0.10,4.20,4.20,4.19,4.20,4.20,4.19,4.21,4.20,33.69,0.0,28,28,0.0,0,15,-1023,0,0,667,746,0,0,-1,0,0,-1,-1,-1,-1,-1,-1,0,0,
2026-03-25,17:41:40.390,7.51,98,100,100,-0.062,-3.51,57,0,8.28,-0.135,1.045,-0.05,66,0,172.68,-7.37,10,0.10,4.20,4.20,4.19,4.20,4.20,4.19,4.21,4.20,33.69,0.0,28,28,0.0,0,15,-1024,0,0,667,746,0,0,-1,0,0,-1,-1,-1,-1,-1,-1,0,0,
2026-03-25,17:41:40.650,7.51,98,100,100,-0.071,-3.49,59,0,8.28,-0.124,0.985,0.06,67,0,172.44,-7.76,10,0.10,4.20,4.20,4.19,4.20,4.20,4.19,4.21,4.20,33.69,0.0,28,28,0.0,0,14,-1024,0,0,667,746,0,0,-1,0,0,-1,-1,-1,-1,-1,-1,0,0,
2026-03-25,17:41:40.920,7.51,99,100,100,-0.152,-3.47,59,0,8.28,-0.104,0.967,0.03,68,0,172.53,-7.88,10,0.10,4.20,4.20,4.19,4.20,4.20,4.19,4.21,4.20,33.69,0.0,28,28,0.0,0,14,-1023,0,0,667,746,0,0,-1,0,0,-1,-1,-1,-1,-1,-1,0,0,
2026-03-25,17:41:41.190,7.51,100,100,100,-0.128,-3.42,59,0,8.28,-0.099,0.955,0.11,69,0,172.65,-7.75,10,0.10,4.20,4.20,4.19,4.20,4.20,4.19,4.21,4.20,33.69,0.0,28,28,0.0,0,14,-1024,0,0,667,746,0,0,-1,0,0,-1,-1,-1,-1,-1,-1,0,0,
2026-03-25,17:41:41.450,7.51,100,100,100,-0.101,-3.42,59,0,8.28,-0.122,0.969,0.02,65,0,172.58,-7.46,10,0.10,4.20,4.20,4.19,4.20,4.20,4.19,4.21,4.20,33.69,0.0,28,28,0.0,0,14,-1024,0,0,667,746,0,0,-1,0,0,-1,-1,-1,-1,-1,-1,0,0,
2026-03-25,17:41:41.710,7.51,100,100,100,-0.133,-3.46,57,0,8.28,-0.071,0.983,0.00,64,0,172.58,-7.34,10,0.10,4.20,4.20,4.19,4.20,4.20,4.19,4.20,4.20,33.69,0.0,28,28,0.0,0,14,-1023,0,0,667,746,0,0,-1,0,0,-1,-1,-1,-1,-1,-1,0,0,
2026-03-25,17:41:41.980,7.51,100,100,100,-0.127,-3.49,57,0,8.28,-0.113,0.996,-0.01,63,0,172.59,-7.50,10,0.10,4.20,4.20,4.19,4.20,4.20,4.19,4.20,4.20,33.69,0.0,28,28,0.0,0,14,-1024,0,0,667,746,0,0,-1,0,0,-1,-1,-1,-1,-1,-1,0,0,
2026-03-25,17:41:42.240,7.51,100,100,100,-0.170,-3.48,57,0,8.28,-0.087,0.982,0.05,57,0,172.69,-7.34,10,0.10,4.20,4.20,4.19,4.20,4.20,4.19,4.20,4.20,33.69,0.0,28,28,0.0,0,14,-1024,0,0,667,746,0,0,-1,0,0,-1,-1,-1,-1,-1,-1,0,0,
2026-03-25,17:41:42.510,7.51,100,100,100,-0.166,-3.48,57,0,8.28,-0.106,0.977,0.01,58,0,172.65,-7.45,10,0.10,4.20,4.20,4.19,4.20,4.20,4.19,4.20,4.20,33.69,0.0,28,28,0.0,0,14,-1024,0,0,667,746,0,0,-1,0,0,-1,-1,-1,-1,-1,-1,0,0,
2026-03-25,17:41:42.780,7.51,99,100,100,-0.167,-3.50,57,0,8.28,-0.200,0.910,-0.03,62,0,172.65,-7.54,10,0.10,4.20,4.20,4.19,4.20,4.20,4.19,4.20,4.20,33.69,0.0,28,28,0.0,0,15,-1023,0,0,667,746,0,0,-1,0,0,-1,-1,-1,-1,-1,-1,0,0,
2026-03-25,17:41:43.040,7.51,99,100,100,-0.116,-3.43,58,0,8.28,-0.116,0.999,0.11,63,0,172.65,-7.54,10,0.10,4.20,4.20,4.19,4.20,4.20,4.19,4.20,4.20,33.69,0.0,28,28,0.0,0,15,-1024,0,0,667,746,0,0,-1,0,0,-1,-1,-1,-1,-1,-1,0,0,
2026-03-25,17:41:43.310,7.51,99,100,100,-0.102,-3.43,59,0,8.28,-0.107,0.906,0.05,65,0,172.49,-8.37,10,0.10,4.20,4.20,4.19,4.20,4.20,4.19,4.20,4.20,33.69,0.0,28,28,0.0,0,14,-1024,0,0,667,746,0,0,-1,0,0,-1,-1,-1,-1,-1,-1,0,0,
2026-03-25,17:41:43.580,7.51,100,100,100,-0.078,-3.43,62,0,8.28,-0.123,0.978,0.04,66,0,172.55,-7.96,10,0.10,4.20,4.20,4.19,4.20,4.20,4.19,4.20,4.20,33.69,0.0,28,28,0.0,0,15,-1023,0,0,667,746,0,0,-1,0,0,-1,-1,-1,-1,-1,-1,0,0,
2026-03-25,17:41:43.850,7.51,100,100,100,-0.091,-3.49,63,0,8.28,-0.159,0.983,-0.10,67,0,172.51,-7.84,10,0.10,4.20,4.20,4.19,4.20,4.20,4.19,4.20,4.20,33.69,0.0,28,28,0.0,0,15,-1024,0,0,667,746,0,0,-1,0,0,-1,-1,-1,-1,-1,-1,0,0,
2026-03-25,17:41:44.110,7.51,100,100,100,-0.090,-3.50,61,0,8.28,-0.116,0.990,-0.07,65,0,172.64,-7.47,10,0.10,4.20,4.20,4.19,4.20,4.20,4.19,4.21,4.20,33.69,0.0,28,28,0.0,0,15,-1024,0,0,667,746,0,0,-1,0,0,-1,-1,-1,-1,-1,-1,0,0,
2026-03-25,17:41:44.370,7.51,98,100,100,-0.126,-3.49,58,0,8.28,-0.104,0.964,-0.02,64,0,172.57,-7.52,10,0.10,4.20,4.20,4.19,4.20,4.20,4.19,4.21,4.20,33.69,0.0,28,28,0.0,0,15,-1024,0,0,667,746,0,0,-1,0,0,-1,-1,-1,-1,-1,-1,0,0,
2026-03-25,17:41:44.640,7.51,98,100,100,-0.158,-3.54,54,0,8.28,-0.086,0.933,-0.09,64,0,172.69,-7.51,10,0.10,4.20,4.20,4.19,4.20,4.20,4.19,4.21,4.20,33.69,0.0,28,28,0.0,0,14,-1024,0,0,667,746,0,0,-1,0,0,-1,-1,-1,-1,-1,-1,0,0,
2026-03-25,17:41:44.900,7.51,97,99,99,-0.137,-3.58,53,0,8.28,-0.101,0.967,-0.11,57,0,172.61,-7.43,10,0.10,4.20,4.20,4.19,4.20,4.20,4.19,4.21,4.20,33.69,0.0,28,28,0.0,0,14,-1024,0,0,667,746,0,0,-1,0,0,-1,-1,-1,-1,-1,-1,0,0,
2026-03-25,17:41:45.160,7.51,98,99,99,-0.057,-3.52,55,0,8.28,-0.093,0.985,0.05,52,0,172.59,-7.40,10,0.10,4.20,4.20,4.19,4.20,4.20,4.19,4.21,4.20,33.69,0.0,28,28,0.0,0,15,-1023,0,0,667,746,0,0,-1,0,0,-1,-1,-1,-1,-1,-1,0,0,
2026-03-25,17:41:45.430,7.51,98,99,99,-0.129,-3.48,57,0,8.28,-0.071,0.982,0.11,57,0,172.60,-7.26,10,0.10,4.20,4.20,4.19,4.20,4.20,4.19,4.21,4.20,33.69,0.0,28,28,0.0,0,15,-1024,0,0,667,746,0,0,-1,0,0,-1,-1,-1,-1,-1,-1,0,0,
2026-03-25,17:41:45.690,7.51,99,99,99,-0.155,-3.43,57,0,8.28,-0.071,0.978,0.14,60,0,172.71,-7.10,10,0.10,4.20,4.20,4.20,4.20,4.20,4.19,4.21,4.20,33.69,0.0,28,28,0.0,0,15,-1024,0,0,667,746,0,0,-1,0,0,-1,-1,-1,-1,-1,-1,0,0,
2026-03-25,17:41:45.970,7.51,99,99,99,-0.119,-3.43,56,0,8.28,-0.087,0.985,0.07,61,0,172.72,-6.69,10,0.10,4.20,4.20,4.20,4.20,4.20,4.19,4.21,4.20,33.69,0.0,28,28,0.0,0,15,-1023,0,0,667,746,0,0,-1,0,0,-1,-1,-1,-1,-1,-1,0,0,
2026-03-25,17:41:46.240,7.51,99,99,99,-0.038,-3.46,55,0,8.28,-0.278,1.064,-0.02,62,0,172.70,-6.61,10,0.10,4.20,4.20,4.20,4.20,4.20,4.19,4.21,4.20,33.69,0.0,28,28,0.0,0,15,-1024,0,0,667,746,0,0,-1,0,0,-1,-1,-1,-1,-1,-1,0,0,
2026-03-25,17:41:46.520,7.51,100,100,99,0.014,-3.46,56,0,8.28,-0.130,0.929,-0.04,58,0,172.60,-7.52,10,0.10,4.20,4.20,4.20,4.20,4.20,4.19,4.20,4.19,33.69,0.0,28,28,0.0,0,15,-1024,0,0,667,746,0,0,-1,0,0,-1,-1,-1,-1,-1,-1,0,0,
2026-03-25,17:41:46.780,7.51,100,100,99,-0.083,-3.48,57,0,8.26,-0.137,0.971,-0.02,58,0,172.44,-8.24,10,0.10,4.20,4.20,4.20,4.20,4.20,4.19,4.20,4.19,33.69,0.0,28,28,0.0,0,14,-1024,0,0,667,746,0,0,-1,0,0,-1,-1,-1,-1,-1,-1,0,0,
2026-03-25,17:41:47.040,7.51,100,100,99,-0.126,-3.48,54,0,8.27,-0.103,0.978,-0.01,52,0,172.41,-8.38,10,0.10,4.20,4.20,4.19,4.20,4.20,4.19,4.20,4.19,33.69,0.0,28,28,0.0,0,15,-1024,0,0,667,746,0,0,-1,0,0,-1,-1,-1,-1,-1,-1,0,0,
2026-03-25,17:41:47.300,7.51,98,99,99,-0.109,-3.44,49,0,8.27,-0.144,0.984,0.08,52,0,172.29,-8.76,10,0.10,4.20,4.20,4.19,4.20,4.20,4.19,4.20,4.19,33.69,0.0,28,28,0.0,0,15,-1023,0,0,667,746,0,0,-1,0,0,-1,-1,-1,-1,-1,-1,0,0,
2026-03-25,17:41:47.560,7.51,95,99,99,-0.145,-3.47,43,0,8.28,-0.128,0.978,-0.04,47,0,172.34,-8.76,10,0.10,4.20,4.20,4.19,4.20,4.20,4.19,4.20,4.19,33.69,0.0,28,28,0.0,0,15,-1024,0,0,666,746,0,0,-1,0,0,-1,-1,-1,-1,-1,-1,0,0,
2026-03-25,17:41:47.820,7.51,91,99,99,-0.128,-3.50,40,0,8.28,-0.115,0.964,-0.04,43,0,172.34,-8.74,10,0.10,4.20,4.20,4.19,4.20,4.20,4.19,4.20,4.19,33.69,0.0,28,28,0.0,0,15,-1024,0,0,667,746,0,0,-1,0,0,-1,-1,-1,-1,-1,-1,0,0,
2026-03-25,17:41:48.080,7.51,88,99,99,-0.149,-3.50,37,0,8.28,-0.142,0.965,-0.04,43,0,172.34,-8.69,10,0.10,4.20,4.20,4.19,4.20,4.20,4.19,4.20,4.19,33.69,0.0,28,28,0.0,0,14,-1024,0,0,667,746,0,0,-1,0,0,-1,-1,-1,-1,-1,-1,0,0,
2026-03-25,17:41:48.340,7.51,85,99,99,-0.181,-3.51,38,0,8.28,-0.096,0.954,-0.08,44,0,172.32,-8.70,10,0.10,4.20,4.20,4.20,4.20,4.20,4.19,4.20,4.19,33.69,0.0,28,28,0.0,0,15,-1023,0,0,667,746,0,0,-1,0,0,-1,-1,-1,-1,-1,-1,0,0,
2026-03-25,17:41:48.600,7.52,85,99,99,-0.199,-3.53,38,0,8.28,-0.117,0.979,-0.03,45,0,172.32,-8.70,10,0.10,4.20,4.20,4.20,4.20,4.20,4.19,4.20,4.19,33.70,0.0,28,28,0.0,0,14,-1024,0,0,667,746,0,0,-1,0,0,-1,-1,-1,-1,-1,-1,0,0,
2026-03-25,17:41:48.870,7.51,88,100,100,-0.166,-3.51,40,0,8.28,-0.149,0.947,0.01,47,0,172.30,-8.66,10,0.10,4.20,4.20,4.20,4.20,4.20,4.19,4.20,4.19,33.70,0.0,28,28,0.0,0,15,-1021,0,0,667,746,0,0,-1,0,0,-1,-1,-1,-1,-1,-1,0,0,
2026-03-25,17:41:49.130,7.52,93,100,100,-0.104,-3.51,43,0,8.28,-0.090,0.987,0.01,45,0,172.39,-8.41,10,0.10,4.20,4.20,4.20,4.20,4.20,4.19,4.20,4.19,33.70,0.0,28,28,0.0,0,15,-1019,0,0,667,746,0,0,-1,0,0,-1,-1,-1,-1,-1,-1,0,0,
2026-03-25,17:41:49.390,7.52,97,100,100,-0.160,-3.51,48,0,8.28,-0.075,0.890,0.01,54,0,172.41,-8.54,10,0.10,4.20,4.20,4.19,4.20,4.20,4.19,4.20,4.19,33.70,0.0,28,28,0.0,0,14,-1021,0,0,667,746,0,0,-1,0,0,-1,-1,-1,-1,-1,-1,0,0,
2026-03-25,17:41:49.650,7.52,100,100,99,-0.163,-3.49,51,0,8.28,-0.117,0.968,0.00,58,0,172.38,-8.60,10,0.10,4.20,4.20,4.19,4.20,4.20,4.19,4.20,4.19,33.69,0.0,28,28,0.0,0,15,-1021,0,0,667,746,0,0,-1,0,0,-1,-1,-1,-1,-1,-1,0,0,
2026-03-25,17:41:49.920,7.51,97,99,99,-0.115,-3.51,53,0,8.28,-0.123,0.982,0.00,58,0,172.34,-8.68,10,0.10,4.20,4.20,4.19,4.20,4.20,4.19,4.21,4.20,33.69,0.0,28,28,0.0,0,14,-1019,0,0,667,746,0,0,-1,0,0,-1,-1,-1,-1,-1,-1,0,0,
2026-03-25,17:41:50.180,7.51,97,99,99,-0.084,-3.52,54,0,8.28,-0.124,0.982,0.00,61,0,172.38,-8.69,10,0.10,4.20,4.20,4.19,4.20,4.20,4.19,4.21,4.20,33.69,0.0,28,28,0.0,0,14,-997,0,0,667,747,0,0,-1,0,0,-1,-1,-1,-1,-1,-1,0,0,
2026-03-25,17:41:50.440,7.51,97,99,99,-0.153,-3.48,54,0,8.28,-0.128,0.944,0.04,63,0,172.38,-8.88,10,0.10,4.20,4.20,4.19,4.20,4.20,4.19,4.21,4.20,33.69,0.0,28,28,0.0,0,14,-1022,0,0,667,746,0,0,-1,0,0,-1,-1,-1,-1,-1,-1,0,0,
2026-03-25,17:41:50.700,7.51,99,100,99,-0.104,-3.48,57,0,8.28,-0.138,0.996,0.03,61,0,172.18,-8.94,10,0.10,4.20,4.20,4.20,4.20,4.20,4.19,4.21,4.20,33.69,0.0,28,28,0.0,0,15,-1024,0,0,667,746,0,0,-1,0,0,-1,-1,-1,-1,-1,-1,0,0,
2026-03-25,17:41:50.970,7.51,100,100,99,-0.122,-3.44,59,0,8.25,-0.139,0.979,0.03,62,0,172.24,-8.61,10,0.10,4.20,4.20,4.20,4.20,4.20,4.19,4.21,4.20,33.69,0.0,28,28,0.0,0,14,-1024,0,0,667,746,0,0,-1,0,0,-1,-1,-1,-1,-1,-1,0,0,
2026-03-25,17:41:51.240,7.51,100,100,99,-0.080,-3.48,59,0,8.27,-0.157,0.969,-0.12,62,0,172.17,-8.57,10,0.10,4.20,4.20,4.20,4.20,4.20,4.19,4.21,4.19,33.69,0.0,28,28,0.0,0,14,-1024,0,0,667,746,0,0,-1,0,0,-1,-1,-1,-1,-1,-1,0,0,
2026-03-25,17:41:51.510,7.51,100,100,99,-0.104,-3.46,59,0,8.27,-0.130,0.964,-0.01,60,0,172.22,-8.66,10,0.10,4.20,4.20,4.20,4.20,4.20,4.19,4.21,4.19,33.69,0.0,28,28,0.0,0,15,-1023,0,0,667,746,0,0,-1,0,0,-1,-1,-1,-1,-1,-1,0,0,
2026-03-25,17:41:51.770,7.51,99,99,99,-0.147,-3.47,59,0,8.28,-0.123,0.962,-0.01,60,0,172.31,-8.69,10,0.10,4.20,4.20,4.20,4.20,4.20,4.19,4.21,4.19,33.69,0.0,28,28,0.0,0,14,-1024,0,0,667,747,0,0,-1,0,0,-1,-1,-1,-1,-1,-1,0,0,
2026-03-25,17:41:52.040,7.51,98,99,99,-0.129,-3.43,57,0,8.28,-0.148,0.974,0.08,56,0,172.29,-8.67,10,0.10,4.20,4.20,4.20,4.20,4.20,4.19,4.21,4.19,33.69,0.0,28,28,0.0,0,15,-1024,0,0,667,746,0,0,-1,0,0,-1,-1,-1,-1,-1,-1,0,0,
2026-03-25,17:41:52.300,7.51,98,99,99,-0.122,-3.51,56,0,8.28,-0.144,0.986,-0.07,55,0,172.34,-9.03,10,0.10,4.20,4.20,4.20,4.20,4.20,4.19,4.21,4.19,33.69,0.0,28,28,0.0,0,15,-1024,0,0,667,746,0,0,-1,0,0,-1,-1,-1,-1,-1,-1,0,0,
2026-03-25,17:41:52.570,7.51,99,99,99,-0.160,-3.51,56,0,8.28,-0.139,0.977,-0.10,57,0,172.35,-9.19,10,0.10,4.20,4.20,4.20,4.20,4.20,4.19,4.21,4.19,33.69,0.0,28,28,0.0,0,14,-1024,0,0,667,746,0,0,-1,0,0,-1,-1,-1,-1,-1,-1,0,0,
2026-03-25,17:41:52.830,7.51,99,99,99,-0.087,-3.53,57,0,8.28,-0.143,0.980,-0.04,57,0,172.28,-9.37,10,0.10,4.20,4.20,4.20,4.20,4.20,4.19,4.21,4.19,33.69,0.0,28,28,0.0,0,15,-1024,0,0,667,746,0,0,-1,0,0,-1,-1,-1,-1,-1,-1,0,0,
2026-03-25,17:41:53.090,7.52,98,99,99,-0.126,-3.48,58,0,8.28,-0.163,0.964,0.05,56,0,172.26,-9.61,10,0.10,4.20,4.20,4.20,4.20,4.20,4.19,4.21,4.19,33.69,0.0,28,28,0.0,0,15,-1024,0,0,667,746,0,0,-1,0,0,-1,-1,-1,-1,-1,-1,0,0,
2026-03-25,17:41:53.350,7.51,98,99,99,-0.100,-3.47,58,0,8.28,-0.140,0.958,0.03,57,0,172.22,-9.62,10,0.10,4.20,4.20,4.20,4.20,4.20,4.19,4.21,4.19,33.69,0.0,28,28,0.0,0,15,-1024,0,0,667,746,0,0,-1,0,0,-1,-1,-1,-1,-1,-1,0,0,
2026-03-25,17:41:53.620,7.51,98,100,100,-0.095,-3.48,58,0,8.28,-0.148,0.982,0.00,61,0,172.23,-9.34,10,0.10,4.20,4.20,4.20,4.20,4.20,4.19,4.21,4.20,33.69,0.0,28,28,0.0,0,15,-1024,0,0,667,746,0,0,-1,0,0,-1,-1,-1,-1,-1,-1,0,0,
2026-03-25,17:41:53.890,7.52,99,100,100,-0.189,-3.49,58,0,8.28,-0.146,0.974,-0.04,62,0,172.29,-9.22,10,0.10,4.20,4.20,4.20,4.20,4.20,4.19,4.21,4.20,33.69,0.0,28,28,0.0,0,15,-1024,0,0,666,746,0,0,-1,0,0,-1,-1,-1,-1,-1,-1,0,0,
2026-03-25,17:41:54.160,7.52,99,100,100,-0.087,-3.41,58,0,8.28,-0.145,0.983,0.11,62,0,172.24,-9.09,10,0.10,4.20,4.20,4.19,4.20,4.20,4.19,4.21,4.20,33.69,0.0,28,28,0.0,0,15,-1024,0,0,667,746,0,0,-1,0,0,-1,-1,-1,-1,-1,-1,0,0,
2026-03-25,17:41:54.420,7.51,99,100,100,-0.111,-3.40,57,0,8.28,-0.116,0.982,0.11,63,0,172.27,-8.99,10,0.10,4.20,4.20,4.19,4.20,4.20,4.19,4.21,4.20,33.69,0.0,28,28,0.0,0,14,-1023,0,0,667,746,0,0,-1,0,0,-1,-1,-1,-1,-1,-1,0,0,
2026-03-25,17:41:54.680,7.51,99,100,100,-0.125,-3.44,56,0,8.28,-0.121,0.958,-0.07,62,0,172.25,-9.04,10,0.10,4.20,4.20,4.19,4.20,4.20,4.19,4.21,4.19,33.69,0.0,28,28,0.0,0,15,-1024,0,0,667,746,0,0,-1,0,0,-1,-1,-1,-1,-1,-1,0,0,
2026-03-25,17:41:54.940,7.51,99,100,100,-0.108,-3.43,56,0,8.28,-0.130,0.944,0.01,61,0,172.30,-8.88,10,0.10,4.20,4.20,4.19,4.20,4.20,4.19,4.21,4.19,33.69,0.0,28,28,0.0,0,15,-1024,0,0,667,746,0,0,-1,0,0,-1,-1,-1,-1,-1,-1,0,0,
2026-03-25,17:41:55.210,7.51,97,100,100,-0.088,-3.41,55,0,8.28,-0.091,1.018,0.01,57,0,172.46,-8.37,10,0.10,4.20,4.20,4.19,4.20,4.20,4.19,4.21,4.19,33.69,0.0,28,28,0.0,0,15,-1024,0,0,667,746,0,0,-1,0,0,-1,-1,-1,-1,-1,-1,0,0,
2026-03-25,17:41:55.480,7.52,96,100,100,0.023,-3.43,51,0,8.28,-0.172,0.946,0.03,55,0,172.46,-7.89,10,0.10,4.20,4.20,4.19,4.20,4.20,4.19,4.21,4.19,33.69,0.0,28,28,0.0,0,14,-1024,0,0,667,746,0,0,-1,0,0,-1,-1,-1,-1,-1,-1,0,0,
2026-03-25,17:41:55.750,7.51,95,100,100,0.023,-3.43,50,0,8.25,-0.106,1.020,-0.01,57,0,172.50,-7.68,10,0.10,4.20,4.20,4.19,4.20,4.20,4.19,4.21,4.19,33.69,0.0,28,28,0.0,0,15,-1024,0,0,667,746,0,0,-1,0,0,-1,-1,-1,-1,-1,-1,0,0,
2026-03-25,17:41:56.020,7.51,97,100,100,-0.074,-3.38,49,0,8.27,-0.095,0.937,0.08,59,0,172.47,-7.96,10,0.10,4.20,4.20,4.19,4.20,4.20,4.19,4.20,4.19,33.69,0.0,28,28,0.0,0,15,-1024,0,0,667,747,0,0,-1,0,0,-1,-1,-1,-1,-1,-1,0,0,
2026-03-25,17:41:56.280,7.51,98,99,99,-0.166,-3.47,51,0,8.27,-0.138,0.789,0.08,60,0,172.11,-9.78,10,0.10,4.20,4.20,4.19,4.20,4.20,4.19,4.20,4.19,33.69,0.0,28,28,0.0,0,15,-1024,0,0,667,746,0,0,-1,0,0,-1,-1,-1,-1,-1,-1,0,0,
2026-03-25,17:41:56.540,7.51,99,99,99,-0.055,-3.53,53,0,8.28,-0.163,1.114,-0.11,61,0,172.38,-8.87,10,0.10,4.20,4.20,4.19,4.20,4.20,4.19,4.20,4.19,33.69,0.0,28,28,0.0,0,15,-1024,0,0,667,746,0,0,-1,0,0,-1,-1,-1,-1,-1,-1,0,0,
2026-03-25,17:41:56.810,7.52,100,100,99,-0.079,-3.51,54,0,8.28,-0.182,0.958,-0.08,62,0,172.22,-9.25,10,0.10,4.20,4.20,4.19,4.20,4.20,4.19,4.20,4.19,33.69,0.0,28,28,0.0,0,15,-1024,0,0,667,746,0,0,-1,0,0,-1,-1,-1,-1,-1,-1,0,0,
2026-03-25,17:41:57.070,7.51,100,100,99,-0.105,-3.47,55,0,8.28,-0.150,0.992,0.08,65,0,172.25,-9.19,10,0.10,4.20,4.20,4.19,4.20,4.20,4.19,4.20,4.20,33.69,0.0,28,28,0.0,0,15,-1024,0,0,667,746,0,0,-1,0,0,-1,-1,-1,-1,-1,-1,0,0,
2026-03-25,17:41:57.340,7.51,98,99,99,-0.140,-3.46,54,0,8.28,-0.121,0.972,0.05,66,0,172.26,-9.20,10,0.10,4.20,4.20,4.19,4.20,4.20,4.19,4.20,4.20,33.69,0.0,28,28,0.0,0,15,-1024,0,0,667,746,0,0,-1,0,0,-1,-1,-1,-1,-1,-1,0,0,
2026-03-25,17:41:57.610,7.51,97,99,99,-0.130,-3.44,54,0,8.28,-0.126,0.977,0.09,66,0,172.25,-9.20,10,0.10,4.20,4.20,4.19,4.20,4.20,4.19,4.20,4.20,33.69,0.0,28,28,0.0,0,15,-1024,0,0,667,746,0,0,-1,0,0,-1,-1,-1,-1,-1,-1,0,0,
2026-03-25,17:41:57.870,7.51,97,99,99,-0.129,-3.45,55,0,8.28,-0.134,0.974,0.00,65,0,172.25,-9.20,10,0.10,4.20,4.20,4.19,4.20,4.20,4.19,4.20,4.20,33.69,0.0,28,28,0.0,0,14,-1024,0,0,667,746,0,0,-1,0,0,-1,-1,-1,-1,-1,-1,0,0,
2026-03-25,17:41:58.130,7.51,99,99,99,-0.129,-3.41,57,0,8.28,-0.130,0.976,0.08,62,0,172.24,-9.20,10,0.10,4.20,4.20,4.19,4.20,4.20,4.19,4.20,4.20,33.69,0.0,28,28,0.0,0,14,-1024,0,0,667,746,0,0,-1,0,0,-1,-1,-1,-1,-1,-1,0,0,
2026-03-25,17:41:58.390,7.51,100,100,99,-0.128,-3.43,60,0,8.28,-0.133,0.974,0.02,63,0,172.24,-9.20,10,0.10,4.20,4.20,4.19,4.20,4.20,4.19,4.20,4.20,33.69,0.0,28,28,0.0,0,15,-1024,0,0,667,746,0,0,-1,0,0,-1,-1,-1,-1,-1,-1,0,0,
2026-03-25,17:41:58.660,7.51,100,100,99,-0.125,-3.40,61,0,8.28,-0.134,0.974,0.03,62,0,172.24,-9.20,10,0.10,4.20,4.20,4.19,4.20,4.20,4.19,4.20,4.20,33.69,0.0,28,28,0.0,0,14,-1024,0,0,667,746,0,0,-1,0,0,-1,-1,-1,-1,-1,-1,0,0,
2026-03-25,17:41:58.920,7.51,100,100,99,-0.125,-3.38,62,0,8.28,-0.133,0.974,0.07,65,0,172.23,-9.21,10,0.10,4.20,4.20,4.19,4.20,4.20,4.19,4.20,4.20,33.69,0.0,28,28,0.0,0,14,-1024,0,0,667,746,0,0,-1,0,0,-1,-1,-1,-1,-1,-1,0,0,
2026-03-25,17:41:59.180,7.51,100,100,99,-0.124,-3.39,63,0,8.28,-0.136,0.974,0.00,65,0,172.23,-9.21,10,0.10,4.20,4.20,4.19,4.20,4.20,4.19,4.20,4.20,33.69,0.0,28,28,0.0,0,15,-1024,0,0,667,746,0,0,-1,0,0,-1,-1,-1,-1,-1,-1,0,0,
2026-03-25,17:41:59.450,7.51,99,99,99,-0.124,-3.34,62,0,8.28,-0.135,0.973,0.03,62,0,172.23,-9.21,10,0.10,4.20,4.20,4.19,4.20,4.20,4.19,4.20,4.20,33.69,0.0,28,28,0.0,0,15,-1024,0,0,667,746,0,0,-1,0,0,-1,-1,-1,-1,-1,-1,0,0,
2026-03-25,17:41:59.720,7.51,99,99,99,-0.142,-3.36,62,0,8.28,-0.130,0.977,0.07,65,0,172.25,-9.22,10,0.10,4.20,4.20,4.19,4.20,4.20,4.19,4.21,4.19,33.69,0.0,28,28,0.0,0,14,-1024,0,0,667,746,0,0,-1,0,0,-1,-1,-1,-1,-1,-1,0,0,
2026-03-25,17:41:59.990,7.51,99,99,99,-0.141,-3.35,63,0,8.28,-0.130,0.969,-0.02,65,0,172.25,-9.23,10,0.10,4.20,4.20,4.19,4.20,4.20,4.19,4.21,4.19,33.69,0.0,28,28,0.0,0,15,-1024,0,0,667,746,0,0,-1,0,0,-1,-1,-1,-1,-1,-1,0,0,
2026-03-25,17:42:00.250,7.51,100,100,100,-0.144,-3.35,63,0,8.28,-0.121,0.963,0.00,62,0,172.10,-9.22,10,0.10,4.20,4.20,4.20,4.20,4.20,4.19,4.21,4.19,33.69,0.0,28,28,0.0,0,14,-1024,0,0,667,746,0,0,-1,0,0,-1,-1,-1,-1,-1,-1,0,0,
2026-03-25,17:42:00.520,7.51,100,100,100,-0.124,-3.32,63,0,8.28,-0.135,0.962,0.04,64,0,172.01,-9.29,10,0.10,4.20,4.20,4.20,4.20,4.20,4.19,4.21,4.19,33.69,0.0,28,28,0.0,0,15,-1024,0,0,667,746,0,0,-1,0,0,-1,-1,-1,-1,-1,-1,0,0,
2026-03-25,17:42:00.780,7.51,100,100,100,-0.153,-3.38,62,0,8.28,-0.130,0.955,-0.03,65,0,171.97,-9.30,10,0.10,4.20,4.20,4.20,4.20,4.20,4.19,4.20,4.20,33.69,0.0,28,28,0.0,0,15,-1024,0,0,667,746,0,0,-1,0,0,-1,-1,-1,-1,-1,-1,0,0,
2026-03-25,17:42:01.050,7.52,100,100,100,-0.115,-3.43,62,0,8.28,-0.134,0.968,-0.17,66,0,171.91,-9.31,10,0.10,4.20,4.20,4.20,4.20,4.20,4.19,4.20,4.20,33.69,0.0,28,28,0.0,0,15,-1024,0,0,667,746,0,0,-1,0,0,-1,-1,-1,-1,-1,-1,0,0,
2026-03-25,17:42:01.310,7.51,100,100,100,-0.124,-3.43,61,0,8.28,-0.138,0.977,-0.04,66,0,171.94,-9.31,10,0.10,4.20,4.20,4.20,4.20,4.20,4.19,4.20,4.20,33.69,0.0,28,28,0.0,0,15,-1024,0,0,667,746,0,0,-1,0,0,-1,-1,-1,-1,-1,-1,0,0,
2026-03-25,17:42:01.570,7.51,100,100,100,-0.112,-3.47,61,0,8.28,-0.147,0.990,-0.12,66,0,171.94,-9.30,10,0.10,4.20,4.20,4.20,4.20,4.20,4.19,4.20,4.20,33.69,0.0,28,28,0.0,0,15,-1024,0,0,667,746,0,0,-1,0,0,-1,-1,-1,-1,-1,-1,0,0,
2026-03-25,17:42:01.830,7.51,100,100,100,-0.161,-3.50,61,0,8.28,-0.149,1.005,-0.09,66,0,172.11,-9.38,10,0.10,4.20,4.20,4.20,4.20,4.20,4.19,4.20,4.20,33.69,0.0,28,28,0.0,0,15,-1024,0,0,667,746,0,0,-1,0,0,-1,-1,-1,-1,-1,-1,0,0,
2026-03-25,17:42:02.100,7.52,100,100,100,-0.165,-3.47,60,0,8.28,-0.137,1.056,0.01,66,0,172.18,-9.72,10,0.10,4.20,4.20,4.20,4.20,4.20,4.19,4.20,4.20,33.69,0.0,28,28,0.0,0,15,-1024,0,0,666,747,0,0,-1,0,0,-1,-1,-1,-1,-1,-1,0,0,
2026-03-25,17:42:02.360,7.52,100,100,100,-0.066,-3.48,59,0,8.28,-0.192,0.914,-0.01,65,0,172.32,-10.50,10,0.10,4.20,4.20,4.20,4.20,4.20,4.19,4.20,4.20,33.69,0.0,28,28,0.0,0,14,-1024,0,0,667,747,0,0,-1,0,0,-1,-1,-1,-1,-1,-1,0,0,
2026-03-25,17:42:02.630,7.51,100,100,100,-0.041,-3.43,62,0,8.28,-0.209,0.914,0.10,64,0,174.44,-13.38,10,0.10,4.20,4.20,4.19,4.20,4.20,4.19,4.20,4.20,33.69,0.0,28,28,0.0,0,14,-1024,0,0,667,746,0,0,-1,0,0,-1,-1,-1,-1,-1,-1,0,0,
2026-03-25,17:42:02.900,7.51,100,100,100,-0.200,-3.39,65,0,8.26,-0.246,0.872,0.12,63,0,168.97,-15.74,10,0.10,4.20,4.20,4.19,4.20,4.20,4.19,4.20,4.20,33.69,0.0,28,28,0.0,0,14,-1024,0,0,667,746,0,0,-1,0,0,-1,-1,-1,-1,-1,-1,0,0,
2026-03-25,17:42:03.170,7.52,100,100,100,-0.226,-3.43,68,0,8.27,-0.385,1.383,0.01,64,0,170.46,-17.73,10,0.10,4.20,4.20,4.19,4.20,4.20,4.19,4.21,4.19,33.69,0.0,28,28,0.0,0,15,-1024,0,0,667,746,0,0,-1,0,0,-1,-1,-1,-1,-1,-1,0,0,
2026-03-25,17:42:03.430,7.51,100,100,100,-0.101,-3.38,69,0,8.28,-0.239,0.856,0.03,65,0,171.06,-15.65,10,0.10,4.20,4.20,4.19,4.20,4.20,4.19,4.21,4.19,33.69,0.0,28,28,0.0,0,15,-1024,0,0,667,746,0,0,-1,0,0,-1,-1,-1,-1,-1,-1,0,0,
2026-03-25,17:42:03.700,7.52,100,100,100,-0.107,-3.39,69,0,8.26,-0.040,0.942,0.05,65,0,173.10,-7.23,10,0.10,4.20,4.20,4.20,4.20,4.20,4.19,4.21,4.19,33.69,0.0,28,28,0.0,0,15,-1024,0,0,667,746,0,0,-1,0,0,-1,-1,-1,-1,-1,-1,0,0,
2026-03-25,17:42:03.960,7.52,100,100,100,-0.100,-3.43,68,0,8.27,-0.093,0.795,-0.07,66,0,172.35,-9.70,10,0.10,4.20,4.20,4.20,4.20,4.20,4.19,4.21,4.19,33.69,0.0,28,28,0.0,0,14,-1024,0,0,667,746,0,0,-1,0,0,-1,-1,-1,-1,-1,-1,0,0,
2026-03-25,17:42:04.220,7.52,100,100,100,-0.130,-3.46,67,0,8.28,-0.130,1.052,-0.08,66,0,172.01,-8.82,10,0.10,4.20,4.20,4.20,4.20,4.20,4.19,4.21,4.19,33.69,0.0,28,28,0.0,0,14,-1024,0,0,666,746,0,0,-1,0,0,-1,-1,-1,-1,-1,-1,0,0,
2026-03-25,17:42:04.480,7.52,100,100,100,-0.111,-3.47,67,0,8.28,-0.106,0.924,-0.08,65,0,171.58,-9.43,10,0.10,4.20,4.20,4.20,4.20,4.20,4.19,4.21,4.20,33.69,0.0,28,28,0.0,0,15,-1024,0,0,666,746,0,0,-1,0,0,-1,-1,-1,-1,-1,-1,0,0,
2026-03-25,17:42:04.740,7.52,100,100,100,-0.163,-3.44,67,0,8.28,-0.141,1.007,0.03,64,0,171.25,-8.63,10,0.10,4.20,4.20,4.20,4.20,4.20,4.19,4.21,4.20,33.69,0.0,28,28,0.0,0,15,-1024,0,0,667,746,0,0,-1,0,0,-1,-1,-1,-1,-1,-1,0,0,
2026-03-25,17:42:05.000,7.51,100,100,100,-0.131,-3.51,67,0,8.28,-0.092,0.940,-0.11,65,0,171.21,-8.27,10,0.10,4.20,4.20,4.20,4.20,4.20,4.19,4.21,4.20,33.69,0.0,28,28,0.0,0,15,-1024,0,0,667,746,0,0,-1,0,0,-1,-1,-1,-1,-1,-1,0,0,
2026-03-25,17:42:05.270,7.51,100,100,100,-0.144,-3.50,67,0,8.28,-0.172,0.891,-0.03,66,0,171.80,-9.41,10,0.10,4.20,4.20,4.20,4.20,4.20,4.19,4.21,4.20,33.69,0.0,28,28,0.0,0,15,-1024,0,0,666,746,0,0,-1,0,0,-1,-1,-1,-1,-1,-1,0,0,
2026-03-25,17:42:05.530,7.51,100,100,100,-0.102,-3.50,67,0,8.28,-0.142,0.982,0.01,64,0,172.17,-8.86,10,0.10,4.20,4.20,4.20,4.20,4.20,4.19,4.20,4.20,33.69,0.0,28,28,0.0,0,14,-1024,0,0,667,746,0,0,-1,0,0,-1,-1,-1,-1,-1,-1,0,0,
2026-03-25,17:42:05.790,7.51,100,100,100,-0.119,-3.49,67,0,8.28,-0.139,0.975,0.01,64,0,172.19,-8.94,10,0.10,4.20,4.20,4.20,4.20,4.20,4.19,4.20,4.20,33.69,0.0,28,28,0.0,0,14,-1024,0,0,667,746,0,0,-1,0,0,-1,-1,-1,-1,-1,-1,0,0,
2026-03-25,17:42:06.060,7.51,100,100,100,-0.135,-3.44,67,0,8.28,-0.128,0.970,0.10,64,0,172.19,-8.91,10,0.10,4.20,4.20,4.19,4.20,4.20,4.19,4.20,4.20,33.69,0.0,28,28,0.0,0,15,-1024,0,0,667,744,0,0,-1,0,0,-1,-1,-1,-1,-1,-1,0,0,
2026-03-25,17:42:06.320,7.51,100,100,100,-0.127,-3.44,67,0,8.28,-0.124,0.973,0.06,61,0,172.18,-8.89,10,0.10,4.20,4.20,4.19,4.20,4.20,4.19,4.20,4.20,33.69,0.0,28,28,0.0,0,15,-1024,0,0,667,745,0,0,-1,0,0,-1,-1,-1,-1,-1,-1,0,0,
2026-03-25,17:42:06.590,7.51,100,100,100,-0.117,-3.49,67,0,8.28,-0.131,0.977,-0.10,60,0,172.18,-8.87,10,0.10,4.20,4.20,4.19,4.20,4.20,4.19,4.20,4.20,33.69,0.0,28,28,0.0,0,15,-1024,0,0,667,744,0,0,-1,0,0,-1,-1,-1,-1,-1,-1,0,0,
2026-03-25,17:42:06.850,7.52,100,100,100,-0.120,-3.48,67,0,8.28,-0.129,0.974,-0.02,63,0,172.18,-8.87,10,0.10,4.20,4.20,4.19,4.20,4.20,4.19,4.21,4.20,33.69,0.0,28,28,0.0,0,14,-1024,0,0,667,744,0,0,-1,0,0,-1,-1,-1,-1,-1,-1,0,0,
2026-03-25,17:42:07.110,7.52,100,100,100,-0.122,-3.47,67,0,8.28,-0.129,0.974,0.02,61,0,172.19,-8.85,10,0.10,4.20,4.20,4.19,4.20,4.20,4.19,4.21,4.20,33.69,0.0,28,28,0.0,0,15,-1024,0,0,667,744,0,0,-1,0,0,-1,-1,-1,-1,-1,-1,0,0,
2026-03-25,17:42:07.370,7.52,100,100,100,-0.115,-3.47,67,0,8.28,-0.133,0.975,0.00,59,0,172.22,-8.86,10,0.10,4.20,4.20,4.20,4.20,4.20,4.19,4.21,4.20,33.69,0.0,28,28,0.0,0,15,-1024,0,0,667,744,0,0,-1,0,0,-1,-1,-1,-1,-1,-1,0,0,
2026-03-25,17:42:07.640,7.52,100,100,100,-0.149,-3.45,66,0,8.28,-0.141,0.935,0.05,62,0,172.18,-8.80,10,0.10,4.20,4.20,4.20,4.20,4.20,4.19,4.21,4.20,33.69,0.0,28,28,0.0,0,15,-1024,0,0,667,745,0,0,-1,0,0,-1,-1,-1,-1,-1,-1,0,0,
2026-03-25,17:42:07.910,7.51,100,100,100,-0.095,-3.40,65,0,8.28,-0.130,0.937,0.10,63,0,171.69,-8.94,10,0.10,4.20,4.20,4.20,4.20,4.20,4.19,4.20,4.20,33.69,0.0,28,28,0.0,0,14,-1024,0,0,667,745,0,0,-1,0,0,-1,-1,-1,-1,-1,-1,0,0,
2026-03-25,17:42:08.170,7.52,100,100,100,-0.172,-3.44,63,0,8.28,-0.142,0.963,-0.01,64,0,171.88,-9.29,10,0.10,4.20,4.20,4.20,4.20,4.20,4.19,4.20,4.20,33.69,0.0,28,28,0.0,0,15,-1024,0,0,666,745,0,0,-1,0,0,-1,-1,-1,-1,-1,-1,0,0,
2026-03-25,17:42:08.430,7.51,100,100,100,-0.181,-3.50,63,0,8.28,-0.166,0.980,-0.13,64,0,171.78,-8.82,10,0.10,4.20,4.20,4.20,4.20,4.20,4.19,4.20,4.20,33.69,0.0,28,28,0.0,0,14,-1024,0,0,667,744,0,0,-1,0,0,-1,-1,-1,-1,-1,-1,0,0,
2026-03-25,17:42:08.700,7.51,100,100,100,-0.213,-3.47,64,0,8.28,-0.185,0.943,-0.04,64,0,171.60,-9.85,10,0.10,4.20,4.20,4.19,4.20,4.20,4.19,4.20,4.20,33.69,0.0,28,28,0.0,0,15,-1024,0,0,667,745,0,0,-1,0,0,-1,-1,-1,-1,-1,-1,0,0,
2026-03-25,17:42:08.960,7.51,100,100,100,-0.170,-3.43,66,0,8.28,-0.162,0.951,0.08,58,0,171.68,-9.43,10,0.10,4.20,4.20,4.19,4.20,4.20,4.19,4.20,4.20,33.69,0.0,28,28,0.0,0,15,-1024,0,0,667,745,0,0,-1,0,0,-1,-1,-1,-1,-1,-1,0,0,
2026-03-25,17:42:09.230,7.51,100,100,100,-0.073,-3.39,67,0,8.28,-0.126,0.899,0.14,57,0,171.64,-10.24,10,0.10,4.20,4.20,4.19,4.20,4.20,4.19,4.20,4.20,33.69,0.0,28,28,0.0,0,14,-1024,0,0,667,745,0,0,-1,0,0,-1,-1,-1,-1,-1,-1,0,0,
2026-03-25,17:42:09.490,7.51,100,100,100,-0.080,-3.46,67,0,8.28,-0.088,1.085,-0.07,58,0,171.67,-9.97,10,0.10,4.20,4.20,4.19,4.20,4.20,4.19,4.20,4.20,33.69,0.0,28,28,0.0,0,15,-1024,0,0,667,744,0,0,-1,0,0,-1,-1,-1,-1,-1,-1,0,0,
2026-03-25,17:42:09.760,7.51,100,100,100,-0.085,-3.43,68,0,8.28,-0.152,1.046,-0.02,55,0,171.94,-9.71,10,0.10,4.20,4.20,4.19,4.20,4.20,4.19,4.20,4.20,33.69,0.0,28,28,0.0,0,15,-1024,0,0,667,745,0,0,-1,0,0,-1,-1,-1,-1,-1,-1,0,0,
2026-03-25,17:42:10.020,7.51,100,100,100,-0.216,-3.45,67,0,8.26,-0.067,1.033,0.00,56,0,172.20,-9.55,10,0.10,4.20,4.20,4.19,4.20,4.20,4.19,4.20,4.20,33.69,0.0,28,28,0.0,0,15,-1024,0,0,667,745,0,0,-1,0,0,-1,-1,-1,-1,-1,-1,0,0,
2026-03-25,17:42:10.290,7.51,100,100,100,-0.150,-3.46,65,0,8.27,-0.079,0.948,-0.04,60,0,172.23,-9.10,10,0.10,4.20,4.20,4.19,4.20,4.20,4.19,4.20,4.20,33.69,0.0,28,28,0.0,0,14,-1024,0,0,667,744,0,0,-1,0,0,-1,-1,-1,-1,-1,-1,0,0,
2026-03-25,17:42:10.560,7.52,100,100,100,-0.125,-3.44,63,0,8.23,-0.060,0.916,0.04,62,0,171.91,-8.75,10,0.10,4.20,4.20,4.19,4.20,4.20,4.19,4.20,4.20,33.69,0.0,28,28,0.0,0,14,-1024,0,0,667,744,0,0,-1,0,0,-1,-1,-1,-1,-1,-1,0,0,
2026-03-25,17:42:10.820,7.51,100,100,100,-0.035,-3.50,61,0,8.22,-0.023,1.036,-0.10,64,0,172.06,-8.18,10,0.10,4.20,4.20,4.19,4.20,4.20,4.19,4.20,4.20,33.69,0.0,28,28,0.0,0,15,-1024,0,0,667,744,0,0,-1,0,0,-1,-1,-1,-1,-1,-1,0,0,
2026-03-25,17:42:11.080,7.51,100,100,100,-0.116,-3.52,60,0,8.25,-0.173,0.936,-0.10,67,0,172.16,-8.39,10,0.10,4.20,4.20,4.20,4.20,4.20,4.19,4.20,4.20,33.69,0.0,28,28,0.0,0,15,-1024,0,0,667,743,0,0,-1,0,0,-1,-1,-1,-1,-1,-1,0,0,
2026-03-25,17:42:11.350,7.51,100,100,100,-0.129,-3.55,60,0,8.22,-0.146,0.969,-0.09,67,0,172.18,-8.45,10,0.10,4.20,4.20,4.20,4.20,4.20,4.19,4.20,4.20,33.69,0.0,28,28,0.0,0,15,-1024,0,0,667,743,0,0,-1,0,0,-1,-1,-1,-1,-1,-1,0,0,
2026-03-25,17:42:11.610,7.51,100,100,100,-0.153,-3.50,61,0,8.20,-0.121,0.976,0.05,67,0,172.18,-8.51,10,0.10,4.20,4.20,4.20,4.20,4.20,4.19,4.20,4.20,33.69,0.0,28,28,0.0,0,14,-1023,0,0,667,735,0,0,-1,0,0,-1,-1,-1,-1,-1,-1,0,0,
2026-03-25,17:42:11.870,7.51,100,100,100,-0.136,-3.47,61,0,8.25,-0.129,0.976,0.08,66,0,172.17,-8.60,10,0.10,4.20,4.20,4.20,4.20,4.20,4.19,4.20,4.20,33.69,0.0,28,28,0.0,0,14,-1024,0,0,667,728,0,0,-1,0,0,-1,-1,-1,-1,-1,-1,0,0,
2026-03-25,17:42:12.140,7.51,100,100,100,-0.135,-3.49,61,0,8.23,-0.130,0.975,0.00,66,0,172.16,-8.65,10,0.10,4.20,4.20,4.20,4.20,4.20,4.19,4.20,4.20,33.69,0.0,28,28,0.0,0,14,-1023,0,0,667,728,0,0,-1,0,0,-1,-1,-1,-1,-1,-1,0,0,
2026-03-25,17:42:12.400,7.51,100,100,100,-0.133,-3.48,60,0,8.25,-0.130,0.975,0.01,66,0,172.15,-8.72,10,0.10,4.20,4.20,4.20,4.20,4.20,4.19,4.20,4.20,33.69,0.0,28,28,0.0,0,14,-1024,0,0,667,730,0,0,-1,0,0,-1,-1,-1,-1,-1,-1,0,0,
2026-03-25,17:42:12.670,7.51,100,100,100,-0.127,-3.49,60,0,8.27,-0.134,0.974,0.00,66,0,172.15,-8.76,10,0.10,4.20,4.20,4.20,4.20,4.20,4.19,4.20,4.20,33.69,0.0,28,28,0.0,0,14,-1023,0,0,667,730,0,0,-1,0,0,-1,-1,-1,-1,-1,-1,0,0,
2026-03-25,17:42:12.930,7.51,100,100,100,-0.127,-3.52,60,0,8.27,-0.131,0.975,-0.07,64,0,172.15,-8.82,10,0.10,4.20,4.20,4.20,4.20,4.20,4.19,4.20,4.19,33.69,0.0,28,28,0.0,0,14,-1024,0,0,667,730,0,0,-1,0,0,-1,-1,-1,-1,-1,-1,0,0,
2026-03-25,17:42:13.200,7.51,100,100,100,-0.125,-3.45,59,0,8.28,-0.135,0.973,0.10,60,0,172.14,-8.87,10,0.10,4.20,4.20,4.20,4.20,4.20,4.19,4.20,4.19,33.69,0.0,28,28,0.0,0,14,-1024,0,0,667,730,0,0,-1,0,0,-1,-1,-1,-1,-1,-1,0,0,
2026-03-25,17:42:13.480,7.51,99,100,100,-0.125,-3.49,58,0,8.26,-0.132,0.974,-0.08,61,0,172.14,-8.89,10,0.10,4.20,4.20,4.19,4.20,4.20,4.19,4.20,4.19,33.69,0.0,28,28,0.0,0,14,-1024,0,0,667,731,0,0,-1,0,0,-1,-1,-1,-1,-1,-1,0,0,
2026-03-25,17:42:13.750,7.51,99,100,100,-0.124,-3.50,58,0,8.25,-0.134,0.974,-0.07,61,0,172.14,-8.93,10,0.10,4.20,4.20,4.19,4.20,4.20,4.19,4.20,4.19,33.69,0.0,28,28,0.0,0,15,-1024,0,0,667,731,0,0,-1,0,0,-1,-1,-1,-1,-1,-1,0,0,
2026-03-25,17:42:14.010,7.51,99,100,100,-0.124,-3.50,58,0,8.20,-0.134,0.974,-0.02,62,0,172.14,-8.96,10,0.10,4.20,4.20,4.19,4.20,4.20,4.19,4.21,4.19,33.69,0.0,28,28,0.0,0,15,-1024,0,0,667,731,0,0,-1,0,0,-1,-1,-1,-1,-1,-1,0,0,
2026-03-25,17:42:14.280,7.51,99,100,100,-0.124,-3.51,58,0,8.21,-0.134,0.974,-0.01,63,0,172.14,-8.98,10,0.10,4.20,4.20,4.19,4.20,4.20,4.19,4.21,4.19,33.69,0.0,28,28,0.0,0,14,-1024,0,0,667,731,0,0,-1,0,0,-1,-1,-1,-1,-1,-1,0,0,
2026-03-25,17:42:14.540,7.51,99,100,100,-0.124,-3.57,58,0,8.24,-0.134,0.974,-0.12,64,0,172.13,-9.01,10,0.10,4.20,4.20,4.19,4.20,4.20,4.19,4.21,4.19,33.69,0.0,28,28,0.0,0,14,-1024,0,0,667,731,0,0,-1,0,0,-1,-1,-1,-1,-1,-1,0,0,
2026-03-25,17:42:14.800,7.51,98,100,100,-0.124,-3.54,58,0,8.25,-0.134,0.974,0.00,64,0,172.13,-9.02,10,0.10,4.20,4.20,4.19,4.20,4.20,4.19,4.21,4.19,33.69,0.0,28,28,0.0,0,15,-1024,0,0,667,731,0,0,-1,0,0,-1,-1,-1,-1,-1,-1,0,0,
2026-03-25,17:42:15.070,7.51,99,100,100,-0.124,-3.51,58,0,8.26,-0.134,0.974,0.06,65,0,172.13,-9.04,10,0.10,4.20,4.20,4.19,4.20,4.20,4.19,4.21,4.19,33.69,0.0,28,28,0.0,0,15,-1024,0,0,667,731,0,0,-1,0,0,-1,-1,-1,-1,-1,-1,0,0,
2026-03-25,17:42:15.330,7.51,99,100,100,-0.124,-3.44,58,0,8.27,-0.134,0.974,0.15,65,0,172.13,-9.05,10,0.10,4.20,4.20,4.19,4.20,4.20,4.19,4.20,4.19,33.69,0.0,28,28,0.0,0,14,-1024,0,0,667,731,0,0,-1,0,0,-1,-1,-1,-1,-1,-1,0,0,
2026-03-25,17:42:15.600,7.51,100,100,100,-0.123,-3.44,58,0,8.28,-0.134,0.974,0.09,65,0,172.13,-9.06,10,0.10,4.20,4.20,4.19,4.20,4.20,4.19,4.20,4.19,33.69,0.0,28,28,0.0,0,14,-1024,0,0,667,731,0,0,-1,0,0,-1,-1,-1,-1,-1,-1,0,0,
2026-03-25,17:42:15.860,7.51,100,100,100,-0.124,-3.43,58,0,8.28,-0.134,0.974,0.06,64,0,172.13,-9.08,10,0.10,4.20,4.20,4.20,4.20,4.20,4.19,4.20,4.19,33.69,0.0,28,28,0.0,0,15,-1024,0,0,667,731,0,0,-1,0,0,-1,-1,-1,-1,-1,-1,0,0,
2026-03-25,17:42:16.120,7.51,100,100,100,-0.124,-3.45,58,0,8.26,-0.134,0.974,-0.03,65,0,172.13,-9.08,10,0.10,4.20,4.20,4.20,4.20,4.20,4.19,4.20,4.19,33.69,0.0,28,28,0.0,0,14,-1024,0,0,667,731,0,0,-1,0,0,-1,-1,-1,-1,-1,-1,0,0,
2026-03-25,17:42:16.390,7.51,99,100,100,-0.123,-3.48,58,0,8.25,-0.134,0.974,-0.04,65,0,172.13,-9.09,10,0.10,4.20,4.20,4.20,4.20,4.20,4.19,4.20,4.20,33.69,0.0,28,28,0.0,0,14,-1024,0,0,667,731,0,0,-1,0,0,-1,-1,-1,-1,-1,-1,0,0,
2026-03-25,17:42:16.650,7.51,98,100,100,-0.124,-3.49,58,0,8.22,-0.134,0.973,-0.06,64,0,172.13,-9.09,10,0.10,4.20,4.20,4.20,4.20,4.20,4.19,4.20,4.20,33.69,0.0,28,28,0.0,0,15,-1024,0,0,667,731,0,0,-1,0,0,-1,-1,-1,-1,-1,-1,0,0,
2026-03-25,17:42:16.910,7.51,98,100,100,-0.123,-3.49,58,0,8.25,-0.135,0.974,-0.07,64,0,172.14,-9.10,10,0.10,4.20,4.20,4.20,4.20,4.20,4.19,4.20,4.20,33.69,0.0,28,28,0.0,0,14,-1024,0,0,667,731,0,0,-1,0,0,-1,-1,-1,-1,-1,-1,0,0,
2026-03-25,17:42:17.170,7.51,99,100,100,-0.124,-3.42,58,0,8.22,-0.134,0.974,0.14,64,0,172.13,-9.11,10,0.10,4.20,4.20,4.20,4.20,4.20,4.19,4.20,4.20,33.69,0.0,28,28,0.0,0,14,-1024,0,0,667,732,0,0,-1,0,0,-1,-1,-1,-1,-1,-1,0,0,
2026-03-25,17:42:17.430,7.51,99,100,100,-0.124,-3.41,58,0,8.24,-0.134,0.974,0.11,63,0,172.13,-9.11,10,0.10,4.20,4.20,4.20,4.20,4.20,4.19,4.20,4.20,33.69,0.0,28,28,0.0,0,15,-1024,0,0,667,731,0,0,-1,0,0,-1,-1,-1,-1,-1,-1,0,0,
2026-03-25,17:42:17.700,7.51,99,100,100,-0.124,-3.48,57,0,8.26,-0.135,0.974,-0.08,64,0,172.14,-9.12,10,0.10,4.20,4.20,4.20,4.20,4.20,4.19,4.20,4.20,33.69,0.0,28,28,0.0,0,15,-1024,0,0,667,731,0,0,-1,0,0,-1,-1,-1,-1,-1,-1,0,0,
2026-03-25,17:42:17.970,7.51,99,100,100,-0.124,-3.51,56,0,8.27,-0.134,0.973,-0.10,63,0,172.13,-9.12,10,0.10,4.20,4.20,4.20,4.20,4.20,4.19,4.20,4.20,33.69,0.0,28,28,0.0,0,15,-1024,0,0,667,731,0,0,-1,0,0,-1,-1,-1,-1,-1,-1,0,0,
2026-03-25,17:42:18.230,7.51,100,100,100,-0.124,-3.51,56,0,8.28,-0.135,0.974,-0.10,63,0,172.14,-9.13,10,0.10,4.20,4.20,4.20,4.20,4.20,4.19,4.20,4.20,33.69,0.0,28,28,0.0,0,15,-1024,0,0,667,731,0,0,-1,0,0,-1,-1,-1,-1,-1,-1,0,0,
2026-03-25,17:42:18.500,7.51,100,100,100,-0.123,-3.55,56,0,8.25,-0.134,0.974,-0.08,63,0,172.14,-9.13,10,0.10,4.20,4.20,4.20,4.20,4.20,4.19,4.20,4.20,33.69,0.0,28,28,0.0,0,15,-1024,0,0,667,731,0,0,-1,0,0,-1,-1,-1,-1,-1,-1,0,0,
2026-03-25,17:42:18.760,7.51,99,100,100,-0.123,-3.48,56,0,8.25,-0.134,0.974,0.12,64,0,172.14,-9.13,10,0.10,4.20,4.20,4.20,4.20,4.20,4.19,4.20,4.20,33.69,0.0,28,28,0.0,0,14,-1024,0,0,667,731,0,0,-1,0,0,-1,-1,-1,-1,-1,-1,0,0,
2026-03-25,17:42:19.040,7.51,99,100,100,-0.123,-3.51,56,0,8.24,-0.134,0.974,-0.03,65,0,172.14,-9.13,10,0.10,4.20,4.20,4.20,4.20,4.20,4.19,4.20,4.20,33.69,0.0,28,28,0.0,0,14,-1024,0,0,667,731,0,0,-1,0,0,-1,-1,-1,-1,-1,-1,0,0,
2026-03-25,17:42:19.300,7.51,99,100,100,-0.123,-3.45,56,0,8.22,-0.134,0.974,0.06,64,0,172.14,-9.14,10,0.10,4.20,4.20,4.20,4.20,4.20,4.19,4.20,4.20,33.69,0.0,28,28,0.0,0,14,-1024,0,0,667,731,0,0,-1,0,0,-1,-1,-1,-1,-1,-1,0,0,
2026-03-25,17:42:19.560,7.51,100,100,100,-0.124,-3.45,56,0,8.25,-0.134,0.973,0.05,64,0,172.14,-9.14,10,0.10,4.20,4.20,4.20,4.20,4.20,4.19,4.20,4.20,33.69,0.0,28,28,0.0,0,14,-1024,0,0,667,731,0,0,-1,0,0,-1,-1,-1,-1,-1,-1,0,0,
2026-03-25,17:42:19.820,7.51,100,100,100,-0.123,-3.46,56,0,8.27,-0.134,0.973,0.00,64,0,172.14,-9.14,10,0.10,4.20,4.20,4.20,4.20,4.20,4.19,4.20,4.20,33.69,0.0,28,28,0.0,0,15,-1024,0,0,667,731,0,0,-1,0,0,-1,-1,-1,-1,-1,-1,0,0,
2026-03-25,17:42:20.080,7.51,100,100,100,-0.124,-3.45,56,0,8.25,-0.134,0.974,0.02,64,0,172.14,-9.14,10,0.10,4.20,4.20,4.20,4.20,4.20,4.19,4.20,4.20,33.69,0.0,28,28,0.0,0,15,-1024,0,0,667,731,0,0,-1,0,0,-1,-1,-1,-1,-1,-1,0,0,
2026-03-25,17:42:20.340,7.51,100,100,100,-0.123,-3.47,56,0,8.27,-0.134,0.974,-0.04,65,0,172.14,-9.14,10,0.10,4.20,4.20,4.20,4.20,4.20,4.19,4.20,4.20,33.69,0.0,28,28,0.0,0,14,-1024,0,0,667,731,0,0,-1,0,0,-1,-1,-1,-1,-1,-1,0,0,
2026-03-25,17:42:20.610,7.51,100,100,100,-0.124,-3.43,56,0,8.27,-0.134,0.974,-0.04,65,0,172.14,-9.14,10,0.10,4.20,4.20,4.20,4.20,4.20,4.19,4.20,4.20,33.69,0.0,28,28,0.0,0,14,-1024,0,0,667,731,0,0,-1,0,0,-1,-1,-1,-1,-1,-1,0,0,
2026-03-25,17:42:20.880,7.50,100,100,100,-0.123,-3.43,56,0,8.28,-0.134,0.973,0.03,64,0,172.14,-9.14,10,0.10,4.20,4.20,4.20,4.20,4.20,4.19,4.20,4.20,33.69,0.0,28,28,0.0,0,14,-1024,0,0,667,731,0,0,-1,0,0,-1,-1,-1,-1,-1,-1,0,0,
2026-03-25,17:42:21.140,7.51,99,100,100,-0.123,-3.41,56,0,8.25,-0.134,0.974,0.04,64,0,172.14,-9.14,10,0.10,4.20,4.20,4.20,4.20,4.20,4.19,4.21,4.20,33.69,0.0,28,29,0.0,0,14,-1024,0,0,667,731,0,0,-1,0,0,-1,-1,-1,-1,-1,-1,0,0,
2026-03-25,17:42:21.400,7.50,99,100,100,-0.123,-3.45,56,0,8.20,-0.135,0.974,-0.03,64,0,172.14,-9.14,10,0.10,4.20,4.20,4.20,4.20,4.20,4.19,4.21,4.20,33.69,0.0,28,29,0.0,0,14,-1024,0,0,667,730,0,0,-1,0,0,-1,-1,-1,-1,-1,-1,0,0,
2026-03-25,17:42:21.660,7.51,98,100,100,-0.123,-3.40,56,0,8.19,-0.134,0.974,0.05,64,0,172.14,-9.14,10,0.10,4.20,4.20,4.20,4.20,4.20,4.19,4.21,4.20,33.69,0.0,28,29,0.0,0,14,-1024,0,0,667,731,0,0,-1,0,0,-1,-1,-1,-1,-1,-1,0,0,
2026-03-25,17:42:21.920,7.51,99,100,100,-0.123,-3.40,56,0,8.18,-0.134,0.974,0.01,64,0,172.14,-9.14,10,0.10,4.20,4.20,4.20,4.20,4.20,4.19,4.21,4.20,33.69,0.0,28,29,0.0,0,14,-1024,0,0,667,731,0,0,-1,0,0,-1,-1,-1,-1,-1,-1,0,0,
2026-03-25,17:42:22.190,7.51,98,100,100,-0.124,-3.46,56,0,8.19,-0.134,0.974,-0.09,63,0,172.14,-9.14,10,0.10,4.20,4.20,4.20,4.20,4.20,4.19,4.21,4.20,33.69,0.0,28,29,0.0,0,14,-1024,0,0,667,731,0,0,-1,0,0,-1,-1,-1,-1,-1,-1,0,0,
2026-03-25,17:42:22.450,7.51,99,100,100,-0.123,-3.46,55,0,8.20,-0.135,0.974,-0.04,62,0,172.14,-9.14,10,0.10,4.20,4.20,4.20,4.20,4.20,4.19,4.21,4.20,33.69,0.0,28,29,0.0,0,14,-1024,0,0,667,731,0,0,-1,0,0,-1,-1,-1,-1,-1,-1,0,0,
2026-03-25,17:42:22.710,7.50,98,100,100,-0.123,-3.43,54,0,8.23,-0.135,0.974,0.05,62,0,172.14,-9.14,10,0.10,4.20,4.20,4.20,4.20,4.20,4.19,4.21,4.20,33.69,0.0,28,29,0.0,0,14,-1024,0,0,667,731,0,0,-1,0,0,-1,-1,-1,-1,-1,-1,0,0,
2026-03-25,17:42:22.970,7.51,99,100,100,-0.123,-3.40,54,0,8.22,-0.134,0.974,0.08,63,0,172.14,-9.15,10,0.10,4.20,4.20,4.19,4.20,4.20,4.19,4.21,4.20,33.69,0.0,28,29,0.0,0,14,-1024,0,0,667,730,0,0,-1,0,0,-1,-1,-1,-1,-1,-1,0,0,
2026-03-25,17:42:23.230,7.51,98,100,100,-0.123,-3.45,54,0,8.22,-0.134,0.973,-0.01,63,0,172.14,-9.14,10,0.10,4.20,4.20,4.19,4.20,4.20,4.19,4.21,4.20,33.69,0.0,28,29,0.0,0,14,-1024,0,0,667,731,0,0,-1,0,0,-1,-1,-1,-1,-1,-1,0,0,
2026-03-25,17:42:23.500,7.51,97,100,100,-0.123,-3.50,54,0,8.22,-0.134,0.974,-0.18,63,0,172.14,-9.14,10,0.10,4.20,4.20,4.19,4.20,4.20,4.19,4.20,4.20,33.69,0.0,28,29,0.0,0,14,-1024,0,0,667,731,0,0,-1,0,0,-1,-1,-1,-1,-1,-1,0,0,
2026-03-25,17:42:23.760,7.51,97,100,100,-0.123,-3.48,54,0,8.21,-0.135,0.974,-0.01,63,0,172.14,-9.14,10,0.10,4.20,4.20,4.19,4.20,4.20,4.19,4.20,4.20,33.69,0.0,28,29,0.0,0,15,-1024,0,0,667,731,0,0,-1,0,0,-1,-1,-1,-1,-1,-1,0,0,
2026-03-25,17:42:24.030,7.51,98,100,100,-0.123,-3.45,54,0,8.19,-0.134,0.974,0.07,64,0,172.14,-9.14,10,0.10,4.20,4.20,4.19,4.20,4.20,4.19,4.20,4.20,33.69,0.0,28,29,0.0,0,14,-1024,0,0,667,731,0,0,-1,0,0,-1,-1,-1,-1,-1,-1,0,0,
2026-03-25,17:42:24.290,7.51,100,100,100,-0.124,-3.51,54,0,8.21,-0.134,0.974,-0.12,64,0,172.14,-9.15,10,0.10,4.20,4.20,4.20,4.20,4.20,4.19,4.20,4.20,33.69,0.0,28,29,0.0,0,15,-1024,0,0,667,730,0,0,-1,0,0,-1,-1,-1,-1,-1,-1,0,0,
2026-03-25,17:42:24.550,7.51,99,100,100,-0.123,-3.51,54,0,8.20,-0.134,0.974,-0.03,64,0,172.14,-9.14,10,0.10,4.20,4.20,4.20,4.20,4.20,4.19,4.20,4.20,33.69,0.0,28,29,0.0,0,15,-1024,0,0,667,731,0,0,-1,0,0,-1,-1,-1,-1,-1,-1,0,0,
2026-03-25,17:42:24.810,7.51,99,100,100,-0.123,-3.46,54,0,8.22,-0.134,0.974,0.08,65,0,172.14,-9.15,10,0.10,4.20,4.20,4.20,4.20,4.20,4.19,4.20,4.20,33.69,0.0,28,29,0.0,0,15,-1024,0,0,667,731,0,0,-1,0,0,-1,-1,-1,-1,-1,-1,0,0,
2026-03-25,17:42:25.080,7.51,98,100,100,-0.123,-3.46,54,0,8.22,-0.135,0.974,0.05,64,0,172.14,-9.15,10,0.10,4.20,4.20,4.20,4.20,4.20,4.19,4.20,4.20,33.69,0.0,28,29,0.0,0,14,-1024,0,0,667,731,0,0,-1,0,0,-1,-1,-1,-1,-1,-1,0,0,
2026-03-25,17:42:25.340,7.51,98,100,100,-0.123,-3.48,54,0,8.24,-0.134,0.974,-0.02,64,0,172.14,-9.15,10,0.10,4.20,4.20,4.20,4.20,4.20,4.19,4.20,4.20,33.69,0.0,28,29,0.0,0,14,-1024,0,0,666,731,0,0,-1,0,0,-1,-1,-1,-1,-1,-1,0,0,
2026-03-25,17:42:25.610,7.51,96,100,100,-0.124,-3.47,54,0,8.21,-0.135,0.974,0.01,65,0,172.14,-9.15,10,0.10,4.20,4.20,4.20,4.20,4.20,4.19,4.20,4.20,33.69,0.0,28,29,0.0,0,14,-1024,0,0,667,731,0,0,-1,0,0,-1,-1,-1,-1,-1,-1,0,0,
2026-03-25,17:42:25.870,7.51,96,100,100,-0.123,-3.47,54,0,8.21,-0.134,0.974,-0.02,65,0,172.14,-9.15,10,0.10,4.20,4.20,4.20,4.20,4.20,4.19,4.20,4.20,33.69,0.0,28,29,0.0,0,15,-1024,0,0,667,731,0,0,-1,0,0,-1,-1,-1,-1,-1,-1,0,0,
2026-03-25,17:42:26.130,7.51,97,100,100,-0.123,-3.43,54,0,8.22,-0.135,0.974,0.08,64,0,172.14,-9.15,10,0.10,4.20,4.20,4.20,4.20,4.20,4.19,4.20,4.20,33.69,0.0,28,29,0.0,0,15,-1024,0,0,667,730,0,0,-1,0,0,-1,-1,-1,-1,-1,-1,0,0,
2026-03-25,17:42:26.400,7.51,98,100,100,-0.123,-3.43,54,0,8.19,-0.134,0.974,0.04,64,0,172.14,-9.15,10,0.10,4.20,4.20,4.20,4.20,4.20,4.19,4.20,4.20,33.69,0.0,28,29,0.0,0,14,-1024,0,0,666,731,0,0,-1,0,0,-1,-1,-1,-1,-1,-1,0,0,
2026-03-25,17:42:26.660,7.51,98,100,100,-0.123,-3.50,54,0,8.18,-0.135,0.974,-0.12,64,0,172.14,-9.16,10,0.10,4.20,4.20,4.19,4.20,4.20,4.19,4.20,4.20,33.69,0.0,28,29,0.0,0,14,-1024,0,0,667,730,0,0,-1,0,0,-1,-1,-1,-1,-1,-1,0,0,
2026-03-25,17:42:26.920,7.51,98,100,100,-0.123,-3.45,54,0,8.20,-0.134,0.974,0.00,63,0,172.14,-9.15,10,0.10,4.20,4.20,4.19,4.20,4.20,4.19,4.20,4.20,33.69,0.0,28,29,0.0,0,15,-1024,0,0,667,730,0,0,-1,0,0,-1,-1,-1,-1,-1,-1,0,0,
2026-03-25,17:42:27.180,7.51,98,100,100,-0.123,-3.49,54,0,8.20,-0.135,0.974,-0.02,65,0,172.14,-9.15,10,0.10,4.20,4.20,4.19,4.20,4.20,4.19,4.20,4.20,33.69,0.0,28,29,0.0,0,15,-1024,0,0,667,731,0,0,-1,0,0,-1,-1,-1,-1,-1,-1,0,0,
2026-03-25,17:42:27.450,7.51,97,100,100,-0.123,-3.57,54,0,8.22,-0.135,0.974,-0.19,64,0,172.14,-9.15,10,0.10,4.20,4.20,4.19,4.20,4.20,4.19,4.20,4.20,33.69,0.0,28,29,0.0,0,14,-1024,0,0,667,731,0,0,-1,0,0,-1,-1,-1,-1,-1,-1,0,0,
2026-03-25,17:42:27.710,7.51,97,100,100,-0.123,-3.51,54,0,8.22,-0.135,0.974,-0.19,64,0,172.14,-9.16,10,0.10,4.20,4.20,4.19,4.20,4.20,4.19,4.20,4.20,33.69,0.0,28,29,0.0,0,15,-1024,0,0,667,731,0,0,-1,0,0,-1,-1,-1,-1,-1,-1,0,0,
2026-03-25,17:42:27.970,7.51,97,100,100,-0.123,-3.51,54,0,8.20,-0.134,0.974,0.02,64,0,172.14,-9.16,10,0.10,4.20,4.20,4.19,4.20,4.20,4.19,4.20,4.20,33.69,0.0,28,29,0.0,0,14,-1024,0,0,667,731,0,0,-1,0,0,-1,-1,-1,-1,-1,-1,0,0,
2026-03-25,17:42:28.240,7.51,99,100,100,-0.124,-3.45,54,0,8.18,-0.135,0.974,0.08,65,0,172.14,-9.16,10,0.10,4.20,4.20,4.19,4.20,4.20,4.19,4.20,4.20,33.69,0.0,28,29,0.0,0,15,-1024,0,0,667,731,0,0,-1,0,0,-1,-1,-1,-1,-1,-1,0,0,
2026-03-25,17:42:28.500,7.51,99,100,100,-0.123,-3.39,54,0,8.17,-0.135,0.974,0.16,64,0,172.14,-9.16,10,0.10,4.20,4.20,4.19,4.20,4.20,4.19,4.20,4.20,33.69,0.0,28,29,0.0,0,15,-1024,0,0,667,731,0,0,-1,0,0,-1,-1,-1,-1,-1,-1,0,0,
2026-03-25,17:42:28.770,7.51,98,100,100,-0.124,-3.36,54,0,8.17,-0.134,0.974,0.13,64,0,172.14,-9.16,10,0.10,4.20,4.20,4.19,4.20,4.20,4.19,4.20,4.20,33.69,0.0,28,29,0.0,0,15,-1024,0,0,667,731,0,0,-1,0,0,-1,-1,-1,-1,-1,-1,0,0,
2026-03-25,17:42:29.030,7.51,98,100,100,-0.123,-3.41,54,0,8.17,-0.135,0.974,0.00,64,0,172.14,-9.16,10,0.10,4.20,4.20,4.20,4.20,4.20,4.19,4.20,4.20,33.69,0.0,28,29,0.0,0,14,-1023,0,0,667,731,0,0,-1,0,0,-1,-1,-1,-1,-1,-1,0,0,
2026-03-25,17:42:29.300,7.51,97,100,100,-0.123,-3.41,54,0,8.20,-0.135,0.974,-0.05,63,0,172.14,-9.16,10,0.10,4.20,4.20,4.20,4.20,4.20,4.19,4.20,4.20,33.69,0.0,28,29,0.0,0,15,-1024,0,0,667,731,0,0,-1,0,0,-1,-1,-1,-1,-1,-1,0,0,
2026-03-25,17:42:29.560,7.51,96,100,100,-0.123,-3.44,54,0,8.19,-0.134,0.974,-0.08,64,0,172.14,-9.16,10,0.10,4.20,4.20,4.20,4.20,4.20,4.19,4.21,4.20,33.69,0.0,28,29,0.0,0,15,-1023,0,0,667,731,0,0,-1,0,0,-1,-1,-1,-1,-1,-1,0,0,
2026-03-25,17:42:29.820,7.51,93,100,100,-0.123,-3.48,54,0,8.18,-0.134,0.974,-0.08,64,0,172.14,-9.16,10,0.10,4.20,4.20,4.20,4.20,4.20,4.19,4.21,4.20,33.69,0.0,28,29,0.0,0,15,-1024,0,0,667,731,0,0,-1,0,0,-1,-1,-1,-1,-1,-1,0,0,
2026-03-25,17:42:30.080,7.51,94,100,100,-0.123,-3.45,54,0,8.17,-0.134,0.974,-0.01,64,0,172.14,-9.16,10,0.10,4.20,4.20,4.20,4.20,4.20,4.19,4.21,4.20,33.69,0.0,28,29,0.0,0,14,-1024,0,0,667,731,0,0,-1,0,0,-1,-1,-1,-1,-1,-1,0,0,
2026-03-25,17:42:30.350,7.51,92,100,100,-0.123,-3.43,54,0,8.22,-0.134,0.973,0.03,63,0,172.14,-9.16,10,0.10,4.20,4.20,4.20,4.20,4.20,4.19,4.21,4.20,33.69,0.0,28,29,0.0,0,15,-1024,0,0,667,731,0,0,-1,0,0,-1,-1,-1,-1,-1,-1,0,0,
2026-03-25,17:42:30.610,7.51,94,100,100,-0.123,-3.39,54,0,8.20,-0.134,0.973,0.09,64,0,172.14,-9.16,10,0.10,4.20,4.20,4.20,4.20,4.20,4.19,4.21,4.20,33.69,0.0,28,29,0.0,0,15,-1024,0,0,667,730,0,0,-1,0,0,-1,-1,-1,-1,-1,-1,0,0,
2026-03-25,17:42:30.870,7.51,93,100,100,-0.123,-3.40,54,0,8.18,-0.135,0.974,0.02,64,0,172.14,-9.16,10,0.10,4.20,4.20,4.20,4.20,4.20,4.19,4.20,4.20,33.69,0.0,28,29,0.0,0,15,-1023,0,0,667,731,0,0,-1,0,0,-1,-1,-1,-1,-1,-1,0,0,
2026-03-25,17:42:31.130,7.51,97,100,100,-0.123,-3.38,54,0,8.17,-0.134,0.974,0.06,64,0,172.14,-9.16,10,0.10,4.20,4.20,4.20,4.20,4.20,4.19,4.20,4.20,33.69,0.0,28,29,0.0,0,14,-1024,0,0,667,731,0,0,-1,0,0,-1,-1,-1,-1,-1,-1,0,0,
2026-03-25,17:42:31.390,7.51,98,100,100,-0.123,-3.42,54,0,8.17,-0.135,0.974,-0.04,63,0,172.14,-9.16,10,0.10,4.20,4.20,4.19,4.20,4.20,4.19,4.20,4.20,33.69,0.0,28,29,0.0,0,15,-1024,0,0,667,731,0,0,-1,0,0,-1,-1,-1,-1,-1,-1,0,0,
2026-03-25,17:42:31.660,7.51,100,100,100,-0.123,-3.40,54,0,8.17,-0.134,0.974,0.00,63,0,172.14,-9.15,10,0.10,4.20,4.20,4.19,4.20,4.20,4.19,4.20,4.20,33.69,0.0,28,29,0.0,0,15,-1024,0,0,667,730,0,0,-1,0,0,-1,-1,-1,-1,-1,-1,0,0,
2026-03-25,17:42:31.920,7.51,99,100,100,-0.124,-3.44,54,0,8.17,-0.135,0.974,-0.01,62,0,172.14,-9.15,10,0.10,4.20,4.20,4.19,4.20,4.20,4.19,4.20,4.20,33.69,0.0,28,29,0.0,0,14,-1024,0,0,667,731,0,0,-1,0,0,-1,-1,-1,-1,-1,-1,0,0,
2026-03-25,17:42:32.190,7.51,98,100,100,-0.123,-3.47,54,0,8.17,-0.134,0.974,-0.10,62,0,172.14,-9.15,10,0.10,4.20,4.20,4.19,4.20,4.20,4.19,4.20,4.20,33.69,0.0,28,29,0.0,0,14,-1024,0,0,667,731,0,0,-1,0,0,-1,-1,-1,-1,-1,-1,0,0,
2026-03-25,17:42:32.460,7.51,98,100,100,-0.123,-3.47,54,0,8.19,-0.134,0.974,-0.02,60,0,172.14,-9.16,10,0.10,4.20,4.20,4.19,4.20,4.20,4.19,4.20,4.20,33.69,0.0,28,29,0.0,0,14,-1024,0,0,667,730,0,0,-1,0,0,-1,-1,-1,-1,-1,-1,0,0,
2026-03-25,17:42:32.730,7.50,99,100,100,-0.123,-3.45,54,0,8.20,-0.134,0.974,0.01,60,0,172.14,-9.15,10,0.10,4.20,4.20,4.20,4.20,4.20,4.19,4.20,4.20,33.69,0.0,28,29,0.0,0,14,-1024,0,0,667,730,0,0,-1,0,0,-1,-1,-1,-1,-1,-1,0,0,
2026-03-25,17:42:32.990,7.51,99,100,100,-0.123,-3.45,54,0,8.23,-0.135,0.974,0.02,60,0,172.14,-9.15,10,0.10,4.20,4.20,4.20,4.20,4.20,4.19,4.20,4.20,33.69,0.0,28,29,0.0,0,13,-1023,0,0,667,714,0,0,-1,0,0,-1,-1,-1,-1,-1,-1,0,0,
2026-03-25,17:42:33.260,7.51,99,100,100,-0.123,-3.45,54,0,8.20,-0.135,0.974,-0.03,62,0,172.14,-9.15,10,0.10,4.20,4.20,4.20,4.20,4.20,4.19,4.20,4.20,33.69,0.0,28,29,0.0,0,14,-1024,0,0,667,712,0,0,-1,0,0,-1,-1,-1,-1,-1,-1,0,0,
2026-03-25,17:42:33.520,7.50,99,100,100,-0.123,-3.41,55,0,8.21,-0.134,0.974,0.08,63,0,172.14,-9.15,10,0.10,4.20,4.20,4.20,4.20,4.20,4.19,4.20,4.20,33.69,0.0,28,29,0.0,0,14,-1024,0,0,667,713,0,0,-1,0,0,-1,-1,-1,-1,-1,-1,0,0,
2026-03-25,17:42:33.790,7.51,100,100,100,-0.123,-3.42,58,0,8.19,-0.134,0.974,0.04,62,0,172.15,-9.15,10,0.10,4.20,4.20,4.20,4.20,4.20,4.19,4.20,4.20,33.69,0.0,28,29,0.0,0,15,-1024,0,0,667,714,0,0,-1,0,0,-1,-1,-1,-1,-1,-1,0,0,
2026-03-25,17:42:34.050,7.51,100,100,100,-0.124,-3.42,59,0,8.18,-0.135,0.974,0.00,60,0,172.15,-9.15,10,0.10,4.20,4.20,4.20,4.20,4.20,4.19,4.20,4.20,33.69,0.0,28,29,0.0,0,17,-1024,0,0,667,714,0,0,-1,0,0,-1,-1,-1,-1,-1,-1,0,0,
2026-03-25,17:42:34.310,7.51,100,100,100,-0.123,-3.49,58,0,8.17,-0.135,0.973,-0.15,58,0,172.14,-9.15,10,0.10,4.20,4.20,4.20,4.20,4.20,4.19,4.20,4.20,33.69,0.0,28,29,0.0,0,16,-1024,0,0,667,714,0,0,-1,0,0,-1,-1,-1,-1,-1,-1,0,0,
2026-03-25,17:42:34.580,7.51,99,100,100,-0.123,-3.50,56,0,8.17,-0.134,0.974,-0.11,56,0,172.15,-9.15,10,0.10,4.20,4.20,4.20,4.20,4.20,4.19,4.20,4.20,33.69,0.0,28,29,0.0,0,15,-1024,0,0,667,714,0,0,-1,0,0,-1,-1,-1,-1,-1,-1,0,0,
2026-03-25,17:42:34.840,7.50,99,100,100,-0.123,-3.46,55,0,8.17,-0.135,0.974,0.01,55,0,172.15,-9.15,10,0.10,4.20,4.20,4.20,4.20,4.20,4.19,4.20,4.20,33.69,0.0,28,29,0.0,0,15,-1024,0,0,667,714,0,0,-1,0,0,-1,-1,-1,-1,-1,-1,0,0,
2026-03-25,17:42:35.110,7.51,99,100,100,-0.123,-3.47,54,0,8.17,-0.135,0.974,0.00,56,0,172.15,-9.15,10,0.10,4.20,4.20,4.20,4.20,4.20,4.19,4.20,4.20,33.69,0.0,28,29,0.0,0,15,-1024,0,0,667,714,0,0,-1,0,0,-1,-1,-1,-1,-1,-1,0,0,
2026-03-25,17:42:35.380,7.50,100,100,100,-0.124,-3.45,54,0,8.17,-0.135,0.974,0.06,57,0,172.15,-9.15,10,0.10,4.20,4.20,4.20,4.20,4.20,4.19,4.20,4.20,33.69,0.0,28,29,0.0,0,14,-1024,0,0,667,714,0,0,-1,0,0,-1,-1,-1,-1,-1,-1,0,0,
2026-03-25,17:42:35.640,7.50,100,100,100,-0.123,-3.44,54,0,8.19,-0.135,0.974,0.02,57,0,172.15,-9.16,10,0.10,4.20,4.20,4.20,4.20,4.20,4.19,4.21,4.20,33.69,0.0,28,29,0.0,0,15,-1024,0,0,667,714,0,0,-1,0,0,-1,-1,-1,-1,-1,-1,0,0,
2026-03-25,17:42:35.900,7.51,99,100,100,-0.124,-3.43,54,0,8.18,-0.135,0.973,0.02,59,0,172.15,-9.16,10,0.10,4.20,4.20,4.20,4.20,4.20,4.19,4.21,4.20,33.69,0.0,28,29,0.0,0,15,-1024,0,0,667,713,0,0,-1,0,0,-1,-1,-1,-1,-1,-1,0,0,
2026-03-25,17:42:36.160,7.51,99,100,100,-0.123,-3.43,53,0,8.17,-0.135,0.974,0.01,60,0,172.15,-9.16,10,0.10,4.20,4.20,4.19,4.20,4.20,4.19,4.21,4.20,33.69,0.0,28,29,0.0,0,15,-1024,0,0,667,714,0,0,-1,0,0,-1,-1,-1,-1,-1,-1,0,0,
2026-03-25,17:42:36.430,7.51,98,100,100,-0.123,-3.43,54,0,8.17,-0.135,0.974,0.01,60,0,172.15,-9.16,10,0.10,4.20,4.20,4.19,4.20,4.20,4.19,4.21,4.20,33.69,0.0,28,29,0.0,0,15,-1024,0,0,666,714,0,0,-1,0,0,-1,-1,-1,-1,-1,-1,0,0,
2026-03-25,17:42:36.690,7.51,99,100,100,-0.123,-3.43,54,0,8.17,-0.135,0.974,0.04,61,0,172.15,-9.16,10,0.10,4.20,4.20,4.19,4.20,4.20,4.19,4.21,4.20,33.69,0.0,28,29,0.0,0,14,-1024,0,0,667,714,0,0,-1,0,0,-1,-1,-1,-1,-1,-1,0,0,
2026-03-25,17:42:36.950,7.51,98,100,100,-0.123,-3.48,54,0,8.17,-0.134,0.974,-0.11,61,0,172.15,-9.16,10,0.10,4.20,4.20,4.19,4.20,4.20,4.19,4.21,4.20,33.69,0.0,28,29,0.0,0,14,-1024,0,0,667,714,0,0,-1,0,0,-1,-1,-1,-1,-1,-1,0,0,
2026-03-25,17:42:37.210,7.51,99,100,100,-0.123,-3.51,54,0,8.17,-0.135,0.975,-0.07,61,0,172.15,-9.16,10,0.10,4.20,4.20,4.19,4.20,4.20,4.19,4.21,4.20,33.69,0.0,28,29,0.0,0,14,-1024,0,0,667,714,0,0,-1,0,0,-1,-1,-1,-1,-1,-1,0,0,
2026-03-25,17:42:37.470,7.51,98,100,100,-0.123,-3.51,54,0,8.17,-0.134,0.974,0.00,62,0,172.15,-9.16,10,0.10,4.20,4.20,4.19,4.20,4.20,4.19,4.21,4.20,33.69,0.0,28,29,0.0,0,15,-1024,0,0,667,714,0,0,-1,0,0,-1,-1,-1,-1,-1,-1,0,0,
2026-03-25,17:42:37.740,7.51,98,100,100,-0.123,-3.50,54,0,8.17,-0.135,0.974,-0.01,63,0,172.15,-9.16,10,0.10,4.20,4.20,4.19,4.20,4.20,4.19,4.21,4.20,33.69,0.0,28,29,0.0,0,15,-1024,0,0,667,714,0,0,-1,0,0,-1,-1,-1,-1,-1,-1,0,0,
2026-03-25,17:42:38.010,7.51,98,100,100,-0.124,-3.48,54,0,8.19,-0.134,0.974,0.03,64,0,172.15,-9.16,10,0.10,4.20,4.20,4.19,4.20,4.20,4.19,4.21,4.20,33.69,0.0,28,29,0.0,0,15,-1023,0,0,667,714,0,0,-1,0,0,-1,-1,-1,-1,-1,-1,0,0,
2026-03-25,17:42:38.280,7.51,96,100,100,-0.123,-3.44,54,0,8.18,-0.134,0.974,0.09,64,0,172.15,-9.16,10,0.10,4.20,4.20,4.19,4.20,4.20,4.19,4.21,4.20,33.69,0.0,28,29,0.0,0,14,-1024,0,0,667,714,0,0,-1,0,0,-1,-1,-1,-1,-1,-1,0,0,
2026-03-25,17:42:38.540,7.51,96,100,100,-0.123,-3.41,54,0,8.18,-0.134,0.974,0.10,64,0,172.15,-9.16,10,0.10,4.20,4.20,4.19,4.20,4.20,4.19,4.21,4.20,33.69,0.0,28,29,0.0,0,14,-1023,0,0,667,713,0,0,-1,0,0,-1,-1,-1,-1,-1,-1,0,0,
2026-03-25,17:42:38.800,7.51,96,100,100,-0.124,-3.44,54,0,8.17,-0.134,0.973,0.00,64,0,172.15,-9.16,10,0.10,4.20,4.20,4.19,4.20,4.20,4.19,4.21,4.20,33.69,0.0,28,29,0.0,0,15,-1024,0,0,667,713,0,0,-1,0,0,-1,-1,-1,-1,-1,-1,0,0,
2026-03-25,17:42:39.060,7.51,98,100,100,-0.123,-3.43,54,0,8.17,-0.134,0.973,-0.01,64,0,172.15,-9.16,10,0.10,4.20,4.20,4.19,4.20,4.20,4.19,4.21,4.20,33.69,0.0,28,29,0.0,0,14,-1024,0,0,667,714,0,0,-1,0,0,-1,-1,-1,-1,-1,-1,0,0,
2026-03-25,17:42:39.320,7.51,100,100,100,-0.123,-3.41,54,0,8.17,-0.135,0.974,0.07,64,0,172.15,-9.16,10,0.10,4.20,4.20,4.19,4.20,4.20,4.19,4.20,4.20,33.69,0.0,28,29,0.0,0,14,-1023,0,0,667,714,0,0,-1,0,0,-1,-1,-1,-1,-1,-1,0,0,
2026-03-25,17:42:39.590,7.51,98,100,100,-0.124,-3.45,54,0,8.17,-0.134,0.974,-0.07,64,0,172.15,-9.16,10,0.10,4.20,4.20,4.19,4.20,4.20,4.19,4.20,4.20,33.69,0.0,28,29,0.0,0,14,-1024,0,0,667,714,0,0,-1,0,0,-1,-1,-1,-1,-1,-1,0,0,
2026-03-25,17:42:39.850,7.51,98,100,100,-0.123,-3.51,54,0,8.17,-0.134,0.974,-0.07,64,0,172.15,-9.16,10,0.10,4.20,4.20,4.20,4.20,4.20,4.19,4.20,4.20,33.69,0.0,28,29,0.0,0,15,-1024,0,0,667,714,0,0,-1,0,0,-1,-1,-1,-1,-1,-1,0,0,
2026-03-25,17:42:40.110,7.51,97,100,100,-0.123,-3.49,54,0,8.17,-0.135,0.973,-0.03,64,0,172.15,-9.16,10,0.10,4.20,4.20,4.20,4.20,4.20,4.19,4.20,4.20,33.69,0.0,28,29,0.0,0,15,-1024,0,0,667,714,0,0,-1,0,0,-1,-1,-1,-1,-1,-1,0,0,
2026-03-25,17:42:40.380,7.51,99,100,100,-0.123,-3.41,54,0,8.17,-0.135,0.974,0.19,63,0,172.15,-9.16,10,0.10,4.20,4.20,4.20,4.20,4.20,4.19,4.21,4.20,33.69,0.0,28,29,0.0,0,14,-1024,0,0,667,714,0,0,-1,0,0,-1,-1,-1,-1,-1,-1,0,0,
2026-03-25,17:42:40.640,7.51,99,100,100,-0.123,-3.41,54,0,8.19,-0.134,0.973,0.08,63,0,172.15,-9.16,10,0.10,4.20,4.20,4.20,4.20,4.20,4.19,4.21,4.20,33.69,0.0,28,29,0.0,0,14,-1024,0,0,667,714,0,0,-1,0,0,-1,-1,-1,-1,-1,-1,0,0,
2026-03-25,17:42:40.910,7.51,100,100,100,-0.123,-3.42,54,0,8.18,-0.135,0.974,0.04,64,0,172.15,-9.16,10,0.10,4.20,4.20,4.20,4.20,4.20,4.19,4.21,4.20,33.69,0.0,28,29,0.0,0,14,-1024,0,0,667,714,0,0,-1,0,0,-1,-1,-1,-1,-1,-1,0,0,
2026-03-25,17:42:41.180,7.51,100,100,100,-0.123,-3.44,54,0,8.17,-0.135,0.974,-0.06,64,0,172.15,-9.16,10,0.10,4.20,4.20,4.20,4.20,4.20,4.19,4.21,4.20,33.69,0.0,28,29,0.0,0,14,-1023,0,0,667,714,0,0,-1,0,0,-1,-1,-1,-1,-1,-1,0,0,
2026-03-25,17:42:41.440,7.51,99,100,100,-0.123,-3.46,54,0,8.17,-0.134,0.973,-0.04,64,0,172.15,-9.16,10,0.10,4.20,4.20,4.20,4.20,4.20,4.19,4.21,4.20,33.69,0.0,28,29,0.0,0,14,-1024,0,0,667,714,0,0,-1,0,0,-1,-1,-1,-1,-1,-1,0,0,
2026-03-25,17:42:41.710,7.51,99,100,100,-0.122,-3.49,54,0,8.17,-0.135,0.974,-0.09,64,0,172.15,-9.16,10,0.10,4.20,4.20,4.20,4.20,4.20,4.19,4.20,4.20,33.69,0.0,28,29,0.0,0,14,-1024,0,0,667,714,0,0,-1,0,0,-1,-1,-1,-1,-1,-1,0,0,
2026-03-25,17:42:41.970,7.51,99,100,100,-0.123,-3.55,54,0,8.17,-0.134,0.974,-0.13,64,0,172.15,-9.16,10,0.10,4.20,4.20,4.20,4.20,4.20,4.19,4.20,4.20,33.69,0.0,28,29,0.0,0,14,-1024,0,0,667,714,0,0,-1,0,0,-1,-1,-1,-1,-1,-1,0,0,
2026-03-25,17:42:42.240,7.51,100,100,100,-0.123,-3.52,54,0,8.17,-0.134,0.974,-0.02,63,0,172.15,-9.16,10,0.10,4.20,4.20,4.20,4.20,4.20,4.19,4.20,4.20,33.69,0.0,28,29,0.0,0,15,-1024,0,0,667,714,0,0,-1,0,0,-1,-1,-1,-1,-1,-1,0,0,
2026-03-25,17:42:42.500,7.50,100,100,100,-0.123,-3.52,54,0,8.17,-0.135,0.974,0.03,63,0,172.15,-9.16,10,0.10,4.20,4.20,4.20,4.20,4.20,4.19,4.20,4.20,33.69,0.0,28,29,0.0,0,15,-1024,0,0,667,714,0,0,-1,0,0,-1,-1,-1,-1,-1,-1,0,0,
2026-03-25,17:42:42.770,7.50,99,100,100,-0.123,-3.47,54,0,8.17,-0.135,0.974,0.06,64,0,172.15,-9.16,10,0.10,4.20,4.20,4.20,4.20,4.20,4.19,4.20,4.19,33.69,0.0,28,29,0.0,0,15,-1024,0,0,667,713,0,0,-1,0,0,-1,-1,-1,-1,-1,-1,0,0,
2026-03-25,17:42:43.030,7.51,99,100,100,-0.123,-3.45,54,0,8.17,-0.135,0.974,0.01,64,0,172.15,-9.16,10,0.10,4.20,4.20,4.20,4.20,4.20,4.19,4.20,4.19,33.69,0.0,28,29,0.0,0,15,-1023,0,0,667,714,0,0,-1,0,0,-1,-1,-1,-1,-1,-1,0,0,
2026-03-25,17:42:43.290,7.51,99,100,100,-0.123,-3.44,54,0,8.17,-0.134,0.974,0.05,64,0,172.15,-9.16,10,0.10,4.20,4.20,4.20,4.20,4.20,4.19,4.20,4.19,33.69,0.0,28,29,0.0,0,15,-1024,0,0,667,714,0,0,-1,0,0,-1,-1,-1,-1,-1,-1,0,0,
2026-03-25,17:42:43.560,7.50,97,100,100,-0.124,-3.45,54,0,8.17,-0.135,0.974,-0.01,64,0,172.15,-9.16,10,0.10,4.20,4.20,4.20,4.20,4.20,4.19,4.20,4.19,33.69,0.0,28,29,0.0,0,15,-1024,0,0,667,714,0,0,-1,0,0,-1,-1,-1,-1,-1,-1,0,0,
2026-03-25,17:42:43.820,7.51,97,100,100,-0.123,-3.46,54,0,8.17,-0.134,0.974,-0.01,65,0,172.15,-9.16,10,0.10,4.20,4.20,4.20,4.20,4.20,4.19,4.20,4.19,33.69,0.0,28,29,0.0,0,14,-1023,0,0,667,714,0,0,-1,0,0,-1,-1,-1,-1,-1,-1,0,0,
2026-03-25,17:42:44.080,7.51,95,100,100,-0.123,-3.44,54,0,8.17,-0.135,0.974,0.02,64,0,172.15,-9.16,10,0.10,4.20,4.20,4.20,4.20,4.20,4.19,4.21,4.19,33.69,0.0,28,29,0.0,0,15,-1024,0,0,667,714,0,0,-1,0,0,-1,-1,-1,-1,-1,-1,0,0,
2026-03-25,17:42:44.340,7.51,96,100,100,-0.123,-3.46,54,0,8.17,-0.134,0.974,0.00,64,0,172.15,-9.16,10,0.10,4.20,4.20,4.20,4.20,4.20,4.19,4.21,4.19,33.69,0.0,28,29,0.0,0,15,-1024,0,0,667,714,0,0,-1,0,0,-1,-1,-1,-1,-1,-1,0,0,
2026-03-25,17:42:44.600,7.51,95,100,100,-0.123,-3.48,54,0,8.17,-0.135,0.974,-0.05,64,0,172.15,-9.16,10,0.10,4.20,4.20,4.20,4.20,4.20,4.19,4.21,4.19,33.69,0.0,28,29,0.0,0,15,-1024,0,0,667,713,0,0,-1,0,0,-1,-1,-1,-1,-1,-1,0,0,
2026-03-25,17:42:44.870,7.51,96,100,100,-0.123,-3.49,54,0,8.17,-0.134,0.974,-0.06,64,0,172.15,-9.16,10,0.10,4.20,4.20,4.20,4.20,4.20,4.19,4.21,4.19,33.69,0.0,28,29,0.0,0,15,-1024,0,0,667,714,0,0,-1,0,0,-1,-1,-1,-1,-1,-1,0,0,
2026-03-25,17:42:45.130,7.51,98,100,100,-0.123,-3.47,54,0,8.17,-0.135,0.974,0.00,64,0,172.15,-9.16,10,0.10,4.20,4.20,4.20,4.20,4.20,4.19,4.21,4.19,33.69,0.0,28,29,0.0,0,15,-1024,0,0,667,714,0,0,-1,0,0,-1,-1,-1,-1,-1,-1,0,0,
2026-03-25,17:42:45.400,7.51,99,100,100,-0.123,-3.45,54,0,8.17,-0.135,0.974,0.06,64,0,172.15,-9.16,10,0.10,4.20,4.20,4.20,4.20,4.20,4.19,4.21,4.19,33.69,0.0,28,29,0.0,0,15,-1024,0,0,667,714,0,0,-1,0,0,-1,-1,-1,-1,-1,-1,0,0,
2026-03-25,17:42:45.670,7.51,100,100,100,-0.124,-3.48,54,0,8.17,-0.135,0.974,-0.02,63,0,172.15,-9.16,10,0.10,4.20,4.20,4.20,4.20,4.20,4.19,4.21,4.19,33.69,0.0,28,29,0.0,0,14,-1023,0,0,667,714,0,0,-1,0,0,-1,-1,-1,-1,-1,-1,0,0,
2026-03-25,17:42:45.930,7.51,100,100,100,-0.123,-3.53,54,0,8.17,-0.134,0.973,-0.11,63,0,172.15,-9.16,10,0.10,4.20,4.20,4.19,4.20,4.20,4.19,4.21,4.19,33.69,0.0,28,29,0.0,0,15,-1024,0,0,667,714,0,0,-1,0,0,-1,-1,-1,-1,-1,-1,0,0,
2026-03-25,17:42:46.200,7.51,99,100,100,-0.123,-3.50,54,0,8.17,-0.134,0.974,-0.01,63,0,172.15,-9.17,10,0.10,4.20,4.20,4.19,4.20,4.20,4.19,4.21,4.19,33.69,0.0,28,29,0.0,0,14,-1024,0,0,667,714,0,0,-1,0,0,-1,-1,-1,-1,-1,-1,0,0,
2026-03-25,17:42:46.470,7.51,99,100,100,-0.123,-3.43,54,0,8.17,-0.135,0.974,0.13,61,0,172.15,-9.17,10,0.10,4.20,4.20,4.19,4.20,4.20,4.19,4.20,4.20,33.69,0.0,28,29,0.0,0,15,-1024,0,0,667,714,0,0,-1,0,0,-1,-1,-1,-1,-1,-1,0,0,
2026-03-25,17:42:46.730,7.51,99,100,100,-0.124,-3.45,54,0,8.17,-0.134,0.974,0.05,61,0,172.15,-9.17,10,0.10,4.20,4.20,4.19,4.20,4.20,4.19,4.20,4.20,33.69,0.0,28,29,0.0,0,14,-1024,0,0,667,714,0,0,-1,0,0,-1,-1,-1,-1,-1,-1,0,0,
2026-03-25,17:42:46.990,7.51,100,100,100,-0.123,-3.43,54,0,8.17,-0.135,0.974,0.02,62,0,172.15,-9.17,10,0.10,4.20,4.20,4.20,4.20,4.20,4.19,4.20,4.20,33.69,0.0,28,29,0.0,0,14,-1024,0,0,667,714,0,0,-1,0,0,-1,-1,-1,-1,-1,-1,0,0,
2026-03-25,17:42:47.250,7.51,100,100,100,-0.123,-3.39,54,0,8.17,-0.134,0.974,0.07,62,0,172.15,-9.17,10,0.10,4.20,4.20,4.20,4.20,4.20,4.19,4.20,4.20,33.69,0.0,29,29,0.0,0,14,-1023,0,0,667,714,0,0,-1,0,0,-1,-1,-1,-1,-1,-1,0,0,
2026-03-25,17:42:47.510,7.51,99,100,100,-0.124,-3.44,54,0,8.17,-0.135,0.974,0.01,63,0,172.15,-9.17,10,0.10,4.20,4.20,4.20,4.20,4.20,4.19,4.20,4.19,33.69,0.0,29,29,0.0,0,14,-1024,0,0,667,715,0,0,-1,0,0,-1,-1,-1,-1,-1,-1,0,0,
2026-03-25,17:42:47.780,7.51,98,100,100,-0.123,-3.48,54,0,8.17,-0.135,0.974,-0.13,64,0,172.15,-9.17,10,0.10,4.20,4.20,4.20,4.20,4.20,4.19,4.20,4.19,33.69,0.0,29,29,0.0,0,15,-1024,0,0,667,715,0,0,-1,0,0,-1,-1,-1,-1,-1,-1,0,0,
2026-03-25,17:42:48.050,7.51,96,100,100,-0.123,-3.50,54,0,8.17,-0.134,0.974,-0.10,64,0,172.15,-9.17,10,0.10,4.20,4.20,4.20,4.20,4.20,4.19,4.20,4.19,33.69,0.0,29,29,0.0,0,14,-1024,0,0,667,715,0,0,-1,0,0,-1,-1,-1,-1,-1,-1,0,0,
2026-03-25,17:42:48.330,7.51,96,100,100,-0.123,-3.46,54,0,8.17,-0.135,0.974,0.03,64,0,172.15,-9.17,10,0.10,4.20,4.20,4.19,4.20,4.20,4.19,4.20,4.19,33.69,0.0,29,29,0.0,0,14,-1024,0,0,666,715,0,0,-1,0,0,-1,-1,-1,-1,-1,-1,0,0,
2026-03-25,17:42:48.590,7.51,96,100,100,-0.123,-3.46,54,0,8.19,-0.135,0.974,0.03,63,0,172.15,-9.17,10,0.10,4.20,4.20,4.19,4.20,4.20,4.19,4.20,4.19,33.69,0.0,29,29,0.0,0,14,-1024,0,0,667,715,0,0,-1,0,0,-1,-1,-1,-1,-1,-1,0,0,
2026-03-25,17:42:48.850,7.51,98,100,100,-0.123,-3.41,54,0,8.18,-0.134,0.974,0.04,63,0,172.15,-9.17,10,0.10,4.20,4.20,4.19,4.20,4.20,4.19,4.20,4.20,33.69,0.0,29,29,0.0,0,15,-1024,0,0,667,715,0,0,-1,0,0,-1,-1,-1,-1,-1,-1,0,0,
2026-03-25,17:42:49.120,7.51,99,100,100,-0.123,-3.42,54,0,8.17,-0.135,0.974,-0.02,60,0,172.15,-9.17,10,0.10,4.20,4.20,4.19,4.20,4.20,4.19,4.20,4.20,33.69,0.0,29,29,0.0,0,15,-1024,0,0,667,715,0,0,-1,0,0,-1,-1,-1,-1,-1,-1,0,0,
2026-03-25,17:42:49.390,7.51,100,100,100,-0.123,-3.40,54,0,8.17,-0.135,0.974,-0.02,60,0,172.15,-9.17,10,0.10,4.20,4.20,4.20,4.20,4.20,4.19,4.20,4.20,33.69,0.0,29,29,0.0,0,14,-1024,0,0,667,715,0,0,-1,0,0,-1,-1,-1,-1,-1,-1,0,0,
2026-03-25,17:42:49.650,7.51,100,100,100,-0.124,-3.45,54,0,8.17,-0.135,0.974,-0.09,61,0,172.15,-9.17,10,0.10,4.20,4.20,4.20,4.20,4.20,4.19,4.20,4.20,33.69,0.0,29,29,0.0,0,14,-1024,0,0,667,715,0,0,-1,0,0,-1,-1,-1,-1,-1,-1,0,0,
2026-03-25,17:42:49.920,7.50,99,100,100,-0.123,-3.46,53,0,8.17,-0.134,0.974,-0.05,57,0,172.15,-9.17,10,0.10,4.20,4.20,4.20,4.20,4.20,4.19,4.21,4.20,33.69,0.0,29,29,0.0,0,14,-1024,0,0,667,716,0,0,-1,0,0,-1,-1,-1,-1,-1,-1,0,0,
2026-03-25,17:42:50.190,7.50,98,100,100,-0.123,-3.42,53,0,8.17,-0.135,0.974,0.03,55,0,172.15,-9.17,10,0.10,4.20,4.20,4.20,4.20,4.20,4.19,4.21,4.20,33.69,0.0,29,29,0.0,0,14,-1024,0,0,667,715,0,0,-1,0,0,-1,-1,-1,-1,-1,-1,0,0,
2026-03-25,17:42:50.450,7.51,93,100,100,-0.123,-3.44,47,0,8.17,-0.135,0.974,0.00,57,0,172.15,-9.17,10,0.10,4.20,4.20,4.20,4.20,4.20,4.19,4.21,4.20,33.69,0.0,29,29,0.0,0,14,-1024,0,0,667,715,0,0,-1,0,0,-1,-1,-1,-1,-1,-1,0,0,
2026-03-25,17:42:50.710,7.51,94,100,100,-0.123,-3.43,47,0,8.17,-0.135,0.974,0.02,56,0,172.15,-9.17,10,0.10,4.20,4.20,4.20,4.20,4.20,4.19,4.21,4.20,33.69,0.0,29,29,0.0,0,13,-1024,0,0,667,715,0,0,-1,0,0,-1,-1,-1,-1,-1,-1,0,0,
2026-03-25,17:42:50.980,7.50,95,100,100,-0.124,-3.52,48,0,8.17,-0.135,0.973,-0.14,56,0,172.15,-9.17,10,0.10,4.20,4.20,4.20,4.20,4.20,4.19,4.21,4.20,33.69,0.0,29,29,0.0,0,13,-1024,0,0,667,715,0,0,-1,0,0,-1,-1,-1,-1,-1,-1,0,0,
2026-03-25,17:42:51.250,7.51,98,100,100,-0.123,-3.50,49,0,8.17,-0.135,0.974,-0.02,59,0,172.15,-9.17,10,0.10,4.20,4.20,4.20,4.20,4.20,4.19,4.20,4.20,33.69,0.0,29,29,0.0,0,-14,-1024,0,0,667,715,0,0,-1,0,0,-1,-1,-1,-1,-1,-1,0,0,
2026-03-25,17:42:51.510,7.51,97,100,100,-0.123,-3.43,49,0,8.17,-0.134,0.974,0.12,62,0,172.15,-9.17,10,0.10,4.20,4.20,4.20,4.20,4.20,4.19,4.20,4.20,33.69,0.0,29,29,0.0,0,-9,-1024,0,0,667,716,0,0,-1,0,0,-1,-1,-1,-1,-1,-1,0,0,
2026-03-25,17:42:51.770,7.50,96,100,100,-0.123,-3.43,49,0,8.17,-0.135,0.975,0.11,63,0,172.15,-9.17,10,0.10,4.20,4.20,4.20,4.20,4.20,4.19,4.20,4.20,33.69,0.0,29,29,0.0,0,0,-1024,0,0,667,716,0,0,-1,0,0,-1,-1,-1,-1,-1,-1,0,0,
2026-03-25,17:42:52.040,7.51,97,100,100,-0.123,-3.46,49,0,8.17,-0.135,0.974,-0.03,64,0,172.15,-9.17,10,0.10,4.20,4.20,4.20,4.20,4.20,4.19,4.20,4.20,33.69,0.0,29,29,0.0,0,3,-1023,0,0,667,716,0,0,-1,0,0,-1,-1,-1,-1,-1,-1,0,0,
2026-03-25,17:42:52.300,7.51,96,100,100,-0.123,-3.50,49,0,8.17,-0.135,0.974,-0.11,64,0,172.15,-9.16,10,0.10,4.20,4.20,4.20,4.20,4.20,4.19,4.20,4.20,33.69,0.0,29,29,0.0,0,13,-1024,0,0,667,715,0,0,-1,0,0,-1,-1,-1,-1,-1,-1,0,0,
2026-03-25,17:42:52.560,7.51,97,100,100,-0.123,-3.56,52,0,8.22,-0.134,0.974,-0.22,63,0,172.15,-9.17,10,0.10,4.20,4.20,4.20,4.20,4.20,4.19,4.20,4.20,33.69,0.0,29,29,0.0,0,14,-1023,0,0,667,715,0,0,-1,0,0,-1,-1,-1,-1,-1,-1,0,0,
2026-03-25,17:42:52.820,7.51,97,100,100,-0.123,-3.54,53,0,8.24,-0.134,0.974,-0.02,62,0,172.15,-9.17,10,0.10,4.20,4.20,4.20,4.20,4.20,4.19,4.20,4.20,33.69,0.0,29,29,0.0,0,14,-1023,0,0,667,716,0,0,-1,0,0,-1,-1,-1,-1,-1,-1,0,0,
2026-03-25,17:42:53.080,7.51,100,100,100,-0.124,-3.47,54,0,8.27,-0.134,0.974,0.13,62,0,172.15,-9.16,10,0.10,4.20,4.20,4.20,4.20,4.20,4.19,4.20,4.20,33.69,0.0,29,29,0.0,0,14,-1024,0,0,667,715,0,0,-1,0,0,-1,-1,-1,-1,-1,-1,0,0,
2026-03-25,17:42:53.340,7.51,98,100,100,-0.123,-3.47,53,0,8.24,-0.134,0.973,0.09,61,0,172.15,-9.16,10,0.10,4.20,4.20,4.20,4.20,4.20,4.19,4.20,4.20,33.69,0.0,29,29,0.0,0,14,-1023,0,0,667,715,0,0,-1,0,0,-1,-1,-1,-1,-1,-1,0,0,
2026-03-25,17:42:53.600,7.51,97,100,100,-0.124,-3.47,53,0,8.25,-0.135,0.974,-0.02,61,0,172.15,-9.16,10,0.10,4.20,4.20,4.20,4.20,4.20,4.19,4.20,4.20,33.69,0.0,29,29,0.0,0,13,-1024,0,0,667,715,0,0,-1,0,0,-1,-1,-1,-1,-1,-1,0,0,
2026-03-25,17:42:53.870,7.51,96,100,100,-0.123,-3.51,50,0,8.26,-0.135,0.974,-0.04,60,0,172.15,-9.16,10,0.10,4.20,4.20,4.20,4.20,4.20,4.19,4.20,4.20,33.69,0.0,29,29,0.0,0,13,-1024,0,0,667,715,0,0,-1,0,0,-1,-1,-1,-1,-1,-1,0,0,
2026-03-25,17:42:54.130,7.50,98,100,100,-0.123,-3.54,49,0,8.21,-0.135,0.974,-0.11,59,0,172.15,-9.16,10,0.10,4.20,4.20,4.19,4.20,4.20,4.19,4.20,4.20,33.69,0.0,29,29,0.0,0,12,-1024,0,0,667,715,0,0,-1,0,0,-1,-1,-1,-1,-1,-1,0,0,
2026-03-25,17:42:54.400,7.50,99,100,100,-0.123,-3.55,48,0,8.23,-0.135,0.974,-0.03,58,0,172.15,-9.16,10,0.10,4.20,4.20,4.19,4.20,4.20,4.19,4.20,4.20,33.69,0.0,29,29,0.0,0,12,-1023,0,0,667,716,0,0,-1,0,0,-1,-1,-1,-1,-1,-1,0,0,
2026-03-25,17:42:54.660,7.51,100,100,100,-0.123,-3.49,49,0,8.23,-0.135,0.974,0.11,60,0,172.15,-9.16,10,0.10,4.20,4.20,4.19,4.20,4.20,4.19,4.20,4.20,33.69,0.0,29,29,0.0,0,13,-1024,0,0,667,716,0,0,-1,0,0,-1,-1,-1,-1,-1,-1,0,0,
2026-03-25,17:42:54.920,7.51,100,100,100,-0.123,-3.45,51,0,8.25,-0.135,0.974,0.14,62,0,172.15,-9.16,10,0.10,4.20,4.20,4.19,4.20,4.20,4.19,4.21,4.20,33.69,0.0,29,29,0.0,0,13,-1024,0,0,667,715,0,0,-1,0,0,-1,-1,-1,-1,-1,-1,0,0,
2026-03-25,17:42:55.180,7.51,100,100,100,-0.123,-3.45,54,0,8.24,-0.135,0.974,0.05,62,0,172.15,-9.16,10,0.10,4.20,4.20,4.19,4.20,4.20,4.19,4.21,4.20,33.69,0.0,29,29,0.0,0,13,-1024,0,0,667,715,0,0,-1,0,0,-1,-1,-1,-1,-1,-1,0,0,
2026-03-25,17:42:55.440,7.51,100,100,100,-0.124,-3.49,55,0,8.26,-0.135,0.974,-0.06,63,0,172.15,-9.16,10,0.10,4.20,4.20,4.19,4.20,4.20,4.19,4.21,4.20,33.69,0.0,29,29,0.0,0,13,-1024,0,0,667,716,0,0,-1,0,0,-1,-1,-1,-1,-1,-1,0,0,
2026-03-25,17:42:55.700,7.51,99,100,100,-0.123,-3.47,56,0,8.27,-0.135,0.974,0.02,62,0,172.15,-9.16,10,0.10,4.20,4.20,4.19,4.20,4.20,4.19,4.21,4.20,33.69,0.0,29,29,0.0,0,13,-1024,0,0,667,716,0,0,-1,0,0,-1,-1,-1,-1,-1,-1,0,0,
2026-03-25,17:42:55.960,7.51,98,100,100,-0.123,-3.53,56,0,8.28,-0.134,0.974,-0.05,62,0,172.15,-9.16,10,0.10,4.20,4.20,4.19,4.20,4.20,4.19,4.21,4.19,33.69,0.0,29,29,0.0,0,13,-1024,0,0,667,715,0,0,-1,0,0,-1,-1,-1,-1,-1,-1,0,0,
2026-03-25,17:42:56.220,7.51,98,100,100,-0.123,-3.54,56,0,8.21,-0.135,0.974,-0.10,62,0,172.15,-9.16,10,0.10,4.20,4.20,4.19,4.20,4.20,4.19,4.21,4.19,33.69,0.0,29,29,0.0,0,13,-1023,0,0,667,716,0,0,-1,0,0,-1,-1,-1,-1,-1,-1,0,0,
2026-03-25,17:42:56.480,7.51,99,100,100,-0.123,-3.54,56,0,8.24,-0.135,0.974,-0.03,63,0,172.15,-9.16,10,0.10,4.20,4.20,4.19,4.20,4.20,4.19,4.21,4.19,33.69,0.0,29,29,0.0,0,13,-1024,0,0,667,716,0,0,-1,0,0,-1,-1,-1,-1,-1,-1,0,0,
2026-03-25,17:42:56.750,7.51,100,100,100,-0.123,-3.55,56,0,8.20,-0.135,0.974,-0.03,63,0,172.15,-9.16,10,0.10,4.20,4.20,4.19,4.20,4.20,4.19,4.21,4.19,33.69,0.0,29,29,0.0,0,14,-1024,0,0,667,715,0,0,-1,0,0,-1,-1,-1,-1,-1,-1,0,0,
2026-03-25,17:42:57.010,7.51,100,100,100,-0.123,-3.55,56,0,8.24,-0.134,0.974,0.00,62,0,172.15,-9.16,10,0.10,4.20,4.20,4.19,4.20,4.20,4.19,4.21,4.19,33.69,0.0,29,29,0.0,0,13,-1024,0,0,667,716,0,0,-1,0,0,-1,-1,-1,-1,-1,-1,0,0,
2026-03-25,17:42:57.270,7.50,99,100,100,-0.123,-3.57,56,0,8.25,-0.135,0.974,0.00,62,0,172.15,-9.16,10,0.10,4.20,4.20,4.19,4.20,4.20,4.19,4.21,4.20,33.69,0.0,29,29,0.0,0,13,-1024,0,0,667,716,0,0,-1,0,0,-1,-1,-1,-1,-1,-1,0,0,
2026-03-25,17:42:57.530,7.50,98,100,100,-0.123,-3.52,56,0,8.26,-0.135,0.974,0.04,62,0,172.15,-9.16,10,0.10,4.20,4.20,4.19,4.20,4.20,4.19,4.21,4.20,33.69,0.0,29,29,0.0,0,13,-1024,0,0,667,716,0,0,-1,0,0,-1,-1,-1,-1,-1,-1,0,0,
2026-03-25,17:42:57.790,7.51,97,100,100,-0.123,-3.55,56,0,8.26,-0.135,0.974,-0.01,62,0,172.15,-9.16,10,0.10,4.20,4.20,4.19,4.20,4.20,4.19,4.21,4.20,33.69,0.0,29,29,0.0,0,13,-1024,0,0,667,715,0,0,-1,0,0,-1,-1,-1,-1,-1,-1,0,0,
2026-03-25,17:42:58.060,7.51,96,100,100,-0.123,-3.59,56,0,8.25,-0.135,0.974,-0.08,62,0,172.15,-9.16,10,0.10,4.20,4.20,4.19,4.20,4.20,4.19,4.21,4.20,33.69,0.0,29,29,0.0,0,14,-1024,0,0,667,716,0,0,-1,0,0,-1,-1,-1,-1,-1,-1,0,0,
2026-03-25,17:42:58.330,7.50,96,100,100,-0.123,-3.53,56,0,8.26,-0.135,0.974,0.06,63,0,172.15,-9.16,10,0.10,4.20,4.20,4.19,4.20,4.20,4.19,4.20,4.20,33.69,0.0,29,29,0.0,0,14,-1024,0,0,667,716,0,0,-1,0,0,-1,-1,-1,-1,-1,-1,0,0,
2026-03-25,17:42:58.590,7.51,97,100,100,-0.123,-3.52,56,0,8.27,-0.135,0.974,0.07,62,0,172.15,-9.16,10,0.10,4.20,4.20,4.19,4.20,4.20,4.19,4.20,4.20,33.69,0.0,29,29,0.0,0,13,-1024,0,0,667,716,0,0,-1,0,0,-1,-1,-1,-1,-1,-1,0,0,
2026-03-25,17:42:58.850,7.51,99,100,100,-0.123,-3.58,56,0,8.23,-0.135,0.974,-0.07,59,0,172.15,-9.16,10,0.10,4.20,4.20,4.19,4.20,4.20,4.19,4.20,4.20,33.69,0.0,29,29,0.0,0,13,-1023,0,0,667,716,0,0,-1,0,0,-1,-1,-1,-1,-1,-1,0,0,
2026-03-25,17:42:59.110,7.51,99,100,100,-0.123,-3.56,56,0,8.21,-0.135,0.974,-0.05,60,0,172.15,-9.16,10,0.10,4.20,4.20,4.20,4.20,4.20,4.19,4.20,4.20,33.69,0.0,29,29,0.0,0,14,-1023,0,0,667,715,0,0,-1,0,0,-1,-1,-1,-1,-1,-1,0,0,
2026-03-25,17:42:59.380,7.51,100,100,100,-0.123,-3.53,57,0,8.19,-0.135,0.974,0.06,61,0,172.15,-9.16,10,0.10,4.20,4.20,4.20,4.20,4.20,4.19,4.20,4.20,33.69,0.0,29,29,0.0,0,13,-1023,0,0,667,715,0,0,-1,0,0,-1,-1,-1,-1,-1,-1,0,0,
2026-03-25,17:42:59.650,7.51,100,100,100,-0.123,-3.51,57,0,8.23,-0.135,0.974,0.09,61,0,172.15,-9.16,10,0.10,4.20,4.20,4.20,4.20,4.20,4.19,4.20,4.20,33.69,0.0,29,29,0.0,0,14,-1024,0,0,667,716,0,0,-1,0,0,-1,-1,-1,-1,-1,-1,0,0,
2026-03-25,17:42:59.910,7.51,100,100,100,-0.123,-3.49,57,0,8.24,-0.135,0.974,0.05,61,0,172.15,-9.16,10,0.10,4.20,4.20,4.20,4.20,4.20,4.19,4.20,4.20,33.69,0.0,29,29,0.0,0,14,-1024,0,0,667,715,0,0,-1,0,0,-1,-1,-1,-1,-1,-1,0,0,
2026-03-25,17:43:00.170,7.51,99,100,100,-0.123,-3.46,57,0,8.26,-0.135,0.974,0.01,62,0,172.15,-9.16,10,0.10,4.20,4.20,4.19,4.20,4.20,4.19,4.20,4.20,33.69,0.0,29,29,0.0,0,14,-1024,0,0,667,715,0,0,-1,0,0,-1,-1,-1,-1,-1,-1,0,0,
2026-03-25,17:43:00.430,7.51,98,100,100,-0.124,-3.43,57,0,8.27,-0.135,0.974,0.05,63,0,172.15,-9.16,10,0.10,4.20,4.20,4.19,4.20,4.20,4.19,4.20,4.20,33.69,0.0,29,29,0.0,0,14,-1024,0,0,667,716,0,0,-1,0,0,-1,-1,-1,-1,-1,-1,0,0,
2026-03-25,17:43:00.690,7.51,98,100,100,-0.123,-3.46,57,0,8.25,-0.135,0.974,-0.01,64,0,172.15,-9.16,10,0.10,4.20,4.20,4.19,4.20,4.20,4.19,4.20,4.20,33.69,0.0,29,29,0.0,0,14,-1024,0,0,667,715,0,0,-1,0,0,-1,-1,-1,-1,-1,-1,0,0,
2026-03-25,17:43:00.950,7.51,99,100,100,-0.123,-3.46,57,0,8.25,-0.135,0.974,-0.03,64,0,172.15,-9.16,10,0.10,4.20,4.20,4.19,4.20,4.20,4.19,4.20,4.19,33.69,0.0,29,29,0.0,0,14,-1024,0,0,666,715,0,0,-1,0,0,-1,-1,-1,-1,-1,-1,0,0,
2026-03-25,17:43:01.220,7.51,99,100,100,-0.123,-3.48,56,0,8.27,-0.135,0.974,-0.02,64,0,172.15,-9.16,10,0.10,4.20,4.20,4.19,4.20,4.20,4.19,4.20,4.19,33.69,0.0,29,29,0.0,0,14,-1024,0,0,666,715,0,0,-1,0,0,-1,-1,-1,-1,-1,-1,0,0,
2026-03-25,17:43:01.480,7.51,97,100,100,-0.123,-3.52,56,0,8.25,-0.135,0.973,-0.13,64,0,172.15,-9.17,10,0.10,4.20,4.20,4.20,4.20,4.20,4.19,4.20,4.19,33.69,0.0,29,29,0.0,0,14,-1024,0,0,667,715,0,0,-1,0,0,-1,-1,-1,-1,-1,-1,0,0,
2026-03-25,17:43:01.740,7.51,97,100,100,-0.123,-3.48,56,0,8.22,-0.135,0.974,0.00,64,0,172.15,-9.17,10,0.10,4.20,4.20,4.20,4.20,4.20,4.19,4.20,4.19,33.69,0.0,29,29,0.0,0,14,-1023,0,0,667,715,0,0,-1,0,0,-1,-1,-1,-1,-1,-1,0,0,
2026-03-25,17:43:02.010,7.51,98,100,100,-0.123,-3.47,56,0,8.24,-0.135,0.974,0.07,62,0,172.15,-9.17,10,0.10,4.20,4.20,4.20,4.20,4.20,4.19,4.21,4.20,33.69,0.0,29,29,0.0,0,14,-1024,0,0,666,715,0,0,-1,0,0,-1,-1,-1,-1,-1,-1,0,0,
2026-03-25,17:43:02.270,7.51,100,100,100,-0.123,-3.46,56,0,8.23,-0.135,0.974,0.03,63,0,172.15,-9.17,10,0.10,4.20,4.20,4.20,4.20,4.20,4.19,4.21,4.20,33.69,0.0,29,29,0.0,0,14,-1023,0,0,667,716,0,0,-1,0,0,-1,-1,-1,-1,-1,-1,0,0,
2026-03-25,17:43:02.530,7.51,98,100,100,-0.123,-3.50,56,0,8.23,-0.135,0.974,-0.04,62,0,172.15,-9.17,10,0.10,4.20,4.20,4.20,4.20,4.20,4.19,4.21,4.20,33.69,0.0,29,29,0.0,0,14,-1024,0,0,667,715,0,0,-1,0,0,-1,-1,-1,-1,-1,-1,0,0,
2026-03-25,17:43:02.800,7.51,98,100,100,-0.124,-3.48,54,0,8.23,-0.135,0.974,-0.03,61,0,172.15,-9.17,10,0.10,4.20,4.20,4.20,4.20,4.20,4.19,4.21,4.20,33.69,0.0,29,29,0.0,0,14,-1024,0,0,667,715,0,0,-1,0,0,-1,-1,-1,-1,-1,-1,0,0,
2026-03-25,17:43:03.070,7.51,97,100,100,-0.124,-3.46,54,0,8.26,-0.135,0.974,0.06,59,0,172.15,-9.17,10,0.10,4.20,4.20,4.20,4.20,4.20,4.19,4.21,4.20,33.69,0.0,29,29,0.0,0,14,-1024,0,0,667,715,0,0,-1,0,0,-1,-1,-1,-1,-1,-1,0,0,
2026-03-25,17:43:03.330,7.51,99,100,100,-0.123,-3.49,54,0,8.27,-0.135,0.974,0.00,61,0,172.15,-9.17,10,0.10,4.20,4.20,4.20,4.20,4.20,4.19,4.21,4.20,33.69,0.0,29,29,0.0,0,14,-1023,0,0,667,715,0,0,-1,0,0,-1,-1,-1,-1,-1,-1,0,0,
2026-03-25,17:43:03.590,7.51,98,100,100,-0.123,-3.55,54,0,8.25,-0.134,0.974,-0.13,61,0,172.15,-9.17,10,0.10,4.20,4.20,4.20,4.20,4.20,4.19,4.21,4.20,33.69,0.0,29,29,0.0,0,14,-1024,0,0,667,715,0,0,-1,0,0,-1,-1,-1,-1,-1,-1,0,0,
2026-03-25,17:43:03.860,7.51,98,100,100,-0.123,-3.54,54,0,8.25,-0.135,0.974,-0.06,62,0,172.15,-9.17,10,0.10,4.20,4.20,4.19,4.20,4.20,4.19,4.21,4.20,33.69,0.0,29,29,0.0,0,14,-1024,0,0,667,715,0,0,-1,0,0,-1,-1,-1,-1,-1,-1,0,0,
2026-03-25,17:43:04.130,7.51,97,100,100,-0.123,-3.52,55,0,8.24,-0.135,0.974,0.06,60,0,172.15,-9.17,10,0.10,4.20,4.20,4.19,4.20,4.20,4.19,4.21,4.20,33.69,0.0,29,29,0.0,0,14,-1024,0,0,667,715,0,0,-1,0,0,-1,-1,-1,-1,-1,-1,0,0,
2026-03-25,17:43:04.400,7.51,98,100,100,-0.123,-3.50,56,0,8.20,-0.135,0.973,0.03,60,0,172.15,-9.17,10,0.10,4.20,4.20,4.19,4.20,4.20,4.19,4.21,4.19,33.69,0.0,29,29,0.0,0,14,-1024,0,0,667,715,0,0,-1,0,0,-1,-1,-1,-1,-1,-1,0,0,
2026-03-25,17:43:04.660,7.50,98,100,100,-0.123,-3.51,57,0,8.18,-0.135,0.974,0.01,61,0,172.15,-9.17,10,0.10,4.20,4.20,4.19,4.20,4.20,4.19,4.21,4.19,33.69,0.0,29,29,0.0,0,15,-1023,0,0,667,715,0,0,-1,0,0,-1,-1,-1,-1,-1,-1,0,0,
2026-03-25,17:43:04.920,7.51,99,100,100,-0.123,-3.52,58,0,8.22,-0.135,0.974,-0.03,62,0,172.15,-9.17,10,0.10,4.20,4.20,4.20,4.20,4.20,4.19,4.21,4.19,33.69,0.0,29,29,0.0,0,14,-1024,0,0,667,715,0,0,-1,0,0,-1,-1,-1,-1,-1,-1,0,0,
2026-03-25,17:43:05.180,7.50,98,100,100,-0.123,-3.57,58,0,8.21,-0.134,0.974,-0.09,63,0,172.15,-9.17,10,0.10,4.20,4.20,4.20,4.20,4.20,4.19,4.21,4.19,33.69,0.0,29,29,0.0,0,14,-1024,0,0,667,715,0,0,-1,0,0,-1,-1,-1,-1,-1,-1,0,0,
2026-03-25,17:43:05.440,7.50,99,100,100,-0.123,-3.52,58,0,8.22,-0.135,0.974,0.01,64,0,172.15,-9.17,10,0.10,4.20,4.20,4.20,4.20,4.20,4.19,4.21,4.19,33.69,0.0,29,29,0.0,0,14,-1023,0,0,667,715,0,0,-1,0,0,-1,-1,-1,-1,-1,-1,0,0,
2026-03-25,17:43:05.710,7.50,98,100,100,-0.123,-3.53,58,0,8.23,-0.134,0.974,0.04,64,0,172.15,-9.17,10,0.10,4.20,4.20,4.20,4.20,4.20,4.19,4.20,4.20,33.69,0.0,29,29,0.0,0,14,-1024,0,0,667,715,0,0,-1,0,0,-1,-1,-1,-1,-1,-1,0,0,
2026-03-25,17:43:05.990,7.50,99,100,100,-0.123,-3.50,60,0,8.23,-0.134,0.974,0.03,64,0,172.15,-9.17,10,0.10,4.20,4.20,4.20,4.20,4.20,4.19,4.20,4.20,33.69,0.0,29,29,0.0,0,14,-1024,0,0,667,715,0,0,-1,0,0,-1,-1,-1,-1,-1,-1,0,0,
2026-03-25,17:43:06.260,7.50,99,100,100,-0.124,-3.45,62,0,8.22,-0.135,0.974,0.12,65,0,172.15,-9.17,10,0.10,4.20,4.20,4.19,4.20,4.20,4.19,4.20,4.20,33.69,0.0,29,29,0.0,0,14,-1024,0,0,667,716,0,0,-1,0,0,-1,-1,-1,-1,-1,-1,0,0,
2026-03-25,17:43:06.520,7.50,100,100,100,-0.123,-3.44,62,0,8.24,-0.134,0.974,0.08,66,0,172.15,-9.17,10,0.10,4.20,4.20,4.19,4.20,4.20,4.19,4.20,4.20,33.69,0.0,29,29,0.0,0,14,-1024,0,0,667,715,0,0,-1,0,0,-1,-1,-1,-1,-1,-1,0,0,
2026-03-25,17:43:06.790,7.51,100,100,100,-0.123,-3.49,63,0,8.20,-0.135,0.974,-0.05,66,0,172.15,-9.17,10,0.10,4.20,4.20,4.19,4.20,4.20,4.19,4.20,4.20,33.69,0.0,29,29,0.0,0,14,-1024,0,0,667,715,0,0,-1,0,0,-1,-1,-1,-1,-1,-1,0,0,
2026-03-25,17:43:07.050,7.51,100,100,100,-0.123,-3.45,63,0,8.21,-0.135,0.974,0.01,66,0,172.15,-9.17,10,0.10,4.20,4.20,4.19,4.20,4.20,4.19,4.20,4.20,33.69,0.0,29,29,0.0,0,14,-1024,0,0,667,715,0,0,-1,0,0,-1,-1,-1,-1,-1,-1,0,0,
2026-03-25,17:43:07.310,7.51,99,100,100,-0.124,-3.45,63,0,8.24,-0.135,0.974,0.02,66,0,172.15,-9.17,10,0.10,4.20,4.20,4.19,4.20,4.20,4.19,4.20,4.20,33.69,0.0,29,29,0.0,0,14,-1024,0,0,667,715,0,0,-1,0,0,-1,-1,-1,-1,-1,-1,0,0,
2026-03-25,17:43:07.580,7.51,99,100,100,-0.123,-3.48,63,0,8.25,-0.134,0.974,-0.03,65,0,172.15,-9.17,10,0.10,4.20,4.20,4.19,4.20,4.20,4.19,4.20,4.20,33.69,0.0,29,29,0.0,0,14,-1024,0,0,667,715,0,0,-1,0,0,-1,-1,-1,-1,-1,-1,0,0,
2026-03-25,17:43:07.840,7.50,98,100,100,-0.123,-3.51,63,0,8.27,-0.135,0.974,-0.11,66,0,172.15,-9.17,10,0.10,4.20,4.20,4.19,4.20,4.20,4.19,4.20,4.20,33.69,0.0,29,29,0.0,0,14,-1024,0,0,667,715,0,0,-1,0,0,-1,-1,-1,-1,-1,-1,0,0,
2026-03-25,17:43:08.110,7.50,97,100,100,-0.123,-3.53,63,0,8.25,-0.135,0.974,-0.04,64,0,172.15,-9.17,10,0.10,4.20,4.20,4.19,4.20,4.20,4.19,4.20,4.20,33.69,0.0,29,29,0.0,0,14,-1024,0,0,667,715,0,0,-1,0,0,-1,-1,-1,-1,-1,-1,0,0,
2026-03-25,17:43:08.390,7.50,96,100,100,-0.123,-3.47,63,0,8.21,-0.135,0.974,0.07,64,0,172.15,-9.17,10,0.10,4.20,4.20,4.19,4.20,4.20,4.19,4.20,4.20,33.69,0.0,29,29,0.0,0,14,-1023,0,0,667,715,0,0,-1,0,0,-1,-1,-1,-1,-1,-1,0,0,
2026-03-25,17:43:08.650,7.50,97,100,100,-0.123,-3.52,63,0,8.19,-0.135,0.974,-0.07,65,0,172.15,-9.17,10,0.10,4.20,4.20,4.20,4.20,4.20,4.19,4.20,4.20,33.69,0.0,29,29,0.0,0,14,-1024,0,0,666,715,0,0,-1,0,0,-1,-1,-1,-1,-1,-1,0,0,
2026-03-25,17:43:08.920,7.49,97,100,100,-0.123,-3.51,63,0,8.18,-0.135,0.974,0.00,64,0,172.15,-9.17,10,0.10,4.20,4.20,4.20,4.20,4.20,4.19,4.20,4.20,33.69,0.0,29,29,0.0,0,14,-1024,0,0,667,715,0,0,-1,0,0,-1,-1,-1,-1,-1,-1,0,0,
2026-03-25,17:43:09.190,7.49,98,100,100,-0.123,-3.51,63,0,8.17,-0.135,0.973,0.00,64,0,172.15,-9.17,10,0.10,4.20,4.20,4.20,4.20,4.20,4.19,4.20,4.20,33.69,0.0,29,29,0.0,0,14,-1024,0,0,667,715,0,0,-1,0,0,-1,-1,-1,-1,-1,-1,0,0,
2026-03-25,17:43:09.450,7.49,98,100,100,-0.123,-3.52,62,0,8.17,-0.134,0.974,-0.01,65,0,172.15,-9.17,10,0.10,4.20,4.20,4.20,4.20,4.20,4.19,4.20,4.20,33.69,0.0,29,29,0.0,0,14,-1024,0,0,667,715,0,0,-1,0,0,-1,-1,-1,-1,-1,-1,0,0,
2026-03-25,17:43:09.720,7.49,97,100,100,-0.123,-3.48,63,0,8.17,-0.135,0.973,0.06,65,0,172.15,-9.17,10,0.10,4.20,4.20,4.20,4.20,4.20,4.19,4.20,4.20,33.69,0.0,29,29,0.0,0,14,-1024,0,0,666,715,0,0,-1,0,0,-1,-1,-1,-1,-1,-1,0,0,
2026-03-25,17:43:09.980,7.49,97,100,100,-0.123,-3.45,63,0,8.17,-0.135,0.974,0.10,64,0,172.15,-9.17,10,0.10,4.20,4.20,4.20,4.20,4.20,4.19,4.20,4.20,33.69,0.0,29,29,0.0,0,14,-1024,0,0,667,715,0,0,-1,0,0,-1,-1,-1,-1,-1,-1,0,0,
2026-03-25,17:43:10.240,7.49,96,100,100,-0.124,-3.49,63,0,8.17,-0.134,0.974,-0.01,65,0,172.15,-9.17,10,0.10,4.20,4.20,4.20,4.20,4.20,4.19,4.20,4.20,33.69,0.0,29,29,0.0,0,14,-1024,0,0,667,715,0,0,-1,0,0,-1,-1,-1,-1,-1,-1,0,0,
2026-03-25,17:43:10.500,7.49,98,100,100,-0.123,-3.50,63,0,8.17,-0.135,0.974,-0.08,64,0,172.15,-9.17,10,0.10,4.20,4.20,4.20,4.20,4.20,4.19,4.20,4.19,33.69,0.0,29,29,0.0,0,14,-1024,0,0,666,715,0,0,-1,0,0,-1,-1,-1,-1,-1,-1,0,0,
2026-03-25,17:43:10.770,7.49,97,100,100,-0.123,-3.51,63,0,8.17,-0.135,0.974,0.00,64,0,172.15,-9.17,10,0.10,4.20,4.20,4.20,4.20,4.20,4.19,4.20,4.19,33.69,0.0,29,29,0.0,0,14,-1024,0,0,667,715,0,0,-1,0,0,-1,-1,-1,-1,-1,-1,0,0,
2026-03-25,17:43:11.040,7.49,98,100,100,-0.123,-3.52,63,0,8.17,-0.135,0.974,-0.06,64,0,172.15,-9.17,10,0.10,4.20,4.20,4.20,4.20,4.20,4.19,4.20,4.19,33.69,0.0,29,29,0.0,0,14,-1024,0,0,667,715,0,0,-1,0,0,-1,-1,-1,-1,-1,-1,0,0,
2026-03-25,17:43:11.310,7.49,97,100,100,-0.120,-3.49,63,0,8.17,-0.134,0.976,0.01,64,0,172.13,-9.17,10,0.10,4.20,4.20,4.20,4.20,4.20,4.19,4.20,4.19,33.69,0.0,29,29,0.0,0,14,-1024,0,0,667,715,0,0,-1,0,0,-1,-1,-1,-1,-1,-1,0,0,
2026-03-25,17:43:11.570,7.49,98,100,100,-0.118,-3.47,63,0,8.17,-0.136,0.973,0.06,64,0,172.14,-9.17,10,0.10,4.20,4.20,4.20,4.20,4.20,4.19,4.21,4.20,33.69,0.2,29,29,0.0,0,14,-1024,0,0,667,715,0,0,-1,0,0,-1,-1,-1,-1,-1,-1,0,0,
2026-03-25,17:43:11.830,7.50,98,100,100,-0.116,-3.52,63,0,8.20,-0.135,0.976,-0.10,65,0,172.14,-9.17,10,0.10,4.20,4.20,4.20,4.20,4.20,4.19,4.21,4.20,33.69,0.2,29,29,0.0,0,14,-1023,0,0,667,715,0,0,-1,0,0,-1,-1,-1,-1,-1,-1,0,0,
2026-03-25,17:43:12.090,7.50,99,100,100,-0.118,-3.51,63,0,8.20,-0.136,0.974,0.00,66,0,172.14,-9.17,10,0.10,4.20,4.20,4.19,4.20,4.20,4.19,4.21,4.20,33.69,0.0,29,29,0.0,0,14,-1024,0,0,667,715,0,0,-1,0,0,-1,-1,-1,-1,-1,-1,0,0,
2026-03-25,17:43:12.350,7.50,99,99,99,-0.121,-3.54,63,0,8.24,-0.135,0.975,-0.06,65,0,172.14,-9.17,10,0.10,4.20,4.20,4.19,4.20,4.20,4.19,4.21,4.20,33.69,0.0,29,29,0.0,0,14,-1024,0,0,667,715,0,0,-1,0,0,-1,-1,-1,-1,-1,-1,0,0,
2026-03-25,17:43:12.610,7.50,99,99,99,-0.120,-3.54,63,0,8.23,-0.135,0.974,-0.02,65,0,172.14,-9.17,10,0.10,4.20,4.20,4.19,4.20,4.20,4.19,4.21,4.20,33.69,0.0,29,29,0.0,0,14,-1024,0,0,667,715,0,0,-1,0,0,-1,-1,-1,-1,-1,-1,0,0,
2026-03-25,17:43:12.870,7.50,100,100,99,-0.121,-3.59,63,0,8.23,-0.134,0.974,-0.11,66,0,172.14,-9.17,10,0.10,4.20,4.20,4.19,4.20,4.20,4.19,4.20,4.19,33.69,0.0,29,29,0.0,0,15,-1024,0,0,667,715,0,0,-1,0,0,-1,-1,-1,-1,-1,-1,0,0,
2026-03-25,17:43:13.130,7.50,100,100,99,-0.124,-3.58,63,0,8.26,-0.135,0.975,-0.05,66,0,172.15,-9.17,10,0.10,4.20,4.20,4.19,4.20,4.20,4.19,4.20,4.19,33.69,0.0,29,29,0.0,0,14,-1024,0,0,667,715,0,0,-1,0,0,-1,-1,-1,-1,-1,-1,0,0,
2026-03-25,17:43:13.390,7.50,100,100,99,-0.124,-3.54,63,0,8.25,-0.134,0.974,0.07,65,0,172.15,-9.17,10,0.10,4.20,4.20,4.20,4.20,4.20,4.19,4.20,4.19,33.69,0.0,29,29,0.0,0,15,-1024,0,0,667,715,0,0,-1,0,0,-1,-1,-1,-1,-1,-1,0,0,
2026-03-25,17:43:13.650,7.50,99,99,99,-0.123,-3.49,63,0,8.27,-0.135,0.975,0.12,66,0,172.15,-9.17,10,0.10,4.20,4.20,4.20,4.20,4.20,4.19,4.20,4.19,33.69,0.0,29,29,0.0,0,14,-1024,0,0,667,715,0,0,-1,0,0,-1,-1,-1,-1,-1,-1,0,0,
2026-03-25,17:43:13.920,7.50,99,99,99,-0.123,-3.47,63,0,8.23,-0.134,0.973,0.10,66,0,172.15,-9.18,10,0.10,4.20,4.20,4.20,4.20,4.20,4.19,4.20,4.19,33.69,0.0,29,29,0.0,0,15,-1023,0,0,667,715,0,0,-1,0,0,-1,-1,-1,-1,-1,-1,0,0,
2026-03-25,17:43:14.180,7.50,98,99,99,-0.124,-3.48,63,0,8.23,-0.134,0.973,0.05,65,0,172.15,-9.18,10,0.10,4.20,4.20,4.20,4.20,4.20,4.19,4.20,4.19,33.69,0.0,29,29,0.0,0,14,-1024,0,0,667,715,0,0,-1,0,0,-1,-1,-1,-1,-1,-1,0,0,
2026-03-25,17:43:14.440,7.50,99,99,99,-0.125,-3.50,63,0,8.22,-0.133,0.973,-0.03,66,0,172.15,-9.18,10,0.10,4.20,4.20,4.20,4.20,4.20,4.19,4.20,4.19,33.69,0.0,29,29,0.0,0,15,-1023,0,0,667,715,0,0,-1,0,0,-1,-1,-1,-1,-1,-1,0,0,
2026-03-25,17:43:14.730,7.49,99,99,99,-0.125,-3.50,62,0,8.21,-0.134,0.975,-0.03,66,0,172.15,-9.18,10,0.10,4.20,4.20,4.19,4.20,4.20,4.19,4.20,4.19,33.69,0.0,29,29,0.0,0,14,-1024,0,0,667,715,0,0,-1,0,0,-1,-1,-1,-1,-1,-1,0,0,
2026-03-25,17:43:14.990,7.50,99,99,99,-0.125,-3.48,62,0,8.21,-0.134,0.973,0.01,65,0,172.15,-9.18,10,0.10,4.20,4.20,4.19,4.20,4.20,4.19,4.20,4.19,33.69,0.0,29,29,0.0,0,14,-1024,0,0,667,715,0,0,-1,0,0,-1,-1,-1,-1,-1,-1,0,0,
2026-03-25,17:43:15.250,7.49,99,99,99,-0.125,-3.48,62,0,8.21,-0.135,0.975,0.00,65,0,172.15,-9.17,10,0.10,4.20,4.20,4.19,4.20,4.20,4.19,4.21,4.20,33.69,0.0,29,29,0.0,0,14,-1023,0,0,667,715,0,0,-1,0,0,-1,-1,-1,-1,-1,-1,0,0,
2026-03-25,17:43:15.520,7.49,97,99,99,-0.124,-3.54,62,0,8.25,-0.134,0.973,-0.09,66,0,172.15,-9.17,10,0.10,4.20,4.20,4.19,4.20,4.20,4.19,4.21,4.20,33.69,0.0,29,29,0.0,0,14,-1024,0,0,667,715,0,0,-1,0,0,-1,-1,-1,-1,-1,-1,0,0,
2026-03-25,17:43:15.780,7.50,96,99,99,-0.124,-3.54,61,0,8.24,-0.134,0.974,-0.05,65,0,172.15,-9.17,10,0.10,4.20,4.20,4.20,4.20,4.20,4.19,4.21,4.20,33.69,0.0,29,29,0.0,0,14,-1024,0,0,667,716,0,0,-1,0,0,-1,-1,-1,-1,-1,-1,0,0,
2026-03-25,17:43:16.050,7.50,96,99,99,-0.123,-3.53,61,0,8.26,-0.134,0.973,0.00,64,0,172.14,-9.17,10,0.10,4.20,4.20,4.20,4.20,4.20,4.19,4.21,4.20,33.69,0.0,29,29,0.0,0,14,-1024,0,0,667,715,0,0,-1,0,0,-1,-1,-1,-1,-1,-1,0,0,
2026-03-25,17:43:16.310,7.50,97,100,100,-0.124,-3.52,60,0,8.24,-0.135,0.974,0.02,64,0,172.14,-9.17,10,0.10,4.20,4.20,4.20,4.20,4.20,4.19,4.20,4.20,33.69,0.0,29,29,0.0,0,14,-1024,0,0,667,715,0,0,-1,0,0,-1,-1,-1,-1,-1,-1,0,0,
2026-03-25,17:43:16.580,7.50,98,100,100,-0.124,-3.51,60,0,8.20,-0.134,0.973,0.04,64,0,172.15,-9.17,10,0.10,4.20,4.20,4.20,4.20,4.20,4.19,4.20,4.20,33.69,0.0,29,29,0.0,0,14,-1023,0,0,667,715,0,0,-1,0,0,-1,-1,-1,-1,-1,-1,0,0,
2026-03-25,17:43:16.850,7.50,99,100,100,-0.124,-3.50,60,0,8.21,-0.135,0.974,0.00,63,0,172.15,-9.17,10,0.10,4.20,4.20,4.20,4.20,4.20,4.19,4.20,4.20,33.69,0.0,29,29,0.0,0,15,-1024,0,0,667,715,0,0,-1,0,0,-1,-1,-1,-1,-1,-1,0,0,
2026-03-25,17:43:17.110,7.50,100,100,100,-0.125,-3.49,60,0,8.22,-0.134,0.973,0.05,64,0,172.15,-9.18,10,0.10,4.20,4.20,4.19,4.20,4.20,4.19,4.20,4.20,33.69,0.0,29,29,0.0,0,14,-1023,0,0,667,715,0,0,-1,0,0,-1,-1,-1,-1,-1,-1,0,0,
2026-03-25,17:43:17.380,7.50,98,100,100,-0.123,-3.53,60,0,8.24,-0.134,0.974,-0.01,64,0,172.14,-9.18,10,0.10,4.20,4.20,4.19,4.20,4.20,4.19,4.20,4.20,33.69,0.0,29,29,0.0,0,15,-1023,0,0,667,715,0,0,-1,0,0,-1,-1,-1,-1,-1,-1,0,0,
2026-03-25,17:43:17.650,7.50,98,100,100,-0.124,-3.51,60,0,8.23,-0.135,0.974,0.00,64,0,172.14,-9.18,10,0.10,4.20,4.20,4.19,4.20,4.20,4.19,4.21,4.19,33.69,0.0,29,29,0.0,0,14,-1024,0,0,666,715,0,0,-1,0,0,-1,-1,-1,-1,-1,-1,0,0,
2026-03-25,17:43:17.910,7.49,98,100,100,-0.123,-3.52,60,0,8.26,-0.135,0.973,0.00,65,0,172.14,-9.18,10,0.10,4.20,4.20,4.19,4.20,4.20,4.19,4.21,4.19,33.69,0.0,29,29,0.0,0,14,-1024,0,0,667,715,0,0,-1,0,0,-1,-1,-1,-1,-1,-1,0,0,
2026-03-25,17:43:18.180,7.49,100,100,100,-0.123,-3.53,60,0,8.27,-0.135,0.974,-0.03,66,0,172.14,-9.18,10,0.10,4.20,4.20,4.20,4.20,4.20,4.19,4.21,4.19,33.69,0.0,29,29,0.0,0,14,-1024,0,0,667,715,0,0,-1,0,0,-1,-1,-1,-1,-1,-1,0,0,
2026-03-25,17:43:18.440,7.50,100,100,100,-0.123,-3.50,60,0,8.28,-0.134,0.974,0.03,64,0,172.14,-9.18,10,0.10,4.20,4.20,4.20,4.20,4.20,4.19,4.21,4.19,33.69,0.0,29,29,0.0,0,14,-1024,0,0,667,715,0,0,-1,0,0,-1,-1,-1,-1,-1,-1,0,0,
2026-03-25,17:43:18.700,7.50,100,100,100,-0.123,-3.50,58,0,8.25,-0.135,0.974,0.02,63,0,172.14,-9.18,10,0.10,4.20,4.20,4.20,4.20,4.20,4.19,4.21,4.20,33.69,0.0,29,29,0.0,0,14,-1024,0,0,667,716,0,0,-1,0,0,-1,-1,-1,-1,-1,-1,0,0,
2026-03-25,17:43:18.970,7.50,99,100,100,-0.123,-3.50,57,0,8.22,-0.135,0.974,0.00,63,0,172.14,-9.18,10,0.10,4.20,4.20,4.20,4.20,4.20,4.19,4.21,4.20,33.69,0.0,29,29,0.0,0,14,-1024,0,0,667,715,0,0,-1,0,0,-1,-1,-1,-1,-1,-1,0,0,
2026-03-25,17:43:19.240,7.50,99,100,100,-0.123,-3.51,56,0,8.20,-0.135,0.974,0.01,63,0,172.14,-9.18,10,0.10,4.20,4.20,4.20,4.20,4.20,4.19,4.21,4.20,33.69,0.0,29,29,0.0,0,14,-1023,0,0,667,715,0,0,-1,0,0,-1,-1,-1,-1,-1,-1,0,0,
2026-03-25,17:43:19.510,7.50,99,100,100,-0.123,-3.51,55,0,8.23,-0.135,0.974,0.00,63,0,172.14,-9.17,10,0.10,4.20,4.20,4.20,4.20,4.20,4.19,4.21,4.20,33.69,0.0,29,29,0.0,0,14,-1024,0,0,667,715,0,0,-1,0,0,-1,-1,-1,-1,-1,-1,0,0,
2026-03-25,17:43:19.780,7.50,100,100,100,-0.123,-3.54,54,0,8.23,-0.135,0.974,-0.10,64,0,172.15,-9.17,10,0.10,4.20,4.20,4.20,4.20,4.20,4.19,4.21,4.20,33.69,0.0,29,29,0.0,0,14,-1024,0,0,667,716,0,0,-1,0,0,-1,-1,-1,-1,-1,-1,0,0,
2026-03-25,17:43:20.050,7.50,100,100,100,-0.123,-3.53,54,0,8.24,-0.135,0.974,0.02,64,0,172.15,-9.17,10,0.10,4.20,4.20,4.20,4.20,4.20,4.19,4.20,4.20,33.69,0.0,29,29,0.0,0,14,-1024,0,0,667,715,0,0,-1,0,0,-1,-1,-1,-1,-1,-1,0,0,
2026-03-25,17:43:20.320,7.50,99,100,100,-0.123,-3.53,54,0,8.20,-0.135,0.974,0.01,64,0,172.15,-9.17,10,0.10,4.20,4.20,4.20,4.20,4.20,4.19,4.20,4.20,33.69,0.0,29,29,0.0,0,14,-1024,0,0,667,716,0,0,-1,0,0,-1,-1,-1,-1,-1,-1,0,0,
2026-03-25,17:43:20.580,7.50,99,100,100,-0.123,-3.50,54,0,8.24,-0.135,0.974,0.03,65,0,172.15,-9.17,10,0.10,4.20,4.20,4.20,4.20,4.20,4.19,4.20,4.20,33.69,0.0,29,29,0.0,0,14,-1024,0,0,667,715,0,0,-1,0,0,-1,-1,-1,-1,-1,-1,0,0,
2026-03-25,17:43:20.840,7.50,99,100,100,-0.124,-3.48,54,0,8.23,-0.134,0.974,0.08,64,0,172.15,-9.17,10,0.10,4.20,4.20,4.20,4.20,4.20,4.19,4.20,4.20,33.69,0.0,29,29,0.0,0,14,-1024,0,0,667,715,0,0,-1,0,0,-1,-1,-1,-1,-1,-1,0,0,
2026-03-25,17:43:21.100,7.50,99,100,100,-0.123,-3.51,54,0,8.23,-0.135,0.974,-0.01,64,0,172.15,-9.17,10,0.10,4.20,4.20,4.20,4.20,4.20,4.19,4.20,4.20,33.69,0.0,29,29,0.0,0,15,-1024,0,0,667,716,0,0,-1,0,0,-1,-1,-1,-1,-1,-1,0,0,
2026-03-25,17:43:21.360,7.50,98,100,100,-0.123,-3.48,54,0,8.20,-0.135,0.974,0.00,65,0,172.15,-9.17,10,0.10,4.20,4.20,4.20,4.20,4.20,4.19,4.20,4.20,33.69,0.0,29,29,0.0,0,15,-1022,0,0,667,715,0,0,-1,0,0,-1,-1,-1,-1,-1,-1,0,0,
2026-03-25,17:43:21.620,7.50,98,100,100,-0.123,-3.48,54,0,8.18,-0.134,0.974,0.01,64,0,172.15,-9.17,10,0.10,4.20,4.20,4.20,4.20,4.20,4.19,4.20,4.20,33.69,0.0,29,29,0.0,0,15,-990,0,0,667,716,0,0,-1,0,0,-1,-1,-1,-1,-1,-1,0,0,
2026-03-25,17:43:21.890,7.50,98,100,100,-0.123,-3.50,54,0,8.18,-0.135,0.974,0.00,63,0,172.15,-9.17,10,0.10,4.20,4.20,4.20,4.20,4.20,4.19,4.20,4.20,33.69,0.0,29,29,0.0,0,15,-885,0,0,667,716,0,0,-1,0,0,-1,-1,-1,-1,-1,-1,0,0,
2026-03-25,17:43:22.160,7.50,97,100,100,-0.123,-3.52,54,0,8.19,-0.142,0.979,-0.07,62,0,172.15,-9.17,10,0.10,4.20,4.20,4.20,4.20,4.20,4.19,4.20,4.20,33.69,0.0,29,29,0.0,0,-71,-792,0,0,667,715,0,0,-1,0,0,-1,-1,-1,-1,-1,-1,0,0,
2026-03-25,17:43:22.430,7.50,96,100,100,-0.106,-3.46,54,0,8.18,-0.142,0.972,0.06,63,0,172.14,-9.16,10,0.10,4.20,4.20,4.20,4.20,4.20,4.19,4.20,4.19,33.69,0.0,29,29,0.0,0,-69,-790,0,0,667,716,0,0,-1,0,0,-1,-1,-1,-1,-1,-1,0,0,
2026-03-25,17:43:22.690,7.50,97,100,100,-0.109,-3.56,54,0,8.18,-0.139,0.973,0.12,63,0,172.14,-9.16,10,0.10,4.20,4.20,4.20,4.20,4.20,4.19,4.20,4.19,33.69,0.4,29,29,0.0,0,-83,-790,0,0,667,716,0,0,-1,0,0,-1,-1,-1,-1,-1,-1,0,0,
2026-03-25,17:43:22.960,7.50,98,100,100,-0.111,-3.52,54,0,8.17,-0.135,0.968,-0.04,63,0,172.14,-9.16,10,0.10,4.20,4.20,4.19,4.20,4.20,4.19,4.20,4.19,33.69,0.0,29,29,0.0,0,-107,-790,0,0,667,715,0,0,-1,0,0,-1,-1,-1,-1,-1,-1,0,0,
2026-03-25,17:43:23.220,7.51,98,100,100,-0.118,-3.50,54,0,8.20,-0.136,0.968,0.04,62,0,172.14,-9.16,10,0.10,4.20,4.20,4.19,4.20,4.20,4.19,4.20,4.19,33.69,0.0,29,29,0.0,0,0,-799,0,0,667,715,0,0,-1,0,0,-1,-1,-1,-1,-1,-1,0,0,
2026-03-25,17:43:23.490,7.51,99,100,100,-0.120,-3.54,54,0,8.25,-0.134,0.973,-0.05,62,0,172.14,-9.16,10,0.10,4.20,4.20,4.19,4.20,4.20,4.19,4.20,4.19,33.69,0.0,29,29,0.0,0,13,-1019,0,0,667,716,0,0,-1,0,0,-1,-1,-1,-1,-1,-1,0,0,
2026-03-25,17:43:23.760,7.51,99,100,100,-0.122,-3.56,54,0,8.27,-0.136,0.979,-0.05,61,0,172.14,-9.16,10,0.10,4.20,4.20,4.19,4.20,4.20,4.19,4.20,4.20,33.69,0.0,29,29,0.0,0,13,-1023,0,0,667,715,0,0,-1,0,0,-1,-1,-1,-1,-1,-1,0,0,
2026-03-25,17:43:24.020,7.50,100,100,100,-0.124,-3.54,54,0,8.24,-0.134,0.972,-0.01,61,0,172.14,-9.17,10,0.10,4.19,4.20,4.19,4.20,4.20,4.19,4.20,4.20,33.69,0.0,29,29,0.0,0,13,-1023,0,0,667,716,0,-1,-1,0,0,-1,-1,-1,-1,-1,-1,0,0,
2026-03-25,17:43:24.280,7.51,100,100,100,-0.124,-3.56,54,0,8.24,-0.134,0.974,-0.01,62,0,172.15,-9.17,10,0.10,4.19,4.20,4.19,4.20,4.20,4.19,4.20,4.20,33.69,0.0,29,29,0.0,0,14,-1023,0,0,667,715,0,-1,-1,0,0,-1,-1,-1,-1,-1,-1,0,0,
2026-03-25,17:43:24.550,7.50,100,100,100,-0.123,-3.51,54,0,8.26,-0.136,0.974,0.04,60,0,172.15,-9.17,10,0.10,4.19,4.20,4.19,4.20,4.20,4.19,4.20,4.20,33.69,0.0,29,29,0.0,0,14,-1023,0,0,667,716,0,-1,-1,0,0,-1,-1,-1,-1,-1,-1,0,0,
2026-03-25,17:43:24.820,7.50,100,100,100,-0.123,-3.47,54,0,8.25,-0.135,0.975,0.12,61,0,172.15,-9.17,10,0.10,4.19,4.20,4.19,4.20,4.20,4.19,4.21,4.20,33.69,0.0,29,29,0.0,0,14,-1023,0,0,667,715,0,0,-1,0,0,-1,-1,-1,-1,-1,-1,0,0,
2026-03-25,17:43:25.090,7.50,99,100,100,-0.123,-3.47,54,0,8.22,-0.135,0.973,0.06,61,0,172.14,-9.18,10,0.10,4.20,4.20,4.19,4.20,4.20,4.19,4.21,4.20,33.69,0.0,29,29,0.0,0,14,-1023,0,0,667,715,0,0,-1,0,0,-1,-1,-1,-1,-1,-1,0,0,
2026-03-25,17:43:25.360,7.51,99,100,100,-0.122,-3.53,54,0,8.25,-0.135,0.974,-0.10,61,0,172.14,-9.18,10,0.10,4.20,4.20,4.20,4.20,4.20,4.19,4.21,4.20,33.69,0.0,29,29,0.0,0,14,-1023,0,0,667,715,0,0,-1,0,0,-1,-1,-1,-1,-1,-1,0,0,
2026-03-25,17:43:25.620,7.51,99,100,100,-0.122,-3.54,54,0,8.27,-0.135,0.974,-0.09,60,0,172.15,-9.18,10,0.10,4.20,4.20,4.20,4.20,4.20,4.19,4.21,4.20,33.69,0.0,29,29,0.0,0,13,-1023,0,0,667,715,0,0,-1,0,0,-1,-1,-1,-1,-1,-1,0,0,
2026-03-25,17:43:25.880,7.51,100,100,100,-0.123,-3.54,54,0,8.27,-0.135,0.974,0.01,61,0,172.15,-9.18,10,0.10,4.20,4.20,4.20,4.20,4.20,4.19,4.21,4.20,33.69,0.0,29,29,0.0,0,14,-1023,0,0,667,715,0,0,-1,0,0,-1,-1,-1,-1,-1,-1,0,0,
2026-03-25,17:43:26.150,7.51,100,100,100,-0.124,-3.57,54,0,8.28,-0.134,0.973,-0.06,62,0,172.15,-9.18,10,0.10,4.20,4.20,4.20,4.20,4.20,4.19,4.20,4.19,33.69,0.0,29,29,0.0,-21,14,-779,0,0,667,715,0,0,-1,0,0,-1,-1,-1,-1,-1,-1,0,0,
2026-03-25,17:43:26.420,7.51,100,100,100,-0.130,-3.55,54,0,8.23,-0.135,0.977,-0.02,62,0,172.13,-9.17,10,0.10,4.20,4.20,4.20,4.20,4.20,4.19,4.20,4.19,33.69,0.0,29,29,0.0,0,13,-600,0,0,667,716,0,0,-1,0,0,-1,-1,-1,-1,-1,-1,0,0,
2026-03-25,17:43:26.680,7.51,98,100,100,-0.124,-3.63,54,0,8.20,-0.130,0.971,-0.09,63,0,172.15,-9.10,10,0.10,4.20,4.20,4.19,4.20,4.20,4.19,4.20,4.19,33.68,1.6,29,29,0.0,0,-32,-594,0,0,667,716,0,0,-1,0,0,-1,-1,-1,-1,-1,-1,0,0,
2026-03-25,17:43:26.940,7.51,97,100,100,-0.134,-3.71,54,0,8.18,-0.129,0.980,-0.26,63,0,172.16,-9.05,10,0.10,4.20,4.20,4.19,4.20,4.20,4.19,4.20,4.19,33.68,1.6,29,29,0.0,0,-49,-399,0,0,667,716,0,0,-1,0,0,-1,-1,-1,-1,-1,-1,0,0,
2026-03-25,17:43:27.200,7.51,97,100,100,-0.134,-3.67,54,0,8.18,-0.124,0.979,-0.03,62,0,172.17,-8.97,10,0.10,4.20,4.20,4.19,4.20,4.20,4.19,4.20,4.19,33.65,2.6,29,29,0.0,0,-63,-395,0,0,667,716,0,0,-1,0,0,-1,-1,-1,-1,-1,-1,0,0,
2026-03-25,17:43:27.470,7.50,97,100,100,-0.136,-3.70,54,0,8.17,-0.129,0.967,-0.03,62,0,172.20,-8.85,10,0.10,4.18,4.19,4.19,4.20,4.20,4.19,4.20,4.19,33.65,4.0,29,29,0.0,0,-73,-295,0,0,667,715,0,0,-1,0,0,-1,-1,-1,-1,-1,-1,0,0,
2026-03-25,17:43:27.730,7.51,96,100,100,-0.144,-3.77,54,0,8.17,-0.134,0.970,-0.15,62,0,172.18,-8.85,10,0.10,4.18,4.19,4.18,4.18,4.20,4.19,4.20,4.19,33.61,4.0,29,29,0.0,0,-63,-215,0,0,667,716,0,0,-1,0,0,-1,-1,-1,-1,-1,-1,0,0,
2026-03-25,17:43:27.990,7.51,92,100,100,-0.158,-3.88,54,0,8.17,-0.182,0.978,-0.27,62,0,172.22,-8.69,10,0.10,4.18,4.19,4.18,4.18,4.20,4.19,4.20,4.19,33.61,4.0,29,29,0.0,0,-86,-123,0,0,667,716,0,0,-1,0,0,-1,-1,-1,-1,-1,-1,0,0,
2026-03-25,17:43:28.270,7.51,90,100,100,-0.192,-4.07,54,0,8.20,-0.300,0.953,-0.31,62,0,172.07,-9.10,10,0.10,4.18,4.19,4.18,4.18,4.18,4.17,4.20,4.19,33.56,4.0,29,29,0.0,0,-139,-40,0,0,667,716,0,0,-1,0,0,-1,-1,-1,-1,-1,-1,0,0,
2026-03-25,17:43:28.530,7.50,92,100,100,-0.207,-4.13,54,0,8.20,-0.381,0.995,-0.25,63,0,171.71,-10.64,10,0.10,4.18,4.19,4.18,4.18,4.18,4.17,4.18,4.17,33.47,7.5,29,29,0.0,-272,-153,0,0,0,667,716,0,0,-1,0,0,-1,-1,-1,-1,-1,-1,0,0,
2026-03-25,17:43:28.790,7.51,96,100,100,-0.176,-4.23,54,0,8.19,-0.337,0.917,-0.27,61,0,171.44,-11.56,10,0.10,4.16,4.17,4.18,4.18,4.18,4.17,4.18,4.17,33.47,7.5,29,29,0.0,-375,-156,98,0,0,667,715,0,0,-1,0,0,-1,-1,-1,-1,-1,-1,0,0,
2026-03-25,17:43:29.060,7.50,99,100,100,-0.176,-4.38,55,0,8.18,-0.492,0.823,-0.44,58,0,171.06,-13.13,10,0.10,4.16,4.17,4.15,4.15,4.18,4.17,4.18,4.17,33.37,7.4,29,29,0.0,-423,-198,105,0,0,667,715,0,0,-1,0,0,-1,-1,-1,-1,-1,-1,0,0,
2026-03-25,17:43:29.330,7.50,99,100,100,-0.148,-4.74,57,0,8.17,-0.472,0.939,-0.85,60,0,170.96,-15.21,10,0.10,4.16,4.17,4.15,4.15,4.15,4.14,4.18,4.17,33.37,7.4,29,29,0.0,-491,-227,177,0,0,667,715,0,0,-1,0,0,-1,-1,-1,-1,-1,-1,0,0,
2026-03-25,17:43:29.610,7.50,100,100,100,-0.217,-4.99,60,0,8.17,-0.456,0.870,-0.91,57,0,170.78,-16.40,10,0.10,4.16,4.17,4.15,4.15,4.15,4.14,4.13,4.13,33.23,8.0,29,29,10.7,-534,-236,210,0,0,666,715,0,0,-1,0,0,-1,-1,-1,-1,-1,-1,0,0,
2026-03-25,17:43:29.880,7.51,100,100,100,-0.229,-5.27,62,0,8.17,-0.449,1.039,-0.94,57,0,170.40,-17.52,10,0.10,4.11,4.13,4.15,4.15,4.15,4.14,4.13,4.13,33.23,8.0,29,29,12.4,-638,-237,256,0,0,667,715,0,0,-1,0,0,-1,-1,-1,-1,-1,-1,0,0,
2026-03-25,17:43:30.150,7.51,100,100,100,-0.213,-5.45,65,0,8.17,-0.507,0.835,-0.80,61,0,170.01,-17.84,10,0.10,4.11,4.13,4.10,4.10,4.15,4.14,4.13,4.13,33.10,9.5,29,29,12.4,-694,-213,307,0,0,667,716,0,0,-1,0,0,-1,-1,-1,-1,-1,-1,0,0,
2026-03-25,17:43:30.420,7.51,100,100,100,-0.215,-5.86,67,0,8.20,-0.482,0.837,-0.64,65,0,168.92,-20.63,10,0.10,4.11,4.13,4.10,4.10,4.09,4.09,4.13,4.13,33.10,9.5,29,29,17.8,-703,-29,409,0,0,667,716,0,0,-1,0,0,-1,-1,-1,-1,-1,-1,0,0,
2026-03-25,17:43:30.680,7.50,100,100,100,-0.158,-6.16,67,0,8.23,-0.573,0.817,-0.86,66,0,168.99,-21.57,10,0.10,4.11,4.13,4.10,4.10,4.09,4.09,4.13,4.13,32.91,12.0,29,29,20.7,-615,-49,413,-20,0,667,716,0,0,-1,0,0,-1,-1,-1,-1,-1,-1,0,0,
2026-03-25,17:43:30.950,7.51,100,100,100,-0.194,-6.19,67,0,8.23,-0.509,0.790,-0.49,69,0,168.73,-22.20,10,0.10,4.11,4.13,4.10,4.10,4.09,4.09,4.08,4.08,32.91,12.0,29,29,28.2,-569,0,417,-20,0,667,715,0,0,-1,0,0,-1,-1,-1,-1,-1,-1,0,0,
2026-03-25,17:43:31.210,7.50,98,100,100,-0.208,-6.36,65,0,8.26,-0.484,0.887,-0.45,72,0,168.09,-22.92,10,0.10,4.05,4.06,4.10,4.10,4.09,4.09,4.08,4.08,32.76,15.4,29,29,32.6,-544,-39,449,-1,0,667,716,0,0,-1,0,0,-1,-1,-1,-1,-1,-1,0,0,
2026-03-25,17:43:31.480,7.50,98,100,100,-0.202,-6.59,63,0,8.24,-0.512,0.881,-0.70,72,0,167.83,-23.54,10,0.10,4.05,4.06,4.04,4.05,4.09,4.09,4.08,4.08,32.76,15.4,29,29,36.5,-520,-52,449,-9,0,667,716,0,0,-1,0,0,-1,-1,-1,-1,-1,-1,0,0,
2026-03-25,17:43:31.740,7.51,97,100,100,-0.154,-6.82,63,0,8.23,-0.504,0.957,-0.79,75,0,167.61,-24.86,10,0.10,4.05,4.06,4.04,4.05,4.03,4.03,4.08,4.08,32.61,16.6,29,29,41.7,-361,-133,451,0,0,667,716,0,0,-1,0,0,-1,-1,-1,-1,-1,-1,0,0,
2026-03-25,17:43:32.000,7.51,98,100,100,-0.195,-6.93,65,0,8.22,-0.533,1.112,-0.57,75,0,167.05,-26.28,10,0.10,4.05,4.06,4.04,4.05,4.03,4.03,4.02,4.03,32.47,17.2,29,29,45.2,-376,-201,473,0,0,667,716,0,0,-1,0,0,-1,-1,-1,-1,-1,-1,0,0,
2026-03-25,17:43:32.270,7.51,99,100,100,-0.154,-7.10,69,0,8.25,-0.471,0.778,-0.47,73,0,167.15,-26.83,10,0.10,4.01,4.02,4.04,4.05,4.03,4.03,4.02,4.03,32.47,17.2,29,29,45.2,-353,-172,478,-14,0,667,716,0,0,-1,0,0,-1,-1,-1,-1,-1,-1,0,0,
2026-03-25,17:43:32.540,7.51,100,100,100,-0.114,-7.30,67,0,8.27,-0.537,0.893,-0.59,74,0,167.38,-29.29,10,0.10,4.01,4.02,4.01,4.01,4.03,4.03,4.02,4.03,32.35,18.7,29,29,50.9,-326,-138,479,-49,0,667,715,0,0,-1,0,0,-1,-1,-1,-1,-1,-1,0,0,
2026-03-25,17:43:32.800,7.51,99,100,100,-0.147,-7.44,66,0,8.27,-0.562,0.898,-0.58,73,0,165.75,-31.31,10,0.10,4.01,4.02,4.01,4.01,4.03,4.03,4.02,4.03,32.35,18.7,29,29,50.9,-276,-122,482,-69,0,667,715,0,0,-1,0,0,-1,-1,-1,-1,-1,-1,0,0,
2026-03-25,17:43:33.060,7.51,99,100,100,-0.149,-7.50,65,0,8.23,-0.557,0.912,-0.38,73,0,163.58,-31.53,10,0.10,4.01,4.02,4.01,4.01,4.00,4.00,4.02,4.03,32.24,19.3,29,29,55.4,-208,-95,493,-78,0,667,716,0,0,-1,0,0,-1,-1,-1,-1,-1,-1,0,0,
2026-03-25,17:43:33.330,7.51,99,100,100,-0.180,-7.61,64,0,8.20,-0.545,0.924,-0.23,73,0,158.49,-30.17,10,0.10,4.01,4.02,4.01,4.01,4.00,4.00,3.99,4.01,32.24,19.3,29,29,58.5,-76,-248,549,156,0,667,715,0,0,-1,0,0,-1,-1,-1,-1,-1,-1,0,0,
2026-03-25,17:43:33.590,7.51,100,100,100,-0.178,-7.96,64,0,8.18,-0.579,1.007,-0.71,70,0,156.70,-30.36,10,0.10,3.98,4.00,4.01,4.01,4.00,4.00,3.99,4.01,32.11,21.6,29,29,63.3,0,-186,566,136,0,667,716,0,0,-1,0,0,-1,-1,-1,-1,-1,-1,0,0,
2026-03-25,17:43:33.850,7.51,100,100,100,-0.171,-8.13,63,0,8.19,-0.590,1.049,-0.77,66,0,153.33,-32.28,10,0.10,3.98,4.00,3.98,3.99,4.00,4.00,3.99,4.01,32.11,21.6,29,29,64.6,37,-142,577,225,0,667,716,0,0,-1,0,0,-1,-1,-1,-1,-1,-1,0,0,
2026-03-25,17:43:34.120,7.51,100,100,100,-0.193,-8.11,61,0,8.22,-0.557,1.081,-0.31,63,0,152.60,-33.01,10,0.10,3.98,4.00,3.98,3.99,3.97,3.97,3.99,4.01,31.98,26.4,29,29,68.7,77,-77,577,293,0,667,716,0,0,-1,0,0,-1,-1,-1,-1,-1,-1,0,0,
2026-03-25,17:43:34.380,7.50,100,100,100,-0.206,-8.01,60,0,8.25,-0.551,1.142,0.08,62,0,154.50,-35.40,10,0.10,3.98,4.00,3.98,3.99,3.97,3.97,3.96,3.97,31.98,26.4,29,29,68.7,46,-75,577,107,0,667,716,0,0,-1,0,0,-1,-1,-1,-1,-1,-1,0,0,
2026-03-25,17:43:34.640,7.51,100,100,100,-0.183,-7.78,59,0,8.25,-0.519,1.059,0.49,59,0,155.88,-36.75,10,0.10,3.95,3.96,3.98,3.99,3.97,3.97,3.96,3.97,31.88,26.8,29,29,71.9,0,-57,574,77,0,667,716,0,0,-1,0,0,-1,-1,-1,-1,-1,-1,0,0,
2026-03-25,17:43:34.910,7.51,96,100,100,-0.201,-7.45,52,0,8.26,-0.532,1.126,0.81,58,0,156.66,-39.42,10,0.10,3.95,3.96,3.94,3.96,3.97,3.97,3.96,3.97,31.88,26.8,29,29,72.6,0,-16,490,34,0,666,716,0,0,-1,0,0,-1,-1,-1,-1,-1,-1,0,0,
2026-03-25,17:43:35.180,7.51,94,100,100,-0.176,-6.88,48,0,8.27,-0.450,1.065,1.46,55,0,156.64,-41.49,10,0.10,3.95,3.96,3.94,3.96,3.97,3.97,3.96,3.97,31.83,24.3,29,29,72.6,0,5,489,28,0,667,716,0,0,-1,0,0,-1,-1,-1,-1,-1,-1,0,0,
2026-03-25,17:43:35.440,7.51,94,100,100,-0.160,-6.03,49,0,8.28,-0.432,0.966,1.46,51,0,156.62,-42.15,10,0.10,3.95,3.96,3.94,3.96,3.95,3.95,3.96,3.97,31.83,24.3,29,29,72.8,0,0,489,45,0,667,715,0,0,-1,0,0,-1,-1,-1,-1,-1,-1,0,0,
2026-03-25,17:43:35.700,7.51,97,100,100,-0.149,-5.11,51,0,8.28,-0.426,0.983,2.92,52,0,156.82,-43.70,10,0.10,3.95,3.96,3.94,3.96,3.95,3.95,3.95,3.96,31.80,20.0,29,29,72.4,0,0,489,25,0,667,715,0,0,-1,0,0,-1,-1,-1,-1,-1,-1,0,0,
2026-03-25,17:43:35.960,7.51,100,100,100,-0.155,-4.13,51,0,8.28,-0.421,1.080,3.14,56,0,157.32,-45.24,10,0.10,3.95,3.96,3.94,3.96,3.95,3.95,3.95,3.96,31.80,20.0,29,29,73.5,0,61,489,0,0,666,716,0,0,-1,0,0,-1,-1,-1,-1,-1,-1,0,0,
2026-03-25,17:43:36.220,7.51,99,100,100,-0.171,-3.14,46,0,8.28,-0.421,0.982,3.35,57,0,158.36,-44.84,10,0.10,3.95,3.96,3.94,3.96,3.95,3.95,3.95,3.96,31.76,20.2,29,29,72.6,0,16,489,0,0,667,716,0,0,-1,0,0,-1,-1,-1,-1,-1,-1,0,0,
2026-03-25,17:43:36.480,7.51,94,100,100,-0.189,-3.14,43,0,8.28,-0.457,1.048,3.70,57,0,161.16,-46.09,10,0.10,3.95,3.96,3.94,3.96,3.96,3.96,3.95,3.96,31.76,20.1,29,29,72.6,0,38,490,0,0,667,715,0,0,-1,0,0,-1,-1,-1,-1,-1,-1,0,0,
2026-03-25,17:43:36.740,7.51,92,100,100,-0.178,0.23,42,0,8.28,-0.437,0.951,3.84,59,0,163.28,-46.94,10,0.10,3.95,3.96,3.94,3.96,3.96,3.96,3.95,3.96,31.76,20.1,29,29,71.9,0,122,501,0,0,667,715,0,0,-1,0,0,-1,-1,-1,-1,-1,-1,0,0,
2026-03-25,17:43:37.010,7.51,91,100,100,-0.171,1.50,42,0,8.28,-0.449,0.948,4.24,58,0,167.58,-45.76,10,0.10,3.95,3.96,3.94,3.96,3.96,3.96,3.95,3.96,31.71,21.0,29,29,72.2,0,101,526,-6,0,667,716,0,0,-1,0,0,-1,-1,-1,-1,-1,-1,0,0,
2026-03-25,17:43:37.280,7.51,94,99,99,-0.175,2.80,43,0,8.28,-0.469,0.893,4.24,48,0,169.03,-44.31,10,0.10,3.95,3.96,3.94,3.96,3.96,3.96,3.95,3.96,31.71,21.0,29,29,71.3,0,103,573,-118,0,667,716,0,0,-1,0,0,-1,-1,-1,-1,-1,-1,0,0,
2026-03-25,17:43:37.550,7.51,96,98,98,-0.196,4.09,45,0,8.28,-0.498,0.980,4.46,43,0,171.70,-42.96,10,0.10,3.95,3.96,3.94,3.95,3.96,3.96,3.95,3.96,31.71,24.8,29,29,70.7,0,36,576,-124,0,667,716,0,0,-1,0,0,-1,-1,-1,-1,-1,-1,0,1,
2026-03-25,17:43:37.820,7.51,97,97,96,-0.185,5.45,47,0,8.28,-0.506,0.945,4.60,41,0,173.08,-42.60,10,0.10,3.95,3.96,3.94,3.95,3.94,3.94,3.95,3.96,31.71,24.8,29,29,70.6,0,34,573,-138,0,667,716,0,0,-1,0,0,-1,-1,-1,-1,-1,-1,0,1,
2026-03-25,17:43:38.080,7.51,98,98,96,-0.178,6.90,48,0,8.28,-0.501,0.914,4.80,43,0,171.76,-42.13,10,0.10,3.95,3.96,3.94,3.95,3.94,3.94,3.93,3.94,31.62,26.6,29,29,69.1,0,83,541,-139,0,667,716,0,0,-1,0,0,-1,-1,-1,-1,-1,-1,0,1,
2026-03-25,17:43:38.340,7.51,94,96,96,-0.179,8.23,47,0,8.28,-0.503,0.957,4.76,48,0,170.28,-41.53,10,0.10,3.92,3.93,3.94,3.95,3.94,3.94,3.93,3.94,31.62,26.6,29,29,68.2,0,41,531,-82,0,667,716,0,0,-1,0,0,-1,-1,-1,-1,-1,-1,0,1,
2026-03-25,17:43:38.600,7.51,93,96,96,-0.166,9.73,47,0,8.28,-0.488,0.897,4.96,51,0,170.20,-41.04,10,0.10,3.92,3.93,3.91,3.93,3.94,3.94,3.93,3.94,31.57,23.2,29,29,66.1,0,16,528,0,0,667,716,0,0,-1,0,0,-1,-1,-1,-1,-1,-1,0,1,
2026-03-25,17:43:38.880,7.51,92,96,96,-0.170,11.34,48,0,8.28,-0.504,0.923,5.29,54,0,171.30,-40.83,10,0.10,3.92,3.93,3.91,3.93,3.92,3.92,3.93,3.94,31.57,23.2,29,29,64.1,0,210,528,-14,0,667,716,0,0,-1,0,0,-1,-1,-1,-1,-1,-1,0,1,
2026-03-25,17:43:39.140,7.51,95,96,96,-0.115,14.97,49,0,8.28,-0.451,0.680,6.25,56,0,171.92,-38.74,10,0.10,3.92,3.93,3.91,3.93,3.92,3.92,3.92,3.93,31.53,22.3,29,29,64.1,0,386,529,-56,0,667,716,0,0,-1,0,0,-1,-1,-1,-1,-1,-1,0,1,
2026-03-25,17:43:39.410,7.51,96,96,96,-0.099,16.44,50,0,8.28,-0.428,0.559,5.64,56,0,171.02,-36.71,10,0.10,3.91,3.93,3.91,3.93,3.92,3.92,3.92,3.93,31.53,22.3,29,29,63.7,12,197,529,-71,0,667,715,0,0,-1,0,0,-1,-1,-1,-1,-1,-1,0,1,
2026-03-25,17:43:39.670,7.51,96,96,96,-0.143,17.91,50,0,8.28,-0.448,0.657,5.34,55,0,170.17,-34.50,10,0.10,3.91,3.93,3.91,3.93,3.92,3.92,3.92,3.93,31.48,20.9,29,29,64.1,16,87,528,-45,0,667,716,0,0,-1,0,0,-1,-1,-1,-1,-1,-1,0,1,
2026-03-25,17:43:39.940,7.51,95,96,96,-0.170,19.20,50,0,8.28,-0.499,0.784,4.78,54,0,170.95,-35.11,10,0.10,3.91,3.93,3.91,3.93,3.92,3.92,3.92,3.93,31.48,20.9,29,29,64.1,20,167,528,-45,0,667,715,0,0,-1,0,0,-1,-1,-1,-1,-1,-1,0,1,
2026-03-25,17:43:40.200,7.51,96,97,96,-0.175,20.46,50,0,8.28,-0.490,0.830,4.56,53,0,173.74,-35.98,10,0.10,3.91,3.93,3.91,3.93,3.92,3.92,3.92,3.93,31.44,21.5,29,29,64.6,27,171,528,-31,0,667,716,0,0,-1,0,0,-1,-1,-1,-1,-1,-1,0,1,
2026-03-25,17:43:40.480,7.51,96,96,96,-0.184,21.62,50,0,8.28,-0.486,0.798,4.27,48,0,178.51,-35.11,10,0.10,3.91,3.93,3.91,3.93,3.92,3.92,3.91,3.93,31.44,22.9,29,29,63.7,22,118,576,-40,0,667,716,0,0,-1,0,0,-1,-1,-1,-1,-1,-1,0,1,
2026-03-25,17:43:40.740,7.51,98,98,96,-0.163,22.87,50,0,8.28,-0.501,0.795,4.29,49,0,-171.55,-35.43,10,0.10,3.90,3.92,3.91,3.93,3.92,3.92,3.91,3.93,31.38,22.9,29,29,64.6,26,25,571,-83,0,667,716,0,0,-1,0,0,-1,-1,-1,-1,-1,-1,0,1,
2026-03-25,17:43:41.010,7.51,95,96,96,-0.145,23.99,50,0,8.28,-0.495,0.798,4.04,50,0,-177.66,-35.84,10,0.10,3.90,3.92,3.90,3.91,3.92,3.92,3.91,3.93,31.34,26.5,29,29,65.2,0,-25,569,-191,0,666,715,0,0,-1,0,0,-1,-1,-1,-1,-1,-1,0,1,
2026-03-25,17:43:41.270,7.51,93,95,95,-0.127,25.10,50,0,8.28,-0.535,0.879,3.98,45,0,-30.79,-35.73,10,0.10,3.90,3.92,3.90,3.91,3.90,3.90,3.91,3.93,31.34,26.5,29,29,65.2,0,-28,568,-170,0,667,716,0,0,-1,0,0,-1,-1,-1,-1,-1,-1,0,1,
2026-03-25,17:43:41.530,7.51,93,95,95,-0.138,26.26,50,0,8.28,-0.531,0.922,3.92,41,0,173.82,-34.72,10,0.10,3.90,3.92,3.90,3.91,3.90,3.90,3.89,3.91,31.30,26.3,29,29,65.0,0,9,566,0,0,667,716,0,0,-1,0,0,-1,-1,-1,-1,-1,-1,0,1,
2026-03-25,17:43:41.790,7.51,95,96,96,-0.185,27.26,51,0,8.28,-0.502,0.942,3.77,42,0,171.60,-34.21,10,0.10,3.90,3.92,3.90,3.91,3.90,3.90,3.89,3.91,31.30,26.3,29,29,66.7,0,16,566,0,0,667,716,0,0,-1,0,0,-1,-1,-1,-1,-1,-1,0,1,
2026-03-25,17:43:42.050,7.51,98,98,96,-0.186,28.24,51,0,8.28,-0.496,0.931,3.47,45,0,174.20,-34.92,10,0.10,3.89,3.91,3.90,3.91,3.90,3.90,3.89,3.91,31.27,26.2,29,29,67.6,0,14,566,0,0,667,716,0,0,-1,0,0,-1,-1,-1,-1,-1,-1,0,1,
2026-03-25,17:43:42.320,7.51,98,98,96,-0.157,30.20,52,0,8.28,-0.503,0.914,3.42,49,0,178.75,-36.22,10,0.10,3.89,3.91,3.89,3.90,3.90,3.90,3.89,3.91,31.27,26.2,29,29,67.6,13,-103,566,0,0,666,715,0,0,-1,0,0,-1,-1,-1,-1,-1,-1,0,1,
2026-03-25,17:43:42.580,7.51,99,99,96,-0.158,31.29,52,0,8.28,-0.509,0.926,3.62,52,0,178.77,-36.48,10,0.10,3.89,3.91,3.89,3.90,3.89,3.89,3.89,3.91,31.24,26.0,29,29,66.1,0,-87,566,0,0,667,716,0,0,-1,0,0,-1,-1,-1,-1,-1,-1,0,1,
2026-03-25,17:43:42.850,7.51,98,98,96,-0.151,32.47,51,0,8.28,-0.522,0.978,3.95,54,0,176.08,-37.45,10,0.10,3.89,3.91,3.89,3.90,3.89,3.89,3.89,3.91,31.24,26.0,29,29,67.0,0,-92,566,0,0,666,716,0,0,-1,0,0,-1,-1,-1,-1,-1,-1,0,1,
2026-03-25,17:43:43.110,7.51,95,96,96,-0.166,33.55,49,0,8.28,-0.523,1.012,3.83,56,0,174.60,-38.35,10,0.10,3.88,3.90,3.89,3.90,3.89,3.89,3.89,3.91,31.20,26.0,29,29,67.0,0,-103,566,0,0,667,716,0,0,-1,0,0,-1,-1,-1,-1,-1,-1,0,1,
2026-03-25,17:43:43.370,7.51,89,96,96,-0.173,33.55,47,0,8.28,-0.528,0.998,3.89,57,0,172.89,-40.09,10,0.10,3.88,3.90,3.88,3.89,3.89,3.89,3.89,3.91,31.20,26.0,29,29,67.0,17,-129,565,44,0,667,716,0,0,-1,0,0,-1,-1,-1,-1,-1,-1,0,1,
2026-03-25,17:43:43.640,7.51,82,96,96,-0.164,35.73,43,0,8.28,-0.520,0.996,3.74,57,0,173.36,-42.63,10,0.10,3.88,3.90,3.88,3.89,3.89,3.89,3.89,3.91,31.18,26.3,29,29,67.0,22,-150,566,55,0,667,716,0,0,-1,0,0,-1,-1,-1,-1,-1,-1,0,1,
2026-03-25,17:43:43.910,7.51,72,96,96,-0.164,37.00,42,0,8.28,-0.520,1.032,4.01,57,0,174.17,-44.39,10,0.10,3.88,3.90,3.88,3.89,3.89,3.89,3.89,3.91,31.18,26.3,29,29,67.6,38,-138,567,99,0,667,716,0,0,-1,0,0,-1,-1,-1,-1,-1,-1,0,1,
2026-03-25,17:43:44.170,7.51,64,96,96,-0.140,38.49,40,0,8.28,-0.548,0.987,4.65,57,0,175.08,-47.50,10,0.10,3.88,3.90,3.88,3.89,3.89,3.89,3.89,3.91,31.15,25.6,29,29,66.1,54,-122,568,179,0,667,716,0,0,-1,0,0,-1,-1,-1,-1,-1,-1,0,1,
2026-03-25,17:43:44.430,7.51,60,96,96,-0.134,39.96,37,0,8.28,-0.532,0.987,5.06,53,0,175.31,-48.58,10,0.10,3.88,3.89,3.88,3.89,3.89,3.89,3.89,3.91,31.15,25.6,29,29,66.1,61,-119,568,179,0,667,716,0,0,-1,0,0,-1,-1,-1,-1,-1,-1,0,1,
2026-03-25,17:43:44.700,7.50,62,96,96,-0.153,41.55,36,0,8.28,-0.540,0.951,5.25,54,0,175.31,-48.58,10,0.10,3.88,3.89,3.87,3.89,3.89,3.89,3.89,3.91,31.13,25.6,29,29,65.2,46,-135,567,142,0,667,716,0,0,-1,0,0,-1,-1,-1,-1,-1,-1,0,1,
2026-03-25,17:43:44.960,7.51,69,96,96,-0.140,43.03,37,0,8.28,-0.525,0.924,5.23,56,0,-168.02,-48.97,10,0.10,3.88,3.89,3.87,3.89,3.88,3.88,3.89,3.91,31.13,25.6,29,29,64.6,46,-143,567,138,0,667,716,0,0,-1,0,0,-1,-1,-1,-1,-1,-1,0,1,
2026-03-25,17:43:45.230,7.51,81,97,97,-0.134,44.30,39,0,8.28,-0.547,0.956,4.82,57,0,-177.87,-49.09,10,0.10,3.88,3.89,3.87,3.89,3.88,3.88,3.88,3.89,31.11,26.2,29,29,63.3,48,-146,567,123,0,667,715,0,0,-1,0,0,-1,-1,-1,-1,-1,-1,0,1,
2026-03-25,17:43:45.490,7.51,88,99,99,-0.132,45.71,40,0,8.28,-0.542,0.907,4.76,59,0,-177.17,-48.68,10,0.10,3.88,3.89,3.87,3.89,3.88,3.88,3.88,3.89,31.10,26.2,29,29,63.3,51,-185,567,57,0,667,716,0,0,-1,0,0,-1,-1,-1,-1,-1,-1,0,1,
2026-03-25,17:43:45.750,7.51,88,100,100,-0.135,47.26,40,0,8.28,-0.573,0.907,5.11,57,0,-177.08,-48.21,10,0.10,3.88,3.89,3.87,3.88,3.88,3.88,3.88,3.89,31.10,26.2,29,29,62.4,49,-224,567,0,0,667,715,0,0,-1,0,0,-1,-1,-1,-1,-1,-1,0,1,
2026-03-25,17:43:46.010,7.51,83,100,100,-0.144,48.65,40,0,8.28,-0.580,0.966,5.02,55,0,-177.71,-47.95,10,0.10,3.88,3.89,3.87,3.88,3.88,3.88,3.88,3.89,31.10,26.1,29,29,61.1,52,-212,567,0,0,667,716,0,0,-1,0,0,-1,-1,-1,-1,-1,-1,0,1,
2026-03-25,17:43:46.280,7.51,75,100,100,-0.144,50.26,40,0,8.28,-0.559,0.934,5.25,53,0,-178.71,-49.69,10,0.10,3.88,3.89,3.87,3.88,3.88,3.88,3.88,3.89,31.07,26.1,29,29,60.6,43,-213,566,0,0,667,716,0,0,-1,0,0,-1,-1,-1,-1,-1,-1,0,1,
2026-03-25,17:43:46.550,7.51,71,100,100,-0.153,52.88,38,0,8.28,-0.568,0.934,4.60,51,0,-175.95,-52.21,10,0.10,3.88,3.89,3.87,3.88,3.88,3.88,3.87,3.89,31.05,26.4,29,29,60.6,35,-207,566,0,0,667,716,0,0,-1,0,0,-1,-1,-1,-1,-1,-1,0,1,
2026-03-25,17:43:46.810,7.51,73,100,100,-0.140,54.35,37,0,8.28,-0.582,0.945,4.84,52,0,-173.33,-54.34,10,0.10,3.86,3.88,3.87,3.88,3.88,3.88,3.87,3.89,31.05,26.4,29,29,58.9,32,-226,566,0,0,666,716,0,0,-1,0,0,-1,-1,-1,-1,-1,-1,0,1,
2026-03-25,17:43:47.070,7.51,74,99,99,-0.139,55.74,38,0,8.28,-0.579,0.909,4.90,51,0,-172.45,-54.89,10,0.10,3.86,3.88,3.86,3.88,3.88,3.88,3.87,3.89,31.03,25.8,29,29,58.9,31,-258,566,0,0,667,715,0,0,-1,0,0,-1,-1,-1,-1,-1,-1,0,1,
2026-03-25,17:43:47.340,7.51,79,99,99,-0.145,57.15,41,0,8.28,-0.593,0.963,4.88,53,0,-171.25,-55.92,10,0.10,3.86,3.88,3.86,3.88,3.87,3.88,3.87,3.89,31.03,25.8,29,29,58.9,29,-269,566,0,0,667,716,0,0,-1,0,0,-1,-1,-1,-1,-1,-1,0,1,
2026-03-25,17:43:47.600,7.50,82,99,99,-0.162,58.61,43,0,8.28,-0.601,0.950,4.96,55,0,-169.91,-56.80,10,0.10,3.86,3.88,3.86,3.88,3.87,3.88,3.86,3.88,31.01,27.5,29,29,57.8,27,-243,566,0,0,667,716,0,0,-1,0,0,-1,-1,-1,-1,-1,-1,0,1,
2026-03-25,17:43:47.860,7.50,89,99,99,-0.143,59.98,45,0,8.28,-0.573,0.841,4.91,54,0,-165.45,-58.12,10,0.10,3.86,3.87,3.86,3.88,3.87,3.88,3.86,3.88,31.01,27.5,29,29,57.8,0,-202,566,0,0,667,716,0,0,-1,0,0,-1,-1,-1,-1,-1,-1,0,1,
2026-03-25,17:43:48.130,7.51,93,99,99,-0.139,61.42,46,0,8.28,-0.592,0.890,4.88,54,0,-170.90,-55.73,10,0.10,3.86,3.87,3.86,3.87,3.87,3.88,3.86,3.88,31.00,26.0,29,29,57.2,0,-174,566,0,0,667,715,0,0,-1,0,0,-1,-1,-1,-1,-1,-1,0,1,
2026-03-25,17:43:48.400,7.51,96,99,99,-0.139,62.92,45,0,8.28,-0.586,0.872,5.10,48,0,-174.21,-54.25,10,0.10,3.86,3.87,3.86,3.87,3.87,3.87,3.86,3.88,31.00,26.0,29,29,55.7,0,-144,567,0,0,667,715,0,0,-1,0,0,-1,-1,-1,-1,-1,-1,0,1,
2026-03-25,17:43:48.660,7.51,89,99,99,-0.145,64.18,42,0,8.28,-0.599,0.875,4.79,50,0,-177.80,-51.62,10,0.10,3.86,3.87,3.86,3.87,3.87,3.87,3.86,3.88,30.99,25.9,29,29,55.0,0,-131,567,0,0,666,716,0,0,-1,0,0,-1,-1,-1,-1,-1,-1,0,1,
2026-03-25,17:43:48.930,7.51,77,99,99,-0.159,65.44,39,0,8.28,-0.574,0.848,4.38,52,0,-178.59,-49.77,10,0.10,3.86,3.87,3.86,3.87,3.87,3.87,3.86,3.88,30.99,25.9,29,29,55.0,-13,-130,568,0,0,667,716,0,0,-1,0,0,-1,-1,-1,-1,-1,-1,0,1,
2026-03-25,17:43:49.190,7.50,67,99,99,-0.145,67.94,38,0,8.28,-0.578,0.804,4.28,47,0,-178.91,-49.19,10,0.10,3.85,3.87,3.86,3.87,3.87,3.87,3.86,3.88,30.96,25.8,29,29,55.0,-17,-150,566,0,0,667,715,0,0,-1,0,0,-1,-1,-1,-1,-1,-1,0,1,
2026-03-25,17:43:49.460,7.51,66,99,99,-0.117,69.16,38,0,8.28,-0.598,0.840,4.26,46,0,176.48,-47.77,10,0.10,3.85,3.87,3.85,3.87,3.87,3.87,3.86,3.88,30.96,25.8,29,29,55.0,0,-173,498,0,0,666,716,0,0,-1,0,0,-1,-1,-1,-1,-1,-1,0,1,
2026-03-25,17:43:49.720,7.51,67,99,99,-0.125,70.46,39,0,8.28,-0.559,0.866,4.32,45,0,175.17,-46.91,10,0.10,3.85,3.87,3.85,3.87,3.86,3.87,3.86,3.88,30.98,26.3,29,29,55.0,0,-179,475,0,0,667,716,0,0,-1,0,0,-1,-1,-1,-1,-1,-1,0,1,
2026-03-25,17:43:49.990,7.50,72,99,99,-0.121,71.80,40,0,8.28,-0.524,0.794,4.59,43,0,169.97,-44.37,10,0.10,3.85,3.87,3.85,3.87,3.86,3.87,3.86,3.87,30.98,20.3,29,29,54.6,0,-168,475,0,0,667,716,0,0,-1,0,0,-1,-1,-1,-1,-1,-1,0,1,
2026-03-25,17:43:50.260,7.51,78,99,99,-0.148,73.08,43,0,8.28,-0.561,0.899,4.51,43,0,168.05,-43.26,10,0.10,3.86,3.88,3.85,3.87,3.86,3.87,3.86,3.87,31.01,20.3,29,29,54.6,0,-174,475,-24,0,667,716,0,0,-1,0,0,-1,-1,-1,-1,-1,-1,0,1,
2026-03-25,17:43:50.530,7.51,89,99,99,-0.153,74.19,45,0,8.28,-0.553,0.875,4.16,45,0,168.40,-42.80,10,0.10,3.86,3.88,3.87,3.88,3.86,3.87,3.86,3.87,31.03,20.2,29,29,53.3,0,-115,475,-89,0,667,716,0,0,-1,0,0,-1,-1,-1,-1,-1,-1,0,1,
2026-03-25,17:43:50.800,7.50,93,99,99,-0.152,75.28,45,0,8.28,-0.529,0.796,3.89,53,0,169.01,-41.62,10,0.10,3.86,3.88,3.87,3.88,3.88,3.88,3.86,3.87,31.03,20.2,29,29,53.0,0,-32,476,0,0,667,716,0,0,-1,0,0,-1,-1,-1,-1,-1,-1,0,1,
2026-03-25,17:43:51.060,7.51,95,100,100,-0.150,76.30,48,0,8.28,-0.535,0.817,3.71,57,0,168.99,-41.09,10,0.10,3.86,3.88,3.87,3.88,3.88,3.88,3.86,3.87,31.04,20.5,29,29,53.7,0,0,476,0,0,667,716,0,0,-1,0,0,-1,-1,-1,-1,-1,-1,0,1,
2026-03-25,17:43:51.320,7.51,95,100,100,-0.130,77.40,49,0,8.28,-0.528,0.815,3.71,59,0,167.98,-39.31,10,0.10,3.86,3.88,3.87,3.88,3.88,3.88,3.88,3.89,31.04,20.5,29,29,54.1,0,-81,528,-134,0,666,715,0,0,-1,0,0,-1,-1,-1,-1,-1,-1,0,1,
2026-03-25,17:43:51.580,7.51,93,100,100,-0.158,78.55,50,0,8.28,-0.560,0.783,3.92,60,0,166.30,-37.88,10,0.10,3.87,3.89,3.87,3.88,3.88,3.88,3.88,3.89,31.01,21.1,29,29,54.1,0,-91,574,-182,0,667,716,0,0,-1,0,0,-1,-1,-1,-1,-1,-1,0,1,
2026-03-25,17:43:51.850,7.51,94,100,100,-0.169,80.26,50,0,8.28,-0.604,0.894,3.04,57,0,161.16,-36.17,10,0.10,3.87,3.89,3.87,3.88,3.88,3.88,3.88,3.89,31.01,21.1,29,29,55.4,0,-83,571,-293,0,667,715,0,0,-1,0,0,-1,-1,-1,-1,-1,-1,0,1,
2026-03-25,17:43:52.130,7.51,94,100,100,-0.178,81.20,50,0,8.28,-0.603,0.902,3.07,57,0,156.65,-35.13,10,0.10,3.87,3.89,3.87,3.88,3.87,3.87,3.88,3.89,30.98,27.2,29,29,56.5,0,87,572,-14,0,667,715,0,0,-1,0,0,-1,-1,-1,-1,-1,-1,0,1,
2026-03-25,17:43:52.390,7.51,95,100,100,-0.179,82.24,50,0,8.26,-0.588,0.875,3.07,55,0,154.63,-34.26,10,0.10,3.87,3.89,3.87,3.88,3.87,3.87,3.86,3.87,30.98,27.2,29,29,56.1,0,260,573,92,0,667,715,0,0,-1,0,0,-1,-1,-1,-1,-1,-1,0,1,
2026-03-25,17:43:52.660,7.51,96,100,100,-0.180,83.23,50,0,8.27,-0.542,0.758,3.45,57,0,157.43,-32.83,10,0.10,3.85,3.87,3.87,3.88,3.87,3.87,3.86,3.87,30.95,27.8,29,29,56.1,0,406,573,123,0,667,716,0,0,-1,0,0,-1,-1,-1,-1,-1,-1,0,1,
2026-03-25,17:43:52.940,7.51,96,100,100,-0.152,84.20,50,0,8.28,-0.493,0.631,3.42,58,0,164.20,-30.37,10,0.10,3.85,3.87,3.85,3.86,3.87,3.87,3.86,3.87,30.95,27.8,29,29,57.6,0,340,573,0,0,667,716,0,0,-1,0,0,-1,-1,-1,-1,-1,-1,0,1,
2026-03-25,17:43:53.210,7.51,97,100,100,-0.152,85.03,51,0,8.28,-0.464,0.553,3.10,60,0,165.60,-28.81,10,0.10,3.85,3.87,3.85,3.86,3.86,3.85,3.86,3.87,30.92,27.2,29,29,58.9,0,383,573,0,0,667,716,0,0,-1,0,0,-1,-1,-1,-1,-1,-1,0,1,
2026-03-25,17:43:53.470,7.50,95,100,100,-0.130,85.98,50,0,8.28,-0.476,0.628,3.19,62,0,164.87,-26.06,10,0.10,3.85,3.87,3.85,3.86,3.86,3.85,3.86,3.87,30.92,27.2,29,29,60.9,0,397,573,0,0,667,716,0,0,-1,0,0,-1,-1,-1,-1,-1,-1,0,1,
2026-03-25,17:43:53.730,7.51,95,100,100,-0.123,86.79,51,0,8.28,-0.476,0.650,3.03,62,0,163.24,-23.81,10,0.10,3.85,3.87,3.85,3.86,3.86,3.85,3.85,3.85,30.89,27.2,29,29,63.2,0,110,573,0,0,667,716,0,0,-1,0,0,-1,-1,-1,-1,-1,-1,0,1,
2026-03-25,17:43:54.010,7.50,95,100,100,-0.128,87.56,51,0,8.28,-0.466,0.747,2.78,64,0,160.45,-20.89,10,0.10,3.84,3.86,3.85,3.86,3.86,3.85,3.85,3.85,30.87,26.9,29,29,65.0,0,190,573,104,0,667,715,0,0,-1,0,0,-1,-1,-1,-1,-1,-1,0,1,
2026-03-25,17:43:54.270,7.51,97,100,100,-0.161,88.69,51,0,8.28,-0.469,0.839,2.05,64,0,160.60,-21.84,10,0.10,3.84,3.86,3.84,3.85,3.86,3.85,3.85,3.85,30.87,26.9,29,29,67.4,0,176,573,123,0,667,716,0,0,-1,0,0,-1,-1,-1,-1,-1,-1,0,1,
2026-03-25,17:43:54.540,7.51,98,100,100,-0.165,89.04,51,0,8.28,-0.454,0.841,1.57,63,0,162.10,-22.16,10,0.10,3.84,3.86,3.84,3.85,3.86,3.85,3.85,3.85,30.86,27.0,29,29,69.6,0,113,573,133,0,667,715,0,0,-1,0,0,-1,-1,-1,-1,-1,-1,0,1,
2026-03-25,17:43:54.810,7.51,98,100,100,-0.170,89.04,52,0,8.28,-0.446,0.873,1.56,62,0,166.77,-23.96,10,0.10,3.84,3.86,3.84,3.85,3.86,3.85,3.84,3.85,30.86,27.0,29,29,71.1,0,131,574,200,0,667,716,0,0,-1,0,0,-1,-1,-1,-1,-1,-1,0,1,
2026-03-25,17:43:55.070,7.51,98,100,100,-0.152,89.96,53,0,8.28,-0.450,0.926,1.54,60,0,169.33,-25.30,10,0.10,3.84,3.86,3.84,3.85,3.86,3.85,3.84,3.85,30.85,27.1,29,29,71.1,0,107,573,257,0,667,716,0,0,-1,0,0,-1,-1,-1,-1,-1,-1,0,1,
2026-03-25,17:43:55.330,7.51,98,100,100,-0.152,90.43,53,0,8.28,-0.447,0.940,1.57,55,0,174.56,-26.82,10,0.10,3.84,3.86,3.84,3.85,3.86,3.85,3.84,3.85,30.85,27.1,29,29,71.9,0,73,574,124,0,667,716,0,0,-1,0,0,-1,-1,-1,-1,-1,-1,0,1,
2026-03-25,17:43:55.590,7.51,97,100,100,-0.136,90.91,53,0,8.28,-0.439,0.994,1.68,50,0,175.54,-27.62,10,0.10,3.84,3.86,3.84,3.85,3.86,3.85,3.84,3.85,30.84,27.1,29,29,73.2,0,65,574,121,0,667,716,0,0,-1,0,0,-1,-1,-1,-1,-1,-1,0,1,
2026-03-25,17:43:55.860,7.51,98,100,100,-0.134,91.35,53,0,8.28,-0.435,1.021,1.58,47,0,175.46,-28.04,10,0.10,3.84,3.86,3.84,3.85,3.85,3.85,3.84,3.85,30.84,27.1,29,29,74.3,0,29,574,60,0,667,716,0,0,-1,0,0,-1,-1,-1,-1,-1,-1,0,1,
2026-03-25,17:43:56.120,7.50,98,100,100,-0.166,91.84,53,0,8.28,-0.432,1.010,1.63,43,0,176.18,-28.39,10,0.10,3.84,3.86,3.84,3.85,3.85,3.85,3.84,3.85,30.83,27.3,29,29,75.6,0,22,573,36,0,667,715,0,0,-1,0,0,-1,-1,-1,-1,-1,-1,0,1,
2026-03-25,17:43:56.380,7.51,99,99,99,-0.164,92.23,53,0,8.28,-0.436,1.081,1.49,45,0,177.10,-29.59,10,0.10,3.84,3.86,3.84,3.85,3.85,3.85,3.84,3.85,30.83,27.3,29,29,77.2,0,101,573,163,0,667,716,0,0,-1,0,0,-1,-1,-1,-1,-1,-1,0,1,
2026-03-25,17:43:56.640,7.51,99,99,99,-0.164,92.83,52,0,8.28,-0.417,1.037,1.77,48,0,179.36,-31.66,10,0.10,3.84,3.86,3.84,3.85,3.85,3.85,3.84,3.85,30.83,27.0,29,29,77.6,0,184,573,0,0,667,716,0,0,-1,0,0,-1,-1,-1,-1,-1,-1,0,1,
2026-03-25,17:43:56.900,7.50,100,100,99,-0.145,93.43,52,0,8.28,-0.365,0.960,1.98,46,0,-174.47,-32.27,10,0.10,3.84,3.86,3.84,3.85,3.85,3.85,3.84,3.85,30.83,27.0,29,29,79.3,0,157,573,0,0,667,716,0,0,-1,0,0,-1,-1,-1,-1,-1,-1,0,1,
2026-03-25,17:43:57.170,7.51,100,100,99,-0.138,94.71,52,0,8.20,-0.372,0.948,2.20,43,0,-177.77,-31.01,10,0.10,3.84,3.86,3.84,3.85,3.85,3.85,3.84,3.85,30.82,27.0,29,29,79.3,0,145,573,0,0,667,716,0,0,-1,0,0,1,-1,-1,-1,-1,-1,0,1,
2026-03-25,17:43:57.440,7.51,98,99,99,-0.163,95.32,52,0,8.23,-0.383,1.011,2.18,42,0,-176.59,-30.79,10,0.10,3.83,3.86,3.84,3.85,3.85,3.85,3.84,3.85,30.82,27.0,29,29,79.6,0,139,573,-78,0,667,716,0,0,-1,0,0,1,-1,-1,-1,-1,-1,0,1,
2026-03-25,17:43:57.700,7.51,97,99,99,-0.169,95.98,51,0,8.26,-0.393,1.056,2.18,44,0,-174.52,-30.85,10,0.10,3.83,3.86,3.84,3.85,3.85,3.85,3.84,3.85,30.82,26.9,29,29,79.6,0,323,573,-330,0,667,716,0,0,-1,0,0,1,-1,-1,-1,-1,-1,0,1,
2026-03-25,17:43:57.970,7.51,94,99,99,-0.133,96.73,50,0,8.25,-0.321,0.786,2.41,45,0,-172.83,-29.45,10,0.10,3.83,3.86,3.84,3.85,3.85,3.85,3.84,3.85,30.82,27.1,29,29,80.2,0,397,573,-552,0,667,715,0,0,-1,0,0,1,-1,-1,-1,-1,-1,0,1,
2026-03-25,17:43:58.230,7.51,95,99,99,-0.153,97.42,48,0,8.24,-0.287,0.746,2.45,49,0,-175.78,-27.65,10,0.10,3.83,3.86,3.84,3.85,3.85,3.85,3.84,3.85,30.81,27.1,29,29,80.9,0,398,573,-451,0,667,715,0,0,-1,0,0,1,-1,-1,-1,-1,-1,0,1,
2026-03-25,17:43:58.490,7.51,95,99,99,-0.190,98.07,48,0,8.27,-0.295,0.814,2.36,49,0,174.11,-24.33,10,0.10,3.83,3.86,3.84,3.85,3.85,3.85,3.84,3.85,30.81,26.8,29,29,83.3,0,207,573,-81,0,667,715,0,0,-1,0,0,1,-1,-1,-1,-1,-1,0,1,
2026-03-25,17:43:58.750,7.51,98,99,99,-0.244,98.73,49,0,8.24,-0.331,1.045,2.30,46,0,175.95,-25.23,10,0.10,3.83,3.85,3.84,3.85,3.85,3.85,3.84,3.85,30.81,26.8,29,29,85.2,0,253,574,-194,0,667,715,0,0,-1,0,0,1,-1,-1,-1,-1,-1,0,1,
2026-03-25,17:43:59.020,7.51,98,99,99,-0.211,99.32,49,0,8.27,-0.295,0.881,2.19,49,0,-130.85,-25.85,10,0.10,3.83,3.85,3.84,3.85,3.85,3.85,3.84,3.85,30.81,27.4,29,29,85.0,0,315,574,-505,0,667,715,0,0,-1,0,0,1,-1,-1,-1,-1,-1,0,1,
2026-03-25,17:43:59.280,7.51,99,99,99,-0.160,99.68,50,0,8.27,-0.283,0.848,1.68,46,0,85.01,-24.56,10,0.10,3.83,3.85,3.84,3.85,3.85,3.84,3.84,3.85,30.81,27.4,29,29,85.0,0,332,573,-629,0,667,715,0,0,-1,0,0,1,-1,-1,-1,-1,-1,0,1,
2026-03-25,17:43:59.540,7.51,98,98,98,-0.162,100.05,50,0,8.26,-0.297,0.906,1.44,44,0,173.75,-23.06,10,0.10,3.83,3.85,3.84,3.85,3.85,3.84,3.84,3.84,30.81,27.5,29,29,85.2,0,349,573,-626,0,667,715,0,0,-1,0,0,1,-1,-1,-1,-1,-1,0,1,
2026-03-25,17:43:59.800,7.51,96,98,98,-0.230,100.27,50,0,8.27,-0.253,0.813,1.03,46,0,160.97,-19.75,10,0.10,3.83,3.85,3.84,3.85,3.85,3.84,3.84,3.84,30.81,27.5,29,29,85.6,0,373,572,-426,0,667,715,0,0,-1,0,0,1,-1,-1,-1,-1,-1,0,1,
2026-03-25,17:44:00.060,7.50,93,97,97,-0.268,100.53,49,0,8.25,-0.264,0.956,0.91,43,0,156.11,-19.33,10,0.10,3.83,3.85,3.84,3.85,3.85,3.84,3.84,3.84,30.81,27.1,29,30,88.0,0,326,573,-539,0,667,715,0,0,-1,0,0,1,-1,-1,-1,-1,-1,0,1,
2026-03-25,17:44:00.320,7.51,90,94,94,-0.284,101.23,48,0,8.20,-0.265,0.997,1.19,40,0,158.52,-20.11,10,0.10,3.83,3.85,3.84,3.85,3.85,3.84,3.84,3.84,30.81,27.1,29,30,90.0,0,364,573,-594,0,667,715,0,0,-1,0,0,1,-1,-1,-1,-1,-1,0,1,
2026-03-25,17:44:00.590,7.51,88,94,94,-0.247,101.59,48,0,8.21,-0.227,0.768,1.22,45,0,158.66,-18.62,10,0.10,3.83,3.85,3.84,3.85,3.85,3.85,3.84,3.84,30.80,27.1,29,30,88.3,0,454,573,-600,0,667,716,0,0,-1,0,0,1,-1,-1,-1,-1,-1,0,1,
2026-03-25,17:44:00.850,7.51,86,94,94,-0.239,101.84,47,0,8.25,-0.207,0.747,1.05,49,0,156.05,-17.29,10,0.10,3.83,3.85,3.84,3.85,3.85,3.85,3.84,3.85,30.80,27.1,29,30,88.3,0,393,570,-294,0,667,715,0,0,-1,0,0,1,-1,-1,-1,-1,-1,0,1,
2026-03-25,17:44:01.110,7.51,87,94,94,-0.248,102.01,47,0,8.24,-0.222,0.845,0.78,52,0,151.28,-15.95,10,0.10,3.83,3.85,3.84,3.85,3.85,3.85,3.84,3.85,30.81,26.9,29,30,89.6,0,506,571,-163,0,667,715,0,0,-1,0,0,1,-1,-1,-1,-1,-1,0,1,
2026-03-25,17:44:01.380,7.51,91,94,94,-0.197,102.22,48,0,8.20,-0.251,0.584,0.73,53,0,154.36,-13.94,10,0.10,3.83,3.85,3.83,3.85,3.85,3.85,3.84,3.85,30.81,26.9,29,30,89.6,0,664,570,-231,0,667,716,0,0,-1,0,0,1,-1,-1,-1,-1,-1,0,1,
2026-03-25,17:44:01.640,7.51,96,96,94,-0.118,102.26,50,0,8.25,-0.156,0.514,0.41,54,0,157.58,-12.80,10,0.10,3.83,3.85,3.83,3.85,3.85,3.84,3.84,3.85,30.81,26.8,29,30,89.6,0,585,486,-232,0,667,716,0,0,-1,0,0,1,-1,-1,-1,-1,-1,0,1,
2026-03-25,17:44:01.900,7.50,99,99,94,-0.125,102.29,51,0,8.26,-0.110,0.512,0.13,56,0,155.39,-8.27,10,0.10,3.83,3.85,3.83,3.85,3.85,3.84,3.84,3.85,30.81,26.8,29,30,91.7,0,637,476,-302,0,667,715,0,0,-1,0,0,1,-1,-1,-1,-1,-1,0,1,
2026-03-25,17:44:02.160,7.51,99,99,94,-0.143,102.28,51,0,8.25,-0.094,0.512,0.11,56,0,154.65,-6.86,10,0.10,3.83,3.85,3.83,3.85,3.85,3.84,3.84,3.85,30.85,22.1,29,30,92.6,0,477,476,-369,0,667,715,0,0,-1,0,0,1,-1,-1,-1,-1,-1,0,1,
2026-03-25,17:44:02.420,7.51,100,100,94,-0.204,102.17,52,0,8.24,-0.112,0.747,0.11,57,0,151.97,-4.84,10,0.10,3.84,3.86,3.83,3.85,3.85,3.84,3.84,3.85,30.85,22.1,29,30,94.1,0,150,476,-384,0,667,715,0,0,-1,0,0,1,-1,-1,-1,-1,-1,0,1,
2026-03-25,17:44:02.680,7.50,100,100,94,-0.226,101.75,53,0,8.13,-0.155,1.039,-0.76,59,0,150.15,-5.85,10,0.10,3.84,3.86,3.85,3.86,3.85,3.84,3.84,3.85,30.89,20.8,29,30,95.4,0,43,476,-367,0,667,716,0,0,-1,0,0,-1,-1,-1,-1,-1,-1,0,1,
2026-03-25,17:44:02.950,7.50,100,100,94,-0.250,101.05,53,0,8.20,-0.201,1.330,-1.79,60,0,148.43,-9.06,10,0.10,3.84,3.86,3.85,3.86,3.86,3.87,3.84,3.85,30.89,20.8,29,30,97.2,0,104,477,-365,0,667,715,0,0,-1,0,0,-1,-1,-1,-1,-1,-1,0,1,
2026-03-25,17:44:03.210,7.51,100,100,94,-0.258,100.31,53,0,8.24,-0.163,1.294,-2.28,61,0,148.32,-10.44,10,0.10,3.84,3.86,3.85,3.86,3.86,3.87,3.86,3.88,30.93,20.7,29,30,98.3,0,195,477,-387,0,667,716,0,0,-1,0,0,-1,-1,-1,-1,-1,-1,0,1,
2026-03-25,17:44:03.470,7.50,99,99,95,-0.230,99.04,53,0,8.26,-0.150,1.133,-2.26,61,0,148.74,-11.93,10,0.10,3.86,3.88,3.85,3.86,3.86,3.87,3.86,3.88,30.93,21.2,29,30,98.3,0,236,477,-389,0,667,716,0,0,-1,0,0,-1,-1,-1,-1,-1,-1,0,1,
2026-03-25,17:44:03.730,7.51,97,97,95,-0.232,98.55,50,0,8.27,-0.162,1.124,-2.00,58,0,147.51,-12.64,10,0.10,3.86,3.88,3.86,3.87,3.86,3.87,3.86,3.88,30.96,21.2,29,30,98.2,0,254,477,-384,0,667,716,0,0,-1,0,0,-1,-1,-1,-1,-1,-1,0,1,
2026-03-25,17:44:04.000,7.51,93,96,95,-0.217,98.10,48,0,8.28,-0.154,1.082,-1.65,52,0,144.42,-12.69,10,0.10,3.86,3.88,3.86,3.87,3.86,3.87,3.86,3.88,30.98,20.8,29,30,97.2,0,286,477,-308,0,666,716,0,0,-1,0,0,-1,-1,-1,-1,-1,-1,0,1,
2026-03-25,17:44:04.270,7.51,91,99,99,-0.214,97.75,46,0,8.28,-0.154,1.081,-1.45,60,0,142.38,-12.75,10,0.10,3.86,3.88,3.86,3.87,3.87,3.87,3.86,3.88,30.98,20.8,29,30,96.7,0,305,477,-22,0,667,716,0,0,-1,0,0,0,-1,-1,-1,-1,-1,0,1,
2026-03-25,17:44:04.540,7.51,90,100,100,-0.208,97.48,46,0,8.28,-0.136,1.053,-1.15,61,0,144.34,-12.58,10,0.10,3.86,3.88,3.86,3.87,3.87,3.87,3.87,3.88,30.99,20.9,29,30,96.5,0,395,477,0,0,666,715,0,0,-1,0,0,1,-1,-1,-1,-1,-1,0,1,
2026-03-25,17:44:04.800,7.51,94,100,100,-0.157,97.30,46,0,8.22,-0.133,0.906,-0.84,61,0,154.35,-12.07,10,0.10,3.86,3.88,3.86,3.87,3.87,3.87,3.87,3.88,30.99,20.9,29,30,95.4,0,348,477,0,0,667,716,0,0,-1,0,0,1,-1,-1,-1,-1,-1,0,1,
2026-03-25,17:44:05.060,7.51,97,100,100,-0.161,97.07,47,0,8.22,-0.142,0.990,-0.79,58,0,159.95,-11.44,10,0.10,3.86,3.88,3.86,3.88,3.87,3.87,3.87,3.88,31.00,21.2,29,30,96.1,0,194,477,0,0,667,715,0,0,-1,0,0,1,-1,-1,-1,-1,-1,0,1,
2026-03-25,17:44:05.320,7.51,100,100,100,-0.145,96.78,48,0,8.19,-0.163,1.022,-0.87,53,0,162.87,-12.23,10,0.10,3.86,3.88,3.86,3.88,3.87,3.88,3.87,3.88,31.00,21.2,29,30,95.2,0,23,477,0,0,667,715,0,0,-1,0,0,1,-1,-1,-1,-1,-1,0,1,
2026-03-25,17:44:05.590,7.51,100,100,100,-0.196,96.55,48,0,8.21,-0.243,1.367,-0.86,52,0,166.17,-16.62,10,0.10,3.86,3.88,3.86,3.88,3.87,3.88,3.87,3.88,31.01,20.9,29,30,95.2,0,152,477,-308,0,667,716,0,0,-1,0,0,1,-1,-1,-1,-1,-1,0,1,
2026-03-25,17:44:05.850,7.51,100,100,100,-0.168,96.40,48,0,8.24,-0.205,1.166,-0.71,55,0,166.74,-17.92,10,0.10,3.86,3.88,3.86,3.88,3.87,3.88,3.87,3.88,31.01,20.9,29,30,94.8,0,180,477,-451,0,667,716,0,0,-1,0,0,1,-1,-1,-1,-1,-1,0,1,
2026-03-25,17:44:06.110,7.51,100,100,100,-0.224,96.31,50,0,8.22,-0.198,1.180,-0.47,56,0,161.96,-18.70,10,0.10,3.86,3.88,3.86,3.88,3.87,3.88,3.87,3.88,31.02,21.0,29,30,94.6,0,176,477,-501,0,667,715,0,0,-1,0,0,1,-1,-1,-1,-1,-1,0,1,
2026-03-25,17:44:06.380,7.51,98,100,100,-0.266,97.00,50,0,8.20,-0.212,1.183,1.05,54,0,159.66,-19.40,10,0.10,3.86,3.88,3.86,3.88,3.87,3.88,3.87,3.88,31.02,21.0,29,30,94.5,0,87,476,-543,0,667,715,0,0,-1,0,0,1,-1,-1,-1,-1,-1,0,1,
2026-03-25,17:44:06.640,7.51,98,100,100,-0.291,97.48,50,0,8.18,-0.257,1.324,1.47,52,0,157.02,-22.53,10,0.10,3.86,3.88,3.86,3.88,3.87,3.87,3.87,3.88,31.02,21.0,29,30,93.0,0,41,477,-572,0,667,715,0,0,-1,0,0,1,-1,-1,-1,-1,-1,0,1,
2026-03-25,17:44:06.910,7.51,98,100,100,-0.289,98.15,48,0,8.15,-0.240,1.248,1.94,52,0,156.34,-25.05,10,0.10,3.86,3.88,3.86,3.88,3.87,3.87,3.87,3.87,31.02,21.0,29,30,91.5,-134,128,476,-699,0,667,716,0,0,-1,0,0,1,-1,-1,-1,-1,-1,0,1,
2026-03-25,17:44:07.170,7.51,96,100,100,-0.270,98.87,45,0,8.16,-0.234,1.171,2.28,49,0,155.29,-25.91,10,0.10,3.86,3.87,3.86,3.88,3.87,3.87,3.87,3.87,31.02,20.9,29,30,90.9,-174,45,478,-731,0,666,716,0,0,-1,0,0,1,-1,-1,-1,-1,-1,0,1,
2026-03-25,17:44:07.440,7.51,91,100,100,-0.256,99.74,43,0,8.17,-0.276,1.238,2.69,45,0,147.10,-26.12,10,0.10,3.86,3.87,3.86,3.87,3.87,3.87,3.87,3.87,31.02,20.9,29,30,88.3,-223,17,481,-733,0,667,715,0,0,-1,0,0,1,-1,-1,-1,-1,-1,0,1,
2026-03-25,17:44:07.710,7.51,88,100,100,-0.249,100.62,42,0,8.17,-0.282,1.187,2.92,50,0,140.41,-25.56,10,0.10,3.86,3.87,3.86,3.87,3.87,3.87,3.87,3.87,31.00,20.8,29,30,86.9,-238,-52,481,-727,0,667,715,0,0,-1,0,0,1,-1,-1,-1,-1,-1,0,1,
2026-03-25,17:44:07.970,7.50,90,100,100,-0.259,101.63,43,0,8.17,-0.302,1.168,3.21,49,0,127.11,-24.35,10,0.10,3.86,3.87,3.86,3.87,3.87,3.87,3.86,3.87,31.00,21.0,29,30,86.9,-234,-152,481,-595,0,667,716,0,0,-1,0,0,1,-1,-1,-1,-1,-1,0,1,
2026-03-25,17:44:08.230,7.50,94,100,100,-0.279,102.84,48,0,8.17,-0.345,1.312,3.74,41,0,117.21,-23.29,10,0.10,3.85,3.87,3.86,3.87,3.87,3.87,3.86,3.87,30.99,21.0,29,30,84.5,-228,-164,480,-491,0,667,715,0,0,-1,0,0,1,-1,-1,-1,-1,-1,0,1,
2026-03-25,17:44:08.490,7.51,97,100,100,-0.258,104.16,52,0,8.17,-0.335,1.226,4.29,47,0,114.01,-22.18,10,0.10,3.85,3.87,3.86,3.87,3.87,3.87,3.86,3.87,30.99,20.7,29,30,83.2,-219,-171,479,-527,0,667,715,0,0,-1,0,0,1,-1,-1,-1,-1,-1,0,1,
2026-03-25,17:44:08.750,7.50,100,100,100,-0.242,104.16,52,0,8.17,-0.368,1.217,4.29,47,0,106.06,-18.32,10,0.10,3.85,3.87,3.85,3.87,3.87,3.87,3.86,3.87,30.97,20.7,29,30,80.9,-229,-141,479,-562,0,667,715,0,0,-1,0,0,1,-1,-1,-1,-1,-1,0,1,
2026-03-25,17:44:09.010,7.50,98,99,99,-0.241,106.41,47,0,8.17,-0.364,1.217,4.29,43,0,101.07,-15.67,10,0.10,3.85,3.87,3.85,3.87,3.86,3.86,3.86,3.87,30.96,20.7,29,30,78.5,-231,-151,478,-435,0,667,716,0,0,-1,0,0,1,-1,-1,-1,-1,-1,0,1,
2026-03-25,17:44:09.280,7.51,90,99,99,-0.246,108.89,44,0,8.17,-0.354,1.115,4.31,41,0,93.64,-9.90,10,0.10,3.85,3.87,3.85,3.87,3.86,3.86,3.85,3.86,30.96,20.7,29,30,78.2,-215,-173,478,-334,0,667,715,0,0,-1,0,0,1,-1,-1,-1,-1,-1,0,1,
2026-03-25,17:44:09.540,7.51,90,98,98,-0.256,109.85,42,0,8.19,-0.369,1.159,4.31,43,0,93.64,-9.90,10,0.10,3.85,3.86,3.85,3.87,3.86,3.86,3.85,3.86,30.93,20.7,29,30,78.0,-201,-191,476,-342,0,667,716,0,0,-1,0,0,1,-1,-1,-1,-1,-1,0,1,
2026-03-25,17:44:09.810,7.51,83,98,98,-0.227,110.45,41,0,8.19,-0.350,1.127,2.88,45,0,95.81,-0.25,10,0.10,3.85,3.86,3.85,3.86,3.86,3.86,3.85,3.86,30.93,20.7,29,30,78.0,-188,-226,474,-329,0,667,716,0,0,-1,0,0,1,-1,-1,-1,-1,-1,0,1,
2026-03-25,17:44:10.070,7.50,83,98,98,-0.233,110.90,40,0,8.18,-0.355,1.208,2.06,50,0,93.95,7.14,10,0.10,3.85,3.86,3.85,3.86,3.86,3.85,3.85,3.86,30.92,20.4,29,30,78.0,-170,-329,475,-232,0,667,716,0,0,-1,0,0,1,-1,-1,-1,-1,-1,0,1,
2026-03-25,17:44:10.340,7.51,74,98,98,-0.233,111.08,39,0,8.18,-0.369,1.288,1.27,55,0,92.99,10.74,10,0.10,3.85,3.86,3.85,3.86,3.86,3.85,3.85,3.86,30.92,20.4,29,30,79.3,-151,-442,407,-167,0,667,716,0,0,-1,0,0,1,-1,-1,-1,-1,-1,0,1,
2026-03-25,17:44:10.600,7.51,81,98,98,-0.253,111.03,41,0,8.17,-0.365,1.494,0.45,57,0,95.48,17.00,10,0.10,3.85,3.86,3.85,3.86,3.86,3.85,3.85,3.86,30.96,19.6,29,30,80.7,-38,-575,286,0,0,667,715,0,0,-1,0,0,1,-1,-1,-1,-1,-1,0,1,
2026-03-25,17:44:10.870,7.51,90,98,98,-0.251,110.77,43,0,8.18,-0.366,1.634,-0.34,54,0,99.05,19.39,10,0.10,3.85,3.86,3.85,3.86,3.86,3.85,3.85,3.86,30.96,19.6,29,30,81.5,0,-370,283,-264,0,667,715,0,0,-1,0,0,1,-1,-1,-1,-1,-1,0,1,
2026-03-25,17:44:11.140,7.50,98,98,98,-0.220,110.28,44,0,8.15,-0.314,1.480,-1.12,49,0,105.14,22.87,10,0.10,3.85,3.86,3.85,3.87,3.86,3.85,3.85,3.86,31.02,13.9,29,30,81.1,0,-485,361,-45,0,667,715,0,0,-1,0,0,1,-1,-1,-1,-1,-1,0,1,
2026-03-25,17:44:11.410,7.50,98,98,98,-0.281,109.57,45,0,8.14,-0.369,1.644,-1.90,49,0,107.90,25.07,10,0.10,3.85,3.86,3.85,3.87,3.87,3.87,3.85,3.86,31.02,13.9,29,30,83.7,0,-536,415,0,0,667,716,0,0,-1,0,0,1,-1,-1,-1,-1,-1,0,1,
2026-03-25,17:44:11.690,7.50,98,98,98,-0.304,107.28,46,0,8.16,-0.438,1.823,-3.76,53,0,114.44,23.92,10,0.10,3.85,3.86,3.85,3.87,3.87,3.87,3.87,3.89,31.01,15.1,29,30,85.6,0,-444,452,-169,0,667,715,0,0,-1,0,0,1,-1,-1,-1,-1,-1,0,1,
2026-03-25,17:44:11.950,7.50,100,100,98,-0.280,105.71,46,0,8.16,-0.453,1.807,-4.96,46,0,125.58,20.70,10,0.10,3.87,3.88,3.85,3.87,3.87,3.87,3.87,3.89,31.01,15.1,29,30,87.2,0,-409,453,-125,0,667,715,0,0,-1,0,0,1,-1,-1,-1,-1,-1,0,1,
2026-03-25,17:44:12.220,7.51,100,100,98,-0.288,104.41,47,0,8.17,-0.361,1.686,-4.83,46,0,128.68,19.42,10,0.10,3.87,3.88,3.87,3.88,3.87,3.87,3.87,3.89,31.01,19.3,29,30,89.6,0,-450,454,0,0,667,716,0,0,-1,0,0,1,-1,-1,-1,-1,-1,0,1,
2026-03-25,17:44:12.480,7.50,100,100,97,-0.294,103.16,48,0,8.17,-0.402,1.816,-4.83,48,0,133.06,16.57,10,0.10,3.87,3.88,3.87,3.88,3.87,3.87,3.87,3.89,31.01,19.5,29,30,90.4,0,-353,401,0,0,666,716,0,0,-1,0,0,1,-1,-1,-1,-1,-1,0,1,
2026-03-25,17:44:12.750,7.51,100,100,97,-0.254,101.88,48,0,8.18,-0.333,1.674,-4.47,47,0,140.94,11.04,10,0.10,3.87,3.88,3.87,3.88,3.87,3.87,3.86,3.87,31.02,19.5,29,30,90.4,0,-329,398,-1,0,667,716,0,0,-1,0,0,1,-1,-1,-1,-1,-1,0,1,
2026-03-25,17:44:13.020,7.51,97,97,97,-0.243,101.03,47,0,8.20,-0.307,1.674,-3.74,48,0,142.49,9.15,10,0.10,3.85,3.88,3.87,3.88,3.87,3.87,3.86,3.87,31.03,16.9,29,30,90.7,0,-89,399,-47,0,667,715,0,0,-1,0,0,1,-1,-1,-1,-1,-1,0,1,
2026-03-25,17:44:13.290,7.51,93,97,97,-0.250,100.55,46,0,8.21,-0.248,1.379,-2.50,52,0,145.66,5.84,10,0.10,3.85,3.88,3.87,3.88,3.87,3.87,3.86,3.87,31.03,16.9,29,30,91.7,0,13,399,0,0,667,715,0,0,-1,0,0,1,-1,-1,-1,-1,-1,0,1,
2026-03-25,17:44:13.550,7.51,90,98,98,-0.222,100.13,45,0,8.22,-0.204,1.234,-1.85,52,0,150.71,3.73,10,0.10,3.85,3.88,3.86,3.87,3.87,3.87,3.86,3.87,31.05,17.2,29,30,91.7,0,119,399,0,0,667,716,0,0,-1,0,0,1,-1,-1,-1,-1,-1,0,1,
2026-03-25,17:44:13.810,7.51,89,98,98,-0.201,99.89,45,0,8.22,-0.198,1.175,-1.26,54,0,153.81,2.22,10,0.10,3.85,3.88,3.86,3.87,3.87,3.87,3.86,3.87,31.05,17.2,29,30,91.3,0,246,399,121,0,667,716,0,0,-1,0,0,1,-1,-1,-1,1,-1,0,1,
2026-03-25,17:44:14.070,7.51,92,98,98,-0.129,99.70,45,0,8.22,-0.160,0.987,-0.89,56,0,160.56,0.87,10,0.10,3.85,3.88,3.86,3.87,3.87,3.87,3.87,3.88,31.05,17.1,29,30,90.2,0,303,399,98,0,667,716,0,0,-1,0,0,1,-1,-1,-1,1,-1,0,1,
2026-03-25,17:44:14.330,7.51,93,98,98,-0.135,99.47,46,0,8.24,-0.151,0.923,-0.72,58,0,163.75,-0.35,10,0.10,3.86,3.88,3.86,3.87,3.87,3.87,3.87,3.88,31.05,17.1,29,30,90.2,0,426,400,0,0,667,716,0,0,-1,0,0,1,-1,-1,-1,1,-1,0,1,
2026-03-25,17:44:14.610,7.50,98,98,98,-0.148,98.96,47,0,8.26,-0.110,0.798,-0.79,60,0,167.95,-1.31,10,0.10,3.86,3.88,3.86,3.88,3.87,3.87,3.87,3.88,31.05,17.2,29,30,90.9,0,472,399,0,0,667,715,0,0,-1,0,0,1,-1,-1,-1,1,-1,0,1,
2026-03-25,17:44:14.870,7.50,99,99,98,-0.159,98.95,47,0,8.20,-0.102,0.765,-0.39,60,0,172.54,-0.66,10,0.10,3.86,3.88,3.86,3.88,3.87,3.87,3.87,3.88,31.05,17.2,29,30,90.9,0,406,399,0,0,667,716,0,0,-1,0,0,1,-1,-1,-1,-1,-1,0,1,
2026-03-25,17:44:15.140,7.51,100,100,98,-0.148,98.95,48,0,8.21,-0.096,0.769,-0.28,60,0,175.73,-0.20,10,0.10,3.86,3.88,3.86,3.88,3.87,3.87,3.87,3.88,31.05,17.2,29,30,91.5,0,412,399,0,0,667,715,0,0,-1,0,0,1,-1,-1,-1,-1,-1,0,1,
2026-03-25,17:44:15.400,7.51,100,100,98,-0.127,98.62,48,0,8.17,-0.095,0.751,-0.47,62,0,-160.21,-0.45,10,0.10,3.86,3.88,3.86,3.88,3.87,3.87,3.87,3.88,31.05,17.2,29,30,92.0,0,159,399,-209,0,667,715,0,0,-1,0,0,1,-1,-1,-1,-1,-1,0,1,
2026-03-25,17:44:15.660,7.51,99,99,98,-0.121,97.99,49,0,8.22,-0.145,0.977,-1.44,63,0,-178.74,-1.23,10,0.10,3.86,3.88,3.86,3.88,3.87,3.87,3.87,3.88,31.05,17.2,30,30,91.7,0,241,398,-275,0,667,715,0,0,-1,0,0,1,-1,-1,-1,-1,-1,0,1,
2026-03-25,17:44:15.920,7.51,93,98,98,-0.173,97.32,49,0,8.25,-0.129,1.135,-2.05,62,0,177.26,-3.57,10,0.10,3.86,3.88,3.86,3.88,3.87,3.87,3.87,3.88,31.05,17.2,30,30,92.6,0,267,177,-277,0,667,715,0,0,-1,0,0,1,-1,-1,-1,-1,-1,0,1,
2026-03-25,17:44:16.180,7.51,88,98,98,-0.159,96.81,49,0,8.23,0.007,0.985,-1.97,62,0,177.77,-3.86,10,0.10,3.86,3.88,3.86,3.88,3.87,3.88,3.87,3.88,31.14,15.3,30,30,92.2,0,263,168,-270,0,667,716,0,0,-1,0,0,1,-1,-1,-1,-1,-1,0,1,
2026-03-25,17:44:16.440,7.51,84,99,99,-0.151,96.89,49,0,8.22,0.007,0.895,-0.79,64,0,178.98,-3.40,10,0.10,3.86,3.88,3.86,3.88,3.87,3.88,3.88,3.89,31.14,15.3,30,30,91.3,0,226,168,-278,0,667,715,0,0,-1,0,0,1,-1,-1,-1,-1,-1,0,1,
2026-03-25,17:44:16.700,7.51,84,99,99,-0.140,96.65,49,0,8.19,-0.006,0.958,-0.49,64,0,177.36,-2.64,10,0.10,3.89,3.90,3.86,3.88,3.87,3.88,3.88,3.89,31.21,11.4,30,30,91.7,0,257,168,-483,0,667,716,0,0,-1,0,0,1,-1,-1,-1,-1,-1,0,1,
2026-03-25,17:44:16.960,7.51,86,100,100,-0.148,96.13,49,0,8.21,-0.009,0.992,-1.31,64,0,177.36,-2.64,10,0.10,3.89,3.90,3.90,3.91,3.87,3.88,3.88,3.89,31.21,11.4,30,30,91.7,0,269,167,-506,0,667,716,0,0,-1,0,0,1,-1,-1,-1,-1,-1,0,1,
2026-03-25,17:44:17.220,7.50,90,100,100,-0.179,95.66,49,0,8.21,-0.017,0.937,-1.51,65,0,167.38,-0.51,10,0.10,3.89,3.90,3.90,3.91,3.91,3.91,3.88,3.89,31.28,11.5,30,30,90.9,0,261,168,-438,0,667,715,0,0,-1,0,0,1,-1,-1,-1,-1,-1,0,1,
2026-03-25,17:44:17.490,7.51,92,100,100,-0.201,95.09,48,0,8.25,-0.006,0.905,-1.80,63,0,165.08,0.04,10,0.10,3.89,3.90,3.90,3.91,3.91,3.91,3.88,3.89,31.28,11.5,30,30,90.6,0,249,168,-221,0,667,715,0,0,-1,0,0,1,-1,-1,-1,-1,-1,0,1,
2026-03-25,17:44:17.760,7.51,93,100,100,-0.196,93.99,48,0,8.24,-0.002,0.916,-1.88,65,0,165.59,-0.21,10,0.10,3.89,3.90,3.90,3.91,3.91,3.91,3.91,3.92,31.32,11.5,30,30,91.3,0,203,168,-129,0,667,715,0,0,-1,0,0,1,-1,-1,-1,-1,-1,0,1,
2026-03-25,17:44:18.020,7.51,93,100,100,-0.127,93.25,47,0,8.20,-0.028,0.886,-2.23,65,0,170.99,-1.01,10,0.10,3.91,3.92,3.90,3.91,3.91,3.91,3.91,3.92,31.32,11.6,30,30,90.6,0,143,168,-63,0,667,715,0,0,-1,0,0,-1,-1,-1,-1,-1,-1,0,1,
2026-03-25,17:44:18.290,7.51,92,100,100,-0.115,92.10,47,0,8.18,-0.049,1.030,-3.17,64,0,171.90,-1.61,10,0.10,3.91,3.92,3.91,3.92,3.91,3.91,3.91,3.92,31.32,11.6,30,30,89.5,0,143,168,-63,0,667,716,0,0,-1,0,0,-1,-1,-1,-1,-1,-1,0,1,
2026-03-25,17:44:18.550,7.51,93,100,100,-0.138,92.10,47,0,8.20,-0.083,1.147,-3.57,64,0,171.10,-2.54,10,0.10,3.91,3.92,3.91,3.92,3.92,3.92,3.91,3.92,31.36,11.7,30,30,89.3,0,19,168,0,0,667,715,0,0,-1,0,0,-1,-1,-1,-1,-1,-1,0,1,
2026-03-25,17:44:18.810,7.51,95,100,100,-0.158,90.07,48,0,8.25,-0.085,1.169,-3.51,65,0,170.93,-3.21,10,0.10,3.91,3.92,3.91,3.92,3.92,3.92,3.92,3.93,31.36,11.7,30,30,89.1,0,295,168,0,0,667,715,0,0,-1,0,0,-1,-1,-1,-1,-1,-1,0,1,
2026-03-25,17:44:19.090,7.51,96,100,100,-0.127,89.33,48,0,8.26,-0.017,0.841,-2.99,64,0,174.50,-3.17,10,0.10,3.91,3.93,3.91,3.92,3.92,3.92,3.92,3.93,31.40,11.6,30,30,88.3,0,252,168,-1,0,667,715,0,0,-1,0,0,0,-1,-1,-1,-1,-1,0,1,
2026-03-25,17:44:19.360,7.51,98,100,100,-0.143,89.33,49,0,8.16,-0.069,1.038,-2.60,62,0,179.09,-3.51,10,0.10,3.91,3.93,3.91,3.93,3.92,3.92,3.92,3.93,31.40,11.6,30,30,88.3,0,-45,168,-32,0,667,715,0,0,-1,0,0,1,-1,-1,-1,-1,-1,0,1,
2026-03-25,17:44:19.620,7.51,97,100,100,-0.128,87.96,50,0,8.17,-0.091,1.137,-2.43,64,0,-166.86,-4.49,10,0.10,3.91,3.93,3.91,3.93,3.92,3.92,3.92,3.93,31.42,11.7,30,30,87.8,0,-398,168,-91,0,667,715,0,0,-1,0,0,1,-1,-1,-1,-1,-1,0,1,
2026-03-25,17:44:19.890,7.50,98,100,100,-0.165,87.13,50,0,8.17,-0.168,1.405,-2.69,64,0,176.89,-9.98,10,0.10,3.91,3.93,3.91,3.93,3.92,3.92,3.92,3.93,31.42,11.7,30,30,88.2,0,780,167,0,0,667,715,0,0,-1,0,0,1,-1,-1,-1,-1,-1,0,1,
2026-03-25,17:44:20.160,7.50,99,100,100,-0.037,85.95,50,0,8.20,-0.168,0.434,-2.15,64,0,178.54,-6.67,10,0.10,3.91,3.93,3.91,3.93,3.92,3.92,3.92,3.92,31.44,11.6,30,30,85.9,0,-305,168,-120,0,667,716,0,0,-1,0,0,1,-1,-1,-1,-1,-1,0,1,
2026-03-25,17:44:20.420,7.51,99,100,100,-0.166,85.63,51,0,8.23,-0.092,1.272,-1.46,64,0,-178.67,-2.90,10,0.10,3.91,3.93,3.91,3.93,3.92,3.92,3.92,3.92,31.44,11.6,30,30,87.2,0,383,167,-100,0,667,715,0,0,-1,0,0,1,-1,-1,-1,-1,-1,0,1,
2026-03-25,17:44:20.680,7.51,99,100,100,-0.065,84.87,51,0,8.23,0.020,0.567,-2.10,65,0,-177.99,-8.59,10,0.10,3.91,3.93,3.92,3.93,3.92,3.92,3.92,3.92,31.45,11.6,30,30,86.5,0,-67,167,-99,0,667,716,0,0,-1,0,0,1,-1,-1,-1,-1,-1,0,1,
2026-03-25,17:44:20.940,7.51,99,100,100,-0.106,84.31,51,0,8.16,-0.024,0.763,-2.08,64,0,-173.72,-3.50,10,0.10,3.91,3.93,3.92,3.93,3.92,3.92,3.92,3.92,31.45,11.6,30,30,86.3,0,-454,168,-216,0,667,715,0,0,-1,0,0,1,-1,-1,-1,-1,-1,0,1,
2026-03-25,17:44:21.200,7.51,99,100,100,-0.179,83.40,51,0,8.14,-0.187,1.382,-2.47,61,0,-174.34,-15.74,10,0.10,3.91,3.93,3.92,3.93,3.92,3.92,3.92,3.93,31.46,11.6,30,30,82.8,0,676,168,-205,0,666,716,0,0,-1,0,0,1,-1,-1,-1,-1,-1,0,1,
2026-03-25,17:44:21.470,7.51,99,100,100,-0.074,82.30,50,0,8.16,0.000,0.515,-3.58,60,0,-174.64,-9.58,10,0.10,3.92,3.93,3.92,3.93,3.92,3.92,3.92,3.93,31.46,11.7,30,30,84.5,0,-668,168,-358,0,667,715,0,0,-1,0,0,1,-1,-1,-1,-1,-1,0,1,
2026-03-25,17:44:21.730,7.51,98,100,100,-0.249,82.12,51,0,8.16,-0.285,1.819,-1.92,57,0,-179.17,-12.27,10,0.10,3.92,3.93,3.92,3.93,3.92,3.92,3.92,3.93,31.47,11.7,30,30,84.5,0,568,168,-318,0,667,716,0,0,-1,0,0,1,-1,-1,-1,-1,-1,0,1,
2026-03-25,17:44:21.990,7.50,97,100,100,-0.197,81.47,50,0,8.20,0.044,1.343,-1.73,57,0,174.07,-16.96,10,0.10,3.92,3.93,3.92,3.93,3.92,3.92,3.92,3.93,31.47,11.5,30,30,82.8,0,628,168,-367,0,666,715,0,0,-1,0,0,1,-1,-1,-1,-1,-1,0,1,
2026-03-25,17:44:22.250,7.50,98,100,100,-0.086,81.10,50,0,8.16,0.006,0.360,-1.93,55,0,-175.71,-4.59,10,0.10,3.92,3.93,3.92,3.93,3.92,3.92,3.92,3.93,31.48,11.5,30,30,82.4,0,-820,167,-471,0,667,715,0,0,-1,0,0,1,-1,-1,-1,-1,-1,0,1,
2026-03-25,17:44:22.510,7.50,98,100,100,-0.270,81.29,52,0,8.17,-0.361,1.886,-0.28,55,0,-178.06,-6.32,10,0.10,3.92,3.93,3.92,3.93,3.92,3.92,3.92,3.93,31.48,11.5,30,30,82.8,0,606,168,-286,0,667,716,0,0,-1,0,0,1,-1,-1,-1,-1,-1,0,1,
2026-03-25,17:44:22.780,7.51,99,100,100,-0.134,80.91,52,0,8.20,-0.106,1.008,-0.49,49,0,-71.64,-18.86,10,0.10,3.91,3.93,3.92,3.93,3.92,3.92,3.92,3.93,31.47,11.5,30,30,78.7,0,636,168,-330,0,667,716,0,0,-1,0,0,1,-1,-1,-1,-1,-1,0,1,
2026-03-25,17:44:23.040,7.51,99,100,100,-0.067,80.32,53,0,8.19,-0.030,0.412,-1.78,52,0,-177.07,-5.79,10,0.10,3.91,3.93,3.92,3.92,3.92,3.92,3.92,3.93,31.47,11.4,30,30,78.7,0,17,168,-509,0,667,716,0,0,-1,0,0,1,-1,-1,-1,-1,-1,0,1,
2026-03-25,17:44:23.300,7.51,100,100,100,-0.125,80.22,53,0,8.19,-0.109,0.933,-0.47,50,0,145.91,-6.40,10,0.10,3.91,3.93,3.92,3.92,3.92,3.92,3.92,3.93,31.47,11.4,30,30,78.7,0,94,168,-387,0,667,715,0,0,-1,0,0,1,-1,-1,-1,-1,-1,0,1,
2026-03-25,17:44:23.570,7.51,100,100,100,-0.188,79.84,53,0,8.20,-0.134,1.081,-1.09,53,0,171.68,-8.07,10,0.10,3.91,3.93,3.92,3.92,3.92,3.92,3.92,3.93,31.47,11.3,30,30,81.1,0,79,168,-276,0,667,715,0,0,-1,0,0,0,-1,-1,-1,-1,-1,0,1,
2026-03-25,17:44:23.830,7.51,97,100,100,-0.185,79.66,52,0,8.15,-0.101,0.967,-0.81,56,0,172.64,-8.17,10,0.10,3.91,3.93,3.92,3.92,3.92,3.92,3.92,3.93,31.47,11.3,30,30,82.4,0,365,168,-301,0,667,716,0,0,-1,0,0,-1,-1,-1,-1,-1,-1,0,1,
2026-03-25,17:44:24.100,7.51,95,100,100,-0.155,79.14,50,0,8.22,-0.065,0.791,-1.25,59,0,177.75,-8.29,10,0.10,3.91,3.93,3.92,3.92,3.92,3.92,3.92,3.93,31.47,11.5,30,30,82.8,0,327,168,-524,0,667,716,0,0,-1,0,0,-1,-1,-1,-1,-1,-1,0,1,
2026-03-25,17:44:24.360,7.51,94,100,100,-0.136,78.56,48,0,8.25,-0.069,0.833,-1.79,58,0,177.47,-5.15,10,0.10,3.91,3.93,3.92,3.92,3.92,3.92,3.92,3.93,31.47,11.5,30,30,81.1,0,337,168,-584,0,667,716,0,0,-1,0,0,-1,-1,-1,-1,-1,-1,0,1,
2026-03-25,17:44:24.620,7.51,97,100,100,-0.133,77.80,49,0,8.27,-0.057,0.797,-2.21,56,0,174.04,-3.95,10,0.10,3.91,3.93,3.92,3.92,3.92,3.92,3.92,3.93,31.48,11.5,30,30,82.6,0,336,167,-586,0,667,715,0,0,-1,0,0,-1,-1,-1,-1,-1,-1,0,1,
2026-03-25,17:44:24.880,7.51,98,100,100,-0.173,77.11,49,0,8.27,-0.048,0.845,-2.44,52,0,163.82,-0.73,10,0.10,3.91,3.93,3.92,3.92,3.92,3.92,3.92,3.92,31.48,11.5,30,30,84.1,0,354,-22,-591,0,667,715,0,0,-1,0,0,-1,-1,-1,-1,-1,-1,0,1,
2026-03-25,17:44:25.150,7.50,97,100,100,-0.177,76.42,48,0,8.25,0.026,0.847,-2.38,51,0,159.77,0.38,10,0.10,3.92,3.93,3.92,3.92,3.92,3.92,3.92,3.92,31.48,9.6,30,30,85.9,0,247,-181,-653,0,667,715,0,0,-1,0,0,-1,-1,-1,-1,-1,-1,0,1,
2026-03-25,17:44:25.410,7.50,90,100,100,-0.163,75.91,43,0,8.24,0.117,0.779,-2.09,51,0,157.97,1.50,10,0.10,3.92,3.93,3.92,3.93,3.92,3.92,3.92,3.92,31.48,9.6,30,30,85.6,0,96,-306,-639,0,667,716,0,0,-1,0,0,-1,-1,-1,-1,-1,-1,0,1,
2026-03-25,17:44:25.680,7.50,85,100,100,-0.135,75.30,42,0,8.26,0.140,0.858,-2.01,54,0,152.92,4.85,10,0.10,3.92,3.93,3.92,3.93,3.92,3.92,3.92,3.92,31.58,0.0,30,30,85.6,0,162,-400,-641,0,667,716,0,0,-1,0,0,-1,-1,-1,-1,-1,-1,0,1,
2026-03-25,17:44:25.950,7.50,84,100,100,-0.123,74.50,43,0,8.27,0.141,0.845,-2.37,55,0,150.04,6.43,10,0.10,3.92,3.93,3.92,3.93,3.92,3.92,3.95,3.96,31.58,0.0,30,30,84.6,0,150,-518,-636,0,667,715,0,0,-1,0,0,-1,-1,-1,-1,-1,-1,0,1,
2026-03-25,17:44:26.220,7.50,88,100,100,-0.100,72.13,43,0,8.28,0.181,0.686,-3.96,57,0,140.84,11.94,10,0.10,3.92,3.93,3.92,3.93,3.92,3.92,3.95,3.96,31.66,0.0,30,30,84.1,0,20,-518,-494,0,667,715,0,0,-1,0,0,-1,-1,-1,-1,-1,-1,0,1,
2026-03-25,17:44:26.480,7.50,89,100,100,-0.134,70.65,42,0,8.28,0.142,0.806,-4.59,57,0,135.41,14.21,10,0.10,3.96,3.97,3.92,3.93,3.92,3.92,3.95,3.96,31.66,0.0,30,30,84.1,0,3,-519,0,0,667,716,0,0,-1,0,0,-1,-1,-1,-1,-1,-1,0,1,
2026-03-25,17:44:26.750,7.50,88,100,100,-0.156,69.05,42,0,8.28,0.141,0.903,-5.12,57,0,136.10,16.01,10,0.10,3.96,3.97,3.96,3.97,3.92,3.92,3.95,3.96,31.73,0.0,30,30,85.4,0,-26,-519,-100,0,667,715,0,0,-1,0,0,-1,-1,-1,-1,-1,-1,0,1,
2026-03-25,17:44:27.010,7.51,90,100,100,-0.108,66.94,42,0,8.28,0.153,0.930,-6.36,58,0,143.92,16.32,10,0.10,3.96,3.97,3.96,3.97,3.97,3.97,3.95,3.96,31.73,0.0,30,30,88.2,0,-196,-490,-304,0,667,716,0,0,-1,0,0,-1,-1,-1,-1,-1,-1,0,1,
2026-03-25,17:44:27.270,7.51,90,100,100,-0.104,64.59,42,0,8.24,0.126,1.096,-7.30,58,0,149.22,16.15,10,0.10,3.96,3.97,3.96,3.97,3.97,3.97,3.98,3.97,31.79,0.0,30,30,89.5,0,-261,-405,-322,0,667,715,0,0,-1,0,0,-1,-1,-1,-1,-1,-1,0,1,
2026-03-25,17:44:27.530,7.51,93,100,100,-0.168,62.32,41,0,8.22,0.080,1.309,-7.98,50,0,140.64,14.56,10,0.10,3.97,3.98,3.96,3.97,3.97,3.97,3.98,3.97,31.84,0.0,30,30,90.7,0,-268,-402,-308,0,667,716,0,0,-1,0,0,-1,-1,-1,-1,-1,-1,0,0,
2026-03-25,17:44:27.800,7.51,92,100,100,-0.193,60.48,41,0,8.20,0.083,1.296,-7.03,54,0,138.63,12.98,10,0.10,3.97,3.98,3.97,3.98,3.97,3.97,3.98,3.97,31.84,0.0,30,30,90.6,0,-338,-402,0,0,667,715,0,0,-1,0,0,-1,-1,-1,-1,-1,-1,0,0,
2026-03-25,17:44:28.070,7.51,93,100,100,-0.218,58.77,42,0,8.23,0.078,1.304,-6.29,57,0,148.88,8.69,10,0.10,3.97,3.98,3.97,3.98,3.97,3.97,3.98,3.97,31.88,0.0,30,30,90.6,0,-248,-396,-136,0,667,715,0,0,-1,0,0,-1,-1,-1,-1,-1,-1,0,0,
2026-03-25,17:44:28.340,7.51,94,100,100,-0.116,56.83,43,0,8.24,0.100,1.173,-6.52,58,0,156.87,6.59,10,0.10,3.97,3.98,3.97,3.98,3.97,3.97,3.98,3.98,31.88,0.0,30,30,90.2,0,-219,-395,-310,0,666,715,0,0,-1,0,0,-1,-1,-1,-1,-1,-1,0,0,
2026-03-25,17:44:28.600,7.50,98,100,100,-0.124,54.94,43,0,8.23,0.100,1.250,-6.54,59,0,158.49,4.99,10,0.10,3.97,3.98,3.97,3.98,3.97,3.97,3.98,3.98,31.92,0.0,30,30,89.1,0,-217,-395,-367,0,667,716,0,0,-1,0,0,-1,-1,-1,-1,-1,-1,0,0,
2026-03-25,17:44:28.870,7.50,99,100,100,-0.165,50.95,43,0,8.22,0.084,1.222,-6.93,57,0,147.95,5.04,10,0.10,3.98,3.99,3.97,3.98,3.97,3.97,3.98,3.98,31.92,0.0,30,30,89.5,0,-144,-395,-262,0,666,715,0,0,-1,0,0,-1,-1,-1,-1,-1,-1,0,0,
2026-03-25,17:44:29.130,7.50,96,100,100,-0.185,49.34,40,0,8.25,0.084,1.223,-6.35,52,0,146.57,4.13,10,0.10,3.98,3.99,3.97,3.98,3.97,3.97,3.98,3.98,31.95,0.0,30,30,89.5,0,-140,-395,-229,0,666,716,0,0,-1,0,0,-1,-1,-1,-1,-1,-1,0,0,
2026-03-25,17:44:29.390,7.51,95,100,100,-0.171,47.79,40,0,8.27,0.095,1.125,-5.62,50,0,153.56,2.07,10,0.10,3.98,3.99,3.97,3.98,3.98,3.98,3.98,3.98,31.95,0.0,30,30,87.8,0,-152,-395,-249,0,667,716,0,0,-1,0,0,-1,-1,-1,-1,-1,-1,0,0,
2026-03-25,17:44:29.660,7.51,91,100,100,-0.103,47.79,40,0,8.27,0.119,0.980,-5.16,46,0,157.95,1.50,10,0.10,3.98,3.99,3.97,3.98,3.98,3.98,3.98,3.99,31.97,0.0,30,30,87.4,0,-147,-396,-255,0,667,716,0,0,-1,0,0,-1,-1,-1,-1,-1,-1,0,0,
2026-03-25,17:44:29.920,7.51,88,100,100,-0.125,44.91,41,0,8.25,0.097,1.138,-5.10,47,0,159.45,1.29,10,0.10,3.98,3.99,3.97,3.98,3.98,3.98,3.98,3.99,31.97,0.0,30,30,87.4,0,-163,-395,-379,0,667,716,0,0,-1,0,0,-1,-1,-1,-1,-1,-1,0,0,
2026-03-25,17:44:30.190,7.51,85,100,100,-0.140,43.39,41,0,8.24,0.083,1.110,-5.19,46,0,154.19,1.00,10,0.10,3.98,3.99,3.98,3.99,3.98,3.98,3.98,3.99,32.00,0.0,30,30,85.9,0,-189,-320,-379,0,667,716,0,0,-1,0,0,-1,-1,-1,-1,-1,-1,0,0,
2026-03-25,17:44:30.450,7.51,84,100,100,-0.139,42.03,41,0,8.26,0.095,1.032,-5.09,44,0,152.21,0.96,10,0.10,3.98,3.99,3.98,3.99,3.98,3.98,3.98,3.99,32.00,0.0,30,30,85.9,0,-184,-298,-368,0,667,716,0,0,-1,0,0,-1,-1,-1,-1,-1,-1,0,0,
2026-03-25,17:44:30.720,7.51,86,100,100,-0.171,41.00,42,0,8.27,0.052,1.149,-4.24,45,0,154.50,-0.77,10,0.10,3.98,3.99,3.98,3.99,3.98,3.98,3.99,3.99,32.01,0.3,30,30,85.6,0,-175,-297,-313,0,667,715,0,0,-1,0,0,-1,-1,-1,-1,-1,-1,0,0,
2026-03-25,17:44:30.990,7.50,90,100,100,-0.151,39.76,43,0,8.28,0.045,1.122,-4.09,47,0,157.92,-2.40,10,0.10,3.98,3.99,3.98,3.99,3.98,3.98,3.99,3.99,32.01,0.3,30,30,85.0,0,-167,-297,-327,0,667,715,0,0,-1,0,0,-1,-1,-1,-1,-1,-1,0,0,
2026-03-25,17:44:31.270,7.50,94,100,100,-0.139,38.44,45,0,8.28,0.046,1.096,-4.44,49,0,158.19,-2.57,10,0.10,3.98,3.99,3.98,3.99,3.98,3.98,3.99,3.99,32.02,0.0,30,30,83.7,0,-172,-296,-340,0,667,715,0,0,-1,0,0,-1,-1,-1,-1,-1,-1,0,0,
2026-03-25,17:44:31.540,7.51,97,100,100,-0.130,35.83,45,0,8.26,0.047,1.072,-4.55,50,0,156.14,-2.03,10,0.10,3.98,3.99,3.99,3.99,3.98,3.98,3.99,3.99,32.03,0.0,30,30,82.6,0,-179,-297,-338,0,667,716,0,0,-1,0,0,-1,-1,-1,-1,-1,-1,0,0,
2026-03-25,17:44:31.800,7.51,96,100,100,-0.138,34.72,44,0,8.27,0.033,1.054,-4.55,49,0,155.09,-1.78,10,0.10,3.98,3.99,3.99,3.99,3.98,3.99,3.99,3.99,32.03,0.0,30,30,81.5,0,-181,-296,-326,0,667,716,0,0,-1,0,0,-1,-1,-1,-1,-1,-1,0,0,
2026-03-25,17:44:32.070,7.51,97,100,100,-0.168,33.56,44,0,8.25,0.020,1.119,-3.95,52,0,156.00,-2.29,10,0.10,3.98,3.99,3.99,3.99,3.98,3.99,3.99,3.99,32.03,0.7,30,30,81.7,0,-208,-124,-152,0,667,716,0,0,-1,0,0,-1,-1,-1,-1,-1,-1,0,0,
2026-03-25,17:44:32.330,7.50,95,100,100,-0.173,32.23,43,0,8.27,-0.051,1.181,-4.36,53,0,160.88,-3.95,10,0.10,3.98,3.99,3.99,3.99,3.98,3.99,3.99,3.99,32.03,0.7,30,30,81.5,0,-201,-68,-182,0,667,715,0,0,-1,0,0,-1,-1,-1,-1,-1,-1,0,0,
2026-03-25,17:44:32.600,7.50,96,100,100,-0.148,30.92,42,0,8.27,-0.047,1.138,-4.51,56,0,163.64,-4.97,10,0.10,3.98,3.99,3.98,3.99,3.98,3.99,3.99,3.99,32.01,6.3,30,30,82.6,0,-213,-71,-369,0,667,715,0,0,-1,0,0,-1,-1,-1,-1,-1,-1,0,0,
2026-03-25,17:44:32.870,7.50,94,100,100,-0.138,29.69,40,0,8.28,-0.044,1.208,-4.37,55,0,161.59,-6.24,10,0.10,3.98,3.99,3.98,3.99,3.98,3.98,3.99,3.99,32.01,6.3,30,30,82.6,0,-235,-78,-405,0,667,716,0,0,-1,0,0,-1,-1,-1,-1,-1,-1,0,0,
2026-03-25,17:44:33.130,7.50,91,100,100,-0.166,29.69,38,0,8.28,-0.056,1.185,-4.24,55,0,158.13,-6.89,10,0.10,3.98,3.99,3.98,3.99,3.98,3.98,3.99,3.99,32.00,5.6,30,30,82.0,0,-209,-79,-318,0,667,715,0,0,-1,0,0,-1,-1,-1,-1,-1,-1,0,0,
2026-03-25,17:44:33.390,7.51,88,100,100,-0.178,27.50,37,0,8.28,-0.059,1.147,-3.85,55,0,156.05,-7.73,10,0.10,3.98,3.99,3.98,3.99,3.98,3.98,3.99,3.99,32.00,5.6,30,30,80.7,-1,-122,-99,-290,0,667,715,0,0,-1,0,0,-1,-1,-1,-1,-1,-1,0,0,
2026-03-25,17:44:33.650,7.51,82,100,100,-0.158,27.50,36,0,8.28,-0.035,1.071,-3.19,54,0,158.28,-10.04,10,0.10,3.97,3.98,3.98,3.99,3.98,3.98,3.99,3.99,31.99,5.4,30,30,80.0,0,-120,-102,-296,0,667,715,0,0,-1,0,0,-1,-1,-1,-1,-1,-1,0,0,
2026-03-25,17:44:33.910,7.50,80,100,100,-0.161,26.09,35,0,8.28,-0.031,1.064,-3.19,55,0,161.64,-10.09,10,0.10,3.97,3.98,3.97,3.98,3.98,3.98,3.99,3.99,31.99,5.4,30,30,80.2,0,-123,-101,-299,0,667,716,0,0,-1,0,0,-1,-1,-1,-1,-1,-1,0,0,
2026-03-25,17:44:34.170,7.50,79,100,100,-0.142,26.09,36,0,8.28,-0.038,1.096,-2.46,56,0,163.17,-9.39,10,0.10,3.97,3.98,3.97,3.98,3.98,3.98,3.99,3.99,31.98,5.2,30,30,79.5,0,-120,-102,-297,0,667,716,0,0,-1,0,0,-1,-1,-1,-1,-1,-1,0,0,
2026-03-25,17:44:34.440,7.51,81,100,100,-0.146,23.84,36,0,8.28,-0.042,1.056,-2.47,51,0,163.17,-9.39,10,0.10,3.97,3.98,3.97,3.98,3.98,3.98,3.98,3.98,31.98,5.2,30,30,78.3,-1,-88,-104,-309,0,667,715,0,0,-1,0,0,-1,-1,-1,-1,-1,-1,0,0,
2026-03-25,17:44:34.700,7.51,85,100,100,-0.139,23.14,38,0,8.28,-0.026,1.010,-2.62,53,0,161.49,-7.55,10,0.10,3.97,3.98,3.97,3.98,3.98,3.98,3.98,3.98,31.98,5.2,30,30,78.3,0,-110,-104,-311,0,667,715,0,0,-1,0,0,-1,-1,-1,-1,-1,-1,0,0,
2026-03-25,17:44:34.960,7.51,87,100,100,-0.133,22.55,40,0,8.28,-0.022,1.020,-2.23,54,0,161.38,-7.29,10,0.10,3.97,3.98,3.97,3.98,3.98,3.98,3.98,3.98,31.98,5.2,30,30,78.9,0,-36,-103,-211,0,666,716,0,0,-1,0,0,-1,-1,-1,-1,-1,-1,0,0,
2026-03-25,17:44:35.230,7.51,93,100,100,-0.123,21.78,42,0,8.28,-0.022,1.022,-2.44,50,0,163.33,-7.19,10,0.10,3.97,3.98,3.97,3.98,3.97,3.97,3.98,3.98,31.97,5.2,30,30,78.3,0,-140,-104,-298,0,667,715,0,0,-1,0,0,-1,-1,-1,-1,-1,-1,0,0,
2026-03-25,17:44:35.490,7.51,94,100,100,-0.137,21.05,44,0,8.26,-0.024,0.982,-2.59,52,0,161.06,-6.06,10,0.10,3.97,3.98,3.97,3.98,3.97,3.97,3.98,3.98,31.97,5.2,30,30,78.2,0,-150,-103,-324,0,667,716,0,0,-1,0,0,-1,-1,-1,-1,-1,-1,0,0,
2026-03-25,17:44:35.760,7.51,97,100,100,-0.172,20.41,46,0,8.27,-0.067,1.115,-2.35,53,0,161.00,-6.61,10,0.10,3.97,3.98,3.97,3.98,3.97,3.97,3.98,3.98,31.96,5.2,30,30,78.0,0,-140,-104,-138,0,667,715,0,0,-1,0,0,-1,-1,-1,-1,-1,-1,0,0,
2026-03-25,17:44:36.020,7.50,97,100,100,-0.158,19.65,47,0,8.28,-0.069,1.072,-2.49,52,0,164.53,-7.77,10,0.10,3.97,3.98,3.97,3.98,3.97,3.97,3.98,3.98,31.96,5.5,30,30,77.6,0,-174,-104,-98,0,667,715,0,0,-1,0,0,-1,-1,-1,-1,-1,-1,0,0,
2026-03-25,17:44:36.280,7.50,97,100,100,-0.168,18.92,48,0,8.28,-0.072,1.070,-2.54,54,0,169.23,-8.46,10,0.10,3.97,3.98,3.97,3.98,3.97,3.97,3.98,3.98,31.96,5.5,30,30,75.2,0,-178,-103,-270,0,667,715,0,0,-1,0,0,-1,-1,-1,-1,-1,-1,0,0,
2026-03-25,17:44:36.540,7.51,98,100,100,-0.145,18.20,48,0,8.28,-0.043,0.990,-2.57,56,0,176.80,-9.87,10,0.10,3.97,3.98,3.97,3.98,3.97,3.97,3.98,3.98,31.95,5.8,30,30,76.3,-109,-114,-104,-478,0,667,716,0,0,-1,0,0,-1,-1,-1,-1,-1,-1,0,0,
2026-03-25,17:44:36.810,7.51,98,100,100,-0.114,17.65,48,0,8.26,-0.066,0.991,-2.13,56,0,176.51,-10.12,10,0.10,3.97,3.98,3.97,3.98,3.97,3.97,3.98,3.98,31.95,5.8,30,30,76.3,-129,-128,-104,-492,0,667,716,0,0,-1,0,0,-1,-1,-1,-1,-1,-1,0,0,
2026-03-25,17:44:37.070,7.51,99,100,99,-0.129,16.88,48,0,8.24,-0.063,0.991,-2.38,52,0,165.29,-6.93,10,0.10,3.97,3.98,3.97,3.98,3.97,3.97,3.98,3.98,31.95,5.7,30,30,74.8,-132,-149,-103,-483,0,667,715,0,0,-1,0,0,-1,-1,-1,-1,-1,-1,0,0,
2026-03-25,17:44:37.330,7.51,99,99,99,-0.160,16.23,49,0,8.25,-0.064,1.007,-2.42,53,0,157.64,-5.69,10,0.10,3.97,3.98,3.97,3.98,3.97,3.97,3.98,3.98,31.95,5.7,30,30,75.9,-93,-169,-104,-328,0,667,716,0,0,-1,0,0,-1,-1,-1,-1,-1,-1,0,0,
2026-03-25,17:44:37.590,7.51,99,99,99,-0.153,15.62,50,0,8.25,-0.056,1.009,-2.39,55,0,158.45,-6.00,10,0.10,3.97,3.98,3.97,3.98,3.97,3.97,3.98,3.98,31.95,5.9,30,30,75.6,-72,-185,-104,-259,0,667,715,0,0,-1,0,0,-1,-1,-1,-1,-1,-1,0,0,
2026-03-25,17:44:37.850,7.51,97,99,99,-0.143,14.00,51,0,8.24,-0.056,0.988,-2.75,51,0,164.19,-6.80,10,0.10,3.97,3.98,3.97,3.98,3.97,3.97,3.98,3.98,31.95,5.9,30,30,75.6,-81,-177,-102,-299,0,667,716,0,0,-1,0,0,-1,-1,-1,-1,-1,-1,0,0,
2026-03-25,17:44:38.120,7.51,96,99,99,-0.141,13.31,51,0,8.26,-0.079,0.991,-2.62,50,0,164.19,-6.80,10,0.10,3.97,3.98,3.97,3.98,3.97,3.97,3.98,3.98,31.93,5.9,30,30,75.6,-93,-176,-26,-325,0,667,716,0,0,-1,0,0,-1,-1,-1,-1,-1,-1,0,0,
2026-03-25,17:44:38.380,7.51,96,99,99,-0.159,12.47,50,0,8.27,-0.115,1.115,-2.67,52,0,162.61,-6.66,10,0.10,3.97,3.98,3.97,3.98,3.97,3.97,3.98,3.98,31.93,5.9,30,30,76.7,-90,-217,-28,-319,0,667,715,0,0,-1,0,0,-1,-1,-1,-1,-1,-1,0,0,
2026-03-25,17:44:38.640,7.51,95,99,99,-0.174,11.46,50,0,8.24,-0.079,1.039,-3.27,56,0,160.81,-7.61,10,0.10,3.97,3.98,3.97,3.98,3.97,3.97,3.98,3.98,31.92,8.1,30,30,78.0,-80,-282,-29,-247,0,667,716,0,0,-1,0,0,-1,-1,-1,-1,-1,-1,0,0,
2026-03-25,17:44:38.910,7.51,94,99,99,-0.184,10.67,49,0,8.20,-0.115,1.156,-2.94,57,0,162.81,-9.28,10,0.10,3.97,3.98,3.97,3.98,3.96,3.97,3.98,3.98,31.92,8.1,30,30,78.0,-79,-289,-29,-267,0,667,716,0,0,-1,0,0,-1,-1,-1,-1,-1,-1,0,0,
2026-03-25,17:44:39.170,7.51,91,99,99,-0.160,9.56,47,0,8.23,-0.150,1.227,-3.36,56,0,165.37,-12.37,10,0.10,3.97,3.98,3.97,3.98,3.96,3.97,3.97,3.97,31.90,7.9,30,30,78.0,-88,-279,-28,-288,0,667,715,0,0,-1,0,0,-1,-1,-1,-1,-1,-1,0,0,
2026-03-25,17:44:39.440,7.51,89,99,99,-0.154,8.36,44,0,8.25,-0.132,1.161,-3.84,56,0,162.88,-12.56,10,0.10,3.96,3.97,3.97,3.98,3.96,3.97,3.97,3.97,31.90,7.9,30,30,75.9,-87,-263,-28,-313,0,667,715,0,0,-1,0,0,-1,-1,-1,-1,-1,-1,0,0,
2026-03-25,17:44:39.700,7.51,85,99,99,-0.163,7.52,42,0,8.26,-0.124,1.173,-3.56,55,0,155.07,-12.83,10,0.10,3.96,3.97,3.97,3.98,3.96,3.97,3.97,3.97,31.89,8.1,30,31,76.9,-80,-244,-29,-276,0,667,715,0,0,-1,0,0,-1,-1,-1,-1,-1,-1,0,0,
2026-03-25,17:44:39.970,7.51,78,99,99,-0.171,6.99,41,0,8.27,-0.117,1.101,-3.56,55,0,151.40,-14.55,10,0.10,3.96,3.97,3.96,3.97,3.96,3.97,3.97,3.97,31.89,8.1,30,31,76.7,-78,-262,-29,-196,0,667,716,0,0,-1,0,0,-1,-1,-1,-1,-1,-1,0,0,
2026-03-25,17:44:40.230,7.51,78,99,99,-0.172,6.33,40,0,8.26,-0.117,1.102,-2.27,55,0,151.00,-15.34,10,0.10,3.96,3.97,3.96,3.97,3.96,3.96,3.97,3.97,31.87,8.0,30,31,75.6,-81,-276,-29,-72,0,666,715,0,0,-1,0,0,-1,-1,-1,-1,-1,-1,0,0,
2026-03-25,17:44:40.500,7.50,77,99,99,-0.172,5.71,38,0,8.27,-0.129,1.144,-2.19,56,0,153.51,-17.71,10,0.10,3.96,3.97,3.96,3.97,3.96,3.96,3.96,3.97,31.87,8.0,30,31,76.1,-81,-203,-31,-225,0,667,715,0,0,-1,0,0,-1,-1,-1,-1,-1,-1,0,0,
2026-03-25,17:44:40.770,7.51,75,99,99,-0.172,4.25,36,0,8.28,-0.105,1.050,-2.54,58,0,154.59,-18.09,10,0.10,3.96,3.97,3.96,3.97,3.96,3.96,3.96,3.97,31.87,8.0,30,31,75.6,-89,-224,-33,-193,0,667,716,0,0,-1,0,0,-1,-1,-1,-1,-1,-1,0,0,
2026-03-25,17:44:41.030,7.50,64,100,100,-0.149,3.70,33,0,8.25,-0.108,1.068,-2.15,60,0,155.00,-17.09,10,0.10,3.96,3.97,3.96,3.97,3.96,3.96,3.96,3.97,31.87,7.9,30,31,75.6,-78,-235,-32,-38,0,667,715,0,0,-1,0,0,-1,-1,-1,-1,-1,-1,0,0,
2026-03-25,17:44:41.290,7.50,58,100,100,-0.148,3.03,32,0,8.26,-0.117,1.110,-2.14,61,0,154.43,-16.97,10,0.10,3.96,3.97,3.96,3.97,3.96,3.96,3.96,3.97,31.87,7.9,30,31,76.7,-44,-294,-31,0,0,667,716,0,0,-1,0,0,-1,-1,-1,-1,-1,-1,0,0,
2026-03-25,17:44:41.560,7.50,67,100,100,-0.158,2.37,34,0,8.21,-0.138,1.159,-2.25,61,0,153.73,-18.50,10,0.10,3.96,3.97,3.96,3.97,3.96,3.96,3.96,3.97,31.85,7.9,30,31,76.1,-29,-377,-31,19,0,667,715,0,0,-1,0,0,-1,-1,-1,-1,-1,-1,0,0,
2026-03-25,17:44:41.820,7.50,84,100,100,-0.157,1.51,40,0,8.22,-0.170,1.218,-2.63,60,0,153.06,-20.93,10,0.10,3.96,3.97,3.96,3.97,3.96,3.96,3.96,3.97,31.85,7.9,30,31,74.3,-27,-231,-32,60,0,667,716,0,0,-1,0,0,-1,-1,-1,-1,-1,-1,0,0,
2026-03-25,17:44:42.090,7.50,96,100,100,-0.150,0.64,43,0,8.21,-0.130,1.087,-2.99,60,0,153.45,-21.52,10,0.10,3.96,3.97,3.96,3.97,3.96,3.96,3.96,3.97,31.84,8.0,30,31,74.6,-16,-251,-32,154,0,667,715,0,0,-1,0,0,-1,-1,-1,-1,-1,-1,0,0,
2026-03-25,17:44:42.360,7.50,96,100,100,-0.146,0.24,46,0,8.22,-0.128,1.062,-2.11,58,0,155.93,-22.29,10,0.10,3.96,3.97,3.96,3.97,3.96,3.96,3.96,3.97,31.84,8.0,30,31,74.3,0,0,-32,232,0,667,716,0,0,-1,0,0,-1,-1,-1,-1,-1,-1,0,0,
2026-03-25,17:44:42.630,7.51,97,100,100,-0.106,-0.11,48,0,8.22,-0.079,0.883,-1.51,51,0,161.83,-20.35,10,0.10,3.96,3.97,3.96,3.97,3.96,3.96,3.96,3.97,31.83,8.0,30,31,73.7,0,-35,-31,259,0,667,715,0,0,-1,0,0,-1,-1,-1,-1,-1,-1,0,0,
2026-03-25,17:44:42.890,7.51,97,100,100,-0.105,-0.38,49,0,8.21,-0.098,0.933,-1.20,55,0,165.02,-19.17,10,0.10,3.96,3.97,3.96,3.97,3.96,3.96,3.96,3.96,31.83,8.0,30,31,73.5,8,-241,-30,280,0,667,716,0,0,-1,0,0,-1,-1,-1,-1,-1,-1,0,0,
2026-03-25,17:44:43.160,7.51,100,100,100,-0.124,-0.61,50,0,8.19,-0.142,1.102,-0.90,56,0,168.72,-18.75,10,0.10,3.96,3.97,3.96,3.97,3.96,3.96,3.96,3.96,31.82,8.1,30,31,73.5,0,-299,-30,245,0,667,716,0,0,-1,0,0,-1,-1,-1,-1,-1,-1,0,0,
2026-03-25,17:44:43.430,7.50,99,100,100,-0.135,-1.20,51,0,8.20,-0.167,1.166,-1.43,55,0,169.52,-20.15,10,0.10,3.96,3.97,3.95,3.96,3.96,3.96,3.96,3.96,31.82,8.1,30,31,72.4,0,-186,-31,252,0,667,715,0,0,-1,0,0,-1,-1,-1,-1,-1,-1,0,0,
2026-03-25,17:44:43.690,7.51,99,100,100,-0.127,-2.77,52,0,8.22,-0.149,1.062,-2.56,55,0,171.02,-22.20,10,0.10,3.96,3.97,3.95,3.96,3.95,3.96,3.96,3.96,31.82,8.1,30,31,72.4,141,8,-33,383,0,667,716,0,0,-1,0,0,-1,-1,-1,-1,-1,-1,0,0,
2026-03-25,17:44:43.960,7.50,98,100,100,-0.096,-3.07,52,0,8.20,-0.103,0.923,-1.85,58,0,174.87,-20.37,10,0.10,3.96,3.97,3.95,3.96,3.95,3.96,3.96,3.96,31.82,8.1,30,31,72.4,178,-193,-59,360,0,667,715,0,0,-1,0,0,-1,-1,-1,-1,-1,-1,0,0,
2026-03-25,17:44:44.230,7.50,98,100,100,-0.107,-3.09,52,0,8.18,-0.103,0.943,-0.71,56,0,177.51,-20.20,10,0.10,3.96,3.96,3.95,3.96,3.95,3.96,3.96,3.96,31.81,8.2,30,31,71.1,159,-274,-101,339,0,666,715,0,0,-1,0,0,-1,-1,-1,-1,-1,-1,0,0,
2026-03-25,17:44:44.490,7.51,99,100,100,-0.143,-3.49,52,0,8.18,-0.136,1.058,-0.88,54,0,-175.80,-20.80,10,0.10,3.96,3.96,3.95,3.96,3.95,3.96,3.96,3.96,31.81,6.4,30,31,70.0,111,-312,-97,137,0,667,716,0,0,-1,0,0,-1,-1,-1,-1,-1,-1,0,0,
2026-03-25,17:44:44.760,7.51,98,100,100,-0.157,-4.24,52,0,8.17,-0.177,1.137,-1.87,54,0,-173.07,-21.80,10,0.10,3.96,3.96,3.96,3.96,3.95,3.96,3.96,3.96,31.82,6.4,30,31,69.3,0,-279,83,-26,0,667,715,0,0,-1,0,0,-1,-1,-1,-1,-1,-1,0,0,
2026-03-25,17:44:45.020,7.51,98,99,99,-0.133,-4.85,51,0,8.19,-0.236,1.058,-2.20,51,0,-167.46,-22.68,10,0.10,3.96,3.96,3.96,3.96,3.95,3.96,3.96,3.96,31.80,8.8,30,31,68.2,0,-260,-4,-337,0,667,716,0,0,-1,0,0,-1,-1,-1,-1,-1,-1,0,0,
2026-03-25,17:44:45.280,7.50,98,99,99,-0.120,-5.18,51,0,8.23,-0.140,1.011,-1.63,45,0,-168.04,-22.36,10,0.10,3.96,3.96,3.96,3.96,3.95,3.96,3.95,3.96,31.80,8.8,30,31,68.7,-11,-244,-100,-525,0,667,715,0,0,-1,0,0,-1,-1,-1,-1,-1,-1,0,0,
2026-03-25,17:44:45.550,7.51,98,99,99,-0.135,-5.35,52,0,8.22,-0.112,0.958,-1.00,49,0,-175.93,-19.82,10,0.10,3.95,3.96,3.96,3.96,3.95,3.96,3.95,3.96,31.80,6.6,30,31,68.0,-18,-175,-104,-429,0,667,716,0,0,-1,0,0,-1,-1,-1,-1,-1,-1,0,1,
2026-03-25,17:44:45.820,7.50,99,99,99,-0.146,-5.35,52,0,8.21,-0.122,0.940,-0.38,49,0,177.68,-16.84,10,0.10,3.95,3.96,3.95,3.96,3.95,3.96,3.95,3.96,31.80,6.6,30,31,68.0,-28,-587,150,-229,0,667,716,0,0,-1,0,0,-1,-1,-1,-1,-1,-1,0,1,
2026-03-25,17:44:46.080,7.50,99,100,99,-0.193,-5.58,54,0,8.22,-0.284,1.112,-0.59,47,0,179.42,-16.85,10,0.10,3.95,3.96,3.95,3.96,3.95,3.95,3.95,3.96,31.73,7.6,30,31,68.0,0,-378,97,-320,0,667,715,0,0,-1,0,0,-1,-1,-1,-1,-1,-1,0,1,
2026-03-25,17:44:46.350,7.50,100,100,99,-0.158,-5.81,55,0,8.25,-0.269,1.192,-1.06,51,0,-175.60,-22.84,10,0.10,3.95,3.96,3.95,3.96,3.95,3.95,3.95,3.95,31.73,7.6,30,31,68.5,-62,-147,-136,-597,0,667,716,0,0,-1,0,0,-1,-1,-1,-1,-1,-1,0,1,
2026-03-25,17:44:46.620,7.51,100,100,99,-0.107,-6.41,56,0,8.24,-0.076,1.043,-0.99,53,0,-176.80,-23.01,10,0.10,3.95,3.96,3.95,3.96,3.95,3.95,3.95,3.95,31.76,6.6,30,31,66.1,-76,-248,-203,-618,0,667,715,0,0,-1,0,0,-1,-1,-1,-1,-1,-1,0,1,
2026-03-25,17:44:46.880,7.51,100,100,99,-0.101,-6.08,56,0,8.21,-0.055,0.786,0.07,52,0,171.19,-16.49,10,0.10,3.94,3.96,3.95,3.96,3.95,3.95,3.95,3.95,31.76,6.6,30,31,65.9,-67,-424,-197,-200,0,667,716,0,0,-1,0,0,-1,-1,-1,-1,-1,-1,0,1,
2026-03-25,17:44:47.140,7.50,100,100,99,-0.148,-5.79,57,0,8.22,-0.130,0.975,0.93,56,0,165.13,-15.42,10,0.10,3.94,3.96,3.95,3.95,3.95,3.95,3.95,3.95,31.78,4.1,30,31,64.3,-56,-473,-197,0,0,667,715,0,0,-1,0,0,-1,-1,-1,-1,-1,-1,0,1,
2026-03-25,17:44:47.400,7.50,100,100,99,-0.156,-5.79,58,0,8.24,-0.179,1.053,-0.04,57,0,168.97,-17.45,10,0.10,3.94,3.96,3.95,3.95,3.95,3.95,3.95,3.95,31.78,4.1,30,31,62.2,-51,-441,-199,-96,0,667,716,0,0,-1,0,0,-1,-1,-1,-1,-1,-1,0,1,
2026-03-25,17:44:47.670,7.51,100,100,99,-0.110,-6.33,59,0,8.23,-0.136,0.945,-0.71,56,0,176.21,-17.69,10,0.10,3.94,3.96,3.95,3.95,3.95,3.95,3.96,3.97,31.80,4.8,30,31,60.2,-94,-501,-628,-250,0,667,715,0,0,-1,0,0,-1,-1,-1,-1,-1,-1,0,1,
2026-03-25,17:44:47.930,7.50,100,100,99,-0.101,-6.71,57,0,8.22,-0.086,0.923,-1.00,55,0,175.52,-16.62,10,0.10,3.96,3.98,3.95,3.95,3.95,3.95,3.96,3.97,31.80,4.8,30,31,57.6,-141,-572,-1009,-239,0,667,715,0,0,-1,0,0,-1,-1,-1,-1,-1,-1,0,1,
2026-03-25,17:44:48.190,7.50,100,100,99,-0.190,-6.86,56,0,8.19,0.045,1.309,-1.00,55,0,170.25,-12.24,10,0.10,3.96,3.98,3.97,3.98,3.95,3.95,3.96,3.97,31.84,0.0,30,31,57.6,-160,-566,-1023,-241,0,667,715,0,0,-1,0,0,-1,-1,-1,-1,-1,-1,0,1,
2026-03-25,17:44:48.450,7.50,100,100,99,-0.083,-6.76,55,0,8.21,0.043,0.725,-0.21,54,0,170.22,-10.19,10,0.10,3.96,3.98,3.97,3.98,3.97,3.97,3.96,3.97,31.84,0.0,30,31,57.2,-167,-521,-1024,-246,0,667,716,0,0,-1,0,0,-1,-1,-1,-1,-1,-1,0,1,
2026-03-25,17:44:48.710,7.50,100,100,99,-0.117,-6.44,54,0,8.24,-0.020,0.895,0.58,54,0,169.97,-11.91,10,0.10,3.96,3.98,3.97,3.98,3.97,3.97,3.96,3.97,31.88,0.0,30,31,53.3,-186,-69,-1024,-222,0,667,715,0,0,-1,0,0,-1,-1,-1,-1,-1,-1,0,1,
2026-03-25,17:44:48.970,7.51,100,100,100,-0.063,-6.19,55,0,8.26,0.000,0.854,0.83,59,0,170.17,-9.18,10,0.10,3.96,3.98,3.97,3.98,3.97,3.97,3.98,3.98,31.88,0.0,30,31,50.2,-198,-63,-1024,-199,0,667,716,0,0,-1,0,0,-1,-1,-1,-1,-1,-1,0,0,
2026-03-25,17:44:49.230,7.50,100,100,100,-0.155,-5.89,56,0,8.27,0.018,1.590,0.92,61,0,170.92,-5.80,10,0.10,3.97,3.99,3.97,3.98,3.97,3.97,3.98,3.98,31.91,0.0,30,31,49.8,-197,-55,-1024,-172,0,667,716,0,0,-1,0,0,-1,-1,-1,-1,-1,-1,0,0,
2026-03-25,17:44:49.490,7.51,100,100,100,-0.056,-5.36,56,0,8.25,0.049,1.199,1.10,62,0,171.04,-6.93,10,0.10,3.97,3.99,3.98,3.98,3.97,3.97,3.98,3.98,31.91,0.0,30,31,46.9,-208,-31,-1024,-123,0,666,716,0,0,-1,0,0,-1,-1,-1,-1,-1,-1,0,0,
2026-03-25,17:44:49.760,7.50,100,100,100,-0.046,-5.16,58,0,8.24,0.026,1.182,0.70,64,0,171.07,-5.91,10,0.10,3.97,3.99,3.98,3.98,3.97,3.98,3.98,3.98,31.93,0.0,30,31,45.2,-273,14,-1024,0,0,667,715,0,0,-1,0,0,-1,-1,-1,-1,-1,-1,0,0,
2026-03-25,17:44:50.030,7.51,100,100,100,-0.077,-5.05,58,0,8.23,0.027,0.882,0.60,65,0,171.57,-5.80,10,0.10,3.97,3.99,3.98,3.98,3.97,3.98,3.98,3.98,31.95,0.0,30,31,43.9,-297,15,-1024,0,0,667,716,0,0,-1,0,0,-1,-1,-1,-1,-1,-1,0,0,
2026-03-25,17:44:50.300,7.50,100,100,100,-0.061,-4.94,59,0,8.23,0.031,0.941,0.43,69,0,172.71,-4.51,10,0.10,3.98,3.99,3.98,3.98,3.97,3.98,3.98,3.98,31.95,0.0,30,31,41.9,-209,14,-1024,0,0,667,715,0,0,-1,0,0,-1,-1,-1,-1,-1,-1,0,0,
2026-03-25,17:44:50.560,7.50,100,100,100,-0.036,-4.89,59,0,8.23,0.066,0.956,0.30,68,0,172.78,-4.14,10,0.10,3.98,3.99,3.98,3.99,3.97,3.98,3.98,3.98,31.96,0.0,30,31,41.9,-238,14,-1024,0,0,666,715,0,0,-1,0,0,-1,-1,-1,-1,-1,-1,0,0,
2026-03-25,17:44:50.820,7.50,100,100,100,-0.104,-4.78,61,0,8.20,0.030,1.077,0.33,69,0,172.34,-4.20,10,0.10,3.98,3.99,3.98,3.99,3.98,3.98,3.98,3.98,31.96,0.0,30,31,39.1,-324,14,-1024,0,0,667,716,0,0,-1,0,0,-1,-1,-1,-1,-1,-1,0,0,
2026-03-25,17:44:51.090,7.50,100,100,100,-0.100,-4.78,64,0,8.22,0.039,0.746,0.19,72,0,172.45,-3.73,10,0.10,3.98,3.99,3.98,3.99,3.98,3.98,3.98,3.98,31.98,0.0,31,31,38.2,-390,14,-1024,0,0,666,716,0,0,-1,0,0,-1,-1,-1,-1,-1,-1,0,0,
2026-03-25,17:44:51.350,7.51,100,100,100,-0.102,-4.74,65,0,8.25,0.000,1.037,0.04,75,0,173.44,-3.43,10,0.10,3.98,3.99,3.98,3.99,3.98,3.98,3.99,3.98,31.98,0.0,31,31,33.7,-277,13,-1024,0,0,667,716,0,0,-1,0,0,-1,-1,-1,-1,-1,-1,0,0,
2026-03-25,17:44:51.610,7.51,100,100,100,-0.070,-4.53,67,0,8.20,-0.073,0.918,0.45,76,0,173.67,-3.07,10,0.10,3.98,3.99,3.98,3.99,3.98,3.98,3.99,3.98,31.99,0.0,31,31,31.3,46,0,-1024,0,0,667,715,0,0,-1,0,0,-1,-1,-1,-1,-1,-1,0,0,
2026-03-25,17:44:51.870,7.51,99,100,100,-0.045,-4.50,68,0,8.19,-0.051,0.908,0.34,76,0,173.65,-2.97,10,0.10,3.98,3.99,3.98,3.99,3.98,3.98,3.99,3.98,31.99,0.0,31,31,30.0,206,0,-1024,0,0,667,716,0,0,-1,0,0,-1,-1,-1,-1,-1,-1,0,0,
2026-03-25,17:44:52.150,7.51,99,100,100,-0.149,-4.45,69,0,8.18,0.015,1.052,0.11,77,0,173.31,-2.81,10,0.10,3.98,3.99,3.98,3.99,3.98,3.98,3.99,3.98,32.00,0.0,31,31,27.6,69,0,-1024,0,0,667,715,0,0,-1,0,0,-1,-1,-1,-1,-1,-1,0,0,
2026-03-25,17:44:52.420,7.50,99,100,100,-0.161,-4.36,68,0,8.15,0.012,0.892,0.24,80,0,172.86,-2.79,10,0.10,3.98,3.99,3.98,3.99,3.98,3.98,3.99,3.99,32.00,0.0,31,31,25.0,-472,7,-1024,0,0,667,716,0,0,-1,0,0,-1,-1,-1,-1,-1,-1,0,0,
2026-03-25,17:44:52.690,7.50,100,100,100,-0.118,-4.33,68,0,8.16,-0.035,1.063,0.17,75,0,172.43,-1.66,10,0.07,3.98,3.99,3.98,3.99,3.98,3.98,3.99,3.99,32.01,0.0,31,31,25.0,-582,12,-1024,0,0,667,716,0,0,-1,0,0,-1,-1,-1,-1,-1,-1,0,0,
2026-03-25,17:44:52.950,7.50,100,100,100,-0.033,-4.30,69,0,8.17,-0.006,0.821,0.14,74,0,172.32,-2.27,10,0.08,3.98,3.99,3.98,3.99,3.98,3.98,3.99,3.99,32.01,0.0,31,31,25.0,-460,0,-1024,0,0,667,716,0,0,-1,0,0,-1,-1,-1,-1,-1,-1,0,0,
2026-03-25,17:44:53.210,7.50,100,100,100,0.037,-4.26,69,0,8.19,-0.043,0.821,0.13,75,0,172.98,-1.37,10,0.08,3.98,3.99,3.98,3.99,3.98,3.98,3.99,3.99,32.02,0.0,31,31,22.6,-675,12,-1024,0,0,667,715,0,0,-1,0,0,-1,-1,-1,-1,-1,-1,0,0,
2026-03-25,17:44:53.470,7.50,100,100,100,-0.010,-4.31,68,0,8.17,-0.019,0.779,0.00,73,0,173.22,-3.86,10,0.09,3.98,3.99,3.98,3.99,3.98,3.98,3.99,3.99,32.02,0.0,31,31,18.7,0,13,-1024,0,0,667,716,0,0,-1,0,0,-1,-1,-1,-1,-1,-1,0,0,
2026-03-25,17:44:53.730,7.50,100,100,100,-0.058,-4.25,64,0,8.16,-0.064,0.877,0.05,67,0,173.95,-2.54,10,0.07,3.98,3.99,3.98,3.99,3.98,3.98,3.99,3.99,32.03,0.0,31,31,13.0,178,10,-1024,0,0,667,715,0,0,-1,0,0,-1,-1,-1,-1,-1,-1,0,0,
2026-03-25,17:44:53.990,7.51,100,100,99,-0.108,-4.09,62,0,8.16,-0.011,1.407,0.31,66,0,174.02,-3.50,10,0.08,3.98,3.99,3.98,3.99,3.98,3.98,3.99,3.99,32.03,0.0,31,31,16.5,255,15,-1024,-5,0,667,716,0,0,-1,0,0,-1,-1,-1,-1,-1,-1,0,0,
2026-03-25,17:44:54.260,7.51,100,100,99,-0.127,-4.05,63,0,8.17,-0.015,1.003,0.29,64,0,173.79,-3.33,10,0.08,3.98,3.99,3.98,3.99,3.98,3.98,3.99,3.99,32.03,0.0,31,31,10.7,382,15,-1024,0,0,667,716,0,0,-1,0,0,-1,-1,-1,-1,-1,-1,0,0,
2026-03-25,17:44:54.520,7.51,100,100,99,-0.128,-3.96,65,0,8.17,0.003,0.886,0.26,64,0,173.51,-2.35,10,0.09,3.98,3.99,3.98,3.99,3.98,3.99,3.99,3.99,32.03,0.0,31,31,10.7,363,15,-995,0,0,667,715,0,0,-1,0,0,-1,-1,-1,-1,-1,-1,0,0,
2026-03-25,17:44:54.780,7.50,100,100,99,-0.143,-3.96,66,0,8.19,0.061,0.949,0.16,64,0,172.19,-1.59,10,0.09,3.98,3.99,3.98,3.99,3.98,3.99,3.99,3.99,32.03,0.0,31,31,10.7,308,16,-936,-4,0,667,716,0,0,-1,0,0,-1,-1,-1,-1,-1,-1,0,0,
2026-03-25,17:44:55.050,7.51,100,100,99,-0.210,-3.97,66,0,8.20,0.036,0.949,0.00,60,0,171.51,-1.66,10,0.09,3.98,3.99,3.98,3.99,3.98,3.99,3.99,3.99,32.03,0.0,31,31,0.0,68,14,-1021,0,0,667,716,0,0,-1,0,0,-1,-1,-1,-1,-1,-1,0,0,
2026-03-25,17:44:55.310,7.51,100,100,99,-0.165,-3.84,63,0,8.19,0.010,1.025,0.16,55,0,170.70,-2.35,10,0.10,3.98,3.99,3.98,3.99,3.98,3.99,3.99,3.99,32.03,0.0,31,31,0.0,-75,15,-1024,0,0,667,716,0,0,-1,0,0,-1,-1,-1,-1,-1,-1,0,0,
2026-03-25,17:44:55.580,7.51,100,100,99,-0.136,-3.79,55,0,8.24,-0.027,1.234,0.19,58,0,170.57,-1.99,10,0.10,3.98,3.99,3.99,3.99,3.98,3.99,3.99,3.99,32.04,0.0,31,31,0.0,-140,15,-969,0,0,667,716,0,0,-1,0,0,-1,-1,-1,-1,-1,-1,0,0,
2026-03-25,17:44:55.840,7.51,100,100,99,-0.143,-3.76,51,0,8.24,-0.010,0.854,0.15,57,0,170.60,-2.04,10,0.10,3.98,3.99,3.99,3.99,3.98,3.99,3.99,3.99,32.04,0.0,31,31,0.0,-131,15,-860,0,0,667,716,0,0,-1,0,0,-1,-1,-1,-1,-1,-1,0,0,
2026-03-25,17:44:56.100,7.51,99,99,99,-0.131,-3.71,50,0,8.26,0.000,1.015,0.16,54,0,170.71,-1.99,10,0.10,3.98,3.99,3.99,3.99,3.98,3.99,3.99,3.99,32.05,0.0,31,31,0.0,-227,15,-693,0,0,667,716,0,0,-1,0,0,-1,-1,-1,-1,-1,-1,0,0,
2026-03-25,17:44:56.370,7.51,99,99,99,-0.104,-3.70,48,0,8.26,0.000,0.976,0.12,52,0,170.64,-2.35,10,0.10,3.98,3.99,3.99,3.99,3.98,3.99,3.99,3.99,32.05,0.0,31,31,0.0,-226,15,-600,0,0,667,715,0,0,-1,0,0,-1,-1,-1,-1,-1,-1,0,0,
2026-03-25,17:44:56.630,7.51,98,99,99,-0.137,-3.70,48,0,8.27,-0.119,0.927,0.00,55,0,171.00,-2.38,10,0.10,3.98,3.99,3.99,3.99,3.98,3.99,3.99,3.99,32.04,1.8,31,31,0.0,-228,15,-592,0,0,667,715,0,0,-1,0,0,-1,-1,-1,-1,-1,-1,0,0,
2026-03-25,17:44:56.900,7.50,99,99,99,-0.076,-3.74,50,0,8.25,-0.062,0.957,-0.04,55,0,171.13,-2.54,10,0.10,3.98,3.99,3.99,3.99,3.98,3.99,3.99,3.99,32.04,1.8,31,31,0.0,-300,16,-393,0,0,667,715,0,0,-1,0,0,-1,-1,-1,-1,-1,-1,0,0,
2026-03-25,17:44:57.160,7.50,99,99,99,-0.062,-3.77,50,0,8.26,-0.136,0.988,-0.09,55,0,171.36,-3.30,10,0.10,3.98,3.99,3.99,3.99,3.98,3.99,3.99,3.99,32.03,3.6,31,31,0.0,-337,16,-455,0,0,667,716,0,0,-1,0,0,-1,-1,-1,-1,-1,-1,0,0,
2026-03-25,17:44:57.430,7.50,99,99,99,-0.072,-3.90,51,0,8.25,-0.102,0.981,-0.27,56,0,171.43,-3.73,10,0.10,3.98,3.99,3.99,3.99,3.98,3.99,3.99,3.99,32.03,3.6,31,31,0.0,-209,15,-525,0,0,667,715,0,0,-1,0,0,-1,-1,-1,-1,-1,-1,0,0,
2026-03-25,17:44:57.700,7.50,98,99,99,-0.130,-3.99,50,0,8.23,-0.052,1.045,-0.33,54,0,171.29,-4.16,10,0.10,3.98,3.99,3.99,3.99,3.98,3.99,3.99,3.99,32.01,1.5,31,31,0.0,-291,15,-306,0,0,667,716,0,0,-1,0,0,-1,-1,-1,-1,-1,-1,0,0,
2026-03-25,17:44:57.970,7.50,96,100,100,-0.093,-3.96,49,0,8.22,-0.175,1.002,0.00,51,0,171.36,-5.35,10,0.10,3.98,3.99,3.98,3.99,3.98,3.99,3.99,3.99,32.01,1.5,31,31,0.0,-281,16,-134,0,0,667,715,0,0,-1,0,0,-1,-1,-1,-1,-1,-1,0,0,
2026-03-25,17:44:58.230,7.51,97,100,100,-0.158,-4.15,48,0,8.23,-0.234,1.087,0.00,52,0,171.51,-5.66,10,0.10,3.98,3.99,3.98,3.99,3.97,3.98,3.99,3.99,32.01,6.1,31,31,0.0,-60,18,-135,0,0,667,716,0,0,-1,0,0,-1,-1,-1,-1,-1,-1,0,0,
2026-03-25,17:44:58.510,7.51,98,100,100,-0.143,-4.37,47,0,8.22,-0.261,0.899,-0.65,54,0,171.50,-7.05,10,0.10,3.98,3.99,3.98,3.99,3.97,3.98,3.98,3.98,32.01,7.5,31,31,0.0,-67,16,-129,0,0,667,715,0,0,-1,0,0,-1,-1,-1,-1,-1,-1,0,0,
2026-03-25,17:44:58.780,7.51,98,100,100,-0.146,-4.44,48,0,8.22,-0.231,0.871,-0.43,50,0,171.05,-8.91,10,0.10,3.98,3.99,3.98,3.99,3.97,3.98,3.98,3.98,31.97,7.5,31,31,0.0,-92,16,-122,0,0,667,715,0,0,-1,0,0,-1,-1,-1,-1,-1,-1,0,0,
2026-03-25,17:44:59.040,7.51,98,100,100,-0.083,-4.43,48,0,8.25,-0.245,0.958,-0.19,48,0,171.19,-9.15,10,0.10,3.98,3.99,3.96,3.97,3.97,3.98,3.98,3.98,31.93,7.5,31,31,0.0,-32,16,-123,0,0,667,716,0,0,-1,0,0,-1,-1,-1,-1,-1,-1,0,0,
2026-03-25,17:44:59.310,7.51,98,100,100,-0.114,-4.48,51,0,8.22,-0.285,0.824,-0.11,49,0,170.72,-10.31,10,0.10,3.98,3.99,3.96,3.97,3.96,3.96,3.98,3.98,31.93,7.5,31,31,0.0,0,18,-593,0,0,667,716,0,0,-1,0,0,-1,-1,-1,-1,-1,-1,0,0,
2026-03-25,17:44:59.570,7.51,99,99,99,-0.142,-4.51,52,0,8.23,-0.021,0.984,-0.17,48,0,170.83,-10.88,10,0.10,3.98,3.99,3.96,3.97,3.96,3.96,3.97,3.97,31.95,0.5,31,31,0.0,0,20,-684,0,0,667,715,0,0,-1,0,0,-1,-1,-1,-1,-1,-1,0,0,
2026-03-25,17:44:59.830,7.51,99,99,99,-0.150,-4.24,53,0,8.22,-0.078,0.928,0.41,48,0,170.91,-8.84,10,0.10,3.98,3.99,3.96,3.97,3.96,3.96,3.97,3.97,31.95,0.5,31,31,0.0,-42,16,-317,0,0,667,716,0,0,-1,0,0,-1,-1,-1,-1,-1,-1,0,0,
2026-03-25,17:45:00.100,7.51,99,99,98,-0.145,-3.99,54,0,8.25,-0.111,0.876,0.80,54,0,171.06,-9.23,10,0.10,3.97,3.98,3.96,3.97,3.96,3.96,3.97,3.97,31.93,4.5,31,31,0.0,0,15,-275,0,0,667,716,0,0,-1,0,0,-1,-1,-1,-1,-1,-1,0,0,
2026-03-25,17:45:00.360,7.51,100,100,98,-0.152,-4.02,55,0,8.22,-0.174,0.848,0.33,55,0,170.72,-10.14,10,0.10,3.97,3.98,3.96,3.97,3.96,3.96,3.97,3.97,31.93,4.5,31,31,0.0,0,15,-271,0,0,667,715,0,0,-1,0,0,-1,-1,-1,-1,-1,-1,0,0,
2026-03-25,17:45:00.620,7.51,100,100,97,-0.075,-4.17,56,0,8.23,-0.087,1.192,-0.17,61,0,171.93,-7.71,10,0.10,3.97,3.98,3.96,3.97,3.97,3.97,3.97,3.97,31.92,5.9,31,31,0.0,-8,15,-234,0,0,667,716,0,0,-1,0,0,-1,-1,-1,-1,-1,-1,0,0,
2026-03-25,17:45:00.880,7.50,100,100,97,-0.075,-4.30,57,0,8.21,-0.084,0.994,-0.23,64,0,172.10,-7.98,10,0.10,3.97,3.98,3.96,3.97,3.97,3.97,3.97,3.97,31.92,5.9,31,31,0.0,-265,15,-124,0,0,667,716,0,0,-1,0,0,-1,-1,-1,-1,-1,-1,0,0,
2026-03-25,17:45:01.140,7.50,99,99,97,-0.128,-4.40,58,0,8.19,-0.196,0.929,-0.22,66,0,171.82,-8.70,10,0.10,3.96,3.97,3.96,3.97,3.97,3.97,3.97,3.97,31.89,7.0,31,31,0.0,-281,15,-155,0,0,667,716,0,0,-1,0,0,-1,-1,-1,-1,-1,-1,0,0,
2026-03-25,17:45:01.400,7.51,98,98,97,-0.159,-4.50,58,0,8.24,-0.159,1.149,-0.36,66,0,171.97,-9.17,10,0.10,3.96,3.97,3.96,3.97,3.97,3.97,3.97,3.97,31.89,7.0,31,31,0.0,-209,16,-304,0,0,667,716,0,0,-1,0,0,-1,-1,-1,-1,-1,-1,0,0,
2026-03-25,17:45:01.670,7.51,98,98,97,-0.159,-4.42,58,0,8.25,-0.153,0.983,-0.03,66,0,171.79,-9.49,10,0.10,3.96,3.97,3.96,3.97,3.96,3.96,3.97,3.97,31.89,5.2,31,31,0.0,-260,16,-276,0,0,667,715,0,0,-1,0,0,-1,-1,-1,-1,-1,-1,0,0,
2026-03-25,17:45:01.930,7.51,99,99,97,-0.149,-4.32,58,0,8.24,-0.136,0.839,0.21,68,0,171.92,-9.52,10,0.08,3.96,3.97,3.96,3.97,3.96,3.96,3.96,3.97,31.89,5.2,31,31,0.0,-269,17,-217,0,0,666,715,0,0,-1,0,0,-1,-1,-1,-1,-1,-1,0,0,
2026-03-25,17:45:02.190,7.51,100,100,97,-0.225,-4.27,58,0,8.26,-0.120,1.144,0.23,69,0,171.83,-9.50,10,0.08,3.96,3.97,3.96,3.97,3.96,3.96,3.96,3.97,31.88,6.1,31,31,0.0,-281,16,-231,0,0,667,716,0,0,-1,0,0,-1,-1,-1,-1,-1,-1,0,0,
2026-03-25,17:45:02.450,7.51,100,100,97,-0.109,-4.23,58,0,8.22,-0.096,0.773,0.19,67,0,171.76,-10.37,10,0.09,3.96,3.97,3.96,3.97,3.96,3.96,3.96,3.97,31.88,6.1,31,31,0.0,-61,16,-597,0,0,667,716,0,0,-1,0,0,-1,-1,-1,-1,-1,-1,0,0,
2026-03-25,17:45:02.720,7.51,100,100,97,-0.124,-4.24,58,0,8.22,-0.081,0.983,0.04,67,0,171.76,-9.76,10,0.09,3.96,3.97,3.96,3.97,3.96,3.96,3.96,3.97,31.93,3.5,31,31,0.0,-3,17,-1021,0,0,667,715,0,0,-1,0,0,-1,-1,-1,-1,-1,-1,0,0,
2026-03-25,17:45:02.990,7.51,100,100,97,-0.081,-4.08,59,0,8.23,-0.101,0.933,0.22,64,0,171.97,-9.45,10,0.07,3.96,3.97,3.96,3.97,3.97,3.97,3.96,3.97,31.93,3.5,31,31,0.0,0,16,-1024,0,0,667,716,0,0,-1,0,0,-1,-1,-1,-1,-1,-1,0,0,
2026-03-25,17:45:03.260,7.51,100,100,97,-0.143,-3.84,62,0,8.25,-0.072,1.136,0.68,59,0,172.45,-8.06,10,0.08,3.96,3.97,3.96,3.97,3.97,3.97,3.97,3.98,31.95,0.0,31,31,0.0,0,16,-1024,0,0,667,716,0,0,-1,0,0,-1,-1,-1,-1,-1,-1,0,0,
2026-03-25,17:45:03.520,7.51,100,100,98,-0.062,-3.71,61,0,8.27,-0.037,1.112,0.57,62,0,172.54,-8.08,10,0.08,3.97,3.98,3.96,3.97,3.97,3.97,3.97,3.98,31.95,0.0,31,31,0.0,0,15,-1023,0,0,667,715,0,0,-1,0,0,-1,-1,-1,-1,-1,-1,0,0,
2026-03-25,17:45:03.790,7.51,100,100,98,-0.073,-3.61,59,0,8.28,-0.039,0.916,0.24,64,0,172.85,-7.48,10,0.09,3.97,3.98,3.98,3.99,3.97,3.97,3.97,3.98,31.96,0.0,31,31,0.0,0,14,-1024,0,0,667,715,0,0,-1,0,0,-1,-1,-1,-1,-1,-1,0,0,
2026-03-25,17:45:04.050,7.50,100,100,99,-0.090,-3.63,57,0,8.28,-0.120,1.068,0.00,66,0,173.06,-6.70,10,0.09,3.97,3.98,3.98,3.99,3.98,3.98,3.97,3.98,31.98,0.0,31,31,0.0,0,15,-1024,0,0,667,715,0,0,-1,0,0,-1,1,-1,-1,-1,-1,0,0,
2026-03-25,17:45:04.310,7.51,99,99,99,-0.125,-3.65,55,0,8.28,-0.205,0.950,-0.02,66,0,173.13,-7.51,10,0.09,3.97,3.98,3.98,3.99,3.98,3.98,3.97,3.98,31.98,0.0,31,31,0.0,0,16,-1024,0,0,667,716,0,0,-1,0,0,-1,1,-1,-1,-1,-1,0,0,
2026-03-25,17:45:04.570,7.51,99,100,99,-0.104,-3.61,55,0,8.25,-0.157,0.967,0.05,68,0,173.13,-7.62,10,0.07,3.97,3.98,3.98,3.99,3.98,3.98,3.97,3.98,31.98,0.0,31,31,0.0,0,15,-1024,0,0,666,715,0,0,-1,0,0,-1,1,-1,-1,-1,-1,0,0,
2026-03-25,17:45:04.830,7.50,99,100,100,-0.104,-3.58,57,0,8.25,-0.157,0.968,0.09,68,0,173.14,-8.05,10,0.08,3.98,3.99,3.98,3.99,3.98,3.98,3.97,3.98,31.98,0.0,31,31,0.0,0,16,-1024,0,0,667,716,0,0,-1,0,0,-1,1,-1,-1,-1,-1,0,0,
2026-03-25,17:45:05.090,7.50,100,100,100,-0.107,-3.58,59,0,8.26,-0.158,0.970,0.04,66,0,173.14,-8.36,10,0.09,3.98,3.99,3.98,3.99,3.98,3.98,3.97,3.98,32.00,0.0,31,31,0.0,0,16,-1024,0,0,667,716,0,0,-1,0,0,-1,1,-1,-1,-1,-1,0,0,
2026-03-25,17:45:05.360,7.51,100,100,100,-0.106,-3.56,61,0,8.27,-0.149,0.970,0.05,69,0,173.14,-8.50,10,0.09,3.98,3.99,3.98,3.99,3.98,3.98,3.97,3.98,32.00,0.0,31,31,0.0,0,16,-1024,0,0,667,716,0,0,-1,0,0,-1,1,-1,-1,-1,-1,0,0,
2026-03-25,17:45:05.630,7.51,99,100,100,-0.107,-3.61,62,0,8.26,-0.152,0.973,-0.07,68,0,173.13,-8.77,10,0.09,3.98,3.99,3.98,3.99,3.98,3.98,3.99,3.99,32.01,0.0,31,31,0.0,0,15,-1024,0,0,667,715,0,0,-1,0,0,-1,1,-1,-1,-1,-1,0,0,
2026-03-25,17:45:05.890,7.50,99,100,100,-0.107,-3.64,63,0,8.27,-0.153,0.973,-0.11,66,0,173.13,-8.90,10,0.07,3.98,3.99,3.98,3.99,3.98,3.98,3.99,3.99,32.01,0.0,31,31,0.0,0,16,-1024,0,0,667,715,0,0,-1,0,0,-1,1,-1,-1,-1,-1,0,0,
2026-03-25,17:45:06.160,7.51,99,100,100,-0.106,-3.61,63,0,8.28,-0.151,0.974,0.01,68,0,173.13,-9.10,10,0.06,3.98,3.99,3.98,3.99,3.98,3.98,3.99,3.99,32.02,0.0,31,31,0.0,0,16,-1024,0,0,666,716,0,0,-1,0,0,-1,1,-1,-1,-1,-1,0,0,
2026-03-25,17:45:06.420,7.50,100,100,100,-0.107,-3.57,63,0,8.28,-0.151,0.974,0.07,73,0,173.13,-9.27,10,0.04,3.98,3.99,3.98,3.99,3.98,3.98,3.99,3.99,32.02,0.0,31,31,0.0,0,15,-1024,0,0,667,715,0,0,-1,0,0,-1,1,-1,-1,-1,-1,0,0,
2026-03-25,17:45:06.690,7.51,99,100,100,-0.107,-3.57,63,0,8.28,-0.152,0.973,0.03,73,0,173.13,-9.36,10,0.06,3.98,3.99,3.98,3.99,3.98,3.98,3.99,3.99,32.02,0.0,31,31,0.0,0,16,-1024,0,0,667,716,0,0,-1,0,0,-1,1,-1,-1,-1,-1,0,0,
2026-03-25,17:45:06.960,7.51,99,100,100,-0.106,-3.60,64,0,8.25,-0.151,0.973,-0.01,70,0,173.13,-9.49,10,0.07,3.98,3.99,3.98,3.99,3.98,3.98,3.99,3.99,32.02,0.0,31,31,0.0,0,15,-1024,0,0,667,715,0,0,-1,0,0,-1,1,-1,-1,-1,-1,0,0,
2026-03-25,17:45:07.220,7.50,99,100,100,-0.106,-3.60,67,0,8.26,-0.152,0.973,-0.02,68,0,173.13,-9.55,10,0.07,3.98,3.99,3.98,3.99,3.98,3.98,3.99,3.99,32.03,0.0,31,31,0.0,0,16,-1024,0,0,667,715,0,0,-1,0,0,-1,1,-1,-1,-1,-1,0,0,
2026-03-25,17:45:07.480,7.50,100,100,100,-0.106,-3.64,70,0,8.27,-0.152,0.973,-0.05,73,0,173.13,-9.66,10,0.09,3.98,3.99,3.98,3.99,3.98,3.98,3.99,3.99,32.03,0.0,31,31,0.0,0,16,-1024,0,0,667,716,0,0,-1,0,0,-1,1,-1,-1,-1,-1,0,0,
2026-03-25,17:45:07.740,7.50,100,100,100,-0.106,-3.64,72,0,8.28,-0.152,0.973,-0.04,73,0,173.13,-9.75,10,0.09,3.98,3.99,3.98,3.99,3.98,3.98,3.99,3.99,32.03,0.0,31,31,0.0,0,16,-1024,0,0,667,715,0,0,-1,0,0,-1,1,-1,-1,-1,-1,0,0,
2026-03-25,17:45:08.010,7.50,100,100,100,-0.106,-3.71,72,0,8.28,-0.153,0.973,-0.11,76,0,173.13,-9.78,10,0.09,3.98,3.99,3.98,3.99,3.98,3.98,3.99,3.99,32.03,0.0,31,31,0.0,0,16,-1000,0,0,667,715,0,0,-1,0,0,-1,1,-1,-1,-1,-1,0,0,
2026-03-25,17:45:08.280,7.50,100,100,100,-0.105,-3.67,73,0,8.28,-0.152,0.973,-0.05,78,0,173.12,-9.85,10,0.09,3.98,3.99,3.98,3.99,3.98,3.98,3.99,3.99,32.03,0.0,31,31,0.0,0,16,-999,0,0,667,716,0,0,-1,0,0,-1,1,-1,-1,-1,-1,0,0,
2026-03-25,17:45:08.550,7.50,100,100,100,-0.106,-3.59,73,0,8.28,-0.152,0.973,0.17,79,0,173.12,-9.88,10,0.10,3.98,3.99,3.99,3.99,3.98,3.98,3.99,3.99,32.03,0.0,31,31,0.0,0,16,-999,0,0,667,716,0,0,-1,0,0,-1,1,-1,-1,-1,-1,0,0,
2026-03-25,17:45:08.810,7.51,100,100,100,-0.106,-3.60,74,0,8.28,-0.152,0.973,0.09,80,0,173.12,-9.94,10,0.10,3.98,3.99,3.99,3.99,3.98,3.98,3.99,3.99,32.03,0.0,31,31,0.0,0,16,-999,0,0,667,716,0,0,-1,0,0,-1,1,-1,-1,-1,-1,0,0,
2026-03-25,17:45:09.070,7.51,100,100,100,-0.106,-3.54,75,0,8.28,-0.152,0.973,0.07,81,0,173.12,-9.98,10,0.10,3.98,3.99,3.99,3.99,3.98,3.99,3.99,3.99,32.03,0.0,31,31,0.0,0,15,-999,0,0,667,715,0,0,-1,0,0,-1,1,-1,-1,-1,-1,0,0,
2026-03-25,17:45:09.340,7.51,100,100,100,-0.106,-3.54,76,0,8.28,-0.153,0.974,0.00,81,0,173.12,-10.00,10,0.10,3.98,3.99,3.99,3.99,3.98,3.99,3.99,3.99,32.03,0.0,31,31,0.0,0,16,-999,0,0,666,715,0,0,-1,0,0,-1,1,-1,-1,-1,-1,0,0,
2026-03-25,17:45:09.610,7.50,100,100,100,-0.106,-3.62,76,0,8.25,-0.153,0.973,-0.13,83,0,173.12,-10.03,10,0.10,3.98,3.99,3.99,3.99,3.98,3.99,3.99,3.99,32.04,0.0,31,31,0.0,0,16,-998,0,0,667,715,0,0,-1,0,0,-1,1,-1,-1,-1,-1,0,0,
2026-03-25,17:45:09.870,7.51,100,100,100,-0.106,-3.60,77,0,8.26,-0.152,0.973,-0.08,86,0,173.12,-10.05,10,0.10,3.98,3.99,3.99,3.99,3.98,3.99,3.99,3.99,32.04,0.0,31,31,0.0,0,16,-998,0,0,667,716,0,0,-1,0,0,-1,1,-1,-1,-1,-1,0,0,
2026-03-25,17:45:10.130,7.51,100,100,100,-0.106,-3.61,76,0,8.27,-0.153,0.973,-0.02,86,0,173.13,-10.07,10,0.10,3.98,3.99,3.99,3.99,3.98,3.99,3.99,3.99,32.05,0.0,31,31,0.0,0,15,-998,0,0,667,716,0,0,-1,0,0,-1,1,-1,-1,-1,-1,0,0,
2026-03-25,17:45:10.390,7.51,100,100,100,-0.106,-3.61,75,0,8.25,-0.152,0.974,-0.01,87,0,173.12,-10.08,10,0.10,3.98,3.99,3.99,3.99,3.98,3.99,3.99,3.99,32.05,0.0,31,31,0.0,0,16,-999,0,0,667,716,0,0,-1,0,0,-1,1,-1,-1,-1,-1,0,0,
2026-03-25,17:45:10.650,7.50,100,100,100,-0.106,-3.61,75,0,8.26,-0.153,0.974,0.01,88,0,173.12,-10.11,10,0.10,3.98,3.99,3.99,3.99,3.98,3.99,3.99,3.99,32.05,0.0,31,31,0.0,0,16,-998,0,0,667,716,0,0,-1,0,0,-1,1,-1,-1,-1,-1,0,0,
2026-03-25,17:45:10.910,7.50,100,100,100,-0.106,-3.57,75,0,8.27,-0.152,0.973,0.06,85,0,173.12,-10.12,10,0.07,3.98,3.99,3.99,3.99,3.98,3.99,3.99,3.99,32.05,0.0,31,31,0.0,0,15,-998,0,0,667,716,0,0,-1,0,0,-1,1,-1,-1,-1,-1,0,0,
2026-03-25,17:45:11.170,7.50,100,100,100,-0.106,-3.58,75,0,8.28,-0.152,0.973,0.05,85,0,173.13,-10.13,10,0.08,3.98,3.99,3.99,3.99,3.98,3.99,3.99,3.99,32.05,0.0,31,31,0.0,0,16,-998,0,0,667,715,0,0,-1,0,0,-1,1,-1,-1,-1,-1,0,0,
2026-03-25,17:45:11.440,7.50,100,100,100,-0.106,-3.62,74,0,8.28,-0.152,0.973,-0.10,88,0,173.13,-10.15,10,0.06,3.98,3.99,3.99,3.99,3.98,3.99,3.99,3.99,32.05,0.0,31,31,0.0,0,16,-998,0,0,667,715,0,0,-1,0,0,-1,1,-1,-1,-1,-1,0,0,
2026-03-25,17:45:11.700,7.51,100,100,100,-0.107,-3.59,72,0,8.28,-0.152,0.973,0.02,90,0,173.13,-10.16,10,0.08,3.98,3.99,3.99,3.99,3.98,3.99,3.99,3.99,32.05,0.0,31,31,0.0,0,16,-998,0,0,667,715,0,0,-1,0,0,-1,1,-1,-1,-1,-1,0,0,
2026-03-25,17:45:11.960,7.51,100,100,100,-0.107,-3.57,70,0,8.28,-0.152,0.973,0.07,91,0,173.13,-10.17,10,0.08,3.98,3.99,3.99,3.99,3.98,3.99,3.99,3.99,32.05,0.0,31,31,0.0,0,16,-999,0,0,666,715,0,0,-1,0,0,-1,1,-1,-1,-1,-1,0,0,
2026-03-25,17:45:12.220,7.51,100,100,100,-0.106,-3.58,71,0,8.25,-0.152,0.972,-0.01,91,0,173.13,-10.17,10,0.09,3.98,3.99,3.99,3.99,3.98,3.99,3.99,3.99,32.06,0.0,31,31,0.0,0,16,-998,0,0,667,716,0,0,-1,0,0,-1,1,-1,-1,-1,-1,0,0,
2026-03-25,17:45:12.480,7.51,100,100,100,-0.106,-3.60,71,0,8.23,-0.152,0.975,-0.03,92,0,173.12,-10.18,10,0.09,3.98,3.99,3.99,3.99,3.98,3.99,3.99,3.99,32.06,0.0,31,31,0.0,0,15,-998,0,0,667,715,0,0,-1,0,0,-1,1,-1,-1,-1,-1,0,0,
2026-03-25,17:45:12.740,7.50,100,100,100,-0.107,-3.61,72,0,8.26,-0.153,0.974,-0.08,92,0,173.13,-10.19,10,0.09,3.98,3.99,3.99,3.99,3.98,3.99,3.99,3.99,32.06,0.0,31,31,0.0,0,15,-997,0,0,667,716,0,0,-1,0,0,-1,1,-1,-1,-1,-1,0,0,
2026-03-25,17:45:13.000,7.50,99,100,100,-0.107,-3.62,76,0,8.25,-0.152,0.973,0.00,92,0,173.13,-10.19,10,0.09,3.98,3.99,3.99,3.99,3.98,3.99,3.99,3.99,32.06,0.0,31,31,0.0,0,15,-997,0,0,667,715,0,0,-1,0,0,-1,1,-1,-1,-1,-1,0,0,
2026-03-25,17:45:13.270,7.51,99,100,100,-0.106,-3.65,78,0,8.27,-0.152,0.973,-0.09,92,0,173.13,-10.20,10,0.10,3.98,4.00,3.99,3.99,3.98,3.99,3.99,3.99,32.06,0.0,31,31,0.0,0,16,-997,0,0,667,716,0,0,-1,0,0,-1,1,-1,-1,-1,-1,0,0,
2026-03-25,17:45:13.530,7.51,99,100,100,-0.106,-3.60,81,0,8.27,-0.153,0.974,0.04,94,0,173.13,-10.20,10,0.10,3.98,4.00,3.99,3.99,3.98,3.99,3.99,3.99,32.06,0.0,31,31,0.0,0,16,-997,0,0,667,715,0,0,-1,0,0,-1,1,-1,-1,-1,-1,0,0,
2026-03-25,17:45:13.800,7.51,100,100,100,-0.106,-3.62,83,0,8.28,-0.152,0.972,0.03,94,0,173.13,-10.20,10,0.10,3.98,4.00,3.99,3.99,3.98,3.99,3.99,3.99,32.06,0.0,31,31,0.0,0,16,-997,0,0,667,716,0,0,-1,0,0,-1,1,-1,-1,-1,-1,0,0,
2026-03-25,17:45:14.060,7.50,100,100,100,-0.106,-3.65,84,0,8.28,-0.153,0.973,-0.04,97,0,173.13,-10.21,10,0.10,3.98,4.00,3.99,3.99,3.98,3.99,3.99,3.99,32.06,0.0,31,31,0.0,0,16,-996,0,0,667,715,0,0,-1,0,0,-1,1,-1,-1,-1,-1,0,0,
2026-03-25,17:45:14.330,7.50,100,100,100,-0.106,-3.65,85,0,8.28,-0.153,0.973,-0.08,99,0,173.13,-10.22,10,0.10,3.98,4.00,3.99,3.99,3.98,3.99,3.99,3.99,32.06,0.0,31,31,0.0,0,16,-996,0,0,667,715,0,0,-1,0,0,-1,1,-1,-1,-1,-1,0,0,
2026-03-25,17:45:14.590,7.50,100,100,100,-0.106,-3.64,84,0,8.26,-0.153,0.972,0.02,99,0,173.13,-10.22,10,0.10,3.98,4.00,3.99,4.00,3.98,3.99,3.99,3.99,32.06,0.0,31,31,0.0,0,16,-997,0,0,667,715,0,0,-1,0,0,-1,1,-1,-1,-1,-1,0,0,
2026-03-25,17:45:14.850,7.50,100,100,100,-0.106,-3.63,83,0,8.25,-0.154,0.973,0.03,100,0,173.13,-10.22,10,0.10,3.98,4.00,3.99,4.00,3.98,3.99,3.99,3.99,32.06,0.0,31,31,0.0,0,16,-996,0,0,667,716,0,0,-1,0,0,-1,1,-1,-1,-1,-1,0,0,
2026-03-25,17:45:15.120,7.50,100,100,100,-0.106,-3.64,81,0,8.22,-0.152,0.973,0.00,100,0,173.13,-10.22,10,0.07,3.98,4.00,3.99,4.00,3.98,3.99,3.99,3.99,32.06,0.0,31,31,0.0,0,16,-996,0,0,667,716,0,0,-1,0,0,-1,1,-1,-1,-1,-1,0,0,
2026-03-25,17:45:15.380,7.51,100,100,100,-0.106,-3.62,81,0,8.25,-0.153,0.973,0.01,100,0,173.13,-10.22,10,0.05,3.98,4.00,3.99,4.00,3.98,3.99,3.99,3.99,32.06,0.0,31,31,0.0,0,16,-996,0,0,667,716,0,0,-1,0,0,-1,1,-1,-1,-1,-1,0,0,
2026-03-25,17:45:15.640,7.51,100,100,100,-0.102,-3.72,81,0,8.24,-0.160,0.972,-0.13,100,0,173.13,-10.23,10,0.07,3.98,4.00,3.99,4.00,3.98,3.99,3.99,3.99,32.06,0.0,31,31,0.0,0,16,-996,0,0,666,715,0,0,-1,0,0,-1,1,-1,-1,-1,-1,0,0,
2026-03-25,17:45:15.900,7.51,99,100,100,-0.104,-3.67,83,0,8.26,-0.152,0.983,0.00,100,0,173.13,-10.22,10,0.07,3.98,4.00,3.99,3.99,3.98,3.99,3.99,3.99,32.06,0.0,31,31,0.0,0,16,-997,0,0,667,715,0,0,-1,0,0,-1,1,-1,-1,-1,-1,0,0,
2026-03-25,17:45:16.160,7.51,99,100,100,-0.107,-3.65,85,0,8.27,-0.168,0.971,0.08,100,0,173.15,-10.23,10,0.09,3.98,4.00,3.99,3.99,3.99,3.99,3.99,3.99,32.06,0.0,31,31,0.0,0,16,-996,0,0,667,715,0,0,-1,0,0,-1,1,-1,-1,-1,-1,0,0,
2026-03-25,17:45:16.420,7.50,99,100,100,-0.115,-3.69,86,0,8.28,-0.153,0.962,-0.06,100,0,173.13,-10.22,10,0.09,3.98,4.00,3.99,3.99,3.99,3.99,3.99,3.99,32.06,0.0,31,31,0.0,0,16,-997,0,0,667,715,0,0,-1,0,0,-1,1,-1,-1,-1,-1,0,0,
2026-03-25,17:45:16.690,7.50,100,100,100,-0.104,-3.69,90,0,8.28,-0.150,0.991,-0.01,99,0,173.12,-10.21,10,0.09,3.98,4.00,3.99,3.99,3.99,3.99,3.99,3.99,32.06,0.0,31,31,0.0,0,16,-996,0,0,666,715,0,0,-1,0,0,-1,1,-1,-1,-1,-1,0,0,
2026-03-25,17:45:16.950,7.50,99,100,100,-0.103,-3.67,93,0,8.28,-0.166,0.996,0.02,99,0,173.09,-10.21,10,0.09,3.98,4.00,3.99,4.00,3.99,3.99,3.99,3.99,32.06,0.0,31,31,0.0,0,16,-997,0,0,667,716,0,0,-1,0,0,-1,1,-1,-1,-1,-1,0,0,
2026-03-25,17:45:17.210,7.50,99,100,100,-0.069,-3.65,94,0,8.28,-0.170,0.968,0.03,99,0,173.10,-10.20,10,0.10,3.98,4.00,3.99,4.00,3.99,3.99,3.99,3.99,32.06,0.0,31,31,0.0,0,16,-997,0,0,666,716,0,0,-1,0,0,-1,1,-1,-1,-1,-1,0,0,
2026-03-25,17:45:17.480,7.50,99,100,100,-0.068,-3.69,93,0,8.26,-0.159,0.982,-0.02,96,0,173.11,-10.16,10,0.08,3.98,4.00,3.99,4.00,3.99,3.99,3.99,3.99,32.06,0.0,31,31,0.0,0,17,-996,0,0,667,716,0,0,-1,0,0,-1,1,-1,-1,-1,-1,0,0,
2026-03-25,17:45:17.750,7.50,100,100,100,-0.081,-3.69,91,0,8.23,-0.158,0.976,-0.05,91,0,173.14,-10.16,10,0.08,3.98,4.00,3.99,4.00,3.99,3.99,3.99,4.00,32.06,0.0,31,31,0.0,0,16,-996,0,0,667,716,0,0,-1,0,0,-1,1,-1,-1,-1,-1,0,0,
2026-03-25,17:45:18.020,7.50,100,100,100,-0.125,-3.63,87,0,8.26,-0.159,0.991,0.10,95,0,173.24,-10.00,10,0.09,3.98,4.00,3.99,4.00,3.99,3.99,3.99,4.00,32.06,0.0,31,31,0.0,0,16,-997,0,0,667,715,0,0,-1,0,0,-1,1,-1,-1,-1,-1,0,0,
2026-03-25,17:45:18.300,7.50,100,100,100,-0.114,-3.65,87,0,8.27,-0.142,0.965,0.00,97,0,173.17,-10.02,10,0.09,3.98,4.00,3.99,4.00,3.99,3.99,3.99,4.00,32.06,0.0,31,31,0.0,0,16,-997,0,0,667,716,0,0,-1,0,0,-1,1,-1,-1,-1,-1,0,0,
2026-03-25,17:45:18.570,7.50,100,100,100,-0.122,-3.69,88,0,8.27,-0.126,0.973,-0.15,95,0,173.18,-10.09,10,0.10,3.98,4.00,3.99,4.00,3.99,3.99,3.99,4.00,32.06,0.0,31,31,0.0,0,16,-997,0,0,667,715,0,0,-1,0,0,-1,1,-1,-1,-1,-1,0,0,
2026-03-25,17:45:18.830,7.50,100,100,100,-0.113,-3.67,91,0,8.28,-0.161,0.977,0.03,88,0,173.20,-10.02,10,0.10,3.98,4.00,3.99,4.00,3.99,3.99,3.99,3.99,32.06,0.0,31,31,0.0,0,16,-997,0,0,667,715,0,0,-1,0,0,-1,1,-1,-1,-1,-1,0,0,
2026-03-25,17:45:19.100,7.50,100,100,100,-0.131,-3.64,93,0,8.28,-0.127,0.962,0.04,94,0,173.24,-9.93,10,0.10,3.98,4.00,3.99,4.00,3.99,3.99,3.99,3.99,32.07,0.0,31,31,0.0,0,16,-997,0,0,667,715,0,0,-1,0,0,-1,1,-1,-1,-1,-1,0,0,
2026-03-25,17:45:19.360,7.50,100,100,100,-0.099,-3.66,93,0,8.28,-0.153,0.949,0.02,96,0,173.21,-10.04,10,0.10,3.98,4.00,3.99,4.00,3.99,3.99,3.99,3.99,32.07,0.0,31,31,0.0,0,16,-997,0,0,666,716,0,0,-1,0,0,-1,1,-1,-1,-1,-1,0,0,
2026-03-25,17:45:19.630,7.50,100,100,100,-0.088,-3.66,94,0,8.28,-0.140,0.987,-0.03,97,0,173.21,-9.96,10,0.10,3.98,4.00,3.99,4.00,3.99,3.99,3.99,3.99,32.08,0.0,31,31,0.0,0,16,-996,0,0,667,716,0,0,-1,0,0,-1,1,-1,-1,-1,-1,0,0,
2026-03-25,17:45:19.890,7.50,100,100,100,-0.094,-3.65,94,0,8.26,-0.148,0.971,0.02,99,0,173.23,-9.93,10,0.10,3.98,4.00,3.99,4.00,3.99,3.99,3.99,3.99,32.08,0.0,31,31,0.0,0,16,-997,0,0,667,716,0,0,-1,0,0,-1,1,-1,-1,-1,-1,0,0,
2026-03-25,17:45:20.150,7.50,100,100,100,-0.099,-3.66,94,0,8.23,-0.148,0.987,-0.01,99,0,173.24,-9.92,10,0.10,3.98,4.00,3.99,4.00,3.99,3.99,4.00,3.99,32.08,0.0,31,31,0.0,0,17,-996,0,0,667,716,0,0,-1,0,0,-1,1,-1,-1,-1,-1,0,0,
2026-03-25,17:45:20.420,7.50,100,100,99,-0.083,-3.68,92,0,8.22,-0.164,0.953,-0.06,97,0,173.14,-10.13,10,0.10,3.98,4.00,3.99,4.00,3.99,3.99,4.00,3.99,32.08,0.0,31,31,0.0,0,17,-997,0,0,667,716,0,0,-1,0,0,-1,1,-1,-1,-1,-1,0,0,
2026-03-25,17:45:20.680,7.50,100,100,99,-0.082,-3.70,91,0,8.23,-0.134,0.970,-0.06,97,0,173.16,-10.08,10,0.10,3.98,4.00,3.99,4.00,3.99,3.99,4.00,3.99,32.08,0.0,31,31,0.0,0,16,-998,0,0,667,716,0,0,-1,0,0,-1,1,-1,-1,-1,-1,0,0,
2026-03-25,17:45:20.940,7.50,100,100,99,-0.093,-3.72,90,0,8.23,-0.169,0.955,-0.05,99,0,173.18,-10.05,10,0.10,3.98,4.00,3.99,4.00,3.99,3.99,4.00,3.99,32.08,0.0,31,31,0.0,0,16,-997,0,0,667,715,0,0,-1,0,0,-1,1,-1,-1,-1,-1,0,0,
2026-03-25,17:45:21.220,7.50,100,100,99,-0.109,-3.60,90,0,8.26,-0.134,0.983,0.18,97,0,173.21,-9.95,10,0.10,3.98,4.00,3.99,4.00,3.99,3.99,4.00,3.99,32.08,0.0,31,31,0.0,0,16,-997,0,0,667,715,0,0,-1,0,0,-1,1,-1,-1,-1,-1,0,0,
2026-03-25,17:45:21.480,7.50,100,100,99,-0.104,-3.63,90,0,8.27,-0.170,0.962,0.03,96,0,173.20,-10.01,10,0.08,3.99,4.00,3.99,4.00,3.99,3.99,4.00,3.99,32.08,0.0,31,31,0.0,0,17,-998,0,0,666,715,0,0,-1,0,0,-1,1,-1,-1,-1,-1,0,0,
2026-03-25,17:45:21.750,7.50,100,100,99,-0.098,-3.66,91,0,8.28,-0.145,0.971,-0.04,98,0,173.22,-9.85,10,0.08,3.99,4.00,3.99,4.00,3.99,3.99,4.00,3.99,32.09,0.0,31,31,0.0,0,16,-997,0,0,667,715,0,0,-1,0,0,-1,1,-1,-1,-1,-1,0,0,
2026-03-25,17:45:22.010,7.50,100,100,99,-0.112,-3.66,92,0,8.28,-0.149,0.964,-0.05,97,0,173.22,-9.96,10,0.09,3.99,4.00,3.99,4.00,3.99,3.99,4.00,3.99,32.09,0.0,31,31,0.0,0,16,-998,0,0,667,715,0,0,-1,0,0,-1,1,-1,-1,-1,-1,0,0,
2026-03-25,17:45:22.270,7.50,100,100,99,-0.083,-3.65,91,0,8.26,-0.151,0.965,0.00,87,0,173.20,-9.92,10,0.09,3.99,4.00,3.99,4.00,3.99,3.99,4.00,3.99,32.09,0.0,31,31,0.0,0,17,-997,0,0,667,715,0,0,-1,0,0,-1,1,-1,-1,-1,-1,0,0,
2026-03-25,17:45:22.530,7.50,100,100,99,-0.103,-3.68,90,0,8.25,-0.138,1.012,-0.03,92,0,173.21,-9.91,10,0.09,3.99,4.00,3.99,4.00,3.99,3.99,4.00,3.99,32.09,0.0,31,31,0.0,0,16,-997,0,0,667,716,0,0,-1,0,0,-1,1,-1,-1,-1,-1,0,0,
2026-03-25,17:45:22.800,7.50,100,100,99,-0.111,-3.65,88,0,8.24,-0.141,0.969,-0.01,93,0,173.16,-10.15,10,0.08,3.99,4.00,3.99,4.00,3.99,3.99,4.00,3.99,32.09,0.0,31,31,0.0,0,16,-997,0,0,667,716,0,0,-1,0,0,-1,1,-1,-1,-1,-1,0,0,
2026-03-25,17:45:23.060,7.50,100,100,99,-0.126,-3.64,85,0,8.23,-0.151,0.981,0.05,91,0,173.23,-10.18,10,0.08,3.99,4.00,3.99,3.99,3.99,3.99,4.00,3.99,32.09,0.0,31,31,0.0,0,17,-997,0,0,667,716,0,0,-1,0,0,-1,1,-1,-1,-1,-1,0,0,
2026-03-25,17:45:23.320,7.50,100,100,99,-0.106,-3.71,85,0,8.26,-0.149,0.959,-0.06,95,0,173.20,-10.09,10,0.09,3.99,4.00,3.99,3.99,3.99,3.99,4.00,3.99,32.09,0.0,31,31,0.0,0,16,-997,0,0,667,715,0,0,-1,0,0,-1,1,-1,-1,-1,-1,0,0,
2026-03-25,17:45:23.590,7.50,100,100,99,-0.130,-3.70,86,0,8.25,-0.163,0.971,-0.09,96,0,173.26,-9.87,10,0.09,3.99,4.00,3.99,3.99,3.99,3.99,4.00,4.00,32.09,0.0,31,31,0.0,0,16,-997,0,0,667,716,0,0,-1,0,0,-1,1,-1,-1,-1,-1,0,0,
2026-03-25,17:45:23.850,7.50,100,100,99,-0.146,-3.68,87,0,8.27,-0.151,0.953,0.02,93,0,173.24,-9.84,10,0.09,3.99,4.00,3.99,3.99,3.99,3.99,4.00,4.00,32.09,0.0,31,31,0.0,0,16,-998,0,0,667,715,0,0,-1,0,0,-1,1,-1,-1,-1,-1,0,0,
2026-03-25,17:45:24.110,7.50,99,99,99,-0.114,-3.61,88,0,8.27,-0.157,0.967,0.13,90,0,173.22,-9.88,10,0.10,3.99,4.00,3.99,3.99,3.99,3.99,4.00,4.00,32.09,0.0,31,31,0.0,0,16,-998,0,0,667,716,0,0,-1,0,0,-1,1,-1,-1,-1,-1,0,0,
2026-03-25,17:45:24.370,7.50,99,99,99,-0.078,-3.65,89,0,8.28,-0.128,0.948,0.01,95,0,173.22,-9.88,10,0.10,3.99,4.00,3.99,4.00,3.99,3.99,4.00,4.00,32.09,0.0,31,31,0.0,0,16,-997,0,0,667,716,0,0,-1,0,0,-1,1,-1,-1,-1,-1,0,0,
2026-03-25,17:45:24.630,7.50,99,99,99,-0.109,-3.63,90,0,8.28,-0.130,1.028,0.02,94,0,173.30,-9.69,10,0.10,3.99,4.00,3.99,4.00,3.99,3.99,4.00,4.00,32.09,0.0,31,31,0.0,0,16,-997,0,0,667,715,0,0,-1,0,0,-1,1,-1,-1,-1,-1,0,0,
2026-03-25,17:45:24.900,7.50,100,100,99,-0.117,-3.63,91,0,8.23,-0.192,0.992,0.03,96,0,173.17,-10.16,10,0.10,3.99,4.00,3.99,4.00,3.99,3.99,4.00,3.99,32.09,0.0,31,31,0.0,0,16,-997,0,0,667,715,0,0,-1,0,0,-1,1,-1,-1,-1,-1,0,0,
2026-03-25,17:45:25.170,7.50,100,100,99,-0.078,-3.68,91,0,8.24,-0.163,1.030,-0.06,98,0,173.18,-10.06,10,0.10,3.99,4.00,3.99,4.00,3.99,3.99,4.00,3.99,32.09,0.0,31,31,0.0,0,16,-997,0,0,667,715,0,0,-1,0,0,-1,1,-1,-1,-1,-1,0,0,
2026-03-25,17:45:25.440,7.50,100,100,99,-0.090,-3.67,91,0,8.22,-0.147,0.993,-0.08,99,0,173.12,-10.29,10,0.10,3.99,4.00,3.99,4.00,3.99,3.99,4.00,3.99,32.09,0.0,31,31,0.0,0,16,-997,0,0,667,715,0,0,-1,0,0,-1,1,-1,-1,-1,-1,0,0,
2026-03-25,17:45:25.710,7.50,100,100,99,-0.120,-3.64,91,0,8.22,-0.137,1.022,0.06,100,0,173.26,-9.87,10,0.10,3.99,4.00,3.99,4.00,3.99,3.99,4.00,3.99,32.09,0.0,31,31,0.0,0,16,-997,0,0,667,716,0,0,-1,0,0,-1,1,-1,-1,-1,-1,0,0,
2026-03-25,17:45:25.980,7.50,100,100,99,-0.114,-3.62,91,0,8.23,-0.178,0.957,0.05,100,0,173.24,-9.94,10,0.10,3.99,4.00,3.99,4.00,3.99,3.99,4.00,4.00,32.09,0.0,31,31,0.0,0,16,-996,0,0,667,716,0,0,-1,0,0,-1,1,-1,-1,-1,-1,0,0,
2026-03-25,17:45:26.240,7.50,100,100,99,-0.129,-3.65,91,0,8.26,-0.135,0.989,-0.02,100,0,173.24,-9.67,10,0.10,3.99,4.00,3.99,4.00,3.99,3.99,4.00,4.00,32.09,0.0,31,31,0.0,0,16,-997,0,0,666,715,0,0,-1,0,0,-1,1,-1,-1,-1,-1,0,0,
2026-03-25,17:45:26.500,7.50,100,100,99,-0.135,-3.70,90,0,8.27,-0.135,0.980,-0.09,100,0,173.25,-9.65,10,0.10,3.99,4.00,3.99,4.00,3.99,3.99,4.00,4.00,32.09,0.0,31,31,0.0,0,16,-997,0,0,667,716,0,0,-1,0,0,-1,1,-1,-1,-1,-1,0,0,
2026-03-25,17:45:26.760,7.50,100,100,99,-0.128,-3.67,90,0,8.28,-0.163,0.950,0.00,100,0,173.25,-9.72,10,0.10,3.99,4.00,3.99,4.00,3.99,3.99,4.00,4.00,32.09,0.0,31,31,0.0,0,17,-997,0,0,667,715,0,0,-1,0,0,-1,1,-1,-1,-1,-1,0,0,
2026-03-25,17:45:27.030,7.51,100,100,99,-0.121,-3.68,90,0,8.28,-0.136,1.006,0.00,100,0,173.29,-9.36,10,0.10,3.99,4.00,3.99,4.00,3.99,3.99,4.00,4.00,32.09,0.0,31,31,0.0,0,16,-997,0,0,667,715,0,0,-1,0,0,-1,1,-1,-1,-1,-1,0,0,
2026-03-25,17:45:27.300,7.51,100,100,99,-0.098,-3.66,90,0,8.25,-0.141,0.977,0.04,100,0,173.25,-9.55,10,0.10,3.99,4.00,3.99,4.00,3.99,3.99,4.00,3.99,32.09,0.0,31,31,0.0,0,15,-997,0,0,667,716,0,0,-1,0,0,-1,1,-1,-1,-1,-1,0,0,
2026-03-25,17:45:27.560,7.50,100,100,99,-0.097,-3.62,90,0,8.23,-0.146,0.983,0.06,100,0,173.28,-9.45,10,0.10,3.99,4.00,3.99,4.00,3.99,3.99,4.00,3.99,32.09,0.0,31,31,0.0,0,15,-996,0,0,667,715,0,0,-1,0,0,-1,1,-1,-1,-1,-1,0,0,
2026-03-25,17:45:27.820,7.51,100,100,99,-0.119,-3.63,90,0,8.23,-0.112,1.019,0.02,100,0,173.32,-9.29,10,0.10,3.99,4.00,3.99,4.00,3.99,3.99,4.00,3.99,32.09,0.0,31,31,0.0,0,15,-996,0,0,667,715,0,0,-1,0,0,-1,1,-1,-1,-1,-1,0,0,
2026-03-25,17:45:28.080,7.51,100,100,99,-0.081,-3.67,90,0,8.20,-0.119,1.068,-0.06,100,0,173.29,-9.53,10,0.10,3.99,4.00,3.99,4.00,3.99,3.99,4.00,3.99,32.09,0.0,31,31,0.0,0,16,-996,0,0,667,716,0,0,-1,0,0,-1,1,-1,-1,-1,-1,0,0,
2026-03-25,17:45:28.350,7.51,100,100,100,-0.111,-3.61,89,0,8.23,-0.163,0.963,0.02,100,0,173.23,-9.75,10,0.10,3.99,4.00,3.99,4.00,3.99,3.99,4.00,4.00,32.09,0.0,31,31,0.0,0,16,-997,0,0,667,716,0,0,-1,0,0,-1,1,-1,-1,-1,-1,0,0,
2026-03-25,17:45:28.620,7.50,100,100,99,-0.057,-3.60,89,0,8.24,-0.189,0.969,0.10,100,0,173.08,-10.23,10,0.10,3.99,4.00,3.99,4.00,3.99,3.99,4.00,4.00,32.10,0.0,31,31,0.0,0,16,-997,0,0,667,716,0,0,-1,0,0,-1,1,-1,-1,-1,-1,0,0,
2026-03-25,17:45:28.880,7.50,100,100,99,-0.111,-3.58,89,0,8.26,-0.177,0.896,0.05,100,0,173.02,-10.73,10,0.10,3.99,4.00,3.99,4.00,3.99,3.99,4.00,4.00,32.10,0.0,31,31,0.0,0,16,-997,0,0,667,716,0,0,-1,0,0,-1,1,-1,-1,-1,-1,0,0,
2026-03-25,17:45:29.140,7.50,100,100,99,-0.109,-3.66,90,0,8.25,-0.148,1.005,-0.07,100,0,173.13,-10.47,10,0.10,3.99,4.00,3.99,4.00,3.99,3.99,4.00,4.00,32.09,0.0,31,31,0.0,0,16,-997,0,0,667,716,0,0,-1,0,0,-1,1,-1,-1,-1,-1,0,0,
2026-03-25,17:45:29.400,7.50,100,100,99,-0.107,-3.64,90,0,8.27,-0.167,0.950,-0.08,100,0,173.07,-10.61,10,0.10,3.99,4.00,3.99,4.00,3.99,3.99,4.00,4.00,32.09,0.0,31,31,0.0,0,16,-997,0,0,667,716,0,0,-1,0,0,-1,1,-1,-1,-1,-1,0,0,
2026-03-25,17:45:29.670,7.51,100,100,99,-0.115,-3.62,90,0,8.27,-0.161,0.954,0.01,100,0,173.15,-10.38,10,0.10,3.99,4.00,3.99,4.00,3.99,3.99,4.00,4.00,32.09,0.0,31,31,0.0,0,16,-997,0,0,666,716,0,0,-1,0,0,-1,1,-1,-1,-1,-1,0,0,
2026-03-25,17:45:29.930,7.50,100,100,99,-0.217,-3.64,90,0,8.28,-0.103,1.005,-0.03,100,0,173.30,-9.61,10,0.10,3.99,4.00,3.99,4.00,3.99,3.99,4.00,4.00,32.09,0.0,31,31,0.0,0,16,-997,0,0,667,715,0,0,-1,0,0,-1,1,-1,-1,-1,-1,0,0,
2026-03-25,17:45:30.190,7.51,100,100,99,-0.120,-3.59,90,0,8.28,-0.181,0.952,0.03,100,0,173.21,-9.72,10,0.10,3.99,4.00,3.99,4.00,3.99,3.99,4.00,4.00,32.10,0.0,31,31,0.0,0,16,-996,0,0,667,715,0,0,-1,0,0,-1,1,-1,-1,-1,-1,0,0,
2026-03-25,17:45:30.450,7.50,100,100,99,-0.160,-3.59,89,0,8.28,-0.110,0.963,0.06,100,0,173.29,-9.53,10,0.10,3.99,4.00,3.99,4.00,3.99,3.99,4.00,4.00,32.10,0.0,31,31,0.0,0,16,-997,0,0,667,716,0,0,-1,0,0,-1,1,-1,-1,-1,-1,0,0,
2026-03-25,17:45:30.720,7.50,100,100,99,-0.082,-3.62,87,0,8.26,-0.108,0.963,-0.04,100,0,173.37,-9.01,10,0.10,3.99,4.00,3.99,4.00,3.99,3.99,4.00,4.00,32.10,0.0,31,31,0.0,0,17,-996,0,0,667,716,0,0,-1,0,0,-1,1,-1,-1,-1,-1,0,0,
2026-03-25,17:45:30.980,7.50,100,100,99,-0.138,-3.60,84,0,8.27,-0.110,0.985,0.00,100,0,173.34,-8.82,10,0.10,3.99,4.00,3.99,4.00,3.99,3.99,4.00,4.00,32.10,0.0,31,31,0.0,0,16,-996,0,0,667,716,0,0,-1,0,0,-1,1,-1,-1,-1,-1,0,0,
2026-03-25,17:45:31.240,7.50,100,100,99,-0.083,-3.62,84,0,8.28,-0.151,0.982,0.01,100,0,173.22,-8.93,10,0.10,3.99,4.00,3.99,4.00,3.99,3.99,4.00,4.00,32.10,0.0,31,31,0.0,0,16,-996,0,0,667,716,0,0,-1,0,0,-1,1,-1,-1,-1,-1,0,0,
2026-03-25,17:45:31.500,7.50,100,100,99,-0.087,-3.65,85,0,8.28,-0.134,0.996,-0.09,100,0,173.29,-9.00,10,0.10,3.99,4.00,3.99,4.00,3.99,3.99,4.00,4.00,32.10,0.0,31,31,0.0,0,16,-997,0,0,667,716,0,0,-1,0,0,-1,1,-1,-1,-1,-1,0,0,
2026-03-25,17:45:31.760,7.51,100,100,99,-0.106,-3.70,88,0,8.28,-0.141,0.918,-0.14,100,0,173.12,-9.72,10,0.10,3.99,4.00,3.99,4.00,3.99,3.99,4.00,4.00,32.10,0.0,31,31,0.0,0,16,-997,0,0,667,715,0,0,-1,0,0,-1,1,-1,-1,-1,-1,0,0,
2026-03-25,17:45:32.020,7.51,100,100,99,-0.153,-3.67,92,0,8.28,-0.135,0.995,0.01,100,0,173.14,-9.86,10,0.10,3.99,4.00,3.99,4.00,3.99,3.99,3.99,4.00,32.10,0.0,31,31,0.0,0,16,-997,0,0,667,715,0,0,-1,0,0,-1,1,-1,-1,-1,-1,0,0,
2026-03-25,17:45:32.280,7.51,100,100,99,-0.148,-3.62,94,0,8.28,-0.150,0.981,0.06,100,0,173.10,-9.91,10,0.10,3.99,4.00,3.99,4.00,3.99,3.99,3.99,4.00,32.10,0.0,31,31,0.0,0,16,-997,0,0,667,716,0,0,-1,0,0,-1,1,-1,-1,-1,-1,0,0,
2026-03-25,17:45:32.550,7.50,100,100,99,-0.082,-3.58,94,0,8.28,-0.152,0.968,0.16,100,0,173.04,-9.98,10,0.10,3.99,4.00,3.99,4.00,3.99,3.99,3.99,4.00,32.10,0.0,31,31,0.0,0,16,-997,0,0,667,716,0,0,-1,0,0,-1,1,-1,-1,-1,-1,0,0,
2026-03-25,17:45:32.810,7.50,100,100,100,-0.118,-3.55,94,0,8.28,-0.125,0.963,0.04,100,0,173.10,-9.88,10,0.10,3.99,4.00,3.99,4.00,3.99,3.99,3.99,4.00,32.10,0.0,31,31,0.0,0,16,-996,0,0,666,715,0,0,-1,0,0,-1,1,-1,-1,-1,-1,0,0,
2026-03-25,17:45:33.070,7.51,100,100,100,-0.094,-3.58,94,0,8.28,-0.163,0.964,0.00,100,0,173.11,-9.76,10,0.10,3.99,4.00,3.99,4.00,3.99,3.99,3.99,4.00,32.10,0.0,31,31,0.0,0,16,-996,0,0,667,715,0,0,-1,0,0,-1,1,-1,-1,-1,-1,0,0,
2026-03-25,17:45:33.330,7.50,100,100,100,-0.107,-3.60,92,0,8.28,-0.136,1.024,-0.05,100,0,173.12,-9.78,10,0.10,3.99,4.00,3.99,4.00,3.99,3.99,4.00,4.00,32.10,0.0,31,31,0.0,0,16,-995,0,0,667,716,0,0,-1,0,0,-1,1,-1,-1,-1,-1,0,0,
2026-03-25,17:45:33.590,7.50,100,100,100,-0.106,-3.59,91,0,8.28,-0.189,0.937,-0.02,100,0,172.98,-10.39,10,0.10,3.99,4.00,3.99,4.00,3.99,3.99,4.00,4.00,32.11,0.0,31,31,0.0,0,15,-994,0,0,667,715,0,0,-1,0,0,-1,1,-1,-1,-1,-1,0,0,
2026-03-25,17:45:33.850,7.50,100,100,100,-0.100,-3.62,91,0,8.28,-0.131,1.024,-0.04,100,0,173.02,-10.14,10,0.10,3.99,4.00,3.99,4.00,3.99,3.99,4.00,4.00,32.11,0.0,31,31,0.0,0,16,-993,0,0,667,715,0,0,-1,0,0,-1,1,-1,-1,-1,-1,0,0,
2026-03-25,17:45:34.120,7.50,100,100,100,-0.137,-3.59,91,0,8.28,-0.124,1.024,0.00,100,0,173.03,-10.13,10,0.10,3.99,4.00,3.99,4.00,3.99,3.99,4.00,4.00,32.10,0.0,30,31,0.0,0,16,-995,0,0,667,715,0,0,-1,0,0,-1,1,-1,-1,-1,-1,0,0,
2026-03-25,17:45:34.380,7.50,100,100,100,0.054,-3.60,91,0,8.28,-0.149,1.032,0.02,100,0,173.02,-10.04,10,0.10,3.99,4.00,3.99,4.00,3.99,3.99,4.00,4.00,32.10,0.0,30,31,0.0,0,16,-996,0,0,667,716,0,0,-1,0,0,-1,1,-1,-1,-1,-1,0,0,
2026-03-25,17:45:34.650,7.50,100,100,100,-0.114,-3.61,93,0,8.28,-0.153,0.907,-0.05,100,0,173.03,-10.31,10,0.10,3.99,4.00,3.99,4.00,3.99,3.99,4.00,4.00,32.10,0.0,30,31,0.0,0,16,-997,0,0,667,715,0,0,-1,0,0,-1,1,-1,-1,-1,-1,0,0,
2026-03-25,17:45:34.920,7.50,100,100,100,-0.100,-3.59,93,0,8.28,-0.143,0.925,0.01,100,0,173.08,-10.13,10,0.10,3.99,4.00,3.99,4.00,3.99,3.99,4.00,4.00,32.10,0.0,30,31,0.0,0,16,-997,0,0,667,716,0,0,-1,0,0,-1,1,-1,-1,-1,-1,0,0,
2026-03-25,17:45:35.190,7.51,100,100,100,-0.053,-3.61,94,0,8.28,-0.145,0.986,-0.01,100,0,173.06,-9.90,10,0.10,3.99,4.00,3.99,4.00,3.99,3.99,4.00,4.00,32.11,0.0,30,31,0.0,0,16,-997,0,0,667,716,0,0,-1,0,0,-1,1,-1,-1,-1,-1,0,0,
2026-03-25,17:45:35.450,7.50,100,100,100,-0.101,-3.61,94,0,8.28,-0.140,0.908,-0.03,100,0,173.11,-10.01,10,0.10,3.99,4.00,3.99,4.00,3.99,3.99,4.00,4.00,32.11,0.0,30,31,0.0,0,16,-997,0,0,667,716,0,0,-1,0,0,-1,1,-1,-1,-1,-1,0,0,
2026-03-25,17:45:35.730,7.50,100,100,100,-0.100,-3.58,94,0,8.28,-0.173,0.959,0.05,100,0,173.04,-10.04,10,0.10,3.99,4.00,3.99,4.00,3.99,3.99,4.00,4.00,32.11,0.0,30,31,0.0,0,16,-997,0,0,667,715,0,0,-1,0,0,-1,1,-1,-1,-1,-1,0,0,
2026-03-25,17:45:35.990,7.50,100,100,100,-0.096,-3.60,93,0,8.28,-0.136,0.967,-0.02,100,0,173.03,-10.14,10,0.10,3.99,4.00,3.99,4.00,3.99,3.99,4.00,4.00,32.11,0.0,30,31,0.0,0,16,-997,0,0,667,716,0,0,-1,0,0,-1,1,-1,-1,-1,-1,0,0,
2026-03-25,17:45:36.260,7.50,100,100,100,-0.081,-3.60,92,0,8.28,-0.160,0.969,-0.03,100,0,173.06,-10.05,10,0.10,3.99,4.00,3.99,4.00,3.99,3.99,4.00,4.00,32.11,0.0,30,31,0.0,0,16,-998,0,0,667,715,0,0,-1,0,0,-1,1,-1,-1,-1,-1,0,0,
2026-03-25,17:45:36.540,7.50,100,100,100,-0.104,-3.61,92,0,8.28,-0.146,0.984,-0.01,100,0,173.12,-9.89,10,0.10,3.99,4.00,3.99,4.00,3.99,3.99,4.00,4.00,32.11,0.0,30,31,0.0,0,16,-997,0,0,667,716,0,0,-1,0,0,-1,1,-1,-1,-1,-1,0,0,
2026-03-25,17:45:36.800,7.50,100,100,100,-0.119,-3.58,92,0,8.28,-0.136,0.970,0.01,100,0,173.14,-9.78,10,0.10,3.99,4.00,3.99,4.00,3.99,3.99,4.00,4.00,32.11,0.0,30,31,0.0,0,15,-997,0,0,667,716,0,0,-1,0,0,-1,1,-1,-1,-1,-1,0,0,
2026-03-25,17:45:37.070,7.50,100,100,100,-0.111,-3.57,92,0,8.28,-0.135,0.978,0.06,100,0,173.17,-9.59,10,0.10,3.99,4.00,3.99,4.00,3.99,3.99,4.00,4.00,32.11,0.0,30,31,0.0,0,15,-997,0,0,667,716,0,0,-1,0,0,-1,1,-1,-1,-1,-1,0,0,
2026-03-25,17:45:37.340,7.50,100,100,100,-0.096,-3.65,92,0,8.28,-0.143,0.968,-0.12,100,0,173.19,-9.49,10,0.10,3.99,4.00,3.99,4.00,3.99,3.99,4.00,4.00,32.11,0.0,30,31,0.0,0,15,-997,0,0,667,716,0,0,-1,0,0,-1,1,-1,-1,-1,-1,0,0,
2026-03-25,17:45:37.620,7.50,100,100,100,-0.100,-3.64,92,0,8.28,-0.132,0.978,-0.07,100,0,173.20,-9.42,10,0.10,3.99,4.00,3.99,4.00,3.99,3.99,4.00,4.00,32.11,0.0,30,31,0.0,0,16,-997,0,0,667,716,0,0,-1,0,0,-1,1,-1,-1,-1,-1,0,0,
2026-03-25,17:45:37.880,7.50,100,100,100,-0.093,-3.63,92,0,8.28,-0.133,0.975,0.07,100,0,173.20,-9.41,10,0.10,3.99,4.00,3.99,4.00,3.99,4.00,4.00,4.00,32.11,0.0,30,31,0.0,0,16,-997,0,0,667,716,0,0,-1,0,0,-1,1,-1,-1,-1,-1,0,0,
2026-03-25,17:45:38.150,7.50,100,100,100,-0.101,-3.64,92,0,8.28,-0.144,0.978,-0.06,100,0,173.22,-9.35,10,0.10,3.99,4.00,3.99,4.00,3.99,4.00,4.00,4.00,32.11,0.0,30,31,0.0,0,16,-997,0,0,667,716,0,0,-1,0,0,-1,1,-1,-1,-1,-1,0,0,
2026-03-25,17:45:38.420,7.50,100,100,99,-0.106,-3.62,91,0,8.28,-0.137,0.971,0.03,100,0,173.23,-9.28,10,0.10,3.99,4.00,3.99,4.00,3.99,4.00,4.00,4.00,32.11,0.0,30,31,0.0,0,15,-997,0,0,667,716,0,0,-1,0,0,-1,1,-1,-1,-1,-1,0,0,
