Date,Time,TxBat(V),VFR 2.4G(%),Rx VFR(%),VFR 900M(%),AccY(g),Altitude(m),RSSI 2.4G(dB),RX,RxBatt(V),AccX(g),AccZ(g),VSpeed(m/s),RSSI 900M(dB),RX,R.angle(°),P.angle(°),Power 900M(mW),ADC2(V),LiPo1(V),LiPo2(V),LiPo3(V),LiPo4(V),LiPo5(V),LiPo6(V),LiPo7(V),LiPo8(V),VFAS(V),Current(A),Temp1(°C),Temp2(°C),Air speed(km/h),Rudder,Elevator,Throttle,Aileron,Pot1,Pot2,Slider left,Slider right,SA,SB,SC,SD,SE,SF,SG,SH,SI,SJ,LS1,LS2,
2026-04-02,17:03:20.970,7.55,100,100,100,-0.020,0.32,86,0,8.10,-0.014,0.871,0.15,100,0,178.30,1.51,10,0.00,4.20,4.21,4.20,4.21,4.21,4.19,4.21,4.20,33.70,0.0,-30,-30,0.0,0,12,-1024,0,0,666,0,0,1,-1,0,1,-1,1,-1,-1,-1,-1,0,0,
2026-04-02,17:03:21.210,7.55,100,100,100,-0.011,0.30,86,0,8.09,0.051,0.959,0.02,100,0,-175.74,0.98,10,0.00,4.20,4.21,4.20,4.21,4.20,4.19,4.21,4.20,33.70,0.0,-30,-30,0.0,0,12,-1024,0,0,666,0,0,1,-1,0,1,-1,1,-1,-1,-1,-1,0,0,
2026-04-02,17:03:21.470,7.55,100,100,100,0.081,0.26,86,0,8.08,0.134,0.862,-0.05,100,0,178.16,0.13,10,0.00,4.20,4.21,4.20,4.21,4.20,4.19,4.21,4.20,33.69,0.0,-30,-30,0.0,0,12,-1024,0,0,666,0,0,1,-1,0,1,-1,1,-1,-1,-1,-1,0,0,
2026-04-02,17:03:21.740,7.55,100,100,99,-0.008,0.22,86,0,8.07,0.071,1.081,-0.09,99,0,-95.15,2.66,10,0.00,4.20,4.21,4.20,4.21,4.20,4.19,4.21,4.20,33.69,0.0,-30,-30,0.0,0,12,-1024,0,0,666,0,0,1,-1,0,1,-1,1,-1,-1,-1,-1,0,0,
2026-04-02,17:03:22.010,7.55,100,100,99,-0.019,0.20,86,0,8.11,0.094,0.774,-0.08,100,0,177.91,2.49,10,0.00,4.20,4.21,4.20,4.21,4.20,4.19,4.21,4.20,33.69,0.0,-30,-30,0.0,0,11,-1024,0,0,666,0,0,1,-1,0,1,-1,1,-1,-1,-1,-1,0,0,
2026-04-02,17:03:22.280,7.55,100,100,99,0.026,0.20,86,0,8.09,0.101,0.936,-0.02,100,0,130.85,2.81,10,0.00,4.20,4.21,4.20,4.21,4.21,4.19,4.21,4.20,33.69,0.0,-30,-30,0.0,0,12,-1024,0,0,667,0,0,1,-1,0,1,-1,1,-1,-1,-1,-1,0,0,
2026-04-02,17:03:22.540,7.55,100,100,99,-0.053,0.19,86,0,8.08,0.098,1.059,-0.04,100,0,178.54,3.97,10,0.00,4.20,4.21,4.20,4.21,4.21,4.19,4.21,4.20,33.69,0.0,-30,-30,0.0,0,12,-1024,0,0,667,0,0,1,-1,0,1,-1,1,-1,-1,-1,-1,0,0,
2026-04-02,17:03:22.800,7.55,100,100,99,0.008,0.19,86,0,8.07,0.149,0.910,0.00,99,0,146.72,5.16,10,0.00,4.20,4.21,4.20,4.21,4.21,4.19,4.21,4.20,33.69,0.0,-30,-30,0.0,0,12,-1024,0,0,666,0,0,1,-1,0,1,-1,1,-1,-1,-1,-1,0,0,
2026-04-02,17:03:23.060,7.55,100,100,99,-0.035,0.15,86,0,8.07,0.025,1.114,-0.07,98,0,-176.64,2.42,10,0.00,4.20,4.21,4.20,4.21,4.21,4.19,4.21,4.20,33.70,0.0,-30,-30,0.0,0,12,-1024,0,0,666,0,0,1,-1,0,1,-1,1,-1,-1,-1,-1,0,0,
2026-04-02,17:03:23.320,7.55,100,100,99,0.068,0.15,86,0,8.07,0.070,0.691,-0.03,97,0,18.60,0.83,10,0.00,4.20,4.21,4.20,4.21,4.21,4.19,4.21,4.20,33.70,0.0,-30,-30,0.0,0,12,-1024,0,0,667,0,0,1,-1,0,1,-1,1,-1,-1,-1,-1,0,0,
2026-04-02,17:03:23.590,7.55,100,100,99,-0.052,0.16,86,0,8.07,0.041,0.965,0.00,95,0,-177.90,2.74,10,0.00,4.20,4.21,4.20,4.21,4.20,4.19,4.21,4.20,33.70,0.0,-30,-30,0.0,0,12,-1024,0,0,666,0,0,1,-1,0,1,-1,1,-1,-1,-1,-1,0,0,
2026-04-02,17:03:23.860,7.55,100,100,99,0.023,0.17,86,0,8.07,0.095,0.896,0.04,94,0,175.25,2.66,10,0.00,4.20,4.21,4.20,4.21,4.20,4.19,4.21,4.20,33.70,0.0,-30,-30,0.0,0,12,-1024,0,0,666,0,0,1,-1,0,1,-1,1,-1,-1,-1,-1,0,0,
2026-04-02,17:03:24.120,7.55,100,100,99,0.026,0.19,86,0,8.07,0.000,0.975,0.02,92,0,-176.47,1.27,10,0.00,4.20,4.21,4.20,4.21,4.20,4.19,4.21,4.20,33.69,0.0,-30,-30,0.0,0,12,-1024,0,0,667,0,0,1,-1,0,1,-1,1,-1,-1,-1,-1,0,0,
2026-04-02,17:03:24.380,7.55,100,100,99,0.094,0.13,86,0,8.07,0.020,1.129,-0.05,92,0,-179.45,-0.39,10,0.00,4.20,4.21,4.20,4.20,4.20,4.19,4.21,4.20,33.70,0.0,-30,-30,0.0,0,12,-1024,0,0,667,0,0,1,-1,0,1,-1,1,-1,-1,-1,-1,0,0,
2026-04-02,17:03:24.640,7.54,100,100,99,-0.045,0.13,86,0,8.07,0.007,0.977,0.00,92,0,-178.18,0.05,10,0.00,4.20,4.21,4.20,4.20,4.20,4.19,4.21,4.20,33.70,0.0,-30,-30,0.0,0,12,-1024,0,0,667,0,0,1,-1,0,1,-1,1,-1,-1,-1,-1,0,0,
2026-04-02,17:03:24.910,7.55,100,100,99,0.041,0.14,86,0,8.07,-0.010,0.999,0.00,94,0,-142.72,-1.37,10,0.00,4.20,4.21,4.20,4.20,4.20,4.19,4.21,4.20,33.70,0.0,-30,-30,0.0,0,12,-1024,0,0,666,0,0,1,-1,0,1,-1,1,-1,-1,-1,-1,0,0,
2026-04-02,17:03:25.170,7.55,100,100,99,0.030,0.17,86,0,8.07,-0.063,0.988,0.05,94,0,-178.33,-1.94,10,0.00,4.20,4.21,4.20,4.20,4.20,4.19,4.21,4.20,33.70,0.0,-30,-30,0.0,0,12,-1024,0,0,666,0,0,1,-1,0,1,-1,1,-1,-1,-1,-1,0,0,
2026-04-02,17:03:25.440,7.54,100,100,99,0.027,0.16,85,0,8.07,-0.018,1.210,0.00,93,0,-179.39,-0.94,10,0.00,4.20,4.21,4.20,4.20,4.20,4.19,4.21,4.20,33.70,0.0,-30,-30,0.0,0,12,-1024,0,0,667,0,0,1,-1,0,1,-1,1,-1,-1,-1,-1,0,0,
2026-04-02,17:03:25.700,7.55,100,100,100,0.041,0.14,85,0,8.07,0.050,0.894,-0.01,91,0,136.94,0.35,10,0.00,4.20,4.21,4.20,4.21,4.20,4.19,4.21,4.20,33.70,0.0,-30,-30,0.0,0,12,-1024,0,0,666,0,0,1,-1,0,1,-1,1,-1,-1,-1,-1,0,0,
2026-04-02,17:03:25.970,7.54,100,100,100,0.037,0.13,84,0,8.07,-0.042,1.175,-0.03,94,0,-85.12,1.16,10,0.00,4.20,4.21,4.20,4.21,4.21,4.19,4.21,4.20,33.71,0.0,-30,-30,0.0,0,11,-1024,0,0,667,0,0,1,-1,0,1,-1,1,-1,-1,-1,-1,0,0,
2026-04-02,17:03:26.230,7.55,100,100,100,-0.006,0.15,85,0,8.07,0.074,0.824,0.00,97,0,-179.45,0.22,10,0.00,4.20,4.21,4.20,4.21,4.21,4.19,4.21,4.20,33.71,0.0,-30,-30,0.0,0,12,-1024,0,0,666,0,0,1,-1,0,1,-1,1,-1,-1,-1,-1,0,0,
2026-04-02,17:03:26.490,7.55,100,100,100,0.007,0.09,86,0,8.07,0.030,1.111,-0.09,99,0,-179.33,0.85,10,0.00,4.20,4.21,4.20,4.21,4.21,4.19,4.21,4.20,33.71,0.0,-30,-30,0.0,0,12,-1024,0,0,666,0,0,1,-1,0,1,-1,1,-1,-1,-1,-1,0,0,
2026-04-02,17:03:26.750,7.55,100,100,100,0.047,0.15,87,0,8.10,0.083,0.845,0.01,90,0,-179.86,1.89,10,0.00,4.20,4.21,4.20,4.21,4.21,4.19,4.21,4.20,33.71,0.0,-30,-30,0.0,0,12,-1024,0,0,666,0,0,1,-1,0,1,-1,1,-1,-1,-1,-1,0,0,
2026-04-02,17:03:27.010,7.55,100,100,100,0.014,0.17,87,0,8.11,0.015,1.094,0.10,89,0,-178.87,1.30,10,0.00,4.20,4.21,4.20,4.21,4.21,4.19,4.21,4.20,33.71,0.0,-30,-30,0.0,0,12,-1024,0,0,666,0,0,1,-1,0,1,-1,1,-1,-1,-1,-1,0,0,
2026-04-02,17:03:27.280,7.55,100,100,100,-0.002,0.19,86,0,8.08,0.065,0.862,0.06,95,0,-178.37,0.06,10,0.00,4.20,4.21,4.20,4.21,4.20,4.19,4.21,4.20,33.71,0.0,-30,-30,0.0,0,12,-1024,0,0,666,0,0,1,-1,0,1,-1,1,-1,-1,-1,-1,0,0,
2026-04-02,17:03:27.550,7.54,100,100,100,0.001,0.11,85,0,8.08,-0.011,1.104,-0.12,95,0,-179.11,1.12,10,0.00,4.20,4.21,4.20,4.21,4.20,4.19,4.21,4.20,33.71,0.0,-30,-30,0.0,0,12,-1024,0,0,666,0,0,1,-1,0,1,-1,1,-1,-1,-1,-1,0,0,
2026-04-02,17:03:27.810,7.55,100,100,100,0.027,0.08,84,0,8.07,0.082,0.784,-0.16,92,0,-179.89,1.40,10,0.00,4.20,4.21,4.20,4.21,4.20,4.19,4.21,4.20,33.71,0.0,-30,-30,0.0,0,12,-1024,0,0,666,0,0,1,-1,0,1,-1,1,-1,-1,-1,-1,0,0,
2026-04-02,17:03:28.080,7.55,100,100,100,0.010,0.13,84,0,8.07,-0.058,0.930,0.04,96,0,-177.60,-0.39,10,0.00,4.20,4.21,4.20,4.21,4.20,4.19,4.21,4.20,33.71,0.0,-30,-30,0.0,0,12,-1024,0,0,666,0,0,1,-1,0,1,-1,1,-1,-1,-1,-1,0,0,
2026-04-02,17:03:28.350,7.54,100,100,100,0.015,0.13,85,0,8.07,0.131,0.764,0.05,96,0,-178.79,-1.50,10,0.00,4.20,4.21,4.20,4.21,4.20,4.19,4.21,4.20,33.71,0.0,-30,-30,0.0,0,12,-1024,0,0,666,0,0,1,-1,0,1,-1,1,-1,-1,-1,-1,0,0,
2026-04-02,17:03:28.610,7.55,100,100,100,0.043,0.11,87,0,8.07,0.002,1.130,-0.01,96,0,-179.67,1.27,10,0.00,4.20,4.21,4.20,4.21,4.20,4.19,4.21,4.20,33.71,0.0,-30,-30,0.0,0,12,-1024,0,0,667,0,0,1,-1,0,1,-1,1,-1,-1,-1,-1,0,0,
2026-04-02,17:03:28.870,7.54,100,100,100,0.003,0.09,87,0,8.07,0.072,1.111,-0.06,97,0,-18.48,3.10,10,0.00,4.20,4.21,4.20,4.21,4.20,4.19,4.21,4.20,33.71,0.0,-30,-30,0.0,0,12,-1024,0,0,666,0,0,1,-1,0,1,-1,1,-1,-1,-1,-1,0,0,
2026-04-02,17:03:29.140,7.54,100,100,100,-0.029,0.06,87,0,8.07,-0.018,0.971,-0.08,95,0,-177.83,1.80,10,0.00,4.20,4.21,4.20,4.21,4.20,4.19,4.21,4.20,33.71,0.0,-30,-30,0.0,0,12,-1024,0,0,666,0,0,1,-1,0,1,-1,1,-1,-1,-1,-1,0,0,
2026-04-02,17:03:29.400,7.54,100,100,100,0.042,0.04,87,0,8.07,0.075,0.937,-0.11,94,0,-179.33,-1.18,10,0.00,4.20,4.21,4.20,4.21,4.20,4.19,4.21,4.20,33.71,0.0,-30,-30,0.0,0,12,-1024,0,0,667,0,0,1,-1,0,1,-1,1,-1,-1,-1,-1,0,0,
2026-04-02,17:03:29.660,7.54,100,100,100,-0.052,0.07,89,0,8.07,-0.025,1.222,0.00,97,0,-178.19,-1.06,10,0.00,4.20,4.21,4.20,4.21,4.20,4.19,4.21,4.20,33.71,0.0,-30,-30,0.0,0,12,-1024,0,0,666,0,0,1,-1,0,1,-1,1,-1,-1,-1,-1,0,0,
2026-04-02,17:03:29.920,7.54,100,100,100,-0.006,0.08,91,0,8.07,0.018,0.942,0.07,99,0,137.37,-1.72,10,0.00,4.20,4.21,4.20,4.21,4.20,4.19,4.21,4.20,33.71,0.0,-30,-30,0.0,0,12,-1024,0,0,667,0,0,1,-1,0,1,-1,1,-1,-1,-1,-1,0,0,
2026-04-02,17:03:30.190,7.55,100,100,100,-0.054,0.09,90,0,8.07,0.012,1.122,0.06,99,0,-166.52,-1.88,10,0.00,4.20,4.21,4.20,4.21,4.20,4.19,4.21,4.20,33.71,0.0,-30,-30,0.0,0,12,-1024,0,0,666,0,0,1,-1,0,1,-1,1,-1,-1,-1,-1,0,0,
2026-04-02,17:03:30.450,7.55,100,100,100,0.094,0.14,90,0,8.07,0.046,0.858,0.09,99,0,169.72,-1.35,10,0.00,4.20,4.21,4.20,4.21,4.20,4.19,4.21,4.20,33.70,0.0,-30,-30,0.0,0,12,-1024,0,0,666,0,0,1,-1,0,1,-1,1,-1,-1,-1,-1,0,0,
2026-04-02,17:03:30.710,7.55,100,100,100,-0.084,0.07,91,0,8.07,0.094,0.821,-0.11,96,0,71.72,2.02,10,0.00,4.20,4.21,4.20,4.21,4.20,4.19,4.21,4.20,33.70,0.0,-30,-30,0.0,0,12,-1024,0,0,666,0,0,1,-1,0,1,-1,1,-1,-1,-1,-1,0,0,
2026-04-02,17:03:30.970,7.55,100,100,100,-0.029,0.05,92,0,8.07,0.030,0.999,-0.09,95,0,177.57,1.92,10,0.00,4.20,4.21,4.20,4.21,4.20,4.19,4.21,4.20,33.70,0.0,-30,-30,0.0,0,12,-1024,0,0,666,0,0,1,-1,0,1,-1,1,-1,-1,-1,-1,0,0,
2026-04-02,17:03:31.240,7.55,100,100,100,0.010,0.07,91,0,8.07,0.014,0.971,-0.01,97,0,-178.19,0.05,10,0.00,4.20,4.21,4.20,4.21,4.20,4.19,4.21,4.20,33.70,0.0,-30,-30,0.0,0,12,-1024,0,0,666,0,0,1,-1,0,1,-1,1,-1,-1,-1,-1,0,0,
2026-04-02,17:03:31.500,7.55,100,100,100,0.138,0.03,91,0,8.07,0.102,0.791,-0.07,99,0,-178.95,-0.80,10,0.00,4.20,4.21,4.20,4.21,4.20,4.19,4.21,4.20,33.71,0.0,-30,-30,0.0,0,12,-1024,0,0,666,0,0,1,-1,0,1,-1,1,-1,-1,-1,-1,0,0,
2026-04-02,17:03:31.760,7.55,100,100,100,0.010,0.03,91,0,8.07,0.002,0.927,-0.04,99,0,-176.29,1.38,10,0.00,4.20,4.21,4.20,4.20,4.20,4.19,4.21,4.20,33.71,0.0,-30,-30,0.0,0,12,-1024,0,0,666,0,0,1,-1,0,1,-1,1,-1,-1,-1,-1,0,0,
2026-04-02,17:03:32.020,7.54,100,100,100,-0.027,0.04,91,0,8.09,0.031,0.964,0.02,100,0,-178.45,1.01,10,0.00,4.20,4.21,4.20,4.20,4.20,4.19,4.21,4.20,33.70,0.0,-30,-30,0.0,0,12,-1024,0,0,666,0,0,1,-1,0,1,-1,1,-1,-1,-1,-1,0,0,
2026-04-02,17:03:32.280,7.55,100,100,100,0.058,0.08,90,0,8.08,-0.004,0.949,0.07,100,0,-176.89,-1.05,10,0.00,4.20,4.21,4.20,4.20,4.20,4.19,4.21,4.20,33.70,0.0,-30,-30,0.0,0,12,-1024,0,0,667,0,0,1,-1,0,1,-1,1,-1,-1,-1,-1,0,0,
2026-04-02,17:03:32.540,7.55,100,100,100,0.148,0.09,88,0,8.07,0.105,1.148,0.06,100,0,-178.69,-2.42,10,0.00,4.20,4.21,4.20,4.20,4.20,4.19,4.21,4.20,33.70,0.0,-30,-30,0.0,0,12,-1024,0,0,666,0,0,1,-1,0,1,-1,1,-1,-1,-1,-1,0,0,
2026-04-02,17:03:32.800,7.55,100,100,100,-0.020,0.08,86,0,8.07,-0.009,1.069,0.00,100,0,-178.01,-0.44,10,0.00,4.20,4.21,4.20,4.21,4.20,4.19,4.21,4.20,33.70,0.0,-30,-30,0.0,0,12,-1024,0,0,666,0,0,1,-1,0,1,-1,1,-1,-1,-1,-1,0,0,
2026-04-02,17:03:33.060,7.55,100,100,100,0.100,0.09,85,0,8.07,0.007,1.164,0.00,100,0,-178.81,-1.22,10,0.00,4.20,4.21,4.20,4.21,4.21,4.19,4.21,4.20,33.70,0.0,-30,-30,0.0,0,12,-1024,0,0,666,0,0,1,-1,0,1,-1,1,-1,-1,-1,-1,0,0,
2026-04-02,17:03:33.320,7.55,100,100,99,0.008,0.14,85,0,8.07,0.002,0.982,0.12,100,0,-176.47,-2.29,10,0.00,4.20,4.21,4.20,4.21,4.21,4.19,4.21,4.20,33.70,0.0,-30,-30,0.0,0,12,-1024,0,0,666,0,0,1,-1,0,1,-1,1,-1,-1,-1,-1,0,0,
2026-04-02,17:03:33.580,7.54,100,100,99,0.104,0.14,86,0,8.07,-0.041,1.025,0.04,100,0,-178.76,-3.14,10,0.00,4.20,4.21,4.20,4.21,4.21,4.19,4.21,4.20,33.70,0.0,-30,-30,0.0,0,12,-1024,0,0,666,0,0,1,-1,0,1,-1,1,-1,-1,-1,-1,0,0,
2026-04-02,17:03:33.850,7.54,100,100,99,0.026,0.14,86,0,8.07,0.064,1.212,0.04,100,0,-177.52,-1.33,10,0.00,4.20,4.21,4.20,4.21,4.21,4.19,4.21,4.20,33.70,0.0,-30,-30,0.0,0,12,-1024,0,0,667,0,0,1,-1,0,1,-1,1,-1,-1,-1,-1,0,0,
2026-04-02,17:03:34.110,7.55,100,100,99,0.055,0.09,85,0,8.07,-0.031,1.089,-0.05,99,0,-179.13,-0.17,10,0.00,4.20,4.21,4.20,4.21,4.21,4.19,4.21,4.20,33.70,0.0,-30,-30,0.0,0,12,-1024,0,0,667,0,0,1,-1,0,1,-1,1,-1,-1,-1,-1,0,0,
2026-04-02,17:03:34.370,7.55,99,99,99,-0.023,0.07,85,0,8.07,0.015,0.877,-0.06,97,0,-179.32,-0.07,10,0.00,4.20,4.21,4.20,4.21,4.20,4.19,4.21,4.20,33.70,0.0,-30,-30,0.0,0,12,-1024,0,0,667,0,0,1,-1,0,1,-1,1,-1,-1,-1,-1,0,0,
2026-04-02,17:03:34.630,7.55,99,99,99,0.041,0.08,85,0,8.07,0.034,0.909,-0.01,96,0,175.27,0.37,10,0.00,4.20,4.21,4.20,4.21,4.20,4.19,4.21,4.20,33.69,0.0,-30,-30,0.0,0,12,-1024,0,0,666,0,0,1,-1,0,1,-1,1,-1,-1,-1,-1,0,0,
2026-04-02,17:03:34.890,7.55,99,99,99,-0.023,0.11,85,0,8.07,0.114,0.895,0.02,91,0,165.01,2.74,10,0.00,4.20,4.21,4.20,4.21,4.20,4.19,4.21,4.20,33.69,0.0,-30,-30,0.0,0,12,-1024,0,0,666,0,0,1,-1,0,1,-1,1,-1,-1,-1,-1,0,0,
2026-04-02,17:03:35.150,7.55,100,100,99,0.000,0.11,85,0,8.07,0.083,0.898,0.06,92,0,179.03,2.29,10,0.00,4.20,4.21,4.20,4.21,4.20,4.19,4.21,4.20,33.69,0.0,-30,-30,0.0,0,12,-1024,0,0,667,0,0,1,-1,0,1,-1,1,-1,-1,-1,-1,0,0,
2026-04-02,17:03:35.420,7.55,100,100,99,0.006,0.10,87,0,8.07,0.041,0.867,-0.03,94,0,-178.99,1.22,10,0.00,4.20,4.21,4.20,4.21,4.20,4.19,4.21,4.20,33.70,0.0,-30,-30,0.0,0,13,-1024,0,0,666,0,0,1,-1,0,1,-1,1,-1,-1,-1,-1,0,0,
2026-04-02,17:03:35.690,7.54,100,100,99,0.063,0.11,88,0,8.07,0.100,1.152,0.02,95,0,170.54,1.46,10,0.00,4.20,4.21,4.20,4.21,4.21,4.19,4.21,4.20,33.70,0.0,-30,-30,0.0,0,12,-1024,0,0,666,0,0,1,-1,0,1,-1,1,-1,-1,-1,-1,0,0,
2026-04-02,17:03:35.960,7.55,100,100,99,-0.066,0.15,88,0,8.07,0.070,0.966,0.06,96,0,110.67,4.49,10,0.00,4.20,4.21,4.20,4.21,4.21,4.19,4.21,4.20,33.70,0.0,-30,-30,0.0,0,12,-1024,0,0,666,0,0,1,-1,0,1,-1,1,-1,-1,-1,-1,0,0,
2026-04-02,17:03:36.220,7.55,100,100,99,-0.068,0.16,86,0,8.07,0.077,0.962,0.04,96,0,179.37,3.73,10,0.00,4.20,4.21,4.20,4.21,4.21,4.19,4.21,4.20,33.70,0.0,-30,-30,0.0,0,12,-1024,0,0,666,0,0,1,-1,0,1,-1,1,-1,-1,-1,-1,0,0,
2026-04-02,17:03:36.480,7.54,99,99,99,-0.062,0.14,84,0,8.07,0.041,1.022,-0.01,96,0,41.51,3.34,10,0.00,4.20,4.21,4.20,4.21,4.21,4.19,4.21,4.20,33.69,0.0,-30,-30,0.0,0,12,-1024,0,0,667,0,0,1,-1,0,1,-1,1,-1,-1,-1,-1,0,0,
2026-04-02,17:03:36.750,7.54,99,99,99,0.152,0.17,83,0,8.07,0.171,1.086,0.06,93,0,177.25,4.22,10,0.00,4.20,4.21,4.20,4.21,4.21,4.19,4.21,4.20,33.69,0.0,-30,-30,0.0,0,12,-1024,0,0,666,0,0,1,-1,0,1,-1,1,-1,-1,-1,-1,0,0,
2026-04-02,17:03:37.010,7.54,99,99,99,0.047,0.10,83,0,8.07,0.075,1.069,-0.08,90,0,179.64,5.32,10,0.00,4.20,4.21,4.20,4.21,4.21,4.19,4.21,4.20,33.70,0.0,-30,-30,0.0,0,12,-1024,0,0,667,0,0,1,-1,0,1,-1,1,-1,-1,-1,-1,0,0,
2026-04-02,17:03:37.280,7.55,100,100,100,-0.020,0.12,83,0,8.07,0.091,0.918,0.00,91,0,60.85,0.66,10,0.00,4.20,4.21,4.20,4.21,4.21,4.19,4.21,4.20,33.70,0.0,-30,-30,0.0,0,12,-1024,0,0,666,0,0,1,-1,0,1,-1,1,-1,-1,-1,-1,0,0,
2026-04-02,17:03:37.540,7.54,100,100,100,-0.014,0.12,83,0,8.07,0.001,0.820,0.05,89,0,-179.13,-2.13,10,0.00,4.20,4.21,4.20,4.21,4.21,4.19,4.21,4.20,33.70,0.0,-30,-30,0.0,0,12,-1024,0,0,667,0,0,1,-1,0,1,-1,1,-1,-1,-1,-1,0,0,
2026-04-02,17:03:37.800,7.54,99,100,100,0.065,0.10,83,0,8.07,0.033,1.002,-0.03,88,0,174.58,-0.75,10,0.00,4.20,4.21,4.20,4.21,4.21,4.19,4.21,4.20,33.70,0.0,-30,-30,0.0,0,12,-1024,0,0,666,0,0,1,-1,0,1,-1,1,-1,-1,-1,-1,0,0,
2026-04-02,17:03:38.060,7.55,99,100,100,-0.027,0.12,83,0,8.07,0.042,0.946,0.04,90,0,172.44,1.81,10,0.00,4.20,4.21,4.20,4.21,4.20,4.19,4.21,4.20,33.70,0.0,-30,-30,0.0,0,12,-1024,0,0,666,0,0,1,-1,0,1,-1,1,-1,-1,-1,-1,0,0,
2026-04-02,17:03:38.320,7.55,99,100,100,-0.040,0.11,83,0,8.07,0.034,0.878,-0.03,92,0,178.39,0.69,10,0.00,4.20,4.21,4.20,4.21,4.20,4.19,4.21,4.20,33.70,0.0,-30,-30,0.0,0,12,-1024,0,0,666,0,0,1,-1,0,1,-1,1,-1,-1,-1,-1,0,0,
2026-04-02,17:03:38.590,7.54,99,100,100,0.009,0.10,83,0,8.07,0.103,0.895,-0.01,92,0,174.21,-0.56,10,0.00,4.20,4.21,4.20,4.21,4.20,4.19,4.21,4.20,33.70,0.0,-30,-30,0.0,0,12,-1024,0,0,667,0,0,1,-1,0,1,-1,1,-1,-1,-1,-1,0,0,
2026-04-02,17:03:38.850,7.54,100,100,100,-0.075,0.06,83,0,8.07,0.102,1.289,-0.08,90,0,177.28,-0.08,10,0.00,4.20,4.21,4.20,4.21,4.20,4.19,4.21,4.20,33.70,0.0,-30,-30,0.0,0,12,-1024,0,0,666,0,0,1,-1,0,1,-1,1,-1,-1,-1,-1,0,0,
2026-04-02,17:03:39.110,7.55,100,100,100,-0.086,0.09,82,0,8.07,0.073,0.832,0.00,92,0,178.58,2.25,10,0.00,4.20,4.21,4.20,4.21,4.20,4.19,4.21,4.20,33.69,0.0,-30,-30,0.0,0,12,-1024,0,0,666,0,0,1,-1,0,1,-1,1,-1,-1,-1,-1,0,0,
2026-04-02,17:03:39.370,7.54,100,100,100,-0.011,0.09,82,0,8.07,0.041,1.063,0.03,90,0,-142.03,2.29,10,0.00,4.20,4.21,4.20,4.21,4.20,4.19,4.21,4.20,33.69,0.0,-30,-30,0.0,0,12,-1024,0,0,666,0,0,1,-1,0,1,-1,1,-1,-1,-1,-1,0,0,
2026-04-02,17:03:39.630,7.54,100,100,100,-0.072,0.04,80,0,8.07,0.066,0.958,-0.08,84,0,-60.61,2.04,10,0.00,4.20,4.21,4.20,4.21,4.20,4.19,4.21,4.20,33.70,0.0,-30,-30,0.0,0,12,-1024,0,0,667,0,0,1,-1,0,1,-1,1,-1,-1,-1,-1,0,0,
2026-04-02,17:03:39.910,7.54,100,100,100,0.048,0.01,80,0,8.07,0.135,1.247,-0.11,83,0,178.80,3.19,10,0.00,4.20,4.21,4.20,4.21,4.20,4.19,4.21,4.20,33.70,0.0,-30,-30,0.0,0,12,-1024,0,0,666,0,0,1,-1,0,1,-1,1,-1,-1,-1,-1,0,0,
2026-04-02,17:03:40.180,7.54,100,100,100,0.049,-0.02,79,0,8.07,0.051,0.959,-0.02,88,0,179.52,3.68,10,0.00,4.20,4.21,4.20,4.21,4.20,4.19,4.21,4.20,33.70,0.0,-30,-30,0.0,0,12,-1024,0,0,667,0,0,1,-1,0,1,-1,1,-1,-1,-1,-1,0,0,
2026-04-02,17:03:40.450,7.54,99,100,100,0.000,-0.03,79,0,8.07,-0.077,1.086,-0.05,89,0,-154.16,1.47,10,0.00,4.20,4.21,4.20,4.21,4.21,4.19,4.21,4.20,33.70,0.0,-30,-30,0.0,0,12,-1024,0,0,667,0,0,1,-1,0,1,-1,1,-1,-1,-1,-1,0,0,
2026-04-02,17:03:40.710,7.54,99,100,100,0.048,-0.03,78,0,8.07,0.013,0.850,-0.03,89,0,107.38,-1.03,10,0.00,4.20,4.21,4.20,4.21,4.21,4.19,4.21,4.20,33.70,0.0,-30,-30,0.0,0,12,-1024,0,0,666,0,0,1,-1,0,1,-1,1,-1,-1,-1,-1,0,0,
2026-04-02,17:03:40.980,7.54,99,100,100,0.004,0.02,78,0,8.07,0.071,0.929,0.08,89,0,179.33,-0.72,10,0.00,4.20,4.21,4.20,4.21,4.21,4.19,4.21,4.20,33.71,0.0,-30,-30,0.0,0,12,-1024,0,0,667,0,0,1,-1,0,1,-1,1,-1,-1,-1,-1,0,0,
2026-04-02,17:03:41.240,7.55,99,100,100,0.004,0.02,77,0,8.07,0.069,0.855,0.03,90,0,170.84,1.14,10,0.00,4.20,4.21,4.20,4.21,4.21,4.19,4.21,4.20,33.71,0.0,-30,-30,0.0,0,12,-1024,0,0,666,0,0,1,-1,0,1,-1,1,-1,-1,-1,-1,0,0,
2026-04-02,17:03:41.500,7.54,100,100,100,0.001,0.02,77,0,8.07,0.079,1.207,0.01,91,0,170.84,1.14,10,0.00,4.20,4.21,4.20,4.21,4.21,4.19,4.21,4.20,33.71,0.0,-30,-30,0.0,0,12,-1024,0,0,666,0,0,1,-1,0,1,-1,1,-1,-1,-1,-1,0,0,
2026-04-02,17:03:41.760,7.54,100,100,100,0.038,-0.01,76,0,8.07,0.093,0.837,-0.04,89,0,175.64,1.92,10,0.00,4.20,4.21,4.20,4.21,4.21,4.19,4.21,4.20,33.71,0.0,-30,-30,0.0,0,12,-1024,0,0,666,0,0,1,-1,0,1,-1,1,-1,-1,-1,-1,0,0,
2026-04-02,17:03:42.030,7.55,100,100,99,-0.019,-0.03,75,0,8.07,0.078,1.040,-0.05,87,0,177.50,4.15,10,0.00,4.20,4.21,4.20,4.21,4.21,4.19,4.21,4.20,33.71,0.0,-30,-30,0.0,0,12,-1024,0,0,666,0,0,1,-1,0,1,-1,1,-1,-1,-1,-1,0,0,
2026-04-02,17:03:42.290,7.55,100,100,99,-0.012,-0.02,74,0,8.09,0.090,0.892,-0.01,89,0,177.19,3.25,10,0.00,4.20,4.21,4.20,4.21,4.21,4.19,4.21,4.20,33.71,0.0,-30,-30,0.0,0,12,-1024,0,0,666,0,0,1,-1,0,1,-1,1,-1,-1,-1,-1,0,0,
2026-04-02,17:03:42.550,7.54,100,100,99,0.031,0.00,74,0,8.08,-0.049,1.109,0.02,90,0,178.68,-0.12,10,0.00,4.20,4.21,4.20,4.21,4.21,4.19,4.21,4.20,33.71,0.0,-30,-30,0.0,0,12,-1024,0,0,666,0,0,1,-1,0,1,-1,1,-1,-1,-1,-1,0,0,
2026-04-02,17:03:42.810,7.54,100,100,99,0.033,0.00,74,0,8.07,-0.006,0.783,0.00,90,0,178.37,-1.49,10,0.00,4.20,4.21,4.20,4.21,4.20,4.19,4.21,4.20,33.71,0.0,-30,-30,0.0,0,12,-1024,0,0,666,0,0,1,-1,0,1,-1,1,-1,-1,-1,-1,0,0,
2026-04-02,17:03:43.070,7.55,100,100,99,-0.051,0.01,73,0,8.07,0.025,1.017,0.04,85,0,-178.82,-1.12,10,0.00,4.20,4.21,4.20,4.21,4.20,4.19,4.21,4.20,33.71,0.0,-30,-30,0.0,0,12,-1024,0,0,666,0,0,1,-1,0,1,-1,1,-1,-1,-1,-1,0,0,
2026-04-02,17:03:43.340,7.55,100,100,99,-0.060,0.00,69,0,8.07,-0.024,0.821,0.00,83,0,-142.76,-1.77,10,0.00,4.20,4.21,4.20,4.21,4.20,4.19,4.21,4.20,33.71,0.0,-30,-30,0.0,0,12,-1024,0,0,667,0,0,1,-1,0,1,-1,1,-1,-1,-1,-1,0,0,
2026-04-02,17:03:43.610,7.55,100,100,99,-0.057,-0.03,66,0,8.07,-0.032,1.012,-0.04,80,0,-60.79,-1.97,10,0.00,4.20,4.21,4.20,4.21,4.20,4.19,4.21,4.20,33.70,0.0,-30,-30,0.0,0,12,-1024,0,0,667,0,0,1,-1,0,1,-1,1,-1,-1,-1,-1,0,0,
2026-04-02,17:03:43.870,7.55,100,100,99,0.047,0.01,66,0,8.07,0.009,1.082,0.06,77,0,178.85,-1.27,10,0.00,4.20,4.21,4.20,4.21,4.20,4.19,4.21,4.20,33.70,0.0,-30,-30,0.0,0,12,-1024,0,0,666,0,0,1,-1,0,1,-1,1,-1,-1,-1,-1,0,0,
2026-04-02,17:03:44.130,7.55,100,100,99,-0.127,-0.02,65,0,8.07,0.075,1.116,-0.02,72,0,179.33,0.21,10,0.00,4.20,4.21,4.20,4.21,4.20,4.19,4.21,4.20,33.70,0.0,-30,-30,0.0,0,12,-1024,0,0,667,0,0,1,-1,0,1,-1,1,-1,-1,-1,-1,0,0,
2026-04-02,17:03:44.390,7.55,100,100,99,-0.033,-0.01,67,0,8.07,0.092,1.082,0.00,73,0,178.45,0.68,10,0.00,4.20,4.21,4.20,4.21,4.20,4.19,4.21,4.20,33.70,0.0,-30,-30,0.0,0,12,-1024,0,0,666,0,0,1,-1,0,1,-1,1,-1,-1,-1,-1,0,0,
2026-04-02,17:03:44.650,7.55,100,100,99,-0.114,-0.04,67,0,8.07,0.046,1.009,-0.01,76,0,179.55,1.57,10,0.00,4.20,4.21,4.20,4.21,4.20,4.19,4.21,4.20,33.70,0.0,-30,-30,0.0,0,12,-1024,0,0,666,0,0,1,-1,0,1,-1,1,-1,-1,-1,-1,0,0,
2026-04-02,17:03:44.920,7.54,100,100,99,0.109,-0.05,67,0,8.07,0.124,1.000,-0.04,76,0,176.80,1.96,10,0.00,4.20,4.21,4.20,4.20,4.20,4.19,4.21,4.20,33.69,0.0,-30,-30,0.0,0,12,-1024,0,0,666,0,0,1,-1,0,1,-1,1,-1,-1,-1,-1,0,0,
2026-04-02,17:03:45.180,7.55,100,100,99,-0.035,-0.07,67,0,8.07,0.053,0.887,-0.07,76,0,178.15,2.45,10,0.00,4.20,4.21,4.20,4.20,4.20,4.19,4.21,4.20,33.69,0.0,-30,-30,0.0,0,12,-1024,0,0,666,0,0,1,-1,0,1,-1,1,-1,-1,-1,-1,0,0,
2026-04-02,17:03:45.440,7.55,100,100,99,-0.149,-0.06,66,0,8.07,0.057,0.800,0.00,70,0,178.58,0.58,10,0.00,4.20,4.21,4.20,4.20,4.20,4.19,4.21,4.20,33.69,0.0,-30,-30,0.0,0,13,-1024,0,0,667,0,0,1,-1,0,1,-1,1,-1,-1,-1,-1,0,0,
2026-04-02,17:03:45.710,7.55,100,100,99,0.038,-0.04,67,0,8.07,0.000,0.944,0.00,72,0,177.79,-0.68,10,0.00,4.20,4.21,4.20,4.20,4.20,4.19,4.21,4.20,33.69,0.0,-30,-30,0.0,0,12,-1024,0,0,666,0,0,1,-1,0,1,-1,1,-1,-1,-1,-1,0,0,
2026-04-02,17:03:45.970,7.55,100,100,100,0.066,-0.01,71,0,8.07,0.072,0.819,0.06,74,0,177.50,-0.49,10,0.00,4.20,4.21,4.20,4.21,4.20,4.19,4.21,4.20,33.70,0.0,-30,-30,0.0,0,12,-1024,0,0,667,0,0,1,-1,0,1,-1,1,-1,-1,-1,-1,0,0,
2026-04-02,17:03:46.230,7.55,100,100,100,-0.115,0.02,73,0,8.07,0.021,1.047,0.13,77,0,177.48,1.37,10,0.00,4.20,4.21,4.20,4.21,4.20,4.19,4.21,4.20,33.70,0.0,-30,-30,0.0,0,12,-1024,0,0,666,0,0,1,-1,0,1,-1,1,-1,-1,-1,-1,0,0,
2026-04-02,17:03:46.500,7.55,100,100,100,-0.106,-0.03,74,0,8.07,-0.010,1.094,-0.02,76,0,177.76,1.79,10,0.00,4.20,4.21,4.20,4.21,4.21,4.19,4.21,4.20,33.70,0.0,-30,-30,0.0,0,13,-1024,0,0,666,0,0,1,-1,0,1,-1,1,-1,-1,-1,-1,0,0,
2026-04-02,17:03:46.760,7.54,100,100,100,0.013,-0.07,75,0,8.07,0.024,1.030,-0.12,84,0,177.76,1.49,10,0.00,4.20,4.21,4.20,4.21,4.21,4.19,4.21,4.20,33.70,0.0,-30,-30,0.0,0,13,-1024,0,0,666,0,0,1,-1,0,1,-1,1,-1,-1,-1,-1,0,0,
2026-04-02,17:03:47.030,7.54,100,100,100,-0.038,-0.10,74,0,8.07,0.014,0.963,-0.11,81,0,177.17,1.18,10,0.00,4.20,4.21,4.20,4.21,4.21,4.19,4.21,4.20,33.69,0.0,-30,-30,0.0,0,12,-1024,0,0,667,0,0,1,-1,0,1,-1,1,-1,-1,-1,-1,0,0,
2026-04-02,17:03:47.300,7.54,99,100,100,-0.099,-0.12,69,0,8.07,0.116,0.945,-0.02,82,0,177.89,1.71,10,0.00,4.20,4.21,4.20,4.21,4.21,4.19,4.21,4.20,33.69,0.0,-30,-30,0.0,0,12,-1024,0,0,666,0,0,1,-1,0,1,-1,1,-1,-1,-1,-1,0,0,
2026-04-02,17:03:47.560,7.54,99,100,100,-0.062,-0.08,68,0,8.07,0.086,1.007,0.07,82,0,176.60,1.61,10,0.00,4.20,4.21,4.20,4.21,4.20,4.19,4.21,4.20,33.70,0.0,-30,-30,0.0,0,12,-1024,0,0,667,0,0,1,-1,0,1,-1,1,-1,-1,-1,-1,0,0,
2026-04-02,17:03:47.830,7.54,99,100,100,-0.022,-0.08,68,0,8.07,0.061,0.991,0.03,84,0,176.81,1.27,10,0.00,4.20,4.21,4.20,4.21,4.20,4.19,4.21,4.20,33.70,0.0,-30,-30,0.0,0,12,-1024,0,0,666,0,0,1,-1,0,1,-1,1,-1,-1,-1,-1,0,0,
2026-04-02,17:03:48.090,7.54,100,100,100,-0.008,-0.11,69,0,8.07,0.010,0.856,-0.01,86,0,176.00,0.82,10,0.00,4.20,4.21,4.20,4.21,4.20,4.19,4.21,4.20,33.70,0.0,-30,-30,0.0,0,12,-1024,0,0,666,0,0,1,-1,0,1,-1,1,-1,-1,-1,-1,0,0,
2026-04-02,17:03:48.360,7.54,99,100,100,-0.137,-0.15,66,0,8.07,0.069,0.958,-0.12,84,0,175.83,2.14,10,0.00,4.20,4.21,4.20,4.21,4.20,4.19,4.21,4.20,33.70,0.0,-30,-30,0.0,0,12,-1024,0,0,666,0,0,1,-1,0,1,-1,1,-1,-1,-1,-1,0,0,
2026-04-02,17:03:48.620,7.54,97,100,100,-0.033,-0.16,64,0,8.07,0.067,1.014,-0.10,78,0,175.19,2.22,10,0.00,4.20,4.21,4.20,4.21,4.20,4.19,4.21,4.20,33.70,0.0,-30,-30,0.0,0,12,-1024,0,0,666,0,0,1,-1,0,1,-1,1,-1,-1,-1,-1,0,0,
2026-04-02,17:03:48.880,7.54,96,100,100,-0.054,-0.18,60,0,8.07,0.050,0.942,-0.06,78,0,175.81,1.40,10,0.00,4.20,4.21,4.20,4.21,4.20,4.19,4.21,4.20,33.70,0.0,-30,-30,0.0,0,12,-1024,0,0,667,0,0,1,-1,0,1,-1,1,-1,-1,-1,-1,0,0,
2026-04-02,17:03:49.140,7.55,97,100,100,-0.083,-0.19,56,0,8.07,0.016,0.889,-0.04,75,0,175.26,0.35,10,0.00,4.20,4.21,4.20,4.21,4.20,4.19,4.21,4.20,33.71,0.0,-30,-30,0.0,0,12,-1024,0,0,667,0,0,1,-1,0,1,-1,1,-1,-1,-1,-1,0,0,
2026-04-02,17:03:49.400,7.55,98,100,100,-0.136,-0.19,56,0,8.07,0.064,0.953,0.15,74,0,175.38,0.98,10,0.00,4.20,4.21,4.20,4.21,4.20,4.19,4.21,4.20,33.71,0.0,-30,-30,0.0,0,12,-1024,0,0,666,0,0,1,-1,0,1,-1,1,-1,-1,-1,-1,0,0,
2026-04-02,17:03:49.660,7.54,95,100,100,-0.047,-0.09,55,0,8.07,0.077,1.098,0.13,76,0,175.36,2.35,10,0.00,4.20,4.21,4.20,4.21,4.20,4.19,4.21,4.20,33.71,0.0,-30,-30,0.0,0,12,-1024,0,0,667,0,0,1,-1,0,1,-1,1,-1,-1,-1,-1,0,0,
2026-04-02,17:03:49.920,7.54,93,100,100,-0.048,-0.10,51,0,8.07,0.048,1.087,0.02,75,0,176.11,2.42,10,0.00,4.20,4.21,4.20,4.21,4.20,4.19,4.21,4.20,33.71,0.0,-30,-30,0.0,0,12,-1024,0,0,666,0,0,1,-1,0,1,-1,1,-1,-1,-1,-1,0,0,
2026-04-02,17:03:50.190,7.55,88,100,100,-0.029,-0.15,50,0,8.07,0.018,0.917,-0.09,77,0,175.28,1.77,10,0.00,4.20,4.21,4.20,4.21,4.20,4.19,4.21,4.20,33.71,0.0,-30,-30,0.0,0,12,-1024,0,0,667,0,0,1,-1,0,1,-1,1,-1,-1,-1,-1,0,0,
2026-04-02,17:03:50.450,7.55,91,100,100,-0.028,-0.16,50,0,8.07,0.045,1.005,-0.08,75,0,175.79,1.76,10,0.00,4.20,4.21,4.20,4.21,4.20,4.19,4.21,4.20,33.71,0.0,-30,-30,0.0,0,12,-1024,0,0,666,0,0,1,-1,0,1,-1,1,-1,-1,-1,-1,0,0,
2026-04-02,17:03:50.710,7.54,91,100,100,-0.030,-0.12,51,0,8.07,0.068,1.010,0.04,73,0,175.62,1.98,10,0.00,4.20,4.21,4.20,4.21,4.20,4.19,4.21,4.20,33.71,0.0,-30,-30,0.0,0,12,-1024,0,0,666,0,0,1,-1,0,1,-1,1,-1,-1,-1,-1,0,0,
2026-04-02,17:03:50.970,7.55,95,100,100,-0.003,-0.10,51,0,8.07,0.007,0.982,0.06,74,0,175.53,1.45,10,0.00,4.20,4.21,4.20,4.21,4.20,4.19,4.21,4.20,33.71,0.0,-30,-30,0.0,0,12,-1024,0,0,666,0,0,1,-1,0,1,-1,1,-1,-1,-1,-1,0,0,
2026-04-02,17:03:51.240,7.54,94,100,100,-0.090,-0.12,51,0,8.07,0.023,0.995,0.00,71,0,176.34,1.89,10,0.00,4.20,4.21,4.20,4.21,4.20,4.19,4.21,4.20,33.71,0.0,-30,-30,0.0,0,12,-1024,0,0,667,0,0,1,-1,0,1,-1,1,-1,-1,-1,-1,0,0,
2026-04-02,17:03:51.500,7.55,95,100,100,-0.198,-0.14,53,0,8.07,0.104,1.048,-0.06,73,0,175.84,2.78,10,0.00,4.20,4.21,4.20,4.21,4.20,4.19,4.21,4.20,33.71,0.0,-30,-30,0.0,0,13,-1024,0,0,666,0,0,1,-1,0,1,-1,1,-1,-1,-1,-1,0,0,
2026-04-02,17:03:51.760,7.55,97,100,100,-0.106,-0.13,56,0,8.10,0.083,0.859,0.00,78,0,176.03,3.20,10,0.00,4.20,4.21,4.20,4.21,4.20,4.19,4.21,4.20,33.71,0.0,-30,-30,0.0,0,12,-1024,0,0,666,0,0,1,-1,0,1,-1,1,-1,-1,-1,-1,0,0,
2026-04-02,17:03:52.040,7.55,98,100,100,-0.155,-0.22,57,0,8.10,0.019,1.035,-0.13,77,0,177.82,3.01,10,0.00,4.20,4.21,4.20,4.21,4.20,4.19,4.21,4.20,33.71,0.0,-30,-30,0.0,0,12,-1024,0,0,666,0,0,1,-1,0,1,-1,1,-1,-1,-1,-1,0,0,
2026-04-02,17:03:52.310,7.54,98,100,100,-0.155,-0.23,58,0,8.08,0.051,0.985,-0.08,78,0,176.51,1.87,10,0.00,4.20,4.21,4.20,4.21,4.20,4.19,4.21,4.20,33.71,0.0,-30,-30,0.0,0,12,-1024,0,0,666,0,0,1,-1,0,1,-1,1,-1,-1,-1,-1,0,0,
2026-04-02,17:03:52.570,7.54,98,100,100,-0.080,-0.23,58,0,8.08,0.071,0.935,-0.01,82,0,176.48,0.56,10,0.00,4.20,4.21,4.20,4.21,4.20,4.19,4.21,4.20,33.71,0.0,-30,-30,0.0,0,12,-1024,0,0,667,0,0,1,-1,0,1,-1,1,-1,-1,-1,-1,0,0,
2026-04-02,17:03:52.830,7.54,98,100,100,-0.149,-0.24,58,0,8.07,0.012,0.970,-0.03,83,0,175.75,0.83,10,0.00,4.20,4.21,4.20,4.21,4.20,4.19,4.21,4.20,33.71,0.0,-30,-30,0.0,0,12,-1024,0,0,667,0,0,1,-1,0,1,-1,1,-1,-1,-1,-1,0,0,
2026-04-02,17:03:53.090,7.54,99,100,100,-0.195,-0.30,61,0,8.10,-0.038,0.965,-0.11,80,0,174.85,0.58,10,0.00,4.20,4.21,4.20,4.21,4.20,4.19,4.21,4.20,33.70,0.0,-30,-30,0.0,0,13,-1024,0,0,666,0,0,1,-1,0,1,-1,1,-1,-1,-1,-1,0,0,
2026-04-02,17:03:53.360,7.54,100,100,100,-0.066,-0.41,64,0,8.11,0.022,1.027,-0.25,81,0,174.31,-0.72,10,0.00,4.20,4.21,4.20,4.21,4.20,4.19,4.21,4.20,33.70,0.0,-30,-30,0.0,0,13,-1024,0,0,666,0,0,1,-1,0,1,-1,1,-1,-1,-1,-1,0,0,
2026-04-02,17:03:53.620,7.54,100,100,100,-0.030,-0.51,68,0,8.09,-0.005,0.950,-0.33,84,0,175.03,-1.54,10,0.00,4.20,4.21,4.20,4.21,4.20,4.19,4.21,4.20,33.70,0.0,-30,-30,0.0,0,12,-1024,0,0,667,0,0,1,-1,0,1,-1,1,-1,-1,-1,-1,0,0,
2026-04-02,17:03:53.890,7.55,100,100,100,-0.074,-0.62,71,0,8.11,0.000,0.970,-0.38,80,0,176.82,-2.42,10,0.00,4.20,4.21,4.20,4.21,4.20,4.19,4.21,4.20,33.70,0.0,-30,-30,0.0,0,12,-1024,0,0,666,0,0,1,-1,0,1,-1,1,-1,-1,-1,-1,0,0,
2026-04-02,17:03:54.150,7.55,100,100,100,-0.025,-0.69,71,0,8.08,-0.009,0.958,-0.26,80,0,176.98,-3.31,10,0.00,4.20,4.21,4.20,4.21,4.20,4.19,4.21,4.20,33.70,0.0,-30,-30,0.0,0,12,-1024,0,0,667,0,0,1,-1,0,1,-1,1,-1,-1,-1,-1,0,0,
2026-04-02,17:03:54.410,7.54,100,100,100,-0.021,-0.73,73,0,8.10,-0.002,0.990,-0.22,82,0,177.01,-3.02,10,0.00,4.20,4.21,4.20,4.21,4.20,4.19,4.21,4.20,33.70,0.0,-30,-30,0.0,0,12,-1024,0,0,666,0,0,1,-1,0,1,-1,1,-1,-1,-1,-1,0,0,
2026-04-02,17:03:54.670,7.55,100,100,100,-0.019,-0.73,73,0,8.09,-0.019,0.987,-0.08,81,0,177.26,-3.10,10,0.00,4.20,4.21,4.20,4.21,4.20,4.19,4.21,4.20,33.70,0.0,-30,-30,0.0,0,12,-1024,0,0,666,0,0,1,-1,0,1,-1,1,-1,-1,-1,-1,0,0,
2026-04-02,17:03:54.930,7.55,100,100,100,-0.025,-0.75,74,0,8.12,-0.027,0.985,-0.05,79,0,177.37,-3.06,10,0.00,4.20,4.21,4.20,4.21,4.20,4.19,4.21,4.20,33.70,0.0,-30,-30,0.0,0,13,-1024,0,0,667,0,0,1,-1,0,1,-1,1,-1,-1,-1,-1,0,0,
2026-04-02,17:03:55.190,7.54,100,100,100,-0.026,-0.74,75,0,8.12,-0.026,0.983,0.01,82,0,177.63,-3.03,10,0.00,4.20,4.21,4.20,4.21,4.20,4.19,4.21,4.20,33.70,0.0,-30,-30,0.0,0,12,-1024,0,0,666,0,0,1,-1,0,1,-1,1,-1,-1,-1,-1,0,0,
2026-04-02,17:03:55.450,7.54,100,100,100,-0.001,-0.70,75,0,8.11,-0.024,0.989,0.11,84,0,177.63,-3.03,10,0.00,4.20,4.21,4.20,4.21,4.20,4.19,4.21,4.20,33.70,0.0,-30,-30,0.0,0,12,-1024,0,0,666,0,0,1,-1,0,1,-1,1,-1,-1,-1,-1,0,0,
2026-04-02,17:03:55.710,7.54,100,100,100,-0.033,-0.70,76,0,8.09,-0.028,0.981,0.03,84,0,177.93,-3.01,10,0.00,4.20,4.21,4.20,4.21,4.20,4.19,4.21,4.20,33.70,0.0,-30,-30,0.0,0,12,-1024,0,0,666,0,0,1,-1,0,1,-1,1,-1,-1,-1,-1,0,0,
2026-04-02,17:03:55.970,7.54,100,100,100,-0.028,-0.70,77,0,8.08,-0.025,0.983,0.01,83,0,178.11,-2.98,10,0.00,4.20,4.21,4.20,4.21,4.20,4.19,4.21,4.20,33.70,0.0,-30,-30,0.0,0,12,-1024,0,0,667,0,0,1,-1,0,1,-1,1,-1,-1,-1,-1,0,0,
2026-04-02,17:03:56.230,7.54,100,100,100,-0.055,-0.74,77,0,8.10,-0.016,0.997,-0.07,83,0,178.08,-2.98,10,0.00,4.20,4.21,4.20,4.21,4.20,4.19,4.21,4.20,33.70,0.0,-30,-30,0.0,0,12,-1024,0,0,667,0,0,1,-1,0,1,-1,1,-1,-1,-1,-1,0,0,
2026-04-02,17:03:56.490,7.55,100,100,100,-0.088,-0.76,77,0,8.10,-0.022,0.979,-0.06,82,0,178.54,-2.94,10,0.00,4.20,4.21,4.20,4.21,4.20,4.19,4.21,4.20,33.70,0.0,-30,-30,0.0,0,12,-1024,0,0,666,0,0,1,-1,0,1,-1,1,-1,-1,-1,-1,0,0,
2026-04-02,17:03:56.750,7.54,100,100,100,0.002,-0.76,77,0,8.08,-0.018,0.972,-0.04,80,0,178.14,-2.97,10,0.00,4.20,4.21,4.20,4.21,4.20,4.19,4.21,4.20,33.70,0.0,-30,-30,0.0,0,12,-1024,0,0,666,0,0,1,-1,0,1,-1,1,-1,-1,-1,-1,0,0,
2026-04-02,17:03:57.010,7.55,100,100,100,-0.100,-0.74,77,0,8.08,-0.039,0.991,0.02,80,0,178.52,-2.89,10,0.00,4.20,4.21,4.20,4.21,4.20,4.19,4.21,4.20,33.71,0.0,-30,-30,0.0,0,12,-1024,0,0,666,0,0,1,-1,0,1,-1,1,-1,-1,-1,-1,0,0,
2026-04-02,17:03:57.270,7.54,100,100,100,-0.019,-0.70,73,0,8.11,-0.034,0.989,0.08,73,0,178.33,-2.95,10,0.00,4.20,4.21,4.20,4.21,4.20,4.19,4.21,4.20,33.71,0.0,-30,-30,0.0,0,12,-1024,0,0,666,0,0,1,-1,0,1,-1,1,-1,-1,-1,-1,0,0,
2026-04-02,17:03:57.530,7.54,100,100,100,-0.041,-0.73,69,0,8.11,-0.036,0.984,0.00,63,0,178.34,-2.95,10,0.00,4.20,4.21,4.20,4.21,4.20,4.19,4.21,4.20,33.71,0.0,-30,-30,0.0,0,13,-1024,0,0,667,0,0,1,-1,0,1,-1,1,-1,-1,-1,-1,0,0,
2026-04-02,17:03:57.800,7.54,99,100,100,-0.050,-0.77,65,0,8.09,-0.030,0.988,-0.08,61,0,178.32,-2.96,10,0.00,4.20,4.21,4.20,4.21,4.20,4.19,4.21,4.20,33.71,0.0,-30,-30,0.0,0,12,-1024,0,0,666,0,0,1,-1,0,1,-1,1,-1,-1,-1,-1,0,0,
2026-04-02,17:03:58.060,7.54,99,100,100,-0.007,-0.69,58,0,8.11,-0.021,0.985,0.10,61,0,178.37,-2.95,10,0.00,4.20,4.21,4.20,4.21,4.20,4.19,4.21,4.20,33.70,0.0,-30,-30,0.0,0,12,-1024,0,0,666,0,0,1,-1,0,1,-1,1,-1,-1,-1,-1,0,0,
2026-04-02,17:03:58.330,7.55,99,100,100,-0.041,-0.66,56,0,8.12,-0.029,0.985,0.12,63,0,178.41,-2.95,10,0.00,4.20,4.21,4.20,4.21,4.21,4.19,4.21,4.20,33.70,0.0,-30,-30,0.0,0,12,-1024,0,0,666,0,0,1,-1,0,1,-1,1,-1,-1,-1,-1,0,0,
2026-04-02,17:03:58.600,7.55,99,100,100,-0.014,-0.65,54,0,8.14,-0.028,0.982,0.13,63,0,178.41,-2.95,10,0.00,4.20,4.21,4.20,4.21,4.21,4.19,4.21,4.20,33.70,0.0,-30,-30,0.0,0,12,-1024,0,0,666,0,0,1,-1,0,1,-1,1,-1,-1,-1,-1,0,0,
2026-04-02,17:03:58.860,7.55,98,100,100,-0.032,-0.67,54,0,8.15,-0.030,0.982,-0.02,61,0,178.43,-2.94,10,0.00,4.20,4.21,4.20,4.21,4.21,4.19,4.21,4.20,33.70,0.0,-30,-30,0.0,0,13,-1024,0,0,666,0,0,1,-1,0,1,-1,1,-1,-1,-1,-1,0,0,
2026-04-02,17:03:59.120,7.55,99,100,100,-0.034,-0.65,54,0,8.16,-0.027,0.984,-0.03,63,0,178.45,-2.94,10,0.00,4.20,4.21,4.20,4.21,4.21,4.19,4.21,4.20,33.70,0.0,-30,-30,0.0,0,12,-1024,0,0,667,0,0,1,-1,0,1,-1,1,-1,-1,-1,-1,0,0,
2026-04-02,17:03:59.390,7.54,98,100,100,-0.020,-0.61,57,0,8.15,-0.025,0.984,0.07,64,0,178.47,-2.94,10,0.00,4.20,4.21,4.20,4.21,4.21,4.19,4.21,4.20,33.70,0.0,-30,-30,0.0,0,12,-1024,0,0,666,0,0,1,-1,0,1,-1,1,-1,-1,-1,-1,0,0,
2026-04-02,17:03:59.650,7.55,99,100,100,-0.030,-0.60,61,0,8.12,-0.027,0.984,0.08,66,0,178.50,-2.94,10,0.00,4.20,4.21,4.20,4.21,4.21,4.19,4.21,4.20,33.70,0.0,-30,-30,0.0,0,12,-1024,0,0,667,0,0,1,-1,0,1,-1,1,-1,-1,-1,-1,0,0,
2026-04-02,17:03:59.910,7.55,99,100,100,-0.025,-0.61,66,0,8.11,-0.028,0.983,0.02,64,0,178.50,-2.94,10,0.00,4.20,4.21,4.20,4.21,4.21,4.19,4.21,4.20,33.70,0.0,-30,-30,0.0,0,12,-1024,0,0,666,0,0,1,-1,0,1,-1,1,-1,-1,-1,-1,0,0,
2026-04-02,17:04:00.180,7.55,100,100,100,-0.023,-0.67,68,0,8.10,-0.028,0.983,-0.12,69,0,178.52,-2.94,10,0.00,4.20,4.21,4.20,4.21,4.21,4.19,4.21,4.20,33.70,0.0,-30,-30,0.0,0,12,-1024,0,0,666,0,0,1,-1,0,1,-1,1,-1,-1,-1,-1,0,0,
2026-04-02,17:04:00.450,7.54,100,100,100,-0.027,-0.67,69,0,8.10,-0.028,0.984,-0.07,71,0,178.53,-2.94,10,0.00,4.20,4.21,4.20,4.21,4.21,4.19,4.21,4.20,33.70,0.0,-30,-30,0.0,0,12,-1024,0,0,666,0,0,1,-1,0,1,-1,1,-1,-1,-1,-1,0,0,
2026-04-02,17:04:00.710,7.54,100,100,100,-0.024,-0.71,70,0,8.10,-0.028,0.984,-0.10,73,0,178.54,-2.94,10,0.00,4.20,4.21,4.20,4.21,4.21,4.19,4.21,4.20,33.70,0.0,-30,-30,0.0,0,12,-1024,0,0,666,0,0,1,-1,0,1,-1,1,-1,-1,-1,-1,0,0,
2026-04-02,17:04:00.980,7.54,100,100,100,-0.025,-0.68,69,0,8.10,-0.027,0.983,0.01,72,0,178.54,-2.94,10,0.00,4.20,4.21,4.20,4.21,4.21,4.19,4.21,4.20,33.70,0.0,-30,-30,0.0,0,12,-1024,0,0,667,0,0,1,-1,0,1,-1,1,-1,-1,-1,-1,0,0,
2026-04-02,17:04:01.260,7.54,100,100,100,-0.026,-0.66,69,0,8.12,-0.028,0.984,0.01,74,0,178.55,-2.94,10,0.00,4.20,4.21,4.20,4.21,4.21,4.19,4.21,4.20,33.70,0.0,-30,-30,0.0,0,12,-1024,0,0,666,0,0,1,-1,0,1,-1,1,-1,-1,-1,-1,0,0,
2026-04-02,17:04:01.530,7.54,100,100,100,-0.025,-0.61,69,0,8.09,-0.028,0.984,0.01,75,0,178.55,-2.94,10,0.00,4.20,4.21,4.20,4.21,4.21,4.19,4.21,4.20,33.70,0.0,-30,-30,0.0,0,12,-1024,0,0,666,0,0,1,-1,0,1,-1,1,-1,-1,-1,-1,0,0,
2026-04-02,17:04:01.790,7.54,100,100,100,-0.024,-0.62,71,0,8.08,-0.028,0.983,0.04,75,0,178.55,-2.94,10,0.00,4.20,4.21,4.20,4.21,4.21,4.19,4.21,4.20,33.70,0.0,-30,-30,0.0,0,12,-1024,0,0,666,0,0,1,-1,0,1,-1,1,-1,-1,-1,-1,0,0,
2026-04-02,17:04:02.060,7.54,100,100,100,-0.026,-0.69,73,0,8.07,-0.028,0.984,-0.13,78,0,178.56,-2.94,10,0.00,4.20,4.21,4.20,4.21,4.20,4.19,4.21,4.20,33.70,0.0,-30,-30,0.0,0,12,-1024,0,0,666,0,0,1,-1,0,1,-1,1,-1,-1,-1,-1,0,0,
2026-04-02,17:04:02.320,7.54,100,100,100,-0.024,-0.75,76,0,8.09,-0.028,0.983,-0.17,80,0,178.56,-2.94,10,0.00,4.20,4.21,4.20,4.21,4.20,4.19,4.21,4.20,33.70,0.0,-30,-30,0.0,0,12,-1024,0,0,666,0,0,1,-1,0,1,-1,1,-1,-1,-1,-1,0,0,
2026-04-02,17:04:02.580,7.54,100,100,100,-0.025,-0.74,77,0,8.08,-0.028,0.984,-0.08,81,0,178.57,-2.94,10,0.00,4.20,4.21,4.20,4.21,4.20,4.19,4.21,4.20,33.70,0.0,-30,-30,0.0,0,12,-1024,0,0,666,0,0,1,-1,0,1,-1,1,-1,-1,-1,-1,0,0,
2026-04-02,17:04:02.850,7.54,100,100,100,-0.026,-0.70,78,0,8.07,-0.028,0.984,0.05,82,0,178.57,-2.94,10,0.00,4.20,4.21,4.20,4.21,4.20,4.19,4.21,4.20,33.70,0.0,-30,-30,0.0,0,12,-1024,0,0,666,0,0,1,-1,0,1,-1,1,-1,-1,-1,-1,0,0,
2026-04-02,17:04:03.120,7.55,100,100,100,-0.025,-0.69,78,0,8.10,-0.028,0.984,0.06,84,0,178.57,-2.95,10,0.00,4.20,4.21,4.20,4.21,4.20,4.19,4.21,4.20,33.70,0.0,-30,-30,0.0,0,12,-1024,0,0,667,0,0,1,-1,0,1,-1,1,-1,-1,-1,-1,0,0,
2026-04-02,17:04:03.380,7.55,100,100,100,-0.025,-0.69,78,0,8.12,-0.027,0.984,0.01,85,0,178.57,-2.95,10,0.00,4.20,4.21,4.20,4.21,4.20,4.19,4.21,4.20,33.70,0.0,-30,-30,0.0,0,12,-1024,0,0,666,0,0,1,-1,0,1,-1,1,-1,-1,-1,-1,0,0,
2026-04-02,17:04:03.650,7.54,100,100,100,-0.026,-0.65,77,0,8.14,-0.028,0.983,0.06,83,0,178.57,-2.94,10,0.00,4.20,4.21,4.20,4.21,4.20,4.19,4.21,4.20,33.70,0.0,-30,-30,0.0,0,12,-1024,0,0,666,0,0,1,-1,0,1,-1,1,-1,-1,-1,-1,0,0,
2026-04-02,17:04:03.920,7.54,100,100,100,-0.026,-0.62,76,0,8.12,-0.028,0.984,0.09,84,0,178.57,-2.95,10,0.00,4.20,4.21,4.20,4.21,4.20,4.19,4.21,4.20,33.70,0.0,-30,-30,0.0,0,12,-1024,0,0,666,0,0,1,-1,0,1,-1,1,-1,-1,-1,-1,0,0,
2026-04-02,17:04:04.180,7.55,100,100,100,-0.024,-0.59,77,0,8.09,-0.027,0.983,0.11,83,0,178.57,-2.95,10,0.00,4.20,4.21,4.20,4.21,4.20,4.19,4.21,4.20,33.70,0.0,-30,-30,0.0,0,12,-1024,0,0,667,0,0,1,-1,0,1,-1,1,-1,-1,-1,-1,0,0,
2026-04-02,17:04:04.450,7.54,100,100,100,-0.026,-0.60,77,0,8.10,-0.028,0.983,0.03,81,0,178.57,-2.95,10,0.00,4.20,4.21,4.20,4.21,4.20,4.19,4.21,4.20,33.70,0.0,-30,-30,0.0,0,12,-1024,0,0,666,0,0,1,-1,0,1,-1,1,-1,-1,-1,-1,0,0,
2026-04-02,17:04:04.710,7.54,100,100,100,-0.025,-0.65,77,0,8.11,-0.028,0.984,-0.09,80,0,178.57,-2.96,10,0.00,4.20,4.21,4.20,4.21,4.20,4.19,4.21,4.20,33.70,0.0,-30,-30,0.0,0,12,-1024,0,0,667,0,0,1,-1,0,1,-1,1,-1,-1,-1,-1,0,0,
2026-04-02,17:04:04.980,7.55,100,100,100,-0.025,-0.68,75,0,8.11,-0.028,0.983,-0.07,79,0,178.57,-2.96,10,0.00,4.20,4.21,4.20,4.21,4.20,4.19,4.21,4.20,33.70,0.0,-30,-30,0.0,0,12,-1024,0,0,667,0,0,1,-1,0,1,-1,1,-1,-1,-1,-1,0,0,
2026-04-02,17:04:05.240,7.54,100,100,100,-0.025,-0.69,75,0,8.15,-0.028,0.984,-0.11,80,0,178.57,-2.96,10,0.00,4.20,4.21,4.20,4.21,4.20,4.19,4.21,4.20,33.70,0.0,-30,-30,0.0,0,12,-1024,0,0,667,0,0,1,-1,0,1,-1,1,-1,-1,-1,-1,0,0,
2026-04-02,17:04:05.500,7.55,100,100,100,-0.025,-0.66,76,0,8.14,-0.028,0.984,0.03,83,0,178.57,-2.96,10,0.00,4.20,4.21,4.20,4.21,4.20,4.19,4.21,4.20,33.70,0.0,-30,-30,0.0,0,12,-1024,0,0,666,0,0,1,-1,0,1,-1,1,-1,-1,-1,-1,0,0,
2026-04-02,17:04:05.770,7.55,100,100,100,-0.025,-0.64,77,0,8.16,-0.028,0.984,0.04,84,0,178.57,-2.96,10,0.00,4.20,4.21,4.20,4.21,4.20,4.19,4.21,4.20,33.70,0.0,-30,-30,0.0,0,12,-1024,0,0,667,0,0,1,-1,0,1,-1,1,-1,-1,-1,-1,0,0,
2026-04-02,17:04:06.040,7.54,100,100,100,-0.025,-0.57,77,0,8.13,-0.028,0.983,0.15,84,0,178.57,-2.96,10,0.00,4.20,4.21,4.20,4.21,4.20,4.19,4.21,4.20,33.70,0.0,-30,-30,0.0,0,12,-1024,0,0,666,0,0,1,-1,0,1,-1,1,-1,-1,-1,-1,0,0,
2026-04-02,17:04:06.300,7.55,100,100,100,-0.025,-0.61,77,0,8.12,-0.028,0.984,0.04,83,0,178.57,-2.96,10,0.00,4.20,4.21,4.20,4.21,4.20,4.19,4.21,4.20,33.70,0.0,-30,-30,0.0,0,12,-1024,0,0,666,0,0,1,-1,0,1,-1,1,-1,-1,-1,-1,0,0,
2026-04-02,17:04:06.560,7.55,100,100,100,-0.025,-0.59,77,0,8.09,-0.028,0.984,0.02,84,0,178.56,-2.96,10,0.00,4.20,4.21,4.20,4.21,4.20,4.19,4.21,4.20,33.70,0.0,-30,-30,0.0,0,11,-1024,0,0,666,0,0,1,-1,0,1,-1,1,-1,-1,-1,-1,0,0,
2026-04-02,17:04:06.820,7.54,100,100,100,-0.025,-0.63,77,0,8.12,-0.028,0.983,-0.06,85,0,178.57,-2.96,10,0.00,4.20,4.21,4.20,4.21,4.20,4.19,4.21,4.20,33.70,0.0,-30,-30,0.0,0,12,-1024,0,0,666,0,0,1,-1,0,1,-1,1,-1,-1,-1,-1,0,0,
2026-04-02,17:04:07.090,7.54,100,100,100,-0.025,-0.64,77,0,8.14,-0.028,0.983,-0.07,85,0,178.57,-2.96,10,0.00,4.20,4.21,4.20,4.21,4.20,4.19,4.21,4.20,33.70,0.0,-30,-30,0.0,0,12,-1024,0,0,667,0,0,1,-1,0,1,-1,1,-1,-1,-1,-1,0,0,
2026-04-02,17:04:07.360,7.54,100,100,100,-0.025,-0.61,78,0,8.12,-0.028,0.984,0.02,85,0,178.57,-2.96,10,0.00,4.20,4.21,4.20,4.21,4.20,4.19,4.21,4.20,33.70,0.0,-30,-30,0.0,0,12,-1024,0,0,666,0,0,1,-1,0,1,-1,1,-1,-1,-1,-1,0,0,
2026-04-02,17:04:07.620,7.54,100,100,100,-0.025,-0.61,78,0,8.10,-0.028,0.984,0.04,83,0,178.57,-2.96,10,0.00,4.20,4.21,4.20,4.21,4.20,4.19,4.21,4.20,33.70,0.0,-30,-30,0.0,0,12,-1024,0,0,666,0,0,1,-1,0,1,-1,1,-1,-1,-1,-1,0,0,
2026-04-02,17:04:07.880,7.54,100,100,100,-0.025,-0.68,78,0,8.12,-0.027,0.983,-0.10,82,0,178.57,-2.97,10,0.00,4.20,4.21,4.20,4.21,4.20,4.19,4.21,4.20,33.70,0.0,-30,-30,0.0,0,11,-1024,0,0,666,0,0,1,-1,0,1,-1,1,-1,-1,-1,-1,0,0,
2026-04-02,17:04:08.140,7.54,100,100,100,-0.015,-0.64,78,0,8.11,-0.024,0.982,-0.01,82,0,178.58,-2.97,10,0.00,4.20,4.21,4.20,4.21,4.20,4.19,4.21,4.20,33.70,0.0,-30,-30,0.0,0,4,-1024,220,0,666,0,0,1,-1,0,1,-1,1,-1,-1,-1,-1,0,0,
2026-04-02,17:04:08.410,7.54,100,100,100,-0.029,-0.63,78,0,8.10,-0.025,0.982,0.03,83,0,178.58,-2.96,10,0.00,4.20,4.21,4.20,4.21,4.20,4.19,4.21,4.20,33.71,0.0,-30,-30,0.0,0,87,-1024,-568,0,666,0,0,1,-1,0,1,-1,1,-1,-1,-1,-1,0,0,
2026-04-02,17:04:08.670,7.54,100,100,100,-0.029,-0.60,78,0,8.08,-0.027,0.981,0.11,83,0,178.58,-2.96,10,0.00,4.20,4.21,4.20,4.21,4.20,4.19,4.21,4.20,33.71,0.0,-30,-30,0.0,0,13,-1024,0,0,666,0,0,1,-1,0,1,-1,1,-1,-1,-1,-1,0,0,
2026-04-02,17:04:08.940,7.55,100,100,100,-0.026,-0.63,78,0,8.07,-0.026,0.977,-0.03,85,0,178.59,-2.96,10,0.00,4.20,4.21,4.20,4.21,4.20,4.19,4.21,4.20,33.71,0.0,-30,-30,0.0,0,-56,-1024,143,0,666,0,0,1,-1,0,1,-1,1,-1,-1,-1,-1,0,0,
2026-04-02,17:04:09.200,7.54,100,100,100,-0.038,-0.64,78,0,8.11,-0.027,0.982,-0.04,85,0,178.59,-2.95,10,0.00,4.20,4.21,4.20,4.21,4.20,4.19,4.21,4.20,33.71,0.0,-30,-30,0.0,0,11,-1024,0,0,666,0,0,1,-1,0,1,-1,1,-1,-1,-1,-1,0,0,
2026-04-02,17:04:09.460,7.54,100,100,100,-0.021,-0.59,78,0,8.11,-0.024,0.980,0.06,85,0,178.58,-2.96,10,0.00,4.20,4.21,4.20,4.21,4.20,4.19,4.21,4.20,33.71,0.0,-30,-30,0.0,0,12,-1024,0,0,667,0,0,1,-1,0,1,-1,1,-1,-1,-1,-1,0,0,
2026-04-02,17:04:09.730,7.54,100,100,100,-0.025,-0.59,78,0,8.14,-0.027,0.984,0.00,86,0,178.59,-2.95,10,0.00,4.20,4.21,4.20,4.21,4.20,4.19,4.21,4.20,33.71,0.0,-30,-30,0.0,0,12,-1024,0,0,666,0,0,1,-1,0,1,-1,1,-1,-1,-1,-1,0,0,
2026-04-02,17:04:09.990,7.54,100,100,100,-0.028,-0.59,78,0,8.16,-0.028,0.983,-0.12,87,0,178.59,-2.96,10,0.00,4.20,4.21,4.20,4.21,4.20,4.19,4.21,4.20,33.70,0.0,-30,-30,0.0,0,12,-1024,0,0,666,0,0,1,-1,0,1,-1,1,-1,-1,-1,-1,0,0,
2026-04-02,17:04:10.260,7.54,100,100,100,-0.023,-0.60,78,0,8.16,-0.028,0.984,0.01,86,0,178.59,-2.96,10,0.00,4.20,4.21,4.20,4.21,4.20,4.19,4.21,4.20,33.70,0.0,-30,-30,0.0,0,12,-1024,0,0,666,0,0,1,-1,0,1,-1,1,-1,-1,-1,-1,0,0,
2026-04-02,17:04:10.530,7.54,100,100,100,-0.026,-0.63,78,0,8.17,-0.029,0.983,-0.05,86,0,178.59,-2.96,10,0.00,4.20,4.21,4.20,4.21,4.20,4.19,4.21,4.20,33.70,0.0,-30,-30,0.0,0,12,-1024,0,0,666,0,0,1,-1,0,1,-1,1,-1,-1,-1,-1,0,0,
2026-04-02,17:04:10.790,7.54,100,100,100,-0.026,-0.63,78,0,8.17,-0.029,0.984,-0.02,87,0,178.59,-2.96,10,0.00,4.20,4.21,4.20,4.21,4.20,4.19,4.21,4.20,33.70,0.0,-30,-30,0.0,0,12,-1024,0,0,667,0,0,1,-1,0,1,-1,1,-1,-1,-1,-1,0,0,
2026-04-02,17:04:11.060,7.54,100,100,100,-0.023,-0.68,78,0,8.15,-0.027,0.984,-0.07,87,0,178.59,-2.97,10,0.00,4.20,4.21,4.20,4.21,4.20,4.19,4.21,4.20,33.70,0.0,-30,-30,0.0,0,12,-1024,0,0,666,0,0,1,-1,0,1,-1,1,-1,-1,-1,-1,0,0,
2026-04-02,17:04:11.330,7.54,100,100,100,-0.026,-0.69,79,0,8.12,-0.028,0.984,-0.10,86,0,178.59,-2.97,10,0.00,4.20,4.21,4.20,4.20,4.20,4.19,4.21,4.20,33.70,0.0,-30,-30,0.0,0,12,-1024,0,0,666,0,0,1,-1,0,1,-1,1,-1,-1,-1,-1,0,0,
2026-04-02,17:04:11.600,7.54,100,100,100,-0.026,-0.66,79,0,8.15,-0.029,0.983,0.05,87,0,178.59,-2.97,10,0.00,4.20,4.21,4.20,4.20,4.20,4.19,4.21,4.20,33.70,0.0,-30,-30,0.0,0,12,-1024,0,0,666,0,0,1,-1,0,1,-1,1,-1,-1,-1,-1,0,0,
2026-04-02,17:04:11.870,7.54,100,100,100,-0.024,-0.67,79,0,8.16,-0.028,0.984,0.00,86,0,178.59,-2.97,10,0.00,4.20,4.21,4.20,4.20,4.20,4.19,4.21,4.20,33.70,0.0,-30,-30,0.0,0,12,-1024,0,0,666,0,0,1,-1,0,1,-1,1,-1,-1,-1,-1,0,0,
2026-04-02,17:04:12.140,7.54,100,100,100,-0.026,-0.65,79,0,8.15,-0.028,0.983,0.03,86,0,178.59,-2.98,10,0.00,4.20,4.21,4.20,4.20,4.20,4.19,4.21,4.20,33.71,0.0,-30,-30,0.0,0,12,-1024,0,0,666,0,0,1,-1,0,1,-1,1,-1,-1,-1,-1,0,0,
2026-04-02,17:04:12.410,7.54,100,100,100,-0.026,-0.68,79,0,8.16,-0.029,0.983,-0.05,87,0,178.59,-2.97,10,0.00,4.20,4.21,4.20,4.21,4.20,4.19,4.21,4.20,33.71,0.0,-30,-30,0.0,0,12,-1024,0,0,666,0,0,1,-1,0,1,-1,1,-1,-1,-1,-1,0,0,
2026-04-02,17:04:12.680,7.54,100,100,100,-0.024,-0.67,79,0,8.14,-0.028,0.984,-0.05,87,0,178.58,-2.98,10,0.00,4.20,4.21,4.20,4.21,4.20,4.19,4.21,4.20,33.71,0.0,-30,-30,0.0,0,12,-1024,0,0,667,0,0,1,-1,0,1,-1,1,-1,-1,-1,-1,0,0,
2026-04-02,17:04:12.940,7.54,100,100,100,-0.025,-0.66,79,0,8.16,-0.028,0.983,0.03,86,0,178.58,-2.98,10,0.00,4.20,4.21,4.20,4.21,4.20,4.19,4.21,4.20,33.71,0.0,-30,-30,0.0,0,12,-1024,0,0,667,0,0,1,-1,0,1,-1,1,-1,-1,-1,-1,0,0,
2026-04-02,17:04:13.210,7.54,100,100,100,-0.025,-0.69,78,0,8.12,-0.028,0.984,-0.06,84,0,178.58,-2.98,10,0.00,4.20,4.21,4.20,4.21,4.20,4.19,4.21,4.20,33.71,0.0,-30,-30,0.0,0,12,-1024,0,0,666,0,0,1,-1,0,1,-1,1,-1,-1,-1,-1,0,0,
2026-04-02,17:04:13.470,7.54,100,100,100,-0.025,-0.68,77,0,8.15,-0.028,0.984,-0.01,83,0,178.58,-2.98,10,0.00,4.20,4.21,4.20,4.21,4.20,4.19,4.21,4.20,33.71,0.0,-30,-30,0.0,0,12,-1024,0,0,667,0,0,1,-1,0,1,-1,1,-1,-1,-1,-1,0,0,
2026-04-02,17:04:13.730,7.54,100,100,100,-0.025,-0.65,77,0,8.16,-0.028,0.984,0.06,80,0,178.58,-2.98,10,0.00,4.20,4.21,4.20,4.21,4.20,4.19,4.21,4.20,33.71,0.0,-30,-30,0.0,0,12,-1024,0,0,667,0,0,1,-1,0,1,-1,1,-1,-1,-1,-1,0,0,
2026-04-02,17:04:14.000,7.54,100,100,100,-0.026,-0.53,76,0,8.17,-0.028,0.983,0.26,79,0,178.58,-2.98,10,0.00,4.20,4.21,4.20,4.21,4.21,4.19,4.21,4.20,33.71,0.0,-30,-30,0.0,0,-1,-1024,0,0,667,0,0,1,-1,0,1,-1,1,-1,-1,-1,-1,0,0,
2026-04-02,17:04:14.260,7.54,100,100,100,-0.025,-0.54,76,0,8.12,-0.027,0.987,0.26,80,0,178.58,-2.98,10,0.00,4.20,4.21,4.20,4.21,4.21,4.19,4.21,4.20,33.71,0.0,-30,-30,0.0,0,-427,-1024,0,0,666,0,0,1,-1,0,1,-1,1,-1,-1,-1,-1,0,0,
2026-04-02,17:04:14.530,7.54,100,100,100,-0.024,-0.57,76,0,8.14,-0.028,0.983,-0.03,80,0,178.58,-2.97,10,0.00,4.20,4.21,4.20,4.21,4.21,4.19,4.21,4.20,33.71,0.0,-30,-30,0.0,0,-170,-1024,0,0,666,0,0,1,-1,0,1,-1,1,-1,-1,-1,-1,0,0,
2026-04-02,17:04:14.790,7.54,100,100,100,-0.024,-0.56,77,0,8.14,-0.028,0.977,0.00,80,0,178.58,-2.97,10,0.00,4.20,4.21,4.19,4.21,4.21,4.19,4.21,4.20,33.71,0.0,-30,-30,0.0,0,7,-1024,0,0,667,0,0,1,-1,0,1,-1,1,-1,-1,-1,-1,0,0,
2026-04-02,17:04:15.070,7.54,100,100,100,-0.027,-0.66,77,0,8.12,-0.024,0.985,-0.14,81,0,178.58,-2.97,10,0.00,4.20,4.21,4.19,4.21,4.21,4.19,4.21,4.20,33.70,0.0,-30,-30,0.0,0,11,-1024,0,0,667,0,0,1,-1,0,1,-1,1,-1,-1,-1,-1,0,0,
2026-04-02,17:04:15.330,7.54,100,100,100,-0.026,-0.67,77,0,8.12,-0.027,0.984,-0.09,81,0,178.58,-2.97,10,0.00,4.20,4.21,4.19,4.21,4.21,4.19,4.21,4.20,33.70,0.0,-30,-30,0.0,0,11,-1024,0,0,667,0,0,1,-1,0,1,-1,1,-1,-1,-1,-1,0,0,
2026-04-02,17:04:15.590,7.54,99,100,100,-0.024,-0.64,77,0,8.15,-0.031,0.983,0.03,80,0,178.58,-2.98,10,0.00,4.20,4.21,4.19,4.21,4.21,4.19,4.21,4.20,33.70,0.0,-30,-30,0.0,0,12,-1024,0,0,666,0,0,1,-1,0,1,-1,1,-1,-1,-1,-1,0,0,
2026-04-02,17:04:15.850,7.54,99,100,100,-0.025,-0.56,77,0,8.16,-0.030,0.983,0.15,79,0,178.58,-2.98,10,0.00,4.20,4.21,4.19,4.21,4.21,4.19,4.21,4.20,33.70,0.0,-30,-30,0.0,0,11,-1024,0,0,667,0,0,1,-1,0,1,-1,1,-1,-1,-1,-1,0,0,
2026-04-02,17:04:16.120,7.54,99,100,100,-0.025,-0.56,77,0,8.16,-0.029,0.983,0.11,80,0,178.58,-2.98,10,0.00,4.20,4.21,4.20,4.20,4.21,4.19,4.21,4.20,33.71,0.0,-30,-30,0.0,0,11,-1024,0,0,667,0,0,1,-1,0,1,-1,1,-1,-1,-1,-1,0,0,
2026-04-02,17:04:16.390,7.54,100,100,100,-0.026,-0.64,77,0,8.17,-0.028,0.984,-0.10,80,0,178.58,-2.98,10,0.00,4.20,4.21,4.20,4.20,4.21,4.19,4.21,4.20,33.70,0.0,-30,-30,0.0,0,11,-1024,0,0,667,0,0,1,-1,0,1,-1,1,-1,-1,-1,-1,0,0,
2026-04-02,17:04:16.650,7.54,100,100,100,-0.025,-0.63,77,0,8.17,-0.028,0.983,-0.08,81,0,178.57,-2.98,10,0.00,4.20,4.21,4.20,4.20,4.21,4.19,4.21,4.20,33.70,0.0,-30,-30,0.0,0,11,-1024,0,0,666,0,0,1,-1,0,1,-1,1,-1,-1,-1,-1,0,0,
2026-04-02,17:04:16.920,7.54,100,100,100,-0.025,-0.62,77,0,8.14,-0.028,0.983,0.01,81,0,178.57,-2.98,10,0.00,4.20,4.21,4.20,4.20,4.21,4.19,4.21,4.20,33.70,0.0,-30,-30,0.0,0,12,-1024,0,0,666,0,0,1,-1,0,1,-1,1,-1,-1,-1,-1,0,0,
2026-04-02,17:04:17.180,7.54,100,100,100,-0.025,-0.66,77,0,8.13,-0.028,0.984,-0.05,80,0,178.57,-2.98,10,0.00,4.20,4.21,4.20,4.20,4.21,4.19,4.21,4.20,33.70,0.0,-30,-30,0.0,0,12,-1024,0,0,666,0,0,1,-1,0,1,-1,1,-1,-1,-1,-1,0,0,
2026-04-02,17:04:17.440,7.55,100,100,99,-0.025,-0.65,77,0,8.13,-0.029,0.984,-0.04,80,0,178.57,-2.98,10,0.00,4.20,4.21,4.20,4.20,4.21,4.19,4.21,4.20,33.70,0.0,-30,-30,0.0,0,11,-1024,0,0,666,0,0,1,-1,0,1,-1,1,-1,-1,-1,-1,0,0,
2026-04-02,17:04:17.710,7.55,100,100,99,-0.025,-0.64,77,0,8.12,-0.029,0.984,0.04,81,0,178.57,-2.98,10,0.00,4.20,4.21,4.20,4.20,4.20,4.19,4.21,4.20,33.70,0.0,-30,-30,0.0,0,11,-1024,0,0,667,0,0,1,-1,0,1,-1,1,-1,-1,-1,-1,0,0,
2026-04-02,17:04:17.970,7.54,99,99,99,-0.025,-0.61,77,0,8.14,-0.028,0.984,0.03,81,0,178.56,-2.99,10,0.00,4.20,4.21,4.20,4.20,4.20,4.19,4.21,4.20,33.69,0.0,-30,-30,0.0,0,12,-1024,0,0,666,0,0,1,-1,0,1,-1,1,-1,-1,-1,-1,0,0,
2026-04-02,17:04:18.240,7.54,99,99,99,-0.024,-0.62,77,0,8.16,-0.028,0.983,-0.01,80,0,178.57,-2.99,10,0.00,4.20,4.21,4.20,4.20,4.20,4.19,4.21,4.20,33.69,0.0,-30,-30,0.0,0,12,-1024,0,0,666,0,0,1,-1,0,1,-1,1,-1,-1,-1,-1,0,0,
2026-04-02,17:04:18.500,7.54,99,99,99,-0.025,-0.59,77,0,8.16,-0.029,0.983,0.02,80,0,178.57,-2.99,10,0.00,4.20,4.21,4.20,4.21,4.20,4.19,4.21,4.20,33.69,0.0,-30,-30,0.0,0,12,-1024,0,0,666,0,0,1,-1,0,1,-1,-1,-1,-1,-1,-1,0,0,
2026-04-02,17:04:18.760,7.54,100,100,99,-0.025,-0.59,77,0,8.17,-0.028,0.983,0.04,80,0,178.56,-2.99,10,0.00,4.20,4.21,4.20,4.21,4.20,4.19,4.21,4.20,33.69,0.0,-30,-30,0.0,0,12,-1024,0,0,666,0,0,1,-1,0,1,-1,-1,-1,-1,-1,-1,0,0,
2026-04-02,17:04:19.030,7.54,100,100,99,-0.025,-0.56,77,0,8.17,-0.028,0.983,0.05,79,0,178.57,-3.00,10,0.00,4.20,4.21,4.20,4.21,4.20,4.19,4.21,4.20,33.70,0.0,-30,-30,0.0,0,11,-1024,0,0,667,0,0,1,-1,0,1,-1,-1,-1,-1,-1,-1,0,0,
2026-04-02,17:04:19.290,7.54,100,100,99,-0.026,-0.57,77,0,8.17,-0.029,0.983,0.01,80,0,178.56,-3.00,10,0.00,4.20,4.21,4.20,4.21,4.20,4.19,4.21,4.20,33.70,0.0,-30,-30,0.0,0,12,-1024,0,0,667,0,0,1,-1,0,1,-1,-1,-1,-1,-1,-1,0,0,
2026-04-02,17:04:19.560,7.54,100,100,99,-0.025,-0.57,77,0,8.11,-0.028,0.983,0.00,80,0,178.56,-3.00,10,0.00,4.20,4.21,4.20,4.20,4.20,4.19,4.21,4.20,33.70,0.0,-30,-30,0.0,0,12,-1024,0,0,666,0,0,1,-1,0,1,-1,-1,-1,-1,-1,-1,0,0,
2026-04-02,17:04:19.830,7.54,100,100,99,-0.025,-0.60,77,0,8.13,-0.029,0.983,-0.05,80,0,178.56,-3.01,10,0.00,4.20,4.21,4.20,4.20,4.20,4.19,4.21,4.20,33.70,0.0,-30,-30,0.0,0,12,-1024,0,0,666,0,0,1,-1,0,1,-1,-1,-1,-1,-1,-1,0,0,
2026-04-02,17:04:20.090,7.54,100,100,99,-0.026,-0.62,77,0,8.13,-0.029,0.984,-0.07,80,0,178.56,-3.01,10,0.00,4.20,4.21,4.20,4.20,4.21,4.19,4.21,4.20,33.70,0.0,-30,-30,0.0,0,12,-1024,0,0,667,0,0,1,-1,0,1,-1,-1,-1,-1,-1,-1,0,0,
2026-04-02,17:04:20.360,7.54,100,100,99,-0.025,-0.64,77,0,8.14,-0.028,0.983,-0.05,81,0,178.56,-3.01,10,0.00,4.20,4.21,4.20,4.20,4.21,4.19,4.21,4.20,33.70,0.0,-30,-30,0.0,0,11,-1024,0,0,666,0,0,1,-1,0,1,-1,-1,-1,-1,-1,-1,0,0,
2026-04-02,17:04:20.630,7.54,100,100,99,-0.025,-0.61,77,0,8.15,-0.028,0.983,0.04,81,0,178.56,-3.01,10,0.00,4.20,4.21,4.20,4.20,4.21,4.19,4.21,4.20,33.70,0.0,-30,-30,0.0,0,11,-1024,0,0,666,0,0,1,-1,0,1,-1,-1,-1,-1,-1,-1,0,0,
2026-04-02,17:04:20.890,7.54,100,100,99,-0.025,-0.61,77,0,8.16,-0.028,0.983,0.00,81,0,178.56,-3.01,10,0.00,4.20,4.21,4.19,4.21,4.21,4.19,4.21,4.20,33.70,0.0,-30,-30,0.0,0,12,-1024,0,0,667,0,0,1,-1,0,1,-1,-1,-1,-1,-1,-1,0,0,
2026-04-02,17:04:21.150,7.54,100,100,99,-0.025,-0.57,77,0,8.17,-0.029,0.983,0.06,81,0,178.56,-3.02,10,0.00,4.20,4.21,4.19,4.21,4.20,4.19,4.21,4.20,33.70,0.0,-30,-30,0.0,0,12,-1024,0,0,666,0,0,1,-1,0,1,-1,-1,-1,-1,-1,-1,0,0,
2026-04-02,17:04:21.420,7.54,100,100,100,-0.025,-0.59,77,0,8.17,-0.028,0.983,0.04,80,0,178.56,-3.01,10,0.00,4.20,4.21,4.19,4.21,4.20,4.19,4.21,4.20,33.71,0.0,-30,-30,0.0,0,11,-1024,0,0,667,0,0,1,-1,0,1,-1,-1,-1,-1,-1,-1,0,0,
2026-04-02,17:04:21.690,7.54,100,100,100,-0.025,-0.65,77,0,8.12,-0.029,0.983,-0.14,80,0,178.56,-3.01,10,0.00,4.20,4.21,4.19,4.21,4.20,4.19,4.21,4.20,33.71,0.0,-30,-30,0.0,0,12,-1024,0,0,667,0,0,1,-1,0,1,-1,-1,-1,-1,-1,-1,0,0,
2026-04-02,17:04:21.960,7.54,100,100,100,-0.025,-0.66,77,0,8.15,-0.029,0.984,-0.09,81,0,178.56,-3.01,10,0.00,4.20,4.21,4.20,4.21,4.20,4.19,4.21,4.20,33.71,0.0,-30,-30,0.0,0,12,-1024,0,0,666,0,0,1,-1,0,1,-1,-1,-1,-1,-1,-1,0,0,
2026-04-02,17:04:22.230,7.54,100,100,100,-0.025,-0.63,77,0,8.13,-0.028,0.984,0.02,82,0,178.56,-3.01,10,0.00,4.20,4.21,4.20,4.21,4.20,4.19,4.21,4.20,33.71,0.0,-30,-30,0.0,0,12,-1024,0,0,666,0,0,1,-1,0,1,-1,-1,-1,-1,-1,-1,0,0,
2026-04-02,17:04:22.490,7.54,100,100,100,-0.025,-0.68,77,0,8.16,-0.028,0.983,-0.05,82,0,178.56,-3.01,10,0.00,4.20,4.21,4.20,4.21,4.20,4.19,4.21,4.20,33.71,0.0,-30,-30,0.0,0,12,-1024,0,0,667,0,0,1,-1,0,1,-1,-1,-1,-1,-1,-1,0,0,
2026-04-02,17:04:22.750,7.54,100,100,100,-0.025,-0.65,78,0,8.16,-0.028,0.984,-0.01,83,0,178.56,-3.01,10,0.00,4.20,4.21,4.20,4.21,4.20,4.19,4.21,4.20,33.71,0.0,-30,-30,0.0,0,12,-1021,0,0,666,0,0,1,-1,0,1,-1,-1,-1,-1,-1,-1,0,0,
2026-04-02,17:04:23.010,7.54,100,100,100,-0.025,-0.65,78,0,8.17,-0.028,0.983,0.02,83,0,178.56,-3.02,10,0.00,4.20,4.21,4.20,4.21,4.20,4.19,4.21,4.20,33.71,0.0,-30,-30,0.0,0,11,-828,0,0,667,0,0,1,-1,0,1,-1,-1,-1,-1,-1,-1,0,0,
2026-04-02,17:04:23.280,7.54,100,100,100,-0.018,-0.58,78,0,8.14,-0.027,0.982,0.13,82,0,178.49,-3.04,10,0.00,4.20,4.21,4.20,4.21,4.20,4.19,4.21,4.20,33.71,0.0,-30,-30,0.0,0,11,-737,0,0,666,0,0,1,-1,0,1,-1,-1,-1,-1,-1,-1,0,0,
2026-04-02,17:04:23.550,7.54,100,100,100,-0.015,-0.62,78,0,8.16,-0.024,0.979,-0.05,83,0,178.53,-3.02,10,0.00,4.20,4.21,4.20,4.21,4.20,4.19,4.21,4.20,33.69,2.0,-30,-30,0.0,0,11,-731,0,0,666,0,0,1,-1,0,1,-1,-1,-1,-1,-1,-1,0,0,
2026-04-02,17:04:23.810,7.54,100,100,99,-0.042,-0.65,78,0,8.12,-0.033,0.984,-0.11,83,0,178.52,-3.02,10,0.00,4.20,4.21,4.20,4.21,4.20,4.19,4.21,4.20,33.69,2.0,-30,-30,0.0,0,12,-590,0,0,666,0,0,1,-1,0,1,-1,-1,-1,1,-1,-1,1,0,
2026-04-02,17:04:24.080,7.54,100,100,99,-0.027,-0.73,78,0,8.12,-0.025,0.981,-0.12,82,0,178.51,-3.00,10,0.00,4.19,4.20,4.20,4.21,4.20,4.19,4.21,4.20,33.68,1.8,-30,-30,0.0,0,12,-593,0,0,667,0,0,1,-1,0,1,-1,-1,-1,-1,-1,-1,1,0,
2026-04-02,17:04:24.340,7.54,100,100,99,-0.028,-0.79,78,0,8.13,-0.031,0.981,-0.25,82,0,178.52,-2.97,10,0.00,4.19,4.20,4.20,4.21,4.20,4.19,4.21,4.20,33.68,1.8,-30,-30,0.0,17,12,-371,0,0,667,0,0,1,-1,0,1,-1,-1,-1,-1,-1,-1,1,0,
2026-04-02,17:04:24.600,7.54,100,100,99,-0.026,-0.89,78,0,8.10,-0.018,0.990,-0.26,83,0,178.44,-2.78,10,0.00,4.19,4.20,4.19,4.20,4.20,4.19,4.21,4.20,33.63,3.6,-30,-30,0.0,39,11,-211,0,0,667,0,0,1,-1,0,1,-1,-1,-1,-1,-1,-1,1,0,
2026-04-02,17:04:24.860,7.54,100,100,99,-0.022,-1.05,78,0,8.08,-0.017,0.982,-0.38,83,0,178.42,-2.63,10,0.00,4.19,4.20,4.19,4.20,4.19,4.18,4.21,4.20,33.63,3.6,-30,-30,0.0,167,11,-42,0,0,666,0,0,1,-1,0,1,-1,-1,-1,-1,-1,-1,0,0,
2026-04-02,17:04:25.120,7.54,100,100,99,-0.043,-1.21,78,0,8.08,-0.037,0.974,-0.56,83,0,178.41,-2.44,10,0.00,4.19,4.20,4.19,4.20,4.19,4.18,4.19,4.18,33.50,10.7,-30,-30,0.0,120,-34,33,0,0,666,0,0,1,-1,0,1,-1,-1,-1,-1,-1,-1,0,0,
2026-04-02,17:04:25.380,7.54,100,100,99,-0.032,-1.31,78,0,8.07,-0.029,1.000,-0.42,84,0,178.44,-2.25,10,0.00,4.16,4.17,4.19,4.20,4.19,4.18,4.19,4.18,33.33,17.7,-30,-30,0.0,-23,-169,136,0,0,666,0,0,1,-1,0,1,-1,-1,-1,-1,-1,-1,0,0,
2026-04-02,17:04:25.650,7.54,100,100,99,-0.020,-1.58,78,0,8.03,-0.142,1.018,-0.66,84,0,178.71,-2.39,10,0.00,4.16,4.17,4.15,4.15,4.19,4.18,4.19,4.18,33.33,17.7,-30,-30,0.0,-211,-277,198,0,0,667,0,0,1,-1,0,1,-1,-1,-1,-1,-1,-1,0,0,
2026-04-02,17:04:25.920,7.54,100,100,99,0.041,-1.74,78,0,8.05,-0.170,0.940,-0.69,84,0,178.90,-3.69,10,0.00,4.16,4.17,4.15,4.15,4.14,4.13,4.19,4.18,33.16,23.1,-30,-30,0.0,-204,-320,209,0,0,667,0,0,1,-1,0,1,-1,-1,-1,-1,-1,-1,0,0,
2026-04-02,17:04:26.180,7.54,100,100,99,0.000,-1.90,79,0,8.06,-0.213,1.029,-0.56,84,0,179.38,-5.79,10,0.00,4.16,4.17,4.15,4.15,4.14,4.13,4.19,4.18,33.16,23.1,-30,-30,0.0,0,-334,295,0,0,667,0,0,1,-1,0,1,-1,-1,-1,-1,-1,-1,0,0,
2026-04-02,17:04:26.460,7.54,100,100,99,-0.010,-2.58,79,0,8.10,-0.287,0.920,-1.22,84,0,179.57,-7.14,10,0.00,4.16,4.17,4.15,4.15,4.14,4.13,4.13,4.12,32.90,29.2,-30,-30,0.0,0,-323,405,0,0,666,0,0,1,-1,0,1,-1,-1,-1,-1,-1,-1,0,0,
2026-04-02,17:04:26.730,7.54,100,100,99,0.042,-3.07,78,0,8.13,-0.296,0.960,-1.51,83,0,179.66,-8.33,10,0.00,4.09,4.11,4.15,4.15,4.14,4.13,4.13,4.12,32.90,29.2,-30,-30,10.7,0,-318,508,0,0,666,0,0,1,-1,0,1,-1,-1,-1,-1,-1,-1,0,0,
2026-04-02,17:04:27.010,7.54,100,100,99,0.008,-3.40,76,0,8.13,-0.335,0.978,-1.41,82,0,179.89,-9.41,10,0.00,4.09,4.11,4.08,4.09,4.14,4.13,4.13,4.12,32.56,39.7,-30,-30,12.4,0,-335,633,0,0,667,0,0,1,-1,0,1,-1,-1,-1,-1,-1,-1,0,0,
2026-04-02,17:04:27.290,7.54,100,100,99,0.006,-3.62,75,0,8.11,-0.377,0.909,-1.03,81,0,-165.66,-12.46,10,0.00,4.09,4.11,4.08,4.09,4.06,4.05,4.13,4.12,32.56,39.7,-30,-30,17.8,0,-404,637,0,0,666,0,0,1,-1,0,1,-1,-1,-1,-1,-1,-1,0,0,
2026-04-02,17:04:27.560,7.54,100,100,99,-0.052,-3.97,73,0,8.15,-0.342,0.976,-1.07,81,0,-179.52,-13.51,10,0.00,4.09,4.11,4.08,4.09,4.06,4.05,4.04,4.04,32.25,51.9,-30,-30,17.8,-25,-238,603,0,0,666,0,0,1,-1,0,1,-1,-1,-1,-1,-1,-1,0,0,
2026-04-02,17:04:27.830,7.55,100,100,100,-0.071,-4.02,70,0,8.11,-0.352,1.048,-0.63,76,0,-179.58,-13.80,10,0.00,3.98,4.02,4.08,4.09,4.06,4.05,4.04,4.04,32.25,51.9,-30,-30,19.8,-152,-305,609,0,0,667,0,0,1,-1,0,1,-1,-1,-1,-1,-1,-1,0,0,
2026-04-02,17:04:28.090,7.54,100,100,100,-0.031,-4.21,69,0,8.09,-0.282,0.972,-0.50,76,0,-179.25,-15.09,10,0.00,3.98,4.02,3.98,4.00,4.06,4.05,4.04,4.04,31.98,49.0,-30,-30,22.8,-184,-274,617,0,0,666,0,0,1,-1,0,1,-1,-1,-1,-1,-1,-1,0,0,
2026-04-02,17:04:28.350,7.54,100,100,100,-0.035,-4.49,69,0,8.08,-0.355,0.968,-0.79,75,0,-179.35,-14.95,10,0.00,3.98,4.02,3.98,4.00,3.97,3.96,4.04,4.04,31.98,49.0,-30,-30,26.9,-161,-248,628,0,0,666,0,0,1,-1,0,1,-1,-1,-1,-1,-1,-1,0,0,
2026-04-02,17:04:28.610,7.54,100,100,100,0.003,-4.61,70,0,8.07,-0.296,0.883,-0.69,74,0,-179.55,-15.75,10,0.00,3.98,4.02,3.98,4.00,3.97,3.96,3.97,3.98,31.75,50.6,-30,-30,28.7,-147,-254,676,0,0,667,0,0,1,-1,0,1,-1,-1,-1,-1,-1,-1,0,0,
2026-04-02,17:04:28.870,7.54,100,100,100,0.000,-4.89,69,0,8.07,-0.314,1.025,-0.52,73,0,-179.60,-16.19,10,0.00,3.98,4.02,3.98,4.00,3.97,3.96,3.97,3.98,31.75,55.9,-30,-30,30.7,-42,-297,702,0,0,666,0,0,1,-1,0,1,-1,-1,-1,-1,-1,-1,0,0,
2026-04-02,17:04:29.140,7.54,100,100,100,-0.017,-4.98,63,0,8.07,-0.275,1.158,-0.38,71,0,-179.57,-16.39,10,0.00,3.93,3.97,3.98,4.00,3.97,3.96,3.97,3.98,31.49,55.9,-30,-30,38.2,-119,-354,719,0,0,666,0,0,1,-1,0,1,-1,-1,-1,-1,-1,-1,0,0,
2026-04-02,17:04:29.400,7.54,98,100,100,0.040,-5.15,59,0,8.07,-0.352,0.875,-0.47,69,0,-179.35,-16.89,10,0.00,3.93,3.97,3.93,3.95,3.97,3.96,3.97,3.98,31.25,59.1,-30,-30,38.2,-146,-373,724,0,0,667,0,0,1,-1,0,1,-1,-1,-1,-1,-1,-1,0,0,
2026-04-02,17:04:29.660,7.54,94,100,100,0.025,-5.32,57,0,8.07,-0.362,0.884,-0.54,68,0,-179.30,-18.27,10,0.00,3.93,3.97,3.93,3.95,3.93,3.91,3.97,3.98,31.25,59.1,-30,-30,38.2,-186,-284,724,-59,0,667,0,0,1,-1,0,1,-1,-1,-1,-1,-1,-1,0,0,
2026-04-02,17:04:29.930,7.54,93,100,100,0.048,-5.36,56,0,8.07,-0.289,1.100,-0.35,66,0,-179.76,-18.33,10,0.00,3.93,3.97,3.93,3.95,3.93,3.91,3.92,3.93,31.05,59.3,-30,-30,41.1,-128,-337,724,-23,0,666,0,0,1,-1,0,1,-1,-1,-1,-1,-1,-1,0,0,
2026-04-02,17:04:30.190,7.54,95,100,100,0.062,-5.45,55,0,8.07,-0.319,0.858,-0.24,62,0,-179.77,-18.77,10,0.00,3.87,3.92,3.93,3.95,3.93,3.91,3.92,3.93,31.05,59.3,-30,-30,46.5,-82,-351,724,0,0,666,0,0,1,-1,0,1,-1,-1,-1,-1,-1,-1,0,0,
2026-04-02,17:04:30.460,7.54,97,100,100,0.105,-5.58,54,0,8.07,-0.315,0.854,-0.47,61,0,-179.48,-19.11,10,0.00,3.87,3.92,3.88,3.91,3.93,3.91,3.92,3.93,30.89,59.6,-30,-30,46.5,-58,-361,724,0,0,667,0,0,1,-1,0,1,-1,-1,-1,-1,-1,-1,0,0,
2026-04-02,17:04:30.720,7.54,96,100,100,0.079,-5.63,51,0,8.09,-0.309,0.854,-0.26,58,0,-179.21,-19.26,10,0.00,3.87,3.92,3.88,3.91,3.89,3.87,3.92,3.93,30.89,59.6,-30,-30,49.8,-60,-386,724,0,0,666,0,0,1,-1,0,1,-1,-1,-1,-1,-1,-1,0,0,
2026-04-02,17:04:30.980,7.54,95,100,100,0.043,-5.72,48,0,8.08,-0.301,0.905,-0.23,55,0,-178.87,-18.97,10,0.00,3.87,3.92,3.88,3.91,3.89,3.87,3.92,3.93,30.75,59.1,-30,-30,51.7,-59,-421,723,0,0,666,0,0,1,-1,0,1,-1,-1,-1,-1,-1,-1,0,0,
2026-04-02,17:04:31.250,7.55,93,100,100,0.079,-5.92,47,0,8.07,-0.312,1.026,-0.52,55,0,-178.02,-18.92,10,0.00,3.87,3.92,3.88,3.91,3.89,3.87,3.89,3.91,30.75,59.1,-30,-30,55.4,-102,-482,723,0,0,666,0,0,1,-1,0,1,-1,-1,-1,-1,-1,-1,0,0,
2026-04-02,17:04:31.520,7.55,94,100,100,0.020,-5.92,46,0,8.07,-0.267,1.005,-0.26,54,0,-177.80,-19.26,10,0.00,3.87,3.92,3.88,3.91,3.89,3.87,3.89,3.91,30.65,58.8,-30,-30,57.2,-101,-595,722,0,0,667,0,0,1,-1,0,1,-1,-1,-1,-1,-1,-1,0,0,
2026-04-02,17:04:31.780,7.55,94,100,100,0.014,-6.02,46,0,8.07,-0.303,1.034,-0.26,52,0,-177.77,-21.22,10,0.00,3.87,3.92,3.86,3.89,3.89,3.87,3.89,3.91,30.65,58.8,-30,-30,57.2,-92,-560,722,0,0,667,0,0,1,-1,0,1,-1,-1,-1,-1,-1,-1,0,1,
2026-04-02,17:04:32.050,7.54,97,100,100,0.066,-5.84,45,0,8.12,-0.361,0.940,0.31,52,0,-177.23,-22.90,10,0.00,3.87,3.92,3.86,3.89,3.87,3.86,3.89,3.91,30.54,58.3,-30,-30,59.8,-72,-372,721,-38,0,666,0,0,1,-1,0,1,-1,-1,-1,-1,-1,-1,0,1,
2026-04-02,17:04:32.310,7.54,96,100,100,0.089,-5.72,45,0,8.10,-0.379,0.878,0.25,51,0,-177.47,-25.45,10,0.00,3.87,3.92,3.86,3.89,3.87,3.86,3.88,3.89,30.54,58.3,-30,-30,57.8,-59,-475,722,0,0,666,0,0,1,-1,0,1,-1,-1,-1,-1,-1,-1,0,1,
2026-04-02,17:04:32.570,7.54,94,100,100,0.073,-5.28,45,0,8.08,-0.375,0.942,1.02,49,0,-95.13,-25.46,10,0.00,3.83,3.88,3.86,3.89,3.87,3.86,3.88,3.89,30.47,58.0,-30,-30,62.8,0,-623,773,153,0,667,0,0,1,-1,0,1,-1,-1,-1,-1,-1,-1,0,1,
2026-04-02,17:04:32.830,7.54,93,100,100,0.130,-5.18,45,0,8.08,-0.379,1.042,0.78,47,0,-94.87,-25.24,10,0.00,3.83,3.88,3.85,3.87,3.87,3.86,3.88,3.89,30.47,58.0,-30,-30,63.2,33,-632,838,61,0,666,0,0,1,-1,0,1,-1,-1,-1,-1,-1,-1,0,1,
2026-04-02,17:04:33.100,7.54,91,100,100,0.151,-5.03,45,0,8.07,-0.428,1.102,0.78,45,0,175.74,-28.14,10,0.00,3.83,3.88,3.85,3.87,3.85,3.83,3.88,3.89,30.29,65.0,-30,-30,65.2,22,-460,878,39,0,666,0,0,1,-1,0,1,-1,-1,-1,-1,-1,-1,0,1,
2026-04-02,17:04:33.360,7.54,89,100,100,0.118,-4.87,45,0,8.05,-0.434,1.052,0.55,44,0,167.78,-29.27,10,0.00,3.83,3.88,3.85,3.87,3.85,3.83,3.88,3.89,30.29,73.3,-30,-30,70.0,230,-451,880,482,0,667,0,0,1,-1,0,1,-1,-1,-1,-1,-1,-1,0,1,
2026-04-02,17:04:33.620,7.55,88,100,100,0.066,-4.77,45,0,8.01,-0.373,0.968,0.52,40,0,156.29,-28.10,10,0.00,3.83,3.88,3.85,3.87,3.85,3.83,3.85,3.85,30.11,73.3,-30,-30,76.7,419,-657,880,624,0,666,0,0,1,-1,0,1,-1,-1,-1,-1,-1,-1,0,1,
2026-04-02,17:04:33.880,7.55,89,98,98,0.037,-5.04,45,0,8.05,-0.380,1.037,-0.30,37,0,162.13,-27.73,10,0.00,3.78,3.84,3.85,3.87,3.85,3.83,3.85,3.85,30.11,72.8,-30,-30,76.7,330,-380,886,203,0,667,0,0,1,-1,0,1,-1,-1,-1,-1,-1,-1,0,1,
2026-04-02,17:04:34.140,7.54,91,95,95,0.078,-5.04,45,0,8.06,-0.418,1.102,-0.37,35,0,176.10,-30.33,10,0.00,3.78,3.84,3.79,3.82,3.85,3.83,3.85,3.85,29.97,72.8,-30,-30,75.4,271,-297,890,129,0,666,0,0,1,-1,0,1,-1,-1,-1,-1,-1,-1,0,1,
2026-04-02,17:04:34.400,7.54,90,92,91,0.073,-4.53,45,0,8.06,-0.367,0.978,0.86,34,0,174.20,-30.09,10,0.00,3.78,3.84,3.79,3.82,3.81,3.76,3.85,3.85,29.97,73.5,-30,-30,74.3,371,-445,892,434,0,666,0,0,1,-1,0,1,-1,-1,-1,-1,-1,-1,0,1,
2026-04-02,17:04:34.660,7.54,93,93,90,0.052,-4.20,46,0,8.07,-0.354,0.973,0.86,36,0,172.55,-27.55,10,0.00,3.78,3.84,3.79,3.82,3.81,3.76,3.81,3.81,29.84,73.5,-30,-30,79.5,304,-467,894,139,0,666,0,0,1,-1,0,1,-1,-1,-1,-1,-1,-1,0,1,
2026-04-02,17:04:34.920,7.54,94,94,88,0.051,-4.14,46,0,8.07,-0.387,1.189,0.60,36,0,-151.06,-29.53,10,0.00,3.74,3.80,3.79,3.82,3.81,3.76,3.81,3.81,29.74,73.5,-30,-30,81.5,221,-399,892,46,0,666,0,0,1,-1,0,1,-1,-1,-1,-1,-1,-1,0,1,
2026-04-02,17:04:35.190,7.54,99,99,85,0.051,-3.74,46,0,8.07,-0.389,1.180,0.86,36,0,-177.68,-31.12,10,0.00,3.74,3.80,3.77,3.79,3.81,3.76,3.81,3.81,29.74,73.5,-30,-30,81.7,230,-290,891,154,0,666,0,0,1,-1,0,1,-1,-1,-1,-1,-1,-1,0,1,
2026-04-02,17:04:35.470,7.54,98,98,82,0.044,-3.16,46,0,8.07,-0.352,0.997,1.61,38,0,-173.18,-30.62,10,0.00,3.74,3.80,3.77,3.79,3.79,3.74,3.81,3.81,29.65,72.8,-30,-30,82.8,221,-405,892,0,0,666,0,0,1,-1,0,1,-1,-1,-1,-1,-1,-1,0,1,
2026-04-02,17:04:35.730,7.54,96,96,82,0.029,-2.67,46,0,8.07,-0.349,0.960,1.73,41,0,-171.70,-29.27,10,0.00,3.74,3.80,3.77,3.79,3.79,3.74,3.81,3.81,29.65,72.8,-30,-30,84.3,189,-352,891,-8,0,667,0,0,1,-1,0,1,-1,-1,-1,-1,-1,-1,0,1,
2026-04-02,17:04:35.990,7.54,95,95,82,0.045,-2.44,47,0,8.07,-0.367,1.107,1.19,43,0,-169.83,-29.75,10,0.00,3.74,3.80,3.77,3.79,3.79,3.74,3.80,3.79,29.59,72.3,-30,-30,81.9,124,-280,891,-71,0,667,0,0,1,-1,0,1,-1,-1,-1,-1,-1,-1,0,1,
2026-04-02,17:04:36.250,7.54,96,96,82,0.045,-1.76,47,0,8.07,-0.362,1.013,1.67,46,0,-169.73,-30.52,10,0.00,3.72,3.79,3.77,3.79,3.79,3.74,3.80,3.79,29.59,72.3,-30,-30,81.9,36,-211,891,-193,0,667,0,0,1,-1,0,1,-1,-1,-1,-1,-1,-1,0,1,
2026-04-02,17:04:36.520,7.54,98,98,82,0.046,-0.72,49,0,8.07,-0.351,0.975,2.83,51,0,-173.09,-29.38,10,0.00,3.72,3.79,3.75,3.78,3.79,3.74,3.80,3.79,29.53,72.5,-30,-30,82.0,25,-223,892,-168,0,666,0,0,1,-1,0,1,-1,-1,-1,-1,-1,-1,0,1,
2026-04-02,17:04:36.790,7.54,99,99,82,0.029,0.81,51,0,8.07,-0.340,0.903,3.25,52,0,-174.54,-26.98,10,0.00,3.72,3.79,3.75,3.78,3.78,3.73,3.80,3.79,29.53,72.5,-30,-30,83.7,20,-303,891,-146,0,666,0,0,1,-1,0,1,-1,-1,-1,-1,-1,-1,0,1,
2026-04-02,17:04:37.060,7.54,99,99,82,0.037,1.59,51,0,8.07,-0.337,1.017,2.49,52,0,-173.89,-26.87,10,0.00,3.72,3.79,3.75,3.78,3.78,3.73,3.79,3.78,29.48,72.2,-30,-30,83.3,0,-235,890,-272,0,666,0,0,1,-1,0,1,-1,-1,-1,-1,-1,-1,0,1,
2026-04-02,17:04:37.320,7.54,100,100,82,0.039,2.44,52,0,8.07,-0.343,0.947,2.82,54,0,-174.13,-26.85,10,0.00,3.71,3.78,3.75,3.78,3.78,3.73,3.79,3.78,29.48,72.2,-30,-30,82.4,-53,-241,890,-358,0,666,0,0,1,-1,0,1,-1,-1,-1,-1,-1,-1,0,1,
2026-04-02,17:04:37.590,7.54,99,99,82,0.044,3.33,50,0,8.07,-0.331,0.923,2.94,53,0,153.32,-26.71,10,0.00,3.71,3.78,3.74,3.76,3.78,3.73,3.79,3.78,29.45,72.0,-30,-30,86.3,-59,-263,890,-302,0,666,0,0,1,-1,0,1,-1,-1,-1,-1,-1,-1,0,1,
2026-04-02,17:04:37.850,7.54,95,95,83,0.013,4.11,46,0,8.07,-0.331,0.895,2.90,51,0,173.00,-26.74,10,0.00,3.71,3.78,3.74,3.76,3.78,3.73,3.79,3.78,29.45,72.0,-30,-30,88.3,-53,-330,891,-216,0,666,0,0,1,-1,0,1,-1,-1,-1,-1,-1,-1,0,1,
2026-04-02,17:04:38.110,7.54,91,91,86,0.003,5.21,41,0,8.07,-0.325,1.173,3.20,50,0,172.28,-28.14,10,0.00,3.71,3.78,3.74,3.76,3.78,3.72,3.79,3.78,29.42,71.3,-30,-30,88.2,-33,-377,892,-122,0,666,0,0,1,-1,0,1,-1,-1,-1,-1,-1,-1,0,1,
2026-04-02,17:04:38.390,7.53,84,90,90,0.027,5.21,40,0,8.07,-0.345,1.216,3.20,48,0,175.19,-29.03,10,0.00,3.71,3.78,3.74,3.76,3.78,3.72,3.78,3.78,29.42,71.2,-30,-30,88.2,-32,-237,892,-253,0,666,0,0,1,-1,0,1,-1,-1,-1,-1,-1,-1,0,1,
2026-04-02,17:04:38.650,7.54,82,91,91,0.033,7.57,38,0,8.07,-0.312,0.954,3.92,46,0,169.35,-29.70,10,0.00,3.71,3.78,3.74,3.76,3.78,3.72,3.78,3.78,29.38,71.2,-30,-30,86.5,-41,-291,892,-280,0,666,0,0,1,-1,0,1,-1,-1,-1,-1,-1,-1,0,1,
2026-04-02,17:04:38.910,7.54,84,93,93,0.023,8.68,39,0,8.07,-0.311,0.969,3.86,49,0,160.59,-28.69,10,0.00,3.71,3.78,3.74,3.76,3.78,3.72,3.78,3.78,29.38,71.1,-30,-30,87.8,-36,-375,891,-149,0,666,0,0,1,-1,0,1,-1,-1,-1,-1,-1,-1,0,1,
2026-04-02,17:04:39.170,7.53,93,96,96,0.018,9.71,40,0,8.07,-0.315,1.017,3.68,51,0,158.28,-29.12,10,0.00,3.71,3.78,3.74,3.76,3.77,3.72,3.78,3.78,29.36,71.1,-30,-30,89.1,0,-465,892,0,0,666,0,0,1,-1,0,1,-1,-1,-1,-1,-1,-1,0,1,
2026-04-02,17:04:39.430,7.54,96,99,99,0.033,10.80,42,0,8.07,-0.370,1.219,3.72,52,0,157.14,-31.86,10,0.00,3.71,3.78,3.74,3.76,3.77,3.72,3.77,3.77,29.33,71.3,-30,-30,85.2,0,-510,891,0,0,666,0,0,1,-1,0,1,-1,-1,-1,-1,-1,-1,0,1,
2026-04-02,17:04:39.690,7.53,97,98,98,0.065,12.16,43,0,8.07,-0.380,1.266,4.18,51,0,153.52,-33.32,10,0.00,3.70,3.77,3.74,3.76,3.77,3.72,3.77,3.77,29.33,71.3,-30,-30,80.7,0,-522,890,1,0,666,0,0,1,-1,0,1,-1,-1,-1,-1,-1,-1,0,1,
2026-04-02,17:04:39.950,7.54,97,98,98,0.050,13.66,47,0,8.07,-0.386,1.207,4.86,47,0,141.43,-35.33,10,0.00,3.70,3.77,3.74,3.76,3.77,3.72,3.77,3.77,29.29,71.7,-30,-30,79.5,68,-550,892,247,0,667,0,0,1,-1,0,1,-1,-1,-1,-1,-1,-1,0,1,
2026-04-02,17:04:40.230,7.53,100,100,98,0.062,14.90,49,0,8.07,-0.400,1.279,4.59,53,0,138.53,-36.01,10,0.00,3.70,3.77,3.73,3.75,3.77,3.72,3.77,3.77,29.29,71.7,-30,-30,79.3,98,-576,893,250,0,666,0,0,1,-1,0,1,-1,-1,-1,-1,-1,-1,0,1,
2026-04-02,17:04:40.490,7.54,99,99,98,0.047,16.34,48,0,8.07,-0.400,1.231,4.80,56,0,133.83,-35.19,10,0.00,3.70,3.77,3.73,3.75,3.76,3.71,3.77,3.77,29.27,72.1,-30,-30,79.3,108,-622,893,338,0,666,0,0,1,-1,0,1,-1,-1,-1,-1,-1,-1,0,1,
2026-04-02,17:04:40.750,7.54,97,98,98,0.062,18.58,45,0,8.07,-0.378,1.278,4.80,59,0,126.91,-33.40,10,0.00,3.70,3.77,3.73,3.75,3.76,3.71,3.76,3.76,29.27,72.1,-30,-30,81.7,126,-562,891,325,0,667,0,0,1,-1,0,1,-1,-1,-1,-1,-1,-1,0,1,
2026-04-02,17:04:41.030,7.54,93,98,98,0.056,19.46,42,0,8.07,-0.378,1.224,3.53,60,0,122.79,-32.43,10,0.00,3.69,3.76,3.73,3.75,3.76,3.71,3.76,3.76,29.25,71.7,-30,-30,81.1,141,-545,889,512,0,666,0,0,1,-1,0,1,-1,-1,-1,-1,-1,-1,0,1,
2026-04-02,17:04:41.300,7.54,89,98,98,0.046,19.46,40,0,8.04,-0.356,1.125,3.08,60,0,119.20,-29.77,10,0.00,3.69,3.76,3.72,3.74,3.76,3.71,3.76,3.76,29.25,71.7,-30,-30,81.7,253,-577,890,570,0,666,0,0,1,-1,0,1,-1,-1,-1,-1,-1,-1,0,1,
2026-04-02,17:04:41.560,7.54,84,98,98,0.047,20.82,39,0,8.04,-0.356,1.228,3.08,59,0,125.93,-26.46,10,0.00,3.69,3.76,3.72,3.74,3.76,3.70,3.76,3.76,29.23,71.2,-30,-30,83.3,281,-627,890,576,0,666,0,0,1,-1,0,1,-1,-1,-1,-1,-1,-1,0,1,
2026-04-02,17:04:41.820,7.54,78,98,98,0.048,20.82,39,0,8.04,-0.346,1.193,2.10,59,0,129.39,-25.10,10,0.00,3.69,3.76,3.72,3.74,3.76,3.70,3.76,3.76,29.23,71.2,-30,-30,83.3,228,-574,891,305,0,666,0,0,1,-1,0,1,-1,-1,-1,-1,-1,-1,0,1,
2026-04-02,17:04:42.080,7.54,69,97,97,0.038,21.84,37,0,8.05,-0.350,1.270,1.88,60,0,131.08,-24.51,10,0.00,3.69,3.76,3.72,3.74,3.76,3.70,3.76,3.76,29.22,71.1,-30,-30,85.0,202,-618,887,518,0,667,0,0,1,-1,0,1,-1,-1,-1,-1,-1,-1,0,1,
2026-04-02,17:04:42.350,7.54,61,98,98,0.024,22.07,36,0,8.06,-0.342,1.270,1.88,61,0,131.64,-24.99,10,0.00,3.68,3.76,3.72,3.74,3.76,3.70,3.76,3.76,29.22,71.1,-30,-30,85.2,203,-619,863,465,0,666,0,0,1,-1,0,1,-1,-1,-1,-1,-1,-1,0,1,
2026-04-02,17:04:42.630,7.54,63,98,98,0.050,22.45,35,0,8.07,-0.355,1.299,1.88,62,0,136.14,-25.15,10,0.00,3.68,3.76,3.72,3.74,3.76,3.70,3.76,3.76,29.22,71.1,-30,-30,84.1,196,-554,772,444,0,667,0,0,1,-1,0,1,-1,-1,-1,-1,-1,-1,0,1,
2026-04-02,17:04:42.890,7.54,72,98,98,0.051,22.87,35,0,8.07,-0.303,1.179,1.41,62,0,139.84,-24.97,10,0.00,3.68,3.76,3.72,3.74,3.76,3.70,3.76,3.76,29.31,71.1,-30,-30,84.1,188,-437,767,300,0,667,0,0,1,-1,0,1,-1,-1,-1,-1,-1,-1,0,1,
2026-04-02,17:04:43.160,7.54,87,98,98,0.040,23.28,37,0,8.11,-0.270,1.067,1.39,61,0,137.73,-24.23,10,0.00,3.68,3.76,3.72,3.74,3.76,3.70,3.77,3.76,29.31,71.1,-30,-30,85.4,207,-410,678,434,0,666,0,0,1,-1,0,1,-1,-1,-1,-1,-1,-1,0,1,
2026-04-02,17:04:43.430,7.54,94,98,98,0.018,23.55,42,0,8.08,-0.242,1.103,1.15,61,0,148.61,-22.26,10,0.00,3.71,3.78,3.72,3.74,3.76,3.70,3.77,3.76,29.47,49.8,-30,-30,86.3,206,-494,676,560,0,666,0,0,1,-1,0,1,-1,-1,-1,-1,-1,-1,0,1,
2026-04-02,17:04:43.710,7.54,100,100,98,0.038,24.14,44,0,8.08,-0.248,1.041,1.05,61,0,156.59,-21.62,10,0.00,3.71,3.78,3.76,3.78,3.76,3.70,3.77,3.76,29.47,49.8,-30,-30,88.0,167,-270,676,71,0,666,0,0,1,-1,0,1,-1,-1,-1,-1,-1,-1,0,1,
2026-04-02,17:04:43.980,7.54,100,100,98,0.050,24.46,45,0,8.10,-0.244,0.960,1.07,62,0,166.33,-20.66,10,0.00,3.71,3.78,3.76,3.78,3.80,3.75,3.77,3.76,29.58,50.0,-30,-30,86.5,81,5,678,0,0,667,0,0,1,-1,0,1,-1,-1,-1,-1,-1,-1,0,1,
2026-04-02,17:04:44.240,7.54,100,100,98,0.019,24.85,46,0,8.08,-0.195,0.641,1.20,62,0,162.86,-16.41,10,0.00,3.71,3.78,3.76,3.78,3.80,3.75,3.81,3.81,29.58,50.0,-30,-30,87.0,61,-280,677,117,0,666,0,0,1,-1,0,1,-1,-1,-1,-1,-1,-1,0,1,
2026-04-02,17:04:44.510,7.54,100,100,98,-0.001,24.84,48,0,8.08,-0.195,0.663,0.65,61,0,164.07,-14.22,10,0.00,3.75,3.82,3.76,3.78,3.80,3.75,3.81,3.81,29.68,50.1,-30,-30,89.5,106,-431,678,288,0,667,0,0,1,-1,0,1,-1,-1,-1,-1,-1,-1,0,1,
2026-04-02,17:04:44.790,7.54,100,100,98,0.000,24.88,48,0,8.07,-0.250,1.192,0.22,59,0,175.21,-16.60,10,0.00,3.75,3.82,3.76,3.78,3.80,3.75,3.81,3.81,29.68,50.1,-30,-30,90.2,50,-328,677,43,0,666,0,0,1,-1,0,1,-1,-1,-1,-1,-1,-1,0,1,
2026-04-02,17:04:45.050,7.54,99,99,98,0.041,25.27,47,0,8.09,-0.249,1.108,0.72,59,0,97.23,-19.13,10,0.00,3.75,3.82,3.76,3.78,3.80,3.75,3.81,3.81,29.75,50.0,-30,-30,87.2,0,-135,677,0,0,666,0,0,1,-1,0,1,-1,-1,-1,-1,-1,-1,0,1,
2026-04-02,17:04:45.310,7.54,98,98,97,0.036,25.75,47,0,8.08,-0.211,0.862,1.39,57,0,176.34,-17.13,10,0.00,3.75,3.82,3.76,3.78,3.81,3.76,3.81,3.81,29.75,50.0,-30,-30,89.6,0,-264,676,0,0,667,0,0,1,-1,0,1,-1,-1,-1,-1,-1,-1,0,1,
2026-04-02,17:04:45.570,7.54,97,97,97,0.045,25.86,47,0,8.07,-0.175,0.782,0.96,55,0,174.41,-14.26,10,0.00,3.75,3.82,3.76,3.78,3.81,3.76,3.82,3.82,29.81,50.1,-30,-30,89.6,0,-311,573,0,0,666,0,0,1,-1,0,1,-1,-1,-1,-1,-1,-1,0,1,
2026-04-02,17:04:45.830,7.54,97,98,98,0.042,25.84,47,0,8.07,-0.169,0.961,0.21,55,0,172.00,-15.20,10,0.00,3.76,3.82,3.76,3.78,3.81,3.76,3.82,3.82,29.81,50.1,-30,-30,89.6,0,-248,524,0,0,667,0,0,1,-1,0,1,-1,-1,-1,-1,-1,-1,0,1,
2026-04-02,17:04:46.090,7.54,98,98,98,0.023,26.12,47,0,8.07,-0.144,0.850,0.59,54,0,167.97,-14.94,10,0.00,3.76,3.82,3.80,3.83,3.81,3.76,3.82,3.82,29.97,40.0,-30,-30,90.0,0,-259,511,0,0,666,0,0,1,-1,0,1,-1,-1,-1,-1,-1,-1,0,1,
2026-04-02,17:04:46.360,7.54,99,99,98,0.017,26.49,47,0,8.07,-0.135,0.787,1.06,51,0,168.30,-13.96,10,0.00,3.76,3.82,3.80,3.83,3.83,3.79,3.82,3.82,29.97,40.0,-30,-30,90.2,0,-379,510,166,0,666,0,0,1,-1,0,1,-1,-1,-1,-1,-1,-1,0,1,
2026-04-02,17:04:46.630,7.54,98,98,98,0.004,26.84,47,0,8.07,-0.156,1.048,0.60,51,0,171.99,-14.75,10,0.00,3.76,3.82,3.80,3.83,3.83,3.79,3.85,3.85,30.10,37.1,-30,-30,91.5,0,-392,510,124,0,667,0,0,1,-1,0,1,-1,-1,-1,-1,-1,-1,0,1,
2026-04-02,17:04:46.890,7.54,98,98,98,0.028,26.90,47,0,8.07,-0.164,1.066,0.42,51,0,176.16,-15.00,10,0.00,3.81,3.86,3.80,3.83,3.83,3.79,3.85,3.85,30.10,36.8,-30,-30,91.3,0,-383,510,164,0,666,0,0,1,-1,0,1,-1,-1,-1,-1,-1,-1,0,1,
2026-04-02,17:04:47.160,7.54,96,97,97,0.041,26.88,47,0,8.07,-0.155,1.018,0.14,49,0,175.05,-14.92,10,0.00,3.81,3.86,3.80,3.83,3.83,3.79,3.85,3.85,30.21,36.8,-30,-30,90.4,0,-337,510,108,0,666,0,0,1,-1,0,1,-1,-1,-1,-1,-1,-1,0,1,
2026-04-02,17:04:47.420,7.54,97,97,97,0.010,26.88,46,0,8.07,-0.161,1.043,0.00,49,0,172.84,-13.87,10,0.00,3.81,3.86,3.84,3.86,3.83,3.79,3.85,3.85,30.28,36.8,-30,-30,90.4,0,-336,510,43,0,667,0,0,1,-1,0,1,-1,-1,-1,-1,-1,-1,0,1,
2026-04-02,17:04:47.680,7.54,97,98,98,0.019,26.86,46,0,8.07,-0.142,0.904,0.01,51,0,173.53,-12.92,10,0.00,3.81,3.86,3.84,3.86,3.86,3.83,3.85,3.85,30.28,36.8,-30,-30,90.4,0,-366,510,15,0,666,0,0,1,-1,0,1,-1,-1,-1,-1,-1,-1,0,1,
2026-04-02,17:04:47.940,7.54,96,98,98,0.016,26.84,46,0,8.07,-0.149,1.008,-0.09,52,0,173.65,-12.85,10,0.00,3.81,3.86,3.84,3.86,3.86,3.83,3.86,3.86,30.35,36.8,-30,-30,91.3,0,-430,510,25,0,667,0,0,1,-1,0,1,-1,-1,-1,-1,-1,-1,0,1,
2026-04-02,17:04:48.210,7.54,96,98,98,0.009,26.85,45,0,8.07,-0.163,1.085,-0.03,52,0,173.27,-14.18,10,0.00,3.82,3.87,3.84,3.86,3.86,3.83,3.86,3.86,30.35,36.8,-30,-30,92.0,0,-403,510,26,0,667,0,0,1,-1,0,1,-1,-1,-1,-1,-1,-1,0,1,
2026-04-02,17:04:48.480,7.54,94,98,98,-0.004,26.81,45,0,8.07,-0.163,1.104,-0.05,54,0,172.78,-15.08,10,0.00,3.82,3.87,3.85,3.87,3.86,3.83,3.86,3.86,30.37,36.9,-30,-30,91.7,0,-369,612,151,0,666,0,0,1,-1,0,1,-1,-1,-1,-1,-1,-1,0,1,
2026-04-02,17:04:48.750,7.54,93,98,98,0.020,26.72,45,0,8.07,-0.208,0.988,-0.23,55,0,177.45,-15.18,10,0.00,3.82,3.87,3.85,3.87,3.86,3.83,3.86,3.86,30.37,36.9,-30,-30,89.5,0,-368,618,34,0,667,0,0,1,-1,0,1,-1,-1,-1,-1,-1,-1,0,1,
2026-04-02,17:04:49.010,7.54,91,98,98,0.032,26.64,44,0,8.07,-0.203,0.985,-0.24,54,0,179.57,-14.76,10,0.00,3.82,3.87,3.85,3.87,3.86,3.83,3.86,3.86,30.35,45.7,-30,-30,88.9,0,-389,606,-163,0,666,0,0,1,-1,0,1,-1,-1,-1,-1,-1,-1,0,1,
2026-04-02,17:04:49.290,7.54,92,99,99,0.042,26.70,43,0,8.07,-0.204,1.077,-0.18,56,0,173.70,-16.26,10,0.00,3.81,3.86,3.85,3.87,3.86,3.83,3.86,3.86,30.35,45.7,-30,-30,89.6,0,-423,597,-339,0,666,0,0,1,-1,0,1,-1,-1,-1,-1,-1,-1,0,1,
2026-04-02,17:04:49.550,7.54,91,99,99,0.042,26.87,42,0,8.07,-0.213,1.131,0.36,58,0,162.22,-19.04,10,0.00,3.81,3.86,3.85,3.87,3.86,3.83,3.86,3.86,30.36,43.6,-30,-30,89.3,0,-515,597,0,0,666,0,0,1,-1,0,1,-1,-1,-1,-1,-1,-1,0,1,
2026-04-02,17:04:49.810,7.53,87,99,99,-0.025,27.15,40,0,8.07,-0.225,1.194,0.71,59,0,162.22,-19.04,10,0.00,3.81,3.86,3.83,3.85,3.86,3.83,3.86,3.86,30.36,43.6,-30,-30,89.3,0,-547,596,0,0,666,0,0,1,-1,0,1,-1,-1,-1,-1,-1,-1,0,1,
2026-04-02,17:04:50.070,7.54,81,99,99,-0.005,27.60,38,0,8.07,-0.268,1.310,1.21,60,0,170.79,-24.19,10,0.00,3.81,3.86,3.83,3.85,3.84,3.81,3.86,3.86,30.35,43.8,-30,-30,87.4,-9,-534,597,-121,0,666,0,0,1,-1,0,1,-1,-1,-1,-1,-1,-1,0,1,
2026-04-02,17:04:50.330,7.54,76,99,99,0.019,27.90,38,0,8.07,-0.253,1.242,1.18,62,0,171.97,-24.94,10,0.00,3.81,3.86,3.83,3.85,3.84,3.81,3.86,3.86,30.35,43.8,-30,-30,85.6,-73,-501,597,-270,0,667,0,0,1,-1,0,1,-1,-1,-1,-1,-1,-1,0,1,
2026-04-02,17:04:50.590,7.54,81,99,99,0.028,28.21,40,0,8.07,-0.245,1.174,1.06,62,0,159.19,-27.24,10,0.00,3.80,3.85,3.83,3.85,3.84,3.81,3.86,3.86,30.33,44.1,-30,-30,84.6,-75,-525,597,-196,0,666,0,0,1,-1,0,1,-1,-1,-1,-1,-1,-1,0,1,
2026-04-02,17:04:50.850,7.54,87,99,99,0.011,28.59,43,0,8.07,-0.247,1.228,1.21,63,0,150.26,-28.57,10,0.00,3.80,3.85,3.82,3.85,3.84,3.81,3.86,3.86,30.33,44.1,-30,-30,85.2,-58,-612,596,0,0,666,0,0,1,-1,0,1,-1,-1,-1,-1,-1,-1,0,1,
2026-04-02,17:04:51.120,7.54,92,100,100,-0.015,29.00,44,0,8.07,-0.251,1.374,1.31,60,0,143.19,-31.11,10,0.00,3.80,3.85,3.82,3.85,3.84,3.81,3.86,3.86,30.33,44.0,-30,-30,87.2,-39,-659,595,0,0,666,0,0,1,-1,0,1,-1,-1,-1,-1,-1,-1,0,1,
2026-04-02,17:04:51.400,7.54,93,100,100,0.026,29.00,46,0,8.07,-0.274,1.401,1.62,62,0,140.28,-32.82,10,0.00,3.80,3.85,3.82,3.85,3.84,3.81,3.85,3.84,30.33,44.1,-30,-30,84.3,-36,-670,595,0,0,666,0,0,1,-1,0,1,-1,-1,-1,-1,-1,-1,0,1,
2026-04-02,17:04:51.660,7.53,95,100,100,0.022,30.00,48,0,8.07,-0.285,1.422,1.60,63,0,134.15,-33.76,10,0.00,3.80,3.85,3.82,3.85,3.84,3.81,3.85,3.84,30.33,44.1,-30,-30,83.2,-42,-650,595,0,0,666,0,0,1,-1,0,1,-1,-1,-1,-1,-1,-1,0,1,
2026-04-02,17:04:51.930,7.54,98,100,100,0.018,31.12,48,0,8.07,-0.275,1.283,1.83,62,0,121.38,-32.60,10,0.00,3.80,3.85,3.82,3.85,3.84,3.81,3.85,3.84,30.31,44.5,-30,-30,80.7,-29,-694,595,140,0,666,0,0,1,-1,0,1,-1,-1,-1,-1,-1,-1,0,1,
2026-04-02,17:04:52.200,7.54,97,100,100,0.012,31.51,47,0,8.07,-0.283,1.351,1.64,63,0,116.50,-31.00,10,0.00,3.80,3.85,3.82,3.85,3.84,3.81,3.85,3.84,30.31,44.5,-30,-30,80.7,0,-710,596,109,0,667,0,0,1,-1,0,1,-1,-1,-1,-1,-1,-1,0,1,
2026-04-02,17:04:52.460,7.54,95,100,100,0.020,31.70,45,0,8.07,-0.283,1.447,1.11,64,0,113.32,-26.33,10,0.00,3.80,3.85,3.82,3.85,3.84,3.81,3.85,3.84,30.30,44.5,-30,-30,80.7,0,-704,596,117,0,666,0,0,1,-1,0,1,-1,-1,-1,-1,-1,-1,0,1,
2026-04-02,17:04:52.720,7.54,91,100,100,0.032,31.71,44,0,8.07,-0.267,1.347,0.46,65,0,104.31,-19.30,10,0.00,3.80,3.85,3.82,3.85,3.84,3.81,3.85,3.84,30.30,44.5,-30,-30,80.7,52,-647,596,398,0,667,0,0,1,-1,0,1,-1,-1,-1,-1,-1,-1,0,1,
2026-04-02,17:04:52.980,7.54,91,100,100,0.022,31.64,46,0,8.05,-0.251,1.258,0.08,66,0,99.26,-15.32,10,0.00,3.80,3.84,3.82,3.85,3.84,3.81,3.85,3.84,30.29,44.1,-30,-30,82.4,178,-678,597,658,0,666,0,0,1,-1,0,1,-1,-1,-1,-1,-1,-1,0,1,
2026-04-02,17:04:53.240,7.54,91,100,100,0.019,31.21,48,0,8.04,-0.208,1.144,-0.71,70,0,100.37,-7.48,10,0.00,3.80,3.84,3.82,3.84,3.84,3.81,3.85,3.84,30.29,44.1,-30,-30,84.6,289,-675,598,702,0,666,0,0,1,-1,0,1,-1,-1,-1,-1,-1,-1,0,1,
2026-04-02,17:04:53.500,7.54,94,100,100,0.017,30.35,50,0,8.04,-0.197,1.106,-2.03,71,0,104.94,-4.30,10,0.00,3.80,3.84,3.82,3.84,3.83,3.80,3.85,3.84,30.29,44.1,-30,-30,88.3,275,-660,599,494,0,666,0,0,1,-1,0,1,-1,-1,-1,-1,-1,-1,0,1,
2026-04-02,17:04:53.760,7.54,96,100,100,0.008,29.19,51,0,8.05,-0.187,1.174,-3.17,73,0,110.76,-1.35,10,0.00,3.80,3.84,3.82,3.84,3.83,3.80,3.85,3.84,30.29,44.1,-30,-30,91.9,278,-748,599,641,0,666,0,0,1,-1,0,1,-1,-1,-1,-1,-1,-1,0,1,
2026-04-02,17:04:54.030,7.54,97,100,100,-0.062,27.69,52,0,8.02,-0.203,1.192,-4.36,73,0,112.24,-1.72,10,0.00,3.80,3.84,3.82,3.84,3.83,3.80,3.84,3.84,30.29,43.3,-30,-30,93.0,345,-639,598,699,0,666,0,0,1,-1,0,1,-1,-1,-1,-1,-1,-1,0,1,
2026-04-02,17:04:54.290,7.54,98,100,100,-0.034,26.14,52,0,8.02,-0.203,1.455,-5.05,70,0,135.32,-2.37,10,0.00,3.80,3.84,3.82,3.84,3.83,3.80,3.84,3.84,30.29,43.3,-30,-30,93.0,213,-486,598,0,0,666,0,0,1,-1,0,1,-1,-1,-1,-1,-1,-1,0,1,
2026-04-02,17:04:54.550,7.54,96,100,100,0.024,24.44,52,0,8.04,-0.147,1.218,-5.48,68,0,145.05,-1.34,10,0.00,3.80,3.84,3.82,3.85,3.83,3.80,3.84,3.84,30.29,42.7,-30,-30,94.8,0,-512,597,-198,0,667,0,0,1,-1,0,1,-1,-1,-1,-1,-1,-1,0,1,
2026-04-02,17:04:54.810,7.54,97,100,100,-0.003,22.47,52,0,8.06,-0.165,1.382,-6.17,68,0,137.87,-2.98,10,0.00,3.80,3.84,3.82,3.85,3.83,3.80,3.84,3.84,30.29,42.7,-30,-30,99.1,5,-645,597,0,0,667,0,0,1,-1,0,1,-1,-1,-1,-1,-1,-1,0,1,
2026-04-02,17:04:55.080,7.54,97,100,100,-0.062,20.56,52,0,8.06,-0.179,1.657,-6.65,69,0,131.54,-7.19,10,0.00,3.80,3.84,3.82,3.85,3.83,3.80,3.85,3.84,30.30,41.6,-30,-30,102.0,0,-538,600,-27,0,666,0,0,1,-1,0,1,-1,-1,-1,-1,-1,-1,0,1,
2026-04-02,17:04:55.340,7.54,99,100,100,-0.068,17.70,53,0,8.07,-0.161,1.656,-5.16,69,0,133.04,-8.33,10,0.00,3.80,3.85,3.82,3.85,3.83,3.80,3.85,3.84,30.30,41.6,-30,-30,102.0,0,-382,643,-189,0,667,0,0,1,-1,0,1,-1,-1,-1,-1,-1,-1,0,1,
2026-04-02,17:04:55.600,7.54,99,99,99,-0.047,16.28,55,0,8.07,-0.118,1.124,-4.76,71,0,133.71,-6.35,10,0.00,3.80,3.85,3.83,3.85,3.83,3.80,3.85,3.84,30.28,42.7,-30,-30,105.6,0,-404,698,-171,0,667,0,0,1,-1,0,1,-1,-1,-1,-1,-1,-1,0,1,
2026-04-02,17:04:55.870,7.54,100,100,99,-0.050,14.68,56,0,8.04,-0.136,1.585,-5.24,73,0,129.15,-6.28,10,0.00,3.80,3.85,3.83,3.85,3.83,3.80,3.85,3.84,30.28,42.7,-30,-30,109.5,0,-578,695,0,0,667,0,0,1,-1,0,1,-1,-1,-1,-1,-1,-1,0,1,
2026-04-02,17:04:56.140,7.54,100,100,99,-0.069,13.34,57,0,8.06,-0.130,1.504,-5.04,78,0,128.13,-6.43,10,0.00,3.80,3.85,3.83,3.85,3.83,3.80,3.85,3.84,30.24,42.7,-30,-30,108.7,0,-496,687,-51,0,667,0,0,1,-1,0,1,-1,-1,-1,-1,-1,-1,0,1,
2026-04-02,17:04:56.410,7.54,99,99,99,-0.033,13.34,57,0,8.06,-0.161,1.582,-4.42,80,0,126.00,-7.35,10,0.00,3.80,3.85,3.83,3.85,3.83,3.80,3.84,3.83,30.22,47.5,-30,-30,108.7,0,-503,680,-32,0,667,0,0,1,-1,0,1,-1,-1,-1,-1,-1,-1,0,1,
2026-04-02,17:04:56.670,7.54,96,99,99,-0.052,11.24,55,0,8.07,-0.149,1.586,-3.79,81,0,123.13,-6.85,10,0.00,3.79,3.84,3.83,3.85,3.83,3.80,3.84,3.83,30.22,47.5,-30,-30,105.2,0,-601,677,0,0,666,0,0,1,-1,0,1,-1,-1,-1,-1,-1,-1,0,1,
2026-04-02,17:04:56.930,7.54,96,99,99,-0.062,10.40,56,0,8.02,-0.144,1.614,-3.33,77,0,119.85,-5.47,10,0.00,3.79,3.84,3.81,3.83,3.83,3.80,3.84,3.83,30.21,46.6,-30,-30,108.5,0,-656,675,0,0,666,0,0,1,-1,0,1,-1,-1,-1,-1,-1,-1,0,1,
2026-04-02,17:04:57.190,7.54,97,99,99,-0.041,9.83,58,0,8.04,-0.172,1.666,-2.55,73,0,116.22,-5.20,10,0.00,3.79,3.84,3.81,3.83,3.82,3.79,3.84,3.83,30.21,46.6,-30,-30,106.5,0,-655,674,0,0,666,0,0,1,-1,0,1,-1,-1,-1,-1,-1,-1,0,1,
2026-04-02,17:04:57.460,7.54,100,100,98,-0.066,9.40,61,0,8.04,-0.180,1.657,-1.97,67,0,113.83,-5.08,10,0.00,3.79,3.84,3.81,3.83,3.82,3.79,3.83,3.82,30.18,47.1,-30,-30,103.0,0,-741,673,127,0,667,0,0,1,-1,0,1,-1,-1,-1,-1,-1,-1,0,1,
2026-04-02,17:04:57.720,7.54,100,100,98,-0.052,9.10,61,0,8.05,-0.203,1.795,-1.33,62,0,113.57,-4.92,10,0.00,3.78,3.83,3.81,3.83,3.82,3.79,3.83,3.82,30.18,47.1,-30,-30,102.2,5,-711,673,238,0,666,0,0,1,-1,0,1,-1,-1,-1,-1,-1,-1,0,1,
2026-04-02,17:04:57.980,7.54,100,100,98,-0.035,8.93,60,0,8.06,-0.225,1.858,-0.91,66,0,114.51,-4.21,10,0.00,3.78,3.83,3.80,3.83,3.82,3.79,3.83,3.82,30.16,47.7,-30,-30,99.6,119,-713,675,437,0,666,0,0,1,-1,0,1,-1,-1,-1,-1,-1,-1,0,1,
2026-04-02,17:04:58.250,7.54,99,99,98,-0.022,8.91,57,0,8.02,-0.206,1.633,-0.03,69,0,112.90,-0.78,10,0.00,3.78,3.83,3.80,3.83,3.82,3.79,3.83,3.82,30.16,47.7,-30,-30,98.9,293,-694,681,652,0,666,0,0,1,-1,0,1,-1,-1,-1,-1,-1,-1,0,1,
2026-04-02,17:04:58.510,7.54,98,98,98,-0.024,8.60,56,0,8.04,-0.172,1.433,-0.63,74,0,114.04,1.37,10,0.00,3.78,3.83,3.80,3.83,3.82,3.79,3.83,3.82,30.12,48.3,-30,-30,98.9,336,-752,682,651,0,666,0,0,1,-1,0,1,-1,-1,-1,-1,-1,-1,0,1,
2026-04-02,17:04:58.770,7.54,97,98,98,-0.039,8.02,52,0,8.02,-0.165,1.373,-1.42,77,0,120.52,3.18,10,0.00,3.78,3.83,3.80,3.83,3.82,3.79,3.83,3.81,30.12,48.3,-30,-30,99.3,359,-733,682,899,0,666,0,0,1,-1,0,1,-1,-1,-1,-1,-1,-1,0,1,
2026-04-02,17:04:59.050,7.54,98,98,97,-0.071,7.52,55,0,8.02,-0.187,1.443,-1.64,70,0,143.89,2.04,10,0.00,3.77,3.82,3.80,3.83,3.82,3.79,3.83,3.81,30.10,48.6,-30,-30,100.2,126,-629,680,82,0,666,0,0,1,-1,0,1,-1,-1,-1,-1,-1,-1,0,1,
2026-04-02,17:04:59.320,7.54,96,97,97,-0.071,7.11,51,0,8.05,-0.196,1.589,-1.62,63,0,151.58,0.14,10,0.00,3.77,3.82,3.80,3.82,3.82,3.79,3.83,3.81,30.10,48.6,-30,-30,100.2,52,-710,680,85,0,667,0,0,1,-1,0,1,-1,-1,-1,-1,-1,-1,0,1,
2026-04-02,17:04:59.590,7.54,95,98,98,-0.021,6.89,45,0,8.04,-0.243,1.666,-1.18,58,0,150.45,-6.07,10,0.00,3.77,3.82,3.80,3.82,3.81,3.78,3.83,3.81,30.07,48.1,-30,-30,97.0,55,-653,680,62,0,667,0,0,1,-1,0,1,-1,-1,-1,-1,-1,-1,0,1,
2026-04-02,17:04:59.870,7.53,94,98,98,-0.004,7.26,44,0,8.08,-0.286,1.565,0.15,57,0,151.92,-10.35,10,0.00,3.77,3.82,3.80,3.82,3.81,3.78,3.82,3.81,30.07,49.3,-30,-30,94.8,57,-391,680,0,0,667,0,0,1,-1,0,1,-1,-1,-1,-1,-1,-1,0,1,
2026-04-02,17:05:00.130,7.53,97,98,98,0.024,7.67,47,0,8.07,-0.240,1.290,0.15,55,0,151.92,-10.35,10,0.00,3.77,3.82,3.80,3.82,3.81,3.78,3.82,3.81,30.04,49.3,-30,-30,91.5,50,-405,680,86,0,667,0,0,1,-1,0,1,-1,-1,-1,-1,-1,-1,0,1,
2026-04-02,17:05:00.390,7.54,98,98,98,0.014,8.10,49,0,8.07,-0.206,0.987,1.35,55,0,142.84,-6.55,10,0.00,3.77,3.82,3.79,3.81,3.81,3.78,3.82,3.81,30.04,49.6,-30,-30,91.5,57,-564,680,295,0,666,0,0,1,-1,0,1,-1,-1,-1,-1,-1,-1,0,1,
2026-04-02,17:05:00.650,7.54,99,99,98,-0.001,9.25,50,0,8.07,-0.219,1.082,1.92,54,0,147.01,-7.10,10,0.00,3.77,3.82,3.79,3.81,3.81,3.78,3.82,3.81,30.01,49.6,-30,-30,90.6,87,-644,680,168,0,667,0,0,1,-1,0,1,-1,-1,-1,-1,-1,-1,0,1,
2026-04-02,17:05:00.920,7.54,99,99,97,0.009,10.20,52,0,8.07,-0.275,1.419,2.60,52,0,153.51,-11.99,10,0.00,3.77,3.82,3.79,3.81,3.81,3.77,3.82,3.81,29.98,50.2,-30,-30,87.2,68,-529,679,18,0,667,0,0,1,-1,0,1,-1,-1,-1,-1,-1,-1,0,1,
2026-04-02,17:05:01.190,7.54,100,100,97,0.010,11.27,52,0,8.12,-0.274,1.274,3.32,55,0,146.80,-15.72,10,0.00,3.77,3.82,3.79,3.81,3.81,3.77,3.82,3.80,29.98,50.2,-30,-30,87.2,82,-476,678,94,0,666,0,0,1,-1,0,1,-1,-1,-1,-1,-1,-1,0,1,
2026-04-02,17:05:01.450,7.54,100,100,98,-0.003,12.21,52,0,8.10,-0.263,1.116,3.39,56,0,144.57,-15.58,10,0.00,3.76,3.81,3.79,3.81,3.81,3.77,3.82,3.80,29.95,50.3,-30,-30,86.5,127,-505,679,315,0,667,0,0,1,-1,0,1,-1,-1,-1,-1,-1,-1,0,1,
2026-04-02,17:05:01.710,7.53,100,100,98,0.000,13.02,51,0,8.08,-0.256,1.173,3.03,56,0,149.55,-15.48,10,0.00,3.76,3.81,3.78,3.80,3.81,3.77,3.82,3.80,29.95,50.3,-30,-30,86.5,130,-498,679,226,0,666,0,0,1,-1,0,1,-1,-1,-1,-1,-1,-1,0,1,
2026-04-02,17:05:01.970,7.54,100,100,98,0.000,13.76,49,0,8.08,-0.257,1.212,2.76,54,0,152.79,-15.76,10,0.00,3.76,3.81,3.78,3.80,3.80,3.76,3.82,3.80,29.92,50.3,-30,-30,86.5,116,-488,678,189,0,667,0,0,1,-1,0,1,-1,-1,-1,-1,-1,-1,0,1,
2026-04-02,17:05:02.230,7.54,100,100,96,0.035,14.60,50,0,8.07,-0.264,1.207,2.78,46,0,154.52,-16.64,10,0.00,3.76,3.81,3.78,3.80,3.80,3.76,3.81,3.79,29.92,50.3,-30,-30,87.0,110,-450,676,148,0,666,0,0,1,-1,0,1,-1,-1,-1,-1,-1,-1,0,1,
2026-04-02,17:05:02.500,7.53,100,100,95,0.006,15.62,52,0,8.07,-0.262,1.150,3.18,46,0,151.14,-17.06,10,0.00,3.75,3.80,3.78,3.80,3.80,3.76,3.81,3.79,29.90,49.9,-30,-30,86.5,145,-510,677,300,0,667,0,0,1,-1,0,1,-1,-1,-1,-1,-1,-1,0,1,
2026-04-02,17:05:02.780,7.53,100,100,95,0.003,16.52,52,0,8.07,-0.265,1.125,3.33,48,0,151.59,-17.59,10,0.00,3.75,3.80,3.78,3.79,3.80,3.76,3.81,3.79,29.90,49.9,-30,-30,85.2,189,-522,678,302,0,667,0,0,1,-1,0,1,-1,-1,-1,-1,-1,-1,0,1,
2026-04-02,17:05:03.040,7.54,100,100,96,0.021,17.21,52,0,8.07,-0.283,1.189,2.68,53,0,159.82,-19.26,10,0.00,3.75,3.80,3.78,3.79,3.80,3.76,3.81,3.79,29.87,50.6,-30,-30,84.5,182,-436,677,143,0,667,0,0,1,-1,0,1,-1,-1,-1,-1,-1,-1,0,1,
2026-04-02,17:05:03.300,7.53,99,99,96,0.015,18.31,51,0,8.07,-0.287,1.194,3.21,55,0,158.84,-20.22,10,0.00,3.75,3.80,3.78,3.79,3.80,3.76,3.81,3.79,29.87,50.6,-30,-30,84.5,179,-446,677,203,0,666,0,0,1,-1,0,1,-1,-1,-1,-1,-1,-1,0,1,
2026-04-02,17:05:03.570,7.53,99,99,96,0.019,20.09,50,0,8.07,-0.291,1.071,3.08,54,0,157.45,-20.20,10,0.00,3.75,3.80,3.78,3.79,3.80,3.76,3.80,3.79,29.85,50.7,-30,-30,80.0,185,-436,676,176,0,666,0,0,1,-1,0,1,-1,-1,-1,-1,-1,-1,0,1,
2026-04-02,17:05:03.830,7.54,99,99,96,0.032,20.97,49,0,8.07,-0.296,1.085,3.16,54,0,160.08,-19.98,10,0.00,3.74,3.80,3.78,3.79,3.80,3.76,3.80,3.79,29.85,50.7,-30,-30,77.4,184,-425,676,156,0,666,0,0,1,-1,0,1,-1,-1,-1,-1,-1,-1,0,1,
2026-04-02,17:05:04.100,7.53,98,98,96,0.035,20.97,49,0,8.07,-0.292,1.034,2.84,54,0,164.16,-20.61,10,0.00,3.74,3.80,3.77,3.78,3.80,3.76,3.80,3.79,29.83,50.7,-30,-30,78.7,182,-454,676,206,0,666,0,0,1,-1,0,1,-1,-1,-1,-1,-1,-1,0,1,
2026-04-02,17:05:04.380,7.53,96,96,96,0.015,22.53,47,0,8.07,-0.297,1.007,2.82,55,0,167.66,-20.99,10,0.00,3.74,3.80,3.77,3.78,3.79,3.75,3.80,3.79,29.83,50.5,-30,-30,78.3,171,-450,676,187,0,666,0,0,1,-1,0,1,-1,-1,-1,-1,-1,-1,0,1,
2026-04-02,17:05:04.640,7.54,95,96,96,0.015,23.36,46,0,8.07,-0.307,1.093,2.75,54,0,167.66,-20.99,10,0.00,3.74,3.80,3.77,3.78,3.79,3.75,3.79,3.78,29.83,50.5,-30,-30,78.9,182,-337,676,105,0,667,0,0,1,-1,0,1,-1,-1,-1,-1,-1,-1,0,1,
2026-04-02,17:05:04.910,7.54,97,97,97,0.032,23.36,46,0,8.10,-0.291,0.997,2.63,55,0,175.28,-21.39,10,0.00,3.74,3.79,3.77,3.78,3.79,3.75,3.79,3.78,29.81,50.7,-30,-30,78.3,179,-420,676,7,0,667,0,0,1,-1,0,1,-1,-1,-1,-1,-1,-1,0,1,
2026-04-02,17:05:05.180,7.54,95,97,97,0.031,23.36,45,0,8.08,-0.293,0.997,2.63,57,0,171.31,-20.90,10,0.00,3.74,3.79,3.76,3.78,3.79,3.75,3.79,3.78,29.81,50.7,-30,-30,77.6,175,-432,676,87,0,666,0,0,1,-1,0,1,-1,-1,-1,-1,-1,-1,0,1,
2026-04-02,17:05:05.440,7.54,93,97,97,0.019,25.37,43,0,8.08,-0.298,0.996,2.32,58,0,169.19,-21.40,10,0.00,3.74,3.79,3.76,3.78,3.79,3.75,3.79,3.78,29.78,51.1,-30,-30,78.3,171,-392,677,66,0,667,0,0,1,-1,0,1,-1,-1,-1,-1,-1,-1,0,1,
2026-04-02,17:05:05.700,7.53,92,97,97,0.005,25.88,42,0,8.07,-0.298,1.000,2.09,58,0,173.11,-21.96,10,0.00,3.74,3.79,3.76,3.78,3.78,3.75,3.79,3.78,29.78,51.1,-30,-30,78.3,181,-454,677,203,0,667,0,0,1,-1,0,1,-1,-1,-1,-1,-1,-1,0,1,
2026-04-02,17:05:05.960,7.54,95,97,97,0.005,26.19,41,0,8.07,-0.298,1.087,1.48,58,0,173.11,-21.96,10,0.00,3.74,3.79,3.76,3.78,3.78,3.75,3.79,3.77,29.75,51.1,-30,-30,80.2,180,-493,681,190,0,666,0,0,1,-1,0,1,-1,-1,-1,-1,-1,-1,0,1,
2026-04-02,17:05:06.230,7.53,98,98,98,0.025,27.23,42,0,8.07,-0.302,1.075,1.75,58,0,-176.88,-23.35,10,0.00,3.74,3.78,3.76,3.78,3.78,3.75,3.79,3.77,29.75,51.1,-30,-30,77.6,166,-458,712,91,0,667,0,0,1,-1,0,1,-1,-1,-1,-1,-1,-1,0,1,
2026-04-02,17:05:06.500,7.53,100,100,99,0.036,27.58,43,0,8.10,-0.296,1.076,1.60,60,0,-176.72,-24.46,10,0.00,3.74,3.78,3.76,3.77,3.78,3.75,3.79,3.77,29.71,53.1,-30,-30,80.0,164,-348,712,0,0,666,0,0,1,-1,0,1,-1,-1,-1,-1,-1,-1,0,1,
2026-04-02,17:05:06.770,7.54,97,99,99,0.016,27.89,43,0,8.13,-0.261,0.951,1.30,62,0,174.32,-26.32,10,0.00,3.74,3.78,3.76,3.77,3.78,3.74,3.79,3.77,29.71,53.1,-30,-30,82.0,172,-377,703,4,0,666,0,0,1,-1,0,1,-1,-1,-1,-1,-1,-1,0,1,
2026-04-02,17:05:07.040,7.54,96,99,99,0.005,28.13,43,0,8.10,-0.269,1.017,0.95,62,0,177.35,-25.13,10,0.00,3.74,3.78,3.76,3.77,3.78,3.74,3.78,3.77,29.69,52.6,-30,-30,83.7,180,-384,697,222,0,666,0,0,1,-1,0,1,-1,-1,-1,-1,-1,-1,0,1,
2026-04-02,17:05:07.310,7.54,95,99,99,0.012,28.13,43,0,8.08,-0.270,1.018,1.09,63,0,179.00,-24.52,10,0.00,3.73,3.77,3.76,3.77,3.78,3.74,3.78,3.77,29.69,52.6,-30,-30,83.3,208,-462,696,283,0,666,0,0,1,-1,0,1,-1,-1,-1,-1,-1,-1,0,1,
2026-04-02,17:05:07.580,7.54,96,99,99,0.011,28.86,44,0,8.08,-0.278,0.985,1.16,64,0,-173.73,-24.07,10,0.00,3.73,3.77,3.75,3.76,3.78,3.74,3.78,3.77,29.69,51.9,-30,-30,80.4,219,-288,694,85,0,666,0,0,1,-1,0,1,-1,-1,-1,-1,-1,-1,0,1,
2026-04-02,17:05:07.840,7.54,96,99,99,0.046,29.32,45,0,8.09,-0.270,0.917,1.47,65,0,-172.97,-23.83,10,0.00,3.73,3.77,3.75,3.76,3.78,3.74,3.78,3.77,29.69,51.9,-30,-30,80.9,211,-269,692,0,0,666,0,0,1,-1,0,1,-1,-1,-1,-1,-1,-1,0,1,
2026-04-02,17:05:08.110,7.54,96,99,99,0.029,29.83,46,0,8.10,-0.258,0.835,1.62,65,0,-176.72,-22.44,10,0.00,3.73,3.77,3.75,3.76,3.77,3.74,3.78,3.77,29.67,51.7,-30,-30,80.9,180,-225,691,0,0,666,0,0,1,-1,0,1,-1,-1,-1,-1,-1,-1,0,1,
2026-04-02,17:05:08.390,7.54,96,99,99,-0.009,30.20,47,0,8.08,-0.235,0.899,1.61,66,0,-178.82,-21.52,10,0.00,3.73,3.77,3.75,3.76,3.77,3.74,3.78,3.76,29.67,51.1,-30,-30,83.7,161,-412,690,0,0,667,0,0,1,-1,0,1,-1,-1,-1,-1,-1,-1,0,1,
2026-04-02,17:05:08.660,7.54,96,99,99,-0.005,30.71,48,0,8.10,-0.292,1.170,1.10,66,0,-175.51,-22.10,10,0.00,3.72,3.78,3.75,3.76,3.77,3.74,3.78,3.76,29.67,51.1,-30,-30,86.3,172,-90,689,0,0,666,0,0,1,-1,0,1,-1,-1,-1,-1,-1,-1,0,1,
2026-04-02,17:05:08.930,7.54,99,99,99,0.015,31.13,51,0,8.12,-0.255,0.992,1.50,65,0,-167.40,-21.72,10,0.00,3.72,3.78,3.75,3.76,3.77,3.74,3.78,3.76,29.65,51.0,-30,-30,82.6,175,8,690,0,0,666,0,0,1,-1,0,1,-1,-1,-1,-1,-1,-1,0,1,
2026-04-02,17:05:09.200,7.54,100,100,99,0.016,31.19,53,0,8.14,-0.209,0.569,0.82,66,0,-168.62,-14.65,10,0.00,3.72,3.78,3.75,3.76,3.77,3.73,3.78,3.76,29.65,51.0,-30,-30,84.1,168,-172,691,0,0,667,0,0,1,-1,0,1,-1,-1,-1,-1,-1,-1,0,1,
2026-04-02,17:05:09.470,7.54,100,100,99,0.010,30.90,54,0,8.10,-0.194,0.569,-0.27,66,0,-169.04,-12.45,10,0.00,3.72,3.78,3.75,3.76,3.77,3.73,3.77,3.76,29.65,51.0,-30,-30,85.6,154,-291,691,0,0,666,0,0,1,-1,0,1,-1,-1,-1,-1,-1,-1,0,1,
2026-04-02,17:05:09.730,7.53,100,100,99,-0.023,30.80,55,0,8.09,-0.224,0.999,-0.49,66,0,-166.97,-13.86,10,0.00,3.72,3.77,3.75,3.76,3.77,3.73,3.77,3.76,29.65,51.0,-30,-30,90.4,0,-282,693,0,0,666,0,0,1,-1,0,1,-1,-1,-1,-1,-1,-1,0,1,
2026-04-02,17:05:09.990,7.54,100,100,99,0.027,31.04,55,0,8.08,-0.211,0.982,0.30,65,0,-164.78,-14.67,10,0.00,3.72,3.77,3.75,3.76,3.77,3.73,3.77,3.76,29.63,50.5,-30,-30,88.3,0,-262,693,-78,0,666,0,0,1,-1,0,1,-1,-1,-1,-1,-1,-1,0,1,
2026-04-02,17:05:10.260,7.54,99,100,100,0.036,30.92,55,0,8.07,-0.208,0.948,0.00,63,0,-163.80,-15.36,10,0.00,3.72,3.77,3.75,3.76,3.77,3.73,3.77,3.76,29.63,50.5,-30,-30,89.1,0,-165,694,-249,0,666,0,0,1,-1,0,1,-1,-1,-1,-1,-1,-1,0,1,
2026-04-02,17:05:10.530,7.54,99,100,100,0.023,30.67,54,0,8.07,-0.182,0.867,-0.51,62,0,-175.31,-16.10,10,0.00,3.72,3.77,3.75,3.76,3.77,3.73,3.77,3.76,29.63,50.2,-30,-30,93.7,0,-275,694,-259,0,667,0,0,1,-1,0,1,-1,-1,-1,-1,-1,-1,0,1,
2026-04-02,17:05:10.800,7.53,99,100,100,-0.002,30.43,53,0,8.07,-0.190,1.007,-0.72,60,0,136.35,-16.08,10,0.00,3.72,3.77,3.75,3.76,3.77,3.73,3.77,3.76,29.63,50.2,-30,-30,93.7,0,-412,694,-160,0,666,0,0,1,-1,0,1,-1,-1,-1,-1,-1,-1,0,1,
2026-04-02,17:05:11.070,7.53,97,99,99,-0.019,30.04,51,0,8.07,-0.198,1.112,-0.66,59,0,175.34,-17.11,10,0.00,3.72,3.77,3.75,3.76,3.77,3.73,3.77,3.76,29.62,49.3,-30,-30,94.3,0,-410,693,-110,0,667,0,0,1,-1,0,1,-1,-1,-1,-1,-1,-1,0,1,
2026-04-02,17:05:11.330,7.53,96,99,99,-0.008,30.00,48,0,8.07,-0.214,1.374,-0.29,58,0,178.28,-20.50,10,0.00,3.72,3.77,3.74,3.75,3.77,3.73,3.77,3.76,29.62,49.3,-30,-30,95.2,0,-411,694,-128,0,667,0,0,1,-1,0,1,-1,-1,-1,-1,-1,-1,0,1,
2026-04-02,17:05:11.600,7.54,95,99,99,-0.012,30.00,46,0,8.07,-0.214,1.371,-0.17,57,0,176.92,-21.96,10,0.00,3.72,3.77,3.74,3.75,3.77,3.73,3.77,3.76,29.62,49.1,-30,-30,95.9,0,-387,694,-133,0,667,0,0,1,-1,0,1,-1,-1,-1,-1,-1,-1,0,1,
2026-04-02,17:05:11.880,7.53,96,99,99,-0.025,29.86,45,0,8.07,-0.152,1.077,-0.23,58,0,171.57,-22.76,10,0.00,3.72,3.77,3.74,3.75,3.77,3.73,3.77,3.76,29.62,48.6,-30,-30,99.6,0,-406,694,-106,0,667,0,0,1,-1,0,1,-1,-1,-1,-1,-1,-1,0,1,
2026-04-02,17:05:12.140,7.53,97,99,99,-0.005,29.72,44,0,8.10,-0.169,1.186,-0.46,59,0,170.95,-24.19,10,0.00,3.72,3.77,3.74,3.75,3.77,3.73,3.77,3.76,29.62,48.6,-30,-30,102.0,0,-258,694,-113,0,666,0,0,1,-1,0,1,-1,-1,-1,-1,-1,-1,0,1,
2026-04-02,17:05:12.400,7.53,92,99,99,0.019,29.83,42,0,8.08,-0.159,1.208,-0.46,59,0,161.85,-26.75,10,0.00,3.72,3.77,3.74,3.75,3.77,3.73,3.77,3.76,29.62,48.4,-30,-30,99.1,0,-330,693,29,0,667,0,0,1,-1,0,1,-1,-1,-1,-1,-1,-1,0,1,
2026-04-02,17:05:12.670,7.53,86,99,99,-0.003,29.98,39,0,8.08,-0.154,1.023,-0.46,59,0,160.46,-24.33,10,0.00,3.72,3.77,3.74,3.75,3.77,3.73,3.77,3.76,29.63,48.4,-30,-30,99.1,0,-197,694,378,0,667,0,0,1,-1,0,1,-1,-1,-1,-1,-1,-1,0,1,
2026-04-02,17:05:12.930,7.54,79,99,99,0.004,30.14,37,0,8.07,-0.154,1.023,0.41,61,0,164.37,-23.23,10,0.00,3.72,3.77,3.74,3.75,3.77,3.73,3.77,3.76,29.63,48.7,-30,-30,100.4,0,-394,694,142,0,667,0,0,1,-1,0,1,-1,-1,-1,-1,-1,-1,0,1,
2026-04-02,17:05:13.190,7.54,79,99,99,0.043,30.42,37,0,8.07,-0.148,0.959,0.82,62,0,175.36,-19.54,10,0.00,3.72,3.77,3.74,3.75,3.77,3.73,3.77,3.76,29.63,48.7,-30,-30,100.4,0,-390,694,-146,0,667,0,0,1,-1,0,1,-1,-1,-1,-1,-1,-1,0,1,
2026-04-02,17:05:13.450,7.53,81,99,99,0.029,30.64,38,0,8.07,-0.188,1.171,0.72,63,0,172.42,-21.13,10,0.00,3.72,3.77,3.74,3.75,3.77,3.73,3.77,3.76,29.62,48.7,-30,-30,100.4,0,-497,694,-249,0,666,0,0,1,-1,0,1,-1,-1,-1,-1,-1,-1,0,1,
2026-04-02,17:05:13.710,7.53,82,99,99,-0.029,30.64,38,0,8.07,-0.189,1.280,1.08,62,0,164.02,-23.74,10,0.00,3.72,3.77,3.74,3.75,3.77,3.73,3.77,3.76,29.62,48.7,-30,-30,97.4,0,-481,694,-77,0,667,0,0,1,-1,0,1,-1,-1,-1,-1,-1,-1,0,1,
2026-04-02,17:05:13.970,7.54,85,99,99,-0.069,32.04,38,0,8.07,-0.211,1.297,1.65,61,0,152.92,-28.79,10,0.00,3.72,3.77,3.74,3.75,3.76,3.73,3.77,3.76,29.61,49.5,-30,-30,94.8,0,-513,694,0,0,667,0,0,1,-1,0,1,-1,-1,-1,-1,-1,-1,0,1,
2026-04-02,17:05:14.230,7.54,86,99,99,-0.050,32.59,39,0,8.07,-0.251,1.465,1.91,62,0,161.20,-31.30,10,0.00,3.72,3.77,3.74,3.75,3.76,3.73,3.77,3.75,29.61,49.5,-30,-30,94.1,0,-425,693,-200,0,666,0,0,1,-1,0,1,-1,-1,-1,-1,-1,-1,0,1,
2026-04-02,17:05:14.500,7.54,91,99,99,0.016,32.59,39,0,8.07,-0.179,1.144,1.14,60,0,155.16,-30.99,10,0.00,3.71,3.76,3.74,3.75,3.76,3.73,3.77,3.75,29.60,49.7,-30,-30,96.5,0,-472,690,-41,0,666,0,0,1,-1,0,1,-1,-1,-1,-1,-1,-1,0,1,
2026-04-02,17:05:14.760,7.54,90,99,99,0.005,32.67,38,0,8.05,-0.179,1.189,0.23,59,0,146.11,-31.85,10,0.00,3.71,3.76,3.74,3.75,3.76,3.73,3.77,3.75,29.60,49.7,-30,-30,96.5,0,-604,682,30,0,666,0,0,1,-1,0,1,-1,-1,-1,-1,-1,-1,0,1,
2026-04-02,17:05:15.030,7.54,84,100,100,-0.015,32.99,37,0,8.06,-0.217,1.436,0.62,59,0,135.06,-35.14,10,0.00,3.71,3.76,3.74,3.75,3.76,3.73,3.77,3.75,29.61,48.5,-30,-30,93.0,0,-615,664,134,0,667,0,0,1,-1,0,1,-1,-1,-1,-1,-1,-1,0,1,
2026-04-02,17:05:15.300,7.54,76,100,100,-0.020,33.54,36,0,8.07,-0.233,1.465,1.35,59,0,132.29,-36.65,10,0.00,3.71,3.76,3.74,3.75,3.76,3.72,3.77,3.75,29.61,48.5,-30,-30,93.0,0,-613,664,96,0,666,0,0,1,-1,0,1,-1,-1,-1,-1,-1,-1,0,1,
2026-04-02,17:05:15.560,7.54,73,100,100,-0.015,34.25,36,0,8.07,-0.257,1.490,2.11,57,0,127.96,-37.30,10,0.00,3.71,3.76,3.74,3.75,3.76,3.72,3.77,3.75,29.60,47.4,-30,-30,92.6,0,-508,663,199,0,666,0,0,1,-1,0,1,-1,-1,-1,-1,-1,-1,0,1,
2026-04-02,17:05:15.830,7.54,79,100,100,0.002,34.83,38,0,8.07,-0.255,1.279,2.03,54,0,121.79,-34.89,10,0.00,3.71,3.76,3.74,3.75,3.76,3.72,3.77,3.75,29.60,47.4,-30,-30,89.5,0,-433,663,371,0,666,0,0,1,-1,0,1,-1,-1,-1,-1,-1,-1,0,1,
2026-04-02,17:05:16.090,7.54,89,100,100,0.010,35.33,41,0,8.07,-0.223,1.074,1.90,55,0,121.25,-32.03,10,0.00,3.71,3.76,3.74,3.75,3.76,3.72,3.77,3.75,29.59,47.8,-30,-30,88.2,0,-508,662,402,0,667,0,0,1,-1,0,1,-1,-1,-1,-1,-1,-1,0,1,
2026-04-02,17:05:16.360,7.54,97,99,99,0.015,35.47,45,0,8.07,-0.185,0.952,1.21,54,0,128.88,-26.36,10,0.00,3.71,3.76,3.74,3.75,3.76,3.73,3.77,3.75,29.59,47.8,-30,-30,89.3,0,-634,663,267,0,666,0,0,1,-1,0,1,-1,-1,-1,-1,-1,-1,0,1,
2026-04-02,17:05:16.640,7.54,99,99,98,0.016,35.33,46,0,8.07,-0.242,1.176,-0.09,52,0,131.19,-25.87,10,0.00,3.71,3.76,3.74,3.75,3.76,3.73,3.76,3.75,29.59,47.8,-30,-30,88.3,0,-611,663,529,0,666,0,0,1,-1,0,1,-1,-1,-1,-1,-1,-1,0,1,
2026-04-02,17:05:16.910,7.54,97,98,98,0.020,35.38,45,0,8.07,-0.246,1.232,0.13,50,0,127.19,-26.69,10,0.00,3.71,3.76,3.74,3.75,3.76,3.73,3.76,3.75,29.59,47.6,-30,-30,87.0,0,-610,663,551,0,666,0,0,1,-1,0,1,-1,-1,-1,-1,-1,-1,0,1,
2026-04-02,17:05:17.170,7.53,87,98,98,0.022,35.17,44,0,8.07,-0.214,1.134,-0.25,52,0,129.87,-23.89,10,0.00,3.71,3.76,3.74,3.74,3.76,3.73,3.76,3.75,29.58,47.6,-30,-30,88.5,0,-570,662,625,0,666,0,0,1,-1,0,1,-1,-1,-1,-1,-1,-1,0,1,
2026-04-02,17:05:17.430,7.53,87,98,98,0.028,34.66,46,0,8.04,-0.194,1.093,-1.14,52,0,131.99,-22.28,10,0.00,3.71,3.76,3.74,3.74,3.76,3.73,3.76,3.75,29.58,47.5,-30,-30,91.3,0,-615,663,604,0,667,0,0,1,-1,0,1,-1,-1,-1,-1,-1,-1,0,1,
2026-04-02,17:05:17.690,7.53,88,98,98,0.028,34.08,50,0,8.06,-0.166,1.136,-1.71,52,0,135.10,-19.75,10,0.00,3.71,3.76,3.74,3.74,3.76,3.72,3.76,3.75,29.58,47.5,-30,-30,91.3,0,-643,664,478,0,666,0,0,1,-1,0,1,-1,-1,-1,-1,-1,-1,0,1,
2026-04-02,17:05:17.950,7.54,98,99,98,0.028,33.32,54,0,8.06,-0.187,1.204,-2.24,52,0,135.57,-19.39,10,0.00,3.71,3.76,3.74,3.74,3.76,3.72,3.76,3.75,29.58,47.5,-30,-30,93.3,0,-703,663,519,0,667,0,0,1,-1,0,1,-1,-1,-1,-1,-1,-1,0,1,
2026-04-02,17:05:18.210,7.53,100,100,98,-0.008,33.32,55,0,8.07,-0.166,1.281,-2.35,52,0,133.08,-20.93,10,0.00,3.71,3.76,3.74,3.74,3.76,3.72,3.76,3.75,29.58,47.5,-30,-30,98.2,0,-743,663,187,0,666,0,0,1,-1,0,1,-1,-1,-1,-1,-1,-1,0,1,
2026-04-02,17:05:18.470,7.54,100,100,98,-0.015,31.69,55,0,8.07,-0.236,1.748,-2.91,47,0,134.73,-22.65,10,0.00,3.71,3.76,3.74,3.74,3.76,3.72,3.76,3.75,29.59,46.1,-30,-30,96.7,0,-793,663,215,0,667,0,0,1,-1,0,1,-1,-1,-1,-1,-1,-1,0,1,
2026-04-02,17:05:18.730,7.54,100,100,97,-0.026,31.09,56,0,8.07,-0.259,1.786,-2.52,43,0,130.48,-25.87,10,0.00,3.71,3.76,3.74,3.74,3.76,3.72,3.76,3.75,29.59,46.1,-30,-30,94.6,0,-601,662,191,0,666,0,0,1,-1,0,1,-1,-1,-1,-1,-1,-1,0,1,
2026-04-02,17:05:18.990,7.54,99,99,96,0.004,30.80,56,0,8.04,-0.247,1.588,-1.62,48,0,122.02,-24.93,10,0.00,3.71,3.76,3.74,3.74,3.76,3.72,3.76,3.75,29.58,46.5,-30,-30,95.0,0,-643,662,293,0,667,0,0,1,-1,0,1,-1,-1,-1,-1,-1,-1,0,1,
2026-04-02,17:05:19.250,7.54,99,99,96,0.008,30.80,55,0,8.05,-0.202,1.438,-1.46,54,0,114.59,-22.72,10,0.00,3.71,3.76,3.74,3.74,3.76,3.72,3.76,3.75,29.58,46.5,-30,-30,96.5,0,-630,603,454,0,666,0,0,1,-1,0,1,-1,-1,-1,-1,-1,-1,0,1,
2026-04-02,17:05:19.520,7.54,99,99,96,-0.018,30.80,55,0,8.06,-0.127,1.303,-1.43,59,0,108.22,-18.47,10,0.00,3.71,3.76,3.74,3.74,3.76,3.72,3.76,3.75,29.63,43.4,-30,-30,99.5,0,-621,577,548,0,667,0,0,1,-1,0,1,-1,-1,-1,-1,-1,-1,0,1,
2026-04-02,17:05:19.780,7.53,99,99,96,-0.025,29.13,52,0,8.07,-0.146,1.344,-1.39,62,0,109.77,-16.65,10,0.00,3.71,3.76,3.74,3.75,3.76,3.72,3.76,3.75,29.63,43.4,-30,-30,99.5,0,-588,575,541,0,666,0,0,1,-1,0,1,-1,-1,-1,-1,-1,-1,0,1,
2026-04-02,17:05:20.040,7.54,95,96,96,-0.017,28.77,50,0,8.07,-0.137,1.261,-1.25,63,0,117.26,-13.01,10,0.00,3.71,3.76,3.74,3.75,3.76,3.73,3.76,3.75,29.67,38.8,-30,-30,97.4,0,-561,575,476,0,667,0,0,1,-1,0,1,-1,-1,-1,-1,-1,-1,0,1,
2026-04-02,17:05:20.300,7.53,94,97,97,-0.002,28.29,48,0,8.07,-0.109,1.215,-1.52,63,0,119.93,-11.51,10,0.00,3.71,3.76,3.74,3.75,3.76,3.73,3.77,3.76,29.67,38.8,-30,-30,98.2,0,-509,575,496,0,666,0,0,1,-1,0,1,-1,-1,-1,-1,-1,-1,0,1,
2026-04-02,17:05:20.560,7.54,92,98,98,-0.002,27.84,48,0,8.07,-0.130,1.217,-1.52,62,0,124.68,-9.90,10,0.00,3.71,3.76,3.74,3.75,3.76,3.73,3.77,3.76,29.71,38.9,-30,-30,99.1,0,-505,575,482,0,667,0,0,1,-1,0,1,-1,-1,-1,-1,-1,-1,0,1,
2026-04-02,17:05:20.820,7.53,93,98,98,0.007,27.29,49,0,8.07,-0.113,1.077,-1.74,63,0,129.65,-8.34,10,0.00,3.71,3.76,3.75,3.76,3.76,3.73,3.77,3.76,29.71,38.9,-30,-30,97.8,0,-343,575,465,0,666,0,0,1,-1,0,1,-1,-1,-1,-1,-1,-1,0,1,
2026-04-02,17:05:21.090,7.54,94,98,98,0.021,26.80,51,0,8.07,-0.101,1.003,-1.71,62,0,134.75,-7.31,10,0.00,3.71,3.76,3.75,3.76,3.77,3.74,3.77,3.76,29.73,38.8,-30,-30,99.6,0,-438,575,542,0,666,0,0,1,-1,0,1,-1,-1,-1,-1,-1,-1,0,1,
2026-04-02,17:05:21.360,7.54,96,98,98,0.003,26.11,53,0,8.07,-0.090,1.019,-2.04,63,0,151.39,-6.04,10,0.00,3.71,3.76,3.75,3.76,3.77,3.74,3.78,3.76,29.73,38.8,-30,-30,101.7,0,-560,575,102,0,666,0,0,1,-1,0,1,-1,-1,-1,-1,-1,-1,0,1,
2026-04-02,17:05:21.620,7.54,97,98,98,-0.015,25.35,54,0,8.07,-0.117,1.267,-2.49,65,0,156.68,-7.12,10,0.00,3.71,3.76,3.75,3.76,3.77,3.74,3.78,3.76,29.76,38.2,-30,-30,101.7,0,-464,574,0,0,666,0,0,1,-1,0,1,-1,-1,-1,-1,-1,-1,0,1,
2026-04-02,17:05:21.880,7.54,98,98,98,-0.007,24.81,55,0,8.07,-0.151,1.372,-2.16,64,0,151.78,-12.26,10,0.00,3.73,3.78,3.75,3.76,3.77,3.74,3.78,3.76,29.76,38.4,-30,-30,99.6,-4,-248,573,329,0,667,0,0,1,-1,0,1,-1,-1,-1,-1,-1,-1,0,1,
2026-04-02,17:05:22.140,7.53,98,98,98,-0.016,24.20,55,0,8.07,-0.081,0.949,-2.13,62,0,156.13,-9.40,10,0.00,3.73,3.78,3.76,3.76,3.77,3.74,3.78,3.76,29.78,38.4,-30,-30,98.2,0,-115,575,422,0,667,0,0,1,-1,0,1,-1,-1,-1,-1,-1,-1,0,1,
2026-04-02,17:05:22.440,7.53,97,98,98,-0.003,22.90,54,0,8.07,-0.062,0.711,-2.27,62,0,165.60,-5.64,10,0.00,3.73,3.78,3.76,3.76,3.77,3.75,3.78,3.76,29.79,37.8,-30,-30,103.7,0,-390,574,0,0,666,0,0,1,-1,0,1,-1,-1,-1,-1,-1,-1,0,1,
2026-04-02,17:05:22.700,7.54,97,99,99,0.036,22.33,56,0,8.07,-0.077,1.002,-2.29,62,0,176.73,-4.76,10,0.00,3.73,3.78,3.76,3.76,3.77,3.75,3.78,3.76,29.79,37.8,-30,-30,104.3,0,-393,574,-32,0,666,0,0,1,-1,0,1,-1,-1,-1,-1,-1,-1,0,1,
2026-04-02,17:05:22.970,7.53,99,100,100,-0.012,22.33,59,0,8.07,-0.097,1.204,-1.22,64,0,173.39,-7.66,10,0.00,3.74,3.78,3.76,3.76,3.77,3.75,3.78,3.76,29.81,37.9,-30,-30,102.2,0,-380,574,0,0,667,0,0,1,-1,0,1,-1,-1,-1,-1,-1,-1,0,1,
2026-04-02,17:05:23.240,7.53,100,100,100,-0.025,22.10,59,0,8.07,-0.110,1.211,-0.60,68,0,168.09,-10.65,10,0.00,3.74,3.78,3.76,3.77,3.77,3.75,3.78,3.76,29.81,37.9,-30,-30,102.4,0,-364,574,19,0,667,0,0,1,-1,0,1,-1,-1,-1,-1,-1,-1,0,1,
2026-04-02,17:05:23.500,7.53,100,100,100,0.003,21.77,61,0,8.09,-0.124,1.163,-0.89,72,0,171.03,-11.88,10,0.00,3.74,3.78,3.76,3.77,3.78,3.75,3.78,3.76,29.82,38.0,-30,-30,99.3,0,-205,574,0,0,667,0,0,1,-1,0,1,-1,-1,-1,-1,-1,-1,0,1,
2026-04-02,17:05:23.770,7.53,98,100,100,-0.001,21.60,61,0,8.08,-0.100,1.109,-0.84,76,0,170.30,-12.24,10,0.00,3.74,3.78,3.76,3.77,3.78,3.75,3.78,3.77,29.82,38.0,-30,-30,101.3,0,-272,574,0,0,666,0,0,1,-1,0,1,-1,-1,-1,-1,-1,-1,0,1,
2026-04-02,17:05:24.050,7.53,97,100,100,-0.005,21.36,64,0,8.07,-0.092,1.006,-0.68,77,0,170.06,-10.03,10,0.00,3.74,3.78,3.76,3.77,3.78,3.75,3.78,3.77,29.82,37.9,-30,-30,103.2,0,-355,574,32,0,667,0,0,1,-1,0,1,-1,-1,-1,-1,-1,-1,0,1,
2026-04-02,17:05:24.330,7.53,97,100,100,-0.040,21.36,64,0,8.07,-0.082,1.048,-0.92,72,0,171.28,-11.60,10,0.00,3.74,3.78,3.76,3.77,3.78,3.75,3.78,3.77,29.82,37.9,-30,-30,103.7,0,-354,575,0,0,666,0,0,1,-1,0,1,-1,-1,-1,-1,-1,-1,0,1,
2026-04-02,17:05:24.590,7.53,98,100,100,-0.027,21.17,64,0,8.07,-0.098,1.183,-0.24,71,0,174.04,-12.33,10,0.00,3.74,3.78,3.76,3.77,3.78,3.75,3.78,3.77,29.83,37.5,-30,-30,103.7,0,-330,574,0,0,666,0,0,1,-1,0,1,-1,-1,-1,-1,-1,-1,0,1,
2026-04-02,17:05:24.850,7.53,99,100,100,0.003,21.15,62,0,8.07,-0.095,1.159,-0.17,74,0,172.26,-14.12,10,0.00,3.74,3.78,3.76,3.77,3.78,3.75,3.78,3.77,29.83,37.5,-30,-30,103.7,0,-311,574,0,0,666,0,0,1,-1,0,1,-1,-1,-1,-1,-1,-1,0,1,
2026-04-02,17:05:25.110,7.53,98,100,100,0.008,21.58,61,0,8.07,-0.098,1.048,0.65,78,0,169.61,-14.42,10,0.00,3.74,3.78,3.76,3.77,3.78,3.75,3.78,3.77,29.83,37.8,-30,-30,102.0,0,-340,578,0,0,667,0,0,1,-1,0,1,-1,-1,-1,-1,-1,-1,1,1,
2026-04-02,17:05:25.370,7.53,99,100,100,0.001,21.76,61,0,8.07,-0.108,1.065,0.60,77,0,167.19,-14.13,10,0.00,3.74,3.78,3.76,3.77,3.78,3.75,3.78,3.77,29.83,38.7,-30,-30,99.3,0,-316,578,0,0,666,0,0,1,-1,0,1,-1,-1,-1,-1,-1,-1,1,1,
2026-04-02,17:05:25.630,7.53,99,100,100,0.000,22.08,63,0,8.07,-0.115,1.015,0.90,75,0,167.19,-13.86,10,0.00,3.74,3.78,3.76,3.76,3.78,3.75,3.78,3.77,29.82,38.7,-30,-30,99.1,0,-353,578,65,0,667,0,0,1,-1,0,1,-1,-1,-1,-1,-1,-1,1,1,
2026-04-02,17:05:25.900,7.53,100,100,100,-0.015,22.42,66,0,8.07,-0.128,1.030,1.04,66,0,167.98,-13.86,10,0.00,3.74,3.78,3.76,3.76,3.77,3.75,3.78,3.77,29.82,39.2,-30,-30,96.7,0,-236,579,209,0,667,0,0,1,-1,0,1,-1,-1,-1,-1,-1,-1,1,1,
2026-04-02,17:05:26.160,7.54,100,100,100,-0.010,22.81,67,0,8.07,-0.130,0.940,1.17,67,0,175.19,-12.71,10,0.00,3.74,3.78,3.76,3.76,3.77,3.75,3.78,3.76,29.81,39.2,-30,-30,96.3,0,-272,578,43,0,667,0,0,1,-1,0,1,-1,-1,-1,-1,-1,-1,0,1,
2026-04-02,17:05:26.420,7.53,100,100,100,0.000,23.14,66,0,8.07,-0.129,0.932,1.24,67,0,179.15,-11.59,10,0.00,3.74,3.78,3.76,3.76,3.77,3.75,3.78,3.76,29.80,39.6,-30,-30,96.3,0,-165,578,-93,0,666,0,0,1,-1,0,1,-1,-1,-1,-1,-1,-1,0,1,
2026-04-02,17:05:26.680,7.54,99,100,100,0.019,23.52,65,0,8.07,-0.128,0.906,1.27,70,0,176.75,-10.50,10,0.00,3.73,3.77,3.76,3.76,3.77,3.75,3.78,3.76,29.80,39.6,-30,-30,95.2,0,-220,578,-112,0,667,0,0,1,-1,0,1,-1,-1,-1,-1,-1,-1,0,1,
2026-04-02,17:05:26.940,7.53,99,100,100,0.016,23.89,65,0,8.07,-0.132,0.865,1.33,72,0,174.84,-9.76,10,0.00,3.73,3.77,3.76,3.76,3.77,3.75,3.78,3.76,29.79,39.6,-30,-30,94.6,0,-326,579,-141,0,666,0,0,1,-1,0,1,-1,-1,-1,-1,-1,-1,0,1,
2026-04-02,17:05:27.210,7.53,99,100,100,0.000,24.16,66,0,8.07,-0.137,0.922,1.08,71,0,170.55,-9.64,10,0.00,3.73,3.77,3.76,3.76,3.77,3.74,3.78,3.76,29.79,39.6,-30,-30,93.7,0,-373,579,-141,0,666,0,0,1,-1,0,1,-1,-1,-1,-1,-1,-1,0,1,
2026-04-02,17:05:27.470,7.53,100,100,100,-0.001,24.28,65,0,8.07,-0.156,1.076,0.72,66,0,168.74,-12.10,10,0.00,3.73,3.77,3.76,3.76,3.77,3.74,3.77,3.76,29.78,40.1,-30,-30,92.2,0,-314,579,0,0,666,0,0,1,-1,0,1,-1,-1,-1,-1,-1,-1,0,1,
2026-04-02,17:05:27.730,7.54,100,100,100,-0.019,24.54,64,0,8.07,-0.160,1.103,0.73,61,0,169.78,-12.68,10,0.00,3.73,3.77,3.76,3.76,3.77,3.74,3.77,3.76,29.78,40.1,-30,-30,94.5,0,-261,579,99,0,667,0,0,1,-1,0,1,-1,-1,-1,-1,-1,-1,0,1,
2026-04-02,17:05:28.010,7.54,100,100,100,-0.009,25.00,60,0,8.07,-0.162,1.065,0.94,66,0,176.57,-11.22,10,0.00,3.73,3.77,3.76,3.76,3.77,3.74,3.77,3.76,29.78,40.0,-30,-30,94.6,0,-311,578,76,0,667,0,0,1,-1,0,1,-1,-1,-1,-1,-1,-1,0,1,
2026-04-02,17:05:28.270,7.53,100,100,100,0.031,25.20,58,0,8.07,-0.145,0.956,0.70,68,0,179.08,-10.25,10,0.00,3.73,3.77,3.76,3.76,3.77,3.74,3.77,3.76,29.78,40.0,-30,-30,92.8,0,-315,578,0,0,666,0,0,1,-1,0,1,-1,-1,-1,-1,-1,-1,0,1,
2026-04-02,17:05:28.540,7.54,98,100,100,0.039,25.37,55,0,8.07,-0.145,0.961,0.63,67,0,176.27,-10.63,10,0.00,3.73,3.77,3.76,3.76,3.76,3.74,3.77,3.76,29.76,40.0,-30,-30,90.9,0,-305,578,0,0,666,0,0,1,-1,0,1,-1,-1,-1,-1,-1,-1,0,1,
2026-04-02,17:05:28.810,7.53,98,100,100,0.023,25.56,55,0,8.07,-0.144,0.982,0.61,63,0,169.76,-10.72,10,0.00,3.73,3.77,3.76,3.76,3.76,3.74,3.77,3.75,29.76,40.0,-30,-30,90.9,0,-340,577,122,0,667,0,0,1,-1,0,1,-1,-1,-1,-1,-1,-1,0,1,
2026-04-02,17:05:29.070,7.54,96,100,100,0.001,25.73,53,0,8.07,-0.138,0.923,0.65,61,0,168.86,-10.61,10,0.00,3.72,3.77,3.76,3.76,3.76,3.74,3.77,3.75,29.75,39.9,-30,-30,93.5,0,-345,577,205,0,666,0,0,1,-1,0,1,-1,-1,-1,-1,-1,-1,0,1,
2026-04-02,17:05:29.340,7.54,96,100,100,-0.008,25.79,51,0,8.07,-0.138,0.951,0.40,55,0,176.22,-10.90,10,0.00,3.72,3.77,3.74,3.75,3.76,3.74,3.77,3.75,29.75,39.9,-30,-30,94.6,0,-316,578,317,0,666,0,0,1,-1,0,1,-1,-1,-1,-1,-1,-1,0,1,
2026-04-02,17:05:29.610,7.54,96,100,100,0.016,25.80,51,0,8.07,-0.157,1.031,0.14,54,0,-174.85,-11.04,10,0.00,3.72,3.77,3.74,3.75,3.76,3.73,3.77,3.75,29.75,39.9,-30,-30,93.0,0,-347,580,68,0,666,0,0,1,-1,0,1,-1,-1,-1,-1,-1,-1,0,1,
2026-04-02,17:05:29.870,7.54,95,100,100,0.031,26.00,47,0,8.07,-0.142,0.964,0.41,55,0,-175.40,-10.99,10,0.00,3.72,3.77,3.74,3.75,3.76,3.73,3.77,3.75,29.75,39.9,-30,-30,93.3,0,-343,601,46,0,666,0,0,1,-1,0,1,-1,-1,-1,-1,-1,-1,0,1,
2026-04-02,17:05:30.140,7.54,89,100,100,0.038,26.14,44,0,8.07,-0.176,1.053,0.49,56,0,174.25,-11.80,10,0.00,3.72,3.76,3.74,3.75,3.76,3.73,3.77,3.75,29.75,40.2,-30,-30,92.0,0,-318,662,180,0,666,0,0,1,-1,0,1,-1,-1,-1,-1,-1,-1,0,1,
2026-04-02,17:05:30.410,7.53,88,100,100,0.022,26.23,46,0,8.07,-0.165,1.042,0.44,56,0,174.78,-11.17,10,0.00,3.72,3.76,3.74,3.74,3.76,3.73,3.77,3.75,29.69,46.5,-30,-30,94.5,0,-329,663,144,0,666,0,0,1,-1,0,1,-1,-1,-1,-1,-1,-1,0,1,
2026-04-02,17:05:30.680,7.54,92,100,100,-0.004,25.99,48,0,8.07,-0.163,0.987,-0.32,53,0,177.98,-10.62,10,0.00,3.72,3.76,3.74,3.74,3.75,3.72,3.77,3.75,29.69,46.5,-30,-30,95.2,0,-395,661,227,0,666,0,0,1,-1,0,1,-1,-1,-1,-1,-1,-1,0,1,
2026-04-02,17:05:30.950,7.53,98,100,100,0.018,26.01,50,0,8.07,-0.190,1.091,-0.24,52,0,-159.89,-11.68,10,0.00,3.72,3.76,3.74,3.74,3.75,3.72,3.77,3.75,29.63,46.5,-30,-30,93.0,0,-336,659,88,0,667,0,0,1,-1,0,1,-1,-1,-1,-1,-1,-1,0,1,
2026-04-02,17:05:31.220,7.53,95,100,100,0.013,26.23,48,0,8.07,-0.176,1.038,0.41,49,0,-177.97,-13.03,10,0.00,3.72,3.76,3.74,3.74,3.75,3.72,3.75,3.74,29.63,46.5,-30,-30,93.0,0,-298,658,0,0,667,0,0,1,-1,0,1,-1,-1,-1,-1,-1,-1,0,1,
2026-04-02,17:05:31.480,7.53,93,100,100,0.027,26.42,46,0,8.07,-0.184,1.031,0.54,47,0,146.62,-13.11,10,0.00,3.70,3.75,3.74,3.74,3.75,3.72,3.75,3.74,29.59,46.1,-30,-30,92.2,0,-330,657,0,0,666,0,0,1,-1,0,1,-1,-1,-1,-1,-1,-1,0,1,
2026-04-02,17:05:31.750,7.53,94,100,100,0.026,26.42,46,0,8.07,-0.168,0.965,0.46,47,0,175.91,-12.88,10,0.00,3.70,3.75,3.72,3.73,3.75,3.72,3.75,3.74,29.59,46.1,-30,-30,94.3,0,-374,657,0,0,667,0,0,1,-1,0,1,-1,-1,-1,-1,-1,-1,0,1,
2026-04-02,17:05:32.010,7.53,95,100,100,0.014,26.78,46,0,8.07,-0.180,1.038,0.68,46,0,173.19,-13.73,10,0.00,3.70,3.75,3.72,3.73,3.74,3.71,3.75,3.74,29.55,46.1,-30,-30,93.7,0,-391,659,31,0,667,0,0,1,-1,0,1,-1,-1,-1,-1,-1,-1,0,1,
2026-04-02,17:05:32.270,7.53,96,100,100,0.014,26.98,45,0,8.07,-0.199,1.109,0.72,47,0,172.67,-14.57,10,0.00,3.70,3.75,3.72,3.73,3.74,3.71,3.74,3.73,29.55,46.1,-30,-30,93.2,0,-430,660,22,0,667,0,0,1,-1,0,1,-1,-1,-1,-1,-1,-1,0,1,
2026-04-02,17:05:32.530,7.54,94,100,100,0.003,27.15,44,0,8.07,-0.207,1.154,0.58,48,0,173.73,-16.52,10,0.00,3.70,3.75,3.72,3.73,3.74,3.71,3.74,3.73,29.51,46.4,-30,-30,91.9,0,-442,659,8,0,666,0,0,1,-1,0,1,-1,-1,-1,-1,-1,-1,0,1,
2026-04-02,17:05:32.790,7.53,87,100,100,0.001,27.36,42,0,8.07,-0.197,1.152,0.68,49,0,172.00,-18.54,10,0.00,3.70,3.75,3.72,3.73,3.74,3.71,3.74,3.73,29.51,46.4,-30,-30,92.8,0,-433,659,0,0,666,0,0,1,-1,0,1,-1,-1,-1,-1,-1,-1,0,1,
2026-04-02,17:05:33.050,7.54,79,100,100,0.003,27.57,41,0,8.07,-0.203,1.142,0.70,49,0,171.32,-20.02,10,0.00,3.70,3.75,3.72,3.73,3.74,3.71,3.74,3.73,29.49,46.6,-30,-30,91.5,0,-421,659,0,0,667,0,0,1,-1,0,1,-1,-1,-1,-1,-1,-1,0,1,
2026-04-02,17:05:33.320,7.53,66,100,100,-0.002,27.90,39,0,8.07,-0.216,1.173,0.70,49,0,168.47,-22.52,10,0.00,3.70,3.75,3.72,3.73,3.74,3.71,3.74,3.73,29.49,46.6,-30,-30,90.7,0,-435,659,0,0,666,0,0,1,-1,0,1,-1,-1,-1,-1,-1,-1,0,1,
2026-04-02,17:05:33.590,7.53,58,100,100,0.002,28.80,36,0,8.07,-0.216,1.145,1.44,48,0,167.06,-23.23,10,0.00,3.70,3.75,3.72,3.73,3.74,3.71,3.74,3.72,29.47,46.6,-30,-30,90.7,0,-438,659,28,0,666,0,0,1,-1,0,1,-1,-1,-1,-1,-1,-1,0,1,
2026-04-02,17:05:33.850,7.53,62,100,100,0.002,29.31,36,0,8.07,-0.211,1.127,1.61,45,0,165.90,-23.96,10,0.00,3.69,3.73,3.72,3.73,3.74,3.71,3.74,3.72,29.47,46.6,-30,-30,90.6,0,-445,660,39,0,666,0,0,1,-1,0,1,-1,-1,-1,-1,-1,-1,0,1,
2026-04-02,17:05:34.110,7.53,77,100,100,0.007,29.31,39,0,8.07,-0.222,1.129,1.54,45,0,161.76,-25.61,10,0.00,3.69,3.73,3.71,3.72,3.74,3.71,3.74,3.72,29.44,46.6,-30,-30,90.9,0,-490,661,30,0,666,0,0,1,-1,0,1,-1,-1,-1,-1,-1,-1,0,1,
2026-04-02,17:05:34.380,7.53,92,100,100,0.022,30.27,40,0,8.07,-0.223,1.135,1.68,44,0,158.24,-27.81,10,0.00,3.69,3.73,3.71,3.72,3.73,3.70,3.74,3.72,29.44,47.1,-30,-30,88.5,0,-495,661,60,0,667,0,0,1,-1,0,1,-1,-1,-1,-1,-1,-1,0,1,
2026-04-02,17:05:34.650,7.54,94,100,100,0.013,30.91,41,0,8.07,-0.246,1.199,1.98,42,0,150.89,-30.11,10,0.00,3.69,3.73,3.71,3.72,3.73,3.70,3.73,3.72,29.42,47.1,-30,-30,86.5,0,-481,660,115,0,667,0,0,1,-1,0,1,-1,-1,-1,-1,-1,-1,0,1,
2026-04-02,17:05:34.920,7.53,93,98,98,0.003,31.63,43,0,8.07,-0.233,1.139,2.32,37,0,147.68,-30.58,10,0.00,3.68,3.73,3.71,3.72,3.73,3.70,3.73,3.72,29.39,47.3,-30,-30,86.5,0,-466,661,277,0,666,0,0,1,-1,0,1,-1,-1,-1,-1,-1,-1,0,1,
2026-04-02,17:05:35.180,7.53,96,96,94,0.005,31.63,43,0,8.07,-0.221,1.086,2.11,35,0,147.55,-30.45,10,0.00,3.68,3.73,3.71,3.72,3.73,3.70,3.73,3.72,29.39,47.3,-30,-30,86.5,0,-497,662,384,0,667,0,0,1,-1,0,1,-1,-1,-1,-1,-1,-1,0,1,
2026-04-02,17:05:35.440,7.53,97,97,93,0.045,32.53,43,0,8.07,-0.248,1.176,1.61,37,0,150.40,-30.00,10,0.00,3.68,3.73,3.71,3.72,3.73,3.70,3.73,3.72,29.39,47.2,-30,-30,86.5,0,-466,663,442,0,666,0,0,1,-1,0,1,-1,-1,-1,-1,-1,-1,0,1,
2026-04-02,17:05:35.700,7.53,98,98,93,0.048,33.00,41,0,8.07,-0.226,1.014,1.53,39,0,149.41,-29.14,10,0.00,3.68,3.73,3.71,3.72,3.72,3.69,3.73,3.72,29.37,47.2,-30,-30,86.3,0,-476,662,426,0,666,0,0,1,-1,0,1,-1,-1,-1,-1,-1,-1,0,1,
2026-04-02,17:05:35.960,7.54,97,97,93,0.031,33.50,41,0,8.07,-0.196,0.962,1.53,45,0,147.74,-27.31,10,0.00,3.68,3.73,3.71,3.72,3.72,3.69,3.73,3.71,29.35,47.5,-30,-30,85.4,0,-426,661,531,0,666,0,0,1,-1,0,1,-1,-1,-1,-1,-1,-1,0,1,
2026-04-02,17:05:36.220,7.53,98,98,93,0.018,33.82,41,0,8.07,-0.199,0.948,1.53,46,0,145.66,-23.65,10,0.00,3.68,3.73,3.71,3.72,3.72,3.69,3.73,3.71,29.35,47.5,-30,-30,85.4,0,-445,662,555,0,667,0,0,1,-1,0,1,-1,-1,-1,-1,-1,-1,0,1,
2026-04-02,17:05:36.480,7.53,99,99,93,0.028,33.89,42,0,8.07,-0.199,0.962,0.87,47,0,158.22,-20.13,10,0.00,3.68,3.73,3.70,3.72,3.72,3.69,3.73,3.71,29.34,47.4,-30,-30,88.3,28,-507,661,578,0,666,0,0,1,-1,0,1,-1,-1,-1,-1,-1,-1,0,1,
2026-04-02,17:05:36.740,7.54,100,100,93,0.052,33.70,43,0,8.07,-0.179,0.903,-0.30,49,0,163.69,-19.08,10,0.00,3.68,3.73,3.70,3.72,3.72,3.69,3.73,3.71,29.34,47.4,-30,-30,89.5,18,-568,661,436,0,666,0,0,1,-1,0,1,-1,-1,-1,-1,-1,-1,0,1,
2026-04-02,17:05:37.000,7.53,100,100,92,0.030,33.53,44,0,8.07,-0.166,1.043,-0.47,50,0,166.60,-20.10,10,0.00,3.68,3.73,3.70,3.72,3.72,3.69,3.73,3.71,29.33,46.7,-30,-30,92.6,14,-576,661,524,0,666,0,0,1,-1,0,1,-1,-1,-1,-1,-1,-1,0,1,
2026-04-02,17:05:37.260,7.53,100,100,92,0.015,33.27,45,0,8.07,-0.202,1.257,-0.69,53,0,168.35,-22.78,10,0.00,3.68,3.73,3.70,3.72,3.72,3.69,3.73,3.71,29.33,46.7,-30,-30,93.0,15,-497,662,437,0,666,0,0,1,-1,0,1,-1,-1,-1,-1,-1,-1,0,1,
2026-04-02,17:05:37.530,7.53,100,100,92,0.038,32.97,45,0,8.07,-0.212,1.184,-0.89,54,0,170.74,-22.87,10,0.00,3.67,3.72,3.70,3.72,3.72,3.69,3.73,3.71,29.31,46.3,-30,-30,93.0,22,-505,683,413,0,666,0,0,1,-1,0,1,-1,-1,-1,-1,-1,-1,0,1,
2026-04-02,17:05:37.790,7.53,100,100,92,0.020,32.59,45,0,8.07,-0.187,1.069,-1.08,56,0,175.33,-22.55,10,0.00,3.67,3.72,3.70,3.72,3.72,3.69,3.73,3.71,29.31,46.3,-30,-30,92.2,23,-557,686,437,0,666,0,0,1,-1,0,1,-1,-1,-1,-1,-1,-1,0,1,
2026-04-02,17:05:38.060,7.53,100,100,92,0.012,32.12,45,0,8.07,-0.164,1.043,-1.47,56,0,178.46,-22.81,10,0.00,3.67,3.72,3.70,3.72,3.71,3.69,3.73,3.71,29.29,48.2,-30,-30,93.7,21,-556,695,280,0,667,0,0,1,-1,0,1,-1,-1,-1,-1,-1,-1,0,1,
2026-04-02,17:05:38.320,7.53,99,99,92,0.041,31.75,45,0,8.07,-0.238,1.466,-1.37,57,0,-170.47,-24.65,10,0.00,3.67,3.72,3.70,3.72,3.71,3.69,3.73,3.71,29.29,48.2,-30,-30,95.2,18,-467,702,0,0,667,0,0,1,-1,0,1,-1,-1,-1,-1,-1,-1,0,1,
2026-04-02,17:05:38.590,7.53,95,95,92,0.044,31.58,45,0,8.07,-0.212,1.466,-1.07,57,0,-170.47,-24.65,10,0.00,3.67,3.72,3.70,3.72,3.71,3.69,3.73,3.71,29.27,48.9,-30,-30,92.2,0,-458,699,69,0,666,0,0,1,-1,0,1,-1,-1,-1,-1,-1,-1,0,1,
2026-04-02,17:05:38.850,7.54,93,93,92,-0.031,31.66,45,0,8.07,-0.186,1.075,-0.18,56,0,165.38,-30.89,10,0.00,3.67,3.72,3.69,3.71,3.71,3.69,3.73,3.71,29.27,48.9,-30,-30,93.2,0,-461,698,285,0,666,0,0,1,-1,0,1,-1,-1,-1,-1,-1,-1,0,1,
2026-04-02,17:05:39.120,7.53,94,96,96,-0.003,31.54,45,0,8.07,-0.186,1.238,-0.28,55,0,168.90,-32.64,10,0.00,3.67,3.72,3.69,3.71,3.70,3.68,3.73,3.71,29.24,48.9,-30,-30,93.2,0,-477,697,239,0,667,0,0,1,-1,0,1,-1,-1,-1,-1,-1,-1,0,1,
2026-04-02,17:05:39.380,7.53,97,98,98,0.033,31.54,46,0,8.07,-0.266,1.238,-0.28,49,0,-102.40,-34.39,10,0.00,3.67,3.72,3.69,3.71,3.70,3.68,3.73,3.71,29.24,48.9,-30,-30,89.6,0,-342,697,0,0,667,0,0,1,-1,0,1,-1,-1,-1,-1,-1,-1,0,1,
2026-04-02,17:05:39.640,7.53,99,99,96,0.051,32.13,46,0,8.07,-0.207,0.983,0.72,44,0,167.14,-34.24,10,0.00,3.67,3.72,3.69,3.71,3.70,3.68,3.73,3.71,29.23,49.3,-30,-30,89.6,0,-374,696,67,0,666,0,0,1,-1,0,1,-1,-1,-1,-1,-1,-1,0,1,
2026-04-02,17:05:39.900,7.53,99,99,93,0.049,32.18,46,0,8.07,-0.189,0.924,0.54,40,0,159.59,-32.06,10,0.00,3.67,3.72,3.69,3.71,3.70,3.68,3.73,3.71,29.21,49.1,-30,-30,89.6,0,-461,696,290,0,667,0,0,1,-1,0,1,-1,-1,-1,-1,-1,-1,0,1,
2026-04-02,17:05:40.160,7.53,100,100,91,0.047,32.34,46,0,8.07,-0.185,1.078,0.45,40,0,157.75,-29.90,10,0.00,3.67,3.72,3.69,3.70,3.70,3.68,3.73,3.71,29.21,49.1,-30,-30,93.2,0,-493,696,401,0,666,0,0,1,-1,0,1,-1,-1,-1,-1,-1,-1,0,1,
2026-04-02,17:05:40.430,7.53,99,99,88,0.011,32.49,45,0,8.07,-0.195,1.111,0.50,37,0,162.62,-30.53,10,0.00,3.67,3.72,3.69,3.70,3.70,3.67,3.73,3.71,29.21,48.9,-30,-30,93.2,8,-495,696,426,0,667,0,0,1,-1,0,1,-1,-1,-1,-1,-1,-1,0,1,
2026-04-02,17:05:40.700,7.53,97,97,86,0.008,32.72,44,0,8.07,-0.209,1.111,0.60,36,0,166.01,-31.43,10,0.00,3.67,3.72,3.69,3.70,3.70,3.67,3.71,3.69,29.19,48.9,-30,-30,94.5,18,-387,697,467,0,666,0,0,1,-1,0,1,-1,-1,-1,-1,-1,-1,0,1,
2026-04-02,17:05:40.960,7.53,96,96,87,0.047,32.90,43,0,8.10,-0.181,0.951,0.77,36,0,169.60,-30.90,10,0.00,3.66,3.71,3.69,3.70,3.70,3.67,3.71,3.69,29.18,49.0,-30,-30,92.0,16,-311,697,315,0,666,0,0,1,-1,0,1,-1,-1,-1,-1,-1,-1,0,1,
2026-04-02,17:05:41.220,7.53,93,93,84,0.050,33.04,43,0,8.10,-0.189,0.991,0.48,37,0,169.60,-30.90,10,0.00,3.66,3.71,3.68,3.70,3.70,3.67,3.71,3.69,29.18,49.0,-30,-30,94.1,18,-385,698,463,0,666,0,0,1,-1,0,1,-1,-1,-1,-1,-1,-1,0,1,
2026-04-02,17:05:41.480,7.53,93,93,83,0.021,33.26,43,0,8.08,-0.169,0.947,0.72,38,0,172.90,-25.69,10,0.00,3.66,3.71,3.68,3.70,3.70,3.67,3.71,3.69,29.17,48.8,-30,-30,96.5,19,-402,698,462,0,666,0,0,1,-1,0,1,-1,-1,-1,-1,-1,-1,0,1,
2026-04-02,17:05:41.760,7.53,93,93,83,0.045,33.37,43,0,8.13,-0.172,0.947,0.54,38,0,178.20,-24.45,10,0.00,3.66,3.71,3.68,3.70,3.69,3.67,3.71,3.69,29.17,48.8,-30,-30,95.0,28,-366,698,435,0,667,0,0,1,-1,0,1,-1,-1,-1,-1,-1,-1,0,1,
2026-04-02,17:05:42.030,7.53,94,94,83,0.048,33.45,44,0,8.11,-0.178,1.048,0.30,44,0,-174.11,-22.76,10,0.00,3.66,3.71,3.68,3.70,3.69,3.67,3.71,3.69,29.16,48.5,-30,-30,94.6,17,-355,699,235,0,667,0,0,1,-1,0,1,-1,-1,-1,-1,-1,-1,0,1,
2026-04-02,17:05:42.300,7.53,95,95,82,0.048,33.59,44,0,8.08,-0.185,0.922,0.15,45,0,-173.39,-20.71,10,0.00,3.66,3.70,3.68,3.70,3.69,3.67,3.71,3.69,29.16,48.5,-30,-30,94.6,0,-454,697,57,0,666,0,0,1,-1,0,1,-1,-1,-1,-1,-1,-1,0,1,
2026-04-02,17:05:42.560,7.53,94,94,81,0.033,33.73,44,0,8.08,-0.173,0.922,0.28,46,0,-173.39,-20.71,10,0.00,3.66,3.70,3.68,3.70,3.69,3.67,3.71,3.69,29.16,48.5,-30,-30,95.9,0,-454,697,0,0,666,0,0,1,-1,0,1,-1,-1,-1,-1,-1,-1,0,1,
2026-04-02,17:05:42.820,7.53,94,94,82,0.005,33.97,43,0,8.07,-0.190,1.230,0.56,47,0,-179.39,-24.77,10,0.00,3.66,3.70,3.68,3.70,3.69,3.67,3.71,3.69,29.16,48.5,-30,-30,94.5,0,-449,696,0,0,667,0,0,1,-1,0,1,-1,-1,-1,-1,-1,-1,0,1,
2026-04-02,17:05:43.090,7.53,92,92,82,-0.013,34.17,41,0,8.07,-0.199,1.369,0.75,50,0,-179.31,-26.66,10,0.00,3.66,3.70,3.68,3.70,3.69,3.67,3.71,3.69,29.15,48.2,-30,-30,94.5,0,-402,696,0,0,667,0,0,1,-1,0,1,-1,-1,-1,-1,-1,-1,0,1,
2026-04-02,17:05:43.360,7.53,92,92,82,-0.009,34.48,40,0,8.07,-0.199,1.319,0.81,51,0,-178.20,-29.65,10,0.00,3.66,3.70,3.68,3.70,3.69,3.67,3.71,3.69,29.15,48.2,-30,-30,95.4,-9,-402,694,-146,0,667,0,0,1,-1,0,1,-1,-1,-1,-1,-1,-1,0,1,
2026-04-02,17:05:43.630,7.53,91,91,83,0.012,35.11,40,0,8.07,-0.205,1.064,1.58,52,0,175.74,-30.55,10,0.00,3.66,3.70,3.68,3.70,3.69,3.67,3.71,3.69,29.14,48.1,-30,-30,95.4,-38,-425,695,-167,0,666,0,0,1,-1,0,1,-1,-1,-1,-1,-1,-1,0,1,
2026-04-02,17:05:43.900,7.53,85,86,86,0.009,35.55,39,0,8.07,-0.196,1.064,1.63,55,0,175.74,-30.55,10,0.00,3.66,3.70,3.68,3.70,3.69,3.67,3.71,3.69,29.14,48.4,-30,-30,92.8,-52,-420,695,-279,0,667,0,0,1,-1,0,1,-1,-1,-1,-1,-1,-1,0,1,
2026-04-02,17:05:44.160,7.54,82,87,87,-0.006,36.32,38,0,8.07,-0.215,1.145,1.63,57,0,163.25,-34.16,10,0.00,3.66,3.70,3.68,3.70,3.69,3.67,3.71,3.69,29.13,48.4,-30,-30,90.4,-46,-477,695,-138,0,666,0,0,1,-1,0,1,-1,-1,-1,-1,-1,-1,0,1,
2026-04-02,17:05:44.420,7.53,84,91,91,-0.020,37.15,40,0,8.07,-0.254,1.295,1.63,59,0,158.32,-37.51,10,0.00,3.66,3.70,3.68,3.70,3.69,3.67,3.70,3.69,29.13,49.0,-30,-30,90.4,-36,-479,695,0,0,667,0,0,1,-1,0,1,-1,-1,-1,-1,-1,-1,0,1,
2026-04-02,17:05:44.690,7.53,90,92,92,0.007,38.25,42,0,8.07,-0.264,1.234,3.29,61,0,156.58,-38.39,10,0.00,3.65,3.70,3.68,3.70,3.69,3.67,3.70,3.69,29.11,49.0,-30,-30,90.4,-27,-487,695,0,0,666,0,0,1,-1,0,1,-1,-1,-1,-1,-1,-1,0,1,
2026-04-02,17:05:44.950,7.53,95,95,93,0.027,39.37,42,0,8.07,-0.256,1.108,3.73,62,0,147.79,-38.78,10,0.00,3.65,3.70,3.67,3.69,3.69,3.67,3.70,3.69,29.10,49.6,-30,-30,85.6,-23,-481,695,-24,0,666,0,0,1,-1,0,1,-1,-1,-1,-1,-1,-1,0,1,
2026-04-02,17:05:45.220,7.53,97,97,96,0.032,41.10,44,0,8.07,-0.254,1.109,3.04,58,0,140.87,-39.21,10,0.00,3.65,3.70,3.67,3.69,3.69,3.66,3.70,3.69,29.10,49.6,-30,-30,83.5,-21,-477,695,2,0,667,0,0,1,-1,0,1,-1,-1,-1,-1,-1,-1,0,1,
2026-04-02,17:05:45.490,7.53,98,98,96,0.019,41.89,44,0,8.07,-0.254,1.111,2.89,57,0,129.69,-39.52,10,0.00,3.65,3.70,3.67,3.69,3.69,3.66,3.70,3.68,29.08,50.0,-30,-30,82.8,0,-529,696,309,0,666,0,0,1,-1,0,1,-1,-1,-1,-1,-1,-1,0,1,
2026-04-02,17:05:45.750,7.53,98,98,96,0.001,42.70,44,0,8.07,-0.267,1.140,2.83,58,0,129.01,-39.04,10,0.00,3.64,3.69,3.67,3.69,3.69,3.66,3.70,3.68,29.08,50.0,-30,-30,81.7,0,-572,695,154,0,667,0,0,1,-1,0,1,-1,-1,-1,-1,-1,-1,0,1,
2026-04-02,17:05:46.020,7.53,93,97,97,0.001,42.70,44,0,8.07,-0.295,1.243,2.49,61,0,133.85,-37.19,10,0.00,3.64,3.69,3.67,3.69,3.69,3.66,3.70,3.68,29.05,50.0,-30,-30,80.4,0,-544,695,0,0,666,0,0,1,-1,0,1,-1,-1,-1,-1,-1,-1,0,1,
2026-04-02,17:05:46.280,7.53,86,97,97,0.034,43.99,42,0,8.07,-0.287,1.187,2.32,60,0,120.07,-35.38,10,0.00,3.64,3.69,3.67,3.69,3.69,3.66,3.70,3.68,29.05,50.0,-30,-30,80.2,0,-568,696,129,0,666,0,0,1,-1,0,1,-1,-1,-1,-1,-1,-1,0,1,
2026-04-02,17:05:46.550,7.53,80,98,98,0.016,44.63,39,0,8.07,-0.275,1.141,2.32,60,0,112.34,-33.83,10,0.00,3.64,3.69,3.67,3.69,3.68,3.66,3.70,3.68,29.04,50.5,-30,-30,81.1,0,-585,696,271,0,667,0,0,1,-1,0,1,-1,-1,-1,-1,-1,-1,0,1,
2026-04-02,17:05:46.810,7.54,77,98,98,-0.004,44.92,38,0,8.07,-0.275,1.189,1.74,61,0,112.15,-29.74,10,0.00,3.64,3.69,3.67,3.69,3.68,3.66,3.69,3.68,29.04,50.5,-30,-30,81.1,0,-593,695,194,0,667,0,0,1,-1,0,1,-1,-1,-1,-1,-1,-1,0,1,
2026-04-02,17:05:47.080,7.54,85,98,98,0.021,45.00,39,0,8.07,-0.286,1.248,0.76,63,0,114.72,-24.90,10,0.00,3.64,3.68,3.67,3.69,3.68,3.66,3.69,3.68,29.03,50.4,-30,-30,81.7,0,-616,695,256,0,667,0,0,1,-1,0,1,-1,-1,-1,-1,-1,-1,0,1,
2026-04-02,17:05:47.340,7.53,90,98,98,0.024,44.99,46,0,8.07,-0.291,1.313,0.29,62,0,112.20,-22.33,10,0.00,3.64,3.68,3.67,3.68,3.68,3.66,3.69,3.68,29.03,50.4,-30,-30,81.7,0,-607,695,297,0,666,0,0,1,-1,0,1,-1,-1,-1,-1,-1,-1,0,1,
2026-04-02,17:05:47.600,7.53,97,98,98,0.013,44.88,50,0,8.07,-0.271,1.310,-0.10,61,0,105.18,-16.49,10,0.00,3.64,3.68,3.67,3.68,3.68,3.65,3.69,3.68,29.01,50.3,-30,-30,83.7,0,-601,695,274,0,666,0,0,1,-1,0,1,-1,-1,-1,-1,-1,-1,0,1,
2026-04-02,17:05:47.860,7.53,98,99,99,-0.010,44.56,53,0,8.07,-0.235,1.310,-0.63,61,0,104.37,-13.41,10,0.00,3.64,3.68,3.67,3.68,3.68,3.65,3.69,3.67,29.01,50.3,-30,-30,89.1,0,-594,695,269,0,666,0,0,1,-1,0,1,-1,-1,-1,-1,-1,-1,0,1,
2026-04-02,17:05:48.130,7.53,98,99,99,-0.001,43.19,54,0,8.07,-0.229,1.442,-2.26,65,0,105.07,-7.26,10,0.00,3.63,3.68,3.67,3.68,3.68,3.65,3.69,3.67,29.01,49.2,-30,-30,92.0,0,-604,696,321,0,667,0,0,1,-1,0,1,-1,-1,-1,-1,-1,-1,0,1,
2026-04-02,17:05:48.410,7.53,98,99,99,0.009,42.25,55,0,8.07,-0.194,1.365,-2.68,66,0,103.85,-4.22,10,0.00,3.63,3.68,3.67,3.68,3.68,3.65,3.69,3.67,29.01,48.1,-30,-30,92.8,0,-589,695,428,0,667,0,0,1,-1,0,1,-1,-1,-1,-1,-1,-1,0,1,
2026-04-02,17:05:48.680,7.53,99,99,99,0.018,41.15,55,0,8.07,-0.189,1.408,-3.37,68,0,102.90,0.84,10,0.00,3.63,3.68,3.67,3.68,3.68,3.65,3.69,3.67,29.01,48.1,-30,-30,96.7,0,-578,696,525,0,667,0,0,1,-1,0,1,-1,-1,-1,-1,-1,-1,0,1,
2026-04-02,17:05:48.960,7.53,97,99,99,-0.011,41.15,55,0,8.07,-0.140,1.192,-4.25,67,0,103.57,4.62,10,0.00,3.63,3.68,3.67,3.68,3.67,3.66,3.69,3.67,29.02,47.2,-30,-30,99.8,0,-576,696,638,0,666,0,0,1,-1,0,1,-1,-1,-1,-1,-1,-1,0,1,
2026-04-02,17:05:49.220,7.53,98,99,99,-0.021,38.48,55,0,8.07,-0.112,1.134,-4.42,66,0,107.26,6.22,10,0.00,3.63,3.68,3.67,3.68,3.67,3.66,3.69,3.68,29.02,47.2,-30,-30,99.8,0,-584,697,406,0,666,0,0,1,-1,0,1,-1,-1,-1,-1,-1,-1,0,1,
2026-04-02,17:05:49.490,7.53,96,100,100,-0.023,37.03,56,0,8.07,-0.142,1.415,-4.65,66,0,121.65,8.21,10,0.00,3.64,3.68,3.67,3.68,3.67,3.66,3.69,3.68,29.03,46.6,-30,-30,103.2,0,-589,697,136,0,666,0,0,1,-1,0,1,-1,-1,-1,-1,-1,-1,0,1,
2026-04-02,17:05:49.750,7.53,97,100,100,-0.025,35.40,56,0,8.07,-0.171,1.599,-5.26,68,0,125.08,7.30,10,0.00,3.64,3.68,3.67,3.69,3.67,3.66,3.69,3.68,29.03,46.6,-30,-30,104.5,0,-594,696,113,0,666,0,0,1,-1,0,1,-1,-1,-1,-1,-1,-1,0,1,
2026-04-02,17:05:50.010,7.53,97,100,100,-0.018,33.64,56,0,8.07,-0.141,1.439,-5.77,68,0,124.20,6.89,10,0.00,3.64,3.68,3.67,3.69,3.67,3.66,3.69,3.68,29.04,46.1,-30,-30,104.5,0,-592,696,181,0,666,0,0,1,-1,0,1,-1,-1,-1,-1,-1,-1,0,1,
2026-04-02,17:05:50.270,7.53,98,100,100,-0.043,32.13,57,0,8.07,-0.161,1.676,-5.59,70,0,122.61,4.61,10,0.00,3.64,3.68,3.67,3.69,3.67,3.66,3.69,3.68,29.04,46.1,-30,-30,106.3,0,-589,696,230,0,666,0,0,1,-1,0,1,-1,-1,-1,-1,-1,-1,0,1,
2026-04-02,17:05:50.530,7.53,98,100,100,-0.053,30.64,58,0,8.07,-0.145,1.545,-5.20,71,0,123.45,4.20,10,0.00,3.64,3.69,3.67,3.69,3.67,3.66,3.69,3.68,29.05,45.5,-30,-30,104.8,0,-552,696,139,0,667,0,0,1,-1,0,1,-1,-1,-1,-1,-1,-1,0,1,
2026-04-02,17:05:50.790,7.53,99,100,100,-0.049,27.74,59,0,8.07,-0.112,1.479,-5.01,71,0,131.31,4.50,10,0.00,3.64,3.69,3.67,3.69,3.67,3.66,3.69,3.68,29.05,45.5,-30,-30,107.8,0,-536,696,31,0,666,0,0,1,-1,0,1,-1,-1,-1,-1,-1,-1,0,1,
2026-04-02,17:05:51.060,7.53,100,100,100,-0.046,26.77,60,0,8.07,-0.134,1.615,-4.12,67,0,131.53,3.81,10,0.00,3.64,3.69,3.67,3.69,3.67,3.66,3.69,3.68,29.06,44.8,-30,-30,109.1,0,-512,696,0,0,666,0,0,1,-1,0,1,-1,-1,-1,-1,-1,-1,0,1,
2026-04-02,17:05:51.330,7.53,100,100,100,-0.060,25.89,60,0,8.07,-0.136,1.540,-3.41,63,0,127.51,3.59,10,0.00,3.64,3.69,3.67,3.69,3.68,3.66,3.69,3.68,29.06,44.8,-30,-30,109.1,0,-550,696,0,0,666,0,0,1,-1,0,1,-1,-1,-1,-1,-1,-1,0,1,
2026-04-02,17:05:51.600,7.53,100,100,99,-0.019,25.89,60,0,8.07,-0.137,1.495,-2.88,58,0,123.47,4.17,10,0.00,3.64,3.69,3.67,3.69,3.68,3.66,3.69,3.68,29.07,45.5,-30,-30,105.9,0,-590,697,-18,0,666,0,0,1,-1,0,1,-1,-1,-1,-1,-1,-1,0,1,
2026-04-02,17:05:51.860,7.53,100,100,99,-0.042,24.46,61,0,8.05,-0.128,1.251,-2.69,60,0,119.75,4.08,10,0.00,3.64,3.69,3.67,3.69,3.68,3.66,3.69,3.68,29.07,45.5,-30,-30,103.9,0,-698,696,0,0,666,0,0,1,-1,0,1,-1,-1,-1,-1,-1,-1,0,1,
2026-04-02,17:05:52.120,7.53,100,100,99,-0.080,24.17,63,0,8.05,-0.184,1.808,-1.80,49,0,122.66,2.61,10,0.00,3.64,3.69,3.67,3.69,3.68,3.66,3.69,3.68,29.07,46.2,-30,-30,100.6,0,-690,696,0,0,666,0,0,1,-1,0,1,-1,-1,-1,-1,-1,-1,0,1,
2026-04-02,17:05:52.390,7.53,100,100,98,-0.047,24.28,66,0,8.06,-0.205,1.751,-0.50,49,0,123.19,2.41,10,0.00,3.64,3.69,3.67,3.69,3.68,3.66,3.69,3.68,29.07,46.2,-30,-30,102.4,0,-736,697,11,0,666,0,0,1,-1,0,1,-1,-1,-1,-1,-1,-1,0,1,
2026-04-02,17:05:52.660,7.53,100,100,98,-0.028,24.21,67,0,8.07,-0.206,1.755,-0.23,51,0,118.12,2.80,10,0.00,3.64,3.69,3.67,3.69,3.68,3.66,3.69,3.68,29.06,46.3,-30,-30,98.7,-7,-660,696,288,0,666,0,0,1,-1,0,1,-1,-1,-1,-1,-1,-1,0,1,
2026-04-02,17:05:52.920,7.53,100,100,98,-0.034,23.94,65,0,8.07,-0.214,1.679,-0.44,60,0,116.38,4.56,10,0.00,3.64,3.68,3.67,3.69,3.68,3.66,3.69,3.68,29.06,46.9,-30,-30,97.8,-9,-680,696,423,0,666,0,0,1,-1,0,1,-1,-1,-1,-1,-1,-1,0,1,
2026-04-02,17:05:53.180,7.53,100,100,98,-0.028,23.73,63,0,8.07,-0.186,1.516,-0.90,64,0,119.46,6.43,10,0.00,3.64,3.68,3.67,3.68,3.68,3.66,3.69,3.68,29.04,46.9,-30,-30,98.0,-2,-699,696,507,0,666,0,0,1,-1,0,1,-1,-1,-1,-1,-1,-1,0,1,
2026-04-02,17:05:53.450,7.53,100,100,98,-0.003,23.05,62,0,8.07,-0.176,1.451,-1.24,71,0,122.23,9.12,10,0.00,3.64,3.68,3.67,3.68,3.68,3.66,3.69,3.68,29.03,47.4,-30,-30,98.9,0,-706,697,537,0,666,0,0,1,-1,0,1,-1,-1,-1,-1,-1,-1,0,1,
2026-04-02,17:05:53.710,7.53,100,100,98,-0.023,22.47,58,0,8.02,-0.130,1.387,-1.72,74,0,121.49,9.99,10,0.00,3.64,3.68,3.67,3.68,3.67,3.65,3.69,3.68,29.03,47.4,-30,-30,98.9,0,-674,697,773,0,667,0,0,1,-1,0,1,-1,-1,-1,-1,-1,-1,0,1,
2026-04-02,17:05:53.970,7.53,100,100,98,-0.030,22.03,54,0,8.04,-0.130,1.248,-1.68,74,0,128.19,11.16,10,0.00,3.64,3.68,3.67,3.68,3.67,3.65,3.69,3.67,29.02,46.7,-30,-30,101.1,0,-736,697,567,0,666,0,0,1,-1,0,1,-1,-1,-1,-1,-1,-1,0,1,
2026-04-02,17:05:54.240,7.53,100,100,98,-0.023,21.26,52,0,8.05,-0.201,1.488,-2.05,71,0,143.03,11.08,10,0.00,3.63,3.68,3.67,3.68,3.67,3.65,3.69,3.67,29.02,46.7,-30,-30,100.4,0,-757,697,587,0,666,0,0,1,-1,0,1,-1,-1,-1,-1,-1,-1,0,1,
2026-04-02,17:05:54.500,7.53,100,100,98,-0.007,20.47,53,0,8.02,-0.166,1.402,-2.60,66,0,145.76,10.30,10,0.00,3.63,3.68,3.67,3.68,3.67,3.65,3.69,3.67,29.01,47.2,-30,-30,98.3,0,-775,697,584,0,667,0,0,1,-1,0,1,-1,-1,-1,-1,-1,-1,0,1,
2026-04-02,17:05:54.770,7.53,94,98,98,-0.003,19.71,50,0,8.05,-0.208,1.402,-2.64,59,0,147.83,7.34,10,0.00,3.63,3.68,3.67,3.68,3.67,3.65,3.69,3.67,29.01,47.2,-30,-30,96.5,0,-650,697,593,0,667,0,0,1,-1,0,1,-1,-1,-1,-1,-1,-1,0,1,
2026-04-02,17:05:55.040,7.53,86,98,98,0.003,19.11,45,0,8.06,-0.199,1.401,-2.39,55,0,148.58,6.46,10,0.00,3.63,3.68,3.67,3.68,3.67,3.65,3.68,3.67,28.99,47.9,-30,-30,95.0,0,-650,778,497,0,666,0,0,1,-1,0,1,-1,-1,-1,-1,-1,-1,0,1,
2026-04-02,17:05:55.300,7.54,84,98,98,0.013,18.59,45,0,8.07,-0.178,1.098,-1.90,49,0,149.20,7.46,10,0.00,3.63,3.67,3.67,3.68,3.67,3.65,3.68,3.67,28.99,47.9,-30,-30,98.3,0,-731,837,510,0,666,0,0,1,-1,0,1,-1,-1,-1,-1,-1,-1,0,1,
2026-04-02,17:05:55.560,7.54,84,98,98,-0.033,17.58,46,0,8.05,-0.222,1.604,-2.72,51,0,156.29,3.35,10,0.00,3.63,3.67,3.67,3.68,3.67,3.65,3.68,3.67,28.90,47.9,-30,-30,99.6,0,-710,862,499,0,666,0,0,1,-1,0,1,-1,-1,-1,-1,-1,-1,0,1,
2026-04-02,17:05:55.820,7.53,91,97,97,-0.010,16.51,47,0,8.06,-0.271,1.663,-3.45,53,0,162.06,-0.31,10,0.00,3.63,3.67,3.66,3.67,3.67,3.65,3.68,3.67,28.90,47.9,-30,-30,99.6,0,-714,872,290,0,666,0,0,1,-1,0,1,-1,-1,-1,-1,-1,-1,0,1,
2026-04-02,17:05:56.080,7.53,93,97,97,0.030,15.87,50,0,8.07,-0.313,1.665,-2.88,56,0,161.24,-6.26,10,0.00,3.63,3.67,3.66,3.67,3.65,3.63,3.68,3.67,28.81,47.9,-30,-30,98.5,0,-652,868,383,0,666,0,0,1,-1,0,1,-1,-1,-1,-1,-1,-1,0,1,
2026-04-02,17:05:56.350,7.53,100,100,97,0.023,15.33,48,0,8.04,-0.298,1.714,-1.10,58,0,153.96,-8.36,10,0.00,3.63,3.67,3.66,3.67,3.65,3.63,3.66,3.64,28.81,47.9,-30,-30,95.7,88,-541,869,622,0,666,0,0,1,-1,0,1,-1,-1,-1,-1,-1,-1,0,1,
2026-04-02,17:05:56.620,7.53,98,98,97,-0.001,14.93,47,0,8.01,-0.194,1.163,-1.03,60,0,146.59,-8.55,10,0.00,3.59,3.64,3.66,3.67,3.65,3.63,3.66,3.64,28.81,63.1,-30,-30,98.2,174,-571,872,928,0,666,0,0,1,-1,0,1,-1,-1,-1,-1,-1,-1,0,1,
2026-04-02,17:05:56.890,7.53,95,97,97,0.015,14.28,46,0,7.96,-0.179,0.939,-1.79,63,0,168.43,-4.85,10,0.00,3.59,3.64,3.62,3.64,3.65,3.63,3.66,3.64,28.81,63.1,-30,-30,100.7,121,-738,872,336,0,666,0,0,1,-1,0,1,-1,-1,-1,-1,-1,-1,0,1,
2026-04-02,17:05:57.150,7.54,94,97,97,-0.014,13.97,46,0,8.02,-0.229,1.626,-1.55,65,0,174.84,-9.12,10,0.00,3.59,3.64,3.62,3.64,3.63,3.60,3.66,3.64,28.73,62.4,-30,-30,100.7,76,-629,869,197,0,666,0,0,1,-1,0,1,-1,-1,-1,-1,-1,-1,0,1,
2026-04-02,17:05:57.420,7.53,95,97,97,0.004,14.15,48,0,8.05,-0.278,1.745,-0.41,66,0,171.17,-18.40,10,0.00,3.59,3.64,3.62,3.64,3.63,3.60,3.64,3.62,28.66,62.5,-30,-30,98.7,63,-527,868,175,0,667,0,0,1,-1,0,1,-1,-1,-1,-1,-1,-1,0,1,
2026-04-02,17:05:57.690,7.53,95,96,96,-0.019,14.65,48,0,8.06,-0.255,1.537,0.94,66,0,167.28,-20.03,10,0.00,3.59,3.64,3.62,3.64,3.63,3.60,3.64,3.62,28.66,62.5,-30,-30,99.1,55,-552,867,328,0,667,0,0,1,-1,0,1,-1,-1,-1,-1,-1,-1,0,1,
2026-04-02,17:05:57.960,7.53,92,96,96,-0.005,14.73,47,0,8.07,-0.218,1.480,0.74,65,0,169.83,-22.31,10,0.00,3.58,3.63,3.62,3.64,3.63,3.60,3.64,3.62,28.62,61.9,-30,-30,97.2,42,-491,808,183,0,666,0,0,1,-1,0,1,-1,-1,-1,-1,-1,-1,0,1,
2026-04-02,17:05:58.220,7.53,88,96,96,0.011,15.00,45,0,8.07,-0.236,1.260,0.59,64,0,168.92,-26.58,10,0.00,3.58,3.63,3.62,3.63,3.63,3.60,3.64,3.62,28.62,61.9,-30,-30,97.2,29,-430,783,156,0,666,0,0,1,-1,0,1,-1,-1,-1,-1,-1,-1,0,1,
2026-04-02,17:05:58.480,7.53,88,96,96,0.006,15.81,45,0,8.07,-0.205,1.194,0.59,64,0,165.70,-27.52,10,0.00,3.58,3.63,3.62,3.63,3.63,3.60,3.64,3.62,28.62,55.3,-30,-30,94.8,17,-436,778,414,0,667,0,0,1,-1,0,1,-1,-1,-1,-1,-1,-1,0,1,
2026-04-02,17:05:58.740,7.53,88,96,96,0.011,15.81,44,0,8.07,-0.192,1.138,2.58,64,0,168.94,-28.65,10,0.00,3.58,3.63,3.62,3.63,3.63,3.60,3.64,3.62,28.62,55.3,-30,-30,96.7,0,-413,778,637,0,667,0,0,1,-1,0,1,-1,-1,-1,-1,-1,-1,0,1,
2026-04-02,17:05:59.020,7.53,88,96,96,0.011,17.54,43,0,8.07,-0.198,1.016,2.90,63,0,175.57,-28.46,10,0.00,3.58,3.63,3.62,3.63,3.63,3.60,3.64,3.62,28.61,54.8,-30,-30,95.0,0,-440,777,76,0,667,0,0,1,-1,0,1,-1,-1,-1,-1,-1,-1,0,1,
2026-04-02,17:05:59.280,7.53,89,96,96,0.041,19.56,43,0,8.07,-0.222,1.111,3.40,61,0,171.20,-27.61,10,0.00,3.58,3.63,3.63,3.64,3.63,3.60,3.64,3.62,28.61,54.8,-30,-30,92.8,0,-417,777,94,0,667,0,0,1,-1,0,1,-1,-1,-1,-1,-1,-1,0,1,
2026-04-02,17:05:59.550,7.53,93,96,96,0.026,20.62,45,0,8.07,-0.222,1.090,3.62,59,0,171.96,-29.49,10,0.00,3.58,3.63,3.63,3.64,3.64,3.61,3.64,3.62,28.62,54.8,-30,-30,91.3,0,-396,778,74,0,666,0,0,1,-1,0,1,-1,-1,-1,-1,-1,-1,0,1,
2026-04-02,17:05:59.810,7.53,97,97,97,0.018,21.70,47,0,8.07,-0.241,1.125,3.63,57,0,170.80,-30.40,10,0.00,3.58,3.63,3.63,3.64,3.64,3.61,3.65,3.63,28.62,54.8,-30,-30,90.7,0,-391,778,44,0,666,0,0,1,-1,0,1,-1,-1,-1,-1,-1,-1,0,1,
2026-04-02,17:06:00.070,7.53,99,99,97,0.000,22.78,48,0,8.07,-0.253,1.067,3.73,56,0,169.19,-32.09,10,0.00,3.58,3.63,3.63,3.64,3.64,3.61,3.65,3.63,28.60,55.6,-30,-30,88.3,0,-361,776,0,0,667,0,0,1,-1,0,1,-1,-1,-1,-1,-1,-1,0,1,
2026-04-02,17:06:00.350,7.53,96,98,98,0.014,23.91,49,0,8.07,-0.246,0.978,3.86,54,0,169.49,-31.83,10,0.00,3.58,3.63,3.63,3.64,3.64,3.61,3.65,3.63,28.60,55.6,-30,-30,84.3,0,-313,776,0,0,666,0,0,1,-1,0,1,-1,-1,-1,-1,-1,-1,0,1,
2026-04-02,17:06:00.610,7.54,96,98,98,0.000,25.02,49,0,8.07,-0.281,1.003,3.81,54,0,172.55,-30.36,10,0.00,3.58,3.63,3.62,3.64,3.64,3.61,3.65,3.63,28.59,55.6,-30,-30,84.3,0,-413,777,83,0,666,0,0,1,-1,0,1,-1,-1,-1,-1,-1,-1,0,1,
2026-04-02,17:06:00.870,7.53,96,98,98,0.053,26.05,49,0,8.07,-0.309,1.071,3.80,53,0,173.68,-29.30,10,0.00,3.58,3.63,3.62,3.64,3.63,3.60,3.65,3.63,28.59,55.6,-30,-30,81.5,0,-301,776,0,0,666,0,0,1,-1,0,1,-1,-1,-1,-1,-1,-1,0,1,
2026-04-02,17:06:01.140,7.53,99,99,98,0.066,26.92,49,0,8.07,-0.309,0.983,3.80,51,0,163.22,-28.12,10,0.00,3.58,3.63,3.62,3.64,3.63,3.60,3.64,3.62,28.57,56.6,-30,-30,78.3,0,-419,770,104,0,667,0,0,1,-1,0,1,-1,-1,-1,-1,-1,-1,0,1,
2026-04-02,17:06:01.400,7.53,100,100,96,0.026,27.95,49,0,8.07,-0.244,0.927,3.48,47,0,156.13,-26.56,10,0.00,3.58,3.63,3.62,3.64,3.63,3.60,3.64,3.62,28.57,55.5,-30,-30,84.6,0,-433,765,336,0,666,0,0,1,-1,0,1,-1,-1,-1,-1,-1,-1,0,1,
2026-04-02,17:06:01.660,7.53,94,96,96,0.025,27.95,47,0,8.07,-0.235,0.892,2.89,40,0,152.43,-25.54,10,0.00,3.58,3.63,3.62,3.64,3.63,3.60,3.64,3.62,28.56,55.5,-30,-30,86.1,0,-476,766,472,0,666,0,0,1,-1,0,1,-1,-1,-1,-1,-1,-1,0,1,
2026-04-02,17:06:01.920,7.53,87,96,96,0.009,29.11,45,0,8.07,-0.252,0.895,2.16,41,0,164.80,-25.84,10,0.00,3.58,3.63,3.62,3.64,3.63,3.60,3.64,3.62,28.56,55.4,-30,-30,86.1,0,-479,766,535,0,666,0,0,1,-1,0,1,-1,-1,-1,-1,-1,-1,0,1,
2026-04-02,17:06:02.180,7.54,81,96,96,0.020,29.52,44,0,8.07,-0.273,1.200,1.72,44,0,170.46,-26.62,10,0.00,3.58,3.63,3.62,3.64,3.63,3.60,3.64,3.62,28.56,55.4,-30,-30,86.1,27,-393,767,479,0,666,0,0,1,-1,0,1,-1,-1,-1,-1,-1,-1,0,1,
2026-04-02,17:06:02.450,7.53,77,96,96,0.072,30.30,44,0,8.11,-0.232,0.956,1.34,45,0,175.13,-25.69,10,0.00,3.58,3.63,3.62,3.64,3.63,3.60,3.64,3.62,28.56,54.9,-30,-30,87.4,55,-282,767,544,0,667,0,0,1,-1,0,1,-1,-1,-1,-1,-1,-1,0,1,
2026-04-02,17:06:02.710,7.53,76,95,95,0.085,30.30,43,0,8.09,-0.175,0.709,0.71,46,0,171.29,-22.24,10,0.00,3.58,3.63,3.62,3.64,3.63,3.60,3.64,3.62,28.56,54.9,-30,-30,87.4,102,-341,769,656,0,666,0,0,1,-1,0,1,-1,-1,-1,-1,-1,-1,0,1,
2026-04-02,17:06:02.970,7.53,76,95,95,0.072,30.12,42,0,8.08,-0.166,0.709,-0.17,46,0,171.52,-20.56,10,0.00,3.58,3.63,3.62,3.63,3.63,3.60,3.64,3.62,28.56,54.7,-30,-30,90.4,166,-393,769,680,0,666,0,0,1,-1,0,1,-1,-1,-1,-1,-1,-1,0,1,
2026-04-02,17:06:03.230,7.53,82,95,95,0.028,29.97,42,0,8.07,-0.169,0.788,-0.44,47,0,-159.66,-19.00,10,0.00,3.58,3.63,3.62,3.63,3.63,3.60,3.64,3.62,28.56,54.7,-30,-30,91.7,162,-440,769,601,0,666,0,0,1,-1,0,1,-1,-1,-1,-1,-1,-1,0,1,
2026-04-02,17:06:03.500,7.54,87,95,95,0.012,29.43,44,0,8.07,-0.190,0.950,-1.09,51,0,-165.50,-18.86,10,0.00,3.58,3.63,3.62,3.63,3.63,3.60,3.64,3.62,28.56,54.1,-30,-30,93.0,96,-413,768,61,0,666,0,0,1,-1,0,1,-1,-1,-1,-1,-1,-1,0,1,
2026-04-02,17:06:03.770,7.53,92,95,95,0.038,28.91,47,0,8.07,-0.237,1.309,-1.70,50,0,-157.67,-19.48,10,0.00,3.59,3.63,3.62,3.63,3.63,3.60,3.64,3.62,28.56,54.1,-30,-30,93.7,55,-369,768,0,0,666,0,0,1,-1,0,1,-1,-1,-1,-1,-1,-1,0,1,
2026-04-02,17:06:04.030,7.53,95,95,95,0.000,28.58,48,0,8.07,-0.189,1.033,-1.40,49,0,-160.67,-21.94,10,0.00,3.59,3.63,3.62,3.64,3.63,3.60,3.64,3.62,28.56,53.6,-30,-30,94.8,21,-331,768,0,0,666,0,0,1,-1,0,1,-1,-1,-1,-1,-1,-1,0,1,
2026-04-02,17:06:04.300,7.54,94,95,95,-0.021,27.98,48,0,8.07,-0.202,1.180,-1.60,49,0,-162.92,-20.97,10,0.00,3.59,3.63,3.62,3.64,3.63,3.60,3.64,3.62,28.56,53.6,-30,-30,97.8,3,-377,768,23,0,667,0,0,1,-1,0,1,-1,-1,-1,-1,-1,-1,0,1,
2026-04-02,17:06:04.560,7.54,92,95,95,-0.031,27.41,48,0,8.07,-0.197,1.162,-2.01,49,0,-158.09,-21.33,10,0.00,3.59,3.63,3.62,3.64,3.63,3.60,3.64,3.62,28.56,53.1,-30,-30,98.0,9,-381,767,0,0,666,0,0,1,-1,0,1,-1,-1,-1,-1,-1,-1,0,1,
2026-04-02,17:06:04.830,7.53,91,95,95,-0.011,26.88,49,0,8.07,-0.235,1.284,-1.88,49,0,-155.27,-22.34,10,0.00,3.59,3.63,3.62,3.64,3.63,3.60,3.64,3.62,28.56,53.1,-30,-30,98.0,11,-188,766,0,0,666,0,0,1,-1,0,1,-1,-1,-1,-1,-1,-1,0,1,
2026-04-02,17:06:05.100,7.54,94,95,95,0.045,26.39,50,0,8.07,-0.141,0.828,-0.98,50,0,-159.22,-21.70,10,0.00,3.59,3.63,3.62,3.64,3.63,3.60,3.64,3.62,28.57,53.0,-30,-30,95.0,0,-217,766,-32,0,666,0,0,1,-1,0,1,-1,-1,-1,-1,-1,-1,0,1,
2026-04-02,17:06:05.360,7.54,96,97,96,0.021,26.00,50,0,8.07,-0.131,0.886,-1.24,47,0,-162.87,-21.66,10,0.00,3.59,3.63,3.62,3.63,3.63,3.60,3.64,3.62,28.57,53.0,-30,-30,98.0,0,-342,766,-35,0,666,0,0,1,-1,0,1,-1,-1,-1,-1,-1,-1,0,1,
2026-04-02,17:06:05.630,7.54,96,98,98,-0.002,25.50,49,0,8.07,-0.145,1.085,-1.50,44,0,-169.23,-23.11,10,0.00,3.59,3.63,3.62,3.63,3.63,3.60,3.64,3.62,28.58,52.2,-30,-30,100.7,0,-340,766,0,0,667,0,0,1,-1,0,1,-1,-1,-1,-1,-1,-1,0,1,
2026-04-02,17:06:05.890,7.54,93,98,98,-0.014,25.40,48,0,8.07,-0.162,1.185,-0.99,46,0,-169.74,-25.15,10,0.00,3.59,3.63,3.62,3.63,3.63,3.60,3.64,3.62,28.58,52.2,-30,-30,101.1,-6,-457,766,-315,0,666,0,0,1,-1,0,1,-1,-1,-1,-1,-1,-1,0,1,
2026-04-02,17:06:06.150,7.53,94,97,97,-0.010,25.39,48,0,8.07,-0.162,1.173,-0.99,42,0,-170.92,-26.71,10,0.00,3.59,3.63,3.62,3.63,3.63,3.60,3.64,3.62,28.58,52.2,-30,-30,100.7,-49,-429,767,-359,0,667,0,0,1,-1,0,1,-1,-1,-1,-1,-1,-1,0,1,
2026-04-02,17:06:06.420,7.53,92,96,96,-0.042,25.35,46,0,8.07,-0.186,1.287,-0.17,40,0,136.47,-32.08,10,0.00,3.59,3.63,3.62,3.63,3.63,3.60,3.64,3.62,28.58,52.5,-30,-30,98.5,-50,-450,767,-248,0,666,0,0,1,-1,0,1,-1,-1,-1,-1,-1,-1,0,1,
2026-04-02,17:06:06.680,7.53,95,96,96,-0.042,25.55,46,0,8.07,-0.197,1.261,0.21,43,0,174.83,-34.20,10,0.00,3.59,3.63,3.62,3.63,3.63,3.60,3.64,3.62,28.58,52.5,-30,-30,96.3,-45,-455,765,-80,0,667,0,0,1,-1,0,1,-1,-1,-1,-1,-1,-1,0,1,
2026-04-02,17:06:06.950,7.53,96,96,96,-0.041,25.93,47,0,8.07,-0.208,1.316,0.91,43,0,171.85,-38.38,10,0.00,3.59,3.63,3.62,3.63,3.63,3.60,3.64,3.62,28.57,52.7,-30,-30,95.9,0,-419,766,0,0,666,0,0,1,-1,0,1,-1,-1,-1,-1,-1,-1,0,1,
2026-04-02,17:06:07.220,7.53,100,100,95,0.008,26.23,47,0,8.07,-0.215,1.201,0.98,42,0,166.54,-40.50,10,0.00,3.59,3.63,3.62,3.63,3.63,3.60,3.64,3.62,28.57,52.7,-30,-30,95.9,-17,-386,767,-61,0,667,0,0,1,-1,0,1,-1,-1,-1,-1,-1,-1,0,1,
2026-04-02,17:06:07.480,7.53,98,98,94,0.013,26.58,47,0,8.07,-0.203,1.079,1.19,43,0,159.89,-41.16,10,0.00,3.58,3.63,3.62,3.63,3.63,3.60,3.64,3.62,28.55,53.1,-30,-30,95.9,-22,-372,766,0,0,667,0,0,1,-1,0,1,-1,-1,-1,-1,-1,-1,0,1,
2026-04-02,17:06:07.750,7.53,96,96,90,0.002,27.35,47,0,8.07,-0.212,1.099,1.40,41,0,148.67,-42.02,10,0.00,3.58,3.63,3.62,3.63,3.63,3.60,3.64,3.62,28.55,53.1,-30,-30,92.0,0,-394,766,291,0,666,0,0,1,-1,0,1,-1,-1,-1,-1,-1,-1,0,1,
2026-04-02,17:06:08.010,7.53,92,92,90,0.001,27.79,47,0,8.07,-0.210,1.075,1.45,44,0,147.29,-41.66,10,0.00,3.58,3.63,3.62,3.63,3.63,3.60,3.64,3.62,28.55,53.6,-30,-30,93.0,0,-500,767,275,0,666,0,0,1,-1,0,1,-1,-1,-1,-1,-1,-1,0,1,
2026-04-02,17:06:08.270,7.53,91,91,90,0.011,28.35,46,0,8.07,-0.215,1.139,1.72,49,0,153.21,-39.60,10,0.00,3.58,3.63,3.62,3.63,3.63,3.60,3.64,3.62,28.55,53.6,-30,-30,92.6,0,-537,766,71,0,666,0,0,1,-1,0,1,-1,-1,-1,-1,-1,-1,0,1,
2026-04-02,17:06:08.530,7.53,89,90,90,0.014,28.68,46,0,8.07,-0.242,1.314,1.49,50,0,151.07,-40.62,10,0.00,3.58,3.63,3.62,3.63,3.63,3.60,3.64,3.62,28.55,53.7,-30,-30,91.3,0,-500,767,93,0,666,0,0,1,-1,0,1,-1,-1,-1,-1,-1,-1,0,1,
2026-04-02,17:06:08.790,7.53,88,90,90,-0.002,28.95,46,0,8.07,-0.242,1.260,1.15,51,0,136.43,-42.85,10,0.00,3.58,3.63,3.62,3.63,3.63,3.60,3.64,3.62,28.55,53.7,-30,-30,91.3,0,-490,768,284,0,666,0,0,1,-1,0,1,-1,-1,-1,-1,-1,-1,0,1,
2026-04-02,17:06:09.060,7.53,87,90,90,-0.002,29.26,45,0,8.07,-0.233,1.153,1.03,51,0,134.30,-42.30,10,0.00,3.58,3.63,3.61,3.63,3.63,3.60,3.64,3.62,28.53,54.4,-30,-30,91.3,10,-494,768,399,0,666,0,0,1,-1,0,1,-1,-1,-1,-1,-1,-1,0,1,
2026-04-02,17:06:09.320,7.53,86,90,90,0.010,29.73,45,0,8.07,-0.227,1.176,1.03,51,0,134.30,-42.30,10,0.00,3.58,3.63,3.61,3.63,3.62,3.60,3.64,3.62,28.53,54.4,-30,-30,91.3,14,-541,768,380,0,666,0,0,1,-1,0,1,-1,-1,-1,-1,-1,-1,0,1,
2026-04-02,17:06:09.580,7.53,89,90,89,0.050,29.73,44,0,8.07,-0.227,1.206,1.65,51,0,134.69,-39.99,10,0.00,3.58,3.63,3.61,3.63,3.62,3.60,3.63,3.62,28.52,54.4,-30,-30,90.4,0,-523,767,146,0,666,0,0,1,-1,0,1,-1,-1,-1,-1,-1,-1,0,1,
2026-04-02,17:06:09.840,7.53,89,89,89,0.046,30.62,44,0,8.07,-0.230,1.194,1.65,51,0,128.17,-39.52,10,0.00,3.58,3.62,3.61,3.63,3.62,3.60,3.63,3.62,28.52,54.4,-30,-30,90.4,0,-532,767,295,0,666,0,0,1,-1,0,1,-1,-1,-1,-1,-1,-1,0,1,
2026-04-02,17:06:10.100,7.53,90,90,90,0.009,30.79,44,0,8.07,-0.229,1.156,0.98,52,0,115.55,-38.72,10,0.00,3.58,3.62,3.61,3.63,3.62,3.60,3.63,3.62,28.51,53.8,-30,-30,90.7,0,-525,766,362,0,666,0,0,1,-1,0,1,-1,-1,-1,-1,-1,-1,0,1,
2026-04-02,17:06:10.360,7.53,87,91,91,-0.005,30.80,44,0,8.07,-0.226,1.209,0.45,53,0,116.60,-36.85,10,0.00,3.58,3.62,3.61,3.63,3.62,3.59,3.63,3.62,28.51,53.8,-30,-30,90.0,0,-524,766,379,0,666,0,0,1,-1,0,1,-1,-1,-1,-1,-1,-1,0,1,
2026-04-02,17:06:10.630,7.53,90,92,92,0.005,30.77,44,0,8.07,-0.250,1.205,0.08,53,0,119.55,-35.43,10,0.00,3.58,3.62,3.61,3.63,3.62,3.59,3.63,3.62,28.50,53.9,-30,-30,88.2,0,-440,766,307,0,667,0,0,1,-1,0,1,-1,-1,-1,-1,-1,-1,0,1,
2026-04-02,17:06:10.900,7.53,89,92,92,0.038,30.76,45,0,8.07,-0.246,1.133,-0.01,53,0,121.98,-31.61,10,0.00,3.57,3.62,3.61,3.63,3.62,3.59,3.63,3.62,28.50,53.9,-30,-30,87.4,0,-394,766,135,0,666,0,0,1,-1,0,1,-1,-1,-1,-1,-1,-1,0,1,
2026-04-02,17:06:11.170,7.53,91,94,94,0.036,30.69,46,0,8.07,-0.232,1.087,-0.10,52,0,119.28,-29.20,10,0.00,3.57,3.62,3.61,3.63,3.62,3.59,3.63,3.62,28.50,54.1,-30,-30,90.2,0,-528,766,38,0,667,0,0,1,-1,0,1,-1,-1,-1,-1,-1,-1,0,1,
2026-04-02,17:06:11.440,7.53,92,94,94,0.018,30.41,47,0,8.07,-0.233,1.224,-0.61,48,0,113.55,-25.78,10,0.00,3.57,3.62,3.61,3.62,3.62,3.59,3.63,3.62,28.49,53.9,-30,-30,90.6,0,-573,766,142,0,666,0,0,1,-1,0,1,-1,-1,-1,-1,-1,-1,0,1,
2026-04-02,17:06:11.710,7.53,95,97,97,-0.014,30.30,50,0,8.07,-0.252,1.399,-0.55,46,0,108.02,-24.09,10,0.00,3.57,3.62,3.61,3.62,3.62,3.59,3.63,3.62,28.49,53.9,-30,-30,90.6,0,-559,766,204,0,666,0,0,1,-1,0,1,-1,-1,-1,-1,-1,-1,0,1,
2026-04-02,17:06:11.980,7.53,96,96,96,-0.018,30.18,52,0,8.07,-0.247,1.401,-0.40,44,0,109.70,-22.73,10,0.00,3.57,3.62,3.61,3.62,3.62,3.59,3.63,3.61,28.48,53.7,-30,-30,91.3,0,-549,765,165,0,666,0,0,1,-1,0,1,-1,-1,-1,-1,-1,-1,0,1,
2026-04-02,17:06:12.240,7.53,97,97,95,0.017,29.98,53,0,8.07,-0.237,1.370,-0.54,45,0,109.73,-19.06,10,0.00,3.57,3.62,3.61,3.62,3.62,3.59,3.63,3.61,28.48,53.7,-30,-30,91.9,0,-544,767,131,0,666,0,0,1,-1,0,1,-1,-1,-1,-1,-1,-1,0,1,
2026-04-02,17:06:12.500,7.53,99,99,95,0.010,29.69,53,0,8.07,-0.218,1.322,-0.79,48,0,106.12,-17.02,10,0.00,3.57,3.62,3.60,3.62,3.62,3.59,3.63,3.61,28.47,53.3,-30,-30,93.7,0,-536,770,95,0,667,0,0,1,-1,0,1,-1,-1,-1,-1,-1,-1,0,1,
2026-04-02,17:06:12.760,7.53,99,99,95,-0.014,29.69,54,0,8.07,-0.221,1.355,-1.15,49,0,99.22,-12.99,10,0.00,3.57,3.62,3.60,3.62,3.62,3.59,3.63,3.61,28.47,53.3,-30,-30,95.2,0,-525,777,86,0,666,0,0,1,-1,0,1,-1,-1,-1,-1,-1,-1,0,1,
2026-04-02,17:06:13.020,7.53,100,100,95,-0.027,28.97,54,0,8.07,-0.216,1.362,-1.17,53,0,97.33,-10.95,10,0.00,3.57,3.62,3.60,3.62,3.62,3.59,3.63,3.61,28.46,53.7,-30,-30,96.3,0,-512,795,279,0,666,0,0,1,-1,0,1,-1,-1,-1,-1,-1,-1,0,1,
2026-04-02,17:06:13.280,7.53,99,99,95,-0.018,28.50,53,0,8.07,-0.190,1.220,-1.35,55,0,99.55,-6.09,10,0.00,3.57,3.62,3.60,3.62,3.62,3.59,3.63,3.61,28.46,53.7,-30,-30,97.0,0,-481,787,409,0,666,0,0,1,-1,0,1,-1,-1,-1,-1,-1,-1,0,1,
2026-04-02,17:06:13.550,7.53,96,96,96,0.008,27.18,51,0,8.07,-0.190,1.274,-1.80,57,0,106.87,-0.65,10,0.00,3.57,3.62,3.60,3.62,3.62,3.59,3.63,3.61,28.46,54.8,-30,-30,97.0,0,-476,780,402,0,666,0,0,1,-1,0,1,-1,-1,-1,-1,-1,-1,0,1,
2026-04-02,17:06:13.810,7.53,94,96,96,0.021,26.46,51,0,8.07,-0.178,1.244,-2.40,57,0,106.87,-0.65,10,0.00,3.57,3.62,3.60,3.62,3.62,3.59,3.63,3.61,28.46,54.8,-30,-30,99.6,0,-473,774,424,0,667,0,0,1,-1,0,1,-1,-1,-1,-1,-1,-1,0,1,
2026-04-02,17:06:14.080,7.53,92,96,96,0.003,25.71,50,0,8.07,-0.129,1.111,-2.40,59,0,109.02,5.77,10,0.00,3.57,3.62,3.60,3.62,3.61,3.59,3.63,3.61,28.46,53.0,-30,-30,100.7,2,-413,773,558,0,667,0,0,1,-1,0,1,-1,-1,-1,-1,-1,-1,0,1,
2026-04-02,17:06:14.350,7.53,93,96,96,-0.001,24.88,50,0,8.07,-0.113,1.056,-2.65,58,0,118.05,8.62,10,0.00,3.57,3.62,3.60,3.62,3.61,3.59,3.63,3.61,28.46,53.0,-30,-30,103.7,28,-477,774,504,0,667,0,0,1,-1,0,1,-1,-1,-1,-1,-1,-1,0,1,
2026-04-02,17:06:14.610,7.53,95,96,96,0.009,23.72,50,0,8.07,-0.117,1.132,-3.40,59,0,126.73,9.62,10,0.00,3.57,3.62,3.60,3.62,3.61,3.59,3.63,3.61,28.47,51.5,-30,-30,105.7,16,-507,773,474,0,667,0,0,1,-1,0,1,-1,-1,-1,-1,-1,-1,0,1,
2026-04-02,17:06:14.880,7.53,95,95,95,0.038,22.76,51,0,8.07,-0.149,1.479,-3.54,60,0,134.18,9.63,10,0.00,3.57,3.62,3.61,3.62,3.61,3.59,3.63,3.61,28.47,51.5,-30,-30,108.2,0,-410,771,451,0,666,0,0,1,-1,0,1,-1,-1,-1,-1,-1,-1,0,1,
2026-04-02,17:06:15.140,7.53,95,95,95,0.025,21.74,51,0,8.05,-0.100,1.220,-3.36,62,0,132.75,10.22,10,0.00,3.57,3.62,3.61,3.62,3.62,3.59,3.63,3.61,28.47,50.5,-30,-30,109.1,9,-445,773,514,0,667,0,0,1,-1,0,1,-1,-1,-1,-1,-1,-1,0,1,
2026-04-02,17:06:15.400,7.53,94,96,96,0.000,20.77,51,0,8.06,-0.080,1.116,-3.50,63,0,137.45,10.95,10,0.00,3.57,3.62,3.61,3.62,3.62,3.59,3.63,3.62,28.47,50.5,-30,-30,110.9,58,-475,776,577,0,666,0,0,1,-1,0,1,-1,-1,-1,-1,-1,-1,0,1,
2026-04-02,17:06:15.660,7.53,97,97,97,-0.032,19.71,52,0,8.07,-0.076,1.339,-3.42,64,0,144.42,10.75,10,0.00,3.57,3.62,3.61,3.62,3.62,3.59,3.63,3.62,28.48,50.5,-30,-30,113.5,46,-497,774,390,0,666,0,0,1,-1,0,1,-1,-1,-1,-1,-1,-1,0,1,
2026-04-02,17:06:15.920,7.53,97,97,97,-0.014,18.74,52,0,8.07,-0.087,1.404,-3.61,66,0,162.67,9.36,10,0.00,3.57,3.62,3.61,3.62,3.62,3.59,3.63,3.62,28.51,50.5,-30,-30,113.5,33,-340,773,94,0,667,0,0,1,-1,0,1,-1,-1,-1,-1,-1,-1,0,1,
2026-04-02,17:06:16.190,7.53,100,100,99,0.003,18.18,55,0,8.07,-0.042,1.346,-2.67,67,0,161.50,7.09,10,0.00,3.57,3.62,3.61,3.62,3.62,3.59,3.63,3.62,28.51,50.5,-30,-30,113.3,25,-342,772,19,0,667,0,0,1,-1,0,1,-1,-1,-1,-1,-1,-1,0,1,
2026-04-02,17:06:16.450,7.53,100,100,99,-0.024,16.98,57,0,8.07,-0.044,1.173,-2.27,66,0,162.29,5.16,10,0.00,3.57,3.62,3.61,3.62,3.62,3.60,3.63,3.62,28.53,47.6,-30,-30,114.8,20,-227,772,0,0,667,0,0,1,-1,0,1,-1,-1,-1,-1,-1,-1,0,1,
2026-04-02,17:06:16.710,7.52,100,100,99,-0.031,16.54,55,0,8.09,-0.055,1.155,-1.97,65,0,164.12,1.93,10,0.00,3.57,3.62,3.61,3.62,3.62,3.60,3.63,3.62,28.53,47.6,-30,-30,115.0,14,-108,773,0,0,667,0,0,1,-1,0,1,-1,-1,-1,-1,-1,-1,0,1,
2026-04-02,17:06:16.970,7.53,99,99,99,-0.048,16.26,57,0,8.08,-0.059,0.906,-1.32,65,0,166.03,2.55,10,0.00,3.58,3.63,3.61,3.62,3.62,3.60,3.63,3.62,28.54,48.1,-30,-30,112.8,0,-194,771,-53,0,666,0,0,1,-1,0,1,-1,-1,-1,-1,-1,-1,0,1,
2026-04-02,17:06:17.230,7.53,98,99,99,-0.012,16.06,57,0,8.07,-0.065,1.166,-0.98,69,0,170.58,2.16,10,0.00,3.58,3.63,3.61,3.63,3.62,3.60,3.63,3.62,28.54,48.1,-30,-30,112.8,0,-190,768,-117,0,666,0,0,1,-1,0,1,-1,-1,-1,-1,-1,-1,0,1,
2026-04-02,17:06:17.490,7.53,98,99,99,-0.020,15.99,59,0,8.07,-0.074,0.889,-0.51,75,0,169.34,2.09,10,0.00,3.58,3.63,3.61,3.63,3.62,3.60,3.63,3.62,28.55,47.8,-30,-30,111.1,0,-246,768,-237,0,666,0,0,1,-1,0,1,-1,-1,-1,-1,-1,-1,0,1,
2026-04-02,17:06:17.760,7.53,99,99,99,-0.025,15.81,60,0,8.07,-0.082,0.982,-0.63,77,0,167.39,-0.21,10,0.00,3.58,3.63,3.61,3.63,3.62,3.60,3.63,3.62,28.55,47.8,-30,-30,109.1,0,-157,767,-59,0,666,0,0,1,-1,0,1,-1,-1,-1,-1,-1,-1,0,1,
2026-04-02,17:06:18.020,7.53,100,100,99,-0.081,16.05,62,0,8.07,-0.088,0.988,0.07,73,0,166.00,-2.05,10,0.00,3.58,3.63,3.61,3.63,3.62,3.60,3.64,3.62,28.55,49.2,-30,-30,109.1,0,-182,767,0,0,666,0,0,1,-1,0,1,-1,-1,-1,-1,-1,-1,0,1,
2026-04-02,17:06:18.290,7.53,98,99,99,-0.062,16.53,62,0,8.07,-0.093,0.870,1.13,74,0,171.45,-1.44,10,0.00,3.58,3.62,3.61,3.63,3.62,3.60,3.64,3.62,28.55,49.2,-30,-30,109.3,0,-186,768,-2,0,666,0,0,1,-1,0,1,-1,-1,-1,-1,-1,-1,0,1,
2026-04-02,17:06:18.560,7.53,98,99,99,0.034,16.48,61,0,8.07,-0.111,0.941,0.59,76,0,173.99,-1.96,10,0.00,3.58,3.62,3.61,3.62,3.62,3.60,3.64,3.62,28.54,50.1,-30,-30,103.9,0,-190,767,-46,0,667,0,0,1,-1,0,1,-1,-1,-1,-1,-1,-1,0,1,
2026-04-02,17:06:18.830,7.53,96,100,100,0.006,16.49,60,0,8.07,-0.090,1.136,0.14,79,0,168.75,-2.07,10,0.00,3.58,3.62,3.61,3.62,3.62,3.59,3.64,3.62,28.54,50.1,-30,-30,105.2,2,-259,768,-24,0,666,0,0,1,-1,0,1,-1,-1,-1,1,-1,-1,1,1,
2026-04-02,17:06:19.100,7.53,98,100,100,0.027,16.39,61,0,8.07,-0.073,0.880,-0.17,77,0,166.83,-2.56,10,0.00,3.58,3.62,3.61,3.62,3.62,3.59,3.63,3.61,28.53,49.9,-30,-30,107.0,0,-247,769,0,0,666,0,0,1,-1,0,1,-1,-1,-1,-1,-1,-1,1,1,
2026-04-02,17:06:19.370,7.53,98,100,100,-0.028,15.95,64,0,8.07,-0.111,1.187,-0.82,70,0,167.02,-4.69,10,0.00,3.58,3.62,3.61,3.62,3.62,3.59,3.63,3.61,28.53,49.9,-30,-30,110.4,0,-292,771,-50,0,666,0,0,1,-1,0,1,-1,-1,-1,-1,-1,-1,1,1,
2026-04-02,17:06:19.630,7.53,100,100,100,-0.025,15.87,65,0,8.07,-0.088,1.072,-0.54,69,0,168.59,-5.01,10,0.00,3.58,3.62,3.61,3.62,3.62,3.59,3.63,3.61,28.54,49.6,-30,-30,109.6,0,-354,771,-133,0,666,0,0,1,-1,0,1,-1,-1,-1,-1,-1,-1,1,1,
2026-04-02,17:06:19.900,7.53,100,100,100,-0.048,16.03,66,0,8.07,-0.126,1.304,-0.02,73,0,171.34,-8.04,10,0.00,3.58,3.62,3.61,3.62,3.62,3.60,3.63,3.61,28.54,50.0,-30,-30,107.6,0,-371,771,-139,0,666,0,0,1,-1,0,1,-1,-1,-1,-1,-1,-1,0,1,
2026-04-02,17:06:20.170,7.53,100,100,100,-0.022,16.33,66,0,8.07,-0.118,1.152,0.62,71,0,171.02,-9.61,10,0.00,3.58,3.62,3.61,3.62,3.62,3.60,3.63,3.61,28.53,50.0,-30,-30,106.3,0,-311,770,-192,0,666,0,0,1,-1,0,1,-1,-1,-1,-1,-1,-1,0,1,
2026-04-02,17:06:20.430,7.53,100,100,100,0.000,16.50,65,0,8.07,-0.152,1.308,0.72,64,0,166.92,-11.90,10,0.00,3.58,3.62,3.61,3.62,3.62,3.60,3.63,3.62,28.52,50.5,-30,-30,103.2,-3,-178,769,0,0,667,0,0,1,-1,0,1,-1,-1,-1,-1,-1,-1,0,1,
2026-04-02,17:06:20.690,7.53,100,100,100,-0.005,16.87,65,0,8.07,-0.133,0.983,0.91,63,0,159.63,-11.54,10,0.00,3.57,3.62,3.61,3.62,3.62,3.60,3.63,3.62,28.52,50.5,-30,-30,103.2,0,-215,770,0,0,666,0,0,1,-1,0,1,-1,-1,-1,-1,-1,-1,0,1,
2026-04-02,17:06:20.960,7.53,99,100,100,-0.003,17.29,63,0,8.07,-0.117,0.969,1.34,66,0,161.09,-10.20,10,0.00,3.57,3.62,3.61,3.62,3.62,3.60,3.63,3.62,28.50,51.0,-30,-30,103.7,0,-325,770,6,0,667,0,0,1,-1,0,1,-1,-1,-1,-1,-1,-1,0,1,
2026-04-02,17:06:21.220,7.53,99,100,100,-0.009,17.51,60,0,8.07,-0.146,1.122,1.05,68,0,164.63,-10.91,10,0.00,3.57,3.62,3.61,3.62,3.61,3.59,3.63,3.62,28.50,51.0,-30,-30,103.0,0,-289,770,52,0,667,0,0,1,-1,0,1,-1,-1,-1,-1,-1,-1,0,1,
2026-04-02,17:06:21.480,7.53,99,100,100,-0.004,17.89,58,0,8.07,-0.150,1.242,1.00,67,0,166.25,-12.21,10,0.00,3.57,3.62,3.61,3.62,3.61,3.59,3.63,3.61,28.50,51.5,-30,-30,101.5,0,-280,771,282,0,666,0,0,1,-1,0,1,-1,-1,-1,-1,-1,-1,0,1,
2026-04-02,17:06:21.740,7.52,99,100,100,0.024,18.62,56,0,8.07,-0.134,0.900,1.89,65,0,166.87,-10.65,10,0.00,3.57,3.61,3.61,3.62,3.61,3.59,3.63,3.61,28.50,51.5,-30,-30,101.5,0,-338,771,224,0,667,0,0,1,-1,0,1,-1,-1,-1,-1,-1,-1,0,1,
2026-04-02,17:06:22.020,7.52,98,100,100,0.037,19.59,53,0,8.07,-0.145,1.107,2.23,60,0,175.18,-11.09,10,0.00,3.57,3.61,3.60,3.62,3.61,3.59,3.63,3.61,28.48,52.0,-30,-30,99.8,0,-372,771,232,0,666,0,0,1,-1,0,1,-1,-1,-1,-1,-1,-1,0,1,
2026-04-02,17:06:22.300,7.52,98,100,100,0.049,20.29,52,0,8.07,-0.171,1.221,1.93,57,0,175.46,-12.71,10,0.00,3.57,3.61,3.60,3.62,3.61,3.59,3.63,3.61,28.48,52.0,-30,-30,97.8,0,-232,770,24,0,667,0,0,1,-1,0,1,-1,-1,-1,-1,-1,-1,0,1,
2026-04-02,17:06:22.560,7.53,97,100,100,0.051,21.10,52,0,8.07,-0.156,0.878,2.52,57,0,168.51,-12.03,10,0.00,3.57,3.61,3.60,3.62,3.61,3.59,3.63,3.61,28.47,52.2,-30,-30,97.4,0,-279,771,109,0,666,0,0,1,-1,0,1,-1,-1,-1,-1,-1,-1,0,1,
2026-04-02,17:06:22.820,7.53,95,100,100,-0.015,21.67,49,0,8.07,-0.134,0.823,2.32,56,0,168.14,-11.45,10,0.00,3.57,3.61,3.60,3.62,3.61,3.59,3.62,3.61,28.47,52.2,-30,-30,97.4,0,-315,771,193,0,666,0,0,1,-1,0,1,-1,-1,-1,-1,-1,-1,0,1,
2026-04-02,17:06:23.090,7.53,95,100,100,-0.027,22.14,48,0,8.07,-0.153,0.974,1.86,57,0,173.47,-12.26,10,0.00,3.57,3.61,3.60,3.62,3.61,3.59,3.62,3.61,28.46,52.1,-30,-30,97.4,9,-314,771,127,0,667,0,0,1,-1,0,1,-1,-1,-1,-1,-1,-1,0,1,
2026-04-02,17:06:23.360,7.53,97,99,99,0.015,22.91,48,0,8.07,-0.187,1.102,2.18,57,0,-176.10,-13.95,10,0.00,3.57,3.61,3.60,3.61,3.61,3.59,3.62,3.61,28.46,52.1,-30,-30,98.9,0,-279,772,0,0,667,0,0,1,-1,0,1,-1,-1,-1,-1,-1,-1,0,1,
2026-04-02,17:06:23.620,7.53,100,100,99,0.035,23.73,50,0,8.07,-0.187,1.061,2.68,56,0,-178.16,-14.24,10,0.00,3.57,3.61,3.60,3.61,3.61,3.58,3.62,3.61,28.44,52.5,-30,-30,96.3,0,-208,781,-77,0,666,0,0,1,-1,0,1,-1,-1,-1,-1,-1,-1,0,1,
2026-04-02,17:06:23.900,7.53,100,100,99,0.030,24.48,51,0,8.07,-0.182,0.933,2.63,56,0,175.23,-12.97,10,0.00,3.57,3.61,3.60,3.61,3.61,3.58,3.62,3.60,28.44,54.0,-30,-30,96.3,0,-238,807,-95,0,666,0,0,1,-1,0,1,-1,-1,-1,-1,-1,-1,0,1,
2026-04-02,17:06:24.160,7.53,99,99,99,0.012,25.30,50,0,8.07,-0.187,0.909,2.78,56,0,168.48,-11.60,10,0.00,3.56,3.61,3.60,3.61,3.61,3.58,3.62,3.60,28.41,54.0,-30,-30,96.3,0,-372,816,0,0,666,0,0,1,-1,0,1,-1,-1,-1,-1,-1,-1,0,1,
2026-04-02,17:06:24.420,7.53,97,99,99,-0.008,25.30,48,0,8.07,-0.164,0.966,2.46,55,0,168.27,-12.21,10,0.00,3.56,3.61,3.59,3.60,3.61,3.58,3.62,3.60,28.41,56.4,-30,-30,98.9,0,-375,796,0,0,666,0,0,1,-1,0,1,-1,-1,-1,-1,-1,-1,0,1,
2026-04-02,17:06:24.690,7.53,95,99,99,-0.041,26.90,47,0,8.07,-0.212,1.312,1.68,53,0,174.45,-16.01,10,0.00,3.56,3.61,3.59,3.60,3.61,3.58,3.62,3.60,28.39,56.4,-30,-30,95.7,0,-364,775,-3,0,666,0,0,1,-1,0,1,-1,-1,-1,-1,-1,-1,0,1,
2026-04-02,17:06:24.950,7.52,94,99,99,-0.036,27.90,44,0,8.07,-0.190,1.082,2.76,50,0,177.20,-17.08,10,0.00,3.56,3.61,3.59,3.60,3.60,3.58,3.62,3.60,28.38,53.1,-30,-30,93.7,0,-299,773,-152,0,667,0,0,1,-1,0,1,-1,-1,-1,-1,-1,-1,0,1,
2026-04-02,17:06:25.220,7.52,94,98,98,0.015,27.90,43,0,8.07,-0.179,1.007,3.35,44,0,174.84,-18.78,10,0.00,3.56,3.61,3.59,3.60,3.60,3.58,3.61,3.60,28.38,53.1,-30,-30,93.7,0,-298,773,-182,0,666,0,0,1,-1,0,1,-1,-1,-1,-1,-1,-1,0,1,
2026-04-02,17:06:25.490,7.52,88,98,98,-0.004,29.66,42,0,8.07,-0.185,1.000,2.91,44,0,169.84,-19.05,10,0.00,3.56,3.60,3.59,3.60,3.60,3.58,3.61,3.60,28.37,53.2,-30,-30,94.5,0,-362,773,-77,0,666,0,0,1,-1,0,1,-1,-1,-1,-1,-1,-1,0,1,
2026-04-02,17:06:25.750,7.52,85,98,98,-0.006,30.52,40,0,8.07,-0.198,1.000,2.81,47,0,164.09,-19.06,10,0.00,3.56,3.60,3.59,3.60,3.60,3.58,3.61,3.60,28.37,53.2,-30,-30,94.5,0,-414,773,0,0,666,0,0,1,-1,0,1,-1,-1,-1,-1,-1,-1,0,1,
2026-04-02,17:06:26.010,7.52,81,98,98,-0.008,31.51,40,0,8.07,-0.222,1.167,3.19,49,0,166.43,-21.12,10,0.00,3.56,3.60,3.59,3.60,3.60,3.58,3.61,3.60,28.35,53.1,-30,-30,92.8,0,-363,773,-12,0,666,0,0,1,-1,0,1,-1,-1,-1,-1,-1,-1,0,1,
2026-04-02,17:06:26.280,7.53,82,98,98,0.003,32.52,38,0,8.07,-0.248,1.167,3.39,52,0,166.43,-21.12,10,0.00,3.56,3.60,3.59,3.60,3.60,3.58,3.61,3.60,28.35,53.1,-30,-30,90.4,0,-342,772,0,0,666,0,0,1,-1,0,1,-1,-1,-1,-1,-1,-1,0,1,
2026-04-02,17:06:26.540,7.53,86,98,98,0.016,33.61,39,0,8.07,-0.218,0.962,3.65,54,0,162.30,-21.70,10,0.00,3.55,3.60,3.59,3.60,3.60,3.58,3.61,3.60,28.34,54.2,-30,-30,89.1,0,-370,772,49,0,666,0,0,1,-1,0,1,-1,-1,-1,-1,-1,-1,0,1,
2026-04-02,17:06:26.800,7.53,92,97,97,0.014,34.53,41,0,8.07,-0.230,0.948,3.41,54,0,161.41,-21.32,10,0.00,3.55,3.60,3.59,3.60,3.60,3.58,3.61,3.60,28.34,54.2,-30,-30,87.8,0,-380,773,137,0,666,0,0,1,-1,0,1,-1,-1,-1,-1,-1,-1,0,1,
2026-04-02,17:06:27.070,7.53,99,99,97,0.012,35.44,43,0,8.07,-0.232,0.999,3.25,54,0,163.40,-21.84,10,0.00,3.55,3.60,3.59,3.60,3.60,3.58,3.61,3.60,28.33,54.4,-30,-30,87.4,0,-371,773,71,0,666,0,0,1,-1,0,1,-1,-1,-1,-1,-1,-1,0,1,
2026-04-02,17:06:27.330,7.53,100,100,98,0.022,36.28,45,0,8.07,-0.243,1.101,3.03,51,0,164.72,-22.54,10,0.00,3.55,3.60,3.59,3.60,3.60,3.58,3.61,3.60,28.33,54.4,-30,-30,87.4,0,-439,773,123,0,666,0,0,1,-1,0,1,-1,-1,-1,-1,-1,-1,0,1,
2026-04-02,17:06:27.590,7.53,98,98,98,0.025,38.05,45,0,8.07,-0.242,1.044,3.04,52,0,162.87,-22.77,10,0.00,3.55,3.60,3.59,3.60,3.60,3.58,3.60,3.59,28.32,54.5,-30,-30,87.8,0,-491,772,104,0,667,0,0,1,-1,0,1,-1,-1,-1,-1,-1,-1,0,1,
2026-04-02,17:06:27.860,7.53,97,98,98,0.016,38.82,46,0,8.07,-0.265,1.109,2.79,54,0,161.30,-23.97,10,0.00,3.55,3.60,3.59,3.60,3.60,3.58,3.60,3.59,28.32,54.5,-30,-30,85.0,0,-443,773,204,0,666,0,0,1,-1,0,1,-1,-1,-1,-1,-1,-1,0,1,
2026-04-02,17:06:28.130,7.52,96,98,98,0.013,39.45,46,0,8.07,-0.254,1.086,2.47,54,0,159.02,-24.98,10,0.00,3.55,3.60,3.58,3.60,3.60,3.58,3.60,3.59,28.30,54.9,-30,-30,83.7,10,-481,773,331,0,667,0,0,1,-1,0,1,-1,-1,-1,-1,-1,-1,0,1,
2026-04-02,17:06:28.390,7.53,92,98,98,0.012,40.18,43,0,8.07,-0.247,1.066,2.48,56,0,163.90,-24.82,10,0.00,3.55,3.60,3.58,3.60,3.59,3.57,3.60,3.59,28.30,54.9,-30,-30,84.6,0,-509,773,366,0,666,0,0,1,-1,0,1,-1,-1,-1,-1,-1,-1,0,1,
2026-04-02,17:06:28.650,7.53,82,97,97,0.047,40.52,42,0,8.07,-0.272,1.197,1.86,55,0,167.97,-26.20,10,0.00,3.55,3.60,3.58,3.60,3.59,3.57,3.60,3.59,28.29,54.9,-30,-30,84.6,0,-493,773,365,0,666,0,0,1,-1,0,1,-1,-1,-1,-1,-1,-1,0,1,
2026-04-02,17:06:28.920,7.53,80,97,97,0.050,41.02,42,0,8.07,-0.263,1.145,1.59,54,0,165.35,-26.90,10,0.00,3.55,3.59,3.58,3.60,3.59,3.57,3.60,3.59,28.29,54.5,-30,-30,85.4,0,-494,773,508,0,666,0,0,1,-1,0,1,-1,-1,-1,-1,-1,-1,0,1,
2026-04-02,17:06:29.190,7.53,85,98,98,0.037,41.71,43,0,8.07,-0.219,0.940,2.08,54,0,160.12,-25.67,10,0.00,3.55,3.59,3.58,3.59,3.59,3.57,3.60,3.59,28.28,54.5,-30,-30,85.9,0,-507,774,635,0,667,0,0,1,-1,0,1,-1,-1,-1,-1,-1,-1,0,1,
2026-04-02,17:06:29.450,7.53,95,98,98,0.037,42.02,43,0,8.07,-0.215,0.907,1.68,54,0,162.62,-24.10,10,0.00,3.55,3.59,3.58,3.59,3.59,3.57,3.60,3.59,28.27,54.6,-30,-30,85.9,0,-561,774,617,0,666,0,0,1,-1,0,1,-1,-1,-1,-1,-1,-1,0,1,
2026-04-02,17:06:29.710,7.53,95,98,98,0.036,42.02,43,0,8.07,-0.209,0.958,0.68,55,0,167.94,-22.79,10,0.00,3.55,3.59,3.58,3.59,3.59,3.57,3.60,3.59,28.27,54.6,-30,-30,88.0,0,-600,774,545,0,667,0,0,1,-1,0,1,-1,-1,-1,-1,-1,-1,0,1,
2026-04-02,17:06:29.980,7.53,95,98,98,0.042,42.02,43,0,8.07,-0.229,1.165,0.12,56,0,177.63,-22.03,10,0.00,3.55,3.59,3.58,3.59,3.59,3.57,3.60,3.58,28.27,54.1,-30,-30,89.6,0,-555,773,257,0,666,0,0,1,-1,0,1,-1,-1,-1,-1,-1,-1,0,1,
2026-04-02,17:06:30.260,7.53,94,97,97,0.041,41.96,42,0,8.07,-0.238,1.165,-0.02,56,0,175.74,-25.24,10,0.00,3.55,3.59,3.58,3.59,3.59,3.57,3.60,3.58,28.27,54.1,-30,-30,90.2,0,-557,772,391,0,666,0,0,1,-1,0,1,-1,-1,-1,-1,-1,-1,0,1,
2026-04-02,17:06:30.520,7.52,93,97,97,0.004,42.04,42,0,8.07,-0.233,1.158,0.13,56,0,173.07,-28.53,10,0.00,3.55,3.59,3.58,3.59,3.59,3.57,3.60,3.58,28.27,53.7,-30,-30,90.2,0,-501,772,318,0,666,0,0,1,-1,0,1,-1,-1,-1,-1,-1,-1,0,1,
2026-04-02,17:06:30.780,7.52,88,98,98,0.014,42.05,41,0,8.07,-0.246,1.204,0.05,57,0,175.13,-29.84,10,0.00,3.55,3.59,3.58,3.59,3.59,3.57,3.60,3.58,28.27,53.7,-30,-30,88.3,0,-500,771,386,0,667,0,0,1,-1,0,1,-1,-1,-1,-1,-1,-1,0,1,
2026-04-02,17:06:31.040,7.52,90,98,98,0.042,42.32,40,0,8.07,-0.248,1.164,0.05,56,0,178.01,-32.08,10,0.00,3.55,3.59,3.58,3.59,3.59,3.57,3.60,3.58,28.27,53.7,-30,-30,88.3,0,-457,771,397,0,666,0,0,1,-1,0,1,-1,-1,-1,-1,-1,-1,0,1,
2026-04-02,17:06:31.310,7.53,89,98,98,0.056,42.68,40,0,8.07,-0.220,1.129,1.00,55,0,172.49,-33.05,10,0.00,3.55,3.59,3.58,3.59,3.59,3.57,3.60,3.58,28.27,53.7,-30,-30,88.3,0,-333,770,381,0,666,0,0,1,-1,0,1,-1,-1,-1,-1,-1,-1,0,1,
2026-04-02,17:06:31.580,7.53,92,98,98,0.052,42.88,40,0,8.07,-0.200,0.896,0.88,55,0,171.19,-30.68,10,0.00,3.55,3.59,3.58,3.59,3.59,3.57,3.60,3.58,28.26,53.8,-30,-30,90.4,0,-409,770,411,0,666,0,0,1,-1,0,1,-1,-1,-1,-1,-1,-1,0,1,
2026-04-02,17:06:31.840,7.53,94,98,98,0.044,42.88,39,0,8.07,-0.191,0.929,0.39,55,0,174.33,-27.92,10,0.00,3.55,3.59,3.58,3.59,3.59,3.57,3.60,3.58,28.26,53.8,-30,-30,90.4,0,-475,769,411,0,666,0,0,1,-1,0,1,-1,-1,-1,-1,-1,-1,0,1,
2026-04-02,17:06:32.100,7.53,96,97,97,0.036,42.67,40,0,8.07,-0.206,1.043,-0.22,56,0,177.73,-27.85,10,0.00,3.55,3.59,3.58,3.59,3.59,3.57,3.60,3.58,28.26,53.4,-30,-30,91.5,0,-424,769,298,0,666,0,0,1,-1,0,1,-1,-1,-1,-1,-1,-1,0,1,
2026-04-02,17:06:32.360,7.53,99,99,97,0.042,42.52,40,0,8.07,-0.215,1.131,-0.46,57,0,178.22,-29.46,10,0.00,3.55,3.59,3.58,3.59,3.59,3.57,3.60,3.59,28.26,53.4,-30,-30,91.3,0,-423,769,394,0,666,0,0,1,-1,0,1,-1,-1,-1,-1,-1,-1,0,1,
2026-04-02,17:06:32.630,7.53,96,98,98,0.034,42.52,39,0,8.07,-0.197,1.058,-0.46,57,0,178.72,-28.45,10,0.00,3.54,3.59,3.58,3.59,3.59,3.57,3.60,3.59,28.26,53.2,-30,-30,91.7,0,-391,769,239,0,667,0,0,1,-1,0,1,-1,-1,-1,-1,-1,-1,0,1,
2026-04-02,17:06:32.900,7.53,95,98,98,0.032,42.52,40,0,8.07,-0.187,0.996,-0.01,59,0,95.52,-27.35,10,0.00,3.54,3.59,3.58,3.59,3.59,3.57,3.60,3.59,28.26,53.2,-30,-30,93.0,0,-400,769,151,0,666,0,0,1,-1,0,1,-1,-1,-1,-1,-1,-1,0,1,
2026-04-02,17:06:33.160,7.53,95,98,98,0.031,42.58,41,0,8.07,-0.201,1.108,-0.01,61,0,177.01,-26.92,10,0.00,3.54,3.59,3.58,3.59,3.59,3.57,3.60,3.59,28.27,52.6,-30,-30,93.2,0,-387,718,95,0,666,0,0,1,-1,0,1,-1,-1,-1,-1,-1,-1,0,1,
2026-04-02,17:06:33.420,7.52,88,98,98,0.017,42.58,39,0,8.07,-0.195,1.103,0.21,62,0,178.04,-27.79,10,0.00,3.54,3.59,3.58,3.59,3.59,3.57,3.60,3.59,28.27,49.0,-30,-30,93.5,0,-392,701,54,0,667,0,0,1,-1,0,1,-1,-1,-1,-1,-1,-1,0,1,
2026-04-02,17:06:33.680,7.52,81,97,97,0.006,42.58,37,0,8.07,-0.172,1.043,0.65,63,0,176.18,-29.34,10,0.00,3.54,3.59,3.58,3.59,3.59,3.57,3.60,3.59,28.31,49.0,-30,-30,94.1,0,-350,700,0,0,667,0,0,1,-1,0,1,-1,-1,-1,-1,-1,-1,0,1,
2026-04-02,17:06:33.950,7.53,71,97,97,-0.007,42.58,35,0,8.07,-0.176,1.035,0.83,63,0,175.43,-28.71,10,0.00,3.55,3.59,3.58,3.59,3.59,3.57,3.60,3.59,28.34,46.8,-30,-30,92.2,0,-337,700,3,0,667,0,0,1,-1,0,1,-1,-1,-1,-1,-1,-1,0,1,
2026-04-02,17:06:34.210,7.53,72,98,98,0.000,43.40,35,0,8.07,-0.187,1.053,0.83,63,0,175.95,-26.85,10,0.00,3.55,3.59,3.59,3.60,3.59,3.57,3.60,3.59,28.34,46.8,-30,-30,92.2,0,-128,700,0,0,667,0,0,1,-1,0,1,-1,-1,-1,-1,-1,-1,0,1,
2026-04-02,17:06:34.470,7.53,66,98,98,0.000,43.54,33,0,8.07,-0.149,0.791,0.60,64,0,176.41,-25.57,10,0.00,3.55,3.59,3.59,3.60,3.60,3.58,3.60,3.59,28.36,47.1,-30,-30,92.2,0,-173,700,121,0,667,0,0,1,-1,0,1,-1,-1,-1,-1,-1,-1,0,1,
2026-04-02,17:06:34.730,7.53,69,98,98,0.013,43.64,34,0,8.07,-0.159,0.813,0.47,65,0,177.29,-21.20,10,0.00,3.55,3.59,3.59,3.60,3.60,3.58,3.61,3.60,28.36,47.1,-30,-30,92.2,0,-277,701,233,0,667,0,0,1,-1,0,1,-1,-1,-1,-1,-1,-1,0,1,
2026-04-02,17:06:34.990,7.53,72,98,98,0.002,43.64,35,0,8.07,-0.154,0.822,0.22,65,0,-175.01,-19.80,10,0.00,3.55,3.59,3.59,3.60,3.60,3.58,3.61,3.60,28.37,47.3,-30,-30,92.2,0,-305,701,173,0,666,0,0,1,-1,0,1,-1,-1,-1,-1,-1,-1,0,1,
2026-04-02,17:06:35.260,7.53,84,98,98,0.031,43.50,36,0,8.07,-0.149,0.832,0.22,66,0,-175.09,-19.73,10,0.00,3.55,3.59,3.59,3.60,3.60,3.58,3.61,3.60,28.37,47.3,-30,-30,94.5,0,-307,701,0,0,666,0,0,1,-1,0,1,-1,-1,-1,-1,-1,-1,0,1,
2026-04-02,17:06:35.530,7.53,89,98,98,0.039,43.50,38,0,8.07,-0.160,1.026,-0.10,66,0,-178.44,-20.79,10,0.00,3.55,3.59,3.59,3.60,3.60,3.58,3.61,3.60,28.38,47.3,-30,-30,94.3,0,-349,702,0,0,666,0,0,1,-1,0,1,-1,-1,-1,-1,-1,-1,0,1,
2026-04-02,17:06:35.790,7.53,89,98,98,0.035,43.44,38,0,8.07,-0.154,0.972,-0.13,66,0,172.18,-20.67,10,0.00,3.55,3.59,3.59,3.60,3.60,3.58,3.61,3.60,28.38,47.3,-30,-30,94.1,0,-334,702,-8,0,666,0,0,1,-1,0,1,-1,-1,-1,-1,-1,-1,0,1,
2026-04-02,17:06:36.050,7.53,82,99,99,-0.020,43.35,37,0,8.07,-0.136,0.965,-0.13,66,0,171.98,-20.08,10,0.00,3.55,3.59,3.59,3.60,3.60,3.58,3.61,3.60,28.41,46.5,-30,-30,98.5,0,-369,702,25,0,666,0,0,1,-1,0,1,-1,-1,-1,-1,-1,-1,0,1,
2026-04-02,17:06:36.310,7.53,79,99,99,-0.037,42.97,36,0,8.07,-0.136,1.280,-0.81,66,0,176.60,-20.78,10,0.00,3.56,3.60,3.59,3.60,3.60,3.58,3.61,3.60,28.41,46.5,-30,-30,98.5,-8,-332,700,145,0,666,0,0,1,-1,0,1,-1,-1,-1,-1,-1,-1,0,1,
2026-04-02,17:06:36.570,7.52,79,99,99,-0.028,42.65,37,0,8.07,-0.135,1.280,-0.57,66,0,176.60,-20.78,10,0.00,3.56,3.60,3.59,3.60,3.60,3.58,3.61,3.60,28.41,45.0,-30,-30,101.1,0,-370,701,129,0,666,0,0,1,-1,0,1,-1,-1,-1,-1,-1,-1,0,1,
2026-04-02,17:06:36.830,7.53,79,99,99,0.005,42.34,37,0,8.07,-0.141,1.073,-0.57,67,0,178.41,-21.68,10,0.00,3.56,3.60,3.59,3.60,3.60,3.58,3.61,3.60,28.41,45.0,-30,-30,98.2,0,-355,701,66,0,666,0,0,1,-1,0,1,-1,-1,-1,-1,-1,-1,0,1,
2026-04-02,17:06:37.100,7.52,77,99,99,0.007,42.25,37,0,8.07,-0.189,1.227,-0.69,66,0,178.03,-22.05,10,0.00,3.56,3.60,3.59,3.60,3.60,3.58,3.62,3.60,28.41,46.0,-30,-30,96.5,0,-344,702,0,0,666,0,0,1,-1,0,1,-1,-1,-1,-1,-1,-1,0,1,
2026-04-02,17:06:37.360,7.52,74,99,99,0.005,42.27,37,0,8.07,-0.168,1.042,-0.17,66,0,171.94,-22.27,10,0.00,3.56,3.60,3.59,3.60,3.60,3.58,3.62,3.60,28.41,46.0,-30,-30,94.6,0,-322,702,-1,0,666,0,0,1,-1,0,1,-1,-1,-1,-1,-1,-1,0,1,
2026-04-02,17:06:37.630,7.53,75,99,99,-0.016,42.22,37,0,8.07,-0.158,0.879,-0.17,66,0,171.15,-20.99,10,0.00,3.56,3.60,3.59,3.60,3.60,3.58,3.62,3.60,28.41,47.0,-30,-30,95.7,0,-346,702,-32,0,666,0,0,1,-1,0,1,-1,-1,-1,-1,-1,-1,0,1,
2026-04-02,17:06:37.900,7.53,81,100,100,-0.014,42.20,37,0,8.07,-0.166,1.132,-0.10,66,0,171.21,-20.90,10,0.00,3.56,3.60,3.60,3.60,3.60,3.58,3.62,3.60,28.41,47.0,-30,-30,96.5,0,-416,703,0,0,667,0,0,1,-1,0,1,-1,-1,-1,-1,-1,-1,0,1,
2026-04-02,17:06:38.170,7.52,85,100,100,-0.014,42.22,38,0,8.07,-0.168,1.148,0.02,65,0,171.42,-22.99,10,0.00,3.56,3.60,3.60,3.60,3.60,3.58,3.62,3.60,28.42,46.4,-30,-30,94.5,-12,-414,703,0,0,667,0,0,1,-1,0,1,-1,-1,-1,-1,-1,-1,0,1,
2026-04-02,17:06:38.440,7.53,89,100,100,-0.012,42.19,40,0,8.07,-0.173,1.183,-0.09,66,0,170.93,-24.27,10,0.00,3.56,3.60,3.60,3.60,3.60,3.58,3.61,3.60,28.42,46.8,-30,-30,94.5,-16,-456,703,-76,0,666,0,0,1,-1,0,1,-1,-1,-1,-1,-1,-1,0,1,
2026-04-02,17:06:38.700,7.53,92,100,100,0.004,42.28,41,0,8.07,-0.175,1.136,0.11,65,0,169.10,-25.43,10,0.00,3.56,3.60,3.60,3.60,3.60,3.58,3.61,3.60,28.43,46.8,-30,-30,94.6,-32,-477,704,-104,0,667,0,0,1,-1,0,1,-1,-1,-1,-1,-1,-1,0,1,
2026-04-02,17:06:38.960,7.53,97,100,100,-0.029,42.35,45,0,8.07,-0.168,1.250,0.19,64,0,155.43,-30.02,10,0.00,3.56,3.60,3.59,3.60,3.60,3.58,3.61,3.60,28.43,46.9,-30,-30,94.6,-27,-542,703,50,0,667,0,0,1,-1,0,1,-1,-1,-1,-1,-1,-1,0,1,
2026-04-02,17:06:39.220,7.53,100,100,100,-0.047,42.83,47,0,8.07,-0.194,1.398,0.73,64,0,154.50,-31.89,10,0.00,3.56,3.60,3.59,3.60,3.60,3.58,3.61,3.60,28.43,46.9,-30,-30,94.8,-15,-559,702,90,0,666,0,0,1,-1,0,1,-1,-1,-1,-1,-1,-1,0,1,
2026-04-02,17:06:39.490,7.53,100,100,100,-0.024,43.25,49,0,8.07,-0.199,1.403,1.14,62,0,154.45,-33.97,10,0.00,3.56,3.60,3.59,3.60,3.60,3.58,3.61,3.60,28.43,46.5,-30,-30,95.9,-16,-542,702,0,0,666,0,0,1,-1,0,1,-1,-1,-1,-1,-1,-1,0,1,
2026-04-02,17:06:39.750,7.53,100,100,100,-0.001,43.52,50,0,8.07,-0.215,1.423,1.06,62,0,150.63,-34.91,10,0.00,3.56,3.60,3.59,3.60,3.60,3.58,3.61,3.60,28.43,46.5,-30,-30,92.8,-37,-549,702,0,0,666,0,0,1,-1,0,1,-1,-1,-1,-1,-1,-1,0,1,
2026-04-02,17:06:40.010,7.53,99,100,100,0.012,43.95,48,0,8.07,-0.189,1.260,1.23,61,0,136.47,-36.10,10,0.00,3.56,3.60,3.59,3.60,3.60,3.58,3.61,3.60,28.43,46.9,-30,-30,93.7,-32,-587,701,118,0,666,0,0,1,-1,0,1,-1,-1,-1,-1,-1,-1,0,1,
2026-04-02,17:06:40.280,7.53,92,100,100,-0.019,44.34,44,0,8.07,-0.209,1.235,1.39,60,0,131.09,-36.56,10,0.00,3.56,3.60,3.59,3.60,3.60,3.58,3.61,3.60,28.43,46.9,-30,-30,90.2,-16,-569,701,168,0,666,0,0,1,-1,0,1,-1,-1,-1,-1,-1,-1,0,1,
2026-04-02,17:06:40.550,7.53,83,100,100,-0.005,44.69,44,0,8.07,-0.253,1.384,1.28,58,0,129.56,-37.23,10,0.00,3.56,3.60,3.59,3.60,3.60,3.58,3.61,3.60,28.42,47.7,-30,-30,90.2,-2,-580,701,139,0,667,0,0,1,-1,0,1,-1,-1,-1,-1,-1,-1,0,1,
2026-04-02,17:06:40.820,7.53,84,100,100,0.032,45.35,48,0,8.07,-0.255,1.197,1.74,55,0,118.28,-35.45,10,0.00,3.56,3.60,3.59,3.60,3.60,3.58,3.61,3.59,28.42,47.7,-30,-30,84.6,0,-579,701,170,0,666,0,0,1,-1,0,1,-1,-1,-1,-1,-1,-1,0,1,
2026-04-02,17:06:41.080,7.53,91,100,100,0.017,46.11,53,0,8.07,-0.237,1.111,2.33,49,0,110.31,-33.22,10,0.00,3.56,3.60,3.59,3.60,3.60,3.58,3.61,3.59,28.41,48.6,-30,-30,83.3,0,-577,701,320,0,666,0,0,1,-1,0,1,-1,-1,-1,-1,-1,-1,0,1,
2026-04-02,17:06:41.350,7.52,99,100,100,0.006,46.40,56,0,8.07,-0.232,1.127,2.33,46,0,104.97,-28.52,10,0.00,3.56,3.60,3.59,3.60,3.60,3.58,3.61,3.59,28.41,48.6,-30,-30,83.3,-4,-615,700,332,0,667,0,0,1,-1,0,1,-1,-1,-1,-1,-1,-1,0,1,
2026-04-02,17:06:41.610,7.53,100,100,96,0.015,46.43,58,0,8.07,-0.276,1.174,0.73,44,0,106.80,-23.39,10,0.00,3.56,3.60,3.59,3.60,3.60,3.58,3.61,3.59,28.40,48.7,-30,-30,81.7,-16,-626,700,377,0,667,0,0,1,-1,0,1,-1,-1,-1,-1,-1,-1,0,1,
2026-04-02,17:06:41.880,7.53,100,100,96,0.028,46.34,56,0,8.07,-0.273,1.265,0.00,47,0,107.58,-20.39,10,0.00,3.56,3.60,3.59,3.60,3.60,3.58,3.60,3.59,28.40,48.7,-30,-30,81.7,-23,-678,700,377,0,666,0,0,1,-1,0,1,-1,-1,-1,-1,-1,-1,0,1,
2026-04-02,17:06:42.150,7.53,97,97,96,0.012,45.93,54,0,8.07,-0.273,1.266,-0.73,52,0,102.94,-14.06,10,0.00,3.55,3.60,3.59,3.60,3.60,3.58,3.60,3.59,28.39,48.9,-30,-30,86.1,-26,-669,700,336,0,666,0,0,1,-1,0,1,-1,-1,-1,-1,-1,-1,0,1,
2026-04-02,17:06:42.430,7.53,92,95,95,0.010,45.24,53,0,8.07,-0.225,1.235,-1.70,60,0,100.61,-11.21,10,0.00,3.55,3.60,3.59,3.60,3.60,3.58,3.60,3.59,28.39,48.0,-30,-30,86.1,-26,-565,699,553,0,666,0,0,1,-1,0,1,-1,-1,-1,-1,-1,-1,0,1,
2026-04-02,17:06:42.690,7.53,91,95,95,0.020,44.29,53,0,8.07,-0.218,1.211,-2.60,65,0,99.22,-5.62,10,0.00,3.55,3.60,3.59,3.60,3.60,3.58,3.60,3.59,28.39,48.0,-30,-30,89.6,-26,-601,699,577,0,666,0,0,1,-1,0,1,-1,-1,-1,-1,-1,-1,0,1,
2026-04-02,17:06:42.960,7.53,94,95,95,0.012,43.00,54,0,8.07,-0.142,1.124,-3.55,66,0,107.77,0.54,10,0.00,3.55,3.60,3.59,3.60,3.60,3.58,3.60,3.59,28.40,47.1,-30,-30,89.6,-32,-685,699,390,0,666,0,0,1,-1,0,1,-1,-1,-1,-1,-1,-1,0,1,
2026-04-02,17:06:43.220,7.53,99,99,95,0.025,41.24,56,0,8.07,-0.164,1.311,-5.14,68,0,109.32,2.66,10,0.00,3.55,3.60,3.59,3.60,3.60,3.58,3.60,3.59,28.40,47.1,-30,-30,95.7,-33,-743,699,191,0,666,0,0,1,-1,0,1,-1,-1,-1,-1,-1,-1,0,1,
2026-04-02,17:06:43.490,7.52,100,100,95,-0.019,39.56,57,0,8.07,-0.160,1.525,-5.66,68,0,101.96,3.52,10,0.00,3.55,3.60,3.59,3.60,3.60,3.58,3.60,3.59,28.41,45.7,-30,-30,98.5,-40,-571,698,539,0,666,0,0,1,-1,0,1,-1,-1,-1,-1,-1,-1,0,1,
2026-04-02,17:06:43.750,7.53,99,99,95,-0.044,38.00,58,0,8.07,-0.125,1.525,-5.53,69,0,103.16,4.14,10,0.00,3.55,3.60,3.59,3.60,3.60,3.58,3.60,3.59,28.41,45.7,-30,-30,99.6,-37,-601,698,617,0,667,0,0,1,-1,0,1,-1,-1,-1,-1,-1,-1,0,1,
2026-04-02,17:06:44.010,7.53,99,99,94,-0.026,36.11,59,0,8.07,-0.077,1.244,-6.04,70,0,119.92,8.50,10,0.00,3.55,3.60,3.59,3.60,3.60,3.58,3.60,3.59,28.43,44.6,-30,-30,103.5,-36,-668,698,361,0,667,0,0,1,-1,0,1,-1,-1,-1,-1,-1,-1,0,1,
2026-04-02,17:06:44.280,7.53,98,98,94,-0.001,34.18,60,0,8.07,-0.087,1.603,-6.49,72,0,127.41,8.15,10,0.00,3.55,3.60,3.59,3.60,3.60,3.58,3.61,3.60,28.43,44.6,-30,-30,108.9,-35,-680,698,303,0,666,0,0,1,-1,0,1,-1,-1,-1,-1,-1,-1,0,1,
2026-04-02,17:06:44.540,7.52,99,99,94,0.000,30.27,60,0,8.07,-0.144,1.735,-6.67,75,0,125.22,5.98,10,0.00,3.56,3.60,3.59,3.60,3.60,3.58,3.61,3.60,28.45,42.3,-30,-30,106.1,-36,-680,699,248,0,667,0,0,1,-1,0,1,-1,-1,-1,-1,-1,-1,0,1,
2026-04-02,17:06:44.800,7.52,98,98,94,-0.081,28.60,60,0,8.07,-0.111,1.696,-6.28,77,0,119.42,3.67,10,0.00,3.56,3.60,3.59,3.60,3.60,3.58,3.61,3.60,28.45,42.3,-30,-30,108.9,-37,-680,698,187,0,666,0,0,1,-1,0,1,-1,-1,-1,-1,-1,-1,0,1,
2026-04-02,17:06:45.070,7.52,99,99,94,-0.091,26.75,63,0,8.07,-0.140,1.725,-6.25,79,0,121.80,2.95,10,0.00,3.56,3.60,3.59,3.61,3.60,3.58,3.61,3.60,28.46,42.4,-30,-30,106.1,-38,-694,698,178,0,666,0,0,1,-1,0,1,-1,-1,-1,-1,-1,-1,0,1,
2026-04-02,17:06:45.330,7.52,99,99,94,-0.053,25.55,65,0,8.05,-0.177,1.895,-5.39,79,0,126.67,2.51,10,0.00,3.56,3.60,3.59,3.61,3.61,3.58,3.61,3.60,28.46,42.4,-30,-30,106.1,-43,-607,699,0,0,666,0,0,1,-1,0,1,-1,-1,-1,-1,-1,-1,0,1,
2026-04-02,17:06:45.610,7.53,99,99,98,-0.038,24.51,65,0,8.06,-0.122,1.522,-4.06,77,0,119.31,3.45,10,0.00,3.56,3.60,3.59,3.61,3.61,3.58,3.62,3.60,28.47,43.5,-30,-30,106.7,-39,-611,722,-4,0,666,0,0,1,-1,0,1,-1,-1,-1,-1,-1,-1,0,1,
2026-04-02,17:06:45.880,7.53,99,99,98,-0.084,23.57,61,0,8.02,-0.118,1.577,-3.74,78,0,115.58,3.46,10,0.00,3.57,3.60,3.59,3.61,3.61,3.58,3.62,3.60,28.47,43.5,-30,-30,105.4,-37,-740,739,53,0,667,0,0,1,-1,0,1,-1,-1,-1,-1,-1,-1,0,1,
2026-04-02,17:06:46.140,7.52,99,99,98,-0.096,22.98,60,0,8.00,-0.144,1.838,-2.73,75,0,117.08,3.39,10,0.00,3.57,3.60,3.60,3.61,3.61,3.58,3.62,3.60,28.46,46.1,-30,-30,107.8,-35,-757,722,90,0,667,0,0,1,-1,0,1,-1,-1,-1,-1,-1,-1,0,1,
2026-04-02,17:06:46.400,7.52,100,100,99,-0.076,22.41,60,0,8.01,-0.205,1.954,-2.30,68,0,118.21,3.36,10,0.00,3.57,3.60,3.60,3.61,3.60,3.58,3.62,3.60,28.46,46.1,-30,-30,103.3,-32,-764,716,194,0,667,0,0,1,-1,0,1,-1,-1,-1,-1,-1,-1,0,1,
2026-04-02,17:06:46.660,7.52,100,100,98,-0.044,22.44,62,0,8.04,-0.203,1.848,-1.07,71,0,113.22,4.94,10,0.00,3.57,3.60,3.60,3.61,3.60,3.58,3.61,3.60,28.45,46.0,-30,-30,101.9,-19,-686,717,472,0,666,0,0,1,-1,0,1,-1,-1,-1,-1,-1,-1,0,1,
2026-04-02,17:06:46.920,7.53,100,100,98,-0.032,22.34,64,0,8.03,-0.161,1.716,-0.31,72,0,111.11,6.63,10,0.00,3.56,3.60,3.60,3.61,3.60,3.58,3.61,3.60,28.45,47.0,-30,-30,100.6,-14,-630,718,694,0,666,0,0,1,-1,0,1,-1,-1,-1,-1,-1,-1,0,1,
2026-04-02,17:06:47.200,7.53,100,100,98,-0.009,21.58,63,0,8.01,-0.116,1.293,-1.34,75,0,115.78,12.46,10,0.00,3.56,3.60,3.60,3.61,3.60,3.58,3.61,3.60,28.45,47.0,-30,-30,103.9,-7,-681,718,683,0,666,0,0,1,-1,0,1,-1,-1,-1,-1,-1,-1,0,1,
2026-04-02,17:06:47.460,7.53,100,100,98,0.007,21.15,63,0,8.02,-0.083,1.048,-1.60,75,0,120.58,16.60,10,0.00,3.56,3.60,3.59,3.60,3.60,3.58,3.61,3.60,28.44,45.8,-30,-30,103.9,-12,-657,718,749,0,666,0,0,1,-1,0,1,-1,-1,-1,-1,-1,-1,0,1,
2026-04-02,17:06:47.730,7.53,99,99,98,-0.020,20.66,60,0,8.03,-0.096,1.211,-1.59,70,0,129.01,16.08,10,0.00,3.56,3.60,3.59,3.60,3.60,3.58,3.61,3.60,28.44,45.8,-30,-30,102.6,-14,-688,717,523,0,666,0,0,1,-1,0,1,-1,-1,-1,-1,-1,-1,0,1,
2026-04-02,17:06:47.990,7.52,99,99,99,-0.011,20.13,59,0,8.03,-0.123,1.328,-1.74,66,0,143.41,15.28,10,0.00,3.56,3.60,3.59,3.60,3.60,3.58,3.61,3.59,28.44,46.1,-30,-30,101.7,-25,-812,716,557,0,666,0,0,1,-1,0,1,-1,-1,-1,-1,-1,-1,0,1,
2026-04-02,17:06:48.260,7.52,98,99,99,-0.038,19.47,57,0,8.02,-0.213,1.720,-1.97,65,0,146.16,12.12,10,0.00,3.56,3.60,3.59,3.60,3.60,3.58,3.61,3.59,28.44,46.1,-30,-30,101.7,-26,-756,716,465,0,667,0,0,1,-1,0,1,-1,-1,-1,-1,-1,-1,0,1,
2026-04-02,17:06:48.520,7.52,99,99,99,-0.036,19.16,57,0,8.05,-0.219,1.683,-1.70,63,0,150.74,6.95,10,0.00,3.56,3.60,3.59,3.60,3.60,3.58,3.61,3.59,28.43,47.0,-30,-30,97.4,-25,-712,716,481,0,667,0,0,1,-1,0,1,-1,-1,-1,-1,-1,-1,0,1,
2026-04-02,17:06:48.800,7.53,99,99,99,-0.029,18.81,54,0,8.06,-0.166,1.466,-1.34,58,0,154.44,5.13,10,0.00,3.56,3.60,3.59,3.60,3.60,3.58,3.61,3.59,28.43,47.0,-30,-30,98.2,-24,-624,715,408,0,666,0,0,1,-1,0,1,-1,-1,-1,-1,-1,-1,0,1,
2026-04-02,17:06:49.060,7.53,97,99,99,-0.003,18.24,50,0,8.07,-0.166,1.229,-1.51,60,0,154.53,4.83,10,0.00,3.56,3.60,3.59,3.60,3.60,3.58,3.60,3.59,28.43,46.6,-30,-30,103.0,-17,-590,741,377,0,666,0,0,1,-1,0,1,-1,-1,-1,-1,-1,-1,0,1,
2026-04-02,17:06:49.320,7.53,95,98,98,-0.002,17.90,48,0,8.07,-0.171,1.525,-1.52,62,0,154.38,0.98,10,0.00,3.56,3.59,3.59,3.60,3.60,3.58,3.60,3.59,28.43,46.6,-30,-30,102.2,0,-609,786,465,0,666,0,0,1,-1,0,1,-1,-1,-1,-1,-1,-1,0,1,
2026-04-02,17:06:49.590,7.53,95,98,98,-0.007,17.55,48,0,8.07,-0.154,1.656,-1.24,62,0,152.40,-0.21,10,0.00,3.56,3.59,3.59,3.60,3.60,3.58,3.60,3.59,28.38,50.8,-30,-30,102.2,0,-602,815,446,0,666,0,0,1,-1,0,1,-1,-1,-1,-1,-1,-1,0,1,
2026-04-02,17:06:49.860,7.53,94,98,98,-0.016,17.49,47,0,8.07,-0.159,1.249,-0.85,63,0,155.42,-0.19,10,0.00,3.56,3.59,3.59,3.59,3.60,3.58,3.60,3.59,28.38,50.8,-30,-30,100.6,0,-627,814,494,0,666,0,0,1,-1,0,1,-1,-1,-1,-1,-1,-1,0,1,
2026-04-02,17:06:50.140,7.52,91,98,98,0.002,17.64,45,0,8.07,-0.202,1.317,0.13,63,0,165.15,-4.02,10,0.00,3.56,3.59,3.59,3.59,3.59,3.57,3.60,3.59,28.32,55.0,-30,-30,100.6,0,-638,795,403,0,666,0,0,1,-1,0,1,-1,-1,-1,-1,-1,-1,0,1,
2026-04-02,17:06:50.400,7.52,89,98,98,0.000,18.05,45,0,8.07,-0.230,1.445,0.79,61,0,166.22,-7.07,10,0.00,3.56,3.59,3.59,3.59,3.59,3.57,3.60,3.58,28.32,55.0,-30,-30,98.2,0,-544,791,328,0,667,0,0,1,-1,0,1,-1,-1,-1,-1,-1,-1,0,1,
2026-04-02,17:06:50.660,7.52,89,99,99,-0.003,18.57,45,0,8.05,-0.232,1.472,1.34,58,0,163.65,-10.97,10,0.00,3.54,3.58,3.59,3.59,3.59,3.57,3.60,3.58,28.30,53.6,-30,-30,98.9,0,-552,789,522,0,666,0,0,1,-1,0,1,-1,-1,-1,-1,-1,-1,0,1,
2026-04-02,17:06:50.930,7.52,89,99,99,0.014,19.23,44,0,8.06,-0.203,1.144,2.07,57,0,169.93,-10.51,10,0.00,3.54,3.58,3.57,3.58,3.59,3.57,3.60,3.58,28.27,53.7,-30,-30,95.7,0,-580,787,603,0,666,0,0,1,-1,0,1,-1,-1,-1,-1,-1,-1,0,1,
2026-04-02,17:06:51.200,7.52,91,99,99,0.020,19.89,45,0,8.07,-0.187,1.091,2.12,56,0,173.57,-11.14,10,0.00,3.54,3.58,3.57,3.58,3.58,3.56,3.60,3.58,28.27,53.7,-30,-30,93.5,0,-501,783,97,0,666,0,0,1,-1,0,1,-1,-1,-1,-1,-1,-1,0,1,
2026-04-02,17:06:51.460,7.52,96,99,99,0.040,20.54,47,0,8.07,-0.213,1.211,2.23,56,0,171.57,-14.44,10,0.00,3.54,3.58,3.57,3.58,3.58,3.56,3.59,3.57,28.25,53.2,-30,-30,93.7,0,-545,783,93,0,667,0,0,1,-1,0,1,-1,-1,-1,-1,-1,-1,0,1,
2026-04-02,17:06:51.730,7.52,99,99,99,0.022,21.16,47,0,8.07,-0.224,1.241,2.17,56,0,165.86,-17.40,10,0.00,3.54,3.58,3.57,3.58,3.58,3.56,3.59,3.57,28.25,53.2,-30,-30,91.3,0,-532,783,308,0,666,0,0,1,-1,0,1,-1,-1,-1,-1,-1,-1,0,1,
2026-04-02,17:06:52.010,7.52,98,99,99,0.000,22.04,48,0,8.07,-0.257,1.233,2.60,56,0,162.03,-21.62,10,0.00,3.54,3.58,3.57,3.58,3.58,3.56,3.59,3.57,28.22,54.4,-30,-30,87.8,0,-509,784,488,0,666,0,0,1,-1,0,1,-1,-1,-1,-1,-1,-1,0,1,
2026-04-02,17:06:52.270,7.52,96,99,99,0.006,23.04,46,0,8.07,-0.266,1.218,3.13,58,0,174.36,-23.02,10,0.00,3.54,3.58,3.57,3.58,3.58,3.56,3.59,3.57,28.22,54.4,-30,-30,87.8,13,-470,784,268,0,666,0,0,1,-1,0,1,-1,-1,-1,-1,-1,-1,0,1,
2026-04-02,17:06:52.540,7.52,89,99,99,0.057,24.81,45,0,8.09,-0.263,1.124,3.07,59,0,178.26,-22.92,10,0.00,3.54,3.58,3.57,3.58,3.58,3.56,3.59,3.57,28.19,55.0,-30,-30,85.9,0,-343,783,4,0,666,0,0,1,-1,0,1,-1,-1,-1,-1,-1,-1,0,1,
2026-04-02,17:06:52.800,7.52,87,99,99,0.053,24.81,43,0,8.08,-0.245,0.945,2.96,59,0,173.91,-23.45,10,0.00,3.54,3.58,3.57,3.58,3.58,3.56,3.59,3.57,28.19,55.0,-30,-30,85.9,0,-378,783,215,0,667,0,0,1,-1,0,1,-1,-1,-1,-1,-1,-1,0,1,
2026-04-02,17:06:53.070,7.52,85,99,99,0.032,26.88,42,0,8.07,-0.238,0.881,2.96,60,0,164.50,-22.68,10,0.00,3.53,3.57,3.57,3.58,3.58,3.56,3.59,3.57,28.18,54.8,-30,-30,84.8,0,-403,783,255,0,666,0,0,1,-1,0,1,-1,-1,-1,-1,-1,-1,0,1,
2026-04-02,17:06:53.330,7.52,88,100,100,0.016,27.81,43,0,8.07,-0.239,0.955,3.57,60,0,164.93,-22.16,10,0.00,3.53,3.57,3.57,3.57,3.58,3.56,3.59,3.57,28.18,54.8,-30,-30,86.3,0,-422,783,294,0,667,0,0,1,-1,0,1,-1,-1,-1,-1,-1,-1,0,1,
2026-04-02,17:06:53.600,7.52,90,100,100,0.019,27.81,43,0,8.07,-0.273,1.088,3.01,60,0,176.10,-23.41,10,0.00,3.53,3.57,3.57,3.57,3.57,3.55,3.59,3.57,28.15,55.1,-30,-30,81.7,0,-541,783,374,0,666,0,0,1,-1,0,1,-1,-1,-1,-1,-1,-1,0,1,
2026-04-02,17:06:53.860,7.52,92,100,100,0.015,29.38,45,0,8.07,-0.279,1.117,2.83,61,0,177.74,-24.80,10,0.00,3.53,3.57,3.57,3.57,3.57,3.55,3.59,3.56,28.15,55.1,-30,-30,83.2,0,-429,782,312,0,667,0,0,1,-1,0,1,-1,-1,-1,-1,-1,-1,0,1,
2026-04-02,17:06:54.120,7.52,94,100,100,0.062,29.38,45,0,8.07,-0.281,1.021,2.99,62,0,173.73,-27.16,10,0.00,3.52,3.57,3.57,3.57,3.57,3.55,3.59,3.56,28.13,55.7,-30,-30,80.7,0,-507,782,484,0,667,0,0,1,-1,0,1,-1,-1,-1,-1,-1,-1,0,1,
2026-04-02,17:06:54.380,7.53,97,100,100,0.070,31.13,46,0,8.07,-0.266,0.905,3.03,64,0,170.39,-26.07,10,0.00,3.52,3.57,3.57,3.57,3.57,3.55,3.59,3.56,28.13,55.7,-30,-30,77.6,0,-483,782,441,0,666,0,0,1,-1,0,1,-1,-1,-1,-1,-1,-1,0,1,
2026-04-02,17:06:54.660,7.53,97,100,100,0.055,31.74,47,0,8.07,-0.286,0.976,2.53,63,0,168.88,-24.58,10,0.00,3.52,3.57,3.56,3.57,3.57,3.55,3.59,3.56,28.11,56.0,-30,-30,78.7,0,-509,782,534,0,667,0,0,1,-1,0,1,-1,-1,-1,-1,-1,-1,0,1,
2026-04-02,17:06:54.930,7.53,99,100,100,0.059,32.10,48,0,8.07,-0.267,0.856,1.72,64,0,169.42,-23.21,10,0.00,3.52,3.57,3.56,3.57,3.57,3.55,3.59,3.56,28.09,56.3,-30,-30,78.7,0,-587,782,586,0,666,0,0,1,-1,0,1,-1,-1,-1,-1,-1,-1,0,1,
2026-04-02,17:06:55.190,7.53,99,100,100,0.070,33.06,47,0,8.07,-0.267,0.897,1.47,60,0,165.96,-22.53,10,0.00,3.52,3.57,3.56,3.57,3.57,3.55,3.58,3.55,28.09,56.3,-30,-30,80.7,0,-618,782,608,0,667,0,0,1,-1,0,1,-1,-1,-1,-1,-1,-1,0,1,
2026-04-02,17:06:55.450,7.53,97,100,100,0.025,33.00,47,0,8.07,-0.228,0.871,0.62,58,0,164.50,-23.36,10,0.00,3.52,3.57,3.56,3.57,3.57,3.55,3.58,3.55,28.09,55.6,-30,-30,82.4,9,-482,783,779,0,667,0,0,1,-1,0,1,-1,-1,-1,-1,-1,-1,0,1,
2026-04-02,17:06:55.710,7.53,95,100,100,0.010,33.00,47,0,8.07,-0.229,0.930,-0.54,59,0,170.62,-23.73,10,0.00,3.52,3.57,3.56,3.57,3.57,3.55,3.58,3.55,28.09,55.6,-30,-30,84.3,53,-546,784,731,0,666,0,0,1,-1,0,1,-1,-1,-1,-1,-1,-1,0,1,
2026-04-02,17:06:55.980,7.53,92,99,99,0.041,32.53,46,0,8.07,-0.258,1.007,-0.60,60,0,-165.98,-21.51,10,0.00,3.52,3.57,3.56,3.57,3.56,3.55,3.58,3.55,28.08,55.6,-30,-30,83.7,38,-501,783,220,0,666,0,0,1,-1,0,1,-1,-1,-1,-1,-1,-1,0,1,
2026-04-02,17:06:56.250,7.53,92,99,99,0.102,32.41,47,0,8.09,-0.283,0.969,-0.41,61,0,-169.73,-23.75,10,0.00,3.52,3.57,3.56,3.57,3.56,3.55,3.58,3.55,28.08,55.6,-30,-30,81.1,0,-494,782,86,0,666,0,0,1,-1,0,1,-1,-1,-1,-1,-1,-1,0,1,
2026-04-02,17:06:56.510,7.53,90,99,99,0.070,32.26,46,0,8.08,-0.229,0.969,-0.46,59,0,96.35,-24.30,10,0.00,3.52,3.56,3.56,3.57,3.56,3.55,3.58,3.55,28.07,55.2,-30,-30,86.1,0,-444,772,62,0,667,0,0,1,-1,0,1,-1,-1,-1,-1,-1,-1,0,1,
2026-04-02,17:06:56.780,7.53,84,99,99,0.010,31.92,45,0,8.07,-0.212,1.000,-0.80,58,0,170.11,-25.45,10,0.00,3.52,3.56,3.56,3.57,3.56,3.55,3.58,3.55,28.07,55.2,-30,-30,88.2,29,-418,772,522,0,666,0,0,1,-1,0,1,-1,-1,-1,-1,-1,-1,0,1,
2026-04-02,17:06:57.040,7.53,80,99,99,-0.001,31.32,43,0,8.07,-0.229,1.066,-1.57,60,0,174.90,-25.53,10,0.00,3.52,3.56,3.56,3.57,3.56,3.55,3.58,3.55,28.08,53.6,-30,-30,88.2,36,-496,773,448,0,666,0,0,1,-1,0,1,-1,-1,-1,-1,-1,-1,0,1,
2026-04-02,17:06:57.300,7.52,78,99,99,0.049,30.86,42,0,8.07,-0.242,1.132,-1.72,59,0,-157.38,-25.16,10,0.00,3.52,3.56,3.56,3.57,3.57,3.55,3.58,3.55,28.08,53.6,-30,-30,87.4,20,-332,771,312,0,666,0,0,1,-1,0,1,-1,-1,-1,-1,-1,-1,0,1,
2026-04-02,17:06:57.560,7.52,81,99,99,0.082,30.47,40,0,8.05,-0.216,1.028,-1.38,60,0,-168.01,-26.34,10,0.00,3.52,3.56,3.56,3.57,3.57,3.55,3.58,3.56,28.08,53.7,-30,-30,86.5,0,-400,771,384,0,667,0,0,1,-1,0,1,-1,-1,-1,-1,-1,-1,0,1,
2026-04-02,17:06:57.830,7.53,85,98,98,0.073,30.09,41,0,8.06,-0.181,0.854,-1.45,60,0,84.94,-23.35,10,0.00,3.52,3.57,3.56,3.57,3.57,3.55,3.58,3.56,28.08,53.7,-30,-30,88.5,0,-417,770,434,0,666,0,0,1,-1,0,1,-1,-1,-1,-1,-1,-1,0,1,
2026-04-02,17:06:58.100,7.53,85,98,98,0.022,29.63,42,0,8.07,-0.167,0.829,-1.43,61,0,176.25,-21.27,10,0.00,3.52,3.57,3.56,3.57,3.57,3.55,3.58,3.56,28.08,53.3,-30,-30,90.6,7,-458,771,592,0,666,0,0,1,-1,0,1,-1,-1,-1,-1,-1,-1,0,1,
2026-04-02,17:06:58.360,7.52,82,98,98,0.012,28.24,41,0,8.07,-0.167,1.004,-2.38,59,0,-140.81,-21.18,10,0.00,3.52,3.57,3.56,3.57,3.57,3.55,3.58,3.56,28.08,53.3,-30,-30,92.6,54,-465,773,659,0,666,0,0,1,-1,0,1,-1,-1,-1,-1,-1,-1,0,1,
2026-04-02,17:06:58.620,7.53,79,98,98,0.044,27.82,40,0,8.07,-0.188,1.077,-1.85,58,0,-165.04,-20.06,10,0.00,3.52,3.57,3.56,3.57,3.57,3.55,3.58,3.56,28.09,52.8,-30,-30,93.0,66,-457,773,491,0,667,0,0,1,-1,0,1,-1,-1,-1,-1,-1,-1,0,1,
2026-04-02,17:06:58.900,7.53,82,98,98,0.069,27.24,40,0,8.07,-0.163,0.982,-1.82,56,0,-163.01,-19.22,10,0.00,3.52,3.57,3.56,3.57,3.57,3.55,3.58,3.56,28.09,52.8,-30,-30,93.2,57,-459,772,397,0,666,0,0,1,-1,0,1,-1,-1,-1,-1,-1,-1,0,1,
2026-04-02,17:06:59.160,7.53,89,98,98,0.080,26.45,41,0,8.07,-0.164,0.941,-2.37,54,0,-165.66,-18.30,10,0.00,3.52,3.57,3.56,3.57,3.57,3.55,3.58,3.56,28.09,52.6,-30,-30,94.6,60,-415,772,525,0,667,0,0,1,-1,0,1,-1,-1,-1,-1,-1,-1,0,1,
2026-04-02,17:06:59.430,7.53,94,98,98,0.053,25.77,44,0,8.07,-0.129,0.998,-2.42,54,0,-168.06,-16.41,10,0.00,3.52,3.57,3.56,3.57,3.57,3.55,3.58,3.56,28.09,51.6,-30,-30,94.6,45,-449,771,466,0,666,0,0,1,-1,0,1,-1,-1,-1,-1,-1,-1,0,1,
2026-04-02,17:06:59.690,7.52,97,98,97,0.016,25.09,48,0,8.07,-0.120,0.960,-2.36,53,0,-166.42,-14.42,10,0.00,3.52,3.57,3.56,3.57,3.57,3.55,3.58,3.56,28.11,51.6,-30,-30,100.7,41,-491,773,312,0,666,0,0,1,-1,0,1,-1,-1,-1,-1,-1,-1,0,1,
2026-04-02,17:06:59.950,7.52,98,98,97,-0.023,24.33,50,0,8.07,-0.196,1.409,-2.48,52,0,-156.42,-14.54,10,0.00,3.52,3.57,3.56,3.57,3.57,3.55,3.58,3.55,28.11,51.5,-30,-30,100.7,30,-459,792,-113,0,666,0,0,1,-1,0,1,-1,-1,-1,-1,-1,-1,0,1,
2026-04-02,17:07:00.210,7.53,99,99,98,-0.002,23.75,52,0,8.07,-0.208,1.262,-2.39,53,0,-156.42,-14.54,10,0.00,3.52,3.57,3.56,3.57,3.57,3.55,3.58,3.55,28.12,51.5,-30,-30,98.9,0,-419,837,-187,0,667,0,0,1,-1,0,1,-1,-1,-1,-1,-1,-1,0,1,
2026-04-02,17:07:00.470,7.53,99,99,98,0.025,23.38,54,0,8.07,-0.172,1.197,-1.63,51,0,-163.80,-19.49,10,0.00,3.52,3.57,3.56,3.57,3.57,3.55,3.58,3.55,28.07,57.0,-30,-30,100.7,0,-330,874,-119,0,666,0,0,1,-1,0,1,-1,-1,-1,-1,-1,-1,0,1,
2026-04-02,17:07:00.730,7.52,99,99,98,0.000,22.95,54,0,8.07,-0.176,1.086,-1.56,48,0,-171.78,-21.56,10,0.00,3.52,3.57,3.56,3.57,3.57,3.55,3.58,3.55,28.07,57.0,-30,-30,99.6,0,-300,808,0,0,666,0,0,1,-1,0,1,-1,-1,-1,-1,-1,-1,0,1,
2026-04-02,17:07:00.990,7.53,99,99,98,-0.007,22.68,55,0,8.07,-0.159,1.053,-1.27,45,0,-169.67,-20.67,10,0.00,3.52,3.57,3.56,3.57,3.56,3.55,3.58,3.55,28.07,56.2,-30,-30,100.7,0,-407,789,0,0,666,0,0,1,-1,0,1,-1,-1,-1,-1,-1,-1,0,1,
2026-04-02,17:07:01.250,7.52,99,99,96,0.000,22.80,56,0,8.07,-0.171,1.217,0.10,43,0,-171.10,-22.75,10,0.00,3.52,3.57,3.56,3.57,3.56,3.55,3.58,3.55,28.07,56.2,-30,-30,100.7,0,-388,785,-106,0,667,0,0,1,-1,0,1,-1,-1,-1,-1,-1,-1,0,1,
2026-04-02,17:07:01.510,7.52,100,100,95,-0.014,23.08,57,0,8.07,-0.173,1.217,0.77,41,0,-174.21,-24.24,10,0.00,3.52,3.56,3.56,3.57,3.56,3.55,3.58,3.55,28.08,51.9,-30,-30,100.2,0,-309,769,-212,0,666,0,0,1,-1,0,1,-1,-1,-1,-1,-1,-1,0,1,
2026-04-02,17:07:01.790,7.53,100,100,95,-0.005,23.38,56,0,8.07,-0.145,1.041,0.90,42,0,156.72,-26.46,10,0.00,3.52,3.56,3.55,3.56,3.56,3.55,3.58,3.55,28.08,51.9,-30,-30,99.3,0,-246,705,-271,0,666,0,0,1,-1,0,1,-1,-1,-1,-1,-1,-1,0,1,
2026-04-02,17:07:02.060,7.52,100,100,94,-0.035,23.85,53,0,8.08,-0.150,0.916,1.27,45,0,174.13,-26.12,10,0.00,3.52,3.56,3.55,3.56,3.56,3.55,3.58,3.55,28.12,46.7,-30,-30,98.5,0,-260,700,-211,0,666,0,0,1,-1,0,1,-1,-1,-1,-1,-1,-1,0,1,
2026-04-02,17:07:02.320,7.52,100,100,94,-0.049,24.77,51,0,8.08,-0.153,1.032,2.25,47,0,171.16,-24.95,10,0.00,3.52,3.56,3.55,3.56,3.56,3.55,3.58,3.55,28.12,46.7,-30,-30,96.1,0,-311,698,-205,0,666,0,0,1,-1,0,1,-1,-1,-1,-1,-1,-1,0,1,
2026-04-02,17:07:02.580,7.52,100,100,94,-0.038,25.52,50,0,8.07,-0.145,1.079,2.67,48,0,173.38,-22.69,10,0.00,3.53,3.57,3.55,3.56,3.56,3.55,3.58,3.55,28.16,45.8,-30,-30,98.2,0,-289,697,-96,0,666,0,0,1,-1,0,1,-1,-1,-1,-1,-1,-1,0,1,
2026-04-02,17:07:02.860,7.53,100,100,94,-0.018,26.05,49,0,8.07,-0.148,1.022,2.23,49,0,175.23,-21.78,10,0.00,3.53,3.57,3.57,3.58,3.56,3.55,3.58,3.55,28.16,45.8,-30,-30,96.3,-9,-259,698,-225,0,666,0,0,1,-1,0,1,-1,-1,-1,-1,-1,-1,0,1,
2026-04-02,17:07:03.120,7.52,99,99,93,0.000,26.36,48,0,8.07,-0.133,0.909,1.59,50,0,169.64,-20.31,10,0.00,3.53,3.57,3.57,3.58,3.57,3.56,3.58,3.55,28.16,45.7,-30,-30,96.3,-18,-341,698,-231,0,667,0,0,1,-1,0,1,-1,-1,-1,-1,-1,-1,0,1,
2026-04-02,17:07:03.380,7.52,97,97,93,-0.037,26.57,47,0,8.07,-0.140,1.008,1.04,51,0,164.96,-20.57,10,0.00,3.53,3.57,3.57,3.58,3.57,3.56,3.58,3.55,28.16,45.7,-30,-30,97.4,-35,-392,697,-133,0,666,0,0,1,-1,0,1,-1,-1,-1,-1,-1,-1,0,1,
2026-04-02,17:07:03.640,7.52,96,96,94,-0.046,26.57,44,0,8.05,-0.160,1.141,1.18,52,0,160.88,-21.47,10,0.00,3.53,3.57,3.57,3.58,3.57,3.56,3.59,3.57,28.19,45.7,-30,-30,97.4,-25,-557,697,27,0,666,0,0,1,-1,0,1,-1,-1,-1,-1,-1,-1,0,1,
2026-04-02,17:07:03.920,7.52,93,93,93,-0.025,28.02,42,0,8.06,-0.204,1.357,1.18,53,0,162.78,-25.02,10,0.00,3.53,3.58,3.57,3.58,3.57,3.56,3.59,3.57,28.19,45.7,-30,-30,94.5,0,-478,699,0,0,666,0,0,1,-1,0,1,-1,-1,-1,-1,-1,-1,0,1,
2026-04-02,17:07:04.180,7.52,95,95,93,0.006,28.43,42,0,8.07,-0.219,1.314,1.50,54,0,160.37,-26.96,10,0.00,3.53,3.58,3.57,3.58,3.57,3.56,3.59,3.57,28.20,46.4,-30,-30,92.0,0,-535,702,0,0,666,0,0,1,-1,0,1,-1,-1,-1,-1,-1,-1,0,1,
2026-04-02,17:07:04.440,7.52,96,96,93,-0.005,28.88,45,0,8.07,-0.217,1.186,1.54,54,0,148.09,-28.81,10,0.00,3.53,3.58,3.57,3.58,3.57,3.56,3.59,3.57,28.19,47.4,-30,-30,89.6,0,-583,759,208,0,667,0,0,1,-1,0,1,-1,-1,-1,-1,-1,-1,0,1,
2026-04-02,17:07:04.710,7.52,99,99,92,-0.021,29.22,44,0,8.07,-0.267,1.265,1.36,51,0,145.68,-29.93,10,0.00,3.53,3.58,3.57,3.58,3.57,3.56,3.59,3.57,28.19,47.4,-30,-30,87.8,0,-676,788,265,0,666,0,0,1,-1,0,1,-1,-1,-1,-1,-1,-1,0,1,
2026-04-02,17:07:04.980,7.52,99,99,91,-0.001,29.62,43,0,8.07,-0.271,1.438,1.36,43,0,146.18,-32.08,10,0.00,3.53,3.57,3.57,3.58,3.57,3.56,3.59,3.57,28.10,47.4,-30,-30,87.4,0,-726,898,218,0,667,0,0,1,-1,0,1,-1,-1,-1,-1,-1,-1,0,1,
2026-04-02,17:07:05.240,7.52,93,93,92,0.007,29.80,41,0,8.07,-0.327,1.468,1.01,43,0,138.53,-34.93,10,0.00,3.53,3.57,3.57,3.58,3.57,3.56,3.59,3.57,28.10,47.4,-30,-30,88.3,0,-750,1005,207,0,666,0,0,1,-1,0,1,-1,-1,-1,-1,-1,-1,0,1,
2026-04-02,17:07:05.500,7.53,89,94,93,0.027,29.95,41,0,8.07,-0.355,1.530,0.67,44,0,132.66,-35.79,10,0.00,3.53,3.57,3.57,3.58,3.57,3.56,3.59,3.57,28.10,74.9,-30,-30,85.9,0,-749,1021,290,0,667,0,0,1,-1,0,1,-1,-1,-1,-1,-1,-1,0,1,
2026-04-02,17:07:05.760,7.53,90,94,94,0.040,30.10,43,0,8.07,-0.380,1.572,0.50,47,0,113.82,-35.27,10,0.00,3.53,3.57,3.57,3.58,3.55,3.53,3.59,3.57,28.10,74.9,-30,-30,83.3,20,-642,781,456,0,667,0,0,1,-1,0,1,-1,-1,-1,-1,-1,-1,0,1,
2026-04-02,17:07:06.020,7.53,95,95,94,0.020,30.39,44,0,8.07,-0.295,1.411,0.81,50,0,107.29,-32.11,10,0.00,3.53,3.57,3.57,3.58,3.55,3.53,3.55,3.53,28.12,61.9,-30,-30,83.3,0,-406,641,703,0,667,0,0,1,-1,0,1,-1,-1,-1,-1,-1,-1,0,1,
2026-04-02,17:07:06.290,7.52,95,95,95,0.022,30.71,43,0,8.07,-0.121,0.814,0.96,54,0,107.91,-22.41,10,0.00,3.49,3.54,3.57,3.58,3.55,3.53,3.55,3.53,28.12,61.9,-30,-30,83.3,0,-453,588,695,0,667,0,0,1,-1,0,1,-1,-1,-1,-1,-1,-1,0,1,
2026-04-02,17:07:06.550,7.53,92,95,95,0.067,30.71,42,0,8.07,-0.083,0.814,0.70,55,0,114.49,-17.46,10,0.00,3.49,3.54,3.57,3.58,3.55,3.53,3.55,3.53,28.18,38.7,-30,-30,89.5,0,-449,578,828,0,666,0,0,1,-1,0,1,-1,-1,-1,-1,-1,-1,0,1,
2026-04-02,17:07:06.830,7.53,89,95,95,0.074,29.77,42,0,8.05,-0.081,0.656,-1.39,55,0,119.19,-13.92,10,0.00,3.49,3.54,3.57,3.58,3.56,3.54,3.55,3.53,28.18,38.7,-30,-30,88.9,0,-767,581,494,0,666,0,0,1,-1,0,1,-1,-1,-1,-1,-1,-1,0,1,
2026-04-02,17:07:07.090,7.52,89,96,96,0.036,28.78,42,0,8.06,-0.149,1.231,-2.57,55,0,129.27,-12.63,10,0.00,3.49,3.54,3.57,3.58,3.56,3.54,3.59,3.56,28.24,37.5,-30,-30,89.5,0,-790,581,114,0,666,0,0,1,-1,0,1,-1,-1,-1,-1,-1,-1,0,1,
2026-04-02,17:07:07.360,7.52,89,96,96,-0.024,27.69,43,0,8.07,-0.155,1.327,-3.32,54,0,123.61,-15.97,10,0.00,3.54,3.58,3.57,3.58,3.56,3.54,3.59,3.56,28.24,37.5,-30,-30,88.3,0,-713,582,580,0,666,0,0,1,-1,0,1,-1,-1,-1,-1,-1,-1,0,1,
2026-04-02,17:07:07.620,7.52,88,96,96,-0.099,26.77,42,0,8.04,-0.202,1.691,-3.39,55,0,134.63,-19.66,10,0.00,3.54,3.58,3.58,3.58,3.56,3.54,3.59,3.56,28.28,37.8,-30,-30,96.5,0,-725,612,364,0,666,0,0,1,-1,0,1,-1,-1,-1,-1,-1,-1,0,1,
2026-04-02,17:07:07.890,7.52,89,97,97,0.062,25.18,42,0,8.05,-0.211,1.520,-4.20,58,0,149.94,-17.44,10,0.00,3.54,3.58,3.58,3.58,3.56,3.54,3.59,3.56,28.28,37.8,-30,-30,96.5,0,-527,702,0,0,667,0,0,1,-1,0,1,-1,-1,-1,-1,-1,-1,0,1,
2026-04-02,17:07:08.160,7.52,87,97,97,0.049,23.37,42,0,8.04,-0.213,1.514,-5.70,59,0,133.87,-19.25,10,0.00,3.54,3.58,3.58,3.58,3.58,3.57,3.59,3.56,28.27,41.8,-30,-30,94.3,0,-657,673,125,0,666,0,0,1,-1,0,1,-1,-1,-1,-1,-1,-1,0,1,
2026-04-02,17:07:08.440,7.53,87,97,97,-0.050,23.37,39,0,8.06,-0.154,1.162,-6.03,57,0,109.65,-18.18,10,0.00,3.54,3.58,3.58,3.58,3.58,3.57,3.59,3.58,28.27,43.4,-30,-30,95.9,0,-632,670,493,0,666,0,0,1,-1,0,1,-1,-1,-1,-1,-1,-1,0,1,
2026-04-02,17:07:08.710,7.53,86,98,98,-0.051,20.03,39,0,8.06,-0.214,1.718,-5.79,56,0,112.45,-17.84,10,0.00,3.54,3.58,3.58,3.58,3.58,3.57,3.59,3.58,28.27,43.4,-30,-30,95.9,0,-630,670,590,0,666,0,0,1,-1,0,1,-1,-1,-1,-1,-1,-1,0,1,
2026-04-02,17:07:08.970,7.52,90,99,99,0.006,18.77,40,0,8.07,-0.148,1.391,-5.79,56,0,131.50,-14.07,10,0.00,3.54,3.58,3.57,3.58,3.58,3.57,3.59,3.58,28.28,42.8,-30,-30,97.0,0,-565,677,590,0,667,0,0,1,-1,0,1,-1,-1,-1,-1,-1,-1,0,1,
2026-04-02,17:07:09.240,7.53,95,100,100,0.042,15.86,41,0,8.07,-0.102,1.141,-5.14,51,0,121.00,-10.04,10,0.00,3.54,3.58,3.57,3.58,3.57,3.56,3.59,3.58,28.28,42.8,-30,-30,99.5,0,-497,646,592,0,666,0,0,1,-1,0,1,-1,-1,-1,-1,-1,-1,0,1,
2026-04-02,17:07:09.510,7.53,93,100,100,0.041,14.36,41,0,8.07,-0.040,0.783,-5.10,51,0,116.76,-7.61,10,0.00,3.54,3.58,3.57,3.58,3.57,3.56,3.59,3.57,28.31,40.9,-30,-30,102.2,74,-550,649,752,0,666,0,0,1,-1,0,1,-1,-1,-1,-1,-1,-1,0,1,
2026-04-02,17:07:09.770,7.52,89,99,99,-0.032,12.73,41,0,8.03,-0.037,1.076,-5.47,52,0,131.42,-5.27,10,0.00,3.54,3.58,3.57,3.58,3.57,3.56,3.59,3.57,28.31,40.9,-30,-30,102.2,104,-756,782,559,0,667,0,0,1,-1,0,1,-1,-1,-1,-1,-1,-1,0,1,
2026-04-02,17:07:10.040,7.52,89,99,99,-0.033,12.73,42,0,8.05,-0.169,1.477,-5.43,56,0,147.35,-9.90,10,0.00,3.54,3.58,3.57,3.58,3.57,3.56,3.59,3.57,28.26,46.9,-30,-30,106.3,94,-615,803,253,0,666,0,0,1,-1,0,1,-1,-1,-1,-1,-1,-1,0,1,
2026-04-02,17:07:10.310,7.52,95,99,99,-0.043,9.34,44,0,8.06,-0.177,1.693,-5.95,58,0,148.21,-12.86,10,0.00,3.54,3.58,3.57,3.58,3.57,3.56,3.59,3.57,28.26,46.9,-30,-30,106.7,79,-454,807,0,0,666,0,0,1,-1,0,1,-1,-1,-1,-1,-1,-1,0,1,
2026-04-02,17:07:10.580,7.52,98,99,99,-0.123,7.77,46,0,8.07,-0.111,1.307,-5.82,59,0,145.80,-14.10,10,0.00,3.54,3.58,3.57,3.58,3.57,3.56,3.59,3.57,28.22,51.8,-30,-30,110.0,66,-624,805,0,0,666,0,0,1,-1,0,1,-1,-1,-1,-1,-1,-1,0,1,
2026-04-02,17:07:10.850,7.52,98,99,99,-0.114,6.74,48,0,8.07,-0.097,1.537,-4.57,60,0,152.78,-15.72,10,0.00,3.54,3.58,3.57,3.58,3.57,3.56,3.58,3.56,28.22,51.8,-30,-30,110.0,59,-516,803,-186,0,667,0,0,1,-1,0,1,-1,-1,-1,-1,-1,-1,0,1,
2026-04-02,17:07:11.110,7.52,96,99,99,-0.049,6.74,48,0,8.07,-0.165,1.489,-3.81,61,0,152.70,-21.12,10,0.00,3.53,3.56,3.57,3.58,3.57,3.56,3.58,3.56,28.18,50.8,-30,-30,108.3,17,-241,767,-442,0,666,0,0,1,-1,0,1,-1,-1,-1,-1,-1,-1,0,1,
2026-04-02,17:07:11.370,7.52,95,99,99,-0.049,4.71,48,0,8.07,-0.124,1.159,-3.75,61,0,133.15,-21.02,10,0.00,3.53,3.56,3.57,3.58,3.57,3.56,3.58,3.56,28.18,50.8,-30,-30,108.3,0,-444,762,21,0,666,0,0,1,-1,0,1,-1,-1,-1,-1,-1,-1,0,1,
2026-04-02,17:07:11.630,7.52,93,98,98,-0.066,4.16,48,0,8.07,-0.109,1.270,-2.81,59,0,130.18,-20.49,10,0.00,3.53,3.56,3.57,3.58,3.56,3.54,3.58,3.56,28.17,48.7,-30,-30,108.7,0,-343,698,206,0,667,0,0,1,-1,0,1,-1,-1,-1,-1,-1,-1,0,1,
2026-04-02,17:07:11.890,7.52,94,98,98,-0.026,4.03,48,0,8.07,-0.022,1.123,-1.37,57,0,134.82,-19.10,10,0.00,3.53,3.56,3.57,3.58,3.56,3.54,3.58,3.55,28.17,48.7,-30,-30,111.5,0,-39,486,0,0,667,0,0,1,-1,0,1,-1,-1,-1,-1,-1,-1,0,1,
2026-04-02,17:07:12.150,7.53,96,98,98,-0.012,3.80,48,0,8.07,0.018,0.820,-0.52,59,0,134.91,-16.04,10,0.00,3.53,3.57,3.57,3.58,3.56,3.54,3.58,3.55,28.30,33.3,-30,-30,107.0,0,-211,416,170,0,666,0,0,1,-1,0,1,-1,-1,-1,-1,-1,-1,0,1,
2026-04-02,17:07:12.410,7.52,98,98,98,-0.033,3.87,48,0,8.07,0.056,0.708,0.01,61,0,136.67,-11.54,10,0.00,3.53,3.57,3.58,3.59,3.56,3.54,3.58,3.55,28.30,19.3,-30,-30,107.0,26,-166,292,104,0,667,0,0,1,-1,0,1,-1,-1,-1,-1,-1,-1,0,1,
2026-04-02,17:07:12.690,7.52,96,98,98,-0.051,3.93,47,0,8.07,0.081,0.874,0.14,62,0,140.50,-11.44,10,0.00,3.53,3.57,3.58,3.59,3.56,3.54,3.58,3.55,28.48,19.3,-30,-30,107.4,35,-18,282,259,0,666,0,0,1,-1,0,1,-1,-1,-1,-1,-1,-1,0,1,
2026-04-02,17:07:12.960,7.52,95,98,98,-0.015,3.95,47,0,8.07,0.101,0.713,0.18,63,0,150.23,-8.98,10,0.00,3.53,3.57,3.58,3.59,3.60,3.58,3.58,3.55,28.65,10.5,-30,-30,107.2,48,-341,197,210,0,666,0,0,1,-1,0,1,-1,-1,-1,-1,-1,-1,0,1,
2026-04-02,17:07:13.230,7.53,96,98,98,-0.019,3.62,47,0,8.04,0.103,0.913,-0.52,66,0,159.97,-5.58,10,0.00,3.53,3.57,3.58,3.59,3.60,3.58,3.58,3.55,28.65,10.5,-30,-30,107.2,36,-645,198,0,0,666,0,0,1,-1,0,1,-1,-1,-1,-1,-1,-1,0,1,
2026-04-02,17:07:13.490,7.53,98,98,98,-0.072,3.07,49,0,8.05,0.054,1.376,-1.32,67,0,160.48,-9.02,10,0.00,3.59,3.62,3.58,3.59,3.60,3.58,3.58,3.55,28.77,8.2,-30,-30,107.8,0,-98,198,-73,0,666,0,0,1,-1,0,1,-1,-1,-1,-1,-1,-1,0,1,
2026-04-02,17:07:13.750,7.52,99,99,99,-0.075,2.54,52,0,8.06,0.083,0.839,-1.61,68,0,160.85,-10.11,10,0.00,3.59,3.62,3.63,3.63,3.60,3.58,3.58,3.55,28.77,8.2,-30,-30,103.5,0,-344,274,0,0,667,0,0,1,-1,0,1,-1,-1,-1,-1,-1,-1,0,1,
2026-04-02,17:07:14.020,7.53,99,99,99,-0.083,1.84,54,0,8.07,0.047,0.548,-2.17,71,0,163.76,-6.33,10,0.00,3.59,3.62,3.63,3.63,3.63,3.62,3.58,3.55,28.86,11.9,-30,-30,103.7,0,-497,204,-26,0,667,0,0,1,-1,0,1,-1,-1,-1,-1,-1,-1,0,1,
2026-04-02,17:07:14.280,7.53,99,99,99,-0.060,1.23,55,0,8.07,0.000,1.345,-2.17,73,0,171.61,-9.01,10,0.00,3.59,3.62,3.63,3.63,3.63,3.62,3.65,3.63,28.86,11.9,-30,-30,100.7,0,-481,181,-207,0,666,0,0,1,-1,0,1,-1,-1,-1,-1,-1,-1,0,1,
2026-04-02,17:07:14.550,7.52,98,99,99,-0.040,0.29,57,0,8.07,-0.008,1.233,-2.71,74,0,162.54,-11.88,10,0.00,3.61,3.64,3.63,3.63,3.63,3.62,3.65,3.63,28.91,10.6,-30,-30,98.2,0,-455,289,0,0,666,0,0,1,-1,0,1,-1,-1,-1,-1,-1,-1,0,1,
2026-04-02,17:07:14.830,7.52,97,99,99,-0.046,-1.49,55,0,8.05,-0.009,1.162,-3.03,77,0,155.57,-12.73,10,0.00,3.61,3.64,3.64,3.64,3.63,3.62,3.65,3.63,28.91,10.6,-30,-30,102.4,0,-645,25,183,0,667,0,0,1,-1,0,1,-1,-1,-1,-1,-1,-1,0,1,
2026-04-02,17:07:15.090,7.53,97,99,99,-0.085,-1.82,54,0,8.02,0.043,1.259,-2.05,79,0,160.05,-13.55,10,0.00,3.61,3.64,3.64,3.64,3.63,3.62,3.65,3.63,29.04,6.4,-30,-30,96.5,0,-794,-99,222,0,667,0,0,1,-1,0,1,-1,-1,-1,-1,-1,-1,0,1,
2026-04-02,17:07:15.350,7.53,98,99,99,-0.051,-1.91,57,0,8.04,0.015,1.428,-0.99,79,0,164.41,-15.61,10,0.00,3.61,3.64,3.64,3.64,3.64,3.63,3.65,3.63,29.04,6.4,-30,-30,96.5,0,-425,-113,100,0,666,0,0,1,-1,0,1,-1,-1,-1,-1,-1,-1,0,1,
2026-04-02,17:07:15.620,7.52,100,100,100,-0.033,-2.09,61,0,8.03,0.080,0.982,-0.62,84,0,161.65,-15.85,10,0.00,3.61,3.64,3.64,3.64,3.64,3.63,3.66,3.64,29.15,0.0,-30,-30,94.8,0,-860,-207,225,0,667,0,0,1,-1,0,1,-1,-1,-1,-1,-1,-1,0,1,
2026-04-02,17:07:15.880,7.53,100,100,100,-0.068,-2.25,65,0,7.99,0.038,1.247,-0.64,85,0,160.01,-14.32,10,0.00,3.63,3.65,3.64,3.64,3.64,3.63,3.66,3.64,29.15,0.0,-30,-30,93.3,0,-687,-234,371,0,666,0,0,1,-1,0,1,-1,-1,-1,-1,-1,-1,0,1,
2026-04-02,17:07:16.140,7.52,100,100,100,-0.048,-2.28,69,0,8.03,0.001,1.314,-0.37,83,0,161.02,-17.31,10,0.00,3.63,3.65,3.66,3.67,3.64,3.63,3.66,3.64,29.24,0.0,-30,-30,88.3,0,-500,-254,578,0,666,0,0,1,-1,0,1,-1,-1,-1,-1,-1,-1,0,1,
2026-04-02,17:07:16.400,7.52,100,100,100,-0.034,-2.05,71,0,8.05,0.088,0.749,0.34,81,0,172.93,-11.00,10,0.00,3.63,3.65,3.66,3.67,3.66,3.66,3.66,3.64,29.24,0.0,-30,-30,84.1,0,-680,-256,460,0,666,0,0,1,-1,0,1,-1,-1,-1,-1,-1,-1,0,1,
2026-04-02,17:07:16.660,7.52,100,100,100,0.141,-2.41,70,0,8.00,0.295,1.453,-0.40,77,0,172.93,-11.00,10,0.00,3.63,3.65,3.66,3.67,3.66,3.66,3.68,3.67,29.31,0.0,-30,-30,81.3,0,-761,-260,434,0,666,0,0,1,-1,0,1,-1,-1,-1,-1,-1,-1,0,1,
2026-04-02,17:07:16.930,7.52,100,100,100,-0.054,-2.60,67,0,8.03,0.099,1.027,-0.76,74,0,174.23,-10.49,10,0.00,3.65,3.67,3.66,3.67,3.66,3.66,3.68,3.67,29.31,0.0,-30,-30,78.3,70,-602,-399,452,0,667,0,0,1,-1,0,1,-1,-1,-1,-1,-1,-1,0,1,
2026-04-02,17:07:17.190,7.52,100,100,100,-0.084,-2.38,65,0,8.06,0.033,0.860,0.10,72,0,174.87,-11.97,10,0.00,3.65,3.67,3.66,3.67,3.66,3.66,3.68,3.67,29.38,0.0,-30,-30,78.3,140,-423,-429,434,0,666,0,0,1,-1,0,1,-1,-1,-1,-1,-1,-1,0,1,
2026-04-02,17:07:17.450,7.52,100,100,100,-0.095,-1.90,64,0,8.04,0.063,0.758,0.91,69,0,178.61,-9.71,10,0.00,3.65,3.67,3.67,3.67,3.66,3.66,3.68,3.67,29.38,0.0,-30,-30,73.7,110,-637,-429,304,0,666,0,0,1,-1,0,1,-1,-1,-1,-1,-1,-1,0,1,
2026-04-02,17:07:17.730,7.53,100,100,100,-0.294,-0.95,62,0,8.03,0.269,1.982,1.47,65,0,173.44,-6.48,10,0.00,3.65,3.67,3.67,3.67,3.67,3.66,3.68,3.67,29.43,0.0,-30,-30,74.1,176,-656,-430,283,0,666,0,0,1,-1,0,1,-1,-1,-1,-1,-1,-1,0,1,
2026-04-02,17:07:18.010,7.52,100,100,100,-0.115,-1.23,59,0,8.06,0.137,0.713,-0.04,62,0,173.42,-5.85,10,0.00,3.65,3.67,3.67,3.67,3.67,3.66,3.69,3.67,29.46,0.0,-30,-30,78.7,232,-659,-429,278,0,666,0,0,1,-1,0,1,-1,-1,-1,-1,-1,-1,0,1,
2026-04-02,17:07:18.270,7.52,100,100,100,-0.046,-1.09,54,0,8.06,0.145,0.762,0.10,61,0,173.31,-6.01,10,0.00,3.66,3.68,3.67,3.67,3.67,3.66,3.69,3.67,29.46,0.0,-30,-30,70.0,71,-658,-429,271,0,667,0,0,1,-1,0,1,-1,-1,-1,-1,-1,-1,0,1,
2026-04-02,17:07:18.530,7.52,99,100,100,-0.051,-1.17,50,0,8.07,0.126,0.767,0.00,58,0,173.78,-4.70,10,0.00,3.66,3.68,3.67,3.68,3.67,3.66,3.69,3.67,29.49,0.0,-30,-30,68.7,58,-651,-464,224,0,666,0,0,1,-1,0,1,-1,-1,-1,-1,-1,-1,0,1,
2026-04-02,17:07:18.800,7.52,99,100,100,-0.050,-1.06,47,0,8.07,0.153,1.045,0.08,54,0,173.77,-4.21,10,0.00,3.66,3.68,3.67,3.68,3.67,3.67,3.69,3.67,29.49,0.0,-30,-30,65.2,191,-588,-723,46,0,667,0,0,1,-1,0,1,-1,-1,-1,-1,-1,-1,0,1,
2026-04-02,17:07:19.060,7.52,99,100,100,-0.101,-0.96,46,0,8.09,0.171,0.982,0.29,52,0,174.18,-1.74,10,0.00,3.66,3.68,3.67,3.68,3.67,3.67,3.69,3.67,29.51,0.0,-30,-30,65.2,224,-530,-917,0,0,666,0,0,1,-1,0,1,-1,-1,-1,-1,-1,-1,0,1,
2026-04-02,17:07:19.330,7.52,100,100,100,-0.101,-0.76,45,0,8.08,0.149,0.958,0.53,51,0,174.51,-1.02,10,0.00,3.67,3.68,3.67,3.68,3.67,3.67,3.69,3.67,29.51,0.0,-30,-30,58.5,244,-509,-1024,0,0,666,0,0,1,-1,0,1,-1,-1,-1,-1,-1,-1,0,1,
2026-04-02,17:07:19.610,7.52,100,100,100,-0.169,-0.75,44,0,8.08,0.189,1.146,0.22,47,0,174.62,0.78,10,0.00,3.67,3.68,3.67,3.68,3.67,3.67,3.69,3.67,29.53,0.0,-30,-30,56.9,204,-452,-1024,0,0,666,0,0,1,-1,0,1,-1,-1,-1,-1,-1,-1,0,1,
2026-04-02,17:07:19.890,7.52,100,100,100,-0.082,-0.75,43,0,8.07,0.146,0.882,0.32,46,0,174.48,1.57,10,0.00,3.67,3.68,3.67,3.68,3.67,3.67,3.69,3.67,29.53,0.0,-30,-30,54.8,398,-405,-1024,0,0,666,0,0,1,-1,0,1,-1,-1,-1,-1,-1,-1,0,1,
2026-04-02,17:07:20.160,7.52,99,100,100,-0.058,-0.54,43,0,8.07,0.062,0.712,0.32,46,0,174.56,1.57,10,0.00,3.67,3.68,3.67,3.68,3.68,3.67,3.69,3.67,29.55,0.0,-30,-30,53.0,479,-341,-1024,0,0,667,0,0,1,-1,0,1,-1,-1,-1,1,-1,-1,1,1,
2026-04-02,17:07:20.420,7.53,96,100,100,-0.054,-0.30,41,0,8.07,0.137,1.121,0.53,43,0,174.84,3.34,10,0.00,3.67,3.68,3.67,3.68,3.68,3.67,3.69,3.68,29.55,0.0,-30,-30,53.0,398,-156,-1024,0,0,667,0,0,1,-1,0,1,-1,-1,-1,-1,-1,-1,1,1,
2026-04-02,17:07:20.690,7.52,93,100,100,-0.082,-0.22,41,0,8.09,0.111,0.878,0.42,44,0,175.34,3.30,10,0.00,3.66,3.69,3.67,3.68,3.68,3.67,3.69,3.68,29.56,0.0,-30,-30,48.2,458,-21,-1024,0,0,667,0,0,1,-1,0,1,-1,-1,-1,-1,-1,-1,1,1,
2026-04-02,17:07:20.950,7.53,91,100,100,-0.052,-0.02,40,0,8.06,0.193,1.325,0.61,43,0,174.77,4.70,10,0.00,3.66,3.69,3.67,3.68,3.68,3.67,3.69,3.68,29.56,0.0,-30,-30,47.0,583,0,-1024,0,0,666,0,0,1,-1,0,1,-1,-1,-1,-1,-1,-1,1,1,
2026-04-02,17:07:21.210,7.53,89,100,100,-0.112,-0.05,40,0,8.06,0.151,1.168,0.61,40,0,174.67,4.33,10,0.00,3.66,3.69,3.67,3.68,3.67,3.68,3.69,3.68,29.57,0.0,-30,-30,45.2,667,4,-1024,-5,0,666,0,0,1,-1,0,1,-1,-1,-1,-1,-1,-1,0,1,
2026-04-02,17:07:21.480,7.52,90,100,100,-0.120,0.08,39,0,8.04,0.139,0.789,0.27,39,0,174.22,3.40,10,0.00,3.66,3.69,3.67,3.68,3.67,3.68,3.70,3.68,29.58,0.0,-30,-30,42.2,862,10,-1024,0,0,666,0,0,1,-1,0,1,-1,-1,-1,-1,-1,-1,0,1,
2026-04-02,17:07:21.750,7.53,92,100,100,-0.159,0.23,38,0,8.00,0.139,0.952,0.46,41,0,173.98,4.02,10,0.00,3.67,3.69,3.67,3.68,3.67,3.68,3.70,3.68,29.58,0.0,-30,-30,36.5,903,10,-1024,0,0,666,0,0,1,-1,0,1,-1,-1,-1,-1,-1,-1,0,1,
2026-04-02,17:07:22.030,7.52,92,99,99,-0.171,0.30,38,0,8.03,0.109,0.822,0.37,39,0,173.67,4.18,10,0.00,3.67,3.69,3.68,3.68,3.67,3.68,3.70,3.68,29.59,0.0,-30,-30,37.0,914,10,-1024,0,0,667,0,0,1,-1,0,1,-1,-1,-1,-1,-1,-1,0,1,
2026-04-02,17:07:22.290,7.52,93,99,99,-0.171,0.41,37,0,8.05,0.119,0.822,0.28,38,0,174.07,4.22,10,0.00,3.67,3.69,3.68,3.68,3.67,3.68,3.70,3.68,29.59,0.0,-30,-30,36.1,856,11,-1024,0,0,666,0,0,1,-1,0,1,-1,-1,-1,-1,-1,-1,0,1,
2026-04-02,17:07:22.550,7.52,90,99,99,-0.152,0.62,36,0,8.04,0.066,1.062,0.43,38,0,173.51,4.53,10,0.00,3.67,3.69,3.68,3.68,3.68,3.68,3.70,3.68,29.60,0.0,-30,-30,36.1,1004,10,-1024,0,0,667,0,0,1,-1,0,1,-1,-1,-1,-1,-1,-1,0,1,
2026-04-02,17:07:22.820,7.52,90,99,99,-0.152,0.62,36,0,7.98,0.136,0.965,0.31,38,0,172.99,4.82,10,0.00,3.67,3.69,3.68,3.68,3.68,3.68,3.70,3.68,29.60,0.0,-30,-30,33.0,1010,11,-1024,0,0,666,0,0,1,-1,0,1,-1,-1,-1,-1,-1,-1,0,1,
2026-04-02,17:07:23.090,7.52,84,99,99,-0.226,0.68,35,0,7.97,0.009,0.992,0.08,37,0,172.33,4.53,10,0.00,3.67,3.69,3.68,3.68,3.68,3.68,3.70,3.68,29.61,0.0,-30,-30,28.7,995,10,-1024,0,0,666,0,0,1,-1,0,1,-1,-1,-1,-1,-1,-1,0,1,
2026-04-02,17:07:23.350,7.52,80,99,99,-0.165,0.74,34,0,7.97,0.009,0.894,0.20,38,0,171.35,4.43,10,0.00,3.67,3.69,3.68,3.69,3.68,3.68,3.70,3.68,29.61,0.0,-30,-30,28.0,995,11,-1024,0,0,666,0,0,1,-1,0,1,-1,-1,-1,-1,-1,-1,0,1,
2026-04-02,17:07:23.620,7.52,78,98,98,-0.171,0.67,33,0,7.97,0.115,1.093,-0.06,37,0,171.16,4.56,10,0.00,3.67,3.69,3.68,3.69,3.68,3.68,3.70,3.68,29.61,0.0,-30,-30,28.0,994,10,-1024,0,0,666,0,0,1,-1,0,1,-1,-1,-1,-1,-1,-1,0,1,
2026-04-02,17:07:23.880,7.52,84,98,98,-0.122,0.71,33,0,7.97,0.090,0.992,0.00,37,0,171.43,3.26,10,0.00,3.67,3.69,3.68,3.69,3.68,3.68,3.70,3.68,29.61,0.0,-30,-30,25.0,994,11,-1024,0,0,667,0,0,1,-1,0,1,-1,-1,-1,-1,-1,-1,0,1,
2026-04-02,17:07:24.140,7.52,89,98,98,-0.108,0.76,33,0,7.97,0.110,0.909,0.11,37,0,171.37,3.47,10,0.00,3.67,3.69,3.68,3.69,3.68,3.68,3.70,3.68,29.62,0.0,-30,-30,18.9,995,11,-1024,0,0,666,0,0,1,-1,0,1,-1,-1,-1,-1,-1,-1,0,1,
2026-04-02,17:07:24.410,7.52,91,98,98,-0.178,0.77,34,0,8.00,0.151,1.058,0.11,36,0,171.18,3.73,10,0.00,3.67,3.69,3.68,3.69,3.68,3.68,3.70,3.68,29.62,0.0,-30,-30,16.5,997,12,-1024,0,0,666,0,0,1,-1,0,1,-1,-1,-1,-1,-1,-1,0,1,
2026-04-02,17:07:24.670,7.52,89,98,98,-0.145,0.81,33,0,7.99,0.068,0.854,0.06,35,0,171.34,2.44,10,0.00,3.67,3.69,3.68,3.69,3.68,3.68,3.70,3.68,29.63,0.0,-30,-30,16.5,997,11,-1024,0,0,667,0,0,1,-1,0,1,-1,-1,-1,-1,-1,-1,0,1,
2026-04-02,17:07:24.930,7.52,84,98,98,-0.135,0.83,33,0,7.98,0.166,1.104,0.10,35,0,170.36,4.00,10,0.00,3.67,3.69,3.68,3.69,3.68,3.68,3.70,3.68,29.63,0.0,-30,-30,15.4,1000,12,-1024,0,0,666,0,0,1,-1,0,1,-1,-1,-1,-1,-1,-1,0,1,
2026-04-02,17:07:25.190,7.52,86,98,98,-0.080,0.86,34,0,7.97,0.103,0.906,0.14,36,0,170.52,2.32,10,0.00,3.67,3.69,3.68,3.69,3.68,3.68,3.70,3.68,29.63,0.0,-30,-30,6.1,1000,12,-1024,0,0,666,0,0,1,-1,0,1,-1,-1,-1,-1,-1,-1,0,1,
2026-04-02,17:07:25.470,7.52,88,98,98,-0.143,0.89,34,0,7.97,0.103,1.002,0.09,35,0,170.74,1.92,10,0.00,3.67,3.69,3.68,3.69,3.68,3.68,3.70,3.68,29.64,0.0,-30,-30,12.4,1002,12,-1024,0,0,667,0,0,1,-1,0,1,-1,-1,-1,-1,-1,-1,0,1,
2026-04-02,17:07:25.730,7.52,88,98,98,-0.154,0.98,33,0,7.97,0.188,1.077,0.21,35,0,170.87,3.70,10,0.00,3.67,3.69,3.68,3.69,3.68,3.68,3.70,3.68,29.64,0.0,-30,-30,12.4,1003,11,-1024,0,0,666,0,0,1,-1,0,1,-1,-1,-1,-1,-1,-1,0,1,
2026-04-02,17:07:25.990,7.52,85,99,99,-0.102,1.02,34,0,7.97,0.036,1.038,0.23,36,0,171.34,2.77,10,0.00,3.67,3.69,3.68,3.69,3.68,3.69,3.70,3.68,29.64,0.0,-30,-30,0.0,1004,2,-1024,0,0,666,0,0,1,-1,0,1,-1,-1,-1,-1,-1,-1,0,1,
2026-04-02,17:07:26.250,7.52,82,99,99,-0.052,0.98,33,0,7.97,0.092,0.973,0.02,35,0,171.62,2.35,10,0.00,3.67,3.69,3.68,3.69,3.68,3.69,3.71,3.69,29.64,0.0,-30,-30,0.0,1006,1,-1002,0,0,666,0,0,1,-1,0,1,-1,-1,-1,-1,-1,-1,0,1,
2026-04-02,17:07:26.520,7.52,80,98,98,-0.071,1.02,33,0,8.00,0.076,1.016,0.07,34,0,171.46,3.02,10,0.00,3.67,3.69,3.68,3.69,3.68,3.69,3.71,3.69,29.64,0.0,-30,-30,0.0,1000,9,-1004,0,0,666,0,0,1,-1,0,1,-1,-1,-1,-1,-1,-1,0,1,
2026-04-02,17:07:26.790,7.52,75,98,98,-0.066,1.00,33,0,8.03,0.107,1.029,-0.03,33,0,171.48,2.62,10,0.00,3.67,3.69,3.68,3.69,3.68,3.69,3.71,3.69,29.64,0.0,-30,-30,0.0,1004,10,-1004,0,0,667,0,0,1,-1,0,1,-1,-1,-1,-1,-1,-1,0,1,
2026-04-02,17:07:27.060,7.52,72,98,98,-0.091,1.00,32,0,8.05,0.119,0.958,-0.03,33,0,171.52,2.78,10,0.00,3.67,3.69,3.69,3.69,3.68,3.69,3.71,3.69,29.64,0.0,-30,-30,0.0,996,10,-1004,0,0,666,0,0,1,-1,0,1,-1,-1,-1,-1,-1,-1,0,1,
2026-04-02,17:07:27.340,7.52,71,98,98,-0.010,1.06,32,0,8.06,0.101,0.960,0.11,34,0,171.78,2.45,10,0.00,3.67,3.69,3.69,3.69,3.69,3.69,3.71,3.69,29.64,0.0,-30,-30,0.0,1003,11,-999,0,0,666,0,0,1,-1,0,1,-1,-1,-1,-1,-1,-1,0,1,
2026-04-02,17:07:27.610,7.51,70,99,99,-0.039,1.13,32,0,8.04,0.101,0.972,0.20,31,0,172.30,3.01,10,0.00,3.67,3.69,3.69,3.69,3.69,3.69,3.71,3.69,29.65,0.0,-30,-30,0.0,994,11,-985,0,0,667,0,0,1,-1,0,1,-1,-1,-1,-1,-1,-1,0,1,
2026-04-02,17:07:27.870,7.51,64,98,98,-0.114,1.16,32,0,8.06,0.106,1.094,0.13,31,0,172.65,3.20,10,0.00,3.68,3.70,3.69,3.69,3.69,3.69,3.71,3.69,29.65,0.0,-30,-30,0.0,982,11,-987,0,0,667,0,0,1,-1,0,1,-1,-1,-1,-1,-1,-1,0,1,
2026-04-02,17:07:28.130,7.51,55,94,94,-0.039,1.16,29,0,8.06,0.106,1.062,0.07,29,0,173.20,3.13,10,0.00,3.68,3.70,3.69,3.69,3.69,3.69,3.71,3.69,29.65,0.0,-30,-30,0.0,985,11,-987,0,0,666,0,0,1,-1,0,1,-1,-1,-1,-1,-1,-1,0,1,
2026-04-02,17:07:28.400,7.51,52,92,92,-0.047,1.11,29,0,8.07,0.012,0.936,-0.06,29,0,174.14,1.75,10,0.00,3.68,3.70,3.69,3.69,3.69,3.69,3.71,3.69,29.65,0.0,-30,-30,0.0,988,11,-986,0,0,667,0,0,1,-1,0,1,-1,-1,-1,-1,-1,-1,0,1,
2026-04-02,17:07:28.660,7.50,57,90,90,-0.047,1.11,29,0,8.07,-0.022,0.979,0.00,31,0,174.14,1.75,10,0.00,3.68,3.70,3.69,3.69,3.69,3.69,3.71,3.69,29.66,0.0,-30,-30,0.0,970,11,-991,0,0,667,0,0,1,-1,0,1,-1,-1,-1,-1,-1,-1,0,1,
2026-04-02,17:07:28.920,7.50,66,90,90,-0.019,1.10,30,0,8.07,-0.022,0.994,0.00,32,0,175.10,0.53,10,0.00,3.68,3.70,3.69,3.69,3.69,3.69,3.71,3.69,29.66,0.0,-30,-30,0.0,977,10,-991,0,0,667,0,0,1,-1,0,1,-1,-1,-1,-1,-1,-1,0,1,
2026-04-02,17:07:29.180,7.51,71,90,90,-0.029,1.10,30,0,8.07,-0.036,0.984,-0.10,33,0,175.39,0.04,10,0.00,3.68,3.70,3.69,3.69,3.69,3.69,3.71,3.69,29.66,0.0,-30,-30,0.0,963,10,-990,0,0,667,0,0,1,-1,0,1,-1,-1,-1,-1,-1,-1,0,1,
2026-04-02,17:07:29.440,7.51,78,90,90,-0.030,1.09,31,0,8.07,-0.034,0.984,0.00,38,0,175.82,-0.45,10,0.00,3.68,3.70,3.69,3.69,3.69,3.69,3.71,3.69,29.66,0.0,-30,-30,0.0,869,10,-992,0,0,666,0,0,1,-1,0,1,-1,-1,-1,-1,-1,-1,0,1,
2026-04-02,17:07:29.700,7.51,83,89,89,-0.031,1.05,31,0,8.07,-0.038,0.983,-0.07,40,0,176.22,-1.03,10,0.00,3.68,3.70,3.69,3.69,3.69,3.69,3.71,3.69,29.67,0.0,-30,-30,0.0,848,10,-993,0,0,666,0,0,1,-1,0,1,-1,-1,-1,-1,-1,-1,0,1,
2026-04-02,17:07:29.970,7.51,93,93,89,-0.029,1.04,33,0,8.07,-0.038,0.985,-0.07,41,0,176.22,-1.03,10,0.00,3.68,3.70,3.69,3.69,3.69,3.69,3.71,3.69,29.67,0.0,-30,-30,0.0,830,10,-993,0,0,667,0,0,1,-1,0,1,-1,-1,-1,-1,-1,-1,0,1,
2026-04-02,17:07:30.240,7.51,92,92,89,-0.030,1.04,34,0,8.07,-0.039,0.984,0.00,41,0,176.68,-1.64,10,0.00,3.68,3.69,3.69,3.69,3.69,3.69,3.71,3.69,29.67,0.0,-30,-30,0.0,720,10,-993,0,0,666,0,0,1,-1,0,1,-1,-1,-1,-1,-1,-1,0,1,
2026-04-02,17:07:30.500,7.51,91,91,90,-0.030,1.09,34,0,8.04,-0.042,0.979,0.00,42,0,176.93,-1.98,10,0.00,3.68,3.69,3.69,3.70,3.69,3.69,3.71,3.69,29.68,0.0,-30,-30,0.0,450,10,-994,0,0,666,0,0,1,-1,0,1,-1,-1,-1,-1,-1,-1,0,1,
2026-04-02,17:07:30.760,7.51,91,91,90,-0.032,1.13,34,0,8.01,-0.039,0.983,0.13,41,0,177.04,-2.12,10,0.00,3.68,3.69,3.69,3.70,3.69,3.69,3.71,3.69,29.68,0.0,-30,-30,0.0,218,10,-998,0,0,666,0,0,1,-1,0,1,-1,-1,-1,-1,-1,-1,0,1,
2026-04-02,17:07:31.020,7.51,89,90,90,-0.027,1.12,34,0,7.99,-0.041,0.981,0.02,42,0,177.24,-2.38,10,0.00,3.68,3.69,3.69,3.70,3.69,3.69,3.71,3.69,29.68,0.0,-30,-30,0.0,163,10,-1000,0,0,667,0,0,1,-1,0,1,-1,-1,-1,-1,-1,-1,0,1,
2026-04-02,17:07:31.280,7.51,91,92,90,-0.028,1.11,35,0,7.98,-0.040,0.983,0.00,42,0,177.32,-2.48,10,0.00,3.68,3.69,3.69,3.70,3.69,3.69,3.71,3.69,29.68,0.0,-30,-30,0.0,124,11,-1000,0,0,667,0,0,1,-1,0,1,-1,-1,-1,-1,-1,-1,0,1,
2026-04-02,17:07:31.540,7.51,92,92,90,-0.031,1.10,35,0,7.97,-0.040,0.982,0.00,42,0,177.48,-2.69,10,0.00,3.68,3.70,3.69,3.70,3.69,3.69,3.71,3.69,29.68,0.0,-30,-30,0.0,118,10,-1003,0,0,667,0,0,1,-1,0,1,-1,-1,-1,-1,-1,-1,0,1,
2026-04-02,17:07:31.810,7.52,95,95,90,-0.031,0.99,35,0,7.97,-0.041,0.982,-0.16,43,0,177.54,-2.77,10,0.00,3.68,3.70,3.69,3.70,3.69,3.69,3.71,3.69,29.68,0.0,-30,-30,0.0,99,10,-1003,0,0,667,0,0,1,-1,0,1,-1,-1,-1,-1,-1,-1,0,1,
2026-04-02,17:07:32.080,7.52,96,96,95,-0.031,0.99,36,0,7.97,-0.041,0.981,0.00,42,0,177.65,-2.93,10,0.00,3.68,3.70,3.69,3.70,3.69,3.69,3.71,3.69,29.69,0.0,-30,-30,0.0,121,11,-1004,0,0,666,0,0,1,-1,0,1,-1,-1,-1,-1,-1,-1,0,1,
2026-04-02,17:07:32.350,7.52,96,97,97,-0.031,1.06,36,0,7.99,-0.041,0.982,0.08,42,0,177.76,-3.06,10,0.00,3.68,3.70,3.69,3.70,3.69,3.69,3.71,3.69,29.69,0.0,-30,-30,0.0,120,10,-1004,0,0,666,0,0,1,-1,0,1,-1,-1,-1,-1,-1,-1,0,1,
2026-04-02,17:07:32.610,7.52,96,98,98,-0.030,1.09,35,0,7.98,-0.040,0.982,0.08,40,0,177.80,-3.12,10,0.00,3.68,3.70,3.69,3.70,3.69,3.69,3.71,3.69,29.70,0.0,-30,-30,0.0,112,10,-1005,0,0,667,0,0,1,-1,0,1,-1,-1,-1,-1,-1,-1,0,1,
2026-04-02,17:07:32.870,7.52,97,98,98,-0.030,1.13,36,0,7.97,-0.041,0.982,0.13,41,0,177.88,-3.23,10,0.00,3.68,3.70,3.69,3.70,3.69,3.69,3.71,3.69,29.70,0.0,-30,-30,0.0,120,10,-1002,0,0,666,0,0,1,-1,0,1,-1,-1,-1,-1,-1,-1,0,1,
2026-04-02,17:07:33.140,7.52,97,98,98,-0.031,1.08,36,0,7.97,-0.041,0.981,-0.03,42,0,177.91,-3.27,10,0.00,3.68,3.70,3.69,3.70,3.69,3.69,3.71,3.69,29.70,0.0,-30,-30,0.0,81,10,-1002,0,0,667,0,0,1,-1,0,1,-1,-1,-1,-1,-1,-1,0,1,
2026-04-02,17:07:33.400,7.52,94,98,98,-0.030,1.06,36,0,7.97,-0.041,0.982,-0.10,42,0,177.96,-3.34,10,0.00,3.68,3.70,3.69,3.70,3.69,3.69,3.72,3.69,29.70,0.0,-30,-30,0.0,61,10,-1003,0,0,667,0,0,1,-1,0,1,-1,-1,-1,-1,-1,-1,0,1,
2026-04-02,17:07:33.670,7.51,94,99,99,-0.030,1.06,35,0,7.97,-0.041,0.982,0.07,42,0,178.01,-3.41,10,0.00,3.68,3.70,3.69,3.70,3.69,3.69,3.72,3.69,29.70,0.0,-30,-30,0.0,82,11,-1003,0,0,666,0,0,1,-1,0,1,-1,-1,-1,-1,-1,-1,0,1,
2026-04-02,17:07:33.940,7.52,91,99,99,-0.030,1.14,35,0,8.00,-0.041,0.982,0.08,42,0,178.03,-3.44,10,0.00,3.68,3.70,3.69,3.70,3.69,3.69,3.72,3.69,29.70,0.0,-30,-30,0.0,374,11,-885,0,0,667,0,0,1,-1,0,1,-1,-1,-1,-1,-1,-1,0,1,
2026-04-02,17:07:34.210,7.51,93,99,99,-0.031,1.10,34,0,8.03,-0.040,0.980,-0.01,41,0,178.07,-3.49,10,0.00,3.68,3.70,3.70,3.70,3.69,3.69,3.72,3.69,29.71,0.0,-30,-30,0.0,532,10,-597,0,0,666,0,0,1,-1,0,1,-1,-1,-1,-1,-1,-1,0,1,
2026-04-02,17:07:34.480,7.52,91,99,99,-0.036,0.99,35,0,8.05,-0.038,0.984,-0.09,40,0,178.04,-3.52,10,0.00,3.68,3.70,3.70,3.70,3.69,3.69,3.72,3.69,29.71,3.3,-30,-30,0.0,659,10,-553,0,0,667,0,0,1,-1,0,1,-1,-1,-1,-1,-1,-1,0,1,
2026-04-02,17:07:34.740,7.51,92,99,99,-0.034,0.99,35,0,8.08,-0.034,0.981,-0.09,41,0,178.07,-3.43,10,0.00,3.68,3.70,3.70,3.70,3.69,3.69,3.71,3.69,29.70,3.3,-30,-30,0.0,695,10,-552,0,0,667,0,0,1,-1,0,1,-1,-1,-1,-1,-1,-1,0,1,
2026-04-02,17:07:35.000,7.51,92,99,99,-0.027,1.03,34,0,8.08,-0.039,0.979,0.07,41,0,178.09,-3.46,10,0.00,3.68,3.70,3.70,3.70,3.69,3.69,3.71,3.69,29.70,1.4,-30,-30,0.0,825,11,-515,0,0,666,0,0,1,-1,0,1,-1,-1,-1,-1,-1,-1,0,1,
2026-04-02,17:07:35.260,7.51,91,99,99,-0.036,1.03,34,0,8.07,-0.040,0.972,0.03,41,0,178.11,-3.51,10,0.00,3.68,3.70,3.69,3.69,3.69,3.69,3.71,3.69,29.70,1.4,-30,-30,0.0,890,10,-392,0,0,667,0,0,1,-1,0,1,-1,-1,-1,-1,-1,-1,0,1,
2026-04-02,17:07:35.530,7.52,91,99,99,-0.037,1.01,35,0,8.07,-0.036,0.974,-0.03,41,0,178.11,-3.44,10,0.00,3.68,3.70,3.69,3.69,3.69,3.69,3.71,3.69,29.70,3.7,-30,-30,0.0,918,7,-391,0,0,667,0,0,1,-1,0,1,-1,-1,-1,-1,-1,-1,0,1,
2026-04-02,17:07:35.790,7.52,91,99,99,-0.036,0.98,35,0,8.07,-0.026,0.999,-0.08,41,0,178.11,-3.34,10,0.00,3.68,3.70,3.69,3.69,3.69,3.69,3.71,3.69,29.70,3.7,-30,-30,0.0,929,10,-337,0,0,666,0,0,1,-1,0,1,-1,-1,-1,-1,-1,-1,0,1,
2026-04-02,17:07:36.050,7.52,91,99,99,-0.030,0.96,34,0,8.07,-0.046,0.975,-0.04,42,0,178.12,-3.46,10,0.00,3.68,3.70,3.69,3.69,3.69,3.69,3.71,3.69,29.68,4.0,-30,-30,0.0,955,10,-299,0,0,666,0,0,1,-1,0,1,-1,-1,-1,-1,-1,-1,0,1,
2026-04-02,17:07:36.310,7.51,92,99,99,-0.034,0.86,34,0,8.07,-0.029,0.989,-0.04,43,0,178.12,-3.37,10,0.00,3.68,3.69,3.69,3.69,3.69,3.69,3.71,3.69,29.68,4.0,-30,-30,0.0,994,10,-285,0,0,667,0,0,1,-1,0,1,-1,-1,-1,-1,-1,-1,0,1,
2026-04-02,17:07:36.570,7.52,89,99,99,-0.035,0.84,34,0,8.07,-0.029,0.992,-0.18,43,0,178.12,-3.33,10,0.00,3.68,3.69,3.69,3.69,3.69,3.69,3.71,3.69,29.66,4.8,-30,-30,0.0,1003,10,-271,0,0,666,0,0,1,-1,0,1,-1,-1,-1,-1,-1,-1,0,1,
2026-04-02,17:07:36.830,7.52,89,100,100,-0.029,0.84,35,0,8.07,-0.038,0.981,-0.04,42,0,178.13,-3.38,10,0.00,3.68,3.69,3.69,3.69,3.69,3.68,3.71,3.69,29.66,4.8,-30,-30,0.0,1003,11,-257,0,0,666,0,0,1,-1,0,1,-1,-1,-1,-1,-1,-1,0,1,
2026-04-02,17:07:37.090,7.52,88,100,100,-0.029,0.87,34,0,8.07,-0.040,0.983,0.02,42,0,178.14,-3.38,10,0.00,3.68,3.69,3.69,3.69,3.69,3.68,3.71,3.69,29.66,5.3,-30,-30,0.0,1008,11,-147,0,0,667,0,0,1,-1,0,1,-1,-1,-1,-1,-1,-1,0,1,
2026-04-02,17:07:37.350,7.52,88,100,100,-0.039,0.82,34,0,8.07,-0.045,0.966,-0.07,42,0,178.10,-3.30,10,0.00,3.68,3.69,3.69,3.69,3.69,3.68,3.71,3.69,29.66,5.3,-30,-30,0.0,1009,11,-19,0,0,667,0,0,1,-1,0,1,-1,-1,-1,-1,-1,-1,0,1,
2026-04-02,17:07:37.630,7.52,87,100,100,-0.041,0.72,35,0,8.07,-0.050,0.973,-0.14,42,0,178.09,-3.26,10,0.00,3.68,3.69,3.69,3.69,3.69,3.68,3.71,3.69,29.61,12.1,-30,-30,0.0,1014,10,133,0,0,667,0,0,1,-1,0,1,-1,-1,-1,-1,-1,-1,0,1,
2026-04-02,17:07:37.890,7.52,86,100,100,-0.002,0.64,35,0,8.07,-0.034,0.965,-0.20,40,0,178.04,-3.09,10,0.00,3.68,3.69,3.68,3.69,3.69,3.68,3.71,3.69,29.61,12.1,-30,-30,0.0,1016,11,204,0,0,666,0,0,1,-1,0,1,-1,-1,-1,-1,-1,-1,0,1,
2026-04-02,17:07:38.150,7.52,86,100,100,-0.004,0.48,35,0,8.07,-0.177,0.987,-0.40,42,0,177.95,-3.02,10,0.00,3.68,3.69,3.68,3.69,3.67,3.68,3.71,3.69,29.50,19.6,-30,-30,0.0,1014,10,285,0,0,666,0,0,1,-1,0,1,-1,-1,-1,-1,-1,-1,0,1,
2026-04-02,17:07:38.410,7.52,89,100,100,-0.004,0.34,35,0,8.07,-0.177,0.901,-0.48,42,0,177.95,-3.02,10,0.00,3.68,3.69,3.68,3.69,3.67,3.68,3.69,3.67,29.50,19.6,-30,-30,0.0,1011,10,291,0,0,666,0,0,1,-1,0,1,-1,-1,-1,-1,-1,-1,0,1,
2026-04-02,17:07:38.670,7.52,90,100,100,-0.055,0.34,35,0,8.07,-0.130,1.021,-0.24,41,0,178.22,-5.34,10,0.00,3.68,3.69,3.68,3.69,3.67,3.68,3.69,3.67,29.40,24.1,-30,-30,0.0,1013,10,-590,0,0,667,0,0,1,-1,0,1,-1,-1,-1,-1,-1,-1,0,1,
2026-04-02,17:07:38.930,7.52,94,99,99,-0.062,0.31,35,0,8.07,-0.130,1.021,-0.19,38,0,178.35,-5.47,10,0.00,3.68,3.69,3.67,3.67,3.67,3.68,3.69,3.67,29.40,24.1,-30,-30,0.0,1015,10,-677,0,0,667,0,0,1,-1,0,1,-1,-1,-1,-1,-1,-1,0,1,
2026-04-02,17:07:39.200,7.52,97,99,99,-0.085,0.67,36,0,8.07,0.104,0.994,0.59,37,0,178.09,-3.65,10,0.00,3.68,3.69,3.67,3.67,3.67,3.67,3.69,3.67,29.47,0.0,-30,-30,0.0,1020,10,-207,0,0,666,0,0,1,-1,0,1,-1,-1,-1,-1,-1,-1,0,1,
2026-04-02,17:07:39.470,7.52,96,99,99,-0.068,0.84,37,0,8.07,-0.054,0.961,0.75,37,0,178.22,-2.93,10,0.00,3.68,3.69,3.67,3.67,3.67,3.67,3.69,3.68,29.47,14.0,-30,-30,0.0,1020,10,167,0,0,667,0,0,1,-1,0,1,-1,-1,-1,-1,-1,-1,0,1,
2026-04-02,17:07:39.730,7.52,96,99,99,-0.050,0.84,38,0,8.07,-0.101,0.941,0.24,37,0,178.23,-2.57,10,0.00,3.67,3.68,3.67,3.67,3.67,3.67,3.69,3.68,29.40,14.0,-30,-30,0.0,1020,10,203,0,0,667,0,0,1,-1,0,1,-1,-1,-1,-1,-1,-1,0,1,
2026-04-02,17:07:40.010,7.52,95,99,99,0.017,0.67,39,0,8.07,-0.019,1.037,-0.16,36,0,178.19,-4.62,10,0.00,3.67,3.68,3.67,3.67,3.67,3.67,3.69,3.68,29.38,20.1,-30,-30,0.0,1019,11,0,0,0,666,0,0,1,-1,0,1,-1,-1,-1,-1,-1,-1,0,1,
2026-04-02,17:07:40.290,7.52,97,99,99,-0.050,0.60,40,0,8.07,0.003,1.037,-0.25,36,0,178.17,-4.26,10,0.00,3.67,3.68,3.67,3.67,3.67,3.67,3.69,3.68,29.38,20.1,-30,-30,0.0,1020,10,-94,0,0,667,0,0,1,-1,0,1,-1,-1,-1,-1,-1,-1,0,1,
2026-04-02,17:07:40.560,7.52,97,99,99,0.015,0.66,40,0,8.07,-0.071,0.962,-0.15,38,0,178.41,-4.74,10,0.00,3.67,3.68,3.67,3.67,3.66,3.66,3.69,3.68,29.40,7.8,-30,-30,0.0,1022,11,-20,0,0,666,0,0,1,-1,0,1,-1,-1,-1,-1,-1,-1,0,1,
2026-04-02,17:07:40.820,7.52,93,99,99,-0.041,0.77,40,0,8.07,-0.079,0.932,0.28,39,0,178.37,-4.15,10,0.00,3.67,3.68,3.67,3.67,3.66,3.66,3.68,3.67,29.40,7.8,-30,-30,0.0,1021,11,150,0,0,666,0,0,1,-1,0,1,-1,-1,-1,-1,-1,-1,0,1,
2026-04-02,17:07:41.090,7.52,91,99,99,-0.042,0.77,40,0,8.07,-0.047,1.048,0.05,39,0,178.40,-4.42,10,0.00,3.66,3.67,3.67,3.67,3.66,3.66,3.68,3.67,29.34,17.3,-30,-30,0.0,1021,11,182,0,0,667,0,0,1,-1,0,1,-1,-1,-1,-1,-1,-1,0,1,
2026-04-02,17:07:41.350,7.51,92,99,99,-0.051,0.38,40,0,8.07,-0.091,0.974,-0.61,38,0,178.53,-4.92,10,0.00,3.66,3.67,3.67,3.67,3.66,3.66,3.68,3.67,29.34,17.3,-30,-30,0.0,1020,10,-5,0,0,666,0,0,1,-1,0,1,-1,-1,-1,-1,-1,-1,0,1,
2026-04-02,17:07:41.610,7.52,97,99,99,-0.048,0.07,41,0,8.07,-0.070,1.075,-0.93,40,0,178.53,-4.92,10,0.00,3.66,3.67,3.67,3.67,3.66,3.66,3.68,3.67,29.35,12.2,-30,-30,0.0,1020,10,-5,0,0,666,0,0,1,-1,0,1,-1,-1,-1,-1,-1,-1,0,1,
2026-04-02,17:07:41.880,7.52,98,99,98,-0.086,-0.09,42,0,8.07,-0.034,0.985,-0.79,42,0,178.56,-5.26,10,0.00,3.66,3.67,3.67,3.67,3.66,3.66,3.68,3.67,29.35,12.2,-30,-30,0.0,1018,10,-12,0,0,667,0,0,1,-1,0,1,-1,-1,-1,-1,-1,-1,0,1,
2026-04-02,17:07:42.140,7.51,100,100,98,-0.078,-0.06,42,0,8.07,-0.101,0.867,-0.30,39,0,178.42,-4.66,10,0.00,3.65,3.66,3.67,3.67,3.66,3.66,3.68,3.67,29.35,12.2,-30,-30,0.0,1016,11,-15,0,0,666,0,0,1,-1,0,1,-1,-1,-1,-1,-1,-1,0,1,
2026-04-02,17:07:42.410,7.52,100,100,98,-0.101,0.03,43,0,8.07,-0.021,0.939,0.12,41,0,178.48,-4.47,10,0.00,3.65,3.66,3.67,3.67,3.66,3.66,3.68,3.67,29.35,12.2,-30,-30,0.0,1016,11,-30,0,0,666,0,0,1,-1,0,1,-1,-1,-1,-1,-1,-1,0,1,
2026-04-02,17:07:42.680,7.52,99,99,97,-0.056,0.01,42,0,8.07,-0.036,0.974,0.03,40,0,178.25,-4.89,10,0.00,3.65,3.66,3.67,3.67,3.66,3.66,3.68,3.67,29.35,12.2,-30,-30,0.0,1012,10,-32,0,0,666,0,0,1,-1,0,1,-1,-1,-1,-1,-1,-1,0,1,
2026-04-02,17:07:42.940,7.52,99,99,98,-0.056,-0.03,42,0,8.07,-0.033,0.991,-0.08,39,0,178.30,-4.92,10,0.00,3.65,3.66,3.67,3.67,3.66,3.66,3.68,3.67,29.35,12.2,-30,-30,0.0,1010,11,-34,0,0,666,0,0,1,-1,0,1,-1,-1,-1,-1,-1,-1,0,1,
2026-04-02,17:07:43.200,7.52,97,98,98,-0.053,0.02,42,0,8.07,-0.086,0.960,0.10,42,0,177.95,-4.36,10,0.00,3.65,3.66,3.67,3.67,3.66,3.66,3.68,3.67,29.36,11.3,-30,-30,0.0,1009,10,-36,0,0,667,0,0,1,-1,0,1,-1,-1,-1,-1,-1,-1,0,1,
2026-04-02,17:07:43.460,7.52,95,98,98,-0.058,0.00,41,0,8.07,-0.046,0.861,0.06,42,0,178.01,-4.39,10,0.00,3.66,3.66,3.67,3.67,3.66,3.66,3.68,3.67,29.36,11.0,-30,-30,0.0,925,10,-35,0,0,666,0,0,1,-1,0,1,-1,-1,-1,-1,-1,-1,0,1,
2026-04-02,17:07:43.730,7.52,95,98,98,-0.110,0.06,41,0,8.07,-0.060,1.057,0.02,41,0,178.01,-4.39,10,0.00,3.66,3.66,3.67,3.67,3.66,3.66,3.68,3.67,29.35,11.0,-30,-30,0.0,829,11,-35,0,0,666,0,0,1,-1,0,1,-1,-1,-1,-1,-1,-1,0,1,
2026-04-02,17:07:44.010,7.52,94,98,98,-0.058,0.04,41,0,8.07,-0.070,1.004,0.08,40,0,178.06,-5.10,10,0.00,3.66,3.66,3.67,3.67,3.66,3.66,3.68,3.67,29.36,11.1,-30,-30,0.0,816,10,103,0,0,666,0,0,1,-1,0,1,-1,-1,-1,-1,-1,-1,0,1,
2026-04-02,17:07:44.270,7.52,96,96,96,-0.071,-0.09,41,0,8.07,-0.060,1.045,-0.24,38,0,177.91,-4.85,10,0.00,3.66,3.66,3.67,3.67,3.66,3.66,3.68,3.67,29.36,11.1,-30,-30,0.0,879,11,115,0,0,667,0,0,1,-1,0,1,-1,-1,-1,-1,-1,-1,0,1,
2026-04-02,17:07:44.530,7.51,96,96,96,-0.130,-0.36,41,0,8.07,-0.073,0.876,-0.59,41,0,178.18,-5.10,10,0.00,3.65,3.66,3.67,3.67,3.66,3.66,3.68,3.67,29.31,17.2,-30,-30,0.0,772,11,132,0,0,666,0,0,1,-1,0,1,-1,-1,-1,-1,-1,-1,0,1,
2026-04-02,17:07:44.800,7.52,96,97,96,-0.052,-0.75,41,0,8.07,-0.143,0.978,-1.05,40,0,178.31,-5.69,10,0.00,3.65,3.66,3.67,3.67,3.66,3.66,3.68,3.67,29.31,17.2,-30,-30,0.0,769,11,158,0,0,666,0,0,1,-1,0,1,-1,-1,-1,-1,-1,-1,0,1,
2026-04-02,17:07:45.060,7.52,95,96,96,-0.013,-0.85,41,0,8.07,-0.163,0.963,-0.75,39,0,178.35,-6.07,10,0.00,3.65,3.66,3.67,3.67,3.66,3.66,3.68,3.67,29.28,18.0,-30,-30,0.0,752,11,156,0,0,666,0,0,1,-1,0,1,-1,-1,-1,-1,-1,-1,0,1,
2026-04-02,17:07:45.320,7.51,94,96,96,-0.159,-0.85,41,0,8.07,-0.095,0.895,-0.18,38,0,178.57,-5.98,10,0.00,3.65,3.66,3.67,3.67,3.65,3.65,3.68,3.67,29.28,18.0,-30,-30,0.0,723,11,151,0,0,666,0,0,1,-1,0,1,-1,-1,-1,-1,-1,-1,0,1,
2026-04-02,17:07:45.580,7.52,94,95,95,-0.087,-0.85,41,0,8.07,-0.093,1.020,-0.11,39,0,178.27,-5.61,10,0.00,3.65,3.66,3.67,3.67,3.65,3.65,3.67,3.66,29.28,17.7,-30,-30,0.0,468,10,-14,0,0,666,0,0,1,-1,0,1,-1,-1,-1,-1,-1,-1,0,1,
2026-04-02,17:07:45.850,7.52,96,96,96,-0.031,-1.05,40,0,8.07,-0.129,0.878,-0.47,43,0,178.62,-6.99,10,0.00,3.64,3.65,3.67,3.67,3.65,3.65,3.67,3.66,29.28,17.7,-30,-30,0.0,471,11,-27,0,0,667,0,0,1,-1,0,1,-1,-1,-1,-1,-1,-1,0,1,
2026-04-02,17:07:46.120,7.52,94,95,95,-0.048,-0.84,40,0,8.07,-0.123,0.893,0.36,44,0,178.45,-6.65,10,0.00,3.64,3.65,3.66,3.66,3.65,3.65,3.67,3.66,29.29,11.2,-30,-30,0.0,577,11,-54,0,0,666,0,0,1,-1,0,1,-1,-1,-1,-1,-1,-1,0,1,
2026-04-02,17:07:46.380,7.51,95,95,94,-0.057,-0.64,39,0,8.07,-0.077,1.027,0.65,42,0,177.94,-5.46,10,0.00,3.64,3.65,3.66,3.66,3.65,3.65,3.67,3.66,29.29,11.2,-30,-30,0.0,519,10,-58,0,0,666,0,0,1,-1,0,1,-1,-1,-1,-1,-1,-1,0,1,
2026-04-02,17:07:46.640,7.52,91,94,94,-0.062,-0.64,38,0,8.07,-0.012,1.042,0.75,39,0,177.83,-6.47,10,0.00,3.64,3.65,3.66,3.66,3.65,3.65,3.68,3.66,29.30,10.3,-30,-30,0.0,485,10,-58,0,0,666,0,0,1,-1,0,1,-1,-1,-1,-1,-1,-1,0,1,
2026-04-02,17:07:46.910,7.51,91,92,92,-0.007,-0.21,37,0,8.10,-0.014,1.015,0.73,37,0,177.83,-6.46,10,0.00,3.65,3.66,3.66,3.66,3.65,3.65,3.68,3.66,29.30,10.3,-30,-30,0.0,466,11,-58,0,0,667,0,0,1,-1,0,1,-1,-1,-1,-1,-1,-1,0,1,
2026-04-02,17:07:47.180,7.52,91,91,91,-0.007,-0.30,37,0,8.08,-0.041,0.948,0.15,35,0,177.72,-5.82,10,0.00,3.65,3.66,3.66,3.66,3.65,3.65,3.68,3.66,29.30,10.6,-30,-30,6.1,448,11,-88,0,0,667,0,0,1,-1,0,1,-1,-1,-1,-1,-1,-1,0,1,
2026-04-02,17:07:47.450,7.52,95,95,91,-0.005,-0.41,38,0,8.10,-0.092,1.019,0.15,37,0,178.17,-5.65,10,0.00,3.65,3.66,3.67,3.66,3.65,3.65,3.68,3.66,29.30,9.5,-30,-30,6.1,345,11,-87,0,0,666,0,0,1,-1,0,1,-1,-1,-1,-1,-1,-1,0,1,
2026-04-02,17:07:47.720,7.52,98,98,90,-0.032,-0.41,38,0,8.10,-0.081,1.037,0.01,37,0,178.15,-5.36,10,0.00,3.65,3.66,3.67,3.66,3.66,3.66,3.68,3.66,29.32,9.5,-30,-30,0.0,444,11,87,0,0,667,0,0,1,-1,0,1,-1,-1,-1,-1,-1,-1,0,1,
2026-04-02,17:07:47.980,7.52,96,96,89,0.007,-0.32,38,0,8.08,-0.170,0.921,0.11,40,0,178.28,-5.10,10,0.00,3.65,3.66,3.67,3.66,3.66,3.66,3.68,3.66,29.29,17.3,-30,-30,0.0,461,8,99,0,0,666,0,0,1,-1,0,1,-1,-1,-1,-1,-1,-1,0,1,
2026-04-02,17:07:48.250,7.52,96,96,91,0.021,-0.58,39,0,8.08,-0.060,0.900,-0.50,44,0,178.30,-5.71,10,0.00,3.64,3.66,3.67,3.66,3.66,3.66,3.68,3.66,29.29,17.3,-30,-30,8.9,422,11,-65,0,0,666,0,0,1,-1,0,1,-1,-1,-1,-1,-1,-1,0,1,
2026-04-02,17:07:48.520,7.52,96,96,91,-0.014,-0.74,40,0,8.05,-0.064,0.973,-0.23,43,0,178.70,-5.21,10,0.00,3.64,3.66,3.67,3.66,3.66,3.66,3.68,3.66,29.32,8.6,-30,-30,12.4,719,-102,-200,0,0,666,0,0,1,-1,0,1,-1,-1,-1,-1,-1,-1,0,1,
2026-04-02,17:07:48.780,7.52,98,98,91,-0.066,-0.53,40,0,8.05,0.002,1.017,0.30,45,0,178.73,-5.11,10,0.00,3.64,3.66,3.67,3.66,3.65,3.66,3.68,3.66,29.32,8.6,-30,-30,10.7,376,-254,-236,0,0,666,0,0,1,-1,0,1,-1,-1,-1,-1,-1,-1,0,1,
2026-04-02,17:07:49.040,7.52,98,98,91,-0.070,-0.37,40,0,8.06,0.041,1.058,0.30,44,0,178.79,-4.81,10,0.00,3.64,3.66,3.67,3.66,3.65,3.66,3.68,3.66,29.35,5.7,-30,-30,0.0,370,-299,-238,0,0,667,0,0,1,-1,0,1,-1,-1,-1,-1,-1,-1,0,1,
2026-04-02,17:07:49.300,7.52,95,95,91,-0.001,-0.24,39,0,8.06,-0.030,0.914,0.30,42,0,178.83,-4.74,10,0.00,3.65,3.67,3.67,3.66,3.65,3.66,3.68,3.66,29.35,5.7,-30,-30,10.7,419,-213,-305,460,0,666,0,0,1,-1,0,1,-1,-1,-1,-1,-1,-1,0,1,
2026-04-02,17:07:49.570,7.52,94,94,91,-0.001,-0.18,38,0,8.07,0.025,1.020,0.31,44,0,178.80,-4.39,10,0.00,3.65,3.67,3.67,3.66,3.65,3.66,3.68,3.66,29.38,4.3,-30,-30,10.7,358,-223,-303,145,0,666,0,0,1,-1,0,1,-1,-1,-1,-1,-1,-1,0,1,
2026-04-02,17:07:49.840,7.52,94,94,91,-0.042,0.00,38,0,8.09,0.073,1.046,0.51,43,0,178.33,-3.13,10,0.00,3.65,3.67,3.67,3.67,3.65,3.66,3.68,3.66,29.38,4.3,-30,-30,6.1,393,-154,-187,0,0,666,0,0,1,-1,0,1,-1,-1,-1,-1,-1,-1,0,1,
2026-04-02,17:07:50.110,7.52,95,95,92,-0.022,-0.01,38,0,8.10,-0.041,1.005,0.26,44,0,178.27,-2.53,10,0.00,3.65,3.67,3.67,3.67,3.65,3.66,3.68,3.66,29.38,7.4,-30,-30,0.0,279,-169,-143,0,0,667,0,0,1,-1,0,1,-1,-1,-1,-1,-1,-1,0,1,
2026-04-02,17:07:50.370,7.51,96,96,93,-0.025,-0.01,38,0,8.08,0.021,0.993,-0.09,41,0,178.24,-2.37,10,0.00,3.65,3.67,3.67,3.67,3.65,3.66,3.69,3.67,29.38,7.4,-30,-30,0.0,350,-152,-77,0,0,667,0,0,1,-1,0,1,-1,-1,-1,-1,-1,-1,0,1,
2026-04-02,17:07:50.640,7.51,92,94,94,0.016,-0.16,38,0,8.08,0.018,1.090,-0.21,41,0,179.03,-2.27,10,0.00,3.66,3.67,3.67,3.67,3.65,3.66,3.69,3.67,29.37,7.4,-30,-30,0.0,521,-132,-72,0,0,667,0,0,1,-1,0,1,-1,-1,-1,-1,-1,-1,0,1,
2026-04-02,17:07:50.900,7.52,87,95,95,-0.103,-0.16,37,0,8.07,0.008,0.962,-0.27,42,0,179.12,-3.01,10,0.00,3.66,3.67,3.67,3.67,3.65,3.66,3.69,3.67,29.37,7.4,-30,-30,0.0,567,-142,-71,0,0,667,0,0,1,-1,0,1,-1,-1,-1,-1,-1,-1,0,1,
2026-04-02,17:07:51.160,7.52,85,94,94,-0.049,-0.46,37,0,8.07,-0.034,0.989,-0.50,43,0,178.93,-2.18,10,0.00,3.66,3.67,3.67,3.67,3.66,3.66,3.69,3.67,29.36,10.4,-30,-30,8.9,556,-61,0,0,0,667,0,0,1,-1,0,1,-1,-1,-1,-1,-1,-1,0,1,
2026-04-02,17:07:51.430,7.51,85,94,94,-0.110,-0.62,37,0,8.07,0.033,1.074,-0.34,41,0,178.57,-1.90,10,0.00,3.66,3.67,3.67,3.67,3.66,3.66,3.69,3.67,29.36,10.4,-30,-30,10.6,576,-63,0,0,0,666,0,0,1,-1,0,1,-1,-1,-1,-1,-1,-1,0,1,
2026-04-02,17:07:51.700,7.51,89,95,95,-0.032,-0.69,40,0,8.07,-0.037,0.956,-0.27,41,0,178.52,-3.42,10,0.00,3.65,3.66,3.67,3.67,3.66,3.66,3.68,3.66,29.34,12.9,-30,-30,8.9,320,-75,-106,9,0,667,0,0,1,-1,0,1,-1,-1,-1,-1,-1,-1,0,1,
2026-04-02,17:07:51.960,7.51,91,96,96,-0.091,-0.80,41,0,8.10,0.011,0.976,-0.35,41,0,177.86,-2.07,10,0.00,3.65,3.66,3.67,3.67,3.66,3.66,3.68,3.66,29.34,7.4,-30,-30,8.9,239,-28,-219,0,0,666,0,0,1,-1,0,1,-1,-1,-1,-1,-1,-1,0,1,
2026-04-02,17:07:52.220,7.51,93,96,96,-0.108,-0.73,42,0,8.09,0.034,0.977,-0.09,42,0,177.93,-3.11,10,0.00,3.65,3.66,3.66,3.67,3.66,3.66,3.68,3.66,29.36,7.4,-30,-30,12.4,267,-51,-228,0,0,667,0,0,1,-1,0,1,-1,-1,-1,-1,-1,-1,0,1,
2026-04-02,17:07:52.480,7.52,94,96,96,-0.053,-0.56,42,0,8.10,0.024,1.001,0.32,42,0,177.81,-2.92,10,0.00,3.65,3.66,3.66,3.67,3.66,3.66,3.68,3.66,29.38,6.1,-30,-30,10.7,261,-71,-214,0,0,667,0,0,1,-1,0,1,-1,-1,-1,-1,-1,-1,0,1,
2026-04-02,17:07:52.740,7.52,95,96,96,-0.019,-0.40,43,0,8.12,0.046,1.203,0.52,45,0,177.49,-1.94,10,0.00,3.65,3.66,3.66,3.67,3.66,3.66,3.68,3.67,29.38,6.1,-30,-30,6.1,276,-289,-58,0,0,667,0,0,1,-1,0,1,-1,-1,-1,-1,-1,-1,0,1,
2026-04-02,17:07:53.010,7.52,95,95,95,-0.008,-0.38,44,0,8.10,-0.005,0.907,0.32,43,0,177.74,-3.10,10,0.00,3.65,3.67,3.66,3.67,3.66,3.66,3.68,3.67,29.36,11.9,-30,-30,0.0,320,-300,-56,0,0,666,0,0,1,-1,0,1,-1,-1,-1,-1,-1,-1,0,1,
2026-04-02,17:07:53.270,7.51,96,96,95,0.001,-0.54,44,0,8.08,-0.110,1.018,-0.16,43,0,177.87,-2.99,10,0.00,3.65,3.67,3.67,3.67,3.66,3.66,3.68,3.67,29.36,11.9,-30,-30,8.9,214,-208,-99,0,0,666,0,0,1,-1,0,1,-1,-1,-1,-1,-1,-1,0,1,
2026-04-02,17:07:53.540,7.52,95,96,96,0.000,-0.69,44,0,8.08,-0.044,0.981,-0.46,46,0,178.25,-3.15,10,0.00,3.65,3.67,3.67,3.67,3.66,3.66,3.68,3.67,29.37,10.1,-30,-30,12.0,178,-192,-105,0,0,666,0,0,1,-1,0,1,-1,-1,-1,-1,-1,-1,0,1,
2026-04-02,17:07:53.810,7.52,95,95,95,0.031,-0.74,44,0,8.07,-0.052,1.104,-0.31,46,0,178.46,-3.52,10,0.00,3.65,3.67,3.67,3.67,3.66,3.66,3.68,3.67,29.37,10.1,-30,-30,12.4,372,-206,9,0,0,667,0,0,1,-1,0,1,-1,-1,-1,-1,-1,-1,0,1,
2026-04-02,17:07:54.070,7.52,94,95,95,0.044,-0.71,45,0,8.07,-0.052,0.834,-0.06,46,0,178.59,-2.86,10,0.00,3.65,3.67,3.67,3.67,3.66,3.66,3.68,3.66,29.32,14.0,-30,-30,12.4,416,-181,95,0,0,666,0,0,1,-1,0,1,-1,-1,-1,-1,-1,-1,0,1,
2026-04-02,17:07:54.340,7.51,95,95,95,-0.045,-1.01,45,0,8.07,-0.084,1.036,-0.42,50,0,178.93,-3.91,10,0.00,3.65,3.66,3.67,3.67,3.66,3.66,3.68,3.66,29.32,14.0,-30,-30,10.6,386,-202,109,0,0,667,0,0,1,-1,0,1,-1,-1,-1,-1,-1,-1,0,1,
2026-04-02,17:07:54.600,7.51,96,96,94,0.020,-1.21,45,0,8.09,-0.116,0.839,-0.58,49,0,178.81,-3.83,10,0.00,3.65,3.66,3.66,3.66,3.66,3.66,3.68,3.66,29.28,17.1,-30,-30,10.6,444,-190,183,0,0,666,0,0,1,-1,0,1,-1,-1,-1,-1,-1,-1,0,1,
2026-04-02,17:07:54.860,7.51,95,95,95,0.020,-1.36,44,0,8.08,-0.141,0.912,-0.61,48,0,178.98,-4.62,10,0.00,3.65,3.66,3.66,3.66,3.65,3.65,3.68,3.66,29.28,17.1,-30,-30,13.9,318,-130,95,0,0,667,0,0,1,-1,0,1,-1,-1,-1,-1,-1,-1,0,1,
2026-04-02,17:07:55.120,7.51,95,97,97,-0.009,-1.37,45,0,8.07,-0.095,1.016,-0.31,50,0,178.94,-4.01,10,0.00,3.65,3.66,3.66,3.66,3.65,3.65,3.67,3.65,29.29,18.5,-30,-30,13.9,238,-146,-85,0,0,666,0,0,1,-1,0,1,-1,-1,-1,-1,-1,-1,0,1,
2026-04-02,17:07:55.380,7.51,93,97,97,-0.026,-1.37,45,0,8.07,-0.089,0.891,0.08,53,0,178.94,-4.74,10,0.00,3.64,3.65,3.66,3.66,3.65,3.65,3.67,3.65,29.29,18.5,-30,-30,17.8,224,-163,-92,0,0,666,0,0,1,-1,0,1,-1,-1,-1,-1,-1,-1,0,1,
2026-04-02,17:07:55.650,7.52,95,96,96,0.027,-1.03,45,0,8.07,-0.036,0.863,0.08,50,0,178.74,-5.65,10,0.00,3.64,3.65,3.66,3.66,3.65,3.65,3.67,3.65,29.29,9.1,-30,-30,8.9,164,-109,-89,0,0,666,0,0,1,-1,0,1,-1,-1,-1,-1,-1,-1,0,1,
2026-04-02,17:07:55.910,7.51,95,95,95,-0.103,-0.90,46,0,8.07,-0.105,1.081,0.58,52,0,178.90,-4.42,10,0.00,3.64,3.65,3.66,3.66,3.65,3.65,3.67,3.65,29.29,9.1,-30,-30,8.9,175,-125,1,0,0,667,0,0,1,-1,0,1,-1,-1,-1,-1,-1,-1,0,1,
2026-04-02,17:07:56.180,7.52,93,95,95,-0.018,-0.92,45,0,8.09,-0.066,0.986,0.58,53,0,178.99,-4.75,10,0.00,3.64,3.65,3.66,3.66,3.65,3.65,3.67,3.65,29.27,10.7,-30,-30,8.9,40,-142,56,0,0,667,0,0,1,-1,0,1,-1,-1,-1,-1,-1,-1,0,1,
2026-04-02,17:07:56.440,7.52,92,94,94,0.060,-1.04,45,0,8.08,-0.030,1.216,-0.09,54,0,179.47,-3.75,10,0.00,3.64,3.65,3.66,3.66,3.65,3.65,3.67,3.66,29.27,10.7,-30,-30,8.9,51,-119,-6,0,0,666,0,0,1,-1,0,1,-1,-1,-1,-1,-1,-1,0,1,
2026-04-02,17:07:56.700,7.51,90,94,94,0.038,-1.04,45,0,8.07,-0.064,0.912,-0.49,54,0,179.76,-4.37,10,0.00,3.64,3.65,3.66,3.66,3.65,3.65,3.67,3.66,29.27,14.1,-30,-30,8.9,384,-152,-15,0,0,666,0,0,1,-1,0,1,-1,-1,-1,-1,-1,-1,0,1,
2026-04-02,17:07:56.970,7.52,95,95,95,0.085,-1.38,46,0,8.07,-0.112,1.007,-0.50,57,0,179.70,-4.81,10,0.00,3.64,3.65,3.66,3.66,3.65,3.65,3.67,3.66,29.27,12.1,-30,-30,11.3,399,-103,-100,0,0,666,0,0,1,-1,0,1,-1,-1,-1,-1,-1,-1,0,1,
2026-04-02,17:07:57.230,7.52,95,95,95,0.041,-1.33,47,0,8.07,-0.112,1.014,0.03,55,0,179.74,-3.54,10,0.00,3.64,3.65,3.66,3.66,3.65,3.65,3.67,3.66,29.26,12.1,-30,-30,16.5,359,-179,-165,0,0,666,0,0,1,-1,0,1,-1,-1,-1,-1,-1,-1,0,1,
2026-04-02,17:07:57.490,7.52,97,97,95,0.038,-1.14,47,0,8.07,0.031,0.985,0.27,57,0,167.01,-4.10,10,0.00,3.64,3.65,3.66,3.66,3.65,3.65,3.67,3.66,29.29,7.3,-30,-30,17.8,297,-160,-175,0,0,666,0,0,1,-1,0,1,-1,-1,-1,-1,-1,-1,0,1,
2026-04-02,17:07:57.750,7.52,97,97,95,-0.065,-1.03,47,0,8.07,0.053,1.043,0.45,59,0,139.90,-3.83,10,0.00,3.64,3.66,3.66,3.66,3.65,3.65,3.67,3.66,29.29,7.3,-30,-30,17.8,145,-109,-233,0,0,666,0,0,1,-1,0,1,-1,-1,-1,-1,-1,-1,0,1,
2026-04-02,17:07:58.010,7.52,99,99,95,0.002,-0.92,47,0,8.05,0.053,0.975,0.42,61,0,-97.13,-2.57,10,0.00,3.64,3.66,3.66,3.66,3.65,3.65,3.67,3.66,29.35,4.1,-30,-30,17.8,-72,-106,-514,0,0,667,0,0,1,-1,0,1,-1,-1,-1,-1,-1,-1,0,1,
2026-04-02,17:07:58.280,7.52,99,99,95,-0.032,-0.76,48,0,8.06,0.086,0.903,0.41,59,0,-179.66,-2.96,10,0.00,3.64,3.66,3.66,3.66,3.65,3.65,3.67,3.66,29.35,4.1,-30,-30,17.8,-154,-134,-491,0,0,666,0,0,1,-1,0,1,-1,-1,-1,-1,-1,-1,0,1,
2026-04-02,17:07:58.550,7.52,100,100,96,0.143,-0.47,49,0,8.07,0.086,1.101,0.76,60,0,-179.21,-1.67,10,0.00,3.64,3.66,3.66,3.66,3.66,3.66,3.67,3.66,29.38,1.7,-30,-30,15.4,-125,-162,-465,0,0,667,0,0,1,-1,0,1,-1,-1,-1,-1,-1,-1,0,1,
2026-04-02,17:07:58.820,7.52,100,100,96,0.113,-0.34,53,0,8.07,0.059,1.074,0.71,63,0,-178.17,-1.51,10,0.00,3.64,3.66,3.66,3.66,3.66,3.66,3.68,3.67,29.38,1.7,-30,-30,12.4,-127,-161,-432,0,0,666,0,0,1,-1,0,1,-1,-1,-1,-1,-1,-1,0,1,
2026-04-02,17:07:59.080,7.51,100,100,96,0.044,-0.29,55,0,8.07,0.061,1.219,0.37,63,0,-178.41,-0.85,10,0.00,3.66,3.68,3.66,3.66,3.66,3.66,3.68,3.67,29.39,2.8,-30,-30,10.7,-140,-160,-311,0,0,666,0,0,1,-1,0,1,-1,-1,-1,-1,-1,-1,0,1,
2026-04-02,17:07:59.340,7.51,100,100,96,0.080,-0.25,57,0,8.07,0.112,1.124,0.23,65,0,-177.80,-0.31,10,0.00,3.66,3.68,3.67,3.68,3.66,3.66,3.68,3.67,29.39,2.8,-30,-30,0.0,-136,-137,-183,0,0,666,0,0,1,-1,0,1,-1,-1,-1,-1,-1,-1,0,1,
2026-04-02,17:07:59.600,7.51,100,100,97,0.061,-0.37,58,0,8.07,0.000,0.958,-0.16,67,0,-177.31,-0.61,10,0.00,3.66,3.68,3.67,3.68,3.66,3.67,3.68,3.67,29.39,8.2,-30,-30,0.0,-115,-123,-202,0,0,666,0,0,1,-1,0,1,-1,-1,-1,-1,-1,-1,0,1,
2026-04-02,17:07:59.860,7.52,100,100,97,0.038,-0.54,61,0,8.07,-0.043,0.946,-0.40,68,0,-177.56,-0.25,10,0.00,3.66,3.68,3.67,3.68,3.66,3.67,3.69,3.67,29.39,8.2,-30,-30,12.4,-90,-148,-306,0,0,666,0,0,1,-1,0,1,-1,-1,-1,-1,-1,-1,0,1,
2026-04-02,17:08:00.120,7.52,100,100,97,0.025,-0.70,62,0,8.07,0.002,0.831,-0.54,69,0,-177.89,-1.33,10,0.00,3.66,3.68,3.67,3.68,3.66,3.67,3.69,3.67,29.40,4.2,-30,-30,0.0,-114,-74,-268,0,0,667,0,0,1,-1,0,1,-1,-1,-1,-1,-1,-1,0,1,
2026-04-02,17:08:00.390,7.51,100,100,98,0.055,-0.71,65,0,8.07,-0.011,0.949,-0.04,73,0,-178.02,-0.49,10,0.00,3.65,3.67,3.67,3.68,3.66,3.67,3.69,3.67,29.40,4.2,-30,-30,0.0,-52,-142,-302,0,0,667,0,0,1,-1,0,1,-1,-1,-1,-1,-1,-1,0,1,
2026-04-02,17:08:00.650,7.52,100,100,98,0.062,-0.74,67,0,8.07,-0.006,1.004,-0.10,76,0,-178.37,-0.07,10,0.00,3.65,3.67,3.67,3.67,3.66,3.67,3.69,3.67,29.41,4.7,-30,-30,10.6,-21,-120,-298,0,0,666,0,0,1,-1,0,1,-1,-1,-1,-1,-1,-1,0,1,
2026-04-02,17:08:00.910,7.52,100,100,98,0.022,-0.65,67,0,8.07,0.034,1.017,0.15,78,0,-178.29,-0.71,10,0.00,3.65,3.67,3.67,3.67,3.66,3.66,3.69,3.67,29.41,4.7,-30,-30,0.0,-27,-178,-287,0,0,666,0,0,1,-1,0,1,-1,-1,-1,-1,-1,-1,0,1,
2026-04-02,17:08:01.180,7.52,100,100,97,0.037,-0.60,69,0,8.07,0.000,0.937,0.16,82,0,-178.47,-1.07,10,0.00,3.65,3.67,3.67,3.67,3.66,3.66,3.69,3.67,29.42,4.9,-30,-30,6.1,-51,-205,-273,0,0,666,0,0,1,-1,0,1,-1,-1,-1,-1,-1,-1,0,1,
2026-04-02,17:08:01.440,7.52,100,100,96,-0.020,-0.64,70,0,8.07,0.001,1.050,0.04,84,0,-178.51,-0.68,10,0.00,3.66,3.67,3.67,3.67,3.66,3.66,3.69,3.67,29.42,4.9,-30,-30,0.0,-88,-112,-195,0,0,666,0,0,1,-1,0,1,-1,-1,-1,-1,-1,-1,0,1,
2026-04-02,17:08:01.700,7.52,100,100,96,0.031,-0.76,72,0,8.07,-0.027,0.918,-0.24,86,0,-178.70,-1.03,10,0.00,3.66,3.67,3.67,3.67,3.66,3.66,3.69,3.67,29.41,6.9,-30,-30,0.0,-193,-146,-142,0,0,667,0,0,1,-1,0,1,-1,-1,-1,-1,-1,-1,0,1,
2026-04-02,17:08:01.960,7.52,100,100,97,0.003,-0.95,73,0,8.07,-0.039,0.989,-0.48,86,0,-179.26,-0.93,10,0.00,3.66,3.67,3.67,3.67,3.66,3.66,3.69,3.67,29.41,7.9,-30,-30,0.0,-187,-80,-201,0,0,666,0,0,1,-1,0,1,-1,-1,-1,-1,-1,-1,0,1,
2026-04-02,17:08:02.220,7.52,100,100,97,-0.001,-0.98,73,0,8.07,-0.021,0.952,-0.32,87,0,-179.30,-1.28,10,0.00,3.66,3.67,3.67,3.67,3.66,3.66,3.69,3.67,29.42,7.9,-30,-30,0.0,-288,-98,-124,0,0,666,0,0,1,-1,0,1,-1,-1,-1,-1,-1,-1,0,1,
2026-04-02,17:08:02.480,7.52,100,100,97,-0.025,-0.96,74,0,8.07,0.021,0.995,-0.06,91,0,-179.57,-0.48,10,0.00,3.66,3.67,3.67,3.67,3.66,3.66,3.68,3.67,29.43,9.3,-30,-30,0.0,-137,-150,-238,0,0,666,0,0,1,-1,0,1,-1,-1,-1,-1,-1,-1,0,1,
2026-04-02,17:08:02.740,7.52,100,100,97,-0.036,-0.95,73,0,8.07,0.065,1.008,-0.06,92,0,-179.50,-0.94,10,0.00,3.65,3.66,3.67,3.67,3.66,3.66,3.68,3.67,29.43,9.3,-30,-30,0.0,-91,-56,-283,0,0,666,0,0,1,-1,0,1,-1,-1,-1,-1,-1,-1,0,1,
2026-04-02,17:08:03.000,7.52,100,100,97,0.047,-0.88,73,0,8.07,0.039,0.995,0.11,93,0,-179.66,-0.51,10,0.00,3.65,3.66,3.67,3.67,3.66,3.66,3.68,3.67,29.43,4.6,-30,-30,0.0,-370,-73,-269,0,0,666,0,0,1,-1,0,1,-1,-1,-1,-1,-1,-1,0,1,
2026-04-02,17:08:03.260,7.52,100,100,96,0.072,-0.93,74,0,8.04,0.029,0.947,0.02,94,0,-178.94,-1.02,10,0.00,3.65,3.66,3.67,3.67,3.66,3.66,3.68,3.67,29.43,4.6,-30,-30,0.0,-379,-54,-303,0,0,666,0,0,1,-1,0,1,-1,-1,-1,-1,-1,-1,0,1,
2026-04-02,17:08:03.520,7.52,100,100,96,0.025,-0.70,75,0,8.06,0.026,0.938,0.30,91,0,-178.47,-1.44,10,0.00,3.65,3.66,3.67,3.67,3.66,3.66,3.69,3.67,29.43,4.3,-30,-30,0.0,-442,-85,-308,0,0,666,0,0,1,-1,0,1,-1,-1,-1,-1,-1,-1,0,1,
2026-04-02,17:08:03.790,7.51,100,100,97,0.047,-0.60,73,0,8.04,0.044,1.055,0.30,92,0,-178.20,-0.98,10,0.00,3.66,3.67,3.67,3.67,3.66,3.66,3.69,3.67,29.43,4.3,-30,-30,0.0,-529,-142,-216,0,0,666,0,0,1,-1,0,1,-1,-1,-1,-1,-1,-1,0,1,
2026-04-02,17:08:04.050,7.51,100,100,97,0.075,-0.70,75,0,8.00,0.012,1.058,0.00,92,0,-177.99,-1.32,10,0.00,3.66,3.67,3.67,3.67,3.66,3.66,3.69,3.67,29.42,7.3,-30,-30,0.0,-537,-43,-211,0,0,666,0,0,1,-1,0,1,-1,-1,-1,-1,-1,-1,0,1,
2026-04-02,17:08:04.330,7.51,100,100,97,0.061,-0.87,76,0,8.04,0.089,1.027,-0.36,92,0,-177.75,-1.49,10,0.00,3.66,3.67,3.67,3.67,3.66,3.66,3.69,3.67,29.42,7.3,-30,-30,0.0,-435,-72,-368,0,0,666,0,0,1,-1,0,1,-1,-1,-1,-1,-1,-1,0,1,
2026-04-02,17:08:04.600,7.52,100,100,97,0.091,-0.84,75,0,8.05,0.014,0.970,-0.17,96,0,-177.28,-1.63,10,0.00,3.66,3.67,3.67,3.67,3.66,3.66,3.69,3.67,29.44,2.7,-30,-30,0.0,-433,-28,-396,0,0,666,0,0,1,-1,0,1,-1,-1,-1,-1,-1,-1,0,1,
2026-04-02,17:08:04.870,7.52,100,100,96,0.003,-0.67,74,0,8.06,0.103,0.959,0.26,93,0,-177.15,-1.45,10,0.00,3.66,3.67,3.67,3.67,3.66,3.66,3.69,3.67,29.44,2.7,-30,-30,0.0,-92,-41,-387,0,0,666,0,0,1,-1,0,1,-1,-1,-1,-1,-1,-1,0,1,
2026-04-02,17:08:05.130,7.52,100,100,97,0.070,-0.64,75,0,8.07,0.010,1.005,0.26,89,0,-177.19,-1.04,10,0.00,3.66,3.67,3.67,3.67,3.66,3.66,3.69,3.67,29.45,3.2,-30,-30,0.0,-217,-79,-367,0,0,666,0,0,1,-1,0,1,-1,-1,-1,-1,-1,-1,0,1,
2026-04-02,17:08:05.400,7.52,100,100,98,0.013,-0.72,75,0,8.07,0.033,0.957,-0.05,89,0,-177.14,-1.37,10,0.00,3.66,3.67,3.67,3.67,3.66,3.66,3.69,3.67,29.45,3.2,-30,-30,0.0,-230,-50,-364,0,0,666,0,0,1,-1,0,1,-1,-1,-1,-1,-1,-1,0,1,
2026-04-02,17:08:05.670,7.52,100,100,98,0.042,-0.72,72,0,8.07,0.098,1.064,-0.07,88,0,-177.38,-0.96,10,0.00,3.66,3.67,3.67,3.67,3.67,3.67,3.69,3.67,29.45,3.6,-30,-30,0.0,-350,-48,-309,0,0,666,0,0,1,-1,0,1,-1,-1,-1,-1,-1,-1,0,1,
2026-04-02,17:08:05.940,7.52,100,100,98,0.023,-0.62,71,0,8.07,0.060,0.918,0.10,88,0,-177.43,-1.24,10,0.00,3.66,3.67,3.67,3.67,3.67,3.67,3.69,3.67,29.45,3.6,-30,-30,0.0,-300,0,-308,0,0,666,0,0,1,-1,0,1,-1,-1,-1,-1,-1,-1,0,1,
2026-04-02,17:08:06.200,7.51,100,100,98,0.007,-0.69,73,0,8.07,-0.031,0.852,-0.05,89,0,-177.54,-1.68,10,0.00,3.66,3.68,3.67,3.67,3.67,3.67,3.69,3.67,29.45,5.0,-30,-30,0.0,-323,0,-304,0,0,666,0,0,1,-1,0,1,-1,-1,-1,-1,-1,-1,0,1,
2026-04-02,17:08:06.470,7.51,100,100,98,0.045,-0.65,72,0,8.07,0.032,1.057,0.00,88,0,-177.70,-0.35,10,0.00,3.66,3.68,3.67,3.67,3.67,3.67,3.69,3.67,29.44,4.7,-30,-30,0.0,-368,-325,-273,0,0,666,0,0,1,-1,0,1,-1,-1,-1,-1,-1,-1,0,1,
2026-04-02,17:08:06.730,7.52,99,99,97,0.027,-0.66,70,0,8.07,-0.006,0.986,0.00,85,0,-177.60,-1.10,10,0.00,3.66,3.68,3.67,3.67,3.66,3.66,3.69,3.67,29.44,4.7,-30,-30,0.0,-402,-221,-272,0,0,666,0,0,1,-1,0,1,-1,-1,-1,-1,-1,-1,0,1,
2026-04-02,17:08:06.990,7.51,99,99,97,0.071,-0.76,69,0,8.07,-0.082,0.952,-0.14,86,0,-177.71,-0.97,10,0.00,3.66,3.68,3.67,3.67,3.66,3.66,3.69,3.67,29.44,5.2,-30,-30,0.0,-486,2,-261,0,0,666,0,0,1,-1,0,1,-1,-1,-1,-1,-1,-1,0,1,
2026-04-02,17:08:07.250,7.52,99,99,98,-0.024,-0.76,69,0,8.07,0.006,0.931,-0.13,88,0,-177.78,-0.89,10,0.00,3.66,3.68,3.67,3.67,3.66,3.66,3.69,3.67,29.44,5.2,-30,-30,0.0,-572,7,-228,0,0,666,0,0,1,-1,0,1,-1,-1,-1,-1,-1,-1,0,1,
2026-04-02,17:08:07.520,7.52,100,100,98,0.001,-0.71,70,0,8.01,-0.026,1.038,0.04,88,0,-177.69,-1.44,10,0.00,3.66,3.67,3.67,3.67,3.66,3.66,3.69,3.67,29.44,6.4,-30,-30,0.0,-577,6,-219,0,0,666,0,0,1,-1,0,1,-1,-1,-1,-1,-1,-1,0,1,
2026-04-02,17:08:07.790,7.52,100,100,98,0.051,-0.66,70,0,8.04,0.106,1.070,0.15,86,0,-177.84,-0.91,10,0.00,3.66,3.67,3.67,3.67,3.66,3.66,3.69,3.67,29.44,6.4,-30,-30,0.0,-587,2,-206,0,0,666,0,0,1,-1,0,1,-1,-1,-1,-1,-1,-1,0,1,
2026-04-02,17:08:08.050,7.52,100,100,98,-0.004,-0.69,70,0,8.03,-0.031,0.940,0.00,81,0,-177.78,-1.23,10,0.00,3.66,3.67,3.67,3.67,3.66,3.66,3.69,3.67,29.43,6.6,-30,-30,0.0,-672,9,-212,0,0,666,0,0,1,-1,0,1,-1,-1,-1,-1,-1,-1,0,1,
2026-04-02,17:08:08.320,7.51,100,100,98,0.031,-0.75,71,0,8.00,-0.031,0.933,-0.12,77,0,-177.74,-2.34,10,0.00,3.66,3.67,3.67,3.67,3.66,3.66,3.68,3.67,29.43,6.6,-30,-30,0.0,-711,10,-215,0,0,666,0,0,1,-1,0,1,-1,-1,-1,-1,-1,-1,0,1,
2026-04-02,17:08:08.580,7.51,100,100,98,0.042,-0.80,71,0,7.98,-0.037,0.994,-0.17,76,0,-177.57,-2.29,10,0.00,3.66,3.67,3.67,3.67,3.66,3.66,3.68,3.67,29.42,6.2,-30,-30,0.0,-714,10,-227,0,0,666,0,0,1,-1,0,1,-1,-1,-1,-1,-1,-1,0,1,
2026-04-02,17:08:08.850,7.51,100,100,99,0.060,-0.87,70,0,7.98,0.030,1.034,-0.13,73,0,-177.63,-2.25,10,0.00,3.66,3.67,3.67,3.67,3.66,3.66,3.68,3.67,29.42,6.2,-30,-30,0.0,-694,10,-230,0,0,666,0,0,1,-1,0,1,-1,-1,-1,-1,-1,-1,0,1,
2026-04-02,17:08:09.120,7.52,100,100,99,-0.023,-0.85,69,0,8.00,0.032,0.932,-0.05,74,0,-177.66,-2.56,10,0.00,3.66,3.67,3.67,3.67,3.66,3.66,3.68,3.67,29.42,6.0,-30,-30,0.0,-635,10,-227,0,0,667,0,0,1,-1,0,1,-1,-1,-1,-1,-1,-1,0,1,
2026-04-02,17:08:09.390,7.51,100,100,99,0.054,-0.87,68,0,8.03,-0.052,0.940,0.00,81,0,-177.61,-2.54,10,0.00,3.66,3.67,3.67,3.67,3.66,3.66,3.68,3.67,29.42,6.0,-30,-30,0.0,-604,10,-232,0,0,666,0,0,1,-1,0,1,-1,-1,-1,-1,-1,-1,0,1,
2026-04-02,17:08:09.650,7.52,100,100,99,-0.002,-0.83,68,0,8.05,0.045,1.117,0.04,83,0,-177.77,-2.71,10,0.00,3.66,3.67,3.67,3.67,3.66,3.66,3.68,3.67,29.42,6.0,-30,-30,0.0,-646,10,-178,0,0,667,0,0,1,-1,0,1,-1,-1,-1,-1,-1,-1,0,1,
2026-04-02,17:08:09.920,7.52,100,100,99,0.033,-0.78,71,0,8.04,-0.027,1.051,0.11,86,0,-177.97,-2.56,10,0.00,3.66,3.67,3.67,3.67,3.66,3.66,3.68,3.67,29.42,6.0,-30,-30,0.0,-677,10,-211,0,0,666,0,0,1,-1,0,1,-1,-1,-1,-1,-1,-1,0,1,
2026-04-02,17:08:10.180,7.51,100,100,99,0.060,-0.80,73,0,8.01,-0.032,0.822,0.03,86,0,-177.78,-2.99,10,0.00,3.66,3.67,3.67,3.67,3.66,3.66,3.68,3.67,29.43,9.0,-30,-30,0.0,-755,9,-221,0,0,667,0,0,1,-1,0,1,-1,-1,-1,-1,-1,-1,0,1,
2026-04-02,17:08:10.450,7.52,100,100,99,0.032,-0.83,73,0,7.99,-0.012,0.994,-0.05,86,0,-177.82,-3.48,10,0.00,3.66,3.67,3.67,3.67,3.66,3.66,3.68,3.67,29.43,6.0,-30,-30,0.0,-738,7,-235,0,0,666,0,0,1,-1,0,1,-1,-1,-1,-1,-1,-1,0,1,
2026-04-02,17:08:10.710,7.52,100,100,100,0.066,-0.86,74,0,7.98,-0.005,0.930,-0.08,85,0,-177.99,-3.42,10,0.00,3.66,3.67,3.67,3.67,3.66,3.66,3.68,3.67,29.43,6.0,-30,-30,0.0,-824,10,-236,0,0,666,0,0,1,-1,0,1,-1,-1,-1,-1,-1,-1,0,1,
2026-04-02,17:08:10.970,7.51,100,100,100,0.046,-0.87,74,0,7.97,0.006,0.988,-0.07,86,0,-177.92,-3.48,10,0.00,3.65,3.67,3.67,3.67,3.66,3.66,3.68,3.67,29.43,6.3,-30,-30,0.0,-825,10,-174,0,0,666,0,0,1,-1,0,1,-1,-1,-1,-1,-1,-1,0,1,
2026-04-02,17:08:11.230,7.52,100,100,100,-0.041,-0.82,74,0,7.97,0.064,1.038,0.06,86,0,-178.11,-3.57,10,0.00,3.65,3.67,3.67,3.67,3.66,3.66,3.68,3.67,29.40,6.3,-30,-30,0.0,-792,10,-179,0,0,666,0,0,1,-1,0,1,-1,-1,-1,-1,-1,-1,0,1,
2026-04-02,17:08:11.490,7.52,100,100,100,-0.020,-0.79,74,0,8.00,0.087,0.949,0.12,86,0,-178.07,-3.55,10,0.00,3.65,3.67,3.67,3.67,3.66,3.66,3.68,3.67,29.43,6.4,-30,-30,0.0,-605,10,-389,0,0,666,0,0,1,-1,0,1,-1,-1,-1,-1,-1,-1,0,1,
2026-04-02,17:08:11.770,7.52,100,100,99,0.060,-0.84,76,0,8.04,0.019,1.025,-0.02,86,0,-178.40,-2.98,10,0.00,3.65,3.67,3.67,3.67,3.66,3.66,3.68,3.67,29.43,6.4,-30,-30,0.0,-554,10,-435,0,0,667,0,0,1,-1,0,1,-1,-1,-1,-1,-1,-1,0,1,
2026-04-02,17:08:12.030,7.52,100,100,99,0.038,-0.61,78,0,8.05,0.015,0.920,0.45,84,0,-178.48,-3.41,10,0.00,3.65,3.67,3.67,3.67,3.66,3.66,3.68,3.67,29.44,1.9,-30,-30,0.0,-447,10,-512,0,0,666,0,0,1,-1,0,1,-1,-1,-1,-1,-1,-1,0,1,
2026-04-02,17:08:12.290,7.51,100,100,99,-0.038,-0.42,78,0,8.10,0.031,0.918,0.62,83,0,-178.64,-3.07,10,0.00,3.66,3.67,3.67,3.67,3.66,3.66,3.68,3.67,29.44,1.9,-30,-30,0.0,-401,10,-524,0,0,666,0,0,1,-1,0,1,-1,-1,-1,-1,-1,-1,0,1,
2026-04-02,17:08:12.560,7.51,100,100,99,-0.022,-0.31,79,0,8.08,0.054,0.696,0.47,81,0,-179.22,-2.96,10,0.00,3.66,3.67,3.67,3.67,3.66,3.66,3.68,3.67,29.46,1.3,-30,-30,0.0,-329,10,-524,0,0,666,0,0,1,-1,0,1,-1,-1,-1,-1,-1,-1,0,1,
