Date,Time,TxBat(V),VFR 2.4G(%),Rx VFR(%),VFR 900M(%),AccY(g),Altitude(m),RSSI 2.4G(dB),RX,RxBatt(V),AccX(g),AccZ(g),VSpeed(m/s),RSSI 900M(dB),RX,R.angle(°),P.angle(°),Power 900M(mW),ADC2(V),LiPo1(V),LiPo2(V),LiPo3(V),LiPo4(V),LiPo5(V),LiPo6(V),LiPo7(V),LiPo8(V),VFAS(V),Current(A),Temp1(°C),Temp2(°C),Air speed(km/h),Consumption(mAh),Rudder,Elevator,Throttle,Aileron,Pot1,Pot2,Slider left,Slider right,SA,SB,SC,SD,SE,SF,SG,SH,SI,SJ,LS1,LS2,LS3,LS4,LS5,LS6,LS7,LS8,LS9,LS10,LS11,LS12,LS13,LS14,LS15,LS16,
2026-04-16,08:48:54.960,7.68,100,100,99,-0.020,42.79,83,0,7.79,-0.108,0.984,0.02,87,0,-179.68,-22.00,10,0.00,4.40,4.39,4.39,4.39,4.39,4.39,4.40,4.38,35.24,0.0,-30,-30,0.0,0,0,19,-1024,0,0,1012,0,0,0,-1,0,1,-1,1,-1,-1,-1,-1,0,0,0,0,0,0,0,0,0,0,0,0,0,0,0,0,
2026-04-16,08:48:55.190,7.68,100,100,99,-0.020,42.79,83,0,7.79,-0.108,0.984,0.00,88,0,-179.68,-22.00,10,0.00,4.40,4.39,4.39,4.39,4.39,4.39,4.40,4.38,35.24,0.0,-30,-30,0.0,0,0,19,-1024,0,0,1013,0,0,0,-1,0,1,-1,1,-1,-1,-1,-1,0,0,0,0,0,0,0,0,0,0,0,0,0,0,0,0,
2026-04-16,08:48:55.450,7.67,100,100,100,-0.020,42.82,83,0,7.77,-0.109,0.985,0.05,87,0,-179.68,-22.00,10,0.00,4.40,4.39,4.39,4.39,4.39,4.39,4.40,4.38,35.24,0.0,-30,-30,0.0,0,0,19,-1024,0,0,1013,0,0,0,-1,0,1,-1,1,-1,-1,-1,-1,0,0,0,0,0,0,0,0,0,0,0,0,0,0,0,0,
2026-04-16,08:48:55.720,7.68,100,100,100,-0.021,42.84,83,0,7.78,-0.109,0.984,0.05,86,0,-179.68,-22.00,10,0.00,4.40,4.39,4.39,4.39,4.39,4.39,4.40,4.38,35.24,0.0,-30,-30,0.0,0,0,19,-1024,0,0,1013,0,0,0,-1,0,1,-1,1,-1,-1,-1,-1,0,0,0,0,0,0,0,0,0,0,0,0,0,0,0,0,
2026-04-16,08:48:55.980,7.68,100,100,100,-0.022,42.92,83,0,7.77,-0.109,0.984,0.17,87,0,-179.68,-22.00,10,0.00,4.40,4.39,4.39,4.39,4.39,4.39,4.40,4.38,35.24,0.0,-30,-30,0.0,0,0,19,-1024,0,0,1013,0,0,0,-1,0,1,-1,1,-1,-1,-1,-1,0,0,0,0,0,0,0,0,0,0,0,0,0,0,0,0,
2026-04-16,08:48:56.260,7.68,100,100,100,-0.021,42.85,83,0,7.81,-0.109,0.984,-0.01,87,0,-179.68,-22.00,10,0.00,4.40,4.39,4.39,4.39,4.39,4.39,4.40,4.38,35.24,0.0,-30,-30,0.0,0,0,19,-1024,0,0,1013,0,0,0,-1,0,1,-1,1,-1,-1,-1,-1,0,0,0,0,0,0,0,0,0,0,0,0,0,0,0,0,
2026-04-16,08:48:56.520,7.68,100,100,100,-0.021,42.82,83,0,7.80,-0.109,0.985,-0.10,85,0,-179.69,-22.00,10,0.00,4.40,4.39,4.39,4.39,4.39,4.39,4.40,4.38,35.24,0.0,-30,-30,0.0,0,0,19,-1024,0,0,1013,0,0,0,-1,0,1,-1,1,-1,-1,-1,-1,0,0,0,0,0,0,0,0,0,0,0,0,0,0,0,0,
2026-04-16,08:48:56.790,7.68,100,100,100,-0.020,42.81,83,0,7.78,-0.109,0.983,-0.04,86,0,-179.69,-22.00,10,0.00,4.40,4.39,4.39,4.39,4.39,4.39,4.40,4.38,35.24,0.0,-30,-30,0.0,0,0,19,-1024,0,0,1013,0,0,0,-1,0,1,-1,1,-1,-1,-1,-1,0,0,0,0,0,0,0,0,0,0,0,0,0,0,0,0,
2026-04-16,08:48:57.060,7.68,100,100,100,-0.020,42.84,83,0,7.78,-0.108,0.985,0.03,86,0,-179.68,-22.00,10,0.00,4.40,4.39,4.39,4.39,4.39,4.39,4.40,4.38,35.24,0.0,-30,-30,0.0,0,0,19,-1024,0,0,1013,0,0,0,-1,0,1,-1,1,-1,-1,-1,-1,0,0,0,0,0,0,0,0,0,0,0,0,0,0,0,0,
2026-04-16,08:48:57.330,7.68,100,100,100,-0.021,42.81,83,0,7.81,-0.109,0.984,-0.03,85,0,-179.68,-22.00,10,0.00,4.40,4.39,4.39,4.39,4.39,4.39,4.40,4.38,35.24,0.0,-30,-30,0.0,0,0,20,-1024,0,0,1013,0,0,0,-1,0,1,-1,1,-1,-1,-1,-1,0,0,0,0,0,0,0,0,0,0,0,0,0,0,0,0,
2026-04-16,08:48:57.590,7.68,100,100,99,-0.022,42.83,83,0,7.79,-0.109,0.984,0.00,85,0,-179.68,-22.00,10,0.00,4.40,4.39,4.39,4.39,4.39,4.39,4.40,4.38,35.24,0.0,-30,-30,0.0,0,0,19,-1024,0,0,1013,0,0,0,-1,0,1,-1,1,-1,-1,-1,-1,0,0,0,0,0,0,0,0,0,0,0,0,0,0,0,0,
2026-04-16,08:48:57.860,7.68,100,100,99,-0.023,42.78,83,0,7.77,-0.109,0.984,0.00,86,0,-179.68,-22.00,10,0.00,4.40,4.39,4.39,4.39,4.39,4.39,4.40,4.38,35.24,0.0,-30,-30,0.0,0,0,19,-1024,0,0,1013,0,0,0,-1,0,1,-1,1,-1,-1,-1,-1,0,0,0,0,0,0,0,0,0,0,0,0,0,0,0,0,
2026-04-16,08:48:58.130,7.68,100,100,99,-0.021,42.77,83,0,7.77,-0.109,0.984,-0.07,85,0,-179.68,-22.00,10,0.00,4.40,4.39,4.39,4.39,4.39,4.39,4.40,4.38,35.24,0.0,-30,-30,0.0,0,0,19,-1024,0,0,1013,0,0,0,-1,0,1,-1,1,-1,-1,-1,-1,0,0,0,0,0,0,0,0,0,0,0,0,0,0,0,0,
2026-04-16,08:48:58.410,7.68,100,100,99,-0.020,42.81,83,0,7.76,-0.109,0.984,0.02,86,0,-179.67,-21.99,10,0.00,4.40,4.39,4.39,4.39,4.39,4.40,4.40,4.38,35.24,0.0,-30,-30,0.0,0,0,19,-1024,0,0,1013,0,0,0,-1,0,1,-1,1,-1,-1,-1,-1,0,0,0,0,0,0,0,0,0,0,0,0,0,0,0,0,
2026-04-16,08:48:58.680,7.68,100,100,99,-0.020,42.79,83,0,7.76,-0.108,0.984,0.00,87,0,-179.68,-21.99,10,0.00,4.40,4.39,4.39,4.39,4.39,4.40,4.40,4.38,35.24,0.0,-30,-30,0.0,0,0,19,-1024,0,0,1013,0,0,0,-1,0,1,-1,1,-1,-1,-1,-1,0,0,0,0,0,0,0,0,0,0,0,0,0,0,0,0,
2026-04-16,08:48:58.940,7.68,100,100,99,-0.020,42.80,83,0,7.76,-0.109,0.984,0.04,88,0,-179.67,-22.00,10,0.00,4.40,4.39,4.39,4.39,4.39,4.40,4.40,4.38,35.24,0.0,-30,-30,0.0,0,0,19,-1024,0,0,1013,0,0,0,-1,0,1,-1,1,-1,-1,-1,-1,0,0,0,0,0,0,0,0,0,0,0,0,0,0,0,0,
2026-04-16,08:48:59.220,7.68,100,100,99,-0.021,42.75,82,0,7.76,-0.109,0.985,-0.12,88,0,-179.67,-22.00,10,0.00,4.40,4.39,4.39,4.39,4.39,4.40,4.40,4.38,35.24,0.0,-30,-30,0.0,0,0,19,-1024,0,0,1013,0,0,0,-1,0,1,-1,1,-1,-1,-1,-1,0,0,0,0,0,0,0,0,0,0,0,0,0,0,0,0,
2026-04-16,08:48:59.490,7.68,100,100,99,-0.022,42.78,82,0,7.78,-0.109,0.984,0.01,88,0,-179.67,-22.00,10,0.00,4.40,4.39,4.39,4.40,4.39,4.40,4.40,4.38,35.24,0.0,-30,-30,0.0,0,0,19,-1024,0,0,1013,0,0,0,-1,0,1,-1,1,-1,-1,-1,-1,0,0,0,0,0,0,0,0,0,0,0,0,0,0,0,0,
2026-04-16,08:48:59.750,7.68,100,100,99,-0.022,42.80,82,0,7.78,-0.110,0.984,0.04,88,0,-179.67,-22.00,10,0.00,4.40,4.39,4.39,4.40,4.39,4.39,4.40,4.38,35.24,0.0,-30,-30,0.0,0,0,19,-1024,0,0,1013,0,0,0,-1,0,1,-1,-1,-1,-1,-1,-1,0,0,0,0,0,0,0,0,0,0,0,0,0,0,0,0,
2026-04-16,08:49:00.020,7.68,100,100,99,-0.020,42.76,82,0,7.77,-0.108,0.985,-0.02,87,0,-179.67,-22.00,10,0.00,4.40,4.39,4.39,4.40,4.39,4.39,4.40,4.38,35.24,0.0,-30,-30,0.0,0,0,19,-1024,0,0,1013,0,0,0,-1,0,1,-1,-1,-1,-1,-1,-1,0,0,0,0,0,0,0,0,0,0,0,0,0,0,0,0,
2026-04-16,08:49:00.290,7.67,100,100,99,-0.020,42.73,82,0,7.76,-0.108,0.984,-0.08,87,0,-179.67,-21.99,10,0.00,4.40,4.39,4.39,4.40,4.39,4.39,4.40,4.38,35.24,0.0,-30,-30,0.0,0,0,19,-1024,0,0,1013,0,0,0,-1,0,1,-1,-1,-1,-1,-1,-1,0,0,0,0,0,0,0,0,0,0,0,0,0,0,0,0,
2026-04-16,08:49:00.560,7.67,100,100,99,-0.020,42.75,82,0,7.76,-0.108,0.984,-0.02,87,0,-179.67,-22.00,10,0.00,4.40,4.39,4.39,4.39,4.39,4.39,4.40,4.38,35.24,0.0,-30,-30,0.0,0,0,19,-1024,0,0,1012,0,0,0,-1,0,1,-1,-1,-1,-1,-1,-1,0,0,0,0,0,0,0,0,0,0,0,0,0,0,0,0,
2026-04-16,08:49:00.830,7.68,100,100,99,-0.020,42.72,82,0,7.76,-0.109,0.984,-0.04,86,0,-179.67,-21.99,10,0.00,4.40,4.39,4.39,4.39,4.39,4.39,4.40,4.38,35.24,0.0,-30,-30,0.0,0,0,20,-1024,0,0,1013,0,0,0,-1,0,1,-1,-1,-1,-1,-1,-1,0,0,0,0,0,0,0,0,0,0,0,0,0,0,0,0,
2026-04-16,08:49:01.100,7.68,100,100,99,-0.021,42.76,82,0,7.76,-0.108,0.985,0.02,86,0,-179.67,-21.99,10,0.00,4.40,4.39,4.39,4.39,4.39,4.39,4.40,4.38,35.24,0.0,-30,-30,0.0,0,0,20,-1024,0,0,1013,0,0,0,-1,0,1,-1,-1,-1,-1,-1,-1,0,0,0,0,0,0,0,0,0,0,0,0,0,0,0,0,
2026-04-16,08:49:01.370,7.68,100,100,99,-0.022,42.81,83,0,7.79,-0.109,0.984,0.14,87,0,-179.67,-21.99,10,0.00,4.40,4.39,4.39,4.39,4.39,4.39,4.40,4.38,35.24,0.0,-30,-30,0.0,0,0,20,-1024,0,0,1013,0,0,0,-1,0,1,-1,-1,-1,-1,-1,-1,0,0,0,0,0,0,0,0,0,0,0,0,0,0,0,0,
2026-04-16,08:49:01.640,7.68,100,100,99,-0.021,42.79,84,0,7.79,-0.108,0.985,0.01,86,0,-179.67,-21.99,10,0.00,4.40,4.39,4.39,4.39,4.39,4.39,4.40,4.38,35.24,0.0,-30,-30,0.0,0,0,19,-1024,0,0,1013,0,0,0,-1,0,1,-1,-1,-1,-1,-1,-1,0,0,0,0,0,0,0,0,0,0,0,0,0,0,0,0,
2026-04-16,08:49:01.910,7.68,100,100,99,-0.020,42.79,84,0,7.77,-0.109,0.984,-0.01,87,0,-179.67,-21.99,10,0.00,4.40,4.39,4.39,4.40,4.39,4.39,4.40,4.38,35.24,0.0,-30,-30,0.0,0,0,19,-1024,0,0,1013,0,0,0,-1,0,1,-1,-1,-1,-1,-1,-1,0,0,0,0,0,0,0,0,0,0,0,0,0,0,0,0,
2026-04-16,08:49:02.180,7.67,100,100,99,-0.021,42.82,84,0,7.77,-0.108,0.984,0.07,88,0,-179.68,-21.99,10,0.00,4.40,4.39,4.39,4.40,4.39,4.39,4.40,4.38,35.24,0.0,-30,-30,0.0,0,0,19,-1024,0,0,1013,0,0,1,-1,0,1,-1,-1,-1,-1,-1,-1,0,0,0,0,0,0,0,0,0,0,0,0,0,0,0,0,
2026-04-16,08:49:02.450,7.68,100,100,99,-0.021,42.83,84,0,7.76,-0.109,0.983,0.06,87,0,-179.68,-21.99,10,0.00,4.40,4.39,4.39,4.40,4.39,4.39,4.40,4.38,35.24,0.0,-30,-30,0.0,0,0,20,-1024,0,0,1012,0,0,1,-1,0,1,-1,-1,-1,-1,-1,-1,0,0,0,0,0,0,0,0,0,0,0,0,0,0,0,0,
2026-04-16,08:49:02.710,7.67,100,100,99,-0.020,42.83,84,0,7.76,-0.108,0.985,0.04,86,0,-179.68,-21.99,10,0.00,4.40,4.39,4.39,4.40,4.39,4.39,4.40,4.38,35.24,0.0,-30,-30,0.0,0,0,20,-1024,0,0,1013,0,0,1,-1,0,1,-1,-1,-1,-1,-1,-1,0,0,0,0,0,0,0,0,0,0,0,0,0,0,0,0,
2026-04-16,08:49:02.980,7.68,100,100,99,-0.020,42.77,84,0,7.76,-0.109,0.984,-0.09,87,0,-179.68,-21.99,10,0.00,4.40,4.39,4.39,4.39,4.39,4.39,4.40,4.38,35.24,0.0,-30,-30,0.0,0,0,19,-1024,0,0,1013,0,0,1,-1,0,1,-1,-1,-1,-1,-1,-1,0,0,0,0,0,0,0,0,0,0,0,0,0,0,0,0,
2026-04-16,08:49:03.260,7.67,100,100,99,-0.020,42.72,84,0,7.78,-0.110,0.984,-0.18,86,0,-179.68,-21.99,10,0.00,4.40,4.39,4.39,4.39,4.39,4.40,4.40,4.38,35.24,0.0,-30,-30,0.0,0,0,19,-1024,0,0,1013,0,0,1,-1,0,1,-1,-1,-1,-1,-1,-1,0,0,0,0,0,0,0,0,0,0,0,0,0,0,0,0,
2026-04-16,08:49:03.530,7.68,100,100,99,-0.020,42.76,84,0,7.77,-0.108,0.984,0.00,87,0,-179.68,-21.99,10,0.00,4.40,4.39,4.39,4.39,4.39,4.40,4.40,4.38,35.24,0.0,-30,-30,0.0,0,0,23,-1024,0,0,1012,0,0,1,-1,0,1,-1,-1,-1,-1,-1,-1,0,0,0,0,0,0,0,0,0,0,0,0,0,0,0,0,
2026-04-16,08:49:03.800,7.68,100,100,99,-0.021,42.78,85,0,7.76,-0.111,0.984,0.06,87,0,-179.68,-21.99,10,0.00,4.40,4.39,4.39,4.39,4.39,4.40,4.40,4.38,35.24,0.0,-30,-30,0.0,0,0,20,-1024,0,0,1012,0,0,1,-1,0,1,-1,-1,-1,-1,-1,-1,0,0,0,0,0,0,0,0,0,0,0,0,0,0,0,0,
2026-04-16,08:49:04.060,7.67,100,100,99,-0.020,42.76,85,0,7.76,-0.109,0.984,0.01,87,0,-179.68,-21.99,10,0.00,4.40,4.39,4.39,4.39,4.39,4.40,4.40,4.38,35.24,0.0,-30,-30,0.0,0,0,20,-1024,0,0,1013,0,0,1,-1,0,1,-1,-1,-1,-1,-1,-1,0,0,0,0,0,0,0,0,0,0,0,0,0,0,0,0,
2026-04-16,08:49:04.330,7.68,100,100,99,-0.020,42.77,85,0,7.76,-0.110,0.985,-0.03,85,0,-179.68,-21.99,10,0.00,4.40,4.39,4.39,4.40,4.39,4.40,4.40,4.38,35.24,0.0,-30,-30,0.0,0,0,19,-1024,0,0,1013,0,0,1,-1,0,1,-1,-1,-1,-1,-1,-1,0,0,0,0,0,0,0,0,0,0,0,0,0,0,0,0,
2026-04-16,08:49:04.600,7.68,100,100,99,-0.020,42.76,84,0,7.76,-0.109,0.984,0.01,84,0,-179.68,-21.99,10,0.00,4.40,4.39,4.39,4.40,4.39,4.39,4.40,4.38,35.24,0.0,-30,-30,0.0,0,0,19,-1024,0,0,1013,0,0,1,-1,0,1,-1,-1,-1,-1,-1,-1,0,0,0,0,0,0,0,0,0,0,0,0,0,0,0,0,
2026-04-16,08:49:04.860,7.68,100,100,99,-0.022,42.77,84,0,7.79,-0.110,0.983,0.00,84,0,-179.68,-21.99,10,0.00,4.40,4.39,4.39,4.40,4.39,4.39,4.40,4.38,35.24,0.0,-30,-30,0.0,0,0,19,-1024,0,0,1013,0,0,1,-1,0,1,-1,-1,-1,-1,-1,-1,0,0,0,0,0,0,0,0,0,0,0,0,0,0,0,0,
2026-04-16,08:49:05.140,7.67,100,100,99,-0.019,42.78,84,0,7.81,-0.111,0.981,0.00,83,0,-179.67,-21.99,10,0.00,4.40,4.39,4.39,4.40,4.39,4.39,4.40,4.38,35.24,0.0,-30,-30,0.0,0,0,19,-1024,0,0,1013,0,0,1,-1,0,1,-1,-1,-1,-1,-1,-1,0,0,0,0,0,0,0,0,0,0,0,0,0,0,0,0,
2026-04-16,08:49:05.410,7.67,100,100,99,-0.018,42.82,84,0,7.81,-0.109,0.985,0.07,84,0,-179.67,-21.99,10,0.00,4.40,4.39,4.39,4.39,4.39,4.39,4.40,4.38,35.24,0.0,-30,-30,0.0,0,0,19,-1024,0,0,1013,0,0,1,-1,0,1,-1,-1,-1,-1,-1,-1,0,0,0,0,0,0,0,0,0,0,0,0,0,0,0,0,
2026-04-16,08:49:05.670,7.67,100,100,100,-0.019,42.84,84,0,7.78,-0.110,0.983,0.06,85,0,-179.67,-21.99,10,0.00,4.40,4.39,4.39,4.39,4.39,4.39,4.40,4.38,35.24,0.0,-30,-30,0.0,0,0,19,-1024,0,0,1013,0,0,1,-1,0,1,-1,-1,-1,-1,-1,-1,0,0,0,0,0,0,0,0,0,0,0,0,0,0,0,0,
2026-04-16,08:49:05.940,7.67,100,100,100,-0.022,42.85,84,0,7.77,-0.107,0.981,0.06,84,0,-179.67,-21.99,10,0.00,4.40,4.39,4.39,4.39,4.39,4.39,4.40,4.38,35.24,0.0,-30,-30,0.0,0,0,19,-1024,0,0,1013,0,0,1,-1,0,1,-1,-1,-1,-1,-1,-1,0,0,0,0,0,0,0,0,0,0,0,0,0,0,0,0,
2026-04-16,08:49:06.210,7.67,100,100,100,-0.023,42.82,84,0,7.80,-0.108,0.985,-0.02,85,0,-179.67,-21.99,10,0.00,4.40,4.39,4.39,4.39,4.39,4.39,4.40,4.38,35.24,0.0,-30,-30,0.0,0,0,19,-1024,0,0,1013,0,0,1,-1,0,1,-1,-1,-1,-1,-1,-1,0,0,0,0,0,0,0,0,0,0,0,0,0,0,0,0,
2026-04-16,08:49:06.480,7.68,100,100,100,-0.019,42.78,84,0,7.82,-0.108,0.984,-0.08,85,0,-179.67,-21.99,10,0.00,4.40,4.39,4.39,4.39,4.39,4.39,4.40,4.38,35.24,0.0,-30,-30,0.0,0,0,19,-1024,0,0,1013,0,0,1,-1,0,1,-1,-1,-1,-1,-1,-1,0,0,0,0,0,0,0,0,0,0,0,0,0,0,0,0,
2026-04-16,08:49:06.740,7.68,100,100,100,-0.017,42.81,84,0,7.82,-0.109,0.982,-0.01,85,0,-179.68,-21.99,10,0.00,4.40,4.39,4.39,4.39,4.39,4.39,4.40,4.38,35.24,0.0,-30,-30,0.0,0,0,19,-1024,0,0,1013,0,0,1,-1,0,1,-1,-1,-1,-1,-1,-1,0,0,0,0,0,0,0,0,0,0,0,0,0,0,0,0,
2026-04-16,08:49:07.010,7.68,100,100,100,-0.019,42.85,84,0,7.83,-0.106,0.985,0.07,85,0,-179.67,-21.99,10,0.00,4.40,4.39,4.39,4.39,4.39,4.39,4.40,4.38,35.24,0.0,-30,-30,0.0,0,0,19,-1024,0,0,1013,0,0,1,-1,0,1,-1,-1,-1,-1,-1,-1,0,0,0,0,0,0,0,0,0,0,0,0,0,0,0,0,
2026-04-16,08:49:07.280,7.68,100,100,100,-0.023,42.89,84,0,7.81,-0.109,0.984,0.13,85,0,-179.67,-21.99,10,0.00,4.40,4.39,4.39,4.39,4.39,4.39,4.40,4.38,35.24,0.0,-30,-30,0.0,0,0,19,-1024,0,0,1013,0,0,1,-1,0,1,-1,-1,-1,-1,-1,-1,0,0,0,0,0,0,0,0,0,0,0,0,0,0,0,0,
2026-04-16,08:49:07.550,7.68,100,100,100,-0.022,42.86,84,0,7.82,-0.108,0.984,0.00,85,0,-179.67,-21.99,10,0.00,4.40,4.39,4.39,4.39,4.39,4.39,4.40,4.38,35.24,0.0,-30,-30,0.0,0,0,18,-1024,0,0,1013,0,0,1,-1,0,1,-1,-1,-1,-1,-1,-1,0,0,0,0,0,0,0,0,0,0,0,0,0,0,0,0,
2026-04-16,08:49:07.820,7.68,100,100,100,-0.021,42.83,84,0,7.78,-0.109,0.985,-0.08,85,0,-179.67,-21.98,10,0.00,4.40,4.39,4.39,4.40,4.39,4.39,4.40,4.38,35.24,0.0,-30,-30,0.0,0,0,19,-1024,0,0,1013,0,0,1,-1,0,1,-1,-1,-1,-1,-1,-1,0,0,0,0,0,0,0,0,0,0,0,0,0,0,0,0,
2026-04-16,08:49:08.090,7.67,100,100,100,-0.022,42.83,84,0,7.79,-0.111,0.986,0.00,86,0,-179.67,-21.98,10,0.00,4.40,4.39,4.39,4.40,4.39,4.39,4.40,4.38,35.24,0.0,-30,-30,0.0,0,0,18,-1024,0,0,1013,0,0,1,-1,0,1,-1,-1,-1,-1,-1,-1,0,0,0,0,0,0,0,0,0,0,0,0,0,0,0,0,
2026-04-16,08:49:08.350,7.68,100,100,100,-0.021,42.83,84,0,7.77,-0.109,0.985,-0.01,85,0,-179.67,-21.98,10,0.00,4.40,4.39,4.39,4.40,4.39,4.39,4.40,4.38,35.24,0.0,-30,-30,0.0,0,0,19,-1024,0,0,1013,0,0,1,-1,0,1,-1,-1,-1,-1,-1,-1,0,0,0,0,0,0,0,0,0,0,0,0,0,0,0,0,
2026-04-16,08:49:08.630,7.68,100,100,100,-0.019,42.87,84,0,7.80,-0.107,0.984,0.06,84,0,-179.67,-21.98,10,0.00,4.40,4.39,4.39,4.40,4.39,4.39,4.40,4.38,35.24,0.0,-30,-30,0.0,0,0,19,-1024,0,0,1013,0,0,1,-1,0,1,-1,-1,-1,-1,-1,-1,0,0,0,0,0,0,0,0,0,0,0,0,0,0,0,0,
2026-04-16,08:49:08.900,7.68,100,100,100,-0.020,42.88,84,0,7.82,-0.106,0.983,0.05,85,0,-179.67,-21.98,10,0.00,4.40,4.39,4.39,4.39,4.39,4.39,4.40,4.38,35.24,0.0,-30,-30,0.0,0,0,19,-1024,0,0,1013,0,0,1,-1,0,1,-1,-1,-1,-1,-1,-1,0,0,0,0,0,0,0,0,0,0,0,0,0,0,0,0,
2026-04-16,08:49:09.170,7.67,100,100,100,-0.023,42.87,84,0,7.84,-0.108,0.982,0.00,85,0,-179.67,-21.98,10,0.00,4.40,4.39,4.39,4.39,4.39,4.39,4.40,4.38,35.24,0.0,-30,-30,0.0,0,0,19,-1024,0,0,1013,0,0,1,-1,0,1,-1,-1,-1,-1,-1,-1,0,0,0,0,0,0,0,0,0,0,0,0,0,0,0,0,
2026-04-16,08:49:09.440,7.67,100,100,100,-0.021,42.88,84,0,7.81,-0.107,0.984,0.04,85,0,-179.67,-21.98,10,0.00,4.40,4.39,4.39,4.39,4.39,4.39,4.40,4.38,35.24,0.0,-30,-30,0.0,0,0,20,-1024,0,0,1013,0,0,1,-1,0,1,-1,-1,-1,-1,-1,-1,0,0,0,0,0,0,0,0,0,0,0,0,0,0,0,0,
2026-04-16,08:49:09.710,7.68,100,100,100,-0.022,42.86,84,0,7.84,-0.109,0.983,-0.03,85,0,-179.67,-21.99,10,0.00,4.40,4.39,4.39,4.39,4.39,4.39,4.40,4.38,35.24,0.0,-30,-30,0.0,0,0,20,-1024,0,0,1013,0,0,1,-1,0,1,-1,-1,-1,-1,-1,-1,0,0,0,0,0,0,0,0,0,0,0,0,0,0,0,0,
2026-04-16,08:49:09.980,7.67,100,100,100,-0.022,42.82,84,0,7.80,-0.108,0.985,-0.03,86,0,-179.67,-21.99,10,0.00,4.40,4.39,4.39,4.39,4.39,4.39,4.40,4.38,35.24,0.0,-30,-30,0.0,0,0,-145,-1024,0,0,1013,0,0,1,-1,0,1,-1,-1,-1,-1,-1,-1,0,0,0,0,0,0,0,0,0,0,0,0,0,0,0,0,
2026-04-16,08:49:10.260,7.68,100,100,100,-0.022,42.85,84,0,7.80,-0.102,0.973,0.00,85,0,-179.67,-21.99,10,0.00,4.40,4.39,4.39,4.40,4.39,4.39,4.40,4.38,35.24,0.0,-30,-30,0.0,0,0,-430,-1024,0,0,1013,0,0,1,-1,0,1,-1,-1,-1,-1,-1,-1,0,0,0,0,0,0,0,0,0,0,0,0,0,0,0,0,
2026-04-16,08:49:10.530,7.68,100,100,100,-0.022,42.84,84,0,7.76,-0.103,0.981,0.00,86,0,-179.67,-22.00,10,0.00,4.40,4.39,4.39,4.40,4.39,4.39,4.40,4.38,35.24,0.0,-30,-30,0.0,0,0,-48,-1024,0,0,1013,0,0,1,-1,0,1,-1,-1,-1,-1,-1,-1,0,0,0,0,0,0,0,0,0,0,0,0,0,0,0,0,
2026-04-16,08:49:10.790,7.67,100,100,100,-0.018,42.85,84,0,7.76,-0.116,0.959,0.00,86,0,-179.68,-22.01,10,0.00,4.40,4.39,4.39,4.40,4.39,4.39,4.40,4.38,35.24,0.0,-30,-30,0.0,0,0,249,-1024,-741,0,1013,0,0,1,-1,0,1,-1,-1,-1,-1,-1,-1,0,0,0,0,0,0,0,0,0,0,0,0,0,0,0,0,
2026-04-16,08:49:11.070,7.68,100,100,100,0.000,42.84,84,0,7.76,-0.105,0.975,0.00,85,0,-179.68,-22.00,10,0.00,4.40,4.39,4.39,4.40,4.39,4.39,4.40,4.38,35.24,0.0,-30,-30,0.0,0,0,72,-1024,0,0,1013,0,0,1,-1,0,1,-1,-1,-1,-1,-1,-1,0,0,0,0,0,0,0,0,0,0,0,0,0,0,0,0,
2026-04-16,08:49:11.340,7.67,100,100,100,-0.015,42.84,84,0,7.76,-0.101,0.989,0.01,85,0,-179.67,-22.00,10,0.00,4.40,4.39,4.39,4.39,4.39,4.39,4.40,4.38,35.24,0.0,-30,-30,0.0,0,0,21,-1024,0,0,1013,0,0,1,-1,0,1,-1,-1,-1,-1,-1,-1,0,0,0,0,0,0,0,0,0,0,0,0,0,0,0,0,
2026-04-16,08:49:11.610,7.68,100,100,100,-0.027,42.83,84,0,7.76,-0.105,0.985,-0.05,86,0,-179.68,-22.00,10,0.00,4.40,4.39,4.39,4.39,4.39,4.39,4.40,4.38,35.24,0.4,-30,-30,0.0,0,0,21,-818,0,0,1013,0,0,1,-1,0,1,-1,-1,-1,-1,-1,-1,0,0,0,0,0,0,0,0,0,0,0,0,0,0,0,0,
2026-04-16,08:49:11.880,7.68,100,100,100,-0.011,42.82,84,0,7.76,-0.107,0.986,0.01,85,0,-179.71,-22.00,10,0.00,4.40,4.39,4.39,4.39,4.39,4.39,4.40,4.38,35.23,0.4,-30,-30,0.0,0,0,21,-823,0,0,1013,0,0,1,-1,0,1,-1,-1,-1,-1,-1,-1,0,0,0,0,0,0,0,0,0,0,0,0,0,0,0,0,
2026-04-16,08:49:12.160,7.68,100,100,100,-0.009,42.86,84,0,7.76,-0.108,0.984,-0.03,85,0,-179.68,-22.00,10,0.00,4.40,4.39,4.39,4.39,4.39,4.39,4.40,4.38,35.23,0.0,-30,-30,0.0,0,0,20,-766,0,0,1012,0,0,1,-1,0,1,-1,-1,-1,-1,-1,-1,0,0,0,0,0,0,0,0,0,0,0,0,0,0,0,0,
2026-04-16,08:49:12.420,7.68,100,100,100,-0.023,42.83,84,0,7.76,-0.109,0.982,0.00,86,0,-179.69,-22.00,10,0.00,4.40,4.39,4.39,4.39,4.39,4.39,4.40,4.38,35.23,0.0,-30,-30,0.0,0,0,20,-690,0,0,1012,0,0,1,-1,0,1,-1,-1,-1,-1,-1,-1,0,0,0,0,0,0,0,0,0,0,0,0,0,0,0,0,
2026-04-16,08:49:12.700,7.67,100,100,100,-0.025,42.81,84,0,7.76,-0.108,0.984,-0.04,86,0,-179.69,-21.98,10,0.00,4.40,4.39,4.39,4.39,4.39,4.39,4.40,4.38,35.21,1.0,-30,-30,0.0,0,0,20,-577,0,0,1013,0,0,1,-1,0,1,-1,-1,-1,-1,-1,-1,0,0,0,0,0,0,0,0,0,0,0,0,0,0,0,0,
2026-04-16,08:49:12.970,7.67,100,100,100,-0.017,42.75,84,0,7.76,-0.113,0.979,-0.11,85,0,-179.71,-21.96,10,0.00,4.40,4.39,4.39,4.39,4.39,4.39,4.40,4.38,35.21,1.0,-30,-30,0.0,0,0,21,-342,0,0,1013,0,0,1,-1,0,1,-1,-1,-1,-1,-1,-1,0,0,0,0,0,0,0,0,0,0,0,0,0,0,0,0,
2026-04-16,08:49:13.240,7.68,100,100,100,-0.010,42.48,84,0,7.76,-0.111,0.991,-0.50,85,0,-179.79,-21.66,10,0.00,4.40,4.39,4.39,4.39,4.39,4.39,4.39,4.38,35.12,7.1,-30,-30,0.0,0,0,0,-225,0,0,1013,0,0,1,-1,0,1,-1,-1,-1,-1,-1,-1,0,0,0,0,0,0,0,0,0,0,0,0,0,0,0,0,
2026-04-16,08:49:13.530,7.67,100,100,100,-0.007,42.08,84,0,7.76,-0.144,0.967,-1.09,85,0,-179.84,-21.69,10,0.00,4.38,4.38,4.39,4.39,4.39,4.39,4.39,4.38,35.12,7.1,-30,-30,0.0,1,0,-122,-95,0,0,1013,0,0,1,-1,0,1,-1,-1,-1,-1,-1,-1,0,0,0,0,0,0,0,0,0,0,0,0,0,0,0,0,
2026-04-16,08:49:13.790,7.68,100,100,100,-0.012,41.72,84,0,7.74,-0.258,0.956,-1.21,84,0,-95.60,-22.43,10,0.00,4.38,4.38,4.36,4.36,4.39,4.39,4.39,4.38,34.98,11.5,-30,-30,0.0,2,232,-167,0,0,0,1013,0,0,1,-1,0,1,-1,-1,-1,-1,-1,-1,0,0,0,0,0,0,0,0,0,0,0,0,0,0,0,0,
2026-04-16,08:49:14.070,7.68,100,100,100,-0.042,41.34,84,0,7.70,-0.315,0.949,-1.28,82,0,80.64,-23.89,10,0.00,4.38,4.38,4.36,4.36,4.34,4.35,4.39,4.38,34.98,11.5,-30,-30,0.0,3,556,-164,149,0,0,1013,0,0,1,-1,0,1,-1,-1,-1,-1,-1,-1,0,0,0,0,0,0,0,0,0,0,0,0,0,0,0,0,
2026-04-16,08:49:14.340,7.67,100,100,100,0.003,40.54,84,0,7.68,-0.385,0.960,-1.42,79,0,179.24,-24.76,10,0.00,4.38,4.38,4.36,4.36,4.34,4.35,4.33,4.32,34.73,17.9,-30,-30,6.1,4,738,-150,198,0,0,1013,0,0,1,-1,0,1,-1,-1,-1,-1,-1,-1,0,0,0,0,0,0,0,0,0,0,0,0,0,0,0,0,
2026-04-16,08:49:14.610,7.68,100,100,100,0.024,40.03,84,0,7.70,-0.408,0.835,-1.60,72,0,-137.32,-27.33,10,0.00,4.31,4.30,4.36,4.36,4.34,4.35,4.33,4.32,34.73,24.9,-30,-30,12.4,5,843,-154,325,0,0,1013,0,0,1,-1,0,1,-1,-1,-1,-1,-1,-1,0,0,0,0,0,0,0,0,0,0,0,0,0,0,0,0,
2026-04-16,08:49:14.880,7.67,100,100,100,-0.020,39.54,84,0,7.71,-0.491,1.051,-1.70,64,0,-179.28,-28.12,10,0.00,4.31,4.30,4.26,4.26,4.34,4.35,4.33,4.32,34.44,24.9,-30,-30,19.8,7,906,-151,384,0,0,1013,0,0,1,-1,0,1,-1,-1,-1,-1,-1,-1,0,0,0,0,0,0,0,0,0,0,0,0,0,0,0,0,
2026-04-16,08:49:15.140,7.68,100,100,100,-0.065,39.17,83,0,7.72,-0.507,1.000,-1.50,67,0,-178.79,-30.39,10,0.00,4.31,4.30,4.26,4.26,4.34,4.35,4.33,4.32,34.13,33.1,-30,-30,21.7,9,903,-141,404,0,0,1013,0,0,1,-1,0,1,-1,-1,-1,-1,-1,-1,0,0,0,0,0,0,0,0,0,0,0,0,0,0,0,0,
2026-04-16,08:49:15.420,7.68,100,100,100,-0.114,38.86,80,0,7.74,-0.498,0.886,-1.25,68,0,-177.65,-32.37,10,0.00,4.31,4.30,4.26,4.26,4.23,4.24,4.33,4.32,34.13,33.1,-30,-30,28.7,12,679,-145,408,0,0,1013,0,0,1,-1,0,1,-1,-1,-1,-1,-1,-1,0,0,0,0,0,0,0,0,0,0,0,0,0,0,0,0,
2026-04-16,08:49:15.690,7.68,100,100,100,-0.054,38.69,77,0,7.72,-0.492,0.951,-0.87,72,0,-177.04,-33.38,10,0.00,4.31,4.30,4.26,4.26,4.23,4.24,4.22,4.21,33.86,34.6,-30,-30,28.7,14,249,-226,396,0,0,1013,0,0,1,-1,0,1,-1,-1,-1,-1,-1,-1,0,0,0,0,0,0,0,0,0,0,0,0,0,0,0,0,
2026-04-16,08:49:15.970,7.67,100,100,100,-0.061,38.56,77,0,7.73,-0.488,1.047,-0.62,74,0,-176.33,-34.59,10,0.00,4.20,4.19,4.26,4.26,4.23,4.24,4.22,4.21,33.86,34.6,-30,-30,30.7,17,113,-254,403,0,0,1013,0,0,1,-1,0,1,-1,-1,-1,-1,-1,-1,0,0,0,0,0,0,0,0,0,0,0,0,0,0,0,0,
2026-04-16,08:49:16.230,7.68,100,100,100,0.031,38.42,77,0,7.72,-0.460,0.929,-0.50,73,0,-176.29,-36.75,10,0.00,4.20,4.19,4.16,4.15,4.23,4.24,4.22,4.21,33.63,33.8,-30,-30,35.9,19,42,-306,408,0,0,1013,0,0,1,-1,0,1,-1,-1,-1,-1,-1,-1,0,0,0,0,0,0,0,0,0,0,0,0,0,0,0,0,
2026-04-16,08:49:16.500,7.67,100,100,100,0.074,38.28,79,0,7.73,-0.432,0.880,-0.49,76,0,-176.72,-37.04,10,0.00,4.20,4.19,4.16,4.15,4.16,4.16,4.22,4.21,33.63,33.8,-30,-30,38.2,22,0,-370,407,0,0,1012,0,0,1,-1,0,1,-1,-1,-1,-1,-1,-1,0,0,0,0,0,0,0,0,0,0,0,0,0,0,0,0,
2026-04-16,08:49:16.760,7.67,100,100,100,0.105,38.13,79,0,7.75,-0.429,0.913,-0.47,75,0,-177.52,-39.03,10,0.00,4.20,4.19,4.16,4.15,4.16,4.16,4.16,4.16,33.44,34.2,-30,-30,43.0,24,0,-398,435,0,0,1012,0,0,1,-1,0,1,-1,-1,-1,-1,-1,-1,0,0,0,0,0,0,0,0,0,0,0,0,0,0,0,0,
2026-04-16,08:49:17.030,7.67,100,100,100,0.058,38.00,79,0,7.76,-0.427,0.890,-0.55,70,0,-177.54,-39.31,10,0.00,4.15,4.15,4.16,4.15,4.16,4.16,4.16,4.16,33.44,34.2,-30,-30,47.6,27,0,-459,479,0,0,1013,0,0,1,-1,0,1,-1,-1,-1,-1,-1,-1,0,0,0,0,0,0,0,0,0,0,0,0,0,0,0,0,
2026-04-16,08:49:17.320,7.68,100,100,100,0.056,37.70,75,0,7.76,-0.457,0.980,-0.45,66,0,-177.74,-39.60,10,0.00,4.15,4.15,4.12,4.11,4.16,4.16,4.16,4.16,33.19,37.1,-30,-30,47.8,30,30,-490,498,26,0,1013,0,0,1,-1,0,1,-1,-1,-1,-1,-1,-1,0,0,0,0,0,0,0,0,0,0,0,0,0,0,0,0,
2026-04-16,08:49:17.580,7.67,100,100,100,0.052,37.62,73,0,7.76,-0.477,1.081,-0.31,65,0,-177.19,-41.38,10,0.00,4.15,4.15,4.12,4.11,4.11,4.12,4.16,4.16,33.19,37.1,-30,-30,54.3,32,93,-415,500,71,0,1013,0,0,1,-1,0,1,-1,-1,-1,-1,-1,-1,0,0,0,0,0,0,0,0,0,0,0,0,0,0,0,0,
2026-04-16,08:49:17.860,7.68,100,100,100,0.062,37.54,66,0,7.76,-0.474,0.887,-0.25,63,0,-176.55,-44.05,10,0.00,4.15,4.15,4.12,4.11,4.11,4.12,4.16,4.16,32.98,40.0,-30,-30,53.7,36,105,-298,500,1,0,1013,0,0,1,-1,0,1,-1,-1,-1,-1,-1,-1,0,0,0,0,0,0,0,0,0,0,0,0,0,0,0,0,
2026-04-16,08:49:18.130,7.68,99,100,100,0.058,37.43,61,0,7.76,-0.482,0.865,-0.34,61,0,-176.43,-47.07,10,0.00,4.15,4.15,4.12,4.11,4.11,4.12,4.11,4.11,32.98,40.1,-30,-30,57.8,39,102,-329,508,40,0,1013,0,0,1,-1,0,1,-1,-1,-1,-1,-1,-1,0,0,0,0,0,0,0,0,0,0,0,0,0,0,0,0,
2026-04-16,08:49:18.390,7.67,99,100,100,0.073,37.10,59,0,7.76,-0.504,0.860,-0.74,61,0,-178.26,-47.54,10,0.00,4.10,4.10,4.12,4.11,4.11,4.12,4.11,4.11,32.81,40.1,-30,-30,57.8,42,170,-372,558,276,0,1013,0,0,1,-1,0,1,-1,-1,-1,-1,-1,-1,0,0,0,0,0,0,0,0,0,0,0,0,0,0,0,0,
2026-04-16,08:49:18.670,7.67,99,100,100,0.080,36.84,58,0,7.76,-0.520,0.924,-0.95,55,0,-95.48,-47.91,10,0.00,4.10,4.10,4.06,4.06,4.11,4.12,4.11,4.11,32.60,44.5,-30,-30,56.1,45,235,-403,582,417,0,1013,0,0,1,-1,0,1,-1,-1,-1,-1,-1,-1,0,0,0,0,0,0,0,0,0,0,0,0,0,0,0,0,
2026-04-16,08:49:18.930,7.67,100,100,99,0.066,36.56,55,0,7.76,-0.530,1.040,-0.83,49,0,179.02,-49.90,10,0.00,4.10,4.10,4.06,4.06,4.06,4.06,4.11,4.11,32.60,44.5,-30,-30,62.4,48,324,-410,589,477,0,1013,0,0,1,-1,0,1,-1,-1,-1,-1,-1,-1,0,0,0,0,0,0,0,0,0,0,0,0,0,0,0,0,
2026-04-16,08:49:19.190,7.68,99,99,98,0.069,36.30,53,0,7.76,-0.521,1.057,-0.98,46,0,179.72,-52.20,10,0.00,4.10,4.10,4.06,4.06,4.06,4.06,4.11,4.11,32.41,46.2,-30,-30,65.2,51,358,-358,590,477,0,1013,0,0,1,-1,0,1,-1,-1,-1,-1,-1,-1,0,0,0,0,0,0,0,0,0,0,0,0,0,0,0,0,
2026-04-16,08:49:19.450,7.67,99,99,98,0.064,36.16,54,0,7.76,-0.515,1.141,-0.67,48,0,179.29,-56.92,10,0.00,4.05,4.05,4.06,4.06,4.06,4.06,4.11,4.11,32.41,46.2,-30,-30,68.7,55,403,-342,590,499,0,1013,0,0,1,-1,0,1,-1,-1,-1,-1,-1,-1,0,0,0,0,0,0,0,0,0,0,0,0,0,0,0,0,
2026-04-16,08:49:19.720,7.68,99,99,98,0.029,36.24,55,0,7.76,-0.488,1.142,-0.21,49,0,-173.57,-60.89,10,0.00,4.05,4.05,4.01,4.01,4.06,4.06,4.11,4.11,32.25,46.1,-30,-30,74.3,58,446,-300,588,551,0,1013,0,0,1,-1,0,1,-1,-1,-1,-1,-1,-1,0,0,0,0,0,0,0,0,0,0,0,0,0,0,0,0,
2026-04-16,08:49:19.980,7.68,100,100,98,0.029,36.51,57,0,7.77,-0.496,1.137,0.53,53,0,-172.99,-62.61,10,0.00,4.05,4.05,4.01,4.01,4.01,4.02,4.11,4.11,32.25,46.1,-30,-30,74.1,61,399,-265,588,43,0,1013,0,0,1,-1,0,1,-1,-1,-1,-1,-1,-1,0,0,0,0,0,0,0,0,0,0,0,0,0,0,0,0,
2026-04-16,08:49:20.240,7.68,100,100,98,-0.008,36.89,57,0,7.75,-0.446,1.093,0.92,60,0,-158.79,-64.58,10,0.00,4.05,4.05,4.01,4.01,4.01,4.02,4.11,4.11,32.13,46.1,-30,-30,78.0,65,176,-191,581,-99,0,1012,0,0,1,-1,0,1,-1,-1,-1,-1,-1,-1,0,0,0,0,0,0,0,0,0,0,0,0,0,0,0,0,
2026-04-16,08:49:20.510,7.68,99,99,98,-0.009,37.59,55,0,7.76,-0.448,1.051,1.81,61,0,-153.16,-65.81,10,0.00,4.05,4.05,4.01,4.01,4.01,4.02,4.02,4.03,32.13,46.1,-30,-30,78.0,68,20,-107,578,-209,0,1013,0,0,1,-1,0,1,-1,-1,-1,-1,-1,-1,0,0,0,0,0,0,0,0,0,0,0,0,0,0,0,0,
2026-04-16,08:49:20.780,7.68,98,98,98,-0.028,38.15,50,0,7.76,-0.435,1.056,1.93,64,0,-141.08,-66.47,10,0.00,4.02,4.03,4.01,4.01,4.01,4.02,4.02,4.03,32.02,44.7,-30,-30,77.6,72,-71,-101,575,-362,0,1013,0,0,1,-1,0,1,-1,-1,-1,-1,-1,-1,0,0,0,0,0,0,0,0,0,0,0,0,0,0,0,0,
2026-04-16,08:49:21.050,7.68,98,98,98,0.031,38.93,50,0,7.76,-0.422,0.933,2.33,66,0,-143.92,-65.42,10,0.00,4.02,4.03,3.98,3.99,4.01,4.02,4.02,4.03,32.02,44.7,-30,-30,77.4,75,-127,-118,578,-367,0,1013,0,0,1,-1,0,1,-1,-1,-1,-1,-1,-1,0,0,0,0,0,0,0,0,0,0,0,0,0,0,0,0,
2026-04-16,08:49:21.330,7.67,99,99,98,0.058,41.00,52,0,7.73,-0.333,0.690,3.44,66,0,-153.25,-64.39,10,0.00,4.02,4.03,3.98,3.99,4.00,4.00,4.02,4.03,31.94,44.4,-30,-30,76.7,78,0,-308,577,-39,0,1013,0,0,1,-1,0,1,-1,-1,-1,-1,-1,-1,0,0,0,0,0,0,0,0,0,0,0,0,0,0,0,0,
2026-04-16,08:49:21.590,7.68,100,100,98,0.040,42.14,53,0,7.74,-0.451,1.207,3.70,64,0,-165.57,-66.60,10,0.00,4.02,4.03,3.98,3.99,4.00,4.00,4.01,4.02,31.94,43.9,-30,-30,79.6,82,0,-279,579,-52,0,1013,0,0,1,-1,0,1,-1,-1,-1,-1,-1,-1,0,0,0,0,0,0,0,0,0,0,0,0,0,0,0,0,
2026-04-16,08:49:21.860,7.67,100,100,98,0.042,43.13,53,0,7.77,-0.446,1.069,3.56,63,0,-166.91,-70.19,10,0.00,4.00,4.02,3.98,3.99,4.00,4.00,4.01,4.02,31.86,43.9,-30,-30,78.3,85,0,-81,579,2,0,1013,0,0,1,-1,0,1,-1,-1,-1,-1,-1,-1,0,0,0,0,0,0,0,0,0,0,0,0,0,0,0,0,
2026-04-16,08:49:22.120,7.68,100,100,98,0.059,44.24,53,0,7.74,-0.402,0.850,3.78,61,0,-176.20,-73.43,10,0.00,4.00,4.02,3.96,3.98,4.00,4.00,4.01,4.02,31.86,44.2,-30,-30,76.7,88,117,-134,581,275,0,1013,0,0,1,-1,0,1,-1,-1,-1,-1,-1,-1,0,0,0,0,0,0,0,0,0,0,0,0,0,0,0,0,
2026-04-16,08:49:22.380,7.67,100,100,98,0.075,45.37,52,0,7.75,-0.397,0.833,3.72,59,0,167.04,-70.52,10,0.00,4.00,4.02,3.96,3.98,3.99,3.99,4.01,4.02,31.80,44.2,-30,-30,74.8,91,188,-160,582,310,0,1013,0,0,1,-1,0,1,-1,-1,-1,-1,-1,-1,0,0,0,0,0,0,0,0,0,0,0,0,0,0,0,0,
2026-04-16,08:49:22.650,7.67,99,99,98,0.065,46.61,49,0,7.76,-0.404,0.872,4.16,58,0,171.99,-65.92,10,0.00,4.00,4.02,3.96,3.98,3.99,3.99,4.01,4.02,31.73,45.0,-30,-30,75.4,95,292,-152,582,394,0,1013,0,0,1,-1,0,1,-1,-1,-1,-1,-1,-1,0,0,0,0,0,0,0,0,0,0,0,0,0,0,0,0,
2026-04-16,08:49:22.910,7.68,95,99,99,0.029,47.76,47,0,7.76,-0.376,0.855,4.07,55,0,174.20,-62.67,10,0.00,4.00,4.02,3.96,3.98,3.99,3.99,3.99,4.01,31.73,45.0,-30,-30,78.7,98,371,-162,582,499,0,1013,0,0,1,-1,0,1,-1,-1,-1,-1,-1,-1,0,0,0,0,0,0,0,0,0,0,0,0,0,0,0,0,
2026-04-16,08:49:23.180,7.67,95,100,100,0.003,48.78,47,0,7.76,-0.395,0.920,3.87,52,0,178.54,-61.10,10,0.00,3.99,4.00,3.96,3.98,3.99,3.99,3.99,4.01,31.67,44.2,-30,-30,78.7,101,364,-185,582,206,0,1013,0,0,1,-1,0,1,-1,-1,-1,-1,-1,-1,0,0,0,0,0,0,0,0,0,0,0,0,0,0,0,0,
2026-04-16,08:49:23.440,7.68,96,100,100,-0.003,49.53,47,0,7.74,-0.423,1.091,3.14,51,0,-166.54,-59.48,10,0.00,3.99,4.00,3.95,3.96,3.99,3.99,3.99,4.01,31.67,44.2,-30,-30,79.6,104,179,-103,581,0,0,1013,0,0,1,-1,0,1,-1,-1,-1,-1,-1,-1,0,0,0,0,0,0,0,0,0,0,0,0,0,0,0,0,
2026-04-16,08:49:23.720,7.67,100,100,100,-0.050,50.29,48,0,7.75,-0.390,0.876,2.77,50,0,-160.49,-58.42,10,0.00,3.99,4.00,3.95,3.96,3.97,3.97,3.99,4.01,31.62,44.1,-30,-30,81.1,108,158,-84,580,0,0,1012,0,0,1,-1,0,1,-1,-1,-1,-1,-1,-1,0,0,0,0,0,0,0,0,0,0,0,0,0,0,0,0,
2026-04-16,08:49:23.980,7.68,100,100,100,-0.032,52.39,48,0,7.77,-0.398,1.048,3.65,50,0,-158.70,-56.80,10,0.00,3.99,4.00,3.95,3.96,3.97,3.97,3.98,4.00,31.62,44.1,-30,-30,81.9,111,131,-37,580,-25,0,1013,0,0,1,-1,0,1,-1,-1,-1,-1,-1,-1,0,0,0,0,0,0,0,0,0,0,0,0,0,0,0,0,
2026-04-16,08:49:24.240,7.68,100,100,100,-0.015,53.45,49,0,7.76,-0.376,0.888,3.68,49,0,-152.79,-53.58,10,0.00,3.98,4.00,3.95,3.96,3.97,3.97,3.98,4.00,31.58,43.8,-30,-30,82.0,114,-1,2,579,-203,0,1012,0,0,1,-1,0,1,-1,-1,-1,-1,-1,-1,0,0,0,0,0,0,0,0,0,0,0,0,0,0,0,0,
2026-04-16,08:49:24.500,7.67,100,100,100,0.019,54.52,49,0,7.78,-0.381,0.951,3.74,49,0,-153.67,-52.06,10,0.00,3.98,4.00,3.94,3.96,3.97,3.97,3.98,4.00,31.58,43.8,-30,-30,79.6,117,-44,-2,579,-272,0,1012,0,0,1,-1,0,1,-1,-1,-1,-1,-1,-1,0,0,0,0,0,0,0,0,0,0,0,0,0,0,0,0,
2026-04-16,08:49:24.760,7.68,99,100,100,0.049,55.59,48,0,7.77,-0.349,0.769,3.67,47,0,-162.55,-49.12,10,0.00,3.98,4.00,3.94,3.96,3.97,3.97,3.98,4.00,31.54,43.9,-30,-30,79.6,120,-34,-63,580,-233,0,1013,0,0,1,-1,0,1,-1,-1,-1,-1,-1,-1,0,0,0,0,0,0,0,0,0,0,0,0,0,0,0,0,
2026-04-16,08:49:25.020,7.67,98,100,100,0.098,56.69,48,0,7.76,-0.330,0.620,3.77,45,0,-166.70,-49.80,10,0.00,3.98,4.00,3.94,3.96,3.97,3.97,3.98,4.00,31.54,43.9,-30,-30,78.7,124,-36,-109,581,-223,0,1013,0,0,1,-1,0,1,-1,-1,-1,-1,-1,-1,0,0,0,0,0,0,0,0,0,0,0,0,0,0,0,0,
2026-04-16,08:49:25.290,7.68,98,100,100,0.128,57.86,48,0,7.76,-0.340,0.760,3.98,45,0,-176.95,-53.35,10,0.00,3.98,4.00,3.94,3.96,3.97,3.97,3.97,3.99,31.49,44.0,-30,-30,78.7,127,-159,-263,693,-427,0,1013,0,0,1,-1,0,1,-1,-1,-1,-1,-1,-1,0,0,0,0,0,0,0,0,0,0,0,0,0,0,0,0,
2026-04-16,08:49:25.560,7.68,98,99,99,0.083,58.99,48,0,7.75,-0.509,1.291,3.85,43,0,165.86,-58.01,10,0.00,3.97,3.99,3.94,3.96,3.97,3.97,3.97,3.99,31.49,44.0,-30,-30,78.7,130,-222,-338,722,-426,0,1013,0,0,1,-1,0,1,-1,-1,-1,-1,-1,-1,0,0,0,0,0,0,0,0,0,0,0,0,0,0,0,0,
2026-04-16,08:49:25.830,7.68,98,99,99,0.045,59.67,48,0,7.75,-0.494,1.243,3.34,43,0,154.94,-60.05,10,0.00,3.97,3.99,3.92,3.93,3.97,3.97,3.97,3.99,31.35,54.5,-30,-30,82.0,134,-162,-385,724,-159,0,1013,0,0,1,-1,0,1,-1,-1,-1,-1,-1,-1,0,0,0,0,0,0,0,0,0,0,0,0,0,0,0,0,
2026-04-16,08:49:26.090,7.67,97,99,99,0.026,59.98,48,0,7.76,-0.510,1.252,1.84,41,0,138.65,-64.64,10,0.00,3.97,3.99,3.92,3.93,3.93,3.93,3.97,3.99,31.35,54.5,-30,-30,83.3,138,-165,-398,723,-161,0,1012,0,0,1,-1,0,1,-1,-1,-1,-1,-1,-1,0,0,0,0,0,0,0,0,0,0,0,0,0,0,0,0,
2026-04-16,08:49:26.350,7.67,96,99,99,0.034,60.73,48,0,7.76,-0.541,1.459,2.06,41,0,128.36,-66.35,10,0.00,3.97,3.99,3.92,3.93,3.93,3.93,3.97,3.99,31.21,56.1,-30,-30,76.1,142,-168,-408,723,-168,0,1013,0,0,1,-1,0,1,-1,-1,-1,-1,-1,-1,0,0,0,0,0,0,0,0,0,0,0,0,0,0,0,0,
2026-04-16,08:49:26.610,7.67,92,98,98,0.021,61.47,48,0,7.76,-0.467,1.226,2.49,41,0,105.87,-64.83,10,0.00,3.92,3.93,3.92,3.93,3.93,3.93,3.97,3.99,31.21,56.0,-30,-30,84.1,146,-186,-393,722,-230,0,1013,0,0,1,-1,0,1,-1,-1,-1,-1,-1,-1,0,0,0,0,0,0,0,0,0,0,0,0,0,0,0,0,
2026-04-16,08:49:26.880,7.67,93,98,98,0.037,62.54,47,0,7.76,-0.505,1.315,3.01,43,0,91.40,-62.04,10,0.00,3.92,3.93,3.86,3.88,3.93,3.93,3.97,3.99,31.11,56.0,-30,-30,82.4,150,-192,-455,721,-76,0,1013,0,0,1,-1,0,1,-1,-1,-1,-1,-1,-1,0,0,0,0,0,0,0,0,0,0,0,0,0,0,0,0,
2026-04-16,08:49:27.140,7.67,95,98,98,0.024,65.30,47,0,7.76,-0.525,1.435,4.15,46,0,78.99,-57.88,10,0.00,3.92,3.93,3.86,3.88,3.93,3.93,3.97,3.99,31.11,55.6,-30,-30,82.6,155,-121,-501,720,156,0,1013,0,0,1,-1,0,1,-1,-1,-1,-1,-1,-1,0,0,0,0,0,0,0,0,0,0,0,0,0,0,0,0,
2026-04-16,08:49:27.400,7.68,94,98,98,0.046,66.59,46,0,7.73,-0.534,1.403,4.50,46,0,60.97,-40.56,10,0.00,3.92,3.93,3.86,3.88,3.89,3.89,3.97,3.99,31.01,55.6,-30,-30,80.0,159,-37,-517,720,235,0,1013,0,0,1,-1,0,1,-1,-1,-1,-1,-1,-1,0,0,0,0,0,0,0,0,0,0,0,0,0,0,0,0,
2026-04-16,08:49:27.660,7.67,89,98,98,0.033,68.10,44,0,7.74,-0.510,1.324,4.50,45,0,55.93,-33.39,10,0.00,3.92,3.93,3.86,3.88,3.89,3.89,3.90,3.92,30.93,55.6,-30,-30,80.0,163,0,-465,721,407,0,1013,0,0,1,-1,0,1,-1,-1,-1,-1,-1,-1,0,0,0,0,0,0,0,0,0,0,0,0,0,0,0,0,
2026-04-16,08:49:27.940,7.67,81,95,95,0.030,69.37,44,0,7.75,-0.577,1.429,4.75,42,0,54.89,-19.52,10,0.00,3.90,3.92,3.86,3.88,3.89,3.89,3.90,3.92,30.93,55.6,-30,-30,76.7,167,5,-457,725,558,0,1012,0,0,1,-1,0,1,-1,-1,-1,-1,-1,-1,0,0,0,0,0,0,0,0,0,0,0,0,0,0,0,0,
2026-04-16,08:49:28.200,7.68,75,93,93,0.019,70.23,43,0,7.76,-0.533,1.358,4.75,38,0,66.26,-8.09,10,0.00,3.90,3.92,3.85,3.86,3.89,3.89,3.90,3.92,30.85,56.2,-30,-30,77.6,171,-32,-485,724,449,0,1012,0,0,1,-1,0,1,-1,-1,-1,-1,-1,-1,0,0,0,0,0,0,0,0,0,0,0,0,0,0,0,0,
2026-04-16,08:49:28.470,7.68,71,93,93,0.053,71.18,40,0,7.76,-0.540,1.341,3.39,43,0,72.03,-2.11,10,0.00,3.90,3.92,3.85,3.86,3.88,3.88,3.90,3.92,30.85,56.2,-30,-30,77.4,175,-57,-571,707,338,0,1013,0,0,1,-1,0,1,-1,-1,-1,-1,-1,-1,0,0,0,0,0,0,0,0,0,0,0,0,0,0,0,0,
2026-04-16,08:49:28.740,7.67,70,93,93,0.066,72.24,40,0,7.76,-0.516,1.503,3.53,44,0,70.65,11.07,10,0.00,3.90,3.92,3.85,3.86,3.88,3.88,3.88,3.91,30.83,55.0,-30,-30,81.5,179,-73,-597,653,497,0,1013,0,0,1,-1,0,1,-1,-1,-1,-1,-1,-1,0,0,0,0,0,0,0,0,0,0,0,0,0,0,0,0,
2026-04-16,08:49:29.020,7.67,71,93,93,0.048,72.83,39,0,7.76,-0.509,1.536,2.87,44,0,68.01,17.72,10,0.00,3.89,3.91,3.85,3.86,3.88,3.88,3.88,3.91,30.83,55.0,-30,-30,82.0,184,0,-583,638,563,0,1013,0,0,1,-1,0,1,-1,-1,-1,-1,-1,-1,0,0,0,0,0,0,0,0,0,0,0,0,0,0,0,0,
2026-04-16,08:49:29.310,7.68,69,93,93,0.005,72.92,38,0,7.73,-0.514,1.567,1.40,43,0,72.14,29.14,10,0.00,3.89,3.91,3.85,3.87,3.88,3.88,3.88,3.91,30.86,55.0,-30,-30,82.0,188,168,-589,606,631,0,1013,0,0,1,-1,0,1,-1,-1,-1,-1,-1,-1,0,0,0,0,0,0,0,0,0,0,0,0,0,0,0,0,
2026-04-16,08:49:29.570,7.67,77,93,93,0.030,72.91,40,0,7.75,-0.452,1.454,0.47,45,0,86.28,38.70,10,0.00,3.89,3.91,3.85,3.87,3.89,3.89,3.88,3.91,30.86,55.0,-30,-30,82.8,192,187,-623,586,593,0,1013,0,0,1,-1,0,1,-1,-1,-1,-1,-1,-1,0,0,0,0,0,0,0,0,0,0,0,0,0,0,0,0,
2026-04-16,08:49:29.830,7.68,85,93,93,0.033,73.02,45,0,7.75,-0.454,1.524,0.34,50,0,93.44,42.24,10,0.00,3.89,3.91,3.85,3.87,3.89,3.89,3.88,3.91,30.92,45.3,-30,-30,86.5,195,247,-635,526,668,0,1013,0,0,1,-1,0,1,-1,-1,-1,-1,-1,-1,0,0,0,0,0,0,0,0,0,0,0,0,0,0,0,0,
2026-04-16,08:49:30.100,7.68,96,96,93,-0.021,72.66,47,0,7.76,-0.465,1.721,-0.34,48,0,106.41,44.54,10,0.00,3.89,3.91,3.85,3.87,3.89,3.89,3.91,3.94,30.92,45.3,-30,-30,86.5,199,331,-566,522,705,0,1013,0,0,1,-1,0,1,-1,-1,-1,-1,-1,-1,0,0,0,0,0,0,0,0,0,0,0,0,0,0,0,0,
2026-04-16,08:49:30.380,7.68,95,95,94,-0.095,71.72,47,0,7.76,-0.416,1.682,-2.00,46,0,126.94,41.88,10,0.00,3.93,3.95,3.85,3.87,3.89,3.89,3.91,3.94,31.02,38.8,-30,-30,87.4,202,416,-478,507,806,0,1013,0,0,1,-1,0,1,-1,-1,-1,-1,-1,-1,0,0,0,0,0,0,0,0,0,0,0,0,0,0,0,0,
2026-04-16,08:49:30.640,7.68,95,95,94,-0.101,70.64,45,0,7.76,-0.421,1.769,-3.13,44,0,126.94,41.88,10,0.00,3.93,3.95,3.89,3.91,3.89,3.89,3.91,3.94,31.13,37.2,-30,-30,92.8,204,443,-305,496,392,0,1013,0,0,1,-1,0,1,-1,-1,-1,-1,-1,-1,0,0,0,0,0,0,0,0,0,0,0,0,0,0,0,0,
2026-04-16,08:49:30.910,7.68,91,92,92,-0.021,68.51,43,0,7.72,-0.285,1.341,-3.65,40,0,170.46,36.53,10,0.00,3.93,3.95,3.89,3.91,3.94,3.94,3.91,3.94,31.13,37.2,-30,-30,94.8,207,238,-120,355,-69,0,1013,0,0,1,-1,0,1,-1,-1,-1,-1,-1,-1,0,0,0,0,0,0,0,0,0,0,0,0,0,0,0,0,
2026-04-16,08:49:31.180,7.68,87,91,91,-0.027,67.74,40,0,7.74,-0.190,1.074,-3.64,38,0,169.00,34.47,10,0.00,3.93,3.95,3.89,3.91,3.94,3.94,3.96,3.99,31.39,25.6,-30,-30,94.3,210,156,-278,276,0,0,1013,0,0,1,-1,0,1,-1,-1,-1,-1,-1,-1,0,0,0,0,0,0,0,0,0,0,0,0,0,0,0,0,
2026-04-16,08:49:31.460,7.67,81,91,91,-0.073,67.29,39,0,7.75,-0.150,1.133,-2.20,38,0,170.44,27.48,10,0.00,3.98,4.00,3.89,3.91,3.94,3.94,3.96,3.99,31.39,25.6,-30,-30,96.9,212,163,-248,275,0,0,1013,0,0,1,-1,0,1,-1,-1,-1,-1,-1,-1,0,0,0,0,0,0,0,0,0,0,0,0,0,0,0,0,
2026-04-16,08:49:31.740,7.67,85,90,90,-0.138,66.74,39,0,7.76,-0.216,1.461,-1.91,37,0,-152.52,22.53,10,0.00,3.98,4.00,3.97,3.99,3.94,3.94,3.96,3.99,31.60,25.6,-30,-30,96.9,214,159,-218,276,0,0,1012,0,0,1,-1,0,1,-1,-1,-1,-1,-1,-1,0,0,0,0,0,0,0,0,0,0,0,0,0,0,0,0,
2026-04-16,08:49:32.000,7.68,88,93,93,-0.112,66.09,41,0,7.76,-0.161,1.265,-2.04,39,0,-170.74,21.96,10,0.00,3.98,4.00,3.97,3.99,4.02,4.01,3.96,3.99,31.60,25.6,-30,-30,98.0,216,152,-148,276,0,0,1012,0,0,1,-1,0,1,-1,-1,-1,-1,-1,-1,0,0,0,0,0,0,0,0,0,0,0,0,0,0,0,0,
2026-04-16,08:49:32.260,7.67,93,94,94,-0.090,65.28,43,0,7.75,-0.164,1.184,-2.55,45,0,-163.98,20.25,10,0.00,3.98,4.00,3.97,3.99,4.02,4.01,3.96,3.99,31.76,21.3,-30,-30,96.1,217,24,-143,277,-190,0,1013,0,0,1,-1,0,1,-1,-1,-1,-1,-1,-1,0,0,0,0,0,0,0,0,0,0,0,0,0,0,0,0,
2026-04-16,08:49:32.520,7.67,96,96,94,-0.014,64.86,45,0,7.76,-0.110,0.976,-2.13,49,0,-162.96,16.23,10,0.00,3.98,4.00,3.97,3.99,4.02,4.01,4.03,4.06,31.76,21.3,-30,-30,96.1,219,0,-135,276,-239,0,1013,0,0,1,-1,0,1,-1,-1,-1,-1,-1,-1,0,0,0,0,0,0,0,0,0,0,0,0,0,0,0,0,
2026-04-16,08:49:32.800,7.67,98,98,94,0.010,64.95,49,0,7.76,-0.110,0.964,-0.71,46,0,-165.88,12.83,10,0.00,4.04,4.06,3.97,3.99,4.02,4.01,4.03,4.06,31.91,21.5,-30,-30,94.6,221,-7,-152,276,-244,0,1013,0,0,1,-1,0,1,-1,-1,-1,-1,-1,-1,0,0,0,0,0,0,0,0,0,0,0,0,0,0,0,0,
2026-04-16,08:49:33.070,7.68,100,100,94,-0.024,64.98,52,0,7.76,-0.123,0.937,-0.05,50,0,-172.42,6.19,10,0.00,4.04,4.06,4.01,4.04,4.02,4.01,4.03,4.06,31.91,21.5,-30,-30,94.6,222,0,-165,276,-201,0,1013,0,0,1,-1,0,1,-1,-1,-1,-1,-1,-1,0,0,0,0,0,0,0,0,0,0,0,0,0,0,0,0,
2026-04-16,08:49:33.350,7.68,100,100,94,-0.006,64.95,54,0,7.76,-0.151,1.010,-0.12,53,0,-173.47,3.15,10,0.00,4.04,4.06,4.01,4.04,4.05,4.04,4.03,4.06,32.02,21.5,-30,-30,95.4,224,0,-143,277,-163,0,1013,0,0,1,-1,0,1,-1,-1,-1,-1,-1,-1,0,0,0,0,0,0,0,0,0,0,0,0,0,0,0,0,
2026-04-16,08:49:33.620,7.67,100,100,95,-0.046,64.41,57,0,7.76,-0.180,1.149,-0.77,59,0,-177.02,-1.95,10,0.00,4.04,4.06,4.01,4.04,4.05,4.04,4.05,4.07,32.02,22.2,-30,-30,92.0,225,0,-125,277,-156,0,1013,0,0,1,-1,0,1,-1,-1,-1,-1,-1,-1,0,0,0,0,0,0,0,0,0,0,0,0,0,0,0,0,
2026-04-16,08:49:33.890,7.67,99,99,95,0.019,64.13,58,0,7.76,-0.098,0.778,-1.05,63,0,-175.05,-3.91,10,0.00,4.05,4.07,4.01,4.04,4.05,4.04,4.05,4.07,32.10,22.2,-30,-30,92.0,227,0,-132,277,-179,0,1013,0,0,1,-1,0,1,-1,-1,-1,-1,-1,-1,0,0,0,0,0,0,0,0,0,0,0,0,0,0,0,0,
2026-04-16,08:49:34.160,7.68,99,99,95,0.021,64.30,59,0,7.76,-0.126,0.963,-0.08,64,0,-177.20,-5.81,10,0.00,4.05,4.07,4.02,4.05,4.05,4.04,4.05,4.07,32.17,21.9,-30,-30,94.1,229,0,-145,277,-198,0,1013,0,0,1,-1,0,1,-1,-1,-1,-1,-1,-1,0,0,0,0,0,0,0,0,0,0,0,0,0,0,0,0,
2026-04-16,08:49:34.430,7.68,99,99,95,-0.026,64.32,60,0,7.76,-0.151,1.013,0.13,64,0,177.73,-9.49,10,0.00,4.05,4.07,4.02,4.05,4.06,4.05,4.05,4.07,32.17,21.9,-30,-30,93.2,230,0,-148,276,-193,0,1013,0,0,1,-1,0,1,-1,-1,-1,-1,-1,-1,0,0,0,0,0,0,0,0,0,0,0,0,0,0,0,0,
2026-04-16,08:49:34.690,7.67,100,100,95,-0.038,64.09,60,0,7.76,-0.150,0.964,-0.47,66,0,177.47,-12.12,10,0.00,4.05,4.07,4.02,4.05,4.06,4.05,4.05,4.07,32.22,22.3,-30,-30,92.2,232,0,-190,280,-60,0,1013,0,0,1,-1,0,1,-1,-1,-1,-1,-1,-1,0,0,0,0,0,0,0,0,0,0,0,0,0,0,0,0,
2026-04-16,08:49:34.960,7.68,100,100,98,-0.044,63.90,59,0,7.76,-0.175,1.120,-0.53,67,0,177.63,-13.52,10,0.00,4.05,4.07,4.02,4.05,4.06,4.05,4.05,4.08,32.22,22.3,-30,-30,93.5,234,40,-193,297,0,0,1013,0,0,1,-1,0,1,-1,-1,-1,-1,-1,-1,0,0,0,0,0,0,0,0,0,0,0,0,0,0,0,0,
2026-04-16,08:49:35.240,7.68,100,100,98,-0.033,63.64,59,0,7.73,-0.185,1.035,-0.76,69,0,179.60,-16.14,10,0.00,4.06,4.08,4.02,4.05,4.06,4.05,4.05,4.08,32.24,23.4,-30,-30,91.3,235,233,-151,402,488,0,1013,0,0,1,-1,0,1,-1,-1,-1,-1,-1,-1,0,0,0,0,0,0,0,0,0,0,0,0,0,0,0,0,
2026-04-16,08:49:35.510,7.67,100,100,98,-0.027,63.47,58,0,7.74,-0.270,0.955,-0.75,71,0,-150.95,-17.44,10,0.00,4.06,4.08,4.03,4.05,4.06,4.05,4.05,4.08,32.24,23.4,-30,-30,90.4,237,414,-215,498,560,0,1013,0,0,1,-1,0,1,-1,-1,-1,-1,-1,-1,0,0,0,0,0,0,0,0,0,0,0,0,0,0,0,0,
2026-04-16,08:49:35.790,7.67,100,100,100,-0.005,63.10,58,0,7.73,-0.277,1.047,-0.67,70,0,-166.71,-18.46,10,0.00,4.06,4.08,4.03,4.05,4.05,4.04,4.05,4.08,32.12,35.1,-30,-30,90.4,240,441,-389,514,344,0,1012,0,0,1,-1,0,1,-1,-1,-1,-1,-1,-1,0,0,0,0,0,0,0,0,0,0,0,0,0,0,0,0,
2026-04-16,08:49:36.060,7.67,100,100,100,-0.009,62.93,57,0,7.75,-0.405,1.508,-0.70,61,0,-152.36,-21.57,10,0.00,4.06,4.08,4.03,4.05,4.05,4.04,4.03,4.05,32.12,35.1,-30,-30,92.0,242,435,-457,536,309,0,1013,0,0,1,-1,0,1,-1,-1,-1,-1,-1,-1,0,0,0,0,0,0,0,0,0,0,0,0,0,0,0,0,
2026-04-16,08:49:36.330,7.68,100,100,100,-0.034,62.77,55,0,7.75,-0.380,1.405,-0.57,60,0,-147.94,-22.88,10,0.00,4.02,4.04,4.03,4.05,4.05,4.04,4.03,4.05,31.99,38.4,-30,-30,88.9,245,442,-427,550,389,0,1013,0,0,1,-1,0,1,-1,-1,-1,-1,-1,-1,0,0,0,0,0,0,0,0,0,0,0,0,0,0,0,0,
2026-04-16,08:49:36.590,7.68,99,100,100,-0.066,62.88,55,0,7.77,-0.380,1.418,-0.14,64,0,-133.30,-23.87,10,0.00,4.02,4.04,3.96,3.99,4.05,4.04,4.03,4.05,31.99,38.4,-30,-30,88.9,248,441,-437,552,353,0,1013,0,0,1,-1,0,1,-1,-1,-1,-1,-1,-1,0,0,0,0,0,0,0,0,0,0,0,0,0,0,0,0,
2026-04-16,08:49:36.850,7.68,99,100,100,-0.023,63.20,56,0,7.74,-0.421,1.545,0.63,67,0,-111.07,-21.13,10,0.00,4.02,4.04,3.96,3.99,3.98,3.98,4.03,4.05,31.87,40.8,-30,-30,88.3,251,331,-567,550,0,0,1012,0,0,1,-1,0,1,-1,-1,-1,-1,-1,-1,0,0,0,0,0,0,0,0,0,0,0,0,0,0,0,0,
2026-04-16,08:49:37.120,7.68,99,100,100,-0.002,63.67,59,0,7.70,-0.423,1.622,1.16,70,0,-106.26,-19.19,10,0.00,4.02,4.04,3.96,3.99,3.98,3.98,3.97,4.00,31.87,41.0,-30,-30,88.2,254,0,-558,580,-199,0,1013,0,0,1,-1,0,1,-1,-1,-1,-1,-1,-1,0,0,0,0,0,0,0,0,0,0,0,0,0,0,0,0,
2026-04-16,08:49:37.380,7.67,100,100,100,0.025,64.28,60,0,7.74,-0.489,1.674,1.75,70,0,-104.12,-15.53,10,0.00,3.97,3.99,3.96,3.99,3.98,3.98,3.97,4.00,31.75,41.0,-30,-30,84.1,257,0,-531,601,-182,0,1013,0,0,1,-1,0,1,-1,-1,-1,-1,-1,-1,0,0,0,0,0,0,0,0,0,0,0,0,0,0,0,0,
2026-04-16,08:49:37.660,7.67,100,100,100,0.047,64.79,59,0,7.75,-0.505,1.676,1.78,69,0,-104.12,-15.53,10,0.00,3.97,3.99,3.93,3.95,3.98,3.98,3.97,4.00,31.61,45.1,-30,-30,84.3,260,-23,-520,652,-236,0,1013,0,0,1,-1,0,1,-1,-1,-1,-1,-1,-1,0,0,0,0,0,0,0,0,0,0,0,0,0,0,0,0,
2026-04-16,08:49:37.920,7.68,97,100,100,0.072,65.50,55,0,7.75,-0.514,1.560,2.05,65,0,-109.71,-13.90,10,0.00,3.97,3.99,3.93,3.95,3.98,3.98,3.97,4.00,31.61,45.1,-30,-30,82.8,263,51,-551,663,53,0,1013,0,0,1,-1,0,1,-1,-1,-1,-1,-1,-1,0,0,0,0,0,0,0,0,0,0,0,0,0,0,0,0,
2026-04-16,08:49:38.200,7.67,94,100,100,0.092,66.22,50,0,7.74,-0.516,1.486,2.03,62,0,-114.55,-14.79,10,0.00,3.97,3.99,3.93,3.95,3.95,3.94,3.97,4.00,31.46,50.0,-30,-30,82.8,267,176,-543,659,201,0,1013,0,0,1,-1,0,1,-1,-1,-1,-1,-1,-1,0,0,0,0,0,0,0,0,0,0,0,0,0,0,0,0,
2026-04-16,08:49:38.460,7.67,93,100,100,0.089,67.55,47,0,7.75,-0.523,1.518,2.41,58,0,-117.88,-15.64,10,0.00,3.97,3.99,3.93,3.95,3.95,3.94,3.93,3.96,31.46,50.0,-30,-30,80.4,271,191,-547,647,183,0,1013,0,0,1,-1,0,1,-1,-1,-1,-1,-1,-1,0,0,0,0,0,0,0,0,0,0,0,0,0,0,0,0,
2026-04-16,08:49:38.730,7.67,93,100,100,0.036,68.18,45,0,7.76,-0.526,1.539,2.33,55,0,-120.38,-16.99,10,0.00,3.93,3.95,3.93,3.95,3.95,3.94,3.93,3.96,31.34,49.2,-30,-30,83.2,274,276,-462,646,472,0,1012,0,0,1,-1,0,1,-1,-1,-1,-1,-1,-1,0,0,0,0,0,0,0,0,0,0,0,0,0,0,0,0,
2026-04-16,08:49:39.010,7.68,88,100,100,0.052,69.00,43,0,7.76,-0.472,1.325,2.63,54,0,-119.46,-17.43,10,0.00,3.93,3.95,3.88,3.90,3.95,3.94,3.93,3.96,31.34,49.2,-30,-30,80.9,278,328,-453,645,514,0,1013,0,0,1,-1,0,1,-1,-1,-1,-1,-1,-1,0,0,0,0,0,0,0,0,0,0,0,0,0,0,0,0,
2026-04-16,08:49:39.270,7.67,83,100,100,0.049,70.31,40,0,7.76,-0.462,1.314,3.49,55,0,-113.18,-17.04,10,0.00,3.93,3.95,3.88,3.90,3.92,3.91,3.93,3.96,31.25,49.0,-30,-30,80.9,282,332,-466,644,424,0,1013,0,0,1,-1,0,1,-1,-1,-1,-1,-1,-1,0,0,0,0,0,0,0,0,0,0,0,0,0,0,0,0,
2026-04-16,08:49:39.530,7.67,80,100,100,0.084,71.89,40,0,7.76,-0.448,1.280,4.83,56,0,-111.07,-15.64,10,0.00,3.93,3.95,3.88,3.90,3.92,3.91,3.91,3.94,31.25,49.0,-30,-30,80.2,285,325,-472,642,422,0,1013,0,0,1,-1,0,1,-1,-1,-1,-1,-1,-1,0,0,0,0,0,0,0,0,0,0,0,0,0,0,0,0,
2026-04-16,08:49:39.790,7.67,84,100,100,0.030,73.53,42,0,7.76,-0.418,1.146,5.28,56,0,-111.81,-14.18,10,0.00,3.92,3.94,3.88,3.90,3.92,3.91,3.91,3.94,31.17,48.3,-30,-30,81.1,289,337,-454,601,496,0,1012,0,0,1,-1,0,1,-1,-1,-1,-1,-1,-1,0,0,0,0,0,0,0,0,0,0,0,0,0,0,0,0,
2026-04-16,08:49:40.060,7.67,90,100,100,0.040,75.05,44,0,7.76,-0.456,1.397,5.40,57,0,-101.86,-9.67,10,0.00,3.92,3.94,3.87,3.90,3.92,3.91,3.91,3.94,31.17,48.3,-30,-30,80.7,292,346,-448,578,419,0,1013,0,0,1,-1,0,1,-1,-1,-1,-1,-1,-1,0,0,0,0,0,0,0,0,0,0,0,0,0,0,0,0,
2026-04-16,08:49:40.330,7.68,95,100,100,0.058,76.52,45,0,7.74,-0.420,1.397,5.20,60,0,-98.04,-6.92,10,0.00,3.92,3.94,3.87,3.90,3.92,3.91,3.91,3.94,31.17,43.5,-30,-30,79.6,296,203,-569,580,0,0,1013,0,0,1,-1,0,1,-1,-1,-1,-1,-1,-1,0,0,0,0,0,0,0,0,0,0,0,0,0,0,0,0,
2026-04-16,08:49:40.590,7.68,96,100,100,0.036,78.23,46,0,7.73,-0.459,1.458,5.54,59,0,-99.43,-0.98,10,0.00,3.92,3.94,3.87,3.90,3.92,3.91,3.91,3.94,31.17,43.5,-30,-30,79.6,299,182,-539,581,76,0,1013,0,0,1,-1,0,1,-1,-1,-1,-1,-1,-1,0,0,0,0,0,0,0,0,0,0,0,0,0,0,0,0,
2026-04-16,08:49:40.850,7.68,90,99,99,0.057,80.75,46,0,7.75,-0.466,1.335,5.33,56,0,-102.58,4.57,10,0.00,3.92,3.94,3.87,3.90,3.92,3.91,3.91,3.95,31.15,43.3,-30,-30,78.7,302,189,-522,579,101,0,1013,0,0,1,-1,0,1,-1,-1,-1,-1,-1,-1,0,0,0,0,0,0,0,0,0,0,0,0,0,0,0,0,
2026-04-16,08:49:41.120,7.68,88,99,99,0.032,81.77,46,0,7.75,-0.474,1.358,3.99,56,0,-105.04,6.87,10,0.00,3.93,3.95,3.87,3.90,3.92,3.91,3.91,3.95,31.15,43.5,-30,-30,77.4,305,189,-513,577,113,0,1013,0,0,1,-1,0,1,-1,-1,-1,-1,-1,-1,0,0,0,0,0,0,0,0,0,0,0,0,0,0,0,0,
2026-04-16,08:49:41.380,7.67,88,99,99,0.054,82.79,47,0,7.76,-0.482,1.313,3.71,58,0,-105.71,10.94,10,0.00,3.93,3.95,3.89,3.91,3.92,3.91,3.91,3.95,31.14,43.5,-30,-30,75.9,308,185,-524,577,108,0,1013,0,0,1,-1,0,1,-1,-1,-1,-1,-1,-1,0,0,0,0,0,0,0,0,0,0,0,0,0,0,0,0,
2026-04-16,08:49:41.640,7.67,96,99,99,0.054,83.74,50,0,7.76,-0.476,1.266,3.37,57,0,-106.94,12.45,10,0.00,3.93,3.95,3.89,3.91,3.92,3.92,3.91,3.95,31.13,43.3,-30,-30,74.3,311,191,-637,575,0,0,1013,0,0,1,-1,0,1,-1,-1,-1,-1,-1,-1,0,0,0,0,0,0,0,0,0,0,0,0,0,0,0,0,
2026-04-16,08:49:41.900,7.67,98,99,99,0.076,84.76,52,0,7.76,-0.465,1.302,3.52,56,0,-115.62,13.68,10,0.00,3.93,3.95,3.89,3.91,3.92,3.92,3.91,3.94,31.13,43.3,-30,-30,72.2,315,177,-650,511,0,0,1013,0,0,1,-1,0,1,-1,-1,-1,-1,-1,-1,0,0,0,0,0,0,0,0,0,0,0,0,0,0,0,0,
2026-04-16,08:49:42.170,7.68,100,100,99,0.077,85.44,54,0,7.80,-0.489,1.393,2.97,56,0,-127.06,11.51,10,0.00,3.92,3.95,3.89,3.91,3.92,3.92,3.91,3.94,31.17,39.8,-30,-30,71.7,318,175,-507,484,201,0,1013,0,0,1,-1,0,1,-1,-1,-1,-1,-1,-1,0,0,0,0,0,0,0,0,0,0,0,0,0,0,0,0,
2026-04-16,08:49:42.430,7.67,100,100,99,0.071,85.79,56,0,7.78,-0.464,1.315,1.95,57,0,-131.82,10.48,10,0.00,3.92,3.95,3.89,3.91,3.92,3.92,3.91,3.94,31.17,39.8,-30,-30,74.1,321,185,-496,480,260,0,1012,0,0,1,-1,0,1,-1,-1,-1,-1,-1,-1,0,0,0,0,0,0,0,0,0,0,0,0,0,0,0,0,
2026-04-16,08:49:42.710,7.67,100,100,99,0.053,86.04,56,0,7.77,-0.430,1.219,1.27,59,0,-135.77,9.40,10,0.00,3.92,3.95,3.89,3.91,3.92,3.92,3.91,3.94,31.21,36.8,-30,-30,73.2,324,185,-443,478,309,0,1013,0,0,1,-1,0,1,-1,-1,-1,-1,-1,-1,0,0,0,0,0,0,0,0,0,0,0,0,0,0,0,0,
2026-04-16,08:49:42.970,7.67,100,100,99,0.051,86.25,57,0,7.76,-0.420,1.165,0.92,60,0,-136.50,8.32,10,0.00,3.92,3.95,3.89,3.91,3.93,3.92,3.91,3.94,31.21,36.8,-30,-30,73.2,326,182,-482,478,248,0,1013,0,0,1,-1,0,1,-1,-1,-1,-1,-1,-1,0,0,0,0,0,0,0,0,0,0,0,0,0,0,0,0,
2026-04-16,08:49:43.230,7.68,100,100,99,0.074,86.64,56,0,7.76,-0.400,1.204,1.03,61,0,-139.96,5.33,10,0.00,3.92,3.95,3.89,3.91,3.93,3.92,3.94,3.96,31.25,36.6,-30,-30,74.1,329,183,-466,479,292,0,1013,0,0,1,-1,0,1,-1,-1,-1,-1,-1,-1,0,0,0,0,0,0,0,0,0,0,0,0,0,0,0,0,
2026-04-16,08:49:43.490,7.67,100,100,98,0.073,86.64,54,0,7.76,-0.394,1.231,1.25,59,0,-144.48,3.08,10,0.00,3.95,3.97,3.89,3.91,3.93,3.92,3.94,3.96,31.25,36.6,-30,-30,75.4,332,198,-466,443,359,0,1013,0,0,1,-1,0,1,-1,-1,-1,-1,-1,-1,0,0,0,0,0,0,0,0,0,0,0,0,0,0,0,0,
2026-04-16,08:49:43.750,7.67,100,100,98,0.059,86.95,52,0,7.76,-0.396,1.329,0.54,61,0,-151.70,-0.32,10,0.00,3.95,3.97,3.91,3.93,3.93,3.92,3.94,3.96,31.32,36.6,-30,-30,78.3,334,214,-469,419,414,0,1013,0,0,1,-1,0,1,-1,-1,-1,-1,-1,-1,0,0,0,0,0,0,0,0,0,0,0,0,0,0,0,0,
2026-04-16,08:49:44.020,7.67,100,100,98,0.067,86.74,51,0,7.76,-0.351,1.202,-0.14,63,0,-157.27,-3.15,10,0.00,3.95,3.97,3.91,3.93,3.95,3.94,3.94,3.96,31.32,36.6,-30,-30,78.9,337,259,-356,420,551,0,1013,0,0,1,-1,0,1,-1,-1,-1,-1,-1,-1,0,0,0,0,0,0,0,0,0,0,0,0,0,0,0,0,
2026-04-16,08:49:44.280,7.68,100,100,98,0.037,86.70,50,0,7.76,-0.322,1.124,-0.08,65,0,-159.17,-3.98,10,0.00,3.95,3.97,3.91,3.93,3.95,3.94,3.95,3.98,31.37,32.2,-30,-30,80.4,339,281,-361,419,562,0,1013,0,0,1,-1,0,1,-1,-1,-1,-1,-1,-1,0,0,0,0,0,0,0,0,0,0,0,0,0,0,0,0,
2026-04-16,08:49:44.540,7.68,100,100,98,0.010,86.72,49,0,7.76,-0.291,1.062,-0.01,65,0,-152.76,-4.70,10,0.00,3.95,3.97,3.91,3.93,3.95,3.94,3.95,3.98,31.37,32.2,-30,-30,82.6,342,292,-335,407,636,0,1013,0,0,1,-1,0,1,-1,-1,-1,-1,-1,-1,0,0,0,0,0,0,0,0,0,0,0,0,0,0,0,0,
2026-04-16,08:49:44.820,7.67,98,99,99,0.015,86.58,48,0,7.76,-0.290,1.000,-0.24,64,0,-148.71,-5.77,10,0.00,3.96,3.98,3.91,3.93,3.95,3.94,3.95,3.98,31.43,31.6,-30,-30,81.7,344,286,-383,405,573,0,1013,0,0,1,-1,0,1,-1,-1,-1,-1,-1,-1,0,0,0,0,0,0,0,0,0,0,0,0,0,0,0,0,
2026-04-16,08:49:45.080,7.67,97,99,99,0.031,86.57,48,0,7.74,-0.255,1.027,-0.23,59,0,-139.24,-8.21,10,0.00,3.96,3.98,3.93,3.96,3.95,3.94,3.95,3.98,31.43,31.6,-30,-30,81.7,346,225,-602,404,115,0,1013,0,0,1,-1,0,1,-1,-1,-1,-1,-1,-1,0,0,0,0,0,0,0,0,0,0,0,0,0,0,0,0,
2026-04-16,08:49:45.360,7.68,97,99,99,0.014,86.41,48,0,7.70,-0.312,1.533,-0.21,61,0,-137.31,-12.52,10,0.00,3.96,3.98,3.93,3.96,3.97,3.96,3.95,3.98,31.49,30.7,-30,-30,85.0,349,164,-640,403,40,0,1013,0,0,1,-1,0,1,-1,-1,-1,-1,-1,-1,0,0,0,0,0,0,0,0,0,0,0,0,0,0,0,0,
2026-04-16,08:49:45.630,7.68,99,99,99,-0.002,85.75,49,0,7.74,-0.409,1.793,-1.28,62,0,-136.15,-15.73,10,0.00,3.96,3.98,3.93,3.96,3.97,3.96,3.96,3.99,31.49,30.5,-30,-30,85.2,351,153,-645,402,45,0,1013,0,0,1,-1,0,1,-1,-1,-1,-1,-1,-1,0,0,0,0,0,0,0,0,0,0,0,0,0,0,0,0,
2026-04-16,08:49:45.890,7.68,100,100,99,-0.018,84.85,51,0,7.75,-0.406,1.696,-2.56,64,0,-130.80,-19.50,10,0.00,3.97,4.00,3.93,3.96,3.97,3.96,3.96,3.99,31.53,30.5,-30,-30,84.3,353,142,-562,381,131,0,1013,0,0,1,-1,0,1,-1,-1,-1,-1,-1,-1,0,0,0,0,0,0,0,0,0,0,0,0,0,0,0,0,
2026-04-16,08:49:46.170,7.68,100,100,99,0.009,84.05,52,0,7.75,-0.370,1.479,-2.64,64,0,-127.22,-21.27,10,0.00,3.97,4.00,3.94,3.97,3.97,3.96,3.96,3.99,31.57,29.4,-30,-30,83.7,356,141,-508,377,112,0,1013,0,0,1,-1,0,1,-1,-1,-1,-1,-1,-1,0,0,0,0,0,0,0,0,0,0,0,0,0,0,0,0,
2026-04-16,08:49:46.440,7.68,95,99,99,0.020,82.71,50,0,7.76,-0.354,1.419,-2.76,63,0,-123.91,-23.04,10,0.00,3.97,4.00,3.94,3.97,3.98,3.97,3.96,3.99,31.57,29.4,-30,-30,84.1,358,120,-509,377,0,0,1013,0,0,1,-1,0,1,-1,-1,-1,-1,-1,-1,0,0,0,0,0,0,0,0,0,0,0,0,0,0,0,0,
2026-04-16,08:49:46.700,7.67,95,99,99,0.033,82.13,48,0,7.76,-0.344,1.446,-2.07,60,0,-124.51,-24.27,10,0.00,3.97,4.00,3.94,3.97,3.98,3.97,3.97,4.00,31.62,29.2,-30,-30,83.3,360,79,-494,377,0,0,1013,0,0,1,-1,0,1,-1,-1,-1,-1,-1,-1,0,0,0,0,0,0,0,0,0,0,0,0,0,0,0,0,
2026-04-16,08:49:46.990,7.67,90,99,99,0.012,81.16,47,0,7.76,-0.314,1.429,-2.71,59,0,-125.37,-24.76,10,0.00,3.98,4.00,3.94,3.97,3.98,3.97,3.97,4.00,31.62,29.2,-30,-30,85.6,362,64,-494,377,0,0,1013,0,0,1,-1,0,1,-1,-1,-1,-1,-1,-1,0,0,0,0,0,0,0,0,0,0,0,0,0,0,0,0,
2026-04-16,08:49:47.250,7.68,94,100,99,0.028,80.14,49,0,7.76,-0.329,1.450,-3.32,59,0,-123.03,-25.34,10,0.00,3.98,4.00,3.95,3.98,3.98,3.97,3.97,4.00,31.65,28.9,-30,-30,85.6,365,58,-502,377,0,0,1013,0,0,1,-1,0,1,-1,-1,-1,-1,-1,-1,0,0,0,0,0,0,0,0,0,0,0,0,0,0,0,0,
2026-04-16,08:49:47.530,7.68,95,100,100,0.030,79.30,51,0,7.76,-0.312,1.400,-3.10,56,0,-125.51,-26.83,10,0.00,3.98,4.00,3.95,3.98,3.98,3.97,3.97,4.00,31.65,28.9,-30,-30,87.2,367,49,-516,373,0,0,1013,0,0,1,-1,0,1,-1,-1,-1,-1,-1,-1,0,0,0,0,0,0,0,0,0,0,0,0,0,0,0,0,
2026-04-16,08:49:47.810,7.68,99,100,100,0.030,78.39,54,0,7.76,-0.341,1.435,-3.08,55,0,-125.51,-26.83,10,0.00,3.98,4.00,3.95,3.98,3.99,3.98,3.97,4.00,31.68,28.6,-30,-30,87.2,369,43,-531,335,0,0,1012,0,0,1,-1,0,1,-1,-1,-1,-1,-1,-1,0,0,0,0,0,0,0,0,0,0,0,0,0,0,0,0,
2026-04-16,08:49:48.070,7.67,100,100,100,-0.022,77.53,57,0,7.76,-0.337,1.654,-3.03,53,0,-124.14,-29.13,10,0.00,3.98,4.00,3.95,3.98,3.99,3.98,3.98,4.01,31.68,28.6,-30,-30,89.5,371,100,-504,306,214,0,1013,0,0,1,-1,0,1,-1,-1,-1,-1,-1,-1,0,0,0,0,0,0,0,0,0,0,0,0,0,0,0,0,
2026-04-16,08:49:48.330,7.68,100,100,100,0.002,76.59,60,0,7.76,-0.298,1.433,-3.22,50,0,-117.68,-30.09,10,0.00,3.99,4.01,3.95,3.98,3.99,3.98,3.98,4.01,31.75,25.1,-30,-30,89.5,373,119,-486,294,221,0,1013,0,0,1,-1,0,1,-1,-1,-1,-1,-1,-1,0,0,0,0,0,0,0,0,0,0,0,0,0,0,0,0,
2026-04-16,08:49:48.590,7.67,100,100,100,0.003,75.98,62,0,7.76,-0.279,1.358,-2.68,49,0,-114.89,-30.03,10,0.00,3.99,4.01,3.97,3.99,3.99,3.98,3.98,4.01,31.75,25.1,-30,-30,84.6,375,104,-558,293,14,0,1013,0,0,1,-1,0,1,-1,-1,-1,-1,-1,-1,0,0,0,0,0,0,0,0,0,0,0,0,0,0,0,0,
2026-04-16,08:49:48.850,7.68,100,100,100,-0.008,75.78,63,0,7.76,-0.293,1.413,-1.58,51,0,-110.41,-29.77,10,0.00,3.99,4.01,3.97,3.99,4.00,3.99,3.98,4.01,31.81,23.9,-30,-30,84.3,376,88,-547,293,0,0,1012,0,0,1,-1,0,1,-1,-1,-1,-1,-1,-1,0,0,0,0,0,0,0,0,0,0,0,0,0,0,0,0,
2026-04-16,08:49:49.140,7.68,100,100,100,-0.013,75.72,60,0,7.76,-0.379,1.464,-0.22,51,0,-108.37,-29.52,10,0.00,3.99,4.01,3.97,3.99,4.00,3.99,4.00,4.03,31.81,24.3,-30,-30,83.3,378,36,-502,294,-2,0,1013,0,0,1,-1,0,1,-1,-1,-1,-1,-1,-1,0,0,0,0,0,0,0,0,0,0,0,0,0,0,0,0,
2026-04-16,08:49:49.410,7.68,100,100,100,0.011,75.87,58,0,7.78,-0.366,1.409,0.15,51,0,-103.78,-28.73,10,0.00,4.01,4.03,3.97,3.99,4.00,3.99,4.00,4.03,31.85,24.3,-30,-30,78.7,380,0,-334,293,-109,0,1013,0,0,1,-1,0,1,-1,-1,-1,-1,-1,-1,0,0,0,0,0,0,0,0,0,0,0,0,0,0,0,0,
2026-04-16,08:49:49.690,7.67,99,100,100,0.040,76.18,55,0,7.78,-0.271,0.987,0.65,51,0,-106.12,-28.51,10,0.00,4.01,4.03,3.98,4.01,4.00,3.99,4.00,4.03,31.87,25.4,-30,-30,76.7,382,-30,4,293,-261,0,1013,0,0,1,-1,0,1,-1,-1,-1,-1,-1,-1,0,0,0,0,0,0,0,0,0,0,0,0,0,0,0,0,
2026-04-16,08:49:49.960,7.67,97,100,100,0.050,76.81,52,0,7.77,-0.224,0.800,1.45,55,0,-113.41,-28.11,10,0.00,4.01,4.03,3.98,4.01,4.00,3.99,4.00,4.03,31.87,25.4,-30,-30,78.0,384,-53,0,295,-269,0,1013,0,0,1,-1,0,1,-1,-1,-1,-1,-1,-1,0,0,0,0,0,0,0,0,0,0,0,0,0,0,0,0,
2026-04-16,08:49:50.240,7.68,96,100,100,0.064,77.69,51,0,7.77,-0.193,0.699,2.49,56,0,-124.03,-27.96,10,0.00,4.01,4.03,3.98,4.01,4.01,4.00,4.00,4.03,31.90,25.1,-30,-30,78.7,386,-50,-104,294,-170,0,1013,0,0,1,-1,0,1,-1,-1,-1,-1,-1,-1,0,0,0,0,0,0,0,0,0,0,0,0,0,0,0,0,
2026-04-16,08:49:50.520,7.68,96,100,100,0.041,78.26,50,0,7.76,-0.194,0.679,2.32,57,0,-129.73,-28.77,10,0.00,4.01,4.03,3.98,4.01,4.01,4.00,4.00,4.03,31.90,25.1,-30,-30,78.0,388,-61,-202,294,-157,0,1013,0,0,1,-1,0,1,-1,-1,-1,-1,-1,-1,0,0,0,0,0,0,0,0,0,0,0,0,0,0,0,0,
2026-04-16,08:49:50.800,7.67,97,100,100,0.038,78.86,47,0,7.76,-0.194,0.772,1.91,56,0,-132.21,-29.29,10,0.00,4.00,4.03,3.98,4.01,4.01,4.00,4.00,4.03,31.91,25.1,-30,-30,78.0,390,-41,-175,295,0,0,1013,0,0,1,-1,0,1,-1,-1,-1,-1,-1,-1,0,0,0,0,0,0,0,0,0,0,0,0,0,0,0,0,
2026-04-16,08:49:51.070,7.68,98,100,100,0.023,78.81,47,0,7.76,-0.260,0.940,0.34,54,0,-137.58,-31.29,10,0.00,4.00,4.03,3.98,4.00,4.01,4.00,4.00,4.03,31.91,25.1,-30,-30,77.6,392,-45,-129,294,0,0,1013,0,0,1,-1,0,1,-1,-1,-1,-1,-1,-1,0,0,0,0,0,0,0,0,0,0,0,0,0,0,0,0,
2026-04-16,08:49:51.330,7.68,99,100,100,0.015,78.72,48,0,7.76,-0.308,1.027,-0.10,55,0,-147.94,-30.86,10,0.00,4.00,4.03,3.98,4.00,4.01,4.00,4.00,4.03,31.92,25.2,-30,-30,76.9,394,-44,-275,295,0,0,1013,0,0,1,-1,0,1,-1,-1,-1,-1,-1,-1,0,0,0,0,0,0,0,0,0,0,0,0,0,0,0,0,
2026-04-16,08:49:51.610,7.68,100,100,99,0.013,78.63,50,0,7.76,-0.283,1.042,-0.22,51,0,-152.64,-30.77,10,0.00,4.00,4.03,3.98,4.00,4.01,4.00,4.00,4.03,31.92,25.2,-30,-30,74.3,395,0,-425,296,80,0,1013,0,0,1,-1,0,1,-1,-1,-1,-1,-1,-1,0,0,0,0,0,0,0,0,0,0,0,0,0,0,0,0,
2026-04-16,08:49:51.880,7.67,99,99,99,0.023,78.50,51,0,7.76,-0.266,1.128,-0.31,46,0,-159.87,-32.72,10,0.00,4.00,4.03,3.98,4.00,4.01,4.00,4.00,4.03,31.93,25.7,-30,-30,81.5,397,0,-474,296,87,0,1013,0,0,1,-1,0,1,-1,-1,-1,-1,-1,-1,0,0,0,0,0,0,0,0,0,0,0,0,0,0,0,0,
2026-04-16,08:49:52.150,7.68,99,99,99,0.004,78.35,50,0,7.76,-0.321,1.227,-0.53,45,0,-161.71,-36.72,10,0.00,4.00,4.03,3.98,4.01,4.01,4.00,4.00,4.03,31.94,24.9,-30,-30,81.1,399,-23,-225,297,-81,0,1013,0,0,1,-1,0,1,-1,-1,-1,-1,-1,-1,0,0,0,0,0,0,0,0,0,0,0,0,0,0,0,0,
2026-04-16,08:49:52.430,7.67,97,99,99,0.014,78.29,47,0,7.72,-0.325,1.202,-0.26,49,0,-165.92,-44.34,10,0.00,4.00,4.03,3.98,4.01,4.01,4.00,4.00,4.03,31.94,24.9,-30,-30,79.5,401,-378,-299,405,-511,0,1013,0,0,1,-1,0,1,-1,-1,-1,-1,-1,-1,0,0,0,0,0,0,0,0,0,0,0,0,0,0,0,0,
2026-04-16,08:49:52.690,7.67,94,99,99,0.025,78.23,43,0,7.74,-0.296,1.073,-0.29,55,0,38.70,-45.09,10,0.00,4.00,4.03,3.98,4.01,4.01,4.00,4.00,4.02,31.94,31.4,-30,-30,81.5,403,-271,-526,423,-196,0,1013,0,0,1,-1,0,1,-1,-1,-1,-1,-1,-1,0,0,0,0,0,0,0,0,0,0,0,0,0,0,0,0,
2026-04-16,08:49:52.970,7.67,94,99,99,0.028,78.30,44,0,7.75,-0.416,1.287,0.00,53,0,172.39,-48.53,10,0.00,3.99,4.02,3.98,4.01,4.01,4.00,4.00,4.02,31.94,31.4,-30,-30,79.6,406,-259,-589,429,-130,0,1013,0,0,1,-1,0,1,-1,-1,-1,-1,-1,-1,0,0,0,0,0,0,0,0,0,0,0,0,0,0,0,0,
2026-04-16,08:49:53.240,7.67,96,99,99,0.038,78.31,47,0,7.76,-0.451,1.547,-0.02,54,0,154.11,-58.81,10,0.00,3.99,4.02,3.98,4.01,4.01,4.00,4.00,4.02,31.87,33.2,-30,-30,79.6,408,-267,-595,431,-131,0,1013,0,0,1,-1,0,1,-1,-1,-1,-1,-1,-1,0,0,0,0,0,0,0,0,0,0,0,0,0,0,0,0,
2026-04-16,08:49:53.530,7.68,97,99,99,0.016,78.52,45,0,7.73,-0.427,1.392,0.35,56,0,121.58,-61.96,10,0.00,3.99,4.02,3.96,3.99,4.01,4.00,4.00,4.02,31.87,33.2,-30,-30,76.7,411,-89,-603,452,113,0,1013,0,0,1,-1,0,1,-1,-1,-1,-1,-1,-1,0,0,0,0,0,0,0,0,0,0,0,0,0,0,0,0,
2026-04-16,08:49:53.810,7.67,97,99,99,0.035,78.96,44,0,7.73,-0.469,1.445,1.07,53,0,92.90,-56.52,10,0.00,3.99,4.02,3.96,3.99,3.98,3.97,4.00,4.02,31.76,34.3,-30,-30,76.7,413,0,-583,482,316,0,1013,0,0,1,-1,0,1,-1,-1,-1,-1,-1,-1,0,0,0,0,0,0,0,0,0,0,0,0,0,0,0,0,
2026-04-16,08:49:54.070,7.67,96,99,99,0.026,79.25,44,0,7.75,-0.465,1.424,1.09,53,0,82.08,-51.35,10,0.00,3.99,4.02,3.96,3.99,3.98,3.97,3.96,3.99,31.76,34.3,-30,-30,75.0,416,0,-643,483,335,0,1013,0,0,1,-1,0,1,-1,-1,-1,-1,-1,-1,0,0,0,0,0,0,0,0,0,0,0,0,0,0,0,0,
2026-04-16,08:49:54.340,7.67,96,99,99,0.013,79.58,45,0,7.75,-0.451,1.418,1.09,51,0,69.15,-39.06,10,0.00,3.97,3.99,3.96,3.99,3.98,3.97,3.96,3.99,31.68,36.9,-30,-30,76.3,419,0,-657,481,444,0,1013,0,0,1,-1,0,1,-1,-1,-1,-1,-1,-1,0,0,0,0,0,0,0,0,0,0,0,0,0,0,0,0,
2026-04-16,08:49:54.600,7.68,93,99,99,0.001,79.74,44,0,7.73,-0.476,1.498,0.87,49,0,66.11,-32.17,10,0.00,3.97,3.99,3.93,3.96,3.98,3.97,3.96,3.99,31.68,36.9,-30,-30,74.3,421,86,-661,447,558,0,1013,0,0,1,-1,0,1,-1,-1,-1,-1,-1,-1,0,0,0,0,0,0,0,0,0,0,0,0,0,0,0,0,
2026-04-16,08:49:54.860,7.68,92,99,99,0.006,79.69,45,0,7.75,-0.439,1.549,0.29,49,0,64.34,-17.52,10,0.00,3.97,3.99,3.93,3.96,3.96,3.95,3.96,3.99,31.61,36.9,-30,-30,76.9,424,99,-671,405,565,0,1013,0,0,1,-1,0,1,-1,-1,-1,-1,-1,-1,0,0,0,0,0,0,0,0,0,0,0,0,0,0,0,0,
2026-04-16,08:49:55.150,7.67,95,99,99,0.006,79.42,49,0,7.76,-0.398,1.566,-0.40,49,0,63.63,-10.05,10,0.00,3.97,3.99,3.93,3.96,3.96,3.95,3.95,3.98,31.61,31.4,-30,-30,78.9,427,195,-693,402,682,0,1013,0,0,1,-1,0,1,-1,-1,-1,-1,-1,-1,0,0,0,0,0,0,0,0,0,0,0,0,0,0,0,0,
2026-04-16,08:49:55.430,7.67,99,100,100,-0.033,78.04,51,0,7.76,-0.397,1.592,-2.19,51,0,63.31,4.34,10,0.00,3.96,3.98,3.93,3.96,3.96,3.95,3.95,3.98,31.61,31.4,-30,-30,84.6,429,295,-726,403,704,0,1013,0,0,1,-1,0,1,-1,-1,-1,-1,-1,-1,0,0,0,0,0,0,0,0,0,0,0,0,0,0,0,0,
2026-04-16,08:49:55.690,7.67,100,100,100,-0.062,76.69,52,0,7.74,-0.403,1.669,-3.54,50,0,66.30,16.15,10,0.00,3.96,3.98,3.94,3.96,3.96,3.95,3.95,3.98,31.60,31.2,-30,-30,84.5,432,421,-728,404,817,0,1013,0,0,1,-1,0,1,-1,-1,-1,-1,-1,-1,0,0,0,0,0,0,0,0,0,0,0,0,0,0,0,0,
2026-04-16,08:49:55.960,7.68,94,100,100,-0.059,75.09,47,0,7.75,-0.398,1.629,-4.76,45,0,74.77,20.52,10,0.00,3.96,3.98,3.94,3.96,3.96,3.95,3.95,3.98,31.60,31.2,-30,-30,85.9,434,420,-726,405,741,0,1013,0,0,1,-1,0,1,-1,-1,-1,-1,-1,-1,0,0,0,0,0,0,0,0,0,0,0,0,0,0,0,0,
2026-04-16,08:49:56.230,7.67,89,99,99,-0.068,73.15,43,0,7.76,-0.413,1.832,-5.89,41,0,93.40,24.96,10,0.00,3.96,3.98,3.94,3.96,3.97,3.96,3.95,3.98,31.61,30.8,-30,-30,87.8,436,343,-623,404,346,0,1013,0,0,1,-1,0,1,-1,-1,-1,-1,-1,-1,0,0,0,0,0,0,0,0,0,0,0,0,0,0,0,0,
2026-04-16,08:49:56.490,7.67,86,94,94,-0.045,71.17,41,0,7.74,-0.390,1.851,-6.56,39,0,103.04,24.94,10,0.00,3.96,3.98,3.94,3.96,3.97,3.96,3.96,3.99,31.61,30.8,-30,-30,87.8,438,257,-596,402,0,0,1013,0,0,1,-1,0,1,-1,-1,-1,-1,-1,-1,0,0,0,0,0,0,0,0,0,0,0,0,0,0,0,0,
2026-04-16,08:49:56.770,7.68,91,93,93,-0.070,69.25,41,0,7.75,-0.390,1.932,-6.62,36,0,110.45,22.80,10,0.00,3.96,3.98,3.94,3.96,3.97,3.96,3.96,3.99,31.61,30.0,-30,-30,91.7,441,254,-606,402,154,0,1012,0,0,1,-1,0,1,-1,-1,-1,-1,-1,-1,0,0,0,0,0,0,0,0,0,0,0,0,0,0,0,0,
2026-04-16,08:49:57.030,7.67,95,95,92,-0.121,67.44,41,0,7.76,-0.352,1.772,-6.54,36,0,119.06,19.04,10,0.00,3.96,3.98,3.95,3.97,3.97,3.96,3.96,3.99,31.61,30.0,-30,-30,93.7,443,268,-519,403,50,0,1013,0,0,1,-1,0,1,-1,-1,-1,-1,-1,-1,0,0,0,0,0,0,0,0,0,0,0,0,0,0,0,0,
2026-04-16,08:49:57.310,7.67,99,99,92,-0.053,66.15,41,0,7.76,-0.305,1.487,-5.48,36,0,127.14,16.85,10,0.00,3.96,3.98,3.95,3.97,3.98,3.97,3.96,3.99,31.63,29.7,-30,-30,93.7,445,237,-146,347,-25,0,1013,0,0,1,-1,0,1,-1,-1,-1,-1,-1,-1,0,0,0,0,0,0,0,0,0,0,0,0,0,0,0,0,
2026-04-16,08:49:57.570,7.68,98,98,91,-0.067,64.96,41,0,7.76,-0.220,1.240,-4.57,39,0,133.78,15.37,10,0.00,3.96,3.98,3.95,3.97,3.98,3.97,3.97,4.00,31.63,29.7,-30,-30,94.1,447,152,-38,299,-201,0,1013,0,0,1,-1,0,1,-1,-1,-1,-1,-1,-1,0,0,0,0,0,0,0,0,0,0,0,0,0,0,0,0,
2026-04-16,08:49:57.840,7.68,99,99,91,-0.134,63.58,41,0,7.76,-0.101,0.890,-2.67,41,0,138.09,14.50,10,0.00,3.98,4.00,3.95,3.97,3.98,3.97,3.97,4.00,31.70,24.2,-30,-30,96.3,449,138,-67,293,-169,0,1013,0,0,1,-1,0,1,-1,-1,-1,-1,-1,-1,0,0,0,0,0,0,0,0,0,0,0,0,0,0,0,0,
2026-04-16,08:49:58.100,7.67,97,97,90,-0.120,63.53,41,0,7.76,-0.117,0.988,-1.11,38,0,143.44,12.06,10,0.00,3.98,4.00,3.96,3.99,3.98,3.97,3.97,4.00,31.70,24.2,-30,-30,98.7,451,133,-71,293,-263,0,1013,0,0,1,-1,0,1,-1,-1,-1,-1,-1,-1,0,0,0,0,0,0,0,0,0,0,0,0,0,0,0,0,
2026-04-16,08:49:58.360,7.68,97,97,89,-0.164,63.15,40,0,7.76,-0.080,0.747,-1.06,38,0,152.63,8.28,10,0.00,3.98,4.00,3.96,3.99,3.98,3.97,3.97,4.00,31.78,21.8,-30,-30,100.6,453,0,-95,293,-410,0,1013,0,0,1,-1,0,1,-1,-1,-1,-1,-1,-1,0,0,0,0,0,0,0,0,0,0,0,0,0,0,0,0,
2026-04-16,08:49:58.640,7.67,92,92,89,-0.116,62.79,39,0,7.76,-0.109,0.899,-1.13,38,0,155.05,6.94,10,0.00,3.98,4.00,3.96,3.99,4.00,3.99,3.97,4.00,31.78,21.4,-30,-30,98.9,454,-50,-181,293,-492,0,1013,0,0,1,-1,0,1,-1,-1,-1,-1,-1,-1,0,0,0,0,0,0,0,0,0,0,0,0,0,0,0,0,
2026-04-16,08:49:58.910,7.67,86,89,89,-0.103,62.09,37,0,7.76,-0.124,1.105,-1.87,37,0,157.82,2.97,10,0.00,3.98,4.00,3.96,3.99,4.00,3.99,4.00,4.02,31.84,21.4,-30,-30,98.9,456,-105,-187,293,-549,0,1013,0,0,1,-1,0,1,-1,-1,-1,-1,-1,-1,0,0,0,0,0,0,0,0,0,0,0,0,0,0,0,0,
2026-04-16,08:49:59.170,7.67,77,89,89,-0.056,61.30,36,0,7.76,-0.130,1.083,-2.39,37,0,154.14,-0.96,10,0.00,4.01,4.03,3.96,3.99,4.00,3.99,4.00,4.02,31.89,21.8,-30,-30,98.3,457,-85,-187,293,-462,0,1013,0,0,1,-1,0,1,-1,-1,-1,-1,-1,-1,0,0,0,0,0,0,0,0,0,0,0,0,0,0,0,0,
2026-04-16,08:49:59.430,7.67,72,88,88,-0.044,60.41,35,0,7.76,-0.164,1.206,-2.80,39,0,150.81,-2.23,10,0.00,4.01,4.03,3.98,4.01,4.00,3.99,4.00,4.02,31.89,21.8,-30,-30,97.8,459,-54,-199,293,-278,0,1013,0,0,1,-1,0,1,-1,-1,-1,-1,-1,-1,0,0,0,0,0,0,0,0,0,0,0,0,0,0,0,0,
2026-04-16,08:49:59.710,7.67,73,88,88,-0.033,59.60,35,0,7.76,-0.124,1.045,-2.93,41,0,143.71,-3.57,10,0.00,4.01,4.03,3.98,4.01,4.02,4.00,4.00,4.02,31.92,21.8,-30,-30,97.0,461,-29,-195,293,-82,0,1013,0,0,1,-1,0,1,-1,-1,-1,-1,-1,-1,0,0,0,0,0,0,0,0,0,0,0,0,0,0,0,0,
2026-04-16,08:49:59.990,7.68,79,88,88,-0.052,59.32,37,0,7.76,-0.157,1.198,-1.87,41,0,143.80,-5.91,10,0.00,4.01,4.03,3.98,4.01,4.02,4.00,4.00,4.03,31.92,21.8,-30,-30,96.9,462,118,-199,295,206,0,1013,0,0,1,-1,0,1,-1,-1,-1,-1,-1,-1,0,0,0,0,0,0,0,0,0,0,0,0,0,0,0,0,
2026-04-16,08:50:00.250,7.68,85,89,89,-0.051,58.67,40,0,7.76,-0.151,1.093,-1.83,45,0,146.26,-6.55,10,0.00,4.01,4.03,3.98,4.01,4.02,4.00,4.00,4.03,31.95,22.1,-30,-30,96.3,464,244,-102,294,331,0,1013,0,0,1,-1,0,1,-1,-1,-1,-1,-1,-1,0,0,0,0,0,0,0,0,0,0,0,0,0,0,0,0,
2026-04-16,08:50:00.520,7.68,91,95,95,-0.081,57.63,45,0,7.76,-0.130,0.985,-1.77,50,0,156.96,-8.22,10,0.00,4.01,4.03,3.99,4.01,4.02,4.00,4.00,4.03,31.95,22.1,-30,-30,96.5,466,259,-144,295,329,0,1012,0,0,1,-1,0,1,-1,-1,-1,-1,-1,-1,0,0,0,0,0,0,0,0,0,0,0,0,0,0,0,0,
2026-04-16,08:50:00.800,7.67,94,95,95,-0.070,56.91,47,0,7.76,-0.159,1.042,-1.77,53,0,164.16,-9.00,10,0.00,4.01,4.03,3.99,4.01,4.02,4.00,4.00,4.03,31.96,22.5,-30,-30,94.5,467,263,-169,295,324,0,1013,0,0,1,-1,0,1,-1,-1,-1,-1,-1,-1,0,0,0,0,0,0,0,0,0,0,0,0,0,0,0,0,
2026-04-16,08:50:01.080,7.68,97,97,96,-0.075,56.20,48,0,7.76,-0.164,1.096,-2.40,57,0,176.76,-10.79,10,0.00,4.01,4.03,3.99,4.01,4.02,4.00,4.00,4.03,31.96,22.5,-30,-30,98.2,469,171,-117,294,0,0,1013,0,0,1,-1,0,1,-1,-1,-1,-1,-1,-1,0,0,0,0,0,0,0,0,0,0,0,0,0,0,0,0,
2026-04-16,08:50:01.350,7.67,99,99,96,-0.073,55.50,47,0,7.76,-0.106,0.750,-2.38,62,0,-174.60,-12.38,10,0.00,4.01,4.03,3.99,4.01,4.02,4.00,4.00,4.03,31.98,22.5,-30,-30,93.7,471,36,-5,292,-18,0,1012,0,0,1,-1,0,1,-1,-1,-1,-1,-1,-1,0,0,0,0,0,0,0,0,0,0,0,0,0,0,0,0,
2026-04-16,08:50:01.610,7.67,97,97,96,-0.075,54.96,45,0,7.76,-0.101,0.961,-2.18,64,0,-172.43,-12.75,10,0.00,4.01,4.03,3.99,4.01,4.02,4.00,4.00,4.03,31.98,21.9,-30,-30,93.7,472,53,-57,294,0,0,1013,0,0,1,-1,0,1,-1,-1,-1,-1,-1,-1,0,0,0,0,0,0,0,0,0,0,0,0,0,0,0,0,
2026-04-16,08:50:01.890,7.68,97,97,96,-0.038,54.54,49,0,7.76,-0.084,0.943,-1.74,66,0,-166.66,-13.05,10,0.00,4.01,4.03,3.99,4.01,4.02,4.00,4.00,4.03,32.00,21.9,-30,-30,98.2,474,0,-142,295,-177,0,1013,0,0,1,-1,0,1,-1,-1,-1,-1,-1,-1,0,0,0,0,0,0,0,0,0,0,0,0,0,0,0,0,
2026-04-16,08:50:02.170,7.67,97,98,98,0.000,53.86,54,0,7.74,-0.118,1.036,-1.97,67,0,-169.15,-15.19,10,0.00,4.01,4.03,3.99,4.01,4.02,4.00,4.00,4.03,32.01,21.8,-30,-30,98.7,476,-39,-161,298,-307,0,1013,0,0,1,-1,0,1,-1,-1,-1,-1,-1,-1,0,0,0,0,0,0,0,0,0,0,0,0,0,0,0,0,
2026-04-16,08:50:02.450,7.67,98,98,98,-0.015,53.32,54,0,7.75,-0.141,1.080,-2.00,66,0,-173.16,-16.41,10,0.00,4.01,4.03,3.99,4.01,4.02,4.00,4.01,4.03,32.01,21.8,-30,-30,96.9,478,-39,-78,296,-18,0,1013,0,0,1,-1,0,1,-1,-1,-1,-1,-1,-1,0,0,0,0,0,0,0,0,0,0,0,0,0,0,0,0,
2026-04-16,08:50:02.730,7.67,98,98,98,-0.021,52.16,56,0,7.74,-0.093,0.900,-2.04,64,0,-178.07,-17.98,10,0.00,4.01,4.04,3.99,4.01,4.02,4.00,4.01,4.03,32.03,22.0,-30,-30,96.5,479,-31,-94,297,-1,0,1013,0,0,1,-1,0,1,-1,-1,-1,-1,-1,-1,0,0,0,0,0,0,0,0,0,0,0,0,0,0,0,0,
2026-04-16,08:50:03.010,7.67,98,98,98,-0.018,51.49,57,0,7.75,-0.106,0.890,-2.20,67,0,-177.97,-18.10,10,0.00,4.01,4.04,3.99,4.02,4.02,4.00,4.01,4.03,32.03,22.0,-30,-30,98.2,481,-33,-114,319,0,0,1013,0,0,1,-1,0,1,-1,-1,-1,-1,-1,-1,0,0,0,0,0,0,0,0,0,0,0,0,0,0,0,0,
2026-04-16,08:50:03.290,7.68,99,99,98,-0.043,50.78,58,0,7.76,-0.104,0.963,-2.38,74,0,-177.64,-18.79,10,0.00,4.01,4.04,3.99,4.02,4.02,4.01,4.01,4.03,32.02,22.6,-30,-30,98.5,483,-32,-149,321,0,0,1013,0,0,1,-1,0,1,-1,-1,-1,-1,-1,-1,0,0,0,0,0,0,0,0,0,0,0,0,0,0,0,0,
2026-04-16,08:50:03.570,7.67,99,99,99,0.031,50.10,61,0,7.76,-0.084,0.933,-2.38,76,0,-177.99,-20.01,10,0.00,4.01,4.04,3.99,4.02,4.02,4.01,4.01,4.04,32.02,22.6,-30,-30,99.8,484,-32,-260,321,0,0,1013,0,0,1,-1,0,1,-1,-1,-1,-1,-1,-1,0,0,0,0,0,0,0,0,0,0,0,0,0,0,0,0,
2026-04-16,08:50:03.830,7.67,100,100,99,-0.030,49.46,63,0,7.76,-0.169,1.500,-2.30,73,0,-178.12,-24.29,10,0.00,4.01,4.03,3.99,4.02,4.02,4.01,4.01,4.04,32.02,22.7,-30,-30,103.2,486,-31,-339,322,43,0,1013,0,0,1,-1,0,1,-1,-1,-1,-1,-1,-1,0,0,0,0,0,0,0,0,0,0,0,0,0,0,0,0,
2026-04-16,08:50:04.090,7.68,100,100,99,-0.036,48.62,67,0,7.76,-0.187,1.567,-2.37,79,0,-134.73,-27.46,10,0.00,4.01,4.03,3.99,4.01,4.02,4.01,4.01,4.04,32.02,22.7,-30,-30,103.0,488,-28,-173,321,1,0,1013,0,0,1,-1,0,1,-1,-1,-1,-1,-1,-1,0,0,0,0,0,0,0,0,0,0,0,0,0,0,0,0,
2026-04-16,08:50:04.350,7.67,100,100,99,-0.029,47.48,69,0,7.76,-0.151,1.270,-3.59,77,0,179.28,-31.19,10,0.00,4.01,4.03,3.99,4.01,4.02,4.00,4.01,4.04,32.03,22.1,-30,-30,100.7,489,-18,-220,322,0,0,1013,0,0,1,-1,0,1,-1,-1,-1,-1,-1,-1,0,0,0,0,0,0,0,0,0,0,0,0,0,0,0,0,
2026-04-16,08:50:04.620,7.67,100,100,99,-0.008,47.40,69,0,7.76,-0.151,1.148,-1.84,73,0,179.80,-32.95,10,0.00,4.01,4.03,3.99,4.01,4.02,4.00,4.01,4.04,32.03,22.1,-30,-30,100.7,491,0,-232,332,78,0,1013,0,0,1,-1,0,1,-1,-1,-1,-1,-1,-1,0,0,0,0,0,0,0,0,0,0,0,0,0,0,0,0,
2026-04-16,08:50:04.880,7.67,100,100,99,-0.015,47.55,69,0,7.76,-0.190,1.273,-0.50,79,0,179.31,-37.80,10,0.00,4.01,4.03,3.99,4.01,4.02,4.00,4.00,4.03,32.02,23.2,-30,-30,99.1,493,0,-245,376,48,0,1013,0,0,1,-1,0,1,-1,-1,-1,-1,-1,-1,0,0,0,0,0,0,0,0,0,0,0,0,0,0,0,0,
2026-04-16,08:50:05.160,7.67,100,100,99,0.022,47.54,69,0,7.76,-0.163,1.037,-0.07,77,0,-116.29,-42.01,10,0.00,4.01,4.03,3.99,4.01,4.02,4.00,4.00,4.03,31.97,27.1,-30,-30,97.2,495,0,-161,383,207,0,1013,0,0,1,-1,0,1,-1,-1,-1,-1,-1,-1,0,0,0,0,0,0,0,0,0,0,0,0,0,0,0,0,
2026-04-16,08:50:05.440,7.67,99,100,100,0.031,48.06,69,0,7.76,-0.188,1.045,0.87,76,0,-178.23,-43.15,10,0.00,4.01,4.03,3.98,4.01,4.02,4.00,4.00,4.03,31.97,27.1,-30,-30,94.3,497,-8,-160,388,288,0,1013,0,0,1,-1,0,1,-1,-1,-1,-1,-1,-1,0,0,0,0,0,0,0,0,0,0,0,0,0,0,0,0,
2026-04-16,08:50:05.710,7.67,98,100,100,0.025,48.53,67,0,7.76,-0.192,1.024,1.49,74,0,-175.76,-40.90,10,0.00,4.01,4.03,3.98,4.01,4.00,3.99,4.00,4.03,31.92,28.5,-30,-30,94.6,499,0,-74,403,364,0,1013,0,0,1,-1,0,1,-1,-1,-1,-1,-1,-1,0,0,0,0,0,0,0,0,0,0,0,0,0,0,0,0,
2026-04-16,08:50:05.990,7.67,98,100,100,0.054,48.88,62,0,7.76,-0.204,1.020,1.32,62,0,-170.72,-38.15,10,0.00,4.01,4.03,3.98,4.01,4.00,3.99,3.99,4.01,31.92,28.5,-30,-30,92.0,501,0,-86,404,374,0,1013,0,0,1,-1,0,1,-1,-1,-1,-1,-1,-1,0,0,0,0,0,0,0,0,0,0,0,0,0,0,0,0,
2026-04-16,08:50:06.260,7.67,98,100,100,0.051,49.40,61,0,7.76,-0.161,0.854,1.58,61,0,-169.47,-36.17,10,0.00,3.99,4.01,3.98,4.01,4.00,3.99,3.99,4.01,31.87,29.4,-30,-30,93.3,503,0,-172,404,125,0,1013,0,0,1,-1,0,1,-1,-1,-1,-1,-1,-1,0,0,0,0,0,0,0,0,0,0,0,0,0,0,0,0,
2026-04-16,08:50:06.520,7.67,98,100,100,0.049,49.84,59,0,7.76,-0.222,1.067,1.61,61,0,-167.77,-35.81,10,0.00,3.99,4.01,3.96,3.99,4.00,3.99,3.99,4.01,31.87,29.4,-30,-30,91.3,505,0,-178,404,0,0,1013,0,0,1,-1,0,1,-1,-1,-1,-1,-1,-1,0,0,0,0,0,0,0,0,0,0,0,0,0,0,0,0,
2026-04-16,08:50:06.790,7.68,98,100,100,0.058,50.19,58,0,7.76,-0.193,0.925,1.38,62,0,-170.16,-35.52,10,0.00,3.99,4.01,3.96,3.99,3.99,3.98,3.99,4.01,31.83,29.7,-30,-30,90.4,507,0,-148,405,195,0,1013,0,0,1,-1,0,1,-1,-1,-1,-1,-1,-1,0,0,0,0,0,0,0,0,0,0,0,0,0,0,0,0,
2026-04-16,08:50:07.050,7.68,98,100,100,0.038,51.20,57,0,7.76,-0.224,0.954,1.52,63,0,-173.08,-36.63,10,0.00,3.99,4.01,3.96,3.99,3.99,3.98,3.99,4.01,31.83,29.7,-30,-30,89.1,510,22,-128,406,365,0,1013,0,0,1,-1,0,1,-1,-1,-1,-1,-1,-1,0,0,0,0,0,0,0,0,0,0,0,0,0,0,0,0,
2026-04-16,08:50:07.310,7.67,99,100,100,0.081,51.63,56,0,7.76,-0.219,0.941,1.58,63,0,-169.44,-34.46,10,0.00,3.99,4.01,3.96,3.99,3.99,3.98,3.97,4.00,31.79,30.3,-30,-30,88.3,512,36,-172,425,138,0,1013,0,0,1,-1,0,1,-1,-1,-1,-1,-1,-1,0,0,0,0,0,0,0,0,0,0,0,0,0,0,0,0,
2026-04-16,08:50:07.570,7.67,99,100,100,0.064,52.05,55,0,7.76,-0.229,1.055,1.55,62,0,-169.40,-33.87,10,0.00,3.97,4.00,3.96,3.99,3.99,3.98,3.97,4.00,31.79,30.3,-30,-30,88.3,514,30,-193,426,54,0,1013,0,0,1,-1,0,1,-1,-1,-1,-1,-1,-1,0,0,0,0,0,0,0,0,0,0,0,0,0,0,0,0,
2026-04-16,08:50:07.830,7.67,99,100,100,0.069,52.28,54,0,7.76,-0.251,0.989,1.12,63,0,-175.35,-34.64,10,0.00,3.97,4.00,3.95,3.97,3.99,3.98,3.97,4.00,31.74,31.3,-30,-30,89.5,516,31,-183,427,244,0,1013,0,0,1,-1,0,1,-1,-1,-1,-1,-1,-1,0,0,0,0,0,0,0,0,0,0,0,0,0,0,0,0,
2026-04-16,08:50:08.110,7.67,98,100,100,0.053,52.77,54,0,7.78,-0.264,0.989,1.36,63,0,-177.08,-33.93,10,0.00,3.97,4.00,3.95,3.97,3.97,3.97,3.97,4.00,31.74,31.3,-30,-30,89.6,519,78,-141,427,355,0,1013,0,0,1,-1,0,1,-1,-1,-1,-1,-1,-1,0,0,0,0,0,0,0,0,0,0,0,0,0,0,0,0,
2026-04-16,08:50:08.370,7.67,98,100,100,-0.018,52.99,55,0,7.75,-0.206,0.899,1.12,61,0,-170.80,-33.52,10,0.00,3.97,4.00,3.95,3.97,3.97,3.97,3.96,3.99,31.70,31.3,-30,-30,92.0,521,124,-153,426,394,0,1012,0,0,1,-1,0,1,-1,-1,-1,-1,-1,-1,0,0,0,0,0,0,0,0,0,0,0,0,0,0,0,0,
2026-04-16,08:50:08.650,7.68,97,100,100,0.023,53.15,55,0,7.76,-0.250,1.078,0.72,52,0,-156.56,-34.47,10,0.00,3.97,3.98,3.95,3.97,3.97,3.97,3.96,3.99,31.66,31.2,-30,-30,90.0,523,100,-229,426,40,0,1013,0,0,1,-1,0,1,-1,-1,-1,-1,-1,-1,0,0,0,0,0,0,0,0,0,0,0,0,0,0,0,0,
2026-04-16,08:50:08.930,7.68,99,100,100,0.047,53.66,53,0,7.76,-0.258,1.071,1.22,45,0,-154.26,-34.26,10,0.00,3.97,3.98,3.94,3.96,3.97,3.97,3.96,3.99,31.66,31.2,-30,-30,88.3,526,-3,-227,425,-84,0,1013,0,0,1,-1,0,1,-1,-1,-1,-1,-1,-1,0,0,0,0,0,0,0,0,0,0,0,0,0,0,0,0,
2026-04-16,08:50:09.190,7.67,98,100,100,0.038,54.23,51,0,7.76,-0.270,1.052,1.71,45,0,-161.36,-34.66,10,0.00,3.97,3.98,3.94,3.96,3.97,3.96,3.96,3.99,31.63,31.6,-30,-30,85.6,528,-31,-228,427,-61,0,1013,0,0,1,-1,0,1,-1,-1,-1,-1,-1,-1,0,0,0,0,0,0,0,0,0,0,0,0,0,0,0,0,
2026-04-16,08:50:09.460,7.67,99,100,100,0.045,54.78,50,0,7.78,-0.261,0.964,1.91,48,0,-168.87,-35.65,10,0.00,3.97,3.98,3.94,3.96,3.97,3.96,3.96,3.99,31.63,31.6,-30,-30,84.5,530,0,-158,426,0,0,1013,0,0,1,-1,0,1,-1,-1,-1,-1,-1,-1,0,0,0,0,0,0,0,0,0,0,0,0,0,0,0,0,
2026-04-16,08:50:09.730,7.67,99,100,100,0.034,55.82,49,0,7.77,-0.272,0.985,1.84,52,0,-171.95,-35.17,10,0.00,3.97,3.98,3.94,3.96,3.97,3.96,3.95,3.98,31.59,31.9,-30,-30,84.6,533,0,-129,426,0,0,1013,0,0,1,-1,0,1,-1,-1,-1,-1,-1,-1,0,0,0,0,0,0,0,0,0,0,0,0,0,0,0,0,
2026-04-16,08:50:10.020,7.67,100,100,100,0.052,56.29,48,0,7.76,-0.241,0.927,1.70,55,0,-175.22,-34.41,10,0.00,3.96,3.98,3.94,3.96,3.97,3.96,3.95,3.98,31.59,31.9,-30,-30,85.4,535,0,-148,426,0,0,1013,0,0,1,-1,0,1,-1,-1,-1,-1,-1,-1,0,0,0,0,0,0,0,0,0,0,0,0,0,0,0,0,
2026-04-16,08:50:10.280,7.67,99,100,100,0.046,56.68,49,0,7.76,-0.245,0.929,1.52,54,0,-177.00,-34.58,10,0.00,3.96,3.98,3.93,3.96,3.97,3.96,3.95,3.98,31.57,31.8,-30,-30,85.4,538,0,-233,426,0,0,1013,0,0,1,-1,0,1,-1,-1,-1,-1,-1,-1,0,0,0,0,0,0,0,0,0,0,0,0,0,0,0,0,
2026-04-16,08:50:10.540,7.68,97,100,100,0.024,57.15,49,0,7.79,-0.252,0.978,1.53,56,0,168.26,-34.75,10,0.00,3.96,3.98,3.93,3.96,3.96,3.95,3.95,3.98,31.57,31.8,-30,-30,86.5,540,0,-153,425,51,0,1013,0,0,1,-1,0,1,-1,-1,-1,-1,-1,-1,0,0,0,0,0,0,0,0,0,0,0,0,0,0,0,0,
2026-04-16,08:50:10.800,7.67,97,100,100,0.000,57.50,49,0,7.78,-0.267,1.067,1.48,54,0,178.19,-35.86,10,0.00,3.96,3.98,3.93,3.96,3.96,3.95,3.94,3.98,31.54,31.6,-30,-30,88.2,542,0,-177,425,190,0,1013,0,0,1,-1,0,1,-1,-1,-1,-1,-1,-1,0,0,0,0,0,0,0,0,0,0,0,0,0,0,0,0,
2026-04-16,08:50:11.060,7.68,95,100,100,0.012,57.57,49,0,7.77,-0.230,0.870,0.66,52,0,178.23,-36.12,10,0.00,3.95,3.98,3.93,3.96,3.96,3.95,3.94,3.98,31.54,31.6,-30,-30,86.5,544,0,-219,426,93,0,1013,0,0,1,-1,0,1,-1,-1,-1,-1,-1,-1,0,0,0,0,0,0,0,0,0,0,0,0,0,0,0,0,
2026-04-16,08:50:11.320,7.67,91,100,100,0.037,58.01,48,0,7.76,-0.249,1.002,1.07,48,0,178.69,-35.99,10,0.00,3.95,3.98,3.93,3.95,3.96,3.95,3.94,3.98,31.52,31.7,-30,-30,87.2,547,0,-232,426,25,0,1013,0,0,1,-1,0,1,-1,-1,-1,-1,-1,-1,0,0,0,0,0,0,0,0,0,0,0,0,0,0,0,0,
2026-04-16,08:50:11.600,7.67,89,100,100,0.032,58.57,47,0,7.76,-0.269,1.062,1.60,46,0,176.06,-36.33,10,0.00,3.95,3.98,3.93,3.95,3.96,3.94,3.94,3.98,31.52,31.7,-30,-30,86.3,549,0,-218,426,14,0,1013,0,0,1,-1,0,1,-1,-1,-1,-1,-1,-1,0,0,0,0,0,0,0,0,0,0,0,0,0,0,0,0,
2026-04-16,08:50:11.860,7.68,91,100,100,0.043,59.27,47,0,7.76,-0.278,1.057,2.08,45,0,170.80,-37.92,10,0.00,3.95,3.98,3.93,3.95,3.96,3.94,3.94,3.98,31.50,31.6,-30,-30,84.1,551,0,-130,425,183,0,1013,0,0,1,-1,0,1,-1,-1,-1,-1,-1,-1,0,0,0,0,0,0,0,0,0,0,0,0,0,0,0,0,
2026-04-16,08:50:12.120,7.67,94,100,100,0.039,59.27,47,0,7.74,-0.260,0.937,2.15,42,0,168.96,-36.16,10,0.00,3.95,3.98,3.93,3.95,3.96,3.94,3.94,3.97,31.50,31.6,-30,-30,84.1,554,-251,-379,497,-385,0,1013,0,0,1,-1,0,1,-1,-1,-1,-1,-1,-1,0,0,0,0,0,0,0,0,0,0,0,0,0,0,0,0,
2026-04-16,08:50:12.380,7.67,96,100,100,0.021,61.04,47,0,7.73,-0.317,1.159,2.07,44,0,168.07,-36.15,10,0.00,3.95,3.97,3.93,3.95,3.96,3.94,3.94,3.97,31.45,31.7,-30,-30,84.3,556,-323,-482,552,-315,0,1013,0,0,1,-1,0,1,-1,-1,-1,-1,-1,-1,0,0,0,0,0,0,0,0,0,0,0,0,0,0,0,0,
2026-04-16,08:50:12.650,7.67,98,100,100,0.031,61.34,47,0,7.75,-0.414,1.447,1.56,42,0,155.30,-44.90,10,0.00,3.95,3.97,3.92,3.94,3.96,3.94,3.94,3.97,31.34,41.4,-30,-30,85.6,559,-269,-512,592,-187,0,1012,0,0,1,-1,0,1,-1,-1,-1,-1,-1,-1,0,0,0,0,0,0,0,0,0,0,0,0,0,0,0,0,
2026-04-16,08:50:12.910,7.67,99,100,100,0.043,61.57,47,0,7.75,-0.474,1.508,1.07,42,0,146.49,-49.18,10,0.00,3.95,3.97,3.92,3.94,3.94,3.93,3.94,3.97,31.34,41.4,-30,-30,82.4,562,-262,-472,597,-206,0,1013,0,0,1,-1,0,1,-1,-1,-1,-1,-1,-1,0,0,0,0,0,0,0,0,0,0,0,0,0,0,0,0,
2026-04-16,08:50:13.170,7.67,97,100,100,0.027,62.15,47,0,7.76,-0.475,1.367,1.41,39,0,124.54,-51.74,10,0.00,3.95,3.97,3.92,3.94,3.94,3.93,3.91,3.94,31.22,45.0,-30,-30,79.3,565,-171,-393,596,0,0,1013,0,0,1,-1,0,1,-1,-1,-1,-1,-1,-1,0,0,0,0,0,0,0,0,0,0,0,0,0,0,0,0,
2026-04-16,08:50:13.430,7.67,96,100,100,0.018,63.15,47,0,7.76,-0.441,1.325,2.60,42,0,114.77,-50.55,10,0.00,3.91,3.93,3.92,3.94,3.94,3.93,3.91,3.94,31.22,45.0,-30,-30,79.6,568,-135,-390,596,105,0,1013,0,0,1,-1,0,1,-1,-1,-1,-1,-1,-1,0,0,0,0,0,0,0,0,0,0,0,0,0,0,0,0,
2026-04-16,08:50:13.700,7.67,88,100,100,0.047,64.34,47,0,7.76,-0.428,1.203,3.49,44,0,100.98,-44.89,10,0.00,3.91,3.93,3.87,3.89,3.94,3.93,3.91,3.94,31.13,44.5,-30,-30,78.7,571,-109,-423,595,316,0,1013,0,0,1,-1,0,1,-1,-1,-1,-1,-1,-1,0,0,0,0,0,0,0,0,0,0,0,0,0,0,0,0,
2026-04-16,08:50:13.980,7.67,89,100,100,0.047,65.72,47,0,7.74,-0.437,1.213,4.30,44,0,88.02,-36.79,10,0.00,3.91,3.93,3.87,3.89,3.90,3.89,3.91,3.94,31.13,44.5,-30,-30,77.6,575,72,-414,596,677,0,1012,0,0,1,-1,0,1,-1,-1,-1,-1,-1,-1,0,0,0,0,0,0,0,0,0,0,0,0,0,0,0,0,
2026-04-16,08:50:14.240,7.67,86,100,100,0.047,67.06,47,0,7.75,-0.415,1.124,4.54,45,0,85.31,-32.40,10,0.00,3.91,3.93,3.87,3.89,3.90,3.89,3.91,3.94,31.05,44.5,-30,-30,79.6,578,240,-426,596,789,0,1013,0,0,1,-1,0,1,-1,-1,-1,-1,-1,-1,0,0,0,0,0,0,0,0,0,0,0,0,0,0,0,0,
2026-04-16,08:50:14.510,7.67,92,100,100,0.041,68.24,46,0,7.74,-0.396,1.094,4.40,46,0,87.47,-24.71,10,0.00,3.91,3.93,3.87,3.89,3.90,3.89,3.88,3.91,31.05,44.5,-30,-30,79.6,581,117,-482,597,652,0,1013,0,0,1,-1,0,1,-1,-1,-1,-1,-1,-1,0,0,0,0,0,0,0,0,0,0,0,0,0,0,0,0,
2026-04-16,08:50:14.780,7.67,86,98,98,0.002,68.98,45,0,7.73,-0.340,0.990,3.39,41,0,92.06,-19.60,10,0.00,3.88,3.91,3.87,3.89,3.90,3.89,3.88,3.91,30.99,44.5,-30,-30,80.7,585,-25,-599,591,518,0,1013,0,0,1,-1,0,1,-1,-1,-1,-1,-1,-1,0,0,0,0,0,0,0,0,0,0,0,0,0,0,0,0,
2026-04-16,08:50:15.050,7.67,85,98,98,-0.061,69.57,45,0,7.75,-0.422,1.436,2.41,41,0,96.69,-18.61,10,0.00,3.88,3.91,3.86,3.88,3.90,3.89,3.88,3.91,30.99,44.5,-30,-30,82.0,588,-45,-631,588,497,0,1013,0,0,1,-1,0,1,-1,-1,-1,-1,-1,-1,0,0,0,0,0,0,0,0,0,0,0,0,0,0,0,0,
2026-04-16,08:50:15.310,7.67,81,96,96,0.057,69.20,44,0,7.75,-0.538,1.699,-0.23,38,0,106.62,-15.00,10,0.00,3.88,3.91,3.86,3.88,3.89,3.88,3.88,3.91,30.93,43.7,-30,-30,79.5,591,-92,-632,582,44,0,1013,0,0,1,-1,0,1,-1,-1,-1,-1,-1,-1,0,0,0,0,0,0,0,0,0,0,0,0,0,0,0,0,
2026-04-16,08:50:15.570,7.67,87,95,95,0.087,69.20,43,0,7.76,-0.495,1.536,-0.31,40,0,100.23,-10.77,10,0.00,3.88,3.91,3.86,3.88,3.89,3.88,3.88,3.90,30.93,43.7,-30,-30,78.2,594,-103,-628,579,221,0,1013,0,0,1,-1,0,1,-1,-1,-1,-1,-1,-1,0,0,0,0,0,0,0,0,0,0,0,0,0,0,0,0,
2026-04-16,08:50:15.840,7.67,93,94,94,0.036,69.41,44,0,7.76,-0.477,1.425,0.36,37,0,82.01,-0.51,10,0.00,3.88,3.90,3.86,3.88,3.89,3.88,3.88,3.90,30.89,43.1,-30,-30,78.2,597,29,-652,580,585,0,1013,0,0,1,-1,0,1,-1,-1,-1,-1,-1,-1,0,0,0,0,0,0,0,0,0,0,0,0,0,0,0,0,
2026-04-16,08:50:16.110,7.67,97,97,94,-0.014,69.39,44,0,7.74,-0.484,1.521,0.14,40,0,84.55,8.34,10,0.00,3.88,3.90,3.85,3.87,3.89,3.88,3.88,3.90,30.89,43.1,-30,-30,78.3,601,151,-682,584,580,0,1013,0,0,1,-1,0,1,-1,-1,-1,-1,-1,-1,0,0,0,0,0,0,0,0,0,0,0,0,0,0,0,0,
2026-04-16,08:50:16.370,7.67,98,98,94,-0.001,69.17,46,0,7.75,-0.520,1.654,-0.28,44,0,91.82,12.03,10,0.00,3.88,3.90,3.85,3.87,3.88,3.87,3.88,3.90,30.84,43.3,-30,-30,78.7,604,148,-677,582,551,0,1013,0,0,1,-1,0,1,-1,-1,-1,-1,-1,-1,0,0,0,0,0,0,0,0,0,0,0,0,0,0,0,0,
2026-04-16,08:50:16.640,7.67,98,98,94,0.005,68.70,50,0,7.76,-0.469,1.490,-1.06,46,0,101.98,18.54,10,0.00,3.88,3.90,3.85,3.87,3.88,3.87,3.88,3.90,30.84,43.3,-30,-30,79.6,607,229,-638,580,633,0,1013,0,0,1,-1,0,1,-1,-1,-1,-1,-1,-1,0,0,0,0,0,0,0,0,0,0,0,0,0,0,0,0,
2026-04-16,08:50:16.900,7.67,100,100,94,0.011,68.20,54,0,7.76,-0.458,1.539,-1.55,48,0,106.28,21.05,10,0.00,3.88,3.90,3.85,3.87,3.88,3.87,3.87,3.90,30.81,43.3,-30,-30,79.6,610,221,-604,458,623,0,1013,0,0,1,-1,0,1,-1,-1,-1,-1,-1,-1,0,0,0,0,0,0,0,0,0,0,0,0,0,0,0,0,
2026-04-16,08:50:17.170,7.67,100,100,94,-0.004,67.70,56,0,7.76,-0.406,1.584,-1.62,49,0,112.52,23.28,10,0.00,3.87,3.90,3.85,3.87,3.88,3.87,3.87,3.90,30.88,34.0,-30,-30,84.1,613,293,-607,435,707,0,1013,0,0,1,-1,0,1,-1,-1,-1,-1,-1,-1,0,0,0,0,0,0,0,0,0,0,0,0,0,0,0,0,
2026-04-16,08:50:17.430,7.67,100,100,94,-0.027,67.18,56,0,7.76,-0.375,1.519,-1.74,51,0,117.08,23.09,10,0.00,3.87,3.90,3.85,3.88,3.88,3.87,3.87,3.90,30.88,34.0,-30,-30,83.7,616,334,-605,434,653,0,1013,0,0,1,-1,0,1,-1,-1,-1,-1,-1,-1,0,0,0,0,0,0,0,0,0,0,0,0,0,0,0,0,
2026-04-16,08:50:17.720,7.68,100,100,94,-0.045,65.56,54,0,7.76,-0.367,1.563,-2.64,53,0,128.25,21.00,10,0.00,3.87,3.90,3.85,3.88,3.89,3.89,3.87,3.90,30.93,32.0,-30,-30,87.2,618,398,-488,434,705,0,1012,0,0,1,-1,0,1,-1,-1,-1,-1,-1,-1,0,0,0,0,0,0,0,0,0,0,0,0,0,0,0,0,
2026-04-16,08:50:17.980,7.68,100,100,94,-0.034,64.43,53,0,7.76,-0.344,1.472,-3.38,53,0,144.99,16.59,10,0.00,3.87,3.90,3.85,3.88,3.89,3.89,3.89,3.92,30.93,32.0,-30,-30,88.3,621,387,-378,434,339,0,1013,0,0,1,-1,0,1,-1,-1,-1,-1,-1,-1,0,0,0,0,0,0,0,0,0,0,0,0,0,0,0,0,
2026-04-16,08:50:18.240,7.67,100,100,94,-0.062,63.47,50,0,7.74,-0.344,1.277,-3.48,50,0,152.76,14.72,10,0.00,3.90,3.93,3.85,3.88,3.89,3.89,3.89,3.92,30.99,31.7,-30,-30,90.4,623,252,-316,431,0,0,1013,0,0,1,-1,0,1,-1,-1,-1,-1,-1,-1,0,0,0,0,0,0,0,0,0,0,0,0,0,0,0,0,
2026-04-16,08:50:18.520,7.67,97,97,94,-0.065,63.00,47,0,7.75,-0.330,1.484,-2.48,47,0,163.22,8.58,10,0.00,3.90,3.93,3.88,3.91,3.89,3.89,3.89,3.92,30.99,31.7,-30,-30,90.0,626,213,-301,384,160,0,1013,0,0,1,-1,0,1,-1,-1,-1,-1,-1,-1,0,0,0,0,0,0,0,0,0,0,0,0,0,0,0,0,
2026-04-16,08:50:18.790,7.67,95,96,96,-0.083,62.35,46,0,7.76,-0.239,1.233,-2.20,47,0,174.31,5.96,10,0.00,3.90,3.93,3.88,3.91,3.92,3.91,3.89,3.92,31.07,29.1,-30,-30,90.9,628,216,-196,380,42,0,1012,0,0,1,-1,0,1,-1,-1,-1,-1,-1,-1,0,0,0,0,0,0,0,0,0,0,0,0,0,0,0,0,
2026-04-16,08:50:19.050,7.68,95,96,96,-0.070,61.83,47,0,7.76,-0.254,1.266,-2.03,48,0,4.36,3.86,10,0.00,3.90,3.93,3.88,3.91,3.92,3.91,3.89,3.92,31.07,29.1,-30,-30,92.2,630,173,-65,380,0,0,1012,0,0,1,-1,0,1,-1,-1,-1,-1,-1,-1,0,0,0,0,0,0,0,0,0,0,0,0,0,0,0,0,
2026-04-16,08:50:19.310,7.67,97,99,99,-0.063,61.20,50,0,7.76,-0.148,0.774,-2.13,47,0,-176.54,2.32,10,0.00,3.90,3.93,3.88,3.91,3.92,3.91,3.91,3.94,31.13,27.7,-30,-30,92.2,632,58,-31,380,-9,0,1013,0,0,1,-1,0,1,-1,-1,-1,-1,-1,-1,0,0,0,0,0,0,0,0,0,0,0,0,0,0,0,0,
2026-04-16,08:50:19.590,7.67,100,100,98,-0.036,60.97,52,0,7.76,-0.168,0.817,-1.42,44,0,-174.47,1.08,10,0.00,3.92,3.95,3.88,3.91,3.92,3.91,3.91,3.94,31.13,27.7,-30,-30,93.2,634,0,-72,379,-204,0,1013,0,0,1,-1,0,1,-1,-1,-1,-1,-1,-1,0,0,0,0,0,0,0,0,0,0,0,0,0,0,0,0,
2026-04-16,08:50:19.870,7.67,100,100,98,-0.037,60.78,53,0,7.76,-0.184,0.957,-0.92,39,0,-170.73,-1.32,10,0.00,3.92,3.95,3.90,3.92,3.92,3.91,3.91,3.94,31.18,27.7,-30,-30,93.2,636,0,-166,380,-213,0,1013,0,0,1,-1,0,1,-1,-1,-1,-1,-1,-1,0,0,0,0,0,0,0,0,0,0,0,0,0,0,0,0,
2026-04-16,08:50:20.130,7.68,100,100,98,0.005,60.57,54,0,7.76,-0.158,0.773,-0.92,37,0,-173.10,-4.83,10,0.00,3.92,3.95,3.90,3.92,3.93,3.92,3.91,3.94,31.18,27.9,-30,-30,90.4,638,21,-181,382,-190,0,1013,0,0,1,-1,0,1,-1,-1,-1,-1,-1,-1,0,0,0,0,0,0,0,0,0,0,0,0,0,0,0,0,
2026-04-16,08:50:20.390,7.68,100,100,96,0.036,60.21,55,0,7.76,-0.209,0.974,-1.05,36,0,-174.89,-7.42,10,0.00,3.92,3.95,3.90,3.92,3.93,3.92,3.92,3.95,31.21,27.9,-30,-30,89.5,640,36,-186,414,-174,0,1012,0,0,1,-1,0,1,-1,-1,-1,-1,-1,-1,0,0,0,0,0,0,0,0,0,0,0,0,0,0,0,0,
2026-04-16,08:50:20.650,7.68,100,100,92,-0.002,59.79,54,0,7.76,-0.239,1.120,-0.81,38,0,164.96,-11.82,10,0.00,3.92,3.95,3.90,3.92,3.93,3.92,3.92,3.95,31.22,30.5,-30,-30,90.2,642,84,-151,414,0,0,1012,0,0,1,-1,0,1,-1,-1,-1,-1,-1,-1,0,0,0,0,0,0,0,0,0,0,0,0,0,0,0,0,
2026-04-16,08:50:20.920,7.67,100,100,92,0.006,59.28,54,0,7.76,-0.243,1.114,-1.50,40,0,178.65,-13.27,10,0.00,3.92,3.95,3.90,3.92,3.93,3.92,3.92,3.95,31.22,30.5,-30,-30,89.6,645,152,-204,414,2,0,1013,0,0,1,-1,0,1,-1,-1,-1,-1,-1,-1,0,0,0,0,0,0,0,0,0,0,0,0,0,0,0,0,
2026-04-16,08:50:21.180,7.68,96,96,92,-0.026,59.00,51,0,7.74,-0.201,0.958,-1.30,45,0,177.16,-15.23,10,0.00,3.92,3.95,3.90,3.92,3.93,3.92,3.92,3.95,31.20,30.3,-30,-30,90.2,647,260,-185,476,482,0,1013,0,0,1,-1,0,1,-1,-1,-1,-1,-1,-1,0,0,0,0,0,0,0,0,0,0,0,0,0,0,0,0,
2026-04-16,08:50:21.460,7.67,96,96,92,-0.057,58.68,49,0,7.73,-0.270,1.278,-1.09,50,0,-171.71,-18.45,10,0.00,3.92,3.95,3.90,3.92,3.93,3.92,3.92,3.95,31.20,30.3,-30,-30,95.7,649,349,-244,545,585,0,1013,0,0,1,-1,0,1,-1,-1,-1,-1,-1,-1,0,0,0,0,0,0,0,0,0,0,0,0,0,0,0,0,
2026-04-16,08:50:21.740,7.67,96,96,92,-0.023,58.21,48,0,7.73,-0.283,1.177,-1.36,55,0,-162.80,-19.65,10,0.00,3.92,3.95,3.90,3.92,3.93,3.92,3.91,3.94,31.14,37.6,-30,-30,93.5,652,368,-373,554,384,0,1012,0,0,1,-1,0,1,-1,-1,-1,-1,-1,-1,0,0,0,0,0,0,0,0,0,0,0,0,0,0,0,0,
2026-04-16,08:50:22.000,7.67,100,100,92,0.011,58.04,54,0,7.75,-0.276,1.240,-1.06,59,0,-146.16,-22.25,10,0.00,3.91,3.93,3.90,3.92,3.93,3.92,3.91,3.94,31.14,37.6,-30,-30,94.8,654,341,-423,578,322,0,1013,0,0,1,-1,0,1,-1,-1,-1,-1,-1,-1,0,0,0,0,0,0,0,0,0,0,0,0,0,0,0,0,
2026-04-16,08:50:22.270,7.67,100,100,92,-0.011,58.03,60,0,7.75,-0.353,1.436,-0.40,62,0,-134.48,-24.38,10,0.00,3.91,3.93,3.88,3.90,3.93,3.92,3.91,3.94,31.06,40.6,-30,-30,94.8,657,332,-424,579,318,0,1013,0,0,1,-1,0,1,-1,-1,-1,-1,-1,-1,0,0,0,0,0,0,0,0,0,0,0,0,0,0,0,0,
2026-04-16,08:50:22.550,7.67,100,100,92,-0.007,58.21,61,0,7.76,-0.448,1.687,0.06,62,0,-126.29,-23.68,10,0.00,3.91,3.93,3.88,3.90,3.90,3.89,3.91,3.94,31.06,40.6,-30,-30,90.6,661,357,-405,579,427,0,1013,0,0,1,-1,0,1,-1,-1,-1,-1,-1,-1,0,0,0,0,0,0,0,0,0,0,0,0,0,0,0,0,
2026-04-16,08:50:22.820,7.67,100,100,92,0.011,58.69,60,0,7.70,-0.404,1.436,0.76,62,0,-114.32,-18.72,10,0.00,3.91,3.93,3.88,3.90,3.90,3.89,3.88,3.91,30.98,41.7,-30,-30,88.9,664,226,-572,580,0,0,1013,0,0,1,-1,0,1,-1,-1,-1,-1,-1,-1,0,0,0,0,0,0,0,0,0,0,0,0,0,0,0,0,
2026-04-16,08:50:23.100,7.67,100,100,92,-0.034,59.29,59,0,7.74,-0.429,1.732,1.62,65,0,-108.25,-14.25,10,0.00,3.88,3.90,3.88,3.90,3.90,3.89,3.88,3.91,30.98,41.7,-30,-30,86.3,667,212,-553,580,152,0,1013,0,0,1,-1,0,1,-1,-1,-1,-1,-1,-1,0,0,0,0,0,0,0,0,0,0,0,0,0,0,0,0,
2026-04-16,08:50:23.370,7.67,100,100,92,-0.015,59.55,59,0,7.73,-0.449,1.672,1.31,67,0,-102.73,-12.17,10,0.00,3.88,3.90,3.85,3.87,3.90,3.89,3.88,3.91,30.91,41.9,-30,-30,86.3,670,85,-670,581,-85,0,1013,0,0,1,-1,0,1,-1,-1,-1,-1,-1,-1,0,0,0,0,0,0,0,0,0,0,0,0,0,0,0,0,
2026-04-16,08:50:23.660,7.68,100,100,93,0.027,59.92,60,0,7.73,-0.520,1.960,1.16,70,0,-99.42,-8.83,10,0.00,3.88,3.90,3.85,3.87,3.88,3.87,3.88,3.91,30.84,43.0,-30,-30,85.9,673,-44,-646,612,-189,0,1013,0,0,1,-1,0,1,-1,-1,-1,-1,-1,-1,0,0,0,0,0,0,0,0,0,0,0,0,0,0,0,0,
2026-04-16,08:50:23.920,7.67,100,100,94,0.056,60.22,60,0,7.75,-0.492,1.692,1.20,69,0,-102.09,-8.35,10,0.00,3.88,3.90,3.85,3.87,3.88,3.87,3.86,3.89,30.84,43.0,-30,-30,84.1,677,0,-658,624,0,0,1013,0,0,1,-1,0,1,-1,-1,-1,-1,-1,-1,0,0,0,0,0,0,0,0,0,0,0,0,0,0,0,0,
2026-04-16,08:50:24.190,7.67,99,99,94,0.077,60.55,54,0,7.73,-0.536,1.749,1.07,64,0,-107.22,-10.13,10,0.00,3.86,3.89,3.85,3.87,3.88,3.87,3.86,3.89,30.76,45.6,-30,-30,81.5,680,123,-589,630,218,0,1013,0,0,1,-1,0,1,-1,-1,-1,-1,-1,-1,0,0,0,0,0,0,0,0,0,0,0,0,0,0,0,0,
2026-04-16,08:50:24.470,7.67,99,99,98,0.109,61.06,49,0,7.75,-0.521,1.543,1.40,61,0,-115.98,-13.60,10,0.00,3.86,3.89,3.83,3.85,3.88,3.87,3.86,3.89,30.76,45.6,-30,-30,79.3,683,165,-563,606,243,0,1013,0,0,1,-1,0,1,-1,-1,-1,-1,-1,-1,0,0,0,0,0,0,0,0,0,0,0,0,0,0,0,0,
2026-04-16,08:50:24.740,7.67,99,100,100,0.085,61.75,46,0,7.76,-0.465,1.392,1.98,57,0,-121.39,-14.96,10,0.00,3.86,3.89,3.83,3.85,3.88,3.87,3.86,3.89,30.71,45.2,-30,-30,78.9,687,164,-487,599,313,0,1013,0,0,1,-1,0,1,-1,-1,-1,-1,-1,-1,0,0,0,0,0,0,0,0,0,0,0,0,0,0,0,0,
2026-04-16,08:50:25.010,7.67,100,100,100,0.070,63.72,44,0,7.76,-0.487,1.371,3.25,54,0,-128.28,-16.96,10,0.00,3.86,3.89,3.83,3.85,3.86,3.85,3.86,3.89,30.71,45.2,-30,-30,77.2,690,275,-303,597,662,0,1012,0,0,1,-1,0,1,-1,-1,-1,-1,-1,-1,0,0,0,0,0,0,0,0,0,0,0,0,0,0,0,0,
2026-04-16,08:50:25.280,7.67,99,100,100,0.038,64.75,42,0,7.76,-0.384,1.075,3.32,53,0,-128.04,-16.84,10,0.00,3.86,3.89,3.83,3.85,3.86,3.85,3.85,3.86,30.66,44.4,-30,-30,77.2,693,360,-312,596,737,0,1013,0,0,1,-1,0,1,-1,-1,-1,-1,-1,-1,0,0,0,0,0,0,0,0,0,0,0,0,0,0,0,0,
2026-04-16,08:50:25.560,7.67,96,100,100,0.062,66.21,40,0,7.76,-0.380,0.929,4.29,54,0,-118.15,-15.42,10,0.00,3.85,3.87,3.83,3.85,3.86,3.85,3.85,3.86,30.66,44.4,-30,-30,76.9,697,314,-445,595,443,0,1013,0,0,1,-1,0,1,-1,-1,-1,-1,-1,-1,0,0,0,0,0,0,0,0,0,0,0,0,0,0,0,0,
2026-04-16,08:50:25.820,7.67,95,100,100,0.092,67.72,41,0,7.76,-0.427,1.117,4.98,53,0,-113.01,-15.72,10,0.00,3.85,3.87,3.82,3.84,3.86,3.85,3.85,3.86,30.62,44.1,-30,-30,74.8,700,277,-472,595,478,0,1012,0,0,1,-1,0,1,-1,-1,-1,-1,-1,-1,0,0,0,0,0,0,0,0,0,0,0,0,0,0,0,0,
2026-04-16,08:50:26.090,7.67,91,100,100,0.073,69.00,39,0,7.76,-0.455,1.242,4.73,52,0,-114.04,-15.11,10,0.00,3.85,3.87,3.82,3.84,3.86,3.84,3.85,3.86,30.62,44.1,-30,-30,72.6,704,243,-517,595,341,0,1013,0,0,1,-1,0,1,-1,-1,-1,-1,-1,-1,0,0,0,0,0,0,0,0,0,0,0,0,0,0,0,0,
2026-04-16,08:50:26.360,7.67,88,100,100,0.063,69.96,39,0,7.76,-0.437,1.161,4.11,49,0,-119.41,-12.98,10,0.00,3.85,3.87,3.82,3.84,3.86,3.84,3.84,3.86,30.58,44.5,-30,-30,75.0,707,249,-497,595,400,0,1013,0,0,1,-1,0,1,-1,-1,-1,-1,-1,-1,0,0,0,0,0,0,0,0,0,0,0,0,0,0,0,0,
2026-04-16,08:50:26.640,7.67,87,100,100,0.063,70.76,40,0,7.76,-0.445,1.221,3.12,50,0,-117.00,-10.75,10,0.00,3.84,3.87,3.82,3.84,3.86,3.84,3.84,3.86,30.56,44.2,-30,-30,74.6,710,266,-493,594,445,0,1013,0,0,1,-1,0,1,-1,-1,-1,-1,-1,-1,0,0,0,0,0,0,0,0,0,0,0,0,0,0,0,0,
2026-04-16,08:50:26.910,7.67,84,100,100,0.072,71.69,39,0,7.76,-0.407,1.240,3.15,51,0,-115.54,-9.69,10,0.00,3.84,3.87,3.81,3.84,3.86,3.84,3.84,3.86,30.56,44.2,-30,-30,74.3,714,274,-643,592,244,0,1013,0,0,1,-1,0,1,-1,-1,-1,-1,-1,-1,0,0,0,0,0,0,0,0,0,0,0,0,0,0,0,0,
2026-04-16,08:50:27.180,7.67,84,100,100,0.063,73.55,39,0,7.74,-0.491,1.422,3.27,51,0,-113.93,-7.75,10,0.00,3.84,3.87,3.81,3.84,3.85,3.84,3.84,3.86,30.53,44.0,-30,-30,73.2,717,191,-697,584,108,0,1013,0,0,1,-1,0,1,-1,-1,-1,-1,-1,-1,0,0,0,0,0,0,0,0,0,0,0,0,0,0,0,0,
2026-04-16,08:50:27.440,7.67,84,100,100,0.063,74.02,40,0,7.75,-0.524,1.495,3.27,48,0,-117.34,-8.24,10,0.00,3.84,3.87,3.81,3.84,3.85,3.84,3.84,3.86,30.53,44.0,-30,-30,73.2,720,199,-512,575,339,0,1013,0,0,1,-1,0,1,-1,-1,-1,-1,-1,-1,0,0,0,0,0,0,0,0,0,0,0,0,0,0,0,0,
2026-04-16,08:50:27.720,7.67,80,100,100,0.070,74.41,39,0,7.76,-0.542,1.496,1.74,44,0,-118.21,-8.79,10,0.00,3.84,3.87,3.81,3.84,3.85,3.84,3.84,3.85,30.53,42.1,-30,-30,71.9,723,245,-357,531,594,0,1013,0,0,1,-1,0,1,-1,-1,-1,-1,-1,-1,0,0,0,0,0,0,0,0,0,0,0,0,0,0,0,0,
2026-04-16,08:50:27.980,7.68,85,100,100,0.097,75.29,40,0,7.76,-0.415,0.974,2.15,43,0,-118.11,-7.91,10,0.00,3.84,3.86,3.81,3.84,3.85,3.84,3.84,3.85,30.53,42.1,-30,-30,70.7,727,244,-401,517,531,0,1013,0,0,1,-1,0,1,-1,-1,-1,-1,-1,-1,0,0,0,0,0,0,0,0,0,0,0,0,0,0,0,0,
2026-04-16,08:50:28.250,7.67,85,99,99,0.133,76.85,42,0,7.76,-0.316,0.762,4.08,43,0,-120.76,-7.91,10,0.00,3.84,3.86,3.82,3.84,3.85,3.84,3.84,3.85,30.55,39.1,-30,-30,70.2,729,243,-410,504,525,0,1013,0,0,1,-1,0,1,-1,-1,-1,-1,-1,-1,0,0,0,0,0,0,0,0,0,0,0,0,0,0,0,0,
2026-04-16,08:50:28.510,7.67,94,97,97,0.115,78.15,42,0,7.76,-0.339,0.843,4.60,41,0,-131.96,-9.23,10,0.00,3.84,3.86,3.82,3.84,3.86,3.84,3.84,3.85,30.55,39.1,-30,-30,70.7,732,243,-421,498,534,0,1013,0,0,1,-1,0,1,-1,-1,-1,-1,-1,-1,0,0,0,0,0,0,0,0,0,0,0,0,0,0,0,0,
2026-04-16,08:50:28.780,7.67,88,96,96,0.078,79.04,42,0,7.76,-0.346,0.879,3.78,37,0,-141.93,-10.18,10,0.00,3.84,3.86,3.82,3.84,3.86,3.84,3.85,3.86,30.57,37.3,-30,-30,70.7,735,267,-472,499,544,0,1013,0,0,1,-1,0,1,-1,-1,-1,-1,-1,-1,0,0,0,0,0,0,0,0,0,0,0,0,0,0,0,0,
2026-04-16,08:50:29.050,7.68,79,96,96,0.057,79.58,40,0,7.76,-0.364,0.977,2.74,37,0,-145.18,-11.43,10,0.00,3.85,3.88,3.82,3.84,3.86,3.84,3.85,3.86,30.57,37.3,-30,-30,71.1,738,270,-516,498,519,0,1013,0,0,1,-1,0,1,-1,-1,-1,-1,-1,-1,0,0,0,0,0,0,0,0,0,0,0,0,0,0,0,0,
2026-04-16,08:50:29.320,7.67,78,96,96,0.054,79.81,39,0,7.76,-0.425,1.203,1.59,40,0,-143.50,-14.09,10,0.00,3.85,3.88,3.83,3.85,3.86,3.84,3.85,3.86,30.59,37.2,-30,-30,71.3,741,303,-520,499,556,0,1013,0,0,1,-1,0,1,-1,-1,-1,-1,-1,-1,0,0,0,0,0,0,0,0,0,0,0,0,0,0,0,0,
2026-04-16,08:50:29.600,7.67,80,95,95,0.047,79.59,40,0,7.76,-0.434,1.248,-0.20,43,0,-133.32,-14.85,10,0.00,3.85,3.88,3.83,3.85,3.86,3.85,3.85,3.86,30.59,37.2,-30,-30,72.6,744,319,-531,497,566,0,1013,0,0,1,-1,0,1,-1,-1,-1,-1,-1,-1,0,0,0,0,0,0,0,0,0,0,0,0,0,0,0,0,
2026-04-16,08:50:29.860,7.67,89,95,95,0.043,79.77,41,0,7.76,-0.416,1.206,0.29,48,0,-128.47,-14.97,10,0.00,3.85,3.88,3.83,3.85,3.86,3.85,3.85,3.87,30.60,37.3,-30,-30,73.0,746,316,-564,482,516,0,1013,0,0,1,-1,0,1,-1,-1,-1,-1,-1,-1,0,0,0,0,0,0,0,0,0,0,0,0,0,0,0,0,
2026-04-16,08:50:30.130,7.67,93,95,95,0.062,80.24,42,0,7.76,-0.404,1.208,0.94,47,0,-122.20,-15.18,10,0.00,3.85,3.88,3.83,3.85,3.86,3.85,3.85,3.87,30.60,35.7,-30,-30,73.0,749,311,-603,448,451,0,1013,0,0,1,-1,0,1,-1,-1,-1,-1,-1,-1,0,0,0,0,0,0,0,0,0,0,0,0,0,0,0,0,
2026-04-16,08:50:30.390,7.67,96,96,95,0.060,80.50,44,0,7.76,-0.399,1.242,1.18,48,0,-122.13,-15.15,10,0.00,3.85,3.88,3.83,3.85,3.86,3.85,3.85,3.87,30.64,35.7,-30,-30,72.4,752,292,-624,441,385,0,1013,0,0,1,-1,0,1,-1,-1,-1,-1,-1,-1,0,0,0,0,0,0,0,0,0,0,0,0,0,0,0,0,
2026-04-16,08:50:30.650,7.68,96,96,95,0.051,80.48,45,0,7.73,-0.409,1.421,0.49,52,0,-122.37,-14.47,10,0.00,3.85,3.88,3.83,3.85,3.86,3.85,3.85,3.87,30.68,33.3,-30,-30,73.5,754,196,-660,440,110,0,1013,0,0,1,-1,0,1,-1,-1,-1,-1,-1,-1,0,0,0,0,0,0,0,0,0,0,0,0,0,0,0,0,
2026-04-16,08:50:30.910,7.68,95,95,95,0.042,80.26,46,0,7.74,-0.430,1.453,-0.25,52,0,-123.17,-13.95,10,0.00,3.85,3.88,3.83,3.85,3.87,3.86,3.85,3.87,30.68,33.3,-30,-30,75.6,757,189,-619,440,168,0,1012,0,0,1,-1,0,1,-1,-1,-1,-1,-1,-1,0,0,0,0,0,0,0,0,0,0,0,0,0,0,0,0,
2026-04-16,08:50:31.170,7.67,98,98,95,0.028,79.90,48,0,7.75,-0.418,1.474,-0.83,53,0,-125.65,-14.36,10,0.00,3.85,3.88,3.83,3.85,3.87,3.86,3.86,3.88,30.71,33.1,-30,-30,76.7,759,201,-527,438,399,0,1013,0,0,1,-1,0,1,-1,-1,-1,-1,-1,-1,0,0,0,0,0,0,0,0,0,0,0,0,0,0,0,0,
2026-04-16,08:50:31.430,7.67,98,98,95,0.035,79.65,48,0,7.76,-0.410,1.356,-0.99,56,0,-122.27,-13.98,10,0.00,3.87,3.89,3.83,3.85,3.87,3.86,3.86,3.88,30.71,33.1,-30,-30,76.7,761,234,-529,438,444,0,1013,0,0,1,-1,0,1,-1,-1,-1,-1,-1,-1,0,0,0,0,0,0,0,0,0,0,0,0,0,0,0,0,
2026-04-16,08:50:31.690,7.67,97,97,95,0.038,79.60,49,0,7.76,-0.376,1.250,-0.59,57,0,-119.66,-13.39,10,0.00,3.87,3.89,3.84,3.87,3.87,3.86,3.86,3.88,30.74,32.9,-30,-30,76.9,764,237,-545,437,421,0,1013,0,0,1,-1,0,1,-1,-1,-1,-1,-1,-1,0,0,0,0,0,0,0,0,0,0,0,0,0,0,0,0,
2026-04-16,08:50:31.980,7.67,96,96,95,0.037,79.93,49,0,7.76,-0.378,1.360,0.41,57,0,-117.06,-12.71,10,0.00,3.87,3.89,3.84,3.87,3.87,3.87,3.86,3.88,30.74,32.9,-30,-30,78.0,766,220,-562,437,325,0,1013,0,0,1,-1,0,1,-1,-1,-1,-1,-1,-1,0,0,0,0,0,0,0,0,0,0,0,0,0,0,0,0,
2026-04-16,08:50:32.240,7.67,96,96,96,0.018,80.06,50,0,7.76,-0.354,1.309,0.62,59,0,-116.69,-12.26,10,0.00,3.87,3.89,3.84,3.87,3.87,3.87,3.86,3.88,30.76,32.6,-30,-30,78.9,769,225,-545,437,454,0,1013,0,0,1,-1,0,1,-1,-1,-1,-1,-1,-1,0,0,0,0,0,0,0,0,0,0,0,0,0,0,0,0,
2026-04-16,08:50:32.500,7.67,98,98,98,0.027,79.60,50,0,7.76,-0.377,1.332,-0.10,61,0,-112.38,-10.18,10,0.00,3.87,3.89,3.84,3.87,3.87,3.87,3.86,3.89,30.76,32.6,-30,-30,78.9,771,243,-476,438,513,0,1013,0,0,1,-1,0,1,-1,-1,-1,-1,-1,-1,0,0,0,0,0,0,0,0,0,0,0,0,0,0,0,0,
2026-04-16,08:50:32.760,7.67,99,99,98,0.049,79.55,49,0,7.73,-0.339,1.213,-0.64,62,0,-104.72,-6.72,10,0.00,3.87,3.90,3.84,3.87,3.87,3.87,3.86,3.89,30.78,32.7,-30,-30,79.3,774,241,-559,437,231,0,1013,0,0,1,-1,0,1,-1,-1,-1,-1,-1,-1,0,0,0,0,0,0,0,0,0,0,0,0,0,0,0,0,
2026-04-16,08:50:33.030,7.67,96,99,99,0.053,79.52,47,0,7.74,-0.348,1.323,-0.17,63,0,-103.58,-4.70,10,0.00,3.87,3.90,3.84,3.87,3.87,3.87,3.86,3.89,30.78,32.7,-30,-30,79.6,776,224,-693,410,0,0,1013,0,0,1,-1,0,1,-1,-1,-1,-1,-1,-1,0,0,0,0,0,0,0,0,0,0,0,0,0,0,0,0,
2026-04-16,08:50:33.290,7.67,95,99,99,0.011,79.16,46,0,7.75,-0.374,1.530,-0.66,66,0,-109.07,-1.08,10,0.00,3.87,3.90,3.84,3.87,3.88,3.87,3.86,3.89,30.81,32.0,-30,-30,79.6,778,193,-695,404,0,0,1013,0,0,1,-1,0,1,-1,-1,-1,-1,-1,-1,0,0,0,0,0,0,0,0,0,0,0,0,0,0,0,0,
2026-04-16,08:50:33.570,7.67,96,100,100,-0.007,78.52,49,0,7.76,-0.428,1.607,-1.56,67,0,-110.43,0.49,10,0.00,3.87,3.90,3.84,3.87,3.88,3.87,3.87,3.89,30.81,32.0,-30,-30,80.4,781,192,-570,404,155,0,1013,0,0,1,-1,0,1,-1,-1,-1,-1,-1,-1,0,0,0,0,0,0,0,0,0,0,0,0,0,0,0,0,
2026-04-16,08:50:33.850,7.67,100,100,100,0.003,77.72,51,0,7.73,-0.395,1.480,-2.36,66,0,-107.25,3.58,10,0.00,3.87,3.90,3.84,3.87,3.88,3.87,3.87,3.89,30.83,30.4,-30,-30,80.2,783,173,-649,404,22,0,1013,0,0,1,-1,0,1,-1,-1,-1,-1,-1,-1,0,0,0,0,0,0,0,0,0,0,0,0,0,0,0,0,
2026-04-16,08:50:34.110,7.67,99,100,100,0.027,77.10,52,0,7.75,-0.371,1.438,-2.35,65,0,-107.94,5.30,10,0.00,3.87,3.90,3.85,3.87,3.88,3.87,3.87,3.89,30.83,30.4,-30,-30,78.2,785,161,-649,404,0,0,1013,0,0,1,-1,0,1,-1,-1,-1,-1,-1,-1,0,0,0,0,0,0,0,0,0,0,0,0,0,0,0,0,
2026-04-16,08:50:34.370,7.67,99,100,100,0.055,76.64,53,0,7.75,-0.383,1.484,-1.89,59,0,-111.58,5.50,10,0.00,3.87,3.90,3.85,3.87,3.88,3.87,3.87,3.89,30.85,30.3,-30,-30,78.9,788,120,-632,405,0,0,1013,0,0,1,-1,0,1,-1,-1,-1,-1,-1,-1,0,0,0,0,0,0,0,0,0,0,0,0,0,0,0,0,
2026-04-16,08:50:34.650,7.67,99,100,100,0.030,76.19,55,0,7.76,-0.425,1.584,-1.61,64,0,-123.00,5.09,10,0.00,3.87,3.90,3.85,3.87,3.88,3.88,3.87,3.89,30.86,30.5,-30,-30,78.2,790,86,-610,405,0,0,1013,0,0,1,-1,0,1,-1,-1,-1,-1,-1,-1,0,0,0,0,0,0,0,0,0,0,0,0,0,0,0,0,
2026-04-16,08:50:34.930,7.67,100,100,100,0.016,74.80,56,0,7.76,-0.425,1.518,-2.28,66,0,-126.82,3.92,10,0.00,3.87,3.90,3.85,3.87,3.88,3.88,3.87,3.90,30.86,30.5,-30,-30,78.2,792,108,-229,404,0,0,1013,0,0,1,-1,0,1,-1,-1,-1,-1,-1,-1,0,0,0,0,0,0,0,0,0,0,0,0,0,0,0,0,
2026-04-16,08:50:35.200,7.67,100,100,100,0.027,74.24,57,0,7.76,-0.344,1.198,-2.08,66,0,-128.02,3.58,10,0.00,3.88,3.90,3.85,3.87,3.88,3.88,3.87,3.90,30.88,30.3,-30,-30,78.3,795,102,-231,404,0,0,1013,0,0,1,-1,0,1,-1,-1,-1,-1,-1,-1,0,0,0,0,0,0,0,0,0,0,0,0,0,0,0,0,
2026-04-16,08:50:35.480,7.67,100,100,100,0.043,74.01,58,0,7.73,-0.248,0.971,-1.39,67,0,-133.50,3.95,10,0.00,3.88,3.90,3.85,3.88,3.88,3.88,3.87,3.90,30.88,30.3,-30,-30,80.7,797,99,-395,404,0,0,1013,0,0,1,-1,0,1,-1,-1,-1,-1,-1,-1,0,0,0,0,0,0,0,0,0,0,0,0,0,0,0,0,
2026-04-16,08:50:35.740,7.67,100,100,100,0.071,73.69,58,0,7.75,-0.300,1.273,-1.14,68,0,-142.01,-0.19,10,0.00,3.88,3.90,3.85,3.88,3.88,3.88,3.87,3.90,30.89,30.1,-30,-30,81.9,799,37,-395,405,-4,0,1013,0,0,1,-1,0,1,-1,-1,-1,-1,-1,-1,0,0,0,0,0,0,0,0,0,0,0,0,0,0,0,0,
2026-04-16,08:50:36.020,7.67,100,100,100,0.058,73.19,57,0,7.76,-0.302,1.220,-1.42,68,0,-146.97,-1.75,10,0.00,3.88,3.90,3.85,3.88,3.88,3.88,3.87,3.90,30.89,30.1,-30,-30,83.7,802,0,-402,406,-140,0,1013,0,0,1,-1,0,1,-1,-1,-1,-1,-1,-1,0,0,0,0,0,0,0,0,0,0,0,0,0,0,0,0,
2026-04-16,08:50:36.280,7.67,99,100,100,0.046,72.72,56,0,7.76,-0.296,1.249,-1.60,66,0,-154.08,-4.68,10,0.00,3.88,3.90,3.85,3.88,3.88,3.88,3.87,3.90,30.90,30.1,-30,-30,81.9,804,0,-173,404,-86,0,1013,0,0,1,-1,0,1,-1,-1,-1,-1,-1,-1,0,0,0,0,0,0,0,0,0,0,0,0,0,0,0,0,
2026-04-16,08:50:36.560,7.67,99,100,100,0.011,72.17,55,0,7.76,-0.243,1.063,-1.74,60,0,-157.66,-7.19,10,0.00,3.88,3.90,3.86,3.88,3.88,3.88,3.87,3.90,30.90,30.1,-30,-30,83.7,806,0,-264,403,0,0,1013,0,0,1,-1,0,1,-1,-1,-1,-1,-1,-1,0,0,0,0,0,0,0,0,0,0,0,0,0,0,0,0,
2026-04-16,08:50:36.820,7.67,99,100,100,0.025,71.61,54,0,7.76,-0.214,1.000,-1.85,56,0,-159.33,-8.81,10,0.00,3.88,3.90,3.86,3.88,3.89,3.88,3.87,3.90,30.92,29.5,-30,-30,88.9,808,0,-328,403,-1,0,1013,0,0,1,-1,0,1,-1,-1,-1,-1,-1,-1,0,0,0,0,0,0,0,0,0,0,0,0,0,0,0,0,
2026-04-16,08:50:37.080,7.67,99,100,100,0.003,71.07,54,0,7.76,-0.286,1.334,-1.96,58,0,-163.69,-14.14,10,0.00,3.88,3.90,3.86,3.88,3.89,3.88,3.88,3.90,30.92,29.5,-30,-30,88.5,810,-26,-326,403,-102,0,1013,0,0,1,-1,0,1,-1,-1,-1,-1,-1,-1,0,0,0,0,0,0,0,0,0,0,0,0,0,0,0,0,
2026-04-16,08:50:37.340,7.67,97,100,100,0.013,70.39,50,0,7.76,-0.270,1.160,-2.07,64,0,-165.46,-15.89,10,0.00,3.88,3.90,3.86,3.88,3.89,3.88,3.88,3.90,30.93,29.0,-30,-30,86.3,812,-65,-331,403,-225,0,1013,0,0,1,-1,0,1,-1,-1,-1,-1,-1,-1,0,0,0,0,0,0,0,0,0,0,0,0,0,0,0,0,
2026-04-16,08:50:37.620,7.67,97,100,100,0.038,70.05,47,0,7.76,-0.288,1.169,-0.70,65,0,-176.11,-21.14,10,0.00,3.88,3.91,3.86,3.88,3.89,3.88,3.88,3.90,30.93,29.6,-30,-30,84.3,815,-78,-170,404,-224,0,1013,0,0,1,-1,0,1,-1,-1,-1,-1,-1,-1,0,0,0,0,0,0,0,0,0,0,0,0,0,0,0,0,
2026-04-16,08:50:37.900,7.67,99,100,100,0.041,70.32,47,0,7.76,-0.224,0.886,0.22,62,0,174.79,-23.16,10,0.00,3.88,3.91,3.86,3.88,3.89,3.88,3.88,3.90,30.93,29.6,-30,-30,84.3,817,0,7,403,0,0,1013,0,0,1,-1,0,1,-1,-1,-1,-1,-1,-1,0,0,0,0,0,0,0,0,0,0,0,0,0,0,0,0,
2026-04-16,08:50:38.170,7.67,100,100,100,0.041,70.61,49,0,7.76,-0.194,0.749,0.75,59,0,173.94,-22.64,10,0.00,3.88,3.91,3.86,3.88,3.89,3.88,3.88,3.90,30.94,29.6,-30,-30,84.1,819,0,-152,403,93,0,1013,0,0,1,-1,0,1,-1,-1,-1,-1,-1,-1,0,0,0,0,0,0,0,0,0,0,0,0,0,0,0,0,
2026-04-16,08:50:38.450,7.67,100,100,100,-0.005,70.81,51,0,7.76,-0.225,0.995,0.78,57,0,172.54,-24.29,10,0.00,3.88,3.91,3.86,3.88,3.89,3.88,3.88,3.90,30.94,29.6,-30,-30,86.3,821,79,-303,404,205,0,1012,0,0,1,-1,0,1,-1,-1,-1,-1,-1,-1,0,0,0,0,0,0,0,0,0,0,0,0,0,0,0,0,
2026-04-16,08:50:38.710,7.67,100,100,100,0.016,70.83,53,0,7.74,-0.279,1.072,0.36,54,0,174.46,-25.25,10,0.00,3.88,3.90,3.86,3.88,3.89,3.88,3.88,3.90,30.94,29.4,-30,-30,86.9,824,79,-288,403,56,0,1013,0,0,1,-1,0,1,-1,-1,-1,-1,-1,-1,0,0,0,0,0,0,0,0,0,0,0,0,0,0,0,0,
2026-04-16,08:50:38.980,7.67,99,100,100,-0.006,70.89,53,0,7.75,-0.263,1.120,0.26,49,0,175.70,-30.07,10,0.00,3.88,3.90,3.86,3.88,3.89,3.88,3.88,3.90,30.94,29.4,-30,-30,85.6,826,55,-203,403,0,0,1013,0,0,1,-1,0,1,-1,-1,-1,-1,-1,-1,0,0,0,0,0,0,0,0,0,0,0,0,0,0,0,0,
2026-04-16,08:50:39.260,7.67,98,100,100,-0.020,70.81,53,0,7.76,-0.239,0.990,-0.06,44,0,175.32,-31.94,10,0.00,3.88,3.90,3.86,3.88,3.89,3.88,3.88,3.90,30.94,29.4,-30,-30,87.8,828,59,-215,403,3,0,1013,0,0,1,-1,0,1,-1,-1,-1,-1,-1,-1,0,0,0,0,0,0,0,0,0,0,0,0,0,0,0,0,
2026-04-16,08:50:39.530,7.67,97,98,98,-0.016,71.11,52,0,7.76,-0.239,0.964,0.44,40,0,177.33,-32.43,10,0.00,3.88,3.90,3.86,3.88,3.89,3.88,3.87,3.90,30.94,29.4,-30,-30,85.4,830,57,-217,403,0,0,1013,0,0,1,-1,0,1,-1,-1,-1,-1,-1,-1,0,0,0,0,0,0,0,0,0,0,0,0,0,0,0,0,
2026-04-16,08:50:39.790,7.67,96,96,95,-0.011,71.33,48,0,7.76,-0.258,1.062,0.62,38,0,179.10,-33.28,10,0.00,3.88,3.90,3.86,3.88,3.89,3.88,3.87,3.90,30.94,29.7,-30,-30,85.2,832,46,-223,402,0,0,1013,0,0,1,-1,0,1,-1,-1,-1,-1,-1,-1,0,0,0,0,0,0,0,0,0,0,0,0,0,0,0,0,
2026-04-16,08:50:40.080,7.67,96,96,94,-0.004,71.52,43,0,7.76,-0.285,1.160,0.64,36,0,178.75,-35.90,10,0.00,3.88,3.90,3.86,3.88,3.89,3.88,3.87,3.90,30.94,29.7,-30,-30,84.3,835,25,-210,403,0,0,1013,0,0,1,-1,0,1,-1,-1,-1,-1,-1,-1,0,0,0,0,0,0,0,0,0,0,0,0,0,0,0,0,
2026-04-16,08:50:40.340,7.67,93,94,93,-0.013,71.75,42,0,7.73,-0.262,1.077,0.79,36,0,178.15,-36.94,10,0.00,3.88,3.90,3.86,3.88,3.89,3.88,3.87,3.90,30.94,29.7,-30,-30,85.6,837,-336,-371,439,-666,0,1013,0,0,1,-1,0,1,-1,-1,-1,-1,-1,-1,0,0,0,0,0,0,0,0,0,0,0,0,0,0,0,0,
2026-04-16,08:50:40.610,7.67,94,94,91,0.033,72.15,41,0,7.72,-0.341,1.327,0.98,37,0,167.82,-40.49,10,0.00,3.88,3.90,3.86,3.88,3.88,3.88,3.87,3.90,30.94,29.7,-30,-30,85.6,839,-422,-479,463,-556,0,1013,0,0,1,-1,0,1,-1,-1,-1,-1,-1,-1,0,0,0,0,0,0,0,0,0,0,0,0,0,0,0,0,
2026-04-16,08:50:40.870,7.67,94,94,91,0.027,72.51,42,0,7.71,-0.405,1.318,1.26,40,0,156.44,-44.19,10,0.00,3.88,3.90,3.86,3.88,3.88,3.88,3.87,3.90,30.90,32.7,-30,-30,83.3,842,-418,-579,476,-105,0,1013,0,0,1,-1,0,1,-1,-1,-1,-1,-1,-1,0,0,0,0,0,0,0,0,0,0,0,0,0,0,0,0,
2026-04-16,08:50:41.130,7.68,96,96,90,0.009,72.94,42,0,7.74,-0.425,1.477,1.39,42,0,135.98,-49.55,10,0.00,3.87,3.90,3.86,3.88,3.88,3.88,3.87,3.90,30.90,35.2,-30,-30,80.7,844,-375,-628,483,-11,0,1013,0,0,1,-1,0,1,-1,-1,-1,-1,-1,-1,0,0,0,0,0,0,0,0,0,0,0,0,0,0,0,0,
2026-04-16,08:50:41.390,7.67,97,97,88,0.059,73.39,43,0,7.73,-0.437,1.479,1.42,42,0,113.18,-49.29,10,0.00,3.87,3.90,3.84,3.87,3.88,3.88,3.87,3.90,30.85,35.2,-30,-30,79.6,846,-372,-667,512,0,0,1012,0,0,1,-1,0,1,-1,-1,-1,-1,-1,-1,0,0,0,0,0,0,0,0,0,0,0,0,0,0,0,0,
2026-04-16,08:50:41.650,7.68,94,94,88,0.070,74.12,43,0,7.72,-0.496,1.595,1.98,43,0,98.68,-46.27,10,0.00,3.87,3.90,3.84,3.87,3.87,3.86,3.87,3.90,30.77,38.0,-30,-30,77.4,849,-243,-661,521,167,0,1013,0,0,1,-1,0,1,-1,-1,-1,-1,-1,-1,0,0,0,0,0,0,0,0,0,0,0,0,0,0,0,0,
2026-04-16,08:50:41.920,7.67,88,88,88,0.021,75.04,40,0,7.74,-0.493,1.465,2.76,45,0,77.06,-34.13,10,0.00,3.87,3.90,3.84,3.87,3.87,3.86,3.85,3.87,30.77,38.0,-30,-30,76.7,852,-88,-572,513,408,0,1013,0,0,1,-1,0,1,-1,-1,-1,-1,-1,-1,0,0,0,0,0,0,0,0,0,0,0,0,0,0,0,0,
2026-04-16,08:50:42.190,7.67,85,88,88,0.020,75.78,40,0,7.75,-0.451,1.374,2.75,41,0,73.80,-26.86,10,0.00,3.85,3.87,3.84,3.87,3.87,3.86,3.85,3.87,30.72,38.2,-30,-30,71.7,855,-46,-583,499,532,0,1013,0,0,1,-1,0,1,-1,-1,-1,-1,-1,-1,0,0,0,0,0,0,0,0,0,0,0,0,0,0,0,0,
2026-04-16,08:50:42.470,7.67,90,90,86,0.053,77.12,41,0,7.76,-0.445,1.312,2.40,42,0,68.63,-11.55,10,0.00,3.85,3.87,3.82,3.85,3.87,3.86,3.85,3.87,30.72,38.2,-30,-30,72.2,858,49,-604,499,728,0,1012,0,0,1,-1,0,1,-1,-1,-1,-1,-1,-1,0,0,0,0,0,0,0,0,0,0,0,0,0,0,0,0,
2026-04-16,08:50:42.730,7.67,97,97,86,0.021,77.47,42,0,7.76,-0.385,1.212,1.83,42,0,64.94,-3.86,10,0.00,3.85,3.87,3.82,3.85,3.87,3.86,3.85,3.87,30.67,37.3,-30,-30,72.2,860,91,-648,498,702,0,1012,0,0,1,-1,0,1,-1,-1,-1,-1,-1,-1,0,0,0,0,0,0,0,0,0,0,0,0,0,0,0,0,
2026-04-16,08:50:42.990,7.67,99,99,86,-0.030,77.08,43,0,7.73,-0.361,1.284,0.18,44,0,62.95,10.13,10,0.00,3.85,3.87,3.82,3.85,3.86,3.84,3.85,3.87,30.67,37.3,-30,-30,73.7,863,262,-681,498,814,0,1013,0,0,1,-1,0,1,-1,-1,-1,-1,-1,-1,0,0,0,0,0,0,0,0,0,0,0,0,0,0,0,0,
2026-04-16,08:50:43.260,7.68,95,95,86,-0.023,76.14,43,0,7.71,-0.398,1.497,-1.90,45,0,78.74,21.56,10,0.00,3.85,3.87,3.82,3.85,3.86,3.84,3.84,3.86,30.65,36.7,-30,-30,80.7,866,356,-660,498,644,0,1013,0,0,1,-1,0,1,-1,-1,-1,-1,-1,-1,0,0,0,0,0,0,0,0,0,0,0,0,0,0,0,0,
2026-04-16,08:50:43.540,7.67,91,91,85,0.001,74.84,42,0,7.74,-0.397,1.588,-3.44,41,0,87.75,25.46,10,0.00,3.84,3.87,3.82,3.85,3.86,3.84,3.84,3.86,30.65,36.7,-30,-30,84.6,869,335,-730,498,588,0,1013,0,0,1,-1,0,1,-1,-1,-1,-1,-1,-1,0,0,0,0,0,0,0,0,0,0,0,0,0,0,0,0,
2026-04-16,08:50:43.820,7.67,90,90,86,-0.049,74.84,42,0,7.75,-0.397,1.798,-5.05,39,0,92.08,29.57,10,0.00,3.84,3.87,3.82,3.84,3.86,3.84,3.84,3.86,30.65,35.8,-30,-30,88.0,872,356,-711,499,585,0,1013,0,0,1,-1,0,1,-1,-1,-1,-1,-1,-1,0,0,0,0,0,0,0,0,0,0,0,0,0,0,0,0,
2026-04-16,08:50:44.080,7.67,90,90,87,-0.100,70.51,41,0,7.73,-0.452,2.047,-7.11,39,0,111.48,28.31,10,0.00,3.84,3.87,3.82,3.84,3.86,3.83,3.84,3.86,30.65,35.8,-30,-30,90.7,874,421,-716,500,848,0,1013,0,0,1,-1,0,1,-1,-1,-1,-1,-1,-1,0,0,0,0,0,0,0,0,0,0,0,0,0,0,0,0,
2026-04-16,08:50:44.350,7.67,82,88,88,-0.077,67.94,37,0,7.71,-0.447,2.015,-8.28,42,0,125.06,26.39,10,0.00,3.84,3.87,3.82,3.84,3.86,3.83,3.84,3.86,30.64,35.5,-30,-30,91.9,877,410,-729,498,321,0,1012,0,0,1,-1,0,1,-1,-1,-1,-1,-1,-1,0,0,0,0,0,0,0,0,0,0,0,0,0,0,0,0,
2026-04-16,08:50:44.620,7.67,70,89,89,-0.010,65.29,34,0,7.73,-0.469,2.123,-8.82,43,0,135.56,21.29,10,0.00,3.84,3.87,3.82,3.84,3.86,3.83,3.84,3.86,30.64,35.5,-30,-30,91.5,880,391,-599,498,56,0,1013,0,0,1,-1,0,1,-1,-1,-1,-1,-1,-1,0,0,0,0,0,0,0,0,0,0,0,0,0,0,0,0,
2026-04-16,08:50:44.880,7.67,61,88,88,-0.037,62.99,34,0,7.73,-0.371,2.123,-8.54,46,0,132.62,18.04,10,0.00,3.84,3.87,3.82,3.84,3.86,3.83,3.84,3.86,30.64,35.5,-30,-30,91.5,882,325,-381,498,0,0,1013,0,0,1,-1,0,1,-1,-1,-1,-1,-1,-1,0,0,0,0,0,0,0,0,0,0,0,0,0,0,0,0,
2026-04-16,08:50:45.160,7.67,70,89,89,-0.158,60.84,34,0,7.75,-0.306,1.585,-7.93,47,0,134.56,12.49,10,0.00,3.84,3.87,3.82,3.85,3.86,3.83,3.84,3.86,30.64,34.3,-30,-30,99.5,885,316,-386,496,72,0,1013,0,0,1,-1,0,1,-1,-1,-1,-1,-1,-1,0,0,0,0,0,0,0,0,0,0,0,0,0,0,0,0,
2026-04-16,08:50:45.420,7.67,77,91,91,-0.171,60.84,35,0,7.75,-0.273,1.633,-7.93,46,0,150.44,6.45,10,0.00,3.84,3.87,3.82,3.85,3.86,3.84,3.84,3.86,30.64,34.3,-30,-30,99.5,887,309,-275,493,0,0,1013,0,0,1,-1,0,1,-1,-1,-1,-1,-1,-1,0,0,0,0,0,0,0,0,0,0,0,0,0,0,0,0,
2026-04-16,08:50:45.700,7.67,85,91,91,-0.153,57.13,37,0,7.73,-0.278,1.523,-4.41,45,0,156.27,4.23,10,0.00,3.84,3.87,3.82,3.85,3.86,3.84,3.84,3.86,30.64,34.3,-30,-30,101.9,890,157,-198,487,-304,0,1013,0,0,1,-1,0,1,-1,-1,-1,-1,-1,-1,0,0,0,0,0,0,0,0,0,0,0,0,0,0,0,0,
2026-04-16,08:50:45.960,7.67,87,91,91,-0.144,56.49,37,0,7.74,-0.191,1.128,-4.41,44,0,163.44,1.25,10,0.00,3.85,3.87,3.82,3.85,3.86,3.84,3.84,3.86,30.64,34.3,-30,-30,99.5,892,102,-89,468,-368,0,1013,0,0,1,-1,0,1,-1,-1,-1,-1,-1,-1,0,0,0,0,0,0,0,0,0,0,0,0,0,0,0,0,
2026-04-16,08:50:46.230,7.67,90,92,92,-0.141,56.19,38,0,7.75,-0.114,0.956,-1.94,45,0,165.13,-1.29,10,0.00,3.85,3.87,3.83,3.85,3.86,3.84,3.84,3.86,30.68,34.3,-30,-30,102.4,895,90,-63,439,-412,0,1013,0,0,1,-1,0,1,-1,-1,-1,-1,-1,-1,0,0,0,0,0,0,0,0,0,0,0,0,0,0,0,0,
2026-04-16,08:50:46.510,7.67,90,93,93,-0.104,56.03,37,0,7.76,-0.112,0.936,-1.10,45,0,164.64,-2.95,10,0.00,3.85,3.87,3.83,3.85,3.86,3.85,3.84,3.86,30.68,34.3,-30,-30,103.7,898,27,-83,438,-462,0,1013,0,0,1,-1,0,1,-1,-1,-1,-1,-1,-1,0,0,0,0,0,0,0,0,0,0,0,0,0,0,0,0,
2026-04-16,08:50:46.790,7.67,83,93,93,-0.136,55.86,35,0,7.76,-0.116,0.954,-0.78,41,0,162.94,-6.10,10,0.00,3.85,3.87,3.83,3.85,3.86,3.85,3.85,3.87,30.72,28.5,-30,-30,102.8,900,0,-102,438,-361,0,1013,0,0,1,-1,0,1,-1,-1,-1,-1,-1,-1,0,0,0,0,0,0,0,0,0,0,0,0,0,0,0,0,
2026-04-16,08:50:47.070,7.67,69,93,93,-0.081,55.74,33,0,7.76,-0.129,0.929,-0.45,40,0,162.35,-7.60,10,0.00,3.85,3.87,3.83,3.85,3.86,3.85,3.85,3.87,30.72,28.5,-30,-30,102.8,902,0,-50,437,-283,0,1013,0,0,1,-1,0,1,-1,-1,-1,-1,-1,-1,0,0,0,0,0,0,0,0,0,0,0,0,0,0,0,0,
2026-04-16,08:50:47.330,7.67,63,93,93,-0.081,55.42,34,0,7.76,-0.131,0.968,-0.80,40,0,162.33,-9.58,10,0.00,3.85,3.87,3.83,3.86,3.86,3.85,3.85,3.87,30.74,29.0,-30,-30,100.9,904,0,-201,437,-154,0,1013,0,0,1,-1,0,1,-1,-1,-1,-1,-1,-1,0,0,0,0,0,0,0,0,0,0,0,0,0,0,0,0,
2026-04-16,08:50:47.620,7.67,73,97,97,-0.044,54.91,37,0,7.76,-0.161,1.120,-1.36,38,0,162.30,-11.45,10,0.00,3.85,3.87,3.83,3.86,3.87,3.86,3.85,3.87,30.74,29.0,-30,-30,100.2,907,41,-175,438,0,0,1012,0,0,1,-1,0,1,-1,-1,-1,-1,-1,-1,0,0,0,0,0,0,0,0,0,0,0,0,0,0,0,0,
2026-04-16,08:50:47.890,7.67,84,98,98,-0.003,54.38,41,0,7.73,-0.195,1.237,-1.67,41,0,161.44,-14.91,10,0.00,3.85,3.87,3.83,3.86,3.87,3.86,3.85,3.88,30.74,29.0,-30,-30,98.0,909,59,-203,441,12,0,1013,0,0,1,-1,0,1,-1,-1,-1,-1,-1,-1,0,0,0,0,0,0,0,0,0,0,0,0,0,0,0,0,
2026-04-16,08:50:48.150,7.67,85,98,98,0.003,53.71,43,0,7.75,-0.147,0.999,-1.29,43,0,161.18,-16.27,10,0.00,3.85,3.87,3.83,3.86,3.87,3.86,3.85,3.88,30.75,29.4,-30,-30,99.1,911,72,-118,440,197,0,1013,0,0,1,-1,0,1,-1,-1,-1,-1,-1,-1,0,0,0,0,0,0,0,0,0,0,0,0,0,0,0,0,
2026-04-16,08:50:48.410,7.67,86,98,98,-0.041,53.74,44,0,7.76,-0.149,1.042,-0.40,43,0,163.50,-17.80,10,0.00,3.86,3.89,3.83,3.86,3.87,3.86,3.85,3.88,30.75,29.4,-30,-30,99.6,913,112,-80,409,291,0,1013,0,0,1,-1,0,1,-1,-1,-1,-1,-1,-1,0,0,0,0,0,0,0,0,0,0,0,0,0,0,0,0,
2026-04-16,08:50:48.670,7.67,92,100,100,-0.034,53.43,45,0,7.76,-0.146,1.043,-0.70,44,0,168.15,-17.73,10,0.00,3.86,3.89,3.84,3.86,3.87,3.86,3.85,3.88,30.79,27.6,-30,-30,99.6,915,133,-72,404,320,0,1013,0,0,1,-1,0,1,-1,-1,-1,-1,-1,-1,0,0,0,0,0,0,0,0,0,0,0,0,0,0,0,0,
2026-04-16,08:50:48.950,7.67,97,99,99,-0.037,53.10,48,0,7.76,-0.120,0.914,-1.01,44,0,134.08,-17.15,10,0.00,3.86,3.89,3.84,3.86,3.87,3.86,3.85,3.88,30.79,27.6,-30,-30,98.9,917,140,-101,405,208,0,1013,0,0,1,-1,0,1,-1,-1,-1,-1,-1,-1,0,0,0,0,0,0,0,0,0,0,0,0,0,0,0,0,
2026-04-16,08:50:49.210,7.67,99,99,99,-0.036,52.98,50,0,7.76,-0.111,0.916,-0.71,41,0,-173.25,-18.02,10,0.00,3.86,3.89,3.84,3.86,3.87,3.86,3.85,3.89,30.81,26.9,-30,-30,99.3,919,115,-150,404,0,0,1013,0,0,1,-1,0,1,-1,-1,-1,-1,-1,-1,0,0,0,0,0,0,0,0,0,0,0,0,0,0,0,0,
2026-04-16,08:50:49.490,7.68,100,100,97,-0.040,52.75,51,0,7.76,-0.130,1.106,-0.73,40,0,-172.81,-18.77,10,0.00,3.86,3.89,3.84,3.86,3.87,3.86,3.85,3.89,30.81,26.9,-30,-30,100.7,921,94,-131,403,0,0,1013,0,0,1,-1,0,1,-1,-1,-1,-1,-1,-1,0,0,0,0,0,0,0,0,0,0,0,0,0,0,0,0,
2026-04-16,08:50:49.760,7.67,99,99,97,-0.084,52.42,50,0,7.76,-0.129,0.962,-0.84,47,0,-171.12,-20.07,10,0.00,3.86,3.89,3.84,3.87,3.87,3.86,3.85,3.89,30.82,26.6,-30,-30,98.5,923,78,-71,404,0,0,1013,0,0,1,-1,0,1,-1,-1,-1,-1,-1,-1,0,0,0,0,0,0,0,0,0,0,0,0,0,0,0,0,
2026-04-16,08:50:50.040,7.67,99,99,97,-0.082,52.08,47,0,7.76,-0.115,0.931,-1.20,52,0,-167.52,-20.01,10,0.00,3.86,3.89,3.84,3.87,3.87,3.86,3.85,3.89,30.82,26.6,-30,-30,100.9,926,61,1,406,-28,0,1012,0,0,1,-1,0,1,-1,-1,-1,-1,-1,-1,0,0,0,0,0,0,0,0,0,0,0,0,0,0,0,0,
2026-04-16,08:50:50.300,7.67,98,98,97,-0.062,51.48,47,0,7.76,-0.098,0.875,-1.03,55,0,-166.42,-19.21,10,0.00,3.86,3.89,3.84,3.87,3.87,3.86,3.86,3.89,30.83,26.7,-30,-30,101.3,927,0,-74,407,-204,0,1013,0,0,1,-1,0,1,-1,-1,-1,-1,-1,-1,0,0,0,0,0,0,0,0,0,0,0,0,0,0,0,0,
2026-04-16,08:50:50.570,7.67,99,99,97,-0.031,50.95,51,0,7.74,-0.097,0.924,-1.52,60,0,-166.79,-20.41,10,0.00,3.86,3.89,3.84,3.87,3.87,3.86,3.86,3.89,30.83,26.7,-30,-30,101.7,929,0,-95,408,-251,0,1013,0,0,1,-1,0,1,-1,-1,-1,-1,-1,-1,0,0,0,0,0,0,0,0,0,0,0,0,0,0,0,0,
2026-04-16,08:50:50.850,7.67,98,98,97,-0.029,50.58,55,0,7.75,-0.107,0.984,-1.47,64,0,-169.04,-21.64,10,0.00,3.87,3.89,3.84,3.87,3.87,3.86,3.86,3.89,30.84,26.4,-30,-30,100.7,931,0,-110,435,-252,0,1013,0,0,1,-1,0,1,-1,-1,-1,-1,-1,-1,0,0,0,0,0,0,0,0,0,0,0,0,0,0,0,0,
2026-04-16,08:50:51.120,7.67,98,98,97,-0.019,50.16,55,0,7.76,-0.101,0.914,-1.39,68,0,-173.71,-21.96,10,0.00,3.87,3.89,3.85,3.87,3.87,3.86,3.86,3.89,30.84,28.6,-30,-30,100.7,934,0,-122,448,-175,0,1013,0,0,1,-1,0,1,-1,-1,-1,-1,-1,-1,0,0,0,0,0,0,0,0,0,0,0,0,0,0,0,0,
2026-04-16,08:50:51.380,7.67,98,98,97,-0.017,49.60,56,0,7.76,-0.134,1.118,-1.69,71,0,-177.76,-23.18,10,0.00,3.87,3.89,3.85,3.87,3.87,3.86,3.86,3.89,30.83,28.6,-30,-30,102.8,936,0,-123,449,-118,0,1013,0,0,1,-1,0,1,-1,-1,-1,-1,-1,-1,0,0,0,0,0,0,0,0,0,0,0,0,0,0,0,0,
2026-04-16,08:50:51.660,7.67,99,99,97,-0.022,49.19,59,0,7.76,-0.132,1.077,-1.61,73,0,-179.10,-23.83,10,0.00,3.87,3.89,3.85,3.87,3.87,3.86,3.86,3.89,30.83,28.9,-30,-30,102.8,938,0,-129,449,-114,0,1013,0,0,1,-1,0,1,-1,-1,-1,-1,-1,-1,0,0,0,0,0,0,0,0,0,0,0,0,0,0,0,0,
2026-04-16,08:50:51.940,7.67,100,100,97,-0.041,48.69,60,0,7.76,-0.160,1.101,-1.63,72,0,176.60,-24.10,10,0.00,3.86,3.89,3.85,3.87,3.87,3.86,3.86,3.89,30.82,28.9,-30,-30,101.9,940,0,-117,449,0,0,1013,0,0,1,-1,0,1,-1,-1,-1,-1,-1,-1,0,0,0,0,0,0,0,0,0,0,0,0,0,0,0,0,
2026-04-16,08:50:52.200,7.67,100,100,97,-0.010,48.12,61,0,7.76,-0.148,1.105,-1.81,74,0,179.03,-24.26,10,0.00,3.86,3.89,3.84,3.86,3.87,3.86,3.86,3.89,30.80,29.4,-30,-30,102.2,942,0,-180,449,0,0,1013,0,0,1,-1,0,1,-1,-1,-1,-1,-1,-1,0,0,0,0,0,0,0,0,0,0,0,0,0,0,0,0,
2026-04-16,08:50:52.470,7.67,100,100,97,-0.008,47.61,63,0,7.76,-0.144,1.114,-1.67,80,0,178.70,-25.35,10,0.00,3.86,3.89,3.84,3.86,3.87,3.86,3.86,3.89,30.80,29.4,-30,-30,101.1,944,0,-168,448,0,0,1013,0,0,1,-1,0,1,-1,-1,-1,-1,-1,-1,0,0,0,0,0,0,0,0,0,0,0,0,0,0,0,0,
2026-04-16,08:50:52.730,7.67,100,100,97,-0.006,47.38,65,0,7.76,-0.152,1.063,-0.77,79,0,176.56,-29.00,10,0.00,3.86,3.89,3.84,3.86,3.87,3.86,3.85,3.88,30.80,29.4,-30,-30,101.5,946,0,-185,448,0,0,1013,0,0,1,-1,0,1,-1,-1,-1,-1,-1,-1,0,0,0,0,0,0,0,0,0,0,0,0,0,0,0,0,
2026-04-16,08:50:53.010,7.67,100,100,98,-0.014,47.11,67,0,7.76,-0.182,1.104,-0.87,81,0,176.74,-30.49,10,0.00,3.86,3.88,3.84,3.86,3.87,3.86,3.85,3.88,30.80,29.4,-30,-30,97.8,949,0,-203,449,0,0,1013,0,0,1,-1,0,1,-1,-1,-1,-1,-1,-1,0,0,0,0,0,0,0,0,0,0,0,0,0,0,0,0,
2026-04-16,08:50:53.270,7.67,99,99,99,0.002,47.01,65,0,7.76,-0.186,1.206,-0.61,82,0,175.45,-34.87,10,0.00,3.86,3.88,3.83,3.86,3.87,3.86,3.85,3.88,30.78,29.9,-30,-30,99.1,951,0,-235,450,155,0,1013,0,0,1,-1,0,1,-1,-1,-1,-1,-1,-1,0,0,0,0,0,0,0,0,0,0,0,0,0,0,0,0,
2026-04-16,08:50:53.530,7.67,99,100,100,-0.017,46.79,66,0,7.76,-0.180,1.206,-0.64,75,0,175.23,-37.30,10,0.00,3.86,3.88,3.83,3.86,3.87,3.86,3.85,3.88,30.78,29.9,-30,-30,99.1,953,0,-77,451,277,0,1013,0,0,1,-1,0,1,-1,-1,-1,-1,-1,-1,0,0,0,0,0,0,0,0,0,0,0,0,0,0,0,0,
2026-04-16,08:50:53.810,7.67,99,100,100,0.010,46.69,65,0,7.76,-0.170,1.111,-0.57,76,0,177.07,-40.72,10,0.00,3.86,3.88,3.83,3.86,3.86,3.85,3.85,3.88,30.76,30.2,-30,-30,98.3,955,0,-97,451,281,0,1013,0,0,1,-1,0,1,-1,-1,-1,-1,-1,-1,0,0,0,0,0,0,0,0,0,0,0,0,0,0,0,0,
2026-04-16,08:50:54.070,7.67,100,100,100,0.029,46.96,63,0,7.76,-0.135,0.982,0.23,78,0,-175.98,-38.08,10,0.00,3.86,3.88,3.83,3.86,3.86,3.85,3.84,3.87,30.76,30.2,-30,-30,98.0,958,0,-114,451,229,0,1013,0,0,1,-1,0,1,-1,-1,-1,-1,-1,-1,0,0,0,0,0,0,0,0,0,0,0,0,0,0,0,0,
2026-04-16,08:50:54.340,7.67,100,100,100,0.053,47.23,61,0,7.76,-0.101,0.838,0.74,72,0,-176.18,-36.67,10,0.00,3.85,3.88,3.83,3.86,3.86,3.85,3.84,3.87,30.76,30.0,-30,-30,99.8,960,0,-105,451,241,0,1013,0,0,1,-1,0,1,-1,-1,-1,-1,-1,-1,0,0,0,0,0,0,0,0,0,0,0,0,0,0,0,0,
2026-04-16,08:50:54.610,7.67,100,100,100,0.032,47.21,58,0,7.76,-0.134,0.958,0.43,65,0,-173.11,-38.50,10,0.00,3.85,3.88,3.83,3.86,3.86,3.85,3.84,3.87,30.76,30.0,-30,-30,99.8,962,0,-103,450,238,0,1013,0,0,1,-1,0,1,-1,-1,-1,-1,-1,-1,0,0,0,0,0,0,0,0,0,0,0,0,0,0,0,0,
2026-04-16,08:50:54.870,7.67,100,100,100,0.032,47.36,56,0,7.76,-0.151,0.981,0.24,65,0,-167.21,-35.80,10,0.00,3.85,3.88,3.83,3.86,3.86,3.85,3.84,3.87,30.74,29.8,-30,-30,98.3,964,0,-174,451,-4,0,1013,0,0,1,-1,0,1,-1,-1,-1,-1,-1,-1,0,0,0,0,0,0,0,0,0,0,0,0,0,0,0,0,
2026-04-16,08:50:55.130,7.67,99,100,100,0.041,47.81,55,0,7.76,-0.171,1.091,1.02,64,0,-167.34,-35.31,10,0.00,3.85,3.88,3.83,3.86,3.86,3.85,3.84,3.87,30.74,30.1,-30,-30,96.9,966,0,-194,451,-100,0,1013,0,0,1,-1,0,1,-1,-1,-1,-1,-1,-1,0,0,0,0,0,0,0,0,0,0,0,0,0,0,0,0,
2026-04-16,08:50:55.410,7.67,99,100,100,0.020,48.08,51,0,7.76,-0.173,1.040,0.58,64,0,-171.26,-36.90,10,0.00,3.85,3.87,3.83,3.86,3.86,3.85,3.84,3.87,30.73,30.1,-30,-30,96.5,969,0,-145,469,0,0,1013,0,0,1,-1,0,1,-1,-1,-1,-1,-1,-1,0,0,0,0,0,0,0,0,0,0,0,0,0,0,0,0,
2026-04-16,08:50:55.690,7.67,99,100,100,0.034,48.24,52,0,7.76,-0.190,1.070,0.49,60,0,-172.72,-36.77,10,0.00,3.85,3.87,3.83,3.85,3.86,3.85,3.84,3.87,30.69,31.6,-30,-30,95.7,971,0,-75,468,0,0,1013,0,0,1,-1,0,1,-1,-1,-1,-1,-1,-1,0,0,0,0,0,0,0,0,0,0,0,0,0,0,0,0,
2026-04-16,08:50:55.950,7.67,99,100,100,0.002,48.36,52,0,7.76,-0.160,0.896,0.48,53,0,-174.96,-35.06,10,0.00,3.85,3.87,3.83,3.85,3.86,3.84,3.84,3.87,30.69,31.6,-30,-30,96.5,973,0,-39,468,7,0,1013,0,0,1,-1,0,1,-1,-1,-1,-1,-1,-1,0,0,0,0,0,0,0,0,0,0,0,0,0,0,0,0,
2026-04-16,08:50:56.210,7.67,99,100,100,0.021,48.41,49,0,7.76,-0.140,0.719,0.27,45,0,-174.24,-34.97,10,0.00,3.85,3.87,3.83,3.85,3.86,3.84,3.84,3.87,30.67,31.6,-30,-30,96.5,976,0,-143,468,0,0,1012,0,0,1,-1,0,1,-1,-1,-1,-1,-1,-1,0,0,0,0,0,0,0,0,0,0,0,0,0,0,0,0,
2026-04-16,08:50:56.480,7.67,96,100,100,0.084,48.53,48,0,7.76,-0.195,1.060,0.35,43,0,-173.97,-36.64,10,0.00,3.85,3.87,3.83,3.85,3.86,3.84,3.83,3.86,30.67,31.6,-30,-30,95.2,978,0,-175,472,-60,0,1013,0,0,1,-1,0,1,-1,-1,-1,-1,-1,-1,0,0,0,0,0,0,0,0,0,0,0,0,0,0,0,0,
2026-04-16,08:50:56.740,7.67,97,100,100,0.003,48.90,47,0,7.76,-0.206,0.947,0.92,45,0,-177.31,-37.65,10,0.00,3.84,3.86,3.83,3.85,3.86,3.84,3.83,3.86,30.63,32.5,-30,-30,91.7,980,0,-162,485,0,0,1013,0,0,1,-1,0,1,-1,-1,-1,-1,-1,-1,0,0,0,0,0,0,0,0,0,0,0,0,0,0,0,0,
2026-04-16,08:50:57.000,7.67,97,100,100,-0.002,48.89,48,0,7.76,-0.214,0.947,0.37,48,0,-176.81,-37.22,10,0.00,3.84,3.86,3.82,3.84,3.86,3.84,3.83,3.86,30.63,32.5,-30,-30,93.3,983,0,-128,492,2,0,1013,0,0,1,-1,0,1,-1,-1,-1,-1,-1,-1,0,0,0,0,0,0,0,0,0,0,0,0,0,0,0,0,
2026-04-16,08:50:57.270,7.67,100,100,100,-0.009,49.04,51,0,7.76,-0.205,0.983,0.41,52,0,-175.98,-36.61,10,0.00,3.84,3.86,3.82,3.84,3.85,3.82,3.83,3.86,30.59,33.8,-30,-30,93.3,985,0,-161,494,44,0,1013,0,0,1,-1,0,1,-1,-1,-1,-1,-1,-1,0,0,0,0,0,0,0,0,0,0,0,0,0,0,0,0,
2026-04-16,08:50:57.530,7.67,100,100,100,0.002,49.07,53,0,7.76,-0.238,1.129,0.32,54,0,-175.86,-36.42,10,0.00,3.84,3.86,3.82,3.84,3.85,3.82,3.83,3.85,30.59,33.8,-30,-30,94.6,988,0,-174,494,0,0,1013,0,0,1,-1,0,1,-1,-1,-1,-1,-1,-1,0,0,0,0,0,0,0,0,0,0,0,0,0,0,0,0,
2026-04-16,08:50:57.790,7.67,100,100,100,0.013,49.04,53,0,7.76,-0.219,1.077,0.00,53,0,-176.81,-37.48,10,0.00,3.83,3.85,3.82,3.84,3.85,3.82,3.83,3.85,30.56,33.6,-30,-30,94.8,990,0,-176,493,0,0,1012,0,0,1,-1,0,1,-1,-1,-1,-1,-1,-1,0,0,0,0,0,0,0,0,0,0,0,0,0,0,0,0,
2026-04-16,08:50:58.050,7.67,100,100,100,0.032,49.74,53,0,7.76,-0.222,1.109,0.99,52,0,-179.18,-39.46,10,0.00,3.83,3.85,3.82,3.84,3.85,3.82,3.83,3.85,30.56,33.6,-30,-30,94.5,992,0,-139,504,35,0,1013,0,0,1,-1,0,1,-1,-1,-1,-1,-1,-1,0,0,0,0,0,0,0,0,0,0,0,0,0,0,0,0,
2026-04-16,08:50:58.310,7.68,98,100,100,0.037,50.23,52,0,7.76,-0.195,0.970,1.36,51,0,171.19,-40.15,10,0.00,3.83,3.85,3.81,3.83,3.85,3.82,3.83,3.85,30.53,33.8,-30,-30,94.5,995,0,-148,519,0,0,1013,0,0,1,-1,0,1,-1,-1,-1,-1,-1,-1,0,0,0,0,0,0,0,0,0,0,0,0,0,0,0,0,
2026-04-16,08:50:58.590,7.68,98,100,100,0.037,50.70,49,0,7.76,-0.184,0.928,1.60,49,0,177.34,-38.53,10,0.00,3.83,3.85,3.81,3.83,3.84,3.81,3.83,3.85,30.53,33.8,-30,-30,94.6,998,0,-131,520,39,0,1012,0,0,1,-1,0,1,-1,-1,-1,-1,-1,-1,0,0,0,0,0,0,0,0,0,0,0,0,0,0,0,0,
2026-04-16,08:50:58.850,7.67,97,99,99,0.007,50.98,47,0,7.76,-0.219,1.024,1.27,49,0,177.71,-38.08,10,0.00,3.83,3.85,3.81,3.83,3.84,3.81,3.82,3.84,30.49,34.9,-30,-30,95.7,1000,0,-149,520,107,0,1013,0,0,1,-1,0,1,-1,-1,-1,-1,-1,-1,0,0,0,0,0,0,0,0,0,0,0,0,0,0,0,0,
2026-04-16,08:50:59.110,7.67,97,98,98,0.004,51.19,46,0,7.74,-0.222,1.022,1.27,45,0,-136.80,-37.12,10,0.00,3.82,3.85,3.81,3.83,3.84,3.81,3.82,3.84,30.49,34.9,-30,-30,94.3,1003,0,-256,550,0,0,1013,0,0,1,-1,0,1,-1,-1,-1,-1,-1,-1,0,0,0,0,0,0,0,0,0,0,0,0,0,0,0,0,
2026-04-16,08:50:59.380,7.67,91,92,92,-0.005,51.49,44,0,7.75,-0.320,1.429,0.96,39,0,-178.87,-40.64,10,0.00,3.82,3.85,3.80,3.83,3.84,3.81,3.82,3.84,30.45,36.3,-30,-30,94.8,1005,0,-249,550,0,0,1013,0,0,1,-1,0,1,-1,-1,-1,-1,-1,-1,0,0,0,0,0,0,0,0,0,0,0,0,0,0,0,0,
2026-04-16,08:50:59.650,7.67,82,91,91,0.017,51.62,42,0,7.76,-0.257,1.143,0.72,42,0,85.23,-42.53,10,0.00,3.82,3.85,3.80,3.83,3.83,3.80,3.82,3.84,30.45,37.6,-30,-30,94.6,1008,0,-175,549,0,0,1013,0,0,1,-1,0,1,-1,-1,-1,-1,-1,-1,0,0,0,0,0,0,0,0,0,0,0,0,0,0,0,0,
2026-04-16,08:50:59.910,7.67,78,91,91,0.039,52.18,41,0,7.76,-0.257,1.005,1.15,43,0,177.32,-45.23,10,0.00,3.82,3.85,3.80,3.83,3.83,3.80,3.81,3.83,30.41,37.6,-30,-30,91.7,1011,-76,-152,545,-211,0,1013,0,0,1,-1,0,1,-1,-1,-1,-1,-1,-1,0,0,0,0,0,0,0,0,0,0,0,0,0,0,0,0,
2026-04-16,08:51:00.170,7.67,81,90,90,0.019,52.18,39,0,7.71,-0.238,0.886,2.39,40,0,176.78,-43.67,10,0.00,3.82,3.85,3.80,3.83,3.83,3.80,3.81,3.83,30.33,38.9,-30,-30,90.4,1013,-339,-401,674,-606,0,1013,0,0,1,-1,0,1,-1,-1,-1,-1,-1,-1,0,0,0,0,0,0,0,0,0,0,0,0,0,0,0,0,
2026-04-16,08:51:00.450,7.67,81,90,90,0.013,53.95,38,0,7.74,-0.375,1.288,2.85,40,0,168.98,-46.42,10,0.00,3.81,3.83,3.80,3.83,3.83,3.80,3.81,3.83,30.33,38.9,-30,-30,88.3,1016,-332,-526,735,-381,0,1013,0,0,1,-1,0,1,-1,-1,-1,-1,-1,-1,0,0,0,0,0,0,0,0,0,0,0,0,0,0,0,0,
2026-04-16,08:51:00.720,7.67,83,89,89,0.023,54.83,38,0,7.72,-0.488,1.601,1.63,42,0,149.42,-55.51,10,0.00,3.81,3.83,3.78,3.80,3.83,3.80,3.81,3.83,30.19,53.8,-30,-30,88.3,1020,-202,-496,735,-135,0,1013,0,0,1,-1,0,1,-1,-1,-1,-1,-1,-1,0,0,0,0,0,0,0,0,0,0,0,0,0,0,0,0,
2026-04-16,08:51:00.990,7.67,84,88,88,0.035,55.58,43,0,7.74,-0.504,1.577,1.95,43,0,137.36,-58.39,10,0.00,3.81,3.83,3.78,3.80,3.80,3.78,3.81,3.83,30.19,53.8,-30,-30,87.0,1024,-135,-437,723,0,0,1013,0,0,1,-1,0,1,-1,-1,-1,-1,-1,-1,0,0,0,0,0,0,0,0,0,0,0,0,0,0,0,0,
2026-04-16,08:51:01.260,7.67,95,95,88,0.009,56.70,45,0,7.75,-0.489,1.476,3.13,45,0,112.18,-57.94,10,0.00,3.81,3.83,3.78,3.80,3.80,3.78,3.78,3.78,30.07,53.4,-30,-30,85.0,1028,-149,-447,719,0,0,1013,0,0,1,-1,0,1,-1,-1,-1,-1,-1,-1,0,0,0,0,0,0,0,0,0,0,0,0,0,0,0,0,
2026-04-16,08:51:01.530,7.67,98,98,87,0.023,58.20,47,0,7.76,-0.441,1.273,4.25,48,0,96.53,-52.43,10,0.00,3.76,3.79,3.78,3.80,3.80,3.78,3.78,3.78,30.07,53.4,-30,-30,85.0,1032,-120,-443,718,204,0,1013,0,0,1,-1,0,1,-1,-1,-1,-1,-1,-1,0,0,0,0,0,0,0,0,0,0,0,0,0,0,0,0,
2026-04-16,08:51:01.810,7.67,99,99,87,0.037,59.85,48,0,7.76,-0.490,1.456,5.12,50,0,88.63,-48.41,10,0.00,3.76,3.79,3.73,3.74,3.80,3.78,3.78,3.78,29.97,52.9,-30,-30,82.8,1036,-33,-379,709,421,0,1013,0,0,1,-1,0,1,-1,-1,-1,-1,-1,-1,0,0,0,0,0,0,0,0,0,0,0,0,0,0,0,0,
2026-04-16,08:51:02.070,7.67,98,98,87,0.060,61.50,49,0,7.76,-0.391,1.127,5.59,49,0,78.71,-38.78,10,0.00,3.76,3.79,3.73,3.74,3.77,3.74,3.78,3.78,29.97,52.9,-30,-30,84.3,1040,-11,-399,702,468,0,1013,0,0,1,-1,0,1,-1,-1,-1,-1,-1,-1,0,0,0,0,0,0,0,0,0,0,0,0,0,0,0,0,
2026-04-16,08:51:02.330,7.67,94,94,87,0.047,63.31,48,0,7.76,-0.390,1.086,5.94,46,0,75.97,-34.18,10,0.00,3.76,3.79,3.73,3.74,3.77,3.74,3.75,3.76,29.90,51.3,-30,-30,82.8,1043,-28,-411,701,524,0,1013,0,0,1,-1,0,1,-1,-1,-1,-1,-1,-1,0,0,0,0,0,0,0,0,0,0,0,0,0,0,0,0,
2026-04-16,08:51:02.610,7.67,91,91,85,0.048,65.18,48,0,7.76,-0.407,1.124,6.35,40,0,75.93,-25.86,10,0.00,3.74,3.78,3.73,3.74,3.77,3.74,3.75,3.76,29.90,51.3,-30,-30,81.9,1047,-25,-436,700,550,0,1013,0,0,1,-1,0,1,-1,-1,-1,-1,-1,-1,0,0,0,0,0,0,0,0,0,0,0,0,0,0,0,0,
2026-04-16,08:51:02.900,7.67,90,90,86,0.040,67.53,48,0,7.73,-0.421,1.211,4.28,36,0,77.48,-17.62,10,0.00,3.74,3.78,3.72,3.74,3.77,3.74,3.75,3.76,29.84,51.0,-30,-30,83.7,1052,-53,-488,700,540,0,1013,0,0,1,-1,0,1,-1,-1,-1,-1,-1,-1,0,1,0,0,0,0,0,0,0,0,0,0,0,0,0,0,
2026-04-16,08:51:03.160,7.67,89,89,88,0.036,68.25,47,0,7.75,-0.418,1.201,3.16,39,0,79.65,-13.52,10,0.00,3.74,3.78,3.72,3.74,3.77,3.73,3.75,3.76,29.84,51.2,-30,-30,81.7,1055,-50,-515,699,532,0,1013,0,0,1,-1,0,1,-1,-1,-1,-1,-1,-1,0,1,0,0,0,0,0,0,0,0,0,0,0,0,0,0,
2026-04-16,08:51:03.420,7.67,86,92,92,0.033,68.64,46,0,7.75,-0.430,1.230,2.14,37,0,82.75,-5.38,10,0.00,3.74,3.78,3.72,3.74,3.77,3.73,3.75,3.76,29.79,51.2,-30,-30,80.9,1059,-52,-584,697,515,0,1013,0,0,1,-1,0,1,-1,-1,-1,-1,-1,-1,0,1,0,0,0,0,0,0,0,0,0,0,0,0,0,0,
2026-04-16,08:51:03.690,7.67,87,91,91,0.046,68.86,44,0,7.76,-0.493,1.501,1.34,38,0,86.91,2.43,10,0.00,3.74,3.78,3.72,3.74,3.77,3.73,3.75,3.75,29.74,50.9,-30,-30,80.9,1063,-67,-600,691,474,0,1013,0,0,1,-1,0,1,-1,-1,-1,-1,-1,-1,0,1,0,0,0,0,0,0,0,0,0,0,0,0,0,0,
2026-04-16,08:51:03.970,7.67,91,91,85,0.043,68.79,44,0,7.76,-0.494,1.493,0.43,36,0,87.02,6.50,10,0.00,3.74,3.77,3.72,3.74,3.77,3.73,3.75,3.75,29.74,50.9,-30,-30,81.1,1067,-82,-605,635,478,0,1012,0,0,1,-1,0,1,-1,-1,-1,-1,-1,-1,0,1,0,0,0,0,0,0,0,0,0,0,0,0,0,0,
2026-04-16,08:51:04.240,7.67,93,93,85,0.017,68.40,43,0,7.76,-0.458,1.493,-0.53,39,0,86.30,14.94,10,0.00,3.74,3.77,3.72,3.73,3.77,3.73,3.75,3.75,29.76,46.2,-30,-30,81.5,1071,-67,-600,604,538,0,1013,0,0,1,-1,0,1,-1,-1,-1,-1,-1,-1,0,1,0,0,0,0,0,0,0,0,0,0,0,0,0,0,
2026-04-16,08:51:04.510,7.67,94,94,85,0.000,68.02,44,0,7.76,-0.456,1.496,-1.20,42,0,95.28,22.09,10,0.00,3.74,3.77,3.72,3.73,3.76,3.73,3.75,3.75,29.76,46.2,-30,-30,81.9,1074,4,-593,603,609,0,1012,0,0,1,-1,0,1,-1,-1,-1,-1,-1,-1,0,1,0,0,0,0,0,0,0,0,0,0,0,0,0,0,
2026-04-16,08:51:04.780,7.67,95,95,86,0.009,67.65,51,0,7.76,-0.421,1.461,-1.11,45,0,102.91,24.98,10,0.00,3.74,3.77,3.72,3.73,3.76,3.73,3.75,3.75,29.76,42.7,-30,-30,83.5,1077,23,-650,596,578,0,1013,0,0,1,-1,0,1,-1,-1,-1,-1,-1,-1,0,1,0,0,0,0,0,0,0,0,0,0,0,0,0,0,
2026-04-16,08:51:05.050,7.67,100,100,87,0.008,67.19,54,0,7.76,-0.468,1.774,-1.47,45,0,115.20,28.07,10,0.00,3.75,3.77,3.72,3.73,3.76,3.73,3.75,3.75,29.76,42.7,-30,-30,86.1,1080,45,-699,486,463,0,1013,0,0,1,-1,0,1,-1,-1,-1,-1,-1,-1,0,1,0,0,0,0,0,0,0,0,0,0,0,0,0,0,
2026-04-16,08:51:05.310,7.67,100,100,87,0.031,66.41,55,0,7.73,-0.418,1.681,-2.05,46,0,120.55,28.02,10,0.00,3.75,3.77,3.74,3.75,3.76,3.73,3.75,3.75,29.83,37.6,-30,-30,84.3,1083,173,-633,479,542,0,1013,0,0,1,-1,0,1,-1,-1,-1,-1,-1,-1,0,1,0,0,0,0,0,0,0,0,0,0,0,0,0,0,
2026-04-16,08:51:05.570,7.67,100,100,88,-0.036,65.19,56,0,7.74,-0.339,1.446,-2.15,51,0,122.64,27.60,10,0.00,3.75,3.77,3.74,3.75,3.78,3.75,3.75,3.75,29.83,37.6,-30,-30,88.5,1086,240,-396,478,600,0,1013,0,0,1,-1,0,1,-1,-1,-1,-1,-1,-1,0,1,0,0,0,0,0,0,0,0,0,0,0,0,0,0,
2026-04-16,08:51:05.850,7.67,100,100,88,-0.030,64.54,55,0,7.75,-0.298,1.375,-2.16,53,0,135.32,26.32,10,0.00,3.75,3.77,3.74,3.75,3.78,3.75,3.75,3.75,29.90,33.4,-30,-30,89.6,1089,303,-497,476,639,0,1013,0,0,1,-1,0,1,-1,-1,-1,-1,-1,-1,0,1,0,0,0,0,0,0,0,0,0,0,0,0,0,0,
2026-04-16,08:51:06.110,7.67,100,100,88,-0.065,63.55,53,0,7.76,-0.269,1.408,-2.81,54,0,142.52,24.74,10,0.00,3.75,3.77,3.74,3.75,3.78,3.75,3.77,3.78,29.90,33.4,-30,-30,94.8,1091,321,-491,456,634,0,1012,0,0,1,-1,0,1,-1,-1,-1,-1,-1,-1,0,1,0,0,0,0,0,0,0,0,0,0,0,0,0,0,
2026-04-16,08:51:06.370,7.67,100,100,88,-0.047,62.40,51,0,7.76,-0.333,1.717,-3.57,51,0,162.07,18.24,10,0.00,3.77,3.80,3.74,3.75,3.78,3.75,3.77,3.78,29.97,31.9,-30,-30,94.8,1093,329,-554,442,336,0,1013,0,0,1,-1,0,1,-1,-1,-1,-1,-1,-1,0,1,0,0,0,0,0,0,0,0,0,0,0,0,0,0,
2026-04-16,08:51:06.650,7.67,99,99,90,-0.048,61.43,48,0,7.76,-0.284,1.557,-3.55,49,0,168.36,14.25,10,0.00,3.77,3.80,3.76,3.77,3.78,3.75,3.77,3.78,29.97,29.6,-30,-30,93.7,1096,265,15,441,0,0,1013,0,0,1,-1,0,1,-1,-1,-1,-1,-1,-1,0,1,0,0,0,0,0,0,0,0,0,0,0,0,0,0,
2026-04-16,08:51:06.920,7.67,97,97,90,-0.091,60.64,44,0,7.76,-0.171,0.866,-3.11,50,0,168.99,9.73,10,0.00,3.77,3.80,3.76,3.77,3.80,3.77,3.77,3.78,30.03,29.6,-30,-30,93.0,1098,258,21,414,77,0,1013,0,0,1,-1,0,1,-1,-1,-1,-1,-1,-1,0,1,0,0,0,0,0,0,0,0,0,0,0,0,0,0,
2026-04-16,08:51:07.180,7.67,97,97,90,-0.144,60.44,44,0,7.76,-0.205,1.133,-1.97,49,0,176.93,7.54,10,0.00,3.77,3.80,3.76,3.77,3.80,3.77,3.80,3.79,30.03,28.5,-30,-30,96.3,1100,267,-94,404,189,0,1013,0,0,1,-1,0,1,-1,-1,-1,-1,-1,-1,0,1,0,0,0,0,0,0,0,0,0,0,0,0,0,0,
2026-04-16,08:51:07.450,7.67,98,98,93,-0.152,60.55,46,0,7.76,-0.208,1.124,-0.37,49,0,-167.80,7.50,10,0.00,3.79,3.81,3.76,3.77,3.80,3.77,3.80,3.79,30.10,28.5,-30,-30,94.3,1102,239,-88,404,0,0,1013,0,0,1,-1,0,1,-1,-1,-1,-1,-1,-1,0,1,0,0,0,0,0,0,0,0,0,0,0,0,0,0,
2026-04-16,08:51:07.720,7.67,100,100,94,-0.101,60.63,51,0,7.76,-0.151,0.906,0.02,45,0,-159.82,6.41,10,0.00,3.79,3.81,3.77,3.79,3.80,3.77,3.80,3.79,30.16,27.4,-30,-30,93.7,1104,133,-108,403,-27,0,1013,0,0,1,-1,0,1,-1,-1,-1,-1,-1,-1,0,1,0,0,0,0,0,0,0,0,0,0,0,0,0,0,
2026-04-16,08:51:07.980,7.67,100,100,98,-0.098,60.38,52,0,7.76,-0.147,0.936,-0.87,41,0,-158.43,4.63,10,0.00,3.79,3.81,3.77,3.79,3.81,3.79,3.80,3.79,30.16,27.4,-30,-30,94.6,1106,86,-157,402,-130,0,1013,0,0,1,-1,0,1,-1,-1,-1,-1,-1,-1,0,1,0,0,0,0,0,0,0,0,0,0,0,0,0,0,
2026-04-16,08:51:08.260,7.67,100,100,99,-0.020,59.49,55,0,7.76,-0.150,0.972,-1.46,39,0,-159.32,0.00,10,0.00,3.79,3.81,3.77,3.79,3.81,3.79,3.80,3.79,30.20,26.9,-30,-30,93.2,1109,52,-237,403,-203,0,1013,0,0,1,-1,0,1,-1,-1,-1,-1,-1,-1,0,1,0,0,0,0,0,0,0,0,0,0,0,0,0,0,
2026-04-16,08:51:08.540,7.67,100,100,99,-0.009,59.05,55,0,7.74,-0.195,1.184,-1.55,40,0,-166.91,-5.04,10,0.00,3.79,3.81,3.77,3.79,3.81,3.79,3.81,3.81,30.20,26.9,-30,-30,94.3,1111,139,-309,455,-136,0,1013,0,0,1,-1,0,1,-1,-1,-1,-1,-1,-1,0,1,0,0,0,0,0,0,0,0,0,0,0,0,0,0,
2026-04-16,08:51:08.810,7.67,100,100,99,-0.018,58.51,55,0,7.75,-0.212,1.227,-1.75,41,0,-168.56,-7.30,10,0.00,3.80,3.82,3.77,3.79,3.81,3.79,3.81,3.81,30.20,28.4,-30,-30,94.3,1113,287,-343,496,325,0,1013,0,0,1,-1,0,1,-1,-1,-1,-1,-1,-1,0,1,0,0,0,0,0,0,0,0,0,0,0,0,0,0,
2026-04-16,08:51:09.070,7.67,100,100,99,-0.044,57.95,54,0,7.71,-0.246,1.318,-1.81,43,0,-167.88,-12.63,10,0.00,3.80,3.82,3.78,3.80,3.81,3.79,3.81,3.81,30.20,28.4,-30,-30,96.7,1115,329,-490,501,236,0,1013,0,0,1,-1,0,1,-1,-1,-1,-1,-1,-1,0,1,0,0,0,0,0,0,0,0,0,0,0,0,0,0,
2026-04-16,08:51:09.330,7.67,100,100,99,-0.048,57.26,54,0,7.73,-0.368,1.713,-2.16,49,0,-159.13,-18.56,10,0.00,3.80,3.82,3.78,3.80,3.81,3.79,3.81,3.81,30.19,33.3,-30,-30,95.0,1117,331,-409,535,336,0,1013,0,0,1,-1,0,1,-1,-1,-1,-1,-1,-1,0,1,0,0,0,0,0,0,0,0,0,0,0,0,0,0,
2026-04-16,08:51:09.610,7.67,100,100,99,-0.047,56.91,54,0,7.75,-0.344,1.565,-1.77,51,0,-154.52,-20.44,10,0.00,3.80,3.82,3.78,3.80,3.81,3.79,3.80,3.80,30.19,33.3,-30,-30,93.0,1120,339,-415,537,362,0,1013,0,0,1,-1,0,1,-1,-1,-1,-1,-1,-1,0,1,0,0,0,0,0,0,0,0,0,0,0,0,0,0,
2026-04-16,08:51:09.880,7.67,100,100,99,-0.035,57.00,55,0,7.76,-0.327,1.394,-0.65,55,0,-138.21,-20.69,10,0.00,3.78,3.81,3.78,3.80,3.81,3.79,3.80,3.80,30.16,36.8,-30,-30,91.5,1122,329,-443,536,335,0,1013,0,0,1,-1,0,1,-1,-1,-1,-1,-1,-1,0,1,0,0,0,0,0,0,0,0,0,0,0,0,0,0,
2026-04-16,08:51:10.150,7.67,100,100,99,-0.014,57.52,55,0,7.76,-0.312,1.465,0.76,56,0,-130.88,-20.93,10,0.00,3.78,3.81,3.76,3.77,3.81,3.79,3.80,3.80,30.16,36.8,-30,-30,91.5,1125,317,-517,535,200,0,1013,0,0,1,-1,0,1,-1,-1,-1,-1,-1,-1,0,1,0,0,0,0,0,0,0,0,0,0,0,0,0,0,
2026-04-16,08:51:10.410,7.67,100,100,99,-0.032,58.95,56,0,7.74,-0.336,1.539,2.29,58,0,-123.61,-20.76,10,0.00,3.78,3.81,3.76,3.77,3.80,3.77,3.80,3.80,30.13,36.8,-30,-30,90.4,1128,223,-544,535,131,0,1013,0,0,1,-1,0,1,-1,-1,-1,-1,-1,-1,0,1,0,0,0,0,0,0,0,0,0,0,0,0,0,0,
2026-04-16,08:51:10.670,7.67,100,100,99,-0.035,59.65,56,0,7.75,-0.393,1.693,2.39,63,0,-118.73,-20.10,10,0.00,3.78,3.81,3.76,3.77,3.80,3.77,3.80,3.80,30.13,36.8,-30,-30,88.2,1131,267,-511,535,272,0,1013,0,0,1,-1,0,1,-1,-1,-1,-1,-1,-1,0,1,0,0,0,0,0,0,0,0,0,0,0,0,0,0,
2026-04-16,08:51:10.930,7.67,100,100,99,0.000,60.41,57,0,7.71,-0.365,1.487,2.53,65,0,-108.24,-17.57,10,0.00,3.78,3.81,3.76,3.77,3.80,3.77,3.78,3.78,30.09,37.0,-30,-30,85.6,1133,114,-615,570,0,0,1013,0,0,1,-1,0,1,-1,-1,-1,-1,-1,-1,0,1,0,0,0,0,0,0,0,0,0,0,0,0,0,0,
2026-04-16,08:51:11.190,7.67,100,100,99,0.041,61.46,59,0,7.74,-0.403,1.619,3.10,68,0,-106.43,-15.19,10,0.00,3.77,3.80,3.76,3.77,3.80,3.77,3.78,3.78,30.05,38.9,-30,-30,85.6,1136,29,-620,585,-118,0,1013,0,0,1,-1,0,1,-1,-1,-1,-1,-1,-1,0,1,0,0,0,0,0,0,0,0,0,0,0,0,0,0,
2026-04-16,08:51:11.450,7.67,100,100,99,0.025,62.32,58,0,7.73,-0.439,1.659,3.23,65,0,-107.94,-14.25,10,0.00,3.77,3.80,3.75,3.76,3.80,3.77,3.78,3.78,30.05,38.9,-30,-30,85.6,1139,0,-633,611,-178,0,1013,0,0,1,-1,0,1,-1,-1,-1,-1,-1,-1,0,1,0,0,0,0,0,0,0,0,0,0,0,0,0,0,
2026-04-16,08:51:11.710,7.67,99,99,99,0.053,62.86,52,0,7.75,-0.480,1.576,2.43,63,0,-108.66,-13.13,10,0.00,3.77,3.80,3.75,3.76,3.78,3.76,3.78,3.78,29.98,43.3,-30,-30,82.4,1142,51,-480,616,180,0,1013,0,0,1,-1,0,1,-1,-1,-1,-1,-1,-1,0,1,0,0,0,0,0,0,0,0,0,0,0,0,0,0,
2026-04-16,08:51:11.980,7.67,99,100,100,0.065,63.46,47,0,7.75,-0.422,1.396,2.10,59,0,-108.70,-13.08,10,0.00,3.77,3.80,3.75,3.76,3.78,3.76,3.77,3.77,29.98,43.3,-30,-30,81.1,1145,94,-440,601,322,0,1013,0,0,1,-1,0,1,-1,-1,-1,-1,-1,-1,0,1,0,0,0,0,0,0,0,0,0,0,0,0,0,0,
2026-04-16,08:51:12.250,7.67,99,100,100,0.055,64.29,46,0,7.76,-0.392,1.208,2.53,57,0,-110.37,-12.94,10,0.00,3.75,3.78,3.75,3.76,3.78,3.76,3.77,3.77,29.94,42.9,-30,-30,80.7,1148,110,-443,597,431,0,1012,0,0,1,-1,0,1,-1,-1,-1,-1,-1,-1,0,1,0,0,0,0,0,0,0,0,0,0,0,0,0,0,
2026-04-16,08:51:12.510,7.67,99,100,100,0.068,65.37,45,0,7.76,-0.372,1.120,3.16,53,0,-109.88,-12.84,10,0.00,3.75,3.78,3.73,3.74,3.78,3.76,3.77,3.77,29.94,42.9,-30,-30,79.5,1151,177,-437,599,545,0,1013,0,0,1,-1,0,1,-1,-1,-1,-1,-1,-1,0,1,0,0,0,0,0,0,0,0,0,0,0,0,0,0,
2026-04-16,08:51:12.770,7.67,99,100,100,0.079,66.38,45,0,7.74,-0.381,1.160,3.45,51,0,-110.27,-12.98,10,0.00,3.75,3.78,3.73,3.74,3.77,3.74,3.77,3.77,29.89,42.4,-30,-30,78.7,1154,219,-454,604,493,0,1013,0,0,1,-1,0,1,-1,-1,-1,-1,-1,-1,0,1,0,0,0,0,0,0,0,0,0,0,0,0,0,0,
2026-04-16,08:51:13.030,7.67,96,100,100,0.104,67.25,45,0,7.74,-0.378,1.133,3.29,50,0,-111.98,-11.82,10,0.00,3.75,3.78,3.73,3.74,3.77,3.74,3.77,3.77,29.89,42.4,-30,-30,78.7,1157,210,-445,619,518,0,1013,0,0,1,-1,0,1,-1,-1,-1,-1,-1,-1,0,1,0,0,0,0,0,0,0,0,0,0,0,0,0,0,
2026-04-16,08:51:13.300,7.67,91,100,100,0.097,67.86,42,0,7.75,-0.377,1.123,2.64,51,0,-114.90,-10.75,10,0.00,3.75,3.78,3.73,3.74,3.77,3.74,3.75,3.75,29.84,43.6,-30,-30,78.7,1161,209,-429,625,436,0,1012,0,0,1,-1,0,1,-1,-1,-1,-1,-1,-1,0,1,0,0,0,0,0,0,0,0,0,0,0,0,0,0,
2026-04-16,08:51:13.560,7.67,90,100,100,0.086,68.76,40,0,7.75,-0.360,1.073,1.62,53,0,-116.25,-7.62,10,0.00,3.74,3.77,3.73,3.74,3.77,3.74,3.75,3.75,29.84,43.6,-30,-30,78.9,1164,220,-420,624,569,0,1013,0,0,1,-1,0,1,-1,-1,-1,-1,-1,-1,0,1,0,0,0,0,0,0,0,0,0,0,0,0,0,0,
2026-04-16,08:51:13.830,7.67,93,100,100,0.040,68.86,41,0,7.74,-0.366,1.145,0.97,50,0,-111.88,-4.18,10,0.00,3.74,3.77,3.72,3.73,3.77,3.74,3.75,3.75,29.79,44.5,-30,-30,81.9,1167,265,-531,624,382,0,1013,0,0,1,-1,0,1,-1,-1,-1,-1,-1,-1,0,1,0,0,0,0,0,0,0,0,0,0,0,0,0,0,
2026-04-16,08:51:14.100,7.67,97,100,100,0.029,69.03,45,0,7.73,-0.408,1.386,0.61,51,0,-108.54,-2.42,10,0.00,3.74,3.77,3.72,3.73,3.76,3.73,3.75,3.75,29.79,44.5,-30,-30,80.7,1170,273,-622,623,206,0,1013,0,0,1,-1,0,1,-1,-1,-1,-1,-1,-1,0,1,0,0,0,0,0,0,0,0,0,0,0,0,0,0,
2026-04-16,08:51:14.370,7.66,97,100,100,0.062,68.94,46,0,7.75,-0.487,1.656,0.19,56,0,-109.50,-0.08,10,0.00,3.74,3.77,3.72,3.73,3.76,3.73,3.74,3.74,29.75,44.2,-30,-30,79.6,1174,258,-552,621,261,0,1013,0,0,1,-1,0,1,-1,-1,-1,-1,-1,-1,0,1,0,0,0,0,0,0,0,0,0,0,0,0,0,0,
2026-04-16,08:51:14.630,7.67,98,100,100,0.036,68.86,47,0,7.75,-0.504,1.741,-0.15,55,0,-113.54,0.89,10,0.00,3.73,3.76,3.72,3.73,3.76,3.73,3.74,3.74,29.75,44.2,-30,-30,82.0,1177,253,-512,609,322,0,1013,0,0,1,-1,0,1,-1,-1,-1,-1,-1,-1,0,1,0,0,0,0,0,0,0,0,0,0,0,0,0,0,
2026-04-16,08:51:14.890,7.67,96,100,100,0.016,68.96,47,0,7.76,-0.441,1.497,0.00,53,0,-115.47,3.77,10,0.00,3.73,3.76,3.72,3.72,3.76,3.73,3.74,3.74,29.73,43.4,-30,-30,83.7,1180,242,-479,598,344,0,1013,0,0,1,-1,0,1,-1,-1,-1,-1,-1,-1,0,1,0,0,0,0,0,0,0,0,0,0,0,0,0,0,
2026-04-16,08:51:15.170,7.66,96,100,100,0.007,69.15,48,0,7.76,-0.354,1.242,0.40,51,0,-112.91,6.73,10,0.00,3.73,3.76,3.72,3.72,3.76,3.73,3.74,3.74,29.73,41.7,-30,-30,84.5,1183,229,-412,594,451,0,1013,0,0,1,-1,0,1,-1,-1,-1,-1,-1,-1,0,1,0,0,0,0,0,0,0,0,0,0,0,0,0,0,
2026-04-16,08:51:15.430,7.66,95,100,100,0.043,69.84,48,0,7.76,-0.386,1.360,1.44,53,0,-110.08,8.07,10,0.00,3.73,3.76,3.72,3.72,3.76,3.73,3.74,3.74,29.72,41.7,-30,-30,86.5,1186,227,-542,593,379,0,1013,0,0,1,-1,0,1,-1,-1,-1,-1,-1,-1,0,1,0,0,0,0,0,0,0,0,0,0,0,0,0,0,
2026-04-16,08:51:15.690,7.66,97,100,100,0.020,70.36,48,0,7.73,-0.371,1.422,1.44,55,0,-111.74,10.98,10,0.00,3.73,3.76,3.72,3.72,3.76,3.73,3.74,3.74,29.73,41.1,-30,-30,86.5,1189,228,-649,558,202,0,1012,0,0,1,-1,0,1,-1,-1,-1,-1,-1,-1,0,1,0,0,0,0,0,0,0,0,0,0,0,0,0,0,
2026-04-16,08:51:15.950,7.67,98,100,100,0.012,70.65,49,0,7.75,-0.353,1.566,1.43,56,0,-113.10,12.33,10,0.00,3.74,3.76,3.72,3.72,3.76,3.73,3.74,3.74,29.73,41.1,-30,-30,87.8,1192,220,-649,541,201,0,1013,0,0,1,-1,0,1,-1,-1,-1,-1,-1,-1,0,1,0,0,0,0,0,0,0,0,0,0,0,0,0,0,
2026-04-16,08:51:16.220,7.67,99,100,100,-0.008,70.75,50,0,7.75,-0.407,1.747,0.31,52,0,-118.50,12.81,10,0.00,3.74,3.76,3.72,3.72,3.76,3.73,3.74,3.74,29.75,37.3,-30,-30,87.4,1195,230,-654,537,267,0,1013,0,0,1,-1,0,1,-1,-1,-1,-1,-1,-1,0,1,0,0,0,0,0,0,0,0,0,0,0,0,0,0,
2026-04-16,08:51:16.500,7.67,98,100,100,0.012,70.64,51,0,7.76,-0.400,1.597,-0.16,54,0,-119.31,12.47,10,0.00,3.74,3.76,3.72,3.72,3.76,3.73,3.74,3.74,29.75,37.3,-30,-30,85.6,1198,233,-647,537,284,0,1013,0,0,1,-1,0,1,-1,-1,-1,-1,-1,-1,0,1,0,0,0,0,0,0,0,0,0,0,0,0,0,0,
2026-04-16,08:51:16.760,7.67,99,100,100,0.022,70.77,53,0,7.72,-0.304,1.382,0.03,54,0,-120.23,12.14,10,0.00,3.74,3.76,3.72,3.72,3.76,3.73,3.75,3.75,29.76,37.1,-30,-30,87.4,1201,215,-709,536,149,0,1013,0,0,1,-1,0,1,-1,-1,-1,-1,-1,-1,0,1,0,0,0,0,0,0,0,0,0,0,0,0,0,0,
2026-04-16,08:51:17.030,7.67,99,100,100,0.023,71.13,53,0,7.74,-0.440,1.798,0.86,54,0,-128.75,7.77,10,0.00,3.74,3.77,3.72,3.72,3.76,3.73,3.75,3.75,29.76,37.1,-30,-30,84.3,1204,188,-706,530,152,0,1013,0,0,1,-1,0,1,-1,-1,-1,-1,-1,-1,0,1,0,0,0,0,0,0,0,0,0,0,0,0,0,0,
2026-04-16,08:51:17.310,7.67,99,99,99,0.023,70.85,53,0,7.75,-0.484,1.755,-0.01,46,0,-132.57,3.33,10,0.00,3.74,3.77,3.73,3.74,3.76,3.73,3.75,3.75,29.78,36.8,-30,-30,81.1,1207,174,-555,505,217,0,1012,0,0,1,-1,0,1,-1,-1,-1,-1,-1,-1,0,1,0,0,0,0,0,0,0,0,0,0,0,0,0,0,
2026-04-16,08:51:17.570,7.66,99,99,99,0.041,70.72,52,0,7.76,-0.483,1.685,-0.50,44,0,-131.81,1.93,10,0.00,3.74,3.77,3.73,3.74,3.77,3.74,3.75,3.75,29.78,36.8,-30,-30,80.0,1209,173,-581,505,188,0,1013,0,0,1,-1,0,1,-1,-1,-1,-1,-1,-1,0,1,0,0,0,0,0,0,0,0,0,0,0,0,0,0,
2026-04-16,08:51:17.830,7.67,98,98,98,0.062,70.72,51,0,7.76,-0.399,1.421,-0.14,44,0,-137.05,-0.60,10,0.00,3.74,3.77,3.73,3.74,3.77,3.74,3.75,3.75,29.79,35.5,-30,-30,79.5,1212,180,-603,505,145,0,1013,0,0,1,-1,0,1,-1,-1,-1,-1,-1,-1,0,1,0,0,0,0,0,0,0,0,0,0,0,0,0,0,
2026-04-16,08:51:18.100,7.67,98,98,98,0.050,70.66,51,0,7.76,-0.384,1.385,-0.14,47,0,-140.84,-2.82,10,0.00,3.74,3.77,3.73,3.74,3.77,3.74,3.75,3.76,29.79,35.5,-30,-30,79.5,1214,191,-573,505,231,0,1013,0,0,1,-1,0,1,-1,-1,-1,-1,-1,-1,0,1,0,0,0,0,0,0,0,0,0,0,0,0,0,0,
2026-04-16,08:51:18.360,7.67,98,98,98,0.016,70.83,50,0,7.76,-0.409,1.387,0.27,47,0,-144.05,-7.78,10,0.00,3.74,3.77,3.73,3.74,3.77,3.74,3.75,3.76,29.80,35.5,-30,-30,79.3,1217,231,-420,505,490,0,1013,0,0,1,-1,0,1,-1,-1,-1,-1,-1,-1,0,1,0,0,0,0,0,0,0,0,0,0,0,0,0,0,
2026-04-16,08:51:18.640,7.67,92,98,98,0.025,70.70,50,0,7.76,-0.370,1.182,0.01,45,0,-141.11,-8.98,10,0.00,3.74,3.77,3.73,3.74,3.77,3.74,3.75,3.76,29.80,35.5,-30,-30,78.2,1220,250,-472,505,474,0,1013,0,0,1,-1,0,1,-1,-1,-1,-1,-1,-1,0,1,0,0,0,0,0,0,0,0,0,0,0,0,0,0,
2026-04-16,08:51:18.900,7.67,92,98,98,0.072,70.70,49,0,7.76,-0.329,1.065,0.38,42,0,-133.36,-9.15,10,0.00,3.74,3.77,3.73,3.74,3.77,3.74,3.75,3.76,29.81,35.5,-30,-30,77.2,1222,244,-509,505,342,0,1013,0,0,1,-1,0,1,-1,-1,-1,-1,-1,-1,0,1,0,0,0,0,0,0,0,0,0,0,0,0,0,0,
2026-04-16,08:51:19.170,7.66,90,98,98,0.100,71.30,48,0,7.76,-0.313,1.181,0.98,44,0,-135.57,-10.75,10,0.00,3.74,3.77,3.73,3.74,3.77,3.74,3.75,3.75,29.81,35.6,-30,-30,78.3,1225,229,-533,504,256,0,1013,0,0,1,-1,0,1,-1,-1,-1,-1,-1,-1,0,1,0,0,0,0,0,0,0,0,0,0,0,0,0,0,
2026-04-16,08:51:19.450,7.67,91,98,98,0.082,71.20,45,0,7.76,-0.339,1.348,0.40,46,0,-139.46,-11.93,10,0.00,3.74,3.77,3.73,3.74,3.77,3.74,3.75,3.75,29.81,35.6,-30,-30,81.7,1228,227,-552,504,246,0,1013,0,0,1,-1,0,1,-1,-1,-1,-1,-1,-1,0,1,0,0,0,0,0,0,0,0,0,0,0,0,0,0,
2026-04-16,08:51:19.710,7.67,88,98,98,-0.005,70.39,42,0,7.76,-0.350,1.346,-1.35,52,0,-143.34,-12.14,10,0.00,3.74,3.77,3.73,3.74,3.77,3.74,3.75,3.75,29.82,35.2,-30,-30,82.6,1230,228,-368,502,461,0,1013,0,0,1,-1,0,1,-1,-1,-1,-1,-1,-1,0,1,0,0,0,0,0,0,0,0,0,0,0,0,0,0,
2026-04-16,08:51:19.980,7.67,89,98,98,0.000,69.53,42,0,7.76,-0.333,1.330,-2.52,56,0,-138.37,-11.68,10,0.00,3.74,3.77,3.73,3.74,3.77,3.74,3.75,3.75,29.82,35.2,-30,-30,82.6,1233,238,-418,498,423,0,1013,0,0,1,-1,0,1,-1,-1,-1,-1,-1,-1,0,1,0,0,0,0,0,0,0,0,0,0,0,0,0,0,
2026-04-16,08:51:20.260,7.67,92,98,98,0.029,68.88,44,0,7.73,-0.278,1.171,-2.45,59,0,-120.99,-9.08,10,0.00,3.74,3.77,3.73,3.74,3.77,3.74,3.75,3.75,29.83,34.5,-30,-30,85.4,1236,155,-639,496,103,0,1012,0,0,1,-1,0,1,-1,-1,-1,-1,-1,-1,0,1,0,0,0,0,0,0,0,0,0,0,0,0,0,0,
2026-04-16,08:51:20.520,7.67,95,98,98,0.024,68.74,45,0,7.70,-0.341,1.674,-1.45,61,0,-117.63,-9.08,10,0.00,3.74,3.77,3.73,3.74,3.77,3.74,3.76,3.76,29.83,34.5,-30,-30,87.2,1238,59,-706,495,0,0,1013,0,0,1,-1,0,1,-1,-1,-1,-1,-1,-1,0,1,0,0,0,0,0,0,0,0,0,0,0,0,0,0,
2026-04-16,08:51:20.790,7.67,97,98,98,0.020,68.36,47,0,7.69,-0.389,1.808,-1.05,62,0,-119.21,-9.79,10,0.00,3.75,3.77,3.73,3.74,3.77,3.74,3.76,3.76,29.85,33.7,-30,-30,87.2,1241,0,-686,493,-21,0,1013,0,0,1,-1,0,1,-1,-1,-1,-1,-1,-1,0,1,0,0,0,0,0,0,0,0,0,0,0,0,0,0,
2026-04-16,08:51:21.070,7.66,99,99,98,0.016,66.28,50,0,7.73,-0.458,1.983,-2.51,63,0,-120.82,-11.93,10,0.00,3.75,3.77,3.73,3.74,3.77,3.74,3.76,3.76,29.85,33.7,-30,-30,87.4,1243,0,-640,481,-31,0,1013,0,0,1,-1,0,1,-1,-1,-1,-1,-1,-1,0,1,0,0,0,0,0,0,0,0,0,0,0,0,0,0,
2026-04-16,08:51:21.330,7.66,99,99,99,0.035,65.50,53,0,7.74,-0.405,1.812,-3.28,64,0,-123.84,-15.44,10,0.00,3.75,3.77,3.73,3.74,3.77,3.74,3.76,3.76,29.87,33.1,-30,-30,88.3,1246,-1,-599,478,-113,0,1013,0,0,1,-1,0,1,-1,-1,-1,-1,-1,-1,0,1,0,0,0,0,0,0,0,0,0,0,0,0,0,0,
2026-04-16,08:51:21.600,7.66,99,100,100,0.045,64.94,55,0,7.75,-0.385,1.647,-2.46,65,0,-126.60,-17.47,10,0.00,3.75,3.77,3.73,3.74,3.77,3.74,3.76,3.76,29.87,33.1,-30,-30,86.5,1248,-59,-465,481,-328,0,1013,0,0,1,-1,0,1,-1,-1,-1,-1,-1,-1,0,1,0,0,0,0,0,0,0,0,0,0,0,0,0,0,
2026-04-16,08:51:21.860,7.66,99,100,100,0.000,64.55,59,0,7.76,-0.368,1.506,-1.77,66,0,-132.45,-20.59,10,0.00,3.75,3.77,3.73,3.74,3.77,3.74,3.76,3.76,29.87,32.9,-30,-30,87.0,1251,-21,-208,478,-286,0,1013,0,0,1,-1,0,1,-1,-1,-1,-1,-1,-1,0,1,0,0,0,0,0,0,0,0,0,0,0,0,0,0,
2026-04-16,08:51:22.120,7.67,100,100,100,0.031,64.37,61,0,7.76,-0.368,0.997,-1.16,65,0,-135.74,-21.24,10,0.00,3.75,3.77,3.74,3.74,3.77,3.74,3.76,3.76,29.87,32.9,-30,-30,89.5,1253,0,-197,433,-228,0,1013,0,0,1,-1,0,1,-1,-1,-1,-1,-1,-1,0,1,0,0,0,0,0,0,0,0,0,0,0,0,0,0,
2026-04-16,08:51:22.400,7.66,100,100,100,0.032,64.59,62,0,7.76,-0.192,1.113,-0.09,64,0,-145.61,-22.34,10,0.00,3.75,3.77,3.74,3.74,3.77,3.75,3.76,3.76,29.91,31.9,-30,-30,90.0,1256,0,-229,399,-115,0,1013,0,0,1,-1,0,1,-1,-1,-1,-1,-1,-1,0,1,0,0,0,0,0,0,0,0,0,0,0,0,0,0,
2026-04-16,08:51:22.690,7.66,100,100,100,0.053,64.80,62,0,7.76,-0.172,0.975,0.44,66,0,-153.76,-23.10,10,0.00,3.75,3.77,3.74,3.74,3.77,3.75,3.77,3.77,29.95,26.8,-30,-30,89.6,1258,0,-199,399,-17,0,1013,0,0,1,-1,0,1,-1,-1,-1,-1,-1,-1,0,1,0,0,0,0,0,0,0,0,0,0,0,0,0,0,
2026-04-16,08:51:22.950,7.67,100,100,100,0.035,65.05,59,0,7.76,-0.164,0.931,0.70,66,0,-156.90,-22.98,10,0.00,3.75,3.77,3.74,3.74,3.77,3.75,3.77,3.77,29.95,26.8,-30,-30,88.5,1260,0,-343,399,0,0,1013,0,0,1,-1,0,1,-1,-1,-1,-1,-1,-1,0,1,0,0,0,0,0,0,0,0,0,0,0,0,0,0,
2026-04-16,08:51:23.210,7.66,99,100,100,-0.018,65.23,57,0,7.76,-0.225,1.232,0.77,64,0,-160.03,-25.83,10,0.00,3.76,3.79,3.74,3.74,3.77,3.75,3.77,3.77,29.99,27.4,-30,-30,88.5,1262,0,-187,398,-7,0,1013,0,0,1,-1,0,1,-1,-1,-1,-1,-1,-1,0,1,0,0,0,0,0,0,0,0,0,0,0,0,0,0,
2026-04-16,08:51:23.470,7.67,98,100,100,-0.020,64.98,54,0,7.76,-0.205,1.027,-0.07,57,0,-158.97,-28.05,10,0.00,3.76,3.79,3.75,3.76,3.77,3.75,3.77,3.77,29.99,27.4,-30,-30,88.7,1264,0,-343,398,0,0,1013,0,0,1,-1,0,1,-1,-1,-1,-1,-1,-1,0,1,0,0,0,0,0,0,0,0,0,0,0,0,0,0,
2026-04-16,08:51:23.730,7.67,98,100,100,0.035,64.78,54,0,7.76,-0.244,1.210,-0.25,60,0,-160.49,-29.22,10,0.00,3.76,3.79,3.75,3.76,3.79,3.76,3.77,3.77,30.01,27.3,-30,-30,88.3,1266,0,-237,397,0,0,1013,0,0,1,-1,0,1,-1,-1,-1,-1,-1,-1,0,1,0,0,0,0,0,0,0,0,0,0,0,0,0,0,
2026-04-16,08:51:24.000,7.67,98,100,100,-0.013,64.78,51,0,7.76,-0.190,0.927,-0.25,61,0,-165.83,-33.19,10,0.00,3.76,3.79,3.75,3.76,3.79,3.76,3.78,3.77,30.01,27.3,-30,-30,87.2,1268,0,-144,397,-20,0,1012,0,0,1,-1,0,1,-1,-1,-1,-1,-1,-1,0,1,0,0,0,0,0,0,0,0,0,0,0,0,0,0,
2026-04-16,08:51:24.260,7.67,96,100,100,0.008,65.27,47,0,7.76,-0.197,0.929,0.74,57,0,-166.19,-32.37,10,0.00,3.77,3.79,3.75,3.76,3.79,3.76,3.78,3.77,30.03,27.7,-30,-30,86.9,1270,0,-150,395,0,0,1013,0,0,1,-1,0,1,-1,-1,-1,-1,-1,-1,0,1,0,0,0,0,0,0,0,0,0,0,0,0,0,0,
2026-04-16,08:51:24.540,7.67,93,100,100,0.014,65.58,46,0,7.76,-0.184,0.824,0.94,57,0,-165.39,-31.69,10,0.00,3.77,3.79,3.75,3.76,3.79,3.76,3.78,3.77,30.03,27.7,-30,-30,85.2,1272,-34,-200,394,-31,0,1013,0,0,1,-1,0,1,-1,-1,-1,-1,-1,-1,0,1,0,0,0,0,0,0,0,0,0,0,0,0,0,0,
2026-04-16,08:51:24.810,7.67,91,100,100,0.030,65.99,46,0,7.76,-0.191,1.020,1.23,54,0,-167.86,-33.16,10,0.00,3.77,3.79,3.75,3.76,3.79,3.76,3.78,3.77,30.05,27.7,-30,-30,88.2,1274,-50,-226,395,-67,0,1013,0,0,1,-1,0,1,-1,-1,-1,-1,-1,-1,0,1,0,0,0,0,0,0,0,0,0,0,0,0,0,0,
2026-04-16,08:51:25.070,7.67,90,100,100,0.002,66.12,45,0,7.76,-0.258,1.230,0.89,55,0,-171.00,-33.56,10,0.00,3.77,3.79,3.75,3.76,3.79,3.76,3.78,3.77,30.05,27.7,-30,-30,87.2,1276,-51,-167,395,-50,0,1013,0,0,1,-1,0,1,-1,-1,-1,-1,-1,-1,0,1,0,0,0,0,0,0,0,0,0,0,0,0,0,0,
2026-04-16,08:51:25.330,7.67,92,100,100,0.006,65.96,44,0,7.76,-0.209,1.043,-0.01,49,0,-176.72,-35.28,10,0.00,3.77,3.79,3.75,3.76,3.79,3.76,3.78,3.77,30.07,27.3,-30,-30,89.3,1278,-53,-152,395,-51,0,1013,0,0,1,-1,0,1,-1,-1,-1,-1,-1,-1,0,1,0,0,0,0,0,0,0,0,0,0,0,0,0,0,
2026-04-16,08:51:25.600,7.67,95,98,98,0.010,66.11,46,0,7.76,-0.199,1.005,0.13,42,0,-177.55,-34.05,10,0.00,3.77,3.79,3.75,3.76,3.79,3.76,3.78,3.77,30.07,27.3,-30,-30,89.3,1280,-51,-164,396,-38,0,1013,0,0,1,-1,0,1,-1,-1,-1,-1,-1,-1,0,1,0,0,0,0,0,0,0,0,0,0,0,0,0,0,
2026-04-16,08:51:25.880,7.67,97,99,98,0.031,66.38,47,0,7.76,-0.208,0.885,0.65,41,0,150.52,-34.23,10,0.00,3.77,3.79,3.76,3.76,3.79,3.76,3.78,3.77,30.07,27.2,-30,-30,85.9,1282,-46,-176,396,-32,0,1013,0,0,1,-1,0,1,-1,-1,-1,-1,-1,-1,0,1,0,0,0,0,0,0,0,0,0,0,0,0,0,0,
2026-04-16,08:51:26.140,7.67,100,100,98,0.039,66.91,47,0,7.76,-0.205,0.891,1.31,40,0,174.40,-34.53,10,0.00,3.77,3.79,3.76,3.76,3.79,3.77,3.78,3.77,30.07,27.2,-30,-30,84.1,1284,-43,-178,396,-23,0,1012,0,0,1,-1,0,1,-1,-1,-1,-1,-1,-1,0,1,0,0,0,0,0,0,0,0,0,0,0,0,0,0,
2026-04-16,08:51:26.400,7.67,100,100,97,0.042,67.66,47,0,7.76,-0.167,0.843,1.34,42,0,172.09,-34.69,10,0.00,3.77,3.79,3.76,3.76,3.79,3.77,3.78,3.78,30.07,28.2,-30,-30,85.6,1286,-181,-427,400,-334,0,1013,0,0,1,-1,0,1,-1,-1,-1,-1,-1,-1,0,1,0,0,0,0,0,0,0,0,0,0,0,0,0,0,
2026-04-16,08:51:26.680,7.67,95,97,97,0.050,67.86,46,0,7.66,-0.252,1.299,0.93,44,0,165.30,-38.27,10,0.00,3.77,3.79,3.76,3.76,3.79,3.77,3.78,3.78,30.07,27.9,-30,-30,86.3,1289,-402,-631,413,-489,0,1013,0,0,1,-1,0,1,-1,-1,-1,-1,-1,-1,0,1,0,0,0,0,0,0,0,0,0,0,0,0,0,0,
2026-04-16,08:51:26.940,7.67,95,97,97,0.015,67.80,47,0,7.68,-0.344,1.587,0.35,50,0,155.92,-43.94,10,0.00,3.77,3.79,3.76,3.76,3.79,3.77,3.78,3.78,30.07,27.9,-30,-30,85.9,1290,-419,-698,479,-327,0,1013,0,0,1,-1,0,1,-1,-1,-1,-1,-1,-1,0,1,0,0,0,0,0,0,0,0,0,0,0,0,0,0,
2026-04-16,08:51:27.210,7.67,94,97,97,-0.025,67.61,48,0,7.71,-0.448,1.756,-0.32,52,0,135.07,-53.68,10,0.00,3.77,3.79,3.76,3.76,3.78,3.76,3.78,3.78,30.01,32.7,-30,-30,82.0,1293,-350,-675,523,-161,0,1013,0,0,1,-1,0,1,-1,-1,-1,-1,-1,-1,0,1,0,0,0,0,0,0,0,0,0,0,0,0,0,0,
2026-04-16,08:51:27.480,7.67,97,97,97,0.032,67.56,47,0,7.74,-0.498,1.657,-0.33,52,0,113.69,-54.17,10,0.00,3.77,3.79,3.76,3.76,3.78,3.76,3.77,3.76,30.01,32.7,-30,-30,78.9,1295,-335,-510,527,-202,0,1013,0,0,1,-1,0,1,-1,-1,-1,-1,-1,-1,0,1,0,0,0,0,0,0,0,0,0,0,0,0,0,0,
2026-04-16,08:51:27.750,7.67,96,97,97,0.052,68.00,45,0,7.75,-0.428,1.429,0.64,49,0,101.59,-49.55,10,0.00,3.77,3.79,3.76,3.76,3.78,3.76,3.77,3.76,29.95,37.3,-30,-30,77.6,1298,-255,-555,526,30,0,1013,0,0,1,-1,0,1,-1,-1,-1,-1,-1,-1,0,1,0,0,0,0,0,0,0,0,0,0,0,0,0,0,
2026-04-16,08:51:28.010,7.67,97,98,97,0.039,68.72,45,0,7.74,-0.381,1.278,1.74,54,0,80.50,-36.50,10,0.00,3.75,3.78,3.76,3.76,3.78,3.76,3.77,3.76,29.95,37.3,-30,-30,77.6,1300,-105,-567,525,305,0,1013,0,0,1,-1,0,1,-1,-1,-1,-1,-1,-1,0,1,0,0,0,0,0,0,0,0,0,0,0,0,0,0,
2026-04-16,08:51:28.280,7.67,99,99,97,0.026,69.60,46,0,7.72,-0.433,1.435,2.59,53,0,73.35,-29.65,10,0.00,3.75,3.78,3.73,3.74,3.78,3.76,3.77,3.76,29.91,37.3,-30,-30,78.2,1303,91,-615,527,565,0,1013,0,0,1,-1,0,1,-1,-1,-1,-1,-1,-1,0,1,0,0,0,0,0,0,0,0,0,0,0,0,0,0,
2026-04-16,08:51:28.560,7.67,100,100,97,0.004,70.19,46,0,7.72,-0.390,1.322,2.37,48,0,69.60,-16.47,10,0.00,3.75,3.78,3.73,3.74,3.77,3.74,3.77,3.76,29.91,37.3,-30,-30,75.9,1306,308,-624,529,804,0,1013,0,0,1,-1,0,1,-1,-1,-1,-1,-1,-1,0,1,0,0,0,0,0,0,0,0,0,0,0,0,0,0,
2026-04-16,08:51:28.820,7.67,98,98,97,-0.002,70.84,45,0,7.73,-0.378,1.286,1.28,47,0,73.41,-5.10,10,0.00,3.75,3.78,3.73,3.74,3.77,3.74,3.75,3.75,29.86,37.6,-30,-30,79.3,1309,375,-674,536,650,0,1013,0,0,1,-1,0,1,-1,-1,-1,-1,-1,-1,0,1,0,0,0,0,0,0,0,0,0,0,0,0,0,0,
2026-04-16,08:51:29.110,7.67,98,98,97,-0.033,70.55,48,0,7.75,-0.412,1.326,0.06,49,0,77.11,-1.26,10,0.00,3.74,3.76,3.73,3.74,3.77,3.74,3.75,3.75,29.86,37.6,-30,-30,79.6,1312,290,-744,534,451,0,1013,0,0,1,-1,0,1,-1,-1,-1,-1,-1,-1,0,1,0,0,0,0,0,0,0,0,0,0,0,0,0,0,
2026-04-16,08:51:29.390,7.67,98,98,98,-0.041,69.96,50,0,7.76,-0.473,1.741,-1.18,49,0,89.29,3.49,10,0.00,3.74,3.76,3.72,3.73,3.77,3.74,3.75,3.75,29.82,37.8,-30,-30,80.0,1315,299,-768,535,508,0,1013,0,0,1,-1,0,1,-1,-1,-1,-1,-1,-1,0,1,0,0,0,0,0,0,0,0,0,0,0,0,0,0,
2026-04-16,08:51:29.670,7.67,99,99,99,0.005,69.00,51,0,7.76,-0.485,1.742,-2.45,49,0,99.04,7.00,10,0.00,3.74,3.76,3.72,3.73,3.76,3.73,3.75,3.75,29.79,37.9,-30,-30,79.6,1318,259,-605,534,0,0,1013,0,0,1,-1,0,1,-1,-1,-1,-1,-1,-1,0,1,0,0,0,0,0,0,0,0,0,0,0,0,0,0,
2026-04-16,08:51:29.960,7.67,99,99,99,-0.048,68.06,50,0,7.76,-0.436,1.616,-2.98,43,0,97.68,9.52,10,0.00,3.74,3.76,3.72,3.73,3.76,3.73,3.74,3.74,29.79,37.9,-30,-30,82.8,1321,211,-606,534,0,0,1013,0,0,1,-1,0,1,-1,-1,-1,-1,-1,-1,0,1,0,0,0,0,0,0,0,0,0,0,0,0,0,0,
2026-04-16,08:51:30.240,7.66,100,100,97,-0.050,67.03,48,0,7.76,-0.419,1.592,-3.34,40,0,97.18,11.69,10,0.00,3.73,3.76,3.72,3.73,3.76,3.73,3.74,3.74,29.76,37.4,-30,-30,84.5,1324,218,-621,534,187,0,1013,0,0,1,-1,0,1,-1,-1,-1,-1,-1,-1,0,1,0,0,0,0,0,0,0,0,0,0,0,0,0,0,
2026-04-16,08:51:30.520,7.67,99,99,98,-0.056,65.01,45,0,7.76,-0.418,1.624,-3.48,42,0,109.26,15.42,10,0.00,3.73,3.76,3.72,3.72,3.76,3.73,3.74,3.74,29.76,37.4,-30,-30,85.6,1327,222,-598,533,301,0,1013,0,0,1,-1,0,1,-1,-1,-1,-1,-1,-1,0,1,0,0,0,0,0,0,0,0,0,0,0,0,0,0,
2026-04-16,08:51:30.790,7.67,98,98,98,-0.033,65.01,43,0,7.76,-0.401,1.560,-3.34,43,0,114.07,15.85,10,0.00,3.73,3.76,3.72,3.72,3.76,3.73,3.74,3.74,29.76,36.9,-30,-30,87.2,1329,222,-489,532,114,0,1013,0,0,1,-1,0,1,-1,-1,-1,-1,-1,-1,0,1,0,0,0,0,0,0,0,0,0,0,0,0,0,0,
2026-04-16,08:51:31.070,7.67,96,98,98,-0.071,63.31,41,0,7.76,-0.405,1.643,-2.99,42,0,120.75,14.57,10,0.00,3.73,3.76,3.72,3.72,3.76,3.73,3.74,3.74,29.76,36.9,-30,-30,88.3,1332,199,-481,526,0,0,1013,0,0,1,-1,0,1,-1,-1,-1,-1,-1,-1,0,1,0,0,0,0,0,0,0,0,0,0,0,0,0,0,
2026-04-16,08:51:31.330,7.67,88,98,98,-0.075,62.64,40,0,7.76,-0.378,1.529,-2.99,41,0,129.84,12.93,10,0.00,3.73,3.76,3.72,3.72,3.76,3.73,3.74,3.74,29.75,36.4,-30,-30,88.3,1335,193,-414,509,0,0,1013,0,0,1,-1,0,1,-1,-1,-1,-1,-1,-1,0,1,0,0,0,0,0,0,0,0,0,0,0,0,0,0,
2026-04-16,08:51:31.590,7.67,77,98,98,-0.059,62.13,39,0,7.76,-0.354,1.438,-2.14,42,0,133.70,12.07,10,0.00,3.73,3.75,3.72,3.72,3.76,3.73,3.74,3.74,29.75,36.4,-30,-30,87.4,1338,202,-341,502,0,0,1013,0,0,1,-1,0,1,-1,-1,-1,-1,-1,-1,0,1,0,0,0,0,0,0,0,0,0,0,0,0,0,0,
2026-04-16,08:51:31.870,7.67,71,98,98,-0.052,61.63,38,0,7.76,-0.284,1.281,-1.82,44,0,139.43,10.58,10,0.00,3.73,3.75,3.72,3.72,3.76,3.73,3.74,3.74,29.76,34.3,-30,-30,89.5,1340,195,-191,497,0,0,1013,0,0,1,-1,0,1,-1,-1,-1,-1,-1,-1,0,1,0,0,0,0,0,0,0,0,0,0,0,0,0,0,
2026-04-16,08:51:32.140,7.66,73,98,98,-0.087,61.08,38,0,7.76,-0.225,1.018,-1.89,46,0,140.87,9.59,10,0.00,3.73,3.75,3.72,3.72,3.76,3.73,3.74,3.74,29.76,34.3,-30,-30,90.9,1343,197,-110,410,349,0,1013,0,0,1,-1,0,1,-1,-1,-1,-1,-1,-1,0,1,0,0,0,0,0,0,0,0,0,0,0,0,0,0,
2026-04-16,08:51:32.420,7.67,79,98,98,-0.073,60.91,39,0,7.76,-0.177,0.986,-1.24,50,0,149.68,7.92,10,0.00,3.73,3.75,3.72,3.72,3.76,3.73,3.74,3.74,29.81,32.7,-30,-30,92.0,1345,220,-170,399,479,0,1012,0,0,1,-1,0,1,-1,-1,-1,-1,-1,-1,0,1,0,0,0,0,0,0,0,0,0,0,0,0,0,0,
2026-04-16,08:51:32.700,7.67,84,98,98,-0.068,60.64,42,0,7.76,-0.178,1.072,-0.50,53,0,172.73,4.57,10,0.00,3.74,3.76,3.72,3.72,3.76,3.73,3.74,3.74,29.88,26.3,-30,-30,94.1,1348,170,0,317,0,0,1013,0,0,1,-1,0,1,-1,-1,-1,-1,-1,-1,0,1,0,0,0,0,0,0,0,0,0,0,0,0,0,0,
2026-04-16,08:51:32.960,7.67,91,98,98,-0.046,60.36,43,0,7.76,-0.091,0.769,-0.75,55,0,179.25,1.04,10,0.00,3.74,3.76,3.73,3.74,3.76,3.73,3.74,3.74,29.88,26.3,-30,-30,92.6,1350,108,14,295,-32,0,1013,0,0,1,-1,0,1,-1,-1,-1,-1,-1,-1,0,1,0,0,0,0,0,0,0,0,0,0,0,0,0,0,
2026-04-16,08:51:33.230,7.67,94,98,98,-0.049,60.18,46,0,7.76,-0.098,0.811,-0.75,56,0,-96.98,0.95,10,0.00,3.74,3.76,3.73,3.74,3.77,3.75,3.74,3.74,29.95,20.0,-30,-30,91.5,1352,58,-27,293,-148,0,1012,0,0,1,-1,0,1,-1,-1,-1,-1,-1,-1,0,1,0,0,0,0,0,0,0,0,0,0,0,0,0,0,
2026-04-16,08:51:33.510,7.67,97,98,98,-0.043,59.91,46,0,7.76,-0.084,0.852,-0.75,56,0,-177.37,0.48,10,0.00,3.74,3.76,3.73,3.74,3.77,3.75,3.77,3.77,29.95,20.0,-30,-30,92.2,1353,0,-93,293,-169,0,1013,0,0,1,-1,0,1,-1,-1,-1,-1,-1,-1,0,1,0,0,0,0,0,0,0,0,0,0,0,0,0,0,
2026-04-16,08:51:33.790,7.67,97,98,98,-0.054,59.49,47,0,7.76,-0.108,0.774,-1.18,56,0,-176.48,-2.03,10,0.00,3.77,3.79,3.73,3.74,3.77,3.75,3.77,3.77,30.02,19.6,-30,-30,94.3,1355,0,-161,292,-303,0,1013,0,0,1,-1,0,1,-1,-1,-1,-1,-1,-1,0,1,0,0,0,0,0,0,0,0,0,0,0,0,0,0,
2026-04-16,08:51:34.070,7.67,99,100,100,-0.054,59.05,47,0,7.76,-0.092,0.867,-1.35,57,0,-175.91,-3.68,10,0.00,3.77,3.79,3.73,3.74,3.77,3.75,3.77,3.77,30.02,19.6,-30,-30,92.0,1356,-35,-155,293,-296,0,1013,0,0,1,-1,0,1,-1,-1,-1,-1,-1,-1,0,1,0,0,0,0,0,0,0,0,0,0,0,0,0,0,
2026-04-16,08:51:34.330,7.66,99,100,100,-0.007,58.32,47,0,7.76,-0.123,1.023,-1.97,57,0,56.25,-7.53,10,0.00,3.77,3.79,3.76,3.77,3.77,3.75,3.77,3.77,30.07,19.8,-30,-30,92.0,1358,-38,-133,304,-275,0,1013,0,0,1,-1,0,1,-1,-1,-1,-1,-1,-1,0,1,0,0,0,0,0,0,0,0,0,0,0,0,0,0,
2026-04-16,08:51:34.590,7.67,100,100,100,-0.012,57.45,48,0,7.74,-0.075,0.735,-2.64,57,0,176.33,-8.19,10,0.00,3.77,3.79,3.76,3.77,3.79,3.77,3.77,3.77,30.07,19.8,-30,-30,92.0,1359,-40,-142,338,-268,0,1013,0,0,1,-1,0,1,-1,-1,-1,-1,-1,-1,0,1,0,0,0,0,0,0,0,0,0,0,0,0,0,0,
2026-04-16,08:51:34.860,7.66,99,100,100,-0.008,56.76,48,0,7.73,-0.159,1.071,-2.58,57,0,173.18,-11.24,10,0.00,3.77,3.79,3.76,3.77,3.79,3.77,3.79,3.78,30.08,22.1,-30,-30,92.4,1361,-30,-291,374,-160,0,1013,0,0,1,-1,0,1,-1,-1,-1,-1,-1,-1,0,1,0,0,0,0,0,0,0,0,0,0,0,0,0,0,
2026-04-16,08:51:35.120,7.67,98,100,100,-0.036,55.93,48,0,7.74,-0.186,1.166,-2.66,58,0,171.36,-14.80,10,0.00,3.78,3.80,3.76,3.77,3.79,3.77,3.79,3.78,30.08,22.1,-30,-30,93.3,1362,-19,-190,382,0,0,1012,0,0,1,-1,0,1,-1,-1,-1,-1,-1,-1,0,1,0,0,0,0,0,0,0,0,0,0,0,0,0,0,
2026-04-16,08:51:35.380,7.67,97,100,100,-0.023,53.91,50,0,7.75,-0.170,1.114,-3.40,59,0,171.90,-16.60,10,0.00,3.78,3.80,3.76,3.77,3.79,3.77,3.79,3.78,30.08,25.1,-30,-30,92.6,1364,-14,-270,382,28,0,1013,0,0,1,-1,0,1,-1,-1,-1,-1,-1,-1,0,1,0,0,0,0,0,0,0,0,0,0,0,0,0,0,
2026-04-16,08:51:35.660,7.67,97,100,100,-0.013,52.97,52,0,7.76,-0.197,1.192,-3.33,59,0,171.57,-20.51,10,0.00,3.78,3.80,3.76,3.77,3.79,3.76,3.79,3.78,30.08,25.4,-30,-30,93.2,1366,-14,-270,382,37,0,1013,0,0,1,-1,0,1,-1,-1,-1,-1,-1,-1,0,1,0,0,0,0,0,0,0,0,0,0,0,0,0,0,
2026-04-16,08:51:35.940,7.67,98,100,100,0.017,52.16,53,0,7.76,-0.188,1.216,-3.03,59,0,168.89,-22.36,10,0.00,3.78,3.80,3.76,3.77,3.79,3.76,3.78,3.77,30.08,25.4,-30,-30,91.7,1368,0,-222,383,256,0,1013,0,0,1,-1,0,1,-1,-1,-1,-1,-1,-1,0,1,0,0,0,0,0,0,0,0,0,0,0,0,0,0,
2026-04-16,08:51:36.200,7.67,99,100,100,0.001,51.68,54,0,7.76,-0.155,0.990,-2.33,59,0,164.38,-24.68,10,0.00,3.76,3.79,3.76,3.77,3.79,3.76,3.78,3.77,30.09,25.8,-30,-30,92.2,1370,102,-196,385,344,0,1013,0,0,1,-1,0,1,-1,-1,-1,-1,-1,-1,0,1,0,0,0,0,0,0,0,0,0,0,0,0,0,0,
2026-04-16,08:51:36.460,7.67,100,100,100,0.020,51.40,54,0,7.76,-0.143,0.953,-1.56,57,0,171.23,-24.94,10,0.00,3.76,3.79,3.76,3.77,3.79,3.76,3.78,3.77,30.09,25.8,-30,-30,92.8,1372,142,-213,386,350,0,1013,0,0,1,-1,0,1,-1,-1,-1,-1,-1,-1,0,1,0,0,0,0,0,0,0,0,0,0,0,0,0,0,
2026-04-16,08:51:36.740,7.67,100,100,100,0.028,51.31,54,0,7.76,-0.173,1.131,-0.85,55,0,175.15,-25.18,10,0.00,3.76,3.79,3.76,3.76,3.79,3.76,3.78,3.77,30.09,25.6,-30,-30,93.0,1374,143,-275,388,341,0,1013,0,0,1,-1,0,1,-1,-1,-1,-1,-1,-1,0,1,0,0,0,0,0,0,0,0,0,0,0,0,0,0,
2026-04-16,08:51:37.020,7.67,99,100,100,-0.054,50.90,53,0,7.76,-0.175,1.049,-0.89,57,0,30.65,-27.28,10,0.00,3.76,3.79,3.76,3.76,3.79,3.76,3.78,3.77,30.09,25.6,-30,-30,93.0,1376,134,-194,388,198,0,1013,0,0,1,-1,0,1,-1,-1,-1,-1,-1,-1,0,1,0,0,0,0,0,0,0,0,0,0,0,0,0,0,
2026-04-16,08:51:37.280,7.67,98,100,100,-0.065,50.28,54,0,7.76,-0.186,1.115,-1.79,63,0,-171.03,-27.08,10,0.00,3.76,3.79,3.76,3.76,3.79,3.76,3.78,3.77,30.08,26.0,-30,-30,92.0,1378,121,-213,387,116,0,1013,0,0,1,-1,0,1,-1,-1,-1,-1,-1,-1,0,1,0,0,0,0,0,0,0,0,0,0,0,0,0,0,
2026-04-16,08:51:37.540,7.67,97,100,100,-0.041,49.55,55,0,7.76,-0.176,1.159,-1.33,67,0,-166.14,-27.09,10,0.00,3.76,3.79,3.76,3.76,3.79,3.76,3.78,3.77,30.08,26.0,-30,-30,93.0,1379,94,-171,387,0,0,1013,0,0,1,-1,0,1,-1,-1,-1,-1,-1,-1,0,1,0,0,0,0,0,0,0,0,0,0,0,0,0,0,
2026-04-16,08:51:37.820,7.67,98,100,100,-0.026,49.33,56,0,7.76,-0.167,1.059,-1.04,73,0,-162.13,-28.57,10,0.00,3.76,3.79,3.75,3.76,3.79,3.76,3.78,3.77,30.08,25.6,-30,-30,93.5,1381,47,-84,388,0,0,1013,0,0,1,-1,0,1,-1,-1,-1,-1,-1,-1,0,1,0,0,0,0,0,0,0,0,0,0,0,0,0,0,
2026-04-16,08:51:38.080,7.67,99,100,100,-0.014,49.18,58,0,7.76,-0.127,0.840,-0.73,77,0,-162.55,-27.69,10,0.00,3.76,3.79,3.75,3.76,3.78,3.76,3.78,3.77,30.08,25.6,-30,-30,92.8,1383,26,-98,406,0,0,1012,0,0,1,-1,0,1,-1,-1,-1,-1,-1,-1,0,1,0,0,0,0,0,0,0,0,0,0,0,0,0,0,
2026-04-16,08:51:38.340,7.67,100,100,100,0.005,49.04,59,0,7.76,-0.169,0.870,-0.52,78,0,-162.68,-27.40,10,0.00,3.76,3.79,3.75,3.76,3.78,3.76,3.77,3.77,30.07,26.5,-30,-30,91.3,1385,27,-108,408,0,0,1013,0,0,1,-1,0,1,-1,-1,-1,-1,-1,-1,0,1,0,0,0,0,0,0,0,0,0,0,0,0,0,0,
2026-04-16,08:51:38.620,7.67,100,100,100,0.001,49.07,59,0,7.76,-0.153,0.902,-0.26,78,0,-165.11,-26.34,10,0.00,3.76,3.79,3.75,3.76,3.78,3.76,3.77,3.77,30.07,26.5,-30,-30,90.9,1387,20,-132,407,-66,0,1013,0,0,1,-1,0,1,-1,-1,-1,-1,-1,-1,0,1,0,0,0,0,0,0,0,0,0,0,0,0,0,0,
2026-04-16,08:51:38.880,7.66,100,100,100,-0.012,49.11,60,0,7.76,-0.167,1.020,0.09,76,0,-165.93,-25.90,10,0.00,3.76,3.79,3.75,3.76,3.78,3.76,3.77,3.77,30.06,27.3,-30,-30,92.6,1389,0,-231,407,-120,0,1013,0,0,1,-1,0,1,-1,-1,-1,-1,-1,-1,0,1,0,0,0,0,0,0,0,0,0,0,0,0,0,0,
2026-04-16,08:51:39.140,7.66,100,100,100,-0.004,48.85,61,0,7.76,-0.180,1.093,-0.41,70,0,-168.70,-26.51,10,0.00,3.76,3.79,3.75,3.76,3.78,3.76,3.77,3.77,30.06,27.1,-30,-30,92.8,1391,2,-237,409,-48,0,1013,0,0,1,-1,0,1,-1,-1,-1,-1,-1,-1,0,1,0,0,0,0,0,0,0,0,0,0,0,0,0,0,
2026-04-16,08:51:39.410,7.67,100,100,100,-0.007,48.50,64,0,7.76,-0.189,1.101,-0.94,78,0,-168.91,-27.97,10,0.00,3.76,3.79,3.75,3.76,3.78,3.76,3.77,3.77,30.05,27.1,-30,-30,92.8,1393,0,-214,409,-79,0,1013,0,0,1,-1,0,1,-1,-1,-1,-1,-1,-1,0,1,0,0,0,0,0,0,0,0,0,0,0,0,0,0,
2026-04-16,08:51:39.690,7.66,100,100,100,0.004,47.95,68,0,7.76,-0.178,1.037,-1.42,78,0,-168.86,-31.89,10,0.00,3.76,3.79,3.75,3.76,3.78,3.76,3.77,3.76,30.04,27.2,-30,-30,92.8,1395,0,-167,408,0,0,1013,0,0,1,-1,0,1,-1,-1,-1,-1,-1,-1,0,1,0,0,0,0,0,0,0,0,0,0,0,0,0,0,
2026-04-16,08:51:39.970,7.66,100,100,100,0.003,47.50,71,0,7.76,-0.175,0.973,-0.94,77,0,-170.55,-33.70,10,0.00,3.76,3.78,3.75,3.76,3.78,3.76,3.77,3.76,30.04,27.2,-30,-30,93.0,1397,0,-176,408,0,0,1013,0,0,1,-1,0,1,-1,-1,-1,-1,-1,-1,0,1,0,0,0,0,0,0,0,0,0,0,0,0,0,0,
2026-04-16,08:51:40.230,7.67,100,100,100,0.028,47.65,69,0,7.76,-0.153,0.889,-0.21,76,0,-171.74,-33.12,10,0.00,3.76,3.78,3.75,3.75,3.78,3.76,3.77,3.76,30.04,27.5,-30,-30,90.7,1399,0,-216,408,-77,0,1013,0,0,1,-1,0,1,-1,-1,-1,-1,-1,-1,0,1,0,0,0,0,0,0,0,0,0,0,0,0,0,0,
2026-04-16,08:51:40.490,7.66,100,100,100,0.036,47.79,67,0,7.76,-0.227,1.165,0.39,76,0,-177.13,-33.90,10,0.00,3.76,3.78,3.75,3.75,3.78,3.75,3.77,3.76,30.04,27.5,-30,-30,91.5,1401,-11,-281,409,-204,0,1013,0,0,1,-1,0,1,-1,-1,-1,-1,-1,-1,0,1,0,0,0,0,0,0,0,0,0,0,0,0,0,0,
2026-04-16,08:51:40.770,7.66,100,100,100,0.009,47.69,67,0,7.76,-0.219,1.088,-0.07,68,0,116.16,-35.48,10,0.00,3.76,3.78,3.75,3.75,3.78,3.75,3.77,3.76,30.02,27.8,-30,-30,87.8,1404,-13,-183,430,0,0,1013,0,0,1,-1,0,1,-1,-1,-1,-1,-1,-1,0,1,0,0,0,0,0,0,0,0,0,0,0,0,0,0,
2026-04-16,08:51:41.030,7.67,100,100,100,-0.014,47.71,69,0,7.76,-0.212,1.010,0.03,65,0,177.96,-36.59,10,0.00,3.75,3.78,3.75,3.75,3.78,3.75,3.77,3.76,30.02,27.8,-30,-30,88.5,1406,-12,-164,448,75,0,1013,0,0,1,-1,0,1,-1,-1,-1,-1,-1,-1,0,1,0,0,0,0,0,0,0,0,0,0,0,0,0,0,
2026-04-16,08:51:41.310,7.67,100,100,100,-0.005,47.50,68,0,7.76,-0.220,1.057,-0.41,67,0,-176.46,-35.49,10,0.00,3.75,3.78,3.74,3.75,3.78,3.75,3.77,3.76,29.99,30.2,-30,-30,87.8,1408,0,-184,453,48,0,1013,0,0,1,-1,0,1,-1,-1,-1,-1,-1,-1,0,1,0,0,0,0,0,0,0,0,0,0,0,0,0,0,
2026-04-16,08:51:41.570,7.67,100,100,100,0.013,47.50,62,0,7.76,-0.220,1.000,-0.23,67,0,-176.13,-35.00,10,0.00,3.75,3.78,3.74,3.75,3.77,3.75,3.77,3.76,29.99,30.2,-30,-30,91.7,1410,-1,-169,453,-2,0,1013,0,0,1,-1,0,1,-1,-1,-1,-1,-1,-1,0,1,0,0,0,0,0,0,0,0,0,0,0,0,0,0,
2026-04-16,08:51:41.850,7.66,100,100,100,0.020,47.90,58,0,7.76,-0.224,1.109,0.55,65,0,-179.51,-35.13,10,0.00,3.75,3.78,3.74,3.75,3.77,3.75,3.76,3.75,29.96,30.3,-30,-30,90.9,1412,-23,-151,456,-106,0,1013,0,0,1,-1,0,1,-1,-1,-1,-1,-1,-1,0,1,0,0,0,0,0,0,0,0,0,0,0,0,0,0,
2026-04-16,08:51:42.140,7.66,100,100,100,0.011,48.42,55,0,7.76,-0.202,0.991,0.93,63,0,177.20,-34.22,10,0.00,3.75,3.78,3.74,3.75,3.77,3.75,3.76,3.75,29.96,30.3,-30,-30,89.6,1415,-45,-176,471,-73,0,1013,0,0,1,-1,0,1,-1,-1,-1,-1,-1,-1,0,1,0,0,0,0,0,0,0,0,0,0,0,0,0,0,
2026-04-16,08:51:42.400,7.66,100,100,100,0.012,48.53,53,0,7.76,-0.218,0.998,0.62,57,0,176.20,-33.74,10,0.00,3.74,3.77,3.74,3.75,3.77,3.75,3.76,3.75,29.93,30.9,-30,-30,89.6,1417,-48,-174,472,0,0,1013,0,0,1,-1,0,1,-1,-1,-1,-1,-1,-1,0,1,0,0,0,0,0,0,0,0,0,0,0,0,0,0,
2026-04-16,08:51:42.660,7.66,99,100,100,0.003,48.78,53,0,7.76,-0.246,1.090,0.73,53,0,175.25,-33.89,10,0.00,3.74,3.77,3.74,3.74,3.77,3.75,3.76,3.75,29.93,31.8,-30,-30,89.5,1419,-44,-183,471,0,0,1013,0,0,1,-1,0,1,-1,-1,-1,-1,-1,-1,0,1,0,0,0,0,0,0,0,0,0,0,0,0,0,0,
2026-04-16,08:51:42.940,7.67,99,100,100,0.021,49.00,52,0,7.76,-0.229,1.067,0.68,50,0,173.45,-34.03,10,0.00,3.74,3.77,3.74,3.74,3.76,3.74,3.76,3.75,29.91,31.8,-30,-30,86.5,1422,-35,-185,471,0,0,1013,0,0,1,-1,0,1,-1,-1,-1,-1,-1,-1,0,1,0,0,0,0,0,0,0,0,0,0,0,0,0,0,
2026-04-16,08:51:43.200,7.67,99,100,100,0.059,49.38,52,0,7.76,-0.218,1.003,1.06,46,0,171.92,-33.64,10,0.00,3.74,3.77,3.74,3.74,3.76,3.74,3.75,3.75,29.88,31.8,-30,-30,89.1,1424,0,-215,471,139,0,1013,0,0,1,-1,0,1,-1,-1,-1,-1,-1,-1,0,1,0,0,0,0,0,0,0,0,0,0,0,0,0,0,
2026-04-16,08:51:43.460,7.67,98,100,100,0.076,50.06,52,0,7.76,-0.209,0.875,1.70,50,0,169.44,-33.40,10,0.00,3.74,3.76,3.74,3.74,3.76,3.74,3.75,3.75,29.88,31.8,-30,-30,83.5,1426,52,-94,470,245,0,1013,0,0,1,-1,0,1,-1,-1,-1,-1,-1,-1,0,1,0,0,0,0,0,0,0,0,0,0,0,0,0,0,
2026-04-16,08:51:43.730,7.67,98,100,100,0.028,50.76,52,0,7.73,-0.200,0.853,2.26,54,0,168.41,-33.23,10,0.00,3.74,3.76,3.73,3.73,3.76,3.74,3.75,3.75,29.86,32.0,-30,-30,88.0,1429,179,-183,470,421,0,1013,0,0,1,-1,0,1,-1,-1,-1,-1,-1,-1,0,1,0,0,0,0,0,0,0,0,0,0,0,0,0,0,
2026-04-16,08:51:44.000,7.67,98,100,100,-0.011,51.02,51,0,7.72,-0.238,1.036,1.58,55,0,173.59,-34.09,10,0.00,3.74,3.76,3.73,3.73,3.76,3.73,3.75,3.75,29.86,32.0,-30,-30,89.1,1431,245,-309,471,550,0,1013,0,0,1,-1,0,1,-1,-1,-1,-1,-1,-1,0,1,0,0,0,0,0,0,0,0,0,0,0,0,0,0,
2026-04-16,08:51:44.290,7.67,99,100,100,0.001,51.08,51,0,7.74,-0.276,1.143,0.77,54,0,-171.98,-35.51,10,0.00,3.74,3.76,3.73,3.73,3.76,3.73,3.75,3.74,29.84,32.1,-30,-30,85.9,1434,159,-129,471,50,0,1013,0,0,1,-1,0,1,-1,-1,-1,-1,-1,-1,0,1,0,0,0,0,0,0,0,0,0,0,0,0,0,0,
2026-04-16,08:51:44.550,7.67,99,100,100,0.005,51.30,51,0,7.75,-0.293,1.149,0.66,53,0,-168.12,-37.23,10,0.00,3.74,3.76,3.73,3.73,3.76,3.73,3.75,3.74,29.84,32.1,-30,-30,84.1,1436,90,-104,471,0,0,1013,0,0,1,-1,0,1,-1,-1,-1,-1,-1,-1,0,1,0,0,0,0,0,0,0,0,0,0,0,0,0,0,
2026-04-16,08:51:44.810,7.67,98,100,100,-0.003,52.02,50,0,7.76,-0.248,0.958,1.21,49,0,-168.70,-35.40,10,0.00,3.74,3.76,3.73,3.73,3.76,3.73,3.75,3.74,29.81,32.5,-30,-30,84.1,1438,74,-184,471,0,0,1013,0,0,1,-1,0,1,-1,-1,-1,-1,-1,-1,0,1,0,0,0,0,0,0,0,0,0,0,0,0,0,0,
2026-04-16,08:51:45.070,7.66,98,100,100,0.000,52.27,49,0,7.76,-0.249,0.929,1.01,45,0,-168.95,-34.61,10,0.00,3.74,3.76,3.72,3.73,3.76,3.73,3.75,3.74,29.81,32.5,-30,-30,84.6,1441,56,-175,472,0,0,1013,0,0,1,-1,0,1,-1,-1,-1,-1,-1,-1,0,1,0,0,0,0,0,0,0,0,0,0,0,0,0,0,
2026-04-16,08:51:45.350,7.67,99,100,100,-0.007,52.68,49,0,7.76,-0.235,0.888,1.01,39,0,-167.93,-34.15,10,0.00,3.74,3.76,3.72,3.73,3.76,3.73,3.75,3.74,29.80,32.4,-30,-30,83.7,1443,0,-167,471,-33,0,1013,0,0,1,-1,0,1,-1,-1,-1,-1,-1,-1,0,1,0,0,0,0,0,0,0,0,0,0,0,0,0,0,
2026-04-16,08:51:45.610,7.66,100,100,100,0.001,53.14,49,0,7.76,-0.294,1.115,1.42,41,0,-167.84,-35.21,10,0.00,3.74,3.76,3.72,3.73,3.76,3.73,3.74,3.74,29.80,32.4,-30,-30,86.5,1446,0,-170,471,-96,0,1013,0,0,1,-1,0,1,-1,-1,-1,-1,-1,-1,0,1,0,0,0,0,0,0,0,0,0,0,0,0,0,0,
2026-04-16,08:51:45.870,7.67,100,100,100,0.014,53.58,49,0,7.76,-0.260,0.988,1.47,43,0,-169.51,-35.84,10,0.00,3.73,3.76,3.72,3.73,3.76,3.73,3.74,3.74,29.78,32.4,-30,-30,82.6,1448,0,-164,472,-91,0,1013,0,0,1,-1,0,1,-1,-1,-1,-1,-1,-1,0,1,0,0,0,0,0,0,0,0,0,0,0,0,0,0,
2026-04-16,08:51:46.130,7.67,98,100,100,0.021,54.09,48,0,7.76,-0.225,0.865,1.68,44,0,-175.67,-35.80,10,0.00,3.73,3.76,3.72,3.72,3.76,3.73,3.74,3.74,29.78,32.4,-30,-30,85.2,1450,0,-161,471,-82,0,1013,0,0,1,-1,0,1,-1,-1,-1,-1,-1,-1,0,1,0,0,0,0,0,0,0,0,0,0,0,0,0,0,
2026-04-16,08:51:46.390,7.66,94,100,100,0.023,54.64,47,0,7.76,-0.258,1.014,1.77,45,0,-177.96,-37.15,10,0.00,3.73,3.76,3.72,3.72,3.75,3.72,3.74,3.74,29.77,32.4,-30,-30,83.7,1453,0,-164,472,-69,0,1013,0,0,1,-1,0,1,-1,-1,-1,-1,-1,-1,0,1,0,0,0,0,0,0,0,0,0,0,0,0,0,0,
2026-04-16,08:51:46.650,7.67,89,100,100,0.069,55.18,46,0,7.76,-0.227,0.869,1.89,47,0,175.93,-35.84,10,0.00,3.73,3.76,3.72,3.72,3.75,3.72,3.74,3.73,29.77,32.4,-30,-30,84.1,1455,0,-170,472,-49,0,1013,0,0,1,-1,0,1,-1,-1,-1,-1,-1,-1,0,1,0,0,0,0,0,0,0,0,0,0,0,0,0,0,
2026-04-16,08:51:46.910,7.67,85,99,99,0.041,55.84,44,0,7.76,-0.244,1.007,1.98,43,0,172.50,-35.23,10,0.00,3.73,3.76,3.72,3.72,3.75,3.72,3.74,3.73,29.75,32.3,-30,-30,84.1,1457,23,-247,473,111,0,1013,0,0,1,-1,0,1,-1,-1,-1,-1,-1,-1,0,1,0,0,0,0,0,0,0,0,0,0,0,0,0,0,
2026-04-16,08:51:47.180,7.67,83,99,99,0.023,56.40,43,0,7.76,-0.230,0.873,2.10,45,0,169.59,-34.46,10,0.00,3.73,3.75,3.72,3.72,3.75,3.72,3.74,3.73,29.74,32.6,-30,-30,83.7,1460,0,-362,495,0,0,1013,0,0,1,-1,0,1,-1,-1,-1,-1,-1,-1,0,1,0,0,0,0,0,0,0,0,0,0,0,0,0,0,
2026-04-16,08:51:47.460,7.67,77,99,99,-0.009,57.00,41,0,7.71,-0.348,1.298,1.83,47,0,170.17,-37.94,10,0.00,3.73,3.75,3.72,3.72,3.75,3.72,3.74,3.73,29.74,32.6,-30,-30,85.0,1462,-258,-600,677,-441,0,1013,0,0,1,-1,0,1,-1,-1,-1,-1,-1,-1,0,1,0,0,0,0,0,0,0,0,0,0,0,0,0,0,
2026-04-16,08:51:47.720,7.67,69,99,99,-0.012,56.87,41,0,7.74,-0.448,1.552,0.18,49,0,167.56,-42.83,10,0.00,3.73,3.75,3.72,3.72,3.75,3.72,3.74,3.73,29.61,46.0,-30,-30,84.3,1465,-252,-572,692,-363,0,1013,0,0,1,-1,0,1,-1,-1,-1,-1,-1,-1,0,1,0,0,0,0,0,0,0,0,0,0,0,0,0,0,
2026-04-16,08:51:48.000,7.67,68,99,99,0.042,56.71,40,0,7.75,-0.524,1.727,-0.37,47,0,154.34,-52.79,10,0.00,3.73,3.75,3.72,3.72,3.75,3.72,3.72,3.72,29.61,46.0,-30,-30,83.7,1468,-246,-390,691,-335,0,1013,0,0,1,-1,0,1,-1,-1,-1,-1,-1,-1,0,1,0,0,0,0,0,0,0,0,0,0,0,0,0,0,
2026-04-16,08:51:48.270,7.66,77,97,97,0.006,57.17,42,0,7.76,-0.449,1.313,0.60,42,0,139.10,-55.17,10,0.00,3.70,3.72,3.72,3.72,3.75,3.72,3.72,3.72,29.51,49.0,-30,-30,83.3,1472,-249,-393,690,-215,0,1013,0,0,1,-1,0,1,-1,-1,-1,-1,-1,-1,0,1,0,0,0,0,0,0,0,0,0,0,0,0,0,0,
2026-04-16,08:51:48.540,7.67,90,96,96,0.025,58.16,44,0,7.73,-0.420,1.395,2.10,42,0,117.09,-52.25,10,0.00,3.70,3.72,3.68,3.69,3.75,3.72,3.72,3.72,29.51,49.0,-30,-30,86.5,1476,-162,-484,676,129,0,1013,0,0,1,-1,0,1,-1,-1,-1,-1,-1,-1,0,1,0,0,0,0,0,0,0,0,0,0,0,0,0,0,
2026-04-16,08:51:48.810,7.67,98,98,96,0.044,59.63,45,0,7.75,-0.395,1.364,3.85,46,0,94.99,-46.23,10,0.00,3.70,3.72,3.68,3.69,3.70,3.68,3.72,3.72,29.44,47.6,-30,-30,85.4,1479,-175,-542,671,122,0,1013,0,0,1,-1,0,1,-1,-1,-1,-1,-1,-1,0,1,0,0,0,0,0,0,0,0,0,0,0,0,0,0,
2026-04-16,08:51:49.080,7.67,99,99,95,0.000,61.30,46,0,7.75,-0.365,1.420,5.19,47,0,86.34,-42.34,10,0.00,3.70,3.72,3.68,3.69,3.70,3.68,3.69,3.69,29.44,47.6,-30,-30,83.5,1483,-93,-513,668,487,0,1013,0,0,1,-1,0,1,-1,-1,-1,-1,-1,-1,0,1,0,0,0,0,0,0,0,0,0,0,0,0,0,0,
2026-04-16,08:51:49.340,7.67,100,100,95,-0.011,62.63,46,0,7.71,-0.410,1.368,4.94,48,0,76.71,-33.21,10,0.00,3.70,3.72,3.68,3.69,3.70,3.68,3.69,3.69,29.37,46.8,-30,-30,83.7,1486,122,-471,672,809,0,1013,0,0,1,-1,0,1,-1,-1,-1,-1,-1,-1,0,1,0,0,0,0,0,0,0,0,0,0,0,0,0,0,
2026-04-16,08:51:49.600,7.67,99,99,95,0.002,63.72,46,0,7.74,-0.382,1.387,4.31,49,0,86.36,-24.81,10,0.00,3.68,3.70,3.68,3.69,3.70,3.68,3.69,3.69,29.37,46.8,-30,-30,83.7,1490,45,-583,672,581,0,1013,0,0,1,-1,0,1,-1,-1,-1,-1,-1,-1,0,1,0,0,0,0,0,0,0,0,0,0,0,0,0,0,
2026-04-16,08:51:49.860,7.67,98,98,95,0.053,64.59,46,0,7.71,-0.381,1.203,3.54,47,0,93.21,-21.56,10,0.00,3.68,3.70,3.66,3.68,3.70,3.68,3.69,3.69,29.37,47.1,-30,-30,84.3,1493,-36,-662,593,203,0,1013,0,0,1,-1,0,1,-1,-1,-1,-1,-1,-1,0,1,0,0,0,0,0,0,0,0,0,0,0,0,0,0,
2026-04-16,08:51:50.120,7.67,96,96,94,0.049,65.67,45,0,7.74,-0.494,1.650,3.53,42,0,83.32,-15.10,10,0.00,3.68,3.70,3.66,3.68,3.69,3.67,3.69,3.69,29.37,47.1,-30,-30,81.1,1496,-36,-680,578,281,0,1013,0,0,1,-1,0,1,-1,-1,-1,-1,-1,-1,0,1,0,0,0,0,0,0,0,0,0,0,0,0,0,0,
2026-04-16,08:51:50.380,7.66,91,93,93,0.023,66.49,45,0,7.75,-0.468,1.538,1.56,40,0,75.90,-10.88,10,0.00,3.68,3.70,3.66,3.68,3.69,3.67,3.69,3.68,29.36,40.1,-30,-30,78.0,1499,93,-628,582,598,0,1013,0,0,1,-1,0,1,-1,-1,-1,-1,-1,-1,0,1,0,0,0,0,0,0,0,0,0,0,0,0,0,0,
2026-04-16,08:51:50.650,7.67,86,93,93,-0.004,66.63,44,0,7.75,-0.473,1.468,0.84,41,0,76.29,-1.73,10,0.00,3.68,3.71,3.66,3.68,3.69,3.67,3.69,3.68,29.36,40.1,-30,-30,76.7,1502,65,-686,578,439,0,1013,0,0,1,-1,0,1,-1,-1,-1,-1,-1,-1,0,1,0,0,0,0,0,0,0,0,0,0,0,0,0,0,
2026-04-16,08:51:50.930,7.67,85,94,94,0.004,66.78,43,0,7.74,-0.454,1.491,0.60,39,0,85.35,7.21,10,0.00,3.68,3.71,3.67,3.68,3.69,3.67,3.69,3.68,29.34,40.9,-30,-30,75.6,1506,21,-702,494,403,0,1013,0,0,1,-1,0,1,-1,-1,-1,-1,-1,-1,0,1,0,0,0,0,0,0,0,0,0,0,0,0,0,0,
2026-04-16,08:51:51.200,7.67,89,94,94,0.020,66.84,42,0,7.75,-0.447,1.563,0.40,43,0,88.13,11.88,10,0.00,3.68,3.71,3.67,3.68,3.70,3.68,3.69,3.68,29.36,34.6,-30,-30,75.9,1508,110,-695,483,561,0,1013,0,0,1,-1,0,1,-1,-1,-1,-1,-1,-1,0,1,0,0,0,0,0,0,0,0,0,0,0,0,0,0,
2026-04-16,08:51:51.460,7.66,94,94,94,0.007,66.84,45,0,7.74,-0.439,1.518,0.18,48,0,89.75,21.88,10,0.00,3.68,3.71,3.67,3.68,3.70,3.68,3.70,3.69,29.36,34.6,-30,-30,75.4,1511,190,-693,483,579,0,1013,0,0,1,-1,0,1,-1,-1,-1,-1,-1,-1,0,1,0,0,0,0,0,0,0,0,0,0,0,0,0,0,
2026-04-16,08:51:51.730,7.66,97,97,94,0.015,66.46,50,0,7.75,-0.413,1.436,-0.59,52,0,93.14,26.37,10,0.00,3.68,3.71,3.67,3.68,3.70,3.68,3.70,3.69,29.39,34.1,-30,-30,78.7,1514,211,-636,482,573,0,1013,0,0,1,-1,0,1,-1,-1,-1,-1,-1,-1,0,1,0,0,0,0,0,0,0,0,0,0,0,0,0,0,
2026-04-16,08:51:51.990,7.67,100,100,94,-0.001,65.91,51,0,7.75,-0.372,1.451,-1.38,52,0,100.59,33.02,10,0.00,3.69,3.72,3.67,3.68,3.70,3.68,3.70,3.69,29.39,34.1,-30,-30,78.7,1516,315,-644,483,694,0,1013,0,0,1,-1,0,1,-1,-1,-1,-1,-1,-1,0,1,0,0,0,0,0,0,0,0,0,0,0,0,0,0,
2026-04-16,08:51:52.250,7.67,100,100,96,-0.028,65.09,51,0,7.71,-0.365,1.649,-2.18,54,0,105.19,34.37,10,0.00,3.69,3.72,3.69,3.70,3.70,3.68,3.70,3.69,29.42,33.1,-30,-30,85.2,1518,429,-693,484,705,0,1013,0,0,1,-1,0,1,-1,-1,-1,-1,-1,-1,0,1,0,0,0,0,0,0,0,0,0,0,0,0,0,0,
2026-04-16,08:51:52.510,7.66,99,99,97,-0.082,63.85,48,0,7.72,-0.348,1.565,-3.33,57,0,113.53,33.50,10,0.00,3.69,3.72,3.69,3.70,3.71,3.69,3.70,3.69,29.42,33.1,-30,-30,86.5,1521,467,-717,484,709,0,1012,0,0,1,-1,0,1,-1,-1,-1,-1,-1,-1,0,1,0,0,0,0,0,0,0,0,0,0,0,0,0,0,
2026-04-16,08:51:52.780,7.66,95,97,97,-0.089,62.27,45,0,7.74,-0.439,1.896,-4.54,58,0,140.31,26.53,10,0.00,3.69,3.72,3.69,3.70,3.71,3.69,3.71,3.70,29.44,32.7,-30,-30,88.3,1523,484,-703,483,555,0,1012,0,0,1,-1,0,1,-1,-1,-1,-1,-1,-1,0,1,0,0,0,0,0,0,0,0,0,0,0,0,0,0,
2026-04-16,08:51:53.050,7.67,91,98,98,-0.049,58.67,42,0,7.74,-0.393,1.715,-5.97,57,0,154.32,23.48,10,0.00,3.70,3.72,3.69,3.70,3.71,3.69,3.71,3.70,29.44,32.7,-30,-30,88.2,1526,435,-513,481,251,0,1013,0,0,1,-1,0,1,-1,-1,-1,-1,-1,-1,0,1,0,0,0,0,0,0,0,0,0,0,0,0,0,0,
2026-04-16,08:51:53.310,7.67,91,98,98,-0.051,57.09,43,0,7.72,-0.396,1.702,-5.80,54,0,160.93,14.48,10,0.00,3.70,3.72,3.69,3.70,3.71,3.69,3.71,3.70,29.47,32.5,-30,-30,88.5,1528,325,-325,404,0,0,1013,0,0,1,-1,0,1,-1,-1,-1,-1,-1,-1,0,1,0,0,0,0,0,0,0,0,0,0,0,0,0,0,
2026-04-16,08:51:53.570,7.67,94,97,97,-0.087,55.98,44,0,7.75,-0.288,1.411,-4.92,55,0,161.40,12.39,10,0.00,3.70,3.72,3.69,3.70,3.72,3.70,3.71,3.70,29.47,32.5,-30,-30,90.4,1530,289,-231,369,56,0,1013,0,0,1,-1,0,1,-1,-1,-1,-1,-1,-1,0,1,0,0,0,0,0,0,0,0,0,0,0,0,0,0,
2026-04-16,08:51:53.850,7.67,98,98,97,-0.137,55.59,43,0,7.75,-0.178,1.147,-2.79,52,0,170.49,10.52,10,0.00,3.70,3.72,3.69,3.70,3.72,3.70,3.71,3.70,29.56,24.7,-30,-30,92.0,1533,283,-258,288,0,0,1013,0,0,1,-1,0,1,-1,-1,-1,-1,-1,-1,0,1,0,0,0,0,0,0,0,0,0,0,0,0,0,0,
2026-04-16,08:51:54.120,7.67,98,98,97,-0.136,55.22,43,0,7.76,-0.169,1.111,-1.79,53,0,-171.13,8.94,10,0.00,3.70,3.72,3.69,3.70,3.72,3.70,3.72,3.72,29.56,24.7,-30,-30,89.3,1534,272,-252,288,0,0,1013,0,0,1,-1,0,1,-1,-1,-1,-1,-1,-1,0,1,0,0,0,0,0,0,0,0,0,0,0,0,0,0,
2026-04-16,08:51:54.380,7.66,98,98,98,-0.117,54.91,46,0,7.76,-0.175,1.168,-1.31,54,0,-168.61,8.22,10,0.00,3.72,3.74,3.69,3.70,3.72,3.70,3.72,3.72,29.64,19.8,-30,-30,89.3,1536,162,-238,288,-84,0,1013,0,0,1,-1,0,1,-1,-1,-1,-1,-1,-1,0,1,0,0,0,0,0,0,0,0,0,0,0,0,0,0,
2026-04-16,08:51:54.640,7.67,99,99,98,-0.045,54.33,48,0,7.71,-0.181,1.155,-1.65,55,0,-159.45,7.31,10,0.00,3.72,3.74,3.72,3.72,3.72,3.70,3.72,3.72,29.64,19.8,-30,-30,90.2,1537,-3,-263,319,-384,0,1012,0,0,1,-1,0,1,-1,-1,-1,-1,-1,-1,0,1,0,0,0,0,0,0,0,0,0,0,0,0,0,0,
2026-04-16,08:51:54.900,7.66,100,100,98,-0.051,53.71,49,0,7.74,-0.171,1.033,-2.01,54,0,-159.01,6.64,10,0.00,3.72,3.74,3.72,3.72,3.76,3.73,3.72,3.72,29.70,20.1,-30,-30,88.5,1539,-33,-253,357,-325,0,1013,0,0,1,-1,0,1,-1,-1,-1,-1,-1,-1,0,1,0,0,0,0,0,0,0,0,0,0,0,0,0,0,
2026-04-16,08:51:55.160,7.67,99,99,98,-0.023,53.34,50,0,7.75,-0.199,1.122,-1.56,53,0,-163.84,1.00,10,0.00,3.72,3.74,3.72,3.72,3.76,3.73,3.74,3.74,29.70,24.3,-30,-30,89.5,1540,-23,-246,358,-270,0,1013,0,0,1,-1,0,1,-1,-1,-1,-1,-1,-1,0,1,0,0,0,0,0,0,0,0,0,0,0,0,0,0,
2026-04-16,08:51:55.440,7.67,99,99,98,-0.015,52.93,49,0,7.76,-0.181,1.060,-1.53,54,0,-167.84,-3.19,10,0.00,3.73,3.75,3.72,3.72,3.76,3.73,3.74,3.74,29.73,24.3,-30,-30,89.3,1542,0,-209,358,-183,0,1013,0,0,1,-1,0,1,-1,-1,-1,-1,-1,-1,0,1,0,0,0,0,0,0,0,0,0,0,0,0,0,0,
2026-04-16,08:51:55.700,7.66,98,98,98,0.003,52.72,48,0,7.76,-0.207,1.153,-1.13,56,0,-170.25,-6.15,10,0.00,3.73,3.75,3.72,3.73,3.76,3.73,3.74,3.74,29.75,24.3,-30,-30,87.4,1544,0,-255,359,-133,0,1013,0,0,1,-1,0,1,-1,-1,-1,-1,-1,-1,0,1,0,0,0,0,0,0,0,0,0,0,0,0,0,0,
2026-04-16,08:51:55.970,7.67,99,99,98,0.001,52.50,48,0,7.76,-0.187,1.031,-0.49,59,0,-175.42,-9.65,10,0.00,3.73,3.75,3.72,3.73,3.75,3.72,3.74,3.74,29.75,24.3,-30,-30,86.9,1546,97,-271,361,0,0,1013,0,0,1,-1,0,1,-1,-1,-1,-1,-1,-1,0,1,0,0,0,0,0,0,0,0,0,0,0,0,0,0,
2026-04-16,08:51:56.230,7.67,99,99,98,0.011,52.52,49,0,7.70,-0.201,1.049,-0.16,60,0,-177.65,-11.60,10,0.00,3.73,3.75,3.72,3.73,3.75,3.72,3.74,3.74,29.71,26.1,-30,-30,86.9,1548,228,-296,484,468,0,1013,0,0,1,-1,0,1,-1,-1,-1,-1,-1,-1,0,1,0,0,0,0,0,0,0,0,0,0,0,0,0,0,
2026-04-16,08:51:56.500,7.66,100,100,98,0.013,52.50,53,0,7.68,-0.268,1.032,-0.07,61,0,-177.24,-15.30,10,0.00,3.73,3.75,3.72,3.73,3.75,3.72,3.74,3.73,29.71,26.1,-30,-30,85.2,1550,277,-282,499,565,0,1013,0,0,1,-1,0,1,-1,-1,-1,-1,-1,-1,0,1,0,0,0,0,0,0,0,0,0,0,0,0,0,0,
2026-04-16,08:51:56.770,7.67,100,100,98,0.017,52.61,55,0,7.73,-0.259,1.030,0.16,62,0,-167.43,-17.56,10,0.00,3.72,3.75,3.72,3.73,3.75,3.72,3.74,3.73,29.68,34.0,-30,-30,85.2,1552,309,-351,513,535,0,1013,0,0,1,-1,0,1,-1,-1,-1,-1,-1,-1,0,1,0,0,0,0,0,0,0,0,0,0,0,0,0,0,
2026-04-16,08:51:57.050,7.67,100,100,98,0.011,52.74,59,0,7.71,-0.274,1.122,0.36,62,0,-162.07,-18.72,10,0.00,3.72,3.75,3.71,3.71,3.75,3.72,3.74,3.73,29.68,34.0,-30,-30,85.6,1554,322,-463,567,534,0,1013,0,0,1,-1,0,1,-1,-1,-1,-1,-1,-1,0,1,0,0,0,0,0,0,0,0,0,0,0,0,0,0,
2026-04-16,08:51:57.310,7.67,100,100,98,0.019,52.80,62,0,7.73,-0.358,1.273,0.29,60,0,-153.06,-22.35,10,0.00,3.72,3.75,3.71,3.71,3.73,3.71,3.74,3.73,29.60,37.0,-30,-30,84.1,1557,331,-495,592,466,0,1013,0,0,1,-1,0,1,-1,-1,-1,-1,-1,-1,0,1,0,0,0,0,0,0,0,0,0,0,0,0,0,0,
2026-04-16,08:51:57.570,7.67,100,100,99,0.000,52.92,63,0,7.75,-0.389,1.343,0.29,58,0,-148.33,-24.01,10,0.00,3.72,3.75,3.71,3.71,3.73,3.71,3.71,3.71,29.60,37.0,-30,-30,82.4,1560,346,-526,597,490,0,1013,0,0,1,-1,0,1,-1,-1,-1,-1,-1,-1,0,1,0,0,0,0,0,0,0,0,0,0,0,0,0,0,
2026-04-16,08:51:57.830,7.67,99,100,99,-0.008,52.95,63,0,7.74,-0.390,1.384,0.26,54,0,-134.54,-25.94,10,0.00,3.70,3.72,3.71,3.71,3.73,3.71,3.71,3.71,29.52,40.2,-30,-30,83.2,1562,260,-622,597,205,0,1013,0,0,1,-1,0,1,-1,-1,-1,-1,-1,-1,0,1,0,0,0,0,0,0,0,0,0,0,0,0,0,0,
2026-04-16,08:51:58.090,7.66,99,100,100,0.044,53.21,60,0,7.75,-0.476,1.602,0.55,53,0,-127.74,-28.97,10,0.00,3.70,3.72,3.68,3.69,3.73,3.71,3.71,3.71,29.52,40.2,-30,-30,80.7,1565,271,-595,595,332,0,1013,0,0,1,-1,0,1,-1,-1,-1,-1,-1,-1,0,1,0,0,0,0,0,0,0,0,0,0,0,0,0,0,
2026-04-16,08:51:58.350,7.67,99,100,100,0.042,53.21,55,0,7.75,-0.477,1.523,1.01,53,0,-126.98,-29.76,10,0.00,3.70,3.72,3.68,3.69,3.73,3.71,3.71,3.71,29.46,41.2,-30,-30,78.3,1568,291,-566,594,440,0,1013,0,0,1,-1,0,1,-1,-1,-1,-1,-1,-1,0,1,0,0,0,0,0,0,0,0,0,0,0,0,0,0,
2026-04-16,08:51:58.610,7.67,99,100,100,0.031,54.30,51,0,7.76,-0.438,1.333,1.74,55,0,-121.31,-30.07,10,0.00,3.70,3.72,3.68,3.69,3.70,3.68,3.71,3.71,29.46,41.2,-30,-30,78.3,1571,309,-555,594,466,0,1013,0,0,1,-1,0,1,-1,-1,-1,-1,-1,-1,0,1,0,0,0,0,0,0,0,0,0,0,0,0,0,0,
2026-04-16,08:51:58.880,7.67,95,100,100,0.035,56.32,49,0,7.76,-0.452,1.360,3.33,55,0,-116.15,-29.74,10,0.00,3.70,3.72,3.68,3.69,3.70,3.68,3.69,3.69,29.40,41.9,-30,-30,76.7,1574,329,-558,594,479,0,1013,0,0,1,-1,0,1,-1,-1,-1,-1,-1,-1,0,1,0,0,0,0,0,0,0,0,0,0,0,0,0,0,
2026-04-16,08:51:59.140,7.66,93,100,100,0.083,57.63,46,0,7.76,-0.460,1.293,3.94,57,0,-108.93,-28.28,10,0.00,3.68,3.70,3.68,3.69,3.70,3.68,3.69,3.69,29.40,41.7,-30,-30,74.1,1577,324,-567,595,462,0,1013,0,0,1,-1,0,1,-1,-1,-1,-1,-1,-1,0,1,0,0,0,0,0,0,0,0,0,0,0,0,0,0,
2026-04-16,08:51:59.400,7.67,94,100,100,0.074,59.05,47,0,7.76,-0.433,1.187,4.63,59,0,-110.12,-27.26,10,0.00,3.68,3.70,3.67,3.68,3.70,3.68,3.69,3.69,29.35,41.7,-30,-30,72.4,1580,359,-562,595,637,0,1013,0,0,1,-1,0,1,-1,-1,-1,-1,-1,-1,0,1,0,0,0,0,0,0,0,0,0,0,0,0,0,0,
2026-04-16,08:51:59.670,7.66,97,100,100,0.050,60.39,47,0,7.76,-0.440,1.196,4.69,59,0,-110.81,-24.01,10,0.00,3.68,3.70,3.67,3.68,3.69,3.67,3.69,3.69,29.35,42.1,-30,-30,71.1,1584,411,-560,595,655,0,1013,0,0,1,-1,0,1,-1,-1,-1,-1,-1,-1,0,1,0,0,0,0,0,0,0,0,0,0,0,0,0,0,
2026-04-16,08:51:59.940,7.67,97,100,100,0.063,61.51,44,0,7.76,-0.467,1.159,4.27,58,0,-100.57,-18.64,10,0.00,3.68,3.70,3.67,3.68,3.69,3.67,3.68,3.68,29.31,42.1,-30,-30,69.1,1587,399,-566,594,566,0,1012,0,0,1,-1,0,1,-1,-1,-1,-1,-1,-1,0,1,0,0,0,0,0,0,0,0,0,0,0,0,0,0,
2026-04-16,08:52:00.220,7.66,94,100,100,0.077,62.68,41,0,7.74,-0.441,1.187,4.06,58,0,-95.92,-15.69,10,0.00,3.67,3.70,3.67,3.68,3.69,3.67,3.68,3.68,29.28,42.3,-30,-30,66.7,1590,233,-569,593,269,0,1013,0,0,1,-1,0,1,-1,-1,-1,-1,-1,-1,0,1,0,0,0,0,0,0,0,0,0,0,0,0,0,0,
2026-04-16,08:52:00.480,7.67,93,100,100,0.099,63.80,41,0,7.75,-0.456,1.155,4.02,57,0,-96.70,-10.30,10,0.00,3.67,3.70,3.66,3.67,3.69,3.67,3.68,3.68,29.28,42.3,-30,-30,66.5,1593,229,-548,591,286,0,1013,0,0,1,-1,0,1,-1,-1,-1,-1,-1,-1,0,1,0,0,0,0,0,0,0,0,0,0,0,0,0,0,
2026-04-16,08:52:00.740,7.67,95,100,100,0.082,64.83,41,0,7.76,-0.471,1.257,3.80,56,0,-98.80,-7.62,10,0.00,3.67,3.70,3.66,3.67,3.69,3.67,3.68,3.68,29.24,42.1,-30,-30,66.1,1596,263,-535,592,457,0,1013,0,0,1,-1,0,1,-1,-1,-1,-1,-1,-1,0,1,0,0,0,0,0,0,0,0,0,0,0,0,0,0,
2026-04-16,08:52:01.030,7.67,89,100,100,0.070,65.58,39,0,7.76,-0.407,1.024,3.14,55,0,-102.32,-2.75,10,0.00,3.67,3.70,3.66,3.67,3.68,3.67,3.68,3.68,29.24,42.1,-30,-30,66.1,1600,271,-499,591,544,0,1013,0,0,1,-1,0,1,-1,-1,-1,-1,-1,-1,0,1,0,0,0,0,0,0,0,0,0,0,0,0,0,0,
2026-04-16,08:52:01.290,7.67,88,100,100,0.071,67.13,40,0,7.76,-0.427,1.107,2.81,51,0,-103.39,1.63,10,0.00,3.67,3.70,3.66,3.67,3.68,3.67,3.68,3.67,29.22,41.7,-30,-30,71.3,1603,284,-556,591,372,0,1013,0,0,1,-1,0,1,-1,-1,-1,-1,-1,-1,0,1,0,0,0,0,0,0,0,0,0,0,0,0,0,0,
2026-04-16,08:52:01.550,7.66,89,100,100,0.055,67.49,43,0,7.76,-0.453,1.292,2.04,49,0,-103.99,3.89,10,0.00,3.66,3.69,3.66,3.67,3.68,3.67,3.68,3.67,29.22,41.7,-30,-30,73.0,1605,280,-724,592,46,0,1012,0,0,1,-1,0,1,-1,-1,-1,-1,-1,-1,0,1,0,0,0,0,0,0,0,0,0,0,0,0,0,0,
2026-04-16,08:52:01.820,7.66,93,100,100,0.056,67.60,46,0,7.76,-0.432,1.378,1.01,52,0,-107.13,7.76,10,0.00,3.66,3.69,3.65,3.67,3.68,3.67,3.68,3.67,29.21,41.7,-30,-30,73.7,1609,264,-557,591,244,0,1013,0,0,1,-1,0,1,-1,-1,-1,-1,-1,-1,0,1,0,0,0,0,0,0,0,0,0,0,0,0,0,0,
2026-04-16,08:52:02.090,7.67,95,100,100,0.042,67.59,47,0,7.76,-0.463,1.373,0.39,50,0,-114.21,9.68,10,0.00,3.66,3.69,3.65,3.67,3.68,3.66,3.68,3.67,29.21,41.7,-30,-30,73.5,1612,270,-588,591,232,0,1013,0,0,1,-1,0,1,-1,-1,-1,-1,-1,-1,0,1,0,0,0,0,0,0,0,0,0,0,0,0,0,0,
2026-04-16,08:52:02.370,7.66,95,100,100,0.040,67.54,48,0,7.76,-0.440,1.306,-0.03,49,0,-114.78,10.98,10,0.00,3.66,3.69,3.65,3.67,3.68,3.66,3.67,3.67,29.19,41.4,-30,-30,73.5,1615,270,-602,591,192,0,1013,0,0,1,-1,0,1,-1,-1,-1,-1,-1,-1,0,1,0,0,0,0,0,0,0,0,0,0,0,0,0,0,
2026-04-16,08:52:02.630,7.67,100,100,100,0.046,67.73,48,0,7.76,-0.479,1.513,0.32,49,0,-117.71,12.09,10,0.00,3.66,3.69,3.65,3.67,3.68,3.66,3.67,3.67,29.19,41.4,-30,-30,76.1,1618,271,-627,583,183,0,1013,0,0,1,-1,0,1,-1,-1,-1,-1,-1,-1,0,1,0,0,0,0,0,0,0,0,0,0,0,0,0,0,
2026-04-16,08:52:02.890,7.67,100,100,100,0.029,67.85,48,0,7.76,-0.438,1.458,0.48,51,0,-120.44,12.12,10,0.00,3.66,3.69,3.65,3.66,3.68,3.66,3.67,3.67,29.18,41.4,-30,-30,78.0,1621,266,-610,576,217,0,1013,0,0,1,-1,0,1,-1,-1,-1,-1,-1,-1,0,1,0,0,0,0,0,0,0,0,0,0,0,0,0,0,
2026-04-16,08:52:03.160,7.67,100,100,100,0.064,67.76,49,0,7.76,-0.451,1.457,-0.04,53,0,-124.14,11.41,10,0.00,3.66,3.69,3.65,3.66,3.68,3.66,3.67,3.67,29.18,39.9,-30,-30,76.3,1624,264,-607,574,236,0,1013,0,0,1,-1,0,1,-1,-1,-1,-1,-1,-1,0,1,0,0,0,0,0,0,0,0,0,0,0,0,0,0,
2026-04-16,08:52:03.420,7.67,100,100,100,0.038,67.94,50,0,7.76,-0.444,1.406,0.35,50,0,-132.31,9.82,10,0.00,3.66,3.69,3.65,3.66,3.68,3.66,3.67,3.67,29.17,39.9,-30,-30,76.3,1627,270,-629,574,232,0,1013,0,0,1,-1,0,1,-1,-1,-1,-1,-1,-1,0,1,0,0,0,0,0,0,0,0,0,0,0,0,0,0,
2026-04-16,08:52:03.700,7.66,100,100,100,0.029,68.01,51,0,7.76,-0.445,1.435,0.25,51,0,-133.73,8.96,10,0.00,3.66,3.69,3.65,3.66,3.68,3.66,3.67,3.67,29.16,40.1,-30,-30,76.1,1630,270,-616,573,265,0,1013,0,0,1,-1,0,1,-1,-1,-1,-1,-1,-1,0,1,0,0,0,0,0,0,0,0,0,0,0,0,0,0,
2026-04-16,08:52:03.960,7.66,100,100,100,0.033,68.01,52,0,7.76,-0.468,1.496,0.29,52,0,-134.99,5.79,10,0.00,3.66,3.69,3.65,3.66,3.68,3.66,3.67,3.67,29.16,40.1,-30,-30,75.9,1633,261,-619,573,241,0,1013,0,0,1,-1,0,1,-1,-1,-1,-1,-1,-1,0,1,0,0,0,0,0,0,0,0,0,0,0,0,0,0,
2026-04-16,08:52:04.220,7.67,100,100,100,0.023,68.20,53,0,7.76,-0.442,1.381,0.29,52,0,-135.19,4.22,10,0.00,3.66,3.69,3.65,3.66,3.68,3.66,3.67,3.67,29.15,40.1,-30,-30,76.1,1636,249,-564,573,296,0,1013,0,0,1,-1,0,1,-1,-1,-1,-1,-1,-1,0,1,0,0,0,0,0,0,0,0,0,0,0,0,0,0,
2026-04-16,08:52:04.490,7.67,100,100,100,0.067,68.43,55,0,7.76,-0.446,1.420,0.55,51,0,-135.62,0.43,10,0.00,3.66,3.69,3.65,3.66,3.68,3.66,3.67,3.67,29.15,40.1,-30,-30,76.3,1639,242,-483,542,363,0,1013,0,0,1,-1,0,1,-1,-1,-1,-1,-1,-1,0,1,0,0,0,0,0,0,0,0,0,0,0,0,0,0,
2026-04-16,08:52:04.760,7.67,100,100,100,0.073,68.79,56,0,7.76,-0.349,1.141,0.90,50,0,-140.98,-1.24,10,0.00,3.66,3.69,3.65,3.66,3.68,3.66,3.68,3.67,29.17,40.1,-30,-30,77.2,1642,252,-499,520,324,0,1013,0,0,1,-1,0,1,-1,-1,-1,-1,-1,-1,0,1,0,0,0,0,0,0,0,0,0,0,0,0,0,0,
2026-04-16,08:52:05.040,7.67,100,100,100,0.056,69.32,56,0,7.76,-0.328,1.104,1.44,49,0,-142.90,-1.90,10,0.00,3.66,3.69,3.65,3.66,3.68,3.66,3.68,3.67,29.17,40.1,-30,-30,76.3,1645,256,-530,516,304,0,1013,0,0,1,-1,0,1,-1,-1,-1,-1,-1,-1,0,1,0,0,0,0,0,0,0,0,0,0,0,0,0,0,
2026-04-16,08:52:05.300,7.66,100,100,100,0.011,69.53,55,0,7.76,-0.352,1.246,1.28,46,0,-145.10,-4.20,10,0.00,3.66,3.69,3.65,3.67,3.68,3.66,3.68,3.67,29.19,35.5,-30,-30,77.4,1648,252,-532,515,297,0,1013,0,0,1,-1,0,1,-1,-1,-1,-1,-1,-1,0,1,0,0,0,0,0,0,0,0,0,0,0,0,0,0,
2026-04-16,08:52:05.570,7.66,99,100,100,0.030,69.37,52,0,7.76,-0.366,1.295,0.19,48,0,-137.63,-6.54,10,0.00,3.66,3.69,3.65,3.67,3.68,3.67,3.68,3.67,29.19,35.5,-30,-30,77.6,1650,249,-527,515,306,0,1013,0,0,1,-1,0,1,-1,-1,-1,-1,-1,-1,0,1,0,0,0,0,0,0,0,0,0,0,0,0,0,0,
2026-04-16,08:52:05.840,7.67,99,99,98,0.060,69.15,51,0,7.76,-0.401,1.368,-0.51,47,0,-135.25,-7.68,10,0.00,3.66,3.69,3.65,3.67,3.68,3.67,3.68,3.67,29.20,35.4,-30,-30,75.6,1653,246,-528,514,325,0,1013,0,0,1,-1,0,1,-1,-1,-1,-1,-1,-1,0,1,0,0,0,0,0,0,0,0,0,0,0,0,0,0,
2026-04-16,08:52:06.120,7.67,99,99,98,0.070,69.10,50,0,7.76,-0.366,1.236,-0.28,48,0,-137.45,-8.90,10,0.00,3.66,3.69,3.65,3.67,3.68,3.67,3.68,3.68,29.20,35.4,-30,-30,76.9,1656,248,-532,515,215,0,1012,0,0,1,-1,0,1,-1,-1,-1,-1,-1,-1,0,1,0,0,0,0,0,0,0,0,0,0,0,0,0,0,
2026-04-16,08:52:06.380,7.67,99,99,98,0.038,69.03,50,0,7.76,-0.371,1.311,-0.07,51,0,-143.45,-10.60,10,0.00,3.67,3.70,3.65,3.67,3.68,3.67,3.68,3.68,29.21,35.5,-30,-30,76.9,1658,266,-352,515,451,0,1013,0,0,1,-1,0,1,-1,-1,-1,-1,-1,-1,0,1,0,0,0,0,0,0,0,0,0,0,0,0,0,0,
2026-04-16,08:52:06.640,7.67,99,99,98,0.005,68.66,49,0,7.73,-0.380,1.307,-0.76,53,0,-139.53,-11.08,10,0.00,3.67,3.70,3.66,3.67,3.68,3.67,3.68,3.68,29.21,35.5,-30,-30,76.7,1661,270,-452,493,367,0,1013,0,0,1,-1,0,1,-1,-1,-1,-1,-1,-1,0,1,0,0,0,0,0,0,0,0,0,0,0,0,0,0,
2026-04-16,08:52:06.900,7.67,99,99,98,0.005,68.39,48,0,7.75,-0.299,1.177,-1.08,54,0,-122.68,-8.41,10,0.00,3.67,3.70,3.66,3.67,3.68,3.67,3.68,3.68,29.23,35.0,-30,-30,79.6,1663,265,-457,487,365,0,1013,0,0,1,-1,0,1,-1,-1,-1,-1,-1,-1,0,1,0,0,0,0,0,0,0,0,0,0,0,0,0,0,
2026-04-16,08:52:07.170,7.67,100,100,98,0.024,68.33,47,0,7.75,-0.276,1.159,-0.48,60,0,-117.81,-8.15,10,0.00,3.67,3.70,3.66,3.67,3.68,3.67,3.68,3.68,29.23,33.1,-30,-30,82.4,1666,252,-525,487,195,0,1013,0,0,1,-1,0,1,-1,-1,-1,-1,-1,-1,0,1,0,0,0,0,0,0,0,0,0,0,0,0,0,0,
2026-04-16,08:52:07.450,7.67,100,100,98,0.039,68.02,49,0,7.71,-0.302,1.304,-0.73,63,0,-116.36,-6.94,10,0.00,3.67,3.70,3.66,3.67,3.68,3.67,3.68,3.68,29.25,33.1,-30,-30,82.8,1669,70,-591,493,-101,0,1013,0,0,1,-1,0,1,-1,-1,-1,-1,-1,-1,0,1,0,0,0,0,0,0,0,0,0,0,0,0,0,0,
2026-04-16,08:52:07.730,7.67,100,100,98,-0.001,67.35,49,0,7.73,-0.362,1.584,-1.54,65,0,-121.56,-6.61,10,0.00,3.67,3.70,3.66,3.67,3.68,3.67,3.68,3.68,29.26,33.5,-30,-30,82.6,1671,34,-591,496,-84,0,1013,0,0,1,-1,0,1,-1,-1,-1,-1,-1,-1,0,1,0,0,0,0,0,0,0,0,0,0,0,0,0,0,
2026-04-16,08:52:07.990,7.66,99,99,98,-0.030,66.33,47,0,7.75,-0.383,1.600,-2.67,65,0,-123.32,-7.23,10,0.00,3.67,3.70,3.66,3.67,3.69,3.67,3.68,3.68,29.26,33.5,-30,-30,84.6,1674,32,-599,496,-61,0,1013,0,0,1,-1,0,1,-1,-1,-1,-1,-1,-1,0,1,0,0,0,0,0,0,0,0,0,0,0,0,0,0,
2026-04-16,08:52:08.250,7.67,97,98,98,0.041,64.90,45,0,7.75,-0.417,1.704,-4.01,63,0,-121.41,-10.02,10,0.00,3.67,3.70,3.66,3.67,3.69,3.67,3.68,3.68,29.27,33.4,-30,-30,84.6,1676,26,-573,495,-21,0,1012,0,0,1,-1,0,1,-1,-1,-1,-1,-1,-1,0,1,0,0,0,0,0,0,0,0,0,0,0,0,0,0,
2026-04-16,08:52:08.530,7.67,94,98,98,0.059,63.54,46,0,7.76,-0.374,1.552,-4.55,64,0,-125.35,-12.35,10,0.00,3.67,3.70,3.66,3.67,3.69,3.67,3.68,3.68,29.27,33.4,-30,-30,86.3,1679,30,-557,495,0,0,1012,0,0,1,-1,0,1,-1,-1,-1,-1,-1,-1,0,1,0,0,0,0,0,0,0,0,0,0,0,0,0,0,
2026-04-16,08:52:08.810,7.67,96,98,98,0.045,61.45,48,0,7.76,-0.333,1.463,-3.67,64,0,-136.07,-16.35,10,0.00,3.67,3.70,3.66,3.67,3.69,3.67,3.68,3.68,29.28,33.0,-30,-30,86.3,1681,85,-345,490,197,0,1013,0,0,1,-1,0,1,-1,-1,-1,-1,-1,-1,0,1,0,0,0,0,0,0,0,0,0,0,0,0,0,0,
2026-04-16,08:52:09.070,7.66,97,98,98,0.025,60.32,50,0,7.74,-0.260,1.218,-3.72,61,0,-140.04,-18.12,10,0.00,3.67,3.70,3.66,3.68,3.69,3.67,3.68,3.68,29.28,33.0,-30,-30,86.3,1684,165,-417,489,342,0,1013,0,0,1,-1,0,1,-1,-1,-1,-1,-1,-1,0,1,0,0,0,0,0,0,0,0,0,0,0,0,0,0,
2026-04-16,08:52:09.350,7.66,100,100,98,0.012,59.43,53,0,7.75,-0.249,1.287,-3.44,62,0,-138.06,-18.23,10,0.00,3.67,3.70,3.66,3.68,3.69,3.67,3.68,3.68,29.31,32.1,-30,-30,90.2,1686,215,-573,482,250,0,1013,0,0,1,-1,0,1,-1,-1,-1,-1,-1,-1,0,1,0,0,0,0,0,0,0,0,0,0,0,0,0,0,
2026-04-16,08:52:09.610,7.67,100,100,98,-0.024,58.45,56,0,7.73,-0.297,1.499,-3.38,62,0,-132.77,-21.89,10,0.00,3.67,3.70,3.66,3.68,3.69,3.67,3.69,3.68,29.31,32.1,-30,-30,92.0,1688,218,-491,444,354,0,1012,0,0,1,-1,0,1,-1,-1,-1,-1,-1,-1,0,1,0,0,0,0,0,0,0,0,0,0,0,0,0,0,
2026-04-16,08:52:09.890,7.67,100,100,100,0.005,57.67,61,0,7.75,-0.299,1.473,-3.11,66,0,-124.63,-23.66,10,0.00,3.68,3.70,3.66,3.68,3.69,3.67,3.69,3.68,29.34,30.8,-30,-30,88.9,1691,227,-478,420,440,0,1013,0,0,1,-1,0,1,-1,-1,-1,-1,-1,-1,0,1,0,0,0,0,0,0,0,0,0,0,0,0,0,0,
2026-04-16,08:52:10.150,7.67,100,100,100,-0.001,57.25,64,0,7.76,-0.239,1.319,-2.15,68,0,-121.93,-23.22,10,0.00,3.68,3.70,3.67,3.68,3.69,3.67,3.69,3.68,29.34,27.4,-30,-30,89.6,1693,246,-501,416,426,0,1013,0,0,1,-1,0,1,-1,-1,-1,-1,-1,-1,0,1,0,0,0,0,0,0,0,0,0,0,0,0,0,0,
2026-04-16,08:52:10.410,7.67,100,100,100,-0.004,56.99,66,0,7.76,-0.281,1.440,-1.42,68,0,-112.49,-21.66,10,0.00,3.68,3.70,3.67,3.68,3.70,3.68,3.69,3.68,29.37,27.4,-30,-30,88.9,1695,259,-509,417,348,0,1013,0,0,1,-1,0,1,-1,-1,-1,-1,-1,-1,0,1,0,0,0,0,0,0,0,0,0,0,0,0,0,0,
2026-04-16,08:52:10.700,7.67,100,100,100,0.009,56.85,65,0,7.73,-0.278,1.424,-0.84,64,0,-108.92,-20.24,10,0.00,3.68,3.70,3.67,3.68,3.70,3.68,3.70,3.69,29.40,27.5,-30,-30,87.0,1697,258,-570,416,262,0,1012,0,0,1,-1,0,1,-1,-1,-1,-1,-1,-1,0,1,0,0,0,0,0,0,0,0,0,0,0,0,0,0,
2026-04-16,08:52:10.960,7.67,100,100,100,-0.025,56.92,62,0,7.70,-0.312,1.544,-0.31,65,0,-104.88,-16.16,10,0.00,3.69,3.71,3.67,3.68,3.70,3.68,3.70,3.69,29.40,27.5,-30,-30,86.5,1699,99,-600,418,-58,0,1013,0,0,1,-1,0,1,-1,-1,-1,-1,-1,-1,0,1,0,0,0,0,0,0,0,0,0,0,0,0,0,0,
2026-04-16,08:52:11.240,7.67,100,100,100,-0.012,56.94,60,0,7.73,-0.347,1.563,0.12,67,0,-101.47,-11.57,10,0.00,3.69,3.71,3.67,3.68,3.70,3.68,3.70,3.69,29.41,28.4,-30,-30,86.5,1701,-24,-428,419,-329,0,1013,0,0,1,-1,0,1,-1,-1,-1,-1,-1,-1,0,1,0,0,0,0,0,0,0,0,0,0,0,0,0,0,
2026-04-16,08:52:11.500,7.66,100,100,100,0.009,56.93,59,0,7.75,-0.339,1.411,-0.01,67,0,-101.07,-9.76,10,0.00,3.69,3.71,3.68,3.69,3.70,3.68,3.70,3.69,29.41,28.4,-30,-30,84.5,1703,-153,-329,439,-501,0,1013,0,0,1,-1,0,1,-1,-1,-1,-1,-1,-1,0,1,0,0,0,0,0,0,0,0,0,0,0,0,0,0,
2026-04-16,08:52:11.760,7.67,97,100,100,0.019,57.32,55,0,7.75,-0.245,1.079,0.67,64,0,-109.21,-7.77,10,0.00,3.69,3.71,3.68,3.69,3.70,3.69,3.70,3.69,29.41,29.4,-30,-30,83.7,1706,-214,-312,450,-565,0,1013,0,0,1,-1,0,1,-1,-1,-1,-1,-1,-1,0,1,0,0,0,0,0,0,0,0,0,0,0,0,0,0,
2026-04-16,08:52:12.030,7.66,97,100,100,0.020,57.52,50,0,7.73,-0.251,1.088,0.83,56,0,-114.64,-8.14,10,0.00,3.69,3.71,3.68,3.69,3.70,3.69,3.70,3.69,29.41,29.4,-30,-30,83.5,1708,-283,-328,452,-648,0,1013,0,0,1,-1,0,1,-1,-1,-1,-1,-1,-1,0,1,0,0,0,0,0,0,0,0,0,0,0,0,0,0,
2026-04-16,08:52:12.310,7.66,97,100,100,0.017,57.57,48,0,7.75,-0.273,1.173,0.47,54,0,-127.16,-11.08,10,0.00,3.69,3.71,3.68,3.69,3.70,3.69,3.70,3.69,29.41,30.5,-30,-30,84.5,1710,-295,-316,457,-562,0,1013,0,0,1,-1,0,1,-1,-1,-1,-1,-1,-1,0,1,0,0,0,0,0,0,0,0,0,0,0,0,0,0,
2026-04-16,08:52:12.590,7.66,100,100,100,0.026,57.64,50,0,7.76,-0.290,1.170,0.31,54,0,-141.89,-16.30,10,0.00,3.69,3.71,3.68,3.69,3.70,3.69,3.70,3.69,29.41,30.5,-30,-30,83.7,1712,-185,-195,458,0,0,1013,0,0,1,-1,0,1,-1,-1,-1,-1,-1,-1,0,1,0,0,0,0,0,0,0,0,0,0,0,0,0,0,
2026-04-16,08:52:12.850,7.66,100,100,99,0.038,57.87,52,0,7.73,-0.277,1.087,0.53,52,0,-146.91,-19.03,10,0.00,3.69,3.71,3.68,3.69,3.70,3.68,3.70,3.69,29.40,31.1,-30,-30,83.2,1715,0,-122,481,0,0,1013,0,0,1,-1,0,1,-1,-1,-1,-1,-1,-1,0,1,0,0,0,0,0,0,0,0,0,0,0,0,0,0,
2026-04-16,08:52:13.120,7.67,100,100,99,0.065,58.29,52,0,7.75,-0.205,0.740,0.98,54,0,-155.22,-21.88,10,0.00,3.69,3.71,3.68,3.69,3.70,3.68,3.70,3.69,29.40,31.1,-30,-30,82.6,1717,0,-41,491,0,0,1013,0,0,1,-1,0,1,-1,-1,-1,-1,-1,-1,0,1,0,0,0,0,0,0,0,0,0,0,0,0,0,0,
2026-04-16,08:52:13.400,7.67,100,100,99,0.052,59.37,51,0,7.76,-0.227,0.796,1.76,56,0,-159.53,-23.72,10,0.00,3.68,3.71,3.68,3.69,3.70,3.68,3.70,3.69,29.38,32.8,-30,-30,80.7,1720,0,-254,557,124,0,1013,0,0,1,-1,0,1,-1,-1,-1,-1,-1,-1,0,1,0,0,0,0,0,0,0,0,0,0,0,0,0,0,
2026-04-16,08:52:13.680,7.67,97,99,99,0.036,59.42,48,0,7.76,-0.256,0.853,0.90,57,0,-160.72,-25.07,10,0.00,3.68,3.71,3.67,3.68,3.70,3.68,3.70,3.69,29.38,38.4,-30,-30,83.7,1722,0,-276,578,148,0,1013,0,0,1,-1,0,1,-1,-1,-1,-1,-1,-1,0,1,0,0,0,0,0,0,0,0,0,0,0,0,0,0,
2026-04-16,08:52:13.950,7.67,96,99,99,0.032,59.41,45,0,7.73,-0.319,1.069,0.30,59,0,-162.20,-29.04,10,0.00,3.68,3.71,3.67,3.68,3.69,3.67,3.70,3.69,29.33,38.4,-30,-30,83.5,1725,-48,-484,586,-171,0,1013,0,0,1,-1,0,1,-1,-1,-1,-1,-1,-1,0,1,0,0,0,0,0,0,0,0,0,0,0,0,0,0,
2026-04-16,08:52:14.220,7.66,95,99,99,0.025,59.34,44,0,7.69,-0.419,1.525,-0.05,60,0,-165.18,-36.38,10,0.00,3.68,3.71,3.67,3.68,3.69,3.67,3.70,3.69,29.21,41.9,-30,-30,83.5,1728,-128,-706,723,-265,0,1012,0,0,1,-1,0,1,-1,-1,-1,-1,-1,-1,0,1,0,0,0,0,0,0,0,0,0,0,0,0,0,0,
2026-04-16,08:52:14.480,7.67,96,99,99,0.026,59.00,41,0,7.72,-0.555,1.892,-0.60,60,0,-167.60,-44.75,10,0.00,3.68,3.71,3.67,3.68,3.69,3.67,3.68,3.67,29.21,41.9,-30,-30,84.6,1731,-164,-675,729,-244,0,1012,0,0,1,-1,0,1,-1,-1,-1,-1,-1,-1,0,1,0,0,0,0,0,0,0,0,0,0,0,0,0,0,
2026-04-16,08:52:14.740,7.66,96,99,99,0.025,58.53,40,0,7.74,-0.595,1.843,-1.34,58,0,-175.36,-60.62,10,0.00,3.65,3.68,3.67,3.68,3.69,3.67,3.68,3.67,29.11,52.1,-30,-30,80.2,1734,-117,-617,729,0,0,1013,0,0,1,-1,0,1,-1,-1,-1,-1,-1,-1,0,1,0,0,0,0,0,0,0,0,0,0,0,0,0,0,
2026-04-16,08:52:15.020,7.66,97,99,99,0.043,58.84,41,0,7.75,-0.590,1.751,-0.21,58,0,158.21,-66.23,10,0.00,3.65,3.68,3.64,3.65,3.69,3.67,3.68,3.67,29.11,52.1,-30,-30,78.7,1738,-110,-614,726,0,0,1013,0,0,1,-1,0,1,-1,-1,-1,-1,-1,-1,0,1,0,0,0,0,0,0,0,0,0,0,0,0,0,0,
2026-04-16,08:52:15.280,7.67,97,99,99,0.070,59.65,41,0,7.76,-0.545,1.450,1.58,58,0,126.41,-70.70,10,0.00,3.65,3.68,3.64,3.65,3.65,3.64,3.68,3.67,29.02,51.9,-30,-30,74.6,1742,-44,-613,711,305,0,1013,0,0,1,-1,0,1,-1,-1,-1,-1,-1,-1,0,1,0,0,0,0,0,0,0,0,0,0,0,0,0,0,
2026-04-16,08:52:15.540,7.67,95,99,99,0.038,60.94,41,0,7.73,-0.512,1.328,3.26,53,0,100.27,-67.81,10,0.00,3.65,3.68,3.64,3.65,3.65,3.64,3.64,3.63,29.02,51.9,-30,-30,72.2,1746,136,-646,703,586,0,1013,0,0,1,-1,0,1,-1,-1,-1,-1,-1,-1,0,1,0,0,0,0,0,0,0,0,0,0,0,0,0,0,
2026-04-16,08:52:15.830,7.67,93,99,99,0.028,63.77,41,0,7.72,-0.511,1.314,4.27,56,0,72.84,-56.13,10,0.00,3.62,3.65,3.64,3.65,3.65,3.64,3.64,3.63,28.96,51.9,-30,-30,70.6,1750,189,-677,700,589,0,1013,0,0,1,-1,0,1,-1,-1,-1,-1,-1,-1,0,1,0,0,0,0,0,0,0,0,0,0,0,0,0,0,
2026-04-16,08:52:16.090,7.67,93,99,99,0.031,64.97,43,0,7.73,-0.514,1.312,4.54,56,0,64.82,-42.23,10,0.00,3.62,3.65,3.62,3.62,3.65,3.64,3.64,3.63,28.96,51.9,-30,-30,68.7,1754,148,-693,699,479,0,1013,0,0,1,-1,0,1,-1,-1,-1,-1,-1,-1,0,1,0,0,0,0,0,0,0,0,0,0,0,0,0,0,
2026-04-16,08:52:16.360,7.67,96,99,99,0.048,65.82,44,0,7.75,-0.502,1.286,3.58,51,0,62.80,-34.84,10,0.00,3.62,3.65,3.62,3.62,3.64,3.62,3.64,3.63,28.90,50.2,-30,-30,68.7,1757,153,-710,697,512,0,1013,0,0,1,-1,0,1,-1,-1,-1,-1,-1,-1,0,1,0,0,0,0,0,0,0,0,0,0,0,0,0,0,
2026-04-16,08:52:16.620,7.67,96,98,98,0.036,66.39,43,0,7.75,-0.523,1.379,2.79,48,0,58.46,-18.87,10,0.00,3.62,3.65,3.62,3.62,3.64,3.62,3.64,3.63,28.90,50.2,-30,-30,68.7,1761,200,-731,695,603,0,1013,0,0,1,-1,0,1,-1,-1,-1,-1,-1,-1,0,1,0,0,0,0,0,0,0,0,0,0,0,0,0,0,
2026-04-16,08:52:16.900,7.67,98,99,99,0.035,66.49,45,0,7.70,-0.510,1.334,1.37,48,0,61.09,-2.80,10,0.00,3.62,3.65,3.62,3.62,3.64,3.62,3.64,3.62,28.86,50.2,-30,-30,68.2,1765,304,-673,696,790,0,1013,0,0,1,-1,0,1,-1,-1,-1,-1,-1,-1,0,1,0,0,0,0,0,0,0,0,0,0,0,0,0,0,
2026-04-16,08:52:17.170,7.66,97,99,99,0.028,66.16,47,0,7.72,-0.506,1.372,-0.04,49,0,63.70,4.80,10,0.00,3.62,3.64,3.62,3.62,3.64,3.62,3.64,3.62,28.86,49.8,-30,-30,68.2,1769,314,-738,697,795,0,1013,0,0,1,-1,0,1,-1,-1,-1,-1,-1,-1,0,1,0,0,0,0,0,0,0,0,0,0,0,0,0,0,
2026-04-16,08:52:17.430,7.67,96,99,99,0.037,65.51,46,0,7.71,-0.477,1.346,-1.36,47,0,71.87,17.94,10,0.00,3.62,3.64,3.61,3.62,3.64,3.62,3.64,3.62,28.83,49.8,-30,-30,72.4,1772,364,-753,696,824,0,1013,0,0,1,-1,0,1,-1,-1,-1,-1,-1,-1,0,1,0,0,0,0,0,0,0,0,0,0,0,0,0,0,
2026-04-16,08:52:17.690,7.67,88,99,99,0.015,64.69,42,0,7.74,-0.543,1.376,-2.28,49,0,75.44,23.46,10,0.00,3.62,3.64,3.61,3.62,3.64,3.61,3.64,3.62,28.83,49.3,-30,-30,75.0,1776,363,-774,696,559,0,1013,0,0,1,-1,0,1,-1,-1,-1,-1,-1,-1,0,1,0,0,0,0,0,0,0,0,0,0,0,0,0,0,
2026-04-16,08:52:17.950,7.66,86,99,99,-0.026,63.41,40,0,7.75,-0.508,1.674,-3.30,50,0,83.09,31.18,10,0.00,3.62,3.64,3.61,3.62,3.64,3.61,3.63,3.62,28.80,49.3,-30,-30,78.2,1780,382,-733,697,720,0,1013,0,0,1,-1,0,1,-1,-1,-1,-1,-1,-1,0,1,0,0,0,0,0,0,0,0,0,0,0,0,0,0,
2026-04-16,08:52:18.230,7.66,84,99,99,-0.015,61.33,41,0,7.73,-0.520,1.836,-5.58,51,0,106.34,34.40,10,0.00,3.61,3.64,3.61,3.62,3.64,3.61,3.63,3.62,28.78,49.0,-30,-30,83.2,1783,433,-706,697,854,0,1012,0,0,1,-1,0,1,-1,-1,-1,-1,-1,-1,0,1,0,0,0,0,0,0,0,0,0,0,0,0,0,0,
2026-04-16,08:52:18.510,7.67,90,99,99,0.015,56.78,43,0,7.75,-0.508,1.776,-7.69,51,0,115.86,35.38,10,0.00,3.61,3.64,3.61,3.61,3.64,3.61,3.63,3.62,28.78,49.0,-30,-30,86.1,1787,441,-519,697,545,0,1013,0,0,1,-1,0,1,-1,-1,-1,-1,-1,-1,0,1,0,0,0,0,0,0,0,0,0,0,0,0,0,0,
2026-04-16,08:52:18.770,7.67,92,99,99,-0.020,54.69,44,0,7.71,-0.425,1.579,-7.44,51,0,122.42,35.21,10,0.00,3.61,3.64,3.61,3.61,3.63,3.61,3.63,3.62,28.77,47.6,-30,-30,90.2,1791,431,-655,697,717,0,1013,0,0,1,-1,0,1,-1,-1,-1,-1,-1,-1,0,1,0,0,0,0,0,0,0,0,0,0,0,0,0,0,
2026-04-16,08:52:19.040,7.67,97,99,99,-0.113,52.62,45,0,7.73,-0.384,1.923,-7.32,50,0,127.26,32.67,10,0.00,3.61,3.64,3.61,3.61,3.63,3.61,3.63,3.62,28.77,47.6,-30,-30,90.2,1794,473,-661,698,797,0,1013,0,0,1,-1,0,1,-1,-1,-1,-1,-1,-1,0,1,0,0,0,0,0,0,0,0,0,0,0,0,0,0,
2026-04-16,08:52:19.320,7.67,92,99,99,-0.113,52.62,43,0,7.71,-0.463,1.911,-7.17,52,0,155.80,23.27,10,0.00,3.61,3.64,3.61,3.61,3.63,3.61,3.63,3.62,28.76,47.1,-30,-30,93.2,1798,371,-515,699,0,0,1012,0,0,1,-1,0,1,-1,-1,-1,-1,-1,-1,0,1,0,0,0,0,0,0,0,0,0,0,0,0,0,0,
2026-04-16,08:52:19.580,7.66,88,99,99,0.000,48.84,41,0,7.69,-0.465,1.799,-6.73,52,0,163.19,14.47,10,0.00,3.61,3.64,3.61,3.61,3.63,3.61,3.63,3.62,28.76,47.1,-30,-30,92.8,1801,104,-103,699,-282,0,1012,0,0,1,-1,0,1,-1,-1,-1,-1,-1,-1,0,1,0,0,0,0,0,0,0,0,0,0,0,0,0,0,
2026-04-16,08:52:19.850,7.67,84,99,99,-0.008,47.64,39,0,7.70,-0.327,1.215,-5.27,52,0,163.19,14.47,10,0.00,3.61,3.64,3.61,3.62,3.63,3.61,3.63,3.62,28.76,46.7,-30,-30,93.0,1805,0,-94,638,0,0,1013,0,0,1,-1,0,1,-1,-1,-1,-1,-1,-1,0,1,0,0,0,0,0,0,0,0,0,0,0,0,0,0,
2026-04-16,08:52:20.120,7.67,84,98,98,-0.059,46.98,36,0,7.74,-0.254,0.992,-3.58,53,0,156.87,14.00,10,0.00,3.61,3.64,3.61,3.62,3.64,3.61,3.63,3.62,28.76,46.7,-30,-30,94.6,1808,0,-171,494,0,0,1013,0,0,1,-1,0,1,-1,-1,-1,-1,-1,-1,0,1,0,0,0,0,0,0,0,0,0,0,0,0,0,0,
2026-04-16,08:52:20.380,7.66,86,98,98,-0.034,46.71,36,0,7.75,-0.196,1.135,-2.02,55,0,166.99,6.33,10,0.00,3.61,3.64,3.61,3.62,3.64,3.61,3.64,3.63,28.85,35.7,-30,-30,95.2,1811,0,-175,479,0,0,1013,0,0,1,-1,0,1,-1,-1,-1,-1,-1,-1,0,1,0,0,0,0,0,0,0,0,0,0,0,0,0,0,
2026-04-16,08:52:20.640,7.67,90,99,99,-0.023,46.53,37,0,7.75,-0.194,1.062,-1.07,58,0,168.90,4.89,10,0.00,3.63,3.65,3.61,3.62,3.64,3.61,3.64,3.63,28.85,35.7,-30,-30,92.8,1814,0,-66,479,0,0,1013,0,0,1,-1,0,1,-1,-1,-1,-1,-1,-1,0,1,0,0,0,0,0,0,0,0,0,0,0,0,0,0,
2026-04-16,08:52:20.900,7.67,94,99,99,0.000,46.44,38,0,7.76,-0.160,0.855,-0.69,60,0,169.21,2.24,10,0.00,3.63,3.65,3.64,3.64,3.64,3.61,3.64,3.63,28.93,30.2,-30,-30,92.0,1816,0,-5,479,-85,0,1013,0,0,1,-1,0,1,-1,-1,-1,-1,-1,-1,0,1,0,0,0,0,0,0,0,0,0,0,0,0,0,0,
2026-04-16,08:52:21.160,7.67,93,99,99,0.000,46.69,38,0,7.76,-0.149,0.795,0.30,62,0,168.75,1.34,10,0.00,3.63,3.65,3.64,3.64,3.64,3.61,3.64,3.63,28.93,30.2,-30,-30,92.8,1818,0,-239,481,0,0,1013,0,0,1,-1,0,1,-1,-1,-1,-1,-1,-1,0,1,0,0,0,0,0,0,0,0,0,0,0,0,0,0,
2026-04-16,08:52:21.440,7.67,91,99,99,-0.006,46.51,38,0,7.70,-0.175,0.953,-0.19,62,0,167.11,-0.67,10,0.00,3.63,3.65,3.64,3.64,3.66,3.65,3.64,3.63,28.99,30.6,-30,-30,93.0,1820,136,-266,481,281,0,1013,0,0,1,-1,0,1,-1,-1,-1,-1,-1,-1,0,1,0,0,0,0,0,0,0,0,0,0,0,0,0,0,
2026-04-16,08:52:21.720,7.66,93,99,99,-0.018,46.09,39,0,7.73,-0.244,1.170,-0.83,63,0,171.85,-7.11,10,0.00,3.63,3.65,3.64,3.64,3.66,3.65,3.66,3.66,29.03,30.7,-30,-30,93.0,1823,140,-255,480,299,0,1013,0,0,1,-1,0,1,-1,-1,-1,-1,-1,-1,0,1,0,0,0,0,0,0,0,0,0,0,0,0,0,0,
2026-04-16,08:52:22.000,7.67,97,99,99,-0.029,45.48,42,0,7.75,-0.251,1.207,-1.72,63,0,176.77,-8.22,10,0.00,3.65,3.68,3.64,3.64,3.66,3.65,3.66,3.66,29.03,30.7,-30,-30,91.3,1825,138,-189,480,201,0,1012,0,0,1,-1,0,1,-1,-1,-1,-1,-1,-1,0,1,0,0,0,0,0,0,0,0,0,0,0,0,0,0,
2026-04-16,08:52:22.260,7.66,97,99,99,-0.018,45.17,44,0,7.75,-0.203,1.108,-1.48,63,0,-175.20,-10.44,10,0.00,3.65,3.68,3.65,3.65,3.66,3.65,3.66,3.66,29.07,30.9,-30,-30,90.4,1827,92,-65,480,0,0,1013,0,0,1,-1,0,1,-1,-1,-1,-1,-1,-1,0,1,0,0,0,0,0,0,0,0,0,0,0,0,0,0,
2026-04-16,08:52:22.520,7.67,98,99,99,0.017,45.07,47,0,7.76,-0.156,0.986,-0.81,65,0,-174.70,-11.09,10,0.00,3.65,3.68,3.65,3.65,3.67,3.66,3.66,3.66,29.07,30.9,-30,-30,92.6,1830,50,-73,480,0,0,1013,0,0,1,-1,0,1,-1,-1,-1,-1,-1,-1,0,1,0,0,0,0,0,0,0,0,0,0,0,0,0,0,
2026-04-16,08:52:22.800,7.66,99,99,99,-0.001,45.16,49,0,7.76,-0.120,0.835,-0.14,68,0,-176.36,-11.87,10,0.00,3.65,3.68,3.65,3.65,3.67,3.66,3.67,3.66,29.11,29.9,-30,-30,95.4,1832,32,-104,479,0,0,1013,0,0,1,-1,0,1,-1,-1,-1,-1,-1,-1,0,1,0,0,0,0,0,0,0,0,0,0,0,0,0,0,
2026-04-16,08:52:23.090,7.67,99,99,99,-0.003,44.87,50,0,7.74,-0.124,0.853,-0.52,68,0,-172.88,-13.78,10,0.00,3.66,3.68,3.65,3.65,3.67,3.66,3.67,3.66,29.11,29.9,-30,-30,97.0,1834,0,-203,480,-151,0,1013,0,0,1,-1,0,1,-1,-1,-1,-1,-1,-1,0,1,0,0,0,0,0,0,0,0,0,0,0,0,0,0,
2026-04-16,08:52:23.350,7.67,98,99,99,-0.007,44.80,52,0,7.75,-0.175,1.131,-0.40,69,0,-172.21,-15.81,10,0.00,3.66,3.68,3.65,3.66,3.67,3.66,3.67,3.66,29.14,29.6,-30,-30,94.8,1837,0,-230,480,-225,0,1013,0,0,1,-1,0,1,-1,-1,-1,-1,-1,-1,0,1,0,0,0,0,0,0,0,0,0,0,0,0,0,0,
2026-04-16,08:52:23.610,7.67,98,99,99,-0.020,44.78,54,0,7.76,-0.206,1.183,-0.09,71,0,-177.24,-19.28,10,0.00,3.66,3.68,3.65,3.66,3.67,3.66,3.67,3.66,29.14,29.6,-30,-30,94.3,1839,0,-77,478,-216,0,1013,0,0,1,-1,0,1,-1,-1,-1,-1,-1,-1,0,1,0,0,0,0,0,0,0,0,0,0,0,0,0,0,
2026-04-16,08:52:23.890,7.67,99,100,99,-0.043,44.44,56,0,7.76,-0.148,0.884,-0.76,71,0,-179.71,-21.63,10,0.00,3.66,3.68,3.65,3.66,3.67,3.66,3.67,3.67,29.16,30.0,-30,-30,94.5,1841,0,-6,479,0,0,1013,0,0,1,-1,0,1,-1,-1,-1,-1,-1,-1,0,1,0,0,0,0,0,0,0,0,0,0,0,0,0,0,
2026-04-16,08:52:24.160,7.67,99,100,100,-0.024,44.26,57,0,7.76,-0.124,0.756,-0.72,71,0,-179.45,-21.01,10,0.00,3.66,3.68,3.65,3.66,3.67,3.66,3.67,3.67,29.16,30.0,-30,-30,94.8,1843,0,-25,479,0,0,1013,0,0,1,-1,0,1,-1,-1,-1,-1,-1,-1,0,1,0,0,0,0,0,0,0,0,0,0,0,0,0,0,
2026-04-16,08:52:24.420,7.67,99,100,100,0.006,44.14,57,0,7.76,-0.135,0.797,-0.55,73,0,-178.70,-22.60,10,0.00,3.66,3.69,3.65,3.66,3.67,3.66,3.67,3.67,29.18,29.9,-30,-30,94.8,1845,0,-70,481,0,0,1012,0,0,1,-1,0,1,-1,-1,-1,-1,-1,-1,0,1,0,0,0,0,0,0,0,0,0,0,0,0,0,0,
2026-04-16,08:52:24.680,7.66,99,100,100,0.021,44.24,56,0,7.76,-0.141,0.848,-0.09,73,0,-179.70,-23.54,10,0.00,3.66,3.69,3.65,3.66,3.67,3.66,3.67,3.67,29.18,30.1,-30,-30,93.7,1848,0,-200,481,0,0,1013,0,0,1,-1,0,1,-1,-1,-1,-1,-1,-1,0,1,0,0,0,0,0,0,0,0,0,0,0,0,0,0,
2026-04-16,08:52:24.940,7.66,100,100,100,0.037,44.25,51,0,7.76,-0.168,0.942,0.12,73,0,179.21,-24.78,10,0.00,3.66,3.69,3.65,3.66,3.67,3.66,3.67,3.67,29.20,30.1,-30,-30,94.1,1850,0,-204,514,59,0,1013,0,0,1,-1,0,1,-1,-1,-1,-1,-1,-1,0,1,0,0,0,0,0,0,0,0,0,0,0,0,0,0,
2026-04-16,08:52:25.200,7.67,98,100,100,0.004,44.10,49,0,7.76,-0.206,1.071,-0.23,73,0,178.92,-25.69,10,0.00,3.66,3.69,3.65,3.66,3.67,3.66,3.67,3.67,29.20,32.7,-30,-30,93.2,1852,0,-142,516,83,0,1013,0,0,1,-1,0,1,-1,-1,-1,-1,-1,-1,0,1,0,0,0,0,0,0,0,0,0,0,0,0,0,0,
2026-04-16,08:52:25.470,7.66,96,100,100,0.017,43.66,52,0,7.76,-0.197,1.076,-0.97,73,0,178.16,-27.80,10,0.00,3.66,3.68,3.65,3.66,3.67,3.66,3.67,3.67,29.20,32.7,-30,-30,94.1,1854,0,-187,510,142,0,1013,0,0,1,-1,0,1,-1,-1,-1,-1,-1,-1,0,1,0,0,0,0,0,0,0,0,0,0,0,0,0,0,
2026-04-16,08:52:25.730,7.67,96,100,100,0.011,43.33,56,0,7.76,-0.189,1.078,-1.16,72,0,178.90,-27.48,10,0.00,3.66,3.68,3.65,3.66,3.67,3.66,3.67,3.67,29.19,31.9,-30,-30,96.3,1857,0,-185,509,152,0,1013,0,0,1,-1,0,1,-1,-1,-1,-1,-1,-1,0,1,0,0,0,0,0,0,0,0,0,0,0,0,0,0,
2026-04-16,08:52:26.010,7.67,97,100,100,0.017,42.85,57,0,7.76,-0.194,0.985,-0.89,66,0,179.29,-27.70,10,0.00,3.66,3.68,3.65,3.66,3.67,3.66,3.67,3.67,29.19,31.9,-30,-30,94.6,1859,0,-208,508,154,0,1013,0,0,1,-1,0,1,-1,-1,-1,-1,-1,-1,0,1,0,0,0,0,0,0,0,0,0,0,0,0,0,0,
2026-04-16,08:52:26.280,7.67,99,100,100,0.005,42.60,60,0,7.76,-0.168,1.014,-0.80,76,0,178.58,-28.25,10,0.00,3.66,3.68,3.65,3.66,3.67,3.66,3.67,3.66,29.19,31.9,-30,-30,96.1,1862,0,-170,509,167,0,1013,0,0,1,-1,0,1,-1,-1,-1,-1,-1,-1,0,1,0,0,0,0,0,0,0,0,0,0,0,0,0,0,
2026-04-16,08:52:26.560,7.67,100,100,100,0.035,42.35,65,0,7.76,-0.194,1.066,-0.84,84,0,-178.06,-29.91,10,0.00,3.66,3.68,3.65,3.66,3.67,3.66,3.67,3.66,29.19,31.9,-30,-30,94.3,1864,39,-221,509,296,0,1013,0,0,1,-1,0,1,-1,-1,-1,-1,-1,-1,0,1,0,0,0,0,0,0,0,0,0,0,0,0,0,0,
2026-04-16,08:52:26.840,7.66,100,100,100,0.044,42.25,68,0,7.76,-0.192,0.992,-0.63,84,0,-177.33,-30.09,10,0.00,3.66,3.68,3.65,3.66,3.67,3.66,3.67,3.66,29.19,32.0,-30,-30,94.3,1867,0,-240,509,230,0,1012,0,0,1,-1,0,1,-1,-1,-1,-1,-1,-1,0,1,0,0,0,0,0,0,0,0,0,0,0,0,0,0,
2026-04-16,08:52:27.100,7.66,100,100,100,0.020,42.32,72,0,7.76,-0.195,1.052,-0.09,81,0,-175.41,-30.31,10,0.00,3.66,3.68,3.65,3.66,3.67,3.66,3.67,3.66,29.19,32.0,-30,-30,93.7,1869,0,-265,510,212,0,1013,0,0,1,-1,0,1,-1,-1,-1,-1,-1,-1,0,1,0,0,0,0,0,0,0,0,0,0,0,0,0,0,
2026-04-16,08:52:27.360,7.66,99,100,100,0.028,42.40,72,0,7.76,-0.217,1.142,0.13,79,0,-172.62,-32.50,10,0.00,3.66,3.68,3.65,3.66,3.67,3.66,3.67,3.66,29.19,32.2,-30,-30,91.7,1871,0,-279,509,230,0,1013,0,0,1,-1,0,1,-1,-1,-1,-1,-1,-1,0,1,0,0,0,0,0,0,0,0,0,0,0,0,0,0,
2026-04-16,08:52:27.640,7.67,98,100,100,0.028,42.46,71,0,7.76,-0.215,1.157,0.17,72,0,-172.29,-34.49,10,0.00,3.66,3.68,3.65,3.66,3.67,3.66,3.67,3.66,29.19,32.2,-30,-30,92.0,1874,0,-278,508,264,0,1013,0,0,1,-1,0,1,-1,-1,-1,-1,-1,-1,0,1,0,0,0,0,0,0,0,0,0,0,0,0,0,0,
2026-04-16,08:52:27.900,7.67,98,100,100,0.041,42.62,70,0,7.76,-0.277,1.280,0.38,75,0,-172.55,-38.80,10,0.00,3.66,3.68,3.65,3.66,3.67,3.66,3.67,3.66,29.19,32.2,-30,-30,90.9,1876,0,-257,508,283,0,1013,0,0,1,-1,0,1,-1,-1,-1,-1,-1,-1,0,1,0,0,0,0,0,0,0,0,0,0,0,0,0,0,
2026-04-16,08:52:28.200,7.66,99,100,100,-0.009,42.84,67,0,7.76,-0.200,1.074,0.59,73,0,-172.12,-40.02,10,0.00,3.66,3.68,3.65,3.66,3.67,3.66,3.67,3.66,29.19,32.7,-30,-30,91.9,1879,0,-211,508,357,0,1012,0,0,1,-1,0,1,-1,-1,-1,-1,-1,-1,0,1,0,0,0,0,0,0,0,0,0,0,0,0,0,0,
2026-04-16,08:52:28.480,7.66,100,100,100,0.030,43.41,65,0,7.76,-0.219,1.083,0.97,71,0,-169.04,-40.31,10,0.00,3.66,3.68,3.65,3.66,3.67,3.66,3.67,3.66,29.18,32.7,-30,-30,91.3,1881,0,-136,508,0,0,1013,0,0,1,-1,0,1,-1,-1,-1,-1,-1,-1,0,1,0,0,0,0,0,0,0,0,0,0,0,0,0,0,
2026-04-16,08:52:28.740,7.67,100,100,100,0.052,44.00,61,0,7.76,-0.196,1.107,1.64,68,0,-170.72,-40.50,10,0.00,3.66,3.68,3.65,3.66,3.67,3.66,3.67,3.66,29.18,32.3,-30,-30,93.5,1884,0,-43,508,0,0,1013,0,0,1,-1,0,1,-1,-1,-1,-1,-1,-1,0,1,0,0,0,0,0,0,0,0,0,0,0,0,0,0,
2026-04-16,08:52:29.030,7.66,100,100,100,0.032,44.50,59,0,7.76,-0.141,0.811,1.67,65,0,-174.91,-37.16,10,0.00,3.66,3.68,3.65,3.66,3.67,3.66,3.67,3.66,29.18,32.3,-30,-30,94.6,1886,0,-27,507,210,0,1012,0,0,1,-1,0,1,-1,-1,-1,-1,-1,-1,0,1,0,0,0,0,0,0,0,0,0,0,0,0,0,0,
2026-04-16,08:52:29.310,7.67,99,100,100,0.011,45.18,58,0,7.76,-0.138,0.782,2.10,63,0,-173.02,-37.54,10,0.00,3.66,3.68,3.65,3.66,3.67,3.66,3.67,3.66,29.18,31.6,-30,-30,94.1,1889,0,-179,507,104,0,1013,0,0,1,-1,0,1,-1,-1,-1,-1,-1,-1,0,1,0,0,0,0,0,0,0,0,0,0,0,0,0,0,
2026-04-16,08:52:29.590,7.66,99,100,100,0.018,45.61,57,0,7.76,-0.192,1.052,1.81,59,0,-166.30,-39.16,10,0.00,3.66,3.68,3.65,3.66,3.67,3.66,3.67,3.66,29.18,31.6,-30,-30,93.7,1891,0,-128,508,0,0,1012,0,0,1,-1,0,1,-1,-1,-1,-1,-1,-1,0,1,0,0,0,0,0,0,0,0,0,0,0,0,0,0,
2026-04-16,08:52:29.870,7.66,99,100,100,0.028,46.83,56,0,7.76,-0.202,1.022,1.87,52,0,-168.50,-38.03,10,0.00,3.66,3.68,3.65,3.66,3.67,3.66,3.67,3.66,29.18,32.1,-30,-30,92.0,1894,0,-122,507,0,0,1013,0,0,1,-1,0,1,-1,-1,-1,-1,-1,-1,0,1,0,0,0,0,0,0,0,0,0,0,0,0,0,0,
2026-04-16,08:52:30.150,7.66,100,100,100,-0.009,47.12,54,0,7.76,-0.148,0.746,1.65,52,0,-169.93,-36.64,10,0.00,3.66,3.68,3.65,3.66,3.67,3.66,3.67,3.66,29.18,32.1,-30,-30,92.2,1896,0,-142,507,0,0,1013,0,0,1,-1,0,1,-1,-1,-1,-1,-1,-1,0,1,0,0,0,0,0,0,0,0,0,0,0,0,0,0,
2026-04-16,08:52:30.430,7.67,100,100,100,0.003,47.66,54,0,7.76,-0.212,1.016,1.57,57,0,-169.92,-36.73,10,0.00,3.66,3.68,3.65,3.66,3.67,3.66,3.67,3.66,29.18,32.1,-30,-30,90.6,1899,0,-144,508,-116,0,1013,0,0,1,-1,0,1,-1,-1,-1,-1,-1,-1,0,1,0,0,0,0,0,0,0,0,0,0,0,0,0,0,
2026-04-16,08:52:30.710,7.67,100,100,100,0.024,48.12,54,0,7.76,-0.209,0.936,1.66,59,0,-173.55,-35.07,10,0.00,3.66,3.68,3.65,3.66,3.67,3.66,3.67,3.66,29.17,32.9,-30,-30,90.6,1901,0,-108,510,-124,0,1013,0,0,1,-1,0,1,-1,-1,-1,-1,-1,-1,0,1,0,0,0,0,0,0,0,0,0,0,0,0,0,0,
2026-04-16,08:52:30.990,7.66,100,100,100,0.036,48.55,54,0,7.76,-0.165,0.745,1.48,59,0,-176.52,-34.51,10,0.00,3.66,3.68,3.65,3.66,3.67,3.66,3.67,3.66,29.17,32.9,-30,-30,90.6,1904,0,-122,510,0,0,1013,0,0,1,-1,0,1,-1,-1,-1,-1,-1,-1,0,1,0,0,0,0,0,0,0,0,0,0,0,0,0,0,
2026-04-16,08:52:31.260,7.67,100,100,100,0.028,49.08,53,0,7.76,-0.245,1.084,1.69,57,0,174.19,-36.34,10,0.00,3.66,3.68,3.65,3.66,3.67,3.66,3.67,3.66,29.16,32.9,-30,-30,89.6,1906,0,-146,508,56,0,1013,0,0,1,-1,0,1,-1,-1,-1,-1,-1,-1,0,1,0,0,0,0,0,0,0,0,0,0,0,0,0,0,
2026-04-16,08:52:31.530,7.66,100,100,100,0.001,49.62,53,0,7.76,-0.189,0.790,1.80,54,0,176.72,-34.21,10,0.00,3.65,3.68,3.65,3.66,3.67,3.66,3.67,3.66,29.16,32.9,-30,-30,90.0,1909,0,-126,508,91,0,1013,0,0,1,-1,0,1,-1,-1,-1,-1,-1,-1,0,1,0,0,0,0,0,0,0,0,0,0,0,0,0,0,
2026-04-16,08:52:31.790,7.66,99,100,100,-0.002,50.02,53,0,7.76,-0.212,0.963,1.72,53,0,178.02,-35.29,10,0.00,3.65,3.68,3.65,3.65,3.67,3.66,3.67,3.66,29.16,33.0,-30,-30,89.6,1911,0,-119,507,64,0,1013,0,0,1,-1,0,1,-1,-1,-1,-1,-1,-1,0,1,0,0,0,0,0,0,0,0,0,0,0,0,0,0,
2026-04-16,08:52:32.050,7.67,97,100,100,0.031,50.56,51,0,7.76,-0.193,0.928,1.09,48,0,134.71,-36.35,10,0.00,3.65,3.68,3.65,3.65,3.67,3.65,3.67,3.66,29.16,33.0,-30,-30,89.5,1913,0,-184,507,177,0,1013,0,0,1,-1,0,1,-1,-1,-1,-1,-1,-1,0,1,0,0,0,0,0,0,0,0,0,0,0,0,0,0,
2026-04-16,08:52:32.310,7.67,97,100,100,0.030,50.94,49,0,7.76,-0.217,1.020,1.20,46,0,179.37,-36.95,10,0.00,3.65,3.68,3.65,3.65,3.67,3.65,3.67,3.66,29.16,32.8,-30,-30,90.4,1916,0,-211,508,150,0,1013,0,0,1,-1,0,1,-1,-1,-1,-1,-1,-1,0,1,0,0,0,0,0,0,0,0,0,0,0,0,0,0,
2026-04-16,08:52:32.570,7.67,95,99,99,0.010,51.15,46,0,7.76,-0.227,1.021,1.02,44,0,-169.79,-36.30,10,0.00,3.65,3.67,3.65,3.65,3.67,3.65,3.67,3.66,29.16,32.8,-30,-30,88.9,1918,0,-225,508,101,0,1013,0,0,1,-1,0,1,-1,-1,-1,-1,-1,-1,0,1,0,0,0,0,0,0,0,0,0,0,0,0,0,0,
2026-04-16,08:52:32.840,7.66,93,99,99,0.019,51.34,45,0,7.76,-0.226,1.081,0.74,47,0,-178.70,-36.22,10,0.00,3.65,3.67,3.65,3.65,3.67,3.65,3.67,3.66,29.15,32.9,-30,-30,87.8,1921,0,-158,507,45,0,1013,0,0,1,-1,0,1,-1,-1,-1,-1,-1,-1,0,1,0,0,0,0,0,0,0,0,0,0,0,0,0,0,
2026-04-16,08:52:33.100,7.66,88,99,99,0.011,51.54,43,0,7.76,-0.228,1.022,0.71,51,0,-178.68,-35.80,10,0.00,3.65,3.67,3.65,3.65,3.67,3.65,3.67,3.66,29.15,32.9,-30,-30,87.8,1923,0,-197,507,0,0,1013,0,0,1,-1,0,1,-1,-1,-1,-1,-1,-1,0,1,0,0,0,0,0,0,0,0,0,0,0,0,0,0,
2026-04-16,08:52:33.380,7.66,84,99,99,0.010,51.54,41,0,7.76,-0.227,1.022,0.75,49,0,176.83,-35.17,10,0.00,3.65,3.67,3.65,3.65,3.66,3.65,3.67,3.66,29.14,32.9,-30,-30,89.5,1926,0,-211,508,0,0,1013,0,0,1,-1,0,1,-1,-1,-1,-1,-1,-1,0,1,0,0,0,0,0,0,0,0,0,0,0,0,0,0,
2026-04-16,08:52:33.640,7.66,84,99,99,0.008,52.05,41,0,7.74,-0.235,1.012,0.89,49,0,177.96,-35.05,10,0.00,3.65,3.67,3.65,3.65,3.66,3.65,3.66,3.65,29.14,32.9,-30,-30,88.3,1928,0,-254,520,-27,0,1013,0,0,1,-1,0,1,-1,-1,-1,-1,-1,-1,0,1,0,0,0,0,0,0,0,0,0,0,0,0,0,0,
2026-04-16,08:52:33.920,7.66,86,99,99,-0.025,52.23,40,0,7.75,-0.282,1.105,0.73,51,0,177.72,-36.62,10,0.00,3.65,3.67,3.65,3.65,3.66,3.65,3.66,3.65,29.13,33.9,-30,-30,85.0,1931,-52,-305,521,-150,0,1013,0,0,1,-1,0,1,-1,-1,-1,-1,-1,-1,0,1,0,0,0,0,0,0,0,0,0,0,0,0,0,0,
2026-04-16,08:52:34.190,7.66,85,99,99,0.033,52.48,40,0,7.71,-0.294,1.118,0.78,49,0,177.33,-40.39,10,0.00,3.65,3.67,3.65,3.65,3.66,3.65,3.66,3.65,29.13,35.9,-30,-30,87.0,1933,-230,-393,595,-558,0,1013,0,0,1,-1,0,1,-1,-1,-1,-1,-1,-1,0,1,0,0,0,0,0,0,0,0,0,0,0,0,0,0,
2026-04-16,08:52:34.470,7.66,80,99,99,0.019,52.90,40,0,7.73,-0.327,1.298,1.07,49,0,170.08,-43.68,10,0.00,3.65,3.67,3.65,3.65,3.66,3.65,3.66,3.65,29.08,35.9,-30,-30,86.9,1936,-264,-401,645,-499,0,1013,0,0,1,-1,0,1,-1,-1,-1,-1,-1,-1,0,1,0,0,0,0,0,0,0,0,0,0,0,0,0,0,
2026-04-16,08:52:34.750,7.66,74,99,99,0.000,53.59,39,0,7.75,-0.369,1.238,1.11,47,0,149.83,-50.64,10,0.00,3.65,3.67,3.65,3.65,3.66,3.65,3.65,3.64,29.01,43.4,-30,-30,83.7,1939,-220,-432,654,-290,0,1013,0,0,1,-1,0,1,-1,-1,-1,-1,-1,-1,0,1,0,0,0,0,0,0,0,0,0,0,0,0,0,0,
2026-04-16,08:52:35.010,7.67,77,99,99,0.022,54.09,40,0,7.73,-0.426,1.453,1.38,44,0,132.99,-53.74,10,0.00,3.63,3.65,3.65,3.65,3.66,3.65,3.65,3.64,29.01,43.4,-30,-30,83.2,1942,-150,-459,654,0,0,1012,0,0,1,-1,0,1,-1,-1,-1,-1,-1,-1,0,1,0,0,0,0,0,0,0,0,0,0,0,0,0,0,
2026-04-16,08:52:35.280,7.66,86,99,99,0.021,54.90,42,0,7.75,-0.397,1.262,2.10,45,0,123.94,-53.21,10,0.00,3.63,3.65,3.63,3.63,3.66,3.65,3.65,3.64,28.96,44.8,-30,-30,81.7,1945,-147,-489,654,0,0,1013,0,0,1,-1,0,1,-1,-1,-1,-1,-1,-1,0,1,0,0,0,0,0,0,0,0,0,0,0,0,0,0,
2026-04-16,08:52:35.540,7.66,94,99,99,0.040,55.92,44,0,7.75,-0.410,1.301,3.03,48,0,102.61,-50.04,10,0.00,3.63,3.65,3.63,3.63,3.66,3.65,3.65,3.64,28.96,44.8,-30,-30,81.7,1949,-148,-507,653,46,0,1013,0,0,1,-1,0,1,-1,-1,-1,-1,-1,-1,0,1,0,0,0,0,0,0,0,0,0,0,0,0,0,0,
2026-04-16,08:52:35.800,7.67,98,99,99,0.017,56.99,44,0,7.76,-0.431,1.307,3.40,50,0,92.88,-46.98,10,0.00,3.63,3.65,3.63,3.63,3.64,3.62,3.65,3.64,28.90,44.8,-30,-30,81.5,1952,0,-498,654,432,0,1013,0,0,1,-1,0,1,-1,-1,-1,-1,-1,-1,0,1,0,0,0,0,0,0,0,0,0,0,0,0,0,0,
2026-04-16,08:52:36.060,7.66,98,99,99,-0.004,57.94,45,0,7.74,-0.442,1.347,3.43,50,0,83.33,-39.52,10,0.00,3.63,3.65,3.63,3.63,3.64,3.62,3.64,3.62,28.90,44.8,-30,-30,80.4,1955,2,-561,655,516,0,1013,0,0,1,-1,0,1,-1,-1,-1,-1,-1,-1,0,1,0,0,0,0,0,0,0,0,0,0,0,0,0,0,
2026-04-16,08:52:36.330,7.67,99,99,99,0.041,58.81,45,0,7.71,-0.440,1.437,3.23,48,0,82.79,-35.43,10,0.00,3.61,3.64,3.63,3.63,3.64,3.62,3.64,3.62,28.86,45.3,-30,-30,78.7,1958,0,-588,655,532,0,1013,0,0,1,-1,0,1,-1,-1,-1,-1,-1,-1,0,1,0,0,0,0,0,0,0,0,0,0,0,0,0,0,
2026-04-16,08:52:36.590,7.67,96,100,100,0.057,59.60,45,0,7.74,-0.410,1.184,2.83,47,0,86.46,-27.04,10,0.00,3.61,3.64,3.61,3.61,3.64,3.62,3.64,3.62,28.86,45.3,-30,-30,75.9,1962,-29,-618,654,418,0,1013,0,0,1,-1,0,1,-1,-1,-1,-1,-1,-1,0,1,0,0,0,0,0,0,0,0,0,0,0,0,0,0,
2026-04-16,08:52:36.850,7.67,90,100,100,0.062,60.75,43,0,7.75,-0.488,1.484,3.51,42,0,78.11,-18.40,10,0.00,3.61,3.64,3.61,3.61,3.63,3.61,3.64,3.62,28.82,45.1,-30,-30,75.6,1965,-37,-652,652,437,0,1012,0,0,1,-1,0,1,-1,-1,-1,-1,-1,-1,0,1,0,0,0,0,0,0,0,0,0,0,0,0,0,0,
2026-04-16,08:52:37.110,7.66,87,100,100,0.034,61.49,44,0,7.76,-0.458,1.425,3.22,41,0,72.57,-13.58,10,0.00,3.61,3.64,3.61,3.61,3.63,3.61,3.63,3.61,28.82,45.1,-30,-30,78.3,1968,0,-662,653,520,0,1013,0,0,1,-1,0,1,-1,-1,-1,-1,-1,-1,0,1,0,0,0,0,0,0,0,0,0,0,0,0,0,0,
2026-04-16,08:52:37.400,7.66,82,100,100,-0.042,61.53,42,0,7.76,-0.494,1.654,0.44,45,0,76.04,-4.17,10,0.00,3.61,3.63,3.61,3.61,3.63,3.61,3.63,3.61,28.82,45.0,-30,-30,80.9,1972,39,-658,653,519,0,1013,0,0,1,-1,0,1,-1,-1,-1,-1,-1,-1,0,1,0,0,0,0,0,0,0,0,0,0,0,0,0,0,
2026-04-16,08:52:37.670,7.66,88,100,100,0.024,61.33,44,0,7.76,-0.480,1.517,-0.23,44,0,87.17,6.20,10,0.00,3.61,3.63,3.61,3.61,3.63,3.61,3.63,3.61,28.82,45.0,-30,-30,76.7,1975,35,-664,653,503,0,1013,0,0,1,-1,0,1,-1,-1,-1,-1,-1,-1,0,1,0,0,0,0,0,0,0,0,0,0,0,0,0,0,
2026-04-16,08:52:37.940,7.66,92,100,100,0.056,61.32,46,0,7.76,-0.477,1.548,-0.20,45,0,88.04,11.87,10,0.00,3.61,3.63,3.61,3.61,3.63,3.61,3.63,3.61,28.79,44.5,-30,-30,79.3,1979,29,-667,652,511,0,1013,0,0,1,-1,0,1,-1,-1,-1,-1,-1,-1,0,1,0,0,0,0,0,0,0,0,0,0,0,0,0,0,
2026-04-16,08:52:38.210,7.67,96,100,100,0.040,61.32,45,0,7.76,-0.442,1.483,-0.04,47,0,81.81,23.03,10,0.00,3.61,3.63,3.61,3.61,3.63,3.61,3.63,3.61,28.77,45.0,-30,-30,79.3,1982,134,-627,652,666,0,1013,0,0,1,-1,0,1,-1,-1,-1,-1,-1,-1,0,1,0,0,0,0,0,0,0,0,0,0,0,0,0,0,
2026-04-16,08:52:38.480,7.67,94,100,100,-0.002,60.98,43,0,7.71,-0.426,1.440,-0.56,51,0,82.88,27.33,10,0.00,3.61,3.63,3.61,3.61,3.63,3.61,3.62,3.61,28.77,45.0,-30,-30,79.3,1985,283,-649,654,814,0,1013,0,0,1,-1,0,1,-1,-1,-1,-1,-1,-1,0,1,0,0,0,0,0,0,0,0,0,0,0,0,0,0,
2026-04-16,08:52:38.740,7.66,89,100,100,-0.027,60.29,43,0,7.71,-0.426,1.450,-1.62,54,0,101.16,32.45,10,0.00,3.60,3.63,3.61,3.61,3.63,3.61,3.62,3.61,28.74,44.8,-30,-30,80.9,1988,371,-686,655,864,0,1013,0,0,1,-1,0,1,-1,-1,-1,-1,-1,-1,0,1,0,0,0,0,0,0,0,0,0,0,0,0,0,0,
2026-04-16,08:52:39.000,7.66,91,100,100,0.000,59.16,43,0,7.74,-0.419,1.500,-2.83,53,0,114.53,33.13,10,0.00,3.60,3.63,3.60,3.60,3.63,3.61,3.62,3.61,28.74,44.8,-30,-30,83.5,1992,374,-730,655,525,0,1013,0,0,1,-1,0,1,-1,-1,-1,-1,-1,-1,0,1,0,0,0,0,0,0,0,0,0,0,0,0,0,0,
2026-04-16,08:52:39.270,7.67,94,100,100,-0.007,58.01,44,0,7.75,-0.465,1.757,-3.73,55,0,132.73,30.77,10,0.00,3.60,3.63,3.60,3.60,3.62,3.60,3.62,3.61,28.73,44.1,-30,-30,85.6,1995,305,-649,655,225,0,1013,0,0,1,-1,0,1,-1,-1,-1,-1,-1,-1,0,1,0,0,0,0,0,0,0,0,0,0,0,0,0,0,
2026-04-16,08:52:39.530,7.67,98,100,100,-0.052,56.59,44,0,7.76,-0.494,1.858,-4.25,57,0,137.53,22.47,10,0.00,3.60,3.63,3.60,3.60,3.62,3.60,3.62,3.61,28.73,44.1,-30,-30,86.1,1998,293,-691,654,442,0,1013,0,0,1,-1,0,1,-1,-1,-1,-1,-1,-1,0,1,0,0,0,0,0,0,0,0,0,0,0,0,0,0,
2026-04-16,08:52:39.800,7.67,99,100,100,-0.070,53.83,44,0,7.76,-0.506,1.935,-5.03,57,0,143.45,18.15,10,0.00,3.60,3.62,3.60,3.60,3.62,3.60,3.62,3.61,28.71,44.1,-30,-30,87.4,2002,294,-560,653,339,0,1013,0,0,1,-1,0,1,-1,-1,-1,-1,-1,-1,0,1,0,0,0,0,0,0,0,0,0,0,0,0,0,0,
2026-04-16,08:52:40.070,7.66,99,100,100,-0.019,52.76,47,0,7.74,-0.518,1.880,-4.13,56,0,158.27,9.84,10,0.00,3.60,3.62,3.60,3.60,3.62,3.60,3.62,3.61,28.71,44.1,-30,-30,87.2,2005,263,-170,652,0,0,1013,0,0,1,-1,0,1,-1,-1,-1,-1,-1,-1,0,1,0,0,0,0,0,0,0,0,0,0,0,0,0,0,
2026-04-16,08:52:40.330,7.66,99,100,100,-0.045,52.03,49,0,7.73,-0.295,1.428,-3.29,56,0,156.08,8.74,10,0.00,3.60,3.62,3.60,3.60,3.62,3.60,3.62,3.61,28.71,43.5,-30,-30,87.2,2008,228,-108,604,-33,0,1013,0,0,1,-1,0,1,-1,-1,-1,-1,-1,-1,0,1,0,0,0,0,0,0,0,0,0,0,0,0,0,0,
2026-04-16,08:52:40.590,7.66,99,100,100,-0.061,51.83,50,0,7.74,-0.223,0.929,-1.86,56,0,158.20,9.17,10,0.00,3.60,3.62,3.60,3.60,3.62,3.60,3.62,3.61,28.71,43.5,-30,-30,91.5,2011,210,-247,587,0,0,1013,0,0,1,-1,0,1,-1,-1,-1,-1,-1,-1,0,1,0,0,0,0,0,0,0,0,0,0,0,0,0,0,
2026-04-16,08:52:40.850,7.67,99,100,100,-0.101,51.73,51,0,7.75,-0.272,1.170,-0.89,55,0,165.26,2.90,10,0.00,3.60,3.62,3.60,3.60,3.62,3.60,3.62,3.61,28.74,37.9,-30,-30,93.2,2014,218,-114,583,219,0,1013,0,0,1,-1,0,1,-1,-1,-1,-1,-1,-1,0,1,0,0,0,0,0,0,0,0,0,0,0,0,0,0,
2026-04-16,08:52:41.110,7.66,98,100,100,-0.135,51.91,51,0,7.73,-0.260,1.178,0.00,56,0,171.55,1.70,10,0.00,3.61,3.63,3.60,3.60,3.62,3.60,3.62,3.61,28.74,37.9,-30,-30,93.3,2017,231,-279,575,60,0,1013,0,0,1,-1,0,1,-1,-1,-1,-1,-1,-1,0,1,0,0,0,0,0,0,0,0,0,0,0,0,0,0,
2026-04-16,08:52:41.390,7.66,99,100,100,-0.104,51.84,51,0,7.75,-0.238,1.223,0.07,54,0,-173.27,-0.56,10,0.00,3.61,3.63,3.61,3.61,3.62,3.60,3.62,3.61,28.77,37.0,-30,-30,97.2,2020,228,-97,549,0,0,1013,0,0,1,-1,0,1,-1,-1,-1,-1,-1,-1,0,1,0,0,0,0,0,0,0,0,0,0,0,0,0,0,
2026-04-16,08:52:41.660,7.66,99,99,99,-0.102,51.67,51,0,7.76,-0.199,1.123,-0.37,54,0,-169.28,-3.30,10,0.00,3.61,3.63,3.61,3.61,3.63,3.62,3.62,3.61,28.77,37.0,-30,-30,97.0,2022,220,-91,545,0,0,1013,0,0,1,-1,0,1,-1,-1,-1,-1,-1,-1,0,1,0,0,0,0,0,0,0,0,0,0,0,0,0,0,
2026-04-16,08:52:41.920,7.66,100,100,99,-0.023,51.56,52,0,7.76,-0.147,0.785,-0.48,54,0,-166.36,-3.77,10,0.00,3.61,3.63,3.61,3.61,3.63,3.62,3.64,3.62,28.81,33.7,-30,-30,98.0,2025,229,-196,545,86,0,1013,0,0,1,-1,0,1,-1,-1,-1,-1,-1,-1,0,1,0,0,0,0,0,0,0,0,0,0,0,0,0,0,
2026-04-16,08:52:42.180,7.66,100,100,99,-0.047,51.64,55,0,7.71,-0.233,1.270,-0.01,55,0,-160.38,-6.72,10,0.00,3.62,3.64,3.61,3.61,3.63,3.62,3.64,3.62,28.81,33.7,-30,-30,95.0,2027,332,-384,588,391,0,1013,0,0,1,-1,0,1,-1,-1,-1,-1,-1,-1,0,1,0,0,0,0,0,0,0,0,0,0,0,0,0,0,
2026-04-16,08:52:42.440,7.66,100,100,99,-0.091,51.82,58,0,7.69,-0.307,1.450,0.36,52,0,-154.08,-8.44,10,0.00,3.62,3.64,3.61,3.61,3.63,3.62,3.64,3.62,28.82,34.7,-30,-30,94.8,2030,360,-389,625,349,0,1013,0,0,1,-1,0,1,-1,-1,-1,-1,-1,-1,0,1,0,0,0,0,0,0,0,0,0,0,0,0,0,0,
2026-04-16,08:52:42.700,7.67,100,100,99,-0.061,51.94,59,0,7.71,-0.336,1.524,0.37,48,0,-135.34,-9.77,10,0.00,3.62,3.64,3.62,3.62,3.63,3.62,3.64,3.62,28.81,40.4,-30,-30,94.8,2032,354,-407,635,33,0,1013,0,0,1,-1,0,1,-1,-1,-1,-1,-1,-1,0,1,0,0,0,0,0,0,0,0,0,0,0,0,0,0,
2026-04-16,08:52:42.960,7.67,99,99,98,-0.016,52.48,59,0,7.74,-0.313,1.367,0.90,50,0,-130.53,-10.30,10,0.00,3.62,3.64,3.62,3.62,3.63,3.62,3.64,3.62,28.81,40.4,-30,-30,91.9,2035,334,-253,636,117,0,1013,0,0,1,-1,0,1,-1,-1,-1,-1,-1,-1,0,1,0,0,0,0,0,0,0,0,0,0,0,0,0,0,
2026-04-16,08:52:43.230,7.67,99,99,98,-0.027,53.15,61,0,7.75,-0.263,1.146,1.73,59,0,-126.46,-8.84,10,0.00,3.62,3.64,3.62,3.62,3.63,3.62,3.64,3.62,28.79,41.3,-30,-30,90.9,2038,348,-302,638,247,0,1013,0,0,1,-1,0,1,-1,-1,-1,-1,-1,-1,0,1,0,0,0,0,0,0,0,0,0,0,0,0,0,0,
2026-04-16,08:52:43.500,7.67,99,99,98,-0.072,53.92,62,0,7.73,-0.303,1.323,2.33,64,0,-115.17,-3.57,10,0.00,3.61,3.63,3.62,3.62,3.63,3.62,3.64,3.62,28.79,41.3,-30,-30,91.3,2041,349,-546,664,96,0,1013,0,0,1,-1,0,1,-1,-1,-1,-1,-1,-1,0,1,0,0,0,0,0,0,0,0,0,0,0,0,0,0,
2026-04-16,08:52:43.760,7.66,100,100,98,-0.045,54.76,60,0,7.70,-0.348,1.480,2.71,69,0,-108.11,-1.10,10,0.00,3.61,3.63,3.61,3.61,3.63,3.62,3.64,3.62,28.75,43.6,-30,-30,90.4,2044,348,-610,678,106,0,1013,0,0,1,-1,0,1,-1,-1,-1,-1,-1,-1,0,1,0,0,0,0,0,0,0,0,0,0,0,0,0,0,
2026-04-16,08:52:44.020,7.67,99,99,98,0.000,55.35,57,0,7.73,-0.445,1.813,2.44,69,0,-102.12,3.50,10,0.00,3.61,3.63,3.61,3.61,3.62,3.61,3.64,3.62,28.75,43.6,-30,-30,89.3,2048,151,-568,677,-50,0,1013,0,0,1,-1,0,1,-1,-1,-1,-1,-1,-1,0,1,0,0,0,0,0,0,0,0,0,0,0,0,0,0,
2026-04-16,08:52:44.280,7.67,97,98,98,0.009,55.80,52,0,7.72,-0.452,1.687,1.91,72,0,-103.41,5.68,10,0.00,3.61,3.63,3.61,3.61,3.62,3.61,3.62,3.61,28.71,45.3,-30,-30,86.3,2051,0,-634,677,-137,0,1013,0,0,1,-1,0,1,-1,-1,-1,-1,-1,-1,0,1,0,0,0,0,0,0,0,0,0,0,0,0,0,0,
2026-04-16,08:52:44.550,7.66,96,98,98,0.011,56.16,52,0,7.73,-0.408,1.608,1.44,72,0,-106.64,8.19,10,0.00,3.61,3.63,3.61,3.61,3.62,3.61,3.62,3.61,28.71,45.3,-30,-30,85.9,2054,-19,-641,675,-202,0,1013,0,0,1,-1,0,1,-1,-1,-1,-1,-1,-1,0,1,0,0,0,0,0,0,0,0,0,0,0,0,0,0,
2026-04-16,08:52:44.810,7.66,97,98,98,0.034,56.68,54,0,7.75,-0.474,1.766,1.68,75,0,-108.87,7.71,10,0.00,3.60,3.62,3.61,3.61,3.62,3.61,3.62,3.61,28.68,45.5,-30,-30,85.9,2058,-56,-635,676,-210,0,1013,0,0,1,-1,0,1,-1,-1,-1,-1,-1,-1,0,1,0,0,0,0,0,0,0,0,0,0,0,0,0,0,
2026-04-16,08:52:45.080,7.66,99,99,98,0.074,57.05,54,0,7.75,-0.501,1.752,1.46,74,0,-119.32,4.20,10,0.00,3.60,3.62,3.60,3.60,3.62,3.61,3.62,3.61,28.68,45.5,-30,-30,84.3,2061,-26,-551,675,0,0,1013,0,0,1,-1,0,1,-1,-1,-1,-1,-1,-1,0,1,0,0,0,0,0,0,0,0,0,0,0,0,0,0,
2026-04-16,08:52:45.350,7.66,100,100,98,0.047,57.31,55,0,7.76,-0.414,1.410,1.46,69,0,-129.74,-0.36,10,0.00,3.60,3.62,3.60,3.60,3.61,3.60,3.62,3.61,28.66,45.7,-30,-30,83.2,2064,0,-235,673,242,0,1013,0,0,1,-1,0,1,-1,-1,-1,-1,-1,-1,0,1,0,0,0,0,0,0,0,0,0,0,0,0,0,0,
2026-04-16,08:52:45.620,7.66,100,100,99,0.102,58.66,55,0,7.73,-0.377,1.157,1.32,66,0,-133.58,-2.41,10,0.00,3.60,3.62,3.60,3.60,3.61,3.60,3.61,3.60,28.66,45.7,-30,-30,81.9,2068,80,-315,675,325,0,1013,0,0,1,-1,0,1,-1,-1,-1,-1,-1,-1,0,1,0,0,0,0,0,0,0,0,0,0,0,0,0,0,
2026-04-16,08:52:45.900,7.67,100,100,99,0.123,59.49,52,0,7.70,-0.308,0.843,2.78,62,0,-141.95,-4.46,10,0.00,3.59,3.61,3.60,3.60,3.61,3.60,3.61,3.60,28.64,46.0,-30,-30,81.7,2071,147,-344,674,375,0,1013,0,0,1,-1,0,1,-1,-1,-1,-1,-1,-1,0,1,0,0,0,0,0,0,0,0,0,0,0,0,0,0,
2026-04-16,08:52:46.170,7.66,100,100,99,0.123,60.10,51,0,7.73,-0.338,1.067,2.40,58,0,-153.28,-9.27,10,0.00,3.59,3.61,3.59,3.59,3.61,3.60,3.61,3.60,28.64,46.0,-30,-30,81.9,2075,161,-430,674,317,0,1012,0,0,1,-1,0,1,-1,-1,-1,-1,-1,-1,0,1,0,0,0,0,0,0,0,0,0,0,0,0,0,0,
2026-04-16,08:52:46.450,7.67,100,100,99,0.089,60.58,52,0,7.73,-0.348,1.077,2.01,54,0,-158.33,-10.88,10,0.00,3.59,3.61,3.59,3.59,3.61,3.59,3.61,3.60,28.61,45.8,-30,-30,81.7,2078,182,-450,678,481,0,1013,0,0,1,-1,0,1,-1,-1,-1,-1,-1,-1,0,1,0,0,0,0,0,0,0,0,0,0,0,0,0,0,
2026-04-16,08:52:46.720,7.66,100,100,99,0.034,60.75,53,0,7.72,-0.402,1.313,1.25,52,0,-159.11,-14.42,10,0.00,3.59,3.61,3.59,3.59,3.61,3.59,3.61,3.60,28.61,46.2,-30,-30,83.2,2082,294,-366,691,692,0,1013,0,0,1,-1,0,1,-1,-1,-1,-1,-1,-1,0,1,0,0,0,0,0,0,0,0,0,0,0,0,0,0,
2026-04-16,08:52:46.980,7.67,99,100,100,0.046,60.61,51,0,7.74,-0.370,1.241,0.26,50,0,-145.11,-15.59,10,0.00,3.59,3.61,3.59,3.59,3.61,3.59,3.61,3.60,28.61,46.2,-30,-30,85.9,2085,325,-426,693,565,0,1013,0,0,1,-1,0,1,-1,-1,-1,-1,-1,-1,0,1,0,0,0,0,0,0,0,0,0,0,0,0,0,0,
2026-04-16,08:52:47.240,7.67,96,100,100,0.054,60.80,47,0,7.75,-0.386,1.307,0.22,51,0,-139.03,-15.43,10,0.00,3.59,3.61,3.59,3.59,3.61,3.59,3.61,3.60,28.59,46.8,-30,-30,84.1,2089,284,-489,693,430,0,1013,0,0,1,-1,0,1,-1,-1,-1,-1,-1,-1,0,1,0,0,0,0,0,0,0,0,0,0,0,0,0,0,
2026-04-16,08:52:47.500,7.67,96,100,100,0.063,61.26,46,0,7.71,-0.346,1.292,1.04,55,0,-131.61,-15.75,10,0.00,3.59,3.61,3.59,3.59,3.61,3.59,3.61,3.60,28.59,46.8,-30,-30,84.1,2092,219,-494,691,309,0,1013,0,0,1,-1,0,1,-1,-1,-1,-1,-1,-1,0,1,0,0,0,0,0,0,0,0,0,0,0,0,0,0,
2026-04-16,08:52:47.770,7.67,96,100,100,0.048,62.00,45,0,7.74,-0.391,1.456,1.91,55,0,-130.77,-16.93,10,0.00,3.59,3.61,3.59,3.59,3.60,3.59,3.61,3.60,28.57,46.6,-30,-30,87.4,2095,226,-447,690,440,0,1013,0,0,1,-1,0,1,-1,-1,-1,-1,-1,-1,0,1,0,0,0,0,0,0,0,0,0,0,0,0,0,0,
2026-04-16,08:52:48.040,7.67,99,100,100,0.020,62.78,43,0,7.75,-0.369,1.302,1.92,55,0,-124.61,-15.78,10,0.00,3.59,3.61,3.59,3.59,3.60,3.59,3.61,3.60,28.57,46.6,-30,-30,86.1,2099,224,-421,690,434,0,1013,0,0,1,-1,0,1,-1,-1,-1,-1,-1,-1,0,1,0,0,0,0,0,0,0,0,0,0,0,0,0,0,
2026-04-16,08:52:48.300,7.67,99,100,100,0.020,63.38,45,0,7.73,-0.355,1.111,1.67,56,0,-118.49,-14.52,10,0.00,3.59,3.61,3.59,3.59,3.60,3.59,3.61,3.60,28.56,46.3,-30,-30,86.5,2102,139,-533,688,-1,0,1013,0,0,1,-1,0,1,-1,-1,-1,-1,-1,-1,0,1,0,0,0,0,0,0,0,0,0,0,0,0,0,0,
2026-04-16,08:52:48.560,7.66,99,100,100,0.056,64.12,49,0,7.73,-0.391,1.408,2.25,60,0,-108.64,-12.28,10,0.00,3.59,3.61,3.59,3.59,3.60,3.59,3.61,3.60,28.56,46.3,-30,-30,83.7,2106,-5,-621,686,-184,0,1013,0,0,1,-1,0,1,-1,-1,-1,-1,-1,-1,0,1,0,0,0,0,0,0,0,0,0,0,0,0,0,0,
2026-04-16,08:52:48.830,7.66,100,100,100,0.062,64.45,52,0,7.74,-0.456,1.576,1.77,60,0,-113.26,-11.81,10,0.00,3.59,3.61,3.59,3.59,3.60,3.59,3.61,3.60,28.54,46.4,-30,-30,82.0,2109,0,-610,685,0,0,1013,0,0,1,-1,0,1,-1,-1,-1,-1,-1,-1,0,1,0,0,0,0,0,0,0,0,0,0,0,0,0,0,
2026-04-16,08:52:49.090,7.66,99,100,100,0.062,64.62,51,0,7.75,-0.456,1.545,1.06,55,0,-115.97,-12.32,10,0.00,3.59,3.61,3.59,3.59,3.60,3.59,3.60,3.59,28.54,46.4,-30,-30,81.7,2112,0,-596,677,0,0,1013,0,0,1,-1,0,1,-1,-1,-1,-1,-1,-1,0,1,0,0,0,0,0,0,0,0,0,0,0,0,0,0,
2026-04-16,08:52:49.360,7.66,98,100,100,0.057,64.79,49,0,7.76,-0.439,1.570,0.68,54,0,-117.82,-13.18,10,0.00,3.58,3.60,3.59,3.59,3.60,3.59,3.60,3.59,28.54,46.1,-30,-30,83.7,2116,0,-598,673,0,0,1013,0,0,1,-1,0,1,-1,-1,-1,-1,-1,-1,0,1,0,0,0,0,0,0,0,0,0,0,0,0,0,0,
2026-04-16,08:52:49.620,7.67,98,100,100,0.062,64.89,48,0,7.76,-0.485,1.669,0.53,53,0,-121.64,-16.00,10,0.00,3.58,3.60,3.59,3.59,3.60,3.59,3.60,3.59,28.54,46.1,-30,-30,83.7,2119,26,-578,673,73,0,1013,0,0,1,-1,0,1,-1,-1,-1,-1,-1,-1,0,1,0,0,0,0,0,0,0,0,0,0,0,0,0,0,
2026-04-16,08:52:49.880,7.67,99,100,100,0.081,65.01,47,0,7.74,-0.488,1.571,0.43,53,0,-124.92,-19.62,10,0.00,3.58,3.60,3.59,3.58,3.60,3.59,3.60,3.59,28.53,45.2,-30,-30,82.8,2122,56,-474,673,231,0,1013,0,0,1,-1,0,1,-1,-1,-1,-1,-1,-1,0,1,0,0,0,0,0,0,0,0,0,0,0,0,0,0,
2026-04-16,08:52:50.150,7.67,100,100,100,0.089,65.38,46,0,7.75,-0.459,1.304,0.77,49,0,-131.34,-21.86,10,0.00,3.58,3.60,3.59,3.58,3.60,3.59,3.60,3.59,28.53,45.2,-30,-30,77.6,2126,110,-489,674,303,0,1013,0,0,1,-1,0,1,-1,-1,-1,-1,-1,-1,0,1,0,0,0,0,0,0,0,0,0,0,0,0,0,0,
2026-04-16,08:52:50.430,7.67,97,100,100,0.044,66.06,45,0,7.74,-0.351,1.017,1.70,47,0,-135.02,-22.41,10,0.00,3.58,3.60,3.59,3.58,3.60,3.59,3.60,3.59,28.53,46.0,-30,-30,78.2,2129,261,-416,674,534,0,1013,0,0,1,-1,0,1,-1,-1,-1,-1,-1,-1,0,1,0,0,0,0,0,0,0,0,0,0,0,0,0,0,
2026-04-16,08:52:50.700,7.67,96,100,100,0.068,66.83,45,0,7.73,-0.407,1.179,2.31,43,0,-132.69,-25.81,10,0.00,3.58,3.60,3.59,3.58,3.60,3.59,3.60,3.59,28.53,46.0,-30,-30,78.7,2133,305,-465,674,582,0,1013,0,0,1,-1,0,1,-1,-1,-1,-1,-1,-1,0,1,0,0,0,0,0,0,0,0,0,0,0,0,0,0,
2026-04-16,08:52:50.980,7.67,96,100,100,0.064,68.31,44,0,7.75,-0.406,1.202,2.45,44,0,-129.01,-26.21,10,0.00,3.58,3.60,3.58,3.58,3.60,3.59,3.60,3.59,28.52,46.0,-30,-30,78.2,2136,334,-496,675,635,0,1013,0,0,1,-1,0,1,-1,-1,-1,-1,-1,-1,0,1,0,0,0,0,0,0,0,0,0,0,0,0,0,0,
2026-04-16,08:52:51.240,7.67,98,100,100,0.062,69.01,46,0,7.75,-0.426,1.217,2.41,44,0,-126.38,-26.02,10,0.00,3.58,3.60,3.58,3.58,3.60,3.59,3.60,3.59,28.51,46.2,-30,-30,76.9,2140,354,-390,675,775,0,1013,0,0,1,-1,0,1,-1,-1,-1,-1,-1,-1,0,1,0,0,0,0,0,0,0,0,0,0,0,0,0,0,
2026-04-16,08:52:51.500,7.67,99,100,100,0.073,70.18,47,0,7.76,-0.371,0.992,3.17,43,0,-117.98,-23.24,10,0.00,3.58,3.60,3.58,3.58,3.60,3.59,3.60,3.59,28.51,46.2,-30,-30,76.9,2143,356,-472,675,689,0,1013,0,0,1,-1,0,1,-1,-1,-1,-1,-1,-1,0,1,0,0,0,0,0,0,0,0,0,0,0,0,0,0,
2026-04-16,08:52:51.760,7.66,98,100,100,0.069,71.47,47,0,7.76,-0.372,1.023,4.05,43,0,-116.74,-22.00,10,0.00,3.58,3.60,3.58,3.58,3.60,3.59,3.60,3.59,28.49,46.2,-30,-30,74.8,2146,318,-557,674,527,0,1013,0,0,1,-1,0,1,-1,-1,-1,-1,-1,-1,0,1,0,0,0,0,0,0,0,0,0,0,0,0,0,0,
2026-04-16,08:52:52.020,7.67,98,100,100,0.084,72.66,47,0,7.73,-0.405,1.161,4.17,42,0,-111.37,-18.66,10,0.00,3.58,3.60,3.58,3.58,3.60,3.59,3.60,3.59,28.49,46.2,-30,-30,74.8,2150,271,-581,672,504,0,1012,0,0,1,-1,0,1,-1,-1,-1,-1,-1,-1,0,1,0,0,0,0,0,0,0,0,0,0,0,0,0,0,
2026-04-16,08:52:52.300,7.67,94,100,100,0.062,73.56,45,0,7.75,-0.431,1.261,3.70,42,0,-108.45,-14.23,10,0.00,3.58,3.60,3.58,3.58,3.60,3.59,3.60,3.59,28.49,46.5,-30,-30,73.2,2153,218,-590,632,486,0,1013,0,0,1,-1,0,1,-1,-1,-1,-1,-1,-1,0,1,0,0,0,0,0,0,0,0,0,0,0,0,0,0,
2026-04-16,08:52:52.560,7.66,95,100,100,0.042,74.11,44,0,7.75,-0.399,1.188,2.64,47,0,-105.82,-11.40,10,0.00,3.58,3.60,3.58,3.58,3.60,3.59,3.60,3.59,28.49,46.5,-30,-30,74.1,2157,201,-599,604,482,0,1013,0,0,1,-1,0,1,-1,-1,-1,-1,-1,-1,0,1,0,0,0,0,0,0,0,0,0,0,0,0,0,0,
2026-04-16,08:52:52.830,7.66,95,100,100,0.078,74.69,44,0,7.76,-0.449,1.364,2.16,48,0,-98.56,-5.77,10,0.00,3.58,3.60,3.58,3.58,3.60,3.59,3.60,3.59,28.52,41.7,-30,-30,73.2,2160,194,-599,596,472,0,1013,0,0,1,-1,0,1,-1,-1,-1,-1,-1,-1,0,1,0,0,0,0,0,0,0,0,0,0,0,0,0,0,
2026-04-16,08:52:53.110,7.66,98,100,100,0.064,75.22,46,0,7.76,-0.392,1.221,1.99,47,0,-98.87,-3.40,10,0.00,3.58,3.61,3.58,3.58,3.60,3.59,3.60,3.59,28.52,41.7,-30,-30,74.8,2163,161,-665,579,260,0,1013,0,0,1,-1,0,1,-1,-1,-1,-1,-1,-1,0,1,0,0,0,0,0,0,0,0,0,0,0,0,0,0,
2026-04-16,08:52:53.370,7.67,98,100,100,0.055,75.68,47,0,7.74,-0.459,1.500,1.79,48,0,-103.28,0.62,10,0.00,3.58,3.61,3.58,3.59,3.60,3.59,3.60,3.59,28.55,39.8,-30,-30,75.4,2166,130,-678,573,252,0,1013,0,0,1,-1,0,1,-1,-1,-1,-1,-1,-1,0,1,0,0,0,0,0,0,0,0,0,0,0,0,0,0,
2026-04-16,08:52:53.630,7.66,99,100,100,0.080,75.90,48,0,7.75,-0.442,1.500,0.47,53,0,-108.27,1.68,10,0.00,3.58,3.61,3.58,3.59,3.61,3.59,3.60,3.59,28.55,39.8,-30,-30,73.0,2169,121,-542,572,320,0,1013,0,0,1,-1,0,1,-1,-1,-1,-1,-1,-1,0,1,0,0,0,0,0,0,0,0,0,0,0,0,0,0,
2026-04-16,08:52:53.900,7.66,98,100,100,0.059,75.75,49,0,7.76,-0.404,1.285,-0.08,58,0,-117.20,2.42,10,0.00,3.58,3.61,3.58,3.59,3.61,3.59,3.61,3.59,28.57,38.6,-30,-30,75.6,2172,139,-454,542,473,0,1013,0,0,1,-1,0,1,-1,-1,-1,-1,-1,-1,0,1,0,0,0,0,0,0,0,0,0,0,0,0,0,0,
2026-04-16,08:52:54.160,7.66,99,100,100,0.056,75.79,50,0,7.76,-0.338,1.112,-0.14,60,0,-118.89,3.77,10,0.00,3.59,3.61,3.58,3.59,3.61,3.59,3.61,3.59,28.57,38.6,-30,-30,76.7,2175,162,-480,524,519,0,1013,0,0,1,-1,0,1,-1,-1,-1,-1,-1,-1,0,1,0,0,0,0,0,0,0,0,0,0,0,0,0,0,
2026-04-16,08:52:54.420,7.66,99,100,100,0.060,75.96,50,0,7.76,-0.291,0.985,0.31,64,0,-118.33,4.32,10,0.00,3.59,3.61,3.58,3.59,3.61,3.59,3.61,3.59,28.61,36.2,-30,-30,76.7,2177,197,-486,505,541,0,1013,0,0,1,-1,0,1,-1,-1,-1,-1,-1,-1,0,1,0,0,0,0,0,0,0,0,0,0,0,0,0,0,
2026-04-16,08:52:54.680,7.66,96,100,100,0.078,76.06,49,0,7.76,-0.349,1.316,0.42,67,0,-122.39,2.97,10,0.00,3.59,3.61,3.60,3.59,3.61,3.59,3.61,3.59,28.61,33.5,-30,-30,77.2,2180,187,-469,494,565,0,1013,0,0,1,-1,0,1,-1,-1,-1,-1,-1,-1,0,1,0,0,0,0,0,0,0,0,0,0,0,0,0,0,
2026-04-16,08:52:54.950,7.66,90,100,100,0.064,75.76,47,0,7.76,-0.274,1.197,-0.34,67,0,-127.05,3.52,10,0.00,3.59,3.61,3.60,3.59,3.62,3.60,3.61,3.59,28.66,33.5,-30,-30,80.0,2183,179,-476,490,556,0,1013,0,0,1,-1,0,1,-1,-1,-1,-1,-1,-1,0,1,0,0,0,0,0,0,0,0,0,0,0,0,0,0,
2026-04-16,08:52:55.220,7.67,87,100,100,0.024,75.42,48,0,7.76,-0.251,1.031,-0.84,69,0,-130.24,5.95,10,0.00,3.59,3.61,3.60,3.59,3.62,3.60,3.62,3.61,28.70,32.2,-30,-30,81.1,2185,201,-323,476,743,0,1013,0,0,1,-1,0,1,-1,-1,-1,-1,-1,-1,0,1,0,0,0,0,0,0,0,0,0,0,0,0,0,0,
2026-04-16,08:52:55.500,7.66,91,100,100,0.018,74.93,50,0,7.73,-0.247,1.076,-1.33,71,0,-121.32,6.57,10,0.00,3.60,3.63,3.60,3.59,3.62,3.60,3.62,3.61,28.70,32.2,-30,-30,84.3,2188,186,-486,455,446,0,1013,0,0,1,-1,0,1,-1,-1,-1,-1,-1,-1,0,1,0,0,0,0,0,0,0,0,0,0,0,0,0,0,
2026-04-16,08:52:55.770,7.67,98,100,100,0.045,74.23,54,0,7.75,-0.211,1.030,-1.98,69,0,-113.86,7.53,10,0.00,3.60,3.63,3.61,3.61,3.62,3.60,3.62,3.61,28.76,30.0,-30,-30,84.5,2190,130,-632,443,93,0,1013,0,0,1,-1,0,1,-1,-1,-1,-1,-1,-1,0,1,0,0,0,0,0,0,0,0,0,0,0,0,0,0,
2026-04-16,08:52:56.030,7.67,100,100,100,0.050,73.64,56,0,7.71,-0.313,1.684,-2.14,68,0,-123.87,5.83,10,0.00,3.60,3.63,3.61,3.61,3.63,3.61,3.62,3.61,28.76,30.0,-30,-30,87.4,2192,63,-656,443,0,0,1013,0,0,1,-1,0,1,-1,-1,-1,-1,-1,-1,0,1,0,0,0,0,0,0,0,0,0,0,0,0,0,0,
2026-04-16,08:52:56.310,7.66,100,100,100,-0.045,71.28,56,0,7.72,-0.331,1.754,-3.99,67,0,-131.21,5.67,10,0.00,3.60,3.63,3.61,3.61,3.63,3.61,3.63,3.61,28.80,28.3,-30,-30,89.5,2194,27,-658,443,0,0,1013,0,0,1,-1,0,1,-1,-1,-1,-1,-1,-1,0,1,0,0,0,0,0,0,0,0,0,0,0,0,0,0,
2026-04-16,08:52:56.590,7.66,100,100,100,-0.024,69.90,55,0,7.72,-0.323,1.725,-4.55,65,0,-129.59,4.03,10,0.00,3.62,3.64,3.61,3.61,3.63,3.61,3.63,3.61,28.80,28.3,-30,-30,90.4,2197,0,-658,444,0,0,1013,0,0,1,-1,0,1,-1,-1,-1,-1,-1,-1,0,1,0,0,0,0,0,0,0,0,0,0,0,0,0,0,
2026-04-16,08:52:56.860,7.66,100,100,100,0.014,68.56,56,0,7.74,-0.348,1.858,-4.67,61,0,-132.17,-1.17,10,0.00,3.62,3.64,3.62,3.62,3.63,3.61,3.63,3.61,28.84,27.9,-30,-30,90.9,2199,0,-642,444,-4,0,1013,0,0,1,-1,0,1,-1,-1,-1,-1,-1,-1,0,1,0,0,0,0,0,0,0,0,0,0,0,0,0,0,
2026-04-16,08:52:57.120,7.67,100,100,100,-0.013,67.39,57,0,7.75,-0.291,1.741,-4.40,59,0,-136.74,-4.35,10,0.00,3.62,3.64,3.62,3.62,3.63,3.61,3.63,3.61,28.84,27.9,-30,-30,90.9,2201,0,-557,444,-30,0,1013,0,0,1,-1,0,1,-1,-1,-1,-1,-1,-1,0,1,0,0,0,0,0,0,0,0,0,0,0,0,0,0,
2026-04-16,08:52:57.400,7.66,100,100,100,0.009,66.26,57,0,7.76,-0.293,1.752,-4.05,60,0,-142.65,-10.18,10,0.00,3.62,3.64,3.62,3.62,3.63,3.63,3.63,3.61,28.89,27.3,-30,-30,94.6,2203,0,-506,443,0,0,1013,0,0,1,-1,0,1,-1,-1,-1,-1,-1,-1,0,1,0,0,0,0,0,0,0,0,0,0,0,0,0,0,
2026-04-16,08:52:57.660,7.66,100,100,100,-0.002,65.15,55,0,7.76,-0.250,1.531,-3.93,64,0,-148.04,-15.33,10,0.00,3.62,3.64,3.62,3.62,3.63,3.63,3.64,3.62,28.89,27.3,-30,-30,93.7,2205,0,-300,442,0,0,1013,0,0,1,-1,0,1,-1,-1,-1,-1,-1,-1,0,1,0,0,0,0,0,0,0,0,0,0,0,0,0,0,
2026-04-16,08:52:57.930,7.67,100,100,100,-0.005,64.23,53,0,7.76,-0.196,1.279,-3.62,66,0,-148.67,-16.97,10,0.00,3.62,3.64,3.62,3.62,3.63,3.63,3.64,3.62,28.92,26.7,-30,-30,94.1,2207,0,-452,421,50,0,1013,0,0,1,-1,0,1,-1,-1,-1,-1,-1,-1,0,1,0,0,0,0,0,0,0,0,0,0,0,0,0,0,
2026-04-16,08:52:58.210,7.67,99,100,100,0.008,63.65,51,0,7.76,-0.192,1.376,-2.69,63,0,-148.31,-20.22,10,0.00,3.62,3.64,3.63,3.63,3.63,3.63,3.64,3.62,28.92,24.5,-30,-30,94.8,2209,0,-340,409,0,0,1013,0,0,1,-1,0,1,-1,-1,-1,-1,-1,-1,0,1,0,0,0,0,0,0,0,0,0,0,0,0,0,0,
2026-04-16,08:52:58.490,7.67,99,100,100,0.020,63.29,51,0,7.76,-0.182,1.279,-1.03,63,0,-149.27,-25.11,10,0.00,3.62,3.64,3.63,3.63,3.64,3.63,3.64,3.62,28.96,24.5,-30,-30,94.8,2211,0,-242,407,-74,0,1013,0,0,1,-1,0,1,-1,-1,-1,-1,-1,-1,0,1,0,0,0,0,0,0,0,0,0,0,0,0,0,0,
2026-04-16,08:52:58.770,7.66,98,100,100,0.025,63.42,52,0,7.76,-0.168,1.180,-0.14,67,0,-150.24,-26.50,10,0.00,3.62,3.64,3.63,3.63,3.64,3.63,3.65,3.63,29.00,24.3,-30,-30,93.0,2213,0,-62,406,-154,0,1013,0,0,1,-1,0,1,-1,-1,-1,-1,-1,-1,0,1,0,0,0,0,0,0,0,0,0,0,0,0,0,0,
2026-04-16,08:52:59.040,7.66,99,100,100,0.046,63.89,53,0,7.76,-0.113,0.829,0.80,69,0,-155.88,-25.92,10,0.00,3.63,3.65,3.63,3.63,3.64,3.63,3.65,3.63,29.00,24.3,-30,-30,90.0,2214,0,-108,406,-89,0,1013,0,0,1,-1,0,1,-1,-1,-1,-1,-1,-1,0,1,0,0,0,0,0,0,0,0,0,0,0,0,0,0,
2026-04-16,08:52:59.320,7.67,99,100,100,0.008,64.32,55,0,7.76,-0.117,0.839,1.42,70,0,-158.03,-26.32,10,0.00,3.63,3.65,3.64,3.64,3.64,3.63,3.65,3.63,29.02,24.8,-30,-30,91.5,2216,0,-155,406,-28,0,1013,0,0,1,-1,0,1,-1,-1,-1,-1,-1,-1,0,1,0,0,0,0,0,0,0,0,0,0,0,0,0,0,
2026-04-16,08:52:59.600,7.66,99,100,100,0.008,64.45,52,0,7.76,-0.137,0.887,0.89,69,0,-156.51,-27.47,10,0.00,3.63,3.65,3.64,3.64,3.65,3.64,3.65,3.63,29.02,24.8,-30,-30,90.9,2218,-10,-178,406,-56,0,1013,0,0,1,-1,0,1,-1,-1,-1,-1,-1,-1,0,1,0,0,0,0,0,0,0,0,0,0,0,0,0,0,
2026-04-16,08:52:59.870,7.66,99,100,100,0.012,64.62,52,0,7.76,-0.187,0.918,0.67,68,0,-158.16,-27.98,10,0.00,3.63,3.65,3.64,3.64,3.65,3.64,3.65,3.64,29.04,25.1,-30,-30,90.9,2220,-22,-187,406,-51,0,1013,0,0,1,-1,0,1,-1,-1,-1,-1,-1,-1,0,1,0,0,0,0,0,0,0,0,0,0,0,0,0,0,
2026-04-16,08:53:00.130,7.67,99,100,100,-0.019,64.53,55,0,7.76,-0.150,0.954,0.30,66,0,-162.36,-28.08,10,0.00,3.63,3.65,3.64,3.64,3.65,3.64,3.65,3.64,29.04,25.1,-30,-30,90.9,2222,-39,-204,406,-116,0,1013,0,0,1,-1,0,1,-1,-1,-1,-1,-1,-1,0,1,0,0,0,0,0,0,0,0,0,0,0,0,0,0,
2026-04-16,08:53:00.390,7.67,100,100,100,-0.030,64.30,56,0,7.76,-0.194,1.068,-0.59,65,0,-162.20,-27.85,10,0.00,3.63,3.65,3.64,3.64,3.65,3.64,3.65,3.64,29.05,25.2,-30,-30,90.4,2224,-53,-243,408,-183,0,1012,0,0,1,-1,0,1,-1,-1,-1,-1,-1,-1,0,1,0,0,0,0,0,0,0,0,0,0,0,0,0,0,
2026-04-16,08:53:00.660,7.66,100,100,100,0.010,63.88,52,0,7.71,-0.187,1.021,-0.70,61,0,-164.06,-28.39,10,0.00,3.63,3.65,3.64,3.64,3.65,3.64,3.65,3.64,29.05,25.2,-30,-30,88.3,2226,-181,-307,409,-361,0,1013,0,0,1,-1,0,1,-1,-1,-1,-1,-1,-1,0,1,0,0,0,0,0,0,0,0,0,0,0,0,0,0,
2026-04-16,08:53:00.930,7.66,99,100,100,0.029,63.83,46,0,7.69,-0.195,1.046,-0.43,56,0,-167.92,-29.80,10,0.00,3.63,3.65,3.64,3.64,3.65,3.64,3.65,3.64,29.05,26.4,-30,-30,85.6,2228,-322,-393,424,-575,0,1013,0,0,1,-1,0,1,-1,-1,-1,-1,-1,-1,0,1,0,0,0,0,0,0,0,0,0,0,0,0,0,0,
2026-04-16,08:53:01.210,7.66,99,100,100,0.023,63.92,47,0,7.70,-0.256,1.250,0.00,53,0,144.98,-35.37,10,0.00,3.63,3.65,3.64,3.64,3.65,3.64,3.65,3.64,29.05,27.5,-30,-30,84.6,2230,-253,-165,430,-183,0,1013,0,0,1,-1,0,1,-1,-1,-1,-1,-1,-1,0,1,0,0,0,0,0,0,0,0,0,0,0,0,0,0,
2026-04-16,08:53:01.480,7.66,99,100,100,0.004,63.76,49,0,7.70,-0.215,0.993,-0.17,52,0,163.36,-39.36,10,0.00,3.63,3.65,3.64,3.64,3.65,3.64,3.65,3.64,29.05,27.5,-30,-30,85.0,2232,-112,-158,435,0,0,1013,0,0,1,-1,0,1,-1,-1,-1,-1,-1,-1,0,1,0,0,0,0,0,0,0,0,0,0,0,0,0,0,
2026-04-16,08:53:01.750,7.66,100,100,100,0.026,63.81,51,0,7.73,-0.203,0.935,-0.18,51,0,163.68,-37.16,10,0.00,3.63,3.65,3.64,3.64,3.65,3.64,3.65,3.64,29.04,28.8,-30,-30,84.6,2234,-118,-180,435,-15,0,1013,0,0,1,-1,0,1,-1,-1,-1,-1,-1,-1,0,1,0,0,0,0,0,0,0,0,0,0,0,0,0,0,
2026-04-16,08:53:02.020,7.67,100,100,100,0.043,64.18,52,0,7.75,-0.175,0.819,0.67,52,0,159.59,-35.08,10,0.00,3.63,3.65,3.64,3.64,3.64,3.64,3.65,3.64,29.04,28.8,-30,-30,85.6,2236,-132,-208,434,-56,0,1013,0,0,1,-1,0,1,-1,-1,-1,-1,-1,-1,0,1,0,0,0,0,0,0,0,0,0,0,0,0,0,0,
2026-04-16,08:53:02.280,7.67,100,100,100,0.035,64.51,53,0,7.75,-0.207,0.952,1.01,53,0,156.23,-35.75,10,0.00,3.63,3.65,3.64,3.64,3.64,3.64,3.65,3.63,29.04,28.5,-30,-30,85.4,2238,-140,-224,434,-51,0,1013,0,0,1,-1,0,1,-1,-1,-1,-1,-1,-1,0,1,0,0,0,0,0,0,0,0,0,0,0,0,0,0,
2026-04-16,08:53:02.550,7.66,100,100,100,0.034,64.73,53,0,7.70,-0.192,0.918,0.92,55,0,153.65,-34.36,10,0.00,3.63,3.65,3.64,3.64,3.64,3.64,3.65,3.63,29.04,28.5,-30,-30,85.6,2240,-324,-672,436,-232,0,1013,0,0,1,-1,0,1,-1,-1,-1,-1,-1,-1,0,1,0,0,0,0,0,0,0,0,0,0,0,0,0,0,
2026-04-16,08:53:02.810,7.67,100,100,100,0.037,64.90,52,0,7.69,-0.389,1.738,0.73,56,0,145.02,-39.32,10,0.00,3.63,3.65,3.64,3.64,3.64,3.64,3.65,3.63,29.03,28.6,-30,-30,85.6,2242,-343,-720,453,-156,0,1013,0,0,1,-1,0,1,-1,-1,-1,-1,-1,-1,0,1,0,0,0,0,0,0,0,0,0,0,0,0,0,0,
2026-04-16,08:53:03.070,7.66,100,100,100,0.036,64.56,48,0,7.72,-0.452,1.804,-0.48,55,0,133.46,-43.57,10,0.00,3.63,3.65,3.63,3.64,3.64,3.64,3.65,3.63,29.03,28.6,-30,-30,81.5,2244,-192,-613,484,0,0,1013,0,0,1,-1,0,1,-1,-1,-1,-1,-1,-1,0,1,0,0,0,0,0,0,0,0,0,0,0,0,0,0,
2026-04-16,08:53:03.330,7.67,94,100,100,0.009,64.47,45,0,7.72,-0.425,1.560,-0.25,56,0,111.07,-43.24,10,0.00,3.63,3.65,3.63,3.64,3.64,3.63,3.65,3.63,28.99,32.4,-30,-30,80.0,2247,-109,-595,541,127,0,1013,0,0,1,-1,0,1,-1,-1,-1,-1,-1,-1,0,1,0,0,0,0,0,0,0,0,0,0,0,0,0,0,
2026-04-16,08:53:03.590,7.67,91,100,100,0.015,64.47,40,0,7.75,-0.392,1.389,-0.19,58,0,103.23,-40.36,10,0.00,3.63,3.65,3.63,3.64,3.64,3.63,3.65,3.63,28.99,32.4,-30,-30,78.7,2249,-81,-625,547,280,0,1013,0,0,1,-1,0,1,-1,-1,-1,-1,-1,-1,0,1,0,0,0,0,0,0,0,0,0,0,0,0,0,0,
2026-04-16,08:53:03.870,7.66,81,100,100,0.000,64.54,37,0,7.73,-0.419,1.507,0.06,55,0,90.50,-33.26,10,0.00,3.62,3.64,3.63,3.64,3.64,3.63,3.65,3.63,28.94,36.9,-30,-30,78.7,2252,34,-645,581,607,0,1013,0,0,1,-1,0,1,-1,-1,-1,-1,-1,-1,0,1,0,0,0,0,0,0,0,0,0,0,0,0,0,0,
2026-04-16,08:53:04.130,7.67,80,100,100,-0.003,64.57,37,0,7.70,-0.417,1.402,0.16,56,0,86.53,-24.73,10,0.00,3.62,3.64,3.62,3.62,3.64,3.63,3.65,3.63,28.94,36.9,-30,-30,78.2,2254,40,-759,582,472,0,1013,0,0,1,-1,0,1,-1,-1,-1,-1,-1,-1,0,1,0,0,0,0,0,0,0,0,0,0,0,0,0,0,
2026-04-16,08:53:04.390,7.66,75,100,100,0.008,64.41,35,0,7.68,-0.421,1.510,-0.24,56,0,86.20,-20.10,10,0.00,3.62,3.64,3.62,3.62,3.62,3.62,3.65,3.63,28.89,39.8,-30,-30,78.2,2257,0,-778,579,512,0,1013,0,0,1,-1,0,1,-1,-1,-1,-1,-1,-1,0,1,0,0,0,0,0,0,0,0,0,0,0,0,0,0,
2026-04-16,08:53:04.680,7.66,77,100,100,0.018,64.16,35,0,7.70,-0.481,1.778,-0.59,52,0,79.51,-9.71,10,0.00,3.62,3.64,3.62,3.62,3.62,3.62,3.63,3.61,28.89,39.8,-30,-30,78.2,2260,153,-746,582,666,0,1013,0,0,1,-1,0,1,-1,-1,-1,-1,-1,-1,0,1,0,0,0,0,0,0,0,0,0,0,0,0,0,0,
2026-04-16,08:53:04.940,7.67,81,100,100,0.002,63.82,35,0,7.71,-0.444,1.724,-0.95,52,0,76.71,-3.74,10,0.00,3.62,3.64,3.62,3.62,3.62,3.62,3.63,3.61,28.84,39.2,-30,-30,83.2,2263,224,-717,580,790,0,1013,0,0,1,-1,0,1,-1,-1,-1,-1,-1,-1,0,1,0,0,0,0,0,0,0,0,0,0,0,0,0,0,
2026-04-16,08:53:05.210,7.67,90,100,100,-0.029,63.18,40,0,7.72,-0.416,1.595,-1.58,56,0,77.77,7.51,10,0.00,3.60,3.62,3.62,3.62,3.62,3.62,3.63,3.61,28.82,38.7,-30,-30,83.2,2266,229,-813,580,794,0,1013,0,0,1,-1,0,1,-1,-1,-1,-1,-1,-1,0,1,0,0,0,0,0,0,0,0,0,0,0,0,0,0,
2026-04-16,08:53:05.470,7.66,98,100,100,-0.047,62.24,44,0,7.72,-0.410,1.723,-2.53,59,0,84.62,15.60,10,0.00,3.60,3.62,3.61,3.61,3.62,3.62,3.63,3.61,28.82,38.7,-30,-30,84.5,2269,361,-772,581,844,0,1012,0,0,1,-1,0,1,-1,-1,-1,-1,-1,-1,0,1,0,0,0,0,0,0,0,0,0,0,0,0,0,0,
2026-04-16,08:53:05.740,7.67,100,100,100,-0.031,59.56,49,0,7.70,-0.424,1.708,-4.40,57,0,92.82,17.92,10,0.00,3.60,3.62,3.61,3.61,3.62,3.61,3.63,3.61,28.79,38.5,-30,-30,84.6,2272,404,-790,581,768,0,1012,0,0,1,-1,0,1,-1,-1,-1,-1,-1,-1,0,1,0,0,0,0,0,0,0,0,0,0,0,0,0,0,
2026-04-16,08:53:06.000,7.67,100,100,99,-0.029,57.96,51,0,7.73,-0.398,1.699,-5.08,56,0,103.94,19.63,10,0.00,3.60,3.62,3.61,3.61,3.62,3.61,3.62,3.61,28.79,38.5,-30,-30,87.0,2275,379,-805,580,703,0,1013,0,0,1,-1,0,1,-1,-1,-1,-1,-1,-1,0,1,0,0,0,0,0,0,0,0,0,0,0,0,0,0,
2026-04-16,08:53:06.260,7.66,100,100,99,-0.064,56.31,50,0,7.71,-0.452,1.812,-5.50,56,0,107.17,18.41,10,0.00,3.60,3.62,3.61,3.61,3.62,3.61,3.62,3.61,28.78,37.8,-30,-30,89.1,2277,349,-856,580,701,0,1013,0,0,1,-1,0,1,-1,-1,-1,-1,-1,-1,0,1,0,0,0,0,0,0,0,0,0,0,0,0,0,0,
2026-04-16,08:53:06.520,7.66,99,99,99,-0.101,54.75,47,0,7.73,-0.513,2.207,-5.55,52,0,120.77,12.25,10,0.00,3.60,3.62,3.60,3.61,3.62,3.61,3.62,3.61,28.78,37.8,-30,-30,88.0,2280,393,-786,581,702,0,1013,0,0,1,-1,0,1,-1,-1,-1,-1,-1,-1,0,1,0,0,0,0,0,0,0,0,0,0,0,0,0,0,
2026-04-16,08:53:06.790,7.66,98,99,99,-0.005,53.51,45,0,7.71,-0.509,1.908,-4.81,53,0,140.17,7.42,10,0.00,3.60,3.62,3.60,3.61,3.62,3.60,3.62,3.61,28.76,37.8,-30,-30,86.9,2283,307,-393,580,0,0,1013,0,0,1,-1,0,1,-1,-1,-1,-1,-1,-1,0,1,0,0,0,0,0,0,0,0,0,0,0,0,0,0,
2026-04-16,08:53:07.070,7.67,98,99,99,0.013,52.36,42,0,7.73,-0.368,1.463,-4.35,54,0,137.73,7.22,10,0.00,3.60,3.62,3.60,3.61,3.62,3.60,3.62,3.61,28.76,37.8,-30,-30,87.4,2286,224,-254,579,-180,0,1013,0,0,1,-1,0,1,-1,-1,-1,-1,-1,-1,0,1,0,0,0,0,0,0,0,0,0,0,0,0,0,0,
2026-04-16,08:53:07.350,7.67,99,99,99,-0.081,52.36,41,0,7.72,-0.295,1.147,-3.80,54,0,132.34,7.62,10,0.00,3.60,3.62,3.60,3.61,3.62,3.60,3.62,3.61,28.75,38.0,-30,-30,90.0,2289,211,-499,579,180,0,1013,0,0,1,-1,0,1,-1,-1,-1,-1,-1,-1,0,1,0,0,0,0,0,0,0,0,0,0,0,0,0,0,
2026-04-16,08:53:07.630,7.66,98,99,99,-0.104,51.05,40,0,7.74,-0.378,1.610,-2.46,55,0,142.46,3.63,10,0.00,3.60,3.62,3.60,3.61,3.62,3.60,3.62,3.61,28.75,38.0,-30,-30,90.0,2292,251,-259,580,29,0,1013,0,0,1,-1,0,1,-1,-1,-1,-1,-1,-1,0,1,0,0,0,0,0,0,0,0,0,0,0,0,0,0,
2026-04-16,08:53:07.910,7.67,98,99,99,-0.070,50.03,40,0,7.75,-0.361,1.461,-1.45,54,0,150.63,0.86,10,0.00,3.60,3.62,3.60,3.60,3.62,3.60,3.62,3.61,28.74,37.9,-30,-30,90.2,2295,241,-103,579,-24,0,1013,0,0,1,-1,0,1,-1,-1,-1,-1,-1,-1,0,1,0,0,0,0,0,0,0,0,0,0,0,0,0,0,
2026-04-16,08:53:08.170,7.67,98,99,99,-0.042,49.58,39,0,7.76,-0.255,1.016,-1.85,55,0,153.27,1.23,10,0.00,3.60,3.62,3.60,3.60,3.62,3.60,3.62,3.61,28.74,37.9,-30,-30,90.0,2297,190,-123,579,-35,0,1013,0,0,1,-1,0,1,-1,-1,-1,-1,-1,-1,0,1,0,0,0,0,0,0,0,0,0,0,0,0,0,0,
2026-04-16,08:53:08.430,7.66,97,99,99,-0.051,49.48,39,0,7.76,-0.250,1.007,-1.00,57,0,154.94,-0.05,10,0.00,3.60,3.62,3.60,3.60,3.62,3.60,3.62,3.60,28.74,37.9,-30,-30,90.4,2300,149,-137,547,-60,0,1013,0,0,1,-1,0,1,-1,-1,-1,-1,-1,-1,0,1,0,0,0,0,0,0,0,0,0,0,0,0,0,0,
2026-04-16,08:53:08.690,7.67,96,99,99,-0.086,49.46,39,0,7.76,-0.219,0.906,-0.51,57,0,160.11,-2.92,10,0.00,3.60,3.61,3.60,3.60,3.62,3.60,3.62,3.60,28.74,37.9,-30,-30,91.9,2303,142,-222,530,-76,0,1013,0,0,1,-1,0,1,-1,-1,-1,-1,-1,-1,0,1,0,0,0,0,0,0,0,0,0,0,0,0,0,0,
2026-04-16,08:53:08.970,7.66,96,99,99,-0.080,49.72,40,0,7.76,-0.254,1.088,0.35,57,0,169.25,-7.45,10,0.00,3.60,3.61,3.60,3.61,3.62,3.60,3.62,3.60,28.75,37.9,-30,-30,90.4,2306,128,-158,529,-125,0,1013,0,0,1,-1,0,1,-1,-1,-1,-1,-1,-1,0,1,0,0,0,0,0,0,0,0,0,0,0,0,0,0,
2026-04-16,08:53:09.250,7.67,96,99,99,-0.056,49.72,41,0,7.76,-0.226,0.953,0.62,59,0,174.16,-9.14,10,0.00,3.60,3.61,3.60,3.61,3.62,3.61,3.62,3.60,28.76,34.1,-30,-30,90.7,2309,0,12,501,-406,0,1013,0,0,1,-1,0,1,-1,-1,-1,-1,-1,-1,0,1,0,0,0,0,0,0,0,0,0,0,0,0,0,0,
2026-04-16,08:53:09.520,7.66,96,99,99,-0.056,49.91,42,0,7.74,-0.158,0.783,0.62,60,0,175.72,-9.93,10,0.00,3.60,3.61,3.60,3.61,3.62,3.61,3.63,3.61,28.76,34.1,-30,-30,92.2,2311,-48,15,495,-469,0,1013,0,0,1,-1,0,1,-1,-1,-1,-1,-1,-1,0,1,0,0,0,0,0,0,0,0,0,0,0,0,0,0,
2026-04-16,08:53:09.780,7.67,97,100,100,-0.050,49.95,42,0,7.75,-0.136,0.729,0.10,61,0,170.49,-11.35,10,0.00,3.61,3.63,3.60,3.61,3.62,3.61,3.63,3.61,28.79,30.8,-30,-30,93.2,2314,-66,-141,496,-424,0,1013,0,0,1,-1,0,1,-1,-1,-1,-1,-1,-1,0,1,0,0,0,0,0,0,0,0,0,0,0,0,0,0,
2026-04-16,08:53:10.040,7.66,98,100,100,-0.049,49.96,42,0,7.76,-0.156,0.876,0.10,62,0,167.59,-12.87,10,0.00,3.61,3.63,3.60,3.61,3.62,3.61,3.63,3.61,28.79,30.8,-30,-30,93.2,2316,-67,-182,496,-418,0,1013,0,0,1,-1,0,1,-1,-1,-1,-1,-1,-1,0,1,0,0,0,0,0,0,0,0,0,0,0,0,0,0,
2026-04-16,08:53:10.300,7.66,98,100,100,-0.048,49.82,41,0,7.76,-0.201,1.113,-0.20,62,0,163.53,-16.31,10,0.00,3.61,3.63,3.61,3.61,3.62,3.61,3.63,3.61,28.81,30.9,-30,-30,93.7,2318,-60,-218,495,-329,0,1013,0,0,1,-1,0,1,-1,-1,-1,-1,-1,-1,0,1,0,0,0,0,0,0,0,0,0,0,0,0,0,0,
2026-04-16,08:53:10.580,7.67,97,100,100,-0.029,49.63,40,0,7.76,-0.193,1.083,-0.86,62,0,162.33,-17.40,10,0.00,3.61,3.63,3.61,3.61,3.63,3.61,3.63,3.61,28.81,30.9,-30,-30,93.7,2321,0,-84,495,0,0,1013,0,0,1,-1,0,1,-1,-1,-1,-1,-1,-1,0,1,0,0,0,0,0,0,0,0,0,0,0,0,0,0,
2026-04-16,08:53:10.840,7.66,95,100,100,0.008,49.11,40,0,7.76,-0.150,0.906,-0.93,63,0,159.78,-17.89,10,0.00,3.61,3.63,3.61,3.61,3.63,3.61,3.63,3.61,28.83,30.7,-30,-30,93.0,2323,72,-98,496,218,0,1013,0,0,1,-1,0,1,-1,-1,-1,-1,-1,-1,0,1,0,0,0,0,0,0,0,0,0,0,0,0,0,0,
2026-04-16,08:53:11.100,7.66,93,100,100,0.002,49.07,42,0,7.71,-0.125,0.928,-0.32,64,0,162.02,-17.64,10,0.00,3.61,3.63,3.61,3.61,3.63,3.61,3.63,3.61,28.83,30.7,-30,-30,95.9,2325,217,-226,497,364,0,1012,0,0,1,-1,0,1,-1,-1,-1,-1,-1,-1,0,1,0,0,0,0,0,0,0,0,0,0,0,0,0,0,
2026-04-16,08:53:11.380,7.67,94,100,100,-0.004,48.58,43,0,7.72,-0.139,0.971,-0.98,65,0,165.45,-19.87,10,0.00,3.61,3.63,3.62,3.62,3.63,3.61,3.63,3.61,28.86,30.7,-30,-30,97.0,2327,303,-243,496,466,0,1013,0,0,1,-1,0,1,-1,-1,-1,-1,-1,-1,0,1,0,0,0,0,0,0,0,0,0,0,0,0,0,0,
2026-04-16,08:53:11.640,7.66,96,100,100,-0.073,48.08,45,0,7.74,-0.173,1.236,-1.35,66,0,177.57,-23.97,10,0.00,3.61,3.63,3.62,3.62,3.63,3.62,3.63,3.61,28.86,30.7,-30,-30,98.5,2330,307,-185,497,414,0,1013,0,0,1,-1,0,1,-1,-1,-1,-1,-1,-1,0,1,0,0,0,0,0,0,0,0,0,0,0,0,0,0,
2026-04-16,08:53:11.900,7.67,98,100,100,-0.096,47.36,46,0,7.75,-0.144,1.054,-2.14,67,0,-169.81,-24.22,10,0.00,3.61,3.63,3.62,3.62,3.63,3.62,3.64,3.61,28.87,29.2,-30,-30,98.9,2332,142,-29,496,0,0,1013,0,0,1,-1,0,1,-1,-1,-1,-1,-1,-1,0,1,0,0,0,0,0,0,0,0,0,0,0,0,0,0,
2026-04-16,08:53:12.160,7.66,99,100,100,-0.083,47.01,46,0,7.70,-0.158,1.066,-1.77,68,0,-158.57,-23.74,10,0.00,3.62,3.63,3.62,3.62,3.63,3.62,3.64,3.61,28.87,29.2,-30,-30,98.5,2334,-48,-178,496,-264,0,1013,0,0,1,-1,0,1,-1,-1,-1,-1,-1,-1,0,1,0,0,0,0,0,0,0,0,0,0,0,0,0,0,
2026-04-16,08:53:12.430,7.66,98,100,100,-0.052,46.97,43,0,7.71,-0.141,1.127,-0.85,69,0,-157.32,-22.92,10,0.00,3.62,3.63,3.62,3.62,3.63,3.62,3.64,3.61,28.88,29.6,-30,-30,98.5,2336,-130,-141,497,-422,0,1013,0,0,1,-1,0,1,-1,-1,-1,-1,-1,-1,0,1,0,0,0,0,0,0,0,0,0,0,0,0,0,0,
2026-04-16,08:53:12.700,7.66,97,100,100,-0.014,46.81,43,0,7.73,-0.149,1.016,-0.56,70,0,-160.04,-23.75,10,0.00,3.62,3.63,3.62,3.62,3.63,3.62,3.64,3.61,28.88,29.7,-30,-30,98.0,2338,-145,-52,497,-459,0,1013,0,0,1,-1,0,1,-1,-1,-1,-1,-1,-1,0,1,0,0,0,0,0,0,0,0,0,0,0,0,0,0,
2026-04-16,08:53:12.970,7.67,98,100,100,0.025,46.46,46,0,7.75,-0.146,0.986,-0.86,69,0,-171.99,-24.33,10,0.00,3.62,3.63,3.62,3.62,3.63,3.62,3.64,3.61,28.89,29.7,-30,-30,96.5,2340,-108,-118,496,-262,0,1013,0,0,1,-1,0,1,-1,-1,-1,-1,-1,-1,0,1,0,0,0,0,0,0,0,0,0,0,0,0,0,0,
2026-04-16,08:53:13.250,7.66,99,100,100,0.022,46.14,50,0,7.72,-0.124,0.892,-0.64,68,0,-178.50,-24.71,10,0.00,3.62,3.63,3.62,3.62,3.63,3.62,3.64,3.62,28.91,29.6,-30,-30,97.0,2343,0,-150,496,0,0,1013,0,0,1,-1,0,1,-1,-1,-1,-1,-1,-1,0,1,0,0,0,0,0,0,0,0,0,0,0,0,0,0,
2026-04-16,08:53:13.520,7.66,99,100,100,0.030,46.03,54,0,7.74,-0.141,0.992,-0.52,67,0,177.86,-26.78,10,0.00,3.62,3.63,3.62,3.62,3.63,3.62,3.64,3.62,28.91,29.6,-30,-30,96.5,2345,-42,-60,495,-60,0,1013,0,0,1,-1,0,1,-1,-1,-1,-1,-1,-1,0,1,0,0,0,0,0,0,0,0,0,0,0,0,0,0,
2026-04-16,08:53:13.780,7.67,99,100,100,0.012,45.91,55,0,7.75,-0.116,0.872,-0.42,64,0,175.24,-26.04,10,0.00,3.62,3.63,3.62,3.62,3.63,3.62,3.64,3.62,28.91,29.7,-30,-30,96.5,2347,-36,-135,495,0,0,1013,0,0,1,-1,0,1,-1,-1,-1,-1,-1,-1,0,1,0,0,0,0,0,0,0,0,0,0,0,0,0,0,
2026-04-16,08:53:14.050,7.66,98,100,100,-0.002,45.91,54,0,7.76,-0.138,0.976,-0.67,61,0,175.40,-25.38,10,0.00,3.62,3.63,3.62,3.62,3.63,3.62,3.64,3.62,28.91,29.7,-30,-30,97.8,2349,-30,-217,495,0,0,1013,0,0,1,-1,0,1,-1,-1,-1,-1,-1,-1,0,1,0,0,0,0,0,0,0,0,0,0,0,0,0,0,
2026-04-16,08:53:14.320,7.66,99,100,100,-0.009,45.28,52,0,7.76,-0.173,1.167,-0.98,64,0,176.82,-27.69,10,0.00,3.62,3.63,3.62,3.62,3.63,3.62,3.64,3.62,28.91,29.5,-30,-30,97.2,2352,-34,-176,496,0,0,1013,0,0,1,-1,0,1,-1,-1,-1,-1,-1,-1,0,1,0,0,0,0,0,0,0,0,0,0,0,0,0,0,
2026-04-16,08:53:14.600,7.66,99,100,100,0.017,44.76,57,0,7.76,-0.154,0.985,-1.52,70,0,176.03,-29.49,10,0.00,3.62,3.63,3.62,3.62,3.63,3.62,3.64,3.62,28.91,29.5,-30,-30,96.3,2354,-37,-167,495,0,0,1013,0,0,1,-1,0,1,-1,-1,-1,-1,-1,-1,0,1,0,0,0,0,0,0,0,0,0,0,0,0,0,0,
2026-04-16,08:53:14.880,7.66,98,99,99,0.004,44.70,59,0,7.76,-0.167,1.141,-0.92,77,0,173.54,-30.13,10,0.00,3.62,3.63,3.62,3.62,3.63,3.62,3.64,3.62,28.91,29.9,-30,-30,97.0,2356,-37,-173,495,0,0,1013,0,0,1,-1,0,1,-1,-1,-1,-1,-1,-1,0,1,0,0,0,0,0,0,0,0,0,0,0,0,0,0,
2026-04-16,08:53:15.170,7.66,97,99,99,-0.004,44.16,61,0,7.76,-0.168,1.066,-0.69,75,0,173.93,-30.20,10,0.00,3.62,3.63,3.62,3.62,3.63,3.62,3.64,3.62,28.91,29.9,-30,-30,95.7,2359,-31,-165,496,174,0,1013,0,0,1,-1,0,1,-1,-1,-1,-1,-1,-1,0,1,0,0,0,0,0,0,0,0,0,0,0,0,0,0,
2026-04-16,08:53:15.430,7.66,97,99,99,0.051,44.16,63,0,7.76,-0.099,0.708,-0.93,80,0,178.02,-31.34,10,0.00,3.62,3.63,3.62,3.62,3.63,3.62,3.64,3.62,28.91,29.9,-30,-30,95.7,2361,-21,-157,496,185,0,1012,0,0,1,-1,0,1,-1,-1,-1,-1,-1,-1,0,1,0,0,0,0,0,0,0,0,0,0,0,0,0,0,
2026-04-16,08:53:15.700,7.66,98,99,99,0.033,44.05,67,0,7.76,-0.146,1.076,-0.24,83,0,177.94,-31.40,10,0.00,3.62,3.63,3.62,3.62,3.63,3.62,3.64,3.62,28.91,29.9,-30,-30,96.7,2363,-13,-220,497,120,0,1013,0,0,1,-1,0,1,-1,-1,-1,-1,-1,-1,0,1,0,0,0,0,0,0,0,0,0,0,0,0,0,0,
2026-04-16,08:53:15.960,7.66,99,99,99,0.045,44.14,71,0,7.74,-0.148,0.945,0.32,87,0,175.84,-32.54,10,0.00,3.62,3.63,3.62,3.62,3.63,3.62,3.64,3.62,28.91,29.6,-30,-30,96.9,2365,0,-310,497,244,0,1013,0,0,1,-1,0,1,-1,-1,-1,-1,-1,-1,0,1,0,0,0,0,0,0,0,0,0,0,0,0,0,0,
2026-04-16,08:53:16.220,7.67,100,100,99,0.026,44.27,71,0,7.75,-0.194,1.125,0.31,82,0,177.27,-33.16,10,0.00,3.62,3.63,3.62,3.62,3.63,3.62,3.64,3.62,28.91,30.6,-30,-30,92.2,2367,0,-193,497,0,0,1012,0,0,1,-1,0,1,-1,-1,-1,-1,-1,-1,0,1,0,0,0,0,0,0,0,0,0,0,0,0,0,0,
2026-04-16,08:53:16.500,7.67,100,100,99,0.000,44.38,70,0,7.71,-0.256,1.271,0.41,78,0,177.81,-36.01,10,0.00,3.62,3.63,3.62,3.62,3.63,3.62,3.64,3.62,28.91,30.6,-30,-30,93.0,2370,-1,-212,497,0,0,1013,0,0,1,-1,0,1,-1,-1,-1,-1,-1,-1,0,1,0,0,0,0,0,0,0,0,0,0,0,0,0,0,
2026-04-16,08:53:16.760,7.67,100,100,99,-0.017,44.11,71,0,7.73,-0.208,1.036,-0.38,80,0,177.18,-36.69,10,0.00,3.62,3.63,3.62,3.62,3.63,3.62,3.64,3.62,28.90,31.3,-30,-30,89.1,2372,-34,-303,498,-160,0,1013,0,0,1,-1,0,1,-1,-1,-1,-1,-1,-1,0,1,0,0,0,0,0,0,0,0,0,0,0,0,0,0,
2026-04-16,08:53:17.040,7.66,100,100,99,0.003,44.22,70,0,7.73,-0.226,1.162,-0.09,73,0,174.55,-38.68,10,0.00,3.61,3.63,3.62,3.62,3.63,3.62,3.64,3.62,28.90,31.3,-30,-30,90.4,2374,-134,-453,562,-283,0,1013,0,0,1,-1,0,1,-1,-1,-1,-1,-1,-1,0,1,0,0,0,0,0,0,0,0,0,0,0,0,0,0,
2026-04-16,08:53:17.300,7.67,100,100,99,0.011,44.49,65,0,7.74,-0.314,1.381,0.62,73,0,166.50,-47.21,10,0.00,3.61,3.63,3.62,3.62,3.63,3.62,3.64,3.62,28.86,34.4,-30,-30,89.6,2377,-120,-433,575,-393,0,1013,0,0,1,-1,0,1,-1,-1,-1,-1,-1,-1,0,1,0,0,0,0,0,0,0,0,0,0,0,0,0,0,
2026-04-16,08:53:17.570,7.66,99,99,99,-0.026,44.67,63,0,7.75,-0.400,1.470,0.64,73,0,159.98,-51.39,10,0.00,3.61,3.63,3.62,3.62,3.63,3.61,3.64,3.62,28.86,34.4,-30,-30,87.4,2379,-73,-322,582,-304,0,1013,0,0,1,-1,0,1,-1,-1,-1,-1,-1,-1,0,1,0,0,0,0,0,0,0,0,0,0,0,0,0,0,
2026-04-16,08:53:17.830,7.66,99,99,99,-0.041,44.94,60,0,7.76,-0.321,1.241,0.73,72,0,146.09,-55.72,10,0.00,3.61,3.63,3.62,3.62,3.63,3.61,3.64,3.62,28.83,37.9,-30,-30,88.3,2382,-49,-309,583,-295,0,1013,0,0,1,-1,0,1,-1,-1,-1,-1,-1,-1,0,1,0,0,0,0,0,0,0,0,0,0,0,0,0,0,
2026-04-16,08:53:18.090,7.66,98,99,99,-0.015,45.56,58,0,7.76,-0.301,1.132,1.46,70,0,141.09,-55.96,10,0.00,3.61,3.63,3.62,3.62,3.63,3.61,3.63,3.61,28.83,37.9,-30,-30,88.3,2385,-44,-308,584,-286,0,1013,0,0,1,-1,0,1,-1,-1,-1,-1,-1,-1,0,1,0,0,0,0,0,0,0,0,0,0,0,0,0,0,
2026-04-16,08:53:18.360,7.66,98,99,99,-0.006,47.81,55,0,7.76,-0.297,1.060,3.61,68,0,128.26,-56.34,10,0.00,3.60,3.62,3.62,3.62,3.63,3.61,3.63,3.61,28.79,38.4,-30,-30,84.6,2388,0,-322,596,-220,0,1013,0,0,1,-1,0,1,-1,-1,-1,-1,-1,-1,0,1,0,0,0,0,0,0,0,0,0,0,0,0,0,0,
2026-04-16,08:53:18.640,7.66,98,99,99,-0.027,48.89,52,0,7.76,-0.340,1.152,3.74,64,0,111.07,-55.37,10,0.00,3.60,3.62,3.60,3.60,3.63,3.61,3.63,3.61,28.79,38.4,-30,-30,82.6,2390,0,-321,610,-169,0,1013,0,0,1,-1,0,1,-1,-1,-1,-1,-1,-1,0,1,0,0,0,0,0,0,0,0,0,0,0,0,0,0,
2026-04-16,08:53:18.900,7.67,99,100,100,-0.009,49.76,50,0,7.76,-0.351,1.208,3.40,61,0,105.54,-54.06,10,0.00,3.60,3.62,3.60,3.60,3.61,3.60,3.63,3.61,28.74,40.1,-30,-30,83.7,2393,15,-340,613,-51,0,1013,0,0,1,-1,0,1,-1,-1,-1,-1,-1,-1,0,1,0,0,0,0,0,0,0,0,0,0,0,0,0,0,
2026-04-16,08:53:19.160,7.66,99,100,100,-0.021,50.65,50,0,7.76,-0.357,1.122,3.10,58,0,96.29,-50.17,10,0.00,3.60,3.62,3.60,3.60,3.61,3.60,3.62,3.60,28.74,40.1,-30,-30,81.7,2396,17,-344,613,-45,0,1013,0,0,1,-1,0,1,-1,-1,-1,-1,-1,-1,0,1,0,0,0,0,0,0,0,0,0,0,0,0,0,0,
2026-04-16,08:53:19.430,7.67,98,100,100,-0.034,51.64,52,0,7.76,-0.343,1.127,3.28,61,0,89.16,-45.19,10,0.00,3.59,3.61,3.60,3.60,3.61,3.60,3.62,3.60,28.70,41.6,-30,-30,81.5,2399,0,-345,612,0,0,1013,0,0,1,-1,0,1,-1,-1,-1,-1,-1,-1,0,1,0,0,0,0,0,0,0,0,0,0,0,0,0,0,
2026-04-16,08:53:19.690,7.66,99,100,100,-0.044,52.59,54,0,7.76,-0.349,1.149,3.39,60,0,87.57,-42.47,10,0.00,3.59,3.61,3.59,3.59,3.61,3.60,3.62,3.60,28.70,41.6,-30,-30,81.7,2402,0,-443,611,0,0,1013,0,0,1,-1,0,1,-1,-1,-1,-1,-1,-1,0,1,0,0,0,0,0,0,0,0,0,0,0,0,0,0,
2026-04-16,08:53:19.980,7.67,99,100,100,-0.025,53.28,54,0,7.76,-0.371,1.175,2.84,60,0,88.54,-36.68,10,0.00,3.59,3.61,3.59,3.59,3.61,3.59,3.62,3.60,28.67,40.9,-30,-30,80.0,2406,0,-443,610,0,0,1013,0,0,1,-1,0,1,-1,-1,-1,-1,-1,-1,0,1,0,0,0,0,0,0,0,0,0,0,0,0,0,0,
2026-04-16,08:53:20.250,7.67,99,100,100,0.026,53.91,55,0,7.76,-0.405,1.308,2.45,58,0,87.15,-33.39,10,0.00,3.59,3.61,3.59,3.59,3.61,3.59,3.62,3.60,28.64,41.2,-30,-30,79.6,2409,0,-444,609,41,0,1013,0,0,1,-1,0,1,-1,-1,-1,-1,-1,-1,0,1,0,0,0,0,0,0,0,0,0,0,0,0,0,0,
2026-04-16,08:53:20.520,7.67,100,100,100,0.011,54.99,55,0,7.76,-0.386,1.237,1.92,56,0,79.18,-25.84,10,0.00,3.59,3.61,3.59,3.59,3.61,3.59,3.61,3.59,28.64,41.2,-30,-30,79.6,2412,14,-449,609,79,0,1012,0,0,1,-1,0,1,-1,-1,-1,-1,-1,-1,0,1,0,0,0,0,0,0,0,0,0,0,0,0,0,0,
2026-04-16,08:53:20.780,7.66,100,100,100,-0.021,55.52,55,0,7.76,-0.385,1.229,1.90,53,0,74.95,-18.50,10,0.00,3.59,3.60,3.59,3.59,3.61,3.59,3.61,3.59,28.62,41.1,-30,-30,80.0,2415,71,-435,609,259,0,1013,0,0,1,-1,0,1,-1,-1,-1,-1,-1,-1,0,1,0,0,0,0,0,0,0,0,0,0,0,0,0,0,
2026-04-16,08:53:21.060,7.67,100,100,100,-0.021,55.94,55,0,7.74,-0.423,1.337,1.66,49,0,77.00,-14.96,10,0.00,3.59,3.60,3.59,3.59,3.61,3.59,3.61,3.59,28.62,41.1,-30,-30,80.0,2418,102,-495,609,253,0,1013,0,0,1,-1,0,1,-1,-1,-1,-1,-1,-1,0,1,0,0,0,0,0,0,0,0,0,0,0,0,0,0,
2026-04-16,08:53:21.330,7.66,100,100,100,-0.012,56.22,54,0,7.73,-0.395,1.292,1.25,48,0,83.02,-7.70,10,0.00,3.59,3.60,3.59,3.59,3.60,3.59,3.61,3.59,28.60,41.1,-30,-30,79.6,2421,108,-443,609,116,0,1013,0,0,1,-1,0,1,-1,-1,-1,-1,-1,-1,0,1,0,0,0,0,0,0,0,0,0,0,0,0,0,0,
2026-04-16,08:53:21.610,7.66,98,100,100,0.000,56.45,52,0,7.75,-0.388,1.227,1.01,48,0,83.49,-0.48,10,0.00,3.59,3.60,3.59,3.59,3.60,3.59,3.60,3.59,28.60,41.1,-30,-30,78.9,2424,109,-430,609,169,0,1013,0,0,1,-1,0,1,-1,-1,-1,-1,-1,-1,0,1,0,0,0,0,0,0,0,0,0,0,0,0,0,0,
2026-04-16,08:53:21.870,7.66,97,100,100,-0.023,56.72,49,0,7.75,-0.371,1.200,0.89,47,0,83.22,2.72,10,0.00,3.58,3.60,3.59,3.59,3.60,3.59,3.60,3.59,28.58,41.0,-30,-30,80.4,2427,112,-439,608,237,0,1012,0,0,1,-1,0,1,-1,-1,-1,-1,-1,-1,0,1,0,0,0,0,0,0,0,0,0,0,0,0,0,0,
2026-04-16,08:53:22.130,7.66,97,100,100,-0.006,56.92,48,0,7.76,-0.391,1.247,0.85,47,0,89.80,7.90,10,0.00,3.58,3.60,3.59,3.58,3.60,3.59,3.60,3.59,28.58,41.0,-30,-30,79.6,2430,128,-420,600,360,0,1013,0,0,1,-1,0,1,-1,-1,-1,-1,-1,-1,0,1,0,0,0,0,0,0,0,0,0,0,0,0,0,0,
2026-04-16,08:53:22.410,7.66,98,100,100,-0.003,57.00,48,0,7.76,-0.398,1.273,0.48,46,0,93.29,10.31,10,0.00,3.58,3.60,3.59,3.58,3.60,3.59,3.60,3.59,28.57,40.6,-30,-30,79.3,2433,135,-424,595,317,0,1013,0,0,1,-1,0,1,-1,-1,-1,-1,-1,-1,0,1,0,0,0,0,0,0,0,0,0,0,0,0,0,0,
2026-04-16,08:53:22.670,7.67,99,100,100,0.019,57.01,49,0,7.76,-0.378,1.181,0.26,49,0,102.47,14.57,10,0.00,3.58,3.60,3.59,3.58,3.60,3.59,3.60,3.59,28.57,40.6,-30,-30,78.0,2436,141,-368,592,380,0,1013,0,0,1,-1,0,1,-1,-1,-1,-1,-1,-1,0,1,0,0,0,0,0,0,0,0,0,0,0,0,0,0,
2026-04-16,08:53:22.950,7.66,99,100,100,0.005,57.13,50,0,7.76,-0.362,1.132,0.26,49,0,106.52,17.99,10,0.00,3.58,3.60,3.59,3.58,3.60,3.59,3.60,3.59,28.57,39.8,-30,-30,78.9,2439,136,-322,589,398,0,1013,0,0,1,-1,0,1,-1,-1,-1,-1,-1,-1,0,1,0,0,0,0,0,0,0,0,0,0,0,0,0,0,
2026-04-16,08:53:23.210,7.66,100,100,100,0.001,57.10,51,0,7.76,-0.351,1.086,0.11,54,0,110.13,19.10,10,0.00,3.58,3.60,3.59,3.58,3.60,3.59,3.60,3.59,28.57,39.1,-30,-30,78.9,2442,151,-285,575,581,0,1013,0,0,1,-1,0,1,-1,-1,-1,-1,-1,-1,0,1,0,0,0,0,0,0,0,0,0,0,0,0,0,0,
2026-04-16,08:53:23.470,7.66,99,100,100,-0.002,56.86,52,0,7.76,-0.327,1.037,-0.40,56,0,121.95,20.67,10,0.00,3.58,3.60,3.59,3.58,3.60,3.59,3.60,3.59,28.57,39.1,-30,-30,80.2,2445,154,-294,574,530,0,1013,0,0,1,-1,0,1,-1,-1,-1,-1,-1,-1,0,1,0,0,0,0,0,0,0,0,0,0,0,0,0,0,
2026-04-16,08:53:23.750,7.66,98,99,99,0.027,56.52,51,0,7.71,-0.291,0.933,-0.86,53,0,138.86,20.39,10,0.00,3.58,3.60,3.59,3.58,3.60,3.59,3.60,3.59,28.58,38.2,-30,-30,82.4,2448,153,-363,574,234,0,1013,0,0,1,-1,0,1,-1,-1,-1,-1,-1,-1,0,1,0,0,0,0,0,0,0,0,0,0,0,0,0,0,
2026-04-16,08:53:24.040,7.66,98,99,99,0.013,56.37,51,0,7.74,-0.319,1.169,-0.76,51,0,143.30,17.73,10,0.00,3.58,3.60,3.59,3.58,3.60,3.59,3.60,3.59,28.58,38.2,-30,-30,82.0,2451,131,-231,574,152,0,1013,0,0,1,-1,0,1,-1,-1,-1,-1,-1,-1,0,1,0,0,0,0,0,0,0,0,0,0,0,0,0,0,
2026-04-16,08:53:24.320,7.66,97,99,99,-0.017,55.92,48,0,7.73,-0.289,1.065,-1.10,57,0,144.13,14.94,10,0.00,3.58,3.60,3.59,3.58,3.60,3.59,3.60,3.59,28.58,37.5,-30,-30,84.5,2454,133,-382,573,353,0,1013,0,0,1,-1,0,1,-1,-1,-1,-1,-1,-1,0,1,0,0,0,0,0,0,0,0,0,0,0,0,0,0,
2026-04-16,08:53:24.580,7.66,97,99,99,-0.028,55.34,44,0,7.74,-0.341,1.185,-1.67,56,0,152.13,11.49,10,0.00,3.58,3.60,3.59,3.59,3.60,3.59,3.60,3.59,28.58,37.5,-30,-30,86.9,2457,163,-335,573,423,0,1013,0,0,1,-1,0,1,-1,-1,-1,-1,-1,-1,0,1,0,0,0,0,0,0,0,0,0,0,0,0,0,0,
2026-04-16,08:53:24.840,7.66,97,98,98,-0.009,54.84,43,0,7.75,-0.345,1.312,-1.79,58,0,157.59,9.52,10,0.00,3.58,3.60,3.59,3.59,3.60,3.59,3.60,3.59,28.59,37.5,-30,-30,85.6,2460,171,-293,574,131,0,1013,0,0,1,-1,0,1,-1,-1,-1,-1,-1,-1,0,1,0,0,0,0,0,0,0,0,0,0,0,0,0,0,
2026-04-16,08:53:25.110,7.66,98,99,98,0.018,54.35,43,0,7.76,-0.291,1.120,-0.91,62,0,161.76,6.73,10,0.00,3.58,3.60,3.59,3.59,3.60,3.59,3.61,3.59,28.59,37.5,-30,-30,85.6,2462,155,-130,576,0,0,1013,0,0,1,-1,0,1,-1,-1,-1,-1,-1,-1,0,1,0,0,0,0,0,0,0,0,0,0,0,0,0,0,
2026-04-16,08:53:25.410,7.66,100,100,98,-0.019,54.47,44,0,7.76,-0.248,0.915,-0.02,65,0,159.36,5.75,10,0.00,3.59,3.60,3.59,3.59,3.60,3.59,3.61,3.59,28.59,37.3,-30,-30,87.0,2465,131,-140,576,0,0,1013,0,0,1,-1,0,1,-1,-1,-1,-1,-1,-1,0,1,0,0,0,0,0,0,0,0,0,0,0,0,0,0,
2026-04-16,08:53:25.690,7.66,100,100,98,-0.040,54.43,45,0,7.76,-0.233,0.906,-0.02,66,0,162.21,2.33,10,0.00,3.59,3.60,3.59,3.59,3.60,3.59,3.61,3.59,28.59,36.9,-30,-30,89.5,2468,120,-167,574,0,0,1013,0,0,1,-1,0,1,-1,-1,-1,-1,-1,-1,0,1,0,0,0,0,0,0,0,0,0,0,0,0,0,0,
2026-04-16,08:53:25.970,7.66,100,100,98,-0.031,54.47,47,0,7.76,-0.245,1.031,0.00,68,0,169.12,-3.17,10,0.00,3.59,3.60,3.59,3.59,3.60,3.59,3.61,3.59,28.60,36.9,-30,-30,91.3,2471,126,-160,574,2,0,1013,0,0,1,-1,0,1,-1,-1,-1,-1,-1,-1,0,1,0,0,0,0,0,0,0,0,0,0,0,0,0,0,
2026-04-16,08:53:26.240,7.66,98,98,98,-0.041,54.52,48,0,7.76,-0.223,1.021,0.14,67,0,171.81,-5.35,10,0.00,3.59,3.60,3.59,3.59,3.60,3.59,3.61,3.59,28.60,36.3,-30,-30,91.3,2474,124,-161,574,0,0,1013,0,0,1,-1,0,1,-1,-1,-1,-1,-1,-1,0,1,0,0,0,0,0,0,0,0,0,0,0,0,0,0,
2026-04-16,08:53:26.520,7.66,97,98,98,-0.050,54.56,48,0,7.76,-0.230,1.069,0.16,65,0,173.48,-9.20,10,0.00,3.59,3.60,3.59,3.59,3.60,3.59,3.61,3.59,28.60,36.3,-30,-30,93.0,2477,117,-160,574,0,0,1013,0,0,1,-1,0,1,-1,-1,-1,-1,-1,-1,0,1,0,0,0,0,0,0,0,0,0,0,0,0,0,0,
2026-04-16,08:53:26.800,7.66,97,98,98,-0.031,54.90,49,0,7.76,-0.235,1.206,0.22,63,0,178.12,-12.70,10,0.00,3.59,3.61,3.59,3.59,3.60,3.59,3.61,3.59,28.61,36.2,-30,-30,93.0,2480,98,-150,575,-66,0,1013,0,0,1,-1,0,1,-1,-1,-1,-1,-1,-1,0,1,0,0,0,0,0,0,0,0,0,0,0,0,0,0,
2026-04-16,08:53:27.060,7.67,99,99,98,-0.029,55.09,52,0,7.73,-0.230,1.038,0.59,59,0,178.76,-13.99,10,0.00,3.59,3.61,3.59,3.59,3.60,3.59,3.61,3.59,28.61,36.2,-30,-30,94.3,2482,0,-156,575,-285,0,1013,0,0,1,-1,0,1,-1,-1,-1,-1,-1,-1,0,1,0,0,0,0,0,0,0,0,0,0,0,0,0,0,
2026-04-16,08:53:27.330,7.67,99,99,97,-0.011,55.53,53,0,7.74,-0.214,0.923,1.07,54,0,177.50,-16.13,10,0.00,3.59,3.61,3.59,3.59,3.60,3.59,3.61,3.59,28.61,36.3,-30,-30,92.0,2485,-10,-137,574,-438,0,1012,0,0,1,-1,0,1,-1,-1,-1,-1,-1,-1,0,1,0,0,0,0,0,0,0,0,0,0,0,0,0,0,
2026-04-16,08:53:27.610,7.67,99,99,97,-0.049,56.08,53,0,7.73,-0.223,0.950,1.61,55,0,173.65,-18.82,10,0.00,3.59,3.61,3.59,3.59,3.60,3.59,3.61,3.59,28.61,36.3,-30,-30,90.2,2488,-80,-192,574,-570,0,1013,0,0,1,-1,0,1,-1,-1,-1,-1,-1,-1,0,1,0,0,0,0,0,0,0,0,0,0,0,0,0,0,
2026-04-16,08:53:27.890,7.66,98,98,98,-0.084,56.69,52,0,7.73,-0.218,1.077,1.89,56,0,171.11,-19.95,10,0.00,3.59,3.61,3.59,3.59,3.60,3.59,3.61,3.59,28.62,36.4,-30,-30,93.0,2491,-168,-243,575,-586,0,1013,0,0,1,-1,0,1,-1,-1,-1,-1,-1,-1,0,1,0,0,0,0,0,0,0,0,0,0,0,0,0,0,
2026-04-16,08:53:28.170,7.66,99,99,98,-0.042,57.29,51,0,7.75,-0.198,0.959,2.01,53,0,166.47,-22.76,10,0.00,3.59,3.61,3.59,3.59,3.60,3.59,3.61,3.59,28.62,36.4,-30,-30,92.8,2494,-198,-270,577,-571,0,1013,0,0,1,-1,0,1,-1,-1,-1,-1,-1,-1,0,1,0,0,0,0,0,0,0,0,0,0,0,0,0,0,
2026-04-16,08:53:28.430,7.66,99,99,98,-0.025,57.61,50,0,7.75,-0.270,1.270,1.60,56,0,155.37,-26.79,10,0.00,3.59,3.61,3.59,3.59,3.60,3.59,3.61,3.59,28.62,36.2,-30,-30,91.3,2496,-222,-286,578,-570,0,1013,0,0,1,-1,0,1,-1,-1,-1,-1,-1,-1,0,1,0,0,0,0,0,0,0,0,0,0,0,0,0,0,
2026-04-16,08:53:28.690,7.66,100,100,98,-0.007,58.02,51,0,7.76,-0.257,1.227,1.40,55,0,147.93,-28.43,10,0.00,3.59,3.61,3.59,3.59,3.60,3.59,3.61,3.59,28.62,36.2,-30,-30,91.3,2499,-167,-299,578,-255,0,1013,0,0,1,-1,0,1,-1,-1,-1,-1,-1,-1,0,1,0,0,0,0,0,0,0,0,0,0,0,0,0,0,
2026-04-16,08:53:28.970,7.66,100,100,99,-0.024,58.02,50,0,7.76,-0.259,1.240,1.71,58,0,134.82,-29.66,10,0.00,3.59,3.60,3.59,3.59,3.60,3.59,3.61,3.59,28.62,36.6,-30,-30,92.0,2502,-116,-364,574,0,0,1012,0,0,1,-1,0,1,-1,-1,-1,-1,-1,-1,0,1,0,0,0,0,0,0,0,0,0,0,0,0,0,0,
2026-04-16,08:53:29.230,7.67,97,99,99,0.041,59.07,49,0,7.72,-0.251,1.115,1.74,59,0,130.84,-29.28,10,0.00,3.59,3.60,3.59,3.59,3.60,3.59,3.61,3.59,28.62,35.1,-30,-30,92.0,2504,-56,-377,494,0,0,1013,0,0,1,-1,0,1,-1,-1,-1,-1,-1,-1,0,1,0,0,0,0,0,0,0,0,0,0,0,0,0,0,
2026-04-16,08:53:29.500,7.66,95,99,99,0.017,60.72,48,0,7.74,-0.207,0.996,2.80,59,0,122.67,-28.77,10,0.00,3.59,3.60,3.59,3.59,3.60,3.59,3.61,3.59,28.65,35.1,-30,-30,88.9,2507,0,-475,445,69,0,1013,0,0,1,-1,0,1,-1,-1,-1,-1,-1,-1,0,1,0,0,0,0,0,0,0,0,0,0,0,0,0,0,
2026-04-16,08:53:29.780,7.67,95,99,99,-0.041,61.44,47,0,7.73,-0.293,1.401,2.92,57,0,117.75,-30.28,10,0.00,3.59,3.60,3.59,3.59,3.61,3.59,3.61,3.59,28.69,29.3,-30,-30,85.9,2509,0,-476,425,293,0,1013,0,0,1,-1,0,1,-1,-1,-1,-1,-1,-1,0,1,0,0,0,0,0,0,0,0,0,0,0,0,0,0,
2026-04-16,08:53:30.060,7.67,97,99,99,-0.049,61.79,46,0,7.69,-0.279,1.437,1.91,58,0,118.04,-29.39,10,0.00,3.59,3.60,3.59,3.59,3.61,3.59,3.61,3.60,28.69,29.3,-30,-30,85.2,2512,0,-506,424,0,0,1013,0,0,1,-1,0,1,-1,-1,-1,-1,-1,-1,0,1,0,0,0,0,0,0,0,0,0,0,0,0,0,0,
2026-04-16,08:53:30.320,7.66,99,99,99,-0.040,62.21,46,0,7.73,-0.328,1.479,1.55,58,0,119.37,-29.02,10,0.00,3.60,3.62,3.59,3.59,3.61,3.59,3.61,3.60,28.73,27.9,-30,-30,85.2,2514,0,-515,423,49,0,1013,0,0,1,-1,0,1,-1,-1,-1,-1,-1,-1,0,1,0,0,0,0,0,0,0,0,0,0,0,0,0,0,
2026-04-16,08:53:30.580,7.67,99,99,99,-0.014,62.37,46,0,7.74,-0.303,1.455,1.08,51,0,112.41,-27.14,10,0.00,3.60,3.62,3.60,3.61,3.61,3.59,3.61,3.60,28.73,27.9,-30,-30,84.1,2516,0,-506,423,140,0,1013,0,0,1,-1,0,1,-1,-1,-1,-1,-1,-1,0,1,0,0,0,0,0,0,0,0,0,0,0,0,0,0,
2026-04-16,08:53:30.840,7.66,99,99,99,-0.026,62.37,46,0,7.75,-0.253,1.143,0.40,52,0,107.79,-25.86,10,0.00,3.60,3.62,3.60,3.61,3.62,3.60,3.61,3.60,28.75,27.8,-30,-30,82.4,2518,0,-524,422,395,0,1013,0,0,1,-1,0,1,-1,-1,-1,-1,-1,-1,0,1,0,0,0,0,0,0,0,0,0,0,0,0,0,0,
2026-04-16,08:53:31.120,7.66,98,99,99,-0.025,62.63,44,0,7.76,-0.348,1.434,0.53,54,0,108.66,-24.01,10,0.00,3.60,3.62,3.60,3.61,3.62,3.60,3.62,3.61,28.75,27.8,-30,-30,80.4,2520,0,-545,422,225,0,1013,0,0,1,-1,0,1,-1,-1,-1,-1,-1,-1,0,1,0,0,0,0,0,0,0,0,0,0,0,0,0,0,
2026-04-16,08:53:31.390,7.67,98,100,100,-0.003,62.65,44,0,7.76,-0.327,1.432,0.51,56,0,111.07,-22.68,10,0.00,3.60,3.62,3.60,3.61,3.62,3.60,3.62,3.61,28.77,28.6,-30,-30,81.7,2522,0,-538,377,1,0,1013,0,0,1,-1,0,1,-1,-1,-1,-1,-1,-1,0,1,0,0,0,0,0,0,0,0,0,0,0,0,0,0,
2026-04-16,08:53:31.670,7.66,99,100,100,0.004,62.25,47,0,7.76,-0.296,1.310,-0.50,58,0,101.96,-18.81,10,0.00,3.60,3.62,3.61,3.61,3.62,3.60,3.62,3.61,28.77,28.6,-30,-30,80.7,2524,0,-410,366,253,0,1013,0,0,1,-1,0,1,-1,-1,-1,-1,-1,-1,0,1,0,0,0,0,0,0,0,0,0,0,0,0,0,0,
2026-04-16,08:53:31.940,7.67,100,100,100,-0.030,62.25,51,0,7.76,-0.262,1.160,-0.22,60,0,99.07,-14.67,10,0.00,3.60,3.62,3.61,3.61,3.62,3.60,3.62,3.61,28.80,25.1,-30,-30,80.7,2526,0,-400,353,542,0,1013,0,0,1,-1,0,1,-1,-1,-1,-1,-1,-1,0,1,0,0,0,0,0,0,0,0,0,0,0,0,0,0,
2026-04-16,08:53:32.230,7.66,100,100,100,-0.017,62.08,53,0,7.76,-0.250,1.150,-0.30,57,0,108.68,-10.29,10,0.00,3.60,3.62,3.61,3.61,3.62,3.61,3.62,3.61,28.80,23.9,-30,-30,80.7,2528,0,-434,314,335,0,1013,0,0,1,-1,0,1,-1,-1,-1,-1,-1,-1,0,1,0,0,0,0,0,0,0,0,0,0,0,0,0,0,
2026-04-16,08:53:32.500,7.67,100,100,100,-0.003,61.67,53,0,7.74,-0.204,1.105,-0.94,51,0,112.37,-8.10,10,0.00,3.60,3.62,3.61,3.61,3.62,3.61,3.63,3.61,28.83,23.9,-30,-30,81.1,2530,0,-454,275,396,0,1013,0,0,1,-1,0,1,-1,-1,-1,-1,-1,-1,0,1,0,0,0,0,0,0,0,0,0,0,0,0,0,0,
2026-04-16,08:53:32.760,7.66,100,100,100,-0.002,61.03,53,0,7.75,-0.209,1.175,-1.64,53,0,109.74,-5.35,10,0.00,3.61,3.63,3.61,3.61,3.62,3.61,3.63,3.61,28.89,19.3,-30,-30,82.0,2532,0,-463,272,481,0,1013,0,0,1,-1,0,1,-1,-1,-1,-1,-1,-1,0,1,0,0,0,0,0,0,0,0,0,0,0,0,0,0,
2026-04-16,08:53:33.020,7.66,100,100,100,-0.016,60.38,53,0,7.76,-0.190,1.187,-2.06,55,0,109.35,-4.09,10,0.00,3.61,3.63,3.62,3.62,3.62,3.61,3.63,3.61,28.89,19.3,-30,-30,82.4,2533,0,-522,279,466,0,1012,0,0,1,-1,0,1,-1,-1,-1,-1,-1,-1,0,1,0,0,0,0,0,0,0,0,0,0,0,0,0,0,
2026-04-16,08:53:33.280,7.66,99,100,100,-0.050,59.51,52,0,7.76,-0.178,1.275,-2.51,56,0,112.34,-2.83,10,0.00,3.61,3.63,3.62,3.62,3.63,3.62,3.63,3.61,28.94,18.5,-30,-30,89.6,2534,0,-603,310,329,0,1013,0,0,1,-1,0,1,-1,-1,-1,-1,-1,-1,0,1,0,0,0,0,0,0,0,0,0,0,0,0,0,0,
2026-04-16,08:53:33.560,7.66,99,100,100,-0.036,58.37,50,0,7.76,-0.296,1.632,-3.37,57,0,113.13,-3.19,10,0.00,3.61,3.63,3.62,3.62,3.63,3.62,3.64,3.63,28.94,18.5,-30,-30,86.5,2536,3,-636,358,389,0,1012,0,0,1,-1,0,1,-1,-1,-1,-1,-1,-1,0,1,0,0,0,0,0,0,0,0,0,0,0,0,0,0,
2026-04-16,08:53:33.820,7.66,98,100,100,-0.033,58.37,48,0,7.76,-0.252,1.520,-3.48,57,0,112.20,-2.73,10,0.00,3.62,3.64,3.62,3.62,3.63,3.62,3.64,3.63,28.94,22.1,-30,-30,89.1,2537,0,-527,336,249,0,1013,0,0,1,-1,0,1,-1,-1,-1,-1,-1,-1,0,1,0,0,0,0,0,0,0,0,0,0,0,0,0,0,
2026-04-16,08:53:34.100,7.66,97,100,100,-0.055,55.47,46,0,7.76,-0.229,1.505,-3.33,55,0,117.79,-2.98,10,0.00,3.62,3.64,3.63,3.63,3.63,3.62,3.64,3.63,28.94,22.1,-30,-30,92.6,2539,0,-345,225,200,0,1013,0,0,1,-1,0,1,-1,-1,-1,-1,-1,-1,0,1,0,0,0,0,0,0,0,0,0,0,0,0,0,0,
2026-04-16,08:53:34.380,7.66,97,100,100,-0.021,54.80,45,0,7.74,-0.121,1.162,-2.74,56,0,119.70,-1.36,10,0.00,3.62,3.64,3.63,3.63,3.64,3.63,3.64,3.63,29.01,22.1,-30,-30,91.3,2541,0,-326,224,27,0,1013,0,0,1,-1,0,1,-1,-1,-1,-1,-1,-1,0,1,0,0,0,0,0,0,0,0,0,0,0,0,0,0,
2026-04-16,08:53:34.640,7.66,97,100,100,-0.057,54.27,44,0,7.75,-0.090,1.016,-2.17,57,0,120.97,-0.05,10,0.00,3.62,3.64,3.63,3.63,3.64,3.63,3.64,3.63,29.01,22.1,-30,-30,90.0,2542,0,-395,122,0,0,1013,0,0,1,-1,0,1,-1,-1,-1,-1,-1,-1,0,1,0,0,0,0,0,0,0,0,0,0,0,0,0,0,
2026-04-16,08:53:34.920,7.66,99,100,100,-0.073,54.20,43,0,7.76,-0.121,1.259,-1.20,59,0,129.52,-2.25,10,0.00,3.62,3.64,3.63,3.63,3.64,3.63,3.65,3.63,29.08,12.1,-30,-30,90.0,2543,0,-431,100,156,0,1013,0,0,1,-1,0,1,-1,-1,-1,-1,-1,-1,0,1,0,0,0,0,0,0,0,0,0,0,0,0,0,0,
2026-04-16,08:53:35.180,7.66,99,100,100,-0.084,53.90,43,0,7.73,-0.105,1.241,-0.75,60,0,131.74,-3.78,10,0.00,3.64,3.65,3.63,3.63,3.64,3.63,3.65,3.63,29.08,12.1,-30,-30,90.0,2544,0,-279,-21,0,0,1012,0,0,1,-1,0,1,-1,-1,-1,-1,-1,-1,0,1,0,0,0,0,0,0,0,0,0,0,0,0,0,0,
2026-04-16,08:53:35.460,7.67,97,100,100,-0.046,53.25,42,0,7.75,-0.057,1.015,-1.72,61,0,142.96,-5.45,10,0.00,3.64,3.65,3.65,3.65,3.64,3.63,3.65,3.63,29.17,12.1,-30,-30,87.8,2545,0,-140,-133,0,0,1013,0,0,1,-1,0,1,-1,-1,-1,-1,-1,-1,0,1,0,0,0,0,0,0,0,0,0,0,0,0,0,0,
2026-04-16,08:53:35.720,7.66,93,100,100,-0.039,52.87,41,0,7.76,0.028,0.776,-1.66,61,0,144.83,-4.14,10,0.00,3.64,3.65,3.65,3.65,3.66,3.65,3.65,3.63,29.17,12.1,-30,-30,85.6,2546,0,-106,-184,-24,0,1013,0,0,1,-1,0,1,-1,-1,-1,-1,-1,-1,0,1,0,0,0,0,0,0,0,0,0,0,0,0,0,0,
2026-04-16,08:53:35.990,7.66,93,100,100,-0.041,53.12,40,0,7.73,0.049,0.780,-0.32,62,0,145.30,-3.30,10,0.00,3.64,3.65,3.65,3.65,3.66,3.65,3.65,3.63,29.27,0.3,-30,-30,85.6,2546,10,-518,-112,0,0,1013,0,0,1,-1,0,1,-1,-1,-1,-1,-1,-1,0,1,0,0,0,0,0,0,0,0,0,0,0,0,0,0,
2026-04-16,08:53:36.270,7.66,96,100,100,-0.081,52.57,40,0,7.72,-0.065,1.228,-0.85,62,0,145.70,-6.03,10,0.00,3.66,3.68,3.65,3.65,3.66,3.65,3.65,3.63,29.32,2.3,-30,-30,85.6,2546,8,-474,-39,0,0,1013,0,0,1,-1,0,1,-1,-1,-1,-1,-1,-1,0,1,0,0,0,0,0,0,0,0,0,0,0,0,0,0,
2026-04-16,08:53:36.540,7.66,100,100,100,-0.064,51.19,40,0,7.74,-0.096,1.239,-3.14,63,0,146.93,-8.95,10,0.00,3.66,3.68,3.66,3.67,3.66,3.65,3.65,3.63,29.32,2.3,-30,-30,84.1,2546,14,-323,2,48,0,1013,0,0,1,-1,0,1,-1,-1,-1,-1,-1,-1,0,1,0,0,0,0,0,0,0,0,0,0,0,0,0,0,
2026-04-16,08:53:36.800,7.67,97,100,100,-0.048,49.97,38,0,7.71,-0.084,1.074,-4.07,64,0,146.45,-10.92,10,0.00,3.66,3.68,3.66,3.67,3.68,3.67,3.65,3.63,29.34,6.6,-30,-30,84.5,2547,18,-403,105,316,0,1013,0,0,1,-1,0,1,-1,-1,-1,-1,-1,-1,0,1,0,0,0,0,0,0,0,0,0,0,0,0,0,0,
2026-04-16,08:53:37.070,7.66,90,100,100,-0.053,49.08,38,0,7.72,-0.117,1.140,-3.55,64,0,153.21,-11.79,10,0.00,3.66,3.68,3.66,3.67,3.68,3.67,3.65,3.63,29.34,6.6,-30,-30,84.5,2547,24,-458,218,321,0,1013,0,0,1,-1,0,1,-1,-1,-1,-1,-1,-1,0,1,0,0,0,0,0,0,0,0,0,0,0,0,0,0,
2026-04-16,08:53:37.350,7.66,81,100,100,-0.053,48.05,37,0,7.74,-0.214,1.265,-3.55,65,0,157.42,-14.04,10,0.00,3.66,3.68,3.66,3.67,3.68,3.67,3.68,3.67,29.32,15.6,-30,-30,82.4,2548,21,-265,169,0,0,1013,0,0,1,-1,0,1,-1,-1,-1,-1,-1,-1,0,1,0,0,0,0,0,0,0,0,0,0,0,0,0,0,
2026-04-16,08:53:37.630,7.67,82,100,100,-0.028,47.22,35,0,7.75,-0.105,1.007,-3.28,67,0,156.51,-15.79,10,0.00,3.66,3.68,3.66,3.67,3.68,3.67,3.68,3.67,29.32,15.6,-30,-30,82.4,2549,29,-186,99,346,0,1013,0,0,1,-1,0,1,-1,-1,-1,-1,-1,-1,0,1,0,0,0,0,0,0,0,0,0,0,0,0,0,0,
2026-04-16,08:53:37.890,7.67,89,100,100,-0.022,46.62,35,0,7.73,-0.055,0.859,-2.58,67,0,157.50,-15.69,10,0.00,3.66,3.68,3.66,3.66,3.68,3.67,3.68,3.67,29.35,10.0,-30,-30,82.6,2550,134,-336,107,457,0,1013,0,0,1,-1,0,1,-1,-1,-1,-1,-1,-1,0,1,0,0,0,0,0,0,0,0,0,0,0,0,0,0,
2026-04-16,08:53:38.170,7.66,95,100,100,-0.030,46.56,36,0,7.72,-0.084,0.924,-1.26,68,0,162.68,-16.60,10,0.00,3.66,3.68,3.66,3.66,3.67,3.66,3.68,3.67,29.35,10.0,-30,-30,83.7,2551,225,-374,175,500,0,1013,0,0,1,-1,0,1,-1,-1,-1,-1,-1,-1,0,1,0,0,0,0,0,0,0,0,0,0,0,0,0,0,
2026-04-16,08:53:38.440,7.66,98,100,100,-0.021,45.54,39,0,7.71,-0.170,1.136,-1.84,69,0,172.03,-18.81,10,0.00,3.66,3.68,3.66,3.66,3.67,3.66,3.67,3.66,29.33,12.6,-30,-30,81.1,2552,284,-404,267,544,0,1013,0,0,1,-1,0,1,-1,-1,-1,-1,-1,-1,0,1,0,0,0,0,0,0,0,0,0,0,0,0,0,0,
2026-04-16,08:53:38.700,7.66,99,100,100,-0.008,44.75,40,0,7.73,-0.215,1.124,-2.51,69,0,176.06,-20.13,10,0.00,3.66,3.67,3.66,3.66,3.67,3.66,3.67,3.66,29.33,20.2,-30,-30,80.4,2553,229,-244,298,79,0,1012,0,0,1,-1,0,1,-1,-1,-1,-1,-1,-1,0,1,0,0,0,0,0,0,0,0,0,0,0,0,0,0,
2026-04-16,08:53:38.980,7.67,99,100,100,-0.017,44.00,42,0,7.73,-0.196,0.947,-2.62,69,0,-164.93,-21.44,10,0.00,3.66,3.67,3.65,3.66,3.67,3.66,3.67,3.66,29.29,20.2,-30,-30,78.9,2554,68,-242,260,-181,0,1013,0,0,1,-1,0,1,-1,-1,-1,-1,-1,-1,0,1,0,0,0,0,0,0,0,0,0,0,0,0,0,0,
2026-04-16,08:53:39.260,7.67,96,100,100,-0.038,43.37,43,0,7.73,-0.148,0.961,-2.39,70,0,-176.52,-21.38,10,0.00,3.66,3.67,3.65,3.66,3.66,3.65,3.67,3.66,29.30,17.4,-30,-30,78.9,2556,0,-334,119,-363,0,1013,0,0,1,-1,0,1,-1,-1,-1,-1,-1,-1,0,1,0,0,0,0,0,0,0,0,0,0,0,0,0,0,
2026-04-16,08:53:39.540,7.66,92,100,100,-0.045,42.91,44,0,7.74,-0.133,0.995,-1.93,70,0,-175.31,-21.80,10,0.00,3.66,3.67,3.65,3.66,3.66,3.65,3.66,3.65,29.30,17.4,-30,-30,80.7,2557,-43,-405,176,-547,0,1013,0,0,1,-1,0,1,-1,-1,-1,-1,-1,-1,0,1,0,0,0,0,0,0,0,0,0,0,0,0,0,0,
2026-04-16,08:53:39.810,7.66,91,100,100,-0.045,42.51,44,0,7.75,-0.141,0.963,-1.61,69,0,-177.12,-22.34,10,0.00,3.65,3.66,3.65,3.66,3.66,3.65,3.66,3.65,29.30,13.2,-30,-30,79.6,2558,-69,-327,199,-579,0,1013,0,0,1,-1,0,1,-1,-1,-1,-1,-1,-1,0,1,0,0,0,0,0,0,0,0,0,0,0,0,0,0,
2026-04-16,08:53:40.090,7.66,94,100,100,-0.031,42.13,44,0,7.76,-0.150,1.025,-1.42,70,0,175.30,-23.89,10,0.00,3.65,3.66,3.66,3.66,3.66,3.65,3.66,3.65,29.30,13.2,-30,-30,78.0,2559,-77,-406,62,-343,0,1013,0,0,1,-1,0,1,-1,-1,-1,-1,-1,-1,0,1,0,0,0,0,0,0,0,0,0,0,0,0,0,0,
2026-04-16,08:53:40.370,7.66,97,100,100,-0.042,41.68,45,0,7.71,-0.133,1.091,-1.47,69,0,172.74,-24.43,10,0.00,3.65,3.66,3.66,3.66,3.66,3.66,3.66,3.65,29.33,10.3,-30,-30,78.3,2560,-57,-720,136,75,0,1013,0,0,1,-1,0,1,-1,-1,-1,-1,-1,-1,0,1,0,0,0,0,0,0,0,0,0,0,0,0,0,0,
2026-04-16,08:53:40.640,7.66,98,100,100,-0.046,41.02,47,0,7.73,-0.226,1.364,-1.23,69,0,171.05,-28.77,10,0.00,3.65,3.66,3.66,3.66,3.66,3.66,3.66,3.65,29.33,10.3,-30,-30,78.3,2561,-32,-455,129,41,0,1013,0,0,1,-1,0,1,-1,-1,-1,-1,-1,-1,0,1,0,0,0,0,0,0,0,0,0,0,0,0,0,0,
2026-04-16,08:53:40.900,7.66,99,100,100,-0.013,40.78,49,0,7.75,-0.212,1.188,-1.00,69,0,167.49,-35.70,10,0.00,3.65,3.66,3.66,3.66,3.66,3.66,3.67,3.66,29.34,14.3,-30,-30,78.0,2562,-23,-341,-3,74,0,1013,0,0,1,-1,0,1,-1,-1,-1,-1,-1,-1,0,1,0,0,0,0,0,0,0,0,0,0,0,0,0,0,
2026-04-16,08:53:41.180,7.67,99,100,100,-0.018,40.72,53,0,7.75,-0.116,0.960,-0.60,69,0,163.82,-35.62,10,0.00,3.66,3.67,3.66,3.66,3.66,3.66,3.67,3.66,29.34,14.3,-30,-30,76.1,2563,184,-363,-76,502,0,1013,0,0,1,-1,0,1,-1,-1,-1,-1,-1,-1,0,1,0,0,0,0,0,0,0,0,0,0,0,0,0,0,
2026-04-16,08:53:41.460,7.66,99,100,100,-0.037,40.64,57,0,7.69,-0.109,0.944,-0.36,71,0,165.36,-32.65,10,0.00,3.66,3.67,3.66,3.67,3.66,3.66,3.67,3.66,29.38,4.8,-30,-30,74.6,2564,433,-391,-56,630,0,1013,0,0,1,-1,0,1,-1,-1,-1,-1,-1,-1,0,1,0,0,0,0,0,0,0,0,0,0,0,0,0,0,
2026-04-16,08:53:41.720,7.66,99,100,100,-0.044,40.69,58,0,7.67,-0.071,0.770,-0.06,72,0,173.56,-30.60,10,0.00,3.66,3.67,3.66,3.67,3.67,3.66,3.67,3.66,29.38,6.4,-30,-30,74.1,2564,554,-391,-24,670,0,1013,0,0,1,-1,0,1,-1,-1,-1,-1,-1,-1,0,1,0,0,0,0,0,0,0,0,0,0,0,0,0,0,
2026-04-16,08:53:41.990,7.66,99,100,100,-0.046,40.65,58,0,7.65,-0.133,0.928,-0.05,73,0,-106.30,-31.13,10,0.00,3.66,3.67,3.66,3.67,3.67,3.66,3.68,3.67,29.40,6.4,-30,-30,71.9,2564,301,-913,150,0,0,1013,0,0,1,-1,0,1,-1,-1,-1,-1,-1,-1,0,1,0,0,0,0,0,0,0,0,0,0,0,0,0,0,
2026-04-16,08:53:42.260,7.66,99,100,100,-0.024,40.57,57,0,7.66,-0.280,1.292,-0.14,73,0,-164.87,-32.66,10,0.00,3.67,3.68,3.66,3.67,3.67,3.66,3.68,3.67,29.40,15.1,-30,-30,69.3,2565,0,-451,-25,-401,0,1013,0,0,1,-1,0,1,-1,-1,-1,-1,-1,-1,0,1,0,0,0,0,0,0,0,0,0,0,0,0,0,0,
2026-04-16,08:53:42.530,7.66,99,100,100,-0.013,40.34,58,0,7.72,-0.144,1.283,-0.49,74,0,-160.70,-37.37,10,0.00,3.67,3.68,3.66,3.67,3.67,3.66,3.68,3.67,29.40,15.1,-30,-30,67.6,2566,-39,-84,-221,-542,0,1013,0,0,1,-1,0,1,-1,-1,-1,-1,-1,-1,0,1,0,0,0,0,0,0,0,0,0,0,0,0,0,0,
2026-04-16,08:53:42.790,7.66,99,100,100,-0.037,40.40,60,0,7.72,-0.037,0.670,0.18,76,0,-167.37,-34.60,10,0.00,3.67,3.68,3.66,3.67,3.68,3.67,3.68,3.67,29.44,1.0,-30,-30,66.5,2567,-61,-548,-213,-489,0,1013,0,0,1,-1,0,1,-1,-1,-1,-1,-1,-1,0,1,0,0,0,0,0,0,0,0,0,0,0,0,0,0,
2026-04-16,08:53:43.070,7.67,100,100,100,-0.026,40.47,60,0,7.72,-0.053,0.793,0.28,76,0,-178.15,-34.07,10,0.00,3.67,3.68,3.66,3.67,3.68,3.67,3.68,3.67,29.44,1.0,-30,-30,66.7,2567,-95,-747,-528,0,0,1013,0,0,1,-1,0,1,-1,-1,-1,-1,-1,-1,0,1,0,0,0,0,0,0,0,0,0,0,0,0,0,0,
2026-04-16,08:53:43.350,7.66,99,100,100,-0.042,40.48,61,0,7.70,-0.076,0.930,0.13,75,0,-179.45,-37.53,10,0.00,3.67,3.68,3.66,3.67,3.68,3.67,3.68,3.67,29.51,0.0,-30,-30,60.9,2567,195,-835,-1005,514,0,1013,0,0,1,-1,0,1,-1,-1,-1,-1,-1,-1,0,1,0,0,0,0,0,0,0,0,0,0,0,0,0,0,
2026-04-16,08:53:43.630,7.66,99,100,100,0.004,40.86,60,0,7.68,0.011,1.038,0.76,72,0,-175.13,-37.29,10,0.00,3.68,3.69,3.66,3.67,3.68,3.67,3.68,3.67,29.51,0.0,-30,-30,60.9,2567,47,-622,-1022,154,0,1013,0,0,1,-1,0,1,-1,-1,-1,-1,-1,-1,0,1,0,0,0,0,0,0,0,0,0,0,0,0,0,0,
2026-04-16,08:53:43.890,7.66,99,100,100,-0.169,40.71,59,0,7.65,-0.004,0.947,0.16,72,0,-173.00,-34.78,10,0.00,3.68,3.69,3.68,3.69,3.68,3.67,3.68,3.67,29.55,0.0,-30,-30,58.9,2567,-25,-355,-1024,0,0,1013,0,0,1,-1,0,1,-1,-1,-1,-1,-1,-1,0,1,0,0,0,0,0,0,0,0,0,0,0,0,0,0,
2026-04-16,08:53:44.170,7.66,100,100,100,-0.100,40.76,58,0,7.68,-0.020,0.936,0.07,73,0,-172.89,-36.21,10,0.00,3.68,3.69,3.68,3.69,3.70,3.68,3.68,3.67,29.55,0.0,-30,-30,57.8,2567,-65,-375,-1024,0,0,1013,0,0,1,-1,0,1,-1,-1,-1,-1,-1,-1,0,1,0,0,0,0,0,0,0,0,0,0,0,0,0,0,
2026-04-16,08:53:44.440,7.66,100,100,100,0.036,40.81,59,0,7.72,0.013,1.104,0.15,77,0,-174.66,-32.74,10,0.00,3.68,3.69,3.68,3.69,3.70,3.68,3.70,3.69,29.58,0.0,-30,-30,57.8,2567,-23,-371,-1024,0,0,1012,0,0,1,-1,0,1,-1,-1,-1,-1,-1,-1,0,1,0,0,0,0,0,0,0,0,0,0,0,0,0,0,
2026-04-16,08:53:44.720,7.66,100,100,100,0.045,40.83,61,0,7.72,-0.011,1.249,0.09,79,0,-175.44,-31.14,10,0.00,3.69,3.70,3.68,3.69,3.70,3.68,3.70,3.69,29.58,0.0,-30,-30,56.7,2567,-52,-356,-1024,0,0,1013,0,0,1,-1,0,1,-1,-1,-1,-1,-1,-1,0,1,0,0,0,0,0,0,0,0,0,0,0,0,0,0,
2026-04-16,08:53:45.000,7.66,100,100,100,0.063,41.10,64,0,7.68,0.002,0.910,0.42,82,0,-175.75,-31.71,10,0.00,3.69,3.70,3.69,3.70,3.70,3.68,3.70,3.69,29.61,0.0,-30,-30,54.3,2567,210,-326,-1024,0,0,1012,0,0,1,-1,0,1,-1,-1,-1,-1,-1,-1,0,1,0,0,0,0,0,0,0,0,0,0,0,0,0,0,
2026-04-16,08:53:45.280,7.67,100,100,100,-0.030,41.19,72,0,7.69,-0.007,0.959,0.37,86,0,-176.30,-29.50,10,0.00,3.69,3.70,3.69,3.70,3.70,3.69,3.70,3.69,29.63,0.0,-30,-30,52.0,2567,0,-303,-1024,0,0,1013,0,0,1,-1,0,1,-1,-1,-1,-1,-1,-1,0,1,0,0,0,0,0,0,0,0,0,0,0,0,0,0,
2026-04-16,08:53:45.560,7.67,100,100,100,-0.042,41.31,77,0,7.70,-0.012,1.038,0.40,89,0,-176.83,-27.16,10,0.00,3.69,3.70,3.69,3.70,3.70,3.69,3.70,3.68,29.63,0.0,-30,-30,49.4,2567,251,-290,-1024,0,0,1013,0,0,1,-1,0,1,-1,-1,-1,-1,-1,-1,0,1,0,0,0,0,0,0,0,0,0,0,0,0,0,0,
2026-04-16,08:53:45.840,7.67,100,100,100,-0.028,41.44,79,0,7.73,-0.013,1.100,0.44,91,0,-177.51,-26.27,10,0.00,3.69,3.70,3.69,3.70,3.70,3.69,3.70,3.68,29.65,0.0,-30,-30,50.9,2567,117,-308,-1024,0,0,1012,0,0,1,-1,0,1,-1,-1,-1,-1,-1,-1,0,1,0,0,0,0,0,0,0,0,0,0,0,0,0,0,
2026-04-16,08:53:46.110,7.67,100,100,100,-0.020,41.47,81,0,7.73,-0.024,1.009,0.25,83,0,-177.88,-24.96,10,0.00,3.69,3.70,3.69,3.70,3.70,3.69,3.70,3.68,29.65,0.0,-30,-30,48.5,2567,213,-236,-1024,0,0,1013,0,0,1,-1,0,1,-1,1,-1,-1,-1,-1,0,1,0,0,0,0,0,0,0,0,0,0,0,0,0,0,
2026-04-16,08:53:46.380,7.66,100,100,100,-0.028,41.61,79,0,7.71,-0.019,0.992,0.29,80,0,-178.38,-23.27,10,0.00,3.69,3.70,3.69,3.70,3.70,3.69,3.70,3.68,29.67,0.0,-30,-30,47.0,2567,173,-294,-1024,0,0,1013,0,0,1,-1,0,1,-1,1,-1,-1,-1,-1,0,1,0,0,0,0,0,0,0,0,0,0,0,0,0,0,
2026-04-16,08:53:46.640,7.66,100,100,100,-0.032,41.59,81,0,7.69,-0.031,1.023,0.21,84,0,-178.26,-23.19,10,0.00,3.69,3.70,3.69,3.70,3.70,3.69,3.70,3.68,29.67,0.0,-30,-30,47.8,2567,-170,-250,-1024,0,0,1012,0,0,1,-1,0,1,-1,1,-1,-1,-1,-1,0,1,0,0,0,0,0,0,0,0,0,0,0,0,0,0,
2026-04-16,08:53:46.910,7.66,100,100,100,0.053,41.51,82,0,7.67,-0.014,0.893,-0.11,81,0,-178.86,-22.02,10,0.00,3.69,3.70,3.69,3.70,3.70,3.69,3.71,3.69,29.69,0.0,-30,-30,47.8,2567,-38,-167,-1024,0,0,1013,0,0,1,-1,0,1,-1,1,-1,-1,-1,-1,0,1,0,0,0,0,0,0,0,0,0,0,0,0,0,0,
2026-04-16,08:53:47.190,7.66,100,100,100,0.052,41.45,79,0,7.72,-0.036,1.058,-0.13,75,0,-179.06,-21.50,10,0.00,3.69,3.71,3.69,3.70,3.70,3.69,3.71,3.69,29.69,0.0,-30,-30,47.4,2567,-50,-158,-1024,0,0,1013,0,0,1,-1,0,1,-1,1,-1,-1,-1,-1,0,1,0,0,0,0,0,0,0,0,0,0,0,0,0,0,
2026-04-16,08:53:47.460,7.67,99,100,100,0.044,41.40,76,0,7.72,-0.007,1.041,-0.16,74,0,-178.85,-20.63,10,0.00,3.69,3.71,3.70,3.70,3.70,3.69,3.71,3.69,29.70,0.0,-30,-30,45.6,2567,0,-103,-1024,0,0,1013,0,0,1,-1,0,1,-1,1,-1,-1,-1,-1,0,1,0,0,0,0,0,0,0,0,0,0,0,0,0,0,
2026-04-16,08:53:47.730,7.66,99,100,100,0.052,41.46,71,0,7.74,-0.033,0.971,0.01,71,0,-178.68,-20.21,10,0.00,3.69,3.71,3.70,3.70,3.71,3.69,3.71,3.69,29.70,0.0,-30,-30,43.9,2567,0,-105,-1024,0,0,1013,0,0,1,-1,0,1,-1,1,-1,-1,-1,-1,0,1,0,0,0,0,0,0,0,0,0,0,0,0,0,0,
2026-04-16,08:53:48.000,7.66,99,100,100,0.035,41.48,67,0,7.71,-0.044,0.952,0.10,67,0,-178.49,-20.06,10,0.00,3.69,3.71,3.70,3.70,3.71,3.69,3.71,3.69,29.71,0.0,-30,-30,40.2,2567,495,-34,-1024,0,0,1013,0,0,1,-1,0,1,-1,1,-1,-1,-1,-1,0,1,0,0,0,0,0,0,0,0,0,0,0,0,0,0,
2026-04-16,08:53:48.280,7.66,100,100,100,-0.084,41.46,64,0,7.69,-0.047,1.075,0.00,64,0,-178.78,-19.66,10,0.00,3.70,3.71,3.70,3.70,3.71,3.69,3.71,3.69,29.72,0.0,-30,-30,41.1,2567,194,-100,-1024,0,0,1013,0,0,1,-1,0,1,-1,1,-1,-1,-1,-1,0,1,0,0,0,0,0,0,0,0,0,0,0,0,0,0,
2026-04-16,08:53:48.550,7.66,100,100,100,-0.041,41.41,64,0,7.67,-0.053,1.092,-0.12,60,0,-178.61,-20.06,10,0.00,3.70,3.71,3.70,3.71,3.71,3.69,3.71,3.69,29.72,0.0,-30,-30,39.6,2567,23,-100,-1024,0,0,1013,0,0,1,-1,0,1,-1,1,-1,-1,-1,-1,0,1,0,0,0,0,0,0,0,0,0,0,0,0,0,0,
2026-04-16,08:53:48.830,7.67,100,100,100,-0.042,41.41,62,0,7.72,-0.038,0.938,-0.04,52,0,-178.78,-19.68,10,0.00,3.70,3.71,3.70,3.71,3.71,3.69,3.71,3.69,29.73,0.0,-30,-30,38.2,2567,103,-75,-1024,0,0,1013,0,0,1,-1,0,1,-1,1,-1,-1,-1,-1,0,1,0,0,0,0,0,0,0,0,0,0,0,0,0,0,
2026-04-16,08:53:49.110,7.67,100,100,100,-0.012,41.46,61,0,7.75,-0.022,0.935,0.08,49,0,-179.25,-19.08,10,0.00,3.70,3.71,3.70,3.71,3.71,3.69,3.71,3.69,29.73,0.0,-30,-30,36.5,2567,105,-73,-1024,0,0,1013,0,0,1,-1,0,1,-1,1,-1,-1,-1,-1,0,1,0,0,0,0,0,0,0,0,0,0,0,0,0,0,
2026-04-16,08:53:49.370,7.66,100,100,100,-0.009,41.49,61,0,7.75,-0.015,0.927,0.08,48,0,-179.27,-18.99,10,0.00,3.70,3.71,3.70,3.71,3.71,3.69,3.71,3.69,29.74,0.0,-30,-30,37.6,2567,135,-50,-1024,0,0,1013,0,0,1,-1,0,1,-1,1,-1,-1,-1,-1,0,1,0,0,0,0,0,0,0,0,0,0,0,0,0,0,
2026-04-16,08:53:49.640,7.67,100,100,100,-0.026,41.45,60,0,7.74,-0.033,1.092,-0.02,48,0,-179.72,-18.60,10,0.00,3.70,3.71,3.70,3.71,3.71,3.69,3.71,3.69,29.74,0.0,-30,-30,37.6,2567,184,-66,-1024,0,0,1013,0,0,1,-1,0,1,-1,1,-1,-1,-1,-1,0,1,0,0,0,0,0,0,0,0,0,0,0,0,0,0,
2026-04-16,08:53:49.910,7.66,100,100,100,-0.035,41.40,60,0,7.72,-0.039,0.959,-0.13,50,0,-176.87,-18.75,10,0.00,3.70,3.71,3.70,3.71,3.71,3.69,3.71,3.69,29.75,0.0,-30,-30,38.0,2567,329,-53,-1024,0,0,1013,0,0,1,-1,0,1,-1,1,-1,-1,-1,-1,0,1,0,0,0,0,0,0,0,0,0,0,0,0,0,0,
2026-04-16,08:53:50.180,7.67,100,100,100,-0.067,41.33,60,0,7.73,-0.029,1.035,-0.19,52,0,-179.84,-18.37,10,0.00,3.70,3.71,3.70,3.71,3.71,3.69,3.71,3.69,29.75,0.0,-30,-30,33.7,2567,344,-60,-1024,0,0,1013,0,0,1,-1,0,1,-1,1,-1,-1,-1,-1,0,1,0,0,0,0,0,0,0,0,0,0,0,0,0,0,
2026-04-16,08:53:50.450,7.66,100,100,100,-0.059,41.36,59,0,7.75,-0.052,1.180,-0.04,53,0,-179.75,-17.72,10,0.00,3.70,3.71,3.70,3.71,3.71,3.69,3.71,3.70,29.75,0.0,-30,-30,34.3,2567,304,-72,-1024,0,0,1013,0,0,1,-1,0,1,-1,1,-1,-1,-1,-1,0,1,0,0,0,0,0,0,0,0,0,0,0,0,0,0,
2026-04-16,08:53:50.720,7.66,100,100,100,-0.083,41.35,58,0,7.75,-0.042,1.117,0.01,51,0,-179.74,-17.69,10,0.00,3.70,3.72,3.70,3.71,3.71,3.69,3.71,3.70,29.75,0.0,-30,-30,37.0,2567,250,-71,-1024,0,0,1013,0,0,1,-1,0,1,-1,1,-1,-1,-1,-1,0,1,0,0,0,0,0,0,0,0,0,0,0,0,0,0,
2026-04-16,08:53:51.000,7.66,100,100,100,-0.073,41.40,57,0,7.76,-0.032,0.887,0.07,51,0,-179.69,-17.91,10,0.00,3.70,3.72,3.70,3.71,3.71,3.69,3.71,3.70,29.76,0.0,-30,-30,36.1,2567,405,-73,-1024,0,0,1013,0,0,1,-1,0,1,-1,1,-1,-1,-1,-1,0,1,0,0,0,0,0,0,0,0,0,0,0,0,0,0,
2026-04-16,08:53:51.280,7.66,100,100,100,-0.107,41.41,57,0,7.74,-0.051,1.007,0.18,50,0,56.27,-18.31,10,0.00,3.70,3.72,3.70,3.71,3.71,3.70,3.71,3.70,29.77,0.0,-30,-30,33.7,2567,408,-69,-1024,0,0,1013,0,0,1,-1,0,1,-1,1,-1,-1,-1,-1,0,1,0,0,0,0,0,0,0,0,0,0,0,0,0,0,
2026-04-16,08:53:51.550,7.67,100,100,100,-0.103,41.49,56,0,7.73,-0.052,1.040,0.07,48,0,179.48,-18.51,10,0.00,3.70,3.72,3.70,3.71,3.71,3.70,3.72,3.70,29.77,0.0,-30,-30,30.7,2567,361,-72,-1024,0,0,1012,0,0,1,-1,0,1,-1,1,-1,-1,-1,-1,0,1,0,0,0,0,0,0,0,0,0,0,0,0,0,0,
2026-04-16,08:53:51.810,7.66,100,100,100,-0.111,41.54,56,0,7.70,-0.034,0.968,0.19,49,0,179.23,-18.38,10,0.00,3.70,3.72,3.70,3.71,3.71,3.70,3.72,3.70,29.78,0.0,-30,-30,30.7,2567,126,-75,-1024,0,0,1013,0,0,1,-1,0,1,-1,1,-1,-1,-1,-1,0,1,0,0,0,0,0,0,0,0,0,0,0,0,0,0,
2026-04-16,08:53:52.090,7.66,100,100,100,-0.053,41.53,55,0,7.68,-0.042,1.006,0.05,50,0,179.17,-17.83,10,0.00,3.70,3.72,3.70,3.71,3.71,3.70,3.72,3.70,29.78,0.0,-30,-30,28.9,2567,0,-95,-1024,0,0,1012,0,0,1,-1,0,1,-1,1,-1,-1,-1,-1,0,1,0,0,0,0,0,0,0,0,0,0,0,0,0,0,
2026-04-16,08:53:52.360,7.66,98,100,100,0.008,41.52,53,0,7.72,-0.043,0.989,0.03,49,0,179.25,-18.32,10,0.00,3.70,3.72,3.70,3.71,3.71,3.70,3.72,3.70,29.78,0.0,-30,-30,25.9,2567,0,-102,-1024,0,0,1013,0,0,1,-1,0,1,-1,1,-1,-1,-1,-1,0,1,0,0,0,0,0,0,0,0,0,0,0,0,0,0,
2026-04-16,08:53:52.630,7.66,96,100,100,-0.001,41.57,52,0,7.74,-0.047,0.959,0.05,50,0,179.54,-18.57,10,0.00,3.70,3.72,3.70,3.71,3.72,3.70,3.72,3.70,29.78,0.0,-30,-30,25.9,2567,0,-106,-1024,0,0,1013,0,0,1,-1,0,1,-1,1,-1,-1,-1,-1,0,1,0,0,0,0,0,0,0,0,0,0,0,0,0,0,
2026-04-16,08:53:52.910,7.67,96,100,100,-0.016,41.57,51,0,7.75,-0.046,0.980,0.07,49,0,179.73,-18.18,10,0.00,3.70,3.72,3.70,3.71,3.72,3.70,3.72,3.70,29.79,0.0,-30,-30,27.0,2567,0,-109,-1024,0,0,1013,0,0,1,-1,0,1,-1,1,-1,-1,-1,-1,0,1,0,0,0,0,0,0,0,0,0,0,0,0,0,0,
2026-04-16,08:53:53.180,7.66,99,99,99,0.019,41.51,51,0,7.76,-0.040,0.921,-0.09,48,0,179.94,-18.27,10,0.00,3.70,3.72,3.70,3.71,3.72,3.70,3.72,3.70,29.79,0.0,-30,-30,25.7,2567,-5,-110,-1024,0,0,1013,0,0,1,-1,0,1,-1,1,-1,-1,-1,-1,0,1,0,0,0,0,0,0,0,0,0,0,0,0,0,0,
2026-04-16,08:53:53.450,7.66,100,100,99,0.006,41.48,50,0,7.76,-0.040,0.982,-0.14,48,0,-179.85,-18.14,10,0.00,3.70,3.72,3.71,3.71,3.72,3.70,3.72,3.70,29.79,0.0,-30,-30,22.6,2567,-13,-111,-1024,0,0,1013,0,0,1,-1,0,1,-1,1,-1,-1,-1,-1,0,1,0,0,0,0,0,0,0,0,0,0,0,0,0,0,
2026-04-16,08:53:53.720,7.67,99,99,99,0.013,41.51,50,0,7.76,-0.033,0.889,0.05,47,0,-179.63,-18.58,10,0.00,3.70,3.72,3.71,3.71,3.72,3.70,3.72,3.70,29.79,0.0,-30,-30,25.7,2567,-15,-112,-1024,0,0,1013,0,0,1,-1,0,1,-1,1,-1,-1,-1,-1,0,1,0,0,0,0,0,0,0,0,0,0,0,0,0,0,
2026-04-16,08:53:53.990,7.66,99,99,99,0.019,41.48,51,0,7.76,-0.045,1.059,-0.02,43,0,-179.53,-18.46,10,0.00,3.70,3.72,3.71,3.71,3.72,3.70,3.72,3.70,29.80,0.0,-30,-30,21.7,2567,-13,-114,-1024,0,0,1013,0,0,1,-1,0,1,-1,1,-1,-1,-1,-1,0,1,0,0,0,0,0,0,0,0,0,0,0,0,0,0,
2026-04-16,08:53:54.260,7.66,98,99,99,0.030,41.47,50,0,7.76,-0.042,1.136,-0.02,42,0,-179.45,-17.83,10,0.00,3.71,3.72,3.71,3.71,3.72,3.70,3.72,3.70,29.80,0.0,-30,-30,22.6,2567,339,-95,-1024,0,0,1013,0,0,1,-1,0,1,-1,1,-1,-1,-1,-1,0,1,0,0,0,0,0,0,0,0,0,0,0,0,0,0,
2026-04-16,08:53:54.530,7.66,99,99,99,-0.044,41.42,51,0,7.66,-0.034,0.987,-0.12,42,0,-179.57,-18.20,10,0.00,3.71,3.72,3.70,3.71,3.72,3.70,3.72,3.70,29.80,0.0,-30,-30,25.7,2567,583,-85,-1024,0,0,1012,0,0,1,-1,0,1,-1,1,-1,-1,-1,-1,0,1,0,0,0,0,0,0,0,0,0,0,0,0,0,0,
2026-04-16,08:53:54.790,7.66,98,99,99,-0.036,41.46,50,0,7.66,-0.049,1.131,-0.01,42,0,-179.70,-17.60,10,0.00,3.71,3.72,3.70,3.71,3.72,3.70,3.72,3.70,29.81,0.0,-30,-30,26.7,2567,369,-99,-1024,0,0,1013,0,0,1,-1,0,1,-1,1,-1,-1,-1,-1,0,1,0,0,0,0,0,0,0,0,0,0,0,0,0,0,
2026-04-16,08:53:55.050,7.66,99,99,99,-0.070,41.53,50,0,7.69,-0.061,0.937,0.14,43,0,-179.77,-19.12,10,0.00,3.71,3.72,3.70,3.71,3.72,3.70,3.72,3.70,29.81,0.0,-30,-30,26.7,2567,455,-105,-1024,0,0,1013,0,0,1,-1,0,1,-1,1,-1,-1,-1,-1,0,1,0,0,0,0,0,0,0,0,0,0,0,0,0,0,
2026-04-16,08:53:55.320,7.66,99,99,99,-0.078,41.60,49,0,7.73,-0.062,1.017,0.22,45,0,38.63,-18.57,10,0.00,3.71,3.72,3.70,3.71,3.72,3.70,3.72,3.70,29.81,0.0,-30,-30,23.5,2567,429,-109,-1024,0,0,1013,0,0,1,-1,0,1,-1,1,-1,-1,-1,-1,0,1,0,0,0,0,0,0,0,0,0,0,0,0,0,0,
2026-04-16,08:53:55.580,7.66,100,100,99,0.022,41.60,50,0,7.75,0.114,1.041,0.14,44,0,179.91,-17.88,10,0.00,3.71,3.72,3.70,3.71,3.72,3.70,3.72,3.70,29.81,0.0,-30,-30,15.4,2567,402,-114,-1024,0,0,1013,0,0,1,-1,0,1,-1,1,-1,-1,-1,-1,0,1,0,0,0,0,0,0,0,0,0,0,0,0,0,0,
2026-04-16,08:53:55.860,7.66,100,100,99,0.023,41.62,51,0,7.75,0.019,0.901,0.06,42,0,179.17,-16.91,10,0.00,3.71,3.72,3.71,3.71,3.72,3.70,3.72,3.70,29.81,0.0,-30,-30,10.7,2567,375,-118,-1024,0,0,1013,0,0,1,-1,0,1,-1,1,-1,-1,-1,-1,0,1,0,0,0,0,0,0,0,0,0,0,0,0,0,0,
2026-04-16,08:53:56.140,7.66,100,100,99,0.014,41.66,51,0,7.76,-0.019,0.912,0.03,43,0,179.21,-17.13,10,0.00,3.71,3.72,3.71,3.71,3.72,3.70,3.72,3.70,29.81,0.0,-30,-30,0.0,2567,357,-117,-1024,0,0,1013,0,0,1,-1,0,1,-1,1,-1,-1,-1,-1,0,1,0,0,0,0,0,0,0,0,0,0,0,0,0,0,
2026-04-16,08:53:56.400,7.66,99,99,99,-0.005,41.70,50,0,7.76,-0.024,0.958,0.07,37,0,178.92,-16.39,10,0.00,3.71,3.72,3.71,3.71,3.72,3.70,3.72,3.70,29.82,0.0,-30,-30,10.7,2567,358,-113,-1024,0,0,1013,0,0,1,-1,0,1,-1,1,-1,-1,-1,-1,0,1,0,0,0,0,0,0,0,0,0,0,0,0,0,0,
2026-04-16,08:53:56.680,7.66,99,99,99,-0.039,41.72,49,0,7.76,0.048,0.986,0.12,37,0,178.62,-16.53,10,0.00,3.71,3.72,3.71,3.71,3.72,3.70,3.72,3.70,29.82,0.0,-30,-30,0.0,2567,298,-110,-1024,0,0,1012,0,0,1,-1,0,1,-1,1,-1,-1,-1,-1,0,1,0,0,0,0,0,0,0,0,0,0,0,0,0,0,
2026-04-16,08:53:56.940,7.66,99,99,99,-0.005,41.67,47,0,7.76,0.048,1.003,-0.07,37,0,178.42,-15.95,10,0.00,3.71,3.72,3.71,3.71,3.72,3.70,3.72,3.70,29.82,0.0,-30,-30,0.0,2567,63,-106,-1024,0,0,1013,0,0,1,-1,0,1,-1,1,-1,-1,-1,-1,0,1,0,0,0,0,0,0,0,0,0,0,0,0,0,0,
2026-04-16,08:53:57.220,7.66,100,100,99,-0.011,41.73,47,0,7.76,0.037,1.035,0.05,35,0,178.29,-15.47,10,0.00,3.71,3.72,3.71,3.71,3.72,3.70,3.72,3.70,29.82,0.0,-30,-30,0.0,2567,0,0,-1024,0,0,1013,0,0,1,-1,0,1,-1,1,-1,-1,-1,-1,0,1,0,0,0,0,0,0,0,0,0,0,0,0,0,0,
2026-04-16,08:53:57.480,7.66,100,100,98,-0.044,41.76,46,0,7.76,0.062,1.080,0.13,35,0,177.96,-15.31,10,0.00,3.71,3.72,3.71,3.71,3.72,3.70,3.72,3.71,29.83,0.0,-30,-30,0.0,2567,0,10,-1024,0,0,1013,0,0,1,-1,0,1,-1,1,-1,-1,-1,-1,0,1,0,0,0,0,0,0,0,0,0,0,0,0,0,0,
2026-04-16,08:53:57.750,7.67,99,99,96,-0.089,41.83,45,0,7.76,0.075,1.006,0.17,34,0,177.37,-14.80,10,0.00,3.71,3.72,3.71,3.71,3.72,3.70,3.72,3.71,29.83,0.0,-30,-30,0.0,2567,0,16,-1024,0,0,1013,0,0,1,-1,0,1,-1,1,-1,-1,-1,-1,0,1,0,0,0,0,0,0,0,0,0,0,0,0,0,0,
2026-04-16,08:53:58.020,7.66,99,99,96,-0.030,41.85,45,0,7.76,-0.085,0.970,0.11,40,0,177.22,-15.04,10,0.00,3.71,3.72,3.71,3.71,3.72,3.70,3.72,3.71,29.83,0.0,-30,-30,0.0,2567,0,16,-1024,0,0,1012,0,0,1,-1,0,1,-1,1,-1,-1,-1,-1,0,1,0,0,0,0,0,0,0,0,0,0,0,0,0,0,
2026-04-16,08:53:58.300,7.66,99,99,96,-0.011,41.96,47,0,7.76,-0.101,0.995,0.24,45,0,177.34,-15.48,10,0.00,3.71,3.72,3.71,3.71,3.72,3.70,3.72,3.71,29.83,0.0,-30,-30,0.0,2567,0,16,-1024,0,0,1013,0,0,1,-1,0,1,-1,1,-1,-1,-1,-1,0,1,0,0,0,0,0,0,0,0,0,0,0,0,0,0,
2026-04-16,08:53:58.560,7.66,100,100,96,-0.026,42.04,51,0,7.76,-0.106,0.974,0.12,49,0,177.72,-16.58,10,0.00,3.71,3.72,3.71,3.71,3.72,3.70,3.72,3.71,29.83,0.0,-30,-30,0.0,2567,0,16,-1024,0,0,1013,0,0,1,-1,0,1,-1,1,-1,-1,-1,-1,0,1,0,0,0,0,0,0,0,0,0,0,0,0,0,0,
2026-04-16,08:53:58.830,7.66,100,100,96,-0.017,42.02,53,0,7.76,-0.110,1.001,0.00,52,0,177.87,-17.13,10,0.00,3.71,3.72,3.71,3.71,3.72,3.70,3.72,3.71,29.84,0.0,-30,-30,0.0,2567,0,16,-1024,0,0,1013,0,0,1,-1,0,1,-1,1,-1,-1,-1,-1,0,1,0,0,0,0,0,0,0,0,0,0,0,0,0,0,
2026-04-16,08:53:59.110,7.66,100,100,96,-0.080,42.08,53,0,7.76,-0.159,1.052,0.11,52,0,178.24,-17.75,10,0.00,3.71,3.73,3.71,3.71,3.72,3.70,3.72,3.71,29.84,0.0,-30,-30,0.0,2567,0,16,-1024,0,0,1013,0,0,1,-1,0,1,-1,1,-1,-1,-1,-1,0,1,0,0,0,0,0,0,0,0,0,0,0,0,0,0,
2026-04-16,08:53:59.380,7.66,100,100,96,0.002,42.08,55,0,7.76,-0.116,0.986,0.08,50,0,178.33,-18.16,10,0.00,3.71,3.73,3.71,3.71,3.72,3.70,3.72,3.71,23.44,0.0,-30,-30,0.0,2567,0,16,-1024,0,0,1013,0,0,1,-1,0,1,-1,1,-1,-1,-1,-1,0,1,0,0,0,0,0,0,0,0,0,0,0,0,0,0,
2026-04-16,08:53:59.650,7.66,100,100,96,-0.022,42.13,53,0,7.76,-0.104,0.990,0.09,47,0,178.50,-18.49,10,0.00,3.71,3.73,3.71,3.71,3.73,3.70,3.72,3.71,23.44,0.0,-30,-30,0.0,2567,0,16,-1024,0,0,1013,0,0,1,-1,0,1,-1,1,-1,-1,-1,-1,0,1,0,0,0,0,0,0,0,0,0,0,0,0,0,0,
2026-04-16,08:53:59.920,7.66,100,100,96,-0.041,42.15,50,0,7.76,-0.104,0.988,0.09,46,0,178.66,-18.94,10,0.00,3.71,3.73,3.71,3.71,3.73,3.70,3.72,3.71,18.61,0.0,-30,-30,0.0,2567,0,16,-1024,0,0,1013,0,0,1,-1,0,1,-1,1,-1,-1,-1,-1,0,1,0,0,0,0,0,0,0,0,0,0,0,0,0,0,
2026-04-16,08:54:00.200,7.66,100,100,96,-0.041,42.15,47,0,7.76,-0.104,0.988,0.09,45,0,178.66,-18.94,10,0.00,3.71,3.73,3.71,3.71,3.73,3.70,3.72,3.71,18.61,0.0,-30,-30,0.0,2567,0,17,-1024,0,0,1013,0,0,1,-1,0,1,-1,1,-1,-1,-1,-1,0,1,0,0,0,0,0,0,0,0,0,0,0,0,0,0,
2026-04-16,08:54:00.460,7.66,100,100,96,-0.041,42.15,40,0,7.76,-0.104,0.988,0.09,45,0,178.66,-18.94,10,0.00,3.71,3.73,3.71,3.71,3.73,3.70,3.72,3.71,18.61,0.0,-30,-30,0.0,2567,0,16,-1024,0,0,1013,0,0,1,-1,0,1,-1,1,-1,-1,-1,-1,0,1,0,0,0,0,0,0,0,0,0,0,0,0,0,0,
2026-04-16,08:54:00.720,7.66,100,100,96,-0.041,42.15,35,2,7.76,-0.104,0.988,0.09,45,0,178.66,-18.94,10,0.00,3.71,3.73,3.71,3.71,3.73,3.70,3.72,3.71,18.61,0.0,-30,-30,0.0,2567,0,17,-1024,0,0,1013,0,0,1,-1,0,1,-1,1,-1,-1,-1,-1,0,1,0,0,0,0,0,0,0,0,0,0,0,0,0,0,
2026-04-16,08:54:00.990,7.67,100,100,96,-0.041,42.15,35,2,7.76,-0.104,0.988,0.09,45,0,178.66,-18.94,10,0.00,3.71,3.73,3.71,3.71,3.73,3.70,3.72,3.71,18.61,0.0,-30,-30,0.0,2567,0,16,-1024,0,0,1013,0,0,1,-1,0,1,-1,1,-1,-1,-1,-1,0,1,0,0,0,0,0,0,0,0,0,0,0,0,0,0,
2026-04-16,08:54:01.260,7.67,100,100,96,-0.041,42.15,35,2,7.76,-0.104,0.988,0.09,45,0,178.66,-18.94,10,0.00,3.71,3.73,3.71,3.71,3.73,3.70,3.72,3.71,18.61,0.0,-30,-30,0.0,2567,0,16,-1024,0,0,1013,0,0,1,-1,0,1,-1,1,-1,-1,-1,-1,0,1,0,0,0,0,0,0,0,0,0,0,0,0,0,0,
2026-04-16,08:54:01.530,7.66,100,100,96,-0.041,42.15,35,2,7.76,-0.104,0.988,0.09,45,0,178.66,-18.94,10,0.00,3.71,3.73,3.71,3.71,3.73,3.70,3.72,3.71,18.61,0.0,-30,-30,0.0,2567,0,17,-1024,0,0,1013,0,0,1,-1,0,1,-1,1,-1,-1,-1,-1,0,1,0,0,0,0,0,0,0,0,0,0,0,0,0,0,
2026-04-16,08:54:01.790,7.66,100,100,96,-0.041,42.15,35,2,7.76,-0.104,0.988,0.09,45,0,178.66,-18.94,10,0.00,3.71,3.73,3.71,3.71,3.73,3.70,3.72,3.71,18.61,0.0,-30,-30,0.0,2567,0,16,-1024,0,0,1013,0,0,1,-1,0,1,-1,1,-1,-1,-1,-1,0,1,0,0,0,0,0,0,0,0,0,0,0,0,0,0,
2026-04-16,08:54:02.070,7.66,100,100,96,-0.041,42.15,35,2,7.76,-0.104,0.988,0.09,45,0,178.66,-18.94,10,0.00,3.71,3.73,3.71,3.71,3.73,3.70,3.72,3.71,18.61,0.0,-30,-30,0.0,2567,0,16,-1022,0,0,1013,0,0,1,-1,0,1,-1,1,-1,-1,-1,-1,0,1,0,0,0,0,0,0,0,0,0,0,0,0,0,0,
2026-04-16,08:54:02.330,7.66,100,100,96,-0.041,42.15,35,2,7.76,-0.104,0.988,0.09,45,0,178.66,-18.94,10,0.00,3.71,3.73,3.71,3.71,3.73,3.70,3.72,3.71,18.61,0.0,-30,-30,0.0,2567,0,16,-1022,0,0,1013,0,0,1,-1,0,1,-1,1,-1,-1,-1,-1,0,1,0,0,0,0,0,0,0,0,0,0,0,0,0,0,
2026-04-16,08:54:02.590,7.66,100,100,96,-0.041,42.15,35,2,7.76,-0.104,0.988,0.09,45,0,178.66,-18.94,10,0.00,3.71,3.73,3.71,3.71,3.73,3.70,3.72,3.71,18.61,0.0,-30,-30,0.0,2567,0,16,-1024,0,0,1013,0,0,1,-1,0,1,-1,1,-1,-1,-1,-1,0,1,0,0,0,0,0,0,0,0,0,0,0,0,0,0,
2026-04-16,08:54:02.860,7.66,100,100,96,-0.041,42.15,35,2,7.76,-0.104,0.988,0.09,45,0,178.66,-18.94,10,0.00,3.71,3.73,3.71,3.71,3.73,3.70,3.72,3.71,18.61,0.0,-30,-30,0.0,2567,0,16,-1024,0,0,1013,0,0,1,-1,0,1,-1,1,-1,-1,-1,-1,0,1,0,0,0,0,0,0,0,0,0,0,0,0,0,0,
2026-04-16,08:54:03.120,7.66,100,100,96,-0.041,42.15,35,2,7.76,-0.104,0.988,0.09,45,0,178.66,-18.94,10,0.00,3.71,3.73,3.71,3.71,3.73,3.70,3.72,3.71,18.61,0.0,-30,-30,0.0,2567,0,16,-1024,0,0,1013,0,0,1,-1,0,1,-1,1,-1,-1,-1,-1,0,1,0,0,0,0,0,0,0,0,0,0,0,0,0,0,
2026-04-16,08:54:03.390,7.66,100,100,96,-0.041,42.15,35,2,7.76,-0.104,0.988,0.09,45,0,178.66,-18.94,10,0.00,3.71,3.73,3.71,3.71,3.73,3.70,3.72,3.71,18.61,0.0,-30,-30,0.0,2567,0,16,-1024,0,0,1013,0,0,1,-1,0,1,-1,1,-1,-1,-1,-1,0,1,0,0,0,0,0,0,0,0,0,0,0,0,0,0,
2026-04-16,08:54:03.650,7.66,100,100,96,-0.041,42.15,35,2,7.76,-0.104,0.988,0.09,45,0,178.66,-18.94,10,0.00,3.71,3.73,3.71,3.71,3.73,3.70,3.72,3.71,18.61,0.0,-30,-30,0.0,2567,0,16,-1024,0,0,1013,0,0,1,-1,0,1,-1,1,-1,-1,-1,-1,0,1,0,0,0,0,0,0,0,0,0,0,0,0,0,0,
2026-04-16,08:54:03.920,7.66,100,100,96,-0.041,42.15,35,2,7.76,-0.104,0.988,0.09,45,0,178.66,-18.94,10,0.00,3.71,3.73,3.71,3.71,3.73,3.70,3.72,3.71,18.61,0.0,-30,-30,0.0,2567,0,16,-1024,0,0,1013,0,0,1,-1,0,1,-1,1,-1,-1,-1,-1,0,1,0,0,0,0,0,0,0,0,0,0,0,0,0,0,
2026-04-16,08:54:04.190,7.66,100,100,96,-0.041,42.15,35,2,7.76,-0.104,0.988,0.09,45,0,178.66,-18.94,10,0.00,3.71,3.73,3.71,3.71,3.73,3.70,3.72,3.71,18.61,0.0,-30,-30,0.0,2567,0,17,-1024,0,0,1013,0,0,1,-1,0,1,-1,1,-1,-1,-1,-1,0,1,0,0,0,0,0,0,0,0,0,0,0,0,0,0,
2026-04-16,08:54:04.460,7.66,100,100,96,-0.041,42.15,35,2,7.76,-0.104,0.988,0.09,45,0,178.66,-18.94,10,0.00,3.71,3.73,3.71,3.71,3.73,3.70,3.72,3.71,18.61,0.0,-30,-30,0.0,2567,0,17,-1024,0,0,1013,0,0,1,-1,0,1,-1,1,-1,-1,-1,-1,0,1,0,0,0,0,0,0,0,0,0,0,0,0,0,0,
2026-04-16,08:54:04.720,7.66,100,100,96,-0.041,42.15,35,2,7.76,-0.104,0.988,0.09,45,0,178.66,-18.94,10,0.00,3.71,3.73,3.71,3.71,3.73,3.70,3.72,3.71,18.61,0.0,-30,-30,0.0,2567,0,16,-1024,0,0,1013,0,0,1,-1,0,1,-1,1,-1,-1,-1,-1,0,1,0,0,0,0,0,0,0,0,0,0,0,0,0,0,
2026-04-16,08:54:04.980,7.66,100,100,96,-0.041,42.15,35,2,7.76,-0.104,0.988,0.09,45,0,178.66,-18.94,10,0.00,3.71,3.73,3.71,3.71,3.73,3.70,3.72,3.71,18.61,0.0,-30,-30,0.0,2567,0,16,-1024,0,0,1013,0,0,1,-1,0,1,-1,1,-1,-1,-1,-1,0,1,0,0,0,0,0,0,0,0,0,0,0,0,0,0,
2026-04-16,08:54:05.240,7.66,100,100,96,-0.041,42.15,35,2,7.76,-0.104,0.988,0.09,45,0,178.66,-18.94,10,0.00,3.71,3.73,3.71,3.71,3.73,3.70,3.72,3.71,18.61,0.0,-30,-30,0.0,2567,0,16,-1024,0,0,1013,0,0,1,-1,0,1,-1,1,-1,-1,-1,-1,0,1,0,0,0,0,0,0,0,0,0,0,0,0,0,0,
2026-04-16,08:54:05.500,7.66,100,100,96,-0.041,42.15,35,2,7.76,-0.104,0.988,0.09,45,0,178.66,-18.94,10,0.00,3.71,3.73,3.71,3.71,3.73,3.70,3.72,3.71,18.61,0.0,-30,-30,0.0,2567,0,16,-1024,0,0,1013,0,0,1,-1,0,1,-1,1,-1,-1,-1,-1,0,1,0,0,0,0,0,0,0,0,0,0,0,0,0,0,
2026-04-16,08:54:05.760,7.66,100,100,96,-0.041,42.15,35,2,7.76,-0.104,0.988,0.09,45,0,178.66,-18.94,10,0.00,3.71,3.73,3.71,3.71,3.73,3.70,3.72,3.71,18.61,0.0,-30,-30,0.0,2567,0,16,-1024,0,0,1013,0,0,1,-1,0,1,-1,1,-1,-1,-1,-1,0,1,0,0,0,0,0,0,0,0,0,0,0,0,0,0,
2026-04-16,08:54:06.030,7.66,100,100,96,-0.041,42.15,35,2,7.76,-0.104,0.988,0.09,45,0,178.66,-18.94,10,0.00,3.71,3.73,3.71,3.71,3.73,3.70,3.72,3.71,18.61,0.0,-30,-30,0.0,2567,0,16,-1024,0,0,1013,0,0,1,-1,0,1,-1,1,-1,-1,-1,-1,0,1,0,0,0,0,0,0,0,0,0,0,0,0,0,0,
2026-04-16,08:54:06.300,7.66,100,100,96,-0.041,42.15,35,2,7.76,-0.104,0.988,0.09,45,0,178.66,-18.94,10,0.00,3.71,3.73,3.71,3.71,3.73,3.70,3.72,3.71,18.61,0.0,-30,-30,0.0,2567,0,16,-1024,0,0,1013,0,0,1,-1,0,1,-1,1,-1,-1,-1,-1,0,1,0,0,0,0,0,0,0,0,0,0,0,0,0,0,
2026-04-16,08:54:06.560,7.66,100,100,96,-0.041,42.15,35,2,7.76,-0.104,0.988,0.09,45,0,178.66,-18.94,10,0.00,3.71,3.73,3.71,3.71,3.73,3.70,3.72,3.71,18.61,0.0,-30,-30,0.0,2567,0,16,-1024,0,0,1013,0,0,1,-1,0,1,-1,1,-1,-1,-1,-1,0,1,0,0,0,0,0,0,0,0,0,0,0,0,0,0,
2026-04-16,08:54:06.820,7.66,100,100,96,-0.041,42.15,35,2,7.76,-0.104,0.988,0.09,45,0,178.66,-18.94,10,0.00,3.71,3.73,3.71,3.71,3.73,3.70,3.72,3.71,18.61,0.0,-30,-30,0.0,2567,0,16,-1024,0,0,1013,0,0,1,-1,0,1,-1,1,-1,-1,-1,-1,0,1,0,0,0,0,0,0,0,0,0,0,0,0,0,0,
2026-04-16,08:54:07.090,7.66,100,100,96,-0.041,42.15,35,2,7.76,-0.104,0.988,0.09,45,0,178.66,-18.94,10,0.00,3.71,3.73,3.71,3.71,3.73,3.70,3.72,3.71,18.61,0.0,-30,-30,0.0,2567,0,16,-1024,0,0,1013,0,0,1,-1,0,1,-1,1,-1,-1,-1,-1,0,1,0,0,0,0,0,0,0,0,0,0,0,0,0,0,
2026-04-16,08:54:07.360,7.66,100,100,96,-0.041,42.15,35,2,7.76,-0.104,0.988,0.09,45,0,178.66,-18.94,10,0.00,3.71,3.73,3.71,3.71,3.73,3.70,3.72,3.71,18.61,0.0,-30,-30,0.0,2567,0,17,-1024,0,0,1013,0,0,1,-1,0,1,-1,1,-1,-1,-1,-1,0,1,0,0,0,0,0,0,0,0,0,0,0,0,0,0,
2026-04-16,08:54:07.620,7.66,100,100,96,-0.041,42.15,35,2,7.76,-0.104,0.988,0.09,45,0,178.66,-18.94,10,0.00,3.71,3.73,3.71,3.71,3.73,3.70,3.72,3.71,18.61,0.0,-30,-30,0.0,2567,0,17,-1024,0,0,1013,0,0,1,-1,0,1,-1,1,-1,-1,-1,-1,0,1,0,0,0,0,0,0,0,0,0,0,0,0,0,0,
2026-04-16,08:54:07.890,7.66,100,100,96,-0.041,42.15,35,2,7.76,-0.104,0.988,0.09,45,0,178.66,-18.94,10,0.00,3.71,3.73,3.71,3.71,3.73,3.70,3.72,3.71,18.61,0.0,-30,-30,0.0,2567,0,16,-1024,0,0,1012,0,0,1,-1,0,1,-1,1,-1,-1,-1,-1,0,1,0,0,0,0,0,0,0,0,0,0,0,0,0,0,
2026-04-16,08:54:08.160,7.66,100,100,96,-0.041,42.15,35,2,7.76,-0.104,0.988,0.09,45,0,178.66,-18.94,10,0.00,3.71,3.73,3.71,3.71,3.73,3.70,3.72,3.71,18.61,0.0,-30,-30,0.0,2567,0,16,-1024,0,0,1013,0,0,1,-1,0,1,-1,1,-1,-1,-1,-1,0,1,0,0,0,0,0,0,0,0,0,0,0,0,0,0,
2026-04-16,08:54:08.430,7.66,100,100,96,-0.041,42.15,35,2,7.76,-0.104,0.988,0.09,45,0,178.66,-18.94,10,0.00,3.71,3.73,3.71,3.71,3.73,3.70,3.72,3.71,18.61,0.0,-30,-30,0.0,2567,0,16,-1024,0,0,1013,0,0,1,-1,0,1,-1,1,-1,-1,-1,-1,0,1,0,0,0,0,0,0,0,0,0,0,0,0,0,0,
2026-04-16,08:54:08.690,7.66,100,100,96,-0.041,42.15,35,2,7.76,-0.104,0.988,0.09,45,0,178.66,-18.94,10,0.00,3.71,3.73,3.71,3.71,3.73,3.70,3.72,3.71,18.61,0.0,-30,-30,0.0,2567,0,17,-1024,0,0,1012,0,0,1,-1,0,1,-1,1,-1,-1,-1,-1,0,1,0,0,0,0,0,0,0,0,0,0,0,0,0,0,
2026-04-16,08:54:08.950,7.66,100,100,96,-0.041,42.15,35,2,7.76,-0.104,0.988,0.09,45,0,178.66,-18.94,10,0.00,3.71,3.73,3.71,3.71,3.73,3.70,3.72,3.71,18.61,0.0,-30,-30,0.0,2567,0,16,-1024,0,0,1013,0,0,1,-1,0,1,-1,1,-1,-1,-1,-1,0,1,0,0,0,0,0,0,0,0,0,0,0,0,0,0,
2026-04-16,08:54:09.220,7.66,100,100,96,-0.041,42.15,35,2,7.76,-0.104,0.988,0.09,45,0,178.66,-18.94,10,0.00,3.71,3.73,3.71,3.71,3.73,3.70,3.72,3.71,18.61,0.0,-30,-30,0.0,2567,0,16,-1024,0,0,1012,0,0,1,-1,0,1,-1,1,-1,-1,-1,-1,0,1,0,0,0,0,0,0,0,0,0,0,0,0,0,0,
2026-04-16,08:54:09.480,7.66,100,100,96,-0.041,42.15,35,2,7.76,-0.104,0.988,0.09,45,0,178.66,-18.94,10,0.00,3.71,3.73,3.71,3.71,3.73,3.70,3.72,3.71,18.61,0.0,-30,-30,0.0,2567,0,16,-1024,0,0,1013,0,0,1,-1,0,1,-1,1,-1,-1,-1,-1,0,1,0,0,0,0,0,0,0,0,0,0,0,0,0,0,
2026-04-16,08:54:09.750,7.66,100,100,96,-0.041,42.15,35,2,7.76,-0.104,0.988,,45,0,178.66,-18.94,10,0.00,3.71,3.73,3.71,3.71,3.73,3.70,3.72,3.71,,,-30,-30,0.0,2567,0,16,-1024,0,0,1013,0,0,1,-1,0,1,-1,1,-1,-1,-1,-1,0,1,0,0,0,0,0,0,0,0,0,0,0,0,0,0,
2026-04-16,08:54:10.020,7.66,,,,,,35,2,,,,,,,,,10,,,,,,,,,,,,,,,2567,0,16,-1024,0,0,1013,0,0,1,-1,0,1,-1,1,-1,-1,-1,-1,0,0,0,0,0,0,0,0,0,0,0,0,0,0,0,0,
2026-04-16,08:54:10.290,7.66,,,,,,35,2,,,,,,,,,10,,,,,,,,,,,,,,,2567,0,16,-1024,0,0,1013,0,0,1,-1,0,1,-1,1,-1,-1,-1,-1,0,0,0,0,0,0,0,0,0,0,0,0,0,0,0,0,
2026-04-16,08:54:10.550,7.66,,,,,,35,2,,,,,,,,,10,,,,,,,,,,,,,,,2567,0,16,-1024,0,0,1013,0,0,1,-1,0,1,-1,1,-1,-1,-1,-1,0,0,0,0,0,0,0,0,0,0,0,0,0,0,0,0,
2026-04-16,08:54:10.810,7.66,,,,,,,,,,,,,,,,10,,,,,,,,,,,,,,,2567,0,16,-1024,0,0,1013,0,0,1,-1,0,1,-1,1,-1,-1,-1,-1,0,0,0,0,0,0,0,0,0,0,0,0,0,0,0,0,
2026-04-16,08:54:11.080,7.66,,,,,,,,,,,,,,,,10,,,,,,,,,,,,,,,2567,0,16,-1024,0,0,1013,0,0,1,-1,0,1,-1,1,-1,-1,-1,-1,0,0,0,0,0,0,0,0,0,0,0,0,0,0,0,0,
2026-04-16,08:54:11.350,7.66,,,,,,,,,,,,,,,,10,,,,,,,,,,,,,,,2567,0,17,-1024,0,0,1013,0,0,1,-1,0,1,-1,1,-1,-1,-1,-1,0,0,0,0,0,0,0,0,0,0,0,0,0,0,0,0,
2026-04-16,08:54:11.610,7.66,,,,,,,,,,,,,,,,10,,,,,,,,,,,,,,,2567,0,16,-1024,0,0,1013,0,0,1,-1,0,1,-1,1,-1,-1,-1,-1,0,0,0,0,0,0,0,0,0,0,0,0,0,0,0,0,
2026-04-16,08:54:11.870,7.66,,,,,,,,,,,,,,,,10,,,,,,,,,,,,,,,2567,0,16,-1024,0,0,1013,0,0,1,-1,0,1,-1,1,-1,-1,-1,-1,0,0,0,0,0,0,0,0,0,0,0,0,0,0,0,0,
2026-04-16,08:54:12.130,7.66,,,,,,,,,,,,,,,,10,,,,,,,,,,,,,,,2567,0,16,-1024,0,0,1013,0,0,1,-1,0,1,-1,1,-1,-1,-1,-1,0,0,0,0,0,0,0,0,0,0,0,0,0,0,0,0,
2026-04-16,08:54:12.400,7.66,,,,,,,,,,,,,,,,10,,,,,,,,,,,,,,,2567,0,17,-1024,0,0,1013,0,0,1,-1,0,1,-1,1,-1,-1,-1,-1,0,0,0,0,0,0,0,0,0,0,0,0,0,0,0,0,
2026-04-16,08:54:12.660,7.66,,,,,,,,,,,,,,,,10,,,,,,,,,,,,,,,2567,0,16,-1024,0,0,1013,0,0,1,-1,0,1,-1,1,-1,-1,-1,-1,0,0,0,0,0,0,0,0,0,0,0,0,0,0,0,0,
2026-04-16,08:54:12.920,7.66,,,,,,,,,,,,,,,,10,,,,,,,,,,,,,,,2567,0,17,-1024,0,0,1013,0,0,1,-1,0,1,-1,1,-1,-1,-1,-1,0,0,0,0,0,0,0,0,0,0,0,0,0,0,0,0,
2026-04-16,08:54:13.190,7.66,,,,,,,,,,,,,,,,10,,,,,,,,,,,,,,,2567,0,16,-1024,0,0,1013,0,0,1,-1,0,1,-1,1,-1,-1,-1,-1,0,0,0,0,0,0,0,0,0,0,0,0,0,0,0,0,
2026-04-16,08:54:13.460,7.66,,,,,,,,,,,,,,,,10,,,,,,,,,,,,,,,2567,0,16,-1024,0,0,1013,0,0,1,-1,0,1,-1,1,-1,-1,-1,-1,0,0,0,0,0,0,0,0,0,0,0,0,0,0,0,0,
2026-04-16,08:54:13.730,7.66,,,,,,,,,,,,,,,,10,,,,,,,,,,,,,,,2567,0,16,-1024,0,0,1013,0,0,1,-1,0,1,-1,1,-1,-1,-1,-1,0,0,0,0,0,0,0,0,0,0,0,0,0,0,0,0,
2026-04-16,08:54:13.990,7.66,,,,,,,,,,,,,,,,10,,,,,,,,,,,,,,,2567,0,17,-1024,0,0,1013,0,0,1,-1,0,1,-1,1,-1,-1,-1,-1,0,0,0,0,0,0,0,0,0,0,0,0,0,0,0,0,
2026-04-16,08:54:14.260,7.66,,,,,,,,,,,,,,,,10,,,,,,,,,,,,,,,2567,0,16,-1024,0,0,1012,0,0,1,-1,0,1,-1,1,-1,-1,-1,-1,0,0,0,0,0,0,0,0,0,0,0,0,0,0,0,0,
2026-04-16,08:54:14.520,7.66,,,,,,,,,,,,,,,,10,,,,,,,,,,,,,,,2567,0,17,-1024,0,0,1012,0,0,1,-1,0,1,-1,1,-1,-1,-1,-1,0,0,0,0,0,0,0,0,0,0,0,0,0,0,0,0,
2026-04-16,08:54:14.780,7.66,,,,,,,,,,,,,,,,10,,,,,,,,,,,,,,,2567,0,16,-1024,0,0,1013,0,0,1,-1,0,1,-1,1,-1,-1,-1,-1,0,0,0,0,0,0,0,0,0,0,0,0,0,0,0,0,
2026-04-16,08:54:15.050,7.66,,,,,,,,,,,,,,,,10,,,,,,,,,,,,,,,2567,0,17,-1024,0,0,1013,0,0,1,-1,0,1,-1,1,-1,-1,-1,-1,0,0,0,0,0,0,0,0,0,0,0,0,0,0,0,0,
2026-04-16,08:54:15.320,7.66,,,,,,,,,,,,,,,,10,,,,,,,,,,,,,,,2567,0,16,-1024,0,0,1013,0,0,1,-1,0,1,-1,1,-1,-1,-1,-1,0,0,0,0,0,0,0,0,0,0,0,0,0,0,0,0,
2026-04-16,08:54:15.580,7.66,,,,,,,,,,,,,,,,10,,,,,,,,,,,,,,,2567,0,16,-1024,0,0,1013,0,0,1,-1,0,1,-1,1,-1,-1,-1,-1,0,0,0,0,0,0,0,0,0,0,0,0,0,0,0,0,
2026-04-16,08:54:15.840,7.66,,,,,,,,,,,,,,,,10,,,,,,,,,,,,,,,2567,0,17,-1024,0,0,1013,0,0,1,-1,0,1,-1,1,-1,-1,-1,-1,0,0,0,0,0,0,0,0,0,0,0,0,0,0,0,0,
2026-04-16,08:54:16.100,7.66,,,,,,,,,,,,,,,,10,,,,,,,,,,,,,,,2567,0,16,-1024,0,0,1013,0,0,1,-1,0,1,-1,1,-1,-1,-1,-1,0,0,0,0,0,0,0,0,0,0,0,0,0,0,0,0,
2026-04-16,08:54:16.370,7.66,,,,,,,,,,,,,,,,10,,,,,,,,,,,,,,,2567,0,16,-1024,0,0,1013,0,0,1,-1,0,1,-1,1,-1,-1,-1,-1,0,0,0,0,0,0,0,0,0,0,0,0,0,0,0,0,
2026-04-16,08:54:16.630,7.66,,,,,,,,,,,,,,,,10,,,,,,,,,,,,,,,2567,0,17,-1024,0,0,1013,0,0,1,-1,0,1,-1,1,-1,-1,-1,-1,0,0,0,0,0,0,0,0,0,0,0,0,0,0,0,0,
2026-04-16,08:54:16.890,7.66,,,,,,,,,,,,,,,,10,,,,,,,,,,,,,,,2567,0,16,-1024,0,0,1012,0,0,1,-1,0,1,-1,1,-1,-1,-1,-1,0,0,0,0,0,0,0,0,0,0,0,0,0,0,0,0,
2026-04-16,08:54:17.160,7.66,,,,,,,,,,,,,,,,10,,,,,,,,,,,,,,,2567,0,17,-1024,0,0,1013,0,0,1,-1,0,1,-1,1,-1,-1,-1,-1,0,0,0,0,0,0,0,0,0,0,0,0,0,0,0,0,
2026-04-16,08:54:17.430,7.66,,,,,,,,,,,,,,,,10,,,,,,,,,,,,,,,2567,0,17,-1024,0,0,1013,0,0,1,-1,0,1,-1,1,-1,-1,-1,-1,0,0,0,0,0,0,0,0,0,0,0,0,0,0,0,0,
2026-04-16,08:54:17.710,7.66,,,,,,,,,,,,,,,,10,,,,,,,,,,,,,,,2567,0,17,-1024,0,0,1013,0,0,1,-1,0,1,-1,1,-1,-1,-1,-1,0,0,0,0,0,0,0,0,0,0,0,0,0,0,0,0,
2026-04-16,08:54:17.970,7.66,,,,,,,,,,,,,,,,10,,,,,,,,,,,,,,,2567,0,17,-1024,0,0,1013,0,0,1,-1,0,1,-1,1,-1,-1,-1,-1,0,0,0,0,0,0,0,0,0,0,0,0,0,0,0,0,
2026-04-16,08:54:18.240,7.66,,,,,,,,,,,,,,,,10,,,,,,,,,,,,,,,2567,0,16,-1024,0,0,1013,0,0,1,-1,0,1,-1,1,-1,-1,-1,-1,0,0,0,0,0,0,0,0,0,0,0,0,0,0,0,0,
2026-04-16,08:54:18.510,7.66,,,,,,,,,,,,,,,,10,,,,,,,,,,,,,,,2567,0,17,-1024,0,0,1013,0,0,1,-1,0,1,-1,1,-1,-1,-1,-1,0,0,0,0,0,0,0,0,0,0,0,0,0,0,0,0,
2026-04-16,08:54:18.770,7.66,,,,,,,,,,,,,,,,10,,,,,,,,,,,,,,,2567,0,17,-1024,0,0,1013,0,0,1,-1,0,1,-1,1,-1,-1,-1,-1,0,0,0,0,0,0,0,0,0,0,0,0,0,0,0,0,
2026-04-16,08:54:19.030,7.66,,,,,,,,,,,,,,,,10,,,,,,,,,,,,,,,2567,0,16,-1024,0,0,1013,0,0,1,-1,0,1,-1,1,-1,-1,-1,-1,0,0,0,0,0,0,0,0,0,0,0,0,0,0,0,0,
2026-04-16,08:54:19.290,7.66,,,,,,,,,,,,,,,,10,,,,,,,,,,,,,,,2567,0,17,-1024,0,0,1013,0,0,1,-1,0,1,-1,1,-1,-1,-1,-1,0,0,0,0,0,0,0,0,0,0,0,0,0,0,0,0,
2026-04-16,08:54:19.560,7.66,,,,,,,,,,,,,,,,10,,,,,,,,,,,,,,,2567,0,16,-1024,0,0,1013,0,0,1,-1,0,1,-1,1,-1,-1,-1,-1,0,0,0,0,0,0,0,0,0,0,0,0,0,0,0,0,
2026-04-16,08:54:19.830,7.66,,,,,,,,,,,,,,,,10,,,,,,,,,,,,,,,,0,17,-1024,0,0,1013,0,0,1,-1,0,1,-1,1,-1,-1,-1,-1,0,0,0,0,0,0,0,0,0,0,0,0,0,0,0,0,
2026-04-16,08:54:20.100,7.66,,,,,,,,,,,,,,,,10,,,,,,,,,,,,,,,,0,17,-1024,0,0,1013,0,0,1,-1,0,1,-1,1,-1,-1,-1,-1,0,0,0,0,0,0,0,0,0,0,0,0,0,0,0,0,
2026-04-16,08:54:20.360,7.66,,,,,,,,,,,,,,,,10,,,,,,,,,,,,,,,,0,16,-1024,0,0,1013,0,0,1,-1,0,1,-1,1,-1,-1,-1,-1,0,0,0,0,0,0,0,0,0,0,0,0,0,0,0,0,
2026-04-16,08:54:20.630,7.66,,,,,,,,,,,,,,,,10,,,,,,,,,,,,,,,,0,16,-1024,0,0,1013,0,0,1,-1,0,1,-1,1,-1,-1,-1,-1,0,0,0,0,0,0,0,0,0,0,0,0,0,0,0,0,
2026-04-16,08:54:20.890,7.66,,,,,,,,,,,,,,,,10,,,,,,,,,,,,,,,,0,17,-1024,0,0,1013,0,0,1,-1,0,1,-1,1,-1,-1,-1,-1,0,0,0,0,0,0,0,0,0,0,0,0,0,0,0,0,
2026-04-16,08:54:21.150,7.66,,,,,,,,,,,,,,,,10,,,,,,,,,,,,,,,,0,17,-1024,0,0,1013,0,0,1,-1,0,1,-1,1,-1,-1,-1,-1,0,0,0,0,0,0,0,0,0,0,0,0,0,0,0,0,
2026-04-16,08:54:21.420,7.66,,,,,,,,,,,,,,,,10,,,,,,,,,,,,,,,,0,17,-1024,0,0,1013,0,0,1,-1,0,1,-1,1,-1,-1,-1,-1,0,0,0,0,0,0,0,0,0,0,0,0,0,0,0,0,
2026-04-16,08:54:21.680,7.67,,,,,,,,,,,,,,,,10,,,,,,,,,,,,,,,,0,17,-1024,0,0,1013,0,0,1,-1,0,1,-1,1,-1,-1,-1,-1,0,0,0,0,0,0,0,0,0,0,0,0,0,0,0,0,
2026-04-16,08:54:21.950,7.66,,,,,,,,,,,,,,,,10,,,,,,,,,,,,,,,,0,17,-1024,0,0,1013,0,0,1,-1,0,1,-1,1,-1,-1,-1,-1,0,0,0,0,0,0,0,0,0,0,0,0,0,0,0,0,
2026-04-16,08:54:22.210,7.66,,,,,,,,,,,,,,,,10,,,,,,,,,,,,,,,,0,17,-1024,0,0,1013,0,0,1,-1,0,1,-1,1,-1,-1,-1,-1,0,0,0,0,0,0,0,0,0,0,0,0,0,0,0,0,
2026-04-16,08:54:22.480,7.66,,,,,,,,,,,,,,,,10,,,,,,,,,,,,,,,,0,17,-1024,0,0,1013,0,0,1,-1,0,1,-1,1,-1,-1,-1,-1,0,0,0,0,0,0,0,0,0,0,0,0,0,0,0,0,
2026-04-16,08:54:22.740,7.66,,,,,,,,,,,,,,,,10,,,,,,,,,,,,,,,,0,17,-1024,0,0,1013,0,0,1,-1,0,1,-1,1,-1,-1,-1,-1,0,0,0,0,0,0,0,0,0,0,0,0,0,0,0,0,
2026-04-16,08:54:23.000,7.66,,,,,,,,,,,,,,,,10,,,,,,,,,,,,,,,,0,17,-1024,0,0,1013,0,0,1,-1,0,1,-1,1,-1,-1,-1,-1,0,0,0,0,0,0,0,0,0,0,0,0,0,0,0,0,
2026-04-16,08:54:23.270,7.66,,,,,,,,,,,,,,,,10,,,,,,,,,,,,,,,,0,17,-1024,0,0,1013,0,0,1,-1,0,1,-1,1,-1,-1,-1,-1,0,0,0,0,0,0,0,0,0,0,0,0,0,0,0,0,
2026-04-16,08:54:23.540,7.66,,,,,,,,,,,,,,,,10,,,,,,,,,,,,,,,,0,17,-1024,0,0,1013,0,0,1,-1,0,1,-1,1,-1,-1,-1,-1,0,0,0,0,0,0,0,0,0,0,0,0,0,0,0,0,
2026-04-16,08:54:23.800,7.66,,,,,,,,,,,,,,,,10,,,,,,,,,,,,,,,,0,17,-1024,0,0,1013,0,0,1,-1,0,1,-1,1,-1,-1,-1,-1,0,0,0,0,0,0,0,0,0,0,0,0,0,0,0,0,
2026-04-16,08:54:24.060,7.66,,,,,,,,,,,,,,,,10,,,,,,,,,,,,,,,,0,17,-1024,0,0,1013,0,0,1,-1,0,1,-1,1,-1,-1,-1,-1,0,0,0,0,0,0,0,0,0,0,0,0,0,0,0,0,
2026-04-16,08:54:24.330,7.66,,,,,,,,,,,,,,,,10,,,,,,,,,,,,,,,,0,17,-1024,0,0,1013,0,0,1,-1,0,1,-1,1,-1,-1,-1,-1,0,0,0,0,0,0,0,0,0,0,0,0,0,0,0,0,
2026-04-16,08:54:24.590,7.66,,,,,,,,,,,,,,,,10,,,,,,,,,,,,,,,,0,17,-1024,0,0,1013,0,0,1,-1,0,1,-1,1,-1,-1,-1,-1,0,0,0,0,0,0,0,0,0,0,0,0,0,0,0,0,
2026-04-16,08:54:24.860,7.66,,,,,,,,,,,,,,,,10,,,,,,,,,,,,,,,,0,17,-1024,0,0,1013,0,0,1,-1,0,1,-1,1,-1,-1,-1,-1,0,0,0,0,0,0,0,0,0,0,0,0,0,0,0,0,
2026-04-16,08:54:25.130,7.66,,,,,,,,,,,,,,,,10,,,,,,,,,,,,,,,,0,17,-1024,0,0,1012,0,0,1,-1,0,1,-1,1,-1,-1,-1,-1,0,0,0,0,0,0,0,0,0,0,0,0,0,0,0,0,
2026-04-16,08:54:25.390,7.66,,,,,,,,,,,,,,,,10,,,,,,,,,,,,,,,,0,17,-1024,0,0,1013,0,0,1,-1,0,1,-1,1,-1,-1,-1,-1,0,0,0,0,0,0,0,0,0,0,0,0,0,0,0,0,
2026-04-16,08:54:25.660,7.66,,,,,,,,,,,,,,,,10,,,,,,,,,,,,,,,,0,17,-1024,0,0,1013,0,0,1,-1,0,1,-1,1,-1,-1,-1,-1,0,0,0,0,0,0,0,0,0,0,0,0,0,0,0,0,
2026-04-16,08:54:25.920,7.66,,,,,,,,,,,,,,,,10,,,,,,,,,,,,,,,,0,17,-1024,0,0,1013,0,0,1,-1,0,1,-1,1,-1,-1,-1,-1,0,0,0,0,0,0,0,0,0,0,0,0,0,0,0,0,
2026-04-16,08:54:26.180,7.66,,,,,,,,,,,,,,,,10,,,,,,,,,,,,,,,,0,17,-1024,0,0,1013,0,0,1,-1,0,1,-1,1,-1,-1,-1,-1,0,0,0,0,0,0,0,0,0,0,0,0,0,0,0,0,
2026-04-16,08:54:26.440,7.66,,,,,,,,,,,,,,,,10,,,,,,,,,,,,,,,,0,17,-1024,0,0,1013,0,0,1,-1,0,1,-1,1,-1,-1,-1,-1,0,0,0,0,0,0,0,0,0,0,0,0,0,0,0,0,
2026-04-16,08:54:26.710,7.66,,,,,,,,,,,,,,,,10,,,,,,,,,,,,,,,,0,17,-1024,0,0,1013,0,0,1,-1,0,1,-1,1,-1,-1,-1,-1,0,0,0,0,0,0,0,0,0,0,0,0,0,0,0,0,
2026-04-16,08:54:26.970,7.66,,,,,,,,,,,,,,,,10,,,,,,,,,,,,,,,,0,17,-1024,0,0,1013,0,0,1,-1,0,1,-1,1,-1,-1,-1,-1,0,0,0,0,0,0,0,0,0,0,0,0,0,0,0,0,
2026-04-16,08:54:27.240,7.66,,,,,,,,,,,,,,,,10,,,,,,,,,,,,,,,,0,17,-1024,0,0,1013,0,0,1,-1,0,1,-1,1,-1,-1,-1,-1,0,0,0,0,0,0,0,0,0,0,0,0,0,0,0,0,
2026-04-16,08:54:27.500,7.66,,,,,,,,,,,,,,,,10,,,,,,,,,,,,,,,,0,17,-1024,0,0,1013,0,0,1,-1,0,1,-1,1,-1,-1,-1,-1,0,0,0,0,0,0,0,0,0,0,0,0,0,0,0,0,
2026-04-16,08:54:27.770,7.66,,,,,,,,,,,,,,,,10,,,,,,,,,,,,,,,,0,17,-1024,0,0,1013,0,0,1,-1,0,1,-1,1,-1,-1,-1,-1,0,0,0,0,0,0,0,0,0,0,0,0,0,0,0,0,
2026-04-16,08:54:28.040,7.66,,,,,,,,,,,,,,,,10,,,,,,,,,,,,,,,,0,17,-1024,0,0,1013,0,0,1,-1,0,1,-1,1,-1,-1,-1,-1,0,0,0,0,0,0,0,0,0,0,0,0,0,0,0,0,
2026-04-16,08:54:28.300,7.66,,,,,,,,,,,,,,,,10,,,,,,,,,,,,,,,,0,17,-1024,0,0,1013,0,0,1,-1,0,1,-1,1,-1,-1,-1,-1,0,0,0,0,0,0,0,0,0,0,0,0,0,0,0,0,
2026-04-16,08:54:28.560,7.67,,,,,,,,,,,,,,,,10,,,,,,,,,,,,,,,,0,17,-1024,0,0,1012,0,0,1,-1,0,1,-1,1,-1,-1,-1,-1,0,0,0,0,0,0,0,0,0,0,0,0,0,0,0,0,
2026-04-16,08:54:28.820,7.66,,,,,,,,,,,,,,,,10,,,,,,,,,,,,,,,,0,17,-1024,0,0,1013,0,0,1,-1,0,1,-1,1,-1,-1,-1,-1,0,0,0,0,0,0,0,0,0,0,0,0,0,0,0,0,
2026-04-16,08:54:29.090,7.67,,,,,,,,,,,,,,,,10,,,,,,,,,,,,,,,,0,17,-1024,0,0,1013,0,0,1,-1,0,1,-1,1,-1,-1,-1,-1,0,0,0,0,0,0,0,0,0,0,0,0,0,0,0,0,
2026-04-16,08:54:29.350,7.66,,,,,,,,,,,,,,,,10,,,,,,,,,,,,,,,,0,17,-1024,0,0,1012,0,0,1,-1,0,1,-1,1,-1,-1,-1,-1,0,0,0,0,0,0,0,0,0,0,0,0,0,0,0,0,
2026-04-16,08:54:29.620,7.66,,,,,,,,,,,,,,,,10,,,,,,,,,,,,,,,,0,16,-1024,0,0,1013,0,0,1,-1,0,1,-1,1,-1,-1,-1,-1,0,0,0,0,0,0,0,0,0,0,0,0,0,0,0,0,
2026-04-16,08:54:29.880,7.66,,,,,,,,,,,,,,,,10,,,,,,,,,,,,,,,,0,17,-1024,0,0,1013,0,0,1,-1,0,1,-1,1,-1,-1,-1,-1,0,0,0,0,0,0,0,0,0,0,0,0,0,0,0,0,
2026-04-16,08:54:30.150,7.66,,,,,,,,,,,,,,,,10,,,,,,,,,,,,,,,,0,17,-1024,0,0,1013,0,0,1,-1,0,1,-1,1,-1,-1,-1,-1,0,0,0,0,0,0,0,0,0,0,0,0,0,0,0,0,
2026-04-16,08:54:30.410,7.66,,,,,,,,,,,,,,,,10,,,,,,,,,,,,,,,,0,17,-1024,0,0,1013,0,0,1,-1,0,1,-1,1,-1,-1,-1,-1,0,0,0,0,0,0,0,0,0,0,0,0,0,0,0,0,
2026-04-16,08:54:30.670,7.66,,,,,,,,,,,,,,,,10,,,,,,,,,,,,,,,,0,17,-1024,0,0,1013,0,0,1,-1,0,1,-1,1,-1,-1,-1,-1,0,0,0,0,0,0,0,0,0,0,0,0,0,0,0,0,
2026-04-16,08:54:30.940,7.66,,,,,,,,,,,,,,,,10,,,,,,,,,,,,,,,,0,17,-1024,0,0,1012,0,0,1,-1,0,1,-1,1,-1,-1,-1,-1,0,0,0,0,0,0,0,0,0,0,0,0,0,0,0,0,
2026-04-16,08:54:31.210,7.66,,,,,,,,,,,,,,,,10,,,,,,,,,,,,,,,,0,17,-1024,0,0,1013,0,0,1,-1,0,1,-1,1,-1,-1,-1,-1,0,0,0,0,0,0,0,0,0,0,0,0,0,0,0,0,
2026-04-16,08:54:31.470,7.66,,,,,,,,,,,,,,,,10,,,,,,,,,,,,,,,,0,16,-1024,0,0,1013,0,0,1,-1,0,1,-1,1,-1,-1,-1,-1,0,0,0,0,0,0,0,0,0,0,0,0,0,0,0,0,
2026-04-16,08:54:31.740,7.66,,,,,,,,,,,,,,,,10,,,,,,,,,,,,,,,,0,16,-1024,0,0,1013,0,0,1,-1,0,1,-1,1,-1,-1,-1,-1,0,0,0,0,0,0,0,0,0,0,0,0,0,0,0,0,
2026-04-16,08:54:32.000,7.66,,,,,,,,,,,,,,,,10,,,,,,,,,,,,,,,,0,16,-1024,0,0,1013,0,0,1,-1,0,1,-1,1,-1,-1,-1,-1,0,0,0,0,0,0,0,0,0,0,0,0,0,0,0,0,
2026-04-16,08:54:32.270,7.66,,,,,,,,,,,,,,,,10,,,,,,,,,,,,,,,,0,17,-1024,0,0,1013,0,0,1,-1,0,1,-1,1,-1,-1,-1,-1,0,0,0,0,0,0,0,0,0,0,0,0,0,0,0,0,
2026-04-16,08:54:32.530,7.66,,,,,,,,,,,,,,,,10,,,,,,,,,,,,,,,,0,17,-1024,0,0,1013,0,0,1,-1,0,1,-1,1,-1,-1,-1,-1,0,0,0,0,0,0,0,0,0,0,0,0,0,0,0,0,
2026-04-16,08:54:32.800,7.66,,,,,,,,,,,,,,,,10,,,,,,,,,,,,,,,,0,17,-1024,0,0,1013,0,0,1,-1,0,1,-1,1,-1,-1,-1,-1,0,0,0,0,0,0,0,0,0,0,0,0,0,0,0,0,
2026-04-16,08:54:33.060,7.66,,,,,,,,,,,,,,,,10,,,,,,,,,,,,,,,,0,17,-1024,0,0,1013,0,0,1,-1,0,1,-1,1,-1,-1,-1,-1,0,0,0,0,0,0,0,0,0,0,0,0,0,0,0,0,
2026-04-16,08:54:33.330,7.66,,,,,,,,,,,,,,,,10,,,,,,,,,,,,,,,,0,17,-1024,0,0,1013,0,0,1,-1,0,1,-1,1,-1,-1,-1,-1,0,0,0,0,0,0,0,0,0,0,0,0,0,0,0,0,
2026-04-16,08:54:33.590,7.66,,,,,,,,,,,,,,,,10,,,,,,,,,,,,,,,,0,17,-1024,0,0,1012,0,0,1,-1,0,1,-1,1,-1,-1,-1,-1,0,0,0,0,0,0,0,0,0,0,0,0,0,0,0,0,
2026-04-16,08:54:33.850,7.65,,,,,,,,,,,,,,,,10,,,,,,,,,,,,,,,,0,17,-1024,0,0,1013,0,0,1,-1,0,1,-1,1,-1,-1,-1,-1,0,0,0,0,0,0,0,0,0,0,0,0,0,0,0,0,
2026-04-16,08:54:34.120,7.66,,,,,,,,,,,,,,,,10,,,,,,,,,,,,,,,,0,17,-1024,0,0,1013,0,0,1,-1,0,1,-1,1,-1,-1,-1,-1,0,0,0,0,0,0,0,0,0,0,0,0,0,0,0,0,
2026-04-16,08:54:34.380,7.65,,,,,,,,,,,,,,,,10,,,,,,,,,,,,,,,,0,17,-1024,0,0,1013,0,0,1,-1,0,1,-1,1,-1,-1,-1,-1,0,0,0,0,0,0,0,0,0,0,0,0,0,0,0,0,
2026-04-16,08:54:34.640,7.65,,,,,,,,,,,,,,,,10,,,,,,,,,,,,,,,,0,17,-1024,0,0,1013,0,0,1,-1,0,1,-1,1,-1,-1,-1,-1,0,0,0,0,0,0,0,0,0,0,0,0,0,0,0,0,
2026-04-16,08:54:34.910,7.66,,,,,,,,,,,,,,,,10,,,,,,,,,,,,,,,,0,17,-1024,0,0,1013,0,0,1,-1,0,1,-1,1,-1,-1,-1,-1,0,0,0,0,0,0,0,0,0,0,0,0,0,0,0,0,
2026-04-16,08:54:35.180,7.65,,,,,,,,,,,,,,,,10,,,,,,,,,,,,,,,,0,17,-1024,0,0,1013,0,0,1,-1,0,1,-1,1,-1,-1,-1,-1,0,0,0,0,0,0,0,0,0,0,0,0,0,0,0,0,
2026-04-16,08:54:35.440,7.66,,,,,,,,,,,,,,,,10,,,,,,,,,,,,,,,,0,17,-1024,0,0,1013,0,0,1,-1,0,1,-1,1,-1,-1,-1,-1,0,0,0,0,0,0,0,0,0,0,0,0,0,0,0,0,
2026-04-16,08:54:35.700,7.66,,,,,,,,,,,,,,,,10,,,,,,,,,,,,,,,,0,17,-1024,0,0,1013,0,0,1,-1,0,1,-1,1,-1,-1,-1,-1,0,0,0,0,0,0,0,0,0,0,0,0,0,0,0,0,
2026-04-16,08:54:35.970,7.66,,,,,,,,,,,,,,,,10,,,,,,,,,,,,,,,,0,17,-1024,0,0,1013,0,0,1,-1,0,1,-1,1,-1,-1,-1,-1,0,0,0,0,0,0,0,0,0,0,0,0,0,0,0,0,
2026-04-16,08:54:36.230,7.66,,,,,,,,,,,,,,,,10,,,,,,,,,,,,,,,,0,17,-1024,0,0,1013,0,0,1,-1,0,1,-1,1,-1,-1,-1,-1,0,0,0,0,0,0,0,0,0,0,0,0,0,0,0,0,
2026-04-16,08:54:36.490,7.66,,,,,,,,,,,,,,,,10,,,,,,,,,,,,,,,,0,17,-1024,0,0,1013,0,0,1,-1,0,1,-1,1,-1,-1,-1,-1,0,0,0,0,0,0,0,0,0,0,0,0,0,0,0,0,
2026-04-16,08:54:36.760,7.66,,,,,,,,,,,,,,,,10,,,,,,,,,,,,,,,,0,17,-1024,0,0,1013,0,0,1,-1,0,1,-1,1,-1,-1,-1,-1,0,0,0,0,0,0,0,0,0,0,0,0,0,0,0,0,
2026-04-16,08:54:37.030,7.66,,,,,,,,,,,,,,,,10,,,,,,,,,,,,,,,,0,17,-1024,0,0,1013,0,0,1,-1,0,1,-1,1,-1,-1,-1,-1,0,0,0,0,0,0,0,0,0,0,0,0,0,0,0,0,
2026-04-16,08:54:37.290,7.66,,,,,,,,,,,,,,,,10,,,,,,,,,,,,,,,,0,17,-1024,0,0,1013,0,0,1,-1,0,1,-1,1,-1,-1,-1,-1,0,0,0,0,0,0,0,0,0,0,0,0,0,0,0,0,
2026-04-16,08:54:37.550,7.66,,,,,,,,,,,,,,,,10,,,,,,,,,,,,,,,,0,17,-1024,0,0,1013,0,0,1,-1,0,1,-1,1,-1,-1,-1,-1,0,0,0,0,0,0,0,0,0,0,0,0,0,0,0,0,
2026-04-16,08:54:37.820,7.66,,,,,,,,,,,,,,,,10,,,,,,,,,,,,,,,,0,17,-1024,0,0,1013,0,0,1,-1,0,1,-1,1,-1,-1,-1,-1,0,0,0,0,0,0,0,0,0,0,0,0,0,0,0,0,
2026-04-16,08:54:38.080,7.66,,,,,,,,,,,,,,,,10,,,,,,,,,,,,,,,,0,17,-1024,0,0,1013,0,0,1,-1,0,1,-1,1,-1,-1,-1,-1,0,0,0,0,0,0,0,0,0,0,0,0,0,0,0,0,
2026-04-16,08:54:38.350,7.66,,,,,,,,,,,,,,,,10,,,,,,,,,,,,,,,,0,17,-1024,0,0,1013,0,0,1,-1,0,1,-1,1,-1,-1,-1,-1,0,0,0,0,0,0,0,0,0,0,0,0,0,0,0,0,
2026-04-16,08:54:38.610,7.66,,,,,,,,,,,,,,,,10,,,,,,,,,,,,,,,,0,17,-1024,0,0,1013,0,0,1,-1,0,1,-1,1,-1,-1,-1,-1,0,0,0,0,0,0,0,0,0,0,0,0,0,0,0,0,
2026-04-16,08:54:38.870,7.66,,,,,,,,,,,,,,,,10,,,,,,,,,,,,,,,,0,17,-1024,0,0,1013,0,0,1,-1,0,1,-1,1,-1,-1,-1,-1,0,0,0,0,0,0,0,0,0,0,0,0,0,0,0,0,
2026-04-16,08:54:39.140,7.66,,,,,,,,,,,,,,,,10,,,,,,,,,,,,,,,,0,17,-1024,0,0,1013,0,0,1,-1,0,1,-1,1,-1,-1,-1,-1,0,0,0,0,0,0,0,0,0,0,0,0,0,0,0,0,
2026-04-16,08:54:39.400,7.66,,,,,,,,,,,,,,,,10,,,,,,,,,,,,,,,,0,17,-1024,0,0,1013,0,0,1,-1,0,1,-1,1,-1,-1,-1,-1,0,0,0,0,0,0,0,0,0,0,0,0,0,0,0,0,
2026-04-16,08:54:39.660,7.66,,,,,,,,,,,,,,,,10,,,,,,,,,,,,,,,,0,17,-1024,0,0,1013,0,0,1,-1,0,1,-1,1,-1,-1,-1,-1,0,0,0,0,0,0,0,0,0,0,0,0,0,0,0,0,
2026-04-16,08:54:39.930,7.66,,,,,,,,,,,,,,,,10,,,,,,,,,,,,,,,,0,17,-1024,0,0,1012,0,0,1,-1,0,1,-1,1,-1,-1,-1,-1,0,0,0,0,0,0,0,0,0,0,0,0,0,0,0,0,
2026-04-16,08:54:40.200,7.66,,,,,,,,,,,,,,,,10,,,,,,,,,,,,,,,,0,17,-1024,0,0,1013,0,0,1,-1,0,1,-1,1,-1,-1,-1,-1,0,0,0,0,0,0,0,0,0,0,0,0,0,0,0,0,
2026-04-16,08:54:40.460,7.66,,,,,,,,,,,,,,,,10,,,,,,,,,,,,,,,,0,17,-1024,0,0,1013,0,0,1,-1,0,1,-1,1,-1,-1,-1,-1,0,0,0,0,0,0,0,0,0,0,0,0,0,0,0,0,
2026-04-16,08:54:40.720,7.66,,,,,,,,,,,,,,,,10,,,,,,,,,,,,,,,,0,17,-1024,0,0,1013,0,0,1,-1,0,1,-1,1,-1,-1,-1,-1,0,0,0,0,0,0,0,0,0,0,0,0,0,0,0,0,
2026-04-16,08:54:40.990,7.66,,,,,,,,,,,,,,,,10,,,,,,,,,,,,,,,,0,17,-1024,0,0,1013,0,0,1,-1,0,1,-1,1,-1,-1,-1,-1,0,0,0,0,0,0,0,0,0,0,0,0,0,0,0,0,
2026-04-16,08:54:41.250,7.66,,,,,,,,,,,,,,,,10,,,,,,,,,,,,,,,,0,17,-1024,0,0,1013,0,0,1,-1,0,1,-1,1,-1,-1,-1,-1,0,0,0,0,0,0,0,0,0,0,0,0,0,0,0,0,
2026-04-16,08:54:41.510,7.66,,,,,,,,,,,,,,,,10,,,,,,,,,,,,,,,,0,17,-1024,0,0,1013,0,0,1,-1,0,1,-1,1,-1,-1,-1,-1,0,0,0,0,0,0,0,0,0,0,0,0,0,0,0,0,
2026-04-16,08:54:41.780,7.66,,,,,,,,,,,,,,,,10,,,,,,,,,,,,,,,,0,17,-1024,0,0,1013,0,0,1,-1,0,1,-1,1,-1,-1,-1,-1,0,0,0,0,0,0,0,0,0,0,0,0,0,0,0,0,
2026-04-16,08:54:42.050,7.66,,,,,,,,,,,,,,,,10,,,,,,,,,,,,,,,,0,17,-1024,0,0,1013,0,0,1,-1,0,1,-1,1,-1,-1,-1,-1,0,0,0,0,0,0,0,0,0,0,0,0,0,0,0,0,
2026-04-16,08:54:42.310,7.66,,,,,,,,,,,,,,,,10,,,,,,,,,,,,,,,,0,17,-1024,0,0,1013,0,0,1,-1,0,1,-1,1,-1,-1,-1,-1,0,0,0,0,0,0,0,0,0,0,0,0,0,0,0,0,
2026-04-16,08:54:42.570,7.66,,,,,,,,,,,,,,,,10,,,,,,,,,,,,,,,,0,17,-1024,0,0,1013,0,0,1,-1,0,1,-1,1,-1,-1,-1,-1,0,0,0,0,0,0,0,0,0,0,0,0,0,0,0,0,
2026-04-16,08:54:42.830,7.66,,,,,,,,,,,,,,,,10,,,,,,,,,,,,,,,,0,17,-1024,0,0,1013,0,0,1,-1,0,1,-1,1,-1,-1,-1,-1,0,0,0,0,0,0,0,0,0,0,0,0,0,0,0,0,
2026-04-16,08:54:43.100,7.66,,,,,,,,,,,,,,,,10,,,,,,,,,,,,,,,,0,17,-1024,0,0,1013,0,0,1,-1,0,1,-1,1,-1,-1,-1,-1,0,0,0,0,0,0,0,0,0,0,0,0,0,0,0,0,
2026-04-16,08:54:43.370,7.66,,,,,,,,,,,,,,,,10,,,,,,,,,,,,,,,,0,17,-1024,0,0,1013,0,0,1,-1,0,1,-1,1,-1,-1,-1,-1,0,0,0,0,0,0,0,0,0,0,0,0,0,0,0,0,
2026-04-16,08:54:43.630,7.66,,,,,,,,,,,,,,,,10,,,,,,,,,,,,,,,,0,17,-1024,0,0,1013,0,0,1,-1,0,1,-1,1,-1,-1,-1,-1,0,0,0,0,0,0,0,0,0,0,0,0,0,0,0,0,
2026-04-16,08:54:43.890,7.66,,,,,,,,,,,,,,,,10,,,,,,,,,,,,,,,,0,17,-1024,0,0,1013,0,0,1,-1,0,1,-1,1,-1,-1,-1,-1,0,0,0,0,0,0,0,0,0,0,0,0,0,0,0,0,
2026-04-16,08:54:44.160,7.66,,,,,,,,,,,,,,,,10,,,,,,,,,,,,,,,,0,17,-1024,0,0,1013,0,0,1,-1,0,1,-1,1,-1,-1,-1,-1,0,0,0,0,0,0,0,0,0,0,0,0,0,0,0,0,
2026-04-16,08:54:44.420,7.66,,,,,,,,,,,,,,,,10,,,,,,,,,,,,,,,,0,17,-1024,0,0,1013,0,0,1,-1,0,1,-1,1,-1,-1,-1,-1,0,0,0,0,0,0,0,0,0,0,0,0,0,0,0,0,
2026-04-16,08:54:44.680,7.66,,,,,,,,,,,,,,,,10,,,,,,,,,,,,,,,,0,17,-1024,0,0,1013,0,0,1,-1,0,1,-1,1,-1,-1,-1,-1,0,0,0,0,0,0,0,0,0,0,0,0,0,0,0,0,
2026-04-16,08:54:44.950,7.66,,,,,,,,,,,,,,,,10,,,,,,,,,,,,,,,,0,17,-1024,0,0,1013,0,0,1,-1,0,1,-1,1,-1,-1,-1,-1,0,0,0,0,0,0,0,0,0,0,0,0,0,0,0,0,
2026-04-16,08:54:45.220,7.66,,,,,,,,,,,,,,,,10,,,,,,,,,,,,,,,,0,17,-1024,0,0,1013,0,0,1,-1,0,1,-1,1,-1,-1,-1,-1,0,0,0,0,0,0,0,0,0,0,0,0,0,0,0,0,
2026-04-16,08:54:45.480,7.66,,,,,,,,,,,,,,,,10,,,,,,,,,,,,,,,,0,17,-1024,0,0,1012,0,0,1,-1,0,1,-1,1,-1,-1,-1,-1,0,0,0,0,0,0,0,0,0,0,0,0,0,0,0,0,
2026-04-16,08:54:45.740,7.66,,,,,,,,,,,,,,,,10,,,,,,,,,,,,,,,,0,17,-1024,0,0,1012,0,0,1,-1,0,1,-1,1,-1,-1,-1,-1,0,0,0,0,0,0,0,0,0,0,0,0,0,0,0,0,
2026-04-16,08:54:46.010,7.66,,,,,,,,,,,,,,,,10,,,,,,,,,,,,,,,,0,17,-1024,0,0,1013,0,0,1,-1,0,1,-1,1,-1,-1,-1,-1,0,0,0,0,0,0,0,0,0,0,0,0,0,0,0,0,
2026-04-16,08:54:46.280,7.66,,,,,,,,,,,,,,,,10,,,,,,,,,,,,,,,,0,17,-1024,0,0,1013,0,0,1,-1,0,1,-1,1,-1,-1,-1,-1,0,0,0,0,0,0,0,0,0,0,0,0,0,0,0,0,
2026-04-16,08:54:46.560,7.66,,,,,,,,,,,,,,,,10,,,,,,,,,,,,,,,,0,17,-1024,0,0,1013,0,0,1,-1,0,1,-1,1,-1,-1,-1,-1,0,0,0,0,0,0,0,0,0,0,0,0,0,0,0,0,
2026-04-16,08:54:46.820,7.66,,,,,,,,,,,,,,,,10,,,,,,,,,,,,,,,,0,17,-1024,0,0,1012,0,0,1,-1,0,1,-1,1,-1,-1,-1,-1,0,0,0,0,0,0,0,0,0,0,0,0,0,0,0,0,
2026-04-16,08:54:47.090,7.66,,,,,,,,,,,,,,,,10,,,,,,,,,,,,,,,,0,17,-1024,0,0,1012,0,0,1,-1,0,1,-1,1,-1,-1,-1,-1,0,0,0,0,0,0,0,0,0,0,0,0,0,0,0,0,
2026-04-16,08:54:47.360,7.66,,,,,,,,,,,,,,,,10,,,,,,,,,,,,,,,,0,18,-1024,0,0,1013,0,0,1,-1,0,1,-1,1,-1,-1,-1,-1,0,0,0,0,0,0,0,0,0,0,0,0,0,0,0,0,
2026-04-16,08:54:47.620,7.66,,,,,,,,,,,,,,,,10,,,,,,,,,,,,,,,,0,17,-1024,0,0,1013,0,0,1,-1,0,1,-1,1,-1,-1,-1,-1,0,0,0,0,0,0,0,0,0,0,0,0,0,0,0,0,
2026-04-16,08:54:47.880,7.66,,,,,,,,,,,,,,,,10,,,,,,,,,,,,,,,,0,17,-1024,0,0,1013,0,0,1,-1,0,1,-1,1,-1,-1,-1,-1,0,0,0,0,0,0,0,0,0,0,0,0,0,0,0,0,
2026-04-16,08:54:48.150,7.66,,,,,,,,,,,,,,,,10,,,,,,,,,,,,,,,,0,17,-1024,0,0,1013,0,0,1,-1,0,1,-1,1,-1,-1,-1,-1,0,0,0,0,0,0,0,0,0,0,0,0,0,0,0,0,
2026-04-16,08:54:48.410,7.66,,,,,,,,,,,,,,,,10,,,,,,,,,,,,,,,,0,17,-1024,0,0,1013,0,0,1,-1,0,1,-1,1,-1,-1,-1,-1,0,0,0,0,0,0,0,0,0,0,0,0,0,0,0,0,
2026-04-16,08:54:48.670,7.66,,,,,,,,,,,,,,,,10,,,,,,,,,,,,,,,,0,17,-1024,0,0,1013,0,0,1,-1,0,1,-1,1,-1,-1,-1,-1,0,0,0,0,0,0,0,0,0,0,0,0,0,0,0,0,
2026-04-16,08:54:48.930,7.66,,,,,,,,,,,,,,,,10,,,,,,,,,,,,,,,,0,17,-1024,0,0,1012,0,0,1,-1,0,1,-1,1,-1,-1,-1,-1,0,0,0,0,0,0,0,0,0,0,0,0,0,0,0,0,
2026-04-16,08:54:49.210,7.66,,,,,,,,,,,,,,,,10,,,,,,,,,,,,,,,,0,17,-1024,0,0,1013,0,0,1,-1,0,1,-1,1,-1,-1,-1,-1,0,0,0,0,0,0,0,0,0,0,0,0,0,0,0,0,
2026-04-16,08:54:49.470,7.66,,,,,,,,,,,,,,,,10,,,,,,,,,,,,,,,,0,17,-1024,0,0,1013,0,0,1,-1,0,1,-1,1,-1,-1,-1,-1,0,0,0,0,0,0,0,0,0,0,0,0,0,0,0,0,
2026-04-16,08:54:49.730,7.66,,,,,,,,,,,,,,,,10,,,,,,,,,,,,,,,,0,17,-1024,0,0,1013,0,0,1,-1,0,1,-1,1,-1,-1,-1,-1,0,0,0,0,0,0,0,0,0,0,0,0,0,0,0,0,
2026-04-16,08:54:49.990,7.66,,,,,,,,,,,,,,,,10,,,,,,,,,,,,,,,,0,17,-1024,0,0,1012,0,0,1,-1,0,1,-1,1,-1,-1,-1,-1,0,0,0,0,0,0,0,0,0,0,0,0,0,0,0,0,
2026-04-16,08:54:50.260,7.66,,,,,,,,,,,,,,,,10,,,,,,,,,,,,,,,,0,17,-1024,0,0,1013,0,0,1,-1,0,1,-1,1,-1,-1,-1,-1,0,0,0,0,0,0,0,0,0,0,0,0,0,0,0,0,
2026-04-16,08:54:50.520,7.66,,,,,,,,,,,,,,,,10,,,,,,,,,,,,,,,,0,17,-1024,0,0,1013,0,0,1,-1,0,1,-1,1,-1,-1,-1,-1,0,0,0,0,0,0,0,0,0,0,0,0,0,0,0,0,
2026-04-16,08:54:50.780,7.66,,,,,,,,,,,,,,,,10,,,,,,,,,,,,,,,,0,17,-1024,0,0,1012,0,0,1,-1,0,1,-1,1,-1,-1,-1,-1,0,0,0,0,0,0,0,0,0,0,0,0,0,0,0,0,
2026-04-16,08:54:51.050,7.66,,,,,,,,,,,,,,,,10,,,,,,,,,,,,,,,,0,17,-1024,0,0,1013,0,0,1,-1,0,1,-1,1,-1,-1,-1,-1,0,0,0,0,0,0,0,0,0,0,0,0,0,0,0,0,
2026-04-16,08:54:51.320,7.66,,,,,,,,,,,,,,,,10,,,,,,,,,,,,,,,,0,17,-1024,0,0,1013,0,0,1,-1,0,1,-1,1,-1,-1,-1,-1,0,0,0,0,0,0,0,0,0,0,0,0,0,0,0,0,
2026-04-16,08:54:51.580,7.66,,,,,,,,,,,,,,,,10,,,,,,,,,,,,,,,,0,17,-1024,0,0,1013,0,0,1,-1,0,1,-1,1,-1,-1,-1,-1,0,0,0,0,0,0,0,0,0,0,0,0,0,0,0,0,
2026-04-16,08:54:51.850,7.66,,,,,,,,,,,,,,,,10,,,,,,,,,,,,,,,,0,17,-1024,0,0,1013,0,0,1,-1,0,1,-1,1,-1,-1,-1,-1,0,0,0,0,0,0,0,0,0,0,0,0,0,0,0,0,
2026-04-16,08:54:52.120,7.66,,,,,,,,,,,,,,,,10,,,,,,,,,,,,,,,,0,16,-1024,0,0,1013,0,0,1,-1,0,1,-1,1,-1,-1,-1,-1,0,0,0,0,0,0,0,0,0,0,0,0,0,0,0,0,
2026-04-16,08:54:52.380,7.66,,,,,,,,,,,,,,,,10,,,,,,,,,,,,,,,,0,17,-1024,0,0,1013,0,0,1,-1,0,1,-1,1,-1,-1,-1,-1,0,0,0,0,0,0,0,0,0,0,0,0,0,0,0,0,
2026-04-16,08:54:52.640,7.66,,,,,,,,,,,,,,,,10,,,,,,,,,,,,,,,,0,17,-1024,0,0,1013,0,0,1,-1,0,1,-1,1,-1,-1,-1,-1,0,0,0,0,0,0,0,0,0,0,0,0,0,0,0,0,
2026-04-16,08:54:52.900,7.66,,,,,,,,,,,,,,,,10,,,,,,,,,,,,,,,,0,17,-1024,0,0,1013,0,0,1,-1,0,1,-1,1,-1,-1,-1,-1,0,0,0,0,0,0,0,0,0,0,0,0,0,0,0,0,
2026-04-16,08:54:53.180,7.66,,,,,,,,,,,,,,,,10,,,,,,,,,,,,,,,,0,17,-1024,0,0,1013,0,0,1,-1,0,1,-1,1,-1,-1,-1,-1,0,0,0,0,0,0,0,0,0,0,0,0,0,0,0,0,
2026-04-16,08:54:53.440,7.66,,,,,,,,,,,,,,,,10,,,,,,,,,,,,,,,,0,17,-1024,0,0,1013,0,0,1,-1,0,1,-1,1,-1,-1,-1,-1,0,0,0,0,0,0,0,0,0,0,0,0,0,0,0,0,
2026-04-16,08:54:53.700,7.66,,,,,,,,,,,,,,,,10,,,,,,,,,,,,,,,,0,17,-1024,0,0,1013,0,0,1,-1,0,1,-1,1,-1,-1,-1,-1,0,0,0,0,0,0,0,0,0,0,0,0,0,0,0,0,
2026-04-16,08:54:53.960,7.66,,,,,,,,,,,,,,,,10,,,,,,,,,,,,,,,,0,17,-1024,0,0,1013,0,0,1,-1,0,1,-1,1,-1,-1,-1,-1,0,0,0,0,0,0,0,0,0,0,0,0,0,0,0,0,
2026-04-16,08:54:54.230,7.66,,,,,,,,,,,,,,,,10,,,,,,,,,,,,,,,,0,17,-1024,0,0,1013,0,0,1,-1,0,1,-1,1,-1,-1,-1,-1,0,0,0,0,0,0,0,0,0,0,0,0,0,0,0,0,
2026-04-16,08:54:54.500,7.66,,,,,,,,,,,,,,,,10,,,,,,,,,,,,,,,,0,16,-1024,0,0,1013,0,0,1,-1,0,1,-1,1,-1,-1,-1,-1,0,0,0,0,0,0,0,0,0,0,0,0,0,0,0,0,
2026-04-16,08:54:54.780,7.66,,,,,,,,,,,,,,,,10,,,,,,,,,,,,,,,,0,16,-1024,0,0,1013,0,0,1,-1,0,1,-1,1,-1,-1,-1,-1,0,0,0,0,0,0,0,0,0,0,0,0,0,0,0,0,
2026-04-16,08:54:55.050,7.66,,,,,,,,,,,,,,,,10,,,,,,,,,,,,,,,,0,17,-1024,0,0,1013,0,0,1,-1,0,1,-1,1,-1,-1,-1,-1,0,0,0,0,0,0,0,0,0,0,0,0,0,0,0,0,
2026-04-16,08:54:55.310,7.66,,,,,,,,,,,,,,,,10,,,,,,,,,,,,,,,,0,16,-1024,0,0,1013,0,0,1,-1,0,1,-1,1,-1,-1,-1,-1,0,0,0,0,0,0,0,0,0,0,0,0,0,0,0,0,
2026-04-16,08:54:55.580,7.66,,,,,,,,,,,,,,,,10,,,,,,,,,,,,,,,,0,17,-1024,0,0,1013,0,0,1,-1,0,1,-1,1,-1,-1,-1,-1,0,0,0,0,0,0,0,0,0,0,0,0,0,0,0,0,
2026-04-16,08:54:55.840,7.66,,,,,,,,,,,,,,,,10,,,,,,,,,,,,,,,,0,17,-1024,0,0,1013,0,0,1,-1,0,1,-1,1,-1,-1,-1,-1,0,0,0,0,0,0,0,0,0,0,0,0,0,0,0,0,
2026-04-16,08:54:56.100,7.66,,,,,,,,,,,,,,,,10,,,,,,,,,,,,,,,,0,17,-1024,0,0,1013,0,0,1,-1,0,1,-1,1,-1,-1,-1,-1,0,0,0,0,0,0,0,0,0,0,0,0,0,0,0,0,
2026-04-16,08:54:56.370,7.66,,,,,,,,,,,,,,,,10,,,,,,,,,,,,,,,,0,17,-1024,0,0,1013,0,0,1,-1,0,1,-1,1,-1,-1,-1,-1,0,0,0,0,0,0,0,0,0,0,0,0,0,0,0,0,
2026-04-16,08:54:56.630,7.66,,,,,,,,,,,,,,,,10,,,,,,,,,,,,,,,,0,16,-1024,0,0,1013,0,0,1,-1,0,1,-1,1,-1,-1,-1,-1,0,0,0,0,0,0,0,0,0,0,0,0,0,0,0,0,
2026-04-16,08:54:56.890,7.66,,,,,,,,,,,,,,,,10,,,,,,,,,,,,,,,,0,17,-1024,0,0,1013,0,0,1,-1,0,1,-1,1,-1,-1,-1,-1,0,0,0,0,0,0,0,0,0,0,0,0,0,0,0,0,
2026-04-16,08:54:57.160,7.66,,,,,,,,,,,,,,,,10,,,,,,,,,,,,,,,,0,17,-1024,0,0,1013,0,0,1,-1,0,1,-1,1,-1,-1,-1,-1,0,0,0,0,0,0,0,0,0,0,0,0,0,0,0,0,
2026-04-16,08:54:57.430,7.66,,,,,,,,,,,,,,,,10,,,,,,,,,,,,,,,,0,17,-1024,0,0,1013,0,0,1,-1,0,1,-1,1,-1,-1,-1,-1,0,0,0,0,0,0,0,0,0,0,0,0,0,0,0,0,
2026-04-16,08:54:57.690,7.66,,,,,,,,,,,,,,,,10,,,,,,,,,,,,,,,,0,17,-1024,0,0,1013,0,0,1,-1,0,1,-1,1,-1,-1,-1,-1,0,0,0,0,0,0,0,0,0,0,0,0,0,0,0,0,
2026-04-16,08:54:57.950,7.66,,,,,,,,,,,,,,,,10,,,,,,,,,,,,,,,,0,17,-1024,0,0,1013,0,0,1,-1,0,1,-1,1,-1,-1,-1,-1,0,0,0,0,0,0,0,0,0,0,0,0,0,0,0,0,
2026-04-16,08:54:58.220,7.66,,,,,,,,,,,,,,,,10,,,,,,,,,,,,,,,,0,17,-1024,0,0,1013,0,0,1,-1,0,1,-1,1,-1,-1,-1,-1,0,0,0,0,0,0,0,0,0,0,0,0,0,0,0,0,
2026-04-16,08:54:58.490,7.66,,,,,,,,,,,,,,,,10,,,,,,,,,,,,,,,,0,17,-1024,0,0,1013,0,0,1,-1,0,1,-1,1,-1,-1,-1,-1,0,0,0,0,0,0,0,0,0,0,0,0,0,0,0,0,
2026-04-16,08:54:58.750,7.66,,,,,,,,,,,,,,,,10,,,,,,,,,,,,,,,,0,17,-1024,0,0,1013,0,0,1,-1,0,1,-1,1,-1,-1,-1,-1,0,0,0,0,0,0,0,0,0,0,0,0,0,0,0,0,
2026-04-16,08:54:59.020,7.66,,,,,,,,,,,,,,,,10,,,,,,,,,,,,,,,,0,17,-1024,0,0,1013,0,0,1,-1,0,1,-1,1,-1,-1,-1,-1,0,0,0,0,0,0,0,0,0,0,0,0,0,0,0,0,
2026-04-16,08:54:59.280,7.67,,,,,,,,,,,,,,,,10,,,,,,,,,,,,,,,,0,17,-1024,0,0,1013,0,0,1,-1,0,1,-1,1,-1,-1,-1,-1,0,0,0,0,0,0,0,0,0,0,0,0,0,0,0,0,
2026-04-16,08:54:59.550,7.66,,,,,,,,,,,,,,,,10,,,,,,,,,,,,,,,,0,17,-1024,0,0,1013,0,0,1,-1,0,1,-1,1,-1,-1,-1,-1,0,0,0,0,0,0,0,0,0,0,0,0,0,0,0,0,
2026-04-16,08:54:59.810,7.66,,,,,,,,,,,,,,,,10,,,,,,,,,,,,,,,,0,17,-1024,0,0,1013,0,0,1,-1,0,1,-1,1,-1,-1,-1,-1,0,0,0,0,0,0,0,0,0,0,0,0,0,0,0,0,
2026-04-16,08:55:00.070,7.66,,,,,,,,,,,,,,,,10,,,,,,,,,,,,,,,,0,17,-1024,0,0,1013,0,0,1,-1,0,1,-1,1,-1,-1,-1,-1,0,0,0,0,0,0,0,0,0,0,0,0,0,0,0,0,
2026-04-16,08:55:00.340,7.66,,,,,,,,,,,,,,,,10,,,,,,,,,,,,,,,,0,17,-1024,0,0,1013,0,0,1,-1,0,1,-1,1,-1,-1,-1,-1,0,0,0,0,0,0,0,0,0,0,0,0,0,0,0,0,
2026-04-16,08:55:00.610,7.66,,,,,,,,,,,,,,,,10,,,,,,,,,,,,,,,,0,17,-1024,0,0,1013,0,0,1,-1,0,1,-1,1,-1,-1,-1,-1,0,0,0,0,0,0,0,0,0,0,0,0,0,0,0,0,
2026-04-16,08:55:00.870,7.66,,,,,,,,,,,,,,,,10,,,,,,,,,,,,,,,,0,17,-1024,0,0,1013,0,0,1,-1,0,1,-1,1,-1,-1,-1,-1,0,0,0,0,0,0,0,0,0,0,0,0,0,0,0,0,
2026-04-16,08:55:01.130,7.66,,,,,,,,,,,,,,,,10,,,,,,,,,,,,,,,,0,17,-1024,0,0,1013,0,0,1,-1,0,1,-1,1,-1,-1,-1,-1,0,0,0,0,0,0,0,0,0,0,0,0,0,0,0,0,
2026-04-16,08:55:01.400,7.66,,,,,,,,,,,,,,,,10,,,,,,,,,,,,,,,,0,17,-1024,0,0,1013,0,0,1,-1,0,1,-1,1,-1,-1,-1,-1,0,0,0,0,0,0,0,0,0,0,0,0,0,0,0,0,
2026-04-16,08:55:01.660,7.66,,,,,,,,,,,,,,,,10,,,,,,,,,,,,,,,,0,17,-1024,0,0,1013,0,0,1,-1,0,1,-1,1,-1,-1,-1,-1,0,0,0,0,0,0,0,0,0,0,0,0,0,0,0,0,
2026-04-16,08:55:01.920,7.66,,,,,,,,,,,,,,,,10,,,,,,,,,,,,,,,,0,17,-1024,0,0,1013,0,0,1,-1,0,1,-1,1,-1,-1,-1,-1,0,0,0,0,0,0,0,0,0,0,0,0,0,0,0,0,
2026-04-16,08:55:02.190,7.66,,,,,,,,,,,,,,,,10,,,,,,,,,,,,,,,,0,17,-1024,0,0,1013,0,0,1,-1,0,1,-1,1,-1,-1,-1,-1,0,0,0,0,0,0,0,0,0,0,0,0,0,0,0,0,
2026-04-16,08:55:02.460,7.66,,,,,,,,,,,,,,,,10,,,,,,,,,,,,,,,,0,17,-1024,0,0,1012,0,0,1,-1,0,1,-1,1,-1,-1,-1,-1,0,0,0,0,0,0,0,0,0,0,0,0,0,0,0,0,
2026-04-16,08:55:02.720,7.66,,,,,,,,,,,,,,,,10,,,,,,,,,,,,,,,,0,17,-1024,0,0,1013,0,0,1,-1,0,1,-1,1,-1,-1,-1,-1,0,0,0,0,0,0,0,0,0,0,0,0,0,0,0,0,
2026-04-16,08:55:02.980,7.66,,,,,,,,,,,,,,,,10,,,,,,,,,,,,,,,,0,17,-1024,0,0,1012,0,0,1,-1,0,1,-1,1,-1,-1,-1,-1,0,0,0,0,0,0,0,0,0,0,0,0,0,0,0,0,
2026-04-16,08:55:03.240,7.66,,,,,,,,,,,,,,,,10,,,,,,,,,,,,,,,,0,18,-1024,0,0,1013,0,0,1,-1,0,1,-1,1,-1,-1,-1,-1,0,0,0,0,0,0,0,0,0,0,0,0,0,0,0,0,
2026-04-16,08:55:03.510,7.66,,,,,,,,,,,,,,,,10,,,,,,,,,,,,,,,,0,17,-1024,0,0,1013,0,0,1,-1,0,1,-1,1,-1,-1,-1,-1,0,0,0,0,0,0,0,0,0,0,0,0,0,0,0,0,
2026-04-16,08:55:03.770,7.66,,,,,,,,,,,,,,,,10,,,,,,,,,,,,,,,,0,17,-1024,0,0,1013,0,0,1,-1,0,1,-1,1,-1,-1,-1,-1,0,0,0,0,0,0,0,0,0,0,0,0,0,0,0,0,
2026-04-16,08:55:04.040,7.66,,,,,,,,,,,,,,,,10,,,,,,,,,,,,,,,,0,17,-1024,0,0,1013,0,0,1,-1,0,1,-1,1,-1,-1,-1,-1,0,0,0,0,0,0,0,0,0,0,0,0,0,0,0,0,
2026-04-16,08:55:04.300,7.66,,,,,,,,,,,,,,,,10,,,,,,,,,,,,,,,,0,17,-1024,0,0,1013,0,0,1,-1,0,1,-1,1,-1,-1,-1,-1,0,0,0,0,0,0,0,0,0,0,0,0,0,0,0,0,
2026-04-16,08:55:04.570,7.66,,,,,,,,,,,,,,,,10,,,,,,,,,,,,,,,,0,17,-1024,0,0,1013,0,0,1,-1,0,1,-1,1,-1,-1,-1,-1,0,0,0,0,0,0,0,0,0,0,0,0,0,0,0,0,
2026-04-16,08:55:04.830,7.66,,,,,,,,,,,,,,,,10,,,,,,,,,,,,,,,,0,17,-1024,0,0,1013,0,0,1,-1,0,1,-1,1,-1,-1,-1,-1,0,0,0,0,0,0,0,0,0,0,0,0,0,0,0,0,
2026-04-16,08:55:05.090,7.66,,,,,,,,,,,,,,,,10,,,,,,,,,,,,,,,,0,17,-1024,0,0,1013,0,0,1,-1,0,1,-1,1,-1,-1,-1,-1,0,0,0,0,0,0,0,0,0,0,0,0,0,0,0,0,
2026-04-16,08:55:05.350,7.66,,,,,,,,,,,,,,,,10,,,,,,,,,,,,,,,,0,17,-1024,0,0,1013,0,0,1,-1,0,1,-1,1,-1,-1,-1,-1,0,0,0,0,0,0,0,0,0,0,0,0,0,0,0,0,
2026-04-16,08:55:05.620,7.66,,,,,,,,,,,,,,,,10,,,,,,,,,,,,,,,,0,17,-1024,0,0,1013,0,0,1,-1,0,1,-1,1,-1,-1,-1,-1,0,0,0,0,0,0,0,0,0,0,0,0,0,0,0,0,
2026-04-16,08:55:05.880,7.66,,,,,,,,,,,,,,,,10,,,,,,,,,,,,,,,,0,17,-1024,0,0,1013,0,0,1,-1,0,1,-1,1,-1,-1,-1,-1,0,0,0,0,0,0,0,0,0,0,0,0,0,0,0,0,
2026-04-16,08:55:06.150,7.66,,,,,,,,,,,,,,,,10,,,,,,,,,,,,,,,,0,17,-1024,0,0,1013,0,0,1,-1,0,1,-1,1,-1,-1,-1,-1,0,0,0,0,0,0,0,0,0,0,0,0,0,0,0,0,
2026-04-16,08:55:06.410,7.66,,,,,,,,,,,,,,,,10,,,,,,,,,,,,,,,,0,17,-1024,0,0,1013,0,0,1,-1,0,1,-1,1,-1,-1,-1,-1,0,0,0,0,0,0,0,0,0,0,0,0,0,0,0,0,
2026-04-16,08:55:06.680,7.66,,,,,,,,,,,,,,,,10,,,,,,,,,,,,,,,,0,17,-1024,0,0,1013,0,0,1,-1,0,1,-1,1,-1,-1,-1,-1,0,0,0,0,0,0,0,0,0,0,0,0,0,0,0,0,
2026-04-16,08:55:06.940,7.66,,,,,,,,,,,,,,,,10,,,,,,,,,,,,,,,,0,17,-1024,0,0,1012,0,0,1,-1,0,1,-1,1,-1,-1,-1,-1,0,0,0,0,0,0,0,0,0,0,0,0,0,0,0,0,
2026-04-16,08:55:07.200,7.66,,,,,,,,,,,,,,,,10,,,,,,,,,,,,,,,,0,18,-1024,0,0,1013,0,0,1,-1,0,1,-1,1,-1,-1,-1,-1,0,0,0,0,0,0,0,0,0,0,0,0,0,0,0,0,
2026-04-16,08:55:07.460,7.66,,,,,,,,,,,,,,,,10,,,,,,,,,,,,,,,,0,17,-1024,0,0,1013,0,0,1,-1,0,1,-1,1,-1,-1,-1,-1,0,0,0,0,0,0,0,0,0,0,0,0,0,0,0,0,
2026-04-16,08:55:07.730,7.66,,,,,,,,,,,,,,,,10,,,,,,,,,,,,,,,,0,17,-1024,0,0,1013,0,0,1,-1,0,1,-1,1,-1,-1,-1,-1,0,0,0,0,0,0,0,0,0,0,0,0,0,0,0,0,
2026-04-16,08:55:07.990,7.66,,,,,,,,,,,,,,,,10,,,,,,,,,,,,,,,,0,18,-1024,0,0,1013,0,0,1,-1,0,1,-1,1,-1,-1,-1,-1,0,0,0,0,0,0,0,0,0,0,0,0,0,0,0,0,
2026-04-16,08:55:08.260,7.66,,,,,,,,,,,,,,,,10,,,,,,,,,,,,,,,,0,17,-1024,0,0,1013,0,0,1,-1,0,1,-1,1,-1,-1,-1,-1,0,0,0,0,0,0,0,0,0,0,0,0,0,0,0,0,
2026-04-16,08:55:08.520,7.66,,,,,,,,,,,,,,,,10,,,,,,,,,,,,,,,,0,17,-1024,0,0,1012,0,0,1,-1,0,1,-1,1,-1,-1,-1,-1,0,0,0,0,0,0,0,0,0,0,0,0,0,0,0,0,
2026-04-16,08:55:08.790,7.66,,,,,,,,,,,,,,,,10,,,,,,,,,,,,,,,,0,17,-1024,0,0,1013,0,0,1,-1,0,1,-1,1,-1,-1,-1,-1,0,0,0,0,0,0,0,0,0,0,0,0,0,0,0,0,
2026-04-16,08:55:09.050,7.66,,,,,,,,,,,,,,,,10,,,,,,,,,,,,,,,,0,17,-1024,0,0,1013,0,0,1,-1,0,1,-1,1,-1,-1,-1,-1,0,0,0,0,0,0,0,0,0,0,0,0,0,0,0,0,
2026-04-16,08:55:09.310,7.66,,,,,,,,,,,,,,,,10,,,,,,,,,,,,,,,,0,18,-1024,0,0,1013,0,0,1,-1,0,1,-1,1,-1,-1,-1,-1,0,0,0,0,0,0,0,0,0,0,0,0,0,0,0,0,
2026-04-16,08:55:09.580,7.66,,,,,,,,,,,,,,,,10,,,,,,,,,,,,,,,,0,17,-1024,0,0,1013,0,0,1,-1,0,1,-1,1,-1,-1,-1,-1,0,0,0,0,0,0,0,0,0,0,0,0,0,0,0,0,
2026-04-16,08:55:09.840,7.66,,,,,,,,,,,,,,,,10,,,,,,,,,,,,,,,,0,17,-1024,0,0,1013,0,0,1,-1,0,1,-1,1,-1,-1,-1,-1,0,0,0,0,0,0,0,0,0,0,0,0,0,0,0,0,
2026-04-16,08:55:10.110,7.66,,,,,,,,,,,,,,,,10,,,,,,,,,,,,,,,,0,17,-1024,0,0,1013,0,0,1,-1,0,1,-1,1,-1,-1,-1,-1,0,0,0,0,0,0,0,0,0,0,0,0,0,0,0,0,
2026-04-16,08:55:10.370,7.66,,,,,,,,,,,,,,,,10,,,,,,,,,,,,,,,,0,17,-1024,0,0,1012,0,0,1,-1,0,1,-1,1,-1,-1,-1,-1,0,0,0,0,0,0,0,0,0,0,0,0,0,0,0,0,
2026-04-16,08:55:10.640,7.66,,,,,,,,,,,,,,,,10,,,,,,,,,,,,,,,,0,17,-1024,0,0,1013,0,0,1,-1,0,1,-1,1,-1,-1,-1,-1,0,0,0,0,0,0,0,0,0,0,0,0,0,0,0,0,
2026-04-16,08:55:10.900,7.66,,,,,,,,,,,,,,,,10,,,,,,,,,,,,,,,,0,17,-1024,0,0,1013,0,0,1,-1,0,1,-1,1,-1,-1,-1,-1,0,0,0,0,0,0,0,0,0,0,0,0,0,0,0,0,
2026-04-16,08:55:11.160,7.66,,,,,,,,,,,,,,,,10,,,,,,,,,,,,,,,,0,17,-1024,0,0,1013,0,0,1,-1,0,1,-1,1,-1,-1,-1,-1,0,0,0,0,0,0,0,0,0,0,0,0,0,0,0,0,
2026-04-16,08:55:11.420,7.66,,,,,,,,,,,,,,,,10,,,,,,,,,,,,,,,,0,17,-1024,0,0,1013,0,0,1,-1,0,1,-1,1,-1,-1,-1,-1,0,0,0,0,0,0,0,0,0,0,0,0,0,0,0,0,
2026-04-16,08:55:11.690,7.66,,,,,,,,,,,,,,,,10,,,,,,,,,,,,,,,,0,17,-1024,0,0,1013,0,0,1,-1,0,1,-1,1,-1,-1,-1,-1,0,0,0,0,0,0,0,0,0,0,0,0,0,0,0,0,
2026-04-16,08:55:11.960,7.66,,,,,,,,,,,,,,,,10,,,,,,,,,,,,,,,,0,18,-1024,0,0,1013,0,0,1,-1,0,1,-1,1,-1,-1,-1,-1,0,0,0,0,0,0,0,0,0,0,0,0,0,0,0,0,
2026-04-16,08:55:12.220,7.66,,,,,,,,,,,,,,,,10,,,,,,,,,,,,,,,,0,17,-1024,0,0,1013,0,0,1,-1,0,1,-1,1,-1,-1,-1,-1,0,0,0,0,0,0,0,0,0,0,0,0,0,0,0,0,
2026-04-16,08:55:12.480,7.66,,,,,,,,,,,,,,,,10,,,,,,,,,,,,,,,,0,17,-1024,0,0,1013,0,0,1,-1,0,1,-1,1,-1,-1,-1,-1,0,0,0,0,0,0,0,0,0,0,0,0,0,0,0,0,
2026-04-16,08:55:12.750,7.66,,,,,,,,,,,,,,,,10,,,,,,,,,,,,,,,,0,17,-1024,0,0,1013,0,0,1,-1,0,1,-1,1,-1,-1,-1,-1,0,0,0,0,0,0,0,0,0,0,0,0,0,0,0,0,
2026-04-16,08:55:13.020,7.66,,,,,,,,,,,,,,,,10,,,,,,,,,,,,,,,,0,17,-1024,0,0,1013,0,0,1,-1,0,1,-1,1,-1,-1,-1,-1,0,0,0,0,0,0,0,0,0,0,0,0,0,0,0,0,
2026-04-16,08:55:13.300,7.66,,,,,,,,,,,,,,,,10,,,,,,,,,,,,,,,,0,17,-1024,0,0,1013,0,0,1,-1,0,1,-1,1,-1,-1,-1,-1,0,0,0,0,0,0,0,0,0,0,0,0,0,0,0,0,
2026-04-16,08:55:13.560,7.66,,,,,,,,,,,,,,,,10,,,,,,,,,,,,,,,,0,17,-1024,0,0,1013,0,0,1,-1,0,1,-1,1,-1,-1,-1,-1,0,0,0,0,0,0,0,0,0,0,0,0,0,0,0,0,
2026-04-16,08:55:13.830,7.66,,,,,,,,,,,,,,,,10,,,,,,,,,,,,,,,,0,17,-1024,0,0,1013,0,0,1,-1,0,1,-1,1,-1,-1,-1,-1,0,0,0,0,0,0,0,0,0,0,0,0,0,0,0,0,
2026-04-16,08:55:14.090,7.66,,,,,,,,,,,,,,,,10,,,,,,,,,,,,,,,,0,17,-1024,0,0,1012,0,0,1,-1,0,1,-1,1,-1,-1,-1,-1,0,0,0,0,0,0,0,0,0,0,0,0,0,0,0,0,
2026-04-16,08:55:14.360,7.66,,,,,,,,,,,,,,,,10,,,,,,,,,,,,,,,,0,17,-1024,0,0,1013,0,0,1,-1,0,1,-1,1,-1,-1,-1,-1,0,0,0,0,0,0,0,0,0,0,0,0,0,0,0,0,
2026-04-16,08:55:14.620,7.66,,,,,,,,,,,,,,,,10,,,,,,,,,,,,,,,,0,17,-1024,0,0,1013,0,0,1,-1,0,1,-1,1,-1,-1,-1,-1,0,0,0,0,0,0,0,0,0,0,0,0,0,0,0,0,
2026-04-16,08:55:14.890,7.66,,,,,,,,,,,,,,,,10,,,,,,,,,,,,,,,,0,17,-1024,0,0,1012,0,0,1,-1,0,1,-1,1,-1,-1,-1,-1,0,0,0,0,0,0,0,0,0,0,0,0,0,0,0,0,
2026-04-16,08:55:15.150,7.66,,,,,,,,,,,,,,,,10,,,,,,,,,,,,,,,,0,18,-1024,0,0,1013,0,0,1,-1,0,1,-1,1,-1,-1,-1,-1,0,0,0,0,0,0,0,0,0,0,0,0,0,0,0,0,
2026-04-16,08:55:15.410,7.66,,,,,,,,,,,,,,,,10,,,,,,,,,,,,,,,,0,17,-1024,0,0,1013,0,0,1,-1,0,1,-1,1,-1,-1,-1,-1,0,0,0,0,0,0,0,0,0,0,0,0,0,0,0,0,
2026-04-16,08:55:15.680,7.66,,,,,,,,,,,,,,,,10,,,,,,,,,,,,,,,,0,18,-1024,0,0,1013,0,0,1,-1,0,1,-1,1,-1,-1,-1,-1,0,0,0,0,0,0,0,0,0,0,0,0,0,0,0,0,
2026-04-16,08:55:15.940,7.66,,,,,,,,,,,,,,,,10,,,,,,,,,,,,,,,,0,17,-1024,0,0,1013,0,0,1,-1,0,1,-1,1,-1,-1,-1,-1,0,0,0,0,0,0,0,0,0,0,0,0,0,0,0,0,
2026-04-16,08:55:16.210,7.66,,,,,,,,,,,,,,,,10,,,,,,,,,,,,,,,,0,17,-1024,0,0,1013,0,0,1,-1,0,1,-1,1,-1,-1,-1,-1,0,0,0,0,0,0,0,0,0,0,0,0,0,0,0,0,
2026-04-16,08:55:16.470,7.66,,,,,,,,,,,,,,,,10,,,,,,,,,,,,,,,,0,17,-1024,0,0,1013,0,0,1,-1,0,1,-1,1,-1,-1,-1,-1,0,0,0,0,0,0,0,0,0,0,0,0,0,0,0,0,
2026-04-16,08:55:16.730,7.66,,,,,,,,,,,,,,,,10,,,,,,,,,,,,,,,,0,17,-1024,0,0,1013,0,0,1,-1,0,1,-1,1,-1,-1,-1,-1,0,0,0,0,0,0,0,0,0,0,0,0,0,0,0,0,
2026-04-16,08:55:17.000,7.66,,,,,,,,,,,,,,,,10,,,,,,,,,,,,,,,,0,17,-1024,0,0,1013,0,0,1,-1,0,1,-1,1,-1,-1,-1,-1,0,0,0,0,0,0,0,0,0,0,0,0,0,0,0,0,
2026-04-16,08:55:17.260,7.66,,,,,,,,,,,,,,,,10,,,,,,,,,,,,,,,,0,17,-1024,0,0,1013,0,0,1,-1,0,1,-1,1,-1,-1,-1,-1,0,0,0,0,0,0,0,0,0,0,0,0,0,0,0,0,
2026-04-16,08:55:17.520,7.66,,,,,,,,,,,,,,,,10,,,,,,,,,,,,,,,,0,17,-1024,0,0,1013,0,0,1,-1,0,1,-1,1,-1,-1,-1,-1,0,0,0,0,0,0,0,0,0,0,0,0,0,0,0,0,
2026-04-16,08:55:17.790,7.66,,,,,,,,,,,,,,,,10,,,,,,,,,,,,,,,,0,18,-1024,0,0,1013,0,0,1,-1,0,1,-1,1,-1,-1,-1,-1,0,0,0,0,0,0,0,0,0,0,0,0,0,0,0,0,
2026-04-16,08:55:18.060,7.66,,,,,,,,,,,,,,,,10,,,,,,,,,,,,,,,,0,17,-1024,0,0,1013,0,0,1,-1,0,1,-1,1,-1,-1,-1,-1,0,0,0,0,0,0,0,0,0,0,0,0,0,0,0,0,
2026-04-16,08:55:18.320,7.66,,,,,,,,,,,,,,,,10,,,,,,,,,,,,,,,,0,17,-1024,0,0,1013,0,0,1,-1,0,1,-1,1,-1,-1,-1,-1,0,0,0,0,0,0,0,0,0,0,0,0,0,0,0,0,
2026-04-16,08:55:18.580,7.66,,,,,,,,,,,,,,,,10,,,,,,,,,,,,,,,,0,17,-1024,0,0,1013,0,0,1,-1,0,1,-1,1,-1,-1,-1,-1,0,0,0,0,0,0,0,0,0,0,0,0,0,0,0,0,
2026-04-16,08:55:18.850,7.66,,,,,,,,,,,,,,,,10,,,,,,,,,,,,,,,,0,18,-1024,0,0,1013,0,0,1,-1,0,1,-1,1,-1,-1,-1,-1,0,0,0,0,0,0,0,0,0,0,0,0,0,0,0,0,
2026-04-16,08:55:19.110,7.66,,,,,,,,,,,,,,,,10,,,,,,,,,,,,,,,,0,17,-1024,0,0,1012,0,0,1,-1,0,1,-1,1,-1,-1,-1,-1,0,0,0,0,0,0,0,0,0,0,0,0,0,0,0,0,
2026-04-16,08:55:19.370,7.66,,,,,,,,,,,,,,,,10,,,,,,,,,,,,,,,,0,17,-1024,0,0,1013,0,0,1,-1,0,1,-1,1,-1,-1,-1,-1,0,0,0,0,0,0,0,0,0,0,0,0,0,0,0,0,
2026-04-16,08:55:19.640,7.66,,,,,,,,,,,,,,,,10,,,,,,,,,,,,,,,,0,18,-1024,0,0,1013,0,0,1,-1,0,1,-1,1,-1,-1,-1,-1,0,0,0,0,0,0,0,0,0,0,0,0,0,0,0,0,
2026-04-16,08:55:19.910,7.66,,,,,,,,,,,,,,,,10,,,,,,,,,,,,,,,,0,18,-1024,0,0,1013,0,0,1,-1,0,1,-1,1,-1,-1,-1,-1,0,0,0,0,0,0,0,0,0,0,0,0,0,0,0,0,
2026-04-16,08:55:20.170,7.66,,,,,,,,,,,,,,,,10,,,,,,,,,,,,,,,,0,17,-1024,0,0,1013,0,0,1,-1,0,1,-1,1,-1,-1,-1,-1,0,0,0,0,0,0,0,0,0,0,0,0,0,0,0,0,
2026-04-16,08:55:20.430,7.66,,,,,,,,,,,,,,,,10,,,,,,,,,,,,,,,,0,17,-1024,0,0,1013,0,0,1,-1,0,1,-1,1,-1,-1,-1,-1,0,0,0,0,0,0,0,0,0,0,0,0,0,0,0,0,
2026-04-16,08:55:20.690,7.66,,,,,,,,,,,,,,,,10,,,,,,,,,,,,,,,,0,17,-1024,0,0,1013,0,0,1,-1,0,1,-1,1,-1,-1,-1,-1,0,0,0,0,0,0,0,0,0,0,0,0,0,0,0,0,
2026-04-16,08:55:20.960,7.66,,,,,,,,,,,,,,,,10,,,,,,,,,,,,,,,,0,18,-1024,0,0,1013,0,0,1,-1,0,1,-1,1,-1,-1,-1,-1,0,0,0,0,0,0,0,0,0,0,0,0,0,0,0,0,
2026-04-16,08:55:21.230,7.66,,,,,,,,,,,,,,,,10,,,,,,,,,,,,,,,,0,17,-1024,0,0,1013,0,0,1,-1,0,1,-1,1,-1,-1,-1,-1,0,0,0,0,0,0,0,0,0,0,0,0,0,0,0,0,
2026-04-16,08:55:21.490,7.66,,,,,,,,,,,,,,,,10,,,,,,,,,,,,,,,,0,18,-1024,0,0,1013,0,0,1,-1,0,1,-1,1,-1,-1,-1,-1,0,0,0,0,0,0,0,0,0,0,0,0,0,0,0,0,
2026-04-16,08:55:21.750,7.66,,,,,,,,,,,,,,,,10,,,,,,,,,,,,,,,,0,17,-1024,0,0,1013,0,0,1,-1,0,1,-1,1,-1,-1,-1,-1,0,0,0,0,0,0,0,0,0,0,0,0,0,0,0,0,
2026-04-16,08:55:22.020,7.66,,,,,,,,,,,,,,,,10,,,,,,,,,,,,,,,,0,17,-1024,0,0,1013,0,0,1,-1,0,1,-1,1,-1,-1,-1,-1,0,0,0,0,0,0,0,0,0,0,0,0,0,0,0,0,
2026-04-16,08:55:22.280,7.66,,,,,,,,,,,,,,,,10,,,,,,,,,,,,,,,,0,17,-1024,0,0,1012,0,0,1,-1,0,1,-1,1,-1,-1,-1,-1,0,0,0,0,0,0,0,0,0,0,0,0,0,0,0,0,
2026-04-16,08:55:22.540,7.66,,,,,,,,,,,,,,,,10,,,,,,,,,,,,,,,,0,17,-1024,0,0,1013,0,0,1,-1,0,1,-1,1,-1,-1,-1,-1,0,0,0,0,0,0,0,0,0,0,0,0,0,0,0,0,
2026-04-16,08:55:22.810,7.66,,,,,,,,,,,,,,,,10,,,,,,,,,,,,,,,,0,17,-1024,0,0,1013,0,0,1,-1,0,1,-1,1,-1,-1,-1,-1,0,0,0,0,0,0,0,0,0,0,0,0,0,0,0,0,
2026-04-16,08:55:23.080,7.66,,,,,,,,,,,,,,,,10,,,,,,,,,,,,,,,,0,17,-1024,0,0,1013,0,0,1,-1,0,1,-1,1,-1,-1,-1,-1,0,0,0,0,0,0,0,0,0,0,0,0,0,0,0,0,
2026-04-16,08:55:23.340,7.66,,,,,,,,,,,,,,,,10,,,,,,,,,,,,,,,,0,17,-1024,0,0,1013,0,0,1,-1,0,1,-1,1,-1,-1,-1,-1,0,0,0,0,0,0,0,0,0,0,0,0,0,0,0,0,
2026-04-16,08:55:23.610,7.66,,,,,,,,,,,,,,,,10,,,,,,,,,,,,,,,,0,18,-1024,0,0,1013,0,0,1,-1,0,1,-1,1,-1,-1,-1,-1,0,0,0,0,0,0,0,0,0,0,0,0,0,0,0,0,
2026-04-16,08:55:23.870,7.66,,,,,,,,,,,,,,,,10,,,,,,,,,,,,,,,,0,17,-1024,0,0,1013,0,0,1,-1,0,1,-1,1,-1,-1,-1,-1,0,0,0,0,0,0,0,0,0,0,0,0,0,0,0,0,
2026-04-16,08:55:24.140,7.66,,,,,,,,,,,,,,,,10,,,,,,,,,,,,,,,,0,17,-1024,0,0,1013,0,0,1,-1,0,1,-1,1,-1,-1,-1,-1,0,0,0,0,0,0,0,0,0,0,0,0,0,0,0,0,
2026-04-16,08:55:24.410,7.66,,,,,,,,,,,,,,,,10,,,,,,,,,,,,,,,,0,17,-1024,0,0,1013,0,0,1,-1,0,1,-1,1,-1,-1,-1,-1,0,0,0,0,0,0,0,0,0,0,0,0,0,0,0,0,
2026-04-16,08:55:24.690,7.66,,,,,,,,,,,,,,,,10,,,,,,,,,,,,,,,,0,17,-1024,0,0,1013,0,0,1,-1,0,1,-1,1,-1,-1,-1,-1,0,0,0,0,0,0,0,0,0,0,0,0,0,0,0,0,
2026-04-16,08:55:24.960,7.65,,,,,,,,,,,,,,,,10,,,,,,,,,,,,,,,,0,17,-1024,0,0,1013,0,0,1,-1,0,1,-1,1,-1,-1,-1,-1,0,0,0,0,0,0,0,0,0,0,0,0,0,0,0,0,
2026-04-16,08:55:25.230,7.66,,,,,,,,,,,,,,,,10,,,,,,,,,,,,,,,,0,17,-1024,0,0,1013,0,0,1,-1,0,1,-1,1,-1,-1,-1,-1,0,0,0,0,0,0,0,0,0,0,0,0,0,0,0,0,
2026-04-16,08:55:25.490,7.66,,,,,,,,,,,,,,,,10,,,,,,,,,,,,,,,,0,17,-1024,0,0,1013,0,0,1,-1,0,1,-1,1,-1,-1,-1,-1,0,0,0,0,0,0,0,0,0,0,0,0,0,0,0,0,
2026-04-16,08:55:25.750,7.66,,,,,,,,,,,,,,,,10,,,,,,,,,,,,,,,,0,17,-1024,0,0,1013,0,0,1,-1,0,1,-1,1,-1,-1,-1,-1,0,0,0,0,0,0,0,0,0,0,0,0,0,0,0,0,
2026-04-16,08:55:26.020,7.66,,,,,,,,,,,,,,,,10,,,,,,,,,,,,,,,,0,17,-1024,0,0,1013,0,0,1,-1,0,1,-1,1,-1,-1,-1,-1,0,0,0,0,0,0,0,0,0,0,0,0,0,0,0,0,
2026-04-16,08:55:26.280,7.65,,,,,,,,,,,,,,,,10,,,,,,,,,,,,,,,,0,17,-1024,0,0,1013,0,0,1,-1,0,1,-1,1,-1,-1,-1,-1,0,0,0,0,0,0,0,0,0,0,0,0,0,0,0,0,
2026-04-16,08:55:26.540,7.66,,,,,,,,,,,,,,,,10,,,,,,,,,,,,,,,,0,17,-1024,0,0,1013,0,0,1,-1,0,1,-1,1,-1,-1,-1,-1,0,0,0,0,0,0,0,0,0,0,0,0,0,0,0,0,
2026-04-16,08:55:26.800,7.66,,,,,,,,,,,,,,,,10,,,,,,,,,,,,,,,,0,17,-1024,0,0,1013,0,0,1,-1,0,1,-1,1,-1,-1,-1,-1,0,0,0,0,0,0,0,0,0,0,0,0,0,0,0,0,
2026-04-16,08:55:27.080,7.66,,,,,,,,,,,,,,,,10,,,,,,,,,,,,,,,,0,17,-1024,0,0,1013,0,0,1,-1,0,1,-1,1,-1,-1,-1,-1,0,0,0,0,0,0,0,0,0,0,0,0,0,0,0,0,
2026-04-16,08:55:27.340,7.66,,,,,,,,,,,,,,,,10,,,,,,,,,,,,,,,,0,17,-1024,0,0,1013,0,0,1,-1,0,1,-1,1,-1,-1,-1,-1,0,0,0,0,0,0,0,0,0,0,0,0,0,0,0,0,
2026-04-16,08:55:27.600,7.66,,,,,,,,,,,,,,,,10,,,,,,,,,,,,,,,,0,17,-1024,0,0,1013,0,0,1,-1,0,1,-1,1,-1,-1,-1,-1,0,0,0,0,0,0,0,0,0,0,0,0,0,0,0,0,
2026-04-16,08:55:27.860,7.66,,,,,,,,,,,,,,,,10,,,,,,,,,,,,,,,,0,17,-1024,0,0,1013,0,0,1,-1,0,1,-1,1,-1,-1,-1,-1,0,0,0,0,0,0,0,0,0,0,0,0,0,0,0,0,
2026-04-16,08:55:28.130,7.66,,,,,,,,,,,,,,,,10,,,,,,,,,,,,,,,,0,17,-1024,0,0,1013,0,0,1,-1,0,1,-1,1,-1,-1,-1,-1,0,0,0,0,0,0,0,0,0,0,0,0,0,0,0,0,
2026-04-16,08:55:28.390,7.65,,,,,,,,,,,,,,,,10,,,,,,,,,,,,,,,,0,17,-1024,0,0,1013,0,0,1,-1,0,1,-1,1,-1,-1,-1,-1,0,0,0,0,0,0,0,0,0,0,0,0,0,0,0,0,
2026-04-16,08:55:28.650,7.66,,,,,,,,,,,,,,,,10,,,,,,,,,,,,,,,,0,17,-1024,0,0,1012,0,0,1,-1,0,1,-1,1,-1,-1,-1,-1,0,0,0,0,0,0,0,0,0,0,0,0,0,0,0,0,
2026-04-16,08:55:28.910,7.66,,,,,,,,,,,,,,,,10,,,,,,,,,,,,,,,,0,17,-1024,0,0,1013,0,0,1,-1,0,1,-1,1,-1,-1,-1,-1,0,0,0,0,0,0,0,0,0,0,0,0,0,0,0,0,
2026-04-16,08:55:29.180,7.66,,,,,,,,,,,,,,,,10,,,,,,,,,,,,,,,,0,18,-1024,0,0,1013,0,0,1,-1,0,1,-1,1,-1,-1,-1,-1,0,0,0,0,0,0,0,0,0,0,0,0,0,0,0,0,
2026-04-16,08:55:29.440,7.65,,,,,,,,,,,,,,,,10,,,,,,,,,,,,,,,,0,17,-1024,0,0,1013,0,0,1,-1,0,1,-1,1,-1,-1,-1,-1,0,0,0,0,0,0,0,0,0,0,0,0,0,0,0,0,
2026-04-16,08:55:29.700,7.66,,,,,,,,,,,,,,,,10,,,,,,,,,,,,,,,,0,17,-1024,0,0,1013,0,0,1,-1,0,1,-1,1,-1,-1,-1,-1,0,0,0,0,0,0,0,0,0,0,0,0,0,0,0,0,
2026-04-16,08:55:29.960,7.66,,,,,,,,,,,,,,,,10,,,,,,,,,,,,,,,,0,17,-1024,0,0,1013,0,0,1,-1,0,1,-1,1,-1,-1,-1,-1,0,0,0,0,0,0,0,0,0,0,0,0,0,0,0,0,
2026-04-16,08:55:30.240,7.66,,,,,,,,,,,,,,,,10,,,,,,,,,,,,,,,,0,17,-1024,0,0,1012,0,0,1,-1,0,1,-1,1,-1,-1,-1,-1,0,0,0,0,0,0,0,0,0,0,0,0,0,0,0,0,
2026-04-16,08:55:30.500,7.66,,,,,,,,,,,,,,,,10,,,,,,,,,,,,,,,,0,17,-1024,0,0,1013,0,0,1,-1,0,1,-1,1,-1,-1,-1,-1,0,0,0,0,0,0,0,0,0,0,0,0,0,0,0,0,
2026-04-16,08:55:30.760,7.66,,,,,,,,,,,,,,,,10,,,,,,,,,,,,,,,,0,17,-1024,0,0,1012,0,0,1,-1,0,1,-1,1,-1,-1,-1,-1,0,0,0,0,0,0,0,0,0,0,0,0,0,0,0,0,
2026-04-16,08:55:31.030,7.66,,,,,,,,,,,,,,,,10,,,,,,,,,,,,,,,,0,18,-1024,0,0,1013,0,0,1,-1,0,1,-1,1,-1,-1,-1,-1,0,0,0,0,0,0,0,0,0,0,0,0,0,0,0,0,
2026-04-16,08:55:31.300,7.66,,,,,,,,,,,,,,,,10,,,,,,,,,,,,,,,,0,17,-1024,0,0,1013,0,0,1,-1,0,1,-1,1,-1,-1,-1,-1,0,0,0,0,0,0,0,0,0,0,0,0,0,0,0,0,
2026-04-16,08:55:31.560,7.66,,,,,,,,,,,,,,,,10,,,,,,,,,,,,,,,,0,17,-1024,0,0,1013,0,0,1,-1,0,1,-1,1,-1,-1,-1,-1,0,0,0,0,0,0,0,0,0,0,0,0,0,0,0,0,
2026-04-16,08:55:31.820,7.66,,,,,,,,,,,,,,,,10,,,,,,,,,,,,,,,,0,17,-1024,0,0,1013,0,0,1,-1,0,1,-1,1,-1,-1,-1,-1,0,0,0,0,0,0,0,0,0,0,0,0,0,0,0,0,
2026-04-16,08:55:32.080,7.65,,,,,,,,,,,,,,,,10,,,,,,,,,,,,,,,,0,17,-1024,0,0,1013,0,0,1,-1,0,1,-1,1,-1,-1,-1,-1,0,0,0,0,0,0,0,0,0,0,0,0,0,0,0,0,
2026-04-16,08:55:32.350,7.66,,,,,,,,,,,,,,,,10,,,,,,,,,,,,,,,,0,17,-1024,0,0,1013,0,0,1,-1,0,1,-1,1,-1,-1,-1,-1,0,0,0,0,0,0,0,0,0,0,0,0,0,0,0,0,
2026-04-16,08:55:32.610,7.66,,,,,,,,,,,,,,,,10,,,,,,,,,,,,,,,,0,17,-1024,0,0,1013,0,0,1,-1,0,1,-1,1,-1,-1,-1,-1,0,0,0,0,0,0,0,0,0,0,0,0,0,0,0,0,
2026-04-16,08:55:32.870,7.65,,,,,,,,,,,,,,,,10,,,,,,,,,,,,,,,,0,17,-1024,0,0,1013,0,0,1,-1,0,1,-1,1,-1,-1,-1,-1,0,0,0,0,0,0,0,0,0,0,0,0,0,0,0,0,
2026-04-16,08:55:33.150,7.66,,,,,,,,,,,,,,,,10,,,,,,,,,,,,,,,,0,18,-1024,0,0,1012,0,0,1,-1,0,1,-1,1,-1,-1,-1,-1,0,0,0,0,0,0,0,0,0,0,0,0,0,0,0,0,
2026-04-16,08:55:33.430,7.65,,,,,,,,,,,,,,,,10,,,,,,,,,,,,,,,,0,17,-1024,0,0,1013,0,0,1,-1,0,1,-1,1,-1,-1,-1,-1,0,0,0,0,0,0,0,0,0,0,0,0,0,0,0,0,
2026-04-16,08:55:33.690,7.66,,,,,,,,,,,,,,,,10,,,,,,,,,,,,,,,,0,17,-1024,0,0,1013,0,0,1,-1,0,1,-1,1,-1,-1,-1,-1,0,0,0,0,0,0,0,0,0,0,0,0,0,0,0,0,
2026-04-16,08:55:33.950,7.66,,,,,,,,,,,,,,,,10,,,,,,,,,,,,,,,,0,17,-1024,0,0,1013,0,0,1,-1,0,1,-1,1,-1,-1,-1,-1,0,0,0,0,0,0,0,0,0,0,0,0,0,0,0,0,
2026-04-16,08:55:34.220,7.66,,,,,,,,,,,,,,,,10,,,,,,,,,,,,,,,,0,18,-1024,0,0,1012,0,0,1,-1,0,1,-1,1,-1,-1,-1,-1,0,0,0,0,0,0,0,0,0,0,0,0,0,0,0,0,
2026-04-16,08:55:34.480,7.65,,,,,,,,,,,,,,,,10,,,,,,,,,,,,,,,,0,18,-1024,0,0,1013,0,0,1,-1,0,1,-1,1,-1,-1,-1,-1,0,0,0,0,0,0,0,0,0,0,0,0,0,0,0,0,
2026-04-16,08:55:34.740,7.66,,,,,,,,,,,,,,,,10,,,,,,,,,,,,,,,,0,17,-1024,0,0,1013,0,0,1,-1,0,1,-1,1,-1,-1,-1,-1,0,0,0,0,0,0,0,0,0,0,0,0,0,0,0,0,
2026-04-16,08:55:35.010,7.65,,,,,,,,,,,,,,,,10,,,,,,,,,,,,,,,,0,17,-1024,0,0,1013,0,0,1,-1,0,1,-1,1,-1,-1,-1,-1,0,0,0,0,0,0,0,0,0,0,0,0,0,0,0,0,
2026-04-16,08:55:35.280,7.66,,,,,,,,,,,,,,,,10,,,,,,,,,,,,,,,,0,17,-1024,0,0,1013,0,0,1,-1,0,1,-1,1,-1,-1,-1,-1,0,0,0,0,0,0,0,0,0,0,0,0,0,0,0,0,
2026-04-16,08:55:35.540,7.66,,,,,,,,,,,,,,,,10,,,,,,,,,,,,,,,,0,17,-1024,0,0,1013,0,0,1,-1,0,1,-1,1,-1,-1,-1,-1,0,0,0,0,0,0,0,0,0,0,0,0,0,0,0,0,
2026-04-16,08:55:35.800,7.66,,,,,,,,,,,,,,,,10,,,,,,,,,,,,,,,,0,17,-1024,0,0,1013,0,0,1,-1,0,1,-1,1,-1,-1,-1,-1,0,0,0,0,0,0,0,0,0,0,0,0,0,0,0,0,
2026-04-16,08:55:36.070,7.66,,,,,,,,,,,,,,,,10,,,,,,,,,,,,,,,,0,17,-1024,0,0,1013,0,0,1,-1,0,1,-1,1,-1,-1,-1,-1,0,0,0,0,0,0,0,0,0,0,0,0,0,0,0,0,
2026-04-16,08:55:36.340,7.66,,,,,,,,,,,,,,,,10,,,,,,,,,,,,,,,,0,17,-1024,0,0,1013,0,0,1,-1,0,1,-1,1,-1,-1,-1,-1,0,0,0,0,0,0,0,0,0,0,0,0,0,0,0,0,
2026-04-16,08:55:36.600,7.66,,,,,,,,,,,,,,,,10,,,,,,,,,,,,,,,,0,17,-1024,0,0,1013,0,0,1,-1,0,1,-1,1,-1,-1,-1,-1,0,0,0,0,0,0,0,0,0,0,0,0,0,0,0,0,
2026-04-16,08:55:36.860,7.66,,,,,,,,,,,,,,,,10,,,,,,,,,,,,,,,,0,17,-1024,0,0,1013,0,0,1,-1,0,1,-1,1,-1,-1,-1,-1,0,0,0,0,0,0,0,0,0,0,0,0,0,0,0,0,
2026-04-16,08:55:37.130,7.65,,,,,,,,,,,,,,,,10,,,,,,,,,,,,,,,,0,17,-1024,0,0,1013,0,0,1,-1,0,1,-1,1,-1,-1,-1,-1,0,0,0,0,0,0,0,0,0,0,0,0,0,0,0,0,
2026-04-16,08:55:37.400,7.66,,,,,,,,,,,,,,,,10,,,,,,,,,,,,,,,,0,17,-1024,0,0,1013,0,0,1,-1,0,1,-1,1,-1,-1,-1,-1,0,0,0,0,0,0,0,0,0,0,0,0,0,0,0,0,
2026-04-16,08:55:37.660,7.66,,,,,,,,,,,,,,,,10,,,,,,,,,,,,,,,,0,17,-1024,0,0,1013,0,0,1,-1,0,1,-1,1,-1,-1,-1,-1,0,0,0,0,0,0,0,0,0,0,0,0,0,0,0,0,
2026-04-16,08:55:37.940,7.66,,,,,,,,,,,,,,,,10,,,,,,,,,,,,,,,,0,17,-1024,0,0,1013,0,0,1,-1,0,1,-1,1,-1,-1,-1,-1,0,0,0,0,0,0,0,0,0,0,0,0,0,0,0,0,
2026-04-16,08:55:38.210,7.66,,,,,,,,,,,,,,,,10,,,,,,,,,,,,,,,,0,17,-1024,0,0,1013,0,0,1,-1,0,1,-1,1,-1,-1,-1,-1,0,0,0,0,0,0,0,0,0,0,0,0,0,0,0,0,
2026-04-16,08:55:38.480,7.66,,,,,,,,,,,,,,,,10,,,,,,,,,,,,,,,,0,17,-1024,0,0,1013,0,0,1,-1,0,1,-1,1,-1,-1,-1,-1,0,0,0,0,0,0,0,0,0,0,0,0,0,0,0,0,
2026-04-16,08:55:38.760,7.66,,,,,,,,,,,,,,,,10,,,,,,,,,,,,,,,,0,17,-1024,0,0,1013,0,0,1,-1,0,1,-1,1,-1,-1,-1,-1,0,0,0,0,0,0,0,0,0,0,0,0,0,0,0,0,
2026-04-16,08:55:39.030,7.66,,,,,,,,,,,,,,,,10,,,,,,,,,,,,,,,,0,17,-1024,0,0,1012,0,0,1,-1,0,1,-1,1,-1,-1,-1,-1,0,0,0,0,0,0,0,0,0,0,0,0,0,0,0,0,
2026-04-16,08:55:39.290,7.66,,,,,,,,,,,,,,,,10,,,,,,,,,,,,,,,,0,17,-1024,0,0,1013,0,0,1,-1,0,1,-1,1,-1,-1,-1,-1,0,0,0,0,0,0,0,0,0,0,0,0,0,0,0,0,
2026-04-16,08:55:39.560,7.66,,,,,,,,,,,,,,,,10,,,,,,,,,,,,,,,,0,17,-1024,0,0,1013,0,0,1,-1,0,1,-1,1,-1,-1,-1,-1,0,0,0,0,0,0,0,0,0,0,0,0,0,0,0,0,
2026-04-16,08:55:39.820,7.66,,,,,,,,,,,,,,,,10,,,,,,,,,,,,,,,,0,17,-1024,0,0,1012,0,0,1,-1,0,1,-1,1,-1,-1,-1,-1,0,0,0,0,0,0,0,0,0,0,0,0,0,0,0,0,
2026-04-16,08:55:40.080,7.66,,,,,,,,,,,,,,,,10,,,,,,,,,,,,,,,,0,17,-1024,0,0,1013,0,0,1,-1,0,1,-1,1,-1,-1,-1,-1,0,0,0,0,0,0,0,0,0,0,0,0,0,0,0,0,
2026-04-16,08:55:40.350,7.66,,,,,,,,,,,,,,,,10,,,,,,,,,,,,,,,,0,17,-1024,0,0,1013,0,0,1,-1,0,1,-1,1,-1,-1,-1,-1,0,0,0,0,0,0,0,0,0,0,0,0,0,0,0,0,
2026-04-16,08:55:40.610,7.66,,,,,,,,,,,,,,,,10,,,,,,,,,,,,,,,,0,17,-1024,0,0,1013,0,0,1,-1,0,1,-1,1,-1,-1,-1,-1,0,0,0,0,0,0,0,0,0,0,0,0,0,0,0,0,
2026-04-16,08:55:40.870,7.66,,,,,,,,,,,,,,,,10,,,,,,,,,,,,,,,,0,17,-1024,0,0,1013,0,0,1,-1,0,1,-1,1,-1,-1,-1,-1,0,0,0,0,0,0,0,0,0,0,0,0,0,0,0,0,
2026-04-16,08:55:41.140,7.66,,,,,,,,,,,,,,,,10,,,,,,,,,,,,,,,,0,17,-1024,0,0,1013,0,0,1,-1,0,1,-1,1,-1,-1,-1,-1,0,0,0,0,0,0,0,0,0,0,0,0,0,0,0,0,
2026-04-16,08:55:41.410,7.66,,,,,,,,,,,,,,,,10,,,,,,,,,,,,,,,,0,17,-1024,0,0,1013,0,0,1,-1,0,1,-1,1,-1,-1,-1,-1,0,0,0,0,0,0,0,0,0,0,0,0,0,0,0,0,
2026-04-16,08:55:41.670,7.65,,,,,,,,,,,,,,,,10,,,,,,,,,,,,,,,,0,17,-1024,0,0,1013,0,0,1,-1,0,1,-1,1,-1,-1,-1,-1,0,0,0,0,0,0,0,0,0,0,0,0,0,0,0,0,
2026-04-16,08:55:41.930,7.66,,,,,,,,,,,,,,,,10,,,,,,,,,,,,,,,,0,17,-1024,0,0,1013,0,0,1,-1,0,1,-1,1,-1,-1,-1,-1,0,0,0,0,0,0,0,0,0,0,0,0,0,0,0,0,
2026-04-16,08:55:42.200,7.66,,,,,,,,,,,,,,,,10,,,,,,,,,,,,,,,,0,18,-1024,0,0,1013,0,0,1,-1,0,1,-1,1,-1,-1,-1,-1,0,0,0,0,0,0,0,0,0,0,0,0,0,0,0,0,
2026-04-16,08:55:42.470,7.66,,,,,,,,,,,,,,,,10,,,,,,,,,,,,,,,,0,17,-1024,0,0,1013,0,0,1,-1,0,1,-1,1,-1,-1,-1,-1,0,0,0,0,0,0,0,0,0,0,0,0,0,0,0,0,
2026-04-16,08:55:42.750,7.66,,,,,,,,,,,,,,,,10,,,,,,,,,,,,,,,,0,17,-1024,0,0,1013,0,0,1,-1,0,1,-1,1,-1,-1,-1,-1,0,0,0,0,0,0,0,0,0,0,0,0,0,0,0,0,
2026-04-16,08:55:43.020,7.66,,,,,,,,,,,,,,,,10,,,,,,,,,,,,,,,,0,17,-1024,0,0,1013,0,0,1,-1,0,1,-1,1,-1,-1,-1,-1,0,0,0,0,0,0,0,0,0,0,0,0,0,0,0,0,
2026-04-16,08:55:43.280,7.65,,,,,,,,,,,,,,,,10,,,,,,,,,,,,,,,,0,17,-1024,0,0,1013,0,0,1,-1,0,1,-1,1,-1,-1,-1,-1,0,0,0,0,0,0,0,0,0,0,0,0,0,0,0,0,
2026-04-16,08:55:43.550,7.66,,,,,,,,,,,,,,,,10,,,,,,,,,,,,,,,,0,18,-1024,0,0,1013,0,0,1,-1,0,1,-1,1,-1,-1,-1,-1,0,0,0,0,0,0,0,0,0,0,0,0,0,0,0,0,
2026-04-16,08:55:43.810,7.66,,,,,,,,,,,,,,,,10,,,,,,,,,,,,,,,,0,17,-1024,0,0,1012,0,0,1,-1,0,1,-1,1,-1,-1,-1,-1,0,0,0,0,0,0,0,0,0,0,0,0,0,0,0,0,
2026-04-16,08:55:44.080,7.65,,,,,,,,,,,,,,,,10,,,,,,,,,,,,,,,,0,17,-1024,0,0,1013,0,0,1,-1,0,1,-1,1,-1,-1,-1,-1,0,0,0,0,0,0,0,0,0,0,0,0,0,0,0,0,
2026-04-16,08:55:44.340,7.66,,,,,,,,,,,,,,,,10,,,,,,,,,,,,,,,,0,18,-1024,0,0,1013,0,0,1,-1,0,1,-1,1,-1,-1,-1,-1,0,0,0,0,0,0,0,0,0,0,0,0,0,0,0,0,
2026-04-16,08:55:44.600,7.66,,,,,,,,,,,,,,,,10,,,,,,,,,,,,,,,,0,17,-1024,0,0,1013,0,0,1,-1,0,1,-1,1,-1,-1,-1,-1,0,0,0,0,0,0,0,0,0,0,0,0,0,0,0,0,
2026-04-16,08:55:44.860,7.66,,,,,,,,,,,,,,,,10,,,,,,,,,,,,,,,,0,17,-1024,0,0,1013,0,0,1,-1,0,1,-1,1,-1,-1,-1,-1,0,0,0,0,0,0,0,0,0,0,0,0,0,0,0,0,
2026-04-16,08:55:45.130,7.66,,,,,,,,,,,,,,,,10,,,,,,,,,,,,,,,,0,17,-1024,0,0,1013,0,0,1,-1,0,1,-1,1,-1,-1,-1,-1,0,0,0,0,0,0,0,0,0,0,0,0,0,0,0,0,
2026-04-16,08:55:45.400,7.65,,,,,,,,,,,,,,,,10,,,,,,,,,,,,,,,,0,17,-1024,0,0,1013,0,0,1,-1,0,1,-1,1,-1,-1,-1,-1,0,0,0,0,0,0,0,0,0,0,0,0,0,0,0,0,
2026-04-16,08:55:45.660,7.66,,,,,,,,,,,,,,,,10,,,,,,,,,,,,,,,,0,17,-1024,0,0,1013,0,0,1,-1,0,1,-1,1,-1,-1,-1,-1,0,0,0,0,0,0,0,0,0,0,0,0,0,0,0,0,
2026-04-16,08:55:45.920,7.66,,,,,,,,,,,,,,,,10,,,,,,,,,,,,,,,,0,17,-1024,0,0,1013,0,0,1,-1,0,1,-1,1,-1,-1,-1,-1,0,0,0,0,0,0,0,0,0,0,0,0,0,0,0,0,
2026-04-16,08:55:46.190,7.66,,,,,,,,,,,,,,,,10,,,,,,,,,,,,,,,,0,17,-1024,0,0,1013,0,0,1,-1,0,1,-1,1,-1,-1,-1,-1,0,0,0,0,0,0,0,0,0,0,0,0,0,0,0,0,
2026-04-16,08:55:46.460,7.66,,,,,,,,,,,,,,,,10,,,,,,,,,,,,,,,,0,18,-1024,0,0,1013,0,0,1,-1,0,1,-1,1,-1,-1,-1,-1,0,0,0,0,0,0,0,0,0,0,0,0,0,0,0,0,
2026-04-16,08:55:46.720,7.66,,,,,,,,,,,,,,,,10,,,,,,,,,,,,,,,,0,17,-1024,0,0,1012,0,0,1,-1,0,1,-1,1,-1,-1,-1,-1,0,0,0,0,0,0,0,0,0,0,0,0,0,0,0,0,
2026-04-16,08:55:46.980,7.66,,,,,,,,,,,,,,,,10,,,,,,,,,,,,,,,,0,17,-1024,0,0,1013,0,0,1,-1,0,1,-1,1,-1,-1,-1,-1,0,0,0,0,0,0,0,0,0,0,0,0,0,0,0,0,
2026-04-16,08:55:47.240,7.65,,,,,,,,,,,,,,,,10,,,,,,,,,,,,,,,,0,18,-1024,0,0,1012,0,0,1,-1,0,1,-1,1,-1,-1,-1,-1,0,0,0,0,0,0,0,0,0,0,0,0,0,0,0,0,
2026-04-16,08:55:47.510,7.66,,,,,,,,,,,,,,,,10,,,,,,,,,,,,,,,,0,18,-1024,0,0,1013,0,0,1,-1,0,1,-1,1,-1,-1,-1,-1,0,0,0,0,0,0,0,0,0,0,0,0,0,0,0,0,
2026-04-16,08:55:47.770,7.66,,,,,,,,,,,,,,,,10,,,,,,,,,,,,,,,,0,17,-1024,0,0,1013,0,0,1,-1,0,1,-1,1,-1,-1,-1,-1,0,0,0,0,0,0,0,0,0,0,0,0,0,0,0,0,
2026-04-16,08:55:48.040,7.65,,,,,,,,,,,,,,,,10,,,,,,,,,,,,,,,,0,17,-1024,0,0,1013,0,0,1,-1,0,1,-1,1,-1,-1,-1,-1,0,0,0,0,0,0,0,0,0,0,0,0,0,0,0,0,
2026-04-16,08:55:48.300,7.66,,,,,,,,,,,,,,,,10,,,,,,,,,,,,,,,,0,17,-1024,0,0,1013,0,0,1,-1,0,1,-1,1,-1,-1,-1,-1,0,0,0,0,0,0,0,0,0,0,0,0,0,0,0,0,
2026-04-16,08:55:48.570,7.65,,,,,,,,,,,,,,,,10,,,,,,,,,,,,,,,,0,17,-1024,0,0,1013,0,0,1,-1,0,1,-1,1,-1,-1,-1,-1,0,0,0,0,0,0,0,0,0,0,0,0,0,0,0,0,
2026-04-16,08:55:48.830,7.66,,,,,,,,,,,,,,,,10,,,,,,,,,,,,,,,,0,17,-1024,0,0,1013,0,0,1,-1,0,1,-1,1,-1,-1,-1,-1,0,0,0,0,0,0,0,0,0,0,0,0,0,0,0,0,
2026-04-16,08:55:49.100,7.66,,,,,,,,,,,,,,,,10,,,,,,,,,,,,,,,,0,17,-1024,0,0,1013,0,0,1,-1,0,1,-1,1,-1,-1,-1,-1,0,0,0,0,0,0,0,0,0,0,0,0,0,0,0,0,
2026-04-16,08:55:49.360,7.66,,,,,,,,,,,,,,,,10,,,,,,,,,,,,,,,,0,17,-1024,0,0,1013,0,0,1,-1,0,1,-1,1,-1,-1,-1,-1,0,0,0,0,0,0,0,0,0,0,0,0,0,0,0,0,
2026-04-16,08:55:49.630,7.66,,,,,,,,,,,,,,,,10,,,,,,,,,,,,,,,,0,17,-1024,0,0,1012,0,0,1,-1,0,1,-1,1,-1,-1,-1,-1,0,0,0,0,0,0,0,0,0,0,0,0,0,0,0,0,
2026-04-16,08:55:49.890,7.66,,,,,,,,,,,,,,,,10,,,,,,,,,,,,,,,,0,17,-1024,0,0,1013,0,0,1,-1,0,1,-1,1,-1,-1,-1,-1,0,0,0,0,0,0,0,0,0,0,0,0,0,0,0,0,
2026-04-16,08:55:50.160,7.66,,,,,,,,,,,,,,,,10,,,,,,,,,,,,,,,,0,17,-1024,0,0,1013,0,0,1,-1,0,1,-1,1,-1,-1,-1,-1,0,0,0,0,0,0,0,0,0,0,0,0,0,0,0,0,
2026-04-16,08:55:50.420,7.66,,,,,,,,,,,,,,,,10,,,,,,,,,,,,,,,,0,17,-1024,0,0,1013,0,0,1,-1,0,1,-1,1,-1,-1,-1,-1,0,0,0,0,0,0,0,0,0,0,0,0,0,0,0,0,
2026-04-16,08:55:50.690,7.66,,,,,,,,,,,,,,,,10,,,,,,,,,,,,,,,,0,17,-1024,0,0,1013,0,0,1,-1,0,1,-1,1,-1,-1,-1,-1,0,0,0,0,0,0,0,0,0,0,0,0,0,0,0,0,
2026-04-16,08:55:50.950,7.66,,,,,,,,,,,,,,,,10,,,,,,,,,,,,,,,,0,17,-1024,0,0,1013,0,0,1,-1,0,1,-1,1,-1,-1,-1,-1,0,0,0,0,0,0,0,0,0,0,0,0,0,0,0,0,
2026-04-16,08:55:51.220,7.66,,,,,,,,,,,,,,,,10,,,,,,,,,,,,,,,,0,17,-1024,0,0,1013,0,0,1,-1,0,1,-1,1,-1,-1,-1,-1,0,0,0,0,0,0,0,0,0,0,0,0,0,0,0,0,
2026-04-16,08:55:51.480,7.65,,,,,,,,,,,,,,,,10,,,,,,,,,,,,,,,,0,17,-1024,0,0,1013,0,0,1,-1,0,1,-1,1,-1,-1,-1,-1,0,0,0,0,0,0,0,0,0,0,0,0,0,0,0,0,
2026-04-16,08:55:51.750,7.66,,,,,,,,,,,,,,,,10,,,,,,,,,,,,,,,,0,17,-1024,0,0,1013,0,0,1,-1,0,1,-1,1,-1,-1,-1,-1,0,0,0,0,0,0,0,0,0,0,0,0,0,0,0,0,
2026-04-16,08:55:52.010,7.65,,,,,,,,,,,,,,,,10,,,,,,,,,,,,,,,,0,17,-1024,0,0,1013,0,0,1,-1,0,1,-1,1,-1,-1,-1,-1,0,0,0,0,0,0,0,0,0,0,0,0,0,0,0,0,
2026-04-16,08:55:52.270,7.65,,,,,,,,,,,,,,,,10,,,,,,,,,,,,,,,,0,17,-1024,0,0,1013,0,0,1,-1,0,1,-1,1,-1,-1,-1,-1,0,0,0,0,0,0,0,0,0,0,0,0,0,0,0,0,
2026-04-16,08:55:52.540,7.66,,,,,,,,,,,,,,,,10,,,,,,,,,,,,,,,,0,17,-1024,0,0,1013,0,0,1,-1,0,1,-1,1,-1,-1,-1,-1,0,0,0,0,0,0,0,0,0,0,0,0,0,0,0,0,
2026-04-16,08:55:52.800,7.66,,,,,,,,,,,,,,,,10,,,,,,,,,,,,,,,,0,17,-1024,0,0,1013,0,0,1,-1,0,1,-1,1,-1,-1,-1,-1,0,0,0,0,0,0,0,0,0,0,0,0,0,0,0,0,
2026-04-16,08:55:53.070,7.66,,,,,,,,,,,,,,,,10,,,,,,,,,,,,,,,,0,17,-1024,0,0,1013,0,0,1,-1,0,1,-1,1,-1,-1,-1,-1,0,0,0,0,0,0,0,0,0,0,0,0,0,0,0,0,
2026-04-16,08:55:53.330,7.66,,,,,,,,,,,,,,,,10,,,,,,,,,,,,,,,,0,17,-1024,0,0,1013,0,0,1,-1,0,1,-1,1,-1,-1,-1,-1,0,0,0,0,0,0,0,0,0,0,0,0,0,0,0,0,
2026-04-16,08:55:53.600,7.66,,,,,,,,,,,,,,,,10,,,,,,,,,,,,,,,,0,17,-1024,0,0,1013,0,0,1,-1,0,1,-1,1,-1,-1,-1,-1,0,0,0,0,0,0,0,0,0,0,0,0,0,0,0,0,
2026-04-16,08:55:53.860,7.65,,,,,,,,,,,,,,,,10,,,,,,,,,,,,,,,,0,17,-1024,0,0,1012,0,0,1,-1,0,1,-1,1,-1,-1,-1,-1,0,0,0,0,0,0,0,0,0,0,0,0,0,0,0,0,
2026-04-16,08:55:54.130,7.66,,,,,,,,,,,,,,,,10,,,,,,,,,,,,,,,,0,17,-1024,0,0,1013,0,0,1,-1,0,1,-1,1,-1,-1,-1,-1,0,0,0,0,0,0,0,0,0,0,0,0,0,0,0,0,
2026-04-16,08:55:54.410,7.66,,,,,,,,,,,,,,,,10,,,,,,,,,,,,,,,,0,17,-1024,0,0,1013,0,0,1,-1,0,1,-1,1,-1,-1,-1,-1,0,0,0,0,0,0,0,0,0,0,0,0,0,0,0,0,
2026-04-16,08:55:54.680,7.65,,,,,,,,,,,,,,,,10,,,,,,,,,,,,,,,,0,17,-1024,0,0,1013,0,0,1,-1,0,1,-1,1,-1,-1,-1,-1,0,0,0,0,0,0,0,0,0,0,0,0,0,0,0,0,
2026-04-16,08:55:54.940,7.66,,,,,,,,,,,,,,,,10,,,,,,,,,,,,,,,,0,18,-1024,0,0,1012,0,0,1,-1,0,1,-1,1,-1,-1,-1,-1,0,0,0,0,0,0,0,0,0,0,0,0,0,0,0,0,
2026-04-16,08:55:55.200,7.66,,,,,,,,,,,,,,,,10,,,,,,,,,,,,,,,,0,17,-1024,0,0,1013,0,0,1,-1,0,1,-1,1,-1,-1,-1,-1,0,0,0,0,0,0,0,0,0,0,0,0,0,0,0,0,
2026-04-16,08:55:55.460,7.66,,,,,,,,,,,,,,,,10,,,,,,,,,,,,,,,,0,17,-1024,0,0,1013,0,0,1,-1,0,1,-1,1,-1,-1,-1,-1,0,0,0,0,0,0,0,0,0,0,0,0,0,0,0,0,
2026-04-16,08:55:55.730,7.65,,,,,,,,,,,,,,,,10,,,,,,,,,,,,,,,,0,17,-1024,0,0,1013,0,0,1,-1,0,1,-1,1,-1,-1,-1,-1,0,0,0,0,0,0,0,0,0,0,0,0,0,0,0,0,
2026-04-16,08:55:55.990,7.66,,,,,,,,,,,,,,,,10,,,,,,,,,,,,,,,,0,17,-1024,0,0,1013,0,0,1,-1,0,1,-1,1,-1,-1,-1,-1,0,0,0,0,0,0,0,0,0,0,0,0,0,0,0,0,
2026-04-16,08:55:56.260,7.66,,,,,,,,,,,,,,,,10,,,,,,,,,,,,,,,,0,17,-1024,0,0,1013,0,0,1,-1,0,1,-1,1,-1,-1,-1,-1,0,0,0,0,0,0,0,0,0,0,0,0,0,0,0,0,
2026-04-16,08:55:56.520,7.66,,,,,,,,,,,,,,,,10,,,,,,,,,,,,,,,,0,17,-1024,0,0,1013,0,0,1,-1,0,1,-1,1,-1,-1,-1,-1,0,0,0,0,0,0,0,0,0,0,0,0,0,0,0,0,
2026-04-16,08:55:56.790,7.66,,,,,,,,,,,,,,,,10,,,,,,,,,,,,,,,,0,17,-1024,0,0,1013,0,0,1,-1,0,1,-1,1,-1,-1,-1,-1,0,0,0,0,0,0,0,0,0,0,0,0,0,0,0,0,
2026-04-16,08:55:57.060,7.66,,,,,,,,,,,,,,,,10,,,,,,,,,,,,,,,,0,17,-1024,0,0,1013,0,0,1,-1,0,1,-1,1,-1,-1,-1,-1,0,0,0,0,0,0,0,0,0,0,0,0,0,0,0,0,
2026-04-16,08:55:57.340,7.66,,,,,,,,,,,,,,,,10,,,,,,,,,,,,,,,,0,17,-1024,0,0,1013,0,0,1,-1,0,1,-1,1,-1,-1,-1,-1,0,0,0,0,0,0,0,0,0,0,0,0,0,0,0,0,
2026-04-16,08:55:57.600,7.65,,,,,,,,,,,,,,,,10,,,,,,,,,,,,,,,,0,17,-1024,0,0,1013,0,0,1,-1,0,1,-1,1,-1,-1,-1,-1,0,0,0,0,0,0,0,0,0,0,0,0,0,0,0,0,
2026-04-16,08:55:57.870,7.66,,,,,,,,,,,,,,,,10,,,,,,,,,,,,,,,,0,17,-1024,0,0,1013,0,0,1,-1,0,1,-1,1,-1,-1,-1,-1,0,0,0,0,0,0,0,0,0,0,0,0,0,0,0,0,
2026-04-16,08:55:58.130,7.66,,,,,,,,,,,,,,,,10,,,,,,,,,,,,,,,,0,17,-1024,0,0,1013,0,0,1,-1,0,1,-1,1,-1,-1,-1,-1,0,0,0,0,0,0,0,0,0,0,0,0,0,0,0,0,
2026-04-16,08:55:58.400,7.66,,,,,,,,,,,,,,,,10,,,,,,,,,,,,,,,,0,17,-1024,0,0,1013,0,0,1,-1,0,1,-1,1,-1,-1,-1,-1,0,0,0,0,0,0,0,0,0,0,0,0,0,0,0,0,
2026-04-16,08:55:58.660,7.66,,,,,,,,,,,,,,,,10,,,,,,,,,,,,,,,,0,17,-1024,0,0,1013,0,0,1,-1,0,1,-1,1,-1,-1,-1,-1,0,0,0,0,0,0,0,0,0,0,0,0,0,0,0,0,
2026-04-16,08:55:58.930,7.66,,,,,,,,,,,,,,,,10,,,,,,,,,,,,,,,,0,17,-1024,0,0,1013,0,0,1,-1,0,1,-1,1,-1,-1,-1,-1,0,0,0,0,0,0,0,0,0,0,0,0,0,0,0,0,
2026-04-16,08:55:59.190,7.66,,,,,,,,,,,,,,,,10,,,,,,,,,,,,,,,,0,17,-1024,0,0,1013,0,0,1,-1,0,1,-1,1,-1,-1,-1,-1,0,0,0,0,0,0,0,0,0,0,0,0,0,0,0,0,
2026-04-16,08:55:59.450,7.66,,,,,,,,,,,,,,,,10,,,,,,,,,,,,,,,,0,17,-1024,0,0,1013,0,0,1,-1,0,1,-1,1,-1,-1,-1,-1,0,0,0,0,0,0,0,0,0,0,0,0,0,0,0,0,
2026-04-16,08:55:59.720,7.66,,,,,,,,,,,,,,,,10,,,,,,,,,,,,,,,,0,17,-1024,0,0,1013,0,0,1,-1,0,1,-1,1,-1,-1,-1,-1,0,0,0,0,0,0,0,0,0,0,0,0,0,0,0,0,
2026-04-16,08:55:59.980,7.66,,,,,,,,,,,,,,,,10,,,,,,,,,,,,,,,,0,17,-1024,0,0,1013,0,0,1,-1,0,1,-1,1,-1,-1,-1,-1,0,0,0,0,0,0,0,0,0,0,0,0,0,0,0,0,
2026-04-16,08:56:00.250,7.66,,,,,,,,,,,,,,,,10,,,,,,,,,,,,,,,,0,17,-1024,0,0,1012,0,0,1,-1,0,1,-1,1,-1,-1,-1,-1,0,0,0,0,0,0,0,0,0,0,0,0,0,0,0,0,
2026-04-16,08:56:00.510,7.66,,,,,,,,,,,,,,,,10,,,,,,,,,,,,,,,,0,17,-1024,0,0,1013,0,0,1,-1,0,1,-1,1,-1,-1,-1,-1,0,0,0,0,0,0,0,0,0,0,0,0,0,0,0,0,
2026-04-16,08:56:00.780,7.66,,,,,,,,,,,,,,,,10,,,,,,,,,,,,,,,,0,17,-1024,0,0,1013,0,0,1,-1,0,1,-1,1,-1,-1,-1,-1,0,0,0,0,0,0,0,0,0,0,0,0,0,0,0,0,
2026-04-16,08:56:01.040,7.65,,,,,,,,,,,,,,,,10,,,,,,,,,,,,,,,,0,17,-1024,0,0,1013,0,0,1,-1,0,1,-1,1,-1,-1,-1,-1,0,0,0,0,0,0,0,0,0,0,0,0,0,0,0,0,
2026-04-16,08:56:01.300,7.66,,,,,,,,,,,,,,,,10,,,,,,,,,,,,,,,,0,17,-1024,0,0,1013,0,0,1,-1,0,1,-1,1,-1,-1,-1,-1,0,0,0,0,0,0,0,0,0,0,0,0,0,0,0,0,
2026-04-16,08:56:01.560,7.66,,,,,,,,,,,,,,,,10,,,,,,,,,,,,,,,,0,17,-1024,0,0,1013,0,0,1,-1,0,1,-1,1,-1,-1,-1,-1,0,0,0,0,0,0,0,0,0,0,0,0,0,0,0,0,
2026-04-16,08:56:01.830,7.66,,,,,,,,,,,,,,,,10,,,,,,,,,,,,,,,,0,17,-1024,0,0,1013,0,0,1,-1,0,1,-1,1,-1,-1,-1,-1,0,0,0,0,0,0,0,0,0,0,0,0,0,0,0,0,
2026-04-16,08:56:02.100,7.66,,,,,,,,,,,,,,,,10,,,,,,,,,,,,,,,,0,17,-1024,0,0,1013,0,0,1,-1,0,1,-1,1,-1,-1,-1,-1,0,0,0,0,0,0,0,0,0,0,0,0,0,0,0,0,
2026-04-16,08:56:02.360,7.66,,,,,,,,,,,,,,,,10,,,,,,,,,,,,,,,,0,18,-1024,0,0,1013,0,0,1,-1,0,1,-1,1,-1,-1,-1,-1,0,0,0,0,0,0,0,0,0,0,0,0,0,0,0,0,
2026-04-16,08:56:02.620,7.66,,,,,,,,,,,,,,,,10,,,,,,,,,,,,,,,,0,17,-1024,0,0,1012,0,0,1,-1,0,1,-1,1,-1,-1,-1,-1,0,0,0,0,0,0,0,0,0,0,0,0,0,0,0,0,
2026-04-16,08:56:02.890,7.65,,,,,,,,,,,,,,,,10,,,,,,,,,,,,,,,,0,17,-1024,0,0,1012,0,0,1,-1,0,1,-1,1,-1,-1,-1,-1,0,0,0,0,0,0,0,0,0,0,0,0,0,0,0,0,
2026-04-16,08:56:03.150,7.66,,,,,,,,,,,,,,,,10,,,,,,,,,,,,,,,,0,17,-1024,0,0,1013,0,0,1,-1,0,1,-1,1,-1,-1,-1,-1,0,0,0,0,0,0,0,0,0,0,0,0,0,0,0,0,
2026-04-16,08:56:03.410,7.65,,,,,,,,,,,,,,,,10,,,,,,,,,,,,,,,,0,18,-1024,0,0,1012,0,0,1,-1,0,1,-1,1,-1,-1,-1,-1,0,0,0,0,0,0,0,0,0,0,0,0,0,0,0,0,
2026-04-16,08:56:03.680,7.66,,,,,,,,,,,,,,,,10,,,,,,,,,,,,,,,,0,17,-1024,0,0,1012,0,0,1,-1,0,1,-1,1,-1,-1,-1,-1,0,0,0,0,0,0,0,0,0,0,0,0,0,0,0,0,
2026-04-16,08:56:03.950,7.66,,,,,,,,,,,,,,,,10,,,,,,,,,,,,,,,,0,18,-1024,0,0,1013,0,0,1,-1,0,1,-1,1,-1,-1,-1,-1,0,0,0,0,0,0,0,0,0,0,0,0,0,0,0,0,
2026-04-16,08:56:04.210,7.66,,,,,,,,,,,,,,,,10,,,,,,,,,,,,,,,,0,17,-1024,0,0,1012,0,0,1,-1,0,1,-1,1,-1,-1,-1,-1,0,0,0,0,0,0,0,0,0,0,0,0,0,0,0,0,
2026-04-16,08:56:04.470,7.66,,,,,,,,,,,,,,,,10,,,,,,,,,,,,,,,,0,17,-1024,0,0,1013,0,0,1,-1,0,1,-1,1,-1,-1,-1,-1,0,0,0,0,0,0,0,0,0,0,0,0,0,0,0,0,
2026-04-16,08:56:04.730,7.65,,,,,,,,,,,,,,,,10,,,,,,,,,,,,,,,,0,18,-1024,0,0,1012,0,0,1,-1,0,1,-1,1,-1,-1,-1,-1,0,0,0,0,0,0,0,0,0,0,0,0,0,0,0,0,
2026-04-16,08:56:05.000,7.66,,,,,,,,,,,,,,,,10,,,,,,,,,,,,,,,,0,17,-1024,0,0,1013,0,0,1,-1,0,1,-1,1,-1,-1,-1,-1,0,0,0,0,0,0,0,0,0,0,0,0,0,0,0,0,
2026-04-16,08:56:05.270,7.66,,,,,,,,,,,,,,,,10,,,,,,,,,,,,,,,,0,17,-1024,0,0,1013,0,0,1,-1,0,1,-1,1,-1,-1,-1,-1,0,0,0,0,0,0,0,0,0,0,0,0,0,0,0,0,
2026-04-16,08:56:05.530,7.65,,,,,,,,,,,,,,,,10,,,,,,,,,,,,,,,,0,17,-1024,0,0,1012,0,0,1,-1,0,1,-1,1,-1,-1,-1,-1,0,0,0,0,0,0,0,0,0,0,0,0,0,0,0,0,
2026-04-16,08:56:05.790,7.66,,,,,,,,,,,,,,,,10,,,,,,,,,,,,,,,,0,17,-1024,0,0,1012,0,0,1,-1,0,1,-1,1,-1,-1,-1,-1,0,0,0,0,0,0,0,0,0,0,0,0,0,0,0,0,
2026-04-16,08:56:06.060,7.66,,,,,,,,,,,,,,,,10,,,,,,,,,,,,,,,,0,17,-1024,0,0,1013,0,0,1,-1,0,1,-1,1,-1,-1,-1,-1,0,0,0,0,0,0,0,0,0,0,0,0,0,0,0,0,
2026-04-16,08:56:06.320,7.66,,,,,,,,,,,,,,,,10,,,,,,,,,,,,,,,,0,17,-1024,0,0,1013,0,0,1,-1,0,1,-1,1,-1,-1,-1,-1,0,0,0,0,0,0,0,0,0,0,0,0,0,0,0,0,
2026-04-16,08:56:06.580,7.66,,,,,,,,,,,,,,,,10,,,,,,,,,,,,,,,,0,17,-1024,0,0,1013,0,0,1,-1,0,1,-1,1,-1,-1,-1,-1,0,0,0,0,0,0,0,0,0,0,0,0,0,0,0,0,
2026-04-16,08:56:06.840,7.66,,,,,,,,,,,,,,,,10,,,,,,,,,,,,,,,,0,17,-1024,0,0,1013,0,0,1,-1,0,1,-1,1,-1,-1,-1,-1,0,0,0,0,0,0,0,0,0,0,0,0,0,0,0,0,
2026-04-16,08:56:07.110,7.66,,,,,,,,,,,,,,,,10,,,,,,,,,,,,,,,,0,18,-1024,0,0,1013,0,0,1,-1,0,1,-1,1,-1,-1,-1,-1,0,0,0,0,0,0,0,0,0,0,0,0,0,0,0,0,
2026-04-16,08:56:07.370,7.65,,,,,,,,,,,,,,,,10,,,,,,,,,,,,,,,,0,17,-1024,0,0,1013,0,0,1,-1,0,1,-1,1,-1,-1,-1,-1,0,0,0,0,0,0,0,0,0,0,0,0,0,0,0,0,
2026-04-16,08:56:07.630,7.66,,,,,,,,,,,,,,,,10,,,,,,,,,,,,,,,,0,17,-1024,0,0,1013,0,0,1,-1,0,1,-1,1,-1,-1,-1,-1,0,0,0,0,0,0,0,0,0,0,0,0,0,0,0,0,
2026-04-16,08:56:07.900,7.66,,,,,,,,,,,,,,,,10,,,,,,,,,,,,,,,,0,17,-1024,0,0,1013,0,0,1,-1,0,1,-1,1,-1,-1,-1,-1,0,0,0,0,0,0,0,0,0,0,0,0,0,0,0,0,
2026-04-16,08:56:08.170,7.66,,,,,,,,,,,,,,,,10,,,,,,,,,,,,,,,,0,17,-1024,0,0,1013,0,0,1,-1,0,1,-1,1,-1,-1,-1,-1,0,0,0,0,0,0,0,0,0,0,0,0,0,0,0,0,
2026-04-16,08:56:08.430,7.66,,,,,,,,,,,,,,,,10,,,,,,,,,,,,,,,,0,17,-1024,0,0,1013,0,0,1,-1,0,1,-1,1,-1,-1,-1,-1,0,0,0,0,0,0,0,0,0,0,0,0,0,0,0,0,
2026-04-16,08:56:08.690,7.65,,,,,,,,,,,,,,,,10,,,,,,,,,,,,,,,,0,17,-1024,0,0,1013,0,0,1,-1,0,1,-1,1,-1,-1,-1,-1,0,0,0,0,0,0,0,0,0,0,0,0,0,0,0,0,
2026-04-16,08:56:08.960,7.66,,,,,,,,,,,,,,,,10,,,,,,,,,,,,,,,,0,17,-1024,0,0,1013,0,0,1,-1,0,1,-1,1,-1,-1,-1,-1,0,0,0,0,0,0,0,0,0,0,0,0,0,0,0,0,
2026-04-16,08:56:09.220,7.66,,,,,,,,,,,,,,,,10,,,,,,,,,,,,,,,,0,17,-1024,0,0,1013,0,0,1,-1,0,1,-1,1,-1,-1,-1,-1,0,0,0,0,0,0,0,0,0,0,0,0,0,0,0,0,
2026-04-16,08:56:09.480,7.66,,,,,,,,,,,,,,,,10,,,,,,,,,,,,,,,,0,17,-1024,0,0,1012,0,0,1,-1,0,1,-1,1,-1,-1,-1,-1,0,0,0,0,0,0,0,0,0,0,0,0,0,0,0,0,
2026-04-16,08:56:09.750,7.66,,,,,,,,,,,,,,,,10,,,,,,,,,,,,,,,,0,17,-1024,0,0,1013,0,0,1,-1,0,1,-1,1,-1,-1,-1,-1,0,0,0,0,0,0,0,0,0,0,0,0,0,0,0,0,
2026-04-16,08:56:10.020,7.66,,,,,,,,,,,,,,,,10,,,,,,,,,,,,,,,,0,17,-1024,0,0,1013,0,0,1,-1,0,1,-1,1,-1,-1,-1,-1,0,0,0,0,0,0,0,0,0,0,0,0,0,0,0,0,
2026-04-16,08:56:10.280,7.65,,,,,,,,,,,,,,,,10,,,,,,,,,,,,,,,,0,17,-1024,0,0,1013,0,0,1,-1,0,1,-1,1,-1,-1,-1,-1,0,0,0,0,0,0,0,0,0,0,0,0,0,0,0,0,
2026-04-16,08:56:10.540,7.66,,,,,,,,,,,,,,,,10,,,,,,,,,,,,,,,,0,17,-1024,0,0,1013,0,0,1,-1,0,1,-1,1,-1,-1,-1,-1,0,0,0,0,0,0,0,0,0,0,0,0,0,0,0,0,
2026-04-16,08:56:10.800,7.66,,,,,,,,,,,,,,,,10,,,,,,,,,,,,,,,,0,17,-1024,0,0,1013,0,0,1,-1,0,1,-1,1,-1,-1,-1,-1,0,0,0,0,0,0,0,0,0,0,0,0,0,0,0,0,
2026-04-16,08:56:11.080,7.66,,,,,,,,,,,,,,,,10,,,,,,,,,,,,,,,,0,17,-1024,0,0,1013,0,0,1,-1,0,1,-1,1,-1,-1,-1,-1,0,0,0,0,0,0,0,0,0,0,0,0,0,0,0,0,
2026-04-16,08:56:11.340,7.66,,,,,,,,,,,,,,,,10,,,,,,,,,,,,,,,,0,17,-1024,0,0,1013,0,0,1,-1,0,1,-1,1,-1,-1,-1,-1,0,0,0,0,0,0,0,0,0,0,0,0,0,0,0,0,
2026-04-16,08:56:11.600,7.65,,,,,,,,,,,,,,,,10,,,,,,,,,,,,,,,,0,17,-1024,0,0,1013,0,0,1,-1,0,1,-1,1,-1,-1,-1,-1,0,0,0,0,0,0,0,0,0,0,0,0,0,0,0,0,
2026-04-16,08:56:11.860,7.66,,,,,,,,,,,,,,,,10,,,,,,,,,,,,,,,,0,18,-1024,0,0,1013,0,0,1,-1,0,1,-1,1,-1,-1,-1,-1,0,0,0,0,0,0,0,0,0,0,0,0,0,0,0,0,
2026-04-16,08:56:12.140,7.65,,,,,,,,,,,,,,,,10,,,,,,,,,,,,,,,,0,17,-1024,0,0,1013,0,0,1,-1,0,1,-1,1,-1,-1,-1,-1,0,0,0,0,0,0,0,0,0,0,0,0,0,0,0,0,
2026-04-16,08:56:12.400,7.65,,,,,,,,,,,,,,,,10,,,,,,,,,,,,,,,,0,17,-1024,0,0,1013,0,0,1,-1,0,1,-1,1,-1,-1,-1,-1,0,0,0,0,0,0,0,0,0,0,0,0,0,0,0,0,
2026-04-16,08:56:12.660,7.66,,,,,,,,,,,,,,,,10,,,,,,,,,,,,,,,,0,17,-1024,0,0,1013,0,0,1,-1,0,1,-1,1,-1,-1,-1,-1,0,0,0,0,0,0,0,0,0,0,0,0,0,0,0,0,
2026-04-16,08:56:12.920,7.66,,,,,,,,,,,,,,,,10,,,,,,,,,,,,,,,,0,17,-1024,0,0,1013,0,0,1,-1,0,1,-1,1,-1,-1,-1,-1,0,0,0,0,0,0,0,0,0,0,0,0,0,0,0,0,
2026-04-16,08:56:13.190,7.65,,,,,,,,,,,,,,,,10,,,,,,,,,,,,,,,,0,17,-1024,0,0,1013,0,0,1,-1,0,1,-1,1,-1,-1,-1,-1,0,0,0,0,0,0,0,0,0,0,0,0,0,0,0,0,
2026-04-16,08:56:13.450,7.65,,,,,,,,,,,,,,,,10,,,,,,,,,,,,,,,,0,17,-1024,0,0,1013,0,0,1,-1,0,1,-1,1,-1,-1,-1,-1,0,0,0,0,0,0,0,0,0,0,0,0,0,0,0,0,
2026-04-16,08:56:13.710,7.66,,,,,,,,,,,,,,,,10,,,,,,,,,,,,,,,,0,17,-1024,0,0,1013,0,0,1,-1,0,1,-1,1,-1,-1,-1,-1,0,0,0,0,0,0,0,0,0,0,0,0,0,0,0,0,
2026-04-16,08:56:13.970,7.66,,,,,,,,,,,,,,,,10,,,,,,,,,,,,,,,,0,17,-1024,0,0,1013,0,0,1,-1,0,1,-1,1,-1,-1,-1,-1,0,0,0,0,0,0,0,0,0,0,0,0,0,0,0,0,
2026-04-16,08:56:14.240,7.65,,,,,,,,,,,,,,,,10,,,,,,,,,,,,,,,,0,17,-1024,0,0,1013,0,0,1,-1,0,1,-1,1,-1,-1,-1,-1,0,0,0,0,0,0,0,0,0,0,0,0,0,0,0,0,
2026-04-16,08:56:14.500,7.66,,,,,,,,,,,,,,,,10,,,,,,,,,,,,,,,,0,17,-1024,0,0,1013,0,0,1,-1,0,1,-1,1,-1,-1,-1,-1,0,0,0,0,0,0,0,0,0,0,0,0,0,0,0,0,
2026-04-16,08:56:14.760,7.66,,,,,,,,,,,,,,,,10,,,,,,,,,,,,,,,,0,17,-1024,0,0,1013,0,0,1,-1,0,1,-1,1,-1,-1,-1,-1,0,0,0,0,0,0,0,0,0,0,0,0,0,0,0,0,
2026-04-16,08:56:15.030,7.66,,,,,,,,,,,,,,,,10,,,,,,,,,,,,,,,,0,17,-1024,0,0,1013,0,0,1,-1,0,1,-1,1,-1,-1,-1,-1,0,0,0,0,0,0,0,0,0,0,0,0,0,0,0,0,
2026-04-16,08:56:15.290,7.65,,,,,,,,,,,,,,,,10,,,,,,,,,,,,,,,,0,17,-1024,0,0,1013,0,0,1,-1,0,1,-1,1,-1,-1,-1,-1,0,0,0,0,0,0,0,0,0,0,0,0,0,0,0,0,
2026-04-16,08:56:15.560,7.66,,,,,,,,,,,,,,,,10,,,,,,,,,,,,,,,,0,17,-1024,0,0,1013,0,0,1,-1,0,1,-1,1,-1,-1,-1,-1,0,0,0,0,0,0,0,0,0,0,0,0,0,0,0,0,
2026-04-16,08:56:15.820,7.65,,,,,,,,,,,,,,,,10,,,,,,,,,,,,,,,,0,17,-1024,0,0,1013,0,0,1,-1,0,1,-1,1,-1,-1,-1,-1,0,0,0,0,0,0,0,0,0,0,0,0,0,0,0,0,
2026-04-16,08:56:16.080,7.66,,,,,,,,,,,,,,,,10,,,,,,,,,,,,,,,,0,17,-1024,0,0,1013,0,0,1,-1,0,1,-1,1,-1,-1,-1,-1,0,0,0,0,0,0,0,0,0,0,0,0,0,0,0,0,
2026-04-16,08:56:16.350,7.66,,,,,,,,,,,,,,,,10,,,,,,,,,,,,,,,,0,17,-1024,0,0,1013,0,0,1,-1,0,1,-1,1,-1,-1,-1,-1,0,0,0,0,0,0,0,0,0,0,0,0,0,0,0,0,
2026-04-16,08:56:16.610,7.65,,,,,,,,,,,,,,,,10,,,,,,,,,,,,,,,,0,17,-1024,0,0,1013,0,0,1,-1,0,1,-1,1,-1,-1,-1,-1,0,0,0,0,0,0,0,0,0,0,0,0,0,0,0,0,
2026-04-16,08:56:16.880,7.66,,,,,,,,,,,,,,,,10,,,,,,,,,,,,,,,,0,17,-1024,0,0,1013,0,0,1,-1,0,1,-1,1,-1,-1,-1,-1,0,0,0,0,0,0,0,0,0,0,0,0,0,0,0,0,
2026-04-16,08:56:17.140,7.66,,,,,,,,,,,,,,,,10,,,,,,,,,,,,,,,,0,17,-1024,0,0,1012,0,0,1,-1,0,1,-1,1,-1,-1,-1,-1,0,0,0,0,0,0,0,0,0,0,0,0,0,0,0,0,
2026-04-16,08:56:17.410,7.66,,,,,,,,,,,,,,,,10,,,,,,,,,,,,,,,,0,17,-1024,0,0,1013,0,0,1,-1,0,1,-1,1,-1,-1,-1,-1,0,0,0,0,0,0,0,0,0,0,0,0,0,0,0,0,
2026-04-16,08:56:17.670,7.65,,,,,,,,,,,,,,,,10,,,,,,,,,,,,,,,,0,17,-1024,0,0,1013,0,0,1,-1,0,1,-1,1,-1,-1,-1,-1,0,0,0,0,0,0,0,0,0,0,0,0,0,0,0,0,
2026-04-16,08:56:17.940,7.65,,,,,,,,,,,,,,,,10,,,,,,,,,,,,,,,,0,17,-1024,0,0,1013,0,0,1,-1,0,1,-1,1,-1,-1,-1,-1,0,0,0,0,0,0,0,0,0,0,0,0,0,0,0,0,
2026-04-16,08:56:18.210,7.66,,,,,,,,,,,,,,,,10,,,,,,,,,,,,,,,,0,17,-1024,0,0,1013,0,0,1,-1,0,1,-1,1,-1,-1,-1,-1,0,0,0,0,0,0,0,0,0,0,0,0,0,0,0,0,
2026-04-16,08:56:18.470,7.66,,,,,,,,,,,,,,,,10,,,,,,,,,,,,,,,,0,17,-1024,0,0,1013,0,0,1,-1,0,1,-1,1,-1,-1,-1,-1,0,0,0,0,0,0,0,0,0,0,0,0,0,0,0,0,
2026-04-16,08:56:18.740,7.65,,,,,,,,,,,,,,,,10,,,,,,,,,,,,,,,,0,17,-1024,0,0,1013,0,0,1,-1,0,1,-1,1,-1,-1,-1,-1,0,0,0,0,0,0,0,0,0,0,0,0,0,0,0,0,
2026-04-16,08:56:19.000,7.66,,,,,,,,,,,,,,,,10,,,,,,,,,,,,,,,,0,17,-1024,0,0,1013,0,0,1,-1,0,1,-1,1,-1,-1,-1,-1,0,0,0,0,0,0,0,0,0,0,0,0,0,0,0,0,
2026-04-16,08:56:19.270,7.66,,,,,,,,,,,,,,,,10,,,,,,,,,,,,,,,,0,17,-1024,0,0,1013,0,0,1,-1,0,1,-1,1,-1,-1,-1,-1,0,0,0,0,0,0,0,0,0,0,0,0,0,0,0,0,
2026-04-16,08:56:19.540,7.65,,,,,,,,,,,,,,,,10,,,,,,,,,,,,,,,,0,17,-1024,0,0,1013,0,0,1,-1,0,1,-1,1,-1,-1,-1,-1,0,0,0,0,0,0,0,0,0,0,0,0,0,0,0,0,
2026-04-16,08:56:19.800,7.65,,,,,,,,,,,,,,,,10,,,,,,,,,,,,,,,,0,17,-1024,0,0,1013,0,0,1,-1,0,1,-1,1,-1,-1,-1,-1,0,0,0,0,0,0,0,0,0,0,0,0,0,0,0,0,
2026-04-16,08:56:20.060,7.66,,,,,,,,,,,,,,,,10,,,,,,,,,,,,,,,,0,17,-1024,0,0,1013,0,0,1,-1,0,1,-1,1,-1,-1,-1,-1,0,0,0,0,0,0,0,0,0,0,0,0,0,0,0,0,
2026-04-16,08:56:20.330,7.66,,,,,,,,,,,,,,,,10,,,,,,,,,,,,,,,,0,17,-1024,0,0,1013,0,0,1,-1,0,1,-1,1,-1,-1,-1,-1,0,0,0,0,0,0,0,0,0,0,0,0,0,0,0,0,
2026-04-16,08:56:20.590,7.66,,,,,,,,,,,,,,,,10,,,,,,,,,,,,,,,,0,17,-1024,0,0,1013,0,0,1,-1,0,1,-1,1,-1,-1,-1,-1,0,0,0,0,0,0,0,0,0,0,0,0,0,0,0,0,
2026-04-16,08:56:20.850,7.66,,,,,,,,,,,,,,,,10,,,,,,,,,,,,,,,,0,17,-1024,0,0,1013,0,0,1,-1,0,1,-1,1,-1,-1,-1,-1,0,0,0,0,0,0,0,0,0,0,0,0,0,0,0,0,
2026-04-16,08:56:21.110,7.66,,,,,,,,,,,,,,,,10,,,,,,,,,,,,,,,,0,17,-1024,0,0,1013,0,0,1,-1,0,1,-1,1,-1,-1,-1,-1,0,0,0,0,0,0,0,0,0,0,0,0,0,0,0,0,
2026-04-16,08:56:21.380,7.66,,,,,,,,,,,,,,,,10,,,,,,,,,,,,,,,,0,17,-1024,0,0,1013,0,0,1,-1,0,1,-1,1,-1,-1,-1,-1,0,0,0,0,0,0,0,0,0,0,0,0,0,0,0,0,
2026-04-16,08:56:21.640,7.65,,,,,,,,,,,,,,,,10,,,,,,,,,,,,,,,,0,17,-1024,0,0,1013,0,0,1,-1,0,1,-1,1,-1,-1,-1,-1,0,0,0,0,0,0,0,0,0,0,0,0,0,0,0,0,
2026-04-16,08:56:21.900,7.65,,,,,,,,,,,,,,,,10,,,,,,,,,,,,,,,,0,17,-1024,0,0,1013,0,0,1,-1,0,1,-1,1,-1,-1,-1,-1,0,0,0,0,0,0,0,0,0,0,0,0,0,0,0,0,
2026-04-16,08:56:22.170,7.66,,,,,,,,,,,,,,,,10,,,,,,,,,,,,,,,,0,17,-1024,0,0,1012,0,0,1,-1,0,1,-1,1,-1,-1,-1,-1,0,0,0,0,0,0,0,0,0,0,0,0,0,0,0,0,
2026-04-16,08:56:22.440,7.65,,,,,,,,,,,,,,,,10,,,,,,,,,,,,,,,,0,17,-1024,0,0,1013,0,0,1,-1,0,1,-1,1,-1,-1,-1,-1,0,0,0,0,0,0,0,0,0,0,0,0,0,0,0,0,
2026-04-16,08:56:22.710,7.66,,,,,,,,,,,,,,,,10,,,,,,,,,,,,,,,,0,17,-1024,0,0,1013,0,0,1,-1,0,1,-1,1,-1,-1,-1,-1,0,0,0,0,0,0,0,0,0,0,0,0,0,0,0,0,
2026-04-16,08:56:22.970,7.65,,,,,,,,,,,,,,,,10,,,,,,,,,,,,,,,,0,17,-1024,0,0,1012,0,0,1,-1,0,1,-1,1,-1,-1,-1,-1,0,0,0,0,0,0,0,0,0,0,0,0,0,0,0,0,
2026-04-16,08:56:23.240,7.66,,,,,,,,,,,,,,,,10,,,,,,,,,,,,,,,,0,17,-1024,0,0,1013,0,0,1,-1,0,1,-1,1,-1,-1,-1,-1,0,0,0,0,0,0,0,0,0,0,0,0,0,0,0,0,
2026-04-16,08:56:23.500,7.66,,,,,,,,,,,,,,,,10,,,,,,,,,,,,,,,,0,17,-1024,0,0,1013,0,0,1,-1,0,1,-1,1,-1,-1,-1,-1,0,0,0,0,0,0,0,0,0,0,0,0,0,0,0,0,
2026-04-16,08:56:23.760,7.66,,,,,,,,,,,,,,,,10,,,,,,,,,,,,,,,,0,17,-1024,0,0,1013,0,0,1,-1,0,1,-1,1,-1,-1,-1,-1,0,0,0,0,0,0,0,0,0,0,0,0,0,0,0,0,
2026-04-16,08:56:24.030,7.66,,,,,,,,,,,,,,,,10,,,,,,,,,,,,,,,,0,17,-1024,0,0,1013,0,0,1,-1,0,1,-1,1,-1,-1,-1,-1,0,0,0,0,0,0,0,0,0,0,0,0,0,0,0,0,
2026-04-16,08:56:24.300,7.65,,,,,,,,,,,,,,,,10,,,,,,,,,,,,,,,,0,17,-1024,0,0,1013,0,0,1,-1,0,1,-1,1,-1,-1,-1,-1,0,0,0,0,0,0,0,0,0,0,0,0,0,0,0,0,
2026-04-16,08:56:24.580,7.66,,,,,,,,,,,,,,,,10,,,,,,,,,,,,,,,,0,17,-1024,0,0,1013,0,0,1,-1,0,1,-1,1,-1,-1,-1,-1,0,0,0,0,0,0,0,0,0,0,0,0,0,0,0,0,
2026-04-16,08:56:24.840,7.66,,,,,,,,,,,,,,,,10,,,,,,,,,,,,,,,,0,18,-1024,0,0,1013,0,0,1,-1,0,1,-1,1,-1,-1,-1,-1,0,0,0,0,0,0,0,0,0,0,0,0,0,0,0,0,
2026-04-16,08:56:25.110,7.66,,,,,,,,,,,,,,,,10,,,,,,,,,,,,,,,,0,18,-1024,0,0,1013,0,0,1,-1,0,1,-1,1,-1,-1,-1,-1,0,0,0,0,0,0,0,0,0,0,0,0,0,0,0,0,
2026-04-16,08:56:25.370,7.66,,,,,,,,,,,,,,,,10,,,,,,,,,,,,,,,,0,17,-1024,0,0,1013,0,0,1,-1,0,1,-1,1,-1,-1,-1,-1,0,0,0,0,0,0,0,0,0,0,0,0,0,0,0,0,
2026-04-16,08:56:25.630,7.66,,,,,,,,,,,,,,,,10,,,,,,,,,,,,,,,,0,17,-1024,0,0,1013,0,0,1,-1,0,1,-1,1,-1,-1,-1,-1,0,0,0,0,0,0,0,0,0,0,0,0,0,0,0,0,
2026-04-16,08:56:25.890,7.66,,,,,,,,,,,,,,,,10,,,,,,,,,,,,,,,,0,18,-1024,0,0,1013,0,0,1,-1,0,1,-1,1,-1,-1,-1,-1,0,0,0,0,0,0,0,0,0,0,0,0,0,0,0,0,
2026-04-16,08:56:26.160,7.66,,,,,,,,,,,,,,,,10,,,,,,,,,,,,,,,,0,17,-1024,0,0,1013,0,0,1,-1,0,1,-1,1,-1,-1,-1,-1,0,0,0,0,0,0,0,0,0,0,0,0,0,0,0,0,
2026-04-16,08:56:26.430,7.66,,,,,,,,,,,,,,,,10,,,,,,,,,,,,,,,,0,17,-1024,0,0,1013,0,0,1,-1,0,1,-1,1,-1,-1,-1,-1,0,0,0,0,0,0,0,0,0,0,0,0,0,0,0,0,
2026-04-16,08:56:26.690,7.66,,,,,,,,,,,,,,,,10,,,,,,,,,,,,,,,,0,17,-1024,0,0,1013,0,0,1,-1,0,1,-1,1,-1,-1,-1,-1,0,0,0,0,0,0,0,0,0,0,0,0,0,0,0,0,
2026-04-16,08:56:26.950,7.66,,,,,,,,,,,,,,,,10,,,,,,,,,,,,,,,,0,17,-1024,0,0,1013,0,0,1,-1,0,1,-1,1,-1,-1,-1,-1,0,0,0,0,0,0,0,0,0,0,0,0,0,0,0,0,
2026-04-16,08:56:27.210,7.66,,,,,,,,,,,,,,,,10,,,,,,,,,,,,,,,,0,17,-1024,0,0,1013,0,0,1,-1,0,1,-1,1,-1,-1,-1,-1,0,0,0,0,0,0,0,0,0,0,0,0,0,0,0,0,
2026-04-16,08:56:27.480,7.66,,,,,,,,,,,,,,,,10,,,,,,,,,,,,,,,,0,17,-1024,0,0,1013,0,0,1,-1,0,1,-1,1,-1,-1,-1,-1,0,0,0,0,0,0,0,0,0,0,0,0,0,0,0,0,
2026-04-16,08:56:27.740,7.66,,,,,,,,,,,,,,,,10,,,,,,,,,,,,,,,,0,17,-1024,0,0,1013,0,0,1,-1,0,1,-1,1,-1,-1,-1,-1,0,0,0,0,0,0,0,0,0,0,0,0,0,0,0,0,
2026-04-16,08:56:28.000,7.65,,,,,,,,,,,,,,,,10,,,,,,,,,,,,,,,,0,17,-1024,0,0,1013,0,0,1,-1,0,1,-1,1,-1,-1,-1,-1,0,0,0,0,0,0,0,0,0,0,0,0,0,0,0,0,
2026-04-16,08:56:28.270,7.66,,,,,,,,,,,,,,,,10,,,,,,,,,,,,,,,,0,17,-1024,0,0,1013,0,0,1,-1,0,1,-1,1,-1,-1,-1,-1,0,0,0,0,0,0,0,0,0,0,0,0,0,0,0,0,
2026-04-16,08:56:28.540,7.65,,,,,,,,,,,,,,,,10,,,,,,,,,,,,,,,,0,17,-1024,0,0,1013,0,0,1,-1,0,1,-1,1,-1,-1,-1,-1,0,0,0,0,0,0,0,0,0,0,0,0,0,0,0,0,
2026-04-16,08:56:28.800,7.66,,,,,,,,,,,,,,,,10,,,,,,,,,,,,,,,,0,17,-1024,0,0,1013,0,0,1,-1,0,1,-1,1,-1,-1,-1,-1,0,0,0,0,0,0,0,0,0,0,0,0,0,0,0,0,
2026-04-16,08:56:29.070,7.66,,,,,,,,,,,,,,,,10,,,,,,,,,,,,,,,,0,18,-1024,0,0,1013,0,0,1,-1,0,1,-1,1,-1,-1,-1,-1,0,0,0,0,0,0,0,0,0,0,0,0,0,0,0,0,
2026-04-16,08:56:29.330,7.65,,,,,,,,,,,,,,,,10,,,,,,,,,,,,,,,,0,17,-1024,0,0,1013,0,0,1,-1,0,1,-1,1,-1,-1,-1,-1,0,0,0,0,0,0,0,0,0,0,0,0,0,0,0,0,
2026-04-16,08:56:29.600,7.66,,,,,,,,,,,,,,,,10,,,,,,,,,,,,,,,,0,17,-1024,0,0,1013,0,0,1,-1,0,1,-1,1,-1,-1,-1,-1,0,0,0,0,0,0,0,0,0,0,0,0,0,0,0,0,
2026-04-16,08:56:29.860,7.65,,,,,,,,,,,,,,,,10,,,,,,,,,,,,,,,,0,17,-1024,0,0,1013,0,0,1,-1,0,1,-1,1,-1,-1,-1,-1,0,0,0,0,0,0,0,0,0,0,0,0,0,0,0,0,
2026-04-16,08:56:30.120,7.66,,,,,,,,,,,,,,,,10,,,,,,,,,,,,,,,,0,17,-1024,0,0,1013,0,0,1,-1,0,1,-1,1,-1,-1,-1,-1,0,0,0,0,0,0,0,0,0,0,0,0,0,0,0,0,
2026-04-16,08:56:30.380,7.66,,,,,,,,,,,,,,,,10,,,,,,,,,,,,,,,,0,17,-1024,0,0,1013,0,0,1,-1,0,1,-1,1,-1,-1,-1,-1,0,0,0,0,0,0,0,0,0,0,0,0,0,0,0,0,
2026-04-16,08:56:30.650,7.66,,,,,,,,,,,,,,,,10,,,,,,,,,,,,,,,,0,17,-1024,0,0,1013,0,0,1,-1,0,1,-1,1,-1,-1,-1,-1,0,0,0,0,0,0,0,0,0,0,0,0,0,0,0,0,
2026-04-16,08:56:30.910,7.66,,,,,,,,,,,,,,,,10,,,,,,,,,,,,,,,,0,17,-1024,0,0,1013,0,0,1,-1,0,1,-1,1,-1,-1,-1,-1,0,0,0,0,0,0,0,0,0,0,0,0,0,0,0,0,
2026-04-16,08:56:31.180,7.65,,,,,,,,,,,,,,,,10,,,,,,,,,,,,,,,,0,17,-1024,0,0,1012,0,0,1,-1,0,1,-1,1,-1,-1,-1,-1,0,0,0,0,0,0,0,0,0,0,0,0,0,0,0,0,
2026-04-16,08:56:31.450,7.65,,,,,,,,,,,,,,,,10,,,,,,,,,,,,,,,,0,18,-1024,0,0,1013,0,0,1,-1,0,1,-1,1,-1,-1,-1,-1,0,0,0,0,0,0,0,0,0,0,0,0,0,0,0,0,
2026-04-16,08:56:31.710,7.66,,,,,,,,,,,,,,,,10,,,,,,,,,,,,,,,,0,17,-1024,0,0,1013,0,0,1,-1,0,1,-1,1,-1,-1,-1,-1,0,0,0,0,0,0,0,0,0,0,0,0,0,0,0,0,
2026-04-16,08:56:31.980,7.66,,,,,,,,,,,,,,,,10,,,,,,,,,,,,,,,,0,17,-1024,0,0,1013,0,0,1,-1,0,1,-1,1,-1,-1,-1,-1,0,0,0,0,0,0,0,0,0,0,0,0,0,0,0,0,
2026-04-16,08:56:32.240,7.66,,,,,,,,,,,,,,,,10,,,,,,,,,,,,,,,,0,17,-1024,0,0,1013,0,0,1,-1,0,1,-1,1,-1,-1,-1,-1,0,0,0,0,0,0,0,0,0,0,0,0,0,0,0,0,
2026-04-16,08:56:32.510,7.66,,,,,,,,,,,,,,,,10,,,,,,,,,,,,,,,,0,17,-1024,0,0,1012,0,0,1,-1,0,1,-1,1,-1,-1,-1,-1,0,0,0,0,0,0,0,0,0,0,0,0,0,0,0,0,
2026-04-16,08:56:32.770,7.66,,,,,,,,,,,,,,,,10,,,,,,,,,,,,,,,,0,17,-1024,0,0,1013,0,0,1,-1,0,1,-1,1,-1,-1,-1,-1,0,0,0,0,0,0,0,0,0,0,0,0,0,0,0,0,
2026-04-16,08:56:33.040,7.66,,,,,,,,,,,,,,,,10,,,,,,,,,,,,,,,,0,17,-1024,0,0,1013,0,0,1,-1,0,1,-1,1,-1,-1,-1,-1,0,0,0,0,0,0,0,0,0,0,0,0,0,0,0,0,
2026-04-16,08:56:33.300,7.65,,,,,,,,,,,,,,,,10,,,,,,,,,,,,,,,,0,17,-1024,0,0,1013,0,0,1,-1,0,1,-1,1,-1,-1,-1,-1,0,0,0,0,0,0,0,0,0,0,0,0,0,0,0,0,
2026-04-16,08:56:33.570,7.65,,,,,,,,,,,,,,,,10,,,,,,,,,,,,,,,,0,17,-1024,0,0,1013,0,0,1,-1,0,1,-1,1,-1,-1,-1,-1,0,0,0,0,0,0,0,0,0,0,0,0,0,0,0,0,
2026-04-16,08:56:33.830,7.65,,,,,,,,,,,,,,,,10,,,,,,,,,,,,,,,,0,17,-1024,0,0,1013,0,0,1,-1,0,1,-1,1,-1,-1,-1,-1,0,0,0,0,0,0,0,0,0,0,0,0,0,0,0,0,
2026-04-16,08:56:34.100,7.65,,,,,,,,,,,,,,,,10,,,,,,,,,,,,,,,,0,17,-1024,0,0,1013,0,0,1,-1,0,1,-1,1,-1,-1,-1,-1,0,0,0,0,0,0,0,0,0,0,0,0,0,0,0,0,
2026-04-16,08:56:34.360,7.66,,,,,,,,,,,,,,,,10,,,,,,,,,,,,,,,,0,18,-1024,0,0,1013,0,0,1,-1,0,1,-1,1,-1,-1,-1,-1,0,0,0,0,0,0,0,0,0,0,0,0,0,0,0,0,
2026-04-16,08:56:34.630,7.66,,,,,,,,,,,,,,,,10,,,,,,,,,,,,,,,,0,17,-1024,0,0,1013,0,0,1,-1,0,1,-1,1,-1,-1,-1,-1,0,0,0,0,0,0,0,0,0,0,0,0,0,0,0,0,
2026-04-16,08:56:34.890,7.65,,,,,,,,,,,,,,,,10,,,,,,,,,,,,,,,,0,17,-1024,0,0,1013,0,0,1,-1,0,1,-1,1,-1,-1,-1,-1,0,0,0,0,0,0,0,0,0,0,0,0,0,0,0,0,
2026-04-16,08:56:35.150,7.65,,,,,,,,,,,,,,,,10,,,,,,,,,,,,,,,,0,17,-1024,0,0,1013,0,0,1,-1,0,1,-1,1,-1,-1,-1,-1,0,0,0,0,0,0,0,0,0,0,0,0,0,0,0,0,
2026-04-16,08:56:35.420,7.65,,,,,,,,,,,,,,,,10,,,,,,,,,,,,,,,,0,17,-1024,0,0,1012,0,0,1,-1,0,1,-1,1,-1,-1,-1,-1,0,0,0,0,0,0,0,0,0,0,0,0,0,0,0,0,
2026-04-16,08:56:35.680,7.66,,,,,,,,,,,,,,,,10,,,,,,,,,,,,,,,,0,18,-1024,0,0,1013,0,0,1,-1,0,1,-1,1,-1,-1,-1,-1,0,0,0,0,0,0,0,0,0,0,0,0,0,0,0,0,
2026-04-16,08:56:35.950,7.66,,,,,,,,,,,,,,,,10,,,,,,,,,,,,,,,,0,18,-1024,0,0,1013,0,0,1,-1,0,1,-1,1,-1,-1,-1,-1,0,0,0,0,0,0,0,0,0,0,0,0,0,0,0,0,
2026-04-16,08:56:36.210,7.65,,,,,,,,,,,,,,,,10,,,,,,,,,,,,,,,,0,17,-1024,0,0,1012,0,0,1,-1,0,1,-1,1,-1,-1,-1,-1,0,0,0,0,0,0,0,0,0,0,0,0,0,0,0,0,
2026-04-16,08:56:36.470,7.66,,,,,,,,,,,,,,,,10,,,,,,,,,,,,,,,,0,17,-1024,0,0,1013,0,0,1,-1,0,1,-1,1,-1,-1,-1,-1,0,0,0,0,0,0,0,0,0,0,0,0,0,0,0,0,
2026-04-16,08:56:36.740,7.65,,,,,,,,,,,,,,,,10,,,,,,,,,,,,,,,,0,17,-1024,0,0,1013,0,0,1,-1,0,1,-1,1,-1,-1,-1,-1,0,0,0,0,0,0,0,0,0,0,0,0,0,0,0,0,
2026-04-16,08:56:37.000,7.66,,,,,,,,,,,,,,,,10,,,,,,,,,,,,,,,,0,17,-1024,0,0,1013,0,0,1,-1,0,1,-1,1,-1,-1,-1,-1,0,0,0,0,0,0,0,0,0,0,0,0,0,0,0,0,
2026-04-16,08:56:37.270,7.66,,,,,,,,,,,,,,,,10,,,,,,,,,,,,,,,,0,17,-1024,0,0,1013,0,0,1,-1,0,1,-1,1,-1,-1,-1,-1,0,0,0,0,0,0,0,0,0,0,0,0,0,0,0,0,
2026-04-16,08:56:37.540,7.65,,,,,,,,,,,,,,,,10,,,,,,,,,,,,,,,,0,17,-1024,0,0,1013,0,0,1,-1,0,1,-1,1,-1,-1,-1,-1,0,0,0,0,0,0,0,0,0,0,0,0,0,0,0,0,
2026-04-16,08:56:37.800,7.66,,,,,,,,,,,,,,,,10,,,,,,,,,,,,,,,,0,17,-1024,0,0,1013,0,0,1,-1,0,1,-1,1,-1,-1,-1,-1,0,0,0,0,0,0,0,0,0,0,0,0,0,0,0,0,
2026-04-16,08:56:38.070,7.66,,,,,,,,,,,,,,,,10,,,,,,,,,,,,,,,,0,17,-1024,0,0,1013,0,0,1,-1,0,1,-1,1,-1,-1,-1,-1,0,0,0,0,0,0,0,0,0,0,0,0,0,0,0,0,
2026-04-16,08:56:38.330,7.66,,,,,,,,,,,,,,,,10,,,,,,,,,,,,,,,,0,17,-1024,0,0,1013,0,0,1,-1,0,1,-1,1,-1,-1,-1,-1,0,0,0,0,0,0,0,0,0,0,0,0,0,0,0,0,
2026-04-16,08:56:38.590,7.66,,,,,,,,,,,,,,,,10,,,,,,,,,,,,,,,,0,17,-1024,0,0,1012,0,0,1,-1,0,1,-1,1,-1,-1,-1,-1,0,0,0,0,0,0,0,0,0,0,0,0,0,0,0,0,
2026-04-16,08:56:38.850,7.66,,,,,,,,,,,,,,,,10,,,,,,,,,,,,,,,,0,17,-1024,0,0,1013,0,0,1,-1,0,1,-1,1,-1,-1,-1,-1,0,0,0,0,0,0,0,0,0,0,0,0,0,0,0,0,
2026-04-16,08:56:39.120,7.66,,,,,,,,,,,,,,,,10,,,,,,,,,,,,,,,,0,17,-1024,0,0,1013,0,0,1,-1,0,1,-1,1,-1,-1,-1,-1,0,0,0,0,0,0,0,0,0,0,0,0,0,0,0,0,
2026-04-16,08:56:39.380,7.65,,,,,,,,,,,,,,,,10,,,,,,,,,,,,,,,,0,17,-1024,0,0,1013,0,0,1,-1,0,1,-1,1,-1,-1,-1,-1,0,0,0,0,0,0,0,0,0,0,0,0,0,0,0,0,
2026-04-16,08:56:39.650,7.66,,,,,,,,,,,,,,,,10,,,,,,,,,,,,,,,,0,17,-1024,0,0,1013,0,0,1,-1,0,1,-1,1,-1,-1,-1,-1,0,0,0,0,0,0,0,0,0,0,0,0,0,0,0,0,
2026-04-16,08:56:39.910,7.66,,,,,,,,,,,,,,,,10,,,,,,,,,,,,,,,,0,18,-1024,0,0,1013,0,0,1,-1,0,1,-1,1,-1,-1,-1,-1,0,0,0,0,0,0,0,0,0,0,0,0,0,0,0,0,
2026-04-16,08:56:40.180,7.66,,,,,,,,,,,,,,,,10,,,,,,,,,,,,,,,,0,18,-1024,0,0,1013,0,0,1,-1,0,1,-1,1,-1,-1,-1,-1,0,0,0,0,0,0,0,0,0,0,0,0,0,0,0,0,
2026-04-16,08:56:40.440,7.65,,,,,,,,,,,,,,,,10,,,,,,,,,,,,,,,,0,17,-1024,0,0,1013,0,0,1,-1,0,1,-1,1,-1,-1,-1,-1,0,0,0,0,0,0,0,0,0,0,0,0,0,0,0,0,
2026-04-16,08:56:40.710,7.66,,,,,,,,,,,,,,,,10,,,,,,,,,,,,,,,,0,17,-1024,0,0,1013,0,0,1,-1,0,1,-1,1,-1,-1,-1,-1,0,0,0,0,0,0,0,0,0,0,0,0,0,0,0,0,
2026-04-16,08:56:40.970,7.66,,,,,,,,,,,,,,,,10,,,,,,,,,,,,,,,,0,18,-1024,0,0,1013,0,0,1,-1,0,1,-1,1,-1,-1,-1,-1,0,0,0,0,0,0,0,0,0,0,0,0,0,0,0,0,
2026-04-16,08:56:41.230,7.66,,,,,,,,,,,,,,,,10,,,,,,,,,,,,,,,,0,17,-1024,0,0,1012,0,0,1,-1,0,1,-1,1,-1,-1,-1,-1,0,0,0,0,0,0,0,0,0,0,0,0,0,0,0,0,
2026-04-16,08:56:41.500,7.66,,,,,,,,,,,,,,,,10,,,,,,,,,,,,,,,,0,17,-1024,0,0,1013,0,0,1,-1,0,1,-1,1,-1,-1,-1,-1,0,0,0,0,0,0,0,0,0,0,0,0,0,0,0,0,
2026-04-16,08:56:41.770,7.65,,,,,,,,,,,,,,,,10,,,,,,,,,,,,,,,,0,18,-1024,0,0,1013,0,0,1,-1,0,1,-1,1,-1,-1,-1,-1,0,0,0,0,0,0,0,0,0,0,0,0,0,0,0,0,
2026-04-16,08:56:42.030,7.66,,,,,,,,,,,,,,,,10,,,,,,,,,,,,,,,,0,17,-1024,0,0,1012,0,0,1,-1,0,1,-1,1,-1,-1,-1,-1,0,0,0,0,0,0,0,0,0,0,0,0,0,0,0,0,
2026-04-16,08:56:42.290,7.65,,,,,,,,,,,,,,,,10,,,,,,,,,,,,,,,,0,18,-1024,0,0,1013,0,0,1,-1,0,1,-1,1,-1,-1,-1,-1,0,0,0,0,0,0,0,0,0,0,0,0,0,0,0,0,
2026-04-16,08:56:42.550,7.66,,,,,,,,,,,,,,,,10,,,,,,,,,,,,,,,,0,17,-1024,0,0,1013,0,0,1,-1,0,1,-1,1,-1,-1,-1,-1,0,0,0,0,0,0,0,0,0,0,0,0,0,0,0,0,
2026-04-16,08:56:42.820,7.65,,,,,,,,,,,,,,,,10,,,,,,,,,,,,,,,,0,17,-1024,0,0,1013,0,0,1,-1,0,1,-1,1,-1,-1,-1,-1,0,0,0,0,0,0,0,0,0,0,0,0,0,0,0,0,
2026-04-16,08:56:43.080,7.66,,,,,,,,,,,,,,,,10,,,,,,,,,,,,,,,,0,18,-1024,0,0,1013,0,0,1,-1,0,1,-1,1,-1,-1,-1,-1,0,0,0,0,0,0,0,0,0,0,0,0,0,0,0,0,
2026-04-16,08:56:43.350,7.66,,,,,,,,,,,,,,,,10,,,,,,,,,,,,,,,,0,17,-1024,0,0,1013,0,0,1,-1,0,1,-1,1,-1,-1,-1,-1,0,0,0,0,0,0,0,0,0,0,0,0,0,0,0,0,
2026-04-16,08:56:43.610,7.65,,,,,,,,,,,,,,,,10,,,,,,,,,,,,,,,,0,17,-1024,0,0,1013,0,0,1,-1,0,1,-1,1,-1,-1,-1,-1,0,0,0,0,0,0,0,0,0,0,0,0,0,0,0,0,
2026-04-16,08:56:43.880,7.65,,,,,,,,,,,,,,,,10,,,,,,,,,,,,,,,,0,17,-1024,0,0,1013,0,0,1,-1,0,1,-1,1,-1,-1,-1,-1,0,0,0,0,0,0,0,0,0,0,0,0,0,0,0,0,
2026-04-16,08:56:44.140,7.66,,,,,,,,,,,,,,,,10,,,,,,,,,,,,,,,,0,17,-1024,0,0,1013,0,0,1,-1,0,1,-1,1,-1,-1,-1,-1,0,0,0,0,0,0,0,0,0,0,0,0,0,0,0,0,
2026-04-16,08:56:44.400,7.66,,,,,,,,,,,,,,,,10,,,,,,,,,,,,,,,,0,17,-1024,0,0,1013,0,0,1,-1,0,1,-1,1,-1,-1,-1,-1,0,0,0,0,0,0,0,0,0,0,0,0,0,0,0,0,
2026-04-16,08:56:44.670,7.66,,,,,,,,,,,,,,,,10,,,,,,,,,,,,,,,,0,17,-1024,0,0,1013,0,0,1,-1,0,1,-1,1,-1,-1,-1,-1,0,0,0,0,0,0,0,0,0,0,0,0,0,0,0,0,
2026-04-16,08:56:44.930,7.66,,,,,,,,,,,,,,,,10,,,,,,,,,,,,,,,,0,17,-1024,0,0,1013,0,0,1,-1,0,1,-1,1,-1,-1,-1,-1,0,0,0,0,0,0,0,0,0,0,0,0,0,0,0,0,
2026-04-16,08:56:45.190,7.66,,,,,,,,,,,,,,,,10,,,,,,,,,,,,,,,,0,17,-1024,0,0,1013,0,0,1,-1,0,1,-1,1,-1,-1,-1,-1,0,0,0,0,0,0,0,0,0,0,0,0,0,0,0,0,
2026-04-16,08:56:45.460,7.65,,,,,,,,,,,,,,,,10,,,,,,,,,,,,,,,,0,17,-1024,0,0,1013,0,0,1,-1,0,1,-1,1,-1,-1,-1,-1,0,0,0,0,0,0,0,0,0,0,0,0,0,0,0,0,
2026-04-16,08:56:45.720,7.66,,,,,,,,,,,,,,,,10,,,,,,,,,,,,,,,,0,18,-1024,0,0,1013,0,0,1,-1,0,1,-1,1,-1,-1,-1,-1,0,0,0,0,0,0,0,0,0,0,0,0,0,0,0,0,
2026-04-16,08:56:45.980,7.65,,,,,,,,,,,,,,,,10,,,,,,,,,,,,,,,,0,17,-1024,0,0,1013,0,0,1,-1,0,1,-1,1,-1,-1,-1,-1,0,0,0,0,0,0,0,0,0,0,0,0,0,0,0,0,
2026-04-16,08:56:46.250,7.65,,,,,,,,,,,,,,,,10,,,,,,,,,,,,,,,,0,17,-1024,0,0,1013,0,0,1,-1,0,1,-1,1,-1,-1,-1,-1,0,0,0,0,0,0,0,0,0,0,0,0,0,0,0,0,
2026-04-16,08:56:46.510,7.66,,,,,,,,,,,,,,,,10,,,,,,,,,,,,,,,,0,18,-1024,0,0,1013,0,0,1,-1,0,1,-1,1,-1,-1,-1,-1,0,0,0,0,0,0,0,0,0,0,0,0,0,0,0,0,
2026-04-16,08:56:46.780,7.65,,,,,,,,,,,,,,,,10,,,,,,,,,,,,,,,,0,17,-1024,0,0,1013,0,0,1,-1,0,1,-1,1,-1,-1,-1,-1,0,0,0,0,0,0,0,0,0,0,0,0,0,0,0,0,
2026-04-16,08:56:47.050,7.66,,,,,,,,,,,,,,,,10,,,,,,,,,,,,,,,,0,17,-1024,0,0,1013,0,0,1,-1,0,1,-1,1,-1,-1,-1,-1,0,0,0,0,0,0,0,0,0,0,0,0,0,0,0,0,
2026-04-16,08:56:47.310,7.66,,,,,,,,,,,,,,,,10,,,,,,,,,,,,,,,,0,17,-1024,0,0,1013,0,0,1,-1,0,1,-1,1,-1,-1,-1,-1,0,0,0,0,0,0,0,0,0,0,0,0,0,0,0,0,
2026-04-16,08:56:47.570,7.66,,,,,,,,,,,,,,,,10,,,,,,,,,,,,,,,,0,17,-1024,0,0,1013,0,0,1,-1,0,1,-1,1,-1,-1,-1,-1,0,0,0,0,0,0,0,0,0,0,0,0,0,0,0,0,
2026-04-16,08:56:47.840,7.66,,,,,,,,,,,,,,,,10,,,,,,,,,,,,,,,,0,17,-1024,0,0,1013,0,0,1,-1,0,1,-1,1,-1,-1,-1,-1,0,0,0,0,0,0,0,0,0,0,0,0,0,0,0,0,
2026-04-16,08:56:48.110,7.66,,,,,,,,,,,,,,,,10,,,,,,,,,,,,,,,,0,17,-1024,0,0,1013,0,0,1,-1,0,1,-1,1,-1,-1,-1,-1,0,0,0,0,0,0,0,0,0,0,0,0,0,0,0,0,
2026-04-16,08:56:48.370,7.65,,,,,,,,,,,,,,,,10,,,,,,,,,,,,,,,,0,17,-1024,0,0,1013,0,0,1,-1,0,1,-1,1,-1,-1,-1,-1,0,0,0,0,0,0,0,0,0,0,0,0,0,0,0,0,
2026-04-16,08:56:48.630,7.66,,,,,,,,,,,,,,,,10,,,,,,,,,,,,,,,,0,17,-1024,0,0,1013,0,0,1,-1,0,1,-1,1,-1,-1,-1,-1,0,0,0,0,0,0,0,0,0,0,0,0,0,0,0,0,
2026-04-16,08:56:48.890,7.65,,,,,,,,,,,,,,,,10,,,,,,,,,,,,,,,,0,17,-1024,0,0,1013,0,0,1,-1,0,1,-1,1,-1,-1,-1,-1,0,0,0,0,0,0,0,0,0,0,0,0,0,0,0,0,
2026-04-16,08:56:49.160,7.66,,,,,,,,,,,,,,,,10,,,,,,,,,,,,,,,,0,18,-1024,0,0,1012,0,0,1,-1,0,1,-1,1,-1,-1,-1,-1,0,0,0,0,0,0,0,0,0,0,0,0,0,0,0,0,
2026-04-16,08:56:49.420,7.65,,,,,,,,,,,,,,,,10,,,,,,,,,,,,,,,,0,17,-1024,0,0,1013,0,0,1,-1,0,1,-1,1,-1,-1,-1,-1,0,0,0,0,0,0,0,0,0,0,0,0,0,0,0,0,
2026-04-16,08:56:49.680,7.66,,,,,,,,,,,,,,,,10,,,,,,,,,,,,,,,,0,18,-1024,0,0,1013,0,0,1,-1,0,1,-1,1,-1,-1,-1,-1,0,0,0,0,0,0,0,0,0,0,0,0,0,0,0,0,
2026-04-16,08:56:49.950,7.66,,,,,,,,,,,,,,,,10,,,,,,,,,,,,,,,,0,17,-1024,0,0,1013,0,0,1,-1,0,1,-1,1,-1,-1,-1,-1,0,0,0,0,0,0,0,0,0,0,0,0,0,0,0,0,
2026-04-16,08:56:50.220,7.66,,,,,,,,,,,,,,,,10,,,,,,,,,,,,,,,,0,17,-1024,0,0,1013,0,0,1,-1,0,1,-1,1,-1,-1,-1,-1,0,0,0,0,0,0,0,0,0,0,0,0,0,0,0,0,
2026-04-16,08:56:50.480,7.66,,,,,,,,,,,,,,,,10,,,,,,,,,,,,,,,,0,17,-1024,0,0,1013,0,0,1,-1,0,1,-1,1,-1,-1,-1,-1,0,0,0,0,0,0,0,0,0,0,0,0,0,0,0,0,
2026-04-16,08:56:50.770,7.66,,,,,,,,,,,,,,,,10,,,,,,,,,,,,,,,,0,17,-1024,0,0,1013,0,0,1,-1,0,1,-1,1,-1,-1,-1,-1,0,0,0,0,0,0,0,0,0,0,0,0,0,0,0,0,
2026-04-16,08:56:51.040,7.66,,,,,,,,,,,,,,,,10,,,,,,,,,,,,,,,,0,17,-1024,0,0,1013,0,0,1,-1,0,1,-1,1,-1,-1,-1,-1,0,0,0,0,0,0,0,0,0,0,0,0,0,0,0,0,
2026-04-16,08:56:51.320,7.66,,,,,,,,,,,,,,,,10,,,,,,,,,,,,,,,,0,17,-1024,0,0,1013,0,0,1,-1,0,1,-1,1,-1,-1,-1,-1,0,0,0,0,0,0,0,0,0,0,0,0,0,0,0,0,
2026-04-16,08:56:51.580,7.66,,,,,,,,,,,,,,,,10,,,,,,,,,,,,,,,,0,17,-1024,0,0,1013,0,0,1,-1,0,1,-1,1,-1,-1,-1,-1,0,0,0,0,0,0,0,0,0,0,0,0,0,0,0,0,
2026-04-16,08:56:51.850,7.65,,,,,,,,,,,,,,,,10,,,,,,,,,,,,,,,,0,17,-1024,0,0,1013,0,0,1,-1,0,1,-1,1,-1,-1,-1,-1,0,0,0,0,0,0,0,0,0,0,0,0,0,0,0,0,
2026-04-16,08:56:52.120,7.66,,,,,,,,,,,,,,,,10,,,,,,,,,,,,,,,,0,18,-1024,0,0,1013,0,0,1,-1,0,1,-1,1,-1,-1,-1,-1,0,0,0,0,0,0,0,0,0,0,0,0,0,0,0,0,
2026-04-16,08:56:52.380,7.65,,,,,,,,,,,,,,,,10,,,,,,,,,,,,,,,,0,17,-1024,0,0,1013,0,0,1,-1,0,1,-1,1,-1,-1,-1,-1,0,0,0,0,0,0,0,0,0,0,0,0,0,0,0,0,
2026-04-16,08:56:52.640,7.65,,,,,,,,,,,,,,,,10,,,,,,,,,,,,,,,,0,17,-1024,0,0,1013,0,0,1,-1,0,1,-1,1,-1,-1,-1,-1,0,0,0,0,0,0,0,0,0,0,0,0,0,0,0,0,
2026-04-16,08:56:52.910,7.66,,,,,,,,,,,,,,,,10,,,,,,,,,,,,,,,,0,18,-1024,0,0,1013,0,0,1,-1,0,1,-1,1,-1,-1,-1,-1,0,0,0,0,0,0,0,0,0,0,0,0,0,0,0,0,
2026-04-16,08:56:53.180,7.65,,,,,,,,,,,,,,,,10,,,,,,,,,,,,,,,,0,17,-1024,0,0,1013,0,0,1,-1,0,1,-1,1,-1,-1,-1,-1,0,0,0,0,0,0,0,0,0,0,0,0,0,0,0,0,
2026-04-16,08:56:53.440,7.66,,,,,,,,,,,,,,,,10,,,,,,,,,,,,,,,,0,17,-1024,0,0,1013,0,0,1,-1,0,1,-1,1,-1,-1,-1,-1,0,0,0,0,0,0,0,0,0,0,0,0,0,0,0,0,
2026-04-16,08:56:53.700,7.66,,,,,,,,,,,,,,,,10,,,,,,,,,,,,,,,,0,17,-1024,0,0,1013,0,0,1,-1,0,1,-1,1,-1,-1,-1,-1,0,0,0,0,0,0,0,0,0,0,0,0,0,0,0,0,
2026-04-16,08:56:53.970,7.65,,,,,,,,,,,,,,,,10,,,,,,,,,,,,,,,,0,17,-1024,0,0,1013,0,0,1,-1,0,1,-1,1,-1,-1,-1,-1,0,0,0,0,0,0,0,0,0,0,0,0,0,0,0,0,
2026-04-16,08:56:54.230,7.66,,,,,,,,,,,,,,,,10,,,,,,,,,,,,,,,,0,17,-1024,0,0,1013,0,0,1,-1,0,1,-1,1,-1,-1,-1,-1,0,0,0,0,0,0,0,0,0,0,0,0,0,0,0,0,
2026-04-16,08:56:54.500,7.65,,,,,,,,,,,,,,,,10,,,,,,,,,,,,,,,,0,18,-1024,0,0,1013,0,0,1,-1,0,1,-1,1,-1,-1,-1,-1,0,0,0,0,0,0,0,0,0,0,0,0,0,0,0,0,
2026-04-16,08:56:54.760,7.66,,,,,,,,,,,,,,,,10,,,,,,,,,,,,,,,,0,17,-1024,0,0,1013,0,0,1,-1,0,1,-1,1,-1,-1,-1,-1,0,0,0,0,0,0,0,0,0,0,0,0,0,0,0,0,
2026-04-16,08:56:55.030,7.65,,,,,,,,,,,,,,,,10,,,,,,,,,,,,,,,,0,17,-1024,0,0,1012,0,0,1,-1,0,1,-1,1,-1,-1,-1,-1,0,0,0,0,0,0,0,0,0,0,0,0,0,0,0,0,
2026-04-16,08:56:55.290,7.65,,,,,,,,,,,,,,,,10,,,,,,,,,,,,,,,,0,17,-1024,0,0,1013,0,0,1,-1,0,1,-1,1,-1,-1,-1,-1,0,0,0,0,0,0,0,0,0,0,0,0,0,0,0,0,
2026-04-16,08:56:55.550,7.66,,,,,,,,,,,,,,,,10,,,,,,,,,,,,,,,,0,17,-1024,0,0,1013,0,0,1,-1,0,1,-1,1,-1,-1,-1,-1,0,0,0,0,0,0,0,0,0,0,0,0,0,0,0,0,
2026-04-16,08:56:55.810,7.65,,,,,,,,,,,,,,,,10,,,,,,,,,,,,,,,,0,17,-1024,0,0,1013,0,0,1,-1,0,1,-1,1,-1,-1,-1,-1,0,0,0,0,0,0,0,0,0,0,0,0,0,0,0,0,
2026-04-16,08:56:56.090,7.66,,,,,,,,,,,,,,,,10,,,,,,,,,,,,,,,,0,17,-1024,0,0,1013,0,0,1,-1,0,1,-1,1,-1,-1,-1,-1,0,0,0,0,0,0,0,0,0,0,0,0,0,0,0,0,
2026-04-16,08:56:56.350,7.66,,,,,,,,,,,,,,,,10,,,,,,,,,,,,,,,,0,17,-1024,0,0,1013,0,0,1,-1,0,1,-1,1,-1,-1,-1,-1,0,0,0,0,0,0,0,0,0,0,0,0,0,0,0,0,
2026-04-16,08:56:56.610,7.65,,,,,,,,,,,,,,,,10,,,,,,,,,,,,,,,,0,17,-1024,0,0,1013,0,0,1,-1,0,1,-1,1,-1,-1,-1,-1,0,0,0,0,0,0,0,0,0,0,0,0,0,0,0,0,
2026-04-16,08:56:56.880,7.66,,,,,,,,,,,,,,,,10,,,,,,,,,,,,,,,,0,17,-1024,0,0,1013,0,0,1,-1,0,1,-1,1,-1,-1,-1,-1,0,0,0,0,0,0,0,0,0,0,0,0,0,0,0,0,
2026-04-16,08:56:57.150,7.65,,,,,,,,,,,,,,,,10,,,,,,,,,,,,,,,,0,17,-1024,0,0,1013,0,0,1,-1,0,1,-1,1,-1,-1,-1,-1,0,0,0,0,0,0,0,0,0,0,0,0,0,0,0,0,
2026-04-16,08:56:57.430,7.66,,,,,,,,,,,,,,,,10,,,,,,,,,,,,,,,,0,17,-1024,0,0,1013,0,0,1,-1,0,1,-1,1,-1,-1,-1,-1,0,0,0,0,0,0,0,0,0,0,0,0,0,0,0,0,
2026-04-16,08:56:57.690,7.66,,,,,,,,,,,,,,,,10,,,,,,,,,,,,,,,,0,17,-1024,0,0,1013,0,0,1,-1,0,1,-1,1,-1,-1,-1,-1,0,0,0,0,0,0,0,0,0,0,0,0,0,0,0,0,
2026-04-16,08:56:57.960,7.66,,,,,,,,,,,,,,,,10,,,,,,,,,,,,,,,,0,17,-1024,0,0,1013,0,0,1,-1,0,1,-1,1,-1,-1,-1,-1,0,0,0,0,0,0,0,0,0,0,0,0,0,0,0,0,
2026-04-16,08:56:58.220,7.66,,,,,,,,,,,,,,,,10,,,,,,,,,,,,,,,,0,17,-1024,0,0,1013,0,0,1,-1,0,1,-1,1,-1,-1,-1,-1,0,0,0,0,0,0,0,0,0,0,0,0,0,0,0,0,
2026-04-16,08:56:58.490,7.66,,,,,,,,,,,,,,,,10,,,,,,,,,,,,,,,,0,17,-1024,0,0,1013,0,0,1,-1,0,1,-1,1,-1,-1,-1,-1,0,0,0,0,0,0,0,0,0,0,0,0,0,0,0,0,
2026-04-16,08:56:58.750,7.65,,,,,,,,,,,,,,,,10,,,,,,,,,,,,,,,,0,17,-1024,0,0,1013,0,0,1,-1,0,1,-1,1,-1,-1,-1,-1,0,0,0,0,0,0,0,0,0,0,0,0,0,0,0,0,
2026-04-16,08:56:59.020,7.66,,,,,,,,,,,,,,,,10,,,,,,,,,,,,,,,,0,17,-1024,0,0,1013,0,0,1,-1,0,1,-1,1,-1,-1,-1,-1,0,0,0,0,0,0,0,0,0,0,0,0,0,0,0,0,
2026-04-16,08:56:59.280,7.66,,,,,,,,,,,,,,,,10,,,,,,,,,,,,,,,,0,17,-1024,0,0,1013,0,0,1,-1,0,1,-1,1,-1,-1,-1,-1,0,0,0,0,0,0,0,0,0,0,0,0,0,0,0,0,
2026-04-16,08:56:59.540,7.65,,,,,,,,,,,,,,,,10,,,,,,,,,,,,,,,,0,17,-1024,0,0,1013,0,0,1,-1,0,1,-1,1,-1,-1,-1,-1,0,0,0,0,0,0,0,0,0,0,0,0,0,0,0,0,
2026-04-16,08:56:59.810,7.66,,,,,,,,,,,,,,,,10,,,,,,,,,,,,,,,,0,17,-1024,0,0,1013,0,0,1,-1,0,1,-1,1,-1,-1,-1,-1,0,0,0,0,0,0,0,0,0,0,0,0,0,0,0,0,
2026-04-16,08:57:00.080,7.66,,,,,,,,,,,,,,,,10,,,,,,,,,,,,,,,,0,17,-1024,0,0,1013,0,0,1,-1,0,1,-1,1,-1,-1,-1,-1,0,0,0,0,0,0,0,0,0,0,0,0,0,0,0,0,
2026-04-16,08:57:00.340,7.66,,,,,,,,,,,,,,,,10,,,,,,,,,,,,,,,,0,17,-1024,0,0,1013,0,0,1,-1,0,1,-1,1,-1,-1,-1,-1,0,0,0,0,0,0,0,0,0,0,0,0,0,0,0,0,
2026-04-16,08:57:00.600,7.66,,,,,,,,,,,,,,,,10,,,,,,,,,,,,,,,,0,17,-1024,0,0,1013,0,0,1,-1,0,1,-1,1,-1,-1,-1,-1,0,0,0,0,0,0,0,0,0,0,0,0,0,0,0,0,
2026-04-16,08:57:00.860,7.65,,,,,,,,,,,,,,,,10,,,,,,,,,,,,,,,,0,17,-1024,0,0,1013,0,0,1,-1,0,1,-1,1,-1,-1,-1,-1,0,0,0,0,0,0,0,0,0,0,0,0,0,0,0,0,
2026-04-16,08:57:01.130,7.66,,,,,,,,,,,,,,,,10,,,,,,,,,,,,,,,,0,16,-1024,0,0,1013,0,0,1,-1,0,1,-1,1,-1,-1,-1,-1,0,0,0,0,0,0,0,0,0,0,0,0,0,0,0,0,
2026-04-16,08:57:01.390,7.65,,,,,,,,,,,,,,,,10,,,,,,,,,,,,,,,,0,16,-1024,0,0,1013,0,0,1,-1,0,1,-1,1,-1,-1,-1,-1,0,0,0,0,0,0,0,0,0,0,0,0,0,0,0,0,
2026-04-16,08:57:01.650,7.66,,,,,,,,,,,,,,,,10,,,,,,,,,,,,,,,,0,17,-1024,0,0,1013,0,0,1,-1,0,1,-1,1,-1,-1,-1,-1,0,0,0,0,0,0,0,0,0,0,0,0,0,0,0,0,
2026-04-16,08:57:01.910,7.65,,,,,,,,,,,,,,,,10,,,,,,,,,,,,,,,,0,17,-1024,0,0,1013,0,0,1,-1,0,1,-1,1,-1,-1,-1,-1,0,0,0,0,0,0,0,0,0,0,0,0,0,0,0,0,
2026-04-16,08:57:02.180,7.65,,,,,,,,,,,,,,,,10,,,,,,,,,,,,,,,,0,17,-1024,0,0,1013,0,0,1,-1,0,1,-1,1,-1,-1,-1,-1,0,0,0,0,0,0,0,0,0,0,0,0,0,0,0,0,
2026-04-16,08:57:02.450,7.66,,,,,,,,,,,,,,,,10,,,,,,,,,,,,,,,,0,17,-1024,0,0,1012,0,0,1,-1,0,1,-1,1,-1,-1,-1,-1,0,0,0,0,0,0,0,0,0,0,0,0,0,0,0,0,
2026-04-16,08:57:02.730,7.66,,,,,,,,,,,,,,,,10,,,,,,,,,,,,,,,,0,17,-1024,0,0,1013,0,0,1,-1,0,1,-1,1,-1,-1,-1,-1,0,0,0,0,0,0,0,0,0,0,0,0,0,0,0,0,
2026-04-16,08:57:03.000,7.66,,,,,,,,,,,,,,,,10,,,,,,,,,,,,,,,,0,16,-1024,0,0,1013,0,0,1,-1,0,1,-1,1,-1,-1,-1,-1,0,0,0,0,0,0,0,0,0,0,0,0,0,0,0,0,
2026-04-16,08:57:03.260,7.66,,,,,,,,,,,,,,,,10,,,,,,,,,,,,,,,,0,16,-1024,0,0,1013,0,0,1,-1,0,1,-1,1,-1,-1,-1,-1,0,0,0,0,0,0,0,0,0,0,0,0,0,0,0,0,
2026-04-16,08:57:03.530,7.66,,,,,,,,,,,,,,,,10,,,,,,,,,,,,,,,,0,16,-1024,0,0,1013,0,0,1,-1,0,1,-1,1,-1,-1,-1,-1,0,0,0,0,0,0,0,0,0,0,0,0,0,0,0,0,
2026-04-16,08:57:03.810,7.66,,,,,,,,,,,,,,,,10,,,,,,,,,,,,,,,,0,16,-1024,0,0,1013,0,0,1,-1,0,1,-1,1,-1,-1,-1,-1,0,0,0,0,0,0,0,0,0,0,0,0,0,0,0,0,
2026-04-16,08:57:04.080,7.66,,,,,,,,,,,,,,,,10,,,,,,,,,,,,,,,,0,16,-1024,0,0,1013,0,0,1,-1,0,1,-1,1,-1,-1,-1,-1,0,0,0,0,0,0,0,0,0,0,0,0,0,0,0,0,
2026-04-16,08:57:04.350,7.65,,,,,,,,,,,,,,,,10,,,,,,,,,,,,,,,,0,16,-1024,0,0,1013,0,0,1,-1,0,1,-1,1,-1,-1,-1,-1,0,0,0,0,0,0,0,0,0,0,0,0,0,0,0,0,
2026-04-16,08:57:04.610,7.66,,,,,,,,,,,,,,,,10,,,,,,,,,,,,,,,,0,16,-1024,0,0,1013,0,0,1,-1,0,1,-1,1,-1,-1,-1,-1,0,0,0,0,0,0,0,0,0,0,0,0,0,0,0,0,
2026-04-16,08:57:04.870,7.65,,,,,,,,,,,,,,,,10,,,,,,,,,,,,,,,,0,16,-1024,0,0,1013,0,0,1,-1,0,1,-1,1,-1,-1,-1,-1,0,0,0,0,0,0,0,0,0,0,0,0,0,0,0,0,
2026-04-16,08:57:05.140,7.65,,,,,,,,,,,,,,,,10,,,,,,,,,,,,,,,,0,16,-1024,0,0,1013,0,0,1,-1,0,1,-1,1,-1,-1,-1,-1,0,0,0,0,0,0,0,0,0,0,0,0,0,0,0,0,
2026-04-16,08:57:05.400,7.66,,,,,,,,,,,,,,,,10,,,,,,,,,,,,,,,,0,16,-1024,0,0,1013,0,0,1,-1,0,1,-1,1,-1,-1,-1,-1,0,0,0,0,0,0,0,0,0,0,0,0,0,0,0,0,
2026-04-16,08:57:05.660,7.66,,,,,,,,,,,,,,,,10,,,,,,,,,,,,,,,,0,16,-1024,0,0,1013,0,0,1,-1,0,1,-1,1,-1,-1,-1,-1,0,0,0,0,0,0,0,0,0,0,0,0,0,0,0,0,
2026-04-16,08:57:05.930,7.66,,,,,,,,,,,,,,,,10,,,,,,,,,,,,,,,,0,16,-1024,0,0,1013,0,0,1,-1,0,1,-1,1,-1,-1,-1,-1,0,0,0,0,0,0,0,0,0,0,0,0,0,0,0,0,
2026-04-16,08:57:06.200,7.66,,,,,,,,,,,,,,,,10,,,,,,,,,,,,,,,,0,16,-1015,0,0,1013,0,0,1,-1,0,1,-1,1,-1,-1,-1,-1,0,0,0,0,0,0,0,0,0,0,0,0,0,0,0,0,
2026-04-16,08:57:06.460,7.65,,,,,,,,,,,,,,,,10,,,,,,,,,,,,,,,,0,16,-1014,0,0,1013,0,0,1,-1,0,1,-1,1,-1,-1,-1,-1,0,0,0,0,0,0,0,0,0,0,0,0,0,0,0,0,
2026-04-16,08:57:06.720,7.66,,,,,,,,,,,,,,,,10,,,,,,,,,,,,,,,,0,16,-1015,0,0,1013,0,0,1,-1,0,1,-1,1,-1,-1,-1,-1,0,0,0,0,0,0,0,0,0,0,0,0,0,0,0,0,
2026-04-16,08:57:06.980,7.66,,,,,,,,,,,,,,,,10,,,,,,,,,,,,,,,,0,16,-997,0,0,1013,0,0,1,-1,0,1,-1,1,-1,-1,-1,-1,0,0,0,0,0,0,0,0,0,0,0,0,0,0,0,0,
2026-04-16,08:57:07.260,7.65,,,,,,,,,,,,,,,,10,,,,,,,,,,,,,,,,0,16,-1005,0,0,1013,0,0,1,-1,0,1,-1,1,-1,-1,-1,-1,0,0,0,0,0,0,0,0,0,0,0,0,0,0,0,0,
2026-04-16,08:57:07.520,7.66,,,,,,,,,,,,,,,,10,,,,,,,,,,,,,,,,0,16,-1008,0,0,1013,0,0,1,-1,0,1,-1,1,-1,-1,-1,-1,0,0,0,0,0,0,0,0,0,0,0,0,0,0,0,0,
2026-04-16,08:57:07.780,7.65,,,,,,,,,,,,,,,,10,,,,,,,,,,,,,,,,0,16,-1007,0,0,1013,0,0,1,-1,0,1,-1,1,-1,-1,-1,-1,0,0,0,0,0,0,0,0,0,0,0,0,0,0,0,0,
2026-04-16,08:57:08.040,7.65,,,,,,,,,,,,,,,,10,,,,,,,,,,,,,,,,0,16,-1005,0,0,1013,0,0,1,-1,0,1,-1,1,-1,-1,-1,-1,0,0,0,0,0,0,0,0,0,0,0,0,0,0,0,0,
2026-04-16,08:57:08.310,7.66,,,,,,,,,,,,,,,,10,,,,,,,,,,,,,,,,0,16,-1004,0,0,1013,0,0,1,-1,0,1,-1,1,-1,-1,-1,-1,0,0,0,0,0,0,0,0,0,0,0,0,0,0,0,0,
2026-04-16,08:57:08.580,7.65,,,,,,,,,,,,,,,,10,,,,,,,,,,,,,,,,0,16,-1005,0,0,1013,0,0,1,-1,0,1,-1,1,-1,-1,-1,-1,0,0,0,0,0,0,0,0,0,0,0,0,0,0,0,0,
2026-04-16,08:57:08.860,7.65,,,,,,,,,,,,,,,,10,,,,,,,,,,,,,,,,0,16,-1003,0,0,1013,0,0,1,-1,0,1,-1,1,-1,-1,-1,-1,0,0,0,0,0,0,0,0,0,0,0,0,0,0,0,0,
2026-04-16,08:57:09.140,7.65,,,,,,,,,,,,,,,,10,,,,,,,,,,,,,,,,0,16,-991,0,0,1012,0,0,1,-1,0,1,-1,1,-1,-1,-1,-1,0,0,0,0,0,0,0,0,0,0,0,0,0,0,0,0,
2026-04-16,08:57:09.400,7.65,,,,,,,,,,,,,,,,10,,,,,,,,,,,,,,,,0,16,-997,0,0,1013,0,0,1,-1,0,1,-1,1,-1,-1,-1,-1,0,0,0,0,0,0,0,0,0,0,0,0,0,0,0,0,
2026-04-16,08:57:09.660,7.65,,,,,,,,,,,,,,,,10,,,,,,,,,,,,,,,,0,16,-1010,0,0,1013,0,0,1,-1,0,1,-1,1,-1,-1,-1,-1,0,0,0,0,0,0,0,0,0,0,0,0,0,0,0,0,
2026-04-16,08:57:09.920,7.66,,,,,,,,,,,,,,,,10,,,,,,,,,,,,,,,,0,16,-1011,0,0,1013,0,0,1,-1,0,1,-1,1,-1,-1,-1,-1,0,0,0,0,0,0,0,0,0,0,0,0,0,0,0,0,
2026-04-16,08:57:10.190,7.66,,,,,,,,,,,,,,,,10,,,,,,,,,,,,,,,,0,16,-1010,0,0,1013,0,0,1,-1,0,1,-1,1,-1,-1,-1,-1,0,0,0,0,0,0,0,0,0,0,0,0,0,0,0,0,
2026-04-16,08:57:10.450,7.65,,,,,,,,,,,,,,,,10,,,,,,,,,,,,,,,,0,16,-1006,0,0,1013,0,0,1,-1,0,1,-1,1,-1,-1,-1,-1,0,0,0,0,0,0,0,0,0,0,0,0,0,0,0,0,
2026-04-16,08:57:10.710,7.65,,,,,,,,,,,,,,,,10,,,,,,,,,,,,,,,,0,16,-1006,0,0,1013,0,0,1,-1,0,1,-1,1,-1,-1,-1,-1,0,0,0,0,0,0,0,0,0,0,0,0,0,0,0,0,
2026-04-16,08:57:10.970,7.66,,,,,,,,,,,,,,,,10,,,,,,,,,,,,,,,,0,16,-1019,0,0,1012,0,0,1,-1,0,1,-1,1,-1,-1,-1,-1,0,0,0,0,0,0,0,0,0,0,0,0,0,0,0,0,
2026-04-16,08:57:11.250,7.66,,,,,,,,,,,,,,,,10,,,,,,,,,,,,,,,,0,16,-1024,0,0,1013,0,0,1,-1,0,1,-1,1,-1,-1,-1,-1,0,0,0,0,0,0,0,0,0,0,0,0,0,0,0,0,
2026-04-16,08:57:11.510,7.65,,,,,,,,,,,,,,,,10,,,,,,,,,,,,,,,,0,16,-1024,0,0,1013,0,0,1,-1,0,1,-1,1,-1,-1,-1,-1,0,0,0,0,0,0,0,0,0,0,0,0,0,0,0,0,
2026-04-16,08:57:11.770,7.65,,,,,,,,,,,,,,,,10,,,,,,,,,,,,,,,,0,16,-1024,0,0,1013,0,0,1,-1,0,1,-1,1,-1,-1,-1,-1,0,0,0,0,0,0,0,0,0,0,0,0,0,0,0,0,
2026-04-16,08:57:12.030,7.66,,,,,,,,,,,,,,,,10,,,,,,,,,,,,,,,,0,16,-1024,0,0,1013,0,0,1,-1,0,1,-1,1,-1,-1,-1,-1,0,0,0,0,0,0,0,0,0,0,0,0,0,0,0,0,
2026-04-16,08:57:12.300,7.65,,,,,,,,,,,,,,,,10,,,,,,,,,,,,,,,,0,17,-1024,0,0,1013,0,0,1,-1,0,1,-1,1,-1,-1,-1,-1,0,0,0,0,0,0,0,0,0,0,0,0,0,0,0,0,
2026-04-16,08:57:12.560,7.66,,,,,,,,,,,,,,,,10,,,,,,,,,,,,,,,,0,16,-1024,0,0,1013,0,0,1,-1,0,1,-1,1,-1,-1,-1,-1,0,0,0,0,0,0,0,0,0,0,0,0,0,0,0,0,
2026-04-16,08:57:12.820,7.65,,,,,,,,,,,,,,,,10,,,,,,,,,,,,,,,,0,16,-1024,0,0,1013,0,0,1,-1,0,1,-1,1,-1,-1,-1,-1,0,0,0,0,0,0,0,0,0,0,0,0,0,0,0,0,
2026-04-16,08:57:13.090,7.65,,,,,,,,,,,,,,,,10,,,,,,,,,,,,,,,,0,17,-1024,0,0,1013,0,0,1,-1,0,1,-1,1,-1,-1,-1,-1,0,0,0,0,0,0,0,0,0,0,0,0,0,0,0,0,
2026-04-16,08:57:13.360,7.66,,,,,,,,,,,,,,,,10,,,,,,,,,,,,,,,,0,17,-1024,0,0,1013,0,0,1,-1,0,1,-1,1,-1,-1,-1,-1,0,0,0,0,0,0,0,0,0,0,0,0,0,0,0,0,
2026-04-16,08:57:13.620,7.66,,,,,,,,,,,,,,,,10,,,,,,,,,,,,,,,,0,17,-1024,0,0,1013,0,0,1,-1,0,1,-1,1,-1,-1,-1,-1,0,0,0,0,0,0,0,0,0,0,0,0,0,0,0,0,
2026-04-16,08:57:13.880,7.66,,,,,,,,,,,,,,,,10,,,,,,,,,,,,,,,,0,17,-1024,0,0,1013,0,0,1,-1,0,1,-1,1,-1,-1,-1,-1,0,0,0,0,0,0,0,0,0,0,0,0,0,0,0,0,
2026-04-16,08:57:14.140,7.65,,,,,,,,,,,,,,,,10,,,,,,,,,,,,,,,,0,16,-1024,0,0,1013,0,0,1,-1,0,1,-1,1,-1,-1,-1,-1,0,0,0,0,0,0,0,0,0,0,0,0,0,0,0,0,
2026-04-16,08:57:14.410,7.66,,,,,,,,,,,,,,,,10,,,,,,,,,,,,,,,,0,17,-1024,0,0,1013,0,0,1,-1,0,1,-1,1,-1,-1,-1,-1,0,0,0,0,0,0,0,0,0,0,0,0,0,0,0,0,
2026-04-16,08:57:14.670,7.65,,,,,,,,,,,,,,,,10,,,,,,,,,,,,,,,,0,16,-1024,0,0,1013,0,0,1,-1,0,1,-1,1,-1,-1,-1,-1,0,0,0,0,0,0,0,0,0,0,0,0,0,0,0,0,
2026-04-16,08:57:14.930,7.66,,,,,,,,,,,,,,,,10,,,,,,,,,,,,,,,,0,16,-1024,0,0,1013,0,0,1,-1,0,1,-1,1,-1,-1,-1,-1,0,0,0,0,0,0,0,0,0,0,0,0,0,0,0,0,
2026-04-16,08:57:15.200,7.66,,,,,,,,,,,,,,,,10,,,,,,,,,,,,,,,,0,16,-1024,0,0,1013,0,0,1,-1,0,1,-1,1,-1,-1,-1,-1,0,0,0,0,0,0,0,0,0,0,0,0,0,0,0,0,
2026-04-16,08:57:15.470,7.65,,,,,,,,,,,,,,,,10,,,,,,,,,,,,,,,,0,16,-1024,0,0,1013,0,0,1,-1,0,1,-1,1,-1,-1,-1,-1,0,0,0,0,0,0,0,0,0,0,0,0,0,0,0,0,
2026-04-16,08:57:15.730,7.66,,,,,,,,,,,,,,,,10,,,,,,,,,,,,,,,,0,17,-1024,0,0,1013,0,0,1,-1,0,1,-1,1,-1,-1,-1,-1,0,0,0,0,0,0,0,0,0,0,0,0,0,0,0,0,
2026-04-16,08:57:15.990,7.65,,,,,,,,,,,,,,,,10,,,,,,,,,,,,,,,,0,16,-1024,0,0,1013,0,0,1,-1,0,1,-1,1,-1,-1,-1,-1,0,0,0,0,0,0,0,0,0,0,0,0,0,0,0,0,
2026-04-16,08:57:16.260,7.65,,,,,,,,,,,,,,,,10,,,,,,,,,,,,,,,,0,16,-1024,0,0,1012,0,0,1,-1,0,1,-1,1,-1,-1,-1,-1,0,0,0,0,0,0,0,0,0,0,0,0,0,0,0,0,
2026-04-16,08:57:16.520,7.66,,,,,,,,,,,,,,,,10,,,,,,,,,,,,,,,,0,17,-1024,0,0,1013,0,0,1,-1,0,1,-1,1,-1,-1,-1,-1,0,0,0,0,0,0,0,0,0,0,0,0,0,0,0,0,
2026-04-16,08:57:16.780,7.65,,,,,,,,,,,,,,,,10,,,,,,,,,,,,,,,,0,17,-1024,0,0,1013,0,0,1,-1,0,1,-1,1,-1,-1,-1,-1,0,0,0,0,0,0,0,0,0,0,0,0,0,0,0,0,
2026-04-16,08:57:17.050,7.65,,,,,,,,,,,,,,,,10,,,,,,,,,,,,,,,,0,16,-1024,0,0,1013,0,0,1,-1,0,1,-1,1,-1,-1,-1,-1,0,0,0,0,0,0,0,0,0,0,0,0,0,0,0,0,
2026-04-16,08:57:17.320,7.66,,,,,,,,,,,,,,,,10,,,,,,,,,,,,,,,,0,16,-1024,0,0,1013,0,0,1,-1,0,1,-1,1,-1,-1,-1,-1,0,0,0,0,0,0,0,0,0,0,0,0,0,0,0,0,
2026-04-16,08:57:17.580,7.65,,,,,,,,,,,,,,,,10,,,,,,,,,,,,,,,,0,16,-1024,0,0,1013,0,0,1,-1,0,1,-1,1,-1,-1,-1,-1,0,0,0,0,0,0,0,0,0,0,0,0,0,0,0,0,
2026-04-16,08:57:17.840,7.66,,,,,,,,,,,,,,,,10,,,,,,,,,,,,,,,,0,17,-1024,0,0,1013,0,0,1,-1,0,1,-1,1,-1,-1,-1,-1,0,0,0,0,0,0,0,0,0,0,0,0,0,0,0,0,
2026-04-16,08:57:18.100,7.65,,,,,,,,,,,,,,,,10,,,,,,,,,,,,,,,,0,16,-1024,0,0,1013,0,0,1,-1,0,1,-1,1,-1,-1,-1,-1,0,0,0,0,0,0,0,0,0,0,0,0,0,0,0,0,
2026-04-16,08:57:18.370,7.66,,,,,,,,,,,,,,,,10,,,,,,,,,,,,,,,,0,17,-1024,0,0,1013,0,0,1,-1,0,1,-1,1,-1,-1,-1,-1,0,0,0,0,0,0,0,0,0,0,0,0,0,0,0,0,
2026-04-16,08:57:18.630,7.65,,,,,,,,,,,,,,,,10,,,,,,,,,,,,,,,,0,17,-1024,0,0,1013,0,0,1,-1,0,1,-1,1,-1,-1,-1,-1,0,0,0,0,0,0,0,0,0,0,0,0,0,0,0,0,
2026-04-16,08:57:18.890,7.66,,,,,,,,,,,,,,,,10,,,,,,,,,,,,,,,,0,16,-1024,0,0,1013,0,0,1,-1,0,1,-1,1,-1,-1,-1,-1,0,0,0,0,0,0,0,0,0,0,0,0,0,0,0,0,
2026-04-16,08:57:19.150,7.65,,,,,,,,,,,,,,,,10,,,,,,,,,,,,,,,,0,16,-1024,0,0,1013,0,0,1,-1,0,1,-1,1,-1,-1,-1,-1,0,0,0,0,0,0,0,0,0,0,0,0,0,0,0,0,
2026-04-16,08:57:19.420,7.66,,,,,,,,,,,,,,,,10,,,,,,,,,,,,,,,,0,16,-1024,0,0,1012,0,0,1,-1,0,1,-1,1,-1,-1,-1,-1,0,0,0,0,0,0,0,0,0,0,0,0,0,0,0,0,
2026-04-16,08:57:19.690,7.66,,,,,,,,,,,,,,,,10,,,,,,,,,,,,,,,,0,17,-1024,0,0,1013,0,0,1,-1,0,1,-1,1,-1,-1,-1,-1,0,0,0,0,0,0,0,0,0,0,0,0,0,0,0,0,
2026-04-16,08:57:19.970,7.65,,,,,,,,,,,,,,,,10,,,,,,,,,,,,,,,,0,16,-1024,0,0,1013,0,0,1,-1,0,1,-1,1,-1,-1,-1,-1,0,0,0,0,0,0,0,0,0,0,0,0,0,0,0,0,
2026-04-16,08:57:20.230,7.65,,,,,,,,,,,,,,,,10,,,,,,,,,,,,,,,,0,16,-1024,0,0,1013,0,0,1,-1,0,1,-1,1,-1,-1,-1,-1,0,0,0,0,0,0,0,0,0,0,0,0,0,0,0,0,
2026-04-16,08:57:20.500,7.65,,,,,,,,,,,,,,,,10,,,,,,,,,,,,,,,,0,17,-1024,0,0,1013,0,0,1,-1,0,1,-1,1,-1,-1,-1,-1,0,0,0,0,0,0,0,0,0,0,0,0,0,0,0,0,
2026-04-16,08:57:20.760,7.66,,,,,,,,,,,,,,,,10,,,,,,,,,,,,,,,,0,17,-1024,0,0,1013,0,0,1,-1,0,1,-1,1,-1,-1,-1,-1,0,0,0,0,0,0,0,0,0,0,0,0,0,0,0,0,
2026-04-16,08:57:21.030,7.66,,,,,,,,,,,,,,,,10,,,,,,,,,,,,,,,,0,17,-1024,0,0,1013,0,0,1,-1,0,1,-1,1,-1,-1,-1,-1,0,0,0,0,0,0,0,0,0,0,0,0,0,0,0,0,
2026-04-16,08:57:21.290,7.66,,,,,,,,,,,,,,,,10,,,,,,,,,,,,,,,,0,17,-1024,0,0,1012,0,0,1,-1,0,1,-1,1,-1,-1,-1,-1,0,0,0,0,0,0,0,0,0,0,0,0,0,0,0,0,
2026-04-16,08:57:21.560,7.66,,,,,,,,,,,,,,,,10,,,,,,,,,,,,,,,,0,16,-1024,0,0,1013,0,0,1,-1,0,1,-1,1,-1,-1,-1,-1,0,0,0,0,0,0,0,0,0,0,0,0,0,0,0,0,
2026-04-16,08:57:21.820,7.65,,,,,,,,,,,,,,,,10,,,,,,,,,,,,,,,,0,16,-1024,0,0,1013,0,0,1,-1,0,1,-1,1,-1,-1,-1,-1,0,0,0,0,0,0,0,0,0,0,0,0,0,0,0,0,
2026-04-16,08:57:22.090,7.66,,,,,,,,,,,,,,,,10,,,,,,,,,,,,,,,,0,16,-1024,0,0,1013,0,0,1,-1,0,1,-1,1,-1,-1,-1,-1,0,0,0,0,0,0,0,0,0,0,0,0,0,0,0,0,
2026-04-16,08:57:22.350,7.66,,,,,,,,,,,,,,,,10,,,,,,,,,,,,,,,,0,16,-1024,0,0,1013,0,0,1,-1,0,1,-1,1,-1,-1,-1,-1,0,0,0,0,0,0,0,0,0,0,0,0,0,0,0,0,
2026-04-16,08:57:22.620,7.66,,,,,,,,,,,,,,,,10,,,,,,,,,,,,,,,,0,16,-1024,0,0,1013,0,0,1,-1,0,1,-1,1,-1,-1,-1,-1,0,0,0,0,0,0,0,0,0,0,0,0,0,0,0,0,
2026-04-16,08:57:22.880,7.65,,,,,,,,,,,,,,,,10,,,,,,,,,,,,,,,,0,16,-1024,0,0,1013,0,0,1,-1,0,1,-1,1,-1,-1,-1,-1,0,0,0,0,0,0,0,0,0,0,0,0,0,0,0,0,
2026-04-16,08:57:23.150,7.66,,,,,,,,,,,,,,,,10,,,,,,,,,,,,,,,,0,16,-1024,0,0,1013,0,0,1,-1,0,1,-1,1,-1,-1,-1,-1,0,0,0,0,0,0,0,0,0,0,0,0,0,0,0,0,
2026-04-16,08:57:23.410,7.66,,,,,,,,,,,,,,,,10,,,,,,,,,,,,,,,,0,16,-1024,0,0,1013,0,0,1,-1,0,1,-1,1,-1,-1,-1,-1,0,0,0,0,0,0,0,0,0,0,0,0,0,0,0,0,
2026-04-16,08:57:23.680,7.66,,,,,,,,,,,,,,,,10,,,,,,,,,,,,,,,,0,16,-1024,0,0,1013,0,0,1,-1,0,1,-1,1,-1,-1,-1,-1,0,0,0,0,0,0,0,0,0,0,0,0,0,0,0,0,
2026-04-16,08:57:23.940,7.66,,,,,,,,,,,,,,,,10,,,,,,,,,,,,,,,,0,17,-1024,0,0,1013,0,0,1,-1,0,1,-1,1,-1,-1,-1,-1,0,0,0,0,0,0,0,0,0,0,0,0,0,0,0,0,
2026-04-16,08:57:24.200,7.66,,,,,,,,,,,,,,,,10,,,,,,,,,,,,,,,,0,17,-1024,0,0,1013,0,0,1,-1,0,1,-1,1,-1,-1,-1,-1,0,0,0,0,0,0,0,0,0,0,0,0,0,0,0,0,
2026-04-16,08:57:24.470,7.65,,,,,,,,,,,,,,,,10,,,,,,,,,,,,,,,,0,17,-1024,0,0,1013,0,0,1,-1,0,1,-1,1,-1,-1,-1,-1,0,0,0,0,0,0,0,0,0,0,0,0,0,0,0,0,
2026-04-16,08:57:24.730,7.65,,,,,,,,,,,,,,,,10,,,,,,,,,,,,,,,,-436,-448,-1024,0,0,1012,0,0,1,-1,0,1,-1,1,-1,-1,-1,-1,0,0,0,0,0,0,0,0,0,0,0,0,0,0,0,0,
2026-04-16,08:57:24.990,7.65,,,,,,,,,,,,,,,,10,,,,,,,,,,,,,,,,0,12,-1024,0,0,1013,0,0,1,-1,0,1,-1,1,-1,-1,-1,-1,0,0,0,0,0,0,0,0,0,0,0,0,0,0,0,0,
2026-04-16,08:57:25.260,7.65,,,,,,,,,,,,,,,,10,,,,,,,,,,,,,,,,0,17,-1024,0,0,1013,0,0,1,-1,0,1,-1,1,-1,-1,-1,-1,0,0,0,0,0,0,0,0,0,0,0,0,0,0,0,0,
2026-04-16,08:57:25.530,7.66,,,,,,,,,,,,,,,,10,,,,,,,,,,,,,,,,0,18,-1024,0,0,1013,0,0,1,-1,0,1,-1,1,-1,-1,-1,-1,0,0,0,0,0,0,0,0,0,0,0,0,0,0,0,0,
2026-04-16,08:57:25.820,7.66,,,,,,,,,,,,,,,,10,,,,,,,,,,,,,,,,0,18,-1024,0,0,1013,0,0,1,-1,0,1,-1,1,-1,-1,-1,-1,0,0,0,0,0,0,0,0,0,0,0,0,0,0,0,0,
2026-04-16,08:57:26.090,7.66,,,,,,,,,,,,,,,,10,,,,,,,,,,,,,,,,0,18,-1024,0,0,1012,0,0,1,-1,0,1,-1,1,-1,-1,-1,-1,0,0,0,0,0,0,0,0,0,0,0,0,0,0,0,0,
2026-04-16,08:57:26.370,7.66,,,,,,,,,,,,,,,,10,,,,,,,,,,,,,,,,0,18,-1024,0,0,1013,0,0,1,-1,0,1,-1,1,-1,-1,-1,-1,0,0,0,0,0,0,0,0,0,0,0,0,0,0,0,0,
2026-04-16,08:57:26.630,7.65,,,,,,,,,,,,,,,,10,,,,,,,,,,,,,,,,0,18,-1024,0,0,1013,0,0,1,-1,0,1,-1,1,-1,-1,-1,-1,0,0,0,0,0,0,0,0,0,0,0,0,0,0,0,0,
2026-04-16,08:57:26.910,7.65,,,,,,,,,,,,,,,,10,,,,,,,,,,,,,,,,0,18,-1024,0,0,1013,0,0,1,-1,0,1,-1,1,-1,-1,-1,-1,0,0,0,0,0,0,0,0,0,0,0,0,0,0,0,0,
2026-04-16,08:57:27.190,7.65,,,,,,,,,,,,,,,,10,,,,,,,,,,,,,,,,0,18,-1024,0,0,1013,0,0,1,-1,0,1,-1,1,-1,-1,-1,-1,0,0,0,0,0,0,0,0,0,0,0,0,0,0,0,0,
